motif_ID	motif_ALT_ID	motif_P-value	seq_ID	seq_Score	seq_Class	is_holdout?
1-CCGGTGCGCGG	STREME-1	2.3e-002	NC_003888.3_5737013_+_unassigned	13.20	tp	0
1-CCGGTGCGCGG	STREME-1	2.3e-002	NC_003888.3_6532420_+_unassigned	13.20	tp	0
1-CCGGTGCGCGG	STREME-1	2.3e-002	NC_003888.3_1969217_-_unassigned	13.20	tp	0
1-CCGGTGCGCGG	STREME-1	2.3e-002	NC_003888.3_7111477_-_unassigned	13.20	tp	0
1-CCGGTGCGCGG	STREME-1	2.3e-002	NC_003888.3_8265928_+_unassigned	13.20	tp	0
1-CCGGTGCGCGG	STREME-1	2.3e-002	NC_003888.3_2772156_+_unassigned	13.20	tp	0
1-CCGGTGCGCGG	STREME-1	2.3e-002	NC_003888.3_82886_-_AAGCCCG	13.20	fp	0
1-CCGGTGCGCGG	STREME-1	2.3e-002	NC_003888.3_1001429_-_AAGCCCG	12.18	fp	0
1-CCGGTGCGCGG	STREME-1	2.3e-002	NC_003888.3_7412022_-_unassigned	12.01	tp	0
1-CCGGTGCGCGG	STREME-1	2.3e-002	NC_003888.3_2334718_-_unassigned	12.01	tp	0
1-CCGGTGCGCGG	STREME-1	2.3e-002	NC_003888.3_7522862_+_unassigned	11.68	tp	0
1-CCGGTGCGCGG	STREME-1	2.3e-002	NC_003888.3_176789_+_unassigned	11.68	tp	0
1-CCGGTGCGCGG	STREME-1	2.3e-002	NC_003888.3_8109754_+_unassigned	11.68	tp	0
1-CCGGTGCGCGG	STREME-1	2.3e-002	NC_003888.3_4123873_-_unassigned	11.67	tp	0
1-CCGGTGCGCGG	STREME-1	2.3e-002	NC_003888.3_5380624_+_unassigned	11.51	tp	0
1-CCGGTGCGCGG	STREME-1	2.3e-002	NC_003888.3_2670552_-_unassigned	11.51	tp	0
1-CCGGTGCGCGG	STREME-1	2.3e-002	NC_003888.3_6918241_-_unassigned	11.51	tp	0
1-CCGGTGCGCGG	STREME-1	2.3e-002	NC_003888.3_1719267_-_unassigned	11.51	tp	0
1-CCGGTGCGCGG	STREME-1	2.3e-002	NC_003888.3_7627960_-_unassigned	11.41	tp	0
1-CCGGTGCGCGG	STREME-1	2.3e-002	NC_003888.3_6602418_+_unassigned	11.41	tp	0
1-CCGGTGCGCGG	STREME-1	2.3e-002	NC_003888.3_4809474_+_unassigned	11.41	tp	0
1-CCGGTGCGCGG	STREME-1	2.3e-002	NC_003888.3_7126992_-_AAGCCCG	11.41	fp	0
1-CCGGTGCGCGG	STREME-1	2.3e-002	NC_003888.3_8351444_-_unassigned	11.40	tp	0
1-CCGGTGCGCGG	STREME-1	2.3e-002	NC_003888.3_4559853_-_unassigned	11.40	tp	0
1-CCGGTGCGCGG	STREME-1	2.3e-002	NC_003888.3_2811133_-_AAGCCCG	11.40	fp	0
1-CCGGTGCGCGG	STREME-1	2.3e-002	NC_003888.3_2811132_-_AAGCCCG	11.40	fp	0
1-CCGGTGCGCGG	STREME-1	2.3e-002	NC_003888.3_3310375_-_unassigned	11.40	tp	1
1-CCGGTGCGCGG	STREME-1	2.3e-002	NC_003888.3_106467_+_unassigned	11.39	tp	0
1-CCGGTGCGCGG	STREME-1	2.3e-002	NC_003888.3_2475848_+_unassigned	11.39	tp	0
1-CCGGTGCGCGG	STREME-1	2.3e-002	NC_003888.3_7211970_+_unassigned	11.35	tp	0
1-CCGGTGCGCGG	STREME-1	2.3e-002	NC_003888.3_4423519_+_unassigned	11.35	tp	0
1-CCGGTGCGCGG	STREME-1	2.3e-002	NC_003888.3_7551369_+_unassigned	11.17	tp	0
1-CCGGTGCGCGG	STREME-1	2.3e-002	NC_003888.3_8168141_-_unassigned	11.05	tp	0
1-CCGGTGCGCGG	STREME-1	2.3e-002	NC_003888.3_7914177_-_unassigned	11.05	tp	0
1-CCGGTGCGCGG	STREME-1	2.3e-002	NC_003888.3_7008122_-_unassigned	10.99	tp	0
1-CCGGTGCGCGG	STREME-1	2.3e-002	NC_003888.3_2051523_-_unassigned	10.99	tp	0
1-CCGGTGCGCGG	STREME-1	2.3e-002	NC_003888.3_4403338_-_unassigned	10.99	tp	0
1-CCGGTGCGCGG	STREME-1	2.3e-002	NC_003888.3_6094983_+_unassigned	10.94	tp	0
1-CCGGTGCGCGG	STREME-1	2.3e-002	NC_003888.3_1426870_-_unassigned	10.90	tp	0
1-CCGGTGCGCGG	STREME-1	2.3e-002	NC_003888.3_4127605_-_unassigned	10.90	tp	1
1-CCGGTGCGCGG	STREME-1	2.3e-002	NC_003888.3_5193594_-_unassigned	10.66	tp	0
1-CCGGTGCGCGG	STREME-1	2.3e-002	NC_003888.3_3558881_+_unassigned	10.64	tp	0
1-CCGGTGCGCGG	STREME-1	2.3e-002	NC_003888.3_8209766_+_unassigned	10.51	tp	0
1-CCGGTGCGCGG	STREME-1	2.3e-002	NC_003888.3_10764_+_unassigned	10.51	tp	0
1-CCGGTGCGCGG	STREME-1	2.3e-002	NC_003888.3_4275936_-_unassigned	10.46	tp	0
1-CCGGTGCGCGG	STREME-1	2.3e-002	NC_003888.3_7926613_+_unassigned	10.46	tp	0
1-CCGGTGCGCGG	STREME-1	2.3e-002	NC_003888.3_4275929_-_unassigned	10.46	tp	0
1-CCGGTGCGCGG	STREME-1	2.3e-002	NC_003888.3_7388405_+_unassigned	10.46	tp	0
1-CCGGTGCGCGG	STREME-1	2.3e-002	NC_003888.3_7553533_+_unassigned	10.46	tp	0
1-CCGGTGCGCGG	STREME-1	2.3e-002	NC_003888.3_621343_-_unassigned	10.46	tp	0
1-CCGGTGCGCGG	STREME-1	2.3e-002	NC_003888.3_8033111_+_unassigned	10.46	tp	0
1-CCGGTGCGCGG	STREME-1	2.3e-002	NC_003888.3_6938981_+_unassigned	10.46	tp	0
1-CCGGTGCGCGG	STREME-1	2.3e-002	NC_003888.3_1571928_+_unassigned	10.41	tp	0
1-CCGGTGCGCGG	STREME-1	2.3e-002	NC_003888.3_2369677_-_unassigned	10.41	tp	0
1-CCGGTGCGCGG	STREME-1	2.3e-002	NC_003888.3_5547372_+_unassigned	10.37	tp	0
1-CCGGTGCGCGG	STREME-1	2.3e-002	NC_003888.3_7246146_-_unassigned	10.37	tp	0
1-CCGGTGCGCGG	STREME-1	2.3e-002	NC_003888.3_7246203_+_unassigned	10.37	tp	0
1-CCGGTGCGCGG	STREME-1	2.3e-002	NC_003888.3_2831607_-_unassigned	10.37	tp	0
1-CCGGTGCGCGG	STREME-1	2.3e-002	NC_003888.3_4107264_+_unassigned	10.26	tp	0
1-CCGGTGCGCGG	STREME-1	2.3e-002	NC_003888.3_2393892_-_unassigned	10.26	tp	0
1-CCGGTGCGCGG	STREME-1	2.3e-002	NC_003888.3_6172438_-_AAGCCCG	10.24	fp	1
1-CCGGTGCGCGG	STREME-1	2.3e-002	NC_003888.3_8478670_+_unassigned	10.23	tp	0
1-CCGGTGCGCGG	STREME-1	2.3e-002	NC_003888.3_1791255_-_unassigned	10.21	tp	0
1-CCGGTGCGCGG	STREME-1	2.3e-002	NC_003888.3_7532148_+_unassigned	10.16	tp	0
1-CCGGTGCGCGG	STREME-1	2.3e-002	NC_003888.3_3512278_-_unassigned	10.16	tp	0
1-CCGGTGCGCGG	STREME-1	2.3e-002	NC_003888.3_3883791_+_unassigned	10.15	tp	0
1-CCGGTGCGCGG	STREME-1	2.3e-002	NC_003888.3_4699198_-_unassigned	10.09	tp	0
1-CCGGTGCGCGG	STREME-1	2.3e-002	NC_003888.3_7409779_+_unassigned	10.09	tp	0
1-CCGGTGCGCGG	STREME-1	2.3e-002	NC_003888.3_8297676_-_unassigned	10.09	tp	0
1-CCGGTGCGCGG	STREME-1	2.3e-002	NC_003888.3_6552712_+_unassigned	9.99	tp	0
1-CCGGTGCGCGG	STREME-1	2.3e-002	NC_003888.3_1991764_+_unassigned	9.99	tp	0
1-CCGGTGCGCGG	STREME-1	2.3e-002	NC_003888.3_1722280_-_unassigned	9.97	tp	0
1-CCGGTGCGCGG	STREME-1	2.3e-002	NC_003888.3_4654413_-_unassigned	9.97	tp	0
1-CCGGTGCGCGG	STREME-1	2.3e-002	NC_003888.3_4559683_-_unassigned	9.97	tp	0
1-CCGGTGCGCGG	STREME-1	2.3e-002	NC_003888.3_4914719_+_unassigned	9.93	tp	0
1-CCGGTGCGCGG	STREME-1	2.3e-002	NC_003888.3_4559424_-_unassigned	9.93	tp	0
1-CCGGTGCGCGG	STREME-1	2.3e-002	NC_003888.3_1660178_-_unassigned	9.90	tp	0
1-CCGGTGCGCGG	STREME-1	2.3e-002	NC_003888.3_875425_+_unassigned	9.90	tp	0
1-CCGGTGCGCGG	STREME-1	2.3e-002	NC_003888.3_5250593_-_unassigned	9.90	tp	0
1-CCGGTGCGCGG	STREME-1	2.3e-002	NC_003888.3_720913_+_unassigned	9.90	tp	0
1-CCGGTGCGCGG	STREME-1	2.3e-002	NC_003888.3_2433109_+_unassigned	9.90	tp	0
1-CCGGTGCGCGG	STREME-1	2.3e-002	NC_003888.3_8110105_-_unassigned	9.88	tp	0
1-CCGGTGCGCGG	STREME-1	2.3e-002	NC_003888.3_3195432_-_unassigned	9.87	tp	0
1-CCGGTGCGCGG	STREME-1	2.3e-002	NC_003888.3_4033027_-_unassigned	9.87	tp	0
1-CCGGTGCGCGG	STREME-1	2.3e-002	NC_003888.3_1983094_-_unassigned	9.86	tp	0
1-CCGGTGCGCGG	STREME-1	2.3e-002	NC_003888.3_3962152_-_unassigned	9.86	tp	0
1-CCGGTGCGCGG	STREME-1	2.3e-002	NC_003888.3_1252627_+_unassigned	9.85	tp	0
1-CCGGTGCGCGG	STREME-1	2.3e-002	NC_003888.3_2582908_-_unassigned	9.85	tp	0
1-CCGGTGCGCGG	STREME-1	2.3e-002	NC_003888.3_3421908_+_unassigned	9.85	tp	0
1-CCGGTGCGCGG	STREME-1	2.3e-002	NC_003888.3_1249043_+_unassigned	9.84	tp	0
1-CCGGTGCGCGG	STREME-1	2.3e-002	NC_003888.3_4543151_-_unassigned	9.84	tp	0
1-CCGGTGCGCGG	STREME-1	2.3e-002	NC_003888.3_4543152_-_unassigned	9.84	tp	0
1-CCGGTGCGCGG	STREME-1	2.3e-002	NC_003888.3_4002031_+_unassigned	9.82	tp	0
1-CCGGTGCGCGG	STREME-1	2.3e-002	NC_003888.3_7870267_+_unassigned	9.78	tp	0
1-CCGGTGCGCGG	STREME-1	2.3e-002	NC_003888.3_1622921_+_unassigned	9.78	tp	0
1-CCGGTGCGCGG	STREME-1	2.3e-002	NC_003888.3_2845861_-_unassigned	9.78	tp	0
1-CCGGTGCGCGG	STREME-1	2.3e-002	NC_003888.3_1831095_+_unassigned	9.78	tp	0
1-CCGGTGCGCGG	STREME-1	2.3e-002	NC_003888.3_4655990_-_AAGCCCG	9.78	fp	0
1-CCGGTGCGCGG	STREME-1	2.3e-002	NC_003888.3_2288886_-_unassigned	9.75	tp	0
1-CCGGTGCGCGG	STREME-1	2.3e-002	NC_003888.3_7903907_-_unassigned	9.75	tp	0
1-CCGGTGCGCGG	STREME-1	2.3e-002	NC_003888.3_1875533_+_unassigned	9.75	tp	0
1-CCGGTGCGCGG	STREME-1	2.3e-002	NC_003888.3_6797460_+_unassigned	9.75	tp	0
1-CCGGTGCGCGG	STREME-1	2.3e-002	NC_003888.3_583494_+_unassigned	9.75	tp	0
1-CCGGTGCGCGG	STREME-1	2.3e-002	NC_003888.3_5872839_-_unassigned	9.75	tp	0
1-CCGGTGCGCGG	STREME-1	2.3e-002	NC_003888.3_5652736_-_AAGCCCG	9.75	fp	0
1-CCGGTGCGCGG	STREME-1	2.3e-002	NC_003888.3_2812033_-_AAGCCCG	9.75	fp	0
1-CCGGTGCGCGG	STREME-1	2.3e-002	NC_003888.3_5467255_-_unassigned	9.74	tp	0
1-CCGGTGCGCGG	STREME-1	2.3e-002	NC_003888.3_116802_-_unassigned	9.74	tp	0
1-CCGGTGCGCGG	STREME-1	2.3e-002	NC_003888.3_7188937_+_unassigned	9.74	tp	1
1-CCGGTGCGCGG	STREME-1	2.3e-002	NC_003888.3_4805516_+_unassigned	9.71	tp	0
1-CCGGTGCGCGG	STREME-1	2.3e-002	NC_003888.3_1304284_-_unassigned	9.62	tp	0
1-CCGGTGCGCGG	STREME-1	2.3e-002	NC_003888.3_3011319_-_unassigned	9.61	tp	0
1-CCGGTGCGCGG	STREME-1	2.3e-002	NC_003888.3_5060014_+_unassigned	9.60	tp	0
1-CCGGTGCGCGG	STREME-1	2.3e-002	NC_003888.3_5721467_-_unassigned	9.60	tp	0
1-CCGGTGCGCGG	STREME-1	2.3e-002	NC_003888.3_3008931_-_unassigned	9.59	tp	0
1-CCGGTGCGCGG	STREME-1	2.3e-002	NC_003888.3_355626_+_unassigned	9.58	tp	0
1-CCGGTGCGCGG	STREME-1	2.3e-002	NC_003888.3_3254760_-_unassigned	9.58	tp	0
1-CCGGTGCGCGG	STREME-1	2.3e-002	NC_003888.3_5520178_+_unassigned	9.58	tp	0
1-CCGGTGCGCGG	STREME-1	2.3e-002	NC_003888.3_2558083_+_unassigned	9.58	tp	0
1-CCGGTGCGCGG	STREME-1	2.3e-002	NC_003888.3_96883_+_unassigned	9.58	tp	0
1-CCGGTGCGCGG	STREME-1	2.3e-002	NC_003888.3_2963085_-_unassigned	9.58	tp	0
1-CCGGTGCGCGG	STREME-1	2.3e-002	NC_003888.3_3987460_+_unassigned	9.58	tp	0
1-CCGGTGCGCGG	STREME-1	2.3e-002	NC_003888.3_1078772_-_unassigned	9.58	tp	0
1-CCGGTGCGCGG	STREME-1	2.3e-002	NC_003888.3_5948846_+_unassigned	9.58	tp	0
1-CCGGTGCGCGG	STREME-1	2.3e-002	NC_003888.3_4795211_+_unassigned	9.58	tp	0
1-CCGGTGCGCGG	STREME-1	2.3e-002	NC_003888.3_8348625_-_unassigned	9.58	tp	0
1-CCGGTGCGCGG	STREME-1	2.3e-002	NC_003888.3_4737057_+_unassigned	9.58	tp	0
1-CCGGTGCGCGG	STREME-1	2.3e-002	NC_003888.3_6668896_+_unassigned	9.58	tp	1
1-CCGGTGCGCGG	STREME-1	2.3e-002	NC_003888.3_1996340_+_unassigned	9.54	tp	0
1-CCGGTGCGCGG	STREME-1	2.3e-002	NC_003888.3_769641_+_unassigned	9.54	tp	0
1-CCGGTGCGCGG	STREME-1	2.3e-002	NC_003888.3_6179915_-_unassigned	9.54	tp	0
1-CCGGTGCGCGG	STREME-1	2.3e-002	NC_003888.3_5216904_-_unassigned	9.52	tp	0
1-CCGGTGCGCGG	STREME-1	2.3e-002	NC_003888.3_6513968_-_unassigned	9.49	tp	0
1-CCGGTGCGCGG	STREME-1	2.3e-002	NC_003888.3_1392668_+_unassigned	9.44	tp	0
1-CCGGTGCGCGG	STREME-1	2.3e-002	NC_003888.3_1392669_+_unassigned	9.44	tp	0
1-CCGGTGCGCGG	STREME-1	2.3e-002	NC_003888.3_3630852_+_unassigned	9.44	tp	0
1-CCGGTGCGCGG	STREME-1	2.3e-002	NC_003888.3_5270818_+_unassigned	9.44	tp	0
1-CCGGTGCGCGG	STREME-1	2.3e-002	NC_003888.3_6713719_+_unassigned	9.41	tp	0
1-CCGGTGCGCGG	STREME-1	2.3e-002	NC_003888.3_6224961_+_unassigned	9.41	tp	0
1-CCGGTGCGCGG	STREME-1	2.3e-002	NC_003888.3_1155718_+_unassigned	9.37	tp	0
1-CCGGTGCGCGG	STREME-1	2.3e-002	NC_003888.3_8037266_+_unassigned	9.36	tp	0
1-CCGGTGCGCGG	STREME-1	2.3e-002	NC_003888.3_951396_-_unassigned	9.36	tp	0
1-CCGGTGCGCGG	STREME-1	2.3e-002	NC_003888.3_7459504_+_unassigned	9.36	tp	0
1-CCGGTGCGCGG	STREME-1	2.3e-002	NC_003888.3_4793953_+_unassigned	9.35	tp	0
1-CCGGTGCGCGG	STREME-1	2.3e-002	NC_003888.3_835882_-_unassigned	9.35	tp	0
1-CCGGTGCGCGG	STREME-1	2.3e-002	NC_003888.3_4425550_+_unassigned	9.35	tp	0
1-CCGGTGCGCGG	STREME-1	2.3e-002	NC_003888.3_771232_-_unassigned	9.35	tp	1
1-CCGGTGCGCGG	STREME-1	2.3e-002	NC_003888.3_8383120_-_unassigned	9.32	tp	0
1-CCGGTGCGCGG	STREME-1	2.3e-002	NC_003888.3_5227475_+_unassigned	9.32	tp	1
1-CCGGTGCGCGG	STREME-1	2.3e-002	NC_003888.3_6297352_+_unassigned	9.32	tp	1
1-CCGGTGCGCGG	STREME-1	2.3e-002	NC_003888.3_7281425_+_unassigned	9.32	tp	1
1-CCGGTGCGCGG	STREME-1	2.3e-002	NC_003888.3_5422997_-_unassigned	9.31	tp	0
1-CCGGTGCGCGG	STREME-1	2.3e-002	NC_003888.3_8174301_+_unassigned	9.29	tp	0
1-CCGGTGCGCGG	STREME-1	2.3e-002	NC_003888.3_1025655_+_AAGCCCG	9.29	fp	0
1-CCGGTGCGCGG	STREME-1	2.3e-002	NC_003888.3_7107912_+_unassigned	9.29	tp	1
1-CCGGTGCGCGG	STREME-1	2.3e-002	NC_003888.3_127250_-_AAGCCCG	9.25	fp	1
1-CCGGTGCGCGG	STREME-1	2.3e-002	NC_003888.3_5293295_-_unassigned	9.25	tp	0
1-CCGGTGCGCGG	STREME-1	2.3e-002	NC_003888.3_5002894_-_unassigned	9.25	tp	0
1-CCGGTGCGCGG	STREME-1	2.3e-002	NC_003888.3_5355946_-_unassigned	9.24	tp	0
1-CCGGTGCGCGG	STREME-1	2.3e-002	NC_003888.3_3057124_-_unassigned	9.24	tp	0
1-CCGGTGCGCGG	STREME-1	2.3e-002	NC_003888.3_6897752_-_unassigned	9.24	tp	0
1-CCGGTGCGCGG	STREME-1	2.3e-002	NC_003888.3_5294084_+_unassigned	9.23	tp	0
1-CCGGTGCGCGG	STREME-1	2.3e-002	NC_003888.3_5247529_-_unassigned	9.23	tp	0
1-CCGGTGCGCGG	STREME-1	2.3e-002	NC_003888.3_3174104_+_unassigned	9.19	tp	0
1-CCGGTGCGCGG	STREME-1	2.3e-002	NC_003888.3_3174068_+_unassigned	9.19	tp	0
1-CCGGTGCGCGG	STREME-1	2.3e-002	NC_003888.3_7624784_-_unassigned	9.19	tp	0
1-CCGGTGCGCGG	STREME-1	2.3e-002	NC_003888.3_3174063_-_unassigned	9.19	tp	0
1-CCGGTGCGCGG	STREME-1	2.3e-002	NC_003888.3_258445_-_unassigned	9.19	tp	1
1-CCGGTGCGCGG	STREME-1	2.3e-002	NC_003888.3_8078178_+_unassigned	9.19	tp	1
1-CCGGTGCGCGG	STREME-1	2.3e-002	NC_003888.3_5731645_-_unassigned	9.19	tp	0
1-CCGGTGCGCGG	STREME-1	2.3e-002	NC_003888.3_8556871_+_unassigned	9.12	tp	0
1-CCGGTGCGCGG	STREME-1	2.3e-002	NC_003888.3_3716301_-_unassigned	9.12	tp	0
1-CCGGTGCGCGG	STREME-1	2.3e-002	NC_003888.3_5952699_+_unassigned	9.12	tp	0
1-CCGGTGCGCGG	STREME-1	2.3e-002	NC_003888.3_7627570_+_unassigned	9.12	tp	0
1-CCGGTGCGCGG	STREME-1	2.3e-002	NC_003888.3_424404_+_unassigned	9.12	tp	0
1-CCGGTGCGCGG	STREME-1	2.3e-002	NC_003888.3_1722329_+_unassigned	9.12	tp	0
1-CCGGTGCGCGG	STREME-1	2.3e-002	NC_003888.3_4612189_+_unassigned	9.11	tp	0
1-CCGGTGCGCGG	STREME-1	2.3e-002	NC_003888.3_8658796_-_unassigned	9.11	tp	0
1-CCGGTGCGCGG	STREME-1	2.3e-002	NC_003888.3_3253767_-_unassigned	9.11	tp	0
1-CCGGTGCGCGG	STREME-1	2.3e-002	NC_003888.3_8710_+_unassigned	9.11	tp	1
1-CCGGTGCGCGG	STREME-1	2.3e-002	NC_003888.3_1318997_-_unassigned	9.09	tp	0
1-CCGGTGCGCGG	STREME-1	2.3e-002	NC_003888.3_5010999_-_unassigned	9.09	tp	0
1-CCGGTGCGCGG	STREME-1	2.3e-002	NC_003888.3_515717_-_unassigned	9.09	tp	0
1-CCGGTGCGCGG	STREME-1	2.3e-002	NC_003888.3_1355973_-_unassigned	9.09	tp	0
1-CCGGTGCGCGG	STREME-1	2.3e-002	NC_003888.3_2845898_-_unassigned	9.09	tp	0
1-CCGGTGCGCGG	STREME-1	2.3e-002	NC_003888.3_6049103_+_unassigned	9.09	tp	1
1-CCGGTGCGCGG	STREME-1	2.3e-002	NC_003888.3_6723064_-_unassigned	9.08	tp	0
1-CCGGTGCGCGG	STREME-1	2.3e-002	NC_003888.3_5175831_-_unassigned	9.07	tp	0
1-CCGGTGCGCGG	STREME-1	2.3e-002	NC_003888.3_528980_+_unassigned	9.00	tp	0
1-CCGGTGCGCGG	STREME-1	2.3e-002	NC_003888.3_1695263_-_unassigned	9.00	tp	0
1-CCGGTGCGCGG	STREME-1	2.3e-002	NC_003888.3_6637818_-_unassigned	9.00	tp	0
1-CCGGTGCGCGG	STREME-1	2.3e-002	NC_003888.3_1716187_-_unassigned	9.00	tp	0
1-CCGGTGCGCGG	STREME-1	2.3e-002	NC_003888.3_528960_+_unassigned	9.00	tp	0
1-CCGGTGCGCGG	STREME-1	2.3e-002	NC_003888.3_900954_-_unassigned	9.00	tp	0
1-CCGGTGCGCGG	STREME-1	2.3e-002	NC_003888.3_900953_-_unassigned	9.00	tp	0
1-CCGGTGCGCGG	STREME-1	2.3e-002	NC_003888.3_7526053_+_unassigned	9.00	tp	0
1-CCGGTGCGCGG	STREME-1	2.3e-002	NC_003888.3_4659418_-_unassigned	8.99	tp	0
1-CCGGTGCGCGG	STREME-1	2.3e-002	NC_003888.3_7859492_+_unassigned	8.97	tp	0
1-CCGGTGCGCGG	STREME-1	2.3e-002	NC_003888.3_5488781_+_unassigned	8.95	tp	0
1-CCGGTGCGCGG	STREME-1	2.3e-002	NC_003888.3_1817272_-_unassigned	8.95	tp	0
1-CCGGTGCGCGG	STREME-1	2.3e-002	NC_003888.3_8466724_+_unassigned	8.95	tp	0
1-CCGGTGCGCGG	STREME-1	2.3e-002	NC_003888.3_7810834_-_unassigned	8.95	tp	0
1-CCGGTGCGCGG	STREME-1	2.3e-002	NC_003888.3_1724359_-_unassigned	8.95	tp	0
1-CCGGTGCGCGG	STREME-1	2.3e-002	NC_003888.3_991133_+_unassigned	8.95	tp	0
1-CCGGTGCGCGG	STREME-1	2.3e-002	NC_003888.3_2477750_-_unassigned	8.94	tp	0
1-CCGGTGCGCGG	STREME-1	2.3e-002	NC_003888.3_2477769_-_unassigned	8.94	tp	0
1-CCGGTGCGCGG	STREME-1	2.3e-002	NC_003888.3_1595398_-_unassigned	8.94	tp	0
1-CCGGTGCGCGG	STREME-1	2.3e-002	NC_003888.3_3268262_+_unassigned	8.91	tp	0
1-CCGGTGCGCGG	STREME-1	2.3e-002	NC_003888.3_2854039_-_unassigned	8.91	tp	1
1-CCGGTGCGCGG	STREME-1	2.3e-002	NC_003888.3_4008838_-_unassigned	8.89	tp	0
1-CCGGTGCGCGG	STREME-1	2.3e-002	NC_003888.3_116615_-_unassigned	8.89	tp	0
1-CCGGTGCGCGG	STREME-1	2.3e-002	NC_003888.3_4008828_-_unassigned	8.89	tp	0
1-CCGGTGCGCGG	STREME-1	2.3e-002	NC_003888.3_2915793_+_unassigned	8.89	tp	1
1-CCGGTGCGCGG	STREME-1	2.3e-002	NC_003888.3_320225_-_unassigned	8.89	tp	0
1-CCGGTGCGCGG	STREME-1	2.3e-002	NC_003888.3_1724206_-_AAGCCCG	8.88	fp	0
1-CCGGTGCGCGG	STREME-1	2.3e-002	NC_003888.3_2307058_-_unassigned	8.88	tp	0
1-CCGGTGCGCGG	STREME-1	2.3e-002	NC_003888.3_2428871_-_unassigned	8.88	tp	0
1-CCGGTGCGCGG	STREME-1	2.3e-002	NC_003888.3_1344777_-_unassigned	8.88	tp	0
1-CCGGTGCGCGG	STREME-1	2.3e-002	NC_003888.3_1344774_-_unassigned	8.88	tp	0
1-CCGGTGCGCGG	STREME-1	2.3e-002	NC_003888.3_3246648_+_unassigned	8.88	tp	0
1-CCGGTGCGCGG	STREME-1	2.3e-002	NC_003888.3_4015682_+_unassigned	8.88	tp	0
1-CCGGTGCGCGG	STREME-1	2.3e-002	NC_003888.3_7116887_+_unassigned	8.88	tp	1
1-CCGGTGCGCGG	STREME-1	2.3e-002	NC_003888.3_3764005_-_unassigned	8.85	tp	0
1-CCGGTGCGCGG	STREME-1	2.3e-002	NC_003888.3_7163570_+_unassigned	8.85	tp	0
1-CCGGTGCGCGG	STREME-1	2.3e-002	NC_003888.3_5350896_+_unassigned	8.85	tp	0
1-CCGGTGCGCGG	STREME-1	2.3e-002	NC_003888.3_4439044_-_unassigned	8.85	tp	1
1-CCGGTGCGCGG	STREME-1	2.3e-002	NC_003888.3_3392051_+_unassigned	8.84	tp	0
1-CCGGTGCGCGG	STREME-1	2.3e-002	NC_003888.3_1208792_+_unassigned	8.83	tp	0
1-CCGGTGCGCGG	STREME-1	2.3e-002	NC_003888.3_7383779_+_unassigned	8.82	tp	0
1-CCGGTGCGCGG	STREME-1	2.3e-002	NC_003888.3_4679306_+_unassigned	8.82	tp	0
1-CCGGTGCGCGG	STREME-1	2.3e-002	NC_003888.3_3031834_+_unassigned	8.82	tp	1
1-CCGGTGCGCGG	STREME-1	2.3e-002	NC_003888.3_7804288_-_unassigned	8.81	tp	0
1-CCGGTGCGCGG	STREME-1	2.3e-002	NC_003888.3_7763820_+_unassigned	8.81	tp	0
1-CCGGTGCGCGG	STREME-1	2.3e-002	NC_003888.3_306824_-_unassigned	8.81	tp	0
1-CCGGTGCGCGG	STREME-1	2.3e-002	NC_003888.3_2854016_-_unassigned	8.81	tp	0
1-CCGGTGCGCGG	STREME-1	2.3e-002	NC_003888.3_5513858_+_unassigned	8.81	tp	1
1-CCGGTGCGCGG	STREME-1	2.3e-002	NC_003888.3_840472_-_unassigned	8.80	tp	0
1-CCGGTGCGCGG	STREME-1	2.3e-002	NC_003888.3_6340630_+_unassigned	8.80	tp	0
1-CCGGTGCGCGG	STREME-1	2.3e-002	NC_003888.3_649992_-_unassigned	8.80	tp	0
1-CCGGTGCGCGG	STREME-1	2.3e-002	NC_003888.3_1476418_-_unassigned	8.79	tp	0
1-CCGGTGCGCGG	STREME-1	2.3e-002	NC_003888.3_592540_-_unassigned	8.79	tp	0
1-CCGGTGCGCGG	STREME-1	2.3e-002	NC_003888.3_6759018_-_unassigned	8.79	tp	0
1-CCGGTGCGCGG	STREME-1	2.3e-002	NC_003888.3_6418633_+_unassigned	8.79	tp	0
1-CCGGTGCGCGG	STREME-1	2.3e-002	NC_003888.3_1606097_+_unassigned	8.77	tp	0
1-CCGGTGCGCGG	STREME-1	2.3e-002	NC_003888.3_2343992_-_unassigned	8.76	tp	0
1-CCGGTGCGCGG	STREME-1	2.3e-002	NC_003888.3_3499839_-_unassigned	8.72	tp	0
1-CCGGTGCGCGG	STREME-1	2.3e-002	NC_003888.3_4648089_-_unassigned	8.72	tp	0
1-CCGGTGCGCGG	STREME-1	2.3e-002	NC_003888.3_5628148_+_unassigned	8.71	tp	0
1-CCGGTGCGCGG	STREME-1	2.3e-002	NC_003888.3_1878760_-_unassigned	8.70	tp	0
1-CCGGTGCGCGG	STREME-1	2.3e-002	NC_003888.3_5849634_-_unassigned	8.70	tp	0
1-CCGGTGCGCGG	STREME-1	2.3e-002	NC_003888.3_1460289_-_unassigned	8.66	tp	0
1-CCGGTGCGCGG	STREME-1	2.3e-002	NC_003888.3_3416100_+_unassigned	8.65	tp	0
1-CCGGTGCGCGG	STREME-1	2.3e-002	NC_003888.3_1108562_-_unassigned	8.65	tp	0
1-CCGGTGCGCGG	STREME-1	2.3e-002	NC_003888.3_8489129_-_unassigned	8.64	tp	0
1-CCGGTGCGCGG	STREME-1	2.3e-002	NC_003888.3_2103652_+_unassigned	8.64	tp	0
1-CCGGTGCGCGG	STREME-1	2.3e-002	NC_003888.3_1040611_+_unassigned	8.64	tp	0
1-CCGGTGCGCGG	STREME-1	2.3e-002	NC_003888.3_7581016_-_unassigned	8.64	tp	0
1-CCGGTGCGCGG	STREME-1	2.3e-002	NC_003888.3_6030437_+_unassigned	8.63	tp	0
1-CCGGTGCGCGG	STREME-1	2.3e-002	NC_003888.3_408882_-_unassigned	8.63	tp	0
1-CCGGTGCGCGG	STREME-1	2.3e-002	NC_003888.3_4263175_-_AAGCCCG	8.63	fp	0
1-CCGGTGCGCGG	STREME-1	2.3e-002	NC_003888.3_1146011_-_unassigned	8.62	tp	1
1-CCGGTGCGCGG	STREME-1	2.3e-002	NC_003888.3_1596444_-_unassigned	8.60	tp	1
1-CCGGTGCGCGG	STREME-1	2.3e-002	NC_003888.3_4638912_-_unassigned	8.59	tp	0
1-CCGGTGCGCGG	STREME-1	2.3e-002	NC_003888.3_7240713_+_unassigned	8.59	tp	0
1-CCGGTGCGCGG	STREME-1	2.3e-002	NC_003888.3_6941576_+_AAGCCCG	8.59	fp	1
1-CCGGTGCGCGG	STREME-1	2.3e-002	NC_003888.3_2262284_-_AAGCCCG	8.59	fp	0
1-CCGGTGCGCGG	STREME-1	2.3e-002	NC_003888.3_1162223_-_unassigned	8.56	tp	0
1-CCGGTGCGCGG	STREME-1	2.3e-002	NC_003888.3_2552392_+_unassigned	8.56	tp	0
1-CCGGTGCGCGG	STREME-1	2.3e-002	NC_003888.3_3250032_+_unassigned	8.55	tp	1
1-CCGGTGCGCGG	STREME-1	2.3e-002	NC_003888.3_3035723_+_unassigned	8.54	tp	0
1-CCGGTGCGCGG	STREME-1	2.3e-002	NC_003888.3_6370293_+_unassigned	8.54	tp	0
1-CCGGTGCGCGG	STREME-1	2.3e-002	NC_003888.3_6654053_-_unassigned	8.54	tp	1
1-CCGGTGCGCGG	STREME-1	2.3e-002	NC_003888.3_5336738_+_unassigned	8.53	tp	0
1-CCGGTGCGCGG	STREME-1	2.3e-002	NC_003888.3_3545579_-_unassigned	8.53	tp	0
1-CCGGTGCGCGG	STREME-1	2.3e-002	NC_003888.3_3545591_-_unassigned	8.53	tp	0
1-CCGGTGCGCGG	STREME-1	2.3e-002	NC_003888.3_3383758_+_unassigned	8.53	tp	0
1-CCGGTGCGCGG	STREME-1	2.3e-002	NC_003888.3_6789358_+_unassigned	8.51	tp	0
1-CCGGTGCGCGG	STREME-1	2.3e-002	NC_003888.3_4134222_+_unassigned	8.51	tp	0
1-CCGGTGCGCGG	STREME-1	2.3e-002	NC_003888.3_5334600_+_unassigned	8.47	tp	0
1-CCGGTGCGCGG	STREME-1	2.3e-002	NC_003888.3_718697_+_unassigned	8.47	tp	0
1-CCGGTGCGCGG	STREME-1	2.3e-002	NC_003888.3_1353063_+_unassigned	8.45	tp	0
1-CCGGTGCGCGG	STREME-1	2.3e-002	NC_003888.3_5190162_+_unassigned	8.45	tp	0
1-CCGGTGCGCGG	STREME-1	2.3e-002	NC_003888.3_5209389_-_AAGCCCG	8.43	fp	0
1-CCGGTGCGCGG	STREME-1	2.3e-002	NC_003888.3_5627674_+_unassigned	8.43	tp	0
1-CCGGTGCGCGG	STREME-1	2.3e-002	NC_003888.3_4209242_+_unassigned	8.43	tp	0
1-CCGGTGCGCGG	STREME-1	2.3e-002	NC_003888.3_4846036_+_unassigned	8.43	tp	0
1-CCGGTGCGCGG	STREME-1	2.3e-002	NC_003888.3_7923186_+_unassigned	8.43	tp	0
1-CCGGTGCGCGG	STREME-1	2.3e-002	NC_003888.3_735989_-_AAGCCCG	8.42	fp	0
1-CCGGTGCGCGG	STREME-1	2.3e-002	NC_003888.3_735990_-_AAGCCCG	8.42	fp	0
1-CCGGTGCGCGG	STREME-1	2.3e-002	NC_003888.3_6621566_-_unassigned	8.40	tp	0
1-CCGGTGCGCGG	STREME-1	2.3e-002	NC_003888.3_1950732_-_unassigned	8.40	tp	0
1-CCGGTGCGCGG	STREME-1	2.3e-002	NC_003888.3_6813688_-_unassigned	8.40	tp	0
1-CCGGTGCGCGG	STREME-1	2.3e-002	NC_003888.3_8308460_+_unassigned	8.38	tp	0
1-CCGGTGCGCGG	STREME-1	2.3e-002	NC_003888.3_5267985_+_unassigned	8.38	tp	0
1-CCGGTGCGCGG	STREME-1	2.3e-002	NC_003888.3_1902489_-_unassigned	8.38	tp	1
1-CCGGTGCGCGG	STREME-1	2.3e-002	NC_003888.3_4788146_+_unassigned	8.37	tp	0
1-CCGGTGCGCGG	STREME-1	2.3e-002	NC_003888.3_574878_+_unassigned	8.37	tp	0
1-CCGGTGCGCGG	STREME-1	2.3e-002	NC_003888.3_4284349_-_unassigned	8.37	tp	0
1-CCGGTGCGCGG	STREME-1	2.3e-002	NC_003888.3_462740_-_unassigned	8.37	tp	0
1-CCGGTGCGCGG	STREME-1	2.3e-002	NC_003888.3_7513985_+_unassigned	8.37	tp	0
1-CCGGTGCGCGG	STREME-1	2.3e-002	NC_003888.3_7709711_-_unassigned	8.35	tp	0
1-CCGGTGCGCGG	STREME-1	2.3e-002	NC_003888.3_7081363_+_unassigned	8.33	tp	0
1-CCGGTGCGCGG	STREME-1	2.3e-002	NC_003888.3_1824359_-_unassigned	8.32	tp	0
1-CCGGTGCGCGG	STREME-1	2.3e-002	NC_003888.3_1824302_-_unassigned	8.32	tp	0
1-CCGGTGCGCGG	STREME-1	2.3e-002	NC_003888.3_1824358_-_unassigned	8.32	tp	0
1-CCGGTGCGCGG	STREME-1	2.3e-002	NC_003888.3_7428520_-_unassigned	8.32	tp	0
1-CCGGTGCGCGG	STREME-1	2.3e-002	NC_003888.3_6186825_+_unassigned	8.29	tp	1
1-CCGGTGCGCGG	STREME-1	2.3e-002	NC_003888.3_292053_+_unassigned	8.27	tp	0
1-CCGGTGCGCGG	STREME-1	2.3e-002	NC_003888.3_1016849_-_unassigned	8.27	tp	0
1-CCGGTGCGCGG	STREME-1	2.3e-002	NC_003888.3_3401328_-_unassigned	8.27	tp	1
1-CCGGTGCGCGG	STREME-1	2.3e-002	NC_003888.3_4677635_-_unassigned	8.26	tp	0
1-CCGGTGCGCGG	STREME-1	2.3e-002	NC_003888.3_5581267_+_unassigned	8.25	tp	0
1-CCGGTGCGCGG	STREME-1	2.3e-002	NC_003888.3_4827286_-_unassigned	8.25	tp	0
1-CCGGTGCGCGG	STREME-1	2.3e-002	NC_003888.3_4827280_-_unassigned	8.25	tp	0
1-CCGGTGCGCGG	STREME-1	2.3e-002	NC_003888.3_4827292_-_unassigned	8.25	tp	0
1-CCGGTGCGCGG	STREME-1	2.3e-002	NC_003888.3_2339738_+_unassigned	8.25	tp	0
1-CCGGTGCGCGG	STREME-1	2.3e-002	NC_003888.3_2339771_+_unassigned	8.25	tp	0
1-CCGGTGCGCGG	STREME-1	2.3e-002	NC_003888.3_8549540_+_unassigned	8.25	tp	0
1-CCGGTGCGCGG	STREME-1	2.3e-002	NC_003888.3_1955709_+_unassigned	8.25	tp	0
1-CCGGTGCGCGG	STREME-1	2.3e-002	NC_003888.3_3658320_+_unassigned	8.25	tp	0
1-CCGGTGCGCGG	STREME-1	2.3e-002	NC_003888.3_8038906_+_unassigned	8.22	tp	0
1-CCGGTGCGCGG	STREME-1	2.3e-002	NC_003888.3_7246033_-_unassigned	8.21	tp	0
1-CCGGTGCGCGG	STREME-1	2.3e-002	NC_003888.3_244807_-_unassigned	8.21	tp	0
1-CCGGTGCGCGG	STREME-1	2.3e-002	NC_003888.3_8479248_-_unassigned	8.21	tp	0
1-CCGGTGCGCGG	STREME-1	2.3e-002	NC_003888.3_5584613_+_unassigned	8.21	tp	0
1-CCGGTGCGCGG	STREME-1	2.3e-002	NC_003888.3_4345994_+_unassigned	8.21	tp	0
1-CCGGTGCGCGG	STREME-1	2.3e-002	NC_003888.3_6337222_+_unassigned	8.19	tp	0
1-CCGGTGCGCGG	STREME-1	2.3e-002	NC_003888.3_4256583_+_AAGCCCG	8.19	fp	0
1-CCGGTGCGCGG	STREME-1	2.3e-002	NC_003888.3_649826_+_unassigned	8.18	tp	0
1-CCGGTGCGCGG	STREME-1	2.3e-002	NC_003888.3_6350485_+_unassigned	8.18	tp	0
1-CCGGTGCGCGG	STREME-1	2.3e-002	NC_003888.3_3552118_+_unassigned	8.17	tp	0
1-CCGGTGCGCGG	STREME-1	2.3e-002	NC_003888.3_6848334_+_unassigned	8.17	tp	0
1-CCGGTGCGCGG	STREME-1	2.3e-002	NC_003888.3_8469250_-_unassigned	8.16	tp	0
1-CCGGTGCGCGG	STREME-1	2.3e-002	NC_003888.3_6301333_-_unassigned	8.15	tp	0
1-CCGGTGCGCGG	STREME-1	2.3e-002	NC_003888.3_3630628_+_unassigned	8.15	tp	0
1-CCGGTGCGCGG	STREME-1	2.3e-002	NC_003888.3_1252973_-_unassigned	8.13	tp	0
1-CCGGTGCGCGG	STREME-1	2.3e-002	NC_003888.3_1976817_+_unassigned	8.13	tp	0
1-CCGGTGCGCGG	STREME-1	2.3e-002	NC_003888.3_125264_-_unassigned	8.11	tp	1
1-CCGGTGCGCGG	STREME-1	2.3e-002	NC_003888.3_1756387_+_unassigned	8.11	tp	0
1-CCGGTGCGCGG	STREME-1	2.3e-002	NC_003888.3_4646938_-_unassigned	8.11	tp	0
1-CCGGTGCGCGG	STREME-1	2.3e-002	NC_003888.3_2635678_-_unassigned	8.11	tp	0
1-CCGGTGCGCGG	STREME-1	2.3e-002	NC_003888.3_5596192_+_unassigned	8.10	tp	0
1-CCGGTGCGCGG	STREME-1	2.3e-002	NC_003888.3_2849869_-_unassigned	8.10	tp	0
1-CCGGTGCGCGG	STREME-1	2.3e-002	NC_003888.3_3358874_+_unassigned	8.10	tp	0
1-CCGGTGCGCGG	STREME-1	2.3e-002	NC_003888.3_6223688_-_AAGCCCG	8.10	fp	0
1-CCGGTGCGCGG	STREME-1	2.3e-002	NC_003888.3_6223689_-_AAGCCCG	8.10	fp	0
1-CCGGTGCGCGG	STREME-1	2.3e-002	NC_003888.3_3471856_+_unassigned	8.09	tp	0
1-CCGGTGCGCGG	STREME-1	2.3e-002	NC_003888.3_317665_-_unassigned	8.09	tp	0
1-CCGGTGCGCGG	STREME-1	2.3e-002	NC_003888.3_730838_+_unassigned	8.09	tp	0
1-CCGGTGCGCGG	STREME-1	2.3e-002	NC_003888.3_7221811_+_unassigned	8.09	tp	0
1-CCGGTGCGCGG	STREME-1	2.3e-002	NC_003888.3_345730_+_unassigned	8.09	tp	0
1-CCGGTGCGCGG	STREME-1	2.3e-002	NC_003888.3_8441204_+_unassigned	8.07	tp	0
1-CCGGTGCGCGG	STREME-1	2.3e-002	NC_003888.3_6038633_-_unassigned	8.07	tp	0
1-CCGGTGCGCGG	STREME-1	2.3e-002	NC_003888.3_8287053_-_unassigned	8.07	tp	0
1-CCGGTGCGCGG	STREME-1	2.3e-002	NC_003888.3_7030902_+_unassigned	8.07	tp	0
1-CCGGTGCGCGG	STREME-1	2.3e-002	NC_003888.3_7621569_-_unassigned	8.06	tp	0
1-CCGGTGCGCGG	STREME-1	2.3e-002	NC_003888.3_6479433_+_unassigned	8.06	tp	0
1-CCGGTGCGCGG	STREME-1	2.3e-002	NC_003888.3_3316231_+_unassigned	8.06	tp	1
1-CCGGTGCGCGG	STREME-1	2.3e-002	NC_003888.3_163824_-_unassigned	8.06	tp	0
1-CCGGTGCGCGG	STREME-1	2.3e-002	NC_003888.3_2563108_-_unassigned	8.05	tp	1
1-CCGGTGCGCGG	STREME-1	2.3e-002	NC_003888.3_1327425_-_unassigned	8.04	tp	0
1-CCGGTGCGCGG	STREME-1	2.3e-002	NC_003888.3_5198268_+_unassigned	8.04	tp	0
1-CCGGTGCGCGG	STREME-1	2.3e-002	NC_003888.3_3641554_+_unassigned	8.04	tp	0
1-CCGGTGCGCGG	STREME-1	2.3e-002	NC_003888.3_914286_+_unassigned	8.04	tp	0
1-CCGGTGCGCGG	STREME-1	2.3e-002	NC_003888.3_4840246_+_unassigned	8.04	tp	0
1-CCGGTGCGCGG	STREME-1	2.3e-002	NC_003888.3_914289_+_unassigned	8.04	tp	1
1-CCGGTGCGCGG	STREME-1	2.3e-002	NC_003888.3_3528692_+_unassigned	8.02	tp	0
1-CCGGTGCGCGG	STREME-1	2.3e-002	NC_003888.3_6040623_-_unassigned	8.01	tp	0
1-CCGGTGCGCGG	STREME-1	2.3e-002	NC_003888.3_5266569_+_unassigned	8.01	tp	0
1-CCGGTGCGCGG	STREME-1	2.3e-002	NC_003888.3_3747763_-_unassigned	8.01	tp	0
1-CCGGTGCGCGG	STREME-1	2.3e-002	NC_003888.3_8494245_+_unassigned	8.00	tp	0
1-CCGGTGCGCGG	STREME-1	2.3e-002	NC_003888.3_1880916_+_unassigned	8.00	tp	0
1-CCGGTGCGCGG	STREME-1	2.3e-002	NC_003888.3_2179900_+_unassigned	8.00	tp	0
1-CCGGTGCGCGG	STREME-1	2.3e-002	NC_003888.3_8373023_-_AAGCCCG	8.00	fp	0
1-CCGGTGCGCGG	STREME-1	2.3e-002	NC_003888.3_2179942_+_unassigned	8.00	tp	1
1-CCGGTGCGCGG	STREME-1	2.3e-002	NC_003888.3_4114600_-_AAGCCCG	8.00	fp	0
1-CCGGTGCGCGG	STREME-1	2.3e-002	NC_003888.3_3982418_-_unassigned	7.99	tp	0
1-CCGGTGCGCGG	STREME-1	2.3e-002	NC_003888.3_1650930_+_unassigned	7.99	tp	0
1-CCGGTGCGCGG	STREME-1	2.3e-002	NC_003888.3_2623491_-_unassigned	7.99	tp	0
1-CCGGTGCGCGG	STREME-1	2.3e-002	NC_003888.3_851358_+_unassigned	7.99	tp	0
1-CCGGTGCGCGG	STREME-1	2.3e-002	NC_003888.3_2648406_-_unassigned	7.98	tp	0
1-CCGGTGCGCGG	STREME-1	2.3e-002	NC_003888.3_6530465_+_unassigned	7.98	tp	0
1-CCGGTGCGCGG	STREME-1	2.3e-002	NC_003888.3_4227911_+_unassigned	7.97	tp	0
1-CCGGTGCGCGG	STREME-1	2.3e-002	NC_003888.3_5486991_+_unassigned	7.97	tp	0
1-CCGGTGCGCGG	STREME-1	2.3e-002	NC_003888.3_3173244_+_unassigned	7.97	tp	0
1-CCGGTGCGCGG	STREME-1	2.3e-002	NC_003888.3_3173243_+_unassigned	7.97	tp	0
1-CCGGTGCGCGG	STREME-1	2.3e-002	NC_003888.3_811819_-_unassigned	7.97	tp	0
1-CCGGTGCGCGG	STREME-1	2.3e-002	NC_003888.3_7914348_-_unassigned	7.97	tp	0
1-CCGGTGCGCGG	STREME-1	2.3e-002	NC_003888.3_5613317_+_unassigned	7.97	tp	1
1-CCGGTGCGCGG	STREME-1	2.3e-002	NC_003888.3_5289723_+_unassigned	7.97	tp	0
1-CCGGTGCGCGG	STREME-1	2.3e-002	NC_003888.3_1192390_-_unassigned	7.97	tp	0
1-CCGGTGCGCGG	STREME-1	2.3e-002	NC_003888.3_7779906_+_unassigned	7.97	tp	0
1-CCGGTGCGCGG	STREME-1	2.3e-002	NC_003888.3_8046704_-_AAGCCCG	7.97	fp	0
1-CCGGTGCGCGG	STREME-1	2.3e-002	NC_003888.3_6813878_+_unassigned	7.94	tp	0
1-CCGGTGCGCGG	STREME-1	2.3e-002	NC_003888.3_7503450_+_unassigned	7.94	tp	0
1-CCGGTGCGCGG	STREME-1	2.3e-002	NC_003888.3_2071861_-_unassigned	7.93	tp	0
1-CCGGTGCGCGG	STREME-1	2.3e-002	NC_003888.3_1480743_-_unassigned	7.93	tp	0
1-CCGGTGCGCGG	STREME-1	2.3e-002	NC_003888.3_7122006_+_unassigned	7.93	tp	0
1-CCGGTGCGCGG	STREME-1	2.3e-002	NC_003888.3_7122007_+_AAGCCCG	7.93	fp	1
1-CCGGTGCGCGG	STREME-1	2.3e-002	NC_003888.3_5535609_-_unassigned	7.92	tp	0
1-CCGGTGCGCGG	STREME-1	2.3e-002	NC_003888.3_5251940_-_unassigned	7.91	tp	0
1-CCGGTGCGCGG	STREME-1	2.3e-002	NC_003888.3_5251946_-_unassigned	7.91	tp	0
1-CCGGTGCGCGG	STREME-1	2.3e-002	NC_003888.3_7294986_-_AAGCCCG	7.89	fp	0
1-CCGGTGCGCGG	STREME-1	2.3e-002	NC_003888.3_7282961_-_unassigned	7.88	tp	0
1-CCGGTGCGCGG	STREME-1	2.3e-002	NC_003888.3_4455002_-_unassigned	7.88	tp	0
1-CCGGTGCGCGG	STREME-1	2.3e-002	NC_003888.3_7711317_+_unassigned	7.85	tp	0
1-CCGGTGCGCGG	STREME-1	2.3e-002	NC_003888.3_5652010_+_unassigned	7.85	tp	0
1-CCGGTGCGCGG	STREME-1	2.3e-002	NC_003888.3_5025328_+_unassigned	7.85	tp	1
1-CCGGTGCGCGG	STREME-1	2.3e-002	NC_003888.3_7427291_-_unassigned	7.85	tp	0
1-CCGGTGCGCGG	STREME-1	2.3e-002	NC_003888.3_2792171_-_unassigned	7.84	tp	0
1-CCGGTGCGCGG	STREME-1	2.3e-002	NC_003888.3_2792119_-_unassigned	7.84	tp	0
1-CCGGTGCGCGG	STREME-1	2.3e-002	NC_003888.3_6510534_+_unassigned	7.80	tp	0
1-CCGGTGCGCGG	STREME-1	2.3e-002	NC_003888.3_924670_+_unassigned	7.79	tp	0
1-CCGGTGCGCGG	STREME-1	2.3e-002	NC_003888.3_1574600_+_unassigned	7.78	tp	0
1-CCGGTGCGCGG	STREME-1	2.3e-002	NC_003888.3_7764272_+_unassigned	7.78	tp	0
1-CCGGTGCGCGG	STREME-1	2.3e-002	NC_003888.3_4655000_-_unassigned	7.78	tp	0
1-CCGGTGCGCGG	STREME-1	2.3e-002	NC_003888.3_7730829_-_unassigned	7.77	tp	0
1-CCGGTGCGCGG	STREME-1	2.3e-002	NC_003888.3_569123_-_unassigned	7.77	tp	0
1-CCGGTGCGCGG	STREME-1	2.3e-002	NC_003888.3_1993593_+_unassigned	7.77	tp	0
1-CCGGTGCGCGG	STREME-1	2.3e-002	NC_003888.3_4021506_-_unassigned	7.77	tp	0
1-CCGGTGCGCGG	STREME-1	2.3e-002	NC_003888.3_7732222_+_unassigned	7.77	tp	0
1-CCGGTGCGCGG	STREME-1	2.3e-002	NC_003888.3_8195498_-_unassigned	7.77	tp	0
1-CCGGTGCGCGG	STREME-1	2.3e-002	NC_003888.3_6705112_+_unassigned	7.77	tp	0
1-CCGGTGCGCGG	STREME-1	2.3e-002	NC_003888.3_5092064_-_AAGCCCG	7.77	fp	0
1-CCGGTGCGCGG	STREME-1	2.3e-002	NC_003888.3_3416393_-_unassigned	7.77	tp	0
1-CCGGTGCGCGG	STREME-1	2.3e-002	NC_003888.3_5782989_+_unassigned	7.77	tp	0
1-CCGGTGCGCGG	STREME-1	2.3e-002	NC_003888.3_8504282_-_unassigned	7.77	tp	0
1-CCGGTGCGCGG	STREME-1	2.3e-002	NC_003888.3_2802501_+_unassigned	7.76	tp	0
1-CCGGTGCGCGG	STREME-1	2.3e-002	NC_003888.3_918189_-_unassigned	7.76	tp	0
1-CCGGTGCGCGG	STREME-1	2.3e-002	NC_003888.3_6762563_-_unassigned	7.76	tp	0
1-CCGGTGCGCGG	STREME-1	2.3e-002	NC_003888.3_1282534_-_unassigned	7.76	tp	0
1-CCGGTGCGCGG	STREME-1	2.3e-002	NC_003888.3_3546311_-_unassigned	7.76	tp	0
1-CCGGTGCGCGG	STREME-1	2.3e-002	NC_003888.3_8399434_-_unassigned	7.75	tp	0
1-CCGGTGCGCGG	STREME-1	2.3e-002	NC_003888.3_8399433_-_unassigned	7.75	tp	0
1-CCGGTGCGCGG	STREME-1	2.3e-002	NC_003888.3_4549698_-_unassigned	7.75	tp	0
1-CCGGTGCGCGG	STREME-1	2.3e-002	NC_003888.3_2344105_-_unassigned	7.75	tp	0
1-CCGGTGCGCGG	STREME-1	2.3e-002	NC_003888.3_1157086_-_unassigned	7.75	tp	0
1-CCGGTGCGCGG	STREME-1	2.3e-002	NC_003888.3_2135507_-_unassigned	7.74	tp	0
1-CCGGTGCGCGG	STREME-1	2.3e-002	NC_003888.3_2496334_-_unassigned	7.74	tp	0
1-CCGGTGCGCGG	STREME-1	2.3e-002	NC_003888.3_1041062_+_unassigned	7.73	tp	0
1-CCGGTGCGCGG	STREME-1	2.3e-002	NC_003888.3_2285548_-_unassigned	7.73	tp	0
1-CCGGTGCGCGG	STREME-1	2.3e-002	NC_003888.3_3304190_-_unassigned	7.71	tp	0
1-CCGGTGCGCGG	STREME-1	2.3e-002	NC_003888.3_3276823_+_unassigned	7.71	tp	0
1-CCGGTGCGCGG	STREME-1	2.3e-002	NC_003888.3_1761849_+_unassigned	7.71	tp	0
1-CCGGTGCGCGG	STREME-1	2.3e-002	NC_003888.3_1190324_+_unassigned	7.71	tp	0
1-CCGGTGCGCGG	STREME-1	2.3e-002	NC_003888.3_2660830_-_unassigned	7.71	tp	0
1-CCGGTGCGCGG	STREME-1	2.3e-002	NC_003888.3_2660835_-_unassigned	7.71	tp	0
1-CCGGTGCGCGG	STREME-1	2.3e-002	NC_003888.3_2444862_+_unassigned	7.70	tp	0
1-CCGGTGCGCGG	STREME-1	2.3e-002	NC_003888.3_1589339_-_AAGCCCG	7.70	fp	0
1-CCGGTGCGCGG	STREME-1	2.3e-002	NC_003888.3_2500194_+_unassigned	7.70	tp	0
1-CCGGTGCGCGG	STREME-1	2.3e-002	NC_003888.3_772252_-_unassigned	7.70	tp	1
1-CCGGTGCGCGG	STREME-1	2.3e-002	NC_003888.3_7920699_+_unassigned	7.70	tp	0
1-CCGGTGCGCGG	STREME-1	2.3e-002	NC_003888.3_5910961_+_unassigned	7.70	tp	0
1-CCGGTGCGCGG	STREME-1	2.3e-002	NC_003888.3_3999709_-_unassigned	7.69	tp	0
1-CCGGTGCGCGG	STREME-1	2.3e-002	NC_003888.3_4397561_-_AAGCCCG	7.69	fp	0
1-CCGGTGCGCGG	STREME-1	2.3e-002	NC_003888.3_955186_+_unassigned	7.69	tp	0
1-CCGGTGCGCGG	STREME-1	2.3e-002	NC_003888.3_4657519_-_unassigned	7.69	tp	1
1-CCGGTGCGCGG	STREME-1	2.3e-002	NC_003888.3_5043643_-_unassigned	7.68	tp	0
1-CCGGTGCGCGG	STREME-1	2.3e-002	NC_003888.3_3108839_-_unassigned	7.68	tp	0
1-CCGGTGCGCGG	STREME-1	2.3e-002	NC_003888.3_2739857_+_unassigned	7.68	tp	0
1-CCGGTGCGCGG	STREME-1	2.3e-002	NC_003888.3_7384224_+_unassigned	7.67	tp	0
1-CCGGTGCGCGG	STREME-1	2.3e-002	NC_003888.3_5325370_-_unassigned	7.67	tp	1
1-CCGGTGCGCGG	STREME-1	2.3e-002	NC_003888.3_1178737_+_unassigned	7.65	tp	0
1-CCGGTGCGCGG	STREME-1	2.3e-002	NC_003888.3_5591171_+_unassigned	7.64	tp	0
1-CCGGTGCGCGG	STREME-1	2.3e-002	NC_003888.3_5591157_+_unassigned	7.64	tp	0
1-CCGGTGCGCGG	STREME-1	2.3e-002	NC_003888.3_943580_+_unassigned	7.64	tp	0
1-CCGGTGCGCGG	STREME-1	2.3e-002	NC_003888.3_5591206_+_unassigned	7.64	tp	1
1-CCGGTGCGCGG	STREME-1	2.3e-002	NC_003888.3_1317399_-_unassigned	7.64	tp	0
1-CCGGTGCGCGG	STREME-1	2.3e-002	NC_003888.3_7543603_-_unassigned	7.64	tp	0
1-CCGGTGCGCGG	STREME-1	2.3e-002	NC_003888.3_1838616_-_unassigned	7.64	tp	0
1-CCGGTGCGCGG	STREME-1	2.3e-002	NC_003888.3_4422306_+_unassigned	7.63	tp	0
1-CCGGTGCGCGG	STREME-1	2.3e-002	NC_003888.3_5480963_-_unassigned	7.63	tp	0
1-CCGGTGCGCGG	STREME-1	2.3e-002	NC_003888.3_6235413_-_unassigned	7.62	tp	0
1-CCGGTGCGCGG	STREME-1	2.3e-002	NC_003888.3_8030244_+_AAGCCCG	7.62	fp	0
1-CCGGTGCGCGG	STREME-1	2.3e-002	NC_003888.3_8030243_+_unassigned	7.62	tp	1
1-CCGGTGCGCGG	STREME-1	2.3e-002	NC_003888.3_8127347_-_AAGCCCG	7.62	fp	0
1-CCGGTGCGCGG	STREME-1	2.3e-002	NC_003888.3_774242_-_unassigned	7.61	tp	0
1-CCGGTGCGCGG	STREME-1	2.3e-002	NC_003888.3_8182129_+_unassigned	7.61	tp	0
1-CCGGTGCGCGG	STREME-1	2.3e-002	NC_003888.3_4053596_+_unassigned	7.61	tp	0
1-CCGGTGCGCGG	STREME-1	2.3e-002	NC_003888.3_3218221_-_unassigned	7.60	tp	1
1-CCGGTGCGCGG	STREME-1	2.3e-002	NC_003888.3_1576324_+_unassigned	7.58	tp	0
1-CCGGTGCGCGG	STREME-1	2.3e-002	NC_003888.3_3268542_+_unassigned	7.58	tp	0
1-CCGGTGCGCGG	STREME-1	2.3e-002	NC_003888.3_7499515_+_unassigned	7.58	tp	0
1-CCGGTGCGCGG	STREME-1	2.3e-002	NC_003888.3_7281113_+_unassigned	7.58	tp	0
1-CCGGTGCGCGG	STREME-1	2.3e-002	NC_003888.3_8462087_-_unassigned	7.58	tp	0
1-CCGGTGCGCGG	STREME-1	2.3e-002	NC_003888.3_4944310_+_unassigned	7.58	tp	0
1-CCGGTGCGCGG	STREME-1	2.3e-002	NC_003888.3_2378191_-_unassigned	7.56	tp	0
1-CCGGTGCGCGG	STREME-1	2.3e-002	NC_003888.3_5353019_-_unassigned	7.56	tp	0
1-CCGGTGCGCGG	STREME-1	2.3e-002	NC_003888.3_6650603_+_unassigned	7.56	tp	0
1-CCGGTGCGCGG	STREME-1	2.3e-002	NC_003888.3_1956318_-_unassigned	7.55	tp	0
1-CCGGTGCGCGG	STREME-1	2.3e-002	NC_003888.3_6595832_+_unassigned	7.55	tp	0
1-CCGGTGCGCGG	STREME-1	2.3e-002	NC_003888.3_5959076_+_unassigned	7.55	tp	1
1-CCGGTGCGCGG	STREME-1	2.3e-002	NC_003888.3_7817291_+_unassigned	7.54	tp	0
1-CCGGTGCGCGG	STREME-1	2.3e-002	NC_003888.3_2959107_-_unassigned	7.54	tp	0
1-CCGGTGCGCGG	STREME-1	2.3e-002	NC_003888.3_1655791_-_unassigned	7.54	tp	0
1-CCGGTGCGCGG	STREME-1	2.3e-002	NC_003888.3_5030724_+_unassigned	7.54	tp	0
1-CCGGTGCGCGG	STREME-1	2.3e-002	NC_003888.3_3078100_+_unassigned	7.54	tp	0
1-CCGGTGCGCGG	STREME-1	2.3e-002	NC_003888.3_5774434_-_unassigned	7.52	tp	0
1-CCGGTGCGCGG	STREME-1	2.3e-002	NC_003888.3_2924181_+_unassigned	7.51	tp	0
1-CCGGTGCGCGG	STREME-1	2.3e-002	NC_003888.3_6800883_+_unassigned	7.51	tp	0
1-CCGGTGCGCGG	STREME-1	2.3e-002	NC_003888.3_5721494_-_unassigned	7.51	tp	0
1-CCGGTGCGCGG	STREME-1	2.3e-002	NC_003888.3_1226449_-_unassigned	7.48	tp	0
1-CCGGTGCGCGG	STREME-1	2.3e-002	NC_003888.3_4507660_+_unassigned	7.48	tp	0
1-CCGGTGCGCGG	STREME-1	2.3e-002	NC_003888.3_8002470_-_AAGCCCG	7.48	fp	0
1-CCGGTGCGCGG	STREME-1	2.3e-002	NC_003888.3_6337111_+_unassigned	7.48	tp	1
1-CCGGTGCGCGG	STREME-1	2.3e-002	NC_003888.3_6914530_-_unassigned	7.48	tp	0
1-CCGGTGCGCGG	STREME-1	2.3e-002	NC_003888.3_1825103_-_unassigned	7.47	tp	0
1-CCGGTGCGCGG	STREME-1	2.3e-002	NC_003888.3_5014343_+_unassigned	7.46	tp	1
1-CCGGTGCGCGG	STREME-1	2.3e-002	NC_003888.3_2339428_-_unassigned	7.43	tp	0
1-CCGGTGCGCGG	STREME-1	2.3e-002	NC_003888.3_2352583_-_unassigned	7.43	tp	0
1-CCGGTGCGCGG	STREME-1	2.3e-002	NC_003888.3_736996_+_unassigned	7.43	tp	0
1-CCGGTGCGCGG	STREME-1	2.3e-002	NC_003888.3_5262974_+_unassigned	7.43	tp	1
1-CCGGTGCGCGG	STREME-1	2.3e-002	NC_003888.3_1088363_-_unassigned	7.43	tp	0
1-CCGGTGCGCGG	STREME-1	2.3e-002	NC_003888.3_1088362_-_unassigned	7.43	tp	0
1-CCGGTGCGCGG	STREME-1	2.3e-002	NC_003888.3_8375902_+_unassigned	7.42	tp	0
1-CCGGTGCGCGG	STREME-1	2.3e-002	NC_003888.3_1543315_-_AAGCCCG	7.42	fp	0
1-CCGGTGCGCGG	STREME-1	2.3e-002	NC_003888.3_6959809_-_unassigned	7.42	tp	0
1-CCGGTGCGCGG	STREME-1	2.3e-002	NC_003888.3_5424038_+_unassigned	7.42	tp	0
1-CCGGTGCGCGG	STREME-1	2.3e-002	NC_003888.3_934941_+_unassigned	7.42	tp	0
1-CCGGTGCGCGG	STREME-1	2.3e-002	NC_003888.3_8342393_+_unassigned	7.42	tp	0
1-CCGGTGCGCGG	STREME-1	2.3e-002	NC_003888.3_5649596_-_AAGCCCG	7.41	fp	0
1-CCGGTGCGCGG	STREME-1	2.3e-002	NC_003888.3_1966105_-_unassigned	7.41	tp	1
1-CCGGTGCGCGG	STREME-1	2.3e-002	NC_003888.3_550560_-_unassigned	7.39	tp	0
1-CCGGTGCGCGG	STREME-1	2.3e-002	NC_003888.3_1438781_+_unassigned	7.39	tp	0
1-CCGGTGCGCGG	STREME-1	2.3e-002	NC_003888.3_575259_+_unassigned	7.39	tp	0
1-CCGGTGCGCGG	STREME-1	2.3e-002	NC_003888.3_774575_-_unassigned	7.39	tp	0
1-CCGGTGCGCGG	STREME-1	2.3e-002	NC_003888.3_5904284_-_unassigned	7.39	tp	0
1-CCGGTGCGCGG	STREME-1	2.3e-002	NC_003888.3_6382459_-_unassigned	7.38	tp	0
1-CCGGTGCGCGG	STREME-1	2.3e-002	NC_003888.3_1163113_-_unassigned	7.38	tp	0
1-CCGGTGCGCGG	STREME-1	2.3e-002	NC_003888.3_648438_+_unassigned	7.38	tp	0
1-CCGGTGCGCGG	STREME-1	2.3e-002	NC_003888.3_503062_+_unassigned	7.37	tp	0
1-CCGGTGCGCGG	STREME-1	2.3e-002	NC_003888.3_1895492_-_unassigned	7.36	tp	0
1-CCGGTGCGCGG	STREME-1	2.3e-002	NC_003888.3_4019267_-_unassigned	7.34	tp	0
1-CCGGTGCGCGG	STREME-1	2.3e-002	NC_003888.3_5047875_+_unassigned	7.34	tp	0
1-CCGGTGCGCGG	STREME-1	2.3e-002	NC_003888.3_593798_-_unassigned	7.34	tp	1
1-CCGGTGCGCGG	STREME-1	2.3e-002	NC_003888.3_7424495_-_unassigned	7.34	tp	0
1-CCGGTGCGCGG	STREME-1	2.3e-002	NC_003888.3_5251676_-_unassigned	7.34	tp	0
1-CCGGTGCGCGG	STREME-1	2.3e-002	NC_003888.3_5251811_-_unassigned	7.34	tp	0
1-CCGGTGCGCGG	STREME-1	2.3e-002	NC_003888.3_8218465_-_unassigned	7.34	tp	0
1-CCGGTGCGCGG	STREME-1	2.3e-002	NC_003888.3_4146829_-_unassigned	7.34	tp	0
1-CCGGTGCGCGG	STREME-1	2.3e-002	NC_003888.3_2956198_+_unassigned	7.34	tp	0
1-CCGGTGCGCGG	STREME-1	2.3e-002	NC_003888.3_4794682_+_unassigned	7.34	tp	0
1-CCGGTGCGCGG	STREME-1	2.3e-002	NC_003888.3_3174043_-_unassigned	7.34	tp	0
1-CCGGTGCGCGG	STREME-1	2.3e-002	NC_003888.3_173568_+_unassigned	7.34	tp	0
1-CCGGTGCGCGG	STREME-1	2.3e-002	NC_003888.3_3490203_-_unassigned	7.34	tp	1
1-CCGGTGCGCGG	STREME-1	2.3e-002	NC_003888.3_3490209_-_unassigned	7.34	tp	1
1-CCGGTGCGCGG	STREME-1	2.3e-002	NC_003888.3_3694878_-_unassigned	7.34	tp	0
1-CCGGTGCGCGG	STREME-1	2.3e-002	NC_003888.3_1369907_-_unassigned	7.34	tp	0
1-CCGGTGCGCGG	STREME-1	2.3e-002	NC_003888.3_8484065_+_unassigned	7.34	tp	0
1-CCGGTGCGCGG	STREME-1	2.3e-002	NC_003888.3_4699109_-_unassigned	7.34	tp	0
1-CCGGTGCGCGG	STREME-1	2.3e-002	NC_003888.3_4861416_-_AAGCCCG	7.33	fp	0
1-CCGGTGCGCGG	STREME-1	2.3e-002	NC_003888.3_4115882_+_unassigned	7.32	tp	0
1-CCGGTGCGCGG	STREME-1	2.3e-002	NC_003888.3_1032700_+_unassigned	7.32	tp	0
1-CCGGTGCGCGG	STREME-1	2.3e-002	NC_003888.3_4149863_-_unassigned	7.32	tp	0
1-CCGGTGCGCGG	STREME-1	2.3e-002	NC_003888.3_7187593_-_unassigned	7.32	tp	0
1-CCGGTGCGCGG	STREME-1	2.3e-002	NC_003888.3_3228595_-_unassigned	7.32	tp	0
1-CCGGTGCGCGG	STREME-1	2.3e-002	NC_003888.3_181109_-_unassigned	7.32	tp	0
1-CCGGTGCGCGG	STREME-1	2.3e-002	NC_003888.3_5409281_+_unassigned	7.30	tp	0
1-CCGGTGCGCGG	STREME-1	2.3e-002	NC_003888.3_6197595_+_unassigned	7.30	tp	0
1-CCGGTGCGCGG	STREME-1	2.3e-002	NC_003888.3_8349114_+_unassigned	7.30	tp	0
1-CCGGTGCGCGG	STREME-1	2.3e-002	NC_003888.3_6899899_+_unassigned	7.29	tp	0
1-CCGGTGCGCGG	STREME-1	2.3e-002	NC_003888.3_7942461_-_unassigned	7.28	tp	0
1-CCGGTGCGCGG	STREME-1	2.3e-002	NC_003888.3_2204590_+_unassigned	7.28	tp	0
1-CCGGTGCGCGG	STREME-1	2.3e-002	NC_003888.3_6020283_+_unassigned	7.28	tp	1
1-CCGGTGCGCGG	STREME-1	2.3e-002	NC_003888.3_322390_+_unassigned	7.27	tp	0
1-CCGGTGCGCGG	STREME-1	2.3e-002	NC_003888.3_500408_+_unassigned	7.27	tp	0
1-CCGGTGCGCGG	STREME-1	2.3e-002	NC_003888.3_5488415_-_unassigned	7.27	tp	0
1-CCGGTGCGCGG	STREME-1	2.3e-002	NC_003888.3_5503726_-_unassigned	7.27	tp	0
1-CCGGTGCGCGG	STREME-1	2.3e-002	NC_003888.3_6160464_-_unassigned	7.27	tp	0
1-CCGGTGCGCGG	STREME-1	2.3e-002	NC_003888.3_5184130_-_unassigned	7.25	tp	0
1-CCGGTGCGCGG	STREME-1	2.3e-002	NC_003888.3_4829045_+_unassigned	7.25	tp	0
1-CCGGTGCGCGG	STREME-1	2.3e-002	NC_003888.3_8307909_+_unassigned	7.25	tp	0
1-CCGGTGCGCGG	STREME-1	2.3e-002	NC_003888.3_6031716_-_unassigned	7.23	tp	0
1-CCGGTGCGCGG	STREME-1	2.3e-002	NC_003888.3_3345421_+_unassigned	7.23	tp	1
1-CCGGTGCGCGG	STREME-1	2.3e-002	NC_003888.3_2785219_+_unassigned	7.22	tp	0
1-CCGGTGCGCGG	STREME-1	2.3e-002	NC_003888.3_381741_+_unassigned	7.22	tp	0
1-CCGGTGCGCGG	STREME-1	2.3e-002	NC_003888.3_7027114_+_unassigned	7.20	tp	0
1-CCGGTGCGCGG	STREME-1	2.3e-002	NC_003888.3_7093656_+_unassigned	7.20	tp	0
1-CCGGTGCGCGG	STREME-1	2.3e-002	NC_003888.3_3061117_+_unassigned	7.19	tp	0
1-CCGGTGCGCGG	STREME-1	2.3e-002	NC_003888.3_2977494_-_unassigned	7.19	tp	0
1-CCGGTGCGCGG	STREME-1	2.3e-002	NC_003888.3_1247912_+_unassigned	7.19	tp	0
1-CCGGTGCGCGG	STREME-1	2.3e-002	NC_003888.3_5166292_-_unassigned	7.19	tp	0
1-CCGGTGCGCGG	STREME-1	2.3e-002	NC_003888.3_631017_-_AAGCCCG	7.19	fp	0
1-CCGGTGCGCGG	STREME-1	2.3e-002	NC_003888.3_6676787_+_unassigned	7.18	tp	0
1-CCGGTGCGCGG	STREME-1	2.3e-002	NC_003888.3_4023375_+_unassigned	7.16	tp	0
1-CCGGTGCGCGG	STREME-1	2.3e-002	NC_003888.3_1684969_+_unassigned	7.16	tp	0
1-CCGGTGCGCGG	STREME-1	2.3e-002	NC_003888.3_948563_+_unassigned	7.16	tp	0
1-CCGGTGCGCGG	STREME-1	2.3e-002	NC_003888.3_1684974_-_unassigned	7.16	tp	0
1-CCGGTGCGCGG	STREME-1	2.3e-002	NC_003888.3_8259750_+_unassigned	7.16	tp	0
1-CCGGTGCGCGG	STREME-1	2.3e-002	NC_003888.3_3237932_-_unassigned	7.16	tp	0
1-CCGGTGCGCGG	STREME-1	2.3e-002	NC_003888.3_3314530_-_unassigned	7.15	tp	0
1-CCGGTGCGCGG	STREME-1	2.3e-002	NC_003888.3_7327682_+_unassigned	7.15	tp	0
1-CCGGTGCGCGG	STREME-1	2.3e-002	NC_003888.3_8475940_+_unassigned	7.15	tp	0
1-CCGGTGCGCGG	STREME-1	2.3e-002	NC_003888.3_6634751_-_unassigned	7.15	tp	0
1-CCGGTGCGCGG	STREME-1	2.3e-002	NC_003888.3_5500255_+_unassigned	7.15	tp	1
1-CCGGTGCGCGG	STREME-1	2.3e-002	NC_003888.3_3698539_-_unassigned	7.15	tp	0
1-CCGGTGCGCGG	STREME-1	2.3e-002	NC_003888.3_6794413_-_unassigned	7.15	tp	0
1-CCGGTGCGCGG	STREME-1	2.3e-002	NC_003888.3_6540318_+_unassigned	7.15	tp	0
1-CCGGTGCGCGG	STREME-1	2.3e-002	NC_003888.3_3590794_-_unassigned	7.14	tp	0
1-CCGGTGCGCGG	STREME-1	2.3e-002	NC_003888.3_7732926_+_unassigned	7.14	tp	0
1-CCGGTGCGCGG	STREME-1	2.3e-002	NC_003888.3_6989039_+_unassigned	7.13	tp	0
1-CCGGTGCGCGG	STREME-1	2.3e-002	NC_003888.3_1485195_+_unassigned	7.11	tp	0
1-CCGGTGCGCGG	STREME-1	2.3e-002	NC_003888.3_1794660_-_unassigned	7.11	tp	0
1-CCGGTGCGCGG	STREME-1	2.3e-002	NC_003888.3_1309926_-_unassigned	7.11	tp	0
1-CCGGTGCGCGG	STREME-1	2.3e-002	NC_003888.3_2439165_-_unassigned	7.11	tp	0
1-CCGGTGCGCGG	STREME-1	2.3e-002	NC_003888.3_43753_+_unassigned	7.11	tp	0
1-CCGGTGCGCGG	STREME-1	2.3e-002	NC_003888.3_1711979_-_unassigned	7.11	tp	0
1-CCGGTGCGCGG	STREME-1	2.3e-002	NC_003888.3_7302963_-_unassigned	7.11	tp	1
1-CCGGTGCGCGG	STREME-1	2.3e-002	NC_003888.3_2162258_-_unassigned	7.11	tp	0
1-CCGGTGCGCGG	STREME-1	2.3e-002	NC_003888.3_7851213_+_unassigned	7.11	tp	1
1-CCGGTGCGCGG	STREME-1	2.3e-002	NC_003888.3_3897444_+_unassigned	7.10	tp	0
1-CCGGTGCGCGG	STREME-1	2.3e-002	NC_003888.3_311643_+_unassigned	7.10	tp	1
1-CCGGTGCGCGG	STREME-1	2.3e-002	NC_003888.3_6762219_+_unassigned	7.10	tp	0
1-CCGGTGCGCGG	STREME-1	2.3e-002	NC_003888.3_3264214_+_unassigned	7.08	tp	0
1-CCGGTGCGCGG	STREME-1	2.3e-002	NC_003888.3_8649092_-_unassigned	7.08	tp	0
1-CCGGTGCGCGG	STREME-1	2.3e-002	NC_003888.3_7108022_+_unassigned	7.08	tp	0
1-CCGGTGCGCGG	STREME-1	2.3e-002	NC_003888.3_8029959_-_unassigned	7.07	tp	0
1-CCGGTGCGCGG	STREME-1	2.3e-002	NC_003888.3_6000626_+_unassigned	7.07	tp	0
1-CCGGTGCGCGG	STREME-1	2.3e-002	NC_003888.3_6000692_+_unassigned	7.07	tp	0
1-CCGGTGCGCGG	STREME-1	2.3e-002	NC_003888.3_1157357_-_unassigned	7.07	tp	0
1-CCGGTGCGCGG	STREME-1	2.3e-002	NC_003888.3_5237755_-_unassigned	7.07	tp	0
1-CCGGTGCGCGG	STREME-1	2.3e-002	NC_003888.3_1157370_-_unassigned	7.07	tp	0
1-CCGGTGCGCGG	STREME-1	2.3e-002	NC_003888.3_4237139_-_AAGCCCG	7.07	fp	0
1-CCGGTGCGCGG	STREME-1	2.3e-002	NC_003888.3_2547509_-_unassigned	7.05	tp	0
1-CCGGTGCGCGG	STREME-1	2.3e-002	NC_003888.3_7383676_+_unassigned	7.05	tp	0
1-CCGGTGCGCGG	STREME-1	2.3e-002	NC_003888.3_2547502_-_unassigned	7.05	tp	0
1-CCGGTGCGCGG	STREME-1	2.3e-002	NC_003888.3_2392878_-_unassigned	7.05	tp	0
1-CCGGTGCGCGG	STREME-1	2.3e-002	NC_003888.3_5447114_+_unassigned	7.05	tp	0
1-CCGGTGCGCGG	STREME-1	2.3e-002	NC_003888.3_2869244_-_unassigned	7.05	tp	0
1-CCGGTGCGCGG	STREME-1	2.3e-002	NC_003888.3_8382170_-_unassigned	7.05	tp	0
1-CCGGTGCGCGG	STREME-1	2.3e-002	NC_003888.3_3149154_+_unassigned	7.05	tp	0
1-CCGGTGCGCGG	STREME-1	2.3e-002	NC_003888.3_3488185_-_unassigned	7.04	tp	0
1-CCGGTGCGCGG	STREME-1	2.3e-002	NC_003888.3_4339627_+_unassigned	7.03	tp	0
1-CCGGTGCGCGG	STREME-1	2.3e-002	NC_003888.3_4673408_-_unassigned	7.03	tp	0
1-CCGGTGCGCGG	STREME-1	2.3e-002	NC_003888.3_7424838_-_unassigned	7.03	tp	0
1-CCGGTGCGCGG	STREME-1	2.3e-002	NC_003888.3_5235829_+_unassigned	7.02	tp	0
1-CCGGTGCGCGG	STREME-1	2.3e-002	NC_003888.3_8667368_+_unassigned	7.01	tp	0
1-CCGGTGCGCGG	STREME-1	2.3e-002	NC_003888.3_138_-_unassigned	7.01	tp	0
1-CCGGTGCGCGG	STREME-1	2.3e-002	NC_003888.3_5002469_-_unassigned	6.99	tp	0
1-CCGGTGCGCGG	STREME-1	2.3e-002	NC_003888.3_619824_-_unassigned	6.99	tp	1
1-CCGGTGCGCGG	STREME-1	2.3e-002	NC_003888.3_5973456_-_unassigned	6.99	tp	0
1-CCGGTGCGCGG	STREME-1	2.3e-002	NC_003888.3_4485795_-_AAGCCCG	6.97	fp	0
1-CCGGTGCGCGG	STREME-1	2.3e-002	NC_003888.3_5785474_-_unassigned	6.97	tp	1
1-CCGGTGCGCGG	STREME-1	2.3e-002	NC_003888.3_764919_-_unassigned	6.97	tp	0
1-CCGGTGCGCGG	STREME-1	2.3e-002	NC_003888.3_2139443_-_unassigned	6.97	tp	0
1-CCGGTGCGCGG	STREME-1	2.3e-002	NC_003888.3_1184059_+_unassigned	6.97	tp	0
1-CCGGTGCGCGG	STREME-1	2.3e-002	NC_003888.3_947270_-_unassigned	6.97	tp	0
1-CCGGTGCGCGG	STREME-1	2.3e-002	NC_003888.3_4567337_+_unassigned	6.97	tp	0
1-CCGGTGCGCGG	STREME-1	2.3e-002	NC_003888.3_4168538_+_unassigned	6.97	tp	0
1-CCGGTGCGCGG	STREME-1	2.3e-002	NC_003888.3_8309848_+_unassigned	6.97	tp	0
1-CCGGTGCGCGG	STREME-1	2.3e-002	NC_003888.3_749030_-_unassigned	6.96	tp	0
1-CCGGTGCGCGG	STREME-1	2.3e-002	NC_003888.3_2555100_+_unassigned	6.96	tp	0
1-CCGGTGCGCGG	STREME-1	2.3e-002	NC_003888.3_864643_-_unassigned	6.96	tp	0
1-CCGGTGCGCGG	STREME-1	2.3e-002	NC_003888.3_714416_-_unassigned	6.93	tp	0
1-CCGGTGCGCGG	STREME-1	2.3e-002	NC_003888.3_8164067_+_unassigned	6.93	tp	0
1-CCGGTGCGCGG	STREME-1	2.3e-002	NC_003888.3_2005277_-_AAGCCCG	6.93	fp	0
1-CCGGTGCGCGG	STREME-1	2.3e-002	NC_003888.3_6131209_+_unassigned	6.92	tp	0
1-CCGGTGCGCGG	STREME-1	2.3e-002	NC_003888.3_8559422_-_unassigned	6.91	tp	0
1-CCGGTGCGCGG	STREME-1	2.3e-002	NC_003888.3_2656710_-_unassigned	6.91	tp	0
1-CCGGTGCGCGG	STREME-1	2.3e-002	NC_003888.3_1372767_+_unassigned	6.91	tp	0
1-CCGGTGCGCGG	STREME-1	2.3e-002	NC_003888.3_1286572_-_unassigned	6.91	tp	0
1-CCGGTGCGCGG	STREME-1	2.3e-002	NC_003888.3_1286573_-_unassigned	6.91	tp	0
1-CCGGTGCGCGG	STREME-1	2.3e-002	NC_003888.3_1873871_-_unassigned	6.91	tp	0
#
2-CACCGCCGC	STREME-2	4.7e-002	NC_003888.3_7281113_+_unassigned	12.45	tp	0
2-CACCGCCGC	STREME-2	4.7e-002	NC_003888.3_4149863_-_unassigned	12.45	tp	0
2-CACCGCCGC	STREME-2	4.7e-002	NC_003888.3_7281100_+_unassigned	12.45	tp	0
2-CACCGCCGC	STREME-2	4.7e-002	NC_003888.3_8507335_+_unassigned	12.45	tp	0
2-CACCGCCGC	STREME-2	4.7e-002	NC_003888.3_5997627_-_unassigned	12.45	tp	0
2-CACCGCCGC	STREME-2	4.7e-002	NC_003888.3_7383779_+_unassigned	12.45	tp	0
2-CACCGCCGC	STREME-2	4.7e-002	NC_003888.3_905930_-_unassigned	12.45	tp	0
2-CACCGCCGC	STREME-2	4.7e-002	NC_003888.3_8369790_+_unassigned	12.45	tp	0
2-CACCGCCGC	STREME-2	4.7e-002	NC_003888.3_3113410_+_unassigned	12.45	tp	0
2-CACCGCCGC	STREME-2	4.7e-002	NC_003888.3_6613155_+_unassigned	12.45	tp	0
2-CACCGCCGC	STREME-2	4.7e-002	NC_003888.3_2698055_-_unassigned	12.45	tp	0
2-CACCGCCGC	STREME-2	4.7e-002	NC_003888.3_436495_-_unassigned	12.45	tp	0
2-CACCGCCGC	STREME-2	4.7e-002	NC_003888.3_2074343_-_unassigned	12.45	tp	0
2-CACCGCCGC	STREME-2	4.7e-002	NC_003888.3_1805037_-_unassigned	12.45	tp	0
2-CACCGCCGC	STREME-2	4.7e-002	NC_003888.3_1236842_+_unassigned	12.45	tp	0
2-CACCGCCGC	STREME-2	4.7e-002	NC_003888.3_4863478_+_unassigned	12.45	tp	1
2-CACCGCCGC	STREME-2	4.7e-002	NC_003888.3_7188937_+_unassigned	12.45	tp	1
2-CACCGCCGC	STREME-2	4.7e-002	NC_003888.3_3309511_-_unassigned	12.45	tp	1
2-CACCGCCGC	STREME-2	4.7e-002	NC_003888.3_3304190_-_unassigned	12.34	tp	0
2-CACCGCCGC	STREME-2	4.7e-002	NC_003888.3_1128801_+_unassigned	12.34	tp	0
2-CACCGCCGC	STREME-2	4.7e-002	NC_003888.3_361061_+_unassigned	12.34	tp	0
2-CACCGCCGC	STREME-2	4.7e-002	NC_003888.3_6160464_-_unassigned	12.34	tp	0
2-CACCGCCGC	STREME-2	4.7e-002	NC_003888.3_2307058_-_unassigned	12.34	tp	0
2-CACCGCCGC	STREME-2	4.7e-002	NC_003888.3_136278_-_unassigned	12.34	tp	0
2-CACCGCCGC	STREME-2	4.7e-002	NC_003888.3_4838996_-_unassigned	12.34	tp	0
2-CACCGCCGC	STREME-2	4.7e-002	NC_003888.3_6462191_+_unassigned	12.34	tp	0
2-CACCGCCGC	STREME-2	4.7e-002	NC_003888.3_1722280_-_unassigned	12.34	tp	0
2-CACCGCCGC	STREME-2	4.7e-002	NC_003888.3_1756387_+_unassigned	12.34	tp	0
2-CACCGCCGC	STREME-2	4.7e-002	NC_003888.3_6197595_+_unassigned	12.34	tp	0
2-CACCGCCGC	STREME-2	4.7e-002	NC_003888.3_4194349_-_unassigned	12.34	tp	0
2-CACCGCCGC	STREME-2	4.7e-002	NC_003888.3_1806483_-_unassigned	12.34	tp	0
2-CACCGCCGC	STREME-2	4.7e-002	NC_003888.3_789448_-_unassigned	12.34	tp	0
2-CACCGCCGC	STREME-2	4.7e-002	NC_003888.3_1722214_-_unassigned	12.34	tp	0
2-CACCGCCGC	STREME-2	4.7e-002	NC_003888.3_1729543_+_unassigned	12.34	tp	0
2-CACCGCCGC	STREME-2	4.7e-002	NC_003888.3_2547502_-_unassigned	12.34	tp	0
2-CACCGCCGC	STREME-2	4.7e-002	NC_003888.3_7111477_-_unassigned	12.34	tp	0
2-CACCGCCGC	STREME-2	4.7e-002	NC_003888.3_6827025_+_unassigned	12.34	tp	0
2-CACCGCCGC	STREME-2	4.7e-002	NC_003888.3_6485079_+_unassigned	12.34	tp	0
2-CACCGCCGC	STREME-2	4.7e-002	NC_003888.3_8532797_-_unassigned	12.34	tp	0
2-CACCGCCGC	STREME-2	4.7e-002	NC_003888.3_4529092_+_unassigned	12.34	tp	0
2-CACCGCCGC	STREME-2	4.7e-002	NC_003888.3_6838567_+_unassigned	12.34	tp	0
2-CACCGCCGC	STREME-2	4.7e-002	NC_003888.3_7765034_+_unassigned	12.34	tp	0
2-CACCGCCGC	STREME-2	4.7e-002	NC_003888.3_7281425_+_unassigned	12.34	tp	1
2-CACCGCCGC	STREME-2	4.7e-002	NC_003888.3_7902769_-_unassigned	12.34	tp	1
2-CACCGCCGC	STREME-2	4.7e-002	NC_003888.3_5325370_-_unassigned	12.34	tp	1
2-CACCGCCGC	STREME-2	4.7e-002	NC_003888.3_6195674_+_unassigned	12.23	tp	0
2-CACCGCCGC	STREME-2	4.7e-002	NC_003888.3_1824302_-_unassigned	12.23	tp	0
2-CACCGCCGC	STREME-2	4.7e-002	NC_003888.3_6128993_-_unassigned	12.23	tp	0
2-CACCGCCGC	STREME-2	4.7e-002	NC_003888.3_3254760_-_unassigned	12.23	tp	0
2-CACCGCCGC	STREME-2	4.7e-002	NC_003888.3_3057124_-_unassigned	12.23	tp	0
2-CACCGCCGC	STREME-2	4.7e-002	NC_003888.3_648246_+_unassigned	12.12	tp	0
2-CACCGCCGC	STREME-2	4.7e-002	NC_003888.3_7446017_+_unassigned	12.12	tp	0
2-CACCGCCGC	STREME-2	4.7e-002	NC_003888.3_4190936_+_unassigned	12.12	tp	0
2-CACCGCCGC	STREME-2	4.7e-002	NC_003888.3_3276823_+_unassigned	12.12	tp	0
2-CACCGCCGC	STREME-2	4.7e-002	NC_003888.3_1716187_-_unassigned	12.12	tp	0
2-CACCGCCGC	STREME-2	4.7e-002	NC_003888.3_355626_+_unassigned	12.12	tp	0
2-CACCGCCGC	STREME-2	4.7e-002	NC_003888.3_3427071_-_unassigned	12.12	tp	0
2-CACCGCCGC	STREME-2	4.7e-002	NC_003888.3_593726_-_unassigned	12.12	tp	0
2-CACCGCCGC	STREME-2	4.7e-002	NC_003888.3_6049924_+_unassigned	12.12	tp	0
2-CACCGCCGC	STREME-2	4.7e-002	NC_003888.3_827793_-_unassigned	12.12	tp	0
2-CACCGCCGC	STREME-2	4.7e-002	NC_003888.3_2959107_-_unassigned	12.12	tp	0
2-CACCGCCGC	STREME-2	4.7e-002	NC_003888.3_4167154_+_unassigned	12.12	tp	0
2-CACCGCCGC	STREME-2	4.7e-002	NC_003888.3_593798_-_unassigned	12.12	tp	1
2-CACCGCCGC	STREME-2	4.7e-002	NC_003888.3_1108088_-_unassigned	10.82	tp	0
2-CACCGCCGC	STREME-2	4.7e-002	NC_003888.3_4499659_-_unassigned	10.82	tp	0
2-CACCGCCGC	STREME-2	4.7e-002	NC_003888.3_3817746_+_unassigned	10.82	tp	0
2-CACCGCCGC	STREME-2	4.7e-002	NC_003888.3_5945248_+_unassigned	10.82	tp	0
2-CACCGCCGC	STREME-2	4.7e-002	NC_003888.3_8479248_-_unassigned	10.82	tp	0
2-CACCGCCGC	STREME-2	4.7e-002	NC_003888.3_2378191_-_unassigned	10.82	tp	0
2-CACCGCCGC	STREME-2	4.7e-002	NC_003888.3_4146829_-_unassigned	10.82	tp	0
2-CACCGCCGC	STREME-2	4.7e-002	NC_003888.3_763095_+_unassigned	10.82	tp	0
2-CACCGCCGC	STREME-2	4.7e-002	NC_003888.3_547104_+_unassigned	10.82	tp	0
2-CACCGCCGC	STREME-2	4.7e-002	NC_003888.3_2736493_-_unassigned	10.82	tp	0
2-CACCGCCGC	STREME-2	4.7e-002	NC_003888.3_5294953_-_unassigned	10.82	tp	0
2-CACCGCCGC	STREME-2	4.7e-002	NC_003888.3_7553533_+_unassigned	10.82	tp	0
2-CACCGCCGC	STREME-2	4.7e-002	NC_003888.3_7897429_-_unassigned	10.82	tp	0
2-CACCGCCGC	STREME-2	4.7e-002	NC_003888.3_2555100_+_unassigned	10.82	tp	0
2-CACCGCCGC	STREME-2	4.7e-002	NC_003888.3_811054_-_unassigned	10.82	tp	0
2-CACCGCCGC	STREME-2	4.7e-002	NC_003888.3_116802_-_unassigned	10.82	tp	0
2-CACCGCCGC	STREME-2	4.7e-002	NC_003888.3_7108022_+_unassigned	10.82	tp	0
2-CACCGCCGC	STREME-2	4.7e-002	NC_003888.3_4916928_+_unassigned	10.82	tp	0
2-CACCGCCGC	STREME-2	4.7e-002	NC_003888.3_5131916_+_unassigned	10.82	tp	0
2-CACCGCCGC	STREME-2	4.7e-002	NC_003888.3_4036884_+_unassigned	10.82	tp	1
2-CACCGCCGC	STREME-2	4.7e-002	NC_003888.3_311643_+_unassigned	10.82	tp	1
2-CACCGCCGC	STREME-2	4.7e-002	NC_003888.3_7764272_+_unassigned	10.50	tp	0
2-CACCGCCGC	STREME-2	4.7e-002	NC_003888.3_6340630_+_unassigned	10.50	tp	0
2-CACCGCCGC	STREME-2	4.7e-002	NC_003888.3_4986998_-_unassigned	10.50	tp	0
2-CACCGCCGC	STREME-2	4.7e-002	NC_003888.3_2586860_-_unassigned	10.31	tp	0
2-CACCGCCGC	STREME-2	4.7e-002	NC_003888.3_569123_-_unassigned	10.31	tp	0
2-CACCGCCGC	STREME-2	4.7e-002	NC_003888.3_980601_-_unassigned	10.31	tp	0
2-CACCGCCGC	STREME-2	4.7e-002	NC_003888.3_5239897_-_unassigned	10.31	tp	0
2-CACCGCCGC	STREME-2	4.7e-002	NC_003888.3_6632434_-_unassigned	10.31	tp	0
2-CACCGCCGC	STREME-2	4.7e-002	NC_003888.3_7126570_+_unassigned	10.31	tp	0
2-CACCGCCGC	STREME-2	4.7e-002	NC_003888.3_8504282_-_unassigned	10.31	tp	0
2-CACCGCCGC	STREME-2	4.7e-002	NC_003888.3_3253767_-_unassigned	10.31	tp	0
2-CACCGCCGC	STREME-2	4.7e-002	NC_003888.3_5349012_-_unassigned	10.31	tp	0
2-CACCGCCGC	STREME-2	4.7e-002	NC_003888.3_835882_-_unassigned	10.31	tp	0
2-CACCGCCGC	STREME-2	4.7e-002	NC_003888.3_5409281_+_unassigned	10.31	tp	0
2-CACCGCCGC	STREME-2	4.7e-002	NC_003888.3_2624722_-_unassigned	10.31	tp	1
2-CACCGCCGC	STREME-2	4.7e-002	NC_003888.3_7302963_-_unassigned	10.31	tp	1
2-CACCGCCGC	STREME-2	4.7e-002	NC_003888.3_5948846_+_unassigned	10.28	tp	0
2-CACCGCCGC	STREME-2	4.7e-002	NC_003888.3_7285600_+_unassigned	10.28	tp	0
2-CACCGCCGC	STREME-2	4.7e-002	NC_003888.3_8297676_-_unassigned	10.28	tp	0
2-CACCGCCGC	STREME-2	4.7e-002	NC_003888.3_2994005_+_unassigned	10.18	tp	0
2-CACCGCCGC	STREME-2	4.7e-002	NC_003888.3_2141228_-_unassigned	10.18	tp	0
2-CACCGCCGC	STREME-2	4.7e-002	NC_003888.3_394629_+_unassigned	10.18	tp	0
2-CACCGCCGC	STREME-2	4.7e-002	NC_003888.3_3136184_+_unassigned	10.18	tp	0
2-CACCGCCGC	STREME-2	4.7e-002	NC_003888.3_2354861_-_unassigned	10.18	tp	0
2-CACCGCCGC	STREME-2	4.7e-002	NC_003888.3_1784245_-_unassigned	10.18	tp	0
2-CACCGCCGC	STREME-2	4.7e-002	NC_003888.3_7780962_+_unassigned	10.18	tp	0
2-CACCGCCGC	STREME-2	4.7e-002	NC_003888.3_7277583_+_unassigned	10.18	tp	0
2-CACCGCCGC	STREME-2	4.7e-002	NC_003888.3_6812698_+_unassigned	10.18	tp	0
2-CACCGCCGC	STREME-2	4.7e-002	NC_003888.3_1168398_+_unassigned	10.18	tp	1
2-CACCGCCGC	STREME-2	4.7e-002	NC_003888.3_1902489_-_unassigned	10.18	tp	1
2-CACCGCCGC	STREME-2	4.7e-002	NC_003888.3_3173244_+_unassigned	10.13	tp	0
2-CACCGCCGC	STREME-2	4.7e-002	NC_003888.3_3173243_+_unassigned	10.13	tp	0
2-CACCGCCGC	STREME-2	4.7e-002	NC_003888.3_5627674_+_unassigned	10.13	tp	0
2-CACCGCCGC	STREME-2	4.7e-002	NC_003888.3_6212746_+_unassigned	10.13	tp	0
2-CACCGCCGC	STREME-2	4.7e-002	NC_003888.3_4992644_+_unassigned	10.02	tp	0
2-CACCGCCGC	STREME-2	4.7e-002	NC_003888.3_7739894_+_unassigned	10.02	tp	0
2-CACCGCCGC	STREME-2	4.7e-002	NC_003888.3_4131800_-_unassigned	10.02	tp	0
2-CACCGCCGC	STREME-2	4.7e-002	NC_003888.3_2285548_-_unassigned	10.02	tp	0
2-CACCGCCGC	STREME-2	4.7e-002	NC_003888.3_3546311_-_unassigned	10.02	tp	0
2-CACCGCCGC	STREME-2	4.7e-002	NC_003888.3_4875331_+_unassigned	10.02	tp	1
2-CACCGCCGC	STREME-2	4.7e-002	NC_003888.3_613833_-_unassigned	9.96	tp	0
2-CACCGCCGC	STREME-2	4.7e-002	NC_003888.3_2288886_-_unassigned	9.96	tp	0
2-CACCGCCGC	STREME-2	4.7e-002	NC_003888.3_5266569_+_unassigned	9.96	tp	0
2-CACCGCCGC	STREME-2	4.7e-002	NC_003888.3_8626026_-_unassigned	9.96	tp	0
2-CACCGCCGC	STREME-2	4.7e-002	NC_003888.3_5596192_+_unassigned	9.96	tp	0
2-CACCGCCGC	STREME-2	4.7e-002	NC_003888.3_1991764_+_unassigned	9.96	tp	0
2-CACCGCCGC	STREME-2	4.7e-002	NC_003888.3_3716802_+_unassigned	9.96	tp	0
2-CACCGCCGC	STREME-2	4.7e-002	NC_003888.3_6789172_+_unassigned	9.96	tp	0
2-CACCGCCGC	STREME-2	4.7e-002	NC_003888.3_2582908_-_unassigned	9.96	tp	0
2-CACCGCCGC	STREME-2	4.7e-002	NC_003888.3_7424838_-_unassigned	9.96	tp	0
2-CACCGCCGC	STREME-2	4.7e-002	NC_003888.3_3630498_-_unassigned	9.96	tp	1
2-CACCGCCGC	STREME-2	4.7e-002	NC_003888.3_4830368_-_unassigned	9.96	tp	1
2-CACCGCCGC	STREME-2	4.7e-002	NC_003888.3_582571_+_unassigned	9.93	tp	0
2-CACCGCCGC	STREME-2	4.7e-002	NC_003888.3_6783683_-_unassigned	9.93	tp	0
2-CACCGCCGC	STREME-2	4.7e-002	NC_003888.3_6914530_-_unassigned	9.93	tp	0
2-CACCGCCGC	STREME-2	4.7e-002	NC_003888.3_4284349_-_unassigned	9.93	tp	0
2-CACCGCCGC	STREME-2	4.7e-002	NC_003888.3_7308944_+_unassigned	9.93	tp	0
2-CACCGCCGC	STREME-2	4.7e-002	NC_003888.3_3377085_-_unassigned	9.93	tp	0
2-CACCGCCGC	STREME-2	4.7e-002	NC_003888.3_8201505_+_unassigned	9.93	tp	1
2-CACCGCCGC	STREME-2	4.7e-002	NC_003888.3_7308905_-_unassigned	9.93	tp	1
2-CACCGCCGC	STREME-2	4.7e-002	NC_003888.3_1574600_+_unassigned	9.92	tp	0
2-CACCGCCGC	STREME-2	4.7e-002	NC_003888.3_3929016_+_unassigned	9.71	tp	0
2-CACCGCCGC	STREME-2	4.7e-002	NC_003888.3_918189_-_unassigned	9.34	tp	0
#
3-CSCCGGCCR	STREME-3	6.1e-001	NC_003888.3_5349120_+_unassigned	11.52	tp	0
3-CSCCGGCCR	STREME-3	6.1e-001	NC_003888.3_24113_+_unassigned	11.52	tp	0
3-CSCCGGCCR	STREME-3	6.1e-001	NC_003888.3_2942685_+_unassigned	11.52	tp	0
3-CSCCGGCCR	STREME-3	6.1e-001	NC_003888.3_8356903_+_unassigned	11.52	tp	0
3-CSCCGGCCR	STREME-3	6.1e-001	NC_003888.3_3541227_-_unassigned	11.52	tp	0
3-CSCCGGCCR	STREME-3	6.1e-001	NC_003888.3_6197595_+_unassigned	11.52	tp	0
3-CSCCGGCCR	STREME-3	6.1e-001	NC_003888.3_8287053_-_unassigned	11.52	tp	0
3-CSCCGGCCR	STREME-3	6.1e-001	NC_003888.3_3541221_-_unassigned	11.52	tp	0
3-CSCCGGCCR	STREME-3	6.1e-001	NC_003888.3_5948846_+_unassigned	11.52	tp	0
3-CSCCGGCCR	STREME-3	6.1e-001	NC_003888.3_1286640_+_unassigned	11.52	tp	0
3-CSCCGGCCR	STREME-3	6.1e-001	NC_003888.3_8626026_-_unassigned	11.52	tp	0
3-CSCCGGCCR	STREME-3	6.1e-001	NC_003888.3_1286572_-_unassigned	11.52	tp	0
3-CSCCGGCCR	STREME-3	6.1e-001	NC_003888.3_5349082_-_unassigned	11.52	tp	0
3-CSCCGGCCR	STREME-3	6.1e-001	NC_003888.3_1286573_-_unassigned	11.52	tp	0
3-CSCCGGCCR	STREME-3	6.1e-001	NC_003888.3_116615_-_unassigned	11.52	tp	0
3-CSCCGGCCR	STREME-3	6.1e-001	NC_003888.3_2888458_-_unassigned	11.52	tp	0
3-CSCCGGCCR	STREME-3	6.1e-001	NC_003888.3_837137_+_unassigned	11.52	tp	0
3-CSCCGGCCR	STREME-3	6.1e-001	NC_003888.3_1792401_-_unassigned	11.52	tp	0
3-CSCCGGCCR	STREME-3	6.1e-001	NC_003888.3_4404567_+_unassigned	11.52	tp	0
3-CSCCGGCCR	STREME-3	6.1e-001	NC_003888.3_5355004_-_unassigned	11.52	tp	0
3-CSCCGGCCR	STREME-3	6.1e-001	NC_003888.3_8297676_-_unassigned	11.52	tp	0
3-CSCCGGCCR	STREME-3	6.1e-001	NC_003888.3_2772156_+_unassigned	11.52	tp	0
3-CSCCGGCCR	STREME-3	6.1e-001	NC_003888.3_7296947_+_unassigned	11.52	tp	1
3-CSCCGGCCR	STREME-3	6.1e-001	NC_003888.3_5828825_+_unassigned	11.52	tp	1
3-CSCCGGCCR	STREME-3	6.1e-001	NC_003888.3_24110_+_unassigned	11.52	tp	1
3-CSCCGGCCR	STREME-3	6.1e-001	NC_003888.3_3012820_-_unassigned	11.52	tp	1
3-CSCCGGCCR	STREME-3	6.1e-001	NC_003888.3_3218221_-_unassigned	11.52	tp	1
3-CSCCGGCCR	STREME-3	6.1e-001	NC_003888.3_6711767_+_unassigned	11.09	tp	0
3-CSCCGGCCR	STREME-3	6.1e-001	NC_003888.3_1665070_-_unassigned	11.09	tp	0
3-CSCCGGCCR	STREME-3	6.1e-001	NC_003888.3_1520962_-_unassigned	11.09	tp	0
3-CSCCGGCCR	STREME-3	6.1e-001	NC_003888.3_2736493_-_unassigned	11.09	tp	0
3-CSCCGGCCR	STREME-3	6.1e-001	NC_003888.3_6233835_-_unassigned	11.09	tp	0
3-CSCCGGCCR	STREME-3	6.1e-001	NC_003888.3_4227830_+_unassigned	11.09	tp	0
3-CSCCGGCCR	STREME-3	6.1e-001	NC_003888.3_5467255_-_unassigned	11.09	tp	0
3-CSCCGGCCR	STREME-3	6.1e-001	NC_003888.3_2143853_-_unassigned	11.09	tp	0
3-CSCCGGCCR	STREME-3	6.1e-001	NC_003888.3_2775554_+_unassigned	11.09	tp	0
3-CSCCGGCCR	STREME-3	6.1e-001	NC_003888.3_6144879_+_unassigned	11.09	tp	0
3-CSCCGGCCR	STREME-3	6.1e-001	NC_003888.3_1625512_-_AAGCCCG	11.09	fp	1
3-CSCCGGCCR	STREME-3	6.1e-001	NC_003888.3_4191016_+_unassigned	10.83	tp	0
3-CSCCGGCCR	STREME-3	6.1e-001	NC_003888.3_4165519_+_unassigned	10.83	tp	0
3-CSCCGGCCR	STREME-3	6.1e-001	NC_003888.3_1502640_-_unassigned	10.83	tp	0
3-CSCCGGCCR	STREME-3	6.1e-001	NC_003888.3_6514427_+_unassigned	10.83	tp	0
3-CSCCGGCCR	STREME-3	6.1e-001	NC_003888.3_8478670_+_unassigned	10.83	tp	0
3-CSCCGGCCR	STREME-3	6.1e-001	NC_003888.3_7211970_+_unassigned	10.83	tp	0
3-CSCCGGCCR	STREME-3	6.1e-001	NC_003888.3_2559888_+_unassigned	10.83	tp	0
3-CSCCGGCCR	STREME-3	6.1e-001	NC_003888.3_7732926_+_unassigned	10.83	tp	0
3-CSCCGGCCR	STREME-3	6.1e-001	NC_003888.3_2191935_-_unassigned	10.83	tp	0
3-CSCCGGCCR	STREME-3	6.1e-001	NC_003888.3_1729543_+_unassigned	10.83	tp	0
3-CSCCGGCCR	STREME-3	6.1e-001	NC_003888.3_5689064_+_unassigned	10.83	tp	0
3-CSCCGGCCR	STREME-3	6.1e-001	NC_003888.3_4879547_+_unassigned	10.83	tp	0
3-CSCCGGCCR	STREME-3	6.1e-001	NC_003888.3_7739894_+_unassigned	10.83	tp	0
3-CSCCGGCCR	STREME-3	6.1e-001	NC_003888.3_5910961_+_unassigned	10.83	tp	0
3-CSCCGGCCR	STREME-3	6.1e-001	NC_003888.3_1016849_-_unassigned	10.83	tp	0
3-CSCCGGCCR	STREME-3	6.1e-001	NC_003888.3_6789358_+_unassigned	10.83	tp	0
3-CSCCGGCCR	STREME-3	6.1e-001	NC_003888.3_6938981_+_unassigned	10.83	tp	0
3-CSCCGGCCR	STREME-3	6.1e-001	NC_003888.3_7448911_+_unassigned	10.83	tp	0
3-CSCCGGCCR	STREME-3	6.1e-001	NC_003888.3_4422306_+_unassigned	10.83	tp	0
3-CSCCGGCCR	STREME-3	6.1e-001	NC_003888.3_5586240_-_unassigned	10.83	tp	0
3-CSCCGGCCR	STREME-3	6.1e-001	NC_003888.3_5753297_-_AAGCCCG	10.83	fp	0
3-CSCCGGCCR	STREME-3	6.1e-001	NC_003888.3_3310375_-_unassigned	10.83	tp	1
3-CSCCGGCCR	STREME-3	6.1e-001	NC_003888.3_2103463_-_unassigned	10.83	tp	1
3-CSCCGGCCR	STREME-3	6.1e-001	NC_003888.3_2424328_-_unassigned	10.65	tp	0
3-CSCCGGCCR	STREME-3	6.1e-001	NC_003888.3_4608283_+_unassigned	10.65	tp	0
3-CSCCGGCCR	STREME-3	6.1e-001	NC_003888.3_2504522_+_unassigned	10.41	tp	0
3-CSCCGGCCR	STREME-3	6.1e-001	NC_003888.3_8244288_+_unassigned	10.41	tp	0
3-CSCCGGCCR	STREME-3	6.1e-001	NC_003888.3_6659342_-_unassigned	10.41	tp	0
3-CSCCGGCCR	STREME-3	6.1e-001	NC_003888.3_8174301_+_unassigned	10.41	tp	0
3-CSCCGGCCR	STREME-3	6.1e-001	NC_003888.3_4418771_+_unassigned	10.41	tp	0
3-CSCCGGCCR	STREME-3	6.1e-001	NC_003888.3_2924181_+_unassigned	10.41	tp	0
3-CSCCGGCCR	STREME-3	6.1e-001	NC_003888.3_1241668_-_unassigned	10.41	tp	0
3-CSCCGGCCR	STREME-3	6.1e-001	NC_003888.3_7627573_+_unassigned	10.41	tp	0
3-CSCCGGCCR	STREME-3	6.1e-001	NC_003888.3_4109812_-_unassigned	10.41	tp	0
3-CSCCGGCCR	STREME-3	6.1e-001	NC_003888.3_6770835_+_unassigned	10.41	tp	0
3-CSCCGGCCR	STREME-3	6.1e-001	NC_003888.3_749030_-_unassigned	10.41	tp	0
3-CSCCGGCCR	STREME-3	6.1e-001	NC_003888.3_4575653_-_unassigned	10.41	tp	0
3-CSCCGGCCR	STREME-3	6.1e-001	NC_003888.3_6185982_+_unassigned	10.41	tp	0
3-CSCCGGCCR	STREME-3	6.1e-001	NC_003888.3_886776_-_unassigned	10.41	tp	0
3-CSCCGGCCR	STREME-3	6.1e-001	NC_003888.3_5792805_-_AAGCCCG	10.41	fp	0
3-CSCCGGCCR	STREME-3	6.1e-001	NC_003888.3_5792804_-_AAGCCCG	10.41	fp	0
3-CSCCGGCCR	STREME-3	6.1e-001	NC_003888.3_6745357_+_unassigned	10.41	tp	1
3-CSCCGGCCR	STREME-3	6.1e-001	NC_003888.3_5576108_+_unassigned	10.41	tp	1
3-CSCCGGCCR	STREME-3	6.1e-001	NC_003888.3_7853507_-_unassigned	10.07	tp	0
3-CSCCGGCCR	STREME-3	6.1e-001	NC_003888.3_1157919_-_AAGCCCG	10.07	fp	0
3-CSCCGGCCR	STREME-3	6.1e-001	NC_003888.3_635181_+_unassigned	9.97	tp	0
3-CSCCGGCCR	STREME-3	6.1e-001	NC_003888.3_6227053_+_unassigned	9.97	tp	0
3-CSCCGGCCR	STREME-3	6.1e-001	NC_003888.3_6705112_+_unassigned	9.97	tp	0
3-CSCCGGCCR	STREME-3	6.1e-001	NC_003888.3_3544976_-_unassigned	9.88	tp	0
3-CSCCGGCCR	STREME-3	6.1e-001	NC_003888.3_5431248_+_unassigned	9.71	tp	0
3-CSCCGGCCR	STREME-3	6.1e-001	NC_003888.3_8537334_+_unassigned	9.71	tp	0
3-CSCCGGCCR	STREME-3	6.1e-001	NC_003888.3_7520816_+_unassigned	9.71	tp	0
3-CSCCGGCCR	STREME-3	6.1e-001	NC_003888.3_2994005_+_unassigned	9.71	tp	0
3-CSCCGGCCR	STREME-3	6.1e-001	NC_003888.3_1721198_-_unassigned	9.71	tp	0
3-CSCCGGCCR	STREME-3	6.1e-001	NC_003888.3_6236091_+_unassigned	9.71	tp	0
3-CSCCGGCCR	STREME-3	6.1e-001	NC_003888.3_8442378_+_unassigned	9.71	tp	0
3-CSCCGGCCR	STREME-3	6.1e-001	NC_003888.3_8039746_+_unassigned	9.71	tp	0
3-CSCCGGCCR	STREME-3	6.1e-001	NC_003888.3_5294084_+_unassigned	9.71	tp	0
3-CSCCGGCCR	STREME-3	6.1e-001	NC_003888.3_4720313_+_unassigned	9.71	tp	0
3-CSCCGGCCR	STREME-3	6.1e-001	NC_003888.3_4227911_+_unassigned	9.71	tp	0
3-CSCCGGCCR	STREME-3	6.1e-001	NC_003888.3_4023375_+_unassigned	9.71	tp	0
3-CSCCGGCCR	STREME-3	6.1e-001	NC_003888.3_7378486_+_unassigned	9.71	tp	0
3-CSCCGGCCR	STREME-3	6.1e-001	NC_003888.3_6462191_+_unassigned	9.71	tp	0
3-CSCCGGCCR	STREME-3	6.1e-001	NC_003888.3_6382459_-_unassigned	9.71	tp	0
3-CSCCGGCCR	STREME-3	6.1e-001	NC_003888.3_176720_+_unassigned	9.71	tp	0
3-CSCCGGCCR	STREME-3	6.1e-001	NC_003888.3_3228595_-_unassigned	9.71	tp	0
3-CSCCGGCCR	STREME-3	6.1e-001	NC_003888.3_934941_+_unassigned	9.71	tp	0
3-CSCCGGCCR	STREME-3	6.1e-001	NC_003888.3_4863335_+_unassigned	9.71	tp	0
3-CSCCGGCCR	STREME-3	6.1e-001	NC_003888.3_1875533_+_unassigned	9.71	tp	0
3-CSCCGGCCR	STREME-3	6.1e-001	NC_003888.3_1878760_-_unassigned	9.71	tp	0
3-CSCCGGCCR	STREME-3	6.1e-001	NC_003888.3_5001717_-_unassigned	9.71	tp	0
3-CSCCGGCCR	STREME-3	6.1e-001	NC_003888.3_648804_-_unassigned	9.71	tp	0
3-CSCCGGCCR	STREME-3	6.1e-001	NC_003888.3_2475848_+_unassigned	9.71	tp	0
3-CSCCGGCCR	STREME-3	6.1e-001	NC_003888.3_1824359_-_unassigned	9.71	tp	0
3-CSCCGGCCR	STREME-3	6.1e-001	NC_003888.3_3065557_-_unassigned	9.71	tp	0
3-CSCCGGCCR	STREME-3	6.1e-001	NC_003888.3_2528613_+_unassigned	9.71	tp	0
3-CSCCGGCCR	STREME-3	6.1e-001	NC_003888.3_2943416_+_unassigned	9.71	tp	0
3-CSCCGGCCR	STREME-3	6.1e-001	NC_003888.3_1719267_-_unassigned	9.71	tp	0
3-CSCCGGCCR	STREME-3	6.1e-001	NC_003888.3_8100509_-_unassigned	9.71	tp	0
3-CSCCGGCCR	STREME-3	6.1e-001	NC_003888.3_7066058_+_unassigned	9.71	tp	0
3-CSCCGGCCR	STREME-3	6.1e-001	NC_003888.3_6788519_+_unassigned	9.71	tp	0
3-CSCCGGCCR	STREME-3	6.1e-001	NC_003888.3_8494245_+_unassigned	9.71	tp	0
3-CSCCGGCCR	STREME-3	6.1e-001	NC_003888.3_2257946_-_unassigned	9.71	tp	0
3-CSCCGGCCR	STREME-3	6.1e-001	NC_003888.3_2925067_-_unassigned	9.71	tp	0
3-CSCCGGCCR	STREME-3	6.1e-001	NC_003888.3_593726_-_unassigned	9.71	tp	0
3-CSCCGGCCR	STREME-3	6.1e-001	NC_003888.3_3065555_-_unassigned	9.71	tp	0
3-CSCCGGCCR	STREME-3	6.1e-001	NC_003888.3_354684_+_unassigned	9.71	tp	0
3-CSCCGGCCR	STREME-3	6.1e-001	NC_003888.3_6577387_+_unassigned	9.71	tp	0
3-CSCCGGCCR	STREME-3	6.1e-001	NC_003888.3_3561649_+_unassigned	9.71	tp	0
3-CSCCGGCCR	STREME-3	6.1e-001	NC_003888.3_3630628_+_unassigned	9.71	tp	0
3-CSCCGGCCR	STREME-3	6.1e-001	NC_003888.3_424404_+_unassigned	9.71	tp	0
3-CSCCGGCCR	STREME-3	6.1e-001	NC_003888.3_1824358_-_unassigned	9.71	tp	0
3-CSCCGGCCR	STREME-3	6.1e-001	NC_003888.3_6759018_-_unassigned	9.71	tp	0
3-CSCCGGCCR	STREME-3	6.1e-001	NC_003888.3_2439165_-_unassigned	9.71	tp	0
3-CSCCGGCCR	STREME-3	6.1e-001	NC_003888.3_6408549_+_unassigned	9.71	tp	0
3-CSCCGGCCR	STREME-3	6.1e-001	NC_003888.3_3546311_-_unassigned	9.71	tp	0
3-CSCCGGCCR	STREME-3	6.1e-001	NC_003888.3_7765034_+_unassigned	9.71	tp	0
3-CSCCGGCCR	STREME-3	6.1e-001	NC_003888.3_7118234_+_unassigned	9.71	tp	0
3-CSCCGGCCR	STREME-3	6.1e-001	NC_003888.3_6122767_+_unassigned	9.71	tp	0
3-CSCCGGCCR	STREME-3	6.1e-001	NC_003888.3_6216858_+_unassigned	9.71	tp	0
3-CSCCGGCCR	STREME-3	6.1e-001	NC_003888.3_2735320_-_unassigned	9.71	tp	0
3-CSCCGGCCR	STREME-3	6.1e-001	NC_003888.3_1702783_-_unassigned	9.71	tp	0
3-CSCCGGCCR	STREME-3	6.1e-001	NC_003888.3_5216904_-_unassigned	9.71	tp	0
3-CSCCGGCCR	STREME-3	6.1e-001	NC_003888.3_51943_+_unassigned	9.71	tp	0
3-CSCCGGCCR	STREME-3	6.1e-001	NC_003888.3_4567337_+_unassigned	9.71	tp	0
3-CSCCGGCCR	STREME-3	6.1e-001	NC_003888.3_7520822_+_unassigned	9.71	tp	0
3-CSCCGGCCR	STREME-3	6.1e-001	NC_003888.3_7914348_-_unassigned	9.71	tp	0
3-CSCCGGCCR	STREME-3	6.1e-001	NC_003888.3_6216859_+_AAGCCCG	9.71	fp	0
3-CSCCGGCCR	STREME-3	6.1e-001	NC_003888.3_3447416_-_AAGCCCG	9.71	fp	0
3-CSCCGGCCR	STREME-3	6.1e-001	NC_003888.3_4397561_-_AAGCCCG	9.71	fp	0
3-CSCCGGCCR	STREME-3	6.1e-001	NC_003888.3_3447415_-_AAGCCCG	9.71	fp	0
3-CSCCGGCCR	STREME-3	6.1e-001	NC_003888.3_2814280_-_unassigned	9.71	tp	1
3-CSCCGGCCR	STREME-3	6.1e-001	NC_003888.3_1596444_-_unassigned	9.71	tp	1
3-CSCCGGCCR	STREME-3	6.1e-001	NC_003888.3_6765558_-_unassigned	9.71	tp	1
3-CSCCGGCCR	STREME-3	6.1e-001	NC_003888.3_5959076_+_unassigned	9.71	tp	1
3-CSCCGGCCR	STREME-3	6.1e-001	NC_003888.3_6924937_-_unassigned	9.71	tp	1
3-CSCCGGCCR	STREME-3	6.1e-001	NC_003888.3_3264214_+_unassigned	9.60	tp	0
3-CSCCGGCCR	STREME-3	6.1e-001	NC_003888.3_5849634_-_unassigned	9.60	tp	0
3-CSCCGGCCR	STREME-3	6.1e-001	NC_003888.3_1344777_-_unassigned	9.60	tp	0
3-CSCCGGCCR	STREME-3	6.1e-001	NC_003888.3_647457_-_unassigned	9.60	tp	0
3-CSCCGGCCR	STREME-3	6.1e-001	NC_003888.3_455569_-_unassigned	9.60	tp	0
3-CSCCGGCCR	STREME-3	6.1e-001	NC_003888.3_1576324_+_unassigned	9.60	tp	0
3-CSCCGGCCR	STREME-3	6.1e-001	NC_003888.3_1344774_-_unassigned	9.60	tp	0
3-CSCCGGCCR	STREME-3	6.1e-001	NC_003888.3_8441204_+_unassigned	9.60	tp	0
3-CSCCGGCCR	STREME-3	6.1e-001	NC_003888.3_7780962_+_unassigned	9.60	tp	0
3-CSCCGGCCR	STREME-3	6.1e-001	NC_003888.3_3377085_-_unassigned	9.60	tp	0
3-CSCCGGCCR	STREME-3	6.1e-001	NC_003888.3_7526053_+_unassigned	9.56	tp	0
3-CSCCGGCCR	STREME-3	6.1e-001	NC_003888.3_224082_+_unassigned	9.56	tp	0
3-CSCCGGCCR	STREME-3	6.1e-001	NC_003888.3_4088735_+_unassigned	9.38	tp	0
3-CSCCGGCCR	STREME-3	6.1e-001	NC_003888.3_444180_-_unassigned	9.38	tp	0
3-CSCCGGCCR	STREME-3	6.1e-001	NC_003888.3_4612189_+_unassigned	9.38	tp	0
3-CSCCGGCCR	STREME-3	6.1e-001	NC_003888.3_8157647_-_AAGCCCG	9.38	fp	0
3-CSCCGGCCR	STREME-3	6.1e-001	NC_003888.3_2624722_-_unassigned	9.38	tp	1
3-CSCCGGCCR	STREME-3	6.1e-001	NC_003888.3_320225_-_unassigned	9.29	tp	0
3-CSCCGGCCR	STREME-3	6.1e-001	NC_003888.3_4521934_-_unassigned	9.29	tp	0
3-CSCCGGCCR	STREME-3	6.1e-001	NC_003888.3_5581267_+_unassigned	9.29	tp	0
3-CSCCGGCCR	STREME-3	6.1e-001	NC_003888.3_3177293_+_unassigned	9.29	tp	0
3-CSCCGGCCR	STREME-3	6.1e-001	NC_003888.3_550560_-_unassigned	9.29	tp	0
3-CSCCGGCCR	STREME-3	6.1e-001	NC_003888.3_3999824_-_unassigned	9.29	tp	0
3-CSCCGGCCR	STREME-3	6.1e-001	NC_003888.3_3177291_-_unassigned	9.29	tp	0
3-CSCCGGCCR	STREME-3	6.1e-001	NC_003888.3_1719430_+_unassigned	9.29	tp	0
3-CSCCGGCCR	STREME-3	6.1e-001	NC_003888.3_718697_+_unassigned	9.29	tp	0
3-CSCCGGCCR	STREME-3	6.1e-001	NC_003888.3_3078581_-_unassigned	9.29	tp	0
3-CSCCGGCCR	STREME-3	6.1e-001	NC_003888.3_3772192_-_unassigned	9.29	tp	0
3-CSCCGGCCR	STREME-3	6.1e-001	NC_003888.3_1664913_-_unassigned	9.29	tp	0
3-CSCCGGCCR	STREME-3	6.1e-001	NC_003888.3_2774676_-_unassigned	9.29	tp	0
3-CSCCGGCCR	STREME-3	6.1e-001	NC_003888.3_2693247_-_unassigned	9.29	tp	0
3-CSCCGGCCR	STREME-3	6.1e-001	NC_003888.3_4203543_+_unassigned	9.29	tp	0
3-CSCCGGCCR	STREME-3	6.1e-001	NC_003888.3_5030724_+_unassigned	9.29	tp	0
3-CSCCGGCCR	STREME-3	6.1e-001	NC_003888.3_5999640_+_unassigned	9.29	tp	0
3-CSCCGGCCR	STREME-3	6.1e-001	NC_003888.3_948563_+_unassigned	9.29	tp	0
3-CSCCGGCCR	STREME-3	6.1e-001	NC_003888.3_3499839_-_unassigned	9.29	tp	0
3-CSCCGGCCR	STREME-3	6.1e-001	NC_003888.3_5652736_-_AAGCCCG	9.29	fp	0
3-CSCCGGCCR	STREME-3	6.1e-001	NC_003888.3_3742024_-_AAGCCCG	9.29	fp	1
3-CSCCGGCCR	STREME-3	6.1e-001	NC_003888.3_7119124_-_AAGCCCG	9.29	fp	1
3-CSCCGGCCR	STREME-3	6.1e-001	NC_003888.3_7116887_+_unassigned	9.19	tp	1
3-CSCCGGCCR	STREME-3	6.1e-001	NC_003888.3_322787_+_unassigned	9.03	tp	0
3-CSCCGGCCR	STREME-3	6.1e-001	NC_003888.3_2596895_+_unassigned	9.03	tp	0
3-CSCCGGCCR	STREME-3	6.1e-001	NC_003888.3_7106922_+_unassigned	9.03	tp	0
3-CSCCGGCCR	STREME-3	6.1e-001	NC_003888.3_7281113_+_unassigned	9.03	tp	0
3-CSCCGGCCR	STREME-3	6.1e-001	NC_003888.3_7281100_+_unassigned	9.03	tp	0
3-CSCCGGCCR	STREME-3	6.1e-001	NC_003888.3_5114951_+_unassigned	9.03	tp	0
3-CSCCGGCCR	STREME-3	6.1e-001	NC_003888.3_5520178_+_unassigned	9.03	tp	0
3-CSCCGGCCR	STREME-3	6.1e-001	NC_003888.3_405808_+_unassigned	9.03	tp	0
3-CSCCGGCCR	STREME-3	6.1e-001	NC_003888.3_7427291_-_unassigned	9.03	tp	0
3-CSCCGGCCR	STREME-3	6.1e-001	NC_003888.3_5515781_+_unassigned	9.03	tp	0
3-CSCCGGCCR	STREME-3	6.1e-001	NC_003888.3_6796623_+_unassigned	9.03	tp	0
3-CSCCGGCCR	STREME-3	6.1e-001	NC_003888.3_5239897_-_unassigned	9.03	tp	0
3-CSCCGGCCR	STREME-3	6.1e-001	NC_003888.3_4840209_+_unassigned	9.03	tp	0
3-CSCCGGCCR	STREME-3	6.1e-001	NC_003888.3_1860750_+_unassigned	9.03	tp	0
3-CSCCGGCCR	STREME-3	6.1e-001	NC_003888.3_6563267_+_unassigned	9.03	tp	0
3-CSCCGGCCR	STREME-3	6.1e-001	NC_003888.3_4840246_+_unassigned	9.03	tp	0
3-CSCCGGCCR	STREME-3	6.1e-001	NC_003888.3_5220924_+_unassigned	9.03	tp	0
3-CSCCGGCCR	STREME-3	6.1e-001	NC_003888.3_1854291_-_unassigned	9.03	tp	0
3-CSCCGGCCR	STREME-3	6.1e-001	NC_003888.3_8168141_-_unassigned	9.03	tp	0
3-CSCCGGCCR	STREME-3	6.1e-001	NC_003888.3_592540_-_unassigned	9.03	tp	0
3-CSCCGGCCR	STREME-3	6.1e-001	NC_003888.3_8459897_+_unassigned	9.03	tp	0
3-CSCCGGCCR	STREME-3	6.1e-001	NC_003888.3_575259_+_unassigned	9.03	tp	0
3-CSCCGGCCR	STREME-3	6.1e-001	NC_003888.3_1874247_-_unassigned	9.03	tp	0
3-CSCCGGCCR	STREME-3	6.1e-001	NC_003888.3_6918241_-_unassigned	9.03	tp	0
3-CSCCGGCCR	STREME-3	6.1e-001	NC_003888.3_3499997_+_unassigned	9.03	tp	0
3-CSCCGGCCR	STREME-3	6.1e-001	NC_003888.3_7027248_-_unassigned	9.03	tp	0
3-CSCCGGCCR	STREME-3	6.1e-001	NC_003888.3_2103652_+_unassigned	9.03	tp	0
3-CSCCGGCCR	STREME-3	6.1e-001	NC_003888.3_3108839_-_unassigned	9.03	tp	0
3-CSCCGGCCR	STREME-3	6.1e-001	NC_003888.3_5267985_+_unassigned	9.03	tp	0
3-CSCCGGCCR	STREME-3	6.1e-001	NC_003888.3_5596192_+_unassigned	9.03	tp	0
3-CSCCGGCCR	STREME-3	6.1e-001	NC_003888.3_5721467_-_unassigned	9.03	tp	0
3-CSCCGGCCR	STREME-3	6.1e-001	NC_003888.3_8437092_-_unassigned	9.03	tp	0
3-CSCCGGCCR	STREME-3	6.1e-001	NC_003888.3_1088363_-_unassigned	9.03	tp	0
3-CSCCGGCCR	STREME-3	6.1e-001	NC_003888.3_661265_-_unassigned	9.03	tp	0
3-CSCCGGCCR	STREME-3	6.1e-001	NC_003888.3_6793385_+_unassigned	9.03	tp	0
3-CSCCGGCCR	STREME-3	6.1e-001	NC_003888.3_6794413_-_unassigned	9.03	tp	0
3-CSCCGGCCR	STREME-3	6.1e-001	NC_003888.3_4403338_-_unassigned	9.03	tp	0
3-CSCCGGCCR	STREME-3	6.1e-001	NC_003888.3_3716802_+_unassigned	9.03	tp	0
3-CSCCGGCCR	STREME-3	6.1e-001	NC_003888.3_5721494_-_unassigned	9.03	tp	0
3-CSCCGGCCR	STREME-3	6.1e-001	NC_003888.3_5736635_-_unassigned	9.03	tp	0
3-CSCCGGCCR	STREME-3	6.1e-001	NC_003888.3_7436960_+_unassigned	9.03	tp	0
3-CSCCGGCCR	STREME-3	6.1e-001	NC_003888.3_4791551_-_unassigned	9.03	tp	0
3-CSCCGGCCR	STREME-3	6.1e-001	NC_003888.3_5237435_+_unassigned	9.03	tp	0
3-CSCCGGCCR	STREME-3	6.1e-001	NC_003888.3_2955727_+_unassigned	9.03	tp	0
3-CSCCGGCCR	STREME-3	6.1e-001	NC_003888.3_1184059_+_unassigned	9.03	tp	0
3-CSCCGGCCR	STREME-3	6.1e-001	NC_003888.3_1088362_-_unassigned	9.03	tp	0
3-CSCCGGCCR	STREME-3	6.1e-001	NC_003888.3_7320082_+_unassigned	9.03	tp	0
3-CSCCGGCCR	STREME-3	6.1e-001	NC_003888.3_8382170_-_unassigned	9.03	tp	0
3-CSCCGGCCR	STREME-3	6.1e-001	NC_003888.3_1108562_-_unassigned	9.03	tp	0
3-CSCCGGCCR	STREME-3	6.1e-001	NC_003888.3_4423519_+_unassigned	9.03	tp	0
3-CSCCGGCCR	STREME-3	6.1e-001	NC_003888.3_5528919_+_unassigned	9.03	tp	0
3-CSCCGGCCR	STREME-3	6.1e-001	NC_003888.3_4229828_+_unassigned	9.03	tp	0
3-CSCCGGCCR	STREME-3	6.1e-001	NC_003888.3_5364871_-_unassigned	9.03	tp	0
3-CSCCGGCCR	STREME-3	6.1e-001	NC_003888.3_4840210_+_AAGCCCG	9.03	fp	0
3-CSCCGGCCR	STREME-3	6.1e-001	NC_003888.3_6489139_+_unassigned	9.03	tp	1
3-CSCCGGCCR	STREME-3	6.1e-001	NC_003888.3_802532_-_unassigned	9.03	tp	1
3-CSCCGGCCR	STREME-3	6.1e-001	NC_003888.3_7107912_+_unassigned	9.03	tp	1
3-CSCCGGCCR	STREME-3	6.1e-001	NC_003888.3_908453_+_unassigned	8.85	tp	0
3-CSCCGGCCR	STREME-3	6.1e-001	NC_003888.3_8351444_-_unassigned	8.85	tp	0
3-CSCCGGCCR	STREME-3	6.1e-001	NC_003888.3_6336070_+_unassigned	8.85	tp	0
3-CSCCGGCCR	STREME-3	6.1e-001	NC_003888.3_5191447_+_unassigned	8.85	tp	0
3-CSCCGGCCR	STREME-3	6.1e-001	NC_003888.3_7209991_+_unassigned	8.61	tp	0
3-CSCCGGCCR	STREME-3	6.1e-001	NC_003888.3_4088375_+_unassigned	8.61	tp	0
3-CSCCGGCCR	STREME-3	6.1e-001	NC_003888.3_6676787_+_unassigned	8.61	tp	0
3-CSCCGGCCR	STREME-3	6.1e-001	NC_003888.3_2795280_-_unassigned	8.61	tp	0
3-CSCCGGCCR	STREME-3	6.1e-001	NC_003888.3_5404791_+_unassigned	8.61	tp	0
3-CSCCGGCCR	STREME-3	6.1e-001	NC_003888.3_1476418_-_unassigned	8.61	tp	0
3-CSCCGGCCR	STREME-3	6.1e-001	NC_003888.3_5380624_+_unassigned	8.61	tp	0
3-CSCCGGCCR	STREME-3	6.1e-001	NC_003888.3_8507335_+_unassigned	8.61	tp	0
3-CSCCGGCCR	STREME-3	6.1e-001	NC_003888.3_4499659_-_unassigned	8.61	tp	0
3-CSCCGGCCR	STREME-3	6.1e-001	NC_003888.3_981319_-_unassigned	8.61	tp	0
3-CSCCGGCCR	STREME-3	6.1e-001	NC_003888.3_3195432_-_unassigned	8.61	tp	0
3-CSCCGGCCR	STREME-3	6.1e-001	NC_003888.3_1485195_+_unassigned	8.61	tp	0
3-CSCCGGCCR	STREME-3	6.1e-001	NC_003888.3_2428871_-_unassigned	8.61	tp	0
3-CSCCGGCCR	STREME-3	6.1e-001	NC_003888.3_6709333_+_unassigned	8.61	tp	0
3-CSCCGGCCR	STREME-3	6.1e-001	NC_003888.3_96883_+_unassigned	8.61	tp	0
3-CSCCGGCCR	STREME-3	6.1e-001	NC_003888.3_3708968_-_unassigned	8.61	tp	0
3-CSCCGGCCR	STREME-3	6.1e-001	NC_003888.3_924670_+_unassigned	8.61	tp	0
3-CSCCGGCCR	STREME-3	6.1e-001	NC_003888.3_4987805_+_unassigned	8.61	tp	0
3-CSCCGGCCR	STREME-3	6.1e-001	NC_003888.3_574878_+_unassigned	8.61	tp	0
3-CSCCGGCCR	STREME-3	6.1e-001	NC_003888.3_4832455_+_unassigned	8.61	tp	0
3-CSCCGGCCR	STREME-3	6.1e-001	NC_003888.3_7250965_+_unassigned	8.61	tp	0
3-CSCCGGCCR	STREME-3	6.1e-001	NC_003888.3_3478156_+_unassigned	8.61	tp	0
3-CSCCGGCCR	STREME-3	6.1e-001	NC_003888.3_4722268_-_unassigned	8.61	tp	0
3-CSCCGGCCR	STREME-3	6.1e-001	NC_003888.3_736996_+_unassigned	8.61	tp	0
3-CSCCGGCCR	STREME-3	6.1e-001	NC_003888.3_3416393_-_unassigned	8.61	tp	0
3-CSCCGGCCR	STREME-3	6.1e-001	NC_003888.3_1157357_-_unassigned	8.61	tp	0
3-CSCCGGCCR	STREME-3	6.1e-001	NC_003888.3_6637818_-_unassigned	8.61	tp	0
3-CSCCGGCCR	STREME-3	6.1e-001	NC_003888.3_5237755_-_unassigned	8.61	tp	0
3-CSCCGGCCR	STREME-3	6.1e-001	NC_003888.3_6621566_-_unassigned	8.61	tp	0
3-CSCCGGCCR	STREME-3	6.1e-001	NC_003888.3_2792171_-_unassigned	8.61	tp	0
3-CSCCGGCCR	STREME-3	6.1e-001	NC_003888.3_4493600_-_unassigned	8.61	tp	0
3-CSCCGGCCR	STREME-3	6.1e-001	NC_003888.3_7627570_+_unassigned	8.61	tp	0
3-CSCCGGCCR	STREME-3	6.1e-001	NC_003888.3_5499821_-_unassigned	8.61	tp	0
3-CSCCGGCCR	STREME-3	6.1e-001	NC_003888.3_5499851_+_unassigned	8.61	tp	0
3-CSCCGGCCR	STREME-3	6.1e-001	NC_003888.3_4780448_-_unassigned	8.61	tp	0
3-CSCCGGCCR	STREME-3	6.1e-001	NC_003888.3_3136184_+_unassigned	8.61	tp	0
3-CSCCGGCCR	STREME-3	6.1e-001	NC_003888.3_8503907_+_unassigned	8.61	tp	0
3-CSCCGGCCR	STREME-3	6.1e-001	NC_003888.3_6959809_-_unassigned	8.61	tp	0
3-CSCCGGCCR	STREME-3	6.1e-001	NC_003888.3_5503726_-_unassigned	8.61	tp	0
3-CSCCGGCCR	STREME-3	6.1e-001	NC_003888.3_5115520_+_unassigned	8.61	tp	0
3-CSCCGGCCR	STREME-3	6.1e-001	NC_003888.3_4224500_+_unassigned	8.61	tp	0
3-CSCCGGCCR	STREME-3	6.1e-001	NC_003888.3_4795211_+_unassigned	8.61	tp	0
3-CSCCGGCCR	STREME-3	6.1e-001	NC_003888.3_2454365_-_unassigned	8.61	tp	0
3-CSCCGGCCR	STREME-3	6.1e-001	NC_003888.3_7564598_-_unassigned	8.61	tp	0
3-CSCCGGCCR	STREME-3	6.1e-001	NC_003888.3_8218995_-_unassigned	8.61	tp	0
3-CSCCGGCCR	STREME-3	6.1e-001	NC_003888.3_2392878_-_unassigned	8.61	tp	0
3-CSCCGGCCR	STREME-3	6.1e-001	NC_003888.3_1157370_-_unassigned	8.61	tp	0
3-CSCCGGCCR	STREME-3	6.1e-001	NC_003888.3_6530465_+_unassigned	8.61	tp	0
3-CSCCGGCCR	STREME-3	6.1e-001	NC_003888.3_2845047_-_unassigned	8.61	tp	0
3-CSCCGGCCR	STREME-3	6.1e-001	NC_003888.3_1838616_-_unassigned	8.61	tp	0
3-CSCCGGCCR	STREME-3	6.1e-001	NC_003888.3_6040792_-_unassigned	8.61	tp	0
3-CSCCGGCCR	STREME-3	6.1e-001	NC_003888.3_2635678_-_unassigned	8.61	tp	0
3-CSCCGGCCR	STREME-3	6.1e-001	NC_003888.3_4895148_-_unassigned	8.61	tp	0
3-CSCCGGCCR	STREME-3	6.1e-001	NC_003888.3_7711317_+_unassigned	8.61	tp	0
3-CSCCGGCCR	STREME-3	6.1e-001	NC_003888.3_4737057_+_unassigned	8.61	tp	0
3-CSCCGGCCR	STREME-3	6.1e-001	NC_003888.3_6510534_+_unassigned	8.61	tp	0
3-CSCCGGCCR	STREME-3	6.1e-001	NC_003888.3_1443782_+_unassigned	8.61	tp	0
3-CSCCGGCCR	STREME-3	6.1e-001	NC_003888.3_2751817_-_unassigned	8.61	tp	0
3-CSCCGGCCR	STREME-3	6.1e-001	NC_003888.3_1423892_+_unassigned	8.61	tp	0
3-CSCCGGCCR	STREME-3	6.1e-001	NC_003888.3_2792119_-_unassigned	8.61	tp	0
3-CSCCGGCCR	STREME-3	6.1e-001	NC_003888.3_929651_-_unassigned	8.61	tp	0
3-CSCCGGCCR	STREME-3	6.1e-001	NC_003888.3_7551369_+_unassigned	8.61	tp	0
3-CSCCGGCCR	STREME-3	6.1e-001	NC_003888.3_574922_+_unassigned	8.61	tp	0
3-CSCCGGCCR	STREME-3	6.1e-001	NC_003888.3_1157086_-_unassigned	8.61	tp	0
3-CSCCGGCCR	STREME-3	6.1e-001	NC_003888.3_2524680_+_unassigned	8.61	tp	0
3-CSCCGGCCR	STREME-3	6.1e-001	NC_003888.3_4659418_-_unassigned	8.61	tp	0
3-CSCCGGCCR	STREME-3	6.1e-001	NC_003888.3_4745325_+_unassigned	8.61	tp	0
3-CSCCGGCCR	STREME-3	6.1e-001	NC_003888.3_2611800_-_AAGCCCG	8.61	fp	0
3-CSCCGGCCR	STREME-3	6.1e-001	NC_003888.3_3385360_-_AAGCCCG	8.61	fp	0
3-CSCCGGCCR	STREME-3	6.1e-001	NC_003888.3_5697997_-_AAGCCCG	8.61	fp	0
3-CSCCGGCCR	STREME-3	6.1e-001	NC_003888.3_3446536_-_AAGCCCG	8.61	fp	0
3-CSCCGGCCR	STREME-3	6.1e-001	NC_003888.3_4088376_+_AAGCCCG	8.61	fp	0
3-CSCCGGCCR	STREME-3	6.1e-001	NC_003888.3_2628132_-_AAGCCCG	8.61	fp	0
3-CSCCGGCCR	STREME-3	6.1e-001	NC_003888.3_6004403_+_unassigned	8.61	tp	1
3-CSCCGGCCR	STREME-3	6.1e-001	NC_003888.3_7080932_+_unassigned	8.61	tp	1
3-CSCCGGCCR	STREME-3	6.1e-001	NC_003888.3_6297352_+_unassigned	8.61	tp	1
3-CSCCGGCCR	STREME-3	6.1e-001	NC_003888.3_3310173_-_unassigned	8.61	tp	1
3-CSCCGGCCR	STREME-3	6.1e-001	NC_003888.3_678046_+_unassigned	8.61	tp	1
3-CSCCGGCCR	STREME-3	6.1e-001	NC_003888.3_5025328_+_unassigned	8.61	tp	1
3-CSCCGGCCR	STREME-3	6.1e-001	NC_003888.3_4053596_+_unassigned	8.59	tp	0
3-CSCCGGCCR	STREME-3	6.1e-001	NC_003888.3_5988929_+_unassigned	8.50	tp	0
3-CSCCGGCCR	STREME-3	6.1e-001	NC_003888.3_3246648_+_unassigned	8.50	tp	0
3-CSCCGGCCR	STREME-3	6.1e-001	NC_003888.3_6812698_+_unassigned	8.50	tp	0
3-CSCCGGCCR	STREME-3	6.1e-001	NC_003888.3_7221811_+_unassigned	8.34	tp	0
3-CSCCGGCCR	STREME-3	6.1e-001	NC_003888.3_1200439_+_unassigned	8.34	tp	0
3-CSCCGGCCR	STREME-3	6.1e-001	NC_003888.3_2505119_-_unassigned	8.34	tp	0
3-CSCCGGCCR	STREME-3	6.1e-001	NC_003888.3_7026075_-_unassigned	8.34	tp	0
3-CSCCGGCCR	STREME-3	6.1e-001	NC_003888.3_1638262_-_unassigned	8.34	tp	0
3-CSCCGGCCR	STREME-3	6.1e-001	NC_003888.3_7453048_-_unassigned	8.34	tp	0
3-CSCCGGCCR	STREME-3	6.1e-001	NC_003888.3_3311114_-_unassigned	8.34	tp	0
3-CSCCGGCCR	STREME-3	6.1e-001	NC_003888.3_3055827_+_unassigned	8.34	tp	1
3-CSCCGGCCR	STREME-3	6.1e-001	NC_003888.3_6888880_-_unassigned	8.26	tp	0
3-CSCCGGCCR	STREME-3	6.1e-001	NC_003888.3_4794682_+_unassigned	8.26	tp	0
3-CSCCGGCCR	STREME-3	6.1e-001	NC_003888.3_1742556_-_unassigned	8.26	tp	1
3-CSCCGGCCR	STREME-3	6.1e-001	NC_003888.3_6143064_+_unassigned	8.17	tp	0
3-CSCCGGCCR	STREME-3	6.1e-001	NC_003888.3_45004_+_unassigned	8.17	tp	0
3-CSCCGGCCR	STREME-3	6.1e-001	NC_003888.3_6236190_+_unassigned	8.17	tp	0
3-CSCCGGCCR	STREME-3	6.1e-001	NC_003888.3_7499515_+_unassigned	8.17	tp	0
3-CSCCGGCCR	STREME-3	6.1e-001	NC_003888.3_980601_-_unassigned	8.17	tp	0
3-CSCCGGCCR	STREME-3	6.1e-001	NC_003888.3_7006053_-_unassigned	8.17	tp	0
3-CSCCGGCCR	STREME-3	6.1e-001	NC_003888.3_3174520_+_unassigned	8.17	tp	0
3-CSCCGGCCR	STREME-3	6.1e-001	NC_003888.3_7543603_-_unassigned	8.17	tp	0
3-CSCCGGCCR	STREME-3	6.1e-001	NC_003888.3_7914177_-_unassigned	8.17	tp	0
3-CSCCGGCCR	STREME-3	6.1e-001	NC_003888.3_5632751_-_unassigned	8.17	tp	0
3-CSCCGGCCR	STREME-3	6.1e-001	NC_003888.3_6236153_-_unassigned	8.17	tp	0
3-CSCCGGCCR	STREME-3	6.1e-001	NC_003888.3_7867253_+_unassigned	8.17	tp	0
3-CSCCGGCCR	STREME-3	6.1e-001	NC_003888.3_3174540_-_unassigned	8.17	tp	1
3-CSCCGGCCR	STREME-3	6.1e-001	NC_003888.3_3250032_+_unassigned	8.17	tp	1
3-CSCCGGCCR	STREME-3	6.1e-001	NC_003888.3_5325244_+_unassigned	8.13	tp	0
3-CSCCGGCCR	STREME-3	6.1e-001	NC_003888.3_5190162_+_unassigned	8.13	tp	0
3-CSCCGGCCR	STREME-3	6.1e-001	NC_003888.3_7409144_-_unassigned	8.13	tp	0
3-CSCCGGCCR	STREME-3	6.1e-001	NC_003888.3_3000966_-_unassigned	8.13	tp	0
3-CSCCGGCCR	STREME-3	6.1e-001	NC_003888.3_1655791_-_unassigned	8.13	tp	0
3-CSCCGGCCR	STREME-3	6.1e-001	NC_003888.3_3011319_-_unassigned	8.13	tp	0
3-CSCCGGCCR	STREME-3	6.1e-001	NC_003888.3_1542847_-_unassigned	8.13	tp	0
3-CSCCGGCCR	STREME-3	6.1e-001	NC_003888.3_648438_+_unassigned	8.13	tp	0
3-CSCCGGCCR	STREME-3	6.1e-001	NC_003888.3_4699109_-_unassigned	8.13	tp	0
3-CSCCGGCCR	STREME-3	6.1e-001	NC_003888.3_3113410_+_unassigned	8.13	tp	0
3-CSCCGGCCR	STREME-3	6.1e-001	NC_003888.3_181109_-_unassigned	8.13	tp	0
3-CSCCGGCCR	STREME-3	6.1e-001	NC_003888.3_6827025_+_unassigned	8.13	tp	0
3-CSCCGGCCR	STREME-3	6.1e-001	NC_003888.3_7553533_+_unassigned	8.13	tp	0
3-CSCCGGCCR	STREME-3	6.1e-001	NC_003888.3_1991764_+_unassigned	8.13	tp	0
3-CSCCGGCCR	STREME-3	6.1e-001	NC_003888.3_4131800_-_unassigned	8.13	tp	0
3-CSCCGGCCR	STREME-3	6.1e-001	NC_003888.3_491662_+_unassigned	8.13	tp	0
3-CSCCGGCCR	STREME-3	6.1e-001	NC_003888.3_4127932_-_AAGCCCG	8.13	fp	1
3-CSCCGGCCR	STREME-3	6.1e-001	NC_003888.3_5362918_-_AAGCCCG	8.13	fp	1
3-CSCCGGCCR	STREME-3	6.1e-001	NC_003888.3_4881945_+_unassigned	8.00	tp	0
3-CSCCGGCCR	STREME-3	6.1e-001	NC_003888.3_3434215_-_unassigned	8.00	tp	0
3-CSCCGGCCR	STREME-3	6.1e-001	NC_003888.3_3382708_+_unassigned	8.00	tp	0
3-CSCCGGCCR	STREME-3	6.1e-001	NC_003888.3_4187289_+_unassigned	8.00	tp	0
3-CSCCGGCCR	STREME-3	6.1e-001	NC_003888.3_78421_+_unassigned	8.00	tp	0
3-CSCCGGCCR	STREME-3	6.1e-001	NC_003888.3_135597_-_unassigned	8.00	tp	0
3-CSCCGGCCR	STREME-3	6.1e-001	NC_003888.3_23405_+_unassigned	8.00	tp	0
#
4-AGGGAGC	STREME-4	6.1e-001	NC_003888.3_322787_+_unassigned	12.37	tp	0
4-AGGGAGC	STREME-4	6.1e-001	NC_003888.3_3465076_-_unassigned	12.37	tp	0
4-AGGGAGC	STREME-4	6.1e-001	NC_003888.3_7411316_-_unassigned	12.37	tp	0
4-AGGGAGC	STREME-4	6.1e-001	NC_003888.3_4015682_+_unassigned	12.37	tp	0
4-AGGGAGC	STREME-4	6.1e-001	NC_003888.3_4134222_+_unassigned	12.37	tp	0
4-AGGGAGC	STREME-4	6.1e-001	NC_003888.3_2285548_-_unassigned	12.37	tp	0
4-AGGGAGC	STREME-4	6.1e-001	NC_003888.3_4895148_-_unassigned	12.37	tp	0
4-AGGGAGC	STREME-4	6.1e-001	NC_003888.3_827793_-_unassigned	12.37	tp	0
4-AGGGAGC	STREME-4	6.1e-001	NC_003888.3_7282961_-_unassigned	12.37	tp	0
4-AGGGAGC	STREME-4	6.1e-001	NC_003888.3_6857841_-_AAGCCCG	12.37	fp	0
4-AGGGAGC	STREME-4	6.1e-001	NC_003888.3_2390764_-_AAGCCCG	12.37	fp	0
4-AGGGAGC	STREME-4	6.1e-001	NC_003888.3_1146011_-_unassigned	12.37	tp	1
4-AGGGAGC	STREME-4	6.1e-001	NC_003888.3_2390763_-_AAGCCCG	12.37	fp	1
4-AGGGAGC	STREME-4	6.1e-001	NC_003888.3_3325966_-_unassigned	10.95	tp	0
4-AGGGAGC	STREME-4	6.1e-001	NC_003888.3_5355946_-_unassigned	10.95	tp	0
4-AGGGAGC	STREME-4	6.1e-001	NC_003888.3_2575667_+_unassigned	10.95	tp	0
4-AGGGAGC	STREME-4	6.1e-001	NC_003888.3_8649092_-_unassigned	10.95	tp	0
4-AGGGAGC	STREME-4	6.1e-001	NC_003888.3_96883_+_unassigned	10.95	tp	0
4-AGGGAGC	STREME-4	6.1e-001	NC_003888.3_592540_-_unassigned	10.95	tp	0
4-AGGGAGC	STREME-4	6.1e-001	NC_003888.3_7627573_+_unassigned	10.95	tp	0
4-AGGGAGC	STREME-4	6.1e-001	NC_003888.3_7627570_+_unassigned	10.95	tp	0
4-AGGGAGC	STREME-4	6.1e-001	NC_003888.3_4848483_+_unassigned	10.95	tp	0
4-AGGGAGC	STREME-4	6.1e-001	NC_003888.3_6897752_-_unassigned	10.95	tp	0
4-AGGGAGC	STREME-4	6.1e-001	NC_003888.3_2441021_-_unassigned	10.95	tp	1
4-AGGGAGC	STREME-4	6.1e-001	NC_003888.3_4179014_+_unassigned	9.82	tp	0
4-AGGGAGC	STREME-4	6.1e-001	NC_003888.3_7859492_+_unassigned	9.55	tp	0
4-AGGGAGC	STREME-4	6.1e-001	NC_003888.3_2141228_-_unassigned	9.55	tp	0
4-AGGGAGC	STREME-4	6.1e-001	NC_003888.3_7926613_+_unassigned	9.55	tp	0
4-AGGGAGC	STREME-4	6.1e-001	NC_003888.3_7268057_+_unassigned	9.55	tp	0
4-AGGGAGC	STREME-4	6.1e-001	NC_003888.3_766828_-_unassigned	9.55	tp	0
4-AGGGAGC	STREME-4	6.1e-001	NC_003888.3_8209766_+_unassigned	9.55	tp	0
4-AGGGAGC	STREME-4	6.1e-001	NC_003888.3_5554072_+_unassigned	9.55	tp	0
4-AGGGAGC	STREME-4	6.1e-001	NC_003888.3_5014343_+_unassigned	9.55	tp	1
4-AGGGAGC	STREME-4	6.1e-001	NC_003888.3_250423_-_unassigned	9.54	tp	0
4-AGGGAGC	STREME-4	6.1e-001	NC_003888.3_4190936_+_unassigned	9.54	tp	0
4-AGGGAGC	STREME-4	6.1e-001	NC_003888.3_7733955_+_unassigned	9.54	tp	0
4-AGGGAGC	STREME-4	6.1e-001	NC_003888.3_7779906_+_unassigned	9.54	tp	0
4-AGGGAGC	STREME-4	6.1e-001	NC_003888.3_2443416_-_unassigned	9.54	tp	0
4-AGGGAGC	STREME-4	6.1e-001	NC_003888.3_8626026_-_unassigned	9.54	tp	0
4-AGGGAGC	STREME-4	6.1e-001	NC_003888.3_6486297_-_unassigned	9.54	tp	0
4-AGGGAGC	STREME-4	6.1e-001	NC_003888.3_6128993_-_unassigned	9.54	tp	0
4-AGGGAGC	STREME-4	6.1e-001	NC_003888.3_2433109_+_unassigned	9.54	tp	0
4-AGGGAGC	STREME-4	6.1e-001	NC_003888.3_5632751_-_unassigned	9.54	tp	0
4-AGGGAGC	STREME-4	6.1e-001	NC_003888.3_7320082_+_unassigned	9.54	tp	0
4-AGGGAGC	STREME-4	6.1e-001	NC_003888.3_1742556_-_unassigned	9.54	tp	1
4-AGGGAGC	STREME-4	6.1e-001	NC_003888.3_5959076_+_unassigned	9.54	tp	1
4-AGGGAGC	STREME-4	6.1e-001	NC_003888.3_5313816_+_unassigned	9.54	tp	1
4-AGGGAGC	STREME-4	6.1e-001	NC_003888.3_4191016_+_unassigned	9.48	tp	0
4-AGGGAGC	STREME-4	6.1e-001	NC_003888.3_1574600_+_unassigned	9.48	tp	0
4-AGGGAGC	STREME-4	6.1e-001	NC_003888.3_6514427_+_unassigned	9.48	tp	0
4-AGGGAGC	STREME-4	6.1e-001	NC_003888.3_4008838_-_unassigned	9.48	tp	0
4-AGGGAGC	STREME-4	6.1e-001	NC_003888.3_648804_-_unassigned	9.48	tp	0
4-AGGGAGC	STREME-4	6.1e-001	NC_003888.3_2869244_-_unassigned	9.48	tp	0
4-AGGGAGC	STREME-4	6.1e-001	NC_003888.3_6000626_+_unassigned	9.48	tp	0
4-AGGGAGC	STREME-4	6.1e-001	NC_003888.3_1824302_-_unassigned	9.48	tp	0
4-AGGGAGC	STREME-4	6.1e-001	NC_003888.3_3538223_+_unassigned	9.48	tp	0
4-AGGGAGC	STREME-4	6.1e-001	NC_003888.3_4146829_-_unassigned	9.48	tp	0
4-AGGGAGC	STREME-4	6.1e-001	NC_003888.3_503062_+_unassigned	9.48	tp	0
4-AGGGAGC	STREME-4	6.1e-001	NC_003888.3_2634520_+_unassigned	9.48	tp	0
4-AGGGAGC	STREME-4	6.1e-001	NC_003888.3_6914530_-_unassigned	9.48	tp	0
4-AGGGAGC	STREME-4	6.1e-001	NC_003888.3_7897429_-_unassigned	9.48	tp	0
4-AGGGAGC	STREME-4	6.1e-001	NC_003888.3_8463425_-_unassigned	9.48	tp	0
4-AGGGAGC	STREME-4	6.1e-001	NC_003888.3_3246648_+_unassigned	9.48	tp	0
4-AGGGAGC	STREME-4	6.1e-001	NC_003888.3_1950732_-_unassigned	9.48	tp	0
4-AGGGAGC	STREME-4	6.1e-001	NC_003888.3_2775554_+_unassigned	9.48	tp	0
4-AGGGAGC	STREME-4	6.1e-001	NC_003888.3_7782064_+_unassigned	9.48	tp	0
4-AGGGAGC	STREME-4	6.1e-001	NC_003888.3_5856577_+_unassigned	9.48	tp	0
4-AGGGAGC	STREME-4	6.1e-001	NC_003888.3_6185982_+_unassigned	9.48	tp	0
4-AGGGAGC	STREME-4	6.1e-001	NC_003888.3_2103920_-_unassigned	9.48	tp	0
4-AGGGAGC	STREME-4	6.1e-001	NC_003888.3_2959107_-_unassigned	9.48	tp	0
4-AGGGAGC	STREME-4	6.1e-001	NC_003888.3_3421908_+_unassigned	9.48	tp	0
4-AGGGAGC	STREME-4	6.1e-001	NC_003888.3_3982418_-_unassigned	9.48	tp	0
4-AGGGAGC	STREME-4	6.1e-001	NC_003888.3_1842726_+_unassigned	9.48	tp	0
4-AGGGAGC	STREME-4	6.1e-001	NC_003888.3_3174393_+_unassigned	9.48	tp	1
4-AGGGAGC	STREME-4	6.1e-001	NC_003888.3_8667368_+_unassigned	9.07	tp	0
4-AGGGAGC	STREME-4	6.1e-001	NC_003888.3_8559422_-_unassigned	9.07	tp	0
4-AGGGAGC	STREME-4	6.1e-001	NC_003888.3_5404791_+_unassigned	9.07	tp	0
4-AGGGAGC	STREME-4	6.1e-001	NC_003888.3_7499515_+_unassigned	9.07	tp	0
4-AGGGAGC	STREME-4	6.1e-001	NC_003888.3_1078772_-_unassigned	9.07	tp	0
4-AGGGAGC	STREME-4	6.1e-001	NC_003888.3_1860750_+_unassigned	9.07	tp	0
4-AGGGAGC	STREME-4	6.1e-001	NC_003888.3_5727104_-_unassigned	9.07	tp	0
4-AGGGAGC	STREME-4	6.1e-001	NC_003888.3_455569_-_unassigned	9.07	tp	0
4-AGGGAGC	STREME-4	6.1e-001	NC_003888.3_6783683_-_unassigned	9.07	tp	0
4-AGGGAGC	STREME-4	6.1e-001	NC_003888.3_5233915_+_unassigned	9.07	tp	0
4-AGGGAGC	STREME-4	6.1e-001	NC_003888.3_8532712_+_unassigned	9.07	tp	0
4-AGGGAGC	STREME-4	6.1e-001	NC_003888.3_327687_-_unassigned	9.07	tp	0
4-AGGGAGC	STREME-4	6.1e-001	NC_003888.3_6336070_+_unassigned	9.07	tp	0
4-AGGGAGC	STREME-4	6.1e-001	NC_003888.3_146773_+_unassigned	9.07	tp	0
4-AGGGAGC	STREME-4	6.1e-001	NC_003888.3_6577387_+_unassigned	9.07	tp	0
4-AGGGAGC	STREME-4	6.1e-001	NC_003888.3_2005471_+_unassigned	9.07	tp	0
4-AGGGAGC	STREME-4	6.1e-001	NC_003888.3_4203543_+_unassigned	9.07	tp	0
4-AGGGAGC	STREME-4	6.1e-001	NC_003888.3_5595878_-_unassigned	9.07	tp	0
4-AGGGAGC	STREME-4	6.1e-001	NC_003888.3_5731645_-_unassigned	9.07	tp	0
4-AGGGAGC	STREME-4	6.1e-001	NC_003888.3_7937935_-_unassigned	9.07	tp	0
4-AGGGAGC	STREME-4	6.1e-001	NC_003888.3_2900653_-_unassigned	9.07	tp	0
4-AGGGAGC	STREME-4	6.1e-001	NC_003888.3_1792401_-_unassigned	9.07	tp	0
4-AGGGAGC	STREME-4	6.1e-001	NC_003888.3_8097577_+_unassigned	9.07	tp	0
4-AGGGAGC	STREME-4	6.1e-001	NC_003888.3_3057124_-_unassigned	9.07	tp	0
4-AGGGAGC	STREME-4	6.1e-001	NC_003888.3_5850039_+_unassigned	9.07	tp	0
4-AGGGAGC	STREME-4	6.1e-001	NC_003888.3_4559853_-_unassigned	9.07	tp	0
4-AGGGAGC	STREME-4	6.1e-001	NC_003888.3_4679306_+_unassigned	9.07	tp	0
4-AGGGAGC	STREME-4	6.1e-001	NC_003888.3_6216858_+_unassigned	9.07	tp	0
4-AGGGAGC	STREME-4	6.1e-001	NC_003888.3_1433807_-_unassigned	9.07	tp	0
4-AGGGAGC	STREME-4	6.1e-001	NC_003888.3_138_-_unassigned	9.07	tp	0
4-AGGGAGC	STREME-4	6.1e-001	NC_003888.3_447781_-_unassigned	9.07	tp	0
4-AGGGAGC	STREME-4	6.1e-001	NC_003888.3_6216859_+_AAGCCCG	9.07	fp	0
4-AGGGAGC	STREME-4	6.1e-001	NC_003888.3_7199213_+_unassigned	8.85	tp	0
4-AGGGAGC	STREME-4	6.1e-001	NC_003888.3_7383676_+_unassigned	8.85	tp	0
4-AGGGAGC	STREME-4	6.1e-001	NC_003888.3_932608_-_unassigned	8.85	tp	0
4-AGGGAGC	STREME-4	6.1e-001	NC_003888.3_2735320_-_unassigned	8.85	tp	0
4-AGGGAGC	STREME-4	6.1e-001	NC_003888.3_7199204_+_unassigned	8.85	tp	1
4-AGGGAGC	STREME-4	6.1e-001	NC_003888.3_5997627_-_unassigned	8.68	tp	0
4-AGGGAGC	STREME-4	6.1e-001	NC_003888.3_1969217_-_unassigned	8.68	tp	0
4-AGGGAGC	STREME-4	6.1e-001	NC_003888.3_3011319_-_unassigned	8.68	tp	0
4-AGGGAGC	STREME-4	6.1e-001	NC_003888.3_3478156_+_unassigned	8.68	tp	0
4-AGGGAGC	STREME-4	6.1e-001	NC_003888.3_2555100_+_unassigned	8.68	tp	0
4-AGGGAGC	STREME-4	6.1e-001	NC_003888.3_2785219_+_unassigned	8.68	tp	0
4-AGGGAGC	STREME-4	6.1e-001	NC_003888.3_7711317_+_unassigned	8.68	tp	0
4-AGGGAGC	STREME-4	6.1e-001	NC_003888.3_5090744_+_unassigned	8.68	tp	0
4-AGGGAGC	STREME-4	6.1e-001	NC_003888.3_1029473_+_unassigned	8.68	tp	0
4-AGGGAGC	STREME-4	6.1e-001	NC_003888.3_3385360_-_AAGCCCG	8.68	fp	0
4-AGGGAGC	STREME-4	6.1e-001	NC_003888.3_1128801_+_unassigned	8.64	tp	0
4-AGGGAGC	STREME-4	6.1e-001	NC_003888.3_8399434_-_unassigned	8.64	tp	0
4-AGGGAGC	STREME-4	6.1e-001	NC_003888.3_1731174_-_unassigned	8.64	tp	0
4-AGGGAGC	STREME-4	6.1e-001	NC_003888.3_8399433_-_unassigned	8.64	tp	0
4-AGGGAGC	STREME-4	6.1e-001	NC_003888.3_4026189_-_unassigned	8.64	tp	0
4-AGGGAGC	STREME-4	6.1e-001	NC_003888.3_7275571_+_unassigned	8.64	tp	0
4-AGGGAGC	STREME-4	6.1e-001	NC_003888.3_1821396_-_unassigned	8.64	tp	0
4-AGGGAGC	STREME-4	6.1e-001	NC_003888.3_5437964_-_AAGCCCG	8.64	fp	0
4-AGGGAGC	STREME-4	6.1e-001	NC_003888.3_3691282_-_unassigned	8.64	tp	1
4-AGGGAGC	STREME-4	6.1e-001	NC_003888.3_8244288_+_unassigned	8.50	tp	0
4-AGGGAGC	STREME-4	6.1e-001	NC_003888.3_4648089_-_unassigned	8.50	tp	0
4-AGGGAGC	STREME-4	6.1e-001	NC_003888.3_7211567_+_unassigned	8.50	tp	0
4-AGGGAGC	STREME-4	6.1e-001	NC_003888.3_2739857_+_unassigned	8.50	tp	0
4-AGGGAGC	STREME-4	6.1e-001	NC_003888.3_6624375_+_unassigned	8.50	tp	0
4-AGGGAGC	STREME-4	6.1e-001	NC_003888.3_1344777_-_unassigned	8.50	tp	0
4-AGGGAGC	STREME-4	6.1e-001	NC_003888.3_3641554_+_unassigned	8.50	tp	0
4-AGGGAGC	STREME-4	6.1e-001	NC_003888.3_5625052_+_unassigned	8.50	tp	0
4-AGGGAGC	STREME-4	6.1e-001	NC_003888.3_3177293_+_unassigned	8.50	tp	0
4-AGGGAGC	STREME-4	6.1e-001	NC_003888.3_6723064_-_unassigned	8.50	tp	0
4-AGGGAGC	STREME-4	6.1e-001	NC_003888.3_8459897_+_unassigned	8.50	tp	0
4-AGGGAGC	STREME-4	6.1e-001	NC_003888.3_5270818_+_unassigned	8.50	tp	0
4-AGGGAGC	STREME-4	6.1e-001	NC_003888.3_1729543_+_unassigned	8.50	tp	0
4-AGGGAGC	STREME-4	6.1e-001	NC_003888.3_1256533_+_unassigned	8.50	tp	0
4-AGGGAGC	STREME-4	6.1e-001	NC_003888.3_4673408_-_unassigned	8.50	tp	0
4-AGGGAGC	STREME-4	6.1e-001	NC_003888.3_3177291_-_unassigned	8.50	tp	0
4-AGGGAGC	STREME-4	6.1e-001	NC_003888.3_2036680_+_unassigned	8.50	tp	0
4-AGGGAGC	STREME-4	6.1e-001	NC_003888.3_8342393_+_unassigned	8.50	tp	0
4-AGGGAGC	STREME-4	6.1e-001	NC_003888.3_2472314_-_unassigned	8.50	tp	0
4-AGGGAGC	STREME-4	6.1e-001	NC_003888.3_1344774_-_unassigned	8.50	tp	0
4-AGGGAGC	STREME-4	6.1e-001	NC_003888.3_1719430_+_unassigned	8.50	tp	0
4-AGGGAGC	STREME-4	6.1e-001	NC_003888.3_8259750_+_unassigned	8.50	tp	0
4-AGGGAGC	STREME-4	6.1e-001	NC_003888.3_6228298_+_unassigned	8.50	tp	0
4-AGGGAGC	STREME-4	6.1e-001	NC_003888.3_3136184_+_unassigned	8.50	tp	0
4-AGGGAGC	STREME-4	6.1e-001	NC_003888.3_5063482_-_unassigned	8.50	tp	0
4-AGGGAGC	STREME-4	6.1e-001	NC_003888.3_7526053_+_unassigned	8.50	tp	0
4-AGGGAGC	STREME-4	6.1e-001	NC_003888.3_7322939_+_unassigned	8.50	tp	0
4-AGGGAGC	STREME-4	6.1e-001	NC_003888.3_7914177_-_unassigned	8.50	tp	0
4-AGGGAGC	STREME-4	6.1e-001	NC_003888.3_5201935_+_unassigned	8.50	tp	0
4-AGGGAGC	STREME-4	6.1e-001	NC_003888.3_255491_-_unassigned	8.50	tp	0
4-AGGGAGC	STREME-4	6.1e-001	NC_003888.3_2739860_+_unassigned	8.50	tp	0
4-AGGGAGC	STREME-4	6.1e-001	NC_003888.3_211143_+_unassigned	8.50	tp	0
4-AGGGAGC	STREME-4	6.1e-001	NC_003888.3_2334718_-_unassigned	8.50	tp	0
4-AGGGAGC	STREME-4	6.1e-001	NC_003888.3_2429258_-_unassigned	8.50	tp	0
4-AGGGAGC	STREME-4	6.1e-001	NC_003888.3_4655990_-_AAGCCCG	8.50	fp	0
4-AGGGAGC	STREME-4	6.1e-001	NC_003888.3_1561817_-_AAGCCCG	8.50	fp	0
4-AGGGAGC	STREME-4	6.1e-001	NC_003888.3_6765558_-_unassigned	8.50	tp	1
4-AGGGAGC	STREME-4	6.1e-001	NC_003888.3_7763434_+_unassigned	8.50	tp	1
4-AGGGAGC	STREME-4	6.1e-001	NC_003888.3_2103463_-_unassigned	8.50	tp	1
4-AGGGAGC	STREME-4	6.1e-001	NC_003888.3_5025328_+_unassigned	8.50	tp	1
4-AGGGAGC	STREME-4	6.1e-001	NC_003888.3_1028664_-_AAGCCCG	8.50	fp	1
4-AGGGAGC	STREME-4	6.1e-001	NC_003888.3_462740_-_unassigned	8.27	tp	0
4-AGGGAGC	STREME-4	6.1e-001	NC_003888.3_6998123_+_unassigned	8.27	tp	0
4-AGGGAGC	STREME-4	6.1e-001	NC_003888.3_8478670_+_unassigned	8.27	tp	0
4-AGGGAGC	STREME-4	6.1e-001	NC_003888.3_7233752_+_unassigned	8.27	tp	0
4-AGGGAGC	STREME-4	6.1e-001	NC_003888.3_3466613_-_unassigned	8.27	tp	0
4-AGGGAGC	STREME-4	6.1e-001	NC_003888.3_1425559_-_unassigned	8.27	tp	0
4-AGGGAGC	STREME-4	6.1e-001	NC_003888.3_7118234_+_unassigned	8.27	tp	0
4-AGGGAGC	STREME-4	6.1e-001	NC_003888.3_7849061_+_unassigned	7.67	tp	1
4-AGGGAGC	STREME-4	6.1e-001	NC_003888.3_4830368_-_unassigned	7.67	tp	1
4-AGGGAGC	STREME-4	6.1e-001	NC_003888.3_1367353_-_unassigned	7.66	tp	0
4-AGGGAGC	STREME-4	6.1e-001	NC_003888.3_4037910_-_unassigned	7.66	tp	0
4-AGGGAGC	STREME-4	6.1e-001	NC_003888.3_298186_+_unassigned	7.64	tp	0
4-AGGGAGC	STREME-4	6.1e-001	NC_003888.3_8305088_+_unassigned	7.64	tp	0
4-AGGGAGC	STREME-4	6.1e-001	NC_003888.3_3286496_-_unassigned	7.64	tp	0
4-AGGGAGC	STREME-4	6.1e-001	NC_003888.3_7436960_+_unassigned	7.64	tp	0
4-AGGGAGC	STREME-4	6.1e-001	NC_003888.3_2339669_-_unassigned	7.64	tp	0
4-AGGGAGC	STREME-4	6.1e-001	NC_003888.3_5753480_-_AAGCCCG	7.64	fp	0
4-AGGGAGC	STREME-4	6.1e-001	NC_003888.3_240265_-_AAGCCCG	7.64	fp	0
4-AGGGAGC	STREME-4	6.1e-001	NC_003888.3_3316231_+_unassigned	7.64	tp	1
4-AGGGAGC	STREME-4	6.1e-001	NC_003888.3_4439044_-_unassigned	7.64	tp	1
4-AGGGAGC	STREME-4	6.1e-001	NC_003888.3_7751511_+_unassigned	7.63	tp	0
4-AGGGAGC	STREME-4	6.1e-001	NC_003888.3_8309848_+_unassigned	7.63	tp	0
4-AGGGAGC	STREME-4	6.1e-001	NC_003888.3_4088735_+_unassigned	7.63	tp	0
4-AGGGAGC	STREME-4	6.1e-001	NC_003888.3_2552392_+_unassigned	7.63	tp	0
4-AGGGAGC	STREME-4	6.1e-001	NC_003888.3_1875714_+_unassigned	7.63	tp	0
4-AGGGAGC	STREME-4	6.1e-001	NC_003888.3_6057200_+_unassigned	7.63	tp	0
4-AGGGAGC	STREME-4	6.1e-001	NC_003888.3_4209242_+_unassigned	7.63	tp	0
4-AGGGAGC	STREME-4	6.1e-001	NC_003888.3_7155223_-_unassigned	7.63	tp	0
4-AGGGAGC	STREME-4	6.1e-001	NC_003888.3_6722686_+_unassigned	7.63	tp	0
4-AGGGAGC	STREME-4	6.1e-001	NC_003888.3_7086447_-_unassigned	7.63	tp	0
4-AGGGAGC	STREME-4	6.1e-001	NC_003888.3_4887773_-_unassigned	7.63	tp	0
4-AGGGAGC	STREME-4	6.1e-001	NC_003888.3_7667977_+_unassigned	7.63	tp	0
4-AGGGAGC	STREME-4	6.1e-001	NC_003888.3_5652010_+_unassigned	7.63	tp	0
4-AGGGAGC	STREME-4	6.1e-001	NC_003888.3_4567337_+_unassigned	7.63	tp	0
4-AGGGAGC	STREME-4	6.1e-001	NC_003888.3_7188937_+_unassigned	7.63	tp	1
4-AGGGAGC	STREME-4	6.1e-001	NC_003888.3_7513985_+_unassigned	7.43	tp	0
4-AGGGAGC	STREME-4	6.1e-001	NC_003888.3_8509637_-_AAGCCCG	7.43	fp	1
4-AGGGAGC	STREME-4	6.1e-001	NC_003888.3_1937091_-_unassigned	7.34	tp	0
4-AGGGAGC	STREME-4	6.1e-001	NC_003888.3_7769846_-_unassigned	7.34	tp	0
4-AGGGAGC	STREME-4	6.1e-001	NC_003888.3_7987935_+_unassigned	7.34	tp	0
4-AGGGAGC	STREME-4	6.1e-001	NC_003888.3_2648178_-_unassigned	7.34	tp	0
4-AGGGAGC	STREME-4	6.1e-001	NC_003888.3_5945248_+_unassigned	7.34	tp	0
4-AGGGAGC	STREME-4	6.1e-001	NC_003888.3_1895492_-_unassigned	7.34	tp	0
4-AGGGAGC	STREME-4	6.1e-001	NC_003888.3_6827025_+_unassigned	7.34	tp	0
4-AGGGAGC	STREME-4	6.1e-001	NC_003888.3_3251506_+_unassigned	7.34	tp	0
4-AGGGAGC	STREME-4	6.1e-001	NC_003888.3_4507660_+_unassigned	7.34	tp	0
4-AGGGAGC	STREME-4	6.1e-001	NC_003888.3_3253767_-_unassigned	7.34	tp	0
4-AGGGAGC	STREME-4	6.1e-001	NC_003888.3_2408510_-_unassigned	7.34	tp	0
4-AGGGAGC	STREME-4	6.1e-001	NC_003888.3_5965080_+_unassigned	7.34	tp	0
4-AGGGAGC	STREME-4	6.1e-001	NC_003888.3_929651_-_unassigned	7.34	tp	0
4-AGGGAGC	STREME-4	6.1e-001	NC_003888.3_1622772_-_AAGCCCG	7.34	fp	0
4-AGGGAGC	STREME-4	6.1e-001	NC_003888.3_7280233_-_unassigned	7.34	tp	1
4-AGGGAGC	STREME-4	6.1e-001	NC_003888.3_1568521_+_unassigned	7.34	tp	1
4-AGGGAGC	STREME-4	6.1e-001	NC_003888.3_6654053_-_unassigned	7.34	tp	1
4-AGGGAGC	STREME-4	6.1e-001	NC_003888.3_6725221_-_AAGCCCG	7.34	fp	1
4-AGGGAGC	STREME-4	6.1e-001	NC_003888.3_5547372_+_unassigned	7.26	tp	0
4-AGGGAGC	STREME-4	6.1e-001	NC_003888.3_7624784_-_unassigned	7.26	tp	0
4-AGGGAGC	STREME-4	6.1e-001	NC_003888.3_8658796_-_unassigned	7.26	tp	0
4-AGGGAGC	STREME-4	6.1e-001	NC_003888.3_2392878_-_unassigned	7.26	tp	0
4-AGGGAGC	STREME-4	6.1e-001	NC_003888.3_8257591_+_unassigned	7.26	tp	0
4-AGGGAGC	STREME-4	6.1e-001	NC_003888.3_8710_+_unassigned	7.26	tp	1
4-AGGGAGC	STREME-4	6.1e-001	NC_003888.3_4149863_-_unassigned	7.07	tp	0
4-AGGGAGC	STREME-4	6.1e-001	NC_003888.3_6796623_+_unassigned	7.07	tp	0
4-AGGGAGC	STREME-4	6.1e-001	NC_003888.3_955186_+_unassigned	7.07	tp	0
4-AGGGAGC	STREME-4	6.1e-001	NC_003888.3_2018953_-_unassigned	7.07	tp	0
4-AGGGAGC	STREME-4	6.1e-001	NC_003888.3_1855023_+_unassigned	7.07	tp	0
4-AGGGAGC	STREME-4	6.1e-001	NC_003888.3_4669533_+_unassigned	7.07	tp	0
4-AGGGAGC	STREME-4	6.1e-001	NC_003888.3_5350896_+_unassigned	7.07	tp	0
4-AGGGAGC	STREME-4	6.1e-001	NC_003888.3_4187289_+_unassigned	7.07	tp	0
4-AGGGAGC	STREME-4	6.1e-001	NC_003888.3_2277664_-_unassigned	7.07	tp	0
4-AGGGAGC	STREME-4	6.1e-001	NC_003888.3_6793385_+_unassigned	7.07	tp	0
4-AGGGAGC	STREME-4	6.1e-001	NC_003888.3_2774676_-_unassigned	7.07	tp	0
4-AGGGAGC	STREME-4	6.1e-001	NC_003888.3_835882_-_unassigned	7.07	tp	0
4-AGGGAGC	STREME-4	6.1e-001	NC_003888.3_78421_+_unassigned	7.07	tp	0
4-AGGGAGC	STREME-4	6.1e-001	NC_003888.3_8219670_-_unassigned	7.07	tp	0
4-AGGGAGC	STREME-4	6.1e-001	NC_003888.3_1724359_-_unassigned	7.07	tp	0
4-AGGGAGC	STREME-4	6.1e-001	NC_003888.3_3005415_+_unassigned	7.07	tp	0
4-AGGGAGC	STREME-4	6.1e-001	NC_003888.3_6993087_-_AAGCCCG	7.07	fp	0
4-AGGGAGC	STREME-4	6.1e-001	NC_003888.3_5231642_-_AAGCCCG	7.07	fp	0
4-AGGGAGC	STREME-4	6.1e-001	NC_003888.3_6489139_+_unassigned	7.07	tp	1
4-AGGGAGC	STREME-4	6.1e-001	NC_003888.3_4669535_+_unassigned	7.07	tp	1
4-AGGGAGC	STREME-4	6.1e-001	NC_003888.3_3345421_+_unassigned	7.07	tp	1
4-AGGGAGC	STREME-4	6.1e-001	NC_003888.3_635181_+_unassigned	7.07	tp	0
4-AGGGAGC	STREME-4	6.1e-001	NC_003888.3_2339428_-_unassigned	7.07	tp	0
4-AGGGAGC	STREME-4	6.1e-001	NC_003888.3_5239897_-_unassigned	7.07	tp	0
4-AGGGAGC	STREME-4	6.1e-001	NC_003888.3_1756387_+_unassigned	7.07	tp	0
4-AGGGAGC	STREME-4	6.1e-001	NC_003888.3_5467255_-_unassigned	7.07	tp	0
4-AGGGAGC	STREME-4	6.1e-001	NC_003888.3_6000692_+_unassigned	7.07	tp	0
4-AGGGAGC	STREME-4	6.1e-001	NC_003888.3_7106922_+_unassigned	7.05	tp	0
4-AGGGAGC	STREME-4	6.1e-001	NC_003888.3_1392668_+_unassigned	7.05	tp	0
4-AGGGAGC	STREME-4	6.1e-001	NC_003888.3_1392669_+_unassigned	7.05	tp	0
4-AGGGAGC	STREME-4	6.1e-001	NC_003888.3_4455002_-_unassigned	7.05	tp	0
4-AGGGAGC	STREME-4	6.1e-001	NC_003888.3_5689064_+_unassigned	7.05	tp	0
4-AGGGAGC	STREME-4	6.1e-001	NC_003888.3_7634345_-_AAGCCCG	7.05	fp	0
4-AGGGAGC	STREME-4	6.1e-001	NC_003888.3_5325370_-_unassigned	7.05	tp	1
4-AGGGAGC	STREME-4	6.1e-001	NC_003888.3_6693826_+_unassigned	6.86	tp	0
4-AGGGAGC	STREME-4	6.1e-001	NC_003888.3_4972750_+_unassigned	6.86	tp	0
4-AGGGAGC	STREME-4	6.1e-001	NC_003888.3_7126992_-_AAGCCCG	6.86	fp	0
4-AGGGAGC	STREME-4	6.1e-001	NC_003888.3_6994093_-_unassigned	6.86	tp	1
4-AGGGAGC	STREME-4	6.1e-001	NC_003888.3_3785243_-_AAGCCCG	6.86	fp	1
4-AGGGAGC	STREME-4	6.1e-001	NC_003888.3_5395917_+_unassigned	6.69	tp	0
4-AGGGAGC	STREME-4	6.1e-001	NC_003888.3_3610218_+_unassigned	6.69	tp	0
4-AGGGAGC	STREME-4	6.1e-001	NC_003888.3_4660066_-_unassigned	6.69	tp	0
4-AGGGAGC	STREME-4	6.1e-001	NC_003888.3_4944310_+_unassigned	6.69	tp	0
4-AGGGAGC	STREME-4	6.1e-001	NC_003888.3_2596895_+_unassigned	6.59	tp	0
4-AGGGAGC	STREME-4	6.1e-001	NC_003888.3_3304190_-_unassigned	6.59	tp	0
4-AGGGAGC	STREME-4	6.1e-001	NC_003888.3_7594157_-_unassigned	6.59	tp	0
4-AGGGAGC	STREME-4	6.1e-001	NC_003888.3_769641_+_unassigned	6.59	tp	0
4-AGGGAGC	STREME-4	6.1e-001	NC_003888.3_5627674_+_unassigned	6.59	tp	0
4-AGGGAGC	STREME-4	6.1e-001	NC_003888.3_1200703_-_unassigned	6.59	tp	0
4-AGGGAGC	STREME-4	6.1e-001	NC_003888.3_763095_+_unassigned	6.59	tp	0
4-AGGGAGC	STREME-4	6.1e-001	NC_003888.3_4529261_+_unassigned	6.59	tp	0
4-AGGGAGC	STREME-4	6.1e-001	NC_003888.3_1369907_-_unassigned	6.59	tp	0
4-AGGGAGC	STREME-4	6.1e-001	NC_003888.3_8239949_-_unassigned	6.59	tp	0
4-AGGGAGC	STREME-4	6.1e-001	NC_003888.3_4543151_-_unassigned	6.59	tp	0
4-AGGGAGC	STREME-4	6.1e-001	NC_003888.3_7448911_+_unassigned	6.59	tp	0
4-AGGGAGC	STREME-4	6.1e-001	NC_003888.3_4543152_-_unassigned	6.59	tp	0
4-AGGGAGC	STREME-4	6.1e-001	NC_003888.3_6531134_+_unassigned	6.59	tp	1
4-AGGGAGC	STREME-4	6.1e-001	NC_003888.3_43753_+_unassigned	6.51	tp	0
4-AGGGAGC	STREME-4	6.1e-001	NC_003888.3_5355004_-_unassigned	6.51	tp	0
4-AGGGAGC	STREME-4	6.1e-001	NC_003888.3_2814280_-_unassigned	6.51	tp	1
4-AGGGAGC	STREME-4	6.1e-001	NC_003888.3_5441559_-_unassigned	6.50	tp	0
4-AGGGAGC	STREME-4	6.1e-001	NC_003888.3_7920699_+_unassigned	6.50	tp	0
4-AGGGAGC	STREME-4	6.1e-001	NC_003888.3_5380624_+_unassigned	6.42	tp	0
4-AGGGAGC	STREME-4	6.1e-001	NC_003888.3_3779730_+_unassigned	6.42	tp	0
4-AGGGAGC	STREME-4	6.1e-001	NC_003888.3_6235413_-_unassigned	6.42	tp	0
4-AGGGAGC	STREME-4	6.1e-001	NC_003888.3_2849869_-_unassigned	6.42	tp	0
4-AGGGAGC	STREME-4	6.1e-001	NC_003888.3_6040792_-_unassigned	6.42	tp	0
4-AGGGAGC	STREME-4	6.1e-001	NC_003888.3_7108022_+_unassigned	6.42	tp	0
4-AGGGAGC	STREME-4	6.1e-001	NC_003888.3_1665372_-_unassigned	6.42	tp	0
#
5-CGGGTTGCG	STREME-5	7.9e-001	NC_003888.3_2664212_-_unassigned	13.71	tp	0
5-CGGGTTGCG	STREME-5	7.9e-001	NC_003888.3_7764272_+_unassigned	13.71	tp	0
5-CGGGTTGCG	STREME-5	7.9e-001	NC_003888.3_7151319_+_unassigned	13.71	tp	0
5-CGGGTTGCG	STREME-5	7.9e-001	NC_003888.3_3383758_+_unassigned	13.71	tp	0
5-CGGGTTGCG	STREME-5	7.9e-001	NC_003888.3_5965080_+_unassigned	13.71	tp	0
5-CGGGTTGCG	STREME-5	7.9e-001	NC_003888.3_6185982_+_unassigned	13.71	tp	0
5-CGGGTTGCG	STREME-5	7.9e-001	NC_003888.3_2664215_-_unassigned	13.71	tp	0
5-CGGGTTGCG	STREME-5	7.9e-001	NC_003888.3_789448_-_unassigned	11.75	tp	0
5-CGGGTTGCG	STREME-5	7.9e-001	NC_003888.3_7277832_+_unassigned	11.75	tp	0
5-CGGGTTGCG	STREME-5	7.9e-001	NC_003888.3_8503907_+_unassigned	11.75	tp	0
5-CGGGTTGCG	STREME-5	7.9e-001	NC_003888.3_5904284_-_unassigned	11.75	tp	0
5-CGGGTTGCG	STREME-5	7.9e-001	NC_003888.3_6623455_+_unassigned	11.75	tp	0
5-CGGGTTGCG	STREME-5	7.9e-001	NC_003888.3_4019267_-_unassigned	11.73	tp	0
5-CGGGTTGCG	STREME-5	7.9e-001	NC_003888.3_4654413_-_unassigned	11.73	tp	0
5-CGGGTTGCG	STREME-5	7.9e-001	NC_003888.3_5988929_+_unassigned	11.64	tp	0
5-CGGGTTGCG	STREME-5	7.9e-001	NC_003888.3_774575_-_unassigned	11.64	tp	0
5-CGGGTTGCG	STREME-5	7.9e-001	NC_003888.3_5714047_+_unassigned	11.61	tp	0
5-CGGGTTGCG	STREME-5	7.9e-001	NC_003888.3_7290476_-_unassigned	11.61	tp	0
5-CGGGTTGCG	STREME-5	7.9e-001	NC_003888.3_1347622_+_unassigned	11.61	tp	0
5-CGGGTTGCG	STREME-5	7.9e-001	NC_003888.3_298186_+_unassigned	11.61	tp	0
5-CGGGTTGCG	STREME-5	7.9e-001	NC_003888.3_5636354_+_unassigned	11.61	tp	0
5-CGGGTTGCG	STREME-5	7.9e-001	NC_003888.3_7084775_+_unassigned	11.61	tp	0
5-CGGGTTGCG	STREME-5	7.9e-001	NC_003888.3_8369790_+_unassigned	11.61	tp	0
5-CGGGTTGCG	STREME-5	7.9e-001	NC_003888.3_8504282_-_unassigned	11.61	tp	0
5-CGGGTTGCG	STREME-5	7.9e-001	NC_003888.3_2074343_-_unassigned	11.61	tp	0
5-CGGGTTGCG	STREME-5	7.9e-001	NC_003888.3_3749405_+_unassigned	11.61	tp	0
5-CGGGTTGCG	STREME-5	7.9e-001	NC_003888.3_6233835_-_unassigned	11.61	tp	0
5-CGGGTTGCG	STREME-5	7.9e-001	NC_003888.3_5115520_+_unassigned	11.61	tp	0
5-CGGGTTGCG	STREME-5	7.9e-001	NC_003888.3_6750383_+_unassigned	11.61	tp	0
5-CGGGTTGCG	STREME-5	7.9e-001	NC_003888.3_1369907_-_unassigned	11.61	tp	0
5-CGGGTTGCG	STREME-5	7.9e-001	NC_003888.3_7421787_-_unassigned	11.61	tp	0
5-CGGGTTGCG	STREME-5	7.9e-001	NC_003888.3_1163113_-_unassigned	11.61	tp	0
5-CGGGTTGCG	STREME-5	7.9e-001	NC_003888.3_7108022_+_unassigned	11.61	tp	0
5-CGGGTTGCG	STREME-5	7.9e-001	NC_003888.3_4809474_+_unassigned	11.61	tp	0
5-CGGGTTGCG	STREME-5	7.9e-001	NC_003888.3_4422306_+_unassigned	11.61	tp	0
5-CGGGTTGCG	STREME-5	7.9e-001	NC_003888.3_1029473_+_unassigned	11.61	tp	0
5-CGGGTTGCG	STREME-5	7.9e-001	NC_003888.3_3310375_-_unassigned	11.61	tp	1
5-CGGGTTGCG	STREME-5	7.9e-001	NC_003888.3_1168398_+_unassigned	11.44	tp	1
5-CGGGTTGCG	STREME-5	7.9e-001	NC_003888.3_5652010_+_unassigned	11.37	tp	0
5-CGGGTTGCG	STREME-5	7.9e-001	NC_003888.3_3446536_-_AAGCCCG	11.30	fp	0
5-CGGGTTGCG	STREME-5	7.9e-001	NC_003888.3_1742556_-_unassigned	11.30	tp	1
5-CGGGTTGCG	STREME-5	7.9e-001	NC_003888.3_1236842_+_unassigned	11.19	tp	0
5-CGGGTTGCG	STREME-5	7.9e-001	NC_003888.3_5642523_+_unassigned	11.19	tp	1
5-CGGGTTGCG	STREME-5	7.9e-001	NC_003888.3_8442378_+_unassigned	10.92	tp	0
5-CGGGTTGCG	STREME-5	7.9e-001	NC_003888.3_3000966_-_unassigned	10.92	tp	0
5-CGGGTTGCG	STREME-5	7.9e-001	NC_003888.3_6382459_-_unassigned	10.92	tp	0
5-CGGGTTGCG	STREME-5	7.9e-001	NC_003888.3_7211970_+_unassigned	10.92	tp	0
5-CGGGTTGCG	STREME-5	7.9e-001	NC_003888.3_1888101_-_unassigned	10.92	tp	0
5-CGGGTTGCG	STREME-5	7.9e-001	NC_003888.3_5018171_+_unassigned	10.92	tp	0
5-CGGGTTGCG	STREME-5	7.9e-001	NC_003888.3_7578632_-_unassigned	10.92	tp	0
5-CGGGTTGCG	STREME-5	7.9e-001	NC_003888.3_5270818_+_unassigned	10.92	tp	0
5-CGGGTTGCG	STREME-5	7.9e-001	NC_003888.3_1874247_-_unassigned	10.92	tp	0
5-CGGGTTGCG	STREME-5	7.9e-001	NC_003888.3_6297020_+_unassigned	10.92	tp	0
5-CGGGTTGCG	STREME-5	7.9e-001	NC_003888.3_8253548_+_unassigned	10.87	tp	0
5-CGGGTTGCG	STREME-5	7.9e-001	NC_003888.3_2439165_-_unassigned	10.87	tp	0
5-CGGGTTGCG	STREME-5	7.9e-001	NC_003888.3_5251676_-_unassigned	10.85	tp	0
5-CGGGTTGCG	STREME-5	7.9e-001	NC_003888.3_3268262_+_unassigned	10.85	tp	0
5-CGGGTTGCG	STREME-5	7.9e-001	NC_003888.3_5247529_-_unassigned	10.63	tp	0
5-CGGGTTGCG	STREME-5	7.9e-001	NC_003888.3_3174104_+_unassigned	10.63	tp	0
5-CGGGTTGCG	STREME-5	7.9e-001	NC_003888.3_5239897_-_unassigned	10.63	tp	0
5-CGGGTTGCG	STREME-5	7.9e-001	NC_003888.3_1722280_-_unassigned	10.63	tp	0
5-CGGGTTGCG	STREME-5	7.9e-001	NC_003888.3_4863335_+_unassigned	10.63	tp	0
5-CGGGTTGCG	STREME-5	7.9e-001	NC_003888.3_6797460_+_unassigned	10.63	tp	0
5-CGGGTTGCG	STREME-5	7.9e-001	NC_003888.3_244807_-_unassigned	10.63	tp	0
5-CGGGTTGCG	STREME-5	7.9e-001	NC_003888.3_6378711_-_unassigned	10.63	tp	0
5-CGGGTTGCG	STREME-5	7.9e-001	NC_003888.3_6370293_+_unassigned	10.63	tp	0
5-CGGGTTGCG	STREME-5	7.9e-001	NC_003888.3_5577918_+_unassigned	10.63	tp	0
5-CGGGTTGCG	STREME-5	7.9e-001	NC_003888.3_5233915_+_unassigned	10.63	tp	0
5-CGGGTTGCG	STREME-5	7.9e-001	NC_003888.3_4887773_-_unassigned	10.63	tp	0
5-CGGGTTGCG	STREME-5	7.9e-001	NC_003888.3_5295464_+_unassigned	10.63	tp	0
5-CGGGTTGCG	STREME-5	7.9e-001	NC_003888.3_1722329_+_unassigned	10.63	tp	0
5-CGGGTTGCG	STREME-5	7.9e-001	NC_003888.3_1147604_-_AAGCCCG	10.63	fp	0
5-CGGGTTGCG	STREME-5	7.9e-001	NC_003888.3_1147605_-_AAGCCCG	10.63	fp	1
5-CGGGTTGCG	STREME-5	7.9e-001	NC_003888.3_5577919_+_AAGCCCG	10.63	fp	1
5-CGGGTTGCG	STREME-5	7.9e-001	NC_003888.3_3499997_+_unassigned	10.39	tp	0
5-CGGGTTGCG	STREME-5	7.9e-001	NC_003888.3_7499515_+_unassigned	9.94	tp	0
5-CGGGTTGCG	STREME-5	7.9e-001	NC_003888.3_1155718_+_unassigned	9.94	tp	0
5-CGGGTTGCG	STREME-5	7.9e-001	NC_003888.3_5289723_+_unassigned	9.94	tp	0
5-CGGGTTGCG	STREME-5	7.9e-001	NC_003888.3_1355973_-_unassigned	9.94	tp	0
5-CGGGTTGCG	STREME-5	7.9e-001	NC_003888.3_6527073_+_unassigned	9.94	tp	0
5-CGGGTTGCG	STREME-5	7.9e-001	NC_003888.3_1178228_-_unassigned	9.94	tp	0
5-CGGGTTGCG	STREME-5	7.9e-001	NC_003888.3_5014343_+_unassigned	9.94	tp	1
5-CGGGTTGCG	STREME-5	7.9e-001	NC_003888.3_6115116_+_unassigned	9.87	tp	0
5-CGGGTTGCG	STREME-5	7.9e-001	NC_003888.3_405808_+_unassigned	9.66	tp	0
5-CGGGTTGCG	STREME-5	7.9e-001	NC_003888.3_1190324_+_unassigned	9.66	tp	0
5-CGGGTTGCG	STREME-5	7.9e-001	NC_003888.3_5746634_+_unassigned	9.66	tp	0
5-CGGGTTGCG	STREME-5	7.9e-001	NC_003888.3_211317_+_unassigned	9.63	tp	0
5-CGGGTTGCG	STREME-5	7.9e-001	NC_003888.3_7795940_-_unassigned	9.63	tp	0
5-CGGGTTGCG	STREME-5	7.9e-001	NC_003888.3_394629_+_unassigned	9.63	tp	0
5-CGGGTTGCG	STREME-5	7.9e-001	NC_003888.3_258445_-_unassigned	9.63	tp	1
5-CGGGTTGCG	STREME-5	7.9e-001	NC_003888.3_4036884_+_unassigned	9.63	tp	1
5-CGGGTTGCG	STREME-5	7.9e-001	NC_003888.3_7195982_+_unassigned	9.63	tp	0
5-CGGGTTGCG	STREME-5	7.9e-001	NC_003888.3_6888880_-_unassigned	9.62	tp	0
5-CGGGTTGCG	STREME-5	7.9e-001	NC_003888.3_1665073_-_unassigned	9.62	tp	0
5-CGGGTTGCG	STREME-5	7.9e-001	NC_003888.3_4218807_+_unassigned	9.62	tp	0
5-CGGGTTGCG	STREME-5	7.9e-001	NC_003888.3_5023086_+_unassigned	9.62	tp	0
5-CGGGTTGCG	STREME-5	7.9e-001	NC_003888.3_5793007_-_unassigned	9.62	tp	0
5-CGGGTTGCG	STREME-5	7.9e-001	NC_003888.3_4559853_-_unassigned	9.62	tp	0
5-CGGGTTGCG	STREME-5	7.9e-001	NC_003888.3_5793019_-_unassigned	9.62	tp	0
5-CGGGTTGCG	STREME-5	7.9e-001	NC_003888.3_3918011_+_unassigned	9.61	tp	0
5-CGGGTTGCG	STREME-5	7.9e-001	NC_003888.3_3702730_-_unassigned	9.61	tp	0
5-CGGGTTGCG	STREME-5	7.9e-001	NC_003888.3_649826_+_unassigned	9.61	tp	0
5-CGGGTTGCG	STREME-5	7.9e-001	NC_003888.3_3918012_+_AAGCCCG	9.61	fp	0
5-CGGGTTGCG	STREME-5	7.9e-001	NC_003888.3_7246033_-_unassigned	9.51	tp	0
5-CGGGTTGCG	STREME-5	7.9e-001	NC_003888.3_7383676_+_unassigned	9.51	tp	0
5-CGGGTTGCG	STREME-5	7.9e-001	NC_003888.3_3170105_-_AAGCCCG	9.51	fp	1
5-CGGGTTGCG	STREME-5	7.9e-001	NC_003888.3_1464221_+_unassigned	9.50	tp	0
5-CGGGTTGCG	STREME-5	7.9e-001	NC_003888.3_1438781_+_unassigned	9.47	tp	0
5-CGGGTTGCG	STREME-5	7.9e-001	NC_003888.3_5680449_+_unassigned	9.44	tp	0
5-CGGGTTGCG	STREME-5	7.9e-001	NC_003888.3_5626705_+_unassigned	9.41	tp	0
5-CGGGTTGCG	STREME-5	7.9e-001	NC_003888.3_6705112_+_unassigned	9.41	tp	0
5-CGGGTTGCG	STREME-5	7.9e-001	NC_003888.3_2176818_+_unassigned	9.39	tp	0
5-CGGGTTGCG	STREME-5	7.9e-001	NC_003888.3_2505119_-_unassigned	9.38	tp	0
5-CGGGTTGCG	STREME-5	7.9e-001	NC_003888.3_1186033_-_unassigned	9.38	tp	0
5-CGGGTTGCG	STREME-5	7.9e-001	NC_003888.3_1235875_-_unassigned	9.38	tp	0
5-CGGGTTGCG	STREME-5	7.9e-001	NC_003888.3_4417239_-_unassigned	9.38	tp	0
5-CGGGTTGCG	STREME-5	7.9e-001	NC_003888.3_5513858_+_unassigned	9.38	tp	1
5-CGGGTTGCG	STREME-5	7.9e-001	NC_003888.3_2555100_+_unassigned	9.35	tp	0
5-CGGGTTGCG	STREME-5	7.9e-001	NC_003888.3_1460289_-_unassigned	9.35	tp	0
5-CGGGTTGCG	STREME-5	7.9e-001	NC_003888.3_2162258_-_unassigned	9.34	tp	0
5-CGGGTTGCG	STREME-5	7.9e-001	NC_003888.3_1286640_+_unassigned	9.34	tp	0
5-CGGGTTGCG	STREME-5	7.9e-001	NC_003888.3_4795430_+_unassigned	9.23	tp	0
5-CGGGTTGCG	STREME-5	7.9e-001	NC_003888.3_5074790_+_unassigned	9.21	tp	0
5-CGGGTTGCG	STREME-5	7.9e-001	NC_003888.3_2597012_+_unassigned	9.20	tp	0
5-CGGGTTGCG	STREME-5	7.9e-001	NC_003888.3_8462087_-_unassigned	9.20	tp	0
5-CGGGTTGCG	STREME-5	7.9e-001	NC_003888.3_863569_-_unassigned	9.20	tp	0
5-CGGGTTGCG	STREME-5	7.9e-001	NC_003888.3_6943529_-_unassigned	9.20	tp	0
5-CGGGTTGCG	STREME-5	7.9e-001	NC_003888.3_886776_-_unassigned	9.20	tp	0
5-CGGGTTGCG	STREME-5	7.9e-001	NC_003888.3_7519727_+_unassigned	9.20	tp	0
5-CGGGTTGCG	STREME-5	7.9e-001	NC_003888.3_2712072_+_AAGCCCG	9.20	fp	0
5-CGGGTTGCG	STREME-5	7.9e-001	NC_003888.3_7296624_+_unassigned	9.19	tp	0
5-CGGGTTGCG	STREME-5	7.9e-001	NC_003888.3_774242_-_unassigned	9.19	tp	0
5-CGGGTTGCG	STREME-5	7.9e-001	NC_003888.3_3005415_+_unassigned	9.19	tp	0
5-CGGGTTGCG	STREME-5	7.9e-001	NC_003888.3_1304284_-_unassigned	9.19	tp	0
5-CGGGTTGCG	STREME-5	7.9e-001	NC_003888.3_2477769_-_unassigned	9.12	tp	0
5-CGGGTTGCG	STREME-5	7.9e-001	NC_003888.3_5427965_+_unassigned	9.12	tp	0
5-CGGGTTGCG	STREME-5	7.9e-001	NC_003888.3_8307909_+_unassigned	9.12	tp	0
5-CGGGTTGCG	STREME-5	7.9e-001	NC_003888.3_7392345_+_unassigned	9.12	tp	0
5-CGGGTTGCG	STREME-5	7.9e-001	NC_003888.3_8202693_+_unassigned	9.12	tp	0
5-CGGGTTGCG	STREME-5	7.9e-001	NC_003888.3_6907097_-_AAGCCCG	9.12	fp	0
5-CGGGTTGCG	STREME-5	7.9e-001	NC_003888.3_2915793_+_unassigned	9.12	tp	1
5-CGGGTTGCG	STREME-5	7.9e-001	NC_003888.3_1576324_+_unassigned	9.02	tp	0
5-CGGGTTGCG	STREME-5	7.9e-001	NC_003888.3_8209468_-_unassigned	9.02	tp	1
5-CGGGTTGCG	STREME-5	7.9e-001	NC_003888.3_2575667_+_unassigned	8.97	tp	0
5-CGGGTTGCG	STREME-5	7.9e-001	NC_003888.3_574878_+_unassigned	8.97	tp	0
5-CGGGTTGCG	STREME-5	7.9e-001	NC_003888.3_574922_+_unassigned	8.97	tp	0
5-CGGGTTGCG	STREME-5	7.9e-001	NC_003888.3_584030_-_unassigned	8.97	tp	0
5-CGGGTTGCG	STREME-5	7.9e-001	NC_003888.3_2582908_-_unassigned	8.96	tp	0
5-CGGGTTGCG	STREME-5	7.9e-001	NC_003888.3_3933186_+_unassigned	8.94	tp	0
5-CGGGTTGCG	STREME-5	7.9e-001	NC_003888.3_981319_-_unassigned	8.88	tp	0
5-CGGGTTGCG	STREME-5	7.9e-001	NC_003888.3_1252973_-_unassigned	8.88	tp	0
5-CGGGTTGCG	STREME-5	7.9e-001	NC_003888.3_8489129_-_unassigned	8.86	tp	0
5-CGGGTTGCG	STREME-5	7.9e-001	NC_003888.3_4015682_+_unassigned	8.86	tp	0
5-CGGGTTGCG	STREME-5	7.9e-001	NC_003888.3_8667368_+_unassigned	8.85	tp	0
5-CGGGTTGCG	STREME-5	7.9e-001	NC_003888.3_138_-_unassigned	8.85	tp	0
5-CGGGTTGCG	STREME-5	7.9e-001	NC_003888.3_3695015_-_unassigned	8.85	tp	0
5-CGGGTTGCG	STREME-5	7.9e-001	NC_003888.3_3961328_-_unassigned	8.85	tp	0
5-CGGGTTGCG	STREME-5	7.9e-001	NC_003888.3_2088792_-_unassigned	8.85	tp	0
5-CGGGTTGCG	STREME-5	7.9e-001	NC_003888.3_5166292_-_unassigned	8.85	tp	0
5-CGGGTTGCG	STREME-5	7.9e-001	NC_003888.3_864643_-_unassigned	8.85	tp	0
5-CGGGTTGCG	STREME-5	7.9e-001	NC_003888.3_7581016_-_unassigned	8.85	tp	0
5-CGGGTTGCG	STREME-5	7.9e-001	NC_003888.3_3558881_+_unassigned	8.84	tp	0
5-CGGGTTGCG	STREME-5	7.9e-001	NC_003888.3_7739894_+_unassigned	8.84	tp	0
5-CGGGTTGCG	STREME-5	7.9e-001	NC_003888.3_991133_+_unassigned	8.84	tp	0
5-CGGGTTGCG	STREME-5	7.9e-001	NC_003888.3_7106922_+_unassigned	8.83	tp	0
5-CGGGTTGCG	STREME-5	7.9e-001	NC_003888.3_8537334_+_unassigned	8.83	tp	0
5-CGGGTTGCG	STREME-5	7.9e-001	NC_003888.3_851358_+_unassigned	8.83	tp	0
5-CGGGTTGCG	STREME-5	7.9e-001	NC_003888.3_2307058_-_unassigned	8.83	tp	0
5-CGGGTTGCG	STREME-5	7.9e-001	NC_003888.3_2484964_+_unassigned	8.83	tp	0
5-CGGGTTGCG	STREME-5	7.9e-001	NC_003888.3_594019_-_unassigned	8.83	tp	0
5-CGGGTTGCG	STREME-5	7.9e-001	NC_003888.3_6848334_+_unassigned	8.83	tp	0
5-CGGGTTGCG	STREME-5	7.9e-001	NC_003888.3_1088363_-_unassigned	8.83	tp	0
5-CGGGTTGCG	STREME-5	7.9e-001	NC_003888.3_1088362_-_unassigned	8.83	tp	0
5-CGGGTTGCG	STREME-5	7.9e-001	NC_003888.3_5262974_+_unassigned	8.83	tp	1
5-CGGGTTGCG	STREME-5	7.9e-001	NC_003888.3_7268057_+_unassigned	8.78	tp	0
5-CGGGTTGCG	STREME-5	7.9e-001	NC_003888.3_104521_-_unassigned	8.77	tp	0
5-CGGGTTGCG	STREME-5	7.9e-001	NC_003888.3_1192390_-_unassigned	8.73	tp	0
5-CGGGTTGCG	STREME-5	7.9e-001	NC_003888.3_1719267_-_unassigned	8.73	tp	0
5-CGGGTTGCG	STREME-5	7.9e-001	NC_003888.3_736996_+_unassigned	8.73	tp	0
5-CGGGTTGCG	STREME-5	7.9e-001	NC_003888.3_7288285_+_unassigned	8.73	tp	0
5-CGGGTTGCG	STREME-5	7.9e-001	NC_003888.3_1571001_+_unassigned	8.73	tp	0
5-CGGGTTGCG	STREME-5	7.9e-001	NC_003888.3_5632751_-_unassigned	8.66	tp	0
5-CGGGTTGCG	STREME-5	7.9e-001	NC_003888.3_4275936_-_unassigned	8.66	tp	0
5-CGGGTTGCG	STREME-5	7.9e-001	NC_003888.3_4275929_-_unassigned	8.66	tp	0
5-CGGGTTGCG	STREME-5	7.9e-001	NC_003888.3_106790_-_unassigned	8.66	tp	0
5-CGGGTTGCG	STREME-5	7.9e-001	NC_003888.3_2955727_+_unassigned	8.65	tp	0
5-CGGGTTGCG	STREME-5	7.9e-001	NC_003888.3_796027_-_unassigned	8.60	tp	0
5-CGGGTTGCG	STREME-5	7.9e-001	NC_003888.3_811054_-_unassigned	8.60	tp	0
5-CGGGTTGCG	STREME-5	7.9e-001	NC_003888.3_1695263_-_unassigned	8.59	tp	0
5-CGGGTTGCG	STREME-5	7.9e-001	NC_003888.3_462740_-_unassigned	8.58	tp	0
5-CGGGTTGCG	STREME-5	7.9e-001	NC_003888.3_6332169_+_unassigned	8.58	tp	0
5-CGGGTTGCG	STREME-5	7.9e-001	NC_003888.3_2558083_+_unassigned	8.58	tp	0
5-CGGGTTGCG	STREME-5	7.9e-001	NC_003888.3_2817585_+_unassigned	8.58	tp	0
5-CGGGTTGCG	STREME-5	7.9e-001	NC_003888.3_5441559_-_unassigned	8.58	tp	0
5-CGGGTTGCG	STREME-5	7.9e-001	NC_003888.3_5222799_-_unassigned	8.58	tp	0
5-CGGGTTGCG	STREME-5	7.9e-001	NC_003888.3_3264214_+_unassigned	8.53	tp	0
5-CGGGTTGCG	STREME-5	7.9e-001	NC_003888.3_7250965_+_unassigned	8.50	tp	0
5-CGGGTTGCG	STREME-5	7.9e-001	NC_003888.3_5294953_-_unassigned	8.50	tp	0
5-CGGGTTGCG	STREME-5	7.9e-001	NC_003888.3_440613_-_unassigned	8.50	tp	0
5-CGGGTTGCG	STREME-5	7.9e-001	NC_003888.3_3929016_+_unassigned	8.48	tp	0
5-CGGGTTGCG	STREME-5	7.9e-001	NC_003888.3_503062_+_unassigned	8.46	tp	0
5-CGGGTTGCG	STREME-5	7.9e-001	NC_003888.3_7404872_-_unassigned	8.46	tp	1
5-CGGGTTGCG	STREME-5	7.9e-001	NC_003888.3_6479433_+_unassigned	8.45	tp	0
5-CGGGTTGCG	STREME-5	7.9e-001	NC_003888.3_3628889_-_unassigned	8.44	tp	0
5-CGGGTTGCG	STREME-5	7.9e-001	NC_003888.3_7190211_+_unassigned	8.44	tp	0
5-CGGGTTGCG	STREME-5	7.9e-001	NC_003888.3_8308258_+_unassigned	8.44	tp	1
5-CGGGTTGCG	STREME-5	7.9e-001	NC_003888.3_127250_-_AAGCCCG	8.44	fp	1
5-CGGGTTGCG	STREME-5	7.9e-001	NC_003888.3_6286267_+_unassigned	8.41	tp	0
5-CGGGTTGCG	STREME-5	7.9e-001	NC_003888.3_2179900_+_unassigned	8.38	tp	0
5-CGGGTTGCG	STREME-5	7.9e-001	NC_003888.3_2179942_+_unassigned	8.38	tp	1
5-CGGGTTGCG	STREME-5	7.9e-001	NC_003888.3_6539997_-_unassigned	8.37	tp	0
5-CGGGTTGCG	STREME-5	7.9e-001	NC_003888.3_8479403_+_unassigned	8.37	tp	0
5-CGGGTTGCG	STREME-5	7.9e-001	NC_003888.3_4167154_+_unassigned	8.37	tp	0
5-CGGGTTGCG	STREME-5	7.9e-001	NC_003888.3_533344_+_unassigned	8.34	tp	0
5-CGGGTTGCG	STREME-5	7.9e-001	NC_003888.3_5174992_-_unassigned	8.34	tp	0
5-CGGGTTGCG	STREME-5	7.9e-001	NC_003888.3_7732222_+_unassigned	8.34	tp	0
5-CGGGTTGCG	STREME-5	7.9e-001	NC_003888.3_3180920_-_AAGCCCG	8.34	fp	0
5-CGGGTTGCG	STREME-5	7.9e-001	NC_003888.3_5727104_-_unassigned	8.30	tp	0
5-CGGGTTGCG	STREME-5	7.9e-001	NC_003888.3_4521934_-_unassigned	8.30	tp	0
5-CGGGTTGCG	STREME-5	7.9e-001	NC_003888.3_5380624_+_unassigned	8.30	tp	0
5-CGGGTTGCG	STREME-5	7.9e-001	NC_003888.3_4227911_+_unassigned	8.30	tp	0
5-CGGGTTGCG	STREME-5	7.9e-001	NC_003888.3_2288886_-_unassigned	8.30	tp	0
5-CGGGTTGCG	STREME-5	7.9e-001	NC_003888.3_2428871_-_unassigned	8.30	tp	0
5-CGGGTTGCG	STREME-5	7.9e-001	NC_003888.3_8556871_+_unassigned	8.30	tp	0
5-CGGGTTGCG	STREME-5	7.9e-001	NC_003888.3_1317399_-_unassigned	8.30	tp	0
5-CGGGTTGCG	STREME-5	7.9e-001	NC_003888.3_6621566_-_unassigned	8.30	tp	0
5-CGGGTTGCG	STREME-5	7.9e-001	NC_003888.3_7322939_+_unassigned	8.30	tp	0
5-CGGGTTGCG	STREME-5	7.9e-001	NC_003888.3_2123565_+_unassigned	8.30	tp	0
5-CGGGTTGCG	STREME-5	7.9e-001	NC_003888.3_5156834_+_unassigned	8.30	tp	0
5-CGGGTTGCG	STREME-5	7.9e-001	NC_003888.3_1353063_+_unassigned	8.30	tp	0
5-CGGGTTGCG	STREME-5	7.9e-001	NC_003888.3_6475220_-_unassigned	8.30	tp	1
5-CGGGTTGCG	STREME-5	7.9e-001	NC_003888.3_1241668_-_unassigned	8.23	tp	0
5-CGGGTTGCG	STREME-5	7.9e-001	NC_003888.3_3466613_-_unassigned	8.23	tp	0
5-CGGGTTGCG	STREME-5	7.9e-001	NC_003888.3_2865031_-_unassigned	8.23	tp	0
5-CGGGTTGCG	STREME-5	7.9e-001	NC_003888.3_2865032_-_unassigned	8.23	tp	1
5-CGGGTTGCG	STREME-5	7.9e-001	NC_003888.3_1351884_-_unassigned	8.16	tp	1
5-CGGGTTGCG	STREME-5	7.9e-001	NC_003888.3_7970330_-_unassigned	8.16	tp	1
5-CGGGTTGCG	STREME-5	7.9e-001	NC_003888.3_4788146_+_unassigned	8.07	tp	0
5-CGGGTTGCG	STREME-5	7.9e-001	NC_003888.3_779920_-_unassigned	8.07	tp	0
5-CGGGTTGCG	STREME-5	7.9e-001	NC_003888.3_1282534_-_unassigned	8.01	tp	0
