gene_id	M145_1_mean	M145_2_mean	M145_3_mean
SC_RS01870	4.053596464867545	8.76352966323104	23.39074312677256
SC_RS02085	0	124.23037666430196	30.430097714570458
SC_RS02090	0	92.81096748917882	20.11017636724866
SC_RS02110	0	17.323028840816825	9.940277653657752
SC_RS02160	6.705979048000701	5.4112145638329965	26.985296449946528
SC_RS02180	113.34885484760312	111.61676199416124	58.21998313895079
SC_RS02185	15.26123989193966	4.5877032382534235	24.229153432995815
SC_RS02190	11.214880381017615	4.289831591251773	30.942480334826694
SC_RS02195	74.08819208130147	31.480385791820478	37.213908610146284
SC_RS02200	6.137272755596503	1132.6874371073086	520.8360891944249
SC_RS02210	0.6856821666892466	2.642808940092626	24.19513702739961
SC_RS02220	109.362991871949	191.23329427661088	267.6674741086875
SC_RS02225	4.170572339152593	11.934997311731006	27.450861600000938
SC_RS02230	3.352095911492796	2.482125494112311	53.547673222265566
SC_RS02240	3.146561178599027	5.706067181005231	46.82747813840367
SC_RS02245	16.09597745250556	40.51804955612215	49.433938741340164
SC_RS02250	13.64412261955639	4.234338523029404	32.219928220756195
SC_RS02255	19.745741405531067	12.235645687590036	30.356006591532516
SC_RS02260	94.11757036669485	80.49918012650458	91.52032406789704
SC_RS02270	3.9474319945582126	6.722259775828509	26.460667775247096
SC_RS02275	0.363171559510429	4.654787823849382	17.02889103589052
SC_RS02280	3.872904297619885	10.182784282813914	56.02772778711747
SC_RS02285	44.806616635083564	47.74221146459757	60.61451625334532
SC_RS02290	143.5230797260836	328.98995553460855	151.7020561271884
SC_RS02295	2.007361368775521	14.142434193588848	14.017884766151084
SC_RS02300	95.99125198205863	60.497943373050774	39.219138446576544
SC_RS02305	114.4456064800799	80.32048498404029	45.20379802634707
SC_RS02310	60.91161826654973	68.19009958344796	65.87948765592239
SC_RS02315	12.155782411892849	9.116894378455061	13.05048195170027
SC_RS02320	269.07051985526186	74.05074224153492	98.59056343930524
SC_RS02325	143.96891766905176	49.433377967577535	84.12745335085025
SC_RS02330	90.18372678758642	37.808156030433565	70.68991437161199
SC_RS02335	61.85252029742497	59.92624983519028	100.4547497868715
SC_RS02340	6.812143518310034	14.207054260539229	70.80455972087998
SC_RS02345	7.3668186490438385	16.82032989601404	52.654226243262265
SC_RS02350	5.35043310130771	9.773926499367526	49.40237351829649
SC_RS02355	3.056215094975197	8.608641975937521	64.13211740667631
SC_RS02360	23.202569254653625	34.04698314758913	154.25178881708095
SC_RS02365	1.7345358928889223	4.0590445298460835	27.68783620759171
SC_RS02370	5.255080034974094	5.212737535902497	7.803944346164072
SC_RS02375	16.32992920107566	58.298766768525304	45.6250067470717
SC_RS02380	37.89331562917398	244.1387882685474	289.0153678656218
SC_RS02385	0.9833502082219548	0.40885778344638946	28.03542931258549
SC_RS02390	6.70776627301581	23.794095249349844	60.798010140829504
SC_RS02405	11.307013689656554	42.1181516266031	98.87115425057614
SC_RS02410	17.71031771341476	12.151173825933691	30.809606120644077
SC_RS02415	5.880265666395406	6.401205094079681	42.74673940392445
SC_RS02420	2.8737357027124277	4.295627349938568	43.063652657434154
SC_RS02425	17.692269355493544	17.01023443640037	24.321883285200876
SC_RS02430	8.249011369666247	4.876760096738862	16.942484213873556
SC_RS02435	3.9225894289121035	3.875178049118589	23.034095375537788
SC_RS02440	19.823843552499614	32.25999556655127	54.078905360653444
SC_RS02445	28.421995320005895	69.99416223033441	74.70057897659875
SC_RS02450	27.068679344548617	38.34538722638508	52.543802819666006
SC_RS02455	40.54569821230714	162.06973370584302	103.289681359839
SC_RS02460	2.5105641432019987	8.669930802846686	15.307783638650037
SC_RS02475	100.46895928792513	197.9677000809968	168.29783260762775
SC_RS02480	67.81991228974952	174.98035330158976	107.17631160643838
SC_RS02490	56.01005051800203	53.20947360783678	53.75920070487452
SC_RS02495	57.51349972767999	73.73603782965672	55.68904418245475
SC_RS02500	88.30057824704146	45.69570032969208	68.95901210248084
SC_RS02505	58.64947977980883	36.961461670106814	51.86439429204052
SC_RS02510	3.2369072622228567	3.8138892222094247	33.473759511039404
SC_RS02515	7.986997297755365	51.927407189275236	61.69438380969245
SC_RS02520	14.760267088748895	96.55173406613346	53.33186402776855
SC_RS02525	2.329871975954339	7.700658788701603	24.201119837871033
SC_RS02530	20.059227833749276	95.22489937532751	83.05908176497715
SC_RS02535	2.8985782683585373	9.604428264870998	47.1911990037957
SC_RS02540	0.5953360830654166	2.111373502827907	27.528153989560586
SC_RS02545	26.079879407396273	23.928264420541762	36.440749571165725
SC_RS02550	60.14139443750258	80.25982057755473	51.22145335256379
SC_RS02555	8.532648249528563	8.965337931202757	41.40948776770025
SC_RS02560	165.01193845724362	780.0884359086234	183.42750023120578
SC_RS02565	12.026562600952516	51.3929527221811	46.01049796361674
SC_RS02570	7.0601264285505225	47.038813274190744	59.391909966389115
SC_RS02575	1.8655429288443637	19.55062972759243	41.9709242502651
SC_RS02580	5.12729275671333	23.808705796552847	81.22373888272118
SC_RS02585	6.227618839220333	12.53931309327848	71.55988990087891
SC_RS02590	4.466453155670193	9.254082579476396	63.150017355229764
SC_RS02595	3.8588731359494917	6.693280982394535	74.76827156807448
SC_RS02600	24.630412927049235	88.04463901770087	299.79889254755324
SC_RS02605	19.341908893689027	64.56944614166608	329.6004161982455
SC_RS02610	4.957411993441386	13.23445100635293	15.77736578224993
SC_RS02615	25.938060967465116	998.723873063037	73.65309237031907
SC_RS02620	6.5004443151069315	8100.133586268751	187.0946189360021
SC_RS02625	77.661286420038	201.5657949084551	396.62629019396843
SC_RS02630	1.815857797552145	2.111373502827907	32.12107041216979
SC_RS02635	10.290239483048484	42.594648506829294	69.60861629186235
SC_RS02640	28.32083783240635	134.397995888729	112.55756381381218
SC_RS02645	35.80820680576545	143.75456202634575	98.48184111429237
SC_RS02650	6.419122410443709	10.057187599166168	46.80557249966024
SC_RS02660	10.497561440957362	10.159601248066735	77.23954206186626
SC_RS02665	13.59622471327928	23.417235289166843	171.4512333867784
SC_RS02670	91.63006156412385	99.77529363357482	125.80459557762534
SC_RS02680	29.665572375123624	13.540895140898753	39.82248017591865
SC_RS02685	24.882413033540544	16.805961649783075	30.62257074692152
SC_RS02690	101.28564849056981	86.18175206255084	74.0553221421599
SC_RS02695	23.165128060016695	12.99207242757365	13.53183464243626
SC_RS02700	72.66034840890586	34.79737182791392	37.699278294427764
SC_RS02705	36.0241982502994	16.45839269324585	15.679393345223119
SC_RS02710	143.35374600305002	49.12724604324351	82.42947718362946
SC_RS02715	20.342864713611593	4.251725799089788	23.35257444004044
SC_RS02720	20.319809372980593	10.112680667388538	72.66854113631997
SC_RS02725	26.5190111965246	28.55709248078659	56.13726583915413
SC_RS02730	21.987054522876686	38.596892803892374	42.9192128282417
SC_RS02735	84.5252569869909	190.769740237098	104.6097149319791
SC_RS02740	15.215571956898263	15.16473475731072	66.38921416149984
SC_RS02745	11.25053435063944	11.117281744838227	59.50709060918052
SC_RS02750	4.220257470444812	29.39497205259713	63.3813395137463
SC_RS02755	5.12729275671333	375.0010546058422	2017.9775235374957
SC_RS02760	8.961323327016713	25.271619666012466	131.22388704097915
SC_RS02765	10.02599543990189	28.168398702257964	144.10868824901905
SC_RS02770	10.409002582348641	29.12941043907067	77.14674256512538
SC_RS02775	20.332053309635878	159.2954624141761	637.6354878419256
SC_RS02780	18.213520487841237	1865.621839487465	11872.069588365091
SC_RS02785	15.674096582742306	1517.9094558703048	5084.319257231059
SC_RS02790	11.67742220311248	1002.0099496540005	2936.086020486701
SC_RS02795	21.751315549291476	191.57926543589815	353.48161444376774
SC_RS02800	37.21487041643023	524.7067692115901	2991.2866613633246
SC_RS02805	1.6690323749112015	546.0627104269162	3932.692250147442
SC_RS02810	4.377894297061472	56.25843351175817	163.49299455331487
SC_RS02815	24.34355628949224	119.5747920282967	411.7993906610964
SC_RS02820	12.10788450561574	629.2433965430502	3190.327266371137
SC_RS02825	13.257895719414961	3.5218133338945696	16.085504823019004
SC_RS02830	0.2976680415327083	1.7638045462906822	24.506807696087566
SC_RS02835	4.962418976151172	468.82457123959125	3779.260929062008
SC_RS02840	32.785858455396976	23.104753094962188	96.23495495245028
SC_RS02845	6.162115321242612	1410.3279231947386	4873.811791327778
SC_RS02850	6.062745058658175	268.96549001195456	1255.7368134637306
SC_RS02855	6.464790345485106	891.4872511995998	5537.196996965943
SC_RS02860	0.3880141251565383	4.692893616011368	52.85160164071841
SC_RS02865	1.0240111605535662	0	20.75645386083753
SC_RS02870	2.526382529887501	4.289831591251773	70.05017469865696
SC_RS02875	399.6353052327783	177.8467323118218	103.51870734003239
SC_RS02880	347.6073508924974	138.502227556462	112.30039452438086
SC_RS02885	116.38047777524999	34.70377296752956	56.85416261407838
SC_RS02890	168.41565282934374	55.98620941814928	61.83325069266598
SC_RS02895	142.1587599987478	170.76166861182946	93.23041100197057
SC_RS02900	46.97384480171145	72.89396029640932	47.69004033379665
SC_RS02905	388.62273982695984	188.93742987263187	99.03083646860726
SC_RS02910	1058.445715410784	494.76318358359106	160.5814608885406
SC_RS02915	2960.403354405385	1439.4444636956816	319.48078893527713
SC_RS02920	930.5056767991479	347.1375389870711	599.7801923896191
SC_RS02925	517.8263996646856	211.8818816410653	323.3981785362159
SC_RS02930	135.59916362716743	181.20848662015965	233.2666012910847
SC_RS02935	35.82446793867156	191.66453828264855	332.0522300897223
SC_RS02940	22.392674259733834	418.61085659436685	1035.188267906817
SC_RS02945	6.581766219770154	679.0938599981537	2403.7124613180995
SC_RS02950	13.105265875508087	1414.075750473184	6633.23004504755
SC_RS02955	4.7659084222180095	1171.8248313736265	5363.543005779165
SC_RS02960	16.37961433236788	34.38271828578073	74.75806683193133
SC_RS02965	189.5621816105213	1448.3357755140432	1794.8800375903602
SC_RS02970	37.96283634340253	3053.6479092029067	7198.4885340729
SC_RS02975	2.693043535464768	9.286392612951587	57.48900978024783
SC_RS02980	0.6608396010431373	30.195300343429526	123.43374470193172
SC_RS02985	12.58624471439611	647.087588053845	3320.0449100515966
SC_RS02990	3.1714037442451364	664.0147718611686	3432.7045474366164
SC_RS02995	3.3290405708617956	228.13440375044394	878.5558216284751
SC_RS03000	4.673775113579071	87.75842879731258	201.02042007664244
SC_RS03005	8.289672321997859	174.84896085925521	317.7200783264208
SC_RS03010	6.020296881311455	814.7959264085839	1877.0510940290378
SC_RS03015	9.519218215445195	226.7081744405668	445.93926241120954
SC_RS03020	6.162115321242612	391.967317582154	1614.9745672256404
SC_RS03025	33.329722182155066	3701.3042009753503	6036.386904947581
SC_RS03030	10.268971367432593	874.8592661352412	843.9909534506376
SC_RS03035	2.5760676611797195	197.0977569496213	175.87631403183286
SC_RS03040	2.8755229277275367	262.67950993488563	204.0838069044831
SC_RS03045	5.6322827561549165	86.92016710605047	81.54684573566685
SC_RS03050	4.8155935535102286	30.01667511020499	61.059001349999576
SC_RS03055	552.6107714176676	466.53703702218445	193.01840417843107
SC_RS03060	342.6922409721027	137.9347319800384	807.705125803893
SC_RS03065	268.3464067074767	59.908308047946065	70.3255130667866
SC_RS03070	1.0488537261996755	0.8790043938019437	30.262731587484538
SC_RS03075	122.219832090996	235.26982592658638	99.10566781729487
SC_RS03080	117.32148410014298	164.01685022167737	60.459871688009706
SC_RS03085	77.5003417818416	109.93704719007533	90.60598225098082
SC_RS03095	32.56271811080259	42.96238146828428	66.74640706457754
SC_RS03100	1.5520565006261533	2.9464763457810705	26.464344549075904
SC_RS03105	81.52695376371238	115.11174884305562	115.23743510035328
SC_RS03110	17.763222602401655	38.891745421064606	62.15839300707341
SC_RS03115	2.717886101110877	4.7599782016073275	37.05565691551768
SC_RS03120	7.600770397613935	5.761560249227601	29.12094931800686
SC_RS03125	23.500237296186334	33.763479746818454	68.14114655613432
SC_RS03130	42.31553338248234	35.49799328946336	63.921950802934056
SC_RS03135	22.389099809703616	28.194600766834558	57.830484787179756
SC_RS03140	67.74538459281119	538.3872797361687	353.02774433947536
SC_RS03145	45.48148739779709	229.165519102682	166.26340922785107
SC_RS03150	185.84531926240578	106.016127491886	107.69380152392593
SC_RS03155	298.919811807425	92.51222912078154	85.66241074592776
SC_RS03160	829.6280703645738	189.1106414666212	135.51525217134994
SC_RS03165	1517.9050319907465	2274.427333436669	763.3589836063527
SC_RS03170	476.8348635094103	193.9208714889479	141.1510930548504
SC_RS03175	140.33155999711428	63.406626136881655	70.45573116629042
SC_RS03180	79.24211462867602	57.12824099759234	73.91598961019876
SC_RS03185	90.15968166049646	76.02850108435474	53.411402667754494
SC_RS03190	56.69859775005042	84.74146671665457	90.52909972567366
SC_RS03195	28.18223915016987	16.90837529868364	99.70377682013472
SC_RS03200	30.08745324488688	8.401592460462847	103.44691239531757
SC_RS03205	15.252658459199656	11.239859398656556	76.2851353858278
SC_RS03210	27.44409484071433	15.766273810000817	68.33341465635914
SC_RS03215	29.94742202997083	14.023187779811733	102.36820078571091
SC_RS03220	134.22422484375875	137.53906351121555	98.29827758227236
SC_RS03225	19.066853446566714	27.5463834344383	32.6877396212369
SC_RS03230	92.03309663740976	122.63877717212542	105.29436604442631
SC_RS03235	64.90328566346977	37.38468769978417	64.98903701131455
SC_RS03240	41.82850368707691	82.75076086018325	52.977938034267176
SC_RS03245	78.01578849292336	122.80477177484843	93.79878130962106
SC_RS03250	24.224793190192084	27.77415146601458	52.05843313538453
SC_RS03255	1.6193472436189829	9.64832981571978	52.22866030927548
SC_RS03260	6.110642964935285	1387.902065325757	408.876246091196
SC_RS03265	45.72124356763312	1161.8624777772852	463.7356082537525
SC_RS03270	16.278456844768332	199.97166098839324	106.92941669768601
SC_RS03275	26.999158630320075	26.24724195002818	64.87929402715164
SC_RS03280	1.8000394108666429	9.464463334992285	44.58106162703041
SC_RS03285	4.689593500264573	14.933947695905031	74.74508055183846
SC_RS03290	13.70962613753411	29.211105571869638	74.16806146071828
SC_RS03295	67.57550382953926	46.60121899828242	66.4756209835168
SC_RS03300	137.32432064876022	115.74018428998566	94.1080704402923
SC_RS03305	86.10617324951397	136.10297612675612	76.52822809148043
SC_RS03310	51.14441714086404	1.8192976145130522	35.61009281853308
SC_RS03315	96.14075012215588	75.52247089951074	78.76328391997009
SC_RS03320	48.11983881925985	77.24903637503508	49.47197214048185
SC_RS03325	16.89863549347986	25.87315871870256	18.0106508676204
SC_RS03330	77.88299423195281	90.14442100315519	56.34253007779132
SC_RS03335	18.376164297167684	12.40514392208656	40.70151035142656
SC_RS03340	8.819504887085554	40.29916622230185	109.34081779812847
SC_RS03345	46.085847659823116	82.21599418287731	118.89709454486002
SC_RS03350	425.51434844125794	145.26099532720258	91.14238147281635
SC_RS03355	62.979121478257646	99.0330627480899	97.4475555785513
SC_RS03360	31.045960887462726	26.013123648581274	34.603090793947636
SC_RS03365	172.36463789073198	71.84052863081969	95.54744679467922
SC_RS03370	6.408311006467993	9.18397896405102	73.94564880253282
SC_RS03375	9.28383393419553	13.731111891496878	38.88718773635442
SC_RS03380	10.711677606591136	15.77484629754499	53.96970752833346
SC_RS03385	21.249899999880107	20.62564663067929	112.7814667816165
SC_RS03390	8.598151767506284	20.537843528981732	47.919661393729804
SC_RS03395	20.559210850481076	29.806848865872936	85.61526291432877
SC_RS03400	82.8507748831493	50.35604161125622	58.01349330903734
SC_RS03405	117.38206868929599	8432.923524747202	1390.0421128287046
SC_RS03410	193.45170173338283	886.4430669216821	320.1814725901095
SC_RS03415	17.832300570409593	187.69249586940597	67.20687477572011
SC_RS03420	40.44454072470759	970.7222036224986	223.11301955486053
SC_RS03425	6.88845844026347	51.66486460557819	55.69013448614059
SC_RS03430	85.31245133361523	121.12599360139795	102.64095268369758
SC_RS03435	2.9392392206901485	25.17802080562811	35.00586571763139
SC_RS03440	48.01912407788091	960.0469522430393	913.9830880662231
SC_RS03445	9.53002961942091	54.330856580418	93.64631735165712
SC_RS03450	30.904142447531566	65.03324248215101	64.41426417062065
SC_RS03455	29.290156878957912	104.45968467128179	102.39119672814017
SC_RS03460	34.25981280905458	38.99662358861075	73.12091507415526
SC_RS03465	70.00251609684231	79.56683497291405	52.79934651188808
SC_RS03470	7.100787380882134	6.292995686492319	80.49051927359191
SC_RS03475	7.962154732109255	9.519956403214655	52.94957407774522
SC_RS03480	2.3953754939320597	4.167253937433444	58.32428846448519
SC_RS03485	5.44077918493154	34.2805469378522	99.648799933571
SC_RS03490	14.178962167353871	87.87236405434697	146.35639599472321
SC_RS03495	23.020089862390858	50.070003782600196	75.63253486205085
SC_RS03500	16.973163190418184	46.53111538285704	73.85624564612039
SC_RS03505	5.341408922347103	7.630555173276227	54.87437990262994
SC_RS03510	1.6193472436189829	5.046258331235388	261.29704287887154
SC_RS03515	2.8755229277275367	20.01855412027444	495.75534995814434
SC_RS03520	23.94294353534488	38.795369831822875	385.23969835935696
SC_RS03525	27.838903173595764	29.686805639939944	89.56544332958747
SC_RS03530	0.8930041245981248	51.36730516878834	31.95526023775732
SC_RS03535	2.602697451840938	1058.94323789967	131.54662810073086
SC_RS03540	9.854327451614838	20018.01794227373	2284.0161714386923
SC_RS03545	0.363171559510429	11.978898862579788	27.51692859426741
SC_RS03550	32.952164768638696	152.064707934858	120.53745342599608
SC_RS03555	0.363171559510429	1.6967199606947228	12.064705126424906
SC_RS03560	45.54198393306502	73.86989479063683	86.32774268977452
SC_RS03565	38.446203534892675	23.97216597139054	44.754215490781
SC_RS03570	21.02675965528573	14.130842676215257	36.659690387648624
SC_RS03575	49.6859264815564	54.68977475335677	46.38136744454015
SC_RS03580	32.229396099648056	27.43817402685094	86.24589801314598
SC_RS03590	39.74527014256856	69.15437265106212	163.20540427390375
SC_RS03595	24.065369138560317	18.756651706630667	59.260261343482775
SC_RS03600	86.29178434558636	84.67858009249545	71.34706718245786
SC_RS03605	20.53436828483497	9.0498097928591	24.227927841719545
SC_RS03610	45.66619676129557	21.711700539955913	39.72729914116105
SC_RS03615	88.47805065659443	55.78186672229222	54.77967437517944
SC_RS03620	3.676393743686723	9.759315952164519	120.98261310524538
SC_RS03625	10.959660516831626	15.841930883140948	116.17456792757253
SC_RS03630	67.97031216242068	55.849818029283824	97.22106614060402
SC_RS03635	37.83004208243197	49.05436569896076	58.10602808743565
SC_RS03640	49.012842943857976	56.1672991700194	84.69623352275322
SC_RS03645	33.963931992536985	35.104058263431774	90.54141542465268
SC_RS03650	13.039762357530366	20.762834831700626	59.12112388532838
SC_RS03655	19.283554275771742	30.95998736074551	63.462708683067746
SC_RS03660	19.705080453199457	21.028708655438887	50.38324797846678
SC_RS03665	29.76851708773828	45.85305253563118	90.03815709517326
SC_RS03670	53.6456024127699	113.23123231087317	149.35706224072908
SC_RS03675	36.12213598020427	57.3795042741276	77.94820977589278
SC_RS03680	11.266352737324942	33.93877374000178	66.3586695976062
SC_RS03685	10.880125837183511	9.2278805148998	21.90857615404879
SC_RS03690	104.68197980442443	24.264241859705397	61.32807647415744
SC_RS03695	224.37774739065372	156.75402800985614	100.05170028652569
SC_RS03700	63.880707035595776	58.92411327638618	119.57554805639009
SC_RS03705	68.97091329000772	62.662899936639306	94.34463518363059
SC_RS03710	164.00231315069598	181.85083828462936	128.29580589323461
SC_RS03715	53.53657287710143	68.21685615920839	72.71323778536643
SC_RS03720	9.721533190644287	16.475779969306235	62.551032839149826
SC_RS03725	9.80285509530751	9.17238744667743	60.086560882853256
SC_RS03730	7.963941957124364	8.877534829505198	41.76531979191124
SC_RS03735	9.399022583465468	16.98705140165319	39.23002362215305
SC_RS03740	10.461907471335538	28.59766279159415	53.17640373540916
SC_RS03745	10.166026654817939	5.460911873368572	32.51390531805296
SC_RS03755	12.481867469101884	10.98311257364631	152.65110464745365
SC_RS03760	5.320583552951815	15.31049544587623	164.39046252734488
SC_RS03765	6.020296881311455	13.009459703634034	127.03877733791089
SC_RS03770	20.412385427840135	17.29929129488581	151.37311160968122
SC_RS03775	13.80175944617305	41.52900090344247	54.741300756321074
SC_RS03780	10.373348612726817	652.4794022618673	1059.8228098704826
SC_RS03785	21.38993121479616	86.56107654137942	219.6678682122004
SC_RS03790	75.10094909165872	55.99557871784933	64.26424153688977
SC_RS03795	26.907025321681136	13.637513031112526	33.877419806282745
SC_RS03800	14.345623172931138	29.83860438816429	46.4409662627086
SC_RS03805	600.0841564898902	3389.8070776043483	2753.534797587262
SC_RS03810	21.07823201159306	63.07366772754744	87.32929719741198
SC_RS03815	13.183368022476632	4570.765349687403	2661.3983892390347
SC_RS03820	8.658648302774218	5544.883141956582	3194.91195622328
SC_RS03825	16.43609367138499	4719.640332393163	2214.5255715549406
SC_RS03830	11.934429292313578	5018.5414593762	3024.8404818751396
SC_RS03835	10.720701785551745	3335.31636075621	2035.6959394030466
SC_RS03840	12.660772411334435	3055.461044820782	1880.1857651532564
SC_RS03845	11.501737018574605	7631.998121459064	3291.490727651102
SC_RS03850	8.099955975789591	5324.817503729871	2644.8268638672594
SC_RS03855	1.7593784585350314	1497.7565885874208	1028.446969978501
SC_RS03860	1.4368678513562139	697.4084356575419	447.3971363503349
SC_RS03865	2.2287144883547927	1678.1254621929786	1130.4527667066282
SC_RS03870	4.51792551197752	5494.771971843065	2827.180461491308
SC_RS03875	6.48462592842143	3496.125510798496	1825.7162357053494
SC_RS03880	3.146561178599027	2071.071905690922	1089.4752973338548
SC_RS03885	5.088419029396827	5042.541601774087	2481.6852291902414
SC_RS03890	7.47298311935317	5510.409170154818	2981.941490229282
SC_RS03895	5.063576463750718	2798.705791660854	1677.4368979915166
SC_RS03900	7.283709519365507	2254.2349438917777	1118.1920254896177
SC_RS03905	10.330900435380096	4225.925958885347	1823.4374579605476
SC_RS03910	2.8488931370663186	1282.6834615853274	697.080212585088
SC_RS03915	17.433475041277337	3390.504641255667	1781.238418675126
SC_RS03920	108.49260034176129	1545.2070038006625	1096.1513652749327
SC_RS03925	42.9568920929247	96.26840305709506	71.9125206585682
SC_RS03930	38.067213588696745	218.36040734183663	103.32628423557816
SC_RS03935	145.0935392769665	1388.6796673732676	730.6619443371712
SC_RS03940	10.74733157621296	15.900442981192734	36.257050751555305
SC_RS03945	26.446270724601376	68.71074031549497	76.31826641986441
SC_RS03950	130.1891357231657	160.94446498203675	102.27900256142473
SC_RS03955	33.46975339707111	1571.342775012302	1351.2264356020833
SC_RS03960	25.122804297499997	27.567101950539907	59.339859769685035
SC_RS03965	69.9903602140721	102.80964299029323	55.088348709471944
SC_RS03970	86.11475468225397	115.41000260950882	57.21590780422498
SC_RS03975	319.9023360603489	431.6636959109186	266.98649977006903
SC_RS03980	95.513334519498855	111.16709159893524	110.22678179872203
SC_RS03985	2.007361368775521	4.704485133384958	21.657389675088876
SC_RS03990	2.1880535360231814	17.209023674542667	27.200015340757698
SC_RS03995	1.7751968452205336	62.392898060703956	56.575282759710355
SC_RS04000	0.9585076425758455	2.9961736553166456	36.09947949636004
SC_RS04005	25.985958873742224	29.485794184124106	83.76318733361528
SC_RS04010	111.17706244448604	110.43353568348701	100.24622449549629
SC_RS04015	9.025039619979324	22.27544601069582	40.765866388790165
SC_RS04020	10.79299951125436	29.435542363404693	75.34106873352295
SC_RS04025	17.313279409297614	21.040300172812476	119.44445444364615
SC_RS04030	10.695859219905635	3.405031438763035	12.524832617850814
SC_RS04035	38.30795954499174	17.702353319645404	55.39791827364353
SC_RS04040	7.134654125488851	72.87442071191515	19.090928288220013
SC_RS04045	212.09417770050013	202.8381798171048	66.63074105615952
SC_RS04050	102.42529104661392	55.95445389585793	30.93669259816202
SC_RS04055	103.96251894701355	53.816566118241624	55.56950632640118
SC_RS04060	288.93904155634385	119.14761033815452	84.09431245849413
SC_RS04065	168.90190132632574	126.19710267387022	114.31553880513442
SC_RS04070	27.504148629761662	306.880191916424	246.9517236214711
SC_RS04075	94.13016899568568	48.63669312699816	68.19353697255508
SC_RS04080	48.52188410608679	38.973995065047404	79.66040767280221
SC_RS04085	38.011724036138595	8.346099392240479	54.347845197220884
SC_RS04090	48.927503842943935	9.884912635812265	9.262639869151462
SC_RS04095	201.55685703978503	60.97943919980788	60.50463798159199
SC_RS04100	54.36327604516569	22.79251320172957	28.59475483231448
SC_RS04105	97.30979948033529	41.63363677001658	56.580185124815436
SC_RS04110	103.50542685384906	31.94695886116278	37.630565043802
SC_RS04115	536.5497385501128	27.643313534863875	55.057873790114115
SC_RS04120	373.3727122749342	10.746529753553824	44.519011626309414
SC_RS04125	175.4199512531333	7.519569036831488	38.52027546276017
SC_RS04130	42.586926325689376	38.77742804457865	34.09615569063941
SC_RS04135	4.750090035532508	3.769987671360644	45.152838133328835
SC_RS04140	0.3880141251565383	3.4663202656722	16.276752264093794
SC_RS04145	31.905098267454132	15.567796782070316	31.64481516034563
SC_RS04150	14.331592011260746	8.579663182503547	20.00588090003375
SC_RS04155	29.06522930934842	27.841236051610537	69.95954595096826
SC_RS04160	2.8488931370663186	9.464463334992285	63.70683190618989
SC_RS04165	11.875719982060751	15.523895231221536	56.89430697605594
SC_RS04170	83.20437522346076	83.10166105676169	113.62626576108246
SC_RS04175	54.97988024384699	187.0754096388775	110.7348072057161
SC_RS04180	8.598151767506284	32.7856352451292	62.698664076544496
SC_RS04185	9.698477850013287	27.050034759506154	53.639662848820954
SC_RS04190	6.268279791551945	23.701050900149326	36.20867732868003
SC_RS04195	9.893201178931339	14.335427673044352	43.75775842205538
SC_RS04200	34.95273192968933	47.985144554560684	103.9638571609622
SC_RS04205	44.56364070755286	49.19988408655423	117.19911837763925
SC_RS04210	161.54893773118218	1426.1885346970585	824.5784711877305
SC_RS04215	498.2928991458881	293.57546072997525	161.62069871728357
SC_RS04220	106.68353675193403	180.77693040391014	99.5545699134276
SC_RS04225	159.91207292974764	334.1545236489857	161.5021060190059
SC_RS04230	84.50864116174924	106.44237255139276	140.9556893311585
SC_RS04235	57.781230166971746	59.80367218137196	113.93216840974473
SC_RS04240	4.971443155111779	30.647747467512897	46.8734003787264
SC_RS04245	16.70713192225648	27.68086481584202	63.95066483749219
SC_RS04250	14.866431559058228	43.80050334106686	55.65665337406781
SC_RS04255	98.78911550903821	168.59900000221603	138.82574869838874
SC_RS04260	45.92821083320646	79.00642074221535	51.50699645683658
SC_RS04265	31.5414839617231	20.86500617962916	48.16173344023241
SC_RS04270	23.146089915636512	55.30290532342046	83.90326994954559
SC_RS04275	13.413745321016512	22.582132446213677	68.10733508266436
SC_RS04280	6.3852556658369926	8.232094225966321	52.01584744917393
SC_RS04285	7.90165819684132	3.405031438763035	50.32228828143163
SC_RS04290	4.301579375108035	3.3611298879142546	39.097694559813355
SC_RS04295	6.57675923706037	4.1730496961202395	36.874409278459794
SC_RS04300	15.642459809371303	50.00045467835866	45.130182410616236
SC_RS04305	43.284409682813305	89.65109135805247	75.96754169288474
SC_RS04310	69.04722821196115	135.76977541644985	56.80858059347232
SC_RS04320	0	1.2994536946219228	21.9943025366324
SC_RS04325	1.4368678513562139	0.8790043938019437	30.84763951978577
SC_RS04330	10.070673588484322	13.637513031112526	43.31919634965623
SC_RS04335	53.43283072593063	73.74207588931554	56.0741255347473
SC_RS04340	44.02701393474027	30.779139909847434	71.56424711414107
SC_RS04345	151.49854247185476	65.84183105031576	45.00975918300307
SC_RS04350	60.73271332431718	44.37885935900977	54.503110415773534
SC_RS04355	48.77344146635749	58.95086985214662	54.97493880979972
SC_RS04360	110.21131784796471	1463.6137517885209	1298.3211701718953
SC_RS04365	21.971236136191184	820.53645175856	901.7222134169792
SC_RS04370	149.22872428494776	3601.8035210615994	1915.3101166374759
SC_RS04375	126.99789639598424	3543.6887149104177	1880.7025891274106
SC_RS04380	258.650070774814	23278.91621674335	9084.883309213456
SC_RS04385	543.9601019337754	13310.60207569736	5278.078363413047
SC_RS04390	438.9316544489672	13326.174715136185	4814.593317910622
SC_RS04395	258.4413162842256	1448.8608239352461	797.4262341901084
SC_RS04400	120.04803968787891	1239.2154237057744	1054.5449061171905
SC_RS04405	189.877012517534	3473.036802591927	2483.8917207678633
SC_RS04410	48.79649680698849	13466.966911804428	7509.8851644268725
SC_RS04415	75.80745662774325	6248.3961108575	1798.445062715318
SC_RS04420	419.3817860264506	813.4910584849308	342.3181597778336
SC_RS04425	11.680996653142698	289.81765583336295	237.89529900557105
SC_RS04430	14.56876351752552	21.691536535038146	37.14872698743942
SC_RS04435	13.80354667118816	13.582019962890156	55.55358349812917
SC_RS04440	934.6330197625304	260.73683368146015	309.040094282306
SC_RS04445	103.83632654586506	533.1032229070424	1502.5849196193046
SC_RS04450	744.9300675489518	788.7144651606213	366.12930575662654
SC_RS04455	86.91919994824339	59.01739992655873	26.810712062793414
SC_RS04460	83.7063378131105	14.446413809489092	27.916231676248596
SC_RS04465	45.13234699995706	198.39727638054478	182.90743370189477
SC_RS04470	7.29229095210551	15.445219128251987	21.956269137490715
SC_RS04475	24.50262564878847	46.51952386548346	62.241668207104475
SC_RS04480	61.419828023685994	114.37055707069861	77.23423969082818
SC_RS04485	327.21839173775646	840.777947355612	210.28420017737656
SC_RS04490	107.56974666880727	201.4489431040838	74.41236989932767
SC_RS04495	19.655395321907235	33.6902871923239	39.305545268593505
SC_RS04500	41.626188711877816	58.40975290497004	67.7140148111546
SC_RS04505	40.83434207487924	9.701046155084772	28.4243923708331
SC_RS04510	71.21946336129882	16.829144684530252	40.26981646105843
SC_RS04515	42.771192942967254	74.34337264103361	41.55671899916192
SC_RS04520	203.29084589243558	121.26509180988101	81.43349562221094
SC_RS04525	42.20614915447834	30.77365636137244	57.30149889921816
SC_RS04530	41.15327823202784	45.55240415977215	38.066471001522366
SC_RS04535	30.60102467706847	106.31622135656119	71.2420912758096
SC_RS04540	294.73441086804587	788.4575826900698	370.6685306701646
SC_RS04545	557.5788324706521	652.660631832217	332.8561826957813
SC_RS04550	8280.341679782492	12955.148155312756	4555.537238169338
SC_RS04555	7.044308041865021	19.10699739202527	56.12937699797309
SC_RS04560	21.039358284276556	30.20991089063253	82.61215534408987
SC_RS04565	137.73995435103694	84.14405571616157	92.40356631075717
SC_RS04570	2.7585470534424887	5.992347310633291	64.26778302312815
SC_RS04575	7.005434314548519	4.412409245070103	43.97615408669536
SC_RS04580	18.36034591048218	14.180539985750833	45.70774665357935
SC_RS04585	21.25892417884072	29.120283440342657	91.83308504027083
SC_RS04590	12.69240918470544	13.64330878979932	68.29858252373916
SC_RS04595	46.419169670977645	57.67737592112925	63.093140294794715
SC_RS04600	9.816886256977902	28.19158173700514	68.38355882235359
SC_RS04605	12.19823058923957	28.11592466386501	79.55032446892261
SC_RS04610	5.309772148976099	18.70973112595247	47.60206770078675
SC_RS04615	4.624089982286852	17.61455021794784	56.22333244145442
SC_RS04620	15.699381894609022	28.668078617231327	80.47194033064113
SC_RS04625	12.240678766586289	17.73466335312059	128.7179794883741
SC_RS04630	88.11416971241293	1810.286734369142	369.71037757576147
SC_RS04635	46.92336223186309	336.705779381697	315.9909310852511
SC_RS04640	24.70672784900267	120.8074034382947	170.9747870626287
SC_RS04645	129.35993594541526	2675.491130745512	651.5612005484576
SC_RS04650	2.420218059578169	4.765773960294123	47.83291435199617
SC_RS04655	5.9656047673094506	9.51416064452786	69.93988656265113
SC_RS04660	0.3880141251565383	6.8771474631220295	24.055454417402302
SC_RS04665	127.26982013929694	58.291061002376765	47.5424688826183
SC_RS04670	87.58424909344016	104.05058458686337	96.46525059497849
SC_RS04675	23.755457160372323	31.173387146090818	38.05143354480995
SC_RS04680	29.263527088296694	24.649604398192807	27.93092891324434
SC_RS04685	11.032400988754846	11.470646460062248	16.325125686969066
SC_RS04690	22.904901213120915	12.644503471036424	86.24806876219816
SC_RS04695	6.317964922844163	22.351345384807992	80.60726572737627
SC_RS04700	16.65744679096426	18.216401480849736	70.51064240979953
SC_RS04705	374.23818487629717	286.33426050184215	248.14403620307553
SC_RS04710	143.03461749799862	29.526919006115506	29.043111776604288
SC_RS04715	43.12856008121175	558.9204738648183	226.33167160125387
SC_RS04720	295.3709387035485	15781.831166369444	3451.5547618270944
SC_RS04725	51.98952335918506	1400.1952338530723	425.92235519117065
SC_RS04730	351.6524864587754	243.84042784666346	189.88418327880927
SC_RS04735	1549.1644158993047	758.199707932693	346.8625018469225
SC_RS04740	6.854591695656754	18.111211103091794	64.58013413124945
SC_RS04745	6.667105320684199	8.757733904544246	48.05934400372712
SC_RS04750	10.79701670750518	16.45839269324585	39.39950071207483
SC_RS04760	61.377379846339274	53.992414622608784	76.13790415436613
SC_RS04765	17.995387125956643	36.48274257220709	30.07937298759079
SC_RS04770	21.20343462628257	153.98881380767745	108.73949767044743
SC_RS04775	64.83242047044672	363.8356360127313	291.5420768934837
SC_RS04780	20.174416483019215	76.21483208372781	72.54124972667579
SC_RS04785	26.802648076386912	66.21313755278402	69.49540146599688
SC_RS04790	41.993377467639064	47.48879587962854	68.3341647403283
SC_RS04795	73.2592589420015	35.104058263431774	48.444085136302995
SC_RS04800	82.50922613159031	94.86660562281234	56.89606786085563
SC_RS04805	77.12715625691159	39.09022244899511	53.773217502436914
SC_RS04810	14.216403361990807	12.244460476106246	38.545917661548735
SC_RS04815	5.359457280268318	13.318922868009274	46.102147370455455
SC_RS04820	6.721797434686203	12.510334299844505	24.081922201534137
SC_RS04825	6.48462592842143	39.60697742981706	90.99447966024081
SC_RS04830	11.433013742902208	42.41602327360475	89.81853583925701
SC_RS04835	282.71087567688517	147.57639931567573	100.05375146314522
SC_RS04840	52.90022114936886	390.2016030284016	143.40362766428552
SC_RS04845	15.78606547431757	2329.3443501107326	277.7275543367414
SC_RS04850	2.239525892330509	1038.9373962481554	108.45579495382965
SC_RS04855	0	610.0280499249579	57.13916056650825
SC_RS04860	4.872072892527342	926.236243878269	107.20529035933907
SC_RS04865	40.65409265385218	5174.990504223626	544.6451202089006
SC_RS04870	31.35721734444522	67.87175172131676	58.5368963924605
SC_RS04875	41.01682146714201	197.6954759873879	91.47821388899352
SC_RS04880	27.5804635517151	198.38353255473743	101.61150972684526
SC_RS04885	43.293433861773906	478.71576423603443	242.81599414062748
SC_RS04890	195.96201547826706	63.20925813131883	99.39645350638943
SC_RS04895	15.98981298219623	31.71641410072912	53.484337844051986
SC_RS04900	4.33723334472986	14.466820115378894	32.90845118083899
SC_RS04905	57.672923779311766	157.07389958705932	105.03875270766842
SC_RS04910	25.845927658826174	84.97971307029856	129.1757115819826
SC_RS04915	245.16144306452367	312.0211581304114	236.92434484656235
SC_RS04920	390.4330017912816	608.5948091785957	430.54949295150226
SC_RS04925	919.2143329150815	371.7371996018181	373.11899168573706
SC_RS04930	110.14446985119247	31.036198945069486	73.82134386896459
SC_RS04935	18.4100310417744	19.16249046024764	58.68937020874393
SC_RS04940	84.25699574759348	135.4580201251613	115.13959795091691
SC_RS04945	67.22091370276883	32.87288383564292	71.20739443078004
SC_RS04950	23.271292530326026	22.44192521536293	50.88072842960103
SC_RS04955	7.409266826390558	11.266373673444953	52.807780504912046
SC_RS04960	243.87014421089896	1560.0449786710114	1334.1383910440736
SC_RS04965	648.7232806319173	1881.79769381089	1294.4637371793565
SC_RS04970	265.15704265919544	248.35150480788863	175.2305061887128
SC_RS04975	138.69559692825365	38.39508453592065	56.66821754404167
SC_RS04980	58.67387959923433	23.45287656268325	47.67724912751053
SC_RS04985	32.56951231852749	34.371126768407144	68.19672838075729
SC_RS04995	10.603725911266695	71.72374673568817	84.71915982064667
SC_RS05000	9.473550280403797	131.10086164734156	299.000162809677
SC_RS05005	9.73735157732979	182.7538924345741	570.9049518223662
SC_RS05010	110.22212925194042	102.19890702963535	90.94399527452968
SC_RS05015	89.98587175485876	96.60302917291898	58.977159563443024
SC_RS05020	135.3562757535218	164.87648742271742	125.35649935019688
SC_RS05025	56.262685718616765	63.07946348623423	40.71728803378865
SC_RS05030	453.7019355031357	172.31818134167344	58.68235688080299
SC_RS05035	625.6658401055698	417.97704008145433	123.17010137956406
SC_RS05040	20.52534410587436	20.5726180811025	59.61996521532932
SC_RS05045	20.325259101910984	21.086666242306837	74.40591158154915
SC_RS05050	7.680305077262049	14.212850019226025	31.27973341608689
SC_RS05055	352.02181713188725	205.30038360727139	259.53662070647795
SC_RS05060	76.3932214916097	36.19288890156577	94.65195849737587
SC_RS05065	41.55711074386988	16.68917975465154	64.36677611930497
SC_RS05070	83.71893644210132	42.91514867739428	49.43741058304273
SC_RS05075	9.400809808480577	8.132699606895171	32.3576949417244
SC_RS05085	7.623825738244936	1.7696003049774771	9.321353315760314
SC_RS05090	13.202406166856811	4.593498996940218	41.46610010979273
SC_RS05095	45.64135419564946	90.28494044421775	71.29761331421625
SC_RS05100	145.53536002368386	85.98296282440855	111.41578154433451
SC_RS05105	122.72892734057349	112.41129452630683	94.95635111978032
SC_RS05110	49.16869254545953	35.983062657233724	57.7495156237913
SC_RS05115	240.9886407541354	136.65568459130628	115.89724402587794
SC_RS05120	346.73548501934783	223.50550578095934	143.94730093092338
SC_RS05125	7049.200345588296	1824.885365792498	922.3396111778748
SC_RS05130	1040.5452686084107	127.55284624887038	131.357366193221
SC_RS05135	12.102877522905953	2.0500846759187423	34.48321271817739
SC_RS05140	140.43335257883726	238.49827778512793	798.9726296248007
SC_RS05145	63.48545595649374	122.93283297714177	95.11922474601366
SC_RS05150	32.79086543810676	21.64461595435995	43.309196545639324
SC_RS05155	17.07030348176691	14.478411632752483	49.703704163250876
SC_RS05160	25.218954802389757	119.53970526596412	153.18435838750258
SC_RS05170	3.1714037442451364	5.650574112782861	29.982285922123573
SC_RS05175	5.864447279709904	9.0498097928591	35.844616243571316
SC_RS05185	5.410929636575645	14.163152709690449	33.1256212542027
SC_RS05190	10.14118408917183	18.084696828303393	54.40125627279166
SC_RS05195	2.717886101110877	5.566102251126517	18.605898823655213
SC_RS05200	2.717886101110877	9.336089922487162	41.52603914767786
SC_RS05215	192.37283611439454	149.07512685038404	87.1807050870836
SC_RS05220	24.991797261544555	24.09165468613969	74.25820484278037
SC_RS05225	14.809952220041113	27.885137602459316	74.27793973247161
SC_RS05230	19.97066897514056	22.973602953599684	45.54091582001685
SC_RS05235	20.766532808389957	17.293495536199014	43.3924717456704
SC_RS05240	84.0094555835736	85.80822334240906	111.15342945629776
SC_RS05250	27.46170045241494	89.51359094681932	137.33521737717683
SC_RS05255	55.00150305179843	16.560806342146414	46.18855419247242
SC_RS05260	81.05975965124327	26.08655850404787	84.80706681060195
SC_RS05265	90.60060067463989	39.53965054324906	61.95945179862432
SC_RS05270	163.81339424304386	70.49661887416515	103.79921279160968
SC_RS05275	14.20559195801509	23.797114279179258	37.333786685916536
SC_RS05280	48.646096934317335	249.29395033703352	193.46253919704915
SC_RS05285	56.39226022189264	538.9890285165781	1333.6355327205274
SC_RS05290	6.310727968898664	5.650574112782861	76.07443348856212
SC_RS05295	9.852540226599729	20.955273799972296	141.21865035873572
SC_RS05300	322.7073484873889	1007.5837818986519	682.9025143147967
SC_RS05305	41.63744286207414	115.92682749957054	83.67310373776951
SC_RS05310	6.559153625359758	25.502094517206356	21.653167749417147
SC_RS05315	12.752905719973374	30.627028951411294	71.81536394856516
SC_RS05320	73.02128999718059	225.38466681686387	225.79745298679003
SC_RS05325	2366.569890812274	10553.924036790619	5037.817147962278
SC_RS05330	189.0933926209399	6291.88102637354	3863.559312869553
SC_RS05335	179.77256023832805	2362.4381629331992	1427.044770388261
SC_RS05340	31.315566605654645	998.5882163331679	534.0036636764644
SC_RS05345	3.2635370528840753	3899.493535860939	1985.939626322215
SC_RS05350	11.768122979071851	21.805299400340264	64.1623972522274
SC_RS05355	29.380502962581744	56.672774843679555	65.86492570651708
SC_RS05360	330.81043616698815	90.78621815644105	106.75360671925664
SC_RS05365	63.452474704328225	8.597050458563931	30.373155011080794
SC_RS05370	14.473410451191903	3.769987671360644	47.86741612321897
SC_RS05375	51.11233762127244	32.53714869745132	107.28387798471081
SC_RS05380	8.875984226102668	15.269925135068666	70.59371267770436
SC_RS05385	13.156738231815414	12.919192083290897	34.692629237950484
SC_RS05390	23.79433088768883	26.904274070940644	25.243499146919383
SC_RS05395	416.0737494095495	256.4137186799069	144.20835192630975
SC_RS05400	242.00139776449262	276.30286027454827	145.0694139537644
SC_RS05405	43.06707375948485	29.564470287093656	35.35488934602768
SC_RS05410	37.255531368761844	77.8682050047576	124.67642024145755
SC_RS05415	23.44876493987901	88.25859331423001	182.5236337256136
SC_RS05420	10.449663534680253	23.36507346098569	27.114834110017007
SC_RS05425	180.23188230272825	672.0360001398789	319.0386696614818
SC_RS05430	333.0906230116502	1421.170380091985	651.0598941761034
SC_RS05435	1830.6050684902782	4525.049173142581	2477.7469151764312
SC_RS05440	728.2452815826553	1366.4619733946588	943.0714875701324
SC_RS05445	697.7911866222455	1701.8125269663485	1314.6200946484323
SC_RS05450	1029.6134643036796	6965.213136079847	3340.4747227014627
SC_RS05455	4.896915458173451	5.466707632055367	66.9375192180619
SC_RS05460	2.46087901190978	7.280209487881624	52.064220872049205
SC_RS05465	3.1217186129529177	5.180427502427307	44.0497697024262
SC_RS05470	1.3713643333784933	5.101751399457758	37.93625290201854
SC_RS05475	2.733704487796379	2.642808940092626	42.690817359584806
SC_RS05480	5.426748023261148	2.067471951979127	73.2166412607558
SC_RS05485	16.50883414330821	10.936191992968112	125.83651087870517
SC_RS05490	12.19823058923957	3.5276090925813643	55.092230415427
SC_RS05495	159.79223199010346	156.00697056957256	154.15068075658706
SC_RS05500	24.022478214992994	40.576561654173936	43.61243322130332
SC_RS05505	9.880957242276054	62.27333943671504	74.57138153624494
SC_RS05510	7.885839810155819	21.840073952461033	52.81955105204814
SC_RS05515	2.0322039344216307	9.470259093679081	15.387722284568975
SC_RS05520	24.97955332488927	96.99449968030498	98.41728014480252
SC_RS05525	19.203664903788088	303.37021240087506	308.53682023766873
SC_RS05530	19.262374214040914	73.62720400164575	170.8846436805666
SC_RS05535	9.193487850571701	45.57589940473113	71.02716745287218
SC_RS05540	137.94763100128137	114.9778918820755	99.58681557590462
SC_RS05545	5.309772148976099	7.4143786590735425	20.136644151380498
SC_RS05550	129.4859359986609	175.8618222140373	140.12198045939527
SC_RS05555	28.16820798849948	65.69575815153846	53.545697547020126
SC_RS05560	75.51424852868196	153.98124786000844	108.0956812177306
SC_RS05565	114.14972566356231	28.758346237574465	51.383586753147455
SC_RS05570	42.00919585432457	37.095630841298735	45.96437079116777
SC_RS05575	274.5539233253102	295.07484943129805	73.09893979087602
SC_RS05580	293.940969353935	382.4734933342762	180.56432612950607
SC_RS05585	98.76606016840721	264.7788031454577	123.24664368515454
SC_RS05590	214.5757940279201	167.863291778334	356.5599074422117
SC_RS05595	345.7059198358461	684.2977821557439	967.8740246090546
SC_RS05600	59.85517289406902	52.29847139077144	87.96706519660277
SC_RS05605	1003.1659833977715	1206.2066088558336	961.6307553581307
SC_RS05610	3869.6303034027515	7223.373521232418	4750.039140916392
SC_RS05615	20.73990301772874	58.03955542486948	48.437276740488294
SC_RS05620	33.53847667274351	59.876240315442914	36.10981952009362
SC_RS05625	417.0892671912481	189.83284816566785	127.27112015557745
SC_RS05630	339.9948998385992	258.86513193779393	100.57803005980848
SC_RS05635	993.4020738435329	595.9076897437486	241.08474179346013
SC_RS05640	450.35723641322585	243.38926630961825	225.6812516848486
SC_RS05645	16.64886535822426	29.464521156838668	19.32088956786984
SC_RS05650	56.54497811968458	63.6953707851553	65.54148449069302
SC_RS05655	7.327944921727337	21.992184910897176	51.451754851930296
SC_RS05660	30.999850206200726	44.9044990375877	105.53752839461477
SC_RS05665	75.79064845459878	95.53245253224101	78.51889597850537
SC_RS05670	114.4732260572001	47.666866601669234	42.32410015979731
SC_RS05675	118.74754054752349	22.00957218695756	56.92096983399452
SC_RS05685	15.484822982754643	40.33387086518286	143.15986437751906
SC_RS05690	12.32923762519501	13.094486076474215	116.84234119565234
SC_RS05695	183.72901641184686	69.93040888477967	30.486224691036345
SC_RS05700	18.68464374267611	4.295627349938568	42.570734351688316
SC_RS05705	26.00857146815262	7.335702556103994	95.41430200531575
SC_RS05710	75.26582287222087	20.853414662255567	146.58915267812347
SC_RS05715	36.85026632424024	29.234288606616815	68.5064332325193
SC_RS05725	17.715324696124544	60.27867791977891	70.11779764559687
SC_RS05730	37.32683930800549	153.7049282874552	79.4958985910401
SC_RS05735	26.61694892642947	761.1919579110014	195.32012793776525
SC_RS05740	43.06206677677507	6733.529210040709	1140.622184692373
SC_RS05745	85.60173029031075	197.63481158090235	184.26549081485706
SC_RS05750	383.373953203075	1117.4210529400007	658.6086489095627
SC_RS05755	24.866239954519504	29.003501545211122	133.11392051946018
SC_RS05760	10.16423942980283	18.666384086287525	166.96644821092355
SC_RS05765	468.902646379542	1744.3087868041855	1078.3673489911696
SC_RS05770	103.20588353341618	169.2016480772738	114.72382688882078
SC_RS05775	259.3318237991375	343.5952494380469	153.76947125193007
SC_RS05780	92.27964701497068	71.83806411217412	60.87196597627702
SC_RS05785	17.520601367206492	27.178408172011277	30.66305532861575
SC_RS05790	85.87312323351777	93.36256693136131	60.49388809360591
SC_RS05795	8.458120552590234	244.2366549996084	39.208593490716716
SC_RS05800	16.37059015340727	1316.0922620397732	226.2768996468164
SC_RS05805	9.75316996401529	129.18525835282654	61.053213613334904
SC_RS05810	48.06335948024274	148.23613825620583	96.454365419402
SC_RS05815	42.08014910123268	141.83524537233794	186.78480437012695
SC_RS05820	18.78902098797033	60.77596322534646	60.44149767718516
SC_RS05825	32.01126273776347	78.72347185262852	79.75340810018811
SC_RS05830	43.212111957110686	177.32188944539976	129.5615528765638
SC_RS05835	20.744910000438523	102.26359700582549	99.62552941447964
SC_RS05840	73.94816086638542	136.2396098165936	84.6993651447391
SC_RS05845	85.61432891930158	53.49575373746483	128.15585270805644
SC_RS05850	18.285818213543852	30.218483378176703	67.1823130222979
SC_RS05855	6.6404755300229805	6.45669816230205	32.6283457351947
SC_RS05860	5.541936672531087	23.872771352319393	49.68669103129302
SC_RS05865	56.80253224912404	117.31099535682084	126.35112989106818
SC_RS05870	62.42336850717981	177.01496070890985	92.0247383441169
SC_RS05875	4.195414904798702	9.292188371638382	59.18719087959485
SC_RS05880	2.5778548861948285	8.568071665129958	32.49390571001914
SC_RS05885	15.089571903652608	14.907987932300472	67.64285037797629
SC_RS05890	16.22019028073611	25.581082830387704	74.57280220132796
SC_RS05895	22.979428910059248	23.10197636610481	23.02232482840169
SC_RS05900	207.41585459056455	199.38091664092084	139.1864830877048
SC_RS05905	53.663208024470514	18.65146132887272	35.15119091838345
SC_RS05910	138.8604707088158	93.21927076144138	102.83411601380148
SC_RS05915	366.54752738141275	660.1253606215643	494.0207111289681
SC_RS05920	189.0118040778262	3920.627190189614	2554.89174985549
SC_RS05925	161.52338578086497	10033.527946049699	5467.502557561211
SC_RS05930	80.58426450782204	90.00723280213386	66.45698225434968
SC_RS05935	95.34309906389137	78.40241717087969	103.90003641712204
SC_RS05940	111.795808560518	76.58280734615484	61.14458258667326
SC_RS05945	237.93187861892181	437.68644324756536	230.40035935509664
SC_RS05950	348.80001887167884	604.5757804483733	207.01907088049808
SC_RS05955	780.38074487204	582.7679833663386	190.24279684696998
SC_RS05960	49.84177608315795	51.67892064159736	65.09700925235828
SC_RS05965	9.73735157732979	4.704485133384958	17.875870622728165
SC_RS05970	14.528102565193906	12.367038129924575	66.47963797706228
SC_RS05975	3.872904297619885	4.418205003756897	50.15294647910028
SC_RS05980	11.514335647565431	15.921161497294335	54.913093741204975
SC_RS05985	23.599164812550168	18.000224966647053	74.95053986428239
SC_RS05990	12.836014849651706	15.208636308159502	66.0169240154934
SC_RS05995	44.323249443593404	24.865780912395493	98.04913642309371
SC_RS06000	23.29970954600235	10.702628202705043	75.05694629433316
SC_RS06005	28.512341403629726	23.262659812085126	54.37410804922648
SC_RS06010	56.55132958118887	45.967369912117135	94.67631531867185
SC_RS06015	10.477725858021039	9.8236238089031	32.55350452818759
SC_RS06020	22.8624530357742	31.517937072798624	55.4934395281178
SC_RS06025	28.574625163912767	26.80186042204008	69.80108932421341
SC_RS06030	101.12578169271744	208.00448137427315	156.0021415409218
SC_RS06035	114.95783343346699	114.23003762963606	79.90452103760485
SC_RS06040	60.36051758584615	55.242171007695134	49.10226846461839
SC_RS06045	137.39331056288307	53.05458592054325	47.78678717954719
SC_RS06050	138.73947763827994	71.45731840076607	64.27948392572843
SC_RS06055	93.32671351615524	51.38438023463693	63.64565741870901
SC_RS06060	62.43704497651466	29.81542135341711	49.009393466503404
SC_RS06065	18.218527470551024	18.978623979520147	26.325002158795268
SC_RS06070	11.230698767703116	20.49727321817417	100.68540136427417
SC_RS06075	8.78965533872966	15.926957255981131	73.31236744735631
SC_RS06080	4.477264559645908	7.224716419659254	45.652564834889375
SC_RS06085	2.783389619088598	9.978511496196619	54.90064275463553
SC_RS06090	2.7585470534424887	13.2899440745753	56.04242502411321
SC_RS06095	13.84420762351977	26.47802901143387	57.37579495438236
SC_RS06100	7.2782597904351185	79.1116111199733	113.71456875548955
SC_RS06105	11.029181231060168	18.817940533539833	40.26226783959407
SC_RS06110	38.47382311201286	10.591642066260304	45.07888229788132
SC_RS06120	137.34907516052127	95.48164620033775	98.37468460027242
SC_RS06125	206.68825504663425	84.00273946294314	111.06417144579525
SC_RS06130	38.360864433978634	60.77263198530524	48.435310923562355
SC_RS06135	15.383665495155098	14.455228598005304	94.10821558620222
SC_RS06140	6.658081141723591	4.660583582536177	81.50874669347054
SC_RS06145	6.877647036287754	3.8138892222094247	27.222806351060726
SC_RS06155	1.7751968452205336	1.2381648677127581	14.91759498912616
SC_RS06160	352.1080417252425	185.40551616318294	106.85946799746448
SC_RS06165	105.45478829704284	108.26198237611761	63.9008608912144
SC_RS06170	171.7475747056974	146.68024994678547	164.92201516881045
SC_RS06175	7.2019448684816805	4.4679023132924724	22.742424314883642
SC_RS06180	64.1891864811042	42.36053020538238	46.1703154692383
SC_RS06185	334.7916606156054	280.99283734322273	169.3668747746147
SC_RS06190	274.170193034855	219.70820702265442	136.3800507588497
SC_RS06195	12.662559636349544	10.892290442119332	27.856292638363474
SC_RS06200	389.0037255862064	82.17733387953149	170.01683890035187
SC_RS06205	116.85680036069746	76.89837847942867	52.18987682616463
SC_RS06210	83.11724889753161	9.525752161901451	58.41627809104058
SC_RS06215	436.58228534227936	435.4147026819071	244.1258328349439
SC_RS06220	111.27420273583476	224.30194832056668	111.3128370976668
SC_RS06225	15.511452773415863	108.87407383305339	119.54676437729613
SC_RS06230	200.8055670611003	1850.2020423033864	1940.649511471325
SC_RS06235	58.14806423039746	489.91207580297925	481.4342883025456
SC_RS06240	61.98030757568573	1153.6781887247375	1180.0971111965757
SC_RS06245	251.9605152041522	4103.521730395625	4120.924659348871
SC_RS06250	11.302006706946766	168.06097616704685	393.80061419788694
SC_RS06255	215.422937869574	927.7045229322111	1427.7749714546994
SC_RS06260	5.038733898104609	323.10429391649063	400.03672497495995
SC_RS06265	8.911638195724493	1196.2969237339007	1517.296198280328
SC_RS06270	28.7269003154841	23.85260734740163	65.12395254379722
SC_RS06275	41.24764151190249	58.138083322544986	57.179304928485806
SC_RS06280	263.6972818116409	108.89496474088725	73.07443782367012
SC_RS06285	1068.8465955467461	480.71597921068536	207.14310523888545
SC_RS06290	1170.8138509573396	341.4047152303054	178.8780548663668
SC_RS06295	45.453070382120764	92.92139911443974	69.87572559909427
SC_RS06300	10.74733157621296	32.35883567443858	25.32045131676236
SC_RS06305	1.0736962918457849	0	17.86464522743499
SC_RS06310	353.01303938817813	1152.860328576631	458.82814440049253
SC_RS06315	41.55612095741091	130.7000218402555	93.57215658408336
SC_RS06320	6.436728022144321	12.346631824034775	22.75957273443192
SC_RS06335	50.11638878405966	105.37624034606186	46.40817544838866
SC_RS06340	46.59485485551552	413.610372485455	129.91526407961945
SC_RS06345	6.953961958241191	25.744785306197432	22.45265928493912
SC_RS06350	114.43415998198077	244.54882498360124	164.42079815763108
SC_RS06355	280.0409917760692	1004.9587133639604	288.42643893829387
SC_RS06360	156.55121947774472	1753.9651304233278	408.6021234560231
SC_RS06365	191.80055537196012	1595.3902520937759	352.9131587764237
SC_RS06370	52.19426065352269	194.2873556095557	119.19951149201904
SC_RS06375	780.76418099737	10040.653897238117	1458.7078760550946
SC_RS06380	80.28194417591509	99.4854399629335	79.03107366663536
SC_RS06385	6.7556641792929195	25.525589762165332	21.397624057195074
SC_RS06390	19.01216133256471	17.57977566582707	48.33420686454966
SC_RS06395	22.778901159875264	40.672937243415674	61.053213613334904
SC_RS06400	9.46452610144319	10.112680667388538	56.00017955761928
SC_RS06405	3.7577156483499454	2.537618562334681	56.05576138224225
SC_RS06410	2.693043535464768	4.1730496961202395	70.62984004613644
SC_RS06415	3.5612050944167835	5.9981430693200855	48.643426350685075
SC_RS06425	1.7751968452205336	4.7102808920717525	25.334127894608073
SC_RS06430	13.257895719414961	24.898090945870685	53.708171167320465
SC_RS06435	85.43407949827451	85.66794620231855	129.10781805986184
SC_RS06440	7.962154732109255	13.214044700463129	50.12681891468511
SC_RS06445	48.72642905252159	21.97479763483679	77.9315467219711
SC_RS06450	786.7291063834784	162.38912068110213	167.87219702910517
SC_RS06455	757.1558296614265	436.74379216363934	172.2014661278655
SC_RS06470	5.309772148976099	6.815858636212865	19.541396195345683
SC_RS06475	36.36431446917883	120.26080294264312	61.34100296803399
SC_RS06480	31.088409064809447	74.58852794867026	55.778922846174275
SC_RS06485	95.0620468476003	144.96891943888772	90.50209664801841
SC_RS06490	132.55474972262692	220.3251534347034	99.55170886662258
SC_RS06495	310.23630866239546	219.0406224974963	132.13922980040638
SC_RS06500	93.64242991560916	2399.932764493251	437.44051028899486
SC_RS06505	76.00842712414784	2925.7926680267756	448.05463923921695
SC_RS06510	43.492174386942786	1362.8181327451914	231.6241314471128
SC_RS06515	58.66351094147922	1759.0127774138898	320.9429307264898
SC_RS06520	29.008307224110705	82.71931754810369	77.01135152533561
SC_RS06525	16.280244069783443	46.92505040888863	40.48855234541509
SC_RS06530	30.21122332689682	118.5960808052118	71.3903431664213
SC_RS06535	57.09921050419778	436.60930660929745	207.54785183633342
SC_RS06540	296.59604089465716	377.95485042538206	176.42011087238456
SC_RS06545	20.97707452399351	5476.99562140069	700.2601850056454
SC_RS06550	8.456333327575125	2458.4370699503334	302.88891851521237
SC_RS06555	38.062206605986965	3267.6195872347225	295.6451252741205
SC_RS06560	529.8964582798587	409.0720543465253	396.7531677378789
SC_RS06565	1456.8834362123516	1180.8182186339122	1184.4174529337233
SC_RS06570	818.5056479810606	1277.2911741145833	851.3222444537316
SC_RS06575	50.11495625138009	54.81568364721632	61.98591958275616
SC_RS06580	15.286082457585769	46.583277211038194	66.49174874391505
SC_RS06585	298.9014087571682	622.2336077967464	314.30424009953975
SC_RS06590	574.5039054068902	3445.8134768037235	1265.9045371347968
SC_RS06595	79.1924294973838	507.9460971821864	191.87049395257205
SC_RS06600	16.161480970483282	123.01237580150695	298.92189568738297
SC_RS06605	0.2976680415327083	88.98437772722814	39.25158904117981
SC_RS06610	2.3953754939320597	354.0334250495932	67.01249571265944
SC_RS06615	2.1225500180454606	48.6742444079763	32.16576706121626
SC_RS06620	3.1325300169286336	12.002081897326967	26.898344476086645
SC_RS06625	19.74609609786661	41.3912581912373	52.414945599028876
SC_RS06630	4.260918422776423	10.148009730693145	42.3258709029165
SC_RS06635	110.4606452369997	134.827572188277	69.34864574184229
SC_RS06640	93.61535737872734	145.4335125915285	113.23084438505633
SC_RS06645	33.00140715371032	44.74357329063535	50.31174332557181
SC_RS06650	19.352277551444143	21.533629817915212	23.8410757463078
SC_RS06655	22.50106870127888	8.652543526786301	61.81923389510359
SC_RS06660	4.416768024377974	14.545496218348442	36.507897010798544
SC_RS06665	39.215437577480856	1191.7387081184017	333.34542422769835
SC_RS06670	14.740431505812571	166.63942524761245	135.19296690226633
SC_RS06675	36.0083798636139	132.9775623375387	104.79939656206093
SC_RS06680	34.061515030106314	51.427727274301866	130.65149973978316
SC_RS06685	5.940762201663341	12.51890678738868	73.59437892371022
SC_RS06690	40.25026014201014	127.7546545168421	217.10584354144905
SC_RS06695	5.293953762290597	7.309188281315598	75.48394275172247
SC_RS06700	5.063576463750718	8.109516572147992	49.82902975596912
SC_RS06705	6.631451351062373	7.353089832164378	46.92633594699008
SC_RS06710	8.002815684440867	7.662552996539617	77.91684948497536
SC_RS06715	92.49563845950462	24.439535852888717	69.6070504808694
SC_RS06720	18.46651038079151	8.807431214079822	13.958285947982635
SC_RS06725	61.20928630808244	82.37334638881642	120.78285216829131
SC_RS06730	18.170629564273913	86.62236536828858	253.39663212045724
SC_RS06735	111.4678482244088	1559.327663673269	299.65796062815946
SC_RS06740	416.039632266625	460.85335189083236	175.12960706182636
SC_RS06745	8.704316237815615	214.43213083390148	166.65557355262038
SC_RS06750	14.825770606726616	23.7093111774817	126.05579191490474
SC_RS06755	9.060693589601149	27.85615880902534	149.40999195215446
SC_RS06760	12.752905719973374	58.55360358607381	119.73298402399492
SC_RS06765	19.71946630720539	52.62778634985264	93.50997129577196
SC_RS06770	4.634901386262568	10.647135134482673	50.276161108982656
SC_RS06775	16.808289409856027	9.806236532842716	34.97116887260184
SC_RS06780	7.186126481796179	10.965725297585925	41.19967124199415
SC_RS06785	9.310463724856747	13.164347390927555	54.23211940258655
SC_RS06790	18.86533590992377	38.43867387655763	47.672346762405454
SC_RS06795	7.215976030152074	16.41449114239707	39.0584355693954
SC_RS06800	3.353883136507905	20.067696918626176	45.56561286102949
SC_RS06805	8.599938992521391	23.905081385794585	53.46875523549665
SC_RS06810	566.7607857692395	406.1588246648549	317.2251128455366
SC_RS06815	41.0611449233889	40.10339601398897	41.53671939112811
SC_RS06820	289.62428097681254	1155.5969087688402	4895.762397283126
SC_RS06825	49.70754928950783	592.883297360963	581.6832444140948
SC_RS06830	538.0388043825801	1997.2257899551412	691.3441530141345
SC_RS06835	645.3935631566497	355.27388204421925	244.55758651152837
SC_RS06840	285.68229871118473	151.70610197213102	114.40819901280366
SC_RS06845	214.78391342438513	116.13522833838493	122.60961591161342
SC_RS06855	9.919830969592558	6.9326405313444	27.576527412435855
SC_RS06860	15.553900950762584	13.149979144696585	23.00130456121785
SC_RS06865	72.56177558487757	67.33174379650785	118.99104998834136
SC_RS06870	16.780227086515243	27.949203158225863	76.88705645008689
SC_RS06875	10.15700247585733	18.715526884639267	84.15603209781796
SC_RS06880	3.949219219573322	7.166204321607468	52.63809848286401
SC_RS06885	352.5194078329506	3558.9082035346764	400.6895402891827
SC_RS06890	362.68846189756044	223.58782533418187	455.1630374390378
SC_RS06895	288.59301662218076	182.68045757910753	352.699249755798
SC_RS06900	107.03856962492506	251.41104968930844	129.74748808828105
SC_RS06905	167.02259387426147	291.28397085210355	142.40274373776194
SC_RS06910	130.56400417909305	738.6091980510181	325.26192944605236
SC_RS06915	50.49359150524048	3673.0262572032084	4196.973642293728
SC_RS06920	8.211924867364853	2560.4890167155613	899.2022135654378
SC_RS06925	20.004535719747274	4100.613036706276	1332.8345675176106
SC_RS06930	20.201046273680436	2199.721777118957	742.9031143079815
SC_RS06935	19.01939828651021	2020.522037041863	757.4690295540327
SC_RS06940	663.180963227104	1742.4472926813005	491.22576891374877
SC_RS06945	442.6529024490065	731.3105989201391	267.1974762439968
SC_RS06950	370.09379958158524	455.75764272397157	731.666799967124
SC_RS06955	1832.26048687959	10230.964291837377	17910.879323892594
SC_RS06960	213.3866424483539	161.51202629476197	104.15244848735821
SC_RS06965	27.368134611096433	23.30045339403531	26.03421646970072
SC_RS06970	15.410295285816316	24.783773569384728	24.092262225267717
SC_RS06975	79.31441235437863	170.75507186804862	89.84370838757677
SC_RS06980	17.568499273483603	26.87474076632283	35.55049400036464
SC_RS06995	27.762942943977865	33.842155849788	72.76617335363011
SC_RS07000	310.9304679678069	338.5742897038015	120.0047809058862
SC_RS07005	49.47717199096795	19.06944611104712	32.030986816324024
SC_RS07010	8.300483725973574	11.978898862579788	73.20875241957474
SC_RS07015	54.28338667318204	104.82130966383818	133.70298073289734
SC_RS07020	70.05398845314964	358.44961756339586	76.17607284109825
SC_RS07025	112.95181654348598	1230.371385597432	197.4351007583584
SC_RS07030	378.946816520942	162.09617807139165	212.65797774292983
SC_RS07035	90.08837372125281	104.88013397210176	111.38563698637388
SC_RS07040	94.2336607485387	299.95327723452664	163.10075472717148
SC_RS07045	228.8962199428696	325.31120886041737	122.0764179562996
SC_RS07050	103.40641128360016	411.49920453740816	214.05617921786967
SC_RS07055	231.74456603969756	509.30888535672057	290.3170930699919
SC_RS07060	243.5638066827412	609.213805416586	226.41710769201762
SC_RS07065	316.7026195944452	534.4753188179134	318.43859484171605
SC_RS07070	464.6973218033415	1146.1777350542275	1436.227962197659
SC_RS07075	1341.9008502236488	1773.8503531036952	1039.3430191885452
SC_RS07080	209.240277580724	451.4404259635976	347.4867384141775
SC_RS07085	1061.2530040526628	367.3698051029026	337.79649714957753
SC_RS07090	85.92280836481	33.439648336212244	72.3237295752759
SC_RS07095	212.48612096802242	22.908982886649305	87.3044648688089
SC_RS07100	29.198023570318973	247.62152243345363	762.8027339238744
SC_RS07105	9.928855148553165	174.03155750257423	443.1286719443803
SC_RS07110	7.575927831967826	113.27266934307636	236.23473558427492
SC_RS07115	1.6690323749112015	4.765773960294123	50.16696327666266
SC_RS07120	2.46087901190978	3.825480739583014	20.188694348084578
SC_RS07125	50.058122220027435	37.4114442755446	121.47273600724081
SC_RS07130	49.03589828448898	22.664139789224446	73.47741767948011
SC_RS07135	68.74276596270354	34.94091029880588	108.5970433748199
SC_RS07140	13.454406273348122	12.796614429472566	23.171667022699232
SC_RS07145	107.84122766589935	181.5587623963145	68.75373800552416
SC_RS07150	504.17558713142205	750.7477080834014	323.612676779743
SC_RS07155	17.81469495870898	15.590979816817494	36.04742929965596
SC_RS07160	758.3032562116545	219.59406203790073	134.63194028395395
SC_RS07165	94.45991655680999	10.807818580462987	20.57432085222005
SC_RS07170	123.28530164243732	69.5129786137891	76.83214520657778
SC_RS07175	79.23666489974562	14.279934604821984	64.60061910490987
SC_RS07185	21.673568094658474	139.5138732334457	150.54313529648192
SC_RS07190	6.284098178237446	2175.3112081304835	382.795275938991
SC_RS07195	3.706243292042618	1849.622206852186	335.4407875878711
SC_RS07200	6.126461351620787	8.524170114281176	59.073090682169784
SC_RS07205	13.334210641368397	54.99979242891585	54.99493841783353
SC_RS07210	10.281215304087878	25.493834239873983	63.545583877165825
SC_RS07215	6.631451351062373	9.166591687990636	37.72697166983587
SC_RS07225	190.56386057845236	298.0394073828029	190.28063517230493
SC_RS07230	200.20621378178407	55.94556919810196	130.8964229747713
SC_RS07235	36.48674007239426	10.842593132583758	72.706234315745
SC_RS07240	11.289408077955942	11.958180346478187	49.55205593231071
SC_RS07245	12.595268893356714	7.884525269429097	34.86319663155811
SC_RS07250	54.999273080562716	17.270312501451833	73.38313187460162
SC_RS07255	91.2362430177014	69.67581436820319	82.12535513640587
SC_RS07260	12.687402201995653	11.704210250325316	98.88890760818366
SC_RS07265	10.176838058793654	8.95041517378795	114.35588809923821
SC_RS07270	5.320583552951815	6.474085438362434	50.54347534834083
SC_RS07275	8.211924867364853	5.583489527186901	45.75808589338056
SC_RS07280	8.977141713702213	7.5866536224274475	71.4315778320847
SC_RS07285	35.08910064069009	26.378079881178884	60.74140765705651
SC_RS07290	110.03393349229678	46.48443710315088	84.93830556925582
SC_RS07295	84.73579870259445	167.8022452523969	124.3629788296504
SC_RS07300	19.91919661883323	52.152156191022094	41.609449635299356
SC_RS07305	11.925405113352971	52.526481723319755	34.424089407316046
SC_RS07310	29.86208292905679	54.070536214394494	63.3455523650309
SC_RS07315	190.31355964309108	126.95044047478464	203.72375695608162
SC_RS07320	1286.873248181295	545.8486488851602	326.2434942039755
SC_RS07325	1761.8593631716676	1280.564698109705	363.88458448699834
SC_RS07330	1000.2186935444471	253.18564894081683	154.29076337251735
SC_RS07335	23.620432928166064	6.83324591227325	9.163782060565055
SC_RS07340	112.06068769778803	38.5825245576614	52.436170798338956
SC_RS07345	166.46819914531554	169.21848084215034	162.0990649319436
SC_RS07350	106.60846201475734	78.66495975457674	78.55223194466824
SC_RS07355	106.05477667048251	71.29694716499755	105.3096780778008
SC_RS07360	1639.494949392604	2415.7567619350243	794.4955027845233
SC_RS07365	2489.035039949276	3296.020702690947	1302.5709721305625
SC_RS07370	66.33935607626984	316.77298271011705	92.25722045085509
SC_RS07375	43.41263970729467	368.79582885799863	229.37647948614378
SC_RS07380	623.1845784704853	1097.5760961163091	491.2847030076416
SC_RS07385	495.31122551118864	192.26687414749452	96.160183389979
SC_RS07390	2315.0857765282326	322.8616357007523	275.88856025413384
SC_RS07395	4116.199921277594	362.07245588686425	444.4925220145462
SC_RS07400	7904.015077173773	615.3912958593124	897.5830323938304
SC_RS07405	117.91324573317819	99.85737088582535	135.7330928258275
SC_RS07410	159.54746883755763	162.62077863684166	87.61082330813929
SC_RS07415	21.716016272005195	21.738214814744307	29.94493296241523
SC_RS07420	48.571569237379	28.337896936754486	56.98105401778957
SC_RS07425	249.4210170085056	117.36617621483141	98.24078972693978
SC_RS07430	103.97467482978375	40.69913930799227	76.72090605595774
SC_RS07435	121.92796847072923	75.65441785302912	70.79754639293903
SC_RS07440	189.28756890961958	104.70785900874785	79.39812122782004
SC_RS07445	109.96476747040379	19.200284042197826	84.7781478439176
SC_RS07450	1.0736962918457849	56.176668469719445	694.4573379314147
SC_RS07455	67.68667528255837	916.718994294672	279.7748345658588
SC_RS07460	73.76389424910754	204.60167215318367	115.53631456275512
SC_RS07465	75.21658048714926	123.07557463587787	70.45818234884297
SC_RS07470	231.08551366366953	116.02361778151658	119.17196326252083
SC_RS07475	63.171969528275525	2079.5823723087287	613.8598171480322
SC_RS07480	17.821489166433878	29.12909822885887	54.10958521213752
SC_RS07485	43.06850629216442	35.41962939670561	21.722971303728748
SC_RS07490	89.15693861555879	126.56587474845311	52.07067918982773
SC_RS07495	119.26986952021521	310.3652507814963	75.72771589680843
SC_RS07500	7.019465476218912	14.469596844236271	47.44885365885364
SC_RS07505	77.22036740589456	31.290169041222352	60.01559152348171
SC_RS07510	176.35370438394807	129.23742018100768	184.3056450351541
SC_RS07515	334.3526911709098	363.42292564110875	397.8234394976233
SC_RS07520	369.2946116966234	800.8726504230402	357.4037356904244
SC_RS07525	383.0816468365877	456.53089805589354	240.21981377520822
SC_RS07530	1495.7679460508716	1164.3218196376508	434.8221438513318
SC_RS07535	683.160848729108	155.86391670062469	124.39087713718476
SC_RS07540	1490.8249966787791	21.305861786338937	92.3674488006446
SC_RS07545	37.9750802800578	9.48185061105267	31.85028433110906
SC_RS07550	66.01585568263206	83.04530126714369	56.80000145453844
SC_RS07555	116.23840893700105	85.90126769160958	110.84168914307396
SC_RS07560	474.45693128274615	406.6974770933858	227.0312748107199
SC_RS07565	862.4740869030359	387.11398282113436	167.352801080908
SC_RS07570	392.35403427268403	52.05300387292298	43.5647402378614
SC_RS07575	203.5608943568481	32.405756255116785	34.620239213495914
SC_RS07580	68.0502895882894	17.9066261062627	62.97503296214366
SC_RS07585	20.725871856058344	12.013673414700557	49.990132639083264
SC_RS07590	14.25527708930731	6.982337840879975	40.3490148813277
SC_RS07595	5.386087070929536	11.686822974264931	49.48912056003013
SC_RS07600	66.18931089593423	288.53097258772203	143.6043396158538
SC_RS07605	89.38687316787806	870.8737174344291	229.33832065773115
SC_RS07610	127.2960952376226	2174.2398875257973	432.17357306949185
SC_RS07615	35.894978439359065	782.0499574168797	172.49225181696005
SC_RS07620	39.78048136596978	632.7743736218637	138.61415157124395
SC_RS07625	258.10288299634357	254.7627403682829	132.91395465037988
SC_RS07630	66.32433512814049	24.626421363445626	43.41873459767599
SC_RS07635	61.20427932537265	24.921273980617862	99.26385386886888
SC_RS07640	140.50073137571513	12.644503471036424	130.74837201480463
SC_RS07645	69.48814722610459	10.515742692148134	59.773654764569535
SC_RS07650	183.09767166682406	36.36873740593293	163.7958155078881
SC_RS07655	75.71978326157574	29.000724816353745	49.679822849262
SC_RS07660	62.90673569866996	90.79128283927353	104.92227097222664
SC_RS07665	142.31372410790814	37.32641790270442	156.331780357663
SC_RS07670	948.9033015598344	210.72232296708233	758.6678497450131
SC_RS07675	486.1852788019276	102.54352686558293	261.2533668889751
SC_RS07680	375.3935577651418	369.7554850985334	293.84156826219225
SC_RS07685	184.83399478472813	143.47012199493966	148.66996980404878
SC_RS07690	219.0580655702758	176.10753203285776	164.02509634810457
SC_RS07695	249.1925149888659	74.27875257408323	84.04397321869293
SC_RS07700	152.1410670765262	37.714869380261014	26.33779336508139
SC_RS07705	711.4415726494211	282.309436012933	117.11985031283416
SC_RS07710	1502.1864333671917	969.3262345201553	440.5291590263301
SC_RS07715	421.6146962956216	197.2720076567385	131.59303570668018
SC_RS07720	274.653840628133	350.18736143944994	256.90225193768765
SC_RS07725	45.359504540802256	305.5876430028565	162.0075508126953
SC_RS07730	73.94458641635521	374.8543572866413	173.2983468161705
SC_RS07735	43.5576779049205	327.6504860403629	170.29101732025987
SC_RS07740	8.316302112659077	225.0134302236354	98.01470029492552
SC_RS07745	2.097707452399351	309.8656407757627	166.60032208939458
SC_RS07750	13.853231802480376	1608.329464780363	686.4365637316035
SC_RS07755	3.7825582139960545	547.4258475578531	221.89182407466785
SC_RS07760	61.90721241142697	135.27359913325	82.92777336178749
SC_RS07765	38.4271653905125	510.15631079290165	406.0027458255634
SC_RS07770	20.57681646218169	113.85491111224434	75.19186182681582
SC_RS07775	324.11617025553704	360.1234992728079	351.6243502076106
SC_RS07780	91.7380132594483	153.72682573516425	261.3599184649358
SC_RS07785	364.3456187914893	84.24289582404887	182.09929738438433
SC_RS07790	249.10807762052573	61.18759773765023	116.94684159499347
SC_RS07795	435.28151956347347	404.42264341572024	230.0524260303862
SC_RS07800	182.98418218868417	258.33487543213664	170.85163807580093
SC_RS07805	100.96858761232139	83.27584602757733	92.02535314049564
SC_RS07810	33.57413064236533	172.42448074179904	126.80520492748687
SC_RS07815	29.006519999095598	142.2319571272269	126.97910887520662
SC_RS07820	37.368932793016675	1477.8979465079392	154.10407807683097
SC_RS07825	1.3216792020862747	57.537723201462335	26.38916312235212
SC_RS07830	1.9825188031294119	10.150786459550524	14.385622625088605
SC_RS07835	30.680559356716586	109.07057094428237	219.06493634711083
SC_RS07840	22.146921320729057	18.905743635237393	292.977780475523
SC_RS07845	11.501737018574605	6.45669816230205	360.90997616087185
SC_RS07850	11.631754268071083	20.9906028632769	49.82446761058071
SC_RS07855	25.491780278276355	39.271312200865225	69.42070540489969
SC_RS07860	1589.9304474412618	229.13678261022005	188.04720494102452
SC_RS07865	1781.7778804093	669.0605082544729	530.4194143089279
SC_RS07870	298.1154708354533	127.83246389841601	109.4293257246618
SC_RS07875	610.1303722085341	211.3653689612154	264.8207759900651
SC_RS07880	148.15610583344602	77.0474704080354	116.31689679392912
SC_RS07885	338.16028429845477	199.25007870977015	186.5054490084518
SC_RS07890	10.718914560536636	9.698027125255354	79.60046863491708
SC_RS07895	36.830873487524514	10.945006781484324	64.43535408234033
SC_RS07900	72.17618377885957	7.811644925146344	45.719847562112626
SC_RS07905	192.18534973942198	17.165122123693887	94.56936373677814
SC_RS07910	178.5598225180252	24.389284032169304	39.703622759298426
SC_RS07915	38.729840414754996	68.82148415096768	33.14841226450573
SC_RS07920	165.77830743447265	100.9878808571346	53.41793063006884
SC_RS07925	19.205452128803195	799.4442977948399	115.26988569495656
SC_RS07930	1.8763543328200798	1071.6590322636157	85.72262035899374
SC_RS07935	12.705007813696264	15974.114703177693	1045.6033422773035
SC_RS07940	91.87080752041884	134.98794342404554	123.9772170379245
SC_RS07945	103.50721407886417	150.80113781472454	137.219481724223
SC_RS07950	143.28447568713926	153.18331417858187	110.92305831239543
SC_RS07955	112.56925214725982	136.25206805536283	120.24018970248402
SC_RS07960	213.80700273155253	132.56957127548796	112.18056637650743
SC_RS07965	162.30888095635925	82.92581255239453	137.89148677629402
SC_RS07970	6.938143571555689	8.524170114281176	29.639790256041618
SC_RS07975	29.79157242836928	54.10308854884172	84.09628813373958
SC_RS07980	24.199950624545973	92.22983474237853	57.51703351705311
SC_RS07985	18.895185458279663	105.40553134970766	66.36044034072539
SC_RS07990	37.77177551839975	88.67571137500879	74.63573757360854
SC_RS07995	93.58952502662225	68.18183930611559	32.382596914863285
SC_RS08000	745.8093209136674	863.9214306631599	161.29861252348792
SC_RS08005	622.7429663118036	261.4243357376258	225.72049095862755
SC_RS08010	134.45049689216273	54.759878368782154	51.128033202605884
SC_RS08015	3028.2651678322427	1626.2808301687592	538.4251273339064
SC_RS08020	1052.0933367030948	672.1944287949328	279.38116421631287
SC_RS08025	945.7068791421731	1188.266041755797	379.091944506069
SC_RS08030	657.2645265543185	314.93407560187006	264.0016907092806
SC_RS08035	28.47525490132833	62.30898071023145	66.60244274269218
SC_RS08040	87.3493075584111	78.47553981613449	97.03540150406766
SC_RS08045	99.71920613593772	52.30395493924643	113.68274281558452
SC_RS08050	3.550393690441067	3.05746248222581	18.97084528032352
SC_RS08055	12.75969992769827	10.714219720078635	45.71618064660331
SC_RS08060	33.63060998138245	95.13820529599762	38.44175748192425
SC_RS08065	86.79542986623345	5382.157818420345	418.77561758523046
SC_RS08070	107.01273727281998	8160.888692576723	718.8451332066526
SC_RS08075	108.42387706608889	474.2034058607094	92.75844331887276
SC_RS08080	188.45399724328277	307.57622912414683	147.34067665354144
SC_RS08085	15.809120814948571	31.798421443739894	188.66124077361758
SC_RS08090	11.04499961774567	279.4638454280423	281.39914518945193
SC_RS08095	152.1784202172781	331.19794692765026	165.01291449168
SC_RS08100	88.32363358767245	268.4677900136827	198.75221749895837
SC_RS08105	525.1768828902757	3061.3027445042794	1782.9387350917284
SC_RS08110	146.5612464631376	50.01784195441905	49.84950487131003
SC_RS08115	102.68051091079991	48.828819885058024	38.35712140302648
SC_RS08120	155.78851300443097	69.59776268565724	38.56306608109701
SC_RS08125	841.4900258234146	544.5229972988999	188.81915810536782
SC_RS08130	216.8763472556242	112.1443116802009	38.40004730895376
SC_RS08135	427.0809231368526	244.49943988427745	73.67268211410038
SC_RS08140	227.3872167102435	237.4300957538558	96.62384250932378
SC_RS08145	31.180542373448386	45.54358937125594	267.21489523872594
SC_RS08150	6.7822939699541385	23.490115633449598	78.35900882834801
SC_RS08155	3.674606518671614	107.6068602626669	61.3555649174393
SC_RS08160	13.239847361493744	1367.2528624765514	469.0798837892308
SC_RS08165	96.7925655442384	211.3778271999846	115.23185229581486
SC_RS08170	20.667162545805517	51.41311672709887	31.23904390226642
SC_RS08175	131.8117907783644	174.30562169440512	130.25687437414183
SC_RS08180	1081.9077740807177	923.5091686313011	237.5913621738347
SC_RS08185	866.4473812531693	600.2074083996933	172.45074657611582
SC_RS08190	476.88815309420283	270.78534213765147	110.81767254149467
SC_RS08195	371.13005467879407	408.430080628569	851.7312308381332
SC_RS08200	15.793302428263068	26.530190839615024	32.806597037857124
SC_RS08205	24.630412927049235	74.15950616030611	80.86994817681024
SC_RS08210	17.378782927275335	168.19045442898144	69.55513557175576
SC_RS08215	49.80969656356634	278.8026852549327	160.9581680340255
SC_RS08220	26.841521803703415	140.29094858029117	81.14869274358782
SC_RS08225	122.99809031254478	33.053973587513035	59.264133191118326
SC_RS08230	1990.9395830933647	763.0928161923642	242.16850091408182
SC_RS08235	617.9868795071023	145.48574432894944	69.18475145645894
SC_RS08240	650.3580940466816	154.38701670438564	108.29414691887258
SC_RS08245	89.56533536389001	31.585021658394584	53.46718942450371
SC_RS08250	84.84732484794911	57.995099362836854	63.9914896389031
SC_RS08255	129.7865433961004	76.12123322334345	106.83001373725668
SC_RS08260	165.57519502071742	119.6418067046529	75.74785079243269
SC_RS08265	407.1636318003896	319.04986204078574	202.55468131712882
SC_RS08270	694.186455510138	1438.6720631561368	761.2854503835491
SC_RS08275	44.386965736556014	59.230799711904034	73.77263022637264
SC_RS08280	23.978597504966704	6.003938828006881	54.703812509022306
SC_RS08285	22.03995941186358	8.871739070818402	58.06078628654626
SC_RS08290	9.389998404504862	6.748774050616905	66.06965465163084
SC_RS08300	7.448140553707061	6.009734586693676	66.32172650215036
SC_RS08305	12.8043780762807	11.508752252224234	59.20664533578575
SC_RS08310	3.5453867077312813	7.169223351436884	61.12914512402785
SC_RS08315	11.96785329069969	12.697219810401418	57.84680762138476
SC_RS08320	0.7760282503130767	2.6486046987794207	15.999098001002043
SC_RS08325	1.7503542795744242	10.019081807004184	72.60669606772524
SC_RS08330	6.112430189950394	3.3611298879142546	40.003727812976535
SC_RS08335	6.163902546257722	27.368070411425567	105.50337670142812
SC_RS08340	4.154753952467091	8.71962811238226	103.9746628336834
SC_RS08345	21.308166563912334	23.31482164026628	119.90946458353817
SC_RS08350	4.42757942835369	13.103058564018388	128.2713137843482
SC_RS08355	1.709693327242813	5.992347310633291	48.887404427897295
SC_RS08360	2.1135258390848533	1.7696003049774771	59.528460954400536
SC_RS08365	1.6441898092650922	6.292995686492319	50.77432199955025
SC_RS08370	1.4775288036878254	1.2936579359351281	26.911680834215687
SC_RS08380	17.843111974385312	15.812952089706975	85.40388057762974
SC_RS08385	9.137008511554585	12.65911401823943	66.58502374796304
SC_RS08390	1.0488537261996755	17.88344307151552	56.040859213120264
SC_RS08395	1.1391998098235057	2.105577744141112	45.457300400269105
SC_RS08400	2.1491798087066787	3.5334048512681595	28.77879387164158
SC_RS08405	118.0885762253805	525.4617006368162	520.5026638897416
SC_RS08410	23.469590309274295	7400.015303991342	600.5695534713142
SC_RS08415	649.3795884767366	247.81087246265614	160.454014474667
SC_RS08420	707.4801094931925	358.09427293147036	311.221468460044
SC_RS08425	200.58010869138513	22412.652634010712	2706.8627190267107
SC_RS08430	44.95745925397532	3686.681642112326	498.47759614193154
SC_RS08435	104.33363684514056	112.2884046622767	45.17297302895308
SC_RS08440	753.82875242335	2601.162437971125	756.8362434228022
SC_RS08445	128.8996240945561	220.36960949673602	87.94312409639758
SC_RS08450	298.45182025639974	331.64428608283504	177.13414660050378
SC_RS08455	25.65263686258769	24.842597877648313	32.382596914863285
SC_RS08460	52.41819843667321	22.38643214714056	35.012879045572326
SC_RS08465	424.03599219554377	257.2533684406996	223.34216510748658
SC_RS08470	302.6396435149174	136.01454860463497	137.79385455898387
SC_RS08475	170.7118666487269	104.95881007507131	74.48653066690143
SC_RS08480	45.71409466757268	80.97505258630717	59.437832206711846
SC_RS08485	98.4688348730951	935.2151159075598	319.99226646733473
SC_RS08490	134.02146712233903	658.8550622850468	221.29971759893843
SC_RS08495	19.607497415630128	27.45309678426575	73.30338830248942
SC_RS08500	65.39710956660011	60.48635185567718	90.08060749379344
SC_RS08505	151.2534246269734	100.98812315810662	144.454791044394
SC_RS08510	19.387931521065966	12.59480616150085	23.825833357469143
SC_RS08515	93.64743689831896	109.70147090985802	79.26089965869477
SC_RS08520	64.1823922733793	121.81478124460176	52.43194887266723
SC_RS08525	64.52751547496852	33.74609247075807	42.80735888124292
SC_RS08530	138.70283388219912	93.96632820172495	60.0926789809151
SC_RS08535	271.7876085178166	569.0077860259771	163.15218427065852
SC_RS08540	234.29873049113797	127.60198904722213	68.88308059178789
SC_RS08545	567.496241121106	979.7641352574768	309.5549182267952
SC_RS08550	182.20045799807232	43.3303567307113	67.89886957750547
SC_RS08555	145.6419672402138	72.9585803633597	72.31270911210898
SC_RS08560	1509.8446310799995	400.9309220705655	465.25928632415884
SC_RS08565	1038.2911807543042	376.0223486296889	302.7481113887901
SC_RS08570	232.1343673898692	117.07767386752981	97.27243589787477
SC_RS08575	18.106913271311303	85.407383535323	69.7856420032485
SC_RS08580	174.12267187047252	261.15242385422874	228.81451756837498
SC_RS08585	108.06893224698291	113.5064055250717	169.0423531134243
SC_RS08590	86.61349751420903	59.06765174727814	49.97551090346163
SC_RS08595	192.18435995296304	396.4473700969421	125.79928334826775
SC_RS08600	60.8741770719128	108.47451544006728	114.5204030378386
SC_RS08605	27.29003246412789	27.689679604358236	55.86485416088413
SC_RS08610	19.347270568734352	16.484594757822446	21.80182950428134
SC_RS08615	4.698617679225181	28.45467883188602	60.142482927192894
SC_RS08620	91.42953381393987	496.92414774052384	381.4654672115992
SC_RS08625	7.729990208554268	9.105302861081471	40.80601075076772
SC_RS08630	39.95947436208739	8.684853560261491	60.88305608397977
SC_RS08635	91.72755654780812	70.83894658319943	40.75355068981114
SC_RS08640	650.4117963742245	304.95192065542045	115.02917452732065
SC_RS08645	428.3209557454102	301.2449552537602	231.8851923008187
SC_RS08650	104.11371625824084	97.94749344075736	66.62564361724769
SC_RS08655	103.4298213165667	51.89787388465742	78.06686226038676
SC_RS08660	51.436280761130824	25.0319479068508	42.54426656755648
SC_RS08665	273.8102412330392	618.3064403111789	223.2583348972931
SC_RS08670	202.67952907825196	166.683396707701	65.0154949371269
SC_RS08675	470.5947503352169	71.00844481769595	57.14719455359922
SC_RS08680	1234.922779610787	186.2395798930082	114.60830602631269
SC_RS08685	114.03096256426214	72.90062277649176	168.99935170612292
SC_RS08690	170.62562581523895	222.43343799846213	130.49105757946336
SC_RS08695	170.2217933033969	169.43014718470437	128.25654690281664
SC_RS08700	93.02216321301258	25.899360783279153	50.29861189956901
SC_RS08705	86.95449922552967	43.891325472593834	45.5660883683366
SC_RS08710	300.2129859399499	144.84054602638258	135.0762802346983
SC_RS08715	0	0.8235113255795738	28.902893873083556
SC_RS08720	49.49120315263835	42.620296060222046	163.07477631014743
SC_RS08725	85.37572488035724	113.5410076854602	124.36549965673876
SC_RS08730	40.163133816080986	56.2757508785788	57.08255808273526
SC_RS08735	7.823910742208315	4.648992065162588	29.1936795621781
SC_RS08740	7.729990208554268	5.600876803247286	99.31032126103452
SC_RS08745	49.48539873137241	77.32795477897666	96.7817539842357
SC_RS08750	41.67086686046025	55.73248162296844	81.8694015799313
SC_RS08755	85.17340990515814	44.749611350294174	84.52811731169813
SC_RS08760	47.15731398043319	34.29546969526701	67.47228298436866
SC_RS08765	131.86004337697707	158.50741997038068	132.4286644689537
SC_RS08770	67.65102131293655	208.89615373456365	181.74195533391548
SC_RS08775	42.154234051950404	69.14778008021946	77.360450655106
SC_RS08780	36.72069182096436	105.31581824054834	85.84488397426192
SC_RS08785	117.99278041282629	56.10656485429407	541.439366300483
SC_RS08790	30.608261631013967	3.4721160243589946	39.90113344434499
SC_RS08795	637.0759746156111	173.06443779686293	1637.1942531813766
SC_RS08800	0.6608396010431373	2.7098935256885857	37.02320632091442
SC_RS08805	14.979832983313058	11.123077503525023	68.37287857890334
SC_RS08810	31.224423083474676	34.40312459167053	84.0560839855457
SC_RS08815	10.554040779974477	13.681414581961304	30.67114910192304
SC_RS08820	85.04785259813309	49.83921672119451	58.92565451858186
SC_RS08825	257.6224851642303	158.36374168100917	113.43903531355315
SC_RS08830	30.06439790425588	143.739881569903	303.4073693056336
SC_RS08835	155.3613585135074	315.0874395740916	288.57740672980066
SC_RS08840	96.5952575517491	1732.4709624836482	2632.522671945417
SC_RS08845	144.4030424754703	586.7835374548981	395.8041527940533
SC_RS08850	95.63584817659934	52.41247655704559	43.01296333959677
SC_RS08855	4453.869120730265	4192.048043442416	991.6484823524147
SC_RS08860	52.87493583750215	12.644503471036424	33.03921443218574
SC_RS08865	939.3633622690115	208.22114249041994	251.8242561226168
SC_RS08870	673.6169640557869	1265.6054398877914	554.9696095584492
SC_RS08875	709.7967477460326	1082.3291691054408	491.45404480997297
SC_RS08880	1035.4621232001741	531.0803835817665	215.36873966991953
SC_RS08885	2427.8000255831057	1597.7874169513495	637.2404153248779
SC_RS08890	305.2401109955226	240.32028221925862	141.36819348367828
SC_RS08895	108.41262291589256	71.20112608693965	47.45932897017765
SC_RS08900	548.1359291771602	291.46912291986916	171.3278834693056
SC_RS08905	1575.3593053714053	3415.2970975511685	2812.258237494681
SC_RS08910	388.1200260423567	317.37816521306013	158.33557967069075
SC_RS08920	332.32347283599773	1507.4639733038143	554.4364260992353
SC_RS08925	227.63325005103616	848.7256881511647	497.18870221342485
SC_RS08930	851.4768971376823	1000.096531241172	285.6622021480359
SC_RS08935	2785.4739005268743	2720.0272849200355	766.4298034847063
SC_RS08940	61.0023190425091	27.275026062225052	73.47973357444224
SC_RS08945	181.9005599853039	187.55041537728442	176.97556454447798
SC_RS08950	97.82015115482218	1580.9594144522357	405.6634455691649
SC_RS08955	113.29317294714215	219.9190024708746	86.44305862015638
SC_RS08960	12.951203498921645	22.351345384807992	51.9762482390393
SC_RS08965	67.66906967085777	2256.311209767582	1047.813696427
SC_RS08970	193.40220894999342	226.0530481541779	153.92370595301318
SC_RS08975	231.20392207063412	202.41790290801708	167.29735454387546
SC_RS08980	309.0849529698017	290.8222569108126	166.72068553079143
SC_RS08985	347.5241999525368	387.1124217700754	280.27694680691724
SC_RS08990	890.8534717012623	1599.2175278395134	1205.079799712032
SC_RS08995	828.3714519342446	1112.3976322702517	556.0388960908402
SC_RS09000	170.59632330712142	231.23983009941404	129.10638753645932
SC_RS09005	757.936259803796	414.77801487209985	136.97986086027294
SC_RS09010	865.6059075352935	362.76266893558574	327.8217315844977
SC_RS09015	236.05230452840706	82.48766376530237	70.48940735216996
SC_RS09020	280.4928102480734	109.09868301632072	116.00977841231006
SC_RS09025	163.8293006836144	49.61200320080207	52.84737971504667
SC_RS09030	54.05881379590809	12.495966053613538	78.91894914445574
SC_RS09035	36.95062637328363	9.58124523012382	52.65020924971678
SC_RS09040	874.1173757230912	572.3304611653266	341.05365224558136
SC_RS09045	330.51519044459394	185.0049885663087	70.65256141190365
SC_RS09050	3.9225894289121035	9.105302861081471	16.61802233889948
SC_RS09055	143.34953645889638	66.2719618610476	111.0172285463225
SC_RS09060	526.5957766742583	419.7909240567322	155.35899967080002
SC_RS09065	36.97269192745568	56.6675335961766	41.27206126644872
SC_RS09070	150.3975070046767	1142.0540952746035	488.6246263970081
SC_RS09075	208.58623218740576	312.73663244013585	163.38950895628545
SC_RS09080	4072.551255861974	8163.113394269285	5363.839929680808
SC_RS09085	355.71887390053655	465.3705693942088	1136.7628832470455
SC_RS09090	1419.7854418095092	1139.2071984584404	480.48472420539593
SC_RS09095	422.6993800992132	383.6475269099209	249.78282341638035
SC_RS09100	126.34715881424573	57.62767861159367	56.203187687510685
SC_RS09105	104.55017532991285	1013.0362611029558	995.4781246054082
SC_RS09110	54.420198130403406	31.807236232256102	61.282289521425135
SC_RS09115	283.5918282127309	101.41294698503393	218.13985450052803
SC_RS09120	24.951136309212945	13.982062957820334	68.64264400081404
SC_RS09125	155.2423150124194	158.6470027808078	115.51175280933289
SC_RS09130	44.905986897668	211.1143479856522	169.2680924674024
SC_RS09135	49.64669806190435	386.64414842099063	318.47600758764065
SC_RS09140	24.554098005095796	12.8926778085025	56.44261347765399
SC_RS09145	223.6671346044333	365.94461490615345	446.9893934184915
SC_RS09150	251.96857960012395	200.10479104645722	169.53438604761055
SC_RS09155	291.3422010444598	296.8455629315814	244.42974995004127
SC_RS09160	174.51068599562907	80.34096119916985	55.19809169363485
SC_RS09165	616.1863230594674	281.48783469481515	148.11682216859796
SC_RS09170	481.1314359018086	297.1475668037183	137.28921563399877
SC_RS09175	120.54078575066522	125.62287470812439	142.83674366477268
SC_RS09180	271.5919834563246	269.5421125871062	290.49445900109475
SC_RS09185	160.72876213239232	161.46201677501458	134.31944402992272
SC_RS09190	680.0972343357546	817.6414429112967	586.1960172586588
SC_RS09195	20.682980932491024	21.51044678316803	152.66301048218017
SC_RS09200	28.302789474485134	29.73674525044756	66.8605072620026
SC_RS09205	50.945764669580235	20.835715175983385	27.514477411714868
SC_RS09210	410.9542244068873	110.89566431748223	103.25253333225689
SC_RS09215	736.1415200540363	40.5070125499324	70.77094332121676
SC_RS09220	204.84718622776305	12.05455593571992	28.731986259759253
SC_RS09225	513.3741537784559	211.00867300595016	144.88062169672335
SC_RS09230	459.5140967478494	239.9285694109006	342.50820134427113
SC_RS09235	35.73153719147648	64.12463487449148	53.96882215677386
SC_RS09240	352.44343136320003	2210.003471418898	131.6796474608234
SC_RS09245	806.402016786406	346.4987608636146	138.6043764159923
SC_RS09250	357.37520335243914	34.28332366670958	61.589612835170435
SC_RS09260	31.467399011005377	21.85221998101846	68.91764214922702
SC_RS09265	168.12284566622083	25.353314798811432	32.89075760944779
SC_RS09270	139.4176562125732	25.140469524649962	106.31858613309586
SC_RS09275	176.67032251597593	92.83939177142896	54.70639897916528
SC_RS09280	1762.9344177056455	775.2491897568757	423.4327106865543
SC_RS09285	452.60024870170145	1098.3767324444152	227.87872990486468
SC_RS09290	2081.436870599717	7544.7735642173475	1295.6418702469737
SC_RS09295	463.7279147029049	241.99732694991786	123.39019814278741
SC_RS09300	24.79886115764161	179.39578157648927	179.6318947367469
SC_RS09305	2.9658690113513666	113.34246074828994	109.82366665532159
SC_RS09310	8.077343381379194	146.51075171228894	141.02169068237035
SC_RS09315	13.975214659475212	212.30861130251617	276.56123003048043
SC_RS09320	67.16363692519556	586.5860338037941	599.3902586001182
SC_RS09325	28.459436514642828	272.6349740418764	306.7108025768346
SC_RS09330	14.983407433343276	6.988133599566769	11.981429926393835
SC_RS09335	1042.24574540879	366.7075317344872	217.49887937797723
SC_RS09340	220.93566008787263	112.27299730291783	91.08040111663118
SC_RS09345	63.562656370888384	377.5001894295015	243.28523606451068
SC_RS09350	922.964355099928	294.2861126578392	293.8007631774203
SC_RS09355	3774.788024647905	8878.17503323747	1870.103823993817
SC_RS09360	711.8551224847622	488.677861832997	246.0618541968023
SC_RS09365	4389.954386223335	2157.007820634987	1122.2541301327103
SC_RS09370	1987.2665901687333	1753.0803060434625	867.9527257821629
SC_RS09375	1370.9029845708205	16590.700450627104	6579.035290078675
SC_RS09380	319.37305053549954	139.72935541798503	161.47101630326935
SC_RS09385	360.5671520642917	76.2172966023734	121.3031236297286
SC_RS09390	3215.3248054084565	704.1199090740291	679.5871055643332
SC_RS09395	960.6646603346513	179.9635893631247	175.3609890065592
SC_RS09400	521.3481097009999	114.9925024292785	94.97723609937374
SC_RS09405	867.4179404844976	68.78275393838209	180.10501836658514
SC_RS09410	571.5235624876478	23.227330748780517	77.51896706807719
SC_RS09415	474.1055609136704	72.27256944901326	86.00994406470522
SC_RS09420	3895.135013852105	1820.4524719864219	1014.2866472681795
SC_RS09425	4147.191953109714	1093.126899829164	445.70600864850616
SC_RS09430	3713.4128191991813	1149.6311823884262	496.7146294243294
SC_RS09435	514.5523896600287	210.9827132423456	141.75055307823746
SC_RS09440	232.22149371579837	131.79846407906157	137.49258370024583
SC_RS09445	1180.7977204319648	939.3045977994063	322.28418949793996
SC_RS09450	862.0000823427091	643.170763244804	187.8454125440899
SC_RS09455	3121.9501782661614	2690.5167798131542	859.0816511565598
SC_RS09460	93.62116179999326	133.49580846017992	63.94902938196343
SC_RS09465	327.9150776563243	140.89797118145626	147.38877549975464
SC_RS09470	1361.568049212786	514.4748089673756	364.03814860696764
SC_RS09475	429.8631606250495	179.0517861609653	83.23488188508705
SC_RS09480	4277.696800799013	2882.4603065621905	1057.403008989755
SC_RS09485	424.93452033961995	228.27034311061803	117.40900054639994
SC_RS09490	2151.7873311967005	1089.2322805051056	504.89108856526514
SC_RS09495	190.39076005748575	580.7337213322792	537.0442292827441
SC_RS09500	34153.483360762926	6427.597021740782	3348.4051236499076
SC_RS09505	579.6827748139286	228.81066324563872	230.8430080655771
SC_RS09510	340.3043690705666	541.8265685518556	483.94972015186045
SC_RS09515	1216.5767290236304	401.4064823201563	200.84282363993609
SC_RS09520	996.767035022467	331.6258596936467	176.0149504092029
SC_RS09525	512.1012742152207	579.9923240051411	227.95207494541464
SC_RS09530	3069.5467198555593	2863.507905881277	1268.5578367799312
SC_RS09535	1309.7062088378439	1149.0066368656592	688.6537564883726
SC_RS09540	1253.9216166895571	466.4637745584501	294.5710513112764
SC_RS09545	2551.0233538705183	1038.5192716475015	672.273964559598
SC_RS09550	4286.322671484067	1659.1030842371695	992.2401475335761
SC_RS09555	1626.0441500495515	650.5960390915877	423.66047564367466
SC_RS09560	471.3490514835608	186.15417140071645	145.45723092359106
SC_RS09565	251.17772274958432	78.7819839506803	60.336997277844
SC_RS09570	866.7005034870822	145.9293766645166	109.46749441139393
SC_RS09575	2351.41444198138	2081.3770668355073	1202.4762507200965
SC_RS09580	1067.1529104772962	326.359917043497	97.06567149129926
SC_RS09585	2314.5674647517917	940.5279429819929	188.62899110965938
SC_RS09590	99.40750693273463	49.4891832460117	53.792671958627814
SC_RS09595	297.1754542970193	171.89821664279754	151.5682965414462
SC_RS09600	249.50090638048925	179.22597113178094	90.12279317407102
SC_RS09605	296.0674485143462	241.94214609190726	121.74902939146587
SC_RS09610	28.4997427746389	59.09996178075333	276.7456092895242
SC_RS09615	1151.0239622033314	3530.2771002327527	2466.8005603030256
SC_RS09620	526.7047181560417	445.8472549264988	228.70374406674256
SC_RS09625	3912.6458890860663	1490.088140932844	769.7805679476364
SC_RS09630	81.217484531745	88.28122183779335	446.14420028993084
SC_RS09635	15.518246981140758	53.951532101589414	339.37499124547986
SC_RS09640	57.9831904498353	158.382550189649	721.1083736330153
SC_RS09650	14.214616136975696	54.76900536751016	68.602089774584
SC_RS09655	19.147185564770975	14.980868276583227	163.640434718384
SC_RS09660	7.740801612529984	9.53734367927504	24.954484200944027
SC_RS09665	6.516262701792433	10.769712788301003	48.92387201604604
SC_RS09670	2.97990017302176	8.480268563432396	47.95578876216188
SC_RS09675	6.615632964376871	9.978511496196619	76.8494230568782
SC_RS09680	20.144566934663324	20.648829665426472	9.138539867709486
SC_RS09685	1174.6557235722416	805.7134860261615	611.6238103049284
SC_RS09690	45.32786776743125	117.3437899922401	352.56644118467
SC_RS09695	108.75103996364194	154.0211937503924	115.47637552487
SC_RS09700	33.4517050391499	148.26050022256044	72.15227681010869
SC_RS09705	292.372547426385	551.5120591832257	870.9429324320025
SC_RS09710	575.9968098510429	304.9642065024574	186.6580482540062
SC_RS09715	509.69838136555524	260.3085062227594	147.22541650789472
SC_RS09720	773.3995180290143	711.8253161624132	335.0204143108093
SC_RS09725	261.1832475124264	107.82050234898423	129.36730910109355
SC_RS09735	63.848627516004164	18.470371577002606	4.345601791284851
SC_RS09740	23.55492941018834	14.303117639569162	3.070605087907884
SC_RS09755	391.2745335595723	926.1623244208583	813.0162262342761
SC_RS09760	38.82519348108861	46.197602462338985	93.51466872875078
SC_RS09765	230.2892813747472	593.6863692176039	3691.9425851201186
SC_RS09770	3705.5703292989465	1407.578366408971	1001.7634836822972
SC_RS09775	308.45019611918144	138.54755033989028	85.85781046813847
SC_RS09780	672.1562596653762	353.86646124298204	166.78409055354084
SC_RS09785	4766.413649654628	3332.4901860392906	1436.579575078622
SC_RS09790	146.49788486251052	65.4094780219104	87.45013028927764
SC_RS09795	232.36644385953912	139.53920857662666	86.27269615867499
SC_RS09800	2147.565332744843	593.7517902696484	104.82763508931195
SC_RS09805	307.40205177765284	91.82590599622331	54.96901578554462
SC_RS09810	391.9902276190502	99.67208317251838	80.19360562811603
SC_RS09815	313.2559680551749	88.62577176450117	78.88948502592844
SC_RS09820	304.7788093582045	149.88291860639293	84.86781171719137
SC_RS09825	413.3773818223723	189.0297431459781	106.18427153719124
SC_RS09830	174.73839057671262	455.9638912543522	263.93726502738116
SC_RS09835	14.56876351752552	177.7755854103303	32.41906450301203
SC_RS09840	29.281132699997304	9349.99328000977	721.5300960752672
SC_RS09845	474.68274434479684	238.0247300254914	114.97467314806403
SC_RS09850	782.68692641324	100.33879680334269	156.78273363041527
SC_RS09855	1006.8615613901385	176.97852262323755	234.80230877013142
SC_RS09860	117.19879185847705	235.82475660881005	138.0853804737281
SC_RS09865	161.1537609426278	240.47166627477864	249.63354100829912
SC_RS09870	103.85233728045338	718.3071115398624	353.4649856025851
SC_RS09875	75.39047844667202	209.54083009919938	167.79258874458338
SC_RS09880	23.757244385387434	33.36954472078687	161.701667880672
SC_RS09885	12.123702892301242	26.81067521055629	104.68993401139838
SC_RS09890	11.994483081360908	10.109903938531161	58.999815286155616
SC_RS09895	180.1799672002003	115.72914728379591	186.20485858914708
SC_RS09900	213.61298878730557	169.56396739949358	405.6796291142982
SC_RS09905	97.32588450547125	66.65708209856297	162.04394289946993
SC_RS09910	123.30361663880902	93.88518758010983	168.94661121166598
SC_RS09915	120.63263865751628	49.32603528138581	114.4147368334375
SC_RS09920	72.8139680392717	36.31904009639736	44.20488977506892
SC_RS09925	110.23874507718206	100.16072608130199	41.87832968565047
SC_RS09930	15.18393518352726	24.430408854160707	142.6682314492658
SC_RS09935	81.59281197402564	64.3383468700486	54.0601214855764
SC_RS09940	34.52182688096546	18.823736292226627	39.605990541988284
SC_RS09945	34.61574741461951	36.631279989629974	41.82437345823677
SC_RS09950	39.790938077609944	34.98148060961345	73.17983345289036
SC_RS09955	124.17437662466969	44.98015611072783	55.96445219512021
SC_RS09960	21.145522754585887	61.11471739336747	72.051793404313
SC_RS09965	30.30880636446615	223.3180657592186	142.1048192914555
SC_RS09970	990.2670196902433	792.3121778686282	202.79096562696674
SC_RS09975	296.72452131745627	109.48529439565533	48.27161171198575
SC_RS09980	151.65269290232627	46.95156468367702	144.38328639149904
SC_RS09985	5441.745297780235	5188.9063008624935	2038.063792725287
SC_RS09990	3451.4499802729542	2701.2876383700136	1001.8219370483441
SC_RS09995	431.6622402529273	270.20882621793055	207.23964715250975
SC_RS10000	913.4604244710628	106.75183571576801	133.25195781560925
SC_RS10005	8580.942438259028	1968.9063313365934	1258.0764729660777
SC_RS10010	3552.783499143126	796.1899270918229	546.7238322288283
SC_RS10015	33207.051006431575	7839.9668996271175	5747.872764930841
SC_RS10020	367.6498910872526	214.70053908552507	124.69145769816996
SC_RS10025	445.37078855011737	268.9369300841631	133.21862184944638
SC_RS10040	25.544242421042647	20.7979215940332	51.93889527933096
SC_RS10045	224.13611594191752	134.65380608310386	133.31136155997095
SC_RS10050	336.46800423500974	197.89419531629048	156.41941277095623
SC_RS10055	198.73539113193607	202.47100136683366	225.16117529721805
SC_RS10060	156.12434538860907	230.7528507241819	180.0127640216872
SC_RS10065	16.35119731669155	39.96922684279705	69.20053899714053
SC_RS10070	16.948320624772077	30.241666412923884	99.94339768408479
SC_RS10075	16.29427523145383	37.852057581282345	113.73356742101232
SC_RS10080	67.02905543920991	44.38163608786715	68.35831662949803
SC_RS10085	155.49530490536966	54.760987391149825	85.15826704488875
SC_RS10090	630.9665880755854	124.12352275299249	141.08761253072691
SC_RS10095	36.19809620982216	30.954191602058717	78.65320071609051
SC_RS10100	78.6164862510341	117.2521011393175	128.14265163751782
SC_RS10105	161.8391021803189	269.12794364691706	290.1012240892786
SC_RS10110	4053.170764929298	116.13429170774953	166.84037253423614
SC_RS10115	2676.135649403349	83.04228223731427	76.08707954893832
SC_RS10120	234.28747634094165	295.2938026743581	166.47853798291473
SC_RS10125	1019.7856205384259	11546.924291720075	5354.0703901389215
SC_RS10130	189.05942158231542	733.6164570442418	302.13027735457854
SC_RS10135	93.94223987449251	4154.2688987343045	942.6041871087555
SC_RS10140	46.39075265530132	20159.282621487204	3878.4802570535344
SC_RS10145	5.7971565367170745	4485.0749556991295	1161.394915461
SC_RS10150	3.1714037442451364	3212.952288298296	750.9211029623617
SC_RS10155	3.6655823397110066	3406.4331915461635	903.4587681351845
SC_RS10160	10.049050780532891	14358.654939959317	2610.2230698428248
SC_RS10165	2725.2229757570676	4302.580314937544	1808.5316079450802
SC_RS10170	1163.3426968732836	2697.722572722866	662.2550934237302
SC_RS10175	1418.3254443269743	3952.4107808738277	1376.5104889752329
SC_RS10180	114.99849438579861	101.20596737879902	47.578186386797874
SC_RS10185	104.88930176233332	166.10361528424042	66.13326060502528
SC_RS10190	661.1485088943646	1171.1434241777488	520.1716641941337
SC_RS10195	693.588697107934	1029.081737869798	405.6999190141519
SC_RS10200	4031.9608170173487	3159.9966407951943	933.6704760419534
SC_RS10205	376.70791195939745	531.1679443824919	207.22331445998523
SC_RS10210	1015.9773155494145	11185.742034746934	8160.061207368259
SC_RS10215	199.9862051409993	97.48012355925918	215.84431448231032
SC_RS10220	195.2984869196349	340.72560909701343	167.03889402011322
SC_RS10225	1177.9392723158321	7877.938227629097	3468.9091575518632
SC_RS10230	1179.6580198255056	6552.996521597827	2840.5282558753593
SC_RS10235	561.8373285742899	4859.405468313347	2304.5291809524756
SC_RS10240	484.9020168175998	4178.514401184357	2722.952700291117
SC_RS10245	424.00856496632645	4901.896535578891	2457.1471348492537
SC_RS10250	1552.4449072296331	23477.608748179777	8871.288956785003
SC_RS10255	635.1748820111627	447.97625383342097	229.59345448570073
SC_RS10260	214.9275190893314	85.22986732446614	73.12139058146236
SC_RS10265	2358.0039016646538	851.751037219024	472.1145762991523
SC_RS10270	872.4452696947853	515.2896778961713	358.1191560155305
SC_RS10275	1405.202751424331	394.12283493680275	247.6071614739329
SC_RS10280	1027.2117373482433	935.4166493013067	383.67879861535147
SC_RS10285	3807.906203521185	1049.7422982812814	292.7866624652003
SC_RS10290	293.17600290591537	143.01403142060326	160.85876507359617
SC_RS10295	607.5868848635815	5650.686455788424	970.0888543253881
SC_RS10300	212.10267107935505	247.12066358687284	162.73880460489863
SC_RS10305	417.8242660335567	276.16615667547103	336.97970219027786
SC_RS10310	676.8764701490827	405.05909683901064	338.9331819801434
SC_RS10315	1153.746825283682	432.6433437646389	264.73151397808135
SC_RS10320	1272.2353791690864	1154.7998050626184	639.8236349836816
SC_RS10325	1200.7634867184133	3287.4856804810224	268.9302944021571
SC_RS10330	278.49403031203786	371.5654833225862	138.72723110951898
SC_RS10335	515.4452476803267	610.2293036817458	178.63978502296393
SC_RS10340	123.2333865399094	408.88388324893026	139.1859977220782
SC_RS10345	113.61309889074971	93.07295556169204	94.72693499197341
SC_RS10350	38.55960495914751	33.75188822944486	57.49274634029295
SC_RS10355	534.0719795513062	183.1002824595039	194.21576827253173
SC_RS10360	62.564832254775425	184.22006763483517	121.31542947038812
SC_RS10365	1689.2105817950116	861.6141471335395	505.87878127956964
SC_RS10370	325.39048235145185	938.1507324016178	336.8573827902745
SC_RS10375	92.9002684099028	238.3591096674051	249.570340917676
SC_RS10380	161.4604669264585	2324.731316881829	1138.1053263211368
SC_RS10385	95.06848636298965	5856.82887179251	4768.1755442287395
SC_RS10390	704.3977954076618	1781.5989064396972	533.8032420167159
SC_RS10395	6.847797487931859	6.660970948919344	12.828069293514808
SC_RS10400	92.18071949860683	49.57611962631363	43.494801395959364
SC_RS10405	200.79708992237806	158.94758124742708	107.73080440559809
SC_RS10410	448.1072538092551	124.60661220406135	95.1461680374526
SC_RS10415	195.43048374204932	63.45632344641723	102.51495650986547
SC_RS10420	109.65941972870496	49.69401054381284	63.90297185405027
SC_RS10425	86.10895026098805	39.963431084110255	61.562259679479
SC_RS10430	17.153855357665844	152.146403067657	102.20926865164894
SC_RS10435	11.461076066242995	40.17627635827172	71.48818031585769
SC_RS10440	11.06984218339178	109.05842491572497	111.41836801447748
SC_RS10445	12.809385058990488	13.8856873685786	41.92132523611356
SC_RS10450	30.664740970031083	20.681139698901664	27.62054362204897
SC_RS10455	5.864447279709904	7.639369961792438	17.493375740578585
SC_RS10460	21.16277367395096	24.73407625984915	74.98857326342409
SC_RS10465	86.35470319999283	69.75233816273897	88.71076997537553
SC_RS10470	193.97815219634313	159.8235666113996	77.36343713118198
SC_RS10475	9.723320415659396	12.180152619367664	55.772319382485826
SC_RS10480	28.104491695536865	74.03057823661715	86.64186454101502
SC_RS10485	57.58793937073326	76.47737466742487	239.1852675226058
SC_RS10490	209.97520213248487	306.374646333524	384.59806837085006
SC_RS10495	275.11422676953987	309.34589933836406	256.3523212839163
SC_RS10500	135.64260159097313	211.62870835706832	90.20218666814705
SC_RS10505	238.31086856511774	74.52422009193168	84.17139991592754
SC_RS10510	939.5234214147669	482.45166751199946	546.5457957166117
SC_RS10515	217.3844689588754	240.40180078738712	347.0391931954303
SC_RS10520	40.992421647716505	25.347519040124638	64.3192880679893
SC_RS10525	26.03886376272912	25.12252773740574	47.698814546537285
SC_RS10530	46.787348213197866	63.75419509341888	52.38847781489704
SC_RS10535	89.27311705128768	119.83480018410839	99.5277619095791
SC_RS10540	60.24720421547637	157.77664078378982	97.71256378126685
SC_RS10545	61.55886945214308	220.03894321431508	116.85479218222179
SC_RS10550	9.092330362972154	21.057687448872862	84.39408715077506
SC_RS10555	31.697776309545254	44.609404119443425	32.276530704529186
SC_RS10560	181.85453735792694	52.07014884801133	106.59658061590429
SC_RS10565	199.22930308895147	11.058769646786441	77.19505034494604
SC_RS10570	30.075209308231596	24.287667195424614	124.4486395691794
SC_RS10575	40.63282453823629	27.464688301639338	53.80913993874274
SC_RS10580	504.00777399495314	366.41125788473545	363.419094838318
SC_RS10585	158.25671702417128	138.50371869828126	221.15759366470803
SC_RS10590	49.24322024239786	40.29583498226064	68.97812633895506
SC_RS10595	150.69696227122452	166.44452176069524	161.9182173008187
SC_RS10600	77.73071908038148	96.63867044643538	85.7790974134958
SC_RS10605	83.86218741471205	52.614284825017315	65.45739356363818
SC_RS10610	230.10306518802147	105.40299692182231	109.64275923798039
SC_RS10615	3545.7093577930377	4236.147363142174	2792.191420615732
SC_RS10620	10.14118408917183	14.761672732551126	53.904866125343254
SC_RS10625	1.7593784585350314	3.4605245069854047	38.5122414756692
SC_RS10630	61.927402686698834	314.60451834181686	404.9670396247393
SC_RS10635	6.6653180956690905	124.41035739380439	128.18592762148126
SC_RS10640	102.45791760644389	271.4122165335225	181.52615599773796
SC_RS10645	102.6479886449877	89.47579736486914	85.23712524544133
SC_RS10650	33.58494204634105	42.88339315510293	30.495484269403583
SC_RS10655	102.4551405949698	48.207116827450164	74.2742629586428
SC_RS10660	215.48318400652414	102.19651242022954	81.86872114049795
SC_RS10665	442.5649486810511	194.8727562270326	166.1180938854185
SC_RS10670	48.65289114204222	248.98632727088025	110.90332927954248
SC_RS10675	59.90521271769678	160.17755574704722	126.55455374205039
SC_RS10680	40.18753363550649	17.03372968135935	62.2313281833709
SC_RS10685	6.227618839220333	4.228542764342609	51.30840532642367
SC_RS10690	24.635862655979622	11.298371496708343	27.36214874134136
SC_RS10695	32.321529408287	51.08317734759406	43.79279548680161
SC_RS10700	55.62569889676078	70.58188754797737	79.07543009596516
SC_RS10705	186.90443735234282	163.55242946076885	274.35312149491097
SC_RS10710	3.5345753037555654	4.876760096738862	57.01507042338577
SC_RS10715	3.6407397740648975	6.506395471837625	61.62328902104996
SC_RS10720	52.04823266943789	37.62428954970607	73.07220143156331
SC_RS10725	44.271777087286075	30.312082238561057	63.43250433889078
SC_RS10730	40.94452374143939	51.27037506836277	84.52866246354104
SC_RS10735	16.55128232065493	29.79803407735672	48.65214077720939
SC_RS10740	26.687459427116973	85.60950401350652	129.6081555563199
SC_RS10745	570.1152159459857	376.7202632716207	261.5226568035787
SC_RS10750	488.2078397033979	182.77762998050514	225.271938940531
SC_RS10755	847.2949663543155	560.0365456806569	907.004380384578
SC_RS10760	200.8616917077819	209.9757175554901	135.92959271004355
SC_RS10765	563.0760772312632	127.80102058633646	178.395886448607
SC_RS10770	485.0798576828257	304.11195868441587	126.53917606562128
SC_RS10775	1167.492327742211	3111.721947024124	1166.4107876293326
SC_RS10780	144.9851448354215	189.48989603620998	148.24507445117587
SC_RS10785	1180.0052849444455	417.64817297812624	319.4381080310534
SC_RS10790	74.41749689620518	443.5964751779142	241.95724400665372
SC_RS10795	40.75882459148195	118.86164241873826	49.21635880372396
SC_RS10800	2089.0265491915675	920.3809491231158	370.59036276736487
SC_RS10805	597.3164972036021	256.48573230279396	88.91719016075318
SC_RS10810	633.752666652263	213.37037315467794	98.33495010254735
SC_RS10815	207.0013867825169	162.2709874626309	125.22908251128176
SC_RS10820	86.88354597862157	79.99887579110762	39.91766121067624
SC_RS10825	8.365987243951295	5.052054089922183	18.739998629114094
SC_RS10830	84.2998866711608	38.8972289695396	57.14338249217999
SC_RS10835	172.2968001075008	82.51417804009077	172.6619338390081
SC_RS10840	203.68653971775822	94.68242693187305	387.2477097397369
SC_RS10845	420.14771225745903	128.11770074197796	374.6402167182337
SC_RS10850	2403.307740545128	801.0830311785561	451.09456447564077
SC_RS10855	330.78246189753236	131.6076928172796	86.26426216565103
SC_RS10860	726.5461492610704	169.17371256990594	140.18069390600414
SC_RS10865	1607.4621706177022	1287.544842723022	528.9412563267872
SC_RS10870	4341.320475175258	3812.106642978913	1673.8481684731034
SC_RS10875	281.9719639323436	154.6481380555032	288.02075303990824
SC_RS10880	267.2154336380577	320.5004900632084	195.6716822515694
SC_RS10885	649.2315809197339	904.5581721218751	257.10357468415344
SC_RS10890	2914.382771672034	784.4964416374756	293.38946890101903
SC_RS10895	542.4199927278839	532.5190711304128	308.5028734766084
SC_RS10900	182.7999155714063	124.95911019788973	135.56396581394188
SC_RS10905	220.30521707542374	215.85083094230052	139.26730710518333
SC_RS10910	1540.2309787878585	1707.7352552635004	572.6898846012274
SC_RS10915	403.51655680495315	476.138129874076	244.48689758565715
SC_RS10920	222.05100711850898	187.38161147245125	104.74783173098346
SC_RS10925	127.84746255677668	140.58246995742218	81.69271608826182
SC_RS10930	125.40740891426218	259.8394686347715	132.84891817358292
SC_RS10935	323.88149535895843	1364.8970937320519	564.8359215183398
SC_RS10940	320.9318874805132	1055.2922537513184	458.27120041878027
SC_RS10945	632.5510950282713	1689.4643340912546	554.3712996249642
SC_RS10950	611.6672154131281	633.1696889613455	274.0360590940101
SC_RS10955	260.56306886371493	71.2063673344426	107.34871938770102
SC_RS10960	890.8274307611217	165.83972137720366	149.07586649139893
SC_RS10965	1859.3243933996139	347.5362264857233	266.7372889663546
SC_RS10975	196.48238111817352	911.203333537546	269.0251056422395
SC_RS10980	297.17787661615785	676.2742043596951	211.33533798400777
SC_RS10985	152.38717470786654	78.8347002900453	55.9807152431089
SC_RS10990	1834.9991521064935	1209.278467984605	854.2491480827396
SC_RS10995	1096.6288732770247	2205.161896983842	646.2497478939142
SC_RS11000	152.6491887797774	1414.870549533678	633.1002072029825
SC_RS11005	1125.0793574264594	4309.983705045181	1119.6315614860146
SC_RS11010	638.564773809628	1090.0540873780044	1036.373993666957
SC_RS11015	974.097325742693	818.4978555277263	226.77028360154986
SC_RS11020	63.49849733170517	87.99740622681088	62.56416426515262
SC_RS11025	90.96377223415033	23010.598500011634	6998.797890365043
SC_RS11030	74.93795058999673	72.55003479012511	331.5615266040872
SC_RS11035	118.49097620454297	91.2889870104836	388.94936268078646
SC_RS11040	4.080226255528763	7.5780811348832735	394.0670332073661
SC_RS11045	6.399286827507385	6.36889506060449	338.3862975886643
SC_RS11050	19.605710190615017	11.199289087848994	65.84948824387168
SC_RS11055	4065.4114324093425	1858.4034070115786	965.5870862288332
SC_RS11060	80.84743071062461	127.129377918221	391.7433381662338
SC_RS11065	1014.0777160048559	1030.6507455846022	391.5121472938265
SC_RS11070	425.6573770624957	1099.816956226948	451.7148299757659
SC_RS11075	111.83547972639064	82.77998195458926	119.85783010792485
SC_RS11080	56.70539195777531	19.17130524876385	15.582986719189249
SC_RS11085	1034.5728396299062	196.9271455198189	120.28612180112624
SC_RS11090	551.7086550602238	100.39127084173565	76.22410604425684
SC_RS11095	2542.832249418958	605.4325384380635	433.279838765435
SC_RS11100	3462.5323930383915	758.5120135622271	561.3330176020046
SC_RS11105	254.38665574235145	334.2438178925025	167.2582348425291
SC_RS11110	210.11245633592682	303.70285859999746	173.44789394259425
SC_RS11115	1459.3510976251741	1270.8862069858017	657.0453195550009
SC_RS11120	70.47685910937186	36.23980948224397	35.51314104065629
SC_RS11125	198.6758681429944	161.14127430347756	127.61884854816165
SC_RS11130	190.35089654371026	138.67838827104097	85.4798678730578
SC_RS11135	1523.9036898239738	1119.3195106696312	651.7385125501823
SC_RS11140	49.28209396971436	169.4959461832622	145.52329791785752
SC_RS11145	6.874427278593077	25.116731978718942	51.743085692867766
SC_RS11150	398.04244167552054	2801.9015585327534	556.8548161731992
SC_RS11155	47.1523069977234	63.04802017415468	45.36912283513295
SC_RS11160	155.9037016537009	117.6856330993303	76.71511831929307
SC_RS11165	583.9011570054734	206.7136001671954	129.96241191121845
SC_RS11170	32.87763707170038	15.422036093504808	15.63381132461706
SC_RS11175	868.0767705091527	600.2233412801254	367.6599912981355
SC_RS11180	166.0186986984321	57.1484050025101	141.27817953236834
SC_RS11185	759.2967964930662	517.8855994186345	169.49669286818553
SC_RS11190	568.3021351599077	382.9235458489538	190.01474159802976
SC_RS11195	147.75290841572738	310.45010476260416	269.6262963391684
SC_RS11200	44.88480683593717	299.6470754009528	200.9526421254731
SC_RS11205	29.628485872822232	236.1712822792812	169.70297776597275
SC_RS11210	40.37903720672987	410.82360620882787	277.23164955491956
SC_RS11215	150.1684741849313	129.3635014665995	145.802313059816
SC_RS11220	292.1254662487184	1825.1101070381646	1603.2080336933498
SC_RS11225	148.37066474530042	3555.7273012195146	5796.585942654735
SC_RS11230	1755.362036797033	478.4441313998003	259.38707358005416
SC_RS11235	403.54729184575024	289.01819426392615	331.5869795859073
SC_RS11240	769.4562955786097	572.498468258004	411.3674604082865
SC_RS11245	40.568753552938134	54.02385793468834	93.16713540997333
SC_RS11250	121.49929339324106	59.89060856167388	96.01355709657655
SC_RS11255	986.3930675557494	48.85255743098904	139.49448684088344
SC_RS11260	47.077779300785075	3.0019694140034403	16.533181327875464
SC_RS11265	1837.034325400292	821.2249597648048	219.9782535033958
SC_RS11270	2560.0190634557052	1844.8611925307969	433.89693657547815
SC_RS11275	7760.3290575736055	7414.707147392896	1351.3951049679438
SC_RS11280	5191.353265030843	4074.84940437586	797.9582124109843
SC_RS11285	1276.6476872509932	1074.9976029474103	251.46950454377216
SC_RS11290	2317.619739417859	1058.5841509181412	317.1525776751721
SC_RS11295	1582.5403205764742	947.5358910402787	246.65950340749282
SC_RS11300	1406.4082359505558	918.6058610967251	218.62168269857114
SC_RS11305	1981.0378167218262	1348.9423034511954	296.4243623415856
SC_RS11310	3215.643948197115	1695.9735021190115	365.85744908851893
SC_RS11315	6045.566240255062	3934.558365831891	734.8272535074935
SC_RS11320	2501.9310480607646	2069.945494781699	378.32600958399394
SC_RS11325	2898.6262448205443	5106.093751651093	1939.7678966810313
SC_RS11330	125.94090398326516	22157.660422513854	6426.426717188054
SC_RS11335	186.0195719142641	212.27081772056596	162.81650685871077
SC_RS11340	35.23235161330082	166.57487508990184	126.46916757918343
SC_RS11345	420.93356212528886	383.0882217015898	254.1555037866946
SC_RS11350	777.7969232201466	255.4423311035189	107.42756772993411
SC_RS11355	1668.005818930067	605.4389254541251	222.16560649012405
SC_RS11360	1396.9230930677527	324.3217728413545	126.89037629990806
SC_RS11365	1904.7821485523743	763.8928606732994	278.7913696340643
SC_RS11370	357.69603102862067	595.7249980216905	319.19801165979624
SC_RS11375	351.0161347310428	336.98644031730873	156.2459843305436
SC_RS11380	337.89048623236005	170.78578827721202	81.05364699642065
SC_RS11385	571.0649498079188	668.7718702616299	313.8318508385129
SC_RS11390	291.646116253479	94.47870865643958	88.14912856068445
SC_RS11395	613.1902198039545	656.372834308442	327.82491498973747
SC_RS11400	63.95201497483942	53.33482799051248	20.09861075223881
SC_RS11405	342.37454499973086	388.7570498118287	247.57008309088664
SC_RS11410	58.30669084347308	23.983757488764134	41.305872739918684
SC_RS11415	50.95291356964067	21.03450441412568	38.38902684578682
SC_RS11420	49.751429999534125	109.16885654098586	42.49589314468121
SC_RS11425	4.558586464309132	2.1726623297370717	53.83336147244829
SC_RS11430	9.28383393419553	4.216951246969019	69.1855015404281
SC_RS11435	9.5051870537748009	4.222747005655814	43.128834280141035
SC_RS11440	25.404653952347203	32.738714664451	99.16567649971581
SC_RS11445	59.315326363561745	41.48787608145107	91.28968234881384
SC_RS11450	6.978804523887301	6.263704682846546	42.11658967073383
SC_RS11455	10.139396864156721	6.81006287752607	55.99337116180458
SC_RS11460	7.806305130507704	16.22482890298278	50.48231071917943
SC_RS11465	16.289268248744047	16.376385350235083	54.931527538245845
SC_RS11470	37.271349755447346	22.512028830788303	108.71121321678079
SC_RS11475	24.96016048817355	15.015642828703996	63.785885180549236
SC_RS11480	42.6293745030361	27.38601219866979	45.19032638062761
SC_RS11485	3.0313725293290874	4.698689374698163	35.731741637422516
SC_RS11490	3.807400779642164	24.74320325857716	59.76876225778395
SC_RS11495	12.960227677882251	110.21211792178137	66.5259004371017
SC_RS11500	18.335503344836074	4.654787823849382	62.17961820638349
SC_RS11505	18.29662961751957	7.750356098237178	64.4384857043262
SC_RS11510	8.830316291061271	6.821654394899659	53.04073811895733
SC_RS11515	24.029272422717888	61.806524066400705	69.11079562101143
SC_RS11520	12.522528421433496	22.486069067183745	106.66196717073741
SC_RS11525	9.824477903258941	21.437566438885277	57.46798951306399
SC_RS11530	14.776085475434398	28.501599412564218	56.46363374483783
SC_RS11535	38.97603609998037	41.33274609318551	73.61138219734858
SC_RS11540	11.252321575654548	6.11492496445162	29.61767968517194
SC_RS11545	1288.5274519559796	2160.7713543743926	811.9466928448243
SC_RS11550	854.3471626843822	512.8089410613857	290.0589687644652
SC_RS11555	437.800398500965	1361.1704447544796	310.31106813529914
SC_RS11560	20.133755530687605	632.0174213608068	68.5204401717622
SC_RS11565	170.65360008469466	9632.662253483993	1234.499496623573
SC_RS11570	842.2536477926398	1274.080269994816	676.8621336213315
SC_RS11575	551.3536221872328	12134.333602646686	1694.1951487285555
SC_RS11580	95.58428776640696	1295.5733418002817	1094.6647458709335
SC_RS11585	21.53854386245221	39.72074029511917	43.39138144198456
SC_RS11590	20.570022254456795	41.52542736242922	40.63489820531717
SC_RS11595	28.783379654501214	59.32741760211781	61.80889387137001
SC_RS11600	5.891077070371122	56.290119124809756	30.769461758666527
SC_RS11605	15.8605931712559	14.522313183601264	12.516058405110176
SC_RS11610	91.89886984375963	112.71773866085266	93.88314681333797
SC_RS11615	729.6512520487817	1702.4429832491091	386.1981220289408
SC_RS11620	56.79073105868935	82.47631454890082	76.91296922405631
SC_RS11625	51.14763689855872	75.82939963600064	62.44808839248212
SC_RS11630	1536.0212823230718	3400.5655132242155	2641.288517659706
SC_RS11635	2156.258779528268	4441.678044076833	2763.9069478536376
SC_RS11640	5499.965750267015	6039.92148704581	4232.377341190201
SC_RS11645	3212.0325709381077	3665.2201943565483	2772.210317532165
SC_RS11650	1317.8607083465402	1516.7574963070397	942.3712538491299
SC_RS11655	4072.925655481261	4331.970700332765	3217.2895897220246
SC_RS11660	7134.652660895698	9585.695599224155	8190.028327729057
SC_RS11665	1884.6156016406287	2499.5591876345006	3284.0096020121878
SC_RS11670	88.48949715469358	37.51083889461576	68.79354214778505
SC_RS11675	835.9216379447878	333.3244197525634	232.67222299145172
SC_RS11680	429.7608510065583	269.02313538861074	181.94069161023833
SC_RS11685	1896.9672413156734	959.6900549059311	612.4606507986774
SC_RS11690	287.886613380114	92.48023129751816	81.45941825449987
SC_RS11695	153.31547810975096	37.960266988869705	79.82654820861185
SC_RS11700	535.0562152519693	212.49834345117023	170.5537694142296
SC_RS11705	3384.851623771228	1419.8352892967848	597.510384567664
SC_RS11710	13762.004075504328	22278.746607624016	4368.751541643746
SC_RS11715	5314.118490765179	10414.850214050215	2536.293992586915
SC_RS11720	4393.2093668933585	6461.418268221595	1726.5966549477666
SC_RS11725	2097.8073702224438	3192.4553634467284	774.7639993796855
SC_RS11730	1441.5456167165332	2415.0389623353376	601.134197077239
SC_RS11735	318.0268834601027	230.488952644207	133.760944095537
SC_RS11740	347.1663020141866	464.22700575381737	167.58405759636992
SC_RS11745	559.0765515496117	2552.794814852161	584.0378880265348
SC_RS11750	573.4071537744135	1928.8328098275447	1075.547245941307
SC_RS11755	481.2914950475638	594.584634148737	188.49297541517134
SC_RS11760	3895.325189184667	4013.0492893698042	1153.5248049010752
SC_RS11765	3274.300662454074	3019.0885160206967	762.7598382292049
SC_RS11770	15142.869719541466	9571.898922289196	2982.0883378062676
SC_RS11775	31.43174504138355	231.19061739182254	395.04384474757524
SC_RS11780	1002.4501550408058	800.0700631683434	407.2957008186741
SC_RS11785	1013.0297615344349	723.6823358737762	381.7361140035883
SC_RS11790	950.4271196293495	795.6102854868419	452.64849096128256
SC_RS11795	1319.1598192412937	1100.8912746274334	505.1307291458542
SC_RS11800	54.14013570057131	124.62653390800708	83.22631260447264
SC_RS11805	43.53239259305379	45.89726629669176	32.721756026833106
SC_RS11810	177.4621691529745	157.78618247522212	128.15877939791608
SC_RS11815	162.59073061120648	226.57511429174255	129.0120222287255
SC_RS11820	1989.3198836342056	3078.386067243294	1044.2072372690996
SC_RS11825	230.61761016652932	1151.920725512645	244.2644750691522
SC_RS11830	369.8986335064466	721.7229293379667	250.82669889188585
SC_RS11835	119.9576936042551	156.67861323768804	64.47086665439365
SC_RS11840	145.27700845568825	42.37847199262661	78.2642376578429
SC_RS11845	5137.810164584467	107.56382543321375	202.58441601083697
SC_RS11850	1380.8677022770312	791.5426601235753	762.0937515636085
SC_RS11855	2093.8486447442024	1788.2730915204127	1799.718007315009
SC_RS11860	2184.5971767287724	1407.872881998759	594.635949002575
SC_RS11865	125.0911454745699	169.7389491824651	151.39861451939814
SC_RS11870	11.289408077955942	65631.37233562207	6823.750182252305
SC_RS11875	398.48129306286097	18780.13529178491	2000.3037162311912
SC_RS11880	64.36442891942147	1575.6455410983906	120.66860682495633
SC_RS11885	68.06888498644898	2110.640313370867	190.1462549333457
SC_RS11890	113.97483791758057	599.3978132916534	148.56551933260445
SC_RS11895	164.0225914798529	206.88309840169197	104.24027597445819
SC_RS11900	151.85412238508417	217.70576983032998	179.49079146166656
SC_RS11905	160.12618909538142	194.14499607027116	149.02626747724742
SC_RS11910	103.84947221509425	155.0468255541555	124.83188053381696
SC_RS11915	317.588194417195	319.7853279636957	335.1355450257039
SC_RS11920	52.71407925319081	31.371621873049282	34.893876483042185
SC_RS11925	309.78601077695583	237.2101033976678	167.44608594327545
SC_RS11930	165.88268467976687	333.84679392740173	173.3025687418422
SC_RS11935	166.05399797571837	221.8618143698414	154.35117791770958
SC_RS11940	291.26079108591153	355.9054022572803	405.68210587032803
SC_RS11945	18.25418144017285	19.50148692924069	48.805899970985415
SC_RS11950	32.807126571012866	37.44566431648154	81.18237878778685
SC_RS11955	219.4508943302393	132.08807544873085	120.40376348478968
SC_RS11960	40.834784821099845	24.355063991232374	56.211766826444574
SC_RS11965	57.59115912842794	41.67451929103595	34.36169918687838
SC_RS11970	168.82192390045702	94.69210844178488	72.16806435079027
SC_RS11975	277.2891346363338	281.815933976098	180.51336623648783
SC_RS11980	100.36601457531047	153.65974114956828	108.80216246754716
SC_RS11985	404.1011695379279	1241.6073224986726	494.13937932861984
SC_RS11990	98.9529995031414	499.55418623163547	225.4233822393449
SC_RS11995	48.64064720538694	874.0108619697035	420.3633311899227
SC_RS12000	99.08177656786113	146.09109922362484	107.65290707797922
SC_RS12005	46.47564900999476	245.9671429725487	121.39591912498828
SC_RS12010	218.29615653551818	574.2633818266623	228.96758646439815
SC_RS12015	469.8414227331993	3092.6950457880553	1239.2505226693154
SC_RS12020	40604.32837797155	16710.640748559137	9068.744125576874
SC_RS12025	231.32215436982864	96.05198424192034	71.12548010961567
SC_RS12030	717.90840061823906	406.3827726815076	278.5605368426556
SC_RS12035	677.7196267979559	1990.650888075332	618.1320621850905
SC_RS12040	65.15270110638983	26.18841764176459	41.22878528248528
SC_RS12045	5820.4076086892765	3238.5559339159454	1132.2313863136208
SC_RS12050	654.7350866111691	692.5964721924239	451.3810625960089
SC_RS12055	223.96499499386883	197.13228502783184	126.0179594464081
SC_RS12060	46.8550817024113	45.987776218006935	65.84404072692368
SC_RS12065	3.8322433452882736	16.30350500595233	48.06532681419854
SC_RS12070	249.5354082192194	4945.216993905687	4048.874086024528
SC_RS12075	74.85162170262372	588.7553974667426	452.455387417395
SC_RS12080	87.46449620768104	720.2839295791085	564.9945870787021
SC_RS12085	105.50197681864887	717.5680637300627	612.7196506174444
SC_RS12090	130.59528626012852	436.6601870233786	358.01912840040296
SC_RS12095	1790.3889742115907	1362.874743181658	419.7778084612427
SC_RS12100	74.85340892763882	200.8824908137263	18.193124095954552
SC_RS12105	1038.943865428695	11272.622646427928	805.6297922630118
SC_RS12110	284.03890634047576	442.3498692952605	119.80557898057573
SC_RS12115	29.57880074153001	258.04679195047754	119.24006571824908
SC_RS12120	33.308099374203636	63.91210181054181	92.07114009322794
SC_RS12125	235.54374007893526	996.0890608652744	350.5976927961892
SC_RS12130	26.999158630320075	63.66725871311696	30.643795946231606
SC_RS12135	89.62404467414284	188.33405072171982	164.6325903585826
SC_RS12140	79.57499389360994	456.15108897512096	262.9532490869055
SC_RS12145	181.6204975554718	198.92878172704926	119.20250782641449
SC_RS12150	316.30781126156376	32.94298745106829	66.23565989985006
SC_RS12155	284.1706365244397	60.88941388043677	85.14656614228846
SC_RS12160	1001.9635100412061	662.3917000668018	367.1298494634334
SC_RS12165	2244.0169378677733	1387.4923455836492	711.8307141684332
SC_RS12170	520.197092460609	50.205281976159796	97.10832682204567
SC_RS12175	5.889289845356013	6.988133599566769	72.42259724218181
SC_RS12180	4.957411993441386	4.996561021699812	67.59604276609397
SC_RS12185	2.526382529887501	2.1842538471106616	54.00902630496774
SC_RS12190	6.202776273574224	10.691036685331454	87.65627989947443
SC_RS12195	11.38332861160999	2.581520113183461	65.23709186828859
SC_RS12200	42.55127235606755	13.21126797160575	41.8997598170868
SC_RS12205	2134.460006342125	2133.9217977935486	957.4844192798538
SC_RS12210	25.528424034357144	581.1525764189913	117.74463788877038
SC_RS12215	456.7149767959604	309.8497114784727	294.0460922751798
SC_RS12220	776.2436845851587	356.3473378962471	319.1261569288651
SC_RS12225	283.9061120795052	174.47647542517953	74.90590885829054
SC_RS12230	2140.3439045089654	845.2753829735224	367.17875817983213
SC_RS12235	342.7367267727823	185.86907020269584	96.43327550768234
SC_RS12240	1632.3486889013786	1227.8836409093035	748.1809385584181
SC_RS12245	385.91739430442476	334.3760113199311	219.99573228434127
SC_RS12250	349.29633938449535	244.3402843263073	141.13339948345921
SC_RS12255	132.87770307602634	63.778244849561695	36.72506708416225
SC_RS12260	391.1803326241304	852.9291211815457	299.97209819455776
SC_RS12265	248.33141427608925	408.0433667667419	153.93581671986595
SC_RS12270	73.69839073112982	51.03379224827029	49.822696867461524
SC_RS12275	784.3640974746705	706.4195851470552	420.1311138015271
SC_RS12280	715.0332323828471	770.9320802417285	429.1088811475196
SC_RS12285	1066.8770575916178	946.0520862629852	384.6603633732746
SC_RS12290	558.9427675021822	246.5950938175347	122.51641055210125
SC_RS12295	59.1599195081808	29.421174117173724	16.447114725575176
SC_RS12300	489.2879592705003	264.04698484573885	143.13924011478701
SC_RS12305	761.548285920264	533.8502146110245	299.1308964860653
SC_RS12310	1054.0343065846562	1060.8347292848828	478.66025664039694
SC_RS12315	16.769415682539524	86.70270500480964	572.6569840727943
SC_RS12320	28.506891674699336	20.940905553741327	70.4012396453533
SC_RS12325	277.28253277651174	156.74236658324278	73.88849130859741
SC_RS12330	224.13790316693263	115.64103197188655	66.7734101422328
SC_RS12335	626.5812064262606	382.0415224253224	247.04355424231588
SC_RS12340	345.9640047653912	172.37558024441935	135.5318455807358
SC_RS12345	546.475390181104	195.56258715630253	181.2747645866518
SC_RS12350	291.5105449810344	220.26896603681766	281.65421337436686
SC_RS12355	4.946600589465669	4.599294755627013	14.930045975695606
SC_RS12360	1512.5339796312837	798.9642966930442	567.6236534764544
SC_RS12365	356.30070962203723	1828.917398926797	326.7655265502125
SC_RS12370	1209.6715667042401	1257.397514002417	785.9546121275043
SC_RS12375	1079.8968825489894	2212.7955885918045	557.4481580985243
SC_RS12380	441.0616175287283	9691.676823464206	1276.849535130817
SC_RS12385	470.67874495733645	1798.9838443549088	348.55340489998605
SC_RS12390	195.75522432046384	399.8580533029742	151.41915927927488
SC_RS12395	274.8703491094352	103.82226204410324	115.68782750610485
SC_RS12400	362.7074119880555	150.15514270000182	70.84660025524765
SC_RS12405	1355.5698178856467	451.3655657026133	195.79788335752775
SC_RS12410	704.33121404934	420.9552719495267	225.91562010565738
SC_RS12415	74.19614377662592	82.92303582353715	169.54521143697073
SC_RS12420	3449.7219419458693	2462.621903240658	780.8994513937952
SC_RS12425	9754.149087477113	15125.82866474573	6363.249026756814
SC_RS12430	4963.011653878816	7408.1728958484	3084.7589253278798
SC_RS12435	1037.1613898192468	2475.5609103724637	1240.1191471780353
SC_RS12440	539.0844221109523	678.4563259528102	393.26420911921315
SC_RS12445	872.6748657949017	362.1118146928116	190.93758305102455
SC_RS12450	8096.771623482333	3665.6945915560314	1841.4643863722567
SC_RS12455	408.5441083666138	276.6357487746427	132.07649936025203
SC_RS12460	1087.7908285653994	1237.5681339364708	345.10831334354225
SC_RS12465	1407.5680987853418	760.6808926232317	369.97525049088665
SC_RS12470	1653.6828501618288	781.9617354495397	322.20254975343767
SC_RS12475	2465.851066092782	1370.3715397035082	457.2066251791686
SC_RS12480	5183.71706353525	2655.145278329049	878.0568123615105
SC_RS12485	2143.405657386756	1123.5761371056976	395.87106972808266
SC_RS12490	659.3259449429727	300.1459585037703	263.7496885032969
SC_RS12495	285.34906475391523	76.52762648814426	70.31251692837424
SC_RS12500	839.0384676323861	136.87887254199413	119.05480108764571
SC_RS12505	1327.2963009158088	1237.8391423522812	413.7639593396069
SC_RS12510	2885.8671987038974	2150.381579146121	1039.0788766407502
SC_RS12515	1074.6217002926285	859.5738506229633	495.66011899548994
SC_RS12520	1289.8349238886253	1498.9983963155905	893.2035883350594
SC_RS12525	3860.3309851007525	6665.504255046127	5018.564662511324
SC_RS12530	733.3459607888401	280.0727081274294	154.1667986586658
SC_RS12535	259.6456649196913	64.33588235140301	97.76330888383934
SC_RS12540	908.2266125517044	293.5130628806984	258.8686385047907
SC_RS12545	890.525481361683	440.0441551625755	313.69322431946233
SC_RS12550	747.9972863958055	1244.0107019805755	798.3276455116668
SC_RS12555	678.8268189019401	1551.2990615237206	528.9858716176212
SC_RS12560	781.2231783729048	179.48580689586038	112.93842324043301
SC_RS12565	969.8300720985449	766.1431599928782	290.1262416333689
SC_RS12570	437.191844934918	318.63704859687454	186.74765634254481
SC_RS12575	192.5345781911471	41.31560111809717	78.85478818089888
SC_RS12580	12.94440929119675	2.073267710665921	9.918712234630993
SC_RS12585	84.71095613694834	12.460636990308931	49.845292803957804
SC_RS12590	3143.588360986174	1341.9924480355226	1071.3522972952896
SC_RS12595	346.587757864133	118.46739518249487	95.55778681841281
SC_RS12600	481.1195766609589	381.8981521732245	216.20966094491163
SC_RS12605	67.45084825508809	67.7166217330512	63.08314049077781
SC_RS12610	360.03133897016795	1134.2920944415057	638.9372414021966
SC_RS12615	2066.5506915116075	3451.4848891966494	1359.1055200863361
SC_RS12620	2413.057968676441	517.9158637991065	935.9146062333231
SC_RS12630	154.46138407341428	112.27355181410165	168.31865780100486
SC_RS12635	83.00082006348494	124.49205252660336	135.00483536801963
SC_RS12640	100.78646291239416	132.37689000624425	190.42140808598808
SC_RS12645	291.71027529266223	211.07291095344897	134.87067577634443
SC_RS12650	869.8849786100088	405.9840152736156	224.36243384566527
SC_RS12655	962.8482401648657	279.79611368065133	162.7549921515132
SC_RS12660	417.4870148800363	427.8051041527663	441.0512727307795
SC_RS12665	749.3958275600836	968.0815469908396	518.8642326113113
SC_RS12670	282.91150772108693	233.30445541329598	135.17670385427763
SC_RS12675	4630.030465715198	1880.6117062835192	1048.3823373098314
SC_RS12680	700.713529615906	964.404743487159	720.9145554369553
SC_RS12685	91.84417772975762	39.93969353817924	73.14758779041335
SC_RS12690	538.9493978787461	410.06273920643537	181.49110907467224
SC_RS12695	57.64307423095587	19.466157865936086	56.65312030111292
SC_RS12700	513.8291201944024	170.9762473287822	158.11616334690075
SC_RS12705	408.619449742241	231.3110427372071	134.56989028323298
SC_RS12710	167.00865076647614	141.08825784129414	160.874757546404
SC_RS12715	614.51816241366	244.53563566897768	162.71976001296022
SC_RS12720	55.952773740428775	39.960099844069035	66.05386711094926
SC_RS12725	3033.647476298427	724.3886831847727	240.082847066106
SC_RS12730	531.6655422550806	218.96132197410313	199.56627098388566
SC_RS12735	259.63850225629346	169.6505216603439	94.88219035220656
SC_RS12740	29.96681486668655	15.091854413027967	46.2818291965204
SC_RS12745	381.69248454360576	546.4923192997169	223.54503394830633
SC_RS12750	125.65369265337262	81.14153179097428	43.69305230665561
SC_RS12755	88.12891025875439	71.5047934926281	94.00847240605621
SC_RS12760	41.702946380051856	44.413633911130546	40.66504276327781
SC_RS12765	20.629721351168584	26.59727542521098	64.7285909539874
SC_RS12770	16.70713192225648	53.05736264940063	55.720133898191314
SC_RS12775	90.3824673127553	253.32769626988957	103.36330683388931
SC_RS12780	1177.8123867701452	872.1944399833982	499.67968324248824
SC_RS12785	16061.19820408523	8633.568392299236	1887.8232694497708
SC_RS12790	10741.204602640299	4979.877784891911	1090.5114836797666
SC_RS12795	10799.785445298689	4726.053497646118	959.3034735406438
SC_RS12800	5916.8163976994565	3393.2134045249577	615.9540205599835
SC_RS12805	286.962769920701	1343.5266450418112	542.3003371114058
SC_RS12810	173.83259547522084	387.94731547510537	157.29354058135908
SC_RS12815	3486.565328485295	2317.3637551413485	642.1028882357905
SC_RS12820	18650.45980495888	9473.968593877966	2748.212456046428
SC_RS12825	13332.164384919182	6469.66919636317	1661.7509918163785
SC_RS12830	579.8284181022078	494.5378433244694	253.09549069247134
SC_RS12835	594.3489290211207	945.991635167361	310.4921764832854
SC_RS12840	16.84895036218764	160.35864549891735	73.412031124647
SC_RS12845	302.5909481700841	434.4882190233049	298.25555294270566
SC_RS12850	5436.576252987778	16193.770398870332	5544.590448955246
SC_RS12855	2553.9194217658533	7041.046988056157	3107.4017075374686
SC_RS12860	2538.922648268433	1641.1965612031954	1826.0988233673966
SC_RS12865	186.17729679476582	161.67208532031867	104.1560556166512
SC_RS12870	227.83620012035865	294.3797115182236	210.4612955332985
SC_RS12875	519.8930173839523	626.5854183716325	661.9304521901072
SC_RS12880	2522.0133361887356	2834.149889089549	2882.6322743507917
SC_RS12885	2173.5054150955084	1252.7017334189757	476.12734200865543
SC_RS12890	1461.685237195697	378.945329730511	156.57221694863685
SC_RS12895	550.9422860829948	267.17454677045185	145.84666948914577
SC_RS12900	412.9073364078814	1209.7617340003444	399.87657310646006
SC_RS12905	163.44585079494706	86.32751275111634	92.61182688378983
SC_RS12910	76.7899051033913	30.934027597140954	42.9654752882811
SC_RS12915	588.5118209167431	426.5558365425622	188.06632903581823
SC_RS12920	78.35411748678767	21.057687448872862	55.247895639912635
SC_RS12925	144.0579192738811	29.322091708314378	39.956920201094206
SC_RS12930	145.12052375996328	46.995154024314004	62.8886261401267
SC_RS12935	4815.427417944685	3717.3641174909603	1150.3944755657278
SC_RS12940	17976.852342785336	21747.07200767712	4863.654964359832
SC_RS12945	18058.681721174973	22683.47542849705	5163.3214724058425
SC_RS12950	783.1513597543677	859.4600551844085	316.64475720030424
SC_RS12955	8623.668440970234	5390.713866665423	3193.757062880738
SC_RS12960	173.56576676850298	91.90791333923407	97.35074894658445
SC_RS12965	28.407964158335503	124.82532314614937	91.42744906978204
SC_RS12970	20.55197389653558	31.89781606281104	65.97079684304443
SC_RS12975	571.7691693223526	338.7485771571097	368.03181579515433
SC_RS12980	130.3220180380213	52.800615824390384	43.049430927745526
SC_RS12985	180.19881299667765	140.68210687746537	142.6420342403148
SC_RS12990	32.82115773268326	278.9833229781115	222.46551646999538
SC_RS12995	9.53002961942091	570.2264113091958	282.2299116561977
SC_RS13000	439.43098613144286	533.8452156644936	207.04716426183916
SC_RS13005	2109.1604365429475	4217.948650662993	1480.9460851690465
SC_RS13010	93.20374087270145	1314.3538259997122	345.21274409834757
SC_RS13015	3910.458602985129	3553.3455965694475	1238.7147265301824
SC_RS13020	471.9247143281226	647.3223959222211	314.63638588356866
SC_RS13025	12623.400122193434	1233.2424519337792	727.1463885036214
SC_RS13030	615.5973964883212	540.5210684516985	268.66595678055535
SC_RS13035	154.13921191843832	293.5382584053998	99.5414384874248
SC_RS13040	83.18588411931894	185.8609823170957	124.6413135321755
SC_RS13045	238.21248808899227	331.29727163748163	267.0642618100975
SC_RS13050	26.85590765770935	19.819522581160104	51.53346424096842
SC_RS13055	610.1984466267457	295.52681195343735	322.01613503293214
SC_RS13060	695.968801255419	287.4250668837394	1905.074788570592
SC_RS13065	165.4364039905781	137.8521701258438	69.07432803286268
SC_RS13070	219.99591018788908	80.75863377113245	146.36517020746385
SC_RS13075	127.68258877621452	31.626146480385987	154.0887660434565
SC_RS13080	46.716837712510355	19.077706388379497	38.31065401086083
SC_RS13085	1480.3632653152135	62.1011343826009	68.55412621596122
SC_RS13090	1822.6012654961737	308.66606630215597	240.31397415081582
SC_RS13095	65.42811124584767	640.4082636183233	82.47015683913044
SC_RS13100	117.74980448529558	205.82046982813455	118.37593771186314
SC_RS13105	77.69952505323107	88.34830642338932	83.97144790664792
SC_RS13110	84.93131947006866	140.77181998662468	52.75287911972242
SC_RS13115	149.60413978111347	222.18620029163145	962.2764081970214
SC_RS13120	3.807400779642164	11.943569799275181	93.77918170752025
SC_RS13125	234.89282638942663	500.39713048627846	238.68682219705664
SC_RS13130	48.61401741472572	358.4200143495383	267.3475685222635
SC_RS13135	2.072864886753242	7.469871727295913	49.219219850528994
SC_RS13140	2.4111938806175615	12.034391930802157	66.49174874391505
SC_RS13145	192.69391418889379	30.603845916664113	47.68547818840825
SC_RS13150	434.387910348222	249.49982092090076	123.81869076663384
SC_RS13155	399.83754839422505	645.1115253178294	256.85156261985026
SC_RS13160	602.8808816493156	129.16978108422788	372.06923662073564
SC_RS13165	131.85646892694683	26.34910108774491	41.39527589633111
SC_RS13170	1379.8064791264353	189.78599749422943	177.76479155764048
SC_RS13175	560.0953028523423	116.52638663555913	120.43947113064978
SC_RS13180	689.2558469383326	108.54493126570445	126.59211163388498
SC_RS13185	4506.420311192779	984.0824284669657	740.5603068857323
SC_RS13190	1623.361544508799	254.12896119135738	199.50680745330763
SC_RS13195	849.7807759857566	536.6918086163212	530.5979321852899
SC_RS13200	510.7515326897936	540.6936266351536	320.2636017017196
SC_RS13205	149.42934008901682	623.2575718940197	231.56084599679605
SC_RS13210	83.42448815826329	383.72998210868474	167.0763724090925
SC_RS13215	159.52039630067583	763.0196893741713	428.42716658325145
SC_RS13220	438.11737132532835	1020.6546702476745	537.527143782992
SC_RS13225	161.10819482480886	222.2380499096008	91.22987859851915
SC_RS13230	196.34511067459886	177.02051416662462	104.10332498051378
SC_RS13235	904.2008722989375	546.3384049892497	328.03331485184174
SC_RS13240	174.67011004726083	106.54128256851985	63.58415256983094
SC_RS13245	797.2002884320924	169.5978752302187	168.31647719363318
SC_RS13250	413.8607490138624	271.5281317072584	258.1827060163321
SC_RS13255	9.671848059352069	50.95813517513015	32.34735491799081
SC_RS13260	30.77170287889656	327.7379070226089	198.21779395236828
SC_RS13265	19.518938557021407	15.65226864372666	45.394024808271844
SC_RS13270	35.48212174855642	62.63034760219208	35.74766446569453
SC_RS13275	34.26481979176437	595.9994443329728	316.7436846534265
SC_RS13280	114.71521219827183	270.86061709134003	160.3299243315445
SC_RS13285	32.186505176080736	56.88586241881306	41.04855830457742
SC_RS13290	211.5464591219239	221.15588175154923	116.79171166403127
SC_RS13295	805.4010334398087	298.178747892258	75.53701360757657
SC_RS13300	738.320744235797	236.1260294050927	335.4136051515669
SC_RS13305	453.3445521247585	124.43464945091924	360.4532548680939
SC_RS13310	223.16536436268638	167.55327410277494	152.11762225715825
SC_RS13315	122.7460902060535	146.05830458820554	131.97328433840346
SC_RS13320	675.1265005653139	516.463674725625	461.7754192875666
SC_RS13325	250.44637264785365	87.90713860646774	87.55667200691884
SC_RS13330	72.339625026742155	40.56497013680035	25.81895242704663
SC_RS13335	261.0278406570455	500.4224000931579	115.46759145380986
SC_RS13340	13.585413309303565	89.16276065948065	119.07610178832991
SC_RS13345	71.7452787301357	27.047258030648774	88.83201878833198
SC_RS13350	79.99107034210726	133.5070877673417	142.34082902463138
SC_RS13355	875.1796998073854	583.449344880353	194.6413342065185
SC_RS13360	120.59369063965214	2627.1278418233223	549.6408870565676
SC_RS13365	121.90491313009822	1001.2923520259528	162.0745629647377
SC_RS13370	50.366158919315254	925.4440697991345	223.11539123455773
SC_RS13375	145.11374579237108	14264.659845376036	3237.583449830025
SC_RS13380	32.32689108333233	3462.2647567575837	546.298033933881
SC_RS13385	42.14922706924062	2205.7932448051706	655.8814806440316
SC_RS13390	20.201046273680436	850.721889854469	290.34947402005935
SC_RS13395	37.96784332611231	825.1662821857418	385.65111220819085
SC_RS13400	241.16754569636794	434.20266579659295	122.89435314718193
SC_RS13405	198.59580266324065	294.277055568351	114.42977429014992
SC_RS13410	200.56294582590513	417.79497695275785	108.22209711413468
SC_RS13415	741.1265378612604	733.3995494541848	236.3696412584381
SC_RS13420	2084.887379467601	959.1536862584371	647.0059233758953
SC_RS13425	160.08016646800448	76.19990932631302	78.87506822243306
SC_RS13430	197.6451670687337	99.61745682569165	64.56115518236567
SC_RS13435	201.1710728858642	77.80358493780722	86.89114498926533
SC_RS13440	370.72638451138477	178.07196591551272	91.2377772980197
SC_RS13445	801.8874758533511	505.51196871786726	139.52869832028642
SC_RS13450	163.53520709211193	4217.789957618318	262.0391063452773
SC_RS13455	87.75135284523803	36858.43684827809	2005.0194029146999
SC_RS13460	173.8105299210488	79.93789917441026	94.12767004239312
SC_RS13465	32.700962100703535	25.216126597790097	24.71676936770358
SC_RS13470	17.724348875085152	1.8250933731998469	31.425739056272302
SC_RS13475	25.186520590462607	54.759878368782154	45.27094546597989
SC_RS13480	40.010858664509655	19.70274068602857	66.896694416651
SC_RS13485	48.82277190531417	12.7146070864618	72.2189586007539
SC_RS13490	173140.28881734848	279243.19069593016	169118.5345690496
SC_RS13495	11.638548475795977	6.7545698093037	57.98124764656032
SC_RS13500	31.349433350261364	50.213299952520124	115.29145111398331
SC_RS13505	28.950040660078482	58.083456975718256	49.85848401617692
SC_RS13510	13.300343896761682	28.671097647060744	42.80226144233109
SC_RS13515	442.676312481973	172.147327610899	83.87469120257788
SC_RS13520	1065.859664531019	244.60726717241323	129.5165816508553
SC_RS13525	2986.2172163079567	794.7527265120576	381.8099345514454
SC_RS13530	2572.945776604521	958.0069063793114	418.61887777221676
SC_RS13535	731.9612746784622	462.53105778810607	174.62599865431076
SC_RS13540	15.74361729697085	7619.070971783184	999.6269414411961
SC_RS13545	939.7417033577468	1554.517133369749	509.5675507630863
SC_RS13550	171.65857310086807	171.30722582141493	102.91037788589162
SC_RS13555	36.94561939057385	25.581082830387704	83.054724551715
SC_RS13560	12.561402148749998	10.112680667388538	51.01618911392661
SC_RS13565	41.97934630596867	59.464918013350946	113.28847738629884
SC_RS13570	104.21041380336897	87.88426778193237	88.47475624071846
SC_RS13575	151.6241878327649	254.62482109140726	489.26069329761555
SC_RS13580	190.9003142934165	1468.7138799837603	214.29418434292995
SC_RS13585	159.7525608242308	1774.3866109228202	942.7046745160324
SC_RS13590	131.89033567155357	272.65683832653656	138.36983327431506
SC_RS13595	307.3626610135681	740.1405188393028	374.89855181272503
SC_RS13600	3977.663345565402	2502.367002508786	970.7525252402288
SC_RS13605	79.77249423400208	39.811320125674115	56.82062171578928
SC_RS13610	521.2988673159282	217.60575079083523	127.641699344681
SC_RS13615	410.3308260004811	162.32332168254433	92.81511544718157
SC_RS13620	995.9187971003364	204.99022611323275	160.36733707746916
SC_RS13625	986.0821495509698	75.7034907421411	77.41201548618349
SC_RS13630	189.11089393862275	38.018224575737655	56.80177219765762
SC_RS13635	1989.7988927004467	722.8030192697624	267.83762578120434
SC_RS13640	729.7891275830096	243.5820174881017	129.33001592760155
SC_RS13645	271.6247723605873	128.03125313655832	127.79369765365733
SC_RS13650	404.1380636923265	145.32079301229248	167.36948385146866
SC_RS13655	174.73060658252876	93.89979812731283	97.18058155890981
SC_RS13660	26.265578557353717	9.300760859182555	27.60333541628437
SC_RS13665	9.854327451614838	4.654787823849382	22.236374583135003
SC_RS13670	76.11538903301332	52.55490600556989	59.79808123040132
SC_RS13675	104.05679417300313	70.53194793746977	74.23309793751523
SC_RS13680	93.42385380750396	148.86426149292407	92.94499332696871
SC_RS13685	158.0252618852874	123.65979632174734	79.26892378746624
SC_RS13690	61.58505649658369	23.25932857204391	34.26828889523997
SC_RS13695	14.386284125262751	10.232481592349489	13.448559442405188
SC_RS13700	649.4715294374728	92.06342544695119	112.31147477376412
SC_RS13705	1012.6923042696744	753.2341381943813	505.38653755641883
SC_RS13710	89.46140086481638	16.79135110258007	73.90727518367444
SC_RS13715	204.36597471696095	212.49834345117023	140.0160396783321
SC_RS13720	183.9038161039435	348.7646399342845	173.2422796259209
SC_RS13725	51.11055039625733	333.24033001035866	140.55733140695324
SC_RS13730	368.0152926179988	794.6907439452813	582.7625569602795
SC_RS13735	259.7920475961116	667.9537400020328	304.7316306602837
SC_RS13740	75.81549102024489	106.64609082682622	85.72405088239626
SC_RS13745	45.130914467277485	48.148534820158616	38.43896607965504
SC_RS13750	61.38819125031499	60.74944895055806	144.18441482758578
SC_RS13755	2102.594845878994	596.386716878922	389.6869493614974
SC_RS13760	3762.3073973635796	103.77915730541034	75.62987874737205
SC_RS13765	780.2173036241575	316.7230389266713	343.7516229662849
SC_RS13770	13.456193498363232	3792.1671552064795	371.80486542269426
SC_RS13775	189.2759600670877	1486.0465084962307	306.8317053132361
SC_RS13780	17.247775891319897	42.50684540513173	44.77632606165068
SC_RS13785	792.3784639512284	198.1107539499447	148.37862910479183
SC_RS13790	166.15372293063837	102.25995355557248	68.3831489581011
SC_RS13795	771.5131659709073	227.14163649133985	178.79328935671688
SC_RS13800	68.66323128305544	74.66744635261185	62.852293839568375
SC_RS13805	16.7111491185073	10.734938236180236	9.953954231503467
SC_RS13810	26.50998701756399	11.386174598405903	49.29004406399062
SC_RS13815	783.6317713498183	500.821325719844	379.56459848543847
SC_RS13820	145.63007799589406	288.94556039355365	117.98656478936304
SC_RS13825	201.21663652688784	248.30333538636324	133.22195840355852
SC_RS13830	264.50002790650024	295.5837262542392	163.52727567725364
SC_RS13835	116.77404592335468	52.4478056203502	46.410481485031276
SC_RS13840	217.15855160280697	181.19769191494194	62.87338375128804
SC_RS13845	689.4084792590348	713.2564745095815	257.1468546695981
SC_RS13850	324.82552661684804	526.4251069830348	143.6197770784992
SC_RS13855	639.3253383655912	259.6660147398101	350.4210729475743
SC_RS13860	193.15073964360778	127.16137574148438	261.02061420705604
SC_RS13865	4358.056865318555	2740.548073437607	1682.1951537190118
SC_RS13870	755.5165587809862	912.6767825297023	492.5937759028311
SC_RS13875	3616.6313454607066	8278.297690337355	4613.273927447037
SC_RS13880	1578.7452099770899	1160.925532488368	644.8390855740853
SC_RS13885	3722.866475846234	3408.939001958516	2049.238872792447
SC_RS13890	383.89278201628423	2532.7684151472586	1745.945957763756
SC_RS13895	153.08679998234112	728.6535573793568	252.2145603430921
SC_RS13900	867.3343030315089	7297.683518730084	1592.4584967691221
SC_RS13905	210.01220058090118	209.80701613314943	100.31391708697203
SC_RS13910	466.39942348430327	474.2751771826245	227.25688873542708
SC_RS13915	535.2831223944968	443.77256181031527	190.4038498021873
SC_RS13920	144.57952509856432	952.7241677104761	166.81014847342016
SC_RS13925	67.98076887406086	296.01316690824586	52.10748699769315
SC_RS13930	38.531099889586116	63.35144527887109	50.50489679735622
SC_RS13935	457.65381120003264	348.0176524032407	153.79701948142824
SC_RS13940	77.19007511131807	300.78154103272686	265.14176202185536
SC_RS13945	268.50475291876444	696.3266496189419	227.3502990270655
SC_RS13950	504.48459737703615	13557.510777836924	708.9815667226154
SC_RS13955	309.16940657827456	1396.7716894241285	243.18175632431954
SC_RS13960	128.45102538024656	220.12945313563026	116.40234859985067
SC_RS13965	1207.3940525770345	469.7083648522049	298.16146221163393
SC_RS13970	3288.0100426266113	1209.278578812974	592.6047925323746
SC_RS13975	5303.224329389898	1778.0431894480157	1104.3992954923237
SC_RS13980	6536.5329492239725	2648.5257034932033	1499.8619338461672
SC_RS13985	10878.333959921612	3270.9199379353013	1537.7755908116894
SC_RS13990	247.20921498731303	326.6283620413115	227.74586554900154
SC_RS13995	320.9793564039071	379.591497236966	264.17211295697825
SC_RS14000	337.16262252677456	136.9843751299639	115.86901535694642
SC_RS14005	207.3548990689433	316.5563873302719	140.17633669274198
SC_RS14010	657.0320816289757	299.1736674597958	120.87843320898192
SC_RS14015	174.0196391039728	76.75817124857792	53.791786587068216
SC_RS14020	184.48297910798792	169.0246206412992	96.09152992556955
SC_RS14025	47.00369435006735	54.46558026279375	52.24790983334013
SC_RS14030	41.60178889245231	16.837959473046464	64.82533779973795
SC_RS14035	42.574327696698546	20.4417801499518	58.190869098459665
SC_RS14040	30.990826027240118	12.299953544328616	73.4615047095276
SC_RS14045	22.975411713808427	7.510996549287315	44.945462931855786
SC_RS14050	12.611087280042216	15.518099472534743	67.37077891942297
SC_RS14055	24.132659881553145	106.65553003576603	97.1371105011396
SC_RS14060	42.30873917475745	155.81151257147147	135.36747578804534
SC_RS14065	34.21692188548726	125.22529623183979	101.05694142631143
SC_RS14070	27.080480534983298	158.325948099059	169.95859110273062
SC_RS14075	34.01683688152388	38.05108912039668	133.51315395690557
SC_RS14080	21.019522701340232	7.963755883582485	86.63206966912436
SC_RS14085	4.60827159560135	3.0019694140034403	38.37746123077697
SC_RS14090	3.9880929468898243	3.405031438763035	24.843175405788173
SC_RS14095	6.773269790993531	3.1129555504481803	40.95358220194607
SC_RS14100	2.4857215775558896	1.6470226511591477	28.74076047249989
SC_RS14105	3.146561178599027	6.596663092180764	63.18805075437145
SC_RS14110	12.19823058923957	7.329906797417199	70.01438754994156
SC_RS14115	5.839604714063794	3.4663202656722	58.42667790099049
SC_RS14120	2.526382529887501	4.400817727696513	59.79611541347538
SC_RS14125	5.3752756669538195	2.990377896629851	58.59316851483631
SC_RS14130	19.66620672588295	6.45669816230205	74.21766047486982
SC_RS14135	16.113583064206175	8.553148907715151	45.10480493017024
SC_RS14140	19.50633992803058	13.272556798514916	45.67888747311129
SC_RS14145	13.28273828506107	5.6331868367224764	69.75599266923395
SC_RS14150	7.356007245068122	13.088690317787421	55.3991438649198
SC_RS14155	38.32377793167724	18.125821650294796	102.10830973854617
SC_RS14160	16.930272266850864	29.90291224490287	62.59137227493413
SC_RS14165	19.395168475011463	301.8728361895065	146.59499619952325
SC_RS14170	18.29484239250446	78.02253818086727	95.23352987556497
SC_RS14175	5.738447226464249	1661.264557813219	651.3711589820201
SC_RS14180	0.5953360830654166	56.307506400870146	66.31485832011933
SC_RS14185	699.1390528687724	246.5019795590944	278.94038546844587
SC_RS14190	81.57297639108933	22.03910549157537	83.04017246062918
SC_RS14195	32.33377334494229	26.171030365704212	67.72469505460485
SC_RS14200	18.064465093964582	15.880036675302932	65.57802172337759
SC_RS14205	4.1565411774822	6.585071574807174	81.95921460059623
SC_RS14210	256.73349823588296	746.7412033282499	440.43601930987256
SC_RS14215	195.69320719863128	481.6289939177049	288.5358417027401
SC_RS14220	179.88873867405695	389.4259157510868	218.26509473355267
SC_RS14225	499.3495368662717	902.9764265313429	514.643124970563
SC_RS14230	301.9549511346871	249.14010176286791	151.40052055010776
SC_RS14235	413.0382553899518	219.75814246022384	154.01773104103034
SC_RS14240	121.64870347945327	78.32040982786893	53.37268882917945
SC_RS14245	529.0046662930926	262.96130888297563	84.33339802892077
SC_RS14250	33.81710656989604	36.57301019255023	84.16290027984897
SC_RS14255	140.257120354061	191.2915640736906	116.82240137383484
SC_RS14260	121.1818778226571	145.38055395119147	89.11320467934262
SC_RS14265	42.52142280771165	815.5670620053249	356.85526913649534
SC_RS14270	521.7854705052458	1405.593275573578	976.4998240662765
SC_RS14275	1690.3495754935948	1523.5791501121432	1137.8824794442794
SC_RS14280	84.73436616991488	259.15387658606755	154.7296558063137
SC_RS14285	256.25846207881506	711.0266555780705	539.5630417572297
SC_RS14290	9.994358666530886	12.063370724236131	60.08444992001739
SC_RS14295	8.688497851130114	10.226685833662694	74.36774289481703
SC_RS14300	3.187222130930638	3.8196849808962194	15.065711592147434
SC_RS14305	79.19064227236869	59.522875600218896	140.3993641473062
SC_RS14310	219.61059878365896	124.31731304460388	140.68116083321434
SC_RS14315	185.54988119210878	117.20937852007616	113.86745243602547
SC_RS14320	118.75799725916366	60.8193102650114	55.40737292581751
SC_RS14325	378.4875687470894	126.62081330549165	101.43589482222264
SC_RS14330	45.2719354686525	38.13500647086919	54.2930790996217
SC_RS14335	194.82092414941067	42.10100665151476	44.49567546416347
SC_RS14340	51.76781554727025	6.2902189576349405	20.086704917512282
SC_RS14345	14.8149592027509	0.8235113255795738	3.386632969858
SC_RS14355	188.30878293788683	484.57814033691267	307.098394897896
SC_RS14360	2395.7778958677472	1538.0568638320901	838.6230601004552
SC_RS14365	986.3951351825524	1227.195753150544	490.25742094152196
SC_RS14370	540.788327257062	943.2857630384387	406.3078130305629
SC_RS14375	263.19828858136805	150.50302386675085	126.33147050275106
SC_RS14380	60.268384277207204	28.869332374019205	37.722954676290385
SC_RS14385	88.31862660496266	48.01165882934908	62.112470766750675
SC_RS14390	625.5536045755441	477.91783055460786	358.51213606732364
SC_RS14395	206.1189136601066	388.4035127048724	1021.4785493182779
SC_RS14400	331.20703172488464	64.20719672868609	92.17312952380024
SC_RS14405	14.566976292510411	4.938048923648027	44.863073103384316
SC_RS14410	170.42966230154414	24.132537207159057	100.73996838658539
SC_RS14415	34.197086302550936	8.927232139040772	135.73092607825652
SC_RS14420	3.146561178599027	6.351507784544105	81.94730876586969
SC_RS14425	357.5441105693848	282.8041868906152	179.74789110656207
SC_RS14430	39.916938130855605	126.88852722745189	198.45686966447542
SC_RS14435	32.824732182713475	151.0150263749521	504.2592534486489
SC_RS14440	10.851708821507184	18.093823827031407	1063.3836475744988
SC_RS14445	5.0685834464605035	8.760752934373663	31.57297028773398
SC_RS14450	14.85562015508251	146.429298880462	65.74885969216608
SC_RS14455	14.940959255996555	243.19196821329518	82.16984685332609
SC_RS14460	5.088419029396827	88.51416120763282	50.72506320511538
SC_RS14465	82.84799787167523	136.12529244010767	56.03595684801519
SC_RS14470	204.61395762720144	200.86725584609968	119.19488370357601
SC_RS14475	171.51595722238076	31.900592791668423	52.33133017928113
SC_RS14480	27.271984106206673	19.048485293973485	63.648858685230714
SC_RS14485	17.61639717976071	24.711205435313772	132.38913490335491
SC_RS14490	0.363171559510429	3.0077651726902355	21.032882532653012
SC_RS14495	128.66602703832152	150.46238364670353	105.68257901870476
SC_RS14500	60.5873204343558	78.24784169379797	71.35843772366096
SC_RS14505	655.3155060401228	182.29946539378923	442.7036209509786
SC_RS14510	8.341144678305186	195.89450227957064	517.2739383933143
SC_RS14515	88.8949245436479	104.57042850675448	234.40244482114952
SC_RS14520	59.41604110494069	207.98161054973778	253.6166672421072
SC_RS14525	40.94273651642428	38.275525911931744	177.37098592050413
SC_RS14530	82.91305864343235	60.13631838049438	44.38715807127682
SC_RS14535	390.3092317092716	271.472638639036	151.48100434786963
SC_RS14540	672.852635178686	110.88074156006743	124.27677693975969
SC_RS14545	256.79632903640436	165.20826690044422	268.8783933528441
SC_RS14550	60.17625096856827	76.95054030760983	70.19910702870202
SC_RS14555	169.9781822817428	409.8822039657491	201.9101049221233
SC_RS14560	15.693932165678632	4.295627349938568	86.27855353987547
SC_RS14565	81.90352139076978	12.735325602563401	73.56913673085465
SC_RS14570	4975.888688229291	1806.6057613043392	848.2059741316481
SC_RS14575	438.0051220319652	52.62254510234968	128.05896071639597
SC_RS14580	320.72707589562793	91.03446240314688	112.62627706443796
SC_RS14585	184.01944749943408	60.282633580243726	96.07159010375206
SC_RS14590	467.3773982541425	567.0251680551058	194.34558636610257
SC_RS14595	805.9815409226475	587.2933219183641	296.94339835342714
SC_RS14600	339.94351553617696	291.6618041891129	170.6766438243953
SC_RS14610	0.5953360830654166	4.943844682334822	18.240271927553554
SC_RS14615	9.244960206879027	674.7913242840185	582.5021746906499
SC_RS14620	127.9821320966474	280.43818629795805	159.2056208430123
SC_RS14625	120.32587214647532	123.30143265999239	98.02171362286646
SC_RS14630	52.77055859220793	367.2405282228109	596.7720970945815
SC_RS14635	39.418742339138916	614.5882655115967	1048.2806880989756
SC_RS14640	121.1036876218035	1198.9950402418729	2213.509188524198
SC_RS14645	69.25133041217535	6243.096819430088	14184.206510323575
SC_RS14650	50.40145819660154	637.6103868431245	1061.3819946561039
SC_RS14655	13.346454578023682	111.79476280696217	244.30993166048734
SC_RS14660	29.674596554084232	138.90004833371867	260.8907961134852
SC_RS14665	60.497329043067516	210.8009990700519	307.53764726804803
SC_RS14670	96.64216567156724	687.6284011892758	1233.4366933461383
SC_RS14675	103.29157732666576	545.171526841508	775.7623264110247
SC_RS14680	3.146561178599027	319.6298857652184	637.9321395514825
SC_RS14685	20.275573970618765	437.44642253200095	759.513868458917
SC_RS14690	525.5786477753147	5809.7893015673735	412.5318925436385
SC_RS14695	3.766739827310553	921.2850797221754	485.8277183648628
SC_RS14700	10.745544351197854	333.818267162659	155.6527021914347
SC_RS14705	34.44229220131735	313.8556208033113	228.42058650196768
SC_RS14710	2877.827811077128	2039.7471054992	1143.5517062218396
SC_RS14715	1541.4115464578897	786.1311416954069	404.96397364580804
SC_RS14720	1637.5706253397545	1066.1525547160506	500.12666944959193
SC_RS14725	173.15791706041014	100.06775164134125	61.84406622370666
SC_RS14730	166.88909022861984	42.34616195915142	95.57657069348986
SC_RS14735	140.72994278002594	262.78032161359806	178.3862925073614
SC_RS14740	275.9325108492968	301.5967263446725	158.57635648138125
SC_RS14745	1867.9153082131745	595.9303182673119	288.32131788573565
SC_RS14750	826.7641144690958	207.4178650789979	136.16146002040298
SC_RS14755	19.187846517102585	4.692893616011368	83.4822661609472
SC_RS14760	9.310463724856747	7.773539132984358	82.12331381810583
SC_RS14765	4.750090035532508	4.289831591251773	51.805340625715
SC_RS14770	107.29334674289044	96.05753769963509	102.123882488782
SC_RS14775	190.4308902097117	30.580975092128732	91.91581508845897
SC_RS14780	462.7492167850572	59.6686362887844	78.01603765495895
SC_RS14785	319.4533826537038	234.47838233350996	91.43514283715633
SC_RS14790	852.9771265896655	692.8875747039125	214.20082397918839
SC_RS14795	743.4949869226107	4796.42210794568	1368.6969586907856
SC_RS14800	37.19761949706516	712.2550281075025	944.5525438862319
SC_RS14805	59.53846670815613	28.668078617231327	39.61565012628852
SC_RS14810	548.6311718496328	170.596056128558	113.01169863644718
SC_RS14815	1328.0712070387003	309.7536480994428	195.59118859548806
SC_RS14820	2437.348061750166	1266.8023152978608	510.4872008078788
SC_RS14825	3154.8329890983246	1488.945965361983	823.5814110363028
SC_RS14830	104.45204525210517	58.585913619549004	63.41903269317131
SC_RS14835	366.35816572754	144.2328990047939	111.18050803532711
SC_RS14840	199.5074902398834	245.52333824524928	163.73811286210977
SC_RS14845	437.3020103613455	290.38719706278965	233.47505108108584
SC_RS14850	54.420198130403406	2740.7651456633157	1745.8424623084072
SC_RS14855	307.16222131726914	184.8268479350282	203.0374743895868
SC_RS14860	3454.497426540877	1414.8645849664008	714.1854194224467
SC_RS14865	7134.407594191116	1925.4846968625218	1572.66455321595
SC_RS14870	2087.9750252247068	510.5033909745566	317.4925623724852
SC_RS14875	74.97539178463366	40.91253909333757	26.422634376105403
SC_RS14880	315.16797635761685	45.149654345224356	68.47228153933267
SC_RS14885	18.251951468937136	18.370976957931454	136.02572876089656
SC_RS14890	96.10187639483937	22.497660584557337	59.01784907726349
SC_RS14895	179.6863194048401	123.36185476550591	129.320696563018
SC_RS14900	289.05987228244703	377.50806341444417	292.6369957663439
SC_RS14905	3008.0041858268705	1984.9525661795556	584.0433296866445
SC_RS14910	58.74295756724227	827.99375800186	426.9418778468613
SC_RS14915	113.16915246681444	1400.5815904126205	794.3565958319725
SC_RS14925	485.0118737952945	413.1741994421261	256.03573839180376
SC_RS14930	21.083238994302842	5.887156932875346	14.142324987309733
SC_RS14935	1942.7851706216225	550.9502320658239	238.77336430666404
SC_RS14940	1429.1669305950263	491.2455723840715	257.06832282896147
SC_RS14945	1193.796291037058	744.7836452365389	389.3949978673429
SC_RS14950	694.9859980874354	252.92876229732707	131.81973007675367
SC_RS14955	228.9281071145584	126.77292426392779	69.54513576773884
SC_RS14960	264.78663414573947	218.16630484001345	119.75040301872406
SC_RS14965	1358.3486570315833	1342.4635644395623	1051.993573403566
SC_RS14970	466.15377483931627	324.1435954638832	599.4895820576921
SC_RS14975	411.4245502231661	1639.8214420895567	1603.550913650207
SC_RS14980	309.0332882655916	522.6396462160137	209.84386150501996
SC_RS14985	52.12598012407089	560.8107785623433	413.3893631569579
SC_RS14990	506.4745454820139	360.5423549493162	219.57180180588324
SC_RS14995	37.50029452130766	35.21504439987652	190.6695325874979
SC_RS15000	216.1476861114826	262.1246449889635	234.86917977774507
SC_RS15005	766.8980258770334	979.4807343391986	486.09899381303137
SC_RS15010	4916.699496216463	911.9502054774866	865.1463230282664
SC_RS15015	8414.043633183705	701.0586265768798	933.2618831703471
SC_RS15020	2720.3700640198663	189.67050118613602	310.20085550066744
SC_RS15025	2984.0289541838983	290.04351803041567	562.2771138292679
SC_RS15030	1682.073134417916	556.2174561300736	310.5614447440736
SC_RS15035	4703.544955807928	2060.3751308577853	1340.0251728220721
SC_RS15040	13332.700713150443	4236.741511852731	2756.6643534112873
SC_RS15045	263.87959885947095	63.19926441119518	142.34825221682482
SC_RS15050	7654.427506507666	2203.4477027767552	1835.3855263473013
SC_RS15055	4004.353920456196	1323.5355863292318	914.1344176494426
SC_RS15060	387.6058195160517	92.97172084439893	203.0091662178
SC_RS15065	529.6197336650765	430.55865692833163	321.2069780562716
SC_RS15075	8.894032584023883	2.1726623297370717	16.251169851521553
SC_RS15080	132.20159212853605	123.17219252609164	146.34170861604696
SC_RS15085	301.72438148824443	172.49791559726563	138.04455567231722
SC_RS15090	157.10741519504313	38.45057760414302	71.49185708968649
SC_RS15095	155.02051914661953	69.01694214906875	38.133958660871855
SC_RS15100	1351.5516087519504	559.4690211141226	337.7520652188736
SC_RS15105	253.38391269741376	261.10519106333874	194.5592944560832
SC_RS15110	851.8061276620383	808.9222294916187	534.5257853838762
SC_RS15115	111.56105937339177	81.24918668737782	71.17283287334092
SC_RS15120	616.2193923655179	317.49501701743145	191.4736420531434
SC_RS15125	3125.5247651445175	1464.901757367391	800.0273129191515
SC_RS15130	856.3168742704853	225.7889119461691	128.75871492861023
SC_RS15135	628.8418961401892	226.78827177611583	148.13906802705807
SC_RS15140	3117.3682998262407	1457.7612989087306	827.9000196082518
SC_RS15145	7695.129768082673	3102.780276139816	1355.068106627418
SC_RS15150	5288.068452096391	1340.3000332814916	873.2886782577881
SC_RS15155	4130.15180514824	3334.4865845821605	2102.5364116252185
SC_RS15160	3548.887045041191	5114.04530533965	2808.9869152346655
SC_RS15165	6070.656371749129	7708.5420677541915	4292.588120719863
SC_RS15170	24651.199480526215	10607.49806364691	3510.354396453724
SC_RS15175	49.288888177439254	17.938936139737887	19.894572104877895
SC_RS15180	93.03484989588846	29.2928007046686	38.08939729941582
SC_RS15185	608.5103018169066	893.9162740619573	1834.0667026512797
SC_RS15190	129.0567301210671	134.63371198742587	110.44809829638335
SC_RS15195	125.90158750972805	83.08594148719101	70.87061685682696
SC_RS15200	395.67771316850053	672.2558201043346	436.5309454079128
SC_RS15205	198.2163699708241	205.89095556301146	142.00311029438356
SC_RS15210	223.14096454326088	153.72300989317895	99.00048697852037
SC_RS15215	1187.0717165908977	1871.7213358585275	422.19940443950884
SC_RS15220	294.0001214104084	132.6835764417621	94.29000837510301
SC_RS15225	710.5242405191499	254.24931662750217	105.44601427536647
SC_RS15230	178.54488962378088	24.33712220398815	95.273198730235407
SC_RS15235	16.817313588816635	7.3414983147907895	31.414173441262452
SC_RS15240	12428.467073084072	39085.54237283268	9255.840282258734
SC_RS15245	618.5988451787467	3105.0099387815517	850.6203577066854
SC_RS15250	3045.458457720801	1845.3333889670937	663.6302031019283
SC_RS15255	149.71361206300256	64.01729218829976	1088.3677776907348
SC_RS15260	1511.9559825214685	3309.4688970865177	856.5526419488937
SC_RS15265	116.45475507387054	45.07097824225481	45.416815818574875
SC_RS15270	102.38017015181089	29.96697780066941	40.62088140775478
SC_RS15275	1605.4980386246966	1321.1167585688409	476.0729602018315
SC_RS15280	188.96461555622017	2103.612734584817	470.22141520016663
SC_RS15285	17.74517424448044	96.49346426905372	39.97195765780662
SC_RS15290	7310.395338197268	5808.5373488840705	2247.5246955545267
SC_RS15295	428.98858955417825	111.17368416977791	107.5158805826607
SC_RS15300	70.92715699481144	51.83110150927327	69.02581932239698
SC_RS15305	34.42647381463185	10.40777558553281	63.1778460182283
SC_RS15310	176.8789889526793	50.60175143007672	71.41803654182941
SC_RS15315	1199.4728091955747	1266.9817047699885	703.6705658572589
SC_RS15320	231.774770280389	115.31355711102732	252.17531521247486
SC_RS15325	111.89294885186672	46.539617961161454	98.1493452522273
SC_RS15330	63.374727249695226	183.56359002510655	75.10497949749177
SC_RS15335	447.82933329677365	149.31702082721924	93.95410631439003
SC_RS15340	15.874624332926292	21.416847922783674	49.83970999941937
SC_RS15345	75.29110818408759	331.8351971630965	252.80683168137045
SC_RS15350	227.2312928180943	2336.3054806606287	1810.5682597140014
SC_RS15355	346.49713137872124	681.7850433247568	247.01300382158394
SC_RS15360	215.21589631345302	70.44716386560162	113.07606453213027
SC_RS15365	26.880395531019918	6.120720723138415	82.90872876984909
SC_RS15370	14.45357486825558	5.180427502427307	60.79434322532019
SC_RS15375	15.926096689233619	18.438061543527418	50.096139063201036
SC_RS15380	135.83946683724184	106.10917184108649	106.28442458158972
SC_RS15385	93.62116179999326	78.40210496066788	81.00391269467868
SC_RS15390	1272.6866225539075	1000.2785492778011	838.524677799176
SC_RS15395	498.3240188824909	852.5310906765698	597.1119169293456
SC_RS15400	531.2088929081367	507.23516561736335	415.09271719659085
SC_RS15405	111.57910773131297	115.13333408055284	106.55303005527878
SC_RS15410	900.3368598393156	1118.0028794266682	922.3556930118574
SC_RS15415	1094.627596731303	789.4835225311065	596.9501933930144
SC_RS15420	347.92247844143066	404.02395591706795	587.1417095081729
SC_RS15425	3966.989280827898	2434.2621626634777	1533.8167649781428
SC_RS15430	786.7343800046388	487.4294567712504	414.11564493952034
SC_RS15435	307.4249447738511	524.8692927557923	420.0493945541694
SC_RS15440	1000.1386280646932	293.6263038080694	398.4538138795792
SC_RS15445	387.98882665849845	146.97836389475913	275.17105268431203
SC_RS15450	372.7641424687545	55.43762900579622	79.26314590912106
SC_RS15455	1094.9148961150806	445.09471393774027	239.08891668130707
SC_RS15460	1174.336446486095	1102.1381476282315	388.3430147587294
SC_RS15465	5887.841027440434	5668.780847014793	2015.969592004279
SC_RS15470	25.79266807750374	30.50754023666214	47.23358961619955
SC_RS15475	70.65933850163462	45.54112485261036	48.47966735289214
SC_RS15480	16.881029881779245	154.93885844754016	154.2574274063545
SC_RS15485	274.80967646639715	84.99050777551628	150.40733439243968
SC_RS15490	1365.1991434771041	357.453136944799	159.70215027953233
SC_RS15495	19.499545720305687	14.113455400154873	40.042101431834894
SC_RS15500	23.090600363078366	21.28847451027855	163.46006259456624
SC_RS15505	11.059030779416064	9.601651536013621	116.6834688478067
SC_RS15510	157.19784933255207	52.932320476936724	44.88198240773229
SC_RS15515	221.33225564576915	72.08013048074159	82.94709253038795
SC_RS15525	1.1143572441773963	5.163040226366922	24.797593385182115
SC_RS15530	26.442696274571162	16.29191348857874	70.36286602649494
SC_RS15535	13.298556671746573	6.2987914451791145	61.89005810856521
SC_RS15540	18.22031469556613	15.340028750494042	89.94386143197525
SC_RS15545	32.114207450378125	9.71263767245836	76.86480073330728
SC_RS15550	14.715588940166462	12.939598389180697	117.80539665516048
SC_RS15555	4.725247469886399	7.8787295107423025	58.445051911815035
SC_RS15560	5.954793363333734	1.2381648677127581	31.43573886028921
SC_RS15565	245.50646197209514	104.60599987103112	1254.458535698985
SC_RS15570	226.0513440020541	95.60533287652376	234.19384402840018
SC_RS15575	140.25409294426916	90.3170081767209	100.45638124091906
SC_RS15580	4.466453155670193	420.55592328425996	374.6095926514848
SC_RS15585	7.09399317315724	98.41184429242612	78.29335169833402
SC_RS15590	4.599247416640742	84.68708267079987	62.32752987727852
SC_RS15595	1.1391998098235057	24.661508125778198	29.516030474316317
SC_RS15600	2.0322039344216307	35.859930492231555	37.72608629827627
SC_RS15605	8.325326291619684	15.932753014667927	54.99670916095272
SC_RS15610	7.664486690576547	562.8735679509416	131.92940341638078
SC_RS15615	4.493082946331411	4.620013271728614	66.79709638241492
SC_RS15620	2.602697451840938	2.642808940092626	74.19139762286422
SC_RS15625	5.194583499706159	4.654787823849382	77.35595815425343
SC_RS15630	15.863812928950576	7.049422426475934	86.40196324356461
SC_RS15635	0.5953360830654166	1.8250933731998469	30.948463145298113
SC_RS15640	2.179029357062574	8.115312330834788	64.66266910563085
SC_RS15645	3.586047660062893	14.650686596106388	34.34156429125414
SC_RS15650	7.896651214131534	16.00563335895068	50.59620598447825
SC_RS15655	35.70025511044101	97.80752851087864	111.22561454862607
SC_RS15660	7.820336292178098	32.899398110431314	65.73123576531069
SC_RS15665	5.906895457056624	47.3512954683954	52.22022631625152
SC_RS15670	11.85990159537525	189.32823921340332	162.40086122588556
SC_RS15675	3.9898801719049333	132.0988002447088	101.88615779722207
SC_RS15680	27.523984212697986	171.26339417980589	58.53424027778171
SC_RS15685	20.117937144002106	6.418592370140065	96.55608427479343
SC_RS15690	130.88348737648	64.45512876518012	184.9461347920783
SC_RS15695	155.74695031952544	183.18506653137203	432.0332198783807
SC_RS15700	656.1832386161917	539.0361256619268	1411.868378657137
SC_RS15705	96.44262770784222	16.391308107649888	103.79036307749493
SC_RS15710	1622.213575871923	1116.893301872118	660.3703222467099
SC_RS15715	293.2583145970376	654.855988421819	550.2799660067283
SC_RS15720	21.8552500483651	41.14887961245802	26.61599278001606
SC_RS15725	2.072864886753242	2.2397469153330314	16.17946026650033
SC_RS15730	35.41304378054848	31.26698600647517	60.17031159019143
SC_RS15735	157.66432029701267	100.85864072323382	63.174644751706595
SC_RS15740	848.0068355654455	453.5818173729874	326.099054374783
SC_RS15745	51.959319118493625	102.31631334519048	55.3094004887907
SC_RS15750	24.5771533457268	186.07167528282343	101.34997336583228
SC_RS15755	86.2028707946421	116.34443016229338	118.33348731324298
SC_RS15760	142.81156520728928	132.94691583761502	101.39467001487874
SC_RS15765	12885.526241345578	13906.247303560443	2856.0927194363326
SC_RS15770	569.1016614970723	407.2553568961992	365.82900963062286
SC_RS15775	12.364891594816836	10.2208900749759	15.558629897893276
SC_RS15780	4.9325694277952765	3.8196849808962194	17.13808886821051
SC_RS15785	12.87488857696821	2.990377896629851	25.773030186723897
SC_RS15790	32.64725977316049	61.64861734927777	65.75253646599488
SC_RS15795	34.98615592807544	44.80510441851655	73.75861342881025
SC_RS15800	7.896651214131534	15.024769827432008	35.42918540119187
SC_RS15810	55.164234915009935	19.38137379406794	98.90026829106726
SC_RS15815	188.81681411045767	66.82682263403153	115.17198290246554
SC_RS15820	187.23213105000153	68.64278900850337	140.51713126024057
SC_RS15825	134.94074634526282	65.38407276948968	88.47427087509186
SC_RS15830	76.90107655641042	30.268180687712277	39.34112748518265
SC_RS15835	73.47802739800952	25.4088078670338	54.61774590672202
SC_RS15840	57.43396504803188	15.903462011022153	61.69758507621415
SC_RS15845	75.5729578389348	32.50237414533055	81.32925994121236
SC_RS15850	283.77644952234425	155.04016307407306	119.1771303459685
SC_RS15855	181.6927952811744	100.7713921327201	69.00370875152731
SC_RS15860	109.6746910751521	67.17716831942614	59.94912452328224
SC_RS15865	15.31672944449781	9.286392612951587	51.97536286747971
SC_RS15870	156.7108196371466	86.75098108176574	94.06665055914164
SC_RS15875	138.84429762979477	457.98454510814565	454.49160711376817
SC_RS15885	114.31281221910936	77.87344625226055	109.28222978079056
SC_RS15890	1042.0574615952612	2369.3651433513983	1967.0474987343148
SC_RS15895	35.333066354679765	18.76244746531746	32.213800264374854
SC_RS15900	694.9092266559239	3043.384282220487	1390.054838391936
SC_RS15905	11.043212392730561	1878.8943009697716	248.2149202027535
SC_RS15910	10.812835094190682	103.3065461764092	144.9932217262101
SC_RS15915	7.666273915591656	358.6226893389056	192.20808725354894
SC_RS15920	172.99437151850978	583.716253644281	536.5181503680033
SC_RS15925	379.0726404664175	575.2027757527251	758.3122423695673
SC_RS15930	796.1315248324088	181.13498185545328	181.06555299900495
SC_RS15935	823.2903579126784	271.41325981958863	165.39567409217213
SC_RS15940	411.61828376562516	331.6782638227999	266.63258363488717
SC_RS15945	220.98891966919507	68.40072263993589	87.4767333609999
SC_RS15950	349.27820049589377	36.73615815717612	117.53277018644474
SC_RS15955	2732.206189026233	235.44629885137712	557.101340650977
SC_RS15960	171.74748665181232	61.11440518315567	86.29882372309015
SC_RS15965	594.0226678561415	60.12195013426341	453.35066614479155
SC_RS15970	514.4084455428796	76.00167459935454	458.8481695820036
SC_RS15975	120.65338973636392	24.35117824000732	170.07139606434362
SC_RS15980	158.0417153660963	45.14354637632576	240.56564599540232
SC_RS15985	732.3605454306104	1577.2258690394856	834.4779739678743
SC_RS15990	225.79996522634883	288.86337648587244	206.17759859682474
SC_RS15995	49.3371407760519	6799.567617018586	764.4138659759914
SC_RS16000	112.37300823177715	9782.743678019695	1769.314617456502
SC_RS16005	39.55912824639051	2499.7303974435963	568.2726034361792
SC_RS16010	216.27430749551425	17888.341957572426	3451.7371222669008
SC_RS16015	113.27754690835947	776.1367304818269	470.89523106493414
SC_RS16020	277.9243342331747	216.4945013568572	119.81918591388563
SC_RS16025	202.11645109934355	40.48573952264696	36.73344129096989
SC_RS16030	1443.6614237240472	176.73447633796857	241.20938694674504
SC_RS16035	626.5527894105843	115.453279739934	553.1852962137472
SC_RS16040	145.75457122591249	23.62182028599594	54.5274672370695
SC_RS16045	3497.735704348705	4295.394291984279	1744.9779401529267
SC_RS16050	1082.7097370206282	563.1286470694621	249.56483361451168
SC_RS16055	33.006856882640704	27.19912668811288	11.167786305719043
SC_RS16060	854.7348058770705	521.168365413791	270.7754321563037
SC_RS16065	486.1297892493695	80.77879777605023	319.55261809273094
SC_RS16070	145.92827683753242	29.45927990933571	104.67510148681221
SC_RS16075	107.88224331056651	27.00613320865737	89.15661595089648
SC_RS16080	95.01021979895744	18.481963094376194	91.92262348427369
SC_RS16085	64.90516094236995	18.470371577002606	97.4870195010955
SC_RS16090	99.19795500359002	218.63009700756018	169.38839026574462
SC_RS16095	42.24859733182505	102.48470255731934	79.25545214174677
SC_RS16100	209.41373279402617	368.5310273104371	153.4940632392646
SC_RS16105	115.77309010343211	87.0488527287674	83.78019060725364
SC_RS16110	8.638812719837894	251.5971383877095	674.4198773122372
SC_RS16115	278.60957365364334	1476.5483554041089	1210.8333269865536
SC_RS16120	310.21119945829884	131.73391392135096	109.10990150238324
SC_RS16125	944.9805660266221	281.7581487809623	281.9848432752996
SC_RS16130	1164.7097936120933	202.21370003063956	160.50715497505692
SC_RS16135	684.7993221709922	224.03909352665784	179.91260512045042
SC_RS16140	601.88796269869	212.90220228808568	252.1443607843287
SC_RS16145	148.81961815194546	104.98810107871708	79.3290677574776
SC_RS16150	23.67190528447339	14.72356694038914	77.3934464015522
SC_RS16155	91.20531562900146	237.40358147906738	171.21848070485936
SC_RS16160	77.8491274873461	76.55993652161945	60.32686218623667
SC_RS16165	130.6897538340209	46.01706722165271	54.92098258238602
SC_RS16170	192.97898360143566	444.89887799312584	149.42053290653308
SC_RS16175	317.88435563550047	456.2647120219435	330.9462133969639
SC_RS16180	112.83027643271174	18.406063720264026	92.71613220932423
SC_RS16190	140.4767905426429	1759.8660643450592	598.8270513744342
SC_RS16195	195.20769808979048	177.41802273366946	127.7441642825604
SC_RS16200	22.093218993186017	16.175131593447205	121.10528258328485
SC_RS16205	75.21157350443947	3026.037291773451	800.2131128432783
SC_RS16210	22.81276790448198	1539.6288454846565	256.4397330499255
SC_RS16215	106.86645889041739	112.91621568878317	121.10997015794418
SC_RS16220	89.45202199352023	131.5768040163839	148.22004704876605
SC_RS16225	31.021118321816616	136.6317047444032	74.08756780463692
SC_RS16230	12.949416273906538	105.55122212903339	66.89785036339146
SC_RS16235	1160.9452999961513	270.874985337571	129.87811605203737
SC_RS16240	595.4561536053703	139.53087839005454	80.34640980579664
SC_RS16245	802.0451426834379	214.92028914074103	113.91420026169148
SC_RS16250	701.1717157895473	270.54473374785437	143.28490553525575
SC_RS16255	219.59969932579818	1362.767601877309	1061.1571406736853
SC_RS16265	22.936537986491924	20.140577262908934	38.41828603218788
SC_RS16270	52.84687351416136	58.49509148802203	95.72590302946789
SC_RS16275	122.11143764945096	133.80194038451393	143.44764387389864
SC_RS16285	2400.356584033173	2119.3680371249297	1410.102624538747
SC_RS16290	3362.4744919297123	3095.626338200603	1762.802799735682
SC_RS16295	1389.933180497969	1645.3563107563232	824.5237904498249
SC_RS16300	15.010037224004494	162.85100701412534	82.87783412791927
SC_RS16305	50.65167107807775	78.29143103443495	72.66765576476038
SC_RS16310	43.78081824951489	32.420679012531586	44.68025965533349
SC_RS16315	150.56416801025395	67.96812731055849	49.143493271962285
SC_RS16320	430.7759260420363	339.4383014309489	165.43977566147885
SC_RS16325	24.341769064477134	3.29984106100509	27.930248473810988
SC_RS16330	200.44784523052027	58.64442571760079	80.52806730710701
SC_RS16335	671.0168512675172	108.95625356779642	84.87081790990632
SC_RS16340	220.95756329761196	34.02959587152875	29.14230980490737
SC_RS16345	330.9140159737262	937.7960815095595	171.47579514020063
SC_RS16350	75.49476763808119	195.3606722329001	175.2766333611618
SC_RS16355	18.904209637240267	2.128760778888292	40.68558752315455
SC_RS16360	155.6629556974059	40.2878170059003	32.32490412740446
SC_RS16365	51.17069223918973	32.05239153989276	47.447968287294046
SC_RS16370	21.923338229914073	21.151286309257216	90.73899575423506
SC_RS16375	228.75599638005073	598.3197116224355	212.04340075997507
SC_RS16380	144.34870505380385	192.82877952001246	71.5186552352155
SC_RS16385	108.16686997688778	35.51538056552374	37.53027671181308
SC_RS16390	84.5867433087178	34.590010102227446	28.756343081055224
SC_RS16395	155.96821538521965	45.53810582278094	46.02519520061248
SC_RS16400	187.77537592276892	472.64751755128896	287.59789314849706
SC_RS16405	26.768781331780193	180.89353990730942	79.13748009668615
SC_RS16410	1106.206888856608	353.62543398754246	344.8186376747725
SC_RS16415	27.092724471638583	15.798583843476006	55.62107115747866
SC_RS16420	176.5319904721899	111.92900188739387	93.94117982051348
SC_RS16425	102.70169097253074	124.73745013521204	54.21980370360753
SC_RS16430	107.83077095425918	127.33666973466771	57.65290406563118
SC_RS16435	54.32985204677958	81.05379859851648	61.55715238224767
SC_RS16440	69.25856736612084	165.44571644193232	90.48453836421763
SC_RS16445	26.55386772759028	42.229137763047845	50.68825539724996
SC_RS16450	2.7992080057740996	12.17435686068087	18.74033884883077
SC_RS16455	19.708654903229675	75.793828271724	76.5934097141873
SC_RS16460	69.92218397863806	90.97372808742156	94.60834229369576
SC_RS16465	25.13683545917039	28.971746022919774	45.53125623571661
SC_RS16470	33.73176746898199	57.10537017305696	82.40164852063091
SC_RS16475	111.79402133550289	116.05815003266531	93.09242949055664
SC_RS16480	89.55953094262408	69.90476133138691	60.608873662590575
SC_RS16485	91.5989718309912	93.95640021790288	63.83969626205301
SC_RS16490	103.58844792964233	12374.73744815515	2959.4323751698453
SC_RS16495	26.423658130190983	3967.2903612156306	754.8897211761425
SC_RS16500	10.399978403388035	807.5864733568659	223.73580588207403
SC_RS16505	8.725939045767047	494.6369998155067	120.62295515981447
SC_RS16510	17.417656654591838	666.2190908138466	195.91633090989546
SC_RS16515	63.21709042307857	1019.575980904224	298.6517841889173
SC_RS16520	63.20762349789735	3851.7814853351856	894.1193810283165
SC_RS16525	37.01612989126136	563.933797742155	206.27162954168017
SC_RS16530	34.75354865829985	174.12612973978491	95.69256706330502
SC_RS16535	722.795670566666	614.6213723572278	335.4166612721787
SC_RS16540	467.97310279288087	312.4108951950061	198.3244709575999
SC_RS16545	345.06010118293233	173.3565136851778	196.84223834182154
SC_RS16550	529.2068769742739	370.4218865191459	326.1624652543707
SC_RS16555	1241.9107263709902	1161.9718750521524	482.7747470621298
SC_RS16560	339.17785594361897	261.10630008570644	166.26238856870103
SC_RS16565	45.928565525542	21.29125123913593	71.68957270685931
SC_RS16570	27.266977123496886	4.888351614112452	50.95047219769631
SC_RS16575	20.73087883876813	5.186223261114101	47.543014034461216
SC_RS16580	1854.7989942987106	598.796138593422	569.2050086191617
SC_RS16585	157.5889951615182	44.18284684972485	31.87409600056211
SC_RS16590	2408.4987938818813	1010.582494154792	504.9989412338762
SC_RS16595	519.1503088380075	460.9136341778663	210.45592351772464
SC_RS16600	575.0374747664408	450.34056249221203	207.32489402630503
SC_RS16605	36.213914596507664	19.655820105350372	8.846868807055344
SC_RS16610	809.7963547640053	373.5976961205005	210.02762596768497
SC_RS16615	312.5935335770195	106.25167119885057	180.26286019696127
SC_RS16620	471.7874901281507	782.6162698887576	254.5716649964042
SC_RS16625	379.58182376988003	184.22451207018227	130.63284129397707
SC_RS16630	8.356963064990689	13.435704763140809	88.09463703974733
SC_RS16635	576.0480155688998	23.05807481525603	92.363356305725
SC_RS16640	144.77559290627687	536.3862721223002	256.53111773842164
SC_RS16645	9.7780125296614	31.19132893333504	29.302672462371845
SC_RS16650	882.2252505108225	5309.553212931639	431.45584085090485
SC_RS16655	451.2907996729331	3849.7796920279266	223.76029799096042
SC_RS16660	129.80379431546547	843.889132127282	60.029198456791605
SC_RS16665	308.5631547972157	1325.2702970807813	137.17607045266914
SC_RS16670	919.0708040174782	107.56684446304317	147.79712737113854
SC_RS16675	564.2976605459613	292.52428802825006	169.07459877590134
SC_RS16680	1102.2815967067693	906.6258122926486	510.1275665805681
SC_RS16685	866.8887710604781	431.4536273656145	348.0082256085716
SC_RS16690	231.43992768266983	473.3736799108005	276.51277710474983
SC_RS16695	155.3995971467005	794.6132094379321	316.09636678404866
SC_RS16700	1420.336187797877	3077.7509160987943	2195.4762517285403
SC_RS16705	50.181892302037376	903.3138252030859	764.3744294822816
SC_RS16710	37.49850729629255	342.0479336161707	413.03127502400116
SC_RS16715	403.04114971541696	675.4932964791117	401.4090235342499
SC_RS16720	143.66605029690646	166.85893300185637	286.0415654081995
SC_RS16725	292.1658467992621	386.4064565785305	419.26372874388437
SC_RS16730	17.897804088387314	15.763254780171401	87.93672556483538
SC_RS16735	50.10200293005372	228.85033008885972	684.7180985892412
SC_RS16740	51.47559723466793	20.82110462878038	51.70995465883115
SC_RS16745	56.422197824133605	42.059881829523356	95.978460245614
SC_RS16750	17.85893036107081	18.745060189257075	49.331549304834866
SC_RS16755	52.6806552548047	31.202678149736595	104.82240236280971
SC_RS16760	39.084430541525414	26.445164466774845	62.08600298261884
SC_RS16765	45.407757139414905	31.824381207344448	82.89307651675793
SC_RS16770	413.8836420100607	157.61914875937117	103.75749276031969
SC_RS16775	162.05410383839387	99.22876304716303	118.85178309943483
SC_RS16780	692.5422819410055	468.1144406598623	264.49529931277925
SC_RS16785	133.8556035553179	119.33505035989528	492.15882496120616
SC_RS16795	322.0322273263576	516.0122667146695	128.92963240025404
SC_RS16800	1494.0799080118456	257.23056752540396	197.3004656593761
SC_RS16805	1068.8447502713161	880.3784714432699	545.4979728920965
SC_RS16810	3516.9929417158687	2037.642078093305	1182.236991847146
SC_RS16815	1389.95266138857	723.6146226948184	407.11229229088354
SC_RS16820	178.8683019635336	131.95557398402863	159.86584949110892
SC_RS16825	21.193420660862998	23.461136840015623	59.199436934038054
SC_RS16830	39.351451596146084	22.950419918852507	62.94856517801182
SC_RS16835	90.22983746884842	25.648167415983664	87.0361299703007
SC_RS16840	1112.9946487956252	1118.9316142930545	487.3362834771826
SC_RS16845	182.83056255831835	483.05535887312334	357.6912144003653
SC_RS16850	2552.7650086599974	595.6007610072587	339.5081400363245
SC_RS16855	22368.026882267484	6899.335323514827	2931.434236884628
SC_RS16860	2365.151817560202	1602.4259022941299	611.6362612914978
SC_RS16865	857.0977471590754	211.4975582157058	254.91410487775104
SC_RS16870	186.98344123188528	441.76072274503804	575.3809273536837
SC_RS16875	40.772058314596194	164.1570574525281	369.4680408109163
SC_RS16880	4.13169861183609	5.186223261114101	48.99537666894101
SC_RS16885	21.2322943881795	9.286392612951587	50.73908000267778
SC_RS16890	825.7327320571089	135.72698288796875	90.41059238708961
SC_RS16895	91.82692681039255	66.07619165273472	91.5289032068309
SC_RS16900	560.0215750707555	229.35122568163146	140.99841430644074
SC_RS16905	433.8608385544757	577.3476008846485	326.5607476772019
SC_RS16910	765.9219706731719	1082.3590597123377	608.9577607421429
SC_RS16915	619.0332366236158	901.3227455730395	529.2410153039103
SC_RS16920	57.67471100432687	12.1188637924585	77.29145697097991
SC_RS16925	412.2168396063852	73.53360514126139	110.0820713943487
SC_RS16930	698788.0934959124	1706049.2854472317	1381482.121853215
SC_RS16935	566.5858980232578	357.73220008316076	221.02233391102752
SC_RS16940	575.4343669662579	1155.2729748757417	483.2620326354404
SC_RS16945	1946.554316527939	919.0472428143041	328.8739516918523
SC_RS16950	2482.266436211994	923.2490947391879	370.7936513307566
SC_RS16955	387.77311561575243	433.1991080052094	381.6718334675988
SC_RS16960	19744.29308660423	22120.821982814545	10480.337138729037
SC_RS16965	3885.710692193436	2951.267668940837	1046.457446125253
SC_RS16970	852.4835830883231	603.6891769438536	336.87277032502317
SC_RS16975	2047.8961221454556	796.3449871708488	425.42671512769135
SC_RS16980	5656.293725106148	6499.203960733456	2428.1309204376726
SC_RS16985	34.57329923727279	330.34861565694564	844.3961284099194
SC_RS16990	39.86546577454828	146.42659206084437	248.55838660008865
SC_RS16995	42.852514847630474	437.37840131576957	427.65245159159747
SC_RS17000	42.52241259417062	231.26332117143482	275.238675631252
SC_RS17005	12.414576726109054	129.99710825179275	136.1547869121787
SC_RS17010	10.695859219905635	20.38875160037501	137.76085295569942
SC_RS17015	10.913992581790229	17.755069659010395	118.251507349024
SC_RS17020	9.606344541374348	19.255777110420198	117.03331806154627
SC_RS17025	7.664486690576547	11.032809883181883	80.045693957221
SC_RS17030	598.3134358272738	876.7479273536529	509.0068840811296
SC_RS17035	232.54570349410722	1709.6649839134782	114.811459302114
SC_RS17040	331.5862140189834	175.09897529494327	73.33753999567605
SC_RS17045	1399.777595801387	1315.2432713795947	421.61484658524375
SC_RS17050	329.50199068801606	225.37783194504917	96.36775366525877
SC_RS17055	299.655533797742	246.21084030141495	95.30047238307155
SC_RS17060	337.65331472609523	286.0035243101815	118.5103080925029
SC_RS17065	296.71613223261915	312.6775658309003	97.48729007627635
SC_RS17070	92.39697758159126	141.791898332673	120.13113701607394
SC_RS17075	367.3283702665328	50.023083201922006	78.07121947364892
SC_RS17080	1084.8868305715805	671.2933587346278	225.5587674222964
SC_RS17085	837.9925507852979	700.7401063230163	240.3002122132765
SC_RS17090	202.93937122934207	169.65274387801745	179.09577994989291
SC_RS17095	36.578873381033205	29.92029952096325	111.52784042345954
SC_RS17100	8646.001938405541	13747.507482673816	7072.606428530396
SC_RS17105	992.0934384934533	194.87553295588998	187.7041141952028
SC_RS17110	275.02531321859556	67.92478027089354	63.49298852861883
SC_RS17115	8.1089801547502	1.2994536946219228	40.733960946029825
SC_RS17120	45.10071022658605	21.33817181981413	28.995623725288613
SC_RS17125	7894.880555941886	8324.1193712839	4150.866644977721
SC_RS17130	100.73955479257602	49.485852005970486	71.14568464977573
SC_RS17135	727.5885634718807	219.553803937305	159.17193880029447
SC_RS17140	916.4532617252781	2838.6972726638433	1446.5554907336038
SC_RS17145	2366.1271771427296	4852.774370689776	3589.3321850568177
SC_RS17150	161.87654337495584	97.43073845993541	158.40470278556901
SC_RS17155	1070.5032354039067	744.362846979316	454.7881108949916
SC_RS17160	2820.1556104458245	1746.652857375881	909.6394080208056
SC_RS17165	3728.6711615454965	3474.6338802800483	1583.2935559793934
SC_RS17170	634.6114330997862	782.9691090829085	396.990621854258
SC_RS17175	1362.033514150655	476.66210601910245	370.89319943709586
SC_RS17180	403.0512379713842	139.5629461225577	116.5420909960643
SC_RS17185	274.2813644878741	104.3481440236532	130.74347950801905
SC_RS17190	157.06783208305558	127.64280165900172	114.43065966170951
SC_RS17195	121.30019817573665	57.96667508058672	101.9974009493233
SC_RS17205	23.354401660004356	77.06676769155752	14.92514361059053
SC_RS17210	90.67611815803718	56.371884166848496	21.529272680101418
SC_RS17215	143.22541168455092	126.51839965659109	114.6187156945821
SC_RS17220	657.998727958071	389.03242858080836	239.77206176897766
SC_RS17225	317.98371213474746	86.73081707684798	96.35755878743512
SC_RS17230	5846.303260292611	19769.372724597593	3882.1379032448745
SC_RS17235	921.0403694992814	633.7870584119752	274.1667468439827
SC_RS17240	329.1590974576626	294.39876650077366	141.2008871428087
SC_RS17245	275.3378979142399	214.1013946422408	128.57930767920735
SC_RS17250	184.2020149455819	98.77346928498251	47.48844301066878
SC_RS17255	844.6948535660459	271.2553531024657	167.27191142037483
SC_RS17260	42.97637298352548	15.445219128251987	101.19580830928496
SC_RS17265	275.4035057262354	208.42159943505195	103.13469657478669
SC_RS17270	134.34933940456318	52.92652471824993	49.41673053557556
SC_RS17275	1025.1112085972923	381.33385636423895	293.89872575612765
SC_RS17280	1582.3928020092947	673.9215855278319	509.00674293670085
SC_RS17285	1480.625856430833	731.2272402537886	324.6819993802303
SC_RS17290	82.2644629790445	50.45814304994499	49.52034556335712
SC_RS17295	2328.9534571887243	970.1217735921762	491.87151697065246
SC_RS17300	1904.1451430135905	887.8544143932734	377.20633788538595
SC_RS17305	532.7951546055724	153.24762203532043	123.98463037179845
SC_RS17310	375.9679223745119	92.38718694831765	123.6534953886001
SC_RS17315	36.92801377887324	24.71366995395935	85.67235076372835
SC_RS17320	157.47791176238414	85.87801474762264	89.24077652248715
SC_RS17325	114.71386771947732	40.21160542157633	90.53876916829338
SC_RS17330	618.8853333606307	508.705925071451	301.80499389574237
SC_RS17335	822.2475171957801	705.2753313499386	428.93574700040796
SC_RS17340	1590.6619156003478	693.9519367202611	425.6832236943284
SC_RS17345	621.1409742815674	599.8017462107468	346.17269350934714
SC_RS17350	281.742103670572	143.7536953049501	205.59977949383855
SC_RS17355	3549.2287217572866	2593.5535059611293	4437.431589406915
SC_RS17360	1411.5051758854822	406.17773565598725	199.73268209487617
SC_RS17365	3539.517351113157	296.36548833740375	396.9410228401065
SC_RS17370	1688.5851108082118	332.4158121449039	737.3920794388337
SC_RS17375	1042.9516640943539	688.441812139301	295.2980273930728
SC_RS17380	929.8341300881468	3189.2307160909495	853.6652648110695
SC_RS17385	48.49560900776111	21.002194380650494	36.42863880431295
SC_RS17390	29.532778114153075	77.00991912705726	66.67816932125888
SC_RS17395	62.72390161407166	82.84682423921318	77.061221114668
SC_RS17400	470.2900214475088	81.23481844114684	101.74193275847534
SC_RS17405	3580.265903910516	1165.8336949780573	522.2798286189121
SC_RS17410	2146.494925547649	545.595619592581	294.98070427531064
SC_RS17415	3858.6509189704925	1114.9770368211923	599.4066970052746
SC_RS17420	815.679058989672	465.63328854257634	351.5201900279861
SC_RS17425	878.1594376359745	966.7958003758341	395.9515692410023
SC_RS17430	1436.3391164458326	2007.6907914618916	902.9408979284032
SC_RS17435	2030.0058216494642	314.52559993787526	206.8554511717768
SC_RS17440	108.5124359246976	32.026189475316166	47.38503291501347
SC_RS17445	708.638597845714	311.144618255255	191.2293893992691
SC_RS17450	1978.017492231453	886.6593542642536	481.6418841513027
SC_RS17455	2202.6624967914377	952.5126370134634	357.6877924865596
SC_RS17460	238.16593466150965	82.47607224792878	104.15360443409867
SC_RS17465	87.04297003025333	24.345936992504363	78.87969015403777
SC_RS17470	866.5415521851411	159.46915861010947	178.1823235045363
SC_RS17475	266.62867898773226	38.392307807063276	108.05473098704877
SC_RS17480	221.022536015484	97.49473410646219	207.76653193595496
SC_RS17485	399.8868045426341	73.6429934804562	72.88550627755744
SC_RS17490	225.1973759492052	80.79673956329444	114.33704443794485
SC_RS17495	282.2506681200438	388.1039034421413	157.19182172596763
SC_RS17500	1800.0346002694414	1617.7429488019234	695.8534383018381
SC_RS17505	101.21112079363148	296.7531388298663	853.6148374291513
SC_RS17510	269.21134850873403	274.71070627118786	290.547879934985
SC_RS17515	426.57962564479635	1197.8173306427223	336.6762802991266
SC_RS17520	114.24265641075739	81.49465420522627	62.1089292805123
SC_RS17525	41.97032212700807	61.406793281682326	218.86272422760422
SC_RS17530	13177.159268939704	16498.419801912678	10783.29630673091
SC_RS17535	51.461123326776935	37.005363220955594	89.6716546858315
SC_RS17540	15.40528830310653	3.35533412922746	19.430972771749428
SC_RS17545	33.2177532905798	6.804267118839275	16.908467808277354
SC_RS17550	2548.552226735004	232.03786626333311	2659.184392183941
SC_RS17555	382.1004385457164	45.2810467875589	399.81604484567345
SC_RS17560	235.63766061258931	117.78693772586318	150.77357794027714
SC_RS17565	27.64596706969282	1.7025157193815175	29.40241564251785
SC_RS17570	418.60472617939627	146.40216018525	416.62626378490484
SC_RS17575	1112.2750418339142	317.48328568157837	555.4341238380956
SC_RS17580	256.07310138106044	8629.613965985074	477.1860540102283
SC_RS17585	21423.968481609078	15570.344486141628	7362.336334769512
SC_RS17590	1087.362570663982	466.68890567964854	168.45812562055642
SC_RS17595	556.9838510799221	213.86672182961007	83.69221797424373
SC_RS17600	1185.6981547665487	590.8629225543325	193.2392510256236
SC_RS17605	8092.335678062496	14462.712245816736	1621.8053666551132
SC_RS17610	1143.7347149011505	1597.061887358138	276.33173439981823
SC_RS17615	1901.2095987770808	1060.668533890113	294.69650633474674
SC_RS17620	308.8107830151206	178.42786505862207	124.12607386659545
SC_RS17625	384.4574711124376	352.88590992167514	155.05691894187646
SC_RS17630	87.596847722431	743.3722320286457	195.24726240600359
SC_RS17635	109.21115946659828	140.41567854254328	142.9592877135412
SC_RS17640	85.25160010601175	101.73431387699455	82.45770585256099
SC_RS17645	245.1053184178421	51.73774494986095	145.13814106419088
SC_RS17650	193.285675821929	82.30109046495727	169.7010119490468
SC_RS17655	325.9010263738416	227.3271007693173	179.1116232753096
SC_RS17660	419.2750027021505	329.96255878879487	225.9560449011353
SC_RS17665	18.93083942790149	41.7208853605303	114.35744990874996
SC_RS17670	948.3752562197618	753.1345012743382	444.88095841853215
SC_RS17675	583.5066153110423	260.9870536719293	382.7403942704404
SC_RS17680	299.046358900909	145.10142090358994	237.04490336176593
SC_RS17695	12.164363844632852	3.7757834300474387	17.69618879666323
SC_RS17700	89.93073689463615	48.94591399040136	71.28482210793013
SC_RS17705	5029.192859947857	1249.5664941284288	720.8061616179825
SC_RS17710	1619.2691510839577	389.24145801298454	233.6983392525114
SC_RS17715	547.973744354187	98.5043341304428	102.07584928562339
SC_RS17720	205.01877992550246	22.935497161437702	43.5107840104477
SC_RS17725	689.1159967847773	590.5162119733145	766.3265542501186
SC_RS17730	14.505047224562908	34.26895542047861	84.44906403733879
SC_RS17735	5705.011776880645	1473.356164476773	779.5693483731023
SC_RS17740	5290.307857454572	1397.5858030496936	560.2554659406196
SC_RS17745	13367.246573871957	2047.9202492968302	1182.2305440239863
SC_RS17750	398.49203017628906	60.98054822217555	65.68980602584054
SC_RS17755	119.53947523840712	11.748111801174096	31.24326582793815
SC_RS17760	2886.599918854572	1546.9037682636283	751.9309102490171
SC_RS17765	341.01668102791706	918.7587037208116	648.9720039360208
SC_RS17770	394.398482143761	404.384365231826	253.6759218390778
SC_RS17775	294.472396796135	178.08362734212608	179.37280955828643
SC_RS17780	76.4867873329282	40.8570460251152	214.7861377742609
SC_RS17785	43.07029351717953	39.17167528082203	235.33882756439957
SC_RS17790	549.3718427722446	402.06309557542625	334.5556648877787
SC_RS17795	126.48977469273304	1358.2685684621488	1147.3726891967444
SC_RS17800	66.14543018590794	27.3479064065078	39.59565051825471
SC_RS17805	1310.997433400921	698.2965013137704	338.8643235836077
SC_RS17810	951.9710374434563	967.6388512859079	363.0915611275744
SC_RS17815	389.4235688326367	94.0637429040946	82.16114228512127
SC_RS17820	174.1389330033786	198.12074767006834	181.12550189520957
SC_RS17825	106.01769016818112	67.72019527406445	74.41938322726861
SC_RS17830	23.275309726576847	22.412634211717155	60.46252780268849
SC_RS17835	4287.2773449482775	759.1633524069453	782.6764013325198
SC_RS17840	3971.7160995612717	614.7533193107462	878.4636141370592
SC_RS17845	1578.9965449859878	503.4989832942353	355.9596816196977
SC_RS17850	566.4847405356583	139.04914026232538	126.02258137801282
SC_RS17855	539.9284804923994	113.35929351316648	100.7466914227065
SC_RS17860	204.86873474516682	91.40306208599752	117.62032709836387
SC_RS17865	558.957065302303	378.1881760876113	164.56612335838312
SC_RS17870	209.9129183722018	344.62958937489555	123.53075626602481
SC_RS17875	481.8801249767893	165.2143748693428	131.82953480696384
SC_RS17880	327.9291088179947	288.5795608748899	227.8662231335601
SC_RS17885	292.23600260761407	209.34616891325416	159.90047669160268
SC_RS17890	1157.4586944124253	1866.8880868473093	793.023966127353
SC_RS17895	1086.1079018031007	1255.5311813957148	1040.2889681534396
SC_RS17900	236.78250249924602	187.80316979563892	176.574351430306
SC_RS17905	972.1257063974243	914.0062914668733	239.71803589702816
SC_RS17910	585.0376678577078	390.32258288497	126.7002191625191
SC_RS17915	562.0072093375618	246.2280877589958	129.09107550308482
SC_RS17920	1058.3052714531177	933.0012878367022	294.66752758184606
SC_RS17925	72.5343483556602	91.69839930511381	68.34532049108566
SC_RS17930	157.384892961304	74.55010994629647	58.831018635667185
SC_RS17935	156.8161866688998	95.84191569661625	43.037525093019
SC_RS17940	560.9506040974437	548.668941462857	295.10637408922673
SC_RS17945	676.2599540042864	497.1249536415586	290.2829472336436
SC_RS17950	40.207369218442814	33.606127540879356	195.59664011391726
SC_RS17955	6.691947886330308	144.07252776902538	135.68758630659553
SC_RS17960	28.684009391916778	16.00563335895068	56.10433973724377
SC_RS17965	14.437756481570078	7.475667485982708	56.849465181099546
SC_RS17970	41.88685830499419	12.58321464412726	91.45466693788305
SC_RS17975	164.7050538888475	55.174531910915334	76.11123143810805
SC_RS17980	253.9999860959894	75.59947929599059	74.81187791343511
SC_RS17985	253.7581622993504	216.63741540732556	115.84634977591432
SC_RS17990	742.6021008553678	195.16292210788572	174.13363535872733
SC_RS18000	1181.4214897708391	670.9273876162787	406.7371312397526
SC_RS18005	269.5086618579312	174.8806464723068	123.67500102141052
SC_RS18010	600.813380914403	361.3747509726517	225.9071263264171
SC_RS18015	696.4642362757943	314.24449114651037	232.8078189633677
SC_RS18020	3453.4645717424537	1057.7923992877911	435.76282402162775
SC_RS18025	3330.464068440787	1152.5650281037056	375.7969510847302
SC_RS18030	326.88303210326904	109.31048500441608	84.29923647741465
SC_RS18035	5065.893422020759	1372.5111319338055	932.3761681729384
SC_RS18040	2848.3848812470287	281.39263803718086	298.4985701469842
SC_RS18045	1330.0379955090293	223.92446393996008	190.2012416782289
SC_RS18050	1843.280347289769	1508.1964277325185	422.79111090930525
SC_RS18055	641.2402860239398	417.03244224387566	219.7529896567248
SC_RS18060	131.6861454174543	62.945606525254114	54.11645339416854
SC_RS18065	340.73678094251767	712.0813319115691	100.0318359660823
SC_RS18070	141.95233977341283	186.02999594964817	27.091157728154382
SC_RS18075	314.6643308369697	470.5328827176596	153.61121955730144
SC_RS18080	217.03532856103539	479.14183690380895	322.20759726445266
SC_RS18085	4614.333869698705	1035.1324207138125	1985.0631619731446
SC_RS18090	441.04830951506636	249.03338349709978	291.46092651608916
SC_RS18095	2214.5317723045187	2801.4959104115533	4724.94026646862
SC_RS18100	512.265897597465	468.754356795797	1012.4889556404141
SC_RS18105	1220.3455527178767	1056.7279186869932	2522.67136735389
SC_RS18110	727.6922175691665	93.14972165719985	152.33329616406485
SC_RS18115	90.10884439831256	37.332213661391215	80.50153973675886
SC_RS18120	436.23224321186547	277.26466882351684	352.1335611363036
SC_RS18125	1374.1248846482515	1699.7264888067016	968.3729158669523
SC_RS18130	343.48523973999295	263.6707451330413	160.3819646699291
SC_RS18135	29.8498389924015	8.418979736523232	51.27880592030594
SC_RS18140	122.9772649431495	54.7016085717024	49.911895091747695
SC_RS18145	529.5811265762104	12737.0073514665	2815.7969415460066
SC_RS18150	144.26050088753067	4124.8947318431665	2313.3026520622016
SC_RS18155	26.676648023141258	16.011429117637473	101.0087729355624
SC_RS18160	121.5810580441249	200.98934889797394	276.52176610793623
SC_RS18165	18.31566776189975	1611.032864634559	1653.1347634558074
SC_RS18170	3.0047427386678693	800.1334018211937	554.2212868495528
SC_RS18175	4.402736862707581	835.3925900728912	798.8643350253221
SC_RS18180	0.363171559510429	185.6186736475562	193.21061249243957
SC_RS18185	33.67672066264445	1169.0798095766802	927.7929809791652
SC_RS18190	13.610255874949674	1500.7779583572349	919.5250530090974
SC_RS18195	35.354777216516254	16338.228266085696	11697.515553388157
SC_RS18200	119.48513781674066	13926.047781378835	6547.785383499894
SC_RS18205	11.771342736766528	5972.791215079686	3807.8687823789605
SC_RS18210	20.376731458218313	1306.3935411746504	2413.6433875940997
SC_RS18215	65.19371675105698	1102.9927207362352	1264.8911720104456
SC_RS18220	22.052558040854404	4724.711195581521	2717.92930785722
SC_RS18225	3.0313725293290874	2610.1338566505037	2019.2267513925312
SC_RS18230	37.442027957275435	5308.608543371067	5995.688778984356
SC_RS18235	70.8156308494568	9745.219738859363	13430.131819039214
SC_RS18240	265.4564979257432	1255.1494297342276	1802.2258603316016
SC_RS18245	481.0530833565222	950.1950854792907	712.3734441326523
SC_RS18250	243.34692974576603	1318.3607045284389	1027.382659457232
SC_RS18255	34.19752904877154	2562.136906088116	1603.0531009823183
SC_RS18260	5.53112526855537	2727.542299282947	1743.4715997190372
SC_RS18265	346.35165043487484	8926.408681180345	11339.317026159777
SC_RS18270	162.34731193745517	8075.980875751662	7832.188274199456
SC_RS18275	104.85686755040618	4946.891484154023	5101.971508974208
SC_RS18280	11.955254661708866	1139.9222954114475	1326.8513199636614
SC_RS18285	22.74726438650426	1235.3881112138456	1553.8889874491051
SC_RS18290	47.33979337269596	2577.5770569503934	2891.614866705158
SC_RS18295	8.250798594681356	3672.237525192484	4459.113479192629
SC_RS18300	4.673775113579071	633.852615109561	608.199223438784
SC_RS18305	4.452421993999799	700.2996985720597	588.6023209201894
SC_RS18310	1.917015285151691	1094.3035993052972	1067.229651458676
SC_RS18315	0.7511856846669673	618.0256768930747	581.4077109721584
SC_RS18320	2.37053292828595	1239.6355649693207	1034.7555659980417
SC_RS18325	1.890385494490473	865.0652655946338	1067.495690178861
SC_RS18330	12.141751250222455	4582.844576806343	4742.591034052204
SC_RS18335	6.929119392595082	2752.4181190075337	3659.3514574013493
SC_RS18340	14.63605426051835	1651.061088177352	1627.3193367998417
SC_RS18345	3.3927568638244074	784.7148693594625	1072.7037432323682
SC_RS18350	1.917015285151691	4010.962820415496	3882.6527175682704
SC_RS18355	10.952866309106732	4972.087961298085	4795.836096816869
SC_RS18360	8.688497851130114	1911.880858076378	2336.0017180530776
SC_RS18370	15.080990470912603	7.335702556103994	68.2489835095876
SC_RS18380	13.582193551608887	17.62947297536265	87.31883174440746
SC_RS18385	21.196995110893216	14.297321880882368	29.370910205690503
SC_RS18395	2.1491798087066787	0.47014661035555416	13.27853720064048
SC_RS18400	3.313222184176294	2.117169261514702	34.73439919713731
SC_RS18405	14.891274124704335	14.382348253722549	72.10255236668621
SC_RS18410	17.39102686393062	1.2878621772483332	19.333000334722612
SC_RS18415	310.3901786910791	143.9173278715201	137.58565377216757
SC_RS18420	66.83620738919203	29.82423614193332	45.4704318262719
SC_RS18425	1650.0784737420568	499.24861299142344	237.55170317748374
SC_RS18430	1535.8735969781392	142.30816871155088	107.50329430850081
SC_RS18435	114.694032136541	3.4721160243589946	23.027227193506764
SC_RS18440	62.90351594097529	4.777365477667712	44.05222088497874
SC_RS18445	15.0877846786375	2.1784580884238665	22.623226678546747
SC_RS18450	4.881097071487949	1.2265733503391685	23.171326802982556
SC_RS18455	153.78748685702703	55.77662547478926	58.54370478827519
SC_RS18460	123.57251297232986	61.137900428114655	79.08842623437752
SC_RS18465	3.2120646965767476	7.531160554205077	27.141301894148842
SC_RS18470	12.123702892301242	16.48157572799303	25.478907943517214
SC_RS18480	122.40132169679981	131.53623370557634	121.98354295818461
SC_RS18485	171.24026668113504	167.58613864743398	116.97990298449429
SC_RS18490	213.02104856970493	61.57018354728026	60.8451579724285
SC_RS18495	228.7781662282405	44.87194670314047	110.10859896469685
SC_RS18500	187.59245378428554	19.93352774743426	70.8164655556065
SC_RS18505	14.032136744712927	3.4605245069854047	79.64197387576132
SC_RS18510	17.384232656205725	19.98902081565663	36.64512843824331
SC_RS18515	11.271359720034727	7.291801005255214	24.213911044157154
SC_RS18520	117.84729946897986	56.27630538976263	55.86906622823636
SC_RS18525	437.27449507824304	122.95688273328459	132.94872113994523
SC_RS18530	136.07127666846128	39.45517868159271	159.81346893300767
SC_RS18535	690.3829095823139	89.75874625445599	370.0154882155202
SC_RS18540	3363.394735368945	294.3494838839424	309.26176085800347
SC_RS18545	370.7383199993073	100.08475679795006	42.639242670187834
SC_RS18550	8.706103462830725	351.32669037221353	3304.501420883708
SC_RS18555	25.767825511857634	494.71209820452486	4141.565635199201
SC_RS18560	19.32564776078292	358.2683879930462	3571.4047215914193
SC_RS18565	191.33702376340628	790.6059446168156	1732.3405672918054
SC_RS18570	511.05341027547996	135.64959237203735	145.31747866905795
SC_RS18575	17.947489219679532	56.56536224824807	84.19718726062602
SC_RS18580	61.6854165456271	197.07408513999187	135.79637827614425
SC_RS18585	32.86539313504509	18.053253516223844	34.132283059071476
SC_RS18590	99.1482698722978	60.3530494058809	74.72371020661845
SC_RS18595	61.14279300364575	11.963976105164981	24.092262225267717
SC_RS18600	358.3833080724222	101.08585424362626	69.34531904604965
SC_RS18605	1825.7103549563956	140.4135262341095	306.51016026980216
SC_RS18610	737.3857184399401	202.3019877342812	138.99543072043676
SC_RS18615	901.381149329026	1220.1371669791495	235.6449909299232
SC_RS18620	1527.2965091715337	692.4217617005351	441.00697023082773
SC_RS18625	2356.4306513389593	1044.9264822279872	536.8342380361697
SC_RS18630	2324.822351860729	834.8709753742216	421.34229961938337
SC_RS18635	478.6623601529644	259.9495880498206	155.4301641039783
SC_RS18640	253.0865993482166	707.3358286116235	125.14865849973623
SC_RS18645	308.04110622631185	328.60365636548573	142.14434885705433
SC_RS18650	845.2892136259898	341.5084802025457	238.07027354033767
SC_RS18655	534.7424784254333	217.79388514223933	210.29910234649856
SC_RS18660	4539.374983055449	3067.3757009731285	2258.6491362317465
SC_RS18665	56.66830545547392	42.14713042003708	63.945022246737445
SC_RS18670	138.08552029884675	61.3946472531249	89.57646379275441
SC_RS18675	67.63877737628127	65.41305156292366	84.18024377320398
SC_RS18680	85.02702722873781	62.45196466993958	56.99492566944203
SC_RS18685	340.3450300228982	156.19385608012948	144.013718003226
SC_RS18690	8557.44129042052	2109.9165369055454	1715.8709635614237
SC_RS18695	4815.662714172049	951.7116227388441	791.0644791725965
SC_RS18700	4223.714626613923	1219.3069677665187	1071.2502579368206
SC_RS18705	2624.224670937353	1039.5807212894515	728.1064337689335
SC_RS18710	102.65621538539216	88.51478562805643	89.12660668052627
SC_RS18715	627.2690142701678	1635.4216551291117	374.23356994691443
SC_RS18720	39.02973842752341	7432.86666020037	3941.611665254555
SC_RS18725	381.5813130905866	8536.638565903368	3918.3427894478323
SC_RS18730	317.97541110379535	354.9999902441206	216.87485760116797
SC_RS18735	1352.3511513292478	946.0655178785806	622.3492979782031
SC_RS18740	117.30189891552445	492.4912297070714	1439.2686597263473
SC_RS18745	115.67916956977807	5271.707955614708	14406.470070172834
SC_RS18750	49.99396318084422	197.57518628754468	227.38303005516912
SC_RS18755	238.9214759946303	78.7466548873757	170.46669201109881
SC_RS18760	29.75269870105278	11.406338603323666	83.21862869541785
SC_RS18765	71.00534719566505	26.968339626707188	58.17930348344981
SC_RS18770	314.1900758783253	134.92301114688334	69.36973565356196
SC_RS18780	616.9302299799066	1980.6128793956955	348.9665599169807
SC_RS18785	100.10078074570491	25.855771442642173	17.87621084244484
SC_RS18790	131.7586935414747	96.37612786273834	115.1078974402828
SC_RS18795	31.5645393023541	19.836909857220487	76.2139709526495
SC_RS18800	17.212121921698067	19.831114098533696	42.61386518974183
SC_RS18805	188.96505830244078	247.95632094100984	134.31489174285383
SC_RS18810	27.93461093226492	16.64527820380276	50.73472278941561
SC_RS18815	62.54499667183911	21.60952919202738	55.82280376819696
SC_RS18820	38.35987464751967	132.2068372605639	114.67041581325
SC_RS18825	1137.3610680778454	169.6790158518338	321.80230737051886
SC_RS18830	3052.8839625867436	207.36237201077552	1002.9915707718741
SC_RS18835	88.76133284412121	31.051121702484288	83.97348922494797
SC_RS18840	2999.5750573771397	1204.0989439497644	861.0768753321348
SC_RS18845	577.8115898082511	4475.380010391024	718.2931513762618
SC_RS18850	76.94352473375714	168.75048654022856	67.37655679776815
SC_RS18855	202.27907866853732	587.9910967418164	162.32942621752642
SC_RS18860	265.5475533940381	344.5546633776097	185.68806882773188
SC_RS18865	1506.2473873201554	1113.3038452685053	532.9898091850057
SC_RS18870	600.3350949961703	5023.527873381347	851.6599055438871
SC_RS18875	3018.4748233120413	523.9547495709666	398.35086943291145
SC_RS18880	2299.6822504002616	1558.8115077059022	823.6482478311774
SC_RS18885	975.3975907248633	796.1762490023171	355.6872002968919
SC_RS18890	733.5546272255434	391.4360545366216	172.37993222097367
SC_RS18895	3696.7543432882712	4815.128295110526	2247.075591600683
SC_RS18900	1211.2575942434908	1225.8454190418408	570.9601539939945
SC_RS18905	653.5364843465543	504.06255637324296	261.0325299001021
SC_RS18910	1243.73371682847	1284.2864712674727	582.4851929890076
SC_RS18915	248.12552485085993	136.16974850214027	93.49031190745481
SC_RS18920	36.084694785567336	28.653155859816522	40.93868003282408
SC_RS18925	49.209353497791135	17.868832524312513	42.96670087955737
SC_RS18930	195.82421423458675	63.47697205327907	38.85596273302743
SC_RS18935	159.453105557683	94.13058518871851	61.44129130002291
SC_RS18940	148.11946207736523	167.17943317242134	94.47430813129148
SC_RS18945	27.357323207120718	301.05924867481076	377.2800132873331
SC_RS18950	11.796185302412637	3.0019694140034403	21.836731281437142
SC_RS18955	1910.3165634358515	553.0206163922018	1375.7714021265836
SC_RS18960	301.7845233311768	155.82088187117154	169.14433268567709
SC_RS18965	61.335286361328095	27.219290693030644	70.9756026217947
SC_RS18970	165.83344229469526	846.8319981858588	656.8542212613172
SC_RS18975	75.31193355348287	358.2208429919444	354.0707325880642
SC_RS18980	16.452354804291097	420.969533540327	166.7423107360345
SC_RS18985	393.3911911024668	550.1552065858579	433.12220586866636
SC_RS18990	23796.208616338317	34612.08459290442	22582.577317911124
SC_RS18995	4471.651677259877	922.4641038984746	706.9123827101117
SC_RS19000	5900.527395568893	2058.7348896404974	1323.79802879415
SC_RS19005	161.05063764544772	63.23133214369833	68.78721911759695
SC_RS19010	169.26284291460047	200.85621883990993	112.9510095145929
SC_RS19015	85.81708664072127	31.27000503630459	26.473458981533216
SC_RS19020	26.818466463072415	7.242103695719639	44.8131338695161
SC_RS19025	669.3704314870164	244.76993053509506	284.15023083706814
SC_RS19030	976.3483861870077	286.58323582440227	327.69707257141204
SC_RS19035	506.7899071891323	162.9008808883314	326.2304980655631
SC_RS19040	271.69225545148294	66.7528332673811	151.53971779447846
SC_RS19045	525.5524607308741	130.12239272522868	205.01541671338026
SC_RS19050	350.7768213074274	671.6733360341946	242.7240643002884
SC_RS19055	28.70527750753267	49.24402793837505	23.44843591423139
SC_RS19060	503.476316549283	188.56476787388573	137.3318808230647
SC_RS19065	163.78552426760587	54.58180764674145	73.01028671843277
SC_RS19070	255.29618763830615	83.3837432249529	166.31594479018173
SC_RS19075	538.7644381169299	242.92498536718927	720.5918045188841
SC_RS19080	369.1419980928492	198.66981268436547	136.23188422793163
SC_RS19085	634.3259209410237	311.78356877044376	260.3736661323533
SC_RS19090	298.6986510357485	281.7496462026579	207.06888468509536
SC_RS19095	489.47305332980443	363.29306108678435	232.78108060405503
SC_RS19100	1206.476280177338	829.4092299425063	412.96937016919003
SC_RS19105	811.1393483253102	286.857575480254	233.0338328940079
SC_RS19110	1987.7531028273706	693.0998986299389	399.19647828256296
SC_RS19115	723.1529496510254	267.50774748075816	193.71550627744776
SC_RS19120	110.46733515070683	82.04896046702636	61.63376433237398
SC_RS19125	587.4226609305473	1061.2246719042587	261.56367667879636
SC_RS19130	383.84594818701373	551.3421172659142	148.67892923227666
SC_RS19135	847.7490147975556	448.96354171698823	275.49420946515454
SC_RS19140	836.2263943591706	862.2970691088168	356.9545032328945
SC_RS19145	16235.816890553477	12784.544769859996	8275.398275642652
SC_RS19150	1879.7697438394869	1506.4599835381775	722.5111726851403
SC_RS19155	191.50011031895335	1991.6423407572872	588.2010165894856
SC_RS19160	517.9896785681354	958.6743800761006	456.4694739361875
SC_RS19165	1184.1592276950191	1902.8898922768813	645.8212053421709
SC_RS19170	3665.6725591766385	2661.4272044360987	1081.9241000571046
SC_RS19175	1188.6862654398421	522.4639659304406	374.7066935767527
SC_RS19180	674.3006085991432	312.13440323072064	201.37725704484566
SC_RS19185	54.17757689520824	83.25925556367282	145.6864421192717
SC_RS19190	349.76557112029735	313.18366592498404	398.2230926576407
SC_RS19195	307.54192064813617	118.63720562720319	116.25633310134577
SC_RS19200	52.46574165061478	24.182234516694635	58.432941144962264
SC_RS19205	38.926350968688155	25.6280034110659	101.0989163176245
SC_RS19210	50.747821582967504	28.38759424629006	54.982147211547414
SC_RS19215	97.0744151990856	49.290706218081205	67.08733691966654
SC_RS19220	186.72606321021593	257.9956366621716	147.25433547457908
SC_RS19225	503.27326218594277	2105.726157913586	1028.9530440646693
SC_RS19230	533.311326941458	1234.3098282172232	739.7895990293042
SC_RS19235	319.2565174074351	496.81975834785993	301.94214582033186
SC_RS19240	239.54864119896953	90.12758823827863	50.978495934501595
SC_RS19245	7.923281004792752	0.8848001524887386	26.95760307453842
SC_RS19250	62.343036388975555	12.577418885440466	74.44203894998122
SC_RS19255	12.120483134606564	1.7638045462906822	6.0575947560680214
SC_RS19265	10.680040833220133	0.8293070842663688	14.421204841677755
SC_RS19270	19.145398339755864	2.1784580884238665	14.385622625088605
SC_RS19275	29.773524070448065	11.698414491638522	17.66094679979075
SC_RS19280	156.35711500281738	104.19960660623032	97.24467287793084
SC_RS19285	150.50947589625196	108.98918802169521	108.68488072023938
SC_RS19290	286.8211438286727	129.10873455829073	131.8088449011772
SC_RS19295	1014.3947025925568	208.94817574426526	348.6180512291695
SC_RS19300	117.066264235957	42.05408607083656	73.70269138447061
SC_RS19305	65.06458499400172	60.43117099766661	126.30908935670053
SC_RS19310	9.80285509530751	9.011704000697115	50.878617466765164
SC_RS19315	16.10678885648128	5.583489527186901	61.3768597612852
SC_RS19320	35.30687931023915	19.375890245592945	74.39645692937516
SC_RS19325	99.29509529493876	77.2255411300761	69.4900990949588
SC_RS19330	20.725871856058344	6.716464017141715	34.04621645677119
SC_RS19335	23.517488215551406	39.064262685390545	42.8522006761993
SC_RS19340	174.6290063487086	177.43953806192692	196.020365660249
SC_RS19345	121.24872581942934	132.92595502054138	198.9408883282097
SC_RS19350	6.110642964935285	7.875952781884924	13.546191659715326
SC_RS19355	32.35817316436779	43.590122585550965	51.402360769905
SC_RS19360	173.70034825448866	102.95262695000135	122.5860091742866
SC_RS19365	7.756619999215486	17.191636398482284	19.938928534207683
SC_RS19370	28.939229256102767	53.83450790548585	41.279064736070175
SC_RS19375	106.01491315670704	166.01858891140026	93.43192882224314
SC_RS19380	9.207519012242093	16.190054350862013	25.999859844387842
SC_RS19385	49.44295055402569	51.53593668188923	86.51204644744419
SC_RS19390	13.81936505787366	13.272556798514916	66.96500766134376
SC_RS19395	12.577220535435501	15.85074567165716	52.16974193054038
SC_RS19400	23.592015912489735	15.900442981192734	57.85803301667794
SC_RS19405	37.10325621719051	47.675681390185446	132.5064921520368
SC_RS19410	92.80447259734858	89.52549467440471	97.16630004300484
SC_RS19415	36.62310878339503	20.117394228161753	50.52979877049511
SC_RS19420	22.490257297303163	7.817440683833138	52.643000847969084
SC_RS19425	58.6612809702435	13.82137951184002	101.7775846196003
SC_RS19430	6.615632964376871	4.003551461623713	34.77958121181037
SC_RS19435	29.20124332801365	26.97437768636602	95.22339478395764
SC_RS19440	38.95298075934937	15.220227825533092	55.50398448397763
SC_RS19445	12.728063154327264	8.121108089521583	43.02841066056168
SC_RS19450	20.408368231589314	13.625921513738934	67.73905207188392
SC_RS19465	5.945769184373127	31.704822583355536	103.50182363882668
SC_RS19470	13.089447488822584	13.789069478364828	17.308111109975215
SC_RS19475	246.00074486157877	88.85076306722006	89.58891477932386
SC_RS19480	254.85348139914763	76.37273880085074	123.87841901555443
SC_RS19485	12.05641214930841	14.875677898825284	35.124928066377855
SC_RS19490	38.003497295734135	38.12095043485002	72.58404034501264
SC_RS19495	164.6120350877673	105.76160288454929	118.56045225849735
SC_RS19500	205.56379578315222	96.57436258969682	135.19622795500436
SC_RS19505	97.76009736577485	46.34089863225891	75.34576616650178
SC_RS19510	178.71066513691693	53.76988783853547	84.33026640693488
SC_RS19515	150.9164401119036	86.9141989556314	101.78261241397632
SC_RS19520	436.82785969671875	223.80337742796098	286.06573115717
SC_RS19525	275.5399624911212	143.24544290243256	135.86631711804628
SC_RS19530	259.3342461182761	98.14874719754523	110.73486699193242
SC_RS19535	75.79029376226323	47.40432401797219	74.7130201048487
SC_RS19540	175.23488719729926	83.41636546863988	120.16290717124386
SC_RS19545	189.39651039140298	80.57421277922111	146.32754667257464
SC_RS19550	402.5824327416701	230.67219470451087	174.35801383383875
SC_RS19555	261.4159428360871	99.70248319853184	138.40774124418584
SC_RS19560	449.44689331537757	492.5063248562185	477.7521222827174
SC_RS19565	484.5563765792423	151.3789393214836	101.29650250404516
SC_RS19570	23.712566236805	13.012478733463452	28.358265590350307
SC_RS19575	9.521005440460304	4.631604789102203	24.470680327655494
SC_RS19580	11.314250643602051	8.579663182503547	32.16386103050664
SC_RS19585	73.3618489622806	43.65141141246013	72.79032524279984
SC_RS19590	25.257828529706256	10.118476426075333	57.39845067709496
SC_RS19595	5.086631804381718	2.1784580884238665	43.2252409061749
SC_RS19600	57.525655610450215	74.43943602006354	166.1625199592841
SC_RS19605	131.8410052325969	62.49586622078836	112.74091255538646
SC_RS19610	59.33471920027747	45.99055294686431	81.43315540249428
SC_RS19615	32.8445677656498	21.040300172812476	42.41261794465014
SC_RS19620	152.56921135390868	153.98832920573338	188.8134997994553
SC_RS19625	124.49823171064301	70.11729439533659	137.4212839794771
SC_RS19630	58.5681578751456	37.58316472771467	52.55414284339958
SC_RS19635	56.48225161318093	67.86595596262995	103.61938581963481
SC_RS19640	42.42750227405761	36.800778224126496	65.48508693904628
SC_RS19645	65.18835507601166	62.28524316430043	97.52852474193975
SC_RS19650	348.8622145780768	213.44221021289457	176.68818105255016
SC_RS19655	90.2961384253823	62.463556187313166	125.28296323732135
SC_RS19660	49.17226699548975	41.25986574890276	96.44885811623767
SC_RS19665	66.16848552653893	91.09408352356634	75.26371655774697
SC_RS19670	3.7825582139960545	2.9348848284074807	48.029744597609394
SC_RS19675	20.594864820102902	4.698689374698163	87.22125931331365
SC_RS19685	2.717886101110877	2.9464763457810705	39.92977197752902
SC_RS19690	15.188942166237045	6.21431958352277	78.06938308747512
SC_RS19695	10.488537261996756	3.0077651726902355	74.54653934932237
SC_RS19700	5.309772148976099	4.456310795918883	24.359916684342565
SC_RS19705	39.84419765893239	16.441005417185465	98.90047322319352
SC_RS19710	14.462599047216187	14.694588146955166	52.604967448827395
SC_RS19715	5.839604714063794	6.771957085364085	34.34067891969455
SC_RS19720	19.575860642259126	16.560806342146414	54.465417236348515
SC_RS19725	27.123371458550622	103.4635861721365	91.70768980301676
SC_RS19730	19.641364160236844	29.02088882127151	44.171213589189385
SC_RS19735	7.93230518375336	12.93657935935128	66.85424401803083
SC_RS19740	8.532648249528563	3.45472874829861	43.53779694642245
SC_RS19750	19.79399400414372	13.313127109322478	76.15246610377145
SC_RS19760	10.233317397810769	4.456310795918883	88.98455239083174
SC_RS19770	11.043212392730561	4.593498996940218	62.12948389870852
SC_RS19775	7.589958993638218	4.698689374698163	38.550274874810896
SC_RS19780	0	1.8192976145130522	52.24546850910709
SC_RS19785	0.3880141251565383	8.188192675117541	30.885527773017532
SC_RS19790	2.329871975954339	1.2878621772483332	40.95603338449861
SC_RS19795	23.710779011789892	43.8703646555202	149.869038998214
SC_RS19800	192.5906147839436	87.51899933912296	187.78800419161263
SC_RS19805	39.56413522910029	20.053086371423174	24.56429555142015
SC_RS19810	424.8584858194544	900.1839711514597	473.90043973968943
SC_RS19815	117.70011935400336	271.3860144689459	108.77073253209392
SC_RS19820	500.68077104742423	1284.9463915354077	525.5101159248511
SC_RS19825	7.8361546788636	5.522200700277737	16.980517613015248
SC_RS19835	48.59641180302511	190.3954846140401	180.63257373114422
SC_RS19840	1524.708093279681	317.5305184724683	205.54582326642486
SC_RS19845	8848.45250561871	3103.779327932489	1711.4909040699745
SC_RS19850	4587.729085985062	4549.840663227541	1449.1072450251575
SC_RS19855	130.53836417489077	593.7945418790003	169.82359606739266
SC_RS19860	1323.7281530325718	884.6681638058383	496.5510392905666
SC_RS19865	922.2105872284851	1091.9997169249577	259.55272875023724
SC_RS19870	59.7137091464734	777.9445058984101	548.6250353178675
SC_RS19875	1705.0376466738635	4483.373779374069	2071.3230952814342
SC_RS19880	2463.0747073163984	7330.371496161619	3680.1516211740554
SC_RS19885	502.5083257413933	303.2800472630244	426.64136693041195
SC_RS19890	82.8421934504093	33.10065186721919	37.39604161876377
SC_RS19895	26.8307103997277	22.807123748932575	54.544130290991184
SC_RS19905	12.184199427569176	18.99601125558053	43.58896177156694
SC_RS19910	11.397359773280384	9.155000170617045	48.510757068628706
SC_RS19915	11.487705856904213	22.865635846984365	78.44181837939148
SC_RS19920	24.774018591995503	59.07924326465174	99.68261140704095
SC_RS19925	563.5480859785393	299.93582004922644	171.49967645418948
SC_RS19930	1279.0240964142972	534.1489529794218	373.7400467031094
SC_RS19935	128.53645253504567	205.87207714513187	184.70248707626328
SC_RS19940	47.98302736203848	77.47586777597596	115.58598322144248
SC_RS19945	197.8877002500438	160.20257888001638	388.7139677439893
SC_RS19950	1035.9310882975255	1008.5504869116589	783.2932344242205
SC_RS19955	3406.338194480737	475.6371312090157	323.6433467729076
SC_RS19960	1232.777422173633	561.8113872331373	188.98528878285796
SC_RS19965	551.9612902608386	312.56522837111584	172.63104905539777
SC_RS19970	44.43843809286334	80.0414218456785	148.56429374132819
SC_RS19975	792.0592449154966	781.878857212195	412.87752568854455
SC_RS19980	757.6764014125732	720.1258462973152	414.26730302877996
SC_RS19985	1569.7008055673398	1616.2514056852287	673.6753771593791
SC_RS19990	2547.2051116834305	2165.629298796207	985.0898900133935
SC_RS19995	794.7422907256745	333.38442299243445	176.0448900350373
SC_RS20000	392.16451027437864	115.15318587525881	116.60448121650197
SC_RS20005	927.33313716414375	381.6174296742494	229.65012661400954
SC_RS20010	2336.0988484276413	1419.0492593429435	496.81201663993596
SC_RS20015	55.43017812928658	18.49109009310421	15.69341014278551
SC_RS20020	1039.2951477438858	1230.6052532520307	767.1595071810744
SC_RS20025	551.0981356845963	2681.822220295148	1830.5093583609619
SC_RS20030	131.59579933383048	10685.12827250396	6476.8741692205285
SC_RS20035	2701.265971056582	2253.651202045118	725.5487505962865
SC_RS20040	1541.594897579256	915.3658224835442	275.2672346615807
SC_RS20045	741.2442068800839	532.4995682921095	321.0169463481536
SC_RS20050	51.8847914215553	25.490815210044566	62.613277913677564
SC_RS20055	9.34933745217325	4.003551461623713	8.716105555708596
SC_RS20060	57.1715082299004	15.795252603434788	42.53181558098703
SC_RS20065	431.14008738800567	251.913818543351	152.307849039083
SC_RS20070	4.260918422776423	1.3549467628442928	41.788451021930946
SC_RS20075	13.3730843686849	11.704210250325316	71.84122093779948
SC_RS20080	77.71088349744515	67.6150048963065	129.10427657362345
SC_RS20085	51.428054020726364	58.77804037760887	106.35872063675392
SC_RS20095	31.041943691211905	22.19343866768505	69.88102797013235
SC_RS20100	21.244893017170327	12.557254880522702	87.81997911105103
SC_RS20105	2.9658690113513666	5.638982595409272	50.227787686107384
SC_RS20110	20.291392357304264	7.683271512641219	68.88260508448079
SC_RS20115	13.21544754206824	6.109129205764826	40.62912032697199
SC_RS20120	43.48315020798218	27.712862639105413	54.16463174323706
SC_RS20125	21.896708439252855	9.896504153185855	54.98950075920503
SC_RS20130	59.974733431925316	21.927877054158596	61.008381676698015
SC_RS20135	89.76451863527949	20.2222723957079	53.43915582937892
SC_RS20140	312.2101417387671	58.027721606523855	65.67612944799484
SC_RS20145	1042.8327829376985	25.008522571131582	75.46850528907706
SC_RS20150	122.7130209000029	30.837409706927183	112.25581744776703
SC_RS20155	32.85458173106937	13.351232901484465	28.70517825591074
SC_RS20160	115.25263640964056	62.83128914876816	64.12170773840691
SC_RS20165	1043.6480533710012	328.18351927487754	184.54859259489683
SC_RS20170	3496.3245316117946	462.15002468365867	180.94724073422765
SC_RS20175	4830.230811608335	591.7983808743686	188.04680493509153
SC_RS20180	381.1976128036015	246.0055609749225	266.54958301151817
SC_RS20185	1288.1869510412944	1975.1371263827136	675.7877733681487
SC_RS20190	1705.7113190620826	634.1325407963802	510.31535203825985
SC_RS20195	1442.7181687109905	650.7309393386339	484.5398706689834
SC_RS20200	893.8308752645979	403.19426671335003	321.84088006466516
SC_RS20205	2189.879829576994	1319.5884935565764	516.4619400864879
SC_RS20210	4426.4761289310945	4791.108518991528	1908.6248837532853
SC_RS20215	201.21476124798767	411.0013647206568	144.73556707115216
SC_RS20220	621.5178803608277	1405.4396818191988	709.8520097562271
SC_RS20225	1346.7505028696685	3076.5853689994974	1417.757708054759
SC_RS20230	1356.5981984579912	1287.5610101483458	555.5053881270676
SC_RS20235	102.56889671156019	410.6582401994666	233.99607848333056
SC_RS20240	2182.0713737193882	695.4585797488372	1141.5716088641516
SC_RS20245	519.8369807911558	873.5585878271485	553.393361712973
SC_RS20250	167.21651976462337	50.87644004233119	64.80513325957789
SC_RS20255	311.5704079089071	105.03415493799965	184.17990957818336
SC_RS20260	159.61484763443556	99.60610760929009	112.41815177899575
SC_RS20265	285.4302986046934	91.09908247009727	104.9774527909166
SC_RS20270	42.481751641839004	4.003551461623713	9.796723196024882
SC_RS20275	545.3265310981965	87.13332459042374	69.93056719806756
SC_RS20280	5491.618175403338	3171.5144832999554	735.253810525672
SC_RS20285	60.46533757736097	18.216401480849736	83.15147139746554
SC_RS20290	223.7923372191228	88.90379161679687	68.69447940707238
SC_RS20295	226.53407609942082	92.67981734781632	67.55882509397605
SC_RS20300	37.57982920095577	11.698414491638522	54.70136132646977
SC_RS20305	59.005414385373754	18.86184208438861	88.56878132873561
SC_RS20310	14.992431612303882	4.412409245070103	29.190547940192214
SC_RS20315	148.77485194947798	46.52833865399967	94.21121581760504
SC_RS20320	183.43814257803905	106.6229777013188	127.92602671599703
SC_RS20325	72.03293280624884	66.84452212030372	63.98815308479096
SC_RS20330	78.28861396880995	87.4668375109418	71.45395897813523
SC_RS20335	214.2790114788286	134.64911934678474	142.0816282752195
SC_RS20340	46.66214559850835	45.96157415343034	52.34765301348614
SC_RS20345	202.48595788022558	102.23486051336356	121.58254863593953
SC_RS20350	9.076511976286652	10.238277351036283	61.548788033759536
SC_RS20355	84.37262714308402	11.54685804438622	63.882836958426026
SC_RS20360	463.3298123217811	42.103783380372136	87.73683919861038
SC_RS20365	384.894623328648	168.1230576331737	264.83527415177286
SC_RS20370	354.5967164220426	186.14702014575178	198.3732542447277
SC_RS20375	1298.7363557710273	962.3092293723812	498.6805503424449
SC_RS20380	132.79048869621212	92.18291416170034	143.38015621454915
SC_RS20385	6536.1888045223	3153.8810268536095	1257.537516849058
SC_RS20390	1439.3818449425805	464.42361369341523	164.21382296209103
SC_RS20395	495.5424883021698	317.5496433642582	137.31534319841393
SC_RS20400	201.86408006038403	816.726308469096	575.8375075020328
SC_RS20405	41.039876807773005	132.18993458644758	108.66419081445271
SC_RS20410	21.98026031515179	28.060431595642637	84.86993253834673
SC_RS20415	34.08591484953182	404.84864617425495	295.3240098115781
SC_RS20420	68.70130757181579	306.4257648756391	415.1126413032506
SC_RS20425	116.98458763895825	12.443249714248546	82.28340189890824
SC_RS20430	336.93610008005277	238.87888785099466	137.53537431858268
SC_RS20435	2007.2099755421614	3475.1812865235283	1495.4577480390255
SC_RS20440	153.65380710361526	444.9902178896457	439.3049271421646
SC_RS20445	2862.8993623962374	5608.90239736983	1880.276248755035
SC_RS20450	662.4302365287904	14242.561491181932	5918.586551215523
SC_RS20455	629.6480243371759	518.8790935806546	234.53967624859428
SC_RS20460	237.18203741304936	164.78812980983602	121.78760794245046
SC_RS20465	376.60505530066786	248.91733267782254	222.10826378070138
SC_RS20470	761.7033380833094	479.2734716471155	217.66195793633682
SC_RS20475	1163.6150377926674	412.6978423803795	344.74664951160804
SC_RS20480	8807.297636999785	2861.644530151245	2624.0667652992083
SC_RS20485	5719.8843764199455	2879.4900356493927	1899.5720773440555
SC_RS20490	19886.831957636055	10023.86899739912	8880.535398030162
SC_RS20495	91.97339754069796	20.006408091717013	83.06262325121553
SC_RS20500	2896.440066563421	825.9285781767941	512.3931768312709
SC_RS20505	170.80479739592198	25.94024330429852	90.23485205319604
SC_RS20510	217.50546202941132	216.16400746616856	216.475138798096
SC_RS20515	2631.5880194303845	1813.3304198625117	1507.7402392542506
SC_RS20520	900.303936637565	419.89659903643417	154.67318861013112
SC_RS20525	2047.9756430617665	849.2001925958749	357.26358743143953
SC_RS20530	3.3041980052156865	0.8848001524887386	24.894885382775577
SC_RS20535	78.95025100840924	48.84343043226103	152.46440949344776
SC_RS20540	49.62221018859379	16.817553167156664	81.77163407503075
SC_RS20545	52.80263811179953	19.863424132008884	118.24953167377856
SC_RS20550	20.973854766298835	11.610611389940962	36.84229890357321
SC_RS20555	67.64422710521166	55.90166764725317	131.70203846519343
SC_RS20560	41.56792214784559	27.893952390975528	51.624773428090464
SC_RS20565	88.52773578788666	65.34263573728649	83.35864166681235
SC_RS20570	51.590697830052804	39.13079275980267	71.8590497967811
SC_RS20575	47.65773974338559	37.67065561920043	103.45828293652066
SC_RS20580	110.77179739996444	43.67212992856173	51.59075702249425
SC_RS20585	53.538005409781	16.376385350235083	50.986249488092206
SC_RS20590	24.745601576319174	10.062983357852964	76.31895671761725
SC_RS20595	11.810216464083032	1.2323691090259634	32.989955637750874
SC_RS20600	122.43840819910119	151.83194095675083	184.83176001799117
SC_RS20605	12.609300055027107	14.513498395085053	31.898452821858083
SC_RS20610	13.273714106100464	17.08644602072434	74.43883768345951
SC_RS20615	49.55090224935014	44.095043748027294	55.533038738252436
SC_RS20620	76.98820288233958	59.0035861915116	98.01246390281871
SC_RS20625	35.89140398932884	66.2189333114708	81.9278444513593
SC_RS20630	8.992960100387716	12.720402845148595	18.06147547304821
SC_RS20635	5.7741011960860735	11.631329906042563	27.372488765074944
SC_RS20645	33.76563421358871	56.50653793998448	84.05329258327647
SC_RS20650	84.49353215973483	67.89024801974482	48.76207883517905
SC_RS20655	199.8503834702369	46.527784142815825	64.75798542797888
SC_RS20660	67.8213448224291	36.04133245431347	53.119596319509924
SC_RS20665	86.67801124572779	30.72673578069424	76.56401524019583
SC_RS20670	46.176193743446944	14.986664035270023	46.01730635943144
SC_RS20675	49.995203365620974	21.577531368763992	53.53991966867495
SC_RS20680	66.9056400495355	25.81766565048019	58.795231486951785
SC_RS20685	2942.1988762931624	323.5382731424605	496.63439985029123
SC_RS20690	165.0910303906711	27.394826987186	65.85173449429797
SC_RS20695	2085.8423426636164	232.79824866378155	511.34925328322566
SC_RS20700	179.85388214299127	51.165184690604825	81.95192669599321
SC_RS20705	176.15523049722967	1027.05226505455	1325.3562107819032
SC_RS20710	475.68737890876736	299.8436424214216	232.28639155519
SC_RS20715	34.006380169883705	19.653043376492995	53.38268863319636
SC_RS20720	100.76805986213742	39.22439162018702	122.3217609138597
SC_RS20725	51.23699319572359	18.91733515261098	96.7984965410127
SC_RS20730	18.49635992914741	6.859760187061645	11.520281775817903
SC_RS20735	112.22189897443491	54.18238907223487	59.318634570374954
SC_RS20740	86.20787777735188	47.649167115397056	40.09204066570311
SC_RS20745	517.6433894723172	99.68287370479791	97.01042402955466
SC_RS20750	696.8245265298128	223.43508995532216	38.57497191582354
SC_RS20755	584.7394527759368	76.90639645578901	127.22069555608263
SC_RS20760	50.24382136998488	51.86032260367928	66.22109795044476
SC_RS20765	725.0149181298395	306.4635584575893	203.08114637800205
SC_RS20770	289.9775266247884	54.08816579142692	64.2938409430075
SC_RS20775	199.08139982596649	120.81535150541526	95.82047912616625
SC_RS20780	161.33089242318263	41.82909476811766	82.98321989882002
SC_RS20785	42413.942971561526	5248.721423193829	5995.757963049743
SC_RS20790	3687.4600034017676	600.2426427365857	489.60434491043793
SC_RS20795	860.2531401687322	148.5539316071532	123.36352542652932
SC_RS20800	505.31763576647205	80.4753726713338	58.52982327830323
SC_RS20805	450.0974685526833	37.550854694239476	50.35589482277535
SC_RS20810	85.5324599744	24.57370502408064	35.0807069246385
SC_RS20815	128.27801291316499	36.04435148414289	59.18085799108726
SC_RS20820	70.56041098527079	19.135976185459242	27.308532733644338
SC_RS20825	58.86761314169342	23.233126507467315	66.56223273766001
SC_RS20830	116.41811131778975	70.3221216931377	86.71146316320038
SC_RS20835	106.23984072631653	61.435772075116304	72.37034211335148
SC_RS20840	22.417516825379945	18.774038982691053	41.59039518504146
SC_RS20845	15.96675764156523	15.407113336090003	29.904653312847252
SC_RS20850	16.765841232509306	16.253807696416754	41.25559328633379
SC_RS20855	20.031165510408492	28.80169327723941	77.78274967951648
SC_RS20860	172.74585780816363	24.097762655038288	98.92639585548243
SC_RS20865	21540.441140949988	2004.4190044927036	4346.831634964531
SC_RS20870	223.41145575389402	69.68858481718422	123.97844262920077
SC_RS20875	162.93040408386528	107.50586784634581	141.44446521408793
SC_RS20885	7.13644135050396	2.581520113183461	45.76332847820231
SC_RS20890	42.71793336164482	24.097762655038288	139.98325286549337
SC_RS20895	64.54913828291996	24.787104809425944	145.92742786356968
SC_RS20900	36.578873381033205	12.069166482922926	57.126174286415385
SC_RS20905	123.04276846112722	61.30771087282297	56.0564418216756
SC_RS20910	396.35785755237436	185.43203043797135	111.06172026324272
SC_RS20915	55.985843046479346	14.519294153771847	72.34530485262216
SC_RS20920	16.65744679096426	11.934997311731006	62.25936177849568
SC_RS20925	190.76295579595677	34.245772385731435	73.66377261376932
SC_RS20930	512.1380222653191	202.08699015168594	171.46422952519077
SC_RS20935	655.5447312077711	800.2000302051603	628.0705946691063
SC_RS20940	983.7662344461382	275.2259701101906	202.95024783906487
SC_RS20945	3263.3519013951036	1017.8971653947865	746.7708411070713
SC_RS20950	1195.982042788093	326.37605547871016	192.36988043441593
SC_RS20955	3357.3039441701844	2178.189990982406	851.1702344310787
SC_RS20960	1581.2101642356656	529.401605408316	263.9083362023773
SC_RS20965	2010.107329865876	411.74675445445064	228.36913724184166
SC_RS20970	193.83320205260236	13.838766787900402	73.78630680421836
SC_RS20975	191.04570718337789	16.817553167156664	111.49926167649183
SC_RS20980	53.57286194084668	7.834827959893523	73.30059690022021
SC_RS20985	153.65647982107157	22.459554792395352	78.90419212124367
SC_RS20990	88.78430013086714	14.621707802672413	71.29434640463992
SC_RS20995	56.27850410530227	8.071410779986007	94.96819131145223
SC_RS21000	23.344387694584785	12.749693848794369	51.25860138014588
SC_RS21005	30.540528141800532	14.84614459420747	71.96654653051772
SC_RS21010	77.03100575202184	11.172774813060597	79.1817012384255
SC_RS21015	178.62943128613878	43.09099718176144	79.64441519999437
SC_RS21020	56.22202476628515	102.82918257478738	206.56480077027265
SC_RS21025	45.456644832150985	19.00760277295412	78.70117413303278
SC_RS21030	168.18155497647362	192.70526523555873	110.40279670927765
SC_RS21035	18.078496255634974	9.829419567589895	11.67628722002022
SC_RS21040	364.80610922691386	189.23679266145274	100.96998945245156
SC_RS21045	58.52705417659339	29.213882300727015	82.76129260626115
SC_RS21050	23.177726689007518	15.830893876951198	35.056350103342524
SC_RS21055	18.28403098852874	36.55839964534722	56.18495882259606
SC_RS21060	14.322567832300138	57.28836993238882	32.06255203936769
SC_RS21065	57.185539391570785	5268.360382872666	632.4122293947426
SC_RS21070	169.8721221054512	24427.11335560372	2524.4809944448816
SC_RS21075	1348.5766112676206	448.5647843090962	195.3789208872294
SC_RS21080	4582.151966136074	2050.3753953788523	795.5905470866545
SC_RS21085	1016.1055480506913	170.6557471582172	346.90477288689374
SC_RS21090	219.31185290178223	53.67660118836291	85.89156215539211
SC_RS21095	2212.496694494991	524.8112652596847	414.79111197497446
SC_RS21100	5462.599736156452	2081.381231044099	682.3717379670768
SC_RS21105	175.4962661750867	95.62605139262536	163.528775845192
SC_RS21110	30.62408001769947	14.589397769197223	67.06229965893722
SC_RS21115	149.9720516848832	131.86912220567078	98.99347365057942
SC_RS21120	367.27090114105675	262.6277959624576	183.32611173721156
SC_RS21125	6684.158281369376	279.63407473839317	1191.7272015996114
SC_RS21130	759.5429041244064	293.0720017192075	185.74350550644493
SC_RS21135	176.86460309867334	86.24297098022025	85.55627489105784
SC_RS21140	87.54036838341388	25.002969113416828	40.24015726872439
SC_RS21145	71.65171288881719	21.09301651217747	63.200637028531325
SC_RS21150	25.548259617293468	17.641064492736238	34.931024510624276
SC_RS21155	115.20438381102791	113.37230626311955	116.45017687088301
SC_RS21160	584.6812024520372	828.2673008455557	354.9909835694348
SC_RS21165	251.58512971145657	480.8474783084506	205.2771481482
SC_RS21170	244.07380366489255	421.35826406504657	339.1580359625619
SC_RS21175	279.01241637902643	487.60634856168366	370.62791665771823
SC_RS21180	644.3494360113721	790.3253945095728	249.40154426718755
SC_RS21185	73.6098318725211	25.33259628270983	27.06244369359625
SC_RS21190	185.98882063333429	69.59474365582784	91.85131390518545
SC_RS21195	170.47568492892108	1441.0910384910876	163.7700281631896
SC_RS21200	2640.52997744736	1389.750107188812	1082.3218866196903
SC_RS21205	1628.7338695333037	889.6026054356281	730.871155924818
SC_RS21210	2179.381102241807	1152.5704778993359	889.255509024317
SC_RS21215	78.3576919368179	158.22408896134226	159.51593063283357
SC_RS21220	111.26160410684393	86.54393156629108	256.8953896124949
SC_RS21225	5073.023558153362	1728.5534842640732	830.2931163424056
SC_RS21230	3133.912982243599	523.0832044694029	728.6902113279715
SC_RS21235	3296.2509389233824	2182.4895578908527	1233.2800191761792
SC_RS21240	603.4331369377062	725.2932942128383	224.3839296201562
SC_RS21245	738.1258841325958	1351.1355818145414	347.89712760238024
SC_RS21250	206.6976339179304	57.40348412103065	124.4559136139817
SC_RS21255	109.69587113688294	74.60591522473065	89.69913327079387
SC_RS21260	386.30540842958135	546.895557889147	213.83091537119867
SC_RS21265	231.6981006661	312.66868530608247	171.71514542896983
SC_RS21270	229.24803305816596	399.0358974736726	134.8193060190737
SC_RS21275	351.517742628357	2489.584406189549	321.8827353835456
SC_RS21280	438.4587577324546	2148.6005591257062	336.00627649577825
SC_RS21285	267.63517259047023	2386.155971926251	249.36815837312787
SC_RS21290	168.43311233674433	159.25409529121265	73.2067767443293
SC_RS21295	99.48382185468806	316.31480973658665	149.20296282723638
SC_RS21300	367.9547080288458	1492.790291946193	530.2216946902738
SC_RS21305	193.5363314496258	3282.104525922473	644.852801585209
SC_RS21310	358.60779289581103	436.62229095893593	125.07900009133455
SC_RS21315	538.6277890041413	345.5862633317919	208.86517350905964
SC_RS21320	453.7887071367293	199.78342415449663	120.64718655183948
SC_RS21325	1133.1476628655405	506.6461588856205	218.6555539582574
SC_RS21330	1355.7060080120818	710.7606051896618	367.3727372369598
SC_RS21335	185.0744603392352	198.27692094440002	168.83035012350823
SC_RS21340	103.4348282992765	40.745817587698426	86.23997498889088
SC_RS21345	20.21686466036594	6.231706859583155	21.77658731142577
SC_RS21350	4723.628828962724	897.8072125997758	748.1239597868324
SC_RS21355	1690.6331218427767	430.54533196816675	265.42670018806893
SC_RS21360	4654.133783234877	1639.4019330025144	902.7935412676704
SC_RS21365	1775.0684754923645	899.4099883268256	516.9470891234853
SC_RS21370	2207.4033565367695	1169.7833837419612	658.0689886349892
SC_RS21375	5420.152033756836	5455.407204183437	2488.088215508235
SC_RS21380	569.6541647069854	444.44261085411904	219.76876733908688
SC_RS21385	520.4970229536427	725.2403723186922	424.59988029479746
SC_RS21390	828.7395424225798	890.6429141126918	602.6435378470053
SC_RS21395	275.17829775483796	351.2327793016174	209.4752441313611
SC_RS21400	646.8061054791282	207.24527790543218	141.53739014009975
SC_RS21405	645.5787015030315	327.2991012418404	162.06224726575866
SC_RS21410	392.2470723638186	261.38560552504026	198.95509034125934
SC_RS21415	147.54360688490058	169.5472412900477	114.06101577206238
SC_RS21420	692.433057580639	535.2158819969086	369.13364877646114
SC_RS21425	1764.8164608791717	2171.406446552606	749.2434863395305
SC_RS21430	18.797602420710334	2.1726623297370717	19.84708405356222
SC_RS21435	368.6373465456105	352.2615000444497	193.45852220350366
SC_RS21440	406.5050221705822	299.44540695146065	238.49672484588405
SC_RS21445	289.3943464244933	228.28026692150195	237.99007017607613
SC_RS21450	210.42808468149568	231.65552275467513	88.48543648416873
SC_RS21455	13.362272964709184	16.861454718005444	32.33946607680977
SC_RS21460	205.41160868546595	128.93923632379423	105.7276855320037
SC_RS21465	466.5906466537387	170.77468136178254	109.46368234997469
SC_RS21470	97.8364122877283	141.08016995569403	274.2365661134521
SC_RS21475	23.94294353534488	120.49540584603412	281.10964087636876
SC_RS21480	114.37178816781265	44.94260482974968	78.5194411303483
SC_RS21485	4208.64827435186	3401.166246529077	1678.2777634817735
SC_RS21490	574.0568297559406	1680.3113060812589	811.181772725061
SC_RS21495	33.921483815190264	82.16272333232848	79.30314512518869
SC_RS21500	45.62151861271314	31.275558494019347	19.370488582021384
SC_RS21505	1758.6939143863092	982.3713070969911	378.80014401466275
SC_RS21510	8016.6885437016235	6726.521441776682	2322.575668896708
SC_RS21515	14597.201270138603	6594.329761228629	3477.8761454349115
SC_RS21520	602.7074289128087	98.54570125340625	94.1321625432457
SC_RS21525	3025.1329482205724	384.54016847409946	219.86354836791148
SC_RS21530	6746.994889363533	2300.4041588180576	511.2781230627864
SC_RS21535	7496.985584690312	5708.999206649518	1998.8057934388682
SC_RS21540	893.5155878480272	203.76920622060837	263.1155217765608
SC_RS21545	4281.562294511712	735.9291951322265	398.8102369820487
SC_RS21550	1547.8836942914706	330.28774569567895	150.57530145610363
SC_RS21555	1866.3307432100737	755.8996413943389	373.1379108484045
SC_RS21560	5837.368926402182	2607.6481274456755	1261.3885590222299
SC_RS21565	4652.414356864273	1662.7003045871518	1411.1798313426348
SC_RS21570	460.86676138905057	203.76688152044233	114.13021438831474
SC_RS21575	1854.7490843392502	1265.2114474713346	601.283674559127
SC_RS21580	1995.0461424976343	2152.148920487234	965.3725839838249
SC_RS21585	585.3072735758997	452.5923487806718	294.6682178795989
SC_RS21590	813.3423765658599	2704.044447713646	863.546074932668
SC_RS21595	3535.351027651645	7012.294612223669	1585.9671147303652
SC_RS21600	164.64455735357953	125.28325381870773	112.48306282652177
SC_RS21605	395.03258766012516	208.6382605511987	149.941144587687
SC_RS21610	2870.195538203631	1463.1195216691776	883.5786981934957
SC_RS21615	2432.3183333140937	1353.8811201968886	647.8523519540518
SC_RS21620	1784.9191866836668	725.4156331488267	394.581871011656
SC_RS21625	926.5759547103081	395.5721815451255	180.63161285821053
SC_RS21630	2559.437007339357	298.9706393410875	140.24688632954152
SC_RS21635	290.44766009316436	55.48701410511999	97.91660242862777
SC_RS21640	18194.402437578818	2570.165630405256	2387.5572907723326
SC_RS21645	7859.079675241386	973.5245454772785	871.4411235338281
SC_RS21650	4490.483165142122	2403.9303436315176	1202.026857401499
SC_RS21655	615.5288655605516	453.5725179825271	242.08562571998374
SC_RS21660	1302.423931851158	1413.9681938863346	492.5733007874902
SC_RS21665	1758.3730267031876	1920.6937883510934	642.886250155557
SC_RS21670	82.23282620567349	218.79300267121403	408.7080642370863
SC_RS21675	23787.832960152446	5595.493694697226	2918.2895366264606
SC_RS21680	30729.220141834438	5193.311443851292	2980.478519487544
SC_RS21685	10277.29874974516	2712.575354390188	1473.461601113257
SC_RS21690	25644.827400771155	6334.618671358893	3709.166605992879
SC_RS21695	430.20999676110614	270.8166456312515	287.5484990664718
SC_RS21700	803.577968691781	222.83459001575997	238.92243592578072
SC_RS21705	262.5800895055745	207.16746852385825	139.56422075065925
SC_RS21710	237.52179893959322	294.8753332902396	89.1208885883974
SC_RS21715	417.2615702736586	232.48149859890026	133.91816527269611
SC_RS21720	63.209853469133066	31.72220985941592	76.80785802981762
SC_RS21725	126.34831094513741	69.76972543879936	43.43873420570981
SC_RS21730	343.0651460952448	466.7778178037138	199.65770560027863
SC_RS21735	14.286913862678313	35.70590952633367	136.98033636758004
SC_RS21740	76.52923551027492	70.22248477309452	122.87332302167859
SC_RS21745	1408.4859292354536	700.1061873276113	330.24836121397806
SC_RS21750	523.679221861731	257.71254795410516	104.147816697434
SC_RS21755	299.8146031570382	146.18001552062825	70.63731902306499
SC_RS21760	86.4616651088583	69.27670800390842	44.06990459805044
SC_RS21765	393.632822551203	535.869159839199	967.6244039410876
SC_RS21770	196.1007022143886	172.00569497453057	146.26352099660824
SC_RS21775	60.2363047576156	190.04600565004114	152.5572049887074
SC_RS21780	288.65798934005284	546.8116405386744	235.59295059153865
SC_RS21785	309.9595540441431	158.15631004608292	202.08986625104356
SC_RS21790	445.4196762428534	2317.8414925165453	1170.2629398228294
SC_RS21795	12.897943917599209	10.337671970107435	58.22645131504881
SC_RS21800	3.676393743686723	6.7048724997681255	35.90176387918723
SC_RS21805	198.79553297486845	139.89614683286393	164.12333936031226
SC_RS21815	18.12317440421741	5.113342916831347	76.79853866523406
SC_RS21820	6.654506691693374	5.638982595409272	20.828503665575425
SC_RS21825	29.96502764167144	18.476167335689404	95.241828580998515
SC_RS21830	171.3899571691351	368.1116212956832	274.81092323305523
SC_RS21840	135.20534508074496	144.3055370481046	165.38935106198403
SC_RS21845	441.6339863250478	1063.37300543069	1085.9075822257873
SC_RS21850	2817.626984181364	786.5214290982473	474.8308495307876
SC_RS21855	59.63238724181018	77.9701340517141	305.699642414275
SC_RS21860	1992.7374505834107	1178.306129040521	609.9870086251885
SC_RS21865	20337.99552093789	1815.3912454363651	1972.5759889582791
SC_RS21870	8667.112567376656	332.4440640354217	594.4422858107445
SC_RS21875	10073.235439229275	443.19674439319584	749.951248329059
SC_RS21880	170.7127521411681	42.01296124884516	146.5217904480449
SC_RS21885	50.64765388182692	53.836972424131424	78.17028221436158
SC_RS21890	276.8151763196099	455.38157957594444	276.94371505431053
SC_RS21895	450.069051537007	364.4567519859026	202.49787390122955
SC_RS21900	73.01628301447079	17.66424752748342	33.878985617275696
SC_RS21905	121.32539543371831	36.272361816691195	44.618890094045845
SC_RS21910	29.015544178056203	54.27234448236621	155.09713294838986
SC_RS21915	10.010177053216388	8.226298467279527	62.77820271653044
SC_RS21920	631.8932247866051	458.1638315079847	2268.2952330750395
SC_RS21925	319.0318564762761	234.89511827483716	732.3884493234629
SC_RS21930	424.36023197732277	265.40900878136995	692.9636367739967
SC_RS21935	407.18035191964907	194.216278617304	462.42896682447656
SC_RS21940	1758.2406171380226	654.3654722517646	333.5221950790614
SC_RS21945	4884.116914996049	1966.6928764495149	676.8210283864203
SC_RS21950	996.3916775767162	733.7877953769603	280.4696904144492
SC_RS21955	525.7632528447955	1231.1895450675966	731.6515772949243
SC_RS21960	1207.358723296278	2742.126270745212	1870.3231071761406
SC_RS21965	699.6590338128732	2322.416138353692	1829.7647833430287
SC_RS21970	386.39885621354466	1760.0124989395104	1331.7341059097894
SC_RS21975	1052.1955420275683	14193.833036734604	9435.689617936016
SC_RS21980	2262.5475172773376	11532.656548379024	8581.134026981319
SC_RS21985	79.61431036714706	99.18621281965396	202.1693253881742
SC_RS21990	8451.545061118975	3615.3555219383356	1876.1684419361454
SC_RS21995	410.00573072973106	662.5680989094146	530.0647283731378
SC_RS22000	1839.8636471160771	1298.7933238742282	351.70611938286504
SC_RS22005	602.8839115359027	429.4987026011391	169.61800146735828
SC_RS22010	2925.992773267986	1155.5953808808301	702.0582544310483
SC_RS22015	303.43373636328437	283.3334001102064	887.9465557015602
SC_RS22020	165.0583157769561	95.94408704454477	105.25776316868715
SC_RS22025	1404.2448763990833	793.3519024546013	2134.4822612818607
SC_RS22030	52.87171607980747	32.1691734350243	79.1504762350985
SC_RS22035	239.90600833721405	144.42231894323618	90.39888162616984
SC_RS22040	21.531749654727317	16.58097034706418	13.022448356575488
SC_RS22045	45.16656843689931	249.10119915855003	108.5598953472378
SC_RS22050	184.40790437081122	64.79412523417318	81.43581151717305
SC_RS22065	15.436925076477534	3.880973807805384	19.01642730092958
SC_RS22070	135.44886804851404	40.33140634653728	83.90449554082186
SC_RS22075	5.697786274132637	6.2902189576349405	22.642826280647565
SC_RS22080	95.65792997090408	20.844842174711395	33.960490074187575
SC_RS22085	104.8097670826852	76.44506463394967	54.853289990910284
SC_RS22090	41.76844989802958	186.6406620010663	135.93639124753875
SC_RS22095	11.63131152185048	18.31246485987967	47.22467025754899
SC_RS22105	47.00726880009756	119.90022123615283	102.40786964038135
SC_RS22110	86.60169632377435	1073.5920222443951	264.08884761526673
SC_RS22115	165.62058255397093	122.21475433029218	174.34407253765048
SC_RS22120	52.917384014848864	22.19676990772627	46.98382380232266
SC_RS22125	49.416675455700016	34.86469871448191	94.75346256232157
SC_RS22130	11.40638395224099	65.00450598968906	247.2440455466001
SC_RS22135	119.60310347748468	145.5392574804703	1153.872118791626
SC_RS22140	175.88884453673245	163.28193880995124	313.19989029262575
SC_RS22145	943.5631653025295	268.5283845109285	262.46456256515086
SC_RS22150	403.3620354420134	91.69784479392999	107.17604103125753
SC_RS22155	5129.3762490266045	2867.4385432457734	1507.1180960793167
SC_RS22160	26.664404086485973	72.29630699494427	46.32142840665503
SC_RS22165	49.49442291033303	12.953966635411664	16.420306721726664
SC_RS22175	209.6455426252456	236.50146395975804	290.1474267631017
SC_RS22180	87.71391165060109	63.7575263334601	65.14116074956182
SC_RS22185	2950.8855524824867	1977.0752882915522	770.158251681213
SC_RS22190	499.4902749890635	259.61416512184076	105.78496845521005
SC_RS22195	681.1634132718671	60.194830478546166	104.6242768813844
SC_RS22200	204.83566543911624	66.12533445108646	84.62595446113451
SC_RS22205	97.52133098239779	31.018811669009096	86.66411039947513
SC_RS22210	26.99415164761029	14.151561192316858	45.06779219017857
SC_RS22215	139.20881366809968	60.72047015712409	73.88407430911892
SC_RS22220	43.378772962687954	12.834165710450712	39.74744389510479
SC_RS22225	31.24103890871632	11.502956493537438	96.02234116763668
SC_RS22230	18.588493237786345	8.573867423816752	82.14310849401339
SC_RS22235	26.94768627401275	19.148122214016674	128.75362149117962
SC_RS22240	178.2910142383894	126.66773388616984	110.74099494831376
SC_RS22245	299.6185515894583	201.66765404617183	115.889830692004
SC_RS22250	447.40665498845425	484.1650845920294	204.54630021876798
SC_RS22255	323.06963455445816	274.4779392930807	181.10419719304417
SC_RS22260	671.3030147605358	77.32431132872364	76.88725152389364
SC_RS22265	240.85628923938543	49.49220227584112	72.68622484939168
SC_RS22270	50.78724235052236	18.061513793556216	45.698487075212114
SC_RS22275	87.26933013254238	57.98350784546327	179.6228598071449
SC_RS22280	22.729216028583046	14.627503561359209	38.486659063096965
SC_RS22285	56.174126860008045	39.101813966368695	34.12962694439269
SC_RS22290	2439.577332088506	6835.768240720777	4725.200742737205
SC_RS22295	11.578051940528043	5.9981430693200855	53.140821518820005
SC_RS22300	290.29557728949584	230.73817026773915	98.53476682423653
SC_RS22305	454.951847779625	262.056899236753	98.96210350134251
SC_RS22315	320.89874388391496	1197.8348204012752	424.26737457441294
SC_RS22320	814.4908971965647	3383.929521892058	1166.7283255375407
SC_RS22325	58.672535120439825	43.143471220154396	72.28407057892495
SC_RS22330	1203.3222154063428	755.2548293841618	198.886512378224
SC_RS22335	1208.0318530775792	567.4448163708317	211.92727495940773
SC_RS22340	459.2162363584139	366.30162307163044	146.73746035347028
SC_RS22350	8.316302112659077	4.7102808920717525	19.54228156690528
SC_RS22355	15.445949255438142	42.066232099393986	55.79565554463177
SC_RS22360	101.6412284037992	550.6793924586035	366.1423018950389
SC_RS22365	111.04641010086615	1760.9542344063746	1225.106834947782
SC_RS22370	208.93627431781968	586.8602378141044	485.47713292695477
SC_RS22375	51.075693865191646	216.23418099083366	195.30475026133615
SC_RS22380	67.20831507377801	116.08442200648169	82.76352899836796
SC_RS22385	112.1283331331164	104.20182882390387	127.32302520637161
SC_RS22390	123.29968749644325	40.304961980988644	189.19111788997708
SC_RS22395	1304.558359306711	557.2306870854926	575.3070010931947
SC_RS22400	72.54981205001017	55.96573320301972	165.76389731673626
SC_RS22405	16.404456898013986	22.77179468562797	53.66326958614776
SC_RS22410	16.54047091667921	11.476442218749042	71.14024699114722
SC_RS22415	157.52250185708152	131.1947727179377	97.24052059679492
SC_RS22420	77.7749544827433	79.58508897037008	54.275045308513825
SC_RS22425	9.7780125296614	17.874628282999307	51.48754200064569
SC_RS22430	2.733704487796379	53.42620463322329	29.50671110973276
SC_RS22435	4.2062263087744185	121.99785091317338	52.261586411185846
SC_RS22440	14.708794732441566	13.491752342547015	88.3121571911472
SC_RS22445	34.759353079565784	15.26659389502745	62.15506631128076
SC_RS22460	1898.8492259185143	811.1793636830122	433.6224835789081
SC_RS22465	1188.4870496881872	786.2052051442353	300.33029604162766
SC_RS22470	2017.9398382809568	2705.6907273599327	1033.7228009831774
SC_RS22475	197.26438989752268	2168.406091407149	1336.2138028687525
SC_RS22480	1377.1075898796921	906.2110930142137	605.2294977611235
SC_RS22490	79.7453174031025	38.74844925114468	57.635560572276155
SC_RS22495	384.54505642472003	141.62024778974268	188.43529248603204
SC_RS22500	146.5852035363425	65.75211794115647	120.08684037296048
SC_RS22505	434.60889501212836	165.95983451237643	295.8572176252114
SC_RS22510	14.018105583042535	3.0019694140034403	6.505271260924481
SC_RS22515	27.01318979199047	8.170805399057157	5.341038200860447
SC_RS22520	224.95038282542367	269.4612841757029	116.06985273778561
SC_RS22525	1657.6876469878453	708.0771234562691	266.6803265462259
SC_RS22530	3164.165161208223	1359.8393179656207	487.3358578977723
SC_RS22535	10561.309962217967	4519.063751477693	1606.3991350721294
SC_RS22540	134.4966075734247	1908.7016876550756	356.7667276335223
SC_RS22545	184.83756923475832	88.90323710561302	72.15738410734001
SC_RS22550	118.85602304295358	52.316413178015665	82.75884142370862
SC_RS22555	123.38744891649584	49.304762254100375	75.18397298563478
SC_RS22560	171.96912017317948	83.43344053448847	108.46805086659234
SC_RS22565	7174.344296091156	10644.473176450621	3132.2259514841544
SC_RS22570	3193.3475867867037	4944.735649826428	1034.6335119526802
SC_RS22575	6286.362930315327	4349.089154336382	3524.883506330025
SC_RS22580	1631.4587234731143	3566.254691314896	1327.625901523082
SC_RS22585	338.9836796549393	227.45349426512092	266.1685685806679
SC_RS22590	5156.182342209125	10225.782034351992	4652.176820783103
SC_RS22595	78.20049785642183	97.18502864111491	149.51565415507437
SC_RS22605	2287.67165424682	887.050759035338	571.7707239235427
SC_RS22615	76.73441555083315	16.61328038053937	4.625707236929142
SC_RS22625	69.42701559671322	37.84872634124113	123.97238431735525
SC_RS22630	308.45957499047756	288.4236299015303	213.36304418450166
SC_RS22635	626.150197083519	392.1953279147023	222.41258090173173
SC_RS22640	10041.418400516943	679.6354325571637	750.3153994116419
SC_RS22645	110.87974909528887	20.16709153769733	102.54108407428063
SC_RS22655	162.4484694250547	41.52542736242922	64.63163917611061
SC_RS22660	107.06574645582464	50.484657324733384	81.06100054407827
SC_RS22665	15.945134833613796	13.905851373496361	33.96450706773306
SC_RS22670	23.561723617913234	24.44533161157551	31.52160053046325
SC_RS22675	28.577844921607447	38.39754905456623	71.91742302367328
SC_RS22680	77.86896307028242	83.74654714911672	112.14356349483526
SC_RS22685	7.3916612146899485	6.418592370140065	44.59507842459279
SC_RS22690	33.45715476808029	23.505038390864403	47.34945069842432
SC_RS22695	88.81280520042853	50.99013299839354	83.56650223391199
SC_RS22700	12.010744214267014	2.5873158718702562	9.162556469288786
SC_RS22705	236.62127745926176	91.70419506380061	153.96018339948142
SC_RS22710	3346.3625081759387	1265.606807902884	849.3972654178032
SC_RS22715	171.00997743648023	699.8809904701113	152.01576811417638
SC_RS22720	328.89198834915686	365.03916614680287	171.79556944051538
SC_RS22725	446.7079314465536	84.47010934444131	85.3507400772398
SC_RS22730	38.024322665129425	38.68081015436488	48.83814563346243
SC_RS22735	2739.464933546171	1731.2779432448972	1949.469899853506
SC_RS22740	360.69612147691424	2938.2691228962094	2533.531645475909
SC_RS22745	1313.5712548507322	889.9416682307188	649.9307974002799
SC_RS22750	527.7386227478644	340.51904418348283	367.71693800310635
SC_RS22755	449.2452134343019	644.5450031182322	526.4639971656857
SC_RS22760	463.5085411562435	670.1742553701453	727.573810540421
SC_RS22765	48.87102450392682	91.02922115564394	145.6550161852997
SC_RS22770	496.49945911804826	82.85206548671614	137.59831954918275
SC_RS22775	1575.124185251811	21.980593393523584	102.01836143029082
SC_RS22780	1227.2077941102293	87.02813421266579	105.48663414465113
SC_RS22785	181.19038994530408	39.11618221259966	22.563763147968725
SC_RS22790	167.1967722355721	425.20443492041665	84.1761571351227
SC_RS22800	192.56835688186874	68.5930916989678	59.367348212966895
SC_RS22805	74.97753370198431	21.47813674969284	94.47669367078942
SC_RS22810	135.81248235424508	115.30505453272292	73.98891492817675
SC_RS22815	432.04193958379426	609.1958962025944	418.0397517197419
SC_RS22820	353.7294565956645	613.3241776264703	385.11512285060786
SC_RS22825	517.342765834745	872.7722824092864	514.094819914001
SC_RS22830	364.89044230123625	775.8767584824101	423.53659043267845
SC_RS22835	384.7065180996847	781.8143070544844	475.1987226773155
SC_RS22840	497.7336597786652	1070.749454862272	624.6461135155939
SC_RS22845	351.5240640863912	999.4936982555673	882.9996633575528
SC_RS22850	3337.774644385794	1896.4544220497976	612.6462596504787
SC_RS22855	440.4216032970804	167.24096430030255	154.10890494056193
SC_RS22860	56.311573411352846	103.65935638044938	119.54962542410118
SC_RS22865	71.4195483652622	219.7771974427739	202.8551922335782
SC_RS22870	298.2528130927804	482.2680475051822	193.38980895287793
SC_RS22875	928.0402797943518	258.6564846250693	159.3657129252959
SC_RS22880	1067.1499735981847	119.15736175730613	127.73477927492223
SC_RS22885	81.4143497780137	4080.9912968233834	1567.9080590095539
SC_RS22890	85.41102415764352	5256.353631520568	1607.4014680196367
SC_RS22895	90.67146586766295	5818.703079335067	1530.5360065635352
SC_RS22900	194.83978618602075	40399.354501454574	7743.22682831563
SC_RS22905	20.934626346646795	349.6848390593176	125.44237087869041
SC_RS22910	114.57597842191193	1789.0342500887828	461.33084482973754
SC_RS22915	376.04374830664193	2529.297723348825	771.7761381997665
SC_RS22920	35.397225393862975	26.153643089643825	36.425847402043736
SC_RS22925	44.55783628628693	28.078131081914826	60.02798272383483
SC_RS22930	76.60153323597754	53.40795063576727	68.18829438773332
SC_RS22935	120.2485674380629	77.31032520194424	115.97243531092121
SC_RS22940	406.1162106068695	238.65254105199787	100.74384023422097
SC_RS22945	437.14428548084373	315.76314038516443	148.39971901651148
SC_RS22950	496.7921364170039	8818.751267785055	838.2639257348712
SC_RS22955	192.46442238279514	150.94387947346064	81.45574148067105
SC_RS22960	17.77582123139248	37.11333032757092	25.660155580575097
SC_RS22965	144.2807792166876	93.51412337861362	95.19515625670661
SC_RS22970	123.0839764536972	74.38363074162936	76.5194538787398
SC_RS22975	44.679626795378944	15.407113336090003	67.27103573927697
SC_RS22980	1410.1248479003534	1383.2671672223967	530.6333791142887
SC_RS22985	2110.03410835804	672.7482504547888	390.6039334332917
SC_RS22990	144.66620867827288	35.07754398864338	84.1141169927212
SC_RS22995	659.4174431574882	352.5380287549261	169.80564763597837
SC_RS23000	1391.3486316526141	668.623090543235	331.86858519948987
SC_RS23005	925.6194266406501	482.93819903147846	369.3055770489355
SC_RS23010	3960.568161745312	22395.35734522196	1832.6061242329445
SC_RS23015	1539.8412984921074	9356.546543699418	881.7332562877285
SC_RS23020	54.471670486710735	52.31554645662003	28.73110088819966
SC_RS23025	188.16632940383224	99.43962840462298	58.37980064457234
SC_RS23030	28.1491698441193	6.339916267170516	52.471412795211435
SC_RS23035	27.608525875055886	9.695250396397977	58.66957553283636
SC_RS23040	382.8905860115849	133.9658851612957	82.50220742780071
SC_RS23045	252.64801459932664	100.66595945399013	62.549942535463984
SC_RS23050	337.3237595128738	140.5742096800898	91.19095982781786
SC_RS23055	495.5044282535421	346.8032949906987	169.61167843717018
SC_RS23065	9.466313326458298	5.4898906668025464	25.247721072591112
SC_RS23070	65.21721483790859	110.55118430001419	208.85325781601358
SC_RS23075	345.02613014430784	520.4026718565998	204.55704024843453
SC_RS23080	2865.8266105553853	1246.0595052423944	645.4110072262937
SC_RS23085	1592.3865255817022	704.0108945084095	331.89238701062345
SC_RS23090	1224.9419768794405	738.7239710393375	308.18411983544365
SC_RS23095	243.4643483662717	121.18888022555704	58.293053602838704
SC_RS23100	17.462334803174272	5.5892852858736966	15.234168022919198
SC_RS23105	436.88862287043713	1454.430051871633	1304.7339282264174
SC_RS23110	946.2434153843052	578.5937837287216	331.51261788768846
SC_RS23115	971.9189177164163	411.01295623803037	264.3050028863187
SC_RS23120	359.0644422427549	272.9520730631604	3187.9646581789157
SC_RS23125	257.9216737923276	100.03790612651163	153.01644710857374
SC_RS23130	18.195472129920024	6.771957085364085	24.36746530580693
SC_RS23135	668.5643032900297	339.8466746124513	271.9867532617504
SC_RS23140	261.4391905246209	161.82815193921962	114.91542440793175
SC_RS23145	172.4143230220242	203.08715096672674	201.94168000348645
SC_RS23150	30.94480339986318	64.67463651942403	87.60559058163703
SC_RS23155	87.20069491075505	78.10423331366624	61.57348507477218
SC_RS23160	331.573318748072	52.961299270370695	111.50293845032064
SC_RS23165	886.3817892115095	159.1839217665475	122.6720757765869
SC_RS23170	178.16991687383577	70.07394735567163	73.93265266412044
SC_RS23175	579.8036960707122	2745.6381071996184	953.8503823174966
SC_RS23180	812.808366936884	6481.75789308121	1720.2046758694391
SC_RS23185	361.11701256021854	961.0255651565699	508.41963067890777
SC_RS23190	507.89792921193805	570.763954715359	301.22226256933163
SC_RS23195	325.4432991865537	196.50534072272103	191.56373550730868
SC_RS23200	88.26492427741962	36.82396125887368	58.92184245716262
SC_RS23205	121.6972364798538	493.85395155550793	185.52620014549078
SC_RS23210	165.16179128967642	119.43635498642816	69.2883664842405
SC_RS23215	156.2641842556223	209.5849739510202	127.0052265813023
SC_RS23220	25.641825458611976	13.654900307172909	31.716184525650174
SC_RS23225	141.88111988805423	63.03309741673987	97.48892553180512
SC_RS23230	3052.7865487468284	7425.552538708825	1152.5874711432107
SC_RS23235	66.1084317374916	43.639577594114506	56.1747540864529
SC_RS23240	17.079327660727518	12.921968812148274	47.26447439980987
SC_RS23245	135.28657893152314	22.325385621203434	51.41147520236231
SC_RS23250	117.2077279835526	299.8748434325291	529.3476963106232
SC_RS23255	22.160952482399452	12.36124237123778	52.215323951146445
SC_RS23260	972.2461549045171	263.70600428710617	190.26886462516882
SC_RS23265	19.729923018845565	9.75653922330714	10.207591893015922
SC_RS23270	97.78315270640586	79.24022683345046	79.2465426414157
SC_RS23275	42.34618036939438	394.39061459506456	274.4966620927431
SC_RS23280	228.12858077739372	189.4038263773037	169.44273664077184
SC_RS23285	59.47876761144434	40.55369082963856	50.764117263407094
SC_RS23290	54.766118770548765	32.44084301744935	49.01095927749635
SC_RS23295	135.46146667750486	74.56232588409367	43.210338737052915
SC_RS23300	315.2281182005492	117.94453223277432	114.34268702869961
SC_RS23305	934.278974199203	511.1099947100792	324.8704554190359
SC_RS23310	909.3437443305606	987.4995566692807	786.2606901333344
SC_RS23315	35.00698129747073	404.8946301242978	509.10805378319685
SC_RS23320	24.07975499256625	558.4801028600526	865.8145323703752
SC_RS23325	241.36163393116257	6692.219318096092	1922.2424527812675
SC_RS23330	624.5536247787431	5404.209321987376	1018.2544241814594
SC_RS23335	371.970316258838	7057.284575920016	1029.8703683561803
SC_RS23340	3941.9521978503217	763.5480442182433	268.5494152588972
SC_RS23345	20111.27454391047	9025.077640939282	6725.177567482866
SC_RS23350	1202.6978572169478	791.4536496899557	290.7653048683718
SC_RS23355	196.21346854452	109.05047684860439	73.84481531870097
SC_RS23360	2426.184357083535	1027.487808914721	659.5557078947819
SC_RS23365	1873.4815704145838	471.0649793215389	251.93193807184068
SC_RS23370	540.261802503554	1477.0212165901623	924.2039565311518
SC_RS23375	204.61530210599594	348.36775578766327	188.714297769671
SC_RS23380	25.52341705164736	699.0377629953671	346.8857683645326
SC_RS23385	2117.3061603144756	289.13688616651945	514.3211044198221
SC_RS23390	8.350168857265794	12.568291886712455	19.662499862392202
SC_RS23395	55.46002767764247	59.60432843204582	110.36924995415025
SC_RS23400	548.1306580327953	3751.8872201620584	545.5930744239988
SC_RS23405	75.59958762959602	577.2218685554594	105.32838245002252
SC_RS23410	474.7099211756964	3397.9485355684697	508.12587237353796
SC_RS23415	113.81318389471309	843.7958129038566	144.82482508165464
SC_RS23420	602.840473572097	5414.650061237375	790.0663592195078
SC_RS23425	287.91538508812584	2250.953906576678	388.56814331781
SC_RS23430	212.85037036787685	865.4528213606843	185.0751929433605
SC_RS23435	80.34601516121324	637.8373948087358	160.13471968314056
SC_RS23440	698.4126054557338	3342.952264422216	454.1248603390222
SC_RS23445	1559.9367661489339	7367.306275927939	1108.5647997364529
SC_RS23450	1502.481076475728	10942.167556575574	1593.8899547073697
SC_RS23455	6226.314264890206	42728.75281806826	4659.019009834118
SC_RS23460	440.87770560378596	61.99920533564441	236.10438219718066
SC_RS23465	285.2809765723663	1364.7058378683257	246.2313411450436
SC_RS23470	555.3600301304944	5543.471995277037	972.670567959415
SC_RS23475	390.2699152357345	2587.850379554837	368.5359594961933
SC_RS23480	848.1753718499228	7249.974918767499	1238.4130655238307
SC_RS23485	432.47972689412813	1086.422478768291	272.15888060951266
SC_RS23490	718.0662297927586	2111.1616319612813	342.8418472962383
SC_RS23495	1559.9881342112233	13276.22449532197	1497.2169880549022
SC_RS23500	3973.8278199786837	2754.0261560365248	1262.9975813305687
SC_RS23505	507.8361462482906	270.039085682462	156.79115776511975
SC_RS23510	50.348553307614644	79.78301148711674	647.9130312175865
SC_RS23515	32.95073223595913	45.511591547992545	966.94462376343
SC_RS23520	17.974119010340754	29.269063158737584	92.73102452012671
SC_RS23525	528.4740062859786	82.40867545212102	111.49585547784388
SC_RS23530	272.1871434316199	54.278140241053	61.06443900862808
SC_RS23535	205.85173026105323	39.12801603094529	65.85703686533604
SC_RS23540	50.25686274519631	21.650411713046747	76.91528511901842
SC_RS23545	155.0033562811395	65.27562106093029	70.09990900039892
SC_RS23550	342.6003743019142	128.12429748575883	142.28219508087784
SC_RS23555	16.82053334651131	11.099894468777844	40.054212198687665
SC_RS23560	180.347263299901	31.894484822769826	96.73236976052992
SC_RS23565	444.4353362481725	68.07054095945905	114.24043287978475
SC_RS23570	6399.691408872707	6743.936306824525	4875.783358943988
SC_RS23575	299.8648353285688	188.70535722418802	161.38304367025944
SC_RS23580	132.06280109839676	42.48033113034334	105.64263958885344
SC_RS23585	135.54546129962438	130.7326440839425	668.10274222334
SC_RS23590	791.5602379218864	3944.088939785857	1925.179916154227
SC_RS23595	2106.9217986198537	1313.4045781720054	751.5963847823285
SC_RS23600	1300.4921760196648	373.8946968731683	215.37670801395586
SC_RS23605	189.85225800577297	81.14979206830667	117.70143154934276
SC_RS23610	142.76179202211202	63.750863853377666	91.2903627882472
SC_RS23615	2256.2602573918202	58.77772816739707	104.77382400780817
SC_RS23620	730.7909688953735	28.99492905766695	34.629013426236554
SC_RS23625	202.88299618434274	153.7149919168186	127.469030846557
SC_RS23630	2345.7059973176874	130.8610174964476	769.5952466052316
SC_RS23635	558.3772972076054	510.1586686561165	471.01581515361505
SC_RS23640	60.06284954431344	29.76905528392275	51.788872645600065
SC_RS23645	220.5672311473346	138.07709151932292	124.46170135064638
SC_RS23650	1081.348963696378	4993.457676183948	460.224644776849
SC_RS23655	186.35798896201348	2226.936869850551	304.7051530178324
SC_RS23660	487.1499617982376	7165.414797846459	5470.9932573492615
SC_RS23665	103494.24134658216	133295.7130238371	39610.01650505081
SC_RS23670	751.3289116302386	3362.0121547740846	261.82207155950397
SC_RS23675	474.75495401661436	611.6670545997567	201.96957831102083
SC_RS23680	94.12079012438953	91.35305256625014	56.658353027615185
SC_RS23685	81.07021636288344	155.50839967696686	94.39844626513435
SC_RS23690	26.843309028718522	441.1086196614167	458.5268892569122
SC_RS23695	6.1034060109897865	8.585458941190343	30.83117153967084
SC_RS23700	185.44415946802008	262.9586346366108	230.60527351569766
SC_RS23705	70.13495566547732	66.59659008380969	76.33398431601017
SC_RS23710	182.57757266536808	105.49659578220665	79.15006637084602
SC_RS23715	142.171905667977	66.50823247092828	46.30441527469718
SC_RS23720	211.7558487066358	69.48948336883012	114.68532784069149
SC_RS23725	241.57682793714037	56.386494714051494	176.72744004296814
SC_RS23730	215.07800701588764	159.63810233342215	83.2632556999285
SC_RS23735	58.452526479655056	27.873546085085728	20.281083980572962
SC_RS23740	459.8361646088076	250.6088113910143	184.303729146125
SC_RS23745	83.48176493583654	39.34998830383477	55.007729624119655
SC_RS23750	473.917882190795	73.1454658739166	79.09189807608008
SC_RS23755	189.8015830880218	555.8120652322098	219.92232160073667
SC_RS23760	408.9260376687165	152.92608275162755	112.99101858898001
SC_RS23765	747.5807972045577	164.03805333972304	220.51560774132673
SC_RS23770	136.8132458262648	106.52993335211829	331.81266315515023
SC_RS23775	1417.8686026321277	917.2366859061293	879.4060151225775
SC_RS23785	1300.4101609704633	520.695478820769	582.404713192727
SC_RS23790	752.5613968795927	435.0403729766712	375.5077410649481
SC_RS23795	870.313711737912	277.4385415841207	166.6062451136497
SC_RS23800	155.78716852563645	60.8135145063246	36.22969759586387
SC_RS23805	531.4183405432636	234.76799370317923	174.5218384746863
SC_RS23810	924.5949564937434	400.5597879598295	170.3706157464621
SC_RS23815	1075.4672492571701	137.14568299636778	114.28301856599535
SC_RS23820	1755.7955102691956	447.7750783317492	249.43726177136713
SC_RS23825	268.2842272412114	629.1827647098173	453.9777939701094
SC_RS23830	1085.9339876034453	328.0688896881798	200.04809918192873
SC_RS23835	1648.1604824337835	631.2219889442168	496.82508642436534
SC_RS23840	323.64692227960234	816.2418303587006	1876.3238778740854
SC_RS23845	368.94207543331856	140.29032415986757	118.98234141865531
SC_RS23850	982.7715120303648	668.8675515212083	288.60401965984244
SC_RS23855	23.485408695959798	224.02368199436074	79.72061728586819
SC_RS23860	2001.3732801805343	419.4095539249005	535.2496874837789
SC_RS23865	1159.5076022259736	308.8441737703876	465.41709672421933
SC_RS23870	138.0510184601166	93.23419351885619	79.3395529271211
SC_RS23875	104.90655268169839	40.342755562938834	54.43772386094041
SC_RS23880	286.5105087024762	1418.7125550008639	575.5497181473338
SC_RS23885	95.71386226968283	19.70274068602857	39.119940418273465
SC_RS23890	82.1871582706321	26.23811495130017	85.12989323004729
SC_RS23895	141.98576377179893	102.38364023175848	80.46194052662422
SC_RS23900	826.9161672692943	1110.7303099686335	335.28596766536776
SC_RS23905	10.100523136840218	880.7453418562674	120.01879770344858
SC_RS23910	55.530538178329984	5275.422208181697	534.9123530443063
SC_RS23915	89.45380921853534	5916.977691778819	513.1061065405465
SC_RS23920	5.970611750019236	6323.237025217186	489.12201163012924
SC_RS23925	13.998270000106212	9.12848589582865	38.8091551211451
SC_RS23930	476.94711280277346	5809.948610344466	1074.2846305799637
SC_RS23935	14.434536723875402	57.51367344531951	26.688723024187304
SC_RS23940	251.0888834891877	566.4663474487189	276.2887388493551
SC_RS23945	28.99749582013499	48.562946061319764	62.53579045031116
SC_RS23950	31.2370217124655	16.286117729891945	39.46807867511017
SC_RS23955	327.04826057616674	223.3203904593846	137.4583623625234
SC_RS23960	407.6982790002843	130.4913046182911	119.51295290382618
SC_RS23965	178.7457720663004	357.29665146025553	546.4201299041767
SC_RS23970	74.45994507355189	144.92834912808019	284.1585551159789
SC_RS23975	30.815583588922845	42.97452749684171	93.77701095846805
SC_RS23980	67.2245762066841	45.637188231640295	73.78419584138248
SC_RS23985	124.98561609838399	70.80663654972423	70.38858372665761
SC_RS23990	290.421932035077	70.79202600252123	48.11192949395463
SC_RS23995	76.4953687656682	34.69520047998539	17.356484532850487
SC_RS24000	1117.966103757549	3451.8115642520065	1013.4148039224233
SC_RS24005	219.24107576264421	678.9625658653734	490.74464087177796
SC_RS24010	15.190729391252155	70.68381659493386	126.83963119733556
SC_RS24015	583.6733643705047	72.9942216368761	205.26123517824746
SC_RS24025	296.66347774195003	80.98362507385136	94.04752646434794
SC_RS24030	319.11738792509294	55.7642371452598	75.31718741953408
SC_RS24035	130.6805373071575	40.12657904873615	49.576267607696764
SC_RS24040	649.4490048969474	130.62738379694477	111.7256814699033
SC_RS24045	69.32550341677813	40.249711213738316	69.51391076441186
SC_RS24050	116.10283766455642	71.20390281579704	95.99171710088773
SC_RS24055	1463.91426208931	648.5920041020133	421.2497746993045
SC_RS24060	13.041549582545475	7.817440683833138	40.82914198078742
SC_RS24065	19.864504504831224	14.931170967047652	113.59688114541048
SC_RS24070	35.898995635609886	32.919804416321114	104.55440768401819
SC_RS24075	33.641421385358164	34.18726028767965	122.15541544592382
SC_RS24080	20.931406588952115	21.846424222331667	95.54289450761031
SC_RS24085	58.690140732140435	25.499075487376942	117.11319692124889
SC_RS24090	6.854591695656754	8.597050458563931	36.86916669363804
SC_RS24095	148.94982774934476	21.349763337187717	48.5361345490747
SC_RS24100	251.32936280703223	138.50555879650324	86.72493480891985
SC_RS24105	289.28996917919903	233.35391042185955	162.18723263876024
SC_RS24110	716.8528407381996	214.3419331227981	344.60820635268766
SC_RS24115	295.839301187042	152.41560813143644	117.35722492635793
SC_RS24120	345.16563055911826	363.3146463242816	489.1143730111907
SC_RS24125	41.835740641022404	101.60649497567327	63.89997551965481
SC_RS24130	48.19981624512857	118.82711016758952	74.35101019635952
SC_RS24135	73.11922772708544	71.96612531446745	73.56457458546625
SC_RS24140	1670.9813009708998	1805.6237146682752	1086.704156929769
SC_RS24145	263.61401033752986	368.20157670581455	220.5690844599521
SC_RS24150	474.48579104464307	297.36700047578427	231.10330897699433
SC_RS24155	895.1277561881157	496.91064621568853	261.15982130974623
SC_RS24160	3.1217186129529177	69.62698378006326	72.97402406241027
SC_RS24165	15.22459613585887	786.6717041313996	1177.6947832399555
SC_RS24170	1165.2505418751746	1316.6610721933455	864.4269297806733
SC_RS24175	122.4931003131032	2384.0744812742396	464.32546847905564
SC_RS24180	616.7472453576878	794.1091591697896	294.6893734343732
SC_RS24185	675.9934799899041	406.80037951716866	194.818019698188
SC_RS24190	187.18039453203903	30.545333818612328	52.389363186456634
SC_RS24195	97.41086891404976	22.794977720375147	77.97345196874835
SC_RS24200	21.294578148462545	9.81203229152951	41.84016099891835
SC_RS24205	163.4448610084881	104.97008938223308	73.632887830159
SC_RS24210	410.1563972408527	1361.3551489664922	725.1862211094316
SC_RS24215	757.2294718659236	4226.553650147813	2884.2330543747316
SC_RS24220	77.2890026276819	32.82898228479414	47.96680922532881
SC_RS24225	133.54632667125335	936.9294660350831	365.7979001982473
SC_RS24230	250.7875667070771	2443.5736157453853	2700.4235859156374
SC_RS24235	92.0076189776402	236.37555506589848	170.5658900394019
SC_RS24240	13.975657405695815	22.138500110646522	80.74170575255184
SC_RS24245	263.14994792887035	73.87600275953542	88.76486149037966
SC_RS24250	76.0060048050093	97.16240011755157	129.85935189359932
SC_RS24255	174.9077242997462	94.41353407830536	67.63332608126649
SC_RS24260	123.8590149175513	81.08024296406512	56.55847455987875
SC_RS24265	47.54255109411565	85.0051183227193	58.59908168077192
SC_RS24270	460.92304838016486	154.74895390715383	123.64138462174732
SC_RS24275	103.78996546628528	22.395246935656772	64.45529390415781
SC_RS24280	2182.4997334380278	820.6314345155367	518.545341827199
SC_RS24285	509.8767555076821	106.05343647189211	195.00792197555387
SC_RS24290	253.49490804266276	2155.43620441012	2194.577331368345
SC_RS24295	985.1650422488668	818.4378771050277	517.1069959902816
SC_RS24300	36.578873381033205	363.4365628114854	84.88216873447044
SC_RS24305	37.15115412346762	2341.013067031441	257.923680624088
SC_RS24310	1084.8411326330688	1319.1939009470725	449.72804779617724
SC_RS24315	1078.1886055142936	598.8304243706605	245.95436732138518
SC_RS24320	273.681109475984	176.43653478172715	94.78408262758931
SC_RS24325	66.48563445867242	62.17123799802628	64.38201850814364
SC_RS24330	27.84971457757148	15.643696156182486	23.034095375537788
SC_RS24335	145.0384044167439	95.98212292746699	90.48372263719386
SC_RS24340	157.28230294102488	96.38494265125456	99.86978206835394
SC_RS24345	209.6885078393606	407.7197776571077	244.42116095278786
SC_RS24350	44.308863589587475	15.99404184157709	99.25419428456864
SC_RS24355	2801.170732714973	1306.95752001069	842.1626365370655
SC_RS24360	5024.243354959545	2669.0158705484805	1215.6335489661
SC_RS24365	442.1947462788354	791.6561890337817	2475.085907267822
SC_RS24370	202.86638035910107	2651.485968756859	1149.9732110602681
SC_RS24375	154.76574202865413	11185.900915386313	3046.221444441778
SC_RS24380	308.18435719892256	1368.1826773751945	475.58542962681736
SC_RS24385	321.25225617034135	805.1528336674289	304.71394694721204
SC_RS24390	194.98178073372202	63.485856751035044	90.48951037385852
SC_RS24395	9.21833041621781	7.247899454406434	85.12785191174723
SC_RS24400	408.2837054119479	182.82097702017006	154.6435990623329
SC_RS24405	219.9316768581582	33.6848036438489	58.92510936673894
SC_RS24410	332.0680443837762	40.371734356372805	67.37621657805147
SC_RS24415	36.463684731763266	11.245655157343352	36.8263760753012
SC_RS24420	43.497181369652566	44.13648078023049	109.50246583308554
SC_RS24425	109.90542306602754	151.1332295026631	169.57834247100735
SC_RS24430	136.94310073132857	176.8822127702974	147.20562183198714
SC_RS24435	255.89661875796642	70.69287368442211	78.62177078063728
SC_RS24440	4.4840587673708034	4.351120418160939	37.057222726510624
SC_RS24445	101.87275783323076	71.31790798207119	118.62590845786629
SC_RS24450	51.89158562928019	46.56588993497781	85.97545215180192
SC_RS24455	56.28395383423266	17.9273446223643	40.07543739799775
SC_RS24460	468.8610999347692	167.9272874248608	105.87525698318207
SC_RS24465	30.772692665355525	20.050309642565793	31.180875607500486
SC_RS24470	48.998457089852046	38.1292107121824	48.15050804493923
SC_RS24475	318.17370888274365	79.78412050948441	111.12465563552328
SC_RS24480	50.80608814699973	14.426249804571329	19.843747499450085
SC_RS24485	230.15820004824408	77.4036118521168	114.28282349218858
SC_RS24490	67.21590672005904	33.65884388024435	44.30095618138611
SC_RS24495	103.63822111481961	40.415635907221585	72.06615042159208
SC_RS24500	514.540442365294	453.50234445786197	490.2245006964499
SC_RS24505	1856.727055146023	832.9376767663726	389.53385489199695
SC_RS24510	760.403828729413	404.0764998647007	190.62700268602242
SC_RS24515	5151.19413165061	465.95454877910623	703.2345699020644
SC_RS24520	911.2289467345712	295.57199909132424	207.6547436320108
SC_RS24525	423.17710521387016	202.03351374635602	186.67295042312816
SC_RS24530	2052.9147656289856	821.6454458118156	890.8314363667154
SC_RS24535	1782.4784192231607	801.1934995500079	743.1381986000205
SC_RS24540	60.06651204822872	65.32864961050707	101.76247751835207
SC_RS24545	42.96011185061937	20.897004002892547	59.01981489418943
SC_RS24550	14.685739391810568	8.76352966323104	36.69105067856604
SC_RS24555	15.082777695927714	3.5334048512681595	68.38498934575611
SC_RS24560	135.72615346687203	37.66819110055486	70.43035368584444
SC_RS24565	299.5702989908457	176.15809606378897	213.01346954742414
SC_RS24570	284.14328358576995	94.03119056964736	99.58049254571652
SC_RS24575	13.702389183588613	12.9133963246041	33.19610524794765
SC_RS24580	26.63777429582475	5.052054089922183	16.872885591688203
SC_RS24585	135.8589477278426	51.72615343248735	81.96376688766513
SC_RS24590	15.073753516967106	8.962006691161541	30.257489002662787
SC_RS24595	495.66751480908914	194.5003407021967	182.64889367527724
SC_RS24600	570.9819449722582	1203.3622333589453	494.9403454586029
SC_RS24605	340.0346590583569	509.0668189881531	205.22129174691497
SC_RS24610	1123.2423195671765	453.2585446465032	298.07226398734775
SC_RS24615	531.2947328056864	213.8291705486319	176.19702363160403
SC_RS24620	586.2006323928334	198.9927074643363	144.86279869458002
SC_RS24625	390.34702759624406	152.16354804274533	83.86237550359887
SC_RS24630	1663.8982815461509	809.904033826711	394.5549835049522
SC_RS24635	129.25520400778547	21.22416665353997	48.989598790595835
SC_RS24640	182.5591696151113	381.4951642306429	193.42518623734082
SC_RS24645	1063.5184041073805	488.0137483663596	254.38035776911312
SC_RS24650	61.58505649658369	86.01131719741892	13.751455898352509
SC_RS24655	4033.292698676601	5450.120603031618	514.9580468336695
SC_RS24660	1150.2998515323418	1001.1586337038601	173.25880739225218
SC_RS24665	356.94421024983023	70.41238931348084	74.87515350543237
SC_RS24670	66.35239745148127	24.789569328071522	81.40234026341977
SC_RS24675	67.55888800429761	20.715914251022433	90.48270197804383
SC_RS24680	185.70742996484037	43.248349387700536	147.99749910299013
SC_RS24685	324.80802529916514	33.84850611965864	66.10033450311491
SC_RS24690	48811.64016388636	14867.906194123067	16800.174642764636
SC_RS24695	828.2184373945321	966.4672532387981	563.5642114411781
SC_RS24700	1277.5054221017751	527.0151943368307	415.10837930800153
SC_RS24705	3640.5939041841402	1175.1005438335767	1016.2562825380447
SC_RS24710	1957.7663318435973	2131.8552009088417	1126.1045390119223
SC_RS24715	238.4355403797016	275.84454748253836	141.01678831726528
SC_RS24720	180.0933716743768	339.67106840905615	146.32066863222414
SC_RS24725	151.31570838725648	307.91463850870326	141.56487858338159
SC_RS24730	343.2509332990873	1058.6246560824432	380.8830761049051
SC_RS24735	70.91678833705633	260.70275345900274	75.88787362214666
SC_RS24740	55.102660539397974	18.149316895253776	67.09645135212386
SC_RS24745	230.52717602902044	60.10154382837361	95.29489943685262
SC_RS24750	74.96180336918387	20.450352637495975	38.97393477808805
SC_RS24760	47.27651982595395	18.648996810227146	83.08629963307816
SC_RS24765	26.274602736314325	7.718046064761988	49.027767477327956
SC_RS24770	112.42322416317502	67.87230623250059	87.73846479581964
SC_RS24775	1016.6212751635608	336.90758764966876	127.86220597215686
SC_RS24780	301.9292068364671	80.72084018918227	71.06520085201387
SC_RS24785	410.00548033141325	148.75351765745137	118.07705824946132
SC_RS24790	661.2618222647344	218.35954062044098	122.33148614121455
SC_RS24795	943.555912108451	228.84685903033898	215.3197455938272
SC_RS24800	321.47263326679905	80.38819399005985	77.43895877762245
SC_RS24805	446.34842239095843	70.57005372963174	74.06600238561015
SC_RS24810	204.745762101713	40.84823123659899	45.20379802634707
SC_RS24815	79.86006330615183	13.050584525625437	41.652445185762446
SC_RS24820	259.7383290284359	55.45255176321102	79.38900679536273
SC_RS24825	1268.7670630115824	363.0691788064331	355.3638786535004
SC_RS24830	705.379905431107	195.52701161908772	191.2579025031822
SC_RS24835	304.53484364421485	99.82783758120755	148.00109637396363
SC_RS24840	271.59260478711064	100.92579521806955	75.48387310718664
SC_RS24845	202.80945827386336	101.25011123061982	77.26084276255044
SC_RS24850	471.52038101964496	128.68280170899578	86.85426753686409
SC_RS24855	224.3907007119801	87.48398248603014	51.808607535291316
SC_RS24860	552.5191133355147	213.2000739350873	190.80812489380938
SC_RS24865	63.10503347761824	47.32787013267619	21.907010343055845
SC_RS24870	656.7220815969026	300.5043879018268	173.91468468392495
SC_RS24875	48.7897025992636	204.5967431158925	82.74638057881968
SC_RS24880	322.6671465214106	1549.3233773240147	543.6706442802925
SC_RS24885	468.58783171266197	337.0756646515858	176.41575951596067
SC_RS24890	831.8665484200304	302.7368479166538	195.30217364951267
SC_RS24895	2206.4107317512694	944.7563453380599	425.90161350213003
SC_RS24900	99.15729405125842	37.136201152106295	49.23989989799616
SC_RS24905	1620.555368664325	1104.8588767782671	444.92531084638074
SC_RS24910	300.9411162839858	191.28108157868468	82.36354547695342
SC_RS24915	42.9500978851998	36.009576932022114	82.8489250195544
SC_RS24920	7.942319149172931	2.593111630557051	28.340776951085353
SC_RS24925	18.142212548597584	10.93921102279753	143.75728308260605
SC_RS24930	9.893201178931339	4.648992065162588	65.65442874137764
SC_RS24935	1107.3933189983197	509.2400673283334	313.5236578683658
SC_RS24940	196.1644185073512	156.81118461163	89.78322419784872
SC_RS24945	50.984550343011676	285.699055919399	141.7711733394883
SC_RS24950	1740.0840024952865	1035.7056830588124	567.9495320150303
SC_RS24955	626.8538395542444	222.8973042481868	104.16360423811557
SC_RS24960	5642.8344235744935	2289.928505417915	1042.7251957256467
SC_RS24965	20.55018667152047	157.47678922008666	440.93567636689727
SC_RS24970	21.033553863010624	201.7388666839649	717.1014554463932
SC_RS24975	60.69928932593106	191.34514713445122	639.4641859718581
SC_RS24980	231.93920131473055	430.02104778586676	1266.9010197769996
SC_RS24985	638.1303986048918	373.90844069897565	867.5701612554775
SC_RS24990	1841.891979958548	1553.5860696302584	2516.398582546718
SC_RS24995	37.53416126591437	700.8694779295203	2161.3883053821596
SC_RS25000	29.732863118116455	342.5018718820734	1191.002871774174
SC_RS25005	47.76024170977964	201.90201464859078	826.2149739363889
SC_RS25010	60.378211251431814	277.09756519842614	808.3057574891783
SC_RS25015	5.230237469327985	65.39597649707507	231.51233728633036
SC_RS25020	72.2665298624834	588.7068423426235	2026.8391247213524
SC_RS25025	79.22139355329848	479.39955293270737	1456.3215997211992
SC_RS25030	43.38056018770306	414.6847282219273	1455.8530480950687
SC_RS25035	126.38405296864431	224.7640070453221	198.00061402068508
SC_RS25040	1190.8322254908542	961.0261522410065	567.7104162333459
SC_RS25045	189.00626629501076	148.61879397507562	67.30905928009916
SC_RS25050	223.1077328927776	333.0508401626766	204.3519908002431
SC_RS25055	381.54288210949073	1470.7180790191906	448.2120653485023
SC_RS25060	192.5322601660263	2467.698414023347	555.4335491112943
SC_RS25065	110.95124938243534	332.7069146563924	117.82055954114384
SC_RS25070	2558.944284369925	376.6500897469556	395.25291118931216
SC_RS25075	1580.182240172879	2906.074236761287	6329.845401107941
SC_RS25080	652.0830006699565	881.3320570508931	1774.15042594611
SC_RS25085	770.4435886925347	1496.2656687115573	418.96050778337815
SC_RS25090	370.7956548272955	1113.2450245433838	103.66932505350303
SC_RS25095	1467.316606412466	216.4828399302438	649.7567797369657
SC_RS25100	125.81311670500439	71.93714652103347	95.62317337324592
SC_RS25105	146.1437374819607	274.26794065701637	115.87458830316534
SC_RS25110	323.77345313295365	107.58787518935657	86.85447246899034
SC_RS25115	444.7718780170217	561.0545416275112	254.2225757249533
SC_RS25120	63.725212126329765	225.21923089826285	99.99890986417194
SC_RS25125	101.16009118354476	464.1359822404475	261.02680194965376
SC_RS25130	1183.9277400758697	4275.569590308776	2230.563918688041
SC_RS25135	370.7075387149074	236.23559013601977	210.1519309012532
SC_RS25140	171.46627209108854	159.21470391201254	161.3429788111372
SC_RS25145	110.11016036036516	169.18037504998836	145.29986460052203
SC_RS25150	118.70295045282612	62.346531991209595	41.55039596897383
SC_RS25155	240.93449568037173	160.83379105580383	71.25467754996947
SC_RS25160	770.3081960046555	332.5596628260077	142.3685920445753
SC_RS25165	333.86049214836186	186.9998224749771	125.1983928014782
SC_RS25170	229.70003011473557	125.94552718712315	80.30361918745979
SC_RS25175	249.69017998047693	113.74250374322011	84.84046841981943
SC_RS25180	133.84514684367772	51.35755374963673	50.38392841790013
SC_RS25185	1170.446912599896	244.8052595983997	237.23153287271722
SC_RS25190	1541.8763207280153	265.9835447843893	240.87738630862611
SC_RS25195	178.59556454153204	135.20349551782462	139.05475896342438
SC_RS25200	637.6195879440514	383.6838251771136	279.4477862207417
SC_RS25205	86.8240392298126	148.6386457697816	109.92775719041026
SC_RS25210	507.41659964378084	287.1845284031822	158.6758192280269
SC_RS25215	500.5011567205206	1942.4197794719603	252.978744238687
SC_RS25220	1255.3896785680638	251.4555057513411	309.41890253230724
SC_RS25225	2151.683280596797	1637.8051917519815	551.7697216704938
SC_RS25230	27.316662254789108	5.595081044560491	16.766138941920754
SC_RS25235	28.970866029473772	14.057962331932504	95.18291020226341
SC_RS25245	9.142015494264372	10.171192765440324	105.05624534841459
SC_RS25250	10.398191178372926	5.057849848608978	51.96168628963399
SC_RS25255	11.992695856345799	9.978511496196619	42.98792607886745
SC_RS25260	35.35290193761609	21.83150146491686	139.95951669741444
SC_RS25265	3.2369072622228567	3.936466876027754	36.34189176257932
SC_RS25270	3.5842604350477836	4.211155488282224	31.850964770542408
SC_RS25275	33.40925686180318	20.16709153769733	26.81595464761517
SC_RS25280	12.141751250222455	3.8138892222094247	13.449444813964783
SC_RS25285	15.371421558499813	5.822849076136766	51.68124062427302
SC_RS25290	13.677546617942502	6.28140416911873	27.828599262955365
SC_RS25300	1306.812607548725	308.61883351126596	205.50269242837135
SC_RS25305	661.4898652980208	203.10953301637986	127.69600565013087
SC_RS25310	175.94719915464972	92.93330284202513	72.40503895838104
SC_RS25315	637.2999286388944	1186.2147739753327	229.22674128739445
SC_RS25320	343.11546632066046	895.1959127080643	630.5150013743145
SC_RS25325	142.47056349596866	153.42329814795534	68.90444107868841
SC_RS25330	433.72990580906793	423.70111895894354	191.04364926135867
SC_RS25335	64.04013108722755	131.3813460182828	118.19400963537191
SC_RS25345	520.4128359836204	116.3990565091201	50.019867332791414
SC_RS25350	1629.9652931824467	487.02244325896413	324.0538712487007
SC_RS25355	1306.7887385294052	998.0526244433917	496.1902851846115
SC_RS25360	929.0044900409711	1156.852843032065	562.8742980272702
SC_RS25365	434.22096894085684	267.10968440252947	145.94498214588924
SC_RS25370	287.947819300053	122.67220040090646	59.6216663139127
SC_RS25375	737.6023149751273	402.3205693033526	134.0142415373328
SC_RS25380	127.07966104686805	35.842543216171165	102.48780828630028
SC_RS25385	17.518814142191385	6.982337840879975	25.39093531050731
SC_RS25390	1299.765832900644	477.12027899263285	273.67043219790844
SC_RS25395	175.13864863852444	238.06068350921961	178.4189480340909
SC_RS25400	5551.540018229884	1567.884997654267	1624.8452431826981
SC_RS25405	74.3177719412852	15.021438587390792	11.969524091667306
SC_RS25410	1825.5607525222808	566.2732882329618	295.3144855148683
SC_RS25415	6951.151383501726	1399.418084424049	685.0540006499542
SC_RS25420	21483.769979295797	6141.654962011928	2613.22138139689
SC_RS25425	17805.452358803428	4550.662685770485	2189.8989089184447
SC_RS25430	341.9806383994233	142.19988939472375	137.9570684049339
SC_RS25435	3316.3547519551325	500.4310383170036	1112.2463207486444
SC_RS25440	90328.28875458814	13269.87341667864	7960.266155222198
SC_RS25445	36490.64729313022	5629.0391578316185	4233.346309524878
SC_RS25450	33769.084409089635	21456.82704580293	8047.05022036311
SC_RS25455	41459.361054709094	28312.596592227266	9601.10132242445
SC_RS25460	220.1375662833875	90.82494836902663	88.62919587392784
SC_RS25465	750.0515558843992	138.60582013697	201.05951820599267
SC_RS25470	1238.5174805173424	303.5499466564672	211.42414606068044
SC_RS25475	29596.839858349143	6342.84369258501	2899.733591532774
SC_RS25480	17699.018104237464	3774.231213499855	1940.0993685187645
SC_RS25485	108455.53874240724	24905.67583662498	12489.028490049453
SC_RS25490	103352.92746035919	53800.48946825409	26161.250428235344
SC_RS25495	316.1225548578269	116.08275429999198	61.36658538060623
SC_RS25500	283.3416153312546	25.835052926540573	137.36400105627078
SC_RS25505	9.75316996401529	9.884912635812265	45.37123379796882
SC_RS25510	30.887881314625464	32.22164747341725	82.55044556308555
SC_RS25515	334.29114679876795	128.00862461299496	102.7000063500231
SC_RS25520	294.8626408925272	125.53809063625626	256.818712019314
SC_RS25525	81.21560925284481	14.677200870894783	87.43469282663223
SC_RS25530	97.43500209502479	123.50761545407144	91.33281318686737
SC_RS25535	264.76580877634416	585.1186097626858	245.50437892304782
SC_RS25540	264.8654456773791	484.1577609453324	252.62639391449807
SC_RS25545	129.25368342122084	893.721202356246	385.92357967119597
SC_RS25550	224.21938741602855	1336.760524634263	616.6053495660685
SC_RS25555	17.559475094522995	550.6210894984749	480.80386799417414
SC_RS25560	17.079327660727518	4250.889253030124	3220.7358097963747
SC_RS25565	128.62536608598992	527.3138669689265	483.48523544717233
SC_RS25570	36.93302076158302	69.65627478370904	65.37778527911642
SC_RS25575	293.67188067251135	364.58876467572253	291.12630983286874
SC_RS25580	38.99686146937566	145.43875383903148	69.19720244302839
SC_RS25585	9.763981367991006	20.39787859910302	21.060030756218197
SC_RS25590	686.8865729117514	877.3679343044565	385.61117277833955
SC_RS25595	16603.198458958137	485.87219232131787	1128.9921663719888
SC_RS25600	1746.9124233866353	164.1656299400723	171.79768040335122
SC_RS25605	700.0032134716063	281.8804142245688	156.93641332133598
SC_RS25610	392.4325791658732	263.3545495793439	140.17816322059628
SC_RS25615	264.6927136120854	227.20531992765484	176.94474540392227
SC_RS25620	11.336863238012448	123.52253821148622	451.8187510105251
SC_RS25625	19.837874714170006	34.563808037650844	124.16595351023042
SC_RS25630	294.68007344637937	175.65501499953464	125.41576780696816
SC_RS25635	78.94409189480776	44.799066358857715	90.96997769303492
SC_RS25640	31.90009128474435	11.648717182102946	40.22089788634024
SC_RS25645	132.52052828568466	171.923133120336	215.4258315208003
SC_RS25650	35.20830648621086	20.908907730477935	26.592996837586785
SC_RS25655	283.1559161812972	145.11134888741202	286.61921901233745
SC_RS25660	126.91880446255672	61.444344562660476	69.75686818247405
SC_RS25665	29389.855255662773	7785.852031877466	4402.672292582429
SC_RS25670	36597.98013947832	8095.378744913884	4836.104425859039
SC_RS25675	28633.92672510626	6337.071303508381	3785.277581988206
SC_RS25680	25310.60552924189	6251.599114405765	3748.2176288647
SC_RS25685	47340.77343056851	9941.616998549238	6087.098014612389
SC_RS25690	13072.463154256755	2528.126787647922	1809.0945215137626
SC_RS25695	29890.323822046095	4952.969209787245	3494.088270503702
SC_RS25700	61766.429165924135	9650.614222279239	6640.707093376262
SC_RS25705	19429.170158173336	3333.248772843788	2443.3054527008017
SC_RS25710	14263.38568402095	2499.957345659598	1880.0277131702153
SC_RS25715	26793.435990016562	5473.634920168708	4189.920135675543
SC_RS25720	22963.17867497744	4113.807486835371	2706.7490249840484
SC_RS25725	10191.716101886306	1867.185716193339	1310.6976233237392
SC_RS25730	27293.892167049882	4857.589414378747	3580.8501456256545
SC_RS25735	11303.377889143401	2137.448088136043	1630.1732057422907
SC_RS25740	23680.97116765456	5580.107645250498	2965.837799102582
SC_RS25745	39185.55157012132	7907.049088552253	4319.511470735596
SC_RS25750	29208.367958664283	5994.6106142080635	3513.864977495209
SC_RS25755	57516.608776534966	11890.893945949036	6922.915307691024
SC_RS25760	6592.973643105839	1463.2657059861199	820.3160669489786
SC_RS25765	38190.83457835056	10471.799097514773	6664.784483935657
SC_RS25770	5714.795610071705	2829.5796223923617	1048.803454814024
SC_RS25775	5251.576674517547	1977.6846687559323	853.2088002336717
SC_RS25780	602.9467423364241	275.5996344758737	142.71925698533866
SC_RS25785	19582.47294274699	5085.210962598001	3456.946325702301
SC_RS25790	7241.2488995903595	1957.7985545369966	1245.8599941794419
SC_RS25795	26666.809644357745	5001.040226791807	3681.834627090984
SC_RS25800	27430.409398225518	5476.288878712748	3919.866791440039
SC_RS25805	35455.65418766084	9376.767660387392	5423.930371977626
SC_RS25810	30797.20001231181	6902.124854221954	4797.51307376091
SC_RS25815	770.5339347761586	234.85961264686208	145.04581707475708
SC_RS25820	1111.7609814119091	820.5155934239789	268.9443611276163
SC_RS25825	46.29718681398281	17.173694611238062	86.40033764635534
SC_RS25830	15934.77341403097	3107.9812589227417	1396.8285345488428
SC_RS25835	13243.734179128935	3453.679017810095	1672.116634473378
SC_RS25840	2524.8702750048456	501.1468989191178	350.5118967690698
SC_RS25845	999.8853715332924	168.2075994040698	133.96239627275497
SC_RS25850	135.07969971983485	164.62498184521013	95.56078315280826
SC_RS25855	533.0472452427441	98.55705046980779	84.264684778295
SC_RS25860	376.58914886009734	169.2301422687637	176.89440030728278
SC_RS25865	97.03384230063907	81.842223161763485	51.89820576551048
SC_RS25870	131.193399354668	83.1797826485474	151.2289423556696
SC_RS25875	120.72192066413349	59.56153590356472	59.8995255091307
SC_RS25880	102.94243692882573	46.375673184379686	42.08202811329471
SC_RS25885	1421.5830726645747	347.02717727104994	273.0321131900364
SC_RS25890	407.747609439241	121.78215900091477	116.48705432328426
SC_RS25895	374.37143812362103	175.6221504548756	120.81421245920873
SC_RS25900	119.67048227436256	251.4693194863882	157.2287648214235
SC_RS25905	71.18193411277683	111.51736737509009	101.53088078317349
SC_RS25910	595.4082394589606	407.0596565971261	168.85973473918023
SC_RS25915	252.52682918088794	228.79875951805334	104.17149307929662
SC_RS25920	807.0961623284801	495.2279165547114	253.38151916237075
SC_RS25925	164.2468096647913	72.97350312077451	40.39561756108378
SC_RS25930	230.65576074583737	82.1922566369463	93.68999334155356
SC_RS25935	98.2642899266603	32.37375843185339	79.11108195709012
SC_RS25940	17.624978612500716	8.690649318948287	20.88211967327245
SC_RS25945	82.25186435005367	56.92396821097505	88.8842640588428
SC_RS25950	146.92342823618907	45.88012132160341	74.81766565009978
SC_RS25955	15.642459809371303	4.301423108625363	55.61685909012643
SC_RS25960	32.14807419498484	12.889658778673084	52.534143235365775
SC_RS25965	29377.923214434257	26990.803910297363	8473.074636830279
SC_RS25970	37460.170416390785	37039.05966993552	9583.251317246533
SC_RS25975	317.45129490608855	681.7328814965756	223.36189999717783
SC_RS25980	263.90265420010195	248.21282546504807	108.581596053855
SC_RS25985	332.9307562137979	98.93168821231724	76.34330368059373
SC_RS25990	255.73988366392368	171.36351987473134	109.93129867664864
SC_RS25995	22.6511138816145	29.071140641990922	48.82882626887887
SC_RS26000	94.41300843699184	5450.168652275397	3530.2546327213527
SC_RS26005	398.97502891210627	1143.4207201558138	769.9951534062143
SC_RS26010	5041.808217299263	4202.2769870159855	1353.3789151675564
SC_RS26015	3984.155774148041	1247.6371553539825	666.9132013273658
SC_RS26020	34.55346365433647	2519.6050286143427	1087.2217164917924
SC_RS26025	32.560930885787485	121.43403553319371	146.25094458076785
SC_RS26030	82.62262755584513	642.042229017258	278.64509742017924
SC_RS26035	4804.245933515108	1693.0958805478085	1017.6971057672913
SC_RS26040	1336.7092941337346	2052.7315746431177	1529.5460897535586
SC_RS26045	1777.7019079850024	547.124919545035	530.3830780068884
SC_RS26050	324.46083447077297	384.463817071296	179.01698739239492
SC_RS26055	1356.411822403628	324.0463531532458	709.86585705346
SC_RS26060	127.93423419037028	31.903299611286037	116.7210923826959
SC_RS26065	128.78077294137086	47.90344942176172	125.02462814283008
SC_RS26070	452.7838059343083	529.1341379602659	68.80735401322119
SC_RS26075	107.43873963285182	79.17536446552805	35.47844419562674
SC_RS26080	76.41324942244884	32.02341274645879	58.20590655517208
SC_RS26085	5387.420109830642	1504.4197201906502	534.8137001678462
SC_RS26090	672.4883252516213	131.34577465400616	66.42336585468648
SC_RS26095	188.6396083393552	138.43878642111906	111.85202772177155
SC_RS26100	236.87033820984627	259.9830071056635	238.61238099598256
SC_RS26105	125.95270517369984	107.98427473403372	111.15703658559075
SC_RS26110	38.09384337935796	59.62337924165772	93.85832034157319
SC_RS26115	183.1692462445182	426.51279336723275	749.0747809055738
SC_RS26120	284.98688298086375	411.72311521807393	813.6749047865377
SC_RS26125	422.5505170532394	535.3468597465387	376.50244310571236
SC_RS26130	207.68866382631845	3632.402162476951	1581.7825640389406
SC_RS26135	74.30954520088075	64.18901264046983	51.236490809276205
SC_RS26140	280.5003138404694	164.60211102067476	87.05885133606792
SC_RS26145	467.5689155887033	628.8635175530377	232.85680718262174
SC_RS26150	2781.5359841778954	1910.2958009309032	1045.066727628723
SC_RS26155	757.8184864909549	677.7092726854648	401.0404699482886
SC_RS26160	31.201810489064275	49.8038876578899	175.30983403973423
SC_RS26165	643.1891304303654	662.3134676466473	859.8681604134702
SC_RS26170	616.910702845703	318.66578508933645	365.2704301933818
SC_RS26175	1094.2632430374308	96.00235684162453	180.9692816605615
SC_RS26180	1529.6268238937087	115.61291989984822	228.66911686624883
SC_RS26185	1306.7885018944248	184.42774157073345	377.98943108532876
SC_RS26190	447.12445064127155	86.33719426102819	155.52881698043848
SC_RS26195	358.4339829901734	67.76687355377061	81.62841983711455
SC_RS26200	20574.8895373123	26518.181876557064	4267.65703310358
SC_RS26205	14282.215067362806	21435.731052728985	3442.972105557902
SC_RS26210	310.67453871894986	67.92700248856708	89.0814345241727
SC_RS26215	211.45908239767698	35.9858393860911	110.55131331823192
SC_RS26220	1360.9613846889765	380.2572784100931	379.4124747471912
SC_RS26225	949.2453835882943	133.14681827106318	102.3042447542803
SC_RS26230	2411.4220361313205	462.30287506382547	374.9687553729696
SC_RS26235	162.12095183516612	14.884250386369457	19.046026707047304
SC_RS26240	239.84229204425145	28.60925430896774	38.559389307268205
SC_RS26245	52.145815707007216	21.539425576602007	145.41035766865411
SC_RS26250	49.9424908245369	117.55836870919285	148.04546266161293
SC_RS26255	24.561334959041293	54.81290691835894	95.94797546793669
SC_RS26260	20.009542702457058	41.68000283951094	83.3353055046664
SC_RS26265	80.29275557989081	446.0674895836588	296.52246420936456
SC_RS26270	183.5054333210319	397.1356689652637	214.10679889117125
SC_RS26275	2835.4793102058175	920.4724945744166	158.27461011533612
SC_RS26280	2046.3101201763545	970.6902099721732	319.5872952211215
SC_RS26285	823.8763313645803	394.25287605579757	294.2787155263467
SC_RS26290	2286.4046671587357	858.2276860753825	714.4260865190241
SC_RS26295	3249.2876851307988	5079.226324046863	2333.24847249656
SC_RS26300	924.1351916831225	139.61559255268293	153.8725509861882
SC_RS26305	631.7114385388808	126.08549211700188	130.12706613889048
SC_RS26310	523.8309662131966	84.07339758955236	76.10599871160578
SC_RS26315	554.235510339802	98.63596887374939	134.31789793556877
SC_RS26320	346.80677671845876	62.475147704686755	72.03505484901723
SC_RS26325	686.2811348093813	239.1839764892626	159.01267230335412
SC_RS26330	70.14576706945304	66.18748999939126	40.628234955412395
SC_RS26335	73.65192535753228	81.0684091457195	52.55006606363778
SC_RS26340	21.565616399334036	14.23023729528641	76.47428172238622
SC_RS26345	267.6282903288603	498.9402588494159	271.63111045450785
SC_RS26350	21.554804995358317	8.921436380353978	40.978484175084965
SC_RS26355	1682.2169742410472	1257.2983948473666	592.391504164966
SC_RS26360	443.1874753583535	278.84256123607696	310.7223426950615
SC_RS26365	53.748547125384555	20.470758943385775	57.78877461420926
SC_RS26370	43.638010023124764	13.704597616708485	83.37987672444191
SC_RS26375	2.693043535464768	0.4146535421331844	20.840069280585276
SC_RS26380	22.366487215293223	4.111760869211074	53.49243161735927
SC_RS26385	49.305149310345364	3.4721160243589946	23.49980567150212
SC_RS26390	347.3747898663246	169.0779614010878	83.07908137301096
SC_RS26395	977.6160826597629	912.7015266155087	401.1278875711361
SC_RS26400	332.257037581976	69.3345956815366	47.21765692960805
SC_RS26405	1027.722825934076	190.02379599212028	146.32298452718626
SC_RS26410	188.68464118027313	80.18329678301896	57.56738261517382
SC_RS26415	97.32561786702078	37.574592240170496	31.74176693822242
SC_RS26420	152.6704568953933	68.23115449619961	35.94891171078623
SC_RS26425	21.031766637995517	127.78030207023485	36.080560333692574
SC_RS26430	111.38394165617431	453.76190475792055	126.46025807885236
SC_RS26435	5163.005848548075	3659.4441834330355	1140.7889998107776
SC_RS26440	10414.51778646246	7793.006042129469	2219.367120980048
SC_RS26445	1972.9814448141422	1398.3093652450182	409.0562524218198
SC_RS26450	2311.2419711042853	1796.3710326771438	451.48640893363176
SC_RS26455	72.2759967876646	257.16691666234175	88.00959109659705
SC_RS26460	217.08437859820418	1634.5806618010597	308.8875548229679
SC_RS26465	43.15018288916318	416.1917859432077	227.177620670622
SC_RS26470	28.930205077142162	201.3296966903067	138.2050536173721
SC_RS26475	12.53655958310389	20.786330076659606	26.036667652253257
SC_RS26480	21.867848677355926	9.341885681173956	23.582195499973597
SC_RS26485	27.249371511796276	8.237889984653117	58.83312959850305
SC_RS26490	178.82120149581263	33.04817782882624	61.80399150626493
SC_RS26495	159.70797072953343	38.783778314449286	82.7414880720341
SC_RS26500	13.901129708757486	37.64500806580767	144.85123307957016
SC_RS26505	793.6517119701366	1561.268437675313	682.6798369382686
SC_RS26510	110.704063910751	95.56198583685882	126.73988801718956
SC_RS26515	153.5416458641372	212.35282506357674	101.96276974734836
SC_RS26520	173.24548613255988	914.4964954267158	352.6583553098513
SC_RS26525	32.317954958256784	2316.523336968715	491.85597843315566
SC_RS26530	35.92160823002028	3565.563743562812	1050.464012378482
SC_RS26535	12.05819937432352	2074.684717721014	549.0535122265561
SC_RS26540	20.268337016673264	616.0484026521989	170.71548709372252
SC_RS26545	17.793426843093094	1801.1677859918077	455.4177496890783
SC_RS26550	11.33909320924816	1290.539389590978	239.2577731180118
SC_RS26555	24.015241261047496	2957.8999282144673	892.6573430943786
SC_RS26560	19.384357071035748	4139.410052420762	1160.8498976669525
SC_RS26565	8.961323327016713	6863.9747277847655	2220.5912576462006
SC_RS26570	14.620235873832847	1406.1394697224014	508.42997470412257
SC_RS26575	284.16232173015015	2191.774722527648	1038.8888449326323
SC_RS26580	561.3872973273009	1303.845496917939	585.0692468724163
SC_RS26585	7551.188566854373	208.56767233382925	262.50877384857074
SC_RS26590	1923.5694216488164	288.47048474590696	224.96475491585733
SC_RS26595	898.7827194717537	186.43212134377237	158.37714469775133
SC_RS26600	971.9162425221647	183.71396754075144	174.82548501460278
SC_RS26605	582.6632057870561	64.22736073360386	60.601860334649636
SC_RS26610	1337.9253259022796	145.32419416157347	138.12988204896783
SC_RS26615	33.848743343267046	47.46228160484014	30.296543060954498
SC_RS26620	90.08980625393238	173.3330184402188	170.80611584141118
SC_RS26625	83.71759196330682	48.59247936593758	79.3476467004284
SC_RS26630	98.57777635487851	163.02248516532336	133.84081309692013
SC_RS26635	1997.740194536486	1537.5580464655743	1420.5315504999392
SC_RS26640	710.7558024288468	311.93075069158874	162.83963808873045
SC_RS26645	98.5461395815075	81.35468927534755	85.3352927562749
SC_RS26650	114.59922611044574	86.01582736906757	66.97357694195816
SC_RS26655	45.50454273842809	112.57808594118575	136.63104216400288
SC_RS26660	52.19470339974329	116.75661918578098	250.5046881994643
SC_RS26665	227.05175278173832	1101.5537902968208	601.123667836537
SC_RS26670	52.787809511572995	135.74159343517175	79.21598821920257
SC_RS26675	51.369344710473534	103.14974848165394	1084.7310932529604
SC_RS26680	426.55874222498613	163.9389709308637	264.7006193361516
SC_RS26685	378.5388787589641	165.02440041971673	100.03884929402324
SC_RS26690	2120.4615277539833	870.9985131329828	422.2875918629645
SC_RS26695	1935.3338821239731	696.8617326793978	379.8355198540896
SC_RS26700	3884.3715603940645	523.8865517900647	3043.397120977293
SC_RS26705	359.6353622662621	243.52937105797648	158.4074245433024
SC_RS26710	17.759560098486375	160.20042657158263	91.79110029063827
SC_RS26715	795.9572584172131	820.0347220176453	459.4572734745331
SC_RS26720	1318.6265140433982	527.8328399944838	170.64861022927053
SC_RS26725	2548.5285288698637	879.8688309712217	288.52754299730657
SC_RS26730	2901.174500556701	765.816132987772	289.89200850015055
SC_RS26735	369.39989067449153	87.39284814429136	77.2696866198269
SC_RS26740	783.7401239810812	126.41098706115959	131.3402177736727
SC_RS26745	1787.8030106423464	273.23883779473255	170.10874902405195
SC_RS26750	129.2216919555143	58.23199439314114	53.96112838939957
SC_RS26755	4790.850779158931	1675.368504095194	1014.7983593073219
SC_RS26760	536.8734012881833	21808.291534982243	8314.640752452266
SC_RS26765	1876.7803905046212	1204.913295703363	479.67025499937785
SC_RS26770	75.35974340587492	26.42777719071446	50.07756012025025
SC_RS26775	427.03179880913615	258.2292004524346	144.0675888709461
SC_RS26780	27.6423926196626	18.17829568868775	18.192238724394958
SC_RS26785	101.11362580994721	102.58767071740374	56.25169639797638
SC_RS26790	508.3723302748826	558.7809278005822	273.3846185184548
SC_RS26795	392.20211381344825	174.90691844612317	109.10588450883775
SC_RS26800	1712.6695948584952	354.33240989190074	268.07984297361685
SC_RS26805	673.7792394094404	429.6638630557193	220.44429416075732
SC_RS26810	30.39370271915959	6.915253255284014	51.45073419278027
SC_RS26815	88.24231168300923	27.99334701004668	96.78965268373625
SC_RS26820	353.6347386234543	271.7351812227331	293.38778351759345
SC_RS26825	196.80220276776333	320.6113038079209	127.49671436364562
SC_RS26830	134.7043722775542	470.4126996732471	140.8604327950268
SC_RS26835	6605.6175674902715	7559.658676193038	3115.228453679322
SC_RS26840	52.4005928249726	26.180157364432223	93.7164611256854
SC_RS26845	22.778901159875264	18.677975603661118	49.51592856387864
SC_RS26850	19.939032201769553	11.044401400555474	43.0783498944299
SC_RS26855	26.029839583768513	11.815196386770056	68.80212128671893
SC_RS26860	38.62689570214034	11.642921423416151	41.66367058105563
SC_RS26865	146.87231057221726	17.10962905547152	30.70829712950513
SC_RS26870	59.13320166363452	10.469064412441975	21.909461525608386
SC_RS26875	135.43795235052056	34.665667175367574	67.33042962531917
SC_RS26880	179.32850952037498	33.255539554512715	82.23475790085212
SC_RS26885	807.3771564943562	271.978184221936	197.73276448780348
SC_RS26890	4388.64585902343	591.788502155552	103.26185269684045
SC_RS26895	80.61268152349837	5.986551551946497	47.59451907932238
SC_RS26900	64.51169708828301	26453.203506288697	2606.312235633035
SC_RS26905	16.45736178700088	7067.200074892437	662.9909947210155
SC_RS26910	11.679209428127589	2232.427097765194	180.36388875459986
SC_RS26915	46.294956842747105	1600.4099725126425	162.59966714674422
SC_RS26920	72.49869438603838	2300.0582214116152	281.2334703026298
SC_RS26925	190.03160569422613	182.04050052404364	61.37610967731604
SC_RS26930	66.86998607991369	26.354896846431703	18.897569884309355
SC_RS26935	299.22804085461564	70.61975103916733	55.0092954351126
SC_RS26940	2950.3683185463897	1276.3623123178716	288.7244428874556
SC_RS26945	1244.6322287324133	5316.6576920586895	2500.795797786439
SC_RS26950	1465.3879778514618	981.0157974770866	355.6138493995036
SC_RS26955	1670.9306235763531	3009.1772495728096	812.1680749855403
SC_RS26960	269.22537967040444	201.47910082912523	66.59495390744414
SC_RS26965	265.87560178403237	107.4379165393542	91.61638061589473
SC_RS26970	192.2079623338324	226.79406753480262	162.4408703002727
SC_RS26975	246.63208960660154	639.2934654605043	345.03690390866035
SC_RS26980	279.3635363497844	195.0538459789027	199.6395365215803
SC_RS26985	173.44164199415752	166.85806628046072	151.94582927227435
SC_RS26990	1403.8418413257973	669.2300805711473	604.6111244319073
SC_RS26995	868.3399667154254	443.0054102743537	244.43430223711016
SC_RS27000	1207.6388875433327	4751.555871210487	1385.8178695644892
SC_RS27005	686.9140881948539	992.0857765217951	450.8240391114414
SC_RS27010	1366.4616543825844	1097.7332060212761	767.6026551169822
SC_RS27015	67.03307263546073	133.00716555139627	194.73529950831934
SC_RS27020	90.03189438223569	209.11649504715433	304.0252230564842
SC_RS27025	22.526901053383952	19.50148692924069	77.77852775384474
SC_RS27030	44.67739682414323	139.74046233341454	230.88518974437346
SC_RS27035	673.7530661283371	557.7801425651178	347.94067816300577
SC_RS27040	268.5442617402044	253.3129091580161	156.61609787065953
SC_RS27045	178.86249754226768	72.92436032242277	87.05973670762751
SC_RS27050	181.36992998166005	298.4946679819345	282.6538519929752
SC_RS27055	143.6757095699905	285.679520507843	517.9356514941915
SC_RS27060	193.0114178133628	90.29653196159133	109.63772158528488
SC_RS27065	384.5489693269531	108.39066799883454	137.66573756399643
SC_RS27070	22.215644596401454	11.088302951404254	27.72321349205461
SC_RS27075	408.11389646242833	305.2319861607192	1039.9845872447115
SC_RS27080	408.00150106476514	172.82754276655865	200.41378586424673
SC_RS27085	45.900148509865666	23.23336880843935	59.73793726038995
SC_RS27090	595.7541576223106	252.41922430777137	145.85109634694373
SC_RS27095	754.263600377777	140.66718412005056	120.16501813407972
SC_RS27100	131.836278651675	11.283760949505337	58.6837874042055
SC_RS27105	559.7474931699595	167.43673450861544	106.16393170944075
SC_RS27110	239.91225550470057	90.97095135856418	64.88609256464684
SC_RS27115	72.75069449252969	22.745280410839577	92.53909663961856
SC_RS27120	542.7581431371829	1770.360053580916	740.8537132577088
SC_RS27125	148.12634433897517	370.1118362703341	214.0272701095048
SC_RS27130	190.1485815685112	796.3284298699931	207.22678630168778
SC_RS27135	117.03069832022024	213.47705467425513	132.57255914630326
SC_RS27140	175.69054675778418	231.80253228408785	161.88944348004426
SC_RS27145	80.3153681743012	267.98820002144913	142.2167290231894
SC_RS27150	55.5576107152118	65.6405772935279	84.3530574172379
SC_RS27155	3.5453867077312813	30.36448636771425	37.59341701621991
SC_RS27160	3.187222130930638	15.024769827432008	9.942388616493618
SC_RS27165	38.51492681056507	28.107109875348797	29.54215803873148
SC_RS27170	18.852737280932942	24.81608360285992	28.8396182810863
SC_RS27175	17.740167261770655	16.496498485407834	34.211881485273736
SC_RS27180	8.952299148056104	20.161295779010533	110.45633721560057
SC_RS27185	24.671073879380845	1107.4677737146965	325.70566445873743
SC_RS27190	16.857974541148245	457.99478530217954	139.80492205997564
SC_RS27195	30.427569463766307	1005.0179813550391	319.4413690837914
SC_RS27200	41.39044973829261	577.1574540432902	364.23028727644027
SC_RS27205	31.882042926823136	426.1880994081691	178.08740318664005
SC_RS27210	47.965421750337875	515.2260643690961	262.58211888912075
SC_RS27215	40.405312305055546	599.4650744419198	224.4986347556405
SC_RS27220	18.798045166930937	620.6332592523552	248.88589473735502
SC_RS27225	13.293549689036787	380.82536166074937	167.89797451548415
SC_RS27230	27.3763613515009	1161.5166879454027	420.4074130425904
SC_RS27235	91.27046445464363	629.9390847943703	312.70253527076244
SC_RS27240	36.733290449955184	384.94426961198695	160.9830601488449
SC_RS27245	8.612182929176676	24.600219298869032	33.08445623307512
SC_RS27250	13.725444524219613	51.182571966665215	116.14632940032148
SC_RS27255	9.46452610144319	20.415265875163403	45.67460576122324
SC_RS27260	1.0736962918457849	2.1726623297370717	28.556721433172793
SC_RS27265	41.048900986733614	33.170755482644566	51.322217191859814
SC_RS27270	94.97670774668626	121.03017252334004	134.2763131918692
SC_RS27275	351.3965572099183	590.0010589626806	248.9516970132789
SC_RS27280	1158.5958728390485	1281.1617849709676	782.5514356761573
SC_RS27285	664.9410810737802	593.4786585355147	359.16690333867155
SC_RS27290	117.88939295399103	144.60784895751516	89.98433615535
SC_RS27295	76.89106259099084	86.03599137398534	62.70315657739709
SC_RS27300	204.5812430134864	41.595530977854594	92.07617774592345
SC_RS27305	441.26053416166735	4485.700638054783	4132.829209824372
SC_RS27310	7875.426748070744	21000.600079558135	5360.583741313352
SC_RS27315	1009.0287177430138	391.01536293482957	367.80851776540925
SC_RS27320	3308.246059055392	1616.6367723966544	260.34698355777573
SC_RS27325	3877.4382757443936	1614.9067358626094	363.5038563464867
SC_RS27330	222.5812824298173	130.51313632969857	131.4498911132998
SC_RS27335	1212.8875718297247	805.0862295108388	818.4819234482222
SC_RS27340	733.5205076058237	224.5975977498948	240.51345065278832
SC_RS27345	890.697916264786	156.87160671714355	211.33276722902258
SC_RS27350	162.9110112471496	36.99623622222759	45.53962058420476
SC_RS27355	426.50741597297883	111.15216884152045	184.3426380585068
SC_RS27360	1893.6031725392963	1354.1592798676636	569.4994710820852
SC_RS27365	1463.9875496014713	2108.1143350011153	1123.7592884100827
SC_RS27370	502.67526714875845	1260.5917748101324	298.1382613370784
SC_RS27375	455.840375721619	2946.6630950119243	735.7706955051002
SC_RS27380	68.84213622528797	15.290331440958468	102.32323356148358
SC_RS27385	1662.6718323994528	1544.390778785793	462.46459311212425
SC_RS27390	371.73639451373805	98.14930170872907	143.85987344975638
SC_RS27395	168.72354342433155	317.4463588210238	467.46408666151694
SC_RS27400	1383.7459697359673	374.9780439628273	385.843040088699
SC_RS27405	2419.435793083904	1081.5296417997024	774.992499924675
SC_RS27410	552.8820763069896	72.61958389436666	78.72048344331375
SC_RS27415	113.42927501969244	9.50256912715427	86.52008043453516
SC_RS27420	15.45318620938364	5.235920570649677	84.51451037838822
SC_RS27425	178.79680167638713	23.919691932997587	106.72877439065356
SC_RS27430	90.98826010746089	30.793820366290202	27.79437792523291
SC_RS27435	358.8057359824238	206.56561726095634	119.1935286815476
SC_RS27440	946.6084509361738	166.02160794122966	155.25076271141373
SC_RS27445	96.50392168166631	74.5534411863377	139.2996224121962
SC_RS27450	1418.121400177175	1423.6587984655425	441.07404802592475
SC_RS27455	1044.8592542646068	799.422959031253	312.7940395316912
SC_RS27460	501.86779447297715	665.8560362428343	317.400903107327
SC_RS27465	1752.1491721851048	507.5381102930739	313.0024353923143
SC_RS27470	151.07996941367125	74.30280233022606	55.684141817349676
SC_RS27475	126.82067438474903	92.42529274047962	77.61898082340406
SC_RS27480	402.6687616290431	378.60268563832676	330.4918736422027
SC_RS27485	220.53782434519934	311.80945862480854	242.47235238612456
SC_RS27490	7.740801612529984	11.254469945859563	61.43326717125144
SC_RS27495	101.70306941786164	38.49146012516239	91.60748097388316
SC_RS27500	119.98789784494653	103.651096103117	48.2940625025721
SC_RS27505	15.931103671943404	42.16840344732252	65.93242322418607
SC_RS27510	67.2932994823565	92.1415470387369	1301.1800203460052
SC_RS27515	0.6856821666892466	2.940680587094276	2039.8526142859994
SC_RS27520	7.134654125488851	23.358723191115057	13454.61551754928
SC_RS27525	19.75611006328618	42.70563464327403	7916.5534896373265
SC_RS27530	7.790486743822203	28.629972825069345	15010.914535177957
SC_RS27535	27.449456515759657	59.72746059704799	13904.841225447231
SC_RS27540	154.07791794461423	368.44062404455264	8486.844118117702
SC_RS27545	60.043811399933254	264.1485975095454	2640.2833677364524
SC_RS27550	76.118608790708	255.29178119614178	11509.640438691426
SC_RS27555	28.810009445162436	82.64532818145327	9157.874157192078
SC_RS27560	41.975771855938454	133.77296159107993	14237.550156905372
SC_RS27565	55.06075940228962	48.72449622869571	3917.0035470039634
SC_RS27570	592.6365467362889	323.5311959696738	3675.5454143197326
SC_RS27575	109.44252655159711	37.9307336842519	22174.46211155743
SC_RS27580	117.1516913907561	32.98966573077445	23873.805950831447
SC_RS27585	83.11600871275486	339.2160868570874	7283.237377729843
SC_RS27590	8.169476690018133	30.446251409752975	18430.54992888771
SC_RS27595	9.501967296080124	28.647360101129724	10322.349750609486
SC_RS27600	6.615632964376871	19.518874205301074	5470.934875483108
SC_RS27605	0.9833502082219548	1.6470226511591477	1300.8579840801067
SC_RS27610	12.8500460113221	18.54325192128536	6534.310905374365
SC_RS27615	10.357530226041316	19.235370804530394	5097.297430515293
SC_RS27620	6.7574514043080285	5.455116114681777	2352.9917871008697
SC_RS27625	14.554732355855126	23.91087714448138	1220.5849251716982
SC_RS27630	18.6986749043465	33.10367089704861	675.4749683247163
SC_RS27635	46.346074506718885	20.4210616338502	57.7386304482148
SC_RS27640	55.74911428643518	40.38967614361703	93.72238414994051
SC_RS27645	19.774158421207396	73.5135110455834	87.76874464137072
SC_RS27650	12.678378023035046	16.70077127202513	29.069239341019454
SC_RS27655	168.2139011345157	145.79187625328348	173.54205431820185
SC_RS27660	98.68295103872887	998.0071167494164	579.9328180442369
SC_RS27665	189.99595172460428	957.0786892779181	443.224328486445
SC_RS27670	236.01576506634404	1078.6828806290805	305.7462410925499
SC_RS27675	71.72847055699124	138.10336349313928	198.47381315189745
SC_RS27680	406.54667290937283	1601.125183066908	977.0458985875698
SC_RS27685	411.2502975713077	78.59176720008217	156.33109991822965
SC_RS27690	81.9780490877081	24.976767048840234	95.81544147347074
SC_RS27695	40.928350662418346	51.16240796174745	212.47817048759396
SC_RS27700	39.96618051592722	22.46233152125273	77.75192468212249
SC_RS27705	10.646174088613417	19.521650934158455	64.96270451477315
SC_RS27710	34.40886820293123	148.72676108169094	188.267850857572
SC_RS27715	8361.957764494931	2321.951010523849	1108.8625968981314
SC_RS27720	5103.38687557047	1076.152828014415	609.7738259704117
SC_RS27725	23040.810844665968	6223.444915510487	4078.434810365467
SC_RS27730	3777.5482078684718	717.3946839172794	510.6002646309961
SC_RS27735	5700.71130482908	799.1474362708556	590.4693445964406
SC_RS27740	6022.166893808025	950.3274838717044	668.2966457790935
SC_RS27745	61.918023815402684	18.128598379152177	114.08905922550666
SC_RS27750	10.59871892855691	6.296014716321736	62.065663154868346
SC_RS27755	10.917212339484905	12.384425405984961	56.76075232243997
SC_RS27760	22.984435892769035	6.529578506584804	61.594855419992186
SC_RS27765	188.0622325603259	87.98366240100351	104.7394673824953
SC_RS27770	865.070078201037	1547.3146681169358	659.7021332575392
SC_RS27775	180.71078955174696	1985.0529158904033	1102.706669768681
SC_RS27780	114.78206019504405	739.6548540412194	344.8062326146187
SC_RS27785	97.55098818285087	645.3103145559718	579.2773564736549
SC_RS27790	712.1073149391563	535.8889500705417	209.5404953986038
SC_RS27795	236.77105600114686	186.70163861776365	72.21555240210594
SC_RS27800	3817.9609844324364	2930.661143618806	1480.93961113611
SC_RS27805	161.91175459835705	70.850538100573	99.26133304178052
SC_RS27810	23.811936499389436	25.306394218133235	56.89743859804182
SC_RS27815	92.20011233532256	55.714782136696265	88.51462016919567
SC_RS27820	250.9412606279906	120.95229740546455	75.89596739545395
SC_RS27825	48.562545058418394	16.586766105750975	57.31394988578761
SC_RS27830	304.0778558450681	178.67166486998084	124.44244196826224
SC_RS27835	2522.9656547142395	2763.732217829893	957.8326573924843
SC_RS27840	778.9792643518552	248.88137919409434	175.4330486696166
SC_RS27845	127.38520113646969	1059.8520304178764	328.6728495926705
SC_RS27850	238.5710954120135	118.72382979729332	203.83771200759674
SC_RS27855	670.7586039935393	203.80571421552042	165.4543277525647
SC_RS27860	717.465708142418	5999.156482562045	570.5421111079949
SC_RS27865	172.98812435102326	183.98230588313527	116.39506469672888
SC_RS27870	360.9674981799886	185.28595753919404	114.69633844553893
SC_RS27875	183.90291437136963	139.93394041481412	74.19485960624729
SC_RS27880	98.32156670423356	133.09187971402466	40.07958967913367
SC_RS27885	594.5477738403073	1860.821401213623	401.27314312735234
SC_RS27890	6219.515988232608	4659.3218629545045	2160.581038430284
SC_RS27895	894.8692285123499	320.24127871955255	218.30272812676137
SC_RS27900	3846.2926149518908	2212.6525269667763	6648.098347372587
SC_RS27905	1639.8025433456712	1096.7753525429762	2540.1001365440957
SC_RS27910	2115.0151227323513	1179.4576365750947	1082.990205039613
SC_RS27915	611.2377428970838	1427.867723390275	347.6102137609212
SC_RS27920	851.0342789524088	1131.053361469801	387.7394779555806
SC_RS27925	2310.5688157528343	3152.4210615149436	961.4296218286333
SC_RS27930	150.15067622532789	110.9100325637132	63.63688320596837
SC_RS27935	485.1127346409735	253.58603671921156	193.1680865924453
SC_RS27940	197.58546797202192	66.56983350804924	59.09656213190616
SC_RS27945	386.8640127026809	235.02331512267182	161.76758972902857
SC_RS27950	140.22826059216408	70.79559954353448	126.7903724029007
SC_RS27955	218.26745911805398	37.378579730885576	81.02317207706282
SC_RS27960	72.65677395887565	43.99016558048115	74.55314281301082
SC_RS27965	85.62236331180323	148.09926226539628	152.82417900834892
SC_RS27970	1027.0248142536416	324.6047217309414	203.3502313604794
SC_RS27975	189.13592885217167	34.45528641985169	81.77163407503075
SC_RS27980	357.113351624961	462.67914317683767	2382.3599352420233
SC_RS27985	332.7076158692035	409.54369209870015	272.60247047628786
SC_RS27990	358.56069242809014	260.7550876789162	187.01374499062672
SC_RS27995	7247.978592223363	1082.3266182062594	1389.7468044274995
SC_RS28000	671.4031824616764	793.3418062519851	234.44634145832998
SC_RS28005	465.0266266182452	521.9548100603365	442.31612448422965
SC_RS28010	2848.9495211025137	4037.8532418664713	2564.1507178805846
SC_RS28015	1109.2320722688653	1315.556414740414	612.2004851748507
SC_RS28020	245.23195356521117	240.79011661940237	139.20307649709068
SC_RS28025	1174.2013504401361	1005.3263722432375	687.8228251590779
SC_RS28030	1235.2649472163364	1221.11483849931	730.6603785261783
SC_RS28035	38.255497402225444	5464.167676891056	1149.2104234753365
SC_RS28040	49.7618867111743	1456.2568864437044	268.27632314119387
SC_RS28045	21.345607758549267	2211.576376813946	440.61269494322255
SC_RS28050	63.12808881824924	2025.2148395146046	420.64710355107627
SC_RS28055	3485.453053151528	22486.094612788605	3632.0543285481217
SC_RS28060	932.8977444815002	1053.4050463387389	604.6533141136662
SC_RS28065	37.77311999719426	13.2899440745753	102.43467764422986
SC_RS28070	1126.2369022361245	438.0551495858466	489.1680987330009
SC_RS28075	184.27144760592537	110.99172769651217	118.4994827031427
SC_RS28080	367.54193939192817	122.43339536314045	319.49875122649206
SC_RS28085	516.6199971657543	288.7100166865891	306.7466035853507
SC_RS28090	1447.5495481709208	1217.2467459688546	528.3061983716532
SC_RS28095	915.3374857117585	635.6778808744932	252.65298712790084
SC_RS28100	171.75463555187275	1037.6270489489652	375.3634226635454
SC_RS28105	366.4501066882761	619.5365172932916	390.128907774225
SC_RS28110	1487.5922684369698	1023.6719155484337	784.0218379585833
SC_RS28115	462.53179280784366	74.29891657900099	114.84866711591243
SC_RS28120	413.80759372655774	74.48913332959911	74.71873819697755
SC_RS28125	361.183756262973	522.0356384717398	385.3307271129786
SC_RS28130	56.70940915402613	65.9657600274738	122.93463279674991
SC_RS28135	81.30639808268926	271.1656399933064	122.16738692370495
SC_RS28140	2509.7051575708506	1397.6478845158204	1626.1155963824742
SC_RS28145	487.54137178885895	310.9198692535082	370.7473192261814
SC_RS28150	840.6135794736432	667.5990855268325	666.3883735773784
SC_RS28155	1078.68290464391	959.2066780618229	622.559530225
SC_RS28160	5107.629731871987	4928.083448970226	3111.5337759596414
SC_RS28165	658.7805443895172	589.7117965494142	392.0233043228065
SC_RS28170	285.61099077194103	378.19587768082164	215.6460537132946
SC_RS28175	446.35904144703136	208.5511517791645	166.40520280068424
SC_RS28180	1099.6860619183262	446.25611270994517	742.5272681796367
SC_RS28185	848.1010202607547	871.5774977442875	273.5664670920907
SC_RS28190	12071.116629592701	10633.13478277105	3323.8779255618733
SC_RS28195	8.185295076703635	7.738764580863589	9.214606665992866
SC_RS28200	888.9362640682078	573.5322904298596	779.7353791947988
SC_RS28210	491.1217773720886	504.4439958245183	394.14331079461397
SC_RS28215	12.79034691461031	22.49464155472792	60.40591546059601
SC_RS28220	243.89024643228578	128.43709189017528	101.18662423229183
SC_RS28225	178.7927844801363	112.66471011127588	112.63695730788822
SC_RS28230	146.87330035867623	148.9026095860581	96.49253410613412
SC_RS28235	741.6025638047873	171.76769092185862	115.92616299256233
SC_RS28240	1452.1942736514955	489.2976548831431	233.7908740309097
SC_RS28245	201.199135209205	70.87681007438937	71.73372420406285
SC_RS28250	223.59770194408983	501.0725232600777	272.60158510472826
SC_RS28255	135.5386670918995	128.0315653467701	88.0202713400473
SC_RS28260	2156.713875808382	7155.657954758817	2308.4448759479683
SC_RS28265	485.52990516994754	1551.107102984455	529.5583344201913
SC_RS28270	294.9422798661931	2735.1471238849804	1112.4998428392055
SC_RS28275	21.712441821974977	1020.4448765765952	372.1255408097264
SC_RS28280	1414.5774622422562	1783.359305663769	928.8633458107986
SC_RS28285	1397.329966752724	730.2989532431554	246.87353200055117
SC_RS28290	50.18010507702227	319.17976334130105	120.4405614343356
SC_RS28295	141.57433961367585	591.3114839271908	194.17508861703075
SC_RS28300	1333.3785012949184	1510.203629326482	288.6852495400923
SC_RS28305	495.6641189436243	718.0980127882425	69.07636935116273
SC_RS28310	1440.208657358253	2636.819505200757	261.50407786062794
SC_RS28315	3902.982882244683	7753.304640626797	567.9857290279982
SC_RS28320	169.65621871480232	209.33593289215847	94.9226749339008
SC_RS28325	405.7364975126651	717.3869414049399	460.6266794748831
SC_RS28330	96.41679535573715	143.62063515612587	95.7495097667947
SC_RS28335	242.57376656081212	129.48250557940457	104.28232636714536
SC_RS28340	306.90824163785993	84.74209113707816	134.86863445804437
SC_RS28345	114.59188486248249	25.823461409166985	64.29595190584335
SC_RS28350	34.19975902000725	14.817165800773497	53.27124455045008
SC_RS28355	110.41372087704886	16.817553167156664	99.33814992403306
SC_RS28360	343.0371718257891	327.9444719361395	194.33653171986157
SC_RS28365	27.13597008754145	102.28455782289913	105.16796000634173
SC_RS28370	188.63539879520152	357.7830763243038	202.7725318299259
SC_RS28375	707.7458603595663	199.0283487378527	205.00024396907742
SC_RS28380	2905.8801372718194	1583.6799463933664	1114.8024322534602
SC_RS28385	592.5168263307951	324.05430539330456	185.4985822714568
SC_RS28390	417.8698596780504	395.29828974502686	188.92814114724206
SC_RS28395	1151.8870124855562	2398.481364475845	1291.83375798121
SC_RS28400	506.64244667236784	1333.1269899151312	911.8451035880428
SC_RS28405	105.91930969205563	328.69263839879073	145.59405248678334
SC_RS28410	111.22996733347294	135.29431764935157	151.18553108411572
SC_RS28415	51.84547494801819	99.55290666798103	130.72352982788206
SC_RS28420	24.957930516937836	335.8696374256159	340.0848944091021
SC_RS28425	17.19129655230278	3853.7011548980777	1137.0523324116928
SC_RS28430	60.27740845616781	2382.2781533836123	1195.572301031889
SC_RS28435	35.59909762284147	176.07831093845175	126.92161116155455
SC_RS28440	47.1595439516689	162.25082345771315	85.08322090575538
SC_RS28445	38.717241785764166	76.54747828285024	58.087039280232354
SC_RS28450	815.8360444820324	591.0644553582833	1028.2356283476788
SC_RS28455	262.001974338404	234.0571320475959	151.26533044096303
SC_RS28460	291.13997412314575	414.2986713537765	326.8218045294266
SC_RS28465	332.8299534185339	1525.4296860737509	842.2677338715035
SC_RS28470	640.5140609622741	67.9711463403879	116.94609151102432
SC_RS28475	646.6388974333125	458.2604168249457	129.19326986578338
SC_RS28480	558.5705717637111	114.07514994234253	131.9965607143331
SC_RS28485	1180.0515879736101	3473.317952302421	964.5731463776809
SC_RS28490	483.6623826681852	2213.4628169942757	481.45482320410287
SC_RS28495	63.202616515187565	41.662927773662354	44.17876221065375
SC_RS28500	334.6555585430551	230.14766404830064	187.22546754704246
SC_RS28505	666.6764281685627	177.27392557865545	169.52316065231736
SC_RS28510	726.9774390055999	188.0060870859783	154.07025674504152
SC_RS28515	540.5137145561603	225.82083986019273	171.45790649500267
SC_RS28520	102.15122538595057	59.39783342775498	52.60231133414861
SC_RS28525	67.64565963789121	80.19877405161759	206.6171813283739
SC_RS28530	75.40450960834241	172.09422915208245	678.0414081395892
SC_RS28535	27.860525981547195	124.42434352058378	258.6205679326589
SC_RS28540	50.36982142323054	234.631532405074	574.2620097405261
SC_RS28545	2.5105641432019987	17.06270847479332	40.47610135884564
SC_RS28550	23.813723724404547	110.7407766301887	279.1501323496162
SC_RS28555	26.33251460801101	99.59920282823562	273.297121392752
SC_RS28560	254.3147127089844	2479.072167718971	799.4165020712003
SC_RS28565	11.822815093073856	87.1198230655884	132.13413236149455
SC_RS28570	16.661463987215086	41.69492559692574	110.63036659259124
SC_RS28575	10.318656498724811	56.17087271103265	181.2923925149884
SC_RS28580	4.400949637692472	23.33554015636788	107.25108717039087
SC_RS28585	357.4809250765279	148.9379386493627	279.82996059981366
SC_RS28590	24416.48371570322	25121.781147892805	6711.25362249858
SC_RS28595	527.7231752936472	236.77514603213734	170.1624248179653
SC_RS28600	978.4568332296302	468.6745426803492	222.21501043046882
SC_RS28605	97.90727748075133	57.209693829419265	68.49500290509988
SC_RS28610	322.76563129155386	6537.2905666005945	1051.3706379289615
SC_RS28615	34.95729616617851	132.31917472034834	236.79705343691816
SC_RS28620	187.6659916947649	45.05025972615321	52.14885695094697
SC_RS28625	182.8629967702455	67.56808431562831	78.2093960588696
SC_RS28630	3459.152756793917	3424.5260616814676	643.4791362902141
SC_RS28635	486.7030460149254	742.9283941382976	128.85811788903953
SC_RS28640	385.68907086935053	672.1214128051088	120.12779060364232
SC_RS28645	557.9193776724146	1085.2469540508273	193.05295587755072
SC_RS28650	1135.2025674482575	2075.1953440887028	278.43520139161785
SC_RS28655	477.0752710135024	453.677223758341	109.6496274200114
SC_RS28660	80.4955133013105	52.32745018420541	42.302534740770554
SC_RS28665	82.98937356538578	51.04840279547329	56.75932179903746
SC_RS28670	5.022915511419106	13.529303623525163	16.89812778454377
SC_RS28675	11.578051940528043	498.1556175549014	146.87734789559383
SC_RS28680	3.4939143514239537	537.0814106251707	145.34415138531602
SC_RS28685	13.080423309861978	9.31537140638556	96.79162835898168
SC_RS28690	10.100523136840218	12.632911953662836	91.09285210320063
SC_RS28695	10.621331522967306	18.06730955224301	38.99515997739814
SC_RS28700	60.30180827559332	37.25329525744963	78.88894973240501
SC_RS28705	98.86507573865612	26.88935131352584	57.00860224728775
SC_RS28710	70.25014431474727	100.97628933976101	184.25841770069982
SC_RS28715	49.50344708929363	154.4718007762538	145.08105907162957
SC_RS28720	19.87674844148651	15.059544379552777	70.35354666191138
SC_RS28725	37.35668885636139	24.199621792755018	65.99569881618332
SC_RS28730	451.74898336977895	149.56210622561613	129.44391119290037
SC_RS28735	137.1237048446912	65.26371733334489	101.08952730850513
SC_RS28740	195.0478312919381	221.5733120225398	67.0825698421519
SC_RS28745	274.9362073197485	374.6858981652727	104.69108410130055
SC_RS28750	82.95113493219272	43.83860913322884	41.459767221285134
SC_RS28755	11.599674748479476	37.64445355462384	39.699265546036266
SC_RS28760	9.269802772525136	18.403286991406645	17.771030003670337
SC_RS28765	12.23889154157118	33.57079847757475	76.69968085664766
SC_RS28770	11.826034850768533	34.32444848870098	65.76553260440726
SC_RS28775	2.097707452399351	12.296934514499199	18.364371928995528
SC_RS28780	24.752838530264672	41.42603274335807	84.27876136207372
SC_RS28785	13.436357915426907	32.57223545978389	135.8777573037852
SC_RS28790	38.96235963064552	12.1188637924585	50.937535845500264
SC_RS28795	160.78846122910412	34.552216520277256	56.71829206550031
SC_RS28800	13.339217624078183	13.716189134082073	53.80811927959272
SC_RS28810	45.03699393362344	12.53931309327848	25.98808929725174
SC_RS28815	8.011839863401473	6.5411700239583945	53.178854917961694
SC_RS28820	5.855423100749297	15.748886533940432	24.908016808778374
SC_RS28825	509.3101168420809	1541.9473177679645	461.41664671369523
SC_RS28830	186.5161728288685	174.9502654857881	125.53183382131917
SC_RS28835	604.2846826714165	395.1741142939586	381.68869959828965
SC_RS28840	437.6588466994843	452.37159218558065	380.8213663239008
SC_RS28845	320.3218989049914	195.64483680028533	114.38909463464894
SC_RS28850	119.33885943433808	72.59941988944888	59.72072905462535
SC_RS28855	208.01529592376588	183.45371708396766	99.29425914369088
SC_RS28860	139.62568755515315	67.45130242049677	75.4106673557083
SC_RS28870	5.501275720199475	30.890438256503973	73.16949342915679
SC_RS28880	5.293953762290597	5.119138675518142	41.59373173915359
SC_RS28900	25.710903426619915	41.6162494939562	61.05879641787333
SC_RS28910	3.5345753037555654	4.777365477667712	90.07728079800079
SC_RS28920	21.308609310132937	23.671517595531512	82.60338113134922
SC_RS28925	19.189633742117692	10.118476426075333	94.87769785135397
SC_RS28930	12.2885766728634	6.7048724997681255	8.582891121809308
SC_RS28935	147.90446041929022	2643.004791963106	2480.825320327104
SC_RS28940	410.0006356931362	280.8458977230498	230.62337695134136
SC_RS28945	828.5282913223052	595.7020614608534	559.3049908984331
SC_RS28950	2162.696893839489	2021.094595531731	688.818705645645
SC_RS28955	2824.1584882261336	3221.716848138982	994.1493707499054
SC_RS28960	1171.1990000171368	900.4389513706299	492.51763360317364
SC_RS28965	9374.27781992931	6183.191233934376	2709.2643341865155
SC_RS28970	715.4979461257627	369.03081388084115	263.788877849179
SC_RS28975	3837.1550018699522	1288.12747854066	993.5926973433741
SC_RS28980	2487.083879474255	443.55368264943314	314.4639821037872
SC_RS28985	896.3384862885557	183.65267871384225	139.17437232085203
SC_RS28990	505.981502777307	141.59533131220422	113.3617429239935
SC_RS28995	331.76313938829804	77.52532278453948	77.88316344077633
SC_RS29000	90.32876498521227	82.4699642790302	121.83250952362317
SC_RS29005	1629.9661949150207	1161.3105750605632	468.4547002088428
SC_RS29010	5351.63737630822	640.1190633582161	230.9931561285789
SC_RS29015	8378.885605632897	1671.9313801067553	553.827546855471
SC_RS29020	6144.720334306094	1562.5082128590902	699.4278330112677
SC_RS29025	24843.22717472209	6426.007869485703	2523.656834516239
SC_RS29030	27443.6881907216	6492.504851049784	2256.6822846519553
SC_RS29035	31600.133777042152	9229.293312286265	3205.359679336592
SC_RS29040	19300.831751696453	5939.159371889928	2158.8626340012042
SC_RS29045	23095.65365937957	8005.504927573008	3241.924493477403
SC_RS29050	4995.323771415271	2357.2495492356175	1258.5346300027975
SC_RS29055	730.063047139373	282.81282928739915	158.82230037551943
SC_RS29060	305.16291058112796	107.51961167215316	145.92144505309827
SC_RS29065	60.241754486545986	58.871951448205024	68.20931465491716
SC_RS29070	53.38939276212494	96.5632556742673	116.12966634639982
SC_RS29075	55.88190854740573	73.2940032913395	72.33529519028576
SC_RS29080	46.61568022491081	64.50458377374366	26.20212774862956
SC_RS29085	369.53724917195126	914.3776678785813	210.43945553760972
SC_RS29090	17.105957451388736	8.573867423816752	45.561595867484016
SC_RS29095	37.687780896280216	14.341223431731148	49.672138940207205
SC_RS29100	164.54053480062086	88.74310817081654	84.93177760694147
SC_RS29105	497.51124258207926	1065.3023934701414	327.8956735601445
SC_RS29110	151.7489477012338	213.65807451688545	74.75854233923843
SC_RS29115	1111.6428371665997	814.949281445133	548.6222537739177
SC_RS29120	549.4158858267035	652.7536062721778	206.49185573565566
SC_RS29125	123.80878274602074	5595.93989440327	1553.5690797165569
SC_RS29130	67.12520594409966	6087.810391656671	3424.6047125945593
SC_RS29135	80.48524893757315	247.44203047883346	133.07731364223983
SC_RS29140	794.8230655900993	596.7362657521606	340.38179233942026
SC_RS29145	2462.003138658296	1187.4483220159661	683.164386894045
SC_RS29150	132.7344521034156	339.9851442275725	162.63613473489298
SC_RS29155	534.9673897549102	929.2379342451094	412.9478047501633
SC_RS29160	4243.079001997723	20886.80898280938	5229.4908458832
SC_RS29165	7906.980444009127	5614.630975934365	2463.481420213056
SC_RS29170	113.04626787724568	812.758644754899	217.44098165839216
SC_RS29175	845.8787452877892	1010.8550997780565	619.2740651018522
SC_RS29180	391.02368558397274	289.2304850269038	216.5209316076666
SC_RS29185	83.62680313346239	24.862449672354277	78.76294370025342
SC_RS29190	140.89133016444293	31.392028178939082	62.18084379765976
SC_RS29195	104.02212998984027	45.01850420386185	49.837599036583505
SC_RS29200	149.70430748225408	81.9363765333317	111.46802681484535
SC_RS29205	329.7150290133058	2500.9346688131523	800.730113393658
SC_RS29210	123.04768738995193	324.4761717537658	183.22358701311583
SC_RS29215	50.160269494085945	151.04303179155974	109.11377335001879
SC_RS29220	9.896775628961556	26.728980077757324	59.07533693259608
SC_RS29225	1233.548517731784	458.7221675124276	374.9905217226414
SC_RS29230	432.3147488195482	99.38722427546979	94.84048017923607
SC_RS29235	931.6028874179781	383.52453039046003	220.6224200341488
SC_RS29245	35.71071182208119	79.5619059356229	74.71458591584164
SC_RS29250	791.3616735044876	703.2385058978831	532.961630443971
SC_RS29255	1034.223462597086	4297.540998177919	1608.1081862146536
SC_RS29260	546.6243575210956	1243.8530695478814	619.0922282418928
SC_RS29265	54.25210459214657	56.7569344951241	88.7033566415016
SC_RS29270	94.36332330569962	21.101276789509843	54.34131723490654
SC_RS29275	3744.3885381809328	4692.716953705327	1457.7646587062532
SC_RS29280	1863.36834683153	3094.3652111446286	1617.4844926988574
SC_RS29285	132.01946742860883	70.71334989955167	69.22435066659358
SC_RS29290	775.3358681004667	294.3435856427631	203.93921607254245
SC_RS29295	11477.725720785143	6329.579620713912	1404.2853967291169
SC_RS29300	663.1841829847987	1327.5437136988057	409.93373650297383
SC_RS29305	1110.5635730884683	694.0157967212465	346.42674103511206
SC_RS29310	1585.3414063379435	1204.8861895814039	615.4856738659794
SC_RS29315	320.4067952596848	216.28467511252512	107.46035854425405
SC_RS29320	14.940959255996555	22.5178245894751	64.80411260042786
SC_RS29325	3.791582392956662	20.803405142508193	72.58404034501264
SC_RS29330	18.595730191731846	102.3458466498083	151.51183920358312
SC_RS29335	15.888655494596685	15.278739923584878	31.87164481800957
SC_RS29340	45.52795277139463	421.1803289885472	283.75004238352733
SC_RS29345	41.86201573934809	99.28814186661045	80.62651525144092
SC_RS29350	55.21061223472242	117.57076121166051	159.49586538174512
SC_RS29355	119.41883686020678	30.2654039588549	53.713413752142216
SC_RS29360	294.67793152902874	37.55998169296749	131.88566178342973
SC_RS29365	338.73937548874676	42.7196906792932	113.42999052563165
SC_RS29370	65.70495391798511	74.7373076670652	57.01309474814034
SC_RS29375	60.30582547184414	118.08282945616334	79.00317535910101
SC_RS29380	466.8641952776338	590.4384476838079	274.0114914837496
SC_RS29385	67.90167694063335	304.7874871037564	471.7535056916008
SC_RS29390	11.891538368746254	163.73351921263895	283.08962266310516
SC_RS29395	17.14483117870524	260.33470828733596	517.1256307179675
SC_RS29400	50.68366254378429	240.90419169491628	501.49310477084305
SC_RS29405	232.86884919540947	8549.97872024537	6701.631628145777
SC_RS29410	127.09056050472884	235.53847647918204	157.74801562371073
SC_RS29415	5.970611750019236	35.93614207655553	93.62271061433033
SC_RS29420	17.352153136614117	25.338392041396624	206.7848417487609
SC_RS29425	386.15582223559903	256.1083835677287	178.2149790312658
SC_RS29430	442.6248401256657	303.857988588263	187.40202760944098
SC_RS29435	733.5768851276183	605.7900637787374	236.69866527880055
SC_RS29440	1522.2180741040863	679.0941306994403	294.01207001274526
SC_RS29445	5.920926618727017	5.428601839893382	50.093347660931826
SC_RS29450	8.473938939275737	4.9236806774170585	38.6600178589738
SC_RS29455	82.54774516657127	68.06443299056045	104.42098831799265
SC_RS29460	61.132528639908394	40.32838731670786	47.95994104329779
SC_RS29465	29.830003409465178	37.09285411244135	278.94459753579815
SC_RS29470	15.824939201634074	73.47540525342141	95.60283354549544
SC_RS29475	942.8577356067889	375.3990477748311	372.11629108967867
SC_RS29480	910.5019709982222	317.75797429383283	346.5094112970839
SC_RS29485	296.3528726192236	895.6821651803801	754.7578990514256
SC_RS29490	19.350490326429032	28.483657625319996	39.303299018167216
SC_RS29495	23.1352785116608	37.775845996958374	59.914427678252686
SC_RS29500	6.229406064235442	15.334232991807248	56.97356518254152
SC_RS29505	1233.0798030327503	1566.2069463837327	603.210927565083
SC_RS29510	411.4300880059815	1220.7806270761907	373.0887216985055
SC_RS29515	95.38912169126831	821.6248961043042	544.6456114313655
SC_RS29520	101.80252773433115	455.8247888729309	69.76373636450506
SC_RS29525	326.33280067487397	759.0455639719386	109.78481752915613
SC_RS29530	923.0068170406121	289.1762076364798	137.29956551605184
SC_RS29535	5658.913287684114	3668.893168319837	693.2328314705871
SC_RS29540	1447.7239906938867	864.293923853316	169.56676699767797
SC_RS29545	2738.3605360731544	1194.6243464863728	307.5334253423763
SC_RS29550	515.0586660878498	201.79286861036803	1178.9662356746708
SC_RS29555	923.4256567372462	186.24554804342728	374.2076630297833
SC_RS29560	628.0072628736411	330.9427978998899	190.0906731087227
SC_RS29565	4535.004325192063	2833.8206440397075	1255.8282123563354
SC_RS29570	19146.092824319083	16016.709261175414	8244.193937040993
SC_RS29575	4658.047992908969	2565.9464450115947	1338.2793921019393
SC_RS29580	4715.249719142898	2660.066099849554	1295.4913024613998
SC_RS29585	5792.653376521936	3041.0312540484497	1382.9090379408094
SC_RS29590	233.69679254825047	34.867475443339295	65.87350484545097
SC_RS29595	265.1948385461679	25.1896123230017	62.40957948603332
SC_RS29600	158.89128152688875	40.226215968779336	60.79555895827697
SC_RS29605	444.0809084658348	125.89520545716398	49.74044232658048
SC_RS29610	307.94903096808787	72.58838288325913	44.77646134924111
SC_RS29615	792.5835396977689	277.7597686576018	161.10117733981545
SC_RS29620	288.8767577960609	312.06589323960696	221.6746040734073
SC_RS29625	469.7855484848355	513.7851546027762	234.96538732849098
SC_RS29630	263.2407367587148	405.59403590804885	275.1336202217484
SC_RS29635	34.43326802235674	211.24605263819853	173.5831496947936
SC_RS29640	221.80927137575503	481.9237440523846	149.85820960737263
SC_RS29645	405.30023078889593	374.6627193034637	149.66750731814076
SC_RS29650	424.48549264242723	146.69073244179137	120.12432862025925
SC_RS29655	2319.257860644203	693.62574744644	547.1204175545573
SC_RS29660	1065.2359114322774	2886.6404665941463	1140.8027158219013
SC_RS29665	11.02337680979424	14.428714323216909	37.38447600375392
SC_RS29670	77.9991726676817	102.6541308825761	113.81751320215726
SC_RS29675	2377.5775928628873	693.4465351287789	278.533434545506
SC_RS29680	6119.02815510126	2039.3853863700276	796.6215499976615
SC_RS29685	1192.3054704598408	747.8319108107969	284.44454815408153
SC_RS29690	7191.318319203866	4292.378250062961	1596.6204213127928
SC_RS29695	105.21825188490149	110.78079242981244	391.2655269617362
SC_RS29700	259.29385180439493	183.42054032909684	113.05728065705324
SC_RS29705	619.2013163985353	464.92843237339906	254.73993621168873
SC_RS29710	31.129070017141057	12.71738381531918	22.27474820199337
SC_RS29715	367.37349116133583	383.7969268758012	332.87817769569955
SC_RS29720	84.48602856733885	153.97593670326572	105.40689057253894
SC_RS29725	224.29509724732867	277.10058422825557	241.14550641668853
SC_RS29730	451.61879001251236	160.53664631171827	166.11550741527552
SC_RS29735	168.6662666467583	294.4258352867459	139.53182994227228
SC_RS29740	131.31072992128858	5318.4041063355735	5234.555585716523
SC_RS29745	700.9852772514487	5043.785875024403	865.5188581759762
SC_RS29750	125.53305427517229	1236.3069085709415	212.67348084862985
SC_RS29755	1999.8024241270336	7591.043855536934	1744.0885345218883
SC_RS29760	2645.865127915679	4611.479383942291	1285.491505492429
SC_RS29765	149.448378233397	92.41679016217522	105.10563943043988
SC_RS29770	364.04758229428364	150.2103235580124	110.8313491193404
SC_RS29775	277.6851993941247	130.43470252770106	127.93936307412608
SC_RS29780	8098.352835866507	1643.883497303356	1457.2057516900388
SC_RS29785	12171.709388909212	5170.638579827026	5245.94626795347
SC_RS29790	47.81537657000225	687.3380303434377	412.00514304778363
SC_RS29795	280.30014078262093	4611.679114028373	1167.834173657036
SC_RS29800	1520.2068716468302	1044.7504571589495	470.7193613002885
SC_RS29805	198.04899958057575	48.82024739751385	103.05237639085104
SC_RS29810	16.993988559813474	10.007490289630594	29.690955081186104
SC_RS29815	37.23971298207634	31.640757027588993	98.1991590568246
SC_RS29820	31.722618875191365	9.94620146272143	52.436170798338956
SC_RS29825	166.22379068510526	91.49905555578768	69.32096222475369
SC_RS29830	594.4961091360972	672.5828476992367	289.3837165194568
SC_RS29835	64.23386462968664	100.5317902827982	684.8511475242922
SC_RS29840	11.636761250780868	15.547078265968716	94.25524188553766
SC_RS29845	83.61777895450177	81.51561502229991	47.71439715509263
SC_RS29850	32.09660183867751	132.59639776048814	59.31686382725576
SC_RS29855	36.57664340979749	35.50989701704875	151.37331654180747
SC_RS29860	5122.416737478736	2579.9949522530874	1469.9047049014118
SC_RS29865	284.5838479075779	173.43345634535606	113.84146015920074
SC_RS29870	1228.9442933359035	649.1131010356899	446.4424550976344
SC_RS29875	2046.9675221016505	1014.2837295340671	547.5572745268919
SC_RS29880	1141.8650204785677	543.9358922287423	354.1348041904462
SC_RS29885	7759.819904273613	2731.899908609866	1667.2968594009046
SC_RS29890	2338.6590977021356	1660.0897683445473	436.4367153877694
SC_RS29895	1785.1336855885809	957.388982417498	295.8904143023026
SC_RS29900	1615.2855643231421	816.4389892263401	258.70513436702083
SC_RS29905	11769.166591574156	4663.11107002361	1403.4843631007225
SC_RS29910	336.8889996123318	273.70103633796754	174.29099182347687
SC_RS29915	1982.5618689495266	561.4040615106393	269.81733884811695
SC_RS29920	3815.3604544680957	1534.283035501572	566.7551543970056
SC_RS29925	86.67944377840736	20.336347471221817	35.52368599651612
SC_RS29930	152.79279444472368	392.85933472590904	175.2689395937875
SC_RS29935	182.20601202102046	55.71200540783889	11.226499752327896
SC_RS29940	72.8596359743131	25.259715938427078	10.353937752918007
SC_RS29945	29.466831849954747	24.518211955858266	3.715111838377563
SC_RS29950	15.353815946799202	10.7755085469878	5.461801648190288
SC_RS29955	20.28638537459448	9.56965371275023	8.458791120367334
SC_RS29960	170.1385961198335	87.34696667674109	54.831929504009764
SC_RS29965	28.93199230215727	42.71413722157844	45.398382021534005
SC_RS29970	438.15785616988984	783.0489345375788	127.96576121372209
SC_RS29975	460.26195838080395	13836.29884583644	1576.743282989511
SC_RS29980	135.17068089758212	4214.595509540872	504.1423304186391
SC_RS29985	500.5142723862797	216.36432459232103	163.77369507869892
SC_RS29990	1909.7526574946467	627.15562911355	420.52436442850103
SC_RS29995	26.26021688230839	18.218865999495318	14.576324914320477
SC_RS30000	183.0180489332909	100.72724828089927	72.73772989425284
SC_RS30005	1063.225066144152	1041.9572417131014	274.8122144673861
SC_RS30010	623.9467679070309	429.3297257147776	154.1305360026433
SC_RS30015	1111.2663600702226	449.58944273603294	230.88450344810187
SC_RS30020	604.0609072326987	307.1923619004168	187.14620934055685
SC_RS30025	1475.3271760876205	543.1395195983747	289.2385167479757
SC_RS30030	604.4177273307048	214.46371396446057	134.88748397617604
SC_RS30035	6638.1809679793405	1684.477906608158	1116.6377594205585
SC_RS30040	283.1681601179525	122.78072201870562	123.87244606340248
SC_RS30045	897.9989234673895	224.5968009377389	266.34526393065687
SC_RS30050	408.3786157320609	164.61307811762475	110.973677985697
SC_RS30055	225.64652170375308	285.8831688740367	89.42059363614251
SC_RS30060	503.63225420476965	562.9108070217079	233.91217277176295
SC_RS30065	15563.941290176002	3032.00003908403	1831.8051093941224
SC_RS30070	6372.652839902284	1999.7740753332325	1276.097744290932
SC_RS30075	4999.489809521405	1325.7839756413487	530.3995959149
SC_RS30080	252.90689696742788	77.46760749864357	86.66186414904884
SC_RS30085	348.3905442830036	600.9486327453031	282.5292068396903
SC_RS30090	480.9728255288656	331.5667930844111	289.2357949902423
SC_RS30095	67.04666105091052	35.99767320443672	43.12985493929106
SC_RS30100	845.0202292385839	2273.710030957741	1718.2302759589504
SC_RS30105	708.0419335239868	306.8745685494695	359.11853391727755
SC_RS30110	1829.492984984144	99.70185877810823	65.06156232335955
SC_RS30115	774.2904845302795	183.78112203558715	136.7944011558628
SC_RS30120	3395.2962827999936	4232.086046170513	1310.823188061323
SC_RS30125	141.3108930090854	398.83138238608325	339.7081872636172
SC_RS30130	57.47820045039371	5801.536818019302	3879.8462180865363
SC_RS30135	594.1250655285179	139.7857851168428	127.04578080753235
SC_RS30140	91.05769276780437	59.61099091212826	32.55418496762094
SC_RS30145	166.73959208852256	85.53044579108541	158.78965870859062
SC_RS30150	2205.9385887065055	1694.0805025308873	731.1037576039889
SC_RS30155	229.3663534112455	138.16218780140287	134.46560467433756
SC_RS30160	488.02366114000506	611.1253463952055	135.32869230493446
SC_RS30165	36.63356549503521	582.5761320722996	328.9967761741212
SC_RS30170	1816.7083706770472	2810.98008417384	1919.2850261603621
SC_RS30175	19749.282851088665	4103.924632961172	2604.9573764214124
SC_RS30180	9332.188660412454	2198.0664078099294	1160.024220636156
SC_RS30185	552.6054097426222	64.71489462001979	71.0322051055677
SC_RS30190	862.0003489811597	130.88055708094177	109.74514867448568
SC_RS30195	8016.545066521484	1219.3315027144017	907.1339923269649
SC_RS30200	589.146932459699	162.68525888531255	144.50315460894979
SC_RS30205	413.7643481106549	238.14754998028178	186.37767223318102
SC_RS30210	1106.8547451328545	1087.8562414525845	556.5100841150104
SC_RS30215	184.97517813053585	109.19099628966694	100.80589023494196
SC_RS30220	46.45983062330926	32.87645737665618	48.04199065205259
SC_RS30225	335.3517717119322	482.63977287329294	324.34664247136027
SC_RS30230	119.37352361750094	98.37984646916273	73.49354543987837
SC_RS30235	63.85264471225499	58.13895004394063	106.79837301283891
SC_RS30240	33.21596606556469	30.840740946968396	80.10067084378473
SC_RS30245	3.8322433452882736	275.4744199116775	333.5515041933593
SC_RS30250	3.353883136507905	103.34298843501969	80.54235467985026
SC_RS30255	62.601918757076824	123.02618953655409	114.49175464633508
SC_RS30260	516.5725582458306	870.6496585894074	589.1970138660619
SC_RS30265	69.7414918113904	107.54859046558715	96.5187969581397
SC_RS30270	47.822170777727145	171.75967711843649	102.92854696458991
SC_RS30275	7.276472565420009	17.944731898424685	29.107272740161143
SC_RS30280	16.053529275158844	30.90782553256436	163.32371653868105
SC_RS30285	44.21851750596364	113.93382951618592	114.54332933573205
SC_RS30290	1.1640423754696148	2.5757243544966664	23.58253571969027
SC_RS30305	9.53002961942091	9.873321118438675	41.37282510574475
SC_RS30310	15.444162030423033	13.535099382211959	41.35445109492021
SC_RS30315	2.0322039344216307	2.593111630557051	42.13305765084876
SC_RS30320	12.10788450561574	9.21628899752621	98.32169324727363
SC_RS30325	13.068622119427296	58.86004772061963	72.83345608085335
SC_RS30330	36.91755706723306	154.44743880989918	138.66062882172912
SC_RS30335	330.95412988581944	686.4824429394786	267.92601413530497
SC_RS30340	74.4653948024823	102.84226523398021	65.25777191575574
SC_RS30345	30561.315629590317	3521.361821086303	1791.6209583103735
SC_RS30350	14155.559219474477	3679.7454276706285	1634.4346694610474
SC_RS30355	2866.8734704250596	1906.3754399168358	693.7056648086057
SC_RS30360	3392.7241442811796	2663.118789804721	1115.7391395012692
SC_RS30365	5673.115929576845	3497.066025675945	1520.5894385290626
SC_RS30370	75.23919308155965	476.99752894708223	477.999295769613
SC_RS30375	66.74835791525439	62.62153281367587	479.7869376654647
SC_RS30380	371.6092123261306	474.8630423187469	3731.1765567811212
SC_RS30385	17.741954486785765	8.03663622786524	68.03038291282138
SC_RS30390	12.481867469101884	13.693006099334895	62.885834737857486
SC_RS30395	7.565116427992109	10.836797373896964	23.072809214112826
SC_RS30400	323.49107267800076	438.28169776668636	407.4292554722901
SC_RS30405	74.90086408769533	85.37292119341404	67.57637351945733
SC_RS30410	84.14582429457435	35.60620269705072	52.26614855657425
SC_RS30415	43.46188209236629	15.590979816817494	19.824633262975865
SC_RS30420	14.685739391810568	9.230899544729215	17.759464388660483
SC_RS30425	18.915021041215986	22.16445987425108	28.244505612641913
SC_RS30430	122.96109186412848	928.287540648844	464.62005637125
SC_RS30435	7.210969047442288	72.31647099986205	150.1060693905399
SC_RS30440	1694.6258833201737	1035.3358635252252	434.87550499900584
SC_RS30445	301.32797827825067	54.90317453870208	87.69710470088532
SC_RS30450	172.03175862579806	35.98361716841756	94.1244031328168
SC_RS30455	138.82748945665028	27.29820909697223	69.69869988770812
SC_RS30460	153.99293353603574	434.605383037888	129.8357254396335
SC_RS30465	881.1961556002162	15041.386100663785	1091.6299100704591
SC_RS30470	296.4631423396689	1198.3677589093777	276.8006958902011
SC_RS30475	69.52638585929766	79.03269271603172	131.93484107500927
SC_RS30480	4.583429029955241	27.695475363045027	80.10039041028438
SC_RS30485	24.51844403547397	52.81220734176397	72.98279827515091
SC_RS30490	2405.8241297261548	515.0179715675553	420.46846210080037
SC_RS30495	2547.365787206381	581.5912062248855	479.2968902648434
SC_RS30500	3936.9839906930374	1705.1077506104782	678.3283777657832
SC_RS30505	43.226143118781074	91.62305444218548	145.32877370888693
SC_RS30510	274.1637535194656	447.5787085201852	154.0265807551451
SC_RS30515	147.0867814301866	142.52600875930506	100.62205612774109
SC_RS30520	274.077971672331	367.31653425235373	140.18068404768462
SC_RS30525	405.1517061951249	811.8683978001262	225.9665898569951
SC_RS30530	2055.2678715301363	762.8741709865778	496.2209249665183
SC_RS30535	1307.9022102811414	1165.5376640190736	632.0273489730951
SC_RS30540	295.77236513638474	66.0670646540067	79.88560187493738
SC_RS30545	125.73867706195114	23.472728357389215	100.37195995246701
SC_RS30550	55.92435672475245	23.513610878408578	76.7832962763954
SC_RS30555	50.896434230623555	23.394052254419663	76.14246629975453
SC_RS30560	46.580026255288985	38.760040768518266	65.75764376322621
SC_RS30565	25.02566400615127	25.2572514197815	51.14028911536858
SC_RS30570	70.50393164625369	63.970613908593606	112.04647642936804
SC_RS30575	68.31186091397969	147.74312082131488	190.82484373246618
SC_RS30580	63.99124339449147	91.48253500112294	178.04931400276325
SC_RS30585	35.64655278289797	21.046095931499273	28.926365322819933
SC_RS30590	307.43094154301986	82.64834721128268	88.17648171637587
SC_RS30595	4270.0438549933715	191.51426324949622	272.581050203171
SC_RS30600	495.40674092195496	577.0511546431645	382.1280675393931
SC_RS30605	395.3904137847229	206.076904442933	177.55713592266707
SC_RS30610	3461.501953648991	289.18595905563143	189.70906359813273
SC_RS30615	1182.5147850106407	78.17187241044604	43.83837750740767
SC_RS30620	892.1289359280688	8.351895150927273	58.72182080334719
SC_RS30625	51.227171578206836	2.1784580884238665	58.44824332001725
SC_RS30630	68.40077446492394	74.07503429864977	180.838723341341
SC_RS30635	26.63098008809986	23.753212728330478	53.025631017709095
SC_RS30640	15.328973381153093	11.648717182102946	165.11388726458347
SC_RS30645	9.787036708622008	16.60137665295398	103.3882088070282
SC_RS30650	7.251629999773899	7.066809702536318	58.06486306630807
SC_RS30655	12.860857415297815	11.105690227464638	65.93364881546233
SC_RS30660	10.23153017279566	20.015535090445027	118.07045478577287
SC_RS30665	10.217499011125266	12.82559322290654	132.67712919018024
SC_RS30670	10.711677606591136	6.585071574807174	49.61008893948622
SC_RS30675	95.32147625593994	51.717026433759344	89.44692613268393
SC_RS30680	89.63306885310344	367.4510855429973	339.92173449253016
SC_RS30685	1228.366090114848	861.7908707051787	482.71479816592523
SC_RS30690	1063.391163869358	913.45281876342	435.3587637204514
SC_RS30695	2545.1937655986694	2593.5957475615683	971.4198827872177
SC_RS30700	319.5565197142213	107.26286484714292	95.93463910980763
SC_RS30705	107.20613236307622	75.72365474705886	67.95935376723351
SC_RS30710	2621.272181753416	1331.410877944502	484.64253468215077
SC_RS30715	150.0595327031479	19.255777110420198	58.955458856825835
SC_RS30720	369.6433974021279	51.39597175201051	44.087803101567886
SC_RS30725	1203.6219210712084	92.48054350772996	84.56301908885393
SC_RS30730	1447.9196787593844	360.92032810480504	241.55269833985076
SC_RS30735	6782.288345079551	1450.151667806337	755.509212237879
SC_RS30740	7995.497593221206	2556.926780645419	2733.5924917930656
SC_RS30745	55223.265649575966	10129.0115693337	8544.480412476032
SC_RS30750	1404.711542188242	1207.186260292696	370.42225241314804
SC_RS30755	2536.2837940938093	2195.3809294680827	641.1543987271688
SC_RS30760	2021.8655731770161	853.820867034218	539.4491582056074
SC_RS30765	745.3423191491012	201.0635805655964	1293.6778245120106
SC_RS30770	802.760732448898	510.2691370275684	214.13728366884857
SC_RS30775	89.32538684615116	22.158664115564285	69.63719503883006
SC_RS30780	34.06508948013653	18.05873706469884	82.53220683985143
SC_RS30785	8.341144678305186	10.360855004854614	63.3618850575554
SC_RS30790	12.39474114317273	19.530465722674666	77.11313602378166
SC_RS30795	43.281189925118625	43.561143792116994	182.60365187438785
SC_RS30800	3329.247978621827	2766.8571339085556	1045.6342107094567
SC_RS30805	541.4713947567099	641.0878465974789	207.0799649344786
SC_RS30810	408.2400170498244	238.05617333757095	168.54738363105892
SC_RS30815	609.266937230504	394.3105871687553	262.33473461326054
SC_RS30820	1169.7648048832368	392.5560162766233	323.50490947082557
SC_RS30825	1121.005290284532	1311.951407375821	699.7117144502351
SC_RS30830	617.8163636497069	1711.1775257730299	861.966166028521
SC_RS30835	882.6707612881299	1497.181362427676	579.563504515987
SC_RS30840	1086.1896364505146	1628.3241415362268	805.5286441329406
SC_RS30845	318.64053453953983	266.2135350336392	159.77535603101066
SC_RS30850	487.8868496827837	810.6494193875667	308.48646128122857
SC_RS30855	1721.6058114582106	3561.215917638501	1185.9632622187046
SC_RS30860	131.89168015034807	324.43147339076114	118.76605671685121
SC_RS30865	539.1278600747581	1194.6080729954142	528.0388742739756
SC_RS30870	1018.2488491475843	2890.973637468983	1242.2762742485907
SC_RS30875	246.17678473845217	649.8443648242248	314.10918059704574
SC_RS30880	3377.3345582639286	1404.0347581098601	941.606512451716
SC_RS30885	1426.516631878829	614.5901713461202	363.02849046770336
SC_RS30890	8017.748444087419	1496.3635147983841	1090.0381788359223
SC_RS30895	21304.210513013273	5318.934978177099	2784.826468559158
SC_RS30900	1801.5190600551373	292.1025898865829	237.19920770738486
SC_RS30905	1167.311885973281	360.62897911940627	168.3303488452856
SC_RS30910	397.7659536957187	95.92336852844318	56.56453287172428
SC_RS30915	1800.6508104423	205.34293383478047	241.052766706164
SC_RS30920	1269.458000082504	267.7170192139064	485.88312083083684
SC_RS30925	1236.4200234632608	561.5597092638977	204.72027381102356
SC_RS30930	1340.8805920976909	932.3235123825158	439.18061235027693
SC_RS30935	6007.600244160905	1656.7707491742653	1166.210379829385
SC_RS30940	122.99407311629398	183.17212369065874	57.501655840624025
SC_RS30945	1530.10603907119	4289.835925299665	1706.218001901282
SC_RS30955	49.36162864936247	12490.517570579437	3793.5578320956247
SC_RS30960	0.363171559510429	25.735970517681224	19.27564776698046
SC_RS30965	1090.4469804232606	1268.8041280697616	629.146099155353
SC_RS30970	2194.759095656659	2382.134483440117	1436.4913916566475
SC_RS30975	1168.4899757505539	2710.303491067142	1011.9771995302133
SC_RS30980	1148.8102224195034	1820.0285883732722	850.2074174801364
SC_RS30985	1232.9629452158204	4257.9861427923815	595.3797733537804
SC_RS30990	2411.1264519567235	1168.0653214345375	539.0586293363668
SC_RS30995	992.7544542022666	417.930916312932	299.9650947249363
SC_RS31000	588.4622238393359	422.4552850712732	307.0480556580948
SC_RS31005	1996.856745390954	2144.1587238212455	2889.928179430161
SC_RS31010	96.34985930507986	56.36688522031757	71.54723398218322
SC_RS31020	77.3509316956294	253.30569216674982	225.9342745499823
SC_RS31025	48.85699334225643	193.20532726998366	161.18628892602032
SC_RS31030	86.06605933742073	109.40877060111956	105.43724006262585
SC_RS31035	1075.1525969347229	266.8769174244223	449.51906085729564
SC_RS31040	133.16947864240805	122.19983157287736	110.70160652714367
SC_RS31045	86.75754592537591	38.847843870215826	44.059769506443104
SC_RS31050	34.34113471371781	11.464850701375452	12.561640425716233
SC_RS31055	65.18334809330187	25.379829073599826	46.6127592475925
SC_RS31060	271.52476700387945	213.36193631267508	146.54288621660285
SC_RS31065	292.8218555253656	543.6448554535555	253.27457743879654
SC_RS31070	76.47132363857824	153.7299845834732	146.27312079469215
SC_RS31075	7083.404944870154	2756.964331185844	2231.7702206383738
SC_RS31080	2622.226514288629	1033.6302221205835	769.127579131603
SC_RS31085	158.7584872659182	112.72020317949824	41.20578934005601
SC_RS31090	130.28278961836926	640.8426255535408	47.48055416948774
SC_RS31095	117.69769703486485	835.5075022898939	55.051200681889846
SC_RS31100	35.89641097203864	30.0666147207126	12.062253943872367
SC_RS31105	436.9464466882488	261.8558220446356	196.39490205668173
SC_RS31110	2267.641726444393	156.21266458876931	405.02920519641174
SC_RS31115	1205.6255594088584	64.90788809947529	207.64126212797183
SC_RS31120	2468.0045872663345	142.3136522600259	540.1274468545886
SC_RS31125	2393.3879813892877	128.14525830283247	432.09952787286954
SC_RS31130	132.18934819188078	12.691424051714622	55.16271440917195
SC_RS31135	82.06616520009622	19.185915795966856	88.29391846791307
SC_RS31140	144.5100043843358	130.6680240169921	116.16700944778864
SC_RS31145	463.2062045842039	68.42359346447127	63.4276019737857
SC_RS31150	434.6917375033562	151.59456132450245	176.01618585879865
SC_RS31155	378.22421019638404	236.7932276378611	188.5416890577633
SC_RS31160	231.9332045455618	123.95482133065184	186.0515690458399
SC_RS31165	43.31326944471023	23.425807776711018	55.17305443290553
SC_RS31170	23.140285494370584	5.822849076136766	64.73138235625662
SC_RS31175	1711.9364437684121	1235.0474174584563	531.1871218294792
SC_RS31180	402.56652630109954	135.4230032720685	79.61230482510778
SC_RS31185	31.359447315680935	86.26622392420718	92.58372364412922
SC_RS31190	88.13972166273011	256.1655443424408	295.92103436757037
SC_RS31195	400.00762150539987	233.5443694734297	147.35149218458213
SC_RS31200	506.67312366275	379.91362836782974	156.94124018506696
SC_RS31205	1144.0813124457018	956.2430934871445	528.3411756501831
SC_RS31210	799.2435841722777	1206.4485757352547	646.7688134807141
SC_RS31215	57.384279916739665	30.382185853986435	101.12293291920379
SC_RS31220	3805.145173621394	3545.3750366179147	3006.658452524668
SC_RS31225	1555.5206356954745	675.4278754270672	661.5191637705441
SC_RS31230	2030.0295283243513	1374.3342008880322	962.9980661926219
SC_RS31235	20.998697331944943	172.3750257332355	221.53253992539328
SC_RS31240	10.711677606591136	111.0612768007537	165.55006379748468
SC_RS31245	5.503062945214584	103.13562670933321	97.36339500696062
SC_RS31250	891.6632648789597	702.7934523297365	433.96095239312507
SC_RS31255	704.2772313200092	5245.454800765959	2036.565463779426
SC_RS31260	2298.283876013737	2423.2213876520827	399.6530045015341
SC_RS31265	10700.859296094843	17593.59580994307	2529.374808512831
SC_RS31270	217.58499670905942	1401.4551853401254	655.1486668976736
SC_RS31275	44.183218228677354	64.1544803893211	60.590499651766024
SC_RS31280	142.30246995771182	351.0394736119501	103.35574835410546
SC_RS31285	673.3942826975458	927.6786116233593	348.9204623194902
SC_RS31290	987.9708521144629	1678.4681056953668	1486.9791076770732
SC_RS31295	104.75293305133255	303.8036045424083	248.3442030028009
SC_RS31300	1129.7286609068606	284.26560961825555	188.01386897486168
SC_RS31305	2134.330772767847	1416.2719731943855	762.72753863735
SC_RS31310	675.2273033605779	184.55833720091212	314.9737841107388
SC_RS31315	1618.7247727972267	435.44003385214984	309.97653095493405
SC_RS31320	113.66779100475172	79.27229456595363	105.95281409108428
SC_RS31325	169.53522564426646	172.48601186968025	118.3480394043288
SC_RS31330	79.21727206302991	87.29678476526142	153.080542429076
SC_RS31335	22.598208992627605	1008.0892617452502	258.4778292020498
SC_RS31340	3799.9200892390754	3132.1656129541607	2158.8199564621623
SC_RS31345	350.5603871166728	318.69278396606893	234.65513732488606
SC_RS31350	3381.6993181783027	10378.276203629457	7247.512085134636
SC_RS31355	2409.1882428465037	1919.5249302866503	645.3343894193291
SC_RS31360	77.46790756991444	11.108466956322017	33.71984855108749
SC_RS31365	67.45674073023909	51.17098044929162	72.62839677434243
SC_RS31370	80.57603776741757	106.20863636939742	70.9411008505719
SC_RS31375	45.97101370288871	3003.9345183577216	618.6623550225407
SC_RS31380	45.59524351438746	4980.44196569959	893.9167827626775
SC_RS31385	52.62015871953676	490.4724485247527	114.58817113068845
SC_RS31390	329.8098350394011	428.2248591239229	266.87404488649224
SC_RS31395	311.1412020313133	795.416038993601	332.7855634144459
SC_RS31400	90.0793495422922	119.33449584871143	86.32740247005786
SC_RS31405	132.8307949562082	22.249486247091262	71.50342270469635
SC_RS31410	167.96046849534483	194.02852638535146	99.45781320935757
SC_RS31415	30.925322509262397	93.19941896673542	162.93236794093553
SC_RS31420	413.0713246960024	115.49162783306804	114.89514436639759
SC_RS31425	2410.337043878996	1262.5724869464798	609.7973112799489
SC_RS31430	1334.1107044088246	3803.3159160504524	1160.1927842893845
SC_RS31435	1019.1989514651902	3383.445761379567	992.6641633717277
SC_RS31440	887.2554467429946	503.1784173873687	114.79838766232754
SC_RS31445	216.55875557727012	253.20414523924492	96.6375190871695
SC_RS31450	1442.1436860442652	507.24322092971073	427.9440431493963
SC_RS31455	1406.232019965912	567.3465349470665	1008.9287050131751
SC_RS31460	711.7328892294496	664.0650888283934	277.20252565610895
SC_RS31465	329.20798515039866	231.97848744388568	150.06190803501687
SC_RS31470	218.4052603617343	61.21379980222682	52.495564684381165
SC_RS31475	65.00587568374888	35.70257828629245	136.61152206475737
SC_RS31480	107.30014095061534	71.12189547278626	84.33094684636824
SC_RS31485	143.84415780058288	48.73855226471488	95.88607061312563
SC_RS31490	105.6286862565656	64.34691935759277	84.74657276255442
SC_RS31495	131.82975108240058	53.07228540681544	87.75983514103964
SC_RS31500	94.59405529657504	39.74090430003694	73.7529708380555
SC_RS31505	78.71951901753381	56.05988657458791	73.22241913910096
SC_RS31510	42.712483632714424	129.23138212134884	113.85024423026087
SC_RS31515	346.2840930534315	1006.546628486755	315.22171353844186
SC_RS31520	4939.031488503141	3385.6333718736873	1987.099504024374
SC_RS31525	1486.8027560652247	479.56856656525974	236.87406539297746
SC_RS31530	593.8253598636522	182.88195363686745	134.72262881785898
SC_RS31535	693.3531504822516	170.73719999004413	163.38317606777787
SC_RS31540	1576.219919571154	779.0869605164339	316.43642112589754
SC_RS31545	1081.914862973838	565.4449177793309	247.34161797769394
SC_RS31550	212.45234227730074	654.3302089247615	479.752565324994
SC_RS31555	545.6169621857837	197.11083960881413	580.5517423821343
SC_RS31560	648.0940059904927	244.1876887659271	633.1200912400648
SC_RS31565	1993.6298683342834	2697.9590193076215	2056.30786685594
SC_RS31570	1078.5414408963143	889.2521536845989	619.3993965514088
SC_RS31575	497.3008632109084	301.12078397563016	148.4573421594345
SC_RS31580	479.4251546801632	71.2066795446544	61.499324307198414
SC_RS31585	1621.279217650455	1051.2205212005456	563.6506084048756
SC_RS31590	2588.1491951554444	1798.2928428399077	823.8208466847656
SC_RS31595	180.24591346439863	123.94322981327825	83.23610747636332
SC_RS31600	359.24601990244383	283.9910933977334	277.85942760841294
SC_RS31605	77.84769495466652	78.15694965303123	71.51410294814661
SC_RS31610	828.0973725102439	1142.7554519849452	588.3165433088319
SC_RS31615	1163.6453718975263	1358.3845944642537	773.2597474095694
SC_RS31620	917.8140070025837	539.1953469561985	272.01994408200335
SC_RS31625	757.3386475058921	385.7233947847737	224.7371055296884
SC_RS31630	30.627654467729688	1737.474806232916	1008.5420125597733
SC_RS31635	96.50892866437609	3657.4480140825276	2229.127252377711
SC_RS31640	68.72213294121107	1837.7426362825797	945.78871767322
SC_RS31645	43.934880626101325	738.5369788733499	524.0719513019397
SC_RS31650	690.0662196365337	1319.5129679560393	1377.2754925993327
SC_RS31655	13.009912809174471	95.0189588822205	215.74341535542388
SC_RS31660	6.085800399289176	94.7851527909854	265.18511350719297
SC_RS31665	9.271589997540245	178.49057511811074	411.45135626153456
SC_RS31670	6.746640000332313	59.68411355738304	217.79136616565518
SC_RS31675	45.76691150267452	1073.9125514050706	2611.2581556824234
SC_RS31680	13.420539528741406	257.17705020094496	780.5021856286327
SC_RS31685	31.634060016582644	271.81566067773366	739.5771861751357
SC_RS31690	0	27.181427201840695	103.69190127336032
SC_RS31695	68.37092491656804	536.9441809152241	1469.5793274436205
SC_RS31700	23.372450017925573	200.91226641931615	540.4778649382913
SC_RS31705	44.21306777703325	468.574589377156	1437.280893246472
SC_RS31710	11.205856202057006	156.96020663099696	492.7719674192772
SC_RS31715	9.996145891545993	77.427037187836	276.6248359838749
SC_RS31720	18.154811177588414	288.9527732118817	682.934841335486
SC_RS31725	52.06281087134664	688.2394451872073	1704.7099141516264
SC_RS31730	110.09657194491537	688.0339567227916	1946.8066574081472
SC_RS31735	41.812330608055866	539.7762332290886	1260.3652196673393
SC_RS31740	52.40336983644667	154.37677651035176	426.3145293742594
SC_RS31745	919.4770588484588	438.21239513635504	261.255131775256
SC_RS31750	1770.8983458994326	295.003636793505	227.82832502200887
SC_RS31755	63.6362985753855	3.7583961539870545	15.412624257707868
SC_RS31765	18.080283480650085	2.117169261514702	26.73920740989844
SC_RS31770	19.163003951456478	11.599019872567373	24.46754870566961
SC_RS31775	139.23445367230192	87.91071214748098	185.83346367301976
SC_RS31780	182.25300819472366	251.51172572247955	116.9356063413808
SC_RS31785	9.515998457750518	5.82864483482356	13.72866488804948
SC_RS31795	39.3324134517659	81.26688617365	165.01005744635617
SC_RS31800	32.280868455955385	18.280709337588316	158.84735149604947
SC_RS31805	30.75508705365491	23.166041921871354	74.24486848465132
SC_RS31810	423.49703115747775	381.9630187140851	338.44079896792095
SC_RS31815	19.580867624968906	45.350908102012234	77.44793792248933
SC_RS31820	10.540009618304083	6.401205094079681	46.951578139845644
SC_RS31825	36.42981798715655	50.52855887558216	70.1954302548732
SC_RS31830	79.32888626226962	181.6151221859325	141.4244557477346
SC_RS31835	351.52370939405563	12.77010015468417	66.76110430157328
SC_RS31840	568.7608221301845	23.364518949801855	86.24916492272229
SC_RS31845	2653.1342311861904	68.02823720586021	297.9981984377871
SC_RS31850	16418.532236019862	815.4218393566472	1486.6104292445996
SC_RS31855	70.96647346834855	61.26929287044919	90.38540998045038
SC_RS31860	3.6922121303722246	4.888351614112452	66.65143096194619
SC_RS31865	20.663145349554696	19.536261481361457	94.43003120481701
SC_RS31875	6.020296881311455	2.5260270449610913	35.63336919446271
SC_RS31880	24.940324905237226	14.528108942288057	65.5808131256468
SC_RS31885	6.319752147859272	2.7098935256885857	9.88033861577263
SC_RS31890	62.85526334236264	19.775621030311324	52.25737434383362
SC_RS31895	27.925586753304312	5.992347310633291	30.11304917347032
SC_RS31900	19.021185511525317	3.714494603138274	45.930559317697806
SC_RS31905	9.108148749657655	17.667578767524635	72.6101679094278
SC_RS31910	4.60827159560135	4.289831591251773	78.45970702458942
SC_RS31915	81.24947599745154	24.719465712646148	82.31415139492813
SC_RS31920	66.44890264870656	49.64986669199202	71.11759126843462
SC_RS31925	62.89413706967915	60.67330727547385	72.4075499271499
SC_RS31930	42.93562397730881	42.1650722072813	40.637349387869705
SC_RS31935	173.29651574264662	212.70920880863017	115.0919647536913
SC_RS31940	1.890385494490473	2.1229650202014967	22.95449694933552
SC_RS31945	78.54562105801105	27.972940704156876	47.18187963921215
SC_RS31950	33.632397206397556	15.562001023383521	68.68979183241305
SC_RS31955	106.67575275775016	98.14263922864664	74.46496524787467
SC_RS31960	3.8977468632659944	1.7025157193815175	33.23413864708934
SC_RS31965	5.582597624862697	6.33412050848372	60.649077810784455
SC_RS31970	19.138161385810367	5.571898009813312	95.6007922271954
SC_RS31975	22.5665722192566	46.75579447536414	50.31963216675285
SC_RS31980	13.675759392927395	20.020776337947982	77.2434237678213
SC_RS31985	14.124270053351868	17.03372968135935	81.10454124638427
SC_RS31990	12.006727018016193	15.065340138239572	42.27817791947458
SC_RS31995	8.258035548626856	25.458505176569375	79.87914355715886
SC_RS32000	81.06878383020388	221.78782500319096	117.8593331659352
SC_RS32005	119.97708644097081	2916.9223714225673	1327.2472011318366
SC_RS32010	30.756874278670022	773.2544215845089	504.3323877002344
SC_RS32015	26.455294903561985	173.85508457778346	196.35762859982873
SC_RS32020	146.42916158683812	215.4188600333467	225.20520722198896
SC_RS32025	114.22023616424981	25.7649493111152	52.9830453314985
SC_RS32030	159.4447164728458	102.91754018766878	101.68008768988061
SC_RS32035	154.6526210061872	194.25931344675712	114.3920811107249
SC_RS32040	165.16456830115047	299.9812127418945	133.29047658037754
SC_RS32045	72.7592759252697	299.0692738941937	124.71091215436086
SC_RS32050	166.42164571783294	925.912100257451	273.4115519515742
SC_RS32055	13.413745321016512	14.113455400154873	42.29940311878466
SC_RS32060	0.2976680415327083	0.4146535421331844	24.47156569921509
SC_RS32065	16.177299357168785	12.20913141280164	88.5868151198435
SC_RS32070	3.5594178694016745	14.297321880882368	40.91643417436398
SC_RS32075	30.184593536235607	31.92981388607443	193.44363389418237
SC_RS32080	1318.8879997919987	594.3196927826959	472.1625438592563
SC_RS32085	642.0032866623789	92.15091633843694	106.89961235944205
SC_RS32090	20.91157100601579	27.646090263721256	26.656272429584043
SC_RS32095	22.61045292928289	162.13404156258161	555.0494982764712
SC_RS32100	962.8606602092913	761.9215261825282	423.682126422395
SC_RS32105	294.44353703423803	71.59179978216977	99.0114319403132
SC_RS32110	392.2176655616833	130.58292773491218	178.9932453674777
SC_RS32115	54.18079665290292	14.40553128846973	70.57744962971567
SC_RS32120	61.02903688705538	786.5582161403222	531.1052075083148
SC_RS32125	91.51335232828927	127.13232703881064	106.44512745877088
SC_RS32130	161.07209810896643	21.151286309257216	92.50371935515567
SC_RS32135	118.07633228872523	13.284148315888503	42.970512940976604
SC_RS32140	13.932766482128491	5.1746317437405125	50.0406170247944
SC_RS32145	18.9715003802331	9.572672742579648	123.74698518309381
SC_RS32150	49.48762870260813	12.124659551145296	50.50510172948246
SC_RS32155	644.9593340562135	110.54809536094501	66.56447898808631
SC_RS32160	12.829220641926812	14.201258501852433	102.1461382055616
SC_RS32165	15.196179120182542	5.6331868367224764	70.61650368800738
SC_RS32170	2.46087901190978	4.648992065162588	30.1410827685951
SC_RS32175	47.94781613863726	79.45616104668112	220.1253553041053
SC_RS32180	26.251990141903928	24.214544550169823	133.1995831143463
SC_RS32185	10.2779955463932	6.1762137913607855	35.603769788344984
SC_RS32190	4.856254505841839	4.339528900787348	44.971590496270956
SC_RS32195	303.97535387867407	182.6326003677939	121.29815162008771
SC_RS32200	44.12495166464513	22.21717621361607	45.54193647916687
SC_RS32205	36.332677695807824	10.737402754825812	47.87481959877342
SC_RS32210	39.07719358757992	19.235370804530394	47.66445792122441
SC_RS32215	34.47571619970346	1063.2879423116588	569.9317560507118
SC_RS32220	61.81185934509335	1485.5413450327824	953.977496514616
SC_RS32225	88.86873749920728	31.903611821497833	62.91386833298226
SC_RS32230	844.6513993621076	1374.4610708603605	559.846427772964
SC_RS32235	41.19071942666477	63.620025922226965	96.62173154648792
SC_RS32240	8684.797457066683	2916.333427698602	1055.7095607551837
SC_RS32245	200.79744461471358	253.10204380055612	197.02865891916537
SC_RS32250	287.95344513675354	390.9831228105941	329.0493616643487
SC_RS32255	175.83558495541	269.0740116297537	276.1245641304714
SC_RS32260	74.59417186720202	379.4776318891714	336.4882381260547
SC_RS32265	97.36028205018363	369.0259547527898	326.7671678625795
SC_RS32270	58.06594488717809	183.42553510268957	166.84308443365003
SC_RS32275	27.75936849394765	113.7839407754233	99.86814661282519
SC_RS32280	437.5826198314159	1738.6434333356096	562.4019500548784
SC_RS32285	2771.5017688508105	1686.7909521436202	454.0584090539805
SC_RS32290	1230.1153778406206	384.81027700546554	129.4957564574782
SC_RS32295	1621.4223756155902	535.5615451189223	171.080363905855
SC_RS32300	43.60191330728233	7.274413729194829	88.1712489898736
SC_RS32305	1866.4288270442787	3004.188015780949	872.4124120557151
SC_RS32310	94.83667653177021	118.64817272415318	153.68871687898735
SC_RS32315	55.510067501270235	64.6533634921386	74.44353511643834
SC_RS32320	1.4368678513562139	4.047453012472493	22.205149579808012
SC_RS32325	100.23545028557564	82.22425446020969	83.83087992509103
SC_RS32330	2184.6736839986283	170.8039723654283	233.7110706725812
SC_RS32335	656.1679372662744	36.21940317635416	90.35820197066886
SC_RS32340	348.7765207848272	46.519211655271654	128.92847645351358
SC_RS32345	133.70976791913594	19.547852998735053	83.51716793810301
SC_RS32350	77.3210821472735	20.33079401350706	95.17311533037274
SC_RS32355	251.37646327475318	26.054248470572677	106.85042320954298
SC_RS32360	276.657701837426	26.64697273474656	112.05021298941318
SC_RS32365	3211.837043260518	2781.3008083251743	1527.839880523959
SC_RS32370	2460.592793826788	1543.509732911926	842.8608209368056
SC_RS32375	1148.8806448663058	1656.172771143774	873.4503900804427
SC_RS32380	12.976046064567754	55.78519796233344	69.29136281863596
SC_RS32385	103.16745255232027	216.20648778443785	131.13875573813527
SC_RS32390	1798.966460477339	841.5141111913275	334.3572688311725
SC_RS32395	259.32816129522223	67.87421623996232	101.982438993985
SC_RS32400	15.435137851462425	43.91093496632776	86.0881816120408
SC_RS32405	11.613705910149868	17.605735429431633	86.85331652224988
SC_RS32410	4.659743951908678	16.449265694517837	69.88185355547563
SC_RS32415	1.9418578507978004	11.969771863851776	35.40884557344138
SC_RS32420	17.81246498747327	16.21323738560919	60.538449455061944
SC_RS32425	12.584457489380998	24.787104809425944	78.97623206766207
SC_RS32430	63.93396661691821	67.56561979698273	105.81579345260404
SC_RS32435	202.81650287990604	268.8389566976714	197.71575135584564
SC_RS32440	76.08251207486556	32.11368036680193	81.77074870347114
SC_RS32445	717.6278211516387	760.7680387312529	2711.9130300533184
SC_RS32450	2060.9191761905386	2462.455979136971	1164.4385193266096
SC_RS32455	571.4393755176255	291.46783733283104	180.75422255003366
SC_RS32460	75.85758450525607	401.30205200836326	179.84974524954393
SC_RS32465	1379.9140810830145	187.85612843597593	1572.015208180064
SC_RS32470	218.38185032876777	167.16204589636098	112.46359851201137
SC_RS32475	62.50111596181282	31.617019481657977	59.09656213190616
SC_RS32480	81.85705601717224	93.7507061987061	73.90230317403355
SC_RS32485	35.87236584494867	78.09621533730589	57.591874724060226
SC_RS32490	5.699573499147746	6.640564643029545	50.24023867267683
SC_RS32495	31.361234540696046	18.558174678700166	91.42167119143687
SC_RS32500	49.89503566448039	26.781696417122316	89.07115428665544
SC_RS32505	71.12196837761456	155.9498097948605	222.92714012787843
SC_RS32510	179.70785415890649	108.16536448590385	143.19141974224323
SC_RS32515	51.02699852035839	13.482625343819006	40.78267458862177
SC_RS32520	73.52270554659195	37.32641790270442	78.18796592743328
SC_RS32525	258.6542803189677	121.16545488983783	108.13712081552023
SC_RS32530	110.51300308574824	73.98945341462576	79.16925025185606
SC_RS32535	122.23832319513782	540.0703257802959	292.66399884399914
SC_RS32540	741.1520735714449	472.27853574898677	252.96677861774415
SC_RS32545	545.7182957811533	2856.09970392075	846.5359579135351
SC_RS32550	321.55450221170065	349.4037302679527	180.40016126894184
SC_RS32555	77.71454600136043	69.04251979322174	55.86750041724342
SC_RS32560	49.43472381362123	48.98943342179857	54.98425817438328
SC_RS32565	582.5714434108854	732.6474640772597	299.1279796545251
SC_RS32570	182.01431610189425	132.3156011793351	88.35350742776203
SC_RS32575	65.97698195531555	45.84756898715619	33.32700378688483
SC_RS32580	100.60720327782607	93.89122563976866	98.77819974960585
SC_RS32585	343.1463637058903	392.9632762628198	320.14915142625836
SC_RS32590	187.09604521758396	160.58523459888616	117.78484203696425
SC_RS32595	219.33678352131338	157.2451354372853	109.0643792679935
SC_RS32600	66.37000306318188	85.03687384501063	100.47822123660788
SC_RS32605	68.58012215337709	1647.156351416647	607.7646882182498
SC_RS32610	168.12399779711248	266.0819002903326	92.13257529757018
SC_RS32615	831.8358714296483	200.61113344151303	104.36417104377392
SC_RS32620	90.04369557267037	465.32729226378365	201.55815460386737
SC_RS32625	76.9935645573849	672.151287310049	196.81692650443014
SC_RS32630	72.21263518703753	1576.928757458449	391.2297299547013
SC_RS32635	165.6152208789256	272.21747386164606	147.7829056414499
SC_RS32640	20.744910000438523	88.29614459520818	138.29962385723218
SC_RS32645	79.48429311765057	90.3931498518051	193.04827816121087
SC_RS32650	201.8439640756598	464.27847742527337	270.16698713121144
SC_RS32655	733.7590841180933	607.9301080377256	273.70949611451965
SC_RS32660	1610.0549121545384	303.1437956926385	216.9511194732581
SC_RS32665	618.0015457628961	135.77557117513666	159.15480609590398
SC_RS32670	102.17329094012261	29.54708301103327	73.62009662387288
SC_RS32675	44.98810624088736	18.575561954760552	47.62234774232091
SC_RS32680	93.15826528556286	38.62007583863955	100.41018842541546
SC_RS32685	9.816886256977902	5.367313012984217	44.957573698708565
SC_RS32690	105.02575852721915	62.52182598439292	101.407190645984
SC_RS32695	185.0304172847762	186.9675781778035	432.85959491912524
SC_RS32700	104.04598276902742	186.85288285480416	81.31028099232857
SC_RS32705	61.8049770834834	401.7489456747319	80.29783145079512
SC_RS32710	127.43773756978364	1691.6913022117303	228.6559000805524
SC_RS32715	149.18385378846253	1626.7053334395985	193.10977315176945
SC_RS32720	302.9166647716202	2666.4152575269636	306.24841311982465
SC_RS32725	718.4089912024195	8265.84955586763	837.4009478183874
SC_RS32730	471.6608412174443	5817.504649450426	640.0874262343826
SC_RS32735	285.73205813302457	3258.457722022588	405.36100490388566
SC_RS32740	301.87798735527286	5626.667889774238	834.2257030420667
SC_RS32745	18.00074880100197	249.22308248270502	33.83741073189562
SC_RS32750	643.0923173046774	10747.22291588344	1071.6422444663065
SC_RS32755	16.138425629852282	112.78721785585445	20.205902553849178
SC_RS32760	174.99842507570557	304.86241727398044	88.40712343545906
SC_RS32765	1021.291003077419	4446.351520645282	3498.3994262549586
SC_RS32770	102.6023207099463	231.5247547327642	145.6649463447808
SC_RS32775	216.2069424619738	739.7293321827522	369.77053140409237
SC_RS32780	322.14133115257374	270.260121324716	162.1630807495905
SC_RS32785	562.443388007446	2463.7440540352845	252.13299024312562
SC_RS32790	241.47717727276805	1460.6472909958386	178.70469607048994
SC_RS32795	84.97833188390454	174.88318090019214	66.98847911108014
SC_RS32800	46.68297096790364	49.99410440848803	81.81388939984416
SC_RS32805	21.1635711125071	24.99995008358741	56.389337689673646
SC_RS32810	17.375208477245117	20.58754083851731	54.40057583335832
SC_RS32815	45.02296277195305	42.55352368483789	128.32989194336662
SC_RS32820	76.31333211962604	41.30376729975154	88.5950441807412
SC_RS32825	50.832717937660945	46.34693669191775	106.56698120978656
SC_RS32830	36.17781788066524	31.354234596988896	38.72907132931624
SC_RS32835	84.21311503756719	144.15391069161257	113.18505743232402
SC_RS32840	65.14626159100048	68.73361114003035	57.16828446531888
SC_RS32845	136.82791208205862	48.315326235037524	52.650344537307205
SC_RS32850	417.8801240417877	124.43052139872215	90.79552859347224
SC_RS32855	29.539927014213507	9.17238744667743	29.83784609293111
SC_RS32860	25.987746098757334	13.064952771856404	19.810616465413474
SC_RS32865	6.046926671972673	13.582019962890156	12.439991606826796
SC_RS32870	67.08231502053235	48.59827512462437	53.75845062090536
SC_RS32875	106.3185779674085	73.71531931355511	64.66348483265463
SC_RS32880	177.88475940740884	203.7690296559379	138.73757113325257
SC_RS32885	161.81496899934388	562.1879675563613	326.86274890327013
SC_RS32890	63.721637676299544	178.6830140863824	95.18807328422984
SC_RS32895	12.407339772163557	195.8386970011365	195.64970696829013
SC_RS32900	16.82232057152642	17.851445248252126	24.627230923700733
SC_RS32905	272.66960889053615	599.5945243035399	130.89375700177303
SC_RS32910	91.19513931914918	69.5598991944673	44.55561450204859
SC_RS32915	347.9548245994728	169.63615341411295	133.8551044711446
SC_RS32920	217.656216594418	125.3710569204053	108.13936706594653
SC_RS32925	84.84920012684928	57.68317167981604	54.329546687770446
SC_RS32930	732.3733339307088	214.643378310813	187.59144452118028
SC_RS32935	72.23445034289178	60.655607789201675	72.27712689551983
SC_RS32940	9.177669463886199	14.057962331932504	50.36535933326883
SC_RS32945	202.36075526553608	326.28301112950965	161.53076026734772
SC_RS32950	107.80414116359796	155.86398660986444	82.75461949803689
SC_RS32955	25.167482446082428	37.20685927871551	51.82949251488473
SC_RS32960	6.0311082852871705	5.180427502427307	26.53081154927537
SC_RS32965	45.61829885501846	22.386674448112597	46.95912676131001
SC_RS32970	197.81218276664654	152.10305602799204	124.39631479581325
SC_RS32975	58.59434491958622	5690.482000503034	295.977010341288
SC_RS32980	114.46400953033665	928.6406956363487	70.2036593157709
SC_RS32985	251.72917812262344	191.30037886220683	131.67495002784455
SC_RS32990	1724.3786075913758	1340.2401650973657	1022.3382005389691
SC_RS32995	346.5360931599228	61.75103099817834	98.40666954588808
SC_RS33000	46.498704350625765	150.9002202235839	122.55376351180958
SC_RS33005	22.201613434731062	119.42292337083259	97.17983147494063
SC_RS33010	54.395355564757295	60.22689821104932	70.60771961694726
SC_RS33015	303.9187864857719	196.33344787881867	198.8476034658422
SC_RS33020	61.6944407245877	1007.329327200555	727.5263822753217
SC_RS33025	49.617203205884	645.0802627433586	293.26918096099627
SC_RS33030	34.39439429504024	185.80548924887336	175.83119180337613
SC_RS33035	1335.9272415875778	2755.7959173940117	974.3489747357929
SC_RS33040	380.34589096212096	1219.7260248248697	775.2404949954328
SC_RS33045	697.1990727736701	295.93573964612347	278.5590366747173
SC_RS33050	43.56848930889622	25.16642928825452	128.12871434281075
SC_RS33055	9.813666499283226	8.188192675117541	13.665389296052222
SC_RS33060	34.972124766405045	34.712899966257574	64.67770656234327
SC_RS33065	72.79314266987642	128.38763688161174	113.12096611330298
SC_RS33070	2.3032421852931204	1.6470226511591477	27.744643623490944
SC_RS33075	0.726343119020858	2.537618562334681	20.524381618351835
SC_RS33080	10.918999564500014	8.115312330834788	57.52989436787505
SC_RS33085	16.634834196553868	61.29247590519637	85.61397753683617
SC_RS33090	78.75428749471443	77.7342781345377	115.07775288232216
SC_RS33095	1238.382368231251	436.69485492006874	258.31414970711216
SC_RS33100	43.48493743299729	12.325913307933174	115.22832066789596
SC_RS33105	20.096669028386213	6.529578506584804	47.24304426837354
SC_RS33110	55.98262328878467	45.506592601461634	216.4369701113639
SC_RS33115	21.673568094658474	8.115312330834788	102.40820986009803
SC_RS33120	10.596488957321197	11.055992917929062	84.98035596194299
SC_RS33125	28.191618021466017	521.0779254017156	96.98912918570876
SC_RS33130	114.66874682467429	3324.6970012561774	201.41711111500337
SC_RS33135	715.2335977885984	175.33587032524756	134.82311808049295
SC_RS33140	1358.697794952628	253.88953173316773	132.70223209396417
SC_RS33145	318.18818279063464	122.72220992065384	141.32981986481994
SC_RS33150	43.017388628192634	13.465238067758621	95.65018630922069
SC_RS33155	2.163210970377072	1.641226892472353	49.6965555477195
SC_RS33160	4.454209219014908	3.69710732707789	40.129053405694776
SC_RS33165	6.978804523887301	4.7599782016073275	50.95836103887735
SC_RS33170	17.169673744351346	10.994704091019898	52.32452178346643
SC_RS33175	2.8488931370663186	5.869769656814961	58.81352999640223
SC_RS33180	0.6608396010431373	3.41082719744983	36.76276026358727
SC_RS33185	2.717886101110877	2.5260270449610913	59.694806422336434
SC_RS33190	5.566779238177196	4.3453246594741435	57.628957108587706
SC_RS33195	5.954793363333734	5.057849848608978	51.90576424529435
SC_RS33200	17.444286445253056	4.400817727696513	47.10513240149542
SC_RS33205	6.787300952663924	8.769325421917836	66.99093029363267
SC_RS33210	22.857003306843808	47.11773167813233	80.79694735745812
SC_RS33215	351.9596214254893	499.91230341948017	300.3944070772877
SC_RS33220	61.6854165456271	118.19659232146546	219.61079607795864
SC_RS33225	66.72137343225764	634.0724350740168	254.09387350854558
SC_RS33230	87.00374161060128	870.5701157650423	274.78228469987124
SC_RS33235	216.95837854495852	13912.907942867452	1204.3147791537165
SC_RS33240	93.39757870917828	19718.334717889382	1277.807039216102
SC_RS33245	51.50178427910854	6388.788846307084	556.8848254435694
SC_RS33250	23.570747796873842	341.1938456999073	354.5701249267463
SC_RS33255	13.670752410217608	43.654430442289545	112.8431765626208
SC_RS33260	11.06403776212585	56.635223562701405	269.839729852487
SC_RS33265	0.9585076425758455	7.291801005255214	17.46255074318459
SC_RS33270	21.326214921833547	55.69770707084768	123.0764861557994
SC_RS33275	19.682025112568454	86.03821359165887	120.49906994881822
SC_RS33280	18.795815195695226	78.3231865567263	95.08922533396293
SC_RS33285	103.57620399298705	540.352683412508	222.76766284197353
SC_RS33290	89.43477107415517	470.4768351382534	152.51208861708898
SC_RS33295	10.272191125127272	48.317548452711065	48.939454624601375
SC_RS33300	16.035480917237628	38.90635596826761	34.81658409348253
SC_RS33305	18.78178403402483	83.482895543052	86.8465836278093
SC_RS33310	11.588863344503759	36.61333820238575	82.18270770414803
SC_RS33315	26.836072074773025	39.70033398922937	86.13288811940674
SC_RS33320	57.699553569972984	38.371901501173475	98.78705346520178
SC_RS33325	172.42745245112067	81.74560527154972	43.26571562954964
SC_RS33330	339.0496259191376	265.33206612119164	102.4747425033521
SC_RS33335	1106.5406560907784	378.5205059035837	194.93947344327069
SC_RS33340	1089.7017915077624	876.3347607804008	329.50323577012233
SC_RS33345	2140.2014509749106	1855.9240167373987	439.01794765765106
SC_RS33350	1903.0854641200776	1375.8210324512356	536.04295335325
SC_RS33355	186.504179290531	104.15268602555211	58.848642562522564
SC_RS33360	405.18442080884	213.3309817754778	159.20589541967433
SC_RS33365	70.38194878925884	16.128211012769007	46.0148551768789
SC_RS33370	1670.0159991205992	375.4263630347136	104.86791473887995
SC_RS33375	3189.5661801833294	730.4052526432811	164.5115464777524
SC_RS33380	43.479575757951956	43.27486366248893	98.10411330965742
SC_RS33385	29.975839045647156	33.27015010171572	92.30511836642326
SC_RS33390	96.92580255142956	193.19946160205708	219.09345130638098
SC_RS33395	16.432519221354774	17.42766470739093	52.071904781104
SC_RS33400	20.185227886994934	15.456810645625577	44.35300637809019
SC_RS33405	17.109177209083413	14.980868276583227	83.90939790592694
SC_RS33410	36.95464356953446	42.59187177797191	141.50841538868025
SC_RS33415	141.320906974505	164.68818067958105	163.8189467379078
SC_RS33420	13.46343045230873	23.18977946780237	69.98478814382383
SC_RS33425	48.48301037877028	155.78524059765513	76.00026286266886
SC_RS33430	19.50812715304569	53.075062135672816	82.68100388230604
SC_RS33435	1.7345358928889223	4.356916176847733	34.70439978508658
SC_RS33440	23.034121024061253	38.257584124687526	50.33419411615816
SC_RS33445	14.038930952437825	37.18922970168309	73.45095975366777
SC_RS33450	11.554996599897041	17.22061519191626	72.1419466446946
SC_RS33455	1.4775288036878254	0.9402932207111083	24.470340107938824
SC_RS33460	90.83419773087445	76.33161397885935	63.60463754349136
SC_RS33465	107.35205605314327	518.248267697257	296.9774147590233
SC_RS33470	24.564909409071515	70.93254544358378	56.31987435507872
SC_RS33475	88.10084793541363	501.6023940631412	300.24430494070145
SC_RS33480	252.4645454206049	185.48030651492743	117.48969913460755
SC_RS33485	51.12279433291262	261.45171673380986	228.41024647823411
SC_RS33490	69.6573928952531	144.59237168891653	138.4828530263738
SC_RS33495	9.59732036241374	16.452596934559054	39.050001576371436
SC_RS33500	8.622994333152393	10.877922195888365	26.65804317270323
SC_RS33505	2.9234208340046464	2.531822803647886	36.93959090116667
SC_RS33515	32.29311239261067	51.30268510183796	92.63114605239029
SC_RS33520	69.76534459057754	60.41045248156501	61.1424716238374
SC_RS33525	71.55779235516314	127.0650700614824	123.20915543785577
SC_RS33530	78.08709643216702	94.4952991203441	81.07031990866183
SC_RS33535	692.3729157377066	45.038113697595776	71.30815827007608
SC_RS33540	310.1590920078681	47.24308606080804	71.09289422742198
SC_RS33545	249.93557822714615	12.355446612550987	50.66144739340145
SC_RS33550	430.5271456932396	225.76812352082774	121.3991900360458
SC_RS33555	171.48968212405507	114.84896395838653	79.34029315277078
SC_RS33560	1850.9928061771702	372.18884991374557	337.54872672758506
SC_RS33565	296.3285608536832	88.79582451018152	140.2703019945428
SC_RS33570	389.72981830690946	1161.287149724844	750.0687867917469
SC_RS33575	201.61011662110747	1437.7530880547786	299.10075192810467
SC_RS33580	88.52014414160561	392.4142811577624	203.6276806914449
SC_RS33585	42.08551077627801	225.0036788044838	94.4462843944862
SC_RS33590	9.64521826869085	132.85005564642924	121.64601930174355
SC_RS33595	7.251629999773899	72.69024202097587	52.3379934291859
SC_RS33600	22.970404731098636	265.3230090317034	135.47939537809873
SC_RS33605	7.237598838103506	217.32738198213679	129.30177740035055
SC_RS33610	11.370729982619164	468.17187630879914	228.2487935170838
SC_RS33615	194.17867994652713	5247.376213886906	2589.054728481203
SC_RS33620	254.82605416993025	4097.970494294533	2222.724672849555
SC_RS33625	42.86153902659108	4821.6883280402035	2199.163190973489
SC_RS33630	12.999101405198756	8977.80427915878	6674.596064009463
SC_RS33635	99.3505848474969	3529.116433715994	2609.7334690108514
SC_RS33640	17.353940361629224	9496.009336641506	6532.996010582089
SC_RS33645	12.44621349948006	12538.186387887241	7999.424945640162
SC_RS33650	63.435770825201516	9283.879972043656	2385.5602307933423
SC_RS33655	9.193487850571701	1447.3388102935023	909.2456621698855
SC_RS33660	5.3752756669538195	68947.06710953842	50078.724951506236
SC_RS33665	34.76980979120596	14381.845988057581	7903.865084217777
SC_RS33670	31.832800541751517	5288.599152775255	3439.3062540237843
SC_RS33675	6.317964922844163	1310.1904578135038	1025.4320582846863
SC_RS33680	32.536088320141374	1735.6522923796688	1495.4864056525494
SC_RS33685	6.302146536158662	104.89203769968714	85.49095798076054
SC_RS33690	9.515998457750518	233.8404010222094	148.78215411244474
SC_RS33695	31.87346149408313	87.96651742591516	102.99978104230404
SC_RS33705	28.926985319447482	87.68325632611652	109.30890249704863
SC_RS33710	23.24144298197013	190.95336441685345	159.47157420350376
SC_RS33715	46.176193743446944	165.92690005847763	137.69322600727827
SC_RS33720	351.18851210400095	142.1212132917542	161.24527694929125
SC_RS33725	65.26065280171427	149.7800161826101	310.0796165460305
SC_RS33730	22.984435892769035	22.675731306598035	37.97883858822913
SC_RS33735	94.19487507510725	29.549547529678847	71.68868733529972
SC_RS33740	78.76697417759033	32.148454918922695	60.31808797349603
SC_RS33745	117.08708960535229	42.61450030153525	65.8364921054593
SC_RS33750	9.771218321936505	50.41764264837719	115.04380612126177
SC_RS33755	5.153922547374548	5.94844575978451	19.785374272557906
SC_RS33760	32.66808514255578	19.950915023494645	61.03661034562955
SC_RS33765	17.336334749928614	45.64020726146971	61.49198061786029
SC_RS33770	15.17089380831583	37.89842365077671	56.016842611540966
SC_RS33775	32.41866969963572	39.9167528044041	78.65040931382129
SC_RS33780	32.82294495769837	49.37517807973755	57.08657507628075
SC_RS33785	32.34637197393311	53.21804609538094	61.3959142115431
SC_RS33790	37.617270395592705	14.475392602923067	67.75606520384177
SC_RS33795	769.078900509526	1756.3409322899379	557.2782554291923
SC_RS33800	86.51313746516563	68.85261525283542	57.45729941129424
SC_RS33805	854.4845929955943	635.8808722470105	512.2436198465276
SC_RS33810	3.899534088281103	9.773926499367526	63.941755337161126
SC_RS33815	160.69068584363197	206.46653485209703	101.93263504770721
SC_RS33820	223.389390199722	95.32707072325604	81.08311111494795
SC_RS33825	920.5317007557917	841.1646612174392	333.40190128220036
SC_RS33830	79.31119259668395	169.66877565779996	154.12128628259558
SC_RS33835	18.54282530274495	26.939048623061414	48.041310212619244
SC_RS33840	1.7751968452205336	31.985306954296803	20.79203607742668
SC_RS33845	21.13471135061017	746.8785639210035	124.82963428339065
SC_RS33850	10.127152927501434	40.71319534401143	59.73753725445695
SC_RS33855	11.408171177256099	12.930783600664485	69.6727772554192
SC_RS33860	10.100523136840218	10.918804716907728	33.08249041614918
SC_RS33865	6.137272755596503	6.351507784544105	26.632800979847666
SC_RS33870	10.010177053216388	8.585458941190343	23.890674760459348
SC_RS33875	10.736520172237245	7.639369961792438	38.50156123221895
SC_RS33880	8.573309201860173	5.527996458964531	76.17369130308153
SC_RS33890	14.230434523661199	12.68260926319841	45.084805322136425
SC_RS33895	31.205384939094493	68.97272838800818	198.19909943846605
SC_RS33900	22.72787154978854	33.296352166292316	41.10849734246255
SC_RS33905	27.100316117919622	12.881086291128911	55.7241508917368
SC_RS33910	4.58521625497035	3.45472874829861	68.33818173387378
SC_RS33915	504.54008692959434	259.94237105855433	168.91811782439189
SC_RS33920	186.63483163415088	88.7157271746325	64.31751732487012
SC_RS33925	1214.3828573030037	297.009819918575	164.83867032424357
SC_RS33930	190.87948892402122	168.42228060351502	105.7742882117598
SC_RS33935	98.26107016896562	40.02416539983558	117.6776198798897
SC_RS33940	4.328209165769253	2.9961736553166456	49.117570639673374
SC_RS33950	44.806616635083564	5.817053317449971	87.54463088460189
SC_RS33955	34.3022609864013	25.34172328143784	229.36976445298512
SC_RS33960	125.08864886488371	204.08849071337497	126.88623387709164
SC_RS33965	34.061515030106314	32.69481311360222	40.60863535331158
SC_RS33970	151.69370854699343	104.7280230136656	60.274266837689666
SC_RS33975	54.081426390318484	43.143471220154396	53.845742814481916
SC_RS33980	45.12734001724727	54.43937819821716	108.31367101959928
SC_RS33985	25.37257443275559	26.28201650214895	41.1187020786057
SC_RS33990	41.20296336332006	15.649491914869282	49.60675238537409
SC_RS33995	24.08976895798582	7.291801005255214	30.564742671872263
SC_RS34000	49.52828965493974	18.155112653940574	45.408041605834235
SC_RS34005	395.20139058305307	147.03441147416535	109.20120083118579
SC_RS34010	193.7153406858761	70.57609178929057	92.49929249735769
SC_RS34015	118.59579619605782	229.13036243110966	152.11707710531533
SC_RS34020	65.83337629036929	107.65107402372747	84.58928194085952
SC_RS34025	32.369427314564106	75.40013554666444	104.34001915460418
SC_RS34030	10.800236465199859	20.31587125609225	40.24825104203167
SC_RS34035	8.830316291061271	9.166591687990636	36.70316144541882
SC_RS34040	13.041549582545475	15.900442981192734	124.7156135888209
SC_RS34045	17.786632635368196	6.0478403788556605	32.35824009356732
SC_RS34050	2.6682009698186584	6.231706859583155	31.851850142102002
SC_RS34055	1.5786862912873714	10.56266327282633	37.50014201217193
SC_RS34060	11.183243607646611	33.594223813293965	72.06697015009706
SC_RS34065	1.4617104170023232	12.664909776926226	51.428488334320164
SC_RS34070	49.04447971722898	18.967032462146555	62.90896596787719
SC_RS34075	49.99941290977461	130.01234321941936	165.25260500016586
SC_RS34080	118.37856456674713	64.93162564540631	121.50614161793948
SC_RS34085	52.52222098963189	152.10583275684942	181.82394515645396
SC_RS34090	29.85127152508107	46.0137359816115	67.32627734418327
SC_RS34095	31.793129375878873	38.33403800998353	87.89304957493893
SC_RS34100	14.981620208328167	15.141551722563541	43.88253886293071
SC_RS34105	14.543920951879409	12.399348163399766	32.591537927329284
SC_RS34110	73.81035962270508	93.47934882649285	73.12771361165046
SC_RS34115	35.92661521273007	37.29410786922923	122.99096470534204
SC_RS34120	50.54506386154781	64.82532624528069	61.419725880996154
SC_RS34125	246.8204614740153	240.21540405171245	195.5221351251456
SC_RS34130	56.59342306620005	33.79880881012306	39.98495379621899
SC_RS34135	45.997288801214395	42.299795889657055	68.48085081994707
SC_RS34140	16.219747534515506	390.0726051954729	281.0305817451711
SC_RS34145	230.7964270548768	152.11631525185533	203.37663350155663
SC_RS34155	6.319752147859272	6.988133599566769	34.63078416935574
SC_RS34160	23.352614434989245	30.399573130046818	72.98490923798677
SC_RS34165	218.4715613182682	326.0017998556523	281.5164269367597
SC_RS34175	5.8255735523934025	3.8138892222094247	58.325854275478136
SC_RS34180	144.66084700322756	2791.4564787299487	861.566190510069
SC_RS34185	73.86059179423566	897.915249615631	380.2220357312659
SC_RS34190	3.9085582672417103	51.93042621910465	43.784906645620566
SC_RS34200	35.96771891128228	111.99639868320162	92.68802896966362
SC_RS34205	62.82139659775592	343.7756081140627	242.97513120681566
SC_RS34220	330.9392132317078	807.7216858141239	259.5937584837744
SC_RS34225	57.72975781066442	126.59238902324151	32.63746016765201
SC_RS34230	208.02610732774156	388.60420777753825	256.7987065544419
SC_RS34235	93.03842434591868	146.19518057901507	191.66946149792608
SC_RS34240	115.44879227123818	101.13055260663091	110.0711763604527
SC_RS34245	79.93137124539548	146.4289866702502	94.97457998469496
SC_RS34250	73.9513806240801	178.8254435349067	104.56712924576848
SC_RS34255	34.06330225512142	98.85547662799328	117.03153746010757
SC_RS34260	26.761987124055302	73.0204237014527	119.31701788809205
SC_RS34265	4.971443155111779	21.128103274510035	53.613535284405785
SC_RS34270	14.705574974746893	105.01454544426572	116.74810531867065
SC_RS34275	9.746375756290396	71.6475351513642	93.56971525985031
SC_RS34280	45.50132298073341	79.57596197164207	127.60918310702314
SC_RS34285	158.58761671618728	234.65811658910218	122.86210748470491
SC_RS34290	70.45603373997658	83.25814654130515	74.1105637470662
SC_RS34295	9.07829920130176	3.69710732707789	56.44383906893026
SC_RS34300	44.6173430350959	106.23237391532844	481.76911577473055
SC_RS34305	50.17187833661781	177.8606117831705	289.62421875348525
SC_RS34310	116.11062165874029	898.6351967610169	320.6035068961774
SC_RS34315	10.32187625641949	10.691036685331454	65.05231260331182
SC_RS34320	26.791836672411197	18.458780059629017	46.22379618934489
SC_RS34325	2.097707452399351	38.56704728906276	43.28993716325518
SC_RS34330	8.936480761370603	149.80448480439543	132.93049227503062
SC_RS34335	41.69749665112147	1458.4615015046375	501.6870419030363
SC_RS34340	7.630619945969831	202.71064055274257	193.83055163264873
SC_RS34345	20.9522319583474	204.01335557816594	294.5964327932036
SC_RS34350	18.245157261212242	271.03515160835445	367.9775134911856
SC_RS34355	46.62971138658121	115.4341222748914	362.6103575842295
SC_RS34360	6.450759183814713	29.926407489861848	111.73302515924141
SC_RS34365	12.0157511969768	78.37375058765751	235.26242054639954
SC_RS34370	9.540841023396627	41.30654402860892	112.63939863212126
SC_RS34375	16.097764677520672	63.80666913181184	196.25529494805855
SC_RS34380	21.5051198640661	58.16220298792757	170.30265257980554
SC_RS34385	559.3363356502869	790.4654666846783	318.44606796180625
SC_RS34390	204.88579331662908	230.48149335196868	122.26855076893398
SC_RS34395	19.33467193974353	79.65495028482341	689.4981456035861
SC_RS34400	10.828653480876184	31.626146480385987	347.08070243775575
SC_RS34405	8.64962412381361	26.939603134245253	283.25435239215125
SC_RS34410	3.2883796185301843	11.71000600901211	110.97633410037578
SC_RS34415	138.80542390247825	125.98061394945573	164.4617523897941
SC_RS34420	1727.92910805263	1420.2038107245194	195.9577008631493
SC_RS34425	377.7586409644973	581.5662198381073	136.59334898457786
SC_RS34430	49.90549237612056	343.90304489593245	65.78655287159108
SC_RS34435	96.21126062284338	457.0369981499773	178.0290897459642
SC_RS34440	470.18751948111475	527.348431793328	312.6832857466978
SC_RS34445	52.47154607188071	51.14779741454444	49.726290241427655
SC_RS34450	4473.50910021913	6721.4278527143415	1512.0873301360966
SC_RS34455	1979.2275872377697	1852.2183410957148	530.3915021415928
SC_RS34460	1202.880779355431	836.4302648329231	242.6990926826137
SC_RS34465	450.73463148230945	395.32983553959895	130.36702722255723
SC_RS34470	438.92922965303336	468.9385064966257	130.23353821199586
SC_RS34475	707.1514978228272	2717.314565400484	929.7603302745591
SC_RS34480	27.952659290186137	287.4554011734513	228.96005170273452
SC_RS34485	24.41049234014953	14.87845462768266	39.045644363109275
SC_RS34490	55.834365333464156	49.57087837881067	39.68994618145271
SC_RS34495	68.09854218690205	20.105802710788165	99.76269519886982
SC_RS34500	33.65044556431877	51.86858288101165	98.93326403751345
SC_RS34505	18.779996809009724	50.779509941905616	64.84384709815292
SC_RS34510	51.23074602823706	28.37846724756205	53.796893884299536
SC_RS34515	120.66634305769028	178.58084273845387	84.54321455462687
SC_RS34520	76.56310225488164	64.40296693699898	48.404145706451686
SC_RS34525	410.67738173474993	565.5389644954683	295.6603775212787
SC_RS34530	3661.1277116653996	3384.80811635589	905.30568649077
SC_RS34535	2743.719382450088	2314.7476328677767	648.1016980453567
SC_RS34540	603.5517957429885	1091.6493712395632	566.5317309379897
SC_RS34545	191.70787502308283	434.6006963015689	113.95944206258085
SC_RS34550	276.2038295019562	557.180895639341	164.22212166752456
SC_RS34555	163.93001542499334	126.55705995993691	123.7192918076857
SC_RS34560	215.6264349791349	74.57662422108487	88.12688270222434
SC_RS34565	270.3642247878924	314.71224314746013	151.9822968604231
SC_RS34570	67.59632919893454	34.19885180505324	158.76176040105628
SC_RS34575	49.72801996656758	225.55257142704866	160.0973069372159
SC_RS34580	196.965732069531	227.28375372965235	104.96990416945224
SC_RS34585	146.92700268621928	142.43036424591764	80.95478918783425
SC_RS34590	19.04781530218654	38.24599260731393	100.76145830423805
SC_RS34595	9.822690678243832	52.1670789484369	77.04509335426975
SC_RS34600	38.364881630229455	81.82840942671636	185.07966972905527
SC_RS34605	2082.4332346564756	2975.78021302747	881.7060778529055
SC_RS34610	606.3772788470883	509.8470573562457	272.80195683657985
SC_RS34615	67.50920287300539	2718.0126560172903	1758.5470778271742
SC_RS34620	6.433153572114103	33.97108377347696	57.44648388025355
SC_RS34625	408.5548317167045	334.94697378193723	106.15726845953597
SC_RS34630	595.8716830136293	479.37883441660574	170.50546563589018
SC_RS34635	614.559884966203	542.7266362452239	241.33178584960365
SC_RS34640	136.53882547326592	113.5495102637646	75.90896353386633
SC_RS34645	79.96845774769687	164.26224783028607	94.21121581760504
SC_RS34650	31.13809419610166	27.566859649567867	28.536721825138976
SC_RS34655	74.51106273752369	487.75866924783907	288.88868725087514
SC_RS34660	46.249288907705704	532.4842266690522	189.20647584976714
SC_RS34665	22.775326709845043	58.2413636928412	54.992827454997666
SC_RS34670	14.529889790209017	18.88502511913579	58.7318206073641
SC_RS34675	36.548226394121166	35.30586653140349	127.62755711784769
SC_RS34680	12.109671730630847	31.859398060437258	108.24128099514472
SC_RS34685	2.8985782683585373	6.345712025857311	43.26327430531659
SC_RS34690	47.33344191119166	95.85017597394862	112.69301463981827
SC_RS34695	26.310256705936148	99.71924605416862	96.47742700488588
SC_RS34700	62.576988137545655	174.99163260875153	173.5477625520112
SC_RS34705	13.270139656070244	38.65207366190294	39.02366907983003
SC_RS34710	63.03238105958008	145.77219685030977	137.50040289689107
SC_RS34715	58.39604714063795	169.34622983423188	197.44074334911315
SC_RS34720	22.073826156470297	63.15869410038761	65.67626473558526
SC_RS34725	27.64596706969282	60.24119654804052	87.00360973116163
SC_RS34730	3.7401100366493343	19.43384783246089	20.551870061633696
SC_RS34735	4.181383743128309	23.96050454477719	19.04514133548771
SC_RS34740	12.320213446234403	966.1723875130153	61.7059494247023
SC_RS34745	58.55725841728482	4982.37498844687	275.26799460386934
SC_RS34750	113.94427898455359	80.84945590265943	117.82355587553928
SC_RS34755	415.66430482434436	242.57821322280793	207.42206059462757
SC_RS34760	61.84707056849457	38.29870894667892	79.07073266298632
SC_RS34765	9.818673481993011	9.63673829834619	25.024423042846056
SC_RS34770	17.3024680053219	52.01514038173303	59.64044033067024
SC_RS34775	19.075877625527323	63.64345125794618	54.69836499207431
SC_RS34780	201.5302272491238	655.2182046717501	356.8612223720083
SC_RS34785	55.812742525512725	157.13716833067	88.82357493698852
SC_RS34790	25.374804403991305	48.987281113364794	43.53881760557248
SC_RS34795	272.4829499575898	156.5764418897595	227.7267513125273
SC_RS34800	36.98851031414117	20.34793898859541	65.05461863995443
SC_RS34805	32.03610530340958	154.51174666663775	187.69553505626894
SC_RS34810	37.11371292883069	61.061688843790684	97.27413699645814
SC_RS34815	120.26259859973331	134.7077013540763	88.2414584069565
SC_RS34820	331.6108642367267	365.3111479394397	207.5459556639433
SC_RS34825	15.389027170200425	17.9273446223643	38.18498819842591
SC_RS34830	456.3969423713857	302.4540755917374	373.90835798797116
SC_RS34835	18.863548684908658	34.12295243094107	74.36930870580997
SC_RS34840	23.807919303138615	13.54391417072817	58.78073918208229
SC_RS34845	39.89487257668357	18.943537217187576	102.5440804086761
SC_RS34850	1430.236964382957	13148.343187032491	4485.648533711579
SC_RS34855	197.72371196192287	260.2298301197898	151.09115591806244
SC_RS34860	23.80291232042883	8.82783751996962	23.767460130576964
SC_RS34865	8.481175893221236	9.75653922330714	85.74515065243541
SC_RS34870	35.36013889156158	22.033309732888576	205.1212918513888
SC_RS34875	78.65714720336571	97.05387849975241	88.0266042285549
SC_RS34880	178.40397291642364	218.2487967849683	136.58287367325386
SC_RS34885	28.390358546634893	35.57698160264471	34.95381552092731
SC_RS34890	118.17168535505884	171.56588265388692	115.39534657526521
SC_RS34895	166.48481497055718	152.2734209838842	110.13424702032371
SC_RS34900	74.68853514707666	112.0960356032448	99.88760106901607
SC_RS34905	14.783322429379895	41.627841011329785	178.52046195735608
SC_RS34910	1.8655429288443637	8.702240836321876	41.03699268956757
SC_RS34915	50.5274582498472	323.3975813096657	79.40145778193218
SC_RS34920	50.75918002718158	115.78790168281974	147.81332477607262
SC_RS34925	22.08821201047623	15.649491914869282	155.31485803191597
SC_RS34930	9.671848059352069	15.66386016110025	97.4349095181751
SC_RS34935	69.78482548117833	143.234093686031	115.71844757137261
SC_RS34940	135.35351498218043	389.9947300775974	123.30392660836088
SC_RS34945	1113.1570097263682	3894.4672296681747	698.1119517202635
SC_RS34950	68.8913786103596	15.54128250728192	103.45780742921357
SC_RS34955	62.35751029686655	11.637125664729357	83.50275113460762
SC_RS34960	39.242067368142074	17.45417898217933	52.521011809362975
SC_RS34965	69.19950336353247	25.911264510864545	45.697941923369186
SC_RS34970	15.229603118568656	23.91087714448138	57.63399476128321
SC_RS34975	21.02675965528573	13.625921513738934	99.77358037444633
SC_RS34980	250.32920442566578	89.42610005533356	117.5706584396765
SC_RS34985	2.5105641432019987	5.656369871469655	37.068788341520474
SC_RS34990	7.3668186490438385	6.529578506584804	107.33490752226487
SC_RS34995	8.119791558725915	10.226685833662694	105.26674231355403
SC_RS35000	2.6523825831331562	8.956210932474747	45.45852599154537
SC_RS35005	16.14343261256207	13.607979726494714	63.73369969625473
SC_RS35010	7.641431349945547	12.796614429472566	22.36747805419843
SC_RS35015	333.4243134784777	53.74670480378828	62.81078859872413
SC_RS35020	779.8671734398584	339.91066608603984	196.52069329838758
SC_RS35025	220.91323984136505	176.5158353051203	1298.7371763773754
SC_RS35030	19.090263479533256	25.403012108347003	586.0780294984404
SC_RS35035	16.82053334651131	31.141631623799466	441.64719526940934
SC_RS35040	20.33062077695631	53.70637679395276	1965.4872470723608
SC_RS35045	19.046028077171428	44.91029479627449	838.3525643112145
SC_RS35050	10.125365702486327	42.90990742989133	1060.6042078286803
SC_RS35055	7.986997297755365	107.4351398104968	2601.059953725593
SC_RS35060	4.5089013330169125	22.246155007050046	215.09660256831157
SC_RS35065	18.851304748253373	30.887107016462753	176.00258478232703
SC_RS35070	4.310603554068642	10.425162861593193	78.71265438834904
SC_RS35075	9.090543137957045	8.048227745238828	89.27234174553082
SC_RS35080	22.47801336064788	16.23642042035637	130.03800320219474
SC_RS35085	23.039128006771037	14.285730363508778	108.9397439730281
SC_RS35090	70.64896984387953	25.382848103429243	221.44436236025714
SC_RS35095	17.65884535710743	44.88100379262872	480.8011422349595
SC_RS35100	13.066392148191584	19.974410268453624	84.34918556960235
SC_RS35105	16.546275337945147	37.498380655846525	112.64247446937203
SC_RS35110	66.47339052201714	107.90497421064057	258.78937444146686
SC_RS35115	31.41413942968294	18.2773780975471	109.9932133897792
SC_RS35120	3.8480617319737758	2.531822803647886	74.10165424673512
SC_RS35125	2.0322039344216307	5.113342916831347	39.00917677496053
SC_RS35130	3.6922121303722246	7.534179584034494	81.02147097847946
SC_RS35135	3.974061785219431	36.18487092520544	70.62052068155288
SC_RS35140	26.960284903003572	23.980980759906753	21.66650410754619
SC_RS35145	125.72500059261628	30.297159481146252	132.73162071111736
SC_RS35150	3086.1765908362113	1207.1220217554012	492.2449670648806
SC_RS35155	620.544736465928	214.6676046316263	95.15895924373872
SC_RS35160	302.85697943824584	209.34512980012624	104.50820100871388
SC_RS35165	2428.1895622513525	1924.859686792249	758.7323352131289
SC_RS35170	48.20616770663287	59.595513643529614	136.8437295948335
SC_RS35175	5.129079981728439	75.80017854159462	77.76260492557275
SC_RS35180	7.251629999773899	61.750718787966534	109.81971930631194
SC_RS35185	19.80802516581411	60.323203891051286	160.4545038417748
SC_RS35190	146.26115610246634	74.04518878382017	94.1642729181323
SC_RS35195	193.71613812443226	65.66955608696186	64.82792426988091
SC_RS35200	9.209306237257202	5.516404941590943	69.57603040966866
SC_RS35205	7.070937832526239	5.571898009813312	91.5020952029824
SC_RS35210	19.999528737037487	19.112793150712065	60.55770883744609
SC_RS35215	9.852540226599729	13.2899440745753	46.104598553007996
SC_RS35220	18.92905220288638	34.18694807746785	87.84780777404956
SC_RS35225	31.046315579798264	116.79503718815477	38.021084054723055
SC_RS35230	428.0157541080114	1373.39881188744	460.5366713804114
SC_RS35235	39.79272530262506	94.76419197391178	70.53881129251475
SC_RS35240	88.60504049629905	270.4631085242952	230.40920321237311
SC_RS35245	24.57393358803212	85.85736614076079	113.37998164722762
SC_RS35250	27.838903173595764	26.585683907837396	90.58523656045905
SC_RS35255	13.287745267770857	23.207166743862754	37.132404153234404
SC_RS35260	25.83511625485046	20.170110567526745	49.52877955638109
SC_RS35265	102.72653353817685	49.03309267167532	49.20092134107855
SC_RS35270	155.77313736396604	852.6286493703572	366.7819759249393
SC_RS35275	78.18602394853085	357.4050374325134	188.04006618381266
SC_RS35280	80.44959496795131	165.1768934976044	135.40163733955146
SC_RS35285	25.532441230607965	14.893065174885669	23.633360325118083
SC_RS35290	336.11743130449014	342.9047940883534	213.39780081574753
SC_RS35295	10.52419123161858	17.827950003293147	44.62066083716503
SC_RS35300	54.46765329045991	104.56185601921031	63.02972941520703
SC_RS35305	396.17475682932553	280.5834250485925	874.5532850095346
SC_RS35310	407.2091073875282	920.223490261746	450.35616206790604
SC_RS35315	1132.9440034115469	3052.4211219519107	1436.7319977479508
SC_RS35320	19702.512393232922	105973.92930162004	94473.07165540042
SC_RS35325	47.47481760490222	1088.9682142063366	354.4118633737982
SC_RS35330	1258.5414390772753	1428.707787843772	667.915519778773
SC_RS35335	1666.2580911243463	1989.2951319815172	979.8380238270427
SC_RS35340	28.833419478128974	11.648717182102946	30.441528041989883
SC_RS35345	30.317387797206155	371.64533835716315	160.61948442936279
SC_RS35350	101.51602578910969	747.6520740727121	320.1384573230074
SC_RS35355	301.1507562670155	1179.666871562052	671.3924970613382
SC_RS35360	323.1125254780255	987.1989817858035	642.1412757144495
SC_RS35365	174.49085041269274	642.5399331884681	444.0608524785976
SC_RS35370	710.3589402324998	1043.3218658129194	577.2020506523752
SC_RS35375	601.814070095875	692.1321912499949	466.74109150516983
SC_RS35380	263.2425239837299	934.8543949723862	801.1466443980428
SC_RS35385	807.4173446969971	2053.6468411477176	1587.4457962923527
SC_RS35390	408.7928006615254	392.6877209291697	265.4001069746662
SC_RS35395	260.3197382438487	234.83327076380598	231.30892329366768
SC_RS35400	58.77324986181877	47.96498054964292	91.06598431313579
SC_RS35405	801.407254129008	392.9535947529079	188.60952679514898
SC_RS35410	1743.2426452661082	395.5058937716854	189.40588670868505
SC_RS35415	996.6613132983783	224.2461430421325	159.66983497251948
SC_RS35420	629.1815696128481	122.49468419004961	137.90379261695355
SC_RS35425	45.68523490567575	15.76047805131402	68.66468492714792
SC_RS35430	72.32702639775133	125.90304686885385	68.37233342706043
SC_RS35435	4.145729773506484	13.798196477092839	35.95993217395316
SC_RS35440	21.345253066213726	42.55352368483789	168.60236051762263
SC_RS35445	38.84324183900982	52.22225980644747	228.76035640883504
SC_RS35450	26.256997124613715	32.478636599399536	161.83957974755015
SC_RS35455	40.653649907631575	74.72269711986219	121.81019402062725
SC_RS35460	13.787728284502656	44.773106595253154	133.69031495588214
SC_RS35465	75.77125561788307	137.00269903665966	141.37574210514265
SC_RS35470	772.4798098232072	262.00571078539815	170.25564003579694
SC_RS35475	2184.7634805652187	1460.782397387462	556.1840524275622
SC_RS35480	2359.5461596411174	1267.368077431493	460.8805180670406
SC_RS35485	1803.0379960525195	759.0732980974636	269.9121198769415
SC_RS35490	6571.0674366405	1582.3565702422668	655.0868973304529
SC_RS35495	5197.592638239731	888.1432331237252	445.68896130380926
SC_RS35500	7149.770052900063	1601.363022483928	1549.429991818838
SC_RS35505	50.13801159201109	28.01351101496444	49.58116997280184
SC_RS35510	7.8361546788636	73.20706691103757	110.52655649100295
SC_RS35515	8.406648196282907	19.40486903902692	100.6455972220133
SC_RS35520	5.607440190508807	29.915058273460296	38.70907172128242
SC_RS35525	35.51420126814803	75.82336157634181	92.31178161632803
SC_RS35530	5.219426065352269	10.825205856523374	40.3839166584835
SC_RS35535	166.0634649008996	228.55859898400942	128.28689639290351
SC_RS35540	154.0806949560883	38.68660591305167	88.24118783177565
SC_RS35545	189.84188934801784	171.7246560924055	134.2303909515465
SC_RS35550	163.37712751927467	148.07385701297557	103.06740398924396
SC_RS35555	118.14263324525909	95.4336124243537	135.0559305486283
SC_RS35560	223.99152049051227	472.0366050259607	350.5471289076227
SC_RS35565	90.04226303999081	32.738714664451	58.69127623945355
SC_RS35570	13.502304179625233	0.47014661035555416	17.588216555619507
SC_RS35575	7.563329202977	8.486064322119192	50.25793224406803
SC_RS35585	23.503457053881014	21.276882992904962	74.28201651223341
SC_RS35590	7.070937832526239	170.64644359481872	1086.3465766615013
SC_RS35595	0	69.6339584703575	1461.6277808522618
SC_RS35600	3.8977468632659944	72.04566813883262	536.3690926086873
SC_RS35605	1.1143572441773963	61.78969130152416	273.68873070735884
SC_RS35610	0.3880141251565383	49.54134507419286	116.05215916639442
SC_RS35615	510.82805619978257	211.50311167342056	122.663496637653
SC_RS35620	784.061790906101	602.0570770501092	445.04057499350864
SC_RS35625	133.6619580667439	47.237290302121245	189.0017706227736
SC_RS35630	13.413745321016512	30.513578296320976	77.34350716768398
SC_RS35635	23.94294353534488	163.2501832876599	85.96054998267992
SC_RS35640	77.0166198980159	20983.675104314443	680.6665121094734
SC_RS35645	151.82793534064356	677.1449359573501	173.32358900902605
SC_RS35650	111.28457139358989	312.8005623503611	149.33963924451874
SC_RS35655	470.9269945060274	824.9179674400001	629.2842020945567
SC_RS35660	328.6966436894528	591.8859541939087	269.33864227205976
SC_RS35665	312.66742617983437	2112.5403115073223	811.7508373319455
SC_RS35670	44.53602113043267	88.17023570134862	78.29668825244616
SC_RS35675	28.965859046763985	33.614387818211725	70.6773280974521
SC_RS35680	12.405552547148448	12.376165128652588	25.72941398304378
SC_RS35685	12.380709981502338	7.761947615610768	39.00006234250322
SC_RS35690	18.549619510469846	20.479331430929946	70.54411366355282
SC_RS35695	13.280951060045961	17.430995947432148	34.86074544900558
SC_RS35700	23.08559338036858	21.641839225502572	48.5021181434785
SC_RS35705	37.165185285138016	18.8530272958724	41.89710370240802
SC_RS35710	15.628428647700911	13.33384562542408	66.03039566121288
SC_RS35715	12.527535404143281	54.68422129564202	105.69931171716226
SC_RS35720	24.432115148100962	30.23309392537971	70.58092147141824
SC_RS35725	6.3586258751757745	171.48141079223058	104.66224063599027
SC_RS35730	57.9533409014794	214.16854913707655	159.4528001867462
SC_RS35735	10.166026654817939	161.44851525017924	647.5215131195116
SC_RS35740	16.292488006438724	187.39715865028967	768.9529232445572
SC_RS35745	24.536847085730727	269.91071226995683	375.1146257255646
SC_RS35750	174.8724250224599	205.43534959061918	163.01584807309283
SC_RS35755	391.4530838094693	171.19853181188347	144.38518256388917
SC_RS35760	200.14750447153125	86.31567893277072	141.5599164320602
SC_RS35765	241.3043571535893	106.59073757708337	44.47301974145087
SC_RS35770	525.6155419297132	412.23522497150196	195.2645559714618
SC_RS35775	3642.7502540297364	4746.428170162689	2375.1998439446656
SC_RS35780	31.788477085504624	64.13986984211809	89.7101537339608
SC_RS35785	34.151418367509535	21.933915113817427	127.03672616129136
SC_RS35790	109.15968711029095	49.70480524903055	116.6323795240363
SC_RS35795	105.38178118666913	178.42657947158395	117.45037049965377
SC_RS35800	469.33731822619893	1514.7869917914732	581.0319252663292
SC_RS35805	79.97668448810134	471.8814093013935	373.037556873361
SC_RS35810	164.6192720417128	159.414778737193	176.08728064744113
SC_RS35815	137.94619846860178	273.5200164953372	93.60943989925589
SC_RS35820	173.16559676057625	119.88252174988067	93.04317069612178
SC_RS35825	7.756619999215486	7.230512178346049	13.592999271597654
SC_RS35830	174.51792294957454	156.66518162209246	310.08893190913284
SC_RS35835	791.0860104899166	539.3004306785257	551.2056645050469
SC_RS35840	51.37479443940392	49.48640651715432	117.09250701546222
SC_RS35845	134.50929425630062	326.2504587950624	235.23119554307257
SC_RS35850	222.2155262067356	503.69801483334965	420.08350032094046
SC_RS35855	86.86049063799055	85.07466742696083	87.58170926764815
SC_RS35860	262.3792813536026	149.59115492828988	147.07594888432624
SC_RS35865	294.5734662298495	315.3571618130679	78.51154243084775
SC_RS35870	202.64403745306285	5554.731043578763	635.8565012226813
SC_RS35875	19.541993897652407	69.28274606356726	130.74789650749753
SC_RS35880	154.94607950356624	180.4757275168673	205.18441829599493
SC_RS35885	544.6085770640127	447.77198521974185	232.7629272405145
SC_RS35890	11.661603816426979	28.285422898361535	132.18407159536275
SC_RS35895	682.6082274618398	257.680480221602	195.6399718826158
SC_RS35900	2648.1006203716256	1714.7348447348995	776.1484940655218
SC_RS35905	25.353181596039875	42.655625123526654	36.57321392109585
SC_RS35910	81.2436715761856	92.78143418456102	79.50433258406406
SC_RS35915	27.925586753304312	45.46491326828639	59.67867866193818
SC_RS35920	25.312875336043803	51.506957888455254	50.47842901322438
SC_RS35925	165.3270197625741	172.74220418350666	150.7316569783421
SC_RS35930	166.9775610333435	1402.5907931573158	726.5447537297011
SC_RS35935	664.5587670758719	1712.957157134118	652.6037151450963
SC_RS35940	409.5962561410558	936.7740564098584	138.3450764470861
SC_RS35945	1505.1602924839674	90.07122844866063	171.39735666222
SC_RS35950	2380.766891950638	126.15313121378166	181.0463691179949
SC_RS35955	1934.0903350723254	129.82983223496976	150.84732298676013
SC_RS35960	1239.3552592510373	48.47021392233105	86.79466871869563
SC_RS35965	745.2628725233382	29.844400146851083	75.99169358205447
SC_RS35970	953.9347104501084	238.72233245721145	146.9423843723908
SC_RS35975	1093.5056896511269	357.9559057988415	208.07866825363052
SC_RS35980	293.846680364608	581.074906855897	312.5072011916063
SC_RS35985	408.9183579685504	800.1263897949125	407.13533816120963
SC_RS35990	40.10442450582816	73.27408158739377	50.83786816672837
SC_RS35995	801.3459439150512	4580.30306596066	6576.069847914719
SC_RS36000	686.6263298247229	880.6847473590217	388.3045813536547
SC_RS36005	443.7304373525377	2899.9059954848794	1070.363108414528
SC_RS36010	40.36544879128008	421.74671971554136	141.49718599190587
SC_RS36015	123.97508905926246	2350.499986128925	662.0429865765393
SC_RS36020	127.5124413744921	2989.07930020273	845.5360046486875
SC_RS36025	55.11669170106837	2726.991335600411	795.5028647454645
SC_RS36030	46.877694296821694	2261.228281402861	596.447555716752
SC_RS36035	607.7869861076776	578.8745145735732	180.31667127846504
SC_RS36040	72.26331010478872	76.55358625174883	37.22370348203695
SC_RS36045	614.0756322822716	719.270965741834	323.4044063483909
SC_RS36050	28.41842086997568	229.73985372385854	81.03038047881051
SC_RS36055	128.1073347113369	5434.07770733366	383.4125148934628
SC_RS36060	441.8307635174314	1191.246458505556	236.0375611174638
SC_RS36065	461.21823605214405	871.5694466048783	367.4915191522059
SC_RS36070	355.4531810845777	390.6053262197757	194.99097848813184
SC_RS36075	602.4126839870501	384.87454811601316	202.23314613201438
SC_RS36080	20.018566881417666	21.682721746521935	68.34382432462854
SC_RS36085	129.25456891366204	213.73033044074458	190.43378942802167
SC_RS36090	37.40315422995893	62.21291733120152	110.51620660894987
SC_RS36095	16.01644277285745	40.48573952264696	55.495345558827424
SC_RS36100	26.162633844739066	43.24255362901374	67.59549761425106
SC_RS36105	2.345690362639841	7.297596763942009	65.78764317527694
SC_RS36110	2.824050571420209	6.395409335392886	52.096126314809545
SC_RS36115	3.6407397740648975	13.517712106151574	50.54156931763121
SC_RS36120	5.657125321801026	18.879229360448996	71.29781824634249
SC_RS36125	36.94606213679445	69.36086765535296	171.22665398102197
SC_RS36130	52.724093218610385	124.62073814932029	147.51177934067252
SC_RS36135	9.441470760812189	18.800553257479447	57.95845663625729
SC_RS36140	210.11558803973645	169.81700086501104	113.27778728452907
SC_RS36145	18.76417842232422	17.37519066899798	87.81752792849846
SC_RS36150	25.411448160072098	3597.8331783383032	900.9573031555354
SC_RS36155	1.6848507615967037	908.9277888384643	301.36192546268995
SC_RS36160	1.0736962918457849	514.3355383671603	156.85878071205968
SC_RS36165	2.37053292828595	1614.434638325663	487.24408306166265
SC_RS36170	1.3713643333784933	888.528419097542	255.0494959175408
SC_RS36175	391.5164454100964	211.61760144163878	83.90007854134338
SC_RS36180	307.7572907618841	338.2188052533965	101.2217210832544
SC_RS36185	356.1095607431494	112.14843973239799	70.91885499211179
SC_RS36190	126.51139750068447	30.855351494171405	29.82137811281618
SC_RS36195	46.49826160440516	19.19480049372283	27.248048543916294
SC_RS36200	138.29712609145693	44.51000950037228	36.83460513619892
SC_RS36205	371.3038645844318	192.01956653142412	119.75081288297656
SC_RS36210	14.699770553480962	7.487259003356298	4.999768126054763
SC_RS36215	54.5277951333923	25.1896123230017	78.48440406560206
SC_RS36220	4.02374691651165	21.67692598783514	30.9175783616878
SC_RS36225	73.59258095315603	79.90583144190711	133.1161667698865
SC_RS36230	51.41366816672043	801.2436079691057	159.51912204103576
SC_RS36235	10.02599543990189	21.556812852662393	115.99453602347141
SC_RS36240	16.965926236472686	55.28027679985711	475.1965821395212
SC_RS36245	31.224777775810214	78.1078068546795	456.4480339464317
SC_RS36250	33.54205112277373	114.7998211600348	205.43008761347102
SC_RS36255	14.150899844013086	57.28836993238882	100.9131123920165
SC_RS36260	7.147252754479676	49.57667413749746	72.19800397662468
SC_RS36265	24.94791655151827	72.57314791563252	128.16912927996916
SC_RS36270	4.973230380126887	58.769155679852894	65.95902629590833
SC_RS36275	4.170572339152593	52.499655238319555	48.91421243174581
SC_RS36280	26.827490642033023	327.06210313924754	144.52390430095278
SC_RS36285	6.590790398730762	299.1294904449262	131.47105652639357
SC_RS36290	11.099691731747674	446.92747991403985	226.05381640751708
SC_RS36295	6.2168074352446165	383.0049655177319	158.35340852967238
SC_RS36300	28.52815979031523	930.093381240793	107.16066335482843
SC_RS36305	347.7054972104378	896.4230814887164	337.36003618169474
SC_RS36310	16.990768802118797	155.98198418279435	84.02104692079946
SC_RS36315	17.18727935605196	68.82356655016169	47.43150030717912
SC_RS36320	7.963941957124364	133.59301760776845	93.20673462010797
SC_RS36325	33.8253333103005	577.1639145517336	439.6318580609732
SC_RS36330	97.36484628667282	3273.0822725108765	1156.6519468297013
SC_RS36335	54.72466037966101	311.5150580363276	180.84620231826958
SC_RS36340	36.45867774905348	82.75020634899941	58.117933922162166
SC_RS36345	2.3953754939320597	11.952384587791391	35.117174512787244
SC_RS36350	19.540206672637296	63.84168598490464	116.68537487851631
SC_RS36355	17.532845303861777	47.841848384640755	62.66389758697913
SC_RS36360	31.77409123149869	119.9388116302589	95.06071623153105
SC_RS36365	31.05855951645355	76.582252834971	38.33833752794944
SC_RS36370	12.561402148749998	45.52287085515434	33.18378954896863
SC_RS36375	46.8089710211493	129.83285126479916	86.94265003412649
SC_RS36380	32.852794506054266	61.852577925683256	75.22451735354534
SC_RS36385	33.350990297770956	27.377197410153574	77.48196418640502
SC_RS36390	17.25501284526539	20.283873432828862	114.66240154279802
SC_RS36395	17.212121921698067	46.73205692943312	73.37087596183892
SC_RS36400	8.28645256430318	6.17041803267399	57.7961879480832
SC_RS36405	4.7410658565719	6.07102341360284	59.33040511751105
SC_RS36410	1.346521767732384	4.2459300404029925	64.90630696312641
SC_RS36415	0	2.879391760185111	51.17028852741931
SC_RS36420	4.053596464867545	2.1726623297370717	26.96916868954827
SC_RS36430	0	1.3549467628442928	23.002870372210793
SC_RS36440	16.22019028073611	11.166979054373803	86.64227440526751
SC_RS36445	1.6193472436189829	2.482125494112311	42.287497284058134
SC_RS36450	4.493082946331411	2.5202312862742966	28.110270519592603
SC_RS36455	6.137272755596503	2.1726623297370717	30.88009011438903
SC_RS36465	27.6193372790316	20.321979224990848	49.3674717411407
SC_RS36470	1.917015285151691	0.8177155668927789	26.632800979847666
SC_RS36475	3.717054696018334	2.7040977670017905	36.57518959634128
SC_RS36480	3.146561178599027	2.5873158718702562	38.43828564022169
SC_RS36485	4.078439030513654	4.301423108625363	34.1310574677952
SC_RS36490	6.277303970512552	3.0077651726902355	44.37178039484774
SC_RS36500	186.14824468496607	137.67902844109426	137.39447597562858
SC_RS36505	138.5804082789837	74.11560460945734	66.72095993959572
SC_RS36510	2.2128961016692905	2.9464763457810705	30.62556708131698
SC_RS36515	72.21406771971711	30.142271793852732	106.89845641270159
SC_RS36520	10.578883345620586	5.571898009813312	61.46639820528805
SC_RS36530	1.7345358928889223	1.7580087876038875	48.59995529291488
SC_RS36540	4.4592162017246935	4.7599782016073275	57.425258680943465
SC_RS36545	2.3953754939320597	6.05943189622925	34.385035349024335
SC_RS36550	3.313222184176294	2.593111630557051	32.242719231059226
SC_RS36555	3.146561178599027	3.107159791761385	55.26647458286343
SC_RS36560	0.363171559510429	3.3669256466010493	46.92722131854967
SC_RS36570	0.9585076425758455	1.2265733503391685	32.41872428329536
SC_RS36575	0	0.9402932207111083	28.171094929037324
SC_RS36580	8.28645256430318	7.6567572378528235	35.40203717762669
SC_RS36590	7.276472565420009	17.223391920773636	75.00102424999352
SC_RS36595	0	1.7696003049774771	24.73642875602072
SC_RS36600	2.0322039344216307	4.970046746911418	83.92852200072066
SC_RS36605	11.680996653142698	19.8457246457367	93.26844440111226
SC_RS36610	2.5760676611797195	1.2936579359351281	34.833597225440386
SC_RS36620	3.327253345846687	7.589672652256864	62.94965548169766
SC_RS36625	2.717886101110877	3.9480583934013436	45.995400720688004
SC_RS36630	3.9085582672417103	0.40885778344638946	30.869204938812526
SC_RS36640	8.027658250086976	4.637400547788999	40.46909788922419
SC_RS36645	1.8655429288443637	2.1229650202014967	41.34322569962703
SC_RS36655	1.1391998098235057	3.2355332042665093	23.034095375537788
SC_RS36660	1.346521767732384	2.637013181405831	22.954837169052198
SC_RS36665	1.6690323749112015	4.821267028516492	24.50435651353503
SC_RS36670	1.2561756841085538	3.1129555504481803	37.27616354299352
SC_RS36675	1.0240111605535662	1.6528184098459424	27.300098740620374
SC_RS36680	10.589694749596301	11.009072337250867	64.80166141787532
SC_RS36690	5.203607678666767	2.940680587094276	69.28592516000747
SC_RS36695	36.21069483881299	14.551291977035238	56.15407403898574
SC_RS36700	0.7511856846669673	2.5260270449610913	31.4737722594309
SC_RS36705	3.6249213873793953	2.537618562334681	46.417154593255546
SC_RS36710	1.8655429288443637	2.7040977670017905	31.315315632676043
SC_RS36715	0.6608396010431373	2.5260270449610913	44.34232613463993
SC_RS36720	2.0322039344216307	7.823236442519932	58.53390991638454
SC_RS36725	9.127984332593979	33.606127540879356	45.555613057012586
SC_RS36730	60.016826916936495	1322.236334016453	629.7302570036851
SC_RS36735	9.96049192192417	9.913891429246238	56.02282542201239
SC_RS36740	24.7970739326265	121.37854246497133	176.74117640703017
SC_RS36745	6.913301005909579	12.741121361250196	43.137063341038754
SC_RS36755	1.9418578507978004	10.171192765440324	32.769108790558356
SC_RS36760	28.79919804118672	29.809625594730313	35.2919539737471
SC_RS36765	5.426748023261148	6.8274501535864545	19.08004311264351
SC_RS36770	32.86539313504509	29.540732741162635	57.531460178867995
SC_RS36775	24.244628773128408	9.531547920588245	35.94068264988851
SC_RS36780	244.2398295763464	167.2288881809849	53.23511718201801
SC_RS36785	6.036115267996957	8.933027897727566	88.0872933504092
SC_RS36790	9.335306290502857	11.009072337250867	27.45487859354642
SC_RS36805	3.6515511780406134	3.0077651726902355	95.41831899886124
SC_RS36810	2.693043535464768	3.825480739583014	37.29405218819147
SC_RS36815	8.45132634486534	3.118751309134975	32.27271864310995
SC_RS36820	20.872697278699288	2.9348848284074807	50.405018329619786
SC_RS36825	14.735424523102786	6.003938828006881	21.461444801035253
SC_RS36830	36.29479375495029	17.468789529382335	31.69373373506382
SC_RS36835	4.544555302638738	5.583489527186901	15.995081007456559
SC_RS36840	110.72934922261771	362.02512061348176	169.15555808097028
SC_RS36845	87.35788899115111	149.6206882329077	336.82159564155916
SC_RS36850	62.73149326035269	179.20278809703376	1171.5675202171665
SC_RS36855	3.313222184176294	22.05649276763576	233.3230527721095
SC_RS36860	18.585716226312275	28.01382322517624	558.7455498077526
SC_RS36865	1.0240111605535662	22.643421273122843	699.6780841907712
SC_RS36870	0.6856821666892466	27.514385611174912	718.4883020952876
SC_RS36875	2.436036446263671	11.593224113880577	184.25153966034927
SC_RS36880	4.657956726893569	12.43745395556175	226.21592023314227
SC_RS36885	5.384299845914427	14.016837509941102	185.2787462250948
SC_RS36890	7.00364708953341	8.894922105565582	153.91675241128857
SC_RS36895	4.7907509878641195	5.2972093975588415	93.58480264445956
SC_RS36900	3.869684539925208	12.834165710450712	259.8399828114129
SC_RS36905	0.5953360830654166	8.503763808391376	198.46842542116576
SC_RS36910	2.4857215775558896	5.644778354096066	135.49469755315369
SC_RS36915	9.207519012242093	10.696832444018249	188.6055853029776
SC_RS36920	3.8837157015956008	5.472503390742162	183.94027885591382
SC_RS36925	5.318796327936706	20.570153562456923	487.9156126064266
SC_RS36930	6.069982012603674	19.530465722674666	476.42676076606193
SC_RS36935	1.3216792020862747	17.541669873665086	282.2257652319001
SC_RS36940	86.30001108599083	282.77274775147384	916.1018033036996
SC_RS36945	150.74422508337818	265.2639424224678	464.4990124904198
SC_RS36950	45.53152722142485	72.79519009776178	416.10234976237786
SC_RS36955	39.4006939812177	1316.6772022826822	562.8955272280615
SC_RS36960	204.58911506155533	432.4049575925154	218.43579741475074
SC_RS36965	241.63419276859867	245.09153972802773	194.90130475653856
SC_RS36970	276.95501518662314	129.01735791557994	181.18985793257318
SC_RS36975	23.411323745242075	21.948283360048393	154.59496492259626
SC_RS36980	6.658081141723591	7.309188281315598	37.07280533506596
SC_RS36985	44.875339910755955	23.893177658209193	97.12873629433197
SC_RS36990	59.08316184000676	19.76101048310832	37.298069181736956
SC_RS36995	65.40291398786603	49.547140832879656	29.678504094616656
SC_RS37000	186.11000605177298	211.32972768769898	80.19019942946808
SC_RS37005	424.03018777427786	760.6261637939124	323.776016054964
SC_RS37010	24.044101022944425	517.4177775084449	407.2853010087243
SC_RS37015	64.66075248215967	1759.8219981585585	1246.2369213359116
SC_RS37020	2.0322039344216307	2.2894442248686064	52.520671589646305
SC_RS37025	3.9334008328878194	11.940793070417802	38.87752815205419
SC_RS37030	2.9640817863362576	5.241716329336471	17.660606580074077
SC_RS37035	4.739278631556791	12.863699015068526	17.793821013973364
SC_RS37040	20.464847570606427	67.37293852773902	53.443853262357756
SC_RS37045	30.0679723542861	85.35855294718307	74.08116927307472
SC_RS37050	23.275309726576847	84.43509249134851	79.49385727274006
SC_RS37055	52.55608773423861	41.9927972439274	46.86428594626909
SC_RS37060	83.57756074839077	56.28432336612297	108.81516846427901
SC_RS37065	269.40463930497253	439.6130835482701	192.25272411637906
SC_RS37070	75.02507691592588	86.54393156629108	71.3482329875178
SC_RS37080	66.5464856862759	174.3630247700892	84.55206426874162
SC_RS37085	21.88410981026203	29.503181460184493	54.78021952702236
SC_RS37090	44.58391903670979	74.68792256774141	128.44732869490383
SC_RS37095	30.276726844874542	41.63641349887396	52.15076298165659
SC_RS37100	28.432806723981614	23.207166743862754	47.056418758903476
SC_RS37105	44.66881539140322	44.9044990375877	74.19506453837353
SC_RS37110	118.26024421366756	210.19421876985882	177.34078157632715
SC_RS37115	72.2298861064026	112.48139814173221	111.87590903576042
SC_RS37120	41.81054338304075	69.5041638252729	98.24561659067076
SC_RS37125	56.85078484773668	80.34731146904049	91.64863613669124
SC_RS37130	272.73279438339307	71.03138555147109	77.0003967052233
SC_RS37135	246.4123613676047	88.33400808639811	117.42812464119365
SC_RS37140	54.89132138523828	27.172612413324483	52.05054429420348
SC_RS37145	26.107941730737057	47.7074369124768	61.18663297936044
SC_RS37150	14.11345864937615	12.802410188159362	30.07746695688117
SC_RS37155	10.190869220464048	13.871076821375594	10.316789725335912
SC_RS37160	81.90773093492342	97.55664735379496	79.63088376805858
SC_RS37165	20.449029183920924	44.18617808976607	35.17343677684356
SC_RS37170	69.64077707001145	194.822816616525	87.14982030347328
SC_RS37175	0.3880141251565383	1.2381648677127581	31.596101517753684
SC_RS37180	2.6523825831331562	1.7638045462906822	61.56184981522651
SC_RS37185	15.615830018710087	46.03112325767188	2010.1497317980907
SC_RS37190	17.94570199466442	33.5183244391818	551.0756513376693
SC_RS37195	212.15646146078316	454.449439977135	421.22555316559897
SC_RS37200	16.043072563518667	28.980318510463942	727.8186385573961
SC_RS37205	158.1491200211824	116.41182695810114	513.1823841277944
SC_RS37210	92.43048963386244	103.75875099952053	423.2228843025287
SC_RS37215	109.34458882169226	49.14463331930389	221.20781333207665
SC_RS37220	91.5587536248802	11.403561874466288	47.639555948085516
SC_RS37225	6648.13928688301	9963.480838447944	4861.501814849544
SC_RS37230	188.8001845218786	188.11294517022594	120.4468844645237
SC_RS37235	12.612874505057325	630.2823858802308	242.19727473485628
SC_RS37240	39.573159408060896	494.1632754911997	416.74647222207227
SC_RS37245	60.43906247903529	505.0439045067057	313.55667333145095
SC_RS37250	16.03226115954295	127.3244537968705	107.51417948407732
SC_RS37255	7.694336238932442	171.6451132680403	101.84622822569025
SC_RS37260	4.971443155111779	1076.213759539045	193.16828166625206
SC_RS37265	56.25088452818209	157.98990075065558	599.0046065225055
SC_RS37270	714.6976641603242	428.3776644120224	438.3387499189901
SC_RS37275	19.163003951456478	27.65188602240805	92.42112459455794
SC_RS37280	17.334547524913507	32.139882431378524	46.54424107077349
SC_RS37285	25.77684969081824	28.97754178160657	54.291378001038325
SC_RS37290	75.71254630763023	114.2390947191243	113.07729012340656
SC_RS37295	206.49245387737218	137.4172826695531	64.2363530876749
SC_RS37300	89.579809271781	307.754439664667	305.5246875961474
SC_RS37305	126.15992283759095	127.88851147782222	61.02538495033637
SC_RS37310	126.45456346933182	31.184978663464406	76.09981096900812
SC_RS37315	383.6499103827713	235.61239593659266	149.43863634217675
SC_RS37320	93.78380560931973	35.89279503689058	177.47707184747722
SC_RS37325	31.98320041442268	14.945539213278622	101.62382542582428
SC_RS37330	220.70484004311214	1719.5689888678278	324.7413079065789
SC_RS37335	106.05879386673332	758.3646959955408	209.3921738634563
SC_RS37340	28.27838965505963	99.61110655582102	80.51365050361161
SC_RS37345	18.682856517660998	54.888563991499076	53.30818764590593
SC_RS37350	86.16721682502028	66.18995451803684	67.3641058111987
SC_RS37360	38.059976634751244	14.790651525985101	59.04941430030716
SC_RS37365	12.570426327710605	20.36556856562783	76.99822009933281
SC_RS37370	20.32704632692609	16.505313273924045	58.15372107087756
SC_RS37375	6.036115267996957	6.859760187061645	46.87237971957637
SC_RS37380	35.698467885425906	38.04473885052605	124.44761891002939
SC_RS37385	21.16857809521689	35.07452495881397	38.08647060955618
SC_RS37390	191.31173845153958	238.45423641579964	252.13136464591636
SC_RS37395	7.301315131066118	17.541669873665086	114.759683682072
SC_RS37400	4.912733844858953	15.158938998623928	138.22866435618013
SC_RS37405	264.38162197633096	363.8186681921095	318.9434729115664
SC_RS37410	28.14014566515869	34.51712975794469	199.1997029314893
SC_RS37415	190.86124821819718	145.19193082490511	197.1275863722876
SC_RS37420	68.50559445643877	7.396991383013159	26.047347895703517
SC_RS37425	342.3369114571911	70.82957728349938	145.37940324050797
SC_RS37430	98.24480903605952	65.79848401065082	58.12650320277656
SC_RS37435	180.5868271218342	172.52935890934518	219.37240080528483
SC_RS37440	12.678378023035046	175.11531928493753	186.8367947806147
SC_RS37445	105.38893008672957	39.62745364494662	51.0293205399294
SC_RS37450	16.51062136832332	10.305361936632245	19.505813978756535
SC_RS37455	21.202002093603003	10.696832444018249	23.544162100831908
SC_RS37460	58.65448676251861	79.0497677818803	62.62518374840409
SC_RS37465	119.70335923251032	301.98628684459675	96.57444842729849
SC_RS37470	61.21107353309755	62.81636639135335	60.01681711475797
SC_RS37475	27.822642040689658	17.10962905547152	68.7616367050247
SC_RS37480	63.14971162620067	17.238002467976642	93.28912444857944
SC_RS37490	9.209306237257202	3.936466876027754	26.25438287745989
SC_RS37495	7.714171821868765	4.821267028516492	21.5681914508027
SC_RS37500	31.139881421116772	22.716301617405602	33.85251783314386
SC_RS37505	31.293943797703214	96.23671744404346	46.863400574709495
SC_RS37510	113.174409847842	583.5106994435637	119.60249134782903
SC_RS37515	296.8732220189974	535.204849163657	132.17712791195763
SC_RS37520	82.11326566781719	25.65118644581308	88.49890812988819
SC_RS37525	297.25847537281254	103.58647603616663	73.91407372116964
SC_RS37530	230.82440132433254	70.37181900267328	48.564168144199485
SC_RS37535	53.22729599303686	32.90765838776369	37.785685116444725
SC_RS37540	53.00996006970841	25.481688211316555	48.782223589122786
SC_RS37545	53.77517691604577	35.26776073924151	138.27860359004833
SC_RS37550	0	2.581520113183461	50.12579825553509
SC_RS37555	16.742785891878306	56.76661600503595	76.95957190381239
SC_RS37560	93.24762158272772	295.5153970007342	110.9995349749313
SC_RS37565	24.587964749702515	41.48176811255248	35.007091308907654
SC_RS37570	7.871808648485425	5.192019019800896	33.23325327552975
SC_RS37575	6.252461404866443	4.289831591251773	50.687574957816615
SC_RS37580	94.12436457441974	57.10203893301575	71.4569553125307
SC_RS37585	215.1453858127655	364.6008407950402	205.1598466842532
SC_RS37590	155.23973034884816	273.88990176522594	149.2487399216492
SC_RS37595	318.5602904752206	427.5608197394635	226.5207325781187
SC_RS37610	76.25685278060892	73.58361466100878	71.97702184184172
SC_RS37615	97.75831014075976	120.69562048969408	133.18603596725268
SC_RS37620	30.344017587867373	35.463218737342586	140.54257838522238
SC_RS37630	0	56.331243946801166	73.96693964489751
SC_RS37635	245.43382579418966	125.2564972429473	134.29454205678385
SC_RS37640	87.8262352345119	98.25973333398997	91.88527052456533
SC_RS37650	9.75316996401529	2.5873158718702562	13.350587005378376
SC_RS37655	5.945769184373127	7.706454547388398	27.078026302151585
SC_RS37660	48.5096401694315	38.80116559050967	26.94236068569976
SC_RS37665	76.78981704950624	90.59631361605472	63.90909981043162
SC_RS37670	6.874427278593077	3.4224187148234195	41.1132644199772
SC_RS37675	8.043476636772478	12.93657935935128	65.30825630146688
SC_RS37680	14.09040330874515	11.239859398656556	127.15076657250009
SC_RS37685	16.494802981637818	20.234176123293288	71.97069881165363
SC_RS37690	411.68736173363305	324.055410242734	322.28828599434075
SC_RS37695	14.880462720728621	9.829419567589895	58.43701792472407
SC_RS37700	13.539745374262166	25.639594928439493	59.37789316882672
SC_RS37710	2.783389619088598	0.8790043938019437	29.794570108967665
SC_RS37715	3.1980335349063544	7.516792307974109	50.94536490046498
SC_RS37720	5.607440190508807	3.880973807805384	52.7758750621517
SC_RS37725	23.696747850119497	11.681027215578137	70.64718353949146
SC_RS37730	332.46607247435236	74.4010879269295	98.1996345641317
SC_RS37735	966.0113291148214	504.4019349616876	237.51223925493954
SC_RS37745	138.84341213735354	115.43367024620008	133.40001463241418
SC_RS37750	25.00404119819984	10.714219720078635	56.959888604695806
SC_RS37755	1.9418578507978004	3.0690539995994	24.03388899837554
SC_RS37765	13.831608994528946	21.860792468562636	58.80557151068537
SC_RS37770	10.787992528544573	25.36490631618502	82.00077962765678
SC_RS37775	14.169937988393265	1.2936579359351281	17.56297436276394
SC_RS37780	62.249558601542105	15.304699687189435	37.11627639283615
SC_RS37785	291.77747798177	96.05420645959389	116.70843646400019
SC_RS37795	2.0322039344216307	2.896779036245495	52.286693316450986
SC_RS37800	1.4120252857101045	3.0077651726902355	55.71415108771989
SC_RS37805	4.583429029955241	6.07102341360284	34.09390944021311
SC_RS37810	3.9632503812437148	1.7025157193815175	62.93509353229235
SC_RS37815	0	1.8250933731998469	38.961143571801934
SC_RS37820	5.566779238177196	13.50032483009119	51.05755906718043
SC_RS37825	4.840436119156338	10.427939590450574	87.75038048886567
SC_RS37830	1.1143572441773963	1.243960626399553	40.85560976491926
SC_RS37835	1.0488537261996755	0.40885778344638946	26.788806424049984
SC_RS37840	5.526118285845585	9.222084756213006	54.15659775614609
SC_RS37845	8.628001315862178	10.597437824947098	133.25169709874788
SC_RS37850	3.7418972616644433	3.8196849808962194	45.995060500971334
SC_RS37855	9.274809755234923	7.4143786590735425	39.44719369551676
SC_RS37860	21.879102827552245	37.29688459808661	48.66948427056442
SC_RS37865	6.789088177679033	6.86555594574844	72.57424547312198
SC_RS37870	8.291459547012968	9.111098619768265	36.4410897908824
SC_RS37875	8.392617034612513	10.515742692148134	60.05553095333301
SC_RS37880	14.104434470415544	22.82728775385034	68.58916328070745
SC_RS37885	4.51792551197752	13.523507864838368	42.2029964927508
SC_RS37895	480.7929445635115	227.64228978313957	248.6410411469027
SC_RS37900	20.527131330889468	3.4224187148234195	27.211240736050872
SC_RS37905	23.14564716941591	24.99717335473003	46.90986796687515
SC_RS37910	1095.7126214638927	1744.3782659991875	1043.2822947115883
SC_RS37920	23.899062825318587	42.60044426551609	87.62416952458783
SC_RS37925	74.60855772120794	182.37092450549252	88.74118510851704
SC_RS37930	50.271248599202245	181.4187974664358	56.80715007006981
SC_RS37935	89.11226046697637	111.79483271620194	66.96548316865086
SC_RS37940	190.71238517222335	292.72324965812464	221.42470297193998
SC_RS37945	9.59732036241374	12.270974750894641	48.14139361248192
SC_RS37950	1.346521767732384	1.2936579359351281	25.84507999146179
SC_RS37955	142.80031105709298	155.57326204488928	74.5172105183855
SC_RS37960	48.82670104767993	156.55929691467117	91.72572359412464
SC_RS37965	13.923742303167884	15.900442981192734	33.70807800395139
SC_RS37975	15.459980417108534	18.426470026153826	69.02929116409955
SC_RS37980	4.493082946331411	1.6354311337855578	41.25055563363829
SC_RS37985	3.807400779642164	0	42.472761914661504
SC_RS37990	28.79919804118672	12.886882049815705	40.50502032553002
SC_RS37995	178.96632774732353	83.24686723414337	113.11531366422874
SC_RS38000	2.329871975954339	2.5873158718702562	64.62061871294368
SC_RS38005	4.0395653031971515	2.929089069720686	24.19513702739961
SC_RS38010	1.0736962918457849	0.47014661035555416	24.48279109450827
SC_RS38015	4.896915458173451	9.222084756213006	112.39325380733806
SC_RS38020	85.60074050385178	97.10850484657914	123.33815780440281
SC_RS38025	21.285553969501937	11.006295608393488	35.69772523182631
SC_RS38030	17.575293481208497	8.395796701776053	40.54060254211917
SC_RS38035	10.549033797264691	3.7086988444514795	29.856620109688652
SC_RS38040	7.035283862904413	2.9961736553166456	36.0498804822085
SC_RS38045	19.12734998183465	8.705259866151291	97.88107999825493
SC_RS38050	3.1731909692602454	1.6470226511591477	36.24425954526918
SC_RS38055	5.465621750577649	5.119138675518142	36.57994681553644
SC_RS38060	29.290156878957912	9.768130740680729	70.70502147286021
SC_RS38065	574.4361719176768	370.9084470287355	256.6371241625394
SC_RS38070	87.03537838397229	18.605095259378363	125.30610432566056
SC_RS38075	58.07353653345913	32.099069819598924	44.99506194600733
SC_RS38080	19.327877732018635	25.560364314286105	27.8332966959342
SC_RS38085	1321.144774126899	907.9524456016115	570.9079028666454
SC_RS38090	16.37782710735277	31.579225899707787	36.48735225092181
SC_RS38095	2.8737357027124277	3.7583961539870545	34.78712983327473
SC_RS38100	9.2165431912027	13.558836928142975	204.35234487976047
SC_RS38105	1.4368678513562139	1.6354311337855578	39.196552368399765
SC_RS38110	65.64588991539674	104.30177795415885	102.62769582842385
SC_RS38115	0	2.055880434605537	21.338910610586222
SC_RS38120	1.0240111605535662	2.117169261514702	38.55870886783486
SC_RS38125	0	0.9402932207111083	33.45219409201264
SC_RS38130	2.0322039344216307	0.8790043938019437	39.20689239213334
SC_RS38135	0.363171559510429	1.6967199606947228	37.33732817215491
SC_RS38140	15.348366217868813	53.97447283536456	70.2240090018409
SC_RS38145	1.8763543328200798	21.87540301576564	24.44298695224739
SC_RS38150	11.785373898436923	113.27561846366602	119.05794256795109
SC_RS38155	46.55339646462777	37.8838131035737	196.19379410066168
SC_RS38160	3.8837157015956008	14.533904700974853	44.47445026485338
SC_RS38165	9.863351630575444	73.20182566353462	102.57087855420512
SC_RS38170	17.543656707837492	105.20372308173593	87.37855599184685
SC_RS38175	5.061789238735609	193.74588970597637	114.60925118408862
SC_RS38180	24.816909515562823	104.62314484611947	100.29636866149075
SC_RS38185	18.468297605806622	45.97038894194655	65.7943064251817
SC_RS38190	3.460047606817237	12.50453854115771	13.675048880352456
SC_RS38195	8.9206623746851	46.05819204364411	31.194347253219956
SC_RS38200	27.46125770619434	21.81990994754327	60.078867115478964
SC_RS38205	72.93639364248713	80.66288260231433	165.81336104329736
SC_RS38210	56.72880199074185	20.8390464160246	35.50089498621309
SC_RS38215	267.7970932517882	106.10670732244093	69.93723044797234
SC_RS38220	92.16847556195155	74.88886411431749	54.81491637205192
SC_RS38225	177.53982855372243	73.73850234830229	60.557368617729416
SC_RS38230	64.38971423128818	69.68247684828563	89.56156162363243
SC_RS38235	366.58576601460584	367.68766419015157	567.0089627779053
SC_RS38240	57.15989938736853	77.576683627626565	130.5781448409137
SC_RS38245	71.42321086917748	45.978961429490724	124.07621013410133
SC_RS38250	30.404514123135307	285.26781608629943	217.93042812243544
SC_RS38255	12.935385112236142	113.39024805036377	100.30990009342655
SC_RS38260	35.86691611601828	102.15254096014098	124.18015552328008
SC_RS38265	12.299388076839113	32.57223545978389	93.77911606446563
SC_RS38270	15.775254070341854	20.40645108664719	148.69152936623726
SC_RS38275	47.20199212901562	21.717496298642704	17.962277444745126
SC_RS38280	100.83605998980131	82.8029226883644	50.88508564286319
SC_RS38285	94.52283541121646	59.05304120007514	74.90216644140712
SC_RS38290	31.21262189303999	96.5199785438421	93.4217937306358
SC_RS38295	511.93363966331714	338.0287283212779	127.22314673863518
SC_RS38300	90.47638784640935	79.99117002495909	49.90842325004513
SC_RS38305	203.2122129453614	199.96999745484172	78.93119519889893
SC_RS38310	129.829271975235	51.597225508798395	46.56682714895027
SC_RS38315	97.31694838039571	130.4733628310469	207.09644277291304
SC_RS38320	32.918298024031984	325.10770031270323	184.62656542388982
SC_RS38325	72.50727581877838	59.852502769511894	61.07743514704045
SC_RS38330	11.528366809235825	48.595256094794955	53.88928351678792
SC_RS38335	1.553843725641262	5.992347310633291	24.807593189199025
SC_RS38340	3.3024107802005775	8.562275906443162	39.04088714391412
SC_RS38345	11.487705856904213	40.667695995912716	288.23096957154735
SC_RS38350	19.614734369575626	40.22899269763671	290.88819499369527
SC_RS38355	7.235811613088397	8.243685743339912	81.62671873853117
SC_RS38360	37.952024939426806	17.98863344927346	59.880956424499395
SC_RS38365	96.95421956710588	116.93437769760989	82.20965099558697
SC_RS38370	69.27804825672163	110.54229960225821	112.66294958471295
SC_RS38375	22.95279911939803	47.34827643856599	43.46642758111791
SC_RS38380	188.87069502256614	2088.001870989837	730.2951457791713
SC_RS38385	53.75891578313966	149.29599010090584	165.98093210250954
SC_RS38390	2.5354067088481083	2.581520113183461	24.06824562368842
SC_RS38395	17.067083724072234	34.03816835907292	95.56799155455597
SC_RS38400	24.625405944339445	63.40384940802428	49.4323032858114
SC_RS38405	1.0488537261996755	9.353477198547546	26.300645337499294
SC_RS38410	24.06393660588075	171.37042465578583	111.38828324273315
SC_RS38415	32.590337687922776	158.14201170909172	207.80864211485846
SC_RS38420	20.812200743431355	45.009134904161805	95.5332947095264
SC_RS38425	2.420218059578169	8.798858726535649	9.224946689726448
SC_RS38430	11.613705910149868	28.78454830215106	121.3991900360458
SC_RS38435	18.057670886239688	98.20646248344114	114.6336776499204
SC_RS38440	2.253557054000902	3.4721160243589946	51.0891242902241
SC_RS38445	107.6776983641317	545.1032923144152	430.13175607248024
SC_RS38450	100.4653848378949	541.3410104092031	432.4380361203645
SC_RS38455	23.902282583013267	54.42691995944793	45.346331824829925
SC_RS38460	191.5940308526074	275.67831057884325	128.12435312806738
SC_RS38465	131.35585081609162	466.98948414626784	260.3616250100364
SC_RS38470	2.329871975954339	14526.42758295699	3509.1187690376364
SC_RS38475	31.630485566552423	20292.972036728494	6940.914077661096
SC_RS38480	39.884858611264	3291.680742995499	1611.170053157917
SC_RS38485	58.0293011310973	192.59712573721114	88.40555762446611
SC_RS38490	11.966066065684581	33.50371389197879	56.432613673637086
SC_RS38495	41.88900022234484	74.5065206056595	121.65861543422291
SC_RS38500	41.010027259417114	417.01856277252693	155.12576748009266
SC_RS38505	207.84665534527065	205.55522042481988	91.13047563808982
SC_RS38510	15.25945266692455	32.20148346849949	56.85348217464503
SC_RS38515	16.303299410414443	37.39072575944301	64.84649335451222
SC_RS38520	5.866234504725012	36.1992391714364	41.520251411013184
SC_RS38530	9.21833041621781	10.930396234281318	56.709382565169236
SC_RS38535	113.41113860788616	79.80674903304775	68.56637227040443
SC_RS38540	147.03996136425351	400.6974939258438	143.04568467723865
SC_RS38545	43.41621415732489	231.58573134946155	115.97575214839438
SC_RS38550	124.1458715551083	31.319460044868126	42.26273059850967
SC_RS38555	236.16303323520557	1327.5794580446106	419.8372719918207
SC_RS38560	96.82965204653979	886.4644182040836	321.5107558822973
SC_RS38565	110.31569509325892	79.4942668388431	104.04474682149535
SC_RS38570	221.4128681657613	296.64788271580676	113.17628321958338
SC_RS38575	55.69799662246339	38.21399478405054	39.09592381669417
SC_RS38580	2.693043535464768	48.76506653950328	51.59762520452527
SC_RS38585	8.201113463389138	17.480381046755923	60.72391901779156
SC_RS38595	21.331221904543334	21.63302443698636	48.52770055605074
SC_RS38600	204.60270347700512	293.8240539330838	333.0817926190073
SC_RS38605	277.5080654367746	480.30354371328747	357.94013491225996
SC_RS38610	94.83310208174	278.6338440141126	266.03100279034476
SC_RS38615	21.281536773251116	64.93162564540631	69.57507539357324
SC_RS38620	8.821292112100664	36.0266519978707	65.7376342968729
SC_RS38625	7.005434314548519	14.577806251823635	46.85340077069259
SC_RS38630	12.529765375378993	30.8200224308668	60.37754164575455
SC_RS38635	375.1452201625657	313.9693179323118	101.20430794536354
SC_RS38640	76.29250675023074	70.70755414086489	71.27625282731573
SC_RS38645	1158.8401607651085	891.9997051466963	509.18395972041253
SC_RS38650	217.1686536221116	122.7047527353537	75.10647566394888
SC_RS38655	121.96004799032083	37.151123909521104	46.64377931879324
SC_RS38660	16.700337714531585	13.844562546587197	28.366699583374267
SC_RS38665	17.649821178146826	21.07507472493325	65.9166356835045
SC_RS38670	68.12517197756327	67.01346584361642	173.01606476463573
SC_RS38675	100.83892505516044	210.77510921568708	149.22771965446535
SC_RS38680	124.84746016236811	264.4180448742969	172.18214695926503
SC_RS38685	33.14188111484697	62.65870197520245	118.178162308474
SC_RS38690	330.2718598247277	387.51642042547036	324.3424344054892
SC_RS38695	75.42747689508836	178.40856777509998	134.46538002557233
SC_RS38700	209.2108707785887	347.79852676844837	250.21112096642003
SC_RS38705	412.3184560803381	477.32024716238254	301.4967852104375
SC_RS38710	272.6974788659741	192.18628803706324	141.54610456662405
SC_RS38715	221.14942156117087	229.4829303341778	150.64470500448223
SC_RS38720	88.72146933034574	152.36202507067583	88.86759114660163
SC_RS38725	26.79863088013609	25.391420590973418	66.41493186166251
SC_RS38730	50.13988687091126	38.14055992858395	40.71939899662451
SC_RS38735	85.00004274574106	95.67050745465798	113.10817490701687
SC_RS38740	14.90530528637473	28.854409616604396	24.45645859796686
SC_RS38745	9.712509011683679	27.20794147662909	25.296774934899734
SC_RS38750	68.83811902903716	137.44688588341066	57.7014824206327
SC_RS38755	2.824050571420209	1.2323691090259634	27.612109629025007
SC_RS38760	81.65652826698826	77.85383675852663	59.81400405867333
SC_RS38765	15.357390396829423	14.694588146955166	39.07190721511487
SC_RS38770	24.05634495959971	38.5206812195684	94.2132611373863
SC_RS38775	7.691116481237766	10.652930893169469	23.594101334700124
SC_RS38780	3.6655823397110066	12.069166482922926	34.26985470623292
SC_RS38785	27.9378306899596	109.841608231469	81.02670370498171
SC_RS38790	7.691116481237766	20.464963184698977	17.87934246443073
SC_RS38795	31.947546444800857	64.38224842089737	67.03964393622462
SC_RS38800	52.22535038665533	23.87579038214881	43.52514102772676
SC_RS38805	2237.5942690542443	408.49654079374136	235.58071439541493
SC_RS38810	167.40122912812186	280.9130522178855	200.83779584556007
SC_RS38815	307.92287392711734	273.92325091182903	207.5967704110516
SC_RS38820	457.6038594302899	394.2445458692254	220.96790217630672
SC_RS38825	185.82573407778725	209.26669599812874	105.06630093716662
SC_RS38830	217.01048599538927	246.2248963374341	111.10600704803669
SC_RS38835	758.9913606974823	964.2646677289114	380.74004708247617
SC_RS38840	118.1428255931619	111.10358055435255	104.05120513927388
SC_RS38845	275.1012734482135	296.47560775245285	217.2335408138645
SC_RS38850	614.9070039808428	875.6673569928513	481.48226572096905
SC_RS38855	16.1564739877735	43.02668932502286	83.32183385894692
SC_RS38860	21.40753682649677	243.42299757567292	233.02227713731753
SC_RS38870	14.618448648817738	34.95552084600889	71.12970203528741
SC_RS38875	11.4312265178871	80.77633325740464	131.0546746693999
SC_RS38880	1.6441898092650922	17.276108260138628	58.5537045922921
SC_RS38885	9.452282164787906	37.04895256159257	95.99989037705033
SC_RS38890	8.663655285484003	21.28847451027855	102.60211341585159
SC_RS38895	1.1391998098235057	5.119138675518142	22.797265913856936
SC_RS38900	2.526382529887501	28.577568695916153	44.41505637881118
SC_RS38905	15.553900950762584	62.793495566817974	141.88520789385876
SC_RS38910	24.851766046628505	67.39303262341703	64.98304434252363
SC_RS38915	3.766739827310553	13.844562546587197	22.742764534600315
SC_RS38920	3.1962463098912455	3.880973807805384	45.29531214559536
SC_RS38925	120.20344654325987	541.8453071512558	513.2857384387146
SC_RS38930	98.51772256583118	550.6599553566019	261.3650159038476
SC_RS38935	3.2120646965767476	726.5277131478055	95.12908926244013
SC_RS38940	8.284665339288074	0.8177155668927789	45.2152283537665
SC_RS38945	31.69098210182036	17.30841829361382	78.65687748991932
SC_RS38950	262.2335337713057	109.26023318369667	87.12124155650558
SC_RS38955	34.3777784697986	11.239859398656556	59.94932945540848
SC_RS38960	9.299652320881032	31.255152188129546	52.90663831349845
SC_RS38965	31.293943797703214	27.990327980217263	35.519123851127716
SC_RS38970	31.554525336934528	44.609404119443425	51.87820615747667
SC_RS38975	38.761477188125994	38.45939239265923	138.25547236002865
SC_RS38980	59.910662446627164	181.93069331920634	94.10412894812093
SC_RS38985	90.89246429490667	250.80069584810215	109.20209606106486
SC_RS38990	67.74395206013162	289.0135117005452	148.6976533211374
SC_RS38995	91.70593373985669	592.8184717392314	218.59807596124432
SC_RS39000	268.45793285283133	161.2114478281427	113.62532060330655
SC_RS39005	299.756336593006	213.45348952005637	134.1311232787076
SC_RS39010	317.7486082552857	193.05894216099458	195.93560015059913
SC_RS39015	224.24951736617234	74.76961770054038	135.71024202930815
SC_RS39020	129.95205227078597	32.981093243230276	64.2861471756332
SC_RS39025	85.94586370544101	59.94665614108009	96.24767065736229
SC_RS39035	107.01006455536367	592.2138437474722	195.03179343122324
SC_RS39040	118.54244856085032	352.62003609793686	153.37492538914404
SC_RS39045	62.12311580207585	92.93934090168396	50.06388354240453
SC_RS39050	130.01353859251287	31.87709754670944	75.35944274434749
SC_RS39055	12.051405166598625	19.165509490077056	47.71405693537595
SC_RS39060	19.551018076613015	68.64008218888576	70.26801535313452
SC_RS39065	9.268015547510029	31.13805808278621	31.215572452530044
SC_RS39070	6.980591748902409	5.577693768500107	26.206689894017966
SC_RS39075	9.517785682765627	21.729642327200132	134.67549084457949
SC_RS39080	0.2976680415327083	4.716076650758547	36.74521183810599
SC_RS39085	7.574140606952717	10.524557480664344	40.84070759579727
SC_RS39090	4.181383743128309	8.579663182503547	15.77981696480247
SC_RS39095	4.326421940754144	14.277157875964605	43.465542209558315
SC_RS39105	0.3880141251565383	2.5873158718702562	58.30938629536321
SC_RS39115	9.89498840394645	9.92301842797425	63.48598505899737
SC_RS39120	103.62597717816432	268.9295365282264	201.52951607068337
SC_RS39125	25.44710212969392	37.247741799734875	81.26680993455838
SC_RS39130	2.744515891772095	13.17895793813056	35.62935220091723
SC_RS39135	2.46087901190978	13.038993008251845	71.53322704294033
SC_RS39140	5.26008701768388	7.872933752055508	47.2763802345364
SC_RS39145	1.6193472436189829	3.781579188734234	23.52661367535063
SC_RS39150	0.6608396010431373	3.8428680156433987	19.943490679596085
SC_RS39155	1.7593784585350314	4.666379341222973	13.459784837698365
SC_RS39165	5.061789238735609	15.622977640080887	39.083813049841396
SC_RS39170	13.558783518642347	87.43025960678999	131.4929523068175
SC_RS39175	3.222876100552464	2.990377896629851	33.304077488991375
SC_RS39180	10.851708821507184	26.901255041111227	81.84143762934235
SC_RS39185	10.582457795650804	11.698414491638522	61.836927466494785
SC_RS39190	25.14943408816121	63.897491263338814	40.2555947313698
SC_RS39195	705.1194006592186	3875.3642103502366	1470.0588838177598
SC_RS39200	533.8839486128905	5351.441814998461	1308.5999369927083
SC_RS39205	278.0718852806194	3580.5379582949854	879.518044426744
SC_RS39210	23.66109388049767	51.52712189337302	45.0325501933061
SC_RS39215	153.66283128257587	189.61913617011075	112.73900652467682
SC_RS39220	258.11031229819184	467.93095629858635	102.79145082473556
SC_RS39225	1441.8953322015566	2409.8334997709226	563.7744877590336
SC_RS39230	2.0322039344216307	9.750743464620346	27.634220199894685
SC_RS39235	6.91151378089447	40.955886133002515	102.65137221028647
SC_RS39240	22.348438857372006	34.87906696071288	100.5232679636905
SC_RS39245	12.935385112236142	19.2499813517334	72.43803470482723
SC_RS39250	7.242605820813292	11.470646460062248	51.78466057824783
SC_RS39255	11.106928685693173	13.447850791698235	52.55502821495918
SC_RS39260	30.21846028084232	49.74617237199399	68.02194891979742
SC_RS39265	28.950040660078482	64.77038768824215	132.38450311343067
SC_RS39270	8.341144678305186	18.248399304113125	56.063650223423295
SC_RS39275	0.7760282503130767	2.990377896629851	40.080679982819504
SC_RS39280	20.638745530129192	11.117281744838227	72.63418451100709
SC_RS39285	33.50317739545723	9.37086447460793	19.906682871730666
SC_RS39290	301.05416301590515	80.94798380033494	68.47085101593015
SC_RS39295	182.92957812856724	40.23201172746613	69.84191412562431
SC_RS39300	59.531672500431235	15.999837600263884	28.0993853440161
SC_RS39305	35.962711928572496	11.715801767698906	16.409966697993084
SC_RS39310	69.79519413893344	10.641339375795878	18.325998310137166
SC_RS39315	481.18497588491886	66.74179626119135	99.26555496745225
SC_RS39320	8.249011369666247	34.931783300077875	37.57974043837419
SC_RS39325	18.97328760524821	100.46137445716103	28.621903055879667
SC_RS39330	27.234897603905278	177.25425034861993	85.62071043127676
SC_RS39335	12.747898737263588	52.01489808076099	27.430521772250447
SC_RS39340	262.9995480561992	1134.7566460852213	298.6183187920023
SC_RS39345	160.44011826982023	289.37937140072944	128.07618463731836
SC_RS39350	68.03501824184227	63.982205425967194	44.421174476873034
SC_RS39355	245.50254906986206	83.31697084956873	81.39437191938342
SC_RS39360	6.045139446957564	19.74386550801997	38.97618102851435
SC_RS39365	14.444550689294973	13.173162179443766	37.03477193592427
SC_RS39370	11.200849219347221	11.228267881282967	63.84793518127022
SC_RS39375	2.072864886753242	30.21268761948991	57.05854148115597
SC_RS39380	8.259822773641964	33.358195504385314	62.464626017132865
SC_RS39385	13.296769446731464	45.350908102012234	80.14591264467411
SC_RS39390	11.922185355658293	7.694863030014808	77.22430953134709
SC_RS39395	29.398108574282354	17.938936139737887	44.10746248988502
SC_RS39400	97.31739112661631	113.71956300944497	68.41178749128512
SC_RS39405	88.1361472126999	106.40069321821753	64.31751732487012
SC_RS39410	72.7045838112677	78.41400868825328	53.47262708313221
SC_RS39415	148.09792732329885	110.21506704237103	110.41624863835813
SC_RS39420	421.37297431620505	1291.3113676817384	510.8037679848336
SC_RS39425	85.12416752008653	209.0191460810863	252.25736081974844
SC_RS39430	9.112165945908478	13.40093021102004	50.81935886831339
SC_RS39435	44.57489485774918	43.073609905701055	66.10292097325788
SC_RS39440	41.362387414951826	20.027126607818616	39.47121029709606
SC_RS39445	2.007361368775521	9.689454637711181	107.99750785005875
SC_RS39450	3.4848901724633463	8.646747768099507	32.48430591193523
SC_RS39455	0.3880141251565383	2.1726623297370717	35.214126290664026
SC_RS39460	3.081057660621306	4.27244431519139	44.65433702304457
SC_RS39465	14.18074939236898	65.35485167508367	59.35231075625448
SC_RS39470	22.18356507680985	125.34763158468608	92.66278677680806
SC_RS39475	11.122747072378676	5.168835985053717	25.87698543422213
SC_RS39480	18.82467495759216	46.27659077552033	45.15297342091927
SC_RS39485	26.028052358753406	63.985294365036374	32.673042384241164
SC_RS39490	12.290363897878507	16.750468581560703	21.35292740814861
SC_RS39495	20.633295801198805	87.65046169069726	32.72107558739976
SC_RS39500	50.77544116008769	536.7064932457022	72.43435793099842
SC_RS39505	145.0045376721372	361.9537971473198	369.33728741788906
SC_RS39510	47.613061594803156	57.441347612220596	97.38088364622558
SC_RS39515	130.63228470854483	82.93709185955632	59.569480829618186
SC_RS39520	1471.3455507030649	466.0106331047034	118.2478207168757
SC_RS39525	398.7289212807659	168.21603207313444	38.779350782901126
SC_RS39530	293.91529934626266	97.9582182367353	30.733879542077375
SC_RS39535	902.0904919269997	345.6894080565467	89.5483704114133
SC_RS39540	302.4418765360748	1136.6037109883082	176.71715980545088
SC_RS39545	587.3433323621394	1723.6261849535754	694.946605036809
SC_RS39550	19.12734998183465	305.9098108799112	139.93896207921821
SC_RS39555	10.632142926943022	513.9981029492262	144.58950164475044
SC_RS39560	59.40567244718558	2485.8304971594266	623.172091463132
SC_RS39565	18.516195512083733	312.4855830642581	100.28282737123547
SC_RS39570	29.732863118116455	625.3098462143593	229.90928729384407
SC_RS39575	12.338261804155618	169.02777948960815	74.34923945324033
SC_RS39580	28.712071715257565	450.1233101186905	189.37154579852995
SC_RS39585	10.928023743460622	63.56151382417517	82.81966583315334
SC_RS39590	29.08248022871349	28.022083502508615	96.01934483324123
SC_RS39595	70.24290736080177	86.38657936035199	88.1783877470855
SC_RS39600	104.78278259968845	75.1229824157644	85.99171519979059
SC_RS39605	315.62694372968144	846.904533746677	373.5258532475021
SC_RS39610	580.3615584788753	3579.0767611765646	1459.6752711573502
SC_RS39615	12.410559529858233	11.917610035670624	29.81137830879927
SC_RS39620	16.62402279257815	43.83527789318762	24.797253165465442
SC_RS39625	41.92251227461602	66.21036082392664	54.351657258640124
SC_RS39630	281.53469365877805	163.7741594326863	145.5358841920174
SC_RS39635	10.530985439343477	9.651348845549196	49.24548270253459
SC_RS39640	13.080423309861978	9.770907469538109	50.17539726968663
SC_RS39645	10.993527261438343	10.752325512240619	80.18728259792793
SC_RS39650	56.13390865389704	14.478411632752483	71.28992940516144
SC_RS39655	19.37354566706003	5.168835985053717	44.16740152777015
SC_RS39660	18.56766786839106	9.476054852365875	70.46628598046975
SC_RS39665	27.39798415945233	13.161570662070176	92.99677294849194
SC_RS39670	11.007558423108735	4.643196306475794	21.41130063504079
SC_RS39675	3.3024107802005775	1.7083114780683124	42.48310193839509
SC_RS39680	5.749258630439964	2.9464763457810705	33.31809428655376
SC_RS39685	38.19599065341647	23.525202395782166	43.58719102844775
SC_RS39690	179.98364899416995	46.03778573775431	52.44405963952
SC_RS39695	2.253557054000902	4.278240073878184	33.22168766051989
SC_RS39700	5.905108232041515	11.032809883181883	77.10422652345059
SC_RS39705	16.480771819967423	14.577806251823635	75.09395903432483
SC_RS39710	176.05129599815606	178.51351585188587	128.81274080055974
SC_RS39715	12.480080244086775	17.612085699302263	68.14257707953684
SC_RS39720	4.700404904240289	14.893065174885669	53.57761284809997
SC_RS39725	5.194583499706159	12.04018768948895	46.20855380050623
SC_RS39730	71.4199911114828	34.61319313697462	105.01208399289155
SC_RS39735	99.53699338212543	100.56021456504834	73.04886526941738
SC_RS39740	10.064869167218394	7.756151856923974	56.46574470767369
SC_RS39745	166.61868707187176	56.52670194490225	116.10114738564843
SC_RS39750	4541.862060398342	3029.8587056548613	1583.503617506803
SC_RS39755	3614.4111424909706	602.1271397464054	1270.780968276113
SC_RS39760	31.30073800542811	31.009684670281086	52.50454382924804
SC_RS39765	3.277568214554468	3.8196849808962194	43.408939725785324
SC_RS39770	8.548466636214064	17.077319021996328	33.97171546948075
SC_RS39775	11.799405060107315	6.988133599566769	47.48164447317358
SC_RS39780	1638.7870998545202	5783.308801752838	1386.3575159792622
SC_RS39785	132.09944485447755	1240.587872745986	150.1458636744813
SC_RS39790	127.7481803480773	223.02678668305958	44.98329139887123
SC_RS39795	123.86338680613767	36.95233467137881	26.9316804422495
SC_RS39800	80.34343049764199	24.73407625984915	50.18662266497981
SC_RS39805	62.279408149898	45.543901581467736	60.907072685559065
SC_RS39810	487.08463438803	75.41203927424984	132.17454144181465
SC_RS39815	11.927192338368078	28.22389177048033	107.89477819383677
SC_RS39820	2.769358457418204	5.107547158144553	23.85543276358687
SC_RS39825	12.974258839552647	13.070748530543199	103.5114832231269
SC_RS39830	2.239525892330509	3.41082719744983	46.477979002700266
SC_RS39835	9.66282388039146	21.650411713046747	45.56370683031988
SC_RS39840	6.838773308971252	23.098957336275394	28.673067881024153
SC_RS39845	19.070870642817535	46.01984395051009	54.81369078077565
SC_RS39850	24.701366173957343	45.14052734649634	82.82966563717025
SC_RS39855	8.945504940331212	2.9961736553166456	63.16879137198731
SC_RS39860	2.526382529887501	9.739151947246757	36.510688413067754
SC_RS39865	23.315527932687854	58.89235775409483	111.7869813866551
SC_RS39870	7.806305130507704	40.777815410961814	99.10077531050929
SC_RS39875	13.50587862965545	18.391695474033057	50.21567691925461
SC_RS39880	520.6894420207775	1421.4908512724392	31291.685465522434
SC_RS39885	28.740488730933894	65.2375152687683	343.44220254950443
SC_RS39890	70.48409606331737	136.39505201507097	80.66890586384477
SC_RS39895	52.84687351416136	204.9146389493324	63.96821326297347
SC_RS39900	226.852377162446	368.945787508001	323.9121670370424
SC_RS39905	38.05818940973614	99.96280356455533	166.7958111727801
SC_RS39910	20.00632294476238	102.54345695634315	90.79553845179173
SC_RS39915	20.48468315354275	26.474697771392655	69.34674956945217
SC_RS39920	26.230367333952497	24.313626959029172	57.191960847181505
SC_RS39925	5.063576463750718	13.982062957820334	40.65347714826797
SC_RS39930	13.303563654456358	14.288749393338193	54.96799512639459
SC_RS39935	27.318449479804215	25.74145406615622	83.06894628140363
SC_RS39940	80.1980376076806	109.66027617862686	61.55069406446915
SC_RS39945	153.12119752705348	596.6984721702105	154.82375639570495
SC_RS39950	5.426748023261148	1167.447746429127	151.375748007721
SC_RS39960	43.492174386942786	81.53355680954414	69.66923576918082
SC_RS39965	60.171598678194016	25.347519040124638	51.39834377635952
SC_RS39970	775.1090490118244	385.50746057154305	223.86107168857595
SC_RS39975	1.8248819765127522	13.923793160740585	66.50733135247039
SC_RS39980	4.5089013330169125	6.59086733349397	34.603090793947636
SC_RS39985	4.145729773506484	10.249868868409875	44.1966607141712
SC_RS39990	36.2581499988695	50.00538371564981	97.94129946964041
SC_RS39995	43.74015729718327	54.940968120652265	78.31104526972523
SC_RS40000	45.02117554693793	42.059881829523356	38.03809718668091
SC_RS40005	76.47633062128803	74.328137673407	90.44412342705921
SC_RS40010	86.39580689854503	92.04572596067901	67.01195056081652
SC_RS40015	20.043409447063777	20.169868266554708	90.38187835253149
SC_RS40020	3.2635370528840753	6.015530345380471	51.257240501279185
SC_RS40025	5.061789238735609	5.533792217651326	40.5208078662116
SC_RS40030	3.6357327913551116	3.831276498269809	40.64789434372953
SC_RS40035	29.08962912877393	12.151173825933691	51.236755527618776
SC_RS40040	89.67095279396098	36.2196454773262	100.67110999004973
SC_RS40045	14.717818911402174	12.466432748995725	43.95247770483273
SC_RS40050	22.90311398810581	35.395579640562794	64.09687540980384
SC_RS40055	4.13169861183609	9.45866757630549	18.109508676206808
SC_RS40060	118.58310951318192	151.41045254280291	185.7842048785849
SC_RS40065	12.026562600952516	37.27672059316885	44.96736857059923
SC_RS40075	3.1217186129529177	3.0019694140034403	41.84104637047795
SC_RS40080	7.177102302835571	21.863811498392053	74.26235712391627
SC_RS40085	7.303102356081228	23.02607699199264	71.5058738872489
SC_RS40090	5.6322827561549165	36.83888401628848	35.572604571234315
SC_RS40095	28.83663923582365	118.39999838668712	126.01944975602692
SC_RS40100	76.96872199173879	314.94573702848345	203.3960183132117
SC_RS40105	114.00290024092136	182.77429874046393	148.04177602946464
SC_RS40110	130.2497203123187	167.57423491984858	105.36641584916421
SC_RS40115	83.30429252628356	105.56368036780262	140.04434785011895
SC_RS40120	141.74556485574232	179.44245985619543	77.82424506204124
SC_RS40125	22.26488698147307	254.29099596067738	81.70094514915955
SC_RS40130	20.875917036393965	251.3541353885066	49.91175980415727
SC_RS40135	277.5218462001272	140.88367284446505	116.49018594527014
SC_RS40140	230.27151341861386	110.69940950722527	77.16430084892615
SC_RS40145	9.637981314745351	10.0016945309438	40.45351528066885
SC_RS40150	28.08366632614158	46.309143109967565	109.91327474386027
SC_RS40155	32.93312662425852	33.66741636778852	61.29147359841827
SC_RS40160	12.678378023035046	17.76943790524136	48.58907011733838
SC_RS40170	26.529822600500314	11.587428355193781	53.093128535378085
SC_RS40175	43.47412602902157	22.90349933817431	72.9365358151115
SC_RS40180	27.968477676871636	55.70898637800947	107.94960993449057
SC_RS40185	49.24902466366379	51.65025405837519	106.95077718458653
SC_RS40190	34.72369910994395	179.97327087303654	79.50840936382588
SC_RS40195	19.077664850542433	139.43821616030556	104.3228109488396
SC_RS40200	33.12383275692575	33.14424120785617	107.32083093848615
SC_RS40205	75.00058904261532	85.71684669969825	68.65066812958553
SC_RS40210	71.48004490053015	66.16312803303664	82.96301535865996
SC_RS40215	145.05029366106365	284.92389058001527	141.2870890326994
SC_RS40220	35.34432050487608	203.04935738477658	187.8875325813129
SC_RS40225	106.82615263042133	119.27986950188469	129.67407740467644
SC_RS40230	40.24123596304954	74.27326902560823	76.12824457006589
SC_RS40235	16.7409986668632	59.13806757291532	57.530915027025074
SC_RS40240	10.812835094190682	59.26033301652185	52.11959776454592
SC_RS40245	11.925405113352971	22.90072260931693	48.66146014179295
SC_RS40250	44.914125584187396	105.38567955500169	66.25770082618392
SC_RS40255	50.28090787228628	83.30846827126433	82.00227579411393
SC_RS40260	462.01848553731725	847.9371734037833	934.766696007464
SC_RS40265	35.829120229045806	864.4774004585114	51.28261798172518
SC_RS40270	180.2737834398366	891.6337056280325	101.72913169386973
SC_RS40275	34.69751206550334	296.76823815195155	38.226688513076915
SC_RS40280	130.16795566143486	1019.7792761410768	126.97889408476088
SC_RS40285	56.661953993969625	325.64017486309587	55.56303815030316
SC_RS40290	2.2146833266843995	11.990490379953377	18.49003774143045
SC_RS40295	3.444229220131735	10.057187599166168	34.31141973329349
SC_RS40300	13.504091404640342	28.778752543464265	50.31242376500516
SC_RS40305	23.657874122802994	153.57724920461345	175.16941120408725
SC_RS40310	37.000311504575855	187.47878387384887	213.8088146586485
SC_RS40315	31.791696843199304	115.08228544767756	62.602187805974815
SC_RS40320	49.84936772943899	8.77512118060463	49.8216762083115
SC_RS40325	173.2134066129683	57.63347437028047	89.96365610788283
SC_RS40330	4.0395653031971515	9.896504153185855	47.23644080468509
SC_RS40335	10.515167052657974	152.50063450427663	80.54467057481237
SC_RS40340	75.1118485495195	293.2016197996216	167.46112339998786
SC_RS40345	211.646214080314	2335.3286681057834	269.38775592058465
SC_RS40350	131.11198939611972	12965.470403231751	783.8847544594719
SC_RS40355	188.75336445594553	1646.6863404518328	262.29880231863524
SC_RS40360	39.86367854953317	149.87767735888997	99.13968422289109
SC_RS40365	371.3882138988869	331.447230287484	255.51473070619804
SC_RS40370	24.519241474030117	36.5815826800944	38.73676509669053
SC_RS40375	66.77061581732924	35.37819236450241	59.98273106462595
SC_RS40380	33.47297315476579	16.779447374994678	73.25324413649496
SC_RS40385	228.9248873568637	83.75536193763294	88.32827509322595
SC_RS40390	109.23377206100868	27.090917280525517	34.57818882080874
SC_RS40395	66.63281457364891	32.3152463338016	56.656106777188896
SC_RS40400	22.743247190253438	35.02482764927839	60.48184697128896
SC_RS40405	4.865278684802448	11.178570571747391	25.405292327786373
SC_RS40410	5.5170941068849775	12.34083606534798	18.24551451237531
SC_RS40415	12.611087280042216	56.17087271103265	71.38545065963572
SC_RS40420	63.03738804228987	109.58406459430289	65.46773358737177
SC_RS40425	25.411448160072098	82.80618401916585	76.54291547015669
SC_RS40430	17.541869482822385	339.212825526286	195.95661055946346
SC_RS40435	33.67528812996488	186.427504516693	142.8817903918553
SC_RS40440	85.49914027003165	155.57301974391726	161.92924762230513
SC_RS40445	5.557755059216588	10.349263487481025	67.93554209778047
SC_RS40450	17.114981630349344	16.05834969831567	30.52269227918509
SC_RS40455	292.26673764841115	231.56348494534976	112.19437824194358
SC_RS40460	308.215639279958	404.35514413742	240.98807044908372
SC_RS40465	251.6667020144376	470.24916958916964	162.74023512830115
SC_RS40470	320.97969485611	431.9586184373306	219.36143027001472
SC_RS40475	205.4478977492112	153.1256688019257	94.03493033186855
SC_RS40480	3530.0551405600395	32132.940954408183	18909.579226094153
SC_RS40485	480.7926641617236	1571.7692913628914	973.6125039322452
SC_RS40490	10.88736279112901	8.573867423816752	29.16932274088213
SC_RS40495	7.547510816291498	8.915640621667182	46.60785688248742
SC_RS40500	40.648288232586246	41.23637050394378	73.45415116186999
SC_RS40505	9.73735157732979	30.128215757833566	19.880555307315504
SC_RS40510	20.32704632692609	83.70566462809737	53.284171044326634
SC_RS40515	12.96344743557693	38.354756526085126	29.14230980490737
SC_RS40520	11.443825146877925	21.87817974462302	51.39358655716436
SC_RS40525	8.268846952602571	11.047178129412853	34.806244069748956
SC_RS40535	1.0240111605535662	0.47014661035555416	45.43205820741353
SC_RS40540	0.7760282503130767	1.6354311337855578	23.379382443888954
SC_RS40545	1.8000394108666429	3.5276090925813643	50.0646336263737
SC_RS40550	5.194583499706159	25.613392863862895	54.19476644287821
SC_RS40555	5.269111196644487	9.74494770593355	25.151314446557247
SC_RS40575	9.076511976286652	7.992734677016458	69.98969050892892
SC_RS40580	2.239525892330509	1.2994536946219228	39.23934298673661
SC_RS40585	4.014722737551042	5.168835985053717	48.94102043559432
SC_RS40590	7.8113121132174905	3.107159791761385	70.31081582979085
SC_RS40595	13.750287089865722	6.418592370140065	93.99152891863419
SC_RS40600	27.086284956249226	28.79010175986582	289.7371710071323
SC_RS40605	31.97783873937735	38.006633058364066	257.4151337833712
SC_RS40610	4.806569374549621	5.954241518471306	53.97569033880488
SC_RS40615	4.673775113579071	6.45669816230205	99.15710721910143
SC_RS40620	4.5089013330169125	4.473698071979268	57.13481321156559
SC_RS40625	4.236075857130314	7.718046064761988	38.71839108586598
SC_RS40630	3.807400779642164	7.011316634313949	35.74977542853039
SC_RS40635	9.117172928618263	9.90229991187265	85.14554548313845
SC_RS40640	4.6489325479329615	11.084971711363037	73.93197222468709
SC_RS40645	15.759435683656353	16.928539303601404	70.36354646592828
SC_RS40650	47.22361493696705	54.412621622456726	87.90195907527
SC_RS40655	117.26465006879033	73.5400253203718	64.77989106672231
SC_RS40660	48.769867016327275	28.94221271830196	35.26072897042011
SC_RS40665	34.16946672543075	25.48748397000335	28.717084090637268
SC_RS40670	52.345546018635055	14802.469971118018	1275.0661031561933
SC_RS40675	18.849517523238266	2019.5903862179362	274.9848829655101
SC_RS40680	6.137272755596503	169.29191569761696	141.88010059662744
SC_RS40685	7.605777380323722	145.11357110508555	122.21813602775866
SC_RS40690	4.63311416124746	172.01506844716883	97.06206436200625
SC_RS40695	81.6270334109679	200.23118454226085	79.02263967361141
SC_RS40700	67.12520594409966	162.94780146900956	92.38043508073747
SC_RS40705	119.21910654857895	116.46374648531025	69.38756451254358
SC_RS40710	45.376755460167324	12.22984992890324	58.27169311593819
SC_RS40715	62.91496243907443	40.418654937051	45.4944484278512
SC_RS40720	21.924770762593642	20.0241075779892	20.3546995963038
SC_RS40725	19.274175404475592	17.982837690586667	35.85373067602863
SC_RS40730	46.827019379070514	42.69650764454602	37.44632107234866
SC_RS40735	56.55598187156311	85.4369168399408	66.45228482137085
SC_RS40740	27.402991142162115	249.20947847537718	247.55437105157915
SC_RS40745	61.25674146813895	144.76218213362486	82.09487035872856
SC_RS40750	24.47778308314236	85.26186514772954	60.286717824259114
SC_RS40755	26.660829636455755	149.4749275443422	79.69448972145302
SC_RS40760	22.235037433117174	461.0211166825376	330.53472990359415
SC_RS40765	13.920522545473208	585.214603822272	864.651574193185
SC_RS40770	13.179793572446416	410.07009601618114	494.87027132911044
SC_RS40775	76.74280463567034	102.55806750354617	72.2434507096403
SC_RS40780	48.535915267757176	70.53226014768157	51.26894140387947
SC_RS40785	3.146561178599027	7.049422426475934	49.48163172478208
SC_RS40790	30.264925654439864	1403.4410978048468	174.19968263635482
SC_RS40795	16.507046918293103	475.09462619230845	68.4815312593804
SC_RS40800	72.29494687815972	171.96981140004212	100.08204977661258
SC_RS40805	159.95952808980414	25.397216349660212	116.07237356487397
SC_RS40810	2.7992080057740996	21.965670636108783	60.592065462758974
SC_RS40815	12.092066118930237	224.74589286634563	104.96833835845929
SC_RS40820	283.08191928446456	152.85399921950065	121.63697051234085
SC_RS40825	163.94627655789947	305.4827648353104	90.93745745389585
SC_RS40830	338.22311509897617	434.721782813568	196.5393320275547
SC_RS40835	309.07171924668745	264.8674729685508	134.66275542302847
SC_RS40840	92.85058327861057	38.05633036789964	59.06097991531701
SC_RS40845	177.8782456014718	202.13773074728763	102.5716942812289
SC_RS40850	411.38755177474974	744.3564268002057	330.5421432374681
SC_RS40855	90.70676514494923	170.1875105553234	102.41725464801952
SC_RS40860	14.11524587439126	17.49197256412951	14.275199201492347
SC_RS40865	23.636251314851563	28.67967013460492	128.2500229419835
SC_RS40870	4.326421940754144	5.163040226366922	39.53012867583116
SC_RS40875	2.37053292828595	1.2994536946219228	24.87086878119628
SC_RS40880	3.690424905357116	5.168835985053717	49.936456845169914
SC_RS40885	8.298696500958465	18.733468671883486	27.203692114586506
SC_RS40890	56.87384018836769	76.1438617469068	69.11501754668315
SC_RS40895	34.66721977092684	69.62427696044564	48.45340450088655
SC_RS40900	13.103478650492978	27.610761200416647	25.769353412895086
SC_RS40905	4.064407868843261	3.8138892222094247	49.40325888985609
SC_RS40910	30.953384832603184	43.01232107879189	90.14578911650031
SC_RS40915	169.84280335720098	195.51733010917584	264.736681061529
SC_RS40920	40.61665145921525	46.250318801703976	94.41532410950177
SC_RS40925	15.004675548959165	14.595193527884017	28.295875369912647
SC_RS40930	31.31655639211361	21.641839225502572	45.25992500281296
SC_RS40935	75.56428835230973	24.287424894452577	49.14226768068602
SC_RS40940	99.53430442453642	25.29782173058906	40.308870519350144
SC_RS40945	181.10326361937493	18.990215496893736	28.67150207003121
SC_RS40950	92.05328691268161	39.21280010281343	34.76713022524092
SC_RS40955	8.805473725415162	17.568184148453483	51.932222171106694
SC_RS40960	8.573309201860173	11.345049776414502	87.83243009762046
SC_RS40965	7.40747960137545	5.863973898128167	33.65534736781396
SC_RS40970	10.332687660395207	12.291138755812405	18.70652737536081
SC_RS40975	49.68091949884661	86.51193374302768	75.66791214651374
SC_RS40980	11.007558423108735	303.1718011092461	132.6379358428169
SC_RS40985	136.9027944713325	211.51834664104717	208.24705503986647
SC_RS40990	151.09757502537187	202.76609628497792	90.38431967676453
SC_RS40995	64.06219664139958	69.80783123096134	77.44725748305598
SC_RS41005	9.918043744577448	17.96822714338366	43.515686375552775
SC_RS41010	9.409833987441186	29.949832825581066	43.22558112589158
SC_RS41015	124.19591137873607	292.1116801391199	135.84298095590032
SC_RS41020	190.73703538996662	191.14031983665012	83.0678559777178
SC_RS41030	11.799405060107315	25.4295263831354	47.6064249140489
SC_RS41035	6.696954869040094	19.466157865936086	38.41862625190455
SC_RS41040	10.91220535677512	19.07468735855008	33.69528679766527
SC_RS41045	13.631523990565565	26.045433682056466	56.894647195772606
SC_RS41050	62.29379400390394	186.76705549686992	115.31805418570556
SC_RS41055	12.924573708260427	17.191636398482284	36.27739057930579
SC_RS41060	77.96475888283663	235.04465805919702	103.72245569557346
SC_RS41065	28.14559539408908	66.01188379599614	76.62286397439512
SC_RS41080	33.7177363073116	1417.9789984956194	307.5708938730361
SC_RS41085	77.23029331742907	573.1071585656587	174.66750389515502
SC_RS41090	16.043072563518667	45.02374545136481	54.16531218267041
SC_RS41110	3.5842604350477836	5.057849848608978	21.215695980703842
SC_RS41115	42.808279445268646	27.73635788406439	73.48061894600183
SC_RS41120	57.88962460851679	20.161295779010533	77.78152408824022
SC_RS41125	28.999283045150097	15.713557470635825	23.716975744865827
SC_RS41130	72.17975822888978	29.25802615254783	48.37754263472942
SC_RS41135	18.845500326987445	32.533887366649864	52.87629868173105
SC_RS41140	4.7907509878641195	14.644890837419593	17.404517736009083
SC_RS41145	21.108081559948953	50.631284734694525	71.69501036548782
SC_RS41150	5.997241540680454	27.213182724132047	26.049118638822705
SC_RS41155	11.029181231060168	202.10271389419484	90.53835930404091
SC_RS41160	2.1740223743527882	8.232094225966321	53.203551958974344
SC_RS41165	0.5953360830654166	3.118751309134975	16.02188901130507
SC_RS41175	12.949416273906538	20.286650161686243	40.86874119092205
SC_RS41180	85.17528518405831	237.8677599390039	160.81426349835647
SC_RS41185	3.8588731359494917	3.0019694140034403	27.50257157698834
SC_RS41190	57.63905703470505	44.69689501092919	45.85728392168364
SC_RS41195	33.47654760479601	467.3761654348422	61.57014852066004
SC_RS41200	5.41593661928543	37.679540316956405	24.539598510407508
SC_RS41205	6.748427225347422	12.156969584620485	53.332409179611474
SC_RS41210	64.05272971621837	378.4907302979939	173.82597182526536
SC_RS41215	1.0488537261996755	1.2323691090259634	31.122842600324983
SC_RS41220	1.7751968452205336	8.275995776815103	49.8153531781234
SC_RS41225	98.38126580094534	87.97120416223427	54.182315456308764
SC_RS41230	26.588089164532537	33.20306551611976	46.84870333771375
SC_RS41235	9.749950206320614	81.89493950112849	80.10998035004877
SC_RS41240	5.036946673089499	8.988520965949936	39.85615636179818
SC_RS41245	5.713604660818139	9.178183205364224	58.24469003828293
SC_RS41250	8.158665286042417	14.040575055872118	44.19924718431417
SC_RS41255	14.325787589994814	14.516517424914468	31.046775802041605
SC_RS41260	43.46589928861711	54.856496258995925	71.50532873540597
SC_RS41265	12.155782411892849	37.761235449755375	37.2987496211703
SC_RS41270	40.93192511244857	79.19361846298408	52.94010956725173
SC_RS41275	20.571809479471902	14.419899534700697	66.83267859900407
SC_RS41345	0	35.70590952633367	7.053371385360292
SC_RS41350	0	50.47608483718921	12.793167516359006
SC_RS41375	476.2850330169536	141.47330816956975	105.28803315591873
