motif_ID	motif_ALT_ID	motif_P-value	seq_ID	seq_Score	seq_Class	is_holdout?
1-CGGCGACGRCGA	STREME-1	6.0e-004	NC_003888.3_3960369_+_unassigned	15.14	tp	0
1-CGGCGACGRCGA	STREME-1	6.0e-004	NC_003888.3_8177298_-_unassigned	15.14	tp	0
1-CGGCGACGRCGA	STREME-1	6.0e-004	NC_003888.3_7526053_+_unassigned	13.84	tp	0
1-CGGCGACGRCGA	STREME-1	6.0e-004	NC_003888.3_2955727_+_unassigned	13.84	tp	0
1-CGGCGACGRCGA	STREME-1	6.0e-004	NC_003888.3_886776_-_unassigned	13.80	tp	0
1-CGGCGACGRCGA	STREME-1	6.0e-004	NC_003888.3_2963085_-_unassigned	13.51	fp	0
1-CGGCGACGRCGA	STREME-1	6.0e-004	NC_003888.3_6924937_-_unassigned	13.51	tp	1
1-CGGCGACGRCGA	STREME-1	6.0e-004	NC_003888.3_5598023_+_unassigned	13.38	fp	1
1-CGGCGACGRCGA	STREME-1	6.0e-004	NC_003888.3_772252_-_unassigned	13.10	tp	1
1-CGGCGACGRCGA	STREME-1	6.0e-004	NC_003888.3_2444862_+_unassigned	13.10	fp	0
1-CGGCGACGRCGA	STREME-1	6.0e-004	NC_003888.3_2191935_-_unassigned	13.02	fp	0
1-CGGCGACGRCGA	STREME-1	6.0e-004	NC_003888.3_2484550_+_unassigned	13.00	tp	0
1-CGGCGACGRCGA	STREME-1	6.0e-004	NC_003888.3_2484552_+_unassigned	13.00	tp	0
1-CGGCGACGRCGA	STREME-1	6.0e-004	NC_003888.3_8532797_-_unassigned	13.00	tp	0
1-CGGCGACGRCGA	STREME-1	6.0e-004	NC_003888.3_6936446_+_unassigned	12.90	fp	0
1-CGGCGACGRCGA	STREME-1	6.0e-004	NC_003888.3_503062_+_unassigned	12.66	tp	0
1-CGGCGACGRCGA	STREME-1	6.0e-004	NC_003888.3_3286496_-_unassigned	12.65	tp	0
1-CGGCGACGRCGA	STREME-1	6.0e-004	NC_003888.3_6128993_-_unassigned	12.64	tp	0
1-CGGCGACGRCGA	STREME-1	6.0e-004	NC_003888.3_4611837_+_unassigned	12.64	tp	0
1-CGGCGACGRCGA	STREME-1	6.0e-004	NC_003888.3_2179900_+_unassigned	12.60	tp	0
1-CGGCGACGRCGA	STREME-1	6.0e-004	NC_003888.3_2179942_+_unassigned	12.60	tp	1
1-CGGCGACGRCGA	STREME-1	6.0e-004	NC_003888.3_5090744_+_unassigned	12.49	fp	0
1-CGGCGACGRCGA	STREME-1	6.0e-004	NC_003888.3_4521934_-_unassigned	12.48	tp	0
1-CGGCGACGRCGA	STREME-1	6.0e-004	NC_003888.3_7942461_-_unassigned	12.48	tp	0
1-CGGCGACGRCGA	STREME-1	6.0e-004	NC_003888.3_7086447_-_unassigned	12.40	tp	0
1-CGGCGACGRCGA	STREME-1	6.0e-004	NC_003888.3_2528613_+_unassigned	12.28	tp	0
1-CGGCGACGRCGA	STREME-1	6.0e-004	NC_003888.3_5156834_+_unassigned	12.28	tp	0
1-CGGCGACGRCGA	STREME-1	6.0e-004	NC_003888.3_3795669_-_unassigned	12.28	tp	1
1-CGGCGACGRCGA	STREME-1	6.0e-004	NC_003888.3_4227911_+_unassigned	12.27	tp	0
1-CGGCGACGRCGA	STREME-1	6.0e-004	NC_003888.3_4793953_+_unassigned	12.25	tp	0
1-CGGCGACGRCGA	STREME-1	6.0e-004	NC_003888.3_5197971_+_unassigned	12.21	fp	0
1-CGGCGACGRCGA	STREME-1	6.0e-004	NC_003888.3_4986998_-_unassigned	12.21	fp	1
1-CGGCGACGRCGA	STREME-1	6.0e-004	NC_003888.3_7084775_+_unassigned	12.18	tp	0
1-CGGCGACGRCGA	STREME-1	6.0e-004	NC_003888.3_8164067_+_unassigned	12.13	tp	0
1-CGGCGACGRCGA	STREME-1	6.0e-004	NC_003888.3_981319_-_unassigned	12.12	tp	0
1-CGGCGACGRCGA	STREME-1	6.0e-004	NC_003888.3_5547372_+_unassigned	11.97	tp	0
1-CGGCGACGRCGA	STREME-1	6.0e-004	NC_003888.3_3251506_+_unassigned	11.97	tp	0
1-CGGCGACGRCGA	STREME-1	6.0e-004	NC_003888.3_8475940_+_unassigned	11.71	tp	0
1-CGGCGACGRCGA	STREME-1	6.0e-004	NC_003888.3_357889_+_unassigned	11.70	tp	0
1-CGGCGACGRCGA	STREME-1	6.0e-004	NC_003888.3_6332169_+_unassigned	11.70	fp	0
1-CGGCGACGRCGA	STREME-1	6.0e-004	NC_003888.3_394629_+_unassigned	11.67	fp	0
1-CGGCGACGRCGA	STREME-1	6.0e-004	NC_003888.3_4146829_-_unassigned	11.64	tp	0
1-CGGCGACGRCGA	STREME-1	6.0e-004	NC_003888.3_4829129_+_unassigned	11.64	tp	0
1-CGGCGACGRCGA	STREME-1	6.0e-004	NC_003888.3_8239949_-_unassigned	11.64	tp	0
1-CGGCGACGRCGA	STREME-1	6.0e-004	NC_003888.3_5856577_+_unassigned	11.64	tp	0
1-CGGCGACGRCGA	STREME-1	6.0e-004	NC_003888.3_2772156_+_unassigned	11.64	tp	0
1-CGGCGACGRCGA	STREME-1	6.0e-004	NC_003888.3_3268542_+_unassigned	11.63	tp	0
1-CGGCGACGRCGA	STREME-1	6.0e-004	NC_003888.3_5480963_-_unassigned	11.63	tp	0
1-CGGCGACGRCGA	STREME-1	6.0e-004	NC_003888.3_8257591_+_unassigned	11.63	tp	0
1-CGGCGACGRCGA	STREME-1	6.0e-004	NC_003888.3_6530465_+_unassigned	11.56	tp	0
1-CGGCGACGRCGA	STREME-1	6.0e-004	NC_003888.3_6082367_+_unassigned	11.55	fp	0
1-CGGCGACGRCGA	STREME-1	6.0e-004	NC_003888.3_1200439_+_unassigned	11.47	tp	0
1-CGGCGACGRCGA	STREME-1	6.0e-004	NC_003888.3_7296624_+_unassigned	11.46	tp	0
1-CGGCGACGRCGA	STREME-1	6.0e-004	NC_003888.3_837137_+_unassigned	11.46	tp	0
1-CGGCGACGRCGA	STREME-1	6.0e-004	NC_003888.3_7405103_+_unassigned	11.46	fp	0
1-CGGCGACGRCGA	STREME-1	6.0e-004	NC_003888.3_918189_-_unassigned	11.45	tp	0
1-CGGCGACGRCGA	STREME-1	6.0e-004	NC_003888.3_821656_+_unassigned	11.44	tp	0
1-CGGCGACGRCGA	STREME-1	6.0e-004	NC_003888.3_5198268_+_unassigned	11.39	tp	0
1-CGGCGACGRCGA	STREME-1	6.0e-004	NC_003888.3_5090745_+_unassigned	11.35	fp	0
1-CGGCGACGRCGA	STREME-1	6.0e-004	NC_003888.3_1817272_-_unassigned	11.30	tp	0
1-CGGCGACGRCGA	STREME-1	6.0e-004	NC_003888.3_6094983_+_unassigned	11.30	tp	0
1-CGGCGACGRCGA	STREME-1	6.0e-004	NC_003888.3_2191935_-_unassigned	11.27	tp	0
1-CGGCGACGRCGA	STREME-1	6.0e-004	NC_003888.3_4229828_+_unassigned	11.27	tp	0
1-CGGCGACGRCGA	STREME-1	6.0e-004	NC_003888.3_6324015_-_unassigned	11.26	fp	0
1-CGGCGACGRCGA	STREME-1	6.0e-004	NC_003888.3_6324015_-_unassigned	11.24	tp	0
1-CGGCGACGRCGA	STREME-1	6.0e-004	NC_003888.3_4226441_+_unassigned	11.24	tp	0
1-CGGCGACGRCGA	STREME-1	6.0e-004	NC_003888.3_5174992_-_unassigned	11.19	tp	0
1-CGGCGACGRCGA	STREME-1	6.0e-004	NC_003888.3_4575653_-_unassigned	11.19	tp	0
1-CGGCGACGRCGA	STREME-1	6.0e-004	NC_003888.3_5846536_-_unassigned	11.10	fp	0
1-CGGCGACGRCGA	STREME-1	6.0e-004	NC_003888.3_6623455_+_unassigned	11.09	tp	0
1-CGGCGACGRCGA	STREME-1	6.0e-004	NC_003888.3_4132126_-_unassigned	11.00	fp	0
1-CGGCGACGRCGA	STREME-1	6.0e-004	NC_003888.3_1955709_+_unassigned	10.99	tp	0
1-CGGCGACGRCGA	STREME-1	6.0e-004	NC_003888.3_7116887_+_unassigned	10.96	tp	1
1-CGGCGACGRCGA	STREME-1	6.0e-004	NC_003888.3_5355004_-_unassigned	10.96	tp	0
1-CGGCGACGRCGA	STREME-1	6.0e-004	NC_003888.3_7667977_+_unassigned	10.96	tp	0
1-CGGCGACGRCGA	STREME-1	6.0e-004	NC_003888.3_7392345_+_unassigned	10.96	fp	0
1-CGGCGACGRCGA	STREME-1	6.0e-004	NC_003888.3_2942685_+_unassigned	10.96	fp	0
1-CGGCGACGRCGA	STREME-1	6.0e-004	NC_003888.3_4712674_+_unassigned	10.94	tp	0
1-CGGCGACGRCGA	STREME-1	6.0e-004	NC_003888.3_547104_+_unassigned	10.94	tp	0
1-CGGCGACGRCGA	STREME-1	6.0e-004	NC_003888.3_4088375_+_unassigned	10.86	fp	1
1-CGGCGACGRCGA	STREME-1	6.0e-004	NC_003888.3_1695031_-_unassigned	10.86	fp	0
1-CGGCGACGRCGA	STREME-1	6.0e-004	NC_003888.3_835115_+_unassigned	10.86	tp	1
1-CGGCGACGRCGA	STREME-1	6.0e-004	NC_003888.3_6639681_-_unassigned	10.85	fp	0
1-CGGCGACGRCGA	STREME-1	6.0e-004	NC_003888.3_6514427_+_unassigned	10.85	tp	0
1-CGGCGACGRCGA	STREME-1	6.0e-004	NC_003888.3_3817746_+_unassigned	10.84	tp	0
1-CGGCGACGRCGA	STREME-1	6.0e-004	NC_003888.3_5591171_+_unassigned	10.84	tp	0
1-CGGCGACGRCGA	STREME-1	6.0e-004	NC_003888.3_5591206_+_unassigned	10.84	tp	1
1-CGGCGACGRCGA	STREME-1	6.0e-004	NC_003888.3_7627960_-_unassigned	10.83	tp	0
1-CGGCGACGRCGA	STREME-1	6.0e-004	NC_003888.3_1464221_+_unassigned	10.83	tp	0
1-CGGCGACGRCGA	STREME-1	6.0e-004	NC_003888.3_1880053_-_unassigned	10.77	tp	0
1-CGGCGACGRCGA	STREME-1	6.0e-004	NC_003888.3_5191447_+_unassigned	10.70	tp	0
1-CGGCGACGRCGA	STREME-1	6.0e-004	NC_003888.3_5849634_-_unassigned	10.65	tp	0
1-CGGCGACGRCGA	STREME-1	6.0e-004	NC_003888.3_550560_-_unassigned	10.65	tp	0
1-CGGCGACGRCGA	STREME-1	6.0e-004	NC_003888.3_6789358_+_unassigned	10.65	tp	0
1-CGGCGACGRCGA	STREME-1	6.0e-004	NC_003888.3_440613_-_unassigned	10.65	tp	0
1-CGGCGACGRCGA	STREME-1	6.0e-004	NC_003888.3_4795430_+_unassigned	10.64	tp	0
1-CGGCGACGRCGA	STREME-1	6.0e-004	NC_003888.3_3630498_-_unassigned	10.64	tp	1
1-CGGCGACGRCGA	STREME-1	6.0e-004	NC_003888.3_3552118_+_unassigned	10.64	tp	0
1-CGGCGACGRCGA	STREME-1	6.0e-004	NC_003888.3_7378486_+_unassigned	10.62	tp	0
1-CGGCGACGRCGA	STREME-1	6.0e-004	NC_003888.3_2623491_-_unassigned	10.62	tp	0
1-CGGCGACGRCGA	STREME-1	6.0e-004	NC_003888.3_1317399_-_unassigned	10.62	tp	0
1-CGGCGACGRCGA	STREME-1	6.0e-004	NC_003888.3_4673408_-_unassigned	10.62	tp	0
1-CGGCGACGRCGA	STREME-1	6.0e-004	NC_003888.3_6227053_+_unassigned	10.62	tp	0
1-CGGCGACGRCGA	STREME-1	6.0e-004	NC_003888.3_2889476_+_unassigned	10.62	tp	1
1-CGGCGACGRCGA	STREME-1	6.0e-004	NC_003888.3_2044445_+_unassigned	10.61	tp	0
1-CGGCGACGRCGA	STREME-1	6.0e-004	NC_003888.3_4194349_-_unassigned	10.61	fp	0
1-CGGCGACGRCGA	STREME-1	6.0e-004	NC_003888.3_5999640_+_unassigned	10.60	tp	0
1-CGGCGACGRCGA	STREME-1	6.0e-004	NC_003888.3_5999587_+_unassigned	10.60	tp	0
1-CGGCGACGRCGA	STREME-1	6.0e-004	NC_003888.3_6705112_+_unassigned	10.58	fp	0
1-CGGCGACGRCGA	STREME-1	6.0e-004	NC_003888.3_116615_-_unassigned	10.58	tp	0
1-CGGCGACGRCGA	STREME-1	6.0e-004	NC_003888.3_116615_-_unassigned	10.58	fp	0
1-CGGCGACGRCGA	STREME-1	6.0e-004	NC_003888.3_934941_+_unassigned	10.54	tp	0
1-CGGCGACGRCGA	STREME-1	6.0e-004	NC_003888.3_5693194_+_unassigned	10.54	tp	0
1-CGGCGACGRCGA	STREME-1	6.0e-004	NC_003888.3_4608283_+_unassigned	10.54	tp	0
1-CGGCGACGRCGA	STREME-1	6.0e-004	NC_003888.3_7553533_+_unassigned	10.54	fp	1
1-CGGCGACGRCGA	STREME-1	6.0e-004	NC_003888.3_4780448_-_unassigned	10.54	tp	0
1-CGGCGACGRCGA	STREME-1	6.0e-004	NC_003888.3_5001717_-_unassigned	10.53	fp	0
1-CGGCGACGRCGA	STREME-1	6.0e-004	NC_003888.3_2849869_-_unassigned	10.52	fp	0
1-CGGCGACGRCGA	STREME-1	6.0e-004	NC_003888.3_533344_+_unassigned	10.52	tp	0
1-CGGCGACGRCGA	STREME-1	6.0e-004	NC_003888.3_6112592_+_unassigned	10.51	fp	0
1-CGGCGACGRCGA	STREME-1	6.0e-004	NC_003888.3_8258651_+_unassigned	10.51	tp	0
1-CGGCGACGRCGA	STREME-1	6.0e-004	NC_003888.3_1821396_-_unassigned	10.51	tp	0
1-CGGCGACGRCGA	STREME-1	6.0e-004	NC_003888.3_2739857_+_unassigned	10.45	fp	0
1-CGGCGACGRCGA	STREME-1	6.0e-004	NC_003888.3_6723064_-_unassigned	10.45	tp	0
1-CGGCGACGRCGA	STREME-1	6.0e-004	NC_003888.3_2775554_+_unassigned	10.44	fp	0
1-CGGCGACGRCGA	STREME-1	6.0e-004	NC_003888.3_6650603_+_unassigned	10.44	tp	0
1-CGGCGACGRCGA	STREME-1	6.0e-004	NC_003888.3_4131800_-_unassigned	10.44	tp	0
1-CGGCGACGRCGA	STREME-1	6.0e-004	NC_003888.3_3038104_+_unassigned	10.42	tp	0
1-CGGCGACGRCGA	STREME-1	6.0e-004	NC_003888.3_4827280_-_unassigned	10.39	fp	0
1-CGGCGACGRCGA	STREME-1	6.0e-004	NC_003888.3_4165519_+_unassigned	10.37	tp	0
1-CGGCGACGRCGA	STREME-1	6.0e-004	NC_003888.3_8414030_+_unassigned	10.37	tp	1
1-CGGCGACGRCGA	STREME-1	6.0e-004	NC_003888.3_8566274_-_unassigned	10.37	tp	0
1-CGGCGACGRCGA	STREME-1	6.0e-004	NC_003888.3_1824302_-_unassigned	10.36	tp	0
1-CGGCGACGRCGA	STREME-1	6.0e-004	NC_003888.3_1765299_-_unassigned	10.36	fp	0
1-CGGCGACGRCGA	STREME-1	6.0e-004	NC_003888.3_4463754_+_unassigned	10.33	tp	0
1-CGGCGACGRCGA	STREME-1	6.0e-004	NC_003888.3_7270738_+_unassigned	10.33	fp	0
1-CGGCGACGRCGA	STREME-1	6.0e-004	NC_003888.3_613833_-_unassigned	10.31	fp	1
1-CGGCGACGRCGA	STREME-1	6.0e-004	NC_003888.3_2279207_-_unassigned	10.30	tp	0
1-CGGCGACGRCGA	STREME-1	6.0e-004	NC_003888.3_2924181_+_unassigned	10.27	tp	0
1-CGGCGACGRCGA	STREME-1	6.0e-004	NC_003888.3_8466724_+_unassigned	10.27	tp	0
1-CGGCGACGRCGA	STREME-1	6.0e-004	NC_003888.3_7080932_+_unassigned	10.26	tp	1
1-CGGCGACGRCGA	STREME-1	6.0e-004	NC_003888.3_5850039_+_unassigned	10.24	tp	0
1-CGGCGACGRCGA	STREME-1	6.0e-004	NC_003888.3_594019_-_unassigned	10.24	fp	0
1-CGGCGACGRCGA	STREME-1	6.0e-004	NC_003888.3_3228595_-_unassigned	10.24	fp	0
1-CGGCGACGRCGA	STREME-1	6.0e-004	NC_003888.3_7496532_+_unassigned	10.24	tp	0
1-CGGCGACGRCGA	STREME-1	6.0e-004	NC_003888.3_5628148_+_unassigned	10.23	tp	0
1-CGGCGACGRCGA	STREME-1	6.0e-004	NC_003888.3_5560936_+_unassigned	10.23	fp	0
1-CGGCGACGRCGA	STREME-1	6.0e-004	NC_003888.3_5250593_-_unassigned	10.22	fp	0
1-CGGCGACGRCGA	STREME-1	6.0e-004	NC_003888.3_8218995_-_unassigned	10.20	tp	0
1-CGGCGACGRCGA	STREME-1	6.0e-004	NC_003888.3_2505119_-_unassigned	10.14	fp	0
1-CGGCGACGRCGA	STREME-1	6.0e-004	NC_003888.3_8258651_+_unassigned	10.14	fp	0
1-CGGCGACGRCGA	STREME-1	6.0e-004	NC_003888.3_647457_-_unassigned	10.14	fp	0
1-CGGCGACGRCGA	STREME-1	6.0e-004	NC_003888.3_4036884_+_unassigned	10.14	tp	1
1-CGGCGACGRCGA	STREME-1	6.0e-004	NC_003888.3_2775554_+_unassigned	10.13	tp	0
1-CGGCGACGRCGA	STREME-1	6.0e-004	NC_003888.3_7378486_+_unassigned	10.13	fp	0
1-CGGCGACGRCGA	STREME-1	6.0e-004	NC_003888.3_4671071_+_unassigned	10.13	tp	0
1-CGGCGACGRCGA	STREME-1	6.0e-004	NC_003888.3_6225507_+_unassigned	10.13	tp	0
1-CGGCGACGRCGA	STREME-1	6.0e-004	NC_003888.3_4671073_+_unassigned	10.13	tp	0
1-CGGCGACGRCGA	STREME-1	6.0e-004	NC_003888.3_4671070_+_unassigned	10.13	tp	0
1-CGGCGACGRCGA	STREME-1	6.0e-004	NC_003888.3_6125183_+_unassigned	10.13	fp	0
1-CGGCGACGRCGA	STREME-1	6.0e-004	NC_003888.3_6007831_+_unassigned	10.11	fp	0
1-CGGCGACGRCGA	STREME-1	6.0e-004	NC_003888.3_4224500_+_unassigned	10.11	fp	0
1-CGGCGACGRCGA	STREME-1	6.0e-004	NC_003888.3_5447114_+_unassigned	10.10	tp	0
1-CGGCGACGRCGA	STREME-1	6.0e-004	NC_003888.3_5591157_+_unassigned	10.10	fp	0
1-CGGCGACGRCGA	STREME-1	6.0e-004	NC_003888.3_7148769_+_unassigned	10.10	fp	1
1-CGGCGACGRCGA	STREME-1	6.0e-004	NC_003888.3_4370315_-_unassigned	10.09	tp	0
1-CGGCGACGRCGA	STREME-1	6.0e-004	NC_003888.3_3708968_-_unassigned	10.09	fp	0
1-CGGCGACGRCGA	STREME-1	6.0e-004	NC_003888.3_7209991_+_unassigned	10.09	fp	0
1-CGGCGACGRCGA	STREME-1	6.0e-004	NC_003888.3_2424328_-_unassigned	10.08	fp	0
1-CGGCGACGRCGA	STREME-1	6.0e-004	NC_003888.3_1520962_-_unassigned	10.07	tp	0
1-CGGCGACGRCGA	STREME-1	6.0e-004	NC_003888.3_3201216_+_unassigned	10.07	fp	0
1-CGGCGACGRCGA	STREME-1	6.0e-004	NC_003888.3_6131209_+_unassigned	10.04	fp	1
1-CGGCGACGRCGA	STREME-1	6.0e-004	NC_003888.3_905930_-_unassigned	10.01	tp	0
1-CGGCGACGRCGA	STREME-1	6.0e-004	NC_003888.3_1825103_-_unassigned	9.99	tp	0
1-CGGCGACGRCGA	STREME-1	6.0e-004	NC_003888.3_1684969_+_unassigned	9.98	tp	0
1-CGGCGACGRCGA	STREME-1	6.0e-004	NC_003888.3_2785538_-_unassigned	9.98	tp	0
1-CGGCGACGRCGA	STREME-1	6.0e-004	NC_003888.3_1684974_-_unassigned	9.98	tp	0
1-CGGCGACGRCGA	STREME-1	6.0e-004	NC_003888.3_1032700_+_unassigned	9.97	tp	0
1-CGGCGACGRCGA	STREME-1	6.0e-004	NC_003888.3_5063482_-_unassigned	9.97	tp	0
1-CGGCGACGRCGA	STREME-1	6.0e-004	NC_003888.3_8041780_+_unassigned	9.97	tp	0
1-CGGCGACGRCGA	STREME-1	6.0e-004	NC_003888.3_6004403_+_unassigned	9.96	fp	0
1-CGGCGACGRCGA	STREME-1	6.0e-004	NC_003888.3_8441204_+_unassigned	9.95	tp	0
1-CGGCGACGRCGA	STREME-1	6.0e-004	NC_003888.3_1794660_-_unassigned	9.95	tp	0
1-CGGCGACGRCGA	STREME-1	6.0e-004	NC_003888.3_211317_+_unassigned	9.95	tp	0
1-CGGCGACGRCGA	STREME-1	6.0e-004	NC_003888.3_3310375_-_unassigned	9.95	fp	0
1-CGGCGACGRCGA	STREME-1	6.0e-004	NC_003888.3_3310375_-_unassigned	9.92	tp	1
1-CGGCGACGRCGA	STREME-1	6.0e-004	NC_003888.3_7177632_-_unassigned	9.90	tp	0
1-CGGCGACGRCGA	STREME-1	6.0e-004	NC_003888.3_2277664_-_unassigned	9.89	tp	0
1-CGGCGACGRCGA	STREME-1	6.0e-004	NC_003888.3_1423892_+_unassigned	9.88	fp	0
1-CGGCGACGRCGA	STREME-1	6.0e-004	NC_003888.3_8110105_-_unassigned	9.87	fp	0
1-CGGCGACGRCGA	STREME-1	6.0e-004	NC_003888.3_1902489_-_unassigned	9.87	tp	1
1-CGGCGACGRCGA	STREME-1	6.0e-004	NC_003888.3_7779906_+_unassigned	9.87	tp	0
1-CGGCGACGRCGA	STREME-1	6.0e-004	NC_003888.3_5496181_-_unassigned	9.85	tp	0
1-CGGCGACGRCGA	STREME-1	6.0e-004	NC_003888.3_327687_-_unassigned	9.85	tp	0
1-CGGCGACGRCGA	STREME-1	6.0e-004	NC_003888.3_7470570_-_unassigned	9.84	tp	0
1-CGGCGACGRCGA	STREME-1	6.0e-004	NC_003888.3_1502640_-_unassigned	9.83	fp	0
1-CGGCGACGRCGA	STREME-1	6.0e-004	NC_003888.3_1880053_-_unassigned	9.79	fp	1
1-CGGCGACGRCGA	STREME-1	6.0e-004	NC_003888.3_2444862_+_unassigned	9.77	tp	0
1-CGGCGACGRCGA	STREME-1	6.0e-004	NC_003888.3_6007831_+_unassigned	9.77	tp	1
1-CGGCGACGRCGA	STREME-1	6.0e-004	NC_003888.3_2552392_+_unassigned	9.76	tp	0
1-CGGCGACGRCGA	STREME-1	6.0e-004	NC_003888.3_106790_-_unassigned	9.74	fp	1
1-CGGCGACGRCGA	STREME-1	6.0e-004	NC_003888.3_8369790_+_unassigned	9.74	tp	0
1-CGGCGACGRCGA	STREME-1	6.0e-004	NC_003888.3_7774171_+_unassigned	9.72	tp	0
1-CGGCGACGRCGA	STREME-1	6.0e-004	NC_003888.3_8110105_-_unassigned	9.71	tp	0
1-CGGCGACGRCGA	STREME-1	6.0e-004	NC_003888.3_5334600_+_unassigned	9.71	tp	0
1-CGGCGACGRCGA	STREME-1	6.0e-004	NC_003888.3_7405103_+_unassigned	9.71	tp	0
1-CGGCGACGRCGA	STREME-1	6.0e-004	NC_003888.3_4393917_-_unassigned	9.70	tp	0
1-CGGCGACGRCGA	STREME-1	6.0e-004	NC_003888.3_4393916_-_unassigned	9.70	tp	0
1-CGGCGACGRCGA	STREME-1	6.0e-004	NC_003888.3_4393915_-_unassigned	9.70	tp	0
1-CGGCGACGRCGA	STREME-1	6.0e-004	NC_003888.3_1864431_+_unassigned	9.69	tp	0
1-CGGCGACGRCGA	STREME-1	6.0e-004	NC_003888.3_2708652_-_unassigned	9.69	fp	0
1-CGGCGACGRCGA	STREME-1	6.0e-004	NC_003888.3_298186_+_unassigned	9.69	tp	0
1-CGGCGACGRCGA	STREME-1	6.0e-004	NC_003888.3_444180_-_unassigned	9.69	tp	0
1-CGGCGACGRCGA	STREME-1	6.0e-004	NC_003888.3_7581016_-_unassigned	9.67	tp	0
1-CGGCGACGRCGA	STREME-1	6.0e-004	NC_003888.3_405808_+_unassigned	9.66	tp	0
1-CGGCGACGRCGA	STREME-1	6.0e-004	NC_003888.3_2337317_-_unassigned	9.66	tp	0
1-CGGCGACGRCGA	STREME-1	6.0e-004	NC_003888.3_3134954_+_unassigned	9.66	fp	0
1-CGGCGACGRCGA	STREME-1	6.0e-004	NC_003888.3_8078178_+_unassigned	9.66	tp	1
1-CGGCGACGRCGA	STREME-1	6.0e-004	NC_003888.3_3443174_+_unassigned	9.63	fp	0
1-CGGCGACGRCGA	STREME-1	6.0e-004	NC_003888.3_5598032_+_unassigned	9.63	fp	0
1-CGGCGACGRCGA	STREME-1	6.0e-004	NC_003888.3_8000724_-_unassigned	9.63	tp	0
1-CGGCGACGRCGA	STREME-1	6.0e-004	NC_003888.3_2529549_-_unassigned	9.63	tp	0
1-CGGCGACGRCGA	STREME-1	6.0e-004	NC_003888.3_5974526_+_unassigned	9.63	tp	0
1-CGGCGACGRCGA	STREME-1	6.0e-004	NC_003888.3_1568521_+_unassigned	9.61	tp	1
1-CGGCGACGRCGA	STREME-1	6.0e-004	NC_003888.3_7849061_+_unassigned	9.61	tp	1
1-CGGCGACGRCGA	STREME-1	6.0e-004	NC_003888.3_5680449_+_unassigned	9.61	fp	0
1-CGGCGACGRCGA	STREME-1	6.0e-004	NC_003888.3_6096932_-_unassigned	9.61	fp	0
1-CGGCGACGRCGA	STREME-1	6.0e-004	NC_003888.3_763095_+_unassigned	9.60	tp	0
1-CGGCGACGRCGA	STREME-1	6.0e-004	NC_003888.3_7867253_+_unassigned	9.60	fp	0
1-CGGCGACGRCGA	STREME-1	6.0e-004	NC_003888.3_4575653_-_unassigned	9.59	fp	0
1-CGGCGACGRCGA	STREME-1	6.0e-004	NC_003888.3_7987935_+_unassigned	9.59	tp	0
1-CGGCGACGRCGA	STREME-1	6.0e-004	NC_003888.3_8504282_-_unassigned	9.59	tp	0
1-CGGCGACGRCGA	STREME-1	6.0e-004	NC_003888.3_4019267_-_unassigned	9.58	tp	0
1-CGGCGACGRCGA	STREME-1	6.0e-004	NC_003888.3_5945248_+_unassigned	9.58	tp	0
1-CGGCGACGRCGA	STREME-1	6.0e-004	NC_003888.3_2963085_-_unassigned	9.57	tp	0
1-CGGCGACGRCGA	STREME-1	6.0e-004	NC_003888.3_6793385_+_unassigned	9.57	tp	0
1-CGGCGACGRCGA	STREME-1	6.0e-004	NC_003888.3_2103920_-_unassigned	9.57	tp	0
1-CGGCGACGRCGA	STREME-1	6.0e-004	NC_003888.3_447781_-_unassigned	9.56	tp	0
1-CGGCGACGRCGA	STREME-1	6.0e-004	NC_003888.3_910835_-_unassigned	9.56	fp	0
1-CGGCGACGRCGA	STREME-1	6.0e-004	NC_003888.3_2500194_+_unassigned	9.56	tp	0
1-CGGCGACGRCGA	STREME-1	6.0e-004	NC_003888.3_5689064_+_unassigned	9.55	tp	0
1-CGGCGACGRCGA	STREME-1	6.0e-004	NC_003888.3_7093656_+_unassigned	9.54	fp	0
1-CGGCGACGRCGA	STREME-1	6.0e-004	NC_003888.3_7026075_-_unassigned	9.51	fp	0
1-CGGCGACGRCGA	STREME-1	6.0e-004	NC_003888.3_3377085_-_unassigned	9.51	tp	0
1-CGGCGACGRCGA	STREME-1	6.0e-004	NC_003888.3_4881945_+_unassigned	9.50	tp	0
1-CGGCGACGRCGA	STREME-1	6.0e-004	NC_003888.3_8546251_-_unassigned	9.49	tp	0
1-CGGCGACGRCGA	STREME-1	6.0e-004	NC_003888.3_8459897_+_unassigned	9.49	fp	0
1-CGGCGACGRCGA	STREME-1	6.0e-004	NC_003888.3_502432_+_unassigned	9.46	tp	0
1-CGGCGACGRCGA	STREME-1	6.0e-004	NC_003888.3_1579781_-_unassigned	9.46	tp	0
1-CGGCGACGRCGA	STREME-1	6.0e-004	NC_003888.3_3078100_+_unassigned	9.44	tp	0
1-CGGCGACGRCGA	STREME-1	6.0e-004	NC_003888.3_6020283_+_unassigned	9.44	tp	1
1-CGGCGACGRCGA	STREME-1	6.0e-004	NC_003888.3_7795940_-_unassigned	9.43	fp	0
1-CGGCGACGRCGA	STREME-1	6.0e-004	NC_003888.3_2393892_-_unassigned	9.42	tp	0
1-CGGCGACGRCGA	STREME-1	6.0e-004	NC_003888.3_2795280_-_unassigned	9.41	fp	0
1-CGGCGACGRCGA	STREME-1	6.0e-004	NC_003888.3_7594157_-_unassigned	9.38	tp	0
1-CGGCGACGRCGA	STREME-1	6.0e-004	NC_003888.3_1282534_-_unassigned	9.38	tp	0
1-CGGCGACGRCGA	STREME-1	6.0e-004	NC_003888.3_1761849_+_unassigned	9.37	tp	0
1-CGGCGACGRCGA	STREME-1	6.0e-004	NC_003888.3_1309926_-_unassigned	9.37	tp	0
1-CGGCGACGRCGA	STREME-1	6.0e-004	NC_003888.3_3987460_+_unassigned	9.35	tp	0
1-CGGCGACGRCGA	STREME-1	6.0e-004	NC_003888.3_3397992_-_unassigned	9.35	tp	0
1-CGGCGACGRCGA	STREME-1	6.0e-004	NC_003888.3_1695031_-_unassigned	9.35	tp	0
1-CGGCGACGRCGA	STREME-1	6.0e-004	NC_003888.3_1955709_+_unassigned	9.32	fp	0
1-CGGCGACGRCGA	STREME-1	6.0e-004	NC_003888.3_6899899_+_unassigned	9.32	tp	0
1-CGGCGACGRCGA	STREME-1	6.0e-004	NC_003888.3_3325966_-_unassigned	9.31	tp	0
1-CGGCGACGRCGA	STREME-1	6.0e-004	NC_003888.3_1806483_-_unassigned	9.31	tp	0
1-CGGCGACGRCGA	STREME-1	6.0e-004	NC_003888.3_8351727_+_unassigned	9.31	fp	0
1-CGGCGACGRCGA	STREME-1	6.0e-004	NC_003888.3_4444850_-_unassigned	9.31	tp	0
1-CGGCGACGRCGA	STREME-1	6.0e-004	NC_003888.3_4542469_-_unassigned	9.31	tp	0
1-CGGCGACGRCGA	STREME-1	6.0e-004	NC_003888.3_6813688_-_unassigned	9.28	tp	0
1-CGGCGACGRCGA	STREME-1	6.0e-004	NC_003888.3_3291265_+_unassigned	9.26	tp	0
1-CGGCGACGRCGA	STREME-1	6.0e-004	NC_003888.3_8045711_-_unassigned	9.26	fp	0
1-CGGCGACGRCGA	STREME-1	6.0e-004	NC_003888.3_7106922_+_unassigned	9.26	fp	0
1-CGGCGACGRCGA	STREME-1	6.0e-004	NC_003888.3_176720_+_unassigned	9.26	tp	0
1-CGGCGACGRCGA	STREME-1	6.0e-004	NC_003888.3_4187289_+_unassigned	9.24	tp	0
1-CGGCGACGRCGA	STREME-1	6.0e-004	NC_003888.3_5174992_-_unassigned	9.23	fp	0
1-CGGCGACGRCGA	STREME-1	6.0e-004	NC_003888.3_5441559_-_unassigned	9.22	tp	0
1-CGGCGACGRCGA	STREME-1	6.0e-004	NC_003888.3_4020295_+_unassigned	9.21	tp	0
1-CGGCGACGRCGA	STREME-1	6.0e-004	NC_003888.3_23405_+_unassigned	9.20	tp	0
1-CGGCGACGRCGA	STREME-1	6.0e-004	NC_003888.3_1860750_+_unassigned	9.20	tp	0
1-CGGCGACGRCGA	STREME-1	6.0e-004	NC_003888.3_1168398_+_unassigned	9.20	tp	1
1-CGGCGACGRCGA	STREME-1	6.0e-004	NC_003888.3_1044730_-_unassigned	9.19	tp	0
1-CGGCGACGRCGA	STREME-1	6.0e-004	NC_003888.3_7394772_-_unassigned	9.19	tp	0
1-CGGCGACGRCGA	STREME-1	6.0e-004	NC_003888.3_8660178_+_unassigned	9.18	tp	0
1-CGGCGACGRCGA	STREME-1	6.0e-004	NC_003888.3_8006561_-_unassigned	9.18	tp	0
1-CGGCGACGRCGA	STREME-1	6.0e-004	NC_003888.3_6186825_+_unassigned	9.16	tp	1
1-CGGCGACGRCGA	STREME-1	6.0e-004	NC_003888.3_8658796_-_unassigned	9.16	fp	0
1-CGGCGACGRCGA	STREME-1	6.0e-004	NC_003888.3_8437092_-_unassigned	9.15	fp	0
1-CGGCGACGRCGA	STREME-1	6.0e-004	NC_003888.3_5999587_+_unassigned	9.15	fp	0
1-CGGCGACGRCGA	STREME-1	6.0e-004	NC_003888.3_3309511_-_unassigned	9.15	tp	1
1-CGGCGACGRCGA	STREME-1	6.0e-004	NC_003888.3_4972750_+_unassigned	9.15	fp	0
1-CGGCGACGRCGA	STREME-1	6.0e-004	NC_003888.3_2831607_-_unassigned	9.14	tp	0
1-CGGCGACGRCGA	STREME-1	6.0e-004	NC_003888.3_3382708_+_unassigned	9.13	tp	0
1-CGGCGACGRCGA	STREME-1	6.0e-004	NC_003888.3_8409962_-_unassigned	9.13	tp	0
1-CGGCGACGRCGA	STREME-1	6.0e-004	NC_003888.3_5175831_-_unassigned	9.13	fp	0
1-CGGCGACGRCGA	STREME-1	6.0e-004	NC_003888.3_6378711_-_unassigned	9.13	tp	0
1-CGGCGACGRCGA	STREME-1	6.0e-004	NC_003888.3_7125647_+_unassigned	9.11	tp	0
1-CGGCGACGRCGA	STREME-1	6.0e-004	NC_003888.3_8375902_+_unassigned	9.11	tp	0
1-CGGCGACGRCGA	STREME-1	6.0e-004	NC_003888.3_3641554_+_unassigned	9.08	fp	0
1-CGGCGACGRCGA	STREME-1	6.0e-004	NC_003888.3_8244288_+_unassigned	9.08	tp	0
1-CGGCGACGRCGA	STREME-1	6.0e-004	NC_003888.3_6262129_+_unassigned	9.07	tp	0
1-CGGCGACGRCGA	STREME-1	6.0e-004	NC_003888.3_4493600_-_unassigned	9.07	tp	0
1-CGGCGACGRCGA	STREME-1	6.0e-004	NC_003888.3_5785294_-_unassigned	9.06	fp	0
1-CGGCGACGRCGA	STREME-1	6.0e-004	NC_003888.3_613833_-_unassigned	9.04	tp	0
1-CGGCGACGRCGA	STREME-1	6.0e-004	NC_003888.3_6547212_+_unassigned	9.04	tp	0
1-CGGCGACGRCGA	STREME-1	6.0e-004	NC_003888.3_1742556_-_unassigned	9.02	tp	1
1-CGGCGACGRCGA	STREME-1	6.0e-004	NC_003888.3_3228595_-_unassigned	9.01	tp	0
1-CGGCGACGRCGA	STREME-1	6.0e-004	NC_003888.3_1716187_-_unassigned	9.01	tp	0
1-CGGCGACGRCGA	STREME-1	6.0e-004	NC_003888.3_8290859_+_unassigned	9.01	tp	0
1-CGGCGACGRCGA	STREME-1	6.0e-004	NC_003888.3_2865031_-_unassigned	8.98	tp	0
1-CGGCGACGRCGA	STREME-1	6.0e-004	NC_003888.3_3561649_+_unassigned	8.98	tp	0
1-CGGCGACGRCGA	STREME-1	6.0e-004	NC_003888.3_2865032_-_unassigned	8.98	tp	1
1-CGGCGACGRCGA	STREME-1	6.0e-004	NC_003888.3_5952699_+_unassigned	8.98	tp	0
1-CGGCGACGRCGA	STREME-1	6.0e-004	NC_003888.3_6794413_-_unassigned	8.98	tp	0
1-CGGCGACGRCGA	STREME-1	6.0e-004	NC_003888.3_7799101_+_unassigned	8.97	tp	0
1-CGGCGACGRCGA	STREME-1	6.0e-004	NC_003888.3_5515781_+_unassigned	8.96	tp	0
1-CGGCGACGRCGA	STREME-1	6.0e-004	NC_003888.3_6797460_+_unassigned	8.96	fp	0
1-CGGCGACGRCGA	STREME-1	6.0e-004	NC_003888.3_6486297_-_unassigned	8.95	tp	0
1-CGGCGACGRCGA	STREME-1	6.0e-004	NC_003888.3_796027_-_unassigned	8.95	fp	0
1-CGGCGACGRCGA	STREME-1	6.0e-004	NC_003888.3_621343_-_unassigned	8.95	tp	0
1-CGGCGACGRCGA	STREME-1	6.0e-004	NC_003888.3_7080932_+_unassigned	8.94	fp	0
1-CGGCGACGRCGA	STREME-1	6.0e-004	NC_003888.3_6479433_+_unassigned	8.94	tp	0
1-CGGCGACGRCGA	STREME-1	6.0e-004	NC_003888.3_5970629_-_unassigned	8.94	tp	0
1-CGGCGACGRCGA	STREME-1	6.0e-004	NC_003888.3_5090744_+_unassigned	8.94	tp	0
1-CGGCGACGRCGA	STREME-1	6.0e-004	NC_003888.3_5090745_+_unassigned	8.94	tp	0
1-CGGCGACGRCGA	STREME-1	6.0e-004	NC_003888.3_1857148_-_unassigned	8.94	fp	0
1-CGGCGACGRCGA	STREME-1	6.0e-004	NC_003888.3_8164067_+_unassigned	8.91	fp	0
1-CGGCGACGRCGA	STREME-1	6.0e-004	NC_003888.3_5423218_+_unassigned	8.91	tp	0
1-CGGCGACGRCGA	STREME-1	6.0e-004	NC_003888.3_2162258_-_unassigned	8.91	tp	0
1-CGGCGACGRCGA	STREME-1	6.0e-004	NC_003888.3_467033_+_unassigned	8.91	tp	0
1-CGGCGACGRCGA	STREME-1	6.0e-004	NC_003888.3_1838616_-_unassigned	8.91	tp	0
1-CGGCGACGRCGA	STREME-1	6.0e-004	NC_003888.3_6924937_-_unassigned	8.90	fp	0
1-CGGCGACGRCGA	STREME-1	6.0e-004	NC_003888.3_1805037_-_unassigned	8.90	tp	0
1-CGGCGACGRCGA	STREME-1	6.0e-004	NC_003888.3_5997627_-_unassigned	8.89	tp	0
1-CGGCGACGRCGA	STREME-1	6.0e-004	NC_003888.3_4669533_+_unassigned	8.89	tp	0
1-CGGCGACGRCGA	STREME-1	6.0e-004	NC_003888.3_4669535_+_unassigned	8.89	tp	1
1-CGGCGACGRCGA	STREME-1	6.0e-004	NC_003888.3_7404872_-_unassigned	8.89	tp	1
1-CGGCGACGRCGA	STREME-1	6.0e-004	NC_003888.3_1200439_+_unassigned	8.89	fp	0
1-CGGCGACGRCGA	STREME-1	6.0e-004	NC_003888.3_1756387_+_unassigned	8.88	tp	0
1-CGGCGACGRCGA	STREME-1	6.0e-004	NC_003888.3_2925067_-_unassigned	8.88	tp	0
1-CGGCGACGRCGA	STREME-1	6.0e-004	NC_003888.3_3546311_-_unassigned	8.86	tp	0
1-CGGCGACGRCGA	STREME-1	6.0e-004	NC_003888.3_5198268_+_unassigned	8.86	fp	1
1-CGGCGACGRCGA	STREME-1	6.0e-004	NC_003888.3_4992644_+_unassigned	8.83	tp	0
1-CGGCGACGRCGA	STREME-1	6.0e-004	NC_003888.3_8537334_+_unassigned	8.83	fp	0
1-CGGCGACGRCGA	STREME-1	6.0e-004	NC_003888.3_1178228_-_unassigned	8.83	fp	0
1-CGGCGACGRCGA	STREME-1	6.0e-004	NC_003888.3_355330_+_unassigned	8.83	fp	1
1-CGGCGACGRCGA	STREME-1	6.0e-004	NC_003888.3_3011319_-_unassigned	8.80	tp	0
1-CGGCGACGRCGA	STREME-1	6.0e-004	NC_003888.3_1168398_+_unassigned	8.78	fp	1
1-CGGCGACGRCGA	STREME-1	6.0e-004	NC_003888.3_6297352_+_unassigned	8.78	fp	0
1-CGGCGACGRCGA	STREME-1	6.0e-004	NC_003888.3_5596192_+_unassigned	8.78	fp	0
1-CGGCGACGRCGA	STREME-1	6.0e-004	NC_003888.3_8033111_+_unassigned	8.77	tp	0
1-CGGCGACGRCGA	STREME-1	6.0e-004	NC_003888.3_2635678_-_unassigned	8.77	tp	0
1-CGGCGACGRCGA	STREME-1	6.0e-004	NC_003888.3_191485_+_unassigned	8.77	fp	0
1-CGGCGACGRCGA	STREME-1	6.0e-004	NC_003888.3_6959809_-_unassigned	8.76	tp	0
1-CGGCGACGRCGA	STREME-1	6.0e-004	NC_003888.3_4109812_-_unassigned	8.75	tp	0
1-CGGCGACGRCGA	STREME-1	6.0e-004	NC_003888.3_5114951_+_unassigned	8.74	tp	0
1-CGGCGACGRCGA	STREME-1	6.0e-004	NC_003888.3_8351727_+_unassigned	8.74	tp	0
1-CGGCGACGRCGA	STREME-1	6.0e-004	NC_003888.3_255491_-_unassigned	8.72	tp	0
1-CGGCGACGRCGA	STREME-1	6.0e-004	NC_003888.3_7268057_+_unassigned	8.72	tp	0
1-CGGCGACGRCGA	STREME-1	6.0e-004	NC_003888.3_3709581_-_unassigned	8.72	tp	0
1-CGGCGACGRCGA	STREME-1	6.0e-004	NC_003888.3_5319695_+_unassigned	8.72	tp	0
1-CGGCGACGRCGA	STREME-1	6.0e-004	NC_003888.3_1304284_-_unassigned	8.71	tp	0
1-CGGCGACGRCGA	STREME-1	6.0e-004	NC_003888.3_1842726_+_unassigned	8.71	fp	0
1-CGGCGACGRCGA	STREME-1	6.0e-004	NC_003888.3_8609981_+_unassigned	8.71	fp	0
1-CGGCGACGRCGA	STREME-1	6.0e-004	NC_003888.3_1822255_-_unassigned	8.70	tp	0
1-CGGCGACGRCGA	STREME-1	6.0e-004	NC_003888.3_8195498_-_unassigned	8.67	tp	0
1-CGGCGACGRCGA	STREME-1	6.0e-004	NC_003888.3_7446017_+_unassigned	8.67	tp	0
1-CGGCGACGRCGA	STREME-1	6.0e-004	NC_003888.3_7499515_+_unassigned	8.65	tp	0
1-CGGCGACGRCGA	STREME-1	6.0e-004	NC_003888.3_7522862_+_unassigned	8.64	fp	0
1-CGGCGACGRCGA	STREME-1	6.0e-004	NC_003888.3_4227830_+_unassigned	8.63	fp	0
1-CGGCGACGRCGA	STREME-1	6.0e-004	NC_003888.3_7926613_+_unassigned	8.61	tp	0
1-CGGCGACGRCGA	STREME-1	6.0e-004	NC_003888.3_2977494_-_unassigned	8.61	tp	0
1-CGGCGACGRCGA	STREME-1	6.0e-004	NC_003888.3_4542387_-_unassigned	8.61	tp	0
1-CGGCGACGRCGA	STREME-1	6.0e-004	NC_003888.3_2802501_+_unassigned	8.61	tp	0
1-CGGCGACGRCGA	STREME-1	6.0e-004	NC_003888.3_3597047_-_unassigned	8.61	tp	1
1-CGGCGACGRCGA	STREME-1	6.0e-004	NC_003888.3_2500194_+_unassigned	8.61	fp	1
1-CGGCGACGRCGA	STREME-1	6.0e-004	NC_003888.3_4127605_-_unassigned	8.60	fp	0
1-CGGCGACGRCGA	STREME-1	6.0e-004	NC_003888.3_5632144_-_unassigned	8.60	tp	1
1-CGGCGACGRCGA	STREME-1	6.0e-004	NC_003888.3_2791544_-_unassigned	8.59	fp	0
1-CGGCGACGRCGA	STREME-1	6.0e-004	NC_003888.3_946272_+_unassigned	8.58	fp	0
1-CGGCGACGRCGA	STREME-1	6.0e-004	NC_003888.3_5637791_+_unassigned	8.58	tp	0
1-CGGCGACGRCGA	STREME-1	6.0e-004	NC_003888.3_6789358_+_unassigned	8.58	fp	0
1-CGGCGACGRCGA	STREME-1	6.0e-004	NC_003888.3_3826784_+_unassigned	8.58	fp	0
1-CGGCGACGRCGA	STREME-1	6.0e-004	NC_003888.3_8218465_-_unassigned	8.57	tp	0
1-CGGCGACGRCGA	STREME-1	6.0e-004	NC_003888.3_5681483_-_unassigned	8.56	fp	0
1-CGGCGACGRCGA	STREME-1	6.0e-004	NC_003888.3_8356903_+_unassigned	8.53	tp	0
1-CGGCGACGRCGA	STREME-1	6.0e-004	NC_003888.3_7409779_+_unassigned	8.53	tp	0
1-CGGCGACGRCGA	STREME-1	6.0e-004	NC_003888.3_5598050_+_unassigned	8.53	tp	0
1-CGGCGACGRCGA	STREME-1	6.0e-004	NC_003888.3_5197971_+_unassigned	8.52	tp	0
1-CGGCGACGRCGA	STREME-1	6.0e-004	NC_003888.3_4840209_+_unassigned	8.50	tp	0
1-CGGCGACGRCGA	STREME-1	6.0e-004	NC_003888.3_4840246_+_unassigned	8.50	tp	0
1-CGGCGACGRCGA	STREME-1	6.0e-004	NC_003888.3_8237750_-_unassigned	8.50	fp	0
1-CGGCGACGRCGA	STREME-1	6.0e-004	NC_003888.3_3397992_-_unassigned	8.49	fp	0
1-CGGCGACGRCGA	STREME-1	6.0e-004	NC_003888.3_7190211_+_unassigned	8.49	tp	0
1-CGGCGACGRCGA	STREME-1	6.0e-004	NC_003888.3_3291265_+_unassigned	8.48	fp	0
1-CGGCGACGRCGA	STREME-1	6.0e-004	NC_003888.3_3897444_+_unassigned	8.48	tp	0
1-CGGCGACGRCGA	STREME-1	6.0e-004	NC_003888.3_7774171_+_unassigned	8.48	fp	0
1-CGGCGACGRCGA	STREME-1	6.0e-004	NC_003888.3_1061032_+_unassigned	8.47	tp	0
1-CGGCGACGRCGA	STREME-1	6.0e-004	NC_003888.3_8609981_+_unassigned	8.47	tp	0
1-CGGCGACGRCGA	STREME-1	6.0e-004	NC_003888.3_3007179_-_unassigned	8.47	tp	0
1-CGGCGACGRCGA	STREME-1	6.0e-004	NC_003888.3_7058660_+_unassigned	8.47	tp	0
1-CGGCGACGRCGA	STREME-1	6.0e-004	NC_003888.3_3628889_-_unassigned	8.47	tp	0
1-CGGCGACGRCGA	STREME-1	6.0e-004	NC_003888.3_8549540_+_unassigned	8.46	tp	0
1-CGGCGACGRCGA	STREME-1	6.0e-004	NC_003888.3_6347254_+_unassigned	8.46	fp	1
1-CGGCGACGRCGA	STREME-1	6.0e-004	NC_003888.3_2660835_-_unassigned	8.46	fp	0
1-CGGCGACGRCGA	STREME-1	6.0e-004	NC_003888.3_2076585_-_unassigned	8.45	fp	0
1-CGGCGACGRCGA	STREME-1	6.0e-004	NC_003888.3_4132126_-_unassigned	8.45	tp	0
1-CGGCGACGRCGA	STREME-1	6.0e-004	NC_003888.3_1571928_+_unassigned	8.45	tp	0
1-CGGCGACGRCGA	STREME-1	6.0e-004	NC_003888.3_7272283_+_unassigned	8.44	tp	0
1-CGGCGACGRCGA	STREME-1	6.0e-004	NC_003888.3_4805516_+_unassigned	8.43	tp	0
1-CGGCGACGRCGA	STREME-1	6.0e-004	NC_003888.3_7952285_-_unassigned	8.42	tp	0
1-CGGCGACGRCGA	STREME-1	6.0e-004	NC_003888.3_211143_+_unassigned	8.42	tp	0
1-CGGCGACGRCGA	STREME-1	6.0e-004	NC_003888.3_1390931_-_unassigned	8.42	tp	1
1-CGGCGACGRCGA	STREME-1	6.0e-004	NC_003888.3_8029959_-_unassigned	8.42	fp	0
1-CGGCGACGRCGA	STREME-1	6.0e-004	NC_003888.3_5597295_+_unassigned	8.41	fp	0
1-CGGCGACGRCGA	STREME-1	6.0e-004	NC_003888.3_2152772_+_unassigned	8.40	fp	0
1-CGGCGACGRCGA	STREME-1	6.0e-004	NC_003888.3_6958557_-_unassigned	8.40	fp	0
1-CGGCGACGRCGA	STREME-1	6.0e-004	NC_003888.3_6115116_+_unassigned	8.40	tp	0
1-CGGCGACGRCGA	STREME-1	6.0e-004	NC_003888.3_7008122_-_unassigned	8.39	tp	0
1-CGGCGACGRCGA	STREME-1	6.0e-004	NC_003888.3_7290476_-_unassigned	8.39	tp	0
1-CGGCGACGRCGA	STREME-1	6.0e-004	NC_003888.3_3031834_+_unassigned	8.39	fp	0
1-CGGCGACGRCGA	STREME-1	6.0e-004	NC_003888.3_29409_+_unassigned	8.37	tp	1
1-CGGCGACGRCGA	STREME-1	6.0e-004	NC_003888.3_6004403_+_unassigned	8.37	tp	1
1-CGGCGACGRCGA	STREME-1	6.0e-004	NC_003888.3_2888458_-_unassigned	8.36	tp	0
1-CGGCGACGRCGA	STREME-1	6.0e-004	NC_003888.3_1842726_+_unassigned	8.36	tp	0
1-CGGCGACGRCGA	STREME-1	6.0e-004	NC_003888.3_1895492_-_unassigned	8.36	fp	0
1-CGGCGACGRCGA	STREME-1	6.0e-004	NC_003888.3_3310173_-_unassigned	8.35	tp	1
1-CGGCGACGRCGA	STREME-1	6.0e-004	NC_003888.3_1425559_-_unassigned	8.34	tp	0
1-CGGCGACGRCGA	STREME-1	6.0e-004	NC_003888.3_7817291_+_unassigned	8.34	tp	0
1-CGGCGACGRCGA	STREME-1	6.0e-004	NC_003888.3_1438781_+_unassigned	8.34	tp	0
1-CGGCGACGRCGA	STREME-1	6.0e-004	NC_003888.3_380076_+_unassigned	8.33	tp	0
1-CGGCGACGRCGA	STREME-1	6.0e-004	NC_003888.3_1061032_+_unassigned	8.33	fp	0
1-CGGCGACGRCGA	STREME-1	6.0e-004	NC_003888.3_8182129_+_unassigned	8.32	tp	0
1-CGGCGACGRCGA	STREME-1	6.0e-004	NC_003888.3_1731174_-_unassigned	8.32	tp	0
1-CGGCGACGRCGA	STREME-1	6.0e-004	NC_003888.3_879921_-_unassigned	8.32	tp	1
1-CGGCGACGRCGA	STREME-1	6.0e-004	NC_003888.3_6621566_-_unassigned	8.32	tp	0
1-CGGCGACGRCGA	STREME-1	6.0e-004	NC_003888.3_533344_+_unassigned	8.31	fp	0
1-CGGCGACGRCGA	STREME-1	6.0e-004	NC_003888.3_7902769_-_unassigned	8.31	tp	1
1-CGGCGACGRCGA	STREME-1	6.0e-004	NC_003888.3_5131916_+_unassigned	8.30	tp	0
1-CGGCGACGRCGA	STREME-1	6.0e-004	NC_003888.3_7732926_+_unassigned	8.30	tp	0
1-CGGCGACGRCGA	STREME-1	6.0e-004	NC_003888.3_2775409_+_unassigned	8.30	tp	0
1-CGGCGACGRCGA	STREME-1	6.0e-004	NC_003888.3_7048059_+_unassigned	8.29	tp	0
1-CGGCGACGRCGA	STREME-1	6.0e-004	NC_003888.3_582571_+_unassigned	8.28	tp	0
1-CGGCGACGRCGA	STREME-1	6.0e-004	NC_003888.3_584030_-_unassigned	8.27	fp	0
1-CGGCGACGRCGA	STREME-1	6.0e-004	NC_003888.3_3008931_-_unassigned	8.26	tp	0
1-CGGCGACGRCGA	STREME-1	6.0e-004	NC_003888.3_8431648_+_unassigned	8.25	fp	0
1-CGGCGACGRCGA	STREME-1	6.0e-004	NC_003888.3_6000626_+_unassigned	8.24	fp	0
1-CGGCGACGRCGA	STREME-1	6.0e-004	NC_003888.3_3258524_+_unassigned	8.21	tp	0
1-CGGCGACGRCGA	STREME-1	6.0e-004	NC_003888.3_3250032_+_unassigned	8.21	fp	0
1-CGGCGACGRCGA	STREME-1	6.0e-004	NC_003888.3_7828778_+_unassigned	8.21	tp	0
1-CGGCGACGRCGA	STREME-1	6.0e-004	NC_003888.3_2408510_-_unassigned	8.20	tp	0
1-CGGCGACGRCGA	STREME-1	6.0e-004	NC_003888.3_1104421_-_unassigned	8.19	tp	1
1-CGGCGACGRCGA	STREME-1	6.0e-004	NC_003888.3_2994005_+_unassigned	8.19	tp	0
1-CGGCGACGRCGA	STREME-1	6.0e-004	NC_003888.3_8149344_-_unassigned	8.19	fp	0
1-CGGCGACGRCGA	STREME-1	6.0e-004	NC_003888.3_7380011_+_unassigned	8.18	tp	0
1-CGGCGACGRCGA	STREME-1	6.0e-004	NC_003888.3_7380013_+_unassigned	8.18	tp	0
1-CGGCGACGRCGA	STREME-1	6.0e-004	NC_003888.3_7380010_+_unassigned	8.18	tp	1
1-CGGCGACGRCGA	STREME-1	6.0e-004	NC_003888.3_24113_+_unassigned	8.17	fp	0
1-CGGCGACGRCGA	STREME-1	6.0e-004	NC_003888.3_1991764_+_unassigned	8.16	tp	0
1-CGGCGACGRCGA	STREME-1	6.0e-004	NC_003888.3_6186825_+_unassigned	8.16	fp	0
1-CGGCGACGRCGA	STREME-1	6.0e-004	NC_003888.3_594019_-_unassigned	8.15	tp	0
1-CGGCGACGRCGA	STREME-1	6.0e-004	NC_003888.3_2354861_-_unassigned	8.15	tp	0
1-CGGCGACGRCGA	STREME-1	6.0e-004	NC_003888.3_7519727_+_unassigned	8.15	tp	0
1-CGGCGACGRCGA	STREME-1	6.0e-004	NC_003888.3_7365585_+_unassigned	8.15	fp	0
1-CGGCGACGRCGA	STREME-1	6.0e-004	NC_003888.3_5886952_+_unassigned	8.13	tp	0
1-CGGCGACGRCGA	STREME-1	6.0e-004	NC_003888.3_1016849_-_unassigned	8.13	fp	0
1-CGGCGACGRCGA	STREME-1	6.0e-004	NC_003888.3_6577387_+_unassigned	8.13	tp	0
1-CGGCGACGRCGA	STREME-1	6.0e-004	NC_003888.3_5577930_+_unassigned	8.13	fp	0
1-CGGCGACGRCGA	STREME-1	6.0e-004	NC_003888.3_4816851_-_unassigned	8.13	tp	0
1-CGGCGACGRCGA	STREME-1	6.0e-004	NC_003888.3_5793019_-_unassigned	8.12	tp	0
1-CGGCGACGRCGA	STREME-1	6.0e-004	NC_003888.3_1212527_+_unassigned	8.11	tp	0
1-CGGCGACGRCGA	STREME-1	6.0e-004	NC_003888.3_7058660_+_unassigned	8.11	fp	0
1-CGGCGACGRCGA	STREME-1	6.0e-004	NC_003888.3_1502640_-_unassigned	8.10	tp	0
1-CGGCGACGRCGA	STREME-1	6.0e-004	NC_003888.3_7211567_+_unassigned	8.10	fp	0
1-CGGCGACGRCGA	STREME-1	6.0e-004	NC_003888.3_5227475_+_unassigned	8.10	fp	0
1-CGGCGACGRCGA	STREME-1	6.0e-004	NC_003888.3_7667977_+_unassigned	8.10	fp	0
1-CGGCGACGRCGA	STREME-1	6.0e-004	NC_003888.3_6797460_+_unassigned	8.08	tp	0
1-CGGCGACGRCGA	STREME-1	6.0e-004	NC_003888.3_7250965_+_unassigned	8.07	tp	0
1-CGGCGACGRCGA	STREME-1	6.0e-004	NC_003888.3_51943_+_unassigned	8.06	tp	0
1-CGGCGACGRCGA	STREME-1	6.0e-004	NC_003888.3_6222849_+_unassigned	8.06	tp	1
1-CGGCGACGRCGA	STREME-1	6.0e-004	NC_003888.3_7970330_-_unassigned	8.05	fp	0
1-CGGCGACGRCGA	STREME-1	6.0e-004	NC_003888.3_6827025_+_unassigned	8.05	tp	0
1-CGGCGACGRCGA	STREME-1	6.0e-004	NC_003888.3_500408_+_unassigned	8.04	tp	0
1-CGGCGACGRCGA	STREME-1	6.0e-004	NC_003888.3_4284349_-_unassigned	8.04	tp	0
1-CGGCGACGRCGA	STREME-1	6.0e-004	NC_003888.3_6475220_-_unassigned	8.04	fp	0
1-CGGCGACGRCGA	STREME-1	6.0e-004	NC_003888.3_3999824_-_unassigned	8.04	tp	0
1-CGGCGACGRCGA	STREME-1	6.0e-004	NC_003888.3_6301333_-_unassigned	8.04	tp	0
1-CGGCGACGRCGA	STREME-1	6.0e-004	NC_003888.3_3749405_+_unassigned	8.03	fp	0
1-CGGCGACGRCGA	STREME-1	6.0e-004	NC_003888.3_5201935_+_unassigned	8.03	fp	0
1-CGGCGACGRCGA	STREME-1	6.0e-004	NC_003888.3_2276520_+_unassigned	8.03	fp	0
1-CGGCGACGRCGA	STREME-1	6.0e-004	NC_003888.3_4660066_-_unassigned	8.02	tp	0
1-CGGCGACGRCGA	STREME-1	6.0e-004	NC_003888.3_3771769_-_unassigned	8.01	tp	0
1-CGGCGACGRCGA	STREME-1	6.0e-004	NC_003888.3_863569_-_unassigned	8.01	tp	0
1-CGGCGACGRCGA	STREME-1	6.0e-004	NC_003888.3_96883_+_unassigned	8.00	tp	0
1-CGGCGACGRCGA	STREME-1	6.0e-004	NC_003888.3_5261448_+_unassigned	8.00	fp	0
1-CGGCGACGRCGA	STREME-1	6.0e-004	NC_003888.3_6730736_-_unassigned	8.00	tp	0
1-CGGCGACGRCGA	STREME-1	6.0e-004	NC_003888.3_4832455_+_unassigned	8.00	fp	1
1-CGGCGACGRCGA	STREME-1	6.0e-004	NC_003888.3_2737856_-_unassigned	7.99	tp	0
1-CGGCGACGRCGA	STREME-1	6.0e-004	NC_003888.3_1029473_+_unassigned	7.98	tp	0
1-CGGCGACGRCGA	STREME-1	6.0e-004	NC_003888.3_5431248_+_unassigned	7.98	tp	0
1-CGGCGACGRCGA	STREME-1	6.0e-004	NC_003888.3_6377433_+_unassigned	7.98	tp	0
#
2-CAAGCCCGCCV	STREME-2	2.7e-003	NC_003888.3_5235829_+_unassigned	16.56	tp	0
2-CAAGCCCGCCV	STREME-2	2.7e-003	NC_003888.3_4840209_+_unassigned	16.56	tp	0
2-CAAGCCCGCCV	STREME-2	2.7e-003	NC_003888.3_4840246_+_unassigned	16.56	tp	0
2-CAAGCCCGCCV	STREME-2	2.7e-003	NC_003888.3_23405_+_unassigned	16.56	tp	0
2-CAAGCCCGCCV	STREME-2	2.7e-003	NC_003888.3_4848927_+_unassigned	16.44	tp	0
2-CAAGCCCGCCV	STREME-2	2.7e-003	NC_003888.3_6004403_+_unassigned	15.81	tp	1
2-CAAGCCCGCCV	STREME-2	2.7e-003	NC_003888.3_6842192_+_unassigned	15.76	tp	0
2-CAAGCCCGCCV	STREME-2	2.7e-003	NC_003888.3_5598032_+_unassigned	15.76	fp	0
2-CAAGCCCGCCV	STREME-2	2.7e-003	NC_003888.3_4712674_+_unassigned	15.08	tp	0
2-CAAGCCCGCCV	STREME-2	2.7e-003	NC_003888.3_5973456_-_unassigned	15.08	fp	0
2-CAAGCCCGCCV	STREME-2	2.7e-003	NC_003888.3_5598023_+_unassigned	15.08	fp	1
2-CAAGCCCGCCV	STREME-2	2.7e-003	NC_003888.3_3918011_+_unassigned	15.02	tp	0
2-CAAGCCCGCCV	STREME-2	2.7e-003	NC_003888.3_7808992_+_unassigned	14.81	tp	0
2-CAAGCCCGCCV	STREME-2	2.7e-003	NC_003888.3_4832455_+_unassigned	14.81	tp	0
2-CAAGCCCGCCV	STREME-2	2.7e-003	NC_003888.3_1178737_+_unassigned	14.81	tp	0
2-CAAGCCCGCCV	STREME-2	2.7e-003	NC_003888.3_837137_+_unassigned	14.81	tp	0
2-CAAGCCCGCCV	STREME-2	2.7e-003	NC_003888.3_4608283_+_unassigned	14.81	tp	0
2-CAAGCCCGCCV	STREME-2	2.7e-003	NC_003888.3_6812698_+_unassigned	14.81	tp	0
2-CAAGCCCGCCV	STREME-2	2.7e-003	NC_003888.3_4987805_+_unassigned	14.81	fp	0
2-CAAGCCCGCCV	STREME-2	2.7e-003	NC_003888.3_7365585_+_unassigned	14.64	tp	0
2-CAAGCCCGCCV	STREME-2	2.7e-003	NC_003888.3_5886952_+_unassigned	14.64	tp	0
2-CAAGCCCGCCV	STREME-2	2.7e-003	NC_003888.3_2922117_+_unassigned	14.64	tp	0
2-CAAGCCCGCCV	STREME-2	2.7e-003	NC_003888.3_5598050_+_unassigned	14.64	tp	0
2-CAAGCCCGCCV	STREME-2	2.7e-003	NC_003888.3_648438_+_unassigned	14.64	tp	0
2-CAAGCCCGCCV	STREME-2	2.7e-003	NC_003888.3_5598023_+_unassigned	14.64	tp	0
2-CAAGCCCGCCV	STREME-2	2.7e-003	NC_003888.3_4275123_+_unassigned	14.64	tp	0
2-CAAGCCCGCCV	STREME-2	2.7e-003	NC_003888.3_4339627_+_unassigned	14.64	tp	0
2-CAAGCCCGCCV	STREME-2	2.7e-003	NC_003888.3_7923186_+_unassigned	14.64	tp	0
2-CAAGCCCGCCV	STREME-2	2.7e-003	NC_003888.3_1249043_+_unassigned	14.64	tp	0
2-CAAGCCCGCCV	STREME-2	2.7e-003	NC_003888.3_7828778_+_unassigned	14.64	tp	0
2-CAAGCCCGCCV	STREME-2	2.7e-003	NC_003888.3_5598032_+_unassigned	14.64	tp	0
2-CAAGCCCGCCV	STREME-2	2.7e-003	NC_003888.3_946272_+_unassigned	14.64	tp	1
2-CAAGCCCGCCV	STREME-2	2.7e-003	NC_003888.3_8667368_+_unassigned	14.62	tp	0
2-CAAGCCCGCCV	STREME-2	2.7e-003	NC_003888.3_8479403_+_unassigned	14.62	tp	0
2-CAAGCCCGCCV	STREME-2	2.7e-003	NC_003888.3_138_-_unassigned	14.62	tp	0
2-CAAGCCCGCCV	STREME-2	2.7e-003	NC_003888.3_542610_+_unassigned	14.62	tp	0
2-CAAGCCCGCCV	STREME-2	2.7e-003	NC_003888.3_2444862_+_unassigned	14.54	tp	0
2-CAAGCCCGCCV	STREME-2	2.7e-003	NC_003888.3_7123328_+_unassigned	14.54	tp	0
2-CAAGCCCGCCV	STREME-2	2.7e-003	NC_003888.3_6082367_+_unassigned	14.54	tp	0
2-CAAGCCCGCCV	STREME-2	2.7e-003	NC_003888.3_6112592_+_unassigned	14.52	tp	0
2-CAAGCCCGCCV	STREME-2	2.7e-003	NC_003888.3_6879641_+_unassigned	14.52	tp	0
2-CAAGCCCGCCV	STREME-2	2.7e-003	NC_003888.3_4088375_+_unassigned	14.48	tp	0
2-CAAGCCCGCCV	STREME-2	2.7e-003	NC_003888.3_6596536_+_unassigned	14.48	tp	0
2-CAAGCCCGCCV	STREME-2	2.7e-003	NC_003888.3_7192538_+_unassigned	14.48	tp	0
2-CAAGCCCGCCV	STREME-2	2.7e-003	NC_003888.3_6527073_+_unassigned	14.48	tp	0
2-CAAGCCCGCCV	STREME-2	2.7e-003	NC_003888.3_6547212_+_unassigned	14.48	tp	0
2-CAAGCCCGCCV	STREME-2	2.7e-003	NC_003888.3_2410836_+_unassigned	14.48	tp	0
2-CAAGCCCGCCV	STREME-2	2.7e-003	NC_003888.3_7733955_+_unassigned	14.30	tp	0
2-CAAGCCCGCCV	STREME-2	2.7e-003	NC_003888.3_7733985_+_unassigned	14.30	tp	0
2-CAAGCCCGCCV	STREME-2	2.7e-003	NC_003888.3_910835_-_unassigned	14.27	tp	0
2-CAAGCCCGCCV	STREME-2	2.7e-003	NC_003888.3_3345421_+_unassigned	14.27	tp	1
2-CAAGCCCGCCV	STREME-2	2.7e-003	NC_003888.3_3038104_+_unassigned	14.25	tp	0
2-CAAGCCCGCCV	STREME-2	2.7e-003	NC_003888.3_5554072_+_unassigned	14.25	tp	0
2-CAAGCCCGCCV	STREME-2	2.7e-003	NC_003888.3_648246_+_unassigned	14.20	tp	0
2-CAAGCCCGCCV	STREME-2	2.7e-003	NC_003888.3_357889_+_unassigned	14.20	tp	0
2-CAAGCCCGCCV	STREME-2	2.7e-003	NC_003888.3_5598050_+_unassigned	14.20	fp	0
2-CAAGCCCGCCV	STREME-2	2.7e-003	NC_003888.3_5263060_+_unassigned	14.06	tp	0
2-CAAGCCCGCCV	STREME-2	2.7e-003	NC_003888.3_43753_+_unassigned	13.90	tp	0
2-CAAGCCCGCCV	STREME-2	2.7e-003	NC_003888.3_4987471_+_unassigned	13.76	tp	0
2-CAAGCCCGCCV	STREME-2	2.7e-003	NC_003888.3_4829045_+_unassigned	13.76	tp	0
2-CAAGCCCGCCV	STREME-2	2.7e-003	NC_003888.3_4916928_+_unassigned	13.76	fp	0
2-CAAGCCCGCCV	STREME-2	2.7e-003	NC_003888.3_946272_+_unassigned	13.76	fp	0
2-CAAGCCCGCCV	STREME-2	2.7e-003	NC_003888.3_7520822_+_unassigned	13.76	fp	0
2-CAAGCCCGCCV	STREME-2	2.7e-003	NC_003888.3_2559888_+_unassigned	13.55	tp	0
2-CAAGCCCGCCV	STREME-2	2.7e-003	NC_003888.3_4218807_+_unassigned	13.55	tp	0
2-CAAGCCCGCCV	STREME-2	2.7e-003	NC_003888.3_5693194_+_unassigned	13.55	tp	0
2-CAAGCCCGCCV	STREME-2	2.7e-003	NC_003888.3_6125183_+_unassigned	13.55	tp	1
2-CAAGCCCGCCV	STREME-2	2.7e-003	NC_003888.3_4669533_+_unassigned	13.44	tp	0
2-CAAGCCCGCCV	STREME-2	2.7e-003	NC_003888.3_4669535_+_unassigned	13.44	tp	1
2-CAAGCCCGCCV	STREME-2	2.7e-003	NC_003888.3_5241339_+_unassigned	13.39	tp	0
2-CAAGCCCGCCV	STREME-2	2.7e-003	NC_003888.3_3246648_+_unassigned	13.34	fp	0
2-CAAGCCCGCCV	STREME-2	2.7e-003	NC_003888.3_4588611_+_unassigned	13.26	tp	1
2-CAAGCCCGCCV	STREME-2	2.7e-003	NC_003888.3_5325244_+_unassigned	13.11	tp	0
2-CAAGCCCGCCV	STREME-2	2.7e-003	NC_003888.3_5190162_+_unassigned	13.11	tp	0
2-CAAGCCCGCCV	STREME-2	2.7e-003	NC_003888.3_3291265_+_unassigned	13.11	tp	0
2-CAAGCCCGCCV	STREME-2	2.7e-003	NC_003888.3_582571_+_unassigned	13.11	tp	0
2-CAAGCCCGCCV	STREME-2	2.7e-003	NC_003888.3_224082_+_unassigned	13.11	tp	0
2-CAAGCCCGCCV	STREME-2	2.7e-003	NC_003888.3_8305088_+_unassigned	13.11	tp	0
2-CAAGCCCGCCV	STREME-2	2.7e-003	NC_003888.3_736996_+_unassigned	13.11	fp	0
2-CAAGCCCGCCV	STREME-2	2.7e-003	NC_003888.3_3960369_+_unassigned	13.11	fp	0
2-CAAGCCCGCCV	STREME-2	2.7e-003	NC_003888.3_1146011_-_unassigned	13.11	tp	1
2-CAAGCCCGCCV	STREME-2	2.7e-003	NC_003888.3_3638361_+_unassigned	12.93	tp	0
2-CAAGCCCGCCV	STREME-2	2.7e-003	NC_003888.3_6216858_+_unassigned	12.93	tp	0
2-CAAGCCCGCCV	STREME-2	2.7e-003	NC_003888.3_3421908_+_unassigned	12.86	tp	0
2-CAAGCCCGCCV	STREME-2	2.7e-003	NC_003888.3_4168538_+_unassigned	12.80	tp	0
2-CAAGCCCGCCV	STREME-2	2.7e-003	NC_003888.3_7560763_+_unassigned	12.68	tp	0
2-CAAGCCCGCCV	STREME-2	2.7e-003	NC_003888.3_718697_+_unassigned	12.68	tp	0
2-CAAGCCCGCCV	STREME-2	2.7e-003	NC_003888.3_6260597_+_unassigned	12.68	tp	1
2-CAAGCCCGCCV	STREME-2	2.7e-003	NC_003888.3_5395917_+_unassigned	12.65	tp	0
2-CAAGCCCGCCV	STREME-2	2.7e-003	NC_003888.3_6144879_+_unassigned	12.65	tp	0
2-CAAGCCCGCCV	STREME-2	2.7e-003	NC_003888.3_4663819_+_unassigned	12.65	tp	0
2-CAAGCCCGCCV	STREME-2	2.7e-003	NC_003888.3_3035723_+_unassigned	12.64	fp	0
2-CAAGCCCGCCV	STREME-2	2.7e-003	NC_003888.3_4191016_+_unassigned	12.62	tp	0
2-CAAGCCCGCCV	STREME-2	2.7e-003	NC_003888.3_5597295_+_unassigned	12.52	tp	0
2-CAAGCCCGCCV	STREME-2	2.7e-003	NC_003888.3_4881945_+_unassigned	12.48	tp	0
2-CAAGCCCGCCV	STREME-2	2.7e-003	NC_003888.3_609828_+_unassigned	12.46	tp	0
2-CAAGCCCGCCV	STREME-2	2.7e-003	NC_003888.3_3825682_+_unassigned	12.46	tp	0
2-CAAGCCCGCCV	STREME-2	2.7e-003	NC_003888.3_3826784_+_unassigned	12.46	tp	0
2-CAAGCCCGCCV	STREME-2	2.7e-003	NC_003888.3_3907580_+_unassigned	12.46	tp	0
2-CAAGCCCGCCV	STREME-2	2.7e-003	NC_003888.3_4916928_+_unassigned	12.46	tp	0
2-CAAGCCCGCCV	STREME-2	2.7e-003	NC_003888.3_2433109_+_unassigned	12.39	tp	0
2-CAAGCCCGCCV	STREME-2	2.7e-003	NC_003888.3_4881945_+_unassigned	12.39	fp	0
2-CAAGCCCGCCV	STREME-2	2.7e-003	NC_003888.3_2435429_+_unassigned	12.39	tp	1
2-CAAGCCCGCCV	STREME-2	2.7e-003	NC_003888.3_7513985_+_unassigned	12.30	tp	0
2-CAAGCCCGCCV	STREME-2	2.7e-003	NC_003888.3_2817585_+_unassigned	12.26	tp	0
2-CAAGCCCGCCV	STREME-2	2.7e-003	NC_003888.3_6797460_+_unassigned	12.26	tp	0
2-CAAGCCCGCCV	STREME-2	2.7e-003	NC_003888.3_466470_+_unassigned	12.22	tp	0
2-CAAGCCCGCCV	STREME-2	2.7e-003	NC_003888.3_3658320_+_unassigned	12.18	tp	0
2-CAAGCCCGCCV	STREME-2	2.7e-003	NC_003888.3_6577387_+_unassigned	12.14	tp	0
2-CAAGCCCGCCV	STREME-2	2.7e-003	NC_003888.3_5626705_+_unassigned	12.14	fp	0
2-CAAGCCCGCCV	STREME-2	2.7e-003	NC_003888.3_5427965_+_unassigned	12.12	tp	0
2-CAAGCCCGCCV	STREME-2	2.7e-003	NC_003888.3_7270738_+_unassigned	12.01	tp	0
2-CAAGCCCGCCV	STREME-2	2.7e-003	NC_003888.3_1981135_-_unassigned	11.97	tp	0
2-CAAGCCCGCCV	STREME-2	2.7e-003	NC_003888.3_6711767_+_unassigned	11.94	tp	0
2-CAAGCCCGCCV	STREME-2	2.7e-003	NC_003888.3_4455002_-_unassigned	11.90	fp	0
2-CAAGCCCGCCV	STREME-2	2.7e-003	NC_003888.3_4179014_+_unassigned	11.87	tp	0
2-CAAGCCCGCCV	STREME-2	2.7e-003	NC_003888.3_7272283_+_unassigned	11.78	tp	0
2-CAAGCCCGCCV	STREME-2	2.7e-003	NC_003888.3_5261448_+_unassigned	11.69	tp	0
2-CAAGCCCGCCV	STREME-2	2.7e-003	NC_003888.3_1831095_+_unassigned	11.64	tp	0
2-CAAGCCCGCCV	STREME-2	2.7e-003	NC_003888.3_3307928_-_unassigned	11.63	tp	0
2-CAAGCCCGCCV	STREME-2	2.7e-003	NC_003888.3_2504522_+_unassigned	11.53	tp	0
2-CAAGCCCGCCV	STREME-2	2.7e-003	NC_003888.3_8351727_+_unassigned	11.53	tp	0
2-CAAGCCCGCCV	STREME-2	2.7e-003	NC_003888.3_4132126_-_unassigned	11.53	tp	0
2-CAAGCCCGCCV	STREME-2	2.7e-003	NC_003888.3_5146700_-_unassigned	11.53	tp	0
2-CAAGCCCGCCV	STREME-2	2.7e-003	NC_003888.3_2005471_+_unassigned	11.53	tp	0
2-CAAGCCCGCCV	STREME-2	2.7e-003	NC_003888.3_5146703_+_unassigned	11.53	tp	1
2-CAAGCCCGCCV	STREME-2	2.7e-003	NC_003888.3_2419236_+_unassigned	11.53	tp	1
2-CAAGCCCGCCV	STREME-2	2.7e-003	NC_003888.3_3897444_+_unassigned	11.40	tp	0
2-CAAGCCCGCCV	STREME-2	2.7e-003	NC_003888.3_6750383_+_unassigned	11.40	fp	0
2-CAAGCCCGCCV	STREME-2	2.7e-003	NC_003888.3_3779730_+_unassigned	11.37	tp	0
2-CAAGCCCGCCV	STREME-2	2.7e-003	NC_003888.3_5577918_+_unassigned	11.37	tp	0
2-CAAGCCCGCCV	STREME-2	2.7e-003	NC_003888.3_5577930_+_unassigned	11.37	tp	0
2-CAAGCCCGCCV	STREME-2	2.7e-003	NC_003888.3_5407711_+_unassigned	11.37	tp	0
2-CAAGCCCGCCV	STREME-2	2.7e-003	NC_003888.3_5520178_+_unassigned	11.22	tp	0
#
3-CTGCTCGCC	STREME-3	4.5e-003	NC_003888.3_1480743_-_unassigned	12.66	tp	0
3-CTGCTCGCC	STREME-3	4.5e-003	NC_003888.3_6737341_+_unassigned	12.66	tp	0
3-CTGCTCGCC	STREME-3	4.5e-003	NC_003888.3_1200703_-_unassigned	12.66	tp	0
3-CTGCTCGCC	STREME-3	4.5e-003	NC_003888.3_2920433_+_unassigned	12.66	tp	0
3-CTGCTCGCC	STREME-3	4.5e-003	NC_003888.3_3383758_+_unassigned	12.66	tp	0
3-CTGCTCGCC	STREME-3	4.5e-003	NC_003888.3_6670220_+_unassigned	12.66	tp	0
3-CTGCTCGCC	STREME-3	4.5e-003	NC_003888.3_2392878_-_unassigned	12.66	tp	0
3-CTGCTCGCC	STREME-3	4.5e-003	NC_003888.3_2585327_-_unassigned	12.66	tp	0
3-CTGCTCGCC	STREME-3	4.5e-003	NC_003888.3_8533929_+_unassigned	12.66	tp	0
3-CTGCTCGCC	STREME-3	4.5e-003	NC_003888.3_6144879_+_unassigned	12.66	tp	0
3-CTGCTCGCC	STREME-3	4.5e-003	NC_003888.3_6642947_-_unassigned	12.66	tp	0
3-CTGCTCGCC	STREME-3	4.5e-003	NC_003888.3_4008828_-_unassigned	12.66	tp	0
3-CTGCTCGCC	STREME-3	4.5e-003	NC_003888.3_5974526_+_unassigned	12.66	fp	0
3-CTGCTCGCC	STREME-3	4.5e-003	NC_003888.3_7044741_-_unassigned	12.66	fp	0
3-CTGCTCGCC	STREME-3	4.5e-003	NC_003888.3_5828825_+_unassigned	12.66	tp	1
3-CTGCTCGCC	STREME-3	4.5e-003	NC_003888.3_1368664_-_unassigned	12.66	tp	1
3-CTGCTCGCC	STREME-3	4.5e-003	NC_003888.3_5576108_+_unassigned	12.66	tp	1
3-CTGCTCGCC	STREME-3	4.5e-003	NC_003888.3_6260597_+_unassigned	12.66	fp	1
3-CTGCTCGCC	STREME-3	4.5e-003	NC_003888.3_2791544_-_unassigned	12.51	tp	0
3-CTGCTCGCC	STREME-3	4.5e-003	NC_003888.3_8399434_-_unassigned	12.51	tp	0
3-CTGCTCGCC	STREME-3	4.5e-003	NC_003888.3_8399433_-_unassigned	12.51	tp	0
3-CTGCTCGCC	STREME-3	4.5e-003	NC_003888.3_3434215_-_unassigned	12.51	tp	0
3-CTGCTCGCC	STREME-3	4.5e-003	NC_003888.3_592540_-_unassigned	12.51	tp	0
3-CTGCTCGCC	STREME-3	4.5e-003	NC_003888.3_2139443_-_unassigned	12.51	tp	0
3-CTGCTCGCC	STREME-3	4.5e-003	NC_003888.3_2475848_+_unassigned	12.51	tp	0
3-CTGCTCGCC	STREME-3	4.5e-003	NC_003888.3_476603_+_unassigned	12.51	tp	0
3-CTGCTCGCC	STREME-3	4.5e-003	NC_003888.3_3466613_-_unassigned	12.51	tp	0
3-CTGCTCGCC	STREME-3	4.5e-003	NC_003888.3_661265_-_unassigned	12.51	tp	0
3-CTGCTCGCC	STREME-3	4.5e-003	NC_003888.3_4134222_+_unassigned	12.51	tp	0
3-CTGCTCGCC	STREME-3	4.5e-003	NC_003888.3_3793220_-_unassigned	12.51	tp	0
3-CTGCTCGCC	STREME-3	4.5e-003	NC_003888.3_3628889_-_unassigned	12.51	tp	0
3-CTGCTCGCC	STREME-3	4.5e-003	NC_003888.3_2103920_-_unassigned	12.51	tp	0
3-CTGCTCGCC	STREME-3	4.5e-003	NC_003888.3_7520822_+_unassigned	12.51	tp	0
3-CTGCTCGCC	STREME-3	4.5e-003	NC_003888.3_3311114_-_unassigned	12.51	tp	0
3-CTGCTCGCC	STREME-3	4.5e-003	NC_003888.3_542610_+_unassigned	12.51	tp	0
3-CTGCTCGCC	STREME-3	4.5e-003	NC_003888.3_4021506_-_unassigned	12.51	fp	0
3-CTGCTCGCC	STREME-3	4.5e-003	NC_003888.3_811819_-_unassigned	12.51	fp	0
3-CTGCTCGCC	STREME-3	4.5e-003	NC_003888.3_3012820_-_unassigned	12.51	tp	1
3-CTGCTCGCC	STREME-3	4.5e-003	NC_003888.3_6115116_+_unassigned	12.42	fp	0
3-CTGCTCGCC	STREME-3	4.5e-003	NC_003888.3_322787_+_unassigned	11.68	tp	0
3-CTGCTCGCC	STREME-3	4.5e-003	NC_003888.3_8497610_+_unassigned	11.68	tp	0
3-CTGCTCGCC	STREME-3	4.5e-003	NC_003888.3_4542387_-_unassigned	11.68	tp	0
3-CTGCTCGCC	STREME-3	4.5e-003	NC_003888.3_7394772_-_unassigned	11.68	tp	0
3-CTGCTCGCC	STREME-3	4.5e-003	NC_003888.3_583494_+_unassigned	11.68	tp	0
3-CTGCTCGCC	STREME-3	4.5e-003	NC_003888.3_1178737_+_unassigned	11.68	fp	0
3-CTGCTCGCC	STREME-3	4.5e-003	NC_003888.3_4663819_+_unassigned	11.68	fp	0
3-CTGCTCGCC	STREME-3	4.5e-003	NC_003888.3_6668896_+_unassigned	11.68	tp	1
3-CTGCTCGCC	STREME-3	4.5e-003	NC_003888.3_7288285_+_unassigned	11.68	fp	1
3-CTGCTCGCC	STREME-3	4.5e-003	NC_003888.3_7106922_+_unassigned	11.64	tp	0
3-CTGCTCGCC	STREME-3	4.5e-003	NC_003888.3_6727860_+_unassigned	11.64	tp	0
3-CTGCTCGCC	STREME-3	4.5e-003	NC_003888.3_796027_-_unassigned	11.64	tp	0
3-CTGCTCGCC	STREME-3	4.5e-003	NC_003888.3_7006053_-_unassigned	11.64	tp	0
3-CTGCTCGCC	STREME-3	4.5e-003	NC_003888.3_251051_+_unassigned	11.64	tp	0
3-CTGCTCGCC	STREME-3	4.5e-003	NC_003888.3_321176_+_unassigned	11.64	tp	0
3-CTGCTCGCC	STREME-3	4.5e-003	NC_003888.3_3512278_-_unassigned	11.64	tp	0
3-CTGCTCGCC	STREME-3	4.5e-003	NC_003888.3_5002894_-_unassigned	11.64	tp	0
3-CTGCTCGCC	STREME-3	4.5e-003	NC_003888.3_1724359_-_unassigned	11.64	tp	0
3-CTGCTCGCC	STREME-3	4.5e-003	NC_003888.3_2500194_+_unassigned	11.64	tp	0
3-CTGCTCGCC	STREME-3	4.5e-003	NC_003888.3_2320806_-_unassigned	11.64	fp	0
3-CTGCTCGCC	STREME-3	4.5e-003	NC_003888.3_3790455_+_unassigned	11.64	fp	0
3-CTGCTCGCC	STREME-3	4.5e-003	NC_003888.3_771232_-_unassigned	11.64	tp	1
3-CTGCTCGCC	STREME-3	4.5e-003	NC_003888.3_7970330_-_unassigned	11.64	tp	1
3-CTGCTCGCC	STREME-3	4.5e-003	NC_003888.3_7849061_+_unassigned	11.64	tp	1
3-CTGCTCGCC	STREME-3	4.5e-003	NC_003888.3_8356903_+_unassigned	11.54	tp	0
3-CTGCTCGCC	STREME-3	4.5e-003	NC_003888.3_5625052_+_unassigned	11.54	tp	0
3-CTGCTCGCC	STREME-3	4.5e-003	NC_003888.3_6057200_+_unassigned	11.54	tp	0
3-CTGCTCGCC	STREME-3	4.5e-003	NC_003888.3_4795211_+_unassigned	11.54	tp	0
3-CTGCTCGCC	STREME-3	4.5e-003	NC_003888.3_6124300_+_unassigned	11.54	tp	0
3-CTGCTCGCC	STREME-3	4.5e-003	NC_003888.3_322390_+_unassigned	11.54	fp	0
3-CTGCTCGCC	STREME-3	4.5e-003	NC_003888.3_1595946_-_unassigned	11.34	tp	0
3-CTGCTCGCC	STREME-3	4.5e-003	NC_003888.3_7221811_+_unassigned	11.27	tp	0
3-CTGCTCGCC	STREME-3	4.5e-003	NC_003888.3_7378486_+_unassigned	11.27	tp	0
3-CTGCTCGCC	STREME-3	4.5e-003	NC_003888.3_6622376_-_unassigned	11.27	tp	0
3-CTGCTCGCC	STREME-3	4.5e-003	NC_003888.3_8462087_-_unassigned	11.27	tp	0
3-CTGCTCGCC	STREME-3	4.5e-003	NC_003888.3_4507660_+_unassigned	11.27	tp	0
3-CTGCTCGCC	STREME-3	4.5e-003	NC_003888.3_1821396_-_unassigned	11.27	tp	0
3-CTGCTCGCC	STREME-3	4.5e-003	NC_003888.3_4646938_-_unassigned	11.27	tp	0
3-CTGCTCGCC	STREME-3	4.5e-003	NC_003888.3_5364871_-_unassigned	11.27	tp	0
3-CTGCTCGCC	STREME-3	4.5e-003	NC_003888.3_5496181_-_unassigned	11.27	fp	0
3-CTGCTCGCC	STREME-3	4.5e-003	NC_003888.3_4780448_-_unassigned	11.27	fp	0
3-CTGCTCGCC	STREME-3	4.5e-003	NC_003888.3_5355946_-_unassigned	11.13	tp	0
3-CTGCTCGCC	STREME-3	4.5e-003	NC_003888.3_3708968_-_unassigned	11.13	tp	0
3-CTGCTCGCC	STREME-3	4.5e-003	NC_003888.3_3709581_-_unassigned	11.13	tp	0
3-CTGCTCGCC	STREME-3	4.5e-003	NC_003888.3_43753_+_unassigned	11.13	tp	0
3-CTGCTCGCC	STREME-3	4.5e-003	NC_003888.3_8349114_+_unassigned	11.13	tp	0
3-CTGCTCGCC	STREME-3	4.5e-003	NC_003888.3_2792119_-_unassigned	11.13	tp	0
3-CTGCTCGCC	STREME-3	4.5e-003	NC_003888.3_3727568_+_unassigned	11.13	tp	0
3-CTGCTCGCC	STREME-3	4.5e-003	NC_003888.3_6897752_-_unassigned	11.13	tp	0
3-CTGCTCGCC	STREME-3	4.5e-003	NC_003888.3_5628148_+_unassigned	11.13	fp	0
3-CTGCTCGCC	STREME-3	4.5e-003	NC_003888.3_6128993_-_unassigned	11.13	fp	0
3-CTGCTCGCC	STREME-3	4.5e-003	NC_003888.3_4040618_-_unassigned	11.13	fp	0
3-CTGCTCGCC	STREME-3	4.5e-003	NC_003888.3_3201216_+_unassigned	11.13	fp	0
3-CTGCTCGCC	STREME-3	4.5e-003	NC_003888.3_7304447_-_unassigned	11.13	fp	0
3-CTGCTCGCC	STREME-3	4.5e-003	NC_003888.3_6531134_+_unassigned	11.13	tp	1
3-CTGCTCGCC	STREME-3	4.5e-003	NC_003888.3_1061032_+_unassigned	10.91	tp	0
3-CTGCTCGCC	STREME-3	4.5e-003	NC_003888.3_8039746_+_unassigned	10.91	tp	0
3-CTGCTCGCC	STREME-3	4.5e-003	NC_003888.3_3454415_+_unassigned	10.91	tp	0
3-CTGCTCGCC	STREME-3	4.5e-003	NC_003888.3_8609981_+_unassigned	10.91	tp	0
3-CTGCTCGCC	STREME-3	4.5e-003	NC_003888.3_8168141_-_unassigned	10.91	tp	0
3-CTGCTCGCC	STREME-3	4.5e-003	NC_003888.3_3007179_-_unassigned	10.91	tp	0
3-CTGCTCGCC	STREME-3	4.5e-003	NC_003888.3_2956198_+_unassigned	10.91	tp	0
3-CTGCTCGCC	STREME-3	4.5e-003	NC_003888.3_2941403_-_unassigned	10.91	tp	0
3-CTGCTCGCC	STREME-3	4.5e-003	NC_003888.3_7058660_+_unassigned	10.91	tp	0
3-CTGCTCGCC	STREME-3	4.5e-003	NC_003888.3_4529092_+_unassigned	10.91	tp	0
3-CTGCTCGCC	STREME-3	4.5e-003	NC_003888.3_3817746_+_unassigned	10.91	fp	0
3-CTGCTCGCC	STREME-3	4.5e-003	NC_003888.3_8174301_+_unassigned	10.81	tp	0
3-CTGCTCGCC	STREME-3	4.5e-003	NC_003888.3_4227911_+_unassigned	10.81	tp	0
3-CTGCTCGCC	STREME-3	4.5e-003	NC_003888.3_6392975_+_unassigned	10.81	tp	0
3-CTGCTCGCC	STREME-3	4.5e-003	NC_003888.3_955186_+_unassigned	10.81	tp	0
3-CTGCTCGCC	STREME-3	4.5e-003	NC_003888.3_5218969_+_unassigned	10.81	tp	0
3-CTGCTCGCC	STREME-3	4.5e-003	NC_003888.3_6197595_+_unassigned	10.81	tp	0
3-CTGCTCGCC	STREME-3	4.5e-003	NC_003888.3_934941_+_unassigned	10.81	tp	0
3-CTGCTCGCC	STREME-3	4.5e-003	NC_003888.3_7764272_+_unassigned	10.81	tp	0
3-CTGCTCGCC	STREME-3	4.5e-003	NC_003888.3_3995409_-_unassigned	10.81	tp	0
3-CTGCTCGCC	STREME-3	4.5e-003	NC_003888.3_1655791_-_unassigned	10.81	tp	0
3-CTGCTCGCC	STREME-3	4.5e-003	NC_003888.3_4082325_-_unassigned	10.81	tp	0
3-CTGCTCGCC	STREME-3	4.5e-003	NC_003888.3_6233835_-_unassigned	10.81	tp	0
3-CTGCTCGCC	STREME-3	4.5e-003	NC_003888.3_7411316_-_unassigned	10.81	tp	0
3-CTGCTCGCC	STREME-3	4.5e-003	NC_003888.3_199192_+_unassigned	10.81	tp	0
3-CTGCTCGCC	STREME-3	4.5e-003	NC_003888.3_2785538_-_unassigned	10.81	tp	0
3-CTGCTCGCC	STREME-3	4.5e-003	NC_003888.3_173568_+_unassigned	10.81	tp	0
3-CTGCTCGCC	STREME-3	4.5e-003	NC_003888.3_3250032_+_unassigned	10.81	fp	0
3-CTGCTCGCC	STREME-3	4.5e-003	NC_003888.3_991133_+_unassigned	10.81	fp	0
3-CTGCTCGCC	STREME-3	4.5e-003	NC_003888.3_2071861_-_unassigned	10.81	fp	0
3-CTGCTCGCC	STREME-3	4.5e-003	NC_003888.3_3708968_-_unassigned	10.81	fp	0
3-CTGCTCGCC	STREME-3	4.5e-003	NC_003888.3_2443416_-_unassigned	10.81	fp	0
3-CTGCTCGCC	STREME-3	4.5e-003	NC_003888.3_6737341_+_unassigned	10.81	fp	0
3-CTGCTCGCC	STREME-3	4.5e-003	NC_003888.3_3218221_-_unassigned	10.81	fp	0
3-CTGCTCGCC	STREME-3	4.5e-003	NC_003888.3_541105_+_unassigned	10.80	tp	0
3-CTGCTCGCC	STREME-3	4.5e-003	NC_003888.3_4380830_+_unassigned	10.80	tp	0
3-CTGCTCGCC	STREME-3	4.5e-003	NC_003888.3_5584613_+_unassigned	10.80	tp	0
3-CTGCTCGCC	STREME-3	4.5e-003	NC_003888.3_1579781_-_unassigned	10.80	tp	0
3-CTGCTCGCC	STREME-3	4.5e-003	NC_003888.3_6260597_+_unassigned	10.80	tp	1
3-CTGCTCGCC	STREME-3	4.5e-003	NC_003888.3_1579781_-_unassigned	10.80	fp	1
3-CTGCTCGCC	STREME-3	4.5e-003	NC_003888.3_7026075_-_unassigned	10.67	tp	0
3-CTGCTCGCC	STREME-3	4.5e-003	NC_003888.3_6030437_+_unassigned	10.67	fp	0
3-CTGCTCGCC	STREME-3	4.5e-003	NC_003888.3_3177293_+_unassigned	10.63	tp	0
3-CTGCTCGCC	STREME-3	4.5e-003	NC_003888.3_3177291_-_unassigned	10.63	tp	0
3-CTGCTCGCC	STREME-3	4.5e-003	NC_003888.3_2051523_-_unassigned	10.63	tp	0
3-CTGCTCGCC	STREME-3	4.5e-003	NC_003888.3_3136184_+_unassigned	10.63	tp	0
3-CTGCTCGCC	STREME-3	4.5e-003	NC_003888.3_2496334_-_unassigned	10.63	tp	0
3-CTGCTCGCC	STREME-3	4.5e-003	NC_003888.3_7810834_-_unassigned	10.63	tp	0
3-CTGCTCGCC	STREME-3	4.5e-003	NC_003888.3_1983094_-_unassigned	10.63	fp	0
3-CTGCTCGCC	STREME-3	4.5e-003	NC_003888.3_1824179_-_unassigned	10.63	fp	0
3-CTGCTCGCC	STREME-3	4.5e-003	NC_003888.3_3401328_-_unassigned	10.63	tp	1
3-CTGCTCGCC	STREME-3	4.5e-003	NC_003888.3_789448_-_unassigned	10.51	tp	0
3-CTGCTCGCC	STREME-3	4.5e-003	NC_003888.3_5237755_-_unassigned	10.51	tp	0
3-CTGCTCGCC	STREME-3	4.5e-003	NC_003888.3_8297676_-_unassigned	10.51	tp	0
3-CTGCTCGCC	STREME-3	4.5e-003	NC_003888.3_8297873_-_unassigned	10.49	tp	0
3-CTGCTCGCC	STREME-3	4.5e-003	NC_003888.3_1857148_-_unassigned	10.49	tp	0
3-CTGCTCGCC	STREME-3	4.5e-003	NC_003888.3_4033027_-_unassigned	10.49	tp	0
3-CTGCTCGCC	STREME-3	4.5e-003	NC_003888.3_1895492_-_unassigned	10.49	tp	0
3-CTGCTCGCC	STREME-3	4.5e-003	NC_003888.3_2955727_+_unassigned	10.49	tp	0
3-CTGCTCGCC	STREME-3	4.5e-003	NC_003888.3_1304284_-_unassigned	10.49	tp	0
3-CTGCTCGCC	STREME-3	4.5e-003	NC_003888.3_1824179_-_unassigned	10.49	tp	0
3-CTGCTCGCC	STREME-3	4.5e-003	NC_003888.3_8209468_-_unassigned	10.49	fp	0
3-CTGCTCGCC	STREME-3	4.5e-003	NC_003888.3_8290859_+_unassigned	10.49	fp	0
3-CTGCTCGCC	STREME-3	4.5e-003	NC_003888.3_5014343_+_unassigned	10.49	tp	1
3-CTGCTCGCC	STREME-3	4.5e-003	NC_003888.3_7048059_+_unassigned	10.47	tp	0
3-CTGCTCGCC	STREME-3	4.5e-003	NC_003888.3_1595398_-_unassigned	10.46	tp	0
3-CTGCTCGCC	STREME-3	4.5e-003	NC_003888.3_2088792_-_unassigned	10.46	tp	0
3-CTGCTCGCC	STREME-3	4.5e-003	NC_003888.3_6879641_+_unassigned	10.46	tp	0
3-CTGCTCGCC	STREME-3	4.5e-003	NC_003888.3_7380013_+_unassigned	10.46	fp	0
3-CTGCTCGCC	STREME-3	4.5e-003	NC_003888.3_4671073_+_unassigned	10.46	fp	0
3-CTGCTCGCC	STREME-3	4.5e-003	NC_003888.3_8479248_-_unassigned	10.43	tp	0
3-CTGCTCGCC	STREME-3	4.5e-003	NC_003888.3_5319695_+_unassigned	10.43	tp	0
3-CTGCTCGCC	STREME-3	4.5e-003	NC_003888.3_863569_-_unassigned	10.43	tp	0
3-CTGCTCGCC	STREME-3	4.5e-003	NC_003888.3_8348625_-_unassigned	10.43	tp	0
3-CTGCTCGCC	STREME-3	4.5e-003	NC_003888.3_4575653_-_unassigned	10.43	fp	0
3-CTGCTCGCC	STREME-3	4.5e-003	NC_003888.3_6958557_-_unassigned	10.43	fp	0
3-CTGCTCGCC	STREME-3	4.5e-003	NC_003888.3_542610_+_unassigned	10.43	fp	0
3-CTGCTCGCC	STREME-3	4.5e-003	NC_003888.3_7383779_+_unassigned	10.39	tp	0
3-CTGCTCGCC	STREME-3	4.5e-003	NC_003888.3_6624375_+_unassigned	10.39	tp	0
3-CTGCTCGCC	STREME-3	4.5e-003	NC_003888.3_8556871_+_unassigned	10.39	tp	0
3-CTGCTCGCC	STREME-3	4.5e-003	NC_003888.3_1978196_-_unassigned	10.39	tp	0
3-CTGCTCGCC	STREME-3	4.5e-003	NC_003888.3_2772156_+_unassigned	10.39	tp	0
3-CTGCTCGCC	STREME-3	4.5e-003	NC_003888.3_3638361_+_unassigned	10.29	tp	0
3-CTGCTCGCC	STREME-3	4.5e-003	NC_003888.3_3590794_-_unassigned	10.29	tp	0
3-CTGCTCGCC	STREME-3	4.5e-003	NC_003888.3_2454365_-_unassigned	10.26	tp	0
3-CTGCTCGCC	STREME-3	4.5e-003	NC_003888.3_6347254_+_unassigned	10.26	tp	0
3-CTGCTCGCC	STREME-3	4.5e-003	NC_003888.3_4745325_+_unassigned	10.26	tp	0
3-CTGCTCGCC	STREME-3	4.5e-003	NC_003888.3_6378711_-_unassigned	10.26	fp	0
3-CTGCTCGCC	STREME-3	4.5e-003	NC_003888.3_3825682_+_unassigned	10.26	fp	0
3-CTGCTCGCC	STREME-3	4.5e-003	NC_003888.3_8374713_-_unassigned	10.21	tp	0
3-CTGCTCGCC	STREME-3	4.5e-003	NC_003888.3_1874247_-_unassigned	10.21	fp	0
3-CTGCTCGCC	STREME-3	4.5e-003	NC_003888.3_6812698_+_unassigned	10.21	fp	0
3-CTGCTCGCC	STREME-3	4.5e-003	NC_003888.3_678046_+_unassigned	10.21	tp	1
3-CTGCTCGCC	STREME-3	4.5e-003	NC_003888.3_5198268_+_unassigned	10.19	tp	0
3-CTGCTCGCC	STREME-3	4.5e-003	NC_003888.3_4019267_-_unassigned	10.19	tp	0
3-CTGCTCGCC	STREME-3	4.5e-003	NC_003888.3_2739857_+_unassigned	10.19	tp	0
3-CTGCTCGCC	STREME-3	4.5e-003	NC_003888.3_7756182_+_unassigned	10.19	tp	0
3-CTGCTCGCC	STREME-3	4.5e-003	NC_003888.3_5220924_+_unassigned	10.19	tp	0
3-CTGCTCGCC	STREME-3	4.5e-003	NC_003888.3_2420888_-_unassigned	10.19	tp	0
3-CTGCTCGCC	STREME-3	4.5e-003	NC_003888.3_5294953_-_unassigned	10.19	tp	0
3-CTGCTCGCC	STREME-3	4.5e-003	NC_003888.3_1825103_-_unassigned	10.19	tp	0
3-CTGCTCGCC	STREME-3	4.5e-003	NC_003888.3_4187289_+_unassigned	10.19	tp	0
3-CTGCTCGCC	STREME-3	4.5e-003	NC_003888.3_8239949_-_unassigned	10.19	tp	0
3-CTGCTCGCC	STREME-3	4.5e-003	NC_003888.3_2739860_+_unassigned	10.19	tp	0
3-CTGCTCGCC	STREME-3	4.5e-003	NC_003888.3_1426870_-_unassigned	10.19	tp	0
3-CTGCTCGCC	STREME-3	4.5e-003	NC_003888.3_5047875_+_unassigned	10.19	tp	0
3-CTGCTCGCC	STREME-3	4.5e-003	NC_003888.3_6540318_+_unassigned	10.19	tp	0
3-CTGCTCGCC	STREME-3	4.5e-003	NC_003888.3_3638361_+_unassigned	10.19	fp	0
3-CTGCTCGCC	STREME-3	4.5e-003	NC_003888.3_6530465_+_unassigned	10.19	fp	0
3-CTGCTCGCC	STREME-3	4.5e-003	NC_003888.3_3012820_-_unassigned	10.19	fp	0
3-CTGCTCGCC	STREME-3	4.5e-003	NC_003888.3_6390563_+_unassigned	10.19	fp	0
3-CTGCTCGCC	STREME-3	4.5e-003	NC_003888.3_8253548_+_unassigned	10.19	fp	0
3-CTGCTCGCC	STREME-3	4.5e-003	NC_003888.3_2408510_-_unassigned	10.19	fp	0
3-CTGCTCGCC	STREME-3	4.5e-003	NC_003888.3_4549698_-_unassigned	10.19	fp	0
3-CTGCTCGCC	STREME-3	4.5e-003	NC_003888.3_4737057_+_unassigned	10.19	fp	0
3-CTGCTCGCC	STREME-3	4.5e-003	NC_003888.3_3561649_+_unassigned	10.19	fp	0
3-CTGCTCGCC	STREME-3	4.5e-003	NC_003888.3_7176534_-_unassigned	10.19	tp	1
3-CTGCTCGCC	STREME-3	4.5e-003	NC_003888.3_613833_-_unassigned	10.19	fp	1
3-CTGCTCGCC	STREME-3	4.5e-003	NC_003888.3_2694863_-_unassigned	10.19	fp	1
3-CTGCTCGCC	STREME-3	4.5e-003	NC_003888.3_6513968_-_unassigned	10.17	tp	0
3-CTGCTCGCC	STREME-3	4.5e-003	NC_003888.3_1282534_-_unassigned	10.05	tp	0
3-CTGCTCGCC	STREME-3	4.5e-003	NC_003888.3_29409_+_unassigned	10.05	tp	1
3-CTGCTCGCC	STREME-3	4.5e-003	NC_003888.3_355330_+_unassigned	9.98	tp	0
3-CTGCTCGCC	STREME-3	4.5e-003	NC_003888.3_7093656_+_unassigned	9.98	tp	0
3-CTGCTCGCC	STREME-3	4.5e-003	NC_003888.3_1731174_-_unassigned	9.98	tp	0
3-CTGCTCGCC	STREME-3	4.5e-003	NC_003888.3_5785294_-_unassigned	9.98	tp	0
3-CTGCTCGCC	STREME-3	4.5e-003	NC_003888.3_5006850_+_unassigned	9.98	tp	0
3-CTGCTCGCC	STREME-3	4.5e-003	NC_003888.3_2963085_-_unassigned	9.98	tp	0
3-CTGCTCGCC	STREME-3	4.5e-003	NC_003888.3_7288285_+_unassigned	9.98	tp	0
3-CTGCTCGCC	STREME-3	4.5e-003	NC_003888.3_7246146_-_unassigned	9.98	fp	0
3-CTGCTCGCC	STREME-3	4.5e-003	NC_003888.3_7086447_-_unassigned	9.98	fp	0
3-CTGCTCGCC	STREME-3	4.5e-003	NC_003888.3_3795669_-_unassigned	9.98	tp	1
3-CTGCTCGCC	STREME-3	4.5e-003	NC_003888.3_914286_+_unassigned	9.94	fp	0
3-CTGCTCGCC	STREME-3	4.5e-003	NC_003888.3_6709333_+_unassigned	9.91	tp	0
3-CTGCTCGCC	STREME-3	4.5e-003	NC_003888.3_8164067_+_unassigned	9.91	tp	0
3-CTGCTCGCC	STREME-3	4.5e-003	NC_003888.3_6475220_-_unassigned	9.91	fp	0
3-CTGCTCGCC	STREME-3	4.5e-003	NC_003888.3_1317399_-_unassigned	9.91	fp	0
3-CTGCTCGCC	STREME-3	4.5e-003	NC_003888.3_5642523_+_unassigned	9.91	tp	1
3-CTGCTCGCC	STREME-3	4.5e-003	NC_003888.3_278824_-_unassigned	9.91	fp	1
3-CTGCTCGCC	STREME-3	4.5e-003	NC_003888.3_2664212_-_unassigned	9.84	tp	0
3-CTGCTCGCC	STREME-3	4.5e-003	NC_003888.3_4832455_+_unassigned	9.84	tp	0
3-CTGCTCGCC	STREME-3	4.5e-003	NC_003888.3_2089485_-_unassigned	9.84	tp	0
3-CTGCTCGCC	STREME-3	4.5e-003	NC_003888.3_2664215_-_unassigned	9.84	tp	0
3-CTGCTCGCC	STREME-3	4.5e-003	NC_003888.3_7867253_+_unassigned	9.84	tp	0
3-CTGCTCGCC	STREME-3	4.5e-003	NC_003888.3_5146703_+_unassigned	9.84	fp	0
3-CTGCTCGCC	STREME-3	4.5e-003	NC_003888.3_7851213_+_unassigned	9.84	fp	1
3-CTGCTCGCC	STREME-3	4.5e-003	NC_003888.3_5060014_+_unassigned	9.83	tp	0
3-CTGCTCGCC	STREME-3	4.5e-003	NC_003888.3_7281740_+_unassigned	9.83	tp	0
3-CTGCTCGCC	STREME-3	4.5e-003	NC_003888.3_2293420_+_unassigned	9.83	tp	0
3-CTGCTCGCC	STREME-3	4.5e-003	NC_003888.3_515717_-_unassigned	9.83	tp	0
3-CTGCTCGCC	STREME-3	4.5e-003	NC_003888.3_6337222_+_unassigned	9.83	tp	0
3-CTGCTCGCC	STREME-3	4.5e-003	NC_003888.3_7126570_+_unassigned	9.83	tp	0
3-CTGCTCGCC	STREME-3	4.5e-003	NC_003888.3_748628_-_unassigned	9.83	tp	0
3-CTGCTCGCC	STREME-3	4.5e-003	NC_003888.3_8100509_-_unassigned	9.83	tp	0
3-CTGCTCGCC	STREME-3	4.5e-003	NC_003888.3_2585070_-_unassigned	9.83	tp	0
3-CTGCTCGCC	STREME-3	4.5e-003	NC_003888.3_5499851_+_unassigned	9.83	tp	0
3-CTGCTCGCC	STREME-3	4.5e-003	NC_003888.3_2005471_+_unassigned	9.83	tp	0
3-CTGCTCGCC	STREME-3	4.5e-003	NC_003888.3_4737057_+_unassigned	9.83	tp	0
3-CTGCTCGCC	STREME-3	4.5e-003	NC_003888.3_4020295_+_unassigned	9.83	fp	0
3-CTGCTCGCC	STREME-3	4.5e-003	NC_003888.3_1029473_+_unassigned	9.83	fp	0
3-CTGCTCGCC	STREME-3	4.5e-003	NC_003888.3_802532_-_unassigned	9.83	tp	1
3-CTGCTCGCC	STREME-3	4.5e-003	NC_003888.3_3454415_+_unassigned	9.83	fp	1
3-CTGCTCGCC	STREME-3	4.5e-003	NC_003888.3_8626026_-_unassigned	9.83	tp	0
3-CTGCTCGCC	STREME-3	4.5e-003	NC_003888.3_3545591_-_unassigned	9.83	fp	0
3-CTGCTCGCC	STREME-3	4.5e-003	NC_003888.3_4179014_+_unassigned	9.82	tp	0
3-CTGCTCGCC	STREME-3	4.5e-003	NC_003888.3_1888101_-_unassigned	9.82	tp	0
3-CTGCTCGCC	STREME-3	4.5e-003	NC_003888.3_2484550_+_unassigned	9.82	tp	0
3-CTGCTCGCC	STREME-3	4.5e-003	NC_003888.3_2484552_+_unassigned	9.82	tp	0
3-CTGCTCGCC	STREME-3	4.5e-003	NC_003888.3_6565470_+_unassigned	9.82	tp	0
3-CTGCTCGCC	STREME-3	4.5e-003	NC_003888.3_3790455_+_unassigned	9.82	tp	0
3-CTGCTCGCC	STREME-3	4.5e-003	NC_003888.3_5846536_-_unassigned	9.80	tp	0
3-CTGCTCGCC	STREME-3	4.5e-003	NC_003888.3_7272283_+_unassigned	9.80	tp	0
3-CTGCTCGCC	STREME-3	4.5e-003	NC_003888.3_2785219_+_unassigned	9.80	tp	0
3-CTGCTCGCC	STREME-3	4.5e-003	NC_003888.3_6547212_+_unassigned	9.80	tp	0
3-CTGCTCGCC	STREME-3	4.5e-003	NC_003888.3_8219670_-_unassigned	9.80	fp	0
3-CTGCTCGCC	STREME-3	4.5e-003	NC_003888.3_4275123_+_unassigned	9.80	fp	0
3-CTGCTCGCC	STREME-3	4.5e-003	NC_003888.3_4669533_+_unassigned	9.80	fp	0
3-CTGCTCGCC	STREME-3	4.5e-003	NC_003888.3_3960369_+_unassigned	9.80	fp	0
3-CTGCTCGCC	STREME-3	4.5e-003	NC_003888.3_584030_-_unassigned	9.80	fp	0
3-CTGCTCGCC	STREME-3	4.5e-003	NC_003888.3_3055827_+_unassigned	9.80	tp	1
3-CTGCTCGCC	STREME-3	4.5e-003	NC_003888.3_3546412_+_unassigned	9.76	tp	0
3-CTGCTCGCC	STREME-3	4.5e-003	NC_003888.3_7732926_+_unassigned	9.76	tp	0
3-CTGCTCGCC	STREME-3	4.5e-003	NC_003888.3_1235875_-_unassigned	9.76	tp	0
3-CTGCTCGCC	STREME-3	4.5e-003	NC_003888.3_3286496_-_unassigned	9.76	tp	0
3-CTGCTCGCC	STREME-3	4.5e-003	NC_003888.3_2454365_-_unassigned	9.76	fp	0
3-CTGCTCGCC	STREME-3	4.5e-003	NC_003888.3_7412022_-_unassigned	9.76	fp	0
3-CTGCTCGCC	STREME-3	4.5e-003	NC_003888.3_8351727_+_unassigned	9.76	fp	0
3-CTGCTCGCC	STREME-3	4.5e-003	NC_003888.3_4345994_+_unassigned	9.76	fp	0
3-CTGCTCGCC	STREME-3	4.5e-003	NC_003888.3_3772192_-_unassigned	9.76	fp	0
3-CTGCTCGCC	STREME-3	4.5e-003	NC_003888.3_4418771_+_unassigned	9.73	tp	0
3-CTGCTCGCC	STREME-3	4.5e-003	NC_003888.3_4793953_+_unassigned	9.73	fp	0
3-CTGCTCGCC	STREME-3	4.5e-003	NC_003888.3_6115116_+_unassigned	9.67	tp	0
3-CTGCTCGCC	STREME-3	4.5e-003	NC_003888.3_5431248_+_unassigned	9.66	fp	0
3-CTGCTCGCC	STREME-3	4.5e-003	NC_003888.3_4671071_+_unassigned	9.65	tp	0
3-CTGCTCGCC	STREME-3	4.5e-003	NC_003888.3_5591171_+_unassigned	9.65	tp	0
3-CTGCTCGCC	STREME-3	4.5e-003	NC_003888.3_5591157_+_unassigned	9.65	tp	0
3-CTGCTCGCC	STREME-3	4.5e-003	NC_003888.3_4848483_+_unassigned	9.65	tp	0
3-CTGCTCGCC	STREME-3	4.5e-003	NC_003888.3_4671073_+_unassigned	9.65	tp	0
3-CTGCTCGCC	STREME-3	4.5e-003	NC_003888.3_4671070_+_unassigned	9.65	tp	0
3-CTGCTCGCC	STREME-3	4.5e-003	NC_003888.3_1282534_-_unassigned	9.65	fp	0
3-CTGCTCGCC	STREME-3	4.5e-003	NC_003888.3_8078178_+_unassigned	9.65	fp	0
3-CTGCTCGCC	STREME-3	4.5e-003	NC_003888.3_6096932_-_unassigned	9.56	tp	0
3-CTGCTCGCC	STREME-3	4.5e-003	NC_003888.3_4115882_+_unassigned	9.56	tp	0
3-CTGCTCGCC	STREME-3	4.5e-003	NC_003888.3_764919_-_unassigned	9.56	tp	0
3-CTGCTCGCC	STREME-3	4.5e-003	NC_003888.3_4109812_-_unassigned	9.56	tp	0
3-CTGCTCGCC	STREME-3	4.5e-003	NC_003888.3_1842726_+_unassigned	9.56	tp	0
3-CTGCTCGCC	STREME-3	4.5e-003	NC_003888.3_1978196_-_unassigned	9.56	fp	0
3-CTGCTCGCC	STREME-3	4.5e-003	NC_003888.3_4987471_+_unassigned	9.54	fp	0
3-CTGCTCGCC	STREME-3	4.5e-003	NC_003888.3_5198268_+_unassigned	9.53	fp	1
3-CTGCTCGCC	STREME-3	4.5e-003	NC_003888.3_1791255_-_unassigned	9.52	tp	0
3-CTGCTCGCC	STREME-3	4.5e-003	NC_003888.3_3883791_+_unassigned	9.45	tp	0
3-CTGCTCGCC	STREME-3	4.5e-003	NC_003888.3_5577930_+_unassigned	9.45	fp	0
3-CTGCTCGCC	STREME-3	4.5e-003	NC_003888.3_6558103_+_unassigned	9.45	fp	0
3-CTGCTCGCC	STREME-3	4.5e-003	NC_003888.3_943580_+_unassigned	9.44	tp	0
3-CTGCTCGCC	STREME-3	4.5e-003	NC_003888.3_24113_+_unassigned	9.43	tp	0
3-CTGCTCGCC	STREME-3	4.5e-003	NC_003888.3_7066058_+_unassigned	9.43	fp	0
3-CTGCTCGCC	STREME-3	4.5e-003	NC_003888.3_1821396_-_unassigned	9.43	fp	0
3-CTGCTCGCC	STREME-3	4.5e-003	NC_003888.3_173568_+_unassigned	9.43	fp	0
3-CTGCTCGCC	STREME-3	4.5e-003	NC_003888.3_116615_-_unassigned	9.43	fp	0
3-CTGCTCGCC	STREME-3	4.5e-003	NC_003888.3_24110_+_unassigned	9.43	tp	1
3-CTGCTCGCC	STREME-3	4.5e-003	NC_003888.3_3691282_-_unassigned	9.42	fp	0
3-CTGCTCGCC	STREME-3	4.5e-003	NC_003888.3_4521934_-_unassigned	9.42	tp	0
3-CTGCTCGCC	STREME-3	4.5e-003	NC_003888.3_4226441_+_unassigned	9.42	tp	0
3-CTGCTCGCC	STREME-3	4.5e-003	NC_003888.3_1761849_+_unassigned	9.42	tp	0
3-CTGCTCGCC	STREME-3	4.5e-003	NC_003888.3_4979100_-_unassigned	9.42	fp	0
3-CTGCTCGCC	STREME-3	4.5e-003	NC_003888.3_1155718_+_unassigned	9.37	tp	0
3-CTGCTCGCC	STREME-3	4.5e-003	NC_003888.3_8489129_-_unassigned	9.37	tp	0
3-CTGCTCGCC	STREME-3	4.5e-003	NC_003888.3_6998123_+_unassigned	9.37	tp	0
3-CTGCTCGCC	STREME-3	4.5e-003	NC_003888.3_8660178_+_unassigned	9.37	tp	0
3-CTGCTCGCC	STREME-3	4.5e-003	NC_003888.3_2443416_-_unassigned	9.37	tp	0
3-CTGCTCGCC	STREME-3	4.5e-003	NC_003888.3_6770835_+_unassigned	9.37	tp	0
3-CTGCTCGCC	STREME-3	4.5e-003	NC_003888.3_3749405_+_unassigned	9.37	tp	0
3-CTGCTCGCC	STREME-3	4.5e-003	NC_003888.3_2277664_-_unassigned	9.37	tp	0
3-CTGCTCGCC	STREME-3	4.5e-003	NC_003888.3_7436960_+_unassigned	9.37	tp	0
3-CTGCTCGCC	STREME-3	4.5e-003	NC_003888.3_886776_-_unassigned	9.37	tp	0
3-CTGCTCGCC	STREME-3	4.5e-003	NC_003888.3_447781_-_unassigned	9.37	tp	0
3-CTGCTCGCC	STREME-3	4.5e-003	NC_003888.3_2383583_-_unassigned	9.37	fp	0
3-CTGCTCGCC	STREME-3	4.5e-003	NC_003888.3_1078772_-_unassigned	9.29	tp	0
3-CTGCTCGCC	STREME-3	4.5e-003	NC_003888.3_3544976_-_unassigned	9.29	tp	0
3-CTGCTCGCC	STREME-3	4.5e-003	NC_003888.3_7757847_+_unassigned	9.29	tp	0
3-CTGCTCGCC	STREME-3	4.5e-003	NC_003888.3_5560936_+_unassigned	9.29	tp	0
3-CTGCTCGCC	STREME-3	4.5e-003	NC_003888.3_1247912_+_unassigned	9.29	tp	0
3-CTGCTCGCC	STREME-3	4.5e-003	NC_003888.3_1564492_+_unassigned	9.29	tp	0
3-CTGCTCGCC	STREME-3	4.5e-003	NC_003888.3_5303838_+_unassigned	9.29	tp	0
3-CTGCTCGCC	STREME-3	4.5e-003	NC_003888.3_3253767_-_unassigned	9.29	tp	0
3-CTGCTCGCC	STREME-3	4.5e-003	NC_003888.3_1792401_-_unassigned	9.29	tp	0
3-CTGCTCGCC	STREME-3	4.5e-003	NC_003888.3_6185982_+_unassigned	9.29	tp	0
3-CTGCTCGCC	STREME-3	4.5e-003	NC_003888.3_1976817_+_unassigned	9.29	tp	0
3-CTGCTCGCC	STREME-3	4.5e-003	NC_003888.3_4559424_-_unassigned	9.29	fp	0
3-CTGCTCGCC	STREME-3	4.5e-003	NC_003888.3_582571_+_unassigned	9.29	fp	0
3-CTGCTCGCC	STREME-3	4.5e-003	NC_003888.3_2179942_+_unassigned	9.29	fp	0
3-CTGCTCGCC	STREME-3	4.5e-003	NC_003888.3_4542469_-_unassigned	9.29	tp	0
3-CTGCTCGCC	STREME-3	4.5e-003	NC_003888.3_2845047_-_unassigned	9.29	fp	0
3-CTGCTCGCC	STREME-3	4.5e-003	NC_003888.3_6179915_-_unassigned	9.29	fp	1
3-CTGCTCGCC	STREME-3	4.5e-003	NC_003888.3_311643_+_unassigned	9.26	tp	1
3-CTGCTCGCC	STREME-3	4.5e-003	NC_003888.3_2288886_-_unassigned	9.25	tp	0
3-CTGCTCGCC	STREME-3	4.5e-003	NC_003888.3_5856577_+_unassigned	9.25	tp	0
3-CTGCTCGCC	STREME-3	4.5e-003	NC_003888.3_2524680_+_unassigned	9.25	tp	0
3-CTGCTCGCC	STREME-3	4.5e-003	NC_003888.3_3201216_+_unassigned	9.25	tp	1
3-CTGCTCGCC	STREME-3	4.5e-003	NC_003888.3_4423519_+_unassigned	9.24	tp	0
3-CTGCTCGCC	STREME-3	4.5e-003	NC_003888.3_335643_+_unassigned	9.21	tp	0
3-CTGCTCGCC	STREME-3	4.5e-003	NC_003888.3_8351727_+_unassigned	9.21	tp	0
3-CTGCTCGCC	STREME-3	4.5e-003	NC_003888.3_2698055_-_unassigned	9.21	tp	0
3-CTGCTCGCC	STREME-3	4.5e-003	NC_003888.3_8177298_-_unassigned	9.21	tp	0
3-CTGCTCGCC	STREME-3	4.5e-003	NC_003888.3_3705920_-_unassigned	9.21	tp	0
3-CTGCTCGCC	STREME-3	4.5e-003	NC_003888.3_7937935_-_unassigned	9.21	tp	0
3-CTGCTCGCC	STREME-3	4.5e-003	NC_003888.3_502432_+_unassigned	9.21	tp	0
3-CTGCTCGCC	STREME-3	4.5e-003	NC_003888.3_6745357_+_unassigned	9.21	fp	0
3-CTGCTCGCC	STREME-3	4.5e-003	NC_003888.3_7564598_-_unassigned	9.21	fp	0
3-CTGCTCGCC	STREME-3	4.5e-003	NC_003888.3_7026075_-_unassigned	9.21	fp	0
3-CTGCTCGCC	STREME-3	4.5e-003	NC_003888.3_5598032_+_unassigned	9.21	fp	0
3-CTGCTCGCC	STREME-3	4.5e-003	NC_003888.3_748628_-_unassigned	9.21	fp	0
3-CTGCTCGCC	STREME-3	4.5e-003	NC_003888.3_4002031_+_unassigned	9.21	fp	0
3-CTGCTCGCC	STREME-3	4.5e-003	NC_003888.3_6390563_+_unassigned	9.18	tp	0
3-CTGCTCGCC	STREME-3	4.5e-003	NC_003888.3_5480963_-_unassigned	9.18	fp	0
3-CTGCTCGCC	STREME-3	4.5e-003	NC_003888.3_2018953_-_unassigned	9.18	fp	0
3-CTGCTCGCC	STREME-3	4.5e-003	NC_003888.3_6324015_-_unassigned	9.15	tp	0
3-CTGCTCGCC	STREME-3	4.5e-003	NC_003888.3_2648406_-_unassigned	9.15	tp	0
3-CTGCTCGCC	STREME-3	4.5e-003	NC_003888.3_7774171_+_unassigned	9.15	tp	0
3-CTGCTCGCC	STREME-3	4.5e-003	NC_003888.3_7782064_+_unassigned	9.15	tp	0
3-CTGCTCGCC	STREME-3	4.5e-003	NC_003888.3_4422306_+_unassigned	9.15	tp	0
3-CTGCTCGCC	STREME-3	4.5e-003	NC_003888.3_5636354_+_unassigned	9.14	tp	0
3-CTGCTCGCC	STREME-3	4.5e-003	NC_003888.3_1873871_-_unassigned	9.14	tp	0
3-CTGCTCGCC	STREME-3	4.5e-003	NC_003888.3_2337317_-_unassigned	9.14	tp	0
3-CTGCTCGCC	STREME-3	4.5e-003	NC_003888.3_3861157_-_unassigned	9.14	fp	0
3-CTGCTCGCC	STREME-3	4.5e-003	NC_003888.3_4556552_-_unassigned	9.14	fp	0
3-CTGCTCGCC	STREME-3	4.5e-003	NC_003888.3_7763434_+_unassigned	9.14	tp	1
3-CTGCTCGCC	STREME-3	4.5e-003	NC_003888.3_5325244_+_unassigned	9.11	tp	0
3-CTGCTCGCC	STREME-3	4.5e-003	NC_003888.3_361061_+_unassigned	9.11	fp	0
3-CTGCTCGCC	STREME-3	4.5e-003	NC_003888.3_2869244_-_unassigned	9.11	fp	0
3-CTGCTCGCC	STREME-3	4.5e-003	NC_003888.3_1487678_-_unassigned	9.11	fp	0
3-CTGCTCGCC	STREME-3	4.5e-003	NC_003888.3_8503907_+_unassigned	9.11	fp	1
3-CTGCTCGCC	STREME-3	4.5e-003	NC_003888.3_6143064_+_unassigned	9.05	tp	0
3-CTGCTCGCC	STREME-3	4.5e-003	NC_003888.3_6143024_+_unassigned	9.05	tp	0
3-CTGCTCGCC	STREME-3	4.5e-003	NC_003888.3_5846536_-_unassigned	9.05	fp	0
3-CTGCTCGCC	STREME-3	4.5e-003	NC_003888.3_3552118_+_unassigned	9.05	tp	0
3-CTGCTCGCC	STREME-3	4.5e-003	NC_003888.3_5547372_+_unassigned	9.05	tp	0
3-CTGCTCGCC	STREME-3	4.5e-003	NC_003888.3_4660066_-_unassigned	9.05	tp	0
3-CTGCTCGCC	STREME-3	4.5e-003	NC_003888.3_7396303_-_unassigned	9.04	tp	0
3-CTGCTCGCC	STREME-3	4.5e-003	NC_003888.3_924670_+_unassigned	9.04	tp	0
3-CTGCTCGCC	STREME-3	4.5e-003	NC_003888.3_2076586_-_unassigned	9.04	tp	0
3-CTGCTCGCC	STREME-3	4.5e-003	NC_003888.3_1368664_-_unassigned	9.04	fp	0
3-CTGCTCGCC	STREME-3	4.5e-003	NC_003888.3_4827292_-_unassigned	9.04	fp	0
3-CTGCTCGCC	STREME-3	4.5e-003	NC_003888.3_5131916_+_unassigned	9.04	fp	0
3-CTGCTCGCC	STREME-3	4.5e-003	NC_003888.3_2076585_-_unassigned	9.04	tp	1
3-CTGCTCGCC	STREME-3	4.5e-003	NC_003888.3_1355973_-_unassigned	9.02	tp	0
3-CTGCTCGCC	STREME-3	4.5e-003	NC_003888.3_2775409_+_unassigned	9.01	tp	0
3-CTGCTCGCC	STREME-3	4.5e-003	NC_003888.3_6378711_-_unassigned	9.01	tp	0
3-CTGCTCGCC	STREME-3	4.5e-003	NC_003888.3_7115231_-_unassigned	9.01	tp	0
3-CTGCTCGCC	STREME-3	4.5e-003	NC_003888.3_1044730_-_unassigned	9.01	tp	0
3-CTGCTCGCC	STREME-3	4.5e-003	NC_003888.3_1044730_-_unassigned	9.01	fp	0
3-CTGCTCGCC	STREME-3	4.5e-003	NC_003888.3_8582699_+_unassigned	9.00	tp	0
3-CTGCTCGCC	STREME-3	4.5e-003	NC_003888.3_5910961_+_unassigned	9.00	tp	0
3-CTGCTCGCC	STREME-3	4.5e-003	NC_003888.3_1309926_-_unassigned	9.00	fp	0
3-CTGCTCGCC	STREME-3	4.5e-003	NC_003888.3_7926613_+_unassigned	8.97	tp	0
3-CTGCTCGCC	STREME-3	4.5e-003	NC_003888.3_5404791_+_unassigned	8.97	tp	0
3-CTGCTCGCC	STREME-3	4.5e-003	NC_003888.3_7327682_+_unassigned	8.97	tp	0
3-CTGCTCGCC	STREME-3	4.5e-003	NC_003888.3_7122006_+_unassigned	8.97	tp	0
3-CTGCTCGCC	STREME-3	4.5e-003	NC_003888.3_7086447_-_unassigned	8.97	tp	0
3-CTGCTCGCC	STREME-3	4.5e-003	NC_003888.3_6131209_+_unassigned	8.97	tp	0
3-CTGCTCGCC	STREME-3	4.5e-003	NC_003888.3_5632144_-_unassigned	8.97	fp	0
3-CTGCTCGCC	STREME-3	4.5e-003	NC_003888.3_2141228_-_unassigned	8.97	fp	0
3-CTGCTCGCC	STREME-3	4.5e-003	NC_003888.3_8609981_+_unassigned	8.97	fp	0
3-CTGCTCGCC	STREME-3	4.5e-003	NC_003888.3_7496532_+_unassigned	8.97	fp	0
3-CTGCTCGCC	STREME-3	4.5e-003	NC_003888.3_8030243_+_unassigned	8.97	fp	0
3-CTGCTCGCC	STREME-3	4.5e-003	NC_003888.3_455569_-_unassigned	8.97	tp	0
3-CTGCTCGCC	STREME-3	4.5e-003	NC_003888.3_1875714_+_unassigned	8.97	fp	0
3-CTGCTCGCC	STREME-3	4.5e-003	NC_003888.3_1367353_-_unassigned	8.97	fp	1
3-CTGCTCGCC	STREME-3	4.5e-003	NC_003888.3_4671071_+_unassigned	8.96	fp	1
3-CTGCTCGCC	STREME-3	4.5e-003	NC_003888.3_502432_+_unassigned	8.95	fp	0
3-CTGCTCGCC	STREME-3	4.5e-003	NC_003888.3_4002031_+_unassigned	8.90	tp	0
3-CTGCTCGCC	STREME-3	4.5e-003	NC_003888.3_1716187_-_unassigned	8.90	tp	0
3-CTGCTCGCC	STREME-3	4.5e-003	NC_003888.3_7453048_-_unassigned	8.90	tp	0
3-CTGCTCGCC	STREME-3	4.5e-003	NC_003888.3_547104_+_unassigned	8.90	tp	0
3-CTGCTCGCC	STREME-3	4.5e-003	NC_003888.3_837137_+_unassigned	8.90	tp	0
3-CTGCTCGCC	STREME-3	4.5e-003	NC_003888.3_827053_+_unassigned	8.90	tp	0
3-CTGCTCGCC	STREME-3	4.5e-003	NC_003888.3_3264214_+_unassigned	8.86	tp	0
3-CTGCTCGCC	STREME-3	4.5e-003	NC_003888.3_2182900_+_unassigned	8.86	tp	0
3-CTGCTCGCC	STREME-3	4.5e-003	NC_003888.3_1927059_-_unassigned	8.86	tp	0
3-CTGCTCGCC	STREME-3	4.5e-003	NC_003888.3_4425550_+_unassigned	8.86	fp	0
3-CTGCTCGCC	STREME-3	4.5e-003	NC_003888.3_4521934_-_unassigned	8.86	fp	0
3-CTGCTCGCC	STREME-3	4.5e-003	NC_003888.3_6475220_-_unassigned	8.86	tp	1
3-CTGCTCGCC	STREME-3	4.5e-003	NC_003888.3_4879547_+_unassigned	8.86	fp	1
3-CTGCTCGCC	STREME-3	4.5e-003	NC_003888.3_5637791_+_unassigned	8.85	tp	0
3-CTGCTCGCC	STREME-3	4.5e-003	NC_003888.3_5945248_+_unassigned	8.82	tp	0
3-CTGCTCGCC	STREME-3	4.5e-003	NC_003888.3_1367353_-_unassigned	8.82	tp	0
3-CTGCTCGCC	STREME-3	4.5e-003	NC_003888.3_5965080_+_unassigned	8.82	tp	0
3-CTGCTCGCC	STREME-3	4.5e-003	NC_003888.3_4019267_-_unassigned	8.82	fp	0
3-CTGCTCGCC	STREME-3	4.5e-003	NC_003888.3_6654053_-_unassigned	8.82	fp	1
3-CTGCTCGCC	STREME-3	4.5e-003	NC_003888.3_322787_+_unassigned	8.82	fp	1
3-CTGCTCGCC	STREME-3	4.5e-003	NC_003888.3_2596895_+_unassigned	8.81	tp	0
3-CTGCTCGCC	STREME-3	4.5e-003	NC_003888.3_4040618_-_unassigned	8.81	tp	0
3-CTGCTCGCC	STREME-3	4.5e-003	NC_003888.3_6236091_+_unassigned	8.81	tp	0
3-CTGCTCGCC	STREME-3	4.5e-003	NC_003888.3_1476418_-_unassigned	8.81	tp	0
3-CTGCTCGCC	STREME-3	4.5e-003	NC_003888.3_8507335_+_unassigned	8.81	tp	0
3-CTGCTCGCC	STREME-3	4.5e-003	NC_003888.3_5239897_-_unassigned	8.81	tp	0
3-CTGCTCGCC	STREME-3	4.5e-003	NC_003888.3_2505119_-_unassigned	8.81	tp	0
3-CTGCTCGCC	STREME-3	4.5e-003	NC_003888.3_7192538_+_unassigned	8.81	tp	0
3-CTGCTCGCC	STREME-3	4.5e-003	NC_003888.3_1317399_-_unassigned	8.81	tp	0
3-CTGCTCGCC	STREME-3	4.5e-003	NC_003888.3_3134954_+_unassigned	8.81	tp	0
3-CTGCTCGCC	STREME-3	4.5e-003	NC_003888.3_5156936_+_unassigned	8.81	tp	0
3-CTGCTCGCC	STREME-3	4.5e-003	NC_003888.3_3397992_-_unassigned	8.81	tp	0
3-CTGCTCGCC	STREME-3	4.5e-003	NC_003888.3_5628148_+_unassigned	8.81	tp	0
3-CTGCTCGCC	STREME-3	4.5e-003	NC_003888.3_1157086_-_unassigned	8.81	tp	0
3-CTGCTCGCC	STREME-3	4.5e-003	NC_003888.3_4979100_-_unassigned	8.81	tp	0
3-CTGCTCGCC	STREME-3	4.5e-003	NC_003888.3_7780962_+_unassigned	8.81	tp	0
3-CTGCTCGCC	STREME-3	4.5e-003	NC_003888.3_821656_+_unassigned	8.81	fp	0
3-CTGCTCGCC	STREME-3	4.5e-003	NC_003888.3_4168538_+_unassigned	8.81	fp	0
3-CTGCTCGCC	STREME-3	4.5e-003	NC_003888.3_4611837_+_unassigned	8.81	fp	0
3-CTGCTCGCC	STREME-3	4.5e-003	NC_003888.3_6125183_+_unassigned	8.81	tp	1
3-CTGCTCGCC	STREME-3	4.5e-003	NC_003888.3_3156255_-_unassigned	8.79	tp	0
3-CTGCTCGCC	STREME-3	4.5e-003	NC_003888.3_5714047_+_unassigned	8.76	fp	0
3-CTGCTCGCC	STREME-3	4.5e-003	NC_003888.3_2775409_+_unassigned	8.69	fp	1
3-CTGCTCGCC	STREME-3	4.5e-003	NC_003888.3_5114951_+_unassigned	8.69	tp	0
3-CTGCTCGCC	STREME-3	4.5e-003	NC_003888.3_96883_+_unassigned	8.69	tp	0
3-CTGCTCGCC	STREME-3	4.5e-003	NC_003888.3_4455002_-_unassigned	8.67	tp	0
3-CTGCTCGCC	STREME-3	4.5e-003	NC_003888.3_159639_+_unassigned	8.67	fp	0
3-CTGCTCGCC	STREME-3	4.5e-003	NC_003888.3_5197971_+_unassigned	8.64	tp	0
3-CTGCTCGCC	STREME-3	4.5e-003	NC_003888.3_5090745_+_unassigned	8.64	fp	0
3-CTGCTCGCC	STREME-3	4.5e-003	NC_003888.3_1610938_-_unassigned	8.64	tp	1
3-CTGCTCGCC	STREME-3	4.5e-003	NC_003888.3_1464221_+_unassigned	8.61	tp	0
3-CTGCTCGCC	STREME-3	4.5e-003	NC_003888.3_774575_-_unassigned	8.61	tp	0
3-CTGCTCGCC	STREME-3	4.5e-003	NC_003888.3_7733985_+_unassigned	8.60	fp	0
3-CTGCTCGCC	STREME-3	4.5e-003	NC_003888.3_8244288_+_unassigned	8.59	tp	0
3-CTGCTCGCC	STREME-3	4.5e-003	NC_003888.3_5488415_-_unassigned	8.59	tp	0
3-CTGCTCGCC	STREME-3	4.5e-003	NC_003888.3_585576_-_unassigned	8.59	tp	0
3-CTGCTCGCC	STREME-3	4.5e-003	NC_003888.3_3962152_-_unassigned	8.59	fp	0
3-CTGCTCGCC	STREME-3	4.5e-003	NC_003888.3_3314530_-_unassigned	8.59	fp	0
3-CTGCTCGCC	STREME-3	4.5e-003	NC_003888.3_7902769_-_unassigned	8.59	tp	1
3-CTGCTCGCC	STREME-3	4.5e-003	NC_003888.3_4948212_+_unassigned	8.58	tp	0
3-CTGCTCGCC	STREME-3	4.5e-003	NC_003888.3_5201935_+_unassigned	8.58	fp	0
3-CTGCTCGCC	STREME-3	4.5e-003	NC_003888.3_931766_-_unassigned	8.55	tp	0
3-CTGCTCGCC	STREME-3	4.5e-003	NC_003888.3_5627674_+_unassigned	8.53	tp	0
3-CTGCTCGCC	STREME-3	4.5e-003	NC_003888.3_2888458_-_unassigned	8.51	tp	0
3-CTGCTCGCC	STREME-3	4.5e-003	NC_003888.3_211317_+_unassigned	8.50	tp	0
3-CTGCTCGCC	STREME-3	4.5e-003	NC_003888.3_7795940_-_unassigned	8.50	tp	0
3-CTGCTCGCC	STREME-3	4.5e-003	NC_003888.3_394629_+_unassigned	8.50	tp	0
3-CTGCTCGCC	STREME-3	4.5e-003	NC_003888.3_6943529_-_unassigned	8.50	fp	0
3-CTGCTCGCC	STREME-3	4.5e-003	NC_003888.3_258445_-_unassigned	8.50	tp	1
3-CTGCTCGCC	STREME-3	4.5e-003	NC_003888.3_4036884_+_unassigned	8.50	tp	1
3-CTGCTCGCC	STREME-3	4.5e-003	NC_003888.3_948563_+_unassigned	8.50	tp	0
3-CTGCTCGCC	STREME-3	4.5e-003	NC_003888.3_8667368_+_unassigned	8.50	fp	0
3-CTGCTCGCC	STREME-3	4.5e-003	NC_003888.3_6547212_+_unassigned	8.49	fp	0
3-CTGCTCGCC	STREME-3	4.5e-003	NC_003888.3_5689064_+_unassigned	8.47	fp	0
3-CTGCTCGCC	STREME-3	4.5e-003	NC_003888.3_7621569_-_unassigned	8.42	tp	0
3-CTGCTCGCC	STREME-3	4.5e-003	NC_003888.3_3415316_+_unassigned	8.40	tp	0
3-CTGCTCGCC	STREME-3	4.5e-003	NC_003888.3_7427291_-_unassigned	8.40	fp	0
3-CTGCTCGCC	STREME-3	4.5e-003	NC_003888.3_7118234_+_unassigned	8.40	fp	1
3-CTGCTCGCC	STREME-3	4.5e-003	NC_003888.3_6332169_+_unassigned	8.40	tp	0
3-CTGCTCGCC	STREME-3	4.5e-003	NC_003888.3_3960369_+_unassigned	8.40	tp	0
3-CTGCTCGCC	STREME-3	4.5e-003	NC_003888.3_718697_+_unassigned	8.40	tp	0
3-CTGCTCGCC	STREME-3	4.5e-003	NC_003888.3_6722686_+_unassigned	8.40	tp	0
3-CTGCTCGCC	STREME-3	4.5e-003	NC_003888.3_424404_+_unassigned	8.40	tp	0
3-CTGCTCGCC	STREME-3	4.5e-003	NC_003888.3_5261448_+_unassigned	8.40	tp	0
3-CTGCTCGCC	STREME-3	4.5e-003	NC_003888.3_6840767_+_unassigned	8.37	tp	0
3-CTGCTCGCC	STREME-3	4.5e-003	NC_003888.3_736996_+_unassigned	8.37	tp	0
3-CTGCTCGCC	STREME-3	4.5e-003	NC_003888.3_7388405_+_unassigned	8.37	tp	0
3-CTGCTCGCC	STREME-3	4.5e-003	NC_003888.3_4879547_+_unassigned	8.37	tp	0
3-CTGCTCGCC	STREME-3	4.5e-003	NC_003888.3_2905695_-_unassigned	8.37	tp	0
3-CTGCTCGCC	STREME-3	4.5e-003	NC_003888.3_7503450_+_unassigned	8.37	tp	0
3-CTGCTCGCC	STREME-3	4.5e-003	NC_003888.3_3005415_+_unassigned	8.37	tp	0
3-CTGCTCGCC	STREME-3	4.5e-003	NC_003888.3_5970629_-_unassigned	8.35	tp	0
3-CTGCTCGCC	STREME-3	4.5e-003	NC_003888.3_2143853_-_unassigned	8.35	fp	0
3-CTGCTCGCC	STREME-3	4.5e-003	NC_003888.3_6124300_+_unassigned	8.35	fp	0
3-CTGCTCGCC	STREME-3	4.5e-003	NC_003888.3_6532420_+_unassigned	8.33	tp	0
3-CTGCTCGCC	STREME-3	4.5e-003	NC_003888.3_4732622_+_unassigned	8.33	fp	0
3-CTGCTCGCC	STREME-3	4.5e-003	NC_003888.3_7627960_-_unassigned	8.33	tp	0
3-CTGCTCGCC	STREME-3	4.5e-003	NC_003888.3_6637058_+_unassigned	8.33	tp	1
3-CTGCTCGCC	STREME-3	4.5e-003	NC_003888.3_1875714_+_unassigned	8.32	tp	0
3-CTGCTCGCC	STREME-3	4.5e-003	NC_003888.3_1991764_+_unassigned	8.32	tp	0
3-CTGCTCGCC	STREME-3	4.5e-003	NC_003888.3_7756182_+_unassigned	8.32	fp	0
3-CTGCTCGCC	STREME-3	4.5e-003	NC_003888.3_7163570_+_unassigned	8.30	fp	1
3-CTGCTCGCC	STREME-3	4.5e-003	NC_003888.3_250423_-_unassigned	8.29	tp	0
3-CTGCTCGCC	STREME-3	4.5e-003	NC_003888.3_7911980_+_unassigned	8.28	tp	0
3-CTGCTCGCC	STREME-3	4.5e-003	NC_003888.3_6637818_-_unassigned	8.28	tp	0
3-CTGCTCGCC	STREME-3	4.5e-003	NC_003888.3_6745357_+_unassigned	8.28	tp	1
3-CTGCTCGCC	STREME-3	4.5e-003	NC_003888.3_6936446_+_unassigned	8.28	tp	0
3-CTGCTCGCC	STREME-3	4.5e-003	NC_003888.3_4611837_+_unassigned	8.28	tp	0
3-CTGCTCGCC	STREME-3	4.5e-003	NC_003888.3_7562204_+_unassigned	8.28	tp	0
3-CTGCTCGCC	STREME-3	4.5e-003	NC_003888.3_4788146_+_unassigned	8.28	tp	0
3-CTGCTCGCC	STREME-3	4.5e-003	NC_003888.3_6370293_+_unassigned	8.28	tp	0
3-CTGCTCGCC	STREME-3	4.5e-003	NC_003888.3_5680449_+_unassigned	8.28	tp	0
3-CTGCTCGCC	STREME-3	4.5e-003	NC_003888.3_7058660_+_unassigned	8.28	fp	0
3-CTGCTCGCC	STREME-3	4.5e-003	NC_003888.3_8469250_-_unassigned	8.28	fp	0
3-CTGCTCGCC	STREME-3	4.5e-003	NC_003888.3_7080932_+_unassigned	8.28	tp	1
3-CTGCTCGCC	STREME-3	4.5e-003	NC_003888.3_6350485_+_unassigned	8.26	tp	0
3-CTGCTCGCC	STREME-3	4.5e-003	NC_003888.3_528980_+_unassigned	8.26	tp	0
3-CTGCTCGCC	STREME-3	4.5e-003	NC_003888.3_2071861_-_unassigned	8.26	tp	0
3-CTGCTCGCC	STREME-3	4.5e-003	NC_003888.3_6713719_+_unassigned	8.26	tp	0
3-CTGCTCGCC	STREME-3	4.5e-003	NC_003888.3_3629261_-_unassigned	8.26	tp	0
3-CTGCTCGCC	STREME-3	4.5e-003	NC_003888.3_951396_-_unassigned	8.26	tp	0
3-CTGCTCGCC	STREME-3	4.5e-003	NC_003888.3_528960_+_unassigned	8.26	tp	0
3-CTGCTCGCC	STREME-3	4.5e-003	NC_003888.3_1186033_-_unassigned	8.26	tp	0
3-CTGCTCGCC	STREME-3	4.5e-003	NC_003888.3_7392345_+_unassigned	8.26	tp	0
3-CTGCTCGCC	STREME-3	4.5e-003	NC_003888.3_1108562_-_unassigned	8.26	tp	0
3-CTGCTCGCC	STREME-3	4.5e-003	NC_003888.3_1353063_+_unassigned	8.26	tp	0
3-CTGCTCGCC	STREME-3	4.5e-003	NC_003888.3_4444850_-_unassigned	8.26	fp	0
3-CTGCTCGCC	STREME-3	4.5e-003	NC_003888.3_3510804_-_unassigned	8.26	fp	0
3-CTGCTCGCC	STREME-3	4.5e-003	NC_003888.3_3415316_+_unassigned	8.26	fp	0
3-CTGCTCGCC	STREME-3	4.5e-003	NC_003888.3_5409281_+_unassigned	8.26	fp	0
3-CTGCTCGCC	STREME-3	4.5e-003	NC_003888.3_5270818_+_unassigned	8.26	fp	1
3-CTGCTCGCC	STREME-3	4.5e-003	NC_003888.3_1765299_-_unassigned	8.25	tp	0
3-CTGCTCGCC	STREME-3	4.5e-003	NC_003888.3_5834216_+_unassigned	8.25	tp	0
3-CTGCTCGCC	STREME-3	4.5e-003	NC_003888.3_533344_+_unassigned	8.25	tp	0
3-CTGCTCGCC	STREME-3	4.5e-003	NC_003888.3_6195674_+_unassigned	8.25	tp	0
3-CTGCTCGCC	STREME-3	4.5e-003	NC_003888.3_4987805_+_unassigned	8.25	tp	0
3-CTGCTCGCC	STREME-3	4.5e-003	NC_003888.3_5018171_+_unassigned	8.25	tp	0
3-CTGCTCGCC	STREME-3	4.5e-003	NC_003888.3_1722214_-_unassigned	8.25	tp	0
3-CTGCTCGCC	STREME-3	4.5e-003	NC_003888.3_5146700_-_unassigned	8.25	tp	0
3-CTGCTCGCC	STREME-3	4.5e-003	NC_003888.3_7496532_+_unassigned	8.25	tp	0
3-CTGCTCGCC	STREME-3	4.5e-003	NC_003888.3_4131800_-_unassigned	8.25	tp	0
3-CTGCTCGCC	STREME-3	4.5e-003	NC_003888.3_3038104_+_unassigned	8.25	tp	0
3-CTGCTCGCC	STREME-3	4.5e-003	NC_003888.3_6225507_+_unassigned	8.25	tp	0
3-CTGCTCGCC	STREME-3	4.5e-003	NC_003888.3_7448911_+_unassigned	8.25	tp	0
3-CTGCTCGCC	STREME-3	4.5e-003	NC_003888.3_3658320_+_unassigned	8.25	tp	0
3-CTGCTCGCC	STREME-3	4.5e-003	NC_003888.3_3416393_-_unassigned	8.25	fp	0
3-CTGCTCGCC	STREME-3	4.5e-003	NC_003888.3_199192_+_unassigned	8.25	fp	0
3-CTGCTCGCC	STREME-3	4.5e-003	NC_003888.3_2179942_+_unassigned	8.25	tp	1
3-CTGCTCGCC	STREME-3	4.5e-003	NC_003888.3_4127605_-_unassigned	8.25	tp	1
3-CTGCTCGCC	STREME-3	4.5e-003	NC_003888.3_5146703_+_unassigned	8.25	tp	1
3-CTGCTCGCC	STREME-3	4.5e-003	NC_003888.3_619824_-_unassigned	8.25	tp	1
3-CTGCTCGCC	STREME-3	4.5e-003	NC_003888.3_7107817_+_unassigned	8.25	fp	1
3-CTGCTCGCC	STREME-3	4.5e-003	NC_003888.3_6623455_+_unassigned	8.25	fp	1
3-CTGCTCGCC	STREME-3	4.5e-003	NC_003888.3_1895492_-_unassigned	8.23	fp	0
3-CTGCTCGCC	STREME-3	4.5e-003	NC_003888.3_2338474_-_unassigned	8.19	tp	0
3-CTGCTCGCC	STREME-3	4.5e-003	NC_003888.3_2299840_-_unassigned	8.17	tp	0
3-CTGCTCGCC	STREME-3	4.5e-003	NC_003888.3_8045711_-_unassigned	8.17	tp	0
3-CTGCTCGCC	STREME-3	4.5e-003	NC_003888.3_4638283_-_unassigned	8.17	tp	0
3-CTGCTCGCC	STREME-3	4.5e-003	NC_003888.3_7221811_+_unassigned	8.17	fp	0
3-CTGCTCGCC	STREME-3	4.5e-003	NC_003888.3_4830368_-_unassigned	8.17	tp	1
3-CTGCTCGCC	STREME-3	4.5e-003	NC_003888.3_4417239_-_unassigned	8.17	fp	1
3-CTGCTCGCC	STREME-3	4.5e-003	NC_003888.3_6363770_+_unassigned	8.17	tp	0
3-CTGCTCGCC	STREME-3	4.5e-003	NC_003888.3_5247529_-_unassigned	8.17	tp	0
3-CTGCTCGCC	STREME-3	4.5e-003	NC_003888.3_6813878_+_unassigned	8.17	tp	0
3-CTGCTCGCC	STREME-3	4.5e-003	NC_003888.3_3630628_+_unassigned	8.17	fp	0
3-CTGCTCGCC	STREME-3	4.5e-003	NC_003888.3_1128801_+_unassigned	8.17	tp	0
3-CTGCTCGCC	STREME-3	4.5e-003	NC_003888.3_322390_+_unassigned	8.17	tp	0
3-CTGCTCGCC	STREME-3	4.5e-003	NC_003888.3_1856533_-_unassigned	8.17	tp	0
3-CTGCTCGCC	STREME-3	4.5e-003	NC_003888.3_8369790_+_unassigned	8.17	tp	0
3-CTGCTCGCC	STREME-3	4.5e-003	NC_003888.3_4794682_+_unassigned	8.17	tp	0
3-CTGCTCGCC	STREME-3	4.5e-003	NC_003888.3_1831095_+_unassigned	8.17	tp	0
3-CTGCTCGCC	STREME-3	4.5e-003	NC_003888.3_5241339_+_unassigned	8.17	tp	0
3-CTGCTCGCC	STREME-3	4.5e-003	NC_003888.3_5060014_+_unassigned	8.17	fp	0
3-CTGCTCGCC	STREME-3	4.5e-003	NC_003888.3_2176818_+_unassigned	8.14	tp	0
3-CTGCTCGCC	STREME-3	4.5e-003	NC_003888.3_6664870_-_unassigned	8.14	tp	0
3-CTGCTCGCC	STREME-3	4.5e-003	NC_003888.3_635181_+_unassigned	8.14	tp	0
3-CTGCTCGCC	STREME-3	4.5e-003	NC_003888.3_2529549_-_unassigned	8.14	tp	0
3-CTGCTCGCC	STREME-3	4.5e-003	NC_003888.3_5287690_-_unassigned	8.14	tp	0
3-CTGCTCGCC	STREME-3	4.5e-003	NC_003888.3_2191935_-_unassigned	8.14	tp	0
3-CTGCTCGCC	STREME-3	4.5e-003	NC_003888.3_2333405_-_unassigned	8.14	tp	0
3-CTGCTCGCC	STREME-3	4.5e-003	NC_003888.3_1324386_+_unassigned	8.14	tp	0
3-CTGCTCGCC	STREME-3	4.5e-003	NC_003888.3_5156936_+_unassigned	8.14	fp	0
3-CTGCTCGCC	STREME-3	4.5e-003	NC_003888.3_8177298_-_unassigned	8.14	fp	0
3-CTGCTCGCC	STREME-3	4.5e-003	NC_003888.3_2865031_-_unassigned	8.14	fp	0
3-CTGCTCGCC	STREME-3	4.5e-003	NC_003888.3_3760230_-_unassigned	8.14	fp	0
3-CTGCTCGCC	STREME-3	4.5e-003	NC_003888.3_6938981_+_unassigned	8.14	fp	1
3-CTGCTCGCC	STREME-3	4.5e-003	NC_003888.3_2383583_-_unassigned	8.13	tp	0
3-CTGCTCGCC	STREME-3	4.5e-003	NC_003888.3_7199213_+_unassigned	8.13	tp	0
3-CTGCTCGCC	STREME-3	4.5e-003	NC_003888.3_7903907_-_unassigned	8.13	tp	0
3-CTGCTCGCC	STREME-3	4.5e-003	NC_003888.3_7081363_+_unassigned	8.13	tp	0
3-CTGCTCGCC	STREME-3	4.5e-003	NC_003888.3_1874247_-_unassigned	8.13	tp	0
3-CTGCTCGCC	STREME-3	4.5e-003	NC_003888.3_2751817_-_unassigned	8.13	tp	0
3-CTGCTCGCC	STREME-3	4.5e-003	NC_003888.3_2959107_-_unassigned	8.13	tp	0
3-CTGCTCGCC	STREME-3	4.5e-003	NC_003888.3_78421_+_unassigned	8.13	fp	0
3-CTGCTCGCC	STREME-3	4.5e-003	NC_003888.3_1838616_-_unassigned	8.13	fp	0
3-CTGCTCGCC	STREME-3	4.5e-003	NC_003888.3_2135507_-_unassigned	8.13	fp	0
3-CTGCTCGCC	STREME-3	4.5e-003	NC_003888.3_6185982_+_unassigned	8.13	fp	0
3-CTGCTCGCC	STREME-3	4.5e-003	NC_003888.3_1564492_+_unassigned	8.13	fp	0
3-CTGCTCGCC	STREME-3	4.5e-003	NC_003888.3_7436960_+_unassigned	8.13	fp	0
3-CTGCTCGCC	STREME-3	4.5e-003	NC_003888.3_7199204_+_unassigned	8.13	tp	1
3-CTGCTCGCC	STREME-3	4.5e-003	NC_003888.3_6924937_-_unassigned	8.13	tp	1
3-CTGCTCGCC	STREME-3	4.5e-003	NC_003888.3_7859492_+_unassigned	8.13	tp	0
3-CTGCTCGCC	STREME-3	4.5e-003	NC_003888.3_2285548_-_unassigned	8.13	tp	0
3-CTGCTCGCC	STREME-3	4.5e-003	NC_003888.3_3545579_-_unassigned	8.13	fp	0
3-CTGCTCGCC	STREME-3	4.5e-003	NC_003888.3_863569_-_unassigned	8.13	fp	1
3-CTGCTCGCC	STREME-3	4.5e-003	NC_003888.3_2088792_-_unassigned	8.12	fp	0
3-CTGCTCGCC	STREME-3	4.5e-003	NC_003888.3_4588611_+_unassigned	8.12	fp	0
3-CTGCTCGCC	STREME-3	4.5e-003	NC_003888.3_2845898_-_unassigned	8.11	fp	0
3-CTGCTCGCC	STREME-3	4.5e-003	NC_003888.3_6397210_+_unassigned	8.09	tp	0
3-CTGCTCGCC	STREME-3	4.5e-003	NC_003888.3_251051_+_unassigned	8.09	fp	0
3-CTGCTCGCC	STREME-3	4.5e-003	NC_003888.3_908453_+_unassigned	8.09	tp	0
3-CTGCTCGCC	STREME-3	4.5e-003	NC_003888.3_5774434_-_unassigned	8.09	tp	0
3-CTGCTCGCC	STREME-3	4.5e-003	NC_003888.3_3982418_-_unassigned	8.09	tp	0
3-CTGCTCGCC	STREME-3	4.5e-003	NC_003888.3_1433807_-_unassigned	8.09	tp	0
3-CTGCTCGCC	STREME-3	4.5e-003	NC_003888.3_7177632_-_unassigned	8.08	tp	0
3-CTGCTCGCC	STREME-3	4.5e-003	NC_003888.3_8309848_+_unassigned	8.08	tp	0
3-CTGCTCGCC	STREME-3	4.5e-003	NC_003888.3_7190211_+_unassigned	8.08	fp	0
3-CTGCTCGCC	STREME-3	4.5e-003	NC_003888.3_7446017_+_unassigned	8.06	tp	0
3-CTGCTCGCC	STREME-3	4.5e-003	NC_003888.3_4732622_+_unassigned	8.06	tp	0
3-CTGCTCGCC	STREME-3	4.5e-003	NC_003888.3_6723064_-_unassigned	8.06	tp	0
3-CTGCTCGCC	STREME-3	4.5e-003	NC_003888.3_7030902_+_unassigned	8.06	tp	0
3-CTGCTCGCC	STREME-3	4.5e-003	NC_003888.3_2387025_-_unassigned	8.06	tp	0
3-CTGCTCGCC	STREME-3	4.5e-003	NC_003888.3_5424038_+_unassigned	8.06	tp	0
3-CTGCTCGCC	STREME-3	4.5e-003	NC_003888.3_1155718_+_unassigned	8.06	fp	0
3-CTGCTCGCC	STREME-3	4.5e-003	NC_003888.3_718697_+_unassigned	8.06	fp	0
3-CTGCTCGCC	STREME-3	4.5e-003	NC_003888.3_6004403_+_unassigned	8.06	tp	1
3-CTGCTCGCC	STREME-3	4.5e-003	NC_003888.3_4863478_+_unassigned	8.05	fp	0
3-CTGCTCGCC	STREME-3	4.5e-003	NC_003888.3_6485079_+_unassigned	8.05	fp	0
3-CTGCTCGCC	STREME-3	4.5e-003	NC_003888.3_3042680_-_unassigned	8.05	fp	0
3-CTGCTCGCC	STREME-3	4.5e-003	NC_003888.3_4654413_-_unassigned	8.03	fp	0
3-CTGCTCGCC	STREME-3	4.5e-003	NC_003888.3_7902769_-_unassigned	8.03	fp	0
3-CTGCTCGCC	STREME-3	4.5e-003	NC_003888.3_6286267_+_unassigned	8.02	tp	0
3-CTGCTCGCC	STREME-3	4.5e-003	NC_003888.3_766828_-_unassigned	8.02	tp	0
3-CTGCTCGCC	STREME-3	4.5e-003	NC_003888.3_199170_+_unassigned	8.02	tp	0
3-CTGCTCGCC	STREME-3	4.5e-003	NC_003888.3_6813688_-_unassigned	8.02	tp	0
3-CTGCTCGCC	STREME-3	4.5e-003	NC_003888.3_8202693_+_unassigned	8.02	tp	0
3-CTGCTCGCC	STREME-3	4.5e-003	NC_003888.3_2176818_+_unassigned	8.02	fp	0
3-CTGCTCGCC	STREME-3	4.5e-003	NC_003888.3_8201505_+_unassigned	8.02	tp	1
3-CTGCTCGCC	STREME-3	4.5e-003	NC_003888.3_7304447_-_unassigned	8.01	tp	0
3-CTGCTCGCC	STREME-3	4.5e-003	NC_003888.3_2299840_-_unassigned	8.00	fp	0
3-CTGCTCGCC	STREME-3	4.5e-003	NC_003888.3_851027_-_unassigned	8.00	tp	1
3-CTGCTCGCC	STREME-3	4.5e-003	NC_003888.3_2103463_-_unassigned	8.00	tp	1
3-CTGCTCGCC	STREME-3	4.5e-003	NC_003888.3_8072230_-_unassigned	7.99	tp	0
3-CTGCTCGCC	STREME-3	4.5e-003	NC_003888.3_5336738_+_unassigned	7.99	fp	0
3-CTGCTCGCC	STREME-3	4.5e-003	NC_003888.3_4720313_+_unassigned	7.99	fp	0
3-CTGCTCGCC	STREME-3	4.5e-003	NC_003888.3_7380011_+_unassigned	7.99	tp	0
3-CTGCTCGCC	STREME-3	4.5e-003	NC_003888.3_7380013_+_unassigned	7.99	tp	0
3-CTGCTCGCC	STREME-3	4.5e-003	NC_003888.3_5974526_+_unassigned	7.99	tp	0
3-CTGCTCGCC	STREME-3	4.5e-003	NC_003888.3_648438_+_unassigned	7.99	fp	0
3-CTGCTCGCC	STREME-3	4.5e-003	NC_003888.3_7380010_+_unassigned	7.99	tp	1
3-CTGCTCGCC	STREME-3	4.5e-003	NC_003888.3_1981135_-_unassigned	7.99	tp	0
3-CTGCTCGCC	STREME-3	4.5e-003	NC_003888.3_7828778_+_unassigned	7.99	tp	0
3-CTGCTCGCC	STREME-3	4.5e-003	NC_003888.3_5218969_+_unassigned	7.99	fp	0
3-CTGCTCGCC	STREME-3	4.5e-003	NC_003888.3_947270_-_unassigned	7.99	fp	0
3-CTGCTCGCC	STREME-3	4.5e-003	NC_003888.3_4463754_+_unassigned	7.99	fp	0
3-CTGCTCGCC	STREME-3	4.5e-003	NC_003888.3_311643_+_unassigned	7.99	fp	0
3-CTGCTCGCC	STREME-3	4.5e-003	NC_003888.3_7380010_+_unassigned	7.96	fp	0
3-CTGCTCGCC	STREME-3	4.5e-003	NC_003888.3_7195982_+_unassigned	7.95	tp	0
3-CTGCTCGCC	STREME-3	4.5e-003	NC_003888.3_763095_+_unassigned	7.95	tp	0
3-CTGCTCGCC	STREME-3	4.5e-003	NC_003888.3_7804288_-_unassigned	7.95	fp	0
3-CTGCTCGCC	STREME-3	4.5e-003	NC_003888.3_3466613_-_unassigned	7.95	fp	0
3-CTGCTCGCC	STREME-3	4.5e-003	NC_003888.3_163824_-_unassigned	7.95	fp	0
3-CTGCTCGCC	STREME-3	4.5e-003	NC_003888.3_4655000_-_unassigned	7.95	fp	0
3-CTGCTCGCC	STREME-3	4.5e-003	NC_003888.3_8030243_+_unassigned	7.95	tp	1
3-CTGCTCGCC	STREME-3	4.5e-003	NC_003888.3_5727104_-_unassigned	7.95	fp	1
3-CTGCTCGCC	STREME-3	4.5e-003	NC_003888.3_355626_+_unassigned	7.93	tp	0
3-CTGCTCGCC	STREME-3	4.5e-003	NC_003888.3_2623491_-_unassigned	7.93	fp	0
3-CTGCTCGCC	STREME-3	4.5e-003	NC_003888.3_2323599_-_unassigned	7.93	tp	1
3-CTGCTCGCC	STREME-3	4.5e-003	NC_003888.3_6688916_+_unassigned	7.91	tp	0
3-CTGCTCGCC	STREME-3	4.5e-003	NC_003888.3_4829045_+_unassigned	7.91	tp	0
3-CTGCTCGCC	STREME-3	4.5e-003	NC_003888.3_8463425_-_unassigned	7.91	tp	0
3-CTGCTCGCC	STREME-3	4.5e-003	NC_003888.3_51943_+_unassigned	7.91	tp	0
3-CTGCTCGCC	STREME-3	4.5e-003	NC_003888.3_7621569_-_unassigned	7.91	fp	0
3-CTGCTCGCC	STREME-3	4.5e-003	NC_003888.3_6800883_+_unassigned	7.91	fp	0
3-CTGCTCGCC	STREME-3	4.5e-003	NC_003888.3_7311662_-_unassigned	7.91	fp	0
3-CTGCTCGCC	STREME-3	4.5e-003	NC_003888.3_981319_-_unassigned	7.89	tp	0
3-CTGCTCGCC	STREME-3	4.5e-003	NC_003888.3_3961328_-_unassigned	7.89	tp	0
3-CTGCTCGCC	STREME-3	4.5e-003	NC_003888.3_5043643_-_unassigned	7.88	tp	0
3-CTGCTCGCC	STREME-3	4.5e-003	NC_003888.3_7920699_+_unassigned	7.88	tp	0
3-CTGCTCGCC	STREME-3	4.5e-003	NC_003888.3_5952699_+_unassigned	7.88	tp	0
3-CTGCTCGCC	STREME-3	4.5e-003	NC_003888.3_5626705_+_unassigned	7.88	tp	0
3-CTGCTCGCC	STREME-3	4.5e-003	NC_003888.3_8110105_-_unassigned	7.88	fp	0
3-CTGCTCGCC	STREME-3	4.5e-003	NC_003888.3_8342393_+_unassigned	7.88	tp	0
3-CTGCTCGCC	STREME-3	4.5e-003	NC_003888.3_1702783_-_unassigned	7.88	tp	0
3-CTGCTCGCC	STREME-3	4.5e-003	NC_003888.3_6510534_+_unassigned	7.88	fp	0
3-CTGCTCGCC	STREME-3	4.5e-003	NC_003888.3_2623491_-_unassigned	7.87	tp	0
3-CTGCTCGCC	STREME-3	4.5e-003	NC_003888.3_3510804_-_unassigned	7.87	tp	0
3-CTGCTCGCC	STREME-3	4.5e-003	NC_003888.3_1729543_+_unassigned	7.87	tp	0
3-CTGCTCGCC	STREME-3	4.5e-003	NC_003888.3_5904284_-_unassigned	7.87	tp	0
3-CTGCTCGCC	STREME-3	4.5e-003	NC_003888.3_3291133_+_unassigned	7.87	tp	0
3-CTGCTCGCC	STREME-3	4.5e-003	NC_003888.3_7764272_+_unassigned	7.87	fp	1
3-CTGCTCGCC	STREME-3	4.5e-003	NC_003888.3_1638262_-_unassigned	7.85	tp	0
3-CTGCTCGCC	STREME-3	4.5e-003	NC_003888.3_3561649_+_unassigned	7.85	tp	0
3-CTGCTCGCC	STREME-3	4.5e-003	NC_003888.3_6479433_+_unassigned	7.84	fp	0
3-CTGCTCGCC	STREME-3	4.5e-003	NC_003888.3_10764_+_unassigned	7.83	tp	0
3-CTGCTCGCC	STREME-3	4.5e-003	NC_003888.3_584030_-_unassigned	7.83	tp	0
3-CTGCTCGCC	STREME-3	4.5e-003	NC_003888.3_5353019_-_unassigned	7.82	tp	0
3-CTGCTCGCC	STREME-3	4.5e-003	NC_003888.3_774242_-_unassigned	7.82	tp	0
3-CTGCTCGCC	STREME-3	4.5e-003	NC_003888.3_8182129_+_unassigned	7.82	tp	0
3-CTGCTCGCC	STREME-3	4.5e-003	NC_003888.3_4053596_+_unassigned	7.82	tp	0
3-CTGCTCGCC	STREME-3	4.5e-003	NC_003888.3_1711979_-_unassigned	7.82	tp	0
3-CTGCTCGCC	STREME-3	4.5e-003	NC_003888.3_1304284_-_unassigned	7.82	fp	0
3-CTGCTCGCC	STREME-3	4.5e-003	NC_003888.3_2444862_+_unassigned	7.82	fp	0
3-CTGCTCGCC	STREME-3	4.5e-003	NC_003888.3_3011319_-_unassigned	7.82	fp	0
3-CTGCTCGCC	STREME-3	4.5e-003	NC_003888.3_4875331_+_unassigned	7.82	tp	1
3-CTGCTCGCC	STREME-3	4.5e-003	NC_003888.3_8182129_+_unassigned	7.82	fp	1
3-CTGCTCGCC	STREME-3	4.5e-003	NC_003888.3_4033027_-_unassigned	7.82	fp	1
3-CTGCTCGCC	STREME-3	4.5e-003	NC_003888.3_7459504_+_unassigned	7.81	tp	0
3-CTGCTCGCC	STREME-3	4.5e-003	NC_003888.3_7246146_-_unassigned	7.81	tp	0
3-CTGCTCGCC	STREME-3	4.5e-003	NC_003888.3_5270818_+_unassigned	7.81	tp	0
3-CTGCTCGCC	STREME-3	4.5e-003	NC_003888.3_4347071_-_unassigned	7.81	tp	0
3-CTGCTCGCC	STREME-3	4.5e-003	NC_003888.3_7246203_+_unassigned	7.81	tp	0
3-CTGCTCGCC	STREME-3	4.5e-003	NC_003888.3_6040623_-_unassigned	7.81	tp	0
3-CTGCTCGCC	STREME-3	4.5e-003	NC_003888.3_2478973_+_unassigned	7.81	tp	0
3-CTGCTCGCC	STREME-3	4.5e-003	NC_003888.3_1184059_+_unassigned	7.81	tp	0
3-CTGCTCGCC	STREME-3	4.5e-003	NC_003888.3_7799101_+_unassigned	7.81	fp	0
3-CTGCTCGCC	STREME-3	4.5e-003	NC_003888.3_7867253_+_unassigned	7.81	fp	0
3-CTGCTCGCC	STREME-3	4.5e-003	NC_003888.3_2558083_+_unassigned	7.77	tp	0
3-CTGCTCGCC	STREME-3	4.5e-003	NC_003888.3_4669533_+_unassigned	7.77	tp	0
3-CTGCTCGCC	STREME-3	4.5e-003	NC_003888.3_4669535_+_unassigned	7.77	tp	1
3-CTGCTCGCC	STREME-3	4.5e-003	NC_003888.3_1993593_+_unassigned	7.77	tp	0
3-CTGCTCGCC	STREME-3	4.5e-003	NC_003888.3_6623455_+_unassigned	7.76	tp	0
3-CTGCTCGCC	STREME-3	4.5e-003	NC_003888.3_2071920_+_unassigned	7.76	tp	0
3-CTGCTCGCC	STREME-3	4.5e-003	NC_003888.3_6144879_+_unassigned	7.76	fp	0
3-CTGCTCGCC	STREME-3	4.5e-003	NC_003888.3_2505119_-_unassigned	7.76	fp	0
3-CTGCTCGCC	STREME-3	4.5e-003	NC_003888.3_7851213_+_unassigned	7.76	tp	1
3-CTGCTCGCC	STREME-3	4.5e-003	NC_003888.3_7942461_-_unassigned	7.75	tp	0
3-CTGCTCGCC	STREME-3	4.5e-003	NC_003888.3_250423_-_unassigned	7.75	fp	0
3-CTGCTCGCC	STREME-3	4.5e-003	NC_003888.3_7199213_+_unassigned	7.75	fp	0
3-CTGCTCGCC	STREME-3	4.5e-003	NC_003888.3_5634926_+_unassigned	7.75	tp	0
3-CTGCTCGCC	STREME-3	4.5e-003	NC_003888.3_8000724_-_unassigned	7.75	tp	0
3-CTGCTCGCC	STREME-3	4.5e-003	NC_003888.3_8504282_-_unassigned	7.75	tp	0
3-CTGCTCGCC	STREME-3	4.5e-003	NC_003888.3_1236842_+_unassigned	7.75	tp	0
3-CTGCTCGCC	STREME-3	4.5e-003	NC_003888.3_6558103_+_unassigned	7.75	tp	0
3-CTGCTCGCC	STREME-3	4.5e-003	NC_003888.3_4575653_-_unassigned	7.73	tp	0
3-CTGCTCGCC	STREME-3	4.5e-003	NC_003888.3_3254760_-_unassigned	7.73	tp	0
3-CTGCTCGCC	STREME-3	4.5e-003	NC_003888.3_3630498_-_unassigned	7.73	tp	1
3-CTGCTCGCC	STREME-3	4.5e-003	NC_003888.3_3358874_+_unassigned	7.73	fp	1
3-CTGCTCGCC	STREME-3	4.5e-003	NC_003888.3_6112592_+_unassigned	7.73	tp	0
3-CTGCTCGCC	STREME-3	4.5e-003	NC_003888.3_2472314_-_unassigned	7.73	tp	0
3-CTGCTCGCC	STREME-3	4.5e-003	NC_003888.3_6049924_+_unassigned	7.73	fp	0
3-CTGCTCGCC	STREME-3	4.5e-003	NC_003888.3_6762219_+_unassigned	7.72	tp	0
3-CTGCTCGCC	STREME-3	4.5e-003	NC_003888.3_1854291_-_unassigned	7.72	tp	0
3-CTGCTCGCC	STREME-3	4.5e-003	NC_003888.3_8287053_-_unassigned	7.72	tp	0
3-CTGCTCGCC	STREME-3	4.5e-003	NC_003888.3_8503907_+_unassigned	7.72	tp	0
3-CTGCTCGCC	STREME-3	4.5e-003	NC_003888.3_8218465_-_unassigned	7.72	tp	0
3-CTGCTCGCC	STREME-3	4.5e-003	NC_003888.3_5515781_+_unassigned	7.69	tp	0
3-CTGCTCGCC	STREME-3	4.5e-003	NC_003888.3_4848927_+_unassigned	7.69	tp	0
#
4-CGCCCYCRCC	STREME-4	5.9e-003	NC_003888.3_1742556_-_unassigned	12.92	tp	1
4-CGCCCYCRCC	STREME-4	5.9e-003	NC_003888.3_1128801_+_unassigned	12.68	tp	0
4-CGCCCYCRCC	STREME-4	5.9e-003	NC_003888.3_7640577_-_unassigned	12.68	tp	0
4-CGCCCYCRCC	STREME-4	5.9e-003	NC_003888.3_1655791_-_unassigned	12.68	tp	0
4-CGCCCYCRCC	STREME-4	5.9e-003	NC_003888.3_6378711_-_unassigned	12.68	tp	0
4-CGCCCYCRCC	STREME-4	5.9e-003	NC_003888.3_8308460_+_unassigned	12.68	tp	0
4-CGCCCYCRCC	STREME-4	5.9e-003	NC_003888.3_491662_+_unassigned	12.68	tp	0
4-CGCCCYCRCC	STREME-4	5.9e-003	NC_003888.3_4655000_-_unassigned	12.68	tp	0
4-CGCCCYCRCC	STREME-4	5.9e-003	NC_003888.3_1282534_-_unassigned	12.68	fp	0
4-CGCCCYCRCC	STREME-4	5.9e-003	NC_003888.3_2103920_-_unassigned	12.68	fp	0
4-CGCCCYCRCC	STREME-4	5.9e-003	NC_003888.3_5349120_+_unassigned	12.67	tp	0
4-CGCCCYCRCC	STREME-4	5.9e-003	NC_003888.3_4838996_-_unassigned	12.67	tp	0
4-CGCCCYCRCC	STREME-4	5.9e-003	NC_003888.3_2694863_-_unassigned	12.67	tp	0
4-CGCCCYCRCC	STREME-4	5.9e-003	NC_003888.3_5349082_-_unassigned	12.67	tp	0
4-CGCCCYCRCC	STREME-4	5.9e-003	NC_003888.3_6128993_-_unassigned	12.67	tp	0
4-CGCCCYCRCC	STREME-4	5.9e-003	NC_003888.3_7667977_+_unassigned	12.67	tp	0
4-CGCCCYCRCC	STREME-4	5.9e-003	NC_003888.3_5423218_+_unassigned	12.67	fp	1
4-CGCCCYCRCC	STREME-4	5.9e-003	NC_003888.3_1731174_-_unassigned	12.44	tp	0
4-CGCCCYCRCC	STREME-4	5.9e-003	NC_003888.3_7779906_+_unassigned	12.44	tp	0
4-CGCCCYCRCC	STREME-4	5.9e-003	NC_003888.3_6195674_+_unassigned	12.31	fp	0
4-CGCCCYCRCC	STREME-4	5.9e-003	NC_003888.3_6765558_-_unassigned	12.31	tp	1
4-CGCCCYCRCC	STREME-4	5.9e-003	NC_003888.3_3771769_-_unassigned	12.20	tp	0
4-CGCCCYCRCC	STREME-4	5.9e-003	NC_003888.3_598176_-_unassigned	12.20	tp	0
4-CGCCCYCRCC	STREME-4	5.9e-003	NC_003888.3_7195982_+_unassigned	12.20	tp	0
4-CGCCCYCRCC	STREME-4	5.9e-003	NC_003888.3_7126570_+_unassigned	12.20	tp	0
4-CGCCCYCRCC	STREME-4	5.9e-003	NC_003888.3_748628_-_unassigned	12.20	tp	0
4-CGCCCYCRCC	STREME-4	5.9e-003	NC_003888.3_793265_-_unassigned	12.20	tp	0
4-CGCCCYCRCC	STREME-4	5.9e-003	NC_003888.3_476603_+_unassigned	12.20	tp	0
4-CGCCCYCRCC	STREME-4	5.9e-003	NC_003888.3_1157357_-_unassigned	12.20	tp	0
4-CGCCCYCRCC	STREME-4	5.9e-003	NC_003888.3_6879641_+_unassigned	12.20	tp	0
4-CGCCCYCRCC	STREME-4	5.9e-003	NC_003888.3_1157370_-_unassigned	12.20	tp	0
4-CGCCCYCRCC	STREME-4	5.9e-003	NC_003888.3_7711317_+_unassigned	12.20	tp	0
4-CGCCCYCRCC	STREME-4	5.9e-003	NC_003888.3_4567337_+_unassigned	12.20	tp	0
4-CGCCCYCRCC	STREME-4	5.9e-003	NC_003888.3_3658320_+_unassigned	12.20	tp	0
4-CGCCCYCRCC	STREME-4	5.9e-003	NC_003888.3_1520962_-_unassigned	12.20	fp	0
4-CGCCCYCRCC	STREME-4	5.9e-003	NC_003888.3_3309511_-_unassigned	12.20	tp	1
4-CGCCCYCRCC	STREME-4	5.9e-003	NC_003888.3_3861157_-_unassigned	12.19	tp	0
4-CGCCCYCRCC	STREME-4	5.9e-003	NC_003888.3_4149863_-_unassigned	12.19	tp	0
4-CGCCCYCRCC	STREME-4	5.9e-003	NC_003888.3_7499515_+_unassigned	12.19	tp	0
4-CGCCCYCRCC	STREME-4	5.9e-003	NC_003888.3_7148770_+_unassigned	12.19	tp	0
4-CGCCCYCRCC	STREME-4	5.9e-003	NC_003888.3_6552712_+_unassigned	12.19	tp	0
4-CGCCCYCRCC	STREME-4	5.9e-003	NC_003888.3_1288387_-_unassigned	12.19	tp	0
4-CGCCCYCRCC	STREME-4	5.9e-003	NC_003888.3_7148769_+_unassigned	12.19	tp	0
4-CGCCCYCRCC	STREME-4	5.9e-003	NC_003888.3_2582908_-_unassigned	12.19	tp	0
4-CGCCCYCRCC	STREME-4	5.9e-003	NC_003888.3_5336738_+_unassigned	12.19	fp	0
4-CGCCCYCRCC	STREME-4	5.9e-003	NC_003888.3_2582908_-_unassigned	12.19	fp	0
4-CGCCCYCRCC	STREME-4	5.9e-003	NC_003888.3_1878760_-_unassigned	12.19	fp	0
4-CGCCCYCRCC	STREME-4	5.9e-003	NC_003888.3_5500255_+_unassigned	12.19	tp	1
4-CGCCCYCRCC	STREME-4	5.9e-003	NC_003888.3_1993593_+_unassigned	12.07	tp	0
4-CGCCCYCRCC	STREME-4	5.9e-003	NC_003888.3_769641_+_unassigned	12.07	tp	0
4-CGCCCYCRCC	STREME-4	5.9e-003	NC_003888.3_2484550_+_unassigned	12.07	tp	0
4-CGCCCYCRCC	STREME-4	5.9e-003	NC_003888.3_4549772_-_unassigned	12.07	tp	0
4-CGCCCYCRCC	STREME-4	5.9e-003	NC_003888.3_6637818_-_unassigned	12.07	tp	0
4-CGCCCYCRCC	STREME-4	5.9e-003	NC_003888.3_2036680_+_unassigned	12.07	tp	0
4-CGCCCYCRCC	STREME-4	5.9e-003	NC_003888.3_2484552_+_unassigned	12.07	tp	0
4-CGCCCYCRCC	STREME-4	5.9e-003	NC_003888.3_528960_+_unassigned	12.07	tp	0
4-CGCCCYCRCC	STREME-4	5.9e-003	NC_003888.3_5721467_-_unassigned	12.07	tp	0
4-CGCCCYCRCC	STREME-4	5.9e-003	NC_003888.3_5721494_-_unassigned	12.07	tp	0
4-CGCCCYCRCC	STREME-4	5.9e-003	NC_003888.3_6789358_+_unassigned	12.07	tp	0
4-CGCCCYCRCC	STREME-4	5.9e-003	NC_003888.3_934941_+_unassigned	12.07	fp	0
4-CGCCCYCRCC	STREME-4	5.9e-003	NC_003888.3_2352583_-_unassigned	12.07	fp	1
4-CGCCCYCRCC	STREME-4	5.9e-003	NC_003888.3_3291133_+_unassigned	12.07	fp	1
4-CGCCCYCRCC	STREME-4	5.9e-003	NC_003888.3_7553533_+_unassigned	12.07	fp	1
4-CGCCCYCRCC	STREME-4	5.9e-003	NC_003888.3_5349012_-_unassigned	12.07	fp	1
4-CGCCCYCRCC	STREME-4	5.9e-003	NC_003888.3_5261448_+_unassigned	12.06	tp	0
4-CGCCCYCRCC	STREME-4	5.9e-003	NC_003888.3_4040618_-_unassigned	12.06	fp	0
4-CGCCCYCRCC	STREME-4	5.9e-003	NC_003888.3_2339738_+_unassigned	12.06	tp	0
4-CGCCCYCRCC	STREME-4	5.9e-003	NC_003888.3_3254760_-_unassigned	12.06	tp	0
4-CGCCCYCRCC	STREME-4	5.9e-003	NC_003888.3_3057124_-_unassigned	12.06	tp	0
4-CGCCCYCRCC	STREME-4	5.9e-003	NC_003888.3_2339771_+_unassigned	12.06	tp	0
4-CGCCCYCRCC	STREME-4	5.9e-003	NC_003888.3_1595946_-_unassigned	12.06	fp	0
4-CGCCCYCRCC	STREME-4	5.9e-003	NC_003888.3_8349114_+_unassigned	12.06	fp	0
4-CGCCCYCRCC	STREME-4	5.9e-003	NC_003888.3_7651449_-_unassigned	11.95	tp	0
4-CGCCCYCRCC	STREME-4	5.9e-003	NC_003888.3_7081363_+_unassigned	11.58	tp	0
4-CGCCCYCRCC	STREME-4	5.9e-003	NC_003888.3_8257591_+_unassigned	11.58	tp	0
4-CGCCCYCRCC	STREME-4	5.9e-003	NC_003888.3_5222799_-_unassigned	11.56	tp	0
4-CGCCCYCRCC	STREME-4	5.9e-003	NC_003888.3_6840767_+_unassigned	11.56	fp	0
4-CGCCCYCRCC	STREME-4	5.9e-003	NC_003888.3_934941_+_unassigned	11.43	tp	0
4-CGCCCYCRCC	STREME-4	5.9e-003	NC_003888.3_3177293_+_unassigned	11.43	tp	0
4-CGCCCYCRCC	STREME-4	5.9e-003	NC_003888.3_3177291_-_unassigned	11.43	tp	0
4-CGCCCYCRCC	STREME-4	5.9e-003	NC_003888.3_1719430_+_unassigned	11.43	tp	0
4-CGCCCYCRCC	STREME-4	5.9e-003	NC_003888.3_6228298_+_unassigned	11.43	tp	0
4-CGCCCYCRCC	STREME-4	5.9e-003	NC_003888.3_3793220_-_unassigned	11.43	tp	0
4-CGCCCYCRCC	STREME-4	5.9e-003	NC_003888.3_4149863_-_unassigned	11.43	fp	0
4-CGCCCYCRCC	STREME-4	5.9e-003	NC_003888.3_5025328_+_unassigned	11.43	tp	1
4-CGCCCYCRCC	STREME-4	5.9e-003	NC_003888.3_5693194_+_unassigned	11.35	tp	0
4-CGCCCYCRCC	STREME-4	5.9e-003	NC_003888.3_3695015_-_unassigned	11.19	tp	0
4-CGCCCYCRCC	STREME-4	5.9e-003	NC_003888.3_1956318_-_unassigned	11.19	tp	0
4-CGCCCYCRCC	STREME-4	5.9e-003	NC_003888.3_6038633_-_unassigned	11.19	tp	0
4-CGCCCYCRCC	STREME-4	5.9e-003	NC_003888.3_4611837_+_unassigned	11.19	tp	0
4-CGCCCYCRCC	STREME-4	5.9e-003	NC_003888.3_2558083_+_unassigned	11.19	tp	0
4-CGCCCYCRCC	STREME-4	5.9e-003	NC_003888.3_3999709_-_unassigned	11.19	tp	0
4-CGCCCYCRCC	STREME-4	5.9e-003	NC_003888.3_5581267_+_unassigned	11.19	tp	0
4-CGCCCYCRCC	STREME-4	5.9e-003	NC_003888.3_6195674_+_unassigned	11.19	tp	0
4-CGCCCYCRCC	STREME-4	5.9e-003	NC_003888.3_720913_+_unassigned	11.19	tp	0
4-CGCCCYCRCC	STREME-4	5.9e-003	NC_003888.3_2475848_+_unassigned	11.19	tp	0
4-CGCCCYCRCC	STREME-4	5.9e-003	NC_003888.3_7155223_-_unassigned	11.19	tp	0
4-CGCCCYCRCC	STREME-4	5.9e-003	NC_003888.3_5945248_+_unassigned	11.19	tp	0
4-CGCCCYCRCC	STREME-4	5.9e-003	NC_003888.3_3999824_-_unassigned	11.19	tp	0
4-CGCCCYCRCC	STREME-4	5.9e-003	NC_003888.3_6918241_-_unassigned	11.19	tp	0
4-CGCCCYCRCC	STREME-4	5.9e-003	NC_003888.3_8479248_-_unassigned	11.19	tp	0
4-CGCCCYCRCC	STREME-4	5.9e-003	NC_003888.3_6770835_+_unassigned	11.19	tp	0
4-CGCCCYCRCC	STREME-4	5.9e-003	NC_003888.3_4146829_-_unassigned	11.19	tp	0
4-CGCCCYCRCC	STREME-4	5.9e-003	NC_003888.3_3883791_+_unassigned	11.19	tp	0
4-CGCCCYCRCC	STREME-4	5.9e-003	NC_003888.3_5349012_-_unassigned	11.19	tp	0
4-CGCCCYCRCC	STREME-4	5.9e-003	NC_003888.3_6800883_+_unassigned	11.19	tp	0
4-CGCCCYCRCC	STREME-4	5.9e-003	NC_003888.3_429897_+_unassigned	11.19	tp	0
4-CGCCCYCRCC	STREME-4	5.9e-003	NC_003888.3_5872839_-_unassigned	11.19	tp	0
4-CGCCCYCRCC	STREME-4	5.9e-003	NC_003888.3_4229828_+_unassigned	11.19	tp	0
4-CGCCCYCRCC	STREME-4	5.9e-003	NC_003888.3_1824359_-_unassigned	11.19	fp	0
4-CGCCCYCRCC	STREME-4	5.9e-003	NC_003888.3_4037910_-_unassigned	11.19	fp	0
4-CGCCCYCRCC	STREME-4	5.9e-003	NC_003888.3_4805516_+_unassigned	11.19	fp	0
4-CGCCCYCRCC	STREME-4	5.9e-003	NC_003888.3_7543603_-_unassigned	11.19	fp	0
4-CGCCCYCRCC	STREME-4	5.9e-003	NC_003888.3_3795669_-_unassigned	11.19	tp	1
4-CGCCCYCRCC	STREME-4	5.9e-003	NC_003888.3_6337111_+_unassigned	11.19	tp	1
4-CGCCCYCRCC	STREME-4	5.9e-003	NC_003888.3_7281113_+_unassigned	11.18	tp	0
4-CGCCCYCRCC	STREME-4	5.9e-003	NC_003888.3_7281100_+_unassigned	11.18	tp	0
4-CGCCCYCRCC	STREME-4	5.9e-003	NC_003888.3_8507335_+_unassigned	11.18	tp	0
4-CGCCCYCRCC	STREME-4	5.9e-003	NC_003888.3_1520962_-_unassigned	11.18	tp	0
4-CGCCCYCRCC	STREME-4	5.9e-003	NC_003888.3_3113410_+_unassigned	11.18	tp	0
4-CGCCCYCRCC	STREME-4	5.9e-003	NC_003888.3_6613155_+_unassigned	11.18	tp	0
4-CGCCCYCRCC	STREME-4	5.9e-003	NC_003888.3_2698055_-_unassigned	11.18	tp	0
4-CGCCCYCRCC	STREME-4	5.9e-003	NC_003888.3_436495_-_unassigned	11.18	tp	0
4-CGCCCYCRCC	STREME-4	5.9e-003	NC_003888.3_2074343_-_unassigned	11.18	tp	0
4-CGCCCYCRCC	STREME-4	5.9e-003	NC_003888.3_2143853_-_unassigned	11.18	tp	0
4-CGCCCYCRCC	STREME-4	5.9e-003	NC_003888.3_1805037_-_unassigned	11.18	tp	0
4-CGCCCYCRCC	STREME-4	5.9e-003	NC_003888.3_6337111_+_unassigned	11.18	fp	0
4-CGCCCYCRCC	STREME-4	5.9e-003	NC_003888.3_1831095_+_unassigned	11.18	fp	0
4-CGCCCYCRCC	STREME-4	5.9e-003	NC_003888.3_1969217_-_unassigned	11.18	fp	0
4-CGCCCYCRCC	STREME-4	5.9e-003	NC_003888.3_3078581_-_unassigned	11.18	fp	0
4-CGCCCYCRCC	STREME-4	5.9e-003	NC_003888.3_3552118_+_unassigned	11.18	fp	0
4-CGCCCYCRCC	STREME-4	5.9e-003	NC_003888.3_1324386_+_unassigned	11.08	tp	0
4-CGCCCYCRCC	STREME-4	5.9e-003	NC_003888.3_7380011_+_unassigned	11.07	tp	0
4-CGCCCYCRCC	STREME-4	5.9e-003	NC_003888.3_7380013_+_unassigned	11.07	tp	0
4-CGCCCYCRCC	STREME-4	5.9e-003	NC_003888.3_2179900_+_unassigned	11.07	tp	0
4-CGCCCYCRCC	STREME-4	5.9e-003	NC_003888.3_6552712_+_unassigned	11.07	fp	0
4-CGCCCYCRCC	STREME-4	5.9e-003	NC_003888.3_2179942_+_unassigned	11.07	tp	1
4-CGCCCYCRCC	STREME-4	5.9e-003	NC_003888.3_7380010_+_unassigned	11.07	tp	1
4-CGCCCYCRCC	STREME-4	5.9e-003	NC_003888.3_7311662_-_unassigned	11.07	tp	1
4-CGCCCYCRCC	STREME-4	5.9e-003	NC_003888.3_7828778_+_unassigned	11.06	tp	0
4-CGCCCYCRCC	STREME-4	5.9e-003	NC_003888.3_3325966_-_unassigned	11.05	tp	0
4-CGCCCYCRCC	STREME-4	5.9e-003	NC_003888.3_5263060_+_unassigned	11.05	fp	0
4-CGCCCYCRCC	STREME-4	5.9e-003	NC_003888.3_7804288_-_unassigned	11.05	tp	0
4-CGCCCYCRCC	STREME-4	5.9e-003	NC_003888.3_2441021_-_unassigned	10.88	tp	1
4-CGCCCYCRCC	STREME-4	5.9e-003	NC_003888.3_5441559_-_unassigned	10.84	tp	0
4-CGCCCYCRCC	STREME-4	5.9e-003	NC_003888.3_6030437_+_unassigned	10.84	tp	0
4-CGCCCYCRCC	STREME-4	5.9e-003	NC_003888.3_3243930_-_unassigned	10.84	fp	0
4-CGCCCYCRCC	STREME-4	5.9e-003	NC_003888.3_1061032_+_unassigned	10.84	fp	0
4-CGCCCYCRCC	STREME-4	5.9e-003	NC_003888.3_1184059_+_unassigned	10.84	fp	0
4-CGCCCYCRCC	STREME-4	5.9e-003	NC_003888.3_7851213_+_unassigned	10.84	tp	1
4-CGCCCYCRCC	STREME-4	5.9e-003	NC_003888.3_4127605_-_unassigned	10.84	tp	1
4-CGCCCYCRCC	STREME-4	5.9e-003	NC_003888.3_5218969_+_unassigned	10.83	tp	0
4-CGCCCYCRCC	STREME-4	5.9e-003	NC_003888.3_7624784_-_unassigned	10.83	tp	0
4-CGCCCYCRCC	STREME-4	5.9e-003	NC_003888.3_5535609_-_unassigned	10.83	fp	0
4-CGCCCYCRCC	STREME-4	5.9e-003	NC_003888.3_2051523_-_unassigned	10.83	tp	0
4-CGCCCYCRCC	STREME-4	5.9e-003	NC_003888.3_2774676_-_unassigned	10.83	tp	0
4-CGCCCYCRCC	STREME-4	5.9e-003	NC_003888.3_3628889_-_unassigned	10.83	tp	0
4-CGCCCYCRCC	STREME-4	5.9e-003	NC_003888.3_5216904_-_unassigned	10.83	tp	0
4-CGCCCYCRCC	STREME-4	5.9e-003	NC_003888.3_835115_+_unassigned	10.83	fp	0
4-CGCCCYCRCC	STREME-4	5.9e-003	NC_003888.3_2774676_-_unassigned	10.83	fp	0
4-CGCCCYCRCC	STREME-4	5.9e-003	NC_003888.3_528980_+_unassigned	10.82	fp	0
4-CGCCCYCRCC	STREME-4	5.9e-003	NC_003888.3_6730736_-_unassigned	10.82	fp	0
4-CGCCCYCRCC	STREME-4	5.9e-003	NC_003888.3_5237435_+_unassigned	10.82	tp	0
4-CGCCCYCRCC	STREME-4	5.9e-003	NC_003888.3_3760230_-_unassigned	10.68	tp	0
4-CGCCCYCRCC	STREME-4	5.9e-003	NC_003888.3_5952699_+_unassigned	10.68	tp	0
4-CGCCCYCRCC	STREME-4	5.9e-003	NC_003888.3_1955709_+_unassigned	10.68	tp	0
4-CGCCCYCRCC	STREME-4	5.9e-003	NC_003888.3_6812698_+_unassigned	10.68	tp	0
4-CGCCCYCRCC	STREME-4	5.9e-003	NC_003888.3_6112592_+_unassigned	10.68	fp	0
4-CGCCCYCRCC	STREME-4	5.9e-003	NC_003888.3_3629261_-_unassigned	10.66	tp	0
4-CGCCCYCRCC	STREME-4	5.9e-003	NC_003888.3_3293500_+_unassigned	10.66	fp	0
4-CGCCCYCRCC	STREME-4	5.9e-003	NC_003888.3_2586860_-_unassigned	10.64	tp	0
4-CGCCCYCRCC	STREME-4	5.9e-003	NC_003888.3_574878_+_unassigned	10.64	tp	0
4-CGCCCYCRCC	STREME-4	5.9e-003	NC_003888.3_4972750_+_unassigned	10.64	tp	0
4-CGCCCYCRCC	STREME-4	5.9e-003	NC_003888.3_8503907_+_unassigned	10.64	tp	0
4-CGCCCYCRCC	STREME-4	5.9e-003	NC_003888.3_2596895_+_unassigned	10.64	fp	0
4-CGCCCYCRCC	STREME-4	5.9e-003	NC_003888.3_6840767_+_unassigned	10.63	tp	0
4-CGCCCYCRCC	STREME-4	5.9e-003	NC_003888.3_4168367_+_unassigned	10.63	tp	0
4-CGCCCYCRCC	STREME-4	5.9e-003	NC_003888.3_541105_+_unassigned	10.63	tp	0
4-CGCCCYCRCC	STREME-4	5.9e-003	NC_003888.3_7277832_+_unassigned	10.63	tp	0
4-CGCCCYCRCC	STREME-4	5.9e-003	NC_003888.3_811054_-_unassigned	10.63	tp	0
4-CGCCCYCRCC	STREME-4	5.9e-003	NC_003888.3_2504522_+_unassigned	10.60	tp	0
4-CGCCCYCRCC	STREME-4	5.9e-003	NC_003888.3_914286_+_unassigned	10.60	tp	0
4-CGCCCYCRCC	STREME-4	5.9e-003	NC_003888.3_7125647_+_unassigned	10.60	tp	0
4-CGCCCYCRCC	STREME-4	5.9e-003	NC_003888.3_914289_+_unassigned	10.60	tp	1
4-CGCCCYCRCC	STREME-4	5.9e-003	NC_003888.3_4712674_+_unassigned	10.58	tp	0
4-CGCCCYCRCC	STREME-4	5.9e-003	NC_003888.3_929651_-_unassigned	10.58	fp	0
4-CGCCCYCRCC	STREME-4	5.9e-003	NC_003888.3_1996340_+_unassigned	10.58	tp	0
4-CGCCCYCRCC	STREME-4	5.9e-003	NC_003888.3_5060014_+_unassigned	10.55	tp	0
4-CGCCCYCRCC	STREME-4	5.9e-003	NC_003888.3_5239897_-_unassigned	10.55	tp	0
4-CGCCCYCRCC	STREME-4	5.9e-003	NC_003888.3_7764272_+_unassigned	10.55	tp	0
4-CGCCCYCRCC	STREME-4	5.9e-003	NC_003888.3_4669533_+_unassigned	10.55	tp	0
4-CGCCCYCRCC	STREME-4	5.9e-003	NC_003888.3_5595878_-_unassigned	10.55	tp	0
4-CGCCCYCRCC	STREME-4	5.9e-003	NC_003888.3_1480743_-_unassigned	10.55	fp	0
4-CGCCCYCRCC	STREME-4	5.9e-003	NC_003888.3_6408549_+_unassigned	10.55	fp	0
4-CGCCCYCRCC	STREME-4	5.9e-003	NC_003888.3_4559683_-_unassigned	10.55	fp	0
4-CGCCCYCRCC	STREME-4	5.9e-003	NC_003888.3_7853507_-_unassigned	10.55	fp	0
4-CGCCCYCRCC	STREME-4	5.9e-003	NC_003888.3_4669535_+_unassigned	10.55	tp	1
4-CGCCCYCRCC	STREME-4	5.9e-003	NC_003888.3_5239897_-_unassigned	10.55	fp	1
4-CGCCCYCRCC	STREME-4	5.9e-003	NC_003888.3_7296947_+_unassigned	10.55	fp	1
4-CGCCCYCRCC	STREME-4	5.9e-003	NC_003888.3_7285600_+_unassigned	10.54	tp	0
4-CGCCCYCRCC	STREME-4	5.9e-003	NC_003888.3_8297676_-_unassigned	10.54	tp	0
4-CGCCCYCRCC	STREME-4	5.9e-003	NC_003888.3_2277664_-_unassigned	10.44	tp	0
4-CGCCCYCRCC	STREME-4	5.9e-003	NC_003888.3_5886952_+_unassigned	10.36	tp	0
4-CGCCCYCRCC	STREME-4	5.9e-003	NC_003888.3_7026075_-_unassigned	10.36	tp	0
4-CGCCCYCRCC	STREME-4	5.9e-003	NC_003888.3_3716301_-_unassigned	10.36	tp	0
4-CGCCCYCRCC	STREME-4	5.9e-003	NC_003888.3_5175831_-_unassigned	10.36	tp	0
4-CGCCCYCRCC	STREME-4	5.9e-003	NC_003888.3_6842192_+_unassigned	10.36	tp	0
4-CGCCCYCRCC	STREME-4	5.9e-003	NC_003888.3_5427965_+_unassigned	10.36	tp	0
4-CGCCCYCRCC	STREME-4	5.9e-003	NC_003888.3_4168538_+_unassigned	10.36	tp	0
4-CGCCCYCRCC	STREME-4	5.9e-003	NC_003888.3_8307909_+_unassigned	10.36	tp	0
4-CGCCCYCRCC	STREME-4	5.9e-003	NC_003888.3_748628_-_unassigned	10.36	fp	0
4-CGCCCYCRCC	STREME-4	5.9e-003	NC_003888.3_8201505_+_unassigned	10.36	fp	0
4-CGCCCYCRCC	STREME-4	5.9e-003	NC_003888.3_1976817_+_unassigned	10.36	fp	0
4-CGCCCYCRCC	STREME-4	5.9e-003	NC_003888.3_4671071_+_unassigned	10.36	fp	1
4-CGCCCYCRCC	STREME-4	5.9e-003	NC_003888.3_6622376_-_unassigned	10.36	tp	0
4-CGCCCYCRCC	STREME-4	5.9e-003	NC_003888.3_3382708_+_unassigned	10.36	tp	0
4-CGCCCYCRCC	STREME-4	5.9e-003	NC_003888.3_594019_-_unassigned	10.35	tp	0
4-CGCCCYCRCC	STREME-4	5.9e-003	NC_003888.3_5637791_+_unassigned	10.35	fp	0
4-CGCCCYCRCC	STREME-4	5.9e-003	NC_003888.3_5613317_+_unassigned	10.35	fp	0
4-CGCCCYCRCC	STREME-4	5.9e-003	NC_003888.3_886776_-_unassigned	10.35	fp	0
4-CGCCCYCRCC	STREME-4	5.9e-003	NC_003888.3_8431648_+_unassigned	10.35	fp	0
4-CGCCCYCRCC	STREME-4	5.9e-003	NC_003888.3_5596192_+_unassigned	10.35	fp	0
4-CGCCCYCRCC	STREME-4	5.9e-003	NC_003888.3_1983094_-_unassigned	10.34	tp	0
4-CGCCCYCRCC	STREME-4	5.9e-003	NC_003888.3_4720313_+_unassigned	10.34	tp	0
4-CGCCCYCRCC	STREME-4	5.9e-003	NC_003888.3_1864431_+_unassigned	10.34	tp	0
4-CGCCCYCRCC	STREME-4	5.9e-003	NC_003888.3_929651_-_unassigned	10.34	tp	0
4-CGCCCYCRCC	STREME-4	5.9e-003	NC_003888.3_4020295_+_unassigned	10.34	fp	0
4-CGCCCYCRCC	STREME-4	5.9e-003	NC_003888.3_1128801_+_unassigned	10.34	fp	0
4-CGCCCYCRCC	STREME-4	5.9e-003	NC_003888.3_528960_+_unassigned	10.33	fp	0
4-CGCCCYCRCC	STREME-4	5.9e-003	NC_003888.3_6260597_+_unassigned	10.33	tp	1
4-CGCCCYCRCC	STREME-4	5.9e-003	NC_003888.3_3471856_+_unassigned	10.20	tp	0
4-CGCCCYCRCC	STREME-4	5.9e-003	NC_003888.3_1969217_-_unassigned	10.20	tp	0
4-CGCCCYCRCC	STREME-4	5.9e-003	NC_003888.3_1192390_-_unassigned	10.20	tp	0
4-CGCCCYCRCC	STREME-4	5.9e-003	NC_003888.3_8520657_+_unassigned	10.20	tp	0
4-CGCCCYCRCC	STREME-4	5.9e-003	NC_003888.3_864643_-_unassigned	10.20	tp	0
4-CGCCCYCRCC	STREME-4	5.9e-003	NC_003888.3_1579781_-_unassigned	10.20	tp	0
4-CGCCCYCRCC	STREME-4	5.9e-003	NC_003888.3_8297676_-_unassigned	10.20	fp	0
4-CGCCCYCRCC	STREME-4	5.9e-003	NC_003888.3_6547212_+_unassigned	10.20	fp	0
4-CGCCCYCRCC	STREME-4	5.9e-003	NC_003888.3_4737057_+_unassigned	10.19	tp	0
4-CGCCCYCRCC	STREME-4	5.9e-003	NC_003888.3_592540_-_unassigned	10.19	fp	0
4-CGCCCYCRCC	STREME-4	5.9e-003	NC_003888.3_2320806_-_unassigned	10.19	tp	1
4-CGCCCYCRCC	STREME-4	5.9e-003	NC_003888.3_2664212_-_unassigned	10.17	fp	0
4-CGCCCYCRCC	STREME-4	5.9e-003	NC_003888.3_592540_-_unassigned	10.07	tp	0
4-CGCCCYCRCC	STREME-4	5.9e-003	NC_003888.3_3253767_-_unassigned	10.07	tp	0
4-CGCCCYCRCC	STREME-4	5.9e-003	NC_003888.3_5793019_-_unassigned	10.07	fp	0
4-CGCCCYCRCC	STREME-4	5.9e-003	NC_003888.3_7148770_+_unassigned	10.07	fp	0
4-CGCCCYCRCC	STREME-4	5.9e-003	NC_003888.3_918189_-_unassigned	10.07	tp	0
4-CGCCCYCRCC	STREME-4	5.9e-003	NC_003888.3_886776_-_unassigned	10.07	tp	0
4-CGCCCYCRCC	STREME-4	5.9e-003	NC_003888.3_3268262_+_unassigned	10.07	fp	0
4-CGCCCYCRCC	STREME-4	5.9e-003	NC_003888.3_5581267_+_unassigned	10.07	fp	0
4-CGCCCYCRCC	STREME-4	5.9e-003	NC_003888.3_796027_-_unassigned	10.03	tp	0
4-CGCCCYCRCC	STREME-4	5.9e-003	NC_003888.3_4549698_-_unassigned	10.03	tp	0
4-CGCCCYCRCC	STREME-4	5.9e-003	NC_003888.3_2182900_+_unassigned	9.96	tp	0
4-CGCCCYCRCC	STREME-4	5.9e-003	NC_003888.3_2393892_-_unassigned	9.96	tp	0
4-CGCCCYCRCC	STREME-4	5.9e-003	NC_003888.3_8309848_+_unassigned	9.91	tp	0
4-CGCCCYCRCC	STREME-4	5.9e-003	NC_003888.3_6659342_-_unassigned	9.91	tp	0
4-CGCCCYCRCC	STREME-4	5.9e-003	NC_003888.3_2664212_-_unassigned	9.91	tp	0
4-CGCCCYCRCC	STREME-4	5.9e-003	NC_003888.3_2664215_-_unassigned	9.91	tp	0
4-CGCCCYCRCC	STREME-4	5.9e-003	NC_003888.3_3790455_+_unassigned	9.91	fp	0
4-CGCCCYCRCC	STREME-4	5.9e-003	NC_003888.3_3638361_+_unassigned	9.76	tp	0
4-CGCCCYCRCC	STREME-4	5.9e-003	NC_003888.3_4699198_-_unassigned	9.76	tp	0
4-CGCCCYCRCC	STREME-4	5.9e-003	NC_003888.3_2597012_+_unassigned	9.76	tp	0
4-CGCCCYCRCC	STREME-4	5.9e-003	NC_003888.3_5988929_+_unassigned	9.76	fp	0
4-CGCCCYCRCC	STREME-4	5.9e-003	NC_003888.3_7296947_+_unassigned	9.76	tp	1
4-CGCCCYCRCC	STREME-4	5.9e-003	NC_003888.3_8237750_-_unassigned	9.67	tp	0
4-CGCCCYCRCC	STREME-4	5.9e-003	NC_003888.3_2817585_+_unassigned	9.67	tp	0
4-CGCCCYCRCC	STREME-4	5.9e-003	NC_003888.3_5235829_+_unassigned	9.67	tp	0
4-CGCCCYCRCC	STREME-4	5.9e-003	NC_003888.3_4008838_-_unassigned	9.67	tp	0
4-CGCCCYCRCC	STREME-4	5.9e-003	NC_003888.3_292053_+_unassigned	9.67	tp	0
4-CGCCCYCRCC	STREME-4	5.9e-003	NC_003888.3_3416393_-_unassigned	9.67	tp	0
4-CGCCCYCRCC	STREME-4	5.9e-003	NC_003888.3_6390563_+_unassigned	9.67	tp	0
4-CGCCCYCRCC	STREME-4	5.9e-003	NC_003888.3_8462087_-_unassigned	9.67	tp	0
4-CGCCCYCRCC	STREME-4	5.9e-003	NC_003888.3_4780448_-_unassigned	9.67	tp	0
4-CGCCCYCRCC	STREME-4	5.9e-003	NC_003888.3_4008828_-_unassigned	9.67	tp	0
4-CGCCCYCRCC	STREME-4	5.9e-003	NC_003888.3_1702783_-_unassigned	9.67	tp	0
4-CGCCCYCRCC	STREME-4	5.9e-003	NC_003888.3_2817585_+_unassigned	9.67	fp	0
4-CGCCCYCRCC	STREME-4	5.9e-003	NC_003888.3_5267985_+_unassigned	9.67	fp	0
4-CGCCCYCRCC	STREME-4	5.9e-003	NC_003888.3_6532420_+_unassigned	9.67	fp	0
4-CGCCCYCRCC	STREME-4	5.9e-003	NC_003888.3_2792119_-_unassigned	9.67	fp	0
4-CGCCCYCRCC	STREME-4	5.9e-003	NC_003888.3_3397992_-_unassigned	9.67	fp	0
4-CGCCCYCRCC	STREME-4	5.9e-003	NC_003888.3_3031834_+_unassigned	9.67	tp	1
4-CGCCCYCRCC	STREME-4	5.9e-003	NC_003888.3_619824_-_unassigned	9.67	tp	1
4-CGCCCYCRCC	STREME-4	5.9e-003	NC_003888.3_2648178_-_unassigned	9.67	fp	1
4-CGCCCYCRCC	STREME-4	5.9e-003	NC_003888.3_43753_+_unassigned	9.67	tp	0
4-CGCCCYCRCC	STREME-4	5.9e-003	NC_003888.3_1178228_-_unassigned	9.67	tp	0
4-CGCCCYCRCC	STREME-4	5.9e-003	NC_003888.3_6340630_+_unassigned	9.66	tp	0
4-CGCCCYCRCC	STREME-4	5.9e-003	NC_003888.3_4986998_-_unassigned	9.66	tp	0
4-CGCCCYCRCC	STREME-4	5.9e-003	NC_003888.3_2420888_-_unassigned	9.66	fp	0
4-CGCCCYCRCC	STREME-4	5.9e-003	NC_003888.3_2433109_+_unassigned	9.66	fp	0
4-CGCCCYCRCC	STREME-4	5.9e-003	NC_003888.3_8383120_-_unassigned	9.63	tp	0
4-CGCCCYCRCC	STREME-4	5.9e-003	NC_003888.3_2392878_-_unassigned	9.63	tp	0
4-CGCCCYCRCC	STREME-4	5.9e-003	NC_003888.3_2693247_-_unassigned	9.63	tp	0
4-CGCCCYCRCC	STREME-4	5.9e-003	NC_003888.3_5447114_+_unassigned	9.63	tp	0
4-CGCCCYCRCC	STREME-4	5.9e-003	NC_003888.3_5634926_+_unassigned	9.63	fp	0
4-CGCCCYCRCC	STREME-4	5.9e-003	NC_003888.3_6418633_+_unassigned	9.63	tp	0
4-CGCCCYCRCC	STREME-4	5.9e-003	NC_003888.3_6639681_-_unassigned	9.63	tp	0
4-CGCCCYCRCC	STREME-4	5.9e-003	NC_003888.3_1805037_-_unassigned	9.63	fp	0
4-CGCCCYCRCC	STREME-4	5.9e-003	NC_003888.3_811819_-_unassigned	9.62	tp	0
4-CGCCCYCRCC	STREME-4	5.9e-003	NC_003888.3_2585327_-_unassigned	9.62	tp	0
4-CGCCCYCRCC	STREME-4	5.9e-003	NC_003888.3_6745357_+_unassigned	9.62	tp	1
4-CGCCCYCRCC	STREME-4	5.9e-003	NC_003888.3_8149344_-_unassigned	9.59	tp	0
4-CGCCCYCRCC	STREME-4	5.9e-003	NC_003888.3_5920979_-_unassigned	9.59	tp	0
4-CGCCCYCRCC	STREME-4	5.9e-003	NC_003888.3_6623455_+_unassigned	9.51	tp	0
4-CGCCCYCRCC	STREME-4	5.9e-003	NC_003888.3_2162258_-_unassigned	9.51	tp	0
4-CGCCCYCRCC	STREME-4	5.9e-003	NC_003888.3_476603_+_unassigned	9.51	fp	0
4-CGCCCYCRCC	STREME-4	5.9e-003	NC_003888.3_6057200_+_unassigned	9.48	tp	0
4-CGCCCYCRCC	STREME-4	5.9e-003	NC_003888.3_7496532_+_unassigned	9.48	tp	0
4-CGCCCYCRCC	STREME-4	5.9e-003	NC_003888.3_3309511_-_unassigned	9.48	fp	0
4-CGCCCYCRCC	STREME-4	5.9e-003	NC_003888.3_3610218_+_unassigned	9.48	tp	0
4-CGCCCYCRCC	STREME-4	5.9e-003	NC_003888.3_1200439_+_unassigned	9.44	fp	0
4-CGCCCYCRCC	STREME-4	5.9e-003	NC_003888.3_5247529_-_unassigned	9.44	tp	0
4-CGCCCYCRCC	STREME-4	5.9e-003	NC_003888.3_2555100_+_unassigned	9.44	tp	0
4-CGCCCYCRCC	STREME-4	5.9e-003	NC_003888.3_4345994_+_unassigned	9.42	tp	0
4-CGCCCYCRCC	STREME-4	5.9e-003	NC_003888.3_3264214_+_unassigned	9.39	tp	0
4-CGCCCYCRCC	STREME-4	5.9e-003	NC_003888.3_2339428_-_unassigned	9.39	tp	0
4-CGCCCYCRCC	STREME-4	5.9e-003	NC_003888.3_6693826_+_unassigned	9.39	tp	0
4-CGCCCYCRCC	STREME-4	5.9e-003	NC_003888.3_2792171_-_unassigned	9.39	tp	0
4-CGCCCYCRCC	STREME-4	5.9e-003	NC_003888.3_5999640_+_unassigned	9.39	tp	0
4-CGCCCYCRCC	STREME-4	5.9e-003	NC_003888.3_2635678_-_unassigned	9.39	tp	0
4-CGCCCYCRCC	STREME-4	5.9e-003	NC_003888.3_7108022_+_unassigned	9.39	tp	0
4-CGCCCYCRCC	STREME-4	5.9e-003	NC_003888.3_574922_+_unassigned	9.39	tp	0
4-CGCCCYCRCC	STREME-4	5.9e-003	NC_003888.3_1831095_+_unassigned	9.39	tp	0
4-CGCCCYCRCC	STREME-4	5.9e-003	NC_003888.3_1667266_-_unassigned	9.39	tp	0
4-CGCCCYCRCC	STREME-4	5.9e-003	NC_003888.3_2387025_-_unassigned	9.39	fp	0
4-CGCCCYCRCC	STREME-4	5.9e-003	NC_003888.3_5193594_-_unassigned	9.39	fp	0
4-CGCCCYCRCC	STREME-4	5.9e-003	NC_003888.3_5295464_+_unassigned	9.39	fp	0
4-CGCCCYCRCC	STREME-4	5.9e-003	NC_003888.3_1564492_+_unassigned	9.39	fp	0
4-CGCCCYCRCC	STREME-4	5.9e-003	NC_003888.3_574878_+_unassigned	9.39	fp	0
4-CGCCCYCRCC	STREME-4	5.9e-003	NC_003888.3_5025328_+_unassigned	9.39	fp	0
4-CGCCCYCRCC	STREME-4	5.9e-003	NC_003888.3_7176534_-_unassigned	9.39	tp	1
4-CGCCCYCRCC	STREME-4	5.9e-003	NC_003888.3_1966105_-_unassigned	9.39	tp	1
4-CGCCCYCRCC	STREME-4	5.9e-003	NC_003888.3_4227911_+_unassigned	9.38	tp	0
4-CGCCCYCRCC	STREME-4	5.9e-003	NC_003888.3_5486991_+_unassigned	9.38	tp	0
4-CGCCCYCRCC	STREME-4	5.9e-003	NC_003888.3_3173244_+_unassigned	9.38	tp	0
4-CGCCCYCRCC	STREME-4	5.9e-003	NC_003888.3_3173243_+_unassigned	9.38	tp	0
4-CGCCCYCRCC	STREME-4	5.9e-003	NC_003888.3_4846036_+_unassigned	9.38	tp	0
4-CGCCCYCRCC	STREME-4	5.9e-003	NC_003888.3_5146700_-_unassigned	9.38	tp	0
4-CGCCCYCRCC	STREME-4	5.9e-003	NC_003888.3_5023086_+_unassigned	9.38	tp	0
4-CGCCCYCRCC	STREME-4	5.9e-003	NC_003888.3_5793007_-_unassigned	9.38	tp	0
4-CGCCCYCRCC	STREME-4	5.9e-003	NC_003888.3_4543151_-_unassigned	9.38	tp	0
4-CGCCCYCRCC	STREME-4	5.9e-003	NC_003888.3_4543152_-_unassigned	9.38	tp	0
4-CGCCCYCRCC	STREME-4	5.9e-003	NC_003888.3_5793019_-_unassigned	9.38	tp	0
4-CGCCCYCRCC	STREME-4	5.9e-003	NC_003888.3_7914348_-_unassigned	9.38	tp	0
4-CGCCCYCRCC	STREME-4	5.9e-003	NC_003888.3_4794682_+_unassigned	9.38	fp	0
4-CGCCCYCRCC	STREME-4	5.9e-003	NC_003888.3_7730829_-_unassigned	9.38	fp	0
4-CGCCCYCRCC	STREME-4	5.9e-003	NC_003888.3_1256533_+_unassigned	9.38	fp	0
4-CGCCCYCRCC	STREME-4	5.9e-003	NC_003888.3_7187593_-_unassigned	9.38	fp	0
4-CGCCCYCRCC	STREME-4	5.9e-003	NC_003888.3_5146703_+_unassigned	9.38	tp	1
4-CGCCCYCRCC	STREME-4	5.9e-003	NC_003888.3_5613317_+_unassigned	9.38	tp	1
4-CGCCCYCRCC	STREME-4	5.9e-003	NC_003888.3_6596536_+_unassigned	9.36	tp	0
4-CGCCCYCRCC	STREME-4	5.9e-003	NC_003888.3_8097577_+_unassigned	9.36	tp	0
4-CGCCCYCRCC	STREME-4	5.9e-003	NC_003888.3_2018953_-_unassigned	9.28	tp	0
4-CGCCCYCRCC	STREME-4	5.9e-003	NC_003888.3_7116887_+_unassigned	9.28	tp	1
4-CGCCCYCRCC	STREME-4	5.9e-003	NC_003888.3_2547509_-_unassigned	9.28	tp	0
4-CGCCCYCRCC	STREME-4	5.9e-003	NC_003888.3_4654413_-_unassigned	9.28	tp	0
4-CGCCCYCRCC	STREME-4	5.9e-003	NC_003888.3_6723064_-_unassigned	9.28	tp	0
4-CGCCCYCRCC	STREME-4	5.9e-003	NC_003888.3_2547502_-_unassigned	9.28	tp	0
4-CGCCCYCRCC	STREME-4	5.9e-003	NC_003888.3_7459504_+_unassigned	9.28	fp	0
4-CGCCCYCRCC	STREME-4	5.9e-003	NC_003888.3_3544976_-_unassigned	9.28	fp	0
4-CGCCCYCRCC	STREME-4	5.9e-003	NC_003888.3_345730_+_unassigned	9.27	tp	0
4-CGCCCYCRCC	STREME-4	5.9e-003	NC_003888.3_8033111_+_unassigned	9.27	tp	0
4-CGCCCYCRCC	STREME-4	5.9e-003	NC_003888.3_255491_-_unassigned	9.27	tp	0
4-CGCCCYCRCC	STREME-4	5.9e-003	NC_003888.3_6727860_+_unassigned	9.27	fp	0
4-CGCCCYCRCC	STREME-4	5.9e-003	NC_003888.3_7192538_+_unassigned	9.27	fp	0
4-CGCCCYCRCC	STREME-4	5.9e-003	NC_003888.3_2670552_-_unassigned	9.27	fp	0
4-CGCCCYCRCC	STREME-4	5.9e-003	NC_003888.3_951396_-_unassigned	9.27	fp	1
4-CGCCCYCRCC	STREME-4	5.9e-003	NC_003888.3_7560763_+_unassigned	9.26	tp	0
4-CGCCCYCRCC	STREME-4	5.9e-003	NC_003888.3_2963085_-_unassigned	9.26	tp	0
4-CGCCCYCRCC	STREME-4	5.9e-003	NC_003888.3_2922051_+_unassigned	9.26	tp	0
4-CGCCCYCRCC	STREME-4	5.9e-003	NC_003888.3_1784245_-_unassigned	9.26	tp	0
4-CGCCCYCRCC	STREME-4	5.9e-003	NC_003888.3_5856577_+_unassigned	9.26	fp	0
4-CGCCCYCRCC	STREME-4	5.9e-003	NC_003888.3_7818428_+_unassigned	9.26	fp	0
4-CGCCCYCRCC	STREME-4	5.9e-003	NC_003888.3_6020283_+_unassigned	9.26	tp	1
4-CGCCCYCRCC	STREME-4	5.9e-003	NC_003888.3_7859492_+_unassigned	9.24	tp	0
4-CGCCCYCRCC	STREME-4	5.9e-003	NC_003888.3_1660178_-_unassigned	9.24	tp	0
4-CGCCCYCRCC	STREME-4	5.9e-003	NC_003888.3_1016610_-_unassigned	9.24	tp	0
4-CGCCCYCRCC	STREME-4	5.9e-003	NC_003888.3_7151319_+_unassigned	9.24	tp	0
4-CGCCCYCRCC	STREME-4	5.9e-003	NC_003888.3_4146829_-_unassigned	9.24	fp	0
4-CGCCCYCRCC	STREME-4	5.9e-003	NC_003888.3_6236091_+_unassigned	9.24	fp	0
4-CGCCCYCRCC	STREME-4	5.9e-003	NC_003888.3_6783683_-_unassigned	9.24	fp	1
4-CGCCCYCRCC	STREME-4	5.9e-003	NC_003888.3_542610_+_unassigned	9.22	tp	0
4-CGCCCYCRCC	STREME-4	5.9e-003	NC_003888.3_7424838_-_unassigned	9.21	tp	0
4-CGCCCYCRCC	STREME-4	5.9e-003	NC_003888.3_528980_+_unassigned	9.19	tp	0
4-CGCCCYCRCC	STREME-4	5.9e-003	NC_003888.3_6711767_+_unassigned	9.19	tp	0
4-CGCCCYCRCC	STREME-4	5.9e-003	NC_003888.3_2037494_+_unassigned	9.19	tp	0
4-CGCCCYCRCC	STREME-4	5.9e-003	NC_003888.3_355626_+_unassigned	9.19	tp	0
4-CGCCCYCRCC	STREME-4	5.9e-003	NC_003888.3_5596192_+_unassigned	9.19	tp	0
4-CGCCCYCRCC	STREME-4	5.9e-003	NC_003888.3_8463425_-_unassigned	9.19	tp	0
4-CGCCCYCRCC	STREME-4	5.9e-003	NC_003888.3_5997627_-_unassigned	9.19	fp	0
4-CGCCCYCRCC	STREME-4	5.9e-003	NC_003888.3_3035723_+_unassigned	9.13	tp	0
4-CGCCCYCRCC	STREME-4	5.9e-003	NC_003888.3_7383779_+_unassigned	9.13	tp	0
4-CGCCCYCRCC	STREME-4	5.9e-003	NC_003888.3_3544976_-_unassigned	9.13	tp	0
4-CGCCCYCRCC	STREME-4	5.9e-003	NC_003888.3_3709581_-_unassigned	9.13	tp	0
4-CGCCCYCRCC	STREME-4	5.9e-003	NC_003888.3_7335222_+_unassigned	9.13	tp	0
4-CGCCCYCRCC	STREME-4	5.9e-003	NC_003888.3_6082367_+_unassigned	9.13	fp	0
4-CGCCCYCRCC	STREME-4	5.9e-003	NC_003888.3_5948846_+_unassigned	9.13	fp	0
4-CGCCCYCRCC	STREME-4	5.9e-003	NC_003888.3_5262974_+_unassigned	9.13	tp	1
4-CGCCCYCRCC	STREME-4	5.9e-003	NC_003888.3_4879547_+_unassigned	9.13	fp	1
4-CGCCCYCRCC	STREME-4	5.9e-003	NC_003888.3_1283537_+_unassigned	9.11	tp	0
4-CGCCCYCRCC	STREME-4	5.9e-003	NC_003888.3_7799101_+_unassigned	9.11	tp	0
4-CGCCCYCRCC	STREME-4	5.9e-003	NC_003888.3_3078581_-_unassigned	9.11	tp	0
4-CGCCCYCRCC	STREME-4	5.9e-003	NC_003888.3_4794682_+_unassigned	9.11	tp	0
4-CGCCCYCRCC	STREME-4	5.9e-003	NC_003888.3_7282961_-_unassigned	9.11	tp	0
4-CGCCCYCRCC	STREME-4	5.9e-003	NC_003888.3_4638283_-_unassigned	9.11	tp	0
4-CGCCCYCRCC	STREME-4	5.9e-003	NC_003888.3_6479433_+_unassigned	9.11	fp	0
4-CGCCCYCRCC	STREME-4	5.9e-003	NC_003888.3_3698539_-_unassigned	9.11	fp	0
4-CGCCCYCRCC	STREME-4	5.9e-003	NC_003888.3_1716187_-_unassigned	9.11	fp	0
4-CGCCCYCRCC	STREME-4	5.9e-003	NC_003888.3_7280233_-_unassigned	9.11	tp	1
4-CGCCCYCRCC	STREME-4	5.9e-003	NC_003888.3_3825682_+_unassigned	9.10	fp	0
4-CGCCCYCRCC	STREME-4	5.9e-003	NC_003888.3_320225_-_unassigned	9.00	tp	0
4-CGCCCYCRCC	STREME-4	5.9e-003	NC_003888.3_7520816_+_unassigned	9.00	tp	0
4-CGCCCYCRCC	STREME-4	5.9e-003	NC_003888.3_7926613_+_unassigned	9.00	tp	0
4-CGCCCYCRCC	STREME-4	5.9e-003	NC_003888.3_3061117_+_unassigned	9.00	tp	0
4-CGCCCYCRCC	STREME-4	5.9e-003	NC_003888.3_2942685_+_unassigned	9.00	tp	0
4-CGCCCYCRCC	STREME-4	5.9e-003	NC_003888.3_2288886_-_unassigned	9.00	tp	0
4-CGCCCYCRCC	STREME-4	5.9e-003	NC_003888.3_3195432_-_unassigned	9.00	tp	0
4-CGCCCYCRCC	STREME-4	5.9e-003	NC_003888.3_2670552_-_unassigned	9.00	tp	0
4-CGCCCYCRCC	STREME-4	5.9e-003	NC_003888.3_1860750_+_unassigned	9.00	tp	0
4-CGCCCYCRCC	STREME-4	5.9e-003	NC_003888.3_1806483_-_unassigned	9.00	tp	0
4-CGCCCYCRCC	STREME-4	5.9e-003	NC_003888.3_2352583_-_unassigned	9.00	tp	0
4-CGCCCYCRCC	STREME-4	5.9e-003	NC_003888.3_4209242_+_unassigned	9.00	tp	0
4-CGCCCYCRCC	STREME-4	5.9e-003	NC_003888.3_7627573_+_unassigned	9.00	tp	0
4-CGCCCYCRCC	STREME-4	5.9e-003	NC_003888.3_4722268_-_unassigned	9.00	tp	0
4-CGCCCYCRCC	STREME-4	5.9e-003	NC_003888.3_6000626_+_unassigned	9.00	tp	0
4-CGCCCYCRCC	STREME-4	5.9e-003	NC_003888.3_1873871_-_unassigned	9.00	tp	0
4-CGCCCYCRCC	STREME-4	5.9e-003	NC_003888.3_5782989_+_unassigned	9.00	tp	0
4-CGCCCYCRCC	STREME-4	5.9e-003	NC_003888.3_7627570_+_unassigned	9.00	tp	0
4-CGCCCYCRCC	STREME-4	5.9e-003	NC_003888.3_5074790_+_unassigned	9.00	tp	0
4-CGCCCYCRCC	STREME-4	5.9e-003	NC_003888.3_3237932_-_unassigned	9.00	tp	0
4-CGCCCYCRCC	STREME-4	5.9e-003	NC_003888.3_3108839_-_unassigned	9.00	tp	0
4-CGCCCYCRCC	STREME-4	5.9e-003	NC_003888.3_621343_-_unassigned	9.00	tp	0
4-CGCCCYCRCC	STREME-4	5.9e-003	NC_003888.3_7739894_+_unassigned	9.00	tp	0
4-CGCCCYCRCC	STREME-4	5.9e-003	NC_003888.3_3705920_-_unassigned	9.00	tp	0
4-CGCCCYCRCC	STREME-4	5.9e-003	NC_003888.3_3397992_-_unassigned	9.00	tp	0
4-CGCCCYCRCC	STREME-4	5.9e-003	NC_003888.3_7914177_-_unassigned	9.00	tp	0
4-CGCCCYCRCC	STREME-4	5.9e-003	NC_003888.3_948563_+_unassigned	9.00	tp	0
4-CGCCCYCRCC	STREME-4	5.9e-003	NC_003888.3_1423892_+_unassigned	9.00	tp	0
4-CGCCCYCRCC	STREME-4	5.9e-003	NC_003888.3_2204590_+_unassigned	9.00	tp	0
4-CGCCCYCRCC	STREME-4	5.9e-003	NC_003888.3_7520822_+_unassigned	9.00	tp	0
4-CGCCCYCRCC	STREME-4	5.9e-003	NC_003888.3_8463425_-_unassigned	9.00	fp	0
4-CGCCCYCRCC	STREME-4	5.9e-003	NC_003888.3_4944310_+_unassigned	9.00	fp	0
4-CGCCCYCRCC	STREME-4	5.9e-003	NC_003888.3_7322939_+_unassigned	9.00	fp	0
4-CGCCCYCRCC	STREME-4	5.9e-003	NC_003888.3_2074343_-_unassigned	9.00	fp	0
4-CGCCCYCRCC	STREME-4	5.9e-003	NC_003888.3_5652010_+_unassigned	9.00	fp	0
4-CGCCCYCRCC	STREME-4	5.9e-003	NC_003888.3_335643_+_unassigned	9.00	fp	0
4-CGCCCYCRCC	STREME-4	5.9e-003	NC_003888.3_4863478_+_unassigned	9.00	fp	0
4-CGCCCYCRCC	STREME-4	5.9e-003	NC_003888.3_5060014_+_unassigned	9.00	fp	0
4-CGCCCYCRCC	STREME-4	5.9e-003	NC_003888.3_5959076_+_unassigned	9.00	fp	0
4-CGCCCYCRCC	STREME-4	5.9e-003	NC_003888.3_5211845_-_unassigned	9.00	fp	0
4-CGCCCYCRCC	STREME-4	5.9e-003	NC_003888.3_4036884_+_unassigned	9.00	fp	0
4-CGCCCYCRCC	STREME-4	5.9e-003	NC_003888.3_3358874_+_unassigned	9.00	fp	1
4-CGCCCYCRCC	STREME-4	5.9e-003	NC_003888.3_6762219_+_unassigned	9.00	fp	1
4-CGCCCYCRCC	STREME-4	5.9e-003	NC_003888.3_5547372_+_unassigned	8.99	tp	0
4-CGCCCYCRCC	STREME-4	5.9e-003	NC_003888.3_4023375_+_unassigned	8.99	tp	0
4-CGCCCYCRCC	STREME-4	5.9e-003	NC_003888.3_4033027_-_unassigned	8.99	tp	0
4-CGCCCYCRCC	STREME-4	5.9e-003	NC_003888.3_3065557_-_unassigned	8.99	tp	0
4-CGCCCYCRCC	STREME-4	5.9e-003	NC_003888.3_4673408_-_unassigned	8.99	tp	0
4-CGCCCYCRCC	STREME-4	5.9e-003	NC_003888.3_7453048_-_unassigned	8.99	tp	0
4-CGCCCYCRCC	STREME-4	5.9e-003	NC_003888.3_2344105_-_unassigned	8.99	tp	0
4-CGCCCYCRCC	STREME-4	5.9e-003	NC_003888.3_7543603_-_unassigned	8.99	tp	0
4-CGCCCYCRCC	STREME-4	5.9e-003	NC_003888.3_3065555_-_unassigned	8.99	tp	0
4-CGCCCYCRCC	STREME-4	5.9e-003	NC_003888.3_7732222_+_unassigned	8.99	tp	0
4-CGCCCYCRCC	STREME-4	5.9e-003	NC_003888.3_2735320_-_unassigned	8.99	tp	0
4-CGCCCYCRCC	STREME-4	5.9e-003	NC_003888.3_4559853_-_unassigned	8.99	fp	0
4-CGCCCYCRCC	STREME-4	5.9e-003	NC_003888.3_4659418_-_unassigned	8.99	fp	0
4-CGCCCYCRCC	STREME-4	5.9e-003	NC_003888.3_7282961_-_unassigned	8.99	fp	0
4-CGCCCYCRCC	STREME-4	5.9e-003	NC_003888.3_6125183_+_unassigned	8.99	tp	1
4-CGCCCYCRCC	STREME-4	5.9e-003	NC_003888.3_7290476_-_unassigned	8.98	tp	0
4-CGCCCYCRCC	STREME-4	5.9e-003	NC_003888.3_8219670_-_unassigned	8.98	fp	0
4-CGCCCYCRCC	STREME-4	5.9e-003	NC_003888.3_4829045_+_unassigned	8.97	fp	0
4-CGCCCYCRCC	STREME-4	5.9e-003	NC_003888.3_159639_+_unassigned	8.97	tp	0
4-CGCCCYCRCC	STREME-4	5.9e-003	NC_003888.3_1722280_-_unassigned	8.97	tp	0
4-CGCCCYCRCC	STREME-4	5.9e-003	NC_003888.3_1722214_-_unassigned	8.97	tp	0
4-CGCCCYCRCC	STREME-4	5.9e-003	NC_003888.3_643546_-_unassigned	8.97	tp	0
4-CGCCCYCRCC	STREME-4	5.9e-003	NC_003888.3_7388405_+_unassigned	8.97	tp	0
4-CGCCCYCRCC	STREME-4	5.9e-003	NC_003888.3_5948846_+_unassigned	8.97	tp	0
4-CGCCCYCRCC	STREME-4	5.9e-003	NC_003888.3_2585070_-_unassigned	8.97	tp	0
4-CGCCCYCRCC	STREME-4	5.9e-003	NC_003888.3_7774171_+_unassigned	8.97	tp	0
4-CGCCCYCRCC	STREME-4	5.9e-003	NC_003888.3_3258524_+_unassigned	8.97	tp	0
4-CGCCCYCRCC	STREME-4	5.9e-003	NC_003888.3_7526053_+_unassigned	8.97	tp	0
4-CGCCCYCRCC	STREME-4	5.9e-003	NC_003888.3_4020295_+_unassigned	8.97	tp	0
4-CGCCCYCRCC	STREME-4	5.9e-003	NC_003888.3_8029959_-_unassigned	8.97	tp	0
4-CGCCCYCRCC	STREME-4	5.9e-003	NC_003888.3_1029473_+_unassigned	8.97	tp	0
4-CGCCCYCRCC	STREME-4	5.9e-003	NC_003888.3_2736493_-_unassigned	8.97	fp	0
4-CGCCCYCRCC	STREME-4	5.9e-003	NC_003888.3_6838567_+_unassigned	8.97	fp	0
4-CGCCCYCRCC	STREME-4	5.9e-003	NC_003888.3_6222849_+_unassigned	8.97	fp	0
4-CGCCCYCRCC	STREME-4	5.9e-003	NC_003888.3_1353063_+_unassigned	8.97	fp	0
4-CGCCCYCRCC	STREME-4	5.9e-003	NC_003888.3_8110105_-_unassigned	8.97	fp	0
4-CGCCCYCRCC	STREME-4	5.9e-003	NC_003888.3_3108839_-_unassigned	8.97	fp	0
4-CGCCCYCRCC	STREME-4	5.9e-003	NC_003888.3_8159603_+_unassigned	8.97	tp	1
4-CGCCCYCRCC	STREME-4	5.9e-003	NC_003888.3_4033027_-_unassigned	8.97	fp	1
4-CGCCCYCRCC	STREME-4	5.9e-003	NC_003888.3_7780962_+_unassigned	8.97	fp	1
4-CGCCCYCRCC	STREME-4	5.9e-003	NC_003888.3_278824_-_unassigned	8.96	tp	0
4-CGCCCYCRCC	STREME-4	5.9e-003	NC_003888.3_5846536_-_unassigned	8.96	tp	0
4-CGCCCYCRCC	STREME-4	5.9e-003	NC_003888.3_4203472_+_unassigned	8.96	tp	0
4-CGCCCYCRCC	STREME-4	5.9e-003	NC_003888.3_5422997_-_unassigned	8.96	tp	0
4-CGCCCYCRCC	STREME-4	5.9e-003	NC_003888.3_8441204_+_unassigned	8.96	tp	0
4-CGCCCYCRCC	STREME-4	5.9e-003	NC_003888.3_146773_+_unassigned	8.96	tp	0
4-CGCCCYCRCC	STREME-4	5.9e-003	NC_003888.3_4380830_+_unassigned	8.96	tp	0
4-CGCCCYCRCC	STREME-4	5.9e-003	NC_003888.3_5030724_+_unassigned	8.96	tp	0
4-CGCCCYCRCC	STREME-4	5.9e-003	NC_003888.3_7216527_-_unassigned	8.96	fp	0
4-CGCCCYCRCC	STREME-4	5.9e-003	NC_003888.3_6705112_+_unassigned	8.96	fp	0
4-CGCCCYCRCC	STREME-4	5.9e-003	NC_003888.3_5353019_-_unassigned	8.96	fp	0
4-CGCCCYCRCC	STREME-4	5.9e-003	NC_003888.3_1390931_-_unassigned	8.96	tp	1
4-CGCCCYCRCC	STREME-4	5.9e-003	NC_003888.3_5237435_+_unassigned	8.86	fp	0
4-CGCCCYCRCC	STREME-4	5.9e-003	NC_003888.3_3307928_-_unassigned	8.80	tp	0
4-CGCCCYCRCC	STREME-4	5.9e-003	NC_003888.3_8356903_+_unassigned	8.80	tp	0
4-CGCCCYCRCC	STREME-4	5.9e-003	NC_003888.3_7804288_-_unassigned	8.79	fp	0
4-CGCCCYCRCC	STREME-4	5.9e-003	NC_003888.3_322787_+_unassigned	8.79	tp	0
4-CGCCCYCRCC	STREME-4	5.9e-003	NC_003888.3_5319695_+_unassigned	8.78	tp	0
4-CGCCCYCRCC	STREME-4	5.9e-003	NC_003888.3_3246648_+_unassigned	8.78	fp	0
4-CGCCCYCRCC	STREME-4	5.9e-003	NC_003888.3_6392975_+_unassigned	8.77	tp	0
4-CGCCCYCRCC	STREME-4	5.9e-003	NC_003888.3_3434215_-_unassigned	8.77	tp	0
4-CGCCCYCRCC	STREME-4	5.9e-003	NC_003888.3_1610938_-_unassigned	8.77	fp	0
4-CGCCCYCRCC	STREME-4	5.9e-003	NC_003888.3_8658796_-_unassigned	8.77	tp	0
4-CGCCCYCRCC	STREME-4	5.9e-003	NC_003888.3_8710_+_unassigned	8.77	tp	1
#
5-CCSGGTTSCYG	STREME-5	1.8e-002	NC_003888.3_7795940_-_unassigned	14.01	tp	0
5-CCSGGTTSCYG	STREME-5	1.8e-002	NC_003888.3_2505119_-_unassigned	14.01	tp	0
5-CCSGGTTSCYG	STREME-5	1.8e-002	NC_003888.3_4417239_-_unassigned	14.01	tp	0
5-CCSGGTTSCYG	STREME-5	1.8e-002	NC_003888.3_7122006_+_unassigned	13.51	tp	0
5-CCSGGTTSCYG	STREME-5	1.8e-002	NC_003888.3_5988929_+_unassigned	13.47	tp	0
5-CCSGGTTSCYG	STREME-5	1.8e-002	NC_003888.3_5746634_+_unassigned	13.31	tp	0
5-CCSGGTTSCYG	STREME-5	1.8e-002	NC_003888.3_2888458_-_unassigned	13.27	fp	0
5-CCSGGTTSCYG	STREME-5	1.8e-002	NC_003888.3_1460289_-_unassigned	13.07	tp	0
5-CCSGGTTSCYG	STREME-5	1.8e-002	NC_003888.3_7268057_+_unassigned	12.95	tp	0
5-CCSGGTTSCYG	STREME-5	1.8e-002	NC_003888.3_2383583_-_unassigned	12.93	tp	0
5-CCSGGTTSCYG	STREME-5	1.8e-002	NC_003888.3_932608_-_unassigned	12.93	tp	0
5-CCSGGTTSCYG	STREME-5	1.8e-002	NC_003888.3_8218995_-_unassigned	12.93	tp	0
5-CCSGGTTSCYG	STREME-5	1.8e-002	NC_003888.3_4795430_+_unassigned	12.88	tp	0
5-CCSGGTTSCYG	STREME-5	1.8e-002	NC_003888.3_199170_+_unassigned	12.82	tp	0
5-CCSGGTTSCYG	STREME-5	1.8e-002	NC_003888.3_827793_-_unassigned	12.82	tp	0
5-CCSGGTTSCYG	STREME-5	1.8e-002	NC_003888.3_2555100_+_unassigned	12.82	tp	0
5-CCSGGTTSCYG	STREME-5	1.8e-002	NC_003888.3_7404872_-_unassigned	12.77	tp	1
5-CCSGGTTSCYG	STREME-5	1.8e-002	NC_003888.3_1186033_-_unassigned	12.56	tp	0
5-CCSGGTTSCYG	STREME-5	1.8e-002	NC_003888.3_1235875_-_unassigned	12.56	tp	0
5-CCSGGTTSCYG	STREME-5	1.8e-002	NC_003888.3_5513858_+_unassigned	12.56	tp	1
5-CCSGGTTSCYG	STREME-5	1.8e-002	NC_003888.3_8489129_-_unassigned	12.53	tp	0
5-CCSGGTTSCYG	STREME-5	1.8e-002	NC_003888.3_5714047_+_unassigned	12.45	tp	0
5-CCSGGTTSCYG	STREME-5	1.8e-002	NC_003888.3_1369907_-_unassigned	12.45	tp	0
5-CCSGGTTSCYG	STREME-5	1.8e-002	NC_003888.3_4015682_+_unassigned	12.38	tp	0
5-CCSGGTTSCYG	STREME-5	1.8e-002	NC_003888.3_2915793_+_unassigned	12.38	tp	1
5-CCSGGTTSCYG	STREME-5	1.8e-002	NC_003888.3_2074343_-_unassigned	12.28	tp	0
5-CCSGGTTSCYG	STREME-5	1.8e-002	NC_003888.3_7421787_-_unassigned	12.28	tp	0
5-CCSGGTTSCYG	STREME-5	1.8e-002	NC_003888.3_2334718_-_unassigned	12.26	tp	0
5-CCSGGTTSCYG	STREME-5	1.8e-002	NC_003888.3_7290476_-_unassigned	12.20	tp	0
5-CCSGGTTSCYG	STREME-5	1.8e-002	NC_003888.3_1655791_-_unassigned	12.20	tp	0
5-CCSGGTTSCYG	STREME-5	1.8e-002	NC_003888.3_7084775_+_unassigned	12.20	tp	0
5-CCSGGTTSCYG	STREME-5	1.8e-002	NC_003888.3_7151319_+_unassigned	12.20	tp	0
5-CCSGGTTSCYG	STREME-5	1.8e-002	NC_003888.3_8504282_-_unassigned	12.20	tp	0
5-CCSGGTTSCYG	STREME-5	1.8e-002	NC_003888.3_3749405_+_unassigned	12.20	tp	0
5-CCSGGTTSCYG	STREME-5	1.8e-002	NC_003888.3_5115520_+_unassigned	12.20	tp	0
5-CCSGGTTSCYG	STREME-5	1.8e-002	NC_003888.3_1163113_-_unassigned	12.20	tp	0
5-CCSGGTTSCYG	STREME-5	1.8e-002	NC_003888.3_4422306_+_unassigned	12.20	tp	0
5-CCSGGTTSCYG	STREME-5	1.8e-002	NC_003888.3_1029473_+_unassigned	12.20	tp	0
5-CCSGGTTSCYG	STREME-5	1.8e-002	NC_003888.3_2477769_-_unassigned	12.13	tp	0
5-CCSGGTTSCYG	STREME-5	1.8e-002	NC_003888.3_6382459_-_unassigned	12.10	tp	0
5-CCSGGTTSCYG	STREME-5	1.8e-002	NC_003888.3_7383676_+_unassigned	12.07	tp	0
5-CCSGGTTSCYG	STREME-5	1.8e-002	NC_003888.3_8037266_+_unassigned	12.07	fp	1
5-CCSGGTTSCYG	STREME-5	1.8e-002	NC_003888.3_455569_-_unassigned	12.00	tp	0
5-CCSGGTTSCYG	STREME-5	1.8e-002	NC_003888.3_1016849_-_unassigned	11.95	tp	0
5-CCSGGTTSCYG	STREME-5	1.8e-002	NC_003888.3_583494_+_unassigned	11.95	tp	0
5-CCSGGTTSCYG	STREME-5	1.8e-002	NC_003888.3_8462087_-_unassigned	11.86	tp	0
5-CCSGGTTSCYG	STREME-5	1.8e-002	NC_003888.3_455569_-_unassigned	11.78	fp	0
5-CCSGGTTSCYG	STREME-5	1.8e-002	NC_003888.3_753589_-_unassigned	11.69	tp	0
5-CCSGGTTSCYG	STREME-5	1.8e-002	NC_003888.3_1178228_-_unassigned	11.68	tp	0
5-CCSGGTTSCYG	STREME-5	1.8e-002	NC_003888.3_5970629_-_unassigned	11.65	fp	0
5-CCSGGTTSCYG	STREME-5	1.8e-002	NC_003888.3_2204590_+_unassigned	11.62	tp	0
5-CCSGGTTSCYG	STREME-5	1.8e-002	NC_003888.3_8349114_+_unassigned	11.62	fp	0
5-CCSGGTTSCYG	STREME-5	1.8e-002	NC_003888.3_4227911_+_unassigned	11.59	fp	0
5-CCSGGTTSCYG	STREME-5	1.8e-002	NC_003888.3_5636354_+_unassigned	11.59	fp	0
5-CCSGGTTSCYG	STREME-5	1.8e-002	NC_003888.3_1168398_+_unassigned	11.59	tp	1
5-CCSGGTTSCYG	STREME-5	1.8e-002	NC_003888.3_440613_-_unassigned	11.54	fp	0
5-CCSGGTTSCYG	STREME-5	1.8e-002	NC_003888.3_3316231_+_unassigned	11.54	tp	1
5-CCSGGTTSCYG	STREME-5	1.8e-002	NC_003888.3_8219670_-_unassigned	11.50	tp	0
5-CCSGGTTSCYG	STREME-5	1.8e-002	NC_003888.3_1622921_+_unassigned	11.45	tp	0
5-CCSGGTTSCYG	STREME-5	1.8e-002	NC_003888.3_4863335_+_unassigned	11.45	fp	0
5-CCSGGTTSCYG	STREME-5	1.8e-002	NC_003888.3_3218221_-_unassigned	11.45	tp	1
5-CCSGGTTSCYG	STREME-5	1.8e-002	NC_003888.3_7122006_+_unassigned	11.42	fp	0
5-CCSGGTTSCYG	STREME-5	1.8e-002	NC_003888.3_5266569_+_unassigned	11.37	tp	0
5-CCSGGTTSCYG	STREME-5	1.8e-002	NC_003888.3_7942461_-_unassigned	11.37	tp	0
5-CCSGGTTSCYG	STREME-5	1.8e-002	NC_003888.3_1426870_-_unassigned	11.37	tp	0
5-CCSGGTTSCYG	STREME-5	1.8e-002	NC_003888.3_955186_+_unassigned	11.37	fp	0
5-CCSGGTTSCYG	STREME-5	1.8e-002	NC_003888.3_7730829_-_unassigned	11.37	fp	0
5-CCSGGTTSCYG	STREME-5	1.8e-002	NC_003888.3_8100509_-_unassigned	11.37	fp	0
5-CCSGGTTSCYG	STREME-5	1.8e-002	NC_003888.3_6020283_+_unassigned	11.37	tp	1
5-CCSGGTTSCYG	STREME-5	1.8e-002	NC_003888.3_5441559_-_unassigned	11.35	tp	0
5-CCSGGTTSCYG	STREME-5	1.8e-002	NC_003888.3_7804288_-_unassigned	11.34	tp	0
5-CCSGGTTSCYG	STREME-5	1.8e-002	NC_003888.3_8537334_+_unassigned	11.34	tp	0
5-CCSGGTTSCYG	STREME-5	1.8e-002	NC_003888.3_2994005_+_unassigned	11.34	tp	0
5-CCSGGTTSCYG	STREME-5	1.8e-002	NC_003888.3_2307058_-_unassigned	11.34	tp	0
5-CCSGGTTSCYG	STREME-5	1.8e-002	NC_003888.3_6848334_+_unassigned	11.34	tp	0
5-CCSGGTTSCYG	STREME-5	1.8e-002	NC_003888.3_116802_-_unassigned	11.34	tp	0
5-CCSGGTTSCYG	STREME-5	1.8e-002	NC_003888.3_3303073_-_unassigned	11.27	tp	0
5-CCSGGTTSCYG	STREME-5	1.8e-002	NC_003888.3_6049924_+_unassigned	11.27	tp	0
5-CCSGGTTSCYG	STREME-5	1.8e-002	NC_003888.3_4082325_-_unassigned	11.25	tp	0
5-CCSGGTTSCYG	STREME-5	1.8e-002	NC_003888.3_7141549_+_unassigned	11.24	tp	0
5-CCSGGTTSCYG	STREME-5	1.8e-002	NC_003888.3_6739956_-_unassigned	11.22	tp	0
5-CCSGGTTSCYG	STREME-5	1.8e-002	NC_003888.3_7106922_+_unassigned	11.19	tp	0
5-CCSGGTTSCYG	STREME-5	1.8e-002	NC_003888.3_3960369_+_unassigned	11.15	fp	0
5-CCSGGTTSCYG	STREME-5	1.8e-002	NC_003888.3_405808_+_unassigned	11.14	tp	0
5-CCSGGTTSCYG	STREME-5	1.8e-002	NC_003888.3_1190324_+_unassigned	11.14	tp	0
5-CCSGGTTSCYG	STREME-5	1.8e-002	NC_003888.3_4654413_-_unassigned	11.13	tp	0
5-CCSGGTTSCYG	STREME-5	1.8e-002	NC_003888.3_7810834_-_unassigned	11.13	tp	0
5-CCSGGTTSCYG	STREME-5	1.8e-002	NC_003888.3_4861547_-_unassigned	11.12	tp	0
5-CCSGGTTSCYG	STREME-5	1.8e-002	NC_003888.3_5303838_+_unassigned	11.08	tp	0
5-CCSGGTTSCYG	STREME-5	1.8e-002	NC_003888.3_2089485_-_unassigned	11.08	tp	0
5-CCSGGTTSCYG	STREME-5	1.8e-002	NC_003888.3_1731174_-_unassigned	11.07	tp	0
5-CCSGGTTSCYG	STREME-5	1.8e-002	NC_003888.3_769955_+_unassigned	11.07	fp	0
5-CCSGGTTSCYG	STREME-5	1.8e-002	NC_003888.3_3195432_-_unassigned	11.06	tp	0
5-CCSGGTTSCYG	STREME-5	1.8e-002	NC_003888.3_3005415_+_unassigned	11.06	tp	0
5-CCSGGTTSCYG	STREME-5	1.8e-002	NC_003888.3_2739857_+_unassigned	11.04	tp	0
5-CCSGGTTSCYG	STREME-5	1.8e-002	NC_003888.3_2739860_+_unassigned	11.04	tp	0
5-CCSGGTTSCYG	STREME-5	1.8e-002	NC_003888.3_5965080_+_unassigned	11.04	tp	0
5-CCSGGTTSCYG	STREME-5	1.8e-002	NC_003888.3_7621569_-_unassigned	11.03	tp	0
5-CCSGGTTSCYG	STREME-5	1.8e-002	NC_003888.3_6479433_+_unassigned	11.03	tp	0
5-CCSGGTTSCYG	STREME-5	1.8e-002	NC_003888.3_3499997_+_unassigned	11.03	tp	0
5-CCSGGTTSCYG	STREME-5	1.8e-002	NC_003888.3_5584613_+_unassigned	11.03	tp	0
5-CCSGGTTSCYG	STREME-5	1.8e-002	NC_003888.3_5266569_+_unassigned	11.03	fp	0
5-CCSGGTTSCYG	STREME-5	1.8e-002	NC_003888.3_7428520_-_unassigned	10.99	tp	0
5-CCSGGTTSCYG	STREME-5	1.8e-002	NC_003888.3_1041062_+_unassigned	10.99	fp	0
5-CCSGGTTSCYG	STREME-5	1.8e-002	NC_003888.3_2597012_+_unassigned	10.97	tp	0
5-CCSGGTTSCYG	STREME-5	1.8e-002	NC_003888.3_7764272_+_unassigned	10.97	tp	0
5-CCSGGTTSCYG	STREME-5	1.8e-002	NC_003888.3_1638262_-_unassigned	10.95	fp	0
5-CCSGGTTSCYG	STREME-5	1.8e-002	NC_003888.3_4987471_+_unassigned	10.88	tp	0
5-CCSGGTTSCYG	STREME-5	1.8e-002	NC_003888.3_796027_-_unassigned	10.87	tp	0
5-CCSGGTTSCYG	STREME-5	1.8e-002	NC_003888.3_3918011_+_unassigned	10.86	tp	0
5-CCSGGTTSCYG	STREME-5	1.8e-002	NC_003888.3_835115_+_unassigned	10.83	fp	0
5-CCSGGTTSCYG	STREME-5	1.8e-002	NC_003888.3_1347622_+_unassigned	10.74	tp	0
5-CCSGGTTSCYG	STREME-5	1.8e-002	NC_003888.3_6233835_-_unassigned	10.74	tp	0
5-CCSGGTTSCYG	STREME-5	1.8e-002	NC_003888.3_6750383_+_unassigned	10.74	tp	0
5-CCSGGTTSCYG	STREME-5	1.8e-002	NC_003888.3_2343992_-_unassigned	10.74	tp	0
5-CCSGGTTSCYG	STREME-5	1.8e-002	NC_003888.3_6397210_+_unassigned	10.74	fp	0
5-CCSGGTTSCYG	STREME-5	1.8e-002	NC_003888.3_1190324_+_unassigned	10.74	fp	0
5-CCSGGTTSCYG	STREME-5	1.8e-002	NC_003888.3_2343992_-_unassigned	10.74	fp	0
5-CCSGGTTSCYG	STREME-5	1.8e-002	NC_003888.3_5627674_+_unassigned	10.70	fp	0
5-CCSGGTTSCYG	STREME-5	1.8e-002	NC_003888.3_6899899_+_unassigned	10.65	fp	0
5-CCSGGTTSCYG	STREME-5	1.8e-002	NC_003888.3_4648089_-_unassigned	10.65	fp	0
5-CCSGGTTSCYG	STREME-5	1.8e-002	NC_003888.3_6486297_-_unassigned	10.62	tp	0
5-CCSGGTTSCYG	STREME-5	1.8e-002	NC_003888.3_649826_+_unassigned	10.61	tp	0
5-CCSGGTTSCYG	STREME-5	1.8e-002	NC_003888.3_7627960_-_unassigned	10.58	fp	0
5-CCSGGTTSCYG	STREME-5	1.8e-002	NC_003888.3_1438781_+_unassigned	10.58	tp	0
5-CCSGGTTSCYG	STREME-5	1.8e-002	NC_003888.3_6049103_+_unassigned	10.56	tp	1
5-CCSGGTTSCYG	STREME-5	1.8e-002	NC_003888.3_7108022_+_unassigned	10.56	tp	0
5-CCSGGTTSCYG	STREME-5	1.8e-002	NC_003888.3_1318997_-_unassigned	10.52	tp	0
5-CCSGGTTSCYG	STREME-5	1.8e-002	NC_003888.3_1355973_-_unassigned	10.52	tp	0
5-CCSGGTTSCYG	STREME-5	1.8e-002	NC_003888.3_7216527_-_unassigned	10.52	fp	0
5-CCSGGTTSCYG	STREME-5	1.8e-002	NC_003888.3_1157086_-_unassigned	10.51	fp	0
5-CCSGGTTSCYG	STREME-5	1.8e-002	NC_003888.3_5251676_-_unassigned	10.49	tp	0
5-CCSGGTTSCYG	STREME-5	1.8e-002	NC_003888.3_851358_+_unassigned	10.49	tp	0
5-CCSGGTTSCYG	STREME-5	1.8e-002	NC_003888.3_4809474_+_unassigned	10.49	tp	0
5-CCSGGTTSCYG	STREME-5	1.8e-002	NC_003888.3_2443416_-_unassigned	10.48	tp	0
5-CCSGGTTSCYG	STREME-5	1.8e-002	NC_003888.3_7335222_+_unassigned	10.48	tp	0
5-CCSGGTTSCYG	STREME-5	1.8e-002	NC_003888.3_5334600_+_unassigned	10.47	tp	0
5-CCSGGTTSCYG	STREME-5	1.8e-002	NC_003888.3_321176_+_unassigned	10.42	tp	0
5-CCSGGTTSCYG	STREME-5	1.8e-002	NC_003888.3_4916928_+_unassigned	10.41	tp	0
5-CCSGGTTSCYG	STREME-5	1.8e-002	NC_003888.3_8164067_+_unassigned	10.41	fp	0
5-CCSGGTTSCYG	STREME-5	1.8e-002	NC_003888.3_3544976_-_unassigned	10.40	tp	0
5-CCSGGTTSCYG	STREME-5	1.8e-002	NC_003888.3_1794660_-_unassigned	10.40	tp	0
5-CCSGGTTSCYG	STREME-5	1.8e-002	NC_003888.3_796027_-_unassigned	10.40	fp	0
5-CCSGGTTSCYG	STREME-5	1.8e-002	NC_003888.3_1392668_+_unassigned	10.39	tp	0
5-CCSGGTTSCYG	STREME-5	1.8e-002	NC_003888.3_1392669_+_unassigned	10.39	tp	0
5-CCSGGTTSCYG	STREME-5	1.8e-002	NC_003888.3_8459897_+_unassigned	10.39	tp	0
5-CCSGGTTSCYG	STREME-5	1.8e-002	NC_003888.3_7027248_-_unassigned	10.39	tp	0
5-CCSGGTTSCYG	STREME-5	1.8e-002	NC_003888.3_7640577_-_unassigned	10.37	tp	0
5-CCSGGTTSCYG	STREME-5	1.8e-002	NC_003888.3_1956318_-_unassigned	10.36	tp	0
5-CCSGGTTSCYG	STREME-5	1.8e-002	NC_003888.3_515717_-_unassigned	10.36	tp	0
5-CCSGGTTSCYG	STREME-5	1.8e-002	NC_003888.3_3174104_+_unassigned	10.36	fp	0
5-CCSGGTTSCYG	STREME-5	1.8e-002	NC_003888.3_5586240_-_unassigned	10.34	tp	0
5-CCSGGTTSCYG	STREME-5	1.8e-002	NC_003888.3_7394772_-_unassigned	10.31	tp	0
5-CCSGGTTSCYG	STREME-5	1.8e-002	NC_003888.3_643546_-_unassigned	10.31	tp	0
5-CCSGGTTSCYG	STREME-5	1.8e-002	NC_003888.3_649992_-_unassigned	10.31	tp	0
5-CCSGGTTSCYG	STREME-5	1.8e-002	NC_003888.3_763095_+_unassigned	10.29	tp	0
5-CCSGGTTSCYG	STREME-5	1.8e-002	NC_003888.3_5846536_-_unassigned	10.28	tp	0
5-CCSGGTTSCYG	STREME-5	1.8e-002	NC_003888.3_2410836_+_unassigned	10.26	tp	0
5-CCSGGTTSCYG	STREME-5	1.8e-002	NC_003888.3_3268262_+_unassigned	10.25	tp	0
