locus_tag,motif_count,has_motif,positions,is_coordinated
SC_RS02065,0,False,[],False
SC_RS02070,0,False,[],False
SC_RS02075,1,True,[-113],False
SC_RS02080,0,False,[],False
SC_RS02085,0,False,[],False
SC_RS02090,0,False,[],True
SC_RS02095,0,False,[],False
SC_RS02100,0,False,[],False
SC_RS02110,0,False,[],False
SC_RS02120,0,False,[],False
SC_RS02130,0,False,[],False
SC_RS02135,0,False,[],False
SC_RS02140,0,False,[],False
SC_RS02145,0,False,[],False
SC_RS02150,0,False,[],False
SC_RS02155,0,False,[],False
SC_RS02160,0,False,[],False
SC_RS02180,0,False,[],False
SC_RS02185,0,False,[],False
SC_RS02190,0,False,[],False
SC_RS02195,0,False,[],False
SC_RS02200,0,False,[],False
SC_RS02205,0,False,[],False
SC_RS02210,0,False,[],False
SC_RS02225,0,False,[],False
SC_RS02230,0,False,[],False
SC_RS02235,0,False,[],False
SC_RS02240,0,False,[],False
SC_RS02245,0,False,[],False
SC_RS02250,0,False,[],False
SC_RS02255,0,False,[],False
SC_RS02260,0,False,[],False
SC_RS02265,0,False,[],False
SC_RS02270,0,False,[],False
SC_RS02275,0,False,[],False
SC_RS02285,0,False,[],False
SC_RS02290,1,True,[-78],True
SC_RS02295,1,True,[-196],True
SC_RS02305,0,False,[],False
SC_RS02310,0,False,[],False
SC_RS02315,0,False,[],False
SC_RS02320,0,False,[],False
SC_RS02325,0,False,[],False
SC_RS02330,0,False,[],False
SC_RS02335,0,False,[],False
SC_RS02340,0,False,[],False
SC_RS02345,0,False,[],False
SC_RS02350,0,False,[],False
SC_RS02355,0,False,[],False
SC_RS02360,0,False,[],False
SC_RS02370,0,False,[],False
SC_RS02375,0,False,[],False
SC_RS02380,0,False,[],False
SC_RS02385,0,False,[],False
SC_RS02390,0,False,[],False
SC_RS02400,0,False,[],False
SC_RS02405,0,False,[],False
SC_RS02410,0,False,[],False
SC_RS02420,0,False,[],False
SC_RS02425,0,False,[],False
SC_RS02430,0,False,[],False
SC_RS02435,0,False,[],False
SC_RS02440,0,False,[],False
SC_RS02445,0,False,[],False
SC_RS02450,0,False,[],False
SC_RS02455,0,False,[],True
SC_RS02465,0,False,[],False
SC_RS02480,0,False,[],False
SC_RS02485,0,False,[],False
SC_RS02495,0,False,[],False
SC_RS02500,0,False,[],False
SC_RS02505,0,False,[],False
SC_RS02510,0,False,[],False
SC_RS02515,0,False,[],False
SC_RS02520,0,False,[],False
SC_RS02525,0,False,[],False
SC_RS02530,0,False,[],False
SC_RS02535,0,False,[],False
SC_RS02540,0,False,[],False
SC_RS02545,0,False,[],False
SC_RS02550,0,False,[],False
SC_RS02555,0,False,[],False
SC_RS02560,0,False,[],False
SC_RS02565,0,False,[],False
SC_RS02570,0,False,[],False
SC_RS02575,0,False,[],False
SC_RS02580,0,False,[],False
SC_RS02585,0,False,[],False
SC_RS02590,0,False,[],False
SC_RS02595,0,False,[],False
SC_RS02600,0,False,[],True
SC_RS02605,0,False,[],False
SC_RS02610,0,False,[],False
SC_RS02615,0,False,[],False
SC_RS02620,0,False,[],False
SC_RS02625,0,False,[],False
SC_RS02630,0,False,[],False
SC_RS02635,0,False,[],False
SC_RS02640,0,False,[],False
SC_RS02645,0,False,[],False
SC_RS02650,1,True,[-43],False
SC_RS02655,0,False,[],False
SC_RS02660,0,False,[],False
SC_RS02665,0,False,[],False
SC_RS02670,0,False,[],False
SC_RS02675,0,False,[],False
SC_RS02680,0,False,[],False
SC_RS02685,0,False,[],False
SC_RS02690,0,False,[],False
SC_RS02700,0,False,[],False
SC_RS02705,0,False,[],False
SC_RS02715,0,False,[],False
SC_RS02720,0,False,[],False
SC_RS02725,0,False,[],False
SC_RS02730,0,False,[],False
SC_RS02735,0,False,[],False
SC_RS02740,0,False,[],False
SC_RS02745,0,False,[],False
SC_RS02750,0,False,[],False
SC_RS02755,0,False,[],False
SC_RS02760,0,False,[],False
SC_RS02765,0,False,[],False
SC_RS02770,0,False,[],False
SC_RS02775,0,False,[],False
SC_RS02780,0,False,[],False
SC_RS02785,0,False,[],False
SC_RS02790,0,False,[],False
SC_RS02795,0,False,[],False
SC_RS02800,0,False,[],False
SC_RS02805,0,False,[],False
SC_RS02810,0,False,[],True
SC_RS02815,0,False,[],False
SC_RS02820,0,False,[],False
SC_RS02825,0,False,[],False
SC_RS02830,0,False,[],False
SC_RS02835,0,False,[],False
SC_RS02845,0,False,[],False
SC_RS02850,0,False,[],False
SC_RS02855,0,False,[],False
SC_RS02875,0,False,[],True
SC_RS02880,0,False,[],False
SC_RS02885,0,False,[],False
SC_RS02890,0,False,[],False
SC_RS02895,0,False,[],False
SC_RS02900,0,False,[],False
SC_RS02905,1,True,[-27],False
SC_RS02910,0,False,[],False
SC_RS02915,0,False,[],False
SC_RS02920,0,False,[],False
SC_RS02925,0,False,[],False
SC_RS02930,1,True,[12],False
SC_RS02935,0,False,[],False
SC_RS02940,0,False,[],False
SC_RS02945,0,False,[],False
SC_RS02950,0,False,[],False
SC_RS02955,0,False,[],False
SC_RS02960,0,False,[],False
SC_RS02965,0,False,[],False
SC_RS02970,1,True,[32],False
SC_RS02980,0,False,[],False
SC_RS02985,0,False,[],False
SC_RS02990,0,False,[],False
SC_RS02995,0,False,[],False
SC_RS03000,0,False,[],False
SC_RS03005,0,False,[],False
SC_RS03010,0,False,[],False
SC_RS03015,0,False,[],False
SC_RS03020,1,True,[-196],False
SC_RS03025,0,False,[],False
SC_RS03030,0,False,[],False
SC_RS03035,0,False,[],False
SC_RS03040,0,False,[],True
SC_RS03045,0,False,[],False
SC_RS03055,0,False,[],False
SC_RS03060,0,False,[],False
SC_RS03065,0,False,[],False
SC_RS03070,0,False,[],False
SC_RS03075,0,False,[],False
SC_RS03080,0,False,[],False
SC_RS03085,0,False,[],False
SC_RS03090,0,False,[],False
SC_RS03095,0,False,[],False
SC_RS03100,0,False,[],False
SC_RS03105,0,False,[],False
SC_RS03110,0,False,[],False
SC_RS03115,0,False,[],False
SC_RS03120,0,False,[],False
SC_RS03125,0,False,[],False
SC_RS03130,1,True,[-48],False
SC_RS03135,0,False,[],False
SC_RS03140,0,False,[],False
SC_RS03145,0,False,[],False
SC_RS03150,1,True,[-51],True
SC_RS03155,0,False,[],False
SC_RS03160,0,False,[],False
SC_RS03165,0,False,[],False
SC_RS03170,0,False,[],False
SC_RS03175,0,False,[],False
SC_RS03180,0,False,[],False
SC_RS03185,0,False,[],False
SC_RS03190,0,False,[],False
SC_RS03195,0,False,[],False
SC_RS03200,0,False,[],False
SC_RS03205,0,False,[],False
SC_RS03210,0,False,[],False
SC_RS03215,0,False,[],False
SC_RS03220,0,False,[],False
SC_RS03225,0,False,[],False
SC_RS03230,0,False,[],False
SC_RS03235,0,False,[],False
SC_RS03240,0,False,[],False
SC_RS03245,0,False,[],False
SC_RS03250,0,False,[],False
SC_RS03255,0,False,[],False
SC_RS03260,0,False,[],False
SC_RS03265,0,False,[],False
SC_RS03270,0,False,[],False
SC_RS03275,0,False,[],False
SC_RS03280,0,False,[],False
SC_RS03285,0,False,[],False
SC_RS03290,0,False,[],False
SC_RS03295,0,False,[],False
SC_RS03300,0,False,[],False
SC_RS03305,0,False,[],False
SC_RS03310,0,False,[],False
SC_RS03315,0,False,[],False
SC_RS03320,0,False,[],False
SC_RS03325,0,False,[],False
SC_RS03330,0,False,[],False
SC_RS03335,0,False,[],False
SC_RS03340,0,False,[],False
SC_RS03345,0,False,[],False
SC_RS03350,0,False,[],False
SC_RS03355,0,False,[],False
SC_RS03360,0,False,[],False
SC_RS03365,0,False,[],False
SC_RS03370,0,False,[],False
SC_RS03375,0,False,[],False
SC_RS03380,0,False,[],False
SC_RS03385,0,False,[],False
SC_RS03390,0,False,[],True
SC_RS03395,0,False,[],False
SC_RS03400,0,False,[],False
SC_RS03405,0,False,[],False
SC_RS03410,0,False,[],False
SC_RS03415,0,False,[],False
SC_RS03420,0,False,[],False
SC_RS03425,0,False,[],False
SC_RS03430,0,False,[],False
SC_RS03435,0,False,[],False
SC_RS03440,0,False,[],False
SC_RS03445,0,False,[],False
SC_RS03450,0,False,[],False
SC_RS03455,0,False,[],False
SC_RS03460,0,False,[],False
SC_RS03465,1,True,[3],False
SC_RS03470,1,True,[-124],False
SC_RS03475,0,False,[],False
SC_RS03480,0,False,[],False
SC_RS03485,0,False,[],True
SC_RS03490,0,False,[],False
SC_RS03495,0,False,[],False
SC_RS03500,0,False,[],False
SC_RS03505,0,False,[],False
SC_RS03515,0,False,[],False
SC_RS03520,0,False,[],False
SC_RS03525,0,False,[],False
SC_RS03530,0,False,[],False
SC_RS03540,1,True,[-91],True
SC_RS03545,1,True,[-243],True
SC_RS03550,0,False,[],True
SC_RS03555,0,False,[],False
SC_RS03560,0,False,[],False
SC_RS03565,0,False,[],False
SC_RS03570,0,False,[],False
SC_RS03575,0,False,[],False
SC_RS03580,0,False,[],False
SC_RS03585,0,False,[],False
SC_RS03590,0,False,[],False
SC_RS03595,0,False,[],False
SC_RS03600,0,False,[],False
SC_RS03605,0,False,[],False
SC_RS03610,0,False,[],False
SC_RS03615,0,False,[],True
SC_RS03620,0,False,[],False
SC_RS03625,0,False,[],False
SC_RS03630,0,False,[],False
SC_RS03635,0,False,[],False
SC_RS03640,0,False,[],False
SC_RS03645,0,False,[],False
SC_RS03650,0,False,[],False
SC_RS03655,0,False,[],False
SC_RS03660,0,False,[],False
SC_RS03665,0,False,[],False
SC_RS03670,0,False,[],False
SC_RS03675,0,False,[],False
SC_RS03680,0,False,[],False
SC_RS03685,0,False,[],False
SC_RS03690,0,False,[],False
SC_RS03695,0,False,[],False
SC_RS03700,0,False,[],False
SC_RS03705,0,False,[],False
SC_RS03710,0,False,[],False
SC_RS03715,0,False,[],False
SC_RS03720,0,False,[],False
SC_RS03725,0,False,[],False
SC_RS03730,0,False,[],False
SC_RS03735,0,False,[],False
SC_RS03740,0,False,[],False
SC_RS03745,0,False,[],False
SC_RS03750,0,False,[],False
SC_RS03755,0,False,[],False
SC_RS03760,0,False,[],False
SC_RS03765,0,False,[],False
SC_RS03770,0,False,[],False
SC_RS03775,0,False,[],False
SC_RS03780,0,False,[],False
SC_RS03785,1,True,[-88],True
SC_RS03790,1,True,[-27],False
SC_RS03795,0,False,[],False
SC_RS03800,0,False,[],False
SC_RS03805,0,False,[],False
SC_RS03810,0,False,[],False
SC_RS03815,0,False,[],False
SC_RS03820,1,True,[-238],True
SC_RS03825,0,False,[],False
SC_RS03830,0,False,[],False
SC_RS03835,0,False,[],False
SC_RS03840,0,False,[],False
SC_RS03845,0,False,[],False
SC_RS03850,0,False,[],False
SC_RS03855,0,False,[],False
SC_RS03860,0,False,[],False
SC_RS03865,0,False,[],False
SC_RS03870,0,False,[],False
SC_RS03875,0,False,[],False
SC_RS03880,0,False,[],False
SC_RS03885,0,False,[],False
SC_RS03890,0,False,[],False
SC_RS03895,0,False,[],False
SC_RS03900,0,False,[],False
SC_RS03905,0,False,[],False
SC_RS03910,0,False,[],False
SC_RS03915,0,False,[],False
SC_RS03920,0,False,[],True
SC_RS03925,1,True,[-196],True
SC_RS03930,0,False,[],False
SC_RS03935,0,False,[],False
SC_RS03940,0,False,[],False
SC_RS03945,0,False,[],False
SC_RS03950,0,False,[],False
SC_RS03955,0,False,[],False
SC_RS03960,0,False,[],False
SC_RS03965,0,False,[],False
SC_RS03970,0,False,[],False
SC_RS03975,0,False,[],False
SC_RS03980,0,False,[],False
SC_RS03985,0,False,[],False
SC_RS03990,0,False,[],False
SC_RS03995,0,False,[],False
SC_RS04000,0,False,[],False
SC_RS04005,0,False,[],False
SC_RS04010,0,False,[],False
SC_RS04015,0,False,[],False
SC_RS04020,0,False,[],False
SC_RS04025,0,False,[],False
SC_RS04030,0,False,[],False
SC_RS04035,0,False,[],False
SC_RS04040,0,False,[],True
SC_RS04045,0,False,[],False
SC_RS04050,0,False,[],False
SC_RS04055,0,False,[],True
SC_RS04060,0,False,[],False
SC_RS04065,0,False,[],False
SC_RS04070,0,False,[],False
SC_RS04075,0,False,[],False
SC_RS04080,0,False,[],False
SC_RS04085,0,False,[],False
SC_RS04090,0,False,[],False
SC_RS04095,0,False,[],False
SC_RS04100,0,False,[],True
SC_RS04105,0,False,[],False
SC_RS04110,0,False,[],False
SC_RS04115,0,False,[],False
SC_RS04120,0,False,[],False
SC_RS04125,0,False,[],True
SC_RS04130,0,False,[],False
SC_RS04135,0,False,[],False
SC_RS04140,0,False,[],False
SC_RS04145,0,False,[],False
SC_RS04150,1,True,[42],False
SC_RS04155,1,True,[-287],False
SC_RS04160,0,False,[],False
SC_RS04165,0,False,[],False
SC_RS04170,0,False,[],False
SC_RS04175,0,False,[],False
SC_RS04180,0,False,[],False
SC_RS04185,0,False,[],False
SC_RS04190,0,False,[],False
SC_RS04195,0,False,[],False
SC_RS04200,0,False,[],False
SC_RS04205,0,False,[],False
SC_RS04210,0,False,[],False
SC_RS04215,0,False,[],False
SC_RS04220,0,False,[],False
SC_RS04225,0,False,[],False
SC_RS04230,0,False,[],False
SC_RS04235,0,False,[],False
SC_RS04240,0,False,[],False
SC_RS04245,0,False,[],False
SC_RS04250,1,True,[-224],True
SC_RS04255,0,False,[],False
SC_RS04260,0,False,[],False
SC_RS04265,0,False,[],False
SC_RS04270,0,False,[],True
SC_RS04275,0,False,[],False
SC_RS04280,0,False,[],False
SC_RS04285,0,False,[],False
SC_RS04290,0,False,[],False
SC_RS04295,0,False,[],False
SC_RS04300,0,False,[],False
SC_RS04305,0,False,[],False
SC_RS04310,0,False,[],False
SC_RS04315,0,False,[],False
SC_RS04320,0,False,[],False
SC_RS04325,0,False,[],False
SC_RS04330,0,False,[],False
SC_RS04335,0,False,[],False
SC_RS04340,0,False,[],False
SC_RS04345,0,False,[],False
SC_RS04350,0,False,[],False
SC_RS04355,0,False,[],False
SC_RS04360,0,False,[],False
SC_RS04365,0,False,[],False
SC_RS04370,0,False,[],True
SC_RS04375,0,False,[],False
SC_RS04380,0,False,[],False
SC_RS04385,0,False,[],False
SC_RS04390,0,False,[],False
SC_RS04395,0,False,[],True
SC_RS04400,0,False,[],False
SC_RS04405,0,False,[],False
SC_RS04410,0,False,[],False
SC_RS04415,0,False,[],False
SC_RS04420,0,False,[],False
SC_RS04425,0,False,[],True
SC_RS04430,0,False,[],False
SC_RS04435,1,True,[-218],False
SC_RS04440,0,False,[],False
SC_RS04445,0,False,[],False
SC_RS04450,0,False,[],False
SC_RS04460,0,False,[],True
SC_RS04465,0,False,[],False
SC_RS04470,0,False,[],False
SC_RS04475,0,False,[],False
SC_RS04480,0,False,[],False
SC_RS04485,0,False,[],False
SC_RS04490,0,False,[],False
SC_RS04495,0,False,[],False
SC_RS04500,0,False,[],False
SC_RS04510,0,False,[],False
SC_RS04515,0,False,[],False
SC_RS04520,0,False,[],False
SC_RS04525,0,False,[],False
SC_RS04530,0,False,[],False
SC_RS04535,0,False,[],False
SC_RS04540,0,False,[],False
SC_RS04545,0,False,[],False
SC_RS04550,0,False,[],False
SC_RS04555,0,False,[],False
SC_RS04560,0,False,[],False
SC_RS04565,0,False,[],False
SC_RS04570,0,False,[],False
SC_RS04575,0,False,[],False
SC_RS04580,0,False,[],False
SC_RS04585,0,False,[],False
SC_RS04590,0,False,[],False
SC_RS04595,0,False,[],False
SC_RS04600,0,False,[],False
SC_RS04605,1,True,[-126],False
SC_RS04610,0,False,[],False
SC_RS04615,0,False,[],False
SC_RS04620,0,False,[],False
SC_RS04625,0,False,[],False
SC_RS04630,0,False,[],False
SC_RS04635,0,False,[],False
SC_RS04640,1,True,[-200],True
SC_RS04645,0,False,[],True
SC_RS04650,0,False,[],False
SC_RS04655,0,False,[],False
SC_RS04660,0,False,[],True
SC_RS04665,0,False,[],False
SC_RS04670,0,False,[],False
SC_RS04675,0,False,[],False
SC_RS04680,0,False,[],False
SC_RS04685,0,False,[],False
SC_RS04690,0,False,[],False
SC_RS04695,0,False,[],False
SC_RS04700,0,False,[],False
SC_RS04705,0,False,[],False
SC_RS04710,0,False,[],True
SC_RS04715,0,False,[],False
SC_RS04720,0,False,[],False
SC_RS04725,0,False,[],False
SC_RS04730,0,False,[],False
SC_RS04735,0,False,[],False
SC_RS04740,0,False,[],False
SC_RS04745,0,False,[],False
SC_RS04750,0,False,[],False
SC_RS04755,0,False,[],False
SC_RS04760,0,False,[],False
SC_RS04765,0,False,[],False
SC_RS04770,0,False,[],False
SC_RS04775,0,False,[],False
SC_RS04780,0,False,[],True
SC_RS04785,0,False,[],False
SC_RS04790,0,False,[],False
SC_RS04795,0,False,[],False
SC_RS04800,0,False,[],False
SC_RS04805,0,False,[],False
SC_RS04810,0,False,[],False
SC_RS04815,0,False,[],False
SC_RS04820,0,False,[],False
SC_RS04825,0,False,[],False
SC_RS04830,0,False,[],False
SC_RS04835,0,False,[],False
SC_RS04840,0,False,[],True
SC_RS04845,0,False,[],False
SC_RS04850,0,False,[],False
SC_RS04855,0,False,[],False
SC_RS04860,0,False,[],True
SC_RS04865,1,True,[-106],True
SC_RS04870,0,False,[],False
SC_RS04875,0,False,[],False
SC_RS04880,0,False,[],False
SC_RS04885,0,False,[],False
SC_RS04890,0,False,[],False
SC_RS04895,0,False,[],False
SC_RS04900,0,False,[],True
SC_RS04905,0,False,[],False
SC_RS04910,0,False,[],False
SC_RS04915,0,False,[],False
SC_RS04920,0,False,[],False
SC_RS04925,0,False,[],False
SC_RS04930,0,False,[],False
SC_RS04935,0,False,[],False
SC_RS04940,0,False,[],False
SC_RS04945,0,False,[],False
SC_RS04950,0,False,[],False
SC_RS04955,0,False,[],False
SC_RS04960,0,False,[],True
SC_RS04965,0,False,[],False
SC_RS04970,0,False,[],False
SC_RS04975,0,False,[],True
SC_RS04980,0,False,[],False
SC_RS04985,0,False,[],False
SC_RS04990,0,False,[],False
SC_RS04995,0,False,[],False
SC_RS05000,0,False,[],False
SC_RS05005,0,False,[],False
SC_RS05010,0,False,[],False
SC_RS05015,0,False,[],False
SC_RS05020,0,False,[],False
SC_RS05025,0,False,[],False
SC_RS05030,0,False,[],False
SC_RS05035,0,False,[],True
SC_RS05040,0,False,[],False
SC_RS05045,0,False,[],False
SC_RS05050,0,False,[],False
SC_RS05055,0,False,[],False
SC_RS05060,0,False,[],False
SC_RS05065,0,False,[],False
SC_RS05070,0,False,[],False
SC_RS05075,0,False,[],False
SC_RS05080,0,False,[],False
SC_RS05095,0,False,[],False
SC_RS05100,0,False,[],False
SC_RS05105,0,False,[],False
SC_RS05110,0,False,[],False
SC_RS05115,0,False,[],False
SC_RS05120,0,False,[],False
SC_RS05125,0,False,[],False
SC_RS05130,0,False,[],False
SC_RS05135,0,False,[],True
SC_RS05140,0,False,[],False
SC_RS05145,0,False,[],False
SC_RS05150,0,False,[],False
SC_RS05155,0,False,[],False
SC_RS05160,0,False,[],False
SC_RS05165,0,False,[],False
SC_RS05170,0,False,[],False
SC_RS05175,0,False,[],False
SC_RS05180,0,False,[],False
SC_RS05185,0,False,[],False
SC_RS05190,0,False,[],False
SC_RS05195,0,False,[],False
SC_RS05200,0,False,[],False
SC_RS05205,0,False,[],False
SC_RS05210,0,False,[],False
SC_RS05215,0,False,[],False
SC_RS05220,0,False,[],False
SC_RS05225,0,False,[],False
SC_RS05230,0,False,[],False
SC_RS05235,0,False,[],False
SC_RS05240,0,False,[],False
SC_RS05245,0,False,[],False
SC_RS05250,0,False,[],False
SC_RS05255,0,False,[],False
SC_RS05260,0,False,[],False
SC_RS05265,0,False,[],False
SC_RS05270,0,False,[],False
SC_RS05275,0,False,[],False
SC_RS05280,0,False,[],False
SC_RS05285,0,False,[],False
SC_RS05290,0,False,[],False
SC_RS05295,0,False,[],True
SC_RS05300,0,False,[],True
SC_RS05305,0,False,[],False
SC_RS05310,0,False,[],True
SC_RS05315,0,False,[],True
SC_RS05320,0,False,[],False
SC_RS05325,0,False,[],False
SC_RS05330,0,False,[],True
SC_RS05335,0,False,[],False
SC_RS05340,0,False,[],False
SC_RS05345,0,False,[],False
SC_RS05350,0,False,[],False
SC_RS05355,0,False,[],False
SC_RS05360,0,False,[],False
SC_RS05365,0,False,[],False
SC_RS05370,0,False,[],True
SC_RS05375,0,False,[],False
SC_RS05380,0,False,[],False
SC_RS05385,0,False,[],False
SC_RS05390,0,False,[],False
SC_RS05395,0,False,[],False
SC_RS05400,0,False,[],False
SC_RS05405,0,False,[],False
SC_RS05415,0,False,[],False
SC_RS05420,0,False,[],False
SC_RS05425,0,False,[],False
SC_RS05430,0,False,[],True
SC_RS05435,0,False,[],False
SC_RS05440,0,False,[],False
SC_RS05450,1,True,[-240],True
SC_RS05455,0,False,[],False
SC_RS05460,0,False,[],False
SC_RS05465,0,False,[],False
SC_RS05470,0,False,[],False
SC_RS05475,0,False,[],False
SC_RS05480,0,False,[],False
SC_RS05485,0,False,[],False
SC_RS05490,0,False,[],False
SC_RS05495,0,False,[],False
SC_RS05500,0,False,[],False
SC_RS05505,0,False,[],False
SC_RS05510,0,False,[],False
SC_RS05515,1,True,[37],True
SC_RS05520,0,False,[],False
SC_RS05525,0,False,[],False
SC_RS05530,0,False,[],True
SC_RS05535,0,False,[],False
SC_RS05540,0,False,[],False
SC_RS05545,0,False,[],False
SC_RS05550,0,False,[],False
SC_RS05555,0,False,[],True
SC_RS05560,0,False,[],False
SC_RS05565,0,False,[],False
SC_RS05570,0,False,[],False
SC_RS05575,0,False,[],False
SC_RS05580,0,False,[],False
SC_RS05585,0,False,[],True
SC_RS05590,0,False,[],False
SC_RS05595,0,False,[],False
SC_RS05600,0,False,[],False
SC_RS05605,0,False,[],False
SC_RS05610,0,False,[],True
SC_RS05615,0,False,[],False
SC_RS05620,0,False,[],False
SC_RS05625,0,False,[],False
SC_RS05630,0,False,[],False
SC_RS05635,0,False,[],False
SC_RS05640,0,False,[],False
SC_RS05645,0,False,[],False
SC_RS05650,0,False,[],False
SC_RS05655,0,False,[],False
SC_RS05660,0,False,[],False
SC_RS05665,0,False,[],False
SC_RS05670,0,False,[],False
SC_RS05675,0,False,[],False
SC_RS05680,0,False,[],False
SC_RS05685,0,False,[],False
SC_RS05690,1,True,[-250],False
SC_RS05695,1,True,[-156],False
SC_RS05700,0,False,[],False
SC_RS05705,0,False,[],False
SC_RS05710,0,False,[],False
SC_RS05715,0,False,[],False
SC_RS05720,0,False,[],False
SC_RS05725,0,False,[],False
SC_RS05730,0,False,[],False
SC_RS05735,0,False,[],False
SC_RS05740,0,False,[],False
SC_RS05745,0,False,[],False
SC_RS05750,0,False,[],False
SC_RS05755,0,False,[],False
SC_RS05760,0,False,[],False
SC_RS05765,0,False,[],False
SC_RS05770,0,False,[],False
SC_RS05775,0,False,[],False
SC_RS05780,0,False,[],False
SC_RS05785,0,False,[],False
SC_RS05790,0,False,[],False
SC_RS05795,0,False,[],False
SC_RS05800,0,False,[],False
SC_RS05805,0,False,[],False
SC_RS05810,0,False,[],False
SC_RS05815,0,False,[],False
SC_RS05820,0,False,[],False
SC_RS05825,0,False,[],True
SC_RS05830,0,False,[],True
SC_RS05835,0,False,[],False
SC_RS05840,0,False,[],False
SC_RS05845,0,False,[],False
SC_RS05850,1,True,[-71],False
SC_RS05855,0,False,[],False
SC_RS05860,0,False,[],False
SC_RS05865,0,False,[],False
SC_RS05870,0,False,[],False
SC_RS05875,0,False,[],False
SC_RS05880,0,False,[],False
SC_RS05885,0,False,[],False
SC_RS05890,0,False,[],False
SC_RS05895,0,False,[],False
SC_RS05900,0,False,[],False
SC_RS05905,0,False,[],False
SC_RS05910,0,False,[],False
SC_RS05915,0,False,[],False
SC_RS05920,0,False,[],False
SC_RS05925,0,False,[],False
SC_RS05930,0,False,[],False
SC_RS05935,0,False,[],False
SC_RS05940,0,False,[],False
SC_RS05945,0,False,[],True
SC_RS05950,0,False,[],False
SC_RS05955,0,False,[],False
SC_RS05960,0,False,[],False
SC_RS05965,0,False,[],False
SC_RS05970,0,False,[],False
SC_RS05975,0,False,[],False
SC_RS05980,0,False,[],False
SC_RS05985,0,False,[],False
SC_RS05990,0,False,[],False
SC_RS05995,0,False,[],False
SC_RS06000,0,False,[],False
SC_RS06005,1,True,[-64],False
SC_RS06010,0,False,[],False
SC_RS06015,0,False,[],False
SC_RS06020,0,False,[],False
SC_RS06025,0,False,[],False
SC_RS06030,0,False,[],False
SC_RS06035,0,False,[],False
SC_RS06040,0,False,[],False
SC_RS06045,0,False,[],False
SC_RS06050,0,False,[],False
SC_RS06055,0,False,[],False
SC_RS06060,0,False,[],False
SC_RS06065,0,False,[],False
SC_RS06070,0,False,[],False
SC_RS06075,2,True,"[-213, -118]",False
SC_RS06080,0,False,[],False
SC_RS06085,0,False,[],False
SC_RS06090,0,False,[],False
SC_RS06095,0,False,[],False
SC_RS06100,0,False,[],False
SC_RS06105,1,True,[43],False
SC_RS06110,0,False,[],True
SC_RS06115,0,False,[],False
SC_RS06120,0,False,[],False
SC_RS06125,0,False,[],False
SC_RS06130,0,False,[],False
SC_RS06135,0,False,[],False
SC_RS06140,0,False,[],False
SC_RS06145,0,False,[],False
SC_RS06150,0,False,[],False
SC_RS06155,0,False,[],False
SC_RS06160,0,False,[],False
SC_RS06165,0,False,[],False
SC_RS06170,0,False,[],False
SC_RS06175,0,False,[],False
SC_RS06180,0,False,[],False
SC_RS06185,0,False,[],False
SC_RS06190,0,False,[],False
SC_RS06195,0,False,[],False
SC_RS06200,0,False,[],False
SC_RS06205,0,False,[],False
SC_RS06210,0,False,[],False
SC_RS06215,0,False,[],False
SC_RS06220,0,False,[],False
SC_RS06225,0,False,[],True
SC_RS06230,0,False,[],True
SC_RS06235,0,False,[],False
SC_RS06240,0,False,[],False
SC_RS06245,0,False,[],True
SC_RS06250,0,False,[],False
SC_RS06255,1,True,[-298],True
SC_RS06260,0,False,[],False
SC_RS06265,0,False,[],False
SC_RS06270,0,False,[],False
SC_RS06275,0,False,[],False
SC_RS06280,0,False,[],False
SC_RS06285,0,False,[],False
SC_RS06290,0,False,[],False
SC_RS06295,0,False,[],False
SC_RS06300,0,False,[],False
SC_RS06305,0,False,[],False
SC_RS06310,0,False,[],True
SC_RS06315,0,False,[],False
SC_RS06325,0,False,[],False
SC_RS06330,0,False,[],False
SC_RS06335,0,False,[],False
SC_RS06340,0,False,[],False
SC_RS06345,0,False,[],False
SC_RS06350,0,False,[],False
SC_RS06355,0,False,[],False
SC_RS06360,0,False,[],False
SC_RS06365,0,False,[],False
SC_RS06370,0,False,[],False
SC_RS06375,0,False,[],False
SC_RS06380,0,False,[],False
SC_RS06385,0,False,[],False
SC_RS06390,0,False,[],False
SC_RS06395,0,False,[],False
SC_RS06400,0,False,[],False
SC_RS06405,0,False,[],False
SC_RS06410,0,False,[],False
SC_RS06415,1,True,[-35],False
SC_RS06420,0,False,[],False
SC_RS06425,0,False,[],False
SC_RS06430,0,False,[],True
SC_RS06435,0,False,[],False
SC_RS06440,0,False,[],False
SC_RS06445,0,False,[],False
SC_RS06450,0,False,[],False
SC_RS06455,0,False,[],False
SC_RS06465,0,False,[],False
SC_RS06470,0,False,[],False
SC_RS06480,0,False,[],False
SC_RS06485,0,False,[],False
SC_RS06490,0,False,[],False
SC_RS06495,0,False,[],False
SC_RS06500,0,False,[],False
SC_RS06505,0,False,[],False
SC_RS06510,1,True,[-196],True
SC_RS06515,0,False,[],False
SC_RS06520,0,False,[],False
SC_RS06525,0,False,[],False
SC_RS06530,0,False,[],True
SC_RS06535,0,False,[],True
SC_RS06540,0,False,[],False
SC_RS06545,0,False,[],False
SC_RS06550,0,False,[],False
SC_RS06555,1,True,[33],False
SC_RS06560,0,False,[],False
SC_RS06565,0,False,[],False
SC_RS06570,0,False,[],False
SC_RS06575,0,False,[],False
SC_RS06580,0,False,[],False
SC_RS06585,0,False,[],False
SC_RS06590,0,False,[],False
SC_RS06595,1,True,[-264],True
SC_RS06600,0,False,[],False
SC_RS06605,0,False,[],False
SC_RS06610,0,False,[],False
SC_RS06615,0,False,[],False
SC_RS06620,0,False,[],False
SC_RS06625,0,False,[],False
SC_RS06630,0,False,[],False
SC_RS06635,0,False,[],False
SC_RS06640,0,False,[],False
SC_RS06645,0,False,[],False
SC_RS06650,0,False,[],False
SC_RS06655,0,False,[],False
SC_RS06660,0,False,[],False
SC_RS06665,0,False,[],False
SC_RS06670,0,False,[],False
SC_RS06675,0,False,[],True
SC_RS06680,0,False,[],False
SC_RS06685,0,False,[],False
SC_RS06690,1,True,[25],True
SC_RS06695,0,False,[],False
SC_RS06700,0,False,[],False
SC_RS06705,0,False,[],False
SC_RS06710,0,False,[],False
SC_RS06715,0,False,[],False
SC_RS06725,0,False,[],False
SC_RS06730,0,False,[],False
SC_RS06735,0,False,[],False
SC_RS06740,0,False,[],False
SC_RS06745,0,False,[],False
SC_RS06750,0,False,[],False
SC_RS06755,0,False,[],False
SC_RS06760,0,False,[],False
SC_RS06765,0,False,[],True
SC_RS06770,0,False,[],False
SC_RS06775,0,False,[],False
SC_RS06780,0,False,[],False
SC_RS06785,0,False,[],False
SC_RS06790,0,False,[],False
SC_RS06795,0,False,[],False
SC_RS06800,0,False,[],False
SC_RS06805,0,False,[],False
SC_RS06810,0,False,[],False
SC_RS06815,0,False,[],False
SC_RS06820,0,False,[],False
SC_RS06825,0,False,[],False
SC_RS06830,0,False,[],False
SC_RS06840,0,False,[],False
SC_RS06845,0,False,[],False
SC_RS06850,0,False,[],False
SC_RS06855,0,False,[],False
SC_RS06865,0,False,[],False
SC_RS06870,0,False,[],False
SC_RS06875,0,False,[],False
SC_RS06880,0,False,[],False
SC_RS06885,0,False,[],False
SC_RS06890,0,False,[],True
SC_RS06895,0,False,[],False
SC_RS06900,0,False,[],False
SC_RS06905,0,False,[],True
SC_RS06910,0,False,[],False
SC_RS06915,0,False,[],False
SC_RS06920,0,False,[],False
SC_RS06925,0,False,[],False
SC_RS06930,0,False,[],False
SC_RS06935,0,False,[],False
SC_RS06940,0,False,[],False
SC_RS06945,0,False,[],False
SC_RS06950,0,False,[],False
SC_RS06955,0,False,[],False
SC_RS06960,0,False,[],False
SC_RS06965,0,False,[],False
SC_RS06970,0,False,[],False
SC_RS06975,0,False,[],False
SC_RS06980,0,False,[],False
SC_RS06985,0,False,[],False
SC_RS06995,1,True,[6],False
SC_RS07000,1,True,[-184],False
SC_RS07010,0,False,[],False
SC_RS07015,0,False,[],False
SC_RS07020,0,False,[],False
SC_RS07025,0,False,[],False
SC_RS07030,0,False,[],False
SC_RS07035,0,False,[],False
SC_RS07040,0,False,[],False
SC_RS07045,0,False,[],False
SC_RS07050,0,False,[],False
SC_RS07055,0,False,[],False
SC_RS07060,0,False,[],False
SC_RS07065,0,False,[],False
SC_RS07070,0,False,[],False
SC_RS07075,1,True,[-108],False
SC_RS07080,0,False,[],False
SC_RS07085,0,False,[],False
SC_RS07090,0,False,[],False
SC_RS07095,0,False,[],False
SC_RS07105,0,False,[],True
SC_RS07110,0,False,[],False
SC_RS07115,0,False,[],False
SC_RS07120,0,False,[],False
SC_RS07125,0,False,[],False
SC_RS07130,0,False,[],False
SC_RS07135,0,False,[],False
SC_RS07140,1,True,[-258],False
SC_RS07145,0,False,[],False
SC_RS07150,0,False,[],False
SC_RS07155,0,False,[],False
SC_RS07160,0,False,[],False
SC_RS07170,0,False,[],False
SC_RS07175,0,False,[],False
SC_RS07180,0,False,[],False
SC_RS07185,0,False,[],False
SC_RS07190,0,False,[],False
SC_RS07195,0,False,[],False
SC_RS07200,0,False,[],False
SC_RS07205,0,False,[],False
SC_RS07210,0,False,[],False
SC_RS07215,0,False,[],False
SC_RS07225,0,False,[],False
SC_RS07230,0,False,[],False
SC_RS07235,0,False,[],False
SC_RS07240,0,False,[],False
SC_RS07245,1,True,[-251],False
SC_RS07250,0,False,[],False
SC_RS07255,0,False,[],False
SC_RS07260,0,False,[],False
SC_RS07265,0,False,[],False
SC_RS07270,0,False,[],False
SC_RS07275,0,False,[],False
SC_RS07280,0,False,[],False
SC_RS07285,0,False,[],False
SC_RS07290,1,True,[-20],False
SC_RS07295,0,False,[],True
SC_RS07300,0,False,[],False
SC_RS07305,0,False,[],True
SC_RS07310,0,False,[],False
SC_RS07315,0,False,[],False
SC_RS07320,0,False,[],False
SC_RS07325,0,False,[],False
SC_RS07330,0,False,[],False
SC_RS07335,0,False,[],False
SC_RS07340,0,False,[],False
SC_RS07345,0,False,[],False
SC_RS07350,0,False,[],False
SC_RS07355,0,False,[],False
SC_RS07360,0,False,[],False
SC_RS07365,0,False,[],False
SC_RS07370,0,False,[],False
SC_RS07375,1,True,[-193],True
SC_RS07380,1,True,[-79],True
SC_RS07385,0,False,[],False
SC_RS07390,2,True,"[-50, -103]",True
SC_RS07395,0,False,[],False
SC_RS07400,0,False,[],False
SC_RS07405,0,False,[],False
SC_RS07410,0,False,[],False
SC_RS07415,0,False,[],False
SC_RS07420,0,False,[],False
SC_RS07425,0,False,[],False
SC_RS07435,0,False,[],False
SC_RS07440,0,False,[],False
SC_RS07445,0,False,[],False
SC_RS07450,0,False,[],True
SC_RS07455,0,False,[],False
SC_RS07460,0,False,[],False
SC_RS07465,0,False,[],False
SC_RS07470,0,False,[],False
SC_RS07475,0,False,[],False
SC_RS07480,0,False,[],False
SC_RS07485,0,False,[],False
SC_RS07490,0,False,[],False
SC_RS07495,0,False,[],False
SC_RS07500,0,False,[],False
SC_RS07505,0,False,[],False
SC_RS07510,1,True,[-236],False
SC_RS07515,0,False,[],False
SC_RS07520,0,False,[],False
SC_RS07525,1,True,[-269],False
SC_RS07530,0,False,[],False
SC_RS07535,0,False,[],True
SC_RS07540,0,False,[],False
SC_RS07545,0,False,[],False
SC_RS07550,0,False,[],False
SC_RS07555,0,False,[],False
SC_RS07560,1,True,[-95],False
SC_RS07565,1,True,[30],True
SC_RS07570,0,False,[],False
SC_RS07575,0,False,[],False
SC_RS07580,0,False,[],False
SC_RS07585,0,False,[],False
SC_RS07590,0,False,[],False
SC_RS07595,0,False,[],False
SC_RS07600,0,False,[],False
SC_RS07605,0,False,[],False
SC_RS07610,0,False,[],False
SC_RS07615,0,False,[],False
SC_RS07620,0,False,[],False
SC_RS07625,0,False,[],False
SC_RS07630,0,False,[],False
SC_RS07635,0,False,[],False
SC_RS07640,0,False,[],False
SC_RS07645,0,False,[],False
SC_RS07650,0,False,[],False
SC_RS07655,0,False,[],True
SC_RS07660,0,False,[],False
SC_RS07665,0,False,[],False
SC_RS07670,0,False,[],False
SC_RS07675,0,False,[],False
SC_RS07680,0,False,[],False
SC_RS07685,0,False,[],False
SC_RS07690,0,False,[],False
SC_RS07695,0,False,[],False
SC_RS07700,0,False,[],False
SC_RS07705,0,False,[],False
SC_RS07710,0,False,[],False
SC_RS07715,0,False,[],False
SC_RS07720,0,False,[],False
SC_RS07725,0,False,[],False
SC_RS07730,0,False,[],False
SC_RS07735,0,False,[],False
SC_RS07740,0,False,[],False
SC_RS07745,0,False,[],False
SC_RS07750,0,False,[],False
SC_RS07755,0,False,[],False
SC_RS07760,0,False,[],False
SC_RS07765,0,False,[],False
SC_RS07770,0,False,[],False
SC_RS07775,0,False,[],False
SC_RS07780,0,False,[],False
SC_RS07785,0,False,[],False
SC_RS07790,0,False,[],False
SC_RS07795,1,True,[-155],False
SC_RS07800,1,True,[-7],False
SC_RS07805,0,False,[],False
SC_RS07810,0,False,[],False
SC_RS07815,0,False,[],False
SC_RS07820,0,False,[],True
SC_RS07830,0,False,[],False
SC_RS07835,0,False,[],True
SC_RS07840,0,False,[],False
SC_RS07845,0,False,[],False
SC_RS07850,0,False,[],False
SC_RS07855,0,False,[],False
SC_RS07860,0,False,[],False
SC_RS07865,0,False,[],False
SC_RS07870,0,False,[],False
SC_RS07875,0,False,[],False
SC_RS07880,0,False,[],True
SC_RS07885,0,False,[],False
SC_RS07890,0,False,[],False
SC_RS07895,0,False,[],False
SC_RS07900,0,False,[],False
SC_RS07905,0,False,[],True
SC_RS07910,0,False,[],True
SC_RS07915,0,False,[],True
SC_RS07920,0,False,[],False
SC_RS07925,0,False,[],False
SC_RS07930,0,False,[],False
SC_RS07935,0,False,[],False
SC_RS07940,0,False,[],False
SC_RS07945,0,False,[],False
SC_RS07950,0,False,[],False
SC_RS07955,0,False,[],False
SC_RS07960,0,False,[],False
SC_RS07965,0,False,[],False
SC_RS07970,0,False,[],False
SC_RS07975,0,False,[],False
SC_RS07980,0,False,[],False
SC_RS07985,0,False,[],False
SC_RS07990,0,False,[],False
SC_RS07995,0,False,[],False
SC_RS08000,0,False,[],False
SC_RS08005,0,False,[],False
SC_RS08010,0,False,[],False
SC_RS08015,0,False,[],False
SC_RS08020,0,False,[],False
SC_RS08025,0,False,[],False
SC_RS08030,0,False,[],True
SC_RS08035,0,False,[],False
SC_RS08040,0,False,[],False
SC_RS08045,0,False,[],False
SC_RS08050,0,False,[],False
SC_RS08055,0,False,[],False
SC_RS08060,0,False,[],False
SC_RS08065,0,False,[],False
SC_RS08070,0,False,[],False
SC_RS08075,0,False,[],False
SC_RS08080,0,False,[],False
SC_RS08085,0,False,[],False
SC_RS08090,1,True,[-100],True
SC_RS08095,1,True,[-171],True
SC_RS08100,0,False,[],False
SC_RS08105,0,False,[],False
SC_RS08110,0,False,[],False
SC_RS08115,0,False,[],False
SC_RS08120,1,True,[-216],False
SC_RS08125,0,False,[],True
SC_RS08130,0,False,[],False
SC_RS08135,0,False,[],False
SC_RS08140,0,False,[],False
SC_RS08145,0,False,[],False
SC_RS08150,0,False,[],False
SC_RS08155,0,False,[],False
SC_RS08160,0,False,[],False
SC_RS08165,0,False,[],False
SC_RS08170,0,False,[],False
SC_RS08175,0,False,[],False
SC_RS08180,0,False,[],False
SC_RS08185,0,False,[],True
SC_RS08190,0,False,[],False
SC_RS08195,0,False,[],False
SC_RS08200,0,False,[],False
SC_RS08205,0,False,[],True
SC_RS08210,0,False,[],False
SC_RS08215,0,False,[],False
SC_RS08220,0,False,[],False
SC_RS08225,0,False,[],True
SC_RS08230,0,False,[],False
SC_RS08235,0,False,[],False
SC_RS08240,0,False,[],False
SC_RS08245,0,False,[],False
SC_RS08250,0,False,[],False
SC_RS08255,0,False,[],False
SC_RS08260,0,False,[],False
SC_RS08265,0,False,[],False
SC_RS08270,0,False,[],False
SC_RS08275,0,False,[],False
SC_RS08280,0,False,[],False
SC_RS08285,0,False,[],False
SC_RS08290,0,False,[],False
SC_RS08295,0,False,[],False
SC_RS08300,0,False,[],False
SC_RS08305,0,False,[],False
SC_RS08310,0,False,[],False
SC_RS08315,0,False,[],False
SC_RS08320,0,False,[],False
SC_RS08325,0,False,[],False
SC_RS08330,0,False,[],False
SC_RS08335,0,False,[],True
SC_RS08340,0,False,[],False
SC_RS08345,0,False,[],False
SC_RS08350,0,False,[],False
SC_RS08355,0,False,[],False
SC_RS08360,0,False,[],False
SC_RS08365,0,False,[],False
SC_RS08370,0,False,[],False
SC_RS08375,0,False,[],False
SC_RS08380,0,False,[],False
SC_RS08385,0,False,[],False
SC_RS08390,0,False,[],False
SC_RS08395,0,False,[],False
SC_RS08400,0,False,[],False
SC_RS08405,0,False,[],False
SC_RS08410,0,False,[],False
SC_RS08415,0,False,[],False
SC_RS08420,0,False,[],False
SC_RS08425,0,False,[],True
SC_RS08430,0,False,[],False
SC_RS08435,0,False,[],False
SC_RS08440,0,False,[],False
SC_RS08450,0,False,[],False
SC_RS08455,0,False,[],False
SC_RS08460,0,False,[],False
SC_RS08465,0,False,[],False
SC_RS08470,1,True,[-57],True
SC_RS08475,0,False,[],False
SC_RS08480,0,False,[],False
SC_RS08485,0,False,[],False
SC_RS08490,0,False,[],False
SC_RS08495,0,False,[],False
SC_RS08500,0,False,[],False
SC_RS08505,0,False,[],False
SC_RS08510,0,False,[],False
SC_RS08515,0,False,[],False
SC_RS08520,0,False,[],False
SC_RS08525,0,False,[],False
SC_RS08530,0,False,[],False
SC_RS08535,0,False,[],False
SC_RS08540,0,False,[],True
SC_RS08545,0,False,[],True
SC_RS08550,0,False,[],False
SC_RS08555,0,False,[],False
SC_RS08560,0,False,[],False
SC_RS08565,0,False,[],False
SC_RS08570,0,False,[],False
SC_RS08580,0,False,[],False
SC_RS08585,0,False,[],False
SC_RS08590,0,False,[],False
SC_RS08595,0,False,[],False
SC_RS08600,0,False,[],True
SC_RS08605,0,False,[],False
SC_RS08610,0,False,[],False
SC_RS08615,0,False,[],True
SC_RS08620,0,False,[],True
SC_RS08625,0,False,[],False
SC_RS08630,0,False,[],False
SC_RS08635,0,False,[],False
SC_RS08640,0,False,[],False
SC_RS08645,0,False,[],False
SC_RS08650,0,False,[],False
SC_RS08655,0,False,[],False
SC_RS08660,0,False,[],False
SC_RS08665,0,False,[],False
SC_RS08670,0,False,[],False
SC_RS08675,0,False,[],False
SC_RS08680,0,False,[],False
SC_RS08685,0,False,[],False
SC_RS08690,0,False,[],False
SC_RS08695,0,False,[],False
SC_RS08700,0,False,[],False
SC_RS08705,0,False,[],False
SC_RS08710,0,False,[],True
SC_RS08715,0,False,[],False
SC_RS08720,0,False,[],False
SC_RS08725,0,False,[],False
SC_RS08730,0,False,[],False
SC_RS08735,1,True,[-150],False
SC_RS08740,0,False,[],False
SC_RS08745,0,False,[],False
SC_RS08750,0,False,[],False
SC_RS08755,0,False,[],False
SC_RS08760,0,False,[],False
SC_RS08765,0,False,[],False
SC_RS08770,0,False,[],False
SC_RS08775,0,False,[],False
SC_RS08780,0,False,[],False
SC_RS08785,0,False,[],False
SC_RS08790,0,False,[],False
SC_RS08795,0,False,[],False
SC_RS08800,0,False,[],False
SC_RS08805,0,False,[],False
SC_RS08810,0,False,[],False
SC_RS08815,0,False,[],False
SC_RS08820,1,True,[-109],False
SC_RS08825,0,False,[],False
SC_RS08830,0,False,[],False
SC_RS08835,0,False,[],False
SC_RS08840,0,False,[],False
SC_RS08845,0,False,[],False
SC_RS08850,0,False,[],False
SC_RS08855,0,False,[],False
SC_RS08860,0,False,[],False
SC_RS08865,0,False,[],False
SC_RS08870,0,False,[],False
SC_RS08875,1,True,[-169],False
SC_RS08880,0,False,[],False
SC_RS08885,0,False,[],False
SC_RS08890,0,False,[],False
SC_RS08895,0,False,[],True
SC_RS08900,0,False,[],False
SC_RS08905,0,False,[],False
SC_RS08910,0,False,[],False
SC_RS08915,0,False,[],False
SC_RS08920,0,False,[],False
SC_RS08925,0,False,[],False
SC_RS08930,0,False,[],False
SC_RS08935,0,False,[],False
SC_RS08940,0,False,[],False
SC_RS08945,0,False,[],False
SC_RS08950,0,False,[],False
SC_RS08955,1,True,[-119],True
SC_RS08960,0,False,[],False
SC_RS08970,0,False,[],False
SC_RS08975,0,False,[],False
SC_RS08980,0,False,[],False
SC_RS08985,0,False,[],False
SC_RS08990,0,False,[],False
SC_RS08995,0,False,[],False
SC_RS09000,0,False,[],False
SC_RS09005,0,False,[],False
SC_RS09010,0,False,[],False
SC_RS09015,0,False,[],False
SC_RS09020,0,False,[],False
SC_RS09025,0,False,[],False
SC_RS09030,0,False,[],False
SC_RS09035,0,False,[],False
SC_RS09040,0,False,[],False
SC_RS09045,0,False,[],False
SC_RS09050,0,False,[],False
SC_RS09055,0,False,[],False
SC_RS09060,0,False,[],False
SC_RS09065,0,False,[],False
SC_RS09070,1,True,[-163],True
SC_RS09075,0,False,[],False
SC_RS09080,1,True,[-20],True
SC_RS09085,0,False,[],False
SC_RS09090,0,False,[],False
SC_RS09095,0,False,[],False
SC_RS09100,0,False,[],False
SC_RS09105,0,False,[],False
SC_RS09110,0,False,[],False
SC_RS09115,0,False,[],False
SC_RS09120,0,False,[],False
SC_RS09125,0,False,[],False
SC_RS09130,0,False,[],False
SC_RS09135,0,False,[],True
SC_RS09140,0,False,[],False
SC_RS09145,0,False,[],False
SC_RS09150,0,False,[],False
SC_RS09155,0,False,[],False
SC_RS09160,0,False,[],False
SC_RS09165,0,False,[],False
SC_RS09170,0,False,[],False
SC_RS09175,0,False,[],False
SC_RS09180,0,False,[],False
SC_RS09185,0,False,[],False
SC_RS09190,0,False,[],False
SC_RS09195,0,False,[],False
SC_RS09200,0,False,[],False
SC_RS09205,0,False,[],True
SC_RS09210,0,False,[],False
SC_RS09215,0,False,[],False
SC_RS09220,0,False,[],False
SC_RS09225,0,False,[],False
SC_RS09230,0,False,[],False
SC_RS09235,0,False,[],True
SC_RS09240,0,False,[],False
SC_RS09245,0,False,[],False
SC_RS09250,0,False,[],False
SC_RS09260,0,False,[],False
SC_RS09265,0,False,[],False
SC_RS09270,0,False,[],False
SC_RS09275,0,False,[],False
SC_RS09280,0,False,[],False
SC_RS09285,0,False,[],False
SC_RS09290,0,False,[],False
SC_RS09295,0,False,[],False
SC_RS09300,0,False,[],False
SC_RS09305,0,False,[],True
SC_RS09310,0,False,[],False
SC_RS09315,0,False,[],True
SC_RS09320,1,True,[-61],False
SC_RS09325,1,True,[-21],False
SC_RS09330,0,False,[],False
SC_RS09335,0,False,[],False
SC_RS09340,0,False,[],True
SC_RS09345,0,False,[],True
SC_RS09350,0,False,[],True
SC_RS09355,0,False,[],False
SC_RS09360,0,False,[],False
SC_RS09365,0,False,[],False
SC_RS09370,0,False,[],False
SC_RS09375,0,False,[],False
SC_RS09380,0,False,[],False
SC_RS09385,0,False,[],False
SC_RS09390,0,False,[],False
SC_RS09395,0,False,[],False
SC_RS09400,2,True,"[-221, -112]",True
SC_RS09405,0,False,[],False
SC_RS09410,0,False,[],False
SC_RS09415,1,True,[28],False
SC_RS09420,0,False,[],False
SC_RS09425,0,False,[],True
SC_RS09430,0,False,[],False
SC_RS09435,0,False,[],True
SC_RS09440,0,False,[],True
SC_RS09445,0,False,[],False
SC_RS09450,0,False,[],False
SC_RS09455,0,False,[],False
SC_RS09460,0,False,[],False
SC_RS09465,0,False,[],False
SC_RS09470,0,False,[],False
SC_RS09475,0,False,[],False
SC_RS09480,0,False,[],True
SC_RS09485,0,False,[],True
SC_RS09490,0,False,[],False
SC_RS09495,0,False,[],False
SC_RS09500,0,False,[],False
SC_RS09505,0,False,[],False
SC_RS09510,0,False,[],False
SC_RS09515,0,False,[],False
SC_RS09520,0,False,[],False
SC_RS09525,0,False,[],False
SC_RS09535,1,True,[33],False
SC_RS09540,0,False,[],False
SC_RS09545,0,False,[],False
SC_RS09550,1,True,[42],True
SC_RS09555,0,False,[],False
SC_RS09560,0,False,[],False
SC_RS09565,1,True,[-152],True
SC_RS09570,0,False,[],False
SC_RS09575,0,False,[],False
SC_RS09580,0,False,[],False
SC_RS09585,0,False,[],False
SC_RS09590,0,False,[],False
SC_RS09595,0,False,[],False
SC_RS09600,0,False,[],False
SC_RS09605,0,False,[],False
SC_RS09610,0,False,[],False
SC_RS09615,0,False,[],False
SC_RS09620,0,False,[],False
SC_RS09625,0,False,[],False
SC_RS09630,0,False,[],False
SC_RS09635,0,False,[],False
SC_RS09640,0,False,[],False
SC_RS09645,0,False,[],False
SC_RS09650,0,False,[],False
SC_RS09665,0,False,[],False
SC_RS09670,0,False,[],False
SC_RS09675,0,False,[],False
SC_RS09680,0,False,[],False
SC_RS09685,1,True,[18],False
SC_RS09690,1,True,[-216],False
SC_RS09695,0,False,[],False
SC_RS09700,0,False,[],False
SC_RS09705,0,False,[],False
SC_RS09710,0,False,[],False
SC_RS09715,0,False,[],False
SC_RS09720,0,False,[],False
SC_RS09725,0,False,[],False
SC_RS09730,0,False,[],False
SC_RS09735,0,False,[],False
SC_RS09740,0,False,[],False
SC_RS09745,0,False,[],False
SC_RS09750,0,False,[],False
SC_RS09755,0,False,[],False
SC_RS09760,0,False,[],False
SC_RS09765,0,False,[],False
SC_RS09770,0,False,[],False
SC_RS09775,0,False,[],True
SC_RS09780,0,False,[],False
SC_RS09785,0,False,[],False
SC_RS09790,0,False,[],False
SC_RS09795,0,False,[],False
SC_RS09800,0,False,[],False
SC_RS09805,0,False,[],False
SC_RS09810,0,False,[],False
SC_RS09815,0,False,[],False
SC_RS09820,0,False,[],False
SC_RS09825,0,False,[],False
SC_RS09830,0,False,[],False
SC_RS09835,1,True,[-274],True
SC_RS09840,0,False,[],True
SC_RS09845,0,False,[],True
SC_RS09850,0,False,[],False
SC_RS09855,0,False,[],False
SC_RS09860,0,False,[],False
SC_RS09865,0,False,[],False
SC_RS09870,0,False,[],False
SC_RS09875,0,False,[],False
SC_RS09880,0,False,[],False
SC_RS09885,0,False,[],False
SC_RS09890,0,False,[],False
SC_RS09895,0,False,[],False
SC_RS09900,0,False,[],False
SC_RS09905,0,False,[],False
SC_RS09910,1,True,[-287],False
SC_RS09915,0,False,[],False
SC_RS09920,0,False,[],False
SC_RS09925,0,False,[],False
SC_RS09930,0,False,[],False
SC_RS09935,0,False,[],False
SC_RS09940,0,False,[],False
SC_RS09945,0,False,[],False
SC_RS09950,0,False,[],False
SC_RS09955,0,False,[],False
SC_RS09960,0,False,[],False
SC_RS09965,0,False,[],False
SC_RS09970,0,False,[],False
SC_RS09975,0,False,[],False
SC_RS09980,0,False,[],False
SC_RS09985,0,False,[],False
SC_RS09990,0,False,[],False
SC_RS09995,0,False,[],False
SC_RS10000,0,False,[],False
SC_RS10005,0,False,[],False
SC_RS10010,0,False,[],False
SC_RS10015,0,False,[],True
SC_RS10020,0,False,[],True
SC_RS10025,0,False,[],False
SC_RS10030,0,False,[],False
SC_RS10035,0,False,[],False
SC_RS10040,0,False,[],False
SC_RS10045,0,False,[],False
SC_RS10050,0,False,[],True
SC_RS10055,0,False,[],False
SC_RS10060,0,False,[],False
SC_RS10065,0,False,[],True
SC_RS10070,0,False,[],True
SC_RS10075,0,False,[],False
SC_RS10080,0,False,[],False
SC_RS10085,0,False,[],False
SC_RS10090,0,False,[],True
SC_RS10095,0,False,[],False
SC_RS10100,0,False,[],False
SC_RS10105,0,False,[],False
SC_RS10110,0,False,[],False
SC_RS10115,0,False,[],False
SC_RS10120,0,False,[],False
SC_RS10125,0,False,[],False
SC_RS10130,0,False,[],False
SC_RS10135,0,False,[],False
SC_RS10140,0,False,[],False
SC_RS10145,0,False,[],True
SC_RS10150,0,False,[],False
SC_RS10155,0,False,[],False
SC_RS10160,0,False,[],False
SC_RS10165,0,False,[],False
SC_RS10170,0,False,[],False
SC_RS10175,0,False,[],False
SC_RS10180,0,False,[],False
SC_RS10185,0,False,[],False
SC_RS10190,0,False,[],False
SC_RS10195,0,False,[],False
SC_RS10200,1,True,[12],False
SC_RS10205,0,False,[],False
SC_RS10210,0,False,[],False
SC_RS10215,0,False,[],False
SC_RS10220,0,False,[],True
SC_RS10225,0,False,[],False
SC_RS10230,0,False,[],False
SC_RS10235,0,False,[],False
SC_RS10240,0,False,[],True
SC_RS10245,0,False,[],True
SC_RS10250,0,False,[],False
SC_RS10255,0,False,[],False
SC_RS10260,0,False,[],True
SC_RS10265,0,False,[],False
SC_RS10270,0,False,[],False
SC_RS10275,0,False,[],False
SC_RS10280,0,False,[],False
SC_RS10285,0,False,[],False
SC_RS10290,0,False,[],False
SC_RS10295,0,False,[],False
SC_RS10300,0,False,[],False
SC_RS10305,0,False,[],False
SC_RS10310,0,False,[],False
SC_RS10315,0,False,[],False
SC_RS10320,0,False,[],False
SC_RS10325,0,False,[],False
SC_RS10330,0,False,[],False
SC_RS10335,0,False,[],False
SC_RS10340,0,False,[],False
SC_RS10345,0,False,[],False
SC_RS10350,0,False,[],False
SC_RS10355,0,False,[],False
SC_RS10360,0,False,[],False
SC_RS10365,0,False,[],False
SC_RS10370,0,False,[],False
SC_RS10375,0,False,[],False
SC_RS10380,0,False,[],False
SC_RS10385,0,False,[],False
SC_RS10390,0,False,[],False
SC_RS10395,0,False,[],False
SC_RS10400,0,False,[],False
SC_RS10405,0,False,[],False
SC_RS10410,0,False,[],False
SC_RS10415,0,False,[],False
SC_RS10420,0,False,[],False
SC_RS10425,0,False,[],False
SC_RS10430,0,False,[],False
SC_RS10435,0,False,[],True
SC_RS10440,0,False,[],False
SC_RS10445,0,False,[],False
SC_RS10450,0,False,[],False
SC_RS10455,0,False,[],False
SC_RS10460,0,False,[],False
SC_RS10465,0,False,[],False
SC_RS10470,0,False,[],False
SC_RS10475,0,False,[],False
SC_RS10480,0,False,[],False
SC_RS10485,0,False,[],False
SC_RS10490,0,False,[],False
SC_RS10495,0,False,[],False
SC_RS10500,0,False,[],False
SC_RS10505,0,False,[],False
SC_RS10510,0,False,[],False
SC_RS10515,0,False,[],False
SC_RS10520,0,False,[],False
SC_RS10525,0,False,[],False
SC_RS10530,0,False,[],False
SC_RS10535,0,False,[],False
SC_RS10540,0,False,[],False
SC_RS10545,0,False,[],False
SC_RS10550,0,False,[],True
SC_RS10555,0,False,[],False
SC_RS10560,0,False,[],True
SC_RS10565,0,False,[],False
SC_RS10570,0,False,[],False
SC_RS10575,0,False,[],False
SC_RS10580,0,False,[],False
SC_RS10585,0,False,[],False
SC_RS10590,0,False,[],False
SC_RS10595,0,False,[],False
SC_RS10600,0,False,[],False
SC_RS10605,0,False,[],False
SC_RS10610,0,False,[],False
SC_RS10615,0,False,[],False
SC_RS10620,0,False,[],False
SC_RS10625,0,False,[],False
SC_RS10630,0,False,[],False
SC_RS10635,0,False,[],False
SC_RS10640,0,False,[],False
SC_RS10645,0,False,[],False
SC_RS10650,0,False,[],False
SC_RS10655,0,False,[],False
SC_RS10660,0,False,[],False
SC_RS10665,0,False,[],False
SC_RS10670,0,False,[],False
SC_RS10675,0,False,[],False
SC_RS10680,0,False,[],False
SC_RS10685,0,False,[],False
SC_RS10690,0,False,[],False
SC_RS10695,0,False,[],False
SC_RS10700,0,False,[],False
SC_RS10705,0,False,[],False
SC_RS10710,0,False,[],False
SC_RS10715,0,False,[],False
SC_RS10720,0,False,[],False
SC_RS10725,0,False,[],False
SC_RS10730,0,False,[],False
SC_RS10735,0,False,[],True
SC_RS10740,0,False,[],False
SC_RS10745,0,False,[],False
SC_RS10750,0,False,[],False
SC_RS10755,0,False,[],False
SC_RS10760,0,False,[],False
SC_RS10765,0,False,[],False
SC_RS10770,0,False,[],False
SC_RS10775,0,False,[],False
SC_RS10780,0,False,[],False
SC_RS10785,0,False,[],False
SC_RS10790,0,False,[],False
SC_RS10795,0,False,[],False
SC_RS10800,0,False,[],False
SC_RS10805,0,False,[],False
SC_RS10810,0,False,[],False
SC_RS10815,0,False,[],False
SC_RS10820,0,False,[],False
SC_RS10825,0,False,[],False
SC_RS10830,0,False,[],False
SC_RS10835,0,False,[],True
SC_RS10840,0,False,[],False
SC_RS10845,1,True,[-224],True
SC_RS10850,0,False,[],False
SC_RS10855,0,False,[],False
SC_RS10860,0,False,[],False
SC_RS10865,0,False,[],False
SC_RS10870,0,False,[],False
SC_RS10875,0,False,[],False
SC_RS10880,1,True,[-48],False
SC_RS10885,0,False,[],False
SC_RS10890,0,False,[],False
SC_RS10895,0,False,[],False
SC_RS10900,0,False,[],False
SC_RS10905,0,False,[],False
SC_RS10910,0,False,[],False
SC_RS10915,0,False,[],False
SC_RS10920,0,False,[],False
SC_RS10925,0,False,[],False
SC_RS10930,0,False,[],False
SC_RS10935,0,False,[],False
SC_RS10940,0,False,[],False
SC_RS10945,0,False,[],True
SC_RS10950,0,False,[],False
SC_RS10955,0,False,[],False
SC_RS10960,0,False,[],False
SC_RS10965,0,False,[],True
SC_RS10970,0,False,[],False
SC_RS10975,0,False,[],False
SC_RS10980,1,True,[-216],True
SC_RS10985,0,False,[],False
SC_RS10990,0,False,[],False
SC_RS10995,1,True,[-189],True
SC_RS11000,0,False,[],True
SC_RS11005,0,False,[],False
SC_RS11010,1,True,[-218],True
SC_RS11020,0,False,[],False
SC_RS11025,0,False,[],True
SC_RS11030,0,False,[],False
SC_RS11035,0,False,[],False
SC_RS11040,0,False,[],False
SC_RS11045,0,False,[],False
SC_RS11050,0,False,[],False
SC_RS11055,0,False,[],False
SC_RS11060,0,False,[],False
SC_RS11065,0,False,[],False
SC_RS11070,0,False,[],False
SC_RS11075,0,False,[],False
SC_RS11080,0,False,[],False
SC_RS11085,0,False,[],False
SC_RS11090,0,False,[],False
SC_RS11095,1,True,[-202],True
SC_RS11100,0,False,[],False
SC_RS11105,0,False,[],False
SC_RS11110,0,False,[],False
SC_RS11115,0,False,[],False
SC_RS11120,0,False,[],False
SC_RS11125,0,False,[],False
SC_RS11130,0,False,[],False
SC_RS11135,0,False,[],False
SC_RS11140,0,False,[],False
SC_RS11145,0,False,[],False
SC_RS11150,0,False,[],False
SC_RS11155,0,False,[],False
SC_RS11160,0,False,[],False
SC_RS11165,0,False,[],True
SC_RS11170,0,False,[],False
SC_RS11175,0,False,[],False
SC_RS11180,0,False,[],False
SC_RS11185,0,False,[],False
SC_RS11190,0,False,[],False
SC_RS11195,0,False,[],True
SC_RS11200,0,False,[],False
SC_RS11205,0,False,[],False
SC_RS11210,0,False,[],True
SC_RS11215,0,False,[],False
SC_RS11220,0,False,[],False
SC_RS11225,0,False,[],False
SC_RS11230,0,False,[],False
SC_RS11235,0,False,[],False
SC_RS11240,0,False,[],False
SC_RS11245,0,False,[],False
SC_RS11250,0,False,[],False
SC_RS11255,0,False,[],False
SC_RS11260,0,False,[],False
SC_RS11265,1,True,[-195],False
SC_RS11270,0,False,[],False
SC_RS11275,0,False,[],False
SC_RS11280,0,False,[],False
SC_RS11285,0,False,[],False
SC_RS11290,0,False,[],False
SC_RS11295,0,False,[],False
SC_RS11300,0,False,[],True
SC_RS11305,0,False,[],True
SC_RS11310,0,False,[],False
SC_RS11315,0,False,[],False
SC_RS11320,0,False,[],False
SC_RS11325,0,False,[],False
SC_RS11330,0,False,[],False
SC_RS11335,0,False,[],False
SC_RS11340,0,False,[],False
SC_RS11345,0,False,[],False
SC_RS11350,0,False,[],False
SC_RS11355,0,False,[],False
SC_RS11360,0,False,[],False
SC_RS11365,0,False,[],False
SC_RS11370,0,False,[],False
SC_RS11375,0,False,[],False
SC_RS11380,0,False,[],True
SC_RS11385,0,False,[],False
SC_RS11390,0,False,[],False
SC_RS11395,0,False,[],False
SC_RS11400,0,False,[],False
SC_RS11405,1,True,[-104],False
SC_RS11410,0,False,[],False
SC_RS11415,0,False,[],False
SC_RS11420,0,False,[],False
SC_RS11425,0,False,[],False
SC_RS11430,0,False,[],False
SC_RS11435,0,False,[],False
SC_RS11440,0,False,[],False
SC_RS11445,0,False,[],False
SC_RS11450,0,False,[],False
SC_RS11455,0,False,[],False
SC_RS11460,0,False,[],False
SC_RS11465,0,False,[],False
SC_RS11470,0,False,[],False
SC_RS11475,0,False,[],False
SC_RS11480,0,False,[],False
SC_RS11485,0,False,[],False
SC_RS11490,0,False,[],False
SC_RS11495,0,False,[],False
SC_RS11500,0,False,[],False
SC_RS11505,0,False,[],False
SC_RS11510,0,False,[],False
SC_RS11515,0,False,[],False
SC_RS11520,0,False,[],False
SC_RS11525,0,False,[],False
SC_RS11530,0,False,[],False
SC_RS11535,0,False,[],False
SC_RS11540,0,False,[],False
SC_RS11545,0,False,[],False
SC_RS11550,0,False,[],False
SC_RS11555,0,False,[],False
SC_RS11560,0,False,[],False
SC_RS11565,0,False,[],False
SC_RS11570,0,False,[],True
SC_RS11575,0,False,[],False
SC_RS11580,0,False,[],False
SC_RS11585,1,True,[-65],True
SC_RS11590,0,False,[],False
SC_RS11595,0,False,[],False
SC_RS11600,0,False,[],False
SC_RS11605,0,False,[],False
SC_RS11610,0,False,[],False
SC_RS11615,0,False,[],True
SC_RS11620,0,False,[],False
SC_RS11625,0,False,[],False
SC_RS11630,0,False,[],False
SC_RS11635,0,False,[],False
SC_RS11640,1,True,[-119],False
SC_RS11645,1,True,[-103],False
SC_RS11650,0,False,[],False
SC_RS11655,0,False,[],False
SC_RS11660,0,False,[],False
SC_RS11665,0,False,[],False
SC_RS11670,0,False,[],False
SC_RS11675,0,False,[],False
SC_RS11680,0,False,[],False
SC_RS11685,0,False,[],False
SC_RS11690,0,False,[],False
SC_RS11695,0,False,[],True
SC_RS11700,0,False,[],False
SC_RS11705,1,True,[-27],True
SC_RS11710,0,False,[],True
SC_RS11715,0,False,[],False
SC_RS11720,0,False,[],False
SC_RS11725,0,False,[],False
SC_RS11730,0,False,[],False
SC_RS11735,0,False,[],False
SC_RS11740,0,False,[],False
SC_RS11745,0,False,[],False
SC_RS11750,0,False,[],False
SC_RS11755,1,True,[-232],False
SC_RS11760,1,True,[-163],False
SC_RS11765,0,False,[],False
SC_RS11770,0,False,[],False
SC_RS11775,0,False,[],False
SC_RS11780,0,False,[],False
SC_RS11785,0,False,[],False
SC_RS11790,0,False,[],False
SC_RS11795,0,False,[],False
SC_RS11800,0,False,[],False
SC_RS11805,0,False,[],False
SC_RS11810,0,False,[],False
SC_RS11815,0,False,[],False
SC_RS11820,0,False,[],False
SC_RS11825,0,False,[],False
SC_RS11830,0,False,[],False
SC_RS11835,0,False,[],False
SC_RS11840,0,False,[],False
SC_RS11845,0,False,[],False
SC_RS11850,0,False,[],True
SC_RS11855,0,False,[],False
SC_RS11860,0,False,[],False
SC_RS11865,0,False,[],False
SC_RS11870,0,False,[],False
SC_RS11875,1,True,[-70],True
SC_RS11880,0,False,[],False
SC_RS11885,0,False,[],False
SC_RS11890,0,False,[],False
SC_RS11895,0,False,[],False
SC_RS11905,0,False,[],False
SC_RS11910,0,False,[],False
SC_RS11915,0,False,[],False
SC_RS11920,0,False,[],False
SC_RS11925,0,False,[],False
SC_RS11930,0,False,[],False
SC_RS11935,1,True,[-161],False
SC_RS11940,0,False,[],False
SC_RS11945,0,False,[],False
SC_RS11950,0,False,[],False
SC_RS11955,1,True,[-119],False
SC_RS11960,0,False,[],False
SC_RS11965,0,False,[],False
SC_RS11970,0,False,[],False
SC_RS11975,0,False,[],False
SC_RS11980,0,False,[],False
SC_RS11985,0,False,[],False
SC_RS11990,0,False,[],False
SC_RS11995,0,False,[],False
SC_RS12000,0,False,[],False
SC_RS12005,0,False,[],False
SC_RS12010,0,False,[],False
SC_RS12015,0,False,[],True
SC_RS12020,0,False,[],False
SC_RS12025,0,False,[],False
SC_RS12030,0,False,[],False
SC_RS12035,0,False,[],False
SC_RS12040,0,False,[],False
SC_RS12045,0,False,[],False
SC_RS12050,0,False,[],False
SC_RS12055,0,False,[],False
SC_RS12060,0,False,[],False
SC_RS12065,0,False,[],False
SC_RS12070,0,False,[],False
SC_RS12075,0,False,[],False
SC_RS12080,0,False,[],False
SC_RS12085,0,False,[],False
SC_RS12090,0,False,[],False
SC_RS12095,0,False,[],False
SC_RS12100,0,False,[],False
SC_RS12105,0,False,[],False
SC_RS12110,0,False,[],False
SC_RS12115,0,False,[],False
SC_RS12120,0,False,[],False
SC_RS12125,0,False,[],False
SC_RS12130,0,False,[],True
SC_RS12135,0,False,[],True
SC_RS12140,0,False,[],False
SC_RS12145,0,False,[],False
SC_RS12150,0,False,[],False
SC_RS12155,0,False,[],False
SC_RS12160,0,False,[],False
SC_RS12165,0,False,[],False
SC_RS12170,0,False,[],False
SC_RS12180,0,False,[],False
SC_RS12185,0,False,[],False
SC_RS12190,0,False,[],False
SC_RS12195,0,False,[],True
SC_RS12200,0,False,[],False
SC_RS12205,0,False,[],False
SC_RS12210,0,False,[],True
SC_RS12215,0,False,[],True
SC_RS12220,0,False,[],False
SC_RS12225,0,False,[],False
SC_RS12230,0,False,[],False
SC_RS12235,0,False,[],False
SC_RS12240,0,False,[],False
SC_RS12245,0,False,[],False
SC_RS12250,0,False,[],False
SC_RS12255,0,False,[],False
SC_RS12260,0,False,[],False
SC_RS12265,0,False,[],True
SC_RS12270,0,False,[],False
SC_RS12275,0,False,[],False
SC_RS12280,0,False,[],False
SC_RS12285,0,False,[],False
SC_RS12290,0,False,[],False
SC_RS12295,0,False,[],False
SC_RS12300,0,False,[],False
SC_RS12305,0,False,[],False
SC_RS12310,0,False,[],False
SC_RS12315,0,False,[],True
SC_RS12320,0,False,[],False
SC_RS12325,0,False,[],False
SC_RS12330,0,False,[],False
SC_RS12335,0,False,[],False
SC_RS12340,0,False,[],False
SC_RS12345,0,False,[],False
SC_RS12350,1,True,[-38],False
SC_RS12355,1,True,[-193],False
SC_RS12360,0,False,[],False
SC_RS12365,0,False,[],False
SC_RS12370,0,False,[],False
SC_RS12375,0,False,[],False
SC_RS12380,0,False,[],True
SC_RS12385,0,False,[],False
SC_RS12390,0,False,[],False
SC_RS12395,0,False,[],False
SC_RS12400,0,False,[],False
SC_RS12405,0,False,[],False
SC_RS12410,0,False,[],False
SC_RS12415,0,False,[],False
SC_RS12420,0,False,[],False
SC_RS12425,1,True,[-40],True
SC_RS12430,0,False,[],False
SC_RS12435,0,False,[],True
SC_RS12440,0,False,[],False
SC_RS12445,0,False,[],False
SC_RS12450,0,False,[],False
SC_RS12455,1,True,[-296],True
SC_RS12460,0,False,[],False
SC_RS12465,0,False,[],False
SC_RS12470,0,False,[],False
SC_RS12475,1,True,[-214],False
SC_RS12480,0,False,[],False
SC_RS12485,0,False,[],False
SC_RS12490,0,False,[],False
SC_RS12495,0,False,[],False
SC_RS12500,0,False,[],True
SC_RS12505,0,False,[],False
SC_RS12510,0,False,[],False
SC_RS12515,1,True,[-61],False
SC_RS12520,0,False,[],False
SC_RS12525,0,False,[],False
SC_RS12530,0,False,[],False
SC_RS12535,0,False,[],False
SC_RS12540,0,False,[],False
SC_RS12545,0,False,[],False
SC_RS12550,0,False,[],False
SC_RS12555,0,False,[],False
SC_RS12560,0,False,[],False
SC_RS12565,0,False,[],False
SC_RS12570,0,False,[],False
SC_RS12575,0,False,[],False
SC_RS12580,0,False,[],False
SC_RS12585,0,False,[],False
SC_RS12590,0,False,[],False
SC_RS12595,0,False,[],False
SC_RS12600,1,True,[-67],False
SC_RS12605,1,True,[-131],False
SC_RS12610,0,False,[],False
SC_RS12615,0,False,[],False
SC_RS12620,0,False,[],False
SC_RS12625,0,False,[],False
SC_RS12630,0,False,[],False
SC_RS12635,0,False,[],False
SC_RS12640,0,False,[],False
SC_RS12645,0,False,[],False
SC_RS12650,0,False,[],False
SC_RS12655,0,False,[],False
SC_RS12660,0,False,[],False
SC_RS12665,0,False,[],False
SC_RS12670,0,False,[],False
SC_RS12675,0,False,[],False
SC_RS12680,0,False,[],False
SC_RS12685,0,False,[],True
SC_RS12690,0,False,[],False
SC_RS12695,0,False,[],False
SC_RS12700,0,False,[],False
SC_RS12705,0,False,[],False
SC_RS12710,0,False,[],False
SC_RS12715,0,False,[],False
SC_RS12720,0,False,[],False
SC_RS12725,0,False,[],False
SC_RS12730,0,False,[],True
SC_RS12735,0,False,[],False
SC_RS12740,0,False,[],True
SC_RS12745,0,False,[],False
SC_RS12750,0,False,[],False
SC_RS12755,0,False,[],False
SC_RS12760,0,False,[],False
SC_RS12765,0,False,[],False
SC_RS12775,0,False,[],False
SC_RS12780,0,False,[],False
SC_RS12785,0,False,[],False
SC_RS12790,0,False,[],False
SC_RS12795,0,False,[],False
SC_RS12800,0,False,[],False
SC_RS12805,0,False,[],False
SC_RS12810,0,False,[],False
SC_RS12815,0,False,[],False
SC_RS12820,0,False,[],False
SC_RS12825,0,False,[],False
SC_RS12830,0,False,[],False
SC_RS12835,0,False,[],False
SC_RS12840,0,False,[],False
SC_RS12845,0,False,[],False
SC_RS12850,0,False,[],False
SC_RS12855,0,False,[],False
SC_RS12860,0,False,[],False
SC_RS12865,0,False,[],False
SC_RS12870,0,False,[],False
SC_RS12875,0,False,[],False
SC_RS12880,0,False,[],False
SC_RS12885,0,False,[],False
SC_RS12890,1,True,[-31],True
SC_RS12895,0,False,[],False
SC_RS12900,0,False,[],False
SC_RS12905,0,False,[],False
SC_RS12910,0,False,[],False
SC_RS12915,0,False,[],False
SC_RS12920,0,False,[],False
SC_RS12925,0,False,[],False
SC_RS12930,0,False,[],False
SC_RS12935,0,False,[],False
SC_RS12940,0,False,[],False
SC_RS12945,0,False,[],False
SC_RS12950,0,False,[],False
SC_RS12955,1,True,[-101],True
SC_RS12960,0,False,[],False
SC_RS12965,0,False,[],False
SC_RS12970,1,True,[-212],False
SC_RS12980,0,False,[],False
SC_RS12985,0,False,[],False
SC_RS12990,1,True,[-269],False
SC_RS12995,0,False,[],False
SC_RS13000,0,False,[],False
SC_RS13005,0,False,[],False
SC_RS13010,0,False,[],False
SC_RS13015,0,False,[],False
SC_RS13020,0,False,[],False
SC_RS13025,0,False,[],False
SC_RS13030,0,False,[],False
SC_RS13035,0,False,[],False
SC_RS13040,0,False,[],False
SC_RS13045,0,False,[],False
SC_RS13050,0,False,[],False
SC_RS13055,0,False,[],True
SC_RS13060,0,False,[],False
SC_RS13065,0,False,[],False
SC_RS13070,0,False,[],False
SC_RS13075,0,False,[],False
SC_RS13080,0,False,[],False
SC_RS13085,0,False,[],False
SC_RS13090,0,False,[],True
SC_RS13095,0,False,[],False
SC_RS13100,0,False,[],False
SC_RS13105,0,False,[],False
SC_RS13110,0,False,[],False
SC_RS13115,0,False,[],False
SC_RS13120,0,False,[],False
SC_RS13125,0,False,[],False
SC_RS13130,0,False,[],False
SC_RS13135,0,False,[],False
SC_RS13140,0,False,[],False
SC_RS13145,0,False,[],True
SC_RS13150,0,False,[],False
SC_RS13155,0,False,[],False
SC_RS13160,0,False,[],False
SC_RS13165,0,False,[],False
SC_RS13170,0,False,[],False
SC_RS13175,0,False,[],True
SC_RS13180,0,False,[],False
SC_RS13185,1,True,[-26],True
SC_RS13190,0,False,[],False
SC_RS13195,0,False,[],False
SC_RS13200,1,True,[-199],False
SC_RS13205,1,True,[19],True
SC_RS13210,1,True,[-241],True
SC_RS13215,0,False,[],False
SC_RS13220,0,False,[],False
SC_RS13225,0,False,[],False
SC_RS13230,0,False,[],False
SC_RS13235,0,False,[],False
SC_RS13240,0,False,[],False
SC_RS13245,0,False,[],False
SC_RS13250,0,False,[],False
SC_RS13255,0,False,[],False
SC_RS13265,0,False,[],False
SC_RS13270,0,False,[],False
SC_RS13275,0,False,[],False
SC_RS13280,0,False,[],False
SC_RS13285,0,False,[],False
SC_RS13290,0,False,[],False
SC_RS13295,0,False,[],True
SC_RS13300,0,False,[],False
SC_RS13305,1,True,[36],True
SC_RS13310,0,False,[],False
SC_RS13315,0,False,[],False
SC_RS13320,0,False,[],False
SC_RS13325,0,False,[],False
SC_RS13330,0,False,[],False
SC_RS13335,0,False,[],False
SC_RS13340,0,False,[],True
SC_RS13345,1,True,[-201],True
SC_RS13350,0,False,[],False
SC_RS13355,0,False,[],False
SC_RS13360,0,False,[],False
SC_RS13365,0,False,[],False
SC_RS13370,0,False,[],True
SC_RS13375,0,False,[],False
SC_RS13380,0,False,[],True
SC_RS13385,0,False,[],False
SC_RS13390,0,False,[],False
SC_RS13395,0,False,[],True
SC_RS13400,0,False,[],False
SC_RS13405,0,False,[],False
SC_RS13410,1,True,[-151],True
SC_RS13415,0,False,[],False
SC_RS13420,0,False,[],False
SC_RS13425,0,False,[],False
SC_RS13430,0,False,[],False
SC_RS13435,0,False,[],False
SC_RS13440,0,False,[],False
SC_RS13445,0,False,[],False
SC_RS13450,0,False,[],False
SC_RS13455,0,False,[],True
SC_RS13460,0,False,[],False
SC_RS13465,0,False,[],False
SC_RS13470,0,False,[],False
SC_RS13475,0,False,[],False
SC_RS13480,0,False,[],False
SC_RS13485,0,False,[],False
SC_RS13490,0,False,[],True
SC_RS13500,0,False,[],False
SC_RS13505,0,False,[],False
SC_RS13510,0,False,[],False
SC_RS13515,0,False,[],False
SC_RS13520,0,False,[],False
SC_RS13525,0,False,[],False
SC_RS13530,1,True,[-208],False
SC_RS13535,0,False,[],False
SC_RS13540,0,False,[],False
SC_RS13545,0,False,[],False
SC_RS13550,0,False,[],False
SC_RS13555,0,False,[],False
SC_RS13560,0,False,[],False
SC_RS13565,0,False,[],False
SC_RS13570,0,False,[],False
SC_RS13575,0,False,[],False
SC_RS13580,0,False,[],False
SC_RS13585,0,False,[],False
SC_RS13590,0,False,[],False
SC_RS13595,0,False,[],False
SC_RS13600,0,False,[],False
SC_RS13605,0,False,[],False
SC_RS13610,0,False,[],True
SC_RS13615,0,False,[],False
SC_RS13620,0,False,[],False
SC_RS13625,0,False,[],False
SC_RS13630,0,False,[],False
SC_RS13635,0,False,[],False
SC_RS13640,0,False,[],False
SC_RS13645,0,False,[],True
SC_RS13650,0,False,[],True
SC_RS13655,0,False,[],True
SC_RS13660,1,True,[-285],False
SC_RS13665,0,False,[],False
SC_RS13670,0,False,[],False
SC_RS13675,0,False,[],False
SC_RS13680,0,False,[],False
SC_RS13685,0,False,[],False
SC_RS13690,0,False,[],False
SC_RS13695,0,False,[],False
SC_RS13700,0,False,[],False
SC_RS13705,0,False,[],False
SC_RS13710,0,False,[],False
SC_RS13715,0,False,[],False
SC_RS13720,0,False,[],False
SC_RS13725,0,False,[],False
SC_RS13730,0,False,[],False
SC_RS13735,0,False,[],False
SC_RS13740,0,False,[],False
SC_RS13745,0,False,[],False
SC_RS13750,0,False,[],False
SC_RS13755,0,False,[],False
SC_RS13760,0,False,[],False
SC_RS13765,0,False,[],False
SC_RS13770,0,False,[],False
SC_RS13775,0,False,[],False
SC_RS13780,0,False,[],False
SC_RS13785,0,False,[],False
SC_RS13790,0,False,[],False
SC_RS13795,0,False,[],False
SC_RS13800,0,False,[],False
SC_RS13805,0,False,[],False
SC_RS13810,0,False,[],False
SC_RS13815,0,False,[],False
SC_RS13820,0,False,[],True
SC_RS13825,0,False,[],False
SC_RS13830,0,False,[],False
SC_RS13835,0,False,[],True
SC_RS13840,1,True,[-227],False
SC_RS13845,0,False,[],False
SC_RS13850,0,False,[],False
SC_RS13855,0,False,[],False
SC_RS13860,0,False,[],False
SC_RS13865,0,False,[],False
SC_RS13870,0,False,[],False
SC_RS13875,0,False,[],False
SC_RS13880,0,False,[],False
SC_RS13885,0,False,[],False
SC_RS13890,0,False,[],False
SC_RS13895,0,False,[],False
SC_RS13900,0,False,[],True
SC_RS13905,0,False,[],False
SC_RS13910,0,False,[],False
SC_RS13915,0,False,[],False
SC_RS13920,0,False,[],False
SC_RS13925,0,False,[],False
SC_RS13930,0,False,[],True
SC_RS13935,0,False,[],False
SC_RS13940,0,False,[],False
SC_RS13945,0,False,[],False
SC_RS13950,0,False,[],False
SC_RS13955,0,False,[],False
SC_RS13960,2,True,"[-108, -90]",True
SC_RS13965,3,True,"[-226, 21, 39]",True
SC_RS13970,0,False,[],False
SC_RS13975,0,False,[],False
SC_RS13980,0,False,[],False
SC_RS13985,0,False,[],False
SC_RS13990,0,False,[],False
SC_RS13995,0,False,[],False
SC_RS14000,0,False,[],False
SC_RS14005,0,False,[],False
SC_RS14010,0,False,[],False
SC_RS14015,1,True,[-97],True
SC_RS14020,0,False,[],False
SC_RS14025,1,True,[-198],False
SC_RS14030,0,False,[],False
SC_RS14035,0,False,[],False
SC_RS14040,0,False,[],False
SC_RS14045,0,False,[],False
SC_RS14050,0,False,[],False
SC_RS14055,0,False,[],True
SC_RS14060,1,True,[-179],True
SC_RS14065,0,False,[],False
SC_RS14070,0,False,[],False
SC_RS14075,0,False,[],False
SC_RS14080,0,False,[],False
SC_RS14085,0,False,[],False
SC_RS14090,0,False,[],False
SC_RS14095,0,False,[],False
SC_RS14100,0,False,[],False
SC_RS14105,0,False,[],False
SC_RS14110,0,False,[],False
SC_RS14115,0,False,[],False
SC_RS14120,0,False,[],False
SC_RS14125,0,False,[],False
SC_RS14130,0,False,[],False
SC_RS14135,0,False,[],False
SC_RS14140,0,False,[],False
SC_RS14145,0,False,[],False
SC_RS14150,0,False,[],False
SC_RS14155,0,False,[],False
SC_RS14160,0,False,[],False
SC_RS14165,0,False,[],False
SC_RS14170,0,False,[],True
SC_RS14175,0,False,[],True
SC_RS14180,0,False,[],False
SC_RS14185,0,False,[],False
SC_RS14190,0,False,[],True
SC_RS14195,0,False,[],False
SC_RS14200,1,True,[-104],False
SC_RS14205,0,False,[],False
SC_RS14210,0,False,[],False
SC_RS14215,0,False,[],False
SC_RS14220,0,False,[],False
SC_RS14225,0,False,[],False
SC_RS14230,0,False,[],False
SC_RS14235,0,False,[],False
SC_RS14240,0,False,[],False
SC_RS14245,0,False,[],False
SC_RS14250,0,False,[],False
SC_RS14255,0,False,[],False
SC_RS14260,0,False,[],False
SC_RS14265,0,False,[],True
SC_RS14270,0,False,[],True
SC_RS14275,0,False,[],False
SC_RS14280,0,False,[],False
SC_RS14285,0,False,[],False
SC_RS14290,0,False,[],False
SC_RS14295,1,True,[-205],False
SC_RS14300,0,False,[],False
SC_RS14305,0,False,[],False
SC_RS14310,0,False,[],False
SC_RS14315,0,False,[],True
SC_RS14320,0,False,[],False
SC_RS14325,0,False,[],False
SC_RS14330,0,False,[],False
SC_RS14335,0,False,[],False
SC_RS14340,0,False,[],False
SC_RS14345,0,False,[],False
SC_RS14350,0,False,[],False
SC_RS14355,0,False,[],False
SC_RS14360,0,False,[],False
SC_RS14365,0,False,[],False
SC_RS14370,0,False,[],False
SC_RS14375,0,False,[],False
SC_RS14380,0,False,[],False
SC_RS14385,0,False,[],False
SC_RS14390,0,False,[],False
SC_RS14395,0,False,[],False
SC_RS14400,0,False,[],True
SC_RS14405,0,False,[],False
SC_RS14410,0,False,[],False
SC_RS14415,0,False,[],False
SC_RS14420,0,False,[],False
SC_RS14425,0,False,[],False
SC_RS14430,0,False,[],False
SC_RS14435,0,False,[],False
SC_RS14440,0,False,[],False
SC_RS14445,0,False,[],False
SC_RS14450,0,False,[],False
SC_RS14455,0,False,[],False
SC_RS14460,0,False,[],False
SC_RS14465,0,False,[],False
SC_RS14470,0,False,[],False
SC_RS14475,0,False,[],False
SC_RS14480,0,False,[],False
SC_RS14485,0,False,[],False
SC_RS14490,1,True,[-77],True
SC_RS14495,1,True,[-46],False
SC_RS14500,0,False,[],False
SC_RS14505,1,True,[-205],True
SC_RS14510,1,True,[15],True
SC_RS14515,0,False,[],False
SC_RS14520,0,False,[],False
SC_RS14525,0,False,[],False
SC_RS14530,0,False,[],False
SC_RS14535,0,False,[],False
SC_RS14540,0,False,[],False
SC_RS14545,0,False,[],True
SC_RS14550,0,False,[],False
SC_RS14555,0,False,[],False
SC_RS14560,0,False,[],False
SC_RS14565,0,False,[],False
SC_RS14570,0,False,[],False
SC_RS14575,0,False,[],False
SC_RS14580,0,False,[],False
SC_RS14585,0,False,[],False
SC_RS14590,0,False,[],False
SC_RS14595,0,False,[],False
SC_RS14600,0,False,[],False
SC_RS14605,0,False,[],False
SC_RS14610,0,False,[],False
SC_RS14615,0,False,[],False
SC_RS14620,0,False,[],False
SC_RS14625,0,False,[],False
SC_RS14630,0,False,[],False
SC_RS14635,1,True,[-157],True
SC_RS14640,0,False,[],False
SC_RS14645,0,False,[],False
SC_RS14650,0,False,[],False
SC_RS14655,0,False,[],False
SC_RS14660,0,False,[],False
SC_RS14665,0,False,[],False
SC_RS14670,0,False,[],False
SC_RS14675,0,False,[],False
SC_RS14680,0,False,[],False
SC_RS14685,0,False,[],False
SC_RS14690,0,False,[],False
SC_RS14695,0,False,[],False
SC_RS14700,0,False,[],False
SC_RS14705,0,False,[],False
SC_RS14710,0,False,[],False
SC_RS14715,0,False,[],False
SC_RS14720,0,False,[],False
SC_RS14725,0,False,[],False
SC_RS14730,0,False,[],True
SC_RS14735,0,False,[],False
SC_RS14740,0,False,[],False
SC_RS14745,0,False,[],True
SC_RS14750,0,False,[],True
SC_RS14755,0,False,[],False
SC_RS14760,0,False,[],False
SC_RS14765,0,False,[],False
SC_RS14770,0,False,[],False
SC_RS14775,0,False,[],False
SC_RS14780,0,False,[],True
SC_RS14785,0,False,[],False
SC_RS14790,0,False,[],False
SC_RS14795,0,False,[],False
SC_RS14800,0,False,[],False
SC_RS14805,0,False,[],False
SC_RS14810,0,False,[],False
SC_RS14815,1,True,[-45],False
SC_RS14820,0,False,[],False
SC_RS14825,0,False,[],False
SC_RS14830,0,False,[],False
SC_RS14835,0,False,[],True
SC_RS14840,0,False,[],False
SC_RS14845,0,False,[],False
SC_RS14850,0,False,[],False
SC_RS14855,0,False,[],False
SC_RS14860,0,False,[],True
SC_RS14865,0,False,[],True
SC_RS14870,0,False,[],True
SC_RS14875,0,False,[],False
SC_RS14880,0,False,[],False
SC_RS14885,0,False,[],False
SC_RS14890,0,False,[],False
SC_RS14895,0,False,[],True
SC_RS14900,0,False,[],False
SC_RS14905,1,True,[-231],False
SC_RS14910,0,False,[],False
SC_RS14915,1,True,[41],False
SC_RS14920,0,False,[],False
SC_RS14925,0,False,[],False
SC_RS14930,0,False,[],False
SC_RS14935,0,False,[],False
SC_RS14940,0,False,[],False
SC_RS14945,0,False,[],False
SC_RS14950,0,False,[],False
SC_RS14955,0,False,[],False
SC_RS14960,0,False,[],False
SC_RS14965,0,False,[],False
SC_RS14970,0,False,[],False
SC_RS14975,0,False,[],False
SC_RS14980,0,False,[],False
SC_RS14985,0,False,[],False
SC_RS14990,0,False,[],False
SC_RS14995,0,False,[],False
SC_RS15000,0,False,[],False
SC_RS15005,0,False,[],False
SC_RS15010,0,False,[],False
SC_RS15015,0,False,[],False
SC_RS15020,0,False,[],False
SC_RS15025,0,False,[],False
SC_RS15030,0,False,[],False
SC_RS15035,0,False,[],False
SC_RS15040,0,False,[],False
SC_RS15045,0,False,[],True
SC_RS15050,0,False,[],False
SC_RS15055,0,False,[],False
SC_RS15060,0,False,[],False
SC_RS15065,0,False,[],False
SC_RS15070,0,False,[],False
SC_RS15075,0,False,[],False
SC_RS15080,0,False,[],False
SC_RS15085,0,False,[],False
SC_RS15090,0,False,[],False
SC_RS15095,0,False,[],False
SC_RS15100,0,False,[],False
SC_RS15105,0,False,[],False
SC_RS15110,0,False,[],False
SC_RS15115,0,False,[],False
SC_RS15120,0,False,[],False
SC_RS15125,0,False,[],False
SC_RS15130,1,True,[27],True
SC_RS15135,0,False,[],False
SC_RS15140,0,False,[],False
SC_RS15145,0,False,[],False
SC_RS15150,0,False,[],False
SC_RS15155,0,False,[],False
SC_RS15160,0,False,[],False
SC_RS15165,0,False,[],False
SC_RS15170,0,False,[],True
SC_RS15175,0,False,[],True
SC_RS15180,0,False,[],True
SC_RS15185,0,False,[],False
SC_RS15190,1,True,[-278],False
SC_RS15195,0,False,[],True
SC_RS15200,0,False,[],False
SC_RS15205,0,False,[],False
SC_RS15210,0,False,[],True
SC_RS15215,2,True,"[-239, 28]",True
SC_RS15225,0,False,[],False
SC_RS15230,0,False,[],False
SC_RS15235,0,False,[],False
SC_RS15240,0,False,[],False
SC_RS15245,0,False,[],False
SC_RS15250,0,False,[],False
SC_RS15255,1,True,[-74],True
SC_RS15260,0,False,[],False
SC_RS15265,0,False,[],False
SC_RS15270,1,True,[-192],True
SC_RS15275,1,True,[-82],False
SC_RS15280,0,False,[],False
SC_RS15285,0,False,[],False
SC_RS15290,0,False,[],False
SC_RS15295,0,False,[],False
SC_RS15300,0,False,[],False
SC_RS15305,0,False,[],False
SC_RS15310,0,False,[],False
SC_RS15315,0,False,[],False
SC_RS15320,0,False,[],False
SC_RS15325,0,False,[],False
SC_RS15330,0,False,[],False
SC_RS15335,0,False,[],False
SC_RS15340,0,False,[],False
SC_RS15345,0,False,[],False
SC_RS15350,0,False,[],False
SC_RS15355,0,False,[],False
SC_RS15360,0,False,[],False
SC_RS15365,0,False,[],True
SC_RS15370,0,False,[],False
SC_RS15375,0,False,[],False
SC_RS15380,0,False,[],False
SC_RS15385,0,False,[],False
SC_RS15390,0,False,[],False
SC_RS15395,0,False,[],False
SC_RS15400,0,False,[],False
SC_RS15405,0,False,[],False
SC_RS15410,0,False,[],False
SC_RS15415,0,False,[],False
SC_RS15420,0,False,[],False
SC_RS15425,0,False,[],False
SC_RS15430,0,False,[],False
SC_RS15435,0,False,[],False
SC_RS15440,0,False,[],False
SC_RS15445,0,False,[],True
SC_RS15450,0,False,[],False
SC_RS15455,0,False,[],False
SC_RS15460,0,False,[],False
SC_RS15465,0,False,[],False
SC_RS15470,0,False,[],False
SC_RS15475,0,False,[],False
SC_RS15480,0,False,[],False
SC_RS15485,0,False,[],True
SC_RS15490,0,False,[],False
SC_RS15495,0,False,[],False
SC_RS15500,0,False,[],False
SC_RS15505,0,False,[],False
SC_RS15510,0,False,[],False
SC_RS15515,0,False,[],False
SC_RS15520,0,False,[],False
SC_RS15525,0,False,[],False
SC_RS15530,0,False,[],False
SC_RS15535,0,False,[],False
SC_RS15540,0,False,[],False
SC_RS15545,0,False,[],False
SC_RS15550,0,False,[],False
SC_RS15555,0,False,[],False
SC_RS15560,0,False,[],False
SC_RS15565,0,False,[],False
SC_RS15570,0,False,[],False
SC_RS15575,0,False,[],False
SC_RS15580,0,False,[],False
SC_RS15585,0,False,[],False
SC_RS15590,0,False,[],False
SC_RS15595,0,False,[],False
SC_RS15600,0,False,[],True
SC_RS15605,0,False,[],False
SC_RS15610,0,False,[],False
SC_RS15615,0,False,[],False
SC_RS15620,0,False,[],False
SC_RS15625,0,False,[],False
SC_RS15630,0,False,[],False
SC_RS15635,0,False,[],False
SC_RS15640,0,False,[],False
SC_RS15645,0,False,[],False
SC_RS15650,0,False,[],False
SC_RS15655,0,False,[],False
SC_RS15660,0,False,[],False
SC_RS15665,0,False,[],True
SC_RS15670,0,False,[],False
SC_RS15675,0,False,[],False
SC_RS15680,0,False,[],False
SC_RS15685,0,False,[],False
SC_RS15690,0,False,[],False
SC_RS15695,0,False,[],False
SC_RS15700,0,False,[],False
SC_RS15705,0,False,[],False
SC_RS15710,0,False,[],False
SC_RS15715,0,False,[],False
SC_RS15720,0,False,[],False
SC_RS15725,0,False,[],False
SC_RS15730,0,False,[],False
SC_RS15735,0,False,[],False
SC_RS15740,1,True,[-64],True
SC_RS15745,0,False,[],False
SC_RS15750,0,False,[],False
SC_RS15755,0,False,[],False
SC_RS15760,0,False,[],False
SC_RS15765,0,False,[],False
SC_RS15770,0,False,[],False
SC_RS15775,0,False,[],False
SC_RS15780,0,False,[],False
SC_RS15790,0,False,[],False
SC_RS15795,0,False,[],False
SC_RS15800,0,False,[],False
SC_RS15805,0,False,[],False
SC_RS15810,0,False,[],False
SC_RS15815,0,False,[],False
SC_RS15820,0,False,[],False
SC_RS15825,0,False,[],False
SC_RS15830,0,False,[],False
SC_RS15835,0,False,[],True
SC_RS15840,0,False,[],True
SC_RS15845,0,False,[],False
SC_RS15850,0,False,[],False
SC_RS15855,0,False,[],True
SC_RS15860,0,False,[],False
SC_RS15865,0,False,[],False
SC_RS15870,0,False,[],False
SC_RS15875,0,False,[],False
SC_RS15880,0,False,[],False
SC_RS15885,0,False,[],False
SC_RS15890,0,False,[],False
SC_RS15895,0,False,[],False
SC_RS15900,0,False,[],False
SC_RS15905,0,False,[],False
SC_RS15910,0,False,[],False
SC_RS15915,0,False,[],True
SC_RS15920,0,False,[],False
SC_RS15925,0,False,[],False
SC_RS15930,0,False,[],False
SC_RS15935,0,False,[],False
SC_RS15940,0,False,[],False
SC_RS15945,0,False,[],False
SC_RS15950,0,False,[],False
SC_RS15955,0,False,[],False
SC_RS15960,0,False,[],False
SC_RS15965,0,False,[],False
SC_RS15970,0,False,[],True
SC_RS15975,0,False,[],False
SC_RS15980,0,False,[],True
SC_RS15985,0,False,[],False
SC_RS15990,0,False,[],False
SC_RS15995,0,False,[],False
SC_RS16000,0,False,[],True
SC_RS16005,1,True,[-239],True
SC_RS16010,0,False,[],False
SC_RS16015,0,False,[],False
SC_RS16020,0,False,[],False
SC_RS16025,0,False,[],False
SC_RS16030,0,False,[],False
SC_RS16035,0,False,[],False
SC_RS16040,0,False,[],False
SC_RS16045,0,False,[],False
SC_RS16050,0,False,[],False
SC_RS16055,0,False,[],False
SC_RS16060,0,False,[],True
SC_RS16065,0,False,[],False
SC_RS16070,0,False,[],False
SC_RS16075,0,False,[],False
SC_RS16080,0,False,[],False
SC_RS16085,0,False,[],False
SC_RS16090,0,False,[],True
SC_RS16095,0,False,[],False
SC_RS16100,0,False,[],False
SC_RS16105,0,False,[],False
SC_RS16110,0,False,[],False
SC_RS16115,0,False,[],False
SC_RS16120,0,False,[],False
SC_RS16125,0,False,[],False
SC_RS16130,0,False,[],True
SC_RS16135,0,False,[],False
SC_RS16140,0,False,[],False
SC_RS16145,0,False,[],False
SC_RS16150,0,False,[],False
SC_RS16155,0,False,[],False
SC_RS16160,0,False,[],False
SC_RS16165,0,False,[],False
SC_RS16170,0,False,[],False
SC_RS16175,0,False,[],False
SC_RS16180,0,False,[],False
SC_RS16185,0,False,[],False
SC_RS16190,0,False,[],False
SC_RS16195,0,False,[],False
SC_RS16200,0,False,[],False
SC_RS16205,0,False,[],False
SC_RS16210,0,False,[],False
SC_RS16215,0,False,[],False
SC_RS16220,0,False,[],False
SC_RS16225,0,False,[],False
SC_RS16230,0,False,[],False
SC_RS16235,0,False,[],False
SC_RS16240,0,False,[],False
SC_RS16245,0,False,[],False
SC_RS16250,0,False,[],False
SC_RS16255,0,False,[],False
SC_RS16260,0,False,[],False
SC_RS16265,0,False,[],False
SC_RS16270,0,False,[],False
SC_RS16275,0,False,[],False
SC_RS16280,0,False,[],False
SC_RS16285,0,False,[],False
SC_RS16290,0,False,[],False
SC_RS16295,0,False,[],False
SC_RS16300,0,False,[],False
SC_RS16305,0,False,[],False
SC_RS16310,0,False,[],False
SC_RS16315,0,False,[],True
SC_RS16320,0,False,[],False
SC_RS16330,0,False,[],False
SC_RS16335,0,False,[],False
SC_RS16340,0,False,[],False
SC_RS16345,0,False,[],False
SC_RS16350,0,False,[],False
SC_RS16355,0,False,[],False
SC_RS16360,0,False,[],False
SC_RS16365,0,False,[],False
SC_RS16370,0,False,[],False
SC_RS16375,0,False,[],True
SC_RS16380,0,False,[],False
SC_RS16385,0,False,[],False
SC_RS16390,0,False,[],False
SC_RS16395,0,False,[],False
SC_RS16400,0,False,[],False
SC_RS16405,0,False,[],False
SC_RS16410,0,False,[],False
SC_RS16415,0,False,[],False
SC_RS16420,0,False,[],False
SC_RS16425,1,True,[-170],False
SC_RS16430,0,False,[],False
SC_RS16435,1,True,[-60],True
SC_RS16440,1,True,[-295],True
SC_RS16445,0,False,[],False
SC_RS16450,0,False,[],False
SC_RS16455,0,False,[],False
SC_RS16460,0,False,[],False
SC_RS16465,0,False,[],False
SC_RS16470,0,False,[],False
SC_RS16475,0,False,[],False
SC_RS16480,0,False,[],False
SC_RS16485,0,False,[],False
SC_RS16490,0,False,[],False
SC_RS16495,0,False,[],False
SC_RS16500,0,False,[],True
SC_RS16505,0,False,[],False
SC_RS16510,0,False,[],False
SC_RS16515,0,False,[],False
SC_RS16520,0,False,[],False
SC_RS16525,0,False,[],True
SC_RS16530,0,False,[],False
SC_RS16535,0,False,[],False
SC_RS16540,0,False,[],False
SC_RS16545,0,False,[],False
SC_RS16555,0,False,[],False
SC_RS16560,0,False,[],False
SC_RS16565,0,False,[],True
SC_RS16570,0,False,[],False
SC_RS16575,0,False,[],False
SC_RS16580,0,False,[],False
SC_RS16585,0,False,[],False
SC_RS16590,0,False,[],False
SC_RS16595,0,False,[],False
SC_RS16600,0,False,[],False
SC_RS16605,0,False,[],False
SC_RS16610,0,False,[],False
SC_RS16615,0,False,[],True
SC_RS16620,0,False,[],False
SC_RS16625,0,False,[],False
SC_RS16630,0,False,[],False
SC_RS16635,0,False,[],False
SC_RS16640,0,False,[],False
SC_RS16645,0,False,[],False
SC_RS16650,0,False,[],False
SC_RS16655,0,False,[],False
SC_RS16660,0,False,[],False
SC_RS16665,0,False,[],True
SC_RS16670,0,False,[],True
SC_RS16675,0,False,[],False
SC_RS16680,0,False,[],False
SC_RS16685,0,False,[],False
SC_RS16690,0,False,[],False
SC_RS16695,0,False,[],False
SC_RS16700,0,False,[],False
SC_RS16705,1,True,[-126],False
SC_RS16710,0,False,[],True
SC_RS16715,0,False,[],False
SC_RS16720,0,False,[],False
SC_RS16725,0,False,[],False
SC_RS16730,0,False,[],False
SC_RS16735,0,False,[],False
SC_RS16740,0,False,[],False
SC_RS16745,0,False,[],False
SC_RS16750,0,False,[],False
SC_RS16755,0,False,[],False
SC_RS16760,0,False,[],False
SC_RS16765,0,False,[],False
SC_RS16770,0,False,[],False
SC_RS16775,0,False,[],False
SC_RS16780,0,False,[],False
SC_RS16785,0,False,[],False
SC_RS16790,0,False,[],False
SC_RS16795,0,False,[],False
SC_RS16800,0,False,[],False
SC_RS16805,0,False,[],False
SC_RS16810,0,False,[],False
SC_RS16815,0,False,[],False
SC_RS16820,0,False,[],False
SC_RS16825,0,False,[],False
SC_RS16830,0,False,[],False
SC_RS16835,0,False,[],False
SC_RS16840,0,False,[],False
SC_RS16845,0,False,[],False
SC_RS16850,0,False,[],False
SC_RS16855,1,True,[-268],True
SC_RS16860,0,False,[],False
SC_RS16865,0,False,[],False
SC_RS16870,0,False,[],False
SC_RS16875,0,False,[],False
SC_RS16880,0,False,[],False
SC_RS16885,0,False,[],False
SC_RS16890,0,False,[],False
SC_RS16895,1,True,[4],False
SC_RS16900,0,False,[],False
SC_RS16905,0,False,[],False
SC_RS16910,0,False,[],False
SC_RS16915,0,False,[],True
SC_RS16920,0,False,[],True
SC_RS16925,0,False,[],True
SC_RS16930,0,False,[],False
SC_RS16935,0,False,[],False
SC_RS16940,0,False,[],False
SC_RS16945,0,False,[],False
SC_RS16950,0,False,[],False
SC_RS16955,0,False,[],False
SC_RS16960,0,False,[],False
SC_RS16965,0,False,[],False
SC_RS16970,0,False,[],False
SC_RS16975,0,False,[],False
SC_RS16980,0,False,[],False
SC_RS16985,0,False,[],False
SC_RS16990,0,False,[],False
SC_RS16995,0,False,[],False
SC_RS17000,0,False,[],False
SC_RS17005,0,False,[],False
SC_RS17010,0,False,[],False
SC_RS17015,0,False,[],False
SC_RS17020,0,False,[],False
SC_RS17025,0,False,[],False
SC_RS17030,0,False,[],True
SC_RS17035,0,False,[],False
SC_RS17040,0,False,[],False
SC_RS17045,0,False,[],False
SC_RS17050,0,False,[],False
SC_RS17055,0,False,[],False
SC_RS17060,0,False,[],False
SC_RS17065,0,False,[],False
SC_RS17070,0,False,[],False
SC_RS17075,0,False,[],False
SC_RS17080,0,False,[],False
SC_RS17085,0,False,[],False
SC_RS17090,0,False,[],False
SC_RS17095,0,False,[],False
SC_RS17100,0,False,[],False
SC_RS17105,0,False,[],False
SC_RS17110,0,False,[],False
SC_RS17115,0,False,[],False
SC_RS17120,0,False,[],True
SC_RS17125,0,False,[],False
SC_RS17130,0,False,[],False
SC_RS17135,1,True,[-227],True
SC_RS17140,0,False,[],False
SC_RS17145,0,False,[],False
SC_RS17150,0,False,[],False
SC_RS17155,0,False,[],False
SC_RS17160,0,False,[],False
SC_RS17165,0,False,[],False
SC_RS17170,0,False,[],False
SC_RS17175,0,False,[],False
SC_RS17180,0,False,[],False
SC_RS17185,0,False,[],False
SC_RS17190,0,False,[],False
SC_RS17195,0,False,[],False
SC_RS17200,0,False,[],False
SC_RS17205,0,False,[],False
SC_RS17210,1,True,[-216],True
SC_RS17215,0,False,[],False
SC_RS17220,0,False,[],False
SC_RS17225,1,True,[-287],True
SC_RS17230,0,False,[],False
SC_RS17235,0,False,[],True
SC_RS17240,0,False,[],False
SC_RS17245,0,False,[],False
SC_RS17250,0,False,[],False
SC_RS17255,0,False,[],False
SC_RS17260,0,False,[],False
SC_RS17265,0,False,[],False
SC_RS17270,0,False,[],True
SC_RS17275,0,False,[],False
SC_RS17280,0,False,[],False
SC_RS17285,0,False,[],False
SC_RS17290,0,False,[],False
SC_RS17295,0,False,[],False
SC_RS17300,0,False,[],False
SC_RS17305,0,False,[],False
SC_RS17310,0,False,[],False
SC_RS17315,0,False,[],False
SC_RS17320,0,False,[],False
SC_RS17325,0,False,[],False
SC_RS17330,0,False,[],False
SC_RS17335,0,False,[],False
SC_RS17340,0,False,[],False
SC_RS17345,1,True,[-236],False
SC_RS17350,0,False,[],False
SC_RS17355,0,False,[],False
SC_RS17360,0,False,[],False
SC_RS17365,0,False,[],False
SC_RS17370,0,False,[],False
SC_RS17375,0,False,[],False
SC_RS17380,0,False,[],False
SC_RS17385,0,False,[],False
SC_RS17390,0,False,[],False
SC_RS17395,0,False,[],False
SC_RS17400,0,False,[],False
SC_RS17405,0,False,[],False
SC_RS17410,1,True,[-107],True
SC_RS17415,0,False,[],False
SC_RS17420,0,False,[],False
SC_RS17425,0,False,[],False
SC_RS17430,0,False,[],False
SC_RS17435,0,False,[],False
SC_RS17440,0,False,[],False
SC_RS17445,0,False,[],False
SC_RS17450,0,False,[],False
SC_RS17455,0,False,[],False
SC_RS17460,0,False,[],False
SC_RS17465,0,False,[],False
SC_RS17470,0,False,[],False
SC_RS17475,0,False,[],False
SC_RS17480,0,False,[],False
SC_RS17485,0,False,[],False
SC_RS17490,0,False,[],False
SC_RS17495,0,False,[],False
SC_RS17500,0,False,[],False
SC_RS17505,0,False,[],False
SC_RS17510,0,False,[],False
SC_RS17515,0,False,[],False
SC_RS17520,0,False,[],False
SC_RS17525,0,False,[],False
SC_RS17530,0,False,[],False
SC_RS17535,0,False,[],False
SC_RS17540,0,False,[],False
SC_RS17545,0,False,[],False
SC_RS17550,0,False,[],False
SC_RS17555,0,False,[],False
SC_RS17560,0,False,[],False
SC_RS17565,0,False,[],False
SC_RS17570,0,False,[],False
SC_RS17575,0,False,[],False
SC_RS17580,0,False,[],False
SC_RS17585,0,False,[],False
SC_RS17590,1,True,[-205],False
SC_RS17595,0,False,[],False
SC_RS17600,0,False,[],False
SC_RS17605,0,False,[],True
SC_RS17610,0,False,[],False
SC_RS17615,0,False,[],False
SC_RS17620,0,False,[],False
SC_RS17625,0,False,[],False
SC_RS17630,0,False,[],False
SC_RS17635,0,False,[],False
SC_RS17640,0,False,[],False
SC_RS17645,0,False,[],False
SC_RS17650,0,False,[],False
SC_RS17655,0,False,[],False
SC_RS17660,0,False,[],False
SC_RS17665,0,False,[],True
SC_RS17670,0,False,[],False
SC_RS17675,0,False,[],False
SC_RS17680,0,False,[],False
SC_RS17700,0,False,[],False
SC_RS17705,0,False,[],False
SC_RS17710,0,False,[],False
SC_RS17715,0,False,[],False
SC_RS17720,1,True,[-253],True
SC_RS17725,0,False,[],False
SC_RS17735,0,False,[],False
SC_RS17740,0,False,[],False
SC_RS17745,0,False,[],False
SC_RS17750,0,False,[],True
SC_RS17755,0,False,[],False
SC_RS17760,0,False,[],False
SC_RS17765,0,False,[],False
SC_RS17770,0,False,[],False
SC_RS17775,0,False,[],False
SC_RS17780,1,True,[-104],True
SC_RS17785,0,False,[],False
SC_RS17790,0,False,[],False
SC_RS17795,0,False,[],True
SC_RS17800,0,False,[],True
SC_RS17805,0,False,[],False
SC_RS17810,0,False,[],False
SC_RS17815,0,False,[],False
SC_RS17820,0,False,[],False
SC_RS17825,1,True,[-239],True
SC_RS17830,0,False,[],False
SC_RS17835,0,False,[],False
SC_RS17840,0,False,[],False
SC_RS17845,0,False,[],False
SC_RS17850,0,False,[],False
SC_RS17855,0,False,[],False
SC_RS17860,0,False,[],True
SC_RS17865,0,False,[],False
SC_RS17870,0,False,[],True
SC_RS17875,0,False,[],False
SC_RS17880,0,False,[],False
SC_RS17885,0,False,[],False
SC_RS17890,0,False,[],False
SC_RS17900,1,True,[-79],False
SC_RS17905,1,True,[-113],False
SC_RS17910,0,False,[],True
SC_RS17915,0,False,[],False
SC_RS17920,0,False,[],False
SC_RS17925,0,False,[],False
SC_RS17930,0,False,[],True
SC_RS17935,0,False,[],False
SC_RS17940,0,False,[],False
SC_RS17945,0,False,[],False
SC_RS17950,0,False,[],False
SC_RS17955,0,False,[],False
SC_RS17960,0,False,[],False
SC_RS17965,0,False,[],False
SC_RS17970,0,False,[],True
SC_RS17975,0,False,[],True
SC_RS17980,0,False,[],False
SC_RS17985,0,False,[],False
SC_RS17990,0,False,[],False
SC_RS17995,0,False,[],False
SC_RS18000,0,False,[],False
SC_RS18005,0,False,[],False
SC_RS18010,0,False,[],False
SC_RS18015,0,False,[],False
SC_RS18020,0,False,[],False
SC_RS18025,0,False,[],False
SC_RS18030,0,False,[],True
SC_RS18035,0,False,[],False
SC_RS18040,0,False,[],False
SC_RS18045,0,False,[],False
SC_RS18050,0,False,[],False
SC_RS18055,0,False,[],False
SC_RS18060,0,False,[],False
SC_RS18065,0,False,[],False
SC_RS18070,0,False,[],False
SC_RS18075,0,False,[],False
SC_RS18080,0,False,[],False
SC_RS18085,0,False,[],True
SC_RS18090,0,False,[],False
SC_RS18095,0,False,[],False
SC_RS18100,0,False,[],False
SC_RS18105,0,False,[],False
SC_RS18110,0,False,[],False
SC_RS18115,0,False,[],False
SC_RS18120,0,False,[],False
SC_RS18125,0,False,[],False
SC_RS18130,0,False,[],False
SC_RS18135,0,False,[],False
SC_RS18140,0,False,[],False
SC_RS18145,0,False,[],False
SC_RS18150,0,False,[],False
SC_RS18155,0,False,[],False
SC_RS18160,0,False,[],True
SC_RS18165,0,False,[],False
SC_RS18170,0,False,[],True
SC_RS18175,0,False,[],False
SC_RS18180,0,False,[],False
SC_RS18185,0,False,[],False
SC_RS18190,0,False,[],False
SC_RS18195,0,False,[],False
SC_RS18200,0,False,[],False
SC_RS18205,0,False,[],False
SC_RS18210,0,False,[],False
SC_RS18215,0,False,[],False
SC_RS18220,0,False,[],False
SC_RS18225,0,False,[],False
SC_RS18230,0,False,[],False
SC_RS18235,0,False,[],False
SC_RS18240,0,False,[],False
SC_RS18245,0,False,[],False
SC_RS18250,0,False,[],False
SC_RS18255,0,False,[],False
SC_RS18260,0,False,[],False
SC_RS18265,0,False,[],False
SC_RS18270,0,False,[],False
SC_RS18275,0,False,[],False
SC_RS18280,0,False,[],True
SC_RS18285,0,False,[],False
SC_RS18290,0,False,[],False
SC_RS18295,0,False,[],False
SC_RS18300,0,False,[],False
SC_RS18305,0,False,[],False
SC_RS18310,0,False,[],True
SC_RS18315,0,False,[],False
SC_RS18320,0,False,[],True
SC_RS18325,0,False,[],False
SC_RS18330,0,False,[],False
SC_RS18335,0,False,[],False
SC_RS18340,0,False,[],False
SC_RS18345,0,False,[],False
SC_RS18350,0,False,[],False
SC_RS18355,0,False,[],True
SC_RS18360,0,False,[],False
SC_RS18365,0,False,[],False
SC_RS18370,0,False,[],False
SC_RS18375,0,False,[],False
SC_RS18380,0,False,[],False
SC_RS18385,0,False,[],False
SC_RS18390,0,False,[],False
SC_RS18395,0,False,[],False
SC_RS18400,0,False,[],False
SC_RS18405,0,False,[],False
SC_RS18410,0,False,[],False
SC_RS18415,0,False,[],False
SC_RS18420,1,True,[-115],True
SC_RS18425,0,False,[],False
SC_RS18430,0,False,[],False
SC_RS18435,0,False,[],False
SC_RS18440,0,False,[],False
SC_RS18445,0,False,[],False
SC_RS18450,0,False,[],False
SC_RS18455,0,False,[],False
SC_RS18460,0,False,[],False
SC_RS18465,0,False,[],False
SC_RS18480,0,False,[],False
SC_RS18485,0,False,[],False
SC_RS18490,0,False,[],False
SC_RS18495,0,False,[],False
SC_RS18500,0,False,[],False
SC_RS18505,0,False,[],False
SC_RS18510,0,False,[],False
SC_RS18515,0,False,[],False
SC_RS18520,0,False,[],False
SC_RS18525,0,False,[],False
SC_RS18530,0,False,[],False
SC_RS18535,0,False,[],False
SC_RS18540,0,False,[],True
SC_RS18545,0,False,[],False
SC_RS18550,0,False,[],False
SC_RS18555,0,False,[],False
SC_RS18560,0,False,[],False
SC_RS18565,0,False,[],False
SC_RS18570,1,True,[-88],False
SC_RS18575,0,False,[],False
SC_RS18580,0,False,[],True
SC_RS18585,0,False,[],False
SC_RS18590,0,False,[],False
SC_RS18595,0,False,[],False
SC_RS18600,0,False,[],False
SC_RS18605,0,False,[],True
SC_RS18610,0,False,[],False
SC_RS18615,0,False,[],False
SC_RS18620,0,False,[],False
SC_RS18625,0,False,[],False
SC_RS18630,0,False,[],False
SC_RS18635,0,False,[],False
SC_RS18640,0,False,[],True
SC_RS18645,0,False,[],False
SC_RS18650,0,False,[],False
SC_RS18655,0,False,[],False
SC_RS18660,0,False,[],False
SC_RS18665,0,False,[],False
SC_RS18670,0,False,[],False
SC_RS18675,1,True,[-59],False
SC_RS18680,1,True,[-76],False
SC_RS18685,0,False,[],False
SC_RS18690,0,False,[],False
SC_RS18695,0,False,[],True
SC_RS18700,0,False,[],False
SC_RS18705,0,False,[],False
SC_RS18710,0,False,[],False
SC_RS18715,0,False,[],True
SC_RS18720,0,False,[],False
SC_RS18725,0,False,[],False
SC_RS18730,0,False,[],False
SC_RS18735,0,False,[],False
SC_RS18740,0,False,[],False
SC_RS18745,0,False,[],False
SC_RS18750,0,False,[],False
SC_RS18755,0,False,[],False
SC_RS18760,0,False,[],False
SC_RS18765,0,False,[],False
SC_RS18770,0,False,[],False
SC_RS18775,0,False,[],False
SC_RS18780,0,False,[],False
SC_RS18785,1,True,[-216],True
SC_RS18790,0,False,[],False
SC_RS18795,0,False,[],False
SC_RS18800,0,False,[],False
SC_RS18805,0,False,[],False
SC_RS18810,0,False,[],False
SC_RS18815,0,False,[],False
SC_RS18820,0,False,[],False
SC_RS18825,0,False,[],True
SC_RS18830,0,False,[],False
SC_RS18835,0,False,[],True
SC_RS18840,0,False,[],False
SC_RS18845,0,False,[],False
SC_RS18850,0,False,[],False
SC_RS18855,0,False,[],True
SC_RS18860,0,False,[],False
SC_RS18865,0,False,[],False
SC_RS18870,0,False,[],False
SC_RS18875,0,False,[],False
SC_RS18880,0,False,[],False
SC_RS18885,0,False,[],False
SC_RS18890,0,False,[],False
SC_RS18895,0,False,[],False
SC_RS18900,0,False,[],False
SC_RS18905,0,False,[],False
SC_RS18910,0,False,[],False
SC_RS18915,0,False,[],False
SC_RS18920,0,False,[],False
SC_RS18925,0,False,[],False
SC_RS18930,0,False,[],False
SC_RS18935,0,False,[],False
SC_RS18940,0,False,[],False
SC_RS18945,0,False,[],True
SC_RS18955,0,False,[],False
SC_RS18960,0,False,[],False
SC_RS18965,0,False,[],False
SC_RS18970,0,False,[],False
SC_RS18975,0,False,[],False
SC_RS18980,0,False,[],False
SC_RS18985,0,False,[],False
SC_RS18990,0,False,[],False
SC_RS18995,0,False,[],False
SC_RS19000,0,False,[],False
SC_RS19005,0,False,[],False
SC_RS19010,0,False,[],False
SC_RS19015,2,True,"[-176, -83]",True
SC_RS19020,0,False,[],True
SC_RS19025,0,False,[],False
SC_RS19030,0,False,[],False
SC_RS19035,0,False,[],False
SC_RS19040,0,False,[],True
SC_RS19045,0,False,[],False
SC_RS19050,0,False,[],False
SC_RS19055,0,False,[],False
SC_RS19060,0,False,[],False
SC_RS19070,0,False,[],False
SC_RS19075,0,False,[],False
SC_RS19080,0,False,[],False
SC_RS19085,0,False,[],False
SC_RS19090,0,False,[],False
SC_RS19095,0,False,[],False
SC_RS19100,0,False,[],False
SC_RS19105,0,False,[],True
SC_RS19110,0,False,[],True
SC_RS19115,0,False,[],True
SC_RS19120,0,False,[],False
SC_RS19125,0,False,[],False
SC_RS19130,0,False,[],False
SC_RS19135,0,False,[],True
SC_RS19140,0,False,[],False
SC_RS19145,1,True,[-183],False
SC_RS19150,0,False,[],False
SC_RS19155,0,False,[],True
SC_RS19160,0,False,[],False
SC_RS19165,0,False,[],False
SC_RS19170,0,False,[],False
SC_RS19175,0,False,[],False
SC_RS19180,0,False,[],False
SC_RS19185,0,False,[],False
SC_RS19190,1,True,[-62],False
SC_RS19195,0,False,[],False
SC_RS19200,0,False,[],False
SC_RS19205,0,False,[],False
SC_RS19210,0,False,[],True
SC_RS19215,0,False,[],False
SC_RS19220,0,False,[],False
SC_RS19225,0,False,[],False
SC_RS19230,0,False,[],False
SC_RS19235,0,False,[],False
SC_RS19240,0,False,[],False
SC_RS19245,0,False,[],False
SC_RS19255,0,False,[],False
SC_RS19260,0,False,[],False
SC_RS19265,0,False,[],False
SC_RS19270,0,False,[],False
SC_RS19275,0,False,[],False
SC_RS19280,0,False,[],False
SC_RS19285,0,False,[],False
SC_RS19290,0,False,[],False
SC_RS19295,0,False,[],False
SC_RS19300,0,False,[],False
SC_RS19305,0,False,[],False
SC_RS19310,0,False,[],False
SC_RS19315,0,False,[],False
SC_RS19320,0,False,[],False
SC_RS19325,0,False,[],False
SC_RS19330,0,False,[],False
SC_RS19335,0,False,[],False
SC_RS19340,0,False,[],False
SC_RS19345,0,False,[],False
SC_RS19350,0,False,[],False
SC_RS19355,0,False,[],False
SC_RS19360,0,False,[],False
SC_RS19365,0,False,[],False
SC_RS19370,0,False,[],False
SC_RS19375,0,False,[],False
SC_RS19380,0,False,[],False
SC_RS19385,0,False,[],False
SC_RS19390,0,False,[],False
SC_RS19395,0,False,[],False
SC_RS19400,0,False,[],False
SC_RS19405,0,False,[],False
SC_RS19410,0,False,[],False
SC_RS19415,0,False,[],False
SC_RS19420,0,False,[],True
SC_RS19425,0,False,[],True
SC_RS19430,0,False,[],False
SC_RS19435,0,False,[],False
SC_RS19440,0,False,[],False
SC_RS19445,0,False,[],False
SC_RS19450,0,False,[],False
SC_RS19455,0,False,[],False
SC_RS19460,0,False,[],False
SC_RS19465,0,False,[],False
SC_RS19470,0,False,[],False
SC_RS19475,0,False,[],False
SC_RS19480,0,False,[],False
SC_RS19485,0,False,[],False
SC_RS19490,0,False,[],False
SC_RS19495,1,True,[-7],False
SC_RS19500,0,False,[],False
SC_RS19505,0,False,[],False
SC_RS19510,0,False,[],False
SC_RS19515,0,False,[],False
SC_RS19520,0,False,[],False
SC_RS19525,0,False,[],False
SC_RS19530,0,False,[],False
SC_RS19535,0,False,[],False
SC_RS19540,0,False,[],False
SC_RS19545,0,False,[],False
SC_RS19550,0,False,[],False
SC_RS19555,0,False,[],False
SC_RS19560,0,False,[],False
SC_RS19570,1,True,[-132],False
SC_RS19575,0,False,[],False
SC_RS19580,0,False,[],False
SC_RS19585,0,False,[],False
SC_RS19590,0,False,[],False
SC_RS19595,0,False,[],False
SC_RS19600,0,False,[],False
SC_RS19605,0,False,[],True
SC_RS19610,0,False,[],False
SC_RS19615,0,False,[],False
SC_RS19620,0,False,[],False
SC_RS19625,0,False,[],False
SC_RS19630,0,False,[],False
SC_RS19635,0,False,[],False
SC_RS19640,0,False,[],False
SC_RS19645,0,False,[],False
SC_RS19650,0,False,[],False
SC_RS19655,0,False,[],False
SC_RS19660,0,False,[],False
SC_RS19665,0,False,[],False
SC_RS19670,0,False,[],False
SC_RS19675,0,False,[],False
SC_RS19680,1,True,[-37],False
SC_RS19685,0,False,[],False
SC_RS19690,0,False,[],False
SC_RS19695,0,False,[],True
SC_RS19700,0,False,[],False
SC_RS19705,0,False,[],False
SC_RS19710,0,False,[],False
SC_RS19715,0,False,[],False
SC_RS19720,0,False,[],False
SC_RS19725,0,False,[],False
SC_RS19730,0,False,[],False
SC_RS19735,0,False,[],False
SC_RS19740,0,False,[],False
SC_RS19745,0,False,[],False
SC_RS19750,0,False,[],False
SC_RS19755,0,False,[],False
SC_RS19760,0,False,[],False
SC_RS19770,0,False,[],False
SC_RS19775,0,False,[],False
SC_RS19780,0,False,[],False
SC_RS19785,0,False,[],False
SC_RS19790,0,False,[],False
SC_RS19795,0,False,[],False
SC_RS19800,0,False,[],False
SC_RS19810,0,False,[],False
SC_RS19820,0,False,[],False
SC_RS19825,0,False,[],False
SC_RS19830,0,False,[],False
SC_RS19835,1,True,[-106],True
SC_RS19840,0,False,[],False
SC_RS19845,0,False,[],False
SC_RS19850,1,True,[-133],False
SC_RS19855,0,False,[],False
SC_RS19860,0,False,[],False
SC_RS19865,0,False,[],False
SC_RS19870,0,False,[],False
SC_RS19875,0,False,[],False
SC_RS19880,0,False,[],False
SC_RS19885,0,False,[],False
SC_RS19890,0,False,[],False
SC_RS19895,0,False,[],False
SC_RS19900,0,False,[],False
SC_RS19905,0,False,[],False
SC_RS19910,0,False,[],False
SC_RS19915,0,False,[],False
SC_RS19920,0,False,[],True
SC_RS19925,0,False,[],False
SC_RS19930,0,False,[],False
SC_RS19935,0,False,[],False
SC_RS19940,0,False,[],False
SC_RS19945,0,False,[],False
SC_RS19950,0,False,[],False
SC_RS19955,0,False,[],True
SC_RS19960,0,False,[],False
SC_RS19965,0,False,[],False
SC_RS19970,0,False,[],False
SC_RS19975,0,False,[],False
SC_RS19980,0,False,[],False
SC_RS19985,0,False,[],False
SC_RS19990,0,False,[],False
SC_RS19995,0,False,[],False
SC_RS20000,0,False,[],False
SC_RS20005,0,False,[],False
SC_RS20010,0,False,[],False
SC_RS20015,0,False,[],False
SC_RS20020,0,False,[],False
SC_RS20025,0,False,[],True
SC_RS20030,0,False,[],False
SC_RS20035,0,False,[],False
SC_RS20040,0,False,[],True
SC_RS20045,0,False,[],False
SC_RS20050,0,False,[],True
SC_RS20055,0,False,[],False
SC_RS20065,0,False,[],False
SC_RS20070,0,False,[],False
SC_RS20075,0,False,[],False
SC_RS20080,0,False,[],False
SC_RS20085,0,False,[],False
SC_RS20090,0,False,[],False
SC_RS20095,0,False,[],False
SC_RS20100,0,False,[],False
SC_RS20105,0,False,[],False
SC_RS20110,0,False,[],False
SC_RS20115,0,False,[],False
SC_RS20120,0,False,[],False
SC_RS20125,0,False,[],False
SC_RS20130,0,False,[],False
SC_RS20135,0,False,[],True
SC_RS20140,0,False,[],False
SC_RS20145,0,False,[],False
SC_RS20150,0,False,[],False
SC_RS20155,0,False,[],False
SC_RS20160,0,False,[],False
SC_RS20165,0,False,[],True
SC_RS20170,0,False,[],False
SC_RS20175,0,False,[],False
SC_RS20180,0,False,[],False
SC_RS20185,0,False,[],False
SC_RS20190,0,False,[],False
SC_RS20195,0,False,[],False
SC_RS20200,0,False,[],False
SC_RS20205,0,False,[],False
SC_RS20210,0,False,[],False
SC_RS20215,0,False,[],False
SC_RS20220,0,False,[],False
SC_RS20225,0,False,[],False
SC_RS20230,0,False,[],False
SC_RS20235,0,False,[],False
SC_RS20240,0,False,[],False
SC_RS20245,0,False,[],False
SC_RS20250,0,False,[],False
SC_RS20255,0,False,[],False
SC_RS20260,0,False,[],False
SC_RS20265,0,False,[],False
SC_RS20270,0,False,[],True
SC_RS20275,0,False,[],False
SC_RS20280,0,False,[],False
SC_RS20285,0,False,[],False
SC_RS20290,0,False,[],False
SC_RS20295,0,False,[],False
SC_RS20300,0,False,[],False
SC_RS20305,0,False,[],False
SC_RS20310,0,False,[],False
SC_RS20315,0,False,[],False
SC_RS20320,0,False,[],True
SC_RS20325,0,False,[],False
SC_RS20330,0,False,[],False
SC_RS20335,0,False,[],False
SC_RS20340,0,False,[],False
SC_RS20345,0,False,[],True
SC_RS20350,0,False,[],False
SC_RS20355,0,False,[],False
SC_RS20360,0,False,[],True
SC_RS20365,0,False,[],False
SC_RS20370,0,False,[],False
SC_RS20375,0,False,[],False
SC_RS20380,0,False,[],True
SC_RS20385,0,False,[],False
SC_RS20390,1,True,[-259],True
SC_RS20395,0,False,[],False
SC_RS20400,0,False,[],False
SC_RS20405,0,False,[],False
SC_RS20410,0,False,[],False
SC_RS20415,0,False,[],False
SC_RS20420,0,False,[],False
SC_RS20425,0,False,[],False
SC_RS20430,0,False,[],False
SC_RS20435,0,False,[],False
SC_RS20440,0,False,[],False
SC_RS20445,0,False,[],False
SC_RS20450,0,False,[],False
SC_RS20455,0,False,[],False
SC_RS20460,0,False,[],False
SC_RS20465,0,False,[],False
SC_RS20470,0,False,[],False
SC_RS20475,0,False,[],False
SC_RS20480,0,False,[],False
SC_RS20485,1,True,[30],False
SC_RS20490,0,False,[],False
SC_RS20495,0,False,[],False
SC_RS20500,0,False,[],False
SC_RS20505,0,False,[],False
SC_RS20510,0,False,[],False
SC_RS20515,0,False,[],False
SC_RS20520,0,False,[],False
SC_RS20525,0,False,[],False
SC_RS20530,0,False,[],False
SC_RS20535,0,False,[],False
SC_RS20540,0,False,[],False
SC_RS20545,0,False,[],False
SC_RS20550,0,False,[],False
SC_RS20555,0,False,[],False
SC_RS20560,0,False,[],False
SC_RS20565,0,False,[],False
SC_RS20570,0,False,[],False
SC_RS20575,0,False,[],False
SC_RS20580,0,False,[],False
SC_RS20585,0,False,[],False
SC_RS20590,0,False,[],False
SC_RS20595,0,False,[],False
SC_RS20600,0,False,[],False
SC_RS20605,0,False,[],False
SC_RS20615,0,False,[],False
SC_RS20625,0,False,[],True
SC_RS20630,0,False,[],False
SC_RS20635,0,False,[],False
SC_RS20645,1,True,[-134],True
SC_RS20650,0,False,[],False
SC_RS20655,0,False,[],False
SC_RS20660,0,False,[],False
SC_RS20665,0,False,[],False
SC_RS20670,0,False,[],False
SC_RS20675,0,False,[],False
SC_RS20680,0,False,[],False
SC_RS20685,0,False,[],False
SC_RS20690,0,False,[],False
SC_RS20695,0,False,[],False
SC_RS20705,0,False,[],False
SC_RS20715,0,False,[],False
SC_RS20720,0,False,[],True
SC_RS20725,0,False,[],False
SC_RS20730,0,False,[],False
SC_RS20735,0,False,[],False
SC_RS20740,0,False,[],False
SC_RS20745,0,False,[],False
SC_RS20750,0,False,[],False
SC_RS20755,0,False,[],False
SC_RS20760,0,False,[],False
SC_RS20765,0,False,[],False
SC_RS20770,0,False,[],False
SC_RS20775,0,False,[],False
SC_RS20780,0,False,[],False
SC_RS20785,0,False,[],False
SC_RS20790,0,False,[],False
SC_RS20795,0,False,[],True
SC_RS20800,0,False,[],False
SC_RS20805,0,False,[],False
SC_RS20810,0,False,[],False
SC_RS20815,0,False,[],False
SC_RS20820,0,False,[],False
SC_RS20825,0,False,[],False
SC_RS20830,0,False,[],False
SC_RS20835,0,False,[],False
SC_RS20840,0,False,[],False
SC_RS20845,0,False,[],False
SC_RS20850,0,False,[],False
SC_RS20855,1,True,[34],False
SC_RS20860,1,True,[-154],True
SC_RS20865,0,False,[],False
SC_RS20870,0,False,[],False
SC_RS20875,0,False,[],False
SC_RS20880,0,False,[],False
SC_RS20885,0,False,[],False
SC_RS20890,0,False,[],False
SC_RS20895,0,False,[],True
SC_RS20900,0,False,[],False
SC_RS20905,0,False,[],False
SC_RS20910,0,False,[],False
SC_RS20915,1,True,[-106],True
SC_RS20920,0,False,[],False
SC_RS20925,1,True,[-91],True
SC_RS20930,0,False,[],False
SC_RS20935,0,False,[],False
SC_RS20940,0,False,[],True
SC_RS20945,0,False,[],False
SC_RS20950,0,False,[],False
SC_RS20955,0,False,[],False
SC_RS20960,1,True,[-244],True
SC_RS20965,0,False,[],False
SC_RS20970,0,False,[],False
SC_RS20975,0,False,[],False
SC_RS20980,0,False,[],False
SC_RS20985,0,False,[],True
SC_RS20990,0,False,[],False
SC_RS20995,0,False,[],False
SC_RS21000,0,False,[],False
SC_RS21005,0,False,[],False
SC_RS21010,0,False,[],False
SC_RS21015,0,False,[],False
SC_RS21020,0,False,[],False
SC_RS21025,0,False,[],False
SC_RS21030,0,False,[],False
SC_RS21035,0,False,[],False
SC_RS21040,0,False,[],False
SC_RS21045,0,False,[],False
SC_RS21050,0,False,[],False
SC_RS21055,0,False,[],False
SC_RS21060,0,False,[],False
SC_RS21065,0,False,[],False
SC_RS21070,0,False,[],False
SC_RS21075,0,False,[],False
SC_RS21080,0,False,[],True
SC_RS21085,0,False,[],False
SC_RS21095,0,False,[],False
SC_RS21100,0,False,[],False
SC_RS21105,0,False,[],False
SC_RS21110,0,False,[],False
SC_RS21115,1,True,[-77],False
SC_RS21120,0,False,[],False
SC_RS21125,0,False,[],True
SC_RS21130,1,True,[-81],True
SC_RS21135,0,False,[],False
SC_RS21140,0,False,[],False
SC_RS21145,0,False,[],False
SC_RS21150,0,False,[],False
SC_RS21155,0,False,[],False
SC_RS21160,0,False,[],False
SC_RS21165,0,False,[],False
SC_RS21170,0,False,[],False
SC_RS21175,0,False,[],False
SC_RS21180,0,False,[],False
SC_RS21185,0,False,[],True
SC_RS21190,0,False,[],True
SC_RS21195,0,False,[],False
SC_RS21200,0,False,[],False
SC_RS21205,0,False,[],False
SC_RS21210,0,False,[],False
SC_RS21215,0,False,[],False
SC_RS21220,0,False,[],False
SC_RS21225,0,False,[],False
SC_RS21230,0,False,[],False
SC_RS21235,0,False,[],False
SC_RS21240,0,False,[],False
SC_RS21245,0,False,[],False
SC_RS21250,0,False,[],False
SC_RS21255,0,False,[],False
SC_RS21260,0,False,[],False
SC_RS21265,1,True,[-50],False
SC_RS21270,0,False,[],False
SC_RS21275,0,False,[],False
SC_RS21280,0,False,[],True
SC_RS21285,0,False,[],False
SC_RS21290,0,False,[],False
SC_RS21295,0,False,[],False
SC_RS21300,0,False,[],False
SC_RS21305,0,False,[],False
SC_RS21310,0,False,[],False
SC_RS21315,0,False,[],False
SC_RS21320,0,False,[],False
SC_RS21325,0,False,[],False
SC_RS21330,0,False,[],False
SC_RS21335,0,False,[],False
SC_RS21340,0,False,[],True
SC_RS21345,1,True,[-22],True
SC_RS21350,0,False,[],False
SC_RS21355,0,False,[],False
SC_RS21360,0,False,[],False
SC_RS21365,0,False,[],False
SC_RS21370,0,False,[],False
SC_RS21375,0,False,[],False
SC_RS21380,0,False,[],False
SC_RS21385,0,False,[],False
SC_RS21390,0,False,[],False
SC_RS21395,0,False,[],False
SC_RS21400,0,False,[],False
SC_RS21405,0,False,[],False
SC_RS21410,0,False,[],False
SC_RS21415,0,False,[],False
SC_RS21420,0,False,[],False
SC_RS21425,0,False,[],False
SC_RS21430,0,False,[],False
SC_RS21435,0,False,[],False
SC_RS21440,0,False,[],False
SC_RS21445,0,False,[],False
SC_RS21450,0,False,[],False
SC_RS21455,0,False,[],False
SC_RS21460,0,False,[],False
SC_RS21465,0,False,[],False
SC_RS21470,0,False,[],False
SC_RS21475,0,False,[],False
SC_RS21480,0,False,[],False
SC_RS21485,0,False,[],False
SC_RS21490,0,False,[],True
SC_RS21495,0,False,[],False
SC_RS21500,0,False,[],False
SC_RS21505,0,False,[],False
SC_RS21510,0,False,[],False
SC_RS21515,0,False,[],False
SC_RS21520,0,False,[],False
SC_RS21525,0,False,[],False
SC_RS21530,0,False,[],False
SC_RS21535,0,False,[],False
SC_RS21540,0,False,[],False
SC_RS21545,0,False,[],False
SC_RS21550,0,False,[],False
SC_RS21555,0,False,[],False
SC_RS21560,0,False,[],False
SC_RS21565,1,True,[-219],True
SC_RS21570,0,False,[],True
SC_RS21575,0,False,[],False
SC_RS21580,0,False,[],False
SC_RS21585,1,True,[-112],False
SC_RS21590,0,False,[],True
SC_RS21595,0,False,[],False
SC_RS21600,1,True,[-134],False
SC_RS21605,0,False,[],False
SC_RS21610,0,False,[],False
SC_RS21615,0,False,[],False
SC_RS21620,1,True,[-123],True
SC_RS21625,1,True,[-109],True
SC_RS21630,0,False,[],False
SC_RS21635,0,False,[],False
SC_RS21640,0,False,[],False
SC_RS21645,0,False,[],False
SC_RS21650,0,False,[],False
SC_RS21655,0,False,[],False
SC_RS21660,0,False,[],False
SC_RS21665,0,False,[],False
SC_RS21670,0,False,[],False
SC_RS21675,0,False,[],False
SC_RS21680,1,True,[-209],True
SC_RS21685,0,False,[],False
SC_RS21690,0,False,[],False
SC_RS21695,1,True,[-190],False
SC_RS21700,1,True,[-276],False
SC_RS21705,0,False,[],False
SC_RS21710,0,False,[],False
SC_RS21715,0,False,[],False
SC_RS21720,0,False,[],False
SC_RS21725,0,False,[],False
SC_RS21730,0,False,[],False
SC_RS21735,0,False,[],False
SC_RS21740,0,False,[],False
SC_RS21745,0,False,[],False
SC_RS21750,0,False,[],False
SC_RS21755,1,True,[-158],True
SC_RS21760,0,False,[],False
SC_RS21765,0,False,[],False
SC_RS21770,0,False,[],False
SC_RS21775,0,False,[],False
SC_RS21780,0,False,[],False
SC_RS21785,0,False,[],False
SC_RS21790,0,False,[],False
SC_RS21795,0,False,[],False
SC_RS21800,0,False,[],False
SC_RS21805,0,False,[],False
SC_RS21810,0,False,[],False
SC_RS21815,0,False,[],False
SC_RS21820,0,False,[],False
SC_RS21825,0,False,[],False
SC_RS21830,0,False,[],False
SC_RS21835,0,False,[],False
SC_RS21840,0,False,[],False
SC_RS21845,0,False,[],False
SC_RS21850,0,False,[],False
SC_RS21855,0,False,[],False
SC_RS21860,0,False,[],False
SC_RS21865,0,False,[],False
SC_RS21870,0,False,[],False
SC_RS21875,0,False,[],False
SC_RS21880,0,False,[],True
SC_RS21885,0,False,[],False
SC_RS21890,0,False,[],False
SC_RS21895,0,False,[],False
SC_RS21900,0,False,[],False
SC_RS21905,0,False,[],False
SC_RS21910,0,False,[],False
SC_RS21915,0,False,[],False
SC_RS21920,0,False,[],False
SC_RS21925,0,False,[],False
SC_RS21930,0,False,[],False
SC_RS21935,0,False,[],False
SC_RS21940,0,False,[],False
SC_RS21945,0,False,[],False
SC_RS21950,0,False,[],False
SC_RS21955,0,False,[],False
SC_RS21960,0,False,[],False
SC_RS21965,0,False,[],False
SC_RS21970,0,False,[],True
SC_RS21975,0,False,[],False
SC_RS21980,0,False,[],False
SC_RS21985,0,False,[],False
SC_RS21990,0,False,[],False
SC_RS21995,0,False,[],False
SC_RS22000,0,False,[],False
SC_RS22005,0,False,[],False
SC_RS22010,0,False,[],True
SC_RS22015,0,False,[],False
SC_RS22020,0,False,[],False
SC_RS22025,0,False,[],False
SC_RS22030,0,False,[],False
SC_RS22035,0,False,[],False
SC_RS22040,0,False,[],False
SC_RS22045,0,False,[],False
SC_RS22050,1,True,[-262],True
SC_RS22055,0,False,[],False
SC_RS22060,1,True,[-115],False
SC_RS22065,0,False,[],False
SC_RS22070,0,False,[],False
SC_RS22075,0,False,[],False
SC_RS22080,0,False,[],False
SC_RS22085,0,False,[],False
SC_RS22090,0,False,[],False
SC_RS22100,0,False,[],False
SC_RS22105,0,False,[],False
SC_RS22110,0,False,[],False
SC_RS22115,0,False,[],False
SC_RS22120,0,False,[],False
SC_RS22125,0,False,[],False
SC_RS22130,0,False,[],False
SC_RS22135,1,True,[-211],False
SC_RS22140,0,False,[],False
SC_RS22145,0,False,[],False
SC_RS22150,0,False,[],False
SC_RS22155,0,False,[],False
SC_RS22160,0,False,[],False
SC_RS22165,0,False,[],False
SC_RS22170,0,False,[],False
SC_RS22175,0,False,[],False
SC_RS22180,0,False,[],False
SC_RS22185,0,False,[],False
SC_RS22190,0,False,[],False
SC_RS22195,1,True,[-293],False
SC_RS22200,0,False,[],False
SC_RS22205,0,False,[],False
SC_RS22210,0,False,[],False
SC_RS22215,0,False,[],False
SC_RS22220,0,False,[],False
SC_RS22225,1,True,[-14],True
SC_RS22230,0,False,[],True
SC_RS22235,0,False,[],False
SC_RS22240,0,False,[],False
SC_RS22245,0,False,[],False
SC_RS22250,0,False,[],False
SC_RS22255,1,True,[-31],False
SC_RS22260,1,True,[-204],False
SC_RS22265,0,False,[],False
SC_RS22270,0,False,[],False
SC_RS22275,0,False,[],False
SC_RS22280,0,False,[],False
SC_RS22285,0,False,[],False
SC_RS22290,0,False,[],False
SC_RS22295,0,False,[],False
SC_RS22300,0,False,[],False
SC_RS22305,0,False,[],False
SC_RS22310,0,False,[],False
SC_RS22315,0,False,[],False
SC_RS22320,0,False,[],False
SC_RS22325,0,False,[],False
SC_RS22330,0,False,[],False
SC_RS22335,0,False,[],False
SC_RS22340,0,False,[],False
SC_RS22345,0,False,[],False
SC_RS22350,0,False,[],False
SC_RS22355,0,False,[],False
SC_RS22360,0,False,[],False
SC_RS22365,0,False,[],False
SC_RS22370,0,False,[],False
SC_RS22375,0,False,[],False
SC_RS22380,0,False,[],False
SC_RS22385,1,True,[-97],False
SC_RS22390,0,False,[],True
SC_RS22395,0,False,[],False
SC_RS22400,0,False,[],False
SC_RS22405,0,False,[],False
SC_RS22410,0,False,[],False
SC_RS22415,0,False,[],False
SC_RS22420,0,False,[],False
SC_RS22425,0,False,[],False
SC_RS22435,0,False,[],False
SC_RS22440,0,False,[],False
SC_RS22445,0,False,[],False
SC_RS22450,0,False,[],False
SC_RS22455,0,False,[],False
SC_RS22460,0,False,[],False
SC_RS22465,1,True,[-46],False
SC_RS22470,0,False,[],False
SC_RS22475,0,False,[],False
SC_RS22480,1,True,[18],True
SC_RS22485,0,False,[],False
SC_RS22490,0,False,[],False
SC_RS22495,0,False,[],False
SC_RS22500,0,False,[],False
SC_RS22505,0,False,[],False
SC_RS22510,0,False,[],False
SC_RS22515,0,False,[],False
SC_RS22520,0,False,[],False
SC_RS22525,0,False,[],False
SC_RS22530,0,False,[],False
SC_RS22535,0,False,[],False
SC_RS22540,0,False,[],False
SC_RS22545,0,False,[],False
SC_RS22550,0,False,[],False
SC_RS22555,0,False,[],True
SC_RS22560,0,False,[],False
SC_RS22565,0,False,[],False
SC_RS22570,0,False,[],False
SC_RS22575,0,False,[],False
SC_RS22580,0,False,[],False
SC_RS22585,0,False,[],False
SC_RS22590,0,False,[],False
SC_RS22595,0,False,[],False
SC_RS22600,0,False,[],False
SC_RS22605,0,False,[],False
SC_RS22610,0,False,[],False
SC_RS22615,0,False,[],False
SC_RS22620,0,False,[],False
SC_RS22625,0,False,[],False
SC_RS22630,0,False,[],False
SC_RS22635,0,False,[],False
SC_RS22640,0,False,[],False
SC_RS22645,0,False,[],False
SC_RS22650,0,False,[],False
SC_RS22655,0,False,[],False
SC_RS22660,0,False,[],False
SC_RS22665,0,False,[],False
SC_RS22670,0,False,[],False
SC_RS22675,0,False,[],False
SC_RS22680,0,False,[],False
SC_RS22685,0,False,[],False
SC_RS22690,0,False,[],False
SC_RS22695,0,False,[],False
SC_RS22700,0,False,[],False
SC_RS22705,0,False,[],True
SC_RS22710,0,False,[],False
SC_RS22715,0,False,[],False
SC_RS22720,0,False,[],False
SC_RS22725,0,False,[],False
SC_RS22730,0,False,[],False
SC_RS22735,0,False,[],False
SC_RS22740,0,False,[],False
SC_RS22745,0,False,[],False
SC_RS22750,0,False,[],False
SC_RS22755,0,False,[],False
SC_RS22760,0,False,[],False
SC_RS22765,0,False,[],False
SC_RS22770,0,False,[],False
SC_RS22775,0,False,[],False
SC_RS22780,0,False,[],True
SC_RS22785,0,False,[],False
SC_RS22790,0,False,[],False
SC_RS22795,0,False,[],False
SC_RS22800,0,False,[],False
SC_RS22805,0,False,[],True
SC_RS22810,0,False,[],False
SC_RS22815,0,False,[],False
SC_RS22820,0,False,[],False
SC_RS22825,0,False,[],True
SC_RS22830,0,False,[],False
SC_RS22835,0,False,[],False
SC_RS22840,0,False,[],False
SC_RS22845,0,False,[],False
SC_RS22850,0,False,[],False
SC_RS22855,0,False,[],True
SC_RS22860,0,False,[],False
SC_RS22865,0,False,[],False
SC_RS22870,0,False,[],False
SC_RS22875,0,False,[],False
SC_RS22880,0,False,[],False
SC_RS22885,0,False,[],False
SC_RS22890,0,False,[],False
SC_RS22895,0,False,[],True
SC_RS22900,0,False,[],False
SC_RS22905,0,False,[],False
SC_RS22910,0,False,[],True
SC_RS22915,0,False,[],True
SC_RS22920,0,False,[],False
SC_RS22925,0,False,[],False
SC_RS22930,0,False,[],False
SC_RS22935,0,False,[],False
SC_RS22940,0,False,[],False
SC_RS22945,0,False,[],False
SC_RS22950,0,False,[],False
SC_RS22955,0,False,[],False
SC_RS22960,0,False,[],False
SC_RS22965,0,False,[],False
SC_RS22970,0,False,[],False
SC_RS22975,1,True,[-57],True
SC_RS22980,1,True,[-177],False
SC_RS22985,0,False,[],False
SC_RS22990,0,False,[],False
SC_RS22995,0,False,[],False
SC_RS23000,0,False,[],False
SC_RS23005,0,False,[],False
SC_RS23010,0,False,[],False
SC_RS23015,2,True,"[-35, 42]",True
SC_RS23020,0,False,[],False
SC_RS23025,0,False,[],False
SC_RS23030,0,False,[],False
SC_RS23035,0,False,[],False
SC_RS23040,0,False,[],False
SC_RS23045,0,False,[],False
SC_RS23050,0,False,[],False
SC_RS23055,0,False,[],False
SC_RS23060,0,False,[],False
SC_RS23065,1,True,[-106],False
SC_RS23070,1,True,[-72],True
SC_RS23075,0,False,[],False
SC_RS23080,0,False,[],False
SC_RS23085,0,False,[],False
SC_RS23090,0,False,[],False
SC_RS23095,0,False,[],False
SC_RS23100,0,False,[],False
SC_RS23105,0,False,[],False
SC_RS23110,0,False,[],False
SC_RS23115,0,False,[],False
SC_RS23120,0,False,[],False
SC_RS23125,0,False,[],False
SC_RS23130,0,False,[],False
SC_RS23135,0,False,[],False
SC_RS23140,0,False,[],False
SC_RS23145,0,False,[],False
SC_RS23150,0,False,[],False
SC_RS23155,0,False,[],False
SC_RS23160,0,False,[],False
SC_RS23165,0,False,[],False
SC_RS23170,0,False,[],False
SC_RS23175,0,False,[],False
SC_RS23180,0,False,[],False
SC_RS23185,1,True,[-281],True
SC_RS23190,0,False,[],False
SC_RS23195,0,False,[],True
SC_RS23200,0,False,[],False
SC_RS23205,0,False,[],False
SC_RS23210,0,False,[],False
SC_RS23215,0,False,[],False
SC_RS23220,0,False,[],False
SC_RS23225,0,False,[],False
SC_RS23230,0,False,[],False
SC_RS23235,0,False,[],False
SC_RS23245,0,False,[],False
SC_RS23250,0,False,[],False
SC_RS23255,0,False,[],False
SC_RS23260,0,False,[],False
SC_RS23265,0,False,[],False
SC_RS23270,0,False,[],False
SC_RS23275,0,False,[],False
SC_RS23280,0,False,[],False
SC_RS23285,0,False,[],False
SC_RS23290,0,False,[],False
SC_RS23295,0,False,[],False
SC_RS23300,0,False,[],False
SC_RS23305,0,False,[],True
SC_RS23310,0,False,[],False
SC_RS23315,1,True,[-262],True
SC_RS23320,1,True,[21],True
SC_RS23325,0,False,[],False
SC_RS23330,0,False,[],False
SC_RS23335,0,False,[],False
SC_RS23340,0,False,[],False
SC_RS23345,0,False,[],False
SC_RS23350,0,False,[],False
SC_RS23355,0,False,[],True
SC_RS23360,0,False,[],False
SC_RS23365,0,False,[],False
SC_RS23370,0,False,[],False
SC_RS23375,0,False,[],False
SC_RS23380,0,False,[],False
SC_RS23385,0,False,[],False
SC_RS23390,1,True,[-277],False
SC_RS23395,0,False,[],False
SC_RS23400,0,False,[],False
SC_RS23405,1,True,[-60],True
SC_RS23410,0,False,[],False
SC_RS23415,0,False,[],False
SC_RS23420,0,False,[],True
SC_RS23425,0,False,[],False
SC_RS23430,1,True,[-43],True
SC_RS23435,0,False,[],False
SC_RS23440,0,False,[],False
SC_RS23445,0,False,[],False
SC_RS23450,1,True,[-121],True
SC_RS23455,0,False,[],False
SC_RS23460,0,False,[],False
SC_RS23465,0,False,[],False
SC_RS23470,0,False,[],False
SC_RS23475,0,False,[],False
SC_RS23480,0,False,[],False
SC_RS23485,0,False,[],False
SC_RS23490,0,False,[],False
SC_RS23495,0,False,[],False
SC_RS23500,0,False,[],False
SC_RS23505,0,False,[],False
SC_RS23510,0,False,[],True
SC_RS23515,0,False,[],False
SC_RS23520,0,False,[],False
SC_RS23525,0,False,[],False
SC_RS23530,0,False,[],False
SC_RS23535,0,False,[],False
SC_RS23540,0,False,[],False
SC_RS23545,0,False,[],False
SC_RS23550,0,False,[],False
SC_RS23555,0,False,[],False
SC_RS23560,0,False,[],False
SC_RS23565,0,False,[],False
SC_RS23570,0,False,[],False
SC_RS23575,0,False,[],False
SC_RS23580,0,False,[],True
SC_RS23585,1,True,[-151],False
SC_RS23590,1,True,[-191],True
SC_RS23595,0,False,[],False
SC_RS23600,0,False,[],False
SC_RS23605,0,False,[],False
SC_RS23610,0,False,[],False
SC_RS23615,0,False,[],False
SC_RS23620,0,False,[],False
SC_RS23625,0,False,[],False
SC_RS23630,0,False,[],False
SC_RS23635,0,False,[],False
SC_RS23640,0,False,[],False
SC_RS23645,0,False,[],True
SC_RS23650,0,False,[],False
SC_RS23655,0,False,[],True
SC_RS23660,0,False,[],False
SC_RS23665,0,False,[],False
SC_RS23670,0,False,[],False
SC_RS23675,0,False,[],False
SC_RS23680,0,False,[],False
SC_RS23685,0,False,[],False
SC_RS23690,0,False,[],False
SC_RS23695,0,False,[],False
SC_RS23700,0,False,[],False
SC_RS23705,0,False,[],False
SC_RS23710,0,False,[],False
SC_RS23715,0,False,[],True
SC_RS23720,0,False,[],False
SC_RS23725,0,False,[],True
SC_RS23730,0,False,[],False
SC_RS23735,0,False,[],True
SC_RS23740,0,False,[],False
SC_RS23745,0,False,[],False
SC_RS23750,0,False,[],False
SC_RS23755,0,False,[],True
SC_RS23760,0,False,[],False
SC_RS23765,0,False,[],False
SC_RS23770,0,False,[],False
SC_RS23780,0,False,[],False
SC_RS23785,0,False,[],False
SC_RS23790,0,False,[],False
SC_RS23795,0,False,[],True
SC_RS23800,0,False,[],False
SC_RS23805,0,False,[],False
SC_RS23810,0,False,[],False
SC_RS23815,0,False,[],False
SC_RS23820,0,False,[],False
SC_RS23825,0,False,[],False
SC_RS23830,0,False,[],False
SC_RS23835,0,False,[],False
SC_RS23840,0,False,[],True
SC_RS23845,0,False,[],False
SC_RS23850,0,False,[],False
SC_RS23855,0,False,[],False
SC_RS23860,0,False,[],False
SC_RS23865,0,False,[],False
SC_RS23870,0,False,[],False
SC_RS23880,0,False,[],False
SC_RS23885,0,False,[],False
SC_RS23895,0,False,[],False
SC_RS23900,0,False,[],False
SC_RS23905,1,True,[-98],True
SC_RS23910,0,False,[],False
SC_RS23915,0,False,[],False
SC_RS23920,0,False,[],False
SC_RS23925,0,False,[],False
SC_RS23930,0,False,[],False
SC_RS23940,0,False,[],False
SC_RS23945,0,False,[],False
SC_RS23950,0,False,[],False
SC_RS23955,0,False,[],False
SC_RS23960,0,False,[],False
SC_RS23965,0,False,[],False
SC_RS23970,0,False,[],False
SC_RS23975,0,False,[],False
SC_RS23980,0,False,[],False
SC_RS23985,0,False,[],False
SC_RS23990,0,False,[],False
SC_RS23995,0,False,[],False
SC_RS24000,1,True,[30],True
SC_RS24005,1,True,[-147],True
SC_RS24010,0,False,[],False
SC_RS24015,0,False,[],False
SC_RS24020,0,False,[],False
SC_RS24025,0,False,[],False
SC_RS24030,0,False,[],False
SC_RS24035,0,False,[],False
SC_RS24040,0,False,[],False
SC_RS24045,0,False,[],False
SC_RS24050,0,False,[],False
SC_RS24055,0,False,[],False
SC_RS24060,0,False,[],False
SC_RS24065,0,False,[],False
SC_RS24070,0,False,[],False
SC_RS24075,0,False,[],False
SC_RS24080,0,False,[],False
SC_RS24085,0,False,[],False
SC_RS24090,0,False,[],False
SC_RS24095,0,False,[],False
SC_RS24100,0,False,[],False
SC_RS24105,0,False,[],False
SC_RS24110,0,False,[],False
SC_RS24115,0,False,[],False
SC_RS24120,0,False,[],False
SC_RS24125,0,False,[],False
SC_RS24130,0,False,[],False
SC_RS24135,0,False,[],False
SC_RS24140,0,False,[],False
SC_RS24145,0,False,[],False
SC_RS24150,0,False,[],False
SC_RS24155,0,False,[],True
SC_RS24160,0,False,[],False
SC_RS24165,0,False,[],False
SC_RS24170,0,False,[],False
SC_RS24175,0,False,[],True
SC_RS24180,0,False,[],False
SC_RS24185,0,False,[],False
SC_RS24190,0,False,[],False
SC_RS24195,0,False,[],False
SC_RS24200,0,False,[],False
SC_RS24205,0,False,[],False
SC_RS24210,0,False,[],False
SC_RS24215,0,False,[],False
SC_RS24220,0,False,[],False
SC_RS24225,0,False,[],False
SC_RS24230,0,False,[],False
SC_RS24235,0,False,[],False
SC_RS24240,0,False,[],False
SC_RS24245,0,False,[],False
SC_RS24250,0,False,[],False
SC_RS24255,0,False,[],False
SC_RS24260,0,False,[],False
SC_RS24265,0,False,[],False
SC_RS24270,0,False,[],False
SC_RS24275,0,False,[],False
SC_RS24280,0,False,[],False
SC_RS24285,0,False,[],False
SC_RS24290,0,False,[],False
SC_RS24295,0,False,[],False
SC_RS24300,0,False,[],False
SC_RS24305,0,False,[],False
SC_RS24310,0,False,[],False
SC_RS24315,0,False,[],False
SC_RS24320,0,False,[],False
SC_RS24325,0,False,[],False
SC_RS24330,0,False,[],False
SC_RS24335,0,False,[],True
SC_RS24340,0,False,[],False
SC_RS24345,0,False,[],False
SC_RS24350,0,False,[],False
SC_RS24355,0,False,[],False
SC_RS24360,0,False,[],False
SC_RS24365,0,False,[],False
SC_RS24370,1,True,[-171],True
SC_RS24375,0,False,[],False
SC_RS24380,0,False,[],True
SC_RS24385,0,False,[],True
SC_RS24390,0,False,[],False
SC_RS24395,0,False,[],False
SC_RS24400,0,False,[],False
SC_RS24405,0,False,[],False
SC_RS24410,0,False,[],False
SC_RS24415,0,False,[],False
SC_RS24420,0,False,[],False
SC_RS24425,0,False,[],False
SC_RS24430,0,False,[],False
SC_RS24435,0,False,[],False
SC_RS24440,0,False,[],False
SC_RS24445,0,False,[],False
SC_RS24450,0,False,[],False
SC_RS24455,0,False,[],False
SC_RS24460,0,False,[],False
SC_RS24465,0,False,[],False
SC_RS24470,0,False,[],False
SC_RS24475,0,False,[],False
SC_RS24480,0,False,[],True
SC_RS24485,0,False,[],False
SC_RS24490,0,False,[],False
SC_RS24495,0,False,[],False
SC_RS24500,0,False,[],False
SC_RS24505,0,False,[],False
SC_RS24510,0,False,[],False
SC_RS24515,0,False,[],False
SC_RS24520,1,True,[-209],True
SC_RS24525,0,False,[],False
SC_RS24530,0,False,[],False
SC_RS24535,0,False,[],True
SC_RS24540,0,False,[],False
SC_RS24545,0,False,[],False
SC_RS24550,0,False,[],False
SC_RS24555,0,False,[],False
SC_RS24560,0,False,[],False
SC_RS24565,0,False,[],False
SC_RS24570,0,False,[],False
SC_RS24575,0,False,[],False
SC_RS24580,0,False,[],False
SC_RS24585,0,False,[],False
SC_RS24590,0,False,[],False
SC_RS24595,0,False,[],False
SC_RS24600,0,False,[],False
SC_RS24605,0,False,[],False
SC_RS24610,0,False,[],False
SC_RS24615,0,False,[],False
SC_RS24620,0,False,[],False
SC_RS24630,0,False,[],False
SC_RS24635,0,False,[],True
SC_RS24640,0,False,[],False
SC_RS24645,0,False,[],False
SC_RS24650,0,False,[],False
SC_RS24655,0,False,[],False
SC_RS24660,0,False,[],False
SC_RS24665,0,False,[],False
SC_RS24670,0,False,[],False
SC_RS24675,0,False,[],False
SC_RS24680,0,False,[],False
SC_RS24685,0,False,[],False
SC_RS24690,0,False,[],False
SC_RS24695,0,False,[],False
SC_RS24700,1,True,[-119],True
SC_RS24705,0,False,[],False
SC_RS24710,0,False,[],False
SC_RS24715,0,False,[],False
SC_RS24720,0,False,[],False
SC_RS24725,1,True,[-243],True
SC_RS24730,0,False,[],False
SC_RS24735,0,False,[],False
SC_RS24740,0,False,[],False
SC_RS24745,0,False,[],False
SC_RS24750,0,False,[],False
SC_RS24755,0,False,[],False
SC_RS24760,0,False,[],False
SC_RS24770,0,False,[],False
SC_RS24775,0,False,[],False
SC_RS24780,0,False,[],False
SC_RS24785,0,False,[],False
SC_RS24790,0,False,[],True
SC_RS24795,0,False,[],True
SC_RS24800,0,False,[],False
SC_RS24805,0,False,[],False
SC_RS24810,0,False,[],False
SC_RS24815,1,True,[-136],True
SC_RS24820,0,False,[],False
SC_RS24825,0,False,[],False
SC_RS24830,0,False,[],False
SC_RS24835,0,False,[],False
SC_RS24840,0,False,[],True
SC_RS24845,0,False,[],False
SC_RS24850,0,False,[],False
SC_RS24855,0,False,[],False
SC_RS24860,0,False,[],False
SC_RS24865,0,False,[],False
SC_RS24870,0,False,[],False
SC_RS24875,0,False,[],False
SC_RS24880,0,False,[],False
SC_RS24885,0,False,[],False
SC_RS24890,0,False,[],False
SC_RS24895,0,False,[],False
SC_RS24900,0,False,[],False
SC_RS24905,0,False,[],False
SC_RS24910,0,False,[],False
SC_RS24915,0,False,[],False
SC_RS24920,0,False,[],False
SC_RS24925,0,False,[],False
SC_RS24930,0,False,[],False
SC_RS24935,0,False,[],False
SC_RS24940,1,True,[18],False
SC_RS24945,0,False,[],False
SC_RS24950,0,False,[],False
SC_RS24955,0,False,[],False
SC_RS24960,1,True,[-217],True
SC_RS24965,0,False,[],False
SC_RS24970,0,False,[],False
SC_RS24975,0,False,[],False
SC_RS24980,0,False,[],False
SC_RS24985,0,False,[],False
SC_RS24990,1,True,[-265],False
SC_RS24995,0,False,[],False
SC_RS25000,0,False,[],True
SC_RS25005,0,False,[],True
SC_RS25010,0,False,[],False
SC_RS25015,0,False,[],False
SC_RS25020,0,False,[],False
SC_RS25025,0,False,[],False
SC_RS25030,1,True,[-92],True
SC_RS25035,0,False,[],False
SC_RS25040,0,False,[],False
SC_RS25050,0,False,[],False
SC_RS25055,0,False,[],True
SC_RS25060,0,False,[],True
SC_RS25065,0,False,[],True
SC_RS25070,0,False,[],False
SC_RS25075,0,False,[],False
SC_RS25080,0,False,[],False
SC_RS25085,0,False,[],True
SC_RS25090,0,False,[],False
SC_RS25095,0,False,[],False
SC_RS25100,0,False,[],False
SC_RS25105,0,False,[],False
SC_RS25110,0,False,[],False
SC_RS25115,0,False,[],False
SC_RS25120,0,False,[],True
SC_RS25125,0,False,[],False
SC_RS25130,0,False,[],False
SC_RS25135,0,False,[],False
SC_RS25140,0,False,[],False
SC_RS25145,0,False,[],False
SC_RS25150,0,False,[],False
SC_RS25155,0,False,[],False
SC_RS25160,0,False,[],False
SC_RS25165,0,False,[],False
SC_RS25170,0,False,[],False
SC_RS25175,0,False,[],False
SC_RS25180,0,False,[],False
SC_RS25185,0,False,[],False
SC_RS25190,1,True,[-257],False
SC_RS25195,0,False,[],False
SC_RS25200,0,False,[],False
SC_RS25205,0,False,[],False
SC_RS25210,0,False,[],False
SC_RS25215,0,False,[],False
SC_RS25220,0,False,[],False
SC_RS25225,0,False,[],False
SC_RS25230,0,False,[],False
SC_RS25235,0,False,[],False
SC_RS25240,0,False,[],False
SC_RS25245,0,False,[],False
SC_RS25250,0,False,[],False
SC_RS25255,0,False,[],False
SC_RS25260,0,False,[],False
SC_RS25265,0,False,[],False
SC_RS25270,0,False,[],False
SC_RS25275,0,False,[],False
SC_RS25280,0,False,[],True
SC_RS25285,0,False,[],False
SC_RS25290,0,False,[],False
SC_RS25295,0,False,[],False
SC_RS25300,1,True,[-129],False
SC_RS25305,0,False,[],False
SC_RS25310,0,False,[],False
SC_RS25315,0,False,[],False
SC_RS25320,0,False,[],False
SC_RS25325,0,False,[],False
SC_RS25330,0,False,[],False
SC_RS25335,0,False,[],False
SC_RS25340,0,False,[],False
SC_RS25345,0,False,[],False
SC_RS25350,0,False,[],False
SC_RS25355,0,False,[],False
SC_RS25360,0,False,[],False
SC_RS25365,0,False,[],False
SC_RS25370,0,False,[],True
SC_RS25375,0,False,[],False
SC_RS25380,0,False,[],False
SC_RS25385,0,False,[],True
SC_RS25390,0,False,[],True
SC_RS25395,0,False,[],False
SC_RS25400,0,False,[],False
SC_RS25405,0,False,[],False
SC_RS25410,0,False,[],False
SC_RS25415,0,False,[],False
SC_RS25420,0,False,[],False
SC_RS25425,0,False,[],False
SC_RS25430,0,False,[],False
SC_RS25435,1,True,[-149],True
SC_RS25440,0,False,[],False
SC_RS25445,0,False,[],False
SC_RS25450,0,False,[],False
SC_RS25455,0,False,[],False
SC_RS25460,0,False,[],False
SC_RS25465,0,False,[],False
SC_RS25470,0,False,[],False
SC_RS25475,0,False,[],False
SC_RS25480,0,False,[],False
SC_RS25485,0,False,[],False
SC_RS25490,1,True,[-71],True
SC_RS25495,0,False,[],False
SC_RS25505,0,False,[],False
SC_RS25510,0,False,[],False
SC_RS25515,0,False,[],False
SC_RS25520,0,False,[],False
SC_RS25525,0,False,[],False
SC_RS25530,0,False,[],False
SC_RS25535,0,False,[],False
SC_RS25540,0,False,[],False
SC_RS25545,0,False,[],False
SC_RS25550,0,False,[],False
SC_RS25555,0,False,[],False
SC_RS25560,0,False,[],False
SC_RS25565,0,False,[],False
SC_RS25570,0,False,[],False
SC_RS25575,0,False,[],False
SC_RS25580,0,False,[],False
SC_RS25585,0,False,[],False
SC_RS25590,0,False,[],False
SC_RS25595,0,False,[],False
SC_RS25600,0,False,[],False
SC_RS25605,0,False,[],True
SC_RS25610,0,False,[],False
SC_RS25615,0,False,[],False
SC_RS25620,0,False,[],False
SC_RS25630,1,True,[-213],True
SC_RS25640,0,False,[],False
SC_RS25645,0,False,[],False
SC_RS25650,0,False,[],False
SC_RS25655,0,False,[],False
SC_RS25660,0,False,[],False
SC_RS25665,0,False,[],False
SC_RS25670,0,False,[],False
SC_RS25675,0,False,[],False
SC_RS25680,0,False,[],False
SC_RS25685,1,True,[-132],True
SC_RS25690,0,False,[],False
SC_RS25695,0,False,[],False
SC_RS25700,0,False,[],False
SC_RS25705,0,False,[],True
SC_RS25710,0,False,[],False
SC_RS25715,0,False,[],False
SC_RS25720,0,False,[],False
SC_RS25725,0,False,[],False
SC_RS25730,0,False,[],False
SC_RS25735,0,False,[],False
SC_RS25740,0,False,[],False
SC_RS25745,1,True,[-180],True
SC_RS25750,1,True,[-84],True
SC_RS25755,0,False,[],False
SC_RS25760,1,True,[-251],True
SC_RS25765,0,False,[],False
SC_RS25770,0,False,[],False
SC_RS25775,0,False,[],False
SC_RS25780,0,False,[],False
SC_RS25785,0,False,[],False
SC_RS25790,0,False,[],False
SC_RS25795,0,False,[],False
SC_RS25800,0,False,[],False
SC_RS25805,0,False,[],False
SC_RS25810,0,False,[],False
SC_RS25815,0,False,[],True
SC_RS25820,0,False,[],False
SC_RS25825,0,False,[],False
SC_RS25830,1,True,[18],True
SC_RS25835,0,False,[],False
SC_RS25840,0,False,[],False
SC_RS25845,0,False,[],False
SC_RS25850,0,False,[],False
SC_RS25855,0,False,[],False
SC_RS25860,0,False,[],False
SC_RS25865,0,False,[],False
SC_RS25870,0,False,[],False
SC_RS25875,0,False,[],False
SC_RS25880,0,False,[],False
SC_RS25885,0,False,[],False
SC_RS25890,0,False,[],True
SC_RS25895,0,False,[],False
SC_RS25900,0,False,[],False
SC_RS25905,0,False,[],False
SC_RS25910,0,False,[],False
SC_RS25915,0,False,[],False
SC_RS25920,0,False,[],False
SC_RS25925,0,False,[],False
SC_RS25930,0,False,[],False
SC_RS25935,1,True,[-110],True
SC_RS25940,1,True,[-33],False
SC_RS25945,0,False,[],False
SC_RS25950,0,False,[],False
SC_RS25955,0,False,[],False
SC_RS25960,0,False,[],False
SC_RS25965,0,False,[],False
SC_RS25970,0,False,[],False
SC_RS25975,0,False,[],False
SC_RS25980,0,False,[],False
SC_RS25985,0,False,[],False
SC_RS25990,0,False,[],True
SC_RS25995,0,False,[],False
SC_RS26000,0,False,[],False
SC_RS26005,0,False,[],False
SC_RS26010,0,False,[],False
SC_RS26015,0,False,[],False
SC_RS26020,0,False,[],False
SC_RS26025,1,True,[-51],True
SC_RS26030,1,True,[-258],True
SC_RS26035,0,False,[],False
SC_RS26040,0,False,[],True
SC_RS26045,0,False,[],False
SC_RS26050,0,False,[],False
SC_RS26055,0,False,[],False
SC_RS26060,1,True,[-30],False
SC_RS26065,0,False,[],False
SC_RS26070,0,False,[],False
SC_RS26075,0,False,[],False
SC_RS26080,0,False,[],False
SC_RS26085,0,False,[],False
SC_RS26090,0,False,[],False
SC_RS26095,0,False,[],False
SC_RS26100,0,False,[],False
SC_RS26105,0,False,[],False
SC_RS26110,0,False,[],False
SC_RS26115,0,False,[],False
SC_RS26120,0,False,[],False
SC_RS26125,0,False,[],False
SC_RS26130,0,False,[],False
SC_RS26135,0,False,[],False
SC_RS26140,0,False,[],False
SC_RS26145,0,False,[],False
SC_RS26150,0,False,[],False
SC_RS26155,0,False,[],False
SC_RS26160,0,False,[],False
SC_RS26165,0,False,[],False
SC_RS26170,0,False,[],True
SC_RS26175,0,False,[],False
SC_RS26180,0,False,[],False
SC_RS26185,0,False,[],False
SC_RS26190,1,True,[-247],True
SC_RS26195,1,True,[-103],True
SC_RS26200,0,False,[],False
SC_RS26205,0,False,[],False
SC_RS26210,0,False,[],False
SC_RS26215,0,False,[],False
SC_RS26220,0,False,[],False
SC_RS26225,1,True,[9],True
SC_RS26230,0,False,[],False
SC_RS26240,0,False,[],False
SC_RS26245,0,False,[],True
SC_RS26250,0,False,[],False
SC_RS26255,0,False,[],False
SC_RS26260,1,True,[12],True
SC_RS26265,0,False,[],True
SC_RS26270,0,False,[],False
SC_RS26275,0,False,[],False
SC_RS26280,0,False,[],False
SC_RS26285,0,False,[],False
SC_RS26290,0,False,[],False
SC_RS26295,0,False,[],True
SC_RS26300,0,False,[],False
SC_RS26305,1,True,[-83],True
SC_RS26310,0,False,[],True
SC_RS26315,1,True,[27],True
SC_RS26320,0,False,[],False
SC_RS26325,0,False,[],False
SC_RS26330,0,False,[],False
SC_RS26335,0,False,[],False
SC_RS26340,0,False,[],False
SC_RS26345,1,True,[-216],True
SC_RS26350,0,False,[],False
SC_RS26355,0,False,[],False
SC_RS26360,0,False,[],False
SC_RS26365,0,False,[],False
SC_RS26370,0,False,[],False
SC_RS26375,0,False,[],False
SC_RS26380,0,False,[],False
SC_RS26385,0,False,[],False
SC_RS26390,0,False,[],False
SC_RS26395,0,False,[],False
SC_RS26400,1,True,[-266],True
SC_RS26405,0,False,[],False
SC_RS26410,0,False,[],False
SC_RS26415,0,False,[],False
SC_RS26420,0,False,[],False
SC_RS26425,0,False,[],False
SC_RS26430,0,False,[],False
SC_RS26435,1,True,[43],False
SC_RS26440,0,False,[],False
SC_RS26445,0,False,[],False
SC_RS26450,0,False,[],False
SC_RS26455,0,False,[],False
SC_RS26460,0,False,[],False
SC_RS26465,0,False,[],False
SC_RS26470,0,False,[],False
SC_RS26475,0,False,[],False
SC_RS26480,0,False,[],False
SC_RS26485,0,False,[],False
SC_RS26490,0,False,[],False
SC_RS26495,0,False,[],True
SC_RS26500,0,False,[],False
SC_RS26505,0,False,[],False
SC_RS26510,0,False,[],False
SC_RS26515,0,False,[],False
SC_RS26520,0,False,[],False
SC_RS26525,0,False,[],False
SC_RS26530,0,False,[],False
SC_RS26535,0,False,[],False
SC_RS26540,0,False,[],False
SC_RS26545,0,False,[],False
SC_RS26550,0,False,[],False
SC_RS26555,0,False,[],False
SC_RS26560,0,False,[],False
SC_RS26565,0,False,[],False
SC_RS26570,0,False,[],False
SC_RS26575,0,False,[],False
SC_RS26580,0,False,[],False
SC_RS26585,0,False,[],False
SC_RS26590,0,False,[],True
SC_RS26595,0,False,[],False
SC_RS26600,0,False,[],True
SC_RS26605,0,False,[],False
SC_RS26610,0,False,[],False
SC_RS26615,0,False,[],False
SC_RS26620,0,False,[],False
SC_RS26625,0,False,[],False
SC_RS26630,0,False,[],False
SC_RS26635,0,False,[],False
SC_RS26640,0,False,[],False
SC_RS26645,0,False,[],False
SC_RS26650,0,False,[],False
SC_RS26655,0,False,[],False
SC_RS26660,0,False,[],True
SC_RS26665,0,False,[],False
SC_RS26670,1,True,[-224],True
SC_RS26675,0,False,[],True
SC_RS26680,0,False,[],False
SC_RS26685,0,False,[],False
SC_RS26690,0,False,[],False
SC_RS26695,0,False,[],False
SC_RS26700,0,False,[],False
SC_RS26705,0,False,[],False
SC_RS26710,0,False,[],False
SC_RS26715,0,False,[],False
SC_RS26720,1,True,[-48],True
SC_RS26725,0,False,[],False
SC_RS26730,0,False,[],False
SC_RS26735,0,False,[],False
SC_RS26740,0,False,[],True
SC_RS26745,0,False,[],False
SC_RS26750,0,False,[],False
SC_RS26755,0,False,[],False
SC_RS26760,0,False,[],False
SC_RS26765,0,False,[],False
SC_RS26770,0,False,[],False
SC_RS26775,0,False,[],False
SC_RS26780,0,False,[],False
SC_RS26785,0,False,[],False
SC_RS26790,0,False,[],False
SC_RS26795,0,False,[],False
SC_RS26800,0,False,[],False
SC_RS26805,0,False,[],False
SC_RS26810,0,False,[],False
SC_RS26815,0,False,[],False
SC_RS26820,0,False,[],False
SC_RS26825,0,False,[],False
SC_RS26830,0,False,[],False
SC_RS26835,0,False,[],False
SC_RS26840,1,True,[-67],False
SC_RS26845,0,False,[],False
SC_RS26850,0,False,[],False
SC_RS26855,0,False,[],False
SC_RS26860,0,False,[],False
SC_RS26865,1,True,[-213],False
SC_RS26870,0,False,[],True
SC_RS26875,0,False,[],False
SC_RS26880,0,False,[],False
SC_RS26885,0,False,[],True
SC_RS26890,0,False,[],True
SC_RS26895,0,False,[],False
SC_RS26900,0,False,[],False
SC_RS26905,0,False,[],False
SC_RS26910,0,False,[],False
SC_RS26915,0,False,[],False
SC_RS26920,0,False,[],False
SC_RS26925,0,False,[],False
SC_RS26935,0,False,[],False
SC_RS26940,0,False,[],False
SC_RS26945,0,False,[],False
SC_RS26950,0,False,[],False
SC_RS26955,0,False,[],False
SC_RS26960,0,False,[],False
SC_RS26965,3,True,"[-152, -132, -102]",True
SC_RS26970,0,False,[],False
SC_RS26975,0,False,[],False
SC_RS26980,0,False,[],False
SC_RS26985,0,False,[],False
SC_RS26990,0,False,[],False
SC_RS26995,0,False,[],False
SC_RS27000,0,False,[],False
SC_RS27005,0,False,[],False
SC_RS27010,0,False,[],False
SC_RS27015,0,False,[],False
SC_RS27020,1,True,[27],True
SC_RS27025,0,False,[],False
SC_RS27030,0,False,[],False
SC_RS27035,0,False,[],False
SC_RS27040,0,False,[],False
SC_RS27045,0,False,[],False
SC_RS27050,0,False,[],False
SC_RS27055,0,False,[],False
SC_RS27060,0,False,[],False
SC_RS27065,0,False,[],False
SC_RS27070,0,False,[],False
SC_RS27075,0,False,[],False
SC_RS27080,0,False,[],True
SC_RS27085,0,False,[],True
SC_RS27090,0,False,[],False
SC_RS27095,0,False,[],False
SC_RS27100,0,False,[],False
SC_RS27105,1,True,[-200],True
SC_RS27110,0,False,[],False
SC_RS27115,0,False,[],False
SC_RS27120,0,False,[],False
SC_RS27125,0,False,[],False
SC_RS27130,0,False,[],False
SC_RS27135,0,False,[],False
SC_RS27140,0,False,[],False
SC_RS27145,0,False,[],False
SC_RS27150,0,False,[],False
SC_RS27155,0,False,[],False
SC_RS27165,0,False,[],False
SC_RS27170,0,False,[],False
SC_RS27175,0,False,[],False
SC_RS27180,0,False,[],False
SC_RS27185,0,False,[],False
SC_RS27195,0,False,[],False
SC_RS27200,0,False,[],True
SC_RS27205,0,False,[],False
SC_RS27210,0,False,[],False
SC_RS27215,0,False,[],True
SC_RS27220,0,False,[],True
SC_RS27225,0,False,[],False
SC_RS27230,0,False,[],False
SC_RS27235,0,False,[],False
SC_RS27240,0,False,[],False
SC_RS27245,1,True,[-45],False
SC_RS27250,0,False,[],False
SC_RS27255,1,True,[-116],True
SC_RS27260,0,False,[],False
SC_RS27265,0,False,[],False
SC_RS27270,0,False,[],False
SC_RS27275,0,False,[],False
SC_RS27280,0,False,[],False
SC_RS27285,0,False,[],False
SC_RS27290,0,False,[],False
SC_RS27295,0,False,[],False
SC_RS27300,1,True,[-109],True
SC_RS27305,0,False,[],False
SC_RS27310,0,False,[],False
SC_RS27315,0,False,[],False
SC_RS27320,0,False,[],False
SC_RS27325,1,True,[-183],True
SC_RS27330,1,True,[39],True
SC_RS27335,0,False,[],False
SC_RS27340,1,True,[-260],True
SC_RS27345,0,False,[],False
SC_RS27350,0,False,[],False
SC_RS27355,0,False,[],False
SC_RS27360,0,False,[],False
SC_RS27365,0,False,[],False
SC_RS27370,0,False,[],False
SC_RS27375,0,False,[],False
SC_RS27380,0,False,[],False
SC_RS27385,0,False,[],False
SC_RS27390,0,False,[],False
SC_RS27395,0,False,[],False
SC_RS27400,0,False,[],False
SC_RS27405,0,False,[],False
SC_RS27410,0,False,[],False
SC_RS27415,0,False,[],False
SC_RS27420,0,False,[],False
SC_RS27425,0,False,[],False
SC_RS27430,0,False,[],False
SC_RS27435,0,False,[],False
SC_RS27440,0,False,[],True
SC_RS27445,0,False,[],False
SC_RS27450,0,False,[],False
SC_RS27455,0,False,[],False
SC_RS27460,0,False,[],False
SC_RS27465,0,False,[],False
SC_RS27470,0,False,[],False
SC_RS27475,0,False,[],False
SC_RS27480,0,False,[],False
SC_RS27485,0,False,[],False
SC_RS27490,0,False,[],False
SC_RS27495,0,False,[],False
SC_RS27500,0,False,[],False
SC_RS27505,0,False,[],False
SC_RS27510,0,False,[],False
SC_RS27515,0,False,[],False
SC_RS27520,0,False,[],False
SC_RS27525,0,False,[],False
SC_RS27530,0,False,[],False
SC_RS27535,1,True,[-81],True
SC_RS27540,0,False,[],False
SC_RS27545,0,False,[],False
SC_RS27550,0,False,[],False
SC_RS27555,1,True,[15],True
SC_RS27560,0,False,[],False
SC_RS27565,0,False,[],False
SC_RS27570,0,False,[],False
SC_RS27575,0,False,[],False
SC_RS27580,0,False,[],False
SC_RS27585,0,False,[],False
SC_RS27590,0,False,[],False
SC_RS27595,0,False,[],False
SC_RS27600,0,False,[],False
SC_RS27605,0,False,[],False
SC_RS27610,0,False,[],False
SC_RS27615,0,False,[],False
SC_RS27620,0,False,[],False
SC_RS27625,0,False,[],False
SC_RS27630,0,False,[],False
SC_RS27635,0,False,[],False
SC_RS27640,0,False,[],False
SC_RS27645,0,False,[],False
SC_RS27650,0,False,[],False
SC_RS27655,0,False,[],False
SC_RS27660,0,False,[],False
SC_RS27665,0,False,[],True
SC_RS27670,0,False,[],True
SC_RS27675,0,False,[],False
SC_RS27680,0,False,[],False
SC_RS27685,0,False,[],False
SC_RS27690,0,False,[],False
SC_RS27695,0,False,[],False
SC_RS27700,0,False,[],False
SC_RS27705,0,False,[],False
SC_RS27710,0,False,[],False
SC_RS27715,0,False,[],False
SC_RS27720,0,False,[],False
SC_RS27725,0,False,[],False
SC_RS27730,0,False,[],False
SC_RS27735,1,True,[15],True
SC_RS27740,0,False,[],False
SC_RS27745,0,False,[],False
SC_RS27750,0,False,[],False
SC_RS27755,0,False,[],False
SC_RS27760,0,False,[],False
SC_RS27765,0,False,[],False
SC_RS27770,0,False,[],False
SC_RS27775,0,False,[],False
SC_RS27780,0,False,[],False
SC_RS27785,0,False,[],False
SC_RS27790,0,False,[],False
SC_RS27795,0,False,[],False
SC_RS27800,0,False,[],False
SC_RS27805,0,False,[],False
SC_RS27810,2,True,"[-246, -234]",False
SC_RS27815,0,False,[],False
SC_RS27820,0,False,[],False
SC_RS27825,0,False,[],False
SC_RS27830,0,False,[],False
SC_RS27835,0,False,[],False
SC_RS27840,0,False,[],False
SC_RS27845,0,False,[],False
SC_RS27850,0,False,[],False
SC_RS27855,0,False,[],True
SC_RS27860,0,False,[],False
SC_RS27865,0,False,[],False
SC_RS27870,0,False,[],False
SC_RS27875,0,False,[],False
SC_RS27880,0,False,[],False
SC_RS27885,0,False,[],False
SC_RS27890,0,False,[],False
SC_RS27895,0,False,[],False
SC_RS27900,0,False,[],False
SC_RS27905,0,False,[],False
SC_RS27910,0,False,[],False
SC_RS27915,0,False,[],False
SC_RS27920,2,True,"[-297, -279]",False
SC_RS27925,0,False,[],False
SC_RS27930,0,False,[],False
SC_RS27935,0,False,[],False
SC_RS27940,0,False,[],False
SC_RS27945,0,False,[],False
SC_RS27950,0,False,[],True
SC_RS27955,0,False,[],False
SC_RS27960,0,False,[],False
SC_RS27965,0,False,[],False
SC_RS27970,0,False,[],False
SC_RS27975,0,False,[],False
SC_RS27980,1,True,[-75],False
SC_RS27985,1,True,[-176],False
SC_RS27990,0,False,[],False
SC_RS27995,0,False,[],False
SC_RS28000,0,False,[],False
SC_RS28005,0,False,[],False
SC_RS28010,0,False,[],False
SC_RS28015,0,False,[],False
SC_RS28020,0,False,[],False
SC_RS28025,0,False,[],False
SC_RS28030,0,False,[],False
SC_RS28035,0,False,[],False
SC_RS28040,0,False,[],False
SC_RS28045,0,False,[],False
SC_RS28050,0,False,[],False
SC_RS28055,0,False,[],False
SC_RS28060,0,False,[],False
SC_RS28065,0,False,[],False
SC_RS28070,0,False,[],False
SC_RS28075,0,False,[],False
SC_RS28080,0,False,[],False
SC_RS28085,0,False,[],False
SC_RS28090,0,False,[],False
SC_RS28100,0,False,[],False
SC_RS28105,0,False,[],False
SC_RS28110,0,False,[],False
SC_RS28115,0,False,[],False
SC_RS28120,0,False,[],False
SC_RS28125,0,False,[],False
SC_RS28130,1,True,[15],False
SC_RS28135,1,True,[-252],True
SC_RS28140,1,True,[-141],True
SC_RS28145,0,False,[],False
SC_RS28150,0,False,[],False
SC_RS28155,1,True,[-86],False
SC_RS28160,0,False,[],False
SC_RS28165,0,False,[],False
SC_RS28170,0,False,[],False
SC_RS28175,0,False,[],False
SC_RS28180,0,False,[],False
SC_RS28185,0,False,[],False
SC_RS28190,0,False,[],False
SC_RS28195,0,False,[],False
SC_RS28200,0,False,[],False
SC_RS28205,0,False,[],False
SC_RS28210,0,False,[],False
SC_RS28215,0,False,[],False
SC_RS28220,0,False,[],False
SC_RS28225,0,False,[],False
SC_RS28230,0,False,[],False
SC_RS28235,0,False,[],False
SC_RS28240,0,False,[],False
SC_RS28245,0,False,[],False
SC_RS28250,0,False,[],False
SC_RS28255,0,False,[],False
SC_RS28260,0,False,[],False
SC_RS28265,0,False,[],False
SC_RS28270,0,False,[],False
SC_RS28275,0,False,[],True
SC_RS28280,0,False,[],False
SC_RS28285,0,False,[],False
SC_RS28290,0,False,[],False
SC_RS28295,0,False,[],False
SC_RS28300,0,False,[],False
SC_RS28305,0,False,[],False
SC_RS28310,0,False,[],False
SC_RS28315,0,False,[],False
SC_RS28320,0,False,[],False
SC_RS28325,0,False,[],False
SC_RS28330,0,False,[],False
SC_RS28335,0,False,[],False
SC_RS28340,0,False,[],False
SC_RS28345,0,False,[],False
SC_RS28350,0,False,[],False
SC_RS28355,0,False,[],False
SC_RS28360,0,False,[],False
SC_RS28365,0,False,[],False
SC_RS28370,0,False,[],False
SC_RS28375,0,False,[],False
SC_RS28380,0,False,[],False
SC_RS28385,0,False,[],False
SC_RS28390,0,False,[],False
SC_RS28395,0,False,[],False
SC_RS28400,0,False,[],False
SC_RS28405,0,False,[],False
SC_RS28410,0,False,[],False
SC_RS28415,0,False,[],True
SC_RS28420,0,False,[],False
SC_RS28425,0,False,[],False
SC_RS28430,0,False,[],False
SC_RS28435,0,False,[],True
SC_RS28440,0,False,[],False
SC_RS28445,0,False,[],True
SC_RS28450,0,False,[],False
SC_RS28455,0,False,[],False
SC_RS28460,0,False,[],False
SC_RS28465,0,False,[],False
SC_RS28470,0,False,[],False
SC_RS28475,0,False,[],False
SC_RS28480,0,False,[],False
SC_RS28485,0,False,[],False
SC_RS28490,0,False,[],True
SC_RS28495,0,False,[],False
SC_RS28500,0,False,[],False
SC_RS28505,0,False,[],False
SC_RS28510,0,False,[],False
SC_RS28515,0,False,[],False
SC_RS28520,0,False,[],True
SC_RS28525,0,False,[],False
SC_RS28530,0,False,[],False
SC_RS28535,0,False,[],False
SC_RS28540,0,False,[],False
SC_RS28545,0,False,[],False
SC_RS28555,0,False,[],True
SC_RS28560,0,False,[],False
SC_RS28565,0,False,[],False
SC_RS28570,0,False,[],False
SC_RS28575,0,False,[],False
SC_RS28580,0,False,[],False
SC_RS28585,0,False,[],False
SC_RS28590,0,False,[],False
SC_RS28595,0,False,[],False
SC_RS28600,0,False,[],False
SC_RS28605,0,False,[],False
SC_RS28610,0,False,[],False
SC_RS28615,0,False,[],False
SC_RS28620,0,False,[],False
SC_RS28625,0,False,[],False
SC_RS28630,0,False,[],False
SC_RS28635,1,True,[34],True
SC_RS28640,0,False,[],True
SC_RS28645,0,False,[],False
SC_RS28650,0,False,[],True
SC_RS28655,1,True,[-68],False
SC_RS28660,0,False,[],False
SC_RS28665,0,False,[],False
SC_RS28670,0,False,[],False
SC_RS28675,0,False,[],False
SC_RS28680,0,False,[],False
SC_RS28685,0,False,[],False
SC_RS28690,0,False,[],False
SC_RS28695,0,False,[],False
SC_RS28700,0,False,[],False
SC_RS28705,0,False,[],False
SC_RS28710,0,False,[],False
SC_RS28715,0,False,[],False
SC_RS28720,0,False,[],False
SC_RS28725,0,False,[],False
SC_RS28730,0,False,[],True
SC_RS28735,0,False,[],False
SC_RS28740,0,False,[],False
SC_RS28745,0,False,[],False
SC_RS28750,0,False,[],False
SC_RS28755,0,False,[],True
SC_RS28760,0,False,[],False
SC_RS28765,0,False,[],False
SC_RS28770,0,False,[],False
SC_RS28775,0,False,[],False
SC_RS28780,0,False,[],False
SC_RS28785,0,False,[],False
SC_RS28790,0,False,[],False
SC_RS28795,0,False,[],False
SC_RS28800,0,False,[],False
SC_RS28805,0,False,[],False
SC_RS28815,0,False,[],False
SC_RS28825,0,False,[],False
SC_RS28830,0,False,[],False
SC_RS28835,0,False,[],False
SC_RS28840,0,False,[],False
SC_RS28845,0,False,[],False
SC_RS28850,0,False,[],False
SC_RS28855,0,False,[],False
SC_RS28860,0,False,[],False
SC_RS28865,0,False,[],False
SC_RS28870,0,False,[],False
SC_RS28875,0,False,[],False
SC_RS28880,0,False,[],False
SC_RS28885,0,False,[],False
SC_RS28890,0,False,[],False
SC_RS28895,0,False,[],False
SC_RS28900,0,False,[],False
SC_RS28905,0,False,[],False
SC_RS28910,0,False,[],False
SC_RS28915,0,False,[],False
SC_RS28920,0,False,[],False
SC_RS28925,0,False,[],False
SC_RS28930,0,False,[],False
SC_RS28935,0,False,[],False
SC_RS28940,0,False,[],False
SC_RS28945,0,False,[],False
SC_RS28950,0,False,[],False
SC_RS28955,0,False,[],False
SC_RS28960,0,False,[],False
SC_RS28965,0,False,[],False
SC_RS28970,0,False,[],False
SC_RS28975,0,False,[],False
SC_RS28980,0,False,[],False
SC_RS28985,0,False,[],False
SC_RS28990,0,False,[],False
SC_RS28995,0,False,[],False
SC_RS29000,0,False,[],False
SC_RS29005,1,True,[-6],False
SC_RS29010,0,False,[],False
SC_RS29015,1,True,[-255],False
SC_RS29020,0,False,[],False
SC_RS29025,0,False,[],False
SC_RS29030,0,False,[],True
SC_RS29035,0,False,[],False
SC_RS29040,0,False,[],False
SC_RS29045,0,False,[],False
SC_RS29050,0,False,[],False
SC_RS29055,0,False,[],False
SC_RS29060,0,False,[],False
SC_RS29065,0,False,[],False
SC_RS29070,0,False,[],False
SC_RS29075,0,False,[],False
SC_RS29080,0,False,[],False
SC_RS29085,0,False,[],False
SC_RS29090,0,False,[],False
SC_RS29095,0,False,[],False
SC_RS29100,0,False,[],False
SC_RS29105,0,False,[],False
SC_RS29110,0,False,[],False
SC_RS29115,0,False,[],False
SC_RS29120,0,False,[],False
SC_RS29125,0,False,[],False
SC_RS29130,0,False,[],False
SC_RS29135,0,False,[],False
SC_RS29140,1,True,[-17],False
SC_RS29145,0,False,[],False
SC_RS29150,0,False,[],False
SC_RS29155,0,False,[],False
SC_RS29160,0,False,[],False
SC_RS29165,0,False,[],False
SC_RS29170,0,False,[],False
SC_RS29175,0,False,[],False
SC_RS29180,0,False,[],False
SC_RS29185,0,False,[],False
SC_RS29190,0,False,[],False
SC_RS29195,0,False,[],False
SC_RS29200,0,False,[],False
SC_RS29205,0,False,[],False
SC_RS29210,0,False,[],False
SC_RS29215,0,False,[],False
SC_RS29220,0,False,[],False
SC_RS29225,0,False,[],False
SC_RS29235,0,False,[],False
SC_RS29245,0,False,[],False
SC_RS29250,0,False,[],False
SC_RS29255,0,False,[],False
SC_RS29260,0,False,[],False
SC_RS29265,0,False,[],False
SC_RS29270,1,True,[-235],False
SC_RS29275,1,True,[-54],False
SC_RS29280,0,False,[],False
SC_RS29285,0,False,[],True
SC_RS29290,0,False,[],False
SC_RS29295,0,False,[],False
SC_RS29300,0,False,[],False
SC_RS29305,0,False,[],False
SC_RS29310,0,False,[],False
SC_RS29315,0,False,[],False
SC_RS29320,0,False,[],False
SC_RS29325,0,False,[],False
SC_RS29330,0,False,[],False
SC_RS29340,0,False,[],False
SC_RS29345,0,False,[],True
SC_RS29350,0,False,[],True
SC_RS29355,0,False,[],False
SC_RS29360,0,False,[],False
SC_RS29365,0,False,[],False
SC_RS29370,0,False,[],False
SC_RS29375,0,False,[],False
SC_RS29380,0,False,[],False
SC_RS29390,0,False,[],False
SC_RS29395,0,False,[],False
SC_RS29400,0,False,[],False
SC_RS29405,0,False,[],False
SC_RS29410,0,False,[],False
SC_RS29415,0,False,[],False
SC_RS29420,0,False,[],False
SC_RS29425,0,False,[],False
SC_RS29430,0,False,[],False
SC_RS29435,0,False,[],False
SC_RS29440,0,False,[],False
SC_RS29445,0,False,[],False
SC_RS29450,0,False,[],False
SC_RS29455,0,False,[],False
SC_RS29460,0,False,[],False
SC_RS29465,0,False,[],False
SC_RS29470,0,False,[],False
SC_RS29475,0,False,[],False
SC_RS29480,0,False,[],False
SC_RS29485,0,False,[],False
SC_RS29490,0,False,[],False
SC_RS29495,0,False,[],False
SC_RS29500,0,False,[],False
SC_RS29505,0,False,[],False
SC_RS29515,0,False,[],False
SC_RS29520,0,False,[],False
SC_RS29525,0,False,[],False
SC_RS29530,0,False,[],False
SC_RS29535,0,False,[],False
SC_RS29540,0,False,[],False
SC_RS29545,0,False,[],True
SC_RS29550,0,False,[],True
SC_RS29555,0,False,[],True
SC_RS29560,0,False,[],False
SC_RS29565,0,False,[],False
SC_RS29570,0,False,[],False
SC_RS29575,0,False,[],True
SC_RS29580,0,False,[],False
SC_RS29585,0,False,[],False
SC_RS29590,0,False,[],False
SC_RS29595,0,False,[],False
SC_RS29600,0,False,[],False
SC_RS29605,0,False,[],False
SC_RS29610,0,False,[],False
SC_RS29615,0,False,[],True
SC_RS29620,0,False,[],False
SC_RS29625,0,False,[],False
SC_RS29630,1,True,[-252],True
SC_RS29635,0,False,[],False
SC_RS29640,1,True,[-225],True
SC_RS29645,1,True,[-173],False
SC_RS29650,0,False,[],False
SC_RS29655,0,False,[],True
SC_RS29660,0,False,[],False
SC_RS29665,0,False,[],False
SC_RS29670,0,False,[],False
SC_RS29675,0,False,[],True
SC_RS29680,1,True,[-240],True
SC_RS29685,0,False,[],False
SC_RS29690,0,False,[],False
SC_RS29695,0,False,[],False
SC_RS29700,0,False,[],False
SC_RS29705,0,False,[],False
SC_RS29710,0,False,[],False
SC_RS29715,0,False,[],False
SC_RS29720,0,False,[],False
SC_RS29725,0,False,[],False
SC_RS29730,0,False,[],False
SC_RS29735,0,False,[],False
SC_RS29740,0,False,[],True
SC_RS29745,0,False,[],False
SC_RS29750,0,False,[],False
SC_RS29755,0,False,[],False
SC_RS29760,0,False,[],False
SC_RS29765,0,False,[],False
SC_RS29770,0,False,[],True
SC_RS29775,0,False,[],False
SC_RS29780,0,False,[],False
SC_RS29785,0,False,[],True
SC_RS29790,0,False,[],False
SC_RS29795,0,False,[],False
SC_RS29800,0,False,[],False
SC_RS29805,0,False,[],False
SC_RS29810,0,False,[],False
SC_RS29815,0,False,[],False
SC_RS29820,0,False,[],False
SC_RS29825,0,False,[],False
SC_RS29830,0,False,[],False
SC_RS29835,0,False,[],False
SC_RS29840,0,False,[],False
SC_RS29845,0,False,[],False
SC_RS29850,0,False,[],False
SC_RS29855,0,False,[],False
SC_RS29860,0,False,[],False
SC_RS29865,0,False,[],False
SC_RS29870,0,False,[],False
SC_RS29875,0,False,[],False
SC_RS29880,0,False,[],False
SC_RS29885,0,False,[],True
SC_RS29890,0,False,[],False
SC_RS29895,0,False,[],False
SC_RS29900,0,False,[],True
SC_RS29905,0,False,[],False
SC_RS29910,0,False,[],False
SC_RS29915,0,False,[],False
SC_RS29920,0,False,[],False
SC_RS29925,0,False,[],False
SC_RS29930,0,False,[],False
SC_RS29935,0,False,[],True
SC_RS29940,0,False,[],True
SC_RS29945,0,False,[],False
SC_RS29950,0,False,[],False
SC_RS29955,0,False,[],False
SC_RS29960,0,False,[],False
SC_RS29965,0,False,[],False
SC_RS29970,0,False,[],False
SC_RS29975,0,False,[],False
SC_RS29980,0,False,[],False
SC_RS29985,0,False,[],False
SC_RS29990,0,False,[],False
SC_RS29995,0,False,[],False
SC_RS30000,0,False,[],False
SC_RS30005,0,False,[],False
SC_RS30010,0,False,[],True
SC_RS30015,1,True,[-109],False
SC_RS30020,0,False,[],False
SC_RS30025,0,False,[],False
SC_RS30030,0,False,[],False
SC_RS30035,1,True,[34],True
SC_RS30040,0,False,[],False
SC_RS30045,0,False,[],False
SC_RS30050,0,False,[],False
SC_RS30055,0,False,[],False
SC_RS30060,0,False,[],False
SC_RS30065,0,False,[],False
SC_RS30070,0,False,[],False
SC_RS30075,0,False,[],False
SC_RS30080,0,False,[],False
SC_RS30085,0,False,[],False
SC_RS30090,0,False,[],False
SC_RS30095,0,False,[],False
SC_RS30100,0,False,[],False
SC_RS30105,0,False,[],False
SC_RS30110,0,False,[],False
SC_RS30115,0,False,[],False
SC_RS30120,0,False,[],False
SC_RS30125,0,False,[],False
SC_RS30130,0,False,[],False
SC_RS30135,0,False,[],False
SC_RS30140,0,False,[],True
SC_RS30145,0,False,[],False
SC_RS30150,0,False,[],False
SC_RS30155,0,False,[],False
SC_RS30160,0,False,[],False
SC_RS30165,0,False,[],False
SC_RS30170,0,False,[],False
SC_RS30175,0,False,[],True
SC_RS30180,0,False,[],False
SC_RS30185,0,False,[],False
SC_RS30190,0,False,[],False
SC_RS30195,0,False,[],False
SC_RS30200,0,False,[],False
SC_RS30210,0,False,[],False
SC_RS30215,0,False,[],False
SC_RS30220,0,False,[],False
SC_RS30225,0,False,[],False
SC_RS30230,0,False,[],False
SC_RS30235,0,False,[],False
SC_RS30245,0,False,[],False
SC_RS30250,0,False,[],False
SC_RS30255,0,False,[],False
SC_RS30260,0,False,[],False
SC_RS30265,0,False,[],False
SC_RS30270,1,True,[-148],True
SC_RS30275,0,False,[],False
SC_RS30280,0,False,[],False
SC_RS30285,0,False,[],False
SC_RS30290,1,True,[17],False
SC_RS30295,3,True,"[-195, -163, -105]",False
SC_RS30300,0,False,[],False
SC_RS30305,0,False,[],False
SC_RS30310,0,False,[],False
SC_RS30315,0,False,[],False
SC_RS30330,0,False,[],False
SC_RS30335,0,False,[],False
SC_RS30340,0,False,[],False
SC_RS30345,0,False,[],False
SC_RS30350,1,True,[-220],True
SC_RS30355,0,False,[],False
SC_RS30360,0,False,[],False
SC_RS30365,0,False,[],False
SC_RS30370,1,True,[-196],True
SC_RS30375,0,False,[],False
SC_RS30380,0,False,[],False
SC_RS30385,0,False,[],False
SC_RS30400,0,False,[],False
SC_RS30405,0,False,[],False
SC_RS30410,0,False,[],False
SC_RS30415,1,True,[-181],True
SC_RS30420,0,False,[],False
SC_RS30425,0,False,[],False
SC_RS30430,0,False,[],False
SC_RS30435,0,False,[],False
SC_RS30440,1,True,[6],True
SC_RS30445,0,False,[],False
SC_RS30450,0,False,[],False
SC_RS30455,0,False,[],False
SC_RS30460,0,False,[],False
SC_RS30465,0,False,[],False
SC_RS30470,0,False,[],False
SC_RS30475,0,False,[],False
SC_RS30480,0,False,[],False
SC_RS30485,0,False,[],False
SC_RS30490,0,False,[],False
SC_RS30495,0,False,[],False
SC_RS30500,0,False,[],False
SC_RS30505,0,False,[],False
SC_RS30510,0,False,[],False
SC_RS30515,0,False,[],False
SC_RS30520,0,False,[],False
SC_RS30525,0,False,[],False
SC_RS30530,0,False,[],False
SC_RS30535,0,False,[],False
SC_RS30540,0,False,[],False
SC_RS30545,0,False,[],False
SC_RS30550,0,False,[],False
SC_RS30555,0,False,[],False
SC_RS30560,0,False,[],False
SC_RS30565,0,False,[],False
SC_RS30570,0,False,[],False
SC_RS30575,0,False,[],False
SC_RS30580,0,False,[],False
SC_RS30585,1,True,[41],False
SC_RS30590,1,True,[-92],False
SC_RS30595,0,False,[],False
SC_RS30600,0,False,[],False
SC_RS30605,0,False,[],False
SC_RS30610,0,False,[],False
SC_RS30615,0,False,[],False
SC_RS30620,0,False,[],False
SC_RS30625,0,False,[],False
SC_RS30630,0,False,[],False
SC_RS30635,0,False,[],False
SC_RS30640,0,False,[],False
SC_RS30645,0,False,[],False
SC_RS30650,0,False,[],False
SC_RS30655,0,False,[],False
SC_RS30660,0,False,[],False
SC_RS30665,0,False,[],False
SC_RS30670,0,False,[],False
SC_RS30675,0,False,[],False
SC_RS30680,0,False,[],False
SC_RS30685,0,False,[],False
SC_RS30690,0,False,[],False
SC_RS30695,2,True,"[-188, -156]",False
SC_RS30700,0,False,[],False
SC_RS30705,0,False,[],False
SC_RS30710,0,False,[],False
SC_RS30715,0,False,[],False
SC_RS30720,0,False,[],True
SC_RS30725,0,False,[],False
SC_RS30730,0,False,[],False
SC_RS30735,0,False,[],False
SC_RS30740,0,False,[],False
SC_RS30745,0,False,[],False
SC_RS30750,0,False,[],False
SC_RS30755,0,False,[],False
SC_RS30760,0,False,[],False
SC_RS30765,0,False,[],False
SC_RS30770,0,False,[],False
SC_RS30775,0,False,[],True
SC_RS30780,0,False,[],False
SC_RS30785,0,False,[],False
SC_RS30790,0,False,[],False
SC_RS30795,1,True,[-62],False
SC_RS30800,0,False,[],False
SC_RS30805,0,False,[],False
SC_RS30810,0,False,[],False
SC_RS30815,0,False,[],False
SC_RS30820,0,False,[],False
SC_RS30825,0,False,[],False
SC_RS30830,1,True,[28],True
SC_RS30835,0,False,[],False
SC_RS30840,0,False,[],False
SC_RS30845,0,False,[],False
SC_RS30850,0,False,[],False
SC_RS30855,0,False,[],False
SC_RS30860,0,False,[],False
SC_RS30865,0,False,[],False
SC_RS30870,0,False,[],False
SC_RS30875,0,False,[],False
SC_RS30880,0,False,[],False
SC_RS30885,0,False,[],False
SC_RS30890,0,False,[],False
SC_RS30895,0,False,[],False
SC_RS30900,0,False,[],False
SC_RS30905,0,False,[],False
SC_RS30910,0,False,[],False
SC_RS30915,0,False,[],False
SC_RS30920,0,False,[],False
SC_RS30925,0,False,[],False
SC_RS30930,0,False,[],False
SC_RS30935,0,False,[],False
SC_RS30940,1,True,[-216],True
SC_RS30945,0,False,[],False
SC_RS30950,0,False,[],False
SC_RS30955,0,False,[],False
SC_RS30960,0,False,[],False
SC_RS30965,0,False,[],False
SC_RS30970,0,False,[],False
SC_RS30975,0,False,[],False
SC_RS30980,0,False,[],False
SC_RS30985,0,False,[],False
SC_RS30990,0,False,[],False
SC_RS30995,0,False,[],False
SC_RS31000,0,False,[],False
SC_RS31005,0,False,[],False
SC_RS31010,0,False,[],False
SC_RS31015,0,False,[],False
SC_RS31020,0,False,[],False
SC_RS31025,0,False,[],False
SC_RS31030,0,False,[],False
SC_RS31035,0,False,[],True
SC_RS31040,0,False,[],False
SC_RS31045,0,False,[],False
SC_RS31050,0,False,[],False
SC_RS31055,0,False,[],False
SC_RS31060,0,False,[],False
SC_RS31065,0,False,[],False
SC_RS31070,0,False,[],False
SC_RS31075,0,False,[],False
SC_RS31080,0,False,[],False
SC_RS31085,0,False,[],False
SC_RS31090,0,False,[],False
SC_RS31095,0,False,[],True
SC_RS31100,0,False,[],False
SC_RS31105,0,False,[],False
SC_RS31110,0,False,[],False
SC_RS31115,0,False,[],False
SC_RS31120,0,False,[],False
SC_RS31125,0,False,[],False
SC_RS31130,0,False,[],False
SC_RS31135,0,False,[],False
SC_RS31140,0,False,[],False
SC_RS31145,0,False,[],False
SC_RS31150,0,False,[],False
SC_RS31155,0,False,[],False
SC_RS31160,0,False,[],False
SC_RS31165,0,False,[],False
SC_RS31170,0,False,[],False
SC_RS31175,0,False,[],False
SC_RS31180,2,True,"[-289, -136]",True
SC_RS31185,0,False,[],False
SC_RS31190,0,False,[],False
SC_RS31195,0,False,[],False
SC_RS31200,0,False,[],False
SC_RS31205,0,False,[],False
SC_RS31210,0,False,[],False
SC_RS31215,0,False,[],True
SC_RS31220,0,False,[],False
SC_RS31225,1,True,[-223],True
SC_RS31230,0,False,[],False
SC_RS31235,0,False,[],False
SC_RS31240,0,False,[],True
SC_RS31245,0,False,[],False
SC_RS31250,0,False,[],False
SC_RS31255,0,False,[],False
SC_RS31260,0,False,[],False
SC_RS31265,0,False,[],False
SC_RS31270,0,False,[],False
SC_RS31275,0,False,[],False
SC_RS31280,0,False,[],False
SC_RS31285,0,False,[],False
SC_RS31290,0,False,[],False
SC_RS31295,0,False,[],False
SC_RS31300,0,False,[],False
SC_RS31305,0,False,[],False
SC_RS31310,0,False,[],False
SC_RS31315,0,False,[],False
SC_RS31320,0,False,[],False
SC_RS31325,0,False,[],False
SC_RS31330,1,True,[-174],False
SC_RS31335,0,False,[],False
SC_RS31340,0,False,[],False
SC_RS31345,0,False,[],False
SC_RS31350,1,True,[23],True
SC_RS31355,0,False,[],False
SC_RS31360,0,False,[],True
SC_RS31365,0,False,[],False
SC_RS31370,0,False,[],False
SC_RS31375,0,False,[],False
SC_RS31380,0,False,[],True
SC_RS31385,0,False,[],True
SC_RS31390,0,False,[],False
SC_RS31395,0,False,[],False
SC_RS31400,0,False,[],False
SC_RS31405,1,True,[-212],False
SC_RS31410,1,True,[-247],False
SC_RS31415,0,False,[],False
SC_RS31420,0,False,[],False
SC_RS31425,0,False,[],False
SC_RS31430,0,False,[],False
SC_RS31435,0,False,[],True
SC_RS31440,0,False,[],False
SC_RS31445,0,False,[],False
SC_RS31450,0,False,[],False
SC_RS31455,0,False,[],False
SC_RS31460,0,False,[],False
SC_RS31465,0,False,[],False
SC_RS31470,0,False,[],False
SC_RS31475,0,False,[],False
SC_RS31480,0,False,[],False
SC_RS31485,0,False,[],False
SC_RS31490,0,False,[],False
SC_RS31495,0,False,[],False
SC_RS31500,0,False,[],False
SC_RS31505,0,False,[],False
SC_RS31510,0,False,[],False
SC_RS31515,0,False,[],False
SC_RS31520,0,False,[],False
SC_RS31525,0,False,[],False
SC_RS31530,0,False,[],False
SC_RS31535,0,False,[],False
SC_RS31540,0,False,[],False
SC_RS31545,0,False,[],False
SC_RS31550,0,False,[],False
SC_RS31555,0,False,[],False
SC_RS31560,0,False,[],False
SC_RS31565,0,False,[],False
SC_RS31570,0,False,[],False
SC_RS31575,0,False,[],False
SC_RS31580,0,False,[],False
SC_RS31585,0,False,[],True
SC_RS31590,0,False,[],False
SC_RS31595,0,False,[],False
SC_RS31600,0,False,[],False
SC_RS31605,0,False,[],False
SC_RS31610,0,False,[],False
SC_RS31615,0,False,[],False
SC_RS31620,0,False,[],False
SC_RS31625,0,False,[],False
SC_RS31630,0,False,[],False
SC_RS31635,0,False,[],False
SC_RS31640,0,False,[],False
SC_RS31645,0,False,[],False
SC_RS31650,0,False,[],False
SC_RS31655,0,False,[],False
SC_RS31660,0,False,[],False
SC_RS31665,0,False,[],False
SC_RS31670,0,False,[],False
SC_RS31675,0,False,[],False
SC_RS31680,0,False,[],False
SC_RS31685,0,False,[],False
SC_RS31690,0,False,[],False
SC_RS31695,0,False,[],False
SC_RS31700,0,False,[],False
SC_RS31705,0,False,[],False
SC_RS31710,0,False,[],False
SC_RS31715,0,False,[],False
SC_RS31720,0,False,[],False
SC_RS31725,0,False,[],False
SC_RS31730,0,False,[],True
SC_RS31735,0,False,[],False
SC_RS31740,0,False,[],False
SC_RS31745,0,False,[],False
SC_RS31750,0,False,[],False
SC_RS31760,0,False,[],False
SC_RS31770,0,False,[],False
SC_RS31775,0,False,[],False
SC_RS31780,0,False,[],False
SC_RS31785,0,False,[],False
SC_RS31795,0,False,[],False
SC_RS31800,0,False,[],False
SC_RS31805,0,False,[],False
SC_RS31810,0,False,[],False
SC_RS31815,0,False,[],False
SC_RS31820,0,False,[],False
SC_RS31825,0,False,[],False
SC_RS31830,0,False,[],True
SC_RS31835,0,False,[],False
SC_RS31840,0,False,[],False
SC_RS31845,0,False,[],False
SC_RS31850,0,False,[],False
SC_RS31855,0,False,[],False
SC_RS31860,0,False,[],False
SC_RS31865,0,False,[],False
SC_RS31870,0,False,[],False
SC_RS31875,0,False,[],False
SC_RS31880,0,False,[],False
SC_RS31890,0,False,[],False
SC_RS31900,0,False,[],False
SC_RS31905,0,False,[],False
SC_RS31910,0,False,[],False
SC_RS31915,0,False,[],False
SC_RS31920,0,False,[],False
SC_RS31925,0,False,[],False
SC_RS31930,0,False,[],False
SC_RS31935,0,False,[],False
SC_RS31940,0,False,[],False
SC_RS31945,0,False,[],False
SC_RS31950,0,False,[],False
SC_RS31955,0,False,[],False
SC_RS31960,0,False,[],False
SC_RS31965,0,False,[],False
SC_RS31970,0,False,[],False
SC_RS31975,0,False,[],False
SC_RS31980,0,False,[],False
SC_RS31985,0,False,[],False
SC_RS31990,0,False,[],False
SC_RS31995,0,False,[],False
SC_RS32000,0,False,[],False
SC_RS32005,0,False,[],False
SC_RS32010,0,False,[],False
SC_RS32015,0,False,[],False
SC_RS32020,1,True,[-140],True
SC_RS32025,1,True,[6],True
SC_RS32030,0,False,[],False
SC_RS32035,0,False,[],False
SC_RS32040,0,False,[],True
SC_RS32045,0,False,[],False
SC_RS32050,0,False,[],True
SC_RS32055,0,False,[],False
SC_RS32060,0,False,[],False
SC_RS32065,0,False,[],False
SC_RS32070,0,False,[],True
SC_RS32075,0,False,[],False
SC_RS32080,0,False,[],True
SC_RS32085,0,False,[],False
SC_RS32090,0,False,[],False
SC_RS32095,0,False,[],False
SC_RS32100,0,False,[],False
SC_RS32105,0,False,[],False
SC_RS32110,0,False,[],False
SC_RS32115,0,False,[],False
SC_RS32120,0,False,[],False
SC_RS32125,0,False,[],False
SC_RS32130,0,False,[],False
SC_RS32135,0,False,[],False
SC_RS32140,0,False,[],False
SC_RS32145,0,False,[],False
SC_RS32150,0,False,[],False
SC_RS32155,0,False,[],False
SC_RS32160,0,False,[],False
SC_RS32165,0,False,[],False
SC_RS32170,0,False,[],False
SC_RS32175,0,False,[],True
SC_RS32180,0,False,[],False
SC_RS32185,0,False,[],False
SC_RS32190,0,False,[],False
SC_RS32195,0,False,[],False
SC_RS32200,0,False,[],True
SC_RS32205,0,False,[],False
SC_RS32210,0,False,[],False
SC_RS32215,0,False,[],False
SC_RS32220,0,False,[],False
SC_RS32225,0,False,[],False
SC_RS32230,0,False,[],False
SC_RS32235,0,False,[],False
SC_RS32240,0,False,[],False
SC_RS32245,0,False,[],False
SC_RS32250,0,False,[],False
SC_RS32255,0,False,[],False
SC_RS32260,0,False,[],False
SC_RS32265,0,False,[],False
SC_RS32270,0,False,[],False
SC_RS32275,0,False,[],False
SC_RS32280,0,False,[],False
SC_RS32285,0,False,[],False
SC_RS32290,0,False,[],False
SC_RS32295,0,False,[],False
SC_RS32300,0,False,[],False
SC_RS32305,0,False,[],False
SC_RS32310,0,False,[],False
SC_RS32315,0,False,[],False
SC_RS32320,0,False,[],False
SC_RS32325,0,False,[],False
SC_RS32330,0,False,[],True
SC_RS32335,0,False,[],False
SC_RS32340,0,False,[],False
SC_RS32345,0,False,[],False
SC_RS32350,0,False,[],False
SC_RS32355,0,False,[],False
SC_RS32360,0,False,[],False
SC_RS32365,0,False,[],False
SC_RS32370,0,False,[],False
SC_RS32375,0,False,[],False
SC_RS32380,0,False,[],False
SC_RS32385,0,False,[],False
SC_RS32390,0,False,[],False
SC_RS32395,0,False,[],False
SC_RS32400,0,False,[],False
SC_RS32405,0,False,[],False
SC_RS32410,0,False,[],True
SC_RS32415,0,False,[],False
SC_RS32420,0,False,[],False
SC_RS32425,0,False,[],False
SC_RS32430,0,False,[],False
SC_RS32435,0,False,[],False
SC_RS32440,0,False,[],True
SC_RS32445,0,False,[],False
SC_RS32450,0,False,[],False
SC_RS32455,0,False,[],False
SC_RS32460,0,False,[],False
SC_RS32465,0,False,[],False
SC_RS32470,0,False,[],False
SC_RS32475,0,False,[],False
SC_RS32480,0,False,[],False
SC_RS32485,0,False,[],False
SC_RS32490,0,False,[],False
SC_RS32495,0,False,[],False
SC_RS32500,0,False,[],False
SC_RS32505,0,False,[],False
SC_RS32510,0,False,[],False
SC_RS32515,0,False,[],True
SC_RS32520,0,False,[],False
SC_RS32525,0,False,[],False
SC_RS32530,0,False,[],True
SC_RS32535,0,False,[],False
SC_RS32540,0,False,[],False
SC_RS32545,0,False,[],False
SC_RS32550,0,False,[],False
SC_RS32555,0,False,[],False
SC_RS32560,0,False,[],False
SC_RS32565,0,False,[],False
SC_RS32570,0,False,[],False
SC_RS32575,0,False,[],False
SC_RS32580,0,False,[],False
SC_RS32585,0,False,[],False
SC_RS32590,0,False,[],False
SC_RS32595,0,False,[],False
SC_RS32600,0,False,[],False
SC_RS32605,0,False,[],False
SC_RS32610,0,False,[],True
SC_RS32615,1,True,[41],False
SC_RS32620,1,True,[-232],False
SC_RS32625,0,False,[],False
SC_RS32630,0,False,[],False
SC_RS32635,0,False,[],False
SC_RS32640,0,False,[],False
SC_RS32645,0,False,[],False
SC_RS32650,0,False,[],False
SC_RS32655,0,False,[],False
SC_RS32660,0,False,[],False
SC_RS32665,0,False,[],False
SC_RS32670,0,False,[],False
SC_RS32675,0,False,[],False
SC_RS32680,0,False,[],False
SC_RS32685,0,False,[],False
SC_RS32690,0,False,[],False
SC_RS32695,0,False,[],False
SC_RS32700,0,False,[],False
SC_RS32705,0,False,[],False
SC_RS32710,0,False,[],False
SC_RS32715,1,True,[-71],True
SC_RS32720,0,False,[],False
SC_RS32725,0,False,[],False
SC_RS32730,0,False,[],False
SC_RS32735,0,False,[],False
SC_RS32740,0,False,[],False
SC_RS32745,0,False,[],False
SC_RS32750,1,True,[18],True
SC_RS32755,0,False,[],False
SC_RS32760,0,False,[],False
SC_RS32765,0,False,[],True
SC_RS32770,0,False,[],False
SC_RS32775,0,False,[],False
SC_RS32780,0,False,[],False
SC_RS32785,0,False,[],False
SC_RS32790,0,False,[],False
SC_RS32795,0,False,[],False
SC_RS32800,0,False,[],False
SC_RS32805,1,True,[36],False
SC_RS32810,0,False,[],False
SC_RS32815,0,False,[],False
SC_RS32820,0,False,[],False
SC_RS32825,0,False,[],False
SC_RS32830,0,False,[],False
SC_RS32835,0,False,[],True
SC_RS32840,0,False,[],False
SC_RS32845,0,False,[],False
SC_RS32850,0,False,[],False
SC_RS32855,0,False,[],False
SC_RS32860,0,False,[],False
SC_RS32865,0,False,[],False
SC_RS32870,0,False,[],False
SC_RS32875,0,False,[],True
SC_RS32880,0,False,[],False
SC_RS32885,0,False,[],False
SC_RS32890,0,False,[],False
SC_RS32895,0,False,[],False
SC_RS32900,0,False,[],False
SC_RS32905,0,False,[],True
SC_RS32910,0,False,[],False
SC_RS32915,0,False,[],False
SC_RS32920,0,False,[],False
SC_RS32925,1,True,[-172],True
SC_RS32930,0,False,[],False
SC_RS32935,0,False,[],False
SC_RS32940,0,False,[],False
SC_RS32945,0,False,[],False
SC_RS32950,0,False,[],False
SC_RS32955,0,False,[],False
SC_RS32960,0,False,[],False
SC_RS32965,0,False,[],False
SC_RS32970,0,False,[],False
SC_RS32975,1,True,[-222],True
SC_RS32980,0,False,[],False
SC_RS32985,0,False,[],False
SC_RS32990,0,False,[],False
SC_RS32995,0,False,[],False
SC_RS33000,0,False,[],False
SC_RS33005,0,False,[],False
SC_RS33010,0,False,[],False
SC_RS33015,0,False,[],False
SC_RS33020,0,False,[],False
SC_RS33025,0,False,[],False
SC_RS33030,0,False,[],False
SC_RS33035,0,False,[],False
SC_RS33040,0,False,[],False
SC_RS33045,0,False,[],False
SC_RS33050,0,False,[],False
SC_RS33055,0,False,[],False
SC_RS33060,0,False,[],False
SC_RS33065,0,False,[],False
SC_RS33070,0,False,[],False
SC_RS33075,1,True,[-147],False
SC_RS33080,0,False,[],False
SC_RS33085,0,False,[],False
SC_RS33090,0,False,[],False
SC_RS33095,0,False,[],False
SC_RS33100,0,False,[],False
SC_RS33105,0,False,[],False
SC_RS33110,0,False,[],False
SC_RS33115,0,False,[],False
SC_RS33120,0,False,[],False
SC_RS33125,0,False,[],False
SC_RS33130,0,False,[],True
SC_RS33135,0,False,[],False
SC_RS33140,1,True,[-130],True
SC_RS33145,1,True,[-6],True
SC_RS33150,0,False,[],False
SC_RS33155,0,False,[],False
SC_RS33160,0,False,[],False
SC_RS33165,0,False,[],False
SC_RS33170,0,False,[],False
SC_RS33175,0,False,[],False
SC_RS33180,0,False,[],False
SC_RS33185,0,False,[],False
SC_RS33190,0,False,[],False
SC_RS33195,0,False,[],False
SC_RS33200,0,False,[],True
SC_RS33205,0,False,[],False
SC_RS33210,0,False,[],False
SC_RS33215,0,False,[],False
SC_RS33220,0,False,[],False
SC_RS33225,0,False,[],False
SC_RS33230,0,False,[],False
SC_RS33235,1,True,[-123],True
SC_RS33240,0,False,[],False
SC_RS33245,0,False,[],False
SC_RS33250,0,False,[],False
SC_RS33255,0,False,[],False
SC_RS33260,0,False,[],False
SC_RS33265,0,False,[],False
SC_RS33270,0,False,[],False
SC_RS33275,1,True,[-116],False
SC_RS33280,0,False,[],False
SC_RS33285,0,False,[],False
SC_RS33290,0,False,[],False
SC_RS33295,0,False,[],True
SC_RS33300,0,False,[],False
SC_RS33305,0,False,[],False
SC_RS33310,0,False,[],False
SC_RS33315,0,False,[],False
SC_RS33320,0,False,[],False
SC_RS33330,0,False,[],False
SC_RS33335,0,False,[],False
SC_RS33340,0,False,[],False
SC_RS33345,0,False,[],False
SC_RS33350,0,False,[],False
SC_RS33355,0,False,[],False
SC_RS33360,0,False,[],False
SC_RS33365,0,False,[],False
SC_RS33370,0,False,[],False
SC_RS33375,0,False,[],False
SC_RS33380,0,False,[],False
SC_RS33385,0,False,[],False
SC_RS33390,0,False,[],False
SC_RS33395,0,False,[],False
SC_RS33400,0,False,[],False
SC_RS33405,0,False,[],False
SC_RS33410,0,False,[],False
SC_RS33415,0,False,[],False
SC_RS33420,1,True,[-166],False
SC_RS33425,0,False,[],False
SC_RS33430,0,False,[],False
SC_RS33435,0,False,[],False
SC_RS33440,0,False,[],False
SC_RS33445,0,False,[],False
SC_RS33450,0,False,[],False
SC_RS33455,0,False,[],False
SC_RS33460,0,False,[],False
SC_RS33465,0,False,[],False
SC_RS33470,0,False,[],False
SC_RS33475,0,False,[],False
SC_RS33480,0,False,[],False
SC_RS33485,0,False,[],False
SC_RS33490,0,False,[],False
SC_RS33495,0,False,[],False
SC_RS33500,0,False,[],False
SC_RS33505,0,False,[],False
SC_RS33510,0,False,[],False
SC_RS33515,0,False,[],False
SC_RS33520,0,False,[],False
SC_RS33525,0,False,[],False
SC_RS33530,0,False,[],False
SC_RS33535,0,False,[],False
SC_RS33540,0,False,[],False
SC_RS33545,0,False,[],False
SC_RS33550,0,False,[],False
SC_RS33555,0,False,[],False
SC_RS33560,0,False,[],False
SC_RS33565,0,False,[],False
SC_RS33570,0,False,[],False
SC_RS33575,0,False,[],False
SC_RS33580,0,False,[],False
SC_RS33585,0,False,[],False
SC_RS33590,0,False,[],False
SC_RS33595,0,False,[],False
SC_RS33600,0,False,[],False
SC_RS33605,0,False,[],False
SC_RS33610,0,False,[],False
SC_RS33615,0,False,[],False
SC_RS33625,0,False,[],False
SC_RS33630,0,False,[],False
SC_RS33635,0,False,[],False
SC_RS33640,0,False,[],False
SC_RS33645,0,False,[],False
SC_RS33650,0,False,[],False
SC_RS33655,0,False,[],False
SC_RS33660,0,False,[],False
SC_RS33665,0,False,[],False
SC_RS33670,0,False,[],True
SC_RS33675,0,False,[],False
SC_RS33680,0,False,[],False
SC_RS33685,0,False,[],False
SC_RS33690,0,False,[],False
SC_RS33695,0,False,[],False
SC_RS33700,0,False,[],False
SC_RS33705,0,False,[],False
SC_RS33710,0,False,[],False
SC_RS33715,0,False,[],False
SC_RS33720,0,False,[],False
SC_RS33725,0,False,[],False
SC_RS33730,0,False,[],False
SC_RS33735,0,False,[],False
SC_RS33740,0,False,[],False
SC_RS33745,0,False,[],True
SC_RS33750,0,False,[],False
SC_RS33760,0,False,[],False
SC_RS33765,0,False,[],False
SC_RS33770,0,False,[],False
SC_RS33775,0,False,[],False
SC_RS33780,0,False,[],False
SC_RS33785,0,False,[],False
SC_RS33790,0,False,[],False
SC_RS33795,0,False,[],False
SC_RS33800,0,False,[],False
SC_RS33805,0,False,[],False
SC_RS33810,0,False,[],False
SC_RS33815,0,False,[],False
SC_RS33820,0,False,[],False
SC_RS33825,0,False,[],False
SC_RS33830,0,False,[],False
SC_RS33840,0,False,[],False
SC_RS33845,0,False,[],False
SC_RS33850,0,False,[],False
SC_RS33860,0,False,[],False
SC_RS33865,0,False,[],False
SC_RS33870,0,False,[],False
SC_RS33875,0,False,[],False
SC_RS33880,0,False,[],False
SC_RS33885,0,False,[],False
SC_RS33890,0,False,[],False
SC_RS33895,0,False,[],False
SC_RS33900,0,False,[],False
SC_RS33915,0,False,[],False
SC_RS33920,0,False,[],False
SC_RS33925,0,False,[],False
SC_RS33930,0,False,[],False
SC_RS33935,0,False,[],False
SC_RS33940,0,False,[],False
SC_RS33945,0,False,[],False
SC_RS33950,0,False,[],True
SC_RS33955,0,False,[],False
SC_RS33960,0,False,[],False
SC_RS33965,0,False,[],False
SC_RS33970,1,True,[-157],False
SC_RS33980,0,False,[],False
SC_RS33985,0,False,[],False
SC_RS33990,0,False,[],False
SC_RS33995,0,False,[],False
SC_RS34000,0,False,[],False
SC_RS34005,0,False,[],False
SC_RS34010,0,False,[],False
SC_RS34015,0,False,[],False
SC_RS34020,0,False,[],False
SC_RS34025,0,False,[],False
SC_RS34030,0,False,[],False
SC_RS34035,0,False,[],False
SC_RS34040,0,False,[],False
SC_RS34045,0,False,[],False
SC_RS34050,0,False,[],False
SC_RS34055,0,False,[],False
SC_RS34060,0,False,[],False
SC_RS34065,0,False,[],False
SC_RS34070,0,False,[],False
SC_RS34075,0,False,[],False
SC_RS34080,0,False,[],False
SC_RS34085,0,False,[],False
SC_RS34090,0,False,[],False
SC_RS34095,0,False,[],False
SC_RS34105,0,False,[],False
SC_RS34115,0,False,[],False
SC_RS34120,0,False,[],False
SC_RS34125,0,False,[],False
SC_RS34135,0,False,[],False
SC_RS34140,1,True,[-292],False
SC_RS34145,0,False,[],False
SC_RS34155,0,False,[],False
SC_RS34165,1,True,[-270],True
SC_RS34170,0,False,[],False
SC_RS34175,0,False,[],False
SC_RS34180,0,False,[],False
SC_RS34185,1,True,[-7],True
SC_RS34195,0,False,[],False
SC_RS34205,0,False,[],False
SC_RS34210,0,False,[],False
SC_RS34215,0,False,[],False
SC_RS34220,0,False,[],False
SC_RS34230,0,False,[],False
SC_RS34235,0,False,[],False
SC_RS34240,0,False,[],False
SC_RS34245,0,False,[],False
SC_RS34250,1,True,[-87],True
SC_RS34255,0,False,[],False
SC_RS34260,0,False,[],False
SC_RS34265,0,False,[],True
SC_RS34270,0,False,[],False
SC_RS34275,0,False,[],False
SC_RS34280,0,False,[],False
SC_RS34285,0,False,[],False
SC_RS34290,0,False,[],False
SC_RS34295,0,False,[],False
SC_RS34300,0,False,[],False
SC_RS34305,0,False,[],False
SC_RS34310,0,False,[],True
SC_RS34315,0,False,[],False
SC_RS34320,0,False,[],False
SC_RS34325,0,False,[],False
SC_RS34330,0,False,[],False
SC_RS34335,0,False,[],False
SC_RS34340,0,False,[],False
SC_RS34345,0,False,[],False
SC_RS34350,0,False,[],True
SC_RS34355,0,False,[],False
SC_RS34360,0,False,[],False
SC_RS34365,0,False,[],False
SC_RS34370,0,False,[],True
SC_RS34375,0,False,[],True
SC_RS34380,0,False,[],True
SC_RS34385,0,False,[],False
SC_RS34390,0,False,[],False
SC_RS34395,0,False,[],False
SC_RS34400,0,False,[],False
SC_RS34405,0,False,[],False
SC_RS34410,0,False,[],False
SC_RS34415,0,False,[],False
SC_RS34420,0,False,[],False
SC_RS34425,0,False,[],False
SC_RS34430,0,False,[],False
SC_RS34435,0,False,[],False
SC_RS34440,0,False,[],False
SC_RS34445,0,False,[],False
SC_RS34450,0,False,[],False
SC_RS34455,0,False,[],False
SC_RS34460,0,False,[],False
SC_RS34465,0,False,[],False
SC_RS34470,0,False,[],False
SC_RS34475,0,False,[],False
SC_RS34480,0,False,[],False
SC_RS34485,0,False,[],False
SC_RS34490,0,False,[],False
SC_RS34495,0,False,[],False
SC_RS34500,0,False,[],False
SC_RS34505,0,False,[],False
SC_RS34510,0,False,[],True
SC_RS34515,0,False,[],False
SC_RS34520,0,False,[],False
SC_RS34525,0,False,[],False
SC_RS34530,0,False,[],False
SC_RS34535,0,False,[],False
SC_RS34540,0,False,[],False
SC_RS34545,0,False,[],False
SC_RS34550,0,False,[],False
SC_RS34555,0,False,[],False
SC_RS34560,0,False,[],False
SC_RS34565,0,False,[],False
SC_RS34570,0,False,[],False
SC_RS34575,0,False,[],False
SC_RS34580,0,False,[],False
SC_RS34585,0,False,[],False
SC_RS34590,0,False,[],False
SC_RS34595,0,False,[],False
SC_RS34600,0,False,[],False
SC_RS34605,0,False,[],False
SC_RS34610,0,False,[],False
SC_RS34615,0,False,[],True
SC_RS34620,0,False,[],True
SC_RS34625,0,False,[],False
SC_RS34630,0,False,[],False
SC_RS34635,0,False,[],False
SC_RS34640,0,False,[],False
SC_RS34645,0,False,[],False
SC_RS34650,0,False,[],False
SC_RS34655,0,False,[],False
SC_RS34660,1,True,[-59],False
SC_RS34665,1,True,[-28],False
SC_RS34670,0,False,[],False
SC_RS34675,0,False,[],False
SC_RS34680,0,False,[],True
SC_RS34685,0,False,[],False
SC_RS34690,0,False,[],False
SC_RS34695,0,False,[],False
SC_RS34700,0,False,[],False
SC_RS34705,0,False,[],False
SC_RS34710,0,False,[],False
SC_RS34715,0,False,[],False
SC_RS34720,0,False,[],False
SC_RS34725,0,False,[],False
SC_RS34730,0,False,[],False
SC_RS34735,0,False,[],False
SC_RS34740,0,False,[],False
SC_RS34745,0,False,[],False
SC_RS34750,0,False,[],False
SC_RS34755,0,False,[],False
SC_RS34760,0,False,[],False
SC_RS34765,0,False,[],False
SC_RS34770,0,False,[],False
SC_RS34775,0,False,[],False
SC_RS34780,0,False,[],False
SC_RS34785,0,False,[],False
SC_RS34790,0,False,[],False
SC_RS34795,0,False,[],True
SC_RS34800,0,False,[],False
SC_RS34805,0,False,[],True
SC_RS34810,0,False,[],False
SC_RS34815,0,False,[],False
SC_RS34820,0,False,[],False
SC_RS34825,0,False,[],False
SC_RS34830,0,False,[],True
SC_RS34835,0,False,[],False
SC_RS34840,0,False,[],False
SC_RS34845,0,False,[],False
SC_RS34850,0,False,[],False
SC_RS34855,0,False,[],False
SC_RS34860,0,False,[],False
SC_RS34865,0,False,[],False
SC_RS34870,0,False,[],False
SC_RS34875,0,False,[],False
SC_RS34880,0,False,[],False
SC_RS34885,0,False,[],False
SC_RS34890,0,False,[],True
SC_RS34895,0,False,[],False
SC_RS34900,0,False,[],True
SC_RS34905,0,False,[],False
SC_RS34910,0,False,[],False
SC_RS34915,0,False,[],False
SC_RS34920,0,False,[],True
SC_RS34925,0,False,[],False
SC_RS34930,0,False,[],False
SC_RS34935,0,False,[],True
SC_RS34940,0,False,[],False
SC_RS34945,0,False,[],False
SC_RS34950,0,False,[],True
SC_RS34955,0,False,[],False
SC_RS34960,0,False,[],False
SC_RS34965,0,False,[],False
SC_RS34970,0,False,[],False
SC_RS34975,0,False,[],False
SC_RS34980,0,False,[],False
SC_RS34985,0,False,[],False
SC_RS34990,0,False,[],False
SC_RS34995,0,False,[],False
SC_RS35000,0,False,[],False
SC_RS35005,0,False,[],False
SC_RS35010,0,False,[],False
SC_RS35015,0,False,[],False
SC_RS35020,0,False,[],False
SC_RS35025,0,False,[],False
SC_RS35030,0,False,[],False
SC_RS35035,1,True,[-12],False
SC_RS35040,0,False,[],False
SC_RS35045,1,True,[-99],True
SC_RS35050,0,False,[],False
SC_RS35055,0,False,[],True
SC_RS35060,0,False,[],False
SC_RS35065,0,False,[],False
SC_RS35070,0,False,[],True
SC_RS35075,0,False,[],False
SC_RS35080,0,False,[],False
SC_RS35085,0,False,[],False
SC_RS35090,0,False,[],True
SC_RS35095,0,False,[],False
SC_RS35100,2,True,"[-294, -149]",False
SC_RS35105,0,False,[],False
SC_RS35110,0,False,[],False
SC_RS35115,0,False,[],False
SC_RS35120,0,False,[],False
SC_RS35125,0,False,[],False
SC_RS35130,1,True,[-236],False
SC_RS35135,0,False,[],False
SC_RS35140,0,False,[],False
SC_RS35145,0,False,[],False
SC_RS35150,0,False,[],False
SC_RS35155,0,False,[],False
SC_RS35160,0,False,[],False
SC_RS35165,0,False,[],False
SC_RS35170,0,False,[],False
SC_RS35175,0,False,[],False
SC_RS35180,0,False,[],False
SC_RS35185,0,False,[],False
SC_RS35190,0,False,[],False
SC_RS35195,0,False,[],True
SC_RS35200,0,False,[],False
SC_RS35205,0,False,[],False
SC_RS35210,0,False,[],False
SC_RS35215,0,False,[],False
SC_RS35220,1,True,[-106],False
SC_RS35230,0,False,[],False
SC_RS35235,0,False,[],False
SC_RS35240,1,True,[-228],True
SC_RS35245,0,False,[],False
SC_RS35250,0,False,[],False
SC_RS35255,0,False,[],False
SC_RS35260,0,False,[],False
SC_RS35265,0,False,[],False
SC_RS35270,1,True,[-78],True
SC_RS35275,0,False,[],False
SC_RS35280,0,False,[],False
SC_RS35290,0,False,[],False
SC_RS35295,0,False,[],False
SC_RS35300,0,False,[],False
SC_RS35305,0,False,[],False
SC_RS35310,1,True,[-83],False
SC_RS35315,1,True,[-43],False
SC_RS35320,0,False,[],False
SC_RS35325,0,False,[],False
SC_RS35330,0,False,[],False
SC_RS35335,0,False,[],False
SC_RS35340,0,False,[],False
SC_RS35345,0,False,[],False
SC_RS35350,0,False,[],False
SC_RS35355,0,False,[],False
SC_RS35360,0,False,[],True
SC_RS35365,0,False,[],False
SC_RS35370,0,False,[],False
SC_RS35375,0,False,[],False
SC_RS35380,0,False,[],False
SC_RS35385,0,False,[],False
SC_RS35390,0,False,[],False
SC_RS35395,0,False,[],False
SC_RS35400,0,False,[],False
SC_RS35405,0,False,[],False
SC_RS35410,0,False,[],False
SC_RS35415,0,False,[],False
SC_RS35420,0,False,[],True
SC_RS35425,0,False,[],False
SC_RS35435,0,False,[],False
SC_RS35440,0,False,[],False
SC_RS35445,0,False,[],False
SC_RS35455,0,False,[],False
SC_RS35460,0,False,[],False
SC_RS35465,0,False,[],False
SC_RS35470,0,False,[],False
SC_RS35475,0,False,[],False
SC_RS35480,0,False,[],False
SC_RS35485,1,True,[-86],True
SC_RS35490,0,False,[],False
SC_RS35495,0,False,[],False
SC_RS35500,0,False,[],False
SC_RS35505,0,False,[],False
SC_RS35510,0,False,[],False
SC_RS35515,0,False,[],False
SC_RS35520,0,False,[],False
SC_RS35525,0,False,[],True
SC_RS35530,0,False,[],False
SC_RS35535,0,False,[],False
SC_RS35540,0,False,[],False
SC_RS35545,0,False,[],False
SC_RS35550,0,False,[],False
SC_RS35555,0,False,[],False
SC_RS35560,0,False,[],False
SC_RS35565,0,False,[],False
SC_RS35575,0,False,[],False
SC_RS35580,0,False,[],False
SC_RS35585,0,False,[],False
SC_RS35590,0,False,[],False
SC_RS35595,0,False,[],False
SC_RS35600,0,False,[],False
SC_RS35605,0,False,[],True
SC_RS35610,0,False,[],True
SC_RS35615,0,False,[],True
SC_RS35620,0,False,[],False
SC_RS35625,0,False,[],False
SC_RS35630,0,False,[],True
SC_RS35635,0,False,[],False
SC_RS35640,0,False,[],False
SC_RS35645,0,False,[],False
SC_RS35650,0,False,[],False
SC_RS35655,0,False,[],False
SC_RS35660,0,False,[],False
SC_RS35665,0,False,[],False
SC_RS35670,0,False,[],False
SC_RS35675,0,False,[],False
SC_RS35680,0,False,[],False
SC_RS35685,0,False,[],False
SC_RS35690,0,False,[],False
SC_RS35695,0,False,[],False
SC_RS35700,0,False,[],False
SC_RS35705,0,False,[],False
SC_RS35710,0,False,[],False
SC_RS35715,0,False,[],False
SC_RS35720,0,False,[],False
SC_RS35725,0,False,[],False
SC_RS35730,0,False,[],False
SC_RS35735,0,False,[],True
SC_RS35740,0,False,[],False
SC_RS35745,0,False,[],True
SC_RS35750,0,False,[],False
SC_RS35755,0,False,[],False
SC_RS35760,0,False,[],False
SC_RS35765,0,False,[],True
SC_RS35770,0,False,[],False
SC_RS35775,0,False,[],False
SC_RS35780,0,False,[],False
SC_RS35785,0,False,[],False
SC_RS35790,0,False,[],False
SC_RS35795,0,False,[],False
SC_RS35800,1,True,[-33],True
SC_RS35805,1,True,[-300],True
SC_RS35810,0,False,[],False
SC_RS35815,0,False,[],False
SC_RS35820,0,False,[],False
SC_RS35825,0,False,[],False
SC_RS35830,0,False,[],False
SC_RS35835,0,False,[],False
SC_RS35840,0,False,[],False
SC_RS35845,0,False,[],False
SC_RS35850,0,False,[],False
SC_RS35855,0,False,[],False
SC_RS35860,0,False,[],False
SC_RS35865,1,True,[-257],False
SC_RS35870,0,False,[],False
SC_RS35875,0,False,[],False
SC_RS35880,0,False,[],False
SC_RS35885,0,False,[],False
SC_RS35890,0,False,[],True
SC_RS35895,0,False,[],True
SC_RS35900,0,False,[],False
SC_RS35905,1,True,[-172],False
SC_RS35910,0,False,[],False
SC_RS35915,0,False,[],False
SC_RS35920,0,False,[],False
SC_RS35925,0,False,[],False
SC_RS35930,0,False,[],False
SC_RS35935,0,False,[],False
SC_RS35940,0,False,[],False
SC_RS35945,0,False,[],False
SC_RS35950,0,False,[],False
SC_RS35955,0,False,[],False
SC_RS35960,0,False,[],False
SC_RS35965,0,False,[],False
SC_RS35970,1,True,[39],True
SC_RS35975,0,False,[],False
SC_RS35980,0,False,[],False
SC_RS35985,1,True,[-133],True
SC_RS35990,0,False,[],False
SC_RS35995,0,False,[],False
SC_RS36000,0,False,[],False
SC_RS36005,0,False,[],False
SC_RS36010,0,False,[],False
SC_RS36015,0,False,[],False
SC_RS36020,0,False,[],False
SC_RS36025,0,False,[],False
SC_RS36030,0,False,[],False
SC_RS36035,0,False,[],False
SC_RS36040,0,False,[],False
SC_RS36045,0,False,[],False
SC_RS36050,0,False,[],False
SC_RS36055,0,False,[],True
SC_RS36060,0,False,[],False
SC_RS36065,0,False,[],False
SC_RS36070,0,False,[],False
SC_RS36075,0,False,[],False
SC_RS36080,0,False,[],False
SC_RS36085,0,False,[],False
SC_RS36090,0,False,[],False
SC_RS36095,0,False,[],False
SC_RS36100,0,False,[],False
SC_RS36105,0,False,[],False
SC_RS36110,0,False,[],False
SC_RS36115,0,False,[],True
SC_RS36120,0,False,[],False
SC_RS36125,0,False,[],False
SC_RS36130,0,False,[],False
SC_RS36135,0,False,[],False
SC_RS36140,0,False,[],False
SC_RS36145,0,False,[],False
SC_RS36150,0,False,[],False
SC_RS36155,0,False,[],False
SC_RS36160,0,False,[],True
SC_RS36165,0,False,[],False
SC_RS36170,0,False,[],False
SC_RS36175,1,True,[-136],True
SC_RS36180,0,False,[],False
SC_RS36185,0,False,[],False
SC_RS36190,0,False,[],False
SC_RS36195,0,False,[],False
SC_RS36200,0,False,[],False
SC_RS36205,0,False,[],False
SC_RS36210,0,False,[],False
SC_RS36215,0,False,[],False
SC_RS36220,0,False,[],True
SC_RS36225,0,False,[],False
SC_RS36230,0,False,[],False
SC_RS36235,0,False,[],False
SC_RS36240,0,False,[],True
SC_RS36245,0,False,[],False
SC_RS36250,0,False,[],False
SC_RS36255,0,False,[],False
SC_RS36260,0,False,[],False
SC_RS36265,0,False,[],False
SC_RS36270,0,False,[],False
SC_RS36275,0,False,[],False
SC_RS36280,0,False,[],True
SC_RS36285,0,False,[],False
SC_RS36290,0,False,[],False
SC_RS36295,0,False,[],False
SC_RS36300,0,False,[],True
SC_RS36305,0,False,[],False
SC_RS36310,0,False,[],False
SC_RS36315,0,False,[],True
SC_RS36320,0,False,[],False
SC_RS36325,0,False,[],False
SC_RS36330,0,False,[],False
SC_RS36335,0,False,[],False
SC_RS36340,0,False,[],False
SC_RS36345,0,False,[],False
SC_RS36350,0,False,[],False
SC_RS36360,0,False,[],False
SC_RS36365,0,False,[],False
SC_RS36370,0,False,[],False
SC_RS36375,0,False,[],False
SC_RS36380,0,False,[],False
SC_RS36385,0,False,[],False
SC_RS36390,0,False,[],False
SC_RS36395,0,False,[],False
SC_RS36400,0,False,[],False
SC_RS36405,0,False,[],False
SC_RS36410,0,False,[],False
SC_RS36415,0,False,[],False
SC_RS36420,0,False,[],False
SC_RS36430,0,False,[],False
SC_RS36435,0,False,[],False
SC_RS36440,1,True,[-234],False
SC_RS36445,0,False,[],False
SC_RS36450,0,False,[],False
SC_RS36455,0,False,[],False
SC_RS36460,0,False,[],False
SC_RS36465,0,False,[],False
SC_RS36470,0,False,[],False
SC_RS36475,0,False,[],False
SC_RS36480,0,False,[],False
SC_RS36485,0,False,[],False
SC_RS36490,0,False,[],False
SC_RS36495,0,False,[],False
SC_RS36500,1,True,[-230],False
SC_RS36505,0,False,[],False
SC_RS36510,0,False,[],False
SC_RS36515,0,False,[],False
SC_RS36520,0,False,[],False
SC_RS36525,0,False,[],False
SC_RS36530,0,False,[],False
SC_RS36535,0,False,[],False
SC_RS36540,0,False,[],False
SC_RS36545,0,False,[],False
SC_RS36550,0,False,[],False
SC_RS36555,0,False,[],False
SC_RS36560,0,False,[],True
SC_RS36565,0,False,[],False
SC_RS36570,0,False,[],False
SC_RS36575,0,False,[],False
SC_RS36580,0,False,[],False
SC_RS36585,0,False,[],False
SC_RS36590,0,False,[],False
SC_RS36595,0,False,[],False
SC_RS36600,0,False,[],False
SC_RS36605,0,False,[],False
SC_RS36610,0,False,[],False
SC_RS36615,1,True,[-287],False
SC_RS36620,0,False,[],False
SC_RS36625,0,False,[],False
SC_RS36630,0,False,[],False
SC_RS36635,0,False,[],False
SC_RS36640,0,False,[],False
SC_RS36645,0,False,[],False
SC_RS36655,0,False,[],False
SC_RS36665,0,False,[],False
SC_RS36670,0,False,[],False
SC_RS36675,0,False,[],False
SC_RS36680,0,False,[],False
SC_RS36685,0,False,[],False
SC_RS36690,0,False,[],False
SC_RS36695,0,False,[],False
SC_RS36700,0,False,[],False
SC_RS36705,0,False,[],False
SC_RS36710,0,False,[],False
SC_RS36715,0,False,[],False
SC_RS36720,0,False,[],False
SC_RS36725,0,False,[],False
SC_RS36730,0,False,[],False
SC_RS36735,0,False,[],False
SC_RS36740,0,False,[],False
SC_RS36745,1,True,[-231],False
SC_RS36750,0,False,[],False
SC_RS36755,0,False,[],False
SC_RS36760,0,False,[],False
SC_RS36765,0,False,[],False
SC_RS36770,0,False,[],False
SC_RS36775,0,False,[],False
SC_RS36780,0,False,[],False
SC_RS36785,0,False,[],False
SC_RS36790,0,False,[],False
SC_RS36795,0,False,[],False
SC_RS36800,0,False,[],False
SC_RS36805,0,False,[],False
SC_RS36810,0,False,[],False
SC_RS36815,0,False,[],False
SC_RS36820,1,True,[10],True
SC_RS36825,0,False,[],False
SC_RS36830,0,False,[],False
SC_RS36835,0,False,[],False
SC_RS36840,0,False,[],False
SC_RS36845,1,True,[-61],True
SC_RS36850,0,False,[],False
SC_RS36855,0,False,[],False
SC_RS36860,0,False,[],False
SC_RS36865,0,False,[],False
SC_RS36870,0,False,[],False
SC_RS36875,0,False,[],False
SC_RS36880,0,False,[],False
SC_RS36885,0,False,[],False
SC_RS36890,0,False,[],False
SC_RS36895,0,False,[],False
SC_RS36900,0,False,[],False
SC_RS36905,0,False,[],False
SC_RS36910,0,False,[],False
SC_RS36915,0,False,[],False
SC_RS36920,0,False,[],False
SC_RS36925,0,False,[],False
SC_RS36930,0,False,[],True
SC_RS36935,0,False,[],False
SC_RS36940,0,False,[],False
SC_RS36945,0,False,[],False
SC_RS36950,0,False,[],False
SC_RS36955,0,False,[],False
SC_RS36960,0,False,[],False
SC_RS36965,0,False,[],False
SC_RS36970,0,False,[],False
SC_RS36975,0,False,[],False
SC_RS36980,0,False,[],False
SC_RS36985,0,False,[],False
SC_RS36990,1,True,[-187],False
SC_RS36995,0,False,[],False
SC_RS37000,0,False,[],False
SC_RS37005,0,False,[],False
SC_RS37010,0,False,[],False
SC_RS37015,0,False,[],False
SC_RS37020,0,False,[],False
SC_RS37025,0,False,[],False
SC_RS37030,0,False,[],False
SC_RS37035,0,False,[],True
SC_RS37040,0,False,[],False
SC_RS37045,0,False,[],False
SC_RS37050,0,False,[],False
SC_RS37055,0,False,[],False
SC_RS37060,0,False,[],False
SC_RS37065,0,False,[],True
SC_RS37070,0,False,[],False
SC_RS37075,0,False,[],False
SC_RS37080,0,False,[],False
SC_RS37085,0,False,[],False
SC_RS37090,0,False,[],False
SC_RS37095,0,False,[],False
SC_RS37100,0,False,[],False
SC_RS37105,0,False,[],False
SC_RS37110,0,False,[],False
SC_RS37115,0,False,[],False
SC_RS37120,0,False,[],False
SC_RS37125,0,False,[],False
SC_RS37130,0,False,[],False
SC_RS37135,0,False,[],True
SC_RS37140,0,False,[],False
SC_RS37145,0,False,[],False
SC_RS37150,0,False,[],False
SC_RS37155,0,False,[],False
SC_RS37160,0,False,[],False
SC_RS37165,0,False,[],True
SC_RS37170,0,False,[],False
SC_RS37175,0,False,[],False
SC_RS37180,0,False,[],False
SC_RS37185,0,False,[],False
SC_RS37190,0,False,[],False
SC_RS37195,0,False,[],False
SC_RS37200,0,False,[],False
SC_RS37205,0,False,[],False
SC_RS37210,0,False,[],False
SC_RS37215,0,False,[],False
SC_RS37220,0,False,[],False
SC_RS37225,0,False,[],False
SC_RS37230,0,False,[],False
SC_RS37235,0,False,[],False
SC_RS37240,0,False,[],True
SC_RS37245,0,False,[],False
SC_RS37250,0,False,[],False
SC_RS37255,0,False,[],False
SC_RS37260,0,False,[],False
SC_RS37265,0,False,[],False
SC_RS37270,0,False,[],True
SC_RS37275,0,False,[],False
SC_RS37280,0,False,[],False
SC_RS37285,0,False,[],False
SC_RS37290,0,False,[],False
SC_RS37295,0,False,[],False
SC_RS37300,0,False,[],False
SC_RS37305,0,False,[],False
SC_RS37310,0,False,[],False
SC_RS37315,0,False,[],False
SC_RS37320,0,False,[],True
SC_RS37330,0,False,[],False
SC_RS37335,0,False,[],False
SC_RS37340,1,True,[-231],True
SC_RS37345,1,True,[20],False
SC_RS37350,0,False,[],False
SC_RS37355,0,False,[],False
SC_RS37360,0,False,[],False
SC_RS37365,0,False,[],False
SC_RS37370,0,False,[],False
SC_RS37375,0,False,[],False
SC_RS37380,0,False,[],False
SC_RS37385,0,False,[],False
SC_RS37390,0,False,[],False
SC_RS37395,0,False,[],False
SC_RS37400,0,False,[],False
SC_RS37405,0,False,[],False
SC_RS37410,0,False,[],False
SC_RS37415,0,False,[],False
SC_RS37425,0,False,[],False
SC_RS37430,0,False,[],False
SC_RS37435,0,False,[],False
SC_RS37440,0,False,[],False
SC_RS37445,0,False,[],False
SC_RS37450,0,False,[],False
SC_RS37455,0,False,[],False
SC_RS37460,0,False,[],False
SC_RS37465,0,False,[],False
SC_RS37470,0,False,[],False
SC_RS37475,0,False,[],False
SC_RS37480,0,False,[],False
SC_RS37485,0,False,[],False
SC_RS37490,0,False,[],False
SC_RS37495,0,False,[],False
SC_RS37500,0,False,[],False
SC_RS37505,0,False,[],False
SC_RS37510,0,False,[],False
SC_RS37515,0,False,[],False
SC_RS37520,0,False,[],True
SC_RS37525,1,True,[-66],True
SC_RS37530,0,False,[],False
SC_RS37535,0,False,[],False
SC_RS37540,0,False,[],False
SC_RS37545,0,False,[],False
SC_RS37550,0,False,[],True
SC_RS37555,1,True,[-145],False
SC_RS37560,0,False,[],False
SC_RS37565,0,False,[],False
SC_RS37570,0,False,[],False
SC_RS37575,0,False,[],False
SC_RS37580,0,False,[],False
SC_RS37585,0,False,[],False
SC_RS37590,0,False,[],False
SC_RS37595,0,False,[],False
SC_RS37605,0,False,[],False
SC_RS37610,1,True,[-195],False
SC_RS37615,0,False,[],False
SC_RS37620,0,False,[],False
SC_RS37640,0,False,[],False
SC_RS37655,0,False,[],False
SC_RS37660,0,False,[],False
SC_RS37665,0,False,[],False
SC_RS37670,0,False,[],False
SC_RS37675,0,False,[],False
SC_RS37680,0,False,[],False
SC_RS37685,0,False,[],False
SC_RS37690,0,False,[],False
SC_RS37695,0,False,[],False
SC_RS37700,0,False,[],False
SC_RS37705,0,False,[],False
SC_RS37710,0,False,[],False
SC_RS37715,0,False,[],False
SC_RS37720,0,False,[],False
SC_RS37725,0,False,[],False
SC_RS37730,1,True,[34],False
SC_RS37735,0,False,[],False
SC_RS37740,0,False,[],False
SC_RS37745,0,False,[],False
SC_RS37750,0,False,[],False
SC_RS37755,0,False,[],False
SC_RS37760,0,False,[],False
SC_RS37765,0,False,[],False
SC_RS37770,0,False,[],False
SC_RS37780,0,False,[],False
SC_RS37785,0,False,[],False
SC_RS37790,0,False,[],False
SC_RS37795,0,False,[],False
SC_RS37800,1,True,[-264],False
SC_RS37805,0,False,[],False
SC_RS37810,0,False,[],False
SC_RS37815,0,False,[],False
SC_RS37820,0,False,[],False
SC_RS37825,0,False,[],False
SC_RS37830,0,False,[],False
SC_RS37835,0,False,[],False
SC_RS37840,0,False,[],False
SC_RS37845,0,False,[],False
SC_RS37850,0,False,[],False
SC_RS37855,0,False,[],False
SC_RS37860,0,False,[],False
SC_RS37865,1,True,[-136],False
SC_RS37870,0,False,[],False
SC_RS37875,0,False,[],False
SC_RS37880,0,False,[],False
SC_RS37885,0,False,[],False
SC_RS37890,0,False,[],False
SC_RS37895,0,False,[],False
SC_RS37900,0,False,[],False
SC_RS37905,0,False,[],False
SC_RS37910,0,False,[],True
SC_RS37915,0,False,[],False
SC_RS37920,0,False,[],False
SC_RS37925,0,False,[],False
SC_RS37930,0,False,[],False
SC_RS37935,0,False,[],False
SC_RS37940,0,False,[],True
SC_RS37945,0,False,[],False
SC_RS37950,0,False,[],False
SC_RS37955,0,False,[],False
SC_RS37960,0,False,[],False
SC_RS37965,0,False,[],False
SC_RS37975,0,False,[],False
SC_RS37980,0,False,[],False
SC_RS37985,0,False,[],False
SC_RS37990,0,False,[],False
SC_RS37995,0,False,[],False
SC_RS38000,0,False,[],False
SC_RS38005,0,False,[],False
SC_RS38015,0,False,[],False
SC_RS38020,0,False,[],False
SC_RS38025,0,False,[],False
SC_RS38030,0,False,[],False
SC_RS38035,0,False,[],False
SC_RS38040,0,False,[],False
SC_RS38045,0,False,[],False
SC_RS38050,0,False,[],False
SC_RS38055,0,False,[],False
SC_RS38060,0,False,[],False
SC_RS38065,0,False,[],False
SC_RS38070,0,False,[],False
SC_RS38075,0,False,[],False
SC_RS38080,0,False,[],False
SC_RS38085,0,False,[],False
SC_RS38090,0,False,[],False
SC_RS38095,0,False,[],False
SC_RS38100,0,False,[],False
SC_RS38105,0,False,[],False
SC_RS38110,0,False,[],False
SC_RS38115,0,False,[],False
SC_RS38120,0,False,[],False
SC_RS38125,0,False,[],False
SC_RS38130,0,False,[],False
SC_RS38135,0,False,[],False
SC_RS38140,0,False,[],False
SC_RS38145,0,False,[],False
SC_RS38150,0,False,[],False
SC_RS38155,0,False,[],False
SC_RS38160,0,False,[],False
SC_RS38165,0,False,[],False
SC_RS38170,0,False,[],False
SC_RS38175,0,False,[],False
SC_RS38180,0,False,[],False
SC_RS38185,0,False,[],False
SC_RS38195,0,False,[],False
SC_RS38200,0,False,[],False
SC_RS38205,1,True,[-134],False
SC_RS38210,0,False,[],False
SC_RS38215,0,False,[],False
SC_RS38220,0,False,[],False
SC_RS38225,1,True,[-31],True
SC_RS38230,0,False,[],False
SC_RS38235,0,False,[],False
SC_RS38240,0,False,[],False
SC_RS38245,0,False,[],False
SC_RS38250,0,False,[],False
SC_RS38255,0,False,[],False
SC_RS38260,0,False,[],False
SC_RS38265,0,False,[],False
SC_RS38270,0,False,[],False
SC_RS38275,1,True,[-114],True
SC_RS38280,1,True,[-296],False
SC_RS38285,0,False,[],False
SC_RS38290,0,False,[],False
SC_RS38295,0,False,[],False
SC_RS38300,0,False,[],False
SC_RS38305,0,False,[],False
SC_RS38310,0,False,[],False
SC_RS38315,0,False,[],False
SC_RS38320,0,False,[],False
SC_RS38325,0,False,[],False
SC_RS38330,0,False,[],False
SC_RS38335,0,False,[],False
SC_RS38340,0,False,[],False
SC_RS38345,0,False,[],False
SC_RS38350,0,False,[],False
SC_RS38355,0,False,[],False
SC_RS38360,0,False,[],False
SC_RS38365,0,False,[],False
SC_RS38370,0,False,[],False
SC_RS38375,0,False,[],False
SC_RS38380,0,False,[],True
SC_RS38385,0,False,[],True
SC_RS38390,0,False,[],False
SC_RS38395,0,False,[],True
SC_RS38400,0,False,[],False
SC_RS38405,0,False,[],False
SC_RS38410,0,False,[],False
SC_RS38415,0,False,[],False
SC_RS38420,0,False,[],False
SC_RS38425,0,False,[],False
SC_RS38430,0,False,[],False
SC_RS38435,0,False,[],False
SC_RS38440,0,False,[],False
SC_RS38445,0,False,[],False
SC_RS38450,0,False,[],False
SC_RS38455,0,False,[],False
SC_RS38460,0,False,[],False
SC_RS38465,0,False,[],False
SC_RS38470,0,False,[],False
SC_RS38475,0,False,[],True
SC_RS38480,0,False,[],False
SC_RS38485,0,False,[],False
SC_RS38490,0,False,[],False
SC_RS38495,0,False,[],False
SC_RS38500,0,False,[],False
SC_RS38505,0,False,[],False
SC_RS38510,0,False,[],False
SC_RS38515,0,False,[],True
SC_RS38520,0,False,[],False
SC_RS38525,0,False,[],False
SC_RS38530,0,False,[],False
SC_RS38535,0,False,[],False
SC_RS38540,0,False,[],False
SC_RS38545,0,False,[],False
SC_RS38550,0,False,[],False
SC_RS38555,0,False,[],False
SC_RS38560,0,False,[],False
SC_RS38565,0,False,[],False
SC_RS38570,0,False,[],False
SC_RS38575,0,False,[],False
SC_RS38580,0,False,[],False
SC_RS38585,0,False,[],False
SC_RS38590,0,False,[],False
SC_RS38595,0,False,[],False
SC_RS38600,0,False,[],False
SC_RS38605,1,True,[-236],True
SC_RS38610,1,True,[22],True
SC_RS38615,0,False,[],False
SC_RS38620,0,False,[],False
SC_RS38625,0,False,[],False
SC_RS38630,0,False,[],False
SC_RS38635,0,False,[],False
SC_RS38640,0,False,[],False
SC_RS38645,0,False,[],False
SC_RS38650,0,False,[],False
SC_RS38655,0,False,[],False
SC_RS38660,0,False,[],False
SC_RS38665,0,False,[],False
SC_RS38670,0,False,[],False
SC_RS38675,0,False,[],False
SC_RS38680,0,False,[],True
SC_RS38685,0,False,[],True
SC_RS38690,1,True,[-28],False
SC_RS38695,0,False,[],False
SC_RS38705,0,False,[],False
SC_RS38710,0,False,[],False
SC_RS38715,0,False,[],False
SC_RS38720,0,False,[],False
SC_RS38725,0,False,[],False
SC_RS38730,0,False,[],False
SC_RS38735,0,False,[],False
SC_RS38740,0,False,[],False
SC_RS38745,0,False,[],False
SC_RS38750,0,False,[],False
SC_RS38755,0,False,[],False
SC_RS38760,0,False,[],False
SC_RS38765,0,False,[],False
SC_RS38770,0,False,[],False
SC_RS38775,0,False,[],False
SC_RS38780,0,False,[],False
SC_RS38785,0,False,[],False
SC_RS38790,0,False,[],False
SC_RS38795,0,False,[],True
SC_RS38800,0,False,[],False
SC_RS38805,1,True,[-233],True
SC_RS38810,0,False,[],False
SC_RS38815,0,False,[],False
SC_RS38820,0,False,[],False
SC_RS38825,0,False,[],False
SC_RS38830,0,False,[],False
SC_RS38835,0,False,[],False
SC_RS38840,0,False,[],False
SC_RS38845,0,False,[],False
SC_RS38850,0,False,[],False
SC_RS38855,0,False,[],False
SC_RS38860,0,False,[],False
SC_RS38865,0,False,[],False
SC_RS38870,0,False,[],False
SC_RS38875,0,False,[],False
SC_RS38880,0,False,[],False
SC_RS38885,0,False,[],False
SC_RS38890,0,False,[],False
SC_RS38895,0,False,[],False
SC_RS38900,0,False,[],False
SC_RS38905,0,False,[],True
SC_RS38910,0,False,[],False
SC_RS38915,0,False,[],False
SC_RS38920,0,False,[],False
SC_RS38925,0,False,[],False
SC_RS38930,1,True,[-103],True
SC_RS38935,0,False,[],False
SC_RS38940,0,False,[],True
SC_RS38945,0,False,[],False
SC_RS38950,0,False,[],False
SC_RS38955,0,False,[],True
SC_RS38960,0,False,[],False
SC_RS38965,0,False,[],False
SC_RS38970,0,False,[],False
SC_RS38975,0,False,[],False
SC_RS38980,0,False,[],False
SC_RS38985,0,False,[],False
SC_RS38990,0,False,[],False
SC_RS38995,0,False,[],False
SC_RS39000,0,False,[],False
SC_RS39005,0,False,[],False
SC_RS39010,0,False,[],False
SC_RS39015,1,True,[-262],True
SC_RS39020,0,False,[],False
SC_RS39025,0,False,[],False
SC_RS39030,0,False,[],False
SC_RS39035,0,False,[],False
SC_RS39040,0,False,[],False
SC_RS39045,0,False,[],False
SC_RS39050,0,False,[],False
SC_RS39055,0,False,[],False
SC_RS39060,0,False,[],False
SC_RS39065,0,False,[],True
SC_RS39070,0,False,[],False
SC_RS39075,0,False,[],False
SC_RS39085,0,False,[],False
SC_RS39090,0,False,[],False
SC_RS39095,0,False,[],False
SC_RS39100,0,False,[],False
SC_RS39105,0,False,[],False
SC_RS39110,0,False,[],False
SC_RS39115,0,False,[],False
SC_RS39120,0,False,[],False
SC_RS39125,0,False,[],False
SC_RS39130,0,False,[],False
SC_RS39135,0,False,[],False
SC_RS39140,0,False,[],False
SC_RS39160,0,False,[],False
SC_RS39165,0,False,[],False
SC_RS39170,0,False,[],False
SC_RS39175,0,False,[],False
SC_RS39180,1,True,[-39],True
SC_RS39185,0,False,[],False
SC_RS39190,0,False,[],False
SC_RS39195,0,False,[],False
SC_RS39200,0,False,[],False
SC_RS39205,0,False,[],False
SC_RS39210,0,False,[],False
SC_RS39215,0,False,[],False
SC_RS39220,0,False,[],False
SC_RS39225,0,False,[],True
SC_RS39230,0,False,[],False
SC_RS39235,0,False,[],False
SC_RS39240,0,False,[],False
SC_RS39245,0,False,[],False
SC_RS39250,0,False,[],False
SC_RS39255,0,False,[],False
SC_RS39260,0,False,[],False
SC_RS39265,0,False,[],False
SC_RS39270,0,False,[],False
SC_RS39275,0,False,[],False
SC_RS39280,0,False,[],False
SC_RS39285,0,False,[],False
SC_RS39290,1,True,[19],True
SC_RS39295,0,False,[],False
SC_RS39300,0,False,[],False
SC_RS39305,0,False,[],False
SC_RS39310,0,False,[],True
SC_RS39315,0,False,[],False
SC_RS39320,0,False,[],False
SC_RS39325,0,False,[],False
SC_RS39330,0,False,[],False
SC_RS39335,0,False,[],False
SC_RS39340,0,False,[],False
SC_RS39345,0,False,[],False
SC_RS39350,0,False,[],False
SC_RS39355,0,False,[],False
SC_RS39360,0,False,[],False
SC_RS39365,0,False,[],False
SC_RS39370,0,False,[],False
SC_RS39375,0,False,[],False
SC_RS39380,0,False,[],True
SC_RS39385,0,False,[],False
SC_RS39390,0,False,[],False
SC_RS39395,0,False,[],False
SC_RS39400,0,False,[],False
SC_RS39405,0,False,[],False
SC_RS39410,0,False,[],False
SC_RS39415,0,False,[],False
SC_RS39420,0,False,[],False
SC_RS39425,0,False,[],True
SC_RS39430,0,False,[],False
SC_RS39435,0,False,[],False
SC_RS39440,0,False,[],True
SC_RS39445,0,False,[],False
SC_RS39450,0,False,[],False
SC_RS39455,0,False,[],False
SC_RS39460,0,False,[],False
SC_RS39465,1,True,[-85],True
SC_RS39470,0,False,[],False
SC_RS39475,0,False,[],False
SC_RS39480,0,False,[],False
SC_RS39485,0,False,[],False
SC_RS39490,0,False,[],False
SC_RS39495,0,False,[],False
SC_RS39500,0,False,[],False
SC_RS39505,0,False,[],False
SC_RS39510,0,False,[],False
SC_RS39515,0,False,[],False
SC_RS39520,0,False,[],False
SC_RS39525,0,False,[],False
SC_RS39530,0,False,[],False
SC_RS39535,0,False,[],False
SC_RS39540,0,False,[],False
SC_RS39545,0,False,[],False
SC_RS39550,0,False,[],False
SC_RS39555,0,False,[],True
SC_RS39560,0,False,[],True
SC_RS39565,1,True,[21],False
SC_RS39570,1,True,[-300],False
SC_RS39575,0,False,[],False
SC_RS39580,0,False,[],False
SC_RS39585,0,False,[],False
SC_RS39590,0,False,[],False
SC_RS39595,0,False,[],False
SC_RS39600,0,False,[],False
SC_RS39605,0,False,[],False
SC_RS39610,0,False,[],False
SC_RS39615,0,False,[],False
SC_RS39620,0,False,[],False
SC_RS39630,0,False,[],True
SC_RS39635,0,False,[],False
SC_RS39640,0,False,[],False
SC_RS39645,0,False,[],False
SC_RS39650,0,False,[],False
SC_RS39655,0,False,[],False
SC_RS39660,0,False,[],False
SC_RS39665,0,False,[],False
SC_RS39670,0,False,[],False
SC_RS39680,0,False,[],False
SC_RS39685,0,False,[],False
SC_RS39690,0,False,[],False
SC_RS39695,0,False,[],False
SC_RS39700,0,False,[],False
SC_RS39705,0,False,[],False
SC_RS39710,0,False,[],False
SC_RS39715,0,False,[],False
SC_RS39720,0,False,[],False
SC_RS39725,0,False,[],False
SC_RS39730,0,False,[],False
SC_RS39735,0,False,[],False
SC_RS39740,0,False,[],False
SC_RS39745,0,False,[],False
SC_RS39750,0,False,[],False
SC_RS39755,0,False,[],False
SC_RS39760,0,False,[],False
SC_RS39765,0,False,[],False
SC_RS39770,0,False,[],False
SC_RS39775,0,False,[],False
SC_RS39780,0,False,[],False
SC_RS39785,0,False,[],False
SC_RS39790,0,False,[],False
SC_RS39795,1,True,[-251],True
SC_RS39800,0,False,[],False
SC_RS39805,0,False,[],False
SC_RS39810,0,False,[],False
SC_RS39815,0,False,[],False
SC_RS39820,0,False,[],False
SC_RS39825,0,False,[],False
SC_RS39830,0,False,[],False
SC_RS39835,0,False,[],False
SC_RS39840,0,False,[],False
SC_RS39845,0,False,[],False
SC_RS39850,0,False,[],True
SC_RS39855,0,False,[],False
SC_RS39860,0,False,[],False
SC_RS39865,0,False,[],False
SC_RS39870,0,False,[],False
SC_RS39875,0,False,[],False
SC_RS39880,0,False,[],False
SC_RS39885,0,False,[],False
SC_RS39890,0,False,[],False
SC_RS39895,0,False,[],False
SC_RS39900,0,False,[],False
SC_RS39905,0,False,[],False
SC_RS39910,0,False,[],True
SC_RS39915,0,False,[],False
SC_RS39920,0,False,[],False
SC_RS39925,0,False,[],False
SC_RS39930,0,False,[],False
SC_RS39935,1,True,[-116],False
SC_RS39940,0,False,[],False
SC_RS39945,0,False,[],False
SC_RS39950,0,False,[],False
SC_RS39955,0,False,[],False
SC_RS39960,0,False,[],True
SC_RS39965,0,False,[],True
SC_RS39970,0,False,[],False
SC_RS39975,0,False,[],False
SC_RS39980,0,False,[],False
SC_RS39985,0,False,[],False
SC_RS39990,0,False,[],False
SC_RS39995,0,False,[],False
SC_RS40000,1,True,[-186],False
SC_RS40005,0,False,[],False
SC_RS40010,0,False,[],False
SC_RS40015,0,False,[],False
SC_RS40020,0,False,[],False
SC_RS40025,0,False,[],False
SC_RS40030,0,False,[],False
SC_RS40035,0,False,[],False
SC_RS40040,0,False,[],True
SC_RS40045,0,False,[],False
SC_RS40050,0,False,[],False
SC_RS40055,0,False,[],False
SC_RS40060,0,False,[],False
SC_RS40065,0,False,[],False
SC_RS40070,0,False,[],False
SC_RS40075,0,False,[],False
SC_RS40080,1,True,[-277],False
SC_RS40085,1,True,[17],False
SC_RS40090,0,False,[],False
SC_RS40095,0,False,[],False
SC_RS40100,0,False,[],True
SC_RS40105,0,False,[],False
SC_RS40110,0,False,[],False
SC_RS40115,0,False,[],False
SC_RS40120,0,False,[],False
SC_RS40125,0,False,[],False
SC_RS40130,0,False,[],False
SC_RS40135,0,False,[],False
SC_RS40140,0,False,[],False
SC_RS40145,0,False,[],False
SC_RS40150,0,False,[],False
SC_RS40155,0,False,[],False
SC_RS40160,0,False,[],False
SC_RS40165,0,False,[],False
SC_RS40170,0,False,[],False
SC_RS40175,0,False,[],False
SC_RS40180,0,False,[],False
SC_RS40185,0,False,[],False
SC_RS40190,0,False,[],False
SC_RS40195,0,False,[],False
SC_RS40200,0,False,[],False
SC_RS40205,0,False,[],False
SC_RS40210,0,False,[],False
SC_RS40215,0,False,[],False
SC_RS40220,0,False,[],True
SC_RS40225,0,False,[],False
SC_RS40230,0,False,[],False
SC_RS40235,0,False,[],False
SC_RS40240,0,False,[],True
SC_RS40245,0,False,[],False
SC_RS40250,0,False,[],False
SC_RS40255,0,False,[],False
SC_RS40260,0,False,[],True
SC_RS40265,0,False,[],False
SC_RS40270,0,False,[],False
SC_RS40275,0,False,[],False
SC_RS40280,0,False,[],False
SC_RS40285,0,False,[],False
SC_RS40290,0,False,[],False
SC_RS40295,0,False,[],False
SC_RS40300,0,False,[],False
SC_RS40305,0,False,[],False
SC_RS40310,1,True,[-292],True
SC_RS40315,0,False,[],False
SC_RS40320,0,False,[],False
SC_RS40325,0,False,[],True
SC_RS40330,0,False,[],False
SC_RS40335,0,False,[],True
SC_RS40340,0,False,[],False
SC_RS40345,0,False,[],False
SC_RS40350,0,False,[],True
SC_RS40355,0,False,[],True
SC_RS40360,0,False,[],True
SC_RS40365,0,False,[],False
SC_RS40370,0,False,[],False
SC_RS40375,0,False,[],False
SC_RS40380,0,False,[],False
SC_RS40385,0,False,[],False
SC_RS40390,0,False,[],False
SC_RS40395,0,False,[],False
SC_RS40400,0,False,[],False
SC_RS40405,0,False,[],False
SC_RS40410,0,False,[],False
SC_RS40415,0,False,[],False
SC_RS40420,0,False,[],False
SC_RS40425,0,False,[],False
SC_RS40430,0,False,[],False
SC_RS40435,0,False,[],True
SC_RS40440,0,False,[],False
SC_RS40445,0,False,[],False
SC_RS40450,0,False,[],False
SC_RS40455,1,True,[-143],False
SC_RS40460,0,False,[],False
SC_RS40465,0,False,[],False
SC_RS40470,0,False,[],False
SC_RS40475,0,False,[],False
SC_RS40480,0,False,[],False
SC_RS40485,0,False,[],True
SC_RS40490,0,False,[],False
SC_RS40495,0,False,[],False
SC_RS40500,0,False,[],False
SC_RS40505,0,False,[],False
SC_RS40510,0,False,[],False
SC_RS40515,0,False,[],False
SC_RS40520,0,False,[],False
SC_RS40525,0,False,[],False
SC_RS40530,0,False,[],False
SC_RS40535,0,False,[],False
SC_RS40540,0,False,[],False
SC_RS40545,0,False,[],False
SC_RS40550,0,False,[],False
SC_RS40555,0,False,[],False
SC_RS40560,1,True,[-155],False
SC_RS40565,0,False,[],False
SC_RS40570,0,False,[],False
SC_RS40575,0,False,[],False
SC_RS40580,0,False,[],False
SC_RS40585,0,False,[],False
SC_RS40590,1,True,[-187],False
SC_RS40595,0,False,[],False
SC_RS40600,0,False,[],False
SC_RS40605,0,False,[],False
SC_RS40610,1,True,[6],False
SC_RS40615,0,False,[],False
SC_RS40620,0,False,[],False
SC_RS40625,0,False,[],False
SC_RS40630,0,False,[],False
SC_RS40635,0,False,[],False
SC_RS40640,0,False,[],False
SC_RS40645,0,False,[],False
SC_RS40650,0,False,[],False
SC_RS40655,0,False,[],False
SC_RS40660,0,False,[],False
SC_RS40665,0,False,[],False
SC_RS40670,0,False,[],True
SC_RS40675,0,False,[],False
SC_RS40680,0,False,[],False
SC_RS40685,0,False,[],False
SC_RS40690,0,False,[],False
SC_RS40695,0,False,[],False
SC_RS40700,0,False,[],False
SC_RS40705,0,False,[],False
SC_RS40710,0,False,[],False
SC_RS40715,0,False,[],False
SC_RS40720,0,False,[],False
SC_RS40725,0,False,[],False
SC_RS40730,0,False,[],False
SC_RS40735,0,False,[],False
SC_RS40740,0,False,[],True
SC_RS40745,0,False,[],False
SC_RS40755,1,True,[-21],True
SC_RS40760,0,False,[],False
SC_RS40765,0,False,[],False
SC_RS40770,1,True,[-138],True
SC_RS40775,0,False,[],False
SC_RS40780,0,False,[],False
SC_RS40785,0,False,[],False
SC_RS40790,0,False,[],False
SC_RS40795,0,False,[],False
SC_RS40800,0,False,[],False
SC_RS40805,0,False,[],False
SC_RS40810,0,False,[],False
SC_RS40815,0,False,[],False
SC_RS40820,0,False,[],False
SC_RS40825,0,False,[],False
SC_RS40830,0,False,[],False
SC_RS40835,0,False,[],False
SC_RS40840,0,False,[],False
SC_RS40845,0,False,[],False
SC_RS40850,0,False,[],False
SC_RS40855,0,False,[],False
SC_RS40860,0,False,[],False
SC_RS40865,1,True,[40],False
SC_RS40870,0,False,[],False
SC_RS40875,0,False,[],False
SC_RS40890,0,False,[],False
SC_RS40895,0,False,[],False
SC_RS40900,0,False,[],False
SC_RS40910,0,False,[],False
SC_RS40915,0,False,[],False
SC_RS40920,0,False,[],False
SC_RS40925,0,False,[],False
SC_RS40930,0,False,[],False
SC_RS40935,0,False,[],False
SC_RS40940,0,False,[],False
SC_RS40945,0,False,[],False
SC_RS40950,0,False,[],False
SC_RS40955,0,False,[],False
SC_RS40960,0,False,[],False
SC_RS40970,1,True,[34],False
SC_RS40975,0,False,[],False
SC_RS40980,0,False,[],False
SC_RS40985,0,False,[],False
SC_RS40990,0,False,[],False
SC_RS40995,0,False,[],False
SC_RS41000,0,False,[],False
SC_RS41005,0,False,[],False
SC_RS41010,0,False,[],False
SC_RS41015,1,True,[-240],True
SC_RS41020,0,False,[],False
SC_RS41030,0,False,[],False
SC_RS41035,0,False,[],False
SC_RS41045,0,False,[],False
SC_RS41050,0,False,[],False
SC_RS41055,0,False,[],False
SC_RS41060,0,False,[],False
SC_RS41070,0,False,[],False
SC_RS41080,1,True,[34],True
SC_RS41085,0,False,[],False
SC_RS41100,0,False,[],False
SC_RS41105,0,False,[],False
SC_RS41110,0,False,[],False
SC_RS41115,0,False,[],False
SC_RS41120,0,False,[],False
SC_RS41125,0,False,[],False
SC_RS41130,0,False,[],False
SC_RS41135,0,False,[],False
SC_RS41140,0,False,[],False
SC_RS41150,0,False,[],True
SC_RS41155,0,False,[],False
SC_RS41160,0,False,[],False
SC_RS41165,0,False,[],False
SC_RS41170,0,False,[],False
SC_RS41180,0,False,[],False
SC_RS41185,0,False,[],False
SC_RS41190,0,False,[],False
SC_RS41195,0,False,[],False
SC_RS41200,0,False,[],False
SC_RS41205,0,False,[],False
SC_RS41210,0,False,[],False
SC_RS41215,0,False,[],False
SC_RS41220,0,False,[],False
SC_RS41225,0,False,[],False
SC_RS41230,0,False,[],False
SC_RS41235,0,False,[],False
SC_RS41240,0,False,[],False
SC_RS41245,0,False,[],False
SC_RS41250,0,False,[],False
SC_RS41255,0,False,[],False
SC_RS41260,0,False,[],False
SC_RS41265,0,False,[],False
SC_RS41270,0,False,[],False
SC_RS41275,0,False,[],False
SC_RS41280,0,False,[],False
SC_RS41285,0,False,[],False
SC_RS41290,0,False,[],False
SC_RS41295,0,False,[],False
SC_RS41300,0,False,[],False
SC_RS41305,0,False,[],False
SC_RS41315,0,False,[],False
SC_RS41325,0,False,[],False
SC_RS41335,0,False,[],False
SC_RS41340,0,False,[],False
SC_RS41345,0,False,[],True
SC_RS41350,0,False,[],False
SC_RS41355,0,False,[],False
SC_RS41360,1,True,[-113],False
SC_RS41365,0,False,[],False
SC_RS41370,0,False,[],False
SC_RS00005,0,False,[],False
SC_RS00010,0,False,[],False
SC_RS00015,0,False,[],False
SC_RS00020,0,False,[],False
SC_RS00025,1,True,[-174],False
SC_RS00030,0,False,[],False
SC_RS00035,0,False,[],False
SC_RS00040,0,False,[],False
SC_RS00045,0,False,[],False
SC_RS00050,0,False,[],False
SC_RS00055,0,False,[],False
SC_RS00060,0,False,[],False
SC_RS00065,0,False,[],False
SC_RS00070,1,True,[-205],False
SC_RS00075,1,True,[-37],False
SC_RS00080,0,False,[],False
SC_RS00085,0,False,[],False
SC_RS00090,0,False,[],False
SC_RS00095,0,False,[],False
SC_RS00100,0,False,[],False
SC_RS00105,0,False,[],False
SC_RS00110,0,False,[],False
SC_RS00115,0,False,[],False
SC_RS00120,0,False,[],False
SC_RS00125,0,False,[],False
SC_RS00130,0,False,[],False
SC_RS00135,0,False,[],False
SC_RS00140,0,False,[],False
SC_RS00145,0,False,[],False
SC_RS00150,0,False,[],False
SC_RS00155,0,False,[],False
SC_RS00160,0,False,[],False
SC_RS00165,0,False,[],False
SC_RS00170,0,False,[],False
SC_RS00175,0,False,[],False
SC_RS00180,0,False,[],False
SC_RS00185,0,False,[],False
SC_RS00200,0,False,[],False
SC_RS00205,0,False,[],False
SC_RS00210,0,False,[],False
SC_RS00215,0,False,[],False
SC_RS00220,0,False,[],False
SC_RS00225,0,False,[],False
SC_RS00230,0,False,[],False
SC_RS00235,0,False,[],False
SC_RS00240,0,False,[],False
SC_RS00245,0,False,[],False
SC_RS00250,0,False,[],False
SC_RS00255,0,False,[],False
SC_RS00260,0,False,[],False
SC_RS00265,0,False,[],False
SC_RS00270,0,False,[],False
SC_RS00275,0,False,[],False
SC_RS00280,0,False,[],False
SC_RS00285,0,False,[],False
SC_RS00290,0,False,[],False
SC_RS00295,0,False,[],False
SC_RS00300,0,False,[],False
SC_RS00305,0,False,[],False
SC_RS00310,0,False,[],False
SC_RS00315,0,False,[],False
SC_RS00320,0,False,[],False
SC_RS00325,0,False,[],False
SC_RS00330,0,False,[],False
SC_RS00335,0,False,[],False
SC_RS00340,0,False,[],False
SC_RS00345,0,False,[],False
SC_RS00350,0,False,[],False
SC_RS00355,0,False,[],False
SC_RS00360,0,False,[],False
SC_RS00365,0,False,[],False
SC_RS00370,0,False,[],False
SC_RS00375,0,False,[],False
SC_RS00380,0,False,[],False
SC_RS00385,0,False,[],False
SC_RS00390,1,True,[21],False
SC_RS00395,1,True,[-253],False
SC_RS00400,0,False,[],False
SC_RS00405,0,False,[],False
SC_RS00410,0,False,[],False
SC_RS00415,0,False,[],False
SC_RS00420,0,False,[],False
SC_RS00425,0,False,[],False
SC_RS00430,0,False,[],False
SC_RS00435,0,False,[],False
SC_RS00440,1,True,[-236],False
SC_RS00445,0,False,[],False
SC_RS00450,1,True,[-88],False
SC_RS00455,0,False,[],False
SC_RS00460,0,False,[],False
SC_RS00465,0,False,[],False
SC_RS00470,0,False,[],False
SC_RS00475,0,False,[],False
SC_RS00480,0,False,[],False
SC_RS00485,0,False,[],False
SC_RS00490,0,False,[],False
SC_RS00495,0,False,[],False
SC_RS00500,0,False,[],False
SC_RS00505,0,False,[],False
SC_RS00510,0,False,[],False
SC_RS00515,0,False,[],False
SC_RS00520,0,False,[],False
SC_RS00525,0,False,[],False
SC_RS00530,0,False,[],False
SC_RS00535,0,False,[],False
SC_RS00540,0,False,[],False
SC_RS00545,0,False,[],False
SC_RS00550,0,False,[],False
SC_RS00555,0,False,[],False
SC_RS00560,0,False,[],False
SC_RS00565,0,False,[],False
SC_RS00570,0,False,[],False
SC_RS00575,0,False,[],False
SC_RS00580,0,False,[],False
SC_RS00585,0,False,[],False
SC_RS00590,0,False,[],False
SC_RS00595,0,False,[],False
SC_RS00600,0,False,[],False
SC_RS00605,0,False,[],False
SC_RS00610,0,False,[],False
SC_RS00615,0,False,[],False
SC_RS00620,0,False,[],False
SC_RS00625,0,False,[],False
SC_RS00630,0,False,[],False
SC_RS00635,0,False,[],False
SC_RS00640,0,False,[],False
SC_RS00650,0,False,[],False
SC_RS00655,0,False,[],False
SC_RS00660,0,False,[],False
SC_RS00665,0,False,[],False
SC_RS00670,0,False,[],False
SC_RS00675,0,False,[],False
SC_RS00680,1,True,[-125],False
SC_RS00685,0,False,[],False
SC_RS00690,0,False,[],False
SC_RS00695,0,False,[],False
SC_RS00700,0,False,[],False
SC_RS00705,0,False,[],False
SC_RS00710,0,False,[],False
SC_RS00715,0,False,[],False
SC_RS00720,0,False,[],False
SC_RS00725,1,True,[4],False
SC_RS00730,0,False,[],False
SC_RS00735,0,False,[],False
SC_RS00740,0,False,[],False
SC_RS00745,0,False,[],False
SC_RS00750,0,False,[],False
SC_RS00755,0,False,[],False
SC_RS00760,0,False,[],False
SC_RS00765,0,False,[],False
SC_RS00770,0,False,[],False
SC_RS00775,0,False,[],False
SC_RS00780,0,False,[],False
SC_RS00785,0,False,[],False
SC_RS00790,0,False,[],False
SC_RS00795,0,False,[],False
SC_RS00800,0,False,[],False
SC_RS00805,0,False,[],False
SC_RS00810,0,False,[],False
SC_RS00815,0,False,[],False
SC_RS00820,0,False,[],False
SC_RS00825,0,False,[],False
SC_RS00830,0,False,[],False
SC_RS00835,0,False,[],False
SC_RS00840,0,False,[],False
SC_RS00850,0,False,[],False
SC_RS00855,0,False,[],False
SC_RS00860,0,False,[],False
SC_RS00865,0,False,[],False
SC_RS00870,0,False,[],False
SC_RS00875,0,False,[],False
SC_RS00880,0,False,[],False
SC_RS00885,0,False,[],False
SC_RS00890,1,True,[-16],False
SC_RS00895,0,False,[],False
SC_RS00900,0,False,[],False
SC_RS00905,0,False,[],False
SC_RS00910,0,False,[],False
SC_RS00915,0,False,[],False
SC_RS00920,1,True,[-66],False
SC_RS00925,0,False,[],False
SC_RS00930,0,False,[],False
SC_RS00935,0,False,[],False
SC_RS00940,0,False,[],False
SC_RS00945,0,False,[],False
SC_RS00950,0,False,[],False
SC_RS00955,0,False,[],False
SC_RS00960,0,False,[],False
SC_RS00965,0,False,[],False
SC_RS00970,0,False,[],False
SC_RS00975,0,False,[],False
SC_RS00980,0,False,[],False
SC_RS00985,0,False,[],False
SC_RS00990,0,False,[],False
SC_RS01000,0,False,[],False
SC_RS01005,0,False,[],False
SC_RS01010,0,False,[],False
SC_RS01015,0,False,[],False
SC_RS01020,1,True,[-251],False
SC_RS01025,0,False,[],False
SC_RS01030,0,False,[],False
SC_RS01035,1,True,[-46],False
SC_RS01040,0,False,[],False
SC_RS01045,0,False,[],False
SC_RS01050,0,False,[],False
SC_RS01055,0,False,[],False
SC_RS01060,0,False,[],False
SC_RS01065,0,False,[],False
SC_RS01070,0,False,[],False
SC_RS01075,0,False,[],False
SC_RS01080,0,False,[],False
SC_RS01085,0,False,[],False
SC_RS01090,0,False,[],False
SC_RS01095,0,False,[],False
SC_RS01100,0,False,[],False
SC_RS01105,0,False,[],False
SC_RS01110,0,False,[],False
SC_RS01115,0,False,[],False
SC_RS01120,0,False,[],False
SC_RS01125,0,False,[],False
SC_RS01130,0,False,[],False
SC_RS01135,0,False,[],False
SC_RS01140,0,False,[],False
SC_RS01145,0,False,[],False
SC_RS01155,0,False,[],False
SC_RS01160,1,True,[-214],False
SC_RS01165,0,False,[],False
SC_RS01170,0,False,[],False
SC_RS01175,0,False,[],False
SC_RS01180,0,False,[],False
SC_RS01185,1,True,[-121],False
SC_RS01190,0,False,[],False
SC_RS01195,0,False,[],False
SC_RS01200,1,True,[-263],False
SC_RS01205,0,False,[],False
SC_RS01210,0,False,[],False
SC_RS01215,0,False,[],False
SC_RS01220,1,True,[-41],False
SC_RS01225,0,False,[],False
SC_RS01230,0,False,[],False
SC_RS01235,0,False,[],False
SC_RS01240,0,False,[],False
SC_RS01245,0,False,[],False
SC_RS01250,0,False,[],False
SC_RS01255,1,True,[-110],False
SC_RS01260,0,False,[],False
SC_RS01265,0,False,[],False
SC_RS01270,0,False,[],False
SC_RS01275,0,False,[],False
SC_RS01280,0,False,[],False
SC_RS01285,0,False,[],False
SC_RS01290,0,False,[],False
SC_RS01295,0,False,[],False
SC_RS01300,0,False,[],False
SC_RS01305,0,False,[],False
SC_RS01310,0,False,[],False
SC_RS01315,0,False,[],False
SC_RS01320,0,False,[],False
SC_RS01325,0,False,[],False
SC_RS01330,0,False,[],False
SC_RS01335,0,False,[],False
SC_RS01340,0,False,[],False
SC_RS01345,0,False,[],False
SC_RS01350,0,False,[],False
SC_RS01355,0,False,[],False
SC_RS01360,0,False,[],False
SC_RS01365,0,False,[],False
SC_RS01370,0,False,[],False
SC_RS01375,0,False,[],False
SC_RS01380,0,False,[],False
SC_RS01385,0,False,[],False
SC_RS01390,0,False,[],False
SC_RS01395,0,False,[],False
SC_RS01400,0,False,[],False
SC_RS01405,0,False,[],False
SC_RS01410,0,False,[],False
SC_RS01415,0,False,[],False
SC_RS01425,0,False,[],False
SC_RS01430,0,False,[],False
SC_RS01435,0,False,[],False
SC_RS01440,0,False,[],False
SC_RS01445,0,False,[],False
SC_RS01450,0,False,[],False
SC_RS01455,0,False,[],False
SC_RS01460,0,False,[],False
SC_RS01465,1,True,[12],False
SC_RS01470,0,False,[],False
SC_RS01475,0,False,[],False
SC_RS01480,0,False,[],False
SC_RS01485,0,False,[],False
SC_RS01490,0,False,[],False
SC_RS01495,0,False,[],False
SC_RS01500,0,False,[],False
SC_RS01505,0,False,[],False
SC_RS01510,0,False,[],False
SC_RS01515,0,False,[],False
SC_RS01520,0,False,[],False
SC_RS01525,0,False,[],False
SC_RS01530,0,False,[],False
SC_RS01535,0,False,[],False
SC_RS01540,0,False,[],False
SC_RS01545,0,False,[],False
SC_RS01550,0,False,[],False
SC_RS01555,0,False,[],False
SC_RS01560,0,False,[],False
SC_RS01565,0,False,[],False
SC_RS01570,0,False,[],False
SC_RS01575,0,False,[],False
SC_RS01580,0,False,[],False
SC_RS01585,0,False,[],False
SC_RS01590,0,False,[],False
SC_RS01595,0,False,[],False
SC_RS01600,0,False,[],False
SC_RS01605,0,False,[],False
SC_RS01610,0,False,[],False
SC_RS01615,0,False,[],False
SC_RS01620,0,False,[],False
SC_RS01625,0,False,[],False
SC_RS01630,0,False,[],False
SC_RS01635,0,False,[],False
SC_RS01640,0,False,[],False
SC_RS01645,0,False,[],False
SC_RS01650,0,False,[],False
SC_RS01655,0,False,[],False
SC_RS01660,0,False,[],False
SC_RS01665,0,False,[],False
SC_RS01680,0,False,[],False
SC_RS01685,0,False,[],False
SC_RS01690,1,True,[-30],False
SC_RS01695,1,True,[-63],False
SC_RS01700,0,False,[],False
SC_RS01705,0,False,[],False
SC_RS01710,0,False,[],False
SC_RS01715,0,False,[],False
SC_RS01720,0,False,[],False
SC_RS01725,0,False,[],False
SC_RS01730,0,False,[],False
SC_RS01735,0,False,[],False
SC_RS01740,0,False,[],False
SC_RS01745,0,False,[],False
SC_RS01750,0,False,[],False
SC_RS01755,0,False,[],False
SC_RS01760,0,False,[],False
SC_RS01765,1,True,[38],False
SC_RS01770,0,False,[],False
SC_RS01775,0,False,[],False
SC_RS01780,0,False,[],False
SC_RS01785,0,False,[],False
SC_RS01790,0,False,[],False
SC_RS01795,0,False,[],False
SC_RS01800,0,False,[],False
SC_RS01805,0,False,[],False
SC_RS01810,0,False,[],False
SC_RS01815,0,False,[],False
SC_RS01820,0,False,[],False
SC_RS01825,0,False,[],False
SC_RS01830,0,False,[],False
SC_RS01835,0,False,[],False
SC_RS01840,0,False,[],False
SC_RS01845,0,False,[],False
SC_RS01850,0,False,[],False
SC_RS01855,0,False,[],False
SC_RS01860,0,False,[],False
SC_RS01870,0,False,[],False
SC_RS01875,1,True,[17],False
SC_RS01880,0,False,[],False
SC_RS01885,0,False,[],False
SC_RS01890,0,False,[],False
SC_RS01895,1,True,[-279],False
SC_RS01900,0,False,[],False
SC_RS01905,0,False,[],False
SC_RS01910,0,False,[],False
SC_RS01915,0,False,[],False
SC_RS01920,0,False,[],False
SC_RS01925,0,False,[],False
SC_RS01930,0,False,[],False
SC_RS01935,0,False,[],False
SC_RS01940,0,False,[],False
SC_RS01945,0,False,[],False
SC_RS01950,0,False,[],False
SC_RS01955,0,False,[],False
SC_RS01960,0,False,[],False
SC_RS01965,0,False,[],False
SC_RS01970,0,False,[],False
SC_RS01975,0,False,[],False
SC_RS01980,0,False,[],False
SC_RS01985,0,False,[],False
SC_RS01990,0,False,[],False
SC_RS01995,0,False,[],False
SC_RS02000,0,False,[],False
SC_RS02005,0,False,[],False
SC_RS02010,1,True,[-235],False
SC_RS02015,0,False,[],False
SC_RS02020,0,False,[],False
SC_RS02025,0,False,[],False
SC_RS02030,0,False,[],False
SC_RS02035,0,False,[],False
SC_RS02040,0,False,[],False
SC_RS02045,0,False,[],False
SC_RS02050,0,False,[],False
SC_RS02055,0,False,[],False
SC_RS02060,0,False,[],False
SC_RS01865,0,False,[],False
