locus_tag	old_locus_tag	gene_name	product	tf_family	region_label	tss	nearest_GCCGGC_T1	nearest_GCCGGC_T2	nearest_GCCGGC_T3	baseMean	LFC_T2vsT1	LFC_T3vsT1	class
SC_RS02220			RNA polymerase sigma-70 factor	Sigma factor	arm	31274	54948	2210	392625	189.4	0.77	1.25	Shielded
SC_RS02260	SCO0047		MarR family winged helix-turn-helix transcriptional regulator	MarR	arm	38768	47454	1909	385131	88.7	-0.22	-0.03	Shielded
SC_RS02325	SCO0062		LacI family DNA-binding transcriptional regulator	LacI	arm	48844	37378	429	375055	92.5	-1.48	-0.72	Shielded
SC_RS02330	SCO0063		ROK family protein	ROK	arm	49824	36398	551	374075	66.2	-1.21	-0.33	Shielded
SC_RS02455	SCO0089		LysR family transcriptional regulator	LysR	arm	75916	10306	290	347983	102.0	1.96	1.31	Shielded
SC_RS02530	SCO0110		helix-turn-helix transcriptional regulator	HTH (other)	arm	91790	5568	8387	332109	66.1	2.2	2.01	Shielded
SC_RS02550	SCO0116		TetR/AcrR family transcriptional regulator	TetR	arm	94872	8650	9330	329027	63.9	0.38	-0.21	Shielded
SC_RS02625	SCO0132		helix-turn-helix transcriptional regulator	HTH (other)	arm	122743	8820	5849	301156	225.3	1.35	2.33	Shielded
SC_RS02660	SCO0140		MerR family transcriptional regulator	MerR	arm	132693	1130	3886	291206	32.6	-0.02	2.81	Shielded
SC_RS02680	SCO0143		TetR/AcrR family transcriptional regulator	TetR	arm	136683	2387	3102	287216	27.7	-1.02	0.4	Shielded
SC_RS02705	SCO0148		helix-turn-helix domain-containing protein	HTH (other)	arm	139467	397	318	284432	22.7	-1.03	-1.08	Shielded
SC_RS02735	SCO0155		TetR/AcrR family transcriptional regulator	TetR	arm	145499	4341	5714	278400	126.6	1.15	0.29	Shielded
SC_RS02745	SCO0159		sigma-70 family RNA polymerase sigma factor	Sigma factor	arm	148225	1615	3130	275674	27.3	-0.02	2.31	Shielded
SC_RS02750	SCO0160		helix-turn-helix domain-containing protein	HTH (other)	arm	150209	369	1146	273690	32.3	2.66	3.83	Shielded
SC_RS02915	SCO0193		MerR family transcriptional regulator	MerR	arm	184797	6087	11234	239102	1573.1	-1.02	-3.2	Shielded
SC_RS02920	SCO0194		sigma-70 family RNA polymerase sigma factor	Sigma factor	arm	184958	6248	11395	238941	625.8	-1.4	-0.62	Shielded
SC_RS02965	SCO0203		two-component system sensor histidine kinase	Sensor kinase	arm	194637	8591	16325	229262	1144.3	2.9	3.21	Shielded
SC_RS02970	SCO0204		response regulator	Response regulator	arm	195461	7767	15501	228438	3430.0	6.29	7.53	Shielded
SC_RS03000	SCO0211		sensor histidine kinase	Sensor kinase	arm	201374	1854	9588	222525	97.8	4.16	5.38	Shielded
SC_RS03080	SCO0230		TetR/AcrR family transcriptional regulator	TetR	arm	220150	16922	6945	203749	113.9	0.46	-0.93	Shielded
SC_RS03095	SCO0233		helix-turn-helix transcriptional regulator	HTH (other)	arm	222538	18610	4557	201361	47.4	0.35	0.98	Shielded
SC_RS03110	SCO0236		helix-turn-helix transcriptional regulator	HTH (other)	arm	225276	15872	1819	198623	39.6	1.05	1.75	Shielded
SC_RS03135	SCO0241		TetR/AcrR family transcriptional regulator	TetR	arm	229995	11153	1682	193904	36.1	0.3	1.29	Shielded
SC_RS03175	SCO0250		TetR/AcrR family transcriptional regulator	TetR	arm	239858	1290	5138	184041	91.4	-1.12	-0.97	Shielded
SC_RS03185	SCO0253		TetR/AcrR family transcriptional regulator C-terminal domain-containing protein	TetR	arm	242203	125	7483	181696	73.2	-0.24	-0.72	Exposed
SC_RS03195	SCO0255		sigma-54-dependent Fis family transcriptional regulator	Other regulatory	arm	245759	3681	11039	178140	48.3	-0.61	1.74	Shielded
SC_RS03230	SCO0262		LysR family transcriptional regulator	LysR	arm	250805	557	11853	173094	106.7	0.4	0.19	Shielded
SC_RS03240	SCO0264		MarR family winged helix-turn-helix transcriptional regulator	MarR	arm	252946	1584	9712	170953	59.2	0.93	0.3	Shielded
SC_RS03250	SCO0266		helix-turn-helix domain-containing protein	HTH (other)	arm	255198	3836	7460	168701	34.7	0.18	1.05	Shielded
SC_RS03295	SCO0275		ROK family transcriptional regulator	ROK	arm	266356	14994	3698	157543	60.2	-0.5	-0.01	Shielded
SC_RS03330	SCO0282		DeoR/GlpR family DNA-binding transcription regulator	DeoR	arm	272898	21536	1024	151001	74.8	0.2	-0.41	Shielded
SC_RS03355	SCO0287		AraC-like ligand-binding domain-containing protein	AraC	arm	279691	24976	2098	144208	86.5	0.61	0.6	Shielded
SC_RS03365	SCO0289		LacI family DNA-binding transcriptional regulator	LacI	arm	282157	22510	3927	141742	113.3	-1.23	-0.82	Shielded
SC_RS03400	SCO0296		TetR/AcrR family transcriptional regulator	TetR	arm	290584	14083	1454	133315	63.7	-0.69	-0.48	Shielded
SC_RS03410	SCO0298		LysR family transcriptional regulator	LysR	arm	293519	11148	917	130380	466.7	2.16	0.69	Shielded
SC_RS03430	SCO0302		TetR/AcrR family transcriptional regulator	TetR	arm	298108	6559	1301	125791	103.0	0.47	0.24	Shielded
SC_RS03450	SCO0307		helix-turn-helix domain-containing protein	HTH (other)	arm	303084	1583	2127	120815	53.5	1.02	1.02	Shielded
SC_RS03465	SCO0310		TetR/AcrR family transcriptional regulator	TetR	arm	307460	2793	1714	116439	67.5	0.17	-0.37	Shielded
SC_RS03495	SCO0316		PucR family transcriptional regulator	Other regulatory	arm	316921	6498	2292	106978	49.6	1.05	1.66	Shielded
SC_RS03575	SCO0332		TetR/AcrR family transcriptional regulator	TetR	arm	333529	1509	1135	90370	50.3	0.13	-0.07	Shielded
SC_RS03600	SCO0337		TetR/AcrR family transcriptional regulator	TetR	arm	340752	5714	8358	83147	80.8	-0.03	-0.26	Shielded
SC_RS03630	SCO0344		GntR family transcriptional regulator	GntR	arm	348206	13168	1530	75693	73.7	-0.27	0.49	Shielded
SC_RS03635	SCO0345		IclR family transcriptional regulator	IclR	arm	350201	14537	465	73698	48.3	0.34	0.59	Shielded
SC_RS03695	SCO0357		FadR/GntR family transcriptional regulator	GntR	arm	362508	2230	1680	61391	160.4	-0.5	-1.14	Shielded
SC_RS03710	SCO0360		LacI family DNA-binding transcriptional regulator	LacI	arm	365602	864	4774	58297	158.0	0.14	-0.35	Shielded
SC_RS03790	SCO0376		helix-turn-helix domain-containing protein	HTH (other)	arm	391232	9450	475	32667	65.1	-0.4	-0.21	Shielded
SC_RS03945	SCO0407		MerR family transcriptional regulator	MerR	arm	427610	1665	366	3711	57.2	1.3	1.47	Shielded
SC_RS03980	SCO0414	sigJ	RNA polymerase sigma factor SigJ	Sigma factor	arm	433513	2930	2802	9614	105.6	0.2	0.19	Shielded
SC_RS04015	SCO0421		response regulator transcription factor	Response regulator	arm	439000	2557	2685	15101	24.0	1.16	2.08	Shielded
SC_RS04020	SCO0422		sensor histidine kinase	Sensor kinase	arm	440190	1519	3875	16291	38.5	1.29	2.7	Shielded
SC_RS04050	SCO0428		TetR/AcrR family transcriptional regulator	TetR	arm	445611	3902	2340	21712	63.1	-0.83	-1.67	Shielded
SC_RS04060	SCO0430		TetR/AcrR family transcriptional regulator	TetR	arm	447245	3024	706	23346	164.1	-1.25	-1.76	Shielded
SC_RS04075	SCO0433		helix-turn-helix domain-containing protein	HTH (other)	arm	453370	3101	5419	29471	70.3	-0.91	-0.43	Shielded
SC_RS04145	SCO0447		MarR family winged helix-turn-helix transcriptional regulator	MarR	arm	465990	5860	4240	42091	26.4	-0.94	-0.01	Shielded
SC_RS04195	SCO0456		LacI family DNA-binding transcriptional regulator	LacI	arm	475628	1253	2608	51729	22.7	0.44	2.03	Shielded
SC_RS04245	SCO0466		GlxA family transcriptional regulator	Other regulatory	arm	487618	3711	5112	63719	36.1	0.66	1.88	Shielded
SC_RS04270	SCO0471		helix-turn-helix domain-containing protein	HTH (other)	arm	491901	572	829	68002	54.1	1.17	1.79	Shielded
SC_RS04345	SCO0485		TetR/AcrR family transcriptional regulator	TetR	arm	504854	13525	856	80955	87.5	-1.17	-1.71	Shielded
SC_RS04355	SCO0487		MarR family winged helix-turn-helix transcriptional regulator	MarR	arm	506842	15513	1132	82943	54.2	0.25	0.16	Shielded
SC_RS04460	SCO0508		acyl-CoA-like ligand-binding transcription factor	Other regulatory	arm	543545	42400	2086	64725	42.0	-2.46	-1.47	Shielded
SC_RS04480	SCO0512		TetR/AcrR family transcriptional regulator	TetR	arm	547743	38202	6284	60527	84.3	0.87	0.32	Shielded
SC_RS04515	SCO0520		TetR/AcrR family transcriptional regulator	TetR	arm	553277	32668	11818	54993	52.9	0.74	-0.04	Shielded
SC_RS04520	SCO0521		TetR/AcrR family transcriptional regulator	TetR	arm	553892	32053	12433	54378	135.3	-0.73	-1.3	Shielded
SC_RS04530	SCO0523		Lrp/AsnC family transcriptional regulator	Lrp	arm	555905	30040	14446	52365	41.6	0.14	-0.09	Shielded
SC_RS04565	SCO0530		GntR family transcriptional regulator	GntR	arm	562576	23369	21117	45694	104.8	-0.67	-0.55	Shielded
SC_RS04670	SCO0551		sensor histidine kinase	Sensor kinase	arm	592309	2519	2518	15961	96.0	0.24	0.14	Shielded
SC_RS04675	SCO0552		response regulator transcription factor	Response regulator	arm	592995	1833	1832	15275	31.0	0.34	0.63	Shielded
SC_RS04705	SCO0557		MerR family transcriptional regulator	MerR	arm	598747	3919	1755	9523	302.9	-0.37	-0.58	Shielded
SC_RS04725	SCO0561		Fur family transcriptional regulator	Other regulatory	arm	603840	9012	6848	4430	626.0	4.72	2.98	Shielded
SC_RS04795	SCO0574		IclR family transcriptional regulator	IclR	arm	616253	2269	5504	7983	52.3	-1.01	-0.56	Shielded
SC_RS04835	SCO0582		FadR/GntR family transcriptional regulator	GntR	arm	624273	3437	721	16003	176.8	-0.92	-1.48	Shielded
SC_RS04865	SCO0588		sensor histidine kinase	Sensor kinase	arm	630912	10076	5508	22642	1920.1	6.98	3.71	Shielded
SC_RS04870	SCO0589		LysR family transcriptional regulator	LysR	arm	632103	11267	4317	23833	52.6	1.05	0.87	Shielded
SC_RS04920	SCO0599		anti-sigma factor RsbA family regulatory protein	Sigma factor	arm	638801	8484	2381	30531	476.5	0.62	0.13	Shielded
SC_RS04925	SCO0600		RNA polymerase sigma factor SigF	Sigma factor	arm	639859	7426	3439	31589	554.7	-1.26	-1.26	Shielded
SC_RS04950	SCO0605		GlxA family transcriptional regulator	Other regulatory	arm	645297	1988	3760	37027	32.2	-0.05	1.03	Shielded
SC_RS04965	SCO0608	slbR	gamma-butyrolactone-binding regulator SlbR	Other regulatory	arm	647887	602	1170	39617	1275.0	1.49	0.95	Shielded
SC_RS04975	SCO0610		GntR family transcriptional regulator	GntR	arm	649840	2555	381	41570	77.9	-1.8	-1.21	Shielded
SC_RS05020	SCO0620		metal-sensitive transcriptional regulator	Other regulatory	arm	661607	1770	1545	53337	141.9	0.27	-0.11	Shielded
SC_RS05030	SCO0622		TetR/AcrR family transcriptional regulator	TetR	arm	662373	1004	779	54103	228.2	-1.37	-2.92	Shielded
SC_RS05065	SCO0629		LacI family DNA-binding transcriptional regulator	LacI	arm	672727	9350	6006	64457	40.9	-1.22	0.61	Shielded
SC_RS05075	SCO0632		sigma-70 family RNA polymerase sigma factor	Sigma factor	arm	673733	10261	7012	65463	16.6	-0.18	1.61	Shielded
SC_RS05120	SCO0640		BlaI/MecI/CopY family transcriptional regulator	Other regulatory	arm	681863	2131	15142	73593	238.1	-0.61	-1.25	Shielded
SC_RS05150	SCO0646		TetR/AcrR family transcriptional regulator	TetR	arm	688679	4685	21958	78046	32.6	-0.54	0.38	Shielded
SC_RS05265	SCO0669		TetR/AcrR family transcriptional regulator	TetR	arm	709071	8237	8236	57654	64.0	-1.15	-0.51	Shielded
SC_RS05410			GlxA family transcriptional regulator	Other regulatory	arm	738527	4522	3909	28198	79.9	1.03	1.71	Shielded
SC_RS05445			helix-turn-helix domain-containing protein	HTH (other)	arm	743929	880	9311	22796	1238.1	1.25	0.88	Shielded
SC_RS05480	SCO0711		PucR family transcriptional regulator	Other regulatory	arm	753197	492	2826	13528	26.9	-0.95	3.62	Shielded
SC_RS05485	SCO0712		helix-turn-helix transcriptional regulator	HTH (other)	arm	756143	2454	120	10582	51.1	-0.5	2.87	Shielded
SC_RS05490	SCO0713	bdeA	bis(hydroxyethyl) terephthalate hydrolase	HTH (other)	arm	757246	3557	1223	9479	23.6	-1.54	2.09	Shielded
SC_RS05550	SCO0724		MurR/RpiR family transcriptional regulator	Other regulatory	arm	768450	9593	3121	1725	148.5	0.43	0.12	Shielded
SC_RS05570	SCO0728		TetR family transcriptional regulator	TetR	arm	771628	6415	4270	4903	41.7	-0.17	0.12	Shielded
SC_RS05600	SCO0734		ROK family transcriptional regulator	ROK	arm	777720	323	1822	390	66.7	-0.17	0.53	Shielded
SC_RS05655	SCO0745		TetR/AcrR family transcriptional regulator	TetR	arm	787643	9039	11745	10313	26.9	1.4	2.67	Shielded
SC_RS05790	SCO0772		TetR/AcrR family transcriptional regulator	TetR	arm	821295	5450	3511	43965	79.9	0.11	-0.49	Shielded
SC_RS05835	SCO0781		anti-sigma factor antagonist	Sigma factor	arm	828403	1658	10619	51073	74.2	2.26	2.21	Shielded
SC_RS05845	SCO0783	otr(A)	tetracycline resistance ribosomal protection protein Otr(A)	TetR	arm	829910	3165	12126	52580	89.1	-0.64	0.57	Shielded
SC_RS05900	SCO0794		ROK family transcriptional regulator	ROK	arm	841688	7880	13892	64358	182.0	-0.06	-0.56	Shielded
SC_RS05930	SCO0800		TetR/AcrR family transcriptional regulator	TetR	arm	847525	2043	8055	70195	79.0	0.16	-0.26	Shielded
SC_RS05945	SCO0803	sigJ	RNA polymerase sigma factor SigJ	Sigma factor	arm	851074	1506	4506	73744	302.0	0.86	-0.05	Shielded
SC_RS05960	SCO0806		LacI family DNA-binding transcriptional regulator	LacI	arm	854365	4797	1215	77035	55.5	0.05	0.38	Shielded
SC_RS06040	SCO0822		helix-turn-helix transcriptional regulator	HTH (other)	arm	872086	2120	713	94756	54.9	-0.12	-0.27	Shielded
SC_RS06045	SCO0823		GntR family transcriptional regulator	GntR	arm	872193	2227	606	94863	79.4	-1.33	-1.47	Shielded
SC_RS06130	SCO0840		MarR family winged helix-turn-helix transcriptional regulator	MarR	arm	888700	10484	2811	111370	49.2	0.62	0.32	Shielded
SC_RS06215	SCO0857		TetR/AcrR family transcriptional regulator	TetR	arm	904019	2350	2191	126689	372.0	-0.0	-0.82	Shielded
SC_RS06250	SCO0864		sigma-70 family RNA polymerase sigma factor	Sigma factor	arm	911939	428	3605	134609	191.1	3.66	4.94	Shielded
SC_RS06260	SCO0866		sigma-70 family RNA polymerase sigma factor	Sigma factor	arm	913572	1205	5212	136242	242.7	5.91	6.22	Shielded
SC_RS06280	SCO0870		response regulator	Response regulator	arm	916785	4418	1999	139455	148.6	-1.23	-1.83	Shielded
SC_RS06285	SCO0871		sensor histidine kinase	Sensor kinase	arm	918377	6010	407	141047	585.6	-1.14	-2.35	Shielded
SC_RS06300	SCO0875		ArsR/SmtB family transcription factor	ArsR	arm	921755	9388	2971	144425	22.8	1.44	1.11	Shielded
SC_RS06310	SCO0877		helix-turn-helix transcriptional regulator	HTH (other)	arm	922247	9880	3463	144917	654.9	1.69	0.36	Shielded
SC_RS06345	SCO0882		tetratricopeptide repeat protein	TetR	arm	928670	16303	874	151340	18.4	1.74	1.55	Shielded
SC_RS06365	SCO0886		LacI family DNA-binding transcriptional regulator	LacI	arm	932791	20424	3247	155461	713.4	3.03	0.84	Shielded
SC_RS06370	SCO0887		TetR/AcrR family transcriptional regulator	TetR	arm	933568	21201	2993	156238	121.9	1.85	1.14	Shielded
SC_RS06380	SCO0889		LysR family transcriptional regulator	LysR	arm	935237	22870	1324	157907	86.3	0.29	-0.02	Shielded
SC_RS06395	SCO0891		helix-turn-helix transcriptional regulator	HTH (other)	arm	936431	24064	130	159101	41.5	0.77	1.36	Shielded
SC_RS06415	SCO0895		sigma-70 family RNA polymerase sigma factor	Sigma factor	arm	942090	19254	5529	164760	19.4	0.49	3.56	Shielded
SC_RS06430	SCO0897		PPC domain-containing DNA-binding protein	Other regulatory	arm	943408	17936	4775	166078	30.6	0.8	1.91	Shielded
SC_RS06435	SCO0898		AfsR/SARP family transcriptional regulator	SARP	arm	945833	15511	2350	168503	100.1	0.01	0.58	Shielded
SC_RS06575	SCO0925		LysR family transcriptional regulator	LysR	arm	971392	5516	933	194062	55.6	0.11	0.29	Shielded
SC_RS06585	SCO0927		LysR family transcriptional regulator	LysR	arm	973388	3520	1063	196058	411.8	1.03	0.06	Shielded
SC_RS06650	SCO0940		MarR family winged helix-turn-helix transcriptional regulator	MarR	arm	986247	4174	2116	208917	21.6	0.12	0.27	Shielded
SC_RS06660	SCO0942		sigma-70 family RNA polymerase sigma factor	Sigma factor	arm	988130	3886	3999	210800	18.5	1.51	2.93	Shielded
SC_RS06715	SCO0953		LacI family DNA-binding transcriptional regulator	LacI	arm	1002624	6651	3645	211583	62.2	-1.84	-0.36	Shielded
SC_RS06810	SCO0971		LysR family transcriptional regulator	LysR	arm	1023053	2708	5256	191154	430.0	-0.47	-0.82	Shielded
SC_RS06865	SCO0981		short-chain fatty acyl-CoA regulator family protein	Other regulatory	arm	1033445	1421	5136	180762	86.3	-0.1	0.67	Shielded
SC_RS06885	SCO0985	metE	5-methyltetrahydropteroyltriglutamate--homocysteine S-methyltransferase	TetR	arm	1038243	2557	6360	175964	1437.4	3.32	0.18	Shielded
SC_RS06975	SCO1003		TetR/AcrR family transcriptional regulator	TetR	arm	1058377	6177	13774	155830	113.3	1.08	0.16	Shielded
SC_RS07000	SCO1008		ArsR/SmtB family transcription factor	ArsR	arm	1063185	1369	10557	151022	256.5	0.12	-1.35	Shielded
SC_RS07005			helix-turn-helix domain-containing protein	HTH (other)	arm	1064212	342	9530	149995	33.5	-1.26	-0.55	Shielded
SC_RS07015	SCO1011		helix-turn-helix domain-containing protein	HTH (other)	arm	1068241	3649	5501	145966	97.6	0.91	1.27	Shielded
SC_RS07085	SCO1026		DeoR/GlpR family DNA-binding transcription regulator	DeoR	arm	1084395	3287	4613	129812	588.8	-1.51	-1.64	Shielded
SC_RS07125	SCO1034		TetR/AcrR family transcriptional regulator	TetR	arm	1092334	1601	3639	121873	69.6	-0.38	1.22	Shielded
SC_RS07150	SCO1039		ROK family protein	ROK	arm	1096518	1401	545	117689	526.2	0.56	-0.63	Shielded
SC_RS07170	SCO1043		DeoR/GlpR family DNA-binding transcription regulator	DeoR	arm	1099030	1111	3057	115177	89.9	-0.8	-0.67	Shielded
SC_RS07215	SCO1052		helix-turn-helix domain-containing protein	HTH (other)	arm	1108778	272	12805	105429	17.8	0.35	2.36	Exposed
SC_RS07255	SCO1060		ROK family protein	ROK	arm	1119111	4534	10850	95096	81.0	-0.36	-0.13	Shielded
SC_RS07285	SCO1066		LacI family DNA-binding transcriptional regulator	LacI	arm	1126535	4	3426	87672	40.7	-0.37	0.73	Exposed
SC_RS07300	SCO1069		MarR family winged helix-turn-helix transcriptional regulator	MarR	arm	1130108	1536	147	84099	37.9	1.31	0.99	Shielded
SC_RS07310	SCO1070		response regulator transcription factor	Response regulator	arm	1131094	2522	1133	83113	49.1	0.81	1.03	Shielded
SC_RS07315	SCO1071		sensor histidine kinase	Sensor kinase	arm	1132338	3766	2377	81869	173.7	-0.57	0.09	Shielded
SC_RS07340	SCO1077		ROK family protein	ROK	arm	1138101	6526	481	76106	67.7	-1.45	-1.01	Shielded
SC_RS07345	SCO1078		LacI family DNA-binding transcriptional regulator	LacI	arm	1138315	6312	695	75892	165.9	0.03	-0.04	Shielded
SC_RS07425	SCO1094		TetR/AcrR family transcriptional regulator	TetR	arm	1152798	4486	15178	61409	155.0	-1.06	-1.33	Shielded
SC_RS07440	SCO1098		MarR family winged helix-turn-helix transcriptional regulator	MarR	arm	1156292	992	13159	57915	124.5	-0.83	-1.24	Shielded
SC_RS07470	SCO1104		TetR/AcrR family transcriptional regulator	TetR	arm	1161710	4426	7741	52497	155.4	-0.96	-0.94	Shielded
SC_RS07490	SCO1108		ArsR/SmtB family transcription factor	ArsR	arm	1165774	8490	3677	48433	89.3	0.48	-0.75	Shielded
SC_RS07505	SCO1111		PaaX family transcriptional regulator C-terminal domain-containing protein	Other regulatory	arm	1168750	11466	701	45457	56.2	-1.23	-0.32	Shielded
SC_RS07545	SCO1119		Lrp/AsnC family transcriptional regulator	Lrp	arm	1177797	12978	3700	36410	26.4	-1.82	-0.18	Shielded
SC_RS07560	SCO1122		LysR substrate-binding domain-containing protein	LysR	arm	1180792	9983	705	33415	369.4	-0.21	-1.05	Shielded
SC_RS07625	SCO1135	xdhR	purine salvage operon transcriptional regulator XdhR	Other regulatory	arm	1193398	2414	11901	20809	215.3	-0.02	-0.94	Shielded
SC_RS07630	SCO1136		response regulator	Response regulator	arm	1194742	1070	13245	19465	44.8	-1.35	-0.56	Shielded
SC_RS07635	SCO1137		sensor histidine kinase	Sensor kinase	arm	1196385	573	14888	17822	61.8	-1.19	0.65	Shielded
SC_RS07675	SCO1145		MarR family winged helix-turn-helix transcriptional regulator	MarR	arm	1204428	8616	11527	9779	283.3	-2.21	-0.87	Shielded
SC_RS07750	SCO1160		sensor histidine kinase	Sensor kinase	arm	1221178	6972	4905	6971	769.5	6.81	5.57	Shielded
SC_RS07805	SCO1171		ROK family transcriptional regulator	ROK	arm	1233319	19113	2499	19112	92.1	-0.26	-0.11	Shielded
SC_RS07840	SCO1177		FadR/GntR family transcriptional regulator	GntR	arm	1241559	14497	10739	27352	111.3	-0.21	3.66	Shielded
SC_RS07885	SCO1186		LacI family DNA-binding transcriptional regulator	LacI	arm	1258218	185	6710	44011	241.3	-0.75	-0.84	Exposed
SC_RS07910	SCO1191		MarR family winged helix-turn-helix transcriptional regulator	MarR	arm	1264656	4276	272	50449	80.9	-2.82	-2.1	Shielded
SC_RS07920	SCO1193		TetR/AcrR family transcriptional regulator	TetR	arm	1265739	3193	811	51532	106.7	-0.68	-1.57	Shielded
SC_RS07955	SCO1200		helix-turn-helix domain-containing protein	HTH (other)	arm	1272566	3634	5389	58359	123.0	0.26	0.08	Shielded
SC_RS07985	SCO1206		1,3,6,8-tetrahydroxynaphthalene synthase	TetR	arm	1277625	2702	718	56504	63.6	2.43	1.77	Shielded
SC_RS08005	SCO1210		TetR family transcriptional regulator	TetR	arm	1281884	1557	753	52245	370.0	-1.22	-1.45	Shielded
SC_RS08040	SCO1217		sensor histidine kinase	Sensor kinase	arm	1289084	4763	4143	45045	87.6	-0.14	0.15	Shielded
SC_RS08055	SCO1220		LytR/AlgR family response regulator transcription factor	Response regulator	arm	1292117	1730	1110	42012	23.1	-0.19	1.69	Shielded
SC_RS08060	SCO1221		Lrp/AsnC family transcriptional regulator	Lrp	arm	1292195	1652	1032	41934	55.7	1.45	0.19	Shielded
SC_RS08090	SCO1227		helix-turn-helix transcriptional regulator	HTH (other)	arm	1302022	8175	8795	32107	190.6	4.58	4.59	Shielded
SC_RS08165	SCO1242		helix-turn-helix domain-containing protein	HTH (other)	arm	1313856	6557	11850	20273	141.1	1.1	0.24	Shielded
SC_RS08255	SCO1259		sensor histidine kinase	Sensor kinase	arm	1329747	8164	4041	4382	104.2	-0.74	-0.27	Shielded
SC_RS08260	SCO1260		response regulator transcription factor	Response regulator	arm	1330916	6995	5210	3213	120.3	-0.45	-1.11	Shielded
SC_RS08265	SCO1261		ROK family transcriptional regulator	ROK	arm	1331678	6233	5972	2451	309.6	-0.34	-0.99	Shielded
SC_RS08270	SCO1262		GntR family transcriptional regulator	GntR	arm	1333633	4278	6521	496	964.7	1.02	0.12	Shielded
SC_RS08275	SCO1263		RNA polymerase sigma-70 factor	Sigma factor	arm	1334711	3200	5443	582	59.1	0.39	0.71	Shielded
SC_RS08340	SCO1276		RNA polymerase sigma factor	Sigma factor	arm	1346693	3877	6539	12564	38.9	0.84	4.54	Shielded
SC_RS08405	SCO1289	pdxR	MocR-like pyridoxine biosynthesis transcription factor PdxR	Other regulatory	arm	1359896	5247	3608	25767	388.0	2.13	2.11	Shielded
SC_RS08435	SCO1295		Lrp/AsnC family transcriptional regulator	Lrp	arm	1370221	588	13933	36092	87.3	0.1	-1.17	Shielded
SC_RS08460	SCO1299		Lrp/AsnC family transcriptional regulator	Lrp	arm	1374103	1837	17815	39974	36.6	-1.1	-0.49	Shielded
SC_RS08510	SCO1309		ArsR/SmtB family transcription factor	ArsR	arm	1387066	591	30778	52937	18.6	-0.53	0.26	Shielded
SC_RS08525	SCO1312		helix-turn-helix domain-containing protein	HTH (other)	arm	1389448	2973	33160	55319	47.0	-0.89	-0.55	Shielded
SC_RS08590	SCO1325		winged helix-turn-helix transcriptional regulator	HTH (other)	arm	1400584	1805	44296	66455	65.2	-0.52	-0.76	Shielded
SC_RS08620	SCO1331		LuxR C-terminal-related transcriptional regulator	Other regulatory	arm	1406162	217	49655	72033	323.3	2.43	2.04	Exposed
SC_RS08625			RNA polymerase sigma factor	Sigma factor	arm	1409380	1648	46437	75251	19.2	0.18	2.26	Shielded
SC_RS08660	SCO1339		TetR/AcrR family transcriptional regulator	TetR	arm	1416484	5885	39333	82355	39.7	-0.94	-0.22	Shielded
SC_RS08720	SCO1351		helix-turn-helix transcriptional regulator	HTH (other)	arm	1426307	931	29510	92178	85.1	-0.2	1.67	Shielded
SC_RS08730	SCO1353		helix-turn-helix domain-containing protein	HTH (other)	arm	1430593	5084	25224	96464	51.2	0.46	0.49	Shielded
SC_RS08755	SCO1358		LysR family transcriptional regulator	LysR	arm	1436223	546	19594	102094	71.5	-0.88	-0.01	Shielded
SC_RS08795	SCO1366		PadR family transcriptional regulator	PadR	arm	1443908	2750	11909	109779	815.8	-1.83	1.31	Shielded
SC_RS08810	SCO1369		sensor histidine kinase	Sensor kinase	arm	1445966	692	9851	111837	49.9	0.14	1.39	Shielded
SC_RS08815	SCO1370		response regulator	Response regulator	arm	1447177	519	8640	113048	18.3	0.32	1.43	Shielded
SC_RS08845	SCO1376		LacI family DNA-binding transcriptional regulator	LacI	arm	1453090	2016	2727	118961	375.7	2.0	1.43	Shielded
SC_RS08870	SCO1381		MerR family transcriptional regulator	MerR	arm	1460573	2131	4756	126444	831.4	0.88	-0.27	Shielded
SC_RS08880	SCO1383	ftsR	transcriptional regulator FtsR	Other regulatory	arm	1462033	3591	6216	127904	594.0	-0.93	-2.25	Shielded
SC_RS09025	SCO1410		GntR family transcriptional regulator	GntR	core	1505123	1591	10267	165069	88.8	-1.67	-1.57	Shielded
SC_RS09060	SCO1417		SCO1417 family PLP biosynthesis transcription factor	Other regulatory	core	1514141	6530	1249	156051	367.2	-0.32	-1.73	Shielded
SC_RS09100	SCO1425		Lrp/AsnC family transcriptional regulator	Lrp	core	1522060	1389	6670	148132	80.1	-1.08	-1.1	Shielded
SC_RS09125	SCO1430		TetR/AcrR family transcriptional regulator	TetR	core	1526779	4425	11389	143413	143.1	0.03	-0.42	Shielded
SC_RS09210	SCO1447		ROK family transcriptional regulator	ROK	core	1544653	315	29263	125539	208.4	-1.87	-1.96	Shielded
SC_RS09265	SCO1458		Lrp/AsnC family transcriptional regulator	Lrp	core	1556108	1777	40718	114084	75.5	-2.67	-2.27	Shielded
SC_RS09290	SCO1463		sugar-binding transcriptional regulator	Other regulatory	core	1561393	7062	37575	108799	3640.6	1.83	-0.66	Shielded
SC_RS09315	SCO1468		tetratricopeptide repeat protein	TetR	core	1568358	14027	30610	101834	167.6	3.87	4.26	Shielded
SC_RS09415	SCO1488	pyrR	bifunctional pyr operon transcriptional regulator/uracil phosphoribosyltransferase PyrR	Other regulatory	core	1592083	1546	6885	78109	210.8	-2.69	-2.45	Shielded
SC_RS09420	SCO1489	bldD	transcriptional regulator BldD	Other regulatory	core	1592381	1248	6587	77811	2243.3	-1.05	-1.9	Shielded
SC_RS09425	SCO1490	nusB	transcription antitermination factor NusB	Other regulatory	core	1593516	113	5452	76676	1895.3	-1.89	-3.19	Exposed
SC_RS09575	SCO1521		YebC/PmpR family DNA-binding transcriptional regulator	Other regulatory	core	1626785	12027	19583	43407	1878.4	-0.17	-0.93	Shielded
SC_RS09690	SCO1541		SsgA family sporulation/cell division regulator	Other regulatory	core	1650377	375	20876	19815	171.7	1.31	2.91	Shielded
SC_RS09835	SCO1564		sigma-70 family RNA polymerase sigma factor	Sigma factor	core	1674773	3253	3520	4581	74.9	3.56	1.11	Shielded
SC_RS09855	SCO1568		TetR/AcrR family transcriptional regulator	TetR	core	1679229	840	932	9037	472.9	-2.47	-2.07	Shielded
SC_RS09895	SCO1576		arginine repressor	Repressor	core	1687155	5088	8858	16963	160.7	-0.62	0.04	Shielded
SC_RS09980	SCO1593		transcriptional regulator	Other regulatory	core	1703856	10120	21637	33664	114.3	-1.65	-0.06	Shielded
SC_RS09995	SCO1596		sensor histidine kinase	Sensor kinase	core	1709248	4728	16245	39056	303.0	-0.66	-1.04	Shielded
SC_RS10080	SCO1614		FadR/GntR family transcriptional regulator	GntR	core	1726192	1200	415	56000	59.9	-0.56	0.04	Shielded
SC_RS10090	SCO1616		LysR family transcriptional regulator	LysR	core	1729404	130	2797	59212	298.7	-2.33	-2.14	Exposed
SC_RS10105	SCO1619		helix-turn-helix domain-containing protein	HTH (other)	core	1731885	2050	5278	61693	240.4	0.71	0.81	Shielded
SC_RS10160	SCO1630		sensor histidine kinase	Sensor kinase	core	1744680	66	4952	74488	5659.6	10.5	8.03	Exposed
SC_RS10190	SCO1636		helix-turn-helix transcriptional regulator	HTH (other)	core	1751160	6546	11432	80968	784.2	0.8	-0.34	Shielded
SC_RS10195	SCO1637		helix-turn-helix transcriptional regulator	HTH (other)	core	1752132	7518	12404	81940	709.5	0.55	-0.76	Shielded
SC_RS10220	SCO1642		LacI family DNA-binding transcriptional regulator	LacI	core	1756624	3680	16896	86432	234.4	0.79	-0.22	Shielded
SC_RS10280	SCO1654		response regulator	Response regulator	core	1769156	2147	29428	98964	782.1	-0.13	-1.39	Shielded
SC_RS10300	SCO1658		IclR family transcriptional regulator	IclR	core	1776737	9728	37009	106545	207.3	0.21	-0.38	Shielded
SC_RS10320	SCO1662	parJ	filament polymerization regulator ParJ	Other regulatory	core	1782041	14297	42313	111849	1022.3	-0.13	-0.97	Shielded
SC_RS10405	SCO1678		FadR/GntR family transcriptional regulator	GntR	core	1798424	534	42972	128232	155.8	-0.32	-0.88	Shielded
SC_RS10435	SCO1684		tetratricopeptide repeat protein	TetR	core	1805076	462	36320	134884	41.0	1.73	2.6	Shielded
SC_RS10470	SCO1691		TetR/AcrR family transcriptional regulator	TetR	core	1811224	2302	30172	141032	143.7	-0.27	-1.31	Shielded
SC_RS10500	SCO1697	soxR	redox-sensitive transcriptional activator SoxR	Activator	core	1818878	9956	22518	148686	145.8	0.62	-0.58	Shielded
SC_RS10510	SCO1699		TetR/AcrR family transcriptional regulator	TetR	core	1820108	9712	21288	149916	656.2	-0.92	-0.75	Shielded
SC_RS10525	SCO1702		TetR/AcrR family transcriptional regulator	TetR	core	1821800	8020	19596	151608	33.0	-0.04	0.83	Shielded
SC_RS10530	SCO1703		ArsR/SmtB family transcription factor	ArsR	core	1822505	7315	18891	152313	54.3	0.42	0.17	Shielded
SC_RS10575	SCO1712		TetR/AcrR family transcriptional regulator	TetR	core	1834906	367	6490	164714	40.6	-0.53	0.38	Shielded
SC_RS10590	SCO1716		GntR family transcriptional regulator	GntR	core	1837136	1863	4260	166944	52.8	-0.27	0.46	Shielded
SC_RS10600	SCO1718		TetR/AcrR family transcriptional regulator C-terminal domain-containing protein	TetR	core	1839798	4423	1598	169606	86.7	0.3	0.13	Shielded
SC_RS10620	SCO1722		anti-sigma factor	Sigma factor	core	1843034	1187	1638	172842	26.3	0.45	2.32	Shielded
SC_RS10625	SCO1723		sigma-70 family RNA polymerase sigma factor	Sigma factor	core	1843573	648	2177	173381	14.6	0.59	4.25	Shielded
SC_RS10650	SCO1728		GntR family transcriptional regulator	GntR	core	1848777	3291	7381	178585	35.7	0.32	-0.12	Shielded
SC_RS10690	SCO1736		MarR family winged helix-turn-helix transcriptional regulator	MarR	core	1854524	1621	6842	184332	21.1	-0.92	0.15	Shielded
SC_RS10730	SCO1744		sensor histidine kinase	Sensor kinase	core	1863882	868	2516	193690	58.9	0.29	1.01	Shielded
SC_RS10735	SCO1745		response regulator	Response regulator	core	1865045	295	3679	194853	31.7	0.76	1.48	Shielded
SC_RS10880	SCO1774		tetratricopeptide repeat protein	TetR	core	1895778	1246	191	195710	261.1	0.26	-0.44	Shielded
SC_RS10900	SCO1778		PucR family transcriptional regulator	Other regulatory	core	1901295	3215	5326	190193	147.8	-0.53	-0.41	Shielded
SC_RS10960	SCO1790		tetratricopeptide repeat protein	TetR	core	1915205	7018	3619	176283	401.9	-2.4	-2.57	Shielded
SC_RS11030	SCO1801		response regulator	Response regulator	core	1929652	636	18066	161836	159.7	-0.04	2.11	Shielded
SC_RS11035	SCO1802		GAF domain-containing sensor histidine kinase	Sensor kinase	core	1930823	1807	19237	160665	199.6	-0.36	1.67	Shielded
SC_RS11090	SCO1813		FadR/GntR family transcriptional regulator	GntR	core	1942957	241	31371	148531	242.8	-2.44	-2.84	Exposed
SC_RS11225	SCO1839		helix-turn-helix domain-containing protein	HTH (other)	core	1967457	1038	55871	124031	3166.9	4.56	5.27	Shielded
SC_RS11390	SCO1872		IclR family transcriptional regulator	IclR	core	2006250	1860	58716	85238	158.1	-1.59	-1.7	Shielded
SC_RS11410	SCO1876		SigE family RNA polymerase sigma factor	Sigma factor	core	2009469	771	55497	82019	41.2	-1.22	-0.46	Shielded
SC_RS11480	SCO1890		GntR family transcriptional regulator	GntR	core	2025415	2330	39551	66073	38.4	-0.59	0.09	Shielded
SC_RS11515	SCO1897		DeoR/GlpR family DNA-binding transcription regulator	DeoR	core	2031485	499	33481	60003	51.6	1.31	1.48	Shielded
SC_RS11550	SCO1904		TetR/AcrR family transcriptional regulator	TetR	core	2038841	847	26125	52647	552.4	-0.72	-1.54	Shielded
SC_RS11595	SCO1912	dapA	4-hydroxy-tetrahydrodipicolinate synthase	TetR	core	2048212	398	16754	43276	50.0	0.96	1.04	Shielded
SC_RS11615	SCO1916	dapD	2,3,4,5-tetrahydropyridine-2,6-dicarboxylate N-succinyltransferase	TetR	core	2051513	3699	13453	39975	939.4	1.2	-0.9	Shielded
SC_RS11620	SCO1917		TetR/AcrR family transcriptional regulator	TetR	core	2052116	4037	12850	39372	72.1	0.52	0.41	Shielded
SC_RS11665	SCO1926		helix-turn-helix transcriptional regulator	HTH (other)	core	2059132	2498	5834	32356	2556.1	0.39	0.77	Shielded
SC_RS11780	SCO1950	whiA	DNA-binding protein WhiA	Other regulatory	core	2085567	3677	20601	5921	736.6	-0.31	-1.28	Shielded
SC_RS11810	SCO1956		LacI family DNA-binding transcriptional regulator	LacI	core	2091825	2581	26859	337	154.5	-0.16	-0.45	Shielded
SC_RS11925	SCO1979		helix-turn-helix domain-containing protein	HTH (other)	core	2118766	3032	1570	27278	238.1	-0.38	-0.87	Shielded
SC_RS12005	SCO1995		tetratricopeptide repeat protein	TetR	core	2131341	1043	11005	39853	137.9	2.34	1.3	Shielded
SC_RS12095	SCO2013		ANTAR domain-containing response regulator	Response regulator	core	2155779	2118	35443	64291	1191.0	-0.38	-2.06	Shielded
SC_RS12270	SCO2047		ArsR/SmtB family transcription factor	ArsR	core	2196709	607	13677	105221	58.2	-0.5	-0.53	Shielded
SC_RS12415	SCO2075		TraR/DksA family transcriptional regulator	Other regulatory	core	2226683	1218	6152	135195	108.9	0.15	1.15	Shielded
SC_RS12540	SCO2100		TetR/AcrR family transcriptional regulator	TetR	core	2257287	1443	24452	165799	486.9	-1.59	-1.78	Shielded
SC_RS12550	SCO2102		SCO2102 family sporulation regulator	Other regulatory	core	2260936	5092	28101	169448	930.1	0.72	0.09	Shielded
SC_RS12555	SCO2103	metF	methylenetetrahydrofolate reductase [NAD(P)H]	TetR	core	2261916	6072	29081	170428	919.7	1.17	-0.35	Shielded
SC_RS12565	SCO2105		Rv2175c family DNA-binding protein	Other regulatory	core	2263246	6192	30411	171758	675.4	-0.32	-1.7	Shielded
SC_RS12645	SCO2120		response regulator	Response regulator	core	2281440	976	48605	189952	212.6	-0.45	-1.1	Shielded
SC_RS12650	SCO2121	macS	MacS family sensor histidine kinase	Sensor kinase	core	2282674	258	49839	191186	500.1	-1.08	-1.95	Exposed
SC_RS12675	SCO2126		ROK family glucokinase	ROK	core	2286936	1875	54101	195448	2519.7	-1.26	-2.11	Shielded
SC_RS12745	SCO2140		Lrp/AsnC family transcriptional regulator	Lrp	core	2301552	1045	44152	210064	383.9	0.5	-0.75	Shielded
SC_RS12755	SCO2142		sensor histidine kinase	Sensor kinase	core	2302365	1629	43339	210877	84.5	-0.28	0.1	Shielded
SC_RS12760	SCO2143		response regulator transcription factor	Response regulator	core	2303726	268	41978	212238	42.3	0.09	-0.02	Exposed
SC_RS12805	SCO2152		response regulator	Response regulator	core	2314453	1621	31251	222965	724.3	2.19	0.88	Shielded
SC_RS12865	SCO2165		response regulator	Response regulator	core	2330315	522	15389	238827	150.7	-0.19	-0.82	Shielded
SC_RS12870	SCO2166		sensor histidine kinase	Sensor kinase	core	2331562	405	14142	240074	244.2	0.36	-0.11	Shielded
SC_RS12950	SCO2182		GntR family transcriptional regulator	GntR	core	2347778	565	2074	256290	653.1	0.13	-1.29	Shielded
SC_RS12960	SCO2184		helix-turn-helix transcriptional regulator	HTH (other)	core	2351510	621	5806	260022	120.9	-0.88	-0.79	Shielded
SC_RS13040	SCO2201		winged helix-turn-helix transcriptional regulator	HTH (other)	core	2367728	5500	22024	276240	131.2	1.12	0.54	Shielded
SC_RS13055	SCO2204		winged helix DNA-binding domain-containing protein	HTH (other)	core	2369767	3461	24063	278279	409.2	-1.02	-0.9	Shielded
SC_RS13080	SCO2209		MarR family transcriptional regulator	MarR	core	2373706	478	28002	282218	34.7	-1.18	-0.24	Shielded
SC_RS13095	SCO2213		winged helix-turn-helix domain-containing protein	HTH (other)	core	2376676	1338	30972	285188	262.8	3.24	0.31	Shielded
SC_RS13105	SCO2215		sensor histidine kinase	Sensor kinase	core	2378415	3077	32711	286927	83.3	0.17	0.12	Shielded
SC_RS13110	SCO2216		response regulator transcription factor	Response regulator	core	2379677	4339	33973	288189	92.8	0.7	-0.65	Shielded
SC_RS13125	SCO2219		tetratricopeptide repeat protein	TetR	core	2382653	7254	36949	291165	324.7	1.07	0.01	Shielded
SC_RS13145	SCO2223		TetR/AcrR family transcriptional regulator	TetR	core	2387313	2594	41609	295825	90.3	-2.6	-1.97	Shielded
SC_RS13190	SCO2232		LacI family DNA-binding transcriptional regulator	LacI	core	2400651	343	54947	309163	692.3	-2.66	-3.01	Shielded
SC_RS13245	SCO2243		TetR/AcrR family transcriptional regulator	TetR	core	2412355	1112	58473	320867	378.4	-2.21	-2.23	Shielded
SC_RS13260			helix-turn-helix domain-containing protein	HTH (other)	core	2416084	2617	54744	324596	185.6	3.37	2.63	Shielded
SC_RS13290	SCO2253		helix-turn-helix domain-containing protein	HTH (other)	core	2420483	1200	50345	328995	183.2	0.06	-0.83	Shielded
SC_RS13320	SCO2259		BTAD domain-containing putative transcriptional regulator	Other regulatory	core	2430201	1810	40627	338713	551.1	-0.38	-0.54	Shielded
SC_RS13425	SCO2280		TetR/AcrR family transcriptional regulator	TetR	core	2450291	4468	20537	358803	105.1	-1.04	-0.99	Shielded
SC_RS13430	SCO2281		response regulator transcription factor	Response regulator	core	2451016	3743	19812	359528	120.6	-0.96	-1.57	Shielded
SC_RS13500	SCO2294		AraC family transcriptional regulator	AraC	core	2465058	1681	5770	373570	65.6	0.62	1.81	Shielded
SC_RS13505	SCO2295		MerR family transcriptional regulator	MerR	core	2465169	1792	5659	373681	45.6	0.93	0.75	Shielded
SC_RS13565	SCO2307		sensor histidine kinase	Sensor kinase	core	2475740	974	4912	384252	71.6	0.46	1.38	Shielded
SC_RS13570	SCO2308		response regulator transcription factor	Response regulator	core	2477055	2289	6227	385567	93.5	-0.24	-0.23	Shielded
SC_RS13625	SCO2319		TetR family transcriptional regulator	TetR	core	2490268	550	19440	398780	379.7	-3.68	-3.64	Shielded
SC_RS13675	SCO2329		GlxA family transcriptional regulator	Other regulatory	core	2500565	4052	29737	409077	82.9	-0.54	-0.45	Shielded
SC_RS13685	SCO2331		MarR family winged helix-turn-helix transcriptional regulator	MarR	core	2501697	5184	30869	410209	120.3	-0.34	-0.97	Shielded
SC_RS13825	SCO2358		response regulator transcription factor	Response regulator	core	2526708	1037	55880	435220	194.2	0.3	-0.59	Shielded
SC_RS13830	SCO2359		sensor histidine kinase	Sensor kinase	core	2527841	96	57013	436353	241.2	0.16	-0.68	Exposed
SC_RS13905	SCO2374		TetR family transcriptional regulator	TetR	core	2544733	10	73905	453245	173.4	-0.0	-1.04	Exposed
SC_RS13925	SCO2378		MerR family transcriptional regulator	MerR	core	2549293	1946	78465	457805	138.7	2.1	-0.37	Shielded
SC_RS13940	SCO2381		helix-turn-helix domain-containing protein	HTH (other)	core	2550901	3554	80073	459413	214.4	1.93	1.75	Shielded
SC_RS13965	SCO2386	fasR	fatty acid biosynthesis transcriptional regulator FasR	Other regulatory	core	2558045	1884	87217	466557	658.4	-1.35	-2.01	Shielded
SC_RS14025	SCO2398		MarR family winged helix-turn-helix transcriptional regulator	MarR	core	2570030	10101	87753	478542	51.2	0.2	0.14	Shielded
SC_RS14165	SCO2426		helix-turn-helix domain-containing protein	HTH (other)	core	2600318	982	57465	508830	156.0	3.92	2.86	Shielded
SC_RS14235	SCO2440		IclR family transcriptional regulator	IclR	core	2619420	9032	38363	495962	262.3	-0.88	-1.39	Shielded
SC_RS14245	SCO2442		FadR/GntR family transcriptional regulator	GntR	core	2620881	9600	36902	494501	292.1	-0.98	-2.61	Shielded
SC_RS14295	SCO2452		GAF domain-containing sensor histidine kinase	Sensor kinase	core	2638132	1580	19651	477250	31.1	0.19	3.0	Shielded
SC_RS14375	SCO2465		RNA polymerase sigma factor	Sigma factor	core	2654327	3455	3456	461055	180.0	-0.78	-1.02	Shielded
SC_RS14425	SCO2475		LysR family transcriptional regulator	LysR	core	2666940	178	2814	448442	273.4	-0.32	-0.97	Exposed
SC_RS14455	SCO2481		winged helix-turn-helix transcriptional regulator	HTH (other)	core	2671941	3265	2187	443441	113.4	3.99	2.39	Shielded
SC_RS14495	SCO2489		TetR/AcrR family transcriptional regulator	TetR	core	2680340	5134	10586	435042	128.3	0.22	-0.29	Shielded
SC_RS14555	SCO2501		helix-turn-helix transcriptional regulator	HTH (other)	core	2699575	1873	29821	415807	260.6	1.24	0.23	Shielded
SC_RS14590	SCO2508		Fur family transcriptional regulator	Other regulatory	core	2706801	9099	37047	408581	409.6	0.27	-1.25	Shielded
SC_RS14615	SCO2513		helix-turn-helix domain-containing protein	HTH (other)	core	2709485	11783	36711	405897	422.2	6.09	5.88	Shielded
SC_RS14635	SCO2517		response regulator	Response regulator	core	2713435	12953	32761	401947	567.4	3.93	4.71	Shielded
SC_RS14640	SCO2518		sensor histidine kinase	Sensor kinase	core	2714709	11679	31487	400673	1177.9	3.27	4.16	Shielded
SC_RS14725	SCO2535		MmcQ/YjbR family DNA-binding protein	Other regulatory	core	2733319	4523	12877	382063	111.7	-0.76	-1.46	Shielded
SC_RS14735	SCO2537		helix-turn-helix transcriptional regulator	HTH (other)	core	2735252	2590	10944	380130	194.0	0.87	0.32	Shielded
SC_RS14770	SCO2544		IclR family transcriptional regulator	IclR	core	2742662	610	3534	372720	101.8	-0.15	-0.06	Shielded
SC_RS14825	SCO2555	hrcA	heat-inducible transcriptional repressor HrcA	Repressor	core	2756023	791	1656	359359	1822.5	-1.04	-1.9	Shielded
SC_RS14890	SCO2568		ComEA family DNA-binding protein	Other regulatory	core	2773509	2617	15830	341873	59.2	-2.01	-0.64	Shielded
SC_RS15140	SCO2614	folC	bifunctional tetrahydrofolate synthase/dihydrofolate synthase	TetR	core	2838671	228	4276	276711	1801.0	-1.06	-1.88	Exposed
SC_RS15270	SCO2639		RNA polymerase sigma factor	Sigma factor	core	2870568	6092	36173	244814	57.7	-1.72	-1.29	Shielded
SC_RS15295	SCO2644		LysR family transcriptional regulator	LysR	core	2877352	692	42957	238030	215.9	-1.92	-1.98	Shielded
SC_RS15310	SCO2647		MarR family winged helix-turn-helix transcriptional regulator	MarR	core	2879447	478	45052	235935	99.6	-1.77	-1.27	Shielded
SC_RS15335	SCO2652		Rrf2 family transcriptional regulator	Other regulatory	core	2884084	687	42265	231298	230.4	-1.56	-2.24	Shielded
SC_RS15360	SCO2657		ROK family transcriptional regulator	ROK	core	2888309	698	38040	227073	132.9	-1.57	-0.89	Shielded
SC_RS15485	SCO2681	fxsT	FxSxx-COOH system tetratricopeptide repeat protein	TetR	core	2920569	1471	5780	194813	170.1	-1.63	-0.81	Shielded
SC_RS15495	SCO2683		single-stranded DNA-binding protein	Other regulatory	core	2924985	1363	1364	190397	24.6	-0.39	0.98	Shielded
SC_RS15515	SCO2686		helix-turn-helix domain-containing protein	HTH (other)	core	2930719	2162	4370	184663	125.5	-1.58	-1.38	Shielded
SC_RS15725			helix-turn-helix transcriptional regulator	HTH (other)	core	2975426	3986	22090	139956	6.8	0.03	2.6	Shielded
SC_RS15755	SCO2734		LysR family transcriptional regulator	LysR	core	2980555	9115	16961	134827	107.0	0.42	0.45	Shielded
SC_RS15795	SCO2742		RNA polymerase sigma-70 factor	Sigma factor	core	2989145	8370	8371	126237	51.2	0.34	1.04	Shielded
SC_RS15810	SCO2745		LacI family DNA-binding transcriptional regulator	LacI	core	2990408	7107	7108	124974	57.8	-1.37	0.79	Shielded
SC_RS15850	SCO2753		LacI family DNA-binding transcriptional regulator	LacI	core	2999879	235	2363	115503	186.0	-0.86	-1.23	Exposed
SC_RS15870	SCO2757		LysR family transcriptional regulator	LysR	core	3003658	2923	6142	111724	112.5	-0.81	-0.69	Shielded
SC_RS15920	SCO2767		tetratricopeptide repeat protein	TetR	core	3019491	3280	21975	95891	431.1	1.72	1.59	Shielded
SC_RS15960	SCO2775		SACE_7040 family transcriptional regulator	Other regulatory	core	3027416	1514	29900	87966	106.4	-1.46	-0.97	Shielded
SC_RS16045	SCO2792		helix-turn-helix domain-containing protein	HTH (other)	core	3047135	3720	49619	68247	3179.4	0.29	-0.97	Shielded
SC_RS16060	SCO2794		LacI family DNA-binding transcriptional regulator	LacI	core	3050892	37	53376	64490	548.9	-0.69	-1.64	Exposed
SC_RS16090	SCO2800		sensor histidine kinase	Sensor kinase	core	3059226	200	61710	56156	162.4	1.11	0.75	Exposed
SC_RS16095	SCO2801		response regulator transcription factor	Response regulator	core	3059927	501	62411	55455	74.7	1.23	0.87	Shielded
SC_RS16145	SCO2811		ArsR/SmtB family transcription factor	ArsR	core	3070556	952	73040	44826	111.0	-0.49	-0.88	Shielded
SC_RS16165	SCO2815		TetR/AcrR family transcriptional regulator	TetR	core	3073685	1320	76169	41697	77.2	-1.45	-1.19	Shielded
SC_RS16255	SCO2832		IclR family transcriptional regulator	IclR	core	3090979	565	93463	24403	881.2	2.6	2.24	Shielded
SC_RS16305	SCO2840		LysR family transcriptional regulator	LysR	core	3101313	1437	103797	14069	67.2	0.59	0.51	Shielded
SC_RS16325			GntR family transcriptional regulator	GntR	core	3104948	1223	107432	10434	18.5	-2.59	0.19	Shielded
SC_RS16330	SCO2846		ROK family transcriptional regulator	ROK	core	3106233	2508	108717	9149	113.2	-1.7	-1.24	Shielded
SC_RS16365	SCO2853		winged helix-turn-helix transcriptional regulator	HTH (other)	core	3111885	399	114369	3497	43.6	-0.61	-0.08	Shielded
SC_RS16395	SCO2859		PadR family transcriptional regulator	PadR	core	3116334	2004	118818	952	82.5	-1.74	-1.71	Shielded
SC_RS16420	SCO2865		helix-turn-helix domain-containing protein	HTH (other)	core	3122091	159	124575	6709	127.5	-0.64	-0.88	Exposed
SC_RS16445	SCO2869		helix-turn-helix domain-containing protein	HTH (other)	core	3124417	2167	126901	9035	39.8	0.59	0.86	Shielded
SC_RS16475	SCO2875		MerR family transcriptional regulator	MerR	core	3129646	128	132130	14264	107.0	0.05	-0.26	Exposed
SC_RS16720	SCO2924		SsgA family sporulation/cell division regulator	Other regulatory	core	3175140	6666	177624	59758	198.9	0.2	0.96	Shielded
SC_RS16730	SCO2926		tetratricopeptide repeat protein	TetR	core	3177140	7189	179624	61758	40.5	-0.17	2.21	Shielded
SC_RS16740	SCO2928		Lrp/AsnC family transcriptional regulator	Lrp	core	3179891	4438	182375	64509	41.3	-1.21	0.02	Shielded
SC_RS16775	SCO2935		IclR family transcriptional regulator	IclR	core	3187042	1674	189526	71660	126.7	-0.69	-0.43	Shielded
SC_RS16855	SCO2950		HU family DNA-binding protein	Other regulatory	core	3206684	3381	209168	74613	10732.9	-1.65	-2.9	Shielded
SC_RS16870	SCO2953	rsuA	anti-sigma U factor RsuA	Anti-sigma	core	3212094	141	214578	69203	401.4	1.19	1.57	Exposed
SC_RS16875	SCO2954		sigma-70 family RNA polymerase sigma factor	Sigma factor	core	3212678	725	215162	68619	191.5	1.95	3.13	Shielded
SC_RS16920	SCO2964	stgR	LysR family transcriptional regulator StgR	LysR	core	3225055	195	227539	56242	49.0	-2.15	0.4	Exposed
SC_RS17040	SCO2987		MarR family winged helix-turn-helix transcriptional regulator	MarR	core	3257116	906	259600	24181	193.3	-0.9	-2.15	Shielded
SC_RS17075	SCO2994		TetR/AcrR family transcriptional regulator	TetR	core	3262273	6063	264757	19024	165.1	-2.85	-2.21	Shielded
SC_RS17135	SCO3007		winged helix-turn-helix domain-containing protein	HTH (other)	core	3280662	634	283146	635	368.8	-1.71	-2.17	Shielded
SC_RS17140	SCO3008		response regulator	Response regulator	core	3282630	1013	285114	1333	1733.9	1.6	0.64	Shielded
SC_RS17160	SCO3012	mtrB	two-component system sensor histidine kinase MtrB	Sensor kinase	core	3288888	7271	291372	7591	1825.5	-0.67	-1.61	Shielded
SC_RS17165	SCO3013	mtrA	two-component system response regulator MtrA	Response regulator	core	3289579	7962	292063	8282	2928.9	-0.1	-1.2	Shielded
SC_RS17285	SCO3034		WhiB family transcriptional regulator	WhiB	core	3321016	3134	323500	39719	845.5	-0.99	-2.17	Shielded
SC_RS17425	SCO3062	draK	two-component system sensor histidine kinase DraK	Sensor kinase	core	3355955	1311	358439	74658	747.0	0.14	-1.13	Shielded
SC_RS17430	SCO3063		response regulator transcription factor	Response regulator	core	3356667	2023	359151	75370	1449.0	0.47	-0.65	Shielded
SC_RS17455	SCO3068		RNA polymerase sigma factor SigF	Sigma factor	core	3360694	3579	363178	79397	1171.0	-1.19	-2.61	Shielded
SC_RS17490	SCO3075		MurR/RpiR family transcriptional regulator	Other regulatory	core	3369364	1408	371848	88067	140.1	-1.45	-0.95	Shielded
SC_RS17670	SCO3109	mfd	transcription-repair coupling factor	Other regulatory	core	3408313	131	410797	127016	715.5	-0.33	-1.08	Exposed
SC_RS17725	SCO3119		sensor histidine kinase	Sensor kinase	core	3421340	1844	423824	140043	682.0	-0.21	0.14	Shielded
SC_RS17770	SCO3129		TetR/AcrR family transcriptional regulator	TetR	core	3431181	2679	433665	149884	350.8	0.03	-0.63	Shielded
SC_RS17790	SCO3133	tamR	MarR family transcriptional regulator TamR	MarR	core	3434529	669	437013	153232	428.7	-0.43	-0.7	Shielded
SC_RS17795	SCO3134		response regulator transcription factor	Response regulator	core	3435764	1904	438248	154467	877.4	3.4	3.16	Shielded
SC_RS17830	SCO3144		helix-turn-helix transcriptional regulator	HTH (other)	core	3442976	1719	445460	161679	35.4	-0.05	1.31	Shielded
SC_RS17900	SCO3158		SsgA family sporulation/cell division regulator	Other regulatory	core	3461177	970	463661	179880	200.4	-0.31	-0.41	Shielded
SC_RS17945	SCO3167		TetR/AcrR family transcriptional regulator	TetR	core	3470205	2787	472689	188908	487.9	-0.43	-1.2	Shielded
SC_RS17975	SCO3173		MerR family transcriptional regulator	MerR	core	3477824	46	480308	196527	98.7	-1.54	-1.09	Exposed
SC_RS18030	SCO3183		5-formyltetrahydrofolate cyclo-ligase	TetR	core	3487555	166	490039	206258	173.5	-1.55	-1.92	Exposed
SC_RS18105	SCO3198		DeoR/GlpR family DNA-binding transcription regulator	DeoR	core	3506179	981	508663	224882	1599.9	-0.2	1.01	Shielded
SC_RS18115	SCO3200		helix-turn-helix transcriptional regulator	HTH (other)	core	3507970	810	510454	226673	69.3	-1.21	-0.14	Shielded
SC_RS18120	SCO3201		TetR/AcrR family transcriptional regulator	TetR	core	3509954	2794	512438	228657	355.2	-0.64	-0.3	Shielded
SC_RS18125	SCO3202		sigma-70 family RNA polymerase sigma factor	Sigma factor	core	3511379	2614	513863	230082	1347.4	0.29	-0.48	Shielded
SC_RS18140	SCO3205		MarR family winged helix-turn-helix transcriptional regulator	MarR	core	3513024	969	515508	231727	75.9	-1.13	-1.27	Shielded
SC_RS18150	SCO3207		TetR/AcrR family transcriptional regulator	TetR	core	3515955	1077	518439	234658	2194.2	4.8	3.96	Shielded
SC_RS18160	SCO3209		IclR family transcriptional regulator domain-containing protein	IclR	core	3517633	1055	520117	236336	199.7	0.7	1.15	Shielded
SC_RS18200	SCO3217		AfsR/SARP family transcriptional regulator	SARP	core	3529272	365	531756	247975	6864.4	6.85	5.76	Shielded
SC_RS18240	SCO3225		sensor histidine kinase	Sensor kinase	core	3536945	2880	539429	255648	1107.6	2.2	2.73	Shielded
SC_RS18245	SCO3226	absA2	two component system response regulator	Response regulator	core	3538679	1146	541163	257382	714.5	0.95	0.54	Shielded
SC_RS18410	SCO3258		SCO3933 family regulatory protein	Other regulatory	core	3608776	798	611260	327479	12.7	-3.28	0.15	Shielded
SC_RS18415	SCO3259		GntR family transcriptional regulator	GntR	core	3609695	1717	612179	328398	197.3	-1.09	-1.16	Shielded
SC_RS18440	SCO3264		GntR family transcriptional regulator	GntR	core	3614359	3426	616843	333062	37.2	-3.58	-0.44	Shielded
SC_RS18455	SCO3269		GntR family transcriptional regulator	GntR	core	3615480	2305	617964	334183	89.4	-1.41	-1.33	Shielded
SC_RS18470			helix-turn-helix domain-containing protein	HTH (other)	core	3617878	93	620362	336581	18.0	0.36	0.97	Exposed
SC_RS18490	SCO3275		MerR family transcriptional regulator	MerR	core	3619451	529	621935	338154	111.8	-1.75	-1.78	Shielded
SC_RS18650	SCO3308		helix-turn-helix domain-containing protein	HTH (other)	core	3661035	2305	663519	379738	475.0	-1.29	-1.82	Shielded
SC_RS18680	SCO3315		TetR/AcrR family transcriptional regulator	TetR	core	3666265	207	668749	384968	68.2	-0.42	-0.54	Exposed
SC_RS18705	SCO3320		redox-sensing transcriptional repressor Rex	Repressor	core	3673191	574	675675	391894	1464.0	-1.29	-1.81	Shielded
SC_RS18720	SCO3323		ECF subfamily RNA polymerase sigma factor, BldN family	Sigma factor	core	3675181	1416	677665	393884	3804.5	7.55	6.63	Shielded
SC_RS18745	SCO3328		helix-turn-helix domain-containing protein	HTH (other)	core	3680268	4995	682752	398971	6598.0	5.48	6.94	Shielded
SC_RS18795	SCO3335		GlxA family transcriptional regulator	Other regulatory	core	3693343	433	695827	412046	42.5	-0.6	1.21	Shielded
SC_RS18850	SCO3346		TetR/AcrR family transcriptional regulator	TetR	core	3705382	1132	707866	424085	104.4	1.1	-0.16	Shielded
SC_RS18895	SCO3356		SigE family RNA polymerase sigma factor	Sigma factor	core	3715604	624	718088	434307	3586.3	0.36	-0.68	Shielded
SC_RS18905	SCO3358	cseB	two-component system response regulator CseB	Response regulator	core	3716926	698	719410	435629	472.9	-0.36	-1.31	Shielded
SC_RS18910	SCO3359	cseC	two-component system sensor histidine kinase CseC	Sensor kinase	core	3717647	1419	720131	436350	1036.8	0.05	-1.07	Shielded
SC_RS18920	SCO3361		Lrp/AsnC family transcriptional regulator	Lrp	core	3720577	2915	723061	439280	35.2	-0.29	0.19	Shielded
SC_RS18945	SCO3365		helix-turn-helix domain-containing protein	HTH (other)	core	3723256	236	725740	441959	235.2	3.42	3.74	Exposed
SC_RS18960	SCO3367		TetR/AcrR family transcriptional regulator	TetR	core	3725586	310	728070	444289	208.9	-0.92	-0.82	Shielded
SC_RS19010	SCO3377		BlaI/MecI/CopY family transcriptional regulator	Other regulatory	core	3741628	1588	744112	460331	161.0	0.24	-0.57	Shielded
SC_RS19070	SCO3389		response regulator	Response regulator	core	3753213	8448	755697	471916	168.3	-1.57	-0.6	Shielded
SC_RS19075	SCO3390		sensor histidine kinase	Sensor kinase	core	3754484	7177	756968	473187	500.8	-1.11	0.4	Shielded
SC_RS19190	SCO3413		MerR family transcriptional regulator	MerR	core	3779675	27	782159	498378	353.7	-0.15	0.18	Exposed
SC_RS19195	SCO3414		MarR family winged helix-turn-helix transcriptional regulator	MarR	core	3780231	583	782715	498934	180.8	-1.33	-1.38	Shielded
SC_RS19220	SCO3419		PadR family transcriptional regulator	PadR	core	3785358	1453	787842	504061	197.3	0.44	-0.33	Shielded
SC_RS19230	SCO3421		helix-turn-helix domain-containing protein	HTH (other)	core	3787801	2007	790285	506504	835.8	1.18	0.45	Shielded
SC_RS19300	SCO3435		LysR family transcriptional regulator	LysR	core	3796515	517	798999	515218	77.6	-1.42	-0.62	Shielded
SC_RS19360	SCO3447		Crp/Fnr family transcriptional regulator	CRP/FNR	core	3809876	1656	812360	528579	133.1	-0.73	-0.49	Shielded
SC_RS19370	SCO3449		anti-sigma factor family protein	Sigma factor	core	3810621	2401	813105	529324	41.4	0.85	0.49	Shielded
SC_RS19375	SCO3450		RNA polymerase sigma factor	Sigma factor	core	3811226	3006	813710	529929	121.8	0.62	-0.19	Shielded
SC_RS19380	SCO3451		anti-sigma factor family protein	Sigma factor	core	3811392	3172	813876	530095	17.1	0.68	1.35	Shielded
SC_RS19550	SCO3485		LacI family DNA-binding transcriptional regulator	LacI	core	3850163	7734	852647	568866	269.2	-0.79	-1.19	Shielded
SC_RS19650	SCO3506		LacI family DNA-binding transcriptional regulator	LacI	core	3873639	3130	876123	592342	246.3	-0.69	-0.97	Shielded
SC_RS19730	SCO3522		ArsR/SmtB family transcription factor	ArsR	core	3890792	1742	893276	609495	30.9	0.5	1.09	Shielded
SC_RS19815			helix-turn-helix domain-containing protein	HTH (other)	core	3906095	10965	904364	624798	166.0	1.18	-0.12	Shielded
SC_RS19880	SCO3549	bldG	anti-sigma factor antagonist BldG	Sigma factor	core	3924592	3994	885867	643295	4491.2	1.53	0.55	Shielded
SC_RS19990	SCO3571		Crp/Fnr family transcriptional regulator	CRP/FNR	core	3950326	551	860133	669029	1899.3	-0.22	-1.33	Shielded
SC_RS20030	SCO3579	wblA	transcriptional regulator WblA	WhiB	core	3957782	552	852677	676485	5764.5	6.32	5.6	Shielded
SC_RS20070	SCO3587		TetR/AcrR family transcriptional regulator	TetR	core	3965740	1585	844719	684443	15.8	-1.08	3.17	Shielded
SC_RS20085	SCO3590	vanR-Sc	VanSc-type vancomycin resistance response regulator transcription factor VanR	Response regulator	core	3968617	785	841842	687320	72.2	0.17	1.01	Shielded
SC_RS20135	SCO3600		helix-turn-helix domain-containing protein	HTH (other)	core	3976873	116	833586	695576	54.5	-2.03	-0.66	Exposed
SC_RS20140	SCO3601		cation:proton antiporter regulatory subunit	Other regulatory	core	3977529	576	832930	696232	145.3	-2.41	-2.22	Shielded
SC_RS20165	SCO3606		PucR family transcriptional regulator	Other regulatory	core	3982525	2125	827934	701228	518.8	-1.65	-2.49	Shielded
SC_RS20200	SCO3613		SigE family RNA polymerase sigma factor	Sigma factor	core	3992845	917	817614	711548	539.6	-1.12	-1.45	Shielded
SC_RS20215	SCO3616		LysR substrate-binding domain-containing protein	LysR	core	3995973	680	814486	714676	252.3	1.01	-0.48	Shielded
SC_RS20250	SCO3623		GntR family transcriptional regulator	GntR	core	4003147	85	807312	721850	94.3	-1.68	-1.33	Exposed
SC_RS20265	SCO3626		sigma-70 family RNA polymerase sigma factor	Sigma factor	core	4005844	1707	804615	724547	160.5	-1.63	-1.43	Shielded
SC_RS20295	SCO3632		GbsR/MarR family transcriptional regulator	MarR	core	4010302	2237	800157	729005	128.9	-1.25	-1.72	Shielded
SC_RS20330	SCO3638		response regulator	Response regulator	core	4016391	3603	794068	735094	79.1	0.16	-0.13	Shielded
SC_RS20335	SCO3639		sensor histidine kinase	Sensor kinase	core	4017806	2188	792653	736509	163.7	-0.64	-0.57	Shielded
SC_RS20340	SCO3640		response regulator	Response regulator	core	4018506	1488	791953	737209	48.3	-0.03	0.16	Shielded
SC_RS20345	SCO3641		sensor histidine kinase	Sensor kinase	core	4019882	112	790577	738585	142.1	-0.95	-0.7	Exposed
SC_RS20405	SCO3653		response regulator transcription factor	Response regulator	core	4032045	4560	778414	750748	94.0	1.65	1.36	Shielded
SC_RS20410	SCO3654		sensor histidine kinase	Sensor kinase	core	4033202	3732	777257	751905	45.0	0.32	1.88	Shielded
SC_RS20455	SCO3664		helix-turn-helix domain-containing protein	HTH (other)	core	4043964	7030	766495	762667	461.0	-0.27	-1.41	Shielded
SC_RS20460	SCO3665		helix-turn-helix transcriptional regulator	HTH (other)	core	4044998	8064	765461	763701	174.6	-0.51	-0.94	Shielded
SC_RS20465	SCO3666		helix-turn-helix transcriptional regulator	HTH (other)	core	4046981	8314	763478	765684	282.5	-0.58	-0.75	Shielded
SC_RS20475	SCO3668		heat shock protein transcriptional repressor HspR	Repressor	core	4048915	6380	761544	767618	640.4	-1.45	-1.71	Shielded
SC_RS20605	SCO3694		MerR family transcriptional regulator	MerR	core	4075130	2476	735329	793833	19.7	0.17	1.22	Shielded
SC_RS20615	SCO3696		ArsR/SmtB family transcription factor	ArsR	core	4075938	1668	734521	794641	49.7	-0.15	0.16	Shielded
SC_RS20630	SCO3699		ArsR/SmtB family transcription factor	ArsR	core	4078997	244	731462	797700	13.3	0.39	0.84	Exposed
SC_RS20680	SCO3709		SigE family RNA polymerase sigma factor	Sigma factor	core	4085871	1917	724588	804574	50.5	-1.32	-0.17	Shielded
SC_RS20710			sigma-70 family RNA polymerase sigma factor	Sigma factor	core	4091245	2905	719214	809948	335.9	-0.65	-1.02	Shielded
SC_RS20740	SCO3722		ArsR/SmtB family transcription factor	ArsR	core	4097198	968	713261	815901	58.0	-0.81	-1.06	Shielded
SC_RS20775	SCO3729		helix-turn-helix domain-containing protein	HTH (other)	core	4103841	3713	706618	822544	138.6	-0.7	-1.04	Shielded
SC_RS20810	SCO3736		RNA polymerase sigma factor	Sigma factor	core	4109227	9099	701232	827930	48.4	-1.73	-1.22	Shielded
SC_RS20830	SCO3740		sensor histidine kinase	Sensor kinase	core	4112645	10446	697814	831348	91.2	-0.69	-0.39	Shielded
SC_RS20835	SCO3741		response regulator transcription factor	Response regulator	core	4113550	9541	696909	832253	80.0	-0.76	-0.52	Shielded
SC_RS20875	SCO3750		sensor histidine kinase	Sensor kinase	core	4121462	1629	688997	840165	137.3	-0.58	-0.2	Shielded
SC_RS20905	SCO3756		response regulator	Response regulator	core	4129652	4537	680807	848355	80.1	-0.95	-1.07	Shielded
SC_RS20910	SCO3757		sensor histidine kinase	Sensor kinase	core	4130926	5811	679533	849629	231.0	-1.07	-1.8	Shielded
SC_RS20965	SCO3769		TetR/AcrR family transcriptional regulator	TetR	core	4142994	3889	667465	861697	883.4	-2.26	-3.12	Shielded
SC_RS20985	SCO3773		LysR family transcriptional regulator	LysR	core	4147062	179	663397	859708	85.0	-2.69	-0.88	Exposed
SC_RS21030	SCO3782		helix-turn-helix domain-containing protein	HTH (other)	core	4159929	2404	650530	846841	157.1	0.19	-0.58	Shielded
SC_RS21145	SCO3804		GlxA family transcriptional regulator	Other regulatory	core	4183789	1795	626670	822981	52.0	-1.66	-0.15	Shielded
SC_RS21175	SCO3810		GntR family transcriptional regulator	GntR	core	4189715	1336	620744	817055	379.1	0.77	0.38	Shielded
SC_RS21185	SCO3812		GntR family transcriptional regulator	GntR	core	4190999	52	619460	815771	42.0	-1.44	-1.32	Exposed
SC_RS21215	SCO3818		response regulator	Response regulator	core	4197520	2396	612939	809250	132.0	0.98	0.98	Shielded
SC_RS21235	SCO3822		bacterial proteasome activator family protein	Activator	core	4203092	1682	607367	803678	2237.3	-0.57	-1.38	Shielded
SC_RS21290	SCO3832		Lrp/AsnC family transcriptional regulator	Lrp	core	4214629	1378	595830	792141	133.6	-0.08	-1.17	Shielded
SC_RS21295	SCO3833		TetR/AcrR family transcriptional regulator	TetR	core	4215806	2555	594653	790964	188.3	1.64	0.56	Shielded
SC_RS21350	SCO3843	fhaA	antibiotic biosynthesis regulator FhaA	Other regulatory	core	4227374	244	583085	779396	2123.2	-2.37	-2.64	Exposed
SC_RS21355	SCO3844	fhaB	antibiotic biosynthesis regulator FhaB	Other regulatory	core	4228257	639	582202	778513	795.5	-1.95	-2.66	Shielded
SC_RS21435	SCO3859		helix-turn-helix domain-containing protein	HTH (other)	core	4243938	6190	566521	762832	304.8	-0.06	-0.91	Shielded
SC_RS21460	SCO3864		GntR family transcriptional regulator	GntR	core	4248804	5558	561655	757966	146.7	-0.65	-0.94	Shielded
SC_RS21600	SCO3891		anti-sigma factor family protein	Sigma factor	core	4282559	2021	527900	724211	134.1	-0.38	-0.53	Shielded
SC_RS21605	SCO3892	sigM	RNA polymerase sigma factor SigM	Sigma factor	core	4283287	2749	527172	723483	251.2	-0.9	-1.38	Shielded
SC_RS21645	SCO3900		PadR family transcriptional regulator	PadR	core	4295550	2196	514909	711220	3234.7	-2.98	-3.14	Shielded
SC_RS21680	SCO3907		single-stranded DNA-binding protein	Other regulatory	core	4303613	2262	506846	703157	12967.7	-2.53	-3.33	Shielded
SC_RS21715	SCO3914		MarR family winged helix-turn-helix transcriptional regulator	MarR	core	4310850	1746	499609	695920	261.2	-0.82	-1.62	Shielded
SC_RS21740	SCO3919		LysR family transcriptional regulator	LysR	core	4315294	741	495165	691476	89.9	-0.12	0.66	Shielded
SC_RS21770	SCO3925		IclR family transcriptional regulator	IclR	core	4318648	2613	491811	688122	171.5	-0.18	-0.41	Shielded
SC_RS21775	SCO3926		SsgA family sporulation/cell division regulator	Other regulatory	core	4319474	3439	490985	687296	134.3	1.61	1.29	Shielded
SC_RS21805	SCO3932		GntR family transcriptional regulator	GntR	core	4328355	1484	482104	678415	167.6	-0.48	-0.28	Shielded
SC_RS21855	SCO3943		LacI family DNA-binding transcriptional regulator	LacI	core	4339146	1882	471313	667624	147.8	0.36	2.32	Shielded
SC_RS21880	SCO3948		sensor histidine kinase	Sensor kinase	core	4347161	640	463298	659609	119.7	-1.98	-0.2	Shielded
SC_RS22035	SCO3979		TetR/AcrR family transcriptional regulator	TetR	core	4382030	3638	428429	624740	158.2	-0.71	-1.37	Shielded
SC_RS22050	SCO3981		GntR family transcriptional regulator	GntR	core	4384371	5979	426088	622399	110.2	-1.45	-1.12	Shielded
SC_RS22070	SCO3986		GntR family transcriptional regulator	GntR	core	4385486	6693	424973	621284	86.6	-1.69	-0.65	Shielded
SC_RS22135	SCO4005		SigE family RNA polymerase sigma factor	Sigma factor	core	4397767	52	412692	609003	473.0	0.27	3.23	Exposed
SC_RS22150	SCO4008		TetR family transcriptional regulator	TetR	core	4401679	1511	408780	605091	200.7	-2.11	-1.89	Shielded
SC_RS22155	SCO4009		hybrid sensor histidine kinase/response regulator	Sensor kinase	core	4406688	2193	403771	600082	3168.0	-0.82	-1.75	Shielded
SC_RS22190	SCO4014		winged helix-turn-helix transcriptional regulator	HTH (other)	core	4410936	6441	399523	595834	288.3	-0.92	-2.23	Shielded
SC_RS22205	SCO4017		metal-dependent transcriptional regulator	Other regulatory	core	4413733	5977	396726	593037	71.7	-1.59	-0.15	Shielded
SC_RS22215	SCO4019		GntR family transcriptional regulator	GntR	core	4414377	5333	396082	592393	91.3	-1.16	-0.88	Shielded
SC_RS22220	SCO4020		response regulator transcription factor	Response regulator	core	4415204	4506	395255	591566	32.0	-1.58	-0.09	Shielded
SC_RS22225	SCO4021		sensor histidine kinase	Sensor kinase	core	4415941	3769	394518	590829	46.3	-1.29	1.53	Shielded
SC_RS22245	SCO4025		TetR/AcrR family transcriptional regulator	TetR	core	4422721	375	387738	584049	205.7	-0.56	-1.36	Shielded
SC_RS22280	SCO4032		MarR family winged helix-turn-helix transcriptional regulator	MarR	core	4430162	1591	380297	576608	25.3	-0.55	0.7	Shielded
SC_RS22290	SCO4034		RNA polymerase sigma factor SigF	Sigma factor	core	4431640	1149	378819	575130	4666.8	1.45	0.92	Shielded
SC_RS22295	SCO4035		RNA polymerase sigma factor SigF	Sigma factor	core	4432795	6	377664	573975	23.6	-0.73	2.08	Exposed
SC_RS22420	SCO4059		ArsR/SmtB family transcription factor	ArsR	core	4451075	1600	359384	555695	70.5	0.03	-0.5	Shielded
SC_RS22490	SCO4072		response regulator transcription factor	Response regulator	core	4466677	737	343782	540093	58.7	-0.98	-0.42	Shielded
SC_RS22495	SCO4073		sensor histidine kinase	Sensor kinase	core	4467921	507	342538	538849	238.2	-1.41	-1.01	Shielded
SC_RS22545	SCO4081		ArsR/SmtB family transcription factor	ArsR	core	4474926	1204	335533	531844	115.3	-1.03	-1.32	Shielded
SC_RS22590	SCO4091	bldC	developmental transcriptional regulator BldC	Other regulatory	core	4485363	3430	325096	521407	6678.0	0.95	-0.14	Shielded
SC_RS22660	SCO4099		TetR/AcrR family transcriptional regulator	TetR	core	4499009	4503	311450	507761	79.5	-1.03	-0.38	Shielded
SC_RS22675	SCO4102		MerR family transcriptional regulator	MerR	core	4501464	4291	308995	505306	46.3	0.38	1.27	Shielded
SC_RS22750	SCO4116		BTAD domain-containing putative transcriptional regulator	Other regulatory	core	4517961	3519	292498	488809	412.0	-0.62	-0.51	Shielded
SC_RS22755	SCO4117		sigma-70 family RNA polymerase sigma factor	Sigma factor	core	4523319	1839	287140	483451	540.1	0.51	0.22	Shielded
SC_RS22760	SCO4118		TetR/AcrR family transcriptional regulator	TetR	core	4524395	2863	286064	482375	620.4	0.51	0.63	Shielded
SC_RS22780	SCO4122		MarR family winged helix-turn-helix transcriptional regulator	MarR	core	4529468	527	280991	477302	473.2	-3.8	-3.54	Shielded
SC_RS22800	SCO4123		response regulator	Response regulator	core	4536530	1361	273929	470240	106.8	-1.45	-1.66	Shielded
SC_RS22805	SCO4124		sensor histidine kinase	Sensor kinase	core	4537801	90	272658	468969	63.6	-1.73	0.32	Exposed
SC_RS22870	SCO4136		metal-sensitive transcriptional regulator	Other regulatory	core	4551683	993	258776	455087	324.6	0.67	-0.61	Shielded
SC_RS22920	SCO4146		RNA polymerase sigma factor	Sigma factor	core	4563131	6017	247328	443639	32.7	-0.38	0.07	Shielded
SC_RS22955	SCO4153		winged helix-turn-helix transcriptional regulator	HTH (other)	core	4571188	7405	239271	435582	141.6	-0.34	-1.23	Shielded
SC_RS22965	SCO4155		sensor histidine kinase	Sensor kinase	core	4573116	5477	237343	433654	111.0	-0.6	-0.56	Shielded
SC_RS22970	SCO4156		response regulator transcription factor	Response regulator	core	4573859	4734	236600	432911	91.3	-0.69	-0.65	Shielded
SC_RS22980	SCO4158		LacI family DNA-binding transcriptional regulator	LacI	core	4576134	2459	234325	430636	1108.0	-0.03	-1.39	Shielded
SC_RS22985	SCO4159	glnR	two-component system response regulator GlnR	Response regulator	core	4576980	1613	233479	429790	1057.8	-1.61	-2.41	Shielded
SC_RS23025	SCO4167		TetR family transcriptional regulator	TetR	core	4583180	4587	227279	423590	115.3	-0.89	-1.67	Shielded
SC_RS23070	SCO4176		helix-turn-helix domain-containing protein	HTH (other)	core	4588684	10091	221775	418086	128.2	0.73	1.64	Shielded
SC_RS23085	SCO4180		Fur family transcriptional regulator	Other regulatory	core	4590561	11968	219898	416209	876.1	-1.14	-2.24	Shielded
SC_RS23125	SCO4188		FadR/GntR family transcriptional regulator	GntR	core	4597379	8170	213080	409391	170.3	-1.34	-0.74	Shielded
SC_RS23135	SCO4190		winged helix-turn-helix domain-containing protein	HTH (other)	core	4598629	6920	211830	408141	426.8	-0.95	-1.27	Shielded
SC_RS23155	SCO4194		TetR family transcriptional regulator	TetR	core	4602509	3040	207950	404261	75.6	-0.15	-0.45	Shielded
SC_RS23170	SCO4197		MarR family winged helix-turn-helix transcriptional regulator	MarR	core	4606581	1032	203878	400189	107.4	-1.3	-1.22	Shielded
SC_RS23175	SCO4198		helix-turn-helix domain-containing protein	HTH (other)	core	4607362	1813	203097	399408	1426.4	2.19	0.67	Shielded
SC_RS23215	SCO4206		AraC family transcriptional regulator	AraC	core	4615969	714	194490	390801	164.3	0.41	-0.29	Shielded
SC_RS23260	SCO4215		GntR family transcriptional regulator	GntR	core	4623766	1873	186693	383004	475.4	-1.86	-2.34	Shielded
SC_RS23300	SCO4223		AraC family transcriptional regulator	AraC	core	4629634	872	180825	377136	182.5	-1.39	-1.43	Shielded
SC_RS23330	SCO4229		sensor histidine kinase	Sensor kinase	core	4633199	1931	177260	373571	2349.0	3.09	0.68	Shielded
SC_RS23335	SCO4230		response regulator transcription factor	Response regulator	core	4634476	848	175983	372294	2819.7	4.23	1.42	Shielded
SC_RS23345	SCO4232		CarD family transcriptional regulator	Other regulatory	core	4636744	1420	173715	370026	11953.8	-1.12	-1.55	Shielded
SC_RS23495	SCO4261		helix-turn-helix transcriptional regulator	HTH (other)	core	4675222	3462	135237	331548	5444.5	3.06	-0.06	Shielded
SC_RS23500	SCO4263		helix-turn-helix transcriptional regulator	HTH (other)	core	4675583	3823	134876	331187	2663.6	-0.51	-1.63	Shielded
SC_RS23535	SCO4270		TetR family transcriptional regulator	TetR	core	4686242	3978	124217	320528	103.6	-2.34	-1.59	Shielded
SC_RS23560	SCO4275		sensor histidine kinase	Sensor kinase	core	4690823	3924	119636	315947	103.0	-2.44	-0.84	Shielded
SC_RS23565	SCO4276		response regulator	Response regulator	core	4692106	2641	118353	314664	208.9	-2.69	-1.95	Shielded
SC_RS23610	SCO4285		ROK family protein	ROK	core	4701562	507	108897	305208	99.3	-1.12	-0.61	Shielded
SC_RS23690	SCO4301		helix-turn-helix domain-containing protein	HTH (other)	core	4717095	4869	93364	289675	308.8	4.01	4.06	Shielded
SC_RS23700	SCO4303		TetR/AcrR family transcriptional regulator	TetR	core	4718222	4341	92237	288548	226.3	0.48	0.29	Shielded
SC_RS23710	SCO4305		TetR/AcrR family transcriptional regulator	TetR	core	4719673	2890	90786	287097	122.4	-0.76	-1.19	Shielded
SC_RS23725	SCO4308		MurR/RpiR family transcriptional regulator	Other regulatory	core	4722335	228	88124	284435	158.2	-2.07	-0.44	Exposed
SC_RS23750	SCO4313		TetR/AcrR family transcriptional regulator	TetR	core	4724955	575	85504	281815	208.7	-2.67	-2.56	Shielded
SC_RS23810	SCO4326		1,4-dihydroxy-6-naphthoate synthase	HTH (other)	core	4738692	4881	71767	268078	498.5	-1.18	-2.43	Shielded
SC_RS23860	SCO4336		MarR family winged helix-turn-helix transcriptional regulator	MarR	core	4750828	2203	59631	255942	985.3	-2.22	-1.87	Shielded
SC_RS23960	SCO4358		TetR/AcrR family transcriptional regulator	TetR	core	4773021	2092	37438	233749	219.2	-1.61	-1.75	Shielded
SC_RS23980	SCO4362		sensor histidine kinase	Sensor kinase	core	4775642	676	34817	231128	62.2	-0.53	0.14	Shielded
SC_RS23985	SCO4363		response regulator transcription factor	Response regulator	core	4776850	532	33609	229920	88.7	-0.79	-0.8	Shielded
SC_RS24045	SCO4375		MarR family winged helix-turn-helix transcriptional regulator	MarR	core	4789565	738	20894	217205	59.7	-0.73	-0.0	Shielded
SC_RS24095	SCO4385		TetR/AcrR family transcriptional regulator	TetR	core	4802192	6127	8267	204578	72.9	-2.74	-1.55	Shielded
SC_RS24125	SCO4391		winged helix-turn-helix transcriptional regulator	HTH (other)	core	4808785	466	1674	197985	69.1	1.23	0.56	Shielded
SC_RS24140	SCO4394		metal-dependent transcriptional regulator	Other regulatory	core	4810836	245	377	195934	1521.1	0.11	-0.6	Exposed
SC_RS24185	SCO4403	purU	formyltetrahydrofolate deformylase	TetR	core	4821748	385	11289	185022	425.9	-0.71	-1.78	Shielded
SC_RS24205	SCO4407		GbsR/MarR family transcriptional regulator	MarR	core	4825352	3614	14893	181418	114.0	-0.61	-1.11	Shielded
SC_RS24215	SCO4409		sigma-70 family RNA polymerase sigma factor	Sigma factor	core	4827958	1008	17499	178812	2622.7	2.45	1.89	Shielded
SC_RS24235	SCO4413		GlxA family transcriptional regulator	Other regulatory	core	4831684	992	21225	175086	166.3	1.33	0.86	Shielded
SC_RS24270	SCO4421		TetR family transcriptional regulator	TetR	core	4838192	2722	27733	168578	246.4	-1.55	-1.88	Shielded
SC_RS24295	SCO4426	afsR	transcriptional regulator AfsR	Other regulatory	core	4845768	480	35309	161002	773.6	-0.26	-0.92	Shielded
SC_RS24335	SCO4434		LysR family transcriptional regulator	LysR	core	4853069	265	42610	153701	110.5	-0.57	-0.65	Exposed
SC_RS24370	SCO4441		helix-turn-helix domain-containing protein	HTH (other)	core	4863650	2968	53191	143120	1334.8	3.69	2.48	Shielded
SC_RS24380	SCO4443		MerR family transcriptional regulator	MerR	core	4865850	768	55391	140920	717.3	2.12	0.6	Shielded
SC_RS24390	SCO4445		ArsR/SmtB family transcription factor	ArsR	core	4867625	1007	57166	139145	116.3	-1.57	-1.05	Shielded
SC_RS24415	SCO4450		TetR/AcrR family transcriptional regulator	TetR	core	4872011	335	61552	134759	28.2	-1.56	0.04	Shielded
SC_RS24425	SCO4452		RNA polymerase sigma factor	Sigma factor	core	4875516	128	65057	131254	143.5	0.44	0.59	Exposed
SC_RS24435	SCO4454		TetR/AcrR family transcriptional regulator	TetR	core	4876625	1237	66166	130145	135.1	-1.82	-1.67	Shielded
SC_RS24470	SCO4461		TetR/AcrR family transcriptional regulator	TetR	core	4882589	3048	72130	124181	45.1	-0.32	0.0	Shielded
SC_RS24490	SCO4465		PadR family transcriptional regulator	PadR	core	4884950	5409	74491	121820	48.4	-0.93	-0.54	Shielded
SC_RS24545	SCO4477		MerR family transcriptional regulator	MerR	core	4897511	1179	87052	109259	41.0	-0.94	0.44	Shielded
SC_RS24560	SCO4480		TetR/AcrR family transcriptional regulator	TetR	core	4899900	840	89441	106870	81.3	-1.8	-0.89	Shielded
SC_RS24570	SCO4482		LysR family transcriptional regulator	LysR	core	4902850	549	92391	103920	159.3	-1.57	-1.5	Shielded
SC_RS24585	SCO4485		helix-turn-helix transcriptional regulator	HTH (other)	core	4904881	2580	94422	101889	89.8	-1.35	-0.69	Shielded
SC_RS24625			Lrp/AsnC family transcriptional regulator	Lrp	core	4912747	8772	102288	94023	208.8	-1.32	-2.2	Shielded
SC_RS24635	SCO4495		UdgX family uracil-DNA binding protein	Other regulatory	core	4914637	6882	104178	92133	66.5	-2.52	-1.29	Shielded
SC_RS24660	SCO4499		TetR/AcrR family transcriptional regulator	TetR	core	4917934	3585	107475	88836	774.9	-0.19	-2.72	Shielded
SC_RS24870	SCO4543	whiJ	transcriptional regulator WhiJ	Other regulatory	core	4960435	2426	149976	46335	377.0	-1.11	-1.9	Shielded
SC_RS24895	SCO4548		bacterial transcriptional activator domain-containing protein	Activator	core	4964061	3423	153602	42709	1192.4	-1.21	-2.36	Shielded
SC_RS25095	SCO4588		tetratricopeptide repeat protein	TetR	core	5010296	598	134585	3526	777.9	-2.73	-1.14	Shielded
SC_RS25135	SCO4596		response regulator transcription factor	Response regulator	core	5020358	3953	124523	13588	272.4	-0.63	-0.81	Shielded
SC_RS25140	SCO4597		sensor histidine kinase	Sensor kinase	core	5022045	3423	122836	15275	164.0	-0.1	-0.08	Shielded
SC_RS25145	SCO4598		sensor histidine kinase	Sensor kinase	core	5023382	2086	121499	16612	141.5	0.6	0.4	Shielded
SC_RS25300	SCO4628		GntR family transcriptional regulator	GntR	core	5049893	3302	94988	43123	607.0	-2.07	-2.66	Shielded
SC_RS25320	SCO4632	fxsT	FxSxx-COOH system tetratricopeptide repeat protein	TetR	core	5055828	1569	89053	49058	622.9	1.37	0.86	Shielded
SC_RS25370	SCO4639		TetR/AcrR family transcriptional regulator	TetR	core	5063734	953	81147	56964	156.7	-1.21	-2.26	Shielded
SC_RS25375	SCO4640		TetR/AcrR family transcriptional regulator	TetR	core	5064405	1624	80476	57635	424.6	-0.86	-2.45	Shielded
SC_RS25415	SCO4647	nusG	transcription termination/antitermination protein NusG	Other regulatory	core	5071761	1218	73120	64991	3011.9	-2.28	-3.32	Shielded
SC_RS25495	SCO4663		AfsR/SARP family transcriptional regulator	SARP	core	5093666	370	51215	86896	164.5	-1.4	-2.35	Shielded
SC_RS25510	SCO4667		sensor histidine kinase	Sensor kinase	core	5097181	439	47700	90411	48.6	0.05	1.35	Shielded
SC_RS25515	SCO4668		response regulator	Response regulator	core	5098476	776	46405	91706	188.3	-1.35	-1.68	Shielded
SC_RS25530	SCO4671		LysR family transcriptional regulator	LysR	core	5102990	5290	41891	96220	104.1	0.33	-0.07	Shielded
SC_RS25540	SCO4673		helix-turn-helix transcriptional regulator	HTH (other)	core	5105851	8151	39030	99081	333.9	0.85	-0.07	Shielded
SC_RS25555	SCO4676		helix-turn-helix domain-containing protein	HTH (other)	core	5108129	10429	36752	101359	349.7	4.94	4.74	Shielded
SC_RS25565	SCO4678		helix-turn-helix domain-containing protein	HTH (other)	core	5108924	11224	35957	102154	379.8	2.0	1.87	Shielded
SC_RS25575	SCO4680		helix-turn-helix transcriptional regulator	HTH (other)	core	5110819	13119	34062	104049	316.5	0.3	-0.02	Shielded
SC_RS25615	SCO4688		MerR family transcriptional regulator	MerR	core	5116728	19028	28153	109958	222.9	-0.21	-0.57	Shielded
SC_RS25875	SCO4743		helix-turn-helix domain-containing protein	HTH (other)	core	5157368	1807	12487	118387	80.1	-0.97	-0.95	Shielded
SC_RS25930	SCO4754		LacI family DNA-binding transcriptional regulator	LacI	core	5165438	1932	20557	110317	135.5	-1.46	-1.26	Shielded
SC_RS25945	SCO4757		RNA polymerase sigma factor	Sigma factor	core	5168216	846	23335	107539	76.0	-0.5	0.12	Shielded
SC_RS25990	SCO4766		LysR family transcriptional regulator	LysR	core	5178021	250	33140	97734	179.0	-0.56	-1.19	Exposed
SC_RS25995	SCO4767		WhiB family transcriptional regulator	WhiB	core	5179345	1574	34464	96410	33.5	0.34	1.04	Shielded
SC_RS26000	SCO4768		response regulator transcription factor	Response regulator	core	5179727	1956	34846	96028	3024.9	5.82	5.2	Shielded
SC_RS26005	SCO4769		sigma-70 family RNA polymerase sigma factor	Sigma factor	core	5180620	2849	35739	95135	770.8	1.48	0.91	Shielded
SC_RS26125	SCO4792		LuxR C-terminal-related transcriptional regulator	Other regulatory	core	5213402	505	50698	62353	444.8	0.33	-0.16	Shielded
SC_RS26210	SCO4810		helix-turn-helix domain-containing protein	HTH (other)	core	5238327	1244	25773	37428	155.9	-2.17	-1.77	Shielded
SC_RS26275	SCO4822		single stranded DNA-binding domain-containing protein	Other regulatory	core	5253685	504	10415	22070	1304.7	-1.6	-4.16	Shielded
SC_RS26280	SCO4824		bifunctional methylenetetrahydrofolate dehydrogenase/methenyltetrahydrofolate cyclohydrolase	TetR	core	5253981	208	10119	21774	1112.2	-1.04	-2.65	Exposed
SC_RS26290	SCO4826		XRE family transcriptional regulator	XRE	core	5255754	1565	8346	20001	1286.4	-1.39	-1.66	Shielded
SC_RS26340	SCO4836	pdxR	MocR-like pyridoxine biosynthesis transcription factor PdxR	Other regulatory	core	5267682	3012	3582	8073	37.4	-0.48	1.7	Shielded
SC_RS26410	SCO4850		TetR/AcrR family transcriptional regulator	TetR	core	5282203	1098	18103	6448	108.8	-1.2	-1.68	Shielded
SC_RS26480	SCO4864		RNA polymerase sigma factor	Sigma factor	core	5292481	1630	28381	16726	18.3	-1.03	0.12	Shielded
SC_RS26490	SCO4866		RNA polymerase sigma factor	Sigma factor	core	5294399	3548	30299	18644	91.2	-2.38	-1.46	Shielded
SC_RS26515	SCO4871		TetR/AcrR family transcriptional regulator	TetR	core	5300705	763	36605	24950	156.0	0.45	-0.58	Shielded
SC_RS26620	SCO4892		winged helix-turn-helix domain-containing protein	HTH (other)	core	5326010	309	61910	50255	144.7	0.92	0.91	Shielded
SC_RS26635	SCO4895		sigma-70 family RNA polymerase sigma factor	Sigma factor	core	5329422	735	65322	53667	1651.9	-0.36	-0.47	Shielded
SC_RS26645	SCO4897		LysR family transcriptional regulator	LysR	core	5330904	2217	66804	55149	88.4	-0.26	-0.2	Shielded
SC_RS26650	SCO4898		TetR/AcrR family transcriptional regulator	TetR	core	5332572	1511	68472	56817	89.2	-0.39	-0.74	Shielded
SC_RS26690	SCO4906	afsQ2	two-component system sensor histidine kinase AfsQ2	Sensor kinase	core	5339528	519	75428	63773	1137.9	-1.26	-2.31	Shielded
SC_RS26695	SCO4907	afsQ1	two-component system response regulator AfsQ1	Response regulator	core	5340202	1193	76102	64447	1004.0	-1.44	-2.33	Shielded
SC_RS26700	SCO4908		SigE family RNA polymerase sigma factor	Sigma factor	core	5340411	1402	76311	64656	2483.9	-2.85	-0.33	Shielded
SC_RS26760	SCO4920		DeoR/GlpR family DNA-binding transcription regulator	DeoR	core	5354193	5694	90093	78438	10219.9	5.32	3.93	Shielded
SC_RS26855	SCO4938	sigJ	RNA polymerase sigma factor SigJ	Sigma factor	core	5373018	1541	108918	97263	35.5	-1.02	1.34	Shielded
SC_RS26865	SCO4940		TetR/AcrR family transcriptional regulator	TetR	core	5374860	1046	110760	99105	64.9	-3.05	-2.2	Shielded
SC_RS26875	SCO4942		TetR family transcriptional regulator	TetR	core	5376623	717	112523	100868	79.1	-1.92	-0.97	Shielded
SC_RS26885	SCO4944		helix-turn-helix domain-containing protein	HTH (other)	core	5378730	992	114630	102975	425.7	-1.55	-2.02	Shielded
SC_RS26925	SCO4952		TetR/AcrR family transcriptional regulator	TetR	core	5389080	1040	124980	113325	144.5	-0.06	-1.59	Shielded
SC_RS26965	SCO4960		sigma factor-like helix-turn-helix DNA-binding protein	Sigma factor	core	5395822	5702	131722	120067	155.0	-1.27	-1.51	Shielded
SC_RS26970	SCO4961		MarR family winged helix-turn-helix transcriptional regulator	MarR	core	5396511	6391	132411	120756	193.8	0.23	-0.24	Shielded
SC_RS26990	SCO4965	greA	transcription elongation factor GreA	Other regulatory	core	5400524	10404	136424	124769	892.6	-1.03	-1.19	Shielded
SC_RS27010	SCO4969		tetratricopeptide repeat protein	TetR	core	5405644	5835	141544	129889	1077.3	-0.31	-0.82	Shielded
SC_RS27045	SCO4977		acyl-CoA-like ligand-binding transcription factor	Other regulatory	core	5415242	3635	151142	139487	112.9	-1.25	-1.01	Shielded
SC_RS27105	SCO4989		IclR family transcriptional regulator	IclR	core	5428166	856	164066	152411	277.8	-1.72	-2.39	Shielded
SC_RS27140	SCO4996		SigE family RNA polymerase sigma factor	Sigma factor	core	5436069	2129	171969	160314	189.8	0.39	-0.12	Shielded
SC_RS27150	SCO4998		helix-turn-helix domain-containing protein	HTH (other)	core	5437222	3282	173122	161467	68.5	0.23	0.59	Shielded
SC_RS27250	SCO5017		AraC-like ligand-binding domain-containing protein	AraC	core	5452583	134	164038	176828	60.4	1.84	3.05	Exposed
SC_RS27290	SCO5025		MerR family transcriptional regulator	MerR	core	5458994	96	157627	183239	117.5	0.28	-0.37	Exposed
SC_RS27300	SCO5027		winged helix DNA-binding domain-containing protein	HTH (other)	core	5461950	3052	154671	186195	112.8	-2.25	-1.1	Shielded
SC_RS27330	SCO5033		LysR substrate-binding domain-containing protein	LysR	core	5468567	1741	148054	192812	161.5	-0.75	-0.74	Shielded
SC_RS27345	SCO5036		PadR family transcriptional regulator	PadR	core	5473182	1975	143439	197427	419.6	-2.48	-2.06	Shielded
SC_RS27395	SCO5046		WhiB family transcriptional regulator	WhiB	core	5486443	1044	130178	210688	317.9	0.88	1.43	Shielded
SC_RS27485	SCO5065		helix-turn-helix transcriptional regulator	HTH (other)	core	5507768	4634	108853	232013	258.3	0.49	0.14	Shielded
SC_RS27500	SCO5068		TetR/AcrR family transcriptional regulator	TetR	core	5511115	2026	105506	235360	90.6	-0.2	-1.26	Shielded
SC_RS27570	SCO5082	actII	TetR family transcriptional regulator ActII	TetR	core	5523962	609	92659	248207	1530.6	-0.83	2.6	Shielded
SC_RS27585	SCO5085		AfsR/SARP family transcriptional regulator	SARP	core	5528094	3250	88527	252339	2568.5	1.99	6.44	Shielded
SC_RS27635	SCO5095		helix-turn-helix domain-containing protein	HTH (other)	core	5536422	1063	80199	260667	41.5	-1.09	0.31	Shielded
SC_RS27640	SCO5096		LysR family transcriptional regulator	LysR	core	5538175	585	78446	262420	63.3	-0.43	0.72	Shielded
SC_RS27660	SCO5100		GntR family transcriptional regulator	GntR	core	5541010	1043	75611	265255	558.9	3.32	2.52	Shielded
SC_RS27785	SCO5125		helix-turn-helix domain-containing protein	HTH (other)	core	5573124	1049	43497	297369	440.7	2.69	2.53	Shielded
SC_RS27815	SCO5131		sensor histidine kinase	Sensor kinase	core	5578902	2296	37719	303147	78.8	-0.69	-0.04	Shielded
SC_RS27820	SCO5132		response regulator transcription factor	Response regulator	core	5580065	3459	36556	304310	149.3	-1.03	-1.71	Shielded
SC_RS27900	SCO5147	sigE	RNA polymerase sigma factor SigE	Sigma factor	core	5593690	3166	22931	317935	4235.7	-0.77	0.76	Shielded
SC_RS27905	SCO5148		anti-sigma factor family protein	Sigma factor	core	5594358	2498	22263	318603	1758.9	-0.55	0.6	Shielded
SC_RS28015	SCO5170		TetR/AcrR family transcriptional regulator	TetR	core	5617854	886	1233	342099	1012.3	0.23	-0.83	Shielded
SC_RS28115	SCO5190		WhiB family transcriptional regulator	WhiB	core	5647747	1130	31126	371992	217.2	-2.61	-1.99	Shielded
SC_RS28200	SCO5205		tetratricopeptide repeat protein	TetR	core	5664867	2583	43451	389112	747.4	-0.61	-0.18	Shielded
SC_RS28210	SCO5206		Fur family transcriptional regulator	Other regulatory	core	5667360	5076	40958	391605	463.2	0.05	-0.3	Shielded
SC_RS28225	SCO5209		TetR/AcrR family transcriptional regulator	TetR	core	5669080	6796	39238	393325	134.7	-0.65	-0.65	Shielded
SC_RS28260	SCO5216	sigR	RNA polymerase sigma factor SigR	Sigma factor	core	5675219	2156	33099	399464	3873.6	1.69	0.1	Shielded
SC_RS28265	SCO5217	rsrA	mycothiol system anti-sigma-R factor	Anti-sigma	core	5675899	1476	32419	400144	855.4	1.64	0.12	Shielded
SC_RS28280	SCO5220		tetratricopeptide repeat protein	TetR	core	5679047	1672	29271	403292	1375.6	0.32	-0.59	Shielded
SC_RS28300	SCO5224		GlxA family transcriptional regulator	Other regulatory	core	5684465	2989	23853	408710	1044.1	0.17	-2.18	Shielded
SC_RS28335	SCO5231		GntR family transcriptional regulator	GntR	core	5691836	2740	16482	416081	158.8	-0.88	-1.18	Shielded
SC_RS28370	SCO5238		TetR/AcrR family transcriptional regulator	TetR	core	5699058	9848	9260	423303	249.7	0.9	0.1	Shielded
SC_RS28375	SCO5239		PAS domain-containing sensor histidine kinase	Sensor kinase	core	5700131	8775	8187	424376	370.6	-1.81	-1.77	Shielded
SC_RS28380	SCO5240		WhiB family transcriptional regulator	WhiB	core	5702112	6794	6206	426357	1868.1	-0.83	-1.33	Shielded
SC_RS28395	SCO5243		RNA polymerase sigma factor SigF	Sigma factor	core	5705071	3835	3247	429316	1614.1	1.03	0.16	Shielded
SC_RS28495			helix-turn-helix domain-containing protein	HTH (other)	core	5722789	1048	14471	447034	49.7	-0.57	-0.49	Shielded
SC_RS28505	SCO5264		PadR family transcriptional regulator	PadR	core	5724715	2974	16397	448960	337.8	-1.88	-1.95	Shielded
SC_RS28560	SCO5275	fxsT	FxSxx-COOH system tetratricopeptide repeat protein	TetR	core	5738498	10799	30180	462743	1177.6	3.27	1.63	Shielded
SC_RS28585	SCO5280	fxsT	FxSxx-COOH system tetratricopeptide repeat protein	TetR	core	5746301	2996	37983	470546	262.1	-1.24	-0.34	Shielded
SC_RS28595	SCO5282		sensor histidine kinase	Sensor kinase	core	5755076	1796	46758	479321	311.6	-1.13	-1.61	Shielded
SC_RS28600	SCO5283		response regulator transcription factor	Response regulator	core	5755807	2527	47489	480052	556.4	-1.05	-2.13	Shielded
SC_RS28620	SCO5287		MarR family winged helix-turn-helix transcriptional regulator	MarR	core	5760383	2967	52065	484628	95.0	-2.02	-1.79	Shielded
SC_RS28630	SCO5289		sensor histidine kinase	Sensor kinase	core	5762143	1207	53825	486388	2509.1	-0.01	-2.41	Shielded
SC_RS28665	SCO5296		TetR/AcrR family transcriptional regulator	TetR	core	5770348	3212	62030	494593	63.6	-0.67	-0.51	Shielded
SC_RS28795	SCO5323		Lrp/AsnC family transcriptional regulator	Lrp	core	5795022	2432	44384	519267	84.0	-2.18	-1.48	Shielded
SC_RS28860	SCO5337		XRE family transcriptional regulator	XRE	core	5810652	628	28754	534897	94.2	-1.0	-0.82	Shielded
SC_RS28935	SCO5351		response regulator	Response regulator	core	5818975	1622	20431	543220	1757.2	4.13	4.04	Shielded
SC_RS28965	SCO5357	rho	transcription termination factor Rho	Other regulatory	core	5826214	647	13192	550459	6088.9	-0.57	-1.75	Shielded
SC_RS29065	SCO5377		response regulator	Response regulator	core	5847870	354	8464	572115	62.4	-0.03	0.17	Shielded
SC_RS29070	SCO5378		sensor histidine kinase	Sensor kinase	core	5849063	1547	9657	573308	88.7	0.81	1.08	Shielded
SC_RS29100	SCO5384		TetR/AcrR family transcriptional regulator	TetR	core	5852346	4064	12940	576591	112.7	-0.86	-0.93	Shielded
SC_RS29195	SCO5403		response regulator transcription factor	Response regulator	core	5875298	13795	35892	599543	66.3	-1.15	-1.0	Shielded
SC_RS29200	SCO5404		sensor histidine kinase	Sensor kinase	core	5875963	14460	36557	600208	114.4	-0.84	-0.41	Shielded
SC_RS29205	SCO5405		MarR family winged helix-turn-helix transcriptional regulator	MarR	core	5877884	14951	38478	602129	1210.5	2.89	1.24	Shielded
SC_RS29245	SCO5413		MarR family winged helix-turn-helix transcriptional regulator	MarR	core	5882733	10102	43327	606978	63.3	1.11	1.03	Shielded
SC_RS29260	SCO5416		GlxA family transcriptional regulator	Other regulatory	core	5886499	6336	47093	610744	803.2	1.15	0.17	Shielded
SC_RS29270	SCO5418		TetR/AcrR family transcriptional regulator	TetR	core	5888283	4552	48877	612528	56.6	-2.06	-0.72	Shielded
SC_RS29275	SCO5419		tetratricopeptide repeat protein	TetR	core	5888566	4269	49160	612811	3298.3	0.31	-1.32	Shielded
SC_RS29315	SCO5427		helix-turn-helix domain-containing protein	HTH (other)	core	5899692	6857	49932	623937	214.7	-0.55	-1.55	Shielded
SC_RS29335			Scr1 family TA system antitoxin-like transcriptional regulator	Other regulatory	core	5903358	7584	46266	627603	21.0	-0.03	0.93	Shielded
SC_RS29350	SCO5433	tcrA	AfsR-like transcriptional regulator TcrA	Other regulatory	core	5905174	5768	44450	629419	110.8	1.04	1.49	Shielded
SC_RS29355	SCO5434		response regulator	Response regulator	core	5908036	2906	41588	632281	67.8	-1.92	-1.12	Shielded
SC_RS29360	SCO5435		sensor histidine kinase	Sensor kinase	core	5909691	1251	39933	633936	154.7	-2.95	-1.13	Shielded
SC_RS29370	SCO5437		MerR family transcriptional regulator	MerR	core	5911410	288	38214	635655	65.8	0.17	-0.21	Exposed
SC_RS29455	SCO5454		sensor histidine kinase	Sensor kinase	core	5939350	7685	10274	663595	85.0	-0.26	0.34	Shielded
SC_RS29460	SCO5455		response regulator	Response regulator	core	5940593	8928	9031	664838	49.8	-0.56	-0.33	Shielded
SC_RS29500	SCO5463		MerR family transcriptional regulator	MerR	core	5949398	1807	226	673643	26.2	1.04	3.01	Shielded
SC_RS29600	SCO5483		TetR family transcriptional regulator	TetR	core	5971214	493	14597	695459	86.6	-1.93	-1.35	Shielded
SC_RS29715	SCO5506		helix-turn-helix transcriptional regulator	HTH (other)	core	5992585	374	6774	716830	361.3	0.06	-0.14	Shielded
SC_RS29770	SCO5517		TetR/AcrR family transcriptional regulator	TetR	core	6010146	273	24335	734391	208.4	-1.26	-1.7	Exposed
SC_RS29775	SCO5518		PucR family transcriptional regulator	Other regulatory	core	6011964	1046	26153	736209	178.7	-1.06	-1.08	Shielded
SC_RS29825	SCO5528		TetR/AcrR family transcriptional regulator	TetR	core	6022748	448	36937	746993	109.0	-0.83	-1.21	Shielded
SC_RS29845	SCO5532		TetR/AcrR family transcriptional regulator	TetR	core	6027789	2229	41978	752034	70.9	-0.03	-0.75	Shielded
SC_RS29905	SCO5544		sensor histidine kinase	Sensor kinase	core	6044567	195	58756	768812	5945.3	-1.31	-3.05	Exposed
SC_RS29960	SCO5550		MerR family transcriptional regulator	MerR	core	6050379	3799	64568	774624	104.1	-0.9	-1.54	Shielded
SC_RS29970	SCO5552	ndgR	IclR family transcriptional regulator NdgR	IclR	core	6051815	5221	66004	776060	449.7	0.8	-1.73	Shielded
SC_RS29990	SCO5556		HU family DNA-binding protein	Other regulatory	core	6054696	2340	68885	778941	985.8	-1.56	-2.14	Shielded
SC_RS30020	SCO5561		Lrp/AsnC family transcriptional regulator	Lrp	core	6059965	1503	74154	778622	366.1	-0.95	-1.68	Shielded
SC_RS30085	SCO5574		winged helix-turn-helix transcriptional regulator	HTH (other)	core	6072168	10700	86357	766419	410.6	0.76	-0.3	Shielded
SC_RS30130	SCO5582	nsdA	transcriptional repressor NsdA	Repressor	core	6084219	748	98408	754368	3246.3	6.64	6.06	Shielded
SC_RS30140	SCO5584		P-II family nitrogen regulator	Other regulatory	core	6087374	130	101563	751213	61.1	-0.58	-1.44	Exposed
SC_RS30255	SCO5607		GntR family transcriptional regulator	GntR	core	6108427	9058	122616	730160	100.0	0.93	0.82	Shielded
SC_RS30275	SCO5611		helix-turn-helix domain-containing protein	HTH (other)	core	6111177	6308	120642	727410	18.1	1.13	1.87	Shielded
SC_RS30290	SCO5614		helix-turn-helix transcriptional regulator	HTH (other)	core	6115100	2385	116719	723487	9.1	0.64	4.09	Shielded
SC_RS30330	SCO5621	whiG	RNA polymerase sigma factor WhiG	Sigma factor	core	6121043	3558	110776	717544	110.0	2.0	1.84	Shielded
SC_RS30335	SCO5622		TetR/AcrR family transcriptional regulator	TetR	core	6122014	4529	109805	716573	428.5	1.02	-0.3	Shielded
SC_RS30340	SCO5623		murein hydrolase activator EnvC family protein	Activator	core	6123223	5738	108596	715364	80.9	0.43	-0.16	Shielded
SC_RS30370	SCO5629	fxsT	FxSxx-COOH system tetratricopeptide repeat protein	TetR	core	6131020	91	100799	707567	343.4	2.65	2.65	Exposed
SC_RS30395			SCO3933 family regulatory protein	Other regulatory	core	6136151	5222	95668	702436	13.8	0.4	1.44	Shielded
SC_RS30400	SCO5636		GntR family transcriptional regulator	GntR	core	6137068	6139	94751	701519	389.7	0.42	0.31	Shielded
SC_RS30495	SCO5656		Lrp/AsnC family transcriptional regulator	Lrp	core	6155964	1871	75855	682623	1202.8	-2.1	-2.39	Shielded
SC_RS30590	SCO5675		tetratricopeptide repeat protein	TetR	core	6175324	1856	56495	663263	159.4	-1.87	-1.76	Shielded
SC_RS30605	SCO5678		PucR family transcriptional regulator	Other regulatory	core	6180444	3264	51375	658143	259.7	-0.92	-1.13	Shielded
SC_RS30630	SCO5683		sensor histidine kinase	Sensor kinase	core	6186588	787	45231	651999	107.8	0.1	1.36	Shielded
SC_RS30635	SCO5684		response regulator	Response regulator	core	6187781	391	44038	650806	34.5	-0.14	0.92	Shielded
SC_RS30675	SCO5692		LacI family DNA-binding transcriptional regulator	LacI	core	6201527	4705	30292	637060	78.8	-0.83	-0.07	Shielded
SC_RS30735	SCO5704	nusA	transcription termination factor NusA	Other regulatory	core	6214874	629	16945	623713	2996.0	-2.2	-3.14	Shielded
SC_RS30905	SCO5739	dapB	4-hydroxy-tetrahydrodipicolinate reductase	TetR	core	6263394	3054	17204	575193	565.4	-1.67	-2.79	Shielded
SC_RS30910	SCO5740		tetratricopeptide repeat protein	TetR	core	6264160	2288	16438	574427	183.4	-2.02	-2.81	Shielded
SC_RS30930	SCO5744	dapA	4-hydroxy-tetrahydrodipicolinate synthase	TetR	core	6266753	305	13845	571834	904.1	-0.5	-1.58	Shielded
SC_RS30975	SCO5749		response regulator	Response regulator	core	6285256	3923	4658	553331	1630.3	1.19	-0.2	Shielded
SC_RS30985	SCO5751		helix-turn-helix domain-containing protein	HTH (other)	core	6289190	7857	8592	549397	2028.8	1.77	-1.03	Shielded
SC_RS31005	SCO5755		helix-turn-helix domain-containing protein	HTH (other)	core	6293066	10585	12468	545521	2343.6	0.1	0.51	Shielded
SC_RS31020	SCO5758		ArsR/SmtB family transcription factor	ArsR	core	6294435	9216	13837	544152	185.5	1.68	1.51	Shielded
SC_RS31040	SCO5762		AraC family transcriptional regulator	AraC	core	6301456	2195	16980	537131	122.0	-0.12	-0.27	Shielded
SC_RS31080	SCO5770	recX	recombination regulator RecX	Other regulatory	core	6307782	4131	10654	530805	1475.0	-1.3	-1.73	Shielded
SC_RS31130	SCO5778		response regulator transcription factor	Response regulator	core	6315651	4672	2785	522936	66.7	-3.29	-1.18	Shielded
SC_RS31135	SCO5779		HAMP domain-containing sensor histidine kinase	Sensor kinase	core	6316347	3976	2089	522240	63.2	-1.97	0.11	Shielded
SC_RS31155	SCO5783		cation:proton antiporter regulatory subunit	Other regulatory	core	6321176	335	2740	517411	267.9	-0.65	-0.99	Shielded
SC_RS31160	SCO5784		HAMP domain-containing sensor histidine kinase	Sensor kinase	core	6321291	220	2855	517296	180.6	-0.88	-0.3	Exposed
SC_RS31165	SCO5785		response regulator	Response regulator	core	6322367	835	3931	516220	40.6	-0.82	0.34	Shielded
SC_RS31255	SCO5803	lexA	transcriptional repressor LexA	Repressor	core	6346443	2694	3567	492144	2662.1	2.87	1.49	Shielded
SC_RS31260	SCO5804	nrdR	transcriptional regulator NrdR	Other regulatory	core	6347027	2110	4151	491560	1707.1	0.07	-2.5	Shielded
SC_RS31295	SCO5811		TetR/AcrR family transcriptional regulator	TetR	core	6355747	6610	3928	482840	219.0	1.51	1.21	Shielded
SC_RS31335	SCO5819	whiH	sporulation transcriptional regulator WhiH	Other regulatory	core	6366349	946	945	472238	429.7	5.45	3.46	Shielded
SC_RS31340	SCO5820		RNA polymerase sigma factor	Sigma factor	core	6367665	370	371	470922	3030.3	-0.27	-0.79	Shielded
SC_RS31365	SCO5824		sensor histidine kinase	Sensor kinase	core	6373869	481	6575	464718	63.8	-0.37	0.12	Shielded
SC_RS31370	SCO5825		response regulator	Response regulator	core	6375020	1632	7726	463567	85.9	0.38	-0.17	Shielded
SC_RS31385	SCO5828		response regulator	Response regulator	core	6378663	821	11369	459924	219.2	3.2	1.09	Shielded
SC_RS31445	SCO5840		GntR family transcriptional regulator	GntR	core	6393195	5986	18828	445392	188.8	0.22	-1.15	Shielded
SC_RS31480	SCO5847		GntR family transcriptional regulator	GntR	core	6402578	2508	9445	436009	87.6	-0.56	-0.32	Shielded
SC_RS31555	SCO5862		response regulator transcription factor	Response regulator	core	6419308	1132	7285	419279	441.1	-1.44	0.08	Shielded
SC_RS31560	SCO5863		sensor histidine kinase	Sensor kinase	core	6419968	472	7945	418619	508.5	-1.39	-0.03	Shielded
SC_RS31600	SCO5871		sensor histidine kinase	Sensor kinase	core	6426319	2514	14296	412268	307.0	-0.33	-0.36	Shielded
SC_RS31605	SCO5872		response regulator	Response regulator	core	6428862	1527	16839	409725	75.8	0.0	-0.11	Shielded
SC_RS31630	SCO5877		AfsR/SARP family transcriptional regulator	SARP	core	6432812	2423	20789	405775	925.5	5.79	5.0	Shielded
SC_RS31650	SCO5881		response regulator transcription factor	Response regulator	core	6438859	2107	26836	399728	1129.0	0.91	0.97	Shielded
SC_RS31765			LuxR C-terminal-related transcriptional regulator	Other regulatory	core	6469872	2960	57849	368715	15.6	-2.75	0.5	Shielded
SC_RS31780	SCO5906		TetR/AcrR family transcriptional regulator	TetR	core	6473606	4910	61583	364981	183.6	0.45	-0.61	Shielded
SC_RS31810	SCO5914		LysR substrate-binding domain-containing protein	LysR	core	6482600	1172	70577	355987	381.3	-0.14	-0.32	Shielded
SC_RS31825	SCO5917		MerR family transcriptional regulator	MerR	core	6484965	597	72942	353622	52.4	0.45	0.91	Shielded
SC_RS31885			MerR family transcriptional regulator	MerR	core	6497367	552	85344	341220	6.3	-0.82	0.46	Shielded
SC_RS31920	SCO5934		RNA polymerase sigma factor	Sigma factor	core	6504108	7293	92085	334479	62.4	-0.4	0.09	Shielded
SC_RS31955	SCO5942		TetR/AcrR family transcriptional regulator	TetR	core	6509216	5207	92062	329371	93.1	-0.11	-0.5	Shielded
SC_RS32000	SCO5951		TetR-like C-terminal domain-containing protein	TetR	core	6519692	5269	81586	318895	140.2	1.41	0.51	Shielded
SC_RS32025	SCO5956		TetR/AcrR family transcriptional regulator	TetR	core	6527068	1185	74210	311519	64.3	-2.09	-1.04	Shielded
SC_RS32055	SCO5962		MerR family transcriptional regulator	MerR	core	6533018	2312	68260	305569	23.3	0.06	1.56	Shielded
SC_RS32155	SCO5982		PaaX family transcriptional regulator	Other regulatory	core	6558617	1902	42661	279970	274.0	-2.52	-3.23	Shielded
SC_RS32230	SCO5998		helix-turn-helix domain-containing protein	HTH (other)	core	6574715	2565	26563	263872	926.3	0.68	-0.57	Shielded
SC_RS32255	SCO6003		helix-turn-helix domain-containing protein	HTH (other)	core	6580073	2427	21205	258514	240.3	0.59	0.62	Shielded
SC_RS32280	SCO6008		ROK family transcriptional regulator	ROK	core	6588242	4519	13036	250345	912.9	1.95	0.34	Shielded
SC_RS32380	SCO6029		response regulator transcription factor	Response regulator	core	6618839	2646	3076	219748	46.0	2.01	2.35	Shielded
SC_RS32585	SCO6069		sensor histidine kinase	Sensor kinase	core	6661906	998	3403	176681	352.1	0.19	-0.1	Shielded
SC_RS32595	SCO6071	cprB	transcriptional regulator CprB	Other regulatory	core	6663344	440	3878	175243	161.9	-0.47	-0.98	Shielded
SC_RS32795	SCO6110		ROK family protein	ROK	core	6714015	2453	9873	124572	108.9	1.01	-0.31	Shielded
SC_RS32820	SCO6115		ROK family protein	ROK	core	6719695	2174	10099	118892	68.7	-0.84	0.21	Shielded
SC_RS32835	SCO6118		AraC family transcriptional regulator	AraC	core	6723358	1489	6436	115229	113.9	0.75	0.41	Shielded
SC_RS32840	SCO6119		helix-turn-helix transcriptional regulator	HTH (other)	core	6724307	2438	5487	114280	63.7	0.07	-0.16	Shielded
SC_RS32850	SCO6121		TetR/AcrR family transcriptional regulator	TetR	core	6726270	4401	3524	112317	211.0	-1.73	-2.19	Shielded
SC_RS32895	SCO6129		helix-turn-helix domain-containing protein	HTH (other)	core	6731741	2208	1947	106846	134.6	3.9	3.9	Shielded
SC_RS32945	SCO6139		sensor histidine kinase	Sensor kinase	core	6740466	2290	10672	98121	230.1	0.67	-0.33	Shielded
SC_RS32950	SCO6140		response regulator	Response regulator	core	6741629	1127	11835	96958	115.5	0.51	-0.36	Shielded
SC_RS32970	SCO6144		TetR-like C-terminal domain-containing protein	TetR	core	6744770	183	14976	93817	158.1	-0.37	-0.66	Exposed
SC_RS33015	SCO6153		helix-turn-helix transcriptional regulator	HTH (other)	core	6754784	1072	20084	83803	233.0	-0.62	-0.6	Shielded
SC_RS33045	SCO6159		GntR family transcriptional regulator	GntR	core	6761595	619	13273	76992	423.9	-1.21	-1.3	Shielded
SC_RS33060	SCO6162		response regulator	Response regulator	core	6766405	4191	8463	72182	44.8	-0.02	0.83	Shielded
SC_RS33065	SCO6163		HAMP domain-containing sensor histidine kinase	Sensor kinase	core	6767361	4704	7507	71226	104.8	0.79	0.62	Shielded
SC_RS33075	SCO6165		TraR/DksA family transcriptional regulator	Other regulatory	core	6768098	3967	6770	70489	7.9	0.92	4.4	Shielded
SC_RS33095	SCO6169		PucR family transcriptional regulator	Other regulatory	core	6773470	1405	1398	65117	644.5	-1.49	-2.25	Shielded
SC_RS33210	SCO6192		winged helix DNA-binding domain-containing protein	HTH (other)	core	6798812	9485	6636	39775	50.3	0.94	1.73	Shielded
SC_RS33220	SCO6194		helix-turn-helix transcriptional regulator	HTH (other)	core	6804071	12054	1377	34516	133.2	0.9	1.79	Shielded
SC_RS33290	SCO6208		helix-turn-helix domain-containing protein	HTH (other)	core	6822714	3729	12461	15873	237.5	2.35	0.71	Shielded
SC_RS33325			winged helix-turn-helix transcriptional regulator	HTH (other)	core	6830005	2897	5170	8582	99.1	-1.04	-1.97	Shielded
SC_RS33365	SCO6223		winged helix-turn-helix transcriptional regulator	HTH (other)	core	6844468	3298	9293	5881	44.2	-2.06	-0.56	Shielded
SC_RS33415	SCO6233		LacI family DNA-binding transcriptional regulator	LacI	core	6857160	15891	1894	18573	156.6	0.21	0.2	Shielded
SC_RS33430	SCO6236		helix-turn-helix domain-containing protein	HTH (other)	core	6860733	12318	5467	22146	51.8	1.35	2.01	Shielded
SC_RS33445	SCO6239	sigJ	RNA polymerase sigma factor SigJ	Sigma factor	core	6863275	9776	7465	24688	41.6	1.31	2.33	Shielded
SC_RS33480	SCO6246	allR	allantoin degradation transcriptional regulator AllR	Other regulatory	core	6869469	3582	1271	30882	185.1	-0.43	-1.07	Shielded
SC_RS33515	SCO6253		sensor histidine kinase	Sensor kinase	core	6875083	1588	4275	36496	58.7	0.62	1.47	Shielded
SC_RS33520	SCO6254		response regulator transcription factor	Response regulator	core	6876381	2886	2977	37794	63.8	-0.2	-0.17	Shielded
SC_RS33530	SCO6256		myo-inositol degradation transcriptional regulator	Other regulatory	core	6878304	4809	1054	39717	84.6	0.26	0.06	Shielded
SC_RS33550	SCO6260		ROK family glucokinase	ROK	core	6882242	4568	2884	43655	259.2	-0.91	-1.8	Shielded
SC_RS33575	SCO6265		ScbR family autoregulator-binding transcription factor	Other regulatory	core	6891175	4365	11817	52588	646.2	2.8	0.54	Shielded
SC_RS33590	SCO6268		sensor histidine kinase	Sensor kinase	core	6894079	5363	14721	55492	88.0	3.76	3.64	Shielded
SC_RS33650	SCO6280		AfsR/SARP family transcriptional regulator	SARP	core	6938024	2073	3159	73202	3911.0	7.18	5.21	Shielded
SC_RS33680	SCO6286		ScbR family autoregulator-binding transcription factor	Other regulatory	core	6946379	6282	11514	64847	1087.9	5.71	5.49	Shielded
SC_RS33690	SCO6288		AfsR/SARP family transcriptional regulator	SARP	core	6947569	7472	12704	63657	130.7	4.56	3.9	Shielded
SC_RS33720	SCO6294		GntR family transcriptional regulator	GntR	core	6954356	2782	19491	56870	218.2	-1.28	-1.11	Shielded
SC_RS33745	SCO6299		TetR/AcrR family transcriptional regulator	TetR	core	6959844	2706	24979	51382	75.2	-1.41	-0.8	Shielded
SC_RS33790	SCO6309		LysR family transcriptional regulator	LysR	core	6968600	274	21521	42626	39.9	-1.25	0.77	Exposed
SC_RS33805	SCO6312		ScbR family autoregulator-binding transcription factor	Other regulatory	core	6972675	3801	17446	38551	667.5	-0.41	-0.72	Shielded
SC_RS33845	SCO6323		ScbR family autoregulator-binding transcription factor	Other regulatory	core	6983887	6235	6234	27339	297.6	5.13	2.53	Shielded
SC_RS33895	SCO6334		LuxR C-terminal-related transcriptional regulator	Other regulatory	core	6994433	4311	4312	16793	99.5	1.08	2.62	Shielded
SC_RS33960	SCO6349		LacI family DNA-binding transcriptional regulator	LacI	core	7011086	139	14835	140	152.0	0.69	0.03	Exposed
SC_RS33965	SCO6350		TetR/AcrR family transcriptional regulator	TetR	core	7012788	1563	13133	1562	35.8	-0.05	0.25	Shielded
SC_RS33980	SCO6353		sensor histidine kinase	Sensor kinase	core	7016286	1606	9635	5060	69.3	0.25	1.22	Shielded
SC_RS33985	SCO6354		response regulator transcription factor	Response regulator	core	7016945	2265	8976	5719	30.9	0.04	0.65	Shielded
SC_RS34005	SCO6358		BlaI/MecI/CopY family transcriptional regulator	Other regulatory	core	7019120	4440	6801	7894	217.1	-1.38	-1.83	Shielded
SC_RS34025	SCO6362		sensor histidine kinase	Sensor kinase	core	7022736	2113	3185	11510	70.7	1.17	1.65	Shielded
SC_RS34030	SCO6363		response regulator	Response regulator	core	7024013	836	1908	12787	23.8	0.79	1.78	Shielded
SC_RS34035	SCO6364		response regulator transcription factor	Response regulator	core	7025473	624	448	14247	18.2	0.02	1.91	Shielded
SC_RS34060	SCO6369		HAMP domain-containing sensor histidine kinase	Sensor kinase	core	7030354	4908	4433	19128	38.9	1.43	2.57	Shielded
SC_RS34110			BlaI/MecI/CopY family transcriptional regulator	Other regulatory	core	7042854	638	3361	31628	80.1	0.32	-0.03	Shielded
SC_RS34245	SCO6410		helix-turn-helix domain-containing protein	HTH (other)	core	7077312	8239	8995	66086	107.1	0.84	0.22	Shielded
SC_RS34260	SCO6413		PucR family transcriptional regulator	Other regulatory	core	7079908	5643	6399	68682	73.0	1.38	2.11	Shielded
SC_RS34300	SCO6421		sensor histidine kinase	Sensor kinase	core	7090613	5062	4306	79387	210.9	1.2	3.39	Shielded
SC_RS34305	SCO6422		response regulator	Response regulator	core	7091758	6207	5451	80532	172.6	1.76	2.47	Shielded
SC_RS34315	SCO6424		HAMP domain-containing sensor histidine kinase	Sensor kinase	core	7094582	7568	4045	83356	28.7	0.06	2.56	Shielded
SC_RS34320	SCO6425		helix-turn-helix transcriptional regulator	HTH (other)	core	7094757	7393	3870	83531	30.5	-0.47	0.74	Shielded
SC_RS34435	SCO6448		AraC family transcriptional regulator	AraC	core	7132198	8462	16457	120972	243.8	2.21	0.84	Shielded
SC_RS34490	SCO6459		ArsR/SmtB family transcription factor	ArsR	core	7147390	1626	8233	136164	48.4	-0.17	-0.47	Shielded
SC_RS34565	SCO6474		TetR family transcriptional regulator	TetR	core	7164418	10062	8795	153192	245.7	0.21	-0.82	Shielded
SC_RS34785	SCO6518		helix-turn-helix domain-containing protein	HTH (other)	arm	7208891	1571	630	109889	100.6	1.45	0.63	Shielded
SC_RS34795	SCO6520		RNA polymerase sigma factor SigF	Sigma factor	arm	7210082	380	1821	108698	218.9	-0.77	-0.25	Shielded
SC_RS34880	SCO6537		helix-turn-helix domain-containing protein	HTH (other)	arm	7232125	2182	7847	86655	177.7	0.28	-0.37	Shielded
SC_RS34890	SCO6539		helix-turn-helix domain-containing protein	HTH (other)	arm	7233579	728	9301	85201	135.0	0.52	-0.04	Shielded
SC_RS34895	SCO6540		4a-hydroxytetrahydrobiopterin dehydratase	TetR	arm	7233669	638	9391	85111	143.0	-0.12	-0.58	Shielded
SC_RS34960	SCO6554		Lrp/AsnC family transcriptional regulator	Lrp	arm	7252536	4111	28258	66244	36.4	-1.07	0.4	Shielded
SC_RS34965	SCO6555		LysR substrate-binding domain-containing protein	LysR	arm	7254379	3520	30101	64401	46.9	-1.35	-0.55	Shielded
SC_RS35020	SCO6565		GntR family transcriptional regulator	GntR	arm	7267256	915	30340	51524	438.8	-1.17	-1.97	Shielded
SC_RS35025	SCO6566		ROK family transcriptional regulator	ROK	arm	7268197	1856	29399	50583	565.4	-0.31	2.53	Shielded
SC_RS35190	SCO6598		LacI family DNA-binding transcriptional regulator	LacI	arm	7318137	5400	615	643	104.8	-0.95	-0.62	Shielded
SC_RS35195	SCO6599		TetR/AcrR family transcriptional regulator	TetR	arm	7319846	3691	2324	1066	108.1	-1.53	-1.55	Shielded
SC_RS35200	SCO6600		ROK family protein	ROK	arm	7321337	2200	3815	2557	28.1	-0.55	2.78	Shielded
SC_RS35265	SCO6613		winged helix-turn-helix transcriptional regulator	HTH (other)	arm	7334456	3529	3635	15676	67.0	-1.01	-1.02	Shielded
SC_RS35300	SCO6620		MarR family winged helix-turn-helix transcriptional regulator	MarR	arm	7340945	7914	169	22165	74.0	0.9	0.22	Shielded
SC_RS35345	SCO6629		helix-turn-helix domain-containing protein	HTH (other)	arm	7357519	1134	2439	23009	187.5	3.6	2.37	Shielded
SC_RS35505	SCO6664		helix-turn-helix transcriptional regulator	HTH (other)	arm	7402846	2819	1373	22318	42.6	-0.78	-0.0	Shielded
SC_RS35520	SCO6667		response regulator	Response regulator	arm	7408466	2801	6993	27938	24.7	2.27	2.67	Shielded
SC_RS35525	SCO6668		sensor histidine kinase	Sensor kinase	arm	7409680	3859	8207	29152	67.9	1.04	1.34	Shielded
SC_RS35530	SCO6669		IclR family transcriptional regulator	IclR	arm	7410506	3033	9033	29978	18.8	0.82	2.8	Shielded
SC_RS35560	SCO6675		helix-turn-helix domain-containing protein	HTH (other)	arm	7415983	2444	14510	35455	348.9	1.05	0.62	Shielded
SC_RS35565	SCO6676		MmyB family transcriptional regulator	Other regulatory	arm	7416216	2677	14743	35688	60.5	-1.4	-0.58	Shielded
SC_RS35610	SCO6685	ramR	two-component system response regulator RamR	Response regulator	arm	7427004	1130	7478	46476	55.3	6.6	7.9	Shielded
SC_RS35620	SCO6687		DNA-binding protein	Other regulatory	arm	7428452	2429	6030	47924	610.4	-0.37	-0.8	Shielded
SC_RS35655	SCO6694		TetR/AcrR family transcriptional regulator	TetR	arm	7444457	3363	470	32013	641.7	0.78	0.4	Shielded
SC_RS35705	SCO6704		MarR family winged helix-turn-helix transcriptional regulator	MarR	arm	7456000	1867	10223	20470	32.6	-0.9	0.15	Shielded
SC_RS35750	SCO6713		LacI family DNA-binding transcriptional regulator	LacI	arm	7467726	3932	364	8744	181.1	0.23	-0.1	Shielded
SC_RS35760	SCO6715		WhiB family transcriptional regulator	WhiB	arm	7469875	6081	1785	6595	142.7	-1.17	-0.48	Shielded
SC_RS35800	SCO6722	ssgD	spore wall synthesis regulator SsgD	Other regulatory	arm	7478121	6246	10031	1651	855.1	1.65	0.29	Shielded
SC_RS35855	SCO6733		MerR family transcriptional regulator	MerR	arm	7488326	1622	1241	11856	86.5	-0.03	-0.0	Shielded
SC_RS35915	SCO6746		GlxA family transcriptional regulator	Other regulatory	arm	7503189	5436	8194	26719	44.4	0.64	1.03	Shielded
SC_RS36035	SCO6770		helix-turn-helix domain-containing protein	HTH (other)	arm	7529043	7945	4529	52573	455.7	-0.07	-1.73	Shielded
SC_RS36060	SCO6775		TetR/AcrR family transcriptional regulator	TetR	arm	7533869	3748	297	57399	623.0	1.4	-0.89	Shielded
SC_RS36075	SCO6778		TetR/AcrR family transcriptional regulator	TetR	arm	7537048	569	2513	60578	396.5	-0.63	-1.56	Shielded
SC_RS36085	SCO6781		TetR/AcrR family transcriptional regulator	TetR	arm	7539902	2285	2024	63432	177.8	0.7	0.53	Shielded
SC_RS36100	SCO6784		TetR/AcrR family transcriptional regulator	TetR	arm	7542313	4696	387	65843	45.7	0.67	1.32	Shielded
SC_RS36140	SCO6792		TetR/AcrR family transcriptional regulator	TetR	arm	7552594	7337	5154	65564	164.4	-0.3	-0.88	Shielded
SC_RS36150	SCO6794		sensor histidine kinase	Sensor kinase	arm	7555369	4562	2379	62789	1508.1	7.13	5.13	Shielded
SC_RS36185	SCO6801		LysR family transcriptional regulator	LysR	arm	7561923	1992	4175	56235	179.7	-1.63	-2.28	Shielded
SC_RS36190	SCO6802		helix-turn-helix domain-containing protein	HTH (other)	arm	7562872	2151	5124	55286	62.4	-1.96	-2.0	Shielded
SC_RS36200	SCO6804		MmcQ/YjbR family DNA-binding protein	Other regulatory	arm	7564023	1000	4761	54135	73.2	-1.6	-1.86	Shielded
SC_RS36220			helix-turn-helix transcriptional regulator	HTH (other)	arm	7567666	1394	1118	50492	18.9	2.17	2.74	Shielded
SC_RS36230	SCO6808		ArsR/SmtB family transcription factor	ArsR	arm	7570968	2101	557	47190	337.4	3.93	1.59	Shielded
SC_RS36250	SCO6812		ArsR/SmtB family transcription factor	ArsR	arm	7574420	1351	2895	43738	117.9	1.71	2.55	Shielded
SC_RS36255	SCO6813		ArsR/SmtB family transcription factor	ArsR	arm	7574849	1639	3324	43309	57.5	1.89	2.72	Shielded
SC_RS36305	SCO6823		ArsR/SmtB family transcription factor	ArsR	arm	7588044	1435	1718	30114	527.2	1.33	-0.05	Shielded
SC_RS36340	SCO6830		ArsR/SmtB family transcription factor	ArsR	arm	7601654	7048	1791	16504	59.1	1.13	0.64	Shielded
SC_RS36370	SCO6836		ArsR/SmtB family transcription factor	ArsR	arm	7606744	1958	6881	11414	30.4	1.75	1.27	Shielded
SC_RS36670	SCO6894		winged helix-turn-helix transcriptional regulator	HTH (other)	arm	7659639	2869	2039	41481	13.9	0.61	4.47	Shielded
SC_RS36810	SCO6922		WhiB family transcriptional regulator	WhiB	arm	7686425	1581	30	68267	14.6	0.3	3.57	Shielded
SC_RS36820	SCO6924		helix-turn-helix domain-containing protein	HTH (other)	arm	7688201	195	1806	70043	24.7	-2.54	1.17	Exposed
SC_RS36830	SCO6926		MmyB family transcriptional regulator	Other regulatory	arm	7689750	1744	3355	71592	28.5	-0.94	-0.15	Shielded
SC_RS36895	SCO6937		LuxR C-terminal-related transcriptional regulator	Other regulatory	arm	7702498	14492	5053	84340	34.6	0.07	4.18	Shielded
SC_RS36925	SCO6943		sensor histidine kinase	Sensor kinase	arm	7707743	19737	192	89585	171.3	1.83	6.5	Shielded
SC_RS36955	SCO6950		helix-turn-helix domain-containing protein	HTH (other)	arm	7713425	25419	5874	95267	639.7	5.04	3.81	Shielded
SC_RS37035			WhiB family transcriptional regulator	WhiB	arm	7732188	25258	746	114030	11.8	1.24	1.75	Shielded
SC_RS37085	SCO6974		GntR family transcriptional regulator	GntR	arm	7741956	15490	5494	123798	35.4	0.4	1.27	Shielded
SC_RS37145	SCO6986		LacI family DNA-binding transcriptional regulator	LacI	arm	7753893	3553	1381	115711	45.0	0.79	1.17	Shielded
SC_RS37190	SCO6993		LuxR family transcriptional regulator AbsR2	Other regulatory	arm	7760977	3008	5703	108627	200.8	0.84	4.92	Shielded
SC_RS37205	SCO6996		RNA polymerase sigma factor	Sigma factor	arm	7767699	3057	4524	101905	262.6	-0.42	1.65	Shielded
SC_RS37295	SCO7014		LacI family DNA-binding transcriptional regulator	LacI	arm	7792730	2173	3666	76874	136.0	-0.57	-1.64	Shielded
SC_RS37305	SCO7016		LacI family DNA-binding transcriptional regulator	LacI	arm	7798381	7824	1985	71223	105.0	0.02	-0.98	Shielded
SC_RS37350	SCO7025		LysR family transcriptional regulator	LysR	arm	7812110	4154	5314	57494	73.2	-0.36	-0.33	Shielded
SC_RS37360	SCO7027		LacI family DNA-binding transcriptional regulator	LacI	arm	7813832	2432	3592	55772	37.3	-1.26	0.59	Shielded
SC_RS37390	SCO7033		PucR family transcriptional regulator	Other regulatory	arm	7821785	5521	1658	47819	227.3	0.31	0.38	Shielded
SC_RS37435	SCO7042		MarR family winged helix-turn-helix transcriptional regulator	MarR	arm	7835298	19034	536	34306	190.8	-0.06	0.26	Shielded
SC_RS37440	SCO7043		helix-turn-helix domain-containing protein	HTH (other)	arm	7835428	19164	666	34176	124.9	3.73	3.82	Shielded
SC_RS37480	SCO7051	rho	transcription termination factor Rho	Other regulatory	arm	7842710	22299	5550	26894	57.9	-1.81	0.53	Shielded
SC_RS37500	SCO7054		PadR family transcriptional regulator	PadR	arm	7844184	20825	4076	25420	29.2	-0.41	0.12	Shielded
SC_RS37510	SCO7056		GntR family transcriptional regulator	GntR	arm	7846272	18737	1988	23332	272.1	2.34	0.06	Shielded
SC_RS37535	SCO7061		MarR family winged helix-turn-helix transcriptional regulator	MarR	arm	7850187	14822	1927	19417	41.3	-0.64	-0.44	Shielded
SC_RS37565	SCO7067		PadR family transcriptional regulator	PadR	arm	7857217	7792	7574	12387	33.7	0.7	0.47	Shielded
SC_RS37610	SCO7075		response regulator transcription factor	Response regulator	arm	7863791	1218	1000	5813	73.9	-0.05	-0.06	Shielded
SC_RS37615	SCO7076		HAMP domain-containing sensor histidine kinase	Sensor kinase	arm	7864480	529	311	5124	117.2	0.29	0.43	Shielded
SC_RS37650			LysR family transcriptional regulator	LysR	arm	7872807	1330	1754	3203	8.6	-1.5	0.38	Shielded
SC_RS37660	SCO7086		MerR family transcriptional regulator	MerR	arm	7873947	190	2894	4343	38.1	-0.29	-0.78	Exposed
SC_RS37670	SCO7088		response regulator	Response regulator	arm	7876051	1421	4998	6447	17.1	-0.72	2.35	Shielded
SC_RS37675	SCO7089		sensor histidine kinase	Sensor kinase	arm	7877241	2611	6188	7637	28.8	0.57	2.94	Shielded
SC_RS37710	SCO7097		MarR family winged helix-turn-helix transcriptional regulator	MarR	arm	7888179	7742	4075	18575	11.2	-0.87	3.21	Shielded
SC_RS37720	SCO7099		sigma-70 family RNA polymerase sigma factor family protein	Sigma factor	arm	7890168	9731	4829	20564	20.8	-0.36	3.12	Shielded
SC_RS37745	SCO7104		sigma-70 family RNA polymerase sigma factor family protein	Sigma factor	arm	7894195	13758	802	24591	129.2	-0.25	-0.06	Shielded
SC_RS37750	SCO7105		RNA polymerase sigma-70 factor	Sigma factor	arm	7896042	14862	1045	26438	30.9	-1.05	1.11	Shielded
SC_RS37755	SCO7106		WhiB family transcriptional regulator	WhiB	arm	7896424	14480	1427	26820	9.7	0.31	3.26	Shielded
SC_RS37785	SCO7112		RNA polymerase sigma-70 factor	Sigma factor	arm	7902256	8648	7259	32652	168.2	-1.57	-1.3	Shielded
SC_RS37895	SCO7134		helix-turn-helix transcriptional regulator	HTH (other)	arm	7925356	6358	1981	55752	319.0	-1.06	-0.94	Shielded
SC_RS37925	SCO7140		helix-turn-helix transcriptional regulator	HTH (other)	arm	7934492	1007	688	64888	115.2	1.25	0.23	Shielded
SC_RS37935	SCO7142		winged helix-turn-helix transcriptional regulator	HTH (other)	arm	7936071	572	340	66467	89.3	0.31	-0.4	Shielded
SC_RS37940	SCO7143		helix-turn-helix transcriptional regulator	HTH (other)	arm	7936673	1174	262	67069	235.0	0.6	0.21	Shielded
SC_RS37945	SCO7144		sigma-70 family RNA polymerase sigma factor	Sigma factor	arm	7939618	4119	2401	70014	23.3	0.28	2.19	Shielded
SC_RS37950	SCO7145		MarR family winged helix-turn-helix transcriptional regulator	MarR	arm	7940566	5067	3349	70962	9.5	-0.04	3.9	Shielded
SC_RS37955	SCO7146		ArsR/SmtB family transcription factor	ArsR	arm	7941058	5559	3841	71454	124.3	0.12	-0.91	Shielded
SC_RS38065	SCO7168		GntR family transcriptional regulator	GntR	arm	7964783	2032	1165	95179	400.7	-0.61	-1.14	Shielded
SC_RS38095	SCO7175		SsgA family sporulation/cell division regulator	Other regulatory	arm	7972971	2177	2178	103367	13.8	0.29	3.45	Shielded
SC_RS38105	SCO7178		helix-turn-helix transcriptional regulator	HTH (other)	arm	7977963	2628	4033	108359	14.1	0.12	4.48	Shielded
SC_RS38175	SCO7192		sigma factor-like helix-turn-helix DNA-binding protein	Sigma factor	arm	7995692	9746	3058	126088	104.5	5.25	4.47	Shielded
SC_RS38220	SCO7201		MarR family winged helix-turn-helix transcriptional regulator	MarR	arm	8004242	1196	1724	134638	74.0	-0.29	-0.71	Shielded
SC_RS38325	SCO7222		TetR/AcrR family transcriptional regulator	TetR	arm	8028512	23074	481	158908	64.5	-0.26	-0.21	Shielded
SC_RS38365	SCO7230		response regulator transcription factor	Response regulator	arm	8035811	23937	2700	166207	98.7	0.26	-0.23	Shielded
SC_RS38475	SCO7252		DNA-binding protein NsdB	Other regulatory	arm	8062135	2387	46	192531	9088.5	9.32	7.76	Shielded
SC_RS38565	SCO7270		LysR family transcriptional regulator	LysR	arm	8079972	20224	7269	210368	98.0	-0.45	-0.09	Shielded
SC_RS38605	SCO7278		RNA polymerase sigma factor SigF	Sigma factor	arm	8086287	26539	954	216683	371.9	0.76	0.34	Shielded
SC_RS38610	SCO7279		helix-turn-helix domain-containing protein	HTH (other)	arm	8086495	26747	746	216891	213.2	1.51	1.44	Shielded
SC_RS38660	SCO7289		SsgA family sporulation/cell division regulator	Other regulatory	arm	8094562	29330	2095	224958	19.6	-0.22	0.69	Shielded
SC_RS38730	SCO7303		TetR/AcrR family transcriptional regulator	TetR	arm	8111024	12868	2478	241420	43.0	-0.36	-0.26	Shielded
SC_RS38745	SCO7306		WhiB family transcriptional regulator	WhiB	arm	8114060	9832	2541	244456	20.7	1.36	1.24	Shielded
SC_RS38750	SCO7307		LysR family transcriptional regulator ArgP	LysR	arm	8115087	8805	1514	245483	88.0	0.97	-0.22	Shielded
SC_RS38785	SCO7314		SigB/SigF/SigG family RNA polymerase sigma factor	Sigma factor	arm	8120541	3351	329	250937	72.9	1.93	1.49	Shielded
SC_RS38825	SCO7322		anti-sigma regulatory factor	Anti-sigma	arm	8130298	4966	8395	260694	166.7	0.16	-0.81	Shielded
SC_RS38920	SCO7341		SigB/SigF/SigG family RNA polymerase sigma factor	Sigma factor	arm	8155756	15419	3049	286152	17.5	0.18	3.64	Shielded
SC_RS38950	SCO7347		TetR/AcrR family transcriptional regulator	TetR	arm	8161308	9867	2503	291704	152.9	-1.24	-1.58	Shielded
SC_RS38960	SCO7351		helix-turn-helix transcriptional regulator	HTH (other)	arm	8163903	7272	5098	294299	31.2	1.57	2.39	Shielded
SC_RS39010	SCO7361		helix-turn-helix domain-containing protein	HTH (other)	arm	8173887	2712	410	304283	235.6	-0.7	-0.69	Shielded
SC_RS39025	SCO7364		TetR/AcrR family transcriptional regulator	TetR	arm	8178147	6972	3850	308543	80.7	-0.49	0.14	Shielded
SC_RS39260	SCO7411		LacI family DNA-binding transcriptional regulator	LacI	arm	8225904	3802	8239	282366	49.3	0.68	1.13	Shielded
SC_RS39325	SCO7424		MarR family winged helix-turn-helix transcriptional regulator	MarR	arm	8238976	9270	4833	269294	49.4	2.33	0.55	Shielded
SC_RS39340	SCO7427	nsrR	nitric oxide-sensing transcriptional repressor NsrR	Repressor	arm	8241835	12129	7692	266435	565.5	2.08	0.17	Shielded
SC_RS39370	SCO7433		LysR family transcriptional regulator	LysR	arm	8246125	16419	11982	262145	28.8	-0.01	2.41	Shielded
SC_RS39395	SCO7438		LysR family transcriptional regulator	LysR	arm	8252589	22883	18446	255681	30.5	-0.61	0.52	Shielded
SC_RS39410	SCO7441		TetR/AcrR family transcriptional regulator	TetR	arm	8255351	25645	19098	252919	68.2	0.1	-0.41	Shielded
SC_RS39630	SCO7486		ROK family transcriptional regulator	ROK	arm	8297848	13634	279	210422	196.9	-0.76	-0.94	Shielded
SC_RS39685	SCO7497		AraC family transcriptional regulator	AraC	arm	8308924	24710	920	199346	35.1	-0.64	0.19	Shielded
SC_RS39690	SCO7498		GntR family transcriptional regulator	GntR	arm	8310544	26330	700	197726	92.8	-1.91	-1.72	Shielded
SC_RS39710	SCO7502		LacI family DNA-binding transcriptional regulator	LacI	arm	8315715	31501	156	192555	161.1	0.02	-0.44	Shielded
SC_RS39760	SCO7512		GlxA family transcriptional regulator	Other regulatory	arm	8327448	37894	1597	180822	38.3	-0.01	0.71	Shielded
SC_RS39790	SCO7518		TetR/AcrR family transcriptional regulator	TetR	arm	8334140	31202	700	174130	131.9	0.78	-1.49	Shielded
SC_RS39835	SCO7527		helix-turn-helix transcriptional regulator	HTH (other)	arm	8347302	18040	5818	160968	25.6	1.0	2.12	Shielded
SC_RS39845	SCO7529		winged helix DNA-binding domain-containing protein	HTH (other)	arm	8347854	17488	6370	160416	40.0	1.19	1.46	Shielded
SC_RS39850	SCO7530		MerR family transcriptional regulator	MerR	arm	8350073	15269	8589	158197	50.9	0.8	1.69	Shielded
SC_RS39865	SCO7533		response regulator transcription factor	Response regulator	arm	8352526	12816	11042	155744	64.7	1.26	2.19	Shielded
SC_RS39870	SCO7534		sensor histidine kinase	Sensor kinase	arm	8353224	12118	11740	155046	49.2	2.25	3.58	Shielded
SC_RS39890	SCO7538		LysR family transcriptional regulator	LysR	arm	8359236	6106	7125	149034	95.8	0.92	0.18	Shielded
SC_RS39895	SCO7539		TetR/AcrR family transcriptional regulator	TetR	arm	8360931	4411	5430	147339	107.2	1.91	0.26	Shielded
SC_RS39915	SCO7543		ROK family transcriptional regulator	ROK	arm	8365625	283	736	142645	38.8	0.32	1.67	Exposed
SC_RS39960	SCO7552		TetR/AcrR family transcriptional regulator	TetR	arm	8374590	9248	144	133680	64.9	0.87	0.64	Shielded
SC_RS39970	SCO7554		LacI family DNA-binding transcriptional regulator	LacI	arm	8376949	10194	1701	131321	461.5	-0.99	-1.78	Shielded
SC_RS40010	SCO7562		IclR family transcriptional regulator	IclR	arm	8385997	1146	6456	122273	81.8	0.09	-0.34	Shielded
SC_RS40040	SCO7568		ROK family protein	ROK	arm	8392310	5167	143	115960	75.5	-1.26	0.15	Shielded
SC_RS40095	SCO7579		helix-turn-helix domain-containing protein	HTH (other)	arm	8402873	15730	938	105397	91.1	1.98	2.07	Shielded
SC_RS40120	SCO7584		TetR/AcrR family transcriptional regulator	TetR	arm	8410198	17422	6387	98072	133.0	0.33	-0.85	Shielded
SC_RS40125	SCO7585		MerR family transcriptional regulator	MerR	arm	8410624	16996	6813	97646	119.4	3.48	1.81	Shielded
SC_RS40155	SCO7591		LysR substrate-binding domain-containing protein	LysR	arm	8418396	9224	4466	89874	42.6	0.02	0.84	Shielded
SC_RS40190	SCO7599		MurR/RpiR family transcriptional regulator	Other regulatory	arm	8425073	2547	2211	83197	98.1	2.32	1.15	Shielded
SC_RS40205	SCO7602		TetR/AcrR family transcriptional regulator	TetR	arm	8429126	1506	280	79144	76.5	0.17	-0.12	Shielded
SC_RS40210	SCO7603		LysR family transcriptional regulator	LysR	arm	8430759	3139	1913	77511	73.5	-0.11	0.2	Shielded
SC_RS40245	SCO7610		helix-turn-helix transcriptional regulator	HTH (other)	arm	8437174	2307	497	71096	27.8	0.83	1.93	Shielded
SC_RS40270	SCO7615		helix-turn-helix domain-containing protein	HTH (other)	arm	8442864	7997	1568	65406	391.2	2.28	-0.81	Shielded
SC_RS40285	SCO7618		IclR family transcriptional regulator	IclR	arm	8444856	9989	3560	63414	146.0	2.49	-0.01	Shielded
SC_RS40315	SCO7624		TetR/AcrR family transcriptional regulator	TetR	arm	8451026	16159	2742	57244	69.8	1.79	0.91	Shielded
SC_RS40390	SCO7639		MarR family winged helix-turn-helix transcriptional regulator	MarR	arm	8468385	16066	1665	39885	57.0	-1.97	-1.6	Shielded
SC_RS40395	SCO7640		LysR family transcriptional regulator	LysR	arm	8469810	14641	3090	38460	51.9	-0.99	-0.21	Shielded
SC_RS40420	SCO7645		TetR/AcrR family transcriptional regulator	TetR	arm	8473207	11244	5509	35063	79.4	0.77	0.07	Shielded
SC_RS40435	SCO7648		response regulator transcription factor	Response regulator	arm	8475908	8543	2808	32362	121.0	2.44	2.05	Shielded
SC_RS40440	SCO7649		sensor histidine kinase	Sensor kinase	arm	8477246	7205	1470	31024	134.3	0.83	0.89	Shielded
SC_RS40450	SCO7651		TetR/AcrR family transcriptional regulator	TetR	arm	8479495	4956	779	28775	21.2	-0.07	0.75	Shielded
SC_RS40655	SCO7694		TetR/AcrR family transcriptional regulator	TetR	arm	8531016	18647	2419	22746	85.2	-0.65	-0.83	Shielded
SC_RS40665	SCO7696		MarR family winged helix-turn-helix transcriptional regulator	MarR	arm	8532086	19717	1349	23479	29.5	-0.39	-0.22	Shielded
SC_RS40675	SCO7698		MerR family transcriptional regulator	MerR	arm	8535239	22870	1133	20326	771.1	6.71	3.82	Shielded
SC_RS40695	SCO7702		FadR/GntR family transcriptional regulator	GntR	arm	8539362	25451	5256	16203	120.3	1.26	-0.05	Shielded
SC_RS40705	SCO7704		TetR/AcrR family transcriptional regulator	TetR	arm	8541365	23448	5456	14200	101.7	-0.04	-0.75	Shielded
SC_RS40715	SCO7706		helix-turn-helix transcriptional regulator	HTH (other)	arm	8544237	20576	2584	11328	49.6	-0.58	-0.41	Shielded
SC_RS40730	SCO7709		MarR family winged helix-turn-helix transcriptional regulator	MarR	arm	8545444	19369	1377	10121	42.3	-0.13	-0.31	Shielded
SC_RS40740	SCO7711		sensor histidine kinase	Sensor kinase	arm	8546786	18027	35	8779	174.7	3.16	3.14	Shielded
SC_RS40745	SCO7712		response regulator	Response regulator	arm	8548323	16490	1194	7242	96.0	1.2	0.41	Shielded
SC_RS40780	SCO7719		TetR/AcrR family transcriptional regulator	TetR	arm	8554087	10726	912	1478	56.8	0.51	0.08	Shielded
SC_RS40805	SCO7724		transcriptional regulator	Other regulatory	arm	8559848	4965	4849	4283	100.5	-2.61	-0.43	Shielded
SC_RS40820	SCO7727		MarR family winged helix-turn-helix transcriptional regulator	MarR	arm	8563058	1755	7810	7493	185.9	-0.85	-1.19	Shielded
SC_RS40860	SCO7735		AraC family transcriptional regulator	AraC	arm	8569962	5149	906	14397	15.3	0.25	0.05	Shielded
SC_RS40895	SCO7742		MarR family winged helix-turn-helix transcriptional regulator	MarR	arm	8577403	12590	1609	21838	50.9	0.93	0.45	Shielded
SC_RS40930	SCO7751		MarR family winged helix-turn-helix transcriptional regulator	MarR	arm	8584661	19848	4981	29096	32.7	-0.46	0.5	Shielded
SC_RS40940	SCO7753		helix-turn-helix transcriptional regulator	HTH (other)	arm	8586491	21678	4818	30926	55.0	-1.92	-1.26	Shielded
SC_RS40985	SCO7765		MarR family winged helix-turn-helix transcriptional regulator	MarR	arm	8595004	30191	3695	39439	185.6	0.6	0.57	Shielded
SC_RS40995	SCO7767		helix-turn-helix transcriptional regulator	HTH (other)	arm	8597410	32597	2227	41845	70.4	0.11	0.27	Shielded
SC_RS41010	SCO7770		tetratricopeptide repeat protein	TetR	arm	8598830	34017	807	43265	27.5	1.5	2.05	Shielded
SC_RS41050	SCO7778		IclR family transcriptional regulator	IclR	arm	8605797	39268	508	50232	121.5	1.55	0.84	Shielded
SC_RS41060	SCO7780		helix-turn-helix domain-containing protein	HTH (other)	arm	8607539	37526	1234	51974	138.9	1.56	0.4	Shielded
SC_RS41085	SCO7785		TetR/AcrR family transcriptional regulator	TetR	arm	8611658	33407	5353	56093	275.0	2.86	1.13	Shielded
SC_RS41090			helix-turn-helix domain-containing protein	HTH (other)	arm	8613397	31668	7092	57832	38.4	1.36	1.65	Shielded
SC_RS41130	SCO7794		TetR/AcrR family transcriptional regulator C-terminal domain-containing protein	TetR	arm	8618313	26752	2917	62748	49.9	-1.17	-0.48	Shielded
SC_RS41190	SCO7809		TetR/AcrR family transcriptional regulator	TetR	arm	8628988	16077	3005	73423	49.4	-0.34	-0.28	Shielded
SC_RS41225	SCO7815		TetR/AcrR family transcriptional regulator	TetR	arm	8634834	10231	2781	79269	80.2	-0.16	-0.82	Shielded
SC_RS41235	SCO7817		helix-turn-helix transcriptional regulator	HTH (other)	arm	8637257	7808	358	81692	57.3	2.93	2.9	Shielded
SC_RS41270	SCO7824		TetR/AcrR family transcriptional regulator	TetR	arm	8643812	1253	1628	88247	57.7	0.91	0.36	Shielded
SC_RS01945			helix-turn-helix domain-containing protein	HTH (other)	arm	13797	72425	1645	410102				Shielded
SC_RS01955	SCP2.15c		DNA-binding protein	Other regulatory	arm	15088	71134	354	408811				Shielded
SC_RS02040	SCP2.35		GntR family transcriptional regulator	GntR	arm	26665	59557	1424	397234				Shielded
SC_RS02055	SCP2.38c		helix-turn-helix domain-containing protein	HTH (other)	arm	28968	57254	772	394931				Shielded
SC_RS02060	SCP2.39c		helix-turn-helix domain-containing protein	HTH (other)	arm	29477	56745	1281	394422				Shielded
SC_RS00170	SCP1.36c		AraC family transcriptional regulator	AraC	arm	34080	52142	596	389819				Shielded
SC_RS00205	SCP1.42c		TetR/AcrR family transcriptional regulator	TetR	arm	40730	45492	53	383169				Shielded
SC_RS00320	SCP1.60		helix-turn-helix domain-containing protein	HTH (other)	arm	59650	26572	8185	364249				Shielded
SC_RS00470	SCP1.89c		helix-turn-helix domain-containing protein	HTH (other)	arm	88383	2161	4980	335516				Shielded
SC_RS00480	SCP1.91c		GntR family transcriptional regulator	GntR	arm	90032	3810	6629	333867				Shielded
SC_RS00505	SCP1.95		WhiB family transcriptional regulator	WhiB	arm	92483	6261	9080	331416				Shielded
SC_RS00610	SCP1.115		WhiB family transcriptional regulator	WhiB	arm	109297	547	349	314602				Shielded
SC_RS00615	SCP1.116		RNA polymerase sigma factor	Sigma factor	arm	110149	1399	1201	313750				Shielded
SC_RS00780	SCP1.151c		RNA polymerase sigma factor	Sigma factor	arm	146182	3658	5173	277717				Shielded
SC_RS00815	SCP1.158		helix-turn-helix domain-containing protein	HTH (other)	arm	152373	2533	1018	271526				Shielded
SC_RS00830	SCP1.161c		sigma-70 family RNA polymerase sigma factor	Sigma factor	arm	156988	7148	5633	266911				Shielded
SC_RS00975	SCP1.186		helix-turn-helix domain-containing protein	HTH (other)	arm	178957	247	5394	244942				Exposed
SC_RS01130	SCP1.217		helix-turn-helix domain-containing protein	HTH (other)	arm	217465	14237	4565	206434				Shielded
SC_RS01210	SCP1.230		helix-turn-helix transcriptional regulator	HTH (other)	arm	232923	8225	1246	190976				Shielded
SC_RS01265	SCP1.238		ArsR/SmtB family transcription factor	ArsR	arm	242698	620	7978	181201				Shielded
SC_RS01285	SCP1.242c		ScbR family autoregulator-binding transcription factor	Other regulatory	arm	247006	4356	12286	176893				Shielded
SC_RS01305	SCP1.246		TetR/AcrR family transcriptional regulator	TetR	arm	250406	956	12252	173493				Shielded
SC_RS01545	SCP1.293c		helix-turn-helix domain-containing protein	HTH (other)	arm	296374	8293	1938	127525				Shielded
SC_RS01660	SCP1.312		TetR/AcrR family transcriptional regulator	TetR	arm	315294	8125	665	108605				Shielded
SC_RS01695	SCP1.318		AraC family transcriptional regulator	AraC	arm	321944	1475	185	101955				Shielded
SC_RS05080	SCO0633		anti-sigma factor	Sigma factor	arm	674317	9677	7596	66047		-0.82	1.4	Shielded
SC_RS06465	SCO0903		ArsR/SmtB family transcription factor	ArsR	arm	950560	10784	1244	173230				Shielded
SC_RS18375	SCO3251		helix-turn-helix domain-containing protein	HTH (other)	core	3604107	121	606591	322810				Exposed
SC_RS21810	SCO3933		SCO3933 family regulatory protein	Other regulatory	core	4328521	1318	481938	678249				Shielded
SC_RS22100	SCO3996		helix-turn-helix domain-containing protein	HTH (other)	core	4390643	1536	419816	616127				Shielded
SC_RS25240	SCO4616		helix-turn-helix transcriptional regulator	HTH (other)	core	5040371	1510	104510	33601				Shielded
SC_RS28865	SCO5338		SCO3933 family regulatory protein	Other regulatory	core	5810810	786	28596	535055		1.12	3.27	Shielded
SC_RS28915	SCO5348		helix-turn-helix transcriptional regulator	HTH (other)	core	5816431	128	22975	540676				Exposed
SC_RS40530	SCO7668		helix-turn-helix domain-containing protein	HTH (other)	arm	8492841	450	3708	15429				Shielded
