site_type	timepoint	gene_category	bin_center_bp	density_per_kb_per_gene	ci_low	ci_high	n_genes	n_sites
All_methylation	T1	all	-4900.0	0.47052154195011336	0.4062736205593348	0.5404383975812547	2646	3918
All_methylation	T1	all	-4700.0	0.43650793650793646	0.3741024187452759	0.5045823885109598	2646	3918
All_methylation	T1	all	-4500.0	0.400604686318972	0.34386810279667424	0.4591836734693877	2646	3918
All_methylation	T1	all	-4300.0	0.4667422524565381	0.40244708994708994	0.5329270597127739	2646	3918
All_methylation	T1	all	-4100.0	0.4554043839758125	0.38359788359788355	0.5234788359788358	2646	3918
All_methylation	T1	all	-3900.0	0.4969765684051398	0.43083900226757366	0.5612244897959183	2646	3918
All_methylation	T1	all	-3700.0	0.43839758125472406	0.37981859410430835	0.5008030990173846	2646	3918
All_methylation	T1	all	-3500.0	0.4610733182161753	0.3987150415721844	0.5272108843537414	2646	3918
All_methylation	T1	all	-3300.0	0.4516250944822373	0.38737717309145875	0.5139833711262283	2646	3918
All_methylation	T1	all	-3100.0	0.47808012093726376	0.41567460317460314	0.5404383975812547	2646	3918
All_methylation	T1	all	-2900.0	0.42517006802721086	0.3684334845049131	0.48563869992441416	2646	3918
All_methylation	T1	all	-2700.0	0.4440665154950869	0.38548752834467115	0.5064720332577474	2646	3918
All_methylation	T1	all	-2500.0	0.4667422524565381	0.40433673469387754	0.5366591080876795	2646	3918
All_methylation	T1	all	-2300.0	0.48563869992441416	0.4232331821617536	0.5574924414210127	2646	3918
All_methylation	T1	all	-2100.0	0.43650793650793646	0.3778817082388511	0.4988662131519274	2646	3918
All_methylation	T1	all	-1900.0	0.48374905517762656	0.421343537414966	0.5518235071806499	2646	3918
All_methylation	T1	all	-1700.0	0.49130763416477696	0.42517006802721086	0.5536659108087679	2646	3918
All_methylation	T1	all	-1500.0	0.4572940287226001	0.3930461073318216	0.5253684807256235	2646	3918
All_methylation	T1	all	-1300.0	0.5083144368858654	0.4440192743764172	0.5744520030234316	2646	3918
All_methylation	T1	all	-1100.0	0.5309901738473166	0.4591836734693877	0.6027966742252456	2646	3918
All_methylation	T1	all	-900.0	0.4610733182161753	0.39488851095993954	0.5291477702191987	2646	3918
All_methylation	T1	all	-700.0	0.43272864701436126	0.36470143613000755	0.4969765684051398	2646	3918
All_methylation	T1	all	-500.0	0.4081632653061224	0.3476946334089191	0.4686318972033257	2646	3918
All_methylation	T1	all	-300.0	0.4516250944822373	0.38737717309145875	0.5177626606198035	2646	3918
All_methylation	T1	all	-100.0	0.37792894935752075	0.31934996220710504	0.4384448223733937	2646	3918
All_methylation	T1	all	100.0	0.3571428571428571	0.2985638699924414	0.4176587301587301	2646	3918
All_methylation	T1	all	300.0	0.43650793650793646	0.3778817082388511	0.5008030990173846	2646	3918
All_methylation	T1	all	500.0	0.42705971277399846	0.36281179138321995	0.49508692365835216	2646	3918
All_methylation	T1	all	700.0	0.48941798941798936	0.42139077853363566	0.5631141345427059	2646	3918
All_methylation	T1	all	900.0	0.5385487528344671	0.47241118669690096	0.6160714285714284	2646	3918
All_methylation	T1	all	1100.0	0.49319727891156456	0.42894935752078606	0.5631141345427059	2646	3918
All_methylation	T1	all	1300.0	0.4969765684051398	0.42894935752078606	0.5668934240362812	2646	3918
All_methylation	T1	all	1500.0	0.4686318972033257	0.4081632653061224	0.5291005291005291	2646	3918
All_methylation	T1	all	1700.0	0.5385487528344671	0.47430083144368856	0.6122921390778532	2646	3918
All_methylation	T1	all	1900.0	0.42328042328042326	0.36848072562358275	0.48752834467120176	2646	3918
All_methylation	T1	all	2100.0	0.4610733182161753	0.391156462585034	0.5348167044595614	2646	3918
All_methylation	T1	all	2300.0	0.4119425547996976	0.35520597127739983	0.470568783068783	2646	3918
All_methylation	T1	all	2500.0	0.47430083144368856	0.4043839758125472	0.5442176870748299	2646	3918
All_methylation	T1	all	2700.0	0.4459561602418745	0.37981859410430835	0.5158730158730158	2646	3918
All_methylation	T1	all	2900.0	0.3930461073318216	0.3401360544217687	0.4591836734693877	2646	3918
All_methylation	T1	all	3100.0	0.47241118669690096	0.41000566893424034	0.5366591080876795	2646	3918
All_methylation	T1	all	3300.0	0.47052154195011336	0.40811602418745274	0.5442176870748299	2646	3918
All_methylation	T1	all	3500.0	0.43650793650793646	0.37414965986394555	0.4969765684051398	2646	3918
All_methylation	T1	all	3700.0	0.43272864701436126	0.37603930461073315	0.4913548752834466	2646	3918
All_methylation	T1	all	3900.0	0.4478458049886621	0.3892668178382464	0.5102040816326531	2646	3918
All_methylation	T1	all	4100.0	0.500755857898715	0.43272864701436126	0.570719954648526	2646	3918
All_methylation	T1	all	4300.0	0.4535147392290249	0.38737717309145875	0.5367063492063491	2646	3918
All_methylation	T1	all	4500.0	0.4610733182161753	0.3987150415721844	0.5309901738473166	2646	3918
All_methylation	T1	all	4700.0	0.47619047619047616	0.41189531368102794	0.5423752834467119	2646	3918
All_methylation	T1	all	4900.0	0.4969765684051398	0.43083900226757366	0.5669406651549508	2646	3918
All_methylation	T1	regulatory	-4900.0	0.32222222222222224	0.2	0.4444444444444444	450	3918
All_methylation	T1	regulatory	-4700.0	0.4	0.26666666666666666	0.5444444444444444	450	3918
All_methylation	T1	regulatory	-4500.0	0.4	0.26666666666666666	0.5555555555555556	450	3918
All_methylation	T1	regulatory	-4300.0	0.3888888888888889	0.26666666666666666	0.5333333333333333	450	3918
All_methylation	T1	regulatory	-4100.0	0.32222222222222224	0.2	0.44472222222222196	450	3918
All_methylation	T1	regulatory	-3900.0	0.4444444444444444	0.3	0.6111111111111112	450	3918
All_methylation	T1	regulatory	-3700.0	0.43333333333333335	0.28888888888888886	0.5888888888888889	450	3918
All_methylation	T1	regulatory	-3500.0	0.2222222222222222	0.14416666666666667	0.3111111111111111	450	3918
All_methylation	T1	regulatory	-3300.0	0.4777777777777778	0.34444444444444444	0.6333333333333333	450	3918
All_methylation	T1	regulatory	-3100.0	0.43333333333333335	0.28888888888888886	0.5669444444444441	450	3918
All_methylation	T1	regulatory	-2900.0	0.3333333333333333	0.2222222222222222	0.4666666666666667	450	3918
All_methylation	T1	regulatory	-2700.0	0.35555555555555557	0.23333333333333334	0.4777777777777778	450	3918
All_methylation	T1	regulatory	-2500.0	0.4888888888888889	0.3333333333333333	0.6777777777777778	450	3918
All_methylation	T1	regulatory	-2300.0	0.4222222222222222	0.28888888888888886	0.5666666666666667	450	3918
All_methylation	T1	regulatory	-2100.0	0.3333333333333333	0.2	0.4888888888888889	450	3918
All_methylation	T1	regulatory	-1900.0	0.36666666666666664	0.2222222222222222	0.5111111111111111	450	3918
All_methylation	T1	regulatory	-1700.0	0.4	0.25555555555555554	0.5558333333333331	450	3918
All_methylation	T1	regulatory	-1500.0	0.4666666666666667	0.32222222222222224	0.6333333333333333	450	3918
All_methylation	T1	regulatory	-1300.0	0.45555555555555555	0.2997222222222222	0.6222222222222222	450	3918
All_methylation	T1	regulatory	-1100.0	0.4666666666666667	0.3	0.6777777777777778	450	3918
All_methylation	T1	regulatory	-900.0	0.4111111111111111	0.26666666666666666	0.5777777777777777	450	3918
All_methylation	T1	regulatory	-700.0	0.37777777777777777	0.24444444444444444	0.5111111111111111	450	3918
All_methylation	T1	regulatory	-500.0	0.43333333333333335	0.3	0.5888888888888889	450	3918
All_methylation	T1	regulatory	-300.0	0.43333333333333335	0.28888888888888886	0.6	450	3918
All_methylation	T1	regulatory	-100.0	0.2777777777777778	0.17777777777777778	0.4	450	3918
All_methylation	T1	regulatory	100.0	0.28888888888888886	0.17750000000000002	0.43333333333333335	450	3918
All_methylation	T1	regulatory	300.0	0.3111111111111111	0.2	0.4444444444444444	450	3918
All_methylation	T1	regulatory	500.0	0.37777777777777777	0.25555555555555554	0.5222222222222223	450	3918
All_methylation	T1	regulatory	700.0	0.5666666666666667	0.38861111111111113	0.7555555555555555	450	3918
All_methylation	T1	regulatory	900.0	0.5777777777777777	0.4111111111111111	0.7777777777777778	450	3918
All_methylation	T1	regulatory	1100.0	0.4111111111111111	0.2777777777777778	0.5444444444444444	450	3918
All_methylation	T1	regulatory	1300.0	0.4777777777777778	0.32222222222222224	0.6333333333333333	450	3918
All_methylation	T1	regulatory	1500.0	0.32222222222222224	0.2	0.4444444444444444	450	3918
All_methylation	T1	regulatory	1700.0	0.4888888888888889	0.34444444444444444	0.6555555555555556	450	3918
All_methylation	T1	regulatory	1900.0	0.32222222222222224	0.2	0.4666666666666667	450	3918
All_methylation	T1	regulatory	2100.0	0.5777777777777777	0.4111111111111111	0.7777777777777778	450	3918
All_methylation	T1	regulatory	2300.0	0.43333333333333335	0.28888888888888886	0.5888888888888889	450	3918
All_methylation	T1	regulatory	2500.0	0.5888888888888889	0.4	0.8111111111111111	450	3918
All_methylation	T1	regulatory	2700.0	0.43333333333333335	0.28888888888888886	0.5777777777777777	450	3918
All_methylation	T1	regulatory	2900.0	0.43333333333333335	0.2777777777777778	0.6111111111111112	450	3918
All_methylation	T1	regulatory	3100.0	0.5	0.36666666666666664	0.6444444444444445	450	3918
All_methylation	T1	regulatory	3300.0	0.35555555555555557	0.2111111111111111	0.5	450	3918
All_methylation	T1	regulatory	3500.0	0.4	0.26666666666666666	0.5444444444444444	450	3918
All_methylation	T1	regulatory	3700.0	0.4666666666666667	0.32222222222222224	0.6111111111111112	450	3918
All_methylation	T1	regulatory	3900.0	0.3888888888888889	0.23333333333333334	0.5444444444444444	450	3918
All_methylation	T1	regulatory	4100.0	0.5666666666666667	0.3888888888888889	0.7669444444444442	450	3918
All_methylation	T1	regulatory	4300.0	0.4666666666666667	0.3111111111111111	0.6555555555555556	450	3918
All_methylation	T1	regulatory	4500.0	0.5	0.3111111111111111	0.7222222222222222	450	3918
All_methylation	T1	regulatory	4700.0	0.3333333333333333	0.2	0.4888888888888889	450	3918
All_methylation	T1	regulatory	4900.0	0.45555555555555555	0.3111111111111111	0.6222222222222222	450	3918
All_methylation	T1	non_regulatory	-4900.0	0.5009107468123861	0.4212204007285974	0.5828779599271402	2196	3918
All_methylation	T1	non_regulatory	-4700.0	0.4439890710382513	0.3710724043715847	0.5191256830601092	2196	3918
All_methylation	T1	non_regulatory	-4500.0	0.4007285974499089	0.3369763205828779	0.47131147540983603	2196	3918
All_methylation	T1	non_regulatory	-4300.0	0.482695810564663	0.40755919854280503	0.5555555555555555	2196	3918
All_methylation	T1	non_regulatory	-4100.0	0.482695810564663	0.40522540983606553	0.557889344262295	2196	3918
All_methylation	T1	non_regulatory	-3900.0	0.5077413479052822	0.43488160291438976	0.5806580145719489	2196	3918
All_methylation	T1	non_regulatory	-3700.0	0.43943533697632053	0.3734061930783242	0.5077413479052822	2196	3918
All_methylation	T1	non_regulatory	-3500.0	0.5100182149362477	0.43488160291438976	0.5828779599271402	2196	3918
All_methylation	T1	non_regulatory	-3300.0	0.4462659380692167	0.3756830601092896	0.5123520036429872	2196	3918
All_methylation	T1	non_regulatory	-3100.0	0.48724954462659376	0.4234972677595628	0.5601092896174863	2196	3918
All_methylation	T1	non_regulatory	-2900.0	0.4439890710382513	0.37795992714025495	0.5168488160291439	2196	3918
All_methylation	T1	non_regulatory	-2700.0	0.46220400728597444	0.38706739526411654	0.535063752276867	2196	3918
All_methylation	T1	non_regulatory	-2500.0	0.46220400728597444	0.3916211293260473	0.5373406193078324	2196	3918
All_methylation	T1	non_regulatory	-2300.0	0.4986338797814207	0.4166097449908925	0.5761042805100182	2196	3918
All_methylation	T1	non_regulatory	-2100.0	0.45765027322404367	0.3938979963570127	0.5327868852459016	2196	3918
All_methylation	T1	non_regulatory	-1900.0	0.5077413479052822	0.430327868852459	0.587431693989071	2196	3918
All_methylation	T1	non_regulatory	-1700.0	0.5100182149362477	0.43943533697632053	0.5851548269581056	2196	3918
All_methylation	T1	non_regulatory	-1500.0	0.45537340619307826	0.38706739526411654	0.5305100182149362	2196	3918
All_methylation	T1	non_regulatory	-1300.0	0.5191256830601092	0.44854280510018213	0.598816029143898	2196	3918
All_methylation	T1	non_regulatory	-1100.0	0.5441712204007285	0.46670081967213106	0.6239184881602914	2196	3918
All_methylation	T1	non_regulatory	-900.0	0.47131147540983603	0.40522540983606553	0.5441712204007285	2196	3918
All_methylation	T1	non_regulatory	-700.0	0.4439890710382513	0.37795992714025495	0.5191256830601092	2196	3918
All_methylation	T1	non_regulatory	-500.0	0.40300546448087426	0.3369763205828779	0.4781420765027322	2196	3918
All_methylation	T1	non_regulatory	-300.0	0.45537340619307826	0.38479052823315113	0.5259562841530054	2196	3918
All_methylation	T1	non_regulatory	-100.0	0.3984517304189435	0.3369763205828779	0.46226092896174853	2196	3918
All_methylation	T1	non_regulatory	100.0	0.3711293260473588	0.30965391621129323	0.43493852459016386	2196	3918
All_methylation	T1	non_regulatory	300.0	0.46220400728597444	0.3961748633879781	0.5373406193078324	2196	3918
All_methylation	T1	non_regulatory	500.0	0.4371584699453551	0.36651867030965385	0.5100751366120218	2196	3918
All_methylation	T1	non_regulatory	700.0	0.4735883424408014	0.3984517304189435	0.5532786885245901	2196	3918
All_methylation	T1	non_regulatory	900.0	0.5305100182149362	0.45537340619307826	0.6102003642987249	2196	3918
All_methylation	T1	non_regulatory	1100.0	0.5100182149362477	0.4416552823315118	0.5828779599271402	2196	3918
All_methylation	T1	non_regulatory	1300.0	0.5009107468123861	0.42577413479052817	0.5715505464480873	2196	3918
All_methylation	T1	non_regulatory	1500.0	0.4986338797814207	0.42799408014571944	0.5669968123861565	2196	3918
All_methylation	T1	non_regulatory	1700.0	0.5487249544626593	0.4735883424408014	0.6238615664845173	2196	3918
All_methylation	T1	non_regulatory	1900.0	0.4439890710382513	0.3825136612021858	0.5146288706739526	2196	3918
All_methylation	T1	non_regulatory	2100.0	0.4371584699453551	0.36429872495446264	0.5100182149362477	2196	3918
All_methylation	T1	non_regulatory	2300.0	0.40755919854280503	0.3460837887067395	0.4691484517304188	2196	3918
All_methylation	T1	non_regulatory	2500.0	0.4508196721311475	0.38023679417122036	0.5191826047358833	2196	3918
All_methylation	T1	non_regulatory	2700.0	0.44854280510018213	0.37795992714025495	0.5214594717668487	2196	3918
All_methylation	T1	non_regulatory	2900.0	0.38479052823315113	0.3255350637522768	0.4439890710382513	2196	3918
All_methylation	T1	non_regulatory	3100.0	0.4667577413479052	0.4029485428051001	0.5396174863387978	2196	3918
All_methylation	T1	non_regulatory	3300.0	0.49408014571948994	0.41894353369763204	0.5783242258652094	2196	3918
All_methylation	T1	non_regulatory	3500.0	0.4439890710382513	0.37795992714025495	0.5100182149362477	2196	3918
All_methylation	T1	non_regulatory	3700.0	0.42577413479052817	0.36651867030965385	0.48952641165755917	2196	3918
All_methylation	T1	non_regulatory	3900.0	0.4599271402550091	0.3961748633879781	0.5282900728597449	2196	3918
All_methylation	T1	non_regulatory	4100.0	0.48724954462659376	0.40983606557377045	0.5555555555555555	2196	3918
All_methylation	T1	non_regulatory	4300.0	0.4508196721311475	0.3688524590163934	0.5282331511839709	2196	3918
All_methylation	T1	non_regulatory	4500.0	0.4530965391621129	0.38928734061930775	0.5237363387978141	2196	3918
All_methylation	T1	non_regulatory	4700.0	0.5054644808743168	0.43027094717668485	0.5806010928961748	2196	3918
All_methylation	T1	non_regulatory	4900.0	0.5054644808743168	0.43488160291438976	0.5806010928961748	2196	3918
All_methylation	T2	all	-4900.0	0.5347694633408918	0.4610733182161753	0.6084656084656084	2646	4566
All_methylation	T2	all	-4700.0	0.49508692365835216	0.4269179894179894	0.5668934240362812	2646	4566
All_methylation	T2	all	-4500.0	0.47619047619047616	0.4157218442932728	0.5423752834467119	2646	4566
All_methylation	T2	all	-4300.0	0.5442176870748299	0.47619047619047616	0.6104024943310656	2646	4566
All_methylation	T2	all	-4100.0	0.5120937263794406	0.4497354497354497	0.5744992441421012	2646	4566
All_methylation	T2	all	-3900.0	0.5347694633408918	0.4686318972033257	0.6141345427059712	2646	4566
All_methylation	T2	all	-3700.0	0.47052154195011336	0.4043839758125472	0.5328798185941043	2646	4566
All_methylation	T2	all	-3500.0	0.5593348450491307	0.49130763416477696	0.629251700680272	2646	4566
All_methylation	T2	all	-3300.0	0.5102040816326531	0.4459561602418745	0.5857898715041572	2646	4566
All_methylation	T2	all	-3100.0	0.5083144368858654	0.44217687074829926	0.5782785336356764	2646	4566
All_methylation	T2	all	-2900.0	0.47808012093726376	0.41005291005291	0.5479969765684051	2646	4566
All_methylation	T2	all	-2700.0	0.48563869992441416	0.41761148904006046	0.5536659108087679	2646	4566
All_methylation	T2	all	-2500.0	0.5668934240362812	0.4969293272864701	0.6405895691609976	2646	4566
All_methylation	T2	all	-2300.0	0.5385487528344671	0.47241118669690096	0.6028439153439152	2646	4566
All_methylation	T2	all	-2100.0	0.48185941043083896	0.41950113378684806	0.5499338624338623	2646	4566
All_methylation	T2	all	-1900.0	0.5687830687830687	0.49881897203325776	0.6481953892668177	2646	4566
All_methylation	T2	all	-1700.0	0.5555555555555555	0.48374905517762656	0.6311413454270597	2646	4566
All_methylation	T2	all	-1500.0	0.4988662131519274	0.43461829176114886	0.5631141345427059	2646	4566
All_methylation	T2	all	-1300.0	0.5687830687830687	0.49508692365835216	0.6424792139077853	2646	4566
All_methylation	T2	all	-1100.0	0.5876795162509447	0.5139361300075586	0.6632653061224489	2646	4566
All_methylation	T2	all	-900.0	0.5083144368858654	0.43839758125472406	0.5801681783824639	2646	4566
All_methylation	T2	all	-700.0	0.4988662131519274	0.430791761148904	0.5669406651549508	2646	4566
All_methylation	T2	all	-500.0	0.47241118669690096	0.4043839758125472	0.5404383975812547	2646	4566
All_methylation	T2	all	-300.0	0.5272108843537414	0.4610733182161753	0.5971749811035524	2646	4566
All_methylation	T2	all	-100.0	0.43461829176114886	0.37226001511715795	0.4988662131519274	2646	4566
All_methylation	T2	all	100.0	0.41005291005291	0.3476946334089191	0.470568783068783	2646	4566
All_methylation	T2	all	300.0	0.4988662131519274	0.43839758125472406	0.5669406651549508	2646	4566
All_methylation	T2	all	500.0	0.5272108843537414	0.4516250944822373	0.6065759637188208	2646	4566
All_methylation	T2	all	700.0	0.5158730158730158	0.4478458049886621	0.582010582010582	2646	4566
All_methylation	T2	all	900.0	0.5839002267573695	0.5102040816326531	0.6557539682539681	2646	4566
All_methylation	T2	all	1100.0	0.5631141345427059	0.49319727891156456	0.6311885865457293	2646	4566
All_methylation	T2	all	1300.0	0.5895691609977324	0.519652305366591	0.6670445956160241	2646	4566
All_methylation	T2	all	1500.0	0.5215419501133787	0.45535714285714285	0.5915060468631896	2646	4566
All_methylation	T2	all	1700.0	0.610355253212396	0.5385015117157974	0.6840513983371126	2646	4566
All_methylation	T2	all	1900.0	0.47619047619047616	0.4081632653061224	0.5385959939531367	2646	4566
All_methylation	T2	all	2100.0	0.5479969765684051	0.47430083144368856	0.6254724111866968	2646	4566
All_methylation	T2	all	2300.0	0.47241118669690096	0.4157218442932728	0.5347694633408918	2646	4566
All_methylation	T2	all	2500.0	0.5385487528344671	0.4629629629629629	0.610355253212396	2646	4566
All_methylation	T2	all	2700.0	0.5026455026455026	0.43461829176114886	0.5763416477702191	2646	4566
All_methylation	T2	all	2900.0	0.42894935752078606	0.36848072562358275	0.49319727891156456	2646	4566
All_methylation	T2	all	3100.0	0.5366591080876795	0.47052154195011336	0.6009542705971276	2646	4566
All_methylation	T2	all	3300.0	0.5272108843537414	0.4610733182161753	0.6046863189720332	2646	4566
All_methylation	T2	all	3500.0	0.48563869992441416	0.41950113378684806	0.5555555555555555	2646	4566
All_methylation	T2	all	3700.0	0.47808012093726376	0.4138321995464852	0.5442649281934995	2646	4566
All_methylation	T2	all	3900.0	0.5083144368858654	0.440239984882842	0.5725623582766439	2646	4566
All_methylation	T2	all	4100.0	0.5895691609977324	0.519652305366591	0.6557539682539681	2646	4566
All_methylation	T2	all	4300.0	0.5366591080876795	0.45913643235071805	0.6141817838246408	2646	4566
All_methylation	T2	all	4500.0	0.519652305366591	0.4440192743764172	0.5971277399848828	2646	4566
All_methylation	T2	all	4700.0	0.5366591080876795	0.46669501133786845	0.6179138321995464	2646	4566
All_methylation	T2	all	4900.0	0.5801209372637943	0.5044879062736205	0.651974678760393	2646	4566
All_methylation	T2	regulatory	-4900.0	0.43333333333333335	0.2997222222222222	0.5888888888888889	450	4566
All_methylation	T2	regulatory	-4700.0	0.4444444444444444	0.3111111111111111	0.5888888888888889	450	4566
All_methylation	T2	regulatory	-4500.0	0.43333333333333335	0.3	0.6	450	4566
All_methylation	T2	regulatory	-4300.0	0.4777777777777778	0.3441666666666667	0.6222222222222222	450	4566
All_methylation	T2	regulatory	-4100.0	0.36666666666666664	0.24444444444444444	0.5111111111111111	450	4566
All_methylation	T2	regulatory	-3900.0	0.4888888888888889	0.3333333333333333	0.6555555555555556	450	4566
All_methylation	T2	regulatory	-3700.0	0.5111111111111111	0.34444444444444444	0.7	450	4566
All_methylation	T2	regulatory	-3500.0	0.34444444444444444	0.2222222222222222	0.4777777777777778	450	4566
All_methylation	T2	regulatory	-3300.0	0.4777777777777778	0.3333333333333333	0.6222222222222222	450	4566
All_methylation	T2	regulatory	-3100.0	0.5333333333333333	0.36666666666666664	0.6888888888888889	450	4566
All_methylation	T2	regulatory	-2900.0	0.37777777777777777	0.23333333333333334	0.5222222222222223	450	4566
All_methylation	T2	regulatory	-2700.0	0.4222222222222222	0.28888888888888886	0.5666666666666667	450	4566
All_methylation	T2	regulatory	-2500.0	0.5555555555555556	0.4	0.7333333333333333	450	4566
All_methylation	T2	regulatory	-2300.0	0.5333333333333333	0.37777777777777777	0.6777777777777778	450	4566
All_methylation	T2	regulatory	-2100.0	0.4222222222222222	0.28888888888888886	0.5666666666666667	450	4566
All_methylation	T2	regulatory	-1900.0	0.5111111111111111	0.35555555555555557	0.6777777777777778	450	4566
All_methylation	T2	regulatory	-1700.0	0.5222222222222223	0.37777777777777777	0.7111111111111111	450	4566
All_methylation	T2	regulatory	-1500.0	0.5	0.34444444444444444	0.6666666666666666	450	4566
All_methylation	T2	regulatory	-1300.0	0.5666666666666667	0.4	0.744722222222222	450	4566
All_methylation	T2	regulatory	-1100.0	0.5444444444444444	0.37777777777777777	0.7222222222222222	450	4566
All_methylation	T2	regulatory	-900.0	0.43333333333333335	0.2777777777777778	0.6222222222222222	450	4566
All_methylation	T2	regulatory	-700.0	0.4111111111111111	0.2777777777777778	0.5666666666666667	450	4566
All_methylation	T2	regulatory	-500.0	0.5222222222222223	0.36666666666666664	0.6777777777777778	450	4566
All_methylation	T2	regulatory	-300.0	0.45555555555555555	0.3	0.6222222222222222	450	4566
All_methylation	T2	regulatory	-100.0	0.3333333333333333	0.2111111111111111	0.4666666666666667	450	4566
All_methylation	T2	regulatory	100.0	0.36666666666666664	0.23333333333333334	0.5	450	4566
All_methylation	T2	regulatory	300.0	0.36666666666666664	0.24444444444444444	0.5	450	4566
All_methylation	T2	regulatory	500.0	0.4444444444444444	0.2777777777777778	0.6444444444444445	450	4566
All_methylation	T2	regulatory	700.0	0.5555555555555556	0.3888888888888889	0.7333333333333333	450	4566
All_methylation	T2	regulatory	900.0	0.6	0.4111111111111111	0.8222222222222222	450	4566
All_methylation	T2	regulatory	1100.0	0.5	0.34444444444444444	0.6666666666666666	450	4566
All_methylation	T2	regulatory	1300.0	0.5888888888888889	0.4111111111111111	0.7777777777777778	450	4566
All_methylation	T2	regulatory	1500.0	0.36666666666666664	0.24444444444444444	0.5	450	4566
All_methylation	T2	regulatory	1700.0	0.5888888888888889	0.43333333333333335	0.755833333333333	450	4566
All_methylation	T2	regulatory	1900.0	0.4666666666666667	0.3219444444444445	0.6444444444444445	450	4566
All_methylation	T2	regulatory	2100.0	0.5777777777777777	0.4	0.7888888888888889	450	4566
All_methylation	T2	regulatory	2300.0	0.4777777777777778	0.3333333333333333	0.6444444444444445	450	4566
All_methylation	T2	regulatory	2500.0	0.7111111111111111	0.5111111111111111	0.9222222222222223	450	4566
All_methylation	T2	regulatory	2700.0	0.5444444444444444	0.4	0.7333333333333333	450	4566
All_methylation	T2	regulatory	2900.0	0.4666666666666667	0.28888888888888886	0.6555555555555556	450	4566
All_methylation	T2	regulatory	3100.0	0.5444444444444444	0.39972222222222226	0.7111111111111111	450	4566
All_methylation	T2	regulatory	3300.0	0.4444444444444444	0.28888888888888886	0.6113888888888886	450	4566
All_methylation	T2	regulatory	3500.0	0.4666666666666667	0.32222222222222224	0.6444444444444445	450	4566
All_methylation	T2	regulatory	3700.0	0.4666666666666667	0.3333333333333333	0.6111111111111112	450	4566
All_methylation	T2	regulatory	3900.0	0.4888888888888889	0.32222222222222224	0.6666666666666666	450	4566
All_methylation	T2	regulatory	4100.0	0.5888888888888889	0.4111111111111111	0.7888888888888889	450	4566
All_methylation	T2	regulatory	4300.0	0.5888888888888889	0.41083333333333333	0.8	450	4566
All_methylation	T2	regulatory	4500.0	0.5777777777777777	0.35555555555555557	0.8444444444444444	450	4566
All_methylation	T2	regulatory	4700.0	0.4111111111111111	0.26666666666666666	0.5666666666666667	450	4566
All_methylation	T2	regulatory	4900.0	0.5777777777777777	0.4330555555555556	0.7444444444444445	450	4566
All_methylation	T2	non_regulatory	-4900.0	0.5555555555555555	0.47353142076502724	0.6375796903460836	2196	4566
All_methylation	T2	non_regulatory	-4700.0	0.5054644808743168	0.42577413479052817	0.5897654826958104	2196	4566
All_methylation	T2	non_regulatory	-4500.0	0.48497267759562834	0.41894353369763204	0.5578324225865209	2196	4566
All_methylation	T2	non_regulatory	-4300.0	0.5578324225865209	0.48497267759562834	0.6420765027322404	2196	4566
All_methylation	T2	non_regulatory	-4100.0	0.5418943533697631	0.46220400728597444	0.6102003642987249	2196	4566
All_methylation	T2	non_regulatory	-3900.0	0.5441712204007285	0.4690346083788706	0.6238615664845173	2196	4566
All_methylation	T2	non_regulatory	-3700.0	0.46220400728597444	0.3961748633879781	0.5305669398907102	2196	4566
All_methylation	T2	non_regulatory	-3500.0	0.6033697632058287	0.5168488160291439	0.6876707650273223	2196	4566
All_methylation	T2	non_regulatory	-3300.0	0.5168488160291439	0.44854280510018213	0.5829348816029143	2196	4566
All_methylation	T2	non_regulatory	-3100.0	0.5031876138433515	0.43027094717668485	0.5806580145719489	2196	4566
All_methylation	T2	non_regulatory	-2900.0	0.4986338797814207	0.42577413479052817	0.5761042805100182	2196	4566
All_methylation	T2	non_regulatory	-2700.0	0.4986338797814207	0.4234972677595628	0.5761042805100182	2196	4566
All_methylation	T2	non_regulatory	-2500.0	0.5692167577413478	0.4871926229508196	0.6580714936247722	2196	4566
All_methylation	T2	non_regulatory	-2300.0	0.5396174863387978	0.4667577413479052	0.6170878870673951	2196	4566
All_methylation	T2	non_regulatory	-2100.0	0.49408014571948994	0.42577413479052817	0.5669398907103824	2196	4566
All_methylation	T2	non_regulatory	-1900.0	0.5806010928961748	0.5054644808743168	0.662625227686703	2196	4566
All_methylation	T2	non_regulatory	-1700.0	0.5623861566484517	0.4918032786885245	0.639799635701275	2196	4566
All_methylation	T2	non_regulatory	-1500.0	0.4986338797814207	0.43027094717668485	0.5692167577413478	2196	4566
All_methylation	T2	non_regulatory	-1300.0	0.5692167577413478	0.4940232240437158	0.6489071038251365	2196	4566
All_methylation	T2	non_regulatory	-1100.0	0.5965391621129326	0.5100182149362477	0.6785063752276866	2196	4566
All_methylation	T2	non_regulatory	-900.0	0.52367941712204	0.44171220400728595	0.6034836065573769	2196	4566
All_methylation	T2	non_regulatory	-700.0	0.5168488160291439	0.44393214936247716	0.598816029143898	2196	4566
All_methylation	T2	non_regulatory	-500.0	0.46220400728597444	0.38928734061930775	0.5418943533697631	2196	4566
All_methylation	T2	non_regulatory	-300.0	0.5418943533697631	0.4689776867030965	0.6215846994535519	2196	4566
All_methylation	T2	non_regulatory	-100.0	0.45537340619307826	0.38928734061930775	0.5260132058287795	2196	4566
All_methylation	T2	non_regulatory	100.0	0.41894353369763204	0.3505806010928961	0.49408014571948994	2196	4566
All_methylation	T2	non_regulatory	300.0	0.5259562841530054	0.45537340619307826	0.6034266848816028	2196	4566
All_methylation	T2	non_regulatory	500.0	0.5441712204007285	0.4667577413479052	0.6420765027322404	2196	4566
All_methylation	T2	non_regulatory	700.0	0.5077413479052822	0.43943533697632053	0.5828779599271402	2196	4566
All_methylation	T2	non_regulatory	900.0	0.5806010928961748	0.5077413479052822	0.6671220400728597	2196	4566
All_methylation	T2	non_regulatory	1100.0	0.5760473588342441	0.49630009107468115	0.6557377049180327	2196	4566
All_methylation	T2	non_regulatory	1300.0	0.5897085610200363	0.5077413479052822	0.6693989071038251	2196	4566
All_methylation	T2	non_regulatory	1500.0	0.5532786885245901	0.4712545537340619	0.6352459016393442	2196	4566
All_methylation	T2	non_regulatory	1700.0	0.6147540983606556	0.5350068306010929	0.7012750455373405	2196	4566
All_methylation	T2	non_regulatory	1900.0	0.4781420765027322	0.40983606557377045	0.5464480874316939	2196	4566
All_methylation	T2	non_regulatory	2100.0	0.5418943533697631	0.4599271402550091	0.6261384335154826	2196	4566
All_methylation	T2	non_regulatory	2300.0	0.47131147540983603	0.40300546448087426	0.5396174863387978	2196	4566
All_methylation	T2	non_regulatory	2500.0	0.5031876138433515	0.42577413479052817	0.5806010928961748	2196	4566
All_methylation	T2	non_regulatory	2700.0	0.49408014571948994	0.41894353369763204	0.5737704918032787	2196	4566
All_methylation	T2	non_regulatory	2900.0	0.4212204007285974	0.35519125683060104	0.48952641165755917	2196	4566
All_methylation	T2	non_regulatory	3100.0	0.535063752276867	0.46670081967213106	0.6079234972677595	2196	4566
All_methylation	T2	non_regulatory	3300.0	0.5441712204007285	0.4667577413479052	0.6215846994535519	2196	4566
All_methylation	T2	non_regulatory	3500.0	0.48952641165755917	0.4166097449908925	0.5601092896174863	2196	4566
All_methylation	T2	non_regulatory	3700.0	0.4804189435336976	0.40983606557377045	0.5487818761384334	2196	4566
All_methylation	T2	non_regulatory	3900.0	0.5122950819672131	0.4371584699453551	0.5943192167577412	2196	4566
All_methylation	T2	non_regulatory	4100.0	0.5897085610200363	0.5100182149362477	0.6693989071038251	2196	4566
All_methylation	T2	non_regulatory	4300.0	0.5259562841530054	0.4439890710382513	0.6193078324225865	2196	4566
All_methylation	T2	non_regulatory	4500.0	0.5077413479052822	0.43943533697632053	0.587431693989071	2196	4566
All_methylation	T2	non_regulatory	4700.0	0.5623861566484517	0.4849157559198542	0.6466302367941712	2196	4566
All_methylation	T2	non_regulatory	4900.0	0.5806010928961748	0.49857695810564656	0.6671220400728597	2196	4566
All_4mC	T1	all	-4900.0	0.24376417233560088	0.1984126984126984	0.2872260015117158	2646	1987
All_4mC	T1	all	-4700.0	0.23242630385487525	0.19085411942554797	0.27588813303099013	2646	1987
All_4mC	T1	all	-4500.0	0.22486772486772486	0.18707482993197277	0.26455026455026454	2646	1987
All_4mC	T1	all	-4300.0	0.2532123960695389	0.21164021164021163	0.300453514739229	2646	1987
All_4mC	T1	all	-4100.0	0.23242630385487525	0.1946334089191232	0.2778250188964474	2646	1987
All_4mC	T1	all	-3900.0	0.26077097505668934	0.21541950113378683	0.3042328042328042	2646	1987
All_4mC	T1	all	-3700.0	0.22675736961451246	0.18896447467876037	0.26832955404383974	2646	1987
All_4mC	T1	all	-3500.0	0.26266061980347694	0.22108843537414963	0.3061224489795918	2646	1987
All_4mC	T1	all	-3300.0	0.2532123960695389	0.20975056689342403	0.2928949357520786	2646	1987
All_4mC	T1	all	-3100.0	0.25888133030990174	0.21352985638699923	0.3023431594860166	2646	1987
All_4mC	T1	all	-2900.0	0.23431594860166285	0.19274376417233557	0.27399848828420253	2646	1987
All_4mC	T1	all	-2700.0	0.23053665910808765	0.18896447467876037	0.27399848828420253	2646	1987
All_4mC	T1	all	-2500.0	0.27021919879062734	0.22675736961451246	0.31746031746031744	2646	1987
All_4mC	T1	all	-2300.0	0.2513227513227513	0.20975056689342403	0.291005291005291	2646	1987
All_4mC	T1	all	-2100.0	0.24187452758881328	0.2002551020408163	0.2834467120181406	2646	1987
All_4mC	T1	all	-1900.0	0.27210884353741494	0.22859977324263037	0.31746031746031744	2646	1987
All_4mC	T1	all	-1700.0	0.26643990929705214	0.22482048374905517	0.31368102796674224	2646	1987
All_4mC	T1	all	-1500.0	0.23809523809523808	0.1964758125472411	0.28538359788359785	2646	1987
All_4mC	T1	all	-1300.0	0.27399848828420253	0.22864701436130005	0.3212868480725623	2646	1987
All_4mC	T1	all	-1100.0	0.2853363567649282	0.2418272864701436	0.3288454270597127	2646	1987
All_4mC	T1	all	-900.0	0.24754346182917608	0.2078136810279667	0.2891156462585034	2646	1987
All_4mC	T1	all	-700.0	0.2532123960695389	0.2059712773998488	0.29672146636432345	2646	1987
All_4mC	T1	all	-500.0	0.22297808012093726	0.18518518518518517	0.2627078609221466	2646	1987
All_4mC	T1	all	-300.0	0.24376417233560088	0.2040343915343915	0.2891156462585034	2646	1987
All_4mC	T1	all	-100.0	0.18140589569160998	0.1436130007558579	0.21541950113378683	2646	1987
All_4mC	T1	all	100.0	0.22108843537414963	0.18140589569160998	0.26077097505668934	2646	1987
All_4mC	T1	all	300.0	0.23242630385487525	0.19085411942554797	0.27399848828420253	2646	1987
All_4mC	T1	all	500.0	0.26643990929705214	0.22108843537414963	0.31179138321995464	2646	1987
All_4mC	T1	all	700.0	0.25699168556311414	0.21164021164021163	0.2985638699924414	2646	1987
All_4mC	T1	all	900.0	0.26643990929705214	0.22486772486772486	0.31179138321995464	2646	1987
All_4mC	T1	all	1100.0	0.27210884353741494	0.22675736961451246	0.31746031746031744	2646	1987
All_4mC	T1	all	1300.0	0.2966742252456538	0.24938586545729402	0.3439153439153439	2646	1987
All_4mC	T1	all	1500.0	0.24376417233560088	0.2059240362811791	0.2853363567649282	2646	1987
All_4mC	T1	all	1700.0	0.33068783068783064	0.2834467120181406	0.3817554799697656	2646	1987
All_4mC	T1	all	1900.0	0.2078609221466364	0.16817838246409675	0.24759070294784574	2646	1987
All_4mC	T1	all	2100.0	0.2494331065759637	0.2040816326530612	0.29294217687074825	2646	1987
All_4mC	T1	all	2300.0	0.21352985638699923	0.17573696145124715	0.2532123960695389	2646	1987
All_4mC	T1	all	2500.0	0.25510204081632654	0.21352985638699923	0.29861111111111105	2646	1987
All_4mC	T1	all	2700.0	0.23053665910808765	0.18896447467876037	0.27399848828420253	2646	1987
All_4mC	T1	all	2900.0	0.19274376417233557	0.15679327286470143	0.23058390022675732	2646	1987
All_4mC	T1	all	3100.0	0.25888133030990174	0.21730914588057443	0.3023431594860166	2646	1987
All_4mC	T1	all	3300.0	0.26077097505668934	0.21541950113378683	0.30990173847316704	2646	1987
All_4mC	T1	all	3500.0	0.22675736961451246	0.18707482993197277	0.26832955404383974	2646	1987
All_4mC	T1	all	3700.0	0.23809523809523808	0.1965230536659108	0.27966742252456533	2646	1987
All_4mC	T1	all	3900.0	0.24376417233560088	0.2040816326530612	0.28727324263038545	2646	1987
All_4mC	T1	all	4100.0	0.2853363567649282	0.23809523809523808	0.33068783068783064	2646	1987
All_4mC	T1	all	4300.0	0.23809523809523808	0.19274376417233557	0.2834467120181406	2646	1987
All_4mC	T1	all	4500.0	0.28155706727135293	0.23242630385487525	0.33257747543461824	2646	1987
All_4mC	T1	all	4700.0	0.25888133030990174	0.21541950113378683	0.3023431594860166	2646	1987
All_4mC	T1	all	4900.0	0.26643990929705214	0.22671012849584277	0.31179138321995464	2646	1987
All_4mC	T1	regulatory	-4900.0	0.2	0.1	0.3111111111111111	450	1987
All_4mC	T1	regulatory	-4700.0	0.2111111111111111	0.12222222222222222	0.3111111111111111	450	1987
All_4mC	T1	regulatory	-4500.0	0.23333333333333334	0.14416666666666667	0.34444444444444444	450	1987
All_4mC	T1	regulatory	-4300.0	0.2	0.1111111111111111	0.3	450	1987
All_4mC	T1	regulatory	-4100.0	0.18888888888888888	0.08888888888888889	0.28888888888888886	450	1987
All_4mC	T1	regulatory	-3900.0	0.17777777777777778	0.1	0.26666666666666666	450	1987
All_4mC	T1	regulatory	-3700.0	0.17777777777777778	0.08888888888888889	0.2777777777777778	450	1987
All_4mC	T1	regulatory	-3500.0	0.16666666666666666	0.08888888888888889	0.25555555555555554	450	1987
All_4mC	T1	regulatory	-3300.0	0.2	0.12222222222222222	0.3	450	1987
All_4mC	T1	regulatory	-3100.0	0.25555555555555554	0.16666666666666666	0.36666666666666664	450	1987
All_4mC	T1	regulatory	-2900.0	0.2	0.1111111111111111	0.3	450	1987
All_4mC	T1	regulatory	-2700.0	0.2	0.1111111111111111	0.3	450	1987
All_4mC	T1	regulatory	-2500.0	0.3	0.18888888888888888	0.4111111111111111	450	1987
All_4mC	T1	regulatory	-2300.0	0.25555555555555554	0.16666666666666666	0.3558333333333331	450	1987
All_4mC	T1	regulatory	-2100.0	0.16666666666666666	0.08888888888888889	0.25555555555555554	450	1987
All_4mC	T1	regulatory	-1900.0	0.2111111111111111	0.12222222222222222	0.30027777777777753	450	1987
All_4mC	T1	regulatory	-1700.0	0.23333333333333334	0.13333333333333333	0.34444444444444444	450	1987
All_4mC	T1	regulatory	-1500.0	0.26666666666666666	0.16666666666666666	0.37777777777777777	450	1987
All_4mC	T1	regulatory	-1300.0	0.2777777777777778	0.17777777777777778	0.4	450	1987
All_4mC	T1	regulatory	-1100.0	0.24444444444444444	0.14444444444444443	0.34444444444444444	450	1987
All_4mC	T1	regulatory	-900.0	0.25555555555555554	0.15555555555555556	0.37777777777777777	450	1987
All_4mC	T1	regulatory	-700.0	0.2111111111111111	0.12222222222222222	0.32222222222222224	450	1987
All_4mC	T1	regulatory	-500.0	0.2222222222222222	0.12222222222222222	0.32222222222222224	450	1987
All_4mC	T1	regulatory	-300.0	0.26666666666666666	0.15555555555555556	0.3780555555555553	450	1987
All_4mC	T1	regulatory	-100.0	0.14444444444444443	0.07750000000000001	0.2222222222222222	450	1987
All_4mC	T1	regulatory	100.0	0.16666666666666666	0.08888888888888889	0.25555555555555554	450	1987
All_4mC	T1	regulatory	300.0	0.23333333333333334	0.13333333333333333	0.34444444444444444	450	1987
All_4mC	T1	regulatory	500.0	0.2111111111111111	0.1111111111111111	0.3111111111111111	450	1987
All_4mC	T1	regulatory	700.0	0.28888888888888886	0.17777777777777778	0.4111111111111111	450	1987
All_4mC	T1	regulatory	900.0	0.24444444444444444	0.1552777777777778	0.34444444444444444	450	1987
All_4mC	T1	regulatory	1100.0	0.2222222222222222	0.12222222222222222	0.31138888888888866	450	1987
All_4mC	T1	regulatory	1300.0	0.2777777777777778	0.17777777777777778	0.4	450	1987
All_4mC	T1	regulatory	1500.0	0.16666666666666666	0.08888888888888889	0.25555555555555554	450	1987
All_4mC	T1	regulatory	1700.0	0.32222222222222224	0.2111111111111111	0.45555555555555555	450	1987
All_4mC	T1	regulatory	1900.0	0.18888888888888888	0.1111111111111111	0.2777777777777778	450	1987
All_4mC	T1	regulatory	2100.0	0.3	0.18888888888888888	0.4222222222222222	450	1987
All_4mC	T1	regulatory	2300.0	0.25555555555555554	0.15555555555555556	0.36666666666666664	450	1987
All_4mC	T1	regulatory	2500.0	0.2777777777777778	0.16666666666666666	0.3888888888888889	450	1987
All_4mC	T1	regulatory	2700.0	0.16666666666666666	0.08888888888888889	0.25555555555555554	450	1987
All_4mC	T1	regulatory	2900.0	0.15555555555555556	0.06666666666666667	0.26666666666666666	450	1987
All_4mC	T1	regulatory	3100.0	0.32222222222222224	0.2222222222222222	0.4444444444444444	450	1987
All_4mC	T1	regulatory	3300.0	0.2222222222222222	0.12222222222222222	0.3333333333333333	450	1987
All_4mC	T1	regulatory	3500.0	0.24444444444444444	0.14444444444444443	0.3558333333333331	450	1987
All_4mC	T1	regulatory	3700.0	0.24444444444444444	0.14444444444444443	0.34444444444444444	450	1987
All_4mC	T1	regulatory	3900.0	0.2111111111111111	0.12222222222222222	0.3111111111111111	450	1987
All_4mC	T1	regulatory	4100.0	0.25555555555555554	0.14444444444444443	0.37777777777777777	450	1987
All_4mC	T1	regulatory	4300.0	0.2111111111111111	0.12222222222222222	0.3111111111111111	450	1987
All_4mC	T1	regulatory	4500.0	0.36666666666666664	0.23333333333333334	0.5333333333333333	450	1987
All_4mC	T1	regulatory	4700.0	0.18888888888888888	0.1	0.28888888888888886	450	1987
All_4mC	T1	regulatory	4900.0	0.26666666666666666	0.15555555555555556	0.3780555555555553	450	1987
All_4mC	T1	non_regulatory	-4900.0	0.2527322404371584	0.2071948998178506	0.30282331511839705	2196	1987
All_4mC	T1	non_regulatory	-4700.0	0.2367941712204007	0.18897996357012747	0.2891621129326047	2196	1987
All_4mC	T1	non_regulatory	-4500.0	0.22313296903460836	0.1798724954462659	0.2686703096539162	2196	1987
All_4mC	T1	non_regulatory	-4300.0	0.2641165755919854	0.21857923497267756	0.31198770491803274	2196	1987
All_4mC	T1	non_regulatory	-4100.0	0.2413479052823315	0.20036429872495445	0.2846083788706739	2196	1987
All_4mC	T1	non_regulatory	-3900.0	0.27777777777777773	0.22313296903460836	0.32786885245901637	2196	1987
All_4mC	T1	non_regulatory	-3700.0	0.2367941712204007	0.18897996357012747	0.2846083788706739	2196	1987
All_4mC	T1	non_regulatory	-3500.0	0.2823315118397085	0.2367941712204007	0.33242258652094714	2196	1987
All_4mC	T1	non_regulatory	-3300.0	0.2641165755919854	0.21624544626593806	0.3142645719489981	2196	1987
All_4mC	T1	non_regulatory	-3100.0	0.2595628415300546	0.20947176684881602	0.30965391621129323	2196	1987
All_4mC	T1	non_regulatory	-2900.0	0.2413479052823315	0.19581056466302366	0.2869421675774134	2196	1987
All_4mC	T1	non_regulatory	-2700.0	0.2367941712204007	0.1912568306010929	0.2891621129326047	2196	1987
All_4mC	T1	non_regulatory	-2500.0	0.2641165755919854	0.21852231329690344	0.30965391621129323	2196	1987
All_4mC	T1	non_regulatory	-2300.0	0.25045537340619306	0.20036429872495445	0.2982695810564663	2196	1987
All_4mC	T1	non_regulatory	-2100.0	0.25728597449908924	0.2116917122040073	0.3073770491803278	2196	1987
All_4mC	T1	non_regulatory	-1900.0	0.2846083788706739	0.2367941712204007	0.33475637522768664	2196	1987
All_4mC	T1	non_regulatory	-1700.0	0.27322404371584696	0.22540983606557374	0.32559198542805096	2196	1987
All_4mC	T1	non_regulatory	-1500.0	0.23224043715846993	0.1844262295081967	0.27777777777777773	2196	1987
All_4mC	T1	non_regulatory	-1300.0	0.27322404371584696	0.22768670309653913	0.32559198542805096	2196	1987
All_4mC	T1	non_regulatory	-1100.0	0.2937158469945355	0.2413479052823315	0.3460837887067395	2196	1987
All_4mC	T1	non_regulatory	-900.0	0.24590163934426226	0.19808743169398904	0.2914389799635701	2196	1987
All_4mC	T1	non_regulatory	-700.0	0.26183970856102	0.2117486338797814	0.314207650273224	2196	1987
All_4mC	T1	non_regulatory	-500.0	0.22313296903460836	0.1820924408014572	0.2755009107468124	2196	1987
All_4mC	T1	non_regulatory	-300.0	0.2390710382513661	0.19581056466302366	0.2891621129326047	2196	1987
All_4mC	T1	non_regulatory	-100.0	0.18897996357012747	0.1502163023679417	0.23224043715846993	2196	1987
All_4mC	T1	non_regulatory	100.0	0.23224043715846993	0.18897996357012747	0.28005464480874315	2196	1987
All_4mC	T1	non_regulatory	300.0	0.23224043715846993	0.18897996357012747	0.2755009107468124	2196	1987
All_4mC	T1	non_regulatory	500.0	0.27777777777777773	0.22996357012750454	0.3369763205828779	2196	1987
All_4mC	T1	non_regulatory	700.0	0.25045537340619306	0.20491803278688522	0.2982695810564663	2196	1987
All_4mC	T1	non_regulatory	900.0	0.27094717668488155	0.22085610200364297	0.3210382513661202	2196	1987
All_4mC	T1	non_regulatory	1100.0	0.2823315118397085	0.22996357012750454	0.33469945355191255	2196	1987
All_4mC	T1	non_regulatory	1300.0	0.30054644808743164	0.25045537340619306	0.3529143897996357	2196	1987
All_4mC	T1	non_regulatory	1500.0	0.2595628415300546	0.2116917122040073	0.3073770491803278	2196	1987
All_4mC	T1	non_regulatory	1700.0	0.33242258652094714	0.2823315118397085	0.38712431693989063	2196	1987
All_4mC	T1	non_regulatory	1900.0	0.2117486338797814	0.16848816029143895	0.2550660291438979	2196	1987
All_4mC	T1	non_regulatory	2100.0	0.2390710382513661	0.19581056466302366	0.2891621129326047	2196	1987
All_4mC	T1	non_regulatory	2300.0	0.20491803278688522	0.16621129326047357	0.24590163934426226	2196	1987
All_4mC	T1	non_regulatory	2500.0	0.25045537340619306	0.20264116575591984	0.2982695810564663	2196	1987
All_4mC	T1	non_regulatory	2700.0	0.24362477231329688	0.20036429872495445	0.2892190346083788	2196	1987
All_4mC	T1	non_regulatory	2900.0	0.20036429872495445	0.1616575591985428	0.24140482695810558	2196	1987
All_4mC	T1	non_regulatory	3100.0	0.24590163934426226	0.20036429872495445	0.29599271402550087	2196	1987
All_4mC	T1	non_regulatory	3300.0	0.2686703096539162	0.21857923497267756	0.31881830601092886	2196	1987
All_4mC	T1	non_regulatory	3500.0	0.22313296903460836	0.17759562841530052	0.2686703096539162	2196	1987
All_4mC	T1	non_regulatory	3700.0	0.2367941712204007	0.19353369763205827	0.28011156648451724	2196	1987
All_4mC	T1	non_regulatory	3900.0	0.25045537340619306	0.20264116575591984	0.30054644808743164	2196	1987
All_4mC	T1	non_regulatory	4100.0	0.2914389799635701	0.2390710382513661	0.3460837887067395	2196	1987
All_4mC	T1	non_regulatory	4300.0	0.24362477231329688	0.19808743169398904	0.2937158469945355	2196	1987
All_4mC	T1	non_regulatory	4500.0	0.2641165755919854	0.21630236794171218	0.314207650273224	2196	1987
All_4mC	T1	non_regulatory	4700.0	0.27322404371584696	0.22540983606557374	0.32559198542805096	2196	1987
All_4mC	T1	non_regulatory	4900.0	0.2663934426229508	0.22085610200364297	0.3187613843351548	2196	1987
All_4mC	T2	all	-4900.0	0.2966742252456538	0.2513227513227513	0.3458049886621315	2646	2446
All_4mC	T2	all	-4700.0	0.27021919879062734	0.22486772486772486	0.31557067271352984	2646	2446
All_4mC	T2	all	-4500.0	0.27210884353741494	0.22864701436130005	0.31557067271352984	2646	2446
All_4mC	T2	all	-4300.0	0.291005291005291	0.2474962207105064	0.3345143613000755	2646	2446
All_4mC	T2	all	-4100.0	0.27210884353741494	0.22486772486772486	0.31368102796674224	2646	2446
All_4mC	T2	all	-3900.0	0.2872260015117158	0.24187452758881328	0.3382464096749811	2646	2446
All_4mC	T2	all	-3700.0	0.25699168556311414	0.21352985638699923	0.30428004535147385	2646	2446
All_4mC	T2	all	-3500.0	0.3023431594860166	0.25510204081632654	0.3514739229024943	2646	2446
All_4mC	T2	all	-3300.0	0.2872260015117158	0.2456065759637188	0.33446712018140584	2646	2446
All_4mC	T2	all	-3100.0	0.26832955404383974	0.22486772486772486	0.31557067271352984	2646	2446
All_4mC	T2	all	-2900.0	0.2532123960695389	0.21348261526832954	0.300453514739229	2646	2446
All_4mC	T2	all	-2700.0	0.25510204081632654	0.21541950113378683	0.29861111111111105	2646	2446
All_4mC	T2	all	-2500.0	0.300453514739229	0.25510204081632654	0.3458049886621315	2646	2446
All_4mC	T2	all	-2300.0	0.27588813303099013	0.23431594860166285	0.32123960695389264	2646	2446
All_4mC	T2	all	-2100.0	0.28155706727135293	0.23620559334845048	0.32501889644746784	2646	2446
All_4mC	T2	all	-1900.0	0.31934996220710504	0.26832955404383974	0.37414965986394555	2646	2446
All_4mC	T2	all	-1700.0	0.31934996220710504	0.27021919879062734	0.36848072562358275	2646	2446
All_4mC	T2	all	-1500.0	0.26643990929705214	0.22108843537414963	0.3099489795918367	2646	2446
All_4mC	T2	all	-1300.0	0.3023431594860166	0.25510204081632654	0.3514739229024943	2646	2446
All_4mC	T2	all	-1100.0	0.3023431594860166	0.25699168556311414	0.3495842781557067	2646	2446
All_4mC	T2	all	-900.0	0.27966742252456533	0.2361583522297808	0.32501889644746784	2646	2446
All_4mC	T2	all	-700.0	0.291005291005291	0.24565381708238848	0.3382464096749811	2646	2446
All_4mC	T2	all	-500.0	0.25888133030990174	0.21352985638699923	0.3023431594860166	2646	2446
All_4mC	T2	all	-300.0	0.2853363567649282	0.24187452758881328	0.33257747543461824	2646	2446
All_4mC	T2	all	-100.0	0.21352985638699923	0.17762660619803475	0.2513227513227513	2646	2446
All_4mC	T2	all	100.0	0.24565381708238848	0.2021919879062736	0.291005291005291	2646	2446
All_4mC	T2	all	300.0	0.27966742252456533	0.23053665910808765	0.3288454270597127	2646	2446
All_4mC	T2	all	500.0	0.31934996220710504	0.27021919879062734	0.37037037037037035	2646	2446
All_4mC	T2	all	700.0	0.2834467120181406	0.23620559334845048	0.33068783068783064	2646	2446
All_4mC	T2	all	900.0	0.2891156462585034	0.24565381708238848	0.33446712018140584	2646	2446
All_4mC	T2	all	1100.0	0.32690854119425544	0.27966742252456533	0.37792894935752075	2646	2446
All_4mC	T2	all	1300.0	0.31934996220710504	0.26832955404383974	0.37037037037037035	2646	2446
All_4mC	T2	all	1500.0	0.2853363567649282	0.23998488284202568	0.33068783068783064	2646	2446
All_4mC	T2	all	1700.0	0.37414965986394555	0.32312925170068024	0.42705971277399846	2646	2446
All_4mC	T2	all	1900.0	0.25510204081632654	0.21352985638699923	0.29861111111111105	2646	2446
All_4mC	T2	all	2100.0	0.27399848828420253	0.22675736961451246	0.31934996220710504	2646	2446
All_4mC	T2	all	2300.0	0.24565381708238848	0.2059712773998488	0.2872260015117158	2646	2446
All_4mC	T2	all	2500.0	0.2966742252456538	0.2512755102040816	0.3439153439153439	2646	2446
All_4mC	T2	all	2700.0	0.25888133030990174	0.21541950113378683	0.3023431594860166	2646	2446
All_4mC	T2	all	2900.0	0.22297808012093726	0.18140589569160998	0.26455026455026454	2646	2446
All_4mC	T2	all	3100.0	0.2853363567649282	0.2418272864701436	0.33068783068783064	2646	2446
All_4mC	T2	all	3300.0	0.2947845804988662	0.24565381708238848	0.3439153439153439	2646	2446
All_4mC	T2	all	3500.0	0.2532123960695389	0.20975056689342403	0.2947845804988662	2646	2446
All_4mC	T2	all	3700.0	0.25510204081632654	0.20975056689342403	0.2985638699924414	2646	2446
All_4mC	T2	all	3900.0	0.2853363567649282	0.23998488284202568	0.33446712018140584	2646	2446
All_4mC	T2	all	4100.0	0.32501889644746784	0.2796201814058957	0.37414965986394555	2646	2446
All_4mC	T2	all	4300.0	0.2853363567649282	0.23998488284202568	0.33446712018140584	2646	2446
All_4mC	T2	all	4500.0	0.3061224489795918	0.25888133030990174	0.3571428571428571	2646	2446
All_4mC	T2	all	4700.0	0.300453514739229	0.25699168556311414	0.3514739229024943	2646	2446
All_4mC	T2	all	4900.0	0.3023431594860166	0.2532123960695389	0.35152116402116396	2646	2446
All_4mC	T2	regulatory	-4900.0	0.3	0.18888888888888888	0.4222222222222222	450	2446
All_4mC	T2	regulatory	-4700.0	0.2777777777777778	0.17777777777777778	0.3888888888888889	450	2446
All_4mC	T2	regulatory	-4500.0	0.3111111111111111	0.21083333333333334	0.43333333333333335	450	2446
All_4mC	T2	regulatory	-4300.0	0.2222222222222222	0.14444444444444443	0.32222222222222224	450	2446
All_4mC	T2	regulatory	-4100.0	0.24444444444444444	0.15555555555555556	0.35555555555555557	450	2446
All_4mC	T2	regulatory	-3900.0	0.2111111111111111	0.12222222222222222	0.3111111111111111	450	2446
All_4mC	T2	regulatory	-3700.0	0.24444444444444444	0.14444444444444443	0.34444444444444444	450	2446
All_4mC	T2	regulatory	-3500.0	0.2111111111111111	0.12222222222222222	0.3111111111111111	450	2446
All_4mC	T2	regulatory	-3300.0	0.23333333333333334	0.14444444444444443	0.34444444444444444	450	2446
All_4mC	T2	regulatory	-3100.0	0.3	0.2	0.4111111111111111	450	2446
All_4mC	T2	regulatory	-2900.0	0.24444444444444444	0.14444444444444443	0.34444444444444444	450	2446
All_4mC	T2	regulatory	-2700.0	0.26666666666666666	0.16666666666666666	0.3780555555555553	450	2446
All_4mC	T2	regulatory	-2500.0	0.3	0.18888888888888888	0.4111111111111111	450	2446
All_4mC	T2	regulatory	-2300.0	0.3	0.2	0.4222222222222222	450	2446
All_4mC	T2	regulatory	-2100.0	0.23333333333333334	0.13333333333333333	0.3333333333333333	450	2446
All_4mC	T2	regulatory	-1900.0	0.26666666666666666	0.16666666666666666	0.37777777777777777	450	2446
All_4mC	T2	regulatory	-1700.0	0.3333333333333333	0.22194444444444444	0.4666666666666667	450	2446
All_4mC	T2	regulatory	-1500.0	0.3111111111111111	0.2	0.4222222222222222	450	2446
All_4mC	T2	regulatory	-1300.0	0.35555555555555557	0.23333333333333334	0.4888888888888889	450	2446
All_4mC	T2	regulatory	-1100.0	0.2777777777777778	0.17777777777777778	0.37777777777777777	450	2446
All_4mC	T2	regulatory	-900.0	0.24444444444444444	0.14444444444444443	0.35555555555555557	450	2446
All_4mC	T2	regulatory	-700.0	0.24444444444444444	0.14444444444444443	0.35555555555555557	450	2446
All_4mC	T2	regulatory	-500.0	0.26666666666666666	0.16666666666666666	0.37777777777777777	450	2446
All_4mC	T2	regulatory	-300.0	0.28888888888888886	0.17777777777777778	0.4111111111111111	450	2446
All_4mC	T2	regulatory	-100.0	0.2	0.1111111111111111	0.28888888888888886	450	2446
All_4mC	T2	regulatory	100.0	0.2	0.12222222222222222	0.3	450	2446
All_4mC	T2	regulatory	300.0	0.2	0.1	0.3111111111111111	450	2446
All_4mC	T2	regulatory	500.0	0.25555555555555554	0.1552777777777778	0.36666666666666664	450	2446
All_4mC	T2	regulatory	700.0	0.35555555555555557	0.23333333333333334	0.5002777777777775	450	2446
All_4mC	T2	regulatory	900.0	0.24444444444444444	0.14444444444444443	0.35555555555555557	450	2446
All_4mC	T2	regulatory	1100.0	0.2777777777777778	0.17777777777777778	0.3888888888888889	450	2446
All_4mC	T2	regulatory	1300.0	0.34444444444444444	0.22194444444444444	0.4777777777777778	450	2446
All_4mC	T2	regulatory	1500.0	0.2111111111111111	0.12222222222222222	0.31138888888888866	450	2446
All_4mC	T2	regulatory	1700.0	0.4111111111111111	0.2777777777777778	0.5555555555555556	450	2446
All_4mC	T2	regulatory	1900.0	0.26666666666666666	0.16666666666666666	0.36666666666666664	450	2446
All_4mC	T2	regulatory	2100.0	0.3	0.18888888888888888	0.4222222222222222	450	2446
All_4mC	T2	regulatory	2300.0	0.2222222222222222	0.13333333333333333	0.3333333333333333	450	2446
All_4mC	T2	regulatory	2500.0	0.35555555555555557	0.23333333333333334	0.4888888888888889	450	2446
All_4mC	T2	regulatory	2700.0	0.23333333333333334	0.13333333333333333	0.34444444444444444	450	2446
All_4mC	T2	regulatory	2900.0	0.18888888888888888	0.08888888888888889	0.3	450	2446
All_4mC	T2	regulatory	3100.0	0.3333333333333333	0.2222222222222222	0.45555555555555555	450	2446
All_4mC	T2	regulatory	3300.0	0.23333333333333334	0.13333333333333333	0.34444444444444444	450	2446
All_4mC	T2	regulatory	3500.0	0.26666666666666666	0.15555555555555556	0.37777777777777777	450	2446
All_4mC	T2	regulatory	3700.0	0.26666666666666666	0.16666666666666666	0.36666666666666664	450	2446
All_4mC	T2	regulatory	3900.0	0.25555555555555554	0.15555555555555556	0.36666666666666664	450	2446
All_4mC	T2	regulatory	4100.0	0.24444444444444444	0.13333333333333333	0.37777777777777777	450	2446
All_4mC	T2	regulatory	4300.0	0.24444444444444444	0.14444444444444443	0.36666666666666664	450	2446
All_4mC	T2	regulatory	4500.0	0.3888888888888889	0.25555555555555554	0.5555555555555556	450	2446
All_4mC	T2	regulatory	4700.0	0.25555555555555554	0.15555555555555556	0.3669444444444442	450	2446
All_4mC	T2	regulatory	4900.0	0.28888888888888886	0.17777777777777778	0.4	450	2446
All_4mC	T2	non_regulatory	-4900.0	0.29599271402550087	0.24590163934426226	0.3506375227686703	2196	2446
All_4mC	T2	non_regulatory	-4700.0	0.2686703096539162	0.21857923497267756	0.3210382513661202	2196	2446
All_4mC	T2	non_regulatory	-4500.0	0.2641165755919854	0.21852231329690344	0.314207650273224	2196	2446
All_4mC	T2	non_regulatory	-4300.0	0.30510018214936246	0.25728597449908924	0.3553051001821492	2196	2446
All_4mC	T2	non_regulatory	-4100.0	0.27777777777777773	0.22768670309653913	0.3233151183970856	2196	2446
All_4mC	T2	non_regulatory	-3900.0	0.30282331511839705	0.25045537340619306	0.3529713114754098	2196	2446
All_4mC	T2	non_regulatory	-3700.0	0.2595628415300546	0.2117486338797814	0.3074339708561019	2196	2446
All_4mC	T2	non_regulatory	-3500.0	0.3210382513661202	0.27322404371584696	0.37795992714025495	2196	2446
All_4mC	T2	non_regulatory	-3300.0	0.2982695810564663	0.24817850637522765	0.34836065573770486	2196	2446
All_4mC	T2	non_regulatory	-3100.0	0.26183970856102	0.2117486338797814	0.314207650273224	2196	2446
All_4mC	T2	non_regulatory	-2900.0	0.25500910746812383	0.2071948998178506	0.30282331511839705	2196	2446
All_4mC	T2	non_regulatory	-2700.0	0.2527322404371584	0.2071948998178506	0.30282331511839705	2196	2446
All_4mC	T2	non_regulatory	-2500.0	0.30054644808743164	0.25045537340619306	0.3529143897996357	2196	2446
All_4mC	T2	non_regulatory	-2300.0	0.27094717668488155	0.22313296903460836	0.3210382513661202	2196	2446
All_4mC	T2	non_regulatory	-2100.0	0.2914389799635701	0.24362477231329688	0.34153005464480873	2196	2446
All_4mC	T2	non_regulatory	-1900.0	0.3301457194899817	0.2755009107468124	0.38706739526411654	2196	2446
All_4mC	T2	non_regulatory	-1700.0	0.3164845173041894	0.2686703096539162	0.3688524590163934	2196	2446
All_4mC	T2	non_regulatory	-1500.0	0.25728597449908924	0.21630236794171218	0.3073770491803278	2196	2446
All_4mC	T2	non_regulatory	-1300.0	0.2914389799635701	0.2413479052823315	0.3392531876138433	2196	2446
All_4mC	T2	non_regulatory	-1100.0	0.3073770491803278	0.25728597449908924	0.36429872495446264	2196	2446
All_4mC	T2	non_regulatory	-900.0	0.28688524590163933	0.2367941712204007	0.3369763205828779	2196	2446
All_4mC	T2	non_regulatory	-700.0	0.30054644808743164	0.24590163934426226	0.35519125683060104	2196	2446
All_4mC	T2	non_regulatory	-500.0	0.25728597449908924	0.2117486338797814	0.30965391621129323	2196	2446
All_4mC	T2	non_regulatory	-300.0	0.2846083788706739	0.2413479052823315	0.3369763205828779	2196	2446
All_4mC	T2	non_regulatory	-100.0	0.21630236794171218	0.17759562841530052	0.2641165755919854	2196	2446
All_4mC	T2	non_regulatory	100.0	0.25500910746812383	0.2117486338797814	0.30282331511839705	2196	2446
All_4mC	T2	non_regulatory	300.0	0.29599271402550087	0.2390710382513661	0.34836065573770486	2196	2446
All_4mC	T2	non_regulatory	500.0	0.33242258652094714	0.27777777777777773	0.38479052823315113	2196	2446
All_4mC	T2	non_regulatory	700.0	0.2686703096539162	0.22085610200364297	0.31881830601092886	2196	2446
All_4mC	T2	non_regulatory	900.0	0.2982695810564663	0.25267531876138427	0.34841757741347895	2196	2446
All_4mC	T2	non_regulatory	1100.0	0.3369763205828779	0.28455145719489977	0.3916211293260473	2196	2446
All_4mC	T2	non_regulatory	1300.0	0.314207650273224	0.26183970856102	0.366575591985428	2196	2446
All_4mC	T2	non_regulatory	1500.0	0.30054644808743164	0.2549521857923497	0.35746812386156646	2196	2446
All_4mC	T2	non_regulatory	1700.0	0.366575591985428	0.3095969945355191	0.42583105646630226	2196	2446
All_4mC	T2	non_regulatory	1900.0	0.2527322404371584	0.2071948998178506	0.30288023679417114	2196	2446
All_4mC	T2	non_regulatory	2100.0	0.2686703096539162	0.21857923497267756	0.3233151183970856	2196	2446
All_4mC	T2	non_regulatory	2300.0	0.25045537340619306	0.2094148451730419	0.29599271402550087	2196	2446
All_4mC	T2	non_regulatory	2500.0	0.2846083788706739	0.22996357012750454	0.3392531876138433	2196	2446
All_4mC	T2	non_regulatory	2700.0	0.2641165755919854	0.2140255009107468	0.31193078324225865	2196	2446
All_4mC	T2	non_regulatory	2900.0	0.22996357012750454	0.18897996357012747	0.27777777777777773	2196	2446
All_4mC	T2	non_regulatory	3100.0	0.2755009107468124	0.22768670309653913	0.32559198542805096	2196	2446
All_4mC	T2	non_regulatory	3300.0	0.3073770491803278	0.25500910746812383	0.3598019125683059	2196	2446
All_4mC	T2	non_regulatory	3500.0	0.25045537340619306	0.20491803278688522	0.2982695810564663	2196	2446
All_4mC	T2	non_regulatory	3700.0	0.2527322404371584	0.2071948998178506	0.30282331511839705	2196	2446
All_4mC	T2	non_regulatory	3900.0	0.2914389799635701	0.24584471766848814	0.3461407103825136	2196	2446
All_4mC	T2	non_regulatory	4100.0	0.34153005464480873	0.2891621129326047	0.40300546448087426	2196	2446
All_4mC	T2	non_regulatory	4300.0	0.2937158469945355	0.2390710382513661	0.34836065573770486	2196	2446
All_4mC	T2	non_regulatory	4500.0	0.2891621129326047	0.2367941712204007	0.3460837887067395	2196	2446
All_4mC	T2	non_regulatory	4700.0	0.30965391621129323	0.25500910746812383	0.366575591985428	2196	2446
All_4mC	T2	non_regulatory	4900.0	0.30510018214936246	0.2527322404371584	0.3620218579234972	2196	2446
All_6mA	T1	all	-4900.0	0.22675736961451246	0.18140589569160998	0.27588813303099013	2646	1934
All_6mA	T1	all	-4700.0	0.2040816326530612	0.16250944822373392	0.24565381708238848	2646	1934
All_6mA	T1	all	-4500.0	0.17573696145124715	0.13983371126228267	0.21164021164021163	2646	1934
All_6mA	T1	all	-4300.0	0.21541950113378683	0.17573696145124715	0.2589285714285714	2646	1934
All_6mA	T1	all	-4100.0	0.22297808012093726	0.18140589569160998	0.26832955404383974	2646	1934
All_6mA	T1	all	-3900.0	0.23809523809523808	0.19274376417233557	0.2853363567649282	2646	1934
All_6mA	T1	all	-3700.0	0.21164021164021163	0.17384731670445955	0.25510204081632654	2646	1934
All_6mA	T1	all	-3500.0	0.2040816326530612	0.16250944822373392	0.24754346182917608	2646	1934
All_6mA	T1	all	-3300.0	0.1984126984126984	0.15684051398337112	0.24187452758881328	2646	1934
All_6mA	T1	all	-3100.0	0.21919879062736203	0.1832482993197279	0.26077097505668934	2646	1934
All_6mA	T1	all	-2900.0	0.19085411942554797	0.1511715797430083	0.23620559334845048	2646	1934
All_6mA	T1	all	-2700.0	0.21352985638699923	0.17191043083900226	0.25888133030990174	2646	1934
All_6mA	T1	all	-2500.0	0.1984126984126984	0.15684051398337112	0.24187452758881328	2646	1934
All_6mA	T1	all	-2300.0	0.23620559334845048	0.18896447467876037	0.29105253212396065	2646	1934
All_6mA	T1	all	-2100.0	0.1946334089191232	0.1530612244897959	0.23809523809523808	2646	1934
All_6mA	T1	all	-1900.0	0.21164021164021163	0.17195767195767195	0.2589285714285714	2646	1934
All_6mA	T1	all	-1700.0	0.22486772486772486	0.1832482993197279	0.27021919879062734	2646	1934
All_6mA	T1	all	-1500.0	0.21919879062736203	0.17568972033257746	0.26643990929705214	2646	1934
All_6mA	T1	all	-1300.0	0.23620559334845048	0.19085411942554797	0.2853363567649282	2646	1934
All_6mA	T1	all	-1100.0	0.24565381708238848	0.1984126984126984	0.29861111111111105	2646	1934
All_6mA	T1	all	-900.0	0.21541950113378683	0.17195767195767195	0.26455026455026454	2646	1934
All_6mA	T1	all	-700.0	0.17951625094482235	0.1435657596371882	0.22108843537414963	2646	1934
All_6mA	T1	all	-500.0	0.18518518518518517	0.1436130007558579	0.22864701436130005	2646	1934
All_6mA	T1	all	-300.0	0.2078609221466364	0.16628873771730912	0.2494331065759637	2646	1934
All_6mA	T1	all	-100.0	0.1965230536659108	0.15868291761148903	0.23620559334845048	2646	1934
All_6mA	T1	all	100.0	0.13605442176870747	0.1020408163265306	0.1720049130763416	2646	1934
All_6mA	T1	all	300.0	0.2040816326530612	0.16250944822373392	0.24570105820105814	2646	1934
All_6mA	T1	all	500.0	0.16250944822373392	0.12471655328798185	0.20034958427815566	2646	1934
All_6mA	T1	all	700.0	0.23242630385487525	0.18518518518518517	0.2853363567649282	2646	1934
All_6mA	T1	all	900.0	0.27210884353741494	0.22108843537414963	0.3250661375661375	2646	1934
All_6mA	T1	all	1100.0	0.22108843537414963	0.18140589569160998	0.26455026455026454	2646	1934
All_6mA	T1	all	1300.0	0.2021919879062736	0.16439909297052152	0.24187452758881328	2646	1934
All_6mA	T1	all	1500.0	0.22675736961451246	0.18896447467876037	0.270266439909297	2646	1934
All_6mA	T1	all	1700.0	0.2078609221466364	0.16628873771730912	0.2532123960695389	2646	1934
All_6mA	T1	all	1900.0	0.21541950113378683	0.17384731670445955	0.26266061980347694	2646	1934
All_6mA	T1	all	2100.0	0.21164021164021163	0.16817838246409675	0.25510204081632654	2646	1934
All_6mA	T1	all	2300.0	0.1984126984126984	0.15868291761148903	0.23998488284202568	2646	1934
All_6mA	T1	all	2500.0	0.22108843537414963	0.17191043083900226	0.27210884353741494	2646	1934
All_6mA	T1	all	2700.0	0.21541950113378683	0.17195767195767195	0.25888133030990174	2646	1934
All_6mA	T1	all	2900.0	0.200302343159486	0.15873015873015872	0.24376417233560088	2646	1934
All_6mA	T1	all	3100.0	0.21541950113378683	0.17384731670445955	0.25888133030990174	2646	1934
All_6mA	T1	all	3300.0	0.20975056689342403	0.16817838246409675	0.2551492819349962	2646	1934
All_6mA	T1	all	3500.0	0.21164021164021163	0.16628873771730912	0.25325963718820854	2646	1934
All_6mA	T1	all	3700.0	0.1946334089191232	0.15490362811791383	0.23058390022675732	2646	1934
All_6mA	T1	all	3900.0	0.2040816326530612	0.16250944822373392	0.24192176870748294	2646	1934
All_6mA	T1	all	4100.0	0.21541950113378683	0.17384731670445955	0.2589285714285714	2646	1934
All_6mA	T1	all	4300.0	0.21541950113378683	0.17568972033257746	0.26077097505668934	2646	1934
All_6mA	T1	all	4500.0	0.17951625094482235	0.13983371126228267	0.22297808012093726	2646	1934
All_6mA	T1	all	4700.0	0.21730914588057443	0.17573696145124715	0.26266061980347694	2646	1934
All_6mA	T1	all	4900.0	0.23053665910808765	0.18518518518518517	0.2816043083900226	2646	1934
All_6mA	T1	regulatory	-4900.0	0.12222222222222222	0.05555555555555555	0.1891666666666664	450	1934
All_6mA	T1	regulatory	-4700.0	0.18888888888888888	0.1111111111111111	0.27805555555555533	450	1934
All_6mA	T1	regulatory	-4500.0	0.16666666666666666	0.08861111111111113	0.25555555555555554	450	1934
All_6mA	T1	regulatory	-4300.0	0.18888888888888888	0.1	0.28888888888888886	450	1934
All_6mA	T1	regulatory	-4100.0	0.13333333333333333	0.06666666666666667	0.2111111111111111	450	1934
All_6mA	T1	regulatory	-3900.0	0.26666666666666666	0.14444444444444443	0.3888888888888889	450	1934
All_6mA	T1	regulatory	-3700.0	0.25555555555555554	0.14444444444444443	0.3888888888888889	450	1934
All_6mA	T1	regulatory	-3500.0	0.05555555555555555	0.011111111111111112	0.1111111111111111	450	1934
All_6mA	T1	regulatory	-3300.0	0.2777777777777778	0.16666666666666666	0.4	450	1934
All_6mA	T1	regulatory	-3100.0	0.17777777777777778	0.1	0.26666666666666666	450	1934
All_6mA	T1	regulatory	-2900.0	0.13333333333333333	0.06666666666666667	0.2111111111111111	450	1934
All_6mA	T1	regulatory	-2700.0	0.15555555555555556	0.07777777777777778	0.23333333333333334	450	1934
All_6mA	T1	regulatory	-2500.0	0.18888888888888888	0.08888888888888889	0.3	450	1934
All_6mA	T1	regulatory	-2300.0	0.16666666666666666	0.08888888888888889	0.24472222222222195	450	1934
All_6mA	T1	regulatory	-2100.0	0.16666666666666666	0.07777777777777778	0.28888888888888886	450	1934
All_6mA	T1	regulatory	-1900.0	0.15555555555555556	0.07777777777777778	0.24444444444444444	450	1934
All_6mA	T1	regulatory	-1700.0	0.16666666666666666	0.08888888888888889	0.25555555555555554	450	1934
All_6mA	T1	regulatory	-1500.0	0.2	0.1111111111111111	0.3111111111111111	450	1934
All_6mA	T1	regulatory	-1300.0	0.17777777777777778	0.08888888888888889	0.28888888888888886	450	1934
All_6mA	T1	regulatory	-1100.0	0.2222222222222222	0.1	0.4	450	1934
All_6mA	T1	regulatory	-900.0	0.15555555555555556	0.07777777777777778	0.24444444444444444	450	1934
All_6mA	T1	regulatory	-700.0	0.16666666666666666	0.08888888888888889	0.25555555555555554	450	1934
All_6mA	T1	regulatory	-500.0	0.2111111111111111	0.1111111111111111	0.32222222222222224	450	1934
All_6mA	T1	regulatory	-300.0	0.16666666666666666	0.08888888888888889	0.26666666666666666	450	1934
All_6mA	T1	regulatory	-100.0	0.13333333333333333	0.06666666666666667	0.2111111111111111	450	1934
All_6mA	T1	regulatory	100.0	0.12222222222222222	0.05555555555555555	0.2111111111111111	450	1934
All_6mA	T1	regulatory	300.0	0.07777777777777778	0.03333333333333333	0.13333333333333333	450	1934
All_6mA	T1	regulatory	500.0	0.16666666666666666	0.07777777777777778	0.26666666666666666	450	1934
All_6mA	T1	regulatory	700.0	0.2777777777777778	0.16666666666666666	0.4111111111111111	450	1934
All_6mA	T1	regulatory	900.0	0.3333333333333333	0.2111111111111111	0.4888888888888889	450	1934
All_6mA	T1	regulatory	1100.0	0.18888888888888888	0.1	0.28888888888888886	450	1934
All_6mA	T1	regulatory	1300.0	0.2111111111111111	0.12222222222222222	0.3	450	1934
All_6mA	T1	regulatory	1500.0	0.15555555555555556	0.07777777777777778	0.24444444444444444	450	1934
All_6mA	T1	regulatory	1700.0	0.16666666666666666	0.07777777777777778	0.2777777777777778	450	1934
All_6mA	T1	regulatory	1900.0	0.13333333333333333	0.05555555555555555	0.23333333333333334	450	1934
All_6mA	T1	regulatory	2100.0	0.2777777777777778	0.1663888888888889	0.41138888888888864	450	1934
All_6mA	T1	regulatory	2300.0	0.17777777777777778	0.1	0.2777777777777778	450	1934
All_6mA	T1	regulatory	2500.0	0.3111111111111111	0.18888888888888888	0.4777777777777778	450	1934
All_6mA	T1	regulatory	2700.0	0.26666666666666666	0.16666666666666666	0.37777777777777777	450	1934
All_6mA	T1	regulatory	2900.0	0.2777777777777778	0.15555555555555556	0.4	450	1934
All_6mA	T1	regulatory	3100.0	0.17777777777777778	0.08888888888888889	0.2777777777777778	450	1934
All_6mA	T1	regulatory	3300.0	0.13333333333333333	0.06666666666666667	0.2222222222222222	450	1934
All_6mA	T1	regulatory	3500.0	0.15555555555555556	0.07777777777777778	0.24444444444444444	450	1934
All_6mA	T1	regulatory	3700.0	0.2222222222222222	0.13333333333333333	0.32222222222222224	450	1934
All_6mA	T1	regulatory	3900.0	0.17777777777777778	0.08888888888888889	0.2777777777777778	450	1934
All_6mA	T1	regulatory	4100.0	0.3111111111111111	0.18888888888888888	0.4336111111111109	450	1934
All_6mA	T1	regulatory	4300.0	0.25555555555555554	0.14444444444444443	0.4	450	1934
All_6mA	T1	regulatory	4500.0	0.13333333333333333	0.044444444444444446	0.24444444444444444	450	1934
All_6mA	T1	regulatory	4700.0	0.14444444444444443	0.06666666666666667	0.24444444444444444	450	1934
All_6mA	T1	regulatory	4900.0	0.18888888888888888	0.1	0.2777777777777778	450	1934
All_6mA	T1	non_regulatory	-4900.0	0.24817850637522765	0.19353369763205827	0.31193078324225865	2196	1934
All_6mA	T1	non_regulatory	-4700.0	0.2071948998178506	0.1616575591985428	0.2595628415300546	2196	1934
All_6mA	T1	non_regulatory	-4500.0	0.17759562841530052	0.13888888888888887	0.21857923497267756	2196	1934
All_6mA	T1	non_regulatory	-4300.0	0.22085610200364297	0.17304189435336975	0.27322404371584696	2196	1934
All_6mA	T1	non_regulatory	-4100.0	0.2413479052823315	0.19119990892531877	0.2914959016393442	2196	1934
All_6mA	T1	non_regulatory	-3900.0	0.23224043715846993	0.18897996357012747	0.2823884335154826	2196	1934
All_6mA	T1	non_regulatory	-3700.0	0.20264116575591984	0.1593806921675774	0.24595856102003635	2196	1934
All_6mA	T1	non_regulatory	-3500.0	0.2345173041894353	0.1867030965391621	0.28005464480874315	2196	1934
All_6mA	T1	non_regulatory	-3300.0	0.18214936247723132	0.14116575591985425	0.22540983606557374	2196	1934
All_6mA	T1	non_regulatory	-3100.0	0.22768670309653913	0.18214936247723132	0.2755009107468124	2196	1934
All_6mA	T1	non_regulatory	-2900.0	0.20264116575591984	0.1547700364298725	0.24823542805100174	2196	1934
All_6mA	T1	non_regulatory	-2700.0	0.22540983606557374	0.17759562841530052	0.27322404371584696	2196	1934
All_6mA	T1	non_regulatory	-2500.0	0.20036429872495445	0.15482695810564662	0.25045537340619306	2196	1934
All_6mA	T1	non_regulatory	-2300.0	0.25045537340619306	0.19808743169398904	0.3142645719489981	2196	1934
All_6mA	T1	non_regulatory	-2100.0	0.20036429872495445	0.1593806921675774	0.24817850637522765	2196	1934
All_6mA	T1	non_regulatory	-1900.0	0.22313296903460836	0.17526183970856102	0.27777777777777773	2196	1934
All_6mA	T1	non_regulatory	-1700.0	0.2367941712204007	0.19353369763205827	0.284665300546448	2196	1934
All_6mA	T1	non_regulatory	-1500.0	0.22313296903460836	0.17531876138433514	0.2755009107468124	2196	1934
All_6mA	T1	non_regulatory	-1300.0	0.24817850637522765	0.20036429872495445	0.2982695810564663	2196	1934
All_6mA	T1	non_regulatory	-1100.0	0.25045537340619306	0.20264116575591984	0.30282331511839705	2196	1934
All_6mA	T1	non_regulatory	-900.0	0.22768670309653913	0.1798724954462659	0.2823315118397085	2196	1934
All_6mA	T1	non_regulatory	-700.0	0.18214936247723132	0.13661202185792348	0.22996357012750454	2196	1934
All_6mA	T1	non_regulatory	-500.0	0.1798724954462659	0.1320582877959927	0.22313296903460836	2196	1934
All_6mA	T1	non_regulatory	-300.0	0.21630236794171218	0.17076502732240437	0.2641165755919854	2196	1934
All_6mA	T1	non_regulatory	-100.0	0.20947176684881602	0.16393442622950818	0.26183970856102	2196	1934
All_6mA	T1	non_regulatory	100.0	0.13888888888888887	0.10245901639344261	0.17759562841530052	2196	1934
All_6mA	T1	non_regulatory	300.0	0.22996357012750454	0.1844262295081967	0.28005464480874315	2196	1934
All_6mA	T1	non_regulatory	500.0	0.1616575591985428	0.12295081967213113	0.20264116575591984	2196	1934
All_6mA	T1	non_regulatory	700.0	0.22313296903460836	0.17076502732240437	0.2755009107468124	2196	1934
All_6mA	T1	non_regulatory	900.0	0.2595628415300546	0.20264116575591984	0.3187613843351548	2196	1934
All_6mA	T1	non_regulatory	1100.0	0.22768670309653913	0.1820924408014572	0.27555783242258647	2196	1934
All_6mA	T1	non_regulatory	1300.0	0.20036429872495445	0.157103825136612	0.24362477231329688	2196	1934
All_6mA	T1	non_regulatory	1500.0	0.2413479052823315	0.19353369763205827	0.2914389799635701	2196	1934
All_6mA	T1	non_regulatory	1700.0	0.21630236794171218	0.17304189435336975	0.2641165755919854	2196	1934
All_6mA	T1	non_regulatory	1900.0	0.23224043715846993	0.1820924408014572	0.28005464480874315	2196	1934
All_6mA	T1	non_regulatory	2100.0	0.19808743169398904	0.15255009107468123	0.24817850637522765	2196	1934
All_6mA	T1	non_regulatory	2300.0	0.20264116575591984	0.157103825136612	0.25045537340619306	2196	1934
All_6mA	T1	non_regulatory	2500.0	0.20264116575591984	0.15255009107468123	0.2527322404371584	2196	1934
All_6mA	T1	non_regulatory	2700.0	0.20491803278688522	0.16160063752276868	0.25500910746812383	2196	1934
All_6mA	T1	non_regulatory	2900.0	0.1844262295081967	0.14571948998178505	0.22768670309653913	2196	1934
All_6mA	T1	non_regulatory	3100.0	0.22313296903460836	0.1775387067395264	0.27094717668488155	2196	1934
All_6mA	T1	non_regulatory	3300.0	0.22540983606557374	0.17531876138433514	0.2823315118397085	2196	1934
All_6mA	T1	non_regulatory	3500.0	0.22313296903460836	0.17759562841530052	0.2755009107468124	2196	1934
All_6mA	T1	non_regulatory	3700.0	0.18897996357012747	0.14799635701275043	0.2345173041894353	2196	1934
All_6mA	T1	non_regulatory	3900.0	0.20947176684881602	0.16621129326047357	0.2550660291438979	2196	1934
All_6mA	T1	non_regulatory	4100.0	0.19581056466302366	0.15255009107468123	0.2413479052823315	2196	1934
All_6mA	T1	non_regulatory	4300.0	0.2071948998178506	0.16393442622950818	0.2527891621129325	2196	1934
All_6mA	T1	non_regulatory	4500.0	0.18897996357012747	0.14116575591985425	0.2391279599271402	2196	1934
All_6mA	T1	non_regulatory	4700.0	0.23224043715846993	0.1844262295081967	0.2823884335154826	2196	1934
All_6mA	T1	non_regulatory	4900.0	0.2390710382513661	0.1844262295081967	0.2914389799635701	2196	1934
All_6mA	T2	all	-4900.0	0.23809523809523808	0.19274376417233557	0.291005291005291	2646	2120
All_6mA	T2	all	-4700.0	0.22486772486772486	0.1813586545729403	0.2759353741496598	2646	2120
All_6mA	T2	all	-4500.0	0.2040816326530612	0.16439909297052152	0.24376417233560088	2646	2120
All_6mA	T2	all	-4300.0	0.2532123960695389	0.2078609221466364	0.3023431594860166	2646	2120
All_6mA	T2	all	-4100.0	0.23998488284202568	0.1984126984126984	0.2853363567649282	2646	2120
All_6mA	T2	all	-3900.0	0.24754346182917608	0.2021919879062736	0.2928949357520786	2646	2120
All_6mA	T2	all	-3700.0	0.21352985638699923	0.17006802721088435	0.2570389266817838	2646	2120
All_6mA	T2	all	-3500.0	0.25699168556311414	0.20975056689342403	0.3080120937263794	2646	2120
All_6mA	T2	all	-3300.0	0.22297808012093726	0.17951625094482235	0.27021919879062734	2646	2120
All_6mA	T2	all	-3100.0	0.23998488284202568	0.1964758125472411	0.2853363567649282	2646	2120
All_6mA	T2	all	-2900.0	0.22486772486772486	0.18140589569160998	0.27399848828420253	2646	2120
All_6mA	T2	all	-2700.0	0.23053665910808765	0.18896447467876037	0.2834467120181406	2646	2120
All_6mA	T2	all	-2500.0	0.26643990929705214	0.21541950113378683	0.3193972033257747	2646	2120
All_6mA	T2	all	-2300.0	0.26266061980347694	0.21541950113378683	0.30990173847316704	2646	2120
All_6mA	T2	all	-2100.0	0.200302343159486	0.15873015873015872	0.24376417233560088	2646	2120
All_6mA	T2	all	-1900.0	0.2494331065759637	0.2021447467876039	0.30050075585789865	2646	2120
All_6mA	T2	all	-1700.0	0.23620559334845048	0.18707482993197277	0.27966742252456533	2646	2120
All_6mA	T2	all	-1500.0	0.23242630385487525	0.18891723356009069	0.2816043083900226	2646	2120
All_6mA	T2	all	-1300.0	0.26643990929705214	0.22104119425547994	0.31368102796674224	2646	2120
All_6mA	T2	all	-1100.0	0.2853363567649282	0.23809523809523808	0.3382464096749811	2646	2120
All_6mA	T2	all	-900.0	0.22864701436130005	0.18329554043839758	0.27777777777777773	2646	2120
All_6mA	T2	all	-700.0	0.2078609221466364	0.16628873771730912	0.2513227513227513	2646	2120
All_6mA	T2	all	-500.0	0.21352985638699923	0.16628873771730912	0.26077097505668934	2646	2120
All_6mA	T2	all	-300.0	0.24187452758881328	0.200302343159486	0.2891156462585034	2646	2120
All_6mA	T2	all	-100.0	0.22108843537414963	0.17946900982615266	0.26832955404383974	2646	2120
All_6mA	T2	all	100.0	0.16439909297052152	0.12849584278155707	0.2040816326530612	2646	2120
All_6mA	T2	all	300.0	0.21919879062736203	0.17573696145124715	0.26455026455026454	2646	2120
All_6mA	T2	all	500.0	0.2078609221466364	0.16628873771730912	0.25888133030990174	2646	2120
All_6mA	T2	all	700.0	0.23242630385487525	0.18896447467876037	0.27966742252456533	2646	2120
All_6mA	T2	all	900.0	0.2947845804988662	0.23809523809523808	0.3495842781557067	2646	2120
All_6mA	T2	all	1100.0	0.23620559334845048	0.19274376417233557	0.28349395313681025	2646	2120
All_6mA	T2	all	1300.0	0.27021919879062734	0.22482048374905517	0.3175075585789871	2646	2120
All_6mA	T2	all	1500.0	0.23620559334845048	0.19274376417233557	0.2834467120181406	2646	2120
All_6mA	T2	all	1700.0	0.23620559334845048	0.19274376417233557	0.27966742252456533	2646	2120
All_6mA	T2	all	1900.0	0.22108843537414963	0.17573696145124715	0.26643990929705214	2646	2120
All_6mA	T2	all	2100.0	0.27399848828420253	0.21919879062736203	0.3307350718065003	2646	2120
All_6mA	T2	all	2300.0	0.22675736961451246	0.1832482993197279	0.27021919879062734	2646	2120
All_6mA	T2	all	2500.0	0.24187452758881328	0.1946334089191232	0.29861111111111105	2646	2120
All_6mA	T2	all	2700.0	0.24376417233560088	0.200302343159486	0.29294217687074825	2646	2120
All_6mA	T2	all	2900.0	0.2059712773998488	0.16628873771730912	0.25510204081632654	2646	2120
All_6mA	T2	all	3100.0	0.2513227513227513	0.2078609221466364	0.2947845804988662	2646	2120
All_6mA	T2	all	3300.0	0.23242630385487525	0.18518518518518517	0.28155706727135293	2646	2120
All_6mA	T2	all	3500.0	0.23242630385487525	0.19080687830687829	0.27966742252456533	2646	2120
All_6mA	T2	all	3700.0	0.22297808012093726	0.17951625094482235	0.26643990929705214	2646	2120
All_6mA	T2	all	3900.0	0.22297808012093726	0.17951625094482235	0.26832955404383974	2646	2120
All_6mA	T2	all	4100.0	0.26455026455026454	0.22297808012093726	0.3137282690854119	2646	2120
All_6mA	T2	all	4300.0	0.2513227513227513	0.200302343159486	0.3042328042328042	2646	2120
All_6mA	T2	all	4500.0	0.21352985638699923	0.16628873771730912	0.26455026455026454	2646	2120
All_6mA	T2	all	4700.0	0.23620559334845048	0.19274376417233557	0.2834467120181406	2646	2120
All_6mA	T2	all	4900.0	0.27777777777777773	0.22675736961451246	0.32501889644746784	2646	2120
All_6mA	T2	regulatory	-4900.0	0.13333333333333333	0.05555555555555555	0.2111111111111111	450	2120
All_6mA	T2	regulatory	-4700.0	0.16666666666666666	0.08888888888888889	0.26666666666666666	450	2120
All_6mA	T2	regulatory	-4500.0	0.12222222222222222	0.05555555555555555	0.2	450	2120
All_6mA	T2	regulatory	-4300.0	0.25555555555555554	0.15555555555555556	0.37777777777777777	450	2120
All_6mA	T2	regulatory	-4100.0	0.12222222222222222	0.05555555555555555	0.2111111111111111	450	2120
All_6mA	T2	regulatory	-3900.0	0.2777777777777778	0.15555555555555556	0.4222222222222222	450	2120
All_6mA	T2	regulatory	-3700.0	0.26666666666666666	0.15555555555555556	0.4111111111111111	450	2120
All_6mA	T2	regulatory	-3500.0	0.13333333333333333	0.05555555555555555	0.23333333333333334	450	2120
All_6mA	T2	regulatory	-3300.0	0.24444444444444444	0.13333333333333333	0.37777777777777777	450	2120
All_6mA	T2	regulatory	-3100.0	0.23333333333333334	0.12222222222222222	0.34444444444444444	450	2120
All_6mA	T2	regulatory	-2900.0	0.13333333333333333	0.06666666666666667	0.2111111111111111	450	2120
All_6mA	T2	regulatory	-2700.0	0.15555555555555556	0.07777777777777778	0.24444444444444444	450	2120
All_6mA	T2	regulatory	-2500.0	0.25555555555555554	0.14444444444444443	0.37777777777777777	450	2120
All_6mA	T2	regulatory	-2300.0	0.23333333333333334	0.13333333333333333	0.35555555555555557	450	2120
All_6mA	T2	regulatory	-2100.0	0.18888888888888888	0.08888888888888889	0.3	450	2120
All_6mA	T2	regulatory	-1900.0	0.24444444444444444	0.14416666666666667	0.36666666666666664	450	2120
All_6mA	T2	regulatory	-1700.0	0.18888888888888888	0.1	0.28888888888888886	450	2120
All_6mA	T2	regulatory	-1500.0	0.18888888888888888	0.1	0.28888888888888886	450	2120
All_6mA	T2	regulatory	-1300.0	0.2111111111111111	0.1111111111111111	0.3111111111111111	450	2120
All_6mA	T2	regulatory	-1100.0	0.26666666666666666	0.14444444444444443	0.38916666666666644	450	2120
All_6mA	T2	regulatory	-900.0	0.18888888888888888	0.1	0.28888888888888886	450	2120
All_6mA	T2	regulatory	-700.0	0.16666666666666666	0.07777777777777778	0.2777777777777778	450	2120
All_6mA	T2	regulatory	-500.0	0.25555555555555554	0.14444444444444443	0.36666666666666664	450	2120
All_6mA	T2	regulatory	-300.0	0.16666666666666666	0.08888888888888889	0.24444444444444444	450	2120
All_6mA	T2	regulatory	-100.0	0.13333333333333333	0.06666666666666667	0.2	450	2120
All_6mA	T2	regulatory	100.0	0.16666666666666666	0.08888888888888889	0.25555555555555554	450	2120
All_6mA	T2	regulatory	300.0	0.16666666666666666	0.08888888888888889	0.26666666666666666	450	2120
All_6mA	T2	regulatory	500.0	0.18888888888888888	0.08888888888888889	0.3224999999999998	450	2120
All_6mA	T2	regulatory	700.0	0.2	0.1111111111111111	0.3	450	2120
All_6mA	T2	regulatory	900.0	0.35555555555555557	0.2	0.5222222222222223	450	2120
All_6mA	T2	regulatory	1100.0	0.2222222222222222	0.1111111111111111	0.35555555555555557	450	2120
All_6mA	T2	regulatory	1300.0	0.24444444444444444	0.13333333333333333	0.35555555555555557	450	2120
All_6mA	T2	regulatory	1500.0	0.15555555555555556	0.07777777777777778	0.24444444444444444	450	2120
All_6mA	T2	regulatory	1700.0	0.17777777777777778	0.1	0.2777777777777778	450	2120
All_6mA	T2	regulatory	1900.0	0.2	0.1	0.3224999999999998	450	2120
All_6mA	T2	regulatory	2100.0	0.2777777777777778	0.14444444444444443	0.43333333333333335	450	2120
All_6mA	T2	regulatory	2300.0	0.25555555555555554	0.14444444444444443	0.37777777777777777	450	2120
All_6mA	T2	regulatory	2500.0	0.35555555555555557	0.2222222222222222	0.5111111111111111	450	2120
All_6mA	T2	regulatory	2700.0	0.3111111111111111	0.18888888888888888	0.4444444444444444	450	2120
All_6mA	T2	regulatory	2900.0	0.2777777777777778	0.15555555555555556	0.4222222222222222	450	2120
All_6mA	T2	regulatory	3100.0	0.2111111111111111	0.12222222222222222	0.3	450	2120
All_6mA	T2	regulatory	3300.0	0.2111111111111111	0.1	0.32222222222222224	450	2120
All_6mA	T2	regulatory	3500.0	0.2	0.1	0.3	450	2120
All_6mA	T2	regulatory	3700.0	0.2	0.1111111111111111	0.3	450	2120
All_6mA	T2	regulatory	3900.0	0.23333333333333334	0.13333333333333333	0.34444444444444444	450	2120
All_6mA	T2	regulatory	4100.0	0.34444444444444444	0.2222222222222222	0.4666666666666667	450	2120
All_6mA	T2	regulatory	4300.0	0.34444444444444444	0.2	0.5111111111111111	450	2120
All_6mA	T2	regulatory	4500.0	0.18888888888888888	0.07777777777777778	0.35555555555555557	450	2120
All_6mA	T2	regulatory	4700.0	0.15555555555555556	0.06666666666666667	0.28888888888888886	450	2120
All_6mA	T2	regulatory	4900.0	0.28888888888888886	0.18888888888888888	0.4	450	2120
All_6mA	T2	non_regulatory	-4900.0	0.2595628415300546	0.2071948998178506	0.3164845173041894	2196	2120
All_6mA	T2	non_regulatory	-4700.0	0.2367941712204007	0.1844262295081967	0.2937158469945355	2196	2120
All_6mA	T2	non_regulatory	-4500.0	0.22085610200364297	0.17531876138433514	0.27322404371584696	2196	2120
All_6mA	T2	non_regulatory	-4300.0	0.2527322404371584	0.20036429872495445	0.30282331511839705	2196	2120
All_6mA	T2	non_regulatory	-4100.0	0.2641165755919854	0.2117486338797814	0.3164845173041894	2196	2120
All_6mA	T2	non_regulatory	-3900.0	0.2413479052823315	0.1912568306010929	0.2891621129326047	2196	2120
All_6mA	T2	non_regulatory	-3700.0	0.20264116575591984	0.15482695810564662	0.25045537340619306	2196	2120
All_6mA	T2	non_regulatory	-3500.0	0.2823315118397085	0.23224043715846993	0.3438069216757741	2196	2120
All_6mA	T2	non_regulatory	-3300.0	0.21857923497267756	0.16848816029143895	0.2686703096539162	2196	2120
All_6mA	T2	non_regulatory	-3100.0	0.2413479052823315	0.1912568306010929	0.2891621129326047	2196	2120
All_6mA	T2	non_regulatory	-2900.0	0.24362477231329688	0.1912568306010929	0.30510018214936246	2196	2120
All_6mA	T2	non_regulatory	-2700.0	0.24590163934426226	0.19581056466302366	0.30510018214936246	2196	2120
All_6mA	T2	non_regulatory	-2500.0	0.2686703096539162	0.2094148451730419	0.3301457194899817	2196	2120
All_6mA	T2	non_regulatory	-2300.0	0.2686703096539162	0.2140255009107468	0.3233151183970856	2196	2120
All_6mA	T2	non_regulatory	-2100.0	0.20264116575591984	0.157103825136612	0.24595856102003635	2196	2120
All_6mA	T2	non_regulatory	-1900.0	0.25045537340619306	0.20036429872495445	0.3074339708561019	2196	2120
All_6mA	T2	non_regulatory	-1700.0	0.24590163934426226	0.19808743169398904	0.2983265027322404	2196	2120
All_6mA	T2	non_regulatory	-1500.0	0.2413479052823315	0.19353369763205827	0.29599271402550087	2196	2120
All_6mA	T2	non_regulatory	-1300.0	0.27777777777777773	0.22313296903460836	0.3392531876138433	2196	2120
All_6mA	T2	non_regulatory	-1100.0	0.2891621129326047	0.23224043715846993	0.34836065573770486	2196	2120
All_6mA	T2	non_regulatory	-900.0	0.2367941712204007	0.18214936247723132	0.2982695810564663	2196	2120
All_6mA	T2	non_regulatory	-700.0	0.21630236794171218	0.16621129326047357	0.2641165755919854	2196	2120
All_6mA	T2	non_regulatory	-500.0	0.20491803278688522	0.1547700364298725	0.2596197632058287	2196	2120
All_6mA	T2	non_regulatory	-300.0	0.25728597449908924	0.2071948998178506	0.314207650273224	2196	2120
All_6mA	T2	non_regulatory	-100.0	0.2390710382513661	0.1867030965391621	0.2937158469945355	2196	2120
All_6mA	T2	non_regulatory	100.0	0.16393442622950818	0.12295081967213113	0.20491803278688522	2196	2120
All_6mA	T2	non_regulatory	300.0	0.22996357012750454	0.18214936247723132	0.28011156648451724	2196	2120
All_6mA	T2	non_regulatory	500.0	0.2117486338797814	0.16393442622950818	0.2618966302367941	2196	2120
All_6mA	T2	non_regulatory	700.0	0.2390710382513661	0.18664617486338797	0.2892190346083788	2196	2120
All_6mA	T2	non_regulatory	900.0	0.2823315118397085	0.22768670309653913	0.3438638433515482	2196	2120
All_6mA	T2	non_regulatory	1100.0	0.2390710382513661	0.1912568306010929	0.2891621129326047	2196	2120
All_6mA	T2	non_regulatory	1300.0	0.2755009107468124	0.22313296903460836	0.3301457194899817	2196	2120
All_6mA	T2	non_regulatory	1500.0	0.2527322404371584	0.2048611111111111	0.3073770491803278	2196	2120
All_6mA	T2	non_regulatory	1700.0	0.24817850637522765	0.20036429872495445	0.30054644808743164	2196	2120
All_6mA	T2	non_regulatory	1900.0	0.22540983606557374	0.1798724954462659	0.27328096539162106	2196	2120
All_6mA	T2	non_regulatory	2100.0	0.27322404371584696	0.21857923497267756	0.33242258652094714	2196	2120
All_6mA	T2	non_regulatory	2300.0	0.22085610200364297	0.17531876138433514	0.2641165755919854	2196	2120
All_6mA	T2	non_regulatory	2500.0	0.21857923497267756	0.16848816029143895	0.27094717668488155	2196	2120
All_6mA	T2	non_regulatory	2700.0	0.22996357012750454	0.1798724954462659	0.28688524590163933	2196	2120
All_6mA	T2	non_regulatory	2900.0	0.1912568306010929	0.15027322404371582	0.2367941712204007	2196	2120
All_6mA	T2	non_regulatory	3100.0	0.2595628415300546	0.20947176684881602	0.30965391621129323	2196	2120
All_6mA	T2	non_regulatory	3300.0	0.2367941712204007	0.18664617486338797	0.2914959016393442	2196	2120
All_6mA	T2	non_regulatory	3500.0	0.2390710382513661	0.1867030965391621	0.2914389799635701	2196	2120
All_6mA	T2	non_regulatory	3700.0	0.22768670309653913	0.1844262295081967	0.2755009107468124	2196	2120
All_6mA	T2	non_regulatory	3900.0	0.22085610200364297	0.17070810564663025	0.2686703096539162	2196	2120
All_6mA	T2	non_regulatory	4100.0	0.24817850637522765	0.20264116575591984	0.2983265027322404	2196	2120
All_6mA	T2	non_regulatory	4300.0	0.23224043715846993	0.18214936247723132	0.2937158469945355	2196	2120
All_6mA	T2	non_regulatory	4500.0	0.21857923497267756	0.16621129326047357	0.2755009107468124	2196	2120
All_6mA	T2	non_regulatory	4700.0	0.2527322404371584	0.20036429872495445	0.30510018214936246	2196	2120
All_6mA	T2	non_regulatory	4900.0	0.2755009107468124	0.22307604735883424	0.3392531876138433	2196	2120
GCCGGC_4mC	T1	all	-4900.0	0.16817838246409675	0.13227513227513227	0.20601851851851846	2646	1289
GCCGGC_4mC	T1	all	-4700.0	0.15873015873015872	0.12282690854119424	0.19274376417233557	2646	1289
GCCGGC_4mC	T1	all	-4500.0	0.1530612244897959	0.11715797430083143	0.18518518518518517	2646	1289
GCCGGC_4mC	T1	all	-4300.0	0.15873015873015872	0.12660619803476944	0.19274376417233557	2646	1289
GCCGGC_4mC	T1	all	-4100.0	0.16061980347694632	0.12849584278155707	0.1946334089191232	2646	1289
GCCGGC_4mC	T1	all	-3900.0	0.16817838246409675	0.13605442176870747	0.2078609221466364	2646	1289
GCCGGC_4mC	T1	all	-3700.0	0.15873015873015872	0.12655895691609975	0.19274376417233557	2646	1289
GCCGGC_4mC	T1	all	-3500.0	0.16250944822373392	0.12849584278155707	0.1965230536659108	2646	1289
GCCGGC_4mC	T1	all	-3300.0	0.16628873771730912	0.13038548752834467	0.20412887377173086	2646	1289
GCCGGC_4mC	T1	all	-3100.0	0.15684051398337112	0.12471655328798185	0.18901171579743004	2646	1289
GCCGGC_4mC	T1	all	-2900.0	0.1530612244897959	0.12093726379440664	0.18712207105064244	2646	1289
GCCGGC_4mC	T1	all	-2700.0	0.1455026455026455	0.11522108843537414	0.17951625094482235	2646	1289
GCCGGC_4mC	T1	all	-2500.0	0.18518518518518517	0.1492819349962207	0.22486772486772486	2646	1289
GCCGGC_4mC	T1	all	-2300.0	0.17006802721088435	0.13605442176870747	0.2078609221466364	2646	1289
GCCGGC_4mC	T1	all	-2100.0	0.15873015873015872	0.12282690854119424	0.1965230536659108	2646	1289
GCCGGC_4mC	T1	all	-1900.0	0.17195767195767195	0.13983371126228267	0.21164021164021163	2646	1289
GCCGGC_4mC	T1	all	-1700.0	0.16439909297052152	0.13038548752834467	0.200302343159486	2646	1289
GCCGGC_4mC	T1	all	-1500.0	0.1473922902494331	0.11333144368858654	0.18334278155706724	2646	1289
GCCGGC_4mC	T1	all	-1300.0	0.18896447467876037	0.1530612244897959	0.22486772486772486	2646	1289
GCCGGC_4mC	T1	all	-1100.0	0.17951625094482235	0.1455026455026455	0.21541950113378683	2646	1289
GCCGGC_4mC	T1	all	-900.0	0.15684051398337112	0.12466931216931217	0.1946334089191232	2646	1289
GCCGGC_4mC	T1	all	-700.0	0.15495086923658352	0.12282690854119424	0.19085411942554797	2646	1289
GCCGGC_4mC	T1	all	-500.0	0.1473922902494331	0.11337868480725623	0.18329554043839758	2646	1289
GCCGGC_4mC	T1	all	-300.0	0.1530612244897959	0.11904761904761904	0.18896447467876037	2646	1289
GCCGGC_4mC	T1	all	-100.0	0.1020408163265306	0.07558578987150415	0.13038548752834467	2646	1289
GCCGGC_4mC	T1	all	100.0	0.10959939531368101	0.08125472411186696	0.13794406651549507	2646	1289
GCCGGC_4mC	T1	all	300.0	0.1436130007558579	0.11148904006046863	0.17762660619803475	2646	1289
GCCGGC_4mC	T1	all	500.0	0.15684051398337112	0.12282690854119424	0.19085411942554797	2646	1289
GCCGGC_4mC	T1	all	700.0	0.15495086923658352	0.12282690854119424	0.19085411942554797	2646	1289
GCCGGC_4mC	T1	all	900.0	0.1473922902494331	0.11337868480725623	0.18518518518518517	2646	1289
GCCGGC_4mC	T1	all	1100.0	0.1511715797430083	0.11715797430083143	0.18145313681027964	2646	1289
GCCGGC_4mC	T1	all	1300.0	0.21541950113378683	0.17946900982615266	0.25699168556311414	2646	1289
GCCGGC_4mC	T1	all	1500.0	0.1511715797430083	0.12093726379440664	0.18329554043839758	2646	1289
GCCGGC_4mC	T1	all	1700.0	0.2021919879062736	0.16435185185185183	0.24565381708238848	2646	1289
GCCGGC_4mC	T1	all	1900.0	0.1417233560090703	0.10959939531368101	0.17573696145124715	2646	1289
GCCGGC_4mC	T1	all	2100.0	0.1455026455026455	0.11526832955404383	0.17762660619803475	2646	1289
GCCGGC_4mC	T1	all	2300.0	0.13416477702191987	0.1039304610733182	0.16439909297052152	2646	1289
GCCGGC_4mC	T1	all	2500.0	0.16628873771730912	0.13227513227513227	0.2021919879062736	2646	1289
GCCGGC_4mC	T1	all	2700.0	0.15495086923658352	0.12282690854119424	0.18707482993197277	2646	1289
GCCGGC_4mC	T1	all	2900.0	0.11526832955404383	0.08881330309901737	0.14366024187452756	2646	1289
GCCGGC_4mC	T1	all	3100.0	0.16061980347694632	0.12849584278155707	0.19845993953136806	2646	1289
GCCGGC_4mC	T1	all	3300.0	0.15873015873015872	0.12660619803476944	0.19279100529100524	2646	1289
GCCGGC_4mC	T1	all	3500.0	0.13983371126228267	0.10955215419501133	0.17573696145124715	2646	1289
GCCGGC_4mC	T1	all	3700.0	0.1492819349962207	0.11715797430083143	0.18140589569160998	2646	1289
GCCGGC_4mC	T1	all	3900.0	0.16250944822373392	0.12849584278155707	0.19468065003779286	2646	1289
GCCGGC_4mC	T1	all	4100.0	0.1965230536659108	0.15684051398337112	0.23998488284202568	2646	1289
GCCGGC_4mC	T1	all	4300.0	0.11904761904761904	0.09259259259259259	0.1511715797430083	2646	1289
GCCGGC_4mC	T1	all	4500.0	0.200302343159486	0.16250944822373392	0.23809523809523808	2646	1289
GCCGGC_4mC	T1	all	4700.0	0.1511715797430083	0.11526832955404383	0.18707482993197277	2646	1289
GCCGGC_4mC	T1	all	4900.0	0.15684051398337112	0.12282690854119424	0.19090136054421764	2646	1289
GCCGGC_4mC	T1	regulatory	-4900.0	0.13333333333333333	0.05555555555555555	0.2222222222222222	450	1289
GCCGGC_4mC	T1	regulatory	-4700.0	0.13333333333333333	0.05555555555555555	0.2222222222222222	450	1289
GCCGGC_4mC	T1	regulatory	-4500.0	0.17777777777777778	0.1	0.26666666666666666	450	1289
GCCGGC_4mC	T1	regulatory	-4300.0	0.17777777777777778	0.08888888888888889	0.2777777777777778	450	1289
GCCGGC_4mC	T1	regulatory	-4100.0	0.14444444444444443	0.06666666666666667	0.23333333333333334	450	1289
GCCGGC_4mC	T1	regulatory	-3900.0	0.12222222222222222	0.05555555555555555	0.18888888888888888	450	1289
GCCGGC_4mC	T1	regulatory	-3700.0	0.13333333333333333	0.0663888888888889	0.2222222222222222	450	1289
GCCGGC_4mC	T1	regulatory	-3500.0	0.14444444444444443	0.06666666666666667	0.2222222222222222	450	1289
GCCGGC_4mC	T1	regulatory	-3300.0	0.14444444444444443	0.07750000000000001	0.2222222222222222	450	1289
GCCGGC_4mC	T1	regulatory	-3100.0	0.12222222222222222	0.05555555555555555	0.2	450	1289
GCCGGC_4mC	T1	regulatory	-2900.0	0.12222222222222222	0.05555555555555555	0.2	450	1289
GCCGGC_4mC	T1	regulatory	-2700.0	0.16666666666666666	0.08888888888888889	0.24472222222222195	450	1289
GCCGGC_4mC	T1	regulatory	-2500.0	0.2111111111111111	0.12222222222222222	0.3111111111111111	450	1289
GCCGGC_4mC	T1	regulatory	-2300.0	0.15555555555555556	0.07777777777777778	0.23333333333333334	450	1289
GCCGGC_4mC	T1	regulatory	-2100.0	0.13333333333333333	0.0663888888888889	0.2222222222222222	450	1289
GCCGGC_4mC	T1	regulatory	-1900.0	0.15555555555555556	0.07777777777777778	0.24444444444444444	450	1289
GCCGGC_4mC	T1	regulatory	-1700.0	0.13333333333333333	0.06666666666666667	0.2222222222222222	450	1289
GCCGGC_4mC	T1	regulatory	-1500.0	0.2111111111111111	0.12222222222222222	0.32222222222222224	450	1289
GCCGGC_4mC	T1	regulatory	-1300.0	0.16666666666666666	0.08888888888888889	0.25555555555555554	450	1289
GCCGGC_4mC	T1	regulatory	-1100.0	0.16666666666666666	0.07777777777777778	0.26666666666666666	450	1289
GCCGGC_4mC	T1	regulatory	-900.0	0.13333333333333333	0.06666666666666667	0.2111111111111111	450	1289
GCCGGC_4mC	T1	regulatory	-700.0	0.12222222222222222	0.05555555555555555	0.18888888888888888	450	1289
GCCGGC_4mC	T1	regulatory	-500.0	0.16666666666666666	0.08888888888888889	0.25555555555555554	450	1289
GCCGGC_4mC	T1	regulatory	-300.0	0.2	0.1111111111111111	0.2891666666666664	450	1289
GCCGGC_4mC	T1	regulatory	-100.0	0.06666666666666667	0.022222222222222223	0.12222222222222222	450	1289
GCCGGC_4mC	T1	regulatory	100.0	0.07777777777777778	0.022222222222222223	0.13333333333333333	450	1289
GCCGGC_4mC	T1	regulatory	300.0	0.17777777777777778	0.08888888888888889	0.2777777777777778	450	1289
GCCGGC_4mC	T1	regulatory	500.0	0.14444444444444443	0.06666666666666667	0.23333333333333334	450	1289
GCCGGC_4mC	T1	regulatory	700.0	0.2	0.1111111111111111	0.3111111111111111	450	1289
GCCGGC_4mC	T1	regulatory	900.0	0.12222222222222222	0.05555555555555555	0.2	450	1289
GCCGGC_4mC	T1	regulatory	1100.0	0.13333333333333333	0.06666666666666667	0.2222222222222222	450	1289
GCCGGC_4mC	T1	regulatory	1300.0	0.2111111111111111	0.12222222222222222	0.3111111111111111	450	1289
GCCGGC_4mC	T1	regulatory	1500.0	0.13333333333333333	0.05555555555555555	0.2222222222222222	450	1289
GCCGGC_4mC	T1	regulatory	1700.0	0.2	0.12222222222222222	0.28888888888888886	450	1289
GCCGGC_4mC	T1	regulatory	1900.0	0.12222222222222222	0.05555555555555555	0.2	450	1289
GCCGGC_4mC	T1	regulatory	2100.0	0.18888888888888888	0.1	0.2777777777777778	450	1289
GCCGGC_4mC	T1	regulatory	2300.0	0.18888888888888888	0.1	0.28888888888888886	450	1289
GCCGGC_4mC	T1	regulatory	2500.0	0.2	0.1111111111111111	0.28888888888888886	450	1289
GCCGGC_4mC	T1	regulatory	2700.0	0.1111111111111111	0.05555555555555555	0.18888888888888888	450	1289
GCCGGC_4mC	T1	regulatory	2900.0	0.1	0.03333333333333333	0.17777777777777778	450	1289
GCCGGC_4mC	T1	regulatory	3100.0	0.2111111111111111	0.12222222222222222	0.3111111111111111	450	1289
GCCGGC_4mC	T1	regulatory	3300.0	0.14444444444444443	0.07777777777777778	0.23333333333333334	450	1289
GCCGGC_4mC	T1	regulatory	3500.0	0.15555555555555556	0.07777777777777778	0.24444444444444444	450	1289
GCCGGC_4mC	T1	regulatory	3700.0	0.1111111111111111	0.05555555555555555	0.18888888888888888	450	1289
GCCGGC_4mC	T1	regulatory	3900.0	0.13333333333333333	0.06666666666666667	0.2111111111111111	450	1289
GCCGGC_4mC	T1	regulatory	4100.0	0.15555555555555556	0.06666666666666667	0.25555555555555554	450	1289
GCCGGC_4mC	T1	regulatory	4300.0	0.1111111111111111	0.05555555555555555	0.18888888888888888	450	1289
GCCGGC_4mC	T1	regulatory	4500.0	0.2111111111111111	0.12222222222222222	0.3111111111111111	450	1289
GCCGGC_4mC	T1	regulatory	4700.0	0.1	0.044444444444444446	0.16666666666666666	450	1289
GCCGGC_4mC	T1	regulatory	4900.0	0.17777777777777778	0.1	0.2669444444444442	450	1289
GCCGGC_4mC	T1	non_regulatory	-4900.0	0.17531876138433514	0.13888888888888887	0.21857923497267756	2196	1289
GCCGGC_4mC	T1	non_regulatory	-4700.0	0.16393442622950818	0.12750455373406192	0.20036429872495445	2196	1289
GCCGGC_4mC	T1	non_regulatory	-4500.0	0.14799635701275043	0.11384335154826956	0.1867030965391621	2196	1289
GCCGGC_4mC	T1	non_regulatory	-4300.0	0.15482695810564662	0.12061703096539161	0.19586748633879775	2196	1289
GCCGGC_4mC	T1	non_regulatory	-4100.0	0.16393442622950818	0.12750455373406192	0.20264116575591984	2196	1289
GCCGGC_4mC	T1	non_regulatory	-3900.0	0.17759562841530052	0.13888888888888887	0.21857923497267756	2196	1289
GCCGGC_4mC	T1	non_regulatory	-3700.0	0.16393442622950818	0.12295081967213113	0.20264116575591984	2196	1289
GCCGGC_4mC	T1	non_regulatory	-3500.0	0.16621129326047357	0.1297814207650273	0.20264116575591984	2196	1289
GCCGGC_4mC	T1	non_regulatory	-3300.0	0.17076502732240437	0.1343351548269581	0.2117486338797814	2196	1289
GCCGGC_4mC	T1	non_regulatory	-3100.0	0.16393442622950818	0.1274476320582878	0.20264116575591984	2196	1289
GCCGGC_4mC	T1	non_regulatory	-2900.0	0.1593806921675774	0.12295081967213113	0.20036429872495445	2196	1289
GCCGGC_4mC	T1	non_regulatory	-2700.0	0.14116575591985425	0.10923269581056465	0.17759562841530052	2196	1289
GCCGGC_4mC	T1	non_regulatory	-2500.0	0.1798724954462659	0.14566256830601093	0.22085610200364297	2196	1289
GCCGGC_4mC	T1	non_regulatory	-2300.0	0.17304189435336975	0.1320582877959927	0.21630236794171218	2196	1289
GCCGGC_4mC	T1	non_regulatory	-2100.0	0.16393442622950818	0.12295081967213113	0.20264116575591984	2196	1289
GCCGGC_4mC	T1	non_regulatory	-1900.0	0.17531876138433514	0.13883196721311475	0.21857923497267756	2196	1289
GCCGGC_4mC	T1	non_regulatory	-1700.0	0.17076502732240437	0.1343351548269581	0.20947176684881602	2196	1289
GCCGGC_4mC	T1	non_regulatory	-1500.0	0.1343351548269581	0.10245901639344261	0.17076502732240437	2196	1289
GCCGGC_4mC	T1	non_regulatory	-1300.0	0.19353369763205827	0.15255009107468123	0.2367941712204007	2196	1289
GCCGGC_4mC	T1	non_regulatory	-1100.0	0.18214936247723132	0.14344262295081966	0.22318989071038245	2196	1289
GCCGGC_4mC	T1	non_regulatory	-900.0	0.1616575591985428	0.11839708561020035	0.20491803278688522	2196	1289
GCCGGC_4mC	T1	non_regulatory	-700.0	0.1616575591985428	0.12295081967213113	0.20264116575591984	2196	1289
GCCGGC_4mC	T1	non_regulatory	-500.0	0.14344262295081966	0.11156648451730418	0.1844262295081967	2196	1289
GCCGGC_4mC	T1	non_regulatory	-300.0	0.14344262295081966	0.10928961748633878	0.1867030965391621	2196	1289
GCCGGC_4mC	T1	non_regulatory	-100.0	0.10928961748633878	0.07741347905282331	0.14344262295081966	2196	1289
GCCGGC_4mC	T1	non_regulatory	100.0	0.11612021857923496	0.08424408014571948	0.14571948998178505	2196	1289
GCCGGC_4mC	T1	non_regulatory	300.0	0.13661202185792348	0.10018214936247723	0.17309881602914384	2196	1289
GCCGGC_4mC	T1	non_regulatory	500.0	0.1593806921675774	0.12295081967213113	0.19581056466302366	2196	1289
GCCGGC_4mC	T1	non_regulatory	700.0	0.14571948998178505	0.11156648451730418	0.1844262295081967	2196	1289
GCCGGC_4mC	T1	non_regulatory	900.0	0.15255009107468123	0.11384335154826956	0.1912568306010929	2196	1289
GCCGGC_4mC	T1	non_regulatory	1100.0	0.15482695810564662	0.11839708561020035	0.19353369763205827	2196	1289
GCCGGC_4mC	T1	non_regulatory	1300.0	0.21630236794171218	0.17304189435336975	0.26183970856102	2196	1289
GCCGGC_4mC	T1	non_regulatory	1500.0	0.15482695810564662	0.12067395264116575	0.19353369763205827	2196	1289
GCCGGC_4mC	T1	non_regulatory	1700.0	0.20264116575591984	0.1616575591985428	0.24590163934426226	2196	1289
GCCGGC_4mC	T1	non_regulatory	1900.0	0.14571948998178505	0.11156648451730418	0.1867030965391621	2196	1289
GCCGGC_4mC	T1	non_regulatory	2100.0	0.13661202185792348	0.10245901639344261	0.17304189435336975	2196	1289
GCCGGC_4mC	T1	non_regulatory	2300.0	0.12295081967213113	0.09107468123861566	0.157103825136612	2196	1289
GCCGGC_4mC	T1	non_regulatory	2500.0	0.1593806921675774	0.12067395264116575	0.20036429872495445	2196	1289
GCCGGC_4mC	T1	non_regulatory	2700.0	0.16393442622950818	0.12750455373406192	0.20264116575591984	2196	1289
GCCGGC_4mC	T1	non_regulatory	2900.0	0.11839708561020035	0.08879781420765026	0.15260701275045532	2196	1289
GCCGGC_4mC	T1	non_regulatory	3100.0	0.15027322404371582	0.11156648451730418	0.18897996357012747	2196	1289
GCCGGC_4mC	T1	non_regulatory	3300.0	0.1616575591985428	0.12522768670309653	0.20042122040072854	2196	1289
GCCGGC_4mC	T1	non_regulatory	3500.0	0.13661202185792348	0.10473588342440801	0.17304189435336975	2196	1289
GCCGGC_4mC	T1	non_regulatory	3700.0	0.157103825136612	0.11839708561020035	0.19353369763205827	2196	1289
GCCGGC_4mC	T1	non_regulatory	3900.0	0.16848816029143895	0.1320582877959927	0.20269808743169393	2196	1289
GCCGGC_4mC	T1	non_regulatory	4100.0	0.20491803278688522	0.16387750455373407	0.25045537340619306	2196	1289
GCCGGC_4mC	T1	non_regulatory	4300.0	0.12067395264116575	0.08652094717668488	0.15255009107468123	2196	1289
GCCGGC_4mC	T1	non_regulatory	4500.0	0.19808743169398904	0.157103825136612	0.2413479052823315	2196	1289
GCCGGC_4mC	T1	non_regulatory	4700.0	0.1616575591985428	0.12522768670309653	0.20264116575591984	2196	1289
GCCGGC_4mC	T1	non_regulatory	4900.0	0.15255009107468123	0.11612021857923496	0.18897996357012747	2196	1289
GCCGGC_4mC	T2	all	-4900.0	0.04346182917611489	0.026455026455026454	0.06046863189720332	2646	407
GCCGGC_4mC	T2	all	-4700.0	0.03968253968253968	0.022675736961451247	0.058578987150415714	2646	407
GCCGGC_4mC	T2	all	-4500.0	0.03968253968253968	0.022675736961451247	0.058578987150415714	2646	407
GCCGGC_4mC	T2	all	-4300.0	0.03968253968253968	0.022675736961451247	0.058578987150415714	2646	407
GCCGGC_4mC	T2	all	-4100.0	0.02456538170823885	0.01318027210884354	0.037792894935752074	2646	407
GCCGGC_4mC	T2	all	-3900.0	0.035903250188964474	0.02262849584278156	0.0510204081632653	2646	407
GCCGGC_4mC	T2	all	-3700.0	0.03212396069538927	0.017006802721088433	0.047241118669690094	2646	407
GCCGGC_4mC	T2	all	-3500.0	0.03212396069538927	0.017006802721088433	0.0491307634164777	2646	407
GCCGGC_4mC	T2	all	-3300.0	0.03401360544217687	0.018896447467876037	0.05291005291005291	2646	407
GCCGGC_4mC	T2	all	-3100.0	0.018896447467876037	0.009400982615268332	0.03212396069538927	2646	407
GCCGGC_4mC	T2	all	-2900.0	0.03212396069538927	0.017006802721088433	0.0510204081632653	2646	407
GCCGGC_4mC	T2	all	-2700.0	0.03968253968253968	0.02456538170823885	0.058578987150415714	2646	407
GCCGGC_4mC	T2	all	-2500.0	0.04346182917611489	0.026455026455026454	0.06235827664399093	2646	407
GCCGGC_4mC	T2	all	-2300.0	0.028344671201814057	0.01511715797430083	0.04346182917611489	2646	407
GCCGGC_4mC	T2	all	-2100.0	0.028344671201814057	0.01511715797430083	0.04346182917611489	2646	407
GCCGGC_4mC	T2	all	-1900.0	0.037792894935752074	0.022675736961451247	0.05479969765684051	2646	407
GCCGGC_4mC	T2	all	-1700.0	0.047241118669690094	0.03023431594860166	0.06613756613756613	2646	407
GCCGGC_4mC	T2	all	-1500.0	0.03212396069538927	0.017006802721088433	0.0491307634164777	2646	407
GCCGGC_4mC	T2	all	-1300.0	0.03212396069538927	0.018849206349206348	0.047241118669690094	2646	407
GCCGGC_4mC	T2	all	-1100.0	0.02456538170823885	0.01318027210884354	0.037792894935752074	2646	407
GCCGGC_4mC	T2	all	-900.0	0.026455026455026454	0.013227513227513227	0.04157218442932728	2646	407
GCCGGC_4mC	T2	all	-700.0	0.03401360544217687	0.018896447467876037	0.0510204081632653	2646	407
GCCGGC_4mC	T2	all	-500.0	0.03023431594860166	0.017006802721088433	0.047241118669690094	2646	407
GCCGGC_4mC	T2	all	-300.0	0.035903250188964474	0.02078609221466364	0.05291005291005291	2646	407
GCCGGC_4mC	T2	all	-100.0	0.026455026455026454	0.013227513227513227	0.04157218442932728	2646	407
GCCGGC_4mC	T2	all	100.0	0.03212396069538927	0.018896447467876037	0.047241118669690094	2646	407
GCCGGC_4mC	T2	all	300.0	0.03401360544217687	0.018896447467876037	0.04917800453514735	2646	407
GCCGGC_4mC	T2	all	500.0	0.037792894935752074	0.022675736961451247	0.05479969765684051	2646	407
GCCGGC_4mC	T2	all	700.0	0.04157218442932728	0.02456538170823885	0.06046863189720332	2646	407
GCCGGC_4mC	T2	all	900.0	0.03401360544217687	0.02073885109599395	0.0491307634164777	2646	407
GCCGGC_4mC	T2	all	1100.0	0.0491307634164777	0.03212396069538927	0.06991685563114133	2646	407
GCCGGC_4mC	T2	all	1300.0	0.037792894935752074	0.022675736961451247	0.05479969765684051	2646	407
GCCGGC_4mC	T2	all	1500.0	0.03401360544217687	0.018896447467876037	0.0510204081632653	2646	407
GCCGGC_4mC	T2	all	1700.0	0.0491307634164777	0.03023431594860166	0.06991685563114133	2646	407
GCCGGC_4mC	T2	all	1900.0	0.037792894935752074	0.022675736961451247	0.05479969765684051	2646	407
GCCGGC_4mC	T2	all	2100.0	0.02456538170823885	0.011337868480725623	0.03968253968253968	2646	407
GCCGGC_4mC	T2	all	2300.0	0.04346182917611489	0.026455026455026454	0.06235827664399093	2646	407
GCCGGC_4mC	T2	all	2500.0	0.045351473922902494	0.028344671201814057	0.06424792139077853	2646	407
GCCGGC_4mC	T2	all	2700.0	0.037792894935752074	0.02262849584278156	0.05479969765684051	2646	407
GCCGGC_4mC	T2	all	2900.0	0.03023431594860166	0.01511715797430083	0.045351473922902494	2646	407
GCCGGC_4mC	T2	all	3100.0	0.03212396069538927	0.018896447467876037	0.047241118669690094	2646	407
GCCGGC_4mC	T2	all	3300.0	0.026455026455026454	0.013227513227513227	0.03968253968253968	2646	407
GCCGGC_4mC	T2	all	3500.0	0.028344671201814057	0.01511715797430083	0.045351473922902494	2646	407
GCCGGC_4mC	T2	all	3700.0	0.018896447467876037	0.007558578987150415	0.03212396069538927	2646	407
GCCGGC_4mC	T2	all	3900.0	0.037792894935752074	0.02078609221466364	0.056689342403628114	2646	407
GCCGGC_4mC	T2	all	4100.0	0.035903250188964474	0.02078609221466364	0.05291005291005291	2646	407
GCCGGC_4mC	T2	all	4300.0	0.045351473922902494	0.028344671201814057	0.06424792139077853	2646	407
GCCGGC_4mC	T2	all	4500.0	0.03023431594860166	0.01511715797430083	0.047241118669690094	2646	407
GCCGGC_4mC	T2	all	4700.0	0.04157218442932728	0.026455026455026454	0.06046863189720332	2646	407
GCCGGC_4mC	T2	all	4900.0	0.035903250188964474	0.02078609221466364	0.05479969765684051	2646	407
GCCGGC_4mC	T2	regulatory	-4900.0	0.05555555555555555	0.011111111111111112	0.1111111111111111	450	407
GCCGGC_4mC	T2	regulatory	-4700.0	0.044444444444444446	0.011111111111111112	0.08888888888888889	450	407
GCCGGC_4mC	T2	regulatory	-4500.0	0.044444444444444446	0.011111111111111112	0.08888888888888889	450	407
GCCGGC_4mC	T2	regulatory	-4300.0	0.03333333333333333	0.0	0.07777777777777778	450	407
GCCGGC_4mC	T2	regulatory	-4100.0	0.022222222222222223	0.0	0.05555555555555555	450	407
GCCGGC_4mC	T2	regulatory	-3900.0	0.06666666666666667	0.022222222222222223	0.12222222222222222	450	407
GCCGGC_4mC	T2	regulatory	-3700.0	0.03333333333333333	0.0	0.07777777777777778	450	407
GCCGGC_4mC	T2	regulatory	-3500.0	0.05555555555555555	0.011111111111111112	0.1111111111111111	450	407
GCCGGC_4mC	T2	regulatory	-3300.0	0.03333333333333333	0.0	0.07777777777777778	450	407
GCCGGC_4mC	T2	regulatory	-3100.0	0.044444444444444446	0.011111111111111112	0.08888888888888889	450	407
GCCGGC_4mC	T2	regulatory	-2900.0	0.044444444444444446	0.011111111111111112	0.08888888888888889	450	407
GCCGGC_4mC	T2	regulatory	-2700.0	0.022222222222222223	0.0	0.05555555555555555	450	407
GCCGGC_4mC	T2	regulatory	-2500.0	0.044444444444444446	0.011111111111111112	0.08888888888888889	450	407
GCCGGC_4mC	T2	regulatory	-2300.0	0.05555555555555555	0.011111111111111112	0.1111111111111111	450	407
GCCGGC_4mC	T2	regulatory	-2100.0	0.06666666666666667	0.022222222222222223	0.12222222222222222	450	407
GCCGGC_4mC	T2	regulatory	-1900.0	0.011111111111111112	0.0	0.033611111111110856	450	407
GCCGGC_4mC	T2	regulatory	-1700.0	0.08888888888888889	0.03333333333333333	0.15555555555555556	450	407
GCCGGC_4mC	T2	regulatory	-1500.0	0.03333333333333333	0.0	0.07777777777777778	450	407
GCCGGC_4mC	T2	regulatory	-1300.0	0.07777777777777778	0.022222222222222223	0.13333333333333333	450	407
GCCGGC_4mC	T2	regulatory	-1100.0	0.03333333333333333	0.0	0.07777777777777778	450	407
GCCGGC_4mC	T2	regulatory	-900.0	0.022222222222222223	0.0	0.05555555555555555	450	407
GCCGGC_4mC	T2	regulatory	-700.0	0.044444444444444446	0.011111111111111112	0.08888888888888889	450	407
GCCGGC_4mC	T2	regulatory	-500.0	0.022222222222222223	0.0	0.05555555555555555	450	407
GCCGGC_4mC	T2	regulatory	-300.0	0.044444444444444446	0.011111111111111112	0.1	450	407
GCCGGC_4mC	T2	regulatory	-100.0	0.022222222222222223	0.0	0.05555555555555555	450	407
GCCGGC_4mC	T2	regulatory	100.0	0.044444444444444446	0.011111111111111112	0.08888888888888889	450	407
GCCGGC_4mC	T2	regulatory	300.0	0.022222222222222223	0.0	0.05555555555555555	450	407
GCCGGC_4mC	T2	regulatory	500.0	0.044444444444444446	0.011111111111111112	0.08888888888888889	450	407
GCCGGC_4mC	T2	regulatory	700.0	0.07777777777777778	0.022222222222222223	0.14472222222222195	450	407
GCCGGC_4mC	T2	regulatory	900.0	0.011111111111111112	0.0	0.03333333333333333	450	407
GCCGGC_4mC	T2	regulatory	1100.0	0.044444444444444446	0.011111111111111112	0.08888888888888889	450	407
GCCGGC_4mC	T2	regulatory	1300.0	0.05555555555555555	0.011111111111111112	0.1111111111111111	450	407
GCCGGC_4mC	T2	regulatory	1500.0	0.022222222222222223	0.0	0.06666666666666667	450	407
GCCGGC_4mC	T2	regulatory	1700.0	0.06666666666666667	0.011111111111111112	0.13333333333333333	450	407
GCCGGC_4mC	T2	regulatory	1900.0	0.05555555555555555	0.011111111111111112	0.10027777777777754	450	407
GCCGGC_4mC	T2	regulatory	2100.0	0.022222222222222223	0.0	0.05555555555555555	450	407
GCCGGC_4mC	T2	regulatory	2300.0	0.03333333333333333	0.0	0.07777777777777778	450	407
GCCGGC_4mC	T2	regulatory	2500.0	0.03333333333333333	0.0	0.07777777777777778	450	407
GCCGGC_4mC	T2	regulatory	2700.0	0.05555555555555555	0.011111111111111112	0.12222222222222222	450	407
GCCGGC_4mC	T2	regulatory	2900.0	0.022222222222222223	0.0	0.05555555555555555	450	407
GCCGGC_4mC	T2	regulatory	3100.0	0.044444444444444446	0.011111111111111112	0.08888888888888889	450	407
GCCGGC_4mC	T2	regulatory	3300.0	0.011111111111111112	0.0	0.03333333333333333	450	407
GCCGGC_4mC	T2	regulatory	3500.0	0.0	0.0	0.0	450	407
GCCGGC_4mC	T2	regulatory	3700.0	0.03333333333333333	0.0	0.07777777777777778	450	407
GCCGGC_4mC	T2	regulatory	3900.0	0.03333333333333333	0.0	0.06666666666666667	450	407
GCCGGC_4mC	T2	regulatory	4100.0	0.022222222222222223	0.0	0.05555555555555555	450	407
GCCGGC_4mC	T2	regulatory	4300.0	0.03333333333333333	0.0	0.07777777777777778	450	407
GCCGGC_4mC	T2	regulatory	4500.0	0.022222222222222223	0.0	0.05555555555555555	450	407
GCCGGC_4mC	T2	regulatory	4700.0	0.044444444444444446	0.011111111111111112	0.08916666666666642	450	407
GCCGGC_4mC	T2	regulatory	4900.0	0.03333333333333333	0.0	0.07777777777777778	450	407
GCCGGC_4mC	T2	non_regulatory	-4900.0	0.040983606557377046	0.022768670309653915	0.061475409836065566	2196	407
GCCGGC_4mC	T2	non_regulatory	-4700.0	0.038706739526411654	0.020491803278688523	0.059198542805100174	2196	407
GCCGGC_4mC	T2	non_regulatory	-4500.0	0.038706739526411654	0.020491803278688523	0.056978597449908866	2196	407
GCCGGC_4mC	T2	non_regulatory	-4300.0	0.040983606557377046	0.022768670309653915	0.059198542805100174	2196	407
GCCGGC_4mC	T2	non_regulatory	-4100.0	0.025045537340619307	0.011384335154826957	0.040983606557377046	2196	407
GCCGGC_4mC	T2	non_regulatory	-3900.0	0.029599271402550087	0.01593806921675774	0.04553734061930783	2196	407
GCCGGC_4mC	T2	non_regulatory	-3700.0	0.03187613843351548	0.01593806921675774	0.05009107468123861	2196	407
GCCGGC_4mC	T2	non_regulatory	-3500.0	0.027322404371584695	0.013661202185792348	0.04553734061930783	2196	407
GCCGGC_4mC	T2	non_regulatory	-3300.0	0.03415300546448087	0.01593806921675774	0.05464480874316939	2196	407
GCCGGC_4mC	T2	non_regulatory	-3100.0	0.013661202185792348	0.004553734061930783	0.025045537340619307	2196	407
GCCGGC_4mC	T2	non_regulatory	-2900.0	0.029599271402550087	0.013661202185792348	0.045594262295081914	2196	407
GCCGGC_4mC	T2	non_regulatory	-2700.0	0.04326047358834244	0.025045537340619307	0.06375227686703096	2196	407
GCCGGC_4mC	T2	non_regulatory	-2500.0	0.04326047358834244	0.027322404371584695	0.06375227686703096	2196	407
GCCGGC_4mC	T2	non_regulatory	-2300.0	0.022768670309653915	0.011384335154826957	0.038706739526411654	2196	407
GCCGGC_4mC	T2	non_regulatory	-2100.0	0.020491803278688523	0.009107468123861566	0.034209927140254955	2196	407
GCCGGC_4mC	T2	non_regulatory	-1900.0	0.04326047358834244	0.025045537340619307	0.06375227686703096	2196	407
GCCGGC_4mC	T2	non_regulatory	-1700.0	0.038706739526411654	0.020491803278688523	0.054701730418943474	2196	407
GCCGGC_4mC	T2	non_regulatory	-1500.0	0.03187613843351548	0.01593806921675774	0.05009107468123861	2196	407
GCCGGC_4mC	T2	non_regulatory	-1300.0	0.022768670309653915	0.009107468123861566	0.03642987249544626	2196	407
GCCGGC_4mC	T2	non_regulatory	-1100.0	0.022768670309653915	0.009107468123861566	0.038706739526411654	2196	407
GCCGGC_4mC	T2	non_regulatory	-900.0	0.027322404371584695	0.013661202185792348	0.04326047358834244	2196	407
GCCGGC_4mC	T2	non_regulatory	-700.0	0.03187613843351548	0.01593806921675774	0.04781420765027322	2196	407
GCCGGC_4mC	T2	non_regulatory	-500.0	0.03187613843351548	0.01593806921675774	0.04781420765027322	2196	407
GCCGGC_4mC	T2	non_regulatory	-300.0	0.03415300546448087	0.01821493624772313	0.052367941712204005	2196	407
GCCGGC_4mC	T2	non_regulatory	-100.0	0.027322404371584695	0.013661202185792348	0.04553734061930783	2196	407
GCCGGC_4mC	T2	non_regulatory	100.0	0.029599271402550087	0.013661202185792348	0.04781420765027322	2196	407
GCCGGC_4mC	T2	non_regulatory	300.0	0.03642987249544626	0.02043488160291439	0.05692167577413478	2196	407
GCCGGC_4mC	T2	non_regulatory	500.0	0.03642987249544626	0.020491803278688523	0.05692167577413478	2196	407
GCCGGC_4mC	T2	non_regulatory	700.0	0.03415300546448087	0.01821493624772313	0.0501479963570127	2196	407
GCCGGC_4mC	T2	non_regulatory	900.0	0.038706739526411654	0.020491803278688523	0.05692167577413478	2196	407
GCCGGC_4mC	T2	non_regulatory	1100.0	0.05009107468123861	0.029599271402550087	0.07058287795992713	2196	407
GCCGGC_4mC	T2	non_regulatory	1300.0	0.03415300546448087	0.018158014571949	0.05464480874316939	2196	407
GCCGGC_4mC	T2	non_regulatory	1500.0	0.03642987249544626	0.020491803278688523	0.05464480874316939	2196	407
GCCGGC_4mC	T2	non_regulatory	1700.0	0.04553734061930783	0.027322404371584695	0.06602914389799636	2196	407
GCCGGC_4mC	T2	non_regulatory	1900.0	0.03415300546448087	0.01821493624772313	0.052367941712204005	2196	407
GCCGGC_4mC	T2	non_regulatory	2100.0	0.025045537340619307	0.011384335154826957	0.040983606557377046	2196	407
GCCGGC_4mC	T2	non_regulatory	2300.0	0.04553734061930783	0.027322404371584695	0.06602914389799636	2196	407
GCCGGC_4mC	T2	non_regulatory	2500.0	0.04781420765027322	0.027322404371584695	0.06830601092896174	2196	407
GCCGGC_4mC	T2	non_regulatory	2700.0	0.03415300546448087	0.01821493624772313	0.052367941712204005	2196	407
GCCGGC_4mC	T2	non_regulatory	2900.0	0.03187613843351548	0.01593806921675774	0.04781420765027322	2196	407
GCCGGC_4mC	T2	non_regulatory	3100.0	0.029599271402550087	0.01593806921675774	0.04781420765027322	2196	407
GCCGGC_4mC	T2	non_regulatory	3300.0	0.029599271402550087	0.013661202185792348	0.045594262295081914	2196	407
GCCGGC_4mC	T2	non_regulatory	3500.0	0.03415300546448087	0.018158014571949	0.05464480874316939	2196	407
GCCGGC_4mC	T2	non_regulatory	3700.0	0.01593806921675774	0.004553734061930783	0.029599271402550087	2196	407
GCCGGC_4mC	T2	non_regulatory	3900.0	0.038706739526411654	0.020491803278688523	0.059198542805100174	2196	407
GCCGGC_4mC	T2	non_regulatory	4100.0	0.038706739526411654	0.020491803278688523	0.059198542805100174	2196	407
GCCGGC_4mC	T2	non_regulatory	4300.0	0.04781420765027322	0.027322404371584695	0.06836293260473582	2196	407
GCCGGC_4mC	T2	non_regulatory	4500.0	0.03187613843351548	0.01593806921675774	0.05009107468123861	2196	407
GCCGGC_4mC	T2	non_regulatory	4700.0	0.040983606557377046	0.022768670309653915	0.059198542805100174	2196	407
GCCGGC_4mC	T2	non_regulatory	4900.0	0.03642987249544626	0.01821493624772313	0.05692167577413478	2196	407
AAGCCCG_6mA	T1	all	-4900.0	0.037792894935752074	0.018896447467876037	0.06046863189720332	2646	260
AAGCCCG_6mA	T1	all	-4700.0	0.02078609221466364	0.007558578987150415	0.03401360544217687	2646	260
AAGCCCG_6mA	T1	all	-4500.0	0.01511715797430083	0.005668934240362812	0.026455026455026454	2646	260
AAGCCCG_6mA	T1	all	-4300.0	0.03401360544217687	0.017006802721088433	0.05291005291005291	2646	260
AAGCCCG_6mA	T1	all	-4100.0	0.028344671201814057	0.013227513227513227	0.047241118669690094	2646	260
AAGCCCG_6mA	T1	all	-3900.0	0.037792894935752074	0.02078609221466364	0.054846938775510154	2646	260
AAGCCCG_6mA	T1	all	-3700.0	0.02456538170823885	0.009448223733938018	0.04346182917611489	2646	260
AAGCCCG_6mA	T1	all	-3500.0	0.03023431594860166	0.01511715797430083	0.0491307634164777	2646	260
AAGCCCG_6mA	T1	all	-3300.0	0.026455026455026454	0.011337868480725623	0.04346182917611489	2646	260
AAGCCCG_6mA	T1	all	-3100.0	0.013227513227513227	0.0037792894935752075	0.02456538170823885	2646	260
AAGCCCG_6mA	T1	all	-2900.0	0.022675736961451247	0.009448223733938018	0.03968253968253968	2646	260
AAGCCCG_6mA	T1	all	-2700.0	0.022675736961451247	0.011337868480725623	0.037792894935752074	2646	260
AAGCCCG_6mA	T1	all	-2500.0	0.03401360544217687	0.02078609221466364	0.0510204081632653	2646	260
AAGCCCG_6mA	T1	all	-2300.0	0.02456538170823885	0.009448223733938018	0.04157218442932728	2646	260
AAGCCCG_6mA	T1	all	-2100.0	0.018896447467876037	0.007558578987150415	0.03212396069538927	2646	260
AAGCCCG_6mA	T1	all	-1900.0	0.02456538170823885	0.011337868480725623	0.03968253968253968	2646	260
AAGCCCG_6mA	T1	all	-1700.0	0.035903250188964474	0.02078609221466364	0.05479969765684051	2646	260
AAGCCCG_6mA	T1	all	-1500.0	0.022675736961451247	0.011337868480725623	0.035903250188964474	2646	260
AAGCCCG_6mA	T1	all	-1300.0	0.03023431594860166	0.013227513227513227	0.0491307634164777	2646	260
AAGCCCG_6mA	T1	all	-1100.0	0.047241118669690094	0.026455026455026454	0.06991685563114133	2646	260
AAGCCCG_6mA	T1	all	-900.0	0.03401360544217687	0.017006802721088433	0.05291005291005291	2646	260
AAGCCCG_6mA	T1	all	-700.0	0.02456538170823885	0.013227513227513227	0.04157218442932728	2646	260
AAGCCCG_6mA	T1	all	-500.0	0.035903250188964474	0.017006802721088433	0.05673658352229776	2646	260
AAGCCCG_6mA	T1	all	-300.0	0.0510204081632653	0.03023431594860166	0.07369614512471655	2646	260
AAGCCCG_6mA	T1	all	-100.0	0.018896447467876037	0.005668934240362812	0.03595049130763412	2646	260
AAGCCCG_6mA	T1	all	100.0	0.018896447467876037	0.007558578987150415	0.032171201814058914	2646	260
AAGCCCG_6mA	T1	all	300.0	0.037792894935752074	0.017006802721088433	0.058578987150415714	2646	260
AAGCCCG_6mA	T1	all	500.0	0.026455026455026454	0.013227513227513227	0.03972978080120933	2646	260
AAGCCCG_6mA	T1	all	700.0	0.03212396069538927	0.017006802721088433	0.0491307634164777	2646	260
AAGCCCG_6mA	T1	all	900.0	0.0510204081632653	0.03023431594860166	0.07369614512471655	2646	260
AAGCCCG_6mA	T1	all	1100.0	0.035903250188964474	0.018896447467876037	0.05479969765684051	2646	260
AAGCCCG_6mA	T1	all	1300.0	0.028344671201814057	0.01511715797430083	0.04346182917611489	2646	260
AAGCCCG_6mA	T1	all	1500.0	0.018896447467876037	0.007558578987150415	0.03212396069538927	2646	260
AAGCCCG_6mA	T1	all	1700.0	0.03401360544217687	0.018896447467876037	0.0510204081632653	2646	260
AAGCCCG_6mA	T1	all	1900.0	0.028344671201814057	0.013227513227513227	0.04346182917611489	2646	260
AAGCCCG_6mA	T1	all	2100.0	0.02078609221466364	0.007558578987150415	0.035903250188964474	2646	260
AAGCCCG_6mA	T1	all	2300.0	0.02456538170823885	0.011337868480725623	0.03968253968253968	2646	260
AAGCCCG_6mA	T1	all	2500.0	0.03968253968253968	0.02078609221466364	0.06424792139077853	2646	260
AAGCCCG_6mA	T1	all	2700.0	0.02456538170823885	0.011337868480725623	0.04157218442932728	2646	260
AAGCCCG_6mA	T1	all	2900.0	0.028344671201814057	0.013227513227513227	0.045351473922902494	2646	260
AAGCCCG_6mA	T1	all	3100.0	0.03212396069538927	0.01511715797430083	0.0491307634164777	2646	260
AAGCCCG_6mA	T1	all	3300.0	0.028344671201814057	0.01511715797430083	0.045351473922902494	2646	260
AAGCCCG_6mA	T1	all	3500.0	0.026455026455026454	0.013227513227513227	0.04346182917611489	2646	260
AAGCCCG_6mA	T1	all	3700.0	0.022675736961451247	0.011337868480725623	0.037792894935752074	2646	260
AAGCCCG_6mA	T1	all	3900.0	0.035903250188964474	0.018896447467876037	0.05479969765684051	2646	260
AAGCCCG_6mA	T1	all	4100.0	0.05291005291005291	0.03018707482993197	0.08125472411186696	2646	260
AAGCCCG_6mA	T1	all	4300.0	0.047241118669690094	0.03023431594860166	0.06991685563114133	2646	260
AAGCCCG_6mA	T1	all	4500.0	0.028344671201814057	0.013227513227513227	0.047241118669690094	2646	260
AAGCCCG_6mA	T1	all	4700.0	0.026455026455026454	0.013227513227513227	0.04346182917611489	2646	260
AAGCCCG_6mA	T1	all	4900.0	0.03968253968253968	0.017006802721088433	0.062405517762660574	2646	260
AAGCCCG_6mA	T1	regulatory	-4900.0	0.022222222222222223	0.0	0.05555555555555555	450	260
AAGCCCG_6mA	T1	regulatory	-4700.0	0.0	0.0	0.0	450	260
AAGCCCG_6mA	T1	regulatory	-4500.0	0.022222222222222223	0.0	0.05555555555555555	450	260
AAGCCCG_6mA	T1	regulatory	-4300.0	0.022222222222222223	0.0	0.06666666666666667	450	260
AAGCCCG_6mA	T1	regulatory	-4100.0	0.011111111111111112	0.0	0.03333333333333333	450	260
AAGCCCG_6mA	T1	regulatory	-3900.0	0.0	0.0	0.0	450	260
AAGCCCG_6mA	T1	regulatory	-3700.0	0.022222222222222223	0.0	0.05555555555555555	450	260
AAGCCCG_6mA	T1	regulatory	-3500.0	0.0	0.0	0.0	450	260
AAGCCCG_6mA	T1	regulatory	-3300.0	0.044444444444444446	0.0	0.10027777777777754	450	260
AAGCCCG_6mA	T1	regulatory	-3100.0	0.011111111111111112	0.0	0.03333333333333333	450	260
AAGCCCG_6mA	T1	regulatory	-2900.0	0.011111111111111112	0.0	0.03333333333333333	450	260
AAGCCCG_6mA	T1	regulatory	-2700.0	0.011111111111111112	0.0	0.03333333333333333	450	260
AAGCCCG_6mA	T1	regulatory	-2500.0	0.044444444444444446	0.011111111111111112	0.08916666666666642	450	260
AAGCCCG_6mA	T1	regulatory	-2300.0	0.011111111111111112	0.0	0.03333333333333333	450	260
AAGCCCG_6mA	T1	regulatory	-2100.0	0.011111111111111112	0.0	0.044444444444444446	450	260
AAGCCCG_6mA	T1	regulatory	-1900.0	0.03333333333333333	0.0	0.07777777777777778	450	260
AAGCCCG_6mA	T1	regulatory	-1700.0	0.03333333333333333	0.0	0.07777777777777778	450	260
AAGCCCG_6mA	T1	regulatory	-1500.0	0.03333333333333333	0.0	0.07777777777777778	450	260
AAGCCCG_6mA	T1	regulatory	-1300.0	0.022222222222222223	0.0	0.08888888888888889	450	260
AAGCCCG_6mA	T1	regulatory	-1100.0	0.044444444444444446	0.0	0.1	450	260
AAGCCCG_6mA	T1	regulatory	-900.0	0.022222222222222223	0.0	0.05555555555555555	450	260
AAGCCCG_6mA	T1	regulatory	-700.0	0.011111111111111112	0.0	0.03333333333333333	450	260
AAGCCCG_6mA	T1	regulatory	-500.0	0.044444444444444446	0.0	0.1111111111111111	450	260
AAGCCCG_6mA	T1	regulatory	-300.0	0.06666666666666667	0.022222222222222223	0.12222222222222222	450	260
AAGCCCG_6mA	T1	regulatory	-100.0	0.011111111111111112	0.0	0.03333333333333333	450	260
AAGCCCG_6mA	T1	regulatory	100.0	0.022222222222222223	0.0	0.05555555555555555	450	260
AAGCCCG_6mA	T1	regulatory	300.0	0.0	0.0	0.0	450	260
AAGCCCG_6mA	T1	regulatory	500.0	0.03333333333333333	0.0	0.07777777777777778	450	260
AAGCCCG_6mA	T1	regulatory	700.0	0.011111111111111112	0.0	0.03333333333333333	450	260
AAGCCCG_6mA	T1	regulatory	900.0	0.1111111111111111	0.03333333333333333	0.2	450	260
AAGCCCG_6mA	T1	regulatory	1100.0	0.044444444444444446	0.011111111111111112	0.08888888888888889	450	260
AAGCCCG_6mA	T1	regulatory	1300.0	0.044444444444444446	0.011111111111111112	0.08888888888888889	450	260
AAGCCCG_6mA	T1	regulatory	1500.0	0.0	0.0	0.0	450	260
AAGCCCG_6mA	T1	regulatory	1700.0	0.044444444444444446	0.0	0.1	450	260
AAGCCCG_6mA	T1	regulatory	1900.0	0.011111111111111112	0.0	0.03333333333333333	450	260
AAGCCCG_6mA	T1	regulatory	2100.0	0.011111111111111112	0.0	0.03333333333333333	450	260
AAGCCCG_6mA	T1	regulatory	2300.0	0.03333333333333333	0.0	0.08916666666666642	450	260
AAGCCCG_6mA	T1	regulatory	2500.0	0.05555555555555555	0.0	0.15555555555555556	450	260
AAGCCCG_6mA	T1	regulatory	2700.0	0.03333333333333333	0.0	0.07777777777777778	450	260
AAGCCCG_6mA	T1	regulatory	2900.0	0.011111111111111112	0.0	0.03333333333333333	450	260
AAGCCCG_6mA	T1	regulatory	3100.0	0.022222222222222223	0.0	0.05555555555555555	450	260
AAGCCCG_6mA	T1	regulatory	3300.0	0.0	0.0	0.0	450	260
AAGCCCG_6mA	T1	regulatory	3500.0	0.011111111111111112	0.0	0.03333333333333333	450	260
AAGCCCG_6mA	T1	regulatory	3700.0	0.0	0.0	0.0	450	260
AAGCCCG_6mA	T1	regulatory	3900.0	0.022222222222222223	0.0	0.05555555555555555	450	260
AAGCCCG_6mA	T1	regulatory	4100.0	0.06666666666666667	0.011111111111111112	0.14444444444444443	450	260
AAGCCCG_6mA	T1	regulatory	4300.0	0.044444444444444446	0.0	0.1111111111111111	450	260
AAGCCCG_6mA	T1	regulatory	4500.0	0.022222222222222223	0.0	0.05555555555555555	450	260
AAGCCCG_6mA	T1	regulatory	4700.0	0.0	0.0	0.0	450	260
AAGCCCG_6mA	T1	regulatory	4900.0	0.022222222222222223	0.0	0.05555555555555555	450	260
AAGCCCG_6mA	T1	non_regulatory	-4900.0	0.040983606557377046	0.01821493624772313	0.06602914389799636	2196	260
AAGCCCG_6mA	T1	non_regulatory	-4700.0	0.025045537340619307	0.009107468123861566	0.040983606557377046	2196	260
AAGCCCG_6mA	T1	non_regulatory	-4500.0	0.013661202185792348	0.004553734061930783	0.025045537340619307	2196	260
AAGCCCG_6mA	T1	non_regulatory	-4300.0	0.03642987249544626	0.018158014571949	0.05692167577413478	2196	260
AAGCCCG_6mA	T1	non_regulatory	-4100.0	0.03187613843351548	0.013661202185792348	0.052367941712204005	2196	260
AAGCCCG_6mA	T1	non_regulatory	-3900.0	0.04553734061930783	0.025045537340619307	0.06830601092896174	2196	260
AAGCCCG_6mA	T1	non_regulatory	-3700.0	0.025045537340619307	0.006830601092896174	0.04326047358834244	2196	260
AAGCCCG_6mA	T1	non_regulatory	-3500.0	0.03642987249544626	0.01593806921675774	0.059198542805100174	2196	260
AAGCCCG_6mA	T1	non_regulatory	-3300.0	0.022768670309653915	0.009107468123861566	0.040983606557377046	2196	260
AAGCCCG_6mA	T1	non_regulatory	-3100.0	0.013661202185792348	0.004553734061930783	0.027322404371584695	2196	260
AAGCCCG_6mA	T1	non_regulatory	-2900.0	0.025045537340619307	0.009107468123861566	0.04326047358834244	2196	260
AAGCCCG_6mA	T1	non_regulatory	-2700.0	0.025045537340619307	0.011384335154826957	0.038706739526411654	2196	260
AAGCCCG_6mA	T1	non_regulatory	-2500.0	0.03187613843351548	0.01593806921675774	0.05009107468123861	2196	260
AAGCCCG_6mA	T1	non_regulatory	-2300.0	0.027322404371584695	0.009107468123861566	0.04781420765027322	2196	260
AAGCCCG_6mA	T1	non_regulatory	-2100.0	0.020491803278688523	0.006830601092896174	0.03642987249544626	2196	260
AAGCCCG_6mA	T1	non_regulatory	-1900.0	0.022768670309653915	0.009107468123861566	0.038706739526411654	2196	260
AAGCCCG_6mA	T1	non_regulatory	-1700.0	0.03642987249544626	0.01821493624772313	0.059198542805100174	2196	260
AAGCCCG_6mA	T1	non_regulatory	-1500.0	0.020491803278688523	0.009107468123861566	0.03642987249544626	2196	260
AAGCCCG_6mA	T1	non_regulatory	-1300.0	0.03187613843351548	0.013661202185792348	0.05464480874316939	2196	260
AAGCCCG_6mA	T1	non_regulatory	-1100.0	0.04781420765027322	0.025045537340619307	0.07285974499089252	2196	260
AAGCCCG_6mA	T1	non_regulatory	-900.0	0.03642987249544626	0.01821493624772313	0.059198542805100174	2196	260
AAGCCCG_6mA	T1	non_regulatory	-700.0	0.027322404371584695	0.011384335154826957	0.04553734061930783	2196	260
AAGCCCG_6mA	T1	non_regulatory	-500.0	0.03415300546448087	0.01593806921675774	0.05464480874316939	2196	260
AAGCCCG_6mA	T1	non_regulatory	-300.0	0.04781420765027322	0.027322404371584695	0.07285974499089252	2196	260
AAGCCCG_6mA	T1	non_regulatory	-100.0	0.020491803278688523	0.004553734061930783	0.040983606557377046	2196	260
AAGCCCG_6mA	T1	non_regulatory	100.0	0.01821493624772313	0.006830601092896174	0.03187613843351548	2196	260
AAGCCCG_6mA	T1	non_regulatory	300.0	0.04553734061930783	0.022768670309653915	0.07285974499089252	2196	260
AAGCCCG_6mA	T1	non_regulatory	500.0	0.025045537340619307	0.011384335154826957	0.040983606557377046	2196	260
AAGCCCG_6mA	T1	non_regulatory	700.0	0.03642987249544626	0.01821493624772313	0.05692167577413478	2196	260
AAGCCCG_6mA	T1	non_regulatory	900.0	0.038706739526411654	0.020491803278688523	0.056978597449908866	2196	260
AAGCCCG_6mA	T1	non_regulatory	1100.0	0.03415300546448087	0.01593806921675774	0.05464480874316939	2196	260
AAGCCCG_6mA	T1	non_regulatory	1300.0	0.025045537340619307	0.011384335154826957	0.04326047358834244	2196	260
AAGCCCG_6mA	T1	non_regulatory	1500.0	0.022768670309653915	0.009107468123861566	0.038706739526411654	2196	260
AAGCCCG_6mA	T1	non_regulatory	1700.0	0.03187613843351548	0.01593806921675774	0.05009107468123861	2196	260
AAGCCCG_6mA	T1	non_regulatory	1900.0	0.03187613843351548	0.013661202185792348	0.052367941712204005	2196	260
AAGCCCG_6mA	T1	non_regulatory	2100.0	0.022768670309653915	0.006830601092896174	0.040983606557377046	2196	260
AAGCCCG_6mA	T1	non_regulatory	2300.0	0.022768670309653915	0.009107468123861566	0.038706739526411654	2196	260
AAGCCCG_6mA	T1	non_regulatory	2500.0	0.03642987249544626	0.01821493624772313	0.05692167577413478	2196	260
AAGCCCG_6mA	T1	non_regulatory	2700.0	0.022768670309653915	0.009107468123861566	0.040983606557377046	2196	260
AAGCCCG_6mA	T1	non_regulatory	2900.0	0.03187613843351548	0.013661202185792348	0.05242486338797809	2196	260
AAGCCCG_6mA	T1	non_regulatory	3100.0	0.03415300546448087	0.01593806921675774	0.05464480874316939	2196	260
AAGCCCG_6mA	T1	non_regulatory	3300.0	0.03415300546448087	0.01821493624772313	0.05464480874316939	2196	260
AAGCCCG_6mA	T1	non_regulatory	3500.0	0.029599271402550087	0.011384335154826957	0.05009107468123861	2196	260
AAGCCCG_6mA	T1	non_regulatory	3700.0	0.027322404371584695	0.011384335154826957	0.04553734061930783	2196	260
AAGCCCG_6mA	T1	non_regulatory	3900.0	0.038706739526411654	0.020491803278688523	0.061475409836065566	2196	260
AAGCCCG_6mA	T1	non_regulatory	4100.0	0.05009107468123861	0.025045537340619307	0.07741347905282331	2196	260
AAGCCCG_6mA	T1	non_regulatory	4300.0	0.04781420765027322	0.027322404371584695	0.07058287795992713	2196	260
AAGCCCG_6mA	T1	non_regulatory	4500.0	0.029599271402550087	0.011384335154826957	0.052367941712204005	2196	260
AAGCCCG_6mA	T1	non_regulatory	4700.0	0.03187613843351548	0.01593806921675774	0.05009107468123861	2196	260
AAGCCCG_6mA	T1	non_regulatory	4900.0	0.04326047358834244	0.020491803278688523	0.06830601092896174	2196	260
AAGCCCG_6mA	T2	all	-4900.0	0.0018896447467876038	0.0	0.005668934240362812	2646	64
AAGCCCG_6mA	T2	all	-4700.0	0.013227513227513227	0.0037792894935752075	0.026455026455026454	2646	64
AAGCCCG_6mA	T2	all	-4500.0	0.0018896447467876038	0.0	0.005668934240362812	2646	64
AAGCCCG_6mA	T2	all	-4300.0	0.007558578987150415	0.0018896447467876038	0.015164399092970477	2646	64
AAGCCCG_6mA	T2	all	-4100.0	0.005668934240362812	0.0	0.013227513227513227	2646	64
AAGCCCG_6mA	T2	all	-3900.0	0.007558578987150415	0.0018896447467876038	0.01511715797430083	2646	64
AAGCCCG_6mA	T2	all	-3700.0	0.005668934240362812	0.0	0.01138510959939527	2646	64
AAGCCCG_6mA	T2	all	-3500.0	0.01511715797430083	0.005668934240362812	0.026455026455026454	2646	64
AAGCCCG_6mA	T2	all	-3300.0	0.007558578987150415	0.0018896447467876038	0.01511715797430083	2646	64
AAGCCCG_6mA	T2	all	-3100.0	0.007558578987150415	0.0018896447467876038	0.01511715797430083	2646	64
AAGCCCG_6mA	T2	all	-2900.0	0.0037792894935752075	0.0	0.009448223733938018	2646	64
AAGCCCG_6mA	T2	all	-2700.0	0.0	0.0	0.0	2646	64
AAGCCCG_6mA	T2	all	-2500.0	0.005668934240362812	0.0	0.013227513227513227	2646	64
AAGCCCG_6mA	T2	all	-2300.0	0.0037792894935752075	0.0	0.009448223733938018	2646	64
AAGCCCG_6mA	T2	all	-2100.0	0.0037792894935752075	0.0	0.009448223733938018	2646	64
AAGCCCG_6mA	T2	all	-1900.0	0.007558578987150415	0.0	0.017006802721088433	2646	64
AAGCCCG_6mA	T2	all	-1700.0	0.01511715797430083	0.005668934240362812	0.026455026455026454	2646	64
AAGCCCG_6mA	T2	all	-1500.0	0.005668934240362812	0.0	0.013227513227513227	2646	64
AAGCCCG_6mA	T2	all	-1300.0	0.011337868480725623	0.0037792894935752075	0.02078609221466364	2646	64
AAGCCCG_6mA	T2	all	-1100.0	0.011337868480725623	0.0037792894935752075	0.02078609221466364	2646	64
AAGCCCG_6mA	T2	all	-900.0	0.005668934240362812	0.0	0.013227513227513227	2646	64
AAGCCCG_6mA	T2	all	-700.0	0.0037792894935752075	0.0	0.009448223733938018	2646	64
AAGCCCG_6mA	T2	all	-500.0	0.009448223733938018	0.0018896447467876038	0.018896447467876037	2646	64
AAGCCCG_6mA	T2	all	-300.0	0.011337868480725623	0.0018896447467876038	0.022675736961451247	2646	64
AAGCCCG_6mA	T2	all	-100.0	0.0	0.0	0.0	2646	64
AAGCCCG_6mA	T2	all	100.0	0.011337868480725623	0.0018896447467876038	0.022675736961451247	2646	64
AAGCCCG_6mA	T2	all	300.0	0.01511715797430083	0.005668934240362812	0.026455026455026454	2646	64
AAGCCCG_6mA	T2	all	500.0	0.01511715797430083	0.0037792894935752075	0.026455026455026454	2646	64
AAGCCCG_6mA	T2	all	700.0	0.0037792894935752075	0.0	0.009448223733938018	2646	64
AAGCCCG_6mA	T2	all	900.0	0.009448223733938018	0.0018896447467876038	0.018896447467876037	2646	64
AAGCCCG_6mA	T2	all	1100.0	0.013227513227513227	0.0037792894935752075	0.026455026455026454	2646	64
AAGCCCG_6mA	T2	all	1300.0	0.0018896447467876038	0.0	0.005668934240362812	2646	64
AAGCCCG_6mA	T2	all	1500.0	0.009448223733938018	0.0018896447467876038	0.018896447467876037	2646	64
AAGCCCG_6mA	T2	all	1700.0	0.005668934240362812	0.0	0.013227513227513227	2646	64
AAGCCCG_6mA	T2	all	1900.0	0.0037792894935752075	0.0	0.009448223733938018	2646	64
AAGCCCG_6mA	T2	all	2100.0	0.007558578987150415	0.0	0.017006802721088433	2646	64
AAGCCCG_6mA	T2	all	2300.0	0.011337868480725623	0.0037792894935752075	0.02078609221466364	2646	64
AAGCCCG_6mA	T2	all	2500.0	0.005668934240362812	0.0	0.013227513227513227	2646	64
AAGCCCG_6mA	T2	all	2700.0	0.01511715797430083	0.0037792894935752075	0.03023431594860166	2646	64
AAGCCCG_6mA	T2	all	2900.0	0.0018896447467876038	0.0	0.005668934240362812	2646	64
AAGCCCG_6mA	T2	all	3100.0	0.009448223733938018	0.0018896447467876038	0.018896447467876037	2646	64
AAGCCCG_6mA	T2	all	3300.0	0.005668934240362812	0.0	0.013227513227513227	2646	64
AAGCCCG_6mA	T2	all	3500.0	0.009448223733938018	0.0018896447467876038	0.018896447467876037	2646	64
AAGCCCG_6mA	T2	all	3700.0	0.0037792894935752075	0.0	0.009448223733938018	2646	64
AAGCCCG_6mA	T2	all	3900.0	0.013227513227513227	0.0037792894935752075	0.02456538170823885	2646	64
AAGCCCG_6mA	T2	all	4100.0	0.005668934240362812	0.0	0.011337868480725623	2646	64
AAGCCCG_6mA	T2	all	4300.0	0.005668934240362812	0.0	0.01511715797430083	2646	64
AAGCCCG_6mA	T2	all	4500.0	0.009448223733938018	0.0018896447467876038	0.018896447467876037	2646	64
AAGCCCG_6mA	T2	all	4700.0	0.011337868480725623	0.0037792894935752075	0.02078609221466364	2646	64
AAGCCCG_6mA	T2	all	4900.0	0.005668934240362812	0.0	0.011337868480725623	2646	64
AAGCCCG_6mA	T2	regulatory	-4900.0	0.0	0.0	0.0	450	64
AAGCCCG_6mA	T2	regulatory	-4700.0	0.0	0.0	0.0	450	64
AAGCCCG_6mA	T2	regulatory	-4500.0	0.0	0.0	0.0	450	64
AAGCCCG_6mA	T2	regulatory	-4300.0	0.0	0.0	0.0	450	64
AAGCCCG_6mA	T2	regulatory	-4100.0	0.0	0.0	0.0	450	64
AAGCCCG_6mA	T2	regulatory	-3900.0	0.011111111111111112	0.0	0.03333333333333333	450	64
AAGCCCG_6mA	T2	regulatory	-3700.0	0.022222222222222223	0.0	0.05555555555555555	450	64
AAGCCCG_6mA	T2	regulatory	-3500.0	0.011111111111111112	0.0	0.03333333333333333	450	64
AAGCCCG_6mA	T2	regulatory	-3300.0	0.0	0.0	0.0	450	64
AAGCCCG_6mA	T2	regulatory	-3100.0	0.011111111111111112	0.0	0.03333333333333333	450	64
AAGCCCG_6mA	T2	regulatory	-2900.0	0.0	0.0	0.0	450	64
AAGCCCG_6mA	T2	regulatory	-2700.0	0.0	0.0	0.0	450	64
AAGCCCG_6mA	T2	regulatory	-2500.0	0.0	0.0	0.0	450	64
AAGCCCG_6mA	T2	regulatory	-2300.0	0.0	0.0	0.0	450	64
AAGCCCG_6mA	T2	regulatory	-2100.0	0.0	0.0	0.0	450	64
AAGCCCG_6mA	T2	regulatory	-1900.0	0.0	0.0	0.0	450	64
AAGCCCG_6mA	T2	regulatory	-1700.0	0.0	0.0	0.0	450	64
AAGCCCG_6mA	T2	regulatory	-1500.0	0.0	0.0	0.0	450	64
AAGCCCG_6mA	T2	regulatory	-1300.0	0.011111111111111112	0.0	0.03333333333333333	450	64
AAGCCCG_6mA	T2	regulatory	-1100.0	0.011111111111111112	0.0	0.03333333333333333	450	64
AAGCCCG_6mA	T2	regulatory	-900.0	0.022222222222222223	0.0	0.05555555555555555	450	64
AAGCCCG_6mA	T2	regulatory	-700.0	0.011111111111111112	0.0	0.03333333333333333	450	64
AAGCCCG_6mA	T2	regulatory	-500.0	0.022222222222222223	0.0	0.05555555555555555	450	64
AAGCCCG_6mA	T2	regulatory	-300.0	0.0	0.0	0.0	450	64
AAGCCCG_6mA	T2	regulatory	-100.0	0.0	0.0	0.0	450	64
AAGCCCG_6mA	T2	regulatory	100.0	0.0	0.0	0.0	450	64
AAGCCCG_6mA	T2	regulatory	300.0	0.011111111111111112	0.0	0.03333333333333333	450	64
AAGCCCG_6mA	T2	regulatory	500.0	0.011111111111111112	0.0	0.03333333333333333	450	64
AAGCCCG_6mA	T2	regulatory	700.0	0.0	0.0	0.0	450	64
AAGCCCG_6mA	T2	regulatory	900.0	0.0	0.0	0.0	450	64
AAGCCCG_6mA	T2	regulatory	1100.0	0.022222222222222223	0.0	0.06722222222222171	450	64
AAGCCCG_6mA	T2	regulatory	1300.0	0.0	0.0	0.0	450	64
AAGCCCG_6mA	T2	regulatory	1500.0	0.0	0.0	0.0	450	64
AAGCCCG_6mA	T2	regulatory	1700.0	0.0	0.0	0.0	450	64
AAGCCCG_6mA	T2	regulatory	1900.0	0.0	0.0	0.0	450	64
AAGCCCG_6mA	T2	regulatory	2100.0	0.0	0.0	0.0	450	64
AAGCCCG_6mA	T2	regulatory	2300.0	0.011111111111111112	0.0	0.03333333333333333	450	64
AAGCCCG_6mA	T2	regulatory	2500.0	0.011111111111111112	0.0	0.03333333333333333	450	64
AAGCCCG_6mA	T2	regulatory	2700.0	0.044444444444444446	0.0	0.1	450	64
AAGCCCG_6mA	T2	regulatory	2900.0	0.0	0.0	0.0	450	64
AAGCCCG_6mA	T2	regulatory	3100.0	0.011111111111111112	0.0	0.03333333333333333	450	64
AAGCCCG_6mA	T2	regulatory	3300.0	0.011111111111111112	0.0	0.033611111111110856	450	64
AAGCCCG_6mA	T2	regulatory	3500.0	0.011111111111111112	0.0	0.03333333333333333	450	64
AAGCCCG_6mA	T2	regulatory	3700.0	0.011111111111111112	0.0	0.03333333333333333	450	64
AAGCCCG_6mA	T2	regulatory	3900.0	0.0	0.0	0.0	450	64
AAGCCCG_6mA	T2	regulatory	4100.0	0.0	0.0	0.0	450	64
AAGCCCG_6mA	T2	regulatory	4300.0	0.0	0.0	0.0	450	64
AAGCCCG_6mA	T2	regulatory	4500.0	0.03333333333333333	0.0	0.08888888888888889	450	64
AAGCCCG_6mA	T2	regulatory	4700.0	0.011111111111111112	0.0	0.03333333333333333	450	64
AAGCCCG_6mA	T2	regulatory	4900.0	0.0	0.0	0.0	450	64
AAGCCCG_6mA	T2	non_regulatory	-4900.0	0.0022768670309653914	0.0	0.006830601092896174	2196	64
AAGCCCG_6mA	T2	non_regulatory	-4700.0	0.01593806921675774	0.004553734061930783	0.03187613843351548	2196	64
AAGCCCG_6mA	T2	non_regulatory	-4500.0	0.0022768670309653914	0.0	0.006830601092896174	2196	64
AAGCCCG_6mA	T2	non_regulatory	-4300.0	0.009107468123861566	0.0022768670309653914	0.01821493624772313	2196	64
AAGCCCG_6mA	T2	non_regulatory	-4100.0	0.006830601092896174	0.0	0.01593806921675774	2196	64
AAGCCCG_6mA	T2	non_regulatory	-3900.0	0.006830601092896174	0.0	0.01593806921675774	2196	64
AAGCCCG_6mA	T2	non_regulatory	-3700.0	0.0022768670309653914	0.0	0.009107468123861566	2196	64
AAGCCCG_6mA	T2	non_regulatory	-3500.0	0.01593806921675774	0.004553734061930783	0.029599271402550087	2196	64
AAGCCCG_6mA	T2	non_regulatory	-3300.0	0.009107468123861566	0.0022768670309653914	0.01821493624772313	2196	64
AAGCCCG_6mA	T2	non_regulatory	-3100.0	0.006830601092896174	0.0	0.01593806921675774	2196	64
AAGCCCG_6mA	T2	non_regulatory	-2900.0	0.004553734061930783	0.0	0.011384335154826957	2196	64
AAGCCCG_6mA	T2	non_regulatory	-2700.0	0.0	0.0	0.0	2196	64
AAGCCCG_6mA	T2	non_regulatory	-2500.0	0.006830601092896174	0.0	0.013661202185792348	2196	64
AAGCCCG_6mA	T2	non_regulatory	-2300.0	0.004553734061930783	0.0	0.011384335154826957	2196	64
AAGCCCG_6mA	T2	non_regulatory	-2100.0	0.004553734061930783	0.0	0.011384335154826957	2196	64
AAGCCCG_6mA	T2	non_regulatory	-1900.0	0.009107468123861566	0.0	0.020491803278688523	2196	64
AAGCCCG_6mA	T2	non_regulatory	-1700.0	0.01821493624772313	0.006830601092896174	0.03187613843351548	2196	64
AAGCCCG_6mA	T2	non_regulatory	-1500.0	0.006830601092896174	0.0	0.01593806921675774	2196	64
AAGCCCG_6mA	T2	non_regulatory	-1300.0	0.011384335154826957	0.0022768670309653914	0.022768670309653915	2196	64
AAGCCCG_6mA	T2	non_regulatory	-1100.0	0.011384335154826957	0.0022768670309653914	0.022768670309653915	2196	64
AAGCCCG_6mA	T2	non_regulatory	-900.0	0.0022768670309653914	0.0	0.006830601092896174	2196	64
AAGCCCG_6mA	T2	non_regulatory	-700.0	0.0022768670309653914	0.0	0.006830601092896174	2196	64
AAGCCCG_6mA	T2	non_regulatory	-500.0	0.006830601092896174	0.0	0.01593806921675774	2196	64
AAGCCCG_6mA	T2	non_regulatory	-300.0	0.013661202185792348	0.0022768670309653914	0.02737932604735878	2196	64
AAGCCCG_6mA	T2	non_regulatory	-100.0	0.0	0.0	0.0	2196	64
AAGCCCG_6mA	T2	non_regulatory	100.0	0.013661202185792348	0.0022768670309653914	0.027322404371584695	2196	64
AAGCCCG_6mA	T2	non_regulatory	300.0	0.01593806921675774	0.006830601092896174	0.029599271402550087	2196	64
AAGCCCG_6mA	T2	non_regulatory	500.0	0.01593806921675774	0.004553734061930783	0.029599271402550087	2196	64
AAGCCCG_6mA	T2	non_regulatory	700.0	0.004553734061930783	0.0	0.011384335154826957	2196	64
AAGCCCG_6mA	T2	non_regulatory	900.0	0.011384335154826957	0.0022768670309653914	0.022768670309653915	2196	64
AAGCCCG_6mA	T2	non_regulatory	1100.0	0.011384335154826957	0.0022768670309653914	0.022768670309653915	2196	64
AAGCCCG_6mA	T2	non_regulatory	1300.0	0.0022768670309653914	0.0	0.006830601092896174	2196	64
AAGCCCG_6mA	T2	non_regulatory	1500.0	0.011384335154826957	0.0022768670309653914	0.020491803278688523	2196	64
AAGCCCG_6mA	T2	non_regulatory	1700.0	0.006830601092896174	0.0	0.01593806921675774	2196	64
AAGCCCG_6mA	T2	non_regulatory	1900.0	0.004553734061930783	0.0	0.011384335154826957	2196	64
AAGCCCG_6mA	T2	non_regulatory	2100.0	0.009107468123861566	0.0	0.022768670309653915	2196	64
AAGCCCG_6mA	T2	non_regulatory	2300.0	0.011384335154826957	0.0022768670309653914	0.022768670309653915	2196	64
AAGCCCG_6mA	T2	non_regulatory	2500.0	0.004553734061930783	0.0	0.011384335154826957	2196	64
AAGCCCG_6mA	T2	non_regulatory	2700.0	0.009107468123861566	0.0	0.020491803278688523	2196	64
AAGCCCG_6mA	T2	non_regulatory	2900.0	0.0022768670309653914	0.0	0.009107468123861566	2196	64
AAGCCCG_6mA	T2	non_regulatory	3100.0	0.009107468123861566	0.0022768670309653914	0.020491803278688523	2196	64
AAGCCCG_6mA	T2	non_regulatory	3300.0	0.004553734061930783	0.0	0.011384335154826957	2196	64
AAGCCCG_6mA	T2	non_regulatory	3500.0	0.009107468123861566	0.0022768670309653914	0.01821493624772313	2196	64
AAGCCCG_6mA	T2	non_regulatory	3700.0	0.0022768670309653914	0.0	0.006830601092896174	2196	64
AAGCCCG_6mA	T2	non_regulatory	3900.0	0.01593806921675774	0.004553734061930783	0.03187613843351548	2196	64
AAGCCCG_6mA	T2	non_regulatory	4100.0	0.006830601092896174	0.0	0.01593806921675774	2196	64
AAGCCCG_6mA	T2	non_regulatory	4300.0	0.006830601092896174	0.0	0.01821493624772313	2196	64
AAGCCCG_6mA	T2	non_regulatory	4500.0	0.004553734061930783	0.0	0.011384335154826957	2196	64
AAGCCCG_6mA	T2	non_regulatory	4700.0	0.011384335154826957	0.0022768670309653914	0.022768670309653915	2196	64
AAGCCCG_6mA	T2	non_regulatory	4900.0	0.006830601092896174	0.0	0.01593806921675774	2196	64
