locus_tag	old_locus_tag	gene_name	gene_start	gene_end	strand	gene_biotype	region	gene_length	site_count	promoter_site_count	gene_body_site_count	dose_group
SC_RS02065		SC_RS02065	577	699	+	protein_coding	arm	123	0	0	0	0
SC_RS02070		SC_RS02070	800	1123	+	protein_coding	arm	324	0	0	0	0
SC_RS02075	SCO0002	SC_RS02075	1144	3813	+	protein_coding	arm	2670	0	0	0	0
SC_RS02080	SCO0003	SC_RS02080	3869	6220	+	protein_coding	arm	2352	0	0	0	0
SC_RS02085	SCO0004	SC_RS02085	6346	7173	+	protein_coding	arm	828	0	0	0	0
SC_RS02090	SCO0005	SC_RS02090	7154	9307	+	protein_coding	arm	2154	0	0	0	0
SC_RS02095	SCO0006	SC_RS02095	9424	10410	+	protein_coding	arm	987	0	0	0	0
SC_RS02100		SC_RS02100	10407	11363	+	protein_coding	arm	957	0	0	0	0
SC_RS02110	SCO0010	SC_RS02110	12366	13457	+	protein_coding	arm	1092	0	0	0	0
SC_RS02120	SCO0012	SC_RS02120	14044	14343	-	protein_coding	arm	300	0	0	0	0
SC_RS02130	SCO0014	SC_RS02130	15317	15595	-	protein_coding	arm	279	0	0	0	0
SC_RS02135	SCO0015	nhaA	16070	17302	-	protein_coding	arm	1233	0	0	0	0
SC_RS02140	SCO0016	SC_RS02140	17715	17918	+	protein_coding	arm	204	0	0	0	0
SC_RS02145	SCO0017	SC_RS02145	17919	18263	+	protein_coding	arm	345	0	0	0	0
SC_RS02150	SCO0018	SC_RS02150	18485	19363	-	protein_coding	arm	879	0	0	0	0
SC_RS02155	SCO0020	SC_RS02155	19971	21620	+	protein_coding	arm	1650	0	0	0	0
SC_RS02160	SCO0021	SC_RS02160	21758	22210	+	protein_coding	arm	453	0	0	0	0
SC_RS02180	SCO0026	SC_RS02180	23343	23831	+	protein_coding	arm	489	0	0	0	0
SC_RS02185		SC_RS02185	24378	24614	-	protein_coding	arm	237	0	0	0	0
SC_RS02190	SCO0030	SC_RS02190	25248	25871	+	protein_coding	arm	624	0	0	0	0
SC_RS02195	SCO0031	SC_RS02195	25843	26385	-	protein_coding	arm	543	0	0	0	0
SC_RS02200	SCO0033	SC_RS02200	26527	28728	-	protein_coding	arm	2202	0	0	0	0
SC_RS02205	SCO0034	SC_RS02205	29040	29519	+	protein_coding	arm	480	0	0	0	0
SC_RS02210	SCO0035	SC_RS02210	29605	30054	-	protein_coding	arm	450	0	0	0	0
SC_RS02225	SCO0039	SC_RS02225	31625	32137	+	protein_coding	arm	513	0	0	0	0
SC_RS02230	SCO0040	SC_RS02230	32134	33357	+	protein_coding	arm	1224	0	0	0	0
SC_RS02235	SCO0041	SC_RS02235	33360	33845	+	protein_coding	arm	486	0	0	0	0
SC_RS02240	SCO0042	SC_RS02240	33842	34777	+	protein_coding	arm	936	0	0	0	0
SC_RS02245	SCO0043	SC_RS02245	35179	35907	-	protein_coding	arm	729	0	0	0	0
SC_RS02250	SCO0044	SC_RS02250	36006	36674	-	protein_coding	arm	669	0	0	0	0
SC_RS02255	SCO0046	SC_RS02255	36816	37478	+	protein_coding	arm	663	0	0	0	0
SC_RS02260	SCO0047	SC_RS02260	37614	38768	-	protein_coding	arm	1155	0	0	0	0
SC_RS02265		SC_RS02265	39107	39325	-	protein_coding	arm	219	0	0	0	0
SC_RS02270	SCO0049	SC_RS02270	39489	39812	+	protein_coding	arm	324	0	0	0	0
SC_RS02275	SCO0050	SC_RS02275	39901	40212	+	protein_coding	arm	312	0	0	0	0
SC_RS02285	SCO0053	SC_RS02285	41354	42174	+	protein_coding	arm	821	0	0	0	0
SC_RS02290	SCO0055	SC_RS02290	42171	43682	-	protein_coding	arm	1512	0	0	0	0
SC_RS02295	SCO0057	SC_RS02295	43950	44090	+	protein_coding	arm	141	0	0	0	0
SC_RS02305		SC_RS02305	44796	44975	+	protein_coding	arm	180	0	0	0	0
SC_RS02310	SCO0059	SC_RS02310	45267	46073	+	protein_coding	arm	807	0	0	0	0
SC_RS02315	SCO0060	SC_RS02315	46064	46201	+	protein_coding	arm	138	0	0	0	0
SC_RS02320	SCO0061	SC_RS02320	46430	47734	-	protein_coding	arm	1305	0	0	0	0
SC_RS02325	SCO0062	SC_RS02325	47789	48844	-	protein_coding	arm	1056	0	0	0	0
SC_RS02330	SCO0063	SC_RS02330	48889	49824	-	protein_coding	arm	936	0	0	0	0
SC_RS02335	SCO0064	SC_RS02335	49821	51539	-	protein_coding	arm	1719	0	0	0	0
SC_RS02340	SCO0065	SC_RS02340	51831	53144	+	protein_coding	arm	1314	0	0	0	0
SC_RS02345	SCO0066	SC_RS02345	53141	54100	+	protein_coding	arm	960	0	0	0	0
SC_RS02350	SCO0067	SC_RS02350	54103	54918	+	protein_coding	arm	816	0	0	0	0
SC_RS02355	SCO0068	SC_RS02355	54968	56173	+	protein_coding	arm	1206	0	0	0	0
SC_RS02360	SCO0069	SC_RS02360	56225	59383	+	protein_coding	arm	3159	0	0	0	0
SC_RS02370	SCO0071	SC_RS02370	60069	60275	-	protein_coding	arm	207	0	0	0	0
SC_RS02375		SC_RS02375	60485	60691	-	protein_coding	arm	207	0	0	0	0
SC_RS02380	SCO0072	SC_RS02380	60740	64066	-	protein_coding	arm	3327	0	0	0	0
SC_RS02385	SCO0073	SC_RS02385	64587	64925	+	protein_coding	arm	339	0	0	0	0
SC_RS02390	SCO0075	SC_RS02390	65140	65679	+	protein_coding	arm	540	0	0	0	0
SC_RS02400		SC_RS02400	66104	66418	-	protein_coding	arm	315	0	0	0	0
SC_RS02405	SCO0079	SC_RS02405	66688	67911	-	protein_coding	arm	1224	0	0	0	0
SC_RS02410	SCO0080	SC_RS02410	68372	68887	+	protein_coding	arm	516	0	0	0	0
SC_RS02420	SCO0083	SC_RS02420	69799	70647	+	protein_coding	arm	849	0	0	0	0
SC_RS02425	SCO0084	SC_RS02425	70777	71235	+	protein_coding	arm	459	0	0	0	0
SC_RS02430		SC_RS02430	71273	71431	-	protein_coding	arm	159	0	0	0	0
SC_RS02435	SCO0085	SC_RS02435	71648	72139	-	protein_coding	arm	492	0	0	0	0
SC_RS02440	SCO0086	SC_RS02440	72159	73097	-	protein_coding	arm	939	0	0	0	0
SC_RS02445	SCO0087	SC_RS02445	73784	74833	-	protein_coding	arm	1050	0	0	0	0
SC_RS02450	SCO0088	SC_RS02450	74917	75876	-	protein_coding	arm	960	0	0	0	0
SC_RS02455	SCO0089	SC_RS02455	75916	76893	+	protein_coding	arm	978	0	0	0	0
SC_RS02465	SCO0091	SC_RS02465	77315	78271	+	protein_coding	arm	957	0	0	0	0
SC_RS02480	SCO0097	SC_RS02480	80845	81165	-	protein_coding	arm	321	0	0	0	0
SC_RS02485	SCO0098	SC_RS02485	81602	82441	-	protein_coding	arm	840	0	0	0	0
SC_RS02495	SCO0101	SC_RS02495	83516	84235	-	protein_coding	arm	720	1	0	0	1
SC_RS02500	SCO0103	SC_RS02500	85468	86643	+	protein_coding	arm	1176	1	0	1	1
SC_RS02505	SCO0104	SC_RS02505	86640	87311	+	protein_coding	arm	672	1	1	0	1
SC_RS02510	SCO0105	SC_RS02510	87907	88632	-	protein_coding	arm	726	1	0	0	1
SC_RS02515	SCO0106	SC_RS02515	89073	89465	+	protein_coding	arm	393	0	0	0	0
SC_RS02520	SCO0107	SC_RS02520	89486	90010	-	protein_coding	arm	525	0	0	0	0
SC_RS02525		SC_RS02525	90584	90757	+	protein_coding	arm	174	0	0	0	0
SC_RS02530	SCO0110	SC_RS02530	90951	91790	-	protein_coding	arm	840	0	0	0	0
SC_RS02535	SCO0111	SC_RS02535	91977	92729	+	protein_coding	arm	753	0	0	0	0
SC_RS02540		SC_RS02540	93220	93549	-	protein_coding	arm	330	0	0	0	0
SC_RS02545		SC_RS02545	93593	94087	-	protein_coding	arm	495	0	0	0	0
SC_RS02550	SCO0116	SC_RS02550	94306	94872	-	protein_coding	arm	567	0	0	0	0
SC_RS02555	SCO0117	SC_RS02555	94989	95681	+	protein_coding	arm	693	0	0	0	0
SC_RS02560	SCO0118	SC_RS02560	95995	97518	+	protein_coding	arm	1524	0	0	0	0
SC_RS02565	SCO0119	SC_RS02565	97760	98281	-	protein_coding	arm	522	0	0	0	0
SC_RS02570	SCO0120	SC_RS02570	98463	99338	-	protein_coding	arm	876	0	0	0	0
SC_RS02575	SCO0121	SC_RS02575	99335	99949	-	protein_coding	arm	615	0	0	0	0
SC_RS02580	SCO0122	SC_RS02580	100205	101566	+	protein_coding	arm	1362	0	0	0	0
SC_RS02585	SCO0123	SC_RS02585	101656	103002	-	protein_coding	arm	1347	0	0	0	0
SC_RS02590	SCO0124	SC_RS02590	103781	104989	+	protein_coding	arm	1209	0	0	0	0
SC_RS02595	SCO0125	SC_RS02595	105057	106640	+	protein_coding	arm	1584	0	0	0	0
SC_RS02600	SCO0126	SC_RS02600	106694	112885	+	protein_coding	arm	6192	1	0	1	1
SC_RS02605	SCO0127	SC_RS02605	112932	119654	+	protein_coding	arm	6723	0	0	0	0
SC_RS02610	SCO0128	SC_RS02610	119651	119833	+	protein_coding	arm	183	0	0	0	0
SC_RS02615	SCO0130	SC_RS02615	120457	121371	+	protein_coding	arm	915	0	0	0	0
SC_RS02620	SCO0131	SC_RS02620	121617	122456	-	protein_coding	arm	840	0	0	0	0
SC_RS02625	SCO0132	SC_RS02625	122743	125502	+	protein_coding	arm	2760	0	0	0	0
SC_RS02630	SCO0133	SC_RS02630	125625	126005	-	protein_coding	arm	381	0	0	0	0
SC_RS02635	SCO0135	SC_RS02635	127571	128290	+	protein_coding	arm	720	0	0	0	0
SC_RS02640	SCO0136	SC_RS02640	128634	130184	-	protein_coding	arm	1551	1	0	0	1
SC_RS02645	SCO0137	SC_RS02645	130201	131001	-	protein_coding	arm	801	1	0	0	1
SC_RS02650	SCO0138	SC_RS02650	131523	132296	+	protein_coding	arm	774	1	0	1	1
SC_RS02655	SCO0139	SC_RS02655	132327	132647	+	protein_coding	arm	321	1	0	0	1
SC_RS02660	SCO0140	SC_RS02660	132693	133520	+	protein_coding	arm	828	1	0	0	1
SC_RS02665	SCO0141	SC_RS02665	133570	134121	-	protein_coding	arm	552	0	0	0	0
SC_RS02670	SCO0142	SC_RS02670	134295	136100	-	protein_coding	arm	1806	0	0	0	0
SC_RS02675		SC_RS02675	136149	136307	+	protein_coding	arm	159	0	0	0	0
SC_RS02680	SCO0143	SC_RS02680	136683	137183	+	protein_coding	arm	501	1	0	0	1
SC_RS02685	SCO0144	SC_RS02685	137197	137556	+	protein_coding	arm	360	1	0	0	1
SC_RS02690	SCO0145	SC_RS02690	137561	138589	+	protein_coding	arm	1029	2	0	0	2
SC_RS02700	SCO0147	SC_RS02700	138976	139467	+	protein_coding	arm	492	2	0	1	2
SC_RS02705	SCO0148	SC_RS02705	139467	139712	+	protein_coding	arm	246	2	1	0	2
SC_RS02715	SCO0151	SC_RS02715	141370	141708	+	protein_coding	arm	339	1	0	0	1
SC_RS02720	SCO0152	SC_RS02720	141705	143315	+	protein_coding	arm	1611	1	0	0	1
SC_RS02725	SCO0153	SC_RS02725	143776	144363	-	protein_coding	arm	588	0	0	0	0
SC_RS02730	SCO0154	SC_RS02730	144704	145366	-	protein_coding	arm	663	0	0	0	0
SC_RS02735	SCO0155	SC_RS02735	145499	146122	+	protein_coding	arm	624	0	0	0	0
SC_RS02740	SCO0158	SC_RS02740	146977	148206	+	protein_coding	arm	1230	1	0	0	1
SC_RS02745	SCO0159	SC_RS02745	148225	149184	+	protein_coding	arm	960	1	0	0	1
SC_RS02750	SCO0160	SC_RS02750	149508	150209	-	protein_coding	arm	702	1	0	1	1
SC_RS02755	SCO0162	SC_RS02755	150579	151571	+	protein_coding	arm	993	1	0	0	1
SC_RS02760	SCO0163	SC_RS02760	151749	153275	+	protein_coding	arm	1527	1	0	0	1
SC_RS02765	SCO0164	SC_RS02765	153398	155728	+	protein_coding	arm	2331	0	0	0	0
SC_RS02770	SCO0165	SC_RS02770	155707	156120	-	protein_coding	arm	414	0	0	0	0
SC_RS02775	SCO0166	ppk2	156338	157141	+	protein_coding	arm	804	0	0	0	0
SC_RS02780	SCO0167	SC_RS02780	157189	158073	-	protein_coding	arm	885	0	0	0	0
SC_RS02785	SCO0168	SC_RS02785	158846	159304	+	protein_coding	arm	459	0	0	0	0
SC_RS02790	SCO0169	SC_RS02790	159339	160025	+	protein_coding	arm	687	0	0	0	0
SC_RS02795		SC_RS02795	160026	160238	-	protein_coding	arm	213	0	0	0	0
SC_RS02800	SCO0170	SC_RS02800	160356	161027	-	protein_coding	arm	672	0	0	0	0
SC_RS02805	SCO0171	SC_RS02805	161237	162553	+	protein_coding	arm	1317	0	0	0	0
SC_RS02810	SCO0172	SC_RS02810	162661	163119	+	protein_coding	arm	459	0	0	0	0
SC_RS02815	SCO0173	SC_RS02815	163235	163891	-	protein_coding	arm	657	0	0	0	0
SC_RS02820	SCO0174	SC_RS02820	164023	164931	-	protein_coding	arm	909	0	0	0	0
SC_RS02825		SC_RS02825	165275	165397	+	protein_coding	arm	123	0	0	0	0
SC_RS02830	SCO0176	SC_RS02830	165478	165855	+	protein_coding	arm	378	0	0	0	0
SC_RS02835	SCO0177	SC_RS02835	166033	166614	+	protein_coding	arm	582	0	0	0	0
SC_RS02845	SCO0179	SC_RS02845	167444	168514	-	protein_coding	arm	1071	0	0	0	0
SC_RS02850	SCO0180	SC_RS02850	168705	169556	-	protein_coding	arm	852	0	0	0	0
SC_RS02855	SCO0181	SC_RS02855	169584	170486	-	protein_coding	arm	903	0	0	0	0
SC_RS02875	SCO0185	SC_RS02875	173801	174946	+	protein_coding	arm	1146	1	0	0	1
SC_RS02880	SCO0186	crtI	174943	176514	+	protein_coding	arm	1572	1	0	1	1
SC_RS02885	SCO0187	SC_RS02885	176501	177496	+	protein_coding	arm	996	2	0	0	2
SC_RS02890	SCO0188	SC_RS02890	177493	178503	+	protein_coding	arm	1011	2	0	0	2
SC_RS02895	SCO0189	SC_RS02895	178519	180087	-	protein_coding	arm	1569	1	0	1	1
SC_RS02900	SCO0190	SC_RS02900	180084	180824	-	protein_coding	arm	741	1	0	0	1
SC_RS02905	SCO0191	SC_RS02905	180821	182038	-	protein_coding	arm	1218	0	0	0	0
SC_RS02910	SCO0192	SC_RS02910	182309	183559	-	protein_coding	arm	1251	0	0	0	0
SC_RS02915	SCO0193	SC_RS02915	183793	184797	-	protein_coding	arm	1005	0	0	0	0
SC_RS02920	SCO0194	SC_RS02920	184958	185566	+	protein_coding	arm	609	0	0	0	0
SC_RS02925	SCO0195	SC_RS02925	185675	186361	+	protein_coding	arm	687	0	0	0	0
SC_RS02930	SCO0196	SC_RS02930	186447	186887	+	protein_coding	arm	441	0	0	0	0
SC_RS02935	SCO0197	SC_RS02935	187019	187459	-	protein_coding	arm	441	0	0	0	0
SC_RS02940	SCO0198	SC_RS02940	187992	188858	-	protein_coding	arm	867	0	0	0	0
SC_RS02945	SCO0199	adhP	188864	189886	-	protein_coding	arm	1023	0	0	0	0
SC_RS02950	SCO0200	SC_RS02950	189925	190830	-	protein_coding	arm	906	0	0	0	0
SC_RS02955	SCO0201	SC_RS02955	190983	191612	-	protein_coding	arm	630	0	0	0	0
SC_RS02960	SCO0202	SC_RS02960	191904	192848	+	protein_coding	arm	945	0	0	0	0
SC_RS02965	SCO0203	SC_RS02965	192880	194637	-	protein_coding	arm	1758	0	0	0	0
SC_RS02970	SCO0204	SC_RS02970	194760	195461	-	protein_coding	arm	702	0	0	0	0
SC_RS02980	SCO0207	SC_RS02980	196386	196991	-	protein_coding	arm	606	0	0	0	0
SC_RS02985	SCO0208	ppdK	197221	199917	+	protein_coding	arm	2697	0	0	0	0
SC_RS02990	SCO0209	SC_RS02990	200024	200428	+	protein_coding	arm	405	0	0	0	0
SC_RS02995	SCO0210	SC_RS02995	200701	201369	+	protein_coding	arm	669	1	0	0	1
SC_RS03000	SCO0211	SC_RS03000	201374	202090	+	protein_coding	arm	717	1	0	0	1
SC_RS03005	SCO0212	SC_RS03005	202370	202843	-	protein_coding	arm	474	1	1	0	1
SC_RS03010	SCO0213	SC_RS03010	202863	204101	-	protein_coding	arm	1239	1	0	1	1
SC_RS03015	SCO0214	SC_RS03015	204387	204800	+	protein_coding	arm	414	1	0	0	1
SC_RS03020	SCO0215	SC_RS03020	204881	205888	-	protein_coding	arm	1008	1	0	0	1
SC_RS03025	SCO0216	SC_RS03025	206480	210181	+	protein_coding	arm	3702	0	0	0	0
SC_RS03030	SCO0217	narH	210183	211751	+	protein_coding	arm	1569	0	0	0	0
SC_RS03035	SCO0218	narJ	211748	212551	+	protein_coding	arm	804	0	0	0	0
SC_RS03040	SCO0219	narI	212551	213321	+	protein_coding	arm	771	0	0	0	0
SC_RS03045	SCO0220	SC_RS03045	213421	213870	+	protein_coding	arm	450	0	0	0	0
SC_RS03055	SCO0222	SC_RS03055	214913	215446	+	protein_coding	arm	534	0	0	0	0
SC_RS03060	SCO0224	SC_RS03060	215807	216844	-	protein_coding	arm	1038	0	0	0	0
SC_RS03065	SCO0226	SC_RS03065	217315	217968	-	protein_coding	arm	654	0	0	0	0
SC_RS03070		SC_RS03070	218481	218771	+	protein_coding	arm	291	0	0	0	0
SC_RS03075	SCO0229	SC_RS03075	219302	220150	+	protein_coding	arm	849	0	0	0	0
SC_RS03080	SCO0230	SC_RS03080	220150	220764	+	protein_coding	arm	615	0	0	0	0
SC_RS03085	SCO0231	SC_RS03085	221092	221247	-	protein_coding	arm	156	0	0	0	0
SC_RS03090	SCO0232	SC_RS03090	221414	221599	-	protein_coding	arm	186	0	0	0	0
SC_RS03095	SCO0233	SC_RS03095	221699	222538	-	protein_coding	arm	840	0	0	0	0
SC_RS03100	SCO0234	SC_RS03100	222827	223288	+	protein_coding	arm	462	0	0	0	0
SC_RS03105	SCO0235	SC_RS03105	223294	224232	+	protein_coding	arm	939	0	0	0	0
SC_RS03110	SCO0236	SC_RS03110	224404	225276	-	protein_coding	arm	873	0	0	0	0
SC_RS03115	SCO0237	SC_RS03115	225476	226237	+	protein_coding	arm	762	0	0	0	0
SC_RS03120	SCO0238	SC_RS03120	226481	227008	+	protein_coding	arm	528	0	0	0	0
SC_RS03125	SCO0239	SC_RS03125	227081	228154	-	protein_coding	arm	1074	0	0	0	0
SC_RS03130	SCO0240	SC_RS03130	228714	229649	-	protein_coding	arm	936	0	0	0	0
SC_RS03135	SCO0241	SC_RS03135	229995	230669	+	protein_coding	arm	675	0	0	0	0
SC_RS03140	SCO0242	SC_RS03140	231022	231465	+	protein_coding	arm	444	0	0	0	0
SC_RS03145	SCO0243	SC_RS03145	231475	231654	+	protein_coding	arm	180	0	0	0	0
SC_RS03150	SCO0244	SC_RS03150	232508	233518	+	protein_coding	arm	1011	0	0	0	0
SC_RS03155	SCO0245	SC_RS03155	233854	234873	-	protein_coding	arm	1020	0	0	0	0
SC_RS03160	SCO0246	SC_RS03160	234870	236207	-	protein_coding	arm	1338	0	0	0	0
SC_RS03165	SCO0247	SC_RS03165	236794	237807	+	protein_coding	arm	1014	0	0	0	0
SC_RS03170	SCO0249	SC_RS03170	238280	239794	-	protein_coding	arm	1515	1	0	0	1
SC_RS03175	SCO0250	SC_RS03175	239858	240523	+	protein_coding	arm	666	2	0	0	2
SC_RS03180	SCO0252	SC_RS03180	240876	242123	-	protein_coding	arm	1248	2	0	2	2
SC_RS03185	SCO0253	SC_RS03185	242203	242766	+	protein_coding	arm	564	2	1	0	2
SC_RS03190	SCO0254	SC_RS03190	243022	243762	-	protein_coding	arm	741	2	0	0	2
SC_RS03195	SCO0255	SC_RS03195	243936	245759	-	protein_coding	arm	1824	1	0	0	1
SC_RS03200	SCO0256	SC_RS03200	245986	246783	+	protein_coding	arm	798	0	0	0	0
SC_RS03205	SCO0257	SC_RS03205	246868	247869	+	protein_coding	arm	1002	0	0	0	0
SC_RS03210	SCO0258	SC_RS03210	247871	248680	+	protein_coding	arm	810	0	0	0	0
SC_RS03215	SCO0259	SC_RS03215	248677	249702	+	protein_coding	arm	1026	1	0	0	1
SC_RS03220	SCO0260	SC_RS03220	249755	250084	+	protein_coding	arm	330	1	0	0	1
SC_RS03225	SCO0261	SC_RS03225	250164	250691	-	protein_coding	arm	528	1	0	0	1
SC_RS03230	SCO0262	SC_RS03230	250805	251740	+	protein_coding	arm	936	1	0	1	1
SC_RS03235	SCO0263	SC_RS03235	251764	252879	-	protein_coding	arm	1116	1	0	0	1
SC_RS03240	SCO0264	SC_RS03240	252946	253398	+	protein_coding	arm	453	1	0	0	1
SC_RS03245	SCO0265	SC_RS03245	253499	254290	+	protein_coding	arm	792	0	0	0	0
SC_RS03250	SCO0266	SC_RS03250	254332	255198	-	protein_coding	arm	867	0	0	0	0
SC_RS03255	SCO0267	SC_RS03255	255311	256087	+	protein_coding	arm	777	0	0	0	0
SC_RS03260	SCO0268	lanA	256281	256442	+	protein_coding	arm	162	0	0	0	0
SC_RS03265	SCO0269	SC_RS03265	256526	259687	+	protein_coding	arm	3162	0	0	0	0
SC_RS03270	SCO0270	SC_RS03270	259684	261084	+	protein_coding	arm	1401	0	0	0	0
SC_RS03275	SCO0271	SC_RS03275	261366	262319	+	protein_coding	arm	954	0	0	0	0
SC_RS03280	SCO0272	SC_RS03280	262330	263220	+	protein_coding	arm	891	0	0	0	0
SC_RS03285	SCO0273	SC_RS03285	263285	264634	+	protein_coding	arm	1350	0	0	0	0
SC_RS03290	SCO0274	SC_RS03290	264764	266263	+	protein_coding	arm	1500	0	0	0	0
SC_RS03295	SCO0275	SC_RS03295	266356	267513	+	protein_coding	arm	1158	0	0	0	0
SC_RS03300	SCO0276	SC_RS03300	267585	268838	+	protein_coding	arm	1254	0	0	0	0
SC_RS03305	SCO0277	SC_RS03305	269020	269688	-	protein_coding	arm	669	0	0	0	0
SC_RS03310	SCO0278	SC_RS03310	269783	270397	+	protein_coding	arm	615	0	0	0	0
SC_RS03315	SCO0279	SC_RS03315	270444	271748	+	protein_coding	arm	1305	0	0	0	0
SC_RS03320	SCO0280	SC_RS03320	271768	272469	-	protein_coding	arm	702	0	0	0	0
SC_RS03325	SCO0281	SC_RS03325	272466	272849	-	protein_coding	arm	384	0	0	0	0
SC_RS03330	SCO0282	SC_RS03330	272898	273656	+	protein_coding	arm	759	0	0	0	0
SC_RS03335	SCO0283	SC_RS03335	274101	274535	-	protein_coding	arm	435	0	0	0	0
SC_RS03340	SCO0284	SC_RS03340	274763	276805	+	protein_coding	arm	2043	0	0	0	0
SC_RS03345	SCO0285	SC_RS03345	276953	278827	+	protein_coding	arm	1875	0	0	0	0
SC_RS03350	SCO0286	SC_RS03350	278910	279416	-	protein_coding	arm	507	0	0	0	0
SC_RS03355	SCO0287	SC_RS03355	279691	280695	+	protein_coding	arm	1005	0	0	0	0
SC_RS03360	SCO0288	SC_RS03360	280692	281132	-	protein_coding	arm	441	0	0	0	0
SC_RS03365	SCO0289	SC_RS03365	281129	282157	-	protein_coding	arm	1029	0	0	0	0
SC_RS03370	SCO0290	SC_RS03370	282491	283801	+	protein_coding	arm	1311	0	0	0	0
SC_RS03375	SCO0291	SC_RS03375	283798	284700	+	protein_coding	arm	903	0	0	0	0
SC_RS03380	SCO0292	SC_RS03380	284702	285598	+	protein_coding	arm	897	0	0	0	0
SC_RS03385	SCO0293	SC_RS03385	285714	288104	+	protein_coding	arm	2391	0	0	0	0
SC_RS03390	SCO0294	SC_RS03390	288187	288840	-	protein_coding	arm	654	0	0	0	0
SC_RS03395	SCO0295	SC_RS03395	288987	290456	-	protein_coding	arm	1470	0	0	0	0
SC_RS03400	SCO0296	SC_RS03400	290584	291165	+	protein_coding	arm	582	0	0	0	0
SC_RS03405	SCO0297	SC_RS03405	291315	292592	+	protein_coding	arm	1278	0	0	0	0
SC_RS03410	SCO0298	SC_RS03410	292656	293519	-	protein_coding	arm	864	0	0	0	0
SC_RS03415	SCO0299	SC_RS03415	293613	294497	+	protein_coding	arm	885	0	0	0	0
SC_RS03420	SCO0300	SC_RS03420	294494	296305	-	protein_coding	arm	1812	0	0	0	0
SC_RS03425	SCO0301	SC_RS03425	296477	297499	+	protein_coding	arm	1023	0	0	0	0
SC_RS03430	SCO0302	SC_RS03430	297515	298108	-	protein_coding	arm	594	0	0	0	0
SC_RS03435	SCO0304	SC_RS03435	298468	298836	-	protein_coding	arm	369	0	0	0	0
SC_RS03440	SCO0305	SC_RS03440	299213	302092	+	protein_coding	arm	2880	0	0	0	0
SC_RS03445	SCO0306	SC_RS03445	302053	303030	-	protein_coding	arm	978	1	0	0	1
SC_RS03450	SCO0307	SC_RS03450	303084	303971	+	protein_coding	arm	888	1	0	0	1
SC_RS03455	SCO0308	SC_RS03455	304074	305429	+	protein_coding	arm	1356	1	0	1	1
SC_RS03460	SCO0309	SC_RS03460	305537	306721	-	protein_coding	arm	1185	1	0	0	1
SC_RS03465	SCO0310	SC_RS03465	306816	307460	-	protein_coding	arm	645	0	0	0	0
SC_RS03470	SCO0311	SC_RS03470	307575	309131	+	protein_coding	arm	1557	0	0	0	0
SC_RS03475	SCO0312	SC_RS03475	309147	310316	+	protein_coding	arm	1170	0	0	0	0
SC_RS03480	SCO0313	SC_RS03480	310378	311727	+	protein_coding	arm	1350	0	0	0	0
SC_RS03485	SCO0314	SC_RS03485	311724	313670	+	protein_coding	arm	1947	0	0	0	0
SC_RS03490	SCO0315	SC_RS03490	313697	315055	-	protein_coding	arm	1359	0	0	0	0
SC_RS03495	SCO0316	SC_RS03495	315254	316921	-	protein_coding	arm	1668	0	0	0	0
SC_RS03500	SCO0317	SC_RS03500	316975	318237	-	protein_coding	arm	1263	0	0	0	0
SC_RS03505	SCO0318	SC_RS03505	318329	319288	-	protein_coding	arm	960	0	0	0	0
SC_RS03515	SCO0320	SC_RS03515	320113	320583	+	protein_coding	arm	471	0	0	0	0
SC_RS03520	SCO0321	SC_RS03520	320720	322255	+	protein_coding	arm	1536	1	0	0	1
SC_RS03525	SCO0322	SC_RS03525	322244	323938	-	protein_coding	arm	1695	1	0	1	1
SC_RS03530		SC_RS03530	324330	324617	+	protein_coding	arm	288	1	0	0	1
SC_RS03540	SCO0324	SC_RS03540	325238	327616	-	protein_coding	arm	2379	1	0	0	1
SC_RS03545	SCO0325	SC_RS03545	327944	328264	+	protein_coding	arm	321	0	0	0	0
SC_RS03550	SCO0326	SC_RS03550	328333	329301	+	protein_coding	arm	969	0	0	0	0
SC_RS03555	SCO0328	SC_RS03555	329342	330174	+	protein_coding	arm	833	0	0	0	0
SC_RS03560	SCO0329	SC_RS03560	330235	331365	+	protein_coding	arm	1131	0	0	0	0
SC_RS03565	SCO0330	SC_RS03565	331504	332253	+	protein_coding	arm	750	0	0	0	0
SC_RS03570	SCO0331	SC_RS03570	332311	333210	+	protein_coding	arm	900	1	0	0	1
SC_RS03575	SCO0332	SC_RS03575	333529	334149	+	protein_coding	arm	621	1	0	0	1
SC_RS03580	SCO0333	SC_RS03580	334223	335734	-	protein_coding	arm	1512	1	0	1	1
SC_RS03585	SCO0334	SC_RS03585	335948	336292	+	protein_coding	arm	345	1	0	0	1
SC_RS03590	SCO0335	SC_RS03590	336333	339467	+	protein_coding	arm	3135	1	0	0	1
SC_RS03595	SCO0336	SC_RS03595	339521	340630	-	protein_coding	arm	1110	0	0	0	0
SC_RS03600	SCO0337	SC_RS03600	340752	341318	+	protein_coding	arm	567	0	0	0	0
SC_RS03605	SCO0338	SC_RS03605	341370	341909	-	protein_coding	arm	540	0	0	0	0
SC_RS03610	SCO0339	SC_RS03610	341803	342561	+	protein_coding	arm	759	0	0	0	0
SC_RS03615	SCO0340	SC_RS03615	342578	343156	-	protein_coding	arm	579	0	0	0	0
SC_RS03620	SCO0341	SC_RS03620	343234	345663	-	protein_coding	arm	2430	0	0	0	0
SC_RS03625	SCO0342	SC_RS03625	345817	347706	-	protein_coding	arm	1890	0	0	0	0
SC_RS03630	SCO0344	SC_RS03630	348206	349381	+	protein_coding	arm	1176	0	0	0	0
SC_RS03635	SCO0345	SC_RS03635	349419	350201	-	protein_coding	arm	783	0	0	0	0
SC_RS03640	SCO0346	SC_RS03640	350474	351352	+	protein_coding	arm	879	0	0	0	0
SC_RS03645	SCO0347	SC_RS03645	351529	352779	+	protein_coding	arm	1251	0	0	0	0
SC_RS03650	SCO0348	SC_RS03650	352776	353795	+	protein_coding	arm	1020	0	0	0	0
SC_RS03655	SCO0349	SC_RS03655	353801	354805	+	protein_coding	arm	1005	0	0	0	0
SC_RS03660	SCO0350	SC_RS03660	354802	355686	+	protein_coding	arm	885	0	0	0	0
SC_RS03665	SCO0351	SC_RS03665	355713	357158	+	protein_coding	arm	1446	0	0	0	0
SC_RS03670	SCO0352	SC_RS03670	357203	358477	+	protein_coding	arm	1275	0	0	0	0
SC_RS03675	SCO0353	SC_RS03675	358481	359392	+	protein_coding	arm	912	0	0	0	0
SC_RS03680	SCO0354	SC_RS03680	359389	360231	+	protein_coding	arm	843	0	0	0	0
SC_RS03685	SCO0355	SC_RS03685	360305	360646	+	protein_coding	arm	342	0	0	0	0
SC_RS03690	SCO0356	SC_RS03690	360674	361465	+	protein_coding	arm	792	0	0	0	0
SC_RS03695	SCO0357	SC_RS03695	361759	362508	-	protein_coding	arm	750	0	0	0	0
SC_RS03700	SCO0358	SC_RS03700	362635	363777	+	protein_coding	arm	1143	1	0	0	1
SC_RS03705	SCO0359	SC_RS03705	363831	364496	+	protein_coding	arm	666	1	0	0	1
SC_RS03710	SCO0360	SC_RS03710	364559	365602	-	protein_coding	arm	1044	1	0	1	1
SC_RS03715	SCO0361	SC_RS03715	365623	366795	-	protein_coding	arm	1173	1	0	0	1
SC_RS03720	SCO0362	SC_RS03720	366935	368146	+	protein_coding	arm	1212	0	0	0	0
SC_RS03725	SCO0363	SC_RS03725	368143	369252	+	protein_coding	arm	1110	0	0	0	0
SC_RS03730	SCO0364	SC_RS03730	369249	370055	+	protein_coding	arm	807	0	0	0	0
SC_RS03735	SCO0365	SC_RS03735	370066	370812	+	protein_coding	arm	747	0	0	0	0
SC_RS03740	SCO0366	SC_RS03740	370809	371876	+	protein_coding	arm	1068	1	0	0	1
SC_RS03745		SC_RS03745	371921	372928	-	protein_coding	arm	1008	1	0	1	1
SC_RS03750	SCO0368	SC_RS03750	373045	374001	+	protein_coding	arm	957	1	1	0	1
SC_RS03755	SCO0369	SC_RS03755	373998	377255	-	protein_coding	arm	3258	1	0	0	1
SC_RS03760	SCO0370	SC_RS03760	377286	380690	-	protein_coding	arm	3405	1	0	0	1
SC_RS03765	SCO0371	SC_RS03765	380751	383360	-	protein_coding	arm	2610	1	0	1	1
SC_RS03770	SCO0372	SC_RS03770	383578	386592	-	protein_coding	arm	3015	1	0	0	1
SC_RS03775	SCO0373	SC_RS03775	386761	387324	-	protein_coding	arm	564	0	0	0	0
SC_RS03780	SCO0374	SC_RS03780	387750	389519	+	protein_coding	arm	1770	0	0	0	0
SC_RS03785	SCO0375	SC_RS03785	389531	391123	-	protein_coding	arm	1593	0	0	0	0
SC_RS03790	SCO0376	SC_RS03790	391232	391834	+	protein_coding	arm	603	0	0	0	0
SC_RS03795	SCO0377	SC_RS03795	391950	392483	-	protein_coding	arm	534	0	0	0	0
SC_RS03800	SCO0378	SC_RS03800	392484	393212	-	protein_coding	arm	729	0	0	0	0
SC_RS03805	SCO0379	SC_RS03805	393498	394961	+	protein_coding	arm	1464	0	0	0	0
SC_RS03810	SCO0380	SC_RS03810	395065	395460	+	protein_coding	arm	396	0	0	0	0
SC_RS03815	SCO0381	SC_RS03815	395939	397414	+	protein_coding	arm	1476	0	0	0	0
SC_RS03820	SCO0382	SC_RS03820	397485	398810	+	protein_coding	arm	1326	0	0	0	0
SC_RS03825	SCO0383	SC_RS03825	398800	400104	+	protein_coding	arm	1305	0	0	0	0
SC_RS03830	SCO0384	SC_RS03830	400101	401468	+	protein_coding	arm	1368	0	0	0	0
SC_RS03835	SCO0385	SC_RS03835	401465	403030	+	protein_coding	arm	1566	0	0	0	0
SC_RS03840	SCO0386	asnB	403034	404968	+	protein_coding	arm	1935	1	0	0	1
SC_RS03845	SCO0387	SC_RS03845	405058	407250	+	protein_coding	arm	2193	1	0	1	1
SC_RS03850	SCO0388	SC_RS03850	407247	409214	+	protein_coding	arm	1968	1	0	0	1
SC_RS03855	SCO0389	SC_RS03855	409237	410772	+	protein_coding	arm	1536	0	0	0	0
SC_RS03860	SCO0390	SC_RS03860	410774	412006	+	protein_coding	arm	1233	0	0	0	0
SC_RS03865	SCO0391	SC_RS03865	412009	413250	+	protein_coding	arm	1242	0	0	0	0
SC_RS03870	SCO0392	SC_RS03870	413247	414497	+	protein_coding	arm	1251	0	0	0	0
SC_RS03875	SCO0393	SC_RS03875	414494	415303	+	protein_coding	arm	810	0	0	0	0
SC_RS03880	SCO0394	SC_RS03880	415300	415947	+	protein_coding	arm	648	0	0	0	0
SC_RS03885	SCO0395	SC_RS03885	415951	416976	+	protein_coding	arm	1026	0	0	0	0
SC_RS03890	SCO0396	SC_RS03890	416964	418247	+	protein_coding	arm	1284	1	0	0	1
SC_RS03895	SCO0397	SC_RS03895	418253	419542	+	protein_coding	arm	1290	1	0	0	1
SC_RS03900	SCO0398	SC_RS03900	419539	420486	+	protein_coding	arm	948	1	0	1	1
SC_RS03905	SCO0399	SC_RS03905	420483	421715	+	protein_coding	arm	1233	1	0	0	1
SC_RS03910	SCO0400	SC_RS03910	421712	422263	+	protein_coding	arm	552	1	0	0	1
SC_RS03915	SCO0401	SC_RS03915	422271	423596	+	protein_coding	arm	1326	0	0	0	0
SC_RS03920	SCO0402	SC_RS03920	423654	424406	-	protein_coding	arm	753	0	0	0	0
SC_RS03925	SCO0403	SC_RS03925	424609	425172	-	protein_coding	arm	564	0	0	0	0
SC_RS03930	SCO0404	SC_RS03930	425291	425983	+	protein_coding	arm	693	0	0	0	0
SC_RS03935	SCO0405	SC_RS03935	426015	426833	-	protein_coding	arm	819	0	0	0	0
SC_RS03940	SCO0406	SC_RS03940	426932	427606	+	protein_coding	arm	675	1	0	0	1
SC_RS03945	SCO0407	SC_RS03945	427610	428614	+	protein_coding	arm	1005	1	0	0	1
SC_RS03950	SCO0408	SC_RS03950	428657	429403	+	protein_coding	arm	747	1	0	1	1
SC_RS03955	SCO0409	SC_RS03955	429492	429956	-	protein_coding	arm	465	1	0	0	1
SC_RS03960	SCO0410	SC_RS03960	430071	431162	-	protein_coding	arm	1092	1	0	0	1
SC_RS03965	SCO0411	SC_RS03965	431312	431551	+	protein_coding	arm	240	0	0	0	0
SC_RS03970	SCO0412	SC_RS03970	431551	431934	+	protein_coding	arm	384	0	0	0	0
SC_RS03975	SCO0413	SC_RS03975	431962	432564	-	protein_coding	arm	603	0	0	0	0
SC_RS03980	SCO0414	sigJ	432617	433513	-	protein_coding	arm	897	0	0	0	0
SC_RS03985	SCO0415	SC_RS03985	433615	433977	+	protein_coding	arm	363	0	0	0	0
SC_RS03990	SCO0416	SC_RS03990	433984	434589	-	protein_coding	arm	606	1	0	0	1
SC_RS03995	SCO0417	SC_RS03995	434651	435397	-	protein_coding	arm	747	1	0	0	1
SC_RS04000	SCO0418	SC_RS04000	435489	436103	+	protein_coding	arm	615	1	0	0	1
SC_RS04005	SCO0419	SC_RS04005	436235	437224	+	protein_coding	arm	990	1	0	1	1
SC_RS04010	SCO0420	SC_RS04010	437253	438287	-	protein_coding	arm	1035	1	0	0	1
SC_RS04015	SCO0421	SC_RS04015	438329	439000	-	protein_coding	arm	672	1	0	0	1
SC_RS04020	SCO0422	SC_RS04020	438997	440190	-	protein_coding	arm	1194	1	0	0	1
SC_RS04025	SCO0423	SC_RS04025	440282	442579	-	protein_coding	arm	2298	1	0	1	1
SC_RS04030	SCO0424	SC_RS04030	442787	443191	+	protein_coding	arm	405	1	0	0	1
SC_RS04035	SCO0425	SC_RS04035	443293	444243	-	protein_coding	arm	951	1	0	0	1
SC_RS04040	SCO0426	SC_RS04040	444441	444671	+	protein_coding	arm	231	0	0	0	0
SC_RS04045	SCO0427	SC_RS04045	444752	445588	+	protein_coding	arm	837	0	0	0	0
SC_RS04050	SCO0428	SC_RS04050	445611	446144	+	protein_coding	arm	534	0	0	0	0
SC_RS04055	SCO0429	SC_RS04055	446214	447161	-	protein_coding	arm	948	0	0	0	0
SC_RS04060	SCO0430	SC_RS04060	447245	447868	+	protein_coding	arm	624	0	0	0	0
SC_RS04065	SCO0431	SC_RS04065	447890	449218	-	protein_coding	arm	1329	1	0	0	1
SC_RS04070	SCO0432	SC_RS04070	449515	453252	+	protein_coding	arm	3738	1	0	1	1
SC_RS04075	SCO0433	SC_RS04075	453370	454374	+	protein_coding	arm	1005	0	0	0	0
SC_RS04080	SCO0434	malX	454546	456195	+	protein_coding	arm	1650	0	0	0	0
SC_RS04085	SCO0435	SC_RS04085	456192	457397	+	protein_coding	arm	1206	0	0	0	0
SC_RS04090	SCO0436	rpmF	457484	457654	+	protein_coding	arm	171	1	0	0	1
SC_RS04095	SCO0437	SC_RS04095	457670	458695	-	protein_coding	arm	1026	2	0	0	2
SC_RS04100	SCO0438	pcp	458695	459345	-	protein_coding	arm	651	2	1	0	2
SC_RS04105	SCO0439	SC_RS04105	459393	460367	-	protein_coding	arm	975	2	0	2	2
SC_RS04110	SCO0440	SC_RS04110	460364	461083	-	protein_coding	arm	720	2	0	0	2
SC_RS04115	SCO0441	SC_RS04115	461350	462102	+	protein_coding	arm	753	2	0	0	2
SC_RS04120	SCO0442	SC_RS04120	462099	462857	+	protein_coding	arm	759	1	0	0	1
SC_RS04125	SCO0443	SC_RS04125	462854	463711	+	protein_coding	arm	858	0	0	0	0
SC_RS04130	SCO0444	SC_RS04130	463698	464099	-	protein_coding	arm	402	0	0	0	0
SC_RS04135	SCO0445	SC_RS04135	464207	465502	-	protein_coding	arm	1296	0	0	0	0
SC_RS04140	SCO0446	SC_RS04140	465496	465849	-	protein_coding	arm	354	0	0	0	0
SC_RS04145	SCO0447	SC_RS04145	465990	466436	+	protein_coding	arm	447	0	0	0	0
SC_RS04150		SC_RS04150	466429	466764	+	protein_coding	arm	336	0	0	0	0
SC_RS04155	SCO0448	SC_RS04155	466758	467909	+	protein_coding	arm	1152	0	0	0	0
SC_RS04160	SCO0449	rhaS	468153	469232	+	protein_coding	arm	1080	0	0	0	0
SC_RS04165	SCO0450	SC_RS04165	469315	470304	-	protein_coding	arm	990	0	0	0	0
SC_RS04170	SCO0451	SC_RS04170	470355	471209	-	protein_coding	arm	855	0	0	0	0
SC_RS04175	SCO0452	SC_RS04175	471415	472314	+	protein_coding	arm	900	0	0	0	0
SC_RS04180	SCO0453	SC_RS04180	472458	473747	+	protein_coding	arm	1290	0	0	0	0
SC_RS04185	SCO0454	SC_RS04185	473848	474789	+	protein_coding	arm	942	0	0	0	0
SC_RS04190	SCO0455	SC_RS04190	474804	475631	+	protein_coding	arm	828	1	0	0	1
SC_RS04195	SCO0456	SC_RS04195	475628	476671	+	protein_coding	arm	1044	1	0	0	1
SC_RS04200	SCO0457	SC_RS04200	476738	478672	+	protein_coding	arm	1935	1	0	1	1
SC_RS04205	SCO0458	SC_RS04205	478669	480957	+	protein_coding	arm	2289	1	0	0	1
SC_RS04210	SCO0459	SC_RS04210	480973	481791	+	protein_coding	arm	819	0	0	0	0
SC_RS04215	SCO0460	SC_RS04215	481810	482319	-	protein_coding	arm	510	0	0	0	0
SC_RS04220	SCO0461	SC_RS04220	482456	483325	+	protein_coding	arm	870	0	0	0	0
SC_RS04225	SCO0462	SC_RS04225	483338	484267	-	protein_coding	arm	930	0	0	0	0
SC_RS04230	SCO0463	SC_RS04230	484318	484932	+	protein_coding	arm	615	0	0	0	0
SC_RS04235	SCO0464	SC_RS04235	484973	486670	-	protein_coding	arm	1698	0	0	0	0
SC_RS04240	SCO0465	SC_RS04240	486684	487514	-	protein_coding	arm	831	0	0	0	0
SC_RS04245	SCO0466	SC_RS04245	487618	488601	+	protein_coding	arm	984	0	0	0	0
SC_RS04250	SCO0467	SC_RS04250	488719	489357	+	protein_coding	arm	639	1	0	0	1
SC_RS04255	SCO0468	SC_RS04255	489373	490350	-	protein_coding	arm	978	1	0	0	1
SC_RS04260	SCO0469	SC_RS04260	490451	490972	+	protein_coding	arm	522	1	0	0	1
SC_RS04265	SCO0470	SC_RS04265	490983	491891	+	protein_coding	arm	909	1	0	1	1
SC_RS04270	SCO0471	SC_RS04270	491901	492881	+	protein_coding	arm	981	1	0	0	1
SC_RS04275	SCO0472	aztD	493055	494263	-	protein_coding	arm	1209	1	0	0	1
SC_RS04280	SCO0473	aztC	494260	495249	-	protein_coding	arm	990	0	0	0	0
SC_RS04285	SCO0474	SC_RS04285	495246	496493	-	protein_coding	arm	1248	0	0	0	0
SC_RS04290	SCO0475	aztB	496508	497359	-	protein_coding	arm	852	0	0	0	0
SC_RS04295	SCO0476	aztA	497375	498133	+	protein_coding	arm	759	0	0	0	0
SC_RS04300	SCO0477	SC_RS04300	498238	498630	+	protein_coding	arm	393	0	0	0	0
SC_RS04305	SCO0478	SC_RS04305	498683	499756	-	protein_coding	arm	1074	0	0	0	0
SC_RS04310	SCO0479	SC_RS04310	499952	500776	-	protein_coding	arm	825	0	0	0	0
SC_RS04315		SC_RS04315	500926	501108	-	protein_coding	arm	183	0	0	0	0
SC_RS04320		SC_RS04320	501119	501412	+	protein_coding	arm	294	0	0	0	0
SC_RS04325	SCO0481	SC_RS04325	501699	502217	+	protein_coding	arm	519	0	0	0	0
SC_RS04330	SCO0482	SC_RS04330	502342	503076	+	protein_coding	arm	735	0	0	0	0
SC_RS04335	SCO0483	SC_RS04335	503073	503474	-	protein_coding	arm	402	0	0	0	0
SC_RS04340	SCO0484	SC_RS04340	503539	504705	-	protein_coding	arm	1167	0	0	0	0
SC_RS04345	SCO0485	SC_RS04345	504854	505465	+	protein_coding	arm	612	0	0	0	0
SC_RS04350	SCO0486	SC_RS04350	505447	506670	-	protein_coding	arm	1224	0	0	0	0
SC_RS04355	SCO0487	SC_RS04355	506842	507348	+	protein_coding	arm	507	0	0	0	0
SC_RS04360	SCO0488	SC_RS04360	507451	510810	+	protein_coding	arm	3360	0	0	0	0
SC_RS04365	SCO0489	SC_RS04365	510823	511035	-	protein_coding	arm	213	0	0	0	0
SC_RS04370	SCO0490	SC_RS04370	511124	512215	+	protein_coding	arm	1092	0	0	0	0
SC_RS04375	SCO0491	SC_RS04375	512302	514002	-	protein_coding	arm	1701	0	0	0	0
SC_RS04380	SCO0492	SC_RS04380	513989	524920	-	protein_coding	arm	10932	0	0	0	0
SC_RS04385	SCO0493	SC_RS04385	524978	526783	-	protein_coding	arm	1806	0	0	0	0
SC_RS04390	SCO0494	SC_RS04390	526786	527838	-	protein_coding	arm	1053	0	0	0	0
SC_RS04395	SCO0495	SC_RS04395	527889	528752	-	protein_coding	arm	864	0	0	0	0
SC_RS04400	SCO0496	SC_RS04400	528791	529882	-	protein_coding	arm	1092	0	0	0	0
SC_RS04405	SCO0497	SC_RS04405	529894	530958	-	protein_coding	arm	1065	0	0	0	0
SC_RS04410	SCO0498	SC_RS04410	530970	532325	-	protein_coding	arm	1356	0	0	0	0
SC_RS04415	SCO0499	SC_RS04415	532501	533448	+	protein_coding	arm	948	0	0	0	0
SC_RS04420	SCO0500	SC_RS04420	533534	533773	-	protein_coding	arm	240	0	0	0	0
SC_RS04425	SCO0501	SC_RS04425	533812	535677	-	protein_coding	arm	1866	0	0	0	0
SC_RS04430	SCO0502	SC_RS04430	535974	536408	+	protein_coding	arm	435	0	0	0	0
SC_RS04435	SCO0503	SC_RS04435	536532	537512	+	protein_coding	arm	981	0	0	0	0
SC_RS04440	SCO0504	SC_RS04440	537623	538942	+	protein_coding	arm	1320	0	0	0	0
SC_RS04445	SCO0505	SC_RS04445	539123	542131	+	protein_coding	arm	3009	0	0	0	0
SC_RS04450	SCO0506	nadE	542269	543099	+	protein_coding	arm	831	0	0	0	0
SC_RS04460	SCO0508	SC_RS04460	543545	544087	+	protein_coding	arm	543	0	0	0	0
SC_RS04465	SCO0509	glpK	544194	545717	+	protein_coding	arm	1524	0	0	0	0
SC_RS04470		SC_RS04470	545730	545981	-	protein_coding	arm	252	0	0	0	0
SC_RS04475	SCO0511	SC_RS04475	546352	547116	+	protein_coding	arm	765	0	0	0	0
SC_RS04480	SCO0512	SC_RS04480	547135	547743	-	protein_coding	arm	609	0	0	0	0
SC_RS04485	SCO0513	SC_RS04485	547809	548900	+	protein_coding	arm	1092	0	0	0	0
SC_RS04490	SCO0514	SC_RS04490	548968	549621	+	protein_coding	arm	654	0	0	0	0
SC_RS04495	SCO0515	SC_RS04495	549841	550458	+	protein_coding	arm	618	0	0	0	0
SC_RS04500	SCO0516	SC_RS04500	550455	551633	+	protein_coding	arm	1179	0	0	0	0
SC_RS04510	SCO0519	SC_RS04510	552403	553140	-	protein_coding	arm	738	0	0	0	0
SC_RS04515	SCO0520	SC_RS04515	553277	553861	+	protein_coding	arm	585	0	0	0	0
SC_RS04520	SCO0521	SC_RS04520	553892	554473	+	protein_coding	arm	582	0	0	0	0
SC_RS04525	SCO0522	SC_RS04525	554706	555440	+	protein_coding	arm	735	0	0	0	0
SC_RS04530	SCO0523	SC_RS04530	555468	555905	-	protein_coding	arm	438	0	0	0	0
SC_RS04535	SCO0524	SC_RS04535	555990	556898	+	protein_coding	arm	909	0	0	0	0
SC_RS04540	SCO0525	SC_RS04540	557029	557844	+	protein_coding	arm	816	0	0	0	0
SC_RS04545	SCO0526	SC_RS04545	557882	558715	+	protein_coding	arm	834	0	0	0	0
SC_RS04550	SCO0527	SC_RS04550	558812	559015	-	protein_coding	arm	204	0	0	0	0
SC_RS04555	SCO0528	SC_RS04555	559346	560098	+	protein_coding	arm	753	0	0	0	0
SC_RS04560	SCO0529	SC_RS04560	560127	561545	-	protein_coding	arm	1419	0	0	0	0
SC_RS04565	SCO0530	SC_RS04565	561731	562576	-	protein_coding	arm	846	0	0	0	0
SC_RS04570	SCO0531	SC_RS04570	562803	564071	+	protein_coding	arm	1269	0	0	0	0
SC_RS04575	SCO0532	SC_RS04575	564117	565049	+	protein_coding	arm	933	0	0	0	0
SC_RS04580	SCO0533	SC_RS04580	565046	565903	+	protein_coding	arm	858	0	0	0	0
SC_RS04585	SCO0534	SC_RS04585	566007	567626	+	protein_coding	arm	1620	0	0	0	0
SC_RS04590	SCO0535	SC_RS04590	567623	569044	+	protein_coding	arm	1422	0	0	0	0
SC_RS04595	SCO0536	SC_RS04595	569061	569282	-	protein_coding	arm	222	0	0	0	0
SC_RS04600	SCO0537	SC_RS04600	569655	570482	+	protein_coding	arm	828	0	0	0	0
SC_RS04605	SCO0538	SC_RS04605	570520	571848	+	protein_coding	arm	1329	0	0	0	0
SC_RS04610	SCO0539	SC_RS04610	571863	572813	+	protein_coding	arm	951	0	0	0	0
SC_RS04615	SCO0540	SC_RS04615	572810	573709	+	protein_coding	arm	900	0	0	0	0
SC_RS04620	SCO0541	melA	573756	575081	+	protein_coding	arm	1326	0	0	0	0
SC_RS04625	SCO0542	SC_RS04625	575351	577984	+	protein_coding	arm	2634	0	0	0	0
SC_RS04630	SCO0543	SC_RS04630	578092	579228	+	protein_coding	arm	1137	0	0	0	0
SC_RS04635	SCO0544	SC_RS04635	579257	580789	+	protein_coding	arm	1533	0	0	0	0
SC_RS04640	SCO0545	SC_RS04640	580913	583459	+	protein_coding	arm	2547	0	0	0	0
SC_RS04645	SCO0546	SC_RS04645	583523	586897	-	protein_coding	arm	3375	1	0	1	1
SC_RS04650	SCO0547	SC_RS04650	586987	587988	-	protein_coding	arm	1002	1	0	0	1
SC_RS04655	SCO0548	SC_RS04655	587985	589271	-	protein_coding	arm	1287	0	0	0	0
SC_RS04660	SCO0549	SC_RS04660	589268	589546	-	protein_coding	arm	279	0	0	0	0
SC_RS04665	SCO0550	SC_RS04665	590017	590895	+	protein_coding	arm	879	0	0	0	0
SC_RS04670	SCO0551	SC_RS04670	590981	592309	-	protein_coding	arm	1329	0	0	0	0
SC_RS04675	SCO0552	SC_RS04675	592306	592995	-	protein_coding	arm	690	1	0	0	1
SC_RS04680	SCO0553	SC_RS04680	593049	593399	-	protein_coding	arm	351	1	0	0	1
SC_RS04685		SC_RS04685	593392	593613	+	protein_coding	arm	222	1	0	0	1
SC_RS04690	SCO0554	SC_RS04690	593641	595338	-	protein_coding	arm	1698	1	0	1	1
SC_RS04695	SCO0555	SC_RS04695	595484	597079	-	protein_coding	arm	1596	1	0	0	1
SC_RS04700	SCO0556	SC_RS04700	597132	598655	-	protein_coding	arm	1524	0	0	0	0
SC_RS04705	SCO0557	SC_RS04705	598747	599769	+	protein_coding	arm	1023	0	0	0	0
SC_RS04710	SCO0558	SC_RS04710	599712	599978	-	protein_coding	arm	267	0	0	0	0
SC_RS04715	SCO0559	SC_RS04715	600051	601052	-	protein_coding	arm	1002	0	0	0	0
SC_RS04720	SCO0560	katG	601133	603355	-	protein_coding	arm	2223	0	0	0	0
SC_RS04725	SCO0561	SC_RS04725	603385	603840	-	protein_coding	arm	456	0	0	0	0
SC_RS04730	SCO0562	SC_RS04730	603973	605085	+	protein_coding	arm	1113	0	0	0	0
SC_RS04735	SCO0563	SC_RS04735	605122	606555	-	protein_coding	arm	1434	0	0	0	0
SC_RS04740	SCO0564	SC_RS04740	606677	607837	-	protein_coding	arm	1161	0	0	0	0
SC_RS04745	SCO0565	SC_RS04745	607851	608909	-	protein_coding	arm	1059	0	0	0	0
SC_RS04750	SCO0566	SC_RS04750	608902	609186	-	protein_coding	arm	285	0	0	0	0
SC_RS04755	SCO0567	SC_RS04755	609517	610356	+	protein_coding	arm	840	0	0	0	0
SC_RS04760	SCO0568	SC_RS04760	610415	611488	-	protein_coding	arm	1074	0	0	0	0
SC_RS04765		SC_RS04765	611653	612003	+	protein_coding	arm	351	1	0	0	1
SC_RS04770	SCO0569	ykgO	611984	612106	-	protein_coding	arm	123	1	0	0	1
SC_RS04775	SCO0570	rpmG	612156	612320	-	protein_coding	arm	165	1	0	0	1
SC_RS04780	SCO0571	SC_RS04780	612426	613754	-	protein_coding	arm	1329	1	1	0	1
SC_RS04785	SCO0572	SC_RS04785	613751	615151	-	protein_coding	arm	1401	1	0	1	1
SC_RS04790	SCO0573	SC_RS04790	615154	616107	-	protein_coding	arm	954	1	0	0	1
SC_RS04795	SCO0574	SC_RS04795	616253	617086	+	protein_coding	arm	834	0	0	0	0
SC_RS04800	SCO0575	pepE	617124	617855	+	protein_coding	arm	732	1	0	0	1
SC_RS04805	SCO0576	SC_RS04805	617913	618788	-	protein_coding	arm	876	1	0	0	1
SC_RS04810	SCO0577	SC_RS04810	618788	619588	-	protein_coding	arm	801	2	1	0	2
SC_RS04815	SCO0578	SC_RS04815	619588	620367	-	protein_coding	arm	780	2	1	1	2
SC_RS04820	SCO0579	SC_RS04820	620367	620879	-	protein_coding	arm	513	2	0	1	2
SC_RS04825	SCO0580	SC_RS04825	620891	622672	-	protein_coding	arm	1782	2	0	0	2
SC_RS04830	SCO0581	SC_RS04830	622669	624036	-	protein_coding	arm	1368	1	0	0	1
SC_RS04835	SCO0582	SC_RS04835	624273	625034	+	protein_coding	arm	762	0	0	0	0
SC_RS04840	SCO0583	SC_RS04840	625127	626350	+	protein_coding	arm	1224	0	0	0	0
SC_RS04845	SCO0584	SC_RS04845	626369	627631	-	protein_coding	arm	1263	0	0	0	0
SC_RS04850	SCO0585	SC_RS04850	627628	628266	-	protein_coding	arm	639	0	0	0	0
SC_RS04855	SCO0586	SC_RS04855	628247	628603	-	protein_coding	arm	357	0	0	0	0
SC_RS04860	SCO0587	SC_RS04860	628600	629019	-	protein_coding	arm	420	0	0	0	0
SC_RS04865	SCO0588	SC_RS04865	629185	630912	-	protein_coding	arm	1728	0	0	0	0
SC_RS04870	SCO0589	SC_RS04870	631216	632103	-	protein_coding	arm	888	0	0	0	0
SC_RS04875	SCO0590	SC_RS04875	632189	633049	+	protein_coding	arm	861	0	0	0	0
SC_RS04880	SCO0591	SC_RS04880	633119	633958	+	protein_coding	arm	840	0	0	0	0
SC_RS04885	SCO0592	SC_RS04885	633986	634708	-	protein_coding	arm	723	0	0	0	0
SC_RS04890	SCO0593	SC_RS04890	634879	635670	-	protein_coding	arm	792	0	0	0	0
SC_RS04895	SCO0594	SC_RS04895	635776	636516	-	protein_coding	arm	741	0	0	0	0
SC_RS04900	SCO0595	SC_RS04900	636561	637166	+	protein_coding	arm	606	0	0	0	0
SC_RS04905	SCO0596	SC_RS04905	637261	637824	+	protein_coding	arm	564	0	0	0	0
SC_RS04910	SCO0597	SC_RS04910	637911	638267	-	protein_coding	arm	357	0	0	0	0
SC_RS04915	SCO0598	SC_RS04915	638451	638804	+	protein_coding	arm	354	0	0	0	0
SC_RS04920	SCO0599	SC_RS04920	638801	639730	+	protein_coding	arm	930	0	0	0	0
SC_RS04925	SCO0600	SC_RS04925	639859	640704	+	protein_coding	arm	846	0	0	0	0
SC_RS04930	SCO0601	ku	640719	641762	-	protein_coding	arm	1044	0	0	0	0
SC_RS04935	SCO0602	femY	642012	643133	+	protein_coding	arm	1122	0	0	0	0
SC_RS04940	SCO0603	SC_RS04940	643179	643880	+	protein_coding	arm	702	0	0	0	0
SC_RS04945	SCO0604	SC_RS04945	643926	645101	-	protein_coding	arm	1176	0	0	0	0
SC_RS04950	SCO0605	SC_RS04950	645297	646232	+	protein_coding	arm	936	1	0	0	1
SC_RS04955	SCO0606	SC_RS04955	646345	647319	+	protein_coding	arm	975	1	0	1	1
SC_RS04960	SCO0607	SC_RS04960	647444	647731	+	protein_coding	arm	288	1	1	0	1
SC_RS04965	SCO0608	slbR	647887	648765	+	protein_coding	arm	879	1	0	0	1
SC_RS04970	SCO0609	SC_RS04970	648876	649739	+	protein_coding	arm	864	1	0	0	1
SC_RS04975	SCO0610	SC_RS04975	649840	650610	+	protein_coding	arm	771	0	0	0	0
SC_RS04980	SCO0611	SC_RS04980	650624	651388	+	protein_coding	arm	765	0	0	0	0
SC_RS04985	SCO0613	SC_RS04985	651602	652864	+	protein_coding	arm	1263	0	0	0	0
SC_RS04990	SCO0614	SC_RS04990	652881	653165	-	protein_coding	arm	285	0	0	0	0
SC_RS04995	SCO0615	SC_RS04995	653448	653906	+	protein_coding	arm	459	0	0	0	0
SC_RS05000	SCO0616	SC_RS05000	653947	656322	-	protein_coding	arm	2376	0	0	0	0
SC_RS05005	SCO0617	SC_RS05005	656319	658709	-	protein_coding	arm	2391	0	0	0	0
SC_RS05010	SCO0618	SC_RS05010	659143	660528	+	protein_coding	arm	1386	0	0	0	0
SC_RS05015	SCO0619	SC_RS05015	660525	661268	+	protein_coding	arm	744	0	0	0	0
SC_RS05020	SCO0620	SC_RS05020	661329	661607	-	protein_coding	arm	279	1	0	0	1
SC_RS05025	SCO0621	SC_RS05025	661707	662291	+	protein_coding	arm	585	1	0	0	1
SC_RS05030	SCO0622	SC_RS05030	662373	663014	+	protein_coding	arm	642	1	0	0	1
SC_RS05035	SCO0623	SC_RS05035	663067	664686	+	protein_coding	arm	1620	1	0	1	1
SC_RS05040	SCO0624	SC_RS05040	664769	665773	-	protein_coding	arm	1005	1	0	0	1
SC_RS05045	SCO0625	SC_RS05045	665816	667096	-	protein_coding	arm	1281	0	0	0	0
SC_RS05050	SCO0626	SC_RS05050	667100	667744	-	protein_coding	arm	645	0	0	0	0
SC_RS05055	SCO0627	SC_RS05055	667741	669870	-	protein_coding	arm	2130	0	0	0	0
SC_RS05060	SCO0628	SC_RS05060	669972	671570	-	protein_coding	arm	1599	0	0	0	0
SC_RS05065	SCO0629	SC_RS05065	671618	672727	-	protein_coding	arm	1110	0	0	0	0
SC_RS05070	SCO0630	SC_RS05070	672882	673403	-	protein_coding	arm	522	0	0	0	0
SC_RS05075	SCO0632	SC_RS05075	673733	674317	+	protein_coding	arm	585	0	0	0	0
SC_RS05080	SCO0633	SC_RS05080	674317	675069	+	protein_coding	arm	753	0	0	0	0
SC_RS05095	SCO0635	SC_RS05095	676262	677023	+	protein_coding	arm	762	0	0	0	0
SC_RS05100	SCO0636	SC_RS05100	677227	678861	+	protein_coding	arm	1635	0	0	0	0
SC_RS05105	SCO0637	SC_RS05105	678937	679392	+	protein_coding	arm	456	0	0	0	0
SC_RS05110	SCO0638	SC_RS05110	679529	680188	-	protein_coding	arm	660	0	0	0	0
SC_RS05115	SCO0639	SC_RS05115	680496	681428	-	protein_coding	arm	933	0	0	0	0
SC_RS05120	SCO0640	SC_RS05120	681435	681863	-	protein_coding	arm	429	0	0	0	0
SC_RS05125	SCO0641	SC_RS05125	681960	682535	+	protein_coding	arm	576	1	0	0	1
SC_RS05130	SCO0642	SC_RS05130	682600	684288	-	protein_coding	arm	1689	1	0	1	1
SC_RS05135	SCO0643	SC_RS05135	684409	685095	-	protein_coding	arm	687	1	0	0	1
SC_RS05140	SCO0644	SC_RS05140	685288	687357	-	protein_coding	arm	2070	1	0	0	1
SC_RS05145	SCO0645	SC_RS05145	687554	688567	-	protein_coding	arm	1014	0	0	0	0
SC_RS05150	SCO0646	SC_RS05150	688679	689263	+	protein_coding	arm	585	0	0	0	0
SC_RS05155	SCO0647	SC_RS05155	689364	690161	+	protein_coding	arm	798	0	0	0	0
SC_RS05160	SCO0648	SC_RS05160	690228	690923	+	protein_coding	arm	696	0	0	0	0
SC_RS05165	SCO0649	SC_RS05165	690966	691283	+	protein_coding	arm	318	0	0	0	0
SC_RS05170	SCO0650	SC_RS05170	691320	691832	+	protein_coding	arm	513	0	0	0	0
SC_RS05175	SCO0651	SC_RS05175	691829	692614	+	protein_coding	arm	786	0	0	0	0
SC_RS05180	SCO0652	SC_RS05180	692619	692897	+	protein_coding	arm	279	0	0	0	0
SC_RS05185	SCO0653	SC_RS05185	692894	693445	+	protein_coding	arm	552	0	0	0	0
SC_RS05190	SCO0654	SC_RS05190	693442	694416	+	protein_coding	arm	975	0	0	0	0
SC_RS05195	SCO0655	SC_RS05195	694441	694785	+	protein_coding	arm	345	0	0	0	0
SC_RS05200	SCO0656	SC_RS05200	694782	695624	+	protein_coding	arm	843	0	0	0	0
SC_RS05205	SCO0657	SC_RS05205	695621	695869	+	protein_coding	arm	249	0	0	0	0
SC_RS05210	SCO0658	SC_RS05210	695866	696168	+	protein_coding	arm	303	0	0	0	0
SC_RS05215	SCO0659	SC_RS05215	696248	697354	+	protein_coding	arm	1107	0	0	0	0
SC_RS05220	SCO0660	SC_RS05220	697480	698811	+	protein_coding	arm	1332	0	0	0	0
SC_RS05225	SCO0661	SC_RS05225	698838	699824	+	protein_coding	arm	987	0	0	0	0
SC_RS05230	SCO0662	SC_RS05230	699821	700684	+	protein_coding	arm	864	0	0	0	0
SC_RS05235	SCO0663	SC_RS05235	700681	701712	+	protein_coding	arm	1032	0	0	0	0
SC_RS05240	SCO0664	SC_RS05240	701709	703604	+	protein_coding	arm	1896	0	0	0	0
SC_RS05245	SCO0665	SC_RS05245	703750	703977	+	protein_coding	arm	228	0	0	0	0
SC_RS05250	SCO0666	catB	704114	706393	+	protein_coding	arm	2280	0	0	0	0
SC_RS05255	SCO0667	SC_RS05255	706448	707329	-	protein_coding	arm	882	0	0	0	0
SC_RS05260	SCO0668	SC_RS05260	707401	708999	-	protein_coding	arm	1599	0	0	0	0
SC_RS05265	SCO0669	SC_RS05265	709071	709688	+	protein_coding	arm	618	0	0	0	0
SC_RS05270	SCO0670	SC_RS05270	709685	711268	+	protein_coding	arm	1584	0	0	0	0
SC_RS05275	SCO0671	SC_RS05275	711379	711657	-	protein_coding	arm	279	0	0	0	0
SC_RS05280	SCO0672	SC_RS05280	711835	712200	+	protein_coding	arm	366	0	0	0	0
SC_RS05285	SCO0673	SC_RS05285	712209	712637	-	protein_coding	arm	429	0	0	0	0
SC_RS05290	SCO0674	SC_RS05290	712829	714181	-	protein_coding	arm	1353	0	0	0	0
SC_RS05295	SCO0675	SC_RS05295	714461	717028	+	protein_coding	arm	2568	1	0	0	1
SC_RS05300	SCO0676	SC_RS05300	717150	719897	+	protein_coding	arm	2748	2	0	1	2
SC_RS05305	SCO0677	csnA	720032	720874	+	protein_coding	arm	843	1	0	0	1
SC_RS05310	SCO0678	SC_RS05310	720985	721158	-	protein_coding	arm	174	1	0	1	1
SC_RS05315	SCO0679	SC_RS05315	721317	721463	+	protein_coding	arm	147	1	1	0	1
SC_RS05320	SCO0680	SC_RS05320	721495	722964	-	protein_coding	arm	1470	1	0	0	1
SC_RS05325	SCO0681	SC_RS05325	723181	724545	+	protein_coding	arm	1365	0	0	0	0
SC_RS05330	SCO0682	SC_RS05330	724639	725013	-	protein_coding	arm	375	0	0	0	0
SC_RS05335	SCO0683	SC_RS05335	725056	725580	-	protein_coding	arm	525	0	0	0	0
SC_RS05340	SCO0684	SC_RS05340	725619	726404	-	protein_coding	arm	786	0	0	0	0
SC_RS05345	SCO0685	SC_RS05345	726401	726808	-	protein_coding	arm	408	0	0	0	0
SC_RS05350	SCO0686	SC_RS05350	726998	728068	+	protein_coding	arm	1071	0	0	0	0
SC_RS05355	SCO0687	SC_RS05355	728130	728924	-	protein_coding	arm	795	0	0	0	0
SC_RS05360	SCO0688	SC_RS05360	729117	730289	+	protein_coding	arm	1173	0	0	0	0
SC_RS05365	SCO0689	SC_RS05365	730424	730987	+	protein_coding	arm	564	0	0	0	0
SC_RS05370	SCO0690	SC_RS05370	730984	731976	+	protein_coding	arm	993	0	0	0	0
SC_RS05375	SCO0691	SC_RS05375	732005	734134	+	protein_coding	arm	2130	0	0	0	0
SC_RS05380	SCO0692	SC_RS05380	734210	735667	-	protein_coding	arm	1458	0	0	0	0
SC_RS05385	SCO0693	SC_RS05385	735872	736192	+	protein_coding	arm	321	0	0	0	0
SC_RS05390	SCO0694	tgmA	736312	736503	+	protein_coding	arm	192	0	0	0	0
SC_RS05395	SCO0695	tgmB	736520	737506	+	protein_coding	arm	987	0	0	0	0
SC_RS05400		SC_RS05400	737522	737737	-	protein_coding	arm	216	0	0	0	0
SC_RS05405	SCO0696	SC_RS05405	737846	738340	-	protein_coding	arm	495	0	0	0	0
SC_RS05415	SCO0698	SC_RS05415	739510	739773	-	protein_coding	arm	264	0	0	0	0
SC_RS05420	SCO0699	SC_RS05420	739938	740231	-	protein_coding	arm	294	0	0	0	0
SC_RS05425	SCO0700	SC_RS05425	740314	742083	-	protein_coding	arm	1770	1	0	0	1
SC_RS05430	SCO0701	SC_RS05430	742242	742787	-	protein_coding	arm	546	1	1	0	1
SC_RS05435	SCO0702	SC_RS05435	742816	743394	-	protein_coding	arm	579	1	0	1	1
SC_RS05440	SCO0703	SC_RS05440	743575	743802	+	protein_coding	arm	228	1	0	0	1
SC_RS05450	SCO0705	SC_RS05450	744945	745763	-	protein_coding	arm	819	3	1	0	3
SC_RS05455	SCO0706	SC_RS05455	745911	747194	-	protein_coding	arm	1284	2	0	2	2
SC_RS05460	SCO0707	SC_RS05460	747191	748387	-	protein_coding	arm	1197	3	0	0	3
SC_RS05465	SCO0708	SC_RS05465	748380	749279	-	protein_coding	arm	900	2	1	0	2
SC_RS05470	SCO0709	SC_RS05470	749276	750076	-	protein_coding	arm	801	1	0	1	1
SC_RS05475	SCO0710	SC_RS05475	750073	750864	-	protein_coding	arm	792	1	0	0	1
SC_RS05480	SCO0711	SC_RS05480	751917	753197	-	protein_coding	arm	1281	1	1	0	1
SC_RS05485	SCO0712	SC_RS05485	753318	756143	-	protein_coding	arm	2826	1	0	1	1
SC_RS05490	SCO0713	bdeA	756314	757246	-	protein_coding	arm	933	0	0	0	0
SC_RS05495	SCO0714	SC_RS05495	757637	758524	+	protein_coding	arm	888	0	0	0	0
SC_RS05500	SCO0715	SC_RS05500	758531	758902	-	protein_coding	arm	372	0	0	0	0
SC_RS05505	SCO0716	SC_RS05505	759197	760399	+	protein_coding	arm	1203	0	0	0	0
SC_RS05510	SCO0717	SC_RS05510	760471	761598	+	protein_coding	arm	1128	0	0	0	0
SC_RS05515	SCO0718	SC_RS05515	761675	761896	+	protein_coding	arm	222	0	0	0	0
SC_RS05520	SCO0719	SC_RS05520	762009	762485	-	protein_coding	arm	477	0	0	0	0
SC_RS05525	SCO0720	SC_RS05525	762558	764051	-	protein_coding	arm	1494	0	0	0	0
SC_RS05530	SCO0721	SC_RS05530	764216	766594	-	protein_coding	arm	2379	0	0	0	0
SC_RS05535	SCO0722	SC_RS05535	766591	767331	-	protein_coding	arm	741	0	0	0	0
SC_RS05540	SCO0723	SC_RS05540	767385	768074	+	protein_coding	arm	690	0	0	0	0
SC_RS05545		SC_RS05545	768099	768272	-	protein_coding	arm	174	0	0	0	0
SC_RS05550	SCO0724	SC_RS05550	768450	769367	+	protein_coding	arm	918	0	0	0	0
SC_RS05555	SCO0725	SC_RS05555	769682	770065	+	protein_coding	arm	384	0	0	0	0
SC_RS05560	SCO0726	SC_RS05560	770144	770632	-	protein_coding	arm	489	0	0	0	0
SC_RS05565	SCO0727	SC_RS05565	770665	771498	-	protein_coding	arm	834	0	0	0	0
SC_RS05570	SCO0728	SC_RS05570	771628	772362	+	protein_coding	arm	735	0	0	0	0
SC_RS05575	SCO0729	SC_RS05575	772544	772966	+	protein_coding	arm	423	0	0	0	0
SC_RS05580	SCO0730	SC_RS05580	772974	773381	-	protein_coding	arm	408	0	0	0	0
SC_RS05585	SCO0731	SC_RS05585	773432	774613	-	protein_coding	arm	1182	0	0	0	0
SC_RS05590	SCO0732	SC_RS05590	774765	776129	+	protein_coding	arm	1365	1	0	0	1
SC_RS05595	SCO0733	SC_RS05595	776203	776388	-	protein_coding	arm	186	1	0	0	1
SC_RS05600	SCO0734	SC_RS05600	776554	777720	-	protein_coding	arm	1167	2	1	0	2
SC_RS05605	SCO0735	SC_RS05605	777895	779097	+	protein_coding	arm	1203	2	0	2	2
SC_RS05610	SCO0736	SC_RS05610	779131	779826	-	protein_coding	arm	696	2	0	0	2
SC_RS05615	SCO0737	SC_RS05615	780012	780812	-	protein_coding	arm	801	2	0	0	2
SC_RS05620	SCO0738	SC_RS05620	780863	781402	+	protein_coding	arm	540	0	0	0	0
SC_RS05625	SCO0739	SC_RS05625	781386	782312	-	protein_coding	arm	927	0	0	0	0
SC_RS05630	SCO0740	SC_RS05630	782467	783096	-	protein_coding	arm	630	0	0	0	0
SC_RS05635	SCO0741	SC_RS05635	783096	784184	-	protein_coding	arm	1089	0	0	0	0
SC_RS05640	SCO0742	SC_RS05640	784362	786116	+	protein_coding	arm	1755	0	0	0	0
SC_RS05645	SCO0743	SC_RS05645	786125	786409	-	protein_coding	arm	285	0	0	0	0
SC_RS05650	SCO0744	SC_RS05650	786591	786956	+	protein_coding	arm	366	0	0	0	0
SC_RS05655	SCO0745	SC_RS05655	786984	787643	-	protein_coding	arm	660	0	0	0	0
SC_RS05660	SCO0746	SC_RS05660	787843	789096	+	protein_coding	arm	1254	0	0	0	0
SC_RS05665	SCO0747	SC_RS05665	789337	789837	-	protein_coding	arm	501	0	0	0	0
SC_RS05670	SCO0748	SC_RS05670	789960	790541	+	protein_coding	arm	582	0	0	0	0
SC_RS05675	SCO0749	rfbB	790561	791535	-	protein_coding	arm	975	0	0	0	0
SC_RS05680	SCO0750	SC_RS05680	791701	791880	-	protein_coding	arm	180	0	0	0	0
SC_RS05685	SCO0751	SC_RS05685	791981	794467	-	protein_coding	arm	2487	0	0	0	0
SC_RS05690	SCO0752	SC_RS05690	794689	796002	-	protein_coding	arm	1314	0	0	0	0
SC_RS05695	SCO0753	SC_RS05695	796584	796799	+	protein_coding	arm	216	0	0	0	0
SC_RS05700	SCO0754	SC_RS05700	796917	797723	+	protein_coding	arm	807	0	0	0	0
SC_RS05705	SCO0755	SC_RS05705	797720	799942	+	protein_coding	arm	2223	1	0	0	1
SC_RS05710	SCO0756	SC_RS05710	799944	802766	+	protein_coding	arm	2823	1	0	1	1
SC_RS05715	SCO0757	SC_RS05715	802797	803807	+	protein_coding	arm	1011	1	0	0	1
SC_RS05720	SCO0758	SC_RS05720	803856	804035	+	protein_coding	arm	180	0	0	0	0
SC_RS05725	SCO0759	SC_RS05725	804091	805122	+	protein_coding	arm	1032	0	0	0	0
SC_RS05730	SCO0760	SC_RS05730	805153	805797	+	protein_coding	arm	645	0	0	0	0
SC_RS05735	SCO0761	SC_RS05735	805778	806038	+	protein_coding	arm	261	0	0	0	0
SC_RS05740	SCO0762	SC_RS05740	806172	806606	-	protein_coding	arm	435	0	0	0	0
SC_RS05745	SCO0763	SC_RS05745	806966	808135	+	protein_coding	arm	1170	0	0	0	0
SC_RS05750	SCO0764	SC_RS05750	808206	809813	-	protein_coding	arm	1608	0	0	0	0
SC_RS05755	SCO0765	SC_RS05755	810172	812415	-	protein_coding	arm	2244	0	0	0	0
SC_RS05760	SCO0766	SC_RS05760	812569	815655	-	protein_coding	arm	3087	0	0	0	0
SC_RS05765	SCO0767	SC_RS05765	815934	818315	+	protein_coding	arm	2382	0	0	0	0
SC_RS05770	SCO0768	SC_RS05770	818446	819111	+	protein_coding	arm	666	0	0	0	0
SC_RS05775	SCO0769	SC_RS05775	819148	820116	-	protein_coding	arm	969	0	0	0	0
SC_RS05780	SCO0770	SC_RS05780	820194	820751	-	protein_coding	arm	558	0	0	0	0
SC_RS05785	SCO0771	SC_RS05785	820761	821198	-	protein_coding	arm	438	0	0	0	0
SC_RS05790	SCO0772	SC_RS05790	821295	821873	+	protein_coding	arm	579	0	0	0	0
SC_RS05795	SCO0773	SC_RS05795	821848	822048	-	protein_coding	arm	201	0	0	0	0
SC_RS05800	SCO0774	SC_RS05800	822061	823299	-	protein_coding	arm	1239	0	0	0	0
SC_RS05805	SCO0775	SC_RS05805	823609	824058	+	protein_coding	arm	450	0	0	0	0
SC_RS05810	SCO0776	SC_RS05810	824123	825043	-	protein_coding	arm	921	1	0	0	1
SC_RS05815	SCO0777	SC_RS05815	825287	826312	+	protein_coding	arm	1026	1	0	0	1
SC_RS05820	SCO0778	SC_RS05820	826361	826669	+	protein_coding	arm	309	1	0	0	1
SC_RS05825	SCO0779	SC_RS05825	826690	827085	-	protein_coding	arm	396	1	0	1	1
SC_RS05830	SCO0780	SC_RS05830	827277	828218	+	protein_coding	arm	942	1	0	0	1
SC_RS05835	SCO0781	SC_RS05835	828403	828789	+	protein_coding	arm	387	1	0	0	1
SC_RS05840	SCO0782	SC_RS05840	828755	829708	-	protein_coding	arm	954	0	0	0	0
SC_RS05845	SCO0783	otr(A)	829910	831817	+	protein_coding	arm	1908	0	0	0	0
SC_RS05850	SCO0784	SC_RS05850	831835	832518	+	protein_coding	arm	684	0	0	0	0
SC_RS05855	SCO0785	SC_RS05855	832515	833042	-	protein_coding	arm	528	0	0	0	0
SC_RS05860	SCO0786	SC_RS05860	833261	833800	+	protein_coding	arm	540	0	0	0	0
SC_RS05865	SCO0787	SC_RS05865	833931	835199	+	protein_coding	arm	1269	0	0	0	0
SC_RS05870	SCO0788	SC_RS05870	835238	835474	-	protein_coding	arm	237	0	0	0	0
SC_RS05875	SCO0789	SC_RS05875	835634	836665	+	protein_coding	arm	1032	0	0	0	0
SC_RS05880	SCO0790	SC_RS05880	836721	837377	+	protein_coding	arm	657	0	0	0	0
SC_RS05885	SCO0791	SC_RS05885	837481	838680	+	protein_coding	arm	1200	0	0	0	0
SC_RS05890	SCO0792	SC_RS05890	838977	840008	+	protein_coding	arm	1032	0	0	0	0
SC_RS05895	SCO0793	SC_RS05895	840026	840334	-	protein_coding	arm	309	0	0	0	0
SC_RS05900	SCO0794	SC_RS05900	840399	841688	-	protein_coding	arm	1290	0	0	0	0
SC_RS05905	SCO0795	SC_RS05905	841878	842372	+	protein_coding	arm	495	0	0	0	0
SC_RS05910	SCO0796	SC_RS05910	842479	843747	+	protein_coding	arm	1269	0	0	0	0
SC_RS05915	SCO0797	SC_RS05915	843808	844860	+	protein_coding	arm	1053	0	0	0	0
SC_RS05920	SCO0798	SC_RS05920	844896	846116	+	protein_coding	arm	1221	0	0	0	0
SC_RS05925	SCO0799	SC_RS05925	846084	846809	-	protein_coding	arm	726	0	0	0	0
SC_RS05930	SCO0800	SC_RS05930	846917	847525	-	protein_coding	arm	609	0	0	0	0
SC_RS05935	SCO0801	SC_RS05935	847649	849232	+	protein_coding	arm	1584	1	0	0	1
SC_RS05940	SCO0802	SC_RS05940	849194	850042	-	protein_coding	arm	849	1	0	1	1
SC_RS05945	SCO0803	sigJ	850100	851074	-	protein_coding	arm	975	1	0	0	1
SC_RS05950	SCO0804	SC_RS05950	851097	851840	-	protein_coding	arm	744	1	0	0	1
SC_RS05955	SCO0805	SC_RS05955	851911	853212	-	protein_coding	arm	1302	0	0	0	0
SC_RS05960	SCO0806	SC_RS05960	853340	854365	-	protein_coding	arm	1026	0	0	0	0
SC_RS05965	SCO0807	SC_RS05965	854455	854775	-	protein_coding	arm	321	0	0	0	0
SC_RS05970	SCO0808	rhaS	854802	855884	-	protein_coding	arm	1083	0	0	0	0
SC_RS05975	SCO0809	SC_RS05975	856126	857139	-	protein_coding	arm	1014	0	0	0	0
SC_RS05980	SCO0810	SC_RS05980	857132	858172	-	protein_coding	arm	1041	0	0	0	0
SC_RS05985	SCO0811	SC_RS05985	858169	859686	-	protein_coding	arm	1518	0	0	0	0
SC_RS05990	SCO0812	rhaI	859963	861123	+	protein_coding	arm	1161	1	0	0	1
SC_RS05995	SCO0813	SC_RS05995	861242	863281	+	protein_coding	arm	2040	1	0	1	1
SC_RS06000	SCO0814	SC_RS06000	863278	864732	+	protein_coding	arm	1455	1	0	0	1
SC_RS06005	SCO0815	SC_RS06005	864811	865563	+	protein_coding	arm	753	0	0	0	0
SC_RS06010	SCO0816	SC_RS06010	865560	867038	+	protein_coding	arm	1479	0	0	0	0
SC_RS06015	SCO0817	SC_RS06015	867035	867682	+	protein_coding	arm	648	0	0	0	0
SC_RS06020	SCO0818	SC_RS06020	867803	868594	+	protein_coding	arm	792	1	0	0	1
SC_RS06025	SCO0819	SC_RS06025	868598	869908	+	protein_coding	arm	1311	1	0	0	1
SC_RS06030	SCO0820	SC_RS06030	869978	870337	-	protein_coding	arm	360	1	0	0	1
SC_RS06035	SCO0821	SC_RS06035	870420	871397	-	protein_coding	arm	978	1	0	0	1
SC_RS06040	SCO0822	SC_RS06040	871406	872086	-	protein_coding	arm	681	1	0	0	1
SC_RS06045	SCO0823	SC_RS06045	872193	872633	+	protein_coding	arm	441	0	0	0	0
SC_RS06050	SCO0824	SC_RS06050	872630	873520	+	protein_coding	arm	891	0	0	0	0
SC_RS06055	SCO0825	SC_RS06055	873517	874473	+	protein_coding	arm	957	0	0	0	0
SC_RS06060	SCO0826	SC_RS06060	874543	875343	+	protein_coding	arm	801	0	0	0	0
SC_RS06065	SCO0827	SC_RS06065	875388	875693	-	protein_coding	arm	306	0	0	0	0
SC_RS06070	SCO0828	SC_RS06070	875839	877500	+	protein_coding	arm	1662	0	0	0	0
SC_RS06075	SCO0829	SC_RS06075	877702	879078	+	protein_coding	arm	1377	0	0	0	0
SC_RS06080	SCO0830	SC_RS06080	879140	880219	-	protein_coding	arm	1080	0	0	0	0
SC_RS06085	SCO0831	SC_RS06085	880216	881136	-	protein_coding	arm	921	0	0	0	0
SC_RS06090	SCO0832	SC_RS06090	881133	882098	-	protein_coding	arm	966	0	0	0	0
SC_RS06095	SCO0833	SC_RS06095	882095	882805	-	protein_coding	arm	711	0	0	0	0
SC_RS06100	SCO0834	SC_RS06100	882826	883014	-	protein_coding	arm	189	0	0	0	0
SC_RS06105	SCO0835	SC_RS06105	883113	883760	-	protein_coding	arm	648	0	0	0	0
SC_RS06110	SCO0836	SC_RS06110	883920	884921	-	protein_coding	arm	1002	0	0	0	0
SC_RS06115		SC_RS06115	885064	885264	+	protein_coding	arm	201	0	0	0	0
SC_RS06120	SCO0838	SC_RS06120	885442	885867	+	protein_coding	arm	426	0	0	0	0
SC_RS06125	SCO0839	SC_RS06125	885933	888050	-	protein_coding	arm	2118	0	0	0	0
SC_RS06130	SCO0840	SC_RS06130	888194	888700	-	protein_coding	arm	507	0	0	0	0
SC_RS06135	SCO0841	SC_RS06135	888805	890367	+	protein_coding	arm	1563	0	0	0	0
SC_RS06140	SCO0842	SC_RS06140	890835	892211	+	protein_coding	arm	1377	0	0	0	0
SC_RS06145	SCO0843	SC_RS06145	892238	892672	-	protein_coding	arm	435	0	0	0	0
SC_RS06150	SCO0844	SC_RS06150	892665	893006	-	protein_coding	arm	342	0	0	0	0
SC_RS06155	SCO0845	SC_RS06155	893013	893240	-	protein_coding	arm	228	0	0	0	0
SC_RS06160	SCO0846	SC_RS06160	893386	894186	+	protein_coding	arm	801	0	0	0	0
SC_RS06165	SCO0847	SC_RS06165	894244	894696	-	protein_coding	arm	453	0	0	0	0
SC_RS06170	SCO0848	SC_RS06170	894818	895819	-	protein_coding	arm	1002	0	0	0	0
SC_RS06175	SCO0849	SC_RS06175	895829	896353	-	protein_coding	arm	525	0	0	0	0
SC_RS06180	SCO0850	SC_RS06180	896543	896968	+	protein_coding	arm	426	0	0	0	0
SC_RS06185	SCO0851	SC_RS06185	896973	898037	-	protein_coding	arm	1065	1	0	0	1
SC_RS06190	SCO0852	SC_RS06190	898034	898666	-	protein_coding	arm	633	1	0	0	1
SC_RS06195	SCO0853	SC_RS06195	898895	899293	+	protein_coding	arm	399	1	0	1	1
SC_RS06200	SCO0854	SC_RS06200	899538	902129	+	protein_coding	arm	2592	2	1	1	2
SC_RS06205	SCO0855	SC_RS06205	902174	902662	-	protein_coding	arm	489	1	0	0	1
SC_RS06210	SCO0856	SC_RS06210	902743	903795	-	protein_coding	arm	1053	1	0	0	1
SC_RS06215	SCO0857	SC_RS06215	904019	904747	+	protein_coding	arm	729	0	0	0	0
SC_RS06220	SCO0858	SC_RS06220	905000	905377	-	protein_coding	arm	378	0	0	0	0
SC_RS06225	SCO0859	SC_RS06225	905546	906055	-	protein_coding	arm	510	0	0	0	0
SC_RS06230	SCO0860	SC_RS06230	906052	908340	-	protein_coding	arm	2289	0	0	0	0
SC_RS06235	SCO0861	SC_RS06235	908340	908609	-	protein_coding	arm	270	0	0	0	0
SC_RS06240	SCO0862	SC_RS06240	908813	909472	-	protein_coding	arm	660	1	0	0	1
SC_RS06245	SCO0863	SC_RS06245	909469	910926	-	protein_coding	arm	1458	2	1	0	2
SC_RS06250	SCO0864	SC_RS06250	911343	911939	-	protein_coding	arm	597	2	1	0	2
SC_RS06255	SCO0865	SC_RS06255	912092	912862	-	protein_coding	arm	771	2	0	1	2
SC_RS06260	SCO0866	SC_RS06260	912931	913572	-	protein_coding	arm	642	2	0	0	2
SC_RS06265	SCO0867	SC_RS06265	913768	914472	-	protein_coding	arm	705	1	0	0	1
SC_RS06270	SCO0868	SC_RS06270	914827	915270	-	protein_coding	arm	444	0	0	0	0
SC_RS06275	SCO0869	SC_RS06275	915341	915715	-	protein_coding	arm	375	0	0	0	0
SC_RS06280	SCO0870	SC_RS06280	916336	916785	-	protein_coding	arm	450	0	0	0	0
SC_RS06285	SCO0871	SC_RS06285	916782	918377	-	protein_coding	arm	1596	0	0	0	0
SC_RS06290	SCO0872	SC_RS06290	918438	919640	-	protein_coding	arm	1203	0	0	0	0
SC_RS06295	SCO0874	SC_RS06295	920727	921419	-	protein_coding	arm	693	0	0	0	0
SC_RS06300	SCO0875	SC_RS06300	921420	921755	-	protein_coding	arm	336	0	0	0	0
SC_RS06305	SCO0876	SC_RS06305	921927	922175	-	protein_coding	arm	249	0	0	0	0
SC_RS06310	SCO0877	SC_RS06310	922247	924913	+	protein_coding	arm	2667	0	0	0	0
SC_RS06315	SCO0878	SC_RS06315	924992	925795	+	protein_coding	arm	804	0	0	0	0
SC_RS06325		SC_RS06325	926261	926569	+	protein_coding	arm	309	0	0	0	0
SC_RS06330		SC_RS06330	926566	926889	+	protein_coding	arm	324	0	0	0	0
SC_RS06335	SCO0880	SC_RS06335	926859	927332	+	protein_coding	arm	474	0	0	0	0
SC_RS06340	SCO0881	SC_RS06340	927534	928499	-	protein_coding	arm	966	0	0	0	0
SC_RS06345	SCO0882	SC_RS06345	928670	929017	+	protein_coding	arm	348	0	0	0	0
SC_RS06350	SCO0883	SC_RS06350	929061	929717	+	protein_coding	arm	657	0	0	0	0
SC_RS06355	SCO0884	SC_RS06355	929779	931212	-	protein_coding	arm	1434	0	0	0	0
SC_RS06360	SCO0885	trxA	931333	931737	+	protein_coding	arm	405	0	0	0	0
SC_RS06365	SCO0886	SC_RS06365	931757	932791	-	protein_coding	arm	1035	0	0	0	0
SC_RS06370	SCO0887	SC_RS06370	932864	933568	-	protein_coding	arm	705	0	0	0	0
SC_RS06375	SCO0888	SC_RS06375	933708	934271	+	protein_coding	arm	564	0	0	0	0
SC_RS06380	SCO0889	SC_RS06380	934332	935237	-	protein_coding	arm	906	0	0	0	0
SC_RS06385		SC_RS06385	935379	935582	+	protein_coding	arm	204	0	0	0	0
SC_RS06390	SCO0890	SC_RS06390	935622	936329	-	protein_coding	arm	708	0	0	0	0
SC_RS06395	SCO0891	SC_RS06395	936431	937270	+	protein_coding	arm	840	0	0	0	0
SC_RS06400	SCO0892	SC_RS06400	937290	938240	-	protein_coding	arm	951	0	0	0	0
SC_RS06405	SCO0893	SC_RS06405	938389	939612	+	protein_coding	arm	1224	0	0	0	0
SC_RS06410	SCO0894	SC_RS06410	939627	941063	+	protein_coding	arm	1437	0	0	0	0
SC_RS06415	SCO0895	SC_RS06415	941071	942090	-	protein_coding	arm	1020	0	0	0	0
SC_RS06420		SC_RS06420	942116	942370	-	protein_coding	arm	255	0	0	0	0
SC_RS06425	SCO0896	SC_RS06425	942453	942878	-	protein_coding	arm	426	0	0	0	0
SC_RS06430	SCO0897	SC_RS06430	942974	943408	-	protein_coding	arm	435	0	0	0	0
SC_RS06435	SCO0898	SC_RS06435	943851	945833	-	protein_coding	arm	1983	0	0	0	0
SC_RS06440	SCO0899	SC_RS06440	946063	946941	+	protein_coding	arm	879	0	0	0	0
SC_RS06445	SCO0900	SC_RS06445	947027	948310	+	protein_coding	arm	1284	0	0	0	0
SC_RS06450	SCO0901	SC_RS06450	948674	949705	-	protein_coding	arm	1032	0	0	0	0
SC_RS06455	SCO0902	SC_RS06455	949864	950292	-	protein_coding	arm	429	0	0	0	0
SC_RS06465	SCO0903	SC_RS06465	950560	950811	+	protein_coding	arm	252	0	0	0	0
SC_RS06470	SCO0904	SC_RS06470	950808	951122	+	protein_coding	arm	315	0	0	0	0
SC_RS06480	SCO0906	SC_RS06480	951452	951874	-	protein_coding	arm	423	0	0	0	0
SC_RS06485	SCO0907	SC_RS06485	951968	952858	-	protein_coding	arm	891	0	0	0	0
SC_RS06490	SCO0908	SC_RS06490	952991	953455	+	protein_coding	arm	465	0	0	0	0
SC_RS06495	SCO0909	SC_RS06495	953440	954279	-	protein_coding	arm	840	0	0	0	0
SC_RS06500	SCO0910	egtA	954566	955867	+	protein_coding	arm	1302	0	0	0	0
SC_RS06505	SCO0911	egtB	955864	957204	+	protein_coding	arm	1341	0	0	0	0
SC_RS06510	SCO0912	egtC	957204	958019	+	protein_coding	arm	816	0	0	0	0
SC_RS06515	SCO0913	egtD	958016	958987	+	protein_coding	arm	972	0	0	0	0
SC_RS06520	SCO0914	SC_RS06520	959024	960292	-	protein_coding	arm	1269	1	0	0	1
SC_RS06525	SCO0915	SC_RS06525	960543	960758	+	protein_coding	arm	216	1	0	0	1
SC_RS06530	SCO0916	SC_RS06530	960792	961283	-	protein_coding	arm	492	1	1	0	1
SC_RS06535	SCO0917	SC_RS06535	961534	962553	+	protein_coding	arm	1020	1	1	0	1
SC_RS06540	SCO0918	SC_RS06540	962596	964941	+	protein_coding	arm	2346	1	0	0	1
SC_RS06545	SCO0919	SC_RS06545	964984	965943	-	protein_coding	arm	960	0	0	0	0
SC_RS06550	SCO0920	SC_RS06550	966016	966843	-	protein_coding	arm	828	0	0	0	0
SC_RS06555	SCO0921	SC_RS06555	966843	967613	-	protein_coding	arm	771	0	0	0	0
SC_RS06560	SCO0922	SC_RS06560	967895	968641	-	protein_coding	arm	747	0	0	0	0
SC_RS06565	SCO0923	SC_RS06565	968638	970587	-	protein_coding	arm	1950	0	0	0	0
SC_RS06570	SCO0924	SC_RS06570	970589	971260	-	protein_coding	arm	672	0	0	0	0
SC_RS06575	SCO0925	SC_RS06575	971392	972276	+	protein_coding	arm	885	0	0	0	0
SC_RS06580	SCO0926	SC_RS06580	972311	973210	-	protein_coding	arm	900	0	0	0	0
SC_RS06585	SCO0927	SC_RS06585	973388	974224	+	protein_coding	arm	837	0	0	0	0
SC_RS06590	SCO0928	rmdA	974312	976456	-	protein_coding	arm	2145	1	1	0	1
SC_RS06595	SCO0929	SC_RS06595	976453	977265	-	protein_coding	arm	813	1	0	1	1
SC_RS06600	SCO0930	SC_RS06600	977491	978444	-	protein_coding	arm	954	1	0	0	1
SC_RS06605	SCO0931	SC_RS06605	978767	979324	+	protein_coding	arm	558	1	0	0	1
SC_RS06610	SCO0932	SC_RS06610	979340	980104	+	protein_coding	arm	765	1	0	0	1
SC_RS06615	SCO0933	SC_RS06615	980316	980834	+	protein_coding	arm	519	1	0	0	1
SC_RS06620	SCO0934	SC_RS06620	980917	981411	-	protein_coding	arm	495	1	0	0	1
SC_RS06625	SCO0935	SC_RS06625	981742	982407	+	protein_coding	arm	666	1	0	1	1
SC_RS06630	SCO0936	SC_RS06630	982439	983278	-	protein_coding	arm	840	1	0	0	1
SC_RS06635	SCO0937	SC_RS06635	983389	983850	+	protein_coding	arm	462	1	0	0	1
SC_RS06640	SCO0938	SC_RS06640	983971	985377	+	protein_coding	arm	1407	1	0	0	1
SC_RS06645	SCO0939	SC_RS06645	985374	986189	-	protein_coding	arm	816	0	0	0	0
SC_RS06650	SCO0940	SC_RS06650	986247	986720	+	protein_coding	arm	474	0	0	0	0
SC_RS06655	SCO0941	SC_RS06655	986722	987876	-	protein_coding	arm	1155	0	0	0	0
SC_RS06660	SCO0942	SC_RS06660	988130	988684	+	protein_coding	arm	555	0	0	0	0
SC_RS06665	SCO0943	SC_RS06665	988826	989341	+	protein_coding	arm	516	0	0	0	0
SC_RS06670	SCO0944	SC_RS06670	989560	990210	+	protein_coding	arm	651	1	0	0	1
SC_RS06675	SCO0945	SC_RS06675	990249	991112	-	protein_coding	arm	864	1	0	0	1
SC_RS06680	SCO0946	SC_RS06680	991153	993243	-	protein_coding	arm	2091	1	0	1	1
SC_RS06685	SCO0947	SC_RS06685	993366	994778	+	protein_coding	arm	1413	2	0	0	2
SC_RS06690	SCO0948	SC_RS06690	994798	997821	-	protein_coding	arm	3024	1	0	1	1
SC_RS06695	SCO0949	SC_RS06695	997963	999210	-	protein_coding	arm	1248	1	0	0	1
SC_RS06700	SCO0950	SC_RS06700	999242	1000162	-	protein_coding	arm	921	0	0	0	0
SC_RS06705	SCO0951	SC_RS06705	1000159	1001091	-	protein_coding	arm	933	0	0	0	0
SC_RS06710	SCO0952	SC_RS06710	1001098	1002390	-	protein_coding	arm	1293	0	0	0	0
SC_RS06715	SCO0953	SC_RS06715	1002624	1003673	+	protein_coding	arm	1050	0	0	0	0
SC_RS06725	SCO0954	SC_RS06725	1003996	1004478	-	protein_coding	arm	483	0	0	0	0
SC_RS06730	SCO0955	SC_RS06730	1004534	1004710	-	protein_coding	arm	177	0	0	0	0
SC_RS06735	SCO0956	SC_RS06735	1005186	1005641	+	protein_coding	arm	456	0	0	0	0
SC_RS06740	SCO0957	SC_RS06740	1005700	1007202	-	protein_coding	arm	1503	0	0	0	0
SC_RS06745	SCO0958	SC_RS06745	1007306	1008646	-	protein_coding	arm	1341	0	0	0	0
SC_RS06750	SCO0959	SC_RS06750	1008835	1011153	-	protein_coding	arm	2319	0	0	0	0
SC_RS06755	SCO0960	SC_RS06755	1011212	1013830	-	protein_coding	arm	2619	0	0	0	0
SC_RS06760	SCO0961	glgC	1014030	1015250	-	protein_coding	arm	1221	0	0	0	0
SC_RS06765	SCO0962	glgA	1015300	1016463	-	protein_coding	arm	1164	0	0	0	0
SC_RS06770	SCO0963	SC_RS06770	1016501	1017394	-	protein_coding	arm	894	0	0	0	0
SC_RS06775	SCO0964	SC_RS06775	1017707	1018138	-	protein_coding	arm	432	0	0	0	0
SC_RS06780	SCO0965	SC_RS06780	1018179	1018838	-	protein_coding	arm	660	1	0	0	1
SC_RS06785	SCO0966	SC_RS06785	1018944	1019903	-	protein_coding	arm	960	1	1	0	1
SC_RS06790	SCO0967	SC_RS06790	1019971	1020594	-	protein_coding	arm	624	1	0	1	1
SC_RS06795	SCO0968	SC_RS06795	1020695	1021237	-	protein_coding	arm	543	1	0	0	1
SC_RS06800	SCO0969	SC_RS06800	1021386	1022009	-	protein_coding	arm	624	1	0	0	1
SC_RS06805	SCO0970	SC_RS06805	1022079	1022813	-	protein_coding	arm	735	1	0	0	1
SC_RS06810	SCO0971	SC_RS06810	1023053	1023964	+	protein_coding	arm	912	0	0	0	0
SC_RS06815	SCO0972	SC_RS06815	1024039	1024383	+	protein_coding	arm	345	0	0	0	0
SC_RS06820	SCO0973	SC_RS06820	1024508	1025767	+	protein_coding	arm	1260	0	0	0	0
SC_RS06825	SCO0974	rpfD	1025757	1027076	-	protein_coding	arm	1320	0	0	0	0
SC_RS06830	SCO0975	gndA	1027393	1028832	+	protein_coding	arm	1440	0	0	0	0
SC_RS06840	SCO0977	SC_RS06840	1029991	1030335	-	protein_coding	arm	345	0	0	0	0
SC_RS06845	SCO0978	panD	1030387	1030806	-	protein_coding	arm	420	0	0	0	0
SC_RS06850		SC_RS06850	1030849	1030986	-	protein_coding	arm	138	0	0	0	0
SC_RS06855	SCO0979	SC_RS06855	1031136	1031402	-	protein_coding	arm	267	0	0	0	0
SC_RS06865	SCO0981	SC_RS06865	1031976	1033445	-	protein_coding	arm	1470	1	0	0	1
SC_RS06870	SCO0982	aceA	1033827	1035107	+	protein_coding	arm	1281	2	0	1	2
SC_RS06875	SCO0983	aceB	1035208	1036800	+	protein_coding	arm	1593	2	1	1	2
SC_RS06880	SCO0984	SC_RS06880	1036797	1037666	+	protein_coding	arm	870	2	0	0	2
SC_RS06885	SCO0985	metE	1038243	1040561	+	protein_coding	arm	2319	0	0	0	0
SC_RS06890	SCO0986	SC_RS06890	1040764	1041465	+	protein_coding	arm	702	0	0	0	0
SC_RS06895	SCO0987	SC_RS06895	1041692	1043245	+	protein_coding	arm	1554	0	0	0	0
SC_RS06900	SCO0988	SC_RS06900	1043385	1043969	+	protein_coding	arm	585	0	0	0	0
SC_RS06905	SCO0989	SC_RS06905	1043990	1044382	-	protein_coding	arm	393	0	0	0	0
SC_RS06910	SCO0990	SC_RS06910	1044679	1045668	-	protein_coding	arm	990	0	0	0	0
SC_RS06915	SCO0991	SC_RS06915	1046251	1047114	+	protein_coding	arm	864	0	0	0	0
SC_RS06920	SCO0992	SC_RS06920	1047111	1048133	+	protein_coding	arm	1023	0	0	0	0
SC_RS06925	SCO0993	SC_RS06925	1048130	1049368	+	protein_coding	arm	1239	0	0	0	0
SC_RS06930	SCO0994	SC_RS06930	1049361	1050626	+	protein_coding	arm	1266	0	0	0	0
SC_RS06935	SCO0995	SC_RS06935	1050595	1051344	+	protein_coding	arm	750	0	0	0	0
SC_RS06940	SCO0996	SC_RS06940	1051613	1052656	+	protein_coding	arm	1044	0	0	0	0
SC_RS06945	SCO0997	SC_RS06945	1052653	1053768	+	protein_coding	arm	1116	0	0	0	0
SC_RS06950	SCO0998	SC_RS06950	1053765	1054583	+	protein_coding	arm	819	0	0	0	0
SC_RS06955	SCO0999	SC_RS06955	1054754	1055401	-	protein_coding	arm	648	0	0	0	0
SC_RS06960	SCO1000	SC_RS06960	1055883	1056995	-	protein_coding	arm	1113	0	0	0	0
SC_RS06965	SCO1001	SC_RS06965	1057387	1057749	+	protein_coding	arm	363	0	0	0	0
SC_RS06970	SCO1002	SC_RS06970	1057892	1058278	-	protein_coding	arm	387	0	0	0	0
SC_RS06975	SCO1003	SC_RS06975	1058377	1058961	+	protein_coding	arm	585	0	0	0	0
SC_RS06980		SC_RS06980	1059073	1059516	-	protein_coding	arm	444	0	0	0	0
SC_RS06985	SCO1005	SC_RS06985	1060181	1061398	+	protein_coding	arm	1218	0	0	0	0
SC_RS06995	SCO1007	SC_RS06995	1061871	1063013	-	protein_coding	arm	1143	2	0	0	2
SC_RS07000	SCO1008	SC_RS07000	1063185	1063520	+	protein_coding	arm	336	2	0	0	2
SC_RS07010	SCO1010	SC_RS07010	1064906	1066294	+	protein_coding	arm	1389	2	2	0	2
SC_RS07015	SCO1011	SC_RS07015	1066337	1068241	-	protein_coding	arm	1905	2	0	0	2
SC_RS07020	SCO1012	SC_RS07020	1068298	1069098	-	protein_coding	arm	801	0	0	0	0
SC_RS07025	SCO1013	SC_RS07025	1069154	1069633	-	protein_coding	arm	480	0	0	0	0
SC_RS07030	SCO1014	lnt	1069702	1071315	-	protein_coding	arm	1614	0	0	0	0
SC_RS07035		SC_RS07035	1071616	1072620	+	protein_coding	arm	1005	0	0	0	0
SC_RS07040	SCO1017	SC_RS07040	1072677	1073219	-	protein_coding	arm	543	0	0	0	0
SC_RS07045	SCO1018	SC_RS07045	1073299	1074084	-	protein_coding	arm	786	0	0	0	0
SC_RS07050	SCO1019	SC_RS07050	1074124	1075377	+	protein_coding	arm	1254	0	0	0	0
SC_RS07055	SCO1020	SC_RS07055	1075397	1076719	-	protein_coding	arm	1323	0	0	0	0
SC_RS07060	SCO1021	SC_RS07060	1077015	1077458	+	protein_coding	arm	444	0	0	0	0
SC_RS07065	SCO1022	SC_RS07065	1077501	1078328	+	protein_coding	arm	828	0	0	0	0
SC_RS07070	SCO1023	SC_RS07070	1078574	1079182	+	protein_coding	arm	609	0	0	0	0
SC_RS07075	SCO1024	SC_RS07075	1079291	1081729	+	protein_coding	arm	2439	0	0	0	0
SC_RS07080	SCO1025	SC_RS07080	1081780	1084137	-	protein_coding	arm	2358	0	0	0	0
SC_RS07085	SCO1026	SC_RS07085	1084395	1085219	+	protein_coding	arm	825	0	0	0	0
SC_RS07090	SCO1027	SC_RS07090	1085351	1085824	+	protein_coding	arm	474	1	0	0	1
SC_RS07095	SCO1028	SC_RS07095	1085859	1086983	-	protein_coding	arm	1125	1	0	0	1
SC_RS07105	SCO1030	SC_RS07105	1087773	1088321	+	protein_coding	arm	549	1	1	0	1
SC_RS07110	SCO1031	SC_RS07110	1088547	1091114	-	protein_coding	arm	2568	2	0	1	2
SC_RS07115	SCO1032	SC_RS07115	1091111	1091860	-	protein_coding	arm	750	1	0	0	1
SC_RS07120	SCO1033	SC_RS07120	1091857	1092141	-	protein_coding	arm	285	1	0	0	1
SC_RS07125	SCO1034	SC_RS07125	1092334	1092897	+	protein_coding	arm	564	1	0	0	1
SC_RS07130	SCO1035	SC_RS07130	1092908	1093495	+	protein_coding	arm	588	0	0	0	0
SC_RS07135	SCO1036	SC_RS07135	1093492	1094400	+	protein_coding	arm	909	0	0	0	0
SC_RS07140	SCO1037	SC_RS07140	1094465	1094866	+	protein_coding	arm	402	0	0	0	0
SC_RS07145	SCO1038	SC_RS07145	1094860	1095258	+	protein_coding	arm	399	0	0	0	0
SC_RS07150	SCO1039	SC_RS07150	1095280	1096518	-	protein_coding	arm	1239	1	0	0	1
SC_RS07155	SCO1040	SC_RS07155	1096556	1097206	-	protein_coding	arm	651	1	0	0	1
SC_RS07160	SCO1041	SC_RS07160	1097372	1098505	+	protein_coding	arm	1134	1	0	1	1
SC_RS07170	SCO1043	SC_RS07170	1099030	1099809	+	protein_coding	arm	780	1	0	0	1
SC_RS07175	SCO1044	SC_RS07175	1099831	1100772	-	protein_coding	arm	942	1	0	0	1
SC_RS07180	SCO1045	SC_RS07180	1100965	1101198	+	protein_coding	arm	234	0	0	0	0
SC_RS07185	SCO1046	SC_RS07185	1101284	1103545	+	protein_coding	arm	2262	0	0	0	0
SC_RS07190	SCO1047	SC_RS07190	1103871	1104527	+	protein_coding	arm	657	0	0	0	0
SC_RS07195	SCO1048	SC_RS07195	1104500	1104952	-	protein_coding	arm	453	0	0	0	0
SC_RS07200	SCO1049	SC_RS07200	1105031	1106194	-	protein_coding	arm	1164	2	0	0	2
SC_RS07205	SCO1050	SC_RS07205	1106404	1107006	+	protein_coding	arm	603	2	0	0	2
SC_RS07210	SCO1051	SC_RS07210	1107018	1108091	+	protein_coding	arm	1074	3	0	2	3
SC_RS07215	SCO1052	SC_RS07215	1108110	1108778	-	protein_coding	arm	669	3	1	0	3
SC_RS07225	SCO1054	SC_RS07225	1109450	1110652	+	protein_coding	arm	1203	1	1	0	1
SC_RS07230	SCO1055	yicI	1110755	1113025	-	protein_coding	arm	2271	1	0	0	1
SC_RS07235	SCO1056	SC_RS07235	1113310	1114596	+	protein_coding	arm	1287	0	0	0	0
SC_RS07240	SCO1057	SC_RS07240	1114620	1115573	+	protein_coding	arm	954	0	0	0	0
SC_RS07245	SCO1058	SC_RS07245	1115579	1116406	+	protein_coding	arm	828	0	0	0	0
SC_RS07250	SCO1059	SC_RS07250	1116447	1117826	+	protein_coding	arm	1380	0	0	0	0
SC_RS07255	SCO1060	SC_RS07255	1117870	1119111	-	protein_coding	arm	1242	0	0	0	0
SC_RS07260	SCO1061	SC_RS07260	1119167	1120834	-	protein_coding	arm	1668	0	0	0	0
SC_RS07265	SCO1062	SC_RS07265	1120925	1123006	-	protein_coding	arm	2082	1	0	0	1
SC_RS07270	SCO1063	SC_RS07270	1123067	1123960	-	protein_coding	arm	894	1	0	1	1
SC_RS07275	SCO1064	SC_RS07275	1123963	1124898	-	protein_coding	arm	936	2	0	0	2
SC_RS07280	SCO1065	SC_RS07280	1124895	1126256	-	protein_coding	arm	1362	2	1	0	2
SC_RS07285	SCO1066	SC_RS07285	1126535	1127557	+	protein_coding	arm	1023	2	0	1	2
SC_RS07290	SCO1067	SC_RS07290	1127704	1128876	+	protein_coding	arm	1173	2	0	1	2
SC_RS07295	SCO1068	SC_RS07295	1128954	1129694	+	protein_coding	arm	741	1	1	0	1
SC_RS07300	SCO1069	SC_RS07300	1129716	1130108	-	protein_coding	arm	393	1	0	0	1
SC_RS07305		SC_RS07305	1130184	1130468	+	protein_coding	arm	285	1	0	0	1
SC_RS07310	SCO1070	SC_RS07310	1130429	1131094	-	protein_coding	arm	666	1	0	0	1
SC_RS07315	SCO1071	SC_RS07315	1131091	1132338	-	protein_coding	arm	1248	0	0	0	0
SC_RS07320	SCO1073	SC_RS07320	1132744	1134012	-	protein_coding	arm	1269	0	0	0	0
SC_RS07325	SCO1074	SC_RS07325	1134157	1135512	+	protein_coding	arm	1356	0	0	0	0
SC_RS07330	SCO1075	SC_RS07330	1135646	1136689	-	protein_coding	arm	1044	0	0	0	0
SC_RS07335	SCO1076	SC_RS07335	1136858	1137052	-	protein_coding	arm	195	0	0	0	0
SC_RS07340	SCO1077	SC_RS07340	1137148	1138101	-	protein_coding	arm	954	0	0	0	0
SC_RS07345	SCO1078	SC_RS07345	1138315	1139391	+	protein_coding	arm	1077	0	0	0	0
SC_RS07350	SCO1079	SC_RS07350	1139479	1140312	+	protein_coding	arm	834	0	0	0	0
SC_RS07355	SCO1080	SC_RS07355	1140293	1141591	-	protein_coding	arm	1299	0	0	0	0
SC_RS07360	SCO1081	SC_RS07360	1141759	1142721	-	protein_coding	arm	963	1	0	0	1
SC_RS07365	SCO1082	SC_RS07365	1142777	1143565	-	protein_coding	arm	789	1	0	0	1
SC_RS07370	SCO1083	SC_RS07370	1143786	1144295	-	protein_coding	arm	510	1	1	0	1
SC_RS07375	SCO1084	SC_RS07375	1144442	1144822	-	protein_coding	arm	381	1	0	1	1
SC_RS07380	SCO1085	SC_RS07380	1145088	1145816	+	protein_coding	arm	729	1	1	0	1
SC_RS07385	SCO1086	SC_RS07385	1145827	1146399	-	protein_coding	arm	573	1	0	0	1
SC_RS07390	SCO1087	SC_RS07390	1146486	1147556	-	protein_coding	arm	1071	1	0	0	1
SC_RS07395	SCO1088	SC_RS07395	1147553	1148299	-	protein_coding	arm	747	0	0	0	0
SC_RS07400	SCO1089	SC_RS07400	1148368	1149771	-	protein_coding	arm	1404	0	0	0	0
SC_RS07405	SCO1090	SC_RS07405	1149998	1150681	+	protein_coding	arm	684	0	0	0	0
SC_RS07410	SCO1091	SC_RS07410	1150733	1151272	-	protein_coding	arm	540	0	0	0	0
SC_RS07415	SCO1092	SC_RS07415	1151356	1151748	+	protein_coding	arm	393	0	0	0	0
SC_RS07420	SCO1093	SC_RS07420	1151870	1152634	+	protein_coding	arm	765	0	0	0	0
SC_RS07425	SCO1094	SC_RS07425	1152798	1153376	+	protein_coding	arm	579	0	0	0	0
SC_RS07435	SCO1097	SC_RS07435	1154805	1155686	+	protein_coding	arm	882	1	0	0	1
SC_RS07440	SCO1098	SC_RS07440	1155717	1156292	-	protein_coding	arm	576	1	0	0	1
SC_RS07445	SCO1099	SC_RS07445	1156289	1158016	-	protein_coding	arm	1728	1	0	1	1
SC_RS07450	SCO1100	SC_RS07450	1158218	1158796	+	protein_coding	arm	579	1	0	0	1
SC_RS07455	SCO1101	SC_RS07455	1158944	1159879	+	protein_coding	arm	936	1	0	0	1
SC_RS07460	SCO1102	SC_RS07460	1160123	1160794	+	protein_coding	arm	672	0	0	0	0
SC_RS07465	SCO1103	SC_RS07465	1160876	1161565	+	protein_coding	arm	690	0	0	0	0
SC_RS07470	SCO1104	SC_RS07470	1161710	1162411	+	protein_coding	arm	702	0	0	0	0
SC_RS07475	SCO1105	SC_RS07475	1162399	1163901	-	protein_coding	arm	1503	0	0	0	0
SC_RS07480	SCO1106	SC_RS07480	1164110	1164766	+	protein_coding	arm	657	0	0	0	0
SC_RS07485	SCO1107	SC_RS07485	1164809	1165264	-	protein_coding	arm	456	0	0	0	0
SC_RS07490	SCO1108	SC_RS07490	1165403	1165774	-	protein_coding	arm	372	0	0	0	0
SC_RS07495	SCO1109	SC_RS07495	1165916	1166995	+	protein_coding	arm	1080	0	0	0	0
SC_RS07500	SCO1110	SC_RS07500	1167193	1167993	+	protein_coding	arm	801	0	0	0	0
SC_RS07505	SCO1111	SC_RS07505	1167998	1168750	-	protein_coding	arm	753	0	0	0	0
SC_RS07510	SCO1112	SC_RS07510	1168853	1170556	+	protein_coding	arm	1704	0	0	0	0
SC_RS07515	SCO1113	SC_RS07515	1170638	1171792	+	protein_coding	arm	1155	0	0	0	0
SC_RS07520	SCO1114	SC_RS07520	1171863	1172540	+	protein_coding	arm	678	0	0	0	0
SC_RS07525	SCO1115	SC_RS07525	1172537	1173535	+	protein_coding	arm	999	0	0	0	0
SC_RS07530	SCO1116	SC_RS07530	1173674	1174600	+	protein_coding	arm	927	0	0	0	0
SC_RS07535	SCO1117	SC_RS07535	1174890	1175927	-	protein_coding	arm	1038	0	0	0	0
SC_RS07540	SCO1118	SC_RS07540	1176089	1177579	-	protein_coding	arm	1491	0	0	0	0
SC_RS07545	SCO1119	SC_RS07545	1177797	1178273	+	protein_coding	arm	477	0	0	0	0
SC_RS07550	SCO1120	SC_RS07550	1178303	1179010	+	protein_coding	arm	708	0	0	0	0
SC_RS07555	SCO1121	SC_RS07555	1179094	1179834	+	protein_coding	arm	741	0	0	0	0
SC_RS07560	SCO1122	SC_RS07560	1179956	1180792	-	protein_coding	arm	837	0	0	0	0
SC_RS07565	SCO1123	SC_RS07565	1180851	1181249	+	protein_coding	arm	399	0	0	0	0
SC_RS07570	SCO1124	SC_RS07570	1181366	1181857	-	protein_coding	arm	492	0	0	0	0
SC_RS07575	SCO1125	SC_RS07575	1181900	1182286	-	protein_coding	arm	387	0	0	0	0
SC_RS07580	SCO1126	SC_RS07580	1182418	1183572	-	protein_coding	arm	1155	0	0	0	0
SC_RS07585	SCO1127	SC_RS07585	1183757	1184611	+	protein_coding	arm	855	0	0	0	0
SC_RS07590	SCO1128	SC_RS07590	1184628	1185536	+	protein_coding	arm	909	0	0	0	0
SC_RS07595	SCO1129	SC_RS07595	1185686	1186480	+	protein_coding	arm	795	0	0	0	0
SC_RS07600	SCO1130	SC_RS07600	1186491	1188266	+	protein_coding	arm	1776	0	0	0	0
SC_RS07605	SCO1131	SC_RS07605	1188324	1189481	-	protein_coding	arm	1158	1	0	0	1
SC_RS07610	SCO1132	SC_RS07610	1189474	1191621	-	protein_coding	arm	2148	1	0	1	1
SC_RS07615	SCO1133	SC_RS07615	1191618	1192610	-	protein_coding	arm	993	1	0	0	1
SC_RS07620	SCO1134	SC_RS07620	1192607	1193209	-	protein_coding	arm	603	1	0	0	1
SC_RS07625	SCO1135	xdhR	1193398	1193988	+	protein_coding	arm	591	1	0	0	1
SC_RS07630	SCO1136	SC_RS07630	1193951	1194742	-	protein_coding	arm	792	1	0	0	1
SC_RS07635	SCO1137	SC_RS07635	1194739	1196385	-	protein_coding	arm	1647	1	0	1	1
SC_RS07640	SCO1138	SC_RS07640	1196793	1197779	+	protein_coding	arm	987	1	0	0	1
SC_RS07645	SCO1139	SC_RS07645	1197776	1198321	+	protein_coding	arm	546	1	0	0	1
SC_RS07650	SCO1140	SC_RS07650	1198323	1199822	+	protein_coding	arm	1500	0	0	0	0
SC_RS07655	SCO1141	SC_RS07655	1199889	1200311	-	protein_coding	arm	423	0	0	0	0
SC_RS07660	SCO1142	SC_RS07660	1200394	1201473	+	protein_coding	arm	1080	0	0	0	0
SC_RS07665	SCO1143	mltG	1201486	1202247	-	protein_coding	arm	762	0	0	0	0
SC_RS07670	SCO1144	SC_RS07670	1202480	1204282	-	protein_coding	arm	1803	0	0	0	0
SC_RS07675	SCO1145	SC_RS07675	1204428	1204889	+	protein_coding	arm	462	0	0	0	0
SC_RS07680	SCO1146	SC_RS07680	1204911	1205669	-	protein_coding	arm	759	0	0	0	0
SC_RS07685	SCO1147	SC_RS07685	1205898	1207775	+	protein_coding	arm	1878	0	0	0	0
SC_RS07690	SCO1148	SC_RS07690	1207772	1209553	+	protein_coding	arm	1782	0	0	0	0
SC_RS07695	SCO1149	SC_RS07695	1209788	1210258	+	protein_coding	arm	471	0	0	0	0
SC_RS07700	SCO1150	SC_RS07700	1210322	1210594	+	protein_coding	arm	273	0	0	0	0
SC_RS07705	SCO1151	SC_RS07705	1210615	1211409	-	protein_coding	arm	795	0	0	0	0
SC_RS07710	SCO1152	SC_RS07710	1211555	1214068	+	protein_coding	arm	2514	1	0	0	1
SC_RS07715	SCO1153	SC_RS07715	1214088	1214954	+	protein_coding	arm	867	1	0	1	1
SC_RS07720	SCO1154	SC_RS07720	1214956	1215927	-	protein_coding	arm	972	1	0	0	1
SC_RS07725	SCO1155	SC_RS07725	1216065	1216478	-	protein_coding	arm	414	1	0	0	1
SC_RS07730	SCO1156	SC_RS07730	1216584	1217012	+	protein_coding	arm	429	0	0	0	0
SC_RS07735	SCO1157	SC_RS07735	1217041	1217655	-	protein_coding	arm	615	0	0	0	0
SC_RS07740	SCO1158	SC_RS07740	1217724	1218137	-	protein_coding	arm	414	0	0	0	0
SC_RS07745	SCO1159	SC_RS07745	1218156	1218593	-	protein_coding	arm	438	0	0	0	0
SC_RS07750	SCO1160	SC_RS07750	1218590	1221178	-	protein_coding	arm	2589	0	0	0	0
SC_RS07755	SCO1161	SC_RS07755	1221241	1222017	-	protein_coding	arm	777	0	0	0	0
SC_RS07760	SCO1162	SC_RS07760	1222188	1222787	+	protein_coding	arm	600	0	0	0	0
SC_RS07765	SCO1163	SC_RS07765	1223235	1224134	-	protein_coding	arm	900	0	0	0	0
SC_RS07770	SCO1164	SC_RS07770	1224211	1224537	+	protein_coding	arm	327	0	0	0	0
SC_RS07775	SCO1165	SC_RS07775	1224677	1225594	+	protein_coding	arm	918	0	0	0	0
SC_RS07780		SC_RS07780	1225651	1225833	-	protein_coding	arm	183	0	0	0	0
SC_RS07785	SCO1167	SC_RS07785	1226105	1228969	+	protein_coding	arm	2865	0	0	0	0
SC_RS07790	SCO1168	SC_RS07790	1228966	1230234	+	protein_coding	arm	1269	0	0	0	0
SC_RS07795	SCO1169	xylA	1230329	1231492	-	protein_coding	arm	1164	0	0	0	0
SC_RS07800	SCO1170	xylB	1231648	1233093	+	protein_coding	arm	1446	0	0	0	0
SC_RS07805	SCO1171	SC_RS07805	1233319	1234527	+	protein_coding	arm	1209	0	0	0	0
SC_RS07810	SCO1172	SC_RS07810	1234835	1235440	+	protein_coding	arm	606	0	0	0	0
SC_RS07815	SCO1173	SC_RS07815	1235615	1236874	+	protein_coding	arm	1260	0	0	0	0
SC_RS07820	SCO1174	exaC	1237012	1238535	+	protein_coding	arm	1524	0	0	0	0
SC_RS07830		SC_RS07830	1239108	1239332	-	protein_coding	arm	225	0	0	0	0
SC_RS07835	SCO1176	SC_RS07835	1239663	1241453	-	protein_coding	arm	1791	0	0	0	0
SC_RS07840	SCO1177	SC_RS07840	1241559	1242302	+	protein_coding	arm	744	0	0	0	0
SC_RS07845	SCO1178	SC_RS07845	1242334	1242762	-	protein_coding	arm	429	0	0	0	0
SC_RS07850	SCO1179	SC_RS07850	1242817	1243575	-	protein_coding	arm	759	0	0	0	0
SC_RS07855	SCO1180	SC_RS07855	1243639	1244799	+	protein_coding	arm	1161	0	0	0	0
SC_RS07860	SCO1181	SC_RS07860	1244920	1245774	+	protein_coding	arm	855	0	0	0	0
SC_RS07865	SCO1182	SC_RS07865	1245780	1250951	+	protein_coding	arm	5172	0	0	0	0
SC_RS07870	SCO1183	SC_RS07870	1251004	1252173	+	protein_coding	arm	1170	0	0	0	0
SC_RS07875	SCO1184	SC_RS07875	1252179	1256141	+	protein_coding	arm	3963	1	0	1	1
SC_RS07880	SCO1185	SC_RS07880	1256138	1258141	+	protein_coding	arm	2004	2	1	0	2
SC_RS07885	SCO1186	SC_RS07885	1258218	1259243	+	protein_coding	arm	1026	1	0	1	1
SC_RS07890	SCO1187	SC_RS07890	1259461	1260606	+	protein_coding	arm	1146	1	0	0	1
SC_RS07895	SCO1188	SC_RS07895	1260854	1261948	+	protein_coding	arm	1095	0	0	0	0
SC_RS07900	SCO1189	SC_RS07900	1262121	1262546	+	protein_coding	arm	426	0	0	0	0
SC_RS07905	SCO1190	SC_RS07905	1262509	1264110	-	protein_coding	arm	1602	0	0	0	0
SC_RS07910	SCO1191	SC_RS07910	1264183	1264656	-	protein_coding	arm	474	0	0	0	0
SC_RS07915	SCO1192	SC_RS07915	1264780	1265148	+	protein_coding	arm	369	0	0	0	0
SC_RS07920	SCO1193	SC_RS07920	1265170	1265739	-	protein_coding	arm	570	0	0	0	0
SC_RS07925	SCO1194	SC_RS07925	1265841	1267331	+	protein_coding	arm	1491	1	0	0	1
SC_RS07930	SCO1195	SC_RS07930	1267321	1267515	-	protein_coding	arm	195	1	0	0	1
SC_RS07935	SCO1196	SC_RS07935	1267630	1268493	-	protein_coding	arm	864	1	1	0	1
SC_RS07940	SCO1197	SC_RS07940	1268663	1269751	-	protein_coding	arm	1089	1	0	1	1
SC_RS07945	SCO1198	SC_RS07945	1269748	1270929	-	protein_coding	arm	1182	1	0	0	1
SC_RS07950	SCO1199	SC_RS07950	1270926	1271906	-	protein_coding	arm	981	1	0	0	1
SC_RS07955	SCO1200	SC_RS07955	1271991	1272566	-	protein_coding	arm	576	0	0	0	0
SC_RS07960	SCO1201	SC_RS07960	1272644	1273609	+	protein_coding	arm	966	0	0	0	0
SC_RS07965	SCO1202	SC_RS07965	1273700	1275238	+	protein_coding	arm	1539	0	0	0	0
SC_RS07970	SCO1203	SC_RS07970	1275235	1275696	+	protein_coding	arm	462	0	0	0	0
SC_RS07975	SCO1204	SC_RS07975	1275830	1277215	+	protein_coding	arm	1386	0	0	0	0
SC_RS07980	SCO1205	SC_RS07980	1277241	1277477	+	protein_coding	arm	237	0	0	0	0
SC_RS07985	SCO1206	SC_RS07985	1277625	1278749	+	protein_coding	arm	1125	1	0	0	1
SC_RS07990	SCO1207	SC_RS07990	1278746	1279960	+	protein_coding	arm	1215	1	0	0	1
SC_RS07995	SCO1208	SC_RS07995	1279957	1280490	+	protein_coding	arm	534	1	0	1	1
SC_RS08000	SCO1209	SC_RS08000	1280487	1281713	-	protein_coding	arm	1227	1	0	0	1
SC_RS08005	SCO1210	SC_RS08005	1281884	1282540	+	protein_coding	arm	657	1	0	0	1
SC_RS08010	SCO1211	def	1282582	1283121	-	protein_coding	arm	540	0	0	0	0
SC_RS08015	SCO1212	SC_RS08015	1283300	1284538	+	protein_coding	arm	1239	0	0	0	0
SC_RS08020	SCO1213	SC_RS08020	1284562	1285290	+	protein_coding	arm	729	0	0	0	0
SC_RS08025	SCO1214	SC_RS08025	1285457	1286482	+	protein_coding	arm	1026	0	0	0	0
SC_RS08030	SCO1215	SC_RS08030	1286676	1287626	+	protein_coding	arm	951	0	0	0	0
SC_RS08035	SCO1216	SC_RS08035	1287670	1287840	+	protein_coding	arm	171	0	0	0	0
SC_RS08040	SCO1217	SC_RS08040	1287879	1289084	-	protein_coding	arm	1206	0	0	0	0
SC_RS08045	SCO1218	SC_RS08045	1289093	1290928	-	protein_coding	arm	1836	0	0	0	0
SC_RS08050	SCO1219	SC_RS08050	1290957	1291352	-	protein_coding	arm	396	0	0	0	0
SC_RS08055	SCO1220	SC_RS08055	1291356	1292117	-	protein_coding	arm	762	1	0	0	1
SC_RS08060	SCO1221	SC_RS08060	1292195	1292698	+	protein_coding	arm	504	1	0	0	1
SC_RS08065	SCO1222	ddaH	1292824	1293690	+	protein_coding	arm	867	1	0	0	1
SC_RS08070	SCO1223	rocD	1293687	1294910	+	protein_coding	arm	1224	1	0	1	1
SC_RS08075	SCO1224	SC_RS08075	1294926	1295384	-	protein_coding	arm	459	1	0	0	1
SC_RS08080	SCO1225	SC_RS08080	1295526	1297040	+	protein_coding	arm	1515	1	0	0	1
SC_RS08085	SCO1226	SC_RS08085	1297131	1300331	-	protein_coding	arm	3201	0	0	0	0
SC_RS08090	SCO1227	SC_RS08090	1300601	1302022	-	protein_coding	arm	1422	0	0	0	0
SC_RS08095	SCO1228	SC_RS08095	1302287	1303009	+	protein_coding	arm	723	0	0	0	0
SC_RS08100	SCO1229	SC_RS08100	1303094	1304119	+	protein_coding	arm	1026	0	0	0	0
SC_RS08105	SCO1230	SC_RS08105	1304188	1305813	-	protein_coding	arm	1626	0	0	0	0
SC_RS08110	SCO1231	SC_RS08110	1305967	1306731	-	protein_coding	arm	765	0	0	0	0
SC_RS08115	SCO1232	ureG	1306728	1307405	-	protein_coding	arm	678	0	0	0	0
SC_RS08120	SCO1233	SC_RS08120	1307571	1308245	-	protein_coding	arm	675	0	0	0	0
SC_RS08125	SCO1234	SC_RS08125	1308254	1309975	-	protein_coding	arm	1722	0	0	0	0
SC_RS08130	SCO1235	SC_RS08130	1309968	1310279	-	protein_coding	arm	312	0	0	0	0
SC_RS08135	SCO1236	SC_RS08135	1310293	1310595	-	protein_coding	arm	303	0	0	0	0
SC_RS08140	SCO1237	SC_RS08140	1310820	1311104	-	protein_coding	arm	285	0	0	0	0
SC_RS08145	SCO1238	SC_RS08145	1311216	1311851	+	protein_coding	arm	636	0	0	0	0
SC_RS08150	SCO1239	SC_RS08150	1311859	1312167	+	protein_coding	arm	309	0	0	0	0
SC_RS08155	SCO1240	SC_RS08155	1312684	1313157	+	protein_coding	arm	474	0	0	0	0
SC_RS08160	SCO1241	SC_RS08160	1313128	1313640	-	protein_coding	arm	513	0	0	0	0
SC_RS08165	SCO1242	SC_RS08165	1313856	1314716	+	protein_coding	arm	861	0	0	0	0
SC_RS08170		SC_RS08170	1314738	1314968	+	protein_coding	arm	231	0	0	0	0
SC_RS08175	SCO1243	SC_RS08175	1315011	1316138	-	protein_coding	arm	1128	0	0	0	0
SC_RS08180	SCO1244	bioB	1316289	1317512	+	protein_coding	arm	1224	0	0	0	0
SC_RS08185	SCO1245	SC_RS08185	1317505	1318791	+	protein_coding	arm	1287	1	0	0	1
SC_RS08190	SCO1246	bioD	1318793	1319509	+	protein_coding	arm	717	1	0	0	1
SC_RS08195	SCO1247	SC_RS08195	1319887	1320564	+	protein_coding	arm	678	1	0	1	1
SC_RS08200	SCO1248	SC_RS08200	1320586	1320960	-	protein_coding	arm	375	1	0	0	1
SC_RS08205	SCO1249	SC_RS08205	1320980	1321207	-	protein_coding	arm	228	1	0	0	1
SC_RS08210	SCO1250	SC_RS08210	1321315	1321740	+	protein_coding	arm	426	1	0	0	1
SC_RS08215	SCO1251	SC_RS08215	1321823	1323229	+	protein_coding	arm	1407	1	0	0	1
SC_RS08220	SCO1252	SC_RS08220	1323226	1324239	+	protein_coding	arm	1014	0	0	0	0
SC_RS08225	SCO1253	SC_RS08225	1324336	1325118	+	protein_coding	arm	783	0	0	0	0
SC_RS08230	SCO1254	purB	1325285	1326727	+	protein_coding	arm	1443	0	0	0	0
SC_RS08235	SCO1255	mug	1326748	1327284	+	protein_coding	arm	537	0	0	0	0
SC_RS08240	SCO1256	SC_RS08240	1327484	1327924	-	protein_coding	arm	441	0	0	0	0
SC_RS08245	SCO1257	SC_RS08245	1327991	1328716	-	protein_coding	arm	726	0	0	0	0
SC_RS08250	SCO1258	SC_RS08250	1328719	1329639	-	protein_coding	arm	921	0	0	0	0
SC_RS08255	SCO1259	SC_RS08255	1329747	1330901	+	protein_coding	arm	1155	0	0	0	0
SC_RS08260	SCO1260	SC_RS08260	1330916	1331578	+	protein_coding	arm	663	0	0	0	0
SC_RS08265	SCO1261	SC_RS08265	1331678	1332832	+	protein_coding	arm	1155	0	0	0	0
SC_RS08270	SCO1262	SC_RS08270	1332872	1333633	-	protein_coding	arm	762	0	0	0	0
SC_RS08275	SCO1263	SC_RS08275	1333824	1334711	-	protein_coding	arm	888	0	0	0	0
SC_RS08280	SCO1264	SC_RS08280	1334865	1335743	+	protein_coding	arm	879	0	0	0	0
SC_RS08285	SCO1265	SC_RS08285	1335695	1336564	-	protein_coding	arm	870	1	0	0	1
SC_RS08290	SCO1266	SC_RS08290	1336608	1337876	-	protein_coding	arm	1269	1	1	0	1
SC_RS08295	SCO1267	SC_RS08295	1337873	1338130	-	protein_coding	arm	258	1	0	1	1
SC_RS08300	SCO1268	SC_RS08300	1338248	1339366	-	protein_coding	arm	1119	1	0	0	1
SC_RS08305	SCO1269	SC_RS08305	1339363	1340376	-	protein_coding	arm	1014	1	0	0	1
SC_RS08310	SCO1270	SC_RS08310	1340373	1341344	-	protein_coding	arm	972	1	0	0	1
SC_RS08315	SCO1271	SC_RS08315	1341355	1342317	-	protein_coding	arm	963	1	1	0	1
SC_RS08320	SCO1272	SC_RS08320	1342317	1342589	-	protein_coding	arm	273	1	1	0	1
SC_RS08325	SCO1273	SC_RS08325	1342661	1343779	-	protein_coding	arm	1119	1	0	1	1
SC_RS08330	SCO1274	SC_RS08330	1344147	1344806	+	protein_coding	arm	660	1	0	0	1
SC_RS08335	SCO1275	SC_RS08335	1344856	1346613	+	protein_coding	arm	1758	0	0	0	0
SC_RS08340	SCO1276	SC_RS08340	1346693	1347289	+	protein_coding	arm	597	0	0	0	0
SC_RS08345	SCO1277	SC_RS08345	1347343	1348086	+	protein_coding	arm	744	0	0	0	0
SC_RS08350	SCO1278	SC_RS08350	1348179	1349756	+	protein_coding	arm	1578	0	0	0	0
SC_RS08355	SCO1279	SC_RS08355	1349799	1350677	+	protein_coding	arm	879	0	0	0	0
SC_RS08360	SCO1280	SC_RS08360	1350735	1351976	-	protein_coding	arm	1242	0	0	0	0
SC_RS08365	SCO1281	SC_RS08365	1352088	1353410	-	protein_coding	arm	1323	0	0	0	0
SC_RS08370	SCO1282	SC_RS08370	1353407	1354006	-	protein_coding	arm	600	0	0	0	0
SC_RS08375	SCO1283	SC_RS08375	1353978	1354445	-	protein_coding	arm	468	0	0	0	0
SC_RS08380	SCO1284	SC_RS08380	1354527	1355912	-	protein_coding	arm	1386	0	0	0	0
SC_RS08385	SCO1285	SC_RS08385	1355909	1357030	-	protein_coding	arm	1122	0	0	0	0
SC_RS08390	SCO1286	SC_RS08390	1357085	1358209	-	protein_coding	arm	1125	0	0	0	0
SC_RS08395	SCO1287	SC_RS08395	1358281	1359243	-	protein_coding	arm	963	0	0	0	0
SC_RS08400	SCO1288	SC_RS08400	1359227	1359733	-	protein_coding	arm	507	0	0	0	0
SC_RS08405	SCO1289	pdxR	1359896	1361419	+	protein_coding	arm	1524	0	0	0	0
SC_RS08410	SCO1290	SC_RS08410	1361564	1363153	+	protein_coding	arm	1590	1	0	0	1
SC_RS08415	SCO1291	SC_RS08415	1363304	1364707	+	protein_coding	arm	1404	1	0	0	1
SC_RS08420	SCO1292	SC_RS08420	1364704	1367439	+	protein_coding	arm	2736	2	0	1	2
SC_RS08425	SCO1293	SC_RS08425	1367555	1368913	+	protein_coding	arm	1359	2	0	0	2
SC_RS08430	SCO1294	SC_RS08430	1368938	1370161	-	protein_coding	arm	1224	2	0	2	2
SC_RS08435	SCO1295	SC_RS08435	1370221	1370712	+	protein_coding	arm	492	2	0	0	2
SC_RS08440	SCO1296	SC_RS08440	1370791	1372479	+	protein_coding	arm	1689	2	0	0	2
SC_RS08450	SCO1297	SC_RS08450	1372948	1373469	-	protein_coding	arm	522	0	0	0	0
SC_RS08455	SCO1298	SC_RS08455	1373491	1374042	-	protein_coding	arm	552	1	0	0	1
SC_RS08460	SCO1299	SC_RS08460	1374103	1374549	+	protein_coding	arm	447	1	0	0	1
SC_RS08465	SCO1300	SC_RS08465	1374583	1377582	-	protein_coding	arm	3000	1	0	1	1
SC_RS08470	SCO1301	SC_RS08470	1377579	1378742	-	protein_coding	arm	1164	1	0	0	1
SC_RS08475	SCO1302	SC_RS08475	1379126	1379752	-	protein_coding	arm	627	0	0	0	0
SC_RS08480	SCO1303	SC_RS08480	1379824	1380573	-	protein_coding	arm	750	0	0	0	0
SC_RS08485	SCO1304	SC_RS08485	1380724	1381131	+	protein_coding	arm	408	0	0	0	0
SC_RS08490	SCO1305	SC_RS08490	1381144	1382439	-	protein_coding	arm	1296	0	0	0	0
SC_RS08495	SCO1306	SC_RS08495	1382544	1383788	-	protein_coding	arm	1245	0	0	0	0
SC_RS08500	SCO1307	SC_RS08500	1383886	1385292	-	protein_coding	arm	1407	1	0	0	1
SC_RS08505	SCO1308	SC_RS08505	1385454	1386677	+	protein_coding	arm	1224	1	0	1	1
SC_RS08510	SCO1309	SC_RS08510	1386707	1387066	-	protein_coding	arm	360	1	0	0	1
SC_RS08515	SCO1310	SC_RS08515	1387179	1388270	+	protein_coding	arm	1092	1	0	0	1
SC_RS08520	SCO1311	SC_RS08520	1388275	1388832	-	protein_coding	arm	558	1	0	0	1
SC_RS08525	SCO1312	SC_RS08525	1388876	1389448	-	protein_coding	arm	573	0	0	0	0
SC_RS08530	SCO1313	SC_RS08530	1389568	1390425	+	protein_coding	arm	858	0	0	0	0
SC_RS08535	SCO1314	SC_RS08535	1390456	1391259	-	protein_coding	arm	804	0	0	0	0
SC_RS08540	SCO1315	SC_RS08540	1391367	1391903	+	protein_coding	arm	537	0	0	0	0
SC_RS08545	SCO1316	SC_RS08545	1391967	1392602	-	protein_coding	arm	636	2	0	0	2
SC_RS08550	SCO1317	SC_RS08550	1392691	1393128	-	protein_coding	arm	438	2	0	0	2
SC_RS08555	SCO1318	SC_RS08555	1393213	1394196	+	protein_coding	arm	984	2	0	0	2
SC_RS08560	SCO1319	SC_RS08560	1394273	1395295	+	protein_coding	arm	1023	2	0	2	2
SC_RS08565	SCO1320	SC_RS08565	1395319	1396164	-	protein_coding	arm	846	2	0	0	2
SC_RS08570	SCO1321	tuf	1396238	1397416	-	protein_coding	arm	1179	2	0	0	2
SC_RS08580	SCO1323	SC_RS08580	1398463	1399239	+	protein_coding	arm	777	0	0	0	0
SC_RS08585	SCO1324	SC_RS08585	1399280	1400449	-	protein_coding	arm	1170	1	0	0	1
SC_RS08590	SCO1325	SC_RS08590	1400584	1401057	+	protein_coding	arm	474	2	0	0	2
SC_RS08595	SCO1326	SC_RS08595	1401207	1402082	+	protein_coding	arm	876	2	0	0	2
SC_RS08600	SCO1327	SC_RS08600	1402679	1403737	+	protein_coding	arm	1059	2	1	1	2
SC_RS08605	SCO1328	SC_RS08605	1403709	1404506	-	protein_coding	arm	798	3	0	0	3
SC_RS08610	SCO1329	SC_RS08610	1404801	1405034	-	protein_coding	arm	234	2	0	0	2
SC_RS08615	SCO1330	SC_RS08615	1405031	1405780	-	protein_coding	arm	750	2	1	0	2
SC_RS08620	SCO1331	SC_RS08620	1406162	1408480	+	protein_coding	arm	2319	2	1	1	2
SC_RS08625		SC_RS08625	1408850	1409380	-	protein_coding	arm	531	1	0	0	1
SC_RS08630	SCO1333	SC_RS08630	1410027	1410995	+	protein_coding	arm	969	0	0	0	0
SC_RS08635	SCO1334	SC_RS08635	1411647	1411826	+	protein_coding	arm	180	0	0	0	0
SC_RS08640	SCO1335	SC_RS08640	1411885	1412625	-	protein_coding	arm	741	0	0	0	0
SC_RS08645	SCO1336	lnt	1412774	1414348	+	protein_coding	arm	1575	0	0	0	0
SC_RS08650	SCO1337	SC_RS08650	1414272	1415177	-	protein_coding	arm	906	0	0	0	0
SC_RS08655	SCO1338	SC_RS08655	1415191	1416381	-	protein_coding	arm	1191	0	0	0	0
SC_RS08660	SCO1339	SC_RS08660	1416484	1417104	+	protein_coding	arm	621	0	0	0	0
SC_RS08665	SCO1340	SC_RS08665	1417147	1417659	+	protein_coding	arm	513	0	0	0	0
SC_RS08670	SCO1341	SC_RS08670	1417763	1418269	+	protein_coding	arm	507	0	0	0	0
SC_RS08675	SCO1342	SC_RS08675	1418317	1418868	-	protein_coding	arm	552	0	0	0	0
SC_RS08680	SCO1343	ung	1418995	1419678	-	protein_coding	arm	684	0	0	0	0
SC_RS08685	SCO1344	SC_RS08685	1419752	1421338	-	protein_coding	arm	1587	1	0	0	1
SC_RS08690	SCO1345	SC_RS08690	1421547	1422308	-	protein_coding	arm	762	2	1	0	2
SC_RS08695	SCO1346	fabG	1422352	1423113	-	protein_coding	arm	762	2	0	1	2
SC_RS08700	SCO1347	SC_RS08700	1423379	1424143	+	protein_coding	arm	765	3	0	1	3
SC_RS08705	SCO1348	SC_RS08705	1424234	1424617	-	protein_coding	arm	384	3	0	0	3
SC_RS08710	SCO1349	SC_RS08710	1424614	1425369	-	protein_coding	arm	756	2	1	0	2
SC_RS08715	SCO1350	SC_RS08715	1425630	1426211	+	protein_coding	arm	582	2	1	0	2
SC_RS08720	SCO1351	SC_RS08720	1426307	1429033	+	protein_coding	arm	2727	1	0	0	1
SC_RS08725	SCO1352	SC_RS08725	1429057	1430469	-	protein_coding	arm	1413	0	0	0	0
SC_RS08730	SCO1353	SC_RS08730	1430593	1431576	+	protein_coding	arm	984	0	0	0	0
SC_RS08735	SCO1354	SC_RS08735	1431662	1432225	-	protein_coding	arm	564	0	0	0	0
SC_RS08740	SCO1355	SC_RS08740	1432286	1433899	-	protein_coding	arm	1614	1	0	0	1
SC_RS08745	SCO1356	SC_RS08745	1434218	1434715	+	protein_coding	arm	498	1	0	0	1
SC_RS08750	SCO1357	SC_RS08750	1434712	1435179	+	protein_coding	arm	468	2	0	0	2
SC_RS08755	SCO1358	SC_RS08755	1435312	1436223	-	protein_coding	arm	912	2	0	1	2
SC_RS08760	SCO1359	SC_RS08760	1436298	1437296	+	protein_coding	arm	999	2	0	1	2
SC_RS08765	SCO1360	SC_RS08765	1437760	1439097	-	protein_coding	arm	1338	2	0	0	2
SC_RS08770	SCO1361	SC_RS08770	1439133	1439819	+	protein_coding	arm	687	1	0	1	1
SC_RS08775	SCO1362	SC_RS08775	1439866	1440840	-	protein_coding	arm	975	1	0	0	1
SC_RS08780	SCO1363	SC_RS08780	1441026	1442030	-	protein_coding	arm	1005	1	0	0	1
SC_RS08785	SCO1364	SC_RS08785	1442209	1442748	-	protein_coding	arm	540	0	0	0	0
SC_RS08790	SCO1365	SC_RS08790	1442946	1443134	+	protein_coding	arm	189	0	0	0	0
SC_RS08795	SCO1366	SC_RS08795	1443255	1443908	-	protein_coding	arm	654	0	0	0	0
SC_RS08800	SCO1367	SC_RS08800	1443901	1444656	-	protein_coding	arm	756	0	0	0	0
SC_RS08805	SCO1368	SC_RS08805	1444653	1445792	-	protein_coding	arm	1140	1	0	0	1
SC_RS08810	SCO1369	SC_RS08810	1445966	1447180	+	protein_coding	arm	1215	1	0	1	1
SC_RS08815	SCO1370	SC_RS08815	1447177	1447812	+	protein_coding	arm	636	1	0	0	1
SC_RS08820	SCO1371	SC_RS08820	1447950	1448759	+	protein_coding	arm	810	1	0	0	1
SC_RS08825	SCO1372	SC_RS08825	1448786	1449613	-	protein_coding	arm	828	0	0	0	0
SC_RS08830	SCO1373	SC_RS08830	1449695	1451212	-	protein_coding	arm	1518	0	0	0	0
SC_RS08835	SCO1374	SC_RS08835	1451772	1452356	+	protein_coding	arm	585	0	0	0	0
SC_RS08840	SCO1375	SC_RS08840	1452656	1452859	+	protein_coding	arm	204	0	0	0	0
SC_RS08845	SCO1376	SC_RS08845	1453090	1454160	+	protein_coding	arm	1071	1	0	0	1
SC_RS08850	SCO1377	SC_RS08850	1454293	1454712	+	protein_coding	arm	420	2	0	0	2
SC_RS08855	SCO1378	gcvP	1454780	1457665	-	protein_coding	arm	2886	3	0	2	3
SC_RS08860	SCO1379	SC_RS08860	1458090	1458473	+	protein_coding	arm	384	2	0	1	2
SC_RS08865	SCO1380	SC_RS08865	1458383	1459822	-	protein_coding	arm	1440	2	0	1	2
SC_RS08870	SCO1381	SC_RS08870	1459887	1460573	-	protein_coding	arm	687	1	0	0	1
SC_RS08875	SCO1382	SC_RS08875	1460736	1461209	-	protein_coding	arm	474	0	0	0	0
SC_RS08880	SCO1383	ftsR	1461293	1462033	-	protein_coding	arm	741	0	0	0	0
SC_RS08885	SCO1384	SC_RS08885	1462078	1462923	-	protein_coding	arm	846	0	0	0	0
SC_RS08890	SCO1385	SC_RS08890	1463072	1463926	-	protein_coding	arm	855	0	0	0	0
SC_RS08895	SCO1386	SC_RS08895	1463932	1464264	-	protein_coding	arm	333	0	0	0	0
SC_RS08900	SCO1387	SC_RS08900	1464261	1465166	-	protein_coding	arm	906	0	0	0	0
SC_RS08905	SCO1388	SC_RS08905	1465266	1467761	-	protein_coding	arm	2496	2	1	0	2
SC_RS08910	SCO1389	SC_RS08910	1467874	1468482	-	protein_coding	arm	609	2	0	2	2
SC_RS08915	SCOr01	rrf	1468592	1468708	-	rRNA	arm	117	2	0	0	2
SC_RS08920	SCOr02	SC_RS08920	1468795	1471916	-	rRNA	arm	3122	2	0	0	2
SC_RS08925	SCOr03	SC_RS08925	1472195	1473721	-	rRNA	arm	1527	0	0	0	0
SC_RS08930	SCO1390	SC_RS08930	1474291	1474740	+	protein_coding	arm	450	0	0	0	0
SC_RS08935	SCO1391	ptsP	1474827	1476497	+	protein_coding	arm	1671	0	0	0	0
SC_RS08940	SCO1392	SC_RS08940	1476570	1477472	-	protein_coding	arm	903	0	0	0	0
SC_RS08945	SCO1393	SC_RS08945	1477596	1479572	-	protein_coding	arm	1977	1	0	0	1
SC_RS08950	SCO1394	SC_RS08950	1479786	1482173	+	protein_coding	arm	2388	1	0	1	1
SC_RS08955	SCO1395	SC_RS08955	1482164	1482700	-	protein_coding	arm	537	1	0	0	1
SC_RS08960	SCO1396	SC_RS08960	1482748	1483572	-	protein_coding	arm	825	1	0	0	1
SC_RS08970	SCO1399	SC_RS08970	1485684	1486289	-	protein_coding	arm	606	1	0	1	1
SC_RS08975	SCO1400	SC_RS08975	1486339	1486734	-	protein_coding	arm	396	1	0	0	1
SC_RS08980	SCO1401	SC_RS08980	1486745	1487179	-	protein_coding	arm	435	1	0	0	1
SC_RS08985	SCO1402	SC_RS08985	1487176	1490007	-	protein_coding	arm	2832	1	0	0	1
SC_RS08990	SCO1403	SC_RS08990	1490427	1490969	+	protein_coding	arm	543	0	0	0	0
SC_RS08995	SCO1404	SC_RS08995	1491016	1494021	-	protein_coding	arm	3006	2	0	2	2
SC_RS09000	SCO1405	SC_RS09000	1494024	1495871	-	protein_coding	arm	1848	2	0	0	2
SC_RS09005	SCO1406	SC_RS09005	1495964	1496950	-	protein_coding	arm	987	0	0	0	0
SC_RS09010	SCO1407	SC_RS09010	1497056	1501717	-	protein_coding	arm	4662	0	0	0	0
SC_RS09015	SCO1408	SC_RS09015	1501823	1502704	-	protein_coding	core	882	0	0	0	0
SC_RS09020	SCO1409	SC_RS09020	1502793	1504319	-	protein_coding	core	1527	0	0	0	0
SC_RS09025	SCO1410	SC_RS09025	1504428	1505123	-	protein_coding	core	696	1	0	0	1
SC_RS09030	SCO1411	SC_RS09030	1505261	1506583	+	protein_coding	core	1323	1	0	0	1
SC_RS09035	SCO1412	SC_RS09035	1506580	1507413	+	protein_coding	core	834	1	0	1	1
SC_RS09040	SCO1413	SC_RS09040	1507860	1509278	-	protein_coding	core	1419	1	0	0	1
SC_RS09045	SCO1414	SC_RS09045	1509614	1510006	-	protein_coding	core	393	0	0	0	0
SC_RS09050	SCO1415	SC_RS09050	1510276	1510470	+	protein_coding	core	195	0	0	0	0
SC_RS09055	SCO1416	SC_RS09055	1510524	1512272	+	protein_coding	core	1749	0	0	0	0
SC_RS09060	SCO1417	SC_RS09060	1512639	1514141	-	protein_coding	core	1503	0	0	0	0
SC_RS09065	SCO1418	yczE	1514244	1514936	+	protein_coding	core	693	0	0	0	0
SC_RS09070	SCO1419	SC_RS09070	1514933	1515700	+	protein_coding	core	768	0	0	0	0
SC_RS09075	SCO1420	SC_RS09075	1515752	1517212	+	protein_coding	core	1461	0	0	0	0
SC_RS09080	SCO1421	SC_RS09080	1517384	1517758	+	protein_coding	core	375	0	0	0	0
SC_RS09085	SCO1422	fxsA	1517861	1518445	-	protein_coding	core	585	0	0	0	0
SC_RS09090	SCO1423	SC_RS09090	1518492	1519400	-	protein_coding	core	909	1	0	0	1
SC_RS09095	SCO1424	SC_RS09095	1519926	1521530	-	protein_coding	core	1605	1	0	1	1
SC_RS09100	SCO1425	SC_RS09100	1521620	1522060	-	protein_coding	core	441	1	0	0	1
SC_RS09105	SCO1426	SC_RS09105	1522328	1522765	+	protein_coding	core	438	1	0	0	1
SC_RS09110	SCO1427	SC_RS09110	1522938	1523255	+	protein_coding	core	318	0	0	0	0
SC_RS09115	SCO1428	SC_RS09115	1523218	1524393	-	protein_coding	core	1176	0	0	0	0
SC_RS09120	SCO1429	SC_RS09120	1524785	1526038	+	protein_coding	core	1254	0	0	0	0
SC_RS09125	SCO1430	SC_RS09125	1526117	1526779	-	protein_coding	core	663	0	0	0	0
SC_RS09130		SC_RS09130	1526862	1527005	-	protein_coding	core	144	0	0	0	0
SC_RS09135	SCO1432	SC_RS09135	1527125	1528516	-	protein_coding	core	1392	0	0	0	0
SC_RS09140	SCO1433	SC_RS09140	1528701	1529303	+	protein_coding	core	603	1	0	0	1
SC_RS09145	SCO1434	SC_RS09145	1529751	1531607	+	protein_coding	core	1857	2	0	1	2
SC_RS09150	SCO1435	SC_RS09150	1531792	1532835	-	protein_coding	core	1044	3	0	1	3
SC_RS09155	SCO1436	SC_RS09155	1532832	1534163	-	protein_coding	core	1332	3	1	0	3
SC_RS09160	SCO1437	SC_RS09160	1534368	1534838	-	protein_coding	core	471	1	0	1	1
SC_RS09165	SCO1438	hisG	1534876	1535733	-	protein_coding	core	858	1	0	0	1
SC_RS09170	SCO1439	SC_RS09170	1535782	1536054	-	protein_coding	core	273	1	0	0	1
SC_RS09175	SCO1440	ribH	1536089	1536574	-	protein_coding	core	486	1	0	0	1
SC_RS09180	SCO1441	SC_RS09180	1536596	1537885	-	protein_coding	core	1290	1	0	0	1
SC_RS09185	SCO1442	SC_RS09185	1537882	1538526	-	protein_coding	core	645	0	0	0	0
SC_RS09190	SCO1443	SC_RS09190	1538523	1539125	-	protein_coding	core	603	0	0	0	0
SC_RS09195	SCO1444	SC_RS09195	1539609	1541984	+	protein_coding	core	2376	1	0	0	1
SC_RS09200	SCO1445	SC_RS09200	1542226	1542993	+	protein_coding	core	768	2	0	0	2
SC_RS09205	SCO1446	SC_RS09205	1543064	1543432	+	protein_coding	core	369	2	0	1	2
SC_RS09210	SCO1447	SC_RS09210	1543454	1544653	-	protein_coding	core	1200	2	1	0	2
SC_RS09215	SCO1448	SC_RS09215	1544766	1545977	+	protein_coding	core	1212	2	0	1	2
SC_RS09220	SCO1449	SC_RS09220	1545937	1546395	-	protein_coding	core	459	1	0	0	1
SC_RS09225	SCO1450	SC_RS09225	1546564	1548000	+	protein_coding	core	1437	3	0	0	3
SC_RS09230	SCO1451	SC_RS09230	1547982	1549133	-	protein_coding	core	1152	2	0	2	2
SC_RS09235	SCO1452	SC_RS09235	1549307	1550002	+	protein_coding	core	696	2	1	0	2
SC_RS09240	SCO1453	SC_RS09240	1550134	1551066	+	protein_coding	core	933	2	0	0	2
SC_RS09245	SCO1454	SC_RS09245	1551086	1552783	-	protein_coding	core	1698	2	1	0	2
SC_RS09250	SCO1455	SC_RS09250	1552848	1553636	-	protein_coding	core	789	2	0	1	2
SC_RS09260	SCO1457	SC_RS09260	1554266	1555507	-	protein_coding	core	1242	2	0	1	2
SC_RS09265	SCO1458	SC_RS09265	1555656	1556108	-	protein_coding	core	453	1	0	0	1
SC_RS09270	SCO1459	SC_RS09270	1556124	1557614	-	protein_coding	core	1491	1	0	0	1
SC_RS09275	SCO1460	SC_RS09275	1557912	1558307	-	protein_coding	core	396	0	0	0	0
SC_RS09280	SCO1461	SC_RS09280	1558380	1559822	-	protein_coding	core	1443	0	0	0	0
SC_RS09285	SCO1462	SC_RS09285	1559931	1560284	-	protein_coding	core	354	0	0	0	0
SC_RS09290	SCO1463	SC_RS09290	1560350	1561393	-	protein_coding	core	1044	0	0	0	0
SC_RS09295	SCO1464	rpe	1561471	1562157	-	protein_coding	core	687	0	0	0	0
SC_RS09300	SCO1465	SC_RS09300	1562315	1563520	-	protein_coding	core	1206	0	0	0	0
SC_RS09305	SCO1466	SC_RS09305	1563517	1564455	-	protein_coding	core	939	0	0	0	0
SC_RS09310	SCO1467	SC_RS09310	1564452	1565927	-	protein_coding	core	1476	0	0	0	0
SC_RS09315	SCO1468	SC_RS09315	1565986	1568358	-	protein_coding	core	2373	0	0	0	0
SC_RS09320	SCO1469	SC_RS09320	1568408	1570513	-	protein_coding	core	2106	0	0	0	0
SC_RS09325	SCO1470	SC_RS09325	1570589	1570885	+	protein_coding	core	297	0	0	0	0
SC_RS09330	SCO1471	SC_RS09330	1570995	1571951	+	protein_coding	core	957	0	0	0	0
SC_RS09335	SCO1472	SC_RS09335	1571971	1573398	-	protein_coding	core	1428	0	0	0	0
SC_RS09340	SCO1473	fmt	1573487	1574419	-	protein_coding	core	933	0	0	0	0
SC_RS09345	SCO1474	SC_RS09345	1574728	1575279	+	protein_coding	core	552	0	0	0	0
SC_RS09350	SCO1475	SC_RS09350	1575452	1577602	-	protein_coding	core	2151	0	0	0	0
SC_RS09355	SCO1476	metK	1577727	1578935	-	protein_coding	core	1209	0	0	0	0
SC_RS09360	SCO1477	coaBC	1579175	1580377	-	protein_coding	core	1203	0	0	0	0
SC_RS09365	SCO1478	rpoZ	1580546	1580818	-	protein_coding	core	273	1	0	0	1
SC_RS09370	SCO1479	gmk	1580881	1581474	-	protein_coding	core	594	1	0	0	1
SC_RS09375	SCO1480	SC_RS09375	1581512	1581835	-	protein_coding	core	324	1	0	0	1
SC_RS09380	SCO1481	pyrF	1582059	1582904	-	protein_coding	core	846	1	0	1	1
SC_RS09385	SCO1482	SC_RS09385	1582901	1584007	-	protein_coding	core	1107	1	0	0	1
SC_RS09390	SCO1483	carB	1584104	1587412	-	protein_coding	core	3309	1	0	0	1
SC_RS09395	SCO1484	carA	1587405	1588547	-	protein_coding	core	1143	0	0	0	0
SC_RS09400	SCO1485	SC_RS09400	1588544	1589119	-	protein_coding	core	576	0	0	0	0
SC_RS09405	SCO1486	SC_RS09405	1589116	1590402	-	protein_coding	core	1287	0	0	0	0
SC_RS09410	SCO1487	SC_RS09410	1590407	1591387	-	protein_coding	core	981	0	0	0	0
SC_RS09415	SCO1488	pyrR	1591502	1592083	-	protein_coding	core	582	1	0	0	1
SC_RS09420	SCO1489	bldD	1592381	1592884	+	protein_coding	core	504	1	0	0	1
SC_RS09425	SCO1490	nusB	1593088	1593516	-	protein_coding	core	429	1	1	0	1
SC_RS09430	SCO1491	efp	1593519	1594085	-	protein_coding	core	567	1	0	1	1
SC_RS09435	SCO1492	SC_RS09435	1594150	1595256	-	protein_coding	core	1107	1	0	0	1
SC_RS09440	SCO1493	SC_RS09440	1595436	1596323	-	protein_coding	core	888	1	0	0	1
SC_RS09445	SCO1494	aroB	1596490	1597581	-	protein_coding	core	1092	0	0	0	0
SC_RS09450	SCO1495	SC_RS09450	1597578	1598093	-	protein_coding	core	516	0	0	0	0
SC_RS09455	SCO1496	aroC	1598090	1599274	-	protein_coding	core	1185	0	0	0	0
SC_RS09460	SCO1497	SC_RS09460	1599480	1599845	-	protein_coding	core	366	0	0	0	0
SC_RS09465	SCO1498	SC_RS09465	1599894	1600733	-	protein_coding	core	840	0	0	0	0
SC_RS09470	SCO1499	mltG	1600714	1602462	-	protein_coding	core	1749	0	0	0	0
SC_RS09475	SCO1500	ruvX	1602591	1603055	-	protein_coding	core	465	0	0	0	0
SC_RS09480	SCO1501	alaS	1603091	1605763	-	protein_coding	core	2673	0	0	0	0
SC_RS09485	SCO1502	SC_RS09485	1605763	1606119	-	protein_coding	core	357	0	0	0	0
SC_RS09490	SCO1503	SC_RS09490	1606127	1606576	-	protein_coding	core	450	0	0	0	0
SC_RS09495	SCO1504	SC_RS09495	1606742	1608931	+	protein_coding	core	2190	0	0	0	0
SC_RS09500	SCO1505	rpsD	1608976	1609590	-	protein_coding	core	615	0	0	0	0
SC_RS09505	SCO1506	SC_RS09505	1609885	1611240	-	protein_coding	core	1356	0	0	0	0
SC_RS09510	SCO1507	SC_RS09510	1611310	1611972	-	protein_coding	core	663	0	0	0	0
SC_RS09515	SCO1508	hisS	1612166	1613428	-	protein_coding	core	1263	1	0	0	1
SC_RS09520	SCO1509	SC_RS09520	1613440	1614147	-	protein_coding	core	708	1	0	0	1
SC_RS09525	SCO1510	SC_RS09525	1614331	1615164	+	protein_coding	core	834	1	0	1	1
SC_RS09535	SCO1513	relA	1616607	1619150	-	protein_coding	core	2544	1	0	0	1
SC_RS09540	SCO1514	SC_RS09540	1619334	1619882	-	protein_coding	core	549	0	0	0	0
SC_RS09545	SCO1515	secF	1619879	1621000	-	protein_coding	core	1122	0	0	0	0
SC_RS09550	SCO1516	secD	1621004	1622815	-	protein_coding	core	1812	0	0	0	0
SC_RS09555	SCO1517	yajC	1622951	1623460	-	protein_coding	core	510	0	0	0	0
SC_RS09560	SCO1518	ruvB	1623636	1624709	-	protein_coding	core	1074	0	0	0	0
SC_RS09565	SCO1519	ruvA	1624756	1625361	-	protein_coding	core	606	0	0	0	0
SC_RS09570	SCO1520	ruvC	1625358	1625924	-	protein_coding	core	567	0	0	0	0
SC_RS09575	SCO1521	SC_RS09575	1626033	1626785	-	protein_coding	core	753	0	0	0	0
SC_RS09580	SCO1522	pdxT	1626835	1627443	-	protein_coding	core	609	0	0	0	0
SC_RS09585	SCO1523	pdxS	1627456	1628367	-	protein_coding	core	912	0	0	0	0
SC_RS09590	SCO1524	SC_RS09590	1628479	1629021	-	protein_coding	core	543	0	0	0	0
SC_RS09595	SCO1525	SC_RS09595	1629081	1630244	-	protein_coding	core	1164	0	0	0	0
SC_RS09600	SCO1526	SC_RS09600	1630241	1631176	-	protein_coding	core	936	0	0	0	0
SC_RS09605	SCO1527	pgsA	1631173	1631898	-	protein_coding	core	726	0	0	0	0
SC_RS09610	SCO1528	SC_RS09610	1632106	1634304	+	protein_coding	core	2199	0	0	0	0
SC_RS09615	SCO1529	SC_RS09615	1634572	1636227	+	protein_coding	core	1656	0	0	0	0
SC_RS09620	SCO1530	SC_RS09620	1636316	1636876	-	protein_coding	core	561	0	0	0	0
SC_RS09625	SCO1531	thrS	1636966	1638942	-	protein_coding	core	1977	2	0	0	2
SC_RS09630	SCO1532	SC_RS09630	1639131	1640408	-	protein_coding	core	1278	3	2	0	3
SC_RS09635	SCO1533	SC_RS09635	1640405	1640971	-	protein_coding	core	567	3	1	2	3
SC_RS09640	SCO1534	SC_RS09640	1641143	1641868	+	protein_coding	core	726	3	0	1	3
SC_RS09645	SCOt01	SC_RS09645	1641946	1642017	-	tRNA	core	72	3	0	0	3
SC_RS09650	SCO1535	SC_RS09650	1642057	1642515	-	protein_coding	core	459	3	0	0	3
SC_RS09665	SCO1537	SC_RS09665	1645999	1646910	-	protein_coding	core	912	0	0	0	0
SC_RS09670	SCO1538	SC_RS09670	1646907	1647905	-	protein_coding	core	999	0	0	0	0
SC_RS09675	SCO1539	SC_RS09675	1647905	1649206	-	protein_coding	core	1302	1	0	0	1
SC_RS09680	SCOt02	SC_RS09680	1649562	1649633	-	tRNA	core	72	1	1	0	1
SC_RS09685	SCO1540	SC_RS09685	1649733	1650185	-	protein_coding	core	453	1	0	1	1
SC_RS09690	SCO1541	SC_RS09690	1650377	1650790	+	protein_coding	core	414	1	1	0	1
SC_RS09695	SCO1542	SC_RS09695	1651070	1651630	+	protein_coding	core	561	1	0	0	1
SC_RS09700		SC_RS09700	1651717	1651896	-	protein_coding	core	180	1	0	0	1
SC_RS09705	SCO1543	SC_RS09705	1652074	1652535	-	protein_coding	core	462	0	0	0	0
SC_RS09710	SCO1544	SC_RS09710	1652727	1653251	+	protein_coding	core	525	0	0	0	0
SC_RS09715	SCO1545	SC_RS09715	1653340	1654164	-	protein_coding	core	825	0	0	0	0
SC_RS09720	SCO1546	SC_RS09720	1654295	1655116	-	protein_coding	core	822	0	0	0	0
SC_RS09725	SCO1547	SC_RS09725	1655113	1656174	-	protein_coding	core	1062	0	0	0	0
SC_RS09730	SCOt03	SC_RS09730	1656352	1656424	+	tRNA	core	73	0	0	0	0
SC_RS09735	SCOt04	SC_RS09735	1656463	1656536	+	tRNA	core	74	0	0	0	0
SC_RS09740	SCOt05	SC_RS09740	1656538	1656609	+	tRNA	core	72	0	0	0	0
SC_RS09745	SCOt06	SC_RS09745	1656646	1656717	+	tRNA	core	72	0	0	0	0
SC_RS09750	SCOt07	SC_RS09750	1656743	1656814	+	tRNA	core	72	0	0	0	0
SC_RS09755	SCO1548	SC_RS09755	1656870	1657157	-	protein_coding	core	288	0	0	0	0
SC_RS09760	SCO1549	SC_RS09760	1657259	1658197	-	protein_coding	core	939	0	0	0	0
SC_RS09765	SCO1550	SC_RS09765	1658389	1658571	-	protein_coding	core	183	1	0	0	1
SC_RS09770	SCO1551	SC_RS09770	1659174	1660625	+	protein_coding	core	1452	2	0	1	2
SC_RS09775	SCO1552	SC_RS09775	1660653	1661471	-	protein_coding	core	819	3	0	1	3
SC_RS09780	SCO1553	cobA	1661473	1662705	-	protein_coding	core	1233	3	1	0	3
SC_RS09785	SCO1554	cobT	1662892	1666530	-	protein_coding	core	3639	4	0	1	4+
SC_RS09790	SCO1555	cbiE	1666903	1668129	-	protein_coding	core	1227	2	0	2	2
SC_RS09795	SCO1556	SC_RS09795	1668247	1668885	-	protein_coding	core	639	2	0	0	2
SC_RS09800	SCO1557	SC_RS09800	1669056	1669883	-	protein_coding	core	828	3	0	0	3
SC_RS09805	SCO1558	SC_RS09805	1669950	1670687	-	protein_coding	core	738	2	0	0	2
SC_RS09810	SCO1559	SC_RS09810	1670684	1671739	-	protein_coding	core	1056	1	0	1	1
SC_RS09815	SCO1560	SC_RS09815	1672166	1672816	-	protein_coding	core	651	1	0	0	1
SC_RS09820	SCO1561	SC_RS09820	1672877	1673236	+	protein_coding	core	360	1	0	0	1
SC_RS09825	SCO1562	SC_RS09825	1673238	1673654	+	protein_coding	core	417	1	0	0	1
SC_RS09830	SCO1563	SC_RS09830	1673718	1674215	-	protein_coding	core	498	0	0	0	0
SC_RS09835	SCO1564	SC_RS09835	1674273	1674773	-	protein_coding	core	501	0	0	0	0
SC_RS09840	SCO1565	SC_RS09840	1674848	1676026	-	protein_coding	core	1179	0	0	0	0
SC_RS09845	SCO1566	SC_RS09845	1676402	1677073	+	protein_coding	core	672	0	0	0	0
SC_RS09850	SCO1567	SC_RS09850	1677149	1678681	-	protein_coding	core	1533	2	0	0	2
SC_RS09855	SCO1568	SC_RS09855	1678678	1679229	-	protein_coding	core	552	2	0	0	2
SC_RS09860	SCO1569	SC_RS09860	1679335	1680306	-	protein_coding	core	972	3	1	1	3
SC_RS09865	SCO1570	argH	1680432	1681859	-	protein_coding	core	1428	3	1	1	3
SC_RS09870	SCO1571	SC_RS09870	1681979	1682566	+	protein_coding	core	588	3	0	1	3
SC_RS09875	SCO1572	SC_RS09875	1682570	1683286	+	protein_coding	core	717	2	0	0	2
SC_RS09880	SCO1573	SC_RS09880	1683374	1684756	+	protein_coding	core	1383	1	0	0	1
SC_RS09885	SCO1574	SC_RS09885	1684784	1685587	+	protein_coding	core	804	0	0	0	0
SC_RS09890	SCO1575	SC_RS09890	1685643	1686383	+	protein_coding	core	741	0	0	0	0
SC_RS09895	SCO1576	SC_RS09895	1686616	1687155	-	protein_coding	core	540	0	0	0	0
SC_RS09900	SCO1577	SC_RS09900	1687163	1688371	-	protein_coding	core	1209	0	0	0	0
SC_RS09905	SCO1578	argB	1688368	1689288	-	protein_coding	core	921	0	0	0	0
SC_RS09910	SCO1579	argJ	1689285	1690436	-	protein_coding	core	1152	0	0	0	0
SC_RS09915	SCO1580	argC	1690433	1691461	-	protein_coding	core	1029	0	0	0	0
SC_RS09920	SCO1581	SC_RS09920	1691594	1692058	+	protein_coding	core	465	0	0	0	0
SC_RS09925	SCO1582	SC_RS09925	1692048	1692572	-	protein_coding	core	525	0	0	0	0
SC_RS09930	SCO1583	SC_RS09930	1692635	1695109	-	protein_coding	core	2475	0	0	0	0
SC_RS09935	SCO1584	SC_RS09935	1695252	1695704	+	protein_coding	core	453	0	0	0	0
SC_RS09940	SCO1585	SC_RS09940	1695667	1696287	-	protein_coding	core	621	0	0	0	0
SC_RS09945	SCO1586	SC_RS09945	1696361	1696801	-	protein_coding	core	441	0	0	0	0
SC_RS09950	SCO1587	SC_RS09950	1696856	1698334	-	protein_coding	core	1479	0	0	0	0
SC_RS09955	SCO1588	SC_RS09955	1698333	1699295	+	protein_coding	core	963	0	0	0	0
SC_RS09960	SCO1589	SC_RS09960	1699336	1699530	+	protein_coding	core	195	0	0	0	0
SC_RS09965	SCO1590	SC_RS09965	1699562	1700806	-	protein_coding	core	1245	0	0	0	0
SC_RS09970	SCO1591	SC_RS09970	1700944	1701855	+	protein_coding	core	912	0	0	0	0
SC_RS09975	SCO1592	SC_RS09975	1701846	1702388	-	protein_coding	core	543	0	0	0	0
SC_RS09980	SCO1593	SC_RS09980	1702516	1703856	-	protein_coding	core	1341	0	0	0	0
SC_RS09985	SCO1594	pheT	1704284	1706806	-	protein_coding	core	2523	0	0	0	0
SC_RS09990	SCO1595	pheS	1706806	1707927	-	protein_coding	core	1122	0	0	0	0
SC_RS09995	SCO1596	SC_RS09995	1708109	1709248	-	protein_coding	core	1140	0	0	0	0
SC_RS10000	SCO1597	SC_RS10000	1709299	1710147	-	protein_coding	core	849	0	0	0	0
SC_RS10005	SCO1598	rplT	1710331	1710714	-	protein_coding	core	384	0	0	0	0
SC_RS10010	SCO1599	rpmI	1710812	1711006	-	protein_coding	core	195	0	0	0	0
SC_RS10015	SCO1600	infC	1711121	1711774	-	protein_coding	core	654	0	0	0	0
SC_RS10020	SCO1601	SC_RS10020	1712158	1712523	+	protein_coding	core	366	1	0	0	1
SC_RS10025	SCO1602	SC_RS10025	1712548	1713279	-	protein_coding	core	732	1	0	0	1
SC_RS10030	SCO1603	SC_RS10030	1713855	1715099	+	protein_coding	core	1245	2	0	1	2
SC_RS10035	SCO1604	SC_RS10035	1715151	1715678	-	protein_coding	core	528	2	0	0	2
SC_RS10040	SCO1606	SC_RS10040	1715926	1716894	+	protein_coding	core	969	4	0	0	4+
SC_RS10045	SCO1607	mycP	1716909	1718090	-	protein_coding	core	1182	3	0	3	3
SC_RS10050		SC_RS10050	1718087	1719469	-	protein_coding	core	1383	3	0	0	3
SC_RS10055	SCO1609	SC_RS10055	1720261	1721469	+	protein_coding	core	1209	0	0	0	0
SC_RS10060	SCO1610	SC_RS10060	1721502	1722461	-	protein_coding	core	960	2	0	0	2
SC_RS10065	SCO1611	SC_RS10065	1722499	1723281	-	protein_coding	core	783	3	1	0	3
SC_RS10070	SCO1612	SC_RS10070	1723278	1724717	-	protein_coding	core	1440	3	1	2	3
SC_RS10075	SCO1613	glnA4	1724726	1726084	-	protein_coding	core	1359	3	0	1	3
SC_RS10080	SCO1614	SC_RS10080	1726192	1726902	+	protein_coding	core	711	2	0	0	2
SC_RS10085	SCO1615	SC_RS10085	1726978	1727706	+	protein_coding	core	729	2	0	0	2
SC_RS10090	SCO1616	SC_RS10090	1728427	1729404	-	protein_coding	core	978	1	1	0	1
SC_RS10095	SCO1617	SC_RS10095	1729475	1730659	+	protein_coding	core	1185	1	0	1	1
SC_RS10100	SCO1618	SC_RS10100	1730586	1731305	-	protein_coding	core	720	1	0	0	1
SC_RS10105	SCO1619	SC_RS10105	1731316	1731885	-	protein_coding	core	570	1	0	0	1
SC_RS10110	SCO1620	SC_RS10110	1732259	1734874	-	protein_coding	core	2616	2	0	1	2
SC_RS10115	SCO1621	SC_RS10115	1734867	1735961	-	protein_coding	core	1095	2	0	1	2
SC_RS10120	SCO1622	SC_RS10120	1736156	1737061	+	protein_coding	core	906	1	0	0	1
SC_RS10125	SCO1623	SC_RS10125	1737167	1738009	+	protein_coding	core	843	1	0	0	1
SC_RS10130	SCO1624	SC_RS10130	1738408	1738989	-	protein_coding	core	582	0	0	0	0
SC_RS10135	SCO1625	SC_RS10135	1739097	1740071	+	protein_coding	core	975	0	0	0	0
SC_RS10140	SCO1626	SC_RS10140	1740065	1741561	-	protein_coding	core	1497	0	0	0	0
SC_RS10145	SCO1627	SC_RS10145	1741637	1742257	-	protein_coding	core	621	0	0	0	0
SC_RS10150	SCO1628	SC_RS10150	1742238	1742654	-	protein_coding	core	417	1	0	0	1
SC_RS10155	SCO1629	SC_RS10155	1742651	1743028	-	protein_coding	core	378	1	0	0	1
SC_RS10160	SCO1630	SC_RS10160	1743055	1744680	-	protein_coding	core	1626	1	0	1	1
SC_RS10165	SCO1631	SC_RS10165	1745083	1747935	-	protein_coding	core	2853	1	0	0	1
SC_RS10170	SCO1632	tatC	1748003	1748953	-	protein_coding	core	951	0	0	0	0
SC_RS10175	SCO1633	tatA	1749001	1749288	-	protein_coding	core	288	0	0	0	0
SC_RS10180	SCO1634	SC_RS10180	1749565	1749759	-	protein_coding	core	195	0	0	0	0
SC_RS10185	SCO1635	SC_RS10185	1749770	1750081	-	protein_coding	core	312	0	0	0	0
SC_RS10190	SCO1636	SC_RS10190	1750078	1751160	-	protein_coding	core	1083	0	0	0	0
SC_RS10195	SCO1637	SC_RS10195	1751179	1752132	-	protein_coding	core	954	0	0	0	0
SC_RS10200	SCO1638	SC_RS10200	1752270	1752641	-	protein_coding	core	372	0	0	0	0
SC_RS10205	SCO1639	SC_RS10205	1752701	1753708	-	protein_coding	core	1008	0	0	0	0
SC_RS10210	SCO1640	pafA	1753890	1755251	-	protein_coding	core	1362	0	0	0	0
SC_RS10215	SCO1641	SC_RS10215	1755261	1756520	-	protein_coding	core	1260	0	0	0	0
SC_RS10220	SCO1642	SC_RS10220	1756624	1757634	+	protein_coding	core	1011	0	0	0	0
SC_RS10225	SCO1643	prcA	1757649	1758413	-	protein_coding	core	765	1	0	0	1
SC_RS10230	SCO1644	prcB	1758475	1759320	-	protein_coding	core	846	2	0	0	2
SC_RS10235	SCO1645	SC_RS10235	1759272	1759865	-	protein_coding	core	594	2	1	0	2
SC_RS10240	SCO1646	SC_RS10240	1759899	1760117	-	protein_coding	core	219	2	1	0	2
SC_RS10245	SCO1647	dop	1760296	1761807	-	protein_coding	core	1512	3	0	2	3
SC_RS10250	SCO1648	arc	1762040	1763806	-	protein_coding	core	1767	3	0	1	3
SC_RS10255	SCO1649	SC_RS10255	1764052	1764357	+	protein_coding	core	306	1	1	0	1
SC_RS10260	SCO1650	SC_RS10260	1764432	1765022	-	protein_coding	core	591	2	0	0	2
SC_RS10265	SCO1651	SC_RS10265	1765257	1766159	-	protein_coding	core	903	2	0	0	2
SC_RS10270	SCO1652	SC_RS10270	1766287	1767969	-	protein_coding	core	1683	1	0	1	1
SC_RS10275	SCO1653	SC_RS10275	1768141	1769139	+	protein_coding	core	999	1	0	0	1
SC_RS10280	SCO1654	SC_RS10280	1769156	1769827	+	protein_coding	core	672	0	0	0	0
SC_RS10285	SCO1655	SC_RS10285	1769946	1771550	-	protein_coding	core	1605	0	0	0	0
SC_RS10290	SCO1656	SC_RS10290	1771994	1772695	-	protein_coding	core	702	0	0	0	0
SC_RS10295	SCO1657	metH	1772821	1776333	-	protein_coding	core	3513	0	0	0	0
SC_RS10300	SCO1658	SC_RS10300	1776737	1777501	+	protein_coding	core	765	0	0	0	0
SC_RS10305	SCO1659	SC_RS10305	1777840	1778634	+	protein_coding	core	795	0	0	0	0
SC_RS10310	SCO1660	glpK	1778726	1780264	+	protein_coding	core	1539	0	0	0	0
SC_RS10315	SCO1661	SC_RS10315	1780273	1781889	+	protein_coding	core	1617	0	0	0	0
SC_RS10320	SCO1662	parJ	1782041	1783042	+	protein_coding	core	1002	0	0	0	0
SC_RS10325	SCO1663	mshC	1783107	1784336	-	protein_coding	core	1230	0	0	0	0
SC_RS10330	SCO1664	SC_RS10330	1784440	1785270	-	protein_coding	core	831	0	0	0	0
SC_RS10335	SCO1665	SC_RS10335	1785234	1785824	-	protein_coding	core	591	0	0	0	0
SC_RS10340	SCO1666	SC_RS10340	1785910	1786596	-	protein_coding	core	687	0	0	0	0
SC_RS10345	SCO1667	corA	1786658	1787653	+	protein_coding	core	996	0	0	0	0
SC_RS10350	SCO1668	SC_RS10350	1787668	1788456	-	protein_coding	core	789	0	0	0	0
SC_RS10355	SCO1669	SC_RS10355	1788693	1789748	-	protein_coding	core	1056	0	0	0	0
SC_RS10360	SCO1670	SC_RS10360	1789862	1790848	+	protein_coding	core	987	0	0	0	0
SC_RS10365	SCO1671	SC_RS10365	1790845	1793163	+	protein_coding	core	2319	0	0	0	0
SC_RS10370	SCO1672	SC_RS10370	1793226	1794029	-	protein_coding	core	804	0	0	0	0
SC_RS10375	SCO1673	SC_RS10375	1794077	1794265	+	protein_coding	core	189	0	0	0	0
SC_RS10380	SCO1674	chpC	1794330	1795109	-	protein_coding	core	780	1	0	0	1
SC_RS10385	SCO1675	chpH	1795289	1795522	-	protein_coding	core	234	1	0	0	1
SC_RS10390	SCO1676	SC_RS10390	1795655	1796992	-	protein_coding	core	1338	2	0	1	2
SC_RS10395	SCOt08	SC_RS10395	1797166	1797253	+	tRNA	core	88	2	0	0	2
SC_RS10400	SCO1677	SC_RS10400	1797321	1797695	+	protein_coding	core	375	2	0	0	2
SC_RS10405	SCO1678	SC_RS10405	1797723	1798424	-	protein_coding	core	702	2	0	1	2
SC_RS10410	SCO1679	SC_RS10410	1798561	1799088	+	protein_coding	core	528	1	0	0	1
SC_RS10415	SCO1680	SC_RS10415	1799183	1800580	+	protein_coding	core	1398	1	0	0	1
SC_RS10420	SCO1681	SC_RS10420	1800620	1801381	+	protein_coding	core	762	0	0	0	0
SC_RS10425	SCO1682	SC_RS10425	1801378	1802454	+	protein_coding	core	1077	0	0	0	0
SC_RS10430	SCO1683	SC_RS10430	1802529	1804067	-	protein_coding	core	1539	1	0	0	1
SC_RS10435	SCO1684	SC_RS10435	1804126	1805076	-	protein_coding	core	951	1	1	0	1
SC_RS10440	SCO1685	SC_RS10440	1805384	1806277	+	protein_coding	core	894	1	0	1	1
SC_RS10445	SCO1686	SC_RS10445	1806309	1806842	+	protein_coding	core	534	1	0	0	1
SC_RS10450	SCO1687	SC_RS10450	1807505	1807897	+	protein_coding	core	393	2	0	0	2
SC_RS10455	SCO1688	SC_RS10455	1807900	1808241	+	protein_coding	core	342	1	0	0	1
SC_RS10460	SCO1689	SC_RS10460	1808375	1809400	+	protein_coding	core	1026	1	0	1	1
SC_RS10465	SCO1690	SC_RS10465	1809406	1810620	+	protein_coding	core	1215	1	1	0	1
SC_RS10470	SCO1691	SC_RS10470	1810631	1811224	-	protein_coding	core	594	1	0	0	1
SC_RS10475	SCO1692	SC_RS10475	1811383	1812153	-	protein_coding	core	771	0	0	0	0
SC_RS10480		SC_RS10480	1812337	1813599	+	protein_coding	core	1263	0	0	0	0
SC_RS10485	SCO1694	SC_RS10485	1813616	1816423	-	protein_coding	core	2808	0	0	0	0
SC_RS10490	SCO1695	SC_RS10490	1816646	1817248	+	protein_coding	core	603	0	0	0	0
SC_RS10495	SCO1696	SC_RS10495	1817346	1818083	+	protein_coding	core	738	0	0	0	0
SC_RS10500	SCO1697	soxR	1818351	1818878	-	protein_coding	core	528	0	0	0	0
SC_RS10505	SCO1698	SC_RS10505	1819009	1819470	+	protein_coding	core	462	0	0	0	0
SC_RS10510	SCO1699	SC_RS10510	1819461	1820108	-	protein_coding	core	648	0	0	0	0
SC_RS10515	SCO1700	SC_RS10515	1820169	1820483	-	protein_coding	core	315	0	0	0	0
SC_RS10520	SCO1701	SC_RS10520	1820559	1821710	-	protein_coding	core	1152	0	0	0	0
SC_RS10525	SCO1702	SC_RS10525	1821800	1822441	+	protein_coding	core	642	0	0	0	0
SC_RS10530	SCO1703	SC_RS10530	1822505	1823218	+	protein_coding	core	714	0	0	0	0
SC_RS10535	SCO1704	SC_RS10535	1823292	1824266	+	protein_coding	core	975	0	0	0	0
SC_RS10540	SCO1705	SC_RS10540	1824517	1825614	-	protein_coding	core	1098	0	0	0	0
SC_RS10545	SCO1706	SC_RS10545	1825638	1827026	-	protein_coding	core	1389	0	0	0	0
SC_RS10550	SCO1707	SC_RS10550	1827151	1828488	-	protein_coding	core	1338	1	0	0	1
SC_RS10555	SCO1708	SC_RS10555	1828712	1828912	-	protein_coding	core	201	2	0	0	2
SC_RS10560	SCO1709	SC_RS10560	1828915	1830306	-	protein_coding	core	1392	2	1	1	2
SC_RS10565	SCO1710	SC_RS10565	1830346	1831797	-	protein_coding	core	1452	2	0	1	2
SC_RS10570	SCO1711	SC_RS10570	1831921	1834164	-	protein_coding	core	2244	2	0	0	2
SC_RS10575	SCO1712	SC_RS10575	1834289	1834906	-	protein_coding	core	618	1	1	0	1
SC_RS10580	SCO1714	SC_RS10580	1835004	1835573	-	protein_coding	core	570	1	0	1	1
SC_RS10585	SCO1715	hmgA	1835784	1837109	+	protein_coding	core	1326	1	0	0	1
SC_RS10590	SCO1716	SC_RS10590	1837136	1837885	+	protein_coding	core	750	1	0	0	1
SC_RS10595	SCO1717	SC_RS10595	1837908	1839068	+	protein_coding	core	1161	0	0	0	0
SC_RS10600	SCO1718	SC_RS10600	1839094	1839798	-	protein_coding	core	705	0	0	0	0
SC_RS10605	SCO1719	SC_RS10605	1839862	1840860	+	protein_coding	core	999	0	0	0	0
SC_RS10610	SCO1720	SC_RS10610	1840857	1841672	+	protein_coding	core	816	0	0	0	0
SC_RS10615	SCO1721	SC_RS10615	1841897	1842166	-	protein_coding	core	270	0	0	0	0
SC_RS10620	SCO1722	SC_RS10620	1842282	1843034	-	protein_coding	core	753	1	0	0	1
SC_RS10625	SCO1723	SC_RS10625	1843031	1843573	-	protein_coding	core	543	2	0	0	2
SC_RS10630	SCO1724	SC_RS10630	1843788	1845440	+	protein_coding	core	1653	2	0	1	2
SC_RS10635	SCO1725	SC_RS10635	1845443	1846249	-	protein_coding	core	807	2	0	1	2
SC_RS10640	SCO1726	SC_RS10640	1846435	1847529	+	protein_coding	core	1095	1	0	0	1
SC_RS10645	SCO1727	SC_RS10645	1847564	1848331	+	protein_coding	core	768	0	0	0	0
SC_RS10650	SCO1728	SC_RS10650	1848412	1848777	-	protein_coding	core	366	0	0	0	0
SC_RS10655	SCO1729	SC_RS10655	1848849	1849775	+	protein_coding	core	927	0	0	0	0
SC_RS10660	SCO1730	SC_RS10660	1849756	1850256	+	protein_coding	core	501	0	0	0	0
SC_RS10665	SCO1731	SC_RS10665	1850270	1850887	-	protein_coding	core	618	0	0	0	0
SC_RS10670	SCO1732	SC_RS10670	1851039	1851173	+	protein_coding	core	135	1	0	0	1
SC_RS10675	SCO1733	SC_RS10675	1851199	1851669	-	protein_coding	core	471	1	0	0	1
SC_RS10680	SCO1734	cbcC	1851848	1852918	+	protein_coding	core	1071	1	0	1	1
SC_RS10685	SCO1735	SC_RS10685	1853026	1853898	-	protein_coding	core	873	1	0	0	1
SC_RS10690	SCO1736	SC_RS10690	1854078	1854524	-	protein_coding	core	447	1	0	0	1
SC_RS10695	SCO1737	SC_RS10695	1854635	1855009	+	protein_coding	core	375	1	0	0	1
SC_RS10700	SCO1738	SC_RS10700	1855022	1855990	-	protein_coding	core	969	1	0	0	1
SC_RS10705	SCO1739	SC_RS10705	1855987	1859544	-	protein_coding	core	3558	2	0	1	2
SC_RS10710	SCO1740	SC_RS10710	1859718	1860782	+	protein_coding	core	1065	1	0	1	1
SC_RS10715	SCO1741	SC_RS10715	1860897	1861979	-	protein_coding	core	1083	1	0	0	1
SC_RS10720	SCO1742	SC_RS10720	1862249	1863169	+	protein_coding	core	921	2	0	0	2
SC_RS10725	SCO1743	SC_RS10725	1863166	1863885	+	protein_coding	core	720	1	0	0	1
SC_RS10730	SCO1744	SC_RS10730	1863882	1865048	+	protein_coding	core	1167	1	0	1	1
SC_RS10735	SCO1745	SC_RS10735	1865045	1865710	+	protein_coding	core	666	1	1	0	1
SC_RS10740	SCO1746	SC_RS10740	1865777	1866679	-	protein_coding	core	903	1	0	0	1
SC_RS10745	SCO1747	SC_RS10745	1866887	1867738	-	protein_coding	core	852	0	0	0	0
SC_RS10750	SCO1748	SC_RS10750	1867793	1868989	-	protein_coding	core	1197	0	0	0	0
SC_RS10755	SCO1749	SC_RS10755	1869279	1869719	+	protein_coding	core	441	0	0	0	0
SC_RS10760	SCO1750	SC_RS10760	1869768	1870961	-	protein_coding	core	1194	0	0	0	0
SC_RS10765	SCO1751	SC_RS10765	1871317	1872921	-	protein_coding	core	1605	0	0	0	0
SC_RS10770	SCO1752	SC_RS10770	1873183	1874373	+	protein_coding	core	1191	0	0	0	0
SC_RS10775	SCO1753	SC_RS10775	1874625	1875647	+	protein_coding	core	1023	0	0	0	0
SC_RS10780	SCO1754	SC_RS10780	1875760	1875975	-	protein_coding	core	216	0	0	0	0
SC_RS10785	SCO1755	SC_RS10785	1876319	1877167	-	protein_coding	core	849	1	0	0	1
SC_RS10790	SCO1756	SC_RS10790	1877577	1878374	+	protein_coding	core	798	1	0	0	1
SC_RS10795	SCO1757	SC_RS10795	1878448	1878741	+	protein_coding	core	294	1	0	0	1
SC_RS10800	SCO1758	der	1878820	1880298	-	protein_coding	core	1479	1	0	1	1
SC_RS10805	SCO1759	SC_RS10805	1880373	1881035	-	protein_coding	core	663	1	0	0	1
SC_RS10810	SCO1760	cmk	1881032	1881727	-	protein_coding	core	696	1	0	0	1
SC_RS10815	SCO1761	SC_RS10815	1882015	1883100	-	protein_coding	core	1086	0	0	0	0
SC_RS10820	SCO1762	aroH	1883097	1883459	-	protein_coding	core	363	0	0	0	0
SC_RS10825	SCO1763	SC_RS10825	1883621	1884016	+	protein_coding	core	396	0	0	0	0
SC_RS10830	SCO1764	SC_RS10830	1884039	1884800	+	protein_coding	core	762	0	0	0	0
SC_RS10835	SCO1765	SC_RS10835	1884726	1885478	-	protein_coding	core	753	0	0	0	0
SC_RS10840	SCO1766	SC_RS10840	1885483	1886502	-	protein_coding	core	1020	0	0	0	0
SC_RS10845	SCO1767	SC_RS10845	1886499	1887218	-	protein_coding	core	720	0	0	0	0
SC_RS10850	SCO1768	SC_RS10850	1887312	1888427	-	protein_coding	core	1116	0	0	0	0
SC_RS10855	SCO1769	scpB	1888427	1889098	-	protein_coding	core	672	0	0	0	0
SC_RS10860		SC_RS10860	1889095	1890402	-	protein_coding	core	1308	1	0	0	1
SC_RS10865	SCO1771	SC_RS10865	1890421	1890990	-	protein_coding	core	570	1	0	0	1
SC_RS10870	SCO1772	SC_RS10870	1890975	1892105	-	protein_coding	core	1131	1	0	1	1
SC_RS10875	SCO1773	ald	1892493	1893617	-	protein_coding	core	1125	1	0	0	1
SC_RS10880	SCO1774	SC_RS10880	1893751	1895778	-	protein_coding	core	2028	2	0	0	2
SC_RS10885	SCO1775	SC_RS10885	1895948	1896583	-	protein_coding	core	636	1	1	0	1
SC_RS10890	SCO1776	SC_RS10890	1896671	1898320	-	protein_coding	core	1650	1	0	1	1
SC_RS10895	SCO1777	SC_RS10895	1898906	1900708	+	protein_coding	core	1803	1	0	0	1
SC_RS10900	SCO1778	SC_RS10900	1901295	1902941	+	protein_coding	core	1647	1	0	0	1
SC_RS10905	SCO1779	SC_RS10905	1902964	1904112	-	protein_coding	core	1149	1	1	0	1
SC_RS10910	SCO1780	recN	1904440	1906182	-	protein_coding	core	1743	1	0	1	1
SC_RS10915	SCO1781	SC_RS10915	1906323	1907228	-	protein_coding	core	906	1	0	0	1
SC_RS10920	SCO1782	SC_RS10920	1907225	1908040	-	protein_coding	core	816	0	0	0	0
SC_RS10925	SCO1783	SC_RS10925	1908048	1908395	-	protein_coding	core	348	0	0	0	0
SC_RS10930	SCO1784	SC_RS10930	1908438	1908785	+	protein_coding	core	348	0	0	0	0
SC_RS10935	SCO1785	SC_RS10935	1908769	1909674	-	protein_coding	core	906	0	0	0	0
SC_RS10940	SCO1786	SC_RS10940	1909671	1910744	-	protein_coding	core	1074	0	0	0	0
SC_RS10945	SCO1787	SC_RS10945	1910795	1911841	-	protein_coding	core	1047	0	0	0	0
SC_RS10950	SCO1788	SC_RS10950	1911986	1913017	-	protein_coding	core	1032	0	0	0	0
SC_RS10955	SCO1789	SC_RS10955	1913090	1914382	+	protein_coding	core	1293	0	0	0	0
SC_RS10960	SCO1790	SC_RS10960	1914468	1915205	-	protein_coding	core	738	0	0	0	0
SC_RS10965	SCO1791	SC_RS10965	1915097	1915954	-	protein_coding	core	858	0	0	0	0
SC_RS10970	SCOr04	rrf	1916452	1916568	-	rRNA	core	117	0	0	0	0
SC_RS10975	SCOr05	SC_RS10975	1916673	1919795	-	rRNA	core	3123	0	0	0	0
SC_RS10980	SCOr06	SC_RS10980	1920074	1921600	-	rRNA	core	1527	1	0	0	1
SC_RS10985	SCO1792	SC_RS10985	1922128	1922769	-	protein_coding	core	642	1	0	1	1
SC_RS10990	SCO1793	SC_RS10990	1922916	1923698	+	protein_coding	core	783	1	0	0	1
SC_RS10995	SCO1794	SC_RS10995	1923750	1924289	+	protein_coding	core	540	1	0	0	1
SC_RS11000	SCO1795	SC_RS11000	1924446	1924952	+	protein_coding	core	507	0	0	0	0
SC_RS11005	SCO1796	SC_RS11005	1925094	1926053	-	protein_coding	core	960	0	0	0	0
SC_RS11010	SCO1797	SC_RS11010	1926231	1926662	-	protein_coding	core	432	0	0	0	0
SC_RS11020	SCO1799	SC_RS11020	1927668	1928447	+	protein_coding	core	780	1	0	0	1
SC_RS11025	SCO1800	chpE	1928593	1928841	-	protein_coding	core	249	1	1	0	1
SC_RS11030	SCO1801	SC_RS11030	1929011	1929652	-	protein_coding	core	642	1	0	1	1
SC_RS11035	SCO1802	SC_RS11035	1929645	1930823	-	protein_coding	core	1179	1	0	0	1
SC_RS11040	SCO1803	SC_RS11040	1931041	1931736	+	protein_coding	core	696	0	0	0	0
SC_RS11045	SCO1804	SC_RS11045	1931736	1932812	+	protein_coding	core	1077	0	0	0	0
SC_RS11050	SCO1805	SC_RS11050	1933166	1933900	+	protein_coding	core	735	0	0	0	0
SC_RS11055	SCO1806	SC_RS11055	1934027	1936645	-	protein_coding	core	2619	0	0	0	0
SC_RS11060	SCO1807	SC_RS11060	1936886	1938898	+	protein_coding	core	2013	1	0	0	1
SC_RS11065	SCO1808	serB	1939010	1940242	+	protein_coding	core	1233	1	0	0	1
SC_RS11070	SCO1809	SC_RS11070	1940314	1940832	-	protein_coding	core	519	1	0	1	1
SC_RS11075	SCO1810	SC_RS11075	1940925	1941131	-	protein_coding	core	207	1	0	0	1
SC_RS11080	SCO1811	SC_RS11080	1941315	1941431	-	protein_coding	core	117	2	0	0	2
SC_RS11085	SCO1812	SC_RS11085	1941516	1942781	-	protein_coding	core	1266	2	1	0	2
SC_RS11090	SCO1813	SC_RS11090	1942957	1943649	+	protein_coding	core	693	1	0	1	1
SC_RS11095	SCO1814	fabI	1943738	1944505	-	protein_coding	core	768	1	0	0	1
SC_RS11100	SCO1815	fabG	1944511	1945215	-	protein_coding	core	705	1	0	0	1
SC_RS11105	SCO1816	SC_RS11105	1945493	1947016	+	protein_coding	core	1524	0	0	0	0
SC_RS11110	SCO1817	SC_RS11110	1947013	1948407	+	protein_coding	core	1395	0	0	0	0
SC_RS11115	SCO1818	tyrS	1948453	1949721	+	protein_coding	core	1269	0	0	0	0
SC_RS11120	SCO1819	SC_RS11120	1949812	1950093	-	protein_coding	core	282	0	0	0	0
SC_RS11125	SCO1820	SC_RS11125	1950356	1950754	+	protein_coding	core	399	0	0	0	0
SC_RS11130		SC_RS11130	1950978	1951208	+	protein_coding	core	231	0	0	0	0
SC_RS11135	SCO1821	moaA	1951220	1952209	-	protein_coding	core	990	0	0	0	0
SC_RS11140	SCO1822	SC_RS11140	1952378	1954012	-	protein_coding	core	1635	1	0	0	1
SC_RS11145	SCO1823	SC_RS11145	1954009	1954383	-	protein_coding	core	375	1	0	0	1
SC_RS11150	SCO1824	SC_RS11150	1954737	1956275	+	protein_coding	core	1539	1	0	1	1
SC_RS11155	SCO1825	SC_RS11155	1956366	1956929	+	protein_coding	core	564	1	0	0	1
SC_RS11160	SCO1826	SC_RS11160	1956980	1957987	+	protein_coding	core	1008	1	0	0	1
SC_RS11165	SCO1827	SC_RS11165	1958139	1959125	+	protein_coding	core	987	0	0	0	0
SC_RS11170	SCO1828	SC_RS11170	1959189	1959422	+	protein_coding	core	234	0	0	0	0
SC_RS11175	SCO1829	SC_RS11175	1959567	1960358	+	protein_coding	core	792	0	0	0	0
SC_RS11180	SCO1830	SC_RS11180	1960424	1962211	+	protein_coding	core	1788	0	0	0	0
SC_RS11185	SCO1831	SC_RS11185	1962217	1962972	+	protein_coding	core	756	0	0	0	0
SC_RS11190	SCO1832	amaP	1963007	1963594	-	protein_coding	core	588	0	0	0	0
SC_RS11195	SCO1833	SC_RS11195	1963591	1964271	-	protein_coding	core	681	0	0	0	0
SC_RS11200	SCO1834	SC_RS11200	1964268	1964651	-	protein_coding	core	384	0	0	0	0
SC_RS11205	SCO1835	SC_RS11205	1964648	1964833	-	protein_coding	core	186	0	0	0	0
SC_RS11210	SCO1836	SC_RS11210	1964896	1965378	-	protein_coding	core	483	0	0	0	0
SC_RS11215	SCO1837	SC_RS11215	1965466	1966254	+	protein_coding	core	789	0	0	0	0
SC_RS11220	SCO1838	SC_RS11220	1966275	1967078	-	protein_coding	core	804	1	0	0	1
SC_RS11225	SCO1839	SC_RS11225	1967236	1967457	-	protein_coding	core	222	1	0	0	1
SC_RS11230	SCO1840	SC_RS11230	1967794	1969392	-	protein_coding	core	1599	1	0	1	1
SC_RS11235	SCO1841	SC_RS11235	1969639	1970052	+	protein_coding	core	414	1	0	0	1
SC_RS11240	SCO1842	SC_RS11240	1970085	1971503	-	protein_coding	core	1419	1	0	0	1
SC_RS11245	SCO1843	SC_RS11245	1971753	1972880	-	protein_coding	core	1128	1	0	0	1
SC_RS11250	SCO1844	SC_RS11250	1972995	1973717	-	protein_coding	core	723	1	0	0	1
SC_RS11255	SCO1845	pitH	1973943	1975214	+	protein_coding	core	1272	1	0	1	1
SC_RS11260	SCO1846	SC_RS11260	1975249	1975470	+	protein_coding	core	222	1	0	0	1
SC_RS11265	SCO1847	SC_RS11265	1975869	1976852	+	protein_coding	core	984	1	0	0	1
SC_RS11270	SCO1848	SC_RS11270	1976849	1978357	+	protein_coding	core	1509	0	0	0	0
SC_RS11275	SCO1849	cobN	1978354	1982007	+	protein_coding	core	3654	0	0	0	0
SC_RS11280	SCO1850	SC_RS11280	1982004	1984022	+	protein_coding	core	2019	1	0	0	1
SC_RS11285	SCO1851	cobO	1984022	1984621	+	protein_coding	core	600	1	0	0	1
SC_RS11290	SCO1852	SC_RS11290	1984618	1986078	+	protein_coding	core	1461	2	0	1	2
SC_RS11295	SCO1853	cobI	1986075	1986806	+	protein_coding	core	732	2	0	0	2
SC_RS11300	SCO1854	SC_RS11300	1986827	1987555	-	protein_coding	core	729	2	0	1	2
SC_RS11305	SCO1855	cobM	1987651	1988463	+	protein_coding	core	813	1	1	0	1
SC_RS11310	SCO1856	cbiE	1988460	1989701	+	protein_coding	core	1242	1	0	0	1
SC_RS11315	SCO1857	cobJ	1989698	1991530	+	protein_coding	core	1833	0	0	0	0
SC_RS11320	SCO1858	SC_RS11320	1991527	1992444	+	protein_coding	core	918	0	0	0	0
SC_RS11325	SCO1859	cobC	1992416	1993504	+	protein_coding	core	1089	0	0	0	0
SC_RS11330	SCO1860	SC_RS11330	1994050	1995006	-	protein_coding	core	957	0	0	0	0
SC_RS11335	SCO1861	SC_RS11335	1995204	1996295	-	protein_coding	core	1092	0	0	0	0
SC_RS11340	SCO1862	SC_RS11340	1996351	1996833	-	protein_coding	core	483	0	0	0	0
SC_RS11345		SC_RS11345	1997011	1998138	+	protein_coding	core	1128	0	0	0	0
SC_RS11350	SCO1864	ectA	1998468	1998980	+	protein_coding	core	513	0	0	0	0
SC_RS11355	SCO1865	ectB	1999110	2000381	+	protein_coding	core	1272	0	0	0	0
SC_RS11360	SCO1866	SC_RS11360	2000500	2000898	+	protein_coding	core	399	0	0	0	0
SC_RS11365	SCO1867	thpD	2000905	2001804	+	protein_coding	core	900	0	0	0	0
SC_RS11370	SCO1868	SC_RS11370	2001886	2002980	-	protein_coding	core	1095	0	0	0	0
SC_RS11375	SCO1869	SC_RS11375	2003040	2003753	-	protein_coding	core	714	0	0	0	0
SC_RS11380	SCO1870	SC_RS11380	2003846	2004454	-	protein_coding	core	609	0	0	0	0
SC_RS11385	SCO1871	SC_RS11385	2004598	2006127	-	protein_coding	core	1530	1	0	0	1
SC_RS11390	SCO1872	SC_RS11390	2006250	2007023	+	protein_coding	core	774	1	0	0	1
SC_RS11395	SCO1873	SC_RS11395	2007027	2007497	+	protein_coding	core	471	1	0	0	1
SC_RS11400		SC_RS11400	2007696	2007818	+	protein_coding	core	123	1	0	0	1
SC_RS11405	SCO1875	SC_RS11405	2007938	2009392	+	protein_coding	core	1455	2	0	1	2
SC_RS11410	SCO1876	SC_RS11410	2009469	2010041	+	protein_coding	core	573	3	0	0	3
SC_RS11415	SCO1877	SC_RS11415	2010038	2010712	+	protein_coding	core	675	3	0	1	3
SC_RS11420	SCO1878	SC_RS11420	2010725	2011522	-	protein_coding	core	798	2	0	1	2
SC_RS11425	SCO1879	SC_RS11425	2011647	2012792	-	protein_coding	core	1146	3	0	0	3
SC_RS11430	SCO1880	SC_RS11430	2012859	2014193	-	protein_coding	core	1335	2	1	0	2
SC_RS11435	SCO1881	SC_RS11435	2014258	2015061	-	protein_coding	core	804	2	0	1	2
SC_RS11440	SCO1882	SC_RS11440	2015194	2016564	-	protein_coding	core	1371	3	1	0	3
SC_RS11445	SCO1883	SC_RS11445	2016628	2018172	-	protein_coding	core	1545	5	0	2	4+
SC_RS11450	SCO1884	SC_RS11450	2018169	2019014	-	protein_coding	core	846	6	0	1	4+
SC_RS11455	SCO1885	SC_RS11455	2019011	2020168	-	protein_coding	core	1158	5	0	2	4+
SC_RS11460	SCO1886	SC_RS11460	2020165	2021061	-	protein_coding	core	897	4	0	1	4+
SC_RS11465	SCO1887	SC_RS11465	2021058	2021993	-	protein_coding	core	936	3	0	0	3
SC_RS11470	SCO1888	araD	2022115	2023845	-	protein_coding	core	1731	1	0	0	1
SC_RS11475	SCO1889	SC_RS11475	2023842	2024750	-	protein_coding	core	909	0	0	0	0
SC_RS11480	SCO1890	SC_RS11480	2024747	2025415	-	protein_coding	core	669	0	0	0	0
SC_RS11485	SCO1891	SC_RS11485	2025584	2026183	-	protein_coding	core	600	1	0	0	1
SC_RS11490	SCO1892	SC_RS11490	2026325	2027572	+	protein_coding	core	1248	1	0	0	1
SC_RS11495	SCO1893	SC_RS11495	2027561	2027953	-	protein_coding	core	393	1	0	1	1
SC_RS11500	SCO1894	SC_RS11500	2028038	2029210	-	protein_coding	core	1173	1	0	0	1
SC_RS11505	SCO1895	SC_RS11505	2029207	2030157	-	protein_coding	core	951	2	0	0	2
SC_RS11510	SCO1896	SC_RS11510	2030392	2031201	+	protein_coding	core	810	2	0	0	2
SC_RS11515	SCO1897	SC_RS11515	2031485	2032261	+	protein_coding	core	777	2	0	1	2
SC_RS11520	SCO1898	SC_RS11520	2032364	2033734	+	protein_coding	core	1371	2	1	1	2
SC_RS11525	SCO1899	SC_RS11525	2033731	2034675	+	protein_coding	core	945	2	0	0	2
SC_RS11530	SCO1900	SC_RS11530	2034672	2035550	+	protein_coding	core	879	1	0	0	1
SC_RS11535	SCO1901	SC_RS11535	2035547	2036536	+	protein_coding	core	990	1	0	0	1
SC_RS11540		SC_RS11540	2036723	2036944	+	protein_coding	core	222	1	0	0	1
SC_RS11545	SCO1903	SC_RS11545	2037030	2038229	+	protein_coding	core	1200	2	0	1	2
SC_RS11550	SCO1904	SC_RS11550	2038269	2038841	-	protein_coding	core	573	2	0	0	2
SC_RS11555	SCO1905	SC_RS11555	2038879	2040480	-	protein_coding	core	1602	2	0	1	2
SC_RS11560		SC_RS11560	2040864	2040933	-	tRNA	core	70	1	0	0	1
SC_RS11565	SCO1906	SC_RS11565	2040979	2042451	-	protein_coding	core	1473	1	0	0	1
SC_RS11570	SCO1907	SC_RS11570	2042736	2044163	-	protein_coding	core	1428	0	0	0	0
SC_RS11575	SCO1908	SC_RS11575	2044380	2046221	+	protein_coding	core	1842	1	0	0	1
SC_RS11580	SCO1909	SC_RS11580	2046252	2046959	-	protein_coding	core	708	1	0	0	1
SC_RS11585	SCO1910	SC_RS11585	2047117	2047614	-	protein_coding	core	498	1	1	0	1
SC_RS11590	SCO1911	SC_RS11590	2047611	2048030	-	protein_coding	core	420	1	0	1	1
SC_RS11595	SCO1912	dapA	2048212	2049129	+	protein_coding	core	918	1	1	0	1
SC_RS11600	SCO1913	SC_RS11600	2049114	2049380	-	protein_coding	core	267	1	0	0	1
SC_RS11605	SCO1914	SC_RS11605	2049501	2049689	+	protein_coding	core	189	1	0	0	1
SC_RS11610	SCO1915	SC_RS11610	2049745	2050473	+	protein_coding	core	729	1	0	0	1
SC_RS11615	SCO1916	dapD	2050524	2051513	-	protein_coding	core	990	0	0	0	0
SC_RS11620	SCO1917	SC_RS11620	2051523	2052116	-	protein_coding	core	594	0	0	0	0
SC_RS11625	SCO1918	SC_RS11625	2052116	2052436	-	protein_coding	core	321	0	0	0	0
SC_RS11630	SCO1919	SC_RS11630	2052555	2052887	-	protein_coding	core	333	0	0	0	0
SC_RS11635	SCO1920	sufU	2052884	2053354	-	protein_coding	core	471	0	0	0	0
SC_RS11640	SCO1921	SC_RS11640	2053372	2054628	-	protein_coding	core	1257	1	0	0	1
SC_RS11645	SCO1922	sufC	2054625	2055389	-	protein_coding	core	765	1	0	0	1
SC_RS11650	SCO1923	SC_RS11650	2055397	2055714	-	protein_coding	core	318	1	1	0	1
SC_RS11655	SCO1924	sufD	2055711	2056895	-	protein_coding	core	1185	1	0	1	1
SC_RS11660	SCO1925	sufB	2056956	2058377	-	protein_coding	core	1422	1	0	0	1
SC_RS11665	SCO1926	SC_RS11665	2058374	2059132	-	protein_coding	core	759	0	0	0	0
SC_RS11670	SCO1927	SC_RS11670	2059304	2060092	+	protein_coding	core	789	1	0	0	1
SC_RS11675	SCO1928	SC_RS11675	2060169	2061092	+	protein_coding	core	924	1	0	0	1
SC_RS11680	SCO1929	SC_RS11680	2061089	2061898	+	protein_coding	core	810	2	0	1	2
SC_RS11685	SCO1930	SC_RS11685	2061953	2062975	+	protein_coding	core	1023	2	1	0	2
SC_RS11690	SCO1931	SC_RS11690	2062930	2063673	-	protein_coding	core	744	2	0	1	2
SC_RS11695	SCO1932	SC_RS11695	2063713	2064819	-	protein_coding	core	1107	2	0	0	2
SC_RS11700	SCO1933	SC_RS11700	2064934	2065302	-	protein_coding	core	369	2	0	0	2
SC_RS11705	SCO1934	SC_RS11705	2065389	2066342	-	protein_coding	core	954	2	1	0	2
SC_RS11710	SCO1935	tkt	2066713	2068800	+	protein_coding	core	2088	1	1	0	1
SC_RS11715	SCO1936	tal	2068835	2069953	+	protein_coding	core	1119	0	0	0	0
SC_RS11720	SCO1937	zwf	2069957	2071480	+	protein_coding	core	1524	0	0	0	0
SC_RS11725	SCO1938	opcA	2071477	2072532	+	protein_coding	core	1056	0	0	0	0
SC_RS11730	SCO1939	pgl	2072529	2073314	+	protein_coding	core	786	0	0	0	0
SC_RS11735	SCO1940	SC_RS11735	2073377	2074102	-	protein_coding	core	726	0	0	0	0
SC_RS11740	SCO1941	SC_RS11740	2074235	2075203	-	protein_coding	core	969	1	0	0	1
SC_RS11745	SCO1942	pgi	2075313	2076968	-	protein_coding	core	1656	1	0	1	1
SC_RS11750	SCO1943	SC_RS11750	2077084	2077419	-	protein_coding	core	336	1	0	0	1
SC_RS11755	SCO1944	secG	2077633	2077869	-	protein_coding	core	237	2	0	0	2
SC_RS11760	SCO1945	tpiA	2078015	2078791	-	protein_coding	core	777	2	0	0	2
SC_RS11765	SCO1946	SC_RS11765	2078797	2080008	-	protein_coding	core	1212	1	0	1	1
SC_RS11770	SCO1947	gap	2080143	2081153	-	protein_coding	core	1011	1	0	0	1
SC_RS11775	SCO1948	SC_RS11775	2081381	2084380	-	protein_coding	core	3000	1	0	0	1
SC_RS11780	SCO1950	whiA	2084575	2085567	-	protein_coding	core	993	0	0	0	0
SC_RS11785	SCO1951	SC_RS11785	2085558	2086649	-	protein_coding	core	1092	0	0	0	0
SC_RS11790	SCO1952	rapZ	2086657	2087673	-	protein_coding	core	1017	1	0	0	1
SC_RS11795	SCO1953	uvrC	2087670	2089856	-	protein_coding	core	2187	1	0	1	1
SC_RS11800	SCO1954	SC_RS11800	2090209	2091159	+	protein_coding	core	951	1	0	0	1
SC_RS11805	SCO1955	SC_RS11805	2091177	2091602	-	protein_coding	core	426	1	0	0	1
SC_RS11810	SCO1956	SC_RS11810	2091825	2092931	+	protein_coding	core	1107	0	0	0	0
SC_RS11815	SCO1957	SC_RS11815	2092928	2093836	+	protein_coding	core	909	0	0	0	0
SC_RS11820	SCO1958	uvrA	2094274	2097318	-	protein_coding	core	3045	0	0	0	0
SC_RS11825	SCO1959	SC_RS11825	2097542	2098228	+	protein_coding	core	687	0	0	0	0
SC_RS11830	SCO1960	SC_RS11830	2098289	2098945	+	protein_coding	core	657	0	0	0	0
SC_RS11835	SCO1961	aroQ	2099149	2099622	-	protein_coding	core	474	0	0	0	0
SC_RS11840	SCO1962	SC_RS11840	2099713	2100813	-	protein_coding	core	1101	0	0	0	0
SC_RS11845	SCO1963	SC_RS11845	2100946	2101947	-	protein_coding	core	1002	1	0	0	1
SC_RS11850	SCO1964	SC_RS11850	2102200	2104215	-	protein_coding	core	2016	3	2	1	3
SC_RS11855	SCO1965	SC_RS11855	2104340	2104918	-	protein_coding	core	579	3	0	2	3
SC_RS11860	SCO1966	uvrB	2105061	2107199	-	protein_coding	core	2139	3	0	0	3
SC_RS11865	SCO1967	SC_RS11865	2107239	2108117	-	protein_coding	core	879	0	0	0	0
SC_RS11870	SCO1968	SC_RS11870	2108409	2109278	+	protein_coding	core	870	0	0	0	0
SC_RS11875	SCO1969	SC_RS11875	2109316	2109870	+	protein_coding	core	555	0	0	0	0
SC_RS11880	SCO1970	SC_RS11880	2109895	2110323	-	protein_coding	core	429	0	0	0	0
SC_RS11885	SCO1971	SC_RS11885	2110465	2111370	+	protein_coding	core	906	0	0	0	0
SC_RS11890	SCO1972	SC_RS11890	2111367	2112302	+	protein_coding	core	936	0	0	0	0
SC_RS11895	SCO1973	SC_RS11895	2112316	2113110	-	protein_coding	core	795	0	0	0	0
SC_RS11905	SCO1975	SC_RS11905	2114500	2115132	-	protein_coding	core	633	1	0	0	1
SC_RS11910	SCO1976	SC_RS11910	2115347	2115826	+	protein_coding	core	480	1	0	1	1
SC_RS11915	SCO1977	SC_RS11915	2115989	2117479	+	protein_coding	core	1491	1	1	0	1
SC_RS11920	SCO1978	SC_RS11920	2117630	2117905	-	protein_coding	core	276	1	0	0	1
SC_RS11925	SCO1979	SC_RS11925	2117906	2118766	-	protein_coding	core	861	0	0	0	0
SC_RS11930	SCO1980	SC_RS11930	2119050	2119763	+	protein_coding	core	714	0	0	0	0
SC_RS11935	SCO1981	SC_RS11935	2119760	2120194	+	protein_coding	core	435	0	0	0	0
SC_RS11940	SCO1982	SC_RS11940	2120213	2120395	-	protein_coding	core	183	0	0	0	0
SC_RS11945	SCO1983	SC_RS11945	2120551	2121240	-	protein_coding	core	690	0	0	0	0
SC_RS11950	SCO1984	SC_RS11950	2121378	2122775	-	protein_coding	core	1398	0	0	0	0
SC_RS11955	SCO1985	SC_RS11955	2122775	2124631	-	protein_coding	core	1857	0	0	0	0
SC_RS11960	SCO1986	SC_RS11960	2124799	2125581	-	protein_coding	core	783	0	0	0	0
SC_RS11965	SCO1987	SC_RS11965	2125755	2126168	+	protein_coding	core	414	0	0	0	0
SC_RS11970	SCO1988	SC_RS11970	2126201	2126716	+	protein_coding	core	516	0	0	0	0
SC_RS11975	SCO1989	pip	2126802	2127773	-	protein_coding	core	972	0	0	0	0
SC_RS11980	SCO1990	SC_RS11980	2127828	2128541	-	protein_coding	core	714	0	0	0	0
SC_RS11985	SCO1991	SC_RS11985	2128658	2129218	+	protein_coding	core	561	0	0	0	0
SC_RS11990	SCO1992	SC_RS11990	2129270	2129776	-	protein_coding	core	507	0	0	0	0
SC_RS11995	SCO1993	SC_RS11995	2129838	2130524	-	protein_coding	core	687	1	0	0	1
SC_RS12000	SCO1994	SC_RS12000	2130695	2130952	+	protein_coding	core	258	1	0	0	1
SC_RS12005	SCO1995	SC_RS12005	2130961	2131341	-	protein_coding	core	381	2	0	0	2
SC_RS12010	SCO1996	coaE	2131391	2131993	-	protein_coding	core	603	2	1	0	2
SC_RS12015	SCO1997	SC_RS12015	2132026	2132964	-	protein_coding	core	939	2	1	1	2
SC_RS12020	SCO1998	rpsA	2133121	2134629	-	protein_coding	core	1509	2	0	1	2
SC_RS12025	SCO1999	SC_RS12025	2135154	2135816	+	protein_coding	core	663	0	0	0	0
SC_RS12030	SCO2000	SC_RS12030	2135883	2138879	+	protein_coding	core	2997	1	0	0	1
SC_RS12035	SCO2001	SC_RS12035	2138930	2140723	-	protein_coding	core	1794	1	0	1	1
SC_RS12040	SCO2002	SC_RS12040	2141042	2141410	-	protein_coding	core	369	2	0	0	2
SC_RS12045	SCO2003	polA	2141659	2144382	-	protein_coding	core	2724	2	0	1	2
SC_RS12050	SCO2004	SC_RS12050	2144639	2146918	+	protein_coding	core	2280	1	0	0	1
SC_RS12055	SCO2005	SC_RS12055	2147013	2147501	+	protein_coding	core	489	0	0	0	0
SC_RS12060		SC_RS12060	2148159	2148404	+	protein_coding	core	246	1	0	0	1
SC_RS12065	SCO2007	SC_RS12065	2148401	2148997	+	protein_coding	core	597	1	0	0	1
SC_RS12070	SCO2008	SC_RS12070	2149285	2150520	+	protein_coding	core	1236	1	0	1	1
SC_RS12075	SCO2009	SC_RS12075	2150635	2151567	+	protein_coding	core	933	1	1	0	1
SC_RS12080	SCO2010	SC_RS12080	2151573	2153399	+	protein_coding	core	1827	2	0	0	2
SC_RS12085	SCO2011	SC_RS12085	2153405	2154334	+	protein_coding	core	930	1	0	1	1
SC_RS12090	SCO2012	SC_RS12090	2154331	2155047	+	protein_coding	core	717	1	0	0	1
SC_RS12095	SCO2013	SC_RS12095	2155123	2155779	-	protein_coding	core	657	1	0	0	1
SC_RS12100	SCOt09	SC_RS12100	2155886	2155958	+	tRNA	core	73	0	0	0	0
SC_RS12105	SCO2014	pyk	2156337	2157773	-	protein_coding	core	1437	0	0	0	0
SC_RS12110	SCO2015	SC_RS12110	2157990	2159798	+	protein_coding	core	1809	0	0	0	0
SC_RS12115	SCO2016	SC_RS12115	2159817	2161229	-	protein_coding	core	1413	0	0	0	0
SC_RS12120	SCO2017	SC_RS12120	2161226	2162584	-	protein_coding	core	1359	2	0	0	2
SC_RS12125	SCO2018	pepN	2162746	2165244	-	protein_coding	core	2499	2	0	2	2
SC_RS12130	SCO2019	SC_RS12130	2165374	2165724	-	protein_coding	core	351	2	0	0	2
SC_RS12135	SCO2020	SC_RS12135	2165859	2166758	+	protein_coding	core	900	1	0	0	1
SC_RS12140	SCO2021	SC_RS12140	2166799	2167428	+	protein_coding	core	630	0	0	0	0
SC_RS12145	SCO2022	SC_RS12145	2167476	2168201	-	protein_coding	core	726	0	0	0	0
SC_RS12150	SCO2023	SC_RS12150	2168356	2169291	+	protein_coding	core	936	0	0	0	0
SC_RS12155	SCO2024	SC_RS12155	2169305	2170222	+	protein_coding	core	918	0	0	0	0
SC_RS12160	SCO2025	SC_RS12160	2170384	2171847	-	protein_coding	core	1464	1	0	0	1
SC_RS12165	SCO2026	gltB	2171840	2176384	-	protein_coding	core	4545	1	0	1	1
SC_RS12170	SCO2027	SC_RS12170	2176826	2177557	-	protein_coding	core	732	1	0	0	1
SC_RS12180	SCO2029	SC_RS12180	2179318	2180595	+	protein_coding	core	1278	2	0	1	2
SC_RS12185	SCO2030	SC_RS12185	2180592	2181770	+	protein_coding	core	1179	2	1	0	2
SC_RS12190	SCO2031	SC_RS12190	2181758	2183161	+	protein_coding	core	1404	1	0	0	1
SC_RS12195	SCO2032	SC_RS12195	2183119	2184333	+	protein_coding	core	1215	0	0	0	0
SC_RS12200	SCO2033	SC_RS12200	2184330	2185154	+	protein_coding	core	825	0	0	0	0
SC_RS12205	SCO2034	lgt	2185228	2186259	-	protein_coding	core	1032	2	0	0	2
SC_RS12210	SCO2035	SC_RS12210	2186336	2187109	-	protein_coding	core	774	2	1	0	2
SC_RS12215	SCO2036	trpA	2187211	2188026	-	protein_coding	core	816	2	1	1	2
SC_RS12220	SCO2037	trpB	2188023	2189306	-	protein_coding	core	1284	2	0	1	2
SC_RS12225	SCO2038	trpM	2189421	2189612	-	protein_coding	core	192	1	0	0	1
SC_RS12230	SCO2039	trpC	2189633	2190442	-	protein_coding	core	810	2	0	0	2
SC_RS12235	SCO2040	SC_RS12235	2190560	2191006	-	protein_coding	core	447	1	0	0	1
SC_RS12240	SCO2041	SC_RS12240	2191109	2191360	-	protein_coding	core	252	1	0	0	1
SC_RS12245	SCO2042	SC_RS12245	2191505	2192140	-	protein_coding	core	636	1	0	1	1
SC_RS12250	SCO2043	SC_RS12250	2192224	2193714	-	protein_coding	core	1491	1	0	0	1
SC_RS12255	SCO2044	hisI	2193744	2194130	-	protein_coding	core	387	2	0	0	2
SC_RS12260	SCO2045	SC_RS12260	2194212	2194847	+	protein_coding	core	636	1	0	0	1
SC_RS12265	SCO2046	SC_RS12265	2194858	2196129	-	protein_coding	core	1272	1	0	1	1
SC_RS12270	SCO2047	SC_RS12270	2196122	2196709	-	protein_coding	core	588	1	0	0	1
SC_RS12275	SCO2048	hisF	2196793	2197548	-	protein_coding	core	756	1	0	0	1
SC_RS12280	SCO2049	SC_RS12280	2197545	2197949	-	protein_coding	core	405	1	0	0	1
SC_RS12285	SCO2050	priA	2197966	2198688	-	protein_coding	core	723	1	0	0	1
SC_RS12290	SCO2051	hisH	2198706	2199374	-	protein_coding	core	669	0	0	0	0
SC_RS12295		SC_RS12295	2199371	2199535	-	protein_coding	core	165	0	0	0	0
SC_RS12300	SCO2052	hisB	2199539	2200132	-	protein_coding	core	594	0	0	0	0
SC_RS12305	SCO2053	SC_RS12305	2200129	2201238	-	protein_coding	core	1110	1	0	0	1
SC_RS12310	SCO2054	hisD	2201235	2202560	-	protein_coding	core	1326	1	1	0	1
SC_RS12315	SCO2055	SC_RS12315	2202760	2204337	+	protein_coding	core	1578	1	0	1	1
SC_RS12320	SCO2056	SC_RS12320	2204605	2205735	+	protein_coding	core	1131	1	0	0	1
SC_RS12325	SCO2057	SC_RS12325	2205747	2206487	+	protein_coding	core	741	0	0	0	0
SC_RS12330	SCO2058	ybaK	2206501	2207010	+	protein_coding	core	510	0	0	0	0
SC_RS12335	SCO2059	SC_RS12335	2207142	2207858	-	protein_coding	core	717	0	0	0	0
SC_RS12340	SCO2060	SC_RS12340	2207893	2208717	-	protein_coding	core	825	0	0	0	0
SC_RS12345	SCO2061	SC_RS12345	2208825	2209799	-	protein_coding	core	975	1	0	0	1
SC_RS12350	SCO2062	SC_RS12350	2209967	2211178	-	protein_coding	core	1212	2	1	0	2
SC_RS12355	SCO2063	SC_RS12355	2211403	2211570	+	protein_coding	core	168	2	0	0	2
SC_RS12360	SCO2064	dnaE	2211637	2215176	-	protein_coding	core	3540	2	0	2	2
SC_RS12365	SCO2065	SC_RS12365	2215379	2216719	+	protein_coding	core	1341	1	0	0	1
SC_RS12370	SCO2066	SC_RS12370	2216806	2217516	+	protein_coding	core	711	1	0	0	1
SC_RS12375	SCO2067	SC_RS12375	2217614	2218414	+	protein_coding	core	801	1	0	0	1
SC_RS12380	SCO2068	SC_RS12380	2218545	2220200	+	protein_coding	core	1656	1	1	0	1
SC_RS12385	SCO2069	SC_RS12385	2220185	2220775	-	protein_coding	core	591	2	0	0	2
SC_RS12390	SCO2070	SC_RS12390	2220881	2222029	+	protein_coding	core	1149	1	0	0	1
SC_RS12395	SCO2071	SC_RS12395	2222051	2223637	-	protein_coding	core	1587	1	0	1	1
SC_RS12400	SCO2072	SC_RS12400	2223726	2224214	-	protein_coding	core	489	1	0	0	1
SC_RS12405	SCO2073	SC_RS12405	2224211	2225155	-	protein_coding	core	945	1	0	0	1
SC_RS12410	SCO2074	lspA	2225281	2225895	-	protein_coding	core	615	0	0	0	0
SC_RS12415	SCO2075	SC_RS12415	2225964	2226683	-	protein_coding	core	720	1	0	0	1
SC_RS12420	SCO2076	ileS	2227237	2230380	+	protein_coding	core	3144	1	0	1	1
SC_RS12425	SCO2077	divIVA	2230582	2231778	-	protein_coding	core	1197	0	0	0	0
SC_RS12430	SCO2078	SC_RS12430	2231834	2232118	-	protein_coding	core	285	0	0	0	0
SC_RS12435	SCO2079	SC_RS12435	2232200	2232841	-	protein_coding	core	642	0	0	0	0
SC_RS12440	SCO2080	SC_RS12440	2232970	2233689	-	protein_coding	core	720	0	0	0	0
SC_RS12445	SCO2081	pgeF	2233696	2234424	-	protein_coding	core	729	1	0	0	1
SC_RS12450	SCO2082	ftsZ	2234421	2235620	-	protein_coding	core	1200	1	0	0	1
SC_RS12455	SCO2083	ftsQ	2235909	2236703	-	protein_coding	core	795	2	0	1	2
SC_RS12460	SCO2084	murG	2236729	2237823	-	protein_coding	core	1095	2	0	0	2
SC_RS12465	SCO2085	ftsW	2237830	2239200	-	protein_coding	core	1371	3	0	1	3
SC_RS12470	SCO2086	murD	2239278	2240693	-	protein_coding	core	1416	2	1	0	2
SC_RS12475	SCO2087	mraY	2240702	2241793	-	protein_coding	core	1092	1	0	1	1
SC_RS12480	SCO2088	SC_RS12480	2241793	2243208	-	protein_coding	core	1416	1	0	0	1
SC_RS12485	SCO2089	SC_RS12485	2243269	2244789	-	protein_coding	core	1521	1	0	0	1
SC_RS12490	SCO2090	ftsI	2244997	2246961	-	protein_coding	core	1965	2	0	1	2
SC_RS12495	SCO2091	SC_RS12495	2246958	2247512	-	protein_coding	core	555	2	0	0	2
SC_RS12500	SCO2092	rsmH	2247685	2248641	-	protein_coding	core	957	2	1	0	2
SC_RS12505	SCO2093	SC_RS12505	2249069	2249617	+	protein_coding	core	549	1	1	0	1
SC_RS12510	SCO2094	SC_RS12510	2249874	2250947	+	protein_coding	core	1074	1	0	0	1
SC_RS12515	SCO2095	SC_RS12515	2250947	2252308	+	protein_coding	core	1362	0	0	0	0
SC_RS12520	SCO2096	SC_RS12520	2252308	2254698	+	protein_coding	core	2391	1	0	0	1
SC_RS12525	SCO2097	SC_RS12525	2254850	2255257	-	protein_coding	core	408	1	0	0	1
SC_RS12530	SCO2098	SC_RS12530	2255534	2256361	-	protein_coding	core	828	1	0	1	1
SC_RS12535		SC_RS12535	2256510	2257103	-	protein_coding	core	594	1	0	0	1
SC_RS12540	SCO2100	SC_RS12540	2257287	2257916	+	protein_coding	core	630	1	0	0	1
SC_RS12545	SCO2101	SC_RS12545	2258402	2259922	+	protein_coding	core	1521	0	0	0	0
SC_RS12550	SCO2102	SC_RS12550	2259944	2260936	-	protein_coding	core	993	0	0	0	0
SC_RS12555	SCO2103	metF	2260993	2261916	-	protein_coding	core	924	0	0	0	0
SC_RS12560	SCO2104	thiE	2262055	2262726	-	protein_coding	core	672	0	0	0	0
SC_RS12565	SCO2105	SC_RS12565	2262881	2263246	-	protein_coding	core	366	0	0	0	0
SC_RS12570	SCO2106	SC_RS12570	2263288	2264592	-	protein_coding	core	1305	0	0	0	0
SC_RS12575	SCO2107	thiO	2264828	2266033	+	protein_coding	core	1206	0	0	0	0
SC_RS12580	SCO2108	thiS	2266030	2266230	+	protein_coding	core	201	0	0	0	0
SC_RS12585	SCO2109	SC_RS12585	2266233	2267027	+	protein_coding	core	795	0	0	0	0
SC_RS12590	SCO2110	pknB	2267216	2269189	+	protein_coding	core	1974	3	0	0	3
SC_RS12595	SCO2111	SC_RS12595	2269374	2270258	+	protein_coding	core	885	3	0	3	3
SC_RS12600	SCO2112	SC_RS12600	2270305	2270952	-	protein_coding	core	648	3	0	0	3
SC_RS12605	SCO2113	bfr	2271144	2271647	+	protein_coding	core	504	3	0	0	3
SC_RS12610	SCO2114	SC_RS12610	2271664	2271897	-	protein_coding	core	234	2	0	0	2
SC_RS12615	SCO2115	SC_RS12615	2272073	2273425	-	protein_coding	core	1353	4	0	0	4+
SC_RS12620	SCO2116	SC_RS12620	2273596	2276427	+	protein_coding	core	2832	4	0	4	4+
SC_RS12625		SC_RS12625	2276540	2276596	+	protein_coding	core	57	3	0	0	3
SC_RS12630	SCO2117	SC_RS12630	2276703	2278607	+	protein_coding	core	1905	4	0	0	4+
SC_RS12635	SCO2118	SC_RS12635	2278559	2279554	-	protein_coding	core	996	1	0	1	1
SC_RS12640	SCO2119	SC_RS12640	2279638	2280666	-	protein_coding	core	1029	2	0	0	2
SC_RS12645	SCO2120	SC_RS12645	2280718	2281440	-	protein_coding	core	723	2	0	0	2
SC_RS12650	SCO2121	macS	2281433	2282674	-	protein_coding	core	1242	1	0	1	1
SC_RS12655	SCO2122	SC_RS12655	2282715	2283488	-	protein_coding	core	774	2	0	0	2
SC_RS12660	SCO2123	SC_RS12660	2283639	2284442	+	protein_coding	core	804	2	0	0	2
SC_RS12665	SCO2124	SC_RS12665	2284435	2285052	+	protein_coding	core	618	1	0	0	1
SC_RS12670	SCO2125	SC_RS12670	2285077	2285838	-	protein_coding	core	762	1	0	0	1
SC_RS12675	SCO2126	SC_RS12675	2285983	2286936	-	protein_coding	core	954	1	0	0	1
SC_RS12680	SCO2127	SC_RS12680	2286991	2287566	-	protein_coding	core	576	1	0	0	1
SC_RS12685	SCO2128	SC_RS12685	2287637	2288809	-	protein_coding	core	1173	0	0	0	0
SC_RS12690	SCO2129	SC_RS12690	2289023	2289457	-	protein_coding	core	435	0	0	0	0
SC_RS12695	SCO2130	SC_RS12695	2289595	2290350	-	protein_coding	core	756	0	0	0	0
SC_RS12700	SCO2131	SC_RS12700	2290703	2292499	+	protein_coding	core	1797	1	0	0	1
SC_RS12705	SCO2132	SC_RS12705	2292487	2293725	-	protein_coding	core	1239	2	0	0	2
SC_RS12710	SCO2133	SC_RS12710	2293882	2295147	+	protein_coding	core	1266	2	0	1	2
SC_RS12715	SCO2134	SC_RS12715	2295175	2296368	-	protein_coding	core	1194	2	0	1	2
SC_RS12720	SCO2135	SC_RS12720	2296454	2297470	-	protein_coding	core	1017	1	0	0	1
SC_RS12725	SCO2136	SC_RS12725	2297707	2298750	-	protein_coding	core	1044	1	0	0	1
SC_RS12730	SCO2137	SC_RS12730	2298982	2300325	-	protein_coding	core	1344	1	1	0	1
SC_RS12735	SCO2138	SC_RS12735	2300388	2300627	-	protein_coding	core	240	1	0	1	1
SC_RS12740	SCO2139	SC_RS12740	2300785	2301555	+	protein_coding	core	771	1	1	0	1
SC_RS12745	SCO2140	SC_RS12745	2301552	2301833	+	protein_coding	core	282	1	0	0	1
SC_RS12750	SCO2141	SC_RS12750	2301983	2302306	+	protein_coding	core	324	2	0	0	2
SC_RS12755	SCO2142	SC_RS12755	2302365	2303729	+	protein_coding	core	1365	3	0	0	3
SC_RS12760	SCO2143	SC_RS12760	2303726	2304391	+	protein_coding	core	666	2	0	1	2
SC_RS12765	SCO2144	SC_RS12765	2304475	2305890	+	protein_coding	core	1416	4	1	1	4+
SC_RS12775	SCO2146	SC_RS12775	2307076	2308506	-	protein_coding	core	1431	4	0	2	4+
SC_RS12780	SCO2147	trpD	2308851	2309915	-	protein_coding	core	1065	5	0	2	4+
SC_RS12785	SCO2148	qcrB	2310047	2311684	-	protein_coding	core	1638	3	0	1	3
SC_RS12790	SCO2149	qcrA	2311681	2312742	-	protein_coding	core	1062	1	0	0	1
SC_RS12795	SCO2150	qcrC	2312739	2313548	-	protein_coding	core	810	1	0	0	1
SC_RS12800	SCO2151	ctaE	2313623	2314243	-	protein_coding	core	621	1	0	0	1
SC_RS12805	SCO2152	SC_RS12805	2314453	2314854	+	protein_coding	core	402	1	0	0	1
SC_RS12810	SCO2153	SC_RS12810	2314942	2316216	-	protein_coding	core	1275	1	0	1	1
SC_RS12815	SCO2154	SC_RS12815	2316363	2316761	-	protein_coding	core	399	1	0	0	1
SC_RS12820	SCO2155	ctaD	2316758	2318494	-	protein_coding	core	1737	2	1	0	2
SC_RS12825	SCO2156	ctaC	2318491	2319450	-	protein_coding	core	960	1	0	1	1
SC_RS12830	SCO2157	SC_RS12830	2319777	2321159	+	protein_coding	core	1383	1	0	0	1
SC_RS12835	SCO2158	SC_RS12835	2321282	2322256	-	protein_coding	core	975	0	0	0	0
SC_RS12840	SCO2159	SC_RS12840	2322389	2322598	+	protein_coding	core	210	0	0	0	0
SC_RS12845	SCO2160	SC_RS12845	2322715	2324265	+	protein_coding	core	1551	0	0	0	0
SC_RS12850	SCO2161	SC_RS12850	2324368	2324724	-	protein_coding	core	357	0	0	0	0
SC_RS12855	SCO2162	nadA	2325064	2326248	+	protein_coding	core	1185	0	0	0	0
SC_RS12860	SCO2164	SC_RS12860	2326327	2329452	-	protein_coding	core	3126	2	1	0	2
SC_RS12865	SCO2165	SC_RS12865	2329632	2330315	-	protein_coding	core	684	2	0	1	2
SC_RS12870	SCO2166	SC_RS12870	2330312	2331562	-	protein_coding	core	1251	2	0	1	2
SC_RS12875	SCO2167	pspAA	2331727	2332011	-	protein_coding	core	285	3	0	0	3
SC_RS12880	SCO2168	SC_RS12880	2332033	2332827	-	protein_coding	core	795	3	0	0	3
SC_RS12885	SCO2169	SC_RS12885	2333072	2333749	+	protein_coding	core	678	3	0	0	3
SC_RS12890	SCO2170	SC_RS12890	2333833	2334534	+	protein_coding	core	702	2	0	2	2
SC_RS12895	SCO2171	SC_RS12895	2334636	2335724	+	protein_coding	core	1089	2	0	0	2
SC_RS12900	SCO2172	SC_RS12900	2335755	2336003	-	protein_coding	core	249	2	0	0	2
SC_RS12905	SCO2173	SC_RS12905	2336212	2337411	+	protein_coding	core	1200	0	0	0	0
SC_RS12910	SCO2174	SC_RS12910	2337400	2338119	-	protein_coding	core	720	0	0	0	0
SC_RS12915	SCO2175	cobT	2338274	2339347	+	protein_coding	core	1074	0	0	0	0
SC_RS12920	SCO2176	SC_RS12920	2339770	2340510	-	protein_coding	core	741	1	0	0	1
SC_RS12925	SCO2177	SC_RS12925	2340571	2341353	+	protein_coding	core	783	3	0	0	3
SC_RS12930	SCO2178	SC_RS12930	2341371	2342219	-	protein_coding	core	849	4	0	1	4+
SC_RS12935	SCO2179	SC_RS12935	2342474	2344027	+	protein_coding	core	1554	5	1	3	4+
SC_RS12940	SCO2180	lpdA	2344344	2345732	+	protein_coding	core	1389	5	0	1	4+
SC_RS12945	SCO2181	sucB	2345796	2347568	+	protein_coding	core	1773	2	0	1	2
SC_RS12950	SCO2182	SC_RS12950	2347778	2348401	+	protein_coding	core	624	1	0	0	1
SC_RS12955	SCO2183	aceE	2348740	2351439	+	protein_coding	core	2700	2	0	1	2
SC_RS12960	SCO2184	SC_RS12960	2351510	2352493	+	protein_coding	core	984	1	0	0	1
SC_RS12965	SCO2186	SC_RS12965	2353103	2353624	+	protein_coding	core	522	2	0	0	2
SC_RS12970	SCO2187	SC_RS12970	2353659	2354585	-	protein_coding	core	927	2	1	0	2
SC_RS12980	SCO2189	SC_RS12980	2355882	2356382	-	protein_coding	core	501	3	1	0	3
SC_RS12985	SCO2190	SC_RS12985	2356470	2357579	+	protein_coding	core	1110	3	0	1	3
SC_RS12990	SCO2191	SC_RS12990	2357793	2359196	+	protein_coding	core	1404	1	0	0	1
SC_RS12995	SCO2192	SC_RS12995	2359257	2360720	-	protein_coding	core	1464	0	0	0	0
SC_RS13000	SCO2193	lipB	2360955	2361752	+	protein_coding	core	798	0	0	0	0
SC_RS13005	SCO2194	lipA	2361907	2362860	+	protein_coding	core	954	0	0	0	0
SC_RS13010	SCO2195	SC_RS13010	2363105	2363320	+	protein_coding	core	216	0	0	0	0
SC_RS13015	SCO2196	SC_RS13015	2363402	2364106	+	protein_coding	core	705	0	0	0	0
SC_RS13020	SCO2197	SC_RS13020	2364217	2364684	-	protein_coding	core	468	0	0	0	0
SC_RS13025	SCO2198	glnA	2364905	2366314	+	protein_coding	core	1410	0	0	0	0
SC_RS13030	SCO2199	SC_RS13030	2366485	2366745	+	protein_coding	core	261	0	0	0	0
SC_RS13035	SCO2200	SC_RS13035	2366795	2367634	-	protein_coding	core	840	0	0	0	0
SC_RS13040	SCO2201	SC_RS13040	2367728	2368099	+	protein_coding	core	372	0	0	0	0
SC_RS13045	SCO2202	htpX	2368178	2369092	+	protein_coding	core	915	0	0	0	0
SC_RS13050	SCO2203	pspAB	2369102	2369680	+	protein_coding	core	579	0	0	0	0
SC_RS13055	SCO2204	SC_RS13055	2369767	2370954	+	protein_coding	core	1188	0	0	0	0
SC_RS13060	SCO2205	SC_RS13060	2371009	2371323	-	protein_coding	core	315	1	0	0	1
SC_RS13065	SCO2206	SC_RS13065	2371498	2371857	+	protein_coding	core	360	1	0	0	1
SC_RS13070	SCO2207	SC_RS13070	2371976	2372671	+	protein_coding	core	696	1	0	0	1
SC_RS13075	SCO2208	SC_RS13075	2372674	2373546	-	protein_coding	core	873	2	0	1	2
SC_RS13080	SCO2209	SC_RS13080	2373706	2374182	+	protein_coding	core	477	2	1	0	2
SC_RS13085	SCO2210	glnII	2374319	2375350	+	protein_coding	core	1032	2	0	1	2
SC_RS13090	SCO2211	SC_RS13090	2375406	2376335	+	protein_coding	core	930	1	1	0	1
SC_RS13095	SCO2213	SC_RS13095	2376676	2377257	+	protein_coding	core	582	1	0	0	1
SC_RS13100	SCO2214	SC_RS13100	2377328	2378362	+	protein_coding	core	1035	1	0	0	1
SC_RS13105	SCO2215	SC_RS13105	2378415	2379692	+	protein_coding	core	1278	0	0	0	0
SC_RS13110	SCO2216	SC_RS13110	2379677	2380330	+	protein_coding	core	654	0	0	0	0
SC_RS13115	SCO2217	SC_RS13115	2380490	2381995	+	protein_coding	core	1506	0	0	0	0
SC_RS13120	SCO2218	SC_RS13120	2382072	2382518	-	protein_coding	core	447	0	0	0	0
SC_RS13125	SCO2219	SC_RS13125	2382653	2383162	+	protein_coding	core	510	0	0	0	0
SC_RS13130	SCO2220	SC_RS13130	2383230	2385161	+	protein_coding	core	1932	0	0	0	0
SC_RS13135	SCO2221	SC_RS13135	2385265	2386155	+	protein_coding	core	891	0	0	0	0
SC_RS13140	SCO2222	SC_RS13140	2386152	2387246	+	protein_coding	core	1095	0	0	0	0
SC_RS13145	SCO2223	SC_RS13145	2387313	2388005	+	protein_coding	core	693	1	0	0	1
SC_RS13150	SCO2224	SC_RS13150	2388002	2388466	+	protein_coding	core	465	1	0	0	1
SC_RS13155	SCO2225	SC_RS13155	2388485	2388844	-	protein_coding	core	360	1	0	0	1
SC_RS13160	SCO2226	pulA	2388900	2394314	-	protein_coding	core	5415	2	0	1	2
SC_RS13165	SCO2227	SC_RS13165	2394422	2394982	-	protein_coding	core	561	1	0	0	1
SC_RS13170	SCO2228	SC_RS13170	2395074	2396807	-	protein_coding	core	1734	1	0	1	1
SC_RS13175	SCO2229	SC_RS13175	2396944	2397855	-	protein_coding	core	912	1	0	0	1
SC_RS13180	SCO2230	SC_RS13180	2397869	2398873	-	protein_coding	core	1005	0	0	0	0
SC_RS13185	SCO2231	SC_RS13185	2398988	2400259	-	protein_coding	core	1272	1	0	0	1
SC_RS13190	SCO2232	SC_RS13190	2400651	2401685	+	protein_coding	core	1035	1	0	1	1
SC_RS13195	SCO2233	SC_RS13195	2401774	2402643	+	protein_coding	core	870	1	0	0	1
SC_RS13200	SCO2234	SC_RS13200	2402769	2405768	-	protein_coding	core	3000	2	0	1	2
SC_RS13205	SCO2235	SC_RS13205	2405942	2406205	+	protein_coding	core	264	1	0	0	1
SC_RS13210	SCO2236	SC_RS13210	2406202	2406456	+	protein_coding	core	255	1	0	0	1
SC_RS13215	SCO2237	SC_RS13215	2406519	2406965	+	protein_coding	core	447	1	0	0	1
SC_RS13220	SCO2238	SC_RS13220	2406988	2408757	-	protein_coding	core	1770	0	0	0	0
SC_RS13225	SCO2239	SC_RS13225	2408840	2409466	-	protein_coding	core	627	0	0	0	0
SC_RS13230	SCO2240	SC_RS13230	2409463	2410131	-	protein_coding	core	669	0	0	0	0
SC_RS13235	SCO2241	glnA	2410423	2411784	+	protein_coding	core	1362	1	0	0	1
SC_RS13240	SCO2242	SC_RS13240	2411818	2412264	-	protein_coding	core	447	1	0	0	1
SC_RS13245	SCO2243	SC_RS13245	2412355	2412933	+	protein_coding	core	579	1	0	0	1
SC_RS13250	SCO2244	SC_RS13250	2412958	2415030	-	protein_coding	core	2073	1	0	1	1
SC_RS13255	SCO2245	SC_RS13255	2415027	2415236	-	protein_coding	core	210	1	0	0	1
SC_RS13265	SCO2248	SC_RS13265	2416596	2417093	+	protein_coding	core	498	0	0	0	0
SC_RS13270	SCO2249	SC_RS13270	2417492	2417722	+	protein_coding	core	231	0	0	0	0
SC_RS13275	SCO2250	SC_RS13275	2417879	2418706	+	protein_coding	core	828	0	0	0	0
SC_RS13280	SCO2251	SC_RS13280	2418840	2419427	+	protein_coding	core	588	0	0	0	0
SC_RS13285	SCO2252	SC_RS13285	2419411	2419632	-	protein_coding	core	222	0	0	0	0
SC_RS13290	SCO2253	SC_RS13290	2419629	2420483	-	protein_coding	core	855	2	0	0	2
SC_RS13295	SCO2254	SC_RS13295	2420563	2421804	-	protein_coding	core	1242	2	1	1	2
SC_RS13300	SCO2255	SC_RS13300	2421926	2422978	-	protein_coding	core	1053	2	0	1	2
SC_RS13305	SCO2256	panB	2423298	2424173	+	protein_coding	core	876	2	0	0	2
SC_RS13310	SCO2257	SC_RS13310	2424359	2425390	+	protein_coding	core	1032	0	0	0	0
SC_RS13315	SCO2258	SC_RS13315	2425387	2426211	+	protein_coding	core	825	0	0	0	0
SC_RS13320	SCO2259	SC_RS13320	2426233	2430201	-	protein_coding	core	3969	1	0	0	1
SC_RS13325	SCO2260	SC_RS13325	2430388	2431185	+	protein_coding	core	798	1	0	0	1
SC_RS13330	SCO2261	SC_RS13330	2431192	2431392	-	protein_coding	core	201	1	0	0	1
SC_RS13335	SCO2262	npdG	2431446	2432165	-	protein_coding	core	720	1	0	1	1
SC_RS13340	SCO2263	SC_RS13340	2432297	2432911	+	protein_coding	core	615	1	1	0	1
SC_RS13345	SCO2264	SC_RS13345	2433311	2434606	+	protein_coding	core	1296	2	0	0	2
SC_RS13350	SCO2265	SC_RS13350	2434607	2434849	-	protein_coding	core	243	1	0	0	1
SC_RS13355	SCO2266	map	2434908	2435765	+	protein_coding	core	858	1	0	0	1
SC_RS13360	SCO2267	SC_RS13360	2435930	2436577	+	protein_coding	core	648	1	0	1	1
SC_RS13365	SCO2268	SC_RS13365	2436593	2437237	-	protein_coding	core	645	1	0	0	1
SC_RS13370	SCO2269	SC_RS13370	2437246	2438085	-	protein_coding	core	840	1	0	0	1
SC_RS13375	SCO2270	SC_RS13375	2438127	2439746	-	protein_coding	core	1620	1	0	0	1
SC_RS13380	SCO2271	SC_RS13380	2439787	2441220	-	protein_coding	core	1434	0	0	0	0
SC_RS13385	SCO2272	SC_RS13385	2441324	2442376	+	protein_coding	core	1053	0	0	0	0
SC_RS13390	SCO2273	SC_RS13390	2442373	2443464	+	protein_coding	core	1092	0	0	0	0
SC_RS13395	SCO2274	SC_RS13395	2443461	2444303	+	protein_coding	core	843	0	0	0	0
SC_RS13400	SCO2275	efeO	2444536	2445690	+	protein_coding	core	1155	0	0	0	0
SC_RS13405	SCO2276	efeB	2445705	2446967	+	protein_coding	core	1263	0	0	0	0
SC_RS13410	SCO2277	efeU	2446970	2447842	+	protein_coding	core	873	0	0	0	0
SC_RS13415	SCO2278	SC_RS13415	2447802	2448791	+	protein_coding	core	990	0	0	0	0
SC_RS13420	SCO2279	SC_RS13420	2448807	2449538	-	protein_coding	core	732	0	0	0	0
SC_RS13425	SCO2280	SC_RS13425	2449644	2450291	-	protein_coding	core	648	0	0	0	0
SC_RS13430	SCO2281	SC_RS13430	2450354	2451016	-	protein_coding	core	663	0	0	0	0
SC_RS13435	SCO2282	SC_RS13435	2451048	2452028	-	protein_coding	core	981	0	0	0	0
SC_RS13440	SCO2283	SC_RS13440	2452574	2453746	-	protein_coding	core	1173	1	0	0	1
SC_RS13445	SCO2284	SC_RS13445	2453707	2454993	-	protein_coding	core	1287	1	0	1	1
SC_RS13450	SCO2285	SC_RS13450	2455112	2456158	+	protein_coding	core	1047	2	1	0	2
SC_RS13455	SCO2286	SC_RS13455	2456145	2457821	-	protein_coding	core	1677	2	1	0	2
SC_RS13460	SCO2287	SC_RS13460	2457954	2458745	+	protein_coding	core	792	1	0	1	1
SC_RS13465	SCO2288	SC_RS13465	2459004	2459330	-	protein_coding	core	327	1	0	0	1
SC_RS13470	SCO2289	SC_RS13470	2459484	2460026	+	protein_coding	core	543	1	0	0	1
SC_RS13475	SCO2290	SC_RS13475	2460057	2460398	+	protein_coding	core	342	1	0	0	1
SC_RS13480	SCO2291	SC_RS13480	2460463	2461470	-	protein_coding	core	1008	1	0	0	1
SC_RS13485	SCO2292	SC_RS13485	2461505	2462512	-	protein_coding	core	1008	1	0	0	1
SC_RS13490	SCOs01	rnpB	2462902	2463304	-	RNase_P_RNA	core	403	1	1	0	1
SC_RS13500	SCO2294	SC_RS13500	2464222	2465058	-	protein_coding	core	837	1	0	0	1
SC_RS13505	SCO2295	SC_RS13505	2465169	2465930	+	protein_coding	core	762	1	0	0	1
SC_RS13510	SCO2296	SC_RS13510	2465927	2466541	+	protein_coding	core	615	0	0	0	0
SC_RS13515	SCO2297	yaaA	2466581	2467363	+	protein_coding	core	783	0	0	0	0
SC_RS13520	SCO2298	eda	2467437	2468096	+	protein_coding	core	660	1	0	0	1
SC_RS13525	SCO2299	SC_RS13525	2468071	2469564	-	protein_coding	core	1494	1	0	1	1
SC_RS13530	SCO2300	SC_RS13530	2469576	2470319	-	protein_coding	core	744	1	0	0	1
SC_RS13535	SCO2301	SC_RS13535	2470316	2471173	-	protein_coding	core	858	1	0	0	1
SC_RS13540	SCO2302	SC_RS13540	2471382	2472650	+	protein_coding	core	1269	3	0	0	3
SC_RS13545	SCO2303	SC_RS13545	2472748	2472915	+	protein_coding	core	168	4	0	0	4+
SC_RS13550	SCO2304	SC_RS13550	2473023	2473919	-	protein_coding	core	897	4	1	1	4+
SC_RS13555	SCO2305	SC_RS13555	2474063	2474989	+	protein_coding	core	927	4	1	3	4+
SC_RS13560	SCO2306	SC_RS13560	2474986	2475702	+	protein_coding	core	717	4	2	0	4+
SC_RS13565	SCO2307	SC_RS13565	2475740	2476969	+	protein_coding	core	1230	3	0	0	3
SC_RS13570	SCO2308	SC_RS13570	2477055	2477687	+	protein_coding	core	633	0	0	0	0
SC_RS13575	SCO2309	SC_RS13575	2478172	2479632	-	protein_coding	core	1461	0	0	0	0
SC_RS13580	SCO2310	SC_RS13580	2479917	2481674	+	protein_coding	core	1758	0	0	0	0
SC_RS13585	SCO2311	SC_RS13585	2481918	2483546	+	protein_coding	core	1629	0	0	0	0
SC_RS13590	SCO2312	SC_RS13590	2483598	2484278	+	protein_coding	core	681	0	0	0	0
SC_RS13595	SCO2313	SC_RS13595	2484289	2485299	+	protein_coding	core	1011	1	0	0	1
SC_RS13600	SCO2314	SC_RS13600	2485458	2486327	+	protein_coding	core	870	1	0	0	1
SC_RS13605	SCO2315	SC_RS13605	2486429	2486722	+	protein_coding	core	294	1	0	1	1
SC_RS13610	SCO2316	SC_RS13610	2486736	2487833	-	protein_coding	core	1098	1	0	0	1
SC_RS13615	SCO2317	SC_RS13615	2487830	2488564	-	protein_coding	core	735	1	0	0	1
SC_RS13620	SCO2318	SC_RS13620	2488558	2490054	-	protein_coding	core	1497	2	0	0	2
SC_RS13625	SCO2319	SC_RS13625	2490268	2490921	+	protein_coding	core	654	1	0	1	1
SC_RS13630	SCO2320	SC_RS13630	2490934	2491605	-	protein_coding	core	672	1	0	0	1
SC_RS13635	SCO2321	SC_RS13635	2491926	2493185	+	protein_coding	core	1260	2	0	0	2
SC_RS13640	SCO2322	SC_RS13640	2493182	2493844	+	protein_coding	core	663	2	0	0	2
SC_RS13645	SCO2323	SC_RS13645	2493924	2495063	+	protein_coding	core	1140	4	0	1	4+
SC_RS13650	SCO2324	SC_RS13650	2495060	2496751	+	protein_coding	core	1692	4	1	3	4+
SC_RS13655	SCO2325	SC_RS13655	2496748	2497599	+	protein_coding	core	852	4	1	0	4+
SC_RS13660	SCO2326	SC_RS13660	2497855	2498268	+	protein_coding	core	414	2	0	0	2
SC_RS13665	SCO2327	SC_RS13665	2498289	2498675	-	protein_coding	core	387	1	0	0	1
SC_RS13670	SCO2328	SC_RS13670	2498914	2499570	+	protein_coding	core	657	0	0	0	0
SC_RS13675	SCO2329	SC_RS13675	2499573	2500565	-	protein_coding	core	993	0	0	0	0
SC_RS13680	SCO2330	SC_RS13680	2500697	2501287	+	protein_coding	core	591	0	0	0	0
SC_RS13685	SCO2331	SC_RS13685	2501284	2501697	-	protein_coding	core	414	0	0	0	0
SC_RS13690	SCO2332	SC_RS13690	2501757	2502536	+	protein_coding	core	780	0	0	0	0
SC_RS13695	SCO2333	SC_RS13695	2502545	2502709	+	protein_coding	core	165	0	0	0	0
SC_RS13700	SCO2334	SC_RS13700	2502808	2504463	+	protein_coding	core	1656	0	0	0	0
SC_RS13705	SCO2335	SC_RS13705	2504417	2506495	-	protein_coding	core	2079	0	0	0	0
SC_RS13710	SCO2336	proP	2506906	2508294	+	protein_coding	core	1389	0	0	0	0
SC_RS13715	SCO2337	SC_RS13715	2508321	2508884	+	protein_coding	core	564	0	0	0	0
SC_RS13720	SCO2338	SC_RS13720	2508881	2509552	+	protein_coding	core	672	0	0	0	0
SC_RS13725	SCO2339	SC_RS13725	2509609	2510001	-	protein_coding	core	393	0	0	0	0
SC_RS13730	SCO2340	SC_RS13730	2510090	2510497	+	protein_coding	core	408	0	0	0	0
SC_RS13735	SCO2341	SC_RS13735	2510508	2511071	-	protein_coding	core	564	0	0	0	0
SC_RS13740	SCO2342	SC_RS13740	2511076	2511747	-	protein_coding	core	672	0	0	0	0
SC_RS13745	SCO2343	SC_RS13745	2511913	2512446	+	protein_coding	core	534	0	0	0	0
SC_RS13750	SCO2344	SC_RS13750	2512483	2514552	-	protein_coding	core	2070	0	0	0	0
SC_RS13755	SCO2345	SC_RS13755	2514718	2515959	+	protein_coding	core	1242	0	0	0	0
SC_RS13760	SCO2346	SC_RS13760	2515998	2516663	-	protein_coding	core	666	0	0	0	0
SC_RS13765	SCO2347	SC_RS13765	2516812	2517393	-	protein_coding	core	582	0	0	0	0
SC_RS13770	SCO2348	SC_RS13770	2517893	2518537	+	protein_coding	core	645	0	0	0	0
SC_RS13775	SCO2349	SC_RS13775	2518626	2520308	+	protein_coding	core	1683	1	0	0	1
SC_RS13780	SCO2350	SC_RS13780	2520564	2521025	+	protein_coding	core	462	1	0	0	1
SC_RS13785	SCO2351	SC_RS13785	2521164	2521838	+	protein_coding	core	675	1	0	1	1
SC_RS13790	SCO2352	SC_RS13790	2521928	2522161	-	protein_coding	core	234	1	0	0	1
SC_RS13795	SCO2353	SC_RS13795	2522166	2522699	-	protein_coding	core	534	1	0	0	1
SC_RS13800	SCO2354	SC_RS13800	2522814	2523149	+	protein_coding	core	336	1	0	0	1
SC_RS13805	SCOt10	SC_RS13805	2523200	2523274	-	tRNA	core	75	1	0	0	1
SC_RS13810	SCO2355	SC_RS13810	2523500	2524270	+	protein_coding	core	771	2	0	0	2
SC_RS13815	SCO2356	SC_RS13815	2524342	2525745	+	protein_coding	core	1404	2	0	1	2
SC_RS13820	SCO2357	SC_RS13820	2525802	2526020	+	protein_coding	core	219	2	1	0	2
SC_RS13825	SCO2358	SC_RS13825	2526064	2526708	-	protein_coding	core	645	2	0	0	2
SC_RS13830	SCO2359	SC_RS13830	2526699	2527841	-	protein_coding	core	1143	2	0	1	2
SC_RS13835	SCO2360	SC_RS13835	2527974	2528804	+	protein_coding	core	831	1	1	0	1
SC_RS13840	SCO2361	SC_RS13840	2528722	2529534	-	protein_coding	core	813	1	0	0	1
SC_RS13845	SCO2362	SC_RS13845	2529534	2532053	-	protein_coding	core	2520	1	0	0	1
SC_RS13850	SCO2363	SC_RS13850	2532132	2533298	-	protein_coding	core	1167	0	0	0	0
SC_RS13855	SCO2364	SC_RS13855	2533506	2534501	+	protein_coding	core	996	0	0	0	0
SC_RS13860	SCO2365	SC_RS13860	2534532	2535269	-	protein_coding	core	738	0	0	0	0
SC_RS13865	SCO2366	SC_RS13865	2535421	2536563	-	protein_coding	core	1143	0	0	0	0
SC_RS13870	SCO2367	SC_RS13870	2536613	2537188	-	protein_coding	core	576	0	0	0	0
SC_RS13875	SCO2368	SC_RS13875	2537340	2537915	-	protein_coding	core	576	0	0	0	0
SC_RS13880	SCO2369	SC_RS13880	2538097	2538555	-	protein_coding	core	459	0	0	0	0
SC_RS13885	SCO2370	SC_RS13885	2538717	2539154	-	protein_coding	core	438	0	0	0	0
SC_RS13890	SCO2371	aceE	2539576	2542332	+	protein_coding	core	2757	4	0	0	4+
SC_RS13895	SCO2372	SC_RS13895	2542460	2542768	-	protein_coding	core	309	5	0	0	4+
SC_RS13900	SCO2373	SC_RS13900	2543007	2544617	-	protein_coding	core	1611	6	1	4	4+
SC_RS13905	SCO2374	SC_RS13905	2544733	2545416	+	protein_coding	core	684	7	0	1	4+
SC_RS13910	SCO2375	SC_RS13910	2545471	2546691	+	protein_coding	core	1221	5	0	1	4+
SC_RS13915	SCO2376	SC_RS13915	2546758	2547645	+	protein_coding	core	888	2	1	1	2
SC_RS13920	SCO2377	SC_RS13920	2547771	2548787	-	protein_coding	core	1017	2	0	0	2
SC_RS13925	SCO2378	SC_RS13925	2548784	2549293	-	protein_coding	core	510	1	0	0	1
SC_RS13930	SCO2379	SC_RS13930	2549404	2549871	+	protein_coding	core	468	0	0	0	0
SC_RS13935	SCO2380	SC_RS13935	2549891	2550712	+	protein_coding	core	822	0	0	0	0
SC_RS13940	SCO2381	SC_RS13940	2550901	2551737	+	protein_coding	core	837	0	0	0	0
SC_RS13945	SCO2382	SC_RS13945	2551706	2551903	+	protein_coding	core	198	0	0	0	0
SC_RS13950	SCO2383	SC_RS13950	2552256	2556893	+	protein_coding	core	4638	0	0	0	0
SC_RS13955	SCO2384	SC_RS13955	2556886	2557305	+	protein_coding	core	420	0	0	0	0
SC_RS13960	SCO2385	SC_RS13960	2557326	2557982	-	protein_coding	core	657	1	0	0	1
SC_RS13965	SCO2386	fasR	2558045	2559250	+	protein_coding	core	1206	1	0	0	1
SC_RS13970	SCO2387	SC_RS13970	2559340	2560290	+	protein_coding	core	951	1	0	1	1
SC_RS13975	SCO2388	SC_RS13975	2560307	2561338	+	protein_coding	core	1032	1	1	0	1
SC_RS13980	SCO2389	SC_RS13980	2561443	2561691	+	protein_coding	core	249	1	0	0	1
SC_RS13985	SCO2390	SC_RS13985	2561801	2563090	+	protein_coding	core	1290	1	0	0	1
SC_RS13990	SCO2391	SC_RS13990	2563192	2563686	-	protein_coding	core	495	0	0	0	0
SC_RS13995	SCO2392	SC_RS13995	2563944	2564861	+	protein_coding	core	918	0	0	0	0
SC_RS14000	SCO2393	SC_RS14000	2564900	2565871	+	protein_coding	core	972	0	0	0	0
SC_RS14005	SCO2394	SC_RS14005	2566162	2567460	+	protein_coding	core	1299	0	0	0	0
SC_RS14010	SCO2395	SC_RS14010	2567432	2568256	-	protein_coding	core	825	0	0	0	0
SC_RS14015	SCO2396	SC_RS14015	2568352	2568771	-	protein_coding	core	420	0	0	0	0
SC_RS14020	SCO2397	SC_RS14020	2568888	2569910	-	protein_coding	core	1023	0	0	0	0
SC_RS14025	SCO2398	SC_RS14025	2570030	2570485	+	protein_coding	core	456	0	0	0	0
SC_RS14030	SCO2399	SC_RS14030	2570546	2571427	+	protein_coding	core	882	0	0	0	0
SC_RS14035	SCO2400	SC_RS14035	2571440	2572189	-	protein_coding	core	750	0	0	0	0
SC_RS14040	SCO2401	SC_RS14040	2572404	2573570	+	protein_coding	core	1167	0	0	0	0
SC_RS14045	SCO2402	SC_RS14045	2573567	2574583	+	protein_coding	core	1017	0	0	0	0
SC_RS14050	SCO2403	SC_RS14050	2574719	2575690	+	protein_coding	core	972	0	0	0	0
SC_RS14055	SCO2404	chvE	2575786	2576895	+	protein_coding	core	1110	0	0	0	0
SC_RS14060	SCO2405	mmsA	2576928	2578505	+	protein_coding	core	1578	1	0	0	1
SC_RS14065	SCO2406	mmsB	2578502	2579746	+	protein_coding	core	1245	2	0	0	2
SC_RS14070	SCO2407	SC_RS14070	2579814	2580962	+	protein_coding	core	1149	3	0	1	3
SC_RS14075	SCO2408	SC_RS14075	2581080	2582705	+	protein_coding	core	1626	3	0	2	3
SC_RS14080	SCO2409	SC_RS14080	2582733	2583998	-	protein_coding	core	1266	2	0	0	2
SC_RS14085	SCO2410	SC_RS14085	2584078	2584839	-	protein_coding	core	762	1	0	0	1
SC_RS14090	SCO2411	SC_RS14090	2584886	2585440	-	protein_coding	core	555	0	0	0	0
SC_RS14095	SCO2412	SC_RS14095	2585467	2586126	-	protein_coding	core	660	0	0	0	0
SC_RS14100	SCO2413	SC_RS14100	2586123	2586635	-	protein_coding	core	513	0	0	0	0
SC_RS14105	SCO2414	SC_RS14105	2586632	2587933	-	protein_coding	core	1302	0	0	0	0
SC_RS14110	SCO2415	SC_RS14110	2587930	2589171	-	protein_coding	core	1242	0	0	0	0
SC_RS14115	SCO2416	SC_RS14115	2589168	2590181	-	protein_coding	core	1014	0	0	0	0
SC_RS14120	SCO2417	SC_RS14120	2590178	2591233	-	protein_coding	core	1056	1	0	0	1
SC_RS14125	SCO2418	SC_RS14125	2591230	2592294	-	protein_coding	core	1065	1	1	0	1
SC_RS14130	SCO2419	SC_RS14130	2592291	2593547	-	protein_coding	core	1257	1	0	1	1
SC_RS14135	SCO2420	SC_RS14135	2593549	2594355	-	protein_coding	core	807	1	0	0	1
SC_RS14140	SCO2421	SC_RS14140	2594362	2595126	-	protein_coding	core	765	1	0	0	1
SC_RS14145	SCO2422	SC_RS14145	2595123	2596133	-	protein_coding	core	1011	1	0	0	1
SC_RS14150	SCO2423	SC_RS14150	2596787	2597419	+	protein_coding	core	633	2	0	0	2
SC_RS14155	SCO2424	SC_RS14155	2597556	2599157	+	protein_coding	core	1602	2	0	2	2
SC_RS14160	SCO2425	SC_RS14160	2599192	2600133	+	protein_coding	core	942	3	1	0	3
SC_RS14165	SCO2426	SC_RS14165	2600318	2601529	+	protein_coding	core	1212	3	0	1	3
SC_RS14170	SCO2427	SC_RS14170	2601569	2602537	-	protein_coding	core	969	2	1	0	2
SC_RS14175	SCO2428	SC_RS14175	2602879	2604447	+	protein_coding	core	1569	2	1	0	2
SC_RS14180	SCO2429	SC_RS14180	2604477	2605133	-	protein_coding	core	657	1	0	0	1
SC_RS14185	SCO2430	SC_RS14185	2605550	2608351	+	protein_coding	core	2802	2	0	0	2
SC_RS14190	SCO2431	arfA	2608364	2609869	-	protein_coding	core	1506	3	2	0	3
SC_RS14195	SCO2432	SC_RS14195	2609897	2610760	-	protein_coding	core	864	3	0	3	3
SC_RS14200	SCO2433	SC_RS14200	2610757	2611698	-	protein_coding	core	942	3	0	0	3
SC_RS14205	SCO2434	SC_RS14205	2611695	2613053	-	protein_coding	core	1359	3	0	0	3
SC_RS14210	SCO2435	SC_RS14210	2613322	2613849	+	protein_coding	core	528	0	0	0	0
SC_RS14215	SCO2436	SC_RS14215	2613846	2615030	+	protein_coding	core	1185	0	0	0	0
SC_RS14220	SCO2437	SC_RS14220	2615125	2616336	+	protein_coding	core	1212	0	0	0	0
SC_RS14225	SCO2438	SC_RS14225	2616326	2617732	+	protein_coding	core	1407	0	0	0	0
SC_RS14230	SCO2439	SC_RS14230	2617790	2618650	-	protein_coding	core	861	0	0	0	0
SC_RS14235	SCO2440	SC_RS14235	2618647	2619420	-	protein_coding	core	774	0	0	0	0
SC_RS14240	SCO2441	SC_RS14240	2619547	2620149	+	protein_coding	core	603	0	0	0	0
SC_RS14245	SCO2442	SC_RS14245	2620174	2620881	-	protein_coding	core	708	0	0	0	0
SC_RS14250	SCO2443	SC_RS14250	2621091	2622488	+	protein_coding	core	1398	0	0	0	0
SC_RS14255	SCO2444	SC_RS14255	2622576	2624033	+	protein_coding	core	1458	0	0	0	0
SC_RS14260	SCO2445	SC_RS14260	2624026	2625402	+	protein_coding	core	1377	0	0	0	0
SC_RS14265	SCO2446	SC_RS14265	2625671	2629333	-	protein_coding	core	3663	1	0	0	1
SC_RS14270	SCO2447	SC_RS14270	2629560	2629973	+	protein_coding	core	414	1	0	0	1
SC_RS14275	SCO2448	SC_RS14275	2629970	2631634	+	protein_coding	core	1665	1	0	1	1
SC_RS14280	SCO2449	SC_RS14280	2631773	2632795	+	protein_coding	core	1023	3	0	0	3
SC_RS14285	SCO2450	SC_RS14285	2632795	2636844	+	protein_coding	core	4050	3	0	3	3
SC_RS14290	SCO2451	SC_RS14290	2637014	2638096	+	protein_coding	core	1083	2	1	0	2
SC_RS14295	SCO2452	SC_RS14295	2638132	2639559	+	protein_coding	core	1428	2	0	0	2
SC_RS14300	SCO2453	SC_RS14300	2639637	2639792	+	protein_coding	core	156	1	0	0	1
SC_RS14305	SCO2454	SC_RS14305	2640001	2642232	+	protein_coding	core	2232	2	1	0	2
SC_RS14310	SCO2455	SC_RS14310	2642344	2643939	-	protein_coding	core	1596	2	0	1	2
SC_RS14315	SCO2456	SC_RS14315	2644019	2644459	-	protein_coding	core	441	2	1	0	2
SC_RS14320	SCO2457	SC_RS14320	2644511	2644906	-	protein_coding	core	396	2	0	1	2
SC_RS14325	SCO2458	SC_RS14325	2644903	2645421	-	protein_coding	core	519	2	0	0	2
SC_RS14330	SCO2459	SC_RS14330	2645607	2646071	+	protein_coding	core	465	1	0	0	1
SC_RS14335	SCO2460	SC_RS14335	2646222	2646650	-	protein_coding	core	429	1	0	0	1
SC_RS14340	SCOt11	SC_RS14340	2646860	2646933	-	tRNA	core	74	1	0	0	1
SC_RS14345	SCOt12	SC_RS14345	2647132	2647204	-	tRNA	core	73	1	0	0	1
SC_RS14350	SCOt13	SC_RS14350	2647210	2647282	-	tRNA	core	73	1	0	0	1
SC_RS14355	SCO2461	SC_RS14355	2647432	2647737	+	protein_coding	core	306	1	0	0	1
SC_RS14360	SCO2462	SC_RS14360	2647782	2649230	+	protein_coding	core	1449	1	0	1	1
SC_RS14365	SCO2463	SC_RS14365	2649370	2651103	+	protein_coding	core	1734	1	0	0	1
SC_RS14370	SCO2464	SC_RS14370	2651103	2653031	+	protein_coding	core	1929	0	0	0	0
SC_RS14375	SCO2465	SC_RS14375	2653137	2654327	-	protein_coding	core	1191	0	0	0	0
SC_RS14380	SCO2466	SC_RS14380	2654479	2655117	+	protein_coding	core	639	0	0	0	0
SC_RS14385	SCO2467	SC_RS14385	2655114	2656115	+	protein_coding	core	1002	1	0	0	1
SC_RS14390	SCO2468	dnaG	2656131	2658056	-	protein_coding	core	1926	1	0	1	1
SC_RS14395	SCO2469	SC_RS14395	2658086	2659351	-	protein_coding	core	1266	3	0	0	3
SC_RS14400	SCO2470	SC_RS14400	2659480	2660754	-	protein_coding	core	1275	3	0	1	3
SC_RS14405	SCO2471	SC_RS14405	2660813	2661652	-	protein_coding	core	840	2	0	1	2
SC_RS14410	SCO2472	SC_RS14410	2661818	2662504	+	protein_coding	core	687	2	1	0	2
SC_RS14415	SCO2473	SC_RS14415	2662608	2665067	+	protein_coding	core	2460	1	0	0	1
SC_RS14420	SCO2474	SC_RS14420	2665196	2666839	+	protein_coding	core	1644	2	0	0	2
SC_RS14425	SCO2475	SC_RS14425	2666940	2667869	+	protein_coding	core	930	2	0	1	2
SC_RS14430	SCO2476	SC_RS14430	2667818	2668561	-	protein_coding	core	744	2	0	1	2
SC_RS14435	SCO2477	SC_RS14435	2668624	2669391	-	protein_coding	core	768	2	0	0	2
SC_RS14440	SCO2478	SC_RS14440	2669524	2670156	-	protein_coding	core	633	1	0	0	1
SC_RS14445	SCO2479	SC_RS14445	2670321	2670863	+	protein_coding	core	543	1	0	0	1
SC_RS14450	SCO2480	SC_RS14450	2670982	2671614	+	protein_coding	core	633	0	0	0	0
SC_RS14455	SCO2481	SC_RS14455	2671552	2671941	-	protein_coding	core	390	0	0	0	0
SC_RS14460	SCO2482	SC_RS14460	2672049	2672984	+	protein_coding	core	936	0	0	0	0
SC_RS14465	SCO2483	SC_RS14465	2673003	2673713	+	protein_coding	core	711	1	0	0	1
SC_RS14470	SCO2484	SC_RS14470	2673716	2675029	+	protein_coding	core	1314	1	0	0	1
SC_RS14475	SCO2485	SC_RS14475	2675087	2675869	-	protein_coding	core	783	1	0	1	1
SC_RS14480	SCO2486	SC_RS14480	2676046	2677278	+	protein_coding	core	1233	1	0	0	1
SC_RS14485	SCO2487	nirB	2677278	2679893	+	protein_coding	core	2616	0	0	0	0
SC_RS14490	SCO2488	nirD	2679890	2680291	+	protein_coding	core	402	0	0	0	0
SC_RS14495	SCO2489	SC_RS14495	2680340	2680924	+	protein_coding	core	585	0	0	0	0
SC_RS14500	SCO2490	SC_RS14500	2681005	2681772	+	protein_coding	core	768	0	0	0	0
SC_RS14505	SCO2491	SC_RS14505	2681817	2682749	-	protein_coding	core	933	0	0	0	0
SC_RS14510	SCO2492	SC_RS14510	2682933	2683406	+	protein_coding	core	474	0	0	0	0
SC_RS14515	SCO2493	SC_RS14515	2683469	2684677	-	protein_coding	core	1209	0	0	0	0
SC_RS14520	SCO2494	ppdK	2684904	2687633	-	protein_coding	core	2730	0	0	0	0
SC_RS14525	SCO2495	SC_RS14525	2688116	2689894	+	protein_coding	core	1779	0	0	0	0
SC_RS14530	SCO2496	SC_RS14530	2690016	2690456	+	protein_coding	core	441	0	0	0	0
SC_RS14535	SCO2497	dusB	2690476	2691696	-	protein_coding	core	1221	0	0	0	0
SC_RS14540	SCO2498	SC_RS14540	2691805	2693250	+	protein_coding	core	1446	0	0	0	0
SC_RS14545	SCO2499	SC_RS14545	2693290	2697708	-	protein_coding	core	4419	1	0	1	1
SC_RS14550		SC_RS14550	2697718	2698566	-	protein_coding	core	849	1	0	0	1
SC_RS14555	SCO2501	SC_RS14555	2698679	2699575	-	protein_coding	core	897	1	0	0	1
SC_RS14560	SCO2502	SC_RS14560	2699686	2701119	+	protein_coding	core	1434	1	0	0	1
SC_RS14565	SCO2503	SC_RS14565	2701242	2702318	+	protein_coding	core	1077	0	0	0	0
SC_RS14570	SCO2504	SC_RS14570	2702461	2703843	-	protein_coding	core	1383	0	0	0	0
SC_RS14575	SCO2505	SC_RS14575	2704004	2704990	+	protein_coding	core	987	0	0	0	0
SC_RS14580	SCO2506	SC_RS14580	2705052	2705822	+	protein_coding	core	771	0	0	0	0
SC_RS14585	SCO2507	SC_RS14585	2705836	2706738	+	protein_coding	core	903	0	0	0	0
SC_RS14590	SCO2508	SC_RS14590	2706801	2707220	+	protein_coding	core	420	0	0	0	0
SC_RS14595	SCO2509	SC_RS14595	2707331	2708164	-	protein_coding	core	834	0	0	0	0
SC_RS14600	SCO2510	recO	2708177	2708923	-	protein_coding	core	747	0	0	0	0
SC_RS14605	SCO2511	SC_RS14605	2708946	2709167	-	protein_coding	core	222	0	0	0	0
SC_RS14610	SCO2512	SC_RS14610	2709164	2709370	-	protein_coding	core	207	0	0	0	0
SC_RS14615	SCO2513	SC_RS14615	2709485	2710318	+	protein_coding	core	834	0	0	0	0
SC_RS14620	SCO2514	SC_RS14620	2710300	2710590	+	protein_coding	core	291	0	0	0	0
SC_RS14625	SCO2515	SC_RS14625	2710619	2711158	+	protein_coding	core	540	0	0	0	0
SC_RS14630	SCO2516	SC_RS14630	2711253	2712752	+	protein_coding	core	1500	0	0	0	0
SC_RS14635	SCO2517	SC_RS14635	2712740	2713435	-	protein_coding	core	696	0	0	0	0
SC_RS14640	SCO2518	SC_RS14640	2713432	2714709	-	protein_coding	core	1278	0	0	0	0
SC_RS14645	SCO2519	SC_RS14645	2714777	2716855	-	protein_coding	core	2079	0	0	0	0
SC_RS14650	SCO2520	SC_RS14650	2717003	2718136	-	protein_coding	core	1134	0	0	0	0
SC_RS14655	SCO2521	SC_RS14655	2718235	2719215	-	protein_coding	core	981	0	0	0	0
SC_RS14660	SCO2522	SC_RS14660	2719217	2720182	-	protein_coding	core	966	0	0	0	0
SC_RS14665	SCO2523	SC_RS14665	2720179	2721096	-	protein_coding	core	918	0	0	0	0
SC_RS14670	SCO2524	SC_RS14670	2721099	2722943	-	protein_coding	core	1845	0	0	0	0
SC_RS14675	SCO2525	SC_RS14675	2723027	2723800	-	protein_coding	core	774	0	0	0	0
SC_RS14680	SCO2526	SC_RS14680	2724049	2724603	+	protein_coding	core	555	1	0	0	1
SC_RS14685	SCO2527	SC_RS14685	2724600	2725295	-	protein_coding	core	696	1	0	0	1
SC_RS14690	SCO2528	leuA	2725480	2727201	-	protein_coding	core	1722	2	0	1	2
SC_RS14695	SCO2529	SC_RS14695	2727564	2728634	+	protein_coding	core	1071	2	0	1	2
SC_RS14700	SCO2530	SC_RS14700	2728656	2728922	+	protein_coding	core	267	1	0	0	1
SC_RS14705	SCO2531	SC_RS14705	2728980	2730326	+	protein_coding	core	1347	1	0	0	1
SC_RS14710	SCO2532	SC_RS14710	2730432	2731511	+	protein_coding	core	1080	0	0	0	0
SC_RS14715	SCO2533	ybeY	2731524	2732021	+	protein_coding	core	498	0	0	0	0
SC_RS14720	SCO2534	SC_RS14720	2732018	2733322	+	protein_coding	core	1305	0	0	0	0
SC_RS14725	SCO2535	SC_RS14725	2733319	2733693	+	protein_coding	core	375	0	0	0	0
SC_RS14730	SCO2536	SC_RS14730	2733655	2735148	-	protein_coding	core	1494	0	0	0	0
SC_RS14735	SCO2537	SC_RS14735	2735252	2736145	+	protein_coding	core	894	2	0	0	2
SC_RS14740	SCO2538	SC_RS14740	2736184	2736540	+	protein_coding	core	357	2	0	0	2
SC_RS14745	SCO2539	era	2736606	2737559	+	protein_coding	core	954	3	0	0	3
SC_RS14750	SCO2540	SC_RS14750	2737582	2738718	-	protein_coding	core	1137	3	1	2	3
SC_RS14755	SCO2541	SC_RS14755	2738852	2740222	-	protein_coding	core	1371	3	0	1	3
SC_RS14760	SCO2542	SC_RS14760	2740287	2741582	-	protein_coding	core	1296	2	0	0	2
SC_RS14765	SCO2543	SC_RS14765	2741579	2742547	-	protein_coding	core	969	1	0	0	1
SC_RS14770	SCO2544	SC_RS14770	2742662	2743459	+	protein_coding	core	798	2	0	1	2
SC_RS14775	SCO2545	SC_RS14775	2743633	2744982	+	protein_coding	core	1350	2	1	1	2
SC_RS14780	SCO2546	SC_RS14780	2745002	2746000	-	protein_coding	core	999	3	0	0	3
SC_RS14785	SCO2547	SC_RS14785	2746021	2746926	-	protein_coding	core	906	2	1	0	2
SC_RS14790	SCO2548	SC_RS14790	2746955	2747308	-	protein_coding	core	354	1	0	1	1
SC_RS14795	SCO2549	SC_RS14795	2747664	2750867	-	protein_coding	core	3204	2	1	0	2
SC_RS14800	SCO2550	SC_RS14800	2750935	2751423	-	protein_coding	core	489	1	0	1	1
SC_RS14805	SCO2551	SC_RS14805	2751523	2751900	+	protein_coding	core	378	2	1	0	2
SC_RS14810	SCO2552	SC_RS14810	2751941	2752690	-	protein_coding	core	750	2	0	0	2
SC_RS14815	SCO2553	SC_RS14815	2752687	2753781	-	protein_coding	core	1095	2	0	1	2
SC_RS14820	SCO2554	dnaJ	2753870	2755006	-	protein_coding	core	1137	2	0	0	2
SC_RS14825	SCO2555	hrcA	2755007	2756023	-	protein_coding	core	1017	2	0	0	2
SC_RS14830	SCO2556	SC_RS14830	2756208	2756951	+	protein_coding	core	744	1	0	1	1
SC_RS14835	SCO2557	SC_RS14835	2756986	2757810	+	protein_coding	core	825	1	1	0	1
SC_RS14840	SCO2558	SC_RS14840	2757788	2758378	-	protein_coding	core	591	1	0	0	1
SC_RS14845	SCO2559	hemW	2758482	2759714	-	protein_coding	core	1233	1	0	0	1
SC_RS14850	SCO2560	SC_RS14850	2759799	2762177	-	protein_coding	core	2379	0	0	0	0
SC_RS14855	SCO2561	SC_RS14855	2762403	2764280	-	protein_coding	core	1878	0	0	0	0
SC_RS14860	SCO2562	lepA	2764588	2766456	-	protein_coding	core	1869	1	0	0	1
SC_RS14865	SCO2563	rpsT	2766694	2766960	+	protein_coding	core	267	1	0	0	1
SC_RS14870	SCO2564	holA	2767268	2768257	-	protein_coding	core	990	1	1	0	1
SC_RS14875	SCO2565	SC_RS14875	2768323	2768568	-	protein_coding	core	246	1	0	1	1
SC_RS14880	SCO2566	SC_RS14880	2768600	2769481	-	protein_coding	core	882	2	0	0	2
SC_RS14885	SCO2567	SC_RS14885	2769878	2772445	-	protein_coding	core	2568	2	0	1	2
SC_RS14890	SCO2568	SC_RS14890	2772442	2773509	-	protein_coding	core	1068	1	0	0	1
SC_RS14895	SCO2569	SC_RS14895	2773654	2774499	-	protein_coding	core	846	0	0	0	0
SC_RS14900	SCO2570	SC_RS14900	2774591	2775367	-	protein_coding	core	777	0	0	0	0
SC_RS14905	SCO2571	leuS	2775536	2778436	-	protein_coding	core	2901	0	0	0	0
SC_RS14910	SCO2572	SC_RS14910	2778973	2780259	+	protein_coding	core	1287	1	0	0	1
SC_RS14915	SCO2573	SC_RS14915	2780256	2781866	+	protein_coding	core	1611	1	0	1	1
SC_RS14920	SCOt14	SC_RS14920	2781922	2781994	-	tRNA	core	73	1	0	0	1
SC_RS14925	SCO2574	SC_RS14925	2782151	2782384	-	protein_coding	core	234	1	0	0	1
SC_RS14930	SCOt15	SC_RS14930	2782763	2782835	-	tRNA	core	73	1	0	0	1
SC_RS14935	SCO2576	SC_RS14935	2782944	2783615	-	protein_coding	core	672	1	0	0	1
SC_RS14940	SCO2577	rsfS	2783612	2784058	-	protein_coding	core	447	0	0	0	0
SC_RS14945	SCO2578	pdtA	2784151	2785929	-	protein_coding	core	1779	0	0	0	0
SC_RS14950	SCO2579	nadD	2785946	2786662	-	protein_coding	core	717	2	0	0	2
SC_RS14955	SCO2580	SC_RS14955	2786722	2786889	-	protein_coding	core	168	2	0	0	2
SC_RS14960	SCO2581	SC_RS14960	2786987	2787148	-	protein_coding	core	162	2	0	0	2
SC_RS14965	SCO2582	SC_RS14965	2787290	2788498	+	protein_coding	core	1209	2	0	0	2
SC_RS14970	SCO2583	SC_RS14970	2788512	2789582	-	protein_coding	core	1071	2	0	2	2
SC_RS14975	SCO2584	SC_RS14975	2789669	2790238	-	protein_coding	core	570	2	0	0	2
SC_RS14980	SCO2585	SC_RS14980	2790362	2791648	-	protein_coding	core	1287	4	0	0	4+
SC_RS14985	SCO2586	SC_RS14985	2791720	2792250	-	protein_coding	core	531	2	0	0	2
SC_RS14990	SCO2587	proB	2792386	2793510	-	protein_coding	core	1125	2	1	1	2
SC_RS14995	SCO2588	SC_RS14995	2794753	2796912	+	protein_coding	core	2160	2	0	0	2
SC_RS15000	SCO2589	SC_RS15000	2797141	2799372	+	protein_coding	core	2232	1	0	0	1
SC_RS15005	SCO2590	SC_RS15005	2799396	2802989	+	protein_coding	core	3594	1	0	1	1
SC_RS15010	SCO2591	SC_RS15010	2803160	2804890	+	protein_coding	core	1731	0	0	0	0
SC_RS15015	SCO2592	SC_RS15015	2804967	2807795	-	protein_coding	core	2829	0	0	0	0
SC_RS15020	SCO2593	SC_RS15020	2807802	2808791	-	protein_coding	core	990	0	0	0	0
SC_RS15025	SCO2594	SC_RS15025	2808791	2810599	-	protein_coding	core	1809	0	0	0	0
SC_RS15030	SCO2595	obgE	2810811	2812247	-	protein_coding	core	1437	0	0	0	0
SC_RS15035	SCO2596	rpmA	2812358	2812612	-	protein_coding	core	255	0	0	0	0
SC_RS15040	SCO2597	rplU	2812627	2812947	-	protein_coding	core	321	0	0	0	0
SC_RS15045	SCO2598	SC_RS15045	2813146	2814207	-	protein_coding	core	1062	0	0	0	0
SC_RS15050		SC_RS15050	2814360	2816684	-	protein_coding	core	2325	0	0	0	0
SC_RS15055	SCO2600	SC_RS15055	2818657	2819433	-	protein_coding	core	777	0	0	0	0
SC_RS15060	SCO2601	SC_RS15060	2819482	2820558	-	protein_coding	core	1077	0	0	0	0
SC_RS15065	SCO2602	SC_RS15065	2820608	2822731	-	protein_coding	core	2124	0	0	0	0
SC_RS15070		SC_RS15070	2822937	2823083	+	protein_coding	core	147	0	0	0	0
SC_RS15075		SC_RS15075	2823266	2823451	-	protein_coding	core	186	0	0	0	0
SC_RS15080	SCO2603	SC_RS15080	2823656	2825212	+	protein_coding	core	1557	0	0	0	0
SC_RS15085	SCO2604	SC_RS15085	2825348	2826283	-	protein_coding	core	936	0	0	0	0
SC_RS15090	SCO2605	SC_RS15090	2826447	2827148	+	protein_coding	core	702	1	0	0	1
SC_RS15095		SC_RS15095	2827188	2827373	-	protein_coding	core	186	1	0	0	1
SC_RS15100	SCO2606	SC_RS15100	2827396	2829345	-	protein_coding	core	1950	1	0	1	1
SC_RS15105	SCO2607	rodA	2829460	2830656	-	protein_coding	core	1197	1	0	0	1
SC_RS15110	SCO2608	mrdA	2830653	2832962	-	protein_coding	core	2310	1	0	0	1
SC_RS15115	SCO2609	mreD	2833015	2833686	-	protein_coding	core	672	0	0	0	0
SC_RS15120	SCO2610	mreC	2833700	2834725	-	protein_coding	core	1026	0	0	0	0
SC_RS15125	SCO2611	SC_RS15125	2834908	2835927	-	protein_coding	core	1020	0	0	0	0
SC_RS15130	SCO2612	ndk	2836247	2836660	-	protein_coding	core	414	1	0	0	1
SC_RS15135	SCO2613	SC_RS15135	2836785	2837141	-	protein_coding	core	357	1	0	0	1
SC_RS15140	SCO2614	folC	2837148	2838671	-	protein_coding	core	1524	1	0	1	1
SC_RS15145	SCO2615	SC_RS15145	2838957	2841581	-	protein_coding	core	2625	1	0	0	1
SC_RS15150	SCO2616	SC_RS15150	2841719	2842726	+	protein_coding	core	1008	0	0	0	0
SC_RS15155	SCO2617	clpX	2842798	2844084	-	protein_coding	core	1287	0	0	0	0
SC_RS15160	SCO2618	SC_RS15160	2844276	2844986	-	protein_coding	core	711	0	0	0	0
SC_RS15165	SCO2619	SC_RS15165	2845037	2845642	-	protein_coding	core	606	0	0	0	0
SC_RS15170	SCO2620	tig	2846000	2847406	-	protein_coding	core	1407	1	1	0	1
SC_RS15175	SCOt16	SC_RS15175	2847576	2847652	-	tRNA	core	77	1	1	0	1
SC_RS15180	SCOt17	SC_RS15180	2847816	2847886	+	tRNA	core	71	1	1	0	1
SC_RS15185	SCO2621	SC_RS15185	2847983	2848177	-	protein_coding	core	195	1	0	0	1
SC_RS15190	SCO2622	SC_RS15190	2848812	2849981	+	protein_coding	core	1170	2	0	0	2
SC_RS15195	SCO2623	SC_RS15195	2849992	2850486	-	protein_coding	core	495	1	1	0	1
SC_RS15200	SCO2624	SC_RS15200	2850510	2851697	-	protein_coding	core	1188	1	0	1	1
SC_RS15205	SCO2625	SC_RS15205	2851911	2853152	+	protein_coding	core	1242	1	0	0	1
SC_RS15210	SCO2626	SC_RS15210	2853163	2854005	-	protein_coding	core	843	0	0	0	0
SC_RS15215	SCO2627	SC_RS15215	2854112	2854597	-	protein_coding	core	486	0	0	0	0
SC_RS15225	SCO2630	SC_RS15225	2856329	2856910	-	protein_coding	core	582	0	0	0	0
SC_RS15230	SCO2631	SC_RS15230	2857300	2858685	+	protein_coding	core	1386	0	0	0	0
SC_RS15235	SCO2632	SC_RS15235	2858981	2859937	+	protein_coding	core	957	0	0	0	0
SC_RS15240	SCO2633	SC_RS15240	2860089	2860730	+	protein_coding	core	642	0	0	0	0
SC_RS15245	SCO2634	SC_RS15245	2860846	2861484	-	protein_coding	core	639	0	0	0	0
SC_RS15250	SCO2635	pepN	2861630	2864203	+	protein_coding	core	2574	0	0	0	0
SC_RS15255	SCO2636	SC_RS15255	2864527	2865597	+	protein_coding	core	1071	0	0	0	0
SC_RS15260	SCO2637	SC_RS15260	2865913	2869209	+	protein_coding	core	3297	0	0	0	0
SC_RS15265	SCO2638	SC_RS15265	2869281	2870030	-	protein_coding	core	750	0	0	0	0
SC_RS15270	SCO2639	SC_RS15270	2870032	2870568	-	protein_coding	core	537	0	0	0	0
SC_RS15275	SCO2640	SC_RS15275	2870836	2871858	+	protein_coding	core	1023	0	0	0	0
SC_RS15280	SCO2641	SC_RS15280	2871981	2873168	+	protein_coding	core	1188	0	0	0	0
SC_RS15285	SCO2642	SC_RS15285	2873181	2873657	-	protein_coding	core	477	0	0	0	0
SC_RS15290	SCO2643	pepN	2873770	2876343	+	protein_coding	core	2574	1	0	0	1
SC_RS15295	SCO2644	SC_RS15295	2876450	2877352	-	protein_coding	core	903	1	0	1	1
SC_RS15300	SCO2645	SC_RS15300	2877382	2878338	-	protein_coding	core	957	2	0	0	2
SC_RS15305	SCO2646	SC_RS15305	2878372	2879334	-	protein_coding	core	963	2	0	0	2
SC_RS15310	SCO2647	SC_RS15310	2879447	2879965	+	protein_coding	core	519	1	0	1	1
SC_RS15315	SCO2648	SC_RS15315	2880082	2880369	-	protein_coding	core	288	1	0	0	1
SC_RS15320	SCO2649	malQ	2880455	2882590	-	protein_coding	core	2136	1	0	0	1
SC_RS15325	SCO2650	SC_RS15325	2882600	2882911	-	protein_coding	core	312	1	0	0	1
SC_RS15330	SCO2651	SC_RS15330	2883219	2883956	-	protein_coding	core	738	1	0	0	1
SC_RS15335	SCO2652	SC_RS15335	2884084	2884518	+	protein_coding	core	435	1	0	0	1
SC_RS15340	SCO2653	SC_RS15340	2884761	2885426	+	protein_coding	core	666	1	0	1	1
SC_RS15345	SCO2654	SC_RS15345	2885483	2886067	+	protein_coding	core	585	1	0	0	1
SC_RS15350	SCO2655	SC_RS15350	2886105	2886641	-	protein_coding	core	537	1	0	0	1
SC_RS15355	SCO2656	SC_RS15355	2886898	2888085	+	protein_coding	core	1188	2	0	0	2
SC_RS15360	SCO2657	SC_RS15360	2888309	2889526	+	protein_coding	core	1218	2	0	2	2
SC_RS15365	SCO2658	SC_RS15365	2889601	2890938	+	protein_coding	core	1338	2	1	0	2
SC_RS15370	SCO2659	SC_RS15370	2890945	2891889	+	protein_coding	core	945	2	0	0	2
SC_RS15375	SCO2660	SC_RS15375	2891886	2892797	+	protein_coding	core	912	0	0	0	0
SC_RS15380	SCO2661	SC_RS15380	2892805	2894070	+	protein_coding	core	1266	0	0	0	0
SC_RS15385	SCO2662	SC_RS15385	2894061	2895032	+	protein_coding	core	972	0	0	0	0
SC_RS15390	SCO2663	SC_RS15390	2895187	2896551	+	protein_coding	core	1365	1	0	0	1
SC_RS15395	SCO2664	SC_RS15395	2896634	2897692	+	protein_coding	core	1059	1	0	1	1
SC_RS15400	SCO2665	SC_RS15400	2897763	2899097	+	protein_coding	core	1335	1	1	0	1
SC_RS15405		SC_RS15405	2899220	2899537	-	protein_coding	core	318	1	0	0	1
SC_RS15410	SCO2666	SC_RS15410	2899581	2901884	+	protein_coding	core	2304	0	0	0	0
SC_RS15415	SCO2667	SC_RS15415	2901888	2903336	+	protein_coding	core	1449	0	0	0	0
SC_RS15420	SCO2668	SC_RS15420	2903451	2904797	+	protein_coding	core	1347	1	0	0	1
SC_RS15425	SCO2669	SC_RS15425	2904844	2906658	+	protein_coding	core	1815	1	0	1	1
SC_RS15430	SCO2670	SC_RS15430	2906677	2907651	-	protein_coding	core	975	1	0	0	1
SC_RS15435	SCO2671	SC_RS15435	2907738	2908151	+	protein_coding	core	414	1	0	0	1
SC_RS15440	SCO2672	SC_RS15440	2908387	2911707	+	protein_coding	core	3321	2	0	1	2
SC_RS15445	SCO2673	SC_RS15445	2911847	2914579	+	protein_coding	core	2733	3	1	1	3
SC_RS15450	SCO2674	SC_RS15450	2914632	2915591	+	protein_coding	core	960	2	0	1	2
SC_RS15455	SCO2675	SC_RS15455	2915616	2916338	-	protein_coding	core	723	1	0	0	1
SC_RS15460	SCO2676	SC_RS15460	2916335	2916745	-	protein_coding	core	411	2	0	0	2
SC_RS15465	SCO2677	ettA	2916748	2918412	-	protein_coding	core	1665	3	1	0	3
SC_RS15470	SCO2678	SC_RS15470	2918653	2919168	+	protein_coding	core	516	2	0	2	2
SC_RS15475	SCO2679	SC_RS15475	2919307	2919672	-	protein_coding	core	366	2	0	0	2
SC_RS15480	SCO2680	SC_RS15480	2920040	2920627	+	protein_coding	core	588	2	0	0	2
SC_RS15485	SCO2681	fxsT	2920569	2922815	+	protein_coding	core	2247	2	0	0	2
SC_RS15490	SCO2682	SC_RS15490	2922880	2924292	-	protein_coding	core	1413	0	0	0	0
SC_RS15495	SCO2683	SC_RS15495	2924515	2924985	-	protein_coding	core	471	1	0	0	1
SC_RS15500	SCO2684	SC_RS15500	2925258	2927738	-	protein_coding	core	2481	4	2	1	4+
SC_RS15505	SCO2685	SC_RS15505	2927742	2929349	-	protein_coding	core	1608	4	0	3	4+
SC_RS15510	SCOt18	SC_RS15510	2929681	2929753	+	tRNA	core	73	3	0	0	3
SC_RS15515	SCO2686	SC_RS15515	2929823	2930719	-	protein_coding	core	897	3	0	0	3
SC_RS15520		SC_RS15520	2930984	2931145	+	protein_coding	core	162	0	0	0	0
SC_RS15525	SCO2687	SC_RS15525	2931148	2931792	+	protein_coding	core	645	0	0	0	0
SC_RS15530	SCO2688	ribD	2931848	2932993	+	protein_coding	core	1146	1	0	0	1
SC_RS15535	SCO2689	SC_RS15535	2932990	2934117	+	protein_coding	core	1128	2	0	0	2
SC_RS15540	SCO2690	SC_RS15540	2934114	2935478	+	protein_coding	core	1365	2	0	2	2
SC_RS15545	SCO2691	SC_RS15545	2935475	2936632	+	protein_coding	core	1158	2	1	0	2
SC_RS15550	SCO2692	SC_RS15550	2936812	2938692	+	protein_coding	core	1881	1	0	0	1
SC_RS15555	SCO2693	SC_RS15555	2938689	2939690	+	protein_coding	core	1002	0	0	0	0
SC_RS15560	SCO2694	SC_RS15560	2939719	2940261	+	protein_coding	core	543	1	0	0	1
SC_RS15565	SCO2695	SC_RS15565	2940382	2941152	+	protein_coding	core	771	1	0	0	1
SC_RS15570	SCO2696	SC_RS15570	2941209	2942201	+	protein_coding	core	993	1	0	1	1
SC_RS15575	SCO2697	SC_RS15575	2942208	2942786	-	protein_coding	core	579	1	0	0	1
SC_RS15580	SCO2699	chpF	2943092	2943364	+	protein_coding	core	273	2	0	0	2
SC_RS15585	SCO2700	SC_RS15585	2943456	2944322	-	protein_coding	core	867	3	0	0	3
SC_RS15590	SCO2701	SC_RS15590	2944306	2944875	-	protein_coding	core	570	2	1	0	2
SC_RS15595	SCO2702	SC_RS15595	2944995	2945510	-	protein_coding	core	516	2	0	1	2
SC_RS15600	SCO2703	SC_RS15600	2945615	2945917	-	protein_coding	core	303	2	1	0	2
SC_RS15605	SCO2704	SC_RS15605	2946094	2946828	-	protein_coding	core	735	2	0	1	2
SC_RS15610	SCO2705	chpG	2947104	2947343	-	protein_coding	core	240	2	0	0	2
SC_RS15615	SCO2706	SC_RS15615	2947584	2948894	+	protein_coding	core	1311	1	0	0	1
SC_RS15620	SCO2707	SC_RS15620	2948891	2950345	+	protein_coding	core	1455	0	0	0	0
SC_RS15625	SCO2708	SC_RS15625	2950351	2951667	+	protein_coding	core	1317	0	0	0	0
SC_RS15630	SCO2709	murJ	2951811	2953604	+	protein_coding	core	1794	0	0	0	0
SC_RS15635	SCO2710	SC_RS15635	2953648	2954337	+	protein_coding	core	690	0	0	0	0
SC_RS15640	SCO2711	SC_RS15640	2954348	2955550	+	protein_coding	core	1203	0	0	0	0
SC_RS15645	SCO2712	SC_RS15645	2955547	2956266	+	protein_coding	core	720	0	0	0	0
SC_RS15650	SCO2713	SC_RS15650	2956263	2957411	+	protein_coding	core	1149	0	0	0	0
SC_RS15655	SCO2714	SC_RS15655	2957449	2958636	-	protein_coding	core	1188	0	0	0	0
SC_RS15660	SCO2715	SC_RS15660	2958781	2960079	+	protein_coding	core	1299	1	0	0	1
SC_RS15665	SCO2716	chpA	2960170	2960952	-	protein_coding	core	783	1	1	0	1
SC_RS15670	SCO2717	chpD	2961104	2961331	-	protein_coding	core	228	1	0	0	1
SC_RS15675	SCO2718	rdlA	2961619	2962014	-	protein_coding	core	396	1	0	0	1
SC_RS15680	SCO2719	rdlB	2962277	2962678	+	protein_coding	core	402	2	0	0	2
SC_RS15685	SCO2720	SC_RS15685	2962767	2964695	-	protein_coding	core	1929	2	0	1	2
SC_RS15690	SCO2721	SC_RS15690	2964860	2966458	-	protein_coding	core	1599	1	0	0	1
SC_RS15695	SCO2722	SC_RS15695	2966690	2967589	-	protein_coding	core	900	0	0	0	0
SC_RS15700	SCO2723	SC_RS15700	2967586	2970237	-	protein_coding	core	2652	1	0	0	1
SC_RS15705	SCO2724	SC_RS15705	2970454	2971884	-	protein_coding	core	1431	1	0	1	1
SC_RS15710	SCO2725	SC_RS15710	2972229	2973086	+	protein_coding	core	858	1	0	0	1
SC_RS15715	SCO2726	mmsA	2973144	2974646	-	protein_coding	core	1503	1	0	0	1
SC_RS15720		SC_RS15720	2974661	2974783	-	protein_coding	core	123	0	0	0	0
SC_RS15725		SC_RS15725	2975426	2975617	+	protein_coding	core	192	0	0	0	0
SC_RS15730	SCO2729	SC_RS15730	2975713	2976312	+	protein_coding	core	600	0	0	0	0
SC_RS15735	SCO2730	SC_RS15735	2976388	2976630	+	protein_coding	core	243	0	0	0	0
SC_RS15740	SCO2731	SC_RS15740	2976666	2978948	+	protein_coding	core	2283	0	0	0	0
SC_RS15745	SCO2732	SC_RS15745	2978987	2979586	-	protein_coding	core	600	0	0	0	0
SC_RS15750	SCO2733	SC_RS15750	2979583	2980422	-	protein_coding	core	840	0	0	0	0
SC_RS15755	SCO2734	SC_RS15755	2980555	2981592	+	protein_coding	core	1038	0	0	0	0
SC_RS15760	SCO2735	SC_RS15760	2981644	2982126	+	protein_coding	core	483	0	0	0	0
SC_RS15765	SCO2736	SC_RS15765	2982769	2984058	-	protein_coding	core	1290	0	0	0	0
SC_RS15770	SCO2737	recD2	2984296	2986557	-	protein_coding	core	2262	0	0	0	0
SC_RS15775	SCO2738	SC_RS15775	2986705	2986902	-	protein_coding	core	198	0	0	0	0
SC_RS15780	SCO2739	SC_RS15780	2986899	2987087	-	protein_coding	core	189	0	0	0	0
SC_RS15790	SCO2741	SC_RS15790	2987658	2988134	+	protein_coding	core	477	0	0	0	0
SC_RS15795	SCO2742	SC_RS15795	2988198	2989145	-	protein_coding	core	948	0	0	0	0
SC_RS15800	SCO2743	SC_RS15800	2989276	2989761	+	protein_coding	core	486	0	0	0	0
SC_RS15805	SCO2744	SC_RS15805	2989772	2990122	-	protein_coding	core	351	0	0	0	0
SC_RS15810	SCO2745	SC_RS15810	2990408	2991451	+	protein_coding	core	1044	0	0	0	0
SC_RS15815	SCO2746	SC_RS15815	2991448	2993001	+	protein_coding	core	1554	0	0	0	0
SC_RS15820	SCO2747	SC_RS15820	2992991	2994946	+	protein_coding	core	1956	0	0	0	0
SC_RS15825	SCO2748	SC_RS15825	2994994	2995914	+	protein_coding	core	921	1	0	0	1
SC_RS15830	SCO2749	rbsD	2995911	2996300	+	protein_coding	core	390	1	0	0	1
SC_RS15835	SCO2750	SC_RS15835	2996489	2997352	-	protein_coding	core	864	2	1	0	2
SC_RS15840	SCO2751	SC_RS15840	2997349	2998515	-	protein_coding	core	1167	3	1	1	3
SC_RS15845	SCO2752	SC_RS15845	2998512	2999663	-	protein_coding	core	1152	4	1	1	4+
SC_RS15850	SCO2753	SC_RS15850	2999879	3000925	+	protein_coding	core	1047	3	0	2	3
SC_RS15855	SCO2754	SC_RS15855	3001131	3001931	+	protein_coding	core	801	2	1	0	2
SC_RS15860	SCO2755	SC_RS15860	3001915	3002577	-	protein_coding	core	663	2	0	0	2
SC_RS15865	SCO2756	SC_RS15865	3002574	3003509	-	protein_coding	core	936	1	0	0	1
SC_RS15870	SCO2757	SC_RS15870	3003658	3004599	+	protein_coding	core	942	0	0	0	0
SC_RS15875	SCO2758	SC_RS15875	3004794	3006641	+	protein_coding	core	1848	0	0	0	0
SC_RS15880	SCO2759	SC_RS15880	3006815	3008032	-	protein_coding	core	1218	0	0	0	0
SC_RS15885	SCO2760	SC_RS15885	3008299	3008949	+	protein_coding	core	651	0	0	0	0
SC_RS15890	SCO2761	SC_RS15890	3008987	3010411	-	protein_coding	core	1425	0	0	0	0
SC_RS15895	SCO2762	SC_RS15895	3010475	3010867	-	protein_coding	core	393	1	0	0	1
SC_RS15900	SCO2763	SC_RS15900	3010977	3014708	-	protein_coding	core	3732	3	0	2	3
SC_RS15905	SCO2764	SC_RS15905	3014808	3015806	-	protein_coding	core	999	3	1	0	3
SC_RS15910	SCO2765	SC_RS15910	3015897	3016268	+	protein_coding	core	372	1	0	1	1
SC_RS15915	SCO2766	SC_RS15915	3016395	3017255	+	protein_coding	core	861	1	1	0	1
SC_RS15920	SCO2767	SC_RS15920	3017260	3019491	-	protein_coding	core	2232	1	0	0	1
SC_RS15925	SCO2768	SC_RS15925	3019488	3019907	-	protein_coding	core	420	0	0	0	0
SC_RS15930	SCO2769	SC_RS15930	3019967	3021661	-	protein_coding	core	1695	0	0	0	0
SC_RS15935	SCO2770	speB	3021658	3022626	-	protein_coding	core	969	2	0	0	2
SC_RS15940	SCO2771	SC_RS15940	3022836	3023624	+	protein_coding	core	789	2	0	0	2
SC_RS15945	SCO2772	SC_RS15945	3023634	3024614	-	protein_coding	core	981	2	0	2	2
SC_RS15950	SCO2773	SC_RS15950	3024620	3025492	-	protein_coding	core	873	2	0	0	2
SC_RS15955	SCO2774	SC_RS15955	3025503	3026660	-	protein_coding	core	1158	2	0	0	2
SC_RS15960	SCO2775	SC_RS15960	3026790	3027416	-	protein_coding	core	627	1	0	0	1
SC_RS15965	SCO2776	SC_RS15965	3027514	3029130	+	protein_coding	core	1617	1	0	1	1
SC_RS15970	SCO2777	SC_RS15970	3029169	3031109	+	protein_coding	core	1941	1	1	0	1
SC_RS15975	SCO2778	SC_RS15975	3031106	3032059	+	protein_coding	core	954	0	0	0	0
SC_RS15980	SCO2779	SC_RS15980	3032065	3033225	+	protein_coding	core	1161	0	0	0	0
SC_RS15985	SCO2780	desE	3033355	3034404	+	protein_coding	core	1050	0	0	0	0
SC_RS15990	SCO2781	SC_RS15990	3034632	3035477	+	protein_coding	core	846	1	0	0	1
SC_RS15995	SCO2782	desA	3035641	3037083	+	protein_coding	core	1443	1	0	1	1
SC_RS16000	SCO2783	SC_RS16000	3037067	3038347	+	protein_coding	core	1281	1	1	0	1
SC_RS16005	SCO2784	SC_RS16005	3038344	3038898	+	protein_coding	core	555	1	0	0	1
SC_RS16010	SCO2785	desD	3038895	3040682	+	protein_coding	core	1788	1	0	0	1
SC_RS16015	SCO2786	SC_RS16015	3040752	3042359	-	protein_coding	core	1608	0	0	0	0
SC_RS16020	SCO2787	SC_RS16020	3042474	3043370	+	protein_coding	core	897	0	0	0	0
SC_RS16025	SCO2788	SC_RS16025	3043459	3043716	+	protein_coding	core	258	0	0	0	0
SC_RS16030	SCO2789	glmS	3043786	3045603	+	protein_coding	core	1818	0	0	0	0
SC_RS16035	SCO2790	SC_RS16035	3045619	3046146	-	protein_coding	core	528	0	0	0	0
SC_RS16040		SC_RS16040	3046449	3046748	+	protein_coding	core	300	0	0	0	0
SC_RS16045	SCO2792	SC_RS16045	3047135	3048331	+	protein_coding	core	1197	0	0	0	0
SC_RS16050	SCO2793	orn	3048673	3049275	+	protein_coding	core	603	1	0	0	1
SC_RS16055	SCOt19	SC_RS16055	3049397	3049469	+	tRNA	core	73	2	0	0	2
SC_RS16060	SCO2794	SC_RS16060	3049837	3050892	-	protein_coding	core	1056	2	1	1	2
SC_RS16065	SCO2795	SC_RS16065	3051258	3052583	+	protein_coding	core	1326	2	1	1	2
SC_RS16070	SCO2796	SC_RS16070	3052589	3053602	+	protein_coding	core	1014	2	0	0	2
SC_RS16075	SCO2797	SC_RS16075	3053615	3054526	+	protein_coding	core	912	0	0	0	0
SC_RS16080	SCO2798	SC_RS16080	3054670	3056109	+	protein_coding	core	1440	1	0	0	1
SC_RS16085	SCO2799	SC_RS16085	3056184	3057653	-	protein_coding	core	1470	3	0	1	3
SC_RS16090	SCO2800	SC_RS16090	3057814	3059226	-	protein_coding	core	1413	3	1	1	3
SC_RS16095	SCO2801	SC_RS16095	3059223	3059927	-	protein_coding	core	705	3	0	1	3
SC_RS16100	SCO2802	SC_RS16100	3060047	3060619	+	protein_coding	core	573	2	0	0	2
SC_RS16105	SCO2803	SC_RS16105	3060648	3061517	-	protein_coding	core	870	1	0	0	1
SC_RS16110	SCO2804	SC_RS16110	3061566	3061946	-	protein_coding	core	381	0	0	0	0
SC_RS16115	SCO2805	SC_RS16115	3062230	3063669	+	protein_coding	core	1440	0	0	0	0
SC_RS16120	SCO2806	SC_RS16120	3063968	3064564	-	protein_coding	core	597	0	0	0	0
SC_RS16125	SCO2807	SC_RS16125	3064780	3065769	+	protein_coding	core	990	1	0	0	1
SC_RS16130	SCO2808	SC_RS16130	3065666	3066904	+	protein_coding	core	1239	2	0	0	2
SC_RS16135	SCO2809	SC_RS16135	3066895	3068574	+	protein_coding	core	1680	3	0	2	3
SC_RS16140	SCO2810	SC_RS16140	3068571	3069932	+	protein_coding	core	1362	3	0	1	3
SC_RS16145	SCO2811	SC_RS16145	3070230	3070556	-	protein_coding	core	327	1	0	0	1
SC_RS16150	SCO2812	SC_RS16150	3070648	3071898	+	protein_coding	core	1251	1	0	0	1
SC_RS16155	SCO2813	SC_RS16155	3071960	3072526	+	protein_coding	core	567	0	0	0	0
SC_RS16160	SCO2814	SC_RS16160	3072689	3073546	-	protein_coding	core	858	1	0	0	1
SC_RS16165	SCO2815	SC_RS16165	3073685	3074278	+	protein_coding	core	594	1	0	0	1
SC_RS16170	SCO2816	SC_RS16170	3074377	3075477	+	protein_coding	core	1101	1	0	1	1
SC_RS16175	SCO2817	SC_RS16175	3075453	3077357	-	protein_coding	core	1905	1	0	0	1
SC_RS16180	SCO2818	SC_RS16180	3077642	3078952	+	protein_coding	core	1311	0	0	0	0
SC_RS16185	SCOt20	SC_RS16185	3079125	3079198	-	tRNA	core	74	0	0	0	0
SC_RS16190	SCO2819	SC_RS16190	3079189	3079803	-	protein_coding	core	615	0	0	0	0
SC_RS16195	SCO2820	SC_RS16195	3079945	3080292	-	protein_coding	core	348	0	0	0	0
SC_RS16200	SCO2821	SC_RS16200	3080444	3082009	-	protein_coding	core	1566	1	0	0	1
SC_RS16205	SCO2822	SC_RS16205	3082430	3083161	-	protein_coding	core	732	2	0	1	2
SC_RS16210	SCO2823	SC_RS16210	3083158	3084060	-	protein_coding	core	903	2	0	0	2
SC_RS16215	SCO2824	SC_RS16215	3084248	3085231	+	protein_coding	core	984	2	0	1	2
SC_RS16220	SCO2825	SC_RS16220	3085268	3086671	+	protein_coding	core	1404	1	1	0	1
SC_RS16225	SCO2826	SC_RS16225	3086668	3087165	+	protein_coding	core	498	1	0	0	1
SC_RS16230	SCO2827	SC_RS16230	3087146	3087640	-	protein_coding	core	495	0	0	0	0
SC_RS16235	SCO2828	ehuB	3087748	3088677	+	protein_coding	core	930	0	0	0	0
SC_RS16240	SCO2829	ehuC	3088674	3089375	+	protein_coding	core	702	0	0	0	0
SC_RS16245	SCO2830	ehuD	3089372	3090022	+	protein_coding	core	651	1	0	0	1
SC_RS16250	SCO2831	ehuA	3090012	3090797	+	protein_coding	core	786	1	0	0	1
SC_RS16255	SCO2832	SC_RS16255	3090979	3091737	+	protein_coding	core	759	2	0	1	2
SC_RS16260	SCOt21	SC_RS16260	3091827	3091900	+	tRNA	core	74	2	1	0	2
SC_RS16265	SCO2833	SC_RS16265	3091946	3092551	-	protein_coding	core	606	2	0	0	2
SC_RS16270	SCO2834	SC_RS16270	3092672	3093823	-	protein_coding	core	1152	2	0	1	2
SC_RS16275	SCO2835	SC_RS16275	3093880	3094941	-	protein_coding	core	1062	1	0	0	1
SC_RS16280	SCOt22	SC_RS16280	3095139	3095212	+	tRNA	core	74	2	0	0	2
SC_RS16285	SCO2836	SC_RS16285	3095506	3097467	+	protein_coding	core	1962	2	0	1	2
SC_RS16290	SCO2837	SC_RS16290	3097464	3099401	+	protein_coding	core	1938	1	1	0	1
SC_RS16295	SCO2838	SC_RS16295	3099502	3100527	-	protein_coding	core	1026	0	0	0	0
SC_RS16300	SCO2839	SC_RS16300	3100609	3101196	-	protein_coding	core	588	1	0	0	1
SC_RS16305	SCO2840	SC_RS16305	3101313	3102206	+	protein_coding	core	894	2	0	0	2
SC_RS16310	SCO2841	SC_RS16310	3102196	3102936	-	protein_coding	core	741	2	0	1	2
SC_RS16315	SCO2842	SC_RS16315	3102939	3103493	-	protein_coding	core	555	2	1	0	2
SC_RS16320	SCO2843	SC_RS16320	3103597	3104376	-	protein_coding	core	780	2	0	1	2
SC_RS16330	SCO2846	SC_RS16330	3105013	3106233	-	protein_coding	core	1221	1	0	0	1
SC_RS16335	SCO2847	SC_RS16335	3106290	3107372	+	protein_coding	core	1083	0	0	0	0
SC_RS16340	SCO2848	SC_RS16340	3107369	3107845	+	protein_coding	core	477	0	0	0	0
SC_RS16345	SCO2849	SC_RS16345	3107953	3108825	+	protein_coding	core	873	0	0	0	0
SC_RS16350	SCO2850	SC_RS16350	3109095	3109952	-	protein_coding	core	858	0	0	0	0
SC_RS16355	SCO2851	SC_RS16355	3110120	3110833	-	protein_coding	core	714	1	0	0	1
SC_RS16360	SCO2852	SC_RS16360	3110947	3111258	-	protein_coding	core	312	1	0	0	1
SC_RS16365	SCO2853	SC_RS16365	3111340	3111885	-	protein_coding	core	546	1	1	0	1
SC_RS16370	SCO2854	SC_RS16370	3111998	3113431	+	protein_coding	core	1434	2	0	1	2
SC_RS16375	SCO2855	SC_RS16375	3113643	3114659	+	protein_coding	core	1017	2	0	1	2
SC_RS16380	SCO2856	SC_RS16380	3114765	3115223	+	protein_coding	core	459	1	1	0	1
SC_RS16385	SCO2857	SC_RS16385	3115344	3115688	-	protein_coding	core	345	1	0	0	1
SC_RS16390	SCO2858	SC_RS16390	3115703	3115960	-	protein_coding	core	258	1	0	0	1
SC_RS16395	SCO2859	SC_RS16395	3115957	3116334	-	protein_coding	core	378	1	0	0	1
SC_RS16400	SCO2860	arr	3116521	3116931	-	protein_coding	core	411	0	0	0	0
SC_RS16405	SCO2861	SC_RS16405	3117213	3117881	+	protein_coding	core	669	0	0	0	0
SC_RS16410	SCO2863	SC_RS16410	3118032	3121199	+	protein_coding	core	3168	1	0	0	1
SC_RS16415	SCO2864	SC_RS16415	3121230	3121844	-	protein_coding	core	615	1	1	0	1
SC_RS16420	SCO2865	SC_RS16420	3122091	3122933	+	protein_coding	core	843	1	0	1	1
SC_RS16425		SC_RS16425	3122937	3123143	+	protein_coding	core	207	1	0	0	1
SC_RS16430		SC_RS16430	3123349	3123477	+	protein_coding	core	129	1	0	0	1
SC_RS16435	SCO2867	SC_RS16435	3123679	3123906	+	protein_coding	core	228	1	0	0	1
SC_RS16440	SCO2868	SC_RS16440	3123914	3124393	+	protein_coding	core	480	1	0	0	1
SC_RS16445	SCO2869	SC_RS16445	3124417	3125262	+	protein_coding	core	846	0	0	0	0
SC_RS16450	SCO2870	tgmA	3125325	3125630	+	protein_coding	core	306	0	0	0	0
SC_RS16455	SCO2871	tgmB	3125634	3126614	+	protein_coding	core	981	0	0	0	0
SC_RS16460	SCO2872	tgmC	3126611	3127843	+	protein_coding	core	1233	2	0	0	2
SC_RS16465	SCO2873	SC_RS16465	3127894	3128403	-	protein_coding	core	510	2	0	0	2
SC_RS16470	SCO2874	SC_RS16470	3128619	3129590	-	protein_coding	core	972	2	0	2	2
SC_RS16475	SCO2875	SC_RS16475	3129646	3130077	+	protein_coding	core	432	2	2	0	2
SC_RS16480	SCO2876	SC_RS16480	3130165	3130731	+	protein_coding	core	567	2	0	0	2
SC_RS16485	SCO2877	SC_RS16485	3130825	3131211	+	protein_coding	core	387	2	0	0	2
SC_RS16490	SCO2878	SC_RS16490	3131356	3133899	+	protein_coding	core	2544	3	0	0	3
SC_RS16495	SCO2879	SC_RS16495	3134618	3136273	+	protein_coding	core	1656	2	0	0	2
SC_RS16500	SCO2880	SC_RS16500	3136276	3136698	+	protein_coding	core	423	1	0	0	1
SC_RS16505	SCO2881	SC_RS16505	3136695	3137048	+	protein_coding	core	354	1	0	0	1
SC_RS16510	SCO2882	SC_RS16510	3137026	3137664	+	protein_coding	core	639	1	0	1	1
SC_RS16515	SCO2883	SC_RS16515	3137661	3138893	+	protein_coding	core	1233	2	1	0	2
SC_RS16520	SCO2884	SC_RS16520	3138905	3140131	+	protein_coding	core	1227	3	0	0	3
SC_RS16525	SCO2885	SC_RS16525	3140184	3140657	-	protein_coding	core	474	2	2	0	2
SC_RS16530	SCO2886	SC_RS16530	3140760	3141644	-	protein_coding	core	885	2	0	2	2
SC_RS16535	SCO2887	SC_RS16535	3141805	3142107	+	protein_coding	core	303	2	0	0	2
SC_RS16540	SCO2888	SC_RS16540	3142123	3142482	-	protein_coding	core	360	2	0	0	2
SC_RS16545	SCO2889	SC_RS16545	3142528	3144042	-	protein_coding	core	1515	2	0	0	2
SC_RS16555	SCO2892	SC_RS16555	3145726	3147090	+	protein_coding	core	1365	0	0	0	0
SC_RS16560	SCO2893	SC_RS16560	3147118	3147951	-	protein_coding	core	834	0	0	0	0
SC_RS16565	SCO2894	SC_RS16565	3147985	3149034	-	protein_coding	core	1050	0	0	0	0
SC_RS16570	SCO2895	SC_RS16570	3149058	3149945	-	protein_coding	core	888	0	0	0	0
SC_RS16575	SCO2896	SC_RS16575	3149938	3150744	-	protein_coding	core	807	0	0	0	0
SC_RS16580	SCO2897	SC_RS16580	3150939	3153395	+	protein_coding	core	2457	0	0	0	0
SC_RS16585	SCO2898	SC_RS16585	3153389	3153709	-	protein_coding	core	321	0	0	0	0
SC_RS16590	SCO2899	SC_RS16590	3153870	3154226	-	protein_coding	core	357	0	0	0	0
SC_RS16595	SCO2900	SC_RS16595	3154250	3154582	-	protein_coding	core	333	0	0	0	0
SC_RS16600	SCO2901	bcp	3154677	3155144	+	protein_coding	core	468	0	0	0	0
SC_RS16605	SCOt23	SC_RS16605	3155187	3155273	+	tRNA	core	87	0	0	0	0
SC_RS16610	SCO2902	rdgB	3155290	3155892	-	protein_coding	core	603	0	0	0	0
SC_RS16615	SCO2903	SC_RS16615	3155939	3156343	-	protein_coding	core	405	0	0	0	0
SC_RS16620	SCO2904	rph	3156501	3157238	-	protein_coding	core	738	0	0	0	0
SC_RS16625	SCO2905	SC_RS16625	3157315	3157548	-	protein_coding	core	234	0	0	0	0
SC_RS16630	SCO2906	SC_RS16630	3157707	3159002	+	protein_coding	core	1296	0	0	0	0
SC_RS16635	SCO2907	SC_RS16635	3159229	3160479	+	protein_coding	core	1251	0	0	0	0
SC_RS16640	SCO2908	SC_RS16640	3160574	3161326	-	protein_coding	core	753	0	0	0	0
SC_RS16645	SCO2909	SC_RS16645	3161531	3161698	+	protein_coding	core	168	0	0	0	0
SC_RS16650	SCO2910	SC_RS16650	3161747	3162697	-	protein_coding	core	951	1	0	0	1
SC_RS16655	SCO2911	SC_RS16655	3162704	3162982	-	protein_coding	core	279	1	0	0	1
SC_RS16660	SCO2912	SC_RS16660	3163082	3163177	-	protein_coding	core	96	1	0	0	1
SC_RS16665	SCO2913	SC_RS16665	3163257	3163679	-	protein_coding	core	423	2	1	0	2
SC_RS16670	SCO2914	SC_RS16670	3163847	3165274	-	protein_coding	core	1428	2	1	1	2
SC_RS16675	SCO2915	SC_RS16675	3165626	3166234	-	protein_coding	core	609	2	0	0	2
SC_RS16680	SCO2916	clpS	3166288	3166605	-	protein_coding	core	318	3	0	0	3
SC_RS16685	SCO2917	SC_RS16685	3166796	3168142	+	protein_coding	core	1347	3	0	0	3
SC_RS16690	SCO2918	SC_RS16690	3168248	3168835	+	protein_coding	core	588	2	0	2	2
SC_RS16695	SCO2919	SC_RS16695	3168848	3169192	-	protein_coding	core	345	2	0	0	2
SC_RS16700	SCO2920	SC_RS16700	3169339	3171684	-	protein_coding	core	2346	2	0	0	2
SC_RS16705	SCO2921	SC_RS16705	3172118	3172417	+	protein_coding	core	300	0	0	0	0
SC_RS16710	SCO2922	SC_RS16710	3172431	3173084	-	protein_coding	core	654	0	0	0	0
SC_RS16715		SC_RS16715	3173314	3174894	-	protein_coding	core	1581	0	0	0	0
SC_RS16720	SCO2924	SC_RS16720	3175140	3175568	+	protein_coding	core	429	0	0	0	0
SC_RS16725	SCO2925	SC_RS16725	3175582	3177048	-	protein_coding	core	1467	0	0	0	0
SC_RS16730	SCO2926	SC_RS16730	3177140	3178576	+	protein_coding	core	1437	0	0	0	0
SC_RS16735	SCO2927	hppD	3178620	3179765	-	protein_coding	core	1146	0	0	0	0
SC_RS16740	SCO2928	SC_RS16740	3179891	3180382	+	protein_coding	core	492	0	0	0	0
SC_RS16745	SCO2929	SC_RS16745	3180504	3181553	-	protein_coding	core	1050	0	0	0	0
SC_RS16750	SCO2930	SC_RS16750	3181757	3182404	+	protein_coding	core	648	1	0	0	1
SC_RS16755	SCO2931	SC_RS16755	3182412	3183686	+	protein_coding	core	1275	2	0	0	2
SC_RS16760	SCO2932	SC_RS16760	3183683	3184555	+	protein_coding	core	873	2	0	1	2
SC_RS16765	SCO2933	SC_RS16765	3184552	3185520	+	protein_coding	core	969	2	1	1	2
SC_RS16770	SCO2934	SC_RS16770	3185545	3186324	-	protein_coding	core	780	2	0	0	2
SC_RS16775	SCO2935	SC_RS16775	3186380	3187042	-	protein_coding	core	663	1	0	0	1
SC_RS16780	SCO2936	SC_RS16780	3187344	3189140	-	protein_coding	core	1797	1	0	0	1
SC_RS16785	SCO2937	SC_RS16785	3189296	3190747	-	protein_coding	core	1452	0	0	0	0
SC_RS16790		SC_RS16790	3190944	3191044	+	tRNA	core	101	0	0	0	0
SC_RS16795	SCO2938	SC_RS16795	3191138	3192148	+	protein_coding	core	1011	0	0	0	0
SC_RS16800	SCO2939	SC_RS16800	3192115	3192819	-	protein_coding	core	705	0	0	0	0
SC_RS16805	SCO2940	SC_RS16805	3192991	3195312	-	protein_coding	core	2322	0	0	0	0
SC_RS16810	SCO2941	SC_RS16810	3195309	3197630	-	protein_coding	core	2322	0	0	0	0
SC_RS16815	SCO2942	SC_RS16815	3197627	3198520	-	protein_coding	core	894	0	0	0	0
SC_RS16820	SCO2943	SC_RS16820	3198763	3200400	-	protein_coding	core	1638	1	0	0	1
SC_RS16825	SCO2944	SC_RS16825	3200405	3201250	-	protein_coding	core	846	1	1	0	1
SC_RS16830	SCO2945	SC_RS16830	3201247	3202197	-	protein_coding	core	951	1	0	1	1
SC_RS16835	SCO2946	SC_RS16835	3202209	3203507	-	protein_coding	core	1299	1	0	0	1
SC_RS16840	SCO2947	SC_RS16840	3203751	3204035	-	protein_coding	core	285	0	0	0	0
SC_RS16845	SCO2948	SC_RS16845	3204066	3204638	-	protein_coding	core	573	0	0	0	0
SC_RS16850	SCO2949	murA	3204872	3206218	+	protein_coding	core	1347	0	0	0	0
SC_RS16855	SCO2950	SC_RS16855	3206403	3206684	-	protein_coding	core	282	0	0	0	0
SC_RS16860	SCO2951	SC_RS16860	3207037	3208452	-	protein_coding	core	1416	1	0	0	1
SC_RS16865	SCO2952	SC_RS16865	3208887	3211223	-	protein_coding	core	2337	2	0	1	2
SC_RS16870	SCO2953	rsuA	3211306	3212094	-	protein_coding	core	789	2	0	1	2
SC_RS16875	SCO2954	SC_RS16875	3212154	3212678	-	protein_coding	core	525	1	0	0	1
SC_RS16880	SCO2955	SC_RS16880	3212863	3213453	-	protein_coding	core	591	1	0	0	1
SC_RS16885	SCO2956	SC_RS16885	3213669	3214232	+	protein_coding	core	564	1	0	0	1
SC_RS16890	SCO2958	SC_RS16890	3215125	3216312	-	protein_coding	core	1188	0	0	0	0
SC_RS16895	SCO2959	SC_RS16895	3216421	3217779	-	protein_coding	core	1359	0	0	0	0
SC_RS16900	SCO2960	SC_RS16900	3217912	3218859	-	protein_coding	core	948	0	0	0	0
SC_RS16905	SCO2961	SC_RS16905	3218973	3220205	-	protein_coding	core	1233	0	0	0	0
SC_RS16910	SCO2962	SC_RS16910	3220316	3222520	-	protein_coding	core	2205	1	0	0	1
SC_RS16915	SCO2963	SC_RS16915	3222520	3223782	-	protein_coding	core	1263	2	0	1	2
SC_RS16920	SCO2964	stgR	3224084	3225055	-	protein_coding	core	972	3	1	0	3
SC_RS16925	SCO2965	SC_RS16925	3225139	3226434	+	protein_coding	core	1296	2	0	2	2
SC_RS16930	SCOs02	ssrA	3226538	3226936	-	tmRNA	core	399	2	0	0	2
SC_RS16935	SCO2966	smpB	3227050	3227529	-	protein_coding	core	480	2	0	0	2
SC_RS16940	SCO2967	SC_RS16940	3227576	3228763	-	protein_coding	core	1188	1	0	0	1
SC_RS16945	SCO2968	ftsX	3228832	3229749	-	protein_coding	core	918	0	0	0	0
SC_RS16950	SCO2969	ftsE	3229793	3230482	-	protein_coding	core	690	0	0	0	0
SC_RS16955	SCO2970	SC_RS16955	3230696	3230890	+	protein_coding	core	195	0	0	0	0
SC_RS16960	SCO2971	SC_RS16960	3231048	3231839	-	protein_coding	core	792	1	0	0	1
SC_RS16965	SCO2972	prfB	3232165	3233271	-	protein_coding	core	1107	3	1	0	3
SC_RS16970	SCO2973	SC_RS16970	3233349	3234602	-	protein_coding	core	1254	4	1	2	4+
SC_RS16975	SCO2974	SC_RS16975	3234708	3236339	-	protein_coding	core	1632	4	0	2	4+
SC_RS16980	SCO2975	SC_RS16980	3236737	3240774	+	protein_coding	core	4038	3	0	0	3
SC_RS16985	SCO2976	SC_RS16985	3240815	3241444	-	protein_coding	core	630	1	0	0	1
SC_RS16990	SCO2977	SC_RS16990	3241649	3242731	+	protein_coding	core	1083	1	0	1	1
SC_RS16995	SCO2978	SC_RS16995	3242925	3244322	+	protein_coding	core	1398	1	1	0	1
SC_RS17000	SCO2979	SC_RS17000	3244327	3245682	+	protein_coding	core	1356	1	0	0	1
SC_RS17005	SCO2980	SC_RS17005	3245679	3246596	+	protein_coding	core	918	0	0	0	0
SC_RS17010	SCO2981	SC_RS17010	3246761	3249046	+	protein_coding	core	2286	0	0	0	0
SC_RS17015	SCO2982	SC_RS17015	3249066	3251276	+	protein_coding	core	2211	1	0	0	1
SC_RS17020	SCO2983	SC_RS17020	3251284	3253521	+	protein_coding	core	2238	1	0	1	1
SC_RS17025	SCO2984	SC_RS17025	3253518	3254849	+	protein_coding	core	1332	3	0	0	3
SC_RS17030	SCO2985	SC_RS17030	3254989	3256542	+	protein_coding	core	1554	2	0	2	2
SC_RS17035	SCO2986	SC_RS17035	3256564	3256977	-	protein_coding	core	414	2	0	0	2
SC_RS17040	SCO2987	SC_RS17040	3257116	3257622	+	protein_coding	core	507	2	0	0	2
SC_RS17045	SCO2988	galE	3257700	3258680	+	protein_coding	core	981	2	0	0	2
SC_RS17050	SCO2989	SC_RS17050	3258693	3259130	-	protein_coding	core	438	0	0	0	0
SC_RS17055	SCO2990	SC_RS17055	3259127	3259738	-	protein_coding	core	612	0	0	0	0
SC_RS17060	SCO2991	SC_RS17060	3259735	3260529	-	protein_coding	core	795	0	0	0	0
SC_RS17065	SCO2992	SC_RS17065	3260554	3260949	-	protein_coding	core	396	0	0	0	0
SC_RS17070	SCO2993	SC_RS17070	3261065	3261601	+	protein_coding	core	537	0	0	0	0
SC_RS17075	SCO2994	SC_RS17075	3261641	3262273	-	protein_coding	core	633	0	0	0	0
SC_RS17080	SCO2995	SC_RS17080	3262446	3263402	+	protein_coding	core	957	0	0	0	0
SC_RS17085	SCO2996	SC_RS17085	3263395	3264306	+	protein_coding	core	912	0	0	0	0
SC_RS17090	SCO2997	SC_RS17090	3264435	3266675	+	protein_coding	core	2241	0	0	0	0
SC_RS17095	SCO2998	SC_RS17095	3266672	3268393	+	protein_coding	core	1722	0	0	0	0
SC_RS17100	SCO2999	SC_RS17100	3268611	3273572	-	protein_coding	core	4962	1	0	1	1
SC_RS17105	SCO3000	SC_RS17105	3274075	3274746	-	protein_coding	core	672	1	0	0	1
SC_RS17110	SCO3001	SC_RS17110	3274805	3275308	-	protein_coding	core	504	1	0	0	1
SC_RS17115	SCO3003	SC_RS17115	3275599	3275841	-	protein_coding	core	243	1	1	0	1
SC_RS17120	SCO3004	SC_RS17120	3276479	3276748	+	protein_coding	core	270	2	1	0	2
SC_RS17125	SCO3005	secA	3276877	3279720	-	protein_coding	core	2844	4	0	1	4+
SC_RS17130	SCO3006	SC_RS17130	3280002	3280577	+	protein_coding	core	576	3	0	0	3
SC_RS17135	SCO3007	SC_RS17135	3280662	3281837	+	protein_coding	core	1176	2	0	2	2
SC_RS17140	SCO3008	SC_RS17140	3281872	3282630	-	protein_coding	core	759	2	0	0	2
SC_RS17145	SCO3009	hpf	3282859	3283551	-	protein_coding	core	693	2	0	0	2
SC_RS17150	SCO3010	SC_RS17150	3283865	3284812	-	protein_coding	core	948	0	0	0	0
SC_RS17155	SCO3011	SC_RS17155	3284985	3286832	-	protein_coding	core	1848	0	0	0	0
SC_RS17160	SCO3012	mtrB	3286822	3288888	-	protein_coding	core	2067	0	0	0	0
SC_RS17165	SCO3013	mtrA	3288890	3289579	-	protein_coding	core	690	0	0	0	0
SC_RS17170	SCO3014	mtnA	3289584	3290726	-	protein_coding	core	1143	0	0	0	0
SC_RS17175	SCO3015	SC_RS17175	3290867	3292255	+	protein_coding	core	1389	0	0	0	0
SC_RS17180	SCO3016	SC_RS17180	3292290	3293012	+	protein_coding	core	723	0	0	0	0
SC_RS17185	SCO3017	SC_RS17185	3293009	3294226	+	protein_coding	core	1218	0	0	0	0
SC_RS17190	SCO3018	SC_RS17190	3294223	3295215	+	protein_coding	core	993	0	0	0	0
SC_RS17195	SCO3019	SC_RS17195	3295215	3296525	+	protein_coding	core	1311	0	0	0	0
SC_RS17200	SCOr07	rrf	3296632	3296748	-	rRNA	core	117	0	0	0	0
SC_RS17205	SCOr08	SC_RS17205	3296833	3299954	-	rRNA	core	3122	0	0	0	0
SC_RS17210	SCOr09	SC_RS17210	3300233	3301759	-	rRNA	core	1527	0	0	0	0
SC_RS17215	SCO3020	SC_RS17215	3302319	3303326	-	protein_coding	core	1008	0	0	0	0
SC_RS17220	SCO3021	SC_RS17220	3303453	3304409	+	protein_coding	core	957	1	0	0	1
SC_RS17225	SCO3022	SC_RS17225	3304430	3305044	-	protein_coding	core	615	1	1	0	1
SC_RS17230	SCO3023	ahcY	3305155	3306612	-	protein_coding	core	1458	2	0	1	2
SC_RS17235	SCO3024	SC_RS17235	3306886	3307866	-	protein_coding	core	981	3	1	0	3
SC_RS17240	SCO3025	manA	3307981	3309132	-	protein_coding	core	1152	3	1	0	3
SC_RS17245	SCO3026	SC_RS17245	3309183	3310310	-	protein_coding	core	1128	3	1	1	3
SC_RS17250	SCO3027	SC_RS17250	3310398	3310568	-	protein_coding	core	171	2	0	0	2
SC_RS17255	SCO3028	SC_RS17255	3310820	3312184	-	protein_coding	core	1365	2	0	0	2
SC_RS17260	SCO3029	SC_RS17260	3312276	3313892	-	protein_coding	core	1617	1	0	0	1
SC_RS17265	SCO3030	SC_RS17265	3314042	3314464	-	protein_coding	core	423	0	0	0	0
SC_RS17270	SCO3031	SC_RS17270	3314759	3315211	+	protein_coding	core	453	0	0	0	0
SC_RS17275	SCO3032	SC_RS17275	3315241	3316761	-	protein_coding	core	1521	1	0	0	1
SC_RS17280	SCO3033	SC_RS17280	3316758	3320564	-	protein_coding	core	3807	1	0	1	1
SC_RS17285	SCO3034	SC_RS17285	3320753	3321016	-	protein_coding	core	264	0	0	0	0
SC_RS17290	SCO3035	SC_RS17290	3321701	3322195	+	protein_coding	core	495	0	0	0	0
SC_RS17295	SCO3036	cofD	3322266	3323225	+	protein_coding	core	960	0	0	0	0
SC_RS17300	SCO3037	SC_RS17300	3323222	3324553	+	protein_coding	core	1332	0	0	0	0
SC_RS17305	SCO3038	SC_RS17305	3324630	3325610	+	protein_coding	core	981	0	0	0	0
SC_RS17310	SCO3039	SC_RS17310	3325773	3326855	-	protein_coding	core	1083	0	0	0	0
SC_RS17315	SCO3040	SC_RS17315	3326959	3328209	-	protein_coding	core	1251	0	0	0	0
SC_RS17320	SCO3041	SC_RS17320	3328349	3329113	+	protein_coding	core	765	0	0	0	0
SC_RS17325	SCO3042	SC_RS17325	3329406	3330596	+	protein_coding	core	1191	0	0	0	0
SC_RS17330	SCO3043	SC_RS17330	3330863	3332596	+	protein_coding	core	1734	0	0	0	0
SC_RS17335	SCO3044	SC_RS17335	3332764	3334479	+	protein_coding	core	1716	0	0	0	0
SC_RS17340	SCO3045	SC_RS17340	3334686	3336392	+	protein_coding	core	1707	1	0	0	1
SC_RS17345	SCO3046	SC_RS17345	3336470	3338146	+	protein_coding	core	1677	1	0	1	1
SC_RS17350	SCO3047	SC_RS17350	3338345	3339850	+	protein_coding	core	1506	2	0	0	2
SC_RS17355	SCO3048	SC_RS17355	3339882	3341165	-	protein_coding	core	1284	1	0	1	1
SC_RS17360	SCO3049	SC_RS17360	3341286	3341852	+	protein_coding	core	567	1	0	0	1
SC_RS17365	SCO3050	SC_RS17365	3341888	3342928	-	protein_coding	core	1041	1	0	0	1
SC_RS17370	SCO3051	SC_RS17370	3343070	3344227	-	protein_coding	core	1158	0	0	0	0
SC_RS17375	SCO3052	SC_RS17375	3344420	3345763	+	protein_coding	core	1344	1	0	0	1
SC_RS17380	SCO3053	SC_RS17380	3345819	3347939	-	protein_coding	core	2121	2	0	1	2
SC_RS17385	SCO3054	SC_RS17385	3348346	3348852	-	protein_coding	core	507	2	0	1	2
SC_RS17390	SCO3055	SC_RS17390	3348964	3349323	+	protein_coding	core	360	2	1	0	2
SC_RS17395	SCO3056	SC_RS17395	3349353	3349745	+	protein_coding	core	393	1	0	0	1
SC_RS17400	SCO3057	SC_RS17400	3349758	3350888	-	protein_coding	core	1131	1	0	0	1
SC_RS17405	SCO3058	SC_RS17405	3351008	3352210	-	protein_coding	core	1203	0	0	0	0
SC_RS17410	SCO3059	purE	3352225	3352767	-	protein_coding	core	543	1	0	0	1
SC_RS17415	SCO3060	SC_RS17415	3352764	3353999	-	protein_coding	core	1236	1	0	0	1
SC_RS17420	SCO3061	SC_RS17420	3354084	3354656	+	protein_coding	core	573	1	0	1	1
SC_RS17425	SCO3062	draK	3354681	3355955	-	protein_coding	core	1275	1	0	0	1
SC_RS17430	SCO3063	SC_RS17430	3355990	3356667	-	protein_coding	core	678	1	0	0	1
SC_RS17435	SCO3064	SC_RS17435	3357162	3358658	+	protein_coding	core	1497	0	0	0	0
SC_RS17440	SCO3065	SC_RS17440	3358788	3359225	+	protein_coding	core	438	0	0	0	0
SC_RS17445	SCO3066	SC_RS17445	3359355	3359867	-	protein_coding	core	513	0	0	0	0
SC_RS17450	SCO3067	SC_RS17450	3360064	3360441	-	protein_coding	core	378	0	0	0	0
SC_RS17455	SCO3068	SC_RS17455	3360694	3361608	+	protein_coding	core	915	0	0	0	0
SC_RS17460	SCO3069	SC_RS17460	3361685	3362008	-	protein_coding	core	324	0	0	0	0
SC_RS17465	SCO3070	hutI	3362037	3363212	-	protein_coding	core	1176	1	0	0	1
SC_RS17470	SCO3071	SC_RS17470	3363269	3364618	-	protein_coding	core	1350	1	0	1	1
SC_RS17475	SCO3072	SC_RS17475	3364615	3365832	-	protein_coding	core	1218	1	0	0	1
SC_RS17480	SCO3073	hutU	3365829	3367547	-	protein_coding	core	1719	2	1	0	2
SC_RS17485	SCO3074	SC_RS17485	3367747	3368334	-	protein_coding	core	588	1	0	1	1
SC_RS17490	SCO3075	SC_RS17490	3368495	3369364	-	protein_coding	core	870	1	0	0	1
SC_RS17495	SCO3076	SC_RS17495	3369528	3369953	+	protein_coding	core	426	1	0	0	1
SC_RS17500	SCO3077	SC_RS17500	3370359	3371744	-	protein_coding	core	1386	1	0	0	1
SC_RS17505	SCO3078	SC_RS17505	3371912	3372934	+	protein_coding	core	1023	1	0	1	1
SC_RS17510	SCO3079	SC_RS17510	3373160	3374380	+	protein_coding	core	1221	1	1	0	1
SC_RS17515	SCO3080	SC_RS17515	3374675	3375484	+	protein_coding	core	810	1	0	0	1
SC_RS17520	SCO3081	SC_RS17520	3375535	3375846	-	protein_coding	core	312	1	0	0	1
SC_RS17525	SCO3082	SC_RS17525	3375950	3376180	+	protein_coding	core	231	1	0	0	1
SC_RS17530	SCO3083	SC_RS17530	3376252	3377175	-	protein_coding	core	924	1	1	0	1
SC_RS17535	SCO3084	SC_RS17535	3377344	3378513	-	protein_coding	core	1170	1	0	1	1
SC_RS17540	SCO3085	SC_RS17540	3378735	3378965	-	protein_coding	core	231	1	0	0	1
SC_RS17545		SC_RS17545	3379043	3379237	+	protein_coding	core	195	1	0	0	1
SC_RS17550	SCO3086	SC_RS17550	3379423	3380202	+	protein_coding	core	780	1	0	0	1
SC_RS17555		SC_RS17555	3380229	3380528	-	protein_coding	core	300	0	0	0	0
SC_RS17560		SC_RS17560	3380623	3380874	-	protein_coding	core	252	0	0	0	0
SC_RS17565	SCOt24	SC_RS17565	3380890	3380976	-	tRNA	core	87	0	0	0	0
SC_RS17570	SCO3089	SC_RS17570	3381453	3382223	+	protein_coding	core	771	2	0	0	2
SC_RS17575	SCO3090	SC_RS17575	3382330	3384861	+	protein_coding	core	2532	4	0	3	4+
SC_RS17580	SCO3091	SC_RS17580	3384933	3386249	-	protein_coding	core	1317	4	0	1	4+
SC_RS17585	SCO3092	SC_RS17585	3386513	3387937	-	protein_coding	core	1425	2	0	0	2
SC_RS17590	SCO3093	SC_RS17590	3388379	3389320	-	protein_coding	core	942	0	0	0	0
SC_RS17595	SCO3094	SC_RS17595	3389317	3389877	-	protein_coding	core	561	0	0	0	0
SC_RS17600	SCO3095	divIC	3389963	3390445	-	protein_coding	core	483	0	0	0	0
SC_RS17605	SCO3096	eno	3390541	3391821	-	protein_coding	core	1281	0	0	0	0
SC_RS17610	SCO3097	rpfA	3392083	3392817	-	protein_coding	core	735	0	0	0	0
SC_RS17615	SCO3098	rpfC	3393171	3394196	-	protein_coding	core	1026	1	0	0	1
SC_RS17620	SCO3099	SC_RS17620	3394340	3395641	-	protein_coding	core	1302	1	1	0	1
SC_RS17625	SCO3100	SC_RS17625	3395638	3396615	-	protein_coding	core	978	2	0	1	2
SC_RS17630	SCO3101	SC_RS17630	3396692	3397339	-	protein_coding	core	648	2	1	0	2
SC_RS17635	SCO3102	pkaE	3397490	3399001	-	protein_coding	core	1512	2	0	1	2
SC_RS17640	SCO3103	SC_RS17640	3399019	3399624	-	protein_coding	core	606	2	0	0	2
SC_RS17645	SCO3104	SC_RS17645	3399763	3401802	-	protein_coding	core	2040	2	0	1	2
SC_RS17650	SCO3105	SC_RS17650	3402007	3402504	+	protein_coding	core	498	2	1	0	2
SC_RS17655	SCO3106	SC_RS17655	3402554	3403453	+	protein_coding	core	900	2	0	0	2
SC_RS17660	SCO3107	SC_RS17660	3403521	3404297	-	protein_coding	core	777	2	1	0	2
SC_RS17665	SCO3108	SC_RS17665	3404444	3404641	+	protein_coding	core	198	1	0	1	1
SC_RS17670	SCO3109	mfd	3404759	3408313	-	protein_coding	core	3555	2	1	0	2
SC_RS17675	SCO3110	SC_RS17675	3408950	3411514	-	protein_coding	core	2565	2	0	0	2
SC_RS17680	SCO3111	SC_RS17680	3411511	3412299	-	protein_coding	core	789	1	0	1	1
SC_RS17700	SCO3114	SC_RS17700	3413804	3414700	-	protein_coding	core	897	1	0	0	1
SC_RS17705	SCO3115	SC_RS17705	3414901	3417570	-	protein_coding	core	2670	1	0	1	1
SC_RS17710	SCO3116	SC_RS17710	3417578	3418585	-	protein_coding	core	1008	1	0	0	1
SC_RS17715	SCO3117	SC_RS17715	3418879	3419409	+	protein_coding	core	531	1	0	0	1
SC_RS17720	SCO3118	SC_RS17720	3419502	3419999	+	protein_coding	core	498	0	0	0	0
SC_RS17725	SCO3119	SC_RS17725	3420021	3421340	-	protein_coding	core	1320	1	0	0	1
SC_RS17735	SCO3122	glmU	3422409	3423857	+	protein_coding	core	1449	1	0	1	1
SC_RS17740	SCO3123	SC_RS17740	3423989	3424963	+	protein_coding	core	975	2	0	0	2
SC_RS17745	SCO3124	SC_RS17745	3425176	3425772	+	protein_coding	core	597	2	0	0	2
SC_RS17750	SCO3125	pth	3425878	3426480	+	protein_coding	core	603	1	0	1	1
SC_RS17755	SCO3126	SC_RS17755	3426533	3427051	+	protein_coding	core	519	1	0	0	1
SC_RS17760	SCO3127	ppc	3427132	3429867	-	protein_coding	core	2736	1	0	0	1
SC_RS17765	SCO3128	SC_RS17765	3430174	3431184	+	protein_coding	core	1011	0	0	0	0
SC_RS17770	SCO3129	SC_RS17770	3431181	3431858	+	protein_coding	core	678	0	0	0	0
SC_RS17775	SCO3130	SC_RS17775	3431891	3433066	+	protein_coding	core	1176	1	0	0	1
SC_RS17780	SCO3131	SC_RS17780	3433079	3433456	-	protein_coding	core	378	1	1	0	1
SC_RS17785	SCO3132	SC_RS17785	3433453	3434364	-	protein_coding	core	912	1	0	1	1
SC_RS17790	SCO3133	tamR	3434529	3435026	+	protein_coding	core	498	1	0	0	1
SC_RS17795	SCO3134	SC_RS17795	3434985	3435764	-	protein_coding	core	780	1	0	0	1
SC_RS17800	SCO3135	SC_RS17800	3436004	3436459	+	protein_coding	core	456	0	0	0	0
SC_RS17805	SCO3136	galK	3436463	3437626	-	protein_coding	core	1164	0	0	0	0
SC_RS17810	SCO3137	galE	3437662	3438627	-	protein_coding	core	966	1	0	0	1
SC_RS17815	SCO3138	galT	3438624	3439685	-	protein_coding	core	1062	2	0	0	2
SC_RS17820	SCO3139	SC_RS17820	3439885	3441573	+	protein_coding	core	1689	2	0	2	2
SC_RS17825	SCO3140	SC_RS17825	3441595	3441891	+	protein_coding	core	297	2	0	0	2
SC_RS17830	SCO3144	SC_RS17830	3442302	3442976	-	protein_coding	core	675	3	0	0	3
SC_RS17835	SCO3145	SC_RS17835	3443196	3445013	-	protein_coding	core	1818	1	0	1	1
SC_RS17840	SCO3146	SC_RS17840	3445110	3446915	-	protein_coding	core	1806	1	0	0	1
SC_RS17845	SCO3147	SC_RS17845	3447175	3448989	-	protein_coding	core	1815	0	0	0	0
SC_RS17850	SCO3148	SC_RS17850	3449047	3449946	-	protein_coding	core	900	0	0	0	0
SC_RS17855	SCO3149	rsmA	3449961	3450821	-	protein_coding	core	861	0	0	0	0
SC_RS17860	SCO3150	rpfB	3450852	3452228	-	protein_coding	core	1377	1	0	0	1
SC_RS17865	SCO3151	SC_RS17865	3452316	3453206	-	protein_coding	core	891	1	0	0	1
SC_RS17870	SCO3152	SC_RS17870	3453247	3453684	-	protein_coding	core	438	1	1	0	1
SC_RS17875	SCO3153	rsmI	3453841	3454701	-	protein_coding	core	861	1	0	0	1
SC_RS17880	SCO3154	SC_RS17880	3454798	3456543	+	protein_coding	core	1746	2	0	0	2
SC_RS17885	SCO3155	SC_RS17885	3456606	3457136	+	protein_coding	core	531	1	0	1	1
SC_RS17890	SCO3156	SC_RS17890	3457367	3458992	+	protein_coding	core	1626	1	1	0	1
SC_RS17900	SCO3158	SC_RS17900	3460797	3461177	-	protein_coding	core	381	1	0	0	1
SC_RS17905	SCO3159	SC_RS17905	3461363	3462424	+	protein_coding	core	1062	1	0	1	1
SC_RS17910	SCO3160	cbiQ	3462426	3463187	+	protein_coding	core	762	1	1	0	1
SC_RS17915	SCO3161	SC_RS17915	3463175	3463978	+	protein_coding	core	804	1	0	0	1
SC_RS17920	SCO3162	SC_RS17920	3464050	3465258	+	protein_coding	core	1209	1	0	0	1
SC_RS17925	SCO3163	SC_RS17925	3465317	3465592	-	protein_coding	core	276	0	0	0	0
SC_RS17930	SCO3164	SC_RS17930	3465682	3466527	-	protein_coding	core	846	0	0	0	0
SC_RS17935	SCO3165	SC_RS17935	3466524	3467063	-	protein_coding	core	540	0	0	0	0
SC_RS17940	SCO3166	SC_RS17940	3467222	3469459	-	protein_coding	core	2238	0	0	0	0
SC_RS17945	SCO3167	SC_RS17945	3469606	3470205	-	protein_coding	core	600	0	0	0	0
SC_RS17950	SCO3168	SC_RS17950	3470375	3473869	+	protein_coding	core	3495	1	0	1	1
SC_RS17955	SCO3169	SC_RS17955	3473958	3474185	-	protein_coding	core	228	1	0	0	1
SC_RS17960	SCO3170	SC_RS17960	3474274	3475167	-	protein_coding	core	894	2	0	0	2
SC_RS17965	SCO3171	SC_RS17965	3475164	3476108	-	protein_coding	core	945	2	0	0	2
SC_RS17970	SCO3172	SC_RS17970	3476105	3477664	-	protein_coding	core	1560	2	1	1	2
SC_RS17975	SCO3173	SC_RS17975	3477824	3478471	+	protein_coding	core	648	2	0	1	2
SC_RS17980	SCO3174	SC_RS17980	3478490	3479293	-	protein_coding	core	804	2	0	0	2
SC_RS17985	SCO3175	SC_RS17985	3479362	3479847	+	protein_coding	core	486	2	0	0	2
SC_RS17990	SCO3176	SC_RS17990	3479867	3481618	-	protein_coding	core	1752	2	0	1	2
SC_RS17995	SCOt26	SC_RS17995	3481839	3481912	-	tRNA	core	74	3	0	0	3
SC_RS18000	SCO3177	sepX	3481968	3483236	-	protein_coding	core	1269	3	1	0	3
SC_RS18005	SCO3178	SC_RS18005	3483410	3484072	-	protein_coding	core	663	3	0	2	3
SC_RS18010	SCO3179	SC_RS18010	3484069	3484608	-	protein_coding	core	540	3	0	0	3
SC_RS18015	SCO3180	moaC	3484605	3485117	-	protein_coding	core	513	3	0	0	3
SC_RS18020	SCO3181	glp	3485204	3486553	-	protein_coding	core	1350	4	0	1	4+
SC_RS18025	SCO3182	galU	3486550	3487461	-	protein_coding	core	912	3	0	1	3
SC_RS18030	SCO3183	SC_RS18030	3487555	3488169	+	protein_coding	core	615	3	1	0	3
SC_RS18035	SCO3184	SC_RS18035	3488258	3491068	-	protein_coding	core	2811	3	0	1	3
SC_RS18040	SCO3185	SC_RS18040	3491383	3492930	+	protein_coding	core	1548	1	0	1	1
SC_RS18045	SCO3186	SC_RS18045	3493179	3494444	+	protein_coding	core	1266	1	1	0	1
SC_RS18050	SCO3187	SC_RS18050	3494512	3494844	+	protein_coding	core	333	1	0	0	1
SC_RS18055	SCO3188	SC_RS18055	3494975	3495817	+	protein_coding	core	843	0	0	0	0
SC_RS18060	SCO3189	SC_RS18060	3496079	3496558	+	protein_coding	core	480	0	0	0	0
SC_RS18065	SCO3190	mscL	3496670	3497140	+	protein_coding	core	471	0	0	0	0
SC_RS18070	SCO3191	SC_RS18070	3497181	3497357	-	protein_coding	core	177	0	0	0	0
SC_RS18075	SCO3192	SC_RS18075	3497471	3498703	+	protein_coding	core	1233	0	0	0	0
SC_RS18080	SCO3193	SC_RS18080	3498864	3499910	+	protein_coding	core	1047	0	0	0	0
SC_RS18085	SCO3194	SC_RS18085	3500071	3501294	+	protein_coding	core	1224	0	0	0	0
SC_RS18090	SCO3195	SC_RS18090	3501463	3502212	+	protein_coding	core	750	0	0	0	0
SC_RS18095	SCO3196	SC_RS18095	3502247	3504346	-	protein_coding	core	2100	0	0	0	0
SC_RS18100	SCO3197	pfkB	3504474	3505421	-	protein_coding	core	948	1	0	0	1
SC_RS18105	SCO3198	SC_RS18105	3505418	3506179	-	protein_coding	core	762	1	0	0	1
SC_RS18110	SCO3199	SC_RS18110	3506390	3507907	-	protein_coding	core	1518	1	0	1	1
SC_RS18115	SCO3200	SC_RS18115	3507970	3508941	+	protein_coding	core	972	1	0	0	1
SC_RS18120	SCO3201	SC_RS18120	3509244	3509954	-	protein_coding	core	711	0	0	0	0
SC_RS18125	SCO3202	SC_RS18125	3510381	3511379	-	protein_coding	core	999	0	0	0	0
SC_RS18130	SCO3203	SC_RS18130	3511595	3512110	+	protein_coding	core	516	1	0	0	1
SC_RS18135	SCO3204	SC_RS18135	3512143	3512904	-	protein_coding	core	762	2	0	0	2
SC_RS18140	SCO3205	SC_RS18140	3513024	3513515	+	protein_coding	core	492	2	0	0	2
SC_RS18145	SCO3206	SC_RS18145	3513616	3515160	-	protein_coding	core	1545	2	0	2	2
SC_RS18150	SCO3207	SC_RS18150	3515302	3515955	-	protein_coding	core	654	2	0	0	2
SC_RS18155	SCO3208	SC_RS18155	3516275	3517573	+	protein_coding	core	1299	2	0	0	2
SC_RS18160	SCO3209	SC_RS18160	3517633	3519207	+	protein_coding	core	1575	2	0	1	2
SC_RS18165	SCO3210	SC_RS18165	3519449	3520903	-	protein_coding	core	1455	4	0	1	4+
SC_RS18170	SCO3211	trpC	3520900	3521676	-	protein_coding	core	777	3	1	0	3
SC_RS18175	SCO3212	trpD	3521673	3522680	-	protein_coding	core	1008	3	0	2	3
SC_RS18180	SCO3213	SC_RS18180	3522697	3523299	-	protein_coding	core	603	2	0	0	2
SC_RS18185	SCO3214	SC_RS18185	3523296	3524831	-	protein_coding	core	1536	3	0	0	3
SC_RS18190	SCO3215	SC_RS18190	3524828	3525871	-	protein_coding	core	1044	1	0	0	1
SC_RS18195	SCO3216	SC_RS18195	3526137	3528527	+	protein_coding	core	2391	2	0	1	2
SC_RS18200	SCO3217	SC_RS18200	3529272	3531188	+	protein_coding	core	1917	2	0	2	2
SC_RS18205	SCO3218	SC_RS18205	3531250	3531465	-	protein_coding	core	216	2	0	0	2
SC_RS18210	SCO3219	SC_RS18210	3531588	3532763	-	protein_coding	core	1176	4	0	0	4+
SC_RS18215	SCO3220	SC_RS18215	3532971	3533399	-	protein_coding	core	429	2	2	0	2
SC_RS18220	SCO3221	SC_RS18220	3533492	3534346	-	protein_coding	core	855	2	0	2	2
SC_RS18225	SCO3222	SC_RS18225	3534444	3534899	-	protein_coding	core	456	2	0	0	2
SC_RS18230	SCO3223	SC_RS18230	3535054	3535848	-	protein_coding	core	795	2	0	0	2
SC_RS18235	SCO3224	SC_RS18235	3535855	3536808	-	protein_coding	core	954	0	0	0	0
SC_RS18240	SCO3225	SC_RS18240	3536945	3538660	+	protein_coding	core	1716	1	0	0	1
SC_RS18245	SCO3226	absA2	3538679	3539347	+	protein_coding	core	669	1	0	0	1
SC_RS18250	SCO3227	SC_RS18250	3539337	3540671	-	protein_coding	core	1335	1	0	1	1
SC_RS18255	SCO3228	SC_RS18255	3540668	3541954	-	protein_coding	core	1287	1	0	0	1
SC_RS18260	SCO3229	hppD	3541951	3543027	-	protein_coding	core	1077	0	0	0	0
SC_RS18265	SCO3230	SC_RS18265	3543335	3565726	+	protein_coding	core	22392	2	0	2	2
SC_RS18270	SCO3231	SC_RS18270	3565723	3576735	+	protein_coding	core	11013	0	0	0	0
SC_RS18275	SCO3232	SC_RS18275	3576735	3583988	+	protein_coding	core	7254	2	0	1	2
SC_RS18280	SCO3233	SC_RS18280	3583992	3584810	+	protein_coding	core	819	2	1	1	2
SC_RS18285	SCO3234	hasP	3584822	3585724	+	protein_coding	core	903	2	0	0	2
SC_RS18290	SCO3235	SC_RS18290	3585800	3587647	-	protein_coding	core	1848	3	0	0	3
SC_RS18295	SCO3236	asnO	3587687	3588688	-	protein_coding	core	1002	1	0	1	1
SC_RS18300	SCO3237	SC_RS18300	3588746	3590149	-	protein_coding	core	1404	1	0	0	1
SC_RS18305	SCO3238	eboE	3590146	3591306	-	protein_coding	core	1161	1	0	0	1
SC_RS18310	SCO3239	SC_RS18310	3591313	3592182	-	protein_coding	core	870	1	0	0	1
SC_RS18315	SCO3240	SC_RS18315	3592179	3592889	-	protein_coding	core	711	1	1	0	1
SC_RS18320	SCO3241	SC_RS18320	3592886	3593758	-	protein_coding	core	873	2	0	1	2
SC_RS18325	SCO3242	SC_RS18325	3593755	3594630	-	protein_coding	core	876	2	0	0	2
SC_RS18330	SCO3243	SC_RS18330	3594627	3595793	-	protein_coding	core	1167	2	0	1	2
SC_RS18335	SCO3244	SC_RS18335	3595843	3596640	-	protein_coding	core	798	1	0	0	1
SC_RS18340	SCO3245	SC_RS18340	3596708	3597973	-	protein_coding	core	1266	1	0	0	1
SC_RS18345	SCO3246	SC_RS18345	3598017	3599009	-	protein_coding	core	993	0	0	0	0
SC_RS18350	SCO3247	SC_RS18350	3599006	3600808	-	protein_coding	core	1803	2	0	0	2
SC_RS18355	SCO3248	SC_RS18355	3600858	3602078	-	protein_coding	core	1221	2	1	1	2
SC_RS18360	SCO3249	SC_RS18360	3602075	3602320	-	protein_coding	core	246	3	0	1	3
SC_RS18365	SCOt27	SC_RS18365	3602609	3602681	+	tRNA	core	73	3	0	0	3
SC_RS18370	SCO3250	SC_RS18370	3602753	3603907	-	protein_coding	core	1155	3	1	0	3
SC_RS18375	SCO3251	SC_RS18375	3603907	3604107	-	protein_coding	core	201	2	1	0	2
SC_RS18380	SCO3252	repSA	3604104	3605504	-	protein_coding	core	1401	1	0	1	1
SC_RS18385	SCO3253	SC_RS18385	3605594	3605911	-	protein_coding	core	318	1	0	0	1
SC_RS18390	SCO3254	SC_RS18390	3605935	3606090	-	protein_coding	core	156	2	0	0	2
SC_RS18395	SCO3255	SC_RS18395	3606102	3606293	-	protein_coding	core	192	2	0	0	2
SC_RS18400	SCO3256	SC_RS18400	3606326	3606979	-	protein_coding	core	654	1	0	0	1
SC_RS18405	SCO3257	SC_RS18405	3607061	3608416	-	protein_coding	core	1356	1	0	1	1
SC_RS18410	SCO3258	SC_RS18410	3608420	3608776	-	protein_coding	core	357	1	0	0	1
SC_RS18415	SCO3259	SC_RS18415	3608916	3609695	-	protein_coding	core	780	1	0	0	1
SC_RS18420	SCO3260	SC_RS18420	3609714	3610178	+	protein_coding	core	465	1	0	0	1
SC_RS18425	SCO3261	SC_RS18425	3610777	3612171	+	protein_coding	core	1395	0	0	0	0
SC_RS18430	SCO3262	SC_RS18430	3612168	3612917	+	protein_coding	core	750	0	0	0	0
SC_RS18435	SCO3263	SC_RS18435	3613332	3613631	-	protein_coding	core	300	0	0	0	0
SC_RS18440	SCO3264	SC_RS18440	3613628	3614359	-	protein_coding	core	732	0	0	0	0
SC_RS18445	SCO3265	SC_RS18445	3614368	3614592	-	protein_coding	core	225	0	0	0	0
SC_RS18450	SCO3268	SC_RS18450	3615122	3615400	-	protein_coding	core	279	0	0	0	0
SC_RS18455	SCO3269	SC_RS18455	3615480	3616235	+	protein_coding	core	756	1	0	0	1
SC_RS18460	SCO3270	SC_RS18460	3616286	3616798	+	protein_coding	core	513	1	0	0	1
SC_RS18465	SCO3271	SC_RS18465	3617177	3617377	+	protein_coding	core	201	1	0	0	1
SC_RS18480	SCO3273	SC_RS18480	3618213	3618479	+	protein_coding	core	267	3	1	0	3
SC_RS18485	SCO3274	SC_RS18485	3618476	3618922	+	protein_coding	core	447	3	0	0	3
SC_RS18490	SCO3275	SC_RS18490	3619017	3619451	-	protein_coding	core	435	3	0	0	3
SC_RS18495	SCO3276	SC_RS18495	3619892	3621391	+	protein_coding	core	1500	4	0	2	4+
SC_RS18500	SCO3277	SC_RS18500	3621404	3622330	-	protein_coding	core	927	4	1	1	4+
SC_RS18505	SCO3279	SC_RS18505	3622590	3623804	+	protein_coding	core	1215	2	0	1	2
SC_RS18510	SCO3280	SC_RS18510	3623867	3624412	+	protein_coding	core	546	2	0	0	2
SC_RS18515	SCO3281	SC_RS18515	3624449	3624859	-	protein_coding	core	411	1	0	0	1
SC_RS18520	SCO3282	SC_RS18520	3625007	3625663	+	protein_coding	core	657	0	0	0	0
SC_RS18525	SCO3283	SC_RS18525	3625695	3626462	-	protein_coding	core	768	0	0	0	0
SC_RS18530	SCO3284	SC_RS18530	3626675	3628768	+	protein_coding	core	2094	1	0	0	1
SC_RS18535	SCO3285	SC_RS18535	3628805	3634123	-	protein_coding	core	5319	3	0	3	3
SC_RS18540	SCO3286	SC_RS18540	3634209	3636242	-	protein_coding	core	2034	2	0	0	2
SC_RS18545		SC_RS18545	3636411	3636536	-	protein_coding	core	126	1	0	0	1
SC_RS18550	SCO3288	SC_RS18550	3636856	3637587	+	protein_coding	core	732	1	0	0	1
SC_RS18555	SCO3289	SC_RS18555	3637594	3639204	+	protein_coding	core	1611	2	0	1	2
SC_RS18560	SCO3290	SC_RS18560	3639201	3639950	+	protein_coding	core	750	3	0	1	3
SC_RS18565	SCO3291	SC_RS18565	3640178	3641611	+	protein_coding	core	1434	2	1	1	2
SC_RS18570	SCO3292	SC_RS18570	3641739	3642248	-	protein_coding	core	510	2	0	0	2
SC_RS18575	SCO3293	SC_RS18575	3642308	3642820	-	protein_coding	core	513	1	0	0	1
SC_RS18580	SCO3294	SC_RS18580	3642817	3644163	-	protein_coding	core	1347	1	0	0	1
SC_RS18585	SCO3295	SC_RS18585	3644267	3644935	-	protein_coding	core	669	1	0	0	1
SC_RS18590	SCO3296	SC_RS18590	3644932	3646035	-	protein_coding	core	1104	1	0	0	1
SC_RS18595	SCO3297	SC_RS18595	3646131	3646469	+	protein_coding	core	339	1	0	0	1
SC_RS18600	SCO3298	SC_RS18600	3646539	3647321	+	protein_coding	core	783	2	0	1	2
SC_RS18605	SCO3299	SC_RS18605	3647355	3648548	-	protein_coding	core	1194	2	1	0	2
SC_RS18610	SCO3300	SC_RS18610	3648753	3649631	+	protein_coding	core	879	1	0	1	1
SC_RS18615	SCO3301	SC_RS18615	3649749	3650615	+	protein_coding	core	867	1	0	0	1
SC_RS18620	SCO3302	SC_RS18620	3650705	3652006	+	protein_coding	core	1302	1	0	0	1
SC_RS18625	SCO3303	lysS	3652259	3654001	-	protein_coding	core	1743	0	0	0	0
SC_RS18630	SCO3304	argS	3654175	3655935	+	protein_coding	core	1761	0	0	0	0
SC_RS18635	SCO3305	SC_RS18635	3656071	3657396	+	protein_coding	core	1326	1	0	0	1
SC_RS18640	SCO3306	SC_RS18640	3657329	3658543	-	protein_coding	core	1215	1	1	0	1
SC_RS18645	SCO3307	SC_RS18645	3658635	3659537	-	protein_coding	core	903	1	0	1	1
SC_RS18650	SCO3308	SC_RS18650	3659641	3661035	-	protein_coding	core	1395	1	0	0	1
SC_RS18655		SC_RS18655	3661248	3661991	+	protein_coding	core	744	0	0	0	0
SC_RS18660	SCO3311	hemB	3662050	3663042	-	protein_coding	core	993	0	0	0	0
SC_RS18665	SCO3312	SC_RS18665	3663566	3663976	+	protein_coding	core	411	0	0	0	0
SC_RS18670	SCO3313	SC_RS18670	3663973	3664890	-	protein_coding	core	918	1	0	0	1
SC_RS18675	SCO3314	SC_RS18675	3665180	3666136	-	protein_coding	core	957	1	0	1	1
SC_RS18680	SCO3315	SC_RS18680	3666265	3666957	+	protein_coding	core	693	2	1	0	2
SC_RS18685	SCO3316	SC_RS18685	3666980	3667756	-	protein_coding	core	777	2	0	0	2
SC_RS18690	SCO3317	SC_RS18690	3668023	3669720	-	protein_coding	core	1698	4	0	1	4+
SC_RS18695	SCO3318	hemC	3669717	3670676	-	protein_coding	core	960	3	1	0	3
SC_RS18700	SCO3319	SC_RS18700	3670673	3672418	-	protein_coding	core	1746	3	0	2	3
SC_RS18705	SCO3320	SC_RS18705	3672415	3673191	-	protein_coding	core	777	3	0	0	3
SC_RS18710	SCO3321	SC_RS18710	3673466	3673762	-	protein_coding	core	297	1	1	0	1
SC_RS18715	SCO3322	SC_RS18715	3673916	3674866	+	protein_coding	core	951	1	1	0	1
SC_RS18720	SCO3323	SC_RS18720	3675181	3675975	+	protein_coding	core	795	1	0	0	1
SC_RS18725	SCO3324	SC_RS18725	3676223	3677473	+	protein_coding	core	1251	0	0	0	0
SC_RS18730	SCO3325	SC_RS18730	3677515	3678582	-	protein_coding	core	1068	0	0	0	0
SC_RS18735	SCO3326	SC_RS18735	3678597	3679658	-	protein_coding	core	1062	0	0	0	0
SC_RS18740	SCO3327	SC_RS18740	3679848	3679946	-	protein_coding	core	99	0	0	0	0
SC_RS18745	SCO3328	SC_RS18745	3680056	3680268	-	protein_coding	core	213	0	0	0	0
SC_RS18750	SCO3329	SC_RS18750	3680398	3681213	-	protein_coding	core	816	0	0	0	0
SC_RS18755	SCO3330	SC_RS18755	3681507	3682679	-	protein_coding	core	1173	0	0	0	0
SC_RS18760	SCO3331	SC_RS18760	3682630	3683877	-	protein_coding	core	1248	1	0	0	1
SC_RS18765	SCO3332	SC_RS18765	3683901	3684617	-	protein_coding	core	717	1	0	0	1
SC_RS18770	SCO3333	SC_RS18770	3684694	3685341	-	protein_coding	core	648	1	0	1	1
SC_RS18775	SCOr10	rrf	3685405	3685521	-	rRNA	core	117	1	0	0	1
SC_RS18780	SCOr11	SC_RS18780	3685606	3688729	-	rRNA	core	3124	1	0	0	1
SC_RS18785	SCOr12	SC_RS18785	3689012	3690538	-	rRNA	core	1527	1	0	0	1
SC_RS18790	SCO3334	trpS	3691374	3692384	+	protein_coding	core	1011	3	0	1	3
SC_RS18795	SCO3335	SC_RS18795	3692339	3693343	-	protein_coding	core	1005	3	1	0	3
SC_RS18800	SCO3336	SC_RS18800	3693418	3693999	+	protein_coding	core	582	3	0	2	3
SC_RS18805	SCO3337	proC	3694063	3694875	-	protein_coding	core	813	5	0	0	4+
SC_RS18810	SCO3338	SC_RS18810	3695123	3695923	-	protein_coding	core	801	4	1	0	4+
SC_RS18815	SCO3339	SC_RS18815	3695920	3696750	-	protein_coding	core	831	4	0	2	4+
SC_RS18820	SCO3340	SC_RS18820	3696891	3697673	-	protein_coding	core	783	4	0	0	4+
SC_RS18825	SCO3341	SC_RS18825	3698670	3699173	-	protein_coding	core	504	3	1	0	3
SC_RS18830	SCO3342	SC_RS18830	3699215	3699889	-	protein_coding	core	675	3	0	1	3
SC_RS18835	SCO3343	SC_RS18835	3700056	3700385	-	protein_coding	core	330	3	1	0	3
SC_RS18840	SCO3344	SC_RS18840	3700571	3702733	+	protein_coding	core	2163	3	0	1	3
SC_RS18845	SCO3345	ilvD	3702759	3704612	-	protein_coding	core	1854	1	0	0	1
SC_RS18850	SCO3346	SC_RS18850	3704768	3705382	-	protein_coding	core	615	1	0	0	1
SC_RS18855	SCO3347	SC_RS18855	3705379	3706236	-	protein_coding	core	858	2	1	0	2
SC_RS18860	SCO3348	SC_RS18860	3706398	3707327	-	protein_coding	core	930	3	0	1	3
SC_RS18865	SCO3349	SC_RS18865	3707399	3708214	+	protein_coding	core	816	3	0	0	3
SC_RS18870	SCO3350	SC_RS18870	3708278	3710074	-	protein_coding	core	1797	3	0	1	3
SC_RS18875	SCO3351	radA	3710688	3712097	+	protein_coding	core	1410	1	0	0	1
SC_RS18880	SCO3352	disA	3712179	3713303	+	protein_coding	core	1125	0	0	0	0
SC_RS18885		SC_RS18885	3713340	3714179	-	protein_coding	core	840	0	0	0	0
SC_RS18890	SCO3355	SC_RS18890	3714378	3715304	+	protein_coding	core	927	1	0	0	1
SC_RS18895	SCO3356	SC_RS18895	3715604	3716137	+	protein_coding	core	534	1	0	0	1
SC_RS18900	SCO3357	SC_RS18900	3716125	3716802	+	protein_coding	core	678	1	0	1	1
SC_RS18905	SCO3358	cseB	3716926	3717630	+	protein_coding	core	705	1	0	0	1
SC_RS18910	SCO3359	cseC	3717647	3719170	+	protein_coding	core	1524	1	0	0	1
SC_RS18915	SCO3360	SC_RS18915	3719200	3720033	-	protein_coding	core	834	0	0	0	0
SC_RS18920	SCO3361	SC_RS18920	3720125	3720577	-	protein_coding	core	453	0	0	0	0
SC_RS18925	SCO3362	SC_RS18925	3720696	3721331	+	protein_coding	core	636	0	0	0	0
SC_RS18930	SCO3363	SC_RS18930	3721342	3721785	+	protein_coding	core	444	1	0	0	1
SC_RS18935	SCO3364	SC_RS18935	3721792	3722244	+	protein_coding	core	453	1	0	0	1
SC_RS18940		SC_RS18940	3722257	3722448	-	protein_coding	core	192	1	0	0	1
SC_RS18945	SCO3365	SC_RS18945	3722414	3723256	-	protein_coding	core	843	2	1	0	2
SC_RS18955	SCO3366	SC_RS18955	3723844	3725439	-	protein_coding	core	1596	3	1	1	3
SC_RS18960	SCO3367	SC_RS18960	3725586	3726185	+	protein_coding	core	600	2	1	1	2
SC_RS18965	SCO3368	SC_RS18965	3726219	3726905	-	protein_coding	core	687	2	0	0	2
SC_RS18970	SCO3369	SC_RS18970	3727304	3729892	+	protein_coding	core	2589	1	0	0	1
SC_RS18975	SCO3370	SC_RS18975	3729902	3732487	+	protein_coding	core	2586	0	0	0	0
SC_RS18980	SCO3371	SC_RS18980	3732621	3733277	+	protein_coding	core	657	0	0	0	0
SC_RS18985	SCO3372	SC_RS18985	3733321	3736353	+	protein_coding	core	3033	0	0	0	0
SC_RS18990	SCO3373	SC_RS18990	3736431	3738956	-	protein_coding	core	2526	0	0	0	0
SC_RS18995	SCO3374	SC_RS18995	3739398	3740099	+	protein_coding	core	702	0	0	0	0
SC_RS19000	SCO3375	SC_RS19000	3740100	3740435	-	protein_coding	core	336	0	0	0	0
SC_RS19005	SCO3376	SC_RS19005	3740711	3741220	-	protein_coding	core	510	1	0	0	1
SC_RS19010	SCO3377	SC_RS19010	3741230	3741628	-	protein_coding	core	399	1	0	0	1
SC_RS19015	SCO3378	SC_RS19015	3741763	3741942	-	protein_coding	core	180	1	0	0	1
SC_RS19020	SCO3379	SC_RS19020	3741966	3742592	-	protein_coding	core	627	1	0	0	1
SC_RS19025	SCO3380	SC_RS19025	3743026	3743823	-	protein_coding	core	798	2	0	1	2
SC_RS19030	SCO3381	nadC	3743829	3744818	-	protein_coding	core	990	2	0	1	2
SC_RS19035	SCO3382	SC_RS19035	3744824	3746566	-	protein_coding	core	1743	2	0	0	2
SC_RS19040	SCO3383	panC	3746563	3747576	-	protein_coding	core	1014	1	0	0	1
SC_RS19045	SCO3384	SC_RS19045	3747573	3748835	-	protein_coding	core	1263	0	0	0	0
SC_RS19050	SCO3385	SC_RS19050	3749036	3750247	+	protein_coding	core	1212	0	0	0	0
SC_RS19055		SC_RS19055	3750254	3750529	-	protein_coding	core	276	0	0	0	0
SC_RS19060	SCO3387	SC_RS19060	3750688	3751794	+	protein_coding	core	1107	0	0	0	0
SC_RS19070	SCO3389	SC_RS19070	3752539	3753213	-	protein_coding	core	675	0	0	0	0
SC_RS19075	SCO3390	SC_RS19075	3753279	3754484	-	protein_coding	core	1206	0	0	0	0
SC_RS19080	SCO3391	SC_RS19080	3754603	3755691	+	protein_coding	core	1089	0	0	0	0
SC_RS19085	SCO3392	SC_RS19085	3755656	3756807	-	protein_coding	core	1152	0	0	0	0
SC_RS19090	SCO3393	SC_RS19090	3756839	3757396	+	protein_coding	core	558	0	0	0	0
SC_RS19095	SCO3394	SC_RS19095	3757786	3759117	+	protein_coding	core	1332	0	0	0	0
SC_RS19100	SCO3395	SC_RS19100	3759147	3760436	-	protein_coding	core	1290	1	0	0	1
SC_RS19105	SCO3396	SC_RS19105	3760573	3761706	-	protein_coding	core	1134	1	0	1	1
SC_RS19110	SCO3397	SC_RS19110	3761869	3763674	+	protein_coding	core	1806	2	1	0	2
SC_RS19115	SCO3398	folP	3764143	3765009	+	protein_coding	core	867	2	0	1	2
SC_RS19120	SCO3399	SC_RS19120	3765006	3765509	+	protein_coding	core	504	2	0	0	2
SC_RS19125	SCO3400	folB	3765814	3766173	+	protein_coding	core	360	2	0	0	2
SC_RS19130	SCO3401	folK	3766170	3766781	+	protein_coding	core	612	2	0	0	2
SC_RS19135	SCO3402	SC_RS19135	3766852	3767340	+	protein_coding	core	489	1	0	1	1
SC_RS19140	SCO3403	folE	3767356	3767961	-	protein_coding	core	606	2	0	0	2
SC_RS19145	SCO3404	ftsH	3768093	3770132	-	protein_coding	core	2040	2	0	1	2
SC_RS19150	SCO3405	hpt	3770329	3770889	-	protein_coding	core	561	1	0	0	1
SC_RS19155	SCO3406	tilS	3770964	3772022	-	protein_coding	core	1059	2	0	0	2
SC_RS19160	SCO3407	SC_RS19160	3772215	3773342	-	protein_coding	core	1128	1	1	0	1
SC_RS19165	SCO3408	dacB	3773464	3775065	-	protein_coding	core	1602	1	0	1	1
SC_RS19170	SCO3409	SC_RS19170	3775145	3775636	+	protein_coding	core	492	1	0	0	1
SC_RS19175	SCO3410	SC_RS19175	3775750	3777459	+	protein_coding	core	1710	0	0	0	0
SC_RS19180	SCO3411	SC_RS19180	3777456	3778367	-	protein_coding	core	912	1	0	0	1
SC_RS19185	SCO3412	SC_RS19185	3778503	3778868	+	protein_coding	core	366	1	0	0	1
SC_RS19190	SCO3413	SC_RS19190	3778914	3779675	-	protein_coding	core	762	2	0	1	2
SC_RS19195	SCO3414	SC_RS19195	3779785	3780231	-	protein_coding	core	447	2	0	0	2
SC_RS19200	SCO3415	SC_RS19200	3780339	3781268	+	protein_coding	core	930	2	0	1	2
SC_RS19205	SCO3416	SC_RS19205	3781328	3782755	+	protein_coding	core	1428	3	1	0	3
SC_RS19210	SCO3417	SC_RS19210	3782903	3783658	-	protein_coding	core	756	2	1	0	2
SC_RS19215	SCO3418	SC_RS19215	3783682	3784623	-	protein_coding	core	942	1	0	1	1
SC_RS19220	SCO3419	SC_RS19220	3784717	3785358	-	protein_coding	core	642	1	0	0	1
SC_RS19225	SCO3420	SC_RS19225	3785441	3786901	-	protein_coding	core	1461	1	0	0	1
SC_RS19230	SCO3421	SC_RS19230	3786977	3787801	-	protein_coding	core	825	0	0	0	0
SC_RS19235	SCO3423	SC_RS19235	3788179	3788643	+	protein_coding	core	465	1	0	0	1
SC_RS19240	SCO3424	SC_RS19240	3788692	3788943	-	protein_coding	core	252	1	0	0	1
SC_RS19245	SCO3425	rpsR	3789248	3789487	-	protein_coding	core	240	1	1	0	1
SC_RS19255	SCO3427	SC_RS19255	3790678	3790932	-	protein_coding	core	255	1	0	0	1
SC_RS19260	SCO3428	rpmG	3790939	3791103	-	protein_coding	core	165	1	0	0	1
SC_RS19265	SCO3429	rpmB	3791176	3791412	+	protein_coding	core	237	1	0	0	1
SC_RS19270	SCO3430	rpsN	3791412	3791717	+	protein_coding	core	306	1	0	0	1
SC_RS19275		SC_RS19275	3791751	3791891	-	protein_coding	core	141	1	0	0	1
SC_RS19280	SCO3431	SC_RS19280	3791947	3792453	+	protein_coding	core	507	1	0	0	1
SC_RS19285	SCO3432	SC_RS19285	3792412	3793668	-	protein_coding	core	1257	2	1	0	2
SC_RS19290	SCO3433	SC_RS19290	3793755	3794531	+	protein_coding	core	777	3	0	1	3
SC_RS19295	SCO3434	SC_RS19295	3794733	3796424	+	protein_coding	core	1692	4	0	2	4+
SC_RS19300	SCO3435	SC_RS19300	3796515	3797402	+	protein_coding	core	888	3	0	1	3
SC_RS19305	SCO3436	SC_RS19305	3797490	3799043	+	protein_coding	core	1554	3	1	0	3
SC_RS19310	SCO3437	SC_RS19310	3799715	3800455	-	protein_coding	core	741	0	0	0	0
SC_RS19315	SCO3438	SC_RS19315	3800452	3801438	-	protein_coding	core	987	0	0	0	0
SC_RS19320	SCO3439	SC_RS19320	3801712	3802629	+	protein_coding	core	918	1	0	0	1
SC_RS19325	SCO3440	SC_RS19325	3802662	3803408	+	protein_coding	core	747	1	0	0	1
SC_RS19330	SCO3441	SC_RS19330	3803405	3803974	+	protein_coding	core	570	1	0	1	1
SC_RS19335	SCO3442	SC_RS19335	3804032	3804376	+	protein_coding	core	345	1	0	0	1
SC_RS19340	SCO3443	SC_RS19340	3804673	3806037	-	protein_coding	core	1365	1	0	0	1
SC_RS19345	SCO3444	SC_RS19345	3806179	3808029	-	protein_coding	core	1851	1	1	0	1
SC_RS19350	SCO3445	SC_RS19350	3808168	3808293	-	protein_coding	core	126	1	0	1	1
SC_RS19355	SCO3446	SC_RS19355	3808429	3809106	-	protein_coding	core	678	1	0	0	1
SC_RS19360	SCO3447	SC_RS19360	3809247	3809876	-	protein_coding	core	630	1	0	0	1
SC_RS19365		SC_RS19365	3810083	3810211	+	protein_coding	core	129	1	0	0	1
SC_RS19370	SCO3449	SC_RS19370	3810352	3810621	-	protein_coding	core	270	0	0	0	0
SC_RS19375	SCO3450	SC_RS19375	3810669	3811226	-	protein_coding	core	558	0	0	0	0
SC_RS19380	SCO3451	SC_RS19380	3811392	3811703	+	protein_coding	core	312	0	0	0	0
SC_RS19385	SCO3452	SC_RS19385	3811766	3812845	-	protein_coding	core	1080	0	0	0	0
SC_RS19390	SCO3453	SC_RS19390	3812961	3814025	-	protein_coding	core	1065	0	0	0	0
SC_RS19395	SCO3454	SC_RS19395	3814031	3814873	-	protein_coding	core	843	0	0	0	0
SC_RS19400	SCO3455	SC_RS19400	3814870	3815739	-	protein_coding	core	870	1	0	0	1
SC_RS19405	SCO3456	SC_RS19405	3815736	3817001	-	protein_coding	core	1266	1	1	0	1
SC_RS19410	SCO3457	SC_RS19410	3817153	3817770	+	protein_coding	core	618	2	0	1	2
SC_RS19415	SCO3458	SC_RS19415	3817745	3818494	-	protein_coding	core	750	2	0	0	2
SC_RS19420	SCO3459	SC_RS19420	3818491	3819297	-	protein_coding	core	807	2	1	0	2
SC_RS19425	SCO3460	SC_RS19425	3819523	3820932	+	protein_coding	core	1410	1	1	0	1
SC_RS19430	SCO3461	SC_RS19430	3820929	3821387	+	protein_coding	core	459	1	0	0	1
SC_RS19435	SCO3462	SC_RS19435	3821387	3822823	+	protein_coding	core	1437	1	0	0	1
SC_RS19440	SCO3463	SC_RS19440	3822850	3823638	+	protein_coding	core	789	0	0	0	0
SC_RS19445	SCO3464	SC_RS19445	3823635	3824309	+	protein_coding	core	675	0	0	0	0
SC_RS19450	SCO3465	SC_RS19450	3824306	3825016	+	protein_coding	core	711	0	0	0	0
SC_RS19455	SCO3466	SC_RS19455	3825371	3826210	+	protein_coding	core	840	0	0	0	0
SC_RS19460	SCO3467	SC_RS19460	3826473	3827312	+	protein_coding	core	840	0	0	0	0
SC_RS19465	SCO3468	SC_RS19465	3827427	3828962	+	protein_coding	core	1536	0	0	0	0
SC_RS19470	SCO3469	SC_RS19470	3829043	3830584	-	protein_coding	core	1542	0	0	0	0
SC_RS19475	SCO3470	SC_RS19475	3830698	3831525	-	protein_coding	core	828	0	0	0	0
SC_RS19480	SCO3471	SC_RS19480	3831705	3832634	-	protein_coding	core	930	1	0	0	1
SC_RS19485	SCO3472	SC_RS19485	3832988	3833278	-	protein_coding	core	291	1	0	0	1
SC_RS19490	SCO3473	SC_RS19490	3834055	3834702	-	protein_coding	core	648	1	0	1	1
SC_RS19495	SCO3474	SC_RS19495	3834741	3835742	-	protein_coding	core	1002	1	0	0	1
SC_RS19500	SCO3475	dgoD	3835870	3837003	-	protein_coding	core	1134	1	0	0	1
SC_RS19505	SCO3476	SC_RS19505	3837216	3837968	-	protein_coding	core	753	0	0	0	0
SC_RS19510	SCO3477	SC_RS19510	3837968	3838990	-	protein_coding	core	1023	0	0	0	0
SC_RS19515	SCO3478	SC_RS19515	3838999	3839985	-	protein_coding	core	987	0	0	0	0
SC_RS19520	SCO3479	SC_RS19520	3840395	3843337	-	protein_coding	core	2943	0	0	0	0
SC_RS19525	SCO3480	SC_RS19525	3843523	3844608	-	protein_coding	core	1086	0	0	0	0
SC_RS19530	SCO3481	SC_RS19530	3844670	3845782	-	protein_coding	core	1113	0	0	0	0
SC_RS19535	SCO3482	SC_RS19535	3845809	3846576	-	protein_coding	core	768	0	0	0	0
SC_RS19540	SCO3483	SC_RS19540	3846702	3847649	-	protein_coding	core	948	0	0	0	0
SC_RS19545	SCO3484	SC_RS19545	3847685	3848845	-	protein_coding	core	1161	0	0	0	0
SC_RS19550	SCO3485	SC_RS19550	3849177	3850163	-	protein_coding	core	987	0	0	0	0
SC_RS19555	SCO3486	SC_RS19555	3850388	3851866	+	protein_coding	core	1479	0	0	0	0
SC_RS19560	SCO3487	SC_RS19560	3852309	3854645	+	protein_coding	core	2337	0	0	0	0
SC_RS19570	SCO3490	SC_RS19570	3855405	3856946	+	protein_coding	core	1542	1	0	0	1
SC_RS19575		SC_RS19575	3857536	3857739	+	protein_coding	core	204	1	0	0	1
SC_RS19580	SCO3491	SC_RS19580	3857726	3858133	+	protein_coding	core	408	1	0	1	1
SC_RS19585	SCO3493	SC_RS19585	3858421	3859008	-	protein_coding	core	588	1	0	0	1
SC_RS19590	SCO3494	SC_RS19590	3859063	3860043	-	protein_coding	core	981	1	0	0	1
SC_RS19595	SCO3495	SC_RS19595	3860040	3860717	-	protein_coding	core	678	1	0	0	1
SC_RS19600	SCO3496	SC_RS19600	3861209	3862690	-	protein_coding	core	1482	2	0	1	2
SC_RS19605	SCO3497	SC_RS19605	3863148	3863927	-	protein_coding	core	780	2	1	0	2
SC_RS19610	SCO3498	SC_RS19610	3863976	3864986	-	protein_coding	core	1011	2	0	1	2
SC_RS19615	SCO3499	SC_RS19615	3865049	3865636	-	protein_coding	core	588	1	0	0	1
SC_RS19620	SCO3500	SC_RS19620	3865647	3867689	-	protein_coding	core	2043	1	0	0	1
SC_RS19625	SCO3501	SC_RS19625	3867696	3869450	-	protein_coding	core	1755	2	0	0	2
SC_RS19630	SCO3502	SC_RS19630	3869438	3870205	-	protein_coding	core	768	2	2	0	2
SC_RS19635	SCO3503	SC_RS19635	3870261	3871187	-	protein_coding	core	927	2	0	2	2
SC_RS19640	SCO3504	SC_RS19640	3871177	3872142	-	protein_coding	core	966	2	0	0	2
SC_RS19645	SCO3505	SC_RS19645	3872165	3873454	-	protein_coding	core	1290	2	0	0	2
SC_RS19650	SCO3506	SC_RS19650	3873639	3874676	+	protein_coding	core	1038	0	0	0	0
SC_RS19655	SCO3507	SC_RS19655	3874908	3876263	+	protein_coding	core	1356	0	0	0	0
SC_RS19660	SCO3508	SC_RS19660	3877191	3877628	+	protein_coding	core	438	0	0	0	0
SC_RS19665	SCO3509	SC_RS19665	3877724	3878659	+	protein_coding	core	936	0	0	0	0
SC_RS19670	SCO3510	SC_RS19670	3878757	3879503	-	protein_coding	core	747	0	0	0	0
SC_RS19675	SCO3511	SC_RS19675	3880083	3881228	+	protein_coding	core	1146	1	0	0	1
SC_RS19680	SCO3512	SC_RS19680	3881317	3881625	+	protein_coding	core	309	1	0	0	1
SC_RS19685	SCO3513	SC_RS19685	3881625	3882305	+	protein_coding	core	681	1	0	0	1
SC_RS19690	SCO3514	SC_RS19690	3882333	3883742	+	protein_coding	core	1410	2	0	1	2
SC_RS19695	SCO3515	SC_RS19695	3883874	3885340	+	protein_coding	core	1467	3	0	1	3
SC_RS19700	SCO3516	SC_RS19700	3885367	3885819	+	protein_coding	core	453	3	0	0	3
SC_RS19705	SCO3517	SC_RS19705	3885846	3887351	+	protein_coding	core	1506	3	0	1	3
SC_RS19710	SCO3518	SC_RS19710	3887384	3888079	+	protein_coding	core	696	2	0	1	2
SC_RS19715	SCO3519	SC_RS19715	3888210	3888821	+	protein_coding	core	612	2	0	0	2
SC_RS19720	SCO3520	SC_RS19720	3888872	3889636	+	protein_coding	core	765	1	0	0	1
SC_RS19725	SCO3521	SC_RS19725	3889752	3890456	-	protein_coding	core	705	0	0	0	0
SC_RS19730	SCO3522	SC_RS19730	3890457	3890792	-	protein_coding	core	336	1	0	0	1
SC_RS19735	SCO3523	SC_RS19735	3891104	3891829	+	protein_coding	core	726	3	0	0	3
SC_RS19740	SCO3524	SC_RS19740	3891921	3892586	+	protein_coding	core	666	3	0	1	3
SC_RS19745	SCO3525	SC_RS19745	3892682	3893122	+	protein_coding	core	441	3	1	1	3
SC_RS19750	SCO3526	SC_RS19750	3893202	3894470	+	protein_coding	core	1269	4	1	1	4+
SC_RS19755	SCO3527	SC_RS19755	3894467	3894697	+	protein_coding	core	231	4	0	0	4+
SC_RS19760	SCO3528	SC_RS19760	3894694	3895866	+	protein_coding	core	1173	3	0	1	3
SC_RS19770		SC_RS19770	3896173	3897147	+	protein_coding	core	975	1	0	0	1
SC_RS19775	SCO3530	SC_RS19775	3897241	3897840	+	protein_coding	core	600	0	0	0	0
SC_RS19780	SCO3531	SC_RS19780	3897837	3898616	+	protein_coding	core	780	0	0	0	0
SC_RS19785	SCO3532	SC_RS19785	3898613	3899089	+	protein_coding	core	477	0	0	0	0
SC_RS19790	SCO3533	SC_RS19790	3899086	3899751	+	protein_coding	core	666	0	0	0	0
SC_RS19795	SCO3534	SC_RS19795	3899748	3902345	+	protein_coding	core	2598	0	0	0	0
SC_RS19800	SCO3535	SC_RS19800	3902381	3904501	+	protein_coding	core	2121	0	0	0	0
SC_RS19810	SCO3537	SC_RS19810	3904869	3905723	-	protein_coding	core	855	0	0	0	0
SC_RS19820	SCO3538	SC_RS19820	3906058	3906735	-	protein_coding	core	678	0	0	0	0
SC_RS19825	SCO3539	SC_RS19825	3907269	3908108	+	protein_coding	core	840	0	0	0	0
SC_RS19830	SCOt28	SC_RS19830	3908338	3908411	-	tRNA	core	74	0	0	0	0
SC_RS19835	SCO3540	SC_RS19835	3908520	3910139	-	protein_coding	core	1620	0	0	0	0
SC_RS19840	SCO3541	SC_RS19840	3910252	3911457	-	protein_coding	core	1206	0	0	0	0
SC_RS19845	SCO3542	tmk	3911610	3914879	-	protein_coding	core	3270	0	0	0	0
SC_RS19850	SCO3543	topA	3915027	3917885	-	protein_coding	core	2859	1	0	0	1
SC_RS19855		SC_RS19855	3918154	3918351	-	protein_coding	core	198	1	0	0	1
SC_RS19860	SCO3545	SC_RS19860	3918572	3920089	-	protein_coding	core	1518	1	0	1	1
SC_RS19865	SCO3546	SC_RS19865	3920177	3920767	-	protein_coding	core	591	1	0	0	1
SC_RS19870	SCO3547	SC_RS19870	3920987	3923371	-	protein_coding	core	2385	1	0	0	1
SC_RS19875	SCO3548	SC_RS19875	3923710	3924141	-	protein_coding	core	432	0	0	0	0
SC_RS19880	SCO3549	bldG	3924251	3924592	-	protein_coding	core	342	0	0	0	0
SC_RS19885	SCO3550	SC_RS19885	3924675	3927149	+	protein_coding	core	2475	2	0	0	2
SC_RS19890		SC_RS19890	3927094	3927531	-	protein_coding	core	438	3	0	0	3
SC_RS19895	SCO3552	SC_RS19895	3927783	3928235	-	protein_coding	core	453	3	1	0	3
SC_RS19900	SCO3553	SC_RS19900	3928243	3928470	-	protein_coding	core	228	4	1	0	4+
SC_RS19905	SCO3554	SC_RS19905	3928551	3929354	-	protein_coding	core	804	4	1	2	4+
SC_RS19910	SCO3555	SC_RS19910	3929351	3930286	-	protein_coding	core	936	5	1	1	4+
SC_RS19915	SCO3556	SC_RS19915	3930322	3931494	-	protein_coding	core	1173	6	0	0	4+
SC_RS19920	SCO3557	ssd	3931899	3933089	-	protein_coding	core	1191	3	0	2	3
SC_RS19925	SCO3558	SC_RS19925	3933701	3934558	+	protein_coding	core	858	2	0	0	2
SC_RS19930	SCO3559	SC_RS19930	3934978	3935802	-	protein_coding	core	825	0	0	0	0
SC_RS19935	SCO3560	SC_RS19935	3935914	3936894	+	protein_coding	core	981	0	0	0	0
SC_RS19940	SCO3561	SC_RS19940	3936946	3938241	-	protein_coding	core	1296	0	0	0	0
SC_RS19945	SCO3562	SC_RS19945	3938497	3940989	+	protein_coding	core	2493	0	0	0	0
SC_RS19950	SCO3563	acs	3941251	3943206	+	protein_coding	core	1956	1	0	0	1
SC_RS19955	SCO3564	nhaA	3943390	3944814	+	protein_coding	core	1425	1	1	0	1
SC_RS19960	SCO3565	SC_RS19960	3944949	3945437	+	protein_coding	core	489	1	0	0	1
SC_RS19965	SCO3566	SC_RS19965	3945434	3946408	+	protein_coding	core	975	0	0	0	0
SC_RS19970		SC_RS19970	3946569	3946754	+	protein_coding	core	186	0	0	0	0
SC_RS19975	SCO3567	SC_RS19975	3946803	3948008	-	protein_coding	core	1206	1	0	0	1
SC_RS19980	SCO3568	SC_RS19980	3948054	3948797	-	protein_coding	core	744	1	0	0	1
SC_RS19985	SCO3569	nth	3948850	3949956	-	protein_coding	core	1107	2	0	1	2
SC_RS19990	SCO3571	SC_RS19990	3950326	3951000	+	protein_coding	core	675	2	0	0	2
SC_RS19995	SCO3572	SC_RS19995	3951085	3951927	-	protein_coding	core	843	2	0	1	2
SC_RS20000	SCO3573	SC_RS20000	3951924	3952862	-	protein_coding	core	939	1	0	0	1
SC_RS20005	SCO3574	SC_RS20005	3952921	3953985	-	protein_coding	core	1065	1	0	0	1
SC_RS20010	SCO3575	SC_RS20010	3954219	3954686	-	protein_coding	core	468	1	0	0	1
SC_RS20015	SCO3576	SC_RS20015	3954683	3954844	-	protein_coding	core	162	1	0	0	1
SC_RS20020	SCO3577	SC_RS20020	3954997	3955974	+	protein_coding	core	978	1	0	0	1
SC_RS20025	SCO3578	SC_RS20025	3955971	3957416	+	protein_coding	core	1446	3	0	1	3
SC_RS20030	SCO3579	wblA	3957444	3957782	-	protein_coding	core	339	3	0	0	3
SC_RS20035	SCO3580	SC_RS20035	3958243	3960513	+	protein_coding	core	2271	5	0	2	4+
SC_RS20040	SCO3581	SC_RS20040	3960641	3961105	-	protein_coding	core	465	4	0	1	4+
SC_RS20045	SCO3582	SC_RS20045	3961226	3962155	+	protein_coding	core	930	3	0	2	3
SC_RS20050	SCO3583	SC_RS20050	3962279	3963043	+	protein_coding	core	765	3	2	0	3
SC_RS20055	SCOt29	SC_RS20055	3963111	3963184	+	tRNA	core	74	2	0	0	2
SC_RS20065	SCO3586	SC_RS20065	3964141	3964956	-	protein_coding	core	816	0	0	0	0
SC_RS20070	SCO3587	SC_RS20070	3965144	3965740	-	protein_coding	core	597	1	0	0	1
SC_RS20075	SCO3588	SC_RS20075	3965625	3966812	+	protein_coding	core	1188	1	0	0	1
SC_RS20080	SCO3589	vanS-Sc	3966835	3967929	-	protein_coding	core	1095	3	0	1	3
SC_RS20085	SCO3590	vanR-Sc	3967922	3968617	-	protein_coding	core	696	3	0	0	3
SC_RS20090	SCO3591	SC_RS20090	3968694	3968819	-	protein_coding	core	126	3	0	0	3
SC_RS20095	SCO3592	vanJ	3968822	3969814	+	protein_coding	core	993	3	0	2	3
SC_RS20100	SCO3593	SC_RS20100	3970005	3971198	+	protein_coding	core	1194	2	1	0	2
SC_RS20105	SCO3594	vanH-Sc	3971293	3972306	+	protein_coding	core	1014	2	0	0	2
SC_RS20110	SCO3595	vanA-Sc	3972317	3973357	+	protein_coding	core	1041	0	0	0	0
SC_RS20115	SCO3596	SC_RS20115	3973354	3973962	+	protein_coding	core	609	0	0	0	0
SC_RS20120	SCO3597	SC_RS20120	3974012	3974824	-	protein_coding	core	813	1	0	0	1
SC_RS20125	SCO3598	SC_RS20125	3974836	3975705	-	protein_coding	core	870	1	0	0	1
SC_RS20130	SCO3599	SC_RS20130	3975852	3976808	-	protein_coding	core	957	3	0	1	3
SC_RS20135	SCO3600	SC_RS20135	3976873	3977412	+	protein_coding	core	540	4	1	0	4+
SC_RS20140	SCO3601	SC_RS20140	3977529	3978014	+	protein_coding	core	486	4	0	0	4+
SC_RS20145	SCO3602	SC_RS20145	3978061	3979272	-	protein_coding	core	1212	4	0	3	4+
SC_RS20150	SCO3603	SC_RS20150	3979806	3981350	-	protein_coding	core	1545	3	0	0	3
SC_RS20155	SCO3604	SC_RS20155	3981549	3981839	-	protein_coding	core	291	0	0	0	0
SC_RS20160	SCO3605	SC_RS20160	3982106	3982402	+	protein_coding	core	297	0	0	0	0
SC_RS20165	SCO3606	SC_RS20165	3982525	3983607	+	protein_coding	core	1083	2	0	0	2
SC_RS20170	SCO3607	SC_RS20170	3983677	3985146	-	protein_coding	core	1470	3	0	2	3
SC_RS20175	SCO3608	SC_RS20175	3985241	3985750	-	protein_coding	core	510	3	0	0	3
SC_RS20180	SCO3609	SC_RS20180	3985984	3987855	+	protein_coding	core	1872	3	0	1	3
SC_RS20185	SCO3610	SC_RS20185	3988036	3989856	-	protein_coding	core	1821	1	0	0	1
SC_RS20190	SCO3611	SC_RS20190	3989989	3990816	+	protein_coding	core	828	1	0	0	1
SC_RS20195	SCO3612	SC_RS20195	3990912	3992276	-	protein_coding	core	1365	2	0	1	2
SC_RS20200	SCO3613	SC_RS20200	3992273	3992845	-	protein_coding	core	573	2	0	0	2
SC_RS20205	SCO3614	SC_RS20205	3993330	3994418	-	protein_coding	core	1089	3	0	1	3
SC_RS20210	SCO3615	SC_RS20210	3994418	3995695	-	protein_coding	core	1278	3	0	1	3
SC_RS20215	SCO3616	SC_RS20215	3995973	3996191	+	protein_coding	core	219	2	0	0	2
SC_RS20220	SCO3617	SC_RS20220	3996276	3996935	-	protein_coding	core	660	2	0	1	2
SC_RS20225	SCO3618	recR	3996928	3997527	-	protein_coding	core	600	2	0	0	2
SC_RS20230	SCO3619	SC_RS20230	3997626	3997973	-	protein_coding	core	348	1	0	0	1
SC_RS20235	SCO3620	SC_RS20235	3998255	3999019	+	protein_coding	core	765	1	0	0	1
SC_RS20240	SCO3621	SC_RS20240	3999086	4001437	-	protein_coding	core	2352	1	0	0	1
SC_RS20245	SCO3622	SC_RS20245	4001665	4003020	+	protein_coding	core	1356	2	0	0	2
SC_RS20250	SCO3623	SC_RS20250	4003147	4003848	+	protein_coding	core	702	2	0	1	2
SC_RS20255	SCO3624	SC_RS20255	4003965	4004615	+	protein_coding	core	651	2	0	1	2
SC_RS20260	SCO3625	SC_RS20260	4004631	4004921	-	protein_coding	core	291	2	0	0	2
SC_RS20265	SCO3626	SC_RS20265	4004960	4005844	-	protein_coding	core	885	2	0	0	2
SC_RS20270	SCO3627	SC_RS20270	4005960	4006160	-	protein_coding	core	201	2	0	0	2
SC_RS20275	SCO3628	SC_RS20275	4006237	4006728	-	protein_coding	core	492	1	0	0	1
SC_RS20280	SCO3629	SC_RS20280	4006900	4008183	-	protein_coding	core	1284	1	0	1	1
SC_RS20285	SCO3630	SC_RS20285	4008369	4009274	+	protein_coding	core	906	1	1	0	1
SC_RS20290	SCO3631	SC_RS20290	4009352	4009780	+	protein_coding	core	429	1	0	0	1
SC_RS20295	SCO3632	SC_RS20295	4009793	4010302	-	protein_coding	core	510	1	0	0	1
SC_RS20300	SCO3633	SC_RS20300	4010391	4011326	+	protein_coding	core	936	0	0	0	0
SC_RS20305	SCO3634	SC_RS20305	4011323	4012942	+	protein_coding	core	1620	0	0	0	0
SC_RS20310		SC_RS20310	4013073	4013537	+	protein_coding	core	465	0	0	0	0
SC_RS20315		SC_RS20315	4013595	4013918	+	protein_coding	core	324	0	0	0	0
SC_RS20320	SCO3636	SC_RS20320	4013901	4015136	-	protein_coding	core	1236	0	0	0	0
SC_RS20325	SCO3637	SC_RS20325	4015183	4015701	+	protein_coding	core	519	0	0	0	0
SC_RS20330	SCO3638	SC_RS20330	4015726	4016391	-	protein_coding	core	666	0	0	0	0
SC_RS20335	SCO3639	SC_RS20335	4016388	4017806	-	protein_coding	core	1419	0	0	0	0
SC_RS20340	SCO3640	SC_RS20340	4017820	4018506	-	protein_coding	core	687	1	0	0	1
SC_RS20345	SCO3641	SC_RS20345	4018503	4019882	-	protein_coding	core	1380	1	1	0	1
SC_RS20350	SCO3642	SC_RS20350	4019875	4021137	-	protein_coding	core	1263	1	0	1	1
SC_RS20355	SCO3643	SC_RS20355	4021130	4022119	-	protein_coding	core	990	2	0	0	2
SC_RS20360	SCO3644	SC_RS20360	4022264	4023169	-	protein_coding	core	906	2	1	0	2
SC_RS20365	SCO3645	kynU	4023366	4024598	-	protein_coding	core	1233	2	0	2	2
SC_RS20370	SCO3646	SC_RS20370	4024591	4025406	-	protein_coding	core	816	2	0	0	2
SC_RS20375	SCO3647	SC_RS20375	4025550	4025963	-	protein_coding	core	414	2	0	0	2
SC_RS20380	SCO3648	SC_RS20380	4026217	4027671	-	protein_coding	core	1455	2	0	1	2
SC_RS20385	SCO3649	fbaA	4027742	4028773	-	protein_coding	core	1032	1	0	0	1
SC_RS20390	SCO3650	pyrE	4028946	4029494	-	protein_coding	core	549	1	0	0	1
SC_RS20395	SCO3651	SC_RS20395	4029505	4030293	-	protein_coding	core	789	0	0	0	0
SC_RS20400	SCO3652	SC_RS20400	4030362	4031246	-	protein_coding	core	885	0	0	0	0
SC_RS20405	SCO3653	SC_RS20405	4031299	4032045	-	protein_coding	core	747	0	0	0	0
SC_RS20410	SCO3654	SC_RS20410	4032042	4033202	-	protein_coding	core	1161	0	0	0	0
SC_RS20415	SCO3655	SC_RS20415	4033456	4035120	-	protein_coding	core	1665	1	0	0	1
SC_RS20420	SCO3656	SC_RS20420	4035252	4035788	-	protein_coding	core	537	1	0	0	1
SC_RS20425		SC_RS20425	4036189	4036482	-	protein_coding	core	294	1	1	0	1
SC_RS20430	SCO3658	SC_RS20430	4036689	4037879	+	protein_coding	core	1191	1	0	1	1
SC_RS20435	SCO3659	SC_RS20435	4037975	4038511	-	protein_coding	core	537	1	0	0	1
SC_RS20440	SCO3660	SC_RS20440	4038637	4040280	-	protein_coding	core	1644	1	0	0	1
SC_RS20445	SCO3661	clpB	4040450	4043047	-	protein_coding	core	2598	0	0	0	0
SC_RS20450	SCO3662	SC_RS20450	4043330	4043665	-	protein_coding	core	336	0	0	0	0
SC_RS20455	SCO3664	SC_RS20455	4043964	4045001	+	protein_coding	core	1038	0	0	0	0
SC_RS20460	SCO3665	SC_RS20460	4044998	4045981	+	protein_coding	core	984	0	0	0	0
SC_RS20465	SCO3666	SC_RS20465	4045944	4046981	-	protein_coding	core	1038	0	0	0	0
SC_RS20470	SCO3667	SC_RS20470	4047138	4048256	-	protein_coding	core	1119	0	0	0	0
SC_RS20475	SCO3668	SC_RS20475	4048460	4048915	-	protein_coding	core	456	0	0	0	0
SC_RS20480	SCO3669	dnaJ	4048921	4050120	-	protein_coding	core	1200	0	0	0	0
SC_RS20485	SCO3670	grpE	4050163	4050840	-	protein_coding	core	678	0	0	0	0
SC_RS20490	SCO3671	dnaK	4050837	4052693	-	protein_coding	core	1857	0	0	0	0
SC_RS20495	SCO3672	SC_RS20495	4052789	4054024	-	protein_coding	core	1236	1	0	0	1
SC_RS20500	SCO3673	SC_RS20500	4054268	4056550	+	protein_coding	core	2283	2	0	1	2
SC_RS20505	SCO3674	SC_RS20505	4056685	4057986	+	protein_coding	core	1302	2	0	0	2
SC_RS20510	SCO3675	SC_RS20510	4058105	4059337	+	protein_coding	core	1233	1	0	1	1
SC_RS20515	SCO3676	SC_RS20515	4059415	4060467	+	protein_coding	core	1053	1	0	0	1
SC_RS20520	SCO3677	SC_RS20520	4060547	4061044	-	protein_coding	core	498	0	0	0	0
SC_RS20525	SCO3678	dcd	4061079	4061654	-	protein_coding	core	576	0	0	0	0
SC_RS20530	SCOt30	SC_RS20530	4062164	4062237	+	tRNA	core	74	1	0	0	1
SC_RS20535	SCO3679	SC_RS20535	4062764	4064491	+	protein_coding	core	1728	1	0	1	1
SC_RS20540	SCO3681	SC_RS20540	4064888	4065388	+	protein_coding	core	501	1	0	0	1
SC_RS20545	SCO3682	SC_RS20545	4065489	4066526	+	protein_coding	core	1038	1	0	0	1
SC_RS20550	SCO3683	SC_RS20550	4066523	4066807	-	protein_coding	core	285	0	0	0	0
SC_RS20555	SCO3684	SC_RS20555	4066804	4067394	-	protein_coding	core	591	0	0	0	0
SC_RS20560	SCO3685	SC_RS20560	4067767	4068168	+	protein_coding	core	402	0	0	0	0
SC_RS20565	SCO3686	SC_RS20565	4068136	4068669	-	protein_coding	core	534	0	0	0	0
SC_RS20570	SCO3687	SC_RS20570	4069088	4069687	+	protein_coding	core	600	0	0	0	0
SC_RS20575	SCO3688	SC_RS20575	4069691	4070653	+	protein_coding	core	963	0	0	0	0
SC_RS20580		SC_RS20580	4071140	4071427	+	protein_coding	core	288	0	0	0	0
SC_RS20585	SCO3690	SC_RS20585	4071572	4072381	+	protein_coding	core	810	0	0	0	0
SC_RS20590	SCO3691	SC_RS20590	4072381	4073649	+	protein_coding	core	1269	0	0	0	0
SC_RS20595	SCO3692	SC_RS20595	4073646	4074005	+	protein_coding	core	360	0	0	0	0
SC_RS20600	SCO3693	SC_RS20600	4074209	4074751	+	protein_coding	core	543	0	0	0	0
SC_RS20605	SCO3694	SC_RS20605	4074756	4075130	-	protein_coding	core	375	0	0	0	0
SC_RS20615	SCO3696	SC_RS20615	4075938	4076306	+	protein_coding	core	369	2	0	0	2
SC_RS20625	SCO3698	arsB	4077583	4078692	-	protein_coding	core	1110	4	1	2	4+
SC_RS20630	SCO3699	SC_RS20630	4078689	4078997	-	protein_coding	core	309	4	1	1	4+
SC_RS20635	SCO3700	SC_RS20635	4079089	4079502	+	protein_coding	core	414	4	1	1	4+
SC_RS20645	SCO3702	SC_RS20645	4079863	4080510	+	protein_coding	core	648	3	1	0	3
SC_RS20650	SCO3703	SC_RS20650	4080650	4081045	+	protein_coding	core	396	2	0	0	2
SC_RS20655	SCO3704	modA	4081222	4082031	+	protein_coding	core	810	1	0	0	1
SC_RS20660	SCO3705	SC_RS20660	4082028	4082879	+	protein_coding	core	852	0	0	0	0
SC_RS20665	SCO3706	SC_RS20665	4082876	4084000	+	protein_coding	core	1125	0	0	0	0
SC_RS20670	SCO3707	SC_RS20670	4084035	4084604	-	protein_coding	core	570	0	0	0	0
SC_RS20675	SCO3708	SC_RS20675	4084704	4085324	-	protein_coding	core	621	0	0	0	0
SC_RS20680	SCO3709	SC_RS20680	4085317	4085871	-	protein_coding	core	555	1	0	0	1
SC_RS20685	SCO3710	SC_RS20685	4086039	4087673	+	protein_coding	core	1635	1	0	0	1
SC_RS20690	SCO3711	SC_RS20690	4087658	4088053	+	protein_coding	core	396	1	0	1	1
SC_RS20695	SCO3712	SC_RS20695	4088208	4088984	+	protein_coding	core	777	1	1	0	1
SC_RS20705	SCO3714	SC_RS20705	4089285	4090508	-	protein_coding	core	1224	1	0	0	1
SC_RS20715	SCO3716	SC_RS20715	4091267	4091944	-	protein_coding	core	678	0	0	0	0
SC_RS20720	SCO3717	kdpB	4091950	4094073	-	protein_coding	core	2124	1	1	0	1
SC_RS20725	SCO3718	kdpA	4094070	4095734	-	protein_coding	core	1665	1	0	1	1
SC_RS20730	SCO3719	kdpF	4095742	4095831	-	protein_coding	core	90	1	0	0	1
SC_RS20735	SCO3721	SC_RS20735	4096157	4096780	-	protein_coding	core	624	1	0	0	1
SC_RS20740	SCO3722	SC_RS20740	4096845	4097198	-	protein_coding	core	354	1	0	0	1
SC_RS20745	SCO3723	SC_RS20745	4097457	4098950	+	protein_coding	core	1494	2	0	1	2
SC_RS20750	SCO3724	SC_RS20750	4098986	4099411	-	protein_coding	core	426	2	0	0	2
SC_RS20755	SCO3725	SC_RS20755	4099520	4100809	-	protein_coding	core	1290	2	0	1	2
SC_RS20760	SCO3726	SC_RS20760	4100888	4101508	-	protein_coding	core	621	1	0	0	1
SC_RS20765	SCO3727	SC_RS20765	4101639	4102223	+	protein_coding	core	585	1	0	0	1
SC_RS20770	SCO3728	SC_RS20770	4102349	4103080	-	protein_coding	core	732	0	0	0	0
SC_RS20775	SCO3729	SC_RS20775	4103188	4103841	-	protein_coding	core	654	0	0	0	0
SC_RS20780	SCO3730	SC_RS20780	4104198	4105055	+	protein_coding	core	858	0	0	0	0
SC_RS20785	SCO3731	SC_RS20785	4105340	4105543	+	protein_coding	core	204	0	0	0	0
SC_RS20790	SCO3732	SC_RS20790	4105819	4107405	+	protein_coding	core	1587	0	0	0	0
SC_RS20795	SCO3733	SC_RS20795	4107493	4107822	+	protein_coding	core	330	0	0	0	0
SC_RS20800	SCO3734	SC_RS20800	4107830	4108183	-	protein_coding	core	354	0	0	0	0
SC_RS20805	SCO3735	SC_RS20805	4108183	4108752	-	protein_coding	core	570	0	0	0	0
SC_RS20810	SCO3736	SC_RS20810	4108736	4109227	-	protein_coding	core	492	0	0	0	0
SC_RS20815	SCO3737	SC_RS20815	4109279	4109905	-	protein_coding	core	627	0	0	0	0
SC_RS20820	SCO3738	SC_RS20820	4109902	4110291	-	protein_coding	core	390	0	0	0	0
SC_RS20825	SCO3739	SC_RS20825	4110508	4111512	+	protein_coding	core	1005	0	0	0	0
SC_RS20830	SCO3740	SC_RS20830	4111533	4112645	-	protein_coding	core	1113	0	0	0	0
SC_RS20835	SCO3741	SC_RS20835	4112648	4113550	-	protein_coding	core	903	0	0	0	0
SC_RS20840	SCO3742	SC_RS20840	4113665	4114393	+	protein_coding	core	729	0	0	0	0
SC_RS20845	SCO3743	SC_RS20845	4114399	4115031	+	protein_coding	core	633	0	0	0	0
SC_RS20850	SCO3744	SC_RS20850	4115028	4115813	+	protein_coding	core	786	0	0	0	0
SC_RS20855	SCO3746	SC_RS20855	4116154	4117392	-	protein_coding	core	1239	0	0	0	0
SC_RS20860	SCO3747	SC_RS20860	4117506	4118876	+	protein_coding	core	1371	0	0	0	0
SC_RS20865	SCO3748	SC_RS20865	4118957	4119160	-	protein_coding	core	204	0	0	0	0
SC_RS20870	SCO3749	SC_RS20870	4119416	4120072	-	protein_coding	core	657	0	0	0	0
SC_RS20875	SCO3750	SC_RS20875	4120212	4121462	-	protein_coding	core	1251	1	0	0	1
SC_RS20880	SCO3751	SC_RS20880	4121664	4121933	+	protein_coding	core	270	2	0	0	2
SC_RS20885	SCO3752	SC_RS20885	4121930	4122688	+	protein_coding	core	759	2	0	0	2
SC_RS20890	SCO3753	SC_RS20890	4122691	4125243	+	protein_coding	core	2553	3	0	3	3
SC_RS20895	SCO3754	SC_RS20895	4125465	4127978	-	protein_coding	core	2514	2	0	0	2
SC_RS20900	SCO3755	SC_RS20900	4127975	4128817	-	protein_coding	core	843	0	0	0	0
SC_RS20905	SCO3756	SC_RS20905	4128978	4129652	-	protein_coding	core	675	0	0	0	0
SC_RS20910	SCO3757	SC_RS20910	4129649	4130926	-	protein_coding	core	1278	0	0	0	0
SC_RS20915	SCO3758	SC_RS20915	4131008	4132060	-	protein_coding	core	1053	0	0	0	0
SC_RS20920	SCO3759	SC_RS20920	4132135	4133346	-	protein_coding	core	1212	0	0	0	0
SC_RS20925	SCO3760	SC_RS20925	4133355	4134332	-	protein_coding	core	978	0	0	0	0
SC_RS20930	SCO3761	SC_RS20930	4134484	4134996	-	protein_coding	core	513	0	0	0	0
SC_RS20935	SCO3763	SC_RS20935	4135438	4137513	-	protein_coding	core	2076	2	0	0	2
SC_RS20940	SCO3764	SC_RS20940	4137713	4138738	-	protein_coding	core	1026	2	1	1	2
SC_RS20945	SCO3765	SC_RS20945	4138735	4140114	-	protein_coding	core	1380	2	0	1	2
SC_RS20950	SCO3766	SC_RS20950	4140385	4141329	+	protein_coding	core	945	2	0	0	2
SC_RS20955	SCO3767	SC_RS20955	4141437	4141892	+	protein_coding	core	456	0	0	0	0
SC_RS20960	SCO3768	SC_RS20960	4141996	4142244	+	protein_coding	core	249	0	0	0	0
SC_RS20965	SCO3769	SC_RS20965	4142257	4142994	-	protein_coding	core	738	0	0	0	0
SC_RS20970	SCO3770	SC_RS20970	4143115	4144254	+	protein_coding	core	1140	0	0	0	0
SC_RS20975	SCO3771	SC_RS20975	4144272	4145912	-	protein_coding	core	1641	1	0	0	1
SC_RS20980	SCO3772	SC_RS20980	4145930	4146976	-	protein_coding	core	1047	1	0	1	1
SC_RS20985	SCO3773	SC_RS20985	4147062	4148024	+	protein_coding	core	963	2	1	0	2
SC_RS20990	SCO3774	SC_RS20990	4148686	4149564	+	protein_coding	core	879	3	0	1	3
SC_RS20995	SCO3775	SC_RS20995	4149589	4151232	-	protein_coding	core	1644	2	0	1	2
SC_RS21000	SCO3776	SC_RS21000	4151472	4151843	+	protein_coding	core	372	1	0	0	1
SC_RS21005	SCO3777	SC_RS21005	4151848	4152975	+	protein_coding	core	1128	1	0	0	1
SC_RS21010	SCO3778	thrS	4153189	4154442	+	protein_coding	core	1254	0	0	0	0
SC_RS21015	SCO3779	SC_RS21015	4154591	4155571	+	protein_coding	core	981	1	0	0	1
SC_RS21020	SCO3780	SC_RS21020	4155682	4157352	+	protein_coding	core	1671	1	0	1	1
SC_RS21025	SCO3781	SC_RS21025	4157484	4158338	+	protein_coding	core	855	1	0	0	1
SC_RS21030	SCO3782	SC_RS21030	4158580	4159929	-	protein_coding	core	1350	1	0	0	1
SC_RS21035	SCO3783	SC_RS21035	4160042	4160218	+	protein_coding	core	177	0	0	0	0
SC_RS21040	SCO3784	SC_RS21040	4160268	4161347	-	protein_coding	core	1080	1	0	0	1
SC_RS21045	SCO3785	SC_RS21045	4161431	4162660	-	protein_coding	core	1230	3	0	1	3
SC_RS21050	SCO3786	SC_RS21050	4162884	4163303	+	protein_coding	core	420	3	0	0	3
SC_RS21055	SCO3787	SC_RS21055	4163376	4164320	+	protein_coding	core	945	5	0	2	4+
SC_RS21060	SCO3788	SC_RS21060	4164366	4164737	+	protein_coding	core	372	4	1	0	4+
SC_RS21065	SCO3789	SC_RS21065	4164773	4165789	+	protein_coding	core	1017	4	0	1	4+
SC_RS21070	SCO3790	SC_RS21070	4165816	4167894	-	protein_coding	core	2079	4	0	1	4+
SC_RS21075	SCO3791	SC_RS21075	4168158	4169495	+	protein_coding	core	1338	2	0	1	2
SC_RS21080	SCO3792	metG	4169611	4171227	+	protein_coding	core	1617	4	1	1	4+
SC_RS21085	SCO3793	SC_RS21085	4171328	4171693	+	protein_coding	core	366	5	0	1	4+
SC_RS21095	SCO3794	SC_RS21095	4171889	4172662	-	protein_coding	core	774	4	0	0	4+
SC_RS21100	SCO3795	aspS	4172747	4174510	-	protein_coding	core	1764	3	0	1	3
SC_RS21105	SCO3796	SC_RS21105	4174717	4176885	+	protein_coding	core	2169	2	0	0	2
SC_RS21110	SCO3797	SC_RS21110	4176813	4177901	-	protein_coding	core	1089	1	0	0	1
SC_RS21115	SCO3798	SC_RS21115	4177967	4178944	-	protein_coding	core	978	1	0	1	1
SC_RS21120	SCO3799	SC_RS21120	4179065	4179535	-	protein_coding	core	471	1	0	0	1
SC_RS21125	SCO3800	SC_RS21125	4179684	4181510	+	protein_coding	core	1827	2	0	0	2
SC_RS21130	SCO3801	SC_RS21130	4181609	4182907	+	protein_coding	core	1299	1	0	1	1
SC_RS21135	SCO3802	SC_RS21135	4183022	4183273	+	protein_coding	core	252	1	0	0	1
SC_RS21140	SCO3803	SC_RS21140	4183333	4183737	-	protein_coding	core	405	1	0	0	1
SC_RS21145	SCO3804	SC_RS21145	4183789	4184793	+	protein_coding	core	1005	1	0	0	1
SC_RS21150	SCO3805	SC_RS21150	4184790	4185284	+	protein_coding	core	495	0	0	0	0
SC_RS21155	SCO3806	SC_RS21155	4185307	4185765	-	protein_coding	core	459	0	0	0	0
SC_RS21160	SCO3807	SC_RS21160	4185833	4186627	-	protein_coding	core	795	0	0	0	0
SC_RS21165	SCO3808	SC_RS21165	4186809	4187633	+	protein_coding	core	825	0	0	0	0
SC_RS21170	SCO3809	SC_RS21170	4187758	4189068	-	protein_coding	core	1311	1	0	0	1
SC_RS21175	SCO3810	SC_RS21175	4189065	4189715	-	protein_coding	core	651	1	0	0	1
SC_RS21180	SCO3811	SC_RS21180	4189937	4190881	+	protein_coding	core	945	1	0	0	1
SC_RS21185	SCO3812	SC_RS21185	4190999	4191346	+	protein_coding	core	348	1	0	1	1
SC_RS21190	SCO3813	SC_RS21190	4191343	4192329	+	protein_coding	core	987	1	1	0	1
SC_RS21195	SCO3814	SC_RS21195	4192477	4193454	+	protein_coding	core	978	1	0	0	1
SC_RS21200	SCO3815	SC_RS21200	4193532	4194950	-	protein_coding	core	1419	0	0	0	0
SC_RS21205	SCO3816	SC_RS21205	4194961	4195941	-	protein_coding	core	981	0	0	0	0
SC_RS21210	SCO3817	pdhA	4195943	4197196	-	protein_coding	core	1254	0	0	0	0
SC_RS21215	SCO3818	SC_RS21215	4197520	4198176	+	protein_coding	core	657	2	0	0	2
SC_RS21220	SCO3819	SC_RS21220	4198301	4198708	+	protein_coding	core	408	2	0	0	2
SC_RS21225	SCO3820	SC_RS21225	4198795	4200420	-	protein_coding	core	1626	2	0	2	2
SC_RS21230	SCO3821	SC_RS21230	4200767	4202437	+	protein_coding	core	1671	2	0	0	2
SC_RS21235	SCO3822	SC_RS21235	4202553	4203092	-	protein_coding	core	540	1	0	0	1
SC_RS21240		SC_RS21240	4203327	4204064	+	protein_coding	core	738	1	0	0	1
SC_RS21245	SCO3823	SC_RS21245	4204101	4205081	-	protein_coding	core	981	1	0	1	1
SC_RS21250	SCO3824	SC_RS21250	4205224	4206252	+	protein_coding	core	1029	2	1	0	2
SC_RS21255	SCO3825	SC_RS21255	4206249	4207097	+	protein_coding	core	849	2	0	0	2
SC_RS21260	SCO3826	SC_RS21260	4207170	4208267	-	protein_coding	core	1098	2	0	1	2
SC_RS21265	SCO3827	SC_RS21265	4208264	4209661	-	protein_coding	core	1398	2	0	1	2
SC_RS21270	SCO3828	SC_RS21270	4209661	4210671	-	protein_coding	core	1011	1	0	0	1
SC_RS21275	SCO3829	SC_RS21275	4210796	4212271	-	protein_coding	core	1476	2	0	0	2
SC_RS21280	SCO3830	SC_RS21280	4212271	4213275	-	protein_coding	core	1005	1	0	1	1
SC_RS21285	SCO3831	pdhA	4213272	4214438	-	protein_coding	core	1167	1	0	0	1
SC_RS21290	SCO3832	SC_RS21290	4214629	4215141	+	protein_coding	core	513	1	0	0	1
SC_RS21295	SCO3833	SC_RS21295	4215177	4215806	-	protein_coding	core	630	1	0	0	1
SC_RS21300	SCO3834	SC_RS21300	4215803	4217317	-	protein_coding	core	1515	0	0	0	0
SC_RS21305	SCO3835	paaN	4217476	4219167	+	protein_coding	core	1692	0	0	0	0
SC_RS21310	SCO3836	SC_RS21310	4219178	4219963	-	protein_coding	core	786	0	0	0	0
SC_RS21315	SCO3837	SC_RS21315	4219960	4221270	-	protein_coding	core	1311	0	0	0	0
SC_RS21320		SC_RS21320	4221267	4221905	-	protein_coding	core	639	0	0	0	0
SC_RS21325	SCO3839	SC_RS21325	4222523	4222852	-	protein_coding	core	330	0	0	0	0
SC_RS21330	SCO3840	SC_RS21330	4222903	4223718	-	protein_coding	core	816	0	0	0	0
SC_RS21335	SCO3841	SC_RS21335	4223858	4225387	-	protein_coding	core	1530	0	0	0	0
SC_RS21340	SCO3842	SC_RS21340	4225790	4226674	+	protein_coding	core	885	1	0	0	1
SC_RS21345	SCOt31	SC_RS21345	4226761	4226847	-	tRNA	core	87	1	0	0	1
SC_RS21350	SCO3843	fhaA	4227374	4228246	+	protein_coding	core	873	1	0	1	1
SC_RS21355	SCO3844	fhaB	4228257	4228775	+	protein_coding	core	519	2	0	0	2
SC_RS21360	SCO3845	SC_RS21360	4228917	4230464	+	protein_coding	core	1548	3	0	0	3
SC_RS21365	SCO3846	SC_RS21365	4230492	4231931	+	protein_coding	core	1440	2	0	2	2
SC_RS21370	SCO3847	SC_RS21370	4231928	4233400	+	protein_coding	core	1473	3	0	0	3
SC_RS21375	SCO3848	pknB	4233591	4235612	+	protein_coding	core	2022	3	0	1	3
SC_RS21380	SCO3849	SC_RS21380	4235691	4236452	-	protein_coding	core	762	4	0	2	4+
SC_RS21385	SCO3850	SC_RS21385	4236466	4237524	-	protein_coding	core	1059	3	1	0	3
SC_RS21390	SCO3851	SC_RS21390	4237521	4238159	-	protein_coding	core	639	3	0	1	3
SC_RS21395	SCO3852	SC_RS21395	4238156	4238317	-	protein_coding	core	162	1	0	0	1
SC_RS21400	SCO3853	SC_RS21400	4238399	4239178	-	protein_coding	core	780	1	0	0	1
SC_RS21405	SCO3854	crgA	4239330	4239584	+	protein_coding	core	255	1	0	0	1
SC_RS21410	SCO3855	SC_RS21410	4239852	4240745	-	protein_coding	core	894	0	0	0	0
SC_RS21415	SCO3856	SC_RS21415	4240850	4241383	-	protein_coding	core	534	0	0	0	0
SC_RS21420	SCO3857	SC_RS21420	4241704	4242402	+	protein_coding	core	699	0	0	0	0
SC_RS21425	SCO3858	SC_RS21425	4242512	4243288	-	protein_coding	core	777	0	0	0	0
SC_RS21430	SCOt32	SC_RS21430	4243685	4243757	-	tRNA	core	73	0	0	0	0
SC_RS21435	SCO3859	SC_RS21435	4243938	4244486	+	protein_coding	core	549	0	0	0	0
SC_RS21440	SCO3860	SC_RS21440	4244573	4246303	+	protein_coding	core	1731	0	0	0	0
SC_RS21445	SCO3861	SC_RS21445	4246345	4247670	-	protein_coding	core	1326	0	0	0	0
SC_RS21450		SC_RS21450	4247800	4247928	-	protein_coding	core	129	0	0	0	0
SC_RS21455	SCO3863	SC_RS21455	4248267	4248656	+	protein_coding	core	390	0	0	0	0
SC_RS21460	SCO3864	SC_RS21460	4248804	4249592	+	protein_coding	core	789	0	0	0	0
SC_RS21465	SCO3865	SC_RS21465	4249601	4250383	+	protein_coding	core	783	0	0	0	0
SC_RS21470	SCO3866	SC_RS21470	4250514	4251389	-	protein_coding	core	876	0	0	0	0
SC_RS21475	SCO3867	SC_RS21475	4251449	4251661	-	protein_coding	core	213	0	0	0	0
SC_RS21480	SCO3868	SC_RS21480	4251939	4252493	+	protein_coding	core	555	1	0	0	1
SC_RS21485	SCO3869	SC_RS21485	4252857	4257887	+	protein_coding	core	5031	5	0	4	4+
SC_RS21490	SCO3870	SC_RS21490	4258228	4258428	-	protein_coding	core	201	4	0	1	4+
SC_RS21495	SCO3871	SC_RS21495	4258993	4259403	+	protein_coding	core	411	2	0	0	2
SC_RS21500	SCOt33	SC_RS21500	4259791	4259867	-	tRNA	core	77	1	0	0	1
SC_RS21505	SCO3872	SC_RS21505	4259979	4260722	-	protein_coding	core	744	1	0	0	1
SC_RS21510	SCO3873	gyrA	4260741	4263335	-	protein_coding	core	2595	0	0	0	0
SC_RS21515	SCO3874	gyrB	4263378	4265438	-	protein_coding	core	2061	0	0	0	0
SC_RS21520	SCO3875	SC_RS21520	4265873	4266445	-	protein_coding	core	573	0	0	0	0
SC_RS21525	SCO3876	recF	4266442	4267563	-	protein_coding	core	1122	0	0	0	0
SC_RS21530	SCO3877	gnd	4267594	4268469	-	protein_coding	core	876	0	0	0	0
SC_RS21535	SCO3878	dnaN	4268713	4269843	-	protein_coding	core	1131	1	0	0	1
SC_RS21540	SCO3879	dnaA	4270778	4272748	-	protein_coding	core	1971	1	0	1	1
SC_RS21545	SCO3880	rpmH	4273127	4273264	+	protein_coding	core	138	1	0	0	1
SC_RS21550	SCO3881	rnpA	4273286	4273657	+	protein_coding	core	372	1	0	0	1
SC_RS21555	SCO3882	yidD	4273654	4274028	+	protein_coding	core	375	1	0	0	1
SC_RS21560	SCO3883	yidC	4274032	4275327	+	protein_coding	core	1296	0	0	0	0
SC_RS21565	SCO3884	SC_RS21565	4275343	4275855	+	protein_coding	core	513	0	0	0	0
SC_RS21570	SCO3885	rsmG	4275980	4276699	+	protein_coding	core	720	0	0	0	0
SC_RS21575	SCO3886	SC_RS21575	4277005	4278078	+	protein_coding	core	1074	0	0	0	0
SC_RS21580	SCO3887	SC_RS21580	4278075	4279181	+	protein_coding	core	1107	1	0	0	1
SC_RS21585	SCO3888	SC_RS21585	4279519	4280136	+	protein_coding	core	618	1	0	0	1
SC_RS21590	SCO3889	trxA	4280212	4280544	-	protein_coding	core	333	1	0	1	1
SC_RS21595	SCO3890	trxB	4280583	4281551	-	protein_coding	core	969	1	0	0	1
SC_RS21600	SCO3891	SC_RS21600	4281711	4282559	-	protein_coding	core	849	1	0	0	1
SC_RS21605	SCO3892	sigM	4282577	4283287	-	protein_coding	core	711	0	0	0	0
SC_RS21610	SCO3893	SC_RS21610	4283316	4285007	-	protein_coding	core	1692	0	0	0	0
SC_RS21615	SCO3894	murJ	4285147	4287582	-	protein_coding	core	2436	0	0	0	0
SC_RS21620	SCO3895	SC_RS21620	4287627	4289990	-	protein_coding	core	2364	0	0	0	0
SC_RS21625	SCO3896	SC_RS21625	4290216	4291667	+	protein_coding	core	1452	1	0	0	1
SC_RS21630	SCO3897	SC_RS21630	4291764	4292357	-	protein_coding	core	594	1	0	1	1
SC_RS21635	SCO3898	SC_RS21635	4292389	4293666	-	protein_coding	core	1278	1	0	0	1
SC_RS21640	SCO3899	SC_RS21640	4293746	4294828	-	protein_coding	core	1083	1	0	0	1
SC_RS21645	SCO3900	SC_RS21645	4294873	4295550	-	protein_coding	core	678	0	0	0	0
SC_RS21650	SCO3901	SC_RS21650	4296215	4298602	+	protein_coding	core	2388	2	0	2	2
SC_RS21655	SCO3902	SC_RS21655	4298723	4300231	+	protein_coding	core	1509	2	0	0	2
SC_RS21660	SCO3903	SC_RS21660	4300309	4301340	-	protein_coding	core	1032	0	0	0	0
SC_RS21665	SCO3904	femX	4301402	4302523	-	protein_coding	core	1122	0	0	0	0
SC_RS21670	SCO3905	SC_RS21670	4302661	4302966	-	protein_coding	core	306	0	0	0	0
SC_RS21675	SCO3906	rpsF	4303242	4303532	+	protein_coding	core	291	0	0	0	0
SC_RS21680	SCO3907	SC_RS21680	4303613	4304212	+	protein_coding	core	600	1	0	0	1
SC_RS21685	SCO3908	rpsR	4304258	4304494	+	protein_coding	core	237	1	0	0	1
SC_RS21690	SCO3909	rplI	4304513	4304959	+	protein_coding	core	447	1	0	0	1
SC_RS21695	SCO3910	SC_RS21695	4305060	4306397	-	protein_coding	core	1338	1	0	1	1
SC_RS21700	SCO3911	dnaB	4306857	4308332	+	protein_coding	core	1476	2	0	0	2
SC_RS21705	SCO3912	SC_RS21705	4308427	4309812	+	protein_coding	core	1386	1	0	1	1
SC_RS21710	SCO3913	SC_RS21710	4309887	4310339	-	protein_coding	core	453	1	0	0	1
SC_RS21715	SCO3914	SC_RS21715	4310386	4310850	-	protein_coding	core	465	1	0	0	1
SC_RS21720	SCO3915	SC_RS21720	4310991	4312205	+	protein_coding	core	1215	1	0	0	1
SC_RS21725	SCO3916	SC_RS21725	4312354	4312773	+	protein_coding	core	420	0	0	0	0
SC_RS21730	SCO3917	SC_RS21730	4312891	4313757	-	protein_coding	core	867	0	0	0	0
SC_RS21735	SCO3918	SC_RS21735	4313836	4314318	-	protein_coding	core	483	1	0	0	1
SC_RS21740	SCO3919	SC_RS21740	4314389	4315294	-	protein_coding	core	906	1	0	0	1
SC_RS21745	SCO3920	SC_RS21745	4315547	4316725	-	protein_coding	core	1179	1	0	1	1
SC_RS21750	SCO3921	SC_RS21750	4316722	4317216	-	protein_coding	core	495	1	0	0	1
SC_RS21755	SCO3922	SC_RS21755	4317222	4317599	-	protein_coding	core	378	1	0	0	1
SC_RS21760	SCO3923	SC_RS21760	4317659	4317976	+	protein_coding	core	318	1	0	0	1
SC_RS21765	SCO3924	SC_RS21765	4318118	4318330	+	protein_coding	core	213	0	0	0	0
SC_RS21770	SCO3925	SC_RS21770	4318648	4319373	+	protein_coding	core	726	0	0	0	0
SC_RS21775	SCO3926	SC_RS21775	4319474	4319911	+	protein_coding	core	438	0	0	0	0
SC_RS21780	SCO3927	SC_RS21780	4319961	4321502	-	protein_coding	core	1542	0	0	0	0
SC_RS21785	SCO3928	thiC	4321756	4323594	+	protein_coding	core	1839	1	0	0	1
SC_RS21790	SCO3929	SC_RS21790	4324441	4325793	-	protein_coding	core	1353	1	0	1	1
SC_RS21795	SCO3930	SC_RS21795	4325990	4326556	+	protein_coding	core	567	1	0	0	1
SC_RS21800	SCO3931	SC_RS21800	4326866	4327165	+	protein_coding	core	300	1	0	0	1
SC_RS21805	SCO3932	SC_RS21805	4327576	4328355	-	protein_coding	core	780	1	0	0	1
SC_RS21810	SCO3933	SC_RS21810	4328521	4328871	+	protein_coding	core	351	1	0	0	1
SC_RS21815	SCO3934	SC_RS21815	4328871	4330172	+	protein_coding	core	1302	1	0	1	1
SC_RS21820	SCO3935	SC_RS21820	4330169	4330366	+	protein_coding	core	198	1	1	0	1
SC_RS21825	SCO3936	SC_RS21825	4330663	4332021	+	protein_coding	core	1359	1	0	0	1
SC_RS21830	SCO3937	SC_RS21830	4332160	4333725	-	protein_coding	core	1566	0	0	0	0
SC_RS21835	SCO3938	SC_RS21835	4333802	4333930	+	protein_coding	core	129	0	0	0	0
SC_RS21840	SCO3939	SC_RS21840	4334010	4335458	+	protein_coding	core	1449	2	0	0	2
SC_RS21845	SCO3940	SC_RS21845	4335483	4336355	-	protein_coding	core	873	2	0	1	2
SC_RS21850	SCO3941	sppA	4336537	4337643	-	protein_coding	core	1107	2	0	1	2
SC_RS21855	SCO3943	SC_RS21855	4338034	4339146	-	protein_coding	core	1113	1	0	0	1
SC_RS21860	SCO3944	hisC	4339565	4340644	+	protein_coding	core	1080	0	0	0	0
SC_RS21865	SCO3945	SC_RS21865	4340932	4342437	+	protein_coding	core	1506	0	0	0	0
SC_RS21870	SCO3946	cydB	4342458	4343462	+	protein_coding	core	1005	0	0	0	0
SC_RS21875	SCO3947	cydD	4343538	4347056	+	protein_coding	core	3519	1	0	1	1
SC_RS21880	SCO3948	SC_RS21880	4347161	4348843	+	protein_coding	core	1683	1	0	0	1
SC_RS21885	SCO3949	SC_RS21885	4348966	4350015	+	protein_coding	core	1050	0	0	0	0
SC_RS21890	SCO3950	SC_RS21890	4350063	4350950	-	protein_coding	core	888	0	0	0	0
SC_RS21895	SCO3951	SC_RS21895	4351038	4351943	-	protein_coding	core	906	0	0	0	0
SC_RS21900	SCO3952	SC_RS21900	4351997	4352455	-	protein_coding	core	459	0	0	0	0
SC_RS21905	SCO3953	SC_RS21905	4352462	4353010	-	protein_coding	core	549	1	0	0	1
SC_RS21910	SCO3954	SC_RS21910	4353121	4354878	-	protein_coding	core	1758	1	0	1	1
SC_RS21915	SCO3955	SC_RS21915	4354875	4355735	-	protein_coding	core	861	1	0	0	1
SC_RS21920	SCO3956	SC_RS21920	4355990	4356952	+	protein_coding	core	963	1	0	0	1
SC_RS21925	SCO3957	SC_RS21925	4356942	4357850	+	protein_coding	core	909	1	0	0	1
SC_RS21930	SCO3958	SC_RS21930	4357847	4358758	+	protein_coding	core	912	1	0	0	1
SC_RS21935	SCO3959	SC_RS21935	4358770	4359489	+	protein_coding	core	720	2	0	1	2
SC_RS21940	SCO3960	SC_RS21940	4359709	4360551	-	protein_coding	core	843	2	0	0	2
SC_RS21945	SCO3961	serS	4360548	4361825	-	protein_coding	core	1278	3	0	1	3
SC_RS21950	SCO3962	pheA	4362335	4363267	-	protein_coding	core	933	2	0	1	2
SC_RS21955	SCO3963	efeB	4363348	4364685	-	protein_coding	core	1338	2	0	0	2
SC_RS21960	SCO3964	SC_RS21960	4364694	4366736	-	protein_coding	core	2043	4	0	1	4+
SC_RS21965	SCO3965	SC_RS21965	4366750	4367286	-	protein_coding	core	537	3	0	0	3
SC_RS21970	SCO3966	SC_RS21970	4367283	4367933	-	protein_coding	core	651	3	1	0	3
SC_RS21975	SCO3967	SC_RS21975	4368066	4368827	-	protein_coding	core	762	3	0	2	3
SC_RS21980	SCO3968	SC_RS21980	4368955	4369809	-	protein_coding	core	855	2	0	0	2
SC_RS21985		SC_RS21985	4370051	4370515	+	protein_coding	core	465	2	0	0	2
SC_RS21990	SCO3970	SC_RS21990	4370586	4372061	-	protein_coding	core	1476	1	1	0	1
SC_RS21995	SCO3971	SC_RS21995	4372196	4373629	-	protein_coding	core	1434	2	0	1	2
SC_RS22000	SCO3972	SC_RS22000	4374285	4374950	+	protein_coding	core	666	2	0	0	2
SC_RS22005	SCO3973	SC_RS22005	4375006	4375671	+	protein_coding	core	666	1	0	1	1
SC_RS22010	SCO3974	SC_RS22010	4375917	4376882	-	protein_coding	core	966	2	0	0	2
SC_RS22015	SCO3975	SC_RS22015	4377505	4378143	-	protein_coding	core	639	1	1	0	1
SC_RS22020	SCO3976	SC_RS22020	4378271	4379098	-	protein_coding	core	828	1	0	1	1
SC_RS22025	SCO3977	SC_RS22025	4379364	4380923	+	protein_coding	core	1560	1	0	0	1
SC_RS22030	SCO3978	SC_RS22030	4381065	4381958	-	protein_coding	core	894	0	0	0	0
SC_RS22035	SCO3979	SC_RS22035	4382030	4382620	+	protein_coding	core	591	0	0	0	0
SC_RS22040	SCOt34	SC_RS22040	4382684	4382768	+	tRNA	core	85	0	0	0	0
SC_RS22045	SCO3980	SC_RS22045	4382898	4383473	-	protein_coding	core	576	0	0	0	0
SC_RS22050	SCO3981	SC_RS22050	4383616	4384371	-	protein_coding	core	756	0	0	0	0
SC_RS22055	SCO3982	SC_RS22055	4384451	4384729	+	protein_coding	core	279	0	0	0	0
SC_RS22060	SCO3983	SC_RS22060	4384742	4385053	+	protein_coding	core	312	0	0	0	0
SC_RS22065	SCO3985	SC_RS22065	4385253	4385477	+	protein_coding	core	225	0	0	0	0
SC_RS22070	SCO3986	SC_RS22070	4385486	4386217	+	protein_coding	core	732	0	0	0	0
SC_RS22075	SCO3987	SC_RS22075	4386214	4386522	+	protein_coding	core	309	0	0	0	0
SC_RS22080	SCO3988	SC_RS22080	4386621	4386899	+	protein_coding	core	279	0	0	0	0
SC_RS22085	SCO3989	SC_RS22085	4387240	4387509	+	protein_coding	core	270	0	0	0	0
SC_RS22090	SCO3991	SC_RS22090	4388129	4389009	-	protein_coding	core	881	0	0	0	0
SC_RS22100	SCO3996	SC_RS22100	4390643	4390861	+	protein_coding	core	219	1	0	0	1
SC_RS22105	SCO3997	SC_RS22105	4390861	4392009	+	protein_coding	core	1149	1	0	0	1
SC_RS22110	SCO3998	SC_RS22110	4392274	4393602	-	protein_coding	core	1329	1	0	0	1
SC_RS22115	SCO3999	SC_RS22115	4394327	4395133	+	protein_coding	core	807	0	0	0	0
SC_RS22120	SCO4000	SC_RS22120	4395100	4395579	-	protein_coding	core	480	0	0	0	0
SC_RS22125	SCO4001	SC_RS22125	4395671	4396546	-	protein_coding	core	876	1	0	0	1
SC_RS22130	SCO4002	SC_RS22130	4396912	4397238	+	protein_coding	core	327	1	0	0	1
SC_RS22135	SCO4005	SC_RS22135	4397767	4398372	+	protein_coding	core	606	1	0	1	1
SC_RS22140	SCO4006	SC_RS22140	4398501	4400177	+	protein_coding	core	1677	1	0	0	1
SC_RS22145	SCO4007	SC_RS22145	4400250	4401542	-	protein_coding	core	1293	1	0	0	1
SC_RS22150	SCO4008	SC_RS22150	4401679	4402257	+	protein_coding	core	579	1	0	0	1
SC_RS22155	SCO4009	SC_RS22155	4402297	4406688	-	protein_coding	core	4392	2	0	2	2
SC_RS22160	SCO4010	SC_RS22160	4406863	4407330	-	protein_coding	core	468	0	0	0	0
SC_RS22165	SCOt35	SC_RS22165	4407512	4407602	+	tRNA	core	91	0	0	0	0
SC_RS22170	SCOt36	SC_RS22170	4407794	4407866	+	tRNA	core	73	0	0	0	0
SC_RS22175	SCO4011	SC_RS22175	4407977	4408414	+	protein_coding	core	438	0	0	0	0
SC_RS22180	SCO4012	SC_RS22180	4408407	4408838	-	protein_coding	core	432	0	0	0	0
SC_RS22185	SCO4013	SC_RS22185	4409067	4410554	+	protein_coding	core	1488	0	0	0	0
SC_RS22190	SCO4014	SC_RS22190	4410577	4410936	-	protein_coding	core	360	0	0	0	0
SC_RS22195	SCO4015	SC_RS22195	4411013	4411894	+	protein_coding	core	882	0	0	0	0
SC_RS22200	SCO4016	SC_RS22200	4412004	4412957	+	protein_coding	core	954	0	0	0	0
SC_RS22205	SCO4017	SC_RS22205	4413017	4413733	-	protein_coding	core	717	0	0	0	0
SC_RS22210	SCO4018	SC_RS22210	4413742	4414275	-	protein_coding	core	534	0	0	0	0
SC_RS22215	SCO4019	SC_RS22215	4414377	4415069	+	protein_coding	core	693	0	0	0	0
SC_RS22220	SCO4020	SC_RS22220	4415204	4415944	+	protein_coding	core	741	0	0	0	0
SC_RS22225	SCO4021	SC_RS22225	4415941	4417515	+	protein_coding	core	1575	0	0	0	0
SC_RS22230	SCO4022	SC_RS22230	4417530	4418879	+	protein_coding	core	1350	2	0	0	2
SC_RS22235	SCO4023	SC_RS22235	4418876	4421077	+	protein_coding	core	2202	3	0	2	3
SC_RS22240	SCO4024	SC_RS22240	4421136	4422659	+	protein_coding	core	1524	3	0	1	3
SC_RS22245	SCO4025	SC_RS22245	4422721	4423479	+	protein_coding	core	759	1	1	0	1
SC_RS22250	SCO4026	SC_RS22250	4423549	4424019	-	protein_coding	core	471	1	0	0	1
SC_RS22255	SCO4027	SC_RS22255	4424029	4424409	-	protein_coding	core	381	1	0	0	1
SC_RS22260	SCO4028	SC_RS22260	4424638	4425387	+	protein_coding	core	750	0	0	0	0
SC_RS22265	SCO4029	SC_RS22265	4425406	4426155	+	protein_coding	core	750	1	0	0	1
SC_RS22270	SCO4030	SC_RS22270	4426138	4426959	-	protein_coding	core	822	2	0	0	2
SC_RS22275	SCO4031	SC_RS22275	4427069	4429648	-	protein_coding	core	2580	2	0	2	2
SC_RS22280	SCO4032	SC_RS22280	4429662	4430162	-	protein_coding	core	501	2	0	0	2
SC_RS22285	SCO4033	SC_RS22285	4430368	4430568	+	protein_coding	core	201	1	0	0	1
SC_RS22290	SCO4034	SC_RS22290	4430684	4431640	-	protein_coding	core	957	1	0	0	1
SC_RS22295	SCO4035	SC_RS22295	4431932	4432795	-	protein_coding	core	864	1	0	1	1
SC_RS22300	SCO4036	SC_RS22300	4432988	4433281	-	protein_coding	core	294	1	0	0	1
SC_RS22305	SCO4037	SC_RS22305	4433281	4433502	-	protein_coding	core	222	1	0	0	1
SC_RS22310	SCOt37	SC_RS22310	4433546	4433630	-	tRNA	core	85	1	0	0	1
SC_RS22315	SCO4038	tadA	4433708	4434139	-	protein_coding	core	432	1	0	0	1
SC_RS22320	SCO4039	SC_RS22320	4434208	4434756	-	protein_coding	core	549	1	0	0	1
SC_RS22325		SC_RS22325	4435097	4435339	-	protein_coding	core	243	0	0	0	0
SC_RS22330	SCO4041	upp	4435478	4436113	+	protein_coding	core	636	0	0	0	0
SC_RS22335	SCO4042	SC_RS22335	4436138	4436752	-	protein_coding	core	615	0	0	0	0
SC_RS22340	SCO4043	SC_RS22340	4436888	4437184	-	protein_coding	core	297	0	0	0	0
SC_RS22345		SC_RS22345	4437354	4437488	-	protein_coding	core	135	0	0	0	0
SC_RS22350		SC_RS22350	4437558	4437887	-	protein_coding	core	330	0	0	0	0
SC_RS22355	SCO4045	SC_RS22355	4437969	4438649	-	protein_coding	core	681	0	0	0	0
SC_RS22360	SCO4047	SC_RS22360	4439198	4439791	-	protein_coding	core	594	0	0	0	0
SC_RS22365	SCO4048	SC_RS22365	4439817	4440542	-	protein_coding	core	726	0	0	0	0
SC_RS22370	SCO4049	SC_RS22370	4440627	4442975	+	protein_coding	core	2349	0	0	0	0
SC_RS22375	SCO4050	SC_RS22375	4442968	4443588	+	protein_coding	core	621	1	0	0	1
SC_RS22380	SCO4051	SC_RS22380	4443585	4444082	+	protein_coding	core	498	1	0	0	1
SC_RS22385	SCO4052	SC_RS22385	4444079	4444873	+	protein_coding	core	795	1	0	0	1
SC_RS22390	SCO4053	SC_RS22390	4445276	4447045	+	protein_coding	core	1770	1	1	0	1
SC_RS22395	SCO4054	SC_RS22395	4447161	4447970	+	protein_coding	core	810	1	0	0	1
SC_RS22400	SCO4055	SC_RS22400	4447967	4449100	-	protein_coding	core	1134	1	1	0	1
SC_RS22405	SCO4056	SC_RS22405	4449241	4449432	+	protein_coding	core	192	1	0	0	1
SC_RS22410	SCO4057	SC_RS22410	4449455	4450291	-	protein_coding	core	837	1	0	1	1
SC_RS22415	SCO4058	SC_RS22415	4450575	4451078	+	protein_coding	core	504	1	0	0	1
SC_RS22420	SCO4059	SC_RS22420	4451075	4451410	+	protein_coding	core	336	1	0	0	1
SC_RS22425	SCO4061	SC_RS22425	4452173	4452730	-	protein_coding	core	558	0	0	0	0
SC_RS22435		SC_RS22435	4453499	4453654	-	protein_coding	core	156	0	0	0	0
SC_RS22440	SCO4065	SC_RS22440	4454564	4455793	-	protein_coding	core	1230	0	0	0	0
SC_RS22445	SCO4066	SC_RS22445	4455786	4456859	+	protein_coding	core	1074	0	0	0	0
SC_RS22450	SCOt38	SC_RS22450	4456865	4456952	-	tRNA	core	88	0	0	0	0
SC_RS22455	SCOs03	ffs	4457027	4457121	+	SRP_RNA	core	95	0	0	0	0
SC_RS22460	SCO4067	SC_RS22460	4457168	4459522	+	protein_coding	core	2355	1	0	0	1
SC_RS22465	SCO4068	purD	4459642	4460892	+	protein_coding	core	1251	1	0	1	1
SC_RS22470	SCO4069	SC_RS22470	4461199	4463193	+	protein_coding	core	1995	1	0	0	1
SC_RS22475	SCO4070	SC_RS22475	4463358	4464875	+	protein_coding	core	1518	1	0	0	1
SC_RS22480	SCO4071	SC_RS22480	4464986	4465885	+	protein_coding	core	900	2	0	1	2
SC_RS22485	SCOt39	SC_RS22485	4465950	4466025	-	tRNA	core	76	2	0	0	2
SC_RS22490	SCO4072	SC_RS22490	4466063	4466677	-	protein_coding	core	615	2	0	0	2
SC_RS22495	SCO4073	SC_RS22495	4466674	4467921	-	protein_coding	core	1248	2	0	1	2
SC_RS22500	SCO4074	SC_RS22500	4467951	4468766	-	protein_coding	core	816	1	0	0	1
SC_RS22505	SCO4075	SC_RS22505	4468763	4469743	-	protein_coding	core	981	1	0	0	1
SC_RS22510	SCOt40	SC_RS22510	4469882	4469954	-	tRNA	core	73	0	0	0	0
SC_RS22515		SC_RS22515	4470037	4470108	-	tRNA	core	72	0	0	0	0
SC_RS22520	SCO4076	SC_RS22520	4470261	4470578	-	protein_coding	core	318	1	0	0	1
SC_RS22525	SCO4077	purS	4470929	4471201	+	protein_coding	core	273	1	0	0	1
SC_RS22530	SCO4078	purQ	4471198	4471878	+	protein_coding	core	681	1	0	0	1
SC_RS22535	SCO4079	purL	4471875	4474133	+	protein_coding	core	2259	2	0	1	2
SC_RS22540	SCO4080	SC_RS22540	4474193	4474777	-	protein_coding	core	585	2	0	0	2
SC_RS22545	SCO4081	SC_RS22545	4474926	4475408	+	protein_coding	core	483	1	0	0	1
SC_RS22550	SCO4082	SC_RS22550	4475477	4476316	+	protein_coding	core	840	1	0	1	1
SC_RS22555	SCO4084	SC_RS22555	4477551	4478348	+	protein_coding	core	798	1	0	0	1
SC_RS22560	SCO4085	SC_RS22560	4478431	4479264	+	protein_coding	core	834	0	0	0	0
SC_RS22565	SCO4086	purF	4479327	4480853	+	protein_coding	core	1527	1	0	0	1
SC_RS22570	SCO4087	purM	4480933	4482000	+	protein_coding	core	1068	1	0	1	1
SC_RS22575	SCO4088	SC_RS22575	4482078	4482332	-	protein_coding	core	255	1	0	0	1
SC_RS22580	SCO4089	SC_RS22580	4482654	4483748	-	protein_coding	core	1095	1	0	0	1
SC_RS22585	SCO4090	SC_RS22585	4483978	4484829	+	protein_coding	core	852	0	0	0	0
SC_RS22590	SCO4091	bldC	4485363	4485569	+	protein_coding	core	207	0	0	0	0
SC_RS22595		SC_RS22595	4486028	4486222	-	protein_coding	core	195	0	0	0	0
SC_RS22600	SCOt41	SC_RS22600	4486471	4486545	-	tRNA	core	75	0	0	0	0
SC_RS22605	SCO4092	hrpA	4486639	4490622	-	protein_coding	core	3984	1	0	0	1
SC_RS22610	SCOt42	SC_RS22610	4490732	4490805	-	tRNA	core	74	2	0	0	2
SC_RS22615	SCOt43	SC_RS22615	4490830	4490904	-	tRNA	core	75	2	0	0	2
SC_RS22620	SCOt44	SC_RS22620	4490939	4491011	-	tRNA	core	73	2	0	0	2
SC_RS22625	SCO4093	SC_RS22625	4491092	4492756	-	protein_coding	core	1665	3	0	2	3
SC_RS22630	SCO4094	SC_RS22630	4492828	4493178	+	protein_coding	core	351	3	2	0	3
SC_RS22635	SCO4095	SC_RS22635	4493275	4493832	+	protein_coding	core	558	3	0	0	3
SC_RS22640	SCO4096	SC_RS22640	4494172	4496358	+	protein_coding	core	2187	3	0	1	3
SC_RS22645	SCO4097	SC_RS22645	4496497	4498032	+	protein_coding	core	1536	1	0	0	1
SC_RS22650	SCOt45	SC_RS22650	4498149	4498221	+	tRNA	core	73	0	0	0	0
SC_RS22655	SCO4098	SC_RS22655	4498219	4498908	-	protein_coding	core	690	0	0	0	0
SC_RS22660	SCO4099	SC_RS22660	4499009	4499689	+	protein_coding	core	681	0	0	0	0
SC_RS22665	SCO4100	SC_RS22665	4499727	4500119	+	protein_coding	core	393	0	0	0	0
SC_RS22670	SCO4101	SC_RS22670	4500126	4500524	+	protein_coding	core	399	0	0	0	0
SC_RS22675	SCO4102	SC_RS22675	4500505	4501464	-	protein_coding	core	960	0	0	0	0
SC_RS22680	SCO4103	SC_RS22680	4501524	4502795	-	protein_coding	core	1272	0	0	0	0
SC_RS22685	SCO4104	SC_RS22685	4502820	4503476	-	protein_coding	core	657	0	0	0	0
SC_RS22690	SCO4105	SC_RS22690	4503887	4504207	+	protein_coding	core	321	1	0	0	1
SC_RS22695	SCO4106	SC_RS22695	4504259	4505389	+	protein_coding	core	1131	2	0	0	2
SC_RS22700	SCOt46	SC_RS22700	4505460	4505533	+	tRNA	core	74	2	0	0	2
SC_RS22705	SCO4107	SC_RS22705	4505705	4506940	+	protein_coding	core	1236	2	0	2	2
SC_RS22710	SCO4108	SC_RS22710	4507333	4508376	+	protein_coding	core	1044	2	0	0	2
SC_RS22715	SCO4109	SC_RS22715	4508515	4509459	+	protein_coding	core	945	1	0	0	1
SC_RS22720	SCO4110	SC_RS22720	4509484	4510875	-	protein_coding	core	1392	0	0	0	0
SC_RS22725	SCO4111	trmB	4510885	4511700	-	protein_coding	core	816	0	0	0	0
SC_RS22730	SCO4112	SC_RS22730	4511815	4512225	+	protein_coding	core	411	0	0	0	0
SC_RS22735	SCO4113	lhgO	4512311	4513579	-	protein_coding	core	1269	1	0	0	1
SC_RS22740	SCO4114	SC_RS22740	4513662	4515083	-	protein_coding	core	1422	1	0	1	1
SC_RS22745	SCO4115	SC_RS22745	4515796	4517919	+	protein_coding	core	2124	1	0	0	1
SC_RS22750	SCO4116	SC_RS22750	4517961	4521269	+	protein_coding	core	3309	1	0	0	1
SC_RS22755	SCO4117	SC_RS22755	4521256	4523319	-	protein_coding	core	2064	1	0	1	1
SC_RS22760	SCO4118	SC_RS22760	4523502	4524395	-	protein_coding	core	894	0	0	0	0
SC_RS22765	SCO4119	SC_RS22765	4524770	4526149	+	protein_coding	core	1380	1	0	0	1
SC_RS22770	SCO4120	SC_RS22770	4526332	4527990	+	protein_coding	core	1659	1	0	1	1
SC_RS22775	SCO4121	SC_RS22775	4528045	4529322	-	protein_coding	core	1278	2	0	0	2
SC_RS22780	SCO4122	SC_RS22780	4529468	4530016	+	protein_coding	core	549	1	0	1	1
SC_RS22785	SCOr13	SC_RS22785	4530668	4532194	+	rRNA	core	1527	1	0	0	1
SC_RS22790	SCOr14	SC_RS22790	4532475	4535596	+	rRNA	core	3122	0	0	0	0
SC_RS22795	SCOr15	rrf	4535681	4535797	+	rRNA	core	117	0	0	0	0
SC_RS22800	SCO4123	SC_RS22800	4535862	4536530	-	protein_coding	core	669	1	0	0	1
SC_RS22805	SCO4124	SC_RS22805	4536527	4537801	-	protein_coding	core	1275	1	1	0	1
SC_RS22810	SCO4125	SC_RS22810	4537896	4538456	+	protein_coding	core	561	1	1	0	1
SC_RS22815	SCO4126	SC_RS22815	4538504	4539991	-	protein_coding	core	1488	1	0	0	1
SC_RS22820	SCO4127	SC_RS22820	4540065	4541480	-	protein_coding	core	1416	1	0	0	1
SC_RS22825	SCO4128	SC_RS22825	4541493	4543034	-	protein_coding	core	1542	1	0	1	1
SC_RS22830	SCO4129	SC_RS22830	4543049	4544380	-	protein_coding	core	1332	2	0	0	2
SC_RS22835	SCO4130	SC_RS22835	4544370	4545170	-	protein_coding	core	801	1	0	0	1
SC_RS22840	SCO4131	SC_RS22840	4545338	4545646	-	protein_coding	core	309	1	0	0	1
SC_RS22845	SCO4132	tgdA	4546029	4547051	+	protein_coding	core	1023	1	0	1	1
SC_RS22850	SCO4133	SC_RS22850	4547257	4547973	+	protein_coding	core	717	1	0	0	1
SC_RS22855	SCO4134	SC_RS22855	4547977	4549560	-	protein_coding	core	1584	1	0	0	1
SC_RS22860	SCO4135	SC_RS22860	4550161	4551054	+	protein_coding	core	894	1	0	0	1
SC_RS22865		SC_RS22865	4551132	4551296	+	protein_coding	core	165	1	0	0	1
SC_RS22870	SCO4136	SC_RS22870	4551282	4551683	-	protein_coding	core	402	1	0	0	1
SC_RS22875	SCO4137	SC_RS22875	4551891	4552511	+	protein_coding	core	621	1	0	0	1
SC_RS22880	SCO4138	pitH	4552519	4553517	+	protein_coding	core	999	1	0	1	1
SC_RS22885	SCO4139	pstB	4553637	4554413	-	protein_coding	core	777	1	0	0	1
SC_RS22890	SCO4140	pstA	4554467	4555531	-	protein_coding	core	1065	3	0	0	3
SC_RS22895	SCO4141	pstC	4555528	4556538	-	protein_coding	core	1011	2	0	0	2
SC_RS22900	SCO4142	pstS	4556707	4557834	-	protein_coding	core	1128	2	0	2	2
SC_RS22905	SCO4143	SC_RS22905	4558121	4558549	-	protein_coding	core	429	2	0	0	2
SC_RS22910	SCO4144	SC_RS22910	4558596	4559762	-	protein_coding	core	1167	2	0	0	2
SC_RS22915	SCO4145	SC_RS22915	4559965	4562205	-	protein_coding	core	2241	0	0	0	0
SC_RS22920	SCO4146	SC_RS22920	4563131	4563673	+	protein_coding	core	543	0	0	0	0
SC_RS22925	SCO4147	SC_RS22925	4563670	4564533	+	protein_coding	core	864	0	0	0	0
SC_RS22930	SCO4148	SC_RS22930	4564580	4565449	+	protein_coding	core	870	0	0	0	0
SC_RS22935	SCO4149	SC_RS22935	4565446	4566975	+	protein_coding	core	1530	0	0	0	0
SC_RS22940	SCO4150	SC_RS22940	4566963	4567619	+	protein_coding	core	657	0	0	0	0
SC_RS22945	SCO4151	mshD	4567662	4568591	-	protein_coding	core	930	0	0	0	0
SC_RS22950	SCO4152	SC_RS22950	4568800	4570638	+	protein_coding	core	1839	0	0	0	0
SC_RS22955	SCO4153	SC_RS22955	4570805	4571188	-	protein_coding	core	384	0	0	0	0
SC_RS22960	SCO4154	SC_RS22960	4571295	4571696	+	protein_coding	core	402	0	0	0	0
SC_RS22965	SCO4155	SC_RS22965	4571671	4573116	-	protein_coding	core	1446	0	0	0	0
SC_RS22970	SCO4156	SC_RS22970	4573113	4573859	-	protein_coding	core	747	0	0	0	0
SC_RS22975	SCO4157	SC_RS22975	4573948	4574985	-	protein_coding	core	1038	0	0	0	0
SC_RS22980	SCO4158	SC_RS22980	4575112	4576134	-	protein_coding	core	1023	0	0	0	0
SC_RS22985	SCO4159	glnR	4576177	4576980	-	protein_coding	core	804	1	0	0	1
SC_RS22990	SCO4160	SC_RS22990	4577199	4578059	+	protein_coding	core	861	1	0	0	1
SC_RS22995	SCO4161	SC_RS22995	4578096	4578350	+	protein_coding	core	255	1	0	0	1
SC_RS23000	SCO4162	SC_RS23000	4578354	4579667	+	protein_coding	core	1314	1	0	1	1
SC_RS23005	SCO4163	SC_RS23005	4579824	4580561	+	protein_coding	core	738	1	0	0	1
SC_RS23010	SCO4164	SC_RS23010	4580995	4581840	+	protein_coding	core	846	0	0	0	0
SC_RS23015	SCO4165	SC_RS23015	4581874	4582161	+	protein_coding	core	288	0	0	0	0
SC_RS23020	SCO4166	SC_RS23020	4582262	4582519	+	protein_coding	core	258	0	0	0	0
SC_RS23025	SCO4167	SC_RS23025	4582548	4583180	-	protein_coding	core	633	0	0	0	0
SC_RS23030	SCO4168	SC_RS23030	4583271	4584065	+	protein_coding	core	795	0	0	0	0
SC_RS23035	SCO4169	SC_RS23035	4584106	4584870	+	protein_coding	core	765	0	0	0	0
SC_RS23040	SCO4170	SC_RS23040	4584983	4585840	+	protein_coding	core	858	0	0	0	0
SC_RS23045	SCO4171	SC_RS23045	4585837	4586589	+	protein_coding	core	753	0	0	0	0
SC_RS23050	SCO4172	SC_RS23050	4586586	4587461	+	protein_coding	core	876	0	0	0	0
SC_RS23055	SCO4173	SC_RS23055	4587481	4587843	-	protein_coding	core	363	0	0	0	0
SC_RS23060	SCO4174	SC_RS23060	4587872	4588123	-	protein_coding	core	252	0	0	0	0
SC_RS23065	SCO4175	SC_RS23065	4588120	4588512	-	protein_coding	core	393	0	0	0	0
SC_RS23070	SCO4176	SC_RS23070	4588684	4589526	+	protein_coding	core	843	0	0	0	0
SC_RS23075	SCO4177	SC_RS23075	4589508	4589801	+	protein_coding	core	294	0	0	0	0
SC_RS23080	SCO4179	SC_RS23080	4589970	4590545	+	protein_coding	core	576	0	0	0	0
SC_RS23085	SCO4180	SC_RS23085	4590561	4590998	+	protein_coding	core	438	0	0	0	0
SC_RS23090	SCO4181	ygfZ	4591019	4591984	+	protein_coding	core	966	0	0	0	0
SC_RS23095	SCO4182	dtd	4592011	4592436	-	protein_coding	core	426	0	0	0	0
SC_RS23100	SCO4183	SC_RS23100	4592459	4593415	-	protein_coding	core	957	0	0	0	0
SC_RS23105	SCO4184	SC_RS23105	4593681	4594349	+	protein_coding	core	669	0	0	0	0
SC_RS23110	SCO4185	SC_RS23110	4594466	4595476	+	protein_coding	core	1011	0	0	0	0
SC_RS23115	SCO4186	SC_RS23115	4595605	4596861	+	protein_coding	core	1257	0	0	0	0
SC_RS23120	SCO4187	SC_RS23120	4597040	4597225	-	protein_coding	core	186	0	0	0	0
SC_RS23125	SCO4188	SC_RS23125	4597379	4598290	+	protein_coding	core	912	0	0	0	0
SC_RS23130	SCO4189	SC_RS23130	4598300	4598488	-	protein_coding	core	189	0	0	0	0
SC_RS23135	SCO4190	SC_RS23135	4598629	4599504	+	protein_coding	core	876	0	0	0	0
SC_RS23140	SCO4191	SC_RS23140	4599453	4600274	+	protein_coding	core	822	0	0	0	0
SC_RS23145	SCO4192	SC_RS23145	4600336	4601412	+	protein_coding	core	1077	0	0	0	0
SC_RS23150	SCO4193	SC_RS23150	4601530	4602498	+	protein_coding	core	969	0	0	0	0
SC_RS23155	SCO4194	SC_RS23155	4602509	4603132	+	protein_coding	core	624	0	0	0	0
SC_RS23160	SCO4195	SC_RS23160	4603165	4605207	+	protein_coding	core	2043	1	0	0	1
SC_RS23165	SCO4196	SC_RS23165	4605265	4606479	-	protein_coding	core	1215	1	0	1	1
SC_RS23170	SCO4197	SC_RS23170	4606581	4607048	+	protein_coding	core	468	1	0	0	1
SC_RS23175	SCO4198	SC_RS23175	4607362	4607787	+	protein_coding	core	426	2	0	0	2
SC_RS23180	SCO4199	SC_RS23180	4607810	4608451	+	protein_coding	core	642	1	0	0	1
SC_RS23185	SCO4200	SC_RS23185	4608565	4608900	+	protein_coding	core	336	1	0	0	1
SC_RS23190	SCO4201	SC_RS23190	4609038	4610543	-	protein_coding	core	1506	1	0	1	1
SC_RS23195	SCO4202	SC_RS23195	4610815	4611975	-	protein_coding	core	1161	1	0	0	1
SC_RS23200	SCO4203	SC_RS23200	4612173	4612988	-	protein_coding	core	816	0	0	0	0
SC_RS23205	SCO4204	mshA	4613253	4614626	+	protein_coding	core	1374	1	0	0	1
SC_RS23210	SCO4205	SC_RS23210	4614619	4615125	+	protein_coding	core	507	1	0	0	1
SC_RS23215	SCO4206	SC_RS23215	4615154	4615969	-	protein_coding	core	816	1	0	1	1
SC_RS23220	SCO4207	SC_RS23220	4616019	4616486	+	protein_coding	core	468	1	0	0	1
SC_RS23225	SCO4208	SC_RS23225	4616569	4617858	-	protein_coding	core	1290	1	0	0	1
SC_RS23230	SCO4209	SC_RS23230	4618020	4618781	+	protein_coding	core	762	0	0	0	0
SC_RS23235	SCO4210	SC_RS23235	4618881	4619375	-	protein_coding	core	495	0	0	0	0
SC_RS23245	SCO4212	SC_RS23245	4620341	4620667	+	protein_coding	core	327	0	0	0	0
SC_RS23250	SCO4213	SC_RS23250	4621124	4622725	+	protein_coding	core	1602	0	0	0	0
SC_RS23255	SCO4214	SC_RS23255	4622993	4623433	-	protein_coding	core	441	0	0	0	0
SC_RS23260	SCO4215	SC_RS23260	4623766	4624524	+	protein_coding	core	759	1	0	0	1
SC_RS23265	SCO4216	SC_RS23265	4624587	4624796	-	protein_coding	core	210	1	0	0	1
SC_RS23270	SCO4217	SC_RS23270	4624932	4625816	-	protein_coding	core	885	1	0	1	1
SC_RS23275	SCO4218	SC_RS23275	4625975	4626166	+	protein_coding	core	192	1	1	0	1
SC_RS23280	SCO4219	SC_RS23280	4626394	4627158	+	protein_coding	core	765	1	0	0	1
SC_RS23285	SCO4220	SC_RS23285	4627348	4627767	-	protein_coding	core	420	1	0	0	1
SC_RS23290	SCO4221	SC_RS23290	4627832	4628248	-	protein_coding	core	417	0	0	0	0
SC_RS23295	SCO4222	SC_RS23295	4628357	4628737	+	protein_coding	core	381	1	0	0	1
SC_RS23300	SCO4223	SC_RS23300	4628765	4629634	-	protein_coding	core	870	2	0	0	2
SC_RS23305	SCO4224	SC_RS23305	4629724	4630989	-	protein_coding	core	1266	2	1	1	2
SC_RS23310	SCO4225	SC_RS23310	4631073	4631465	-	protein_coding	core	393	2	0	1	2
SC_RS23315	SCO4226	SC_RS23315	4631601	4631849	-	protein_coding	core	249	2	0	0	2
SC_RS23320	SCO4227	SC_RS23320	4631977	4632132	-	protein_coding	core	156	2	0	0	2
SC_RS23325	SCO4228	phoU	4632295	4632984	-	protein_coding	core	690	2	0	0	2
SC_RS23330	SCO4229	SC_RS23330	4633199	4634479	+	protein_coding	core	1281	2	0	0	2
SC_RS23335	SCO4230	SC_RS23335	4634476	4635156	+	protein_coding	core	681	1	0	0	1
SC_RS23340	SCO4231	SC_RS23340	4635317	4636042	-	protein_coding	core	726	1	0	1	1
SC_RS23345	SCO4232	SC_RS23345	4636744	4637226	+	protein_coding	core	483	1	0	0	1
SC_RS23350	SCO4233	ispD	4637542	4638354	+	protein_coding	core	813	2	0	0	2
SC_RS23355	SCO4234	ispF	4638344	4638856	+	protein_coding	core	513	2	0	0	2
SC_RS23360	SCO4235	cysS	4639322	4640722	+	protein_coding	core	1401	2	0	2	2
SC_RS23365	SCO4236	rlmB	4640855	4641799	+	protein_coding	core	945	2	0	0	2
SC_RS23370	SCO4237	SC_RS23370	4641917	4643638	+	protein_coding	core	1722	4	0	0	4+
SC_RS23375	SCO4238	SC_RS23375	4643727	4644464	-	protein_coding	core	738	2	0	2	2
SC_RS23380	SCO4239	SC_RS23380	4644506	4644952	-	protein_coding	core	447	2	0	0	2
SC_RS23385	SCO4240	msiK	4645175	4646311	-	protein_coding	core	1137	2	0	0	2
SC_RS23390	SCOt47	SC_RS23390	4646531	4646604	+	tRNA	core	74	0	0	0	0
SC_RS23395	SCO4241	SC_RS23395	4646671	4648308	-	protein_coding	core	1638	0	0	0	0
SC_RS23400	SCO4242	SC_RS23400	4648427	4649833	-	protein_coding	core	1407	0	0	0	0
SC_RS23405	SCO4243	SC_RS23405	4649830	4650339	-	protein_coding	core	510	0	0	0	0
SC_RS23410	SCO4244	SC_RS23410	4650399	4652357	-	protein_coding	core	1959	2	0	0	2
SC_RS23415	SCO4245	SC_RS23415	4652357	4652809	-	protein_coding	core	453	3	0	0	3
SC_RS23420	SCO4246	SC_RS23420	4652844	4654775	-	protein_coding	core	1932	3	1	2	3
SC_RS23425	SCO4247	SC_RS23425	4654775	4655497	-	protein_coding	core	723	3	0	1	3
SC_RS23430	SCO4248	SC_RS23430	4655526	4655948	-	protein_coding	core	423	3	0	0	3
SC_RS23435		SC_RS23435	4656039	4656887	-	protein_coding	core	849	2	0	0	2
SC_RS23440		SC_RS23440	4660125	4660283	-	protein_coding	core	159	0	0	0	0
SC_RS23445	SCO4251	SC_RS23445	4660280	4660813	-	protein_coding	core	534	1	0	0	1
SC_RS23450	SCO4252	SC_RS23450	4660813	4661262	-	protein_coding	core	450	1	0	0	1
SC_RS23455	SCO4253	SC_RS23455	4661315	4662919	-	protein_coding	core	1605	2	0	1	2
SC_RS23460	SCO4254	SC_RS23460	4663249	4666119	+	protein_coding	core	2871	2	0	1	2
SC_RS23465	SCO4255	SC_RS23465	4666254	4666985	+	protein_coding	core	732	1	0	0	1
SC_RS23470	SCO4256	SC_RS23470	4667076	4668515	+	protein_coding	core	1440	0	0	0	0
SC_RS23475	SCO4257	SC_RS23475	4668591	4670033	+	protein_coding	core	1443	1	0	0	1
SC_RS23480	SCO4258	SC_RS23480	4670132	4671589	+	protein_coding	core	1458	1	0	0	1
SC_RS23485	SCO4259	SC_RS23485	4671614	4673686	-	protein_coding	core	2073	1	0	1	1
SC_RS23490	SCO4260	SC_RS23490	4673692	4674369	-	protein_coding	core	678	1	0	0	1
SC_RS23495	SCO4261	SC_RS23495	4674563	4675222	-	protein_coding	core	660	0	0	0	0
SC_RS23500	SCO4263	SC_RS23500	4675583	4679338	+	protein_coding	core	3756	2	0	0	2
SC_RS23505	SCO4264	SC_RS23505	4679364	4680245	-	protein_coding	core	882	2	0	1	2
SC_RS23510	SCO4265	SC_RS23510	4680295	4681806	-	protein_coding	core	1512	3	1	1	3
SC_RS23515	SCO4266	SC_RS23515	4681886	4682866	-	protein_coding	core	981	2	0	1	2
SC_RS23520	SCO4267	SC_RS23520	4682918	4684078	-	protein_coding	core	1161	2	0	0	2
SC_RS23525	SCO4268	SC_RS23525	4684243	4684947	+	protein_coding	core	705	1	0	0	1
SC_RS23530	SCO4269	SC_RS23530	4684959	4685459	-	protein_coding	core	501	0	0	0	0
SC_RS23535	SCO4270	SC_RS23535	4685643	4686242	-	protein_coding	core	600	0	0	0	0
SC_RS23540	SCO4271	SC_RS23540	4686358	4687494	+	protein_coding	core	1137	0	0	0	0
SC_RS23545	SCO4272	SC_RS23545	4687504	4688475	+	protein_coding	core	972	0	0	0	0
SC_RS23550	SCO4273	SC_RS23550	4688500	4689921	-	protein_coding	core	1422	0	0	0	0
SC_RS23555	SCO4274	SC_RS23555	4690003	4690572	-	protein_coding	core	570	0	0	0	0
SC_RS23560	SCO4275	SC_RS23560	4690823	4692109	+	protein_coding	core	1287	0	0	0	0
SC_RS23565	SCO4276	SC_RS23565	4692106	4692777	+	protein_coding	core	672	1	0	0	1
SC_RS23570	SCO4277	SC_RS23570	4692883	4693458	-	protein_coding	core	576	1	0	0	1
SC_RS23575	SCO4278	arfB	4693616	4694053	+	protein_coding	core	438	1	0	0	1
SC_RS23580	SCO4279	SC_RS23580	4694071	4694541	-	protein_coding	core	471	1	1	0	1
SC_RS23585	SCO4280	SC_RS23585	4694592	4695200	-	protein_coding	core	609	1	0	1	1
SC_RS23590	SCO4281	cdgB	4695536	4697197	+	protein_coding	core	1662	2	0	0	2
SC_RS23595	SCO4282	SC_RS23595	4697318	4698292	+	protein_coding	core	975	1	0	0	1
SC_RS23600	SCO4283	SC_RS23600	4698343	4699275	-	protein_coding	core	933	2	0	1	2
SC_RS23605	SCO4284	nagA	4699398	4700543	-	protein_coding	core	1146	3	0	1	3
SC_RS23610	SCO4285	SC_RS23610	4700543	4701562	-	protein_coding	core	1020	3	0	0	3
SC_RS23615	SCO4286	SC_RS23615	4701671	4702936	+	protein_coding	core	1266	2	0	1	2
SC_RS23620	SCO4287	SC_RS23620	4702973	4703206	+	protein_coding	core	234	1	0	0	1
SC_RS23625	SCO4288	otsB	4703578	4704450	+	protein_coding	core	873	1	0	0	1
SC_RS23630	SCO4289	SC_RS23630	4704590	4705072	+	protein_coding	core	483	1	0	0	1
SC_RS23635	SCO4290	SC_RS23635	4705079	4706467	-	protein_coding	core	1389	3	1	0	3
SC_RS23640	SCO4291	SC_RS23640	4706614	4707315	+	protein_coding	core	702	3	0	1	3
SC_RS23645	SCO4292	SC_RS23645	4707339	4708283	-	protein_coding	core	945	4	0	2	4+
SC_RS23650	SCO4293	thrC	4708601	4709893	+	protein_coding	core	1293	4	1	1	4+
SC_RS23655	SCO4294	SC_RS23655	4709890	4710165	+	protein_coding	core	276	2	1	0	2
SC_RS23660	SCO4295	SC_RS23660	4710584	4710787	+	protein_coding	core	204	2	0	0	2
SC_RS23665	SCO4296	groL	4711115	4712740	+	protein_coding	core	1626	2	0	1	2
SC_RS23670	SCO4297	SC_RS23670	4712991	4714121	+	protein_coding	core	1131	1	0	0	1
SC_RS23675	SCO4298	SC_RS23675	4714155	4715696	+	protein_coding	core	1542	1	0	0	1
SC_RS23680	SCO4299	SC_RS23680	4715693	4716040	+	protein_coding	core	348	0	0	0	0
SC_RS23685	SCO4300	SC_RS23685	4716003	4716272	-	protein_coding	core	270	0	0	0	0
SC_RS23690	SCO4301	SC_RS23690	4716256	4717095	-	protein_coding	core	840	0	0	0	0
SC_RS23695	SCO4302	SC_RS23695	4717214	4717603	+	protein_coding	core	390	0	0	0	0
SC_RS23700	SCO4303	SC_RS23700	4717614	4718222	-	protein_coding	core	609	0	0	0	0
SC_RS23705	SCO4304	SC_RS23705	4718317	4719066	+	protein_coding	core	750	0	0	0	0
SC_RS23710	SCO4305	SC_RS23710	4719080	4719673	-	protein_coding	core	594	0	0	0	0
SC_RS23715	SCO4306	SC_RS23715	4719675	4720244	-	protein_coding	core	570	0	0	0	0
SC_RS23720	SCO4307	murQ	4720312	4721247	-	protein_coding	core	936	1	0	0	1
SC_RS23725	SCO4308	SC_RS23725	4721346	4722335	-	protein_coding	core	990	1	1	0	1
SC_RS23730	SCO4309	SC_RS23730	4722391	4722771	+	protein_coding	core	381	1	0	1	1
SC_RS23735	SCO4310	SC_RS23735	4722782	4723078	+	protein_coding	core	297	1	1	0	1
SC_RS23740	SCO4311	SC_RS23740	4723060	4724157	-	protein_coding	core	1098	2	0	0	2
SC_RS23745	SCO4312	SC_RS23745	4724168	4724854	-	protein_coding	core	687	2	0	0	2
SC_RS23750	SCO4313	SC_RS23750	4724955	4725605	+	protein_coding	core	651	1	0	1	1
SC_RS23755	SCO4314	SC_RS23755	4725616	4726299	+	protein_coding	core	684	1	1	0	1
SC_RS23760	SCO4315	SC_RS23760	4726384	4727073	+	protein_coding	core	690	2	0	0	2
SC_RS23765	SCO4316	SC_RS23765	4727234	4729279	-	protein_coding	core	2046	4	1	1	4+
SC_RS23770	SCO4317	SC_RS23770	4729584	4729769	+	protein_coding	core	186	3	0	1	3
SC_RS23780	SCO4319	SC_RS23780	4731490	4731672	-	protein_coding	core	183	2	0	0	2
SC_RS23785	SCO4321	SC_RS23785	4732070	4734673	-	protein_coding	core	2604	2	0	1	2
SC_RS23790	SCO4322	SC_RS23790	4734723	4735823	+	protein_coding	core	1101	1	0	0	1
SC_RS23795	SCO4323	SC_RS23795	4736376	4737038	+	protein_coding	core	663	0	0	0	0
SC_RS23800	SCO4324	SC_RS23800	4736987	4737265	-	protein_coding	core	279	0	0	0	0
SC_RS23805	SCO4325	SC_RS23805	4737441	4737824	+	protein_coding	core	384	0	0	0	0
SC_RS23810	SCO4326	SC_RS23810	4737844	4738692	-	protein_coding	core	849	0	0	0	0
SC_RS23815	SCO4327	SC_RS23815	4738682	4739389	-	protein_coding	core	708	0	0	0	0
SC_RS23820	SCO4328	SC_RS23820	4739405	4739914	-	protein_coding	core	510	0	0	0	0
SC_RS23825	SCO4329	SC_RS23825	4739973	4741364	-	protein_coding	core	1392	0	0	0	0
SC_RS23830	SCO4330	SC_RS23830	4741698	4742624	+	protein_coding	core	927	0	0	0	0
SC_RS23835	SCO4331	SC_RS23835	4742777	4745905	+	protein_coding	core	3129	0	0	0	0
SC_RS23840	SCO4332	SC_RS23840	4746028	4748436	-	protein_coding	core	2409	1	1	0	1
SC_RS23845	SCO4333	SC_RS23845	4748536	4748796	-	protein_coding	core	261	1	0	1	1
SC_RS23850	SCO4334	SC_RS23850	4749000	4750457	+	protein_coding	core	1458	1	1	0	1
SC_RS23855	SCO4335	SC_RS23855	4750489	4750677	-	protein_coding	core	189	1	0	0	1
SC_RS23860	SCO4336	SC_RS23860	4750828	4751265	+	protein_coding	core	438	2	0	0	2
SC_RS23865	SCO4337	SC_RS23865	4751293	4752672	+	protein_coding	core	1380	2	0	0	2
SC_RS23870	SCO4338	thpR	4752722	4753294	+	protein_coding	core	573	2	0	2	2
SC_RS23880	SCO4340	SC_RS23880	4754366	4756015	+	protein_coding	core	1650	2	0	0	2
SC_RS23885	SCO4342	SC_RS23885	4756894	4757403	+	protein_coding	core	510	0	0	0	0
SC_RS23895	SCO4345	SC_RS23895	4759042	4759623	+	protein_coding	core	582	1	0	0	1
SC_RS23900	SCO4346	SC_RS23900	4759891	4761063	-	protein_coding	core	1173	1	0	1	1
SC_RS23905	SCO4347	SC_RS23905	4761245	4761673	-	protein_coding	core	429	1	0	0	1
SC_RS23910	SCO4348	SC_RS23910	4761670	4763841	-	protein_coding	core	2172	1	0	0	1
SC_RS23915	SCO4349	SC_RS23915	4763838	4765553	-	protein_coding	core	1716	0	0	0	0
SC_RS23920	SCO4350	SC_RS23920	4765553	4766905	-	protein_coding	core	1353	0	0	0	0
SC_RS23925	SCO4351	SC_RS23925	4766995	4767627	+	protein_coding	core	633	0	0	0	0
SC_RS23930	SCO4352	SC_RS23930	4767684	4768676	+	protein_coding	core	993	0	0	0	0
SC_RS23940	SCO4354	SC_RS23940	4769020	4769613	-	protein_coding	core	594	1	0	0	1
SC_RS23945	SCO4355	SC_RS23945	4769704	4770477	+	protein_coding	core	774	1	0	0	1
SC_RS23950	SCO4356	SC_RS23950	4770450	4771139	-	protein_coding	core	690	1	0	1	1
SC_RS23955	SCO4357	SC_RS23955	4771252	4772241	+	protein_coding	core	990	1	1	0	1
SC_RS23960	SCO4358	SC_RS23960	4772215	4773021	-	protein_coding	core	807	1	0	0	1
SC_RS23965	SCO4359	SC_RS23965	4773118	4774128	+	protein_coding	core	1011	0	0	0	0
SC_RS23970	SCO4360	SC_RS23970	4774125	4774967	+	protein_coding	core	843	1	0	0	1
SC_RS23975	SCO4361	SC_RS23975	4775082	4775639	+	protein_coding	core	558	1	0	0	1
SC_RS23980	SCO4362	SC_RS23980	4775642	4776853	+	protein_coding	core	1212	1	0	1	1
SC_RS23985	SCO4363	SC_RS23985	4776850	4777530	+	protein_coding	core	681	1	0	0	1
SC_RS23990	SCO4364	SC_RS23990	4777590	4777967	+	protein_coding	core	378	1	0	0	1
SC_RS23995	SCO4365	SC_RS23995	4778003	4778245	+	protein_coding	core	243	1	0	0	1
SC_RS24000	SCO4366	serC	4778229	4779347	-	protein_coding	core	1119	1	0	0	1
SC_RS24005	SCO4367	SC_RS24005	4779458	4782313	+	protein_coding	core	2856	1	0	0	1
SC_RS24010	SCO4368	SC_RS24010	4782332	4783492	-	protein_coding	core	1161	1	0	1	1
SC_RS24015	SCO4369	SC_RS24015	4783700	4785205	+	protein_coding	core	1506	2	0	0	2
SC_RS24020	SCO4370	SC_RS24020	4785501	4786457	+	protein_coding	core	957	1	0	0	1
SC_RS24025	SCO4371	SC_RS24025	4786553	4787116	+	protein_coding	core	564	2	0	1	2
SC_RS24030	SCO4372	SC_RS24030	4787160	4787774	-	protein_coding	core	615	2	0	0	2
SC_RS24035	SCO4373	SC_RS24035	4787839	4788291	-	protein_coding	core	453	2	0	0	2
SC_RS24040	SCO4374	SC_RS24040	4788508	4789464	+	protein_coding	core	957	2	0	1	2
SC_RS24045	SCO4375	SC_RS24045	4789565	4790059	+	protein_coding	core	495	1	0	0	1
SC_RS24050	SCO4376	SC_RS24050	4790056	4790565	+	protein_coding	core	510	2	0	0	2
SC_RS24055	SCO4377	SC_RS24055	4790669	4792411	+	protein_coding	core	1743	2	0	1	2
SC_RS24060	SCO4378	SC_RS24060	4792562	4793374	+	protein_coding	core	813	1	1	0	1
SC_RS24065	SCO4379	SC_RS24065	4793371	4795047	+	protein_coding	core	1677	1	0	0	1
SC_RS24070	SCO4380	SC_RS24070	4795085	4796683	+	protein_coding	core	1599	0	0	0	0
SC_RS24075	SCO4381	SC_RS24075	4796697	4798541	+	protein_coding	core	1845	0	0	0	0
SC_RS24080	SCO4382	SC_RS24080	4798612	4799760	+	protein_coding	core	1149	0	0	0	0
SC_RS24085	SCO4383	SC_RS24085	4799896	4801464	+	protein_coding	core	1569	0	0	0	0
SC_RS24090	SCO4384	SC_RS24090	4801461	4802204	+	protein_coding	core	744	0	0	0	0
SC_RS24095	SCO4385	SC_RS24095	4802192	4802821	+	protein_coding	core	630	0	0	0	0
SC_RS24100	SCO4386	SC_RS24100	4802873	4803460	+	protein_coding	core	588	0	0	0	0
SC_RS24105	SCO4387	pdxH	4803479	4804183	-	protein_coding	core	705	0	0	0	0
SC_RS24110	SCO4388	SC_RS24110	4804464	4805564	+	protein_coding	core	1101	0	0	0	0
SC_RS24115	SCO4389	SC_RS24115	4805897	4806772	+	protein_coding	core	876	1	0	0	1
SC_RS24120	SCO4390	SC_RS24120	4806938	4808341	+	protein_coding	core	1404	1	0	1	1
SC_RS24125	SCO4391	SC_RS24125	4808387	4808785	-	protein_coding	core	399	3	0	0	3
SC_RS24130	SCO4392	SC_RS24130	4808960	4809685	+	protein_coding	core	726	3	0	0	3
SC_RS24135	SCO4393	SC_RS24135	4809858	4810613	-	protein_coding	core	756	3	0	2	3
SC_RS24140	SCO4394	SC_RS24140	4810836	4811528	+	protein_coding	core	693	2	2	0	2
SC_RS24145	SCO4395	SC_RS24145	4812032	4812946	+	protein_coding	core	915	2	0	0	2
SC_RS24150	SCO4396	SC_RS24150	4812954	4814606	-	protein_coding	core	1653	0	0	0	0
SC_RS24155	SCO4397	SC_RS24155	4814603	4815394	-	protein_coding	core	792	0	0	0	0
SC_RS24160	SCO4398	SC_RS24160	4815510	4816163	-	protein_coding	core	654	0	0	0	0
SC_RS24165	SCO4399	SC_RS24165	4816468	4817853	+	protein_coding	core	1386	1	0	0	1
SC_RS24170	SCO4400	SC_RS24170	4818056	4819708	+	protein_coding	core	1653	2	0	1	2
SC_RS24175	SCO4401	SC_RS24175	4819767	4821083	-	protein_coding	core	1317	2	1	0	2
SC_RS24180	SCO4402	SC_RS24180	4821200	4821700	+	protein_coding	core	501	1	0	1	1
SC_RS24185	SCO4403	purU	4821748	4822641	+	protein_coding	core	894	1	1	0	1
SC_RS24190	SCO4404	SC_RS24190	4822683	4823471	-	protein_coding	core	789	1	0	0	1
SC_RS24195	SCO4405	SC_RS24195	4823468	4824442	-	protein_coding	core	975	0	0	0	0
SC_RS24200	SCO4406	SC_RS24200	4824455	4825120	-	protein_coding	core	666	0	0	0	0
SC_RS24205	SCO4407	SC_RS24205	4825352	4826125	+	protein_coding	core	774	0	0	0	0
SC_RS24210	SCO4408	SC_RS24210	4826082	4827368	-	protein_coding	core	1287	1	0	0	1
SC_RS24215	SCO4409	SC_RS24215	4827365	4827958	-	protein_coding	core	594	1	0	0	1
SC_RS24220	SCO4410	SC_RS24220	4828287	4828667	+	protein_coding	core	381	1	0	0	1
SC_RS24225	SCO4411	calD	4828773	4829285	+	protein_coding	core	513	1	0	1	1
SC_RS24230	SCO4412	SC_RS24230	4829871	4830347	+	protein_coding	core	477	1	0	0	1
SC_RS24235	SCO4413	SC_RS24235	4830650	4831684	-	protein_coding	core	1035	2	0	0	2
SC_RS24240	SCO4414	SC_RS24240	4831769	4833094	+	protein_coding	core	1326	1	0	1	1
SC_RS24245	SCO4415	SC_RS24245	4833116	4833988	+	protein_coding	core	873	1	1	0	1
SC_RS24250	SCO4416	SC_RS24250	4834171	4835376	-	protein_coding	core	1206	1	0	0	1
SC_RS24255	SCO4417	SC_RS24255	4835476	4836093	+	protein_coding	core	618	0	0	0	0
SC_RS24260	SCO4418	SC_RS24260	4836101	4836769	-	protein_coding	core	669	0	0	0	0
SC_RS24265	SCO4419	SC_RS24265	4836783	4837208	-	protein_coding	core	426	0	0	0	0
SC_RS24270	SCO4421	SC_RS24270	4837557	4838192	-	protein_coding	core	636	0	0	0	0
SC_RS24275	SCO4422	SC_RS24275	4838327	4839085	+	protein_coding	core	759	1	0	0	1
SC_RS24280	SCO4423	SC_RS24280	4839304	4841703	+	protein_coding	core	2400	1	0	1	1
SC_RS24285	SCO4424	SC_RS24285	4841760	4842290	+	protein_coding	core	531	1	0	0	1
SC_RS24290	SCO4425	SC_RS24290	4842382	4842573	-	protein_coding	core	192	1	0	0	1
SC_RS24295	SCO4426	afsR	4842787	4845768	-	protein_coding	core	2982	3	0	2	3
SC_RS24300	SCO4427	SC_RS24300	4845862	4846281	-	protein_coding	core	420	2	0	0	2
SC_RS24305	SCO4428	SC_RS24305	4846352	4847875	-	protein_coding	core	1524	2	0	0	2
SC_RS24310	SCO4429	SC_RS24310	4848064	4850667	+	protein_coding	core	2604	0	0	0	0
SC_RS24315	SCO4430	SC_RS24315	4850742	4851305	+	protein_coding	core	564	1	0	0	1
SC_RS24320	SCO4431	SC_RS24320	4851343	4851852	-	protein_coding	core	510	1	0	0	1
SC_RS24325	SCO4432	SC_RS24325	4851904	4852578	+	protein_coding	core	675	1	0	0	1
SC_RS24330	SCO4433	SC_RS24330	4852634	4852984	-	protein_coding	core	351	1	0	1	1
SC_RS24335	SCO4434	SC_RS24335	4853069	4853965	+	protein_coding	core	897	1	1	0	1
SC_RS24340	SCO4435	SC_RS24340	4854071	4855186	+	protein_coding	core	1116	1	0	0	1
SC_RS24345	SCO4436	SC_RS24345	4855250	4855660	+	protein_coding	core	411	0	0	0	0
SC_RS24350	SCO4437	SC_RS24350	4855908	4857491	-	protein_coding	core	1584	0	0	0	0
SC_RS24355	SCO4438	SC_RS24355	4857727	4859604	-	protein_coding	core	1878	1	0	0	1
SC_RS24360	SCO4439	SC_RS24360	4859813	4862452	-	protein_coding	core	2640	1	0	1	1
SC_RS24365	SCO4440	SC_RS24365	4862642	4863400	+	protein_coding	core	759	1	0	0	1
SC_RS24370	SCO4441	SC_RS24370	4863650	4864507	+	protein_coding	core	858	0	0	0	0
SC_RS24375	SCO4442	SC_RS24375	4864681	4864872	+	protein_coding	core	192	1	0	0	1
SC_RS24380	SCO4443	SC_RS24380	4864966	4865850	-	protein_coding	core	885	1	0	0	1
SC_RS24385	SCO4444	SC_RS24385	4865924	4866445	-	protein_coding	core	522	1	1	0	1
SC_RS24390	SCO4445	SC_RS24390	4866642	4867625	-	protein_coding	core	984	1	0	0	1
SC_RS24395	SCO4446	SC_RS24395	4867733	4868950	+	protein_coding	core	1218	1	0	0	1
SC_RS24400	SCO4447	SC_RS24400	4869137	4870225	+	protein_coding	core	1089	0	0	0	0
SC_RS24405	SCO4448	SC_RS24405	4870304	4870987	-	protein_coding	core	684	1	0	0	1
SC_RS24410	SCO4449	SC_RS24410	4871042	4871941	-	protein_coding	core	900	2	1	0	2
SC_RS24415	SCO4450	SC_RS24415	4872011	4872658	+	protein_coding	core	648	2	0	1	2
SC_RS24420	SCO4451	SC_RS24420	4872768	4874393	+	protein_coding	core	1626	3	1	1	3
SC_RS24425	SCO4452	SC_RS24425	4874365	4875516	-	protein_coding	core	1152	2	0	1	2
SC_RS24430	SCO4453	SC_RS24430	4875525	4875932	-	protein_coding	core	408	1	0	0	1
SC_RS24435	SCO4454	SC_RS24435	4876023	4876625	-	protein_coding	core	603	1	0	0	1
SC_RS24440	SCO4455	SC_RS24440	4876807	4877370	+	protein_coding	core	564	1	0	0	1
SC_RS24445	SCO4456	SC_RS24445	4877431	4879017	+	protein_coding	core	1587	1	0	0	1
SC_RS24450	SCO4457	SC_RS24450	4879075	4880076	-	protein_coding	core	1002	1	0	1	1
SC_RS24455	SCO4458	SC_RS24455	4880330	4880995	-	protein_coding	core	666	1	0	0	1
SC_RS24460	SCO4459	SC_RS24460	4881117	4881521	-	protein_coding	core	405	1	0	0	1
SC_RS24465	SCO4460	SC_RS24465	4881601	4882014	+	protein_coding	core	414	0	0	0	0
SC_RS24470	SCO4461	SC_RS24470	4882032	4882589	-	protein_coding	core	558	0	0	0	0
SC_RS24475	SCO4462	SC_RS24475	4882715	4883962	+	protein_coding	core	1248	0	0	0	0
SC_RS24480	SCO4463	SC_RS24480	4883980	4884108	+	protein_coding	core	129	0	0	0	0
SC_RS24485	SCO4464	SC_RS24485	4884219	4884893	-	protein_coding	core	675	0	0	0	0
SC_RS24490	SCO4465	SC_RS24490	4884950	4885462	+	protein_coding	core	513	0	0	0	0
SC_RS24495	SCO4466	SC_RS24495	4885528	4886016	-	protein_coding	core	489	0	0	0	0
SC_RS24500	SCO4467	SC_RS24500	4886067	4886504	-	protein_coding	core	438	0	0	0	0
SC_RS24505	SCO4469	hemL	4886990	4888306	+	protein_coding	core	1317	0	0	0	0
SC_RS24510	SCO4470	SC_RS24510	4888303	4889004	+	protein_coding	core	702	0	0	0	0
SC_RS24515	SCO4471	SC_RS24515	4889161	4890459	+	protein_coding	core	1299	0	0	0	0
SC_RS24520	SCO4472	SC_RS24520	4890549	4891220	+	protein_coding	core	672	0	0	0	0
SC_RS24525	SCO4473	SC_RS24525	4891222	4891992	+	protein_coding	core	771	3	0	0	3
SC_RS24530	SCO4474	resB	4891996	4893720	+	protein_coding	core	1725	3	0	2	3
SC_RS24535	SCO4475	ccsB	4893909	4895051	+	protein_coding	core	1143	3	3	0	3
SC_RS24540	SCO4476	SC_RS24540	4895198	4896619	-	protein_coding	core	1422	3	0	0	3
SC_RS24545	SCO4477	SC_RS24545	4896795	4897511	-	protein_coding	core	717	3	0	0	3
SC_RS24550	SCO4478	SC_RS24550	4897553	4898155	+	protein_coding	core	603	3	0	0	3
SC_RS24555	SCO4479	SC_RS24555	4898224	4899117	-	protein_coding	core	894	3	0	3	3
SC_RS24560	SCO4480	SC_RS24560	4899301	4899900	-	protein_coding	core	600	3	0	0	3
SC_RS24565	SCO4481	SC_RS24565	4900077	4901975	+	protein_coding	core	1899	4	0	0	4+
SC_RS24570	SCO4482	SC_RS24570	4901972	4902850	-	protein_coding	core	879	1	0	1	1
SC_RS24575	SCO4483	SC_RS24575	4902931	4903482	+	protein_coding	core	552	1	0	0	1
SC_RS24580	SCO4484	SC_RS24580	4903479	4903841	+	protein_coding	core	363	1	0	0	1
SC_RS24585	SCO4485	SC_RS24585	4903856	4904881	-	protein_coding	core	1026	1	0	0	1
SC_RS24590	SCO4486	SC_RS24590	4904976	4905383	+	protein_coding	core	408	0	0	0	0
SC_RS24595	SCO4487	SC_RS24595	4905443	4907221	+	protein_coding	core	1779	0	0	0	0
SC_RS24600	SCO4488	SC_RS24600	4907340	4909220	+	protein_coding	core	1881	0	0	0	0
SC_RS24605	SCO4489	SC_RS24605	4909224	4909526	-	protein_coding	core	303	0	0	0	0
SC_RS24610	SCO4490	SC_RS24610	4909614	4911071	+	protein_coding	core	1458	0	0	0	0
SC_RS24615	SCO4491	mqnP	4911068	4911973	+	protein_coding	core	906	0	0	0	0
SC_RS24620	SCO4492	SC_RS24620	4912029	4912679	+	protein_coding	core	651	0	0	0	0
SC_RS24630	SCO4494	mqnE	4913249	4914412	+	protein_coding	core	1164	0	0	0	0
SC_RS24635	SCO4495	SC_RS24635	4914637	4915275	+	protein_coding	core	639	0	0	0	0
SC_RS24640	SCO4496	SC_RS24640	4915292	4915816	+	protein_coding	core	525	0	0	0	0
SC_RS24645	SCO4497	SC_RS24645	4915937	4916236	+	protein_coding	core	300	0	0	0	0
SC_RS24650		SC_RS24650	4916377	4916478	+	protein_coding	core	102	0	0	0	0
SC_RS24655	SCO4498	SC_RS24655	4916551	4917873	+	protein_coding	core	1323	0	0	0	0
SC_RS24660	SCO4499	SC_RS24660	4917934	4918656	+	protein_coding	core	723	0	0	0	0
SC_RS24665	SCO4500	SC_RS24665	4919005	4919880	-	protein_coding	core	876	1	0	0	1
SC_RS24670	SCO4501	SC_RS24670	4919880	4921172	-	protein_coding	core	1293	1	1	0	1
SC_RS24675	SCO4502	SC_RS24675	4921335	4922621	+	protein_coding	core	1287	1	0	1	1
SC_RS24680	SCO4503	SC_RS24680	4923031	4924959	+	protein_coding	core	1929	1	0	0	1
SC_RS24685	SCO4504	SC_RS24685	4924984	4925628	-	protein_coding	core	645	0	0	0	0
SC_RS24690	SCO4505	SC_RS24690	4925750	4925953	-	protein_coding	core	204	0	0	0	0
SC_RS24695	SCO4506	SC_RS24695	4926246	4927094	+	protein_coding	core	849	0	0	0	0
SC_RS24700	SCO4507	SC_RS24700	4927170	4928930	+	protein_coding	core	1761	0	0	0	0
SC_RS24705	SCO4508	SC_RS24705	4928991	4933568	-	protein_coding	core	4578	1	0	0	1
SC_RS24710	SCO4509	SC_RS24710	4933854	4934156	+	protein_coding	core	303	2	0	0	2
SC_RS24715	SCO4512	SC_RS24715	4935104	4935685	-	protein_coding	core	582	2	0	2	2
SC_RS24720	SCO4513	SC_RS24720	4935682	4936314	-	protein_coding	core	633	2	0	0	2
SC_RS24725	SCO4514	SC_RS24725	4936347	4936925	-	protein_coding	core	579	2	0	0	2
SC_RS24730	SCO4515	SC_RS24730	4936959	4938164	-	protein_coding	core	1206	2	0	0	2
SC_RS24735	SCO4516	SC_RS24735	4938161	4938472	-	protein_coding	core	312	0	0	0	0
SC_RS24740	SCO4517	SC_RS24740	4938790	4939515	-	protein_coding	core	726	0	0	0	0
SC_RS24745	SCO4518	SC_RS24745	4939512	4940861	-	protein_coding	core	1350	0	0	0	0
SC_RS24750	SCO4519	SC_RS24750	4940966	4941562	+	protein_coding	core	597	0	0	0	0
SC_RS24755	SCO4520	SC_RS24755	4941567	4941872	-	protein_coding	core	306	0	0	0	0
SC_RS24760	SCO4521	SC_RS24760	4941895	4942980	-	protein_coding	core	1086	0	0	0	0
SC_RS24770	SCO4523	SC_RS24770	4943703	4944296	+	protein_coding	core	594	0	0	0	0
SC_RS24775	SCO4524	SC_RS24775	4945126	4945845	+	protein_coding	core	720	1	0	0	1
SC_RS24780	SCO4525	SC_RS24780	4945864	4946745	+	protein_coding	core	882	1	0	0	1
SC_RS24785	SCO4526	SC_RS24785	4946742	4948049	+	protein_coding	core	1308	2	0	1	2
SC_RS24790	SCO4527	SC_RS24790	4948063	4949100	+	protein_coding	core	1038	2	1	0	2
SC_RS24795	SCO4528	SC_RS24795	4949097	4950017	+	protein_coding	core	921	2	0	1	2
SC_RS24800	SCO4529	SC_RS24800	4950107	4950367	+	protein_coding	core	261	1	1	0	1
SC_RS24805	SCO4530	SC_RS24805	4950575	4950955	+	protein_coding	core	381	1	0	0	1
SC_RS24810	SCO4531	SC_RS24810	4950956	4951393	+	protein_coding	core	438	1	0	0	1
SC_RS24815	SCO4532	SC_RS24815	4951390	4951851	+	protein_coding	core	462	1	0	0	1
SC_RS24820	SCO4533	SC_RS24820	4951930	4952256	+	protein_coding	core	327	0	0	0	0
SC_RS24825	SCO4534	SC_RS24825	4952253	4953677	+	protein_coding	core	1425	1	0	0	1
SC_RS24830	SCO4535	SC_RS24830	4953674	4955002	+	protein_coding	core	1329	1	0	0	1
SC_RS24835	SCO4536	SC_RS24835	4954999	4955643	+	protein_coding	core	645	1	0	1	1
SC_RS24840	SCO4537	SC_RS24840	4955652	4956245	+	protein_coding	core	594	2	1	0	2
SC_RS24845	SCO4538	SC_RS24845	4956301	4956636	-	protein_coding	core	336	2	0	0	2
SC_RS24850	SCO4539	SC_RS24850	4956659	4957264	-	protein_coding	core	606	2	0	0	2
SC_RS24855		SC_RS24855	4957302	4957697	-	protein_coding	core	396	2	1	0	2
SC_RS24860	SCO4541	SC_RS24860	4957723	4959303	-	protein_coding	core	1581	1	0	1	1
SC_RS24865	SCO4542	SC_RS24865	4959382	4959573	-	protein_coding	core	192	1	0	0	1
SC_RS24870	SCO4543	whiJ	4959584	4960435	-	protein_coding	core	852	1	0	0	1
SC_RS24875	SCO4544	SC_RS24875	4960649	4961074	+	protein_coding	core	426	0	0	0	0
SC_RS24880	SCO4545	SC_RS24880	4961108	4962022	+	protein_coding	core	915	0	0	0	0
SC_RS24885	SCO4546	SC_RS24885	4962128	4962778	+	protein_coding	core	651	0	0	0	0
SC_RS24890	SCO4547	SC_RS24890	4962778	4963845	+	protein_coding	core	1068	0	0	0	0
SC_RS24895	SCO4548	SC_RS24895	4964061	4967069	+	protein_coding	core	3009	1	0	0	1
SC_RS24900	SCO4549	SC_RS24900	4967066	4967845	+	protein_coding	core	780	1	0	1	1
SC_RS24905	SCO4550	mqnC	4967924	4969123	+	protein_coding	core	1200	1	1	0	1
SC_RS24910	SCO4551	SC_RS24910	4969131	4969730	+	protein_coding	core	600	1	0	0	1
SC_RS24915	SCO4552	SC_RS24915	4969766	4970770	-	protein_coding	core	1005	0	0	0	0
SC_RS24920	SCO4553	SC_RS24920	4970964	4971383	+	protein_coding	core	420	0	0	0	0
SC_RS24925	SCO4554	SC_RS24925	4971401	4973632	+	protein_coding	core	2232	0	0	0	0
SC_RS24930	SCO4555	SC_RS24930	4973632	4974723	+	protein_coding	core	1092	0	0	0	0
SC_RS24935	SCO4556	SC_RS24935	4974767	4975462	+	protein_coding	core	696	0	0	0	0
SC_RS24940	SCO4557	SC_RS24940	4975449	4975796	-	protein_coding	core	348	0	0	0	0
SC_RS24945	SCO4558	SC_RS24945	4975855	4976418	-	protein_coding	core	564	0	0	0	0
SC_RS24950	SCO4559	SC_RS24950	4976516	4977808	+	protein_coding	core	1293	0	0	0	0
SC_RS24955	SCO4560	def	4977869	4978495	-	protein_coding	core	627	0	0	0	0
SC_RS24960	SCO4561	SC_RS24960	4978629	4979462	-	protein_coding	core	834	0	0	0	0
SC_RS24965	SCO4562	SC_RS24965	4980274	4980633	+	protein_coding	core	360	0	0	0	0
SC_RS24970	SCO4563	SC_RS24970	4980646	4981200	+	protein_coding	core	555	1	0	0	1
SC_RS24975	SCO4564	SC_RS24975	4981197	4981952	+	protein_coding	core	756	2	0	0	2
SC_RS24980	SCO4565	SC_RS24980	4981949	4983271	+	protein_coding	core	1323	2	0	1	2
SC_RS24985	SCO4566	nuoE	4983268	4984140	+	protein_coding	core	873	2	0	1	2
SC_RS24990	SCO4567	nuoF	4984137	4985486	+	protein_coding	core	1350	2	1	0	2
SC_RS24995	SCO4568	SC_RS24995	4985483	4988014	+	protein_coding	core	2532	3	0	0	3
SC_RS25000	SCO4569	nuoH	4988011	4989414	+	protein_coding	core	1404	2	0	1	2
SC_RS25005	SCO4570	nuoI	4989407	4990084	+	protein_coding	core	678	2	1	1	2
SC_RS25010	SCO4571	SC_RS25010	4990081	4990938	+	protein_coding	core	858	2	0	0	2
SC_RS25015	SCO4572	nuoK	4990935	4991234	+	protein_coding	core	300	2	0	0	2
SC_RS25020	SCO4573	nuoL	4991249	4993213	+	protein_coding	core	1965	4	0	0	4+
SC_RS25025	SCO4574	SC_RS25025	4993219	4994790	+	protein_coding	core	1572	3	0	2	3
SC_RS25030	SCO4575	nuoN	4994787	4996445	+	protein_coding	core	1659	3	1	1	3
SC_RS25035	SCO4576	SC_RS25035	4996565	4997164	-	protein_coding	core	600	1	0	0	1
SC_RS25040	SCO4577	recQ	4997397	4999427	+	protein_coding	core	2031	1	0	0	1
SC_RS25050	SCO4579	SC_RS25050	4999752	5000690	-	protein_coding	core	939	0	0	0	0
SC_RS25055	SCO4580	fahA	5000997	5002253	-	protein_coding	core	1257	1	0	0	1
SC_RS25060	SCO4581	SC_RS25060	5002738	5003547	+	protein_coding	core	810	1	0	0	1
SC_RS25065	SCO4582	SC_RS25065	5003571	5004062	-	protein_coding	core	492	1	0	1	1
SC_RS25070	SCO4583	SC_RS25070	5004917	5005927	+	protein_coding	core	1011	2	0	0	2
SC_RS25075	SCO4584	SC_RS25075	5006187	5007449	+	protein_coding	core	1263	2	0	1	2
SC_RS25080	SCO4585	SC_RS25080	5007502	5008485	+	protein_coding	core	984	3	0	1	3
SC_RS25085	SCO4586	SC_RS25085	5008472	5009416	+	protein_coding	core	945	3	1	0	3
SC_RS25090	SCO4587	SC_RS25090	5009444	5010046	-	protein_coding	core	603	2	0	1	2
SC_RS25095	SCO4588	SC_RS25095	5010296	5011708	+	protein_coding	core	1413	2	0	0	2
SC_RS25100	SCO4589	SC_RS25100	5011745	5012719	-	protein_coding	core	975	1	0	1	1
SC_RS25105	SCO4590	SC_RS25105	5012930	5013400	-	protein_coding	core	471	1	0	0	1
SC_RS25110	SCO4591	SC_RS25110	5013530	5014102	+	protein_coding	core	573	2	0	0	2
SC_RS25115	SCO4592	rarD	5014126	5015214	-	protein_coding	core	1089	3	1	0	3
SC_RS25120	SCO4593	SC_RS25120	5015360	5016214	-	protein_coding	core	855	2	1	1	2
SC_RS25125	SCO4594	SC_RS25125	5016376	5017434	-	protein_coding	core	1059	2	0	1	2
SC_RS25130	SCO4595	SC_RS25130	5017427	5019364	-	protein_coding	core	1938	1	0	0	1
SC_RS25135	SCO4596	SC_RS25135	5019699	5020358	-	protein_coding	core	660	0	0	0	0
SC_RS25140	SCO4597	SC_RS25140	5020678	5022045	-	protein_coding	core	1368	0	0	0	0
SC_RS25145	SCO4598	SC_RS25145	5022159	5023382	-	protein_coding	core	1224	0	0	0	0
SC_RS25150	SCO4599	SC_RS25150	5023578	5024018	+	protein_coding	core	441	1	0	0	1
SC_RS25155	SCO4600	SC_RS25155	5024009	5024713	+	protein_coding	core	705	1	0	0	1
SC_RS25160	SCO4601	SC_RS25160	5024710	5026071	+	protein_coding	core	1362	1	0	1	1
SC_RS25165	SCO4602	SC_RS25165	5026068	5027036	+	protein_coding	core	969	1	0	0	1
SC_RS25170	SCO4603	SC_RS25170	5027036	5027629	+	protein_coding	core	594	1	0	0	1
SC_RS25175	SCO4604	SC_RS25175	5027626	5028219	+	protein_coding	core	594	0	0	0	0
SC_RS25180	SCO4605	nuoK	5028219	5028611	+	protein_coding	core	393	0	0	0	0
SC_RS25185	SCO4606	SC_RS25185	5028608	5030602	+	protein_coding	core	1995	1	0	0	1
SC_RS25190	SCO4607	SC_RS25190	5030609	5032213	+	protein_coding	core	1605	1	0	1	1
SC_RS25195	SCO4608	SC_RS25195	5032210	5033757	+	protein_coding	core	1548	1	0	0	1
SC_RS25200	SCO4609	htpX	5033984	5034847	+	protein_coding	core	864	0	0	0	0
SC_RS25205	SCO4610	SC_RS25205	5034844	5035260	+	protein_coding	core	417	0	0	0	0
SC_RS25210	SCO4611	SC_RS25210	5035358	5035951	+	protein_coding	core	594	0	0	0	0
SC_RS25215	SCO4612	SC_RS25215	5036030	5037274	-	protein_coding	core	1245	1	0	0	1
SC_RS25220	SCO4613	SC_RS25220	5037414	5037680	+	protein_coding	core	267	1	0	0	1
SC_RS25225	SCO4614	SC_RS25225	5037788	5038276	-	protein_coding	core	489	1	0	0	1
SC_RS25230	SCOt48	SC_RS25230	5038512	5038593	+	tRNA	core	82	1	0	0	1
SC_RS25235	SCO4615	SC_RS25235	5038758	5040125	-	protein_coding	core	1368	1	0	1	1
SC_RS25240	SCO4616	SC_RS25240	5040186	5040371	-	protein_coding	core	186	1	0	0	1
SC_RS25245	SCO4617	SC_RS25245	5040809	5042281	-	protein_coding	core	1473	1	0	0	1
SC_RS25250	SCO4618	SC_RS25250	5042283	5043134	-	protein_coding	core	852	0	0	0	0
SC_RS25255	SCO4619	SC_RS25255	5043224	5043691	-	protein_coding	core	468	0	0	0	0
SC_RS25260	SCO4620	traB	5043865	5045910	-	protein_coding	core	2046	0	0	0	0
SC_RS25265	SCO4621	traA	5045925	5046464	-	protein_coding	core	540	0	0	0	0
SC_RS25270	SCO4622	SC_RS25270	5046484	5046984	-	protein_coding	core	501	0	0	0	0
SC_RS25275		SC_RS25275	5047158	5047313	+	protein_coding	core	156	0	0	0	0
SC_RS25280	SCO4624	SC_RS25280	5047328	5047663	-	protein_coding	core	336	0	0	0	0
SC_RS25285	SCO4625	SC_RS25285	5047663	5048670	-	protein_coding	core	1008	0	0	0	0
SC_RS25290	SCO4626	SC_RS25290	5048667	5049200	-	protein_coding	core	534	0	0	0	0
SC_RS25295	SCO4627	SC_RS25295	5049197	5049466	-	protein_coding	core	270	0	0	0	0
SC_RS25300	SCO4628	SC_RS25300	5049893	5050702	+	protein_coding	core	810	0	0	0	0
SC_RS25305	SCO4629	SC_RS25305	5050699	5051364	+	protein_coding	core	666	1	0	0	1
SC_RS25310	SCO4630	SC_RS25310	5051465	5052373	-	protein_coding	core	909	1	0	0	1
SC_RS25315	SCO4631	mcrA	5052984	5054666	-	protein_coding	core	1683	1	0	1	1
SC_RS25320	SCO4632	fxsT	5055828	5058728	+	protein_coding	core	2901	1	0	1	1
SC_RS25325		SC_RS25325	5058797	5059018	+	protein_coding	core	222	1	0	0	1
SC_RS25330	SCO4633	SC_RS25330	5059025	5059681	-	protein_coding	core	657	1	0	0	1
SC_RS25335	SCO4634	SC_RS25335	5059786	5061090	-	protein_coding	core	1305	3	0	0	3
SC_RS25340	SCOt49	SC_RS25340	5061316	5061388	+	tRNA	core	73	3	0	0	3
SC_RS25345	SCOt50	SC_RS25345	5061435	5061507	+	tRNA	core	73	3	0	0	3
SC_RS25350	SCO4635	rpmG	5061599	5061763	+	protein_coding	core	165	3	0	0	3
SC_RS25355	SCO4636	SC_RS25355	5061859	5062311	+	protein_coding	core	453	3	0	1	3
SC_RS25360	SCO4637	SC_RS25360	5062317	5062745	+	protein_coding	core	429	3	1	1	3
SC_RS25365	SCO4638	SC_RS25365	5062845	5063669	-	protein_coding	core	825	3	0	0	3
SC_RS25370	SCO4639	SC_RS25370	5063734	5064339	+	protein_coding	core	606	3	0	0	3
SC_RS25375	SCO4640	SC_RS25375	5064405	5064998	+	protein_coding	core	594	3	0	0	3
SC_RS25380	SCO4641	SC_RS25380	5065114	5066586	+	protein_coding	core	1473	2	0	0	2
SC_RS25385	SCO4642	SC_RS25385	5066624	5067004	+	protein_coding	core	381	2	0	1	2
SC_RS25390	SCO4643	SC_RS25390	5067097	5068152	+	protein_coding	core	1056	2	1	1	2
SC_RS25395	SCO4644	SC_RS25395	5068592	5069623	-	protein_coding	core	1032	3	0	0	3
SC_RS25400	SCO4645	SC_RS25400	5069749	5070975	-	protein_coding	core	1227	1	0	1	1
SC_RS25405	SCOt51	SC_RS25405	5071215	5071287	+	tRNA	core	73	1	0	0	1
SC_RS25410	SCO4646	secE	5071396	5071680	+	protein_coding	core	285	1	0	0	1
SC_RS25415	SCO4647	nusG	5071761	5072663	+	protein_coding	core	903	1	0	0	1
SC_RS25420	SCO4648	rplK	5072851	5073285	+	protein_coding	core	435	0	0	0	0
SC_RS25425	SCO4649	rplA	5073369	5074094	+	protein_coding	core	726	0	0	0	0
SC_RS25430	SCO4650	SC_RS25430	5074267	5075124	+	protein_coding	core	858	0	0	0	0
SC_RS25435	SCO4651	SC_RS25435	5075273	5076121	+	protein_coding	core	849	1	0	0	1
SC_RS25440	SCO4652	rplJ	5076440	5076970	+	protein_coding	core	531	1	0	0	1
SC_RS25445	SCO4653	rplL	5077088	5077471	+	protein_coding	core	384	1	0	1	1
SC_RS25450	SCO4654	rpoB	5078061	5081546	+	protein_coding	core	3486	2	0	1	2
SC_RS25455	SCO4655	SC_RS25455	5081644	5085543	+	protein_coding	core	3900	2	0	1	2
SC_RS25460	SCO4656	SC_RS25460	5085653	5086240	+	protein_coding	core	588	1	0	0	1
SC_RS25465	SCO4657	SC_RS25465	5086257	5087552	-	protein_coding	core	1296	1	0	0	1
SC_RS25470	SCO4658	SC_RS25470	5087653	5088690	+	protein_coding	core	1038	0	0	0	0
SC_RS25475	SCO4659	rpsL	5088946	5089317	+	protein_coding	core	372	0	0	0	0
SC_RS25480	SCO4660	rpsG	5089320	5089790	+	protein_coding	core	471	1	0	0	1
SC_RS25485	SCO4661	fusA	5089830	5091956	+	protein_coding	core	2127	2	0	1	2
SC_RS25490	SCO4662	tuf	5092130	5093323	+	protein_coding	core	1194	2	0	1	2
SC_RS25495	SCO4663	SC_RS25495	5093313	5093666	-	protein_coding	core	354	2	0	0	2
SC_RS25505	SCO4666	SC_RS25505	5096270	5097010	-	protein_coding	core	741	2	0	0	2
SC_RS25510	SCO4667	SC_RS25510	5097181	5098476	+	protein_coding	core	1296	2	0	2	2
SC_RS25515	SCO4668	SC_RS25515	5098476	5099108	+	protein_coding	core	633	2	0	0	2
SC_RS25520	SCO4669	SC_RS25520	5099276	5100415	+	protein_coding	core	1140	2	0	0	2
SC_RS25525	SCO4670	SC_RS25525	5100500	5101891	-	protein_coding	core	1392	0	0	0	0
SC_RS25530	SCO4671	SC_RS25530	5102043	5102990	-	protein_coding	core	948	0	0	0	0
SC_RS25535	SCO4672	SC_RS25535	5103076	5104845	-	protein_coding	core	1770	0	0	0	0
SC_RS25540	SCO4673	SC_RS25540	5104850	5105851	-	protein_coding	core	1002	0	0	0	0
SC_RS25545	SCO4674	SC_RS25545	5105926	5106318	+	protein_coding	core	393	0	0	0	0
SC_RS25550	SCO4675	SC_RS25550	5106331	5107239	-	protein_coding	core	909	0	0	0	0
SC_RS25555	SCO4676	SC_RS25555	5107257	5108129	-	protein_coding	core	873	0	0	0	0
SC_RS25560	SCO4677	SC_RS25560	5108377	5108811	-	protein_coding	core	435	0	0	0	0
SC_RS25565	SCO4678	SC_RS25565	5108924	5109772	+	protein_coding	core	849	0	0	0	0
SC_RS25570	SCO4679	SC_RS25570	5109769	5109960	+	protein_coding	core	192	0	0	0	0
SC_RS25575	SCO4680	SC_RS25575	5109911	5110819	-	protein_coding	core	909	0	0	0	0
SC_RS25580	SCO4681	SC_RS25580	5110897	5111655	+	protein_coding	core	759	0	0	0	0
SC_RS25585	SCO4682	SC_RS25585	5111657	5111866	+	protein_coding	core	210	0	0	0	0
SC_RS25590	SCO4683	gdhA	5112041	5113399	+	protein_coding	core	1359	0	0	0	0
SC_RS25595	SCO4684	SC_RS25595	5113748	5113951	+	protein_coding	core	204	0	0	0	0
SC_RS25600	SCO4685	SC_RS25600	5114162	5115568	+	protein_coding	core	1407	0	0	0	0
SC_RS25605	SCO4686	SC_RS25605	5115614	5115925	+	protein_coding	core	312	0	0	0	0
SC_RS25610	SCO4687	SC_RS25610	5115961	5116320	-	protein_coding	core	360	0	0	0	0
SC_RS25615	SCO4688	SC_RS25615	5116372	5116728	-	protein_coding	core	357	0	0	0	0
SC_RS25620	SCO4689	SC_RS25620	5117228	5117560	+	protein_coding	core	333	0	0	0	0
SC_RS25630	SCO4692	SC_RS25630	5118613	5119260	+	protein_coding	core	648	0	0	0	0
SC_RS25640	SCO4696	SC_RS25640	5120514	5120981	+	protein_coding	core	468	0	0	0	0
SC_RS25645	SCO4697	SC_RS25645	5121109	5122923	+	protein_coding	core	1815	0	0	0	0
SC_RS25650	SCO4698	SC_RS25650	5122899	5123855	+	protein_coding	core	957	0	0	0	0
SC_RS25655	SCO4699	SC_RS25655	5123855	5126638	+	protein_coding	core	2784	0	0	0	0
SC_RS25660	SCO4700	SC_RS25660	5126659	5127108	+	protein_coding	core	450	0	0	0	0
SC_RS25665	SCO4701	rpsJ	5127609	5127917	+	protein_coding	core	309	0	0	0	0
SC_RS25670	SCO4702	rplC	5127934	5128578	+	protein_coding	core	645	0	0	0	0
SC_RS25675	SCO4703	rplD	5128587	5129246	+	protein_coding	core	660	0	0	0	0
SC_RS25680	SCO4704	rplW	5129246	5129665	+	protein_coding	core	420	0	0	0	0
SC_RS25685	SCO4705	rplB	5129706	5130542	+	protein_coding	core	837	0	0	0	0
SC_RS25690	SCO4706	rpsS	5130555	5130836	+	protein_coding	core	282	0	0	0	0
SC_RS25695	SCO4707	rplV	5130879	5131226	+	protein_coding	core	348	0	0	0	0
SC_RS25700	SCO4708	rpsC	5131226	5132059	+	protein_coding	core	834	0	0	0	0
SC_RS25705	SCO4709	rplP	5132065	5132484	+	protein_coding	core	420	0	0	0	0
SC_RS25710	SCO4710	rpmC	5132484	5132708	+	protein_coding	core	225	0	0	0	0
SC_RS25715	SCO4711	rpsQ	5132708	5132995	+	protein_coding	core	288	0	0	0	0
SC_RS25720	SCO4712	rplN	5133103	5133471	+	protein_coding	core	369	0	0	0	0
SC_RS25725	SCO4713	rplX	5133474	5133797	+	protein_coding	core	324	0	0	0	0
SC_RS25730	SCO4714	rplE	5133797	5134354	+	protein_coding	core	558	0	0	0	0
SC_RS25735	SCO4715	SC_RS25735	5134360	5134545	+	protein_coding	core	186	0	0	0	0
SC_RS25740	SCO4716	rpsH	5134757	5135155	+	protein_coding	core	399	0	0	0	0
SC_RS25745	SCO4717	rplF	5135180	5135719	+	protein_coding	core	540	0	0	0	0
SC_RS25750	SCO4718	rplR	5135723	5136106	+	protein_coding	core	384	0	0	0	0
SC_RS25755	SCO4719	rpsE	5136150	5136755	+	protein_coding	core	606	0	0	0	0
SC_RS25760	SCO4720	rpmD	5136758	5136940	+	protein_coding	core	183	0	0	0	0
SC_RS25765	SCO4721	rplO	5136943	5137398	+	protein_coding	core	456	0	0	0	0
SC_RS25770	SCO4722	secY	5137655	5138968	+	protein_coding	core	1314	0	0	0	0
SC_RS25775	SCO4723	SC_RS25775	5138968	5139621	+	protein_coding	core	654	0	0	0	0
SC_RS25780	SCO4724	map	5139773	5140609	+	protein_coding	core	837	1	0	0	1
SC_RS25785	SCO4725	infA	5140751	5140972	+	protein_coding	core	222	1	0	0	1
SC_RS25790	SCO4726	rpmJ	5141041	5141154	+	protein_coding	core	114	1	0	0	1
SC_RS25795	SCO4727	rpsM	5141343	5141723	+	protein_coding	core	381	2	0	0	2
SC_RS25800	SCO4728	rpsK	5141791	5142195	+	protein_coding	core	405	2	0	1	2
SC_RS25805	SCO4729	SC_RS25805	5142327	5143349	+	protein_coding	core	1023	3	1	1	3
SC_RS25810	SCO4730	rplQ	5143544	5144050	+	protein_coding	core	507	3	1	0	3
SC_RS25815	SCO4731	truA	5144190	5145044	+	protein_coding	core	855	2	0	1	2
SC_RS25820	SCO4732	SC_RS25820	5145064	5145963	-	protein_coding	core	900	2	0	0	2
SC_RS25825	SCO4733	SC_RS25825	5146038	5147243	+	protein_coding	core	1206	1	0	0	1
SC_RS25830	SCO4734	rplM	5147451	5147894	+	protein_coding	core	444	0	0	0	0
SC_RS25835	SCO4735	rpsI	5147937	5148449	+	protein_coding	core	513	1	0	0	1
SC_RS25840	SCO4736	glmM	5148674	5150032	+	protein_coding	core	1359	1	0	0	1
SC_RS25845	SCO4737	SC_RS25845	5150160	5151107	-	protein_coding	core	948	1	0	1	1
SC_RS25850	SCO4738	coaA	5151168	5152157	-	protein_coding	core	990	1	0	0	1
SC_RS25855	SCO4739	SC_RS25855	5152417	5153223	+	protein_coding	core	807	1	0	0	1
SC_RS25860	SCO4740	glmS	5153334	5155181	+	protein_coding	core	1848	0	0	0	0
SC_RS25865	SCO4741	SC_RS25865	5155213	5155785	-	protein_coding	core	573	0	0	0	0
SC_RS25870	SCO4742	SC_RS25870	5155831	5157288	-	protein_coding	core	1458	1	0	0	1
SC_RS25875	SCO4743	SC_RS25875	5157368	5157973	+	protein_coding	core	606	2	0	0	2
SC_RS25880	SCO4744	SC_RS25880	5158001	5158372	-	protein_coding	core	372	2	0	0	2
SC_RS25885	SCO4745	alr	5158508	5159683	+	protein_coding	core	1176	2	0	1	2
SC_RS25890	SCO4746	SC_RS25890	5159844	5161100	+	protein_coding	core	1257	2	1	0	2
SC_RS25895	SCO4747	tsaE	5161069	5161617	+	protein_coding	core	549	2	0	0	2
SC_RS25900	SCO4748	SC_RS25900	5161764	5162000	+	protein_coding	core	237	1	0	0	1
SC_RS25905	SCO4749	SC_RS25905	5162036	5162590	-	protein_coding	core	555	0	0	0	0
SC_RS25910	SCO4750	tsaB	5162784	5163437	+	protein_coding	core	654	0	0	0	0
SC_RS25915	SCO4751	rimI	5163434	5163967	+	protein_coding	core	534	0	0	0	0
SC_RS25920	SCO4752	tsaD	5163960	5165084	+	protein_coding	core	1125	0	0	0	0
SC_RS25925	SCO4753	SC_RS25925	5165081	5165353	+	protein_coding	core	273	0	0	0	0
SC_RS25930	SCO4754	SC_RS25930	5165438	5166505	+	protein_coding	core	1068	1	0	0	1
SC_RS25935	SCO4755	SC_RS25935	5166649	5167686	+	protein_coding	core	1038	1	0	1	1
SC_RS25940	SCO4756	SC_RS25940	5167797	5168153	+	protein_coding	core	357	1	1	0	1
SC_RS25945	SCO4757	SC_RS25945	5168216	5169475	+	protein_coding	core	1260	1	0	0	1
SC_RS25950	SCO4758	SC_RS25950	5169472	5170644	-	protein_coding	core	1173	1	0	0	1
SC_RS25955	SCO4759	SC_RS25955	5170735	5171655	+	protein_coding	core	921	1	0	0	1
SC_RS25960	SCO4760	SC_RS25960	5171652	5172401	+	protein_coding	core	750	1	0	1	1
SC_RS25965	SCO4761	groES	5172737	5173045	+	protein_coding	core	309	1	0	0	1
SC_RS25970	SCO4762	groL	5173179	5174804	+	protein_coding	core	1626	2	0	0	2
SC_RS25975	SCO4763	SC_RS25975	5175044	5176285	-	protein_coding	core	1242	2	1	0	2
SC_RS25980	SCO4764	SC_RS25980	5176428	5177201	-	protein_coding	core	774	2	0	1	2
SC_RS25985	SCO4765	SC_RS25985	5177256	5177924	-	protein_coding	core	669	2	0	1	2
SC_RS25990	SCO4766	SC_RS25990	5178021	5178941	+	protein_coding	core	921	2	1	0	2
SC_RS25995	SCO4767	SC_RS25995	5179007	5179345	-	protein_coding	core	339	1	0	0	1
SC_RS26000	SCO4768	SC_RS26000	5179727	5180338	+	protein_coding	core	612	1	0	0	1
SC_RS26005	SCO4769	SC_RS26005	5180620	5181207	+	protein_coding	core	588	0	0	0	0
SC_RS26010	SCO4770	guaB	5181347	5182852	+	protein_coding	core	1506	0	0	0	0
SC_RS26015	SCO4771	SC_RS26015	5182993	5184117	+	protein_coding	core	1125	0	0	0	0
SC_RS26020	SCO4772	SC_RS26020	5184449	5185669	+	protein_coding	core	1221	0	0	0	0
SC_RS26025	SCO4773	SC_RS26025	5185771	5186988	-	protein_coding	core	1218	2	0	0	2
SC_RS26030	SCO4774	SC_RS26030	5187291	5188997	+	protein_coding	core	1707	2	0	2	2
SC_RS26035	SCO4775	SC_RS26035	5189098	5191251	+	protein_coding	core	2154	2	0	0	2
SC_RS26040	SCO4776	SC_RS26040	5191425	5194364	+	protein_coding	core	2940	0	0	0	0
SC_RS26045	SCO4777	SC_RS26045	5194510	5196300	+	protein_coding	core	1791	0	0	0	0
SC_RS26050	SCO4778	SC_RS26050	5196394	5197536	+	protein_coding	core	1143	1	0	0	1
SC_RS26055	SCO4779	SC_RS26055	5197629	5199356	+	protein_coding	core	1728	2	0	1	2
SC_RS26060	SCO4780	SC_RS26060	5199496	5201109	+	protein_coding	core	1614	2	0	1	2
SC_RS26065	SCO4781	SC_RS26065	5201210	5203018	+	protein_coding	core	1809	2	0	0	2
SC_RS26070	SCO4782	SC_RS26070	5203137	5203796	-	protein_coding	core	660	1	0	1	1
SC_RS26075	SCO4783	SC_RS26075	5203783	5204163	+	protein_coding	core	381	1	1	0	1
SC_RS26080	SCO4784	SC_RS26080	5204510	5204797	-	protein_coding	core	288	1	0	0	1
SC_RS26085	SCO4785	guaA	5205166	5206746	+	protein_coding	core	1581	2	0	0	2
SC_RS26090	SCO4786	SC_RS26090	5206750	5207235	-	protein_coding	core	486	2	0	1	2
SC_RS26095	SCO4787	SC_RS26095	5207363	5208166	+	protein_coding	core	804	3	1	0	3
SC_RS26100	SCO4788	SC_RS26100	5208328	5209623	+	protein_coding	core	1296	4	0	1	4+
SC_RS26105	SCO4789	SC_RS26105	5209763	5210290	+	protein_coding	core	528	3	1	0	3
SC_RS26110		SC_RS26110	5210287	5210514	-	protein_coding	core	228	3	0	1	3
SC_RS26115	SCO4790	SC_RS26115	5210501	5211922	-	protein_coding	core	1422	4	0	0	4+
SC_RS26120	SCO4791	SC_RS26120	5212113	5213405	+	protein_coding	core	1293	2	0	0	2
SC_RS26125	SCO4792	SC_RS26125	5213402	5214157	+	protein_coding	core	756	1	0	1	1
SC_RS26130	SCO4793	SC_RS26130	5214259	5215302	-	protein_coding	core	1044	1	0	0	1
SC_RS26135	SCO4794	SC_RS26135	5215611	5215964	+	protein_coding	core	354	1	0	0	1
SC_RS26140	SCO4795	SC_RS26140	5215942	5216958	-	protein_coding	core	1017	1	0	0	1
SC_RS26145	SCO4796	SC_RS26145	5216985	5218181	-	protein_coding	core	1197	1	0	0	1
SC_RS26150	SCO4797	pcrA	5218624	5221119	+	protein_coding	core	2496	1	0	1	1
SC_RS26155	SCO4798	SC_RS26155	5221209	5222906	-	protein_coding	core	1698	0	0	0	0
SC_RS26160	SCO4799	SC_RS26160	5223103	5224098	-	protein_coding	core	996	0	0	0	0
SC_RS26165	SCO4800	SC_RS26165	5224492	5224908	+	protein_coding	core	417	2	0	0	2
SC_RS26170	SCO4801	SC_RS26170	5225006	5226826	-	protein_coding	core	1821	3	1	1	3
SC_RS26175	SCO4802	SC_RS26175	5226862	5228001	-	protein_coding	core	1140	3	0	2	3
SC_RS26180	SCO4803	SC_RS26180	5228085	5229206	+	protein_coding	core	1122	3	1	0	3
SC_RS26185	SCO4804	SC_RS26185	5229309	5231756	+	protein_coding	core	2448	1	0	0	1
SC_RS26190	SCO4805	SC_RS26190	5231885	5233081	+	protein_coding	core	1197	0	0	0	0
SC_RS26195	SCO4806	SC_RS26195	5233252	5234196	+	protein_coding	core	945	0	0	0	0
SC_RS26200	SCO4808	sucC	5234993	5236177	+	protein_coding	core	1185	1	0	0	1
SC_RS26205	SCO4809	sucD	5236206	5237090	+	protein_coding	core	885	1	0	1	1
SC_RS26210	SCO4810	SC_RS26210	5237203	5238327	-	protein_coding	core	1125	1	0	0	1
SC_RS26215	SCO4811	SC_RS26215	5238424	5240100	+	protein_coding	core	1677	1	0	0	1
SC_RS26220	SCO4812	SC_RS26220	5240239	5241036	-	protein_coding	core	798	0	0	0	0
SC_RS26225	SCO4813	purN	5241331	5241978	+	protein_coding	core	648	0	0	0	0
SC_RS26230	SCO4814	purH	5241975	5243546	+	protein_coding	core	1572	0	0	0	0
SC_RS26240	SCO4815	SC_RS26240	5243963	5244607	-	protein_coding	core	645	0	0	0	0
SC_RS26245	SCO4816	SC_RS26245	5244609	5247029	-	protein_coding	core	2421	1	1	0	1
SC_RS26250	SCO4817	SC_RS26250	5247215	5248573	-	protein_coding	core	1359	2	0	1	2
SC_RS26255	SCO4818	SC_RS26255	5248570	5249310	-	protein_coding	core	741	2	0	0	2
SC_RS26260	SCO4819	SC_RS26260	5249522	5249992	-	protein_coding	core	471	1	0	1	1
SC_RS26265	SCO4820	SC_RS26265	5250091	5252229	-	protein_coding	core	2139	3	1	0	3
SC_RS26270	SCO4821	SC_RS26270	5252226	5252972	-	protein_coding	core	747	2	0	1	2
SC_RS26275	SCO4822	SC_RS26275	5253098	5253685	-	protein_coding	core	588	2	0	0	2
SC_RS26280	SCO4824	SC_RS26280	5253981	5254835	+	protein_coding	core	855	2	0	1	2
SC_RS26285	SCO4825	SC_RS26285	5254825	5255361	+	protein_coding	core	537	1	0	0	1
SC_RS26290	SCO4826	SC_RS26290	5255754	5257154	+	protein_coding	core	1401	2	0	0	2
SC_RS26295	SCO4827	SC_RS26295	5257517	5258506	+	protein_coding	core	990	1	0	1	1
SC_RS26300	SCO4828	SC_RS26300	5258735	5260264	+	protein_coding	core	1530	2	0	0	2
SC_RS26305	SCO4829	SC_RS26305	5260321	5261853	+	protein_coding	core	1533	1	0	1	1
SC_RS26310	SCO4830	SC_RS26310	5261850	5263034	+	protein_coding	core	1185	1	1	0	1
SC_RS26315	SCO4831	SC_RS26315	5263034	5264980	+	protein_coding	core	1947	1	0	0	1
SC_RS26320	SCO4832	SC_RS26320	5264982	5265950	+	protein_coding	core	969	0	0	0	0
SC_RS26325	SCO4833	SC_RS26325	5265954	5266685	-	protein_coding	core	732	0	0	0	0
SC_RS26330	SCO4834	SC_RS26330	5266682	5267128	-	protein_coding	core	447	0	0	0	0
SC_RS26335	SCO4835	SC_RS26335	5267125	5267634	-	protein_coding	core	510	0	0	0	0
SC_RS26340	SCO4836	pdxR	5267682	5269070	+	protein_coding	core	1389	2	0	0	2
SC_RS26345	SCO4837	SC_RS26345	5269286	5270731	+	protein_coding	core	1446	2	0	1	2
SC_RS26350	SCO4838	SC_RS26350	5270746	5271402	-	protein_coding	core	657	2	0	1	2
SC_RS26355	SCO4839	trpS	5271519	5272538	+	protein_coding	core	1020	2	0	0	2
SC_RS26360	SCO4840	SC_RS26360	5272715	5273293	+	protein_coding	core	579	1	0	0	1
SC_RS26365	SCO4841	SC_RS26365	5273376	5274131	-	protein_coding	core	756	0	0	0	0
SC_RS26370	SCO4842	SC_RS26370	5274166	5275539	-	protein_coding	core	1374	0	0	0	0
SC_RS26375	SCO4843	SC_RS26375	5275682	5276191	+	protein_coding	core	510	0	0	0	0
SC_RS26380	SCO4844	SC_RS26380	5276184	5277152	+	protein_coding	core	969	0	0	0	0
SC_RS26385	SCO4845	SC_RS26385	5277146	5277619	+	protein_coding	core	474	0	0	0	0
SC_RS26390	SCO4846	SC_RS26390	5277607	5278539	+	protein_coding	core	933	0	0	0	0
SC_RS26395	SCO4847	SC_RS26395	5278487	5279914	-	protein_coding	core	1428	1	0	0	1
SC_RS26400	SCO4848	SC_RS26400	5279853	5280092	+	protein_coding	core	240	1	0	0	1
SC_RS26405	SCO4849	SC_RS26405	5280147	5281457	+	protein_coding	core	1311	1	0	1	1
SC_RS26410	SCO4850	SC_RS26410	5281448	5282203	-	protein_coding	core	756	1	0	0	1
SC_RS26415	SCO4851	SC_RS26415	5282215	5282703	-	protein_coding	core	489	1	0	0	1
SC_RS26420	SCO4852	SC_RS26420	5282708	5283115	-	protein_coding	core	408	1	0	0	1
SC_RS26425	SCO4853	SC_RS26425	5283201	5283611	-	protein_coding	core	411	0	0	0	0
SC_RS26430	SCO4854	SC_RS26430	5283653	5284273	-	protein_coding	core	621	0	0	0	0
SC_RS26435	SCO4855	SC_RS26435	5284439	5285212	-	protein_coding	core	774	0	0	0	0
SC_RS26440	SCO4856	sdhA	5285212	5286966	-	protein_coding	core	1755	0	0	0	0
SC_RS26445	SCO4857	SC_RS26445	5286986	5287468	-	protein_coding	core	483	0	0	0	0
SC_RS26450	SCO4858	sdhC	5287474	5287854	-	protein_coding	core	381	0	0	0	0
SC_RS26455	SCO4859	SC_RS26455	5288036	5288587	-	protein_coding	core	552	0	0	0	0
SC_RS26460	SCO4860	SC_RS26460	5288818	5290443	+	protein_coding	core	1626	1	0	0	1
SC_RS26465	SCO4861	SC_RS26465	5290562	5291107	+	protein_coding	core	546	1	0	1	1
SC_RS26470	SCO4862	SC_RS26470	5291195	5291764	+	protein_coding	core	570	1	1	0	1
SC_RS26475	SCO4863	SC_RS26475	5291932	5292354	+	protein_coding	core	423	1	0	0	1
SC_RS26480	SCO4864	SC_RS26480	5292481	5293098	+	protein_coding	core	618	1	0	0	1
SC_RS26485	SCO4865	SC_RS26485	5293095	5294015	+	protein_coding	core	921	0	0	0	0
SC_RS26490	SCO4866	SC_RS26490	5294399	5295061	+	protein_coding	core	663	0	0	0	0
SC_RS26495	SCO4867	SC_RS26495	5295061	5296242	+	protein_coding	core	1182	0	0	0	0
SC_RS26500	SCO4868	SC_RS26500	5296485	5297330	-	protein_coding	core	846	0	0	0	0
SC_RS26505	SCO4869	SC_RS26505	5297581	5299161	+	protein_coding	core	1581	1	0	0	1
SC_RS26510	SCO4870	SC_RS26510	5299181	5300632	-	protein_coding	core	1452	1	0	1	1
SC_RS26515	SCO4871	SC_RS26515	5300705	5301355	+	protein_coding	core	651	1	0	0	1
SC_RS26520	SCO4872	SC_RS26520	5301340	5302356	-	protein_coding	core	1017	1	0	0	1
SC_RS26525	SCO4873	SC_RS26525	5302468	5303406	-	protein_coding	core	939	0	0	0	0
SC_RS26530	SCO4874	SC_RS26530	5303776	5306604	+	protein_coding	core	2829	0	0	0	0
SC_RS26535	SCO4875	SC_RS26535	5306624	5307574	+	protein_coding	core	951	0	0	0	0
SC_RS26540	SCO4876	SC_RS26540	5307574	5308020	+	protein_coding	core	447	0	0	0	0
SC_RS26545	SCO4877	SC_RS26545	5308045	5309379	-	protein_coding	core	1335	0	0	0	0
SC_RS26550	SCO4878	SC_RS26550	5309376	5310356	-	protein_coding	core	981	0	0	0	0
SC_RS26555	SCO4879	SC_RS26555	5310555	5311886	+	protein_coding	core	1332	1	0	0	1
SC_RS26560	SCO4880	SC_RS26560	5312075	5313349	+	protein_coding	core	1275	1	0	1	1
SC_RS26565	SCO4881	SC_RS26565	5313363	5314301	+	protein_coding	core	939	1	0	0	1
SC_RS26570	SCO4882	SC_RS26570	5314345	5315412	+	protein_coding	core	1068	1	0	0	1
SC_RS26575	SCO4883	SC_RS26575	5315652	5316884	+	protein_coding	core	1233	1	0	0	1
SC_RS26580	SCO4884	SC_RS26580	5317104	5318147	+	protein_coding	core	1044	1	0	1	1
SC_RS26585	SCO4885	SC_RS26585	5318421	5319467	+	protein_coding	core	1047	1	0	0	1
SC_RS26590	SCO4886	SC_RS26590	5319704	5321317	+	protein_coding	core	1614	1	0	0	1
SC_RS26595	SCO4887	SC_RS26595	5321317	5322441	+	protein_coding	core	1125	1	0	1	1
SC_RS26600	SCO4888	SC_RS26600	5322438	5323712	+	protein_coding	core	1275	3	1	0	3
SC_RS26605	SCO4889	SC_RS26605	5323709	5324101	+	protein_coding	core	393	3	0	0	3
SC_RS26610	SCO4890	SC_RS26610	5324132	5325409	+	protein_coding	core	1278	3	0	1	3
SC_RS26615	SCO4891	SC_RS26615	5325467	5325853	-	protein_coding	core	387	2	0	1	2
SC_RS26620	SCO4892	SC_RS26620	5326010	5327032	+	protein_coding	core	1023	3	1	0	3
SC_RS26625	SCO4893	SC_RS26625	5327081	5328004	-	protein_coding	core	924	2	0	0	2
SC_RS26630		SC_RS26630	5328139	5328525	+	protein_coding	core	387	1	0	0	1
SC_RS26635	SCO4895	SC_RS26635	5328418	5329422	-	protein_coding	core	1005	1	0	1	1
SC_RS26640	SCO4896	SC_RS26640	5329530	5330840	-	protein_coding	core	1311	1	0	0	1
SC_RS26645	SCO4897	SC_RS26645	5330904	5331857	+	protein_coding	core	954	0	0	0	0
SC_RS26650	SCO4898	SC_RS26650	5331991	5332572	-	protein_coding	core	582	1	0	0	1
SC_RS26655	SCO4899	SC_RS26655	5332682	5333560	+	protein_coding	core	879	1	0	0	1
SC_RS26660	SCO4900	SC_RS26660	5333649	5334410	-	protein_coding	core	762	1	0	1	1
SC_RS26665	SCO4901	SC_RS26665	5334546	5335736	+	protein_coding	core	1191	2	1	0	2
SC_RS26670	SCO4902	SC_RS26670	5335877	5336245	+	protein_coding	core	369	2	0	0	2
SC_RS26675	SCO4903	SC_RS26675	5336333	5336536	-	protein_coding	core	204	1	1	0	1
SC_RS26680	SCO4904	SC_RS26680	5336632	5337183	-	protein_coding	core	552	2	0	1	2
SC_RS26685	SCO4905	SC_RS26685	5337310	5337921	-	protein_coding	core	612	2	0	0	2
SC_RS26690	SCO4906	afsQ2	5337921	5339528	-	protein_coding	core	1608	2	0	1	2
SC_RS26695	SCO4907	afsQ1	5339525	5340202	-	protein_coding	core	678	1	0	0	1
SC_RS26700	SCO4908	SC_RS26700	5340411	5341142	+	protein_coding	core	732	2	0	0	2
SC_RS26705	SCO4909	SC_RS26705	5341385	5341987	-	protein_coding	core	603	1	1	0	1
SC_RS26710	SCO4910	SC_RS26710	5342180	5342584	+	protein_coding	core	405	1	0	1	1
SC_RS26715	SCO4911	SC_RS26715	5342742	5344754	+	protein_coding	core	2013	1	1	0	1
SC_RS26720	SCO4912	SC_RS26720	5344860	5345759	-	protein_coding	core	900	0	0	0	0
SC_RS26725	SCO4913	SC_RS26725	5345752	5347194	-	protein_coding	core	1443	0	0	0	0
SC_RS26730	SCO4914	deoC	5347200	5348195	-	protein_coding	core	996	0	0	0	0
SC_RS26735	SCO4915	SC_RS26735	5348311	5349015	+	protein_coding	core	705	0	0	0	0
SC_RS26740	SCO4916	SC_RS26740	5349119	5350759	-	protein_coding	core	1641	0	0	0	0
SC_RS26745	SCO4917	SC_RS26745	5351124	5351948	-	protein_coding	core	825	0	0	0	0
SC_RS26750	SCO4918	SC_RS26750	5352042	5352479	-	protein_coding	core	438	0	0	0	0
SC_RS26755	SCO4919	SC_RS26755	5352566	5354014	+	protein_coding	core	1449	0	0	0	0
SC_RS26760	SCO4920	SC_RS26760	5354193	5355182	+	protein_coding	core	990	0	0	0	0
SC_RS26765	SCO4921	SC_RS26765	5355283	5357055	-	protein_coding	core	1773	0	0	0	0
SC_RS26770	SCO4922	SC_RS26770	5357430	5357912	+	protein_coding	core	483	1	0	0	1
SC_RS26775	SCO4923	SC_RS26775	5357881	5358501	-	protein_coding	core	621	1	0	0	1
SC_RS26780	SCO4924	mmpB	5358534	5358662	-	protein_coding	core	129	1	0	0	1
SC_RS26785	SCO4925	SC_RS26785	5358799	5359008	-	protein_coding	core	210	1	0	0	1
SC_RS26790	SCO4926	SC_RS26790	5359018	5360610	-	protein_coding	core	1593	2	0	1	2
SC_RS26795	SCO4927	SC_RS26795	5360721	5361596	+	protein_coding	core	876	2	0	1	2
SC_RS26800	SCO4928	SC_RS26800	5361712	5362857	+	protein_coding	core	1146	2	0	0	2
SC_RS26805	SCO4929	SC_RS26805	5362921	5363586	-	protein_coding	core	666	1	0	0	1
SC_RS26810	SCO4930	SC_RS26810	5363797	5364597	+	protein_coding	core	801	0	0	0	0
SC_RS26815	SCO4931	SC_RS26815	5364697	5365845	+	protein_coding	core	1149	0	0	0	0
SC_RS26820	SCO4932	hutH	5365963	5367501	+	protein_coding	core	1539	0	0	0	0
SC_RS26825		SC_RS26825	5367643	5367981	-	protein_coding	core	339	0	0	0	0
SC_RS26830		SC_RS26830	5368091	5368444	+	protein_coding	core	354	0	0	0	0
SC_RS26835	SCO4934	SC_RS26835	5368677	5369921	+	protein_coding	core	1245	1	0	0	1
SC_RS26840	SCO4935	SC_RS26840	5370069	5371559	+	protein_coding	core	1491	1	0	1	1
SC_RS26845	SCO4936	SC_RS26845	5371593	5372276	+	protein_coding	core	684	1	1	0	1
SC_RS26850	SCO4937	SC_RS26850	5372301	5372819	-	protein_coding	core	519	1	0	0	1
SC_RS26855	SCO4938	sigJ	5373018	5373932	+	protein_coding	core	915	2	0	0	2
SC_RS26860	SCO4939	SC_RS26860	5373976	5374758	-	protein_coding	core	783	1	0	0	1
SC_RS26865	SCO4940	SC_RS26865	5374860	5375462	+	protein_coding	core	603	1	0	0	1
SC_RS26870	SCO4941	SC_RS26870	5375466	5375783	-	protein_coding	core	318	2	1	0	2
SC_RS26875	SCO4942	SC_RS26875	5375964	5376623	-	protein_coding	core	660	2	0	0	2
SC_RS26880	SCO4943	SC_RS26880	5376765	5377757	+	protein_coding	core	993	2	0	1	2
SC_RS26885	SCO4944	SC_RS26885	5377855	5378730	-	protein_coding	core	876	3	0	0	3
SC_RS26890	SCO4945	SC_RS26890	5378899	5379939	+	protein_coding	core	1041	2	0	0	2
SC_RS26895	SCO4946	SC_RS26895	5380116	5380907	+	protein_coding	core	792	2	0	1	2
SC_RS26900	SCO4947	SC_RS26900	5381124	5384831	+	protein_coding	core	3708	2	0	1	2
SC_RS26905	SCO4948	narH	5384831	5386486	+	protein_coding	core	1656	1	0	0	1
SC_RS26910	SCO4949	narJ	5386483	5387145	+	protein_coding	core	663	1	0	0	1
SC_RS26915	SCO4950	narI	5387142	5387855	+	protein_coding	core	714	1	0	1	1
SC_RS26920	SCO4951	SC_RS26920	5387898	5388935	-	protein_coding	core	1038	2	0	0	2
SC_RS26925	SCO4952	SC_RS26925	5389080	5389676	+	protein_coding	core	597	2	0	0	2
SC_RS26935	SCO4954	SC_RS26935	5389941	5390534	-	protein_coding	core	594	1	0	1	1
SC_RS26940	SCO4955	SC_RS26940	5390665	5391888	-	protein_coding	core	1224	1	0	0	1
SC_RS26945	SCO4956	msrA	5392010	5392528	+	protein_coding	core	519	1	0	0	1
SC_RS26950	SCO4957	SC_RS26950	5392632	5393750	-	protein_coding	core	1119	0	0	0	0
SC_RS26955	SCO4958	SC_RS26955	5393847	5395001	+	protein_coding	core	1155	0	0	0	0
SC_RS26960	SCO4959	SC_RS26960	5395012	5395269	-	protein_coding	core	258	0	0	0	0
SC_RS26965	SCO4960	SC_RS26965	5395316	5395822	-	protein_coding	core	507	0	0	0	0
SC_RS26970	SCO4961	SC_RS26970	5396005	5396511	-	protein_coding	core	507	0	0	0	0
SC_RS26975	SCO4962	ilvA	5396674	5397903	+	protein_coding	core	1230	0	0	0	0
SC_RS26980	SCO4963	SC_RS26980	5398064	5399071	+	protein_coding	core	1008	0	0	0	0
SC_RS26985	SCO4964	SC_RS26985	5399068	5399925	+	protein_coding	core	858	0	0	0	0
SC_RS26990	SCO4965	greA	5400027	5400524	-	protein_coding	core	498	0	0	0	0
SC_RS26995	SCO4966	SC_RS26995	5400705	5401103	-	protein_coding	core	399	0	0	0	0
SC_RS27000	SCO4967	mca	5401255	5402115	+	protein_coding	core	861	0	0	0	0
SC_RS27005	SCO4968	SC_RS27005	5402108	5402344	+	protein_coding	core	237	0	0	0	0
SC_RS27010	SCO4969	SC_RS27010	5402381	5405644	-	protein_coding	core	3264	0	0	0	0
SC_RS27015	SCO4971	SC_RS27015	5406195	5407688	+	protein_coding	core	1494	0	0	0	0
SC_RS27020	SCO4972	xdhB	5407685	5410105	+	protein_coding	core	2421	1	0	0	1
SC_RS27025	SCO4973	xdhC	5410107	5410928	+	protein_coding	core	822	1	0	0	1
SC_RS27030	SCO4974	SC_RS27030	5411121	5411624	+	protein_coding	core	504	1	0	1	1
SC_RS27035	SCO4975	SC_RS27035	5411720	5413762	+	protein_coding	core	2043	1	1	0	1
SC_RS27040	SCO4976	SC_RS27040	5413773	5414501	-	protein_coding	core	729	0	0	0	0
SC_RS27045	SCO4977	SC_RS27045	5414535	5415242	-	protein_coding	core	708	0	0	0	0
SC_RS27050	SCO4978	trhA	5415297	5416001	-	protein_coding	core	705	0	0	0	0
SC_RS27055	SCO4979	SC_RS27055	5416288	5418117	+	protein_coding	core	1830	1	0	0	1
SC_RS27060	SCO4980	SC_RS27060	5418400	5419350	-	protein_coding	core	951	1	0	1	1
SC_RS27065	SCO4981	SC_RS27065	5419347	5420747	-	protein_coding	core	1401	3	0	0	3
SC_RS27070	SCO4982	SC_RS27070	5420938	5421120	+	protein_coding	core	183	2	0	0	2
SC_RS27075	SCO4983	SC_RS27075	5421206	5421628	-	protein_coding	core	423	2	0	2	2
SC_RS27080	SCO4984	SC_RS27080	5421700	5422911	-	protein_coding	core	1212	2	0	0	2
SC_RS27085	SCO4985	SC_RS27085	5423145	5423999	+	protein_coding	core	855	2	0	0	2
SC_RS27090	SCO4986	SC_RS27090	5424037	5425647	-	protein_coding	core	1611	1	0	0	1
SC_RS27095	SCO4987	SC_RS27095	5425676	5426977	-	protein_coding	core	1302	1	0	1	1
SC_RS27100	SCO4988	SC_RS27100	5427114	5428169	+	protein_coding	core	1056	3	0	0	3
SC_RS27105	SCO4989	SC_RS27105	5428166	5428930	+	protein_coding	core	765	3	0	0	3
SC_RS27110	SCO4990	SC_RS27110	5428927	5429337	+	protein_coding	core	411	2	0	1	2
SC_RS27115	SCO4991	SC_RS27115	5429458	5430936	+	protein_coding	core	1479	2	1	1	2
SC_RS27120	SCO4992	SC_RS27120	5431032	5431676	+	protein_coding	core	645	1	0	0	1
SC_RS27125	SCO4993	SC_RS27125	5431744	5433066	+	protein_coding	core	1323	2	0	0	2
SC_RS27130	SCO4994	SC_RS27130	5433210	5434163	+	protein_coding	core	954	1	0	1	1
SC_RS27135	SCO4995	SC_RS27135	5434218	5435480	-	protein_coding	core	1263	1	0	0	1
SC_RS27140	SCO4996	SC_RS27140	5435560	5436069	-	protein_coding	core	510	1	0	0	1
SC_RS27145	SCO4997	SC_RS27145	5436168	5436359	-	protein_coding	core	192	0	0	0	0
SC_RS27150	SCO4998	SC_RS27150	5436371	5437222	-	protein_coding	core	852	0	0	0	0
SC_RS27155	SCO4999	SC_RS27155	5437435	5437923	+	protein_coding	core	489	0	0	0	0
SC_RS27165	SCO5000	SC_RS27165	5438306	5438614	+	protein_coding	core	309	0	0	0	0
SC_RS27170	SCO5001	SC_RS27170	5438710	5439252	+	protein_coding	core	543	0	0	0	0
SC_RS27175	SCO5002	SC_RS27175	5439185	5439847	-	protein_coding	core	663	0	0	0	0
SC_RS27180	SCO5003	SC_RS27180	5439963	5441678	-	protein_coding	core	1716	0	0	0	0
SC_RS27185	SCO5004	SC_RS27185	5441997	5442938	+	protein_coding	core	942	0	0	0	0
SC_RS27195	SCO5006	SC_RS27195	5443832	5445088	+	protein_coding	core	1257	1	0	1	1
SC_RS27200	SCO5007	SC_RS27200	5445085	5445480	+	protein_coding	core	396	1	1	0	1
SC_RS27205	SCO5008	SC_RS27205	5445482	5445877	+	protein_coding	core	396	1	1	0	1
SC_RS27210	SCO5009	SC_RS27210	5445896	5447233	+	protein_coding	core	1338	3	0	0	3
SC_RS27215	SCO5010	SC_RS27215	5447243	5448193	+	protein_coding	core	951	2	0	1	2
SC_RS27220	SCO5011	SC_RS27220	5448213	5449115	+	protein_coding	core	903	2	1	1	2
SC_RS27225	SCO5012	SC_RS27225	5449378	5449575	+	protein_coding	core	198	2	0	0	2
SC_RS27230	SCO5013	SC_RS27230	5449578	5450174	+	protein_coding	core	597	3	0	0	3
SC_RS27235	SCO5014	SC_RS27235	5450207	5450785	+	protein_coding	core	579	3	0	0	3
SC_RS27240	SCO5015	SC_RS27240	5450794	5451405	+	protein_coding	core	612	2	0	0	2
SC_RS27245		SC_RS27245	5451503	5451856	-	protein_coding	core	354	2	0	1	2
SC_RS27250	SCO5017	SC_RS27250	5452583	5453623	+	protein_coding	core	1041	2	0	1	2
SC_RS27255	SCO5018	SC_RS27255	5453663	5453983	+	protein_coding	core	321	2	0	0	2
SC_RS27260	SCO5019	SC_RS27260	5453993	5454400	-	protein_coding	core	408	1	0	0	1
SC_RS27265	SCO5020	SC_RS27265	5454591	5455127	+	protein_coding	core	537	1	0	0	1
SC_RS27270	SCO5021	SC_RS27270	5455315	5455980	+	protein_coding	core	666	0	0	0	0
SC_RS27275	SCO5022	SC_RS27275	5456221	5456883	+	protein_coding	core	663	0	0	0	0
SC_RS27280	SCO5023	SC_RS27280	5456871	5457902	+	protein_coding	core	1032	1	0	0	1
SC_RS27285	SCO5024	SC_RS27285	5458019	5458891	+	protein_coding	core	873	1	0	0	1
SC_RS27290	SCO5025	SC_RS27290	5458994	5459911	+	protein_coding	core	918	1	1	0	1
SC_RS27295	SCO5026	SC_RS27295	5459908	5460726	+	protein_coding	core	819	1	0	0	1
SC_RS27300	SCO5027	SC_RS27300	5460757	5461950	-	protein_coding	core	1194	1	0	0	1
SC_RS27305	SCO5028	SC_RS27305	5463012	5464337	+	protein_coding	core	1326	1	0	0	1
SC_RS27310	SCO5029	SC_RS27310	5464785	5465483	+	protein_coding	core	699	2	0	0	2
SC_RS27315	SCO5030	SC_RS27315	5465646	5467043	+	protein_coding	core	1398	2	0	2	2
SC_RS27320	SCO5031	SC_RS27320	5467332	5467868	-	protein_coding	core	537	2	0	0	2
SC_RS27325	SCO5032	SC_RS27325	5467875	5468429	-	protein_coding	core	555	2	0	0	2
SC_RS27330	SCO5033	SC_RS27330	5468567	5469505	+	protein_coding	core	939	2	0	0	2
SC_RS27335	SCO5034	SC_RS27335	5469633	5471975	-	protein_coding	core	2343	1	0	1	1
SC_RS27340	SCO5035	SC_RS27340	5471972	5472661	-	protein_coding	core	690	1	0	0	1
SC_RS27345	SCO5036	SC_RS27345	5472658	5473182	-	protein_coding	core	525	1	0	0	1
SC_RS27350	SCO5037	SC_RS27350	5473366	5473671	-	protein_coding	core	306	0	0	0	0
SC_RS27355	SCO5038	SC_RS27355	5473668	5474606	-	protein_coding	core	939	0	0	0	0
SC_RS27360	SCO5039	SC_RS27360	5474855	5477176	+	protein_coding	core	2322	2	0	1	2
SC_RS27365	SCO5040	SC_RS27365	5477315	5479543	-	protein_coding	core	2229	2	0	1	2
SC_RS27370	SCO5041	fomD	5479825	5480535	-	protein_coding	core	711	1	0	0	1
SC_RS27375	SCO5042	SC_RS27375	5480624	5482009	-	protein_coding	core	1386	0	0	0	0
SC_RS27380	SCO5043	SC_RS27380	5482101	5483561	-	protein_coding	core	1461	0	0	0	0
SC_RS27385	SCO5044	SC_RS27385	5483742	5485409	-	protein_coding	core	1668	0	0	0	0
SC_RS27390	SCO5045	SC_RS27390	5485654	5486337	+	protein_coding	core	684	1	0	0	1
SC_RS27395	SCO5046	SC_RS27395	5486443	5486820	+	protein_coding	core	378	2	0	0	2
SC_RS27400	SCO5047	glpX	5487077	5488108	-	protein_coding	core	1032	2	0	1	2
SC_RS27405	SCO5048	SC_RS27405	5488244	5488768	+	protein_coding	core	525	2	0	1	2
SC_RS27410	SCO5049	SC_RS27410	5488832	5489422	-	protein_coding	core	591	4	0	0	4+
SC_RS27415	SCO5050	SC_RS27415	5489640	5490971	+	protein_coding	core	1332	4	0	0	4+
SC_RS27420	SCO5051	SC_RS27420	5490968	5492431	+	protein_coding	core	1464	3	0	3	3
SC_RS27425	SCO5053	SC_RS27425	5492532	5494091	+	protein_coding	core	1560	3	1	0	3
SC_RS27430	SCO5054	SC_RS27430	5494201	5494416	+	protein_coding	core	216	1	0	0	1
SC_RS27435	SCO5055	SC_RS27435	5494413	5494679	-	protein_coding	core	267	0	0	0	0
SC_RS27440	SCO5056	xseA	5494689	5495897	-	protein_coding	core	1209	0	0	0	0
SC_RS27445	SCO5057	SC_RS27445	5496474	5497856	-	protein_coding	core	1383	0	0	0	0
SC_RS27450	SCO5058	SC_RS27450	5497985	5499001	+	protein_coding	core	1017	0	0	0	0
SC_RS27455	SCO5059	ppgK	5499055	5499795	+	protein_coding	core	741	0	0	0	0
SC_RS27460	SCO5060	SC_RS27460	5499806	5500408	-	protein_coding	core	603	0	0	0	0
SC_RS27465	SCO5061	ychF	5500594	5501682	+	protein_coding	core	1089	1	0	0	1
SC_RS27470	SCO5062	SC_RS27470	5501804	5502196	-	protein_coding	core	393	1	0	0	1
SC_RS27475	SCO5063	SC_RS27475	5502196	5502447	-	protein_coding	core	252	1	0	0	1
SC_RS27480	SCO5064	SC_RS27480	5502593	5504848	+	protein_coding	core	2256	1	0	1	1
SC_RS27485	SCO5065	SC_RS27485	5504937	5507768	-	protein_coding	core	2832	1	0	0	1
SC_RS27490	SCO5066	SC_RS27490	5508078	5508992	+	protein_coding	core	915	0	0	0	0
SC_RS27495	SCO5067	SC_RS27495	5509015	5510508	+	protein_coding	core	1494	0	0	0	0
SC_RS27500	SCO5068	SC_RS27500	5510516	5511115	-	protein_coding	core	600	0	0	0	0
SC_RS27505	SCO5069	SC_RS27505	5511271	5512227	+	protein_coding	core	957	1	0	0	1
SC_RS27510	SCO5070	SC_RS27510	5512268	5513572	-	protein_coding	core	1305	1	0	1	1
SC_RS27515	SCO5071	SC_RS27515	5513809	5514249	-	protein_coding	core	441	1	0	0	1
SC_RS27520	SCO5072	SC_RS27520	5514323	5515246	+	protein_coding	core	924	1	0	0	1
SC_RS27525	SCO5073	SC_RS27525	5515246	5516232	+	protein_coding	core	987	0	0	0	0
SC_RS27530	SCO5074	SC_RS27530	5516299	5516943	+	protein_coding	core	645	0	0	0	0
SC_RS27535	SCO5075	SC_RS27535	5516977	5517897	+	protein_coding	core	921	0	0	0	0
SC_RS27540	SCO5076	SC_RS27540	5517894	5519495	+	protein_coding	core	1602	1	0	0	1
SC_RS27545	SCO5077	SC_RS27545	5519497	5519892	+	protein_coding	core	396	1	0	0	1
SC_RS27550	SCO5078	SC_RS27550	5519987	5520832	+	protein_coding	core	846	1	0	0	1
SC_RS27555	SCO5079	SC_RS27555	5520857	5521741	+	protein_coding	core	885	3	0	1	3
SC_RS27560	SCO5080	actVA	5521738	5522883	+	protein_coding	core	1146	3	1	0	3
SC_RS27565	SCO5081	SC_RS27565	5522876	5523217	+	protein_coding	core	342	3	0	0	3
SC_RS27570	SCO5082	actII	5523183	5523962	-	protein_coding	core	780	3	0	2	3
SC_RS27575	SCO5083	SC_RS27575	5524073	5525809	+	protein_coding	core	1737	2	0	0	2
SC_RS27580	SCO5084	SC_RS27580	5525809	5527944	+	protein_coding	core	2136	0	0	0	0
SC_RS27585	SCO5085	SC_RS27585	5528094	5528861	+	protein_coding	core	768	0	0	0	0
SC_RS27590	SCO5086	SC_RS27590	5528935	5529720	-	protein_coding	core	786	1	0	0	1
SC_RS27595	SCO5087	SC_RS27595	5529801	5531204	+	protein_coding	core	1404	2	0	0	2
SC_RS27600	SCO5088	SC_RS27600	5531201	5532424	+	protein_coding	core	1224	3	0	1	3
SC_RS27605	SCO5089	SC_RS27605	5532449	5532709	+	protein_coding	core	261	3	0	0	3
SC_RS27610	SCO5090	SC_RS27610	5532706	5533656	+	protein_coding	core	951	5	0	1	4+
SC_RS27615	SCO5091	SC_RS27615	5533653	5534546	+	protein_coding	core	894	4	0	1	4+
SC_RS27620	SCO5092	actVB	5534558	5535091	+	protein_coding	core	534	4	1	0	4+
SC_RS27625	SCO5093	SC_RS27625	5535110	5535607	-	protein_coding	core	498	4	0	2	4+
SC_RS27630	SCO5094	SC_RS27630	5535661	5536287	-	protein_coding	core	627	4	0	0	4+
SC_RS27635	SCO5095	SC_RS27635	5536422	5536994	+	protein_coding	core	573	3	0	0	3
SC_RS27640	SCO5096	SC_RS27640	5537246	5538175	-	protein_coding	core	930	3	0	1	3
SC_RS27645	SCO5097	SC_RS27645	5538270	5539100	+	protein_coding	core	831	2	0	0	2
SC_RS27650	SCO5098	SC_RS27650	5539200	5539622	+	protein_coding	core	423	2	0	0	2
SC_RS27655	SCO5099	SC_RS27655	5539732	5540862	+	protein_coding	core	1131	1	0	1	1
SC_RS27660	SCO5100	SC_RS27660	5541010	5541762	+	protein_coding	core	753	1	0	0	1
SC_RS27665	SCO5101	SC_RS27665	5542208	5542399	+	protein_coding	core	192	0	0	0	0
SC_RS27670	SCO5102	SC_RS27670	5542475	5542909	+	protein_coding	core	435	0	0	0	0
SC_RS27675	SCO5103	SC_RS27675	5542948	5543415	+	protein_coding	core	468	0	0	0	0
SC_RS27680	SCO5104	SC_RS27680	5543715	5546357	+	protein_coding	core	2643	0	0	0	0
SC_RS27685	SCO5105	SC_RS27685	5546599	5547831	+	protein_coding	core	1233	1	0	0	1
SC_RS27690	SCO5106	SC_RS27690	5547828	5548607	-	protein_coding	core	780	1	0	0	1
SC_RS27695	SCO5107	SC_RS27695	5548604	5550565	-	protein_coding	core	1962	2	0	1	2
SC_RS27700	SCO5108	SC_RS27700	5550582	5551418	-	protein_coding	core	837	2	0	0	2
SC_RS27705	SCO5109	SC_RS27705	5551480	5551770	-	protein_coding	core	291	1	1	0	1
SC_RS27710	SCO5110	SC_RS27710	5552093	5554408	+	protein_coding	core	2316	1	0	1	1
SC_RS27715	SCO5111	typA	5554541	5556448	+	protein_coding	core	1908	1	0	0	1
SC_RS27720	SCO5112	SC_RS27720	5557355	5558386	+	protein_coding	core	1032	1	0	1	1
SC_RS27725	SCO5113	SC_RS27725	5558498	5560300	+	protein_coding	core	1803	2	0	0	2
SC_RS27730	SCO5114	SC_RS27730	5560414	5561391	+	protein_coding	core	978	1	0	1	1
SC_RS27735	SCO5115	SC_RS27735	5561402	5562463	+	protein_coding	core	1062	2	1	0	2
SC_RS27740	SCO5116	SC_RS27740	5562491	5563636	+	protein_coding	core	1146	2	0	0	2
SC_RS27745	SCO5117	SC_RS27745	5563836	5565470	+	protein_coding	core	1635	1	0	1	1
SC_RS27750	SCO5118	SC_RS27750	5565480	5566403	+	protein_coding	core	924	1	0	0	1
SC_RS27755	SCO5119	SC_RS27755	5566396	5567376	+	protein_coding	core	981	0	0	0	0
SC_RS27760	SCO5120	SC_RS27760	5567385	5568368	+	protein_coding	core	984	0	0	0	0
SC_RS27765	SCO5121	SC_RS27765	5568361	5569431	+	protein_coding	core	1071	0	0	0	0
SC_RS27770	SCO5122	SC_RS27770	5569564	5571687	-	protein_coding	core	2124	1	1	0	1
SC_RS27775	SCO5123	SC_RS27775	5571874	5572068	+	protein_coding	core	195	1	0	0	1
SC_RS27780	SCO5124	SC_RS27780	5572058	5572264	-	protein_coding	core	207	1	0	1	1
SC_RS27785	SCO5125	SC_RS27785	5572261	5573124	-	protein_coding	core	864	1	0	0	1
SC_RS27790	SCO5126	mshB	5573276	5574163	+	protein_coding	core	888	1	0	0	1
SC_RS27795	SCO5127	SC_RS27795	5574160	5574582	+	protein_coding	core	423	0	0	0	0
SC_RS27800	SCO5128	SC_RS27800	5574738	5577065	+	protein_coding	core	2328	1	0	1	1
SC_RS27805	SCO5129	SC_RS27805	5577212	5578168	+	protein_coding	core	957	1	0	0	1
SC_RS27810	SCO5130	SC_RS27810	5578165	5578905	+	protein_coding	core	741	1	0	0	1
SC_RS27815	SCO5131	SC_RS27815	5578902	5580068	+	protein_coding	core	1167	0	0	0	0
SC_RS27820	SCO5132	SC_RS27820	5580065	5580679	+	protein_coding	core	615	0	0	0	0
SC_RS27825	SCO5133	SC_RS27825	5580789	5581685	-	protein_coding	core	897	0	0	0	0
SC_RS27830	SCO5134	SC_RS27830	5581727	5582761	-	protein_coding	core	1035	0	0	0	0
SC_RS27835	SCO5135	fdxA	5582902	5583222	+	protein_coding	core	321	1	0	0	1
SC_RS27840	SCO5136	SC_RS27840	5583339	5584436	+	protein_coding	core	1098	2	0	0	2
SC_RS27845	SCO5137	SC_RS27845	5584655	5585086	-	protein_coding	core	432	2	0	1	2
SC_RS27850	SCO5138	SC_RS27850	5585424	5586392	-	protein_coding	core	969	2	0	1	2
SC_RS27855	SCO5139	dapE	5586476	5587555	+	protein_coding	core	1080	2	1	0	2
SC_RS27860	SCO5140	SC_RS27860	5587673	5588431	+	protein_coding	core	759	1	0	0	1
SC_RS27865	SCO5141	folP	5588682	5589542	-	protein_coding	core	861	0	0	0	0
SC_RS27870	SCO5142	SC_RS27870	5589711	5590070	+	protein_coding	core	360	0	0	0	0
SC_RS27875	SCO5143	SC_RS27875	5590067	5590651	+	protein_coding	core	585	0	0	0	0
SC_RS27880		SC_RS27880	5590759	5590899	-	protein_coding	core	141	0	0	0	0
SC_RS27885	SCO5144	chcB	5591303	5592112	-	protein_coding	core	810	0	0	0	0
SC_RS27890	SCO5145	SC_RS27890	5592467	5592634	+	protein_coding	core	168	0	0	0	0
SC_RS27895	SCO5146	SC_RS27895	5592745	5593443	-	protein_coding	core	699	0	0	0	0
SC_RS27900	SCO5147	sigE	5593690	5594361	+	protein_coding	core	672	0	0	0	0
SC_RS27905	SCO5148	SC_RS27905	5594358	5595347	+	protein_coding	core	990	1	0	0	1
SC_RS27910	SCO5149	SC_RS27910	5595442	5597466	+	protein_coding	core	2025	2	0	1	2
SC_RS27915	SCO5150	SC_RS27915	5597613	5598098	+	protein_coding	core	486	2	0	0	2
SC_RS27920	SCO5151	SC_RS27920	5598330	5599001	+	protein_coding	core	672	2	0	1	2
SC_RS27925	SCO5152	SC_RS27925	5599076	5600209	-	protein_coding	core	1134	1	0	0	1
SC_RS27930	SCO5153	SC_RS27930	5600254	5600853	-	protein_coding	core	600	1	0	0	1
SC_RS27935	SCO5154	SC_RS27935	5600843	5602144	-	protein_coding	core	1302	0	0	0	0
SC_RS27940	SCO5155	SC_RS27940	5602433	5603170	+	protein_coding	core	738	1	0	0	1
SC_RS27945	SCO5156	SC_RS27945	5603185	5603697	-	protein_coding	core	513	2	0	0	2
SC_RS27950	SCO5157	SC_RS27950	5603731	5604846	-	protein_coding	core	1116	2	1	0	2
SC_RS27955	SCO5158	SC_RS27955	5605370	5605966	+	protein_coding	core	597	2	1	1	2
SC_RS27960	SCO5159	SC_RS27960	5606015	5607238	-	protein_coding	core	1224	2	0	0	2
SC_RS27965	SCO5160	SC_RS27965	5607430	5608080	+	protein_coding	core	651	1	0	0	1
SC_RS27970	SCO5161	SC_RS27970	5608309	5609166	+	protein_coding	core	858	0	0	0	0
SC_RS27975	SCO5162	SC_RS27975	5609220	5609825	+	protein_coding	core	606	0	0	0	0
SC_RS27980	SCO5163	SC_RS27980	5609892	5610044	-	protein_coding	core	153	0	0	0	0
SC_RS27985	SCO5164	SC_RS27985	5610289	5611185	+	protein_coding	core	897	0	0	0	0
SC_RS27990	SCO5165	SC_RS27990	5611293	5612189	-	protein_coding	core	897	0	0	0	0
SC_RS27995	SCO5166	SC_RS27995	5612300	5614939	-	protein_coding	core	2640	1	0	1	1
SC_RS28000	SCO5167	SC_RS28000	5615432	5616214	+	protein_coding	core	783	2	0	0	2
SC_RS28005	SCO5168	SC_RS28005	5616330	5616599	-	protein_coding	core	270	2	1	0	2
SC_RS28010	SCO5169	SC_RS28010	5616843	5617070	-	protein_coding	core	228	1	0	1	1
SC_RS28015	SCO5170	SC_RS28015	5617213	5617854	-	protein_coding	core	642	1	0	0	1
SC_RS28020	SCO5171	SC_RS28020	5618029	5618256	-	protein_coding	core	228	1	0	0	1
SC_RS28025	SCO5172	SC_RS28025	5618484	5619560	+	protein_coding	core	1077	1	0	0	1
SC_RS28030	SCO5173	SC_RS28030	5619569	5621248	+	protein_coding	core	1680	0	0	0	0
SC_RS28035	SCO5174	SC_RS28035	5621463	5623244	+	protein_coding	core	1782	0	0	0	0
SC_RS28040	SCO5175	SC_RS28040	5623241	5624458	+	protein_coding	core	1218	0	0	0	0
SC_RS28045	SCO5176	SC_RS28045	5624570	5625622	+	protein_coding	core	1053	0	0	0	0
SC_RS28050	SCO5177	SC_RS28050	5625610	5626359	+	protein_coding	core	750	1	0	0	1
SC_RS28055	SCO5178	moeZ	5626423	5627601	+	protein_coding	core	1179	1	0	0	1
SC_RS28060	SCO5179	SC_RS28060	5627673	5629214	-	protein_coding	core	1542	1	0	1	1
SC_RS28065	SCO5180	SC_RS28065	5629373	5630923	-	protein_coding	core	1551	1	0	0	1
SC_RS28070	SCO5181	SC_RS28070	5631004	5633781	-	protein_coding	core	2778	0	0	0	0
SC_RS28075	SCO5182	SC_RS28075	5633967	5634374	+	protein_coding	core	408	0	0	0	0
SC_RS28080	SCO5183	SC_RS28080	5634641	5638120	+	protein_coding	core	3480	1	0	1	1
SC_RS28085	SCO5184	SC_RS28085	5638298	5641813	+	protein_coding	core	3516	1	0	0	1
SC_RS28090	SCO5185	SC_RS28090	5641824	5643236	+	protein_coding	core	1413	1	0	0	1
SC_RS28100	SCO5187	SC_RS28100	5644429	5644671	-	protein_coding	core	243	1	0	0	1
SC_RS28105	SCO5188	SC_RS28105	5644782	5647073	+	protein_coding	core	2292	2	0	0	2
SC_RS28110	SCO5189	SC_RS28110	5647238	5647570	+	protein_coding	core	333	1	0	0	1
SC_RS28115	SCO5190	SC_RS28115	5647747	5648115	+	protein_coding	core	369	1	0	0	1
SC_RS28120	SCO5191	SC_RS28120	5648112	5648435	+	protein_coding	core	324	1	0	0	1
SC_RS28125	SCO5192	SC_RS28125	5648569	5649978	-	protein_coding	core	1410	2	0	1	2
SC_RS28130	SCO5193	SC_RS28130	5649971	5651185	-	protein_coding	core	1215	2	0	1	2
SC_RS28135	SCO5194	SC_RS28135	5651416	5652012	+	protein_coding	core	597	1	0	0	1
SC_RS28140	SCO5195	SC_RS28140	5652152	5653906	+	protein_coding	core	1755	2	0	0	2
SC_RS28145	SCO5196	SC_RS28145	5653920	5654600	+	protein_coding	core	681	1	0	0	1
SC_RS28150	SCO5197	SC_RS28150	5654618	5655373	+	protein_coding	core	756	2	0	0	2
SC_RS28155	SCO5198	SC_RS28155	5655433	5655948	-	protein_coding	core	516	2	0	1	2
SC_RS28160	SCO5199	SC_RS28160	5655945	5657408	-	protein_coding	core	1464	2	0	1	2
SC_RS28165	SCO5200	SC_RS28165	5657601	5658722	+	protein_coding	core	1122	2	0	0	2
SC_RS28170	SCO5201	SC_RS28170	5658833	5659291	+	protein_coding	core	459	1	0	0	1
SC_RS28175		SC_RS28175	5659412	5659576	+	protein_coding	core	165	0	0	0	0
SC_RS28180	SCO5202	SC_RS28180	5659650	5660744	+	protein_coding	core	1095	1	0	0	1
SC_RS28185	SCO5203	SC_RS28185	5660775	5661317	-	protein_coding	core	543	1	0	0	1
SC_RS28190	SCO5204	SC_RS28190	5661482	5664484	+	protein_coding	core	3003	1	0	1	1
SC_RS28195	SCOt52	SC_RS28195	5664562	5664635	+	tRNA	core	74	0	0	0	0
SC_RS28200	SCO5205	SC_RS28200	5664867	5666699	+	protein_coding	core	1833	0	0	0	0
SC_RS28205	SCOt53	SC_RS28205	5666820	5666893	-	tRNA	core	74	0	0	0	0
SC_RS28210	SCO5206	SC_RS28210	5666944	5667360	-	protein_coding	core	417	0	0	0	0
SC_RS28215	SCO5207	SC_RS28215	5667547	5667954	-	protein_coding	core	408	0	0	0	0
SC_RS28220	SCO5208	hisN	5668087	5668887	-	protein_coding	core	801	0	0	0	0
SC_RS28225	SCO5209	SC_RS28225	5669080	5669691	+	protein_coding	core	612	0	0	0	0
SC_RS28230	SCO5210	SC_RS28230	5669723	5670046	-	protein_coding	core	324	0	0	0	0
SC_RS28235	SCO5211	rsgA	5670249	5671262	-	protein_coding	core	1014	0	0	0	0
SC_RS28240	SCO5212	aroA	5671275	5672591	-	protein_coding	core	1317	0	0	0	0
SC_RS28245	SCO5213	SC_RS28245	5672715	5673437	-	protein_coding	core	723	0	0	0	0
SC_RS28250	SCO5214	SC_RS28250	5673488	5674303	+	protein_coding	core	816	0	0	0	0
SC_RS28255	SCO5215	SC_RS28255	5674326	5674961	+	protein_coding	core	636	0	0	0	0
SC_RS28260	SCO5216	sigR	5675219	5675902	+	protein_coding	core	684	1	0	0	1
SC_RS28265	SCO5217	rsrA	5675899	5676216	+	protein_coding	core	318	1	0	0	1
SC_RS28270	SCO5218	SC_RS28270	5676345	5677670	+	protein_coding	core	1326	1	0	1	1
SC_RS28275	SCO5219	SC_RS28275	5677667	5678932	+	protein_coding	core	1266	1	1	0	1
SC_RS28280	SCO5220	SC_RS28280	5679047	5680027	+	protein_coding	core	981	2	0	0	2
SC_RS28285	SCO5221	def	5680107	5680757	+	protein_coding	core	651	1	0	0	1
SC_RS28290	SCO5222	cyc1	5681016	5682101	+	protein_coding	core	1086	1	0	1	1
SC_RS28295	SCO5223	SC_RS28295	5682098	5683483	+	protein_coding	core	1386	1	0	0	1
SC_RS28300	SCO5224	SC_RS28300	5683497	5684465	-	protein_coding	core	969	0	0	0	0
SC_RS28305		SC_RS28305	5684558	5684824	+	protein_coding	core	267	0	0	0	0
SC_RS28310	SCO5225	SC_RS28310	5684737	5685768	-	protein_coding	core	1032	0	0	0	0
SC_RS28315	SCO5226	SC_RS28315	5685768	5688143	-	protein_coding	core	2376	1	0	0	1
SC_RS28320	SCO5228	SC_RS28320	5688494	5689000	-	protein_coding	core	507	1	1	0	1
SC_RS28325	SCO5229	mctP	5689073	5690683	-	protein_coding	core	1611	1	0	1	1
SC_RS28330	SCO5230	SC_RS28330	5690680	5690937	-	protein_coding	core	258	1	0	0	1
SC_RS28335	SCO5231	SC_RS28335	5691072	5691836	-	protein_coding	core	765	1	0	0	1
SC_RS28340	SCO5232	dasA	5692292	5693569	+	protein_coding	core	1278	0	0	0	0
SC_RS28345	SCO5233	SC_RS28345	5693658	5694644	+	protein_coding	core	987	0	0	0	0
SC_RS28350	SCO5234	SC_RS28350	5694641	5695471	+	protein_coding	core	831	0	0	0	0
SC_RS28355	SCO5235	SC_RS28355	5695480	5696970	+	protein_coding	core	1491	0	0	0	0
SC_RS28360	SCO5236	nagB	5697291	5698076	-	protein_coding	core	786	0	0	0	0
SC_RS28365	SCO5237	SC_RS28365	5698211	5698963	-	protein_coding	core	753	0	0	0	0
SC_RS28370	SCO5238	SC_RS28370	5699058	5699702	+	protein_coding	core	645	0	0	0	0
SC_RS28375	SCO5239	SC_RS28375	5700131	5701606	+	protein_coding	core	1476	0	0	0	0
SC_RS28380	SCO5240	SC_RS28380	5701855	5702112	-	protein_coding	core	258	0	0	0	0
SC_RS28385	SCO5241	SC_RS28385	5702433	5703401	-	protein_coding	core	969	0	0	0	0
SC_RS28390	SCO5242	SC_RS28390	5703529	5703987	+	protein_coding	core	459	0	0	0	0
SC_RS28395	SCO5243	SC_RS28395	5704007	5705071	-	protein_coding	core	1065	0	0	0	0
SC_RS28400	SCO5244	SC_RS28400	5705089	5705502	-	protein_coding	core	414	0	0	0	0
SC_RS28405	SCO5245	SC_RS28405	5705753	5706013	-	protein_coding	core	261	0	0	0	0
SC_RS28410	SCO5246	SC_RS28410	5706075	5707667	+	protein_coding	core	1593	1	0	0	1
SC_RS28415	SCO5247	SC_RS28415	5707716	5708624	-	protein_coding	core	909	1	1	0	1
SC_RS28420	SCO5248	SC_RS28420	5708738	5709316	-	protein_coding	core	579	1	0	1	1
SC_RS28425	SCO5249	SC_RS28425	5709624	5711030	+	protein_coding	core	1407	2	0	0	2
SC_RS28430	SCO5250	SC_RS28430	5711116	5712276	+	protein_coding	core	1161	2	0	0	2
SC_RS28435	SCO5251	SC_RS28435	5712608	5713246	+	protein_coding	core	639	3	1	0	3
SC_RS28440	SCO5252	SC_RS28440	5713322	5713906	+	protein_coding	core	585	3	0	1	3
SC_RS28445	SCO5253	SC_RS28445	5713933	5714154	+	protein_coding	core	222	3	1	0	3
SC_RS28450	SCO5254	sodN	5714262	5714657	-	protein_coding	core	396	4	0	1	4+
SC_RS28455	SCO5255	sodX	5714803	5715240	+	protein_coding	core	438	3	1	0	3
SC_RS28460	SCO5256	SC_RS28460	5715144	5715773	-	protein_coding	core	630	3	1	0	3
SC_RS28465	SCO5257	SC_RS28465	5715872	5716681	+	protein_coding	core	810	2	0	1	2
SC_RS28470	SCO5258	SC_RS28470	5716760	5717521	-	protein_coding	core	762	1	0	0	1
SC_RS28475	SCO5259	SC_RS28475	5717518	5718468	-	protein_coding	core	951	1	0	0	1
SC_RS28480	SCO5260	SC_RS28480	5718499	5719461	-	protein_coding	core	963	0	0	0	0
SC_RS28485	SCO5261	SC_RS28485	5720101	5721330	+	protein_coding	core	1230	1	0	0	1
SC_RS28490	SCO5262	SC_RS28490	5721695	5722660	+	protein_coding	core	966	1	0	1	1
SC_RS28495		SC_RS28495	5722789	5722998	+	protein_coding	core	210	1	0	0	1
SC_RS28500	SCO5263	SC_RS28500	5722998	5723564	+	protein_coding	core	567	1	0	0	1
SC_RS28505	SCO5264	SC_RS28505	5723633	5724715	-	protein_coding	core	1083	1	0	0	1
SC_RS28510	SCO5265	SC_RS28510	5724717	5725667	-	protein_coding	core	951	0	0	0	0
SC_RS28515	SCO5266	SC_RS28515	5725804	5726637	+	protein_coding	core	834	0	0	0	0
SC_RS28520	SCO5267	SC_RS28520	5726890	5727075	-	protein_coding	core	186	0	0	0	0
SC_RS28525	SCO5268	SC_RS28525	5727255	5727725	+	protein_coding	core	471	0	0	0	0
SC_RS28530	SCO5269	SC_RS28530	5727722	5729959	+	protein_coding	core	2238	0	0	0	0
SC_RS28535	SCO5270	SC_RS28535	5730129	5731151	+	protein_coding	core	1023	0	0	0	0
SC_RS28540	SCO5271	SC_RS28540	5731309	5734599	+	protein_coding	core	3291	0	0	0	0
SC_RS28545	SCO5272	fxsA	5734620	5734814	+	protein_coding	core	195	0	0	0	0
SC_RS28555	SCO5274	SC_RS28555	5736744	5738369	+	protein_coding	core	1626	0	0	0	0
SC_RS28560	SCO5275	fxsT	5738498	5741521	+	protein_coding	core	3024	0	0	0	0
SC_RS28565	SCO5276	SC_RS28565	5741650	5742078	+	protein_coding	core	429	0	0	0	0
SC_RS28570	SCO5277	SC_RS28570	5742075	5743016	+	protein_coding	core	942	0	0	0	0
SC_RS28575	SCO5278	SC_RS28575	5743022	5744989	+	protein_coding	core	1968	0	0	0	0
SC_RS28580	SCO5279	SC_RS28580	5744982	5746304	+	protein_coding	core	1323	0	0	0	0
SC_RS28585	SCO5280	fxsT	5746301	5749747	+	protein_coding	core	3447	1	0	1	1
SC_RS28590	SCO5281	SC_RS28590	5749846	5753664	-	protein_coding	core	3819	2	0	1	2
SC_RS28595	SCO5282	SC_RS28595	5753949	5755076	-	protein_coding	core	1128	1	0	0	1
SC_RS28600	SCO5283	SC_RS28600	5755073	5755807	-	protein_coding	core	735	1	0	0	1
SC_RS28605	SCO5284	SC_RS28605	5755921	5756628	-	protein_coding	core	708	0	0	0	0
SC_RS28610	SCO5285	lon	5756807	5759230	+	protein_coding	core	2424	0	0	0	0
SC_RS28615	SCO5286	SC_RS28615	5759307	5760134	-	protein_coding	core	828	0	0	0	0
SC_RS28620	SCO5287	SC_RS28620	5760383	5760877	+	protein_coding	core	495	0	0	0	0
SC_RS28625	SCO5288	SC_RS28625	5760899	5761690	-	protein_coding	core	792	1	0	0	1
SC_RS28630	SCO5289	SC_RS28630	5762143	5765139	+	protein_coding	core	2997	5	0	1	4+
SC_RS28635	SCO5290	SC_RS28635	5765136	5765666	+	protein_coding	core	531	5	0	1	4+
SC_RS28640	SCO5291	SC_RS28640	5765663	5766115	+	protein_coding	core	453	4	1	0	4+
SC_RS28645	SCO5292	SC_RS28645	5766096	5766737	+	protein_coding	core	642	4	0	1	4+
SC_RS28650	SCO5293	SC_RS28650	5766796	5768058	+	protein_coding	core	1263	4	1	2	4+
SC_RS28655	SCO5294	SC_RS28655	5768022	5769197	-	protein_coding	core	1176	3	0	0	3
SC_RS28660	SCO5295	SC_RS28660	5769301	5769624	-	protein_coding	core	324	0	0	0	0
SC_RS28665	SCO5296	SC_RS28665	5769695	5770348	-	protein_coding	core	654	0	0	0	0
SC_RS28670	SCO5297	SC_RS28670	5770678	5771510	+	protein_coding	core	833	0	0	0	0
SC_RS28675	SCO5299	SC_RS28675	5771526	5772464	-	protein_coding	core	939	1	0	0	1
SC_RS28680	SCO5300	SC_RS28680	5772612	5773118	-	protein_coding	core	507	1	0	0	1
SC_RS28685	SCO5301	SC_RS28685	5773164	5774621	-	protein_coding	core	1458	1	0	1	1
SC_RS28690	SCO5302	SC_RS28690	5774638	5776011	-	protein_coding	core	1374	1	0	0	1
SC_RS28695	SCO5303	SC_RS28695	5776055	5776522	-	protein_coding	core	468	1	0	0	1
SC_RS28700	SCO5304	SC_RS28700	5776630	5777874	-	protein_coding	core	1245	0	0	0	0
SC_RS28705	SCO5305	SC_RS28705	5777871	5778689	-	protein_coding	core	819	0	0	0	0
SC_RS28710	SCO5306	SC_RS28710	5778817	5779323	-	protein_coding	core	507	0	0	0	0
SC_RS28715	SCO5307	SC_RS28715	5779431	5780234	+	protein_coding	core	804	0	0	0	0
SC_RS28720	SCO5308	ligD	5780326	5781207	-	protein_coding	core	882	0	0	0	0
SC_RS28725	SCO5309	ku	5781263	5782351	+	protein_coding	core	1089	0	0	0	0
SC_RS28730	SCO5310	SC_RS28730	5782374	5782937	-	protein_coding	core	564	0	0	0	0
SC_RS28735	SCO5311	SC_RS28735	5783226	5783972	-	protein_coding	core	747	0	0	0	0
SC_RS28740	SCO5312	SC_RS28740	5784136	5784570	-	protein_coding	core	435	0	0	0	0
SC_RS28745	SCO5313	SC_RS28745	5784597	5785508	-	protein_coding	core	912	2	0	0	2
SC_RS28750	SCO5314	SC_RS28750	5785753	5786088	-	protein_coding	core	336	2	0	0	2
SC_RS28755	SCO5315	SC_RS28755	5786122	5786601	-	protein_coding	core	480	2	2	0	2
SC_RS28760	SCO5316	SC_RS28760	5786603	5786875	-	protein_coding	core	273	2	2	0	2
SC_RS28765	SCO5317	SC_RS28765	5786945	5788219	-	protein_coding	core	1275	2	0	0	2
SC_RS28770	SCO5318	SC_RS28770	5788216	5789487	-	protein_coding	core	1272	2	0	0	2
SC_RS28775	SCO5319	SC_RS28775	5789484	5789957	-	protein_coding	core	474	2	0	0	2
SC_RS28780	SCO5320	SC_RS28780	5790104	5791297	-	protein_coding	core	1194	3	0	0	3
SC_RS28785	SCO5321	SC_RS28785	5791641	5793524	+	protein_coding	core	1884	3	0	3	3
SC_RS28790	SCO5322	SC_RS28790	5793622	5794470	+	protein_coding	core	849	3	0	0	3
SC_RS28795	SCO5323	SC_RS28795	5794528	5795022	-	protein_coding	core	495	1	0	0	1
SC_RS28800	SCO5324	SC_RS28800	5795157	5795837	+	protein_coding	core	681	1	0	0	1
SC_RS28805		SC_RS28805	5796130	5796327	-	protein_coding	core	198	1	0	0	1
SC_RS28815	SCO5327	SC_RS28815	5796730	5797479	+	protein_coding	core	750	1	0	0	1
SC_RS28825	SCO5329	SC_RS28825	5798773	5800470	+	protein_coding	core	1698	1	0	0	1
SC_RS28830	SCO5330	SC_RS28830	5800933	5801835	+	protein_coding	core	903	0	0	0	0
SC_RS28835	SCO5331	pglX	5801998	5805600	-	protein_coding	core	3603	0	0	0	0
SC_RS28840	SCO5332	SC_RS28840	5805994	5807334	+	protein_coding	core	1341	0	0	0	0
SC_RS28845	SCO5333	SC_RS28845	5807420	5808325	-	protein_coding	core	906	1	0	0	1
SC_RS28850		SC_RS28850	5808874	5809434	+	protein_coding	core	561	1	0	0	1
SC_RS28855	SCO5336	SC_RS28855	5809422	5809892	-	protein_coding	core	471	1	1	0	1
SC_RS28860	SCO5337	SC_RS28860	5809921	5810652	-	protein_coding	core	732	1	0	1	1
SC_RS28865	SCO5338	SC_RS28865	5810810	5811163	+	protein_coding	core	354	1	0	0	1
SC_RS28870	SCO5339	SC_RS28870	5811167	5812522	+	protein_coding	core	1356	1	0	0	1
SC_RS28875	SCO5340	SC_RS28875	5812543	5812740	+	protein_coding	core	198	0	0	0	0
SC_RS28880	SCO5341	SC_RS28880	5812762	5813430	+	protein_coding	core	669	0	0	0	0
SC_RS28885	SCO5342	SC_RS28885	5813452	5813643	+	protein_coding	core	192	0	0	0	0
SC_RS28890	SCO5343	SC_RS28890	5813654	5813809	+	protein_coding	core	156	0	0	0	0
SC_RS28895	SCO5344	SC_RS28895	5813822	5814145	+	protein_coding	core	324	1	0	0	1
SC_RS28900	SCO5345	SC_RS28900	5814235	5814786	+	protein_coding	core	552	2	0	0	2
SC_RS28905	SCO5346	SC_RS28905	5814872	5815057	+	protein_coding	core	186	2	0	0	2
SC_RS28910	SCO5347	repSA	5815050	5816414	+	protein_coding	core	1365	2	0	2	2
SC_RS28915	SCO5348	SC_RS28915	5816431	5816601	+	protein_coding	core	171	2	1	0	2
SC_RS28920	SCO5349	SC_RS28920	5816598	5817971	+	protein_coding	core	1374	2	1	0	2
SC_RS28925	SCO5350	SC_RS28925	5818165	5818548	+	protein_coding	core	384	1	0	0	1
SC_RS28930	SCOt55	SC_RS28930	5818724	5818795	-	tRNA	core	72	1	0	0	1
SC_RS28935	SCO5351	SC_RS28935	5818975	5819478	+	protein_coding	core	504	2	0	0	2
SC_RS28940	SCO5352	nrtL	5819600	5820643	+	protein_coding	core	1044	2	0	1	2
SC_RS28945	SCO5353	lysA	5820662	5822053	+	protein_coding	core	1392	2	1	1	2
SC_RS28950	SCO5354	SC_RS28950	5822212	5823504	+	protein_coding	core	1293	2	0	0	2
SC_RS28955	SCO5355	thrC	5823511	5824569	+	protein_coding	core	1059	2	0	0	2
SC_RS28960	SCO5356	thrB	5824855	5825784	+	protein_coding	core	930	2	0	2	2
SC_RS28965	SCO5357	rho	5826214	5828298	+	protein_coding	core	2085	2	0	0	2
SC_RS28970	SCO5358	SC_RS28970	5828747	5829895	+	protein_coding	core	1149	0	0	0	0
SC_RS28975	SCO5359	rpmE	5830020	5830244	+	protein_coding	core	225	0	0	0	0
SC_RS28980	SCO5360	prfA	5830353	5831429	+	protein_coding	core	1077	0	0	0	0
SC_RS28985	SCO5361	prmC	5831498	5832343	+	protein_coding	core	846	0	0	0	0
SC_RS28990	SCO5362	SC_RS28990	5832394	5833041	+	protein_coding	core	648	0	0	0	0
SC_RS28995	SCO5363	SC_RS28995	5833038	5833718	+	protein_coding	core	681	0	0	0	0
SC_RS29000	SCO5364	SC_RS29000	5833806	5835062	+	protein_coding	core	1257	0	0	0	0
SC_RS29005	SCO5365	SC_RS29005	5835206	5836510	+	protein_coding	core	1305	0	0	0	0
SC_RS29010	SCO5366	SC_RS29010	5836773	5837207	+	protein_coding	core	435	1	0	0	1
SC_RS29015	SCO5367	atpB	5837433	5838254	+	protein_coding	core	822	2	0	0	2
SC_RS29020	SCO5368	atpE	5838330	5838560	+	protein_coding	core	231	2	0	0	2
SC_RS29025	SCO5369	SC_RS29025	5838602	5839156	+	protein_coding	core	555	2	0	1	2
SC_RS29030	SCO5370	SC_RS29030	5839162	5839977	+	protein_coding	core	816	2	1	1	2
SC_RS29035	SCO5371	atpA	5840171	5841760	+	protein_coding	core	1590	3	0	0	3
SC_RS29040	SCO5372	SC_RS29040	5841782	5842699	+	protein_coding	core	918	1	0	0	1
SC_RS29045	SCO5373	atpD	5842699	5844135	+	protein_coding	core	1437	2	0	1	2
SC_RS29050	SCO5374	SC_RS29050	5844267	5844641	+	protein_coding	core	375	2	0	0	2
SC_RS29055	SCO5375	SC_RS29055	5844784	5845233	+	protein_coding	core	450	2	0	1	2
SC_RS29060	SCO5376	SC_RS29060	5845252	5847081	-	protein_coding	core	1830	3	1	0	3
SC_RS29065	SCO5377	SC_RS29065	5847229	5847870	-	protein_coding	core	642	1	0	1	1
SC_RS29070	SCO5378	SC_RS29070	5847867	5849063	-	protein_coding	core	1197	1	0	0	1
SC_RS29075	SCO5379	SC_RS29075	5849216	5849800	+	protein_coding	core	585	1	0	0	1
SC_RS29080	SCO5380	SC_RS29080	5849797	5849985	+	protein_coding	core	189	0	0	0	0
SC_RS29085	SCO5381	SC_RS29085	5850114	5850686	-	protein_coding	core	573	0	0	0	0
SC_RS29090	SCO5382	SC_RS29090	5850700	5851449	-	protein_coding	core	750	0	0	0	0
SC_RS29095	SCO5383	SC_RS29095	5851470	5852252	-	protein_coding	core	783	0	0	0	0
SC_RS29100	SCO5384	SC_RS29100	5852346	5852987	+	protein_coding	core	642	0	0	0	0
SC_RS29105	SCO5385	SC_RS29105	5853124	5853972	+	protein_coding	core	849	0	0	0	0
SC_RS29110	SCO5386	SC_RS29110	5854163	5854486	+	protein_coding	core	324	1	0	0	1
SC_RS29115	SCO5387	SC_RS29115	5854720	5857344	+	protein_coding	core	2625	1	0	1	1
SC_RS29120	SCO5388	nucS	5857445	5858116	-	protein_coding	core	672	1	0	0	1
SC_RS29125	SCO5389	SC_RS29125	5858397	5858789	+	protein_coding	core	393	1	0	0	1
SC_RS29130	SCO5390	SC_RS29130	5858868	5859896	-	protein_coding	core	1029	2	0	0	2
SC_RS29135	SCO5391	SC_RS29135	5860153	5860485	+	protein_coding	core	333	2	0	0	2
SC_RS29140	SCO5392	SC_RS29140	5860494	5861363	-	protein_coding	core	870	2	1	1	2
SC_RS29145	SCO5393	SC_RS29145	5861360	5862631	-	protein_coding	core	1272	2	0	1	2
SC_RS29150	SCO5394	SC_RS29150	5862780	5863556	-	protein_coding	core	777	2	0	0	2
SC_RS29155	SCO5395	SC_RS29155	5863553	5864545	-	protein_coding	core	993	0	0	0	0
SC_RS29160	SCO5396	SC_RS29160	5864669	5865601	-	protein_coding	core	933	0	0	0	0
SC_RS29165	SCO5397	scy	5865809	5869789	-	protein_coding	core	3981	0	0	0	0
SC_RS29170	SCO5398	mce	5870023	5870463	-	protein_coding	core	441	0	0	0	0
SC_RS29175	SCO5399	SC_RS29175	5870613	5871818	+	protein_coding	core	1206	0	0	0	0
SC_RS29180	SCO5400	meaB	5871855	5872811	+	protein_coding	core	957	0	0	0	0
SC_RS29185	SCO5401	SC_RS29185	5873153	5874457	+	protein_coding	core	1305	0	0	0	0
SC_RS29190	SCO5402	SC_RS29190	5874400	5875173	-	protein_coding	core	774	0	0	0	0
SC_RS29195	SCO5403	SC_RS29195	5875298	5875966	+	protein_coding	core	669	0	0	0	0
SC_RS29200	SCO5404	SC_RS29200	5875963	5877399	+	protein_coding	core	1437	0	0	0	0
SC_RS29205	SCO5405	SC_RS29205	5877408	5877884	-	protein_coding	core	477	0	0	0	0
SC_RS29210	SCO5406	SC_RS29210	5877986	5878762	-	protein_coding	core	777	0	0	0	0
SC_RS29215	SCO5407	SC_RS29215	5878759	5879409	-	protein_coding	core	651	0	0	0	0
SC_RS29220	SCO5408	SC_RS29220	5879411	5880043	-	protein_coding	core	633	0	0	0	0
SC_RS29225	SCO5409	SC_RS29225	5880228	5880572	+	protein_coding	core	345	0	0	0	0
SC_RS29235	SCO5411	SC_RS29235	5881074	5882489	-	protein_coding	core	1416	0	0	0	0
SC_RS29245	SCO5413	SC_RS29245	5882733	5883242	+	protein_coding	core	510	0	0	0	0
SC_RS29250	SCO5414	SC_RS29250	5883321	5883662	+	protein_coding	core	342	0	0	0	0
SC_RS29255	SCO5415	SC_RS29255	5883756	5885456	+	protein_coding	core	1701	0	0	0	0
SC_RS29260	SCO5416	SC_RS29260	5885486	5886499	-	protein_coding	core	1014	0	0	0	0
SC_RS29265	SCO5417	SC_RS29265	5886569	5887552	+	protein_coding	core	984	0	0	0	0
SC_RS29270	SCO5418	SC_RS29270	5887579	5888283	-	protein_coding	core	705	0	0	0	0
SC_RS29275	SCO5419	SC_RS29275	5888566	5889543	+	protein_coding	core	978	0	0	0	0
SC_RS29280	SCO5420	SC_RS29280	5890196	5890843	+	protein_coding	core	648	1	0	0	1
SC_RS29285	SCO5421	SC_RS29285	5890960	5891517	+	protein_coding	core	558	1	0	0	1
SC_RS29290	SCO5422	SC_RS29290	5891507	5892892	+	protein_coding	core	1386	1	0	1	1
SC_RS29295	SCO5423	pyk	5892975	5894405	-	protein_coding	core	1431	1	0	0	1
SC_RS29300	SCO5424	SC_RS29300	5894480	5895703	-	protein_coding	core	1224	1	0	0	1
SC_RS29305	SCO5425	pta	5895700	5897793	-	protein_coding	core	2094	0	0	0	0
SC_RS29310	SCO5426	SC_RS29310	5897944	5898969	+	protein_coding	core	1026	0	0	0	0
SC_RS29315	SCO5427	SC_RS29315	5898979	5899692	-	protein_coding	core	714	0	0	0	0
SC_RS29320	SCO5428	SC_RS29320	5899804	5900694	-	protein_coding	core	891	0	0	0	0
SC_RS29325	SCO5429	SC_RS29325	5900696	5901637	-	protein_coding	core	942	0	0	0	0
SC_RS29330	SCO5430	SC_RS29330	5901634	5903016	-	protein_coding	core	1383	0	0	0	0
SC_RS29340	SCO5431	SC_RS29340	5903536	5904399	-	protein_coding	core	864	0	0	0	0
SC_RS29345	SCO5432	SC_RS29345	5904427	5904966	+	protein_coding	core	540	0	0	0	0
SC_RS29350	SCO5433	tcrA	5905174	5907459	+	protein_coding	core	2286	0	0	0	0
SC_RS29355	SCO5434	SC_RS29355	5907344	5908036	-	protein_coding	core	693	0	0	0	0
SC_RS29360	SCO5435	SC_RS29360	5908033	5909691	-	protein_coding	core	1659	2	0	0	2
SC_RS29365	SCO5436	SC_RS29365	5909846	5911246	+	protein_coding	core	1401	2	0	2	2
SC_RS29370	SCO5437	SC_RS29370	5911410	5911808	+	protein_coding	core	399	2	2	0	2
SC_RS29375	SCO5438	SC_RS29375	5911820	5912134	+	protein_coding	core	315	2	0	0	2
SC_RS29380	SCO5439	SC_RS29380	5912270	5914537	+	protein_coding	core	2268	3	0	0	3
SC_RS29390	SCO5441	SC_RS29390	5916960	5918354	-	protein_coding	core	1395	3	0	1	3
SC_RS29395	SCO5442	treS	5918375	5920075	-	protein_coding	core	1701	3	0	0	3
SC_RS29400	SCO5443	SC_RS29400	5920072	5922099	-	protein_coding	core	2028	2	0	1	2
SC_RS29405	SCO5444	SC_RS29405	5922470	5925088	+	protein_coding	core	2619	3	1	2	3
SC_RS29410	SCO5445	SC_RS29410	5925132	5925641	-	protein_coding	core	510	1	0	0	1
SC_RS29415	SCO5446	SC_RS29415	5925711	5927360	-	protein_coding	core	1650	2	0	0	2
SC_RS29420	SCO5447	SC_RS29420	5927688	5929739	-	protein_coding	core	2052	4	1	2	4+
SC_RS29425	SCO5448	SC_RS29425	5930034	5931785	-	protein_coding	core	1752	4	0	1	4+
SC_RS29430	SCO5449	SC_RS29430	5931782	5933599	-	protein_coding	core	1818	2	0	0	2
SC_RS29435	SCO5450	SC_RS29435	5933596	5935479	-	protein_coding	core	1884	1	0	0	1
SC_RS29440	SCO5451	SC_RS29440	5935476	5937458	-	protein_coding	core	1983	0	0	0	0
SC_RS29445	SCO5452	SC_RS29445	5937630	5938532	+	protein_coding	core	903	0	0	0	0
SC_RS29450	SCO5453	SC_RS29450	5938529	5939278	+	protein_coding	core	750	0	0	0	0
SC_RS29455	SCO5454	SC_RS29455	5939350	5940603	+	protein_coding	core	1254	0	0	0	0
SC_RS29460	SCO5455	SC_RS29460	5940593	5941267	+	protein_coding	core	675	0	0	0	0
SC_RS29465	SCO5456	glgX	5941319	5943577	-	protein_coding	core	2259	0	0	0	0
SC_RS29470	SCO5457	SC_RS29470	5943733	5944983	+	protein_coding	core	1251	0	0	0	0
SC_RS29475	SCO5458	SC_RS29475	5945149	5946351	+	protein_coding	core	1203	0	0	0	0
SC_RS29480	SCO5459	SC_RS29480	5946399	5947166	+	protein_coding	core	768	0	0	0	0
SC_RS29485	SCO5460	SC_RS29485	5947471	5947974	+	protein_coding	core	504	0	0	0	0
SC_RS29490	SCO5461	SC_RS29490	5948080	5948694	+	protein_coding	core	615	0	0	0	0
SC_RS29495	SCO5462	SC_RS29495	5948711	5949349	-	protein_coding	core	639	1	0	0	1
SC_RS29500	SCO5463	SC_RS29500	5949398	5950312	+	protein_coding	core	915	1	0	0	1
SC_RS29505	SCO5464	SC_RS29505	5950361	5950573	+	protein_coding	core	213	1	0	0	1
SC_RS29515	SCO5466	SC_RS29515	5951416	5951973	-	protein_coding	core	558	1	0	0	1
SC_RS29520	SCO5467	SC_RS29520	5952154	5952888	+	protein_coding	core	735	1	0	0	1
SC_RS29525	SCO5468	SC_RS29525	5952943	5954361	-	protein_coding	core	1419	1	0	0	1
SC_RS29530	SCO5469	SC_RS29530	5954478	5955845	-	protein_coding	core	1368	0	0	0	0
SC_RS29535	SCO5470	glyA	5955947	5957209	-	protein_coding	core	1263	0	0	0	0
SC_RS29540	SCO5471	gcvH	5957224	5957601	-	protein_coding	core	378	0	0	0	0
SC_RS29545	SCO5472	gcvT	5957728	5958846	-	protein_coding	core	1119	2	0	0	2
SC_RS29550	SCO5473	SC_RS29550	5959273	5959941	+	protein_coding	core	669	2	0	2	2
SC_RS29555	SCO5474	SC_RS29555	5960021	5960788	+	protein_coding	core	768	2	2	0	2
SC_RS29560	SCO5475	SC_RS29560	5960983	5961780	+	protein_coding	core	798	2	0	0	2
SC_RS29565	SCO5476	SC_RS29565	5962095	5963102	+	protein_coding	core	1008	0	0	0	0
SC_RS29570	SCO5477	SC_RS29570	5963174	5964976	+	protein_coding	core	1803	1	0	0	1
SC_RS29575	SCO5478	SC_RS29575	5965085	5966083	+	protein_coding	core	999	1	0	0	1
SC_RS29580	SCO5479	SC_RS29580	5966080	5967177	+	protein_coding	core	1098	1	0	1	1
SC_RS29585	SCO5480	SC_RS29585	5967201	5968664	+	protein_coding	core	1464	1	0	0	1
SC_RS29590	SCO5481	SC_RS29590	5968742	5969401	+	protein_coding	core	660	0	0	0	0
SC_RS29595	SCO5482	SC_RS29595	5969699	5970559	+	protein_coding	core	861	1	0	0	1
SC_RS29600	SCO5483	SC_RS29600	5970588	5971214	-	protein_coding	core	627	1	1	0	1
SC_RS29605	SCO5484	SC_RS29605	5971342	5971509	+	protein_coding	core	168	1	0	0	1
SC_RS29610	SCO5485	SC_RS29610	5971544	5971837	+	protein_coding	core	294	1	0	1	1
SC_RS29615	SCO5486	SC_RS29615	5971928	5973097	+	protein_coding	core	1170	1	1	0	1
SC_RS29620	SCO5487	SC_RS29620	5973134	5973862	-	protein_coding	core	729	1	0	0	1
SC_RS29625	SCO5488	mnmA	5973924	5975054	+	protein_coding	core	1131	0	0	0	0
SC_RS29630	SCO5489	SC_RS29630	5974936	5975880	-	protein_coding	core	945	0	0	0	0
SC_RS29635	SCO5490	SC_RS29635	5975918	5976259	-	protein_coding	core	342	0	0	0	0
SC_RS29640	SCO5491	SC_RS29640	5976351	5976890	+	protein_coding	core	540	1	0	0	1
SC_RS29645	SCO5492	SC_RS29645	5976918	5977607	+	protein_coding	core	690	1	0	0	1
SC_RS29650	SCO5493	SC_RS29650	5977775	5978770	+	protein_coding	core	996	2	0	0	2
SC_RS29655	SCO5494	ligA	5978785	5980992	+	protein_coding	core	2208	2	0	2	2
SC_RS29660	SCO5495	rmdB	5981250	5983490	+	protein_coding	core	2241	2	0	0	2
SC_RS29665	SCO5496	SC_RS29665	5983774	5984145	+	protein_coding	core	372	1	0	0	1
SC_RS29670	SCO5497	SC_RS29670	5984177	5984671	+	protein_coding	core	495	1	0	0	1
SC_RS29675	SCO5498	gatC	5984816	5985112	+	protein_coding	core	297	1	0	0	1
SC_RS29680	SCO5499	gatA	5985116	5986609	+	protein_coding	core	1494	1	0	1	1
SC_RS29685	SCO5500	SC_RS29685	5986606	5986845	+	protein_coding	core	240	1	0	0	1
SC_RS29690	SCO5501	gatB	5986861	5988375	+	protein_coding	core	1515	1	0	0	1
SC_RS29695	SCO5502	SC_RS29695	5988617	5990863	+	protein_coding	core	2247	0	0	0	0
SC_RS29700	SCO5503	SC_RS29700	5990841	5991425	+	protein_coding	core	585	1	0	0	1
SC_RS29705	SCO5504	SC_RS29705	5991461	5992087	+	protein_coding	core	627	1	0	0	1
SC_RS29710	SCO5505	SC_RS29710	5992283	5992468	+	protein_coding	core	186	1	0	0	1
SC_RS29715	SCO5506	SC_RS29715	5992585	5995740	+	protein_coding	core	3156	1	0	1	1
SC_RS29720	SCO5507	SC_RS29720	5995778	5995987	+	protein_coding	core	210	0	0	0	0
SC_RS29725	SCO5508	SC_RS29725	5995996	5997204	-	protein_coding	core	1209	0	0	0	0
SC_RS29730	SCO5509	SC_RS29730	5997336	5998334	-	protein_coding	core	999	0	0	0	0
SC_RS29735	SCO5510	SC_RS29735	5998409	5999350	+	protein_coding	core	942	0	0	0	0
SC_RS29740	SCO5511	SC_RS29740	5999765	6002875	+	protein_coding	core	3111	0	0	0	0
SC_RS29745	SCO5512	SC_RS29745	6003117	6004958	+	protein_coding	core	1842	0	0	0	0
SC_RS29750	SCO5513	ilvN	6004980	6005504	+	protein_coding	core	525	0	0	0	0
SC_RS29755	SCO5514	ilvC	6005643	6006641	+	protein_coding	core	999	1	0	0	1
SC_RS29760	SCO5515	serA	6006860	6008449	+	protein_coding	core	1590	2	0	1	2
SC_RS29765	SCO5516	SC_RS29765	6008515	6010062	-	protein_coding	core	1548	2	0	1	2
SC_RS29770	SCO5517	SC_RS29770	6010146	6010736	+	protein_coding	core	591	2	1	0	2
SC_RS29775	SCO5518	SC_RS29775	6010717	6011964	-	protein_coding	core	1248	2	0	0	2
SC_RS29780	SCO5519	SC_RS29780	6012130	6013056	+	protein_coding	core	927	1	0	1	1
SC_RS29785	SCO5520	pruA	6013103	6014743	+	protein_coding	core	1641	3	1	0	3
SC_RS29790	SCO5521	SC_RS29790	6015052	6015183	+	protein_coding	core	132	3	0	0	3
SC_RS29795	SCO5522	SC_RS29795	6015259	6016302	+	protein_coding	core	1044	3	0	2	3
SC_RS29800	SCO5523	SC_RS29800	6016567	6017655	+	protein_coding	core	1089	3	1	1	3
SC_RS29805	SCO5524	SC_RS29805	6017729	6019159	-	protein_coding	core	1431	2	0	0	2
SC_RS29810	SCO5525	ureA	6019304	6019987	+	protein_coding	core	684	0	0	0	0
SC_RS29815	SCO5526	SC_RS29815	6019984	6021660	+	protein_coding	core	1677	1	0	0	1
SC_RS29820	SCO5527	SC_RS29820	6021711	6022730	+	protein_coding	core	1020	1	0	1	1
SC_RS29825	SCO5528	SC_RS29825	6022748	6023350	+	protein_coding	core	603	2	1	0	2
SC_RS29830	SCO5529	cimA	6023669	6025273	+	protein_coding	core	1605	2	0	1	2
SC_RS29835	SCO5530	SC_RS29835	6025338	6026690	+	protein_coding	core	1353	1	0	0	1
SC_RS29840	SCO5531	SC_RS29840	6026708	6027712	-	protein_coding	core	1005	1	0	0	1
SC_RS29845	SCO5532	SC_RS29845	6027789	6028388	+	protein_coding	core	600	1	0	0	1
SC_RS29850	SCO5533	SC_RS29850	6028474	6029031	-	protein_coding	core	558	1	0	0	1
SC_RS29855	SCO5534	SC_RS29855	6029180	6031510	+	protein_coding	core	2331	1	0	1	1
SC_RS29860	SCO5535	SC_RS29860	6031665	6033248	+	protein_coding	core	1584	1	0	0	1
SC_RS29865	SCO5536	SC_RS29865	6033266	6033463	+	protein_coding	core	198	0	0	0	0
SC_RS29870	SCO5537	SC_RS29870	6033766	6034347	-	protein_coding	core	582	0	0	0	0
SC_RS29875	SCO5538	SC_RS29875	6034328	6034900	-	protein_coding	core	573	0	0	0	0
SC_RS29880	SCO5539	SC_RS29880	6034995	6035408	-	protein_coding	core	414	0	0	0	0
SC_RS29885	SCO5540	SC_RS29885	6035419	6038682	-	protein_coding	core	3264	2	0	1	2
SC_RS29890	SCO5541	SC_RS29890	6039089	6039664	-	protein_coding	core	576	3	0	1	3
SC_RS29895	SCO5542	SC_RS29895	6039645	6040043	-	protein_coding	core	399	2	0	0	2
SC_RS29900	SCO5543	SC_RS29900	6040155	6040568	-	protein_coding	core	414	2	1	0	2
SC_RS29905	SCO5544	SC_RS29905	6040578	6044567	-	protein_coding	core	3990	3	0	2	3
SC_RS29910	SCO5545	SC_RS29910	6045170	6045358	+	protein_coding	core	189	2	0	0	2
SC_RS29915	SCO5546	SC_RS29915	6045485	6046270	+	protein_coding	core	786	2	0	0	2
SC_RS29920	SCO5547	gltX	6046263	6047747	+	protein_coding	core	1485	2	0	1	2
SC_RS29925	SCO5548	SC_RS29925	6047855	6048250	+	protein_coding	core	396	1	0	0	1
SC_RS29930	SCO5549	SC_RS29930	6048321	6049055	+	protein_coding	core	735	1	0	0	1
SC_RS29935	SCOt56	SC_RS29935	6049148	6049219	+	tRNA	core	72	0	0	0	0
SC_RS29940	SCOt57	SC_RS29940	6049259	6049331	+	tRNA	core	73	0	0	0	0
SC_RS29945	SCOt58	SC_RS29945	6049394	6049466	+	tRNA	core	73	0	0	0	0
SC_RS29950	SCOt59	SC_RS29950	6049487	6049558	+	tRNA	core	72	0	0	0	0
SC_RS29955	SCOt60	SC_RS29955	6049603	6049675	+	tRNA	core	73	0	0	0	0
SC_RS29960	SCO5550	SC_RS29960	6049735	6050379	-	protein_coding	core	645	0	0	0	0
SC_RS29965	SCO5551	SC_RS29965	6050461	6051033	+	protein_coding	core	573	0	0	0	0
SC_RS29970	SCO5552	ndgR	6051099	6051815	-	protein_coding	core	717	0	0	0	0
SC_RS29975	SCO5553	leuC	6052013	6053443	+	protein_coding	core	1431	0	0	0	0
SC_RS29980	SCO5554	leuD	6053449	6054042	+	protein_coding	core	594	0	0	0	0
SC_RS29985	SCO5555	SC_RS29985	6054328	6054558	+	protein_coding	core	231	0	0	0	0
SC_RS29990	SCO5556	SC_RS29990	6054696	6055352	+	protein_coding	core	657	1	0	0	1
SC_RS29995	SCO5557	SC_RS29995	6055467	6055700	-	protein_coding	core	234	1	0	0	1
SC_RS30000	SCO5557a	cofC	6055710	6056348	-	protein_coding	core	639	1	0	0	1
SC_RS30005	SCO5558	SC_RS30005	6056492	6057286	+	protein_coding	core	795	1	0	1	1
SC_RS30010	SCO5559	SC_RS30010	6057283	6058293	+	protein_coding	core	1011	1	1	0	1
SC_RS30015	SCO5560	SC_RS30015	6058385	6059554	+	protein_coding	core	1170	2	0	0	2
SC_RS30020	SCO5561	SC_RS30020	6059732	6059965	-	protein_coding	core	234	1	0	0	1
SC_RS30025	SCO5562	SC_RS30025	6060199	6061167	+	protein_coding	core	969	1	0	0	1
SC_RS30030	SCO5563	thiD	6061164	6061973	+	protein_coding	core	810	1	0	1	1
SC_RS30035	SCO5564	rpmB	6062059	6062244	-	protein_coding	core	186	1	0	0	1
SC_RS30040	SCO5565	SC_RS30040	6062511	6064280	+	protein_coding	core	1770	1	0	0	1
SC_RS30045	SCO5566	recG	6064343	6066571	+	protein_coding	core	2229	0	0	0	0
SC_RS30050	SCO5567	rsmD	6066627	6067214	+	protein_coding	core	588	0	0	0	0
SC_RS30055	SCO5568	coaD	6067241	6067720	+	protein_coding	core	480	0	0	0	0
SC_RS30060	SCO5569	SC_RS30060	6067854	6068993	+	protein_coding	core	1140	0	0	0	0
SC_RS30065	SCO5570	SC_RS30065	6069138	6069791	+	protein_coding	core	654	0	0	0	0
SC_RS30070	SCO5571	rpmF	6069794	6069967	+	protein_coding	core	174	0	0	0	0
SC_RS30075	SCO5572	rnc	6069975	6070805	+	protein_coding	core	831	0	0	0	0
SC_RS30080	SCO5573	mutM	6070914	6071774	+	protein_coding	core	861	0	0	0	0
SC_RS30085	SCO5574	SC_RS30085	6071764	6072168	-	protein_coding	core	405	0	0	0	0
SC_RS30090	SCO5575	SC_RS30090	6072276	6073466	-	protein_coding	core	1191	0	0	0	0
SC_RS30095	SCO5576	SC_RS30095	6073650	6073931	+	protein_coding	core	282	0	0	0	0
SC_RS30100		SC_RS30100	6074311	6074523	+	protein_coding	core	213	0	0	0	0
SC_RS30105	SCO5577	smc	6074834	6078394	+	protein_coding	core	3561	0	0	0	0
SC_RS30110	SCO5578	SC_RS30110	6078582	6080000	+	protein_coding	core	1419	0	0	0	0
SC_RS30115	SCO5579	SC_RS30115	6080126	6081583	-	protein_coding	core	1458	0	0	0	0
SC_RS30120	SCO5580	ftsY	6081768	6082976	+	protein_coding	core	1209	1	0	0	1
SC_RS30125	SCO5581	SC_RS30125	6083101	6083772	-	protein_coding	core	672	2	0	0	2
SC_RS30130	SCO5582	nsdA	6084219	6085721	+	protein_coding	core	1503	3	0	2	3
SC_RS30135	SCO5583	SC_RS30135	6086031	6087377	+	protein_coding	core	1347	4	0	1	4+
SC_RS30140	SCO5584	SC_RS30140	6087374	6087712	+	protein_coding	core	339	3	1	0	3
SC_RS30145	SCO5585	SC_RS30145	6087762	6090284	+	protein_coding	core	2523	3	0	1	3
SC_RS30150	SCO5586	ffh	6090383	6091933	+	protein_coding	core	1551	3	0	0	3
SC_RS30155	SCO5587	ftsH	6092050	6093996	+	protein_coding	core	1947	3	0	2	3
SC_RS30160	SCO5588	SC_RS30160	6094014	6094631	-	protein_coding	core	618	3	0	0	3
SC_RS30165	SCO5589	SC_RS30165	6094782	6095669	-	protein_coding	core	888	2	0	1	2
SC_RS30170	SCO5590	SC_RS30170	6096339	6096935	+	protein_coding	core	597	1	0	0	1
SC_RS30175	SCO5591	rpsP	6097191	6097610	+	protein_coding	core	420	1	0	0	1
SC_RS30180	SCO5592	SC_RS30180	6097613	6097852	+	protein_coding	core	240	1	0	0	1
SC_RS30185	SCO5593	rimM	6097964	6098530	+	protein_coding	core	567	1	0	0	1
SC_RS30190	SCO5594	trmD	6098530	6099363	+	protein_coding	core	834	1	0	1	1
SC_RS30195	SCO5595	rplS	6099500	6099850	+	protein_coding	core	351	1	0	0	1
SC_RS30200	SCO5596	lepB	6099896	6100675	+	protein_coding	core	780	1	0	0	1
SC_RS30210	SCO5598	lepB	6101641	6102651	+	protein_coding	core	1011	0	0	0	0
SC_RS30215	SCO5599	lepB	6102756	6103532	+	protein_coding	core	777	0	0	0	0
SC_RS30220	SCO5600	SC_RS30220	6103522	6104052	+	protein_coding	core	531	0	0	0	0
SC_RS30225	SCO5601	SC_RS30225	6104109	6104417	+	protein_coding	core	309	0	0	0	0
SC_RS30230	SCO5602	SC_RS30230	6104506	6104868	+	protein_coding	core	363	0	0	0	0
SC_RS30235	SCO5603	SC_RS30235	6104868	6106493	+	protein_coding	core	1626	0	0	0	0
SC_RS30245	SCO5605	SC_RS30245	6107817	6108128	+	protein_coding	core	312	0	0	0	0
SC_RS30250		SC_RS30250	6108125	6108310	-	protein_coding	core	186	0	0	0	0
SC_RS30255	SCO5607	SC_RS30255	6108427	6108660	+	protein_coding	core	234	0	0	0	0
SC_RS30260	SCO5608	SC_RS30260	6108755	6109456	+	protein_coding	core	702	0	0	0	0
SC_RS30265	SCO5609	SC_RS30265	6109515	6109712	-	protein_coding	core	198	0	0	0	0
SC_RS30270		SC_RS30270	6110051	6110272	-	protein_coding	core	222	0	0	0	0
SC_RS30275	SCO5611	SC_RS30275	6111177	6111392	+	protein_coding	core	216	0	0	0	0
SC_RS30280	SCO5612	SC_RS30280	6111554	6113824	+	protein_coding	core	2271	0	0	0	0
SC_RS30285	SCO5613	SC_RS30285	6114162	6114659	+	protein_coding	core	498	0	0	0	0
SC_RS30290	SCO5614	SC_RS30290	6115100	6115315	+	protein_coding	core	216	0	0	0	0
SC_RS30295	SCO5615	SC_RS30295	6115312	6115662	+	protein_coding	core	351	1	0	0	1
SC_RS30300	SCO5616	SC_RS30300	6115649	6116218	+	protein_coding	core	570	1	0	0	1
SC_RS30305	SCO5617	SC_RS30305	6116205	6116621	+	protein_coding	core	417	1	0	0	1
SC_RS30310	SCO5618	SC_RS30310	6117039	6117482	+	protein_coding	core	444	1	0	0	1
SC_RS30315	SCO5619	SC_RS30315	6117794	6118300	+	protein_coding	core	507	1	1	0	1
SC_RS30330	SCO5621	whiG	6121043	6121885	+	protein_coding	core	843	0	0	0	0
SC_RS30335	SCO5622	SC_RS30335	6122014	6122571	+	protein_coding	core	558	0	0	0	0
SC_RS30340	SCO5623	SC_RS30340	6122525	6123223	-	protein_coding	core	699	0	0	0	0
SC_RS30345	SCO5624	rpsB	6123494	6124426	+	protein_coding	core	933	0	0	0	0
SC_RS30350	SCO5625	tsf	6124521	6125357	+	protein_coding	core	837	0	0	0	0
SC_RS30355	SCO5626	pyrH	6125563	6126324	+	protein_coding	core	762	0	0	0	0
SC_RS30360	SCO5627	frr	6126503	6127060	+	protein_coding	core	558	0	0	0	0
SC_RS30365	SCO5628	SC_RS30365	6127060	6128235	+	protein_coding	core	1176	0	0	0	0
SC_RS30370	SCO5629	fxsT	6128360	6131020	-	protein_coding	core	2661	1	0	1	1
SC_RS30375	SCO5630	SC_RS30375	6131534	6132414	-	protein_coding	core	881	1	0	0	1
SC_RS30380	SCO5632	SC_RS30380	6132437	6132679	-	protein_coding	core	243	1	0	0	1
SC_RS30385		SC_RS30385	6133491	6134711	-	protein_coding	core	1221	0	0	0	0
SC_RS30400	SCO5636	SC_RS30400	6136289	6137068	-	protein_coding	core	780	0	0	0	0
SC_RS30405	SCO5637	SC_RS30405	6137087	6137551	+	protein_coding	core	465	0	0	0	0
SC_RS30410	SCO5638	SC_RS30410	6137881	6138768	-	protein_coding	core	888	0	0	0	0
SC_RS30415	SCO5639	SC_RS30415	6138765	6139295	-	protein_coding	core	531	0	0	0	0
SC_RS30420	SCO5640	SC_RS30420	6139402	6139869	-	protein_coding	core	468	0	0	0	0
SC_RS30425	SCO5641	SC_RS30425	6139887	6140843	-	protein_coding	core	957	0	0	0	0
SC_RS30430	SCO5642	SC_RS30430	6140819	6141571	-	protein_coding	core	753	0	0	0	0
SC_RS30435	SCO5644	SC_RS30435	6142261	6142887	+	protein_coding	core	627	0	0	0	0
SC_RS30440	SCO5645	rlmN	6143019	6144125	+	protein_coding	core	1107	0	0	0	0
SC_RS30445	SCO5646	SC_RS30445	6144424	6145470	+	protein_coding	core	1047	0	0	0	0
SC_RS30450	SCO5647	SC_RS30450	6145446	6147128	+	protein_coding	core	1683	0	0	0	0
SC_RS30455	SCO5648	SC_RS30455	6147131	6148177	+	protein_coding	core	1047	0	0	0	0
SC_RS30460	SCO5649	SC_RS30460	6148202	6149002	+	protein_coding	core	801	0	0	0	0
SC_RS30465	SCO5650	SC_RS30465	6149064	6149768	-	protein_coding	core	705	0	0	0	0
SC_RS30470	SCO5651	SC_RS30470	6149925	6151109	-	protein_coding	core	1185	2	0	0	2
SC_RS30475	SCO5652	SC_RS30475	6151136	6151543	-	protein_coding	core	408	2	2	0	2
SC_RS30480	SCO5653	SC_RS30480	6151649	6153109	-	protein_coding	core	1461	2	0	2	2
SC_RS30485	SCO5654	SC_RS30485	6153091	6153867	-	protein_coding	core	777	2	0	0	2
SC_RS30490	SCO5655	SC_RS30490	6154073	6155446	-	protein_coding	core	1374	0	0	0	0
SC_RS30495	SCO5656	SC_RS30495	6155449	6155964	-	protein_coding	core	516	1	0	0	1
SC_RS30500	SCO5657	SC_RS30500	6156130	6157569	+	protein_coding	core	1440	1	0	0	1
SC_RS30505	SCO5658	SC_RS30505	6157741	6158940	+	protein_coding	core	1200	2	0	1	2
SC_RS30510	SCO5659	SC_RS30510	6158953	6159492	+	protein_coding	core	540	2	0	0	2
SC_RS30515	SCO5660	SC_RS30515	6159509	6160669	-	protein_coding	core	1161	2	0	1	2
SC_RS30520	SCO5661	SC_RS30520	6160823	6161536	-	protein_coding	core	714	1	0	0	1
SC_RS30525	SCO5662	SC_RS30525	6161552	6162715	-	protein_coding	core	1164	2	0	0	2
SC_RS30530	SCO5663	SC_RS30530	6162772	6163452	+	protein_coding	core	681	1	0	0	1
SC_RS30535	SCO5664	SC_RS30535	6163511	6163960	+	protein_coding	core	450	1	0	0	1
SC_RS30540	SCO5665	SC_RS30540	6164022	6164663	-	protein_coding	core	642	1	0	1	1
SC_RS30545	SCO5666	SC_RS30545	6164842	6166377	+	protein_coding	core	1536	1	1	0	1
SC_RS30550	SCO5667	SC_RS30550	6166442	6167689	+	protein_coding	core	1248	0	0	0	0
SC_RS30555	SCO5668	SC_RS30555	6167695	6168888	+	protein_coding	core	1194	0	0	0	0
SC_RS30560	SCO5669	SC_RS30560	6168888	6169817	+	protein_coding	core	930	0	0	0	0
SC_RS30565	SCO5670	SC_RS30565	6169818	6170618	+	protein_coding	core	801	0	0	0	0
SC_RS30570	SCO5671	SC_RS30570	6170654	6172081	+	protein_coding	core	1428	0	0	0	0
SC_RS30575	SCO5672	SC_RS30575	6172204	6172662	+	protein_coding	core	459	0	0	0	0
SC_RS30580	SCO5673	SC_RS30580	6172819	6174636	+	protein_coding	core	1818	0	0	0	0
SC_RS30585	SCO5674	SC_RS30585	6174575	6175279	-	protein_coding	core	705	1	0	0	1
SC_RS30590	SCO5675	SC_RS30590	6175324	6176157	+	protein_coding	core	834	1	0	0	1
SC_RS30595	SCO5676	gabT	6176557	6177891	-	protein_coding	core	1335	1	0	1	1
SC_RS30600	SCO5677	SC_RS30600	6178145	6180280	+	protein_coding	core	2136	1	0	0	1
SC_RS30605	SCO5678	SC_RS30605	6180444	6182102	+	protein_coding	core	1659	0	0	0	0
SC_RS30610	SCO5679	SC_RS30610	6182246	6183691	+	protein_coding	core	1446	0	0	0	0
SC_RS30615	SCO5680	SC_RS30615	6183701	6184114	-	protein_coding	core	414	1	0	0	1
SC_RS30620	SCO5681	SC_RS30620	6184140	6185315	-	protein_coding	core	1176	1	1	0	1
SC_RS30625	SCO5682	SC_RS30625	6185312	6186445	-	protein_coding	core	1134	2	0	1	2
SC_RS30630	SCO5683	SC_RS30630	6186588	6187784	+	protein_coding	core	1197	2	0	0	2
SC_RS30635	SCO5684	SC_RS30635	6187781	6188494	+	protein_coding	core	714	2	0	1	2
SC_RS30640	SCO5685	SC_RS30640	6188536	6191418	-	protein_coding	core	2883	1	0	0	1
SC_RS30645	SCO5686	SC_RS30645	6191668	6193353	+	protein_coding	core	1686	0	0	0	0
SC_RS30650	SCO5687	SC_RS30650	6193381	6194421	+	protein_coding	core	1041	0	0	0	0
SC_RS30655	SCO5688	SC_RS30655	6194475	6195389	+	protein_coding	core	915	0	0	0	0
SC_RS30660	SCO5689	SC_RS30660	6195389	6197359	+	protein_coding	core	1971	0	0	0	0
SC_RS30665	SCO5690	SC_RS30665	6197356	6199599	+	protein_coding	core	2244	0	0	0	0
SC_RS30670	SCO5691	SC_RS30670	6199638	6200372	+	protein_coding	core	735	0	0	0	0
SC_RS30675	SCO5692	SC_RS30675	6200514	6201527	-	protein_coding	core	1014	0	0	0	0
SC_RS30680	SCO5693	SC_RS30680	6201820	6203796	+	protein_coding	core	1977	0	0	0	0
SC_RS30685	SCO5694	dxr	6203922	6205178	+	protein_coding	core	1257	1	0	0	1
SC_RS30690	SCO5695	SC_RS30690	6205187	6206479	+	protein_coding	core	1293	1	0	1	1
SC_RS30695	SCO5696	ispG	6206675	6207832	+	protein_coding	core	1158	2	1	0	2
SC_RS30700	SCO5697	SC_RS30700	6208117	6208965	+	protein_coding	core	849	2	0	1	2
SC_RS30705	SCO5698	SC_RS30705	6209024	6209566	+	protein_coding	core	543	2	1	0	2
SC_RS30710	SCO5699	SC_RS30710	6209640	6211343	+	protein_coding	core	1704	2	0	1	2
SC_RS30715	SCO5700	SC_RS30715	6211917	6212816	-	protein_coding	core	900	2	0	0	2
SC_RS30720	SCO5701	SC_RS30720	6212856	6213359	-	protein_coding	core	504	2	1	0	2
SC_RS30725	SCO5702	SC_RS30725	6213362	6213925	-	protein_coding	core	564	2	0	1	2
SC_RS30730	SCO5703	rimP	6214338	6214871	+	protein_coding	core	534	2	0	0	2
SC_RS30735	SCO5704	nusA	6214874	6215896	+	protein_coding	core	1023	2	0	1	2
SC_RS30740	SCO5705	SC_RS30740	6215999	6216304	+	protein_coding	core	306	1	1	0	1
SC_RS30745	SCO5706	infB	6216466	6219567	+	protein_coding	core	3102	2	0	0	2
SC_RS30750	SCO5707	SC_RS30750	6219719	6220012	+	protein_coding	core	294	1	0	1	1
SC_RS30755	SCO5708	rbfA	6220097	6220579	+	protein_coding	core	483	2	1	0	2
SC_RS30760	SCO5709	truB	6220576	6221481	+	protein_coding	core	906	2	0	0	2
SC_RS30765	SCO5710	SC_RS30765	6221737	6225837	+	protein_coding	core	4101	2	0	1	2
SC_RS30770	SCO5711	SC_RS30770	6225981	6226937	+	protein_coding	core	957	0	0	0	0
SC_RS30775	SCO5712	SC_RS30775	6227052	6228131	-	protein_coding	core	1080	0	0	0	0
SC_RS30780	SCO5713	SC_RS30780	6228128	6229324	-	protein_coding	core	1197	0	0	0	0
SC_RS30785	SCO5714	SC_RS30785	6229321	6230274	-	protein_coding	core	954	0	0	0	0
SC_RS30790	SCO5715	SC_RS30790	6230271	6231317	-	protein_coding	core	1047	0	0	0	0
SC_RS30795	SCO5716	SC_RS30795	6231310	6233175	-	protein_coding	core	1866	0	0	0	0
SC_RS30800	SCO5717	SC_RS30800	6233478	6236729	-	protein_coding	core	3252	0	0	0	0
SC_RS30805	SCO5718	SC_RS30805	6237439	6238782	+	protein_coding	core	1344	0	0	0	0
SC_RS30810	SCO5719	SC_RS30810	6238820	6239620	-	protein_coding	core	801	0	0	0	0
SC_RS30815	SCO5720	eccE	6239617	6240885	-	protein_coding	core	1269	1	0	0	1
SC_RS30820	SCO5721	eccB	6241070	6242596	+	protein_coding	core	1527	1	0	0	1
SC_RS30825	SCO5722	mycP	6242668	6243909	+	protein_coding	core	1242	1	0	1	1
SC_RS30830	SCO5723	SC_RS30830	6243938	6244234	-	protein_coding	core	297	1	0	0	1
SC_RS30835	SCO5724	SC_RS30835	6244580	6244912	+	protein_coding	core	333	1	0	0	1
SC_RS30840	SCO5725	SC_RS30840	6244949	6245260	+	protein_coding	core	312	0	0	0	0
SC_RS30845	SCO5727	SC_RS30845	6245884	6246486	+	protein_coding	core	603	0	0	0	0
SC_RS30850	SCO5728	SC_RS30850	6246517	6247155	-	protein_coding	core	639	0	0	0	0
SC_RS30855	SCO5729	SC_RS30855	6247184	6249421	-	protein_coding	core	2238	0	0	0	0
SC_RS30860	SCO5730	SC_RS30860	6249423	6249845	-	protein_coding	core	423	0	0	0	0
SC_RS30865	SCO5731	mycP	6249911	6251263	-	protein_coding	core	1353	0	0	0	0
SC_RS30870	SCO5732	SC_RS30870	6251294	6252847	-	protein_coding	core	1554	1	0	0	1
SC_RS30875	SCO5733	SC_RS30875	6252847	6253335	-	protein_coding	core	489	1	0	0	1
SC_RS30880	SCO5734	SC_RS30880	6253407	6257372	-	protein_coding	core	3966	1	0	1	1
SC_RS30885	SCO5735	eccD	6257536	6259005	+	protein_coding	core	1470	0	0	0	0
SC_RS30890	SCO5736	rpsO	6259203	6259490	+	protein_coding	core	288	0	0	0	0
SC_RS30895	SCO5737	SC_RS30895	6259773	6261992	+	protein_coding	core	2220	0	0	0	0
SC_RS30900	SCO5738	SC_RS30900	6261989	6263368	+	protein_coding	core	1380	0	0	0	0
SC_RS30905	SCO5739	dapB	6263394	6264146	+	protein_coding	core	753	0	0	0	0
SC_RS30910	SCO5740	SC_RS30910	6264160	6264615	+	protein_coding	core	456	1	0	0	1
SC_RS30915	SCO5741	SC_RS30915	6264691	6265245	-	protein_coding	core	555	1	0	0	1
SC_RS30920	SCO5742	SC_RS30920	6265362	6265601	-	protein_coding	core	240	1	0	0	1
SC_RS30925	SCO5743	thyX	6265793	6266533	+	protein_coding	core	741	1	0	1	1
SC_RS30930	SCO5744	dapA	6266753	6267652	+	protein_coding	core	900	1	1	0	1
SC_RS30935	SCO5745	SC_RS30935	6267805	6269490	+	protein_coding	core	1686	1	0	0	1
SC_RS30940	SCOr16	SC_RS30940	6269991	6271517	+	rRNA	core	1527	0	0	0	0
SC_RS30945	SCOr17	SC_RS30945	6271800	6274920	+	rRNA	core	3121	1	0	0	1
SC_RS30950	SCOr18	rrf	6275005	6275121	+	rRNA	core	117	1	0	0	1
SC_RS30955	SCO5746	SC_RS30955	6275238	6275900	+	protein_coding	core	663	1	0	0	1
SC_RS30960	SCOt61	SC_RS30960	6275983	6276058	+	tRNA	core	76	1	0	0	1
SC_RS30965	SCO5747	SC_RS30965	6276106	6278856	-	protein_coding	core	2751	2	0	1	2
SC_RS30970	SCO5748	SC_RS30970	6279265	6284754	+	protein_coding	core	5490	3	0	3	3
SC_RS30975	SCO5749	SC_RS30975	6285256	6285930	+	protein_coding	core	675	0	0	0	0
SC_RS30980	SCO5750	SC_RS30980	6286133	6288886	+	protein_coding	core	2754	0	0	0	0
SC_RS30985	SCO5751	SC_RS30985	6289190	6290053	+	protein_coding	core	864	0	0	0	0
SC_RS30990	SCO5752	rimO	6290145	6291626	+	protein_coding	core	1482	0	0	0	0
SC_RS30995	SCO5753	pgsA	6291623	6292414	+	protein_coding	core	792	0	0	0	0
SC_RS31000	SCO5754	SC_RS31000	6292411	6292956	+	protein_coding	core	546	0	0	0	0
SC_RS31005	SCO5755	SC_RS31005	6293066	6293446	+	protein_coding	core	381	0	0	0	0
SC_RS31010	SCO5756	SC_RS31010	6293651	6294121	+	protein_coding	core	471	0	0	0	0
SC_RS31015	SCO5757	SC_RS31015	6294128	6294394	+	protein_coding	core	267	0	0	0	0
SC_RS31020	SCO5758	SC_RS31020	6294435	6294824	+	protein_coding	core	390	0	0	0	0
SC_RS31025	SCO5759	SC_RS31025	6294821	6295306	+	protein_coding	core	486	0	0	0	0
SC_RS31030	SCO5760	SC_RS31030	6295344	6296174	-	protein_coding	core	831	0	0	0	0
SC_RS31035	SCO5761	SC_RS31035	6296193	6301265	-	protein_coding	core	5073	0	0	0	0
SC_RS31040	SCO5762	SC_RS31040	6301456	6302322	+	protein_coding	core	867	1	0	0	1
SC_RS31045	SCO5763	SC_RS31045	6302319	6303089	+	protein_coding	core	771	1	0	0	1
SC_RS31050	SCO5764	SC_RS31050	6303086	6303394	+	protein_coding	core	309	1	0	0	1
SC_RS31055	SCO5765	SC_RS31055	6303404	6304372	-	protein_coding	core	969	1	0	1	1
SC_RS31060	SCO5766	SC_RS31060	6304454	6304648	+	protein_coding	core	195	1	0	0	1
SC_RS31065	SCO5767	SC_RS31065	6304709	6306028	+	protein_coding	core	1320	1	0	0	1
SC_RS31070	SCO5768	SC_RS31070	6306165	6306365	-	protein_coding	core	201	0	0	0	0
SC_RS31075	SCO5769	recA	6306654	6307778	+	protein_coding	core	1125	0	0	0	0
SC_RS31080	SCO5770	recX	6307782	6308564	+	protein_coding	core	783	0	0	0	0
SC_RS31085		SC_RS31085	6308709	6308927	+	protein_coding	core	219	0	0	0	0
SC_RS31090	SCO5771	SC_RS31090	6308921	6309319	-	protein_coding	core	399	0	0	0	0
SC_RS31095	SCO5772	SC_RS31095	6309316	6309864	-	protein_coding	core	549	0	0	0	0
SC_RS31100		SC_RS31100	6309946	6310032	-	protein_coding	core	87	0	0	0	0
SC_RS31105	SCO5773	SC_RS31105	6310159	6311784	-	protein_coding	core	1626	0	0	0	0
SC_RS31110	SCO5774	SC_RS31110	6311961	6312860	-	protein_coding	core	900	0	0	0	0
SC_RS31115	SCO5775	SC_RS31115	6312857	6313525	-	protein_coding	core	669	0	0	0	0
SC_RS31120	SCO5776	SC_RS31120	6313610	6314446	-	protein_coding	core	837	0	0	0	0
SC_RS31125	SCO5777	SC_RS31125	6314572	6315348	-	protein_coding	core	777	0	0	0	0
SC_RS31130	SCO5778	SC_RS31130	6315651	6316337	+	protein_coding	core	687	0	0	0	0
SC_RS31135	SCO5779	SC_RS31135	6316347	6317792	+	protein_coding	core	1446	0	0	0	0
SC_RS31140	SCO5780	SC_RS31140	6317771	6318766	-	protein_coding	core	996	1	0	0	1
SC_RS31145	SCO5781	SC_RS31145	6318840	6319355	+	protein_coding	core	516	1	0	0	1
SC_RS31150	SCO5782	SC_RS31150	6319451	6320686	-	protein_coding	core	1236	3	0	1	3
SC_RS31155	SCO5783	SC_RS31155	6320691	6321176	-	protein_coding	core	486	3	2	0	3
SC_RS31160	SCO5784	SC_RS31160	6321291	6322367	+	protein_coding	core	1077	3	0	2	3
SC_RS31165	SCO5785	SC_RS31165	6322367	6323026	+	protein_coding	core	660	2	0	0	2
SC_RS31170	SCO5786	SC_RS31170	6323081	6324283	-	protein_coding	core	1203	2	0	0	2
SC_RS31175	SCO5787	miaB	6324453	6325970	+	protein_coding	core	1518	0	0	0	0
SC_RS31180	SCO5788	SC_RS31180	6326020	6326733	+	protein_coding	core	714	0	0	0	0
SC_RS31185	SCO5789	SC_RS31185	6326868	6327161	-	protein_coding	core	294	0	0	0	0
SC_RS31190	SCO5790	SC_RS31190	6327186	6327473	-	protein_coding	core	288	0	0	0	0
SC_RS31195	SCO5791	miaA	6327656	6328594	+	protein_coding	core	939	0	0	0	0
SC_RS31200	SCO5792	SC_RS31200	6328702	6329199	+	protein_coding	core	498	0	0	0	0
SC_RS31205	SCO5793	dapF	6329272	6330141	+	protein_coding	core	870	0	0	0	0
SC_RS31210	SCO5794	SC_RS31210	6330388	6332565	+	protein_coding	core	2178	2	0	2	2
SC_RS31215	SCO5795	SC_RS31215	6332816	6334354	+	protein_coding	core	1539	2	1	0	2
SC_RS31220	SCO5796	hflX	6334502	6335995	+	protein_coding	core	1494	2	0	0	2
SC_RS31225	SCO5797	SC_RS31225	6336091	6337308	-	protein_coding	core	1218	1	1	0	1
SC_RS31230	SCO5798	SC_RS31230	6337406	6338635	-	protein_coding	core	1230	1	0	1	1
SC_RS31235	SCO5799	SC_RS31235	6338949	6340547	+	protein_coding	core	1599	1	0	0	1
SC_RS31240	SCO5800	SC_RS31240	6340587	6342533	+	protein_coding	core	1947	0	0	0	0
SC_RS31245	SCO5801	SC_RS31245	6342563	6343258	+	protein_coding	core	696	0	0	0	0
SC_RS31250	SCO5802	SC_RS31250	6343581	6345575	+	protein_coding	core	1995	0	0	0	0
SC_RS31255	SCO5803	lexA	6345664	6346443	-	protein_coding	core	780	0	0	0	0
SC_RS31260	SCO5804	nrdR	6347027	6347575	+	protein_coding	core	549	1	0	0	1
SC_RS31265	SCO5805	SC_RS31265	6347744	6350647	+	protein_coding	core	2904	1	0	1	1
SC_RS31270	SCO5806	SC_RS31270	6350725	6351258	-	protein_coding	core	534	1	0	0	1
SC_RS31275	SCO5807	SC_RS31275	6351419	6352033	+	protein_coding	core	615	0	0	0	0
SC_RS31280	SCO5808	SC_RS31280	6352147	6352806	+	protein_coding	core	660	0	0	0	0
SC_RS31285	SCO5809	SC_RS31285	6352819	6353724	+	protein_coding	core	906	0	0	0	0
SC_RS31290	SCO5810	SC_RS31290	6354012	6355559	-	protein_coding	core	1548	0	0	0	0
SC_RS31295	SCO5811	SC_RS31295	6355747	6356367	+	protein_coding	core	621	0	0	0	0
SC_RS31300	SCO5812	SC_RS31300	6356449	6357150	+	protein_coding	core	702	0	0	0	0
SC_RS31305	SCO5813	SC_RS31305	6357219	6357857	+	protein_coding	core	639	0	0	0	0
SC_RS31310	SCO5814	SC_RS31310	6358172	6358786	-	protein_coding	core	615	0	0	0	0
SC_RS31315	SCO5815	SC_RS31315	6359074	6361233	+	protein_coding	core	2160	1	0	0	1
SC_RS31320	SCO5816	SC_RS31320	6361399	6363003	+	protein_coding	core	1605	1	0	1	1
SC_RS31325	SCO5817	SC_RS31325	6363135	6363893	+	protein_coding	core	759	1	1	0	1
SC_RS31330	SCO5818	SC_RS31330	6363949	6366183	+	protein_coding	core	2235	2	0	0	2
SC_RS31335	SCO5819	whiH	6366349	6367236	+	protein_coding	core	888	1	0	0	1
SC_RS31340	SCO5820	SC_RS31340	6367665	6369200	+	protein_coding	core	1536	1	1	0	1
SC_RS31345	SCO5821	SC_RS31345	6369367	6370224	+	protein_coding	core	858	1	0	0	1
SC_RS31350		SC_RS31350	6370335	6370565	-	protein_coding	core	231	1	0	0	1
SC_RS31355	SCO5822	SC_RS31355	6371006	6373129	+	protein_coding	core	2124	2	0	1	2
SC_RS31360	SCO5823	SC_RS31360	6373348	6373872	+	protein_coding	core	525	2	0	1	2
SC_RS31365	SCO5824	SC_RS31365	6373869	6375023	+	protein_coding	core	1155	1	1	0	1
SC_RS31370	SCO5825	SC_RS31370	6375020	6375709	+	protein_coding	core	690	1	0	0	1
SC_RS31375	SCO5826	SC_RS31375	6375779	6376357	+	protein_coding	core	579	0	0	0	0
SC_RS31380	SCO5827	SC_RS31380	6376354	6377946	+	protein_coding	core	1593	1	0	0	1
SC_RS31385	SCO5828	SC_RS31385	6377983	6378663	-	protein_coding	core	681	1	0	0	1
SC_RS31390	SCO5829	SC_RS31390	6378660	6380330	-	protein_coding	core	1671	1	0	1	1
SC_RS31395	SCO5830	SC_RS31395	6380416	6381357	-	protein_coding	core	942	1	0	0	1
SC_RS31400	SCO5831	SC_RS31400	6381412	6382677	-	protein_coding	core	1266	2	0	0	2
SC_RS31405	SCO5832	SC_RS31405	6382802	6383974	+	protein_coding	core	1173	1	0	1	1
SC_RS31410	SCO5833	SC_RS31410	6384115	6384351	-	protein_coding	core	237	1	0	0	1
SC_RS31415	SCO5834	SC_RS31415	6384501	6385052	-	protein_coding	core	552	1	0	0	1
SC_RS31420	SCO5835	SC_RS31420	6385339	6386427	+	protein_coding	core	1089	2	0	0	2
SC_RS31425	SCO5836	SC_RS31425	6386424	6388880	-	protein_coding	core	2457	1	0	1	1
SC_RS31430	SCO5837	SC_RS31430	6389216	6390568	+	protein_coding	core	1353	0	0	0	0
SC_RS31435	SCO5838	SC_RS31435	6390565	6391953	+	protein_coding	core	1389	0	0	0	0
SC_RS31440	SCO5839	SC_RS31440	6392322	6393074	+	protein_coding	core	753	0	0	0	0
SC_RS31445	SCO5840	SC_RS31445	6393195	6393890	+	protein_coding	core	696	0	0	0	0
SC_RS31450	SCO5841	SC_RS31450	6394045	6394326	-	protein_coding	core	282	0	0	0	0
SC_RS31455	SCO5842	SC_RS31455	6394529	6397648	+	protein_coding	core	3120	0	0	0	0
SC_RS31460	SCO5843	SC_RS31460	6397745	6398341	+	protein_coding	core	597	0	0	0	0
SC_RS31465	SCO5844	SC_RS31465	6398341	6399534	+	protein_coding	core	1194	0	0	0	0
SC_RS31470	SCO5845	SC_RS31470	6399582	6400232	+	protein_coding	core	651	0	0	0	0
SC_RS31475	SCO5846	SC_RS31475	6400262	6402331	-	protein_coding	core	2070	0	0	0	0
SC_RS31480	SCO5847	SC_RS31480	6402578	6403366	+	protein_coding	core	789	1	0	0	1
SC_RS31485	SCO5848	SC_RS31485	6403579	6404886	+	protein_coding	core	1308	1	0	0	1
SC_RS31490	SCO5849	SC_RS31490	6404883	6406040	+	protein_coding	core	1158	1	0	1	1
SC_RS31495	SCO5850	SC_RS31495	6406090	6407082	+	protein_coding	core	993	1	0	0	1
SC_RS31500	SCO5851	SC_RS31500	6407079	6408017	+	protein_coding	core	939	1	0	0	1
SC_RS31505	SCO5852	SC_RS31505	6408122	6408970	+	protein_coding	core	849	0	0	0	0
SC_RS31510	SCO5853	SC_RS31510	6409025	6409828	-	protein_coding	core	804	0	0	0	0
SC_RS31515	SCO5854	SC_RS31515	6410064	6410915	+	protein_coding	core	852	0	0	0	0
SC_RS31520	SCO5855	sepH	6411199	6412257	-	protein_coding	core	1059	0	0	0	0
SC_RS31525	SCO5856	SC_RS31525	6412730	6413614	+	protein_coding	core	885	0	0	0	0
SC_RS31530	SCO5857	SC_RS31530	6413538	6414875	-	protein_coding	core	1338	0	0	0	0
SC_RS31535	SCO5858	SC_RS31535	6414817	6416073	-	protein_coding	core	1257	1	0	0	1
SC_RS31540	SCO5859	SC_RS31540	6416236	6417363	+	protein_coding	core	1128	1	0	0	1
SC_RS31545	SCO5860	SC_RS31545	6417372	6418190	+	protein_coding	core	819	1	0	1	1
SC_RS31550		SC_RS31550	6418707	6418880	-	protein_coding	core	174	4	0	0	4+
SC_RS31555	SCO5862	SC_RS31555	6419308	6419961	+	protein_coding	core	654	4	0	0	4+
SC_RS31560	SCO5863	SC_RS31560	6419968	6421212	+	protein_coding	core	1245	4	0	3	4+
SC_RS31565	SCO5864	SC_RS31565	6421618	6421914	+	protein_coding	core	297	5	0	0	4+
SC_RS31570	SCO5865	SC_RS31570	6421928	6422881	+	protein_coding	core	954	5	0	1	4+
SC_RS31575	SCO5866	SC_RS31575	6422895	6423359	-	protein_coding	core	465	2	1	0	2
SC_RS31580	SCO5867	SC_RS31580	6423417	6424001	+	protein_coding	core	585	2	0	1	2
SC_RS31585	SCO5868	dut	6423998	6424549	+	protein_coding	core	552	2	1	0	2
SC_RS31590	SCO5869	SC_RS31590	6424551	6425303	+	protein_coding	core	753	1	0	0	1
SC_RS31595	SCO5870	SC_RS31595	6425493	6426185	+	protein_coding	core	693	1	0	0	1
SC_RS31600	SCO5871	SC_RS31600	6426319	6428865	+	protein_coding	core	2547	1	0	0	1
SC_RS31605	SCO5872	SC_RS31605	6428862	6429545	+	protein_coding	core	684	1	0	0	1
SC_RS31610	SCO5873	SC_RS31610	6429608	6430006	+	protein_coding	core	399	1	0	0	1
SC_RS31615	SCO5874	SC_RS31615	6430010	6430828	+	protein_coding	core	819	1	0	1	1
SC_RS31620	SCO5875	SC_RS31620	6430947	6431627	-	protein_coding	core	681	1	0	0	1
SC_RS31625	SCO5876	SC_RS31625	6431627	6432298	-	protein_coding	core	672	1	0	0	1
SC_RS31630	SCO5877	SC_RS31630	6432812	6433618	+	protein_coding	core	807	0	0	0	0
SC_RS31635	SCO5878	SC_RS31635	6433650	6436616	+	protein_coding	core	2967	1	0	0	1
SC_RS31640	SCO5879	redW	6436613	6437788	+	protein_coding	core	1176	1	0	1	1
SC_RS31645	SCO5880	SC_RS31645	6437814	6438134	+	protein_coding	core	321	1	0	0	1
SC_RS31650	SCO5881	SC_RS31650	6438206	6438859	-	protein_coding	core	654	1	0	0	1
SC_RS31655	SCO5882	SC_RS31655	6439123	6440310	-	protein_coding	core	1188	0	0	0	0
SC_RS31660	SCO5883	SC_RS31660	6440423	6441289	-	protein_coding	core	867	0	0	0	0
SC_RS31665	SCO5884	SC_RS31665	6441276	6442166	-	protein_coding	core	891	0	0	0	0
SC_RS31670	SCO5885	SC_RS31670	6442174	6442614	-	protein_coding	core	441	0	0	0	0
SC_RS31675	SCO5886	SC_RS31675	6442753	6443976	-	protein_coding	core	1224	0	0	0	0
SC_RS31680	SCO5887	SC_RS31680	6443973	6444218	-	protein_coding	core	246	0	0	0	0
SC_RS31685	SCO5888	SC_RS31685	6444587	6445594	+	protein_coding	core	1008	1	0	0	1
SC_RS31690	SCO5889	SC_RS31690	6445654	6445917	+	protein_coding	core	264	1	0	0	1
SC_RS31695	SCO5890	SC_RS31695	6445914	6447836	+	protein_coding	core	1923	1	0	1	1
SC_RS31700	SCO5891	redM	6447950	6449548	+	protein_coding	core	1599	1	0	0	1
SC_RS31705	SCO5892	SC_RS31705	6449576	6456442	+	protein_coding	core	6867	3	0	3	3
SC_RS31710	SCO5893	SC_RS31710	6456446	6457489	+	protein_coding	core	1044	0	0	0	0
SC_RS31715	SCO5894	SC_RS31715	6457476	6458318	+	protein_coding	core	843	1	0	0	1
SC_RS31720	SCO5895	SC_RS31720	6458306	6459394	+	protein_coding	core	1089	1	0	0	1
SC_RS31725	SCO5896	SC_RS31725	6459417	6462218	+	protein_coding	core	2802	3	0	1	3
SC_RS31730	SCO5897	SC_RS31730	6462296	6463483	+	protein_coding	core	1188	4	1	0	4+
SC_RS31735	SCO5898	SC_RS31735	6463526	6464206	+	protein_coding	core	681	4	0	1	4+
SC_RS31740	SCO5899	SC_RS31740	6464371	6465258	+	protein_coding	core	888	4	0	2	4+
SC_RS31745	SCO5900	SC_RS31745	6465627	6467702	+	protein_coding	core	2076	3	0	1	3
SC_RS31750	SCO5901	SC_RS31750	6467755	6469131	+	protein_coding	core	1377	1	0	0	1
SC_RS31760	SCO5902	SC_RS31760	6469741	6469851	+	protein_coding	core	111	0	0	0	0
SC_RS31770	SCO5904	SC_RS31770	6470494	6470790	-	protein_coding	core	297	0	0	0	0
SC_RS31775	SCO5905	SC_RS31775	6470909	6473452	-	protein_coding	core	2544	0	0	0	0
SC_RS31780	SCO5906	SC_RS31780	6473606	6474202	+	protein_coding	core	597	0	0	0	0
SC_RS31785	SCO5908	SC_RS31785	6474517	6474711	+	protein_coding	core	195	0	0	0	0
SC_RS31795	SCO5911	SC_RS31795	6475426	6476991	-	protein_coding	core	1566	1	0	0	1
SC_RS31800	SCO5912	SC_RS31800	6477438	6480035	+	protein_coding	core	2598	4	0	1	4+
SC_RS31805	SCO5913	SC_RS31805	6480200	6481435	+	protein_coding	core	1236	4	0	3	4+
SC_RS31810	SCO5914	SC_RS31810	6481608	6482600	-	protein_coding	core	993	3	0	0	3
SC_RS31815	SCO5915	SC_RS31815	6482843	6483358	+	protein_coding	core	516	2	0	0	2
SC_RS31820	SCO5916	SC_RS31820	6483660	6484187	+	protein_coding	core	528	1	0	0	1
SC_RS31825	SCO5917	SC_RS31825	6484965	6485303	+	protein_coding	core	339	1	0	0	1
SC_RS31830		SC_RS31830	6486286	6486441	+	protein_coding	core	156	1	0	0	1
SC_RS31835	SCO5918	SC_RS31835	6486961	6487272	-	protein_coding	core	312	1	0	0	1
SC_RS31840	SCO5919	SC_RS31840	6487321	6487725	-	protein_coding	core	405	1	0	0	1
SC_RS31845	SCO5920	SC_RS31845	6487772	6489268	-	protein_coding	core	1497	1	0	0	1
SC_RS31850	SCO5921	SC_RS31850	6489617	6489820	-	protein_coding	core	204	1	1	0	1
SC_RS31855	SCO5922	SC_RS31855	6490462	6491442	-	protein_coding	core	981	2	0	0	2
SC_RS31860	SCO5923	SC_RS31860	6492065	6493150	-	protein_coding	core	1086	2	0	1	2
SC_RS31865	SCO5924	SC_RS31865	6493143	6494912	-	protein_coding	core	1770	2	0	0	2
SC_RS31870	SCO5925	SC_RS31870	6494967	6495239	-	protein_coding	core	273	1	0	0	1
SC_RS31875	SCO5926	SC_RS31875	6495215	6495736	-	protein_coding	core	522	1	0	0	1
SC_RS31880	SCO5928	SC_RS31880	6496282	6496983	-	protein_coding	core	702	1	0	1	1
SC_RS31890	SCO5929	SC_RS31890	6497455	6498183	-	protein_coding	core	729	1	0	0	1
SC_RS31900		SC_RS31900	6498718	6499377	+	protein_coding	core	660	1	0	0	1
SC_RS31905	SCO5931	SC_RS31905	6499512	6500945	-	protein_coding	core	1434	0	0	0	0
SC_RS31910	SCO5932	SC_RS31910	6501336	6502763	+	protein_coding	core	1428	0	0	0	0
SC_RS31915	SCO5933	SC_RS31915	6502747	6503922	-	protein_coding	core	1176	0	0	0	0
SC_RS31920	SCO5934	SC_RS31920	6504108	6504752	+	protein_coding	core	645	0	0	0	0
SC_RS31925	SCO5935	SC_RS31925	6504830	6505642	+	protein_coding	core	813	0	0	0	0
SC_RS31930	SCO5937	SC_RS31930	6505802	6506170	-	protein_coding	core	369	0	0	0	0
SC_RS31935	SCO5938	SC_RS31935	6506167	6506775	-	protein_coding	core	609	0	0	0	0
SC_RS31940	SCO5939	SC_RS31940	6506853	6507281	+	protein_coding	core	429	0	0	0	0
SC_RS31945	SCO5940	SC_RS31945	6507329	6507988	+	protein_coding	core	660	0	0	0	0
SC_RS31950	SCO5941	SC_RS31950	6507985	6509133	+	protein_coding	core	1149	0	0	0	0
SC_RS31955	SCO5942	SC_RS31955	6509216	6509833	+	protein_coding	core	618	0	0	0	0
SC_RS31960	SCO5943	SC_RS31960	6510025	6510810	+	protein_coding	core	786	0	0	0	0
SC_RS31965	SCO5944	SC_RS31965	6510803	6511951	+	protein_coding	core	1149	0	0	0	0
SC_RS31970	SCO5945	SC_RS31970	6511957	6513768	+	protein_coding	core	1812	1	0	0	1
SC_RS31975	SCO5946	SC_RS31975	6513783	6514538	+	protein_coding	core	756	1	0	1	1
SC_RS31980	SCO5947	SC_RS31980	6514553	6515950	+	protein_coding	core	1398	1	1	0	1
SC_RS31985	SCO5948	SC_RS31985	6515947	6517140	+	protein_coding	core	1194	1	0	0	1
SC_RS31990	SCO5949	SC_RS31990	6517425	6517973	+	protein_coding	core	549	0	0	0	0
SC_RS31995	SCO5950	SC_RS31995	6518093	6519544	-	protein_coding	core	1452	0	0	0	0
SC_RS32000	SCO5951	SC_RS32000	6519692	6520303	+	protein_coding	core	612	0	0	0	0
SC_RS32005	SCO5952	SC_RS32005	6520547	6521299	+	protein_coding	core	753	0	0	0	0
SC_RS32010	SCO5953	SC_RS32010	6521302	6524043	+	protein_coding	core	2742	1	0	0	1
SC_RS32015	SCO5954	SC_RS32015	6524142	6526439	+	protein_coding	core	2298	2	0	1	2
SC_RS32020	SCO5955	SC_RS32020	6526506	6526940	-	protein_coding	core	435	2	0	0	2
SC_RS32025	SCO5956	SC_RS32025	6527068	6527715	+	protein_coding	core	648	2	0	0	2
SC_RS32030	SCO5957	SC_RS32030	6527871	6529472	+	protein_coding	core	1602	1	0	1	1
SC_RS32035	SCO5958	SC_RS32035	6529489	6530343	-	protein_coding	core	855	1	0	0	1
SC_RS32040	SCO5959	cbiQ	6530340	6531089	-	protein_coding	core	750	0	0	0	0
SC_RS32045	SCO5960	SC_RS32045	6531090	6531446	-	protein_coding	core	357	0	0	0	0
SC_RS32050	SCO5961	SC_RS32050	6531443	6532141	-	protein_coding	core	699	0	0	0	0
SC_RS32055	SCO5962	SC_RS32055	6532428	6533018	-	protein_coding	core	591	0	0	0	0
SC_RS32060	SCO5963	SC_RS32060	6533083	6533544	-	protein_coding	core	462	1	0	0	1
SC_RS32065	SCO5964	SC_RS32065	6533655	6535013	-	protein_coding	core	1359	2	1	0	2
SC_RS32070	SCO5965	SC_RS32070	6535301	6535768	+	protein_coding	core	468	2	0	1	2
SC_RS32075	SCO5966	SC_RS32075	6535912	6539055	-	protein_coding	core	3144	2	0	1	2
SC_RS32080	SCO5967	SC_RS32080	6539278	6539670	+	protein_coding	core	393	0	0	0	0
SC_RS32085	SCO5968	SC_RS32085	6539766	6540974	+	protein_coding	core	1209	0	0	0	0
SC_RS32090	SCO5969	SC_RS32090	6540971	6541324	+	protein_coding	core	354	0	0	0	0
SC_RS32095	SCO5970	SC_RS32095	6541507	6541977	+	protein_coding	core	471	0	0	0	0
SC_RS32100	SCO5971	SC_RS32100	6542306	6543229	+	protein_coding	core	924	0	0	0	0
SC_RS32105	SCO5972	SC_RS32105	6543401	6544900	+	protein_coding	core	1500	0	0	0	0
SC_RS32110	SCO5973	SC_RS32110	6544897	6547509	+	protein_coding	core	2613	0	0	0	0
SC_RS32115	SCO5974	SC_RS32115	6547561	6548856	-	protein_coding	core	1296	0	0	0	0
SC_RS32120	SCO5975	SC_RS32120	6549081	6550304	+	protein_coding	core	1224	0	0	0	0
SC_RS32125	SCO5976	argF	6550399	6551406	+	protein_coding	core	1008	0	0	0	0
SC_RS32130	SCO5977	SC_RS32130	6551536	6552975	+	protein_coding	core	1440	0	0	0	0
SC_RS32135	SCO5978	SC_RS32135	6552935	6553375	-	protein_coding	core	441	0	0	0	0
SC_RS32140	SCO5979	SC_RS32140	6553552	6554379	+	protein_coding	core	828	0	0	0	0
SC_RS32145	SCO5980	SC_RS32145	6554384	6556789	+	protein_coding	core	2406	1	0	1	1
SC_RS32150	SCO5981	SC_RS32150	6556777	6557688	-	protein_coding	core	912	1	0	0	1
SC_RS32155	SCO5982	SC_RS32155	6557772	6558617	-	protein_coding	core	846	1	0	0	1
SC_RS32160	SCO5983	ambL	6558619	6560373	-	protein_coding	core	1755	3	0	0	3
SC_RS32165	SCO5984	SC_RS32165	6560442	6561617	+	protein_coding	core	1176	2	0	0	2
SC_RS32170	SCO5985	SC_RS32170	6561614	6562012	+	protein_coding	core	399	2	0	2	2
SC_RS32175	SCO5986	SC_RS32175	6562040	6562867	+	protein_coding	core	828	2	2	0	2
SC_RS32180	SCO5987	SC_RS32180	6562884	6563093	-	protein_coding	core	210	2	0	0	2
SC_RS32185	SCO5988	SC_RS32185	6563335	6563778	+	protein_coding	core	444	2	0	0	2
SC_RS32190	SCO5989	SC_RS32190	6563897	6564742	-	protein_coding	core	846	2	0	0	2
SC_RS32195	SCO5991	SC_RS32195	6565263	6565649	+	protein_coding	core	387	1	0	0	1
SC_RS32200	SCO5992	SC_RS32200	6565701	6566195	+	protein_coding	core	495	1	0	0	1
SC_RS32205	SCO5993	SC_RS32205	6566262	6567074	+	protein_coding	core	813	1	0	1	1
SC_RS32210	SCO5994	SC_RS32210	6567071	6567973	+	protein_coding	core	903	1	1	0	1
SC_RS32215	SCO5995	SC_RS32215	6568057	6568779	+	protein_coding	core	723	1	0	0	1
SC_RS32220	SCO5996	SC_RS32220	6568746	6571592	+	protein_coding	core	2847	1	0	0	1
SC_RS32225	SCO5997	SC_RS32225	6572032	6572550	+	protein_coding	core	519	1	0	1	1
SC_RS32230	SCO5998	SC_RS32230	6573186	6574715	-	protein_coding	core	1530	1	0	0	1
SC_RS32235		SC_RS32235	6574802	6574999	-	protein_coding	core	198	0	0	0	0
SC_RS32240	SCO5999	acnA	6575305	6578019	+	protein_coding	core	2715	1	0	1	1
SC_RS32245	SCO6000	SC_RS32245	6578257	6578481	+	protein_coding	core	225	1	0	0	1
SC_RS32250	SCO6002	SC_RS32250	6578743	6579135	-	protein_coding	core	393	1	0	0	1
SC_RS32255	SCO6003	SC_RS32255	6579213	6580073	-	protein_coding	core	861	1	0	0	1
SC_RS32260	SCO6004	SC_RS32260	6580256	6584062	-	protein_coding	core	3807	1	0	1	1
SC_RS32265	SCO6005	ngcE	6584690	6586033	+	protein_coding	core	1344	1	0	0	1
SC_RS32270	SCO6006	SC_RS32270	6586041	6587102	+	protein_coding	core	1062	0	0	0	0
SC_RS32275	SCO6007	SC_RS32275	6587099	6588007	+	protein_coding	core	909	0	0	0	0
SC_RS32280	SCO6008	SC_RS32280	6588242	6589453	+	protein_coding	core	1212	0	0	0	0
SC_RS32285	SCO6009	SC_RS32285	6589587	6590690	+	protein_coding	core	1104	0	0	0	0
SC_RS32290	SCO6010	SC_RS32290	6590850	6591641	+	protein_coding	core	792	0	0	0	0
SC_RS32295	SCO6011	SC_RS32295	6591638	6592930	+	protein_coding	core	1293	0	0	0	0
SC_RS32300	SCO6012	SC_RS32300	6593034	6594557	-	protein_coding	core	1524	0	0	0	0
SC_RS32305	SCO6013	dxs	6594926	6596854	+	protein_coding	core	1929	1	0	0	1
SC_RS32310	SCO6014	SC_RS32310	6597042	6598553	+	protein_coding	core	1512	2	0	1	2
SC_RS32315	SCO6015	SC_RS32315	6598656	6599033	-	protein_coding	core	378	2	0	0	2
SC_RS32320	SCO6016	SC_RS32320	6599193	6600001	+	protein_coding	core	809	2	0	0	2
SC_RS32325	SCO6018	SC_RS32325	6600024	6601049	+	protein_coding	core	1026	1	0	1	1
SC_RS32330	SCO6019	SC_RS32330	6601234	6602355	+	protein_coding	core	1122	1	0	0	1
SC_RS32335	SCO6020	SC_RS32335	6602452	6603552	-	protein_coding	core	1101	0	0	0	0
SC_RS32340	SCO6021	SC_RS32340	6603996	6605621	+	protein_coding	core	1626	0	0	0	0
SC_RS32345	SCO6022	SC_RS32345	6605637	6607259	+	protein_coding	core	1623	0	0	0	0
SC_RS32350	SCO6023	SC_RS32350	6607256	6609016	+	protein_coding	core	1761	0	0	0	0
SC_RS32355	SCO6024	SC_RS32355	6609013	6611106	+	protein_coding	core	2094	1	0	0	1
SC_RS32360	SCO6025	SC_RS32360	6611138	6613105	+	protein_coding	core	1968	1	0	1	1
SC_RS32365	SCO6026	SC_RS32365	6613171	6615300	-	protein_coding	core	2130	2	0	0	2
SC_RS32370	SCO6027	SC_RS32370	6615297	6616514	-	protein_coding	core	1218	1	0	1	1
SC_RS32375	SCO6028	SC_RS32375	6616708	6617994	-	protein_coding	core	1287	1	0	0	1
SC_RS32380	SCO6029	SC_RS32380	6618177	6618839	-	protein_coding	core	663	1	0	0	1
SC_RS32385	SCO6030	SC_RS32385	6619133	6619849	-	protein_coding	core	717	0	0	0	0
SC_RS32390	SCO6031	hemE	6620001	6621068	+	protein_coding	core	1068	0	0	0	0
SC_RS32395	SCO6032	SC_RS32395	6621097	6622617	-	protein_coding	core	1521	0	0	0	0
SC_RS32400	SCO6033	SC_RS32400	6623033	6624127	+	protein_coding	core	1095	2	0	0	2
SC_RS32405	SCO6034	SC_RS32405	6624109	6625437	+	protein_coding	core	1329	2	0	1	2
SC_RS32410	SCO6035	SC_RS32410	6625434	6626642	+	protein_coding	core	1209	2	1	1	2
SC_RS32415	SCO6036	SC_RS32415	6626635	6627204	+	protein_coding	core	570	2	0	0	2
SC_RS32420	SCO6037	SC_RS32420	6627211	6628443	+	protein_coding	core	1233	2	0	0	2
SC_RS32425	SCO6038	SC_RS32425	6628480	6629298	-	protein_coding	core	819	1	0	0	1
SC_RS32430		SC_RS32430	6629434	6629790	+	protein_coding	core	357	2	0	0	2
SC_RS32435	SCO6039	SC_RS32435	6629805	6631202	-	protein_coding	core	1398	3	1	1	3
SC_RS32440	SCO6040	SC_RS32440	6631230	6632213	-	protein_coding	core	984	3	0	2	3
SC_RS32445	SCO6041	hemG	6632494	6633978	+	protein_coding	core	1485	4	1	0	4+
SC_RS32450	SCO6042	hemQ	6633983	6634714	+	protein_coding	core	732	2	0	0	2
SC_RS32455	SCO6043	SC_RS32455	6634715	6636316	-	protein_coding	core	1602	1	0	1	1
SC_RS32460	SCO6044	SC_RS32460	6636431	6637228	-	protein_coding	core	798	1	0	0	1
SC_RS32465	SCO6045	SC_RS32465	6637343	6638659	-	protein_coding	core	1317	0	0	0	0
SC_RS32470	SCO6046	SC_RS32470	6638803	6639552	-	protein_coding	core	750	0	0	0	0
SC_RS32475	SCO6047	SC_RS32475	6639597	6640451	+	protein_coding	core	855	1	0	0	1
SC_RS32480	SCO6048	SC_RS32480	6640448	6641122	+	protein_coding	core	675	1	0	0	1
SC_RS32485	SCO6049	SC_RS32485	6641114	6641344	-	protein_coding	core	231	1	0	0	1
SC_RS32490	SCO6050	SC_RS32490	6641362	6642231	-	protein_coding	core	870	1	0	1	1
SC_RS32495	SCO6051	SC_RS32495	6642322	6643845	-	protein_coding	core	1524	1	0	0	1
SC_RS32500	SCO6052	SC_RS32500	6643915	6645312	-	protein_coding	core	1398	0	0	0	0
SC_RS32505	SCO6053	SC_RS32505	6645402	6646190	-	protein_coding	core	789	0	0	0	0
SC_RS32510	SCO6054	SC_RS32510	6646291	6647781	-	protein_coding	core	1491	0	0	0	0
SC_RS32515	SCO6055	SC_RS32515	6647790	6648371	-	protein_coding	core	582	0	0	0	0
SC_RS32520	SCO6056	SC_RS32520	6648450	6648851	-	protein_coding	core	402	0	0	0	0
SC_RS32525	SCO6057	zapE	6649041	6650153	-	protein_coding	core	1113	0	0	0	0
SC_RS32530	SCO6058	SC_RS32530	6650674	6651471	+	protein_coding	core	798	0	0	0	0
SC_RS32535	SCO6059	SC_RS32535	6651688	6652161	+	protein_coding	core	474	0	0	0	0
SC_RS32540	SCO6060	murC	6652235	6653623	+	protein_coding	core	1389	0	0	0	0
SC_RS32545	SCO6061	msrB	6653637	6654044	+	protein_coding	core	408	0	0	0	0
SC_RS32550	SCO6062	SC_RS32550	6654289	6655458	+	protein_coding	core	1170	0	0	0	0
SC_RS32555	SCO6063	SC_RS32555	6655455	6656168	+	protein_coding	core	714	0	0	0	0
SC_RS32560	SCO6064	SC_RS32560	6656165	6656830	+	protein_coding	core	666	0	0	0	0
SC_RS32565	SCO6065	SC_RS32565	6656904	6657866	+	protein_coding	core	963	0	0	0	0
SC_RS32570	SCO6066	SC_RS32570	6657898	6658509	-	protein_coding	core	612	0	0	0	0
SC_RS32575	SCO6067	SC_RS32575	6658496	6658855	-	protein_coding	core	360	0	0	0	0
SC_RS32580	SCO6068	SC_RS32580	6658857	6659276	-	protein_coding	core	420	0	0	0	0
SC_RS32585	SCO6069	SC_RS32585	6659273	6661906	-	protein_coding	core	2634	1	0	0	1
SC_RS32590	SCO6070	SC_RS32590	6661975	6662988	-	protein_coding	core	1014	1	0	1	1
SC_RS32595	SCO6071	cprB	6663344	6663991	+	protein_coding	core	648	1	1	0	1
SC_RS32600		SC_RS32600	6664852	6666069	+	protein_coding	core	1218	1	0	0	1
SC_RS32605	SCO6073	cyc2	6666219	6668399	+	protein_coding	core	2181	1	0	1	1
SC_RS32610	SCO6074	SC_RS32610	6668483	6669124	+	protein_coding	core	642	1	1	0	1
SC_RS32615	SCO6075	SC_RS32615	6669117	6669872	-	protein_coding	core	756	2	0	0	2
SC_RS32620	SCO6076	SC_RS32620	6670057	6671187	+	protein_coding	core	1131	2	0	0	2
SC_RS32625	SCO6077	SC_RS32625	6671244	6672188	+	protein_coding	core	945	1	0	1	1
SC_RS32630	SCO6078	treZ	6672199	6673944	-	protein_coding	core	1746	1	0	0	1
SC_RS32635	SCO6079	SC_RS32635	6674122	6674673	+	protein_coding	core	552	0	0	0	0
SC_RS32640	SCO6080	SC_RS32640	6674899	6676224	+	protein_coding	core	1326	0	0	0	0
SC_RS32645	SCO6081	treY	6676232	6678649	-	protein_coding	core	2418	0	0	0	0
SC_RS32650	SCO6082	glgX	6678718	6680826	-	protein_coding	core	2109	1	0	0	1
SC_RS32655	SCO6083	SC_RS32655	6681383	6682630	+	protein_coding	core	1248	1	0	1	1
SC_RS32660	SCO6084	SC_RS32660	6682745	6683479	+	protein_coding	core	735	1	0	0	1
SC_RS32665	SCO6085	SC_RS32665	6683518	6684384	-	protein_coding	core	867	1	0	0	1
SC_RS32670	SCO6086	SC_RS32670	6684546	6685493	+	protein_coding	core	948	0	0	0	0
SC_RS32675	SCO6087	SC_RS32675	6685490	6686323	+	protein_coding	core	834	0	0	0	0
SC_RS32680	SCO6088	SC_RS32680	6686323	6687615	+	protein_coding	core	1293	0	0	0	0
SC_RS32685	SCO6089	erm(O)	6687926	6688708	+	protein_coding	core	783	0	0	0	0
SC_RS32690	SCO6090	mgt	6688705	6689961	+	protein_coding	core	1257	0	0	0	0
SC_RS32695	SCO6091	SC_RS32695	6690041	6692311	-	protein_coding	core	2271	0	0	0	0
SC_RS32700	SCO6092	SC_RS32700	6692660	6693208	+	protein_coding	core	549	0	0	0	0
SC_RS32705	SCO6093	SC_RS32705	6693222	6693968	-	protein_coding	core	747	0	0	0	0
SC_RS32710	SCO6094	SC_RS32710	6693977	6694888	-	protein_coding	core	912	0	0	0	0
SC_RS32715	SCO6095	SC_RS32715	6694875	6695669	-	protein_coding	core	795	1	0	0	1
SC_RS32720	SCO6096	SC_RS32720	6695702	6696805	-	protein_coding	core	1104	1	0	0	1
SC_RS32725	SCO6097	SC_RS32725	6697066	6698421	-	protein_coding	core	1356	1	0	1	1
SC_RS32730	SCO6098	cysD	6698424	6699362	-	protein_coding	core	939	1	0	0	1
SC_RS32735	SCO6099	cysC	6699359	6700003	-	protein_coding	core	645	1	0	0	1
SC_RS32740	SCO6100	SC_RS32740	6700005	6700715	-	protein_coding	core	711	0	0	0	0
SC_RS32745	SCO6101	SC_RS32745	6700712	6700891	-	protein_coding	core	180	0	0	0	0
SC_RS32750	SCO6102	sirA	6700888	6702585	-	protein_coding	core	1698	0	0	0	0
SC_RS32755		SC_RS32755	6702736	6702819	-	protein_coding	core	84	0	0	0	0
SC_RS32760	SCO6103	SC_RS32760	6702969	6703541	-	protein_coding	core	573	0	0	0	0
SC_RS32765	SCO6104	SC_RS32765	6703618	6704931	-	protein_coding	core	1314	0	0	0	0
SC_RS32770	SCO6105	SC_RS32770	6705148	6706437	-	protein_coding	core	1290	0	0	0	0
SC_RS32775	SCO6106	SC_RS32775	6706680	6708353	-	protein_coding	core	1674	1	0	0	1
SC_RS32780	SCO6107	SC_RS32780	6708454	6709614	+	protein_coding	core	1161	2	0	1	2
SC_RS32785	SCO6108	fusH	6709861	6711471	+	protein_coding	core	1611	2	0	0	2
SC_RS32790	SCO6109	SC_RS32790	6711507	6713030	+	protein_coding	core	1524	1	0	1	1
SC_RS32795	SCO6110	SC_RS32795	6713089	6714015	-	protein_coding	core	927	1	0	0	1
SC_RS32800	SCO6111	SC_RS32800	6714012	6715769	-	protein_coding	core	1758	0	0	0	0
SC_RS32805	SCO6112	SC_RS32805	6715766	6716659	-	protein_coding	core	894	0	0	0	0
SC_RS32810	SCO6113	SC_RS32810	6716656	6717615	-	protein_coding	core	960	0	0	0	0
SC_RS32815	SCO6114	SC_RS32815	6717677	6719485	-	protein_coding	core	1809	0	0	0	0
SC_RS32820	SCO6115	SC_RS32820	6719695	6720918	+	protein_coding	core	1224	1	0	0	1
SC_RS32825	SCO6116	SC_RS32825	6720968	6722509	+	protein_coding	core	1542	1	0	1	1
SC_RS32830	SCO6117	SC_RS32830	6722506	6723300	+	protein_coding	core	795	1	0	0	1
SC_RS32835	SCO6118	SC_RS32835	6723358	6724296	+	protein_coding	core	939	1	0	0	1
SC_RS32840	SCO6119	SC_RS32840	6724307	6724990	+	protein_coding	core	684	0	0	0	0
SC_RS32845	SCO6120	SC_RS32845	6725136	6725624	+	protein_coding	core	489	0	0	0	0
SC_RS32850	SCO6121	SC_RS32850	6725692	6726270	-	protein_coding	core	579	0	0	0	0
SC_RS32855	SCO6122	SC_RS32855	6726363	6726809	+	protein_coding	core	447	0	0	0	0
SC_RS32860	SCO6123	SC_RS32860	6726883	6727275	-	protein_coding	core	393	0	0	0	0
SC_RS32865		SC_RS32865	6727376	6727561	-	protein_coding	core	186	0	0	0	0
SC_RS32870	SCO6124	SC_RS32870	6727703	6728032	+	protein_coding	core	330	0	0	0	0
SC_RS32875	SCO6125	SC_RS32875	6728081	6728752	+	protein_coding	core	672	0	0	0	0
SC_RS32880	SCO6126	SC_RS32880	6728774	6729088	-	protein_coding	core	315	0	0	0	0
SC_RS32885	SCO6127	SC_RS32885	6729231	6730739	+	protein_coding	core	1509	0	0	0	0
SC_RS32890	SCO6128	SC_RS32890	6730693	6730926	-	protein_coding	core	234	0	0	0	0
SC_RS32895	SCO6129	SC_RS32895	6730923	6731741	-	protein_coding	core	819	0	0	0	0
SC_RS32900	SCO6130	SC_RS32900	6731827	6732270	+	protein_coding	core	444	2	0	0	2
SC_RS32905	SCO6131	dacB	6732336	6733691	-	protein_coding	core	1356	2	2	0	2
SC_RS32910	SCO6132	SC_RS32910	6733884	6734480	-	protein_coding	core	597	2	0	2	2
SC_RS32915	SCO6133	SC_RS32915	6734477	6735859	-	protein_coding	core	1383	2	0	0	2
SC_RS32920	SCO6134	SC_RS32920	6735856	6736854	-	protein_coding	core	999	2	0	0	2
SC_RS32925	SCO6135	SC_RS32925	6736851	6737525	-	protein_coding	core	675	0	0	0	0
SC_RS32930	SCO6136	SC_RS32930	6737522	6738478	-	protein_coding	core	957	0	0	0	0
SC_RS32935	SCO6137	mmuM	6738552	6739466	-	protein_coding	core	915	0	0	0	0
SC_RS32940	SCO6138	SC_RS32940	6739627	6740469	+	protein_coding	core	843	0	0	0	0
SC_RS32945	SCO6139	SC_RS32945	6740466	6741632	+	protein_coding	core	1167	1	0	0	1
SC_RS32950	SCO6140	SC_RS32950	6741629	6742288	+	protein_coding	core	660	1	0	0	1
SC_RS32955	SCO6141	SC_RS32955	6742307	6742843	-	protein_coding	core	537	3	0	1	3
SC_RS32960	SCO6142	SC_RS32960	6742964	6743446	+	protein_coding	core	483	4	1	0	4+
SC_RS32965	SCO6143	SC_RS32965	6743443	6744198	+	protein_coding	core	756	4	0	0	4+
SC_RS32970	SCO6144	SC_RS32970	6744201	6744770	-	protein_coding	core	570	5	1	2	4+
SC_RS32975	SCO6145	SC_RS32975	6744922	6746640	+	protein_coding	core	1719	4	2	2	4+
SC_RS32980	SCO6146	SC_RS32980	6746637	6747161	+	protein_coding	core	525	2	1	0	2
SC_RS32985	SCO6147	aldO	6747192	6748448	-	protein_coding	core	1257	2	0	0	2
SC_RS32990	SCO6148	SC_RS32990	6748555	6749883	+	protein_coding	core	1329	0	0	0	0
SC_RS32995	SCO6149	rsgA	6750131	6751231	+	protein_coding	core	1101	0	0	0	0
SC_RS33000	SCO6150	SC_RS33000	6751253	6752737	+	protein_coding	core	1485	2	0	0	2
SC_RS33005	SCO6151	SC_RS33005	6752734	6753294	+	protein_coding	core	561	2	0	1	2
SC_RS33010	SCO6152	SC_RS33010	6753257	6753739	-	protein_coding	core	483	2	0	2	2
SC_RS33015	SCO6153	SC_RS33015	6753801	6754784	-	protein_coding	core	984	2	0	0	2
SC_RS33020		SC_RS33020	6755074	6756879	+	protein_coding	core	1806	2	0	0	2
SC_RS33025	SCO6155	SC_RS33025	6756908	6758650	+	protein_coding	core	1743	0	0	0	0
SC_RS33030	SCO6156	SC_RS33030	6758794	6759201	+	protein_coding	core	408	0	0	0	0
SC_RS33035	SCO6157	SC_RS33035	6759259	6760323	-	protein_coding	core	1065	1	0	0	1
SC_RS33040	SCO6158	SC_RS33040	6760581	6761426	-	protein_coding	core	846	1	0	0	1
SC_RS33045	SCO6159	SC_RS33045	6761595	6762416	+	protein_coding	core	822	1	0	1	1
SC_RS33050	SCO6160	secD	6762662	6765049	-	protein_coding	core	2388	1	0	0	1
SC_RS33055	SCO6161	SC_RS33055	6765129	6765518	-	protein_coding	core	390	0	0	0	0
SC_RS33060	SCO6162	SC_RS33060	6765623	6766405	-	protein_coding	core	783	0	0	0	0
SC_RS33065	SCO6163	SC_RS33065	6766414	6767361	-	protein_coding	core	948	0	0	0	0
SC_RS33070	SCO6164	SC_RS33070	6767705	6768031	+	protein_coding	core	327	0	0	0	0
SC_RS33075	SCO6165	SC_RS33075	6768098	6768478	+	protein_coding	core	381	0	0	0	0
SC_RS33080	SCO6166	SC_RS33080	6768475	6769299	+	protein_coding	core	825	0	0	0	0
SC_RS33085		SC_RS33085	6770134	6770778	+	protein_coding	core	645	1	0	0	1
SC_RS33090	SCO6168	SC_RS33090	6770801	6771589	-	protein_coding	core	789	1	1	0	1
SC_RS33095	SCO6169	SC_RS33095	6771761	6773470	-	protein_coding	core	1710	1	0	1	1
SC_RS33100	SCO6170	SC_RS33100	6773787	6774677	+	protein_coding	core	891	1	0	0	1
SC_RS33105	SCO6171	SC_RS33105	6774677	6775267	+	protein_coding	core	591	0	0	0	0
SC_RS33110	SCO6172	SC_RS33110	6775270	6777756	+	protein_coding	core	2487	0	0	0	0
SC_RS33115	SCO6173	SC_RS33115	6777908	6779365	+	protein_coding	core	1458	0	0	0	0
SC_RS33120	SCO6174	SC_RS33120	6779417	6780604	+	protein_coding	core	1188	0	0	0	0
SC_RS33125	SCO6175	SC_RS33125	6780609	6781592	+	protein_coding	core	984	0	0	0	0
SC_RS33130	SCO6176	SC_RS33130	6781601	6782482	-	protein_coding	core	882	0	0	0	0
SC_RS33135	SCO6177	SC_RS33135	6782568	6783008	-	protein_coding	core	441	0	0	0	0
SC_RS33140	SCO6178	SC_RS33140	6783029	6783853	-	protein_coding	core	825	1	0	0	1
SC_RS33145	SCO6179	SC_RS33145	6783983	6784975	+	protein_coding	core	993	2	0	0	2
SC_RS33150	SCO6180	SC_RS33150	6785096	6786736	+	protein_coding	core	1641	3	0	2	3
SC_RS33155	SCO6181	SC_RS33155	6786733	6787767	+	protein_coding	core	1035	4	0	1	4+
SC_RS33160	SCO6182	SC_RS33160	6787764	6788621	+	protein_coding	core	858	3	1	0	3
SC_RS33165	SCO6183	SC_RS33165	6788618	6789625	+	protein_coding	core	1008	2	0	1	2
SC_RS33170	SCO6184	SC_RS33170	6789622	6790572	+	protein_coding	core	951	1	1	0	1
SC_RS33175	SCO6185	SC_RS33175	6790569	6791789	+	protein_coding	core	1221	1	0	0	1
SC_RS33180	SCO6186	SC_RS33180	6791786	6792481	+	protein_coding	core	696	0	0	0	0
SC_RS33185	SCO6187	rfaE2	6792490	6793869	+	protein_coding	core	1380	0	0	0	0
SC_RS33190		SC_RS33190	6794550	6795566	+	protein_coding	core	1017	0	0	0	0
SC_RS33195	SCO6189	SC_RS33195	6795563	6796516	+	protein_coding	core	954	0	0	0	0
SC_RS33200	SCO6190	SC_RS33200	6796513	6797409	+	protein_coding	core	897	0	0	0	0
SC_RS33205	SCO6191	SC_RS33205	6797459	6798373	-	protein_coding	core	915	0	0	0	0
SC_RS33210	SCO6192	SC_RS33210	6798812	6799918	+	protein_coding	core	1107	0	0	0	0
SC_RS33215	SCO6193	SC_RS33215	6800241	6803072	-	protein_coding	core	2832	0	0	0	0
SC_RS33220	SCO6194	SC_RS33220	6803232	6804071	-	protein_coding	core	840	0	0	0	0
SC_RS33225	SCO6195	ibuL	6804196	6805872	+	protein_coding	core	1677	0	0	0	0
SC_RS33230	SCO6196	lbuL	6805869	6807494	+	protein_coding	core	1626	0	0	0	0
SC_RS33235	SCO6197	SC_RS33235	6807680	6808222	-	protein_coding	core	543	0	0	0	0
SC_RS33240	SCO6198	SC_RS33240	6808799	6812269	+	protein_coding	core	3471	0	0	0	0
SC_RS33245	SCO6199	SC_RS33245	6812501	6814648	+	protein_coding	core	2148	1	0	0	1
SC_RS33250	SCO6200	SC_RS33250	6814657	6815349	-	protein_coding	core	693	1	0	0	1
SC_RS33255	SCO6201	gcl	6815497	6817281	+	protein_coding	core	1785	2	0	1	2
SC_RS33260	SCO6202	SC_RS33260	6817450	6818094	-	protein_coding	core	645	2	0	0	2
SC_RS33265	SCO6203	SC_RS33265	6818162	6818422	-	protein_coding	core	261	1	0	0	1
SC_RS33270	SCO6204	SC_RS33270	6818863	6820326	-	protein_coding	core	1464	1	0	1	1
SC_RS33275	SCO6205	SC_RS33275	6820531	6821421	-	protein_coding	core	891	1	0	0	1
SC_RS33280	SCO6206	SC_RS33280	6821469	6822308	-	protein_coding	core	840	0	0	0	0
SC_RS33285	SCO6207	SC_RS33285	6822451	6822717	+	protein_coding	core	267	0	0	0	0
SC_RS33290	SCO6208	SC_RS33290	6822714	6823082	+	protein_coding	core	369	0	0	0	0
SC_RS33295	SCO6209	uraD	6823232	6823747	+	protein_coding	core	516	0	0	0	0
SC_RS33300	SCO6210	uraH	6823744	6824145	+	protein_coding	core	402	0	0	0	0
SC_RS33305	SCO6211	pucL	6824153	6825088	+	protein_coding	core	936	0	0	0	0
SC_RS33310	SCO6212	SC_RS33310	6825153	6826568	+	protein_coding	core	1416	0	0	0	0
SC_RS33315	SCO6213	SC_RS33315	6826642	6828039	+	protein_coding	core	1398	0	0	0	0
SC_RS33320	SCO6214	SC_RS33320	6828295	6829683	+	protein_coding	core	1389	0	0	0	0
SC_RS33330	SCO6216	SC_RS33330	6830158	6830580	-	protein_coding	core	423	0	0	0	0
SC_RS33335	SCO6217	SC_RS33335	6830637	6831287	-	protein_coding	core	651	2	0	0	2
SC_RS33340	SCO6218	SC_RS33340	6831346	6831945	-	protein_coding	core	600	2	0	0	2
SC_RS33345	SCO6219	SC_RS33345	6832135	6835920	+	protein_coding	core	3786	2	0	2	2
SC_RS33350	SCO6220	SC_RS33350	6836057	6842608	+	protein_coding	core	6552	2	0	2	2
SC_RS33355	SCO6221	SC_RS33355	6842700	6843161	+	protein_coding	core	462	1	0	0	1
SC_RS33360	SCO6222	SC_RS33360	6843172	6844380	-	protein_coding	core	1209	0	0	0	0
SC_RS33365	SCO6223	SC_RS33365	6844468	6845118	+	protein_coding	core	651	0	0	0	0
SC_RS33370	SCO6224	SC_RS33370	6845172	6845987	-	protein_coding	core	816	0	0	0	0
SC_RS33375	SCO6225	SC_RS33375	6845987	6847252	-	protein_coding	core	1266	0	0	0	0
SC_RS33380	SCO6226	SC_RS33380	6847315	6848841	-	protein_coding	core	1527	0	0	0	0
SC_RS33385	SCO6227	SC_RS33385	6848969	6850522	+	protein_coding	core	1554	0	0	0	0
SC_RS33390	SCO6228	SC_RS33390	6850590	6851204	+	protein_coding	core	615	0	0	0	0
SC_RS33395	SCO6229	SC_RS33395	6851212	6852093	-	protein_coding	core	882	0	0	0	0
SC_RS33400	SCO6230	SC_RS33400	6852090	6853064	-	protein_coding	core	975	0	0	0	0
SC_RS33405	SCO6231	SC_RS33405	6853107	6854429	-	protein_coding	core	1323	0	0	0	0
SC_RS33410	SCO6232	SC_RS33410	6854701	6857163	+	protein_coding	core	2463	0	0	0	0
SC_RS33415	SCO6233	SC_RS33415	6857160	6858188	+	protein_coding	core	1029	0	0	0	0
SC_RS33420	SCO6234	SC_RS33420	6858440	6859594	+	protein_coding	core	1155	0	0	0	0
SC_RS33425	SCO6235	SC_RS33425	6859658	6859903	-	protein_coding	core	246	0	0	0	0
SC_RS33430	SCO6236	SC_RS33430	6859900	6860733	-	protein_coding	core	834	0	0	0	0
SC_RS33435	SCO6237	SC_RS33435	6860882	6861364	+	protein_coding	core	483	0	0	0	0
SC_RS33440	SCO6238	SC_RS33440	6861417	6862082	+	protein_coding	core	666	0	0	0	0
SC_RS33445	SCO6239	sigJ	6862307	6863275	-	protein_coding	core	969	0	0	0	0
SC_RS33450	SCO6240	SC_RS33450	6863358	6864092	-	protein_coding	core	735	0	0	0	0
SC_RS33455	SCO6241	SC_RS33455	6864326	6864658	+	protein_coding	core	333	0	0	0	0
SC_RS33460	SCO6242	SC_RS33460	6864755	6865669	+	protein_coding	core	915	0	0	0	0
SC_RS33465	SCO6243	aceB	6865736	6867358	-	protein_coding	core	1623	0	0	0	0
SC_RS33470	SCO6244	SC_RS33470	6867543	6868166	-	protein_coding	core	624	0	0	0	0
SC_RS33475	SCO6245	SC_RS33475	6868320	6868634	+	protein_coding	core	315	0	0	0	0
SC_RS33480	SCO6246	allR	6868657	6869469	-	protein_coding	core	813	0	0	0	0
SC_RS33485	SCO6247	allB	6869725	6871062	+	protein_coding	core	1338	1	0	0	1
SC_RS33490	SCO6248	alc	6871127	6872257	+	protein_coding	core	1131	2	0	0	2
SC_RS33495	SCO6249	SC_RS33495	6872329	6873105	-	protein_coding	core	777	2	1	1	2
SC_RS33500	SCO6250	SC_RS33500	6873230	6873760	+	protein_coding	core	531	2	1	1	2
SC_RS33505	SCO6251	SC_RS33505	6873849	6874406	+	protein_coding	core	558	2	1	0	2
SC_RS33510	SCO6252	SC_RS33510	6874704	6874904	-	protein_coding	core	201	2	0	0	2
SC_RS33515	SCO6253	SC_RS33515	6875083	6876336	+	protein_coding	core	1254	1	0	0	1
SC_RS33520	SCO6254	SC_RS33520	6876381	6877070	+	protein_coding	core	690	0	0	0	0
SC_RS33525	SCO6255	SC_RS33525	6877162	6878175	-	protein_coding	core	1014	0	0	0	0
SC_RS33530	SCO6256	SC_RS33530	6878304	6879041	+	protein_coding	core	738	0	0	0	0
SC_RS33535	SCO6257	SC_RS33535	6879297	6880301	+	protein_coding	core	1005	0	0	0	0
SC_RS33540	SCO6258	SC_RS33540	6880298	6881338	+	protein_coding	core	1041	0	0	0	0
SC_RS33545	SCO6259	SC_RS33545	6881335	6882126	+	protein_coding	core	792	0	0	0	0
SC_RS33550	SCO6260	SC_RS33550	6882242	6883390	+	protein_coding	core	1149	0	0	0	0
SC_RS33555	SCO6261	SC_RS33555	6883387	6883968	+	protein_coding	core	582	0	0	0	0
SC_RS33560	SCO6262	SC_RS33560	6884138	6887071	+	protein_coding	core	2934	1	0	1	1
SC_RS33565	SCO6263	SC_RS33565	6887515	6889461	+	protein_coding	core	1947	1	0	0	1
SC_RS33570	SCO6264	scbB	6889624	6890412	+	protein_coding	core	789	0	0	0	0
SC_RS33575	SCO6265	SC_RS33575	6890528	6891175	-	protein_coding	core	648	0	0	0	0
SC_RS33580	SCO6266	scbA	6891293	6892237	+	protein_coding	core	945	0	0	0	0
SC_RS33585	SCO6267	scbC	6892353	6893207	+	protein_coding	core	855	0	0	0	0
SC_RS33590	SCO6268	SC_RS33590	6893258	6894079	-	protein_coding	core	822	0	0	0	0
SC_RS33595	SCO6269	SC_RS33595	6894148	6895200	-	protein_coding	core	1053	0	0	0	0
SC_RS33600	SCO6270	SC_RS33600	6895193	6897085	-	protein_coding	core	1893	0	0	0	0
SC_RS33605	SCO6271	SC_RS33605	6897089	6898861	-	protein_coding	core	1773	1	0	0	1
SC_RS33610	SCO6272	SC_RS33610	6899170	6900822	+	protein_coding	core	1653	1	0	1	1
SC_RS33615	SCO6273	SC_RS33615	6900898	6907317	-	protein_coding	core	6420	2	0	1	2
SC_RS33625	SCO6275	SC_RS33625	6918286	6931959	-	protein_coding	core	13674	3	0	3	3
SC_RS33630	SCO6276	SC_RS33630	6932285	6933607	+	protein_coding	core	1323	1	0	0	1
SC_RS33635	SCO6277	SC_RS33635	6933604	6934464	+	protein_coding	core	861	0	0	0	0
SC_RS33640	SCO6278	SC_RS33640	6934507	6936138	+	protein_coding	core	1632	0	0	0	0
SC_RS33645	SCO6279	SC_RS33645	6936149	6937705	+	protein_coding	core	1557	0	0	0	0
SC_RS33650	SCO6280	SC_RS33650	6938024	6939643	+	protein_coding	core	1620	1	0	0	1
SC_RS33655	SCO6281	SC_RS33655	6939907	6941544	+	protein_coding	core	1638	1	0	1	1
SC_RS33660	SCO6282	SC_RS33660	6941746	6942516	-	protein_coding	core	771	1	0	0	1
SC_RS33665	SCO6283	SC_RS33665	6942661	6943506	+	protein_coding	core	846	0	0	0	0
SC_RS33670	SCO6284	SC_RS33670	6943673	6945265	+	protein_coding	core	1593	0	0	0	0
SC_RS33675	SCO6285	SC_RS33675	6945280	6945543	+	protein_coding	core	264	0	0	0	0
SC_RS33680	SCO6286	SC_RS33680	6945705	6946379	-	protein_coding	core	675	0	0	0	0
SC_RS33685	SCO6287	SC_RS33685	6946617	6947423	+	protein_coding	core	807	0	0	0	0
SC_RS33690	SCO6288	SC_RS33690	6947569	6948414	+	protein_coding	core	846	0	0	0	0
SC_RS33695	SCO6289	SC_RS33695	6948595	6949758	+	protein_coding	core	1164	0	0	0	0
SC_RS33700	SCO6290	SC_RS33700	6949755	6950009	+	protein_coding	core	255	0	0	0	0
SC_RS33705	SCO6291	SC_RS33705	6950002	6951537	+	protein_coding	core	1536	0	0	0	0
SC_RS33710	SCO6292	SC_RS33710	6951534	6952430	+	protein_coding	core	897	0	0	0	0
SC_RS33715	SCO6293	SC_RS33715	6952433	6953434	+	protein_coding	core	1002	0	0	0	0
SC_RS33720	SCO6294	SC_RS33720	6953679	6954356	-	protein_coding	core	678	0	0	0	0
SC_RS33725	SCO6295	SC_RS33725	6954616	6956604	+	protein_coding	core	1989	1	0	0	1
SC_RS33730	SCO6296	SC_RS33730	6956543	6957022	-	protein_coding	core	480	1	1	0	1
SC_RS33735	SCO6297	SC_RS33735	6957019	6957975	-	protein_coding	core	957	1	0	1	1
SC_RS33740	SCO6298	SC_RS33740	6957972	6958898	-	protein_coding	core	927	1	0	0	1
SC_RS33745	SCO6299	SC_RS33745	6958987	6959844	-	protein_coding	core	858	1	0	0	1
SC_RS33750	SCO6300	SC_RS33750	6959963	6961810	-	protein_coding	core	1848	0	0	0	0
SC_RS33760	SCO6303	SC_RS33760	6962349	6963320	-	protein_coding	core	972	0	0	0	0
SC_RS33765	SCO6304	SC_RS33765	6963368	6964300	-	protein_coding	core	933	0	0	0	0
SC_RS33770	SCO6305	SC_RS33770	6964306	6965304	-	protein_coding	core	999	0	0	0	0
SC_RS33775	SCO6306	SC_RS33775	6965355	6966485	-	protein_coding	core	1131	0	0	0	0
SC_RS33780	SCO6307	SC_RS33780	6966512	6967474	-	protein_coding	core	963	1	0	0	1
SC_RS33785	SCO6308	SC_RS33785	6967471	6968472	-	protein_coding	core	1002	1	1	0	1
SC_RS33790	SCO6309	SC_RS33790	6968600	6969571	+	protein_coding	core	972	1	0	1	1
SC_RS33795	SCO6310	SC_RS33795	6970033	6971376	+	protein_coding	core	1344	1	0	0	1
SC_RS33800	SCO6311	SC_RS33800	6971557	6971979	+	protein_coding	core	423	0	0	0	0
SC_RS33805	SCO6312	SC_RS33805	6972028	6972675	-	protein_coding	core	648	0	0	0	0
SC_RS33810	SCO6313	SC_RS33810	6972975	6974066	-	protein_coding	core	1092	0	0	0	0
SC_RS33815	SCO6318	SC_RS33815	6975868	6976401	-	protein_coding	core	534	0	0	0	0
SC_RS33820	SCO6319	SC_RS33820	6976897	6977634	+	protein_coding	core	738	0	0	0	0
SC_RS33825	SCO6320	SC_RS33825	6977697	6979403	-	protein_coding	core	1707	0	0	0	0
SC_RS33830	SCO6321	SC_RS33830	6980436	6981524	+	protein_coding	core	1089	0	0	0	0
SC_RS33840		SC_RS33840	6982905	6983147	+	protein_coding	core	243	0	0	0	0
SC_RS33845	SCO6323	SC_RS33845	6983231	6983887	-	protein_coding	core	657	0	0	0	0
SC_RS33850	SCO6324	SC_RS33850	6984273	6984983	+	protein_coding	core	711	0	0	0	0
SC_RS33860	SCO6326	SC_RS33860	6986787	6987242	-	protein_coding	core	456	0	0	0	0
SC_RS33865	SCO6327	SC_RS33865	6987274	6987738	-	protein_coding	core	465	0	0	0	0
SC_RS33870	SCO6328	SC_RS33870	6987864	6988244	-	protein_coding	core	381	1	0	0	1
SC_RS33875	SCO6330	SC_RS33875	6988456	6989079	+	protein_coding	core	624	1	0	0	1
SC_RS33880	SCO6331	SC_RS33880	6989076	6990485	+	protein_coding	core	1410	1	0	1	1
SC_RS33885	SCO6332	SC_RS33885	6990537	6990734	-	protein_coding	core	198	1	0	0	1
SC_RS33890	SCO6333	SC_RS33890	6990876	6991409	-	protein_coding	core	534	1	0	0	1
SC_RS33895	SCO6334	SC_RS33895	6991755	6994433	-	protein_coding	core	2679	1	0	0	1
SC_RS33900		SC_RS33900	6994439	6994627	-	protein_coding	core	189	0	0	0	0
SC_RS33915	SCO6339	pcaDC	6998012	6999361	+	protein_coding	core	1350	0	0	0	0
SC_RS33920	SCO6340	SC_RS33920	6999405	7000040	+	protein_coding	core	636	0	0	0	0
SC_RS33925	SCO6341	SC_RS33925	7000095	7000874	+	protein_coding	core	780	0	0	0	0
SC_RS33930	SCO6342	SC_RS33930	7000969	7001376	+	protein_coding	core	408	0	0	0	0
SC_RS33935	SCO6344	SC_RS33935	7001616	7003223	-	protein_coding	core	1608	1	0	0	1
SC_RS33940	SCO6345	SC_RS33940	7003454	7004212	+	protein_coding	core	759	1	0	0	1
SC_RS33945	SCO6346	SC_RS33945	7004372	7004848	+	protein_coding	core	477	1	0	0	1
SC_RS33950	SCO6347	SC_RS33950	7004952	7006739	+	protein_coding	core	1788	1	1	0	1
SC_RS33955	SCO6348	SC_RS33955	7006807	7010859	-	protein_coding	core	4053	2	1	0	2
SC_RS33960	SCO6349	SC_RS33960	7011086	7012171	+	protein_coding	core	1086	1	0	1	1
SC_RS33965	SCO6350	SC_RS33965	7012204	7012788	-	protein_coding	core	585	2	0	0	2
SC_RS33970	SCO6351	SC_RS33970	7012868	7013566	+	protein_coding	core	699	2	0	0	2
SC_RS33980	SCO6353	SC_RS33980	7014907	7016286	-	protein_coding	core	1380	1	0	0	1
SC_RS33985	SCO6354	SC_RS33985	7016283	7016945	-	protein_coding	core	663	1	0	0	1
SC_RS33990	SCO6355	SC_RS33990	7016899	7017717	-	protein_coding	core	819	0	0	0	0
SC_RS33995	SCO6356	SC_RS33995	7017714	7018319	-	protein_coding	core	606	0	0	0	0
SC_RS34000	SCO6357	SC_RS34000	7018316	7018984	-	protein_coding	core	669	0	0	0	0
SC_RS34005	SCO6358	SC_RS34005	7019120	7019509	+	protein_coding	core	390	0	0	0	0
SC_RS34010	SCO6359	SC_RS34010	7019506	7020435	+	protein_coding	core	930	0	0	0	0
SC_RS34015	SCO6360	SC_RS34015	7020934	7021872	+	protein_coding	core	939	0	0	0	0
SC_RS34020	SCO6361	SC_RS34020	7021869	7022708	+	protein_coding	core	840	0	0	0	0
SC_RS34025	SCO6362	SC_RS34025	7022736	7024016	+	protein_coding	core	1281	1	0	0	1
SC_RS34030	SCO6363	SC_RS34030	7024013	7024681	+	protein_coding	core	669	1	0	0	1
SC_RS34035	SCO6364	SC_RS34035	7024745	7025473	-	protein_coding	core	729	1	0	1	1
SC_RS34040	SCO6365	SC_RS34040	7025526	7028168	-	protein_coding	core	2643	1	0	0	1
SC_RS34045	SCO6366	SC_RS34045	7028165	7028854	-	protein_coding	core	690	0	0	0	0
SC_RS34050	SCO6367	SC_RS34050	7028841	7029569	-	protein_coding	core	729	0	0	0	0
SC_RS34055	SCO6368	SC_RS34055	7029575	7030195	-	protein_coding	core	621	0	0	0	0
SC_RS34060	SCO6369	SC_RS34060	7030354	7031664	+	protein_coding	core	1311	0	0	0	0
SC_RS34065	SCO6370	SC_RS34065	7031672	7032706	-	protein_coding	core	1035	0	0	0	0
SC_RS34070	SCO6371	SC_RS34070	7032798	7033637	+	protein_coding	core	840	1	0	0	1
SC_RS34075	SCO6373	SC_RS34075	7034266	7035663	-	protein_coding	core	1398	2	0	1	2
SC_RS34080	SCO6374	SC_RS34080	7035788	7037224	-	protein_coding	core	1437	2	0	1	2
SC_RS34085	SCO6375	SC_RS34085	7037737	7038399	-	protein_coding	core	663	2	0	0	2
SC_RS34090	SCO6376	SC_RS34090	7038757	7039656	+	protein_coding	core	900	1	0	1	1
SC_RS34095	SCO6377	SC_RS34095	7039699	7040895	-	protein_coding	core	1197	1	0	0	1
SC_RS34105	SCO6379	SC_RS34105	7042054	7042737	-	protein_coding	core	684	1	0	0	1
SC_RS34115	SCO6381	SC_RS34115	7043724	7045040	-	protein_coding	core	1317	1	0	0	1
SC_RS34120		SC_RS34120	7046100	7046327	-	protein_coding	core	228	0	0	0	0
SC_RS34125	SCO6382	SC_RS34125	7046618	7047526	+	protein_coding	core	909	1	0	0	1
SC_RS34135	SCO6383	SC_RS34135	7048443	7049126	-	protein_coding	core	684	1	0	1	1
SC_RS34140	SCO6384	SC_RS34140	7049382	7051151	-	protein_coding	core	1770	1	0	0	1
SC_RS34145	SCO6385	SC_RS34145	7051526	7053478	-	protein_coding	core	1953	0	0	0	0
SC_RS34155	SCO6387	SC_RS34155	7054118	7054684	+	protein_coding	core	567	0	0	0	0
SC_RS34165	SCO6390	SC_RS34165	7056261	7057292	+	protein_coding	core	1032	0	0	0	0
SC_RS34170	SCO6391	SC_RS34170	7057809	7059026	+	protein_coding	core	1218	0	0	0	0
SC_RS34175	SCO6392	SC_RS34175	7059104	7060183	-	protein_coding	core	1080	2	0	0	2
SC_RS34180	SCO6393	istA	7060486	7061838	+	protein_coding	core	1353	2	0	2	2
SC_RS34185	SCO6394	istB	7061835	7062605	+	protein_coding	core	771	2	1	0	2
SC_RS34195	SCO6396	SC_RS34195	7063621	7064501	+	protein_coding	core	881	3	0	0	3
SC_RS34205	SCO6399	SC_RS34205	7065214	7065699	-	protein_coding	core	486	2	0	0	2
SC_RS34210	SCO6400	SC_RS34210	7066309	7067553	+	protein_coding	core	1245	2	0	1	2
SC_RS34215	SCO6401	SC_RS34215	7067605	7068132	-	protein_coding	core	528	1	0	0	1
SC_RS34220	SCO6405	SC_RS34220	7069508	7071526	+	protein_coding	core	2019	0	0	0	0
SC_RS34230	SCO6407	ggt	7071944	7073755	+	protein_coding	core	1812	0	0	0	0
SC_RS34235	SCO6408	SC_RS34235	7073756	7076284	-	protein_coding	core	2529	0	0	0	0
SC_RS34240	SCO6409	map	7076437	7077213	-	protein_coding	core	777	0	0	0	0
SC_RS34245	SCO6410	SC_RS34245	7077312	7077563	+	protein_coding	core	252	0	0	0	0
SC_RS34250	SCO6411	SC_RS34250	7077746	7078588	+	protein_coding	core	843	0	0	0	0
SC_RS34255	SCO6412	SC_RS34255	7078585	7079868	+	protein_coding	core	1284	0	0	0	0
SC_RS34260	SCO6413	SC_RS34260	7079908	7081521	+	protein_coding	core	1614	0	0	0	0
SC_RS34265	SCO6414	SC_RS34265	7081657	7082499	+	protein_coding	core	843	0	0	0	0
SC_RS34270	SCO6415	hydA	7082535	7083938	+	protein_coding	core	1404	1	0	0	1
SC_RS34275	SCO6416	SC_RS34275	7083950	7084972	+	protein_coding	core	1023	1	0	0	1
SC_RS34280	SCO6417	SC_RS34280	7085082	7086635	+	protein_coding	core	1554	1	0	1	1
SC_RS34285	SCO6418	SC_RS34285	7086736	7088364	-	protein_coding	core	1629	1	0	0	1
SC_RS34290	SCO6419	SC_RS34290	7088518	7089174	-	protein_coding	core	657	0	0	0	0
SC_RS34295	SCO6420	SC_RS34295	7089432	7090445	-	protein_coding	core	1014	0	0	0	0
SC_RS34300	SCO6421	SC_RS34300	7090613	7091761	+	protein_coding	core	1149	0	0	0	0
SC_RS34305	SCO6422	SC_RS34305	7091758	7092432	+	protein_coding	core	675	0	0	0	0
SC_RS34310	SCO6423	SC_RS34310	7092451	7093515	-	protein_coding	core	1065	0	0	0	0
SC_RS34315	SCO6424	SC_RS34315	7093614	7094582	-	protein_coding	core	969	0	0	0	0
SC_RS34320	SCO6425	SC_RS34320	7094757	7095527	+	protein_coding	core	771	0	0	0	0
SC_RS34325	SCO6426	SC_RS34325	7095676	7096188	+	protein_coding	core	513	0	0	0	0
SC_RS34330	SCO6427	SC_RS34330	7096185	7097480	+	protein_coding	core	1296	0	0	0	0
SC_RS34335	SCO6428	SC_RS34335	7097567	7104511	-	protein_coding	core	6945	1	0	1	1
SC_RS34340	SCO6429	SC_RS34340	7104914	7106290	+	protein_coding	core	1377	0	0	0	0
SC_RS34345	SCO6430	SC_RS34345	7106284	7108176	+	protein_coding	core	1893	1	0	0	1
SC_RS34350	SCO6431	SC_RS34350	7108264	7111779	+	protein_coding	core	3516	1	0	1	1
SC_RS34355	SCO6432	SC_RS34355	7111866	7116089	+	protein_coding	core	4224	2	0	0	2
SC_RS34360	SCO6433	SC_RS34360	7116086	7116493	+	protein_coding	core	408	2	0	0	2
SC_RS34365	SCO6434	SC_RS34365	7116513	7117874	+	protein_coding	core	1362	2	0	2	2
SC_RS34370	SCO6435	SC_RS34370	7117871	7118257	+	protein_coding	core	387	2	1	0	2
SC_RS34375	SCO6436	SC_RS34375	7118254	7119774	+	protein_coding	core	1521	2	1	0	2
SC_RS34380	SCO6437	SC_RS34380	7119848	7121122	+	protein_coding	core	1275	1	0	0	1
SC_RS34385	SCO6438	lysA	7121125	7122447	+	protein_coding	core	1323	1	0	1	1
SC_RS34390	SCO6439	SC_RS34390	7122416	7122844	-	protein_coding	core	429	1	0	0	1
SC_RS34395	SCO6440	SC_RS34395	7123131	7123883	+	protein_coding	core	753	1	0	0	1
SC_RS34400	SCO6441	SC_RS34400	7123886	7125292	+	protein_coding	core	1407	1	0	0	1
SC_RS34405	SCO6442	SC_RS34405	7125293	7126396	+	protein_coding	core	1104	0	0	0	0
SC_RS34410	SCO6443	SC_RS34410	7126477	7127388	+	protein_coding	core	912	0	0	0	0
SC_RS34415	SCO6444	SC_RS34415	7127545	7129407	+	protein_coding	core	1863	0	0	0	0
SC_RS34420	SCO6445	SC_RS34420	7129505	7130350	+	protein_coding	core	846	0	0	0	0
SC_RS34425	SCO6446	SC_RS34425	7130456	7131346	+	protein_coding	core	891	0	0	0	0
SC_RS34430	SCO6447	SC_RS34430	7131401	7132084	-	protein_coding	core	684	0	0	0	0
SC_RS34435	SCO6448	SC_RS34435	7132198	7133130	+	protein_coding	core	933	0	0	0	0
SC_RS34440	SCO6449	SC_RS34440	7133238	7134647	+	protein_coding	core	1410	0	0	0	0
SC_RS34445	SCO6450	SC_RS34445	7134644	7135153	+	protein_coding	core	510	0	0	0	0
SC_RS34450	SCO6451	SC_RS34450	7135277	7136905	+	protein_coding	core	1629	0	0	0	0
SC_RS34455	SCO6452	SC_RS34455	7136938	7137906	+	protein_coding	core	969	0	0	0	0
SC_RS34460	SCO6453	SC_RS34460	7137945	7138841	+	protein_coding	core	897	1	0	0	1
SC_RS34465	SCO6454	SC_RS34465	7138838	7139845	+	protein_coding	core	1008	1	0	0	1
SC_RS34470	SCO6455	SC_RS34470	7139838	7140506	+	protein_coding	core	669	1	0	0	1
SC_RS34475	SCO6456	SC_RS34475	7140529	7141923	-	protein_coding	core	1395	1	0	1	1
SC_RS34480	SCO6457	SC_RS34480	7142206	7146129	+	protein_coding	core	3924	1	0	0	1
SC_RS34485	SCO6458	SC_RS34485	7146169	7147047	+	protein_coding	core	879	1	0	0	1
SC_RS34490	SCO6459	SC_RS34490	7147028	7147390	-	protein_coding	core	363	1	0	0	1
SC_RS34495	SCO6460	SC_RS34495	7147460	7149376	+	protein_coding	core	1917	1	0	1	1
SC_RS34500	SCO6461	SC_RS34500	7149456	7150940	+	protein_coding	core	1485	1	1	0	1
SC_RS34505	SCO6462	SC_RS34505	7151007	7151501	+	protein_coding	core	495	1	0	0	1
SC_RS34510	SCO6463	SC_RS34510	7151706	7152575	+	protein_coding	core	870	0	0	0	0
SC_RS34515	SCO6464	SC_RS34515	7152607	7153332	-	protein_coding	core	726	0	0	0	0
SC_RS34520	SCO6465	SC_RS34520	7153374	7153868	-	protein_coding	core	495	0	0	0	0
SC_RS34525	SCO6466	SC_RS34525	7154038	7155195	+	protein_coding	core	1158	0	0	0	0
SC_RS34530	SCO6467	pssA	7155465	7156283	-	protein_coding	core	819	0	0	0	0
SC_RS34535	SCO6468	SC_RS34535	7156306	7156962	-	protein_coding	core	657	0	0	0	0
SC_RS34540	SCO6469	SC_RS34540	7157133	7158338	-	protein_coding	core	1206	0	0	0	0
SC_RS34545	SCO6470	SC_RS34545	7158341	7158853	-	protein_coding	core	513	0	0	0	0
SC_RS34550	SCO6471	SC_RS34550	7158859	7159878	-	protein_coding	core	1020	0	0	0	0
SC_RS34555	SCO6472	SC_RS34555	7159875	7161902	-	protein_coding	core	2028	0	0	0	0
SC_RS34560	SCO6473	ccrA	7161921	7163258	-	protein_coding	core	1338	0	0	0	0
SC_RS34565	SCO6474	SC_RS34565	7163600	7164418	-	protein_coding	core	819	0	0	0	0
SC_RS34570	SCO6475	SC_RS34570	7164555	7166360	-	protein_coding	core	1806	0	0	0	0
SC_RS34575	SCO6476	SC_RS34575	7166743	7167336	+	protein_coding	core	594	0	0	0	0
SC_RS34580	SCO6477	SC_RS34580	7167374	7167913	-	protein_coding	arm	540	0	0	0	0
SC_RS34585	SCO6478	SC_RS34585	7167910	7168308	-	protein_coding	arm	399	0	0	0	0
SC_RS34590	SCO6479	SC_RS34590	7168375	7169964	-	protein_coding	arm	1590	0	0	0	0
SC_RS34595	SCO6480	SC_RS34595	7170144	7170443	-	protein_coding	arm	300	0	0	0	0
SC_RS34600	SCO6481	SC_RS34600	7170517	7171563	-	protein_coding	arm	1047	0	0	0	0
SC_RS34605	SCO6482	SC_RS34605	7171800	7172243	+	protein_coding	arm	444	0	0	0	0
SC_RS34610	SCO6483	SC_RS34610	7172394	7174841	+	protein_coding	arm	2448	4	0	3	4+
SC_RS34615	SCO6484	SC_RS34615	7174989	7177493	+	protein_coding	arm	2505	4	2	1	4+
SC_RS34620	SCO6485	SC_RS34620	7177711	7178433	+	protein_coding	arm	723	1	0	0	1
SC_RS34625	SCO6486	SC_RS34625	7178603	7179436	+	protein_coding	arm	834	1	0	0	1
SC_RS34630	SCO6487	SC_RS34630	7179429	7180760	+	protein_coding	arm	1332	0	0	0	0
SC_RS34635	SCO6488	SC_RS34635	7180803	7182770	+	protein_coding	arm	1968	0	0	0	0
SC_RS34640	SCO6489	SC_RS34640	7182776	7183708	+	protein_coding	arm	933	0	0	0	0
SC_RS34645	SCO6490	SC_RS34645	7183718	7184317	+	protein_coding	arm	600	0	0	0	0
SC_RS34650	SCO6491	SC_RS34650	7184289	7184636	-	protein_coding	arm	348	0	0	0	0
SC_RS34655	SCO6492	SC_RS34655	7184832	7186829	+	protein_coding	arm	1998	0	0	0	0
SC_RS34660	SCO6493	SC_RS34660	7186861	7187208	-	protein_coding	arm	348	0	0	0	0
SC_RS34665	SCO6494	SC_RS34665	7187289	7187840	+	protein_coding	arm	552	0	0	0	0
SC_RS34670	SCO6495	SC_RS34670	7187926	7188888	-	protein_coding	arm	963	0	0	0	0
SC_RS34675	SCO6496	SC_RS34675	7189075	7190964	+	protein_coding	arm	1890	0	0	0	0
SC_RS34680	SCO6497	SC_RS34680	7190961	7192808	+	protein_coding	arm	1848	0	0	0	0
SC_RS34685	SCO6498	ligD	7192859	7193764	+	protein_coding	arm	906	0	0	0	0
SC_RS34690	SCO6499	gvpO	7193830	7194222	+	protein_coding	arm	393	1	0	0	1
SC_RS34695	SCO6500	SC_RS34695	7194294	7194728	+	protein_coding	arm	435	1	0	0	1
SC_RS34700	SCO6501	SC_RS34700	7194725	7195498	+	protein_coding	arm	774	1	0	0	1
SC_RS34705	SCO6502	SC_RS34705	7195503	7195766	+	protein_coding	arm	264	1	0	0	1
SC_RS34710	SCO6503	SC_RS34710	7195763	7196482	+	protein_coding	arm	720	2	0	1	2
SC_RS34715	SCO6504	SC_RS34715	7196479	7197609	+	protein_coding	arm	1131	2	0	0	2
SC_RS34720	SCO6505	SC_RS34720	7197606	7197935	+	protein_coding	arm	330	2	0	0	2
SC_RS34725	SCO6506	SC_RS34725	7197932	7198711	+	protein_coding	arm	780	1	0	1	1
SC_RS34730	SCO6507	SC_RS34730	7198708	7198890	+	protein_coding	arm	183	2	1	0	2
SC_RS34735	SCO6508	SC_RS34735	7198892	7199188	+	protein_coding	arm	297	2	0	0	2
SC_RS34740	SCO6509	SC_RS34740	7199279	7199449	-	protein_coding	arm	171	2	0	0	2
SC_RS34745	SCO6510	SC_RS34745	7199504	7200325	-	protein_coding	arm	822	2	0	0	2
SC_RS34750	SCO6511	SC_RS34750	7200436	7201941	-	protein_coding	arm	1506	1	0	1	1
SC_RS34755	SCO6512	SC_RS34755	7202065	7203684	+	protein_coding	arm	1620	2	0	0	2
SC_RS34760	SCO6513	SC_RS34760	7203714	7204835	-	protein_coding	arm	1122	1	0	1	1
SC_RS34765	SCO6514	SC_RS34765	7204898	7205176	+	protein_coding	arm	279	1	1	0	1
SC_RS34770	SCO6515	SC_RS34770	7205258	7205800	-	protein_coding	arm	543	1	0	0	1
SC_RS34775	SCO6516	SC_RS34775	7205826	7206224	-	protein_coding	arm	399	1	0	0	1
SC_RS34780	SCO6517	SC_RS34780	7206433	7208823	+	protein_coding	arm	2391	2	0	0	2
SC_RS34785	SCO6518	SC_RS34785	7208891	7209373	+	protein_coding	arm	483	1	0	0	1
SC_RS34790	SCO6519	SC_RS34790	7209379	7209795	+	protein_coding	arm	417	1	0	0	1
SC_RS34795	SCO6520	SC_RS34795	7210082	7210882	+	protein_coding	arm	801	2	0	1	2
SC_RS34800	SCO6521	SC_RS34800	7211022	7211978	+	protein_coding	arm	957	2	0	0	2
SC_RS34805	SCO6522	SC_RS34805	7212176	7213489	+	protein_coding	arm	1314	2	1	0	2
SC_RS34810	SCO6523	SC_RS34810	7213486	7214526	+	protein_coding	arm	1041	1	0	0	1
SC_RS34815	SCO6524	SC_RS34815	7214569	7215195	-	protein_coding	arm	627	0	0	0	0
SC_RS34820	SCO6525	SC_RS34820	7215192	7215965	-	protein_coding	arm	774	0	0	0	0
SC_RS34825	SCO6526	SC_RS34825	7216060	7216461	+	protein_coding	arm	402	0	0	0	0
SC_RS34830	SCO6527	SC_RS34830	7216569	7218722	+	protein_coding	arm	2154	0	0	0	0
SC_RS34835	SCO6528	SC_RS34835	7218804	7220228	+	protein_coding	arm	1425	0	0	0	0
SC_RS34840	SCO6529	SC_RS34840	7220309	7221370	+	protein_coding	arm	1062	0	0	0	0
SC_RS34845	SCO6530	SC_RS34845	7221367	7223199	+	protein_coding	arm	1833	0	0	0	0
SC_RS34850	SCO6531	SC_RS34850	7223286	7223711	+	protein_coding	arm	426	0	0	0	0
SC_RS34855	SCO6532	narI	7223740	7224462	-	protein_coding	arm	723	0	0	0	0
SC_RS34860	SCO6533	narJ	7224459	7224953	-	protein_coding	arm	495	0	0	0	0
SC_RS34865	SCO6534	narH	7224958	7226553	-	protein_coding	arm	1596	0	0	0	0
SC_RS34870	SCO6535	SC_RS34870	7226553	7230248	-	protein_coding	arm	3696	0	0	0	0
SC_RS34875	SCO6536	SC_RS34875	7230397	7231212	-	protein_coding	arm	816	0	0	0	0
SC_RS34880	SCO6537	SC_RS34880	7231262	7232125	-	protein_coding	arm	864	0	0	0	0
SC_RS34885	SCO6538	SC_RS34885	7232354	7232779	+	protein_coding	arm	426	1	0	0	1
SC_RS34890	SCO6539	SC_RS34890	7232761	7233579	-	protein_coding	arm	819	1	0	0	1
SC_RS34895	SCO6540	SC_RS34895	7233669	7233974	+	protein_coding	arm	306	1	0	0	1
SC_RS34900	SCO6541	SC_RS34900	7233979	7234725	+	protein_coding	arm	747	2	0	1	2
SC_RS34905	SCO6542	SC_RS34905	7234796	7236691	+	protein_coding	arm	1896	3	1	1	3
SC_RS34910	SCO6543	SC_RS34910	7236695	7236940	-	protein_coding	arm	246	2	0	0	2
SC_RS34915	SCO6544	SC_RS34915	7237214	7237894	+	protein_coding	arm	681	2	0	0	2
SC_RS34920	SCO6545	SC_RS34920	7237887	7240559	-	protein_coding	arm	2673	3	0	1	3
SC_RS34925	SCO6546	SC_RS34925	7240806	7243727	-	protein_coding	arm	2922	1	0	1	1
SC_RS34930	SCO6548	SC_RS34930	7244247	7245986	+	protein_coding	arm	1740	1	0	0	1
SC_RS34935	SCO6549	SC_RS34935	7246146	7247090	+	protein_coding	arm	945	1	0	0	1
SC_RS34940	SCO6550	SC_RS34940	7247175	7247876	+	protein_coding	arm	702	1	0	0	1
SC_RS34945	SCO6551	SC_RS34945	7247934	7248767	-	protein_coding	arm	834	1	0	1	1
SC_RS34950	SCO6552	SC_RS34950	7248851	7250677	-	protein_coding	arm	1827	1	0	0	1
SC_RS34955	SCO6553	SC_RS34955	7250906	7252420	-	protein_coding	arm	1515	0	0	0	0
SC_RS34960	SCO6554	SC_RS34960	7252536	7253519	+	protein_coding	arm	984	0	0	0	0
SC_RS34965	SCO6555	SC_RS34965	7253501	7254379	-	protein_coding	arm	879	0	0	0	0
SC_RS34970	SCO6556	SC_RS34970	7254532	7255569	+	protein_coding	arm	1038	0	0	0	0
SC_RS34975	SCO6557	SC_RS34975	7255596	7257542	-	protein_coding	arm	1947	1	1	0	1
SC_RS34980	SCO6558	fdhD	7257738	7258586	-	protein_coding	arm	849	1	0	1	1
SC_RS34985	SCO6559	SC_RS34985	7258619	7259479	-	protein_coding	arm	861	1	0	0	1
SC_RS34990	SCO6560	SC_RS34990	7259476	7261467	-	protein_coding	arm	1992	1	0	0	1
SC_RS34995	SCO6561	SC_RS34995	7261448	7263376	-	protein_coding	arm	1929	0	0	0	0
SC_RS35000	SCO6562	SC_RS35000	7263373	7264344	-	protein_coding	arm	972	1	0	0	1
SC_RS35005	SCO6563	SC_RS35005	7264548	7265888	+	protein_coding	arm	1341	1	0	0	1
SC_RS35010		SC_RS35010	7265857	7266009	+	protein_coding	arm	153	1	0	0	1
SC_RS35015	SCO6564	SC_RS35015	7266172	7267122	+	protein_coding	arm	951	1	0	1	1
SC_RS35020	SCO6565	SC_RS35020	7267256	7267933	+	protein_coding	arm	678	1	0	0	1
SC_RS35025	SCO6566	SC_RS35025	7268197	7269378	+	protein_coding	arm	1182	2	0	0	2
SC_RS35030	SCO6567	SC_RS35030	7269589	7271106	+	protein_coding	arm	1518	3	0	1	3
SC_RS35035	SCO6568	SC_RS35035	7271103	7272122	+	protein_coding	arm	1020	3	0	1	3
SC_RS35040	SCO6569	SC_RS35040	7272140	7273186	+	protein_coding	arm	1047	3	1	1	3
SC_RS35045	SCO6570	SC_RS35045	7273272	7274564	+	protein_coding	arm	1293	2	0	0	2
SC_RS35050	SCO6571	SC_RS35050	7274581	7275579	+	protein_coding	arm	999	1	0	0	1
SC_RS35055	SCO6572	SC_RS35055	7275867	7279583	+	protein_coding	arm	3717	0	0	0	0
SC_RS35060	SCO6573	SC_RS35060	7279753	7281006	+	protein_coding	arm	1254	0	0	0	0
SC_RS35065	SCO6574	SC_RS35065	7281003	7282094	+	protein_coding	arm	1092	0	0	0	0
SC_RS35070	SCO6575	SC_RS35070	7282091	7283038	+	protein_coding	arm	948	0	0	0	0
SC_RS35075	SCO6576	SC_RS35075	7283052	7283789	+	protein_coding	arm	738	0	0	0	0
SC_RS35080	SCO6577	SC_RS35080	7283789	7284637	+	protein_coding	arm	849	1	0	0	1
SC_RS35085	SCO6578	eboE	7284641	7285816	+	protein_coding	arm	1176	1	0	0	1
SC_RS35090	SCO6579	SC_RS35090	7285813	7287210	+	protein_coding	arm	1398	1	0	1	1
SC_RS35095	SCO6580	SC_RS35095	7287325	7288539	+	protein_coding	arm	1215	2	0	0	2
SC_RS35100	SCO6581	SC_RS35100	7288619	7289998	-	protein_coding	arm	1380	1	0	1	1
SC_RS35105	SCO6582	SC_RS35105	7290122	7292266	-	protein_coding	arm	2145	1	0	0	1
SC_RS35110	SCO6583	frc	7292271	7293503	-	protein_coding	arm	1233	0	0	0	0
SC_RS35115	SCO6584	SC_RS35115	7293515	7295197	-	protein_coding	arm	1683	0	0	0	0
SC_RS35120	SCO6585	sucC	7295341	7296492	+	protein_coding	arm	1152	0	0	0	0
SC_RS35125	SCO6586	sucD	7296507	7297433	+	protein_coding	arm	927	0	0	0	0
SC_RS35130	SCO6587	SC_RS35130	7297430	7298992	+	protein_coding	arm	1563	0	0	0	0
SC_RS35135	SCO6588	SC_RS35135	7299120	7300451	-	protein_coding	arm	1332	0	0	0	0
SC_RS35140	SCOt62	SC_RS35140	7300604	7300688	+	tRNA	arm	85	0	0	0	0
SC_RS35145	SCO6589	fusA	7301063	7303123	+	protein_coding	arm	2061	0	0	0	0
SC_RS35150	SCO6590	SC_RS35150	7303361	7305568	-	protein_coding	arm	2208	0	0	0	0
SC_RS35155	SCO6591	SC_RS35155	7305602	7306108	-	protein_coding	arm	507	0	0	0	0
SC_RS35160	SCO6592	SC_RS35160	7306230	7306619	-	protein_coding	arm	390	1	0	0	1
SC_RS35165	SCO6593	SC_RS35165	7306616	7310059	-	protein_coding	arm	3444	1	0	1	1
SC_RS35170	SCO6594	SC_RS35170	7310408	7312216	-	protein_coding	arm	1809	0	0	0	0
SC_RS35175	SCO6595	SC_RS35175	7312483	7313565	+	protein_coding	arm	1083	0	0	0	0
SC_RS35180	SCO6596	SC_RS35180	7313660	7315429	+	protein_coding	arm	1770	0	0	0	0
SC_RS35185	SCO6597	SC_RS35185	7315461	7318040	+	protein_coding	arm	2580	0	0	0	0
SC_RS35190	SCO6598	SC_RS35190	7318137	7319177	+	protein_coding	arm	1041	0	0	0	0
SC_RS35195	SCO6599	SC_RS35195	7319193	7319846	-	protein_coding	arm	654	0	0	0	0
SC_RS35200	SCO6600	SC_RS35200	7320012	7321337	-	protein_coding	arm	1326	0	0	0	0
SC_RS35205	SCO6601	SC_RS35205	7321513	7322829	+	protein_coding	arm	1317	1	0	0	1
SC_RS35210	SCO6602	SC_RS35210	7322891	7323919	+	protein_coding	arm	1029	1	0	1	1
SC_RS35215	SCO6603	SC_RS35215	7323927	7324766	+	protein_coding	arm	840	1	1	0	1
SC_RS35220	SCO6604	SC_RS35220	7324811	7326169	+	protein_coding	arm	1359	1	0	0	1
SC_RS35230	SCO6606	SC_RS35230	7326508	7327326	-	protein_coding	arm	819	0	0	0	0
SC_RS35235	SCO6607	SC_RS35235	7327541	7328326	+	protein_coding	arm	786	0	0	0	0
SC_RS35240	SCO6608	SC_RS35240	7328456	7330114	+	protein_coding	arm	1659	1	0	0	1
SC_RS35245	SCO6609	SC_RS35245	7330247	7331275	+	protein_coding	arm	1029	1	0	1	1
SC_RS35250	SCO6610	SC_RS35250	7331426	7332799	+	protein_coding	arm	1374	1	1	0	1
SC_RS35255	SCO6611	SC_RS35255	7332818	7333378	-	protein_coding	arm	561	1	0	0	1
SC_RS35260	SCO6612	SC_RS35260	7333403	7334332	-	protein_coding	arm	930	0	0	0	0
SC_RS35265	SCO6613	SC_RS35265	7334456	7334863	+	protein_coding	arm	408	0	0	0	0
SC_RS35270	SCO6614	SC_RS35270	7335116	7336225	+	protein_coding	arm	1110	0	0	0	0
SC_RS35275	SCO6615	SC_RS35275	7336237	7337439	+	protein_coding	arm	1203	0	0	0	0
SC_RS35280	SCO6616	SC_RS35280	7337453	7338883	-	protein_coding	arm	1431	0	0	0	0
SC_RS35290	SCO6618	SC_RS35290	7339269	7339931	-	protein_coding	arm	663	0	0	0	0
SC_RS35295	SCO6619	SC_RS35295	7339983	7340813	-	protein_coding	arm	831	0	0	0	0
SC_RS35300	SCO6620	SC_RS35300	7340945	7341376	+	protein_coding	arm	432	0	0	0	0
SC_RS35305	SCO6621	SC_RS35305	7341633	7342907	+	protein_coding	arm	1275	0	0	0	0
SC_RS35310	SCO6622	SC_RS35310	7343142	7345028	+	protein_coding	arm	1887	0	0	0	0
SC_RS35315	SCO6623	SC_RS35315	7345115	7347256	+	protein_coding	arm	2142	1	0	0	1
SC_RS35320	SCO6624	SC_RS35320	7347312	7347440	-	protein_coding	arm	129	1	0	0	1
SC_RS35325	SCO6625	SC_RS35325	7347733	7348320	+	protein_coding	arm	588	1	0	0	1
SC_RS35330	SCO6626	pglW	7348537	7353210	+	protein_coding	arm	4674	1	0	1	1
SC_RS35335	SCO6627	pglX	7353207	7356839	+	protein_coding	arm	3633	1	0	1	1
SC_RS35340	SCO6628	SC_RS35340	7356766	7357314	-	protein_coding	arm	549	1	0	0	1
SC_RS35345	SCO6629	SC_RS35345	7357519	7358352	+	protein_coding	arm	834	2	0	0	2
SC_RS35350	SCO6630	SC_RS35350	7358349	7358552	+	protein_coding	arm	204	2	0	0	2
SC_RS35355	SCO6631	SC_RS35355	7358814	7359689	+	protein_coding	arm	876	1	0	0	1
SC_RS35360	SCO6632	SC_RS35360	7360045	7360494	+	protein_coding	arm	450	1	1	0	1
SC_RS35365	SCO6633	SC_RS35365	7360544	7362409	+	protein_coding	arm	1866	1	0	0	1
SC_RS35370	SCO6635	pglY	7362943	7366827	+	protein_coding	arm	3885	1	0	1	1
SC_RS35375	SCO6636	pglZ	7366824	7369748	+	protein_coding	arm	2925	1	0	0	1
SC_RS35380	SCO6637	SC_RS35380	7369817	7370869	-	protein_coding	arm	1053	0	0	0	0
SC_RS35385	SCO6638	SC_RS35385	7370866	7372683	-	protein_coding	arm	1818	0	0	0	0
SC_RS35390	SCO6639	brxD	7372859	7374208	+	protein_coding	arm	1350	0	0	0	0
SC_RS35395	SCO6640	SC_RS35395	7374208	7376403	+	protein_coding	arm	2196	0	0	0	0
SC_RS35400	SCO6641	SC_RS35400	7376413	7377627	-	protein_coding	arm	1215	0	0	0	0
SC_RS35405	SCO6643	SC_RS35405	7378334	7378888	+	protein_coding	arm	555	0	0	0	0
SC_RS35410	SCO6644	SC_RS35410	7378997	7380508	+	protein_coding	arm	1512	0	0	0	0
SC_RS35415	SCO6645	SC_RS35415	7380512	7382317	+	protein_coding	arm	1806	0	0	0	0
SC_RS35420	SCO6646	SC_RS35420	7382319	7383629	+	protein_coding	arm	1311	0	0	0	0
SC_RS35425	SCO6647	SC_RS35425	7383632	7384426	-	protein_coding	arm	795	0	0	0	0
SC_RS35435	SCO6650	SC_RS35435	7385660	7386058	+	protein_coding	arm	399	0	0	0	0
SC_RS35440	SCO6651	SC_RS35440	7386055	7387293	+	protein_coding	arm	1239	0	0	0	0
SC_RS35445	SCO6652	SC_RS35445	7387377	7388675	+	protein_coding	arm	1299	0	0	0	0
SC_RS35455	SCO6654	SC_RS35455	7389679	7390482	-	protein_coding	arm	804	0	0	0	0
SC_RS35460	SCO6655	ribA	7390536	7391201	+	protein_coding	arm	666	0	0	0	0
SC_RS35465	SCO6656	SC_RS35465	7391232	7392461	-	protein_coding	arm	1230	0	0	0	0
SC_RS35470	SCO6657	SC_RS35470	7392553	7394076	-	protein_coding	arm	1524	1	0	0	1
SC_RS35475	SCO6658	gnd	7394148	7395029	-	protein_coding	arm	882	2	0	1	2
SC_RS35480	SCO6659	pgi	7395031	7396683	-	protein_coding	arm	1653	2	0	1	2
SC_RS35485	SCO6660	opcA	7396676	7397611	-	protein_coding	arm	936	2	0	0	2
SC_RS35490	SCO6661	zwf	7397608	7399386	-	protein_coding	arm	1779	2	0	0	2
SC_RS35495	SCO6662	tal	7399383	7400528	-	protein_coding	arm	1146	1	0	1	1
SC_RS35500	SCO6663	tkt	7400592	7402688	-	protein_coding	arm	2097	1	0	0	1
SC_RS35505	SCO6664	SC_RS35505	7402846	7403751	+	protein_coding	arm	906	1	0	0	1
SC_RS35510	SCO6665	SC_RS35510	7403831	7405231	-	protein_coding	arm	1401	1	1	0	1
SC_RS35515	SCO6666	SC_RS35515	7405534	7407651	-	protein_coding	arm	2118	1	0	1	1
SC_RS35520	SCO6667	SC_RS35520	7407798	7408466	-	protein_coding	arm	669	0	0	0	0
SC_RS35525	SCO6668	SC_RS35525	7408463	7409680	-	protein_coding	arm	1218	0	0	0	0
SC_RS35530	SCO6669	SC_RS35530	7409712	7410506	-	protein_coding	arm	795	0	0	0	0
SC_RS35535	SCO6670	SC_RS35535	7410633	7411970	+	protein_coding	arm	1338	1	0	0	1
SC_RS35540	SCO6671	SC_RS35540	7411963	7413129	-	protein_coding	arm	1167	1	1	0	1
SC_RS35545	SCO6672	SC_RS35545	7413412	7414299	+	protein_coding	arm	888	1	0	1	1
SC_RS35550	SCO6673	SC_RS35550	7414296	7414976	+	protein_coding	arm	681	1	0	0	1
SC_RS35555	SCO6674	SC_RS35555	7414995	7415231	-	protein_coding	arm	237	1	0	0	1
SC_RS35560	SCO6675	SC_RS35560	7415327	7415983	-	protein_coding	arm	657	1	0	0	1
SC_RS35565	SCO6676	SC_RS35565	7416216	7416875	+	protein_coding	arm	660	0	0	0	0
SC_RS35575	SCO6678	SC_RS35575	7417332	7418273	-	protein_coding	arm	942	1	0	0	1
SC_RS35580	SCO6679	SC_RS35580	7418270	7418440	-	protein_coding	arm	171	1	0	0	1
SC_RS35585	SCO6680	SC_RS35585	7418437	7419516	-	protein_coding	arm	1080	1	0	0	1
SC_RS35590	SCO6681	lanKC	7419742	7422456	+	protein_coding	arm	2715	1	0	1	1
SC_RS35595	SCO6682	ramS	7422494	7422622	+	protein_coding	arm	129	0	0	0	0
SC_RS35600	SCO6683	SC_RS35600	7422658	7424568	+	protein_coding	arm	1911	1	0	0	1
SC_RS35605	SCO6684	SC_RS35605	7424565	7426391	+	protein_coding	arm	1827	1	0	1	1
SC_RS35610	SCO6685	ramR	7426396	7427004	-	protein_coding	arm	609	1	0	0	1
SC_RS35615	SCO6686	SC_RS35615	7427533	7428411	+	protein_coding	arm	879	1	0	0	1
SC_RS35620	SCO6687	SC_RS35620	7428452	7433488	+	protein_coding	arm	5037	2	0	2	2
SC_RS35625	SCO6688	SC_RS35625	7433569	7437084	+	protein_coding	arm	3516	2	0	0	2
SC_RS35630	SCO6689	SC_RS35630	7437081	7438847	+	protein_coding	arm	1767	1	0	1	1
SC_RS35635	SCO6690	SC_RS35635	7438926	7440227	-	protein_coding	arm	1302	2	0	0	2
SC_RS35640	SCO6691	SC_RS35640	7440399	7442462	+	protein_coding	arm	2064	1	0	1	1
SC_RS35645	SCO6692	SC_RS35645	7442516	7443469	-	protein_coding	arm	954	1	0	0	1
SC_RS35650	SCO6693	SC_RS35650	7443466	7444281	-	protein_coding	arm	816	0	0	0	0
SC_RS35655	SCO6694	SC_RS35655	7444457	7445071	+	protein_coding	arm	615	0	0	0	0
SC_RS35660	SCO6695	SC_RS35660	7445240	7446283	-	protein_coding	arm	1044	0	0	0	0
SC_RS35665	SCO6696	SC_RS35665	7446559	7449240	+	protein_coding	arm	2682	0	0	0	0
SC_RS35670	SCO6697	pcaDC	7449267	7450385	-	protein_coding	arm	1119	0	0	0	0
SC_RS35675	SCO6698	pcaB	7450391	7451755	-	protein_coding	arm	1365	0	0	0	0
SC_RS35680	SCO6699	pcaG	7451752	7452357	-	protein_coding	arm	606	1	0	0	1
SC_RS35685	SCO6700	pcaH	7452364	7453137	-	protein_coding	arm	774	1	0	0	1
SC_RS35690	SCO6701	SC_RS35690	7453156	7454358	-	protein_coding	arm	1203	1	0	1	1
SC_RS35695	SCO6702	SC_RS35695	7454355	7455008	-	protein_coding	arm	654	1	0	0	1
SC_RS35700	SCO6703	SC_RS35700	7455008	7455790	-	protein_coding	arm	783	1	0	0	1
SC_RS35705	SCO6704	SC_RS35705	7456000	7456464	+	protein_coding	arm	465	1	0	0	1
SC_RS35710	SCO6705	SC_RS35710	7456480	7457457	-	protein_coding	arm	978	0	0	0	0
SC_RS35715	SCO6706	SC_RS35715	7457668	7458858	+	protein_coding	arm	1191	0	0	0	0
SC_RS35720	SCO6707	SC_RS35720	7458874	7459941	-	protein_coding	arm	1068	0	0	0	0
SC_RS35725	SCO6708	SC_RS35725	7460154	7460492	+	protein_coding	arm	339	0	0	0	0
SC_RS35730	SCO6709	ligD	7460584	7461609	+	protein_coding	arm	1026	0	0	0	0
SC_RS35735	SCO6710	SC_RS35735	7461626	7463815	-	protein_coding	arm	2190	1	0	1	1
SC_RS35740	SCO6711	SC_RS35740	7463830	7466307	-	protein_coding	arm	2478	1	0	0	1
SC_RS35745	SCO6712	SC_RS35745	7466508	7467539	+	protein_coding	arm	1032	0	0	0	0
SC_RS35750	SCO6713	SC_RS35750	7467726	7468784	+	protein_coding	arm	1059	0	0	0	0
SC_RS35755	SCO6714	SC_RS35755	7468890	7469681	-	protein_coding	arm	792	0	0	0	0
SC_RS35760	SCO6715	SC_RS35760	7469875	7470120	+	protein_coding	arm	246	0	0	0	0
SC_RS35765		SC_RS35765	7470181	7470306	-	protein_coding	arm	126	0	0	0	0
SC_RS35770	SCO6716	SC_RS35770	7470453	7470647	+	protein_coding	arm	195	0	0	0	0
SC_RS35775	SCO6717	SC_RS35775	7470692	7471666	-	protein_coding	arm	975	0	0	0	0
SC_RS35780	SCO6718	ddaH	7471875	7472651	-	protein_coding	arm	777	0	0	0	0
SC_RS35785	SCO6719	SC_RS35785	7472768	7475026	-	protein_coding	arm	2259	0	0	0	0
SC_RS35790	SCO6720	SC_RS35790	7475037	7476671	-	protein_coding	arm	1635	0	0	0	0
SC_RS35795	SCO6721	SC_RS35795	7476971	7477642	+	protein_coding	arm	672	0	0	0	0
SC_RS35800	SCO6722	SC_RS35800	7477705	7478121	-	protein_coding	arm	417	0	0	0	0
SC_RS35805	SCO6723	SC_RS35805	7478448	7479494	+	protein_coding	arm	1047	0	0	0	0
SC_RS35810	SCO6724	SC_RS35810	7479567	7479896	+	protein_coding	arm	330	0	0	0	0
SC_RS35815	SCO6725	SC_RS35815	7479906	7480202	-	protein_coding	arm	297	0	0	0	0
SC_RS35820	SCO6726	SC_RS35820	7480244	7480945	+	protein_coding	arm	702	0	0	0	0
SC_RS35825	SCO6727	SC_RS35825	7480933	7481127	-	protein_coding	arm	195	0	0	0	0
SC_RS35830	SCO6728	mmpA	7481296	7481442	+	protein_coding	arm	147	0	0	0	0
SC_RS35835	SCO6729	SC_RS35835	7481508	7482698	-	protein_coding	arm	1191	1	0	0	1
SC_RS35840	SCO6730	SC_RS35840	7482906	7484102	+	protein_coding	arm	1197	1	0	0	1
SC_RS35845	SCO6731	SC_RS35845	7484114	7485328	+	protein_coding	arm	1215	1	0	1	1
SC_RS35850	SCO6732	SC_RS35850	7485381	7487561	+	protein_coding	arm	2181	1	0	0	1
SC_RS35855	SCO6733	SC_RS35855	7487571	7488326	-	protein_coding	arm	756	1	0	0	1
SC_RS35860	SCO6734	SC_RS35860	7488549	7490018	+	protein_coding	arm	1470	1	0	1	1
SC_RS35865	SCO6735	SC_RS35865	7490061	7490546	+	protein_coding	arm	486	1	1	0	1
SC_RS35870	SCO6736	SC_RS35870	7490559	7492055	-	protein_coding	arm	1497	1	0	0	1
SC_RS35875	SCO6738	SC_RS35875	7492490	7493788	+	protein_coding	arm	1299	0	0	0	0
SC_RS35880	SCO6739	SC_RS35880	7493869	7495605	+	protein_coding	arm	1737	0	0	0	0
SC_RS35885	SCO6740	SC_RS35885	7495638	7496600	-	protein_coding	arm	963	1	0	0	1
SC_RS35890	SCO6741	SC_RS35890	7496667	7497704	+	protein_coding	arm	1038	1	0	0	1
SC_RS35895	SCO6742	SC_RS35895	7497718	7499361	+	protein_coding	arm	1644	1	0	1	1
SC_RS35900	SCO6743	SC_RS35900	7499508	7501850	-	protein_coding	arm	2343	1	0	0	1
SC_RS35905		SC_RS35905	7501965	7502096	-	protein_coding	arm	132	0	0	0	0
SC_RS35910	SCO6745	SC_RS35910	7502204	7503073	-	protein_coding	arm	870	0	0	0	0
SC_RS35915	SCO6746	SC_RS35915	7503189	7504166	+	protein_coding	arm	978	0	0	0	0
SC_RS35920	SCO6747	SC_RS35920	7504216	7504851	+	protein_coding	arm	636	0	0	0	0
SC_RS35925	SCO6748	SC_RS35925	7504838	7505593	-	protein_coding	arm	756	0	0	0	0
SC_RS35930	SCO6749	SC_RS35930	7505789	7506241	+	protein_coding	arm	453	0	0	0	0
SC_RS35935	SCO6750	idi	7506308	7506901	-	protein_coding	arm	594	0	0	0	0
SC_RS35940	SCO6751	SC_RS35940	7507178	7508116	-	protein_coding	arm	939	0	0	0	0
SC_RS35945	SCO6752	SC_RS35945	7508594	7510411	+	protein_coding	arm	1818	0	0	0	0
SC_RS35950	SCO6753	SC_RS35950	7510408	7511160	+	protein_coding	arm	753	0	0	0	0
SC_RS35955	SCO6754	SC_RS35955	7511148	7512209	+	protein_coding	arm	1062	0	0	0	0
SC_RS35960	SCO6755	SC_RS35960	7512187	7512966	+	protein_coding	arm	780	0	0	0	0
SC_RS35965	SCO6756	SC_RS35965	7512975	7513847	+	protein_coding	arm	873	0	0	0	0
SC_RS35970	SCO6757	SC_RS35970	7513947	7514876	+	protein_coding	arm	930	0	0	0	0
SC_RS35975	SCO6758	SC_RS35975	7514869	7515657	+	protein_coding	arm	789	0	0	0	0
SC_RS35980	SCO6759	hpnC	7516017	7516928	+	protein_coding	arm	912	0	0	0	0
SC_RS35985	SCO6760	hpnD	7516925	7517875	+	protein_coding	arm	951	0	0	0	0
SC_RS35990	SCO6761	SC_RS35990	7517875	7518033	+	protein_coding	arm	159	0	0	0	0
SC_RS35995	SCO6762	hpnE	7518030	7519466	+	protein_coding	arm	1437	1	0	0	1
SC_RS36000	SCO6763	SC_RS36000	7519535	7520599	+	protein_coding	arm	1065	1	0	0	1
SC_RS36005	SCO6764	shc	7520716	7522758	+	protein_coding	arm	2043	1	0	1	1
SC_RS36010	SCO6765	SC_RS36010	7522758	7523399	+	protein_coding	arm	642	1	0	0	1
SC_RS36015	SCO6766	hpnH	7523406	7524428	+	protein_coding	arm	1023	0	0	0	0
SC_RS36020	SCO6767	ispG	7524433	7525587	+	protein_coding	arm	1155	0	0	0	0
SC_RS36025	SCO6768	dxs	7525613	7527583	+	protein_coding	arm	1971	0	0	0	0
SC_RS36030	SCO6769	SC_RS36030	7527584	7528969	+	protein_coding	arm	1386	0	0	0	0
SC_RS36035	SCO6770	SC_RS36035	7529043	7529657	+	protein_coding	arm	615	0	0	0	0
SC_RS36040	SCO6771	SC_RS36040	7529654	7529773	+	protein_coding	arm	120	0	0	0	0
SC_RS36045	SCO6772	SC_RS36045	7529795	7530592	-	protein_coding	arm	798	0	0	0	0
SC_RS36050	SCO6773	SC_RS36050	7531179	7532117	+	protein_coding	arm	939	0	0	0	0
SC_RS36055	SCO6774	SC_RS36055	7532361	7533146	+	protein_coding	arm	786	0	0	0	0
SC_RS36060	SCO6775	SC_RS36060	7533249	7533869	-	protein_coding	arm	621	0	0	0	0
SC_RS36065	SCO6776	SC_RS36065	7534021	7535214	+	protein_coding	arm	1194	0	0	0	0
SC_RS36070	SCO6777	SC_RS36070	7535353	7536285	-	protein_coding	arm	933	1	0	0	1
SC_RS36075	SCO6778	SC_RS36075	7536362	7537048	-	protein_coding	arm	687	1	0	0	1
SC_RS36080	SCO6780	SC_RS36080	7537508	7538713	+	protein_coding	arm	1206	1	0	1	1
SC_RS36085	SCO6781	SC_RS36085	7538739	7539902	-	protein_coding	arm	1164	1	0	0	1
SC_RS36090	SCO6782	SC_RS36090	7540064	7541155	-	protein_coding	arm	1092	0	0	0	0
SC_RS36095	SCO6783	SC_RS36095	7541152	7541619	-	protein_coding	arm	468	0	0	0	0
SC_RS36100	SCO6784	SC_RS36100	7541642	7542313	-	protein_coding	arm	672	0	0	0	0
SC_RS36105	SCO6785	SC_RS36105	7542559	7543722	+	protein_coding	arm	1164	0	0	0	0
SC_RS36110	SCO6786	SC_RS36110	7543722	7544747	+	protein_coding	arm	1026	0	0	0	0
SC_RS36115	SCO6787	SC_RS36115	7544738	7545892	+	protein_coding	arm	1155	0	0	0	0
SC_RS36120	SCO6788	SC_RS36120	7545965	7547179	+	protein_coding	arm	1215	0	0	0	0
SC_RS36125	SCO6789	SC_RS36125	7547223	7549424	+	protein_coding	arm	2202	0	0	0	0
SC_RS36130	SCO6790	SC_RS36130	7549461	7551299	+	protein_coding	arm	1839	0	0	0	0
SC_RS36135	SCO6791	SC_RS36135	7551380	7552519	-	protein_coding	arm	1140	0	0	0	0
SC_RS36140	SCO6792	SC_RS36140	7552594	7553190	+	protein_coding	arm	597	0	0	0	0
SC_RS36145	SCO6793	SC_RS36145	7553214	7554719	-	protein_coding	arm	1506	0	0	0	0
SC_RS36150	SCO6794	SC_RS36150	7555369	7557321	+	protein_coding	arm	1953	0	0	0	0
SC_RS36155	SCO6795	SC_RS36155	7557438	7557872	+	protein_coding	arm	435	0	0	0	0
SC_RS36160	SCO6796	SC_RS36160	7557875	7558249	+	protein_coding	arm	375	1	0	0	1
SC_RS36165	SCO6797	SC_RS36165	7558227	7558856	+	protein_coding	arm	630	1	0	0	1
SC_RS36170	SCO6798	SC_RS36170	7558853	7559428	+	protein_coding	arm	576	1	0	0	1
SC_RS36175	SCO6799	tdh	7559630	7560658	+	protein_coding	arm	1029	1	0	1	1
SC_RS36180	SCO6800	SC_RS36180	7560698	7561891	+	protein_coding	arm	1194	1	0	0	1
SC_RS36185	SCO6801	SC_RS36185	7561923	7562825	+	protein_coding	arm	903	1	0	0	1
SC_RS36190	SCO6802	SC_RS36190	7562872	7563450	+	protein_coding	arm	579	1	0	0	1
SC_RS36195	SCO6803	SC_RS36195	7563447	7563992	+	protein_coding	arm	546	1	0	0	1
SC_RS36200	SCO6804	SC_RS36200	7564023	7564382	+	protein_coding	arm	360	2	0	0	2
SC_RS36205	SCO6805	SC_RS36205	7564533	7565837	+	protein_coding	arm	1305	2	0	1	2
SC_RS36210	SCOt63	SC_RS36210	7565958	7566031	+	tRNA	arm	74	2	0	0	2
SC_RS36215	SCO6806	SC_RS36215	7566130	7567347	-	protein_coding	arm	1218	2	0	1	2
SC_RS36220		SC_RS36220	7567337	7567666	-	protein_coding	arm	330	1	0	0	1
SC_RS36225	SCO6807	SC_RS36225	7568251	7570044	-	protein_coding	arm	1794	1	0	0	1
SC_RS36230	SCO6808	SC_RS36230	7570606	7570968	-	protein_coding	arm	363	0	0	0	0
SC_RS36235	SCO6809	SC_RS36235	7571107	7572336	-	protein_coding	arm	1230	1	0	0	1
SC_RS36240	SCO6810	SC_RS36240	7572343	7572801	-	protein_coding	arm	459	1	1	0	1
SC_RS36245	SCO6811	SC_RS36245	7572869	7574263	-	protein_coding	arm	1395	1	0	1	1
SC_RS36250	SCO6812	SC_RS36250	7574420	7574779	+	protein_coding	arm	360	2	0	0	2
SC_RS36255	SCO6813	SC_RS36255	7574849	7575238	+	protein_coding	arm	390	2	0	0	2
SC_RS36260	SCO6814	SC_RS36260	7575359	7576048	-	protein_coding	arm	690	1	1	0	1
SC_RS36265	SCO6815	pstC	7576036	7577847	-	protein_coding	arm	1812	1	0	1	1
SC_RS36270	SCO6816	SC_RS36270	7577851	7578723	-	protein_coding	arm	873	1	0	0	1
SC_RS36275	SCO6817	SC_RS36275	7579044	7579403	-	protein_coding	arm	360	0	0	0	0
SC_RS36280	SCO6818	gpmI	7579400	7580935	-	protein_coding	arm	1536	0	0	0	0
SC_RS36285	SCO6819	aroA	7580932	7582254	-	protein_coding	arm	1323	0	0	0	0
SC_RS36290	SCO6820	SC_RS36290	7582309	7584831	-	protein_coding	arm	2523	4	1	0	4+
SC_RS36295	SCO6821	SC_RS36295	7584942	7585664	-	protein_coding	arm	723	4	0	1	4+
SC_RS36300	SCO6822	SC_RS36300	7586410	7587975	+	protein_coding	arm	1566	4	1	2	4+
SC_RS36305	SCO6823	SC_RS36305	7588044	7588445	+	protein_coding	arm	402	3	0	0	3
SC_RS36310	SCO6824	aepY	7588532	7589635	-	protein_coding	arm	1104	1	0	0	1
SC_RS36315	SCO6825	SC_RS36315	7589632	7590327	-	protein_coding	arm	696	0	0	0	0
SC_RS36320	SCO6826	SC_RS36320	7590412	7591452	-	protein_coding	arm	1041	0	0	0	0
SC_RS36325	SCO6827	SC_RS36325	7591479	7598555	-	protein_coding	arm	7077	1	0	1	1
SC_RS36330	SCO6828	SC_RS36330	7599249	7600730	+	protein_coding	arm	1482	0	0	0	0
SC_RS36335	SCO6829	SC_RS36335	7600790	7601569	-	protein_coding	arm	780	0	0	0	0
SC_RS36340	SCO6830	SC_RS36340	7601654	7602007	+	protein_coding	arm	354	0	0	0	0
SC_RS36345	SCO6831	SC_RS36345	7602498	7602773	+	protein_coding	arm	276	0	0	0	0
SC_RS36350	SCO6832	SC_RS36350	7602829	7604424	+	protein_coding	arm	1596	0	0	0	0
SC_RS36360	SCO6834	trxB	7605261	7606241	-	protein_coding	arm	981	0	0	0	0
SC_RS36365	SCO6835	SC_RS36365	7606238	7606651	-	protein_coding	arm	414	0	0	0	0
SC_RS36370	SCO6836	SC_RS36370	7606744	7607052	+	protein_coding	arm	309	1	0	0	1
SC_RS36375	SCO6837	arsB	7607049	7608155	+	protein_coding	arm	1107	1	0	0	1
SC_RS36380	SCO6838	SC_RS36380	7608214	7609278	+	protein_coding	arm	1065	1	0	1	1
SC_RS36385	SCO6839	SC_RS36385	7609452	7610765	-	protein_coding	arm	1314	1	0	0	1
SC_RS36390	SCO6840	SC_RS36390	7610762	7612807	-	protein_coding	arm	2046	0	0	0	0
SC_RS36395	SCO6841	SC_RS36395	7613491	7614387	+	protein_coding	arm	897	0	0	0	0
SC_RS36400	SCO6842	SC_RS36400	7614564	7615928	-	protein_coding	arm	1365	0	0	0	0
SC_RS36405	SCO6843	SC_RS36405	7615994	7617112	-	protein_coding	arm	1119	0	0	0	0
SC_RS36410	SCO6844	SC_RS36410	7617112	7618383	-	protein_coding	arm	1272	0	0	0	0
SC_RS36415		SC_RS36415	7618380	7619342	-	protein_coding	arm	963	0	0	0	0
SC_RS36420	SCO6846	SC_RS36420	7619557	7619847	-	protein_coding	arm	291	0	0	0	0
SC_RS36430	SCO6847	SC_RS36430	7620290	7620910	-	protein_coding	arm	621	1	0	0	1
SC_RS36435	SCO6848	SC_RS36435	7621003	7621461	-	protein_coding	arm	459	1	0	0	1
SC_RS36440	SCO6849	SC_RS36440	7621458	7623257	-	protein_coding	arm	1800	2	0	1	2
SC_RS36445	SCO6850	SC_RS36445	7623285	7624064	-	protein_coding	arm	780	2	0	1	2
SC_RS36450	SCO6851	SC_RS36450	7624067	7624633	-	protein_coding	arm	567	2	0	0	2
SC_RS36455	SCO6852	SC_RS36455	7624664	7625485	-	protein_coding	arm	822	1	0	0	1
SC_RS36460		SC_RS36460	7625476	7625829	-	protein_coding	arm	354	1	0	0	1
SC_RS36465	SCO6854	SC_RS36465	7625857	7626660	-	protein_coding	arm	804	1	0	0	1
SC_RS36470	SCO6855	SC_RS36470	7626657	7627040	-	protein_coding	arm	384	1	0	0	1
SC_RS36475	SCO6856	SC_RS36475	7627477	7628124	-	protein_coding	arm	648	1	0	1	1
SC_RS36480	SCO6857	SC_RS36480	7628121	7628879	-	protein_coding	arm	759	1	0	0	1
SC_RS36485	SCO6858	SC_RS36485	7628905	7629609	-	protein_coding	arm	705	1	0	0	1
SC_RS36490	SCO6859	SC_RS36490	7629623	7630453	-	protein_coding	arm	831	1	0	0	1
SC_RS36495	SCO6860	SC_RS36495	7630450	7630887	-	protein_coding	arm	438	0	0	0	0
SC_RS36500	SCO6861	SC_RS36500	7631006	7632703	-	protein_coding	arm	1698	0	0	0	0
SC_RS36505	SCO6862	SC_RS36505	7632712	7633056	-	protein_coding	arm	345	1	0	0	1
SC_RS36510	SCO6863	SC_RS36510	7633190	7633681	-	protein_coding	arm	492	1	0	0	1
SC_RS36515	SCO6864	SC_RS36515	7633888	7635678	-	protein_coding	arm	1791	1	0	1	1
SC_RS36520	SCO6865	SC_RS36520	7635675	7636820	-	protein_coding	arm	1146	1	0	0	1
SC_RS36525		SC_RS36525	7637008	7637229	-	protein_coding	arm	222	0	0	0	0
SC_RS36530	SCO6866	SC_RS36530	7637267	7638457	-	protein_coding	arm	1191	0	0	0	0
SC_RS36535	SCO6867	SC_RS36535	7638454	7638912	-	protein_coding	arm	459	0	0	0	0
SC_RS36540	SCO6868	SC_RS36540	7638950	7640056	-	protein_coding	arm	1107	0	0	0	0
SC_RS36545	SCO6869	SC_RS36545	7640049	7640792	-	protein_coding	arm	744	0	0	0	0
SC_RS36550	SCO6870	SC_RS36550	7640844	7641461	-	protein_coding	arm	618	0	0	0	0
SC_RS36555	SCO6871	SC_RS36555	7641501	7642535	-	protein_coding	arm	1035	0	0	0	0
SC_RS36560	SCO6872	SC_RS36560	7642591	7643502	-	protein_coding	arm	912	1	0	0	1
SC_RS36565	SCO6873	SC_RS36565	7643492	7643716	-	protein_coding	arm	225	1	0	0	1
SC_RS36570	SCO6874	SC_RS36570	7643807	7644442	-	protein_coding	arm	636	1	0	0	1
SC_RS36575	SCO6875	SC_RS36575	7644396	7644821	-	protein_coding	arm	426	1	1	0	1
SC_RS36580	SCO6876	SC_RS36580	7644900	7645406	-	protein_coding	arm	507	1	0	1	1
SC_RS36585	SCO6877	SC_RS36585	7645403	7646185	-	protein_coding	arm	783	2	0	0	2
SC_RS36590	SCO6878	SC_RS36590	7646264	7647787	-	protein_coding	arm	1524	2	0	1	2
SC_RS36595	SCO6879	SC_RS36595	7647816	7648277	-	protein_coding	arm	462	1	0	0	1
SC_RS36600	SCO6880	SC_RS36600	7648378	7649850	-	protein_coding	arm	1473	1	0	0	1
SC_RS36605	SCO6881	SC_RS36605	7649943	7651331	-	protein_coding	arm	1389	0	0	0	0
SC_RS36610	SCO6882	SC_RS36610	7651368	7652060	-	protein_coding	arm	693	0	0	0	0
SC_RS36615	SCO6883	SC_RS36615	7652060	7652374	-	protein_coding	arm	315	0	0	0	0
SC_RS36620	SCO6884	SC_RS36620	7652497	7653630	-	protein_coding	arm	1134	0	0	0	0
SC_RS36625	SCO6885	SC_RS36625	7654146	7654901	+	protein_coding	arm	756	1	0	0	1
SC_RS36630	SCO6886	SC_RS36630	7655068	7655703	+	protein_coding	arm	636	1	0	0	1
SC_RS36635	SCO6887	SC_RS36635	7655700	7656185	+	protein_coding	arm	486	1	0	0	1
SC_RS36640	SCO6888	SC_RS36640	7656204	7656902	+	protein_coding	arm	699	1	0	1	1
SC_RS36645	SCO6889	SC_RS36645	7656920	7657660	+	protein_coding	arm	741	1	1	0	1
SC_RS36655	SCO6891	SC_RS36655	7658251	7658733	+	protein_coding	arm	483	1	0	0	1
SC_RS36665	SCO6893	SC_RS36665	7659185	7659598	+	protein_coding	arm	414	0	0	0	0
SC_RS36670	SCO6894	SC_RS36670	7659639	7660481	+	protein_coding	arm	843	0	0	0	0
SC_RS36675	SCO6895	SC_RS36675	7660478	7660993	+	protein_coding	arm	516	0	0	0	0
SC_RS36680	SCO6896	SC_RS36680	7660990	7662225	+	protein_coding	arm	1236	0	0	0	0
SC_RS36685	SCO6897	SC_RS36685	7662267	7662569	+	protein_coding	arm	303	1	0	0	1
SC_RS36690	SCO6898	SC_RS36690	7662605	7663855	+	protein_coding	arm	1251	1	0	0	1
SC_RS36695	SCO6899	SC_RS36695	7663852	7665003	+	protein_coding	arm	1152	1	0	1	1
SC_RS36700	SCO6900	SC_RS36700	7665000	7665629	+	protein_coding	arm	630	1	0	0	1
SC_RS36705	SCO6901	SC_RS36705	7665653	7666519	+	protein_coding	arm	867	1	0	0	1
SC_RS36710	SCO6902	SC_RS36710	7666548	7667036	+	protein_coding	arm	489	0	0	0	0
SC_RS36715	SCO6903	SC_RS36715	7667138	7667884	+	protein_coding	arm	747	0	0	0	0
SC_RS36720	SCO6904	SC_RS36720	7667918	7668928	+	protein_coding	arm	1011	0	0	0	0
SC_RS36725	SCO6905	SC_RS36725	7669060	7669404	+	protein_coding	arm	345	0	0	0	0
SC_RS36730	SCO6906	SC_RS36730	7669618	7671186	-	protein_coding	arm	1569	1	0	0	1
SC_RS36735	SCO6907	SC_RS36735	7671335	7672108	+	protein_coding	arm	774	1	0	1	1
SC_RS36740	SCO6908	SC_RS36740	7672687	7673991	-	protein_coding	arm	1305	1	0	0	1
SC_RS36745	SCO6909	SC_RS36745	7674846	7675178	+	protein_coding	arm	333	0	0	0	0
SC_RS36750	SCO6910	SC_RS36750	7675634	7676473	-	protein_coding	arm	840	0	0	0	0
SC_RS36755	SCO6911	SC_RS36755	7676742	7677550	+	protein_coding	arm	809	0	0	0	0
SC_RS36760	SCO6913	SC_RS36760	7677996	7678349	+	protein_coding	arm	354	0	0	0	0
SC_RS36765	SCO6914	SC_RS36765	7678455	7678745	+	protein_coding	arm	291	0	0	0	0
SC_RS36770	SCO6915	SC_RS36770	7678761	7679582	+	protein_coding	arm	822	0	0	0	0
SC_RS36775	SCO6916	SC_RS36775	7679755	7680447	-	protein_coding	arm	693	0	0	0	0
SC_RS36780	SCO6917	SC_RS36780	7680528	7680971	-	protein_coding	arm	444	0	0	0	0
SC_RS36785	SCO6918	SC_RS36785	7681180	7682922	-	protein_coding	arm	1743	0	0	0	0
SC_RS36790	SCO6919	SC_RS36790	7682938	7683549	-	protein_coding	arm	612	0	0	0	0
SC_RS36795	SCO6920	SC_RS36795	7683546	7683782	-	protein_coding	arm	237	0	0	0	0
SC_RS36800		SC_RS36800	7683869	7684060	-	protein_coding	arm	192	0	0	0	0
SC_RS36805	SCO6921	SC_RS36805	7684057	7685787	-	protein_coding	arm	1731	0	0	0	0
SC_RS36810	SCO6922	SC_RS36810	7685784	7686425	-	protein_coding	arm	642	1	0	0	1
SC_RS36815	SCO6923	SC_RS36815	7686586	7687302	-	protein_coding	arm	717	1	0	0	1
SC_RS36820	SCO6924	SC_RS36820	7687305	7688201	-	protein_coding	arm	897	1	0	1	1
SC_RS36825		SC_RS36825	7689444	7689767	-	protein_coding	arm	324	1	0	0	1
SC_RS36830	SCO6926	SC_RS36830	7689750	7690454	+	protein_coding	arm	705	1	0	0	1
SC_RS36835		SC_RS36835	7690550	7690702	+	protein_coding	arm	153	0	0	0	0
SC_RS36840		SC_RS36840	7691161	7691616	+	protein_coding	arm	456	0	0	0	0
SC_RS36845	SCO6927	SC_RS36845	7691781	7692905	-	protein_coding	arm	1125	0	0	0	0
SC_RS36850	SCO6928	fxlM	7692907	7694997	-	protein_coding	arm	2091	0	0	0	0
SC_RS36855	SCO6929	SC_RS36855	7695016	7696275	-	protein_coding	arm	1260	0	0	0	0
SC_RS36860	SCO6930	SC_RS36860	7696262	7699360	-	protein_coding	arm	3099	0	0	0	0
SC_RS36865	SCO6931	SC_RS36865	7699447	7699626	-	protein_coding	arm	180	0	0	0	0
SC_RS36870	SCO6932	SC_RS36870	7699664	7699795	-	protein_coding	arm	132	0	0	0	0
SC_RS36875		SC_RS36875	7699902	7700069	-	protein_coding	arm	168	0	0	0	0
SC_RS36880	SCO6934	SC_RS36880	7700261	7700728	-	protein_coding	arm	468	0	0	0	0
SC_RS36885	SCO6935	SC_RS36885	7700803	7701378	-	protein_coding	arm	576	0	0	0	0
SC_RS36890	SCO6936	SC_RS36890	7701375	7701950	-	protein_coding	arm	576	0	0	0	0
SC_RS36895	SCO6937	SC_RS36895	7702025	7702498	-	protein_coding	arm	474	0	0	0	0
SC_RS36900	SCO6938	SC_RS36900	7702634	7703887	-	protein_coding	arm	1254	0	0	0	0
SC_RS36905	SCO6939	SC_RS36905	7703970	7704611	-	protein_coding	arm	642	0	0	0	0
SC_RS36910	SCO6940	SC_RS36910	7704611	7705189	-	protein_coding	arm	579	0	0	0	0
SC_RS36915	SCO6941	SC_RS36915	7705245	7705652	-	protein_coding	arm	408	0	0	0	0
SC_RS36920	SCO6942	SC_RS36920	7705649	7706164	-	protein_coding	arm	516	0	0	0	0
SC_RS36925	SCO6943	SC_RS36925	7706226	7707743	-	protein_coding	arm	1518	0	0	0	0
SC_RS36930	SCO6944	SC_RS36930	7707771	7709672	-	protein_coding	arm	1902	0	0	0	0
SC_RS36935		SC_RS36935	7709876	7710373	-	protein_coding	arm	498	0	0	0	0
SC_RS36940	SCO6947	SC_RS36940	7710563	7711951	+	protein_coding	arm	1389	0	0	0	0
SC_RS36945	SCO6948	SC_RS36945	7712024	7712521	+	protein_coding	arm	498	0	0	0	0
SC_RS36950	SCO6949	SC_RS36950	7712805	7713266	-	protein_coding	arm	462	0	0	0	0
SC_RS36955	SCO6950	SC_RS36955	7713425	7714828	+	protein_coding	arm	1404	0	0	0	0
SC_RS36960	SCO6951	SC_RS36960	7714825	7715706	+	protein_coding	arm	882	0	0	0	0
SC_RS36965	SCO6952	SC_RS36965	7715801	7716844	-	protein_coding	arm	1044	0	0	0	0
SC_RS36970	SCO6953	SC_RS36970	7717864	7719441	-	protein_coding	arm	1578	0	0	0	0
SC_RS36975	SCO6954	SC_RS36975	7719817	7722720	+	protein_coding	arm	2904	0	0	0	0
SC_RS36980	SCO6955	SC_RS36980	7722717	7723481	+	protein_coding	arm	765	0	0	0	0
SC_RS36985	SCO6956	SC_RS36985	7723478	7725217	+	protein_coding	arm	1740	0	0	0	0
SC_RS36990	SCO6957	SC_RS36990	7725214	7725813	+	protein_coding	arm	600	0	0	0	0
SC_RS36995	SCO6958	SC_RS36995	7725810	7726127	+	protein_coding	arm	318	0	0	0	0
SC_RS37000	SCO6959	mnhG	7726124	7726489	+	protein_coding	arm	366	0	0	0	0
SC_RS37005	SCO6960	SC_RS37005	7726503	7727030	-	protein_coding	arm	528	0	0	0	0
SC_RS37010	SCO6961	SC_RS37010	7727111	7728259	-	protein_coding	arm	1149	0	0	0	0
SC_RS37015	SCO6962	glnA3	7728261	7729661	-	protein_coding	arm	1401	0	0	0	0
SC_RS37020	SCO6963	SC_RS37020	7729774	7730619	-	protein_coding	arm	846	0	0	0	0
SC_RS37025	SCO6964	SC_RS37025	7730937	7731587	-	protein_coding	arm	651	0	0	0	0
SC_RS37030	SCO6965	SC_RS37030	7731590	7731922	-	protein_coding	arm	333	0	0	0	0
SC_RS37035		SC_RS37035	7731868	7732188	-	protein_coding	arm	321	0	0	0	0
SC_RS37040	SCO6966	SC_RS37040	7732266	7733075	-	protein_coding	arm	810	0	0	0	0
SC_RS37045	SCO6967	SC_RS37045	7733254	7734441	+	protein_coding	arm	1188	0	0	0	0
SC_RS37050	SCO6968	SC_RS37050	7734509	7736044	+	protein_coding	arm	1536	0	0	0	0
SC_RS37055	SCO6969	SC_RS37055	7736107	7736880	+	protein_coding	arm	774	0	0	0	0
SC_RS37060	SCO6970	SC_RS37060	7736807	7738927	-	protein_coding	arm	2121	0	0	0	0
SC_RS37065	SCO6971	cobF	7739022	7739795	-	protein_coding	arm	774	0	0	0	0
SC_RS37070	SCO6972	SC_RS37070	7739853	7740392	-	protein_coding	arm	540	0	0	0	0
SC_RS37075	SCOt64	SC_RS37075	7740493	7740566	+	tRNA	arm	74	0	0	0	0
SC_RS37080	SCO6973	SC_RS37080	7740635	7741057	-	protein_coding	arm	423	0	0	0	0
SC_RS37085	SCO6974	SC_RS37085	7741171	7741956	-	protein_coding	arm	786	0	0	0	0
SC_RS37090	SCO6975	iolD	7742010	7743884	-	protein_coding	arm	1875	0	0	0	0
SC_RS37095	SCO6976	iolB	7743881	7744777	-	protein_coding	arm	897	0	0	0	0
SC_RS37100	SCO6977	SC_RS37100	7744831	7745727	-	protein_coding	arm	897	0	0	0	0
SC_RS37105	SCO6978	iolC	7745741	7746703	-	protein_coding	arm	963	0	0	0	0
SC_RS37110	SCO6979	SC_RS37110	7746957	7747979	+	protein_coding	arm	1023	0	0	0	0
SC_RS37115	SCO6980	SC_RS37115	7747979	7749055	+	protein_coding	arm	1077	0	0	0	0
SC_RS37120	SCO6981	SC_RS37120	7749062	7750054	+	protein_coding	arm	993	0	0	0	0
SC_RS37125	SCO6982	SC_RS37125	7750057	7750959	+	protein_coding	arm	903	0	0	0	0
SC_RS37130	SCO6983	SC_RS37130	7751075	7751488	+	protein_coding	arm	414	0	0	0	0
SC_RS37135	SCO6984	SC_RS37135	7751527	7752531	-	protein_coding	arm	1005	0	0	0	0
SC_RS37140	SCO6985	SC_RS37140	7752600	7753763	-	protein_coding	arm	1164	0	0	0	0
SC_RS37145	SCO6986	SC_RS37145	7753893	7754939	+	protein_coding	arm	1047	0	0	0	0
SC_RS37150	SCO6987	SC_RS37150	7755003	7755470	+	protein_coding	arm	468	1	0	0	1
SC_RS37155		SC_RS37155	7755494	7755643	+	protein_coding	arm	150	1	0	0	1
SC_RS37160	SCO6988	SC_RS37160	7755621	7756784	-	protein_coding	arm	1164	2	0	0	2
SC_RS37165	SCO6989	SC_RS37165	7756901	7757254	-	protein_coding	arm	354	2	1	0	2
SC_RS37170	SCO6990	SC_RS37170	7757496	7758473	-	protein_coding	arm	978	2	0	1	2
SC_RS37175	SCO6991	SC_RS37175	7758904	7759110	+	protein_coding	arm	207	2	0	0	2
SC_RS37180	SCOt65	SC_RS37180	7759229	7759302	+	tRNA	arm	74	2	0	0	2
SC_RS37185	SCO6992	absR1	7759825	7760904	-	protein_coding	arm	1080	1	0	0	1
SC_RS37190	SCO6993	SC_RS37190	7760977	7762803	+	protein_coding	arm	1827	0	0	0	0
SC_RS37195	SCO6994	SC_RS37195	7762852	7766040	-	protein_coding	arm	3189	0	0	0	0
SC_RS37200	SCO6995	SC_RS37200	7766257	7767690	+	protein_coding	arm	1434	0	0	0	0
SC_RS37205	SCO6996	SC_RS37205	7767699	7768337	+	protein_coding	arm	639	0	0	0	0
SC_RS37210	SCO6997	SC_RS37210	7768334	7768825	+	protein_coding	arm	492	1	0	0	1
SC_RS37215	SCO6998	SC_RS37215	7768860	7770083	-	protein_coding	arm	1224	1	0	0	1
SC_RS37220	SCO6999	SC_RS37220	7770163	7770960	-	protein_coding	arm	798	1	0	1	1
SC_RS37225	SCO7000	SC_RS37225	7771060	7773279	-	protein_coding	arm	2220	2	0	1	2
SC_RS37230	SCO7001	SC_RS37230	7773382	7774443	-	protein_coding	arm	1062	1	0	0	1
SC_RS37235	SCO7002	SC_RS37235	7774616	7776130	-	protein_coding	arm	1515	2	0	0	2
SC_RS37240	SCO7003	SC_RS37240	7776162	7777172	-	protein_coding	arm	1011	1	0	1	1
SC_RS37245	SCO7004	SC_RS37245	7777445	7778884	+	protein_coding	arm	1440	1	1	0	1
SC_RS37250	SCO7005	SC_RS37250	7778881	7780284	+	protein_coding	arm	1404	1	0	0	1
SC_RS37255	SCO7006	SC_RS37255	7780281	7781531	+	protein_coding	arm	1251	0	0	0	0
SC_RS37260	SCO7007	SC_RS37260	7781548	7782447	-	protein_coding	arm	900	0	0	0	0
SC_RS37265	SCO7008	SC_RS37265	7782661	7784535	+	protein_coding	arm	1875	0	0	0	0
SC_RS37270	SCO7009	SC_RS37270	7784586	7786367	-	protein_coding	arm	1782	0	0	0	0
SC_RS37275	SCO7010	SC_RS37275	7786480	7788084	-	protein_coding	arm	1605	0	0	0	0
SC_RS37280	SCO7011	SC_RS37280	7788229	7789104	-	protein_coding	arm	876	1	0	0	1
SC_RS37285	SCO7012	SC_RS37285	7789123	7790082	-	protein_coding	arm	960	1	1	0	1
SC_RS37290	SCO7013	SC_RS37290	7790150	7791565	-	protein_coding	arm	1416	1	0	1	1
SC_RS37295	SCO7014	SC_RS37295	7791717	7792730	-	protein_coding	arm	1014	1	0	0	1
SC_RS37300	SCO7015	SC_RS37300	7792823	7797112	-	protein_coding	arm	4290	0	0	0	0
SC_RS37305	SCO7016	SC_RS37305	7797371	7798381	-	protein_coding	arm	1011	0	0	0	0
SC_RS37310	SCO7017	SC_RS37310	7798420	7799325	-	protein_coding	arm	906	0	0	0	0
SC_RS37315	SCO7018	SC_RS37315	7800107	7801600	+	protein_coding	arm	1494	0	0	0	0
SC_RS37320	SCO7019	SC_RS37320	7801756	7804737	-	protein_coding	arm	2982	0	0	0	0
SC_RS37330	SCO7021	SC_RS37330	7807021	7808124	+	protein_coding	arm	1104	0	0	0	0
SC_RS37335	SCO7022	SC_RS37335	7808129	7809061	+	protein_coding	arm	933	0	0	0	0
SC_RS37340	SCO7023	SC_RS37340	7809224	7810459	+	protein_coding	arm	1236	0	0	0	0
SC_RS37345	SCO7024	SC_RS37345	7810502	7811068	+	protein_coding	arm	567	0	0	0	0
SC_RS37350	SCO7025	SC_RS37350	7811193	7812110	-	protein_coding	arm	918	0	0	0	0
SC_RS37355	SCO7026	SC_RS37355	7812182	7812625	+	protein_coding	arm	444	0	0	0	0
SC_RS37360	SCO7027	SC_RS37360	7812783	7813832	-	protein_coding	arm	1050	0	0	0	0
SC_RS37365	SCO7028	SC_RS37365	7813971	7815275	+	protein_coding	arm	1305	1	0	0	1
SC_RS37370	SCO7029	SC_RS37370	7815286	7816242	+	protein_coding	arm	957	1	0	0	1
SC_RS37375	SCO7030	SC_RS37375	7816239	7817057	+	protein_coding	arm	819	1	0	1	1
SC_RS37380	SCO7031	SC_RS37380	7817054	7819447	+	protein_coding	arm	2394	1	0	0	1
SC_RS37385	SCO7032	SC_RS37385	7819501	7820073	-	protein_coding	arm	573	0	0	0	0
SC_RS37390	SCO7033	SC_RS37390	7820139	7821785	-	protein_coding	arm	1647	0	0	0	0
SC_RS37395	SCO7034	SC_RS37395	7821937	7823205	+	protein_coding	arm	1269	0	0	0	0
SC_RS37400	SCO7035	SC_RS37400	7823274	7824713	+	protein_coding	arm	1440	0	0	0	0
SC_RS37405	SCO7036	argG	7824771	7826216	+	protein_coding	arm	1446	0	0	0	0
SC_RS37410	SCO7037	SC_RS37410	7826610	7830005	+	protein_coding	arm	3396	0	0	0	0
SC_RS37415	SCO7038	SC_RS37415	7830042	7832324	-	protein_coding	arm	2283	0	0	0	0
SC_RS37425	SCO7040	SC_RS37425	7832790	7834235	-	protein_coding	arm	1446	0	0	0	0
SC_RS37430	SCO7041	SC_RS37430	7834447	7834857	+	protein_coding	arm	411	0	0	0	0
SC_RS37435	SCO7042	SC_RS37435	7834891	7835298	-	protein_coding	arm	408	0	0	0	0
SC_RS37440	SCO7043	SC_RS37440	7835428	7835715	+	protein_coding	arm	288	0	0	0	0
SC_RS37445	SCO7044	crcB	7835928	7836392	+	protein_coding	arm	465	0	0	0	0
SC_RS37450	SCO7045	SC_RS37450	7836389	7836733	+	protein_coding	arm	345	0	0	0	0
SC_RS37455	SCO7046	crcB	7836730	7837104	+	protein_coding	arm	375	0	0	0	0
SC_RS37460	SCO7047	SC_RS37460	7837144	7837980	+	protein_coding	arm	837	0	0	0	0
SC_RS37465	SCO7048	SC_RS37465	7838003	7839061	-	protein_coding	arm	1059	0	0	0	0
SC_RS37470	SCO7049	SC_RS37470	7839198	7840130	+	protein_coding	arm	933	0	0	0	0
SC_RS37475	SCO7050	SC_RS37475	7840162	7841337	-	protein_coding	arm	1176	0	0	0	0
SC_RS37480	SCO7051	rho	7841463	7842710	-	protein_coding	arm	1248	0	0	0	0
SC_RS37485		SC_RS37485	7842905	7843159	-	protein_coding	arm	255	0	0	0	0
SC_RS37490		SC_RS37490	7843106	7843768	+	protein_coding	arm	663	0	0	0	0
SC_RS37495	SCO7053	SC_RS37495	7843684	7844103	-	protein_coding	arm	420	0	0	0	0
SC_RS37500	SCO7054	SC_RS37500	7844184	7844771	+	protein_coding	arm	588	0	0	0	0
SC_RS37505	SCO7055	SC_RS37505	7844776	7845501	+	protein_coding	arm	726	0	0	0	0
SC_RS37510	SCO7056	SC_RS37510	7845511	7846272	-	protein_coding	arm	762	0	0	0	0
SC_RS37515	SCO7057	SC_RS37515	7846397	7847365	-	protein_coding	arm	969	0	0	0	0
SC_RS37520	SCO7058	SC_RS37520	7847483	7848067	-	protein_coding	arm	585	0	0	0	0
SC_RS37525	SCO7059	SC_RS37525	7848220	7849002	-	protein_coding	arm	783	0	0	0	0
SC_RS37530	SCO7060	SC_RS37530	7848995	7849600	-	protein_coding	arm	606	0	0	0	0
SC_RS37535	SCO7061	SC_RS37535	7849651	7850187	-	protein_coding	arm	537	0	0	0	0
SC_RS37540	SCO7062	SC_RS37540	7850449	7851291	+	protein_coding	arm	843	0	0	0	0
SC_RS37545	SCO7063	SC_RS37545	7851281	7853389	-	protein_coding	arm	2109	0	0	0	0
SC_RS37550	SCO7064	SC_RS37550	7853666	7854562	+	protein_coding	arm	897	0	0	0	0
SC_RS37555	SCO7065	SC_RS37555	7854655	7855026	+	protein_coding	arm	372	0	0	0	0
SC_RS37560	SCO7066	SC_RS37560	7855137	7857152	+	protein_coding	arm	2016	0	0	0	0
SC_RS37565	SCO7067	SC_RS37565	7857217	7857768	+	protein_coding	arm	552	0	0	0	0
SC_RS37570	SCO7068	SC_RS37570	7857789	7858340	-	protein_coding	arm	552	0	0	0	0
SC_RS37575	SCO7069	SC_RS37575	7858527	7859510	-	protein_coding	arm	984	0	0	0	0
SC_RS37580	SCO7070	SC_RS37580	7859911	7860771	+	protein_coding	arm	861	0	0	0	0
SC_RS37585	SCO7071	SC_RS37585	7860829	7861239	-	protein_coding	arm	411	0	0	0	0
SC_RS37590	SCO7072	dhaL	7861232	7861831	-	protein_coding	arm	600	0	0	0	0
SC_RS37595	SCO7073	dhaK	7861881	7862873	-	protein_coding	arm	993	0	0	0	0
SC_RS37605		SC_RS37605	7863517	7863672	+	protein_coding	arm	156	1	0	0	1
SC_RS37610	SCO7075	SC_RS37610	7863791	7864483	+	protein_coding	arm	693	1	0	0	1
SC_RS37615	SCO7076	SC_RS37615	7864480	7865931	+	protein_coding	arm	1452	1	0	1	1
SC_RS37620	SCO7077	SC_RS37620	7866148	7868298	-	protein_coding	arm	2151	1	0	0	1
SC_RS37640	SCO7081	SC_RS37640	7870734	7871921	-	protein_coding	arm	1188	0	0	0	0
SC_RS37655	SCO7085	SC_RS37655	7873167	7873427	+	protein_coding	arm	261	2	0	0	2
SC_RS37660	SCO7086	SC_RS37660	7873600	7873947	-	protein_coding	arm	348	2	1	0	2
SC_RS37665	SCO7087	SC_RS37665	7873970	7874908	-	protein_coding	arm	939	2	0	2	2
SC_RS37670	SCO7088	SC_RS37670	7875374	7876051	-	protein_coding	arm	678	2	0	0	2
SC_RS37675	SCO7089	SC_RS37675	7876048	7877241	-	protein_coding	arm	1194	2	0	0	2
SC_RS37680	SCO7090	SC_RS37680	7877335	7879581	-	protein_coding	arm	2247	1	0	0	1
SC_RS37685	SCO7092	SC_RS37685	7880228	7881130	+	protein_coding	arm	903	1	0	1	1
SC_RS37690	SCO7093	SC_RS37690	7881841	7884639	+	protein_coding	arm	2799	1	0	0	1
SC_RS37695	SCO7094	SC_RS37695	7884751	7885962	-	protein_coding	arm	1212	0	0	0	0
SC_RS37700	SCO7095	SC_RS37700	7886126	7886938	-	protein_coding	arm	813	0	0	0	0
SC_RS37705	SCO7096	SC_RS37705	7887321	7887665	+	protein_coding	arm	345	0	0	0	0
SC_RS37710	SCO7097	SC_RS37710	7887694	7888179	-	protein_coding	arm	486	0	0	0	0
SC_RS37715	SCO7098	SC_RS37715	7888577	7889080	-	protein_coding	arm	504	0	0	0	0
SC_RS37720	SCO7099	SC_RS37720	7889266	7890168	-	protein_coding	arm	903	0	0	0	0
SC_RS37725	SCO7100	SC_RS37725	7890426	7891208	+	protein_coding	arm	783	0	0	0	0
SC_RS37730	SCO7101	SC_RS37730	7891305	7892660	+	protein_coding	arm	1356	0	0	0	0
SC_RS37735	SCO7102	SC_RS37735	7892704	7893258	-	protein_coding	arm	555	0	0	0	0
SC_RS37740	SCO7103	SC_RS37740	7893453	7893704	-	protein_coding	arm	252	0	0	0	0
SC_RS37745	SCO7104	SC_RS37745	7894195	7895073	+	protein_coding	arm	879	0	0	0	0
SC_RS37750	SCO7105	SC_RS37750	7895116	7896042	-	protein_coding	arm	927	0	0	0	0
SC_RS37755	SCO7106	SC_RS37755	7896424	7896690	+	protein_coding	arm	267	0	0	0	0
SC_RS37760	SCO7107	SC_RS37760	7896813	7897409	-	protein_coding	arm	597	0	0	0	0
SC_RS37765	SCO7108	SC_RS37765	7897518	7898264	-	protein_coding	arm	747	0	0	0	0
SC_RS37770	SCO7109	SC_RS37770	7898419	7900149	-	protein_coding	arm	1731	0	0	0	0
SC_RS37780	SCO7111	SC_RS37780	7900740	7901237	-	protein_coding	arm	498	0	0	0	0
SC_RS37785	SCO7112	SC_RS37785	7901360	7902256	-	protein_coding	arm	897	0	0	0	0
SC_RS37790	SCO7113	SC_RS37790	7902488	7903123	+	protein_coding	arm	636	0	0	0	0
SC_RS37795	SCO7114	SC_RS37795	7903130	7904521	-	protein_coding	arm	1392	0	0	0	0
SC_RS37800	SCO7115	SC_RS37800	7904521	7905621	-	protein_coding	arm	1101	0	0	0	0
SC_RS37805	SCO7116	SC_RS37805	7905713	7906456	-	protein_coding	arm	744	0	0	0	0
SC_RS37810	SCO7117	SC_RS37810	7906453	7907715	-	protein_coding	arm	1263	0	0	0	0
SC_RS37815	SCO7118	SC_RS37815	7907864	7908628	-	protein_coding	arm	765	0	0	0	0
SC_RS37820	SCO7119	SC_RS37820	7908808	7909746	+	protein_coding	arm	939	1	0	0	1
SC_RS37825	SCO7120	qcrB	7910084	7911703	+	protein_coding	arm	1620	1	0	1	1
SC_RS37830	SCO7121	SC_RS37830	7911841	7912686	+	protein_coding	arm	846	1	0	0	1
SC_RS37835	SCO7122	SC_RS37835	7912792	7913283	+	protein_coding	arm	492	1	0	0	1
SC_RS37840	SCO7123	SC_RS37840	7913374	7914627	-	protein_coding	arm	1254	0	0	0	0
SC_RS37845	SCO7124	aceE	7914737	7917424	-	protein_coding	arm	2688	0	0	0	0
SC_RS37850	SCO7125	SC_RS37850	7917541	7918281	-	protein_coding	arm	741	0	0	0	0
SC_RS37855	SCO7126	SC_RS37855	7918561	7919013	+	protein_coding	arm	453	0	0	0	0
SC_RS37860	SCO7127	SC_RS37860	7919133	7919627	-	protein_coding	arm	495	0	0	0	0
SC_RS37865	SCO7128	SC_RS37865	7919673	7921208	-	protein_coding	arm	1536	0	0	0	0
SC_RS37870	SCO7129	SC_RS37870	7921324	7921794	-	protein_coding	arm	471	0	0	0	0
SC_RS37875	SCO7130	SC_RS37875	7922097	7922885	+	protein_coding	arm	789	0	0	0	0
SC_RS37880	SCO7131	SC_RS37880	7922986	7923936	+	protein_coding	arm	951	0	0	0	0
SC_RS37885	SCO7132	SC_RS37885	7923955	7924674	+	protein_coding	arm	720	0	0	0	0
SC_RS37890	SCO7133	SC_RS37890	7924780	7925121	+	protein_coding	arm	342	0	0	0	0
SC_RS37895	SCO7134	SC_RS37895	7925356	7928127	+	protein_coding	arm	2772	0	0	0	0
SC_RS37900	SCO7135	SC_RS37900	7928148	7928555	-	protein_coding	arm	408	0	0	0	0
SC_RS37905	SCO7136	SC_RS37905	7928742	7929485	+	protein_coding	arm	744	0	0	0	0
SC_RS37910	SCO7137	SC_RS37910	7929510	7932251	-	protein_coding	arm	2742	1	0	1	1
SC_RS37915	SCO7138	SC_RS37915	7932458	7932790	+	protein_coding	arm	333	1	0	0	1
SC_RS37920	SCO7139	SC_RS37920	7932929	7934395	+	protein_coding	arm	1467	2	0	0	2
SC_RS37925	SCO7140	SC_RS37925	7934492	7935322	+	protein_coding	arm	831	1	0	0	1
SC_RS37930	SCO7141	SC_RS37930	7935350	7935958	-	protein_coding	arm	609	1	0	1	1
SC_RS37935	SCO7142	SC_RS37935	7936071	7936472	+	protein_coding	arm	402	1	0	0	1
SC_RS37940	SCO7143	SC_RS37940	7936673	7939486	+	protein_coding	arm	2814	1	0	0	1
SC_RS37945	SCO7144	SC_RS37945	7939618	7940355	+	protein_coding	arm	738	0	0	0	0
SC_RS37950	SCO7145	SC_RS37950	7940566	7941048	+	protein_coding	arm	483	0	0	0	0
SC_RS37955	SCO7146	SC_RS37955	7941058	7941408	+	protein_coding	arm	351	0	0	0	0
SC_RS37960	SCO7147	SC_RS37960	7941649	7942416	+	protein_coding	arm	768	0	0	0	0
SC_RS37965	SCO7149	SC_RS37965	7942893	7943348	+	protein_coding	arm	456	0	0	0	0
SC_RS37975	SCO7150	SC_RS37975	7943578	7944414	-	protein_coding	arm	837	0	0	0	0
SC_RS37980	SCO7151	SC_RS37980	7944613	7945416	+	protein_coding	arm	804	0	0	0	0
SC_RS37985	SCO7152	SC_RS37985	7945453	7946277	+	protein_coding	arm	825	0	0	0	0
SC_RS37990	SCO7153	SC_RS37990	7946421	7947839	+	protein_coding	arm	1419	0	0	0	0
SC_RS37995	SCO7154	ilvC	7947903	7948901	-	protein_coding	arm	999	0	0	0	0
SC_RS38000	SCO7155	SC_RS38000	7949234	7950301	+	protein_coding	arm	1068	0	0	0	0
SC_RS38005	SCO7156	SC_RS38005	7950408	7950953	-	protein_coding	arm	546	0	0	0	0
SC_RS38015	SCO7158	SC_RS38015	7951544	7953982	+	protein_coding	arm	2439	0	0	0	0
SC_RS38020	SCO7159	SC_RS38020	7954049	7955986	+	protein_coding	arm	1938	0	0	0	0
SC_RS38025	SCO7160	SC_RS38025	7956000	7956833	-	protein_coding	arm	834	0	0	0	0
SC_RS38030	SCO7161	SC_RS38030	7956843	7957625	-	protein_coding	arm	783	0	0	0	0
SC_RS38035	SCO7162	SC_RS38035	7957724	7958665	-	protein_coding	arm	942	0	0	0	0
SC_RS38040	SCO7163	SC_RS38040	7958644	7959462	-	protein_coding	arm	819	0	0	0	0
SC_RS38045	SCO7164	SC_RS38045	7959459	7961477	-	protein_coding	arm	2019	0	0	0	0
SC_RS38050	SCO7165	SC_RS38050	7961479	7962270	-	protein_coding	arm	792	0	0	0	0
SC_RS38055	SCO7166	SC_RS38055	7962441	7963373	-	protein_coding	arm	933	0	0	0	0
SC_RS38060	SCO7167	SC_RS38060	7963370	7964647	-	protein_coding	arm	1278	0	0	0	0
SC_RS38065	SCO7168	SC_RS38065	7964783	7965457	+	protein_coding	arm	675	1	0	0	1
SC_RS38070	SCO7170	SC_RS38070	7966015	7968375	+	protein_coding	arm	2361	1	0	1	1
SC_RS38075	SCO7171	SC_RS38075	7968419	7968850	-	protein_coding	arm	432	2	0	0	2
SC_RS38080	SCO7172	SC_RS38080	7969170	7969406	+	protein_coding	arm	237	1	0	0	1
SC_RS38085	SCO7173	SC_RS38085	7969712	7972438	+	protein_coding	arm	2727	1	0	1	1
SC_RS38090	SCO7174	SC_RS38090	7972368	7972685	-	protein_coding	arm	318	1	0	0	1
SC_RS38095	SCO7175	SC_RS38095	7972971	7973441	+	protein_coding	arm	471	0	0	0	0
SC_RS38100	SCO7176	SC_RS38100	7973481	7977242	-	protein_coding	arm	3762	0	0	0	0
SC_RS38105	SCO7178	SC_RS38105	7977963	7978478	+	protein_coding	arm	516	0	0	0	0
SC_RS38110	SCO7179	SC_RS38110	7978957	7980885	-	protein_coding	arm	1929	2	0	1	2
SC_RS38115	SCO7180	SC_RS38115	7981070	7981423	-	protein_coding	arm	354	2	0	0	2
SC_RS38120	SCO7181	SC_RS38120	7981617	7982402	+	protein_coding	arm	786	2	0	0	2
SC_RS38125	SCO7182	SC_RS38125	7982399	7983112	+	protein_coding	arm	714	2	0	1	2
SC_RS38130	SCO7183	SC_RS38130	7983160	7984032	+	protein_coding	arm	873	1	0	0	1
SC_RS38135	SCO7184	SC_RS38135	7984029	7985084	+	protein_coding	arm	1056	1	0	0	1
SC_RS38140	SCO7185	SC_RS38140	7985081	7986271	+	protein_coding	arm	1191	0	0	0	0
SC_RS38145	SCO7186	SC_RS38145	7986419	7986640	+	protein_coding	arm	222	0	0	0	0
SC_RS38150	SCO7187	SC_RS38150	7986672	7988690	-	protein_coding	arm	2019	0	0	0	0
SC_RS38155	SCO7188	SC_RS38155	7988871	7992590	-	protein_coding	arm	3720	0	0	0	0
SC_RS38160	SCO7189	SC_RS38160	7992891	7993154	-	protein_coding	arm	264	0	0	0	0
SC_RS38165	SCO7190	SC_RS38165	7993470	7994357	+	protein_coding	arm	888	0	0	0	0
SC_RS38170	SCO7191	SC_RS38170	7994561	7995307	-	protein_coding	arm	747	0	0	0	0
SC_RS38175	SCO7192	SC_RS38175	7995692	7996294	+	protein_coding	arm	603	0	0	0	0
SC_RS38180	SCO7193	SC_RS38180	7996511	7997461	+	protein_coding	arm	951	0	0	0	0
SC_RS38185	SCO7194	SC_RS38185	7997836	7998651	+	protein_coding	arm	816	0	0	0	0
SC_RS38195	SCO7195	SC_RS38195	7999105	7999371	-	protein_coding	arm	267	0	0	0	0
SC_RS38200	SCO7196	SC_RS38200	7999751	8000539	-	protein_coding	arm	789	0	0	0	0
SC_RS38205	SCO7197	SC_RS38205	8000799	8002337	-	protein_coding	arm	1539	0	0	0	0
SC_RS38210	SCO7198	SC_RS38210	8002667	8003038	-	protein_coding	arm	372	0	0	0	0
SC_RS38215	SCO7200	SC_RS38215	8003571	8004116	-	protein_coding	arm	546	1	0	0	1
SC_RS38220	SCO7201	SC_RS38220	8004242	8004748	+	protein_coding	arm	507	1	0	0	1
SC_RS38225	SCO7202	SC_RS38225	8004894	8005571	+	protein_coding	arm	678	1	0	1	1
SC_RS38230	SCO7203	SC_RS38230	8005743	8006447	+	protein_coding	arm	705	1	1	0	1
SC_RS38235		SC_RS38235	8006839	8007075	+	protein_coding	arm	237	1	0	0	1
SC_RS38240	SCO7204	SC_RS38240	8007146	8007316	-	protein_coding	arm	171	1	0	0	1
SC_RS38245	SCO7205	SC_RS38245	8007497	8008357	+	protein_coding	arm	861	0	0	0	0
SC_RS38250	SCO7206	SC_RS38250	8008499	8009599	+	protein_coding	arm	1101	0	0	0	0
SC_RS38255	SCO7207	SC_RS38255	8009646	8010506	+	protein_coding	arm	861	0	0	0	0
SC_RS38260	SCO7210	SC_RS38260	8010973	8011434	+	protein_coding	arm	462	0	0	0	0
SC_RS38265	SCO7211	SC_RS38265	8011635	8013374	-	protein_coding	arm	1740	0	0	0	0
SC_RS38270	SCO7212	SC_RS38270	8013393	8016281	-	protein_coding	arm	2889	0	0	0	0
SC_RS38275		SC_RS38275	8016858	8017022	+	protein_coding	arm	165	0	0	0	0
SC_RS38280	SCO7213	SC_RS38280	8017040	8017786	+	protein_coding	arm	747	0	0	0	0
SC_RS38285	SCO7214	SC_RS38285	8017954	8019021	-	protein_coding	arm	1068	0	0	0	0
SC_RS38290	SCO7215	SC_RS38290	8019248	8019808	-	protein_coding	arm	561	0	0	0	0
SC_RS38295	SCO7216	SC_RS38295	8020184	8021290	+	protein_coding	arm	1107	0	0	0	0
SC_RS38300	SCO7217	SC_RS38300	8021290	8022063	+	protein_coding	arm	774	0	0	0	0
SC_RS38305	SCO7218	SC_RS38305	8022130	8023167	+	protein_coding	arm	1038	0	0	0	0
SC_RS38310	SCO7219	SC_RS38310	8023216	8023842	-	protein_coding	arm	627	0	0	0	0
SC_RS38315	SCO7220	SC_RS38315	8023944	8026103	-	protein_coding	arm	2160	0	0	0	0
SC_RS38320	SCO7221	SC_RS38320	8026306	8027475	-	protein_coding	arm	1170	0	0	0	0
SC_RS38325	SCO7222	SC_RS38325	8027802	8028512	-	protein_coding	arm	711	0	0	0	0
SC_RS38330	SCO7223	SC_RS38330	8028659	8029780	+	protein_coding	arm	1122	0	0	0	0
SC_RS38335	SCO7224	SC_RS38335	8029922	8030377	-	protein_coding	arm	456	0	0	0	0
SC_RS38340	SCO7225	SC_RS38340	8030688	8031422	+	protein_coding	arm	735	0	0	0	0
SC_RS38345	SCO7226	SC_RS38345	8031554	8031985	+	protein_coding	arm	432	0	0	0	0
SC_RS38350	SCO7227	SC_RS38350	8031988	8033013	+	protein_coding	arm	1026	0	0	0	0
SC_RS38355	SCO7228	SC_RS38355	8033017	8034594	-	protein_coding	arm	1578	0	0	0	0
SC_RS38360	SCO7229	SC_RS38360	8034753	8035697	-	protein_coding	arm	945	0	0	0	0
SC_RS38365	SCO7230	SC_RS38365	8035811	8036500	+	protein_coding	arm	690	0	0	0	0
SC_RS38370	SCO7231	SC_RS38370	8036527	8038008	+	protein_coding	arm	1482	0	0	0	0
SC_RS38375	SCO7232	SC_RS38375	8038005	8038640	+	protein_coding	arm	636	0	0	0	0
SC_RS38380	SCO7233	SC_RS38380	8038819	8041623	+	protein_coding	arm	2805	0	0	0	0
SC_RS38385	SCO7234	ctaD	8041766	8043442	+	protein_coding	arm	1677	0	0	0	0
SC_RS38390	SCO7235	SC_RS38390	8043439	8043849	+	protein_coding	arm	411	0	0	0	0
SC_RS38395	SCO7236	qcrB	8043825	8045489	-	protein_coding	arm	1665	0	0	0	0
SC_RS38400	SCO7237	SC_RS38400	8045564	8045923	-	protein_coding	arm	360	0	0	0	0
SC_RS38405	SCO7238	SC_RS38405	8046083	8046460	+	protein_coding	arm	378	0	0	0	0
SC_RS38410	SCO7239	SC_RS38410	8046501	8047403	+	protein_coding	arm	903	0	0	0	0
SC_RS38415	SCO7240	SC_RS38415	8047425	8049662	+	protein_coding	arm	2238	0	0	0	0
SC_RS38420	SCO7241	SC_RS38420	8049723	8051294	+	protein_coding	arm	1572	0	0	0	0
SC_RS38425	SCO7242	SC_RS38425	8051378	8051503	+	protein_coding	arm	126	0	0	0	0
SC_RS38430	SCO7243	SC_RS38430	8051543	8053318	-	protein_coding	arm	1776	0	0	0	0
SC_RS38435	SCO7244	SC_RS38435	8053492	8055009	+	protein_coding	arm	1518	0	0	0	0
SC_RS38440	SCO7245	SC_RS38440	8055078	8055983	+	protein_coding	arm	906	0	0	0	0
SC_RS38445	SCO7246	SC_RS38445	8056020	8056262	+	protein_coding	arm	243	0	0	0	0
SC_RS38450	SCO7247	SC_RS38450	8056347	8057249	+	protein_coding	arm	903	0	0	0	0
SC_RS38455	SCO7248	SC_RS38455	8057286	8057888	+	protein_coding	arm	603	1	0	0	1
SC_RS38460	SCO7249	SC_RS38460	8057947	8058444	+	protein_coding	arm	498	1	0	0	1
SC_RS38465	SCO7250	SC_RS38465	8058466	8060403	-	protein_coding	arm	1938	1	0	1	1
SC_RS38470	SCO7251	SC_RS38470	8060696	8061838	-	protein_coding	arm	1143	1	0	0	1
SC_RS38475	SCO7252	SC_RS38475	8062135	8063643	+	protein_coding	arm	1509	0	0	0	0
SC_RS38480	SCO7253	SC_RS38480	8063663	8064979	-	protein_coding	arm	1317	0	0	0	0
SC_RS38485	SCO7254	SC_RS38485	8065252	8066280	-	protein_coding	arm	1029	0	0	0	0
SC_RS38490	SCO7255	SC_RS38490	8066404	8067498	-	protein_coding	arm	1095	0	0	0	0
SC_RS38495	SCO7256	SC_RS38495	8067580	8069211	-	protein_coding	arm	1632	0	0	0	0
SC_RS38500	SCO7257	chpB	8069445	8070158	+	protein_coding	arm	714	0	0	0	0
SC_RS38505	SCO7258	SC_RS38505	8070206	8070691	-	protein_coding	arm	486	0	0	0	0
SC_RS38510	SCO7259	SC_RS38510	8070834	8071793	+	protein_coding	arm	960	0	0	0	0
SC_RS38515	SCO7260	SC_RS38515	8071805	8072074	-	protein_coding	arm	270	0	0	0	0
SC_RS38520	SCO7261	SC_RS38520	8072211	8072654	-	protein_coding	arm	444	0	0	0	0
SC_RS38525	SCO7262	SC_RS38525	8072945	8073109	+	protein_coding	arm	165	0	0	0	0
SC_RS38530	SCO7263	SC_RS38530	8073282	8074172	+	protein_coding	arm	891	0	0	0	0
SC_RS38535	SCO7264	SC_RS38535	8074201	8075100	+	protein_coding	arm	900	0	0	0	0
SC_RS38540	SCO7265	SC_RS38540	8075475	8075981	-	protein_coding	arm	507	0	0	0	0
SC_RS38545	SCO7266	SC_RS38545	8076071	8076796	-	protein_coding	arm	726	0	0	0	0
SC_RS38550	SCO7267	SC_RS38550	8077041	8077436	+	protein_coding	arm	396	0	0	0	0
SC_RS38555	SCO7268	SC_RS38555	8077471	8078550	+	protein_coding	arm	1080	0	0	0	0
SC_RS38560	SCO7269	SC_RS38560	8078532	8079047	-	protein_coding	arm	516	0	0	0	0
SC_RS38565	SCO7270	SC_RS38565	8079088	8079972	-	protein_coding	arm	885	0	0	0	0
SC_RS38570	SCO7271	mgrA	8080101	8081093	+	protein_coding	arm	993	0	0	0	0
SC_RS38575	SCO7272	SC_RS38575	8081175	8081558	-	protein_coding	arm	384	0	0	0	0
SC_RS38580	SCO7273	SC_RS38580	8081893	8082303	+	protein_coding	arm	411	0	0	0	0
SC_RS38585	SCO7274	SC_RS38585	8082329	8083624	-	protein_coding	arm	1296	0	0	0	0
SC_RS38590	SCO7275	SC_RS38590	8083750	8084169	-	protein_coding	arm	420	0	0	0	0
SC_RS38595	SCO7276	SC_RS38595	8084166	8084750	-	protein_coding	arm	585	0	0	0	0
SC_RS38600	SCO7277	SC_RS38600	8084920	8085375	+	protein_coding	arm	456	0	0	0	0
SC_RS38605	SCO7278	SC_RS38605	8085400	8086287	-	protein_coding	arm	888	0	0	0	0
SC_RS38610	SCO7279	SC_RS38610	8086495	8086968	+	protein_coding	arm	474	0	0	0	0
SC_RS38615	SCO7280	SC_RS38615	8087020	8087622	-	protein_coding	arm	603	0	0	0	0
SC_RS38620	SCO7281	SC_RS38620	8087624	8088277	-	protein_coding	arm	654	0	0	0	0
SC_RS38625	SCO7282	SC_RS38625	8088496	8088978	+	protein_coding	arm	483	0	0	0	0
SC_RS38630	SCO7283	SC_RS38630	8089106	8089903	+	protein_coding	arm	798	0	0	0	0
SC_RS38635	SCO7284	SC_RS38635	8089935	8090642	+	protein_coding	arm	708	0	0	0	0
SC_RS38640	SCO7285	SC_RS38640	8090751	8092010	+	protein_coding	arm	1260	0	0	0	0
SC_RS38645	SCO7286	SC_RS38645	8092023	8093006	+	protein_coding	arm	984	0	0	0	0
SC_RS38650	SCO7287	SC_RS38650	8093034	8093387	-	protein_coding	arm	354	0	0	0	0
SC_RS38655	SCO7288	SC_RS38655	8093620	8094045	+	protein_coding	arm	426	0	0	0	0
SC_RS38660	SCO7289	SC_RS38660	8094134	8094562	-	protein_coding	arm	429	0	0	0	0
SC_RS38665	SCO7290	SC_RS38665	8094656	8095633	-	protein_coding	arm	978	0	0	0	0
SC_RS38670	SCO7291	SC_RS38670	8095690	8097312	-	protein_coding	arm	1623	0	0	0	0
SC_RS38675	SCO7292	SC_RS38675	8097454	8098413	-	protein_coding	arm	960	0	0	0	0
SC_RS38680	SCO7293	SC_RS38680	8098439	8099116	-	protein_coding	arm	678	0	0	0	0
SC_RS38685	SCO7294	SC_RS38685	8099128	8100432	-	protein_coding	arm	1305	0	0	0	0
SC_RS38690	SCO7295	SC_RS38690	8100524	8103490	-	protein_coding	arm	2967	0	0	0	0
SC_RS38695	SCO7296	SC_RS38695	8103557	8103910	-	protein_coding	arm	354	0	0	0	0
SC_RS38705	SCO7298	SC_RS38705	8105397	8107073	-	protein_coding	arm	1677	0	0	0	0
SC_RS38710	SCO7299	SC_RS38710	8107284	8108156	+	protein_coding	arm	873	0	0	0	0
SC_RS38715	SCO7300	SC_RS38715	8108173	8109405	-	protein_coding	arm	1233	0	0	0	0
SC_RS38720	SCO7301	SC_RS38720	8109415	8110161	-	protein_coding	arm	747	0	0	0	0
SC_RS38725	SCO7302	SC_RS38725	8110240	8110872	-	protein_coding	arm	633	0	0	0	0
SC_RS38730	SCO7303	SC_RS38730	8111024	8111647	+	protein_coding	arm	624	0	0	0	0
SC_RS38735	SCO7304	SC_RS38735	8111687	8113360	+	protein_coding	arm	1674	0	0	0	0
SC_RS38740	SCO7305	SC_RS38740	8113394	8113747	-	protein_coding	arm	354	0	0	0	0
SC_RS38745	SCO7306	SC_RS38745	8113809	8114060	-	protein_coding	arm	252	0	0	0	0
SC_RS38750	SCO7307	SC_RS38750	8114185	8115087	-	protein_coding	arm	903	0	0	0	0
SC_RS38755	SCO7308	SC_RS38755	8115165	8115779	+	protein_coding	arm	615	0	0	0	0
SC_RS38760	SCO7309	SC_RS38760	8115877	8117187	+	protein_coding	arm	1311	0	0	0	0
SC_RS38765	SCO7310	SC_RS38765	8117195	8117650	-	protein_coding	arm	456	0	0	0	0
SC_RS38770	SCO7311	SC_RS38770	8118005	8119483	-	protein_coding	arm	1479	0	0	0	0
SC_RS38775	SCO7312	SC_RS38775	8119513	8119746	-	protein_coding	arm	234	0	0	0	0
SC_RS38780	SCO7313	SC_RS38780	8119902	8120348	+	protein_coding	arm	447	0	0	0	0
SC_RS38785	SCO7314	SC_RS38785	8120541	8121440	+	protein_coding	arm	900	0	0	0	0
SC_RS38790	SCO7315	SC_RS38790	8121460	8121699	+	protein_coding	arm	240	0	0	0	0
SC_RS38795	SCO7316	SC_RS38795	8121760	8122602	+	protein_coding	arm	843	1	0	0	1
SC_RS38800	SCO7317	SC_RS38800	8122631	8123065	+	protein_coding	arm	435	1	0	0	1
SC_RS38805	SCO7318	SC_RS38805	8123089	8125335	-	protein_coding	arm	2247	1	0	1	1
SC_RS38810	SCO7319	SC_RS38810	8125470	8126846	-	protein_coding	arm	1377	1	0	0	1
SC_RS38815	SCO7320	SC_RS38815	8127055	8128797	-	protein_coding	arm	1743	0	0	0	0
SC_RS38820	SCO7321	SC_RS38820	8128794	8129858	-	protein_coding	arm	1065	0	0	0	0
SC_RS38825	SCO7322	SC_RS38825	8129858	8130298	-	protein_coding	arm	441	0	0	0	0
SC_RS38830	SCO7323	SC_RS38830	8130298	8130729	-	protein_coding	arm	432	0	0	0	0
SC_RS38835	SCO7324	SC_RS38835	8130726	8131625	-	protein_coding	arm	900	0	0	0	0
SC_RS38840	SCO7325	SC_RS38840	8131786	8132178	-	protein_coding	arm	393	0	0	0	0
SC_RS38845	SCO7326	SC_RS38845	8132296	8134770	-	protein_coding	arm	2475	1	1	0	1
SC_RS38850	SCO7327	SC_RS38850	8134767	8138762	-	protein_coding	arm	3996	1	0	1	1
SC_RS38855	SCO7328	SC_RS38855	8139033	8139467	-	protein_coding	arm	435	0	0	0	0
SC_RS38860	SCO7329	SC_RS38860	8139603	8141513	-	protein_coding	arm	1911	0	0	0	0
SC_RS38865	SCO7330	SC_RS38865	8141668	8141904	+	protein_coding	arm	237	0	0	0	0
SC_RS38870	SCO7331	SC_RS38870	8141930	8143021	-	protein_coding	arm	1092	0	0	0	0
SC_RS38875	SCO7332	glgB	8143094	8145319	-	protein_coding	arm	2226	0	0	0	0
SC_RS38880	SCO7333	SC_RS38880	8145323	8146684	-	protein_coding	arm	1362	0	0	0	0
SC_RS38885	SCO7334	treS	8146713	8148431	-	protein_coding	arm	1719	0	0	0	0
SC_RS38890	SCO7335	SC_RS38890	8148428	8150437	-	protein_coding	arm	2010	0	0	0	0
SC_RS38895	SCO7336	SC_RS38895	8150499	8150771	-	protein_coding	arm	273	0	0	0	0
SC_RS38900	SCO7337	SC_RS38900	8151064	8151579	+	protein_coding	arm	516	0	0	0	0
SC_RS38905	SCO7338	glgX	8151576	8153723	+	protein_coding	arm	2148	0	0	0	0
SC_RS38910	SCO7339	SC_RS38910	8153726	8154526	-	protein_coding	arm	801	0	0	0	0
SC_RS38915	SCO7340	SC_RS38915	8154646	8155017	+	protein_coding	arm	372	0	0	0	0
SC_RS38920	SCO7341	SC_RS38920	8154965	8155756	-	protein_coding	arm	792	0	0	0	0
SC_RS38925	SCO7342	SC_RS38925	8156060	8156584	+	protein_coding	arm	525	0	0	0	0
SC_RS38930	SCO7343	hemC	8156604	8157545	-	protein_coding	arm	942	0	0	0	0
SC_RS38935	SCO7344	SC_RS38935	8157613	8158389	-	protein_coding	arm	777	0	0	0	0
SC_RS38940	SCO7345	SC_RS38940	8158531	8159511	-	protein_coding	arm	981	0	0	0	0
SC_RS38945	SCO7346	SC_RS38945	8159608	8161062	-	protein_coding	arm	1455	0	0	0	0
SC_RS38950	SCO7347	SC_RS38950	8161308	8161964	+	protein_coding	arm	657	0	0	0	0
SC_RS38955	SCO7350	SC_RS38955	8162598	8163794	-	protein_coding	arm	1197	0	0	0	0
SC_RS38960	SCO7351	SC_RS38960	8163903	8164718	+	protein_coding	arm	816	0	0	0	0
SC_RS38965	SCO7352	SC_RS38965	8164751	8165131	+	protein_coding	arm	381	0	0	0	0
SC_RS38970	SCO7353	SC_RS38970	8165128	8165595	+	protein_coding	arm	468	0	0	0	0
SC_RS38975	SCO7354	SC_RS38975	8165657	8168029	+	protein_coding	arm	2373	0	0	0	0
SC_RS38980	SCO7355	SC_RS38980	8168062	8168703	-	protein_coding	arm	642	0	0	0	0
SC_RS38985	SCO7356	SC_RS38985	8168760	8169590	-	protein_coding	arm	831	1	0	0	1
SC_RS38990	SCO7357	SC_RS38990	8169703	8170689	+	protein_coding	arm	987	1	0	0	1
SC_RS38995	SCO7358	SC_RS38995	8170720	8172222	-	protein_coding	arm	1503	1	0	1	1
SC_RS39000	SCO7359	SC_RS39000	8172314	8173069	-	protein_coding	arm	756	1	0	0	1
SC_RS39005	SCO7360	SC_RS39005	8173119	8173739	-	protein_coding	arm	621	1	0	0	1
SC_RS39010	SCO7361	SC_RS39010	8173887	8175416	+	protein_coding	arm	1530	0	0	0	0
SC_RS39015	SCO7362	SC_RS39015	8175571	8176611	-	protein_coding	arm	1041	0	0	0	0
SC_RS39020	SCO7363	SC_RS39020	8176680	8177471	-	protein_coding	arm	792	0	0	0	0
SC_RS39025	SCO7364	SC_RS39025	8177482	8178147	-	protein_coding	arm	666	0	0	0	0
SC_RS39030	SCO7365	SC_RS39030	8178292	8178615	+	protein_coding	arm	324	0	0	0	0
SC_RS39035	SCO7366	SC_RS39035	8178701	8179468	+	protein_coding	arm	768	0	0	0	0
SC_RS39040	SCO7367	SC_RS39040	8179502	8180842	-	protein_coding	arm	1341	0	0	0	0
SC_RS39045	SCO7368	SC_RS39045	8181085	8181612	+	protein_coding	arm	528	0	0	0	0
SC_RS39050	SCO7369	SC_RS39050	8181660	8182973	-	protein_coding	arm	1314	0	0	0	0
SC_RS39055	SCO7370	SC_RS39055	8183344	8184384	+	protein_coding	arm	1041	0	0	0	0
SC_RS39060	SCO7371	SC_RS39060	8184508	8185071	-	protein_coding	arm	564	0	0	0	0
SC_RS39065	SCO7372	SC_RS39065	8185152	8185685	-	protein_coding	arm	534	0	0	0	0
SC_RS39070	SCO7373	SC_RS39070	8185841	8186332	-	protein_coding	arm	492	0	0	0	0
SC_RS39075	SCO7374	SC_RS39075	8186329	8188821	-	protein_coding	arm	2493	0	0	0	0
SC_RS39085	SCO7376	SC_RS39085	8189725	8190453	-	protein_coding	arm	729	1	0	0	1
SC_RS39090	SCO7377	SC_RS39090	8190450	8190707	-	protein_coding	arm	258	1	0	0	1
SC_RS39095	SCO7378	SC_RS39095	8190704	8191414	-	protein_coding	arm	711	1	0	1	1
SC_RS39100	SCO7379	SC_RS39100	8191562	8191873	+	protein_coding	arm	312	1	1	0	1
SC_RS39105	SCO7380	SC_RS39105	8191911	8193224	-	protein_coding	arm	1314	1	0	0	1
SC_RS39110	SCO7381	SC_RS39110	8193260	8193673	+	protein_coding	arm	414	0	0	0	0
SC_RS39115	SCO7384	SC_RS39115	8195889	8197229	+	protein_coding	arm	1341	0	0	0	0
SC_RS39120	SCO7385	SC_RS39120	8197385	8197828	+	protein_coding	arm	444	0	0	0	0
SC_RS39125	SCO7386	SC_RS39125	8198068	8199240	-	protein_coding	arm	1173	0	0	0	0
SC_RS39130	SCO7387	SC_RS39130	8199503	8200009	+	protein_coding	arm	507	0	0	0	0
SC_RS39135	SCO7388	SC_RS39135	8200002	8201621	+	protein_coding	arm	1620	1	0	0	1
SC_RS39140	SCO7389	SC_RS39140	8201665	8202543	+	protein_coding	arm	879	1	0	0	1
SC_RS39160		SC_RS39160	8203951	8204043	+	protein_coding	arm	93	1	1	0	1
SC_RS39165	SCO7392	SC_RS39165	8204060	8204551	+	protein_coding	arm	492	1	1	0	1
SC_RS39170	SCO7393	SC_RS39170	8204557	8205306	-	protein_coding	arm	750	1	0	0	1
SC_RS39175	SCO7394	SC_RS39175	8205523	8206461	+	protein_coding	arm	939	1	0	0	1
SC_RS39180	SCO7395	proP	8206425	8207912	-	protein_coding	arm	1488	0	0	0	0
SC_RS39185	SCO7396	SC_RS39185	8208050	8209387	-	protein_coding	arm	1338	0	0	0	0
SC_RS39190	SCO7397	SC_RS39190	8209545	8210141	-	protein_coding	arm	597	0	0	0	0
SC_RS39195	SCO7398	cdtC	8210201	8212285	-	protein_coding	arm	2085	0	0	0	0
SC_RS39200	SCO7399	cdtB	8212293	8213276	-	protein_coding	arm	984	0	0	0	0
SC_RS39205	SCO7400	cdtA	8213273	8214151	-	protein_coding	arm	879	0	0	0	0
SC_RS39210	SCO7401	SC_RS39210	8214255	8214824	-	protein_coding	arm	570	0	0	0	0
SC_RS39215	SCO7402	SC_RS39215	8214910	8216082	-	protein_coding	arm	1173	0	0	0	0
SC_RS39220	SCO7403	SC_RS39220	8216238	8216423	+	protein_coding	arm	186	0	0	0	0
SC_RS39225	SCO7404	SC_RS39225	8216457	8217248	-	protein_coding	arm	792	0	0	0	0
SC_RS39230	SCO7405	SC_RS39230	8217360	8218007	-	protein_coding	arm	648	0	0	0	0
SC_RS39235	SCO7406	SC_RS39235	8218101	8220176	-	protein_coding	arm	2076	0	0	0	0
SC_RS39240	SCO7407	SC_RS39240	8220304	8222349	-	protein_coding	arm	2046	0	0	0	0
SC_RS39245	SCO7408	SC_RS39245	8222376	8223731	-	protein_coding	arm	1356	0	0	0	0
SC_RS39250	SCO7409	SC_RS39250	8223827	8224777	-	protein_coding	arm	951	0	0	0	0
SC_RS39255	SCO7410	SC_RS39255	8224785	8225711	-	protein_coding	arm	927	0	0	0	0
SC_RS39260	SCO7411	SC_RS39260	8225904	8226962	+	protein_coding	arm	1059	0	0	0	0
SC_RS39265	SCO7412	SC_RS39265	8227072	8228874	+	protein_coding	arm	1803	1	0	0	1
SC_RS39270	SCO7413	SC_RS39270	8228871	8229902	+	protein_coding	arm	1032	1	0	1	1
SC_RS39275	SCO7414	SC_RS39275	8229906	8230712	-	protein_coding	arm	807	1	0	0	1
SC_RS39280	SCO7415	SC_RS39280	8230865	8232022	+	protein_coding	arm	1158	1	0	0	1
SC_RS39285	SCO7416	SC_RS39285	8232052	8232456	-	protein_coding	arm	405	0	0	0	0
SC_RS39290	SCO7417	SC_RS39290	8232555	8233778	-	protein_coding	arm	1224	0	0	0	0
SC_RS39295	SCO7418	SC_RS39295	8233775	8235016	-	protein_coding	arm	1242	0	0	0	0
SC_RS39300	SCO7419	SC_RS39300	8235013	8235654	-	protein_coding	arm	642	0	0	0	0
SC_RS39305	SCO7420	SC_RS39305	8235635	8235982	-	protein_coding	arm	348	0	0	0	0
SC_RS39310	SCO7421	SC_RS39310	8235979	8236386	-	protein_coding	arm	408	0	0	0	0
SC_RS39315	SCO7422	SC_RS39315	8236383	8238014	-	protein_coding	arm	1632	0	0	0	0
SC_RS39320	SCO7423	SC_RS39320	8238152	8238862	-	protein_coding	arm	711	0	0	0	0
SC_RS39325	SCO7424	SC_RS39325	8238976	8239428	+	protein_coding	arm	453	0	0	0	0
SC_RS39330	SCO7425	SC_RS39330	8239425	8241158	+	protein_coding	arm	1734	0	0	0	0
SC_RS39335	SCO7426	SC_RS39335	8241248	8241685	-	protein_coding	arm	438	0	0	0	0
SC_RS39340	SCO7427	nsrR	8241835	8242281	+	protein_coding	arm	447	0	0	0	0
SC_RS39345	SCO7428	SC_RS39345	8242355	8243551	+	protein_coding	arm	1197	0	0	0	0
SC_RS39350	SCO7429	SC_RS39350	8243600	8243950	-	protein_coding	arm	351	0	0	0	0
SC_RS39355	SCO7430	SC_RS39355	8244126	8244812	+	protein_coding	arm	687	0	0	0	0
SC_RS39360	SCO7431	SC_RS39360	8244832	8245092	-	protein_coding	arm	261	0	0	0	0
SC_RS39365	SCO7432	snpA	8245226	8245909	-	protein_coding	arm	684	0	0	0	0
SC_RS39370	SCO7433	SC_RS39370	8246125	8247111	+	protein_coding	arm	987	0	0	0	0
SC_RS39375	SCO7434	SC_RS39375	8247219	8247980	+	protein_coding	arm	762	0	0	0	0
SC_RS39380	SCO7435	SC_RS39380	8248054	8249322	-	protein_coding	arm	1269	0	0	0	0
SC_RS39385	SCO7436	SC_RS39385	8249413	8250867	-	protein_coding	arm	1455	0	0	0	0
SC_RS39390	SCO7437	mdlC	8250914	8252494	-	protein_coding	arm	1581	0	0	0	0
SC_RS39395	SCO7438	SC_RS39395	8252589	8253524	+	protein_coding	arm	936	0	0	0	0
SC_RS39400	SCO7439	SC_RS39400	8253535	8254275	+	protein_coding	arm	741	0	0	0	0
SC_RS39405	SCO7440	SC_RS39405	8254317	8255261	-	protein_coding	arm	945	0	0	0	0
SC_RS39410	SCO7441	SC_RS39410	8255351	8255941	+	protein_coding	arm	591	0	0	0	0
SC_RS39415	SCO7442	SC_RS39415	8256136	8256564	+	protein_coding	arm	429	0	0	0	0
SC_RS39420	SCO7443	pgm	8256653	8258293	+	protein_coding	arm	1641	0	0	0	0
SC_RS39425	SCO7444	SC_RS39425	8258333	8259529	-	protein_coding	arm	1197	0	0	0	0
SC_RS39430	SCO7445	SC_RS39430	8259792	8260529	+	protein_coding	arm	738	0	0	0	0
SC_RS39435	SCO7446	SC_RS39435	8260631	8261071	+	protein_coding	arm	441	0	0	0	0
SC_RS39440	SCO7447	SC_RS39440	8261520	8262071	-	protein_coding	arm	552	0	0	0	0
SC_RS39445	SCO7448	SC_RS39445	8262216	8264150	+	protein_coding	arm	1935	0	0	0	0
SC_RS39450	SCO7449	SC_RS39450	8264413	8265090	+	protein_coding	arm	678	0	0	0	0
SC_RS39455	SCO7450	SC_RS39455	8265216	8265896	+	protein_coding	arm	681	0	0	0	0
SC_RS39460	SCO7451	SC_RS39460	8266048	8267244	+	protein_coding	arm	1197	0	0	0	0
SC_RS39465	SCO7452	SC_RS39465	8267283	8268311	-	protein_coding	arm	1029	0	0	0	0
SC_RS39470	SCO7453	SC_RS39470	8268376	8269446	-	protein_coding	arm	1071	0	0	0	0
SC_RS39475	SCO7454	SC_RS39475	8269590	8270384	+	protein_coding	arm	795	0	0	0	0
SC_RS39480	SCO7455	SC_RS39480	8270459	8270995	+	protein_coding	arm	537	0	0	0	0
SC_RS39485	SCO7456	SC_RS39485	8271037	8271528	-	protein_coding	arm	492	0	0	0	0
SC_RS39490	SCO7457	SC_RS39490	8271571	8271969	-	protein_coding	arm	399	0	0	0	0
SC_RS39495	SCO7458	rpfE	8272128	8272493	+	protein_coding	arm	366	0	0	0	0
SC_RS39500	SCO7459	SC_RS39500	8272690	8273529	-	protein_coding	arm	840	0	0	0	0
SC_RS39505	SCO7460	SC_RS39505	8273736	8274806	+	protein_coding	arm	1071	0	0	0	0
SC_RS39510	SCO7461	SC_RS39510	8274847	8275575	-	protein_coding	arm	729	0	0	0	0
SC_RS39515	SCO7462	SC_RS39515	8275745	8276497	-	protein_coding	arm	753	0	0	0	0
SC_RS39520	SCO7463	SC_RS39520	8276830	8278032	+	protein_coding	arm	1203	0	0	0	0
SC_RS39525	SCO7464	SC_RS39525	8278029	8278430	+	protein_coding	arm	402	0	0	0	0
SC_RS39530	SCO7465	SC_RS39530	8278427	8278804	+	protein_coding	arm	378	0	0	0	0
SC_RS39535	SCO7466	SC_RS39535	8278779	8279372	+	protein_coding	arm	594	0	0	0	0
SC_RS39540	SCO7467	SC_RS39540	8279637	8280764	+	protein_coding	arm	1128	0	0	0	0
SC_RS39545	SCO7468	SC_RS39545	8280867	8282165	-	protein_coding	arm	1299	0	0	0	0
SC_RS39550	SCO7469	paaK	8282277	8283623	-	protein_coding	arm	1347	1	0	0	1
SC_RS39555	SCO7470	paaI	8283620	8284132	-	protein_coding	arm	513	1	1	0	1
SC_RS39560	SCO7471	paaA	8284297	8285283	+	protein_coding	arm	987	1	1	0	1
SC_RS39565	SCO7472	paaB	8285280	8285591	+	protein_coding	arm	312	1	0	0	1
SC_RS39570	SCO7473	paaC	8285601	8286428	+	protein_coding	arm	828	1	0	0	1
SC_RS39575	SCO7474	paaD	8286422	8286937	+	protein_coding	arm	516	0	0	0	0
SC_RS39580	SCO7475	paaE	8286937	8288043	+	protein_coding	arm	1107	0	0	0	0
SC_RS39585	SCO7476	SC_RS39585	8288251	8289468	-	protein_coding	arm	1218	0	0	0	0
SC_RS39590	SCO7477	SC_RS39590	8289725	8291218	+	protein_coding	arm	1494	0	0	0	0
SC_RS39595	SCO7478	SC_RS39595	8291215	8292117	-	protein_coding	arm	903	0	0	0	0
SC_RS39600	SCO7479	SC_RS39600	8292151	8293314	-	protein_coding	arm	1164	0	0	0	0
SC_RS39605	SCO7480	SC_RS39605	8293353	8293976	+	protein_coding	arm	624	0	0	0	0
SC_RS39610	SCO7481	SC_RS39610	8293977	8294552	-	protein_coding	arm	576	0	0	0	0
SC_RS39615	SCO7482	SC_RS39615	8294732	8295145	+	protein_coding	arm	414	0	0	0	0
SC_RS39620	SCO7483	SC_RS39620	8295316	8295723	+	protein_coding	arm	408	0	0	0	0
SC_RS39630	SCO7486	SC_RS39630	8296646	8297848	-	protein_coding	arm	1203	0	0	0	0
SC_RS39635	SCO7487	SC_RS39635	8297867	8298751	-	protein_coding	arm	885	0	0	0	0
SC_RS39640	SCO7488	SC_RS39640	8298748	8299779	-	protein_coding	arm	1032	0	0	0	0
SC_RS39645	SCO7489	SC_RS39645	8299813	8301216	-	protein_coding	arm	1404	0	0	0	0
SC_RS39650	SCO7490	SC_RS39650	8301441	8302487	+	protein_coding	arm	1047	0	0	0	0
SC_RS39655	SCO7491	SC_RS39655	8302514	8303314	+	protein_coding	arm	801	0	0	0	0
SC_RS39660	SCO7492	SC_RS39660	8303311	8304675	+	protein_coding	arm	1365	0	0	0	0
SC_RS39665	SCO7493	SC_RS39665	8304672	8306609	+	protein_coding	arm	1938	0	0	0	0
SC_RS39670	SCO7494	SC_RS39670	8306615	8307055	-	protein_coding	arm	441	0	0	0	0
SC_RS39680	SCO7496	SC_RS39680	8308033	8308830	-	protein_coding	arm	798	0	0	0	0
SC_RS39685	SCO7497	SC_RS39685	8308924	8309703	+	protein_coding	arm	780	0	0	0	0
SC_RS39690	SCO7498	SC_RS39690	8309894	8310544	-	protein_coding	arm	651	0	0	0	0
SC_RS39695	SCO7499	SC_RS39695	8310669	8311394	-	protein_coding	arm	726	0	0	0	0
SC_RS39700	SCO7500	SC_RS39700	8311492	8312979	-	protein_coding	arm	1488	0	0	0	0
SC_RS39705	SCO7501	SC_RS39705	8313196	8314671	+	protein_coding	arm	1476	0	0	0	0
SC_RS39710	SCO7502	SC_RS39710	8314675	8315715	-	protein_coding	arm	1041	0	0	0	0
SC_RS39715	SCO7503	SC_RS39715	8315870	8317243	+	protein_coding	arm	1374	0	0	0	0
SC_RS39720	SCO7504	SC_RS39720	8317265	8318206	+	protein_coding	arm	942	0	0	0	0
SC_RS39725	SCO7505	SC_RS39725	8318209	8319108	+	protein_coding	arm	900	0	0	0	0
SC_RS39730	SCO7506	SC_RS39730	8319174	8320994	+	protein_coding	arm	1821	0	0	0	0
SC_RS39735	SCO7507	SC_RS39735	8321047	8321994	-	protein_coding	arm	948	0	0	0	0
SC_RS39740	SCO7508	SC_RS39740	8322307	8323140	-	protein_coding	arm	834	0	0	0	0
SC_RS39745	SCO7509	SC_RS39745	8323180	8324658	-	protein_coding	arm	1479	0	0	0	0
SC_RS39750	SCO7510	SC_RS39750	8324810	8325307	-	protein_coding	arm	498	0	0	0	0
SC_RS39755	SCO7511	gap	8325357	8326355	-	protein_coding	arm	999	0	0	0	0
SC_RS39760	SCO7512	SC_RS39760	8326492	8327448	-	protein_coding	arm	957	0	0	0	0
SC_RS39765	SCO7513	SC_RS39765	8327480	8328367	-	protein_coding	arm	888	0	0	0	0
SC_RS39770	SCO7514	SC_RS39770	8328549	8329049	+	protein_coding	arm	501	0	0	0	0
SC_RS39775	SCO7515	SC_RS39775	8329348	8329917	+	protein_coding	arm	570	0	0	0	0
SC_RS39780	SCO7516	htpG	8329972	8331888	+	protein_coding	arm	1917	0	0	0	0
SC_RS39785	SCO7517	SC_RS39785	8332218	8333516	+	protein_coding	arm	1299	0	0	0	0
SC_RS39790	SCO7518	SC_RS39790	8333583	8334140	-	protein_coding	arm	558	0	0	0	0
SC_RS39795	SCO7519	SC_RS39795	8334151	8334732	-	protein_coding	arm	582	0	0	0	0
SC_RS39800	SCO7520	SC_RS39800	8334804	8336018	-	protein_coding	arm	1215	0	0	0	0
SC_RS39805	SCO7521	SC_RS39805	8336087	8337202	-	protein_coding	arm	1116	0	0	0	0
SC_RS39810	SCO7522	ligA	8337389	8339479	-	protein_coding	arm	2091	0	0	0	0
SC_RS39815	SCO7523	SC_RS39815	8339604	8342117	+	protein_coding	arm	2514	0	0	0	0
SC_RS39820	SCO7524	SC_RS39820	8342114	8342632	+	protein_coding	arm	519	0	0	0	0
SC_RS39825	SCO7525	SC_RS39825	8342696	8344990	+	protein_coding	arm	2295	0	0	0	0
SC_RS39830	SCO7526	SC_RS39830	8345074	8346285	+	protein_coding	arm	1212	0	0	0	0
SC_RS39835	SCO7527	SC_RS39835	8346301	8347302	-	protein_coding	arm	1002	0	0	0	0
SC_RS39840	SCO7528	SC_RS39840	8347435	8347857	+	protein_coding	arm	423	0	0	0	0
SC_RS39845	SCO7529	SC_RS39845	8347854	8348954	+	protein_coding	arm	1101	0	0	0	0
SC_RS39850	SCO7530	SC_RS39850	8348997	8350073	-	protein_coding	arm	1077	0	0	0	0
SC_RS39855	SCO7531	SC_RS39855	8350151	8351407	-	protein_coding	arm	1257	0	0	0	0
SC_RS39860	SCO7532	SC_RS39860	8351511	8352350	-	protein_coding	arm	840	0	0	0	0
SC_RS39865	SCO7533	SC_RS39865	8352526	8353227	+	protein_coding	arm	702	0	0	0	0
SC_RS39870	SCO7534	SC_RS39870	8353224	8354738	+	protein_coding	arm	1515	0	0	0	0
SC_RS39875	SCO7535	SC_RS39875	8354735	8355298	+	protein_coding	arm	564	0	0	0	0
SC_RS39880	SCO7536	SC_RS39880	8355539	8357758	+	protein_coding	arm	2220	0	0	0	0
SC_RS39885	SCO7537	SC_RS39885	8357815	8359128	-	protein_coding	arm	1314	0	0	0	0
SC_RS39890	SCO7538	SC_RS39890	8359236	8360183	+	protein_coding	arm	948	0	0	0	0
SC_RS39895	SCO7539	SC_RS39895	8360197	8360931	-	protein_coding	arm	735	0	0	0	0
SC_RS39900	SCO7540	SC_RS39900	8361080	8361751	-	protein_coding	arm	672	0	0	0	0
SC_RS39905	SCO7541	SC_RS39905	8361751	8363910	-	protein_coding	arm	2160	1	0	0	1
SC_RS39910	SCO7542	SC_RS39910	8364041	8365387	-	protein_coding	arm	1347	1	0	1	1
SC_RS39915	SCO7543	SC_RS39915	8365625	8366890	+	protein_coding	arm	1266	1	1	0	1
SC_RS39920	SCO7544	SC_RS39920	8366985	8367788	+	protein_coding	arm	804	1	0	0	1
SC_RS39925	SCO7545	SC_RS39925	8367785	8368597	+	protein_coding	arm	813	0	0	0	0
SC_RS39930	SCO7546	SC_RS39930	8368618	8369616	+	protein_coding	arm	999	0	0	0	0
SC_RS39935	SCO7547	SC_RS39935	8369673	8371214	+	protein_coding	arm	1542	0	0	0	0
SC_RS39940	SCO7548	SC_RS39940	8371247	8372236	+	protein_coding	arm	990	0	0	0	0
SC_RS39945	SCO7549	SC_RS39945	8372211	8372555	-	protein_coding	arm	345	0	0	0	0
SC_RS39950	SCO7550	SC_RS39950	8372680	8373498	-	protein_coding	arm	819	0	0	0	0
SC_RS39955	SCO7551	SC_RS39955	8373704	8373907	-	protein_coding	arm	204	0	0	0	0
SC_RS39960	SCO7552	SC_RS39960	8373973	8374590	-	protein_coding	arm	618	0	0	0	0
SC_RS39965	SCO7553	SC_RS39965	8374690	8375652	+	protein_coding	arm	963	0	0	0	0
SC_RS39970	SCO7554	SC_RS39970	8375936	8376949	-	protein_coding	arm	1014	0	0	0	0
SC_RS39975	SCO7555	SC_RS39975	8377286	8378596	+	protein_coding	arm	1311	0	0	0	0
SC_RS39980	SCO7556	SC_RS39980	8378701	8379696	+	protein_coding	arm	996	0	0	0	0
SC_RS39985	SCO7557	SC_RS39985	8379709	8380632	+	protein_coding	arm	924	0	0	0	0
SC_RS39990	SCO7558	SC_RS39990	8380679	8382118	+	protein_coding	arm	1440	0	0	0	0
SC_RS39995	SCO7559	SC_RS39995	8382232	8383428	-	protein_coding	arm	1197	0	0	0	0
SC_RS40000	SCO7560	SC_RS40000	8383565	8384098	-	protein_coding	arm	534	0	0	0	0
SC_RS40005	SCO7561	SC_RS40005	8384103	8385164	-	protein_coding	arm	1062	1	0	0	1
SC_RS40010	SCO7562	SC_RS40010	8385161	8385997	-	protein_coding	arm	837	1	0	0	1
SC_RS40015	SCO7563	SC_RS40015	8386052	8387629	+	protein_coding	arm	1578	1	0	1	1
SC_RS40020	SCO7564	SC_RS40020	8387626	8388618	+	protein_coding	arm	993	1	1	0	1
SC_RS40025	SCO7565	SC_RS40025	8388615	8389529	+	protein_coding	arm	915	1	0	0	1
SC_RS40030	SCO7566	SC_RS40030	8389526	8390392	+	protein_coding	arm	867	0	0	0	0
SC_RS40035	SCO7567	SC_RS40035	8390389	8391339	+	protein_coding	arm	951	0	0	0	0
SC_RS40040	SCO7568	SC_RS40040	8391351	8392310	-	protein_coding	arm	960	0	0	0	0
SC_RS40045	SCO7569	SC_RS40045	8392352	8393143	+	protein_coding	arm	792	0	0	0	0
SC_RS40050	SCO7570	SC_RS40050	8393167	8394294	+	protein_coding	arm	1128	0	0	0	0
SC_RS40055	SCO7571	SC_RS40055	8394291	8394704	+	protein_coding	arm	414	0	0	0	0
SC_RS40060	SCO7572	SC_RS40060	8394796	8397792	+	protein_coding	arm	2997	0	0	0	0
SC_RS40065	SCO7573	SC_RS40065	8397789	8398133	-	protein_coding	arm	345	0	0	0	0
SC_RS40070	SCO7574	SC_RS40070	8398334	8398483	+	protein_coding	arm	150	0	0	0	0
SC_RS40075	SCO7575	SC_RS40075	8398566	8399423	-	protein_coding	arm	858	0	0	0	0
SC_RS40080	SCO7576	SC_RS40080	8399524	8400717	-	protein_coding	arm	1194	0	0	0	0
SC_RS40085	SCO7577	SC_RS40085	8400971	8402080	+	protein_coding	arm	1110	0	0	0	0
SC_RS40090	SCO7578	SC_RS40090	8402124	8402600	-	protein_coding	arm	477	0	0	0	0
SC_RS40095	SCO7579	SC_RS40095	8402873	8403748	+	protein_coding	arm	876	0	0	0	0
SC_RS40100	SCO7580	SC_RS40100	8403793	8404608	+	protein_coding	arm	816	0	0	0	0
SC_RS40105	SCO7581	SC_RS40105	8404672	8406342	-	protein_coding	arm	1671	0	0	0	0
SC_RS40110	SCO7582	SC_RS40110	8406363	8407580	-	protein_coding	arm	1218	0	0	0	0
SC_RS40115	SCO7583	SC_RS40115	8407717	8409591	+	protein_coding	arm	1875	0	0	0	0
SC_RS40120	SCO7584	SC_RS40120	8409626	8410198	-	protein_coding	arm	573	0	0	0	0
SC_RS40125	SCO7585	SC_RS40125	8410259	8410624	-	protein_coding	arm	366	0	0	0	0
SC_RS40130	SCO7586	SC_RS40130	8410741	8411814	+	protein_coding	arm	1074	0	0	0	0
SC_RS40135	SCO7587	SC_RS40135	8411919	8413286	+	protein_coding	arm	1368	0	0	0	0
SC_RS40140	SCO7588	SC_RS40140	8413357	8414277	-	protein_coding	arm	921	0	0	0	0
SC_RS40145	SCO7589	SC_RS40145	8414425	8415174	-	protein_coding	arm	750	0	0	0	0
SC_RS40150	SCO7590	SC_RS40150	8415439	8416959	-	protein_coding	arm	1521	0	0	0	0
SC_RS40155	SCO7591	SC_RS40155	8417434	8418396	-	protein_coding	arm	963	0	0	0	0
SC_RS40160	SCO7592	SC_RS40160	8418509	8419402	+	protein_coding	arm	894	0	0	0	0
SC_RS40165	SCO7593	SC_RS40165	8419486	8419851	+	protein_coding	arm	366	0	0	0	0
SC_RS40170	SCO7594	mgrA	8420016	8421062	+	protein_coding	arm	1047	0	0	0	0
SC_RS40175	SCO7595	SC_RS40175	8421086	8422261	-	protein_coding	arm	1176	0	0	0	0
SC_RS40180	SCO7596	SC_RS40180	8422299	8423870	-	protein_coding	arm	1572	0	0	0	0
SC_RS40185	SCO7597	SC_RS40185	8423879	8424865	-	protein_coding	arm	987	0	0	0	0
SC_RS40190	SCO7599	SC_RS40190	8425073	8426008	+	protein_coding	arm	936	1	0	0	1
SC_RS40195	SCO7600	SC_RS40195	8426016	8427230	-	protein_coding	arm	1215	1	1	0	1
SC_RS40200	SCO7601	SC_RS40200	8427526	8428998	-	protein_coding	arm	1473	1	0	1	1
SC_RS40205	SCO7602	SC_RS40205	8429126	8429713	+	protein_coding	arm	588	1	0	0	1
SC_RS40210	SCO7603	SC_RS40210	8429821	8430759	-	protein_coding	arm	939	0	0	0	0
SC_RS40215	SCO7604	SC_RS40215	8430913	8431779	+	protein_coding	arm	867	0	0	0	0
SC_RS40220	SCO7605	SC_RS40220	8431787	8433208	-	protein_coding	arm	1422	1	0	0	1
SC_RS40225	SCO7606	SC_RS40225	8433408	8434529	+	protein_coding	arm	1122	1	0	0	1
SC_RS40230	SCO7607	SC_RS40230	8434553	8435713	-	protein_coding	arm	1161	1	0	1	1
SC_RS40235	SCO7608	SC_RS40235	8435879	8436253	+	protein_coding	arm	375	1	0	0	1
SC_RS40240	SCO7609	SC_RS40240	8436288	8436974	-	protein_coding	arm	687	1	0	0	1
SC_RS40245	SCO7610	SC_RS40245	8437174	8438154	+	protein_coding	arm	981	0	0	0	0
SC_RS40250	SCO7611	SC_RS40250	8438187	8438870	+	protein_coding	arm	684	0	0	0	0
SC_RS40255	SCO7612	SC_RS40255	8438874	8439524	-	protein_coding	arm	651	0	0	0	0
SC_RS40260	SCO7613	SC_RS40260	8439704	8442160	-	protein_coding	arm	2457	0	0	0	0
SC_RS40265	SCO7614	SC_RS40265	8442244	8442765	-	protein_coding	arm	522	0	0	0	0
SC_RS40270	SCO7615	SC_RS40270	8442864	8443736	+	protein_coding	arm	873	0	0	0	0
SC_RS40275	SCO7616	SC_RS40275	8443733	8444002	+	protein_coding	arm	270	0	0	0	0
SC_RS40280	SCO7617	SC_RS40280	8443999	8444814	+	protein_coding	arm	816	0	0	0	0
SC_RS40285	SCO7618	SC_RS40285	8444856	8445614	+	protein_coding	arm	759	0	0	0	0
SC_RS40290	SCO7619	SC_RS40290	8445701	8446105	+	protein_coding	arm	405	0	0	0	0
SC_RS40295	SCO7620	SC_RS40295	8446200	8446559	+	protein_coding	arm	360	0	0	0	0
SC_RS40300	SCO7621	SC_RS40300	8446701	8447144	+	protein_coding	arm	444	0	0	0	0
SC_RS40305	SCO7622	pntB	8447193	8448653	-	protein_coding	arm	1461	0	0	0	0
SC_RS40310	SCO7623	SC_RS40310	8448650	8450224	-	protein_coding	arm	1575	0	0	0	0
SC_RS40315	SCO7624	SC_RS40315	8450331	8451026	-	protein_coding	arm	696	0	0	0	0
SC_RS40320	SCO7625	SC_RS40320	8451080	8452201	+	protein_coding	arm	1122	0	0	0	0
SC_RS40325	SCO7626	SC_RS40325	8452226	8453704	-	protein_coding	arm	1479	0	0	0	0
SC_RS40330	SCO7627	SC_RS40330	8453968	8454549	+	protein_coding	arm	582	0	0	0	0
SC_RS40335	SCO7628	SC_RS40335	8454704	8455840	+	protein_coding	arm	1137	0	0	0	0
SC_RS40340	SCO7629	manD	8455893	8457134	+	protein_coding	arm	1242	0	0	0	0
SC_RS40345	SCO7630	SC_RS40345	8457210	8457884	+	protein_coding	arm	675	0	0	0	0
SC_RS40350	SCO7631	SC_RS40350	8457868	8459757	-	protein_coding	arm	1890	0	0	0	0
SC_RS40355	SCO7632	SC_RS40355	8460001	8460834	+	protein_coding	arm	834	0	0	0	0
SC_RS40360	SCO7633	SC_RS40360	8460911	8461840	-	protein_coding	arm	930	0	0	0	0
SC_RS40365	SCO7634	SC_RS40365	8461956	8463857	+	protein_coding	arm	1902	0	0	0	0
SC_RS40370	SCO7635	SC_RS40370	8463880	8464428	-	protein_coding	arm	549	0	0	0	0
SC_RS40375	SCO7636	SC_RS40375	8464588	8464878	+	protein_coding	arm	291	0	0	0	0
SC_RS40380	SCO7637	SC_RS40380	8464939	8466318	-	protein_coding	arm	1380	0	0	0	0
SC_RS40385	SCO7638	eno	8466854	8468158	-	protein_coding	arm	1305	0	0	0	0
SC_RS40390	SCO7639	SC_RS40390	8468385	8468807	+	protein_coding	arm	423	0	0	0	0
SC_RS40395	SCO7640	SC_RS40395	8468827	8469810	-	protein_coding	arm	984	0	0	0	0
SC_RS40400	SCO7641	SC_RS40400	8469909	8471105	+	protein_coding	arm	1197	0	0	0	0
SC_RS40405	SCO7642	SC_RS40405	8471165	8471530	+	protein_coding	arm	366	0	0	0	0
SC_RS40410	SCO7643	SC_RS40410	8471554	8471823	+	protein_coding	arm	270	0	0	0	0
SC_RS40415	SCO7644	SC_RS40415	8471876	8473099	-	protein_coding	arm	1224	0	0	0	0
SC_RS40420	SCO7645	SC_RS40420	8473207	8473920	+	protein_coding	arm	714	0	0	0	0
SC_RS40425	SCO7646	SC_RS40425	8474054	8474326	+	protein_coding	arm	273	0	0	0	0
SC_RS40430	SCO7647	SC_RS40430	8474635	8475174	+	protein_coding	arm	540	0	0	0	0
SC_RS40435	SCO7648	SC_RS40435	8475216	8475908	-	protein_coding	arm	693	0	0	0	0
SC_RS40440	SCO7649	SC_RS40440	8476050	8477246	-	protein_coding	arm	1197	0	0	0	0
SC_RS40445	SCO7650	SC_RS40445	8477428	8478900	+	protein_coding	arm	1473	0	0	0	0
SC_RS40450	SCO7651	SC_RS40450	8478902	8479495	-	protein_coding	arm	594	0	0	0	0
SC_RS40455	SCO7652	SC_RS40455	8479547	8480098	+	protein_coding	arm	552	0	0	0	0
SC_RS40460	SCO7653	SC_RS40460	8480189	8480911	-	protein_coding	arm	723	0	0	0	0
SC_RS40465	SCO7654	SC_RS40465	8481163	8482020	+	protein_coding	arm	858	0	0	0	0
SC_RS40470	SCO7655	SC_RS40470	8482077	8483009	+	protein_coding	arm	933	1	0	0	1
SC_RS40475	SCO7656	SC_RS40475	8483053	8483598	+	protein_coding	arm	546	1	0	0	1
SC_RS40480	SCO7657	SC_RS40480	8483781	8485538	+	protein_coding	arm	1758	1	0	1	1
SC_RS40485	SCO7659	SC_RS40485	8485671	8486792	-	protein_coding	arm	1122	1	0	0	1
SC_RS40490	SCO7660	kcsA	8487119	8487601	+	protein_coding	arm	483	0	0	0	0
SC_RS40495	SCO7661	SC_RS40495	8487675	8488280	+	protein_coding	arm	606	0	0	0	0
SC_RS40500	SCO7662	SC_RS40500	8488518	8489696	+	protein_coding	arm	1179	0	0	0	0
SC_RS40505	SCO7663	SC_RS40505	8489928	8490212	-	protein_coding	arm	285	0	0	0	0
SC_RS40510	SCO7664	SC_RS40510	8490209	8490745	-	protein_coding	arm	537	1	0	0	1
SC_RS40515	SCO7665	SC_RS40515	8490754	8490963	-	protein_coding	arm	210	1	0	0	1
SC_RS40520	SCO7666	SC_RS40520	8491153	8492100	+	protein_coding	arm	948	1	0	0	1
SC_RS40525	SCO7667	SC_RS40525	8492106	8492702	+	protein_coding	arm	597	1	0	1	1
SC_RS40530	SCO7668	SC_RS40530	8492841	8493260	+	protein_coding	arm	420	1	1	0	1
SC_RS40535	SCO7669	SC_RS40535	8493549	8494580	-	protein_coding	arm	1032	1	0	0	1
SC_RS40540	SCO7670	SC_RS40540	8494577	8495092	-	protein_coding	arm	516	0	0	0	0
SC_RS40545	SCO7671	SC_RS40545	8495102	8496331	-	protein_coding	arm	1230	0	0	0	0
SC_RS40550	SCO7672	SC_RS40550	8496377	8497237	+	protein_coding	arm	861	0	0	0	0
SC_RS40555	SCO7673	SC_RS40555	8497424	8497978	+	protein_coding	arm	555	0	0	0	0
SC_RS40560	SCO7674	SC_RS40560	8498017	8498415	+	protein_coding	arm	399	0	0	0	0
SC_RS40565	SCO7675	SC_RS40565	8498457	8498906	+	protein_coding	arm	450	0	0	0	0
SC_RS40570	SCO7676	SC_RS40570	8499061	8499282	+	protein_coding	arm	222	0	0	0	0
SC_RS40575	SCO7677	SC_RS40575	8499392	8500978	+	protein_coding	arm	1587	0	0	0	0
SC_RS40580	SCO7678	SC_RS40580	8500975	8501925	+	protein_coding	arm	951	1	0	0	1
SC_RS40585	SCO7679	SC_RS40585	8501922	8502776	+	protein_coding	arm	855	1	0	0	1
SC_RS40590	SCO7680	SC_RS40590	8502773	8504398	+	protein_coding	arm	1626	1	0	1	1
SC_RS40595	SCO7681	SC_RS40595	8504461	8506122	-	protein_coding	arm	1662	1	0	0	1
SC_RS40600	SCO7682	SC_RS40600	8506283	8512972	+	protein_coding	arm	6690	1	0	1	1
SC_RS40605	SCO7683	SC_RS40605	8512969	8518497	+	protein_coding	arm	5529	1	0	0	1
SC_RS40610	SCO7684	SC_RS40610	8518494	8519645	+	protein_coding	arm	1152	0	0	0	0
SC_RS40615	SCO7685	SC_RS40615	8519642	8521675	+	protein_coding	arm	2034	0	0	0	0
SC_RS40620	SCO7686	SC_RS40620	8521684	8522919	+	protein_coding	arm	1236	0	0	0	0
SC_RS40625	SCO7687	SC_RS40625	8522916	8523749	+	protein_coding	arm	834	0	0	0	0
SC_RS40630	SCO7688	SC_RS40630	8523760	8524488	+	protein_coding	arm	729	0	0	0	0
SC_RS40635	SCO7689	SC_RS40635	8524485	8526347	+	protein_coding	arm	1863	0	0	0	0
SC_RS40640	SCO7690	SC_RS40640	8526344	8528107	+	protein_coding	arm	1764	0	0	0	0
SC_RS40645	SCO7691	SC_RS40645	8528166	8529581	+	protein_coding	arm	1416	0	0	0	0
SC_RS40650	SCO7693	SC_RS40650	8529982	8530953	-	protein_coding	arm	972	0	0	0	0
SC_RS40655	SCO7694	SC_RS40655	8531016	8531588	+	protein_coding	arm	573	0	0	0	0
SC_RS40660	SCO7695	SC_RS40660	8531641	8532009	-	protein_coding	arm	369	0	0	0	0
SC_RS40665	SCO7696	SC_RS40665	8532086	8532541	+	protein_coding	arm	456	0	0	0	0
SC_RS40670	SCO7697	SC_RS40670	8532741	8534048	+	protein_coding	arm	1308	0	0	0	0
SC_RS40675	SCO7698	SC_RS40675	8534142	8535239	-	protein_coding	arm	1098	0	0	0	0
SC_RS40680	SCO7699	SC_RS40680	8535532	8536947	+	protein_coding	arm	1416	0	0	0	0
SC_RS40685	SCO7700	SC_RS40685	8537030	8538352	+	protein_coding	arm	1323	0	0	0	0
SC_RS40690	SCO7701	SC_RS40690	8538368	8539246	+	protein_coding	arm	879	0	0	0	0
SC_RS40695	SCO7702	SC_RS40695	8539362	8540072	+	protein_coding	arm	711	0	0	0	0
SC_RS40700	SCO7703	SC_RS40700	8540069	8541319	+	protein_coding	arm	1251	0	0	0	0
SC_RS40705	SCO7704	SC_RS40705	8541365	8542072	+	protein_coding	arm	708	0	0	0	0
SC_RS40710	SCO7705	SC_RS40710	8542150	8543340	+	protein_coding	arm	1191	0	0	0	0
SC_RS40715	SCO7706	SC_RS40715	8543383	8544237	-	protein_coding	arm	855	0	0	0	0
SC_RS40720	SCO7707	SC_RS40720	8544375	8544659	+	protein_coding	arm	285	0	0	0	0
SC_RS40725	SCO7708	SC_RS40725	8544693	8545343	-	protein_coding	arm	651	0	0	0	0
SC_RS40730	SCO7709	SC_RS40730	8545444	8545872	+	protein_coding	arm	429	0	0	0	0
SC_RS40735	SCO7710	SC_RS40735	8545981	8546727	+	protein_coding	arm	747	0	0	0	0
SC_RS40740	SCO7711	SC_RS40740	8546786	8548315	+	protein_coding	arm	1530	0	0	0	0
SC_RS40745	SCO7712	SC_RS40745	8548323	8549003	+	protein_coding	arm	681	0	0	0	0
SC_RS40755	SCO7714	SC_RS40755	8549826	8550365	+	protein_coding	arm	540	0	0	0	0
SC_RS40760	SCO7715	SC_RS40760	8550431	8551234	+	protein_coding	arm	804	0	0	0	0
SC_RS40765	SCO7716	SC_RS40765	8551498	8551953	+	protein_coding	arm	456	0	0	0	0
SC_RS40770	SCO7717	SC_RS40770	8552007	8552420	-	protein_coding	arm	414	0	0	0	0
SC_RS40775	SCO7718	SC_RS40775	8552524	8553297	-	protein_coding	arm	774	0	0	0	0
SC_RS40780	SCO7719	SC_RS40780	8553428	8554087	-	protein_coding	arm	660	0	0	0	0
SC_RS40785	SCO7720	SC_RS40785	8554238	8555248	+	protein_coding	arm	1011	0	0	0	0
SC_RS40790	SCO7721	SC_RS40790	8555357	8556118	+	protein_coding	arm	762	0	0	0	0
SC_RS40795	SCO7722	SC_RS40795	8556355	8556939	+	protein_coding	arm	585	0	0	0	0
SC_RS40800	SCO7723	SC_RS40800	8557122	8558327	-	protein_coding	arm	1206	0	0	0	0
SC_RS40805	SCO7724	SC_RS40805	8558433	8559848	-	protein_coding	arm	1416	0	0	0	0
SC_RS40810	SCO7725	SC_RS40810	8560026	8560667	+	protein_coding	arm	642	0	0	0	0
SC_RS40815	SCO7726	SC_RS40815	8561544	8562200	+	protein_coding	arm	657	0	0	0	0
SC_RS40820	SCO7727	SC_RS40820	8562591	8563058	-	protein_coding	arm	468	1	0	0	1
SC_RS40825	SCO7728	SC_RS40825	8563210	8563518	+	protein_coding	arm	309	1	0	0	1
SC_RS40830	SCO7729	SC_RS40830	8563625	8564623	+	protein_coding	arm	999	1	0	0	1
SC_RS40835	SCO7730	SC_RS40835	8564658	8564996	+	protein_coding	arm	339	1	0	1	1
SC_RS40840	SCO7731	SC_RS40840	8565486	8566037	+	protein_coding	arm	552	1	0	0	1
SC_RS40845	SCO7732	SC_RS40845	8566732	8567118	+	protein_coding	arm	387	1	0	0	1
SC_RS40850	SCO7733	tap	8567132	8569351	+	protein_coding	arm	2220	0	0	0	0
SC_RS40855	SCO7734	tpg	8569361	8569918	+	protein_coding	arm	558	0	0	0	0
SC_RS40860	SCO7735	SC_RS40860	8569962	8570174	+	protein_coding	arm	213	0	0	0	0
SC_RS40865	SCO7736	SC_RS40865	8570209	8572470	-	protein_coding	arm	2262	0	0	0	0
SC_RS40870		SC_RS40870	8572975	8573685	-	protein_coding	arm	711	0	0	0	0
SC_RS40875	SCO7738	SC_RS40875	8573919	8574302	-	protein_coding	arm	384	0	0	0	0
SC_RS40890	SCO7741	SC_RS40890	8576308	8577372	-	protein_coding	arm	1065	0	0	0	0
SC_RS40895	SCO7742	SC_RS40895	8577403	8577879	+	protein_coding	arm	477	0	0	0	0
SC_RS40900	SCO7743	SC_RS40900	8578000	8578485	-	protein_coding	arm	486	0	0	0	0
SC_RS40910	SCO7747	SC_RS40910	8580056	8581234	+	protein_coding	arm	1179	0	0	0	0
SC_RS40915	SCO7748	SC_RS40915	8581478	8583109	+	protein_coding	arm	1632	0	0	0	0
SC_RS40920	SCO7749	SC_RS40920	8583106	8584200	+	protein_coding	arm	1095	0	0	0	0
SC_RS40925	SCO7750	SC_RS40925	8584197	8584610	+	protein_coding	arm	414	0	0	0	0
SC_RS40930	SCO7751	SC_RS40930	8584661	8585167	+	protein_coding	arm	507	0	0	0	0
SC_RS40935	SCO7752	SC_RS40935	8585463	8586017	-	protein_coding	arm	555	0	0	0	0
SC_RS40940	SCO7753	SC_RS40940	8586108	8586491	-	protein_coding	arm	384	0	0	0	0
SC_RS40945	SCO7754	SC_RS40945	8586637	8586975	+	protein_coding	arm	339	0	0	0	0
SC_RS40950	SCO7755	SC_RS40950	8587133	8587375	+	protein_coding	arm	243	0	0	0	0
SC_RS40955	SCO7757	SC_RS40955	8588247	8589079	-	protein_coding	arm	833	0	0	0	0
SC_RS40960	SCO7759	SC_RS40960	8589159	8590784	+	protein_coding	arm	1626	0	0	0	0
SC_RS40970		SC_RS40970	8591691	8591942	+	protein_coding	arm	252	0	0	0	0
SC_RS40975		SC_RS40975	8591968	8592516	-	protein_coding	arm	549	0	0	0	0
SC_RS40980	SCO7763	SC_RS40980	8593372	8594052	+	protein_coding	arm	681	0	0	0	0
SC_RS40985	SCO7765	SC_RS40985	8595004	8595444	+	protein_coding	arm	441	0	0	0	0
SC_RS40990	SCO7766	SC_RS40990	8595528	8596418	+	protein_coding	arm	891	0	0	0	0
SC_RS40995	SCO7767	SC_RS40995	8596583	8597410	-	protein_coding	arm	828	0	0	0	0
SC_RS41000	SCO7768	SC_RS41000	8597573	8597980	+	protein_coding	arm	408	0	0	0	0
SC_RS41005	SCO7769	SC_RS41005	8597980	8598822	+	protein_coding	arm	843	0	0	0	0
SC_RS41010	SCO7770	SC_RS41010	8598830	8599405	+	protein_coding	arm	576	0	0	0	0
SC_RS41015	SCO7772	SC_RS41015	8600297	8600881	-	protein_coding	arm	585	0	0	0	0
SC_RS41020	SCO7773	SC_RS41020	8601284	8601838	-	protein_coding	arm	555	0	0	0	0
SC_RS41030	SCO7774	SC_RS41030	8602543	8603184	+	protein_coding	arm	642	0	0	0	0
SC_RS41035	SCO7775	SC_RS41035	8603208	8603747	+	protein_coding	arm	540	0	0	0	0
SC_RS41045	SCO7777	SC_RS41045	8604711	8605640	-	protein_coding	arm	930	0	0	0	0
SC_RS41050	SCO7778	SC_RS41050	8605797	8606564	+	protein_coding	arm	768	0	0	0	0
SC_RS41055	SCO7779	SC_RS41055	8606671	8607396	-	protein_coding	arm	726	0	0	0	0
SC_RS41060	SCO7780	SC_RS41060	8607539	8608480	+	protein_coding	arm	942	0	0	0	0
SC_RS41070	SCO7782	SC_RS41070	8609130	8610347	+	protein_coding	arm	1218	0	0	0	0
SC_RS41080	SCO7784	SC_RS41080	8610788	8611627	+	protein_coding	arm	840	0	0	0	0
SC_RS41085	SCO7785	SC_RS41085	8611658	8612263	+	protein_coding	arm	606	0	0	0	0
SC_RS41100	SCO7788	SC_RS41100	8613848	8614045	-	protein_coding	arm	198	0	0	0	0
SC_RS41105	SCO7789	SC_RS41105	8614151	8614369	-	protein_coding	arm	219	0	0	0	0
SC_RS41110	SCO7790	SC_RS41110	8614384	8614620	-	protein_coding	arm	237	0	0	0	0
SC_RS41115	SCO7791	SC_RS41115	8614845	8616041	-	protein_coding	arm	1197	0	0	0	0
SC_RS41120	SCO7791a	SC_RS41120	8616047	8617276	-	protein_coding	arm	1230	0	0	0	0
SC_RS41125		SC_RS41125	8617566	8617739	-	protein_coding	arm	174	0	0	0	0
SC_RS41130	SCO7794	SC_RS41130	8618313	8618951	+	protein_coding	arm	639	0	0	0	0
SC_RS41135	SCO7796	SC_RS41135	8619356	8620069	+	protein_coding	arm	714	0	0	0	0
SC_RS41140	SCO7797	SC_RS41140	8620094	8620228	+	protein_coding	arm	135	0	0	0	0
SC_RS41150	SCO7801	SC_RS41150	8621520	8621900	+	protein_coding	arm	381	0	0	0	0
SC_RS41155		SC_RS41155	8622086	8622478	+	protein_coding	arm	393	0	0	0	0
SC_RS41160	SCO7803	SC_RS41160	8623230	8624186	+	protein_coding	arm	957	0	0	0	0
SC_RS41165		SC_RS41165	8624964	8625110	-	protein_coding	arm	147	0	0	0	0
SC_RS41170	SCO7804	SC_RS41170	8625198	8625431	+	protein_coding	arm	234	0	0	0	0
SC_RS41180	SCO7806	SC_RS41180	8626338	8627069	-	protein_coding	arm	732	0	0	0	0
SC_RS41185	SCO7808	SC_RS41185	8627358	8627603	-	protein_coding	arm	246	0	0	0	0
SC_RS41190	SCO7809	SC_RS41190	8628356	8628988	-	protein_coding	arm	633	0	0	0	0
SC_RS41195	SCO7810	SC_RS41195	8629028	8629804	+	protein_coding	arm	777	0	0	0	0
SC_RS41200	SCO7811	SC_RS41200	8630050	8630394	-	protein_coding	arm	345	0	0	0	0
SC_RS41205	SCO7812	SC_RS41205	8630427	8631482	-	protein_coding	arm	1056	0	0	0	0
SC_RS41210	SCO7813	SC_RS41210	8631557	8632408	+	protein_coding	arm	852	0	0	0	0
SC_RS41215		SC_RS41215	8633209	8633592	-	protein_coding	arm	384	0	0	0	0
SC_RS41220	SCO7814	SC_RS41220	8633882	8634775	-	protein_coding	arm	894	0	0	0	0
SC_RS41225	SCO7815	SC_RS41225	8634834	8635487	+	protein_coding	arm	654	0	0	0	0
SC_RS41230	SCO7816	SC_RS41230	8635608	8636324	+	protein_coding	arm	717	0	0	0	0
SC_RS41235	SCO7817	SC_RS41235	8636400	8637257	-	protein_coding	arm	858	0	0	0	0
SC_RS41240	SCO7818	SC_RS41240	8637359	8638123	+	protein_coding	arm	765	0	0	0	0
SC_RS41245	SCO7819	SC_RS41245	8638588	8639349	-	protein_coding	arm	762	0	0	0	0
SC_RS41250	SCO7821	SC_RS41250	8640037	8640450	+	protein_coding	arm	414	0	0	0	0
SC_RS41255		SC_RS41255	8641177	8641371	+	protein_coding	arm	195	0	0	0	0
SC_RS41260	SCO7822	lgt	8641685	8642638	-	protein_coding	arm	954	0	0	0	0
SC_RS41265	SCO7823	SC_RS41265	8642714	8643124	-	protein_coding	arm	411	1	0	0	1
SC_RS41270	SCO7824	SC_RS41270	8643240	8643812	-	protein_coding	arm	573	1	0	0	1
SC_RS41275	SCO7826	SC_RS41275	8644811	8645791	-	protein_coding	arm	981	1	0	1	1
SC_RS41280	SCO7827	SC_RS41280	8645888	8647537	-	protein_coding	arm	1650	1	0	0	1
SC_RS41285	SCO7829	SC_RS41285	8648145	8649023	+	protein_coding	arm	879	0	0	0	0
SC_RS41290	SCO7830	SC_RS41290	8649245	8649589	-	protein_coding	arm	345	0	0	0	0
SC_RS41295	SCO7831	SC_RS41295	8649590	8649793	-	protein_coding	arm	204	0	0	0	0
SC_RS41300	SCO7832	nhaA	8650206	8651438	+	protein_coding	arm	1233	0	0	0	0
SC_RS41305	SCO7833	SC_RS41305	8651913	8652191	+	protein_coding	arm	279	0	0	0	0
SC_RS41315	SCO7835	SC_RS41315	8653165	8653464	+	protein_coding	arm	300	0	0	0	0
SC_RS41325	SCO7837	SC_RS41325	8654051	8655142	-	protein_coding	arm	1092	0	0	0	0
SC_RS41335		SC_RS41335	8656145	8657101	-	protein_coding	arm	957	1	0	0	1
SC_RS41340	SCO7841	SC_RS41340	8657098	8658084	-	protein_coding	arm	987	1	0	0	1
SC_RS41345	SCO7842	SC_RS41345	8658201	8660354	-	protein_coding	arm	2154	1	0	1	1
SC_RS41350	SCO7843	SC_RS41350	8660335	8661162	-	protein_coding	arm	828	1	0	0	1
SC_RS41355	SCO7844	SC_RS41355	8661288	8663639	-	protein_coding	arm	2352	0	0	0	0
SC_RS41360	SCO7845	SC_RS41360	8663695	8666364	-	protein_coding	arm	2670	0	0	0	0
SC_RS41365		SC_RS41365	8666385	8666708	-	protein_coding	arm	324	0	0	0	0
SC_RS41370		SC_RS41370	8666809	8666931	-	protein_coding	arm	123	0	0	0	0
SC_RS00005	SCP1.01c	SC_RS00005	899	1522	-	protein_coding	arm	624	0	0	0	0
SC_RS00010	SCP1.02c	SC_RS00010	1607	2812	-	protein_coding	arm	1206	0	0	0	0
SC_RS00015	SCP1.03c	SC_RS00015	2903	3121	-	protein_coding	arm	219	0	0	0	0
SC_RS00020	SCP1.04c	SC_RS00020	3109	3345	-	protein_coding	arm	237	0	0	0	0
SC_RS00025	SCP1.05c	SC_RS00025	3424	3819	-	protein_coding	arm	396	0	0	0	0
SC_RS00030	SCP1.06c	SC_RS00030	4408	4632	-	protein_coding	arm	225	0	0	0	0
SC_RS00035	SCP1.07c	SC_RS00035	4629	4922	-	protein_coding	arm	294	0	0	0	0
SC_RS00040	SCP1.08c	SC_RS00040	4919	5440	-	protein_coding	arm	522	0	0	0	0
SC_RS00045	SCP1.09c	SC_RS00045	5516	6181	-	protein_coding	arm	666	0	0	0	0
SC_RS00050	SCP1.10	SC_RS00050	6777	7271	+	protein_coding	arm	495	0	0	0	0
SC_RS00055	SCP1.11c	SC_RS00055	7395	8243	-	protein_coding	arm	849	0	0	0	0
SC_RS00060	SCP1.12c	SC_RS00060	8135	8578	-	protein_coding	arm	444	0	0	0	0
SC_RS00065	SCP1.13c	SC_RS00065	8633	10183	-	protein_coding	arm	1551	0	0	0	0
SC_RS00070	SCP1.14c	SC_RS00070	10282	11454	-	protein_coding	arm	1173	0	0	0	0
SC_RS00075	SCP1.15	SC_RS00075	11690	11914	+	protein_coding	arm	225	0	0	0	0
SC_RS00080	SCP1.16c	SC_RS00080	12362	12946	-	protein_coding	arm	585	0	0	0	0
SC_RS00085	SCP1.17	SC_RS00085	13089	13907	+	protein_coding	arm	819	0	0	0	0
SC_RS00090	SCP1.18c	SC_RS00090	13943	16393	-	protein_coding	arm	2451	0	0	0	0
SC_RS00095	SCP1.19c	SC_RS00095	16386	17582	-	protein_coding	arm	1197	0	0	0	0
SC_RS00100	SCP1.20c	SC_RS00100	17618	18343	-	protein_coding	arm	726	0	0	0	0
SC_RS00105	SCP1.21c	SC_RS00105	18421	19278	-	protein_coding	arm	858	0	0	0	0
SC_RS00110	SCP1.22c	SC_RS00110	19353	19586	-	protein_coding	arm	234	0	0	0	0
SC_RS00115	SCP1.25c	SC_RS00115	20274	21338	-	protein_coding	arm	1065	0	0	0	0
SC_RS00120	SCP1.26c	SC_RS00120	22062	22904	-	protein_coding	arm	843	0	0	0	0
SC_RS00125	SCP1.27c	SC_RS00125	23099	26422	-	protein_coding	arm	3324	0	0	0	0
SC_RS00130	SCP1.28c	SC_RS00130	26523	26876	-	protein_coding	arm	354	0	0	0	0
SC_RS00135	SCP1.29	SC_RS00135	27713	28150	+	protein_coding	arm	438	0	0	0	0
SC_RS00140	SCP1.30	SC_RS00140	28328	28888	-	protein_coding	arm	561	0	0	0	0
SC_RS00145	SCP1.31	SC_RS00145	29125	29784	+	protein_coding	arm	660	0	0	0	0
SC_RS00150	SCP1.32c	SC_RS00150	29839	30219	-	protein_coding	arm	381	0	0	0	0
SC_RS00155	SCP1.33c	SC_RS00155	30246	31238	-	protein_coding	arm	993	0	0	0	0
SC_RS00160	SCP1.34	SC_RS00160	31461	32399	+	protein_coding	arm	939	0	0	0	0
SC_RS00165	SCP1.35	SC_RS00165	32556	32855	+	protein_coding	arm	300	0	0	0	0
SC_RS00170	SCP1.36c	SC_RS00170	33166	34080	-	protein_coding	arm	915	0	0	0	0
SC_RS00175	SCP1.37	SC_RS00175	34167	35162	+	protein_coding	arm	996	0	0	0	0
SC_RS00180	SCP1.38c	SC_RS00180	35455	36417	-	protein_coding	arm	963	0	0	0	0
SC_RS00185	SCP1.39c	SC_RS00185	36486	36905	-	protein_coding	arm	420	0	0	0	0
SC_RS00200	SCP1.41c	SC_RS00200	37969	39204	-	protein_coding	arm	1236	0	0	0	0
SC_RS00205	SCP1.42c	SC_RS00205	40107	40730	-	protein_coding	arm	624	0	0	0	0
SC_RS00210	SCP1.43	SC_RS00210	40935	41750	+	protein_coding	arm	816	0	0	0	0
SC_RS00215	SCP1.44	SC_RS00215	42353	43369	+	protein_coding	arm	1017	0	0	0	0
SC_RS00220	SCP1.45	SC_RS00220	43464	45101	+	protein_coding	arm	1638	0	0	0	0
SC_RS00225		SC_RS00225	45540	45668	+	protein_coding	arm	129	0	0	0	0
SC_RS00230		SC_RS00230	45946	46785	-	protein_coding	arm	840	0	0	0	0
SC_RS00235		SC_RS00235	46733	47431	-	protein_coding	arm	699	0	0	0	0
SC_RS00240		SC_RS00240	47388	47966	-	protein_coding	arm	579	0	0	0	0
SC_RS00245		SC_RS00245	47963	48967	-	protein_coding	arm	1005	0	0	0	0
SC_RS00250		SC_RS00250	49307	49684	+	protein_coding	arm	378	0	0	0	0
SC_RS00255	SCP1.47	SC_RS00255	49731	50141	+	protein_coding	arm	411	0	0	0	0
SC_RS00260	SCP1.48c	SC_RS00260	50418	51074	-	protein_coding	arm	657	0	0	0	0
SC_RS00265	SCP1.49c	SC_RS00265	51118	52008	-	protein_coding	arm	891	0	0	0	0
SC_RS00270	SCP1.50c	SC_RS00270	52099	53301	-	protein_coding	arm	1203	0	0	0	0
SC_RS00275	SCP1.51c	SC_RS00275	53318	53842	-	protein_coding	arm	525	0	0	0	0
SC_RS00280	SCP1.52c	SC_RS00280	53839	54702	-	protein_coding	arm	864	0	0	0	0
SC_RS00285	SCP1.53c	dmpG	54699	55715	-	protein_coding	arm	1017	0	0	0	0
SC_RS00290	SCP1.54c	SC_RS00290	55712	56593	-	protein_coding	arm	882	0	0	0	0
SC_RS00295	SCP1.55c	SC_RS00295	56620	57444	-	protein_coding	arm	825	0	0	0	0
SC_RS00300	SCP1.56c	SC_RS00300	57441	57893	-	protein_coding	arm	453	0	0	0	0
SC_RS00305	SCP1.57c	SC_RS00305	57923	58462	-	protein_coding	arm	540	0	0	0	0
SC_RS00310	SCP1.58c	SC_RS00310	58459	58887	-	protein_coding	arm	429	0	0	0	0
SC_RS00315	SCP1.59c	SC_RS00315	58920	59357	-	protein_coding	arm	438	0	0	0	0
SC_RS00320	SCP1.60	SC_RS00320	59650	60522	+	protein_coding	arm	873	0	0	0	0
SC_RS00325	SCP1.61	SC_RS00325	60519	60743	+	protein_coding	arm	225	0	0	0	0
SC_RS00330	SCP1.62	SC_RS00330	61144	61557	+	protein_coding	arm	414	0	0	0	0
SC_RS00335	SCP1.63	SC_RS00335	61655	63463	+	protein_coding	arm	1809	0	0	0	0
SC_RS00340	SCP1.64c	SC_RS00340	63427	63702	-	protein_coding	arm	276	0	0	0	0
SC_RS00345	SCP1.65	SC_RS00345	63899	66577	+	protein_coding	arm	2679	0	0	0	0
SC_RS00350	SCP1.66c	SC_RS00350	66588	66962	-	protein_coding	arm	375	0	0	0	0
SC_RS00355	SCP1.67c	SC_RS00355	66959	67213	-	protein_coding	arm	255	0	0	0	0
SC_RS00360		SC_RS00360	67259	67447	-	protein_coding	arm	189	0	0	0	0
SC_RS00365	SCP1.68	ku	67553	68452	+	protein_coding	arm	900	0	0	0	0
SC_RS00370	SCP1.69c	SC_RS00370	68525	68884	-	protein_coding	arm	360	0	0	0	0
SC_RS00375		SC_RS00375	69051	69398	+	protein_coding	arm	348	0	0	0	0
SC_RS00380	SCP1.71c	SC_RS00380	69453	69704	-	protein_coding	arm	252	0	0	0	0
SC_RS00385	SCP1.72c	SC_RS00385	69714	70400	-	protein_coding	arm	687	0	0	0	0
SC_RS00390	SCP1.73c	SC_RS00390	70445	72058	-	protein_coding	arm	1614	0	0	0	0
SC_RS00395	SCP1.74	SC_RS00395	72284	73369	+	protein_coding	arm	1086	0	0	0	0
SC_RS00400	SCP1.75c	SC_RS00400	73777	74073	-	protein_coding	arm	297	0	0	0	0
SC_RS00405		SC_RS00405	74070	74267	-	protein_coding	arm	198	0	0	0	0
SC_RS00410	SCP1.76c	SC_RS00410	74846	75391	-	protein_coding	arm	546	0	0	0	0
SC_RS00415		SC_RS00415	75741	76256	+	protein_coding	arm	516	0	0	0	0
SC_RS00420	SCP1.78	SC_RS00420	76340	77068	+	protein_coding	arm	729	0	0	0	0
SC_RS00425	SCP1.80	SC_RS00425	78993	79994	+	protein_coding	arm	1002	0	0	0	0
SC_RS00430	SCP1.81	SC_RS00430	79999	80421	+	protein_coding	arm	423	0	0	0	0
SC_RS00435	SCP1.82	SC_RS00435	80439	81284	+	protein_coding	arm	846	0	0	0	0
SC_RS00440		SC_RS00440	81294	81893	-	protein_coding	arm	600	0	0	0	0
SC_RS00445		SC_RS00445	81921	82391	-	protein_coding	arm	471	0	0	0	0
SC_RS00450	SCP1.85	SC_RS00450	82970	83170	+	protein_coding	arm	201	0	0	0	0
SC_RS00455	SCP1.85c	SC_RS00455	83371	84690	-	protein_coding	arm	1320	1	0	0	1
SC_RS00460	SCP1.87c	SC_RS00460	85719	86630	-	protein_coding	arm	912	1	0	1	1
SC_RS00465	SCP1.88c	SC_RS00465	86627	87208	-	protein_coding	arm	582	1	0	0	1
SC_RS00470	SCP1.89c	SC_RS00470	87214	88383	-	protein_coding	arm	1170	1	0	0	1
SC_RS00475	SCP1.90c	SC_RS00475	88591	89277	-	protein_coding	arm	687	0	0	0	0
SC_RS00480	SCP1.91c	SC_RS00480	89274	90032	-	protein_coding	arm	759	0	0	0	0
SC_RS00485	SCP1.92	SC_RS00485	90418	91026	+	protein_coding	arm	609	0	0	0	0
SC_RS00490		SC_RS00490	91131	91292	+	protein_coding	arm	162	0	0	0	0
SC_RS00495		SC_RS00495	91711	91956	+	protein_coding	arm	246	0	0	0	0
SC_RS00500	SCP1.94	SC_RS00500	92149	92322	+	protein_coding	arm	174	0	0	0	0
SC_RS00505	SCP1.95	SC_RS00505	92483	92791	+	protein_coding	arm	309	0	0	0	0
SC_RS00510	SCP1.96	SC_RS00510	92982	93173	+	protein_coding	arm	192	0	0	0	0
SC_RS00515	SCP1.97	SC_RS00515	93282	93647	+	protein_coding	arm	366	0	0	0	0
SC_RS00520	SCP1.98	SC_RS00520	93707	95878	+	protein_coding	arm	2172	0	0	0	0
SC_RS00525	SCP1.99	SC_RS00525	96001	96492	+	protein_coding	arm	492	0	0	0	0
SC_RS00530		SC_RS00530	96489	96725	+	protein_coding	arm	237	0	0	0	0
SC_RS00535	SCP1.100	SC_RS00535	96877	99111	+	protein_coding	arm	2235	0	0	0	0
SC_RS00540	SCP1.101	SC_RS00540	99127	99540	+	protein_coding	arm	414	0	0	0	0
SC_RS00545	SCP1.102	SC_RS00545	99624	101732	+	protein_coding	arm	2109	0	0	0	0
SC_RS00550		SC_RS00550	101812	102000	+	protein_coding	arm	189	0	0	0	0
SC_RS00555	SCP1.103	SC_RS00555	102063	102596	+	protein_coding	arm	534	0	0	0	0
SC_RS00560	SCP1.104	SC_RS00560	102859	103323	+	protein_coding	arm	465	0	0	0	0
SC_RS00565	SCP1.105	SC_RS00565	103344	103805	+	protein_coding	arm	462	0	0	0	0
SC_RS00570	SCP1.106	SC_RS00570	103936	104439	+	protein_coding	arm	504	0	0	0	0
SC_RS00575	SCP1.107	SC_RS00575	104552	104935	+	protein_coding	arm	384	0	0	0	0
SC_RS00580	SCP1.108	SC_RS00580	105204	105809	+	protein_coding	arm	606	0	0	0	0
SC_RS00585	SCP1.109	SC_RS00585	105806	105997	+	protein_coding	arm	192	0	0	0	0
SC_RS00590	SCP1.110	SC_RS00590	105994	106995	+	protein_coding	arm	1002	1	0	0	1
SC_RS00595	SCP1.112	SC_RS00595	107224	107994	+	protein_coding	arm	771	1	0	0	1
SC_RS00600	SCP1.113	SC_RS00600	108186	108845	+	protein_coding	arm	660	1	0	1	1
SC_RS00605	SCP1.114	SC_RS00605	108842	109300	+	protein_coding	arm	459	1	1	0	1
SC_RS00610	SCP1.115	SC_RS00610	109297	109824	+	protein_coding	arm	528	1	0	0	1
SC_RS00615	SCP1.116	SC_RS00615	110149	111153	+	protein_coding	arm	1005	1	0	0	1
SC_RS00620	SCP1.117	SC_RS00620	111150	111905	+	protein_coding	arm	756	0	0	0	0
SC_RS00625	SCP1.118	SC_RS00625	112041	112220	+	protein_coding	arm	180	0	0	0	0
SC_RS00630	SCP1.119	dnaN	112312	113430	+	protein_coding	arm	1119	0	0	0	0
SC_RS00635	SCP1.120	SC_RS00635	113446	113625	+	protein_coding	arm	180	0	0	0	0
SC_RS00640	SCP1.121	SC_RS00640	113836	114735	+	protein_coding	arm	900	0	0	0	0
SC_RS00650		SC_RS00650	115163	115540	+	protein_coding	arm	378	0	0	0	0
SC_RS00655	SCP1.124c	SC_RS00655	115803	116042	-	protein_coding	arm	240	0	0	0	0
SC_RS00660	SCP1.125	SC_RS00660	116467	118641	+	protein_coding	arm	2175	0	0	0	0
SC_RS00665	SCP1.126	SC_RS00665	118650	118886	+	protein_coding	arm	237	0	0	0	0
SC_RS00670	SCP1.127	SC_RS00670	118883	119662	+	protein_coding	arm	780	0	0	0	0
SC_RS00675	SCP1.128	SC_RS00675	120071	120868	+	protein_coding	arm	798	0	0	0	0
SC_RS00680	SCP1.129	SC_RS00680	120868	121305	+	protein_coding	arm	438	0	0	0	0
SC_RS00685	SCP1.130	SC_RS00685	121302	121631	+	protein_coding	arm	330	0	0	0	0
SC_RS00690	SCP1.131	SC_RS00690	121863	122663	+	protein_coding	arm	801	0	0	0	0
SC_RS00695	SCP1.132c	SC_RS00695	122807	123301	-	protein_coding	arm	495	0	0	0	0
SC_RS00700	SCP1.134	SC_RS00700	123923	124249	+	protein_coding	arm	327	0	0	0	0
SC_RS00705	SCP1.135	SC_RS00705	124246	125187	+	protein_coding	arm	942	0	0	0	0
SC_RS00710	SCP1.136	SC_RS00710	125422	127911	+	protein_coding	arm	2490	0	0	0	0
SC_RS00715	SCP1.138	SC_RS00715	128828	130090	+	protein_coding	arm	1263	1	0	0	1
SC_RS00720	SCP1.139	SC_RS00720	130087	131214	+	protein_coding	arm	1128	1	0	0	1
SC_RS00725	SCP1.140	SC_RS00725	131476	133197	+	protein_coding	arm	1722	1	0	1	1
SC_RS00730	SCP1.141	SC_RS00730	133878	134771	+	protein_coding	arm	894	0	0	0	0
SC_RS00735	SCP1.142	SC_RS00735	134811	135074	+	protein_coding	arm	264	0	0	0	0
SC_RS00740	SCP1.143	SC_RS00740	135071	136180	+	protein_coding	arm	1110	0	0	0	0
SC_RS00745	SCP1.144	SC_RS00745	136187	136474	+	protein_coding	arm	288	0	0	0	0
SC_RS00750	SCP1.145	SC_RS00750	136471	137070	+	protein_coding	arm	600	1	0	0	1
SC_RS00755	SCP1.146	SC_RS00755	137070	139616	+	protein_coding	arm	2547	2	0	1	2
SC_RS00760	SCP1.147	SC_RS00760	139613	141931	+	protein_coding	arm	2319	2	0	1	2
SC_RS00765	SCP1.148	SC_RS00765	141924	143078	+	protein_coding	arm	1155	1	0	0	1
SC_RS00770	SCP1.149c	SC_RS00770	143167	144276	-	protein_coding	arm	1110	0	0	0	0
SC_RS00775	SCP1.150c	SC_RS00775	144552	145661	-	protein_coding	arm	1110	0	0	0	0
SC_RS00780	SCP1.151c	SC_RS00780	145658	146182	-	protein_coding	arm	525	0	0	0	0
SC_RS00785	SCP1.152	SC_RS00785	146399	146851	+	protein_coding	arm	453	0	0	0	0
SC_RS00790	SCP1.153	SC_RS00790	147363	147803	+	protein_coding	arm	441	0	0	0	0
SC_RS00795	SCP1.154	SC_RS00795	147800	149980	+	protein_coding	arm	2181	1	0	1	1
SC_RS00800	SCP1.155	SC_RS00800	150019	150951	+	protein_coding	arm	933	1	1	0	1
SC_RS00805	SCP1.156	SC_RS00805	150948	151241	+	protein_coding	arm	294	1	0	0	1
SC_RS00810	SCP1.157	SC_RS00810	151363	151653	+	protein_coding	arm	291	1	0	0	1
SC_RS00815	SCP1.158	SC_RS00815	152373	153824	+	protein_coding	arm	1452	0	0	0	0
SC_RS00820	SCP1.159c	SC_RS00820	153834	154106	-	protein_coding	arm	273	0	0	0	0
SC_RS00825	SCP1.160c	SC_RS00825	154161	155738	-	protein_coding	arm	1578	0	0	0	0
SC_RS00830	SCP1.161c	SC_RS00830	156182	156988	-	protein_coding	arm	807	0	0	0	0
SC_RS00835		SC_RS00835	157452	157763	-	protein_coding	arm	312	0	0	0	0
SC_RS00840	SCP1.163	SC_RS00840	157995	159116	+	protein_coding	arm	1122	0	0	0	0
SC_RS00850	SCP1.164c	SC_RS00850	159899	160291	-	protein_coding	arm	393	0	0	0	0
SC_RS00855		SC_RS00855	160361	160498	-	protein_coding	arm	138	0	0	0	0
SC_RS00860	SCP1.165	SC_RS00860	160942	161544	+	protein_coding	arm	603	0	0	0	0
SC_RS00865	SCP1.166	SC_RS00865	161538	162440	+	protein_coding	arm	903	0	0	0	0
SC_RS00870	SCP1.167	SC_RS00870	162487	163170	+	protein_coding	arm	684	0	0	0	0
SC_RS00875	SCP1.168	SC_RS00875	163174	164052	+	protein_coding	arm	879	0	0	0	0
SC_RS00880	SCP1.169	SC_RS00880	164045	165658	+	protein_coding	arm	1614	0	0	0	0
SC_RS00885	SCP1.170	SC_RS00885	165702	166694	+	protein_coding	arm	993	0	0	0	0
SC_RS00890	SCP1.171	SC_RS00890	166691	167584	+	protein_coding	arm	894	0	0	0	0
SC_RS00895	SCP1.172	SC_RS00895	167601	167792	+	protein_coding	arm	192	0	0	0	0
SC_RS00900	SCP1.173	SC_RS00900	167825	168244	+	protein_coding	arm	420	0	0	0	0
SC_RS00905	SCP1.174	SC_RS00905	168241	168684	+	protein_coding	arm	444	0	0	0	0
SC_RS00910	SCP1.175	SC_RS00910	168681	169124	+	protein_coding	arm	444	0	0	0	0
SC_RS00915	SCP1.176	SC_RS00915	169131	172742	+	protein_coding	arm	3612	0	0	0	0
SC_RS00920	SCP1.177	SC_RS00920	173067	173675	+	protein_coding	arm	609	1	0	0	1
SC_RS00925		SC_RS00925	173781	173927	-	protein_coding	arm	147	1	0	0	1
SC_RS00930	SCP1.179	SC_RS00930	173994	174191	+	protein_coding	arm	198	1	0	0	1
SC_RS00935	SCP1.180	SC_RS00935	174205	174516	+	protein_coding	arm	312	1	0	0	1
SC_RS00940		SC_RS00940	174626	175174	-	protein_coding	arm	549	1	1	0	1
SC_RS00945		SC_RS00945	175119	175583	-	protein_coding	arm	465	1	1	0	1
SC_RS00950	SCP1.182	SC_RS00950	175779	176534	+	protein_coding	arm	756	1	1	0	1
SC_RS00955	SCP1.183	SC_RS00955	176599	177141	+	protein_coding	arm	543	2	0	0	2
SC_RS00960	SCP1.183c	SC_RS00960	177213	177818	-	protein_coding	arm	606	2	0	0	2
SC_RS00965	SCP1.184	SC_RS00965	178160	178438	+	protein_coding	arm	279	1	0	0	1
SC_RS00970	SCP1.185	SC_RS00970	178395	178949	+	protein_coding	arm	555	1	0	1	1
SC_RS00975	SCP1.186	SC_RS00975	178957	179805	+	protein_coding	arm	849	1	1	0	1
SC_RS00980	SCP1.187	SC_RS00980	179960	180511	+	protein_coding	arm	552	1	0	0	1
SC_RS00985	SCP1.188c	SC_RS00985	180497	180781	-	protein_coding	arm	285	1	0	0	1
SC_RS00990	SCP1.189	SC_RS00990	181035	182222	+	protein_coding	arm	1188	0	0	0	0
SC_RS01000	SCP1.191	SC_RS01000	183470	183649	+	protein_coding	arm	180	0	0	0	0
SC_RS01005	SCP1.192	SC_RS01005	183694	184086	+	protein_coding	arm	393	0	0	0	0
SC_RS01010	SCP1.194	SC_RS01010	184494	185051	+	protein_coding	arm	558	0	0	0	0
SC_RS01015		SC_RS01015	185598	186713	+	protein_coding	arm	1116	0	0	0	0
SC_RS01020	SCP1.196	SC_RS01020	186710	188230	+	protein_coding	arm	1521	0	0	0	0
SC_RS01025	SCP1.197	SC_RS01025	188227	188628	+	protein_coding	arm	402	0	0	0	0
SC_RS01030	SCP1.198	SC_RS01030	189013	189642	+	protein_coding	arm	630	0	0	0	0
SC_RS01035	SCP1.199c	SC_RS01035	189929	191446	-	protein_coding	arm	1518	0	0	0	0
SC_RS01040	SCP1.200c	SC_RS01040	191837	192337	-	protein_coding	arm	501	0	0	0	0
SC_RS01045	SCP1.201	SC_RS01045	192944	196954	+	protein_coding	arm	4011	0	0	0	0
SC_RS01050	SCP1.202	SC_RS01050	196963	197466	+	protein_coding	arm	504	0	0	0	0
SC_RS01055		SC_RS01055	197590	198018	-	protein_coding	arm	429	0	0	0	0
SC_RS01060	SCP1.203c	SC_RS01060	198102	198485	-	protein_coding	arm	384	0	0	0	0
SC_RS01065	SCP1.204c	SC_RS01065	198693	200357	-	protein_coding	arm	1665	0	0	0	0
SC_RS01070	SCP1.205c	SC_RS01070	200576	203101	-	protein_coding	arm	2526	1	1	0	1
SC_RS01075	SCP1.206c	SC_RS01075	203314	203814	-	protein_coding	arm	501	1	0	0	1
SC_RS01080	SCP1.207c	SC_RS01080	203838	206291	-	protein_coding	arm	2454	1	0	0	1
SC_RS01085	SCP1.208	SC_RS01085	207016	208056	+	protein_coding	arm	1041	0	0	0	0
SC_RS01090	SCP1.209c	SC_RS01090	208371	209366	-	protein_coding	arm	996	0	0	0	0
SC_RS01095		SC_RS01095	209380	209586	-	protein_coding	arm	207	0	0	0	0
SC_RS01100		SC_RS01100	210807	211025	+	protein_coding	arm	219	0	0	0	0
SC_RS01105	SCP1.212	uppS	211196	212794	+	protein_coding	arm	1599	0	0	0	0
SC_RS01110	SCP1.213c	SC_RS01110	212818	213495	-	protein_coding	arm	678	0	0	0	0
SC_RS01115		SC_RS01115	213631	214520	+	protein_coding	arm	890	0	0	0	0
SC_RS01120	SCP1.216	SC_RS01120	214627	215106	+	protein_coding	arm	480	0	0	0	0
SC_RS01125	SCP1.216Ac	SC_RS01125	215655	217472	-	protein_coding	arm	1818	0	0	0	0
SC_RS01130	SCP1.217	SC_RS01130	217465	217674	+	protein_coding	arm	210	0	0	0	0
SC_RS01135	SCP1.217Ac	SC_RS01135	217949	219067	-	protein_coding	arm	1119	0	0	0	0
SC_RS01140	SCP1.218c	SC_RS01140	219314	219769	-	protein_coding	arm	456	0	0	0	0
SC_RS01145	SCP1.219	SC_RS01145	219993	220502	+	protein_coding	arm	510	0	0	0	0
SC_RS01155	SCP1.221	SC_RS01155	221485	222648	+	protein_coding	arm	1164	0	0	0	0
SC_RS01160	SCP1.222	SC_RS01160	222645	223790	+	protein_coding	arm	1146	0	0	0	0
SC_RS01165	SCP1.223c	SC_RS01165	224000	224353	-	protein_coding	arm	354	0	0	0	0
SC_RS01170	SCP1.224c	dnaE	224350	227952	-	protein_coding	arm	3603	0	0	0	0
SC_RS01175	SCP1.225	SC_RS01175	228863	229135	+	protein_coding	arm	273	0	0	0	0
SC_RS01180	SCP1.226	SC_RS01180	229132	229518	+	protein_coding	arm	387	0	0	0	0
SC_RS01185	SCP1.227	SC_RS01185	229812	230153	+	protein_coding	arm	342	0	0	0	0
SC_RS01190	SCP1.227c	SC_RS01190	230263	230826	-	protein_coding	arm	564	0	0	0	0
SC_RS01195		SC_RS01195	230887	231129	+	protein_coding	arm	243	0	0	0	0
SC_RS01200	SCP1.228c	SC_RS01200	231676	232200	-	protein_coding	arm	525	0	0	0	0
SC_RS01205	SCP1.229c	SC_RS01205	232231	232692	-	protein_coding	arm	462	0	0	0	0
SC_RS01210	SCP1.230	SC_RS01210	232923	233864	+	protein_coding	arm	942	0	0	0	0
SC_RS01215	SCP1.231	SC_RS01215	233951	234604	+	protein_coding	arm	654	0	0	0	0
SC_RS01220	SCP1.232	SC_RS01220	234674	235837	+	protein_coding	arm	1164	0	0	0	0
SC_RS01225		SC_RS01225	236056	236205	+	protein_coding	arm	150	0	0	0	0
SC_RS01230	SCP1.233	SC_RS01230	236410	237429	+	protein_coding	arm	1020	0	0	0	0
SC_RS01235	SCP1.233A	SC_RS01235	237541	238245	+	protein_coding	arm	705	0	0	0	0
SC_RS01240	SCP1.233B	SC_RS01240	238242	239240	+	protein_coding	arm	999	1	0	0	1
SC_RS01245	SCP1.234	SC_RS01245	239304	239552	+	protein_coding	arm	249	1	0	0	1
SC_RS01250	SCP1.235	SC_RS01250	239676	240374	+	protein_coding	arm	699	2	0	0	2
SC_RS01255	SCP1.236	SC_RS01255	240371	240991	+	protein_coding	arm	621	2	0	0	2
SC_RS01260	SCP1.237c	SC_RS01260	241054	242481	-	protein_coding	arm	1428	2	0	2	2
SC_RS01265	SCP1.238	SC_RS01265	242698	243033	+	protein_coding	arm	336	2	0	0	2
SC_RS01270	SCP1.239c	SC_RS01270	242996	244177	-	protein_coding	arm	1182	2	0	0	2
SC_RS01275	SCP1.240c	SC_RS01275	244260	245381	-	protein_coding	arm	1122	0	0	0	0
SC_RS01280	SCP1.241c	SC_RS01280	245412	246275	-	protein_coding	arm	864	0	0	0	0
SC_RS01285	SCP1.242c	SC_RS01285	246362	247006	-	protein_coding	arm	645	0	0	0	0
SC_RS01290	SCP1.243	SC_RS01290	247201	248262	+	protein_coding	arm	1062	0	0	0	0
SC_RS01295	SCP1.244	SC_RS01295	248259	249461	+	protein_coding	arm	1203	1	0	0	1
SC_RS01300	SCP1.245	SC_RS01300	249461	250255	+	protein_coding	arm	795	1	0	0	1
SC_RS01305	SCP1.246	SC_RS01305	250406	251017	+	protein_coding	arm	612	1	0	0	1
SC_RS01310	SCP1.247c	SC_RS01310	251127	251561	-	protein_coding	arm	435	1	0	1	1
SC_RS01315	SCP1.248c	SC_RS01315	251565	251804	-	protein_coding	arm	240	1	0	0	1
SC_RS01320	SCP1.249c	SC_RS01320	251995	252324	-	protein_coding	arm	330	1	0	0	1
SC_RS01325	SCP1.250	SC_RS01325	252531	252950	+	protein_coding	arm	420	1	0	0	1
SC_RS01330		SC_RS01330	252945	253238	-	protein_coding	arm	294	1	0	0	1
SC_RS01335	SCP1.251	SC_RS01335	253237	253575	+	protein_coding	arm	339	1	0	0	1
SC_RS01340	SCP1.252c	SC_RS01340	253719	254249	-	protein_coding	arm	531	0	0	0	0
SC_RS01345	SCP1.253	SC_RS01345	254385	255002	+	protein_coding	arm	618	0	0	0	0
SC_RS01350	SCP1.254c	SC_RS01350	255286	255909	-	protein_coding	arm	624	0	0	0	0
SC_RS01355	SCP1.255c	SC_RS01355	255857	256288	-	protein_coding	arm	432	0	0	0	0
SC_RS01360	SCP1.257	SC_RS01360	256929	257408	+	protein_coding	arm	480	0	0	0	0
SC_RS01365	SCP1.258c	SC_RS01365	257545	258045	-	protein_coding	arm	501	0	0	0	0
SC_RS01370	SCP1.259	SC_RS01370	258163	259413	+	protein_coding	arm	1251	0	0	0	0
SC_RS01375	SCP1.260	SC_RS01375	259437	259787	+	protein_coding	arm	351	0	0	0	0
SC_RS01380	SCP1.261c	SC_RS01380	260052	260555	-	protein_coding	arm	504	0	0	0	0
SC_RS01385	SCP1.262	SC_RS01385	260805	261038	+	protein_coding	arm	234	0	0	0	0
SC_RS01390		SC_RS01390	261236	261430	-	protein_coding	arm	195	0	0	0	0
SC_RS01395	SCP1.264	SC_RS01395	261701	263065	+	protein_coding	arm	1365	0	0	0	0
SC_RS01400	SCP1.265c	SC_RS01400	263311	263901	-	protein_coding	arm	591	0	0	0	0
SC_RS01405	SCP1.267	SC_RS01405	264803	265462	+	protein_coding	arm	660	0	0	0	0
SC_RS01410	SCP1.268	SC_RS01410	265459	265794	+	protein_coding	arm	336	0	0	0	0
SC_RS01415	SCP1.269	SC_RS01415	265831	266202	+	protein_coding	arm	372	0	0	0	0
SC_RS01425	SCP1.272c	SC_RS01425	266896	267342	-	protein_coding	arm	447	0	0	0	0
SC_RS01430	SCP1.273c	SC_RS01430	267556	270606	-	protein_coding	arm	3051	0	0	0	0
SC_RS01435	SCP1.274	SC_RS01435	271090	277308	+	protein_coding	arm	6219	0	0	0	0
SC_RS01440		SC_RS01440	278390	278542	+	protein_coding	arm	153	0	0	0	0
SC_RS01445		SC_RS01445	278968	279252	-	protein_coding	arm	285	0	0	0	0
SC_RS01450	SCP1.276	SC_RS01450	279323	280864	+	protein_coding	arm	1542	0	0	0	0
SC_RS01455	SCP1.277	SC_RS01455	280963	281178	+	protein_coding	arm	216	0	0	0	0
SC_RS01460		SC_RS01460	281757	281954	+	protein_coding	arm	198	0	0	0	0
SC_RS01465	SCP1.278	SC_RS01465	281951	282247	+	protein_coding	arm	297	0	0	0	0
SC_RS01470	SCP1.279c	SC_RS01470	282655	283740	-	protein_coding	arm	1086	0	0	0	0
SC_RS01475	SCP1.280	SC_RS01475	283966	285579	+	protein_coding	arm	1614	0	0	0	0
SC_RS01480	SCP1.281	SC_RS01480	285624	286310	+	protein_coding	arm	687	0	0	0	0
SC_RS01485	SCP1.282	SC_RS01485	286320	286571	+	protein_coding	arm	252	0	0	0	0
SC_RS01490		SC_RS01490	286626	286973	-	protein_coding	arm	348	0	0	0	0
SC_RS01495	SCP1.284	SC_RS01495	287140	287499	+	protein_coding	arm	360	0	0	0	0
SC_RS01500	SCP1.285c	ku	287572	288471	-	protein_coding	arm	900	0	0	0	0
SC_RS01505		SC_RS01505	288577	288765	+	protein_coding	arm	189	0	0	0	0
SC_RS01510	SCP1.286	SC_RS01510	288811	289065	+	protein_coding	arm	255	0	0	0	0
SC_RS01515	SCP1.287	SC_RS01515	289062	289436	+	protein_coding	arm	375	0	0	0	0
SC_RS01520	SCP1.288c	SC_RS01520	289447	292125	-	protein_coding	arm	2679	0	0	0	0
SC_RS01525	SCP1.289	SC_RS01525	292322	292597	+	protein_coding	arm	276	0	0	0	0
SC_RS01530	SCP1.290c	SC_RS01530	292561	294369	-	protein_coding	arm	1809	0	0	0	0
SC_RS01535	SCP1.291c	SC_RS01535	294467	294880	-	protein_coding	arm	414	0	0	0	0
SC_RS01540	SCP1.292c	SC_RS01540	295281	295505	-	protein_coding	arm	225	0	0	0	0
SC_RS01545	SCP1.293c	SC_RS01545	295502	296374	-	protein_coding	arm	873	0	0	0	0
SC_RS01550	SCP1.294	SC_RS01550	296667	297104	+	protein_coding	arm	438	0	0	0	0
SC_RS01555	SCP1.295	SC_RS01555	297137	297565	+	protein_coding	arm	429	0	0	0	0
SC_RS01560	SCP1.296	SC_RS01560	297562	298101	+	protein_coding	arm	540	0	0	0	0
SC_RS01565	SCP1.297	SC_RS01565	298131	298583	+	protein_coding	arm	453	0	0	0	0
SC_RS01570	SCP1.299	SC_RS01570	298580	299404	+	protein_coding	arm	825	0	0	0	0
SC_RS01575	SCP1.300	SC_RS01575	299431	300312	+	protein_coding	arm	882	0	0	0	0
SC_RS01580	SCP1.301	dmpG	300309	301325	+	protein_coding	arm	1017	0	0	0	0
SC_RS01585	SCP1.302	SC_RS01585	301322	302185	+	protein_coding	arm	864	0	0	0	0
SC_RS01590	SCP1.303	SC_RS01590	302182	302706	+	protein_coding	arm	525	1	0	0	1
SC_RS01595	SCP1.304	SC_RS01595	302723	303925	+	protein_coding	arm	1203	1	0	0	1
SC_RS01600	SCP1.305	SC_RS01600	304016	304906	+	protein_coding	arm	891	1	0	1	1
SC_RS01605	SCP1.306	SC_RS01605	304950	305606	+	protein_coding	arm	657	1	1	0	1
SC_RS01610	SCP1.307c	SC_RS01610	305883	306293	-	protein_coding	arm	411	1	0	0	1
SC_RS01615		SC_RS01615	306340	306717	-	protein_coding	arm	378	1	0	0	1
SC_RS01620		SC_RS01620	307057	308061	+	protein_coding	arm	1005	0	0	0	0
SC_RS01625		SC_RS01625	308058	308636	+	protein_coding	arm	579	0	0	0	0
SC_RS01630		SC_RS01630	308593	309291	+	protein_coding	arm	699	0	0	0	0
SC_RS01635		SC_RS01635	309239	310078	+	protein_coding	arm	840	0	0	0	0
SC_RS01640		SC_RS01640	310356	310484	-	protein_coding	arm	129	0	0	0	0
SC_RS01645	SCP1.309c	SC_RS01645	310923	312560	-	protein_coding	arm	1638	0	0	0	0
SC_RS01650	SCP1.310c	SC_RS01650	312655	313671	-	protein_coding	arm	1017	0	0	0	0
SC_RS01655	SCP1.311c	SC_RS01655	314274	315089	-	protein_coding	arm	816	0	0	0	0
SC_RS01660	SCP1.312	SC_RS01660	315294	315917	+	protein_coding	arm	624	0	0	0	0
SC_RS01665	SCP1.313	SC_RS01665	316820	318055	+	protein_coding	arm	1236	0	0	0	0
SC_RS01680	SCP1.315	SC_RS01680	319119	319538	+	protein_coding	arm	420	0	0	0	0
SC_RS01685	SCP1.316	SC_RS01685	319607	320569	+	protein_coding	arm	963	0	0	0	0
SC_RS01690	SCP1.317c	SC_RS01690	320862	321857	-	protein_coding	arm	996	1	0	0	1
SC_RS01695	SCP1.318	SC_RS01695	321944	322858	+	protein_coding	arm	915	1	0	0	1
SC_RS01700	SCP1.319c	SC_RS01700	323169	323468	-	protein_coding	arm	300	1	0	1	1
SC_RS01705	SCP1.320c	SC_RS01705	323625	324563	-	protein_coding	arm	939	1	0	0	1
SC_RS01710	SCP1.321	SC_RS01710	324786	325778	+	protein_coding	arm	993	1	0	0	1
SC_RS01715	SCP1.322	SC_RS01715	325805	326185	+	protein_coding	arm	381	0	0	0	0
SC_RS01720	SCP1.323c	SC_RS01720	326240	326899	-	protein_coding	arm	660	0	0	0	0
SC_RS01725	SCP1.324	SC_RS01725	327136	327696	+	protein_coding	arm	561	0	0	0	0
SC_RS01730	SCP1.325c	SC_RS01730	327874	328311	-	protein_coding	arm	438	0	0	0	0
SC_RS01735	SCP1.326	SC_RS01735	329148	329501	+	protein_coding	arm	354	0	0	0	0
SC_RS01740	SCP1.327	SC_RS01740	329602	332925	+	protein_coding	arm	3324	0	0	0	0
SC_RS01745	SCP1.328	SC_RS01745	333120	333962	+	protein_coding	arm	843	1	0	0	1
SC_RS01750	SCP1.329	SC_RS01750	334686	335750	+	protein_coding	arm	1065	1	0	1	1
SC_RS01755	SCP1.332	SC_RS01755	336438	336671	+	protein_coding	arm	234	1	0	0	1
SC_RS01760	SCP1.333	SC_RS01760	336746	337603	+	protein_coding	arm	858	1	0	0	1
SC_RS01765	SCP1.334	SC_RS01765	337681	338406	+	protein_coding	arm	726	0	0	0	0
SC_RS01770	SCP1.335	SC_RS01770	338442	339638	+	protein_coding	arm	1197	0	0	0	0
SC_RS01775	SCP1.336	SC_RS01775	339631	342081	+	protein_coding	arm	2451	0	0	0	0
SC_RS01780	SCP1.337c	SC_RS01780	342117	342935	-	protein_coding	arm	819	0	0	0	0
SC_RS01785	SCP1.338	SC_RS01785	343078	343662	+	protein_coding	arm	585	0	0	0	0
SC_RS01790	SCP1.339c	SC_RS01790	344110	344334	-	protein_coding	arm	225	0	0	0	0
SC_RS01795	SCP1.340	SC_RS01795	344570	345742	+	protein_coding	arm	1173	0	0	0	0
SC_RS01800	SCP1.341	SC_RS01800	345841	347391	+	protein_coding	arm	1551	0	0	0	0
SC_RS01805	SCP1.342	SC_RS01805	347446	347889	+	protein_coding	arm	444	0	0	0	0
SC_RS01810		SC_RS01810	348243	348629	+	protein_coding	arm	387	0	0	0	0
SC_RS01815	SCP1.344c	SC_RS01815	348753	349247	-	protein_coding	arm	495	0	0	0	0
SC_RS01820	SCP1.345	SC_RS01820	349843	350508	+	protein_coding	arm	666	0	0	0	0
SC_RS01825	SCP1.346	SC_RS01825	350584	351105	+	protein_coding	arm	522	0	0	0	0
SC_RS01830	SCP1.347	SC_RS01830	351102	351395	+	protein_coding	arm	294	0	0	0	0
SC_RS01835	SCP1.348	SC_RS01835	351392	351616	+	protein_coding	arm	225	0	0	0	0
SC_RS01840	SCP1.349	SC_RS01840	352205	352600	+	protein_coding	arm	396	0	0	0	0
SC_RS01845	SCP1.350	SC_RS01845	352679	352915	+	protein_coding	arm	237	0	0	0	0
SC_RS01850	SCP1.351	SC_RS01850	352903	353121	+	protein_coding	arm	219	0	0	0	0
SC_RS01855	SCP1.352	SC_RS01855	353212	354417	+	protein_coding	arm	1206	0	0	0	0
SC_RS01860	SCP1.353	SC_RS01860	354502	355125	+	protein_coding	arm	624	0	0	0	0
SC_RS01870		SC_RS01870	492	1372	+	protein_coding	arm	881	0	0	0	0
SC_RS01875	SCP2.04c	SC_RS01875	3033	4010	-	protein_coding	arm	978	0	0	0	0
SC_RS01880	SCP2.05c	SC_RS01880	4007	4939	-	protein_coding	arm	933	0	0	0	0
SC_RS01885		SC_RS01885	5312	5449	-	protein_coding	arm	138	0	0	0	0
SC_RS01890	SCP2.06	SC_RS01890	5617	5886	+	protein_coding	arm	270	0	0	0	0
SC_RS01895	SCP2.07c	SC_RS01895	5935	7050	-	protein_coding	arm	1116	0	0	0	0
SC_RS01900	SCP2.08	SC_RS01900	7201	7386	+	protein_coding	arm	186	0	0	0	0
SC_RS01905	SCP2.09c	SC_RS01905	7612	7749	-	protein_coding	arm	138	0	0	0	0
SC_RS01910		SC_RS01910	7832	8431	+	protein_coding	arm	600	0	0	0	0
SC_RS01915	SCP2.10c	SC_RS01915	8441	9286	-	protein_coding	arm	846	0	0	0	0
SC_RS01920	SCP2.11c	SC_RS01920	9304	9726	-	protein_coding	arm	423	0	0	0	0
SC_RS01925	SCP2.12c	SC_RS01925	9731	10732	-	protein_coding	arm	1002	0	0	0	0
SC_RS01930	SCP2.13c	SC_RS01930	11292	11840	-	protein_coding	arm	549	0	0	0	0
SC_RS01935		SC_RS01935	12053	12193	+	protein_coding	arm	141	0	0	0	0
SC_RS01940		SC_RS01940	12228	12434	-	protein_coding	arm	207	0	0	0	0
SC_RS01945		SC_RS01945	13054	13797	-	protein_coding	arm	744	0	0	0	0
SC_RS01950		SC_RS01950	13902	14132	-	protein_coding	arm	231	0	0	0	0
SC_RS01955	SCP2.15c	SC_RS01955	14867	15088	-	protein_coding	arm	222	0	0	0	0
SC_RS01960	SCP2.16c	SC_RS01960	15261	15611	-	protein_coding	arm	351	0	0	0	0
SC_RS01965	SCP2.17c	SC_RS01965	15706	15957	-	protein_coding	arm	252	0	0	0	0
SC_RS01970	SCP2.18c	SC_RS01970	15954	16295	-	protein_coding	arm	342	0	0	0	0
SC_RS01975	SCP2.19c	SC_RS01975	16318	16860	-	protein_coding	arm	543	0	0	0	0
SC_RS01980	SCP2.20c	SC_RS01980	16943	18421	-	protein_coding	arm	1479	0	0	0	0
SC_RS01985	SCP2.21c	SC_RS01985	18379	19254	-	protein_coding	arm	876	0	0	0	0
SC_RS01990	SCP2.22c	SC_RS01990	19332	19745	-	protein_coding	arm	414	0	0	0	0
SC_RS01995	SCP2.23c	SC_RS01995	19751	21571	-	protein_coding	arm	1821	0	0	0	0
SC_RS02000	SCP2.24c	SC_RS02000	22012	22269	-	protein_coding	arm	258	0	0	0	0
SC_RS02005	SCP2.25c	SC_RS02005	22266	22772	-	protein_coding	arm	507	0	0	0	0
SC_RS02010		SC_RS02010	22953	23177	-	protein_coding	arm	225	0	0	0	0
SC_RS02015	SCP2.27c	SC_RS02015	23177	24778	-	protein_coding	arm	1602	0	0	0	0
SC_RS02020	SCP2.28c	SC_RS02020	24875	25081	-	protein_coding	arm	207	0	0	0	0
SC_RS02025		SC_RS02025	25075	25227	-	protein_coding	arm	153	0	0	0	0
SC_RS02030	SCP2.31c	SC_RS02030	25412	25702	-	protein_coding	arm	291	0	0	0	0
SC_RS02035	SCP2.32c	SC_RS02035	25774	26253	-	protein_coding	arm	480	0	0	0	0
SC_RS02040	SCP2.35	SC_RS02040	26665	27462	+	protein_coding	arm	798	0	0	0	0
SC_RS02045	SCP2.36	SC_RS02045	27459	27794	+	protein_coding	arm	336	0	0	0	0
SC_RS02050	SCP2.37	SC_RS02050	27897	28481	+	protein_coding	arm	585	0	0	0	0
SC_RS02055	SCP2.38c	SC_RS02055	28549	28968	-	protein_coding	arm	420	0	0	0	0
SC_RS02060	SCP2.39c	SC_RS02060	28965	29477	-	protein_coding	arm	513	0	0	0	0
SC_RS01865		SC_RS01865	30883	31425	+	protein_coding	arm	543	0	0	0	0
