bin	start	PC_M	FIRE_M	PC_L	FIRE_L	center	core	m_n_T1	m_fq_T1	m_n_T2	m_fq_T2	methyl_bin
0	0.0	0.880150769426607	0.141872727272727	0.924604899	0.224090909090909	2500.0	0	0.0	0.0	0.0	0.0	0
1	5000.0	0.801490718080293	0.167190909090909	0.90401479	0.256354545454545	7500.0	0	0.0	0.0	2.0	157.89	0
2	10000.0	0.743819606427586	0.190418181818182	0.893747283	0.296309090909091	12500.0	0	0.0	0.0	0.0	0.0	0
3	15000.0	0.615912299107948	0.2069	0.843131516	0.325818181818182	17500.0	0	0.0	0.0	2.0	175.64	0
4	20000.0	0.122025763570419	0.229936363636364	0.214705172	0.371063636363636	22500.0	0	0.0	0.0	1.0	93.77	0
5	25000.0	0.370441826339213	0.240936363636364	-0.003644144	0.398409090909091	27500.0	0	0.0	0.0	2.0	142.76999999999998	0
6	30000.0	0.154954959301048	0.240272727272727	0.097821258	0.406563636363636	32500.0	0	0.0	0.0	1.0	89.15	0
7	35000.0	0.269514427160394	0.246809090909091	0.117656273	0.403827272727273	37500.0	0	0.0	0.0	1.0	72.7	0
8	40000.0	0.281065244374133	0.254572727272727	-0.006431656	0.421990909090909	42500.0	0	0.0	0.0	1.0	91.98	0
9	45000.0	0.42355569743222	0.259154545454545	0.013301294	0.430609090909091	47500.0	0	0.0	0.0	1.0	79.32	0
10	50000.0	-0.0806357668436673	0.2595	-0.143613704	0.4399	52500.0	0	0.0	0.0	1.0	69.74	0
11	55000.0	-0.227705916983883	0.265318181818182	-0.220672397	0.448927272727273	57500.0	0	0.0	0.0	0.0	0.0	0
12	60000.0	-0.283565113408703	0.266990909090909	-0.407444759	0.466718181818182	62500.0	0	0.0	0.0	0.0	0.0	0
13	65000.0	-0.339361487355115	0.271836363636364	-0.381894895	0.469409090909091	67500.0	0	0.0	0.0	1.0	85.38	0
14	70000.0	-0.502170750972802	0.2842	-0.283711486	0.488718181818182	72500.0	0	0.0	0.0	1.0	95.0	0
15	75000.0	-0.488308928511467	0.2868	-0.278554372	0.486872727272727	77500.0	0	0.0	0.0	2.0	153.75	0
16	80000.0	-0.471475155935995	0.291590909090909	-0.201726571	0.491945454545455	82500.0	0	0.0	0.0	1.0	70.4	0
17	85000.0	-0.247622146602413	0.299627272727273	0.103172235	0.510054545454546	87500.0	0	1.0	98.04	1.0	96.76	1
18	90000.0	-0.192483746424686	0.302509090909091	0.237420138	0.537972727272727	92500.0	0	0.0	0.0	0.0	0.0	0
19	95000.0	-0.180084803310727	0.302890909090909	0.232037395	0.537227272727273	97500.0	0	0.0	0.0	0.0	0.0	0
20	100000.0	-0.0928507708148218	0.312136363636364	0.457727928	0.556136363636364	102500.0	0	0.0	0.0	1.0	57.06	0
21	105000.0	-0.0874359480956859	0.309472727272727	0.342072837	0.562063636363636	107500.0	0	1.0	89.56	6.0	517.12	1
22	110000.0	-0.213326644766808	0.311836363636364	0.299195808	0.573154545454545	112500.0	0	0.0	0.0	0.0	0.0	0
23	115000.0	-0.275877550034585	0.318018181818182	0.329787074	0.580336363636364	117500.0	0	0.0	0.0	0.0	0.0	0
24	120000.0	-0.344387653948662	0.323672727272727	0.05262347	0.591736363636364	122500.0	0	0.0	0.0	0.0	0.0	0
25	125000.0	-0.0793678294546948	0.332072727272727	-0.018467953	0.607581818181818	127500.0	0	0.0	0.0	2.0	165.8	0
26	130000.0	0.232019243606362	0.346436363636364	-0.434658159	0.621563636363636	132500.0	0	1.0	94.66	1.0	92.97	1
27	135000.0	0.267659061218617	0.354209090909091	-0.57349209	0.621936363636364	137500.0	0	1.0	91.11	2.0	145.39	1
28	140000.0	0.298100507323978	0.356018181818182	-0.651740356	0.617372727272727	142500.0	0	1.0	76.59	1.0	82.84	1
29	145000.0	0.287778317653048	0.356281818181818	-0.451173098	0.612645454545454	147500.0	0	1.0	92.21	1.0	84.99	1
30	150000.0	0.239061616121211	0.360827272727273	-0.749385013	0.617427272727273	152500.0	0	0.0	0.0	1.0	79.02	0
31	155000.0	0.42786576493727	0.3608	-0.188050031	0.627218181818182	157500.0	0	0.0	0.0	0.0	0.0	0
32	160000.0	0.446716192572421	0.367463636363636	-0.090506105	0.636681818181818	162500.0	0	0.0	0.0	0.0	0.0	0
33	165000.0	0.624056771410054	0.378681818181818	-0.066362152	0.653490909090909	167500.0	0	0.0	0.0	0.0	0.0	0
34	170000.0	0.461503105443515	0.376418181818182	-0.060970766	0.656345454545454	172500.0	0	0.0	0.0	1.0	83.71	0
35	175000.0	0.485304945027528	0.375254545454545	-0.20894573	0.6672	177500.0	0	2.0	170.9	2.0	181.03	1
36	180000.0	0.579562187664082	0.379490909090909	-0.105804837	0.670381818181818	182500.0	0	0.0	0.0	0.0	0.0	0
37	185000.0	0.79208988611619	0.390981818181818	0.073946876	0.6824	187500.0	0	0.0	0.0	0.0	0.0	0
38	190000.0	0.796820851142585	0.392963636363636	0.017412534	0.693254545454545	192500.0	0	0.0	0.0	0.0	0.0	0
39	195000.0	0.785387266972187	0.395790909090909	0.283890352	0.703790909090909	197500.0	0	0.0	0.0	0.0	0.0	0
40	200000.0	0.766237961701038	0.3965	0.388887819	0.6989	202500.0	0	1.0	96.97	1.0	91.95	1
41	205000.0	0.729535428993023	0.399418181818182	0.44655775	0.705345454545454	207500.0	0	0.0	0.0	0.0	0.0	0
42	210000.0	0.637920312359663	0.400709090909091	0.249286998	0.701881818181818	212500.0	0	0.0	0.0	2.0	157.98	0
43	215000.0	0.609185757358663	0.406345454545455	0.234928368	0.708309090909091	217500.0	0	0.0	0.0	0.0	0.0	0
44	220000.0	0.468615579211148	0.410790909090909	0.073035706	0.708590909090909	222500.0	0	0.0	0.0	0.0	0.0	0
45	225000.0	0.59894678827104	0.411109090909091	0.092111188	0.715790909090909	227500.0	0	0.0	0.0	1.0	61.94	0
46	230000.0	0.577038937887723	0.415663636363636	0.111563262	0.714145454545454	232500.0	0	0.0	0.0	2.0	161.34	0
47	235000.0	0.580312087871377	0.407281818181818	-0.054986035	0.716372727272727	237500.0	0	0.0	0.0	0.0	0.0	0
48	240000.0	-0.0330416644768699	0.390954545454545	-0.056301657	0.716563636363636	242500.0	0	2.0	186.28	2.0	193.32999999999998	1
49	245000.0	-0.0434674879939796	0.389954545454545	-0.062592738	0.719218181818182	247500.0	0	0.0	0.0	0.0	0.0	0
50	250000.0	0.109071714532568	0.395554545454545	-0.077415342	0.724218181818182	252500.0	0	1.0	78.89	1.0	86.76	1
51	255000.0	0.266916139557146	0.402290909090909	-0.066419553	0.733981818181818	257500.0	0	0.0	0.0	0.0	0.0	0
52	260000.0	0.271521927689642	0.403027272727273	0.142576773	0.7376	262500.0	0	0.0	0.0	1.0	79.49	0
53	265000.0	0.269458652005825	0.402954545454545	0.170654903	0.729536363636364	267500.0	0	0.0	0.0	0.0	0.0	0
54	270000.0	0.158445577467599	0.401218181818182	0.138014635	0.720563636363636	272500.0	0	0.0	0.0	1.0	72.28	0
55	275000.0	0.221058210360271	0.386963636363636	-0.075106318	0.703445454545454	277500.0	0	0.0	0.0	1.0	100.0	0
56	280000.0	0.325599170256382	0.390372727272727	0.041619304	0.694436363636363	282500.0	0	0.0	0.0	0.0	0.0	0
57	285000.0	0.232788990503516	0.390809090909091	0.162730471	0.689609090909091	287500.0	0	0.0	0.0	3.0	251.66	0
58	290000.0	0.259440390905018	0.398609090909091	0.406893745	0.681545454545454	292500.0	0	0.0	0.0	1.0	58.79	0
59	295000.0	0.474944669248623	0.399409090909091	0.105671287	0.668745454545454	297500.0	0	0.0	0.0	1.0	84.72	0
60	300000.0	0.47754271008494	0.404890909090909	-0.139234344	0.671236363636364	302500.0	0	1.0	89.1	2.0	173.64	1
61	305000.0	0.366813100188161	0.401	-0.228145554	0.659745454545455	307500.0	0	0.0	0.0	1.0	84.03	0
62	310000.0	0.329839230390076	0.399936363636364	-0.210792912	0.655227272727273	312500.0	0	0.0	0.0	2.0	177.57	0
63	315000.0	0.346032568164932	0.401527272727273	-0.271986471	0.646481818181818	317500.0	0	0.0	0.0	0.0	0.0	0
64	320000.0	0.309682782790572	0.402590909090909	-0.343953964	0.650463636363636	322500.0	0	1.0	81.87	3.0	249.26	1
65	325000.0	0.283145054586329	0.401081818181818	-0.222657959	0.649054545454545	327500.0	0	0.0	0.0	1.0	65.45	0
66	330000.0	0.0116746959643175	0.4109	-0.309648048	0.665472727272727	332500.0	0	0.0	0.0	1.0	61.11	0
67	335000.0	0.0409150362975039	0.4203	-3.4e-05	0.674209090909091	337500.0	0	1.0	93.52	1.0	93.32	1
68	340000.0	-0.210364324891513	0.417	-0.138496694	0.674709090909091	342500.0	0	0.0	0.0	0.0	0.0	0
69	345000.0	-0.26899389381637	0.411390909090909	-0.029016514	0.677409090909091	347500.0	0	0.0	0.0	1.0	86.39	0
70	350000.0	-0.227442178351254	0.411518181818182	-0.06601761	0.682709090909091	352500.0	0	0.0	0.0	0.0	0.0	0
71	355000.0	-0.0327143411929155	0.4033	-0.05809764	0.671518181818182	357500.0	0	0.0	0.0	1.0	74.24	0
72	360000.0	0.119624804238466	0.401009090909091	-0.15235913	0.675309090909091	362500.0	0	1.0	94.66	2.0	156.97	1
73	365000.0	0.0414696540168878	0.402636363636364	-0.033791902	0.686036363636364	367500.0	0	0.0	0.0	0.0	0.0	0
74	370000.0	0.211872976845284	0.408545454545454	-0.001586891	0.706918181818182	372500.0	0	1.0	93.27	1.0	89.52	1
75	375000.0	0.109742035885015	0.4079	-0.057143561	0.713081818181818	377500.0	0	0.0	0.0	1.0	86.19	0
76	380000.0	0.202419862131889	0.412909090909091	-0.417037628	0.719827272727273	382500.0	0	1.0	92.86	2.0	178.89	1
77	385000.0	0.267612051381778	0.414445454545455	0.087343454	0.705863636363636	387500.0	0	0.0	0.0	0.0	0.0	0
78	390000.0	0.36431956501459	0.408981818181818	0.355085382	0.693090909090909	392500.0	0	0.0	0.0	2.0	146.3	0
79	395000.0	0.635803486856834	0.418372727272727	0.409303356	0.703681818181818	397500.0	0	0.0	0.0	1.0	73.52	0
80	400000.0	0.631532523449241	0.4196	0.316043762	0.705372727272727	402500.0	0	0.0	0.0	0.0	0.0	0
81	405000.0	0.633528524927505	0.430263636363636	0.169051738	0.718072727272727	407500.0	0	1.0	100.0	1.0	95.24	1
82	410000.0	0.615073002348831	0.445054545454545	0.308798488	0.722354545454546	412500.0	0	0.0	0.0	1.0	70.4	0
83	415000.0	0.465748671218065	0.447736363636364	0.553781795	0.721954545454546	417500.0	0	1.0	97.44	2.0	163.44	1
84	420000.0	0.522345227271207	0.449	0.492665612	0.721409090909091	422500.0	0	0.0	0.0	0.0	0.0	0
85	425000.0	0.531670441190078	0.444081818181818	0.32572761	0.704036363636364	427500.0	0	1.0	98.67	3.0	260.06	1
86	430000.0	0.824566163135632	0.463081818181818	0.084121972	0.695009090909091	432500.0	0	0.0	0.0	0.0	0.0	0
87	435000.0	0.910007169287566	0.462572727272727	0.066644692	0.6903	437500.0	0	1.0	91.61	2.0	179.45999999999998	1
88	440000.0	0.907096323356313	0.459127272727273	0.07102709	0.691045454545455	442500.0	0	1.0	81.94	1.0	97.92	1
89	445000.0	0.595965667755421	0.474909090909091	-0.070739381	0.704009090909091	447500.0	0	0.0	0.0	1.0	88.21	0
90	450000.0	0.570162756526476	0.479954545454545	-0.177080476	0.703772727272727	452500.0	0	1.0	100.0	1.0	90.24	1
91	455000.0	0.5278433753788	0.491736363636364	-0.146128276	0.701427272727273	457500.0	0	1.0	93.33	0.0	0.0	1
92	460000.0	0.523877805908329	0.492109090909091	0.157481919	0.698181818181818	462500.0	0	1.0	93.64	2.0	146.08	1
93	465000.0	0.506951108846446	0.485818181818182	0.255770366	0.707527272727273	467500.0	0	0.0	0.0	0.0	0.0	0
94	470000.0	0.41438416766409	0.497772727272727	0.261129807	0.721445454545455	472500.0	0	0.0	0.0	0.0	0.0	0
95	475000.0	0.365752828557614	0.505245454545455	0.505936356	0.726109090909091	477500.0	0	1.0	97.78	2.0	181.25	1
96	480000.0	0.309890293227918	0.519736363636364	0.379951295	0.733654545454545	482500.0	0	0.0	0.0	0.0	0.0	0
97	485000.0	0.180729705146388	0.516672727272727	0.548950302	0.745445454545455	487500.0	0	0.0	0.0	0.0	0.0	0
98	490000.0	0.0626728810760317	0.520481818181818	0.396251288	0.748890909090909	492500.0	0	1.0	87.22	2.0	149.12	1
99	495000.0	-0.140933159203685	0.524527272727273	0.182991222	0.750218181818182	497500.0	0	0.0	0.0	1.0	62.08	0
100	500000.0	0.155901738992586	0.517818181818182	-0.009181721	0.759109090909091	502500.0	0	0.0	0.0	0.0	0.0	0
101	505000.0	0.255867458960768	0.517527272727273	-0.126977274	0.756081818181818	507500.0	0	0.0	0.0	2.0	167.52999999999997	0
102	510000.0	0.46389914535401	0.508509090909091	0.139424653	0.747609090909091	512500.0	0	0.0	0.0	2.0	153.56	0
103	515000.0	0.441219381517058	0.507054545454546	0.245241992	0.736363636363636	517500.0	0	0.0	0.0	0.0	0.0	0
104	520000.0	0.580032184065207	0.502927272727273	0.270454404	0.731454545454545	522500.0	0	0.0	0.0	1.0	78.08	0
105	525000.0	0.481793938136915	0.510990909090909	0.237516053	0.736036363636363	527500.0	0	0.0	0.0	1.0	88.55	0
106	530000.0	0.484033624513456	0.503681818181818	0.130837972	0.721754545454545	532500.0	0	0.0	0.0	0.0	0.0	0
107	535000.0	0.410663472130443	0.490527272727273	0.05259117	0.710281818181818	537500.0	0	0.0	0.0	0.0	0.0	0
108	540000.0	0.434193981084121	0.492063636363636	0.087579359	0.699727272727273	542500.0	0	0.0	0.0	1.0	56.03	0
109	545000.0	0.434492127410097	0.493772727272727	0.066920723	0.706772727272727	547500.0	0	0.0	0.0	0.0	0.0	0
110	550000.0	0.442571875958182	0.495763636363636	-0.051604741	0.704363636363636	552500.0	0	0.0	0.0	0.0	0.0	0
111	555000.0	0.445586750864346	0.492854545454545	0.124312445	0.699372727272727	557500.0	0	0.0	0.0	0.0	0.0	0
112	560000.0	0.353929402256148	0.4806	0.013184104	0.690609090909091	562500.0	0	0.0	0.0	0.0	0.0	0
113	565000.0	0.315505100744009	0.485372727272727	-0.175311242	0.701	567500.0	0	0.0	0.0	0.0	0.0	0
114	570000.0	0.367876726138076	0.479954545454546	-0.12789945	0.697172727272727	572500.0	0	0.0	0.0	0.0	0.0	0
115	575000.0	0.0825581250908265	0.488063636363636	0.020437169	0.702545454545454	577500.0	0	0.0	0.0	0.0	0.0	0
116	580000.0	-0.016340348932766	0.481690909090909	0.126833212	0.696727272727273	582500.0	0	0.0	0.0	0.0	0.0	0
117	585000.0	0.153819265013284	0.488845454545455	0.200834599	0.705636363636364	587500.0	0	1.0	100.0	1.0	100.0	1
118	590000.0	0.313975665369181	0.500345454545455	0.27964919	0.720263636363636	592500.0	0	1.0	83.33	2.0	163.97	1
119	595000.0	0.56384450235341	0.500672727272727	-0.18634536	0.716527272727273	597500.0	0	0.0	0.0	1.0	89.68	0
120	600000.0	0.524739566579514	0.500518181818182	-0.239373041	0.718845454545455	602500.0	0	0.0	0.0	0.0	0.0	0
121	605000.0	0.498909473466138	0.5015	-0.241981282	0.733236363636364	607500.0	0	0.0	0.0	0.0	0.0	0
122	610000.0	0.516799188074509	0.5039	-0.300817077	0.733654545454545	612500.0	0	1.0	89.1	1.0	93.33	1
123	615000.0	0.491093799526562	0.525072727272727	-0.353077563	0.744681818181818	617500.0	0	1.0	95.56	1.0	94.53	1
124	620000.0	0.272351029702771	0.539881818181818	-0.337625547	0.741145454545455	622500.0	0	1.0	95.56	4.0	333.28	1
125	625000.0	0.0726043756096688	0.567909090909091	-0.591382468	0.771890909090909	627500.0	0	0.0	0.0	0.0	0.0	0
126	630000.0	0.526092157977644	0.607563636363636	0.061545603	0.801518181818182	632500.0	0	0.0	0.0	0.0	0.0	0
127	635000.0	0.501522667197913	0.613936363636364	0.052691091	0.801490909090909	637500.0	0	0.0	0.0	1.0	95.24	0
128	640000.0	0.628286027969806	0.609181818181818	0.178550709	0.787618181818182	642500.0	0	0.0	0.0	0.0	0.0	0
129	645000.0	0.698149094976212	0.614127272727273	0.22585257	0.780836363636364	647500.0	0	1.0	88.37	3.0	255.6	1
130	650000.0	0.81720842556922	0.605245454545455	0.718587469	0.777418181818182	652500.0	0	0.0	0.0	0.0	0.0	0
131	655000.0	0.801647502846767	0.608172727272727	0.753740175	0.767072727272727	657500.0	0	0.0	0.0	2.0	176.75	0
132	660000.0	0.787922879298495	0.614090909090909	0.766849403	0.752754545454545	662500.0	0	1.0	95.24	3.0	255.10999999999999	1
133	665000.0	0.865481445651345	0.622163636363636	0.76745169	0.748963636363636	667500.0	0	0.0	0.0	1.0	93.49	0
134	670000.0	0.640519847472923	0.616063636363636	0.593851029	0.741836363636364	672500.0	0	0.0	0.0	0.0	0.0	0
135	675000.0	0.653307171677254	0.606127272727273	0.529391922	0.739890909090909	677500.0	0	0.0	0.0	0.0	0.0	0
136	680000.0	0.721099628107299	0.594445454545454	0.620746489	0.721509090909091	682500.0	0	1.0	91.41	1.0	97.78	1
137	685000.0	0.359411330119644	0.569154545454545	0.360737048	0.698863636363636	687500.0	0	0.0	0.0	0.0	0.0	0
138	690000.0	0.666979907793251	0.602445454545455	0.608497253	0.726909090909091	692500.0	0	0.0	0.0	0.0	0.0	0
139	695000.0	0.594707344166207	0.615454545454545	0.640641119	0.756281818181818	697500.0	0	0.0	0.0	0.0	0.0	0
140	700000.0	0.566519420672613	0.610363636363636	0.621387871	0.754127272727273	702500.0	0	0.0	0.0	0.0	0.0	0
141	705000.0	0.560403944965976	0.614027272727273	0.565935391	0.7697	707500.0	0	0.0	0.0	0.0	0.0	0
142	710000.0	0.56078262027775	0.612236363636364	0.542227472	0.773672727272727	712500.0	0	0.0	0.0	0.0	0.0	0
143	715000.0	0.551514494627954	0.614790909090909	0.535366493	0.7889	717500.0	0	1.0	86.12	2.0	160.49	1
144	720000.0	0.487204617355608	0.641009090909091	0.443067198	0.8182	722500.0	0	1.0	83.75	1.0	93.73	1
145	725000.0	0.662577752438121	0.657727272727273	0.664540807	0.845590909090909	727500.0	0	0.0	0.0	1.0	85.07	0
146	730000.0	0.61659698120618	0.666727272727273	0.782150775	0.858763636363636	732500.0	0	0.0	0.0	2.0	180.74	0
147	735000.0	0.61036243263158	0.659427272727273	0.764734839	0.851909090909091	737500.0	0	0.0	0.0	0.0	0.0	0
148	740000.0	0.625826472586653	0.650781818181818	0.755082082	0.848409090909091	742500.0	0	1.0	96.97	1.0	97.92	1
149	745000.0	0.468525562648691	0.604418181818182	0.679347884	0.822	747500.0	0	3.0	261.5	3.0	254.60000000000002	1
150	750000.0	0.500481791153154	0.596354545454545	0.616647658	0.8154	752500.0	0	1.0	92.59	1.0	88.2	1
151	755000.0	0.559177601364734	0.599536363636364	0.656093503	0.847190909090909	757500.0	0	0.0	0.0	1.0	91.64	0
152	760000.0	0.532534911300715	0.599881818181818	0.581234327	0.854427272727273	762500.0	0	0.0	0.0	0.0	0.0	0
153	765000.0	0.499898057595274	0.6066	0.59294452	0.865327272727273	767500.0	0	0.0	0.0	1.0	90.03	0
154	770000.0	0.49605123151801	0.602536363636364	0.520509235	0.858672727272727	772500.0	0	0.0	0.0	0.0	0.0	0
155	775000.0	0.673736086220552	0.564854545454545	0.565020982	0.825309090909091	777500.0	0	2.0	173.59	3.0	234.68	1
156	780000.0	0.558910383766869	0.546036363636364	0.42141684	0.803609090909091	782500.0	0	0.0	0.0	0.0	0.0	0
157	785000.0	0.358608450124825	0.536609090909091	0.429450104	0.8004	787500.0	0	0.0	0.0	0.0	0.0	0
158	790000.0	0.319403457886666	0.551154545454545	0.434494522	0.816827272727273	792500.0	0	0.0	0.0	0.0	0.0	0
159	795000.0	0.351971215404106	0.557709090909091	0.471469513	0.810327272727273	797500.0	0	0.0	0.0	0.0	0.0	0
160	800000.0	0.48952933286459	0.581654545454545	0.476219818	0.820427272727273	802500.0	0	1.0	57.78	2.0	145.14	1
161	805000.0	0.517254483712445	0.580145454545455	0.636311844	0.803818181818182	807500.0	0	0.0	0.0	1.0	80.56	0
162	810000.0	0.572087778173387	0.571881818181818	0.310224228	0.7778	812500.0	0	0.0	0.0	0.0	0.0	0
163	815000.0	0.61517270812237	0.571827272727273	0.446586106	0.773445454545455	817500.0	0	0.0	0.0	1.0	81.57	0
164	820000.0	0.592439207949429	0.5661	0.333721272	0.756863636363636	822500.0	0	0.0	0.0	0.0	0.0	0
165	825000.0	0.633965180128718	0.562981818181818	0.526803447	0.747163636363636	827500.0	0	1.0	66.11	1.0	73.48	1
166	830000.0	0.783731895449473	0.572736363636364	0.582591328	0.741536363636364	832500.0	0	0.0	0.0	0.0	0.0	0
167	835000.0	0.779445178637695	0.576327272727273	0.568980499	0.731063636363636	837500.0	0	0.0	0.0	0.0	0.0	0
168	840000.0	0.792854425543332	0.581245454545455	0.556269809	0.727909090909091	842500.0	0	0.0	0.0	0.0	0.0	0
169	845000.0	0.813510798773214	0.584609090909091	0.361431502	0.708663636363636	847500.0	0	1.0	88.82	1.0	84.73	1
170	850000.0	0.81110064873594	0.583554545454545	0.414604649	0.718036363636363	852500.0	0	0.0	0.0	0.0	0.0	0
171	855000.0	0.812309582163131	0.584536363636364	0.709384267	0.737563636363636	857500.0	0	0.0	0.0	3.0	261.32	0
172	860000.0	0.827175089240161	0.604763636363636	0.742543172	0.760072727272727	862500.0	0	1.0	96.97	1.0	94.74	1
173	865000.0	0.811348936166831	0.621318181818182	0.796433933	0.772618181818182	867500.0	0	1.0	89.35	2.0	170.76	1
174	870000.0	0.785489238738798	0.622463636363636	0.863091793	0.766009090909091	872500.0	0	0.0	0.0	1.0	83.33	0
175	875000.0	0.794258025430208	0.619054545454545	0.853386512	0.768927272727273	877500.0	0	0.0	0.0	0.0	0.0	0
176	880000.0	0.639912318880353	0.629181818181818	0.751687716	0.784172727272727	882500.0	0	0.0	0.0	0.0	0.0	0
177	885000.0	0.684753797752495	0.6225	0.755791472	0.783481818181818	887500.0	0	0.0	0.0	0.0	0.0	0
178	890000.0	0.737723715694895	0.615063636363636	0.678069294	0.795754545454546	892500.0	0	0.0	0.0	1.0	77.03	0
179	895000.0	0.701679855672292	0.620336363636364	0.677340739	0.796072727272727	897500.0	0	1.0	92.06	1.0	93.7	1
180	900000.0	0.70515017580637	0.609754545454545	0.67580969	0.809245454545454	902500.0	0	1.0	100.0	1.0	96.73	1
181	905000.0	0.708331648227978	0.604009090909091	0.697954165	0.808745454545455	907500.0	0	0.0	0.0	2.0	150.67	0
182	910000.0	0.656603025028442	0.591627272727273	0.687128727	0.774690909090909	912500.0	0	2.0	171.17000000000002	2.0	179.37	1
183	915000.0	0.679189719499142	0.584545454545454	0.567067761	0.761727272727273	917500.0	0	0.0	0.0	1.0	59.46	0
184	920000.0	0.751676377621994	0.584936363636364	0.623464298	0.768909090909091	922500.0	0	0.0	0.0	0.0	0.0	0
185	925000.0	0.759873052548659	0.592272727272727	0.540425024	0.771745454545455	927500.0	0	0.0	0.0	2.0	135.88	0
186	930000.0	0.724458510236287	0.587454545454545	0.582498462	0.768309090909091	932500.0	0	0.0	0.0	0.0	0.0	0
187	935000.0	0.72642970166859	0.574663636363636	0.572522244	0.761254545454546	937500.0	0	0.0	0.0	1.0	78.78	0
188	940000.0	0.69801862304307	0.577790909090909	0.328285214	0.779254545454545	942500.0	0	0.0	0.0	0.0	0.0	0
189	945000.0	0.716104998500813	0.573545454545454	0.400518284	0.775445454545455	947500.0	0	0.0	0.0	2.0	160.06	0
190	950000.0	0.607185121436203	0.578672727272727	0.379871618	0.780818181818182	952500.0	0	0.0	0.0	0.0	0.0	0
191	955000.0	0.59206355385569	0.579436363636364	0.37498732	0.776790909090909	957500.0	0	0.0	0.0	0.0	0.0	0
192	960000.0	0.632475925857042	0.573063636363636	0.171771847	0.7759	962500.0	0	1.0	89.17	2.0	140.66	1
193	965000.0	0.629119037722244	0.5708	0.16487198	0.7774	967500.0	0	0.0	0.0	1.0	86.63	0
194	970000.0	0.422607926043949	0.552390909090909	0.048907536	0.766090909090909	972500.0	0	0.0	0.0	1.0	70.3	0
195	975000.0	0.330597753248997	0.550418181818182	0.159508358	0.765636363636364	977500.0	0	1.0	94.44	2.0	180.31	1
196	980000.0	0.260583586864467	0.545354545454545	0.222764882	0.7659	982500.0	0	1.0	97.44	3.0	260.67	1
197	985000.0	0.169163987492651	0.548727272727273	0.071930642	0.765472727272727	987500.0	0	0.0	0.0	0.0	0.0	0
198	990000.0	0.303758984525411	0.576218181818182	0.171979648	0.777581818181818	992500.0	0	1.0	96.47	1.0	94.57	1
199	995000.0	0.237667889336064	0.568790909090909	0.314879038	0.778018181818182	997500.0	0	1.0	93.75	1.0	96.26	1
200	1000000.0	0.312320147376156	0.594345454545455	0.462316012	0.8074	1002500.0	0	0.0	0.0	0.0	0.0	0
201	1005000.0	0.460013268014116	0.587390909090909	0.508620168	0.817281818181818	1007500.0	0	0.0	0.0	1.0	90.25	0
202	1010000.0	0.485207557121426	0.581427272727273	0.538369142	0.8092	1012500.0	0	0.0	0.0	0.0	0.0	0
203	1015000.0	0.409973526929313	0.5893	0.647448838	0.811345454545454	1017500.0	0	0.0	0.0	1.0	80.36	0
204	1020000.0	0.355096376332864	0.601854545454545	0.633854311	0.821163636363636	1022500.0	0	1.0	90.12	1.0	97.22	1
205	1025000.0	0.433452879193279	0.632918181818182	0.643454238	0.836245454545455	1027500.0	0	0.0	0.0	1.0	50.0	0
206	1030000.0	0.367292954478443	0.639245454545454	0.566616965	0.831863636363636	1032500.0	0	1.0	86.57	1.0	87.13	1
207	1035000.0	0.303267911559441	0.649418181818182	0.525265721	0.839681818181818	1037500.0	0	1.0	91.9	1.0	84.72	1
208	1040000.0	0.455273339758594	0.655690909090909	0.555391704	0.852872727272727	1042500.0	0	0.0	0.0	1.0	74.6	0
209	1045000.0	0.465606370096207	0.646227272727273	0.571872787	0.848236363636364	1047500.0	0	0.0	0.0	0.0	0.0	0
210	1050000.0	0.535896918053511	0.660509090909091	0.67042218	0.850145454545455	1052500.0	0	0.0	0.0	0.0	0.0	0
211	1055000.0	0.561304689117035	0.643345454545455	0.625062144	0.818754545454545	1057500.0	0	0.0	0.0	0.0	0.0	0
212	1060000.0	0.803090691184324	0.643972727272727	0.609230774	0.800518181818182	1062500.0	0	2.0	183.32	2.0	181.11	1
213	1065000.0	0.836787490794781	0.631472727272727	0.784191637	0.802381818181818	1067500.0	0	0.0	0.0	0.0	0.0	0
214	1070000.0	0.825171091890529	0.629618181818182	0.766419435	0.792245454545455	1072500.0	0	0.0	0.0	1.0	76.65	0
215	1075000.0	0.785397509061228	0.617327272727273	0.731938017	0.786718181818182	1077500.0	0	0.0	0.0	1.0	90.83	0
216	1080000.0	0.750642609061082	0.612781818181818	0.868875464	0.793145454545455	1082500.0	0	0.0	0.0	0.0	0.0	0
217	1085000.0	0.737906057154546	0.607627272727273	0.792972365	0.7832	1087500.0	0	1.0	85.77	1.0	79.88	1
218	1090000.0	0.799810791925864	0.613772727272727	0.79076116	0.786827272727273	1092500.0	0	1.0	77.04	1.0	91.51	1
219	1095000.0	0.868405512877855	0.655218181818182	0.857958475	0.799636363636364	1097500.0	0	1.0	87.55	2.0	163.7	1
220	1100000.0	0.860056864649585	0.648481818181818	0.78512782	0.789990909090909	1102500.0	0	0.0	0.0	0.0	0.0	0
221	1105000.0	0.823725208058099	0.660890909090909	0.795780959	0.788427272727273	1107500.0	0	3.0	269.35	3.0	279.33	1
222	1110000.0	0.809746180019416	0.673090909090909	0.7246997	0.795390909090909	1112500.0	0	0.0	0.0	0.0	0.0	0
223	1115000.0	0.810556786631168	0.6776	0.684719701	0.800409090909091	1117500.0	0	0.0	0.0	0.0	0.0	0
224	1120000.0	0.796822841180379	0.705536363636364	0.644589372	0.822263636363637	1122500.0	0	1.0	97.92	1.0	91.78	1
225	1125000.0	0.759327994067726	0.723563636363636	0.585628386	0.836018181818182	1127500.0	0	2.0	135.4	3.0	247.37	1
226	1130000.0	0.666955219556797	0.748809090909091	0.451424477	0.849781818181818	1132500.0	0	0.0	0.0	0.0	0.0	0
227	1135000.0	0.733829922379043	0.730163636363636	0.500104578	0.836290909090909	1137500.0	0	0.0	0.0	1.0	85.56	0
228	1140000.0	0.751342271931579	0.723890909090909	0.403445558	0.828663636363636	1142500.0	0	1.0	77.78	1.0	52.6	1
229	1145000.0	0.859905743364654	0.698881818181818	0.533718667	0.799781818181818	1147500.0	0	0.0	0.0	0.0	0.0	0
230	1150000.0	0.692624648185707	0.659509090909091	0.415497237	0.788845454545454	1152500.0	0	0.0	0.0	0.0	0.0	0
231	1155000.0	0.705046981263187	0.661945454545455	0.371660912	0.801418181818182	1157500.0	0	1.0	93.75	1.0	93.64	1
232	1160000.0	0.847926876742918	0.660890909090909	0.47316945	0.806954545454545	1162500.0	0	0.0	0.0	0.0	0.0	0
233	1165000.0	0.852177493617813	0.655109090909091	0.414124064	0.805572727272727	1167500.0	0	0.0	0.0	2.0	144.0	0
234	1170000.0	0.859181961485665	0.645563636363636	0.395512956	0.807527272727273	1172500.0	0	0.0	0.0	1.0	81.67	0
235	1175000.0	0.859808522304042	0.635727272727273	0.299655512	0.785081818181818	1177500.0	0	0.0	0.0	0.0	0.0	0
236	1180000.0	0.866823652234535	0.634154545454545	0.253195831	0.786663636363636	1182500.0	0	0.0	0.0	1.0	90.91	0
237	1185000.0	0.947287482671362	0.604845454545455	0.198695676	0.759054545454545	1187500.0	0	0.0	0.0	0.0	0.0	0
238	1190000.0	0.861230674901302	0.610636363636364	0.118190037	0.768872727272727	1192500.0	0	1.0	94.44	1.0	88.26	1
239	1195000.0	0.861459982059812	0.610690909090909	0.076053745	0.7644	1197500.0	0	1.0	57.67	1.0	51.92	1
240	1200000.0	0.782595935054465	0.626436363636364	-0.384801321	0.779872727272727	1202500.0	0	0.0	0.0	0.0	0.0	0
241	1205000.0	0.727927044423963	0.633227272727273	-0.259246303	0.776090909090909	1207500.0	0	0.0	0.0	0.0	0.0	0
242	1210000.0	0.646530451123235	0.637445454545455	-0.324269561	0.7767	1212500.0	0	1.0	68.33	1.0	71.27	1
243	1215000.0	0.436383631937245	0.629945454545455	-0.465210425	0.763254545454545	1217500.0	0	0.0	0.0	2.0	125.89000000000001	0
244	1220000.0	0.542367379159512	0.638563636363636	-0.493612172	0.768618181818182	1222500.0	0	0.0	0.0	0.0	0.0	0
245	1225000.0	0.558108927554464	0.634345454545455	-0.234087725	0.754290909090909	1227500.0	0	0.0	0.0	0.0	0.0	0
246	1230000.0	0.781015613721633	0.651845454545455	-0.056673455	0.774963636363636	1232500.0	0	0.0	0.0	1.0	94.87	0
247	1235000.0	0.823699710897297	0.6738	0.105732765	0.781245454545455	1237500.0	0	0.0	0.0	0.0	0.0	0
248	1240000.0	0.792956381319363	0.680481818181818	0.250121838	0.785309090909091	1242500.0	0	0.0	0.0	0.0	0.0	0
249	1245000.0	0.752356036313501	0.676827272727273	0.30357984	0.773890909090909	1247500.0	0	0.0	0.0	0.0	0.0	0
250	1250000.0	0.720231860624655	0.677318181818182	0.368624251	0.779454545454545	1252500.0	0	0.0	0.0	0.0	0.0	0
251	1255000.0	0.6288998491376	0.6704	0.308579907	0.778718181818182	1257500.0	0	2.0	181.07999999999998	2.0	171.25	1
252	1260000.0	0.660920054653204	0.671563636363636	0.328869979	0.7803	1262500.0	0	0.0	0.0	1.0	76.67	0
253	1265000.0	0.753682986889665	0.675872727272727	0.625274746	0.796072727272727	1267500.0	0	1.0	74.21	2.0	147.41	1
254	1270000.0	0.739483430714254	0.679390909090909	0.562937244	0.807790909090909	1272500.0	0	0.0	0.0	0.0	0.0	0
255	1275000.0	0.704956342865866	0.701863636363636	0.545114217	0.818572727272727	1277500.0	0	0.0	0.0	2.0	168.94	0
256	1280000.0	0.625965655199572	0.733863636363636	0.366909344	0.8503	1282500.0	0	1.0	94.26	3.0	249.31	1
257	1285000.0	0.544120079121903	0.712390909090909	0.401597177	0.835854545454545	1287500.0	0	0.0	0.0	0.0	0.0	0
258	1290000.0	0.466770079920465	0.674872727272727	0.351509847	0.816054545454545	1292500.0	0	1.0	96.08	2.0	195.3	1
259	1295000.0	0.583982732200881	0.664554545454545	0.505894911	0.8161	1297500.0	0	0.0	0.0	0.0	0.0	0
260	1300000.0	0.5550222366512	0.672863636363636	0.449893478	0.822927272727273	1302500.0	0	0.0	0.0	0.0	0.0	0
261	1305000.0	0.616671423097234	0.668027272727273	0.600566941	0.826618181818182	1307500.0	0	0.0	0.0	0.0	0.0	0
262	1310000.0	0.72519625699786	0.670272727272727	0.683510453	0.8336	1312500.0	0	0.0	0.0	0.0	0.0	0
263	1315000.0	0.769427936100736	0.676909090909091	0.692707736	0.837590909090909	1317500.0	0	0.0	0.0	0.0	0.0	0
264	1320000.0	0.717939778193499	0.670609090909091	0.540945969	0.816654545454545	1322500.0	0	1.0	96.55	1.0	98.25	1
265	1325000.0	0.737456164869735	0.688690909090909	0.482162984	0.799009090909091	1327500.0	0	0.0	0.0	1.0	85.05	0
266	1330000.0	0.640967686614676	0.658318181818182	0.426111346	0.783945454545455	1332500.0	0	0.0	0.0	0.0	0.0	0
267	1335000.0	0.565134149989625	0.651181818181818	0.234073118	0.780636363636364	1337500.0	0	1.0	87.59	1.0	90.85	1
268	1340000.0	0.565152431773077	0.665845454545455	0.317840953	0.791972727272727	1342500.0	0	1.0	90.61	2.0	137.34	1
269	1345000.0	0.565969806270402	0.689445454545455	0.353197752	0.803272727272727	1347500.0	0	0.0	0.0	0.0	0.0	0
270	1350000.0	0.442172448107611	0.706172727272727	0.232954414	0.804909090909091	1352500.0	0	0.0	0.0	1.0	85.77	0
271	1355000.0	0.519547895746084	0.700490909090909	0.298588841	0.805272727272727	1357500.0	0	0.0	0.0	1.0	82.6	0
272	1360000.0	0.381745546933779	0.713545454545455	0.208008388	0.812236363636364	1362500.0	0	0.0	0.0	0.0	0.0	0
273	1365000.0	0.238405885935111	0.721272727272727	0.280743314	0.817554545454545	1367500.0	0	3.0	247.09	3.0	250.82999999999998	1
274	1370000.0	0.26592042118876	0.707072727272727	0.257488218	0.8084	1372500.0	0	0.0	0.0	0.0	0.0	0
275	1375000.0	0.353396809259045	0.707172727272727	0.464969085	0.796427272727273	1377500.0	0	1.0	97.22	1.0	90.3	1
276	1380000.0	0.500236444559851	0.681272727272727	0.446348666	0.799627272727273	1382500.0	0	0.0	0.0	0.0	0.0	0
277	1385000.0	0.378533627489682	0.693163636363637	0.490690948	0.793381818181818	1387500.0	0	1.0	91.83	1.0	91.41	1
278	1390000.0	0.406691757109908	0.695527272727273	0.714475929	0.790254545454545	1392500.0	0	2.0	197.92000000000002	2.0	200.0	1
279	1395000.0	0.363040753341064	0.692163636363636	0.620574708	0.783609090909091	1397500.0	0	0.0	0.0	0.0	0.0	0
280	1400000.0	0.370692949857596	0.695718181818182	0.76003896	0.794281818181818	1402500.0	0	2.0	183.53	2.0	166.55	1
281	1405000.0	0.738456452749777	0.728472727272727	0.823868974	0.817981818181818	1407500.0	0	2.0	190.48000000000002	2.0	181.25	1
282	1410000.0	0.810637941202331	0.782554545454545	0.860972372	0.861318181818182	1412500.0	0	0.0	0.0	0.0	0.0	0
283	1415000.0	0.847858491173008	0.813863636363636	0.887957421	0.882854545454545	1417500.0	0	0.0	0.0	0.0	0.0	0
284	1420000.0	0.710164465990964	0.812418181818182	0.882577395	0.891063636363636	1422500.0	0	2.0	138.29	1.0	89.58	1
285	1425000.0	0.744303955676891	0.8487	0.892736681	0.912554545454546	1427500.0	0	1.0	90.0	1.0	86.23	1
286	1430000.0	0.691193443174109	0.867245454545455	0.870025399	0.926636363636364	1432500.0	0	0.0	0.0	0.0	0.0	0
287	1435000.0	0.603102643876648	0.897445454545454	0.838827658	0.939909090909091	1437500.0	0	3.0	263.44	3.0	251.81	1
288	1440000.0	0.491693519315072	0.925690909090909	0.77559907	0.969609090909091	1442500.0	0	0.0	0.0	0.0	0.0	0
289	1445000.0	0.484027948620368	0.926590909090909	0.764539875	0.970681818181818	1447500.0	0	1.0	96.1	1.0	100.0	1
290	1450000.0	0.269478924958291	0.960172727272727	0.637919726	0.990218181818182	1452500.0	0	0.0	0.0	0.0	0.0	0
291	1455000.0	0.261628167947532	0.961054545454545	0.614377329	0.991809090909091	1457500.0	0	3.0	257.39	3.0	249.19	1
292	1460000.0	0.293742289348281	0.945372727272727	0.707750901	0.978127272727273	1462500.0	0	0.0	0.0	0.0	0.0	0
293	1465000.0	0.305517257107984	0.943136363636364	0.69905994	0.963645454545454	1467500.0	0	2.0	176.14	2.0	163.0	1
294	1470000.0	0.250362919456749	0.940772727272727	0.623237067	0.972409090909091	1472500.0	0	0.0	0.0	0.0	0.0	0
295	1475000.0	0.8132774193142	0.959827272727273	0.703485532	0.975018181818182	1477500.0	0	0.0	0.0	1.0	75.99	0
296	1480000.0	0.770245466217128	0.968036363636364	0.663725014	0.982854545454545	1482500.0	0	1.0	89.41	1.0	74.22	1
297	1485000.0	0.770311230415518	0.990809090909091	0.689030638	1.0071	1487500.0	0	1.0	96.3	1.0	100.0	1
298	1490000.0	0.823483692969113	0.980563636363636	0.735952076	1.01691818181818	1492500.0	0	2.0	157.60000000000002	1.0	96.7	1
299	1495000.0	0.823885933323325	0.966190909090909	0.735504992	1.01387272727273	1497500.0	0	0.0	0.0	0.0	0.0	0
300	1500000.0	0.720129184564115	0.966063636363636	0.66220869	1.00780909090909	1502500.0	0	0.0	0.0	0.0	0.0	0
301	1505000.0	0.715754308196652	0.948390909090909	0.670868132	1.00432727272727	1507500.0	0	1.0	77.5	1.0	70.69	1
302	1510000.0	0.657568352439327	0.950609090909091	0.585900558	0.989563636363636	1512500.0	0	0.0	0.0	0.0	0.0	0
303	1515000.0	0.703631589049781	0.943745454545455	0.572498522	0.982245454545455	1517500.0	0	0.0	0.0	1.0	67.5	0
304	1520000.0	0.519732589688404	0.932018181818182	0.470825039	0.971927272727273	1522500.0	0	1.0	75.93	1.0	83.4	1
305	1525000.0	0.608863975111574	0.940936363636364	0.259321354	0.951281818181818	1527500.0	0	0.0	0.0	0.0	0.0	0
306	1530000.0	0.691951770365578	0.967627272727273	0.590269926	0.976318181818182	1532500.0	0	3.0	241.26	1.0	87.19	1
307	1535000.0	0.588383973809425	0.942727272727273	0.591230078	0.958645454545454	1537500.0	0	0.0	0.0	0.0	0.0	0
308	1540000.0	0.674250101288456	0.965354545454545	0.635352606	0.974881818181818	1542500.0	0	2.0	188.04000000000002	2.0	171.29000000000002	1
309	1545000.0	0.666054750430574	0.989518181818182	0.724609173	0.972109090909091	1547500.0	0	2.0	180.56	2.0	163.82999999999998	1
310	1550000.0	0.622649776691502	1.03603636363636	0.72491275	1.00307272727273	1552500.0	0	2.0	154.01999999999998	1.0	67.8	1
311	1555000.0	0.725569885809945	1.09874545454545	0.747379429	1.03826363636364	1557500.0	0	0.0	0.0	0.0	0.0	0
312	1560000.0	0.72541908374558	1.12476363636364	0.739377692	1.05994545454545	1562500.0	0	0.0	0.0	0.0	0.0	0
313	1565000.0	0.740130223394679	1.16464545454545	0.731425538	1.08433636363636	1567500.0	0	0.0	0.0	0.0	0.0	0
314	1570000.0	0.592945202336667	1.1954	0.425829042	1.09466363636364	1572500.0	0	0.0	0.0	0.0	0.0	0
315	1575000.0	0.57871948942042	1.19961818181818	0.41163355	1.10586363636364	1577500.0	0	0.0	0.0	0.0	0.0	0
316	1580000.0	0.60675395399897	1.18929090909091	0.458467457	1.11458181818182	1582500.0	0	1.0	85.0	1.0	91.13	1
317	1585000.0	0.6208662817782	1.2027	0.397638795	1.11690909090909	1587500.0	0	0.0	0.0	0.0	0.0	0
318	1590000.0	0.710717125547353	1.22005454545455	0.505811488	1.11656363636364	1592500.0	0	1.0	70.72	1.0	70.8	1
319	1595000.0	0.751100407380361	1.16471818181818	0.607877961	1.0658	1597500.0	0	0.0	0.0	1.0	73.15	0
320	1600000.0	0.755847059586131	1.17308181818182	0.615250374	1.07507272727273	1602500.0	0	0.0	0.0	0.0	0.0	0
321	1605000.0	0.544629434930215	1.20504545454545	0.661202665	1.05569090909091	1607500.0	0	0.0	0.0	1.0	81.48	0
322	1610000.0	0.374668092921967	1.19444545454545	0.537476385	1.04955454545455	1612500.0	0	1.0	91.37	1.0	90.3	1
323	1615000.0	0.402023900600608	1.23179090909091	0.545438651	1.03820909090909	1617500.0	0	0.0	0.0	0.0	0.0	0
324	1620000.0	0.362382346595713	1.23204545454545	0.499204492	1.03204545454545	1622500.0	0	0.0	0.0	0.0	0.0	0
325	1625000.0	0.482568448335707	1.21952727272727	0.646981575	1.03148181818182	1627500.0	0	0.0	0.0	0.0	0.0	0
326	1630000.0	0.717002177432488	1.1945	0.653486378	1.01127272727273	1632500.0	0	0.0	0.0	0.0	0.0	0
327	1635000.0	0.769570068408985	1.16405454545455	0.670820817	0.989536363636363	1637500.0	0	0.0	0.0	0.0	0.0	0
328	1640000.0	0.826600877645469	1.12262727272727	0.357994688	0.970872727272727	1642500.0	0	3.0	246.5	2.0	159.47	1
329	1645000.0	0.841933571871648	1.11316363636364	0.359035583	0.971490909090909	1647500.0	0	0.0	0.0	0.0	0.0	0
330	1650000.0	0.862655250308456	1.16997272727273	0.345826311	1.00876363636364	1652500.0	0	1.0	94.07	1.0	89.57	1
331	1655000.0	0.795251790948388	1.16765454545455	0.426447736	1.01841818181818	1657500.0	0	0.0	0.0	0.0	0.0	0
332	1660000.0	0.737072954522984	1.13009090909091	0.444391441	1.01985454545455	1662500.0	0	3.0	249.82999999999998	3.0	255.51999999999998	1
333	1665000.0	0.7767832102772	1.08246363636364	0.570506037	0.984554545454546	1667500.0	0	2.0	181.0	2.0	167.27	1
334	1670000.0	0.801208771980196	1.02367272727273	0.567093203	0.970781818181818	1672500.0	0	1.0	85.18	2.0	168.37	1
335	1675000.0	0.846935938609028	0.986763636363636	0.619657501	0.950136363636363	1677500.0	0	0.0	0.0	1.0	71.43	0
336	1680000.0	0.83317798250865	0.995781818181818	0.695443677	0.963363636363636	1682500.0	0	3.0	280.82	3.0	271.79	1
337	1685000.0	0.814140251823092	1.04408181818182	0.687909056	0.986981818181818	1687500.0	0	0.0	0.0	0.0	0.0	0
338	1690000.0	0.877983398965474	1.04999090909091	0.530783658	0.993009090909091	1692500.0	0	0.0	0.0	0.0	0.0	0
339	1695000.0	0.863288379692696	1.10081818181818	0.656708338	1.01472727272727	1697500.0	0	0.0	0.0	0.0	0.0	0
340	1700000.0	0.836973078746868	1.12659090909091	0.596143893	1.03217272727273	1702500.0	0	0.0	0.0	0.0	0.0	0
341	1705000.0	0.861069210680388	1.10822727272727	0.659715719	1.0405	1707500.0	0	0.0	0.0	0.0	0.0	0
342	1710000.0	0.851590495402697	1.10808181818182	0.656168481	1.0358	1712500.0	0	1.0	97.62	1.0	93.4	1
343	1715000.0	0.771938636060891	1.11836363636364	0.580861798	1.04306363636364	1717500.0	0	3.0	256.94	2.0	185.95	1
344	1720000.0	0.69504079749217	1.13339090909091	0.435943223	1.05451818181818	1722500.0	0	3.0	258.47	3.0	253.73000000000002	1
345	1725000.0	0.62685893368451	1.13048181818182	0.390089048	1.03753636363636	1727500.0	0	1.0	92.96	3.0	218.55	1
346	1730000.0	0.579445037480236	1.15889090909091	0.214293629	1.05740909090909	1732500.0	0	1.0	90.6	1.0	89.07	1
347	1735000.0	0.624848594770165	1.14726363636364	0.236582816	1.05491818181818	1737500.0	0	1.0	73.89	2.0	174.75	1
348	1740000.0	0.671972402242383	1.11191818181818	0.357091506	1.03697272727273	1742500.0	0	1.0	88.68	1.0	91.24	1
349	1745000.0	0.476034309774959	1.13865454545455	0.462267016	1.04252727272727	1747500.0	0	0.0	0.0	0.0	0.0	0
350	1750000.0	0.657172683266246	1.08202727272727	0.506650871	1.00497272727273	1752500.0	0	0.0	0.0	0.0	0.0	0
351	1755000.0	0.719763929259673	1.04867272727273	0.603453657	0.981181818181818	1757500.0	0	0.0	0.0	0.0	0.0	0
352	1760000.0	0.737513784594814	1.01353636363636	0.510843571	0.953963636363636	1762500.0	0	3.0	241.0	3.0	269.61	1
353	1765000.0	0.722555895607059	0.993909090909091	0.503518823	0.957763636363636	1767500.0	0	1.0	76.31	1.0	65.0	1
354	1770000.0	0.829313064508758	0.94	0.595191726	0.940781818181818	1772500.0	0	0.0	0.0	0.0	0.0	0
355	1775000.0	0.860492880407432	0.913963636363636	0.619259531	0.941472727272727	1777500.0	0	0.0	0.0	0.0	0.0	0
356	1780000.0	0.922221081354176	0.910590909090909	0.84726142	0.953009090909091	1782500.0	0	0.0	0.0	0.0	0.0	0
357	1785000.0	0.943264158251409	0.878036363636364	0.779791186	0.953254545454545	1787500.0	0	0.0	0.0	0.0	0.0	0
358	1790000.0	0.706634354251577	0.914827272727273	0.735867456	0.961309090909091	1792500.0	0	0.0	0.0	0.0	0.0	0
359	1795000.0	0.7130038283911	0.893927272727273	0.723766909	0.950154545454545	1797500.0	0	2.0	167.54	1.0	82.42	1
360	1800000.0	0.697956790171309	0.880318181818182	0.712870906	0.935890909090909	1802500.0	0	0.0	0.0	0.0	0.0	0
361	1805000.0	0.703986846875167	0.878581818181818	0.705600716	0.940881818181818	1807500.0	0	2.0	158.32	1.0	81.89	1
362	1810000.0	0.784296531553014	0.864954545454545	0.663910099	0.9216	1812500.0	0	0.0	0.0	0.0	0.0	0
363	1815000.0	0.725203105410637	0.874872727272727	0.579121626	0.908481818181818	1817500.0	0	0.0	0.0	0.0	0.0	0
364	1820000.0	0.707997939122229	0.890127272727273	0.413350069	0.896381818181818	1822500.0	0	0.0	0.0	0.0	0.0	0
365	1825000.0	0.756545436459675	0.911854545454545	0.401499916	0.896636363636364	1827500.0	0	1.0	63.81	0.0	0.0	1
366	1830000.0	0.681932431814482	0.924481818181818	0.45509917	0.900254545454545	1832500.0	0	1.0	83.55	0.0	0.0	1
367	1835000.0	0.71958129495914	0.950127272727273	0.630155926	0.931854545454545	1837500.0	0	1.0	83.41	1.0	93.98	1
368	1840000.0	0.750997659824795	0.980272727272727	0.566411259	0.927072727272727	1842500.0	0	1.0	91.9	2.0	168.92000000000002	1
369	1845000.0	0.841790084932316	0.965245454545455	0.574808996	0.910490909090909	1847500.0	0	1.0	91.7	1.0	93.15	1
370	1850000.0	0.830351656941814	0.989927272727273	0.509097885	0.923172727272727	1852500.0	0	1.0	82.08	1.0	78.76	1
371	1855000.0	0.826936600214443	1.01738181818182	0.455605805	0.964309090909091	1857500.0	0	1.0	94.75	1.0	95.24	1
372	1860000.0	0.785308589482906	1.04893636363636	0.412303366	0.981045454545454	1862500.0	0	2.0	169.96	3.0	260.03	1
373	1865000.0	0.469806090291224	1.06323636363636	0.075579144	1.01473636363636	1867500.0	0	0.0	0.0	0.0	0.0	0
374	1870000.0	0.545375985598997	1.08966363636364	0.451220778	1.06753636363636	1872500.0	0	0.0	0.0	1.0	83.77	0
375	1875000.0	0.536187697327125	1.08018181818182	0.263807505	1.06568181818182	1877500.0	0	1.0	84.43	1.0	86.67	1
376	1880000.0	0.654635470242413	1.05016363636364	0.351374522	1.04456363636364	1882500.0	0	0.0	0.0	0.0	0.0	0
377	1885000.0	0.60485385623144	1.05797272727273	0.325351072	1.04861818181818	1887500.0	0	0.0	0.0	1.0	88.5	0
378	1890000.0	0.636604014846053	1.06136363636364	0.283160303	1.03089090909091	1892500.0	0	1.0	81.25	1.0	86.81	1
379	1895000.0	0.537714861936009	1.0347	0.291041775	1.01690909090909	1897500.0	0	1.0	100.0	3.0	229.03	1
380	1900000.0	0.508195236654381	1.00878181818182	0.304430313	1.02189090909091	1902500.0	0	1.0	97.44	1.0	96.97	1
381	1905000.0	0.585763642011899	1.01402727272727	0.300966726	1.0325	1907500.0	0	0.0	0.0	0.0	0.0	0
382	1910000.0	0.540142043991504	1.00985454545455	0.355981332	1.02219090909091	1912500.0	0	0.0	0.0	1.0	82.74	0
383	1915000.0	0.543074208554818	1.01230909090909	0.496953848	1.01584545454545	1917500.0	0	0.0	0.0	0.0	0.0	0
384	1920000.0	0.349834425139766	1.04242727272727	0.488649704	1.01966363636364	1922500.0	0	1.0	77.89	1.0	84.56	1
385	1925000.0	0.385032607285072	1.07857272727273	0.168219065	1.02578181818182	1927500.0	0	1.0	51.03	1.0	70.85	1
386	1930000.0	0.621495077451119	1.1289	0.297854606	1.06218181818182	1932500.0	0	0.0	0.0	0.0	0.0	0
387	1935000.0	0.549688947504796	1.19221818181818	-0.052243572	1.10418181818182	1937500.0	0	0.0	0.0	0.0	0.0	0
388	1940000.0	0.577698820610531	1.21954545454545	-0.043745663	1.11322727272727	1942500.0	0	2.0	187.88	2.0	169.63	1
389	1945000.0	0.627396337682148	1.21392727272727	0.158729082	1.14238181818182	1947500.0	0	0.0	0.0	0.0	0.0	0
390	1950000.0	0.141028339698511	1.21641818181818	-0.082804259	1.15817272727273	1952500.0	0	0.0	0.0	0.0	0.0	0
391	1955000.0	0.178533097565406	1.22129090909091	-0.150015018	1.16836363636364	1957500.0	0	1.0	72.53	1.0	57.59	1
392	1960000.0	0.428683861948266	1.20102727272727	0.284581797	1.14809090909091	1962500.0	0	0.0	0.0	0.0	0.0	0
393	1965000.0	0.633651920377914	1.15679090909091	0.582349935	1.10949090909091	1967500.0	0	1.0	84.57	1.0	81.99	1
394	1970000.0	0.721464493637288	1.10884545454545	0.716934834	1.07116363636364	1972500.0	0	1.0	76.15	1.0	84.04	1
395	1975000.0	0.743721054117358	1.07716363636364	0.755799587	1.05152727272727	1977500.0	0	0.0	0.0	0.0	0.0	0
396	1980000.0	0.77201881454668	0.997209090909091	0.78392133	1.00121818181818	1982500.0	0	0.0	0.0	0.0	0.0	0
397	1985000.0	0.737207811421804	0.931554545454545	0.801850804	0.966190909090909	1987500.0	0	2.0	160.72	2.0	143.57	1
398	1990000.0	0.763048988704845	0.878609090909091	0.801994525	0.938272727272727	1992500.0	0	0.0	0.0	0.0	0.0	0
399	1995000.0	0.835508076300636	0.839290909090909	0.773635895	0.919972727272727	1997500.0	0	0.0	0.0	0.0	0.0	0
400	2000000.0	0.88474430423671	0.836063636363636	0.865174904	0.902490909090909	2002500.0	0	0.0	0.0	0.0	0.0	0
401	2005000.0	0.934339176609022	0.858609090909091	0.889190177	0.906890909090909	2007500.0	0	1.0	92.07	1.0	88.39	1
402	2010000.0	0.73785698734722	0.922490909090909	0.654089812	0.953445454545454	2012500.0	0	3.0	254.14	2.0	183.82	1
403	2015000.0	0.74439451761625	0.955154545454545	0.644643183	0.970290909090909	2017500.0	0	4.0	286.7	1.0	87.04	1
404	2020000.0	0.710016088939007	0.992754545454546	0.584750676	1.00727272727273	2022500.0	0	2.0	185.16	2.0	184.59	1
405	2025000.0	0.626668536039688	1.03155454545455	0.408334274	1.04105454545455	2027500.0	0	1.0	71.52	1.0	95.14	1
406	2030000.0	0.528662122631182	1.05869090909091	0.196357238	1.06952727272727	2032500.0	0	2.0	185.44	2.0	182.89	1
407	2035000.0	0.329290485302233	1.08386363636364	-0.153592991	1.08370909090909	2037500.0	0	2.0	187.7	2.0	180.88	1
408	2040000.0	0.316380049378014	1.09263636363636	-0.029736936	1.07684545454545	2042500.0	0	0.0	0.0	0.0	0.0	0
409	2045000.0	0.287635318826666	1.09685454545455	-0.006841939	1.08485454545455	2047500.0	0	1.0	78.14	1.0	63.33	1
410	2050000.0	0.193682124913917	1.09447272727273	-0.16385908	1.07935454545455	2052500.0	0	0.0	0.0	0.0	0.0	0
411	2055000.0	0.30720382992419	1.06846363636364	-0.223148677	1.05691818181818	2057500.0	0	1.0	92.18	1.0	89.41	1
412	2060000.0	0.366586520219365	1.03367272727273	-0.132080073	1.04745454545455	2062500.0	0	2.0	171.16000000000003	3.0	223.09	1
413	2065000.0	0.632528273600807	0.981609090909091	0.021100267	1.01467272727273	2067500.0	0	1.0	70.6	1.0	72.31	1
414	2070000.0	0.383879567249888	0.9657	-0.358084106	1.03124545454545	2072500.0	0	0.0	0.0	0.0	0.0	0
415	2075000.0	0.32969176128886	0.955436363636364	-0.356595447	1.02236363636364	2077500.0	0	2.0	151.55	2.0	164.42000000000002	1
416	2080000.0	0.589486260046211	0.986027272727273	0.188862229	1.05506363636364	2082500.0	0	0.0	0.0	0.0	0.0	0
417	2085000.0	0.448536237279625	1.00388181818182	0.150966387	1.05669090909091	2087500.0	0	1.0	89.17	1.0	87.44	1
418	2090000.0	0.460042299061158	1.00905454545455	0.125107791	1.05551818181818	2092500.0	0	0.0	0.0	0.0	0.0	0
419	2095000.0	0.441613628334826	1.00429090909091	0.014166557	1.05977272727273	2097500.0	0	0.0	0.0	0.0	0.0	0
420	2100000.0	0.459064117381989	0.985636363636364	-0.087756336	1.04371818181818	2102500.0	0	3.0	290.31	3.0	285.28	1
421	2105000.0	0.562495289174918	1.00869090909091	-0.025799495	1.07112727272727	2107500.0	0	0.0	0.0	0.0	0.0	0
422	2110000.0	0.560672001838785	1.03060909090909	0.175672304	1.06784545454545	2112500.0	0	0.0	0.0	0.0	0.0	0
423	2115000.0	0.527428826352002	1.05307272727273	0.17452439	1.06913636363636	2117500.0	0	1.0	94.81	1.0	90.1	1
424	2120000.0	0.465596824096158	1.03571818181818	0.223575518	1.0545	2122500.0	0	0.0	0.0	1.0	83.04	0
425	2125000.0	0.471007059081184	1.04579090909091	0.335472755	1.05534545454545	2127500.0	0	0.0	0.0	0.0	0.0	0
426	2130000.0	0.566029444277832	1.032	0.402041258	1.04789090909091	2132500.0	0	2.0	170.07999999999998	2.0	167.53	1
427	2135000.0	0.385391957965434	1.02392727272727	0.143357568	1.02863636363636	2137500.0	0	0.0	0.0	0.0	0.0	0
428	2140000.0	0.497020483795541	1.04172727272727	0.159169257	1.02682727272727	2142500.0	0	2.0	179.68	2.0	176.32999999999998	1
429	2145000.0	0.542778803601192	1.07093636363636	0.146997311	1.06619090909091	2147500.0	0	0.0	0.0	0.0	0.0	0
430	2150000.0	0.579885071165694	1.09267272727273	0.221856769	1.08307272727273	2152500.0	0	2.0	173.03	2.0	175.11	1
431	2155000.0	0.470115139143532	1.17590909090909	0.373689099	1.13457272727273	2157500.0	0	0.0	0.0	0.0	0.0	0
432	2160000.0	0.468704059486643	1.16500909090909	0.285321841	1.10994545454545	2162500.0	0	2.0	173.4	2.0	172.13	1
433	2165000.0	0.442872518351105	1.17798181818182	0.154293889	1.12140909090909	2167500.0	0	0.0	0.0	0.0	0.0	0
434	2170000.0	0.430199106401934	1.19238181818182	0.121768558	1.13776363636364	2172500.0	0	1.0	98.41	1.0	95.95	1
435	2175000.0	0.553481245151651	1.22824545454545	0.142611943	1.14273636363636	2177500.0	0	1.0	80.25	1.0	72.54	1
436	2180000.0	0.670972593153042	1.30094545454545	0.289894237	1.14895454545455	2182500.0	0	1.0	69.05	0.0	0.0	1
437	2185000.0	0.557848010100203	1.37410909090909	-0.053136938	1.17863636363636	2187500.0	0	2.0	154.7	2.0	168.93	1
438	2190000.0	0.553854737134875	1.38902727272727	-0.035781762	1.1884	2192500.0	0	1.0	86.6	1.0	81.15	1
439	2195000.0	0.556626987100353	1.38013636363636	-0.063233024	1.19512727272727	2197500.0	0	1.0	97.78	1.0	93.02	1
440	2200000.0	0.476396493909688	1.4144	0.007033369	1.18522727272727	2202500.0	0	1.0	81.87	1.0	85.56	1
441	2205000.0	0.425928075075614	1.44073636363636	0.268672476	1.21364545454545	2207500.0	0	0.0	0.0	0.0	0.0	0
442	2210000.0	0.65619221005862	1.41969090909091	0.53362641	1.20126363636364	2212500.0	0	2.0	165.39	3.0	265.25	1
443	2215000.0	0.53774628467961	1.46467272727273	0.489678513	1.22976363636364	2217500.0	0	1.0	92.44	1.0	79.73	1
444	2220000.0	0.550513326706168	1.47923636363636	0.689942171	1.26424545454545	2222500.0	0	1.0	92.95	1.0	88.72	1
445	2225000.0	0.580581950433554	1.45694545454545	0.684202924	1.24880909090909	2227500.0	0	1.0	93.83	1.0	100.0	1
446	2230000.0	0.615320184407175	1.45924545454545	0.724289365	1.25370909090909	2232500.0	0	0.0	0.0	1.0	58.61	0
447	2235000.0	0.303020059131199	1.40167272727273	0.69805778	1.22548181818182	2237500.0	0	2.0	139.8	2.0	144.64	1
448	2240000.0	0.333829667930607	1.36166363636364	0.764939672	1.20120909090909	2242500.0	0	1.0	91.83	1.0	92.95	1
449	2245000.0	0.402939355970012	1.39655454545455	0.761091209	1.19674545454545	2247500.0	0	2.0	184.23000000000002	2.0	186.25	1
450	2250000.0	0.366190509554734	1.35684545454545	0.766112584	1.16931818181818	2252500.0	0	0.0	0.0	0.0	0.0	0
451	2255000.0	0.359350294222142	1.32312727272727	0.698584191	1.15915454545455	2257500.0	0	1.0	93.87	1.0	100.0	1
452	2260000.0	0.377542944682907	1.33041818181818	0.462377157	1.13811818181818	2262500.0	0	0.0	0.0	0.0	0.0	0
453	2265000.0	0.517490308487181	1.35455454545455	0.514197052	1.13360909090909	2267500.0	0	2.0	188.24	2.0	175.15	1
454	2270000.0	0.583189830995197	1.35382727272727	0.495344716	1.12356363636364	2272500.0	0	3.0	270.56	3.0	277.12	1
455	2275000.0	0.528018002967774	1.31498181818182	0.491769707	1.09083636363636	2277500.0	0	3.0	287.76	3.0	286.98	1
456	2280000.0	0.459385396261456	1.36898181818182	0.478548355	1.10474545454545	2282500.0	0	1.0	58.61	1.0	53.08	1
457	2285000.0	0.492873078019711	1.3536	0.555993972	1.08727272727273	2287500.0	0	1.0	80.25	1.0	87.41	1
458	2290000.0	0.463446057648434	1.3525	0.538743785	1.09227272727273	2292500.0	0	1.0	89.55	1.0	98.55	1
459	2295000.0	0.425006261975289	1.37630909090909	0.532824926	1.11760909090909	2297500.0	0	1.0	62.75	0.0	0.0	1
460	2300000.0	0.56173843928752	1.31892727272727	0.527613018	1.11330909090909	2302500.0	1	3.0	240.73000000000002	3.0	227.22	1
461	2305000.0	0.571565019466223	1.33848181818182	0.309279346	1.13948181818182	2307500.0	1	4.0	348.81	4.0	347.87	1
462	2310000.0	0.628020667123946	1.3303	0.458812505	1.14919090909091	2312500.0	1	1.0	93.16	1.0	85.88	1
463	2315000.0	0.54073657779963	1.29169090909091	0.354699675	1.13201818181818	2317500.0	1	2.0	156.11	2.0	155.48000000000002	1
464	2320000.0	0.423253070545756	1.22635454545455	0.248082859	1.11219090909091	2322500.0	1	0.0	0.0	0.0	0.0	0
465	2325000.0	0.439034849307245	1.1886	0.267953225	1.10111818181818	2327500.0	1	1.0	91.77	1.0	100.0	1
466	2330000.0	0.659486716562878	1.18266363636364	0.22365567	1.08429090909091	2332500.0	1	3.0	237.07999999999998	3.0	245.71	1
467	2335000.0	0.764769554523614	1.13393636363636	0.244277807	1.07178181818182	2337500.0	1	0.0	0.0	0.0	0.0	0
468	2340000.0	0.799721559356356	1.11397272727273	0.395975575	1.06543636363636	2342500.0	1	5.0	396.99	4.0	337.19	1
469	2345000.0	0.789619432906493	1.06578181818182	0.465804001	1.04352727272727	2347500.0	1	1.0	97.92	2.0	168.63	1
470	2350000.0	0.61144081431845	1.05055454545455	0.269188066	1.03716363636364	2352500.0	1	2.0	183.19	2.0	190.05	1
471	2355000.0	0.571758175557773	1.03512727272727	0.302442193	1.04223636363636	2357500.0	1	2.0	142.77	2.0	145.98000000000002	1
472	2360000.0	0.6617262804995	1.02452727272727	0.394340092	1.02040909090909	2362500.0	1	0.0	0.0	0.0	0.0	0
473	2365000.0	0.557081462156553	0.978990909090909	0.269207953	0.971872727272727	2367500.0	1	0.0	0.0	0.0	0.0	0
474	2370000.0	0.555589042596569	0.9727	0.158566267	0.980645454545454	2372500.0	1	1.0	82.69	1.0	84.14	1
475	2375000.0	0.54051533169996	0.987754545454545	0.104698722	0.980545454545454	2377500.0	1	1.0	79.62	0.0	0.0	1
476	2380000.0	0.472170167274463	0.970463636363636	0.174875543	0.970781818181818	2382500.0	1	0.0	0.0	0.0	0.0	0
477	2385000.0	0.395852398287217	0.979981818181818	0.455481998	0.990254545454545	2387500.0	1	1.0	81.48	1.0	78.15	1
478	2390000.0	0.383593147035087	0.973427272727273	0.514262715	0.976109090909091	2392500.0	1	0.0	0.0	0.0	0.0	0
479	2395000.0	0.48844724423308	1.00441818181818	0.522939823	1.01632727272727	2397500.0	1	1.0	96.96	1.0	93.03	1
480	2400000.0	0.309535483639165	1.03756363636364	0.510884743	1.03176363636364	2402500.0	1	2.0	169.03	2.0	172.24	1
481	2405000.0	0.374927070960321	1.01159090909091	0.414946165	1.01146363636364	2407500.0	1	0.0	0.0	0.0	0.0	0
482	2410000.0	0.216530212485989	1.01168181818182	-0.187312809	0.973227272727273	2412500.0	1	1.0	94.97	1.0	89.0	1
483	2415000.0	0.243138372775112	1.02958181818182	-0.186386825	1.00295454545455	2417500.0	1	0.0	0.0	0.0	0.0	0
484	2420000.0	0.164941600730396	1.06396363636364	-0.156422065	1.04146363636364	2422500.0	1	2.0	156.32	2.0	154.32	1
485	2425000.0	0.198270712974715	1.06296363636364	-0.175300207	1.03973636363636	2427500.0	1	0.0	0.0	0.0	0.0	0
486	2430000.0	0.311841867074793	1.04172727272727	-0.178094404	1.03328181818182	2432500.0	1	1.0	100.0	1.0	98.81	1
487	2435000.0	0.312158907045113	1.09672727272727	-0.159385579	1.08815454545455	2437500.0	1	1.0	71.33	1.0	71.29	1
488	2440000.0	0.336282570923852	1.12228181818182	-0.171265736	1.09867272727273	2442500.0	1	0.0	0.0	0.0	0.0	0
489	2445000.0	0.298942344656259	1.12800909090909	-0.287885955	1.11074545454545	2447500.0	1	0.0	0.0	0.0	0.0	0
490	2450000.0	0.288851158312479	1.11753636363636	-0.250884994	1.0804	2452500.0	1	1.0	84.97	1.0	92.12	1
491	2455000.0	0.264017408121108	1.12748181818182	-0.310783282	1.10565454545455	2457500.0	1	1.0	80.88	1.0	71.09	1
492	2460000.0	0.206078626702455	1.13234545454545	-0.286418293	1.11232727272727	2462500.0	1	1.0	75.22	1.0	79.05	1
493	2465000.0	0.739588539718452	1.16011818181818	0.520360417	1.15240909090909	2467500.0	1	1.0	87.14	1.0	79.72	1
494	2470000.0	0.684196852185449	1.16578181818182	0.536868653	1.14651818181818	2472500.0	1	4.0	356.26	5.0	429.49	1
495	2475000.0	0.748115527853739	1.15458181818182	0.592540742	1.13496363636364	2477500.0	1	0.0	0.0	0.0	0.0	0
496	2480000.0	0.720571151242584	1.16517272727273	0.633058909	1.13086363636364	2482500.0	1	0.0	0.0	0.0	0.0	0
497	2485000.0	-0.0568431602909023	1.17025454545455	-0.03970204	1.12358181818182	2487500.0	1	1.0	82.75	1.0	65.15	1
498	2490000.0	-0.197772891908055	1.11841818181818	-0.256779305	1.08874545454545	2492500.0	1	2.0	174.2	2.0	170.29000000000002	1
499	2495000.0	-0.256239156694338	1.10659090909091	-0.251526758	1.09318181818182	2497500.0	1	3.0	227.94	3.0	225.82999999999998	1
500	2500000.0	-0.338846241661672	1.11434545454545	-0.417978031	1.11537272727273	2502500.0	1	0.0	0.0	0.0	0.0	0
501	2505000.0	-0.336282567240005	1.10770909090909	-0.530482018	1.13978181818182	2507500.0	1	0.0	0.0	0.0	0.0	0
502	2510000.0	0.0815972054078614	1.11932727272727	-0.437653341	1.1281	2512500.0	1	0.0	0.0	0.0	0.0	0
503	2515000.0	0.128465179919155	1.11738181818182	-0.449110297	1.13427272727273	2517500.0	1	0.0	0.0	0.0	0.0	0
504	2520000.0	0.381470549824024	1.07400909090909	-0.035577627	1.106	2522500.0	1	1.0	59.6	1.0	62.89	1
505	2525000.0	0.626589625468126	1.01288181818182	0.06462098	1.06381818181818	2527500.0	1	2.0	162.54	1.0	90.05	1
506	2530000.0	0.720759342460427	0.982936363636364	0.263260161	1.03350909090909	2532500.0	1	0.0	0.0	0.0	0.0	0
507	2535000.0	0.721416163760633	0.957281818181818	0.311604669	1.01892727272727	2537500.0	1	0.0	0.0	0.0	0.0	0
508	2540000.0	0.825409488653704	0.942936363636364	0.585604533	1.01464545454545	2542500.0	1	5.0	425.4	5.0	395.69	1
509	2545000.0	0.869138854690174	0.927872727272727	0.62215674	0.995409090909091	2547500.0	1	2.0	157.27999999999997	2.0	163.49	1
510	2550000.0	0.869487257683694	0.900981818181818	0.612562845	0.974045454545454	2552500.0	1	0.0	0.0	0.0	0.0	0
511	2555000.0	0.850919308004814	0.886963636363636	0.501079673	0.959681818181818	2557500.0	1	1.0	55.56	1.0	57.65	1
512	2560000.0	0.821304138273629	0.867145454545455	0.418439971	0.953772727272727	2562500.0	1	0.0	0.0	0.0	0.0	0
513	2565000.0	0.599607488723221	0.836518181818182	0.339949711	0.957272727272727	2567500.0	1	0.0	0.0	0.0	0.0	0
514	2570000.0	0.511642943602954	0.823609090909091	0.289134753	0.947690909090909	2572500.0	1	0.0	0.0	0.0	0.0	0
515	2575000.0	0.545347364571342	0.839745454545455	0.488229864	0.976027272727273	2577500.0	1	0.0	0.0	0.0	0.0	0
516	2580000.0	0.770904923800632	0.876872727272727	0.727511536	1.00703636363636	2582500.0	1	3.0	251.72000000000003	3.0	243.37	1
517	2585000.0	0.717972628220225	0.903290909090909	0.842479112	1.03676363636364	2587500.0	1	0.0	0.0	0.0	0.0	0
518	2590000.0	0.727115587560172	0.914	0.854618174	1.04895454545455	2592500.0	1	1.0	69.28	1.0	74.62	1
519	2595000.0	0.766324656985723	0.974463636363636	0.801935616	1.09790909090909	2597500.0	1	2.0	196.26	2.0	190.18	1
520	2600000.0	0.637261390916368	0.986509090909091	0.573631458	1.10581818181818	2602500.0	1	2.0	146.9	2.0	123.93	1
521	2605000.0	0.549356990044248	0.994445454545454	0.593484991	1.12272727272727	2607500.0	1	2.0	181.19	2.0	178.19	1
522	2610000.0	0.456211794905041	0.997772727272727	0.669790076	1.11494545454545	2612500.0	1	1.0	77.72	1.0	62.38	1
523	2615000.0	0.513168908483016	0.997236363636363	0.623391869	1.0897	2617500.0	1	0.0	0.0	0.0	0.0	0
524	2620000.0	0.533546870898142	0.992336363636364	0.632907951	1.07500909090909	2622500.0	1	0.0	0.0	0.0	0.0	0
525	2625000.0	0.636459476689096	0.981263636363636	0.620707557	1.08521818181818	2627500.0	1	0.0	0.0	0.0	0.0	0
526	2630000.0	0.643115100295431	0.980472727272727	0.513935677	1.06961818181818	2632500.0	1	3.0	242.51	3.0	224.3	1
527	2635000.0	0.648610469672164	0.966927272727273	0.551061977	1.05454545454545	2637500.0	1	2.0	159.60000000000002	2.0	162.82999999999998	1
528	2640000.0	0.651146303895333	0.9567	0.648477785	1.05007272727273	2642500.0	1	2.0	156.73000000000002	1.0	84.16	1
529	2645000.0	0.626908798523666	0.968636363636364	0.481083489	1.05443636363636	2647500.0	1	1.0	55.79	1.0	54.55	1
530	2650000.0	0.49587944885649	0.936663636363636	0.32010889	1.03412727272727	2652500.0	1	0.0	0.0	0.0	0.0	0
531	2655000.0	0.620138700056339	0.957672727272727	0.509955401	1.05481818181818	2657500.0	1	1.0	68.58	2.0	167.98000000000002	1
532	2660000.0	0.680379518448473	0.972736363636364	0.630543155	1.05978181818182	2662500.0	1	2.0	149.23	1.0	83.44	1
533	2665000.0	0.763458851972525	0.960672727272727	0.335079835	1.06003636363636	2667500.0	1	2.0	194.57999999999998	3.0	250.87	1
534	2670000.0	0.751324386538295	0.9698	0.252305635	1.07089090909091	2672500.0	1	0.0	0.0	0.0	0.0	0
535	2675000.0	0.742520737489571	0.976427272727273	0.080191437	1.09585454545455	2677500.0	1	1.0	78.81	1.0	66.32	1
536	2680000.0	0.645507367384973	1.00498181818182	0.253510833	1.11483636363636	2682500.0	1	0.0	0.0	0.0	0.0	0
537	2685000.0	0.690088150079073	1.00616363636364	0.257252709	1.10894545454545	2687500.0	1	0.0	0.0	0.0	0.0	0
538	2690000.0	0.364460251257527	1.02901818181818	-0.156708975	1.14374545454545	2692500.0	1	0.0	0.0	0.0	0.0	0
539	2695000.0	0.397856874804467	1.07560909090909	-0.208778806	1.1678	2697500.0	1	1.0	86.39	1.0	96.67	1
540	2700000.0	0.493809527849483	1.11191818181818	-0.23670588	1.19016363636364	2702500.0	1	0.0	0.0	0.0	0.0	0
541	2705000.0	0.579526086851203	1.12782727272727	-0.200607863	1.2012	2707500.0	1	0.0	0.0	0.0	0.0	0
542	2710000.0	0.592265235676691	1.12428181818182	-0.162414431	1.19244545454545	2712500.0	1	0.0	0.0	0.0	0.0	0
543	2715000.0	0.516094153283445	1.13036363636364	-0.228659424	1.18048181818182	2717500.0	1	0.0	0.0	0.0	0.0	0
544	2720000.0	0.359816566053325	1.15235454545455	0.066744128	1.18834545454545	2722500.0	1	0.0	0.0	0.0	0.0	0
545	2725000.0	0.317920527345264	1.18056363636364	0.191681305	1.20811818181818	2727500.0	1	2.0	175.34	2.0	127.46000000000001	1
546	2730000.0	0.241426133350616	1.25462727272727	0.294178727	1.23572727272727	2732500.0	1	0.0	0.0	0.0	0.0	0
547	2735000.0	0.380254998761787	1.31414545454545	0.317231423	1.24263636363636	2737500.0	1	3.0	247.43	3.0	218.13	1
548	2740000.0	0.4309917069346	1.32779090909091	0.323883056	1.25694545454545	2742500.0	1	2.0	173.62	2.0	176.20999999999998	1
549	2745000.0	0.44817081742877	1.31587272727273	0.51323867	1.2331	2747500.0	1	1.0	85.95	2.0	181.04	1
550	2750000.0	0.4230386465007	1.3055	0.428136761	1.21618181818182	2752500.0	1	2.0	167.04000000000002	2.0	171.15	1
551	2755000.0	0.43470957471462	1.30367272727273	0.413603104	1.20895454545455	2757500.0	1	1.0	66.67	2.0	140.82	1
552	2760000.0	0.589692846509297	1.34905454545455	0.567276014	1.23158181818182	2762500.0	1	0.0	0.0	0.0	0.0	0
553	2765000.0	0.582418900450892	1.40932727272727	0.554995833	1.25383636363636	2767500.0	1	1.0	99.12	1.0	95.24	1
554	2770000.0	0.777567888362257	1.39343636363636	0.710323602	1.25124545454545	2772500.0	1	1.0	75.87	1.0	75.35	1
555	2775000.0	0.761595501918785	1.39939090909091	0.702782031	1.25880909090909	2777500.0	1	0.0	0.0	0.0	0.0	0
556	2780000.0	0.760774400722719	1.39054545454545	0.67736097	1.23478181818182	2782500.0	1	1.0	59.02	1.0	52.09	1
557	2785000.0	0.813248253086924	1.34447272727273	0.787734708	1.20039090909091	2787500.0	1	2.0	159.20999999999998	2.0	152.89	1
558	2790000.0	0.866871733391123	1.321	0.796790067	1.19105454545455	2792500.0	1	2.0	176.94	2.0	176.22	1
559	2795000.0	0.807784185814261	1.33702727272727	0.754709792	1.19663636363636	2797500.0	1	1.0	85.56	1.0	55.56	1
560	2800000.0	0.710818722207091	1.38377272727273	0.612267602	1.22999090909091	2802500.0	1	0.0	0.0	0.0	0.0	0
561	2805000.0	0.758706233027081	1.36392727272727	0.516136306	1.24421818181818	2807500.0	1	0.0	0.0	0.0	0.0	0
562	2810000.0	0.631245842958225	1.34160909090909	0.495987969	1.2435	2812500.0	1	0.0	0.0	0.0	0.0	0
563	2815000.0	0.55855158703862	1.2716	0.314208487	1.19938181818182	2817500.0	1	0.0	0.0	0.0	0.0	0
564	2820000.0	0.607986845211348	1.2127	0.299195682	1.18265454545455	2822500.0	1	0.0	0.0	0.0	0.0	0
565	2825000.0	0.435743536940826	1.24632727272727	0.140503301	1.19872727272727	2827500.0	1	1.0	92.38	1.0	90.2	1
566	2830000.0	0.285224593108549	1.27549090909091	0.086348089	1.20695454545455	2832500.0	1	0.0	0.0	1.0	53.33	0
567	2835000.0	0.320383678264267	1.27392727272727	0.110677975	1.21516363636364	2837500.0	1	1.0	69.31	1.0	63.51	1
568	2840000.0	0.476958499935854	1.24164545454545	0.363300615	1.19787272727273	2842500.0	1	0.0	0.0	0.0	0.0	0
569	2845000.0	0.410874656686003	1.21581818181818	0.294670247	1.18769090909091	2847500.0	1	1.0	90.67	1.0	84.31	1
570	2850000.0	0.284900620788353	1.22161818181818	0.249669973	1.22242727272727	2852500.0	1	1.0	83.59	1.0	83.66	1
571	2855000.0	0.245258855724451	1.21525454545455	0.23444052	1.229	2857500.0	1	0.0	0.0	0.0	0.0	0
572	2860000.0	0.175716934425102	1.23025454545455	0.381239288	1.20980909090909	2862500.0	1	0.0	0.0	0.0	0.0	0
573	2865000.0	0.336894662771761	1.24481818181818	0.259172448	1.19191818181818	2867500.0	1	0.0	0.0	0.0	0.0	0
574	2870000.0	0.461615249626822	1.24839090909091	0.380153208	1.17970909090909	2872500.0	1	0.0	0.0	0.0	0.0	0
575	2875000.0	0.608144039228288	1.2734	0.352063087	1.19354545454545	2877500.0	1	2.0	151.99	2.0	146.60999999999999	1
576	2880000.0	0.695099765779349	1.22502727272727	0.460052822	1.16023636363636	2882500.0	1	1.0	87.66	1.0	92.2	1
577	2885000.0	0.716818086451907	1.17495454545455	0.575762826	1.11979090909091	2887500.0	1	2.0	171.27	2.0	184.2	1
578	2890000.0	0.706794741055357	1.15697272727273	0.577969128	1.11035454545455	2892500.0	1	0.0	0.0	0.0	0.0	0
579	2895000.0	0.648333484385855	1.1683	0.574094542	1.11129090909091	2897500.0	1	1.0	81.48	1.0	83.44	1
580	2900000.0	0.673418191270528	1.15309090909091	0.479789755	1.10401818181818	2902500.0	1	0.0	0.0	0.0	0.0	0
581	2905000.0	0.643518049583818	1.11090909090909	0.392489141	1.03054545454545	2907500.0	1	1.0	94.27	1.0	100.0	1
582	2910000.0	0.561736852112215	1.05664545454545	0.195027954	0.986563636363636	2912500.0	1	2.0	181.31	2.0	163.29	1
583	2915000.0	0.532802803769363	1.03656363636364	0.259354236	0.993990909090909	2917500.0	1	3.0	247.73000000000002	2.0	164.24	1
584	2920000.0	0.194682125306783	1.0094	0.237160949	0.992245454545455	2922500.0	1	0.0	0.0	0.0	0.0	0
585	2925000.0	0.116136974669928	1.00067272727273	0.316626923	1.00538181818182	2927500.0	1	4.0	333.33	5.0	397.33000000000004	1
586	2930000.0	0.567817929576213	0.995436363636364	0.629624496	1.00731818181818	2932500.0	1	1.0	89.94	1.0	92.32	1
587	2935000.0	0.568428997911074	1.00535454545455	0.623527509	1.01707272727273	2937500.0	1	1.0	69.63	1.0	63.81	1
588	2940000.0	0.529644165705913	1.00830909090909	0.54104015	1.03691818181818	2942500.0	1	1.0	90.56	1.0	86.49	1
589	2945000.0	0.470519224687778	1.03768181818182	0.451759741	1.06176363636364	2947500.0	1	2.0	149.63	2.0	149.91	1
590	2950000.0	0.54803490452995	1.04722727272727	0.419392703	1.08233636363636	2952500.0	1	0.0	0.0	0.0	0.0	0
591	2955000.0	0.484651952054048	1.03949090909091	0.522256134	1.0798	2957500.0	1	0.0	0.0	0.0	0.0	0
592	2960000.0	0.409668439000904	1.03188181818182	0.198671733	1.08922727272727	2962500.0	1	2.0	136.76	2.0	134.19	1
593	2965000.0	0.200439201659007	1.0571	0.059362771	1.09506363636364	2967500.0	1	0.0	0.0	0.0	0.0	0
594	2970000.0	0.245189278563928	1.08002727272727	0.058769082	1.09730909090909	2972500.0	1	1.0	87.23	1.0	95.35	1
595	2975000.0	0.227701848218846	1.07037272727273	0.020178829	1.08912727272727	2977500.0	1	0.0	0.0	0.0	0.0	0
596	2980000.0	0.217396758029429	1.08480909090909	0.087596738	1.11388181818182	2982500.0	1	0.0	0.0	0.0	0.0	0
597	2985000.0	-0.181313501957985	1.06375454545455	-0.322790195	1.10534545454545	2987500.0	1	0.0	0.0	0.0	0.0	0
598	2990000.0	-0.361780301455252	1.07860909090909	-0.39903664	1.11649090909091	2992500.0	1	0.0	0.0	0.0	0.0	0
599	2995000.0	0.235423500131596	1.13720909090909	-0.01895453	1.16941818181818	2997500.0	1	2.0	144.31	3.0	188.7	1
600	3000000.0	0.418229304083623	1.1076	0.108258941	1.15058181818182	3002500.0	1	2.0	151.65	1.0	87.79	1
601	3005000.0	0.521725454331042	1.08813636363636	0.192557427	1.13591818181818	3007500.0	1	0.0	0.0	0.0	0.0	0
602	3010000.0	0.606333288674104	1.11337272727273	0.237910541	1.14103636363636	3012500.0	1	2.0	160.04000000000002	2.0	158.8	1
603	3015000.0	0.549403892001275	1.16895454545455	0.308439781	1.18635454545455	3017500.0	1	1.0	62.78	0.0	0.0	1
604	3020000.0	0.544933551041541	1.17280909090909	0.372941821	1.19856363636364	3022500.0	1	2.0	175.04000000000002	2.0	162.27999999999997	1
605	3025000.0	0.357899832704562	1.19709090909091	0.373823755	1.21458181818182	3027500.0	1	1.0	72.11	1.0	71.4	1
606	3030000.0	0.410853585334412	1.21949090909091	0.608764552	1.24940909090909	3032500.0	1	0.0	0.0	0.0	0.0	0
607	3035000.0	0.318635901163941	1.21491818181818	0.408915732	1.22893636363636	3037500.0	1	1.0	95.95	1.0	91.79	1
608	3040000.0	0.363452722412039	1.25527272727273	0.463994909	1.23292727272727	3042500.0	1	0.0	0.0	0.0	0.0	0
609	3045000.0	0.445123202357923	1.28	0.411911138	1.24482727272727	3047500.0	1	0.0	0.0	0.0	0.0	0
610	3050000.0	0.230714532093894	1.23623636363636	0.123239484	1.20247272727273	3052500.0	1	2.0	172.31	2.0	167.54000000000002	1
611	3055000.0	0.178561778089098	1.24647272727273	0.134544233	1.20720909090909	3057500.0	1	3.0	241.64	2.0	149.65	1
612	3060000.0	-0.0596833710729099	1.26886363636364	-0.127995496	1.23214545454545	3062500.0	1	0.0	0.0	0.0	0.0	0
613	3065000.0	-0.0542218130794071	1.25499090909091	-0.211300488	1.22516363636364	3067500.0	1	3.0	227.52999999999997	2.0	163.06	1
614	3070000.0	0.0177025825402517	1.20319090909091	-0.14728906	1.19138181818182	3072500.0	1	0.0	0.0	0.0	0.0	0
615	3075000.0	0.139152638150657	1.19101818181818	-0.105156704	1.19053636363636	3077500.0	1	1.0	55.71	0.0	0.0	1
616	3080000.0	0.439708304796198	1.14392727272727	-0.20757085	1.16364545454545	3082500.0	1	2.0	179.74	2.0	187.73000000000002	1
617	3085000.0	0.534962040796133	1.12026363636364	-0.169455638	1.14452727272727	3087500.0	1	0.0	0.0	0.0	0.0	0
618	3090000.0	0.534206646372909	1.10901818181818	-0.104612732	1.13512727272727	3092500.0	1	2.0	117.93	2.0	147.70999999999998	1
619	3095000.0	0.482590465540833	1.09292727272727	-0.119774908	1.14436363636364	3097500.0	1	1.0	86.38	1.0	88.13	1
620	3100000.0	0.484533559976177	1.09248181818182	-0.166903674	1.147	3102500.0	1	2.0	162.66	2.0	185.08	1
621	3105000.0	0.527951617101904	1.09970909090909	-0.163478713	1.14645454545455	3107500.0	1	0.0	0.0	0.0	0.0	0
622	3110000.0	0.577461857241648	1.11766363636364	-0.247323377	1.15129090909091	3112500.0	1	2.0	163.57	1.0	86.03	1
623	3115000.0	0.688603959409117	1.11509090909091	0.213978445	1.14542727272727	3117500.0	1	0.0	0.0	0.0	0.0	0
624	3120000.0	0.688049579311476	1.12958181818182	0.282404509	1.16276363636364	3122500.0	1	1.0	67.18	0.0	0.0	1
625	3125000.0	0.738043247961655	1.13085454545455	0.260446022	1.16221818181818	3127500.0	1	2.0	172.63	2.0	165.10000000000002	1
626	3130000.0	0.806461653810189	1.11225454545455	0.714111231	1.12489090909091	3132500.0	1	1.0	64.45	1.0	57.69	1
627	3135000.0	0.640233439595481	1.1548	0.551883655	1.16328181818182	3137500.0	1	1.0	58.81	1.0	76.25	1
628	3140000.0	0.502001977332751	1.19581818181818	0.496642786	1.17924545454545	3142500.0	1	2.0	184.54000000000002	2.0	183.39	1
629	3145000.0	0.366620951201344	1.28204545454545	0.435628885	1.21201818181818	3147500.0	1	0.0	0.0	0.0	0.0	0
630	3150000.0	0.390351339894361	1.26047272727273	0.498071524	1.17999090909091	3152500.0	1	0.0	0.0	0.0	0.0	0
631	3155000.0	0.536605837337785	1.29321818181818	0.578838884	1.19715454545455	3157500.0	1	0.0	0.0	0.0	0.0	0
632	3160000.0	0.565124884850324	1.29268181818182	0.603944891	1.19566363636364	3162500.0	1	1.0	86.09	1.0	85.28	1
633	3165000.0	0.582442640624302	1.28875454545455	0.602852953	1.19840909090909	3167500.0	1	3.0	221.47	3.0	210.34	1
634	3170000.0	0.575359341845637	1.31826363636364	0.585589543	1.17821818181818	3172500.0	1	0.0	0.0	0.0	0.0	0
635	3175000.0	0.531960097922532	1.34781818181818	0.369939953	1.17948181818182	3177500.0	1	0.0	0.0	0.0	0.0	0
636	3180000.0	0.538416794983019	1.41522727272727	0.419990298	1.21343636363636	3182500.0	1	1.0	92.54	1.0	85.03	1
637	3185000.0	0.365011574939794	1.50150909090909	0.222562102	1.2637	3187500.0	1	1.0	96.26	1.0	93.75	1
638	3190000.0	0.447697538352999	1.47196363636364	0.348677262	1.22667272727273	3192500.0	1	0.0	0.0	0.0	0.0	0
639	3195000.0	0.548554342938243	1.43948181818182	0.516914943	1.18890909090909	3197500.0	1	0.0	0.0	0.0	0.0	0
640	3200000.0	0.685755102893952	1.36576363636364	0.636982764	1.15743636363636	3202500.0	1	1.0	86.09	1.0	84.58	1
641	3205000.0	0.713800101587452	1.38647272727273	0.597701225	1.18591818181818	3207500.0	1	0.0	0.0	0.0	0.0	0
642	3210000.0	0.655625087277539	1.33618181818182	0.603066074	1.14976363636364	3212500.0	1	2.0	124.5	0.0	0.0	1
643	3215000.0	0.62450200255707	1.33123636363636	0.576695321	1.13700909090909	3217500.0	1	0.0	0.0	0.0	0.0	0
644	3220000.0	0.634055030833183	1.35820909090909	0.593385745	1.14163636363636	3222500.0	1	1.0	92.78	1.0	89.84	1
645	3225000.0	0.690324303595959	1.35485454545455	0.603777732	1.15759090909091	3227500.0	1	2.0	130.36	2.0	143.51	1
646	3230000.0	0.68849777743746	1.33032727272727	0.716033112	1.15526363636364	3232500.0	1	3.0	278.4	3.0	265.5	1
647	3235000.0	0.647531265938459	1.32940909090909	0.612490958	1.16822727272727	3237500.0	1	1.0	90.37	1.0	91.4	1
648	3240000.0	0.744115549591773	1.29967272727273	0.628756218	1.15538181818182	3242500.0	1	1.0	89.67	1.0	93.31	1
649	3245000.0	0.713097955491172	1.31281818181818	0.633904779	1.16348181818182	3247500.0	1	0.0	0.0	0.0	0.0	0
650	3250000.0	0.670330184312825	1.36540909090909	0.641017619	1.22046363636364	3252500.0	1	1.0	92.23	1.0	83.88	1
651	3255000.0	0.592260933923817	1.42159090909091	0.584004636	1.25364545454545	3257500.0	1	2.0	173.62	1.0	95.4	1
652	3260000.0	0.335692815132245	1.47333636363636	0.409530424	1.27160909090909	3262500.0	1	0.0	0.0	0.0	0.0	0
653	3265000.0	0.134490669214092	1.52955454545455	0.37081427	1.28145454545455	3267500.0	1	0.0	0.0	0.0	0.0	0
654	3270000.0	0.114153905086942	1.59041818181818	0.377940944	1.32583636363636	3272500.0	1	1.0	97.87	1.0	97.32	1
655	3275000.0	0.233038449335734	1.58112727272727	0.481091627	1.32056363636364	3277500.0	1	2.0	184.63	2.0	183.91	1
656	3280000.0	0.297478004818212	1.58918181818182	0.514944267	1.31519090909091	3282500.0	1	2.0	157.43	2.0	164.76	1
657	3285000.0	0.572883969575727	1.59836363636364	0.521118723	1.29817272727273	3287500.0	1	0.0	0.0	0.0	0.0	0
658	3290000.0	0.430244617252039	1.57239090909091	0.477987577	1.28071818181818	3292500.0	1	0.0	0.0	0.0	0.0	0
659	3295000.0	0.414702823142645	1.58308181818182	0.383677994	1.27444545454545	3297500.0	1	0.0	0.0	0.0	0.0	0
660	3300000.0	0.325718859521031	1.64919090909091	0.203506618	1.33120909090909	3302500.0	1	0.0	0.0	0.0	0.0	0
661	3305000.0	0.443332465845976	1.68623636363636	0.137643215	1.33032727272727	3307500.0	1	3.0	206.57	2.0	144.48	1
662	3310000.0	0.534827323490266	1.70939090909091	0.116807644	1.32286363636364	3312500.0	1	1.0	87.86	1.0	87.4	1
663	3315000.0	0.66051331235845	1.7186	0.304457748	1.28891818181818	3317500.0	1	1.0	88.54	1.0	96.18	1
664	3320000.0	0.714735476651053	1.70022727272727	0.271652051	1.31952727272727	3322500.0	1	0.0	0.0	0.0	0.0	0
665	3325000.0	0.63562490433332	1.6973	0.27685412	1.31079090909091	3327500.0	1	0.0	0.0	0.0	0.0	0
666	3330000.0	0.41557700052932	1.71952727272727	0.216807667	1.33336363636364	3332500.0	1	0.0	0.0	0.0	0.0	0
667	3335000.0	0.48440037208651	1.76415454545455	0.327946478	1.38119090909091	3337500.0	1	1.0	56.84	1.0	67.19	1
668	3340000.0	0.323064217703804	1.80871818181818	0.124820949	1.39934545454545	3342500.0	1	1.0	96.33	1.0	90.29	1
669	3345000.0	0.380474520887669	1.83512727272727	0.133699762	1.40435454545455	3347500.0	1	2.0	174.64999999999998	2.0	156.82	1
670	3350000.0	0.558253253017537	1.81044545454545	0.219759317	1.40320909090909	3352500.0	1	1.0	93.84	1.0	98.48	1
671	3355000.0	0.638922578690392	1.73909090909091	0.378504111	1.36393636363636	3357500.0	1	0.0	0.0	0.0	0.0	0
672	3360000.0	0.691225457960025	1.68318181818182	0.379578938	1.33160909090909	3362500.0	1	1.0	66.29	1.0	56.27	1
673	3365000.0	0.688089169572418	1.66282727272727	0.378933741	1.33359090909091	3367500.0	1	1.0	99.38	1.0	96.31	1
674	3370000.0	0.647172358664903	1.61397272727273	0.273512901	1.34273636363636	3372500.0	1	1.0	85.4	1.0	76.4	1
675	3375000.0	0.651939946289168	1.62941818181818	0.312131061	1.33522727272727	3377500.0	1	1.0	92.88	1.0	92.97	1
676	3380000.0	0.659991847193008	1.59236363636364	0.344345954	1.32367272727273	3382500.0	1	3.0	235.16000000000003	3.0	220.05	1
677	3385000.0	0.675975518564771	1.58927272727273	0.333949572	1.30369090909091	3387500.0	1	1.0	85.74	1.0	92.96	1
678	3390000.0	0.514548721105253	1.50613636363636	-0.059271664	1.24371818181818	3392500.0	1	0.0	0.0	0.0	0.0	0
679	3395000.0	0.338917972870011	1.47091818181818	-0.096205617	1.24186363636364	3397500.0	1	2.0	153.26999999999998	2.0	150.51999999999998	1
680	3400000.0	0.497254698007209	1.45574545454545	0.101754751	1.22627272727273	3402500.0	1	2.0	163.97000000000003	2.0	172.24	1
681	3405000.0	0.411831034868076	1.47578181818182	0.179477407	1.25492727272727	3407500.0	1	1.0	86.12	1.0	77.86	1
682	3410000.0	0.24738194115873	1.5185	0.16272588	1.26221818181818	3412500.0	1	1.0	89.87	1.0	82.48	1
683	3415000.0	0.406527610896723	1.50459090909091	0.359705478	1.26655454545455	3417500.0	1	1.0	88.96	1.0	86.56	1
684	3420000.0	0.613564237873213	1.44878181818182	0.587649999	1.24484545454545	3422500.0	1	1.0	89.3	1.0	89.07	1
685	3425000.0	0.670504669659903	1.46308181818182	0.35469524	1.26140909090909	3427500.0	1	1.0	78.55	1.0	76.75	1
686	3430000.0	0.620770592454854	1.46166363636364	0.211472093	1.25218181818182	3432500.0	1	1.0	81.08	1.0	76.65	1
687	3435000.0	0.718568615923275	1.50316363636364	0.314010146	1.26561818181818	3437500.0	1	0.0	0.0	0.0	0.0	0
688	3440000.0	0.76206423016724	1.52654545454545	0.381884572	1.30839090909091	3442500.0	1	3.0	226.39999999999998	3.0	227.20999999999998	1
689	3445000.0	0.909870926310429	1.54692727272727	0.522578423	1.32372727272727	3447500.0	1	0.0	0.0	0.0	0.0	0
690	3450000.0	0.938312219672615	1.56624545454545	0.436485673	1.32410909090909	3452500.0	1	1.0	68.21	1.0	61.11	1
691	3455000.0	0.933229756649715	1.5544	0.50687032	1.30787272727273	3457500.0	1	1.0	80.38	1.0	63.52	1
692	3460000.0	0.891456335301201	1.5414	0.443731642	1.29024545454545	3462500.0	1	1.0	85.1	1.0	92.5	1
693	3465000.0	0.901147981885155	1.50788181818182	0.436266913	1.27741818181818	3467500.0	1	0.0	0.0	0.0	0.0	0
694	3470000.0	0.864896943202019	1.50063636363636	0.399051715	1.27585454545455	3472500.0	1	1.0	93.7	1.0	88.29	1
695	3475000.0	0.789885205127313	1.48924545454545	-0.023376696	1.2696	3477500.0	1	2.0	177.63	2.0	171.94	1
696	3480000.0	0.799100971268476	1.46603636363636	0.096906753	1.25357272727273	3482500.0	1	3.0	243.09	3.0	241.48	1
697	3485000.0	0.732728699729577	1.40479090909091	0.203557849	1.2321	3487500.0	1	3.0	241.1	2.0	187.92000000000002	1
698	3490000.0	0.678187382832074	1.34327272727273	0.136461559	1.20651818181818	3492500.0	1	1.0	91.67	1.0	89.58	1
699	3495000.0	0.63167928333202	1.26944545454545	0.217669377	1.15116363636364	3497500.0	1	0.0	0.0	0.0	0.0	0
700	3500000.0	0.61416990937165	1.25109090909091	0.386027896	1.12565454545455	3502500.0	1	0.0	0.0	0.0	0.0	0
701	3505000.0	0.455564325862103	1.15469090909091	0.212025606	1.07668181818182	3507500.0	1	1.0	97.18	1.0	94.05	1
702	3510000.0	0.409817475426005	1.1178	0.227087083	1.07383636363636	3512500.0	1	2.0	156.33999999999997	1.0	78.3	1
703	3515000.0	0.262435063604282	1.06540909090909	0.228632267	1.03924545454545	3517500.0	1	1.0	70.6	1.0	70.52	1
704	3520000.0	0.0893987766749528	1.04556363636364	0.302578386	1.03517272727273	3522500.0	1	3.0	253.51999999999998	3.0	252.48	1
705	3525000.0	0.143480233533328	1.03843636363636	0.347128839	1.01840909090909	3527500.0	1	2.0	186.62	2.0	169.63	1
706	3530000.0	0.232213028188897	1.03451818181818	0.388564056	1.01914545454545	3532500.0	1	3.0	258.35	3.0	237.36	1
707	3535000.0	0.0575820238229905	1.00861818181818	0.096602013	1.00637272727273	3537500.0	1	1.0	83.43	1.0	81.02	1
708	3540000.0	-0.358029148240676	1.03154545454545	0.122158533	1.01963636363636	3542500.0	1	0.0	0.0	0.0	0.0	0
709	3545000.0	-0.488657691783386	1.01571818181818	0.05509487	1.0125	3547500.0	1	1.0	68.05	1.0	69.9	1
710	3550000.0	-0.428565407827923	1.01702727272727	0.106051484	1.01047272727273	3552500.0	1	1.0	72.29	1.0	75.19	1
711	3555000.0	-0.12547090826527	1.0075	0.241803312	1.00302727272727	3557500.0	1	0.0	0.0	0.0	0.0	0
712	3560000.0	-0.466056352537202	1.02840909090909	0.346659188	0.998763636363636	3562500.0	1	0.0	0.0	0.0	0.0	0
713	3565000.0	-0.273343892870559	1.04518181818182	0.256930853	1.00777272727273	3567500.0	1	0.0	0.0	0.0	0.0	0
714	3570000.0	-0.394776471760484	1.07089090909091	0.246845305	1.0275	3572500.0	1	0.0	0.0	0.0	0.0	0
715	3575000.0	-0.305652552537389	1.07485454545455	0.200520423	1.01030909090909	3577500.0	1	0.0	0.0	0.0	0.0	0
716	3580000.0	-0.111293646913343	1.10070909090909	0.187280536	1.01346363636364	3582500.0	1	2.0	178.05	2.0	167.84	1
717	3585000.0	-0.269782007236766	1.10790909090909	0.221826409	1.02291818181818	3587500.0	1	1.0	85.69	1.0	71.51	1
718	3590000.0	-0.318608906842334	1.12235454545455	0.166173515	1.01226363636364	3592500.0	1	1.0	80.64	0.0	0.0	1
719	3595000.0	0.0126037105099085	1.12496363636364	0.140828008	1.00833636363636	3597500.0	1	1.0	86.02	1.0	87.15	1
720	3600000.0	-0.236669870950858	1.13401818181818	0.113541786	1.00499090909091	3602500.0	1	3.0	254.24	3.0	238.32999999999998	1
721	3605000.0	-0.275604318845397	1.1585	0.15523278	1.02210909090909	3607500.0	1	1.0	68.65	1.0	70.71	1
722	3610000.0	-0.263604701569666	1.17171818181818	0.05267475	1.03647272727273	3612500.0	1	0.0	0.0	0.0	0.0	0
723	3615000.0	0.425754064320564	1.26195454545455	0.591956523	1.1101	3617500.0	1	2.0	173.8	2.0	167.73	1
724	3620000.0	0.61013925261897	1.32344545454545	0.708611585	1.13947272727273	3622500.0	1	3.0	257.85	2.0	168.49	1
725	3625000.0	0.570331773808757	1.36465454545455	0.733762856	1.16837272727273	3627500.0	1	1.0	59.44	1.0	59.92	1
726	3630000.0	0.51483061820586	1.39089090909091	0.688896833	1.18316363636364	3632500.0	1	2.0	114.61	0.0	0.0	1
727	3635000.0	0.50897191084861	1.30976363636364	0.639526825	1.13298181818182	3637500.0	1	2.0	170.47	2.0	165.56	1
728	3640000.0	0.458455775155593	1.34639090909091	0.642234461	1.14802727272727	3642500.0	1	1.0	95.19	1.0	94.1	1
729	3645000.0	0.505704638317738	1.35404545454545	0.640421038	1.15444545454545	3647500.0	1	2.0	168.13	2.0	175.34	1
730	3650000.0	0.473590873334962	1.38111818181818	0.61641806	1.16857272727273	3652500.0	1	0.0	0.0	0.0	0.0	0
731	3655000.0	0.509429529998136	1.41503636363636	0.586628575	1.20222727272727	3657500.0	1	1.0	95.57	1.0	98.04	1
732	3660000.0	0.51719825004074	1.43805454545455	0.602300513	1.22326363636364	3662500.0	1	0.0	0.0	0.0	0.0	0
733	3665000.0	0.534524329676565	1.46573636363636	0.615939697	1.25798181818182	3667500.0	1	2.0	136.09	1.0	74.3	1
734	3670000.0	0.50524381687126	1.41448181818182	0.599963113	1.23894545454545	3672500.0	1	3.0	239.28	2.0	174.89	1
735	3675000.0	0.353187711263218	1.36842727272727	0.548311899	1.21577272727273	3677500.0	1	0.0	0.0	0.0	0.0	0
736	3680000.0	0.184129838647266	1.36165454545455	0.544011017	1.18998181818182	3682500.0	1	0.0	0.0	0.0	0.0	0
737	3685000.0	0.268526328450731	1.36958181818182	0.495722959	1.19852727272727	3687500.0	1	1.0	60.9	1.0	65.02	1
738	3690000.0	0.374779835139136	1.46085454545455	0.433031089	1.26731818181818	3692500.0	1	3.0	255.90999999999997	3.0	250.16	1
739	3695000.0	0.234917616327829	1.48297272727273	0.308004228	1.27742727272727	3697500.0	1	4.0	350.57	4.0	336.71000000000004	1
740	3700000.0	0.157367468165114	1.51255454545455	0.258334665	1.31617272727273	3702500.0	1	1.0	82.5	1.0	82.18	1
741	3705000.0	0.0489030989176219	1.53086363636364	0.20329405	1.32063636363636	3707500.0	1	3.0	232.42000000000002	3.0	238.48000000000002	1
742	3710000.0	0.0344420945130772	1.53552727272727	0.225202207	1.3023	3712500.0	1	0.0	0.0	0.0	0.0	0
743	3715000.0	0.0793254395035118	1.53552727272727	0.138467838	1.28384545454545	3717500.0	1	1.0	94.31	1.0	90.2	1
744	3720000.0	0.137150408617649	1.55093636363636	0.030457525	1.27161818181818	3722500.0	1	1.0	92.88	1.0	92.54	1
745	3725000.0	0.0231857458933354	1.5661	0.020705275	1.274	3727500.0	1	2.0	163.03	2.0	155.59	1
746	3730000.0	-0.119024056862592	1.58852727272727	-0.07487604	1.28549090909091	3732500.0	1	0.0	0.0	0.0	0.0	0
747	3735000.0	-0.374522005601996	1.60242727272727	-0.248969101	1.32685454545455	3737500.0	1	0.0	0.0	0.0	0.0	0
748	3740000.0	-0.357881627724049	1.61410909090909	-0.187069888	1.33074545454545	3742500.0	1	2.0	165.28	2.0	173.97	1
749	3745000.0	0.201387535720329	1.5957	0.208480816	1.31264545454545	3747500.0	1	0.0	0.0	0.0	0.0	0
750	3750000.0	0.470177752501792	1.54989090909091	0.403629461	1.28599090909091	3752500.0	1	0.0	0.0	0.0	0.0	0
751	3755000.0	0.523257473622067	1.51259090909091	0.486265393	1.24790909090909	3757500.0	1	0.0	0.0	0.0	0.0	0
752	3760000.0	0.649805874757519	1.45606363636364	0.589346435	1.2136	3762500.0	1	2.0	165.47	2.0	171.37	1
753	3765000.0	0.676501518161767	1.43167272727273	0.610294269	1.2123	3767500.0	1	2.0	148.0	2.0	165.12	1
754	3770000.0	0.692636640174279	1.39526363636364	0.700969354	1.19993636363636	3772500.0	1	1.0	90.25	1.0	87.37	1
755	3775000.0	0.717020121585211	1.29408181818182	0.776677921	1.14650909090909	3777500.0	1	1.0	90.49	1.0	90.83	1
756	3780000.0	0.742493929275284	1.26301818181818	0.751546987	1.11375454545455	3782500.0	1	2.0	163.12	2.0	157.27	1
757	3785000.0	0.740218673377029	1.21041818181818	0.791224775	1.08350909090909	3787500.0	1	1.0	87.23	1.0	83.58	1
758	3790000.0	0.583830031868118	1.16327272727273	0.548336749	1.04188181818182	3792500.0	1	1.0	93.5	1.0	84.09	1
759	3795000.0	0.383735657702523	1.1021	0.408741125	1.01607272727273	3797500.0	1	3.0	250.23000000000002	3.0	253.75	1
760	3800000.0	0.50989564712659	1.09442727272727	0.556012761	1.03413636363636	3802500.0	1	1.0	95.66	1.0	93.12	1
761	3805000.0	0.485704798337191	1.06100909090909	0.578818047	1.00571818181818	3807500.0	1	1.0	83.47	1.0	76.15	1
762	3810000.0	0.478887902694529	1.04838181818182	0.561221383	0.992190909090909	3812500.0	1	0.0	0.0	0.0	0.0	0
763	3815000.0	0.430352172477515	1.06041818181818	0.390767596	1.02634545454545	3817500.0	1	2.0	145.93	2.0	147.2	1
764	3820000.0	0.547276599598006	1.06171818181818	0.476296224	1.03823636363636	3822500.0	1	0.0	0.0	0.0	0.0	0
765	3825000.0	0.603291706594447	1.05329090909091	0.576397232	1.02557272727273	3827500.0	1	0.0	0.0	0.0	0.0	0
766	3830000.0	0.137095669456341	1.09286363636364	0.244626103	1.0524	3832500.0	1	1.0	59.38	1.0	52.73	1
767	3835000.0	0.0981354751245017	1.09590909090909	0.291646092	1.06598181818182	3837500.0	1	0.0	0.0	0.0	0.0	0
768	3840000.0	0.155697647604902	1.09452727272727	0.31372922	1.06693636363636	3842500.0	1	0.0	0.0	0.0	0.0	0
769	3845000.0	0.0275433476418678	1.10299090909091	0.342716671	1.06094545454545	3847500.0	1	0.0	0.0	0.0	0.0	0
770	3850000.0	0.112010458278775	1.11328181818182	0.341549859	1.06029090909091	3852500.0	1	0.0	0.0	0.0	0.0	0
771	3855000.0	0.212393243932166	1.12030909090909	0.425724219	1.0651	3857500.0	1	1.0	60.88	1.0	60.64	1
772	3860000.0	0.656253560681866	1.25390909090909	0.663834627	1.16437272727273	3862500.0	1	2.0	172.07	2.0	175.16	1
773	3865000.0	0.717198896569312	1.31003636363636	0.722137812	1.2123	3867500.0	1	0.0	0.0	0.0	0.0	0
774	3870000.0	0.51513210313693	1.28807272727273	0.568128398	1.18201818181818	3872500.0	1	2.0	142.64	2.0	146.84	1
775	3875000.0	0.467774296778482	1.32390909090909	0.486958603	1.19982727272727	3877500.0	1	0.0	0.0	0.0	0.0	0
776	3880000.0	0.460864965563663	1.35009090909091	0.45857411	1.21606363636364	3882500.0	1	2.0	170.95	2.0	169.64	1
777	3885000.0	0.38465378759509	1.38650909090909	0.375560341	1.25292727272727	3887500.0	1	2.0	145.54999999999998	2.0	146.06	1
778	3890000.0	0.349737728909509	1.42320909090909	0.344281152	1.2846	3892500.0	1	3.0	250.0	3.0	247.37	1
779	3895000.0	0.298647314288524	1.50850909090909	0.306614664	1.34071818181818	3897500.0	1	1.0	85.9	1.0	80.05	1
780	3900000.0	0.259554785986019	1.58356363636364	0.076079527	1.39773636363636	3902500.0	1	0.0	0.0	0.0	0.0	0
781	3905000.0	0.126990183308913	1.63145454545455	-0.171244291	1.41932727272727	3907500.0	1	0.0	0.0	0.0	0.0	0
782	3910000.0	0.13203168860678	1.68849090909091	-0.154937648	1.45070909090909	3912500.0	1	0.0	0.0	0.0	0.0	0
783	3915000.0	0.176174931207405	1.61433636363636	-0.113655145	1.40103636363636	3917500.0	1	1.0	87.9	1.0	89.66	1
784	3920000.0	0.348799859661765	1.56955454545455	0.124637187	1.37091818181818	3922500.0	1	0.0	0.0	0.0	0.0	0
785	3925000.0	0.722676980238682	1.63430909090909	0.395875847	1.41036363636364	3927500.0	1	3.0	267.9	3.0	261.66	1
786	3930000.0	0.768242435656922	1.62269090909091	0.446896962	1.39062727272727	3932500.0	1	3.0	254.59	3.0	263.4	1
787	3935000.0	0.77433002912926	1.64715454545455	0.503985586	1.41755454545455	3937500.0	1	0.0	0.0	0.0	0.0	0
788	3940000.0	0.782008914236447	1.71231818181818	0.55656	1.43917272727273	3942500.0	1	1.0	87.0	1.0	86.14	1
789	3945000.0	0.766987832520206	1.7273	0.443151343	1.42965454545455	3947500.0	1	1.0	92.17	1.0	95.11	1
790	3950000.0	0.778375135494143	1.70165454545455	0.427419083	1.40734545454545	3952500.0	1	1.0	97.98	1.0	96.68	1
791	3955000.0	0.682151123133461	1.65856363636364	0.353320716	1.37597272727273	3957500.0	1	3.0	218.82	3.0	222.82	1
792	3960000.0	0.696557255847014	1.65558181818182	0.451418802	1.38922727272727	3962500.0	1	3.0	224.37	2.0	157.1	1
793	3965000.0	0.703994173719597	1.6056	0.433080751	1.36044545454545	3967500.0	1	3.0	263.37	3.0	247.04	1
794	3970000.0	0.611927590635174	1.63788181818182	0.406060514	1.3639	3972500.0	1	0.0	0.0	0.0	0.0	0
795	3975000.0	0.277927908910376	1.67514545454545	0.115673343	1.39067272727273	3977500.0	1	4.0	337.66999999999996	4.0	296.29	1
796	3980000.0	0.27269346324683	1.67105454545455	0.123573317	1.39397272727273	3982500.0	1	1.0	82.63	0.0	0.0	1
797	3985000.0	0.216254335833738	1.67263636363636	0.128343101	1.40423636363636	3987500.0	1	2.0	174.01	2.0	172.45999999999998	1
798	3990000.0	0.153928391557638	1.6615	0.178372966	1.40448181818182	3992500.0	1	2.0	159.3	2.0	154.35	1
799	3995000.0	0.129929147704472	1.65813636363636	0.158751468	1.39375454545455	3997500.0	1	2.0	152.44	1.0	69.16	1
800	4000000.0	0.249593309358168	1.67242727272727	0.549467825	1.42140909090909	4002500.0	1	2.0	171.63	2.0	171.07999999999998	1
801	4005000.0	0.246569428533348	1.67427272727273	0.535240936	1.43	4007500.0	1	1.0	90.18	1.0	94.04	1
802	4010000.0	0.28573857028366	1.71981818181818	0.628853111	1.44874545454545	4012500.0	1	0.0	0.0	0.0	0.0	0
803	4015000.0	0.347873225660686	1.70972727272727	0.571785808	1.45185454545455	4017500.0	1	1.0	86.64	1.0	84.52	1
804	4020000.0	0.397518123640761	1.7009	0.579798005	1.4434	4022500.0	1	2.0	183.57	2.0	182.95	1
805	4025000.0	0.61167805817041	1.64373636363636	0.6486679	1.41025454545455	4027500.0	1	1.0	86.35	1.0	80.87	1
806	4030000.0	0.67843990111193	1.63970909090909	0.674428865	1.40301818181818	4032500.0	1	0.0	0.0	0.0	0.0	0
807	4035000.0	0.733380242644241	1.61957272727273	0.677559327	1.37965454545455	4037500.0	1	1.0	98.85	1.0	90.85	1
808	4040000.0	0.776141654266842	1.6042	0.639818493	1.35817272727273	4042500.0	1	0.0	0.0	0.0	0.0	0
809	4045000.0	0.816222998018399	1.61865454545455	0.640783431	1.34064545454545	4047500.0	1	0.0	0.0	0.0	0.0	0
810	4050000.0	0.789098043817505	1.57986363636364	0.552500945	1.33769090909091	4052500.0	1	0.0	0.0	0.0	0.0	0
811	4055000.0	0.859834871311497	1.57855454545455	0.328112073	1.31654545454545	4057500.0	1	2.0	185.41	2.0	187.49	1
812	4060000.0	0.777995639369613	1.5759	0.385678163	1.28561818181818	4062500.0	1	1.0	90.87	1.0	85.09	1
813	4065000.0	0.694405150987597	1.53988181818182	0.454754381	1.29778181818182	4067500.0	1	0.0	0.0	0.0	0.0	0
814	4070000.0	0.428614810424296	1.55869090909091	0.349120236	1.29377272727273	4072500.0	1	0.0	0.0	0.0	0.0	0
815	4075000.0	0.29599495329552	1.60109090909091	0.219412968	1.31580909090909	4077500.0	1	4.0	323.2	3.0	260.74	1
816	4080000.0	0.0619347119149975	1.65484545454545	0.067337411	1.37339090909091	4082500.0	1	0.0	0.0	0.0	0.0	0
817	4085000.0	0.196686765643676	1.69240909090909	0.148389232	1.40042727272727	4087500.0	1	1.0	93.22	1.0	92.25	1
818	4090000.0	0.562186780348409	1.80548181818182	0.579687758	1.47715454545455	4092500.0	1	1.0	78.65	1.0	72.12	1
819	4095000.0	0.444967880297136	1.87265454545455	0.697313068	1.50138181818182	4097500.0	1	1.0	60.23	1.0	67.86	1
820	4100000.0	0.470921785470413	1.86836363636364	0.696645773	1.51808181818182	4102500.0	1	1.0	81.45	1.0	73.33	1
821	4105000.0	0.502196992619647	1.89328181818182	0.680454976	1.52752727272727	4107500.0	1	0.0	0.0	0.0	0.0	0
822	4110000.0	0.573948592023745	1.89466363636364	0.792823084	1.55785454545455	4112500.0	1	0.0	0.0	0.0	0.0	0
823	4115000.0	0.439057825094931	1.90308181818182	0.666999836	1.59021818181818	4117500.0	1	0.0	0.0	0.0	0.0	0
824	4120000.0	0.556357287006766	1.93547272727273	0.712491319	1.60400909090909	4122500.0	1	2.0	163.71	1.0	86.32	1
825	4125000.0	0.52331156368131	1.97117272727273	0.671700112	1.62525454545455	4127500.0	1	1.0	82.9	1.0	84.67	1
826	4130000.0	0.41353323501486	1.97017272727273	0.577932085	1.62497272727273	4132500.0	1	0.0	0.0	0.0	0.0	0
827	4135000.0	0.400690687852034	2.00119090909091	0.587129512	1.62516363636364	4137500.0	1	2.0	153.32999999999998	1.0	64.49	1
828	4140000.0	0.385703969080734	2.00059090909091	0.589873548	1.62952727272727	4142500.0	1	0.0	0.0	0.0	0.0	0
829	4145000.0	0.159056319745809	1.94152727272727	0.459668026	1.59754545454545	4147500.0	1	2.0	169.82	1.0	83.21	1
830	4150000.0	0.452511289788025	1.9594	0.344422477	1.63151818181818	4152500.0	1	1.0	90.96	1.0	92.65	1
831	4155000.0	0.283704515791157	1.97109090909091	0.163111766	1.61865454545455	4157500.0	1	1.0	79.46	1.0	88.67	1
832	4160000.0	0.232501517444715	1.98546363636364	0.169214126	1.62321818181818	4162500.0	1	3.0	236.23	3.0	251.07	1
833	4165000.0	-0.107272517808693	2.01846363636364	0.548824787	1.61192727272727	4167500.0	1	3.0	272.51	3.0	263.74	1
834	4170000.0	-0.0434341677094679	2.09578181818182	0.78186552	1.62076363636364	4172500.0	1	4.0	361.52	4.0	361.26	1
835	4175000.0	0.384937225304447	2.22168181818182	0.757551169	1.64116363636364	4177500.0	1	1.0	93.33	1.0	85.61	1
836	4180000.0	0.483948794288479	2.28878181818182	0.854798808	1.68855454545455	4182500.0	1	1.0	67.4	1.0	56.51	1
837	4185000.0	0.574092801999705	2.39008181818182	0.833864821	1.75403636363636	4187500.0	1	0.0	0.0	0.0	0.0	0
838	4190000.0	0.566902814819287	2.43125454545455	0.844324644	1.76919090909091	4192500.0	1	1.0	68.7	1.0	70.37	1
839	4195000.0	0.648063937700185	2.48093636363636	0.871033035	1.76765454545455	4197500.0	1	1.0	94.82	1.0	94.81	1
840	4200000.0	0.732881930190191	2.50968181818182	0.762196147	1.79186363636364	4202500.0	1	2.0	181.54	2.0	173.51	1
841	4205000.0	0.802972452290602	2.52473636363636	0.770537825	1.7877	4207500.0	1	2.0	155.12	2.0	165.85	1
842	4210000.0	0.385820500571731	2.54726363636364	0.187779369	1.80071818181818	4212500.0	1	1.0	86.17	1.0	73.2	1
843	4215000.0	0.315247681327678	2.60864545454545	0.306407994	1.84949090909091	4217500.0	1	0.0	0.0	0.0	0.0	0
844	4220000.0	0.195966822966207	2.73164545454545	0.299369127	1.89799090909091	4222500.0	1	0.0	0.0	0.0	0.0	0
845	4225000.0	0.174701247941799	2.76422727272727	0.097028927	1.89792727272727	4227500.0	1	1.0	55.56	0.0	0.0	1
846	4230000.0	0.185761323609048	2.71105454545454	0.131492922	1.90040909090909	4232500.0	1	3.0	260.68	3.0	244.81	1
847	4235000.0	0.1699371739103	2.69791818181818	0.066530133	1.87085454545455	4237500.0	1	3.0	264.52	3.0	235.3	1
848	4240000.0	0.340336233790107	2.73726363636364	0.01046527	1.83842727272727	4242500.0	1	0.0	0.0	0.0	0.0	0
849	4245000.0	0.305921468711031	2.73920909090909	-0.048776363	1.81952727272727	4247500.0	1	0.0	0.0	0.0	0.0	0
850	4250000.0	0.399309284440547	2.80266363636364	-0.043736415	1.84327272727273	4252500.0	1	1.0	97.65	1.0	97.92	1
851	4255000.0	0.480843219616724	2.77594545454545	0.203521633	1.80767272727273	4257500.0	1	4.0	325.76	4.0	310.07	1
852	4260000.0	0.56559683559598	2.74014545454545	0.275006597	1.79531818181818	4262500.0	1	0.0	0.0	0.0	0.0	0
853	4265000.0	0.743746686745836	2.73070909090909	0.474086064	1.81808181818182	4267500.0	1	0.0	0.0	0.0	0.0	0
854	4270000.0	0.724212593424795	2.65299090909091	0.46411024	1.76510909090909	4272500.0	1	1.0	71.74	1.0	79.65	1
855	4275000.0	0.827661347389345	2.48771818181818	0.566063807	1.70706363636364	4277500.0	1	0.0	0.0	0.0	0.0	0
856	4280000.0	0.841061290617611	2.39450909090909	0.623194379	1.70789090909091	4282500.0	1	1.0	78.17	1.0	77.97	1
857	4285000.0	0.832447215126591	2.36222727272727	0.605784023	1.68143636363636	4287500.0	1	0.0	0.0	0.0	0.0	0
858	4290000.0	0.699307975505611	2.30066363636364	0.551097595	1.63935454545455	4292500.0	1	1.0	73.09	1.0	78.57	1
859	4295000.0	0.568751839091768	2.22889090909091	0.178056371	1.63293636363636	4297500.0	1	2.0	178.74	2.0	171.9	1
860	4300000.0	0.555740727681053	2.17091818181818	0.258811193	1.62739090909091	4302500.0	1	0.0	0.0	0.0	0.0	0
861	4305000.0	0.32777762570468	2.17017272727273	0.336063741	1.66394545454545	4307500.0	1	2.0	172.81	2.0	165.07	1
862	4310000.0	0.342321173658571	2.22746363636364	0.359550061	1.71328181818182	4312500.0	1	0.0	0.0	0.0	0.0	0
863	4315000.0	0.330063934310522	2.24467272727273	0.296438535	1.72469090909091	4317500.0	1	1.0	80.87	1.0	74.5	1
864	4320000.0	0.404617186153662	2.34743636363636	0.329918267	1.75097272727273	4322500.0	1	0.0	0.0	0.0	0.0	0
865	4325000.0	0.446754717955179	2.39838181818182	0.312461183	1.71962727272727	4327500.0	1	2.0	189.21	2.0	181.17000000000002	1
866	4330000.0	0.46478504603589	2.41685454545455	0.317806101	1.73524545454545	4332500.0	1	0.0	0.0	0.0	0.0	0
867	4335000.0	0.516141266839368	2.36907272727273	0.402050765	1.68942727272727	4337500.0	1	2.0	183.6	2.0	168.86	1
868	4340000.0	0.608657845008575	2.28452727272727	0.400916852	1.65733636363636	4342500.0	1	0.0	0.0	0.0	0.0	0
869	4345000.0	0.866932485940911	2.30628181818182	0.457660542	1.70266363636364	4347500.0	1	1.0	97.96	1.0	98.33	1
870	4350000.0	0.88751881621926	2.3053	0.533151382	1.71115454545455	4352500.0	1	1.0	89.33	1.0	89.92	1
871	4355000.0	0.893759606367285	2.39242727272727	0.546230189	1.76185454545455	4357500.0	1	1.0	78.06	1.0	75.85	1
872	4360000.0	0.829471795764438	2.28308181818182	0.442732604	1.69948181818182	4362500.0	1	2.0	166.7	2.0	160.06	1
873	4365000.0	0.844622495428565	2.1744	0.614795488	1.6013	4367500.0	1	3.0	214.72	3.0	233.8	1
874	4370000.0	0.869849420774337	2.14647272727273	0.65432827	1.59117272727273	4372500.0	1	1.0	65.4	1.0	65.16	1
875	4375000.0	0.737933186359579	2.0329	0.56674814	1.53186363636364	4377500.0	1	2.0	164.89	2.0	155.63	1
876	4380000.0	0.708779217054841	2.0116	0.673943903	1.57451818181818	4382500.0	1	0.0	0.0	0.0	0.0	0
877	4385000.0	0.72398029106818	2.0318	0.671247626	1.56944545454545	4387500.0	1	0.0	0.0	0.0	0.0	0
878	4390000.0	0.74764935649146	2.06821818181818	0.765576672	1.57302727272727	4392500.0	1	1.0	80.11	1.0	84.89	1
879	4395000.0	0.721316883447639	2.11365454545455	0.836364891	1.57259090909091	4397500.0	1	1.0	86.51	1.0	87.8	1
880	4400000.0	0.784214157407642	2.01917272727273	0.698940733	1.49935454545455	4402500.0	1	2.0	179.74	2.0	177.18	1
881	4405000.0	0.762947313672724	2.04107272727273	0.753596696	1.4845	4407500.0	1	0.0	0.0	0.0	0.0	0
882	4410000.0	0.66828435576833	1.95911818181818	0.628911653	1.42673636363636	4412500.0	1	0.0	0.0	0.0	0.0	0
883	4415000.0	0.70983465209091	2.01921818181818	0.625091951	1.44082727272727	4417500.0	1	1.0	65.59	1.0	61.69	1
884	4420000.0	0.478712434835778	2.04648181818182	0.524610644	1.4763	4422500.0	1	2.0	169.87	2.0	185.26	1
885	4425000.0	0.533513870567197	2.09224545454545	0.581987267	1.47453636363636	4427500.0	1	2.0	170.81	2.0	166.12	1
886	4430000.0	0.606228932752822	2.17479090909091	0.683461424	1.52273636363636	4432500.0	1	1.0	60.99	1.0	58.16	1
887	4435000.0	0.640819730031709	2.20354545454545	0.732293743	1.54698181818182	4437500.0	1	0.0	0.0	0.0	0.0	0
888	4440000.0	0.640735075250935	2.21021818181818	0.7483416	1.53533636363636	4442500.0	1	0.0	0.0	0.0	0.0	0
889	4445000.0	0.625222104457914	2.21555454545455	0.70730359	1.54722727272727	4447500.0	1	2.0	163.99	2.0	170.93	1
890	4450000.0	0.673148041901513	2.1841	0.610879533	1.55680909090909	4452500.0	1	0.0	0.0	0.0	0.0	0
891	4455000.0	0.598590950372257	2.34916363636364	0.618222244	1.60280909090909	4457500.0	1	1.0	92.09	1.0	89.29	1
892	4460000.0	0.673109825661031	2.2763	0.633291313	1.57770909090909	4462500.0	1	0.0	0.0	0.0	0.0	0
893	4465000.0	0.660834924942661	2.28687272727273	0.655978194	1.57353636363636	4467500.0	1	2.0	156.75	2.0	148.85	1
894	4470000.0	0.773981804732976	2.19069090909091	0.685292482	1.51564545454545	4472500.0	1	1.0	79.0	1.0	67.3	1
895	4475000.0	0.908541555088508	2.18796363636364	0.650265758	1.52197272727273	4477500.0	1	1.0	88.36	1.0	88.25	1
896	4480000.0	0.138698624298196	2.0071	0.16525732	1.43488181818182	4482500.0	1	1.0	78.7	1.0	85.42	1
897	4485000.0	-0.0377193766478384	1.96123636363636	0.038036117	1.36074545454545	4487500.0	1	0.0	0.0	0.0	0.0	0
898	4490000.0	-0.230632145262392	1.86331818181818	-0.354798993	1.3054	4492500.0	1	3.0	230.86	2.0	161.99	1
899	4495000.0	-0.255582459061838	1.81896363636364	-0.32147014	1.3023	4497500.0	1	0.0	0.0	0.0	0.0	0
900	4500000.0	-0.266243642632098	1.78928181818182	-0.350415651	1.30252727272727	4502500.0	1	0.0	0.0	0.0	0.0	0
901	4505000.0	-0.266823459392047	1.77723636363636	-0.302978022	1.27514545454545	4507500.0	1	2.0	118.27000000000001	0.0	0.0	1
902	4510000.0	-0.634829972658538	1.61765454545455	-0.394332093	1.2272	4512500.0	1	1.0	93.83	1.0	91.54	1
903	4515000.0	-0.655694018629066	1.58329090909091	-0.383119977	1.24410909090909	4517500.0	1	0.0	0.0	0.0	0.0	0
904	4520000.0	-0.641788631663957	1.51404545454545	-0.346234978	1.22964545454545	4522500.0	1	1.0	92.04	1.0	80.84	1
905	4525000.0	-0.482936065256608	1.55644545454545	-0.300380569	1.28539090909091	4527500.0	1	2.0	177.32	2.0	166.56	1
906	4530000.0	-0.34547708642378	1.54466363636364	-0.164120166	1.28078181818182	4532500.0	1	0.0	0.0	0.0	0.0	0
907	4535000.0	0.261991204958371	1.65547272727273	0.109507371	1.3392	4537500.0	1	1.0	89.86	1.0	88.89	1
908	4540000.0	0.707940973821888	1.63199090909091	-0.106980058	1.40260909090909	4542500.0	1	1.0	94.99	1.0	96.03	1
909	4545000.0	0.72574770224028	1.64225454545455	-0.147311324	1.39466363636364	4547500.0	1	1.0	82.15	1.0	89.67	1
910	4550000.0	0.611349742621926	1.63182727272727	-0.169094968	1.39728181818182	4552500.0	1	1.0	89.05	1.0	81.97	1
911	4555000.0	0.567399741642497	1.63431818181818	-0.147265074	1.40878181818182	4557500.0	1	2.0	155.17000000000002	2.0	146.72	1
912	4560000.0	0.551762417886419	1.64176363636364	0.100531448	1.42363636363636	4562500.0	1	0.0	0.0	0.0	0.0	0
913	4565000.0	0.262652202917235	1.65265454545455	-0.027355951	1.45323636363636	4567500.0	1	0.0	0.0	0.0	0.0	0
914	4570000.0	0.321950510302062	1.63164545454545	0.088239641	1.4181	4572500.0	1	0.0	0.0	0.0	0.0	0
915	4575000.0	0.299030124167744	1.64069090909091	0.054850142	1.42565454545455	4577500.0	1	1.0	69.09	1.0	57.22	1
916	4580000.0	0.276322652885407	1.60151818181818	0.226553501	1.41275454545455	4582500.0	1	0.0	0.0	0.0	0.0	0
917	4585000.0	0.455223164779389	1.62494545454545	0.273774469	1.41344545454545	4587500.0	1	0.0	0.0	0.0	0.0	0
918	4590000.0	0.42199445230642	1.62733636363636	0.242139526	1.42983636363636	4592500.0	1	0.0	0.0	0.0	0.0	0
919	4595000.0	0.363306728573595	1.61116363636364	0.34138212	1.39272727272727	4597500.0	1	0.0	0.0	0.0	0.0	0
920	4600000.0	0.400342699678991	1.63230909090909	0.386755594	1.43492727272727	4602500.0	1	0.0	0.0	0.0	0.0	0
921	4605000.0	0.437697605154232	1.66746363636364	0.522312061	1.42399090909091	4607500.0	1	2.0	152.23	2.0	163.95	1
922	4610000.0	0.526980279175624	1.69609090909091	0.783109952	1.47283636363636	4612500.0	1	0.0	0.0	0.0	0.0	0
923	4615000.0	0.431184771124075	1.66949090909091	0.662062875	1.45451818181818	4617500.0	1	1.0	87.18	0.0	0.0	1
924	4620000.0	0.556076824085141	1.7323	0.66569514	1.47927272727273	4622500.0	1	0.0	0.0	0.0	0.0	0
925	4625000.0	0.321856750511695	1.79387272727273	0.535725723	1.51069090909091	4627500.0	1	1.0	88.33	1.0	91.21	1
926	4630000.0	0.453562674818393	1.78685454545455	0.591911474	1.49978181818182	4632500.0	1	2.0	155.84	2.0	145.76	1
927	4635000.0	0.495304560476987	1.78122727272727	0.630959469	1.46323636363636	4637500.0	1	1.0	89.55	1.0	85.45	1
928	4640000.0	0.237317914869234	1.73020909090909	0.507828228	1.44118181818182	4642500.0	1	4.0	322.93	4.0	318.46000000000004	1
929	4645000.0	0.198661734047305	1.75425454545455	0.517563483	1.44908181818182	4647500.0	1	0.0	0.0	0.0	0.0	0
930	4650000.0	0.196986998582016	1.75604545454545	0.493504266	1.46211818181818	4652500.0	1	3.0	252.62	3.0	238.36	1
931	4655000.0	0.188722266402397	1.74581818181818	0.472775341	1.44474545454545	4657500.0	1	0.0	0.0	0.0	0.0	0
932	4660000.0	0.0967917668875493	1.70798181818182	0.489052534	1.4699	4662500.0	1	2.0	182.24	2.0	179.01	1
933	4665000.0	0.0888756563525119	1.66841818181818	0.330348897	1.42203636363636	4667500.0	1	0.0	0.0	0.0	0.0	0
934	4670000.0	0.125029007717725	1.71280909090909	0.42878194	1.45396363636364	4672500.0	1	1.0	98.52	1.0	94.92	1
935	4675000.0	0.0314764955682377	1.66735454545455	0.359552599	1.44345454545455	4677500.0	1	1.0	80.37	1.0	87.62	1
936	4680000.0	0.0778886597015321	1.6277	0.397572485	1.4272	4682500.0	1	2.0	180.92000000000002	2.0	165.16	1
937	4685000.0	-0.0596981340399813	1.6684	0.330425755	1.46441818181818	4687500.0	1	0.0	0.0	0.0	0.0	0
938	4690000.0	-0.21874026009662	1.69933636363636	-0.043853663	1.51084545454545	4692500.0	1	1.0	90.42	1.0	86.9	1
939	4695000.0	0.0483252447005347	1.70181818181818	0.261292975	1.5234	4697500.0	1	1.0	90.63	1.0	96.07	1
940	4700000.0	0.130569906934219	1.64889090909091	0.185297368	1.4818	4702500.0	1	2.0	176.88	2.0	175.36	1
941	4705000.0	0.211076488841358	1.60441818181818	0.216074369	1.46409090909091	4707500.0	1	4.0	250.13	3.0	213.67	1
942	4710000.0	0.230544375129598	1.5587	0.141633778	1.43316363636364	4712500.0	1	1.0	56.04	1.0	58.89	1
943	4715000.0	0.0391487285824949	1.5169	-0.513464757	1.3939	4717500.0	1	0.0	0.0	0.0	0.0	0
944	4720000.0	0.0615164981458424	1.51132727272727	-0.52472759	1.39100909090909	4722500.0	1	1.0	85.64	1.0	78.69	1
945	4725000.0	0.113398605071646	1.45894545454545	-0.387820804	1.35572727272727	4727500.0	1	3.0	232.89	3.0	220.84999999999997	1
946	4730000.0	0.113455399660979	1.44618181818182	-0.23384631	1.33569090909091	4732500.0	1	2.0	168.39999999999998	2.0	158.63	1
947	4735000.0	0.163259177555267	1.42389090909091	0.0457062	1.30631818181818	4737500.0	1	0.0	0.0	0.0	0.0	0
948	4740000.0	-0.316660261915338	1.38992727272727	-0.134569228	1.28485454545455	4742500.0	1	0.0	0.0	0.0	0.0	0
949	4745000.0	-0.259517188156549	1.3288	0.060431596	1.23459090909091	4747500.0	1	1.0	83.11	1.0	78.65	1
950	4750000.0	-0.321672497432999	1.31487272727273	-0.002615117	1.21048181818182	4752500.0	1	2.0	166.39999999999998	2.0	161.20999999999998	1
951	4755000.0	-0.107496533210942	1.32807272727273	0.347045736	1.26536363636364	4757500.0	1	0.0	0.0	0.0	0.0	0
952	4760000.0	0.0385803359684332	1.34777272727273	0.367010936	1.2735	4762500.0	1	1.0	71.88	1.0	91.76	1
953	4765000.0	0.109029552848883	1.38143636363636	0.477638794	1.30386363636364	4767500.0	1	0.0	0.0	0.0	0.0	0
954	4770000.0	0.395112930592228	1.40202727272727	0.606329705	1.30832727272727	4772500.0	1	1.0	91.2	1.0	93.27	1
955	4775000.0	0.411344301530654	1.42332727272727	0.646395111	1.32465454545455	4777500.0	1	1.0	84.7	1.0	88.49	1
956	4780000.0	0.724186176152182	1.43551818181818	0.751773406	1.34918181818182	4782500.0	1	1.0	71.19	1.0	76.29	1
957	4785000.0	0.712182992959921	1.43200909090909	0.74815635	1.34022727272727	4787500.0	1	2.0	152.87	2.0	154.04000000000002	1
958	4790000.0	0.668824227249585	1.47234545454545	0.772107822	1.39473636363636	4792500.0	1	1.0	79.5	1.0	80.73	1
959	4795000.0	0.602454191586358	1.45653636363636	0.801421634	1.38201818181818	4797500.0	1	0.0	0.0	0.0	0.0	0
960	4800000.0	0.454188845191321	1.48037272727273	0.73707429	1.42189090909091	4802500.0	1	0.0	0.0	0.0	0.0	0
961	4805000.0	0.386846099077815	1.51497272727273	0.656495923	1.45425454545455	4807500.0	1	1.0	52.57	0.0	0.0	1
962	4810000.0	0.356206257254895	1.51308181818182	0.450974969	1.42151818181818	4812500.0	1	2.0	156.02	3.0	226.16	1
963	4815000.0	0.33440197788438	1.49363636363636	0.458544103	1.4134	4817500.0	1	1.0	96.05	1.0	94.16	1
964	4820000.0	0.450698152198288	1.46880909090909	0.549159943	1.38412727272727	4822500.0	1	1.0	76.58	1.0	82.04	1
965	4825000.0	0.498672377970761	1.46941818181818	0.633018412	1.38567272727273	4827500.0	1	1.0	78.36	1.0	78.21	1
966	4830000.0	0.452039005404853	1.43912727272727	0.632718045	1.35720909090909	4832500.0	1	1.0	80.13	1.0	83.2	1
967	4835000.0	0.600139189325847	1.4695	0.676315474	1.38289090909091	4837500.0	1	0.0	0.0	0.0	0.0	0
968	4840000.0	0.732229184705829	1.52035454545455	0.65956053	1.40467272727273	4842500.0	1	2.0	166.45999999999998	2.0	163.92	1
969	4845000.0	0.684841113518263	1.49423636363636	0.492548435	1.37436363636364	4847500.0	1	1.0	67.59	1.0	53.62	1
970	4850000.0	0.710003052127514	1.50062727272727	0.522534297	1.37884545454545	4852500.0	1	1.0	62.61	1.0	74.61	1
971	4855000.0	0.717649729261367	1.5014	0.571627839	1.35665454545455	4857500.0	1	0.0	0.0	0.0	0.0	0
972	4860000.0	0.743703578926306	1.51750909090909	0.577335968	1.35996363636364	4862500.0	1	1.0	89.58	1.0	89.1	1
973	4865000.0	0.798956244329604	1.56037272727273	0.717930421	1.36934545454545	4867500.0	1	1.0	64.72	1.0	56.43	1
974	4870000.0	0.799636622796779	1.56862727272727	0.816045816	1.34453636363636	4872500.0	1	2.0	171.94	2.0	162.36	1
975	4875000.0	0.607753261651509	1.59308181818182	0.652253461	1.35816363636364	4877500.0	1	2.0	175.79	2.0	166.51999999999998	1
976	4880000.0	0.512749487299262	1.59529090909091	0.618745828	1.3698	4882500.0	1	0.0	0.0	0.0	0.0	0
977	4885000.0	0.451244113026828	1.59515454545455	0.461664208	1.36597272727273	4887500.0	1	0.0	0.0	0.0	0.0	0
978	4890000.0	0.46203286590518	1.5576	0.50494286	1.31758181818182	4892500.0	1	3.0	246.81	2.0	167.15	1
979	4895000.0	0.415681965013908	1.52744545454545	0.462992612	1.3184	4897500.0	1	3.0	228.34	3.0	214.98000000000002	1
980	4900000.0	0.411112382157537	1.53769090909091	0.523554492	1.31526363636364	4902500.0	1	1.0	80.73	1.0	87.08	1
981	4905000.0	0.318621732409289	1.53297272727273	0.516307679	1.30550909090909	4907500.0	1	0.0	0.0	0.0	0.0	0
982	4910000.0	0.265763699452833	1.50774545454545	0.443758559	1.28254545454545	4912500.0	1	0.0	0.0	0.0	0.0	0
983	4915000.0	0.24906611888951	1.51048181818182	0.453842664	1.27963636363636	4917500.0	1	0.0	0.0	0.0	0.0	0
984	4920000.0	0.325704255210699	1.43466363636364	0.414506713	1.26468181818182	4922500.0	1	1.0	71.58	1.0	62.11	1
985	4925000.0	0.396688728962382	1.49578181818182	0.247920558	1.31508181818182	4927500.0	1	0.0	0.0	0.0	0.0	0
986	4930000.0	0.463825424723671	1.46290909090909	0.116807143	1.29619090909091	4932500.0	1	0.0	0.0	0.0	0.0	0
987	4935000.0	0.567154186301681	1.43584545454545	0.085064466	1.26940909090909	4937500.0	1	2.0	163.01999999999998	2.0	158.29	1
988	4940000.0	0.712099768559832	1.40271818181818	0.175723044	1.24225454545455	4942500.0	1	0.0	0.0	0.0	0.0	0
989	4945000.0	0.70208249415751	1.39788181818182	0.110955562	1.252	4947500.0	1	2.0	186.37	2.0	186.77	1
990	4950000.0	0.697757280319178	1.38388181818182	0.143563041	1.24425454545455	4952500.0	1	0.0	0.0	0.0	0.0	0
991	4955000.0	0.70109299964874	1.38790909090909	0.29858667	1.25903636363636	4957500.0	1	2.0	154.26	2.0	133.44	1
992	4960000.0	0.70758258644285	1.40623636363636	0.273617865	1.27472727272727	4962500.0	1	0.0	0.0	0.0	0.0	0
993	4965000.0	0.571272840651659	1.34235454545455	0.295321807	1.21466363636364	4967500.0	1	1.0	77.24	1.0	76.14	1
994	4970000.0	0.542411500184031	1.28281818181818	0.299830314	1.18468181818182	4972500.0	1	0.0	0.0	0.0	0.0	0
995	4975000.0	0.527046540586336	1.3123	0.454316458	1.17702727272727	4977500.0	1	0.0	0.0	0.0	0.0	0
996	4980000.0	0.402408903710364	1.2528	0.375311119	1.15595454545455	4982500.0	1	2.0	157.31	2.0	163.68	1
997	4985000.0	0.49215656308929	1.29509090909091	0.420312087	1.18479090909091	4987500.0	1	2.0	175.73000000000002	2.0	180.0	1
998	4990000.0	0.427782037530425	1.30393636363636	0.382824112	1.18897272727273	4992500.0	1	2.0	169.41	2.0	163.28	1
999	4995000.0	0.282552634157569	1.34092727272727	0.369895262	1.21767272727273	4997500.0	1	1.0	78.97	1.0	88.85	1
1000	5000000.0	0.225757551175821	1.32161818181818	0.331567605	1.20589090909091	5002500.0	1	1.0	89.89	1.0	78.25	1
1001	5005000.0	0.223761310213051	1.30350909090909	0.310422829	1.19831818181818	5007500.0	1	3.0	262.62	3.0	261.74	1
1002	5010000.0	0.308190358075974	1.33932727272727	0.390094491	1.22358181818182	5012500.0	1	1.0	85.97	1.0	77.48	1
1003	5015000.0	0.329893573999681	1.33665454545455	0.396001758	1.22033636363636	5017500.0	1	2.0	159.18	2.0	138.98	1
1004	5020000.0	0.788909013791106	1.49898181818182	0.860711877	1.35327272727273	5022500.0	1	0.0	0.0	0.0	0.0	0
1005	5025000.0	0.851788963980166	1.59331818181818	0.885001927	1.41329090909091	5027500.0	1	1.0	76.09	0.0	0.0	1
1006	5030000.0	0.823301029906764	1.60949090909091	0.877550183	1.45259090909091	5032500.0	1	1.0	91.47	1.0	92.59	1
1007	5035000.0	0.843353123533397	1.68145454545455	0.872907273	1.47972727272727	5037500.0	1	1.0	81.51	1.0	70.11	1
1008	5040000.0	0.808645891993769	1.69311818181818	0.811420473	1.4826	5042500.0	1	0.0	0.0	0.0	0.0	0
1009	5045000.0	0.8066484127762	1.69724545454545	0.823201047	1.47548181818182	5047500.0	1	0.0	0.0	0.0	0.0	0
1010	5050000.0	0.81152757622258	1.69589090909091	0.812201228	1.48047272727273	5052500.0	1	1.0	83.93	1.0	82.44	1
1011	5055000.0	0.854385516175486	1.71604545454545	0.769291221	1.48265454545455	5057500.0	1	1.0	84.22	1.0	78.36	1
1012	5060000.0	0.841158928989091	1.70454545454545	0.77890228	1.46766363636364	5062500.0	1	3.0	247.54	3.0	234.57	1
1013	5065000.0	0.830348129043948	1.66785454545455	0.733386662	1.43142727272727	5067500.0	1	2.0	148.55	2.0	139.02	1
1014	5070000.0	0.845724263753309	1.63357272727273	0.760847506	1.4137	5072500.0	1	1.0	94.33	1.0	79.5	1
1015	5075000.0	0.839886142125945	1.58412727272727	0.718793886	1.36068181818182	5077500.0	1	1.0	90.38	1.0	87.28	1
1016	5080000.0	0.831642660168475	1.53689090909091	0.70275424	1.32004545454545	5082500.0	1	2.0	170.39999999999998	2.0	170.09	1
1017	5085000.0	0.845447768790965	1.5688	0.722369568	1.3353	5087500.0	1	0.0	0.0	0.0	0.0	0
1018	5090000.0	0.866880766194956	1.57629090909091	0.701324499	1.36178181818182	5092500.0	1	2.0	129.15	1.0	74.05	1
1019	5095000.0	0.786621884006106	1.62703636363636	0.648331103	1.39106363636364	5097500.0	1	2.0	145.58	2.0	143.05	1
1020	5100000.0	0.751872664873511	1.66995454545455	0.625283917	1.39548181818182	5102500.0	1	0.0	0.0	0.0	0.0	0
1021	5105000.0	0.751691506454812	1.67428181818182	0.673195302	1.38304545454545	5107500.0	1	0.0	0.0	0.0	0.0	0
1022	5110000.0	0.695390995642977	1.71568181818182	0.578825977	1.42633636363636	5112500.0	1	0.0	0.0	0.0	0.0	0
1023	5115000.0	0.673757241260948	1.74403636363636	0.570355642	1.43416363636364	5117500.0	1	0.0	0.0	0.0	0.0	0
1024	5120000.0	0.645082236909892	1.73632727272727	0.577894241	1.43172727272727	5122500.0	1	0.0	0.0	0.0	0.0	0
1025	5125000.0	0.612443346381596	1.76562727272727	0.551811773	1.44090909090909	5127500.0	1	0.0	0.0	0.0	0.0	0
1026	5130000.0	0.638525350277982	1.75235454545455	0.601079301	1.43189090909091	5132500.0	1	0.0	0.0	0.0	0.0	0
1027	5135000.0	0.686584978769295	1.70869090909091	0.687333465	1.40865454545455	5137500.0	1	0.0	0.0	0.0	0.0	0
1028	5140000.0	0.614313869211279	1.70448181818182	0.610783491	1.38017272727273	5142500.0	1	3.0	262.77	4.0	322.95	1
1029	5145000.0	0.442506257966588	1.64127272727273	0.405810224	1.32947272727273	5147500.0	1	0.0	0.0	0.0	0.0	0
1030	5150000.0	0.161599109733312	1.54535454545455	0.213270799	1.2505	5152500.0	1	1.0	60.46	0.0	0.0	1
1031	5155000.0	0.210796780819565	1.53996363636364	0.185834512	1.27711818181818	5157500.0	1	2.0	182.92000000000002	2.0	185.5	1
1032	5160000.0	0.193903513952294	1.54541818181818	0.098573636	1.28363636363636	5162500.0	1	0.0	0.0	0.0	0.0	0
1033	5165000.0	0.209268410574277	1.51407272727273	0.293040879	1.25172727272727	5167500.0	1	1.0	90.17	0.0	0.0	1
1034	5170000.0	0.194115201274576	1.51544545454545	0.289481747	1.25732727272727	5172500.0	1	1.0	83.67	1.0	82.64	1
1035	5175000.0	0.457248347544258	1.48788181818182	0.345492997	1.24922727272727	5177500.0	1	2.0	180.24	2.0	183.08999999999997	1
1036	5180000.0	0.462430527653799	1.49438181818182	0.305574422	1.25603636363636	5182500.0	1	0.0	0.0	0.0	0.0	0
1037	5185000.0	0.268568335888428	1.48373636363636	-0.12258216	1.24101818181818	5187500.0	1	2.0	164.54	2.0	163.44	1
1038	5190000.0	0.300244374809208	1.49427272727273	-0.128564182	1.25069090909091	5192500.0	1	0.0	0.0	0.0	0.0	0
1039	5195000.0	0.669926639872824	1.41359090909091	0.07077661	1.21609090909091	5197500.0	1	1.0	93.39	1.0	85.21	1
1040	5200000.0	0.647203218901738	1.38142727272727	0.091631342	1.2026	5202500.0	1	2.0	149.31	1.0	73.88	1
1041	5205000.0	0.65599551705302	1.42785454545455	-0.139181043	1.22825454545455	5207500.0	1	3.0	219.32	1.0	75.14	1
1042	5210000.0	0.662301310195454	1.4017	-0.280892162	1.22624545454545	5212500.0	1	2.0	176.23000000000002	2.0	178.94	1
1043	5215000.0	0.667955615608519	1.38766363636364	-0.136280097	1.21734545454545	5217500.0	1	1.0	81.87	1.0	78.24	1
1044	5220000.0	0.66610521947633	1.38827272727273	-0.151758986	1.21453636363636	5222500.0	1	0.0	0.0	0.0	0.0	0
1045	5225000.0	0.669690189635312	1.36665454545455	-0.158430525	1.19930909090909	5227500.0	1	3.0	245.73	2.0	181.01	1
1046	5230000.0	0.650980425619073	1.38873636363636	-0.126853138	1.20360909090909	5232500.0	1	0.0	0.0	0.0	0.0	0
1047	5235000.0	0.704043772418391	1.38855454545455	0.062800181	1.20605454545455	5237500.0	1	1.0	90.7	1.0	97.9	1
1048	5240000.0	0.703788753434299	1.36821818181818	0.497834203	1.21314545454545	5242500.0	1	0.0	0.0	0.0	0.0	0
1049	5245000.0	0.687314985700713	1.34042727272727	0.273936574	1.17785454545455	5247500.0	1	2.0	152.67000000000002	2.0	157.74	1
1050	5250000.0	0.669370633691027	1.3459	0.204160915	1.18304545454545	5252500.0	1	2.0	124.19	2.0	128.99	1
1051	5255000.0	0.808419283320183	1.31930909090909	0.193167912	1.17734545454545	5257500.0	1	1.0	92.48	1.0	94.49	1
1052	5260000.0	0.733515776384436	1.2629	0.030515363	1.16331818181818	5262500.0	1	1.0	99.05	2.0	164.4	1
1053	5265000.0	0.585255665467333	1.24034545454545	0.198564002	1.13362727272727	5267500.0	1	0.0	0.0	0.0	0.0	0
1054	5270000.0	0.523438210785891	1.22931818181818	0.318774703	1.11669090909091	5272500.0	1	2.0	179.62	2.0	170.74	1
1055	5275000.0	0.487939259737075	1.22406363636364	0.320286053	1.11059090909091	5277500.0	1	0.0	0.0	0.0	0.0	0
1056	5280000.0	0.474708472505325	1.2284	0.208256149	1.11984545454545	5282500.0	1	1.0	93.64	1.0	95.47	1
1057	5285000.0	0.436184900843471	1.2263	0.185608186	1.11005454545455	5287500.0	1	0.0	0.0	0.0	0.0	0
1058	5290000.0	0.333440943975594	1.21893636363636	-0.032889006	1.09804545454545	5292500.0	1	1.0	81.07	1.0	78.01	1
1059	5295000.0	0.423310110575789	1.22617272727273	-0.007751638	1.10514545454545	5297500.0	1	1.0	62.92	0.0	0.0	1
1060	5300000.0	0.527277906130775	1.26343636363636	0.088810923	1.14398181818182	5302500.0	1	0.0	0.0	0.0	0.0	0
1061	5305000.0	0.464590455266974	1.26199090909091	0.095194249	1.13765454545455	5307500.0	1	0.0	0.0	0.0	0.0	0
1062	5310000.0	0.169171572315517	1.29544545454545	0.168449733	1.12801818181818	5312500.0	1	1.0	81.25	1.0	69.34	1
1063	5315000.0	0.224997855985241	1.32595454545455	0.431178564	1.14681818181818	5317500.0	1	1.0	92.86	1.0	87.33	1
1064	5320000.0	0.580760552123131	1.33024545454545	0.491644421	1.15456363636364	5322500.0	1	2.0	156.53	2.0	137.39999999999998	1
1065	5325000.0	0.588010655655585	1.33615454545455	0.548212484	1.16571818181818	5327500.0	1	2.0	131.64	1.0	73.81	1
1066	5330000.0	0.718777089371779	1.3149	0.542906913	1.16601818181818	5332500.0	1	1.0	82.74	1.0	86.54	1
1067	5335000.0	0.760700738300935	1.29299090909091	0.633904918	1.15124545454545	5337500.0	1	2.0	182.37	2.0	187.75	1
1068	5340000.0	0.702971968970391	1.26962727272727	0.564063384	1.14502727272727	5342500.0	1	1.0	91.03	1.0	83.24	1
1069	5345000.0	0.686066922840923	1.25675454545455	0.549804766	1.13649090909091	5347500.0	1	0.0	0.0	0.0	0.0	0
1070	5350000.0	0.67454981078357	1.25231818181818	0.585487994	1.13067272727273	5352500.0	1	0.0	0.0	0.0	0.0	0
1071	5355000.0	0.546844753388072	1.23306363636364	0.312881344	1.13109090909091	5357500.0	1	1.0	90.72	1.0	89.33	1
1072	5360000.0	0.589384179866303	1.24115454545455	0.218206488	1.14853636363636	5362500.0	1	1.0	88.31	1.0	83.4	1
1073	5365000.0	0.623065755474677	1.21341818181818	0.23202285	1.14621818181818	5367500.0	1	0.0	0.0	0.0	0.0	0
1074	5370000.0	0.411041438507327	1.16895454545455	-0.091605289	1.10688181818182	5372500.0	1	1.0	93.99	1.0	92.77	1
1075	5375000.0	0.210535087480236	1.14602727272727	0.020761421	1.09911818181818	5377500.0	1	2.0	156.85	1.0	93.16	1
1076	5380000.0	0.164284361580244	1.14031818181818	0.059743635	1.11112727272727	5382500.0	1	2.0	141.16	1.0	59.51	1
1077	5385000.0	0.181986536880963	1.13647272727273	-0.025724189	1.11178181818182	5387500.0	1	1.0	96.96	1.0	90.82	1
1078	5390000.0	0.291689418975739	1.13150909090909	-0.010212275	1.10754545454545	5392500.0	1	1.0	97.78	1.0	96.3	1
1079	5395000.0	0.306035867815658	1.10897272727273	-0.046346038	1.09898181818182	5397500.0	1	0.0	0.0	0.0	0.0	0
1080	5400000.0	0.287460320529481	1.07087272727273	-0.108960772	1.08646363636364	5402500.0	1	0.0	0.0	0.0	0.0	0
1081	5405000.0	-0.224413610555501	1.02972727272727	-0.545046395	1.05629090909091	5407500.0	1	0.0	0.0	0.0	0.0	0
1082	5410000.0	0.472642437208472	1.07491818181818	0.274814931	1.07777272727273	5412500.0	1	1.0	83.8	1.0	78.63	1
1083	5415000.0	0.597663378245562	1.0938	0.571500447	1.09395454545455	5417500.0	1	1.0	89.03	1.0	79.72	1
1084	5420000.0	0.597705710216014	1.09728181818182	0.562149171	1.10229090909091	5422500.0	1	2.0	175.93	2.0	173.63	1
1085	5425000.0	0.614473574212908	1.14151818181818	0.554532486	1.14821818181818	5427500.0	1	2.0	174.83	2.0	140.19	1
1086	5430000.0	0.657988402008638	1.15570909090909	0.543771867	1.15103636363636	5432500.0	1	2.0	170.82999999999998	2.0	164.92000000000002	1
1087	5435000.0	0.67976562950533	1.19105454545455	0.527213452	1.17406363636364	5437500.0	1	0.0	0.0	0.0	0.0	0
1088	5440000.0	0.568270724383821	1.21908181818182	0.529150485	1.17107272727273	5442500.0	1	1.0	65.57	1.0	66.96	1
1089	5445000.0	0.519237553490072	1.23193636363636	0.488907976	1.1745	5447500.0	1	2.0	162.10000000000002	2.0	149.11	1
1090	5450000.0	0.445202167856191	1.25602727272727	0.475793981	1.18889090909091	5452500.0	1	2.0	146.57	2.0	145.78	1
1091	5455000.0	0.436970520031295	1.26986363636364	0.557783935	1.1871	5457500.0	1	1.0	90.22	1.0	87.6	1
1092	5460000.0	0.626851499065455	1.28125454545455	0.67723999	1.20640909090909	5462500.0	1	0.0	0.0	0.0	0.0	0
1093	5465000.0	0.642899536471938	1.20941818181818	0.476320499	1.16944545454545	5467500.0	1	2.0	143.25	2.0	141.4	1
1094	5470000.0	0.581855162254239	1.17117272727273	0.166234402	1.12778181818182	5472500.0	1	1.0	71.94	1.0	75.09	1
1095	5475000.0	0.66505216690928	1.14871818181818	-0.034731879	1.10553636363636	5477500.0	1	2.0	176.86	2.0	188.42000000000002	1
1096	5480000.0	0.631344288770058	1.0902	-0.078667834	1.07684545454545	5482500.0	1	0.0	0.0	0.0	0.0	0
1097	5485000.0	0.659683534108838	1.08527272727273	-0.093201457	1.07965454545455	5487500.0	1	2.0	120.42	2.0	122.07	1
1098	5490000.0	0.547218028410834	1.06201818181818	-0.146504694	1.06390909090909	5492500.0	1	3.0	238.58999999999997	1.0	83.4	1
1099	5495000.0	0.745487810486017	1.02900909090909	-0.039560977	1.05621818181818	5497500.0	1	0.0	0.0	0.0	0.0	0
1100	5500000.0	0.762233231527456	1.02941818181818	-0.095462945	1.06485454545455	5502500.0	1	1.0	86.42	1.0	71.38	1
1101	5505000.0	0.809573254730096	1.03816363636364	0.06715936	1.07012727272727	5507500.0	1	0.0	0.0	0.0	0.0	0
1102	5510000.0	0.719996531566358	1.04344545454545	-0.254029019	1.06282727272727	5512500.0	1	1.0	62.18	1.0	53.93	1
1103	5515000.0	0.723129515816528	1.03810909090909	-0.000515993	1.04875454545455	5517500.0	1	0.0	0.0	0.0	0.0	0
1104	5520000.0	0.719901021744787	1.06974545454545	-0.01069177	1.06678181818182	5522500.0	1	3.0	200.66	3.0	206.29	1
1105	5525000.0	0.667507172163045	1.11551818181818	0.019695154	1.09584545454545	5527500.0	1	0.0	0.0	0.0	0.0	0
1106	5530000.0	0.650078924944851	1.18048181818182	0.28753631	1.12777272727273	5532500.0	1	3.0	249.47	3.0	242.91	1
1107	5535000.0	0.504691899072811	1.23038181818182	0.304301294	1.1486	5537500.0	1	4.0	313.01	3.0	255.94	1
1108	5540000.0	0.500959347317084	1.29772727272727	0.475826954	1.20628181818182	5542500.0	1	0.0	0.0	0.0	0.0	0
1109	5545000.0	0.466100372600152	1.34074545454545	0.465002494	1.23649090909091	5547500.0	1	1.0	72.14	1.0	51.19	1
1110	5550000.0	0.351236551482967	1.37008181818182	0.406859584	1.25511818181818	5552500.0	1	1.0	87.96	1.0	79.81	1
1111	5555000.0	0.244833964094809	1.40132727272727	0.29239742	1.28290909090909	5557500.0	1	1.0	85.56	1.0	79.06	1
1112	5560000.0	0.38794391127797	1.40802727272727	0.4008972	1.29050909090909	5562500.0	1	2.0	157.52	2.0	147.70999999999998	1
1113	5565000.0	0.857378506429791	1.4746	0.809654858	1.35530909090909	5567500.0	1	0.0	0.0	0.0	0.0	0
1114	5570000.0	0.729236395912382	1.51326363636364	0.635956714	1.37965454545455	5572500.0	1	1.0	83.01	1.0	81.88	1
1115	5575000.0	0.2964220804754	1.48712727272727	0.499526243	1.36392727272727	5577500.0	1	1.0	91.68	1.0	93.2	1
1116	5580000.0	0.337447657456437	1.47112727272727	0.575676383	1.34325454545455	5582500.0	1	1.0	64.65	0.0	0.0	1
1117	5585000.0	0.508887891675622	1.43367272727273	0.703508548	1.325	5587500.0	1	1.0	94.12	1.0	69.21	1
1118	5590000.0	0.512445962509512	1.42938181818182	0.703242108	1.30748181818182	5592500.0	1	0.0	0.0	0.0	0.0	0
1119	5595000.0	0.328299546678222	1.37581818181818	0.568269896	1.27297272727273	5597500.0	1	2.0	168.41	2.0	152.37	1
1120	5600000.0	0.241967097386808	1.32985454545455	0.477561478	1.23656363636364	5602500.0	1	1.0	95.26	1.0	92.96	1
1121	5605000.0	0.354585957333764	1.36515454545455	0.514584234	1.282	5607500.0	1	1.0	95.35	1.0	98.61	1
1122	5610000.0	0.43900095252303	1.36886363636364	0.563843657	1.27018181818182	5612500.0	1	1.0	68.52	0.0	0.0	1
1123	5615000.0	0.221345330497401	1.4185	0.543715902	1.27939090909091	5617500.0	1	1.0	69.72	2.0	134.87	1
1124	5620000.0	0.0892283655673763	1.3624	0.510457091	1.2413	5622500.0	1	0.0	0.0	0.0	0.0	0
1125	5625000.0	0.113058399435132	1.38404545454545	0.542866199	1.27644545454545	5627500.0	1	1.0	92.87	1.0	83.09	1
1126	5630000.0	0.280586229910281	1.39796363636364	0.612080946	1.29220909090909	5632500.0	1	0.0	0.0	0.0	0.0	0
1127	5635000.0	0.212070406933942	1.36593636363636	0.545860411	1.27709090909091	5637500.0	1	1.0	83.64	1.0	79.26	1
1128	5640000.0	0.19362113404928	1.35163636363636	0.594541661	1.26328181818182	5642500.0	1	1.0	87.25	1.0	84.37	1
1129	5645000.0	0.283799742702896	1.32375454545455	0.585464876	1.26384545454545	5647500.0	1	1.0	84.9	1.0	89.24	1
1130	5650000.0	0.380983820923442	1.37740909090909	0.635312968	1.28132727272727	5652500.0	1	1.0	84.83	1.0	66.61	1
1131	5655000.0	0.393284881265399	1.37519090909091	0.668833397	1.27495454545455	5657500.0	1	2.0	178.74	2.0	165.75	1
1132	5660000.0	0.300368147763177	1.30915454545455	0.626115538	1.21240909090909	5662500.0	1	1.0	97.96	1.0	92.45	1
1133	5665000.0	0.210231319257903	1.27847272727273	0.684330053	1.19752727272727	5667500.0	1	0.0	0.0	0.0	0.0	0
1134	5670000.0	0.607029123119621	1.19273636363636	0.731168698	1.17132727272727	5672500.0	1	0.0	0.0	0.0	0.0	0
1135	5675000.0	0.445170519492166	1.20817272727273	0.692291852	1.16777272727273	5677500.0	1	1.0	82.22	1.0	70.3	1
1136	5680000.0	0.413166921800443	1.15268181818182	0.535297289	1.12896363636364	5682500.0	1	1.0	93.87	1.0	89.68	1
1137	5685000.0	0.441893891177331	1.13476363636364	0.482777983	1.11824545454545	5687500.0	1	1.0	91.51	1.0	93.72	1
1138	5690000.0	0.578158767500774	1.12702727272727	0.558919765	1.12379090909091	5692500.0	1	0.0	0.0	0.0	0.0	0
1139	5695000.0	0.5592961234798	1.14551818181818	0.536389481	1.14148181818182	5697500.0	1	0.0	0.0	0.0	0.0	0
1140	5700000.0	0.668944739793262	1.18694545454545	0.576288775	1.15583636363636	5702500.0	1	0.0	0.0	0.0	0.0	0
1141	5705000.0	0.640629454060522	1.12482727272727	0.43641556	1.11407272727273	5707500.0	1	1.0	97.56	2.0	156.03	1
1142	5710000.0	0.61776628007914	1.14539090909091	0.438647963	1.10304545454545	5712500.0	1	3.0	229.19	3.0	221.45000000000002	1
1143	5715000.0	0.718862257156119	1.16985454545455	0.473913655	1.11667272727273	5717500.0	1	1.0	90.53	1.0	93.72	1
1144	5720000.0	0.762618008462882	1.14657272727273	0.565428236	1.10328181818182	5722500.0	1	1.0	74.17	1.0	82.32	1
1145	5725000.0	0.885031410654469	1.14362727272727	0.657875827	1.09166363636364	5727500.0	1	0.0	0.0	0.0	0.0	0
1146	5730000.0	0.889819624822889	1.10682727272727	0.600790322	1.07185454545455	5732500.0	1	0.0	0.0	0.0	0.0	0
1147	5735000.0	0.890110002696261	1.10672727272727	0.542502832	1.07132727272727	5737500.0	1	0.0	0.0	0.0	0.0	0
1148	5740000.0	0.891953802371304	1.10237272727273	0.595343253	1.05265454545455	5742500.0	1	0.0	0.0	0.0	0.0	0
1149	5745000.0	0.709857617162953	1.08129090909091	0.268893411	1.02741818181818	5747500.0	1	1.0	83.62	1.0	77.5	1
1150	5750000.0	0.622717186685451	1.04564545454545	0.150688355	0.994781818181818	5752500.0	1	1.0	87.9	1.0	78.21	1
1151	5755000.0	0.234659748548217	0.978054545454545	-0.249854857	0.959290909090909	5757500.0	1	0.0	0.0	0.0	0.0	0
1152	5760000.0	0.184845572875402	0.957072727272727	-0.388455375	0.939427272727273	5762500.0	1	1.0	53.08	0.0	0.0	1
1153	5765000.0	-0.0470309134118108	0.923718181818182	-0.401108686	0.935663636363637	5767500.0	1	4.0	315.12	4.0	311.11	1
1154	5770000.0	0.20052302840178	0.942627272727273	-0.472736888	0.926009090909091	5772500.0	1	1.0	81.34	1.0	88.56	1
1155	5775000.0	0.52596605261572	1.00172727272727	0.107884458	0.961727272727273	5777500.0	1	0.0	0.0	0.0	0.0	0
1156	5780000.0	0.616527922550899	1.04001818181818	0.168600916	0.970327272727273	5782500.0	1	0.0	0.0	0.0	0.0	0
1157	5785000.0	0.734495069925238	1.10652727272727	0.394695735	1.01646363636364	5787500.0	1	2.0	145.48000000000002	1.0	60.94	1
1158	5790000.0	0.824959109000008	1.17821818181818	0.675192612	1.07893636363636	5792500.0	1	3.0	228.07999999999998	3.0	227.72	1
1159	5795000.0	0.802289734605548	1.20827272727273	0.685542193	1.10012727272727	5797500.0	1	1.0	93.59	1.0	98.33	1
1160	5800000.0	0.75183330875285	1.28178181818182	0.726073581	1.14334545454545	5802500.0	1	0.0	0.0	0.0	0.0	0
1161	5805000.0	0.729687053887179	1.34558181818182	0.759995248	1.17924545454545	5807500.0	1	0.0	0.0	0.0	0.0	0
1162	5810000.0	0.801911137003978	1.37657272727273	0.811870811	1.20630909090909	5812500.0	1	1.0	85.21	1.0	90.95	1
1163	5815000.0	0.774416316297364	1.45610909090909	0.756962451	1.26573636363636	5817500.0	1	2.0	160.47	2.0	157.18	1
1164	5820000.0	0.715947438479916	1.46433636363636	0.716403166	1.2755	5822500.0	1	2.0	190.68	2.0	181.15	1
1165	5825000.0	0.696403661680593	1.42517272727273	0.700723525	1.27509090909091	5827500.0	1	2.0	162.73000000000002	1.0	86.9	1
1166	5830000.0	0.685287925154419	1.42977272727273	0.697070928	1.27346363636364	5832500.0	1	0.0	0.0	0.0	0.0	0
1167	5835000.0	0.698151868222698	1.43386363636364	0.692976196	1.29708181818182	5837500.0	1	2.0	175.55	3.0	237.91	1
1168	5840000.0	0.523971137758786	1.38920909090909	0.658545208	1.27679090909091	5842500.0	1	1.0	61.14	1.0	66.76	1
1169	5845000.0	0.216438445573414	1.3251	0.343185516	1.21428181818182	5847500.0	1	2.0	176.24	2.0	162.92000000000002	1
1170	5850000.0	0.566179812259061	1.27749090909091	0.78763463	1.17823636363636	5852500.0	1	0.0	0.0	0.0	0.0	0
1171	5855000.0	0.609029498450555	1.24158181818182	0.711550762	1.16352727272727	5857500.0	1	1.0	73.57	0.0	0.0	1
1172	5860000.0	0.664720349836198	1.21269090909091	0.75794684	1.15412727272727	5862500.0	1	2.0	188.81	2.0	185.15	1
1173	5865000.0	0.772921403488018	1.16747272727273	0.774655692	1.11084545454545	5867500.0	1	0.0	0.0	0.0	0.0	0
1174	5870000.0	0.793388823651291	1.0792	0.684446355	1.04430909090909	5872500.0	1	0.0	0.0	0.0	0.0	0
1175	5875000.0	0.722907344722928	1.07031818181818	0.664454161	1.04419090909091	5877500.0	1	0.0	0.0	0.0	0.0	0
1176	5880000.0	0.742399928546209	1.07199090909091	0.645068391	1.04657272727273	5882500.0	1	0.0	0.0	0.0	0.0	0
1177	5885000.0	0.677264787224377	1.00899090909091	0.529174894	1.01157272727273	5887500.0	1	0.0	0.0	0.0	0.0	0
1178	5890000.0	0.547926278412883	0.974790909090909	0.338613726	0.977781818181818	5892500.0	1	1.0	90.58	1.0	93.87	1
1179	5895000.0	0.404736321073111	0.958945454545454	0.184900608	0.969527272727273	5897500.0	1	0.0	0.0	0.0	0.0	0
1180	5900000.0	0.453438524078096	0.963563636363636	0.271946922	0.972590909090909	5902500.0	1	0.0	0.0	0.0	0.0	0
1181	5905000.0	0.571141591657891	1.00373636363636	0.300712995	0.996672727272727	5907500.0	1	0.0	0.0	0.0	0.0	0
1182	5910000.0	0.733380753701575	1.02989090909091	0.630711932	1.02830909090909	5912500.0	1	2.0	178.01	2.0	178.29	1
1183	5915000.0	0.778061455618128	1.04475454545455	0.662441244	1.04615454545455	5917500.0	1	3.0	232.49	2.0	155.33999999999997	1
1184	5920000.0	0.696508142634824	1.10472727272727	0.590836389	1.09973636363636	5922500.0	1	3.0	230.06	3.0	227.42000000000002	1
1185	5925000.0	0.703274554195544	1.13362727272727	0.746969788	1.12568181818182	5927500.0	1	3.0	246.45999999999998	3.0	234.07999999999998	1
1186	5930000.0	0.63873115575053	1.16213636363636	0.665881922	1.15218181818182	5932500.0	1	1.0	70.25	0.0	0.0	1
1187	5935000.0	0.477131581031503	1.16395454545455	0.638141527	1.15380909090909	5937500.0	1	0.0	0.0	0.0	0.0	0
1188	5940000.0	0.40827022017351	1.15850909090909	0.610739969	1.14496363636364	5942500.0	1	0.0	0.0	0.0	0.0	0
1189	5945000.0	0.33051786739064	1.16848181818182	0.399557246	1.17044545454545	5947500.0	1	0.0	0.0	1.0	95.21	0
1190	5950000.0	0.392843602656639	1.16717272727273	0.437796912	1.16941818181818	5952500.0	1	1.0	98.55	1.0	98.55	1
1191	5955000.0	0.286641860401311	1.15088181818182	0.321245469	1.15415454545455	5957500.0	1	2.0	180.32999999999998	2.0	182.24	1
1192	5960000.0	0.256106241458925	1.14295454545455	0.345564037	1.1585	5962500.0	1	0.0	0.0	0.0	0.0	0
1193	5965000.0	0.0209905763732736	1.12345454545455	-0.072809884	1.15456363636364	5967500.0	1	1.0	75.92	1.0	79.53	1
1194	5970000.0	-0.00348549428713059	1.09478181818182	0.028005826	1.14341818181818	5972500.0	1	1.0	94.11	1.0	96.52	1
1195	5975000.0	0.0631219264035001	1.07056363636364	0.109318682	1.12242727272727	5977500.0	1	2.0	177.7	2.0	174.42000000000002	1
1196	5980000.0	0.327149903239078	1.11488181818182	0.173862909	1.13278181818182	5982500.0	1	0.0	0.0	0.0	0.0	0
1197	5985000.0	0.490303409222735	1.13851818181818	0.252420651	1.12860909090909	5987500.0	1	1.0	59.31	2.0	146.16	1
1198	5990000.0	0.653787260088559	1.22268181818182	0.396886771	1.15584545454545	5992500.0	1	1.0	94.62	1.0	94.63	1
1199	5995000.0	0.628183690716943	1.32573636363636	0.379170382	1.2157	5997500.0	1	0.0	0.0	0.0	0.0	0
1200	6000000.0	0.625057484552249	1.32596363636364	0.414390049	1.20110909090909	6002500.0	1	0.0	0.0	0.0	0.0	0
1201	6005000.0	0.58234836880183	1.35974545454545	0.3891833	1.20643636363636	6007500.0	1	2.0	117.05	1.0	70.48	1
1202	6010000.0	0.728239563418205	1.43840909090909	0.579061216	1.2317	6012500.0	1	1.0	87.64	1.0	88.34	1
1203	6015000.0	0.836732152000992	1.52115454545455	0.684738793	1.27789090909091	6017500.0	1	3.0	269.24	3.0	274.17	1
1204	6020000.0	0.818936381910127	1.59681818181818	0.710548137	1.2926	6022500.0	1	2.0	154.84	2.0	142.48000000000002	1
1205	6025000.0	0.746721727941561	1.58702727272727	0.75654361	1.25073636363636	6027500.0	1	0.0	0.0	0.0	0.0	0
1206	6030000.0	0.784090429764272	1.59087272727273	0.795813294	1.24885454545455	6032500.0	1	1.0	96.26	1.0	84.15	1
1207	6035000.0	0.757674301022304	1.52996363636364	0.744481056	1.23646363636364	6037500.0	1	2.0	172.81	2.0	178.54000000000002	1
1208	6040000.0	0.729691992642177	1.46131818181818	0.716270831	1.18980909090909	6042500.0	1	2.0	163.05	2.0	159.17000000000002	1
1209	6045000.0	0.673935302958275	1.43626363636364	0.680688623	1.18103636363636	6047500.0	1	1.0	57.41	1.0	69.53	1
1210	6050000.0	0.698507386110812	1.36634545454545	0.749710289	1.13469090909091	6052500.0	1	0.0	0.0	0.0	0.0	0
1211	6055000.0	0.706773952866694	1.35872727272727	0.804655919	1.13053636363636	6057500.0	1	1.0	65.99	1.0	50.34	1
1212	6060000.0	0.745683936638219	1.31362727272727	0.751094217	1.12462727272727	6062500.0	1	1.0	85.9	1.0	76.62	1
1213	6065000.0	0.725659840713446	1.22397272727273	0.741774034	1.07488181818182	6067500.0	1	0.0	0.0	0.0	0.0	0
1214	6070000.0	0.6672222210078	1.16175454545455	0.653570889	1.01699090909091	6072500.0	1	0.0	0.0	0.0	0.0	0
1215	6075000.0	0.823444840895254	1.09719090909091	0.747335848	0.9896	6077500.0	1	0.0	0.0	0.0	0.0	0
1216	6080000.0	0.756978982896235	1.07800909090909	0.606069459	1.00201818181818	6082500.0	1	1.0	82.66	1.0	82.6	1
1217	6085000.0	0.759753021557943	1.04078181818182	0.663378381	0.972045454545455	6087500.0	1	3.0	261.69	3.0	246.21999999999997	1
1218	6090000.0	0.768590702531584	1.04814545454545	0.630772525	0.977372727272727	6092500.0	1	2.0	182.17000000000002	2.0	186.5	1
1219	6095000.0	0.771460500793183	1.05075454545455	0.663983623	0.996209090909091	6097500.0	1	2.0	182.93	2.0	187.22	1
1220	6100000.0	0.695365692678017	0.964245454545454	0.59845877	0.949845454545455	6102500.0	1	0.0	0.0	0.0	0.0	0
1221	6105000.0	0.661520080991291	0.921463636363636	0.556038628	0.929745454545455	6107500.0	1	0.0	0.0	0.0	0.0	0
1222	6110000.0	0.687061792836172	0.912563636363636	0.551696183	0.912763636363637	6112500.0	1	0.0	0.0	0.0	0.0	0
1223	6115000.0	0.698710583035162	0.903836363636364	0.659246019	0.886136363636364	6117500.0	1	1.0	72.19	1.0	76.12	1
1224	6120000.0	0.727621405239221	0.905418181818182	0.643265548	0.889754545454545	6122500.0	1	0.0	0.0	0.0	0.0	0
1225	6125000.0	0.615120817939627	0.881245454545455	0.619816015	0.8772	6127500.0	1	0.0	0.0	0.0	0.0	0
1226	6130000.0	0.455524851205271	0.872563636363636	0.440941939	0.8469	6132500.0	1	1.0	86.83	1.0	83.36	1
1227	6135000.0	0.518028001198242	0.891872727272727	0.537604183	0.857554545454545	6137500.0	1	0.0	0.0	0.0	0.0	0
1228	6140000.0	0.550463112861615	0.902063636363636	0.539073472	0.863454545454546	6142500.0	1	0.0	0.0	0.0	0.0	0
1229	6145000.0	0.557308675151335	0.884781818181818	0.631189471	0.832636363636364	6147500.0	1	0.0	0.0	0.0	0.0	0
1230	6150000.0	0.552344404545216	0.879518181818182	0.541174274	0.818209090909091	6152500.0	1	2.0	183.29	2.0	176.09	1
1231	6155000.0	0.60417321135527	0.894681818181818	0.501624348	0.816972727272727	6157500.0	1	1.0	87.3	1.0	95.66	1
1232	6160000.0	0.735571717887758	0.9576	0.611263139	0.8309	6162500.0	1	2.0	183.01999999999998	2.0	165.39	1
1233	6165000.0	0.785658943101372	1.03832727272727	0.700718857	0.893454545454545	6167500.0	1	0.0	0.0	0.0	0.0	0
1234	6170000.0	0.77106477773244	1.07503636363636	0.658588524	0.899518181818182	6172500.0	1	0.0	0.0	0.0	0.0	0
1235	6175000.0	0.749062550992954	1.07875454545455	0.644540661	0.903009090909091	6177500.0	1	1.0	94.29	1.0	89.42	1
1236	6180000.0	0.752070097190291	1.05583636363636	0.672019423	0.910072727272727	6182500.0	1	0.0	0.0	0.0	0.0	0
1237	6185000.0	0.750753310565174	1.05395454545455	0.677633242	0.921036363636364	6187500.0	1	2.0	186.71	2.0	173.55	1
1238	6190000.0	0.764143526558573	1.11358181818182	0.738200356	0.963272727272727	6192500.0	1	0.0	0.0	0.0	0.0	0
1239	6195000.0	0.707287988382197	1.12959090909091	0.729789642	0.988727272727273	6197500.0	1	0.0	0.0	0.0	0.0	0
1240	6200000.0	0.822341936781831	1.17009090909091	0.826154712	1.02719090909091	6202500.0	0	0.0	0.0	0.0	0.0	0
1241	6205000.0	0.78953376661902	1.22007272727273	0.828789191	1.07941818181818	6207500.0	0	2.0	170.33999999999997	1.0	95.07	1
1242	6210000.0	0.759272709563566	1.23748181818182	0.824276349	1.09391818181818	6212500.0	0	2.0	154.86	2.0	165.12	1
1243	6215000.0	0.786220209584934	1.23926363636364	0.83216	1.12209090909091	6217500.0	0	2.0	163.98000000000002	2.0	155.3	1
1244	6220000.0	0.615974172696746	1.07594545454545	0.188536515	0.990118181818182	6222500.0	0	1.0	94.37	1.0	98.81	1
1245	6225000.0	0.520940008453162	1.1095	0.164569693	1.03831818181818	6227500.0	0	0.0	0.0	0.0	0.0	0
1246	6230000.0	0.530467334688168	1.1082	0.087286718	1.04146363636364	6232500.0	0	0.0	0.0	1.0	77.78	0
1247	6235000.0	0.495000274440656	1.1351	0.043446401	1.04256363636364	6237500.0	0	0.0	0.0	0.0	0.0	0
1248	6240000.0	0.497981886340291	1.16817272727273	-0.017575396	1.05438181818182	6242500.0	0	1.0	90.96	1.0	95.14	1
1249	6245000.0	0.368881321882935	1.11818181818182	0.107514059	1.00596363636364	6247500.0	0	0.0	0.0	0.0	0.0	0
1250	6250000.0	0.41488296484323	1.1138	0.114480136	0.993527272727273	6252500.0	0	1.0	97.78	1.0	84.42	1
1251	6255000.0	0.397806237174507	1.09090909090909	0.090861291	0.976172727272727	6257500.0	0	0.0	0.0	0.0	0.0	0
1252	6260000.0	0.270052588474453	1.04177272727273	0.006320698	0.938809090909091	6262500.0	0	0.0	0.0	0.0	0.0	0
1253	6265000.0	0.271585007064844	1.02510909090909	-0.032478964	0.953627272727273	6267500.0	0	1.0	98.25	1.0	95.45	1
1254	6270000.0	0.13577392950244	0.970481818181818	-0.147174095	0.926563636363636	6272500.0	0	0.0	0.0	0.0	0.0	0
1255	6275000.0	0.160074154960127	1.06671818181818	0.373312696	1.01127272727273	6277500.0	0	1.0	76.67	1.0	66.89	1
1256	6280000.0	0.194094376954479	1.01397272727273	0.389866338	0.971709090909091	6282500.0	0	3.0	232.81	4.0	278.63	1
1257	6285000.0	0.161318197259823	1.00737272727273	0.290107491	0.976363636363636	6287500.0	0	0.0	0.0	0.0	0.0	0
1258	6290000.0	0.212360586900059	0.982936363636363	0.423114224	0.966963636363636	6292500.0	0	0.0	0.0	0.0	0.0	0
1259	6295000.0	0.0830952301440124	0.9374	0.397114139	0.9568	6297500.0	0	0.0	0.0	0.0	0.0	0
1260	6300000.0	0.264848156593013	0.950672727272727	0.242438144	0.988345454545454	6302500.0	0	1.0	64.37	0.0	0.0	1
1261	6305000.0	0.253753932149767	0.972990909090909	0.165322975	0.991881818181818	6307500.0	0	0.0	0.0	0.0	0.0	0
1262	6310000.0	0.179930184565688	0.9741	0.31106428	0.976136363636364	6312500.0	0	0.0	0.0	0.0	0.0	0
1263	6315000.0	0.371098863423771	0.986109090909091	0.189182261	0.9669	6317500.0	0	0.0	0.0	1.0	75.63	0
1264	6320000.0	0.517394109686746	1.01213636363636	0.266764941	0.951036363636364	6322500.0	0	3.0	231.77	2.0	174.17000000000002	1
1265	6325000.0	0.62817698842496	1.00548181818182	0.316739498	0.944945454545454	6327500.0	0	0.0	0.0	0.0	0.0	0
1266	6330000.0	0.584520585020036	1.00155454545455	0.098710244	0.952718181818182	6332500.0	0	2.0	176.62	2.0	167.06	1
1267	6335000.0	0.571836840655656	1.00349090909091	0.098678523	0.954136363636364	6337500.0	0	1.0	90.84	1.0	81.48	1
1268	6340000.0	0.679083709330544	1.05470909090909	0.2581804	0.991490909090909	6342500.0	0	0.0	0.0	1.0	54.4	0
1269	6345000.0	0.573872316792398	1.07963636363636	0.054708156	1.01348181818182	6347500.0	0	1.0	78.31	0.0	0.0	1
1270	6350000.0	0.729235207317648	1.0672	0.106375407	1.01452727272727	6352500.0	0	0.0	0.0	1.0	77.71	0
1271	6355000.0	0.757513659088353	1.03696363636364	0.170913962	0.988518181818182	6357500.0	0	0.0	0.0	0.0	0.0	0
1272	6360000.0	0.693608812835001	1.07819090909091	0.315403037	1.02947272727273	6362500.0	0	1.0	77.58	1.0	83.15	1
1273	6365000.0	0.700106932045747	1.08785454545455	0.255031725	1.06826363636364	6367500.0	0	1.0	94.35	2.0	144.14	1
1274	6370000.0	0.774473587653005	1.11377272727273	0.452394792	1.09879090909091	6372500.0	0	2.0	142.63	2.0	125.15	1
1275	6375000.0	0.793794059552364	1.09624545454545	0.672068276	1.10242727272727	6377500.0	0	1.0	74.08	1.0	68.75	1
1276	6380000.0	0.671040254032461	1.10614545454545	0.640026871	1.12097272727273	6382500.0	0	1.0	82.18	1.0	50.31	1
1277	6385000.0	0.723785101943024	1.07938181818182	0.614703384	1.12032727272727	6387500.0	0	1.0	80.74	0.0	0.0	1
1278	6390000.0	0.796931981127053	1.05267272727273	0.461889435	1.12098181818182	6392500.0	0	0.0	0.0	0.0	0.0	0
1279	6395000.0	0.790051459968234	0.995054545454546	0.468951473	1.11175454545455	6397500.0	0	0.0	0.0	0.0	0.0	0
1280	6400000.0	0.826619688044705	0.944645454545455	0.440770981	1.09111818181818	6402500.0	0	0.0	0.0	0.0	0.0	0
1281	6405000.0	0.803836276123678	0.939872727272727	0.378537363	1.0913	6407500.0	0	1.0	92.1	1.0	85.63	1
1282	6410000.0	0.801501107189815	0.927454545454546	-0.283117066	1.08243636363636	6412500.0	0	0.0	0.0	1.0	68.18	0
1283	6415000.0	0.863081865971705	0.864090909090909	0.051960168	1.02632727272727	6417500.0	0	1.0	92.41	1.0	90.65	1
1284	6420000.0	0.837839651009515	0.828218181818182	0.366086611	0.987963636363636	6422500.0	0	5.0	406.44	4.0	332.97	1
1285	6425000.0	0.810484561866951	0.769618181818182	0.425893861	0.953327272727273	6427500.0	0	0.0	0.0	0.0	0.0	0
1286	6430000.0	0.740130586069805	0.756090909090909	0.368055736	0.941827272727273	6432500.0	0	1.0	87.97	1.0	84.09	1
1287	6435000.0	0.579436820078948	0.724863636363636	0.458536875	0.905581818181818	6437500.0	0	1.0	83.53	1.0	92.86	1
1288	6440000.0	0.585416714018018	0.7057	0.487465449	0.876509090909091	6442500.0	0	0.0	0.0	0.0	0.0	0
1289	6445000.0	0.587377461604034	0.705727272727273	0.462584997	0.862063636363636	6447500.0	0	1.0	91.77	1.0	90.34	1
1290	6450000.0	0.604514449451522	0.701045454545454	0.276232717	0.833490909090909	6452500.0	0	3.0	264.08	3.0	274.69	1
1291	6455000.0	0.537561445482127	0.720609090909091	0.173241611	0.841472727272727	6457500.0	0	1.0	98.04	1.0	92.16	1
1292	6460000.0	0.494856708835283	0.721445454545455	-0.24720762	0.840136363636364	6462500.0	0	4.0	296.77	4.0	297.20000000000005	1
1293	6465000.0	0.503935841844188	0.723136363636364	-0.022094226	0.841581818181818	6467500.0	0	1.0	92.1	1.0	86.53	1
1294	6470000.0	0.445396797069688	0.703981818181818	0.069663038	0.848254545454545	6472500.0	0	0.0	0.0	0.0	0.0	0
1295	6475000.0	0.44319319015926	0.700509090909091	0.084130555	0.842672727272727	6477500.0	0	1.0	72.14	1.0	83.26	1
1296	6480000.0	0.398114571387006	0.706145454545455	0.093284286	0.846145454545455	6482500.0	0	3.0	287.40999999999997	3.0	276.17	1
1297	6485000.0	-0.0643470216216016	0.695509090909091	-0.147524798	0.834645454545455	6487500.0	0	1.0	88.52	1.0	97.62	1
1298	6490000.0	0.37299428145064	0.721336363636364	0.019298104	0.851018181818182	6492500.0	0	2.0	147.82999999999998	2.0	126.73	1
1299	6495000.0	0.268993096369991	0.736545454545455	-0.012540764	0.863881818181818	6497500.0	0	1.0	93.49	1.0	93.29	1
1300	6500000.0	0.269030456501372	0.739481818181818	-0.013021187	0.880372727272727	6502500.0	0	0.0	0.0	0.0	0.0	0
1301	6505000.0	0.196044804390957	0.753654545454545	-0.115788241	0.887445454545455	6507500.0	0	0.0	0.0	0.0	0.0	0
1302	6510000.0	0.155678254017848	0.752863636363637	-0.113857657	0.872572727272727	6512500.0	0	1.0	75.1	0.0	0.0	1
1303	6515000.0	0.56501364797793	0.745690909090909	0.301753834	0.874809090909091	6517500.0	0	0.0	0.0	0.0	0.0	0
1304	6520000.0	0.425444414364839	0.752272727272727	0.278650176	0.892118181818182	6522500.0	0	0.0	0.0	0.0	0.0	0
1305	6525000.0	0.779693434304661	0.795490909090909	0.64146065	0.914981818181818	6527500.0	0	2.0	178.6	2.0	153.94	1
1306	6530000.0	0.747015465736214	0.788427272727273	0.273862409	0.906836363636364	6532500.0	0	0.0	0.0	0.0	0.0	0
1307	6535000.0	0.403774595333471	0.771736363636364	-0.056838617	0.888636363636364	6537500.0	0	2.0	164.54	2.0	170.86	1
1308	6540000.0	0.262000373693132	0.7601	-0.171981783	0.8944	6542500.0	0	0.0	0.0	0.0	0.0	0
1309	6545000.0	0.217745068161768	0.744881818181818	-0.184276668	0.876927272727273	6547500.0	0	0.0	0.0	0.0	0.0	0
1310	6550000.0	0.220649803059514	0.765845454545455	-0.143841694	0.866027272727273	6552500.0	0	0.0	0.0	0.0	0.0	0
1311	6555000.0	0.233112193073158	0.763872727272727	-0.136748985	0.859854545454546	6557500.0	0	1.0	73.81	1.0	65.88	1
1312	6560000.0	0.246047333954607	0.748981818181818	-0.020897626	0.836745454545455	6562500.0	0	2.0	175.17000000000002	0.0	0.0	1
1313	6565000.0	0.319394394996625	0.753554545454545	-0.048683435	0.853336363636364	6567500.0	0	1.0	91.0	1.0	85.3	1
1314	6570000.0	0.289289890608212	0.771790909090909	-0.076046395	0.850563636363636	6572500.0	0	1.0	78.24	1.0	81.11	1
1315	6575000.0	0.244805562773332	0.771436363636364	-0.082509274	0.838618181818182	6577500.0	0	1.0	84.72	1.0	92.0	1
1316	6580000.0	-0.104741571707457	0.736163636363636	-0.455282588	0.817554545454545	6582500.0	0	1.0	85.17	1.0	77.98	1
1317	6585000.0	-0.228567461718766	0.761036363636364	-0.465742336	0.847145454545455	6587500.0	0	0.0	0.0	0.0	0.0	0
1318	6590000.0	0.018530044449054	0.777563636363636	-0.292077572	0.864636363636364	6592500.0	0	0.0	0.0	0.0	0.0	0
1319	6595000.0	0.278901310190458	0.779163636363636	-0.224428441	0.861127272727273	6597500.0	0	1.0	83.97	1.0	92.02	1
1320	6600000.0	0.442102496605437	0.795445454545454	0.059103064	0.886727272727273	6602500.0	0	1.0	72.64	1.0	90.61	1
1321	6605000.0	0.423115836609285	0.780981818181818	0.046879124	0.893390909090909	6607500.0	0	0.0	0.0	0.0	0.0	0
1322	6610000.0	0.362383432853599	0.7737	0.135290375	0.8782	6612500.0	0	1.0	79.05	1.0	80.33	1
1323	6615000.0	0.44750206837234	0.780036363636364	0.204404609	0.887981818181818	6617500.0	0	1.0	91.07	1.0	91.13	1
1324	6620000.0	0.451892102315207	0.769890909090909	0.090840108	0.879527272727273	6622500.0	0	0.0	0.0	1.0	68.79	0
1325	6625000.0	0.4790446335168	0.749790909090909	0.07050127	0.876009090909091	6627500.0	0	2.0	166.14	1.0	96.08	1
1326	6630000.0	0.602970336088626	0.7503	0.033384491	0.883581818181818	6632500.0	0	3.0	267.2	3.0	252.67	1
1327	6635000.0	0.6580820278602	0.735690909090909	0.052067942	0.880372727272727	6637500.0	0	1.0	96.02	1.0	97.92	1
1328	6640000.0	0.629921030374406	0.715109090909091	0.075105608	0.862145454545454	6642500.0	0	1.0	90.73	1.0	92.06	1
1329	6645000.0	0.526377071577219	0.718354545454545	0.223263148	0.875036363636364	6647500.0	0	0.0	0.0	1.0	77.12	0
1330	6650000.0	0.629186492339317	0.737318181818182	0.218535442	0.892645454545454	6652500.0	0	0.0	0.0	0.0	0.0	0
1331	6655000.0	0.525670629296356	0.731345454545455	0.045222044	0.896081818181818	6657500.0	0	0.0	0.0	1.0	64.72	0
1332	6660000.0	0.36950466310611	0.716890909090909	0.228822338	0.9063	6662500.0	0	1.0	96.45	1.0	96.67	1
1333	6665000.0	0.572810604789674	0.708818181818182	0.545807599	0.892954545454546	6667500.0	0	1.0	82.77	2.0	172.66	1
1334	6670000.0	0.559920484730068	0.706218181818182	0.623801882	0.893754545454545	6672500.0	0	1.0	82.83	2.0	144.99	1
1335	6675000.0	0.56329853494815	0.704863636363636	0.597313171	0.886481818181818	6677500.0	0	0.0	0.0	0.0	0.0	0
1336	6680000.0	0.640031636771539	0.704618181818182	0.657313825	0.881663636363637	6682500.0	0	1.0	95.69	1.0	92.1	1
1337	6685000.0	0.648964360130394	0.701254545454545	0.547216736	0.889190909090909	6687500.0	0	0.0	0.0	0.0	0.0	0
1338	6690000.0	0.582635786281506	0.713118181818182	0.552169745	0.885209090909091	6692500.0	0	0.0	0.0	1.0	55.32	0
1339	6695000.0	0.594388862791095	0.723390909090909	0.575894927	0.892390909090909	6697500.0	0	1.0	85.42	1.0	78.99	1
1340	6700000.0	0.639070880311629	0.721972727272727	0.569795514	0.877381818181818	6702500.0	0	0.0	0.0	2.0	146.22	0
1341	6705000.0	0.523459323876718	0.704272727272727	0.499602035	0.864490909090909	6707500.0	0	1.0	58.78	1.0	64.76	1
1342	6710000.0	0.566975298926772	0.703081818181818	0.487067798	0.861481818181818	6712500.0	0	1.0	60.2	1.0	53.89	1
1343	6715000.0	0.753729514804693	0.699272727272727	0.482198076	0.837863636363636	6717500.0	0	0.0	0.0	0.0	0.0	0
1344	6720000.0	0.669107258224636	0.710718181818182	0.385801624	0.853254545454545	6722500.0	0	1.0	86.79	1.0	86.23	1
1345	6725000.0	0.644926111957977	0.692936363636364	0.522478574	0.8377	6727500.0	0	0.0	0.0	1.0	90.9	0
1346	6730000.0	0.626956898106544	0.691263636363636	0.564375849	0.8449	6732500.0	0	2.0	192.32	2.0	184.9	1
1347	6735000.0	0.555051791240948	0.682618181818182	0.610383958	0.830609090909091	6737500.0	0	0.0	0.0	0.0	0.0	0
1348	6740000.0	0.486941683147868	0.676145454545454	0.745329091	0.803054545454545	6742500.0	0	3.0	276.12	3.0	273.28	1
1349	6745000.0	0.570642215925238	0.6559	0.771301901	0.781236363636364	6747500.0	0	2.0	169.39	1.0	86.66	1
1350	6750000.0	0.451889466169328	0.651336363636364	0.762371507	0.777472727272727	6752500.0	0	2.0	167.53	1.0	96.08	1
1351	6755000.0	0.236361923610264	0.6369	0.806720174	0.789390909090909	6757500.0	0	0.0	0.0	0.0	0.0	0
1352	6760000.0	0.213621696915587	0.633009090909091	0.764500705	0.792990909090909	6762500.0	0	1.0	64.17	1.0	75.61	1
1353	6765000.0	0.0959902774743034	0.605418181818182	0.778181424	0.758036363636364	6767500.0	0	0.0	0.0	0.0	0.0	0
1354	6770000.0	0.0798528393784778	0.603618181818182	0.770878744	0.760845454545455	6772500.0	0	1.0	81.67	2.0	172.61	1
1355	6775000.0	0.0190116092792106	0.598581818181818	0.728454772	0.768427272727273	6777500.0	0	0.0	0.0	1.0	100.0	0
1356	6780000.0	-0.0094256922448684	0.604772727272727	0.684802779	0.777172727272727	6782500.0	0	0.0	0.0	1.0	71.11	0
1357	6785000.0	-0.1809324106834	0.5948	0.655488787	0.759227272727273	6787500.0	0	4.0	328.32	4.0	322.57	1
1358	6790000.0	0.0157417279774093	0.596436363636364	0.676768062	0.758254545454545	6792500.0	0	0.0	0.0	0.0	0.0	0
1359	6795000.0	0.214372455188066	0.589945454545455	0.70811358	0.754936363636363	6797500.0	0	0.0	0.0	0.0	0.0	0
1360	6800000.0	0.33245555464729	0.582263636363637	0.645411732	0.7567	6802500.0	0	0.0	0.0	0.0	0.0	0
1361	6805000.0	0.513352122131859	0.572172727272727	0.721693484	0.741254545454545	6807500.0	0	0.0	0.0	1.0	87.78	0
1362	6810000.0	0.637377207453918	0.565718181818182	0.547402985	0.712418181818182	6812500.0	0	0.0	0.0	0.0	0.0	0
1363	6815000.0	0.665473763258635	0.563272727272727	0.170584597	0.699054545454545	6817500.0	0	2.0	184.13	2.0	177.72	1
1364	6820000.0	0.570905755039278	0.570909090909091	0.08038924	0.707672727272727	6822500.0	0	0.0	0.0	0.0	0.0	0
1365	6825000.0	0.558910801334515	0.576454545454545	-0.068250737	0.717381818181818	6827500.0	0	0.0	0.0	0.0	0.0	0
1366	6830000.0	0.663434824250093	0.578772727272727	0.233746143	0.704763636363636	6832500.0	0	2.0	172.86	2.0	190.38	1
1367	6835000.0	0.702050313453198	0.583581818181818	0.083080523	0.695209090909091	6837500.0	0	0.0	0.0	1.0	75.29	0
1368	6840000.0	0.60412436130336	0.577563636363636	0.53263114	0.712036363636364	6842500.0	0	2.0	163.57	2.0	158.0	1
1369	6845000.0	0.79411763136935	0.535936363636364	-0.170504724	0.668327272727273	6847500.0	0	0.0	0.0	0.0	0.0	0
1370	6850000.0	0.822315043324881	0.522790909090909	-0.039166182	0.677154545454545	6852500.0	0	0.0	0.0	1.0	77.46	0
1371	6855000.0	0.811409402763846	0.522736363636364	-0.114341376	0.682509090909091	6857500.0	0	0.0	0.0	1.0	79.82	0
1372	6860000.0	0.83022170734801	0.491981818181818	-0.211792334	0.659063636363636	6862500.0	0	0.0	0.0	0.0	0.0	0
1373	6865000.0	0.840013776844314	0.482781818181818	-0.28863721	0.6481	6867500.0	0	0.0	0.0	0.0	0.0	0
1374	6870000.0	0.784731465829607	0.470918181818182	-0.226278541	0.651427272727273	6872500.0	0	2.0	176.5	3.0	265.83	1
1375	6875000.0	0.692385261169911	0.464863636363636	-0.102815989	0.6809	6877500.0	0	0.0	0.0	1.0	77.08	0
1376	6880000.0	0.638787217801475	0.4489	0.371384389	0.696363636363636	6882500.0	0	0.0	0.0	0.0	0.0	0
1377	6885000.0	0.524483061854867	0.438981818181818	0.576117784	0.723345454545454	6887500.0	0	1.0	93.79	1.0	89.11	1
1378	6890000.0	0.386107867079908	0.424981818181818	0.711767796	0.768481818181818	6892500.0	0	0.0	0.0	0.0	0.0	0
1379	6895000.0	0.358632731348444	0.424218181818182	0.686838371	0.780154545454545	6897500.0	0	1.0	93.8	1.0	89.42	1
1380	6900000.0	0.433086031225938	0.4588	0.524956157	0.835027272727273	6902500.0	0	1.0	73.26	1.0	75.63	1
1381	6905000.0	0.446539790563897	0.465	0.555021599	0.825790909090909	6907500.0	0	0.0	0.0	0.0	0.0	0
1382	6910000.0	0.444706672132186	0.4632	0.585854692	0.827527272727273	6912500.0	0	2.0	184.55	2.0	178.55	1
1383	6915000.0	0.50148979001674	0.488345454545454	0.683338116	0.858445454545454	6917500.0	0	1.0	92.46	2.0	182.41000000000003	1
1384	6920000.0	0.0186892944800404	0.494563636363636	0.782369621	0.859309090909091	6922500.0	0	0.0	0.0	0.0	0.0	0
1385	6925000.0	0.29480244485038	0.511927272727273	0.802806287	0.867427272727273	6927500.0	0	1.0	96.3	1.0	88.61	1
1386	6930000.0	0.300962143284336	0.518772727272727	0.808034625	0.851209090909091	6932500.0	0	1.0	90.87	2.0	163.3	1
1387	6935000.0	0.273000737032241	0.520509090909091	0.805325947	0.815845454545455	6937500.0	0	0.0	0.0	0.0	0.0	0
1388	6940000.0	0.244652609447811	0.522481818181818	0.756703121	0.789290909090909	6942500.0	0	1.0	90.64	1.0	86.33	1
1389	6945000.0	0.24687727220794	0.528272727272727	0.503901247	0.745554545454545	6947500.0	0	0.0	0.0	0.0	0.0	0
1390	6950000.0	0.276410494941553	0.540045454545455	0.230904554	0.725818181818182	6952500.0	0	0.0	0.0	0.0	0.0	0
1391	6955000.0	0.148796635453296	0.541218181818182	0.120232344	0.715918181818182	6957500.0	0	1.0	92.27	1.0	89.26	1
1392	6960000.0	0.135229514888545	0.5552	0.14799471	0.725790909090909	6962500.0	0	0.0	0.0	0.0	0.0	0
1393	6965000.0	0.140095322877406	0.576509090909091	0.215280073	0.740318181818182	6967500.0	0	1.0	81.03	1.0	85.58	1
1394	6970000.0	0.108813788003541	0.5777	0.231487388	0.736618181818182	6972500.0	0	0.0	0.0	0.0	0.0	0
1395	6975000.0	0.557453461379484	0.5869	0.542049124	0.757727272727273	6977500.0	0	0.0	0.0	0.0	0.0	0
1396	6980000.0	0.519393582232265	0.575209090909091	0.449367869	0.748872727272727	6982500.0	0	0.0	0.0	0.0	0.0	0
1397	6985000.0	0.406668400521144	0.566654545454545	0.235071653	0.731554545454545	6987500.0	0	0.0	0.0	0.0	0.0	0
1398	6990000.0	0.306140536896553	0.573345454545455	0.181113517	0.7473	6992500.0	0	1.0	81.76	2.0	179.87	1
1399	6995000.0	0.195494993405842	0.567963636363636	0.14067917	0.7484	6997500.0	0	0.0	0.0	0.0	0.0	0
1400	7000000.0	0.289534565605552	0.565272727272727	0.210165156	0.755845454545455	7002500.0	0	1.0	69.59	1.0	84.63	1
1401	7005000.0	0.14449154932987	0.547427272727273	0.150493027	0.749318181818182	7007500.0	0	0.0	0.0	0.0	0.0	0
1402	7010000.0	0.245312217162858	0.549154545454545	0.107727792	0.752509090909091	7012500.0	0	2.0	183.79	2.0	183.7	1
1403	7015000.0	0.124462564519384	0.512054545454546	-0.070508397	0.719745454545455	7017500.0	0	0.0	0.0	0.0	0.0	0
1404	7020000.0	0.0247977719529742	0.510990909090909	-0.028950089	0.728136363636364	7022500.0	0	1.0	90.2	1.0	89.29	1
1405	7025000.0	-0.0223099395366217	0.503072727272727	-0.024378863	0.728945454545455	7027500.0	0	0.0	0.0	1.0	82.72	0
1406	7030000.0	0.0753575543096585	0.500336363636364	0.112505011	0.726709090909091	7032500.0	0	0.0	0.0	0.0	0.0	0
1407	7035000.0	0.114907805112234	0.497754545454545	0.204522977	0.719509090909091	7037500.0	0	3.0	218.14	3.0	230.76	1
1408	7040000.0	0.0876020282951548	0.505472727272727	0.190262188	0.725054545454545	7042500.0	0	1.0	94.44	1.0	85.86	1
1409	7045000.0	-0.263360246923914	0.513290909090909	-0.179737723	0.731418181818182	7047500.0	0	1.0	86.34	2.0	153.31	1
1410	7050000.0	-0.223337308791616	0.515545454545455	-0.252850258	0.741645454545454	7052500.0	0	0.0	0.0	0.0	0.0	0
1411	7055000.0	-0.222657722458319	0.517854545454545	-0.264057559	0.744481818181818	7057500.0	0	0.0	0.0	0.0	0.0	0
1412	7060000.0	-0.122648991271632	0.523945454545454	-0.163030044	0.733390909090909	7062500.0	0	3.0	237.01	3.0	245.89	1
1413	7065000.0	-0.221562215227933	0.521609090909091	-0.204703109	0.7405	7067500.0	0	1.0	100.0	1.0	90.58	1
1414	7070000.0	-0.0156059864065214	0.546472727272727	-0.015731316	0.771527272727273	7072500.0	0	0.0	0.0	0.0	0.0	0
1415	7075000.0	-0.278606900326578	0.538663636363636	-0.263433932	0.760736363636364	7077500.0	0	0.0	0.0	0.0	0.0	0
1416	7080000.0	0.348509221744602	0.568227272727273	0.093928717	0.782772727272727	7082500.0	0	0.0	0.0	0.0	0.0	0
1417	7085000.0	0.734405493177261	0.639818181818182	0.676057261	0.838645454545455	7087500.0	0	1.0	94.44	2.0	174.54000000000002	1
1418	7090000.0	0.790410679880914	0.672845454545454	0.691300078	0.871309090909091	7092500.0	0	0.0	0.0	0.0	0.0	0
1419	7095000.0	0.80208948242398	0.675281818181818	0.73793994	0.879518181818182	7097500.0	0	0.0	0.0	2.0	171.67000000000002	0
1420	7100000.0	0.839768724209533	0.684309090909091	0.863553371	0.882881818181818	7102500.0	0	1.0	95.83	1.0	93.88	1
1421	7105000.0	0.679518327335205	0.695072727272727	0.76253463	0.884627272727273	7107500.0	0	1.0	97.92	2.0	178.52	1
1422	7110000.0	0.666126260968908	0.697918181818182	0.740637466	0.894454545454545	7112500.0	0	0.0	0.0	1.0	62.74	0
1423	7115000.0	0.635548951943839	0.710636363636364	0.700933832	0.918172727272727	7117500.0	0	2.0	194.25	3.0	278.01	1
1424	7120000.0	0.572884616344852	0.711881818181818	0.601473373	0.910963636363636	7122500.0	0	1.0	80.9	1.0	93.8	1
1425	7125000.0	0.58200119084756	0.721072727272727	0.598641608	0.927027272727273	7127500.0	0	0.0	0.0	0.0	0.0	0
1426	7130000.0	0.552696022317554	0.721218181818182	0.595173805	0.928036363636364	7132500.0	0	0.0	0.0	0.0	0.0	0
1427	7135000.0	0.588873993217361	0.692981818181818	0.611062306	0.905863636363636	7137500.0	0	0.0	0.0	0.0	0.0	0
1428	7140000.0	0.195135210919096	0.6299	0.279163548	0.855045454545455	7142500.0	0	1.0	77.13	1.0	62.59	1
1429	7145000.0	0.0546678708386221	0.598718181818182	-0.125902429	0.821463636363637	7147500.0	0	1.0	75.35	1.0	78.4	1
1430	7150000.0	0.060014323312716	0.597654545454545	-0.182746161	0.817827272727273	7152500.0	0	0.0	0.0	0.0	0.0	0
1431	7155000.0	0.334526177267565	0.579172727272727	-0.136275678	0.803081818181818	7157500.0	0	0.0	0.0	1.0	73.13	0
1432	7160000.0	0.103828390732829	0.576427272727273	-0.21863368	0.788390909090909	7162500.0	0	0.0	0.0	0.0	0.0	0
1433	7165000.0	-0.118601531163212	0.588572727272727	-0.33719449	0.801345454545454	7167500.0	0	0.0	0.0	0.0	0.0	0
1434	7170000.0	-0.0512457918291109	0.583627272727273	-0.33004186	0.793463636363636	7172500.0	0	3.0	297.44	3.0	279.15999999999997	1
1435	7175000.0	0.434566920703339	0.568390909090909	0.00761372	0.789109090909091	7177500.0	0	1.0	90.84	2.0	158.94	1
1436	7180000.0	0.379099364821749	0.574472727272727	-0.09369033	0.796972727272727	7182500.0	0	0.0	0.0	0.0	0.0	0
1437	7185000.0	0.375268848811953	0.572345454545455	-0.048319392	0.790372727272727	7187500.0	0	0.0	0.0	0.0	0.0	0
1438	7190000.0	0.474698044536656	0.574036363636364	0.083820747	0.788409090909091	7192500.0	0	0.0	0.0	1.0	73.92	0
1439	7195000.0	0.210308049496433	0.558109090909091	-0.035348008	0.772145454545455	7197500.0	0	2.0	180.63	2.0	169.26	1
1440	7200000.0	0.274011981868531	0.561363636363636	0.009208659	0.790327272727273	7202500.0	0	2.0	178.51	2.0	162.79000000000002	1
1441	7205000.0	0.267591184391509	0.559063636363636	0.052217297	0.7875	7207500.0	0	0.0	0.0	1.0	77.7	0
1442	7210000.0	0.304464666410469	0.558	0.109765654	0.786972727272727	7212500.0	0	2.0	190.35	2.0	189.15	1
1443	7215000.0	0.348755605221632	0.561	0.121790159	0.794363636363636	7217500.0	0	0.0	0.0	1.0	96.39	0
1444	7220000.0	0.382566121936498	0.540390909090909	0.067509095	0.764372727272727	7222500.0	0	0.0	0.0	2.0	158.17	0
1445	7225000.0	0.413429778672185	0.528636363636364	0.125279984	0.751118181818182	7227500.0	0	0.0	0.0	0.0	0.0	0
1446	7230000.0	0.335347374552056	0.536572727272727	0.154753305	0.742945454545454	7232500.0	0	1.0	96.3	1.0	97.22	1
1447	7235000.0	0.240138101788282	0.514909090909091	-0.106291433	0.706781818181818	7237500.0	0	2.0	164.67000000000002	2.0	171.57	1
1448	7240000.0	0.225424449699036	0.501381818181818	-0.10797263	0.695936363636364	7242500.0	0	1.0	95.83	1.0	94.63	1
1449	7245000.0	0.103881622254844	0.506536363636364	-0.345148491	0.712672727272727	7247500.0	0	1.0	96.25	1.0	90.54	1
1450	7250000.0	0.704906325175442	0.532109090909091	0.082141107	0.7314	7252500.0	0	0.0	0.0	0.0	0.0	0
1451	7255000.0	0.604812225027374	0.531390909090909	0.136127595	0.719927272727273	7257500.0	0	1.0	66.71	1.0	69.74	1
1452	7260000.0	0.58917795622912	0.534527272727273	0.166707482	0.728181818181818	7262500.0	0	0.0	0.0	0.0	0.0	0
1453	7265000.0	0.611008284734118	0.539218181818182	0.216720224	0.720236363636364	7267500.0	0	1.0	83.65	1.0	87.93	1
1454	7270000.0	0.563663119942655	0.526209090909091	0.165177207	0.7032	7272500.0	0	3.0	264.01	3.0	261.06	1
1455	7275000.0	0.614799471982973	0.539172727272727	0.282541404	0.721036363636364	7277500.0	0	0.0	0.0	0.0	0.0	0
1456	7280000.0	0.53542592304412	0.559809090909091	0.215627411	0.7398	7282500.0	0	0.0	0.0	0.0	0.0	0
1457	7285000.0	0.552710286919584	0.571590909090909	0.163661872	0.757245454545455	7287500.0	0	2.0	142.37	2.0	147.91	1
1458	7290000.0	0.538070881408961	0.589436363636364	0.152451434	0.776972727272727	7292500.0	0	0.0	0.0	0.0	0.0	0
1459	7295000.0	0.584566237257375	0.615136363636364	0.164679946	0.799663636363636	7297500.0	0	0.0	0.0	1.0	72.22	0
1460	7300000.0	0.512780057639162	0.619118181818182	0.397084837	0.772863636363636	7302500.0	0	0.0	0.0	0.0	0.0	0
1461	7305000.0	0.493795981962156	0.610854545454545	0.340413562	0.761454545454545	7307500.0	0	1.0	95.24	1.0	94.38	1
1462	7310000.0	0.55422949856844	0.610736363636364	0.374753551	0.762436363636364	7312500.0	0	0.0	0.0	0.0	0.0	0
1463	7315000.0	0.497506779400457	0.623463636363636	0.438844188	0.763990909090909	7317500.0	0	0.0	0.0	1.0	81.47	0
1464	7320000.0	0.46190430906419	0.627418181818182	0.356927244	0.776227272727273	7322500.0	0	1.0	67.04	0.0	0.0	1
1465	7325000.0	0.0559816576906519	0.660627272727273	0.071912826	0.796627272727273	7327500.0	0	0.0	0.0	0.0	0.0	0
1466	7330000.0	-0.0579844687352452	0.689409090909091	-0.052993507	0.798481818181818	7332500.0	0	1.0	96.63	1.0	96.3	1
1467	7335000.0	0.0798480542160073	0.683590909090909	0.009232114	0.794318181818182	7337500.0	0	0.0	0.0	1.0	65.61	0
1468	7340000.0	0.0568846845337457	0.682	0.021974169	0.794245454545455	7342500.0	0	0.0	0.0	2.0	161.44	0
1469	7345000.0	-0.138783158412487	0.662445454545455	-0.126852821	0.769645454545455	7347500.0	0	1.0	66.67	1.0	82.33	1
1470	7350000.0	-0.365195851070331	0.643809090909091	-0.593533246	0.758272727272727	7352500.0	0	0.0	0.0	1.0	84.07	0
1471	7355000.0	-0.072163789142274	0.635809090909091	-0.381843509	0.772181818181818	7357500.0	0	2.0	170.37	3.0	241.75	1
1472	7360000.0	-0.0762338793986732	0.638845454545455	-0.374088849	0.782718181818182	7362500.0	0	0.0	0.0	0.0	0.0	0
1473	7365000.0	-0.0778697631403518	0.652727272727273	-0.326668225	0.777272727272727	7367500.0	0	1.0	90.47	1.0	95.47	1
1474	7370000.0	0.0418799874901111	0.634918181818182	-0.254657966	0.773309090909091	7372500.0	0	0.0	0.0	0.0	0.0	0
1475	7375000.0	0.0601163757593217	0.628372727272728	-0.308780571	0.776436363636364	7377500.0	0	0.0	0.0	1.0	81.43	0
1476	7380000.0	-0.043034947383339	0.603172727272727	-0.273518215	0.768290909090909	7382500.0	0	0.0	0.0	1.0	89.66	0
1477	7385000.0	-0.159252849323466	0.5637	0.082187441	0.744627272727273	7387500.0	0	0.0	0.0	1.0	72.66	0
1478	7390000.0	-0.120974854369626	0.559809090909091	0.116436496	0.745736363636364	7392500.0	0	1.0	67.87	2.0	154.32	1
1479	7395000.0	-0.159978545392322	0.560063636363636	0.10087654	0.746481818181818	7397500.0	0	2.0	186.3	2.0	175.56	1
1480	7400000.0	0.165425324801619	0.566309090909091	0.489699678	0.760763636363636	7402500.0	0	0.0	0.0	1.0	90.42	0
1481	7405000.0	0.679136591244248	0.566636363636364	0.563441059	0.758645454545454	7407500.0	0	1.0	64.46	1.0	84.51	1
1482	7410000.0	0.61566817750778	0.559036363636364	0.608075135	0.749281818181818	7412500.0	0	1.0	90.3	1.0	94.32	1
1483	7415000.0	0.599193439157447	0.554536363636364	0.685551648	0.741963636363636	7417500.0	0	0.0	0.0	0.0	0.0	0
1484	7420000.0	0.521349494133353	0.541563636363636	0.672161537	0.745736363636364	7422500.0	0	1.0	88.38	1.0	96.08	1
1485	7425000.0	0.692369146044654	0.5654	0.685356951	0.748518181818182	7427500.0	0	1.0	80.48	1.0	78.95	1
1486	7430000.0	0.701359246524965	0.570754545454545	0.797168268	0.749181818181818	7432500.0	0	2.0	178.03	2.0	189.34	1
1487	7435000.0	0.551347002373362	0.555545454545454	0.605722062	0.734190909090909	7437500.0	0	1.0	91.85	1.0	91.37	1
1488	7440000.0	0.545400525083943	0.561772727272727	0.545147208	0.750290909090909	7442500.0	0	1.0	100.0	2.0	164.48000000000002	1
1489	7445000.0	0.624901307228239	0.5722	0.541009477	0.756645454545455	7447500.0	0	0.0	0.0	0.0	0.0	0
1490	7450000.0	0.639602076701374	0.573527272727273	0.529922711	0.748827272727273	7452500.0	0	1.0	86.67	1.0	83.15	1
1491	7455000.0	0.69223425738304	0.609118181818182	0.485958056	0.772245454545455	7457500.0	0	0.0	0.0	0.0	0.0	0
1492	7460000.0	0.752715940695649	0.643627272727273	0.543880008	0.787236363636364	7462500.0	0	1.0	76.67	1.0	78.92	1
1493	7465000.0	0.703059210035684	0.686081818181818	0.446898047	0.807354545454546	7467500.0	0	0.0	0.0	2.0	159.88	0
1494	7470000.0	0.721236645134251	0.682736363636364	0.353745224	0.805636363636364	7472500.0	0	0.0	0.0	0.0	0.0	0
1495	7475000.0	0.756393012741201	0.686027272727273	0.406548237	0.811072727272727	7477500.0	0	0.0	0.0	0.0	0.0	0
1496	7480000.0	0.815600367993131	0.6661	0.389404616	0.808190909090909	7482500.0	0	1.0	86.3	1.0	91.64	1
1497	7485000.0	0.854329200293916	0.661009090909091	0.321757312	0.805190909090909	7487500.0	0	1.0	95.56	2.0	169.69	1
1498	7490000.0	0.662627370420301	0.6739	0.408182757	0.8158	7492500.0	0	0.0	0.0	3.0	259.66	0
1499	7495000.0	0.80562501298233	0.650363636363636	0.746072524	0.784736363636364	7497500.0	0	1.0	97.78	1.0	94.97	1
1500	7500000.0	0.805978772984709	0.636463636363636	0.655943431	0.777290909090909	7502500.0	0	0.0	0.0	0.0	0.0	0
1501	7505000.0	0.830518187714698	0.619854545454546	0.524256936	0.766009090909091	7507500.0	0	0.0	0.0	0.0	0.0	0
1502	7510000.0	0.823204226387658	0.590009090909091	0.552933661	0.738172727272727	7512500.0	0	0.0	0.0	1.0	74.08	0
1503	7515000.0	0.751094320757078	0.557363636363636	0.470237209	0.728190909090909	7517500.0	0	0.0	0.0	0.0	0.0	0
1504	7520000.0	0.680830044742847	0.518881818181818	0.400039441	0.719063636363636	7522500.0	0	1.0	79.31	1.0	65.58	1
1505	7525000.0	0.695620403620126	0.501172727272727	0.406843167	0.716836363636364	7527500.0	0	0.0	0.0	0.0	0.0	0
1506	7530000.0	0.700343370505988	0.484936363636364	0.330925019	0.705454545454545	7532500.0	0	0.0	0.0	2.0	135.75	0
1507	7535000.0	0.502415864218459	0.468736363636364	0.210776556	0.695581818181818	7537500.0	0	1.0	97.62	1.0	91.29	1
1508	7540000.0	0.40884043724855	0.458281818181818	0.07488994	0.690727272727273	7542500.0	0	0.0	0.0	2.0	132.48000000000002	0
1509	7545000.0	0.537610080392036	0.445045454545454	0.086140309	0.6938	7547500.0	0	0.0	0.0	0.0	0.0	0
1510	7550000.0	0.316384403012795	0.445754545454545	-0.465447927	0.699036363636364	7552500.0	0	0.0	0.0	0.0	0.0	0
1511	7555000.0	0.267698047492506	0.425218181818182	-0.130024572	0.678572727272727	7557500.0	0	1.0	82.5	2.0	175.07	1
1512	7560000.0	0.41571907591549	0.411309090909091	0.327673383	0.670490909090909	7562500.0	0	0.0	0.0	0.0	0.0	0
1513	7565000.0	0.0532739073666299	0.398990909090909	0.216104831	0.670936363636364	7567500.0	0	2.0	159.92000000000002	3.0	225.44	1
1514	7570000.0	-0.039588496091852	0.385854545454546	0.221524594	0.659318181818182	7572500.0	0	1.0	94.34	2.0	145.36	1
1515	7575000.0	-0.438971591179292	0.384627272727273	-0.086474532	0.656109090909091	7577500.0	0	1.0	67.5	1.0	56.7	1
1516	7580000.0	-0.247003799430329	0.391	-0.148365414	0.646736363636364	7582500.0	0	0.0	0.0	0.0	0.0	0
1517	7585000.0	-0.257438548284458	0.391936363636364	-0.198418663	0.646763636363636	7587500.0	0	4.0	344.64	5.0	413.94	1
1518	7590000.0	-0.322402291264036	0.392036363636364	-0.373598102	0.645836363636364	7592500.0	0	1.0	94.41	1.0	86.73	1
1519	7595000.0	-0.329224151185225	0.387090909090909	-0.427421336	0.632145454545455	7597500.0	0	0.0	0.0	3.0	244.5	0
1520	7600000.0	-0.308688096143067	0.382809090909091	-0.764239296	0.622036363636364	7602500.0	0	0.0	0.0	0.0	0.0	0
1521	7605000.0	-0.201010384347271	0.394327272727273	-0.704620212	0.633618181818182	7607500.0	0	1.0	100.0	1.0	93.91	1
1522	7610000.0	0.184535944832744	0.412272727272727	-0.596613354	0.645454545454545	7612500.0	0	0.0	0.0	0.0	0.0	0
1523	7615000.0	0.200783140742973	0.418172727272727	-0.616875817	0.651036363636364	7617500.0	0	0.0	0.0	1.0	88.39	0
1524	7620000.0	-0.17656401901437	0.405090909090909	-0.803044368	0.633663636363636	7622500.0	0	2.0	146.11	2.0	153.76999999999998	1
1525	7625000.0	-0.28237541775344	0.401054545454545	-0.723344879	0.620836363636364	7627500.0	0	1.0	93.27	2.0	139.41	1
1526	7630000.0	-0.0988338575835462	0.4009	-0.601154894	0.616918181818182	7632500.0	0	1.0	80.78	2.0	173.57	1
1527	7635000.0	-0.172459298907796	0.399136363636364	-0.577546483	0.616663636363636	7637500.0	0	0.0	0.0	0.0	0.0	0
1528	7640000.0	-0.0434914274087948	0.401736363636364	-0.099468397	0.6254	7642500.0	0	0.0	0.0	1.0	65.55	0
1529	7645000.0	-0.0292010371169129	0.399590909090909	0.032202373	0.622145454545454	7647500.0	0	2.0	192.49	2.0	189.84	1
1530	7650000.0	-0.0864620774352789	0.402881818181818	0.070887245	0.637481818181818	7652500.0	0	0.0	0.0	0.0	0.0	0
1531	7655000.0	-0.0979082449156527	0.403190909090909	0.019169417	0.637163636363636	7657500.0	0	1.0	95.56	2.0	184.86	1
1532	7660000.0	-0.0348017159399122	0.398436363636364	0.152226772	0.642054545454546	7662500.0	0	1.0	87.96	0.0	0.0	1
1533	7665000.0	0.230066628162602	0.389654545454545	0.350325693	0.647109090909091	7667500.0	0	0.0	0.0	0.0	0.0	0
1534	7670000.0	0.152796750343668	0.393109090909091	0.309336024	0.650790909090909	7672500.0	0	1.0	96.3	1.0	94.35	1
1535	7675000.0	0.47922227889133	0.412427272727273	0.503768315	0.670063636363636	7677500.0	0	0.0	0.0	1.0	88.14	0
1536	7680000.0	0.399355000897049	0.427254545454545	0.26488407	0.687718181818182	7682500.0	0	0.0	0.0	1.0	85.35	0
1537	7685000.0	0.315114622015086	0.421318181818182	0.302569263	0.686881818181818	7687500.0	0	1.0	95.0	3.0	230.65	1
1538	7690000.0	0.309470397671276	0.428772727272727	0.315045018	0.695572727272727	7692500.0	0	0.0	0.0	0.0	0.0	0
1539	7695000.0	0.320888649953216	0.429827272727273	0.262388778	0.690509090909091	7697500.0	0	0.0	0.0	0.0	0.0	0
1540	7700000.0	0.24558977118601	0.435636363636364	0.475557849	0.701718181818182	7702500.0	0	0.0	0.0	0.0	0.0	0
1541	7705000.0	0.200227915590509	0.441318181818182	0.510889267	0.699081818181818	7707500.0	0	0.0	0.0	1.0	89.58	0
1542	7710000.0	-0.318055176951735	0.453481818181818	0.62909843	0.701436363636364	7712500.0	0	0.0	0.0	0.0	0.0	0
1543	7715000.0	-0.163878342100891	0.460572727272727	0.62909726	0.700781818181818	7717500.0	0	0.0	0.0	0.0	0.0	0
1544	7720000.0	-0.157505066277511	0.463736363636364	0.116598437	0.691627272727273	7722500.0	0	0.0	0.0	0.0	0.0	0
1545	7725000.0	-0.372411770782216	0.467309090909091	-0.206189772	0.692409090909091	7727500.0	0	0.0	0.0	0.0	0.0	0
1546	7730000.0	-0.5141286427664	0.466309090909091	-0.304340699	0.698854545454545	7732500.0	0	0.0	0.0	1.0	77.09	0
1547	7735000.0	-0.424770751918401	0.457972727272727	-0.214115395	0.689754545454545	7737500.0	0	0.0	0.0	0.0	0.0	0
1548	7740000.0	-0.380224705513738	0.458081818181818	-0.200400708	0.690436363636364	7742500.0	0	0.0	0.0	0.0	0.0	0
1549	7745000.0	-0.401971730259897	0.451527272727273	-0.229262453	0.704172727272727	7747500.0	0	0.0	0.0	1.0	75.95	0
1550	7750000.0	-0.397081068217341	0.451790909090909	-0.267354797	0.708290909090909	7752500.0	0	0.0	0.0	0.0	0.0	0
1551	7755000.0	-0.205937399114534	0.458827272727273	-0.159682519	0.714009090909091	7757500.0	0	2.0	174.88	3.0	254.69	1
1552	7760000.0	-0.17114190177016	0.456272727272727	-0.15984814	0.713218181818182	7762500.0	0	0.0	0.0	0.0	0.0	0
1553	7765000.0	0.11755039714287	0.446418181818182	-0.049540037	0.712627272727273	7767500.0	0	0.0	0.0	0.0	0.0	0
1554	7770000.0	0.0701405812961302	0.447890909090909	0.026365797	0.705636363636364	7772500.0	0	2.0	184.03	3.0	239.19	1
1555	7775000.0	0.101860327542024	0.441290909090909	0.084856399	0.698663636363636	7777500.0	0	1.0	90.49	1.0	97.44	1
1556	7780000.0	0.0278257868229687	0.434854545454545	0.111641837	0.697009090909091	7782500.0	0	0.0	0.0	0.0	0.0	0
1557	7785000.0	0.210881236549376	0.431854545454545	0.150863116	0.688972727272727	7787500.0	0	0.0	0.0	0.0	0.0	0
1558	7790000.0	0.0905986034038735	0.437918181818182	0.17041127	0.695790909090909	7792500.0	0	1.0	98.15	1.0	97.84	1
1559	7795000.0	0.323257303456094	0.4555	0.236054839	0.704481818181818	7797500.0	0	0.0	0.0	1.0	60.78	0
1560	7800000.0	0.17441246343089	0.466572727272727	0.085174428	0.697390909090909	7802500.0	0	0.0	0.0	0.0	0.0	0
1561	7805000.0	0.15597427842271	0.471527272727273	0.10317529	0.693727272727273	7807500.0	0	0.0	0.0	1.0	65.93	0
1562	7810000.0	-0.0186822837017927	0.463154545454545	-0.191436723	0.685618181818182	7812500.0	0	0.0	0.0	0.0	0.0	0
1563	7815000.0	-0.0294795982207669	0.464227272727273	-0.17695902	0.691563636363636	7817500.0	0	1.0	74.53	2.0	174.92000000000002	1
1564	7820000.0	-0.204933581511244	0.461854545454546	-0.288244831	0.693609090909091	7822500.0	0	0.0	0.0	1.0	79.18	0
1565	7825000.0	0.0169009334727555	0.452718181818182	-0.189274723	0.696754545454545	7827500.0	0	0.0	0.0	0.0	0.0	0
1566	7830000.0	0.0537154332103171	0.458	0.15091272	0.7147	7832500.0	0	0.0	0.0	1.0	62.29	0
1567	7835000.0	-0.00111218103089839	0.469263636363636	0.022596624	0.736390909090909	7837500.0	0	0.0	0.0	0.0	0.0	0
1568	7840000.0	0.154310112402267	0.476190909090909	0.212195511	0.747927272727273	7842500.0	0	0.0	0.0	0.0	0.0	0
1569	7845000.0	0.275140300029519	0.467245454545455	0.302064271	0.743590909090909	7847500.0	0	0.0	0.0	1.0	78.52	0
1570	7850000.0	0.101416657474532	0.454981818181818	0.266483581	0.736654545454546	7852500.0	0	0.0	0.0	0.0	0.0	0
1571	7855000.0	0.273458890997356	0.441172727272727	0.344196387	0.728754545454546	7857500.0	0	0.0	0.0	0.0	0.0	0
1572	7860000.0	0.337084596977459	0.431436363636364	0.498754234	0.721727272727273	7862500.0	0	0.0	0.0	1.0	76.95	0
1573	7865000.0	0.361076518585532	0.432409090909091	0.493404029	0.720254545454545	7867500.0	0	1.0	92.59	3.0	273.18	1
1574	7870000.0	0.341355531871935	0.427172727272727	0.42346297	0.705736363636364	7872500.0	0	2.0	185.67000000000002	4.0	366.71	1
1575	7875000.0	0.47152986167977	0.432163636363636	0.433702728	0.705736363636364	7877500.0	0	0.0	0.0	0.0	0.0	0
1576	7880000.0	0.523135945071474	0.445263636363636	0.36970314	0.709609090909091	7882500.0	0	1.0	85.4	2.0	134.35	1
1577	7885000.0	0.556261979192775	0.448136363636364	0.347695747	0.706809090909091	7887500.0	0	0.0	0.0	0.0	0.0	0
1578	7890000.0	0.734131728725535	0.444581818181818	0.528784697	0.693181818181818	7892500.0	0	0.0	0.0	1.0	93.52	0
1579	7895000.0	0.19779888690872	0.417036363636364	-0.00442081	0.653454545454546	7897500.0	0	0.0	0.0	0.0	0.0	0
1580	7900000.0	0.181891818439133	0.419827272727273	0.026980986	0.650590909090909	7902500.0	0	0.0	0.0	0.0	0.0	0
1581	7905000.0	0.157176948580743	0.4124	0.03381859	0.641427272727273	7907500.0	0	0.0	0.0	0.0	0.0	0
1582	7910000.0	0.181193409299301	0.413372727272727	0.165417643	0.643063636363636	7912500.0	0	1.0	92.92	3.0	245.05	1
1583	7915000.0	0.333400421663849	0.420554545454545	0.268013527	0.653572727272727	7917500.0	0	0.0	0.0	2.0	178.87	0
1584	7920000.0	0.410479112591712	0.423227272727273	0.421659184	0.654927272727273	7922500.0	0	0.0	0.0	0.0	0.0	0
1585	7925000.0	0.355110854237719	0.424863636363636	0.259201925	0.664218181818182	7927500.0	0	0.0	0.0	1.0	88.18	0
1586	7930000.0	0.345121634822874	0.424045454545455	0.260273237	0.663827272727273	7932500.0	0	1.0	90.58	3.0	246.01999999999998	1
1587	7935000.0	0.351814390793591	0.404563636363636	0.235272055	0.655363636363636	7937500.0	0	1.0	89.35	2.0	149.69	1
1588	7940000.0	0.321482235707862	0.397727272727273	0.141162045	0.644363636363636	7942500.0	0	0.0	0.0	0.0	0.0	0
1589	7945000.0	0.313684915372579	0.394263636363636	0.188896285	0.647472727272727	7947500.0	0	0.0	0.0	0.0	0.0	0
1590	7950000.0	0.689809724987336	0.414190909090909	0.358423559	0.670245454545454	7952500.0	0	0.0	0.0	0.0	0.0	0
1591	7955000.0	0.694903843475264	0.418118181818182	0.289540093	0.679427272727273	7957500.0	0	0.0	0.0	1.0	81.65	0
1592	7960000.0	0.553404628635827	0.415490909090909	0.017652575	0.670372727272727	7962500.0	0	0.0	0.0	2.0	164.07999999999998	0
1593	7965000.0	0.556847926610723	0.416245454545455	0.052476633	0.666836363636364	7967500.0	0	1.0	98.61	1.0	96.1	1
1594	7970000.0	0.52393917918513	0.417481818181818	-0.022371536	0.663254545454545	7972500.0	0	1.0	81.11	2.0	180.26	1
1595	7975000.0	0.443232852049808	0.413381818181818	-0.112853318	0.653163636363636	7977500.0	0	0.0	0.0	0.0	0.0	0
1596	7980000.0	0.533821869307386	0.413281818181818	0.223195999	0.633618181818182	7982500.0	0	2.0	188.95	4.0	335.78999999999996	1
1597	7985000.0	0.69119912691658	0.416718181818182	0.393347372	0.633054545454546	7987500.0	0	0.0	0.0	0.0	0.0	0
1598	7990000.0	0.516894257036375	0.425845454545455	0.488191223	0.642236363636363	7992500.0	0	0.0	0.0	0.0	0.0	0
1599	7995000.0	0.405804197583372	0.428236363636364	0.464057494	0.644872727272727	7997500.0	0	0.0	0.0	1.0	54.76	0
1600	8000000.0	0.512518610634467	0.423681818181818	0.430742949	0.635827272727273	8002500.0	0	0.0	0.0	2.0	181.69	0
1601	8005000.0	0.638236912618379	0.429236363636364	0.495023971	0.641945454545455	8007500.0	0	1.0	100.0	1.0	94.53	1
1602	8010000.0	0.574823261752403	0.4296	-0.139211333	0.628327272727273	8012500.0	0	0.0	0.0	0.0	0.0	0
1603	8015000.0	0.70159175096462	0.4389	-0.2095241	0.638545454545454	8017500.0	0	0.0	0.0	0.0	0.0	0
1604	8020000.0	0.74007160029948	0.442127272727273	-0.184358011	0.634854545454545	8022500.0	0	0.0	0.0	0.0	0.0	0
1605	8025000.0	0.704421104552905	0.439881818181818	-0.179461201	0.624618181818182	8027500.0	0	0.0	0.0	1.0	85.98	0
1606	8030000.0	0.736576986876642	0.446418181818182	-0.172692781	0.633418181818182	8032500.0	0	0.0	0.0	1.0	89.05	0
1607	8035000.0	0.520948810999181	0.4462	-0.52734031	0.632227272727273	8037500.0	0	0.0	0.0	2.0	156.7	0
1608	8040000.0	0.668759685258392	0.456481818181818	-0.431391105	0.638627272727273	8042500.0	0	0.0	0.0	0.0	0.0	0
1609	8045000.0	0.665620846246373	0.462190909090909	-0.434333281	0.630036363636364	8047500.0	0	0.0	0.0	1.0	75.95	0
1610	8050000.0	0.661136988638243	0.4681	-0.3583636	0.622181818181818	8052500.0	0	0.0	0.0	1.0	70.04	0
1611	8055000.0	0.537685779533425	0.477845454545455	-0.367050377	0.624318181818182	8057500.0	0	1.0	71.72	2.0	171.43	1
1612	8060000.0	0.321168693086151	0.482709090909091	-0.448469963	0.633872727272727	8062500.0	0	0.0	0.0	1.0	92.31	0
1613	8065000.0	0.321785553980887	0.481827272727273	-0.374038669	0.646818181818182	8067500.0	0	0.0	0.0	0.0	0.0	0
1614	8070000.0	0.174714435950576	0.484081818181818	-0.428723961	0.656718181818182	8072500.0	0	0.0	0.0	0.0	0.0	0
1615	8075000.0	0.205492316091582	0.497718181818182	-0.42100091	0.670072727272727	8077500.0	0	0.0	0.0	0.0	0.0	0
1616	8080000.0	0.317052483062665	0.505709090909091	-0.266176331	0.680563636363636	8082500.0	0	0.0	0.0	0.0	0.0	0
1617	8085000.0	0.333777579997334	0.5024	-0.251404692	0.6733	8087500.0	0	0.0	0.0	1.0	78.21	0
1618	8090000.0	0.712901584925193	0.499109090909091	0.267614296	0.679318181818182	8092500.0	0	0.0	0.0	0.0	0.0	0
1619	8095000.0	0.840807934341785	0.476236363636364	0.673696739	0.650136363636364	8097500.0	0	0.0	0.0	3.0	238.42000000000002	0
1620	8100000.0	0.868293736639963	0.463972727272727	0.720532079	0.642881818181818	8102500.0	0	0.0	0.0	2.0	176.97	0
1621	8105000.0	0.868856553207068	0.460845454545455	0.732932462	0.647318181818182	8107500.0	0	0.0	0.0	2.0	186.44	0
1622	8110000.0	0.871163732788119	0.4611	0.706614511	0.649418181818182	8112500.0	0	0.0	0.0	0.0	0.0	0
1623	8115000.0	0.877124617560832	0.444436363636364	0.747070015	0.631663636363636	8117500.0	0	0.0	0.0	3.0	250.77	0
1624	8120000.0	0.804614360813103	0.441536363636364	0.777830775	0.623990909090909	8122500.0	0	1.0	72.01	3.0	235.72	1
1625	8125000.0	0.79686239102225	0.445581818181818	0.726523595	0.630154545454545	8127500.0	0	0.0	0.0	0.0	0.0	0
1626	8130000.0	0.778996916191623	0.428563636363636	0.709762407	0.608272727272727	8132500.0	0	0.0	0.0	0.0	0.0	0
1627	8135000.0	0.662657543995287	0.415372727272727	0.571070384	0.602045454545455	8137500.0	0	1.0	93.64	2.0	169.73000000000002	1
1628	8140000.0	0.646215020373487	0.408863636363636	0.532159194	0.597663636363636	8142500.0	0	0.0	0.0	0.0	0.0	0
1629	8145000.0	0.644535796581094	0.4076	0.543160916	0.588936363636364	8147500.0	0	0.0	0.0	0.0	0.0	0
1630	8150000.0	0.413651309605206	0.421027272727273	0.249652209	0.601090909090909	8152500.0	0	0.0	0.0	1.0	65.01	0
1631	8155000.0	0.212887395085004	0.431763636363636	0.22753167	0.619936363636364	8157500.0	0	0.0	0.0	1.0	80.68	0
1632	8160000.0	0.27868143056504	0.4335	0.379482909	0.631254545454545	8162500.0	0	0.0	0.0	0.0	0.0	0
1633	8165000.0	0.413924190274198	0.431763636363636	0.45891131	0.632236363636364	8167500.0	0	0.0	0.0	0.0	0.0	0
1634	8170000.0	0.471834221617625	0.434618181818182	0.526713568	0.626781818181818	8172500.0	0	1.0	88.33	3.0	259.27	1
1635	8175000.0	0.588541115671558	0.434409090909091	0.548173531	0.618318181818182	8177500.0	0	0.0	0.0	0.0	0.0	0
1636	8180000.0	0.698412990663725	0.429145454545454	0.515686297	0.602136363636364	8182500.0	0	0.0	0.0	0.0	0.0	0
1637	8185000.0	0.703861561494354	0.435936363636364	0.527595892	0.621754545454546	8187500.0	0	0.0	0.0	2.0	154.9	0
1638	8190000.0	0.694604730589264	0.444709090909091	0.575188997	0.617736363636364	8192500.0	0	1.0	90.77	2.0	183.41	1
1639	8195000.0	0.631616116551146	0.449509090909091	0.640465426	0.605918181818182	8197500.0	0	0.0	0.0	0.0	0.0	0
1640	8200000.0	0.588984342403957	0.452672727272727	0.561723946	0.625563636363636	8202500.0	0	1.0	94.1	3.0	245.49	1
1641	8205000.0	0.552822733448345	0.451236363636364	0.482253247	0.630818181818182	8207500.0	0	0.0	0.0	0.0	0.0	0
1642	8210000.0	0.553805721607137	0.454645454545454	0.519744313	0.618454545454545	8212500.0	0	0.0	0.0	4.0	281.95000000000005	0
1643	8215000.0	0.623177198381063	0.447227272727273	0.43776787	0.610290909090909	8217500.0	0	0.0	0.0	0.0	0.0	0
1644	8220000.0	0.576691795913062	0.448018181818182	0.42985662	0.608972727272727	8222500.0	0	0.0	0.0	0.0	0.0	0
1645	8225000.0	0.60333560108628	0.455963636363636	0.397927891	0.621427272727273	8227500.0	0	1.0	88.89	1.0	94.74	1
1646	8230000.0	0.55812105612767	0.462518181818182	0.432468376	0.639881818181818	8232500.0	0	0.0	0.0	1.0	82.76	0
1647	8235000.0	0.6333599704426	0.457163636363636	0.302069208	0.631381818181818	8237500.0	0	0.0	0.0	0.0	0.0	0
1648	8240000.0	0.565211220018199	0.452236363636364	0.415793068	0.619636363636364	8242500.0	0	0.0	0.0	0.0	0.0	0
1649	8245000.0	0.527051081216613	0.447845454545454	0.180648715	0.634909090909091	8247500.0	0	0.0	0.0	0.0	0.0	0
1650	8250000.0	0.503915461589376	0.4486	-0.029379492	0.649027272727273	8252500.0	0	0.0	0.0	0.0	0.0	0
1651	8255000.0	0.481214174186157	0.451890909090909	-0.126726467	0.649745454545455	8257500.0	0	0.0	0.0	0.0	0.0	0
1652	8260000.0	0.550051140893953	0.451054545454545	-0.056600866	0.654063636363636	8262500.0	0	0.0	0.0	0.0	0.0	0
1653	8265000.0	0.534692744663394	0.438709090909091	0.001406754	0.6523	8267500.0	0	0.0	0.0	0.0	0.0	0
1654	8270000.0	0.473208829853605	0.445227272727273	-0.15510455	0.643627272727273	8272500.0	0	0.0	0.0	2.0	159.64999999999998	0
1655	8275000.0	0.602759161754407	0.445036363636364	-0.067170254	0.6511	8277500.0	0	0.0	0.0	0.0	0.0	0
1656	8280000.0	0.607295105783131	0.445336363636364	-0.012314496	0.654772727272727	8282500.0	0	1.0	78.24	3.0	264.37	1
1657	8285000.0	0.626005965130663	0.436045454545455	-0.077917588	0.641818181818182	8287500.0	0	0.0	0.0	0.0	0.0	0
1658	8290000.0	0.70330156393641	0.432172727272727	0.047715213	0.651336363636364	8292500.0	0	0.0	0.0	0.0	0.0	0
1659	8295000.0	0.73819450168136	0.423745454545455	0.216388293	0.645863636363636	8297500.0	0	0.0	0.0	1.0	77.58	0
1660	8300000.0	0.713134310059565	0.421463636363636	0.273359702	0.629372727272727	8302500.0	0	0.0	0.0	2.0	170.48000000000002	0
1661	8305000.0	0.574203081669898	0.411827272727273	0.095346253	0.6239	8307500.0	0	0.0	0.0	1.0	85.98	0
1662	8310000.0	0.613525945436373	0.414254545454545	0.24139138	0.623818181818182	8312500.0	0	0.0	0.0	0.0	0.0	0
1663	8315000.0	0.639699764841381	0.409109090909091	0.301648335	0.616109090909091	8317500.0	0	0.0	0.0	2.0	162.76999999999998	0
1664	8320000.0	0.637804802177809	0.4129	0.287286131	0.6159	8322500.0	0	0.0	0.0	0.0	0.0	0
1665	8325000.0	0.609646347329337	0.408963636363636	0.418178232	0.614436363636364	8327500.0	0	0.0	0.0	1.0	72.11	0
1666	8330000.0	0.496111197316725	0.398681818181818	0.274442528	0.599236363636364	8332500.0	0	0.0	0.0	2.0	176.54000000000002	0
1667	8335000.0	0.116035525685514	0.388836363636364	-0.05194973	0.594118181818182	8337500.0	0	0.0	0.0	0.0	0.0	0
1668	8340000.0	0.109170405552238	0.386454545454545	0.049359167	0.585036363636364	8342500.0	0	0.0	0.0	1.0	71.39	0
1669	8345000.0	-0.0586227288497111	0.387618181818182	0.174246928	0.579681818181818	8347500.0	0	0.0	0.0	0.0	0.0	0
1670	8350000.0	-0.219707709588858	0.390090909090909	0.140357795	0.581690909090909	8352500.0	0	0.0	0.0	0.0	0.0	0
1671	8355000.0	0.086962809222646	0.388727272727273	0.122326918	0.573236363636364	8357500.0	0	0.0	0.0	0.0	0.0	0
1672	8360000.0	0.657380926645117	0.398081818181818	0.464126502	0.582572727272727	8362500.0	0	0.0	0.0	0.0	0.0	0
1673	8365000.0	0.638058750091448	0.391881818181818	0.478759569	0.564863636363636	8367500.0	0	1.0	90.28	2.0	180.95	1
1674	8370000.0	0.63069706882269	0.385909090909091	0.472253669	0.566254545454545	8372500.0	0	0.0	0.0	2.0	148.03	0
1675	8375000.0	0.687807483026661	0.382581818181818	0.458542025	0.563527272727273	8377500.0	0	0.0	0.0	1.0	95.0	0
1676	8380000.0	0.690835556267806	0.382309090909091	0.522682902	0.584327272727273	8382500.0	0	0.0	0.0	0.0	0.0	0
1677	8385000.0	0.702728565100636	0.3858	0.65086297	0.594890909090909	8387500.0	0	1.0	80.6	1.0	81.36	1
1678	8390000.0	0.783289478160009	0.390072727272727	0.834820828	0.6154	8392500.0	0	0.0	0.0	1.0	72.9	0
1679	8395000.0	0.723719363096717	0.3878	0.807479022	0.623127272727273	8397500.0	0	0.0	0.0	0.0	0.0	0
1680	8400000.0	0.588381834455866	0.395190909090909	0.79546644	0.629545454545455	8402500.0	0	0.0	0.0	2.0	158.37	0
1681	8405000.0	0.597062004112893	0.398263636363636	0.773205002	0.633754545454545	8407500.0	0	0.0	0.0	0.0	0.0	0
1682	8410000.0	0.560627015980174	0.393009090909091	0.675574315	0.636354545454545	8412500.0	0	0.0	0.0	0.0	0.0	0
1683	8415000.0	0.522379844138138	0.387545454545455	0.666338562	0.635027272727273	8417500.0	0	0.0	0.0	0.0	0.0	0
1684	8420000.0	0.624305861700971	0.383309090909091	0.609382955	0.643809090909091	8422500.0	0	0.0	0.0	1.0	83.75	0
1685	8425000.0	0.509884441778258	0.388818181818182	0.563791445	0.653345454545455	8427500.0	0	1.0	78.21	3.0	260.47	1
1686	8430000.0	0.415115043453239	0.392718181818182	0.335184287	0.662472727272727	8432500.0	0	1.0	94.44	2.0	155.05	1
1687	8435000.0	0.242013371282232	0.388672727272727	0.222721112	0.648072727272727	8437500.0	0	0.0	0.0	2.0	164.82	0
1688	8440000.0	0.404064833554488	0.3797	0.223804899	0.639	8442500.0	0	0.0	0.0	1.0	97.92	0
1689	8445000.0	0.268254998891384	0.372209090909091	0.2832993	0.6056	8447500.0	0	0.0	0.0	0.0	0.0	0
1690	8450000.0	0.355329062561584	0.374336363636364	0.512581936	0.595736363636364	8452500.0	0	0.0	0.0	2.0	127.3	0
1691	8455000.0	0.451264290420188	0.367327272727273	0.561714332	0.587109090909091	8457500.0	0	0.0	0.0	0.0	0.0	0
1692	8460000.0	0.538202487753692	0.359354545454545	0.5237507	0.582627272727273	8462500.0	0	0.0	0.0	0.0	0.0	0
1693	8465000.0	0.582069116703533	0.3561	0.662752825	0.575654545454546	8467500.0	0	0.0	0.0	1.0	82.96	0
1694	8470000.0	0.592845972909625	0.350236363636364	0.712365498	0.5562	8472500.0	0	0.0	0.0	0.0	0.0	0
1695	8475000.0	0.592318590064765	0.346381818181818	0.718661648	0.544709090909091	8477500.0	0	0.0	0.0	1.0	62.53	0
1696	8480000.0	0.451384083902567	0.341581818181818	0.706038845	0.534327272727273	8482500.0	0	1.0	93.94	1.0	94.4	1
1697	8485000.0	-0.0532719220157499	0.329509090909091	0.540178357	0.521254545454546	8487500.0	0	0.0	0.0	1.0	82.13	0
1698	8490000.0	-0.518477618895429	0.325890909090909	0.434126246	0.514981818181818	8492500.0	0	1.0	90.41	1.0	88.5	1
1699	8495000.0	-0.498335200550407	0.3262	0.445878368	0.510163636363636	8497500.0	0	0.0	0.0	3.0	238.63	0
1700	8500000.0	-0.401317869015295	0.3232	0.299655285	0.506609090909091	8502500.0	0	1.0	76.4	2.0	177.74	1
1701	8505000.0	-0.347046669119318	0.320445454545455	0.110605716	0.507381818181818	8507500.0	0	0.0	0.0	0.0	0.0	0
1702	8510000.0	-0.258518536903393	0.314427272727273	0.079439498	0.494918181818182	8512500.0	0	1.0	100.0	2.0	192.85	1
1703	8515000.0	0.243034621394276	0.318963636363636	0.313731417	0.485827272727273	8517500.0	0	0.0	0.0	1.0	59.88	0
1704	8520000.0	0.483910700827527	0.313245454545455	0.262980272	0.486881818181818	8522500.0	0	0.0	0.0	1.0	92.86	0
1705	8525000.0	0.531194618097559	0.306627272727273	0.163024229	0.483245454545455	8527500.0	0	0.0	0.0	0.0	0.0	0
1706	8530000.0	0.582286374392617	0.301018181818182	0.194336187	0.478245454545455	8532500.0	0	0.0	0.0	4.0	333.19	0
1707	8535000.0	0.302559905065307	0.292154545454545	-0.066334227	0.464472727272727	8537500.0	0	0.0	0.0	0.0	0.0	0
1708	8540000.0	0.36750348559343	0.286863636363636	-0.053161882	0.457318181818182	8542500.0	0	0.0	0.0	0.0	0.0	0
1709	8545000.0	0.291707056623114	0.276427272727273	0.03412116	0.444781818181818	8547500.0	0	0.0	0.0	2.0	167.63	0
1710	8550000.0	0.25392507237734	0.2698	0.268536449	0.432045454545455	8552500.0	0	0.0	0.0	2.0	162.11	0
1711	8555000.0	0.2861249217232	0.258318181818182	0.200975292	0.421572727272727	8557500.0	0	0.0	0.0	0.0	0.0	0
1712	8560000.0	0.39902037843223	0.245545454545455	0.079342306	0.413518181818182	8562500.0	0	1.0	100.0	1.0	98.67	1
1713	8565000.0	0.316475020458736	0.237054545454545	0.286715527	0.403327272727273	8567500.0	0	0.0	0.0	0.0	0.0	0
1714	8570000.0	-0.18589833568997	0.218072727272727	0.125492811	0.3902	8572500.0	0	0.0	0.0	1.0	77.76	0
1715	8575000.0	0.218324078209611	0.21319	0.493661408	0.377045454545455	8577500.0	0	0.0	0.0	2.0	162.59	0
1716	8580000.0	0.475370081187039	0.20709	0.656576985	0.367009090909091	8582500.0	0	0.0	0.0	0.0	0.0	0
1717	8585000.0	0.499984731477771	0.19931	0.65311245	0.354618181818182	8587500.0	0	0.0	0.0	0.0	0.0	0
1718	8590000.0	0.408300928719596	0.19697	0.592680446	0.348518181818182	8592500.0	0	0.0	0.0	1.0	58.01	0
1719	8595000.0	0.896298638122283	0.19752	0.914508397	0.314481818181818	8597500.0	0	0.0	0.0	1.0	72.22	0
1720	8600000.0	0.953456436090398	0.18041	0.95203019	0.280145454545455	8602500.0	0	0.0	0.0	1.0	88.89	0
1721	8605000.0	0.949303019533857	0.15626	0.965174946	0.241790909090909	8607500.0	0	0.0	0.0	1.0	58.48	0
1722	8610000.0	0.957023306025622	0.13606	0.977733984	0.208754545454545	8612500.0	0	0.0	0.0	0.0	0.0	0
1723	8615000.0	0.963160642827219	0.11879	0.968222972	0.174890909090909	8617500.0	0	0.0	0.0	0.0	0.0	0
