locus_tag	gene_name	old_locus_tag	product	tf_family	start	end	strand	tss	region	is_exposed	class	TGGCCGGC_count_300bp	TGGCCGGC_density_300bp	TGGCCGGC_count_500bp	TGGCCGGC_density_500bp	TGGCCGGC_count_1000bp	TGGCCGGC_density_1000bp	AAGCCCG_count_300bp	AAGCCCG_density_300bp	AAGCCCG_count_500bp	AAGCCCG_density_500bp	AAGCCCG_count_1000bp	AAGCCCG_density_1000bp	GCCGGC_count_300bp	GCCGGC_density_300bp	GCCGGC_count_500bp	GCCGGC_density_500bp	GCCGGC_count_1000bp	GCCGGC_density_1000bp	CCGG_count_300bp	CCGG_density_300bp	CCGG_count_500bp	CCGG_density_500bp	CCGG_count_1000bp	CCGG_density_1000bp	GC_300bp	CpG_OE_300bp	palindrome_count_300bp	palindrome_density_300bp	GC_500bp	CpG_OE_500bp	palindrome_count_500bp	palindrome_density_500bp	GC_1000bp	CpG_OE_1000bp	palindrome_count_1000bp	palindrome_density_1000bp	baseMean	nearest_methyl_distance	n_methyl_sites_2kb	gene_length
SC_RS02220			RNA polymerase sigma-70 factor	Sigma factor	30379	31274	-	31274.0	1	0	Shielded	0	0.0	0	0.0	0	0.0	0	0.0	0	0.0	1	0.5	2	3.3333333333333335	2	2.0	8	4.0	20	33.333333333333336	26	26.0	66	33.0	71.5	1.134585289514867	26	43.333333333333336	72.0	1.1265519024066544	39	39.0	71.5	1.1514758669849545	65	32.5	189.4212534190825	554.0	3	896
SC_RS02260		SCO0047	MarR family winged helix-turn-helix transcriptional regulator	MarR	37614	38768	-	38768.0	1	0	Shielded	0	0.0	0	0.0	0	0.0	0	0.0	0	0.0	0	0.0	2	3.3333333333333335	2	2.0	4	2.0	26	43.333333333333336	38	38.0	62	31.0	69.5	1.008827238335435	11	18.333333333333336	70.0	1.1277947907405579	22	22.0	69.5	1.1144046117294193	64	32.0	88.71235818703218	1909.0	1	1155
SC_RS02325		SCO0062	LacI family DNA-binding transcriptional regulator	LacI	47789	48844	-	48844.0	1	0	Shielded	0	0.0	1	1.0	1	0.5	0	0.0	0	0.0	0	0.0	2	3.3333333333333335	8	8.0	12	6.0	20	33.333333333333336	36	36.0	74	37.0	71.0	1.0326566637246248	15	25.0	71.2	1.1031133191013198	30	30.0	72.39999999999999	1.2180854857019507	75	37.5	92.50991632915984	429.0	1	1056
SC_RS02330		SCO0063	ROK family protein	ROK	48889	49824	-	49824.0	1	0	Shielded	0	0.0	0	0.0	1	0.5	0	0.0	0	0.0	0	0.0	2	3.3333333333333335	2	2.0	6	3.0	20	33.333333333333336	34	34.0	62	31.0	74.5	1.274117218784128	28	46.66666666666667	73.7	1.2383028577360562	39	39.0	72.2	1.1137230721800455	70	35.0	66.22726572987733	551.0	2	936
SC_RS02455		SCO0089	LysR family transcriptional regulator	LysR	75916	76893	+	75916.0	1	1	Exposed	1	1.6666666666666667	1	1.0	2	1.0	0	0.0	0	0.0	0	0.0	4	6.666666666666667	4	4.0	6	3.0	18	30.0	34	34.0	70	35.0	69.0	1.074230252773917	20	33.333333333333336	68.89999999999999	1.1019003543033448	30	30.0	69.65	1.104510705894033	53	26.5	101.96837109266303	290.0	1	978
SC_RS02530		SCO0110	helix-turn-helix transcriptional regulator	HTH (other)	90951	91790	-	91790.0	1	0	Shielded	0	0.0	0	0.0	0	0.0	0	0.0	0	0.0	0	0.0	2	3.3333333333333335	2	2.0	2	1.0	12	20.0	20	20.0	48	24.0	66.33333333333333	1.0638297872340425	17	28.333333333333336	68.7	1.1339415124904084	27	27.0	68.85	1.154236428209031	48	24.0	66.11440299135131	1864.0	1	840
SC_RS02550		SCO0116	TetR/AcrR family transcriptional regulator	TetR	94306	94872	-	94872.0	1	0	Shielded	0	0.0	0	0.0	0	0.0	0	0.0	0	0.0	0	0.0	0	0.0	0	0.0	4	2.0	12	20.0	24	24.0	56	28.0	67.16666666666666	1.1848341232227488	17	28.333333333333336	68.89999999999999	1.2049207954162453	24	24.0	69.1	1.1409276328897557	49	24.5	63.87422278920704	1218.0	2	567
SC_RS02625		SCO0132	helix-turn-helix transcriptional regulator	HTH (other)	122743	125502	+	122743.0	1	0	Shielded	0	0.0	0	0.0	0	0.0	0	0.0	0	0.0	0	0.0	4	6.666666666666667	4	4.0	12	6.0	24	40.0	36	36.0	68	34.0	64.66666666666666	1.1805057031187685	23	38.333333333333336	67.4	1.1801592334249278	36	36.0	69.3	1.145642392934511	71	35.5	225.2844571741538	941.0	4	2760
SC_RS02660		SCO0140	MerR family transcriptional regulator	MerR	132693	133520	+	132693.0	1	0	Shielded	0	0.0	0	0.0	1	0.5	0	0.0	0	0.0	0	0.0	2	3.3333333333333335	2	2.0	6	3.0	26	43.333333333333336	38	38.0	78	39.0	71.66666666666667	1.207983193277311	21	35.0	70.89999999999999	1.1968594408272692	30	30.0	71.35000000000001	1.1753699073855686	77	38.5	32.63223491696345	1130.0	1	828
SC_RS02680		SCO0143	TetR/AcrR family transcriptional regulator	TetR	136683	137183	+	136683.0	1	0	Shielded	0	0.0	0	0.0	0	0.0	0	0.0	0	0.0	0	0.0	2	3.3333333333333335	2	2.0	4	2.0	6	10.0	14	14.0	36	18.0	68.83333333333333	1.210074574363304	20	33.333333333333336	72.0	1.2739443633752576	30	30.0	70.39999999999999	1.2645442792501616	66	33.0	27.676315897313675	405.0	2	501
SC_RS02705		SCO0148	helix-turn-helix domain-containing protein	HTH (other)	139467	139712	+	139467.0	1	0	Shielded	0	0.0	2	2.0	3	1.5	0	0.0	0	0.0	0	0.0	0	0.0	4	4.0	12	6.0	18	30.0	30	30.0	62	31.0	71.33333333333334	1.1530398322851154	11	18.333333333333336	70.39999999999999	1.1784172081197788	19	19.0	70.15	1.15995115995116	43	21.5	22.720661429589455	318.0	3	246
SC_RS02735		SCO0155	TetR/AcrR family transcriptional regulator	TetR	145499	146122	+	145499.0	1	0	Shielded	0	0.0	0	0.0	0	0.0	0	0.0	0	0.0	0	0.0	0	0.0	0	0.0	0	0.0	4	6.666666666666667	14	14.0	44	22.0	66.33333333333333	1.091570648878108	22	36.66666666666667	68.60000000000001	1.1135668140088406	30	30.0	70.55	1.1172331199337697	60	30.0	126.63490405202263	1274.0	1	624
SC_RS02745		SCO0159	sigma-70 family RNA polymerase sigma factor	Sigma factor	148225	149184	+	148225.0	1	0	Shielded	0	0.0	0	0.0	0	0.0	0	0.0	0	0.0	0	0.0	4	6.666666666666667	8	8.0	16	8.0	20	33.333333333333336	40	40.0	74	37.0	67.66666666666666	1.0979894593011905	13	21.666666666666668	68.60000000000001	1.1617400283980897	32	32.0	70.45	1.2338768656259065	86	43.0	27.2916355682194	1452.0	2	960
SC_RS02750		SCO0160	helix-turn-helix domain-containing protein	HTH (other)	149508	150209	-	150209.0	1	0	Shielded	0	0.0	1	1.0	1	0.5	0	0.0	0	0.0	0	0.0	4	6.666666666666667	8	8.0	12	6.0	26	43.333333333333336	44	44.0	86	43.0	73.33333333333333	1.1428571428571428	26	43.333333333333336	71.5	1.1468970934799687	38	38.0	70.95	1.1472778045564458	77	38.5	32.33218967892941	369.0	2	702
SC_RS02915		SCO0193	MerR family transcriptional regulator	MerR	183793	184797	-	184797.0	1	0	Shielded	0	0.0	0	0.0	0	0.0	0	0.0	0	0.0	0	0.0	0	0.0	0	0.0	10	5.0	24	40.0	38	38.0	82	41.0	73.16666666666667	1.2677824267782427	14	23.333333333333336	73.5	1.2333387818179118	27	27.0	73.65	1.1357204425980254	65	32.5	1573.1095356787812	1665.0	1	1005
SC_RS02920		SCO0194	sigma-70 family RNA polymerase sigma factor	Sigma factor	184958	185566	+	184958.0	1	0	Shielded	0	0.0	0	0.0	0	0.0	0	0.0	0	0.0	0	0.0	0	0.0	2	2.0	8	4.0	20	33.333333333333336	38	38.0	82	41.0	71.83333333333334	1.256802280383519	12	20.0	72.89999999999999	1.2221434283386394	23	23.0	72.95	1.184682135446142	60	30.0	625.8078027252792	1504.0	1	609
SC_RS02965		SCO0203	two-component system sensor histidine kinase	Sensor kinase	192880	194637	-	194637.0	1	0	Shielded	0	0.0	0	0.0	0	0.0	0	0.0	0	0.0	1	0.5	2	3.3333333333333335	4	4.0	6	3.0	16	26.666666666666668	28	28.0	60	30.0	71.0	1.0868364664560737	20	33.333333333333336	70.7	1.08038029386344	26	26.0	71.3	1.1346623591521552	47	23.5	1144.2593315716415	1309.0	1	1758
SC_RS02970		SCO0204	response regulator	Response regulator	194760	195461	-	195461.0	1	0	Shielded	0	0.0	0	0.0	0	0.0	1	1.6666666666666667	2	2.0	2	1.0	0	0.0	2	2.0	8	4.0	20	33.333333333333336	36	36.0	82	41.0	71.16666666666667	1.1321748288572935	9	15.0	71.3	1.0779762373121409	19	19.0	70.95	1.0651658956137422	48	24.0	3430.0330932064026	485.0	1	702
SC_RS03000		SCO0211	sensor histidine kinase	Sensor kinase	201374	202090	+	201374.0	1	0	Shielded	0	0.0	0	0.0	0	0.0	0	0.0	1	1.0	1	0.5	4	6.666666666666667	4	4.0	10	5.0	20	33.333333333333336	48	48.0	96	48.0	73.0	1.226021684737281	25	41.66666666666667	73.8	1.197191374346319	36	36.0	74.5	1.1754864206077915	84	42.0	97.81754132917804	842.0	2	717
SC_RS03080		SCO0230	TetR/AcrR family transcriptional regulator	TetR	220150	220764	+	220150.0	1	0	Shielded	0	0.0	0	0.0	0	0.0	0	0.0	0	0.0	0	0.0	4	6.666666666666667	6	6.0	10	5.0	18	30.0	26	26.0	66	33.0	70.0	1.1703068653466695	18	30.0	69.19999999999999	1.144461059085935	40	40.0	69.3	1.1828404831320283	71	35.5	113.93273533661002	2284.0	0	615
SC_RS03095		SCO0233	helix-turn-helix transcriptional regulator	HTH (other)	221699	222538	-	222538.0	1	0	Shielded	0	0.0	0	0.0	0	0.0	1	1.6666666666666667	1	1.0	1	0.5	2	3.3333333333333335	2	2.0	8	4.0	18	30.0	32	32.0	64	32.0	69.0	1.0128244203221344	23	38.333333333333336	69.5	1.1013945476829308	33	33.0	68.55	1.1279475610794245	50	25.0	47.42383554788814	104.0	3	840
SC_RS03110		SCO0236	helix-turn-helix transcriptional regulator	HTH (other)	224404	225276	-	225276.0	1	0	Shielded	0	0.0	0	0.0	0	0.0	0	0.0	0	0.0	0	0.0	0	0.0	2	2.0	10	5.0	20	33.333333333333336	30	30.0	54	27.0	69.16666666666667	1.1164499717354437	7	11.666666666666668	69.1	1.1521713346549416	24	24.0	69.1	1.110515111386761	54	27.0	39.60445367684655	1190.0	3	873
SC_RS03135		SCO0241	TetR/AcrR family transcriptional regulator	TetR	229995	230669	+	229995.0	1	0	Shielded	0	0.0	0	0.0	0	0.0	0	0.0	1	1.0	1	0.5	6	10.0	8	8.0	10	5.0	18	30.0	30	30.0	50	25.0	67.5	1.0256410256410255	25	41.66666666666667	69.19999999999999	1.0442773600668338	41	41.0	69.39999999999999	1.1008640744433367	72	36.0	36.138061787905976	299.0	3	675
SC_RS03175		SCO0250	TetR/AcrR family transcriptional regulator	TetR	239858	240523	+	239858.0	1	0	Shielded	0	0.0	0	0.0	0	0.0	0	0.0	1	1.0	1	0.5	2	3.3333333333333335	4	4.0	12	6.0	22	36.66666666666667	34	34.0	82	41.0	70.5	1.1717171717171717	29	48.333333333333336	71.89999999999999	1.1950954524289925	40	40.0	73.6	1.160094950446581	67	33.5	91.3979724334288	404.0	3	666
SC_RS03185		SCO0253	TetR/AcrR family transcriptional regulator C-terminal domain-containing protein	TetR	242203	242766	+	242203.0	1	0	Shielded	1	1.6666666666666667	1	1.0	1	0.5	0	0.0	0	0.0	0	0.0	6	10.0	10	10.0	14	7.0	26	43.333333333333336	46	46.0	78	39.0	69.33333333333334	1.000393673436306	22	36.66666666666667	70.0	1.1194731122169652	45	45.0	71.39999999999999	1.1507796237382664	69	34.5	73.19986180420189	125.0	4	564
SC_RS03195		SCO0255	sigma-54-dependent Fis family transcriptional regulator	Other regulatory	243936	245759	-	245759.0	1	0	Shielded	0	0.0	0	0.0	0	0.0	0	0.0	0	0.0	0	0.0	0	0.0	4	4.0	6	3.0	14	23.333333333333336	26	26.0	62	31.0	68.33333333333333	1.1574459977613183	18	30.0	69.5	1.2007684918347743	32	32.0	70.5	1.166964443800602	80	40.0	48.26479708966274	388.0	2	1824
SC_RS03230		SCO0262	LysR family transcriptional regulator	LysR	250805	251740	+	250805.0	1	0	Shielded	0	0.0	0	0.0	2	1.0	0	0.0	0	0.0	0	0.0	0	0.0	2	2.0	6	3.0	8	13.333333333333334	18	18.0	60	30.0	65.16666666666666	1.2401883830455258	4	6.666666666666667	66.2	1.1957791733605958	12	12.0	69.39999999999999	1.1435462408516301	42	21.0	106.65541328465385	204.0	4	936
SC_RS03240		SCO0264	MarR family winged helix-turn-helix transcriptional regulator	MarR	252946	253398	+	252946.0	1	0	Shielded	0	0.0	0	0.0	0	0.0	0	0.0	0	0.0	0	0.0	0	0.0	4	4.0	6	3.0	12	20.0	26	26.0	62	31.0	68.83333333333333	1.1285620238878962	23	38.333333333333336	69.8	1.166832174776564	33	33.0	70.75	1.1629161621368884	62	31.0	59.185734193842436	1584.0	3	453
SC_RS03250		SCO0266	helix-turn-helix domain-containing protein	HTH (other)	254332	255198	-	255198.0	1	1	Exposed	0	0.0	0	0.0	0	0.0	0	0.0	1	1.0	1	0.5	0	0.0	0	0.0	4	2.0	28	46.66666666666667	36	36.0	76	38.0	71.83333333333334	1.2179321067634101	30	50.0	72.39999999999999	1.2513434669123293	43	43.0	72.75	1.218543046357616	71	35.5	34.685792597197064	293.0	2	867
SC_RS03295		SCO0275	ROK family transcriptional regulator	ROK	266356	267513	+	266356.0	1	0	Shielded	0	0.0	0	0.0	0	0.0	0	0.0	0	0.0	0	0.0	2	3.3333333333333335	2	2.0	6	3.0	30	50.0	46	46.0	106	53.0	70.5	1.0865191146881288	24	40.0	72.2	1.0974252714784543	47	47.0	74.3	1.1158449989855954	86	43.0	60.21744793711283	3698.0	0	1158
SC_RS03330		SCO0282	DeoR/GlpR family DNA-binding transcription regulator	DeoR	272898	273656	+	272898.0	1	0	Shielded	0	0.0	0	0.0	0	0.0	0	0.0	0	0.0	0	0.0	4	6.666666666666667	4	4.0	4	2.0	22	36.66666666666667	40	40.0	80	40.0	72.66666666666667	1.135483870967742	14	23.333333333333336	73.6	1.1836081438195556	31	31.0	73.45	1.203585338685924	61	30.5	74.78998177096643	1024.0	1	759
SC_RS03355		SCO0287	AraC-like ligand-binding domain-containing protein	AraC	279691	280695	+	279691.0	1	0	Shielded	0	0.0	0	0.0	0	0.0	0	0.0	0	0.0	0	0.0	2	3.3333333333333335	4	4.0	14	7.0	10	16.666666666666668	24	24.0	62	31.0	66.66666666666666	1.2812782634911064	17	28.333333333333336	67.4	1.1710942246563762	22	22.0	68.30000000000001	1.1576456060917883	46	23.0	86.48657993496629	867.0	2	1005
SC_RS03365		SCO0289	LacI family DNA-binding transcriptional regulator	LacI	281129	282157	-	282157.0	1	0	Shielded	0	0.0	0	0.0	0	0.0	1	1.6666666666666667	1	1.0	1	0.5	2	3.3333333333333335	8	8.0	8	4.0	16	26.666666666666668	40	40.0	64	32.0	64.66666666666666	1.185897435897436	18	30.0	67.7	1.1262441068622315	30	30.0	68.65	1.158546936004074	62	31.0	113.2508711054103	189.0	3	1029
SC_RS03400		SCO0296	TetR/AcrR family transcriptional regulator	TetR	290584	291165	+	290584.0	1	0	Shielded	0	0.0	0	0.0	0	0.0	0	0.0	0	0.0	0	0.0	2	3.3333333333333335	6	6.0	6	3.0	18	30.0	36	36.0	60	30.0	69.0	1.0798176931167465	31	51.66666666666667	70.7	1.0987248375972412	49	49.0	71.25	1.0776372507223722	74	37.0	63.74010326781429	1454.0	2	582
SC_RS03410		SCO0298	LysR family transcriptional regulator	LysR	292656	293519	-	293519.0	1	0	Shielded	0	0.0	0	0.0	1	0.5	0	0.0	0	0.0	0	0.0	4	6.666666666666667	4	4.0	6	3.0	20	33.333333333333336	28	28.0	60	30.0	72.33333333333334	1.185216652506372	24	40.0	71.5	1.2214601146293338	30	30.0	72.05	1.1673601479426723	56	28.0	466.6920804150581	917.0	2	864
SC_RS03430		SCO0302	TetR/AcrR family transcriptional regulator	TetR	297515	298108	-	298108.0	1	0	Shielded	0	0.0	0	0.0	0	0.0	0	0.0	0	0.0	0	0.0	4	6.666666666666667	4	4.0	4	2.0	28	46.66666666666667	44	44.0	80	40.0	74.66666666666667	1.1857470805469608	32	53.333333333333336	74.2	1.1337868480725624	41	41.0	73.0	1.1561561561561562	85	42.5	103.0264658729036	78.0	3	594
SC_RS03450		SCO0307	helix-turn-helix domain-containing protein	HTH (other)	303084	303971	+	303084.0	1	0	Shielded	0	0.0	0	0.0	0	0.0	0	0.0	0	0.0	0	0.0	10	16.666666666666668	12	12.0	12	6.0	36	60.0	50	50.0	84	42.0	75.0	1.080246913580247	26	43.333333333333336	73.6	1.1445534026465027	44	44.0	72.95	1.1245886224729666	69	34.5	53.45054970010108	1583.0	1	888
SC_RS03465		SCO0310	TetR/AcrR family transcriptional regulator	TetR	306816	307460	-	307460.0	1	0	Shielded	0	0.0	0	0.0	0	0.0	1	1.6666666666666667	1	1.0	1	0.5	2	3.3333333333333335	2	2.0	6	3.0	20	33.333333333333336	32	32.0	76	38.0	68.66666666666667	1.2869163504372214	18	30.0	70.19999999999999	1.234116835139853	24	24.0	70.89999999999999	1.166772857597961	53	26.5	67.45623252721481	636.0	2	645
SC_RS03495		SCO0316	PucR family transcriptional regulator	Other regulatory	315254	316921	-	316921.0	1	0	Shielded	0	0.0	0	0.0	0	0.0	0	0.0	0	0.0	1	0.5	2	3.3333333333333335	4	4.0	6	3.0	38	63.333333333333336	58	58.0	84	42.0	75.66666666666667	1.0966575278539346	33	55.0	76.2	1.0478350487036487	46	46.0	76.8	1.0855405992184108	77	38.5	49.5742095023473	699.0	6	1668
SC_RS03575		SCO0332	TetR/AcrR family transcriptional regulator	TetR	333529	334149	+	333529.0	1	0	Shielded	0	0.0	0	0.0	0	0.0	0	0.0	0	0.0	0	0.0	4	6.666666666666667	6	6.0	12	6.0	16	26.666666666666668	28	28.0	72	36.0	72.83333333333334	1.133691635875042	28	46.66666666666667	72.8	1.1903671824924458	45	45.0	73.35000000000001	1.1878620731003575	90	45.0	50.25235622648445	522.0	3	621
SC_RS03600		SCO0337	TetR/AcrR family transcriptional regulator	TetR	340752	341318	+	340752.0	1	0	Shielded	0	0.0	0	0.0	0	0.0	0	0.0	0	0.0	0	0.0	6	10.0	6	6.0	16	8.0	28	46.66666666666667	38	38.0	80	40.0	71.83333333333334	1.1168831168831168	16	26.666666666666668	72.7	1.1752039547508568	29	29.0	74.35000000000001	1.1759384893713252	62	31.0	80.77247720684656	268.0	1	567
SC_RS03630		SCO0344	GntR family transcriptional regulator	GntR	348206	349381	+	348206.0	1	0	Shielded	0	0.0	0	0.0	0	0.0	0	0.0	0	0.0	0	0.0	2	3.3333333333333335	6	6.0	14	7.0	30	50.0	68	68.0	110	55.0	71.16666666666667	1.107059702148223	11	18.333333333333336	73.0	1.1401303221811976	28	28.0	71.7	1.1469925582030451	56	28.0	73.68039877743618	351.0	2	1176
SC_RS03635		SCO0345	IclR family transcriptional regulator	IclR	349419	350201	-	350201.0	1	0	Shielded	0	0.0	1	1.0	2	1.0	0	0.0	0	0.0	0	0.0	6	10.0	8	8.0	10	5.0	28	46.66666666666667	44	44.0	82	41.0	71.66666666666667	1.2603950103950106	38	63.333333333333336	73.3	1.1591211618133141	52	52.0	73.05	1.1632328084355084	86	43.0	48.330145289609455	465.0	1	783
SC_RS03695		SCO0357	FadR/GntR family transcriptional regulator	GntR	361759	362508	-	362508.0	1	0	Shielded	0	0.0	0	0.0	0	0.0	0	0.0	0	0.0	0	0.0	2	3.3333333333333335	2	2.0	2	1.0	22	36.66666666666667	30	30.0	72	36.0	69.83333333333334	1.121290851907562	15	25.0	69.6	1.1644423890063424	27	27.0	72.39999999999999	1.2258107630767467	69	34.5	160.39449189567853	1447.0	3	750
SC_RS03710		SCO0360	LacI family DNA-binding transcriptional regulator	LacI	364559	365602	-	365602.0	1	0	Shielded	0	0.0	0	0.0	1	0.5	0	0.0	1	1.0	1	0.5	0	0.0	2	2.0	8	4.0	14	23.333333333333336	30	30.0	80	40.0	73.33333333333333	1.2396694214876034	21	35.0	73.3	1.1375542583445593	34	34.0	74.55000000000001	1.148663733193141	82	41.0	158.0496524428533	133.0	4	1044
SC_RS03790		SCO0376	helix-turn-helix domain-containing protein	HTH (other)	391232	391834	+	391232.0	1	0	Shielded	0	0.0	1	1.0	1	0.5	1	1.6666666666666667	1	1.0	1	0.5	4	6.666666666666667	8	8.0	16	8.0	10	16.666666666666668	26	26.0	66	33.0	68.66666666666667	1.038406827880512	25	41.66666666666667	70.1	1.0834147930922124	41	41.0	72.85000000000001	1.0953274840327691	76	38.0	65.12025644879927	24.0	4	603
SC_RS03945		SCO0407	MerR family transcriptional regulator	MerR	427610	428614	+	427610.0	1	0	Shielded	0	0.0	1	1.0	1	0.5	0	0.0	0	0.0	0	0.0	0	0.0	4	4.0	6	3.0	24	40.0	42	42.0	66	33.0	74.33333333333333	1.197942926288192	27	45.0	75.0	1.1543723634705279	42	42.0	74.1	1.2178558080600905	80	40.0	57.15842581998693	366.0	4	1005
SC_RS03980	sigJ	SCO0414	RNA polymerase sigma factor SigJ	Sigma factor	432617	433513	-	433513.0	1	0	Shielded	0	0.0	0	0.0	0	0.0	0	0.0	0	0.0	0	0.0	2	3.3333333333333335	4	4.0	8	4.0	24	40.0	38	38.0	70	35.0	71.5	1.1273760104872188	21	35.0	72.39999999999999	1.1148186892481082	30	30.0	73.1	1.1119597448108545	78	39.0	105.63573597238538	270.0	2	897
SC_RS04015		SCO0421	response regulator transcription factor	Response regulator	438329	439000	-	439000.0	1	0	Shielded	0	0.0	0	0.0	1	0.5	0	0.0	0	0.0	0	0.0	2	3.3333333333333335	4	4.0	12	6.0	18	30.0	34	34.0	76	38.0	73.0	1.2645301466594243	15	25.0	74.5	1.2134831460674158	29	29.0	74.75	1.2090343159952668	68	34.0	24.02211733982177	1613.0	1	672
SC_RS04020		SCO0422	sensor histidine kinase	Sensor kinase	438997	440190	-	440190.0	1	0	Shielded	0	0.0	1	1.0	1	0.5	0	0.0	0	0.0	0	0.0	4	6.666666666666667	10	10.0	12	6.0	12	20.0	28	28.0	60	30.0	76.33333333333333	1.0895392639814545	21	35.0	74.9	1.1530035743110802	37	37.0	73.75	1.1547952213294814	65	32.5	38.52320353606066	423.0	3	1194
SC_RS04050		SCO0428	TetR/AcrR family transcriptional regulator	TetR	445611	446144	+	445611.0	1	0	Shielded	0	0.0	0	0.0	0	0.0	0	0.0	0	0.0	0	0.0	2	3.3333333333333335	4	4.0	8	4.0	20	33.333333333333336	34	34.0	76	38.0	75.83333333333333	1.1476930210990028	32	53.333333333333336	74.7	1.1757789535567313	50	50.0	74.05000000000001	1.1855169948420892	99	49.5	63.10547918021129	1431.0	3	534
SC_RS04060		SCO0430	TetR/AcrR family transcriptional regulator	TetR	447245	447868	+	447245.0	1	0	Shielded	0	0.0	0	0.0	1	0.5	0	0.0	0	0.0	0	0.0	8	13.333333333333334	8	8.0	16	8.0	28	46.66666666666667	36	36.0	80	40.0	73.83333333333333	1.2723787773744955	39	65.0	73.9	1.2673992673992673	56	56.0	73.4	1.2760416666666665	88	44.0	164.06032145099752	61.0	3	624
SC_RS04075		SCO0433	helix-turn-helix domain-containing protein	HTH (other)	453370	454374	+	453370.0	1	0	Shielded	0	0.0	0	0.0	0	0.0	0	0.0	0	0.0	0	0.0	2	3.3333333333333335	2	2.0	6	3.0	20	33.333333333333336	28	28.0	60	30.0	75.0	1.2117852051322668	18	30.0	73.2	1.1575197711844787	28	28.0	73.5	1.1699370603480193	60	30.0	70.32013303174631	2199.0	0	1005
SC_RS04145		SCO0447	MarR family winged helix-turn-helix transcriptional regulator	MarR	465990	466436	+	465990.0	1	0	Shielded	0	0.0	0	0.0	0	0.0	0	0.0	1	1.0	1	0.5	2	3.3333333333333335	4	4.0	10	5.0	16	26.666666666666668	24	24.0	66	33.0	68.16666666666666	1.061692969870875	19	31.666666666666668	69.8	1.1206328279499012	33	33.0	73.65	1.178478543563069	81	40.5	26.372570069956694	480.0	4	447
SC_RS04195		SCO0456	LacI family DNA-binding transcriptional regulator	LacI	475628	476671	+	475628.0	1	0	Shielded	0	0.0	0	0.0	0	0.0	0	0.0	0	0.0	0	0.0	2	3.3333333333333335	2	2.0	2	1.0	20	33.333333333333336	30	30.0	48	24.0	70.33333333333334	1.0118726389638424	18	30.0	71.5	1.081301322635241	30	30.0	71.7	1.1544619368829137	54	27.0	22.66212909134369	975.0	2	1044
SC_RS04245		SCO0466	GlxA family transcriptional regulator	Other regulatory	487618	488601	+	487618.0	1	0	Shielded	0	0.0	0	0.0	0	0.0	0	0.0	0	0.0	1	0.5	2	3.3333333333333335	4	4.0	8	4.0	20	33.333333333333336	38	38.0	76	38.0	68.66666666666667	1.2046485260770974	14	23.333333333333336	71.7	1.2494143370295174	32	32.0	71.15	1.1745490641177239	66	33.0	36.11288719186357	878.0	2	984
SC_RS04270		SCO0471	helix-turn-helix domain-containing protein	HTH (other)	491901	492881	+	491901.0	1	1	Exposed	0	0.0	0	0.0	3	1.5	0	0.0	0	0.0	0	0.0	2	3.3333333333333335	4	4.0	10	5.0	32	53.333333333333336	46	46.0	98	49.0	75.66666666666667	1.1834781759593789	28	46.66666666666667	76.2	1.1850953588358506	50	50.0	75.9	1.1953741799177138	96	48.0	54.117421729534186	239.0	5	981
SC_RS04345		SCO0485	TetR/AcrR family transcriptional regulator	TetR	504854	505465	+	504854.0	1	0	Shielded	0	0.0	0	0.0	1	0.5	0	0.0	0	0.0	0	0.0	2	3.3333333333333335	6	6.0	12	6.0	10	16.666666666666668	28	28.0	64	32.0	68.16666666666666	1.1908177905308464	17	28.333333333333336	70.3	1.2143585758002622	28	28.0	71.39999999999999	1.2161942144464257	71	35.5	87.45004423505787	856.0	3	612
SC_RS04355		SCO0487	MarR family winged helix-turn-helix transcriptional regulator	MarR	506842	507348	+	506842.0	1	0	Shielded	0	0.0	0	0.0	0	0.0	0	0.0	0	0.0	1	0.5	0	0.0	2	2.0	8	4.0	22	36.66666666666667	34	34.0	74	37.0	69.0	1.1930103628155044	19	31.666666666666668	71.39999999999999	1.2300510944300764	35	35.0	71.55	1.2386441340236396	70	35.0	54.23308337610128	737.0	3	507
SC_RS04460		SCO0508	acyl-CoA-like ligand-binding transcription factor	Other regulatory	543545	544087	+	543545.0	1	0	Shielded	0	0.0	0	0.0	0	0.0	0	0.0	0	0.0	1	0.5	4	6.666666666666667	6	6.0	10	5.0	34	56.66666666666667	54	54.0	90	45.0	73.66666666666667	1.179433626144112	24	40.0	74.3	1.1455750351648033	31	31.0	72.5	1.1533432680723752	63	31.5	42.02299443294939	272.0	3	543
SC_RS04480		SCO0512	TetR/AcrR family transcriptional regulator	TetR	547135	547743	-	547743.0	1	0	Shielded	0	0.0	0	0.0	1	0.5	0	0.0	0	0.0	1	0.5	0	0.0	0	0.0	6	3.0	8	13.333333333333334	14	14.0	40	20.0	70.5	1.1185481335070302	24	40.0	70.7	1.0812802357991862	37	37.0	71.89999999999999	1.0948940409521322	75	37.5	84.34154159507092	639.0	1	609
SC_RS04515		SCO0520	TetR/AcrR family transcriptional regulator	TetR	553277	553861	+	553277.0	1	0	Shielded	0	0.0	0	0.0	0	0.0	0	0.0	0	0.0	0	0.0	0	0.0	6	6.0	6	3.0	16	26.666666666666668	26	26.0	62	31.0	70.83333333333334	1.0764119601328903	15	25.0	71.2	1.160477453580902	38	38.0	72.1	1.1619138490897059	69	34.5	52.8904281943876	1047.0	1	585
SC_RS04520		SCO0521	TetR/AcrR family transcriptional regulator	TetR	553892	554473	+	553892.0	1	0	Shielded	0	0.0	0	0.0	0	0.0	0	0.0	0	0.0	0	0.0	2	3.3333333333333335	2	2.0	4	2.0	14	23.333333333333336	28	28.0	56	28.0	74.0	1.1931091857232716	26	43.333333333333336	74.0	1.198173515981735	35	35.0	73.85000000000001	1.1773119876767344	77	38.5	135.32981110817587	432.0	1	582
SC_RS04530		SCO0523	Lrp/AsnC family transcriptional regulator	Lrp	555468	555905	-	555905.0	1	0	Shielded	0	0.0	0	0.0	0	0.0	0	0.0	0	0.0	0	0.0	0	0.0	2	2.0	2	1.0	14	23.333333333333336	24	24.0	52	26.0	68.66666666666667	1.2456649444405126	20	33.333333333333336	70.0	1.2199215647745603	36	36.0	70.6	1.2694331739846543	62	31.0	41.590717797774126	1581.0	1	438
SC_RS04565		SCO0530	GntR family transcriptional regulator	GntR	561731	562576	-	562576.0	1	0	Shielded	0	0.0	0	0.0	0	0.0	0	0.0	1	1.0	1	0.5	2	3.3333333333333335	4	4.0	4	2.0	18	30.0	26	26.0	62	31.0	68.83333333333333	1.1015393306030221	13	21.666666666666668	68.7	1.068684161422198	33	33.0	69.95	1.0510645607204494	62	31.0	104.76252545931855	397.0	3	846
SC_RS04670		SCO0551	sensor histidine kinase	Sensor kinase	590981	592309	-	592309.0	1	0	Shielded	0	0.0	0	0.0	0	0.0	0	0.0	0	0.0	0	0.0	2	3.3333333333333335	4	4.0	4	2.0	14	23.333333333333336	32	32.0	78	39.0	73.0	1.2032770097286225	21	35.0	74.2	1.1643915870877029	26	26.0	73.8	1.1475988700564972	55	27.5	96.033361425094	231.0	4	1329
SC_RS04675		SCO0552	response regulator transcription factor	Response regulator	592306	592995	-	592995.0	1	0	Shielded	0	0.0	0	0.0	0	0.0	0	0.0	0	0.0	0	0.0	0	0.0	4	4.0	8	4.0	24	40.0	38	38.0	66	33.0	71.16666666666667	1.1725955204216072	12	20.0	74.1	1.1479629142171917	32	32.0	73.85000000000001	1.1759935117599352	58	29.0	30.993425950424367	455.0	6	690
SC_RS04705		SCO0557	MerR family transcriptional regulator	MerR	598747	599769	+	598747.0	1	0	Shielded	0	0.0	0	0.0	0	0.0	0	0.0	0	0.0	0	0.0	4	6.666666666666667	8	8.0	12	6.0	28	46.66666666666667	50	50.0	110	55.0	74.66666666666667	1.2131889251466437	13	21.666666666666668	76.3	1.180613090306545	21	21.0	77.10000000000001	1.095853459103592	58	29.0	302.90549386040504	571.0	3	1023
SC_RS04725		SCO0561	Fur family transcriptional regulator	Other regulatory	603385	603840	-	603840.0	1	0	Shielded	0	0.0	0	0.0	1	0.5	0	0.0	0	0.0	0	0.0	0	0.0	0	0.0	2	1.0	22	36.66666666666667	30	30.0	50	25.0	70.0	1.200573000750358	10	16.666666666666668	69.5	1.1677760539178887	18	18.0	69.3	1.1204013377926423	37	18.5	626.035704134476	3727.0	0	456
SC_RS04795		SCO0574	IclR family transcriptional regulator	IclR	616253	617086	+	616253.0	1	0	Shielded	0	0.0	0	0.0	0	0.0	0	0.0	0	0.0	0	0.0	2	3.3333333333333335	4	4.0	6	3.0	18	30.0	36	36.0	70	35.0	71.0	1.0853020978095427	11	18.333333333333336	73.3	1.1539606908874331	26	26.0	72.45	1.1435323714955496	67	33.5	52.26913411391209	1424.0	2	834
SC_RS04835		SCO0582	FadR/GntR family transcriptional regulator	GntR	624273	625034	+	624273.0	1	0	Shielded	0	0.0	0	0.0	1	0.5	0	0.0	0	0.0	1	0.5	0	0.0	0	0.0	4	2.0	18	30.0	24	24.0	52	26.0	69.0	1.0090393104898046	11	18.333333333333336	69.69999999999999	1.0548697071088329	18	18.0	70.0	1.0414305580229972	41	20.5	176.78034215190206	721.0	4	762
SC_RS04865		SCO0588	sensor histidine kinase	Sensor kinase	629185	630912	-	630912.0	1	0	Shielded	0	0.0	0	0.0	0	0.0	1	1.6666666666666667	1	1.0	1	0.5	2	3.3333333333333335	2	2.0	6	3.0	34	56.66666666666667	52	52.0	92	46.0	74.5	1.0323886639676114	26	43.333333333333336	75.3	1.0474909760067945	36	36.0	74.7	1.054428600120506	61	30.5	1920.0965723621264	105.0	3	1728
SC_RS04870		SCO0589	LysR family transcriptional regulator	LysR	631216	632103	-	632103.0	1	0	Shielded	0	0.0	0	0.0	0	0.0	0	0.0	0	0.0	0	0.0	4	6.666666666666667	4	4.0	6	3.0	28	46.66666666666667	46	46.0	90	45.0	73.16666666666667	1.1772564081155548	21	35.0	74.7	1.191279261693913	32	32.0	75.3	1.143645794542621	68	34.0	52.588621819407486	1086.0	1	888
SC_RS04920		SCO0599	anti-sigma factor RsbA family regulatory protein	Sigma factor	638801	639730	+	638801.0	1	0	Shielded	0	0.0	0	0.0	1	0.5	0	0.0	0	0.0	0	0.0	0	0.0	2	2.0	6	3.0	30	50.0	50	50.0	86	43.0	72.83333333333334	1.1510245383253226	20	33.333333333333336	72.7	1.146440719144801	38	38.0	72.95	1.1576954695265893	74	37.0	476.5257679737931	126.0	3	930
SC_RS04925		SCO0600	RNA polymerase sigma factor SigF	Sigma factor	639859	640704	+	639859.0	1	0	Shielded	0	0.0	0	0.0	1	0.5	0	0.0	0	0.0	0	0.0	4	6.666666666666667	6	6.0	10	5.0	22	36.66666666666667	32	32.0	76	38.0	69.33333333333334	1.2072434607645877	30	50.0	71.1	1.123969035444601	43	43.0	71.95	1.1594247707237515	80	40.0	554.6901747342122	932.0	2	846
SC_RS04950		SCO0605	GlxA family transcriptional regulator	Other regulatory	645297	646232	+	645297.0	1	0	Shielded	0	0.0	0	0.0	0	0.0	0	0.0	0	0.0	0	0.0	2	3.3333333333333335	2	2.0	2	1.0	32	53.333333333333336	46	46.0	82	41.0	69.5	1.145564961354435	18	30.0	71.39999999999999	1.1142061281337048	50	50.0	72.45	1.1050355326080743	79	39.5	32.19798205842999	278.0	4	936
SC_RS04965	slbR	SCO0608	gamma-butyrolactone-binding regulator SlbR	Other regulatory	647887	648765	+	647887.0	1	0	Shielded	0	0.0	0	0.0	1	0.5	0	0.0	2	2.0	4	2.0	6	10.0	8	8.0	14	7.0	14	23.333333333333336	32	32.0	60	30.0	69.0	1.0786076156234679	16	26.666666666666668	71.0	1.096726509787092	33	33.0	73.05	1.1356438500950117	68	34.0	1274.994903874055	347.0	16	879
SC_RS04975		SCO0610	GntR family transcriptional regulator	GntR	649840	650610	+	649840.0	1	0	Shielded	0	0.0	1	1.0	2	1.0	0	0.0	0	0.0	0	0.0	0	0.0	4	4.0	10	5.0	14	23.333333333333336	32	32.0	90	45.0	74.83333333333333	1.0998206814106395	17	28.333333333333336	74.1	1.1044632016267062	33	33.0	75.05	1.0507693132471987	76	38.0	77.91963300273865	14.0	15	771
SC_RS05020		SCO0620	metal-sensitive transcriptional regulator	Other regulatory	661329	661607	-	661607.0	1	0	Shielded	0	0.0	0	0.0	0	0.0	0	0.0	0	0.0	0	0.0	6	10.0	8	8.0	10	5.0	24	40.0	42	42.0	76	38.0	72.5	1.0982858127315014	33	55.0	75.4	1.144447662712906	47	47.0	75.2	1.1496631486974316	89	44.5	141.863087508812	342.0	5	279
SC_RS05030		SCO0622	TetR/AcrR family transcriptional regulator	TetR	662373	663014	+	662373.0	1	0	Shielded	0	0.0	0	0.0	2	1.0	0	0.0	0	0.0	0	0.0	0	0.0	0	0.0	8	4.0	18	30.0	34	34.0	66	33.0	72.33333333333334	1.197731954384251	24	40.0	75.4	1.1615791845010137	45	45.0	72.8	1.128317746393548	87	43.5	228.23415790853736	779.0	4	642
SC_RS05065		SCO0629	LacI family DNA-binding transcriptional regulator	LacI	671618	672727	-	672727.0	1	0	Shielded	0	0.0	0	0.0	0	0.0	0	0.0	0	0.0	0	0.0	10	16.666666666666668	14	14.0	16	8.0	28	46.66666666666667	50	50.0	82	41.0	73.5	1.1278661433588102	35	58.333333333333336	75.0	1.1417072805246147	52	52.0	74.85000000000001	1.2379124132115753	83	41.5	40.87102220594213	954.0	2	1110
SC_RS05075		SCO0632	sigma-70 family RNA polymerase sigma factor	Sigma factor	673733	674317	+	673733.0	1	1	Exposed	0	0.0	0	0.0	0	0.0	0	0.0	0	0.0	0	0.0	0	0.0	0	0.0	2	1.0	12	20.0	24	24.0	64	32.0	71.33333333333334	1.1594202898550723	19	31.666666666666668	71.1	1.1701585684264153	29	29.0	73.3	1.1544920235096559	62	31.0	16.630401452366712	52.0	1	585
SC_RS05120		SCO0640	BlaI/MecI/CopY family transcriptional regulator	Other regulatory	681435	681863	-	681863.0	1	0	Shielded	0	0.0	0	0.0	0	0.0	0	0.0	0	0.0	0	0.0	4	6.666666666666667	4	4.0	8	4.0	20	33.333333333333336	36	36.0	76	38.0	69.66666666666667	1.1200221238938055	21	35.0	70.3	1.1443876308741174	37	37.0	73.0	1.1265997716757796	60	30.0	238.06276391041015	2131.0	0	429
SC_RS05150		SCO0646	TetR/AcrR family transcriptional regulator	TetR	688679	689263	+	688679.0	1	0	Shielded	0	0.0	0	0.0	0	0.0	0	0.0	0	0.0	0	0.0	2	3.3333333333333335	2	2.0	2	1.0	22	36.66666666666667	38	38.0	76	38.0	73.33333333333333	1.0175590990879197	19	31.666666666666668	74.9	1.0935757783686424	22	22.0	75.6	1.1085929990247188	38	19.0	32.58155931270201	1516.0	1	585
SC_RS05265		SCO0669	TetR/AcrR family transcriptional regulator	TetR	709071	709688	+	709071.0	1	0	Shielded	0	0.0	0	0.0	0	0.0	0	0.0	0	0.0	0	0.0	2	3.3333333333333335	4	4.0	6	3.0	18	30.0	36	36.0	58	29.0	75.0	1.1970370370370371	26	43.333333333333336	75.3	1.1796284523557252	38	38.0	75.9	1.143757050705983	71	35.5	64.03323433883776	5345.0	0	618
SC_RS05410			GlxA family transcriptional regulator	Other regulatory	738527	739524	+	738527.0	1	0	Shielded	0	0.0	0	0.0	0	0.0	0	0.0	0	0.0	0	0.0	4	6.666666666666667	4	4.0	8	4.0	28	46.66666666666667	48	48.0	88	44.0	73.16666666666667	1.1882426516572857	25	41.66666666666667	74.4	1.1648518612306913	52	52.0	73.5	1.111934766493699	78	39.0	79.93338553832567	1527.0	2	998
SC_RS05445			helix-turn-helix domain-containing protein	HTH (other)	743929	744847	+	743929.0	1	0	Shielded	0	0.0	0	0.0	1	0.5	1	1.6666666666666667	1	1.0	1	0.5	4	6.666666666666667	4	4.0	10	5.0	14	23.333333333333336	24	24.0	66	33.0	70.5	1.1670020120724347	26	43.333333333333336	69.0	1.1600440480493608	40	40.0	71.3	1.1937593570246632	78	39.0	1238.0746027456753	880.0	1	919
SC_RS05480		SCO0711	PucR family transcriptional regulator	Other regulatory	751917	753197	-	753197.0	1	0	Shielded	0	0.0	1	1.0	1	0.5	0	0.0	0	0.0	0	0.0	0	0.0	4	4.0	14	7.0	22	36.66666666666667	36	36.0	100	50.0	75.33333333333333	1.014729307191599	19	31.666666666666668	76.4	1.0714285714285714	46	46.0	78.45	1.1067978281949402	92	46.0	26.903620411998688	392.0	6	1281
SC_RS05485		SCO0712	helix-turn-helix transcriptional regulator	HTH (other)	753318	756143	-	756143.0	1	1	Exposed	1	1.6666666666666667	1	1.0	1	0.5	0	0.0	0	0.0	0	0.0	8	13.333333333333334	10	10.0	14	7.0	40	66.66666666666667	58	58.0	104	52.0	73.5	1.1789525936957062	44	73.33333333333334	73.6	1.1867442901925662	56	56.0	74.95	1.1689596259329198	91	45.5	51.093845671660496	114.0	4	2826
SC_RS05490	bdeA	SCO0713	bis(hydroxyethyl) terephthalate hydrolase	HTH (other)	756314	757246	-	757246.0	1	0	Shielded	0	0.0	0	0.0	0	0.0	0	0.0	0	0.0	0	0.0	0	0.0	0	0.0	6	3.0	36	60.0	50	50.0	90	45.0	77.16666666666666	1.1406844106463878	19	31.666666666666668	76.2	1.1425687468894792	31	31.0	74.8	1.1341915261760898	65	32.5	23.606023365749312	989.0	3	933
SC_RS05550		SCO0724	MurR/RpiR family transcriptional regulator	Other regulatory	768450	769367	+	768450.0	1	0	Shielded	0	0.0	0	0.0	0	0.0	0	0.0	0	0.0	1	0.5	4	6.666666666666667	4	4.0	6	3.0	32	53.333333333333336	52	52.0	106	53.0	73.0	1.213511259382819	29	48.333333333333336	73.8	1.197191374346319	46	46.0	74.0	1.1555536052541122	70	35.0	148.48991289069784	741.0	6	918
SC_RS05570		SCO0728	TetR family transcriptional regulator	TetR	771628	772362	+	771628.0	1	0	Shielded	0	0.0	0	0.0	0	0.0	0	0.0	0	0.0	0	0.0	2	3.3333333333333335	2	2.0	6	3.0	16	26.666666666666668	28	28.0	56	28.0	71.5	1.1383957779037817	14	23.333333333333336	72.0	1.1772359738529692	35	35.0	73.0	1.2268184007707128	83	41.5	41.68973249559702	396.0	4	735
SC_RS05600		SCO0734	ROK family transcriptional regulator	ROK	776554	777720	-	777720.0	1	0	Shielded	1	1.6666666666666667	3	3.0	4	2.0	0	0.0	0	0.0	0	0.0	4	6.666666666666667	10	10.0	14	7.0	32	53.333333333333336	48	48.0	80	40.0	69.5	1.1059907834101383	15	25.0	71.5	1.1599109689958933	35	35.0	71.95	1.1552207089732445	63	31.5	66.70690316048109	323.0	4	1167
SC_RS05655		SCO0745	TetR/AcrR family transcriptional regulator	TetR	786984	787643	-	787643.0	1	0	Shielded	0	0.0	0	0.0	0	0.0	0	0.0	0	0.0	0	0.0	2	3.3333333333333335	4	4.0	8	4.0	12	20.0	26	26.0	62	31.0	73.83333333333333	0.9968003937976864	24	40.0	72.8	1.147758849824816	41	41.0	71.3	1.208021736521409	83	41.5	26.923961561518265	1805.0	1	660
SC_RS05790		SCO0772	TetR/AcrR family transcriptional regulator	TetR	821295	821873	+	821295.0	1	0	Shielded	0	0.0	0	0.0	0	0.0	0	0.0	0	0.0	0	0.0	2	3.3333333333333335	4	4.0	4	2.0	22	36.66666666666667	26	26.0	64	32.0	71.16666666666667	1.1604641856742697	12	20.0	71.8	1.1544011544011543	18	18.0	73.4	1.1219893131449807	39	19.5	79.90985941949502	361.0	2	579
SC_RS05835		SCO0781	anti-sigma factor antagonist	Sigma factor	828403	828789	+	828403.0	1	0	Shielded	0	0.0	0	0.0	0	0.0	0	0.0	0	0.0	0	0.0	0	0.0	4	4.0	6	3.0	24	40.0	48	48.0	90	45.0	70.33333333333334	1.0945945945945945	19	31.666666666666668	71.7	1.1213047910295617	34	34.0	72.5	1.1375261478325929	67	33.5	74.21134547358123	610.0	4	387
SC_RS05845	otr(A)	SCO0783	tetracycline resistance ribosomal protection protein Otr(A)	TetR	829910	831817	+	829910.0	1	0	Shielded	0	0.0	0	0.0	0	0.0	0	0.0	0	0.0	0	0.0	2	3.3333333333333335	6	6.0	10	5.0	16	26.666666666666668	32	32.0	80	40.0	71.66666666666667	1.2195121951219512	40	66.66666666666667	72.2	1.243435279579858	69	69.0	74.25	1.226020744125469	100	50.0	89.08864512160761	501.0	2	1908
SC_RS05900		SCO0794	ROK family transcriptional regulator	ROK	840399	841688	-	841688.0	1	0	Shielded	0	0.0	0	0.0	0	0.0	0	0.0	0	0.0	0	0.0	2	3.3333333333333335	4	4.0	10	5.0	12	20.0	28	28.0	60	30.0	67.66666666666666	1.101645123384254	13	21.666666666666668	70.5	1.145623235175474	32	32.0	72.35000000000001	1.0891997248337537	64	32.0	181.99441810639672	1216.0	1	1290
SC_RS05930		SCO0800	TetR/AcrR family transcriptional regulator	TetR	846917	847525	-	847525.0	1	0	Shielded	0	0.0	0	0.0	0	0.0	0	0.0	0	0.0	0	0.0	2	3.3333333333333335	2	2.0	2	1.0	16	26.666666666666668	34	34.0	72	36.0	70.33333333333334	1.1751198757344499	13	21.666666666666668	72.2	1.1893799877225293	18	18.0	73.15	1.1752904539465805	59	29.5	79.01615985476853	1603.0	2	609
SC_RS05945	sigJ	SCO0803	RNA polymerase sigma factor SigJ	Sigma factor	850100	851074	-	851074.0	1	0	Shielded	0	0.0	0	0.0	0	0.0	0	0.0	0	0.0	0	0.0	4	6.666666666666667	6	6.0	12	6.0	20	33.333333333333336	36	36.0	86	43.0	73.5	1.0820895522388059	16	26.666666666666668	73.5	1.1336188373368108	24	24.0	74.9	1.1837695215003923	61	30.5	302.0062270738613	47.0	4	975
SC_RS05960		SCO0806	LacI family DNA-binding transcriptional regulator	LacI	853340	854365	-	854365.0	1	0	Shielded	0	0.0	0	0.0	0	0.0	0	0.0	0	0.0	0	0.0	0	0.0	0	0.0	4	2.0	16	26.666666666666668	26	26.0	54	27.0	71.33333333333334	1.0914590045367873	14	23.333333333333336	70.6	1.201293204227907	26	26.0	70.95	1.175012989089165	58	29.0	55.53923532570454	1215.0	2	1026
SC_RS06040		SCO0822	helix-turn-helix transcriptional regulator	HTH (other)	871406	872086	-	872086.0	1	0	Shielded	0	0.0	0	0.0	1	0.5	0	0.0	0	0.0	0	0.0	0	0.0	0	0.0	6	3.0	16	26.666666666666668	28	28.0	68	34.0	67.0	1.2772277227722773	21	35.0	71.1	1.263629716756207	30	30.0	73.55000000000001	1.1821781073997657	71	35.5	54.90165235271988	140.0	2	681
SC_RS06045		SCO0823	GntR family transcriptional regulator	GntR	872193	872633	+	872193.0	1	1	Exposed	0	0.0	0	0.0	1	0.5	0	0.0	0	0.0	0	0.0	0	0.0	0	0.0	6	3.0	20	33.333333333333336	34	34.0	70	35.0	69.0	1.2742718446601944	16	26.666666666666668	71.1	1.236152712404317	30	30.0	73.6	1.1987670884619597	68	34.0	79.41156122099117	247.0	2	441
SC_RS06130		SCO0840	MarR family winged helix-turn-helix transcriptional regulator	MarR	888194	888700	-	888700.0	1	0	Shielded	0	0.0	0	0.0	0	0.0	0	0.0	0	0.0	0	0.0	4	6.666666666666667	4	4.0	8	4.0	30	50.0	40	40.0	80	40.0	74.5	1.1551883197625445	17	28.333333333333336	74.8	1.2195821854912765	23	23.0	73.45	1.197008222926053	52	26.0	49.189602447615414	1924.0	1	507
SC_RS06215		SCO0857	TetR/AcrR family transcriptional regulator	TetR	904019	904747	+	904019.0	1	0	Shielded	0	0.0	0	0.0	0	0.0	0	0.0	0	0.0	1	0.5	0	0.0	0	0.0	4	2.0	30	50.0	40	40.0	74	37.0	71.33333333333334	1.188466473090688	19	31.666666666666668	71.39999999999999	1.1817310763334399	32	32.0	71.85000000000001	1.175010149589332	56	28.0	372.0409402863768	1911.0	1	729
SC_RS06250		SCO0864	sigma-70 family RNA polymerase sigma factor	Sigma factor	911343	911939	-	911939.0	1	0	Shielded	0	0.0	1	1.0	2	1.0	0	0.0	0	0.0	0	0.0	4	6.666666666666667	6	6.0	12	6.0	22	36.66666666666667	36	36.0	90	45.0	76.33333333333333	1.1291981141227372	29	48.333333333333336	75.2	1.1029280962037926	43	43.0	75.5	1.080331630139493	91	45.5	191.0545323572935	428.0	6	597
SC_RS06260		SCO0866	sigma-70 family RNA polymerase sigma factor	Sigma factor	912931	913572	-	913572.0	1	0	Shielded	0	0.0	0	0.0	0	0.0	0	0.0	1	1.0	2	1.0	6	10.0	6	6.0	8	4.0	28	46.66666666666667	36	36.0	74	37.0	72.83333333333334	1.0913705583756346	22	36.66666666666667	72.6	1.1949993871798013	35	35.0	72.7	1.1327817178881008	71	35.5	242.7265842631851	415.0	5	642
SC_RS06280		SCO0870	response regulator	Response regulator	916336	916785	-	916785.0	1	0	Shielded	0	0.0	0	0.0	0	0.0	0	0.0	1	1.0	1	0.5	0	0.0	0	0.0	10	5.0	16	26.666666666666668	26	26.0	56	28.0	65.83333333333333	1.1143785791673115	9	15.0	66.2	1.1026168773890033	15	15.0	68.85	1.12699448365858	58	29.0	148.55556145873277	362.0	5	450
SC_RS06285		SCO0871	sensor histidine kinase	Sensor kinase	916782	918377	-	918377.0	1	0	Shielded	0	0.0	1	1.0	1	0.5	1	1.6666666666666667	1	1.0	1	0.5	6	10.0	8	8.0	12	6.0	16	26.666666666666668	32	32.0	58	29.0	70.66666666666667	1.0841968023056339	19	31.666666666666668	71.8	1.1131110269041304	25	25.0	71.55	1.0919431875314227	59	29.5	585.5685599987723	188.0	4	1596
SC_RS06300		SCO0875	ArsR/SmtB family transcription factor	ArsR	921420	921755	-	921755.0	1	0	Shielded	0	0.0	0	0.0	0	0.0	0	0.0	0	0.0	1	0.5	0	0.0	2	2.0	8	4.0	18	30.0	40	40.0	76	38.0	67.66666666666666	1.2013771884843603	17	28.333333333333336	67.9	1.1801730920535012	26	26.0	69.85	1.1719237002867473	55	27.5	22.808872855804637	322.0	2	336
SC_RS06310		SCO0877	helix-turn-helix transcriptional regulator	HTH (other)	922247	924913	+	922247.0	1	1	Exposed	0	0.0	0	0.0	0	0.0	0	0.0	0	0.0	0	0.0	2	3.3333333333333335	4	4.0	8	4.0	28	46.66666666666667	40	40.0	78	39.0	70.0	1.1592869465209892	18	30.0	69.8	1.1579722252090554	32	32.0	70.39999999999999	1.1731352038322416	65	32.5	654.9005041217672	170.0	2	2667
SC_RS06345		SCO0882	tetratricopeptide repeat protein	TetR	928670	929017	+	928670.0	1	0	Shielded	0	0.0	0	0.0	1	0.5	0	0.0	0	0.0	0	0.0	4	6.666666666666667	6	6.0	12	6.0	12	20.0	22	22.0	62	31.0	72.16666666666667	1.1915438821268418	34	56.66666666666667	71.89999999999999	1.1877037727061015	43	43.0	73.55000000000001	1.1530065859437675	95	47.5	18.383802183125916	874.0	3	348
SC_RS06365		SCO0886	LacI family DNA-binding transcriptional regulator	LacI	931757	932791	-	932791.0	1	0	Shielded	0	0.0	0	0.0	0	0.0	0	0.0	0	0.0	0	0.0	4	6.666666666666667	4	4.0	8	4.0	28	46.66666666666667	42	42.0	70	35.0	74.16666666666667	1.163809285446127	23	38.333333333333336	75.4	1.135336442853527	32	32.0	74.55000000000001	1.170550268023192	76	38.0	713.3679887473867	183.0	4	1035
SC_RS06370		SCO0887	TetR/AcrR family transcriptional regulator	TetR	932864	933568	-	933568.0	1	0	Shielded	0	0.0	0	0.0	0	0.0	0	0.0	1	1.0	1	0.5	0	0.0	2	2.0	8	4.0	16	26.666666666666668	30	30.0	72	36.0	69.66666666666667	1.15702479338843	23	38.333333333333336	72.2	1.1138680412054358	39	39.0	73.85000000000001	1.1532113066289387	89	44.5	121.89370925169914	460.0	5	705
SC_RS06380		SCO0889	LysR family transcriptional regulator	LysR	934332	935237	-	935237.0	1	0	Shielded	0	0.0	0	0.0	0	0.0	0	0.0	0	0.0	0	0.0	0	0.0	2	2.0	10	5.0	18	30.0	40	40.0	78	39.0	73.0	1.0150375939849625	26	43.333333333333336	74.0	1.049348743349844	45	45.0	74.85000000000001	1.14245728280816	91	45.5	86.26615260182798	296.0	4	906
SC_RS06395		SCO0891	helix-turn-helix transcriptional regulator	HTH (other)	936431	937270	+	936431.0	1	0	Shielded	1	1.6666666666666667	2	2.0	2	1.0	0	0.0	0	0.0	0	0.0	4	6.666666666666667	10	10.0	16	8.0	22	36.66666666666667	44	44.0	90	45.0	77.5	1.1080958842152873	28	46.66666666666667	75.8	1.1661807580174928	40	40.0	75.14999999999999	1.1505845253483713	69	34.5	41.50168400554195	130.0	2	840
SC_RS06415		SCO0895	sigma-70 family RNA polymerase sigma factor	Sigma factor	941071	942090	-	942090.0	1	0	Shielded	0	0.0	0	0.0	0	0.0	1	1.6666666666666667	1	1.0	1	0.5	2	3.3333333333333335	4	4.0	4	2.0	18	30.0	32	32.0	70	35.0	74.5	1.1326210940637802	22	36.66666666666667	73.1	1.113719824212871	31	31.0	73.4	1.124962051155973	65	32.5	19.40092483814065	33.0	5	1020
SC_RS06430		SCO0897	PPC domain-containing DNA-binding protein	Other regulatory	942974	943408	-	943408.0	1	1	Exposed	0	0.0	0	0.0	0	0.0	0	0.0	0	0.0	0	0.0	0	0.0	0	0.0	6	3.0	32	53.333333333333336	66	66.0	106	53.0	76.66666666666667	1.0208711433756805	14	23.333333333333336	76.6	1.0779979258774084	27	27.0	76.75	1.1182754764567324	56	28.0	30.621385944202036	172.0	4	435
SC_RS06435		SCO0898	AfsR/SARP family transcriptional regulator	SARP	943851	945833	-	945833.0	1	0	Shielded	0	0.0	0	0.0	0	0.0	0	0.0	1	1.0	1	0.5	8	13.333333333333334	10	10.0	16	8.0	36	60.0	50	50.0	114	57.0	76.16666666666667	1.17308798159862	26	43.333333333333336	77.0	1.1809243601077004	41	41.0	77.3	1.1647989717636662	79	39.5	100.06994792015162	186.0	6	1983
SC_RS06575		SCO0925	LysR family transcriptional regulator	LysR	971392	972276	+	971392.0	1	0	Shielded	0	0.0	0	0.0	1	0.5	0	0.0	0	0.0	0	0.0	0	0.0	0	0.0	4	2.0	14	23.333333333333336	22	22.0	74	37.0	68.16666666666666	1.0332950631458093	22	36.66666666666667	68.89999999999999	1.0616963548425151	28	28.0	70.95	1.0967142441246027	55	27.5	55.63885316045086	933.0	1	885
SC_RS06585		SCO0927	LysR family transcriptional regulator	LysR	973388	974224	+	973388.0	1	0	Shielded	0	0.0	0	0.0	0	0.0	0	0.0	0	0.0	0	0.0	2	3.3333333333333335	4	4.0	4	2.0	30	50.0	46	46.0	86	43.0	73.83333333333333	1.1379097093382808	26	43.333333333333336	74.7	1.1353837309571717	39	39.0	75.8	1.1426122973648503	59	29.5	411.81308555115146	1063.0	1	837
SC_RS06650		SCO0940	MarR family winged helix-turn-helix transcriptional regulator	MarR	986247	986720	+	986247.0	1	0	Shielded	0	0.0	0	0.0	0	0.0	0	0.0	0	0.0	0	0.0	0	0.0	0	0.0	4	2.0	22	36.66666666666667	34	34.0	72	36.0	72.5	1.183457051961824	13	21.666666666666668	72.89999999999999	1.151640146326042	25	25.0	71.89999999999999	1.1999876130310911	65	32.5	21.57566103855572	2116.0	0	474
SC_RS06660		SCO0942	sigma-70 family RNA polymerase sigma factor	Sigma factor	988130	988684	+	988130.0	1	0	Shielded	0	0.0	0	0.0	0	0.0	0	0.0	0	0.0	0	0.0	4	6.666666666666667	8	8.0	8	4.0	16	26.666666666666668	36	36.0	64	32.0	71.16666666666667	1.2645310142869821	23	38.333333333333336	72.2	1.22834089530697	51	51.0	72.0	1.1845986737896934	77	38.5	18.490053751174987	2707.0	0	555
SC_RS06715		SCO0953	LacI family DNA-binding transcriptional regulator	LacI	1002624	1003673	+	1002624.0	1	0	Shielded	0	0.0	0	0.0	0	0.0	0	0.0	0	0.0	0	0.0	2	3.3333333333333335	2	2.0	6	3.0	18	30.0	30	30.0	68	34.0	69.33333333333334	1.1877037727061015	19	31.666666666666668	69.3	1.1622073578595318	23	23.0	70.8	1.172389426010985	50	25.0	62.18074159775425	990.0	4	1050
SC_RS06810		SCO0971	LysR family transcriptional regulator	LysR	1023053	1023964	+	1023053.0	1	0	Shielded	0	0.0	0	0.0	0	0.0	0	0.0	0	0.0	0	0.0	4	6.666666666666667	4	4.0	6	3.0	26	43.333333333333336	36	36.0	76	38.0	63.66666666666667	1.202734986407447	31	51.66666666666667	65.60000000000001	1.1722675002791114	42	42.0	66.95	1.1781559182252688	75	37.5	430.04824109321027	2602.0	0	912
SC_RS06865		SCO0981	short-chain fatty acyl-CoA regulator family protein	Other regulatory	1031976	1033445	-	1033445.0	1	0	Shielded	0	0.0	0	0.0	0	0.0	0	0.0	0	0.0	0	0.0	0	0.0	2	2.0	10	5.0	18	30.0	34	34.0	72	36.0	69.16666666666667	1.0869565217391304	7	11.666666666666668	69.39999999999999	1.0809462437118031	13	13.0	70.65	1.1029116868532927	40	20.0	86.29485645657559	738.0	3	1470
SC_RS06885	metE	SCO0985	5-methyltetrahydropteroyltriglutamate--homocysteine S-methyltransferase	TetR	1038243	1040561	+	1038243.0	1	0	Shielded	0	0.0	0	0.0	0	0.0	0	0.0	0	0.0	0	0.0	4	6.666666666666667	4	4.0	8	4.0	20	33.333333333333336	30	30.0	72	36.0	71.66666666666667	1.2753774076002082	33	55.0	70.7	1.1795859412614347	42	42.0	70.95	1.1378608216552881	73	36.5	1437.3723838856035	1332.0	1	2319
SC_RS06975		SCO1003	TetR/AcrR family transcriptional regulator	TetR	1058377	1058961	+	1058377.0	1	0	Shielded	0	0.0	0	0.0	0	0.0	0	0.0	0	0.0	0	0.0	0	0.0	2	2.0	2	1.0	12	20.0	28	28.0	54	27.0	69.33333333333334	1.234739178690344	25	41.66666666666667	68.7	1.2302732054980485	38	38.0	69.39999999999999	1.2541528239202657	73	36.5	113.30439753666798	2655.0	0	585
SC_RS07000		SCO1008	ArsR/SmtB family transcription factor	ArsR	1063185	1063520	+	1063185.0	1	1	Exposed	0	0.0	0	0.0	0	0.0	1	1.6666666666666667	1	1.0	1	0.5	0	0.0	0	0.0	4	2.0	28	46.66666666666667	40	40.0	70	35.0	66.5	1.19311316955296	11	18.333333333333336	68.5	1.1111111111111112	24	24.0	69.1	1.1398176291793314	43	21.5	256.50317952583157	183.0	3	336
SC_RS07005			helix-turn-helix domain-containing protein	HTH (other)	1063757	1064212	-	1064212.0	1	0	Shielded	0	0.0	2	2.0	2	1.0	0	0.0	0	0.0	0	0.0	0	0.0	6	6.0	6	3.0	6	10.0	22	22.0	46	23.0	67.0	0.8639523336643494	6	10.0	67.60000000000001	0.9374123913652929	18	18.0	67.30000000000001	1.0024730612965906	33	16.5	33.52586830611304	342.0	3	456
SC_RS07015		SCO1011	helix-turn-helix domain-containing protein	HTH (other)	1066337	1068241	-	1068241.0	1	0	Shielded	0	0.0	0	0.0	0	0.0	0	0.0	0	0.0	0	0.0	2	3.3333333333333335	2	2.0	12	6.0	12	20.0	14	14.0	48	24.0	73.5	1.1356155365371956	17	28.333333333333336	72.5	1.0725010725010724	23	23.0	73.2	1.1144151665525361	69	34.5	97.60255902330584	1903.0	1	1905
SC_RS07085		SCO1026	DeoR/GlpR family DNA-binding transcription regulator	DeoR	1084395	1085219	+	1084395.0	1	0	Shielded	0	0.0	0	0.0	0	0.0	0	0.0	0	0.0	0	0.0	0	0.0	2	2.0	4	2.0	20	33.333333333333336	38	38.0	68	34.0	73.33333333333333	1.2260472486915908	12	20.0	73.5	1.2307554600787685	26	26.0	74.0	1.1708656330749354	76	38.0	588.8064354350477	1046.0	2	825
SC_RS07125		SCO1034	TetR/AcrR family transcriptional regulator	TetR	1092334	1092897	+	1092334.0	1	0	Shielded	0	0.0	0	0.0	0	0.0	1	1.6666666666666667	1	1.0	1	0.5	2	3.3333333333333335	4	4.0	14	7.0	24	40.0	44	44.0	92	46.0	70.83333333333334	1.1703684000531986	15	25.0	71.8	1.1799684824207983	28	28.0	72.89999999999999	1.1703412866203564	68	34.0	69.64743416760429	134.0	4	564
SC_RS07150		SCO1039	ROK family protein	ROK	1095280	1096518	-	1096518.0	1	0	Shielded	0	0.0	0	0.0	1	0.5	0	0.0	0	0.0	0	0.0	0	0.0	2	2.0	8	4.0	24	40.0	44	44.0	92	46.0	76.0	1.0874804774116422	16	26.666666666666668	76.7	1.1920980926430518	36	36.0	76.35	1.1310856015209492	72	36.0	526.1786573315222	545.0	4	1239
SC_RS07170		SCO1043	DeoR/GlpR family DNA-binding transcription regulator	DeoR	1099030	1099809	+	1099030.0	1	0	Shielded	0	0.0	0	0.0	0	0.0	0	0.0	0	0.0	0	0.0	4	6.666666666666667	4	4.0	10	5.0	10	16.666666666666668	24	24.0	82	41.0	71.66666666666667	1.2753774076002082	22	36.66666666666667	72.8	1.2635051296795086	39	39.0	73.9	1.2031828985635622	60	30.0	89.87680848760141	1111.0	1	780
SC_RS07215		SCO1052	helix-turn-helix domain-containing protein	HTH (other)	1108110	1108778	-	1108778.0	1	1	Exposed	2	3.3333333333333335	2	2.0	2	1.0	0	0.0	0	0.0	0	0.0	12	20.0	16	16.0	16	8.0	48	80.0	74	74.0	114	57.0	79.83333333333333	1.1239495798319328	26	43.333333333333336	79.60000000000001	1.1016652338650619	40	40.0	77.45	1.0856453558504222	72	36.0	17.84167156962963	216.0	8	669
SC_RS07255		SCO1060	ROK family protein	ROK	1117870	1119111	-	1119111.0	1	0	Shielded	0	0.0	0	0.0	0	0.0	0	0.0	0	0.0	0	0.0	2	3.3333333333333335	4	4.0	8	4.0	24	40.0	42	42.0	86	43.0	71.0	1.0061782877316858	24	40.0	73.1	1.064196531618628	52	52.0	73.95	1.0808473843493298	86	43.0	81.01247084077015	3780.0	0	1242
SC_RS07285		SCO1066	LacI family DNA-binding transcriptional regulator	LacI	1126535	1127557	+	1126535.0	1	0	Shielded	1	1.6666666666666667	1	1.0	1	0.5	0	0.0	0	0.0	0	0.0	4	6.666666666666667	8	8.0	8	4.0	14	23.333333333333336	32	32.0	58	29.0	68.66666666666667	1.2602662135372416	17	28.333333333333336	70.89999999999999	1.3063773518775192	42	42.0	71.05	1.1846745116684496	66	33.0	40.73619605964183	4.0	1	1023
SC_RS07300		SCO1069	MarR family winged helix-turn-helix transcriptional regulator	MarR	1129716	1130108	-	1130108.0	1	0	Shielded	1	1.6666666666666667	2	2.0	2	1.0	0	0.0	0	0.0	0	0.0	2	3.3333333333333335	6	6.0	10	5.0	18	30.0	44	44.0	88	44.0	73.16666666666667	1.2467791538525477	16	26.666666666666668	73.6	1.1899218790418542	29	29.0	73.95	1.2180223413827662	50	25.0	37.89360081505155	147.0	4	393
SC_RS07310		SCO1070	response regulator transcription factor	Response regulator	1130429	1131094	-	1131094.0	1	0	Shielded	0	0.0	0	0.0	0	0.0	0	0.0	0	0.0	0	0.0	2	3.3333333333333335	4	4.0	6	3.0	20	33.333333333333336	42	42.0	78	39.0	74.16666666666667	1.3334949690871623	23	38.333333333333336	74.2	1.2579988365328678	35	35.0	74.3	1.2028266426101337	69	34.5	49.092723836160715	1133.0	2	666
SC_RS07315		SCO1071	sensor histidine kinase	Sensor kinase	1131091	1132338	-	1132338.0	1	0	Shielded	0	0.0	0	0.0	0	0.0	0	0.0	0	0.0	0	0.0	2	3.3333333333333335	2	2.0	6	3.0	34	56.66666666666667	62	62.0	100	50.0	79.16666666666666	1.0855683269476373	21	35.0	79.3	1.075022581835299	35	35.0	76.75	1.1137521222410867	72	36.0	173.66258569131912	2377.0	0	1248
SC_RS07340		SCO1077	ROK family protein	ROK	1137148	1138101	-	1138101.0	1	0	Shielded	0	0.0	1	1.0	1	0.5	0	0.0	0	0.0	0	0.0	4	6.666666666666667	10	10.0	12	6.0	24	40.0	46	46.0	78	39.0	70.83333333333334	1.1613936724068883	22	36.66666666666667	72.5	1.1438681043817776	44	44.0	74.2	1.1697287282832778	73	36.5	67.69312768459612	481.0	1	954
SC_RS07345		SCO1078	LacI family DNA-binding transcriptional regulator	LacI	1138315	1139391	+	1138315.0	1	0	Shielded	0	0.0	0	0.0	1	0.5	0	0.0	0	0.0	0	0.0	2	3.3333333333333335	4	4.0	12	6.0	20	33.333333333333336	40	40.0	86	43.0	69.83333333333334	1.1369863013698631	24	40.0	72.3	1.1330056803392892	40	40.0	73.85000000000001	1.1626798119172845	70	35.0	165.92858163980316	695.0	1	1077
SC_RS07425		SCO1094	TetR/AcrR family transcriptional regulator	TetR	1152798	1153376	+	1152798.0	1	0	Shielded	0	0.0	0	0.0	0	0.0	0	0.0	0	0.0	0	0.0	0	0.0	2	2.0	4	2.0	18	30.0	36	36.0	80	40.0	72.83333333333334	1.135407905803196	20	33.333333333333336	72.6	1.1871423353220505	30	30.0	72.7	1.1428138954060396	57	28.5	155.0093276500923	2920.0	0	579
SC_RS07440		SCO1098	MarR family winged helix-turn-helix transcriptional regulator	MarR	1155717	1156292	-	1156292.0	1	0	Shielded	0	0.0	1	1.0	2	1.0	0	0.0	0	0.0	0	0.0	0	0.0	2	2.0	4	2.0	34	56.66666666666667	52	52.0	86	43.0	78.33333333333333	1.1541811846689896	27	45.0	76.5	1.1831810472178146	42	42.0	75.0	1.1541009767113821	73	36.5	124.46451638206253	574.0	7	576
SC_RS07470		SCO1104	TetR/AcrR family transcriptional regulator	TetR	1161710	1162411	+	1161710.0	1	0	Shielded	0	0.0	0	0.0	0	0.0	0	0.0	1	1.0	1	0.5	0	0.0	0	0.0	2	1.0	20	33.333333333333336	36	36.0	102	51.0	73.16666666666667	1.1306532663316584	18	30.0	73.3	1.1371117361900773	34	34.0	72.35000000000001	1.1308531232629904	65	32.5	155.42703156923565	336.0	3	702
SC_RS07490		SCO1108	ArsR/SmtB family transcription factor	ArsR	1165403	1165774	-	1165774.0	1	0	Shielded	0	0.0	0	0.0	0	0.0	0	0.0	1	1.0	1	0.5	2	3.3333333333333335	2	2.0	4	2.0	24	40.0	38	38.0	80	40.0	69.33333333333334	1.1233617640940294	10	16.666666666666668	69.3	1.141267223138568	19	19.0	72.5	1.1916977123591996	75	37.5	89.26449751794654	414.0	1	372
SC_RS07505		SCO1111	PaaX family transcriptional regulator C-terminal domain-containing protein	Other regulatory	1167998	1168750	-	1168750.0	1	0	Shielded	0	0.0	1	1.0	2	1.0	1	1.6666666666666667	1	1.0	1	0.5	6	10.0	12	12.0	22	11.0	24	40.0	46	46.0	90	45.0	74.5	1.1537999278875044	39	65.0	75.8	1.1488970588235292	55	55.0	73.95	1.1630671323811788	98	49.0	56.17537599019954	130.0	6	753
SC_RS07545		SCO1119	Lrp/AsnC family transcriptional regulator	Lrp	1177797	1178273	+	1177797.0	1	0	Shielded	0	0.0	0	0.0	0	0.0	0	0.0	0	0.0	1	0.5	0	0.0	0	0.0	8	4.0	24	40.0	38	38.0	74	37.0	70.66666666666667	1.0034787262510036	24	40.0	72.2	1.043609045634875	31	31.0	72.85000000000001	1.1083256366275234	60	30.0	26.43573840740651	431.0	5	477
SC_RS07560		SCO1122	LysR substrate-binding domain-containing protein	LysR	1179956	1180792	-	1180792.0	1	0	Shielded	0	0.0	0	0.0	1	0.5	1	1.6666666666666667	1	1.0	1	0.5	0	0.0	0	0.0	6	3.0	16	26.666666666666668	32	32.0	84	42.0	71.66666666666667	1.1056910569105691	23	38.333333333333336	73.0	1.0985620875689421	36	36.0	73.8	1.0906707257734305	59	29.5	369.3952277289506	92.0	3	837
SC_RS07625	xdhR	SCO1135	purine salvage operon transcriptional regulator XdhR	Other regulatory	1193398	1193988	+	1193398.0	1	0	Shielded	0	0.0	0	0.0	0	0.0	0	0.0	0	0.0	0	0.0	0	0.0	2	2.0	8	4.0	12	20.0	32	32.0	84	42.0	67.33333333333333	1.0119047619047619	11	18.333333333333336	69.5	1.0319917440660473	20	20.0	72.05	1.1245073035010436	71	35.5	215.25985933833545	1008.0	1	591
SC_RS07630		SCO1136	response regulator	Response regulator	1193951	1194742	-	1194742.0	1	0	Shielded	0	0.0	0	0.0	0	0.0	0	0.0	0	0.0	0	0.0	0	0.0	4	4.0	10	5.0	16	26.666666666666668	36	36.0	84	42.0	74.0	1.1698994617650045	17	28.333333333333336	74.7	1.197218438597749	34	34.0	74.55000000000001	1.1446795797082145	71	35.5	44.78983036308736	1070.0	1	792
SC_RS07635		SCO1137	sensor histidine kinase	Sensor kinase	1194739	1196385	-	1196385.0	1	0	Shielded	0	0.0	0	0.0	1	0.5	0	0.0	0	0.0	0	0.0	0	0.0	0	0.0	8	4.0	26	43.333333333333336	38	38.0	72	36.0	73.66666666666667	1.0016906170752324	6	10.0	73.6	0.9799918334013884	16	16.0	73.0	1.0642878767080786	42	21.0	61.79646905828646	573.0	1	1647
SC_RS07675		SCO1145	MarR family winged helix-turn-helix transcriptional regulator	MarR	1204428	1204889	+	1204428.0	1	0	Shielded	0	0.0	0	0.0	0	0.0	0	0.0	0	0.0	0	0.0	2	3.3333333333333335	4	4.0	10	5.0	22	36.66666666666667	28	28.0	56	28.0	70.83333333333334	1.0630287460690084	22	36.66666666666667	72.0	1.0580866395322792	37	37.0	70.75	1.089691200743554	57	28.5	283.3273908521619	3725.0	0	462
SC_RS07750		SCO1160	sensor histidine kinase	Sensor kinase	1218590	1221178	-	1221178.0	1	1	Exposed	0	0.0	0	0.0	1	0.5	0	0.0	0	0.0	0	0.0	2	3.3333333333333335	2	2.0	10	5.0	28	46.66666666666667	40	40.0	76	38.0	75.83333333333333	1.1464817587266567	27	45.0	74.8	1.194682576459685	43	43.0	73.95	1.180385739763555	87	43.5	769.5397534381489	86.0	4	2589
SC_RS07805		SCO1171	ROK family transcriptional regulator	ROK	1233319	1234527	+	1233319.0	1	0	Shielded	0	0.0	1	1.0	1	0.5	0	0.0	0	0.0	1	0.5	6	10.0	10	10.0	16	8.0	34	56.66666666666667	62	62.0	104	52.0	77.33333333333333	1.1049107142857144	30	50.0	77.0	1.1204028050566612	60	60.0	76.25	1.1489429037295924	100	50.0	92.08992892679812	249.0	2	1209
SC_RS07840		SCO1177	FadR/GntR family transcriptional regulator	GntR	1241559	1242302	+	1241559.0	1	0	Shielded	0	0.0	0	0.0	0	0.0	0	0.0	0	0.0	0	0.0	0	0.0	4	4.0	8	4.0	12	20.0	24	24.0	56	28.0	71.0	1.1251758087201125	15	25.0	71.3	1.11348021795783	34	34.0	71.55	1.1056415064853884	70	35.0	111.34348181049648	109.0	1	744
SC_RS07885		SCO1186	LacI family DNA-binding transcriptional regulator	LacI	1258218	1259243	+	1258218.0	1	0	Shielded	1	1.6666666666666667	1	1.0	1	0.5	0	0.0	0	0.0	0	0.0	6	10.0	6	6.0	14	7.0	22	36.66666666666667	34	34.0	80	40.0	75.66666666666667	1.2462873449420535	12	20.0	75.8	1.2600859086194054	35	35.0	76.1	1.2363586130681032	67	33.5	241.3052706722256	185.0	3	1026
SC_RS07910		SCO1191	MarR family winged helix-turn-helix transcriptional regulator	MarR	1264183	1264656	-	1264656.0	1	1	Exposed	1	1.6666666666666667	1	1.0	2	1.0	0	0.0	0	0.0	1	0.5	4	6.666666666666667	4	4.0	14	7.0	20	33.333333333333336	30	30.0	64	32.0	71.0	1.0598834128245893	7	11.666666666666668	71.6	1.0741812308391943	23	23.0	72.2	1.082748784818232	61	30.5	80.8842431031643	110.0	4	474
SC_RS07920		SCO1193	TetR/AcrR family transcriptional regulator	TetR	1265170	1265739	-	1265739.0	1	0	Shielded	0	0.0	1	1.0	2	1.0	1	1.6666666666666667	1	1.0	1	0.5	2	3.3333333333333335	4	4.0	6	3.0	12	20.0	24	24.0	62	31.0	69.5	1.0766045548654244	20	33.333333333333336	71.1	1.1159477641472102	38	38.0	71.7	1.0935022230005156	80	40.0	106.7280396405587	204.0	6	570
SC_RS07955		SCO1200	helix-turn-helix domain-containing protein	HTH (other)	1271991	1272566	-	1272566.0	1	0	Shielded	0	0.0	0	0.0	0	0.0	0	0.0	0	0.0	0	0.0	0	0.0	4	4.0	6	3.0	22	36.66666666666667	40	40.0	74	37.0	71.5	1.0432514670723756	23	38.333333333333336	72.8	1.0567632850241546	34	34.0	73.9	1.1065006915629323	60	30.0	123.02050330170222	704.0	1	576
SC_RS07985		SCO1206	1,3,6,8-tetrahydroxynaphthalene synthase	TetR	1277625	1278749	+	1277625.0	1	0	Shielded	0	0.0	0	0.0	2	1.0	0	0.0	1	1.0	1	0.5	0	0.0	2	2.0	8	4.0	26	43.333333333333336	34	34.0	62	31.0	69.16666666666667	1.0451505016722407	13	21.666666666666668	68.0	1.1163901653815198	24	24.0	69.45	1.1817635228992598	61	30.5	63.5537190495709	320.0	4	1125
SC_RS08005		SCO1210	TetR family transcriptional regulator	TetR	1281884	1282540	+	1281884.0	1	0	Shielded	0	0.0	0	0.0	1	0.5	0	0.0	0	0.0	1	0.5	2	3.3333333333333335	4	4.0	12	6.0	10	16.666666666666668	26	26.0	66	33.0	69.33333333333334	1.1038658593386121	10	16.666666666666668	70.0	1.054300565562784	25	25.0	71.55	1.0708772204092	54	27.0	369.96259766935225	650.0	7	657
SC_RS08040		SCO1217	sensor histidine kinase	Sensor kinase	1287879	1289084	-	1289084.0	1	0	Shielded	0	0.0	0	0.0	0	0.0	0	0.0	0	0.0	0	0.0	2	3.3333333333333335	2	2.0	4	2.0	16	26.666666666666668	34	34.0	52	26.0	75.66666666666667	0.9550987129462465	12	20.0	76.5	1.0333689195477813	26	26.0	75.2	1.074111939592801	57	28.5	87.62008295953775	153.0	2	1206
SC_RS08055		SCO1220	LytR/AlgR family response regulator transcription factor	Response regulator	1291356	1292117	-	1292117.0	1	0	Shielded	0	0.0	0	0.0	0	0.0	0	0.0	0	0.0	0	0.0	0	0.0	0	0.0	8	4.0	26	43.333333333333336	38	38.0	74	37.0	70.0	1.2982871720116618	15	25.0	71.0	1.3350061120761758	36	36.0	71.8	1.2240237139929766	64	32.0	23.063366764793404	1110.0	3	762
SC_RS08060		SCO1221	Lrp/AsnC family transcriptional regulator	Lrp	1292195	1292698	+	1292195.0	1	0	Shielded	0	0.0	0	0.0	0	0.0	0	0.0	0	0.0	0	0.0	0	0.0	0	0.0	8	4.0	22	36.66666666666667	40	40.0	72	36.0	70.33333333333334	1.3022246337493217	23	38.333333333333336	71.39999999999999	1.280753905508823	33	33.0	71.55	1.223734949240576	61	30.5	55.736857586434766	1032.0	3	504
SC_RS08090		SCO1227	helix-turn-helix transcriptional regulator	HTH (other)	1300601	1302022	-	1302022.0	1	1	Exposed	0	0.0	1	1.0	1	0.5	1	1.6666666666666667	1	1.0	1	0.5	0	0.0	2	2.0	8	4.0	32	53.333333333333336	64	64.0	104	52.0	75.16666666666667	1.1362291395431412	31	51.66666666666667	75.5	1.072310405643739	46	46.0	74.95	1.0838987552991597	79	39.5	190.63599674508	95.0	2	1422
SC_RS08165		SCO1242	helix-turn-helix domain-containing protein	HTH (other)	1313856	1314716	+	1313856.0	1	0	Shielded	0	0.0	0	0.0	0	0.0	0	0.0	0	0.0	0	0.0	0	0.0	2	2.0	6	3.0	14	23.333333333333336	22	22.0	72	36.0	69.16666666666667	1.1528728090730154	18	30.0	71.2	1.1534300623647702	24	24.0	69.45	1.0921291951464616	51	25.5	141.13408168001263	2220.0	0	861
SC_RS08255		SCO1259	sensor histidine kinase	Sensor kinase	1329747	1330901	+	1329747.0	1	0	Shielded	0	0.0	0	0.0	0	0.0	0	0.0	0	0.0	0	0.0	0	0.0	2	2.0	6	3.0	30	50.0	38	38.0	76	38.0	73.83333333333333	1.0528074866310162	11	18.333333333333336	74.5	1.0556971241354205	23	23.0	74.5	1.1074437592286979	85	42.5	104.24593011890018	768.0	1	1155
SC_RS08260		SCO1260	response regulator transcription factor	Response regulator	1330916	1331578	+	1330916.0	1	0	Shielded	0	0.0	0	0.0	0	0.0	0	0.0	0	0.0	0	0.0	2	3.3333333333333335	4	4.0	6	3.0	28	46.66666666666667	48	48.0	78	39.0	75.83333333333333	1.1869784933599719	33	55.0	76.6	1.1682242990654206	65	65.0	75.7	1.1602482719706588	103	51.5	120.32161750593431	401.0	1	663
SC_RS08265		SCO1261	ROK family transcriptional regulator	ROK	1331678	1332832	+	1331678.0	1	0	Shielded	0	0.0	0	0.0	0	0.0	0	0.0	0	0.0	0	0.0	0	0.0	4	4.0	8	4.0	24	40.0	40	40.0	84	42.0	74.66666666666667	1.2001237240952676	22	36.66666666666667	75.9	1.2416631190577552	52	52.0	75.75	1.1992157058113921	90	45.0	309.58939171943473	1163.0	1	1155
SC_RS08270		SCO1262	GntR family transcriptional regulator	GntR	1332872	1333633	-	1333633.0	1	0	Shielded	0	0.0	0	0.0	1	0.5	0	0.0	0	0.0	0	0.0	0	0.0	6	6.0	12	6.0	20	33.333333333333336	42	42.0	66	33.0	69.33333333333334	1.166261714682402	28	46.66666666666667	72.5	1.165305873750914	49	49.0	74.5	1.1891337034466805	90	45.0	964.7146563499414	496.0	1	762
SC_RS08275		SCO1263	RNA polymerase sigma-70 factor	Sigma factor	1333824	1334711	-	1334711.0	1	0	Shielded	0	0.0	0	0.0	1	0.5	0	0.0	0	0.0	0	0.0	2	3.3333333333333335	2	2.0	6	3.0	22	36.66666666666667	28	28.0	80	40.0	72.0	1.20178329133553	31	51.66666666666667	72.7	1.2277377794619175	38	38.0	73.55000000000001	1.176353083487776	72	36.0	59.130131891610894	582.0	1	888
SC_RS08340		SCO1276	RNA polymerase sigma factor	Sigma factor	1346693	1347289	+	1346693.0	1	0	Shielded	0	0.0	0	0.0	0	0.0	0	0.0	0	0.0	0	0.0	2	3.3333333333333335	2	2.0	6	3.0	12	20.0	20	20.0	52	26.0	63.16666666666667	1.0197826692672054	13	21.666666666666668	64.5	1.0385214531607592	18	18.0	66.25	1.1218431061373026	38	19.0	38.949681632844246	860.0	5	597
SC_RS08405	pdxR	SCO1289	MocR-like pyridoxine biosynthesis transcription factor PdxR	Other regulatory	1359896	1361419	+	1359896.0	1	0	Shielded	0	0.0	0	0.0	0	0.0	0	0.0	0	0.0	0	0.0	4	6.666666666666667	4	4.0	6	3.0	18	30.0	36	36.0	70	35.0	69.66666666666667	1.0915371329879102	17	28.333333333333336	71.1	1.1408290024084167	41	41.0	71.8	1.177423773468329	72	36.0	388.01764691731273	62.0	2	1524
SC_RS08435		SCO1295	Lrp/AsnC family transcriptional regulator	Lrp	1370221	1370712	+	1370221.0	1	0	Shielded	0	0.0	0	0.0	2	1.0	0	0.0	0	0.0	0	0.0	2	3.3333333333333335	4	4.0	10	5.0	28	46.66666666666667	42	42.0	86	43.0	73.16666666666667	1.1992425836313907	30	50.0	73.0	1.145475372279496	40	40.0	74.45	1.134331593302386	67	33.5	87.26500484545677	314.0	6	492
SC_RS08460		SCO1299	Lrp/AsnC family transcriptional regulator	Lrp	1374103	1374549	+	1374103.0	1	0	Shielded	0	0.0	0	0.0	0	0.0	0	0.0	0	0.0	0	0.0	4	6.666666666666667	6	6.0	6	3.0	22	36.66666666666667	38	38.0	60	30.0	70.33333333333334	1.2175324675324675	10	16.666666666666668	72.39999999999999	1.1389782829711281	21	21.0	72.85000000000001	1.2083314453154501	54	27.0	36.605836543128696	1121.0	4	447
SC_RS08510		SCO1309	ArsR/SmtB family transcription factor	ArsR	1386707	1387066	-	1387066.0	1	0	Shielded	0	0.0	0	0.0	1	0.5	0	0.0	0	0.0	0	0.0	0	0.0	2	2.0	8	4.0	28	46.66666666666667	48	48.0	86	43.0	74.16666666666667	1.0480562213104765	10	16.666666666666668	75.6	1.1279248984167016	39	39.0	75.2	1.153027227004888	62	31.0	18.60285701334532	591.0	1	360
SC_RS08525		SCO1312	helix-turn-helix domain-containing protein	HTH (other)	1388876	1389448	-	1389448.0	1	0	Shielded	0	0.0	0	0.0	0	0.0	0	0.0	0	0.0	0	0.0	4	6.666666666666667	4	4.0	4	2.0	14	23.333333333333336	30	30.0	56	28.0	70.0	1.1623931623931625	26	43.333333333333336	71.7	1.1437345282486762	34	34.0	73.3	1.177994613284126	65	32.5	47.026988942323165	1483.0	2	573
SC_RS08590		SCO1325	winged helix-turn-helix transcriptional regulator	HTH (other)	1400584	1401057	+	1400584.0	1	0	Shielded	0	0.0	0	0.0	0	0.0	0	0.0	1	1.0	1	0.5	0	0.0	0	0.0	2	1.0	20	33.333333333333336	34	34.0	62	31.0	69.33333333333334	1.0821309655937847	18	30.0	71.2	1.0652064133316501	22	22.0	71.25	1.1622501162250116	40	20.0	65.2188867216496	364.0	2	474
SC_RS08620		SCO1331	LuxR C-terminal-related transcriptional regulator	Other regulatory	1406162	1408480	+	1406162.0	1	0	Shielded	1	1.6666666666666667	1	1.0	1	0.5	0	0.0	0	0.0	0	0.0	4	6.666666666666667	4	4.0	8	4.0	18	30.0	24	24.0	56	28.0	69.83333333333334	1.1933395004625347	25	41.66666666666667	67.5	1.0466507177033493	26	26.0	68.05	1.0719927781539156	47	23.5	323.2730495886877	217.0	2	2319
SC_RS08625			RNA polymerase sigma factor	Sigma factor	1408850	1409380	-	1409380.0	1	0	Shielded	0	0.0	0	0.0	0	0.0	0	0.0	0	0.0	0	0.0	2	3.3333333333333335	2	2.0	8	4.0	16	26.666666666666668	28	28.0	74	37.0	71.16666666666667	1.212121212121212	11	18.333333333333336	70.39999999999999	1.2360340272896924	23	23.0	70.85000000000001	1.1674097448831195	49	24.5	19.213767940134485	1648.0	1	531
SC_RS08660		SCO1339	TetR/AcrR family transcriptional regulator	TetR	1416484	1417104	+	1416484.0	1	0	Shielded	0	0.0	0	0.0	0	0.0	0	0.0	0	0.0	0	0.0	4	6.666666666666667	4	4.0	6	3.0	22	36.66666666666667	38	38.0	78	39.0	75.16666666666667	1.0619469026548674	23	38.333333333333336	76.1	1.1127237542331883	35	35.0	74.75	1.1101410849204039	61	30.5	39.67083174517936	1658.0	2	621
SC_RS08720		SCO1351	helix-turn-helix transcriptional regulator	HTH (other)	1426307	1429033	+	1426307.0	1	0	Shielded	0	0.0	0	0.0	1	0.5	0	0.0	0	0.0	0	0.0	0	0.0	2	2.0	14	7.0	26	43.333333333333336	46	46.0	90	45.0	78.16666666666666	0.9977827050997783	16	26.666666666666668	78.5	1.065359477124183	31	31.0	77.45	1.1039189121380901	97	48.5	85.06209184100261	169.0	4	2727
SC_RS08730		SCO1353	helix-turn-helix domain-containing protein	HTH (other)	1430593	1431576	+	1430593.0	1	0	Shielded	0	0.0	0	0.0	1	0.5	0	0.0	0	0.0	0	0.0	0	0.0	0	0.0	4	2.0	24	40.0	44	44.0	76	38.0	75.66666666666667	1.1448598130841123	24	40.0	74.3	1.1857995053106358	39	39.0	74.1	1.1730824928367285	80	40.0	51.17381425913168	1777.0	2	984
SC_RS08755		SCO1358	LysR family transcriptional regulator	LysR	1435312	1436223	-	1436223.0	1	0	Shielded	0	0.0	0	0.0	2	1.0	0	0.0	0	0.0	0	0.0	6	10.0	6	6.0	14	7.0	12	20.0	20	20.0	64	32.0	71.5	1.0694722198069733	26	43.333333333333336	71.89999999999999	1.1069482288828338	32	32.0	73.65	1.092904245342234	70	35.0	71.48371285571683	546.0	2	912
SC_RS08795		SCO1366	PadR family transcriptional regulator	PadR	1443255	1443908	-	1443908.0	1	0	Shielded	0	0.0	0	0.0	0	0.0	0	0.0	0	0.0	0	0.0	0	0.0	2	2.0	2	1.0	16	26.666666666666668	34	34.0	62	31.0	73.16666666666667	1.1467032282188707	26	43.333333333333336	74.0	1.0666666666666667	47	47.0	73.65	1.0647934189851187	82	41.0	815.778221864617	126.0	2	654
SC_RS08810		SCO1369	sensor histidine kinase	Sensor kinase	1445966	1447180	+	1445966.0	1	0	Shielded	0	0.0	0	0.0	1	0.5	0	0.0	0	0.0	0	0.0	2	3.3333333333333335	4	4.0	10	5.0	28	46.66666666666667	48	48.0	84	42.0	74.0	0.9999390281080422	16	26.666666666666668	74.7	1.0477516398030802	22	22.0	75.9	1.112468863908555	49	24.5	49.89454388689697	692.0	2	1215
SC_RS08815		SCO1370	response regulator	Response regulator	1447177	1447812	+	1447177.0	1	0	Shielded	0	0.0	0	0.0	1	0.5	0	0.0	0	0.0	1	0.5	0	0.0	0	0.0	10	5.0	12	20.0	32	32.0	72	36.0	76.83333333333333	1.1149425287356323	29	48.333333333333336	76.9	1.1027881814398668	32	32.0	76.1	1.1588767323890243	74	37.0	18.30220148795294	519.0	2	636
SC_RS08845		SCO1376	LacI family DNA-binding transcriptional regulator	LacI	1453090	1454160	+	1453090.0	1	0	Shielded	0	0.0	0	0.0	0	0.0	0	0.0	0	0.0	0	0.0	4	6.666666666666667	6	6.0	10	5.0	44	73.33333333333334	58	58.0	86	43.0	76.66666666666667	1.1003762454859995	34	56.66666666666667	74.5	1.0533910533910535	48	48.0	74.65	1.0998292748674634	87	43.5	375.6635775748073	2016.0	0	1071
SC_RS08870		SCO1381	MerR family transcriptional regulator	MerR	1459887	1460573	-	1460573.0	1	0	Shielded	0	0.0	0	0.0	0	0.0	0	0.0	0	0.0	1	0.5	2	3.3333333333333335	2	2.0	4	2.0	24	40.0	30	30.0	58	29.0	69.5	1.1332227750138197	23	38.333333333333336	69.1	1.1476920499287928	37	37.0	70.6	1.1286228391491548	66	33.0	831.3973378340091	284.0	2	687
SC_RS08880	ftsR	SCO1383	transcriptional regulator FtsR	Other regulatory	1461293	1462033	-	1462033.0	1	0	Shielded	0	0.0	0	0.0	0	0.0	0	0.0	0	0.0	1	0.5	2	3.3333333333333335	6	6.0	6	3.0	20	33.333333333333336	36	36.0	62	31.0	68.5	1.1935208866155158	19	31.666666666666668	71.7	1.1908468244084682	31	31.0	70.89999999999999	1.12855789840985	52	26.0	593.9704154839533	1744.0	1	741
SC_RS09025		SCO1410	GntR family transcriptional regulator	GntR	1504428	1505123	-	1505123.0	0	0	Shielded	0	0.0	0	0.0	0	0.0	0	0.0	0	0.0	0	0.0	0	0.0	2	2.0	4	2.0	12	20.0	20	20.0	46	23.0	69.33333333333334	1.1237513873473919	12	20.0	70.19999999999999	1.1691633175009133	22	22.0	71.35000000000001	1.1628774932132742	64	32.0	88.76289453315438	1591.0	1	696
SC_RS09060		SCO1417	SCO1417 family PLP biosynthesis transcription factor	Other regulatory	1512639	1514141	-	1514141.0	0	0	Shielded	0	0.0	0	0.0	0	0.0	0	0.0	0	0.0	1	0.5	2	3.3333333333333335	2	2.0	4	2.0	26	43.333333333333336	38	38.0	78	39.0	72.33333333333334	0.9818715065989416	22	36.66666666666667	73.7	1.078509588393464	42	42.0	73.6	1.1453166708230578	72	36.0	367.2485668005969	630.0	4	1503
SC_RS09100		SCO1425	Lrp/AsnC family transcriptional regulator	Lrp	1521620	1522060	-	1522060.0	0	0	Shielded	0	0.0	0	0.0	0	0.0	0	0.0	0	0.0	0	0.0	0	0.0	0	0.0	2	1.0	8	13.333333333333334	28	28.0	70	35.0	67.83333333333333	1.1019283746556474	16	26.666666666666668	69.89999999999999	1.1150465695920242	30	30.0	73.3	1.1590119702458148	80	40.0	80.05934170445003	1098.0	3	441
SC_RS09125		SCO1430	TetR/AcrR family transcriptional regulator	TetR	1526117	1526779	-	1526779.0	0	0	Shielded	0	0.0	0	0.0	0	0.0	0	0.0	0	0.0	0	0.0	0	0.0	0	0.0	4	2.0	6	10.0	16	16.0	48	24.0	68.5	1.0987442922374429	13	21.666666666666668	69.39999999999999	1.105486705067784	18	18.0	69.55	1.1199601791936287	50	25.0	143.13369020085338	2012.0	0	663
SC_RS09210		SCO1447	ROK family transcriptional regulator	ROK	1543454	1544653	-	1544653.0	0	0	Shielded	0	0.0	1	1.0	1	0.5	0	0.0	0	0.0	1	0.5	2	3.3333333333333335	8	8.0	16	8.0	22	36.66666666666667	44	44.0	84	42.0	71.5	1.1552599334850342	28	46.66666666666667	73.4	1.1138090040319886	45	45.0	74.85000000000001	1.147695134988255	75	37.5	208.36747401887547	315.0	6	1200
SC_RS09265		SCO1458	Lrp/AsnC family transcriptional regulator	Lrp	1555656	1556108	-	1556108.0	0	0	Shielded	0	0.0	0	0.0	0	0.0	0	0.0	0	0.0	0	0.0	0	0.0	2	2.0	8	4.0	20	33.333333333333336	28	28.0	58	29.0	71.0	1.2131176679701385	8	13.333333333333334	70.89999999999999	1.2005479010555153	15	15.0	71.25	1.1983606426408673	37	18.5	75.45563935816001	1777.0	1	453
SC_RS09290		SCO1463	sugar-binding transcriptional regulator	Other regulatory	1560350	1561393	-	1561393.0	0	0	Shielded	0	0.0	0	0.0	0	0.0	0	0.0	1	1.0	1	0.5	2	3.3333333333333335	2	2.0	2	1.0	8	13.333333333333334	28	28.0	54	27.0	68.66666666666667	1.166429587482219	25	41.66666666666667	70.39999999999999	1.1008312895105348	38	38.0	71.55	1.121382856517696	70	35.0	3640.617435021346	420.0	3	1044
SC_RS09315		SCO1468	tetratricopeptide repeat protein	TetR	1565986	1568358	-	1568358.0	0	1	Exposed	0	0.0	0	0.0	0	0.0	0	0.0	0	0.0	1	0.5	2	3.3333333333333335	4	4.0	6	3.0	46	76.66666666666667	76	76.0	132	66.0	79.83333333333333	0.9728033472803348	30	50.0	78.4	1.0674373043302807	50	50.0	76.25	1.108384134272821	76	38.0	167.61501866415725	163.0	2	2373
SC_RS09415	pyrR	SCO1488	bifunctional pyr operon transcriptional regulator/uracil phosphoribosyltransferase PyrR	Other regulatory	1591502	1592083	-	1592083.0	0	0	Shielded	0	0.0	0	0.0	0	0.0	1	1.6666666666666667	1	1.0	1	0.5	0	0.0	0	0.0	4	2.0	12	20.0	16	16.0	46	23.0	65.83333333333333	1.1391625615763548	17	28.333333333333336	67.9	1.2324463191515214	34	34.0	70.0	1.1968000914959798	90	45.0	210.7960248091296	1546.0	3	582
SC_RS09420	bldD	SCO1489	transcriptional regulator BldD	Other regulatory	1592381	1592884	+	1592381.0	0	0	Shielded	0	0.0	0	0.0	0	0.0	0	0.0	1	1.0	1	0.5	2	3.3333333333333335	2	2.0	6	3.0	10	16.666666666666668	16	16.0	48	24.0	67.16666666666666	1.0414083808579222	18	30.0	68.4	1.1148941279383893	37	37.0	69.85	1.2051896943983276	83	41.5	2243.2913777022354	1248.0	3	504
SC_RS09425	nusB	SCO1490	transcription antitermination factor NusB	Other regulatory	1593088	1593516	-	1593516.0	0	0	Shielded	1	1.6666666666666667	1	1.0	1	0.5	0	0.0	1	1.0	1	0.5	4	6.666666666666667	8	8.0	10	5.0	28	46.66666666666667	40	40.0	76	38.0	68.83333333333333	1.212633953750705	20	33.333333333333336	67.30000000000001	1.2187582796078777	34	34.0	69.55	1.1783676507070204	76	38.0	1895.341620529128	113.0	4	429
SC_RS09575		SCO1521	YebC/PmpR family DNA-binding transcriptional regulator	Other regulatory	1626033	1626785	-	1626785.0	0	0	Shielded	0	0.0	0	0.0	0	0.0	0	0.0	0	0.0	0	0.0	2	3.3333333333333335	4	4.0	8	4.0	14	23.333333333333336	20	20.0	40	20.0	67.33333333333333	1.3254786450662739	21	35.0	68.5	1.3128058240840197	43	43.0	69.85	1.266933447043002	77	38.5	1878.422586512328	1273.0	2	753
SC_RS09690		SCO1541	SsgA family sporulation/cell division regulator	Other regulatory	1650377	1650790	+	1650377.0	0	0	Shielded	0	0.0	1	1.0	1	0.5	1	1.6666666666666667	1	1.0	1	0.5	0	0.0	2	2.0	4	2.0	20	33.333333333333336	34	34.0	80	40.0	67.33333333333333	1.1904761904761905	19	31.666666666666668	68.4	1.1743575573362808	30	30.0	70.0	1.2031822943949713	87	43.5	171.74603298144714	375.0	3	414
SC_RS09835		SCO1564	sigma-70 family RNA polymerase sigma factor	Sigma factor	1674273	1674773	-	1674773.0	0	1	Exposed	0	0.0	0	0.0	0	0.0	1	1.6666666666666667	1	1.0	1	0.5	0	0.0	4	4.0	6	3.0	24	40.0	42	42.0	68	34.0	73.83333333333333	1.2257026123560728	46	76.66666666666667	72.8	1.1344601796863103	52	52.0	71.2	1.0839143549423924	66	33.0	74.92113781028928	267.0	2	501
SC_RS09855		SCO1568	TetR/AcrR family transcriptional regulator	TetR	1678678	1679229	-	1679229.0	0	0	Shielded	0	0.0	0	0.0	2	1.0	0	0.0	0	0.0	0	0.0	4	6.666666666666667	4	4.0	12	6.0	22	36.66666666666667	32	32.0	62	31.0	72.5	1.070154577883472	16	26.666666666666668	73.0	1.061235549132948	22	22.0	72.55	1.1198036508666973	55	27.5	472.8807975945024	840.0	4	552
SC_RS09895		SCO1576	arginine repressor	Repressor	1686616	1687155	-	1687155.0	0	0	Shielded	0	0.0	0	0.0	0	0.0	0	0.0	0	0.0	0	0.0	2	3.3333333333333335	2	2.0	6	3.0	18	30.0	30	30.0	66	33.0	73.0	1.139018691588785	14	23.333333333333336	73.7	1.1651058181550031	28	28.0	74.0	1.1242745948845505	68	34.0	160.70465769104777	1279.0	3	540
SC_RS09980		SCO1593	transcriptional regulator	Other regulatory	1702516	1703856	-	1703856.0	0	0	Shielded	0	0.0	0	0.0	0	0.0	0	0.0	0	0.0	0	0.0	6	10.0	6	6.0	12	6.0	26	43.333333333333336	36	36.0	72	36.0	72.83333333333334	1.2118151981822771	13	21.666666666666668	73.6	1.190344164725888	22	22.0	74.05000000000001	1.2406495165115854	51	25.5	114.32918132583411	293.0	3	1341
SC_RS09995		SCO1596	sensor histidine kinase	Sensor kinase	1708109	1709248	-	1709248.0	0	0	Shielded	0	0.0	0	0.0	0	0.0	0	0.0	0	0.0	0	0.0	2	3.3333333333333335	2	2.0	4	2.0	16	26.666666666666668	26	26.0	52	26.0	74.83333333333333	1.0618413203420163	10	16.666666666666668	75.6	1.1208233469617932	14	14.0	73.6	1.1249447241387605	41	20.5	303.03690454112245	828.0	1	1140
SC_RS10080		SCO1614	FadR/GntR family transcriptional regulator	GntR	1726192	1726902	+	1726192.0	0	0	Shielded	0	0.0	1	1.0	2	1.0	0	0.0	0	0.0	0	0.0	2	3.3333333333333335	6	6.0	12	6.0	28	46.66666666666667	44	44.0	82	41.0	74.33333333333333	1.0671409515340151	13	21.666666666666668	75.3	1.1209119681162818	22	22.0	73.2	1.1289726922554386	57	28.5	59.92300271885837	415.0	8	711
SC_RS10090		SCO1616	LysR family transcriptional regulator	LysR	1728427	1729404	-	1729404.0	0	0	Shielded	2	3.3333333333333335	2	2.0	2	1.0	0	0.0	0	0.0	1	0.5	6	10.0	6	6.0	10	5.0	22	36.66666666666667	34	34.0	76	38.0	75.66666666666667	0.9661259541984732	22	36.66666666666667	76.1	1.0413148711021052	34	34.0	76.1	1.0627397222337613	64	32.0	298.72590778643485	130.0	5	978
SC_RS10105		SCO1619	helix-turn-helix domain-containing protein	HTH (other)	1731316	1731885	-	1731885.0	0	0	Shielded	0	0.0	0	0.0	0	0.0	0	0.0	0	0.0	0	0.0	0	0.0	2	2.0	2	1.0	20	33.333333333333336	42	42.0	76	38.0	71.66666666666667	1.1044698544698546	24	40.0	72.7	1.0754153981308978	38	38.0	71.2	1.069204350201906	75	37.5	240.35608997217156	711.0	3	570
SC_RS10160		SCO1630	sensor histidine kinase	Sensor kinase	1743055	1744680	-	1744680.0	0	0	Shielded	1	1.6666666666666667	1	1.0	1	0.5	0	0.0	0	0.0	0	0.0	2	3.3333333333333335	4	4.0	12	6.0	14	23.333333333333336	28	28.0	58	29.0	67.0	1.2354048964218456	23	38.333333333333336	69.8	1.2421635320794986	40	40.0	70.75	1.1771795901968662	73	36.5	5659.642353527558	66.0	3	1626
SC_RS10190		SCO1636	helix-turn-helix transcriptional regulator	HTH (other)	1750078	1751160	-	1751160.0	0	0	Shielded	0	0.0	0	0.0	0	0.0	0	0.0	1	1.0	1	0.5	4	6.666666666666667	4	4.0	8	4.0	22	36.66666666666667	42	42.0	76	38.0	73.0	1.1788068277843502	26	43.333333333333336	74.1	1.2175443743582222	40	40.0	73.75	1.1904630274617338	65	32.5	784.1545324220824	388.0	5	1083
SC_RS10195		SCO1637	helix-turn-helix transcriptional regulator	HTH (other)	1751179	1752132	-	1752132.0	0	0	Shielded	0	0.0	0	0.0	0	0.0	0	0.0	1	1.0	2	1.0	0	0.0	0	0.0	4	2.0	16	26.666666666666668	32	32.0	62	31.0	70.0	1.1162790697674418	7	11.666666666666668	71.2	1.1288998357963875	26	26.0	70.8	1.1355087219508282	62	31.0	709.4567846639613	242.0	5	954
SC_RS10220		SCO1642	LacI family DNA-binding transcriptional regulator	LacI	1756624	1757634	+	1756624.0	0	0	Shielded	0	0.0	0	0.0	0	0.0	0	0.0	0	0.0	0	0.0	2	3.3333333333333335	6	6.0	10	5.0	14	23.333333333333336	26	26.0	48	24.0	71.33333333333334	1.2463146609488072	23	38.333333333333336	72.7	1.1542120942710528	37	37.0	73.55000000000001	1.1372164616869094	72	36.0	234.35433001225385	237.0	2	1011
SC_RS10280		SCO1654	response regulator	Response regulator	1769156	1769827	+	1769156.0	0	0	Shielded	0	0.0	0	0.0	0	0.0	1	1.6666666666666667	1	1.0	1	0.5	0	0.0	0	0.0	8	4.0	22	36.66666666666667	38	38.0	92	46.0	71.5	1.0702488438669895	16	26.666666666666668	70.6	1.0848445595854923	21	21.0	73.1	1.1094234960047547	56	28.0	782.1023950883006	47.0	2	672
SC_RS10300		SCO1658	IclR family transcriptional regulator	IclR	1776737	1777501	+	1776737.0	0	0	Shielded	0	0.0	0	0.0	0	0.0	0	0.0	0	0.0	0	0.0	0	0.0	2	2.0	8	4.0	14	23.333333333333336	28	28.0	58	29.0	72.0	1.1500936874071201	24	40.0	72.39999999999999	1.095659502739149	32	32.0	71.89999999999999	1.1607073303731401	81	40.5	207.3207130903755	4247.0	0	765
SC_RS10320	parJ	SCO1662	filament polymerization regulator ParJ	Other regulatory	1782041	1783042	+	1782041.0	0	0	Shielded	0	0.0	0	0.0	0	0.0	0	0.0	0	0.0	0	0.0	0	0.0	0	0.0	6	3.0	16	26.666666666666668	32	32.0	72	36.0	71.16666666666667	1.1846658975951727	26	43.333333333333336	72.6	1.1552522174002264	37	37.0	73.25	1.1489649958644745	77	38.5	1022.2862730717956	892.0	1	1002
SC_RS10405		SCO1678	FadR/GntR family transcriptional regulator	GntR	1797723	1798424	-	1798424.0	0	0	Shielded	1	1.6666666666666667	1	1.0	2	1.0	0	0.0	0	0.0	0	0.0	4	6.666666666666667	6	6.0	10	5.0	18	30.0	36	36.0	68	34.0	67.33333333333333	1.1469744871700611	15	25.0	69.0	1.1697481254575903	22	22.0	71.05	1.113634292009971	53	26.5	155.82515852513444	534.0	2	702
SC_RS10435		SCO1684	tetratricopeptide repeat protein	TetR	1804126	1805076	-	1805076.0	0	1	Exposed	0	0.0	1	1.0	1	0.5	0	0.0	0	0.0	0	0.0	0	0.0	2	2.0	12	6.0	16	26.666666666666668	34	34.0	58	29.0	71.5	1.096128751631144	33	55.0	72.3	1.0718934231682107	37	37.0	73.75	1.0627227029193618	77	38.5	41.0418442467908	39.0	7	951
SC_RS10470		SCO1691	TetR/AcrR family transcriptional regulator	TetR	1810631	1811224	-	1811224.0	0	0	Shielded	0	0.0	0	0.0	0	0.0	0	0.0	0	0.0	0	0.0	0	0.0	2	2.0	4	2.0	22	36.66666666666667	32	32.0	54	27.0	72.5	1.1035007610350076	16	26.666666666666668	70.8	1.134230600263589	37	37.0	72.55	1.12876254180602	69	34.5	143.7217186463082	2302.0	0	594
SC_RS10500	soxR	SCO1697	redox-sensitive transcriptional activator SoxR	Activator	1818351	1818878	-	1818878.0	0	0	Shielded	0	0.0	0	0.0	0	0.0	0	0.0	0	0.0	0	0.0	0	0.0	0	0.0	4	2.0	18	30.0	30	30.0	76	38.0	70.66666666666667	1.1823983876385624	28	46.66666666666667	71.1	1.1663149208968724	39	39.0	73.6	1.1190577755125781	81	40.5	145.82449887206283	615.0	2	528
SC_RS10510		SCO1699	TetR/AcrR family transcriptional regulator	TetR	1819461	1820108	-	1820108.0	0	0	Shielded	0	0.0	0	0.0	0	0.0	0	0.0	0	0.0	0	0.0	2	3.3333333333333335	4	4.0	8	4.0	18	30.0	32	32.0	56	28.0	71.16666666666667	1.0983194389307926	19	31.666666666666668	71.1	1.1645962732919255	34	34.0	71.35000000000001	1.1675905177497345	63	31.5	656.1736282144593	615.0	2	648
SC_RS10525		SCO1702	TetR/AcrR family transcriptional regulator	TetR	1821800	1822441	+	1821800.0	0	0	Shielded	0	0.0	0	0.0	0	0.0	0	0.0	0	0.0	0	0.0	2	3.3333333333333335	6	6.0	8	4.0	10	16.666666666666668	30	30.0	62	31.0	68.0	1.1443746982134235	19	31.666666666666668	70.89999999999999	1.1518157094864823	30	30.0	72.5	1.1110603777605284	51	25.5	32.95340201555739	404.0	3	642
SC_RS10530		SCO1703	ArsR/SmtB family transcription factor	ArsR	1822505	1823218	+	1822505.0	0	0	Shielded	0	0.0	0	0.0	1	0.5	0	0.0	0	0.0	0	0.0	4	6.666666666666667	4	4.0	14	7.0	22	36.66666666666667	48	48.0	80	40.0	75.0	1.1142721669037459	17	28.333333333333336	75.8	1.148729087909104	27	27.0	74.0	1.1374941479400749	63	31.5	54.310007040504594	247.0	9	714
SC_RS10575		SCO1712	TetR/AcrR family transcriptional regulator	TetR	1834289	1834906	-	1834906.0	0	0	Shielded	0	0.0	1	1.0	1	0.5	0	0.0	0	0.0	0	0.0	4	6.666666666666667	6	6.0	10	5.0	28	46.66666666666667	40	40.0	84	42.0	76.16666666666667	1.2194186670756961	29	48.333333333333336	75.1	1.225071225071225	37	37.0	73.85000000000001	1.1792235549905108	66	33.0	40.63555092620612	367.0	1	618
SC_RS10590		SCO1716	GntR family transcriptional regulator	GntR	1837136	1837885	+	1837136.0	0	0	Shielded	0	0.0	0	0.0	0	0.0	0	0.0	0	0.0	0	0.0	2	3.3333333333333335	2	2.0	4	2.0	26	43.333333333333336	44	44.0	78	39.0	71.83333333333334	1.0853180584865842	20	33.333333333333336	70.6	1.1238390341406244	24	24.0	72.1	1.1704011704011703	65	32.5	52.83906052120451	1270.0	3	750
SC_RS10600		SCO1718	TetR/AcrR family transcriptional regulator C-terminal domain-containing protein	TetR	1839094	1839798	-	1839798.0	0	0	Shielded	0	0.0	0	0.0	0	0.0	0	0.0	0	0.0	0	0.0	0	0.0	2	2.0	14	7.0	14	23.333333333333336	30	30.0	80	40.0	72.0	1.2860357946629513	20	33.333333333333336	72.5	1.1740847475717793	32	32.0	74.5	1.15016919024844	72	36.0	86.71616231343756	1182.0	3	705
SC_RS10620		SCO1722	anti-sigma factor	Sigma factor	1842282	1843034	-	1843034.0	0	0	Shielded	0	0.0	0	0.0	0	0.0	0	0.0	0	0.0	0	0.0	2	3.3333333333333335	2	2.0	6	3.0	18	30.0	34	34.0	72	36.0	77.33333333333333	1.1172560192168035	19	31.666666666666668	77.3	1.1515029791792193	40	40.0	75.3	1.167532027766804	81	40.5	26.26924098235541	308.0	5	753
SC_RS10625		SCO1723	sigma-70 family RNA polymerase sigma factor	Sigma factor	1843031	1843573	-	1843573.0	0	0	Shielded	0	0.0	0	0.0	1	0.5	0	0.0	0	0.0	0	0.0	4	6.666666666666667	6	6.0	8	4.0	28	46.66666666666667	40	40.0	82	41.0	76.16666666666667	1.1852704257767548	28	46.66666666666667	74.9	1.1551790527531767	39	39.0	76.8	1.150439474666576	81	40.5	14.577381480396546	648.0	5	543
SC_RS10650		SCO1728	GntR family transcriptional regulator	GntR	1848412	1848777	-	1848777.0	0	0	Shielded	0	0.0	0	0.0	0	0.0	0	0.0	0	0.0	0	0.0	0	0.0	0	0.0	0	0.0	26	43.333333333333336	40	40.0	82	41.0	73.5	1.2209809377465841	17	28.333333333333336	74.0	1.1713224893917964	33	33.0	73.95	1.1937482959611516	69	34.5	35.65460649028252	3291.0	0	366
SC_RS10690		SCO1736	MarR family winged helix-turn-helix transcriptional regulator	MarR	1854078	1854524	-	1854524.0	0	0	Shielded	0	0.0	0	0.0	0	0.0	0	0.0	0	0.0	0	0.0	4	6.666666666666667	4	4.0	4	2.0	16	26.666666666666668	20	20.0	50	25.0	70.16666666666667	1.137440758293839	26	43.333333333333336	72.2	1.1175767852325715	39	39.0	72.7	1.1309126237172868	72	36.0	21.09879429800978	233.0	3	447
SC_RS10730		SCO1744	sensor histidine kinase	Sensor kinase	1863882	1865048	+	1863882.0	0	0	Shielded	0	0.0	0	0.0	1	0.5	0	0.0	0	0.0	0	0.0	2	3.3333333333333335	2	2.0	6	3.0	28	46.66666666666667	46	46.0	90	45.0	73.0	1.2147269994990815	21	35.0	74.2	1.1846618989476132	29	29.0	73.1	1.1835205992509363	67	33.5	58.91452042444772	549.0	2	1167
SC_RS10735		SCO1745	response regulator	Response regulator	1865045	1865710	+	1865045.0	0	0	Shielded	1	1.6666666666666667	1	1.0	1	0.5	0	0.0	0	0.0	0	0.0	2	3.3333333333333335	2	2.0	6	3.0	20	33.333333333333336	46	46.0	88	44.0	71.66666666666667	1.182099634112018	16	26.666666666666668	72.3	1.1264367816091954	29	29.0	73.55000000000001	1.1612898453709286	64	32.0	31.66715239174035	295.0	3	666
SC_RS10880		SCO1774	tetratricopeptide repeat protein	TetR	1893751	1895778	-	1895778.0	0	0	Shielded	1	1.6666666666666667	1	1.0	2	1.0	1	1.6666666666666667	1	1.0	1	0.5	4	6.666666666666667	4	4.0	12	6.0	28	46.66666666666667	44	44.0	90	45.0	75.0	1.1616880037932669	28	46.66666666666667	75.0	1.1591440823205637	37	37.0	74.75	1.1179670199729108	78	39.0	261.1292019842785	45.0	6	2028
SC_RS10900		SCO1778	PucR family transcriptional regulator	Other regulatory	1901295	1902941	+	1901295.0	0	0	Shielded	0	0.0	0	0.0	0	0.0	0	0.0	0	0.0	0	0.0	2	3.3333333333333335	4	4.0	12	6.0	40	66.66666666666667	64	64.0	118	59.0	77.66666666666666	1.0301284891448825	32	53.333333333333336	78.0	1.1048924374058704	66	66.0	76.6	1.0703207553601255	107	53.5	147.774330527746	1194.0	1	1647
SC_RS10960		SCO1790	tetratricopeptide repeat protein	TetR	1914468	1915205	-	1915205.0	0	0	Shielded	0	0.0	0	0.0	0	0.0	0	0.0	0	0.0	0	0.0	0	0.0	4	4.0	6	3.0	24	40.0	52	52.0	80	40.0	74.16666666666667	1.3031718711581017	18	30.0	73.4	1.2718363071858751	35	35.0	73.6	1.3095280289364655	66	33.0	401.91433954324145	783.0	1	738
SC_RS11030		SCO1801	response regulator	Response regulator	1929011	1929652	-	1929652.0	0	0	Shielded	0	0.0	0	0.0	1	0.5	1	1.6666666666666667	1	1.0	2	1.0	4	6.666666666666667	4	4.0	8	4.0	24	40.0	36	36.0	54	27.0	73.33333333333333	1.1531069827033953	27	45.0	74.8	1.1085126620752788	43	43.0	73.45	1.0974743209610156	75	37.5	159.68317066140304	134.0	4	642
SC_RS11035		SCO1802	GAF domain-containing sensor histidine kinase	Sensor kinase	1929645	1930823	-	1930823.0	0	0	Shielded	0	0.0	0	0.0	0	0.0	0	0.0	1	1.0	1	0.5	4	6.666666666666667	4	4.0	8	4.0	22	36.66666666666667	30	30.0	64	32.0	74.66666666666667	1.1327259295739966	30	50.0	75.1	1.0586414344956487	45	45.0	76.05	1.0571428571428572	77	38.5	199.57644196527104	910.0	4	1179
SC_RS11090		SCO1813	FadR/GntR family transcriptional regulator	GntR	1942957	1943649	+	1942957.0	0	0	Shielded	1	1.6666666666666667	1	1.0	1	0.5	0	0.0	0	0.0	0	0.0	2	3.3333333333333335	6	6.0	20	10.0	14	23.333333333333336	26	26.0	68	34.0	70.0	1.1853937687346716	18	30.0	71.3	1.1805260424044954	31	31.0	72.85000000000001	1.1438667225387045	92	46.0	242.77467731540548	241.0	2	693
SC_RS11225		SCO1839	helix-turn-helix domain-containing protein	HTH (other)	1967236	1967457	-	1967457.0	0	0	Shielded	0	0.0	0	0.0	0	0.0	0	0.0	0	0.0	3	1.5	0	0.0	0	0.0	6	3.0	26	43.333333333333336	36	36.0	66	33.0	65.33333333333333	1.0654132393262827	28	46.66666666666667	67.10000000000001	1.181592039800995	44	44.0	70.05	1.150672857993912	75	37.5	3166.894636206516	1038.0	3	222
SC_RS11390		SCO1872	IclR family transcriptional regulator	IclR	2006250	2007023	+	2006250.0	0	0	Shielded	0	0.0	0	0.0	0	0.0	0	0.0	0	0.0	2	1.0	0	0.0	2	2.0	6	3.0	10	16.666666666666668	22	22.0	58	29.0	68.5	1.2288640152417243	14	23.333333333333336	70.1	1.1744555908979692	26	26.0	71.65	1.1887779362815027	61	30.5	158.09131782353435	775.0	8	774
SC_RS11410		SCO1876	SigE family RNA polymerase sigma factor	Sigma factor	2009469	2010041	+	2009469.0	0	0	Shielded	0	0.0	0	0.0	1	0.5	0	0.0	0	0.0	0	0.0	0	0.0	0	0.0	4	2.0	18	30.0	24	24.0	74	37.0	73.83333333333333	1.261945601568243	22	36.66666666666667	73.1	1.2133195524198985	29	29.0	73.45	1.2239947479498088	68	34.0	41.19877369071864	57.0	7	573
SC_RS11480		SCO1890	GntR family transcriptional regulator	GntR	2024747	2025415	-	2025415.0	0	0	Shielded	0	0.0	0	0.0	0	0.0	0	0.0	0	0.0	0	0.0	4	6.666666666666667	6	6.0	8	4.0	22	36.66666666666667	42	42.0	80	40.0	68.66666666666667	1.244343891402715	28	46.66666666666667	72.5	1.2336653568491274	42	42.0	73.5	1.205782562158091	74	37.0	38.40190436077783	1701.0	1	669
SC_RS11515		SCO1897	DeoR/GlpR family DNA-binding transcription regulator	DeoR	2031485	2032261	+	2031485.0	0	1	Exposed	0	0.0	0	0.0	1	0.5	0	0.0	0	0.0	0	0.0	2	3.3333333333333335	4	4.0	8	4.0	18	30.0	32	32.0	60	30.0	72.5	1.2598091198303287	19	31.666666666666668	73.3	1.1919755307664628	32	32.0	72.39999999999999	1.1587440609522628	64	32.0	51.64886403671	191.0	3	777
SC_RS11550		SCO1904	TetR/AcrR family transcriptional regulator	TetR	2038269	2038841	-	2038841.0	0	0	Shielded	0	0.0	0	0.0	1	0.5	0	0.0	0	0.0	0	0.0	0	0.0	2	2.0	8	4.0	32	53.333333333333336	42	42.0	74	37.0	75.33333333333333	1.10685899322932	14	23.333333333333336	76.2	1.1843991771542557	23	23.0	74.0	1.1719915982852298	54	27.0	552.4050241700777	847.0	3	573
SC_RS11595	dapA	SCO1912	4-hydroxy-tetrahydrodipicolinate synthase	TetR	2048212	2049129	+	2048212.0	0	0	Shielded	0	0.0	1	1.0	1	0.5	0	0.0	0	0.0	1	0.5	0	0.0	6	6.0	8	4.0	24	40.0	38	38.0	88	44.0	71.66666666666667	1.0695652173913044	12	20.0	72.8	1.1442254503019693	26	26.0	74.1	1.144890878731183	55	27.5	49.973230375996344	398.0	3	918
SC_RS11615	dapD	SCO1916	2,3,4,5-tetrahydropyridine-2,6-dicarboxylate N-succinyltransferase	TetR	2050524	2051513	-	2051513.0	0	0	Shielded	0	0.0	0	0.0	0	0.0	0	0.0	0	0.0	0	0.0	2	3.3333333333333335	2	2.0	12	6.0	20	33.333333333333336	28	28.0	54	27.0	76.0	1.1788977306218684	21	35.0	74.4	1.2030030520632986	26	26.0	72.7	1.1955836447232857	47	23.5	939.4307857756108	10.0	2	990
SC_RS11620		SCO1917	TetR/AcrR family transcriptional regulator	TetR	2051523	2052116	-	2052116.0	0	0	Shielded	0	0.0	0	0.0	0	0.0	0	0.0	0	0.0	0	0.0	6	10.0	6	6.0	10	5.0	12	20.0	20	20.0	48	24.0	71.66666666666667	1.1723638279654875	5	8.333333333333334	71.5	1.1889098489291885	15	15.0	71.6	1.1607318512689357	51	25.5	72.06000494388215	363.0	2	594
SC_RS11665		SCO1926	helix-turn-helix transcriptional regulator	HTH (other)	2058374	2059132	-	2059132.0	0	0	Shielded	0	0.0	0	0.0	1	0.5	0	0.0	0	0.0	0	0.0	2	3.3333333333333335	2	2.0	8	4.0	26	43.333333333333336	38	38.0	68	34.0	71.33333333333334	1.196004556207833	28	46.66666666666667	73.9	1.2030516431924883	44	44.0	72.89999999999999	1.1892553041351086	85	42.5	2556.061463762439	2498.0	0	759
SC_RS11780	whiA	SCO1950	DNA-binding protein WhiA	Other regulatory	2084575	2085567	-	2085567.0	0	0	Shielded	0	0.0	0	0.0	0	0.0	0	0.0	0	0.0	0	0.0	2	3.3333333333333335	2	2.0	6	3.0	22	36.66666666666667	36	36.0	72	36.0	69.83333333333334	1.1506849315068493	16	26.666666666666668	72.7	1.0827099548744663	26	26.0	74.45	1.1043981030338466	55	27.5	736.6053063426078	986.0	1	993
SC_RS11810		SCO1956	LacI family DNA-binding transcriptional regulator	LacI	2091825	2092931	+	2091825.0	0	0	Shielded	0	0.0	1	1.0	1	0.5	0	0.0	0	0.0	0	0.0	2	3.3333333333333335	6	6.0	16	8.0	26	43.333333333333336	46	46.0	98	49.0	72.83333333333334	1.0843525406632202	15	25.0	73.6	1.1373791534649444	27	27.0	73.95	1.1156060484136447	62	31.0	154.46904367537087	278.0	2	1107
SC_RS11925		SCO1979	helix-turn-helix domain-containing protein	HTH (other)	2117906	2118766	-	2118766.0	0	0	Shielded	0	0.0	0	0.0	0	0.0	0	0.0	0	0.0	1	0.5	2	3.3333333333333335	4	4.0	4	2.0	12	20.0	24	24.0	54	27.0	66.83333333333333	1.0895522388059702	15	25.0	68.8	1.0817480372188935	26	26.0	70.1	1.070626764447864	64	32.0	238.1474000392997	1570.0	1	861
SC_RS12005		SCO1995	tetratricopeptide repeat protein	TetR	2130961	2131341	-	2131341.0	0	0	Shielded	0	0.0	0	0.0	0	0.0	0	0.0	0	0.0	0	0.0	0	0.0	0	0.0	2	1.0	22	36.66666666666667	36	36.0	68	34.0	72.83333333333334	1.3073538654934005	21	35.0	73.1	1.2351778656126482	42	42.0	72.95	1.2067941382136438	78	39.0	137.9462370358439	1043.0	2	381
SC_RS12095		SCO2013	ANTAR domain-containing response regulator	Response regulator	2155123	2155779	-	2155779.0	0	0	Shielded	0	0.0	0	0.0	0	0.0	0	0.0	0	0.0	0	0.0	0	0.0	2	2.0	6	3.0	14	23.333333333333336	22	22.0	44	22.0	64.5	1.0576358100528818	6	10.0	66.10000000000001	1.090762433775138	19	19.0	67.7	1.0521628276548558	47	23.5	1191.0138419514972	2118.0	0	657
SC_RS12270		SCO2047	ArsR/SmtB family transcription factor	ArsR	2196122	2196709	-	2196709.0	0	0	Shielded	0	0.0	0	0.0	1	0.5	0	0.0	0	0.0	0	0.0	0	0.0	2	2.0	4	2.0	8	13.333333333333334	20	20.0	42	21.0	69.33333333333334	1.1372304278482768	13	21.666666666666668	71.1	1.1402327975294955	24	24.0	71.39999999999999	1.1656200941915227	43	21.5	58.18495994895389	607.0	1	588
SC_RS12415		SCO2075	TraR/DksA family transcriptional regulator	Other regulatory	2225964	2226683	-	2226683.0	0	0	Shielded	0	0.0	0	0.0	0	0.0	0	0.0	0	0.0	0	0.0	0	0.0	0	0.0	2	1.0	18	30.0	42	42.0	62	31.0	70.0	1.2834962622196666	33	55.0	71.89999999999999	1.2180173470496052	46	46.0	70.95	1.1210404532035427	78	39.0	108.88813034571126	1218.0	1	720
SC_RS12540		SCO2100	TetR/AcrR family transcriptional regulator	TetR	2257287	2257916	+	2257287.0	0	0	Shielded	0	0.0	0	0.0	0	0.0	0	0.0	0	0.0	0	0.0	4	6.666666666666667	4	4.0	14	7.0	20	33.333333333333336	34	34.0	98	49.0	71.5	1.1281647645284008	15	25.0	73.3	1.0945184118987645	33	33.0	75.55	1.1095700416088765	83	41.5	486.86943797906446	659.0	3	630
SC_RS12550		SCO2102	SCO2102 family sporulation regulator	Other regulatory	2259944	2260936	-	2260936.0	0	0	Shielded	0	0.0	0	0.0	0	0.0	0	0.0	0	0.0	0	0.0	4	6.666666666666667	8	8.0	14	7.0	16	26.666666666666668	42	42.0	84	42.0	68.5	1.208530805687204	11	18.333333333333336	69.8	1.2262163407729278	24	24.0	71.05	1.210774298129274	61	30.5	930.1118779626828	1344.0	2	993
SC_RS12555	metF	SCO2103	methylenetetrahydrofolate reductase [NAD(P)H]	TetR	2260993	2261916	-	2261916.0	0	0	Shielded	0	0.0	0	0.0	0	0.0	0	0.0	1	1.0	1	0.5	4	6.666666666666667	4	4.0	10	5.0	20	33.333333333333336	30	30.0	66	33.0	72.0	1.261613062415517	26	43.333333333333336	73.2	1.2379951980792316	42	42.0	72.39999999999999	1.1968536558700493	77	38.5	919.7039173477606	364.0	2	924
SC_RS12565		SCO2105	Rv2175c family DNA-binding protein	Other regulatory	2262881	2263246	-	2263246.0	0	0	Shielded	0	0.0	0	0.0	0	0.0	0	0.0	0	0.0	1	0.5	0	0.0	0	0.0	4	2.0	12	20.0	24	24.0	76	38.0	71.83333333333334	1.0597053502196951	13	21.666666666666668	73.9	1.0748888299908708	33	33.0	76.14999999999999	1.17011701170117	93	46.5	675.3664912415974	962.0	2	366
SC_RS12645		SCO2120	response regulator	Response regulator	2280718	2281440	-	2281440.0	0	0	Shielded	0	0.0	0	0.0	1	0.5	0	0.0	0	0.0	0	0.0	0	0.0	2	2.0	6	3.0	24	40.0	48	48.0	84	42.0	74.5	1.2499499218781298	15	25.0	75.5	1.1999494758115448	30	30.0	74.3	1.1505830044008893	50	25.0	212.55128734081856	976.0	1	723
SC_RS12650	macS	SCO2121	MacS family sensor histidine kinase	Sensor kinase	2281433	2282674	-	2282674.0	0	0	Shielded	1	1.6666666666666667	1	1.0	1	0.5	0	0.0	0	0.0	0	0.0	6	10.0	6	6.0	14	7.0	18	30.0	34	34.0	74	37.0	69.0	1.1509041147161336	21	35.0	71.1	1.1771255865744055	27	27.0	72.25	1.1118267697215065	64	32.0	500.0771425764299	258.0	1	1242
SC_RS12675		SCO2126	ROK family glucokinase	ROK	2285983	2286936	-	2286936.0	0	0	Shielded	0	0.0	0	0.0	0	0.0	0	0.0	0	0.0	0	0.0	2	3.3333333333333335	4	4.0	6	3.0	18	30.0	34	34.0	70	35.0	70.66666666666667	1.1785714285714286	15	25.0	72.1	1.156622046758374	24	24.0	74.05000000000001	1.1872796682923266	53	26.5	2519.6748364361833	1388.0	3	954
SC_RS12745		SCO2140	Lrp/AsnC family transcriptional regulator	Lrp	2301552	2301833	+	2301552.0	0	0	Shielded	0	0.0	0	0.0	0	0.0	0	0.0	0	0.0	0	0.0	2	3.3333333333333335	4	4.0	6	3.0	18	30.0	26	26.0	70	35.0	69.33333333333334	1.026470928216391	18	30.0	69.69999999999999	0.9997356071121687	27	27.0	71.25	1.0642826734780757	57	28.5	383.90994593054296	1045.0	2	282
SC_RS12755		SCO2142	sensor histidine kinase	Sensor kinase	2302365	2303729	+	2302365.0	0	0	Shielded	0	0.0	0	0.0	0	0.0	0	0.0	0	0.0	0	0.0	6	10.0	6	6.0	8	4.0	32	53.333333333333336	48	48.0	82	41.0	74.5	1.0812975570684822	22	36.66666666666667	73.8	1.1105799286581106	37	37.0	72.05	1.1062970272603923	60	30.0	84.54739205247957	1629.0	2	1365
SC_RS12760		SCO2143	response regulator transcription factor	Response regulator	2303726	2304391	+	2303726.0	0	0	Shielded	1	1.6666666666666667	1	1.0	1	0.5	0	0.0	0	0.0	0	0.0	4	6.666666666666667	4	4.0	4	2.0	22	36.66666666666667	34	34.0	70	35.0	73.5	1.2587930396149574	23	38.333333333333336	73.6	1.1667835911826607	27	27.0	72.85000000000001	1.1760227062845598	65	32.5	42.26054101815341	268.0	2	666
SC_RS12805		SCO2152	response regulator	Response regulator	2314453	2314854	+	2314453.0	0	0	Shielded	0	0.0	0	0.0	0	0.0	0	0.0	0	0.0	1	0.5	4	6.666666666666667	4	4.0	4	2.0	26	43.333333333333336	36	36.0	60	30.0	69.16666666666667	1.1011987733482018	23	38.333333333333336	68.8	1.1273574909938546	29	29.0	67.4	1.1617762365959514	51	25.5	724.263250691306	321.0	7	402
SC_RS12865		SCO2165	response regulator	Response regulator	2329632	2330315	-	2330315.0	0	0	Shielded	0	0.0	0	0.0	2	1.0	0	0.0	0	0.0	0	0.0	0	0.0	2	2.0	6	3.0	14	23.333333333333336	32	32.0	64	32.0	73.16666666666667	1.207970112079701	13	21.666666666666668	74.4	1.1578429386053783	24	24.0	73.05	1.0855683269476373	58	29.0	150.6684792439119	522.0	2	684
SC_RS12870		SCO2166	sensor histidine kinase	Sensor kinase	2330312	2331562	-	2331562.0	0	0	Shielded	0	0.0	1	1.0	1	0.5	0	0.0	0	0.0	0	0.0	4	6.666666666666667	8	8.0	12	6.0	26	43.333333333333336	40	40.0	74	37.0	73.0	1.0975378986985136	20	33.333333333333336	72.6	1.0647750949871306	31	31.0	72.85000000000001	1.026200294606579	56	28.0	244.22573572396024	405.0	3	1251
SC_RS12950		SCO2182	GntR family transcriptional regulator	GntR	2347778	2348401	+	2347778.0	0	0	Shielded	0	0.0	0	0.0	1	0.5	0	0.0	0	0.0	1	0.5	0	0.0	0	0.0	4	2.0	16	26.666666666666668	32	32.0	54	27.0	71.66666666666667	1.065834795606681	16	26.666666666666668	71.2	1.089737515398465	20	20.0	70.0	1.0679760626054933	52	26.0	653.0853907130269	565.0	3	624
SC_RS12960		SCO2184	helix-turn-helix transcriptional regulator	HTH (other)	2351510	2352493	+	2351510.0	0	0	Shielded	0	0.0	0	0.0	1	0.5	0	0.0	0	0.0	0	0.0	2	3.3333333333333335	2	2.0	6	3.0	24	40.0	38	38.0	70	35.0	75.0	1.127351120428789	14	23.333333333333336	75.9	1.1684518013631937	25	25.0	74.6	1.1915185542908209	67	33.5	120.94147635144049	621.0	2	984
SC_RS13040		SCO2201	winged helix-turn-helix transcriptional regulator	HTH (other)	2367728	2368099	+	2367728.0	0	0	Shielded	0	0.0	0	0.0	0	0.0	0	0.0	0	0.0	0	0.0	2	3.3333333333333335	4	4.0	6	3.0	28	46.66666666666667	46	46.0	92	46.0	68.66666666666667	1.0468982103699511	20	33.333333333333336	70.7	1.073459905471441	30	30.0	72.05	1.1151670435339605	72	36.0	131.2293933228634	1855.0	2	372
SC_RS13055		SCO2204	winged helix DNA-binding domain-containing protein	HTH (other)	2369767	2370954	+	2369767.0	0	0	Shielded	0	0.0	0	0.0	0	0.0	0	0.0	0	0.0	0	0.0	0	0.0	2	2.0	2	1.0	22	36.66666666666667	38	38.0	92	46.0	75.16666666666667	1.195219123505976	12	20.0	75.3	1.138243569984305	22	22.0	75.14999999999999	1.049552344650297	62	31.0	409.2471312043717	90.0	1	1188
SC_RS13080		SCO2209	MarR family transcriptional regulator	MarR	2373706	2374182	+	2373706.0	0	0	Shielded	0	0.0	1	1.0	1	0.5	0	0.0	0	0.0	0	0.0	2	3.3333333333333335	6	6.0	6	3.0	26	43.333333333333336	42	42.0	74	37.0	70.83333333333334	1.2526652452025586	25	41.66666666666667	73.2	1.2337134775674783	38	38.0	73.65	1.1226784744867624	59	29.5	34.70173270391689	246.0	3	477
SC_RS13095		SCO2213	winged helix-turn-helix domain-containing protein	HTH (other)	2376676	2377257	+	2376676.0	0	0	Shielded	0	0.0	0	0.0	0	0.0	0	0.0	0	0.0	0	0.0	4	6.666666666666667	4	4.0	4	2.0	30	50.0	50	50.0	100	50.0	74.33333333333333	1.1593472370991116	23	38.333333333333336	74.0	1.203601890100746	49	49.0	75.4	1.141616867741572	83	41.5	262.7688439011004	1338.0	2	582
SC_RS13105		SCO2215	sensor histidine kinase	Sensor kinase	2378415	2379692	+	2378415.0	0	0	Shielded	0	0.0	0	0.0	0	0.0	0	0.0	1	1.0	1	0.5	4	6.666666666666667	6	6.0	6	3.0	26	43.333333333333336	42	42.0	80	40.0	75.5	1.053001053001053	16	26.666666666666668	74.9	1.0481432890308597	23	23.0	75.94999999999999	1.081962096648345	46	23.0	83.33975979442278	224.0	3	1278
SC_RS13110		SCO2216	response regulator transcription factor	Response regulator	2379677	2380330	+	2379677.0	0	0	Shielded	0	0.0	0	0.0	0	0.0	0	0.0	0	0.0	1	0.5	0	0.0	2	2.0	4	2.0	24	40.0	38	38.0	70	35.0	72.5	1.1034541073013995	28	46.66666666666667	73.1	1.0567021898466658	40	40.0	72.35000000000001	1.1042504088401168	79	39.5	92.81867285880524	605.0	3	654
SC_RS13125		SCO2219	tetratricopeptide repeat protein	TetR	2382653	2383162	+	2382653.0	0	0	Shielded	0	0.0	0	0.0	0	0.0	0	0.0	0	0.0	0	0.0	2	3.3333333333333335	2	2.0	2	1.0	22	36.66666666666667	26	26.0	74	37.0	74.83333333333333	1.0981141083790882	15	25.0	73.5	1.1195634443999585	23	23.0	73.35000000000001	1.1117060039560374	55	27.5	324.65892635758723	930.0	1	510
SC_RS13145		SCO2223	TetR/AcrR family transcriptional regulator	TetR	2387313	2388005	+	2387313.0	0	1	Exposed	0	0.0	0	0.0	0	0.0	0	0.0	0	0.0	0	0.0	0	0.0	0	0.0	2	1.0	20	33.333333333333336	30	30.0	60	30.0	69.5	1.2433801519686851	14	23.333333333333336	71.39999999999999	1.225182206584569	31	31.0	73.7	1.1560736341340896	61	30.5	90.32774609798872	288.0	2	693
SC_RS13190		SCO2232	LacI family DNA-binding transcriptional regulator	LacI	2400651	2401685	+	2400651.0	0	0	Shielded	0	0.0	1	1.0	1	0.5	0	0.0	1	1.0	1	0.5	0	0.0	2	2.0	6	3.0	14	23.333333333333336	22	22.0	40	20.0	69.33333333333334	1.0817557728312877	8	13.333333333333334	70.7	1.1448609354234385	26	26.0	69.6	1.1112029081295438	41	20.5	692.3324377178212	343.0	2	1035
SC_RS13245		SCO2243	TetR/AcrR family transcriptional regulator	TetR	2412355	2412933	+	2412355.0	0	0	Shielded	0	0.0	0	0.0	0	0.0	0	0.0	0	0.0	1	0.5	0	0.0	2	2.0	8	4.0	8	13.333333333333334	22	22.0	72	36.0	68.5	1.2808956781631007	16	26.666666666666668	68.7	1.2204424103737606	23	23.0	71.0	1.0953337196104422	43	21.5	378.37154695198143	936.0	6	579
SC_RS13260			helix-turn-helix domain-containing protein	HTH (other)	2415233	2416084	-	2416084.0	0	0	Shielded	0	0.0	0	0.0	0	0.0	0	0.0	1	1.0	1	0.5	0	0.0	0	0.0	4	2.0	20	33.333333333333336	26	26.0	58	29.0	72.0	1.17442366246194	10	16.666666666666668	71.6	1.181236572352722	24	24.0	69.8	1.121607499456786	51	25.5	185.5758012846246	371.0	2	852
SC_RS13290		SCO2253	helix-turn-helix domain-containing protein	HTH (other)	2419629	2420483	-	2420483.0	0	0	Shielded	0	0.0	0	0.0	0	0.0	0	0.0	0	0.0	1	0.5	0	0.0	0	0.0	2	1.0	22	36.66666666666667	30	30.0	52	26.0	73.33333333333333	1.1701112877583466	10	16.666666666666668	71.7	1.1100514375947843	18	18.0	71.25	1.1111111111111112	40	20.0	183.16468417916815	405.0	8	855
SC_RS13320		SCO2259	BTAD domain-containing putative transcriptional regulator	Other regulatory	2426233	2430201	-	2430201.0	0	0	Shielded	0	0.0	0	0.0	0	0.0	0	0.0	0	0.0	0	0.0	2	3.3333333333333335	2	2.0	2	1.0	22	36.66666666666667	32	32.0	88	44.0	77.0	1.1920827710301394	26	43.333333333333336	75.9	1.2012387340471329	34	34.0	75.75	1.1610137188458405	59	29.5	551.1218648595018	943.0	6	3969
SC_RS13425		SCO2280	TetR/AcrR family transcriptional regulator	TetR	2449644	2450291	-	2450291.0	0	0	Shielded	0	0.0	0	0.0	0	0.0	0	0.0	0	0.0	0	0.0	4	6.666666666666667	6	6.0	6	3.0	20	33.333333333333336	32	32.0	56	28.0	72.66666666666667	1.0749741795417658	20	33.333333333333336	72.5	1.095857051535722	36	36.0	72.65	1.1102774556836352	58	29.0	105.05171467225016	2758.0	0	648
SC_RS13430		SCO2281	response regulator transcription factor	Response regulator	2450354	2451016	-	2451016.0	0	0	Shielded	0	0.0	0	0.0	0	0.0	0	0.0	0	0.0	0	0.0	0	0.0	6	6.0	10	5.0	14	23.333333333333336	36	36.0	62	31.0	73.16666666666667	1.0963455149501662	11	18.333333333333336	74.4	1.1349260852278888	30	30.0	74.25	1.1659922557772917	63	31.5	120.60792635893034	2033.0	0	663
SC_RS13500		SCO2294	AraC family transcriptional regulator	AraC	2464222	2465058	-	2465058.0	0	0	Shielded	0	0.0	0	0.0	0	0.0	0	0.0	0	0.0	0	0.0	0	0.0	0	0.0	8	4.0	16	26.666666666666668	28	28.0	74	37.0	71.66666666666667	1.054664612313101	16	26.666666666666668	73.7	1.1075357329940883	24	24.0	74.95	1.0942489147203387	60	30.0	65.61806147225494	1681.0	1	837
SC_RS13505		SCO2295	MerR family transcriptional regulator	MerR	2465169	2465930	+	2465169.0	0	0	Shielded	0	0.0	0	0.0	0	0.0	0	0.0	0	0.0	0	0.0	0	0.0	0	0.0	8	4.0	14	23.333333333333336	34	34.0	72	36.0	71.33333333333334	1.1040042057303074	15	25.0	73.5	1.0910951585474138	22	22.0	74.95	1.116573918994363	58	29.0	45.630660550657886	1792.0	1	762
SC_RS13565		SCO2307	sensor histidine kinase	Sensor kinase	2475740	2476969	+	2475740.0	0	0	Shielded	0	0.0	0	0.0	1	0.5	0	0.0	0	0.0	0	0.0	0	0.0	0	0.0	2	1.0	16	26.666666666666668	26	26.0	56	28.0	71.83333333333334	1.0630023334197563	17	28.333333333333336	73.5	1.0154255080860723	25	25.0	73.9	1.0796728554399115	52	26.0	71.57758056853949	108.0	4	1230
SC_RS13570		SCO2308	response regulator transcription factor	Response regulator	2477055	2477687	+	2477055.0	0	0	Shielded	0	0.0	0	0.0	0	0.0	0	0.0	0	0.0	0	0.0	0	0.0	0	0.0	2	1.0	36	60.0	54	54.0	102	51.0	76.83333333333333	1.1182649949169772	21	35.0	77.7	1.1217310500464623	30	30.0	76.64999999999999	1.066903756390309	72	36.0	93.5231459420066	695.0	7	633
SC_RS13625		SCO2319	TetR family transcriptional regulator	TetR	2490268	2490921	+	2490268.0	0	0	Shielded	0	0.0	0	0.0	1	0.5	0	0.0	0	0.0	0	0.0	0	0.0	0	0.0	6	3.0	20	33.333333333333336	28	28.0	72	36.0	70.5	1.0332796564680624	23	38.333333333333336	71.6	1.0663404919279593	26	26.0	73.05	1.1165429416379988	82	41.0	379.7325519264314	550.0	1	654
SC_RS13675		SCO2329	GlxA family transcriptional regulator	Other regulatory	2499573	2500565	-	2500565.0	0	0	Shielded	0	0.0	0	0.0	0	0.0	0	0.0	0	0.0	0	0.0	2	3.3333333333333335	2	2.0	2	1.0	26	43.333333333333336	38	38.0	62	31.0	70.5	1.2633842569777338	19	31.666666666666668	71.8	1.289450585301817	30	30.0	72.25	1.237666443145895	56	28.0	82.9406133493294	371.0	1	993
SC_RS13685		SCO2331	MarR family winged helix-turn-helix transcriptional regulator	MarR	2501284	2501697	-	2501697.0	0	0	Shielded	0	0.0	0	0.0	0	0.0	0	0.0	0	0.0	0	0.0	2	3.3333333333333335	2	2.0	4	2.0	16	26.666666666666668	20	20.0	56	28.0	70.66666666666667	1.2335746849021185	23	38.333333333333336	71.39999999999999	1.2487434028650415	41	41.0	72.45	1.232259872474539	62	31.0	120.31799399816698	1503.0	1	414
SC_RS13825		SCO2358	response regulator transcription factor	Response regulator	2526064	2526708	-	2526708.0	0	0	Shielded	0	0.0	0	0.0	0	0.0	0	0.0	0	0.0	0	0.0	0	0.0	0	0.0	4	2.0	10	16.666666666666668	24	24.0	52	26.0	73.0	1.1788068277843502	11	18.333333333333336	74.0	1.1544117647058822	24	24.0	73.4	1.14124597207304	62	31.0	194.2473101056032	1037.0	3	645
SC_RS13830		SCO2359	sensor histidine kinase	Sensor kinase	2526699	2527841	-	2527841.0	0	0	Shielded	1	1.6666666666666667	1	1.0	1	0.5	0	0.0	0	0.0	0	0.0	6	10.0	6	6.0	10	5.0	16	26.666666666666668	26	26.0	56	28.0	72.16666666666667	1.1065362840967576	21	35.0	70.6	1.0439419247076962	32	32.0	72.2	1.1435961493812876	65	32.5	241.20367661266437	96.0	5	1143
SC_RS13905		SCO2374	TetR family transcriptional regulator	TetR	2544733	2545416	+	2544733.0	0	0	Shielded	1	1.6666666666666667	1	1.0	1	0.5	0	0.0	1	1.0	1	0.5	2	3.3333333333333335	2	2.0	4	2.0	18	30.0	30	30.0	54	27.0	67.5	1.161081716637272	19	31.666666666666668	69.39999999999999	1.2125339467979968	31	31.0	70.0	1.1520572596969925	55	27.5	173.37771126700756	10.0	8	684
SC_RS13925		SCO2378	MerR family transcriptional regulator	MerR	2548784	2549293	-	2549293.0	0	0	Shielded	0	0.0	0	0.0	0	0.0	0	0.0	0	0.0	0	0.0	4	6.666666666666667	6	6.0	10	5.0	20	33.333333333333336	44	44.0	72	36.0	69.83333333333334	1.183920704845815	20	33.333333333333336	71.39999999999999	1.2129326979876343	40	40.0	71.95	1.2134140215013873	70	35.0	138.70047425999994	85.0	7	510
SC_RS13940		SCO2381	helix-turn-helix domain-containing protein	HTH (other)	2550901	2551737	+	2550901.0	0	0	Shielded	0	0.0	0	0.0	0	0.0	0	0.0	0	0.0	0	0.0	0	0.0	0	0.0	2	1.0	8	13.333333333333334	16	16.0	46	23.0	69.66666666666667	1.016832703538303	13	21.666666666666668	69.89999999999999	1.0562515352493245	17	17.0	70.3	1.1016405128298592	41	20.5	214.37112605530012	1491.0	3	837
SC_RS13965	fasR	SCO2386	fatty acid biosynthesis transcriptional regulator FasR	Other regulatory	2558045	2559250	+	2558045.0	0	1	Exposed	0	0.0	0	0.0	0	0.0	3	5.0	3	3.0	3	1.5	2	3.3333333333333335	2	2.0	4	2.0	26	43.333333333333336	38	38.0	76	38.0	72.0	1.1065600137247753	11	18.333333333333336	72.8	1.1715797430083144	17	17.0	73.1	1.1527981555229512	48	24.0	658.4212932136244	24.0	8	1206
SC_RS14025		SCO2398	MarR family winged helix-turn-helix transcriptional regulator	MarR	2570030	2570485	+	2570030.0	0	0	Shielded	0	0.0	0	0.0	0	0.0	1	1.6666666666666667	1	1.0	1	0.5	0	0.0	2	2.0	10	5.0	12	20.0	26	26.0	52	26.0	68.83333333333333	1.0721339226935014	8	13.333333333333334	71.7	1.1104854854854855	15	15.0	71.65	1.17490924704321	62	31.0	51.239061482067086	197.0	4	456
SC_RS14165		SCO2426	helix-turn-helix domain-containing protein	HTH (other)	2600318	2601529	+	2600318.0	0	0	Shielded	0	0.0	0	0.0	2	1.0	0	0.0	0	0.0	0	0.0	2	3.3333333333333335	6	6.0	10	5.0	30	50.0	54	54.0	86	43.0	67.66666666666666	0.9988249118683902	13	21.666666666666668	69.6	1.0467289719626167	21	21.0	70.65	1.0852706899972868	47	23.5	155.95433362134705	982.0	2	1212
SC_RS14235		SCO2440	IclR family transcriptional regulator	IclR	2618647	2619420	-	2619420.0	0	0	Shielded	0	0.0	0	0.0	0	0.0	0	0.0	0	0.0	0	0.0	2	3.3333333333333335	4	4.0	6	3.0	20	33.333333333333336	34	34.0	82	41.0	70.66666666666667	1.1351495726495726	27	45.0	72.0	1.151192527292534	42	42.0	74.4	1.1122886153455975	66	33.0	262.2713762970686	991.0	2	774
SC_RS14245		SCO2442	FadR/GntR family transcriptional regulator	GntR	2620174	2620881	-	2620881.0	0	0	Shielded	0	0.0	0	0.0	0	0.0	0	0.0	0	0.0	0	0.0	2	3.3333333333333335	2	2.0	6	3.0	16	26.666666666666668	30	30.0	94	47.0	70.5	1.0196682679235023	16	26.666666666666668	72.0	1.102347534467768	24	24.0	74.45	1.1044459362886285	50	25.0	292.09979106832964	1598.0	1	708
SC_RS14295		SCO2452	GAF domain-containing sensor histidine kinase	Sensor kinase	2638132	2639559	+	2638132.0	0	0	Shielded	0	0.0	0	0.0	0	0.0	1	1.6666666666666667	1	1.0	1	0.5	2	3.3333333333333335	2	2.0	4	2.0	30	50.0	44	44.0	76	38.0	76.66666666666667	1.123213070115725	23	38.333333333333336	75.9	1.1109722395811634	37	37.0	75.44999999999999	1.1807827605716956	88	44.0	31.09430885986994	204.0	3	1428
SC_RS14375		SCO2465	RNA polymerase sigma factor	Sigma factor	2653137	2654327	-	2654327.0	0	0	Shielded	0	0.0	0	0.0	0	0.0	0	0.0	0	0.0	0	0.0	8	13.333333333333334	10	10.0	10	5.0	38	63.333333333333336	58	58.0	88	44.0	75.83333333333333	1.1112410808281672	25	41.66666666666667	75.5	1.1583884274170764	44	44.0	74.7	1.1120879993789639	68	34.0	180.01092765029	734.0	1	1191
SC_RS14425		SCO2475	LysR family transcriptional regulator	LysR	2666940	2667869	+	2666940.0	0	0	Shielded	1	1.6666666666666667	1	1.0	1	0.5	0	0.0	0	0.0	0	0.0	4	6.666666666666667	4	4.0	4	2.0	14	23.333333333333336	22	22.0	64	32.0	75.83333333333333	1.1756489349319055	22	36.66666666666667	74.7	1.1414869482813084	46	46.0	74.65	1.1577111834181244	86	43.0	273.36539618885405	178.0	2	930
SC_RS14455		SCO2481	winged helix-turn-helix transcriptional regulator	HTH (other)	2671552	2671941	-	2671941.0	0	0	Shielded	0	0.0	0	0.0	0	0.0	0	0.0	0	0.0	0	0.0	0	0.0	2	2.0	8	4.0	14	23.333333333333336	28	28.0	80	40.0	74.66666666666667	1.1696626446688008	19	31.666666666666668	74.5	1.162484646429198	26	26.0	74.75	1.158752708539613	51	25.5	113.43425810753926	856.0	2	390
SC_RS14495		SCO2489	TetR/AcrR family transcriptional regulator	TetR	2680340	2680924	+	2680340.0	0	0	Shielded	0	0.0	0	0.0	0	0.0	1	1.6666666666666667	1	1.0	2	1.0	2	3.3333333333333335	4	4.0	4	2.0	26	43.333333333333336	46	46.0	74	37.0	72.5	1.1668710100198707	22	36.66666666666667	74.2	1.1045227299151261	32	32.0	72.7	1.146890998041201	60	30.0	128.2703299012433	524.0	1	585
SC_RS14555		SCO2501	helix-turn-helix transcriptional regulator	HTH (other)	2698679	2699575	-	2699575.0	0	0	Shielded	0	0.0	0	0.0	0	0.0	0	0.0	0	0.0	0	0.0	0	0.0	4	4.0	8	4.0	16	26.666666666666668	32	32.0	82	41.0	71.66666666666667	1.0909090909090908	23	38.333333333333336	73.3	1.0948415831260334	42	42.0	73.25	1.0847078557450378	84	42.0	260.5901637232051	1275.0	4	897
SC_RS14590		SCO2508	Fur family transcriptional regulator	Other regulatory	2706801	2707220	+	2706801.0	0	0	Shielded	0	0.0	0	0.0	0	0.0	0	0.0	0	0.0	0	0.0	0	0.0	0	0.0	0	0.0	18	30.0	34	34.0	64	32.0	73.0	1.126502002670227	20	33.333333333333336	73.2	1.1053685059600276	37	37.0	71.35000000000001	1.0951866938756214	64	32.0	409.5827175584503	1347.0	2	420
SC_RS14615		SCO2513	helix-turn-helix domain-containing protein	HTH (other)	2709485	2710318	+	2709485.0	0	0	Shielded	0	0.0	0	0.0	0	0.0	0	0.0	0	0.0	0	0.0	0	0.0	0	0.0	2	1.0	14	23.333333333333336	20	20.0	38	19.0	61.83333333333333	1.1510289501220787	7	11.666666666666668	65.7	1.2711078122100574	20	20.0	68.10000000000001	1.2768527305668191	54	27.0	422.1794863938492	833.0	1	834
SC_RS14635		SCO2517	response regulator	Response regulator	2712740	2713435	-	2713435.0	0	0	Shielded	0	0.0	0	0.0	0	0.0	1	1.6666666666666667	1	1.0	1	0.5	4	6.666666666666667	6	6.0	10	5.0	24	40.0	38	38.0	72	36.0	76.0	1.2246076826802734	21	35.0	76.2	1.1830962528366635	43	43.0	73.85000000000001	1.1816414877639367	70	35.0	567.4292319832372	154.0	2	696
SC_RS14640		SCO2518	sensor histidine kinase	Sensor kinase	2713432	2714709	-	2714709.0	0	0	Shielded	0	0.0	0	0.0	0	0.0	0	0.0	0	0.0	0	0.0	2	3.3333333333333335	2	2.0	8	4.0	24	40.0	36	36.0	66	33.0	75.16666666666667	1.2078629509749743	15	25.0	72.8	1.1932809105651256	26	26.0	73.7	1.2087004045788854	59	29.5	1177.8693054626249	1120.0	1	1278
SC_RS14725		SCO2535	MmcQ/YjbR family DNA-binding protein	Other regulatory	2733319	2733693	+	2733319.0	0	0	Shielded	0	0.0	0	0.0	0	0.0	0	0.0	0	0.0	0	0.0	2	3.3333333333333335	2	2.0	2	1.0	30	50.0	44	44.0	72	36.0	71.83333333333334	1.1436492808871945	11	18.333333333333336	71.6	1.2112403100775193	24	24.0	71.5	1.1078467256865812	39	19.5	111.68991164181936	2001.0	0	375
SC_RS14735		SCO2537	helix-turn-helix transcriptional regulator	HTH (other)	2735252	2736145	+	2735252.0	0	0	Shielded	0	0.0	0	0.0	0	0.0	0	0.0	0	0.0	0	0.0	0	0.0	2	2.0	4	2.0	30	50.0	42	42.0	72	36.0	73.66666666666667	1.0541690480726487	18	30.0	73.5	1.0835303388494877	32	32.0	74.05000000000001	1.043462816461551	49	24.5	193.96551896699512	68.0	2	894
SC_RS14770		SCO2544	IclR family transcriptional regulator	IclR	2742662	2743459	+	2742662.0	0	0	Shielded	0	0.0	0	0.0	1	0.5	0	0.0	0	0.0	0	0.0	0	0.0	2	2.0	4	2.0	24	40.0	44	44.0	72	36.0	70.0	1.1994820418455667	17	28.333333333333336	72.1	1.1884550084889642	27	27.0	72.1	1.2016258654797232	46	23.0	101.82492231043584	610.0	4	798
SC_RS14825	hrcA	SCO2555	heat-inducible transcriptional repressor HrcA	Repressor	2755007	2756023	-	2756023.0	0	0	Shielded	0	0.0	0	0.0	1	0.5	0	0.0	0	0.0	0	0.0	2	3.3333333333333335	4	4.0	8	4.0	20	33.333333333333336	34	34.0	74	37.0	72.0	1.0319917440660475	17	28.333333333333336	73.4	1.1918240867647936	34	34.0	73.15	1.1781206171107994	57	28.5	1822.4534551655368	791.0	2	1017
SC_RS14890		SCO2568	ComEA family DNA-binding protein	Other regulatory	2772442	2773509	-	2773509.0	0	0	Shielded	0	0.0	0	0.0	0	0.0	0	0.0	0	0.0	0	0.0	2	3.3333333333333335	2	2.0	4	2.0	28	46.66666666666667	44	44.0	90	45.0	77.66666666666666	1.1274871039056742	12	20.0	76.9	1.1166152346922202	27	27.0	76.25	1.1457591428482954	80	40.0	59.205795352220065	1167.0	3	1068
SC_RS15140	folC	SCO2614	bifunctional tetrahydrofolate synthase/dihydrofolate synthase	TetR	2837148	2838671	-	2838671.0	0	0	Shielded	1	1.6666666666666667	1	1.0	1	0.5	0	0.0	0	0.0	0	0.0	4	6.666666666666667	4	4.0	10	5.0	22	36.66666666666667	30	30.0	66	33.0	77.16666666666666	1.0276679841897234	24	40.0	73.9	1.0605859737504972	33	33.0	73.25	1.1236710070481424	57	28.5	1801.0098727810744	228.0	1	1524
SC_RS15270		SCO2639	RNA polymerase sigma factor	Sigma factor	2870032	2870568	-	2870568.0	0	1	Exposed	0	0.0	0	0.0	0	0.0	1	1.6666666666666667	1	1.0	1	0.5	0	0.0	2	2.0	2	1.0	14	23.333333333333336	22	22.0	62	31.0	72.33333333333334	1.1342395921835173	23	38.333333333333336	72.2	1.1050402111854625	29	29.0	73.75	1.1141631090666404	50	25.0	57.65600978674502	113.0	7	537
SC_RS15295		SCO2644	LysR family transcriptional regulator	LysR	2876450	2877352	-	2877352.0	0	0	Shielded	0	0.0	0	0.0	2	1.0	0	0.0	0	0.0	0	0.0	0	0.0	4	4.0	12	6.0	18	30.0	28	28.0	68	34.0	74.0	1.0226442658875092	7	11.666666666666668	74.8	1.0723860589812333	18	18.0	76.64999999999999	1.1152796725784448	73	36.5	215.8927181022056	692.0	2	903
SC_RS15310		SCO2647	MarR family winged helix-turn-helix transcriptional regulator	MarR	2879447	2879965	+	2879447.0	0	0	Shielded	0	0.0	1	1.0	1	0.5	0	0.0	0	0.0	0	0.0	4	6.666666666666667	6	6.0	10	5.0	24	40.0	38	38.0	80	40.0	71.0	1.089845826687932	27	45.0	72.6	1.0566806543818037	33	33.0	74.75	1.0916599335667474	67	33.5	99.63292564152847	478.0	1	519
SC_RS15335		SCO2652	Rrf2 family transcriptional regulator	Other regulatory	2884084	2884518	+	2884084.0	0	0	Shielded	0	0.0	0	0.0	1	0.5	0	0.0	0	0.0	0	0.0	0	0.0	6	6.0	10	5.0	16	26.666666666666668	26	26.0	58	29.0	67.66666666666666	1.1356742459171538	16	26.666666666666668	67.80000000000001	1.209694965406205	34	34.0	69.6	1.2155290031835284	72	36.0	230.36682014612765	687.0	1	435
SC_RS15360		SCO2657	ROK family transcriptional regulator	ROK	2888309	2889526	+	2888309.0	0	0	Shielded	0	0.0	0	0.0	2	1.0	0	0.0	0	0.0	0	0.0	0	0.0	2	2.0	10	5.0	28	46.66666666666667	48	48.0	86	43.0	73.0	1.0840336134453783	19	31.666666666666668	74.2	1.1774083851953692	36	36.0	73.9	1.0902583398338914	63	31.5	132.913041570395	149.0	4	1218
SC_RS15485	fxsT	SCO2681	FxSxx-COOH system tetratricopeptide repeat protein	TetR	2920569	2922815	+	2920569.0	0	1	Exposed	0	0.0	0	0.0	0	0.0	0	0.0	0	0.0	0	0.0	4	6.666666666666667	4	4.0	6	3.0	24	40.0	40	40.0	66	33.0	72.16666666666667	1.0686695278969955	15	25.0	70.7	1.0518539930304636	25	25.0	71.0	1.0766100442093043	41	20.5	170.0691728781177	120.0	7	2247
SC_RS15495		SCO2683	single-stranded DNA-binding protein	Other regulatory	2924515	2924985	-	2924985.0	0	0	Shielded	0	0.0	0	0.0	0	0.0	0	0.0	0	0.0	0	0.0	0	0.0	0	0.0	4	2.0	20	33.333333333333336	44	44.0	78	39.0	73.83333333333333	1.1876096804472922	25	41.66666666666667	75.7	1.1145224376498297	47	47.0	74.4	1.1561007873445017	84	42.0	24.55170085076515	82.0	5	471
SC_RS15515		SCO2686	helix-turn-helix domain-containing protein	HTH (other)	2929823	2930719	-	2930719.0	0	0	Shielded	0	0.0	0	0.0	0	0.0	0	0.0	0	0.0	0	0.0	2	3.3333333333333335	6	6.0	6	3.0	12	20.0	24	24.0	54	27.0	63.83333333333333	1.0807270345505158	25	41.66666666666667	64.5	1.1346808469719407	40	40.0	66.2	1.0910178191968922	73	36.5	125.4531595522996	2162.0	0	897
SC_RS15725			helix-turn-helix transcriptional regulator	HTH (other)	2975426	2975617	+	2975426.0	0	0	Shielded	0	0.0	0	0.0	0	0.0	0	0.0	0	0.0	0	0.0	0	0.0	0	0.0	0	0.0	18	30.0	32	32.0	66	33.0	72.0	1.1445718572500267	20	33.333333333333336	71.5	1.1518209741114525	28	28.0	71.8	1.1451863354037266	68	34.0	6.830690689528868	1177.0	1	192
SC_RS15755		SCO2734	LysR family transcriptional regulator	LysR	2980555	2981592	+	2980555.0	0	0	Shielded	0	0.0	0	0.0	0	0.0	1	1.6666666666666667	1	1.0	1	0.5	2	3.3333333333333335	2	2.0	6	3.0	18	30.0	34	34.0	78	39.0	70.0	1.1343985612506053	17	28.333333333333336	71.39999999999999	1.2169199282491365	29	29.0	72.95	1.227551716299159	71	35.5	106.96026275672617	210.0	1	1038
SC_RS15795		SCO2742	RNA polymerase sigma-70 factor	Sigma factor	2988198	2989145	-	2989145.0	0	0	Shielded	0	0.0	0	0.0	0	0.0	0	0.0	0	0.0	0	0.0	2	3.3333333333333335	2	2.0	4	2.0	16	26.666666666666668	20	20.0	66	33.0	68.66666666666667	1.1782241464972676	26	43.333333333333336	70.39999999999999	1.1966461565827666	32	32.0	72.55	1.1714500878587564	72	36.0	51.18329125846741	1335.0	1	948
SC_RS15810		SCO2745	LacI family DNA-binding transcriptional regulator	LacI	2990408	2991451	+	2990408.0	0	0	Shielded	0	0.0	0	0.0	0	0.0	0	0.0	0	0.0	1	0.5	0	0.0	2	2.0	6	3.0	22	36.66666666666667	44	44.0	74	37.0	72.66666666666667	1.2132701421800949	25	41.66666666666667	73.9	1.1952424949037206	40	40.0	75.0	1.2129296162909609	85	42.5	57.81529233338171	72.0	1	1044
SC_RS15850		SCO2753	LacI family DNA-binding transcriptional regulator	LacI	2999879	3000925	+	2999879.0	0	0	Shielded	1	1.6666666666666667	1	1.0	2	1.0	0	0.0	0	0.0	0	0.0	2	3.3333333333333335	4	4.0	6	3.0	16	26.666666666666668	32	32.0	62	31.0	69.5	1.2605042016806725	27	45.0	71.8	1.2329109182845372	40	40.0	72.5	1.235616354510956	71	35.5	185.9979143141286	235.0	4	1047
SC_RS15870		SCO2757	LysR family transcriptional regulator	LysR	3003658	3004599	+	3003658.0	0	0	Shielded	0	0.0	0	0.0	0	0.0	0	0.0	0	0.0	0	0.0	0	0.0	2	2.0	4	2.0	4	6.666666666666667	18	18.0	52	26.0	71.33333333333334	1.0715466872450667	15	25.0	72.89999999999999	1.05135768852583	38	38.0	74.95	1.0271810656290234	61	30.5	112.50948375935133	593.0	2	942
SC_RS15920		SCO2767	tetratricopeptide repeat protein	TetR	3017260	3019491	-	3019491.0	0	0	Shielded	0	0.0	0	0.0	0	0.0	0	0.0	0	0.0	0	0.0	0	0.0	6	6.0	8	4.0	26	43.333333333333336	38	38.0	74	37.0	74.33333333333333	1.0872848082150406	14	23.333333333333336	74.6	1.157207751135645	45	45.0	74.45	1.0946966823103519	84	42.0	431.07625851026467	1542.0	2	2232
SC_RS15960		SCO2775	SACE_7040 family transcriptional regulator	Other regulatory	3026790	3027416	-	3027416.0	0	0	Shielded	0	0.0	0	0.0	0	0.0	0	0.0	0	0.0	0	0.0	2	3.3333333333333335	4	4.0	6	3.0	24	40.0	42	42.0	74	37.0	73.16666666666667	1.1595046130828692	23	38.333333333333336	73.4	1.1681547619047619	31	31.0	72.85000000000001	1.1427666266886922	59	29.5	106.38690518601938	253.0	2	627
SC_RS16045		SCO2792	helix-turn-helix domain-containing protein	HTH (other)	3047135	3048331	+	3047135.0	0	0	Shielded	0	0.0	0	0.0	0	0.0	0	0.0	0	0.0	0	0.0	6	10.0	8	8.0	14	7.0	18	30.0	28	28.0	64	32.0	69.5	1.1198156682027651	20	33.333333333333336	70.6	1.139573703133025	40	40.0	71.39999999999999	1.1228984915468516	81	40.5	3179.369312161971	3720.0	0	1197
SC_RS16060		SCO2794	LacI family DNA-binding transcriptional regulator	LacI	3049837	3050892	-	3050892.0	0	0	Shielded	1	1.6666666666666667	2	2.0	2	1.0	0	0.0	0	0.0	0	0.0	2	3.3333333333333335	4	4.0	12	6.0	14	23.333333333333336	24	24.0	48	24.0	69.33333333333334	1.2824166429182102	20	33.333333333333336	70.19999999999999	1.173862005999739	31	31.0	69.95	1.1782032400589102	65	32.5	548.8928678157217	37.0	2	1056
SC_RS16090		SCO2800	sensor histidine kinase	Sensor kinase	3057814	3059226	-	3059226.0	0	0	Shielded	1	1.6666666666666667	1	1.0	2	1.0	0	0.0	0	0.0	0	0.0	4	6.666666666666667	4	4.0	8	4.0	22	36.66666666666667	32	32.0	76	38.0	72.83333333333334	1.1347875425545328	17	28.333333333333336	74.1	1.2179646133874003	43	43.0	74.55000000000001	1.184096397683634	96	48.0	162.40548075896493	200.0	4	1413
SC_RS16095		SCO2801	response regulator transcription factor	Response regulator	3059223	3059927	-	3059927.0	0	0	Shielded	0	0.0	0	0.0	1	0.5	0	0.0	0	0.0	0	0.0	0	0.0	2	2.0	10	5.0	20	33.333333333333336	32	32.0	72	36.0	72.66666666666667	1.1997979287698912	20	33.333333333333336	75.0	1.2373685295937307	43	43.0	74.6	1.2430819785541336	84	42.0	74.66291734363038	501.0	3	705
SC_RS16145		SCO2811	ArsR/SmtB family transcription factor	ArsR	3070230	3070556	-	3070556.0	0	0	Shielded	0	0.0	0	0.0	1	0.5	0	0.0	0	0.0	0	0.0	0	0.0	2	2.0	4	2.0	14	23.333333333333336	28	28.0	74	37.0	67.66666666666666	0.9713500784929355	11	18.333333333333336	70.89999999999999	1.1642097825737867	26	26.0	72.75	1.1772190960938422	58	29.0	111.0455956627134	952.0	1	327
SC_RS16165		SCO2815	TetR/AcrR family transcriptional regulator	TetR	3073685	3074278	+	3073685.0	0	0	Shielded	0	0.0	0	0.0	0	0.0	0	0.0	1	1.0	1	0.5	2	3.3333333333333335	2	2.0	8	4.0	30	50.0	38	38.0	86	43.0	70.66666666666667	1.1501682901277224	16	26.666666666666668	73.5	1.1551277304701961	30	30.0	73.95	1.1316525789959422	68	34.0	77.2092678793532	380.0	3	594
SC_RS16255		SCO2832	IclR family transcriptional regulator	IclR	3090979	3091737	+	3090979.0	0	0	Shielded	0	0.0	0	0.0	1	0.5	0	0.0	0	0.0	1	0.5	2	3.3333333333333335	2	2.0	8	4.0	16	26.666666666666668	32	32.0	70	35.0	72.0	1.1190430252749373	20	33.333333333333336	72.1	1.1005079267354163	33	33.0	70.6	1.059672826014968	57	28.5	881.1748139589308	565.0	2	759
SC_RS16305		SCO2840	LysR family transcriptional regulator	LysR	3101313	3102206	+	3101313.0	0	0	Shielded	0	0.0	0	0.0	0	0.0	0	0.0	0	0.0	0	0.0	6	10.0	10	10.0	14	7.0	16	26.666666666666668	24	24.0	56	28.0	71.33333333333334	1.1330698287220025	15	25.0	70.19999999999999	1.1382992662473794	26	26.0	71.5	1.0915315994471668	51	25.5	67.20358595909101	1275.0	2	894
SC_RS16325			GntR family transcriptional regulator	GntR	3104592	3104948	-	3104948.0	0	0	Shielded	0	0.0	0	0.0	0	0.0	0	0.0	0	0.0	0	0.0	2	3.3333333333333335	2	2.0	4	2.0	28	46.66666666666667	46	46.0	72	36.0	78.66666666666666	1.120387826555346	23	38.333333333333336	76.9	1.062001975188387	39	39.0	75.25	1.0737230995277738	62	31.0	18.52395286643107	203.0	2	357
SC_RS16330		SCO2846	ROK family transcriptional regulator	ROK	3105013	3106233	-	3106233.0	0	0	Shielded	0	0.0	0	0.0	0	0.0	0	0.0	0	0.0	0	0.0	2	3.3333333333333335	2	2.0	2	1.0	26	43.333333333333336	34	34.0	80	40.0	75.16666666666667	1.0928961748633879	15	25.0	75.9	1.0642021984176993	29	29.0	76.5	1.1094579578782644	52	26.0	113.20677941840935	1082.0	2	1221
SC_RS16365		SCO2853	winged helix-turn-helix transcriptional regulator	HTH (other)	3111340	3111885	-	3111885.0	0	0	Shielded	0	0.0	1	1.0	1	0.5	0	0.0	0	0.0	0	0.0	0	0.0	4	4.0	8	4.0	16	26.666666666666668	32	32.0	68	34.0	72.16666666666667	1.1485847027445582	12	20.0	73.9	1.1043378390317165	24	24.0	75.44999999999999	1.1349660915703292	67	33.5	43.55701735545884	399.0	4	546
SC_RS16395		SCO2859	PadR family transcriptional regulator	PadR	3115957	3116334	-	3116334.0	0	0	Shielded	0	0.0	0	0.0	1	0.5	0	0.0	0	0.0	0	0.0	0	0.0	0	0.0	8	4.0	40	66.66666666666667	58	58.0	110	55.0	76.0	0.9611116472064074	18	30.0	74.9	1.0749585167015365	26	26.0	73.95	1.0982815554595575	59	29.5	82.51050546953769	952.0	2	378
SC_RS16420		SCO2865	helix-turn-helix domain-containing protein	HTH (other)	3122091	3122933	+	3122091.0	0	0	Shielded	1	1.6666666666666667	1	1.0	1	0.5	0	0.0	0	0.0	1	0.5	2	3.3333333333333335	2	2.0	2	1.0	8	13.333333333333334	12	12.0	28	14.0	65.5	0.9817671809256662	9	15.0	65.3	1.1075028626133312	20	20.0	65.5	1.1222058826967543	52	26.0	127.46739072669908	159.0	3	843
SC_RS16445		SCO2869	helix-turn-helix domain-containing protein	HTH (other)	3124417	3125262	+	3124417.0	0	0	Shielded	0	0.0	0	0.0	0	0.0	0	0.0	0	0.0	1	0.5	2	3.3333333333333335	2	2.0	2	1.0	14	23.333333333333336	20	20.0	40	20.0	66.5	1.1029967262654243	15	25.0	65.9	1.1822951304219316	23	23.0	65.2	1.140221306589961	49	24.5	39.82375362929602	797.0	2	846
SC_RS16475		SCO2875	MerR family transcriptional regulator	MerR	3129646	3130077	+	3129646.0	0	0	Shielded	2	3.3333333333333335	2	2.0	2	1.0	0	0.0	0	0.0	1	0.5	2	3.3333333333333335	2	2.0	6	3.0	24	40.0	44	44.0	72	36.0	71.33333333333334	1.0891943946337252	22	36.66666666666667	71.6	1.1521464646464648	43	43.0	72.05	1.1452611896692768	69	34.5	106.98153361957496	128.0	2	432
SC_RS16720		SCO2924	SsgA family sporulation/cell division regulator	Other regulatory	3175140	3175568	+	3175140.0	0	0	Shielded	0	0.0	0	0.0	0	0.0	0	0.0	0	0.0	0	0.0	2	3.3333333333333335	2	2.0	8	4.0	36	60.0	52	52.0	100	50.0	69.33333333333334	1.1264863361379598	11	18.333333333333336	72.1	1.0701527469820151	19	19.0	75.55	1.0989049570092932	57	28.5	198.85551623565416	600.0	13	429
SC_RS16730		SCO2926	tetratricopeptide repeat protein	TetR	3177140	3178576	+	3177140.0	0	0	Shielded	0	0.0	0	0.0	0	0.0	0	0.0	0	0.0	0	0.0	2	3.3333333333333335	4	4.0	4	2.0	36	60.0	50	50.0	92	46.0	76.0	1.0925362725916743	22	36.66666666666667	75.9	1.1334835257673894	39	39.0	75.55	1.1402630444310622	67	33.5	40.53259481113136	151.0	3	1437
SC_RS16740		SCO2928	Lrp/AsnC family transcriptional regulator	Lrp	3179891	3180382	+	3179891.0	0	0	Shielded	0	0.0	0	0.0	0	0.0	0	0.0	0	0.0	0	0.0	0	0.0	0	0.0	4	2.0	22	36.66666666666667	36	36.0	62	31.0	68.66666666666667	1.1337209302325582	8	13.333333333333334	69.8	1.1504601840736295	21	21.0	68.4	1.1428324995687424	36	18.0	41.335552174093145	1029.0	1	492
SC_RS16775		SCO2935	IclR family transcriptional regulator	IclR	3186380	3187042	-	3187042.0	0	0	Shielded	0	0.0	0	0.0	0	0.0	0	0.0	1	1.0	2	1.0	2	3.3333333333333335	2	2.0	4	2.0	20	33.333333333333336	26	26.0	54	27.0	71.33333333333334	1.1400615895341473	24	40.0	72.0	1.1038123982061119	35	35.0	72.1	1.1158309477637207	65	32.5	126.71154999499724	385.0	3	663
SC_RS16855		SCO2950	HU family DNA-binding protein	Other regulatory	3206403	3206684	-	3206684.0	0	1	Exposed	0	0.0	0	0.0	0	0.0	1	1.6666666666666667	1	1.0	1	0.5	2	3.3333333333333335	2	2.0	4	2.0	16	26.666666666666668	28	28.0	60	30.0	69.0	1.022218073188947	11	18.333333333333336	69.8	1.0843046896177826	20	20.0	69.95	1.1243075287720519	65	32.5	10732.932147555646	265.0	2	282
SC_RS16870	rsuA	SCO2953	anti-sigma U factor RsuA	Anti-sigma	3211306	3212094	-	3212094.0	0	0	Shielded	1	1.6666666666666667	1	1.0	1	0.5	0	0.0	0	0.0	0	0.0	2	3.3333333333333335	4	4.0	8	4.0	16	26.666666666666668	30	30.0	52	26.0	69.33333333333334	1.17949073752862	13	21.666666666666668	72.3	1.1941212492345379	26	26.0	71.1	1.1829590593299466	74	37.0	401.3750304435357	141.0	2	789
SC_RS16875		SCO2954	sigma-70 family RNA polymerase sigma factor	Sigma factor	3212154	3212678	-	3212678.0	0	0	Shielded	0	0.0	0	0.0	1	0.5	0	0.0	0	0.0	0	0.0	6	10.0	6	6.0	8	4.0	18	30.0	30	30.0	58	29.0	71.0	1.2842012356575463	17	28.333333333333336	71.3	1.2363957096281364	25	25.0	72.7	1.1887792864674136	75	37.5	191.4657188593469	725.0	2	525
SC_RS16920	stgR	SCO2964	LysR family transcriptional regulator StgR	LysR	3224084	3225055	-	3225055.0	0	0	Shielded	1	1.6666666666666667	1	1.0	1	0.5	0	0.0	0	0.0	0	0.0	2	3.3333333333333335	6	6.0	12	6.0	24	40.0	46	46.0	84	42.0	74.5	1.045631184648051	21	35.0	76.3	1.079141635621297	38	38.0	74.55000000000001	1.1120308057724835	68	34.0	49.02834392258842	137.0	4	972
SC_RS17040		SCO2987	MarR family winged helix-turn-helix transcriptional regulator	MarR	3257116	3257622	+	3257116.0	0	0	Shielded	0	0.0	0	0.0	1	0.5	0	0.0	0	0.0	0	0.0	2	3.3333333333333335	2	2.0	4	2.0	8	13.333333333333334	22	22.0	58	29.0	70.0	1.0341074020319303	16	26.666666666666668	73.0	1.1109109469765208	29	29.0	73.7	1.1404886384817106	62	31.0	193.3409097698676	906.0	4	507
SC_RS17075		SCO2994	TetR/AcrR family transcriptional regulator	TetR	3261641	3262273	-	3262273.0	0	0	Shielded	0	0.0	0	0.0	0	0.0	0	0.0	0	0.0	0	0.0	0	0.0	2	2.0	8	4.0	22	36.66666666666667	28	28.0	56	28.0	73.83333333333333	1.2297601967616316	7	11.666666666666668	72.89999999999999	1.1345586566825505	14	14.0	72.39999999999999	1.0737649792125212	47	23.5	165.14089098070122	1941.0	1	633
SC_RS17135		SCO3007	winged helix-turn-helix domain-containing protein	HTH (other)	3280662	3281837	+	3280662.0	0	0	Shielded	0	0.0	0	0.0	3	1.5	1	1.6666666666666667	1	1.0	1	0.5	0	0.0	0	0.0	8	4.0	8	13.333333333333334	12	12.0	50	25.0	75.33333333333333	1.154153109460372	21	35.0	73.7	1.145337271686057	34	34.0	72.95	1.1267009213993777	85	42.5	368.77143540316007	226.0	4	1176
SC_RS17140		SCO3008	response regulator	Response regulator	3281872	3282630	-	3282630.0	0	0	Shielded	0	0.0	0	0.0	0	0.0	0	0.0	0	0.0	0	0.0	2	3.3333333333333335	2	2.0	4	2.0	14	23.333333333333336	20	20.0	58	29.0	71.83333333333334	1.094224924012158	14	23.333333333333336	69.1	1.1074940430244655	25	25.0	68.85	1.1486195451128771	57	28.5	1733.902008374242	1013.0	4	759
SC_RS17160	mtrB	SCO3012	two-component system sensor histidine kinase MtrB	Sensor kinase	3286822	3288888	-	3288888.0	0	0	Shielded	0	0.0	0	0.0	0	0.0	0	0.0	0	0.0	0	0.0	0	0.0	0	0.0	0	0.0	22	36.66666666666667	32	32.0	66	33.0	71.66666666666667	0.9895618584666132	12	20.0	70.8	1.045924114182731	36	36.0	69.25	1.065673157203573	58	29.0	1825.482625280837	2245.0	0	2067
SC_RS17165	mtrA	SCO3013	two-component system response regulator MtrA	Response regulator	3288890	3289579	-	3289579.0	0	0	Shielded	0	0.0	0	0.0	0	0.0	0	0.0	0	0.0	0	0.0	0	0.0	0	0.0	0	0.0	20	33.333333333333336	30	30.0	74	37.0	66.16666666666666	1.103912930811091	19	31.666666666666668	67.30000000000001	1.2044727285801604	32	32.0	71.39999999999999	1.1402057121138938	63	31.5	2928.8661992683133	1554.0	3	690
SC_RS17285		SCO3034	WhiB family transcriptional regulator	WhiB	3320753	3321016	-	3321016.0	0	0	Shielded	0	0.0	0	0.0	0	0.0	0	0.0	0	0.0	0	0.0	0	0.0	0	0.0	2	1.0	10	16.666666666666668	20	20.0	56	28.0	63.83333333333333	1.1994742030890568	11	18.333333333333336	65.0	1.1172549613694895	16	16.0	69.05	1.1074754593506166	34	17.0	845.511698688284	1573.0	2	264
SC_RS17425	draK	SCO3062	two-component system sensor histidine kinase DraK	Sensor kinase	3354681	3355955	-	3355955.0	0	0	Shielded	0	0.0	0	0.0	0	0.0	0	0.0	0	0.0	0	0.0	4	6.666666666666667	4	4.0	6	3.0	22	36.66666666666667	32	32.0	60	30.0	68.83333333333333	1.1537920360208247	21	35.0	71.7	1.161793372319688	36	36.0	71.2	1.1323553780962226	59	29.5	746.9689357509369	1311.0	1	1275
SC_RS17430		SCO3063	response regulator transcription factor	Response regulator	3355990	3356667	-	3356667.0	0	0	Shielded	0	0.0	0	0.0	0	0.0	0	0.0	0	0.0	0	0.0	2	3.3333333333333335	4	4.0	12	6.0	10	16.666666666666668	30	30.0	64	32.0	68.5	1.1123259019822218	19	31.666666666666668	71.0	1.0885456394609714	38	38.0	69.85	1.108497247231836	68	34.0	1448.9902686120422	2023.0	0	678
SC_RS17455		SCO3068	RNA polymerase sigma factor SigF	Sigma factor	3360694	3361608	+	3360694.0	0	0	Shielded	0	0.0	0	0.0	0	0.0	1	1.6666666666666667	1	1.0	1	0.5	4	6.666666666666667	4	4.0	6	3.0	16	26.666666666666668	20	20.0	54	27.0	64.83333333333333	1.3052700277369882	24	40.0	65.4	1.2752188808526836	31	31.0	68.25	1.2034006891416895	55	27.5	1170.95430876382	117.0	3	915
SC_RS17490		SCO3075	MurR/RpiR family transcriptional regulator	Other regulatory	3368495	3369364	-	3369364.0	0	0	Shielded	0	0.0	0	0.0	0	0.0	0	0.0	0	0.0	0	0.0	2	3.3333333333333335	6	6.0	8	4.0	22	36.66666666666667	40	40.0	86	43.0	72.16666666666667	1.178429614448572	15	25.0	73.5	1.1699370603480193	31	31.0	73.9	1.1574646396384023	61	30.5	140.11038665014817	1271.0	2	870
SC_RS17670	mfd	SCO3109	transcription-repair coupling factor	Other regulatory	3404759	3408313	-	3408313.0	0	1	Exposed	1	1.6666666666666667	1	1.0	1	0.5	0	0.0	0	0.0	0	0.0	2	3.3333333333333335	2	2.0	4	2.0	12	20.0	22	22.0	40	20.0	76.0	1.0261393450587892	23	38.333333333333336	76.4	0.9609988776655444	27	27.0	74.3	1.01763907734057	58	29.0	715.4635719708774	131.0	1	3555
SC_RS17725		SCO3119	sensor histidine kinase	Sensor kinase	3420021	3421340	-	3421340.0	0	0	Shielded	0	0.0	0	0.0	0	0.0	0	0.0	0	0.0	1	0.5	6	10.0	6	6.0	8	4.0	26	43.333333333333336	28	28.0	42	21.0	68.16666666666666	1.163128816516429	20	33.333333333333336	68.5	1.1367942402425162	30	30.0	68.75	1.135483870967742	63	31.5	681.98625433607	568.0	2	1320
SC_RS17770		SCO3129	TetR/AcrR family transcriptional regulator	TetR	3431181	3431858	+	3431181.0	0	0	Shielded	0	0.0	0	0.0	0	0.0	0	0.0	0	0.0	0	0.0	0	0.0	0	0.0	2	1.0	16	26.666666666666668	20	20.0	28	14.0	70.66666666666667	1.1651785714285714	16	26.666666666666668	69.1	1.0979432422012505	21	21.0	69.25	1.0526315789473684	57	28.5	350.8195897382216	2374.0	0	678
SC_RS17790	tamR	SCO3133	MarR family transcriptional regulator TamR	MarR	3434529	3435026	+	3434529.0	0	0	Shielded	0	0.0	0	0.0	1	0.5	0	0.0	0	0.0	1	0.5	2	3.3333333333333335	4	4.0	10	5.0	20	33.333333333333336	38	38.0	78	39.0	67.83333333333333	1.0217486498321413	13	21.666666666666668	70.89999999999999	1.051803320808042	17	17.0	73.65	1.0454860583321903	35	17.5	428.6635344118165	314.0	5	498
SC_RS17795		SCO3134	response regulator transcription factor	Response regulator	3434985	3435764	-	3435764.0	0	1	Exposed	0	0.0	0	0.0	0	0.0	0	0.0	0	0.0	1	0.5	2	3.3333333333333335	2	2.0	6	3.0	26	43.333333333333336	34	34.0	68	34.0	72.33333333333334	1.1348904426922832	28	46.66666666666667	73.5	1.1034911794765452	37	37.0	74.15	1.0776175913790593	61	30.5	877.3770107838754	69.0	4	780
SC_RS17830		SCO3144	helix-turn-helix transcriptional regulator	HTH (other)	3442302	3442976	-	3442976.0	0	0	Shielded	0	0.0	0	0.0	0	0.0	0	0.0	0	0.0	0	0.0	4	6.666666666666667	6	6.0	8	4.0	36	60.0	44	44.0	68	34.0	73.5	1.0893057836949944	19	31.666666666666668	71.8	1.1169386169386168	26	26.0	72.45	1.1620160203275334	53	26.5	35.3834905803275	198.0	5	675
SC_RS17900		SCO3158	SsgA family sporulation/cell division regulator	Other regulatory	3460797	3461177	-	3461177.0	0	0	Shielded	0	0.0	0	0.0	1	0.5	1	1.6666666666666667	1	1.0	1	0.5	0	0.0	0	0.0	2	1.0	16	26.666666666666668	28	28.0	56	28.0	69.0	1.1363636363636362	21	35.0	71.2	1.120474702521857	32	32.0	71.3	1.1376944955663375	54	27.0	200.3866745750636	74.0	2	381
SC_RS17945		SCO3167	TetR/AcrR family transcriptional regulator	TetR	3469606	3470205	-	3470205.0	0	0	Shielded	0	0.0	0	0.0	0	0.0	1	1.6666666666666667	1	1.0	1	0.5	0	0.0	2	2.0	14	7.0	26	43.333333333333336	46	46.0	82	41.0	68.5	1.207672270897466	10	16.666666666666668	69.89999999999999	1.1557945472728166	25	25.0	71.5	1.1032863849765258	61	30.5	487.8892849598296	1482.0	6	600
SC_RS17975		SCO3173	MerR family transcriptional regulator	MerR	3477824	3478471	+	3477824.0	0	0	Shielded	1	1.6666666666666667	1	1.0	2	1.0	0	0.0	0	0.0	0	0.0	2	3.3333333333333335	4	4.0	6	3.0	14	23.333333333333336	22	22.0	60	30.0	69.5	1.2035827579772345	12	20.0	70.19999999999999	1.1308903931267897	13	13.0	71.25	1.0991954992081066	37	18.5	98.66360574595696	46.0	3	648
SC_RS18030		SCO3183	5-formyltetrahydrofolate cyclo-ligase	TetR	3487555	3488169	+	3487555.0	0	0	Shielded	1	1.6666666666666667	1	1.0	1	0.5	0	0.0	0	0.0	0	0.0	6	10.0	6	6.0	8	4.0	30	50.0	40	40.0	76	38.0	69.33333333333334	1.075043630017452	24	40.0	72.0	1.0958818326275332	41	41.0	71.45	1.164332738668477	68	34.0	173.4975845283666	166.0	4	615
SC_RS18105		SCO3198	DeoR/GlpR family DNA-binding transcription regulator	DeoR	3505418	3506179	-	3506179.0	0	0	Shielded	0	0.0	0	0.0	1	0.5	0	0.0	0	0.0	0	0.0	8	13.333333333333334	8	8.0	12	6.0	28	46.66666666666667	36	36.0	68	34.0	71.66666666666667	1.1308247221680638	32	53.333333333333336	72.5	1.1415525114155252	38	38.0	72.8	1.1547867041028894	65	32.5	1599.91494625292	981.0	2	762
SC_RS18115		SCO3200	helix-turn-helix transcriptional regulator	HTH (other)	3507970	3508941	+	3507970.0	0	0	Shielded	0	0.0	0	0.0	1	0.5	0	0.0	0	0.0	0	0.0	2	3.3333333333333335	2	2.0	4	2.0	28	46.66666666666667	36	36.0	84	42.0	71.83333333333334	1.1268835990390915	12	20.0	72.7	1.105166079785369	20	20.0	72.89999999999999	1.1078740351003231	45	22.5	69.31419926548753	810.0	1	972
SC_RS18120		SCO3201	TetR/AcrR family transcriptional regulator	TetR	3509244	3509954	-	3509954.0	0	0	Shielded	0	0.0	0	0.0	0	0.0	0	0.0	0	0.0	0	0.0	2	3.3333333333333335	4	4.0	4	2.0	40	66.66666666666667	58	58.0	108	54.0	76.0	0.960222123671982	32	53.333333333333336	75.2	1.004413761883205	51	51.0	75.6	1.032712480592882	90	45.0	355.2101577238953	850.0	2	711
SC_RS18125		SCO3202	sigma-70 family RNA polymerase sigma factor	Sigma factor	3510381	3511379	-	3511379.0	0	0	Shielded	0	0.0	0	0.0	0	0.0	0	0.0	1	1.0	1	0.5	2	3.3333333333333335	4	4.0	10	5.0	16	26.666666666666668	22	22.0	58	29.0	66.5	1.0859728506787332	16	26.666666666666668	67.4	1.0919337794998238	26	26.0	70.3	1.1342346447921414	70	35.0	1347.4080964406353	465.0	3	999
SC_RS18140		SCO3205	MarR family winged helix-turn-helix transcriptional regulator	MarR	3513024	3513515	+	3513024.0	0	0	Shielded	0	0.0	0	0.0	1	0.5	0	0.0	0	0.0	0	0.0	2	3.3333333333333335	2	2.0	8	4.0	14	23.333333333333336	30	30.0	70	35.0	68.83333333333333	1.113931190073322	14	23.333333333333336	70.3	1.1437378325762493	27	27.0	71.89999999999999	1.1192180190228336	73	36.5	75.86358953553321	746.0	4	492
SC_RS18150		SCO3207	TetR/AcrR family transcriptional regulator	TetR	3515302	3515955	-	3515955.0	0	0	Shielded	0	0.0	0	0.0	0	0.0	0	0.0	0	0.0	0	0.0	2	3.3333333333333335	6	6.0	14	7.0	32	53.333333333333336	52	52.0	96	48.0	70.5	1.1804158283031523	17	28.333333333333336	73.8	1.1549552730696797	33	33.0	72.1	1.138949972776787	58	29.0	2194.152628264299	1077.0	3	654
SC_RS18160		SCO3209	IclR family transcriptional regulator domain-containing protein	IclR	3517633	3519207	+	3517633.0	0	0	Shielded	0	0.0	0	0.0	0	0.0	0	0.0	0	0.0	0	0.0	2	3.3333333333333335	6	6.0	8	4.0	26	43.333333333333336	40	40.0	96	48.0	74.66666666666667	1.1884753901560625	15	25.0	73.9	1.146131805157593	28	28.0	74.35000000000001	1.1043782786230147	55	27.5	199.69739101667835	207.0	2	1575
SC_RS18200		SCO3217	AfsR/SARP family transcriptional regulator	SARP	3529272	3531188	+	3529272.0	0	0	Shielded	0	0.0	1	1.0	1	0.5	0	0.0	0	0.0	0	0.0	0	0.0	4	4.0	4	2.0	18	30.0	32	32.0	64	32.0	63.83333333333333	1.1363636363636365	13	21.666666666666668	64.3	1.0658295060364706	20	20.0	66.95	1.1163505162004788	32	16.0	6864.439434231823	365.0	3	1917
SC_RS18240		SCO3225	sensor histidine kinase	Sensor kinase	3536945	3538660	+	3536945.0	0	0	Shielded	0	0.0	0	0.0	0	0.0	0	0.0	0	0.0	0	0.0	0	0.0	0	0.0	4	2.0	14	23.333333333333336	26	26.0	52	26.0	67.16666666666666	1.3152061474804198	20	33.333333333333336	70.19999999999999	1.1282467532467533	36	36.0	70.6	1.1195826645264848	59	29.5	1107.610595997191	774.0	3	1716
SC_RS18245	absA2	SCO3226	two component system response regulator	Response regulator	3538679	3539347	+	3538679.0	0	0	Shielded	0	0.0	0	0.0	0	0.0	0	0.0	0	0.0	0	0.0	2	3.3333333333333335	4	4.0	6	3.0	34	56.66666666666667	54	54.0	94	47.0	70.16666666666667	1.1242042530136802	20	33.333333333333336	74.1	1.1000218547388358	46	46.0	74.15	1.1764277389277389	79	39.5	714.5405376561552	456.0	3	669
SC_RS18410		SCO3258	SCO3933 family regulatory protein	Other regulatory	3608420	3608776	-	3608776.0	0	0	Shielded	0	0.0	0	0.0	1	0.5	0	0.0	0	0.0	1	0.5	0	0.0	2	2.0	6	3.0	20	33.333333333333336	28	28.0	76	38.0	63.83333333333333	1.145475372279496	16	26.666666666666668	66.10000000000001	1.1720538412233312	27	27.0	68.0	1.1289537712895377	53	26.5	12.670629791967189	798.0	3	357
SC_RS18415		SCO3259	GntR family transcriptional regulator	GntR	3608916	3609695	-	3609695.0	0	0	Shielded	0	0.0	0	0.0	0	0.0	1	1.6666666666666667	1	1.0	1	0.5	2	3.3333333333333335	4	4.0	10	5.0	26	43.333333333333336	34	34.0	62	31.0	67.16666666666666	1.1494252873563218	10	16.666666666666668	67.5	1.0975782467072652	19	19.0	67.35	1.11257786941338	44	22.0	197.2977201115889	95.0	3	780
SC_RS18440		SCO3264	GntR family transcriptional regulator	GntR	3613628	3614359	-	3614359.0	0	0	Shielded	0	0.0	0	0.0	0	0.0	0	0.0	0	0.0	0	0.0	0	0.0	0	0.0	4	2.0	6	10.0	12	12.0	34	17.0	65.66666666666666	1.1645962732919253	6	10.0	66.3	1.105379513633014	18	18.0	66.75	1.1122062373972565	45	22.5	37.24436743454058	3426.0	0	732
SC_RS18455		SCO3269	GntR family transcriptional regulator	GntR	3615480	3616235	+	3615480.0	0	0	Shielded	0	0.0	0	0.0	0	0.0	0	0.0	0	0.0	0	0.0	0	0.0	4	4.0	4	2.0	10	16.666666666666668	18	18.0	36	18.0	67.0	1.0873882820258192	10	16.666666666666668	67.0	1.1295484495602828	20	20.0	67.5	1.1583249652062082	47	23.5	89.36927237336383	2305.0	0	756
SC_RS18470			helix-turn-helix domain-containing protein	HTH (other)	3617556	3617878	-	3617878.0	0	0	Shielded	1	1.6666666666666667	1	1.0	1	0.5	0	0.0	0	0.0	0	0.0	4	6.666666666666667	4	4.0	6	3.0	16	26.666666666666668	28	28.0	56	28.0	67.5	1.090909090909091	26	43.333333333333336	66.3	1.1112932903390356	44	44.0	66.85	1.1412664029073203	83	41.5	18.02806218793716	93.0	1	323
SC_RS18490		SCO3275	MerR family transcriptional regulator	MerR	3619017	3619451	-	3619451.0	0	0	Shielded	0	0.0	0	0.0	2	1.0	0	0.0	0	0.0	1	0.5	0	0.0	2	2.0	10	5.0	20	33.333333333333336	36	36.0	68	34.0	71.83333333333334	1.1760144740242957	18	30.0	73.2	1.1351161627099404	32	32.0	70.39999999999999	1.190591502001808	62	31.0	111.81213002980458	529.0	4	435
SC_RS18650		SCO3308	helix-turn-helix domain-containing protein	HTH (other)	3659641	3661035	-	3661035.0	0	0	Shielded	0	0.0	0	0.0	0	0.0	0	0.0	0	0.0	0	0.0	0	0.0	4	4.0	8	4.0	16	26.666666666666668	50	50.0	104	52.0	70.83333333333334	1.1835948252133224	11	18.333333333333336	72.8	1.154033041788144	27	27.0	74.25	1.1915357369902826	61	30.5	474.9559891229577	2305.0	0	1395
SC_RS18680		SCO3315	TetR/AcrR family transcriptional regulator	TetR	3666265	3666957	+	3666265.0	0	0	Shielded	1	1.6666666666666667	1	1.0	1	0.5	1	1.6666666666666667	1	1.0	1	0.5	2	3.3333333333333335	6	6.0	12	6.0	22	36.66666666666667	48	48.0	80	40.0	72.16666666666667	1.2276348439336555	26	43.333333333333336	73.7	1.160735681763719	37	37.0	74.9	1.1684075578659252	69	34.5	68.15797252270647	73.0	2	693
SC_RS18705		SCO3320	redox-sensing transcriptional repressor Rex	Repressor	3672415	3673191	-	3673191.0	0	0	Shielded	0	0.0	0	0.0	1	0.5	0	0.0	1	1.0	1	0.5	0	0.0	4	4.0	10	5.0	12	20.0	26	26.0	56	28.0	65.33333333333333	1.1871290221805686	19	31.666666666666668	65.8	1.2103070114655803	31	31.0	68.75	1.1860637509266123	82	41.0	1463.9706086652457	404.0	4	777
SC_RS18720		SCO3323	ECF subfamily RNA polymerase sigma factor, BldN family	Sigma factor	3675181	3675975	+	3675181.0	0	0	Shielded	0	0.0	0	0.0	0	0.0	0	0.0	0	0.0	0	0.0	2	3.3333333333333335	4	4.0	4	2.0	14	23.333333333333336	24	24.0	50	25.0	66.5	1.2133468149646107	12	20.0	68.8	1.1915400655347035	26	26.0	69.45	1.1418533157663593	47	23.5	3804.502687960816	1410.0	2	795
SC_RS18745		SCO3328	helix-turn-helix domain-containing protein	HTH (other)	3680056	3680268	-	3680268.0	0	0	Shielded	0	0.0	0	0.0	0	0.0	0	0.0	0	0.0	0	0.0	2	3.3333333333333335	2	2.0	2	1.0	16	26.666666666666668	24	24.0	74	37.0	65.33333333333333	1.1451878578712056	24	40.0	66.2	1.1878453038674033	32	32.0	68.95	1.1861793164218053	65	32.5	6597.95239845244	4995.0	0	213
SC_RS18795		SCO3335	GlxA family transcriptional regulator	Other regulatory	3692339	3693343	-	3693343.0	0	0	Shielded	0	0.0	1	1.0	2	1.0	0	0.0	0	0.0	0	0.0	0	0.0	2	2.0	14	7.0	22	36.66666666666667	34	34.0	70	35.0	73.0	1.2484394506866416	15	25.0	73.5	1.2335654726585679	28	28.0	74.0	1.2007150584245698	52	26.0	42.53847337074136	433.0	5	1005
SC_RS18850		SCO3346	TetR/AcrR family transcriptional regulator	TetR	3704768	3705382	-	3705382.0	0	0	Shielded	0	0.0	0	0.0	0	0.0	0	0.0	0	0.0	0	0.0	2	3.3333333333333335	4	4.0	8	4.0	24	40.0	36	36.0	62	31.0	74.66666666666667	1.2174541947926714	17	28.333333333333336	73.0	1.2528093300127559	33	33.0	72.6	1.2174317617866004	65	32.5	104.35685602391794	538.0	2	615
SC_RS18895		SCO3356	SigE family RNA polymerase sigma factor	Sigma factor	3715604	3716137	+	3715604.0	0	0	Shielded	0	0.0	0	0.0	2	1.0	0	0.0	0	0.0	1	0.5	2	3.3333333333333335	2	2.0	8	4.0	12	20.0	26	26.0	52	26.0	68.33333333333333	1.1138613861386137	16	26.666666666666668	70.7	1.0972992022554704	21	21.0	73.3	1.1438045472750813	59	29.5	3586.3194099998263	533.0	5	534
SC_RS18905	cseB	SCO3358	two-component system response regulator CseB	Response regulator	3716926	3717630	+	3716926.0	0	0	Shielded	0	0.0	0	0.0	1	0.5	0	0.0	0	0.0	0	0.0	4	6.666666666666667	4	4.0	8	4.0	34	56.66666666666667	50	50.0	86	43.0	70.66666666666667	1.2181246235191754	25	41.66666666666667	71.2	1.257791981773882	40	40.0	72.5	1.2146676852559204	78	39.0	472.8771902066331	124.0	6	705
SC_RS18910	cseC	SCO3359	two-component system sensor histidine kinase CseC	Sensor kinase	3717647	3719170	+	3717647.0	0	0	Shielded	0	0.0	0	0.0	0	0.0	0	0.0	0	0.0	0	0.0	0	0.0	0	0.0	8	4.0	26	43.333333333333336	46	46.0	102	51.0	72.33333333333334	1.1984536082474229	26	43.333333333333336	73.0	1.1945805358979011	40	40.0	72.95	1.229901269393512	89	44.5	1036.8351270283167	845.0	4	1524
SC_RS18920		SCO3361	Lrp/AsnC family transcriptional regulator	Lrp	3720125	3720577	-	3720577.0	0	0	Shielded	1	1.6666666666666667	1	1.0	1	0.5	0	0.0	0	0.0	0	0.0	4	6.666666666666667	4	4.0	14	7.0	18	30.0	40	40.0	84	42.0	69.5	1.0675156849892313	21	35.0	71.6	1.0551535922823052	31	31.0	72.5	1.1091154708175985	70	35.0	35.22551022606931	1740.0	1	453
SC_RS18945		SCO3365	helix-turn-helix domain-containing protein	HTH (other)	3722414	3723256	-	3723256.0	0	0	Shielded	1	1.6666666666666667	1	1.0	1	0.5	0	0.0	0	0.0	0	0.0	2	3.3333333333333335	2	2.0	6	3.0	10	16.666666666666668	26	26.0	60	30.0	69.5	1.1885019347705914	19	31.666666666666668	70.8	1.1299253928694495	25	25.0	70.15	1.1293630310962162	48	24.0	235.23219505642152	236.0	2	843
SC_RS18960		SCO3367	TetR/AcrR family transcriptional regulator	TetR	3725586	3726185	+	3725586.0	0	0	Shielded	0	0.0	2	2.0	2	1.0	0	0.0	0	0.0	0	0.0	4	6.666666666666667	8	8.0	14	7.0	14	23.333333333333336	22	22.0	48	24.0	65.0	1.0887573964497042	20	33.333333333333336	66.5	1.0493559125777971	35	35.0	67.7	1.1006072993848393	65	32.5	208.9165792960084	310.0	3	600
SC_RS19010		SCO3377	BlaI/MecI/CopY family transcriptional regulator	Other regulatory	3741230	3741628	-	3741628.0	0	0	Shielded	0	0.0	0	0.0	1	0.5	0	0.0	2	2.0	3	1.5	0	0.0	6	6.0	10	5.0	10	16.666666666666668	32	32.0	56	28.0	67.0	1.1816912644595132	16	26.666666666666668	70.7	1.1600169917981897	28	28.0	70.85000000000001	1.1270780501549733	46	23.0	161.02335708970108	396.0	6	399
SC_RS19070		SCO3389	response regulator	Response regulator	3752539	3753213	-	3753213.0	0	0	Shielded	0	0.0	0	0.0	0	0.0	0	0.0	0	0.0	1	0.5	0	0.0	0	0.0	4	2.0	10	16.666666666666668	30	30.0	60	30.0	70.16666666666667	1.195814648729447	17	28.333333333333336	70.89999999999999	1.1550287562331725	24	24.0	72.1	1.108510900357187	55	27.5	168.33195855114693	841.0	2	675
SC_RS19075		SCO3390	sensor histidine kinase	Sensor kinase	3753279	3754484	-	3754484.0	0	0	Shielded	0	0.0	0	0.0	0	0.0	0	0.0	0	0.0	1	0.5	0	0.0	4	4.0	6	3.0	14	23.333333333333336	34	34.0	72	36.0	70.0	1.0659620991253644	19	31.666666666666668	73.2	1.0907832576053924	43	43.0	74.3	1.1385130219700277	79	39.5	500.7604093343344	2112.0	0	1206
SC_RS19190		SCO3413	MerR family transcriptional regulator	MerR	3778914	3779675	-	3779675.0	0	0	Shielded	1	1.6666666666666667	1	1.0	1	0.5	1	1.6666666666666667	1	1.0	1	0.5	2	3.3333333333333335	2	2.0	8	4.0	20	33.333333333333336	30	30.0	66	33.0	72.33333333333334	1.185216652506372	22	36.66666666666667	70.3	1.1269478360980039	29	29.0	71.0	1.126769504221418	59	29.5	353.7241099009741	27.0	3	762
SC_RS19195		SCO3414	MarR family winged helix-turn-helix transcriptional regulator	MarR	3779785	3780231	-	3780231.0	0	0	Shielded	0	0.0	0	0.0	2	1.0	0	0.0	0	0.0	1	0.5	2	3.3333333333333335	6	6.0	14	7.0	16	26.666666666666668	34	34.0	72	36.0	69.33333333333334	1.1058230683090706	14	23.333333333333336	72.1	1.1377356738181479	32	32.0	72.3	1.1228005414051925	76	38.0	180.81181979222836	501.0	3	447
SC_RS19220		SCO3419	PadR family transcriptional regulator	PadR	3784717	3785358	-	3785358.0	0	0	Shielded	0	0.0	0	0.0	0	0.0	1	1.6666666666666667	1	1.0	1	0.5	0	0.0	0	0.0	2	1.0	18	30.0	28	28.0	48	24.0	68.66666666666667	1.1320754716981132	22	36.66666666666667	70.0	1.1269814048068207	39	39.0	69.8	1.1990309202151685	83	41.5	197.32534511565552	115.0	3	642
SC_RS19230		SCO3421	helix-turn-helix domain-containing protein	HTH (other)	3786977	3787801	-	3787801.0	0	0	Shielded	0	0.0	0	0.0	0	0.0	0	0.0	0	0.0	1	0.5	0	0.0	2	2.0	2	1.0	10	16.666666666666668	22	22.0	54	27.0	64.83333333333333	1.0670488931358497	21	35.0	67.9	1.1260671450269732	38	38.0	68.15	1.124946662011715	58	29.0	835.8035847293286	845.0	1	825
SC_RS19300		SCO3435	LysR family transcriptional regulator	LysR	3796515	3797402	+	3796515.0	0	0	Shielded	0	0.0	0	0.0	3	1.5	0	0.0	0	0.0	0	0.0	0	0.0	4	4.0	16	8.0	28	46.66666666666667	46	46.0	96	48.0	72.83333333333334	1.1966745045347664	11	18.333333333333336	74.6	1.1147229733617168	32	32.0	74.3	1.1128732611355294	67	33.5	77.60768056375473	517.0	4	888
SC_RS19360		SCO3447	Crp/Fnr family transcriptional regulator	CRP/FNR	3809247	3809876	-	3809876.0	0	0	Shielded	0	0.0	0	0.0	0	0.0	0	0.0	0	0.0	0	0.0	2	3.3333333333333335	2	2.0	6	3.0	18	30.0	26	26.0	48	24.0	67.0	1.0349741256468588	16	26.666666666666668	68.8	0.9741882470541394	24	24.0	68.60000000000001	1.0193745135045797	61	30.5	133.07966145959222	1656.0	1	630
SC_RS19370		SCO3449	anti-sigma factor family protein	Sigma factor	3810352	3810621	-	3810621.0	0	0	Shielded	0	0.0	0	0.0	0	0.0	0	0.0	0	0.0	0	0.0	4	6.666666666666667	8	8.0	8	4.0	20	33.333333333333336	36	36.0	66	33.0	70.0	1.0804321728691477	23	38.333333333333336	71.0	1.0938909781940418	43	43.0	68.75	1.0455049661485891	73	36.5	41.35093396588627	2401.0	0	270
SC_RS19375		SCO3450	RNA polymerase sigma factor	Sigma factor	3810669	3811226	-	3811226.0	0	0	Shielded	0	0.0	0	0.0	0	0.0	0	0.0	0	0.0	0	0.0	2	3.3333333333333335	4	4.0	6	3.0	24	40.0	40	40.0	72	36.0	67.83333333333333	1.1302709752209823	24	40.0	69.5	1.0546946368362482	36	36.0	70.15	1.048567364356838	69	34.5	121.82181029678348	3006.0	0	558
SC_RS19380		SCO3451	anti-sigma factor family protein	Sigma factor	3811392	3811703	+	3811392.0	0	0	Shielded	0	0.0	0	0.0	0	0.0	0	0.0	0	0.0	0	0.0	2	3.3333333333333335	2	2.0	6	3.0	24	40.0	44	44.0	78	39.0	69.0	1.0101010101010102	23	38.333333333333336	70.7	1.0403662089055348	39	39.0	70.05	1.064072666786256	67	33.5	17.132477735830648	3164.0	0	312
SC_RS19550		SCO3485	LacI family DNA-binding transcriptional regulator	LacI	3849177	3850163	-	3850163.0	0	0	Shielded	0	0.0	0	0.0	1	0.5	0	0.0	0	0.0	0	0.0	0	0.0	0	0.0	6	3.0	10	16.666666666666668	22	22.0	54	27.0	67.83333333333333	1.3629114107583007	25	41.66666666666667	69.89999999999999	1.2940848854161549	48	48.0	70.0	1.196543500277696	68	34.0	269.20421376000655	3218.0	0	987
SC_RS19650		SCO3506	LacI family DNA-binding transcriptional regulator	LacI	3873639	3874676	+	3873639.0	0	0	Shielded	0	0.0	0	0.0	0	0.0	0	0.0	1	1.0	1	0.5	0	0.0	0	0.0	4	2.0	18	30.0	24	24.0	50	25.0	65.66666666666666	1.042720410862968	15	25.0	66.10000000000001	1.0836823157740063	27	27.0	67.55	1.096423903795381	49	24.5	246.3308686145072	396.0	1	1038
SC_RS19730		SCO3522	ArsR/SmtB family transcription factor	ArsR	3890457	3890792	-	3890792.0	0	0	Shielded	0	0.0	0	0.0	0	0.0	0	0.0	0	0.0	0	0.0	0	0.0	0	0.0	0	0.0	14	23.333333333333336	22	22.0	44	22.0	68.0	1.038961038961039	11	18.333333333333336	67.7	1.1172989298371188	14	14.0	68.60000000000001	1.1323678407533226	40	20.0	30.944488856899245	1742.0	1	336
SC_RS19815			helix-turn-helix domain-containing protein	HTH (other)	3905832	3906095	-	3906095.0	0	0	Shielded	0	0.0	0	0.0	0	0.0	0	0.0	0	0.0	0	0.0	0	0.0	2	2.0	2	1.0	14	23.333333333333336	22	22.0	26	13.0	63.33333333333333	1.0638297872340425	15	25.0	64.0	1.0842490842490842	18	18.0	63.2	1.0922719256052589	39	19.5	165.9522887850144	1485.0	3	264
SC_RS19880	bldG	SCO3549	anti-sigma factor antagonist BldG	Sigma factor	3924251	3924592	-	3924592.0	0	0	Shielded	0	0.0	0	0.0	0	0.0	0	0.0	0	0.0	0	0.0	0	0.0	0	0.0	2	1.0	18	30.0	38	38.0	62	31.0	66.0	1.0946935628934857	23	38.333333333333336	68.30000000000001	1.08359133126935	38	38.0	69.45	1.1044427773610068	73	36.5	4491.199274884024	2338.0	0	342
SC_RS19990		SCO3571	Crp/Fnr family transcriptional regulator	CRP/FNR	3950326	3951000	+	3950326.0	0	0	Shielded	0	0.0	0	0.0	2	1.0	0	0.0	0	0.0	0	0.0	0	0.0	0	0.0	6	3.0	24	40.0	26	26.0	52	26.0	68.16666666666666	1.0880603510808065	16	26.666666666666668	68.5	1.1796162315193457	24	24.0	70.75	1.0860112929144776	72	36.0	1899.3081001643436	551.0	2	675
SC_RS20030	wblA	SCO3579	transcriptional regulator WblA	WhiB	3957444	3957782	-	3957782.0	0	0	Shielded	0	0.0	0	0.0	1	0.5	0	0.0	0	0.0	0	0.0	2	3.3333333333333335	2	2.0	4	2.0	14	23.333333333333336	30	30.0	50	25.0	67.33333333333333	1.1561264822134387	14	23.333333333333336	68.2	1.1649882206746576	29	29.0	69.35	1.1634452993056859	62	31.0	5764.532747019439	552.0	5	339
SC_RS20070		SCO3587	TetR/AcrR family transcriptional regulator	TetR	3965144	3965740	-	3965740.0	0	0	Shielded	0	0.0	0	0.0	0	0.0	0	0.0	0	0.0	0	0.0	2	3.3333333333333335	2	2.0	2	1.0	20	33.333333333333336	36	36.0	62	31.0	68.66666666666667	1.1343495214462955	21	35.0	71.7	1.0894772065804423	28	28.0	70.65	1.094890510948905	63	31.5	15.801438735850557	1585.0	1	597
SC_RS20085	vanR-Sc	SCO3590	VanSc-type vancomycin resistance response regulator transcription factor VanR	Response regulator	3967922	3968617	-	3968617.0	0	0	Shielded	0	0.0	0	0.0	1	0.5	0	0.0	0	0.0	0	0.0	2	3.3333333333333335	4	4.0	8	4.0	18	30.0	30	30.0	58	29.0	68.83333333333333	1.2383900928792568	17	28.333333333333336	70.19999999999999	1.1936468754060023	30	30.0	70.5	1.1439135942449867	64	32.0	72.18827167836305	785.0	3	696
SC_RS20135		SCO3600	helix-turn-helix domain-containing protein	HTH (other)	3976873	3977412	+	3976873.0	0	0	Shielded	1	1.6666666666666667	1	1.0	1	0.5	0	0.0	0	0.0	0	0.0	2	3.3333333333333335	2	2.0	6	3.0	18	30.0	34	34.0	76	38.0	70.66666666666667	1.108662258732385	22	36.66666666666667	72.1	1.1622715866931448	26	26.0	73.7	1.1502159891117818	65	32.5	54.4753156201221	116.0	4	540
SC_RS20140		SCO3601	cation:proton antiporter regulatory subunit	Other regulatory	3977529	3978014	+	3977529.0	0	0	Shielded	0	0.0	0	0.0	2	1.0	0	0.0	0	0.0	0	0.0	2	3.3333333333333335	2	2.0	8	4.0	26	43.333333333333336	42	42.0	78	39.0	73.33333333333333	1.163599569974072	20	33.333333333333336	73.6	1.1586452762923352	38	38.0	73.55000000000001	1.1626827139169036	65	32.5	145.3046642644286	378.0	5	486
SC_RS20165		SCO3606	PucR family transcriptional regulator	Other regulatory	3982525	3983607	+	3982525.0	0	0	Shielded	0	0.0	0	0.0	0	0.0	0	0.0	0	0.0	0	0.0	4	6.666666666666667	4	4.0	10	5.0	26	43.333333333333336	34	34.0	84	42.0	73.5	1.0742951224531796	17	28.333333333333336	72.6	1.1080752884031573	34	34.0	73.9	1.0884682832436354	73	36.5	518.7933884135917	107.0	2	1083
SC_RS20200		SCO3613	SigE family RNA polymerase sigma factor	Sigma factor	3992273	3992845	-	3992845.0	0	0	Shielded	0	0.0	0	0.0	1	0.5	0	0.0	0	0.0	0	0.0	2	3.3333333333333335	4	4.0	6	3.0	24	40.0	38	38.0	86	43.0	73.5	1.2095281194717573	19	31.666666666666668	70.3	1.157519831633479	31	31.0	72.45	1.1815285167624594	64	32.0	539.6220073475378	793.0	3	573
SC_RS20215		SCO3616	LysR substrate-binding domain-containing protein	LysR	3995973	3996191	+	3995973.0	0	0	Shielded	0	0.0	0	0.0	2	1.0	0	0.0	0	0.0	0	0.0	0	0.0	2	2.0	10	5.0	24	40.0	36	36.0	70	35.0	69.5	1.1095187462438167	16	26.666666666666668	69.39999999999999	1.1158762543198568	27	27.0	68.8	1.1202989718614718	71	35.5	252.31723101326557	564.0	3	219
SC_RS20250		SCO3623	GntR family transcriptional regulator	GntR	4003147	4003848	+	4003147.0	0	0	Shielded	1	1.6666666666666667	1	1.0	2	1.0	0	0.0	0	0.0	0	0.0	4	6.666666666666667	8	8.0	18	9.0	16	26.666666666666668	38	38.0	92	46.0	71.83333333333334	1.2015503875968991	23	38.333333333333336	73.8	1.1900826446280992	37	37.0	72.6	1.2066777089060783	79	39.5	94.29936435551085	85.0	3	702
SC_RS20265		SCO3626	sigma-70 family RNA polymerase sigma factor	Sigma factor	4004960	4005844	-	4005844.0	0	0	Shielded	0	0.0	0	0.0	0	0.0	0	0.0	0	0.0	0	0.0	0	0.0	0	0.0	2	1.0	36	60.0	44	44.0	70	35.0	76.5	1.0253683730821814	19	31.666666666666668	75.0	1.1106681095859203	30	30.0	73.45	1.160548757879125	63	31.5	160.5022779552358	267.0	4	885
SC_RS20295		SCO3632	GbsR/MarR family transcriptional regulator	MarR	4009793	4010302	-	4010302.0	0	0	Shielded	0	0.0	0	0.0	0	0.0	0	0.0	0	0.0	0	0.0	4	6.666666666666667	6	6.0	6	3.0	24	40.0	38	38.0	84	42.0	69.16666666666667	1.1875378382154334	21	35.0	69.69999999999999	1.2361754380181635	35	35.0	71.15	1.1655195846799364	62	31.0	128.92423951373772	299.0	3	510
SC_RS20330		SCO3638	response regulator	Response regulator	4015726	4016391	-	4016391.0	0	0	Shielded	0	0.0	0	0.0	0	0.0	0	0.0	0	0.0	0	0.0	2	3.3333333333333335	2	2.0	6	3.0	20	33.333333333333336	34	34.0	60	30.0	69.83333333333334	1.2758951845246262	14	23.333333333333336	71.6	1.1942395504039338	20	20.0	72.1	1.1619742018641608	59	29.5	79.06980348596234	177.0	3	666
SC_RS20335		SCO3639	sensor histidine kinase	Sensor kinase	4016388	4017806	-	4017806.0	0	0	Shielded	0	0.0	0	0.0	0	0.0	0	0.0	0	0.0	0	0.0	4	6.666666666666667	6	6.0	8	4.0	20	33.333333333333336	38	38.0	72	36.0	73.5	1.1106997408367272	14	23.333333333333336	73.7	1.0972664074466831	26	26.0	73.1	1.085806819990078	44	22.0	163.66991970027755	1238.0	2	1419
SC_RS20340		SCO3640	response regulator	Response regulator	4017820	4018506	-	4018506.0	0	0	Shielded	0	0.0	0	0.0	0	0.0	0	0.0	0	0.0	0	0.0	2	3.3333333333333335	2	2.0	8	4.0	28	46.66666666666667	50	50.0	78	39.0	72.66666666666667	1.0496806694349008	12	20.0	74.6	1.0931476900063288	16	16.0	73.35000000000001	1.0789493265867998	46	23.0	48.323790921808275	761.0	4	687
SC_RS20345		SCO3641	sensor histidine kinase	Sensor kinase	4018503	4019882	-	4019882.0	0	0	Shielded	1	1.6666666666666667	1	1.0	1	0.5	0	0.0	0	0.0	0	0.0	2	3.3333333333333335	2	2.0	6	3.0	24	40.0	34	34.0	74	37.0	74.83333333333333	1.1075823739579198	24	40.0	75.3	1.1216931216931216	35	35.0	74.5	1.0820637119113574	74	37.0	142.10112234317623	112.0	4	1380
SC_RS20405		SCO3653	response regulator transcription factor	Response regulator	4031299	4032045	-	4032045.0	0	0	Shielded	0	0.0	0	0.0	0	0.0	0	0.0	0	0.0	0	0.0	0	0.0	2	2.0	4	2.0	32	53.333333333333336	48	48.0	92	46.0	74.66666666666667	1.1719684286055967	20	33.333333333333336	75.2	1.1813808715336729	42	42.0	75.2	1.135609859640744	73	36.5	93.9646674028911	982.0	2	747
SC_RS20410		SCO3654	sensor histidine kinase	Sensor kinase	4032042	4033202	-	4033202.0	0	0	Shielded	0	0.0	0	0.0	0	0.0	0	0.0	0	0.0	0	0.0	0	0.0	0	0.0	0	0.0	12	20.0	38	38.0	78	39.0	75.5	1.164698819291575	19	31.666666666666668	78.7	1.0827340017848706	39	39.0	77.25	1.1501913038771596	86	43.0	44.97020814971373	175.0	2	1161
SC_RS20455		SCO3664	helix-turn-helix domain-containing protein	HTH (other)	4043964	4045001	+	4043964.0	0	0	Shielded	0	0.0	0	0.0	0	0.0	0	0.0	0	0.0	0	0.0	0	0.0	0	0.0	2	1.0	2	3.3333333333333335	14	14.0	46	23.0	62.5	1.1513346316874784	12	20.0	63.6	1.1607142857142858	19	19.0	65.3	1.1132405163181331	37	18.5	461.0222647221416	3346.0	0	1038
SC_RS20460		SCO3665	helix-turn-helix transcriptional regulator	HTH (other)	4044998	4045981	+	4044998.0	0	0	Shielded	0	0.0	0	0.0	0	0.0	0	0.0	0	0.0	0	0.0	2	3.3333333333333335	2	2.0	2	1.0	12	20.0	22	22.0	30	15.0	69.33333333333334	1.0169963778211202	12	20.0	68.4	1.0409945369294964	19	19.0	68.25	1.1066156369600875	40	20.0	174.58592505511194	4380.0	0	984
SC_RS20465		SCO3666	helix-turn-helix transcriptional regulator	HTH (other)	4045944	4046981	-	4046981.0	0	0	Shielded	0	0.0	0	0.0	0	0.0	0	0.0	0	0.0	0	0.0	0	0.0	4	4.0	8	4.0	28	46.66666666666667	48	48.0	68	34.0	73.33333333333333	1.0423776136998202	10	16.666666666666668	73.3	1.087393681200006	20	20.0	71.55	1.1215143178692009	44	22.0	282.54355058639726	6363.0	0	1038
SC_RS20475		SCO3668	heat shock protein transcriptional repressor HspR	Repressor	4048460	4048915	-	4048915.0	0	0	Shielded	0	0.0	0	0.0	0	0.0	0	0.0	0	0.0	0	0.0	6	10.0	6	6.0	8	4.0	18	30.0	36	36.0	66	33.0	71.66666666666667	1.1552440290758046	26	43.333333333333336	72.6	1.1611316859935645	36	36.0	71.25	1.1346534185374002	58	29.0	640.3531765615514	4681.0	0	456
SC_RS20605		SCO3694	MerR family transcriptional regulator	MerR	4074756	4075130	-	4075130.0	0	0	Shielded	0	0.0	0	0.0	0	0.0	0	0.0	0	0.0	0	0.0	4	6.666666666666667	6	6.0	8	4.0	22	36.66666666666667	38	38.0	74	37.0	73.83333333333333	1.1617952794423383	11	18.333333333333336	73.0	1.1561561561561562	30	30.0	71.35000000000001	1.1908036942424838	54	27.0	19.67375042399008	1367.0	2	375
SC_RS20615		SCO3696	ArsR/SmtB family transcription factor	ArsR	4075938	4076306	+	4075938.0	0	0	Shielded	0	0.0	0	0.0	0	0.0	0	0.0	0	0.0	0	0.0	4	6.666666666666667	6	6.0	16	8.0	14	23.333333333333336	32	32.0	74	37.0	68.83333333333333	1.1819887429643527	15	25.0	71.1	1.1949984172206394	31	31.0	73.5	1.1970743946528206	61	30.5	49.72632824520995	591.0	2	369
SC_RS20630		SCO3699	ArsR/SmtB family transcription factor	ArsR	4078689	4078997	-	4078997.0	0	0	Shielded	1	1.6666666666666667	2	2.0	3	1.5	0	0.0	0	0.0	1	0.5	10	16.666666666666668	12	12.0	20	10.0	22	36.66666666666667	32	32.0	70	35.0	68.66666666666667	1.1456859971711457	22	36.66666666666667	70.3	1.1602810638884833	43	43.0	70.15	1.1711363682573248	75	37.5	13.258279472861506	244.0	6	309
SC_RS20680		SCO3709	SigE family RNA polymerase sigma factor	Sigma factor	4085317	4085871	-	4085871.0	0	0	Shielded	0	0.0	0	0.0	0	0.0	0	0.0	0	0.0	0	0.0	4	6.666666666666667	4	4.0	14	7.0	26	43.333333333333336	38	38.0	98	49.0	75.5	1.0995009357454772	23	38.333333333333336	74.8	1.093857240905971	32	32.0	76.8	1.1088354176274313	82	41.0	50.506179062322495	1917.0	1	555
SC_RS20710			sigma-70 family RNA polymerase sigma factor	Sigma factor	4090564	4091245	-	4091245.0	0	0	Shielded	0	0.0	0	0.0	0	0.0	0	0.0	0	0.0	0	0.0	0	0.0	0	0.0	4	2.0	20	33.333333333333336	42	42.0	86	43.0	72.5	1.045340585560702	19	31.666666666666668	72.7	1.0164914356803665	24	24.0	71.35000000000001	1.1172744797198946	62	31.0	335.9391376284596	1998.0	1	682
SC_RS20740		SCO3722	ArsR/SmtB family transcription factor	ArsR	4096845	4097198	-	4097198.0	0	0	Shielded	0	0.0	0	0.0	2	1.0	0	0.0	0	0.0	1	0.5	4	6.666666666666667	4	4.0	10	5.0	30	50.0	48	48.0	80	40.0	74.0	1.1444805194805194	15	25.0	75.2	1.1105845069924383	34	34.0	74.45	1.0934522778451412	66	33.0	57.98302851948402	968.0	1	354
SC_RS20775		SCO3729	helix-turn-helix domain-containing protein	HTH (other)	4103188	4103841	-	4103841.0	0	0	Shielded	0	0.0	0	0.0	0	0.0	0	0.0	0	0.0	0	0.0	0	0.0	2	2.0	6	3.0	30	50.0	48	48.0	86	43.0	78.5	1.103896103896104	28	46.66666666666667	77.60000000000001	1.0960250823679456	40	40.0	76.6	1.1359223467060817	65	32.5	138.572410152516	37.0	1	654
SC_RS20810		SCO3736	RNA polymerase sigma factor	Sigma factor	4108736	4109227	-	4109227.0	0	0	Shielded	0	0.0	0	0.0	0	0.0	0	0.0	0	0.0	0	0.0	4	6.666666666666667	6	6.0	12	6.0	20	33.333333333333336	36	36.0	102	51.0	73.0	1.2526880597949768	22	36.66666666666667	72.5	1.1874314943368651	28	28.0	78.0	1.2228352923485213	78	39.0	48.395623974373045	585.0	3	492
SC_RS20830		SCO3740	sensor histidine kinase	Sensor kinase	4111533	4112645	-	4112645.0	0	0	Shielded	0	0.0	0	0.0	0	0.0	0	0.0	0	0.0	0	0.0	0	0.0	0	0.0	6	3.0	20	33.333333333333336	38	38.0	94	47.0	75.16666666666667	1.1446778380929903	14	23.333333333333336	76.5	1.1559823798188733	34	34.0	76.95	1.1846937566639024	76	38.0	91.15056539137592	534.0	5	1113
SC_RS20835		SCO3741	response regulator transcription factor	Response regulator	4112648	4113550	-	4113550.0	0	0	Shielded	0	0.0	0	0.0	0	0.0	0	0.0	0	0.0	0	0.0	2	3.3333333333333335	4	4.0	8	4.0	34	56.66666666666667	60	60.0	110	55.0	76.83333333333333	1.259217243335224	35	58.333333333333336	77.4	1.2152372049544287	54	54.0	77.35	1.1740661825455494	95	47.5	80.01531830492812	371.0	5	903
SC_RS20875		SCO3750	sensor histidine kinase	Sensor kinase	4120212	4121462	-	4121462.0	0	0	Shielded	0	0.0	0	0.0	0	0.0	0	0.0	0	0.0	0	0.0	2	3.3333333333333335	4	4.0	4	2.0	26	43.333333333333336	42	42.0	96	48.0	78.66666666666666	1.0674429888403687	17	28.333333333333336	78.2	1.0407053233059085	35	35.0	77.55	1.115469396181432	66	33.0	137.29357904809967	878.0	5	1251
SC_RS20905		SCO3756	response regulator	Response regulator	4128978	4129652	-	4129652.0	0	0	Shielded	0	0.0	0	0.0	0	0.0	0	0.0	1	1.0	1	0.5	8	13.333333333333334	10	10.0	12	6.0	26	43.333333333333336	38	38.0	68	34.0	75.83333333333333	1.2695085022129047	33	55.0	75.6	1.2562814070351758	39	39.0	74.95	1.2075272762245362	69	34.5	80.1356403852086	454.0	6	675
SC_RS20910		SCO3757	sensor histidine kinase	Sensor kinase	4129649	4130926	-	4130926.0	0	0	Shielded	0	0.0	0	0.0	0	0.0	0	0.0	0	0.0	0	0.0	0	0.0	0	0.0	4	2.0	10	16.666666666666668	16	16.0	44	22.0	73.0	1.1111111111111112	21	35.0	73.2	1.0451520733862174	27	27.0	73.35000000000001	1.142597679075203	48	24.0	230.95053608452943	430.0	6	1278
SC_RS20965		SCO3769	TetR/AcrR family transcriptional regulator	TetR	4142257	4142994	-	4142994.0	0	0	Shielded	0	0.0	0	0.0	0	0.0	0	0.0	0	0.0	0	0.0	2	3.3333333333333335	6	6.0	6	3.0	32	53.333333333333336	46	46.0	90	45.0	73.0	1.141304347826087	16	26.666666666666668	74.0	1.1855624835338543	33	33.0	75.1	1.2066150897863583	70	35.0	883.4077405207228	723.0	2	738
SC_RS20985		SCO3773	LysR family transcriptional regulator	LysR	4147062	4148024	+	4147062.0	0	0	Shielded	1	1.6666666666666667	1	1.0	1	0.5	0	0.0	0	0.0	0	0.0	4	6.666666666666667	6	6.0	10	5.0	22	36.66666666666667	38	38.0	84	42.0	74.33333333333333	1.0522496371552974	16	26.666666666666668	75.7	1.1107074997205768	39	39.0	77.0	1.1107903661725507	69	34.5	85.00674224490353	179.0	2	963
SC_RS21030		SCO3782	helix-turn-helix domain-containing protein	HTH (other)	4158580	4159929	-	4159929.0	0	0	Shielded	0	0.0	0	0.0	0	0.0	0	0.0	0	0.0	0	0.0	2	3.3333333333333335	4	4.0	4	2.0	20	33.333333333333336	42	42.0	74	37.0	74.33333333333333	1.1731978713110787	16	26.666666666666668	75.8	1.128314423619382	38	38.0	76.95	1.1488621196506108	82	41.0	157.09653897377	2404.0	0	1350
SC_RS21145		SCO3804	GlxA family transcriptional regulator	Other regulatory	4183789	4184793	+	4183789.0	0	0	Shielded	0	0.0	0	0.0	0	0.0	0	0.0	0	0.0	0	0.0	2	3.3333333333333335	4	4.0	8	4.0	16	26.666666666666668	42	42.0	82	41.0	69.83333333333334	1.3226784238082117	31	51.66666666666667	71.8	1.2744298092240742	48	48.0	72.89999999999999	1.2246474428419358	80	40.0	51.981788809841994	1795.0	1	1005
SC_RS21175		SCO3810	GntR family transcriptional regulator	GntR	4189065	4189715	-	4189715.0	0	0	Shielded	0	0.0	0	0.0	0	0.0	0	0.0	0	0.0	0	0.0	0	0.0	0	0.0	6	3.0	20	33.333333333333336	34	34.0	58	29.0	71.0	1.0191310566779903	14	23.333333333333336	71.8	1.0737939412940394	22	22.0	70.0	1.14146844392076	48	24.0	379.0822271994761	1221.0	4	651
SC_RS21185		SCO3812	GntR family transcriptional regulator	GntR	4190999	4191346	+	4190999.0	0	0	Shielded	1	1.6666666666666667	1	1.0	1	0.5	0	0.0	0	0.0	0	0.0	4	6.666666666666667	4	4.0	10	5.0	22	36.66666666666667	30	30.0	60	30.0	71.0	1.0580844263198501	22	36.66666666666667	69.6	1.1149745207674329	27	27.0	71.75	1.1065136249230507	65	32.5	42.00162394960906	17.0	3	348
SC_RS21215		SCO3818	response regulator	Response regulator	4197520	4198176	+	4197520.0	0	0	Shielded	0	0.0	0	0.0	0	0.0	0	0.0	0	0.0	0	0.0	0	0.0	6	6.0	6	3.0	28	46.66666666666667	54	54.0	80	40.0	67.66666666666666	1.1366672333810992	11	18.333333333333336	71.0	1.1205683904346375	30	30.0	72.05	1.1101517207351672	68	34.0	132.03257051033123	536.0	2	657
SC_RS21235		SCO3822	bacterial proteasome activator family protein	Activator	4202553	4203092	-	4203092.0	0	0	Shielded	0	0.0	0	0.0	0	0.0	0	0.0	0	0.0	0	0.0	8	13.333333333333334	10	10.0	18	9.0	28	46.66666666666667	50	50.0	116	58.0	71.0	1.089845826687932	21	35.0	74.0	1.0893485111018504	44	44.0	74.8	1.1226233634368006	76	38.0	2237.340171996804	380.0	3	540
SC_RS21290		SCO3832	Lrp/AsnC family transcriptional regulator	Lrp	4214629	4215141	+	4214629.0	0	0	Shielded	0	0.0	0	0.0	0	0.0	0	0.0	0	0.0	0	0.0	0	0.0	4	4.0	6	3.0	14	23.333333333333336	26	26.0	50	25.0	71.66666666666667	1.1426345517107057	21	35.0	72.6	1.0776761659014156	37	37.0	73.75	1.14362200902395	78	39.0	133.63132812409546	1378.0	1	513
SC_RS21295		SCO3833	TetR/AcrR family transcriptional regulator	TetR	4215177	4215806	-	4215806.0	0	0	Shielded	0	0.0	0	0.0	0	0.0	0	0.0	0	0.0	0	0.0	0	0.0	0	0.0	4	2.0	14	23.333333333333336	24	24.0	62	31.0	70.66666666666667	1.134745461018156	23	38.333333333333336	71.89999999999999	1.1607391586962577	35	35.0	73.1	1.160892164352372	78	39.0	188.33386480617037	2555.0	0	630
SC_RS21350	fhaA	SCO3843	antibiotic biosynthesis regulator FhaA	Other regulatory	4227374	4228246	+	4227374.0	0	0	Shielded	1	1.6666666666666667	1	1.0	1	0.5	0	0.0	0	0.0	1	0.5	2	3.3333333333333335	4	4.0	10	5.0	10	16.666666666666668	36	36.0	78	39.0	66.0	1.1332601648842493	24	40.0	69.6	1.0763371419109125	37	37.0	70.19999999999999	1.0972784231823522	60	30.0	2123.1866671164444	244.0	9	873
SC_RS21355	fhaB	SCO3844	antibiotic biosynthesis regulator FhaB	Other regulatory	4228257	4228775	+	4228257.0	0	0	Shielded	0	0.0	0	0.0	1	0.5	0	0.0	0	0.0	0	0.0	2	3.3333333333333335	6	6.0	10	5.0	14	23.333333333333336	44	44.0	74	37.0	71.5	1.169308925286853	18	30.0	74.6	1.123980936115551	42	42.0	71.85000000000001	1.0905847481722968	68	34.0	795.5350513330042	322.0	9	519
SC_RS21435		SCO3859	helix-turn-helix domain-containing protein	HTH (other)	4243938	4244486	+	4243938.0	0	0	Shielded	0	0.0	0	0.0	0	0.0	0	0.0	0	0.0	0	0.0	0	0.0	0	0.0	2	1.0	8	13.333333333333334	26	26.0	50	25.0	67.33333333333333	1.0681700170610489	11	18.333333333333336	69.19999999999999	1.0946907498631637	23	23.0	70.19999999999999	1.0619440110442178	54	27.0	304.78578959785466	809.0	1	549
SC_RS21460		SCO3864	GntR family transcriptional regulator	GntR	4248804	4249592	+	4248804.0	0	0	Shielded	0	0.0	0	0.0	0	0.0	0	0.0	0	0.0	0	0.0	2	3.3333333333333335	2	2.0	2	1.0	28	46.66666666666667	40	40.0	60	30.0	74.5	1.1613218695244694	17	28.333333333333336	74.2	1.1709167982095348	30	30.0	70.95	1.1405897330859378	73	36.5	146.69284351375464	349.0	2	789
SC_RS21600		SCO3891	anti-sigma factor family protein	Sigma factor	4281711	4282559	-	4282559.0	0	0	Shielded	0	0.0	0	0.0	0	0.0	1	1.6666666666666667	1	1.0	1	0.5	0	0.0	2	2.0	4	2.0	30	50.0	38	38.0	60	30.0	71.33333333333334	1.1725955204216072	21	35.0	71.89999999999999	1.156430692295671	35	35.0	70.6	1.0933882171340366	55	27.5	134.13695799960303	133.0	3	849
SC_RS21605	sigM	SCO3892	RNA polymerase sigma factor SigM	Sigma factor	4282577	4283287	-	4283287.0	0	0	Shielded	0	0.0	0	0.0	0	0.0	0	0.0	1	1.0	2	1.0	0	0.0	0	0.0	4	2.0	16	26.666666666666668	24	24.0	66	33.0	70.33333333333334	1.0253642741500268	9	15.0	70.1	1.115362696409672	16	16.0	70.75	1.1159910720714235	47	23.5	251.2039975996702	314.0	3	711
SC_RS21645		SCO3900	PadR family transcriptional regulator	PadR	4294873	4295550	-	4295550.0	0	0	Shielded	0	0.0	0	0.0	0	0.0	0	0.0	0	0.0	0	0.0	2	3.3333333333333335	2	2.0	6	3.0	18	30.0	30	30.0	66	33.0	63.0	1.1865412323078228	8	13.333333333333334	66.2	1.2709733461345039	26	26.0	68.0	1.22057843298505	64	32.0	3234.681781417497	2196.0	0	678
SC_RS21680		SCO3907	single-stranded DNA-binding protein	Other regulatory	4303613	4304212	+	4303613.0	0	1	Exposed	0	0.0	0	0.0	0	0.0	1	1.6666666666666667	1	1.0	1	0.5	2	3.3333333333333335	2	2.0	6	3.0	8	13.333333333333334	14	14.0	46	23.0	65.0	1.2157894736842105	21	35.0	67.80000000000001	1.1140509678317783	33	33.0	67.55	1.0741656582662529	67	33.5	12967.670035057756	206.0	1	600
SC_RS21715		SCO3914	MarR family winged helix-turn-helix transcriptional regulator	MarR	4310386	4310850	-	4310850.0	0	0	Shielded	0	0.0	0	0.0	0	0.0	0	0.0	0	0.0	2	1.0	2	3.3333333333333335	2	2.0	6	3.0	12	20.0	24	24.0	44	22.0	67.16666666666666	1.0562856434416068	25	41.66666666666667	68.89999999999999	1.0650887573964498	34	34.0	69.0	1.1600440480493608	67	33.5	261.22041138175166	830.0	3	465
SC_RS21740		SCO3919	LysR family transcriptional regulator	LysR	4314389	4315294	-	4315294.0	0	0	Shielded	0	0.0	0	0.0	1	0.5	0	0.0	0	0.0	0	0.0	0	0.0	0	0.0	4	2.0	10	16.666666666666668	18	18.0	56	28.0	66.83333333333333	1.2303075768942235	21	35.0	70.0	1.2604766893661603	37	37.0	71.25	1.2440856562848048	71	35.5	89.875014435016	87.0	3	906
SC_RS21770		SCO3925	IclR family transcriptional regulator	IclR	4318648	4319373	+	4318648.0	0	0	Shielded	0	0.0	0	0.0	0	0.0	0	0.0	0	0.0	1	0.5	0	0.0	0	0.0	4	2.0	14	23.333333333333336	26	26.0	50	25.0	71.83333333333334	1.1641945498447739	13	21.666666666666668	69.8	1.190466416531884	23	23.0	67.85	1.1269198973154069	53	26.5	171.45663939517578	892.0	2	726
SC_RS21775		SCO3926	SsgA family sporulation/cell division regulator	Other regulatory	4319474	4319911	+	4319474.0	0	0	Shielded	0	0.0	0	0.0	0	0.0	0	0.0	0	0.0	0	0.0	2	3.3333333333333335	4	4.0	4	2.0	20	33.333333333333336	36	36.0	56	28.0	66.5	1.1041645658969448	19	31.666666666666668	68.89999999999999	1.112909753136382	31	31.0	70.55	1.1412497488446856	50	25.0	134.2798384654547	1718.0	2	438
SC_RS21805		SCO3932	GntR family transcriptional regulator	GntR	4327576	4328355	-	4328355.0	0	0	Shielded	0	0.0	0	0.0	0	0.0	0	0.0	0	0.0	0	0.0	0	0.0	2	2.0	2	1.0	18	30.0	36	36.0	86	43.0	65.83333333333333	1.098901098901099	14	23.333333333333336	66.7	1.1109505401206692	19	19.0	70.05	1.1075509636919456	48	24.0	167.60500638934823	878.0	4	780
SC_RS21855		SCO3943	LacI family DNA-binding transcriptional regulator	LacI	4338034	4339146	-	4339146.0	0	0	Shielded	0	0.0	0	0.0	0	0.0	0	0.0	1	1.0	1	0.5	0	0.0	0	0.0	4	2.0	20	33.333333333333336	28	28.0	60	30.0	65.66666666666666	1.0566389557920908	19	31.666666666666668	67.30000000000001	1.1671418389166073	32	32.0	69.5	1.1335954772874561	58	29.0	147.76738790259975	481.0	4	1113
SC_RS21880		SCO3948	sensor histidine kinase	Sensor kinase	4347161	4348843	+	4347161.0	0	0	Shielded	0	0.0	0	0.0	1	0.5	0	0.0	0	0.0	0	0.0	0	0.0	2	2.0	8	4.0	28	46.66666666666667	42	42.0	88	44.0	73.33333333333333	1.1672426995591796	26	43.333333333333336	73.1	1.1683817912191614	35	35.0	74.2	1.1808219974421579	67	33.5	119.7491679460194	90.0	5	1683
SC_RS22035		SCO3979	TetR/AcrR family transcriptional regulator	TetR	4382030	4382620	+	4382030.0	0	0	Shielded	0	0.0	0	0.0	0	0.0	0	0.0	0	0.0	0	0.0	0	0.0	0	0.0	2	1.0	12	20.0	24	24.0	60	30.0	68.5	1.2313486889758076	13	21.666666666666668	70.89999999999999	1.2118234667976746	28	28.0	71.5	1.182753164556962	56	28.0	158.24240296887334	1196.0	3	591
SC_RS22050		SCO3981	GntR family transcriptional regulator	GntR	4383616	4384371	-	4384371.0	0	0	Shielded	0	0.0	0	0.0	0	0.0	1	1.6666666666666667	1	1.0	1	0.5	0	0.0	4	4.0	6	3.0	14	23.333333333333336	24	24.0	48	24.0	67.0	1.2177916388208214	16	26.666666666666668	68.30000000000001	1.1928054096728795	27	27.0	67.80000000000001	1.1665157740789749	52	26.0	110.21261370738584	257.0	1	756
SC_RS22070		SCO3986	GntR family transcriptional regulator	GntR	4385486	4386217	+	4385486.0	0	0	Shielded	0	0.0	0	0.0	0	0.0	0	0.0	0	0.0	1	0.5	0	0.0	0	0.0	4	2.0	14	23.333333333333336	24	24.0	52	26.0	66.66666666666666	1.1252531819659424	9	15.0	67.4	1.1194556096185038	26	26.0	67.55	1.1445109517858318	60	30.0	86.5615899786244	858.0	1	732
SC_RS22135		SCO4005	SigE family RNA polymerase sigma factor	Sigma factor	4397767	4398372	+	4397767.0	0	1	Exposed	1	1.6666666666666667	1	1.0	1	0.5	1	1.6666666666666667	1	1.0	1	0.5	2	3.3333333333333335	2	2.0	2	1.0	28	46.66666666666667	50	50.0	66	33.0	73.16666666666667	1.059268600252207	21	35.0	74.1	1.1180124223602486	35	35.0	70.8	1.1747430249632893	74	37.0	473.0048265831937	52.0	4	606
SC_RS22150		SCO4008	TetR family transcriptional regulator	TetR	4401679	4402257	+	4401679.0	0	0	Shielded	0	0.0	0	0.0	0	0.0	0	0.0	0	0.0	0	0.0	4	6.666666666666667	6	6.0	10	5.0	20	33.333333333333336	28	28.0	60	30.0	68.83333333333333	1.0554461018857304	20	33.333333333333336	71.1	1.0717688154969833	37	37.0	73.2	1.1347538909180495	74	37.0	200.745307089067	501.0	5	579
SC_RS22155		SCO4009	hybrid sensor histidine kinase/response regulator	Sensor kinase	4402297	4406688	-	4406688.0	0	0	Shielded	0	0.0	0	0.0	0	0.0	0	0.0	0	0.0	0	0.0	0	0.0	4	4.0	6	3.0	24	40.0	36	36.0	72	36.0	72.0	1.171875	17	28.333333333333336	72.8	1.1878461398783404	30	30.0	72.89999999999999	1.164473386695609	56	28.0	3167.977629450565	1577.0	1	4392
SC_RS22190		SCO4014	winged helix-turn-helix transcriptional regulator	HTH (other)	4410577	4410936	-	4410936.0	0	0	Shielded	0	0.0	0	0.0	0	0.0	1	1.6666666666666667	1	1.0	2	1.0	2	3.3333333333333335	2	2.0	6	3.0	18	30.0	34	34.0	54	27.0	72.66666666666667	1.0062893081761006	10	16.666666666666668	73.2	1.0634095949928601	27	27.0	72.65	1.101991620272054	52	26.0	288.29646952203814	879.0	1	360
SC_RS22205		SCO4017	metal-dependent transcriptional regulator	Other regulatory	4413017	4413733	-	4413733.0	0	0	Shielded	0	0.0	0	0.0	0	0.0	0	0.0	0	0.0	0	0.0	4	6.666666666666667	6	6.0	12	6.0	26	43.333333333333336	42	42.0	104	52.0	74.16666666666667	1.1490037892678155	23	38.333333333333336	75.6	1.1382918552036199	40	40.0	74.95	1.099324700541096	68	34.0	71.73475101696067	2193.0	0	717
SC_RS22215		SCO4019	GntR family transcriptional regulator	GntR	4414377	4415069	+	4414377.0	0	0	Shielded	0	0.0	0	0.0	0	0.0	0	0.0	0	0.0	0	0.0	6	10.0	10	10.0	12	6.0	24	40.0	52	52.0	80	40.0	72.5	1.1541876294761764	25	41.66666666666667	74.3	1.1316155988857939	45	45.0	73.45	1.1138379514292398	75	37.5	91.27111937811424	1549.0	3	693
SC_RS22220		SCO4020	response regulator transcription factor	Response regulator	4415204	4415944	+	4415204.0	0	0	Shielded	0	0.0	0	0.0	0	0.0	0	0.0	0	0.0	1	0.5	2	3.3333333333333335	2	2.0	6	3.0	20	33.333333333333336	42	42.0	78	39.0	73.16666666666667	1.072230072313191	22	36.66666666666667	73.5	1.11822032643147	31	31.0	72.5	1.1605783866057837	65	32.5	31.98679418941449	722.0	3	741
SC_RS22225		SCO4021	sensor histidine kinase	Sensor kinase	4415941	4417515	+	4415941.0	0	0	Shielded	0	0.0	0	0.0	0	0.0	1	1.6666666666666667	1	1.0	1	0.5	0	0.0	0	0.0	4	2.0	20	33.333333333333336	38	38.0	72	36.0	72.16666666666667	1.3313420098143802	21	35.0	73.0	1.298798798798799	27	27.0	73.45	1.2055253865099855	57	28.5	46.255445523296814	11.0	4	1575
SC_RS22245		SCO4025	TetR/AcrR family transcriptional regulator	TetR	4422721	4423479	+	4422721.0	0	0	Shielded	0	0.0	1	1.0	1	0.5	0	0.0	0	0.0	0	0.0	0	0.0	4	4.0	8	4.0	20	33.333333333333336	38	38.0	90	45.0	75.0	1.105109579685851	14	23.333333333333336	74.8	1.0743321718931476	26	26.0	73.6	1.0708463020601748	59	29.5	205.72534544254475	375.0	3	759
SC_RS22280		SCO4032	MarR family winged helix-turn-helix transcriptional regulator	MarR	4429662	4430162	-	4430162.0	0	0	Shielded	0	0.0	0	0.0	0	0.0	0	0.0	0	0.0	0	0.0	2	3.3333333333333335	2	2.0	4	2.0	8	13.333333333333334	26	26.0	50	25.0	65.66666666666666	1.0822510822510822	21	35.0	68.89999999999999	1.1046462602243021	32	32.0	69.35	1.0614385614385613	49	24.5	25.281126217679734	1591.0	1	501
SC_RS22290		SCO4034	RNA polymerase sigma factor SigF	Sigma factor	4430684	4431640	-	4431640.0	0	0	Shielded	0	0.0	0	0.0	0	0.0	0	0.0	0	0.0	0	0.0	4	6.666666666666667	4	4.0	6	3.0	24	40.0	28	28.0	52	26.0	70.0	1.1441283966311775	16	26.666666666666668	68.8	1.2025745257452574	21	21.0	70.7	1.1737065693518376	44	22.0	4666.848771848829	1149.0	1	957
SC_RS22295		SCO4035	RNA polymerase sigma factor SigF	Sigma factor	4431932	4432795	-	4432795.0	0	0	Shielded	1	1.6666666666666667	1	1.0	1	0.5	0	0.0	0	0.0	0	0.0	2	3.3333333333333335	4	4.0	4	2.0	18	30.0	26	26.0	50	25.0	70.83333333333334	1.0978712009639846	14	23.333333333333336	69.8	1.1779145147074572	25	25.0	68.25	1.1722372986156435	44	22.0	23.57233884288938	6.0	1	864
SC_RS22420		SCO4059	ArsR/SmtB family transcription factor	ArsR	4451075	4451410	+	4451075.0	0	0	Shielded	0	0.0	0	0.0	0	0.0	0	0.0	0	0.0	0	0.0	2	3.3333333333333335	2	2.0	6	3.0	22	36.66666666666667	38	38.0	56	28.0	74.83333333333333	1.1197141155449672	22	36.66666666666667	73.1	1.190226667065904	28	28.0	67.2	1.1825147260728996	43	21.5	70.54502958720907	38.0	2	336
SC_RS22490		SCO4072	response regulator transcription factor	Response regulator	4466063	4466677	-	4466677.0	0	0	Shielded	0	0.0	1	1.0	3	1.5	0	0.0	0	0.0	0	0.0	2	3.3333333333333335	4	4.0	8	4.0	20	33.333333333333336	36	36.0	72	36.0	75.5	1.1077582784086397	13	21.666666666666668	75.5	1.1493763569026436	25	25.0	73.45	1.172013511748129	58	29.0	58.70977574217444	349.0	4	615
SC_RS22495		SCO4073	sensor histidine kinase	Sensor kinase	4466674	4467921	-	4467921.0	0	0	Shielded	0	0.0	0	0.0	2	1.0	0	0.0	0	0.0	0	0.0	0	0.0	6	6.0	10	5.0	18	30.0	30	30.0	62	31.0	73.33333333333333	1.2088733798604188	16	26.666666666666668	73.6	1.1957813428401665	25	25.0	73.45	1.1656487412483243	39	19.5	238.2001989001649	507.0	2	1248
SC_RS22545		SCO4081	ArsR/SmtB family transcription factor	ArsR	4474926	4475408	+	4474926.0	0	0	Shielded	0	0.0	0	0.0	0	0.0	0	0.0	0	0.0	0	0.0	0	0.0	2	2.0	2	1.0	16	26.666666666666668	32	32.0	72	36.0	68.0	1.095837739113717	23	38.333333333333336	69.5	1.1014492753623188	38	38.0	70.89999999999999	1.1545574163393761	65	32.5	115.2993968159038	1204.0	1	483
SC_RS22590	bldC	SCO4091	developmental transcriptional regulator BldC	Other regulatory	4485363	4485569	+	4485363.0	0	0	Shielded	0	0.0	0	0.0	0	0.0	0	0.0	1	1.0	1	0.5	2	3.3333333333333335	2	2.0	10	5.0	8	13.333333333333334	26	26.0	58	29.0	64.83333333333333	1.110582262414723	5	8.333333333333334	65.10000000000001	1.029856386999244	25	25.0	68.2	1.068535522317035	72	36.0	6678.047065781407	428.0	3	207
SC_RS22660		SCO4099	TetR/AcrR family transcriptional regulator	TetR	4499009	4499689	+	4499009.0	0	0	Shielded	0	0.0	0	0.0	0	0.0	0	0.0	0	0.0	0	0.0	4	6.666666666666667	4	4.0	4	2.0	20	33.333333333333336	30	30.0	66	33.0	70.33333333333334	1.3043478260869565	19	31.666666666666668	70.7	1.2496775025799793	37	37.0	72.05	1.205933346176074	74	37.0	79.53713477487878	650.0	2	681
SC_RS22675		SCO4102	MerR family transcriptional regulator	MerR	4500505	4501464	-	4501464.0	0	0	Shielded	0	0.0	0	0.0	0	0.0	0	0.0	0	0.0	0	0.0	2	3.3333333333333335	4	4.0	10	5.0	22	36.66666666666667	36	36.0	76	38.0	73.33333333333333	1.1700273836196167	18	30.0	73.4	1.2376237623762376	22	22.0	74.25	1.2002349396051992	69	34.5	46.29760566661565	1805.0	1	960
SC_RS22750		SCO4116	BTAD domain-containing putative transcriptional regulator	Other regulatory	4517961	4521269	+	4517961.0	0	0	Shielded	0	0.0	0	0.0	0	0.0	0	0.0	0	0.0	0	0.0	0	0.0	0	0.0	2	1.0	16	26.666666666666668	32	32.0	86	43.0	78.5	1.1473931084250406	25	41.66666666666667	79.7	1.1083821399332452	32	32.0	78.60000000000001	1.120371989405037	69	34.5	411.99153497815126	489.0	4	3309
SC_RS22755		SCO4117	sigma-70 family RNA polymerase sigma factor	Sigma factor	4521256	4523319	-	4523319.0	0	0	Shielded	0	0.0	0	0.0	0	0.0	0	0.0	0	0.0	0	0.0	0	0.0	2	2.0	8	4.0	32	53.333333333333336	40	40.0	72	36.0	75.5	1.0995073891625617	17	28.333333333333336	75.9	1.1945511701012923	35	35.0	75.6	1.2046177011878867	81	40.5	540.0847379060733	1385.0	3	2064
SC_RS22760		SCO4118	TetR/AcrR family transcriptional regulator	TetR	4523502	4524395	-	4524395.0	0	0	Shielded	0	0.0	0	0.0	0	0.0	0	0.0	0	0.0	0	0.0	0	0.0	4	4.0	8	4.0	16	26.666666666666668	30	30.0	58	29.0	70.5	1.255980861244019	24	40.0	71.1	1.2308184143222507	39	39.0	72.65	1.2146170485962497	70	35.0	620.41886902227	1421.0	1	894
SC_RS22780		SCO4122	MarR family winged helix-turn-helix transcriptional regulator	MarR	4529468	4530016	+	4529468.0	0	1	Exposed	0	0.0	0	0.0	1	0.5	0	0.0	0	0.0	0	0.0	2	3.3333333333333335	4	4.0	8	4.0	14	23.333333333333336	28	28.0	50	25.0	65.66666666666666	1.2139133141389775	12	20.0	69.19999999999999	1.1878173438062019	20	20.0	67.5	1.1916252052915195	42	21.0	473.2408541558487	207.0	5	549
SC_RS22800		SCO4123	response regulator	Response regulator	4535862	4536530	-	4536530.0	0	0	Shielded	0	0.0	0	0.0	0	0.0	0	0.0	0	0.0	0	0.0	4	6.666666666666667	10	10.0	10	5.0	22	36.66666666666667	38	38.0	60	30.0	73.0	1.0981912144702841	28	46.66666666666667	74.2	1.1034524457343249	39	39.0	70.95	1.0637127242049664	57	28.5	106.84293226460112	1361.0	1	669
SC_RS22805		SCO4124	sensor histidine kinase	Sensor kinase	4536527	4537801	-	4537801.0	0	0	Shielded	1	1.6666666666666667	1	1.0	1	0.5	0	0.0	0	0.0	0	0.0	2	3.3333333333333335	2	2.0	8	4.0	30	50.0	40	40.0	70	35.0	73.33333333333333	1.1558466576767483	23	38.333333333333336	73.7	1.0907704042715485	28	28.0	74.5	1.1489893355941279	62	31.0	63.644121374155525	90.0	1	1275
SC_RS22870		SCO4136	metal-sensitive transcriptional regulator	Other regulatory	4551282	4551683	-	4551683.0	0	0	Shielded	0	0.0	0	0.0	1	0.5	0	0.0	0	0.0	0	0.0	2	3.3333333333333335	2	2.0	6	3.0	10	16.666666666666668	14	14.0	32	16.0	66.16666666666666	1.0207709105682798	14	23.333333333333336	66.9	1.1357742045109016	24	24.0	67.85	1.177349703273119	58	29.0	324.63688985028017	993.0	4	402
SC_RS22920		SCO4146	RNA polymerase sigma factor	Sigma factor	4563131	4563673	+	4563131.0	0	0	Shielded	0	0.0	0	0.0	0	0.0	0	0.0	0	0.0	0	0.0	0	0.0	0	0.0	8	4.0	14	23.333333333333336	34	34.0	62	31.0	77.16666666666666	1.1867442901925662	24	40.0	76.7	1.1883460135771946	44	44.0	76.0	1.132508714602609	91	45.5	32.658905295183516	684.0	2	543
SC_RS22955		SCO4153	winged helix-turn-helix transcriptional regulator	HTH (other)	4570805	4571188	-	4571188.0	0	0	Shielded	0	0.0	0	0.0	0	0.0	0	0.0	0	0.0	0	0.0	2	3.3333333333333335	2	2.0	8	4.0	12	20.0	22	22.0	62	31.0	67.16666666666666	1.1232633757020396	11	18.333333333333336	69.5	1.1514820153420482	20	20.0	72.05	1.1712805101234853	52	26.0	141.62134777897563	3189.0	0	384
SC_RS22965		SCO4155	sensor histidine kinase	Sensor kinase	4571671	4573116	-	4573116.0	0	0	Shielded	0	0.0	0	0.0	0	0.0	0	0.0	0	0.0	0	0.0	0	0.0	0	0.0	4	2.0	14	23.333333333333336	20	20.0	40	20.0	71.66666666666667	1.0644512234698513	10	16.666666666666668	72.5	1.0963075751808147	15	15.0	72.25	1.1843557373960323	36	18.0	110.9966862840026	1327.0	2	1446
SC_RS22970		SCO4156	response regulator transcription factor	Response regulator	4573113	4573859	-	4573859.0	0	0	Shielded	0	0.0	0	0.0	0	0.0	0	0.0	0	0.0	0	0.0	2	3.3333333333333335	2	2.0	6	3.0	8	13.333333333333334	24	24.0	50	25.0	70.83333333333334	1.3244147157190636	12	20.0	71.5	1.240324682461181	21	21.0	71.7	1.2010981468771447	39	19.5	91.32902035802212	584.0	3	747
SC_RS22980		SCO4158	LacI family DNA-binding transcriptional regulator	LacI	4575112	4576134	-	4576134.0	0	1	Exposed	0	0.0	0	0.0	0	0.0	1	1.6666666666666667	1	1.0	1	0.5	0	0.0	0	0.0	2	1.0	18	30.0	24	24.0	52	26.0	70.5	1.3063973063973064	19	31.666666666666668	70.39999999999999	1.2524240465416936	32	32.0	71.65	1.2002182214948172	67	33.5	1108.0084647456797	172.0	4	1023
SC_RS22985	glnR	SCO4159	two-component system response regulator GlnR	Response regulator	4576177	4576980	-	4576980.0	0	0	Shielded	0	0.0	0	0.0	0	0.0	0	0.0	0	0.0	1	0.5	0	0.0	0	0.0	2	1.0	14	23.333333333333336	24	24.0	62	31.0	69.83333333333334	1.0618248678464721	17	28.333333333333336	71.2	1.1693411394755349	25	25.0	72.25	1.1800766283524904	61	30.5	1057.7954307487066	674.0	4	804
SC_RS23025		SCO4167	TetR family transcriptional regulator	TetR	4582548	4583180	-	4583180.0	0	0	Shielded	0	0.0	0	0.0	0	0.0	0	0.0	0	0.0	0	0.0	0	0.0	2	2.0	2	1.0	18	30.0	38	38.0	82	41.0	73.5	1.2610756233257778	14	23.333333333333336	74.2	1.2141834071295106	28	28.0	73.3	1.15802800119154	59	29.5	115.3285861510092	293.0	2	633
SC_RS23070		SCO4176	helix-turn-helix domain-containing protein	HTH (other)	4588684	4589526	+	4588684.0	0	0	Shielded	0	0.0	0	0.0	0	0.0	1	1.6666666666666667	1	1.0	1	0.5	0	0.0	2	2.0	4	2.0	16	26.666666666666668	30	30.0	58	29.0	70.16666666666667	1.0832304949952007	11	18.333333333333336	72.39999999999999	1.0973410582051184	24	24.0	70.7	1.1259817278410003	49	24.5	128.20721898464546	69.0	4	843
SC_RS23085		SCO4180	Fur family transcriptional regulator	Other regulatory	4590561	4590998	+	4590561.0	0	0	Shielded	0	0.0	0	0.0	1	0.5	0	0.0	0	0.0	0	0.0	0	0.0	0	0.0	10	5.0	14	23.333333333333336	20	20.0	54	27.0	67.33333333333333	0.9999264759944122	8	13.333333333333334	66.60000000000001	1.0645976181883796	13	13.0	68.65	1.073345259391771	50	25.0	876.0966023669118	1946.0	2	438
SC_RS23125		SCO4188	FadR/GntR family transcriptional regulator	GntR	4597379	4598290	+	4597379.0	0	0	Shielded	0	0.0	0	0.0	0	0.0	0	0.0	0	0.0	0	0.0	0	0.0	0	0.0	2	1.0	14	23.333333333333336	32	32.0	60	30.0	66.5	1.0708898944193062	8	13.333333333333334	67.60000000000001	1.095309446824917	17	17.0	70.25	1.1029247780972116	54	27.0	170.32534234247103	3383.0	0	912
SC_RS23135		SCO4190	winged helix-turn-helix domain-containing protein	HTH (other)	4598629	4599504	+	4598629.0	0	0	Shielded	0	0.0	0	0.0	0	0.0	0	0.0	0	0.0	0	0.0	0	0.0	0	0.0	2	1.0	4	6.666666666666667	12	12.0	46	23.0	66.16666666666666	0.9441145119537079	11	18.333333333333336	67.60000000000001	1.0505305179115454	21	21.0	68.89999999999999	1.1098521533452759	46	23.0	426.7992437214104	2133.0	0	876
SC_RS23155		SCO4194	TetR family transcriptional regulator	TetR	4602509	4603132	+	4602509.0	0	0	Shielded	0	0.0	0	0.0	0	0.0	0	0.0	0	0.0	1	0.5	0	0.0	2	2.0	2	1.0	28	46.66666666666667	46	46.0	82	41.0	71.5	1.135572572224156	13	21.666666666666668	71.5	1.0878412221387428	20	20.0	71.3	1.1252754170601196	52	26.0	75.62613776639782	886.0	2	624
SC_RS23170		SCO4197	MarR family winged helix-turn-helix transcriptional regulator	MarR	4606581	4607048	+	4606581.0	0	0	Shielded	0	0.0	0	0.0	0	0.0	0	0.0	0	0.0	0	0.0	0	0.0	0	0.0	4	2.0	22	36.66666666666667	36	36.0	70	35.0	69.16666666666667	1.2264808362369337	18	30.0	71.1	1.1790026745161342	23	23.0	70.8	1.1585194121912197	54	27.0	107.39217229787594	1032.0	5	468
SC_RS23175		SCO4198	helix-turn-helix domain-containing protein	HTH (other)	4607362	4607787	+	4607362.0	0	0	Shielded	0	0.0	0	0.0	1	0.5	0	0.0	0	0.0	1	0.5	4	6.666666666666667	4	4.0	8	4.0	20	33.333333333333336	28	28.0	60	30.0	71.16666666666667	1.177716024877597	20	33.333333333333336	70.3	1.1736139214892756	31	31.0	70.8	1.1891460494812451	52	26.0	1426.4307285292757	921.0	3	426
SC_RS23215		SCO4206	AraC family transcriptional regulator	AraC	4615154	4615969	-	4615969.0	0	0	Shielded	0	0.0	0	0.0	1	0.5	0	0.0	0	0.0	0	0.0	0	0.0	4	4.0	6	3.0	14	23.333333333333336	32	32.0	96	48.0	70.0	1.161625364431487	11	18.333333333333336	72.3	1.2022175937270276	27	27.0	73.7	1.1894240683458537	56	28.0	164.28479492931493	714.0	1	816
SC_RS23260		SCO4215	GntR family transcriptional regulator	GntR	4623766	4624524	+	4623766.0	0	0	Shielded	0	0.0	0	0.0	0	0.0	0	0.0	0	0.0	0	0.0	0	0.0	2	2.0	2	1.0	18	30.0	26	26.0	50	25.0	67.0	1.1287966928237245	14	23.333333333333336	68.7	1.1782456854168786	28	28.0	68.45	1.1482624526715244	44	22.0	475.4070079389307	1873.0	1	759
SC_RS23300		SCO4223	AraC family transcriptional regulator	AraC	4628765	4629634	-	4629634.0	0	0	Shielded	0	0.0	0	0.0	1	0.5	0	0.0	0	0.0	0	0.0	0	0.0	0	0.0	12	6.0	20	33.333333333333336	28	28.0	70	35.0	74.16666666666667	1.2754069155397199	34	56.66666666666667	74.2	1.2010076747319702	45	45.0	74.55000000000001	1.148314893461896	76	38.0	182.50511248734105	872.0	2	870
SC_RS23330		SCO4229	sensor histidine kinase	Sensor kinase	4633199	4634479	+	4633199.0	0	0	Shielded	0	0.0	0	0.0	0	0.0	0	0.0	0	0.0	0	0.0	0	0.0	0	0.0	8	4.0	18	30.0	28	28.0	58	29.0	69.33333333333334	1.1877037727061015	17	28.333333333333336	70.7	1.1611890575949773	25	25.0	71.3	1.1844121911822283	56	28.0	2349.0057903158595	1093.0	2	1281
SC_RS23335		SCO4230	response regulator transcription factor	Response regulator	4634476	4635156	+	4634476.0	0	0	Shielded	0	0.0	0	0.0	1	0.5	0	0.0	0	0.0	0	0.0	0	0.0	2	2.0	12	6.0	20	33.333333333333336	34	34.0	86	43.0	70.66666666666667	1.2343746505959436	22	36.66666666666667	71.8	1.2231987035651957	34	34.0	73.15	1.188780602689336	79	39.5	2819.708420178345	848.0	2	681
SC_RS23345		SCO4232	CarD family transcriptional regulator	Other regulatory	4636744	4637226	+	4636744.0	0	0	Shielded	0	0.0	0	0.0	0	0.0	0	0.0	0	0.0	1	0.5	0	0.0	0	0.0	0	0.0	14	23.333333333333336	22	22.0	66	33.0	62.16666666666667	1.2459621596677435	12	20.0	63.9	1.2497785825345904	27	27.0	67.30000000000001	1.2216713881019832	66	33.0	11953.843250777538	998.0	3	483
SC_RS23495		SCO4261	helix-turn-helix transcriptional regulator	HTH (other)	4674563	4675222	-	4675222.0	0	0	Shielded	0	0.0	0	0.0	0	0.0	0	0.0	0	0.0	0	0.0	2	3.3333333333333335	8	8.0	10	5.0	28	46.66666666666667	44	44.0	82	41.0	73.33333333333333	1.2152777777777777	23	38.333333333333336	74.3	1.1814162499094005	38	38.0	73.75	1.174089068825911	83	41.5	5444.476539196032	1814.0	2	660
SC_RS23500		SCO4263	helix-turn-helix transcriptional regulator	HTH (other)	4675583	4679338	+	4675583.0	0	0	Shielded	0	0.0	0	0.0	0	0.0	0	0.0	0	0.0	0	0.0	2	3.3333333333333335	4	4.0	10	5.0	30	50.0	52	52.0	96	48.0	75.16666666666667	1.1362291395431412	22	36.66666666666667	74.2	1.1711475791433892	36	36.0	75.35	1.1527438476262994	84	42.0	2663.6171857819254	1567.0	1	3756
SC_RS23535		SCO4270	TetR family transcriptional regulator	TetR	4685643	4686242	-	4686242.0	0	0	Shielded	0	0.0	0	0.0	0	0.0	0	0.0	0	0.0	0	0.0	0	0.0	0	0.0	2	1.0	16	26.666666666666668	36	36.0	74	37.0	71.0	1.23165213552588	18	30.0	72.3	1.1864666258420087	24	24.0	73.85000000000001	1.214072976422776	58	29.0	103.61226105244484	3978.0	0	600
SC_RS23560		SCO4275	sensor histidine kinase	Sensor kinase	4690823	4692109	+	4690823.0	0	0	Shielded	0	0.0	0	0.0	0	0.0	0	0.0	0	0.0	0	0.0	0	0.0	4	4.0	4	2.0	28	46.66666666666667	40	40.0	74	37.0	73.33333333333333	1.079940417080437	13	21.666666666666668	74.1	1.0933103981107595	26	26.0	74.75	1.1311083429978666	67	33.5	102.99137262773358	3924.0	0	1287
SC_RS23565		SCO4276	response regulator	Response regulator	4692106	4692777	+	4692106.0	0	0	Shielded	1	1.6666666666666667	1	1.0	1	0.5	0	0.0	0	0.0	0	0.0	4	6.666666666666667	6	6.0	10	5.0	30	50.0	46	46.0	72	36.0	77.66666666666666	1.1985526910900046	11	18.333333333333336	77.9	1.1868795856711263	31	31.0	75.25	1.1644187907189392	58	29.0	208.91543669580545	2641.0	0	672
SC_RS23610		SCO4285	ROK family protein	ROK	4700543	4701562	-	4701562.0	0	0	Shielded	0	0.0	0	0.0	1	0.5	0	0.0	0	0.0	0	0.0	4	6.666666666666667	6	6.0	10	5.0	22	36.66666666666667	42	42.0	66	33.0	72.0	1.1985565770255175	16	26.666666666666668	72.39999999999999	1.2362260004273373	37	37.0	72.45	1.1697599896360027	62	31.0	99.26767288791228	507.0	3	1020
SC_RS23690		SCO4301	helix-turn-helix domain-containing protein	HTH (other)	4716256	4717095	-	4717095.0	0	0	Shielded	0	0.0	0	0.0	0	0.0	0	0.0	0	0.0	0	0.0	0	0.0	2	2.0	4	2.0	20	33.333333333333336	32	32.0	66	33.0	69.66666666666667	1.156633221850613	16	26.666666666666668	70.6	1.134001134001134	34	34.0	70.35	1.1011232275600091	51	25.5	308.8262726490159	434.0	1	840
SC_RS23700		SCO4303	TetR/AcrR family transcriptional regulator	TetR	4717614	4718222	-	4718222.0	0	0	Shielded	0	0.0	0	0.0	0	0.0	0	0.0	0	0.0	0	0.0	0	0.0	2	2.0	4	2.0	10	16.666666666666668	26	26.0	72	36.0	69.33333333333334	1.1264863361379598	28	46.66666666666667	70.89999999999999	1.1668984478652153	36	36.0	71.65	1.1517893870835048	81	40.5	226.3360225401095	693.0	2	609
SC_RS23710		SCO4305	TetR/AcrR family transcriptional regulator	TetR	4719080	4719673	-	4719673.0	0	1	Exposed	0	0.0	0	0.0	0	0.0	0	0.0	0	0.0	0	0.0	2	3.3333333333333335	2	2.0	2	1.0	26	43.333333333333336	42	42.0	90	45.0	76.0	1.2120046171604462	23	38.333333333333336	75.4	1.1500821991265018	36	36.0	74.15	1.167650621473859	74	37.0	122.4080782728069	226.0	2	594
SC_RS23725		SCO4308	MurR/RpiR family transcriptional regulator	Other regulatory	4721346	4722335	-	4722335.0	0	0	Shielded	1	1.6666666666666667	1	1.0	1	0.5	0	0.0	0	0.0	0	0.0	4	6.666666666666667	4	4.0	10	5.0	22	36.66666666666667	36	36.0	78	39.0	73.0	1.1500305411041136	14	23.333333333333336	74.6	1.1730205278592376	22	22.0	74.5	1.1715933669790917	57	28.5	158.23025423138668	67.0	3	990
SC_RS23750		SCO4313	TetR/AcrR family transcriptional regulator	TetR	4724955	4725605	+	4724955.0	0	0	Shielded	0	0.0	0	0.0	1	0.5	0	0.0	0	0.0	0	0.0	2	3.3333333333333335	2	2.0	8	4.0	26	43.333333333333336	42	42.0	88	44.0	74.33333333333333	1.1711911134365	29	48.333333333333336	74.4	1.2286077705827938	47	47.0	73.3	1.1849908610374633	76	38.0	208.71841538026385	575.0	2	651
SC_RS23810		SCO4326	1,4-dihydroxy-6-naphthoate synthase	HTH (other)	4737844	4738692	-	4738692.0	0	0	Shielded	0	0.0	0	0.0	0	0.0	0	0.0	0	0.0	0	0.0	0	0.0	4	4.0	8	4.0	22	36.66666666666667	34	34.0	76	38.0	76.16666666666667	1.2332872291378514	16	26.666666666666668	75.0	1.2188081339405992	26	26.0	73.7	1.2129188763725982	64	32.0	498.5084534000116	1108.0	2	849
SC_RS23860		SCO4336	MarR family winged helix-turn-helix transcriptional regulator	MarR	4750828	4751265	+	4750828.0	0	0	Shielded	0	0.0	0	0.0	0	0.0	0	0.0	0	0.0	0	0.0	2	3.3333333333333335	6	6.0	8	4.0	20	33.333333333333336	36	36.0	56	28.0	66.5	1.0704055480174883	19	31.666666666666668	67.60000000000001	1.0503833899373272	39	39.0	68.30000000000001	1.07534281929079	57	28.5	985.3441738630712	2203.0	0	438
SC_RS23960		SCO4358	TetR/AcrR family transcriptional regulator	TetR	4772215	4773021	-	4773021.0	0	0	Shielded	0	0.0	0	0.0	0	0.0	0	0.0	0	0.0	0	0.0	0	0.0	2	2.0	4	2.0	18	30.0	34	34.0	66	33.0	70.66666666666667	1.1531241619737196	17	28.333333333333336	72.0	1.1005704365079365	33	33.0	72.75	1.1051312911112625	49	24.5	219.23417884080052	2092.0	0	807
SC_RS23980		SCO4362	sensor histidine kinase	Sensor kinase	4775642	4776853	+	4775642.0	0	0	Shielded	0	0.0	0	0.0	1	0.5	0	0.0	0	0.0	0	0.0	0	0.0	2	2.0	6	3.0	26	43.333333333333336	46	46.0	72	36.0	75.5	1.087719298245614	23	38.333333333333336	73.8	1.0885154267642407	33	33.0	72.95	1.0598156972985975	55	27.5	62.21532009323563	676.0	1	1212
SC_RS23985		SCO4363	response regulator transcription factor	Response regulator	4776850	4777530	+	4776850.0	0	0	Shielded	0	0.0	0	0.0	1	0.5	0	0.0	0	0.0	0	0.0	8	13.333333333333334	8	8.0	10	5.0	20	33.333333333333336	30	30.0	64	32.0	72.16666666666667	1.1247575953458306	16	26.666666666666668	72.89999999999999	1.116829411853484	32	32.0	71.75	1.1308129029249583	55	27.5	88.72694545825529	532.0	1	681
SC_RS24045		SCO4375	MarR family winged helix-turn-helix transcriptional regulator	MarR	4789565	4790059	+	4789565.0	0	0	Shielded	0	0.0	0	0.0	1	0.5	0	0.0	0	0.0	0	0.0	0	0.0	2	2.0	10	5.0	12	20.0	20	20.0	58	29.0	70.66666666666667	1.1222944686915473	22	36.66666666666667	70.6	1.1834891191459556	31	31.0	74.05000000000001	1.1821801891488304	65	32.5	59.69637513164277	738.0	4	495
SC_RS24095		SCO4385	TetR/AcrR family transcriptional regulator	TetR	4802192	4802821	+	4802192.0	0	0	Shielded	0	0.0	0	0.0	0	0.0	0	0.0	0	0.0	0	0.0	4	6.666666666666667	4	4.0	8	4.0	20	33.333333333333336	38	38.0	72	36.0	76.0	1.2203862619375085	19	31.666666666666668	76.0	1.2362493452069145	34	34.0	75.85	1.2165065167480602	65	32.5	72.94524187853573	231.0	2	630
SC_RS24125		SCO4391	winged helix-turn-helix transcriptional regulator	HTH (other)	4808387	4808785	-	4808785.0	0	0	Shielded	0	0.0	1	1.0	1	0.5	0	0.0	0	0.0	0	0.0	0	0.0	2	2.0	2	1.0	14	23.333333333333336	30	30.0	70	35.0	66.16666666666666	1.1269035532994922	15	25.0	67.9	1.190496880376788	26	26.0	70.95	1.148283534647171	61	30.5	69.1140703787835	466.0	5	399
SC_RS24140		SCO4394	metal-dependent transcriptional regulator	Other regulatory	4810836	4811528	+	4810836.0	0	0	Shielded	1	1.6666666666666667	3	3.0	3	1.5	0	0.0	0	0.0	0	0.0	4	6.666666666666667	12	12.0	12	6.0	20	33.333333333333336	34	34.0	68	34.0	71.0	1.2082429015729532	20	33.333333333333336	72.1	1.172882946281961	41	41.0	72.75	1.1844208412071127	72	36.0	1521.103057522981	245.0	4	693
SC_RS24185	purU	SCO4403	formyltetrahydrofolate deformylase	TetR	4821748	4822641	+	4821748.0	0	0	Shielded	0	0.0	1	1.0	1	0.5	0	0.0	0	0.0	0	0.0	0	0.0	2	2.0	6	3.0	24	40.0	32	32.0	66	33.0	71.0	1.150793650793651	19	31.666666666666668	70.3	1.0688605298957052	28	28.0	70.85000000000001	1.117536948565362	64	32.0	425.87062640175367	385.0	2	894
SC_RS24205		SCO4407	GbsR/MarR family transcriptional regulator	MarR	4825352	4826125	+	4825352.0	0	0	Shielded	0	0.0	0	0.0	0	0.0	0	0.0	0	0.0	0	0.0	0	0.0	2	2.0	6	3.0	12	20.0	30	30.0	68	34.0	66.83333333333333	1.21227238712896	12	20.0	68.89999999999999	1.2220817530552044	23	23.0	71.75	1.1810549462503448	52	26.0	114.01594607362672	1304.0	8	774
SC_RS24215		SCO4409	sigma-70 family RNA polymerase sigma factor	Sigma factor	4827365	4827958	-	4827958.0	0	0	Shielded	0	0.0	0	0.0	0	0.0	0	0.0	0	0.0	0	0.0	0	0.0	2	2.0	6	3.0	10	16.666666666666668	20	20.0	64	32.0	70.16666666666667	1.2059620596205962	23	38.333333333333336	71.0	1.1673615247170934	39	39.0	73.35000000000001	1.1523949368970836	73	36.5	2622.6720587961554	666.0	9	594
SC_RS24235		SCO4413	GlxA family transcriptional regulator	Other regulatory	4830650	4831684	-	4831684.0	0	0	Shielded	0	0.0	0	0.0	1	0.5	0	0.0	0	0.0	1	0.5	0	0.0	0	0.0	2	1.0	24	40.0	36	36.0	74	37.0	74.5	1.1293552262715258	29	48.333333333333336	74.1	1.1295070976768589	37	37.0	73.95	1.1631875006880052	74	37.0	166.31635469431356	771.0	4	1035
SC_RS24270		SCO4421	TetR family transcriptional regulator	TetR	4837557	4838192	-	4838192.0	0	0	Shielded	0	0.0	0	0.0	0	0.0	0	0.0	0	0.0	0	0.0	2	3.3333333333333335	2	2.0	4	2.0	10	16.666666666666668	18	18.0	58	29.0	68.0	1.1086258873869494	16	26.666666666666668	68.60000000000001	1.141163646273334	29	29.0	70.35	1.154865889165406	61	30.5	246.43779563635533	804.0	4	636
SC_RS24295	afsR	SCO4426	transcriptional regulator AfsR	Other regulatory	4842787	4845768	-	4845768.0	0	0	Shielded	0	0.0	1	1.0	2	1.0	0	0.0	0	0.0	0	0.0	2	3.3333333333333335	8	8.0	10	5.0	22	36.66666666666667	46	46.0	80	40.0	73.83333333333333	1.08843537414966	25	41.66666666666667	74.8	1.0442773600668338	41	41.0	75.14999999999999	1.1345465890920436	66	33.0	773.569971781392	206.0	4	2982
SC_RS24335		SCO4434	LysR family transcriptional regulator	LysR	4853069	4853965	+	4853069.0	0	0	Shielded	1	1.6666666666666667	1	1.0	1	0.5	0	0.0	0	0.0	0	0.0	4	6.666666666666667	8	8.0	8	4.0	28	46.66666666666667	44	44.0	78	39.0	74.5	1.0718586912886392	20	33.333333333333336	75.0	1.124523145248534	41	41.0	74.65	1.1538627442522538	71	35.5	110.50141666046824	265.0	1	897
SC_RS24370		SCO4441	helix-turn-helix domain-containing protein	HTH (other)	4863650	4864507	+	4863650.0	0	0	Shielded	0	0.0	0	0.0	0	0.0	1	1.6666666666666667	1	1.0	1	0.5	4	6.666666666666667	6	6.0	6	3.0	12	20.0	32	32.0	52	26.0	69.5	1.0767036304237796	13	21.666666666666668	71.6	1.061546267025719	28	28.0	69.5	1.052132328422692	53	26.5	1334.7751867254092	168.0	5	858
SC_RS24380		SCO4443	MerR family transcriptional regulator	MerR	4864966	4865850	-	4865850.0	0	0	Shielded	0	0.0	0	0.0	1	0.5	0	0.0	0	0.0	0	0.0	4	6.666666666666667	10	10.0	16	8.0	34	56.66666666666667	50	50.0	88	44.0	75.0	1.2236654522414065	19	31.666666666666668	73.1	1.1754068716094033	27	27.0	73.65	1.1262983198761818	57	28.5	717.3174880669783	49.0	5	885
SC_RS24390		SCO4445	ArsR/SmtB family transcription factor	ArsR	4866642	4867625	-	4867625.0	0	0	Shielded	0	0.0	0	0.0	0	0.0	0	0.0	0	0.0	0	0.0	0	0.0	0	0.0	6	3.0	22	36.66666666666667	42	42.0	86	43.0	73.0	1.131907497297412	13	21.666666666666668	75.5	1.1243470959110768	27	27.0	75.44999999999999	1.0832735461048326	63	31.5	116.31904928620516	1000.0	4	984
SC_RS24415		SCO4450	TetR/AcrR family transcriptional regulator	TetR	4872011	4872658	+	4872011.0	0	0	Shielded	0	0.0	2	2.0	2	1.0	0	0.0	1	1.0	1	0.5	4	6.666666666666667	8	8.0	8	4.0	20	33.333333333333336	38	38.0	88	44.0	68.66666666666667	1.2761432116270826	9	15.0	71.89999999999999	1.1852747048433578	25	25.0	73.45	1.1381161397473158	75	37.5	28.17857198813594	326.0	3	648
SC_RS24425		SCO4452	RNA polymerase sigma factor	Sigma factor	4874365	4875516	-	4875516.0	0	0	Shielded	1	1.6666666666666667	1	1.0	1	0.5	0	0.0	0	0.0	0	0.0	8	13.333333333333334	8	8.0	8	4.0	28	46.66666666666667	48	48.0	102	51.0	75.0	1.210826210826211	26	43.333333333333336	73.7	1.1709256940864572	42	42.0	74.15	1.1496511027191432	67	33.5	143.538998346566	128.0	3	1152
SC_RS24435		SCO4454	TetR/AcrR family transcriptional regulator	TetR	4876023	4876625	-	4876625.0	0	0	Shielded	0	0.0	0	0.0	0	0.0	0	0.0	0	0.0	0	0.0	0	0.0	0	0.0	6	3.0	16	26.666666666666668	36	36.0	76	38.0	70.0	1.197713456129208	8	13.333333333333334	72.2	1.1744657332350774	21	21.0	71.95	1.1566059996518578	50	25.0	135.0704210743419	1237.0	3	603
SC_RS24470		SCO4461	TetR/AcrR family transcriptional regulator	TetR	4882032	4882589	-	4882589.0	0	0	Shielded	0	0.0	0	0.0	1	0.5	0	0.0	0	0.0	1	0.5	0	0.0	0	0.0	2	1.0	14	23.333333333333336	20	20.0	64	32.0	67.5	1.1416304825096355	9	15.0	69.3	1.1259936473791237	19	19.0	71.25	1.1553764437276466	54	27.0	45.09272528232456	21.0	5	558
SC_RS24490		SCO4465	PadR family transcriptional regulator	PadR	4884950	4885462	+	4884950.0	0	0	Shielded	0	0.0	0	0.0	0	0.0	0	0.0	0	0.0	1	0.5	4	6.666666666666667	4	4.0	4	2.0	32	53.333333333333336	40	40.0	56	28.0	67.16666666666666	1.1901810066947682	30	50.0	68.60000000000001	1.1787517190129235	44	44.0	69.05	1.17452620451857	60	30.0	48.39190226056317	805.0	5	513
SC_RS24545		SCO4477	MerR family transcriptional regulator	MerR	4896795	4897511	-	4897511.0	0	0	Shielded	0	0.0	0	0.0	0	0.0	0	0.0	0	0.0	0	0.0	0	0.0	0	0.0	2	1.0	42	70.0	60	60.0	90	45.0	77.16666666666666	1.1550970057194123	15	25.0	76.3	1.1495835341089007	25	25.0	74.55000000000001	1.1058719277833213	55	27.5	40.95897691590045	1179.0	5	717
SC_RS24560		SCO4480	TetR/AcrR family transcriptional regulator	TetR	4899301	4899900	-	4899900.0	0	0	Shielded	0	0.0	0	0.0	1	0.5	0	0.0	0	0.0	0	0.0	2	3.3333333333333335	2	2.0	6	3.0	10	16.666666666666668	24	24.0	52	26.0	70.33333333333334	1.0805700006753562	21	35.0	71.8	1.032352210630899	29	29.0	72.1	1.0482887264640874	70	35.0	81.27489941775713	840.0	7	600
SC_RS24570		SCO4482	LysR family transcriptional regulator	LysR	4901972	4902850	-	4902850.0	0	0	Shielded	0	0.0	0	0.0	1	0.5	0	0.0	0	0.0	0	0.0	0	0.0	2	2.0	6	3.0	28	46.66666666666667	48	48.0	106	53.0	74.0	1.2056507266379801	23	38.333333333333336	73.7	1.1930010604453871	31	31.0	75.0	1.1591852989702451	76	38.0	159.25165556704462	549.0	4	879
SC_RS24585		SCO4485	helix-turn-helix transcriptional regulator	HTH (other)	4903856	4904881	-	4904881.0	0	0	Shielded	0	0.0	0	0.0	0	0.0	0	0.0	0	0.0	0	0.0	2	3.3333333333333335	4	4.0	10	5.0	24	40.0	50	50.0	108	54.0	73.0	1.2363070583040727	19	31.666666666666668	73.4	1.2488035415171093	36	36.0	75.44999999999999	1.176992959185831	64	32.0	89.84962268266503	1089.0	2	1026
SC_RS24625			Lrp/AsnC family transcriptional regulator	Lrp	4912747	4913204	+	4912747.0	0	0	Shielded	0	0.0	0	0.0	0	0.0	0	0.0	0	0.0	0	0.0	4	6.666666666666667	4	4.0	8	4.0	24	40.0	40	40.0	64	32.0	72.16666666666667	1.1173901875160546	18	30.0	71.1	1.1243962308971414	24	24.0	69.55	1.1432121776949362	43	21.5	208.7909837141961	1715.0	2	458
SC_RS24635		SCO4495	UdgX family uracil-DNA binding protein	Other regulatory	4914637	4915275	+	4914637.0	0	1	Exposed	0	0.0	0	0.0	0	0.0	0	0.0	0	0.0	0	0.0	6	10.0	6	6.0	8	4.0	30	50.0	38	38.0	68	34.0	73.83333333333333	1.130637827209045	22	36.66666666666667	72.5	1.1588368937072107	31	31.0	71.15	1.1208542255808243	48	24.0	66.48965648397376	82.0	3	639
SC_RS24660		SCO4499	TetR/AcrR family transcriptional regulator	TetR	4917934	4918656	+	4917934.0	0	0	Shielded	0	0.0	0	0.0	0	0.0	0	0.0	0	0.0	0	0.0	2	3.3333333333333335	4	4.0	4	2.0	14	23.333333333333336	26	26.0	64	32.0	70.5	1.2072434607645877	10	16.666666666666668	71.89999999999999	1.2767537954408281	24	24.0	71.89999999999999	1.2117692605497483	53	26.5	774.9057642094848	1006.0	1	723
SC_RS24870	whiJ	SCO4543	transcriptional regulator WhiJ	Other regulatory	4959584	4960435	-	4960435.0	0	0	Shielded	0	0.0	0	0.0	0	0.0	0	0.0	0	0.0	0	0.0	0	0.0	2	2.0	4	2.0	10	16.666666666666668	24	24.0	32	16.0	65.16666666666666	1.0637154829698077	15	25.0	67.2	1.138737704771042	31	31.0	66.5	1.1624724930511736	55	27.5	377.0470513942181	1595.0	2	852
SC_RS24895		SCO4548	bacterial transcriptional activator domain-containing protein	Activator	4964061	4967069	+	4964061.0	0	0	Shielded	0	0.0	0	0.0	0	0.0	0	0.0	0	0.0	0	0.0	0	0.0	0	0.0	0	0.0	12	20.0	28	28.0	54	27.0	69.83333333333334	1.0807113543091655	9	15.0	69.8	1.042761429322123	20	20.0	69.55	1.0130455457007588	42	21.0	1192.356230197153	3233.0	0	3009
SC_RS25095		SCO4588	tetratricopeptide repeat protein	TetR	5010296	5011708	+	5010296.0	0	0	Shielded	0	0.0	0	0.0	1	0.5	0	0.0	0	0.0	1	0.5	0	0.0	2	2.0	6	3.0	16	26.666666666666668	34	34.0	80	40.0	69.0	1.2747180911913711	22	36.66666666666667	72.39999999999999	1.2637867647058822	34	34.0	73.35000000000001	1.1969904240766074	61	30.5	777.8520753598918	598.0	2	1413
SC_RS25135		SCO4596	response regulator transcription factor	Response regulator	5019699	5020358	-	5020358.0	0	0	Shielded	0	0.0	0	0.0	0	0.0	0	0.0	0	0.0	0	0.0	0	0.0	2	2.0	4	2.0	20	33.333333333333336	42	42.0	90	45.0	71.16666666666667	1.1336032388663968	10	16.666666666666668	72.7	1.1141410206466693	28	28.0	71.8	1.0717036739341572	64	32.0	272.3650199173934	2187.0	0	660
SC_RS25140		SCO4597	sensor histidine kinase	Sensor kinase	5020678	5022045	-	5022045.0	0	0	Shielded	0	0.0	0	0.0	0	0.0	0	0.0	0	0.0	0	0.0	4	6.666666666666667	4	4.0	4	2.0	24	40.0	30	30.0	48	24.0	73.5	1.104417670682731	21	35.0	71.7	1.0790630267324082	28	28.0	72.0	1.070224221703758	58	29.0	164.0079849380794	1041.0	1	1368
SC_RS25145		SCO4598	sensor histidine kinase	Sensor kinase	5022159	5023382	-	5023382.0	0	0	Shielded	0	0.0	0	0.0	0	0.0	0	0.0	0	0.0	0	0.0	8	13.333333333333334	8	8.0	8	4.0	20	33.333333333333336	28	28.0	48	24.0	70.66666666666667	1.2692616014963927	19	31.666666666666668	69.89999999999999	1.2790240062967335	31	31.0	70.25	1.195253137539486	49	24.5	141.53013333695853	296.0	2	1224
SC_RS25300		SCO4628	GntR family transcriptional regulator	GntR	5049893	5050702	+	5049893.0	0	0	Shielded	0	0.0	0	0.0	0	0.0	1	1.6666666666666667	1	1.0	1	0.5	0	0.0	0	0.0	6	3.0	14	23.333333333333336	22	22.0	52	26.0	64.33333333333333	0.9857789269553975	25	41.66666666666667	64.7	1.0811327975507081	31	31.0	67.0	1.1228345333998717	65	32.5	606.9780444961208	1555.0	1	810
SC_RS25320	fxsT	SCO4632	FxSxx-COOH system tetratricopeptide repeat protein	TetR	5055828	5058728	+	5055828.0	0	0	Shielded	0	0.0	0	0.0	0	0.0	0	0.0	0	0.0	0	0.0	2	3.3333333333333335	2	2.0	4	2.0	14	23.333333333333336	26	26.0	46	23.0	65.33333333333333	0.9543178973717146	18	30.0	68.30000000000001	0.9519562271659148	32	32.0	67.25	0.9864070455118479	52	26.0	622.9421268010132	1569.0	1	2901
SC_RS25370		SCO4639	TetR/AcrR family transcriptional regulator	TetR	5063734	5064339	+	5063734.0	0	1	Exposed	0	0.0	0	0.0	1	0.5	0	0.0	0	0.0	0	0.0	2	3.3333333333333335	6	6.0	18	9.0	28	46.66666666666667	48	48.0	84	42.0	73.16666666666667	1.2476606363069245	25	41.66666666666667	74.1	1.2238832065740013	52	52.0	72.7	1.1958825310323948	88	44.0	156.74722867162407	252.0	4	606
SC_RS25375		SCO4640	TetR/AcrR family transcriptional regulator	TetR	5064405	5064998	+	5064405.0	0	0	Shielded	0	0.0	0	0.0	0	0.0	0	0.0	0	0.0	0	0.0	2	3.3333333333333335	2	2.0	6	3.0	10	16.666666666666668	24	24.0	54	27.0	69.5	1.2422360248447204	24	40.0	70.0	1.183673469387755	33	33.0	70.3	1.1939138722674043	69	34.5	424.6457086052709	923.0	3	594
SC_RS25415	nusG	SCO4647	transcription termination/antitermination protein NusG	Other regulatory	5071761	5072663	+	5071761.0	0	0	Shielded	0	0.0	0	0.0	0	0.0	0	0.0	0	0.0	0	0.0	0	0.0	0	0.0	2	1.0	4	6.666666666666667	16	16.0	54	27.0	67.5	1.288936627282492	17	28.333333333333336	66.5	1.22110061869098	24	24.0	66.64999999999999	1.1846526670450348	44	22.0	3011.874489525243	1218.0	1	903
SC_RS25495		SCO4663	AfsR/SARP family transcriptional regulator	SARP	5093313	5093666	-	5093666.0	0	0	Shielded	0	0.0	1	1.0	1	0.5	0	0.0	0	0.0	0	0.0	2	3.3333333333333335	4	4.0	6	3.0	28	46.66666666666667	42	42.0	86	43.0	77.66666666666666	1.1273832550428295	18	30.0	74.5	1.0738429162402525	27	27.0	73.3	1.1697017446809304	71	35.5	164.52396484614167	370.0	5	354
SC_RS25510		SCO4667	sensor histidine kinase	Sensor kinase	5097181	5098476	+	5097181.0	0	0	Shielded	1	1.6666666666666667	2	2.0	3	1.5	0	0.0	0	0.0	0	0.0	2	3.3333333333333335	6	6.0	10	5.0	18	30.0	30	30.0	74	37.0	75.16666666666667	1.01514853433012	10	16.666666666666668	75.2	0.9974039202925719	18	18.0	76.44999999999999	1.040280054340945	65	32.5	48.55332478370942	439.0	3	1296
SC_RS25515		SCO4668	response regulator	Response regulator	5098476	5099108	+	5098476.0	0	0	Shielded	0	0.0	0	0.0	2	1.0	0	0.0	0	0.0	0	0.0	0	0.0	0	0.0	6	3.0	22	36.66666666666667	32	32.0	62	31.0	75.66666666666667	1.1529503105590062	12	20.0	75.8	1.162750217580505	27	27.0	75.85	1.1054909527037597	52	26.0	188.3332592539287	674.0	3	633
SC_RS25530		SCO4671	LysR family transcriptional regulator	LysR	5102043	5102990	-	5102990.0	0	0	Shielded	0	0.0	0	0.0	0	0.0	0	0.0	0	0.0	0	0.0	10	16.666666666666668	12	12.0	14	7.0	24	40.0	50	50.0	102	51.0	73.33333333333333	1.177685950413223	22	36.66666666666667	74.6	1.1070853462157808	34	34.0	74.25	1.1030999285162217	56	28.0	104.09181024532118	1497.0	2	948
SC_RS25540		SCO4673	helix-turn-helix transcriptional regulator	HTH (other)	5104850	5105851	-	5105851.0	0	0	Shielded	0	0.0	0	0.0	0	0.0	0	0.0	1	1.0	1	0.5	0	0.0	2	2.0	4	2.0	14	23.333333333333336	30	30.0	78	39.0	73.16666666666667	1.1398565573770492	9	15.0	74.1	1.0763064133016627	21	21.0	72.89999999999999	1.117487163998792	53	26.5	333.8832001790699	381.0	2	1002
SC_RS25555		SCO4676	helix-turn-helix domain-containing protein	HTH (other)	5107257	5108129	-	5108129.0	0	0	Shielded	0	0.0	0	0.0	0	0.0	0	0.0	0	0.0	0	0.0	0	0.0	0	0.0	0	0.0	10	16.666666666666668	28	28.0	58	29.0	67.33333333333333	1.0290556900726393	16	26.666666666666668	70.39999999999999	1.1148272017837235	28	28.0	70.8	1.1084534157867103	49	24.5	349.6614775290574	1897.0	1	873
SC_RS25565		SCO4678	helix-turn-helix domain-containing protein	HTH (other)	5108924	5109772	+	5108924.0	0	0	Shielded	0	0.0	0	0.0	0	0.0	0	0.0	0	0.0	0	0.0	0	0.0	0	0.0	0	0.0	18	30.0	32	32.0	52	26.0	69.33333333333334	1.1835217358318793	12	20.0	69.5	1.144578313253012	23	23.0	67.2	1.0552804610763862	43	21.5	379.80815616736294	1305.0	1	849
SC_RS25575		SCO4680	helix-turn-helix transcriptional regulator	HTH (other)	5109911	5110819	-	5110819.0	0	0	Shielded	0	0.0	0	0.0	0	0.0	0	0.0	0	0.0	0	0.0	2	3.3333333333333335	2	2.0	4	2.0	26	43.333333333333336	46	46.0	70	35.0	74.5	1.285388219276819	21	35.0	74.5	1.2324324324324325	42	42.0	72.65	1.2056186378025895	62	31.0	316.46231839370085	590.0	1	909
SC_RS25615		SCO4688	MerR family transcriptional regulator	MerR	5116372	5116728	-	5116728.0	0	0	Shielded	0	0.0	0	0.0	0	0.0	0	0.0	0	0.0	0	0.0	0	0.0	0	0.0	2	1.0	10	16.666666666666668	26	26.0	70	35.0	66.16666666666666	1.1128048780487805	12	20.0	66.3	1.0555818439922833	25	25.0	69.5	1.0534152011131364	54	27.0	222.94759298122085	1208.0	3	357
SC_RS25875		SCO4743	helix-turn-helix domain-containing protein	HTH (other)	5157368	5157973	+	5157368.0	0	0	Shielded	0	0.0	0	0.0	0	0.0	0	0.0	0	0.0	0	0.0	0	0.0	0	0.0	4	2.0	30	50.0	46	46.0	102	51.0	76.16666666666667	1.0555946516537649	18	30.0	76.4	1.1302766720723376	27	27.0	77.2	1.160453405723522	57	28.5	80.06099402560965	432.0	3	606
SC_RS25930		SCO4754	LacI family DNA-binding transcriptional regulator	LacI	5165438	5166505	+	5165438.0	0	0	Shielded	0	0.0	0	0.0	0	0.0	0	0.0	0	0.0	0	0.0	0	0.0	2	2.0	8	4.0	18	30.0	42	42.0	84	42.0	72.16666666666667	1.2032770097286225	22	36.66666666666667	73.6	1.1306198457036445	42	42.0	74.2	1.140700295528564	79	39.5	135.51267024144576	854.0	3	1068
SC_RS25945		SCO4757	RNA polymerase sigma factor	Sigma factor	5168216	5169475	+	5168216.0	0	0	Shielded	0	0.0	0	0.0	1	0.5	0	0.0	1	1.0	1	0.5	4	6.666666666666667	8	8.0	14	7.0	26	43.333333333333336	42	42.0	76	38.0	72.83333333333334	1.0311871227364187	24	40.0	73.0	1.0403395427029227	32	32.0	73.2	1.051837025798384	51	25.5	76.02003220662385	210.0	5	1260
SC_RS25990		SCO4766	LysR family transcriptional regulator	LysR	5178021	5178941	+	5178021.0	0	1	Exposed	1	1.6666666666666667	1	1.0	1	0.5	0	0.0	0	0.0	0	0.0	6	10.0	8	8.0	14	7.0	32	53.333333333333336	42	42.0	78	39.0	73.33333333333333	1.1289388801587958	21	35.0	73.9	1.1506889475227207	40	40.0	74.2	1.1588453686145441	78	39.0	179.0115674051012	207.0	3	921
SC_RS25995		SCO4767	WhiB family transcriptional regulator	WhiB	5179007	5179345	-	5179345.0	0	0	Shielded	0	0.0	0	0.0	0	0.0	0	0.0	0	0.0	0	0.0	0	0.0	6	6.0	12	6.0	6	10.0	18	18.0	52	26.0	65.0	1.1368421052631579	9	15.0	68.4	1.1884913000726776	31	31.0	71.85000000000001	1.181630107160291	73	36.5	33.517026930828095	1531.0	2	339
SC_RS26000		SCO4768	response regulator transcription factor	Response regulator	5179727	5180338	+	5179727.0	0	0	Shielded	0	0.0	0	0.0	0	0.0	0	0.0	0	0.0	0	0.0	0	0.0	2	2.0	12	6.0	12	20.0	18	18.0	40	20.0	69.0	1.2463531333877933	16	26.666666666666668	68.60000000000001	1.198571914314859	30	30.0	71.0	1.1783469815273282	65	32.5	3024.9454311445797	1913.0	2	612
SC_RS26005		SCO4769	sigma-70 family RNA polymerase sigma factor	Sigma factor	5180620	5181207	+	5180620.0	0	0	Shielded	0	0.0	0	0.0	0	0.0	0	0.0	0	0.0	0	0.0	2	3.3333333333333335	2	2.0	6	3.0	14	23.333333333333336	24	24.0	52	26.0	71.66666666666667	1.1163032191069573	7	11.666666666666668	72.3	1.1099203919167178	24	24.0	71.35000000000001	1.152042023976629	62	31.0	770.7969674913782	2806.0	0	588
SC_RS26125		SCO4792	LuxR C-terminal-related transcriptional regulator	Other regulatory	5213402	5214157	+	5213402.0	0	0	Shielded	0	0.0	0	0.0	1	0.5	0	0.0	0	0.0	0	0.0	2	3.3333333333333335	2	2.0	6	3.0	18	30.0	26	26.0	52	26.0	73.0	1.3865546218487397	30	50.0	73.1	1.3120407857249963	43	43.0	72.25	1.2452966104942103	75	37.5	444.79993996849686	505.0	3	756
SC_RS26210		SCO4810	helix-turn-helix domain-containing protein	HTH (other)	5237203	5238327	-	5238327.0	0	0	Shielded	0	0.0	0	0.0	0	0.0	0	0.0	0	0.0	0	0.0	2	3.3333333333333335	2	2.0	6	3.0	20	33.333333333333336	36	36.0	82	41.0	70.83333333333334	1.0498338870431894	21	35.0	73.8	1.0649861919031671	37	37.0	76.75	1.1114774492442294	88	44.0	155.89432524389656	572.0	5	1125
SC_RS26275		SCO4822	single stranded DNA-binding domain-containing protein	Other regulatory	5253098	5253685	-	5253685.0	0	0	Shielded	0	0.0	0	0.0	1	0.5	0	0.0	0	0.0	0	0.0	2	3.3333333333333335	4	4.0	8	4.0	22	36.66666666666667	30	30.0	68	34.0	69.0	1.108797866616763	23	38.333333333333336	68.5	1.1689818765145568	32	32.0	70.15	1.1217232269863848	60	30.0	1304.7421382985235	374.0	6	588
SC_RS26280		SCO4824	bifunctional methylenetetrahydrofolate dehydrogenase/methenyltetrahydrofolate cyclohydrolase	TetR	5253981	5254835	+	5253981.0	0	0	Shielded	1	1.6666666666666667	1	1.0	1	0.5	0	0.0	0	0.0	0	0.0	4	6.666666666666667	6	6.0	10	5.0	16	26.666666666666668	30	30.0	68	34.0	68.0	1.1535134095933863	11	18.333333333333336	69.89999999999999	1.1133851821530905	29	29.0	70.89999999999999	1.1299502463808768	69	34.5	1112.1958751232166	78.0	3	855
SC_RS26290		SCO4826	XRE family transcriptional regulator	XRE	5255754	5257154	+	5255754.0	0	0	Shielded	0	0.0	0	0.0	0	0.0	0	0.0	0	0.0	0	0.0	4	6.666666666666667	4	4.0	12	6.0	18	30.0	34	34.0	96	48.0	70.66666666666667	0.9532760472610096	22	36.66666666666667	72.5	1.0048415090892482	41	41.0	75.75	1.1154995171978652	84	42.0	1286.352813251047	407.0	5	1401
SC_RS26340	pdxR	SCO4836	MocR-like pyridoxine biosynthesis transcription factor PdxR	Other regulatory	5267682	5269070	+	5267682.0	0	0	Shielded	0	0.0	0	0.0	0	0.0	0	0.0	0	0.0	0	0.0	4	6.666666666666667	4	4.0	4	2.0	26	43.333333333333336	40	40.0	72	36.0	71.83333333333334	1.144492131616595	17	28.333333333333336	72.7	1.1717673007995588	27	27.0	73.45	1.1455654263861903	51	25.5	37.42337847233556	122.0	5	1389
SC_RS26410		SCO4850	TetR/AcrR family transcriptional regulator	TetR	5281448	5282203	-	5282203.0	0	0	Shielded	0	0.0	0	0.0	0	0.0	0	0.0	0	0.0	0	0.0	2	3.3333333333333335	6	6.0	6	3.0	22	36.66666666666667	42	42.0	68	34.0	74.16666666666667	1.0789186568068858	19	31.666666666666668	73.8	1.0655496766607877	39	39.0	71.55	1.0743446497636442	67	33.5	108.8117735261553	1098.0	2	756
SC_RS26480		SCO4864	RNA polymerase sigma factor	Sigma factor	5292481	5293098	+	5292481.0	0	0	Shielded	0	0.0	0	0.0	0	0.0	0	0.0	0	0.0	0	0.0	2	3.3333333333333335	2	2.0	6	3.0	28	46.66666666666667	42	42.0	90	45.0	75.66666666666667	1.1148272017837235	20	33.333333333333336	76.4	1.130847308031774	36	36.0	77.95	1.134139244524389	69	34.5	18.263976619501157	814.0	3	618
SC_RS26490		SCO4866	RNA polymerase sigma factor	Sigma factor	5294399	5295061	+	5294399.0	0	0	Shielded	0	0.0	0	0.0	0	0.0	0	0.0	0	0.0	0	0.0	4	6.666666666666667	12	12.0	18	9.0	14	23.333333333333336	36	36.0	96	48.0	72.16666666666667	1.3072453861927547	23	38.333333333333336	74.0	1.1701808660801136	43	43.0	76.6	1.18620120767554	95	47.5	91.2244569436346	315.0	4	663
SC_RS26515		SCO4871	TetR/AcrR family transcriptional regulator	TetR	5300705	5301355	+	5300705.0	0	0	Shielded	0	0.0	0	0.0	1	0.5	0	0.0	0	0.0	0	0.0	2	3.3333333333333335	2	2.0	10	5.0	18	30.0	28	28.0	76	38.0	69.5	1.1905860636825103	19	31.666666666666668	70.3	1.175879070974439	27	27.0	74.1	1.19885725946332	77	38.5	155.9524135583541	763.0	2	651
SC_RS26620		SCO4892	winged helix-turn-helix domain-containing protein	HTH (other)	5326010	5327032	+	5326010.0	0	0	Shielded	0	0.0	1	1.0	1	0.5	0	0.0	0	0.0	1	0.5	0	0.0	4	4.0	4	2.0	10	16.666666666666668	20	20.0	58	29.0	72.5	1.154236428209031	23	38.333333333333336	72.7	1.1505389366598038	35	35.0	74.0	1.1716654675402898	64	32.0	144.74298017852078	309.0	5	1023
SC_RS26635		SCO4895	sigma-70 family RNA polymerase sigma factor	Sigma factor	5328418	5329422	-	5329422.0	0	0	Shielded	0	0.0	0	0.0	1	0.5	0	0.0	1	1.0	1	0.5	2	3.3333333333333335	2	2.0	10	5.0	14	23.333333333333336	22	22.0	56	28.0	71.66666666666667	1.0796747967479674	6	10.0	73.8	1.0583488288341258	19	19.0	73.55000000000001	1.1100873638755369	50	25.0	1651.9432638339997	385.0	5	1005
SC_RS26645		SCO4897	LysR family transcriptional regulator	LysR	5330904	5331857	+	5330904.0	0	0	Shielded	0	0.0	0	0.0	0	0.0	0	0.0	0	0.0	0	0.0	2	3.3333333333333335	4	4.0	10	5.0	22	36.66666666666667	36	36.0	74	37.0	71.33333333333334	1.2074811331072952	14	23.333333333333336	73.0	1.1773940345368916	27	27.0	74.35000000000001	1.1437659310254678	64	32.0	88.41204053771	1094.0	3	954
SC_RS26650		SCO4898	TetR/AcrR family transcriptional regulator	TetR	5331991	5332572	-	5332572.0	0	0	Shielded	0	0.0	0	0.0	0	0.0	0	0.0	0	0.0	0	0.0	4	6.666666666666667	4	4.0	6	3.0	18	30.0	38	38.0	68	34.0	70.33333333333334	1.1521518129447643	22	36.66666666666667	72.1	1.1263867672699779	30	30.0	74.3	1.123218928050581	52	26.0	89.19621014049049	1511.0	1	582
SC_RS26690	afsQ2	SCO4906	two-component system sensor histidine kinase AfsQ2	Sensor kinase	5337921	5339528	-	5339528.0	0	0	Shielded	0	0.0	0	0.0	1	0.5	0	0.0	0	0.0	1	0.5	2	3.3333333333333335	2	2.0	4	2.0	20	33.333333333333336	30	30.0	56	28.0	71.33333333333334	1.0361335169519312	15	25.0	70.8	1.1495445727925153	28	28.0	70.8	1.0977868616868394	49	24.5	1137.9158775833102	519.0	3	1608
SC_RS26695	afsQ1	SCO4907	two-component system response regulator AfsQ1	Response regulator	5339525	5340202	-	5340202.0	0	0	Shielded	0	0.0	0	0.0	0	0.0	0	0.0	0	0.0	0	0.0	0	0.0	2	2.0	4	2.0	16	26.666666666666668	32	32.0	66	33.0	67.66666666666666	1.1087337093950593	17	28.333333333333336	69.6	1.107072042300066	24	24.0	70.15	1.0770562629805602	45	22.5	1004.0103782191536	1167.0	4	678
SC_RS26700		SCO4908	SigE family RNA polymerase sigma factor	Sigma factor	5340411	5341142	+	5340411.0	0	0	Shielded	0	0.0	0	0.0	0	0.0	0	0.0	0	0.0	0	0.0	0	0.0	0	0.0	4	2.0	16	26.666666666666668	30	30.0	64	32.0	70.0	1.011965811965812	11	18.333333333333336	69.1	1.1070296382025864	23	23.0	70.15	1.0588259249455316	51	25.5	2483.8850777204743	958.0	4	732
SC_RS26760		SCO4920	DeoR/GlpR family DNA-binding transcription regulator	DeoR	5354193	5355182	+	5354193.0	0	0	Shielded	0	0.0	0	0.0	0	0.0	0	0.0	0	0.0	0	0.0	4	6.666666666666667	10	10.0	10	5.0	14	23.333333333333336	32	32.0	72	36.0	66.66666666666666	1.2530193236714977	19	31.666666666666668	68.0	1.120190345522278	35	35.0	70.55	1.123055356933655	56	28.0	10219.93522957423	811.0	4	990
SC_RS26855	sigJ	SCO4938	RNA polymerase sigma factor SigJ	Sigma factor	5373018	5373932	+	5373018.0	0	1	Exposed	0	0.0	0	0.0	0	0.0	0	0.0	0	0.0	0	0.0	0	0.0	6	6.0	8	4.0	24	40.0	36	36.0	78	39.0	73.83333333333333	1.1251070074599487	18	30.0	73.7	1.1268228015908086	34	34.0	73.15	1.1325197630305182	69	34.5	35.54905241908583	40.0	2	915
SC_RS26865		SCO4940	TetR/AcrR family transcriptional regulator	TetR	5374860	5375462	+	5374860.0	0	0	Shielded	0	0.0	0	0.0	0	0.0	1	1.6666666666666667	1	1.0	1	0.5	4	6.666666666666667	6	6.0	10	5.0	28	46.66666666666667	48	48.0	100	50.0	69.16666666666667	1.145091467672113	17	28.333333333333336	71.39999999999999	1.1776898436027887	37	37.0	74.3	1.170262294547411	83	41.5	64.8967455857313	1046.0	2	603
SC_RS26875		SCO4942	TetR family transcriptional regulator	TetR	5375964	5376623	-	5376623.0	0	0	Shielded	0	0.0	0	0.0	1	0.5	0	0.0	0	0.0	0	0.0	2	3.3333333333333335	4	4.0	12	6.0	16	26.666666666666668	30	30.0	70	35.0	67.16666666666666	1.1398963730569949	11	18.333333333333336	67.30000000000001	1.1692798299229339	27	27.0	69.75	1.1444944874887815	63	31.5	79.14468305040242	717.0	2	660
SC_RS26885		SCO4944	helix-turn-helix domain-containing protein	HTH (other)	5377855	5378730	-	5378730.0	0	0	Shielded	0	0.0	0	0.0	1	0.5	0	0.0	0	0.0	0	0.0	2	3.3333333333333335	6	6.0	12	6.0	26	43.333333333333336	46	46.0	72	36.0	69.33333333333334	1.1058230683090706	22	36.66666666666667	70.8	1.0810810810810811	41	41.0	70.5	1.114194883181107	65	32.5	425.6960350680319	217.0	4	876
SC_RS26925		SCO4952	TetR/AcrR family transcriptional regulator	TetR	5389080	5389676	+	5389080.0	0	0	Shielded	0	0.0	0	0.0	0	0.0	0	0.0	0	0.0	0	0.0	0	0.0	2	2.0	2	1.0	14	23.333333333333336	20	20.0	58	29.0	70.16666666666667	1.152073732718894	13	21.666666666666668	70.0	1.2009803921568627	30	30.0	71.8	1.1756877094072478	57	28.5	144.4827386318619	1040.0	4	597
SC_RS26965		SCO4960	sigma factor-like helix-turn-helix DNA-binding protein	Sigma factor	5395316	5395822	-	5395822.0	0	0	Shielded	0	0.0	0	0.0	0	0.0	3	5.0	3	3.0	3	1.5	2	3.3333333333333335	2	2.0	4	2.0	32	53.333333333333336	42	42.0	74	37.0	74.33333333333333	1.1087420042643923	30	50.0	75.1	1.103988603988604	38	38.0	73.75	1.095241782920866	69	34.5	154.97663297976044	94.0	5	507
SC_RS26970		SCO4961	MarR family winged helix-turn-helix transcriptional regulator	MarR	5396005	5396511	-	5396511.0	0	0	Shielded	0	0.0	0	0.0	0	0.0	0	0.0	0	0.0	3	1.5	0	0.0	0	0.0	2	1.0	16	26.666666666666668	24	24.0	70	35.0	69.33333333333334	1.1091611091611093	12	20.0	71.5	1.1282051282051282	25	25.0	73.15	1.1431330901188783	61	30.5	193.8143000563026	540.0	5	507
SC_RS26990	greA	SCO4965	transcription elongation factor GreA	Other regulatory	5400027	5400524	-	5400524.0	0	0	Shielded	0	0.0	0	0.0	0	0.0	0	0.0	0	0.0	1	0.5	0	0.0	2	2.0	4	2.0	10	16.666666666666668	14	14.0	40	20.0	65.33333333333333	0.9377197780729859	18	30.0	66.60000000000001	1.0911911117523987	38	38.0	67.9	1.1154877003374675	66	33.0	892.5610154429507	965.0	1	498
SC_RS27010		SCO4969	tetratricopeptide repeat protein	TetR	5402381	5405644	-	5405644.0	0	0	Shielded	0	0.0	0	0.0	0	0.0	0	0.0	0	0.0	0	0.0	4	6.666666666666667	6	6.0	10	5.0	28	46.66666666666667	48	48.0	100	50.0	73.33333333333333	1.0267968945654895	22	36.66666666666667	72.8	1.0676672233788616	36	36.0	74.2	1.0992977319655626	83	41.5	1077.2658385069474	853.0	1	3264
SC_RS27045		SCO4977	acyl-CoA-like ligand-binding transcription factor	Other regulatory	5414535	5415242	-	5415242.0	0	0	Shielded	0	0.0	0	0.0	0	0.0	0	0.0	0	0.0	0	0.0	2	3.3333333333333335	4	4.0	8	4.0	10	16.666666666666668	26	26.0	68	34.0	71.33333333333334	1.1817226890756303	14	23.333333333333336	71.89999999999999	1.1323622938867948	37	37.0	71.35000000000001	1.1342557037702188	70	35.0	112.94886485743932	1725.0	1	708
SC_RS27105		SCO4989	IclR family transcriptional regulator	IclR	5428166	5428930	+	5428166.0	0	1	Exposed	0	0.0	0	0.0	1	0.5	1	1.6666666666666667	2	2.0	2	1.0	0	0.0	0	0.0	8	4.0	8	13.333333333333334	18	18.0	58	29.0	74.83333333333333	1.1976787257686135	23	38.333333333333336	74.1	1.206254653760238	29	29.0	73.7	1.1853134025079726	73	36.5	277.78271979600527	197.0	6	765
SC_RS27140		SCO4996	SigE family RNA polymerase sigma factor	Sigma factor	5435560	5436069	-	5436069.0	0	0	Shielded	0	0.0	0	0.0	0	0.0	0	0.0	0	0.0	0	0.0	0	0.0	2	2.0	6	3.0	18	30.0	32	32.0	78	39.0	70.33333333333334	1.1005434782608696	11	18.333333333333336	70.5	1.122833093687901	22	22.0	71.85000000000001	1.104788190783353	64	32.0	189.7941741739721	285.0	3	510
SC_RS27150		SCO4998	helix-turn-helix domain-containing protein	HTH (other)	5436371	5437222	-	5437222.0	0	0	Shielded	0	0.0	0	0.0	0	0.0	0	0.0	0	0.0	1	0.5	0	0.0	0	0.0	2	1.0	16	26.666666666666668	22	22.0	48	24.0	69.0	1.0759115361625822	18	30.0	68.89999999999999	1.1262990836021094	36	36.0	69.39999999999999	1.091769020012293	68	34.0	68.51708180865921	738.0	3	852
SC_RS27250		SCO5017	AraC-like ligand-binding domain-containing protein	AraC	5452583	5453623	+	5452583.0	0	0	Shielded	1	1.6666666666666667	1	1.0	2	1.0	0	0.0	0	0.0	2	1.0	2	3.3333333333333335	2	2.0	6	3.0	26	43.333333333333336	40	40.0	70	35.0	70.16666666666667	1.0627185612425634	18	30.0	71.5	1.0861865407319953	26	26.0	71.25	1.1272520145148635	43	21.5	60.351448630402096	134.0	3	1041
SC_RS27290		SCO5025	MerR family transcriptional regulator	MerR	5458994	5459911	+	5458994.0	0	0	Shielded	1	1.6666666666666667	1	1.0	1	0.5	0	0.0	0	0.0	0	0.0	4	6.666666666666667	4	4.0	6	3.0	24	40.0	36	36.0	58	29.0	71.83333333333334	1.1407829919626653	10	16.666666666666668	73.4	1.1594633765654614	17	17.0	73.1	1.1233094193239175	47	23.5	117.49385935561877	96.0	1	918
SC_RS27300		SCO5027	winged helix DNA-binding domain-containing protein	HTH (other)	5460757	5461950	-	5461950.0	0	1	Exposed	0	0.0	0	0.0	1	0.5	1	1.6666666666666667	2	2.0	2	1.0	0	0.0	6	6.0	8	4.0	8	13.333333333333334	44	44.0	88	44.0	69.16666666666667	1.2682926829268293	23	38.333333333333336	73.1	1.2428870919436956	43	43.0	73.55000000000001	1.1648331330313395	80	40.0	112.75098391242147	104.0	2	1194
SC_RS27330		SCO5033	LysR substrate-binding domain-containing protein	LysR	5468567	5469505	+	5468567.0	0	0	Shielded	0	0.0	0	0.0	0	0.0	1	1.6666666666666667	1	1.0	1	0.5	4	6.666666666666667	6	6.0	8	4.0	8	13.333333333333334	18	18.0	50	25.0	63.5	1.0613598673300166	19	31.666666666666668	66.2	1.114358786993058	26	26.0	69.05	1.1041837227365283	51	25.5	161.5147699576052	40.0	4	939
SC_RS27345		SCO5036	PadR family transcriptional regulator	PadR	5472658	5473182	-	5473182.0	0	0	Shielded	0	0.0	0	0.0	0	0.0	1	1.6666666666666667	1	1.0	1	0.5	6	10.0	6	6.0	10	5.0	24	40.0	26	26.0	48	24.0	72.5	1.1713776419658772	22	36.66666666666667	72.0	1.1672152578378505	33	33.0	71.85000000000001	1.1792269856785986	57	28.5	419.634096736984	262.0	3	525
SC_RS27395		SCO5046	WhiB family transcriptional regulator	WhiB	5486443	5486820	+	5486443.0	0	0	Shielded	0	0.0	0	0.0	0	0.0	0	0.0	0	0.0	0	0.0	2	3.3333333333333335	6	6.0	10	5.0	16	26.666666666666668	24	24.0	62	31.0	71.33333333333334	1.1283127787982157	20	33.333333333333336	72.0	1.1734189723320159	27	27.0	72.15	1.1955679140425237	49	24.5	317.87799630229074	548.0	4	378
SC_RS27485		SCO5065	helix-turn-helix transcriptional regulator	HTH (other)	5504937	5507768	-	5507768.0	0	0	Shielded	0	0.0	0	0.0	1	0.5	0	0.0	0	0.0	0	0.0	4	6.666666666666667	8	8.0	12	6.0	26	43.333333333333336	42	42.0	88	44.0	74.0	1.1863266678896838	25	41.66666666666667	72.89999999999999	1.1006407840180927	33	33.0	72.7	1.1043475620863439	75	37.5	258.2732117853775	2376.0	0	2832
SC_RS27500		SCO5068	TetR/AcrR family transcriptional regulator	TetR	5510516	5511115	-	5511115.0	0	0	Shielded	0	0.0	0	0.0	0	0.0	0	0.0	0	0.0	0	0.0	4	6.666666666666667	10	10.0	10	5.0	24	40.0	38	38.0	76	38.0	72.0	1.1583011583011582	23	38.333333333333336	73.3	1.1634671320535195	39	39.0	74.4	1.1387318864810836	73	36.5	90.64435215021189	2026.0	0	600
SC_RS27570	actII	SCO5082	TetR family transcriptional regulator ActII	TetR	5523183	5523962	-	5523962.0	0	0	Shielded	0	0.0	0	0.0	2	1.0	0	0.0	0	0.0	0	0.0	2	3.3333333333333335	4	4.0	14	7.0	24	40.0	36	36.0	68	34.0	69.5	1.228546450098928	20	33.333333333333336	70.5	1.1845286059629332	36	36.0	71.15	1.1576680693020407	77	38.5	1530.5710523418986	609.0	2	780
SC_RS27585		SCO5085	AfsR/SARP family transcriptional regulator	SARP	5528094	5528861	+	5528094.0	0	0	Shielded	0	0.0	0	0.0	0	0.0	0	0.0	0	0.0	0	0.0	2	3.3333333333333335	4	4.0	8	4.0	12	20.0	32	32.0	64	32.0	59.833333333333336	1.0062111801242237	10	16.666666666666668	63.800000000000004	1.1216056670602126	28	28.0	66.0	1.1616401624459642	71	35.5	2568.5231577665613	777.0	2	768
SC_RS27635		SCO5095	helix-turn-helix domain-containing protein	HTH (other)	5536422	5536994	+	5536422.0	0	0	Shielded	0	0.0	0	0.0	0	0.0	0	0.0	0	0.0	0	0.0	2	3.3333333333333335	2	2.0	4	2.0	22	36.66666666666667	32	32.0	88	44.0	74.66666666666667	1.2325488631830874	11	18.333333333333336	74.4	1.1996386630532971	25	25.0	76.8	1.173517840184507	63	31.5	41.50192219626129	813.0	4	573
SC_RS27640		SCO5096	LysR family transcriptional regulator	LysR	5537246	5538175	-	5538175.0	0	0	Shielded	0	0.0	0	0.0	1	0.5	0	0.0	0	0.0	1	0.5	0	0.0	0	0.0	2	1.0	18	30.0	28	28.0	72	36.0	73.5	1.1396011396011396	22	36.66666666666667	73.7	1.1843955881264343	46	46.0	74.9	1.1570602099850011	74	37.0	63.2870581933309	523.0	4	930
SC_RS27660		SCO5100	GntR family transcriptional regulator	GntR	5541010	5541762	+	5541010.0	0	0	Shielded	0	0.0	0	0.0	0	0.0	0	0.0	1	1.0	1	0.5	6	10.0	8	8.0	8	4.0	18	30.0	38	38.0	78	39.0	70.0	1.0886575491596924	20	33.333333333333336	72.6	1.0736476608187133	32	32.0	73.15	1.1303748951970296	71	35.5	558.8742952774608	381.0	4	753
SC_RS27785		SCO5125	helix-turn-helix domain-containing protein	HTH (other)	5572261	5573124	-	5573124.0	0	0	Shielded	0	0.0	0	0.0	0	0.0	0	0.0	0	0.0	0	0.0	2	3.3333333333333335	2	2.0	4	2.0	24	40.0	36	36.0	66	33.0	72.33333333333334	1.0781787871571153	24	40.0	72.0	1.1594338227855983	45	45.0	71.15	1.1859149790184274	74	37.0	440.7128864041592	138.0	4	864
SC_RS27815		SCO5131	sensor histidine kinase	Sensor kinase	5578902	5580068	+	5578902.0	0	0	Shielded	0	0.0	0	0.0	0	0.0	0	0.0	0	0.0	2	1.0	0	0.0	2	2.0	6	3.0	10	16.666666666666668	32	32.0	64	32.0	70.83333333333334	1.1087363077745125	14	23.333333333333336	72.3	1.1074197120708749	32	32.0	72.25	1.1250420440970088	62	31.0	78.80983821373817	968.0	6	1167
SC_RS27820		SCO5132	response regulator transcription factor	Response regulator	5580065	5580679	+	5580065.0	0	0	Shielded	0	0.0	0	0.0	0	0.0	0	0.0	0	0.0	0	0.0	2	3.3333333333333335	4	4.0	8	4.0	28	46.66666666666667	42	42.0	76	38.0	75.0	1.0573419927134484	14	23.333333333333336	75.5	1.0952441130628923	24	24.0	75.1	1.0803958570420202	55	27.5	149.26317514296971	1202.0	1	615
SC_RS27900	sigE	SCO5147	RNA polymerase sigma factor SigE	Sigma factor	5593690	5594361	+	5593690.0	0	0	Shielded	0	0.0	0	0.0	0	0.0	0	0.0	0	0.0	1	0.5	0	0.0	2	2.0	6	3.0	10	16.666666666666668	22	22.0	66	33.0	66.83333333333333	1.0466507177033493	11	18.333333333333336	69.8	1.1186418372047116	22	22.0	71.2	1.1285991361875842	58	29.0	4235.681163097085	617.0	1	672
SC_RS27905		SCO5148	anti-sigma factor family protein	Sigma factor	5594358	5595347	+	5594358.0	0	0	Shielded	0	0.0	0	0.0	0	0.0	0	0.0	0	0.0	0	0.0	2	3.3333333333333335	2	2.0	4	2.0	12	20.0	24	24.0	62	31.0	73.83333333333333	1.1251070074599487	20	33.333333333333336	73.0	1.1722184233662207	24	24.0	72.8	1.1049305634389073	57	28.5	1758.8926774775812	1285.0	3	990
SC_RS28015		SCO5170	TetR/AcrR family transcriptional regulator	TetR	5617213	5617854	-	5617854.0	0	0	Shielded	0	0.0	0	0.0	1	0.5	0	0.0	0	0.0	0	0.0	2	3.3333333333333335	2	2.0	8	4.0	20	33.333333333333336	30	30.0	56	28.0	69.33333333333334	1.2083333333333333	16	26.666666666666668	69.69999999999999	1.2683039317421885	37	37.0	70.7	1.2507817385866167	68	34.0	1012.32965739471	886.0	2	642
SC_RS28115		SCO5190	WhiB family transcriptional regulator	WhiB	5647747	5648115	+	5647747.0	0	0	Shielded	0	0.0	0	0.0	0	0.0	0	0.0	0	0.0	0	0.0	2	3.3333333333333335	2	2.0	2	1.0	24	40.0	36	36.0	62	31.0	68.16666666666666	1.0311274628455245	14	23.333333333333336	68.0	1.0813091753039534	23	23.0	67.80000000000001	1.087728111655946	57	28.5	217.2264588342524	1130.0	3	369
SC_RS28200		SCO5205	tetratricopeptide repeat protein	TetR	5664867	5666699	+	5664867.0	0	0	Shielded	0	0.0	0	0.0	0	0.0	0	0.0	0	0.0	0	0.0	2	3.3333333333333335	6	6.0	8	4.0	16	26.666666666666668	40	40.0	66	33.0	65.16666666666666	1.1235955056179776	15	25.0	68.2	1.2085635359116023	32	32.0	70.85000000000001	1.1952063829617134	66	33.0	747.4013112309553	2583.0	0	1833
SC_RS28210		SCO5206	Fur family transcriptional regulator	Other regulatory	5666944	5667360	-	5667360.0	0	0	Shielded	1	1.6666666666666667	1	1.0	1	0.5	0	0.0	0	0.0	0	0.0	6	10.0	8	8.0	14	7.0	22	36.66666666666667	30	30.0	54	27.0	70.66666666666667	1.1501682901277224	25	41.66666666666667	71.1	1.1965324331605889	36	36.0	71.75	1.1449345498754735	69	34.5	463.236361330407	894.0	1	417
SC_RS28225		SCO5209	TetR/AcrR family transcriptional regulator	TetR	5669080	5669691	+	5669080.0	0	0	Shielded	0	0.0	0	0.0	0	0.0	0	0.0	0	0.0	0	0.0	2	3.3333333333333335	4	4.0	8	4.0	18	30.0	34	34.0	56	28.0	73.16666666666667	1.141352063213345	18	30.0	74.7	1.1141300441339255	22	22.0	72.75	1.1273871856178688	53	26.5	134.69815063310014	826.0	1	612
SC_RS28260	sigR	SCO5216	RNA polymerase sigma factor SigR	Sigma factor	5675219	5675902	+	5675219.0	0	0	Shielded	0	0.0	0	0.0	0	0.0	0	0.0	0	0.0	0	0.0	2	3.3333333333333335	4	4.0	12	6.0	14	23.333333333333336	18	18.0	58	29.0	67.5	1.1852502194907812	20	33.333333333333336	68.7	1.169590643274854	34	34.0	69.89999999999999	1.12649516631165	70	35.0	3873.605568838389	2156.0	0	684
SC_RS28265	rsrA	SCO5217	mycothiol system anti-sigma-R factor	Anti-sigma	5675899	5676216	+	5675899.0	0	0	Shielded	0	0.0	0	0.0	0	0.0	0	0.0	0	0.0	0	0.0	2	3.3333333333333335	2	2.0	8	4.0	16	26.666666666666668	18	18.0	50	25.0	66.16666666666666	1.2113467927421415	22	36.66666666666667	67.0	1.1410640422193696	37	37.0	70.39999999999999	1.1381638027586345	78	39.0	855.3984475248647	1476.0	1	318
SC_RS28280		SCO5220	tetratricopeptide repeat protein	TetR	5679047	5680027	+	5679047.0	0	0	Shielded	0	0.0	0	0.0	0	0.0	0	0.0	0	0.0	0	0.0	0	0.0	2	2.0	6	3.0	18	30.0	38	38.0	88	44.0	71.33333333333334	1.1434329273635326	20	33.333333333333336	74.3	1.096825742718094	38	38.0	74.5	1.085670590951062	69	34.5	1375.600037905608	1402.0	2	981
SC_RS28300		SCO5224	GlxA family transcriptional regulator	Other regulatory	5683497	5684465	-	5684465.0	0	0	Shielded	0	0.0	0	0.0	0	0.0	0	0.0	0	0.0	0	0.0	0	0.0	2	2.0	2	1.0	24	40.0	42	42.0	80	40.0	69.5	1.1190421367718166	24	40.0	70.7	1.1213276519398967	38	38.0	70.45	1.0840698157081312	73	36.5	1044.0891267204977	1251.0	1	969
SC_RS28335		SCO5231	GntR family transcriptional regulator	GntR	5691072	5691836	-	5691836.0	0	0	Shielded	0	0.0	0	0.0	0	0.0	0	0.0	0	0.0	0	0.0	0	0.0	2	2.0	4	2.0	20	33.333333333333336	30	30.0	54	27.0	68.0	1.052580986253965	15	25.0	67.9	1.0080119571073531	37	37.0	66.9	1.073345259391771	54	27.0	158.77953283578736	1358.0	2	765
SC_RS28370		SCO5238	TetR/AcrR family transcriptional regulator	TetR	5699058	5699702	+	5699058.0	0	0	Shielded	0	0.0	0	0.0	0	0.0	0	0.0	0	0.0	0	0.0	0	0.0	2	2.0	6	3.0	10	16.666666666666668	18	18.0	56	28.0	71.0	1.2470978441127696	13	21.666666666666668	70.89999999999999	1.2291483757682178	27	27.0	70.25	1.1404128213245024	55	27.5	249.7303356498104	1061.0	2	645
SC_RS28375		SCO5239	PAS domain-containing sensor histidine kinase	Sensor kinase	5700131	5701606	+	5700131.0	0	0	Shielded	0	0.0	0	0.0	0	0.0	0	0.0	0	0.0	0	0.0	4	6.666666666666667	8	8.0	10	5.0	16	26.666666666666668	26	26.0	54	27.0	71.33333333333334	1.0460805084745763	19	31.666666666666668	70.1	1.0462303014451058	30	30.0	71.6	1.1173468092130323	59	29.5	370.5914843554989	2134.0	0	1476
SC_RS28380		SCO5240	WhiB family transcriptional regulator	WhiB	5701855	5702112	-	5702112.0	0	0	Shielded	0	0.0	0	0.0	0	0.0	0	0.0	0	0.0	0	0.0	0	0.0	0	0.0	4	2.0	14	23.333333333333336	22	22.0	58	29.0	62.16666666666667	0.971884762235335	14	23.333333333333336	63.9	1.0455917457436525	26	26.0	67.95	1.124961994527212	52	26.0	1868.1208386395488	4115.0	0	258
SC_RS28395		SCO5243	RNA polymerase sigma factor SigF	Sigma factor	5704007	5705071	-	5705071.0	0	0	Shielded	0	0.0	0	0.0	0	0.0	0	0.0	0	0.0	0	0.0	2	3.3333333333333335	6	6.0	8	4.0	24	40.0	32	32.0	58	29.0	73.66666666666667	1.2305168170631666	24	40.0	72.3	1.1937557392102847	38	38.0	70.3	1.1614542864542865	66	33.0	1614.0673783142038	3247.0	0	1065
SC_RS28495			helix-turn-helix domain-containing protein	HTH (other)	5722789	5722998	+	5722789.0	0	0	Shielded	0	0.0	0	0.0	0	0.0	0	0.0	0	0.0	0	0.0	4	6.666666666666667	4	4.0	6	3.0	16	26.666666666666668	32	32.0	76	38.0	67.16666666666666	1.0869565217391306	22	36.66666666666667	69.19999999999999	1.1318381890588975	29	29.0	71.7	1.1105742253257684	51	25.5	49.68143549983456	1048.0	6	210
SC_RS28505		SCO5264	PadR family transcriptional regulator	PadR	5723633	5724715	-	5724715.0	0	0	Shielded	0	0.0	0	0.0	0	0.0	0	0.0	0	0.0	1	0.5	4	6.666666666666667	8	8.0	8	4.0	20	33.333333333333336	36	36.0	68	34.0	73.5	1.0010711048858862	12	20.0	73.6	1.011757060144157	22	22.0	72.8	1.0388962765957446	58	29.0	337.82450479984504	515.0	4	1083
SC_RS28560	fxsT	SCO5275	FxSxx-COOH system tetratricopeptide repeat protein	TetR	5738498	5741521	+	5738498.0	0	0	Shielded	0	0.0	0	0.0	0	0.0	0	0.0	0	0.0	0	0.0	0	0.0	0	0.0	0	0.0	16	26.666666666666668	34	34.0	64	32.0	70.83333333333334	1.1697979439914923	17	28.333333333333336	74.0	1.1555536052541122	33	33.0	73.85000000000001	1.1560693641618496	74	37.0	1177.6011274997184	1485.0	2	3024
SC_RS28585	fxsT	SCO5280	FxSxx-COOH system tetratricopeptide repeat protein	TetR	5746301	5749747	+	5746301.0	0	0	Shielded	0	0.0	0	0.0	0	0.0	0	0.0	0	0.0	0	0.0	0	0.0	0	0.0	4	2.0	24	40.0	48	48.0	104	52.0	74.0	1.0960461151254364	24	40.0	74.6	1.1071728987080587	36	36.0	75.05	1.0723479804704839	58	29.0	262.0829414419014	333.0	1	3447
SC_RS28595		SCO5282	sensor histidine kinase	Sensor kinase	5753949	5755076	-	5755076.0	0	0	Shielded	0	0.0	0	0.0	0	0.0	0	0.0	0	0.0	0	0.0	0	0.0	2	2.0	4	2.0	16	26.666666666666668	24	24.0	62	31.0	70.5	1.140123401591702	22	36.66666666666667	71.7	1.1593887142456971	39	39.0	70.95	1.1641119772422068	78	39.0	311.5535820479166	1596.0	7	1128
SC_RS28600		SCO5283	response regulator transcription factor	Response regulator	5755073	5755807	-	5755807.0	0	0	Shielded	0	0.0	0	0.0	0	0.0	0	0.0	0	0.0	0	0.0	2	3.3333333333333335	2	2.0	4	2.0	24	40.0	30	30.0	56	28.0	68.66666666666667	1.1313550333514035	27	45.0	70.3	1.1898980087421078	38	38.0	70.25	1.1591524407048943	69	34.5	556.448795446816	2327.0	0	735
SC_RS28620		SCO5287	MarR family winged helix-turn-helix transcriptional regulator	MarR	5760383	5760877	+	5760383.0	0	0	Shielded	0	0.0	0	0.0	0	0.0	0	0.0	0	0.0	0	0.0	0	0.0	2	2.0	6	3.0	18	30.0	44	44.0	72	36.0	69.83333333333334	1.094941094941095	23	38.333333333333336	72.6	1.105583195135434	41	41.0	72.2	1.1111217908668864	90	45.0	94.95503612395504	1670.0	1	495
SC_RS28630		SCO5289	sensor histidine kinase	Sensor kinase	5762143	5765139	+	5762143.0	0	1	Exposed	1	1.6666666666666667	1	1.0	1	0.5	0	0.0	0	0.0	0	0.0	2	3.3333333333333335	4	4.0	6	3.0	34	56.66666666666667	44	44.0	64	32.0	75.33333333333333	1.0160080335518933	26	43.333333333333336	73.6	1.0835040223231514	41	41.0	74.0	1.1417885458847123	77	38.5	2509.052651588533	90.0	2	2997
SC_RS28665		SCO5296	TetR/AcrR family transcriptional regulator	TetR	5769695	5770348	-	5770348.0	0	0	Shielded	0	0.0	0	0.0	0	0.0	0	0.0	0	0.0	0	0.0	0	0.0	2	2.0	4	2.0	18	30.0	34	34.0	66	33.0	73.16666666666667	1.0585305105853051	19	31.666666666666668	71.7	1.0844125448587922	32	32.0	71.85000000000001	1.0811648679545058	59	29.5	63.59903271996551	1085.0	3	654
SC_RS28795		SCO5323	Lrp/AsnC family transcriptional regulator	Lrp	5794528	5795022	-	5795022.0	0	0	Shielded	0	0.0	0	0.0	0	0.0	0	0.0	0	0.0	0	0.0	4	6.666666666666667	4	4.0	10	5.0	22	36.66666666666667	32	32.0	70	35.0	70.5	1.167949298325034	18	30.0	70.7	1.1783125918034638	26	26.0	72.85000000000001	1.1574118139765093	62	31.0	84.01965660496055	2003.0	0	495
SC_RS28860		SCO5337	XRE family transcriptional regulator	XRE	5809921	5810652	-	5810652.0	0	0	Shielded	0	0.0	0	0.0	1	0.5	0	0.0	0	0.0	0	0.0	0	0.0	4	4.0	6	3.0	4	6.666666666666667	18	18.0	58	29.0	63.83333333333333	1.1947626841243861	8	13.333333333333334	66.2	1.2232415902140672	26	26.0	67.95	1.1828166634171704	47	23.5	94.16255244378608	628.0	1	732
SC_RS28935		SCO5351	response regulator	Response regulator	5818975	5819478	+	5818975.0	0	0	Shielded	0	0.0	0	0.0	0	0.0	0	0.0	0	0.0	0	0.0	0	0.0	2	2.0	4	2.0	24	40.0	44	44.0	86	43.0	68.83333333333333	1.1603226262912127	36	60.0	70.19999999999999	1.1167992695969742	45	45.0	70.45	1.0807759003105215	73	36.5	1757.2448575698331	1622.0	1	504
SC_RS28965	rho	SCO5357	transcription termination factor Rho	Other regulatory	5826214	5828298	+	5826214.0	0	0	Shielded	0	0.0	0	0.0	2	1.0	0	0.0	0	0.0	0	0.0	4	6.666666666666667	6	6.0	14	7.0	24	40.0	40	40.0	74	37.0	71.33333333333334	0.9978991596638656	34	56.66666666666667	70.89999999999999	1.0053619302949062	47	47.0	72.65	1.135000531438376	83	41.5	6088.911129350067	647.0	3	2085
SC_RS29065		SCO5377	response regulator	Response regulator	5847229	5847870	-	5847870.0	0	0	Shielded	0	0.0	1	1.0	1	0.5	0	0.0	0	0.0	1	0.5	0	0.0	4	4.0	6	3.0	28	46.66666666666667	48	48.0	72	36.0	75.16666666666667	1.0900473933649288	22	36.66666666666667	75.3	1.1167656205824146	37	37.0	72.75	1.096027090766161	63	31.5	62.441006863222725	354.0	3	642
SC_RS29070		SCO5378	sensor histidine kinase	Sensor kinase	5847867	5849063	-	5849063.0	0	0	Shielded	0	0.0	0	0.0	0	0.0	0	0.0	0	0.0	0	0.0	2	3.3333333333333335	2	2.0	8	4.0	22	36.66666666666667	32	32.0	70	35.0	71.83333333333334	1.1118293471234648	15	25.0	73.3	1.1246331908301432	25	25.0	74.0	1.1024045971370444	61	30.5	88.69410492759735	571.0	3	1197
SC_RS29100		SCO5384	TetR/AcrR family transcriptional regulator	TetR	5852346	5852987	+	5852346.0	0	0	Shielded	0	0.0	0	0.0	0	0.0	0	0.0	0	0.0	0	0.0	4	6.666666666666667	4	4.0	6	3.0	24	40.0	40	40.0	66	33.0	70.16666666666667	1.127870634597092	18	30.0	71.2	1.065240034087681	24	24.0	71.3	1.1265519631940504	51	25.5	112.73847352612628	2307.0	0	642
SC_RS29195		SCO5403	response regulator transcription factor	Response regulator	5875298	5875966	+	5875298.0	0	0	Shielded	0	0.0	0	0.0	0	0.0	0	0.0	0	0.0	0	0.0	0	0.0	0	0.0	10	5.0	12	20.0	26	26.0	76	38.0	69.66666666666667	1.2922442433268417	9	15.0	72.8	1.2915798060364363	19	19.0	74.4	1.2647432932469935	72	36.0	66.29274441009521	2442.0	0	669
SC_RS29200		SCO5404	sensor histidine kinase	Sensor kinase	5875963	5877399	+	5875963.0	0	0	Shielded	0	0.0	0	0.0	0	0.0	0	0.0	0	0.0	0	0.0	4	6.666666666666667	4	4.0	4	2.0	24	40.0	40	40.0	66	33.0	74.5	1.16525847915749	24	40.0	74.0	1.1982698152910918	32	32.0	73.1	1.2131083092302941	66	33.0	114.36957027681036	2432.0	0	1437
SC_RS29205		SCO5405	MarR family winged helix-turn-helix transcriptional regulator	MarR	5877408	5877884	-	5877884.0	0	0	Shielded	0	0.0	0	0.0	0	0.0	0	0.0	0	0.0	1	0.5	0	0.0	0	0.0	8	4.0	14	23.333333333333336	28	28.0	60	30.0	66.33333333333333	0.9890444309190506	10	16.666666666666668	67.4	1.005069429138197	19	19.0	69.65	1.105027048423275	66	33.0	1210.459937073372	511.0	1	477
SC_RS29245		SCO5413	MarR family winged helix-turn-helix transcriptional regulator	MarR	5882733	5883242	+	5882733.0	0	0	Shielded	0	0.0	0	0.0	0	0.0	0	0.0	0	0.0	0	0.0	0	0.0	0	0.0	0	0.0	12	20.0	20	20.0	40	20.0	67.5	1.0827683753597035	19	31.666666666666668	68.60000000000001	1.1222199551112018	28	28.0	68.5	1.1597762314094693	54	27.0	63.32906789118191	4219.0	0	510
SC_RS29260		SCO5416	GlxA family transcriptional regulator	Other regulatory	5885486	5886499	-	5886499.0	0	0	Shielded	0	0.0	0	0.0	0	0.0	0	0.0	1	1.0	1	0.5	0	0.0	0	0.0	8	4.0	20	33.333333333333336	50	50.0	100	50.0	74.83333333333333	1.1547619047619047	35	58.333333333333336	75.4	1.0976021614319487	45	45.0	75.94999999999999	1.1479423739864467	84	42.0	803.1898851036234	453.0	2	1014
SC_RS29270		SCO5418	TetR/AcrR family transcriptional regulator	TetR	5887579	5888283	-	5888283.0	0	0	Shielded	0	0.0	0	0.0	1	0.5	1	1.6666666666666667	1	1.0	1	0.5	2	3.3333333333333335	4	4.0	6	3.0	16	26.666666666666668	30	30.0	78	39.0	71.83333333333334	1.1757105943152455	24	40.0	72.8	1.2075927393486545	45	45.0	74.25	1.150961070647951	89	44.5	56.601972443372	1327.0	2	705
SC_RS29275		SCO5419	tetratricopeptide repeat protein	TetR	5888566	5889543	+	5888566.0	0	0	Shielded	0	0.0	0	0.0	1	0.5	1	1.6666666666666667	1	1.0	1	0.5	2	3.3333333333333335	4	4.0	8	4.0	22	36.66666666666667	36	36.0	68	34.0	70.66666666666667	1.1635423400129283	28	46.66666666666667	71.39999999999999	1.153628829733802	52	52.0	74.15	1.1715225427132754	93	46.5	3298.290050197504	1610.0	3	978
SC_RS29315		SCO5427	helix-turn-helix domain-containing protein	HTH (other)	5898979	5899692	-	5899692.0	0	0	Shielded	0	0.0	0	0.0	0	0.0	0	0.0	0	0.0	0	0.0	2	3.3333333333333335	2	2.0	4	2.0	20	33.333333333333336	20	20.0	54	27.0	72.66666666666667	1.099873577749684	17	28.333333333333336	71.0	1.0881306392171815	18	18.0	71.65	1.0986442262739597	40	20.0	214.717276305488	2698.0	0	714
SC_RS29335			Scr1 family TA system antitoxin-like transcriptional regulator	Other regulatory	5903109	5903358	-	5903358.0	0	0	Shielded	0	0.0	0	0.0	0	0.0	1	1.6666666666666667	1	1.0	2	1.0	4	6.666666666666667	4	4.0	6	3.0	34	56.66666666666667	48	48.0	80	40.0	70.83333333333334	1.0675675675675675	22	36.66666666666667	70.8	1.0569033538528565	31	31.0	70.15	1.0969249401584629	60	30.0	21.013013412063714	118.0	5	250
SC_RS29350	tcrA	SCO5433	AfsR-like transcriptional regulator TcrA	Other regulatory	5905174	5907459	+	5905174.0	0	1	Exposed	0	0.0	0	0.0	0	0.0	0	0.0	0	0.0	0	0.0	2	3.3333333333333335	2	2.0	2	1.0	28	46.66666666666667	46	46.0	78	39.0	76.66666666666667	1.2202753441802252	15	25.0	73.7	1.2157828000298352	28	28.0	72.75	1.1854578783712642	53	26.5	110.759079609376	166.0	4	2286
SC_RS29355		SCO5434	response regulator	Response regulator	5907344	5908036	-	5908036.0	0	1	Exposed	0	0.0	0	0.0	0	0.0	0	0.0	0	0.0	0	0.0	4	6.666666666666667	4	4.0	4	2.0	38	63.333333333333336	46	46.0	82	41.0	77.33333333333333	1.1200716845878136	32	53.333333333333336	76.3	1.0476978218913702	35	35.0	75.55	1.073275785980335	65	32.5	67.7992181904013	76.0	2	693
SC_RS29360		SCO5435	sensor histidine kinase	Sensor kinase	5908033	5909691	-	5909691.0	0	0	Shielded	0	0.0	0	0.0	0	0.0	0	0.0	0	0.0	0	0.0	0	0.0	0	0.0	4	2.0	14	23.333333333333336	22	22.0	46	23.0	69.16666666666667	1.1528728090730154	14	23.333333333333336	68.5	1.1378608216552881	23	23.0	69.85	1.1258045156350243	46	23.0	154.707858335142	1251.0	6	1659
SC_RS29370		SCO5437	MerR family transcriptional regulator	MerR	5911410	5911808	+	5911410.0	0	0	Shielded	1	1.6666666666666667	2	2.0	3	1.5	0	0.0	1	1.0	1	0.5	2	3.3333333333333335	4	4.0	10	5.0	26	43.333333333333336	38	38.0	74	37.0	73.83333333333333	1.064610866372981	20	33.333333333333336	73.1	1.085426834745636	34	34.0	69.19999999999999	1.1527281232249658	69	34.5	65.81845211106355	288.0	5	399
SC_RS29455		SCO5454	sensor histidine kinase	Sensor kinase	5939350	5940603	+	5939350.0	0	0	Shielded	0	0.0	0	0.0	0	0.0	0	0.0	0	0.0	0	0.0	2	3.3333333333333335	4	4.0	4	2.0	24	40.0	32	32.0	76	38.0	75.16666666666667	1.136812189152917	22	36.66666666666667	74.5	1.109877913429523	30	30.0	74.45	1.0796632030491429	42	21.0	85.01105549170813	1402.0	1	1254
SC_RS29460		SCO5455	response regulator	Response regulator	5940593	5941267	+	5940593.0	0	0	Shielded	0	0.0	0	0.0	0	0.0	0	0.0	0	0.0	0	0.0	0	0.0	2	2.0	6	3.0	16	26.666666666666668	38	38.0	80	40.0	75.0	1.2934870750182947	21	35.0	76.0	1.2259767760990254	31	31.0	75.44999999999999	1.1499580707595738	74	37.0	49.80695233330468	2645.0	0	675
SC_RS29500		SCO5463	MerR family transcriptional regulator	MerR	5949398	5950312	+	5949398.0	0	0	Shielded	1	1.6666666666666667	1	1.0	1	0.5	0	0.0	0	0.0	0	0.0	2	3.3333333333333335	4	4.0	6	3.0	12	20.0	30	30.0	78	39.0	74.0	1.2168118701239576	15	25.0	74.8	1.2181161759957733	26	26.0	72.5	1.1728395061728396	66	33.0	26.179068079528072	226.0	3	915
SC_RS29600		SCO5483	TetR family transcriptional regulator	TetR	5970588	5971214	-	5971214.0	0	0	Shielded	0	0.0	1	1.0	1	0.5	0	0.0	0	0.0	0	0.0	4	6.666666666666667	6	6.0	10	5.0	20	33.333333333333336	36	36.0	74	37.0	67.66666666666666	1.0958236941434312	15	25.0	69.6	1.130435510747511	24	24.0	72.89999999999999	1.0843407873836	62	31.0	86.63768548464834	493.0	2	627
SC_RS29715		SCO5506	helix-turn-helix transcriptional regulator	HTH (other)	5992585	5995740	+	5992585.0	0	0	Shielded	0	0.0	1	1.0	1	0.5	0	0.0	0	0.0	0	0.0	2	3.3333333333333335	6	6.0	6	3.0	26	43.333333333333336	38	38.0	70	35.0	77.16666666666666	1.2430011198208286	15	25.0	75.2	1.1470488274611985	33	33.0	74.9	1.1680568693209505	64	32.0	361.3495319109456	374.0	1	3156
SC_RS29770		SCO5517	TetR/AcrR family transcriptional regulator	TetR	6010146	6010736	+	6010146.0	0	0	Shielded	1	1.6666666666666667	1	1.0	1	0.5	0	0.0	0	0.0	0	0.0	2	3.3333333333333335	2	2.0	4	2.0	8	13.333333333333334	14	14.0	40	20.0	65.83333333333333	1.1173184357541899	18	30.0	68.8	1.139387961600925	29	29.0	71.05	1.131504662990269	50	25.0	208.36308499054547	273.0	3	591
SC_RS29775		SCO5518	PucR family transcriptional regulator	Other regulatory	6010717	6011964	-	6011964.0	0	0	Shielded	0	0.0	0	0.0	0	0.0	0	0.0	0	0.0	0	0.0	0	0.0	0	0.0	2	1.0	22	36.66666666666667	34	34.0	58	29.0	68.33333333333333	1.2714285714285714	29	48.333333333333336	70.5	1.1670583690158076	34	34.0	72.85000000000001	1.1819166748744214	72	36.0	178.68642166531728	1046.0	1	1248
SC_RS29825		SCO5528	TetR/AcrR family transcriptional regulator	TetR	6022748	6023350	+	6022748.0	0	0	Shielded	0	0.0	1	1.0	1	0.5	0	0.0	0	0.0	0	0.0	0	0.0	2	2.0	2	1.0	10	16.666666666666668	24	24.0	48	24.0	71.83333333333334	1.1499203238726905	18	30.0	72.7	1.1312560738581148	30	30.0	72.15	1.156975872632716	60	30.0	109.0146028218822	448.0	3	603
SC_RS29845		SCO5532	TetR/AcrR family transcriptional regulator	TetR	6027789	6028388	+	6027789.0	0	0	Shielded	0	0.0	0	0.0	0	0.0	0	0.0	0	0.0	0	0.0	8	13.333333333333334	12	12.0	14	7.0	22	36.66666666666667	44	44.0	72	36.0	70.83333333333334	1.1299435028248588	30	50.0	71.3	1.1590061125664841	46	46.0	71.65	1.116943168681851	74	37.0	70.94926371063143	252.0	4	600
SC_RS29905		SCO5544	sensor histidine kinase	Sensor kinase	6040578	6044567	-	6044567.0	0	0	Shielded	1	1.6666666666666667	1	1.0	1	0.5	0	0.0	0	0.0	0	0.0	4	6.666666666666667	6	6.0	6	3.0	26	43.333333333333336	34	34.0	56	28.0	71.83333333333334	0.9692426983716723	19	31.666666666666668	68.7	1.0438236192674564	32	32.0	68.65	1.1086050690011084	50	25.0	5945.2540082328305	195.0	1	3990
SC_RS29960		SCO5550	MerR family transcriptional regulator	MerR	6049735	6050379	-	6050379.0	0	0	Shielded	0	0.0	0	0.0	0	0.0	0	0.0	0	0.0	0	0.0	4	6.666666666666667	4	4.0	4	2.0	18	30.0	28	28.0	60	30.0	69.83333333333334	1.1100832562442184	10	16.666666666666668	69.8	1.0907558442202336	27	27.0	70.85000000000001	1.1356165202319048	52	26.0	104.10583076686144	455.0	2	645
SC_RS29970	ndgR	SCO5552	IclR family transcriptional regulator NdgR	IclR	6051099	6051815	-	6051815.0	0	0	Shielded	0	0.0	0	0.0	0	0.0	0	0.0	0	0.0	0	0.0	2	3.3333333333333335	4	4.0	6	3.0	14	23.333333333333336	30	30.0	52	26.0	69.5	1.063046479521399	19	31.666666666666668	71.2	1.0337752525252526	37	37.0	72.65	1.1447632766005837	85	42.5	449.72418397373025	1891.0	1	717
SC_RS29990		SCO5556	HU family DNA-binding protein	Other regulatory	6054696	6055352	+	6054696.0	0	0	Shielded	0	0.0	0	0.0	0	0.0	0	0.0	0	0.0	0	0.0	2	3.3333333333333335	2	2.0	2	1.0	18	30.0	26	26.0	48	24.0	65.5	1.3401901199937665	24	40.0	65.9	1.2270731077241022	33	33.0	68.65	1.1806174884274006	64	32.0	985.8108836788992	1358.0	2	657
SC_RS30020		SCO5561	Lrp/AsnC family transcriptional regulator	Lrp	6059732	6059965	-	6059965.0	0	0	Shielded	0	0.0	0	0.0	0	0.0	0	0.0	0	0.0	1	0.5	0	0.0	0	0.0	6	3.0	8	13.333333333333334	22	22.0	58	29.0	66.16666666666666	1.1954665424623507	11	18.333333333333336	68.7	1.1657809017658152	17	17.0	70.7	1.1849645611527784	54	27.0	366.1331594912242	935.0	3	234
SC_RS30085		SCO5574	winged helix-turn-helix transcriptional regulator	HTH (other)	6071764	6072168	-	6072168.0	0	0	Shielded	0	0.0	0	0.0	0	0.0	0	0.0	0	0.0	1	0.5	0	0.0	2	2.0	4	2.0	20	33.333333333333336	30	30.0	58	29.0	71.66666666666667	0.9995456610631531	19	31.666666666666668	72.2	1.0290198969444253	36	36.0	73.4	1.1036235640352492	65	32.5	410.6227946226657	621.0	1	405
SC_RS30130	nsdA	SCO5582	transcriptional repressor NsdA	Repressor	6084219	6085721	+	6084219.0	0	0	Shielded	0	0.0	0	0.0	1	0.5	0	0.0	0	0.0	0	0.0	0	0.0	0	0.0	4	2.0	16	26.666666666666668	28	28.0	78	39.0	67.66666666666666	1.0635198135198136	17	28.333333333333336	69.69999999999999	1.082734110257046	29	29.0	73.15	1.0494555949101403	82	41.0	3246.2870788520772	748.0	5	1503
SC_RS30140		SCO5584	P-II family nitrogen regulator	Other regulatory	6087374	6087712	+	6087374.0	0	1	Exposed	1	1.6666666666666667	1	1.0	1	0.5	0	0.0	0	0.0	0	0.0	6	10.0	8	8.0	14	7.0	18	30.0	32	32.0	60	30.0	71.0	1.190659934293211	23	38.333333333333336	72.3	1.216749823992164	33	33.0	72.6	1.1635268552264602	62	31.0	61.07428954918451	126.0	5	339
SC_RS30255		SCO5607	GntR family transcriptional regulator	GntR	6108427	6108660	+	6108427.0	0	0	Shielded	0	0.0	0	0.0	0	0.0	0	0.0	0	0.0	0	0.0	2	3.3333333333333335	2	2.0	4	2.0	16	26.666666666666668	20	20.0	52	26.0	66.83333333333333	1.2251606155685042	20	33.333333333333336	65.9	1.1608623548922055	26	26.0	66.64999999999999	1.0678561773452284	57	28.5	100.039954313322	1988.0	1	234
SC_RS30275		SCO5611	helix-turn-helix domain-containing protein	HTH (other)	6111177	6111392	+	6111177.0	0	0	Shielded	0	0.0	0	0.0	0	0.0	0	0.0	0	0.0	1	0.5	2	3.3333333333333335	2	2.0	2	1.0	16	26.666666666666668	36	36.0	60	30.0	66.83333333333333	1.16580310880829	8	13.333333333333334	67.5	1.0982638644830252	16	16.0	65.8	1.0771079881656804	26	13.0	18.109492401335277	762.0	3	216
SC_RS30290		SCO5614	helix-turn-helix transcriptional regulator	HTH (other)	6115100	6115315	+	6115100.0	0	0	Shielded	0	0.0	0	0.0	0	0.0	3	5.0	3	3.0	3	1.5	2	3.3333333333333335	2	2.0	2	1.0	24	40.0	42	42.0	60	30.0	64.0	0.9533463003040846	16	26.666666666666668	67.2	0.9922053775743707	25	25.0	66.10000000000001	1.0498760498760498	45	22.5	9.107434149885515	16.0	3	216
SC_RS30330	whiG	SCO5621	RNA polymerase sigma factor WhiG	Sigma factor	6121043	6121885	+	6121043.0	0	0	Shielded	0	0.0	0	0.0	0	0.0	0	0.0	0	0.0	0	0.0	0	0.0	0	0.0	6	3.0	16	26.666666666666668	26	26.0	78	39.0	67.5	1.161878615550544	9	15.0	69.1	1.223292836196062	25	25.0	70.1	1.141291942478886	57	28.5	110.00854156628712	1551.0	2	843
SC_RS30335		SCO5622	TetR/AcrR family transcriptional regulator	TetR	6122014	6122571	+	6122014.0	0	0	Shielded	0	0.0	0	0.0	0	0.0	0	0.0	0	0.0	0	0.0	2	3.3333333333333335	6	6.0	8	4.0	16	26.666666666666668	26	26.0	66	33.0	70.83333333333334	1.1560437613500465	14	23.333333333333336	72.3	1.1526934603857681	38	38.0	73.1	1.171600113791193	73	36.5	428.4541956535343	580.0	3	558
SC_RS30340		SCO5623	murein hydrolase activator EnvC family protein	Activator	6122525	6123223	-	6123223.0	0	0	Shielded	0	0.0	0	0.0	0	0.0	0	0.0	0	0.0	0	0.0	4	6.666666666666667	4	4.0	6	3.0	36	60.0	42	42.0	72	36.0	77.33333333333333	1.0647240123283834	26	43.333333333333336	74.5	1.1668951836401293	36	36.0	73.1	1.1412246767312173	77	38.5	80.85514398407275	68.0	6	699
SC_RS30370	fxsT	SCO5629	FxSxx-COOH system tetratricopeptide repeat protein	TetR	6128360	6131020	-	6131020.0	0	0	Shielded	1	1.6666666666666667	1	1.0	1	0.5	1	1.6666666666666667	1	1.0	2	1.0	2	3.3333333333333335	2	2.0	12	6.0	14	23.333333333333336	26	26.0	66	33.0	67.83333333333333	1.0297316896301667	6	10.0	69.39999999999999	0.9912701586032253	17	17.0	70.45	1.0266480349060332	40	20.0	343.41200593275164	91.0	9	2661
SC_RS30395			SCO3933 family regulatory protein	Other regulatory	6135800	6136151	-	6136151.0	0	0	Shielded	0	0.0	0	0.0	0	0.0	1	1.6666666666666667	1	1.0	1	0.5	0	0.0	2	2.0	6	3.0	26	43.333333333333336	34	34.0	72	36.0	63.83333333333333	1.1134763386278042	25	41.66666666666667	66.10000000000001	1.1172161172161172	40	40.0	68.35	1.0832427063084973	58	29.0	13.824907672000633	2081.0	0	352
SC_RS30400		SCO5636	GntR family transcriptional regulator	GntR	6136289	6137068	-	6137068.0	0	0	Shielded	0	0.0	0	0.0	0	0.0	0	0.0	0	0.0	1	0.5	2	3.3333333333333335	4	4.0	6	3.0	24	40.0	36	36.0	56	28.0	68.33333333333333	1.0724243940802174	11	18.333333333333336	68.4	1.06048166392994	21	21.0	66.25	1.0617355959389754	49	24.5	389.7340086389924	2403.0	0	780
SC_RS30495		SCO5656	Lrp/AsnC family transcriptional regulator	Lrp	6155449	6155964	-	6155964.0	0	0	Shielded	0	0.0	0	0.0	0	0.0	0	0.0	0	0.0	0	0.0	4	6.666666666666667	4	4.0	8	4.0	12	20.0	20	20.0	50	25.0	67.0	1.203417110313235	14	23.333333333333336	67.7	1.205534977985883	30	30.0	68.55	1.125564381003543	61	30.5	1202.7512945653698	1871.0	1	516
SC_RS30590		SCO5675	tetratricopeptide repeat protein	TetR	6175324	6176157	+	6175324.0	0	0	Shielded	0	0.0	0	0.0	0	0.0	1	1.6666666666666667	1	1.0	1	0.5	0	0.0	2	2.0	10	5.0	18	30.0	32	32.0	88	44.0	73.83333333333333	1.0642201834862386	11	18.333333333333336	74.7	1.0322876641624132	20	20.0	74.3	1.0290134695689195	53	26.5	159.41859015689278	1856.0	1	834
SC_RS30605		SCO5678	PucR family transcriptional regulator	Other regulatory	6180444	6182102	+	6180444.0	0	0	Shielded	0	0.0	0	0.0	0	0.0	0	0.0	0	0.0	0	0.0	4	6.666666666666667	8	8.0	16	8.0	14	23.333333333333336	34	34.0	82	41.0	73.66666666666667	1.1425763253271086	17	28.333333333333336	74.3	1.1016887729216496	44	44.0	76.2	1.1237446204173367	78	39.0	259.6748180501077	529.0	3	1659
SC_RS30630		SCO5683	sensor histidine kinase	Sensor kinase	6186588	6187784	+	6186588.0	0	0	Shielded	0	0.0	0	0.0	1	0.5	0	0.0	0	0.0	0	0.0	2	3.3333333333333335	2	2.0	10	5.0	24	40.0	34	34.0	76	38.0	71.16666666666667	1.1713550448132044	18	30.0	73.1	1.1141725762982368	33	33.0	74.25	1.0979502504926235	65	32.5	107.77151070163823	237.0	6	1197
SC_RS30635		SCO5684	response regulator	Response regulator	6187781	6188494	+	6187781.0	0	0	Shielded	0	0.0	1	1.0	1	0.5	0	0.0	0	0.0	0	0.0	2	3.3333333333333335	4	4.0	4	2.0	28	46.66666666666667	36	36.0	76	38.0	73.66666666666667	1.098403817673194	18	30.0	73.9	1.0842490842490842	34	34.0	73.25	1.1071224880061732	62	31.0	34.46994127804648	391.0	6	714
SC_RS30675		SCO5692	LacI family DNA-binding transcriptional regulator	LacI	6200514	6201527	-	6201527.0	0	0	Shielded	0	0.0	0	0.0	0	0.0	0	0.0	0	0.0	2	1.0	0	0.0	0	0.0	2	1.0	24	40.0	36	36.0	64	32.0	66.16666666666666	1.1797150298759003	28	46.66666666666667	69.0	1.1006183626831563	42	42.0	70.45	1.1612575451499352	69	34.5	78.82847627412775	724.0	4	1014
SC_RS30735	nusA	SCO5704	transcription termination factor NusA	Other regulatory	6214874	6215896	+	6214874.0	0	0	Shielded	0	0.0	0	0.0	1	0.5	0	0.0	0	0.0	0	0.0	2	3.3333333333333335	4	4.0	6	3.0	8	13.333333333333334	22	22.0	52	26.0	69.16666666666667	1.1182555213866368	27	45.0	69.8	1.1740461900969614	37	37.0	69.5	1.186128927237626	73	36.5	2995.9830750412557	629.0	5	1023
SC_RS30905	dapB	SCO5739	4-hydroxy-tetrahydrodipicolinate reductase	TetR	6263394	6264146	+	6263394.0	0	0	Shielded	0	0.0	0	0.0	0	0.0	0	0.0	0	0.0	0	0.0	2	3.3333333333333335	4	4.0	10	5.0	22	36.66666666666667	34	34.0	70	35.0	72.66666666666667	1.1491108071135432	13	21.666666666666668	71.8	1.1515717398070338	20	20.0	71.65	1.1290278165703518	70	35.0	565.4237379793243	1265.0	2	753
SC_RS30910		SCO5740	tetratricopeptide repeat protein	TetR	6264160	6264615	+	6264160.0	0	0	Shielded	0	0.0	0	0.0	0	0.0	0	0.0	0	0.0	0	0.0	0	0.0	0	0.0	2	1.0	22	36.66666666666667	36	36.0	72	36.0	71.83333333333334	1.0269914417379855	26	43.333333333333336	72.6	1.1160714285714286	49	49.0	73.1	1.11349986927662	65	32.5	183.4179516986287	582.0	1	456
SC_RS30930	dapA	SCO5744	4-hydroxy-tetrahydrodipicolinate synthase	TetR	6266753	6267652	+	6266753.0	0	0	Shielded	1	1.6666666666666667	2	2.0	2	1.0	0	0.0	0	0.0	0	0.0	2	3.3333333333333335	6	6.0	8	4.0	18	30.0	28	28.0	62	31.0	70.16666666666667	1.0252904989747094	18	30.0	70.6	1.08122169922526	26	26.0	69.39999999999999	1.0924117299810299	56	28.0	904.1282389434946	305.0	1	900
SC_RS30975		SCO5749	response regulator	Response regulator	6285256	6285930	+	6285256.0	0	0	Shielded	0	0.0	0	0.0	0	0.0	0	0.0	0	0.0	0	0.0	0	0.0	2	2.0	4	2.0	22	36.66666666666667	44	44.0	72	36.0	67.5	1.0744247657361528	13	21.666666666666668	70.19999999999999	1.0670431413750083	32	32.0	70.45	1.1050442017680706	72	36.0	1630.2568887826362	1011.0	2	675
SC_RS30985		SCO5751	helix-turn-helix domain-containing protein	HTH (other)	6289190	6290053	+	6289190.0	0	0	Shielded	0	0.0	0	0.0	0	0.0	1	1.6666666666666667	1	1.0	2	1.0	0	0.0	0	0.0	4	2.0	16	26.666666666666668	20	20.0	44	22.0	68.83333333333333	1.2188208616780045	20	33.333333333333336	69.8	1.2480294272201786	28	28.0	69.55	1.216852160740376	70	35.0	2028.7762871206603	2589.0	0	864
SC_RS31005		SCO5755	helix-turn-helix domain-containing protein	HTH (other)	6293066	6293446	+	6293066.0	0	0	Shielded	0	0.0	0	0.0	0	0.0	0	0.0	0	0.0	0	0.0	0	0.0	0	0.0	0	0.0	8	13.333333333333334	26	26.0	48	24.0	66.16666666666666	1.2032085561497325	17	28.333333333333336	69.1	1.2210324982495688	36	36.0	69.89999999999999	1.205674930219499	63	31.5	2343.6478828807867	3421.0	0	381
SC_RS31020		SCO5758	ArsR/SmtB family transcription factor	ArsR	6294435	6294824	+	6294435.0	0	0	Shielded	0	0.0	0	0.0	1	0.5	0	0.0	0	0.0	0	0.0	0	0.0	0	0.0	4	2.0	22	36.66666666666667	32	32.0	78	39.0	75.5	1.083935519733185	15	25.0	72.39999999999999	1.0892741262630945	26	26.0	72.75	1.1380431005182297	53	26.5	185.5302994707872	2052.0	0	390
SC_RS31040		SCO5762	AraC family transcriptional regulator	AraC	6301456	6302322	+	6301456.0	0	0	Shielded	0	0.0	0	0.0	0	0.0	0	0.0	0	0.0	0	0.0	2	3.3333333333333335	2	2.0	4	2.0	36	60.0	50	50.0	98	49.0	75.5	1.0158280179541697	13	21.666666666666668	75.4	1.0900153172087057	27	27.0	75.05	1.145418148989998	52	26.0	122.02363891414302	123.0	3	867
SC_RS31080	recX	SCO5770	recombination regulator RecX	Other regulatory	6307782	6308564	+	6307782.0	0	0	Shielded	0	0.0	0	0.0	0	0.0	0	0.0	0	0.0	0	0.0	2	3.3333333333333335	2	2.0	6	3.0	12	20.0	20	20.0	48	24.0	74.33333333333333	1.1858424926893214	15	25.0	72.7	1.1294552841830778	27	27.0	71.89999999999999	1.1337671056628378	57	28.5	1474.9947718469384	2351.0	0	783
SC_RS31130		SCO5778	response regulator transcription factor	Response regulator	6315651	6316337	+	6315651.0	0	0	Shielded	0	0.0	0	0.0	0	0.0	0	0.0	0	0.0	0	0.0	0	0.0	2	2.0	2	1.0	10	16.666666666666668	22	22.0	34	17.0	67.5	1.2814847547503314	24	40.0	67.0	1.2360164443926949	30	30.0	68.4	1.2148008241758241	70	35.0	66.68116221758912	1386.0	2	687
SC_RS31135		SCO5779	HAMP domain-containing sensor histidine kinase	Sensor kinase	6316347	6317792	+	6316347.0	0	0	Shielded	0	0.0	0	0.0	0	0.0	0	0.0	0	0.0	0	0.0	0	0.0	4	4.0	4	2.0	6	10.0	18	18.0	44	22.0	70.66666666666667	1.1672890717592075	15	25.0	71.39999999999999	1.1921209489598548	23	23.0	70.75	1.1787488423002441	57	28.5	63.181999821325384	1263.0	1	1446
SC_RS31155		SCO5783	cation:proton antiporter regulatory subunit	Other regulatory	6320691	6321176	-	6321176.0	0	0	Shielded	0	0.0	2	2.0	3	1.5	0	0.0	0	0.0	0	0.0	2	3.3333333333333335	8	8.0	16	8.0	16	26.666666666666668	40	40.0	96	48.0	70.66666666666667	1.1506556061011508	13	21.666666666666668	72.5	1.1187725466916296	35	35.0	72.85000000000001	1.1177065869167915	69	34.5	267.8530422973361	335.0	3	486
SC_RS31160		SCO5784	HAMP domain-containing sensor histidine kinase	Sensor kinase	6321291	6322367	+	6321291.0	0	0	Shielded	2	3.3333333333333335	2	2.0	3	1.5	0	0.0	0	0.0	0	0.0	6	10.0	8	8.0	16	8.0	24	40.0	42	42.0	100	50.0	72.33333333333334	1.0963793982661907	16	26.666666666666668	72.89999999999999	1.0914729615801517	29	29.0	73.05	1.1183499459589288	73	36.5	180.6465316406845	220.0	3	1077
SC_RS31165		SCO5785	response regulator	Response regulator	6322367	6323026	+	6322367.0	0	0	Shielded	0	0.0	0	0.0	2	1.0	0	0.0	0	0.0	0	0.0	0	0.0	2	2.0	12	6.0	24	40.0	40	40.0	84	42.0	73.33333333333333	1.1895817680941647	20	33.333333333333336	74.2	1.1588250394220543	30	30.0	74.15	1.1286392202129025	68	34.0	40.63737721810893	835.0	4	660
SC_RS31255	lexA	SCO5803	transcriptional repressor LexA	Repressor	6345664	6346443	-	6346443.0	0	0	Shielded	0	0.0	0	0.0	0	0.0	0	0.0	0	0.0	0	0.0	0	0.0	2	2.0	4	2.0	12	20.0	26	26.0	48	24.0	67.16666666666666	1.0639869957144967	10	16.666666666666668	69.8	1.1183750668146868	28	28.0	69.75	1.1514957106784778	56	28.0	2662.0991652884645	811.0	1	780
SC_RS31260	nrdR	SCO5804	transcriptional regulator NrdR	Other regulatory	6347027	6347575	+	6347027.0	0	0	Shielded	0	0.0	0	0.0	0	0.0	0	0.0	0	0.0	0	0.0	2	3.3333333333333335	2	2.0	4	2.0	10	16.666666666666668	20	20.0	50	25.0	69.33333333333334	1.084764619984702	25	41.66666666666667	68.89999999999999	1.1125158027812894	37	37.0	69.55	1.1134843367110405	63	31.5	1707.0527560557846	227.0	2	549
SC_RS31295		SCO5811	TetR/AcrR family transcriptional regulator	TetR	6355747	6356367	+	6355747.0	0	0	Shielded	0	0.0	0	0.0	0	0.0	0	0.0	0	0.0	0	0.0	0	0.0	0	0.0	0	0.0	18	30.0	30	30.0	62	31.0	68.16666666666666	1.2195705198718254	14	23.333333333333336	67.4	1.234861915976467	21	21.0	68.25	1.203410810067391	57	28.5	218.96691353218057	3928.0	0	621
SC_RS31335	whiH	SCO5819	sporulation transcriptional regulator WhiH	Other regulatory	6366349	6367236	+	6366349.0	0	0	Shielded	0	0.0	0	0.0	2	1.0	0	0.0	0	0.0	0	0.0	2	3.3333333333333335	2	2.0	4	2.0	12	20.0	22	22.0	56	28.0	68.0	1.139231379335208	22	36.66666666666667	69.5	1.142800357746199	28	28.0	72.39999999999999	1.1403315762788073	61	30.5	429.72176664664255	945.0	3	888
SC_RS31340		SCO5820	RNA polymerase sigma factor	Sigma factor	6367665	6369200	+	6367665.0	0	0	Shielded	0	0.0	2	2.0	2	1.0	0	0.0	0	0.0	1	0.5	2	3.3333333333333335	4	4.0	4	2.0	12	20.0	24	24.0	46	23.0	64.33333333333333	1.1763757956651357	17	28.333333333333336	67.4	1.1272269336785465	24	24.0	68.45	1.114360736929744	59	29.5	3030.3018862184663	370.0	3	1536
SC_RS31365		SCO5824	sensor histidine kinase	Sensor kinase	6373869	6375023	+	6373869.0	0	0	Shielded	0	0.0	1	1.0	1	0.5	0	0.0	0	0.0	0	0.0	4	6.666666666666667	6	6.0	12	6.0	24	40.0	38	38.0	78	39.0	74.5	0.9863672814755412	17	28.333333333333336	74.0	1.0817211059867418	28	28.0	73.2	1.0827864950387844	68	34.0	63.75203931795773	80.0	2	1155
SC_RS31370		SCO5825	response regulator	Response regulator	6375020	6375709	+	6375020.0	0	0	Shielded	0	0.0	0	0.0	0	0.0	0	0.0	0	0.0	0	0.0	4	6.666666666666667	4	4.0	6	3.0	30	50.0	46	46.0	72	36.0	73.66666666666667	1.1393126147224508	23	38.333333333333336	74.1	1.1200118676754192	29	29.0	73.55000000000001	1.1177347242921014	70	35.0	85.9085916624623	1149.0	3	690
SC_RS31385		SCO5828	response regulator	Response regulator	6377983	6378663	-	6378663.0	0	1	Exposed	0	0.0	0	0.0	1	0.5	0	0.0	0	0.0	0	0.0	0	0.0	0	0.0	4	2.0	14	23.333333333333336	26	26.0	66	33.0	74.66666666666667	1.1973180076628354	19	31.666666666666668	74.1	1.187492714768621	39	39.0	73.95	1.1520315985809897	61	30.5	219.22692612499264	48.0	3	681
SC_RS31445		SCO5840	GntR family transcriptional regulator	GntR	6393195	6393890	+	6393195.0	0	0	Shielded	0	0.0	0	0.0	0	0.0	0	0.0	0	0.0	0	0.0	4	6.666666666666667	8	8.0	10	5.0	22	36.66666666666667	34	34.0	70	35.0	70.16666666666667	1.2740580103008945	17	28.333333333333336	70.7	1.1368549148960017	24	24.0	72.0	1.1808311739429922	69	34.5	188.8001399678948	220.0	1	696
SC_RS31480		SCO5847	GntR family transcriptional regulator	GntR	6402578	6403366	+	6402578.0	0	0	Shielded	0	0.0	0	0.0	0	0.0	0	0.0	0	0.0	1	0.5	2	3.3333333333333335	6	6.0	10	5.0	24	40.0	40	40.0	86	43.0	70.5	1.1822660098522166	20	33.333333333333336	72.3	1.1104984223263792	39	39.0	71.25	1.121346247241054	69	34.5	87.58432775658996	612.0	3	789
SC_RS31555		SCO5862	response regulator transcription factor	Response regulator	6419308	6419961	+	6419308.0	0	0	Shielded	0	0.0	0	0.0	0	0.0	0	0.0	0	0.0	0	0.0	0	0.0	2	2.0	6	3.0	12	20.0	30	30.0	68	34.0	68.5	1.2699771689497716	38	63.333333333333336	70.0	1.1597896043647293	50	50.0	71.75	1.16348075962019	94	47.0	441.0931813922441	675.0	7	654
SC_RS31560		SCO5863	sensor histidine kinase	Sensor kinase	6419968	6421212	+	6419968.0	0	0	Shielded	0	0.0	1	1.0	3	1.5	0	0.0	0	0.0	0	0.0	2	3.3333333333333335	6	6.0	8	4.0	24	40.0	34	34.0	58	29.0	70.0	1.0476978218913702	27	45.0	71.2	1.0977564102564104	56	56.0	70.5	1.1057645572081267	97	48.5	508.4672619988283	449.0	6	1245
SC_RS31600		SCO5871	sensor histidine kinase	Sensor kinase	6426319	6428865	+	6426319.0	0	0	Shielded	0	0.0	0	0.0	0	0.0	0	0.0	0	0.0	0	0.0	0	0.0	2	2.0	10	5.0	24	40.0	38	38.0	78	39.0	72.5	1.066080040612573	11	18.333333333333336	72.5	1.1795683540835895	31	31.0	72.8	1.192930002189555	75	37.5	307.03218030286337	2514.0	0	2547
SC_RS31605		SCO5872	response regulator	Response regulator	6428862	6429545	+	6428862.0	0	0	Shielded	0	0.0	0	0.0	0	0.0	0	0.0	0	0.0	0	0.0	0	0.0	0	0.0	2	1.0	16	26.666666666666668	34	34.0	74	37.0	74.5	1.1186848436246992	19	31.666666666666668	73.9	1.105984032813301	27	27.0	73.55000000000001	1.075877061635555	56	28.0	75.83958251861479	1527.0	1	684
SC_RS31630		SCO5877	AfsR/SARP family transcriptional regulator	SARP	6432812	6433618	+	6432812.0	0	0	Shielded	0	0.0	0	0.0	0	0.0	0	0.0	0	0.0	0	0.0	2	3.3333333333333335	2	2.0	6	3.0	18	30.0	28	28.0	46	23.0	70.33333333333334	1.186916938293807	21	35.0	69.69999999999999	1.1530035743110805	35	35.0	70.7	1.1043423461272994	66	33.0	925.548157753473	2423.0	0	807
SC_RS31650		SCO5881	response regulator transcription factor	Response regulator	6438206	6438859	-	6438859.0	0	0	Shielded	0	0.0	1	1.0	1	0.5	1	1.6666666666666667	1	1.0	1	0.5	2	3.3333333333333335	6	6.0	8	4.0	8	13.333333333333334	18	18.0	76	38.0	64.16666666666667	1.1995461176852003	21	35.0	65.4	1.1166579085654231	30	30.0	69.69999999999999	1.1286028475518	69	34.5	1128.9515600639688	239.0	1	654
SC_RS31765			LuxR C-terminal-related transcriptional regulator	Other regulatory	6469872	6470134	+	6469872.0	0	0	Shielded	0	0.0	0	0.0	0	0.0	0	0.0	0	0.0	0	0.0	0	0.0	0	0.0	4	2.0	20	33.333333333333336	28	28.0	46	23.0	67.33333333333333	1.0863095238095237	7	11.666666666666668	67.2	1.0038020111573038	22	22.0	67.95	1.07921152545899	59	29.5	15.645553384021078	2960.0	0	263
SC_RS31780		SCO5906	TetR/AcrR family transcriptional regulator	TetR	6473606	6474202	+	6473606.0	0	0	Shielded	0	0.0	0	0.0	0	0.0	0	0.0	0	0.0	0	0.0	2	3.3333333333333335	4	4.0	4	2.0	14	23.333333333333336	22	22.0	48	24.0	67.5	1.0540184453227932	10	16.666666666666668	69.1	1.124821623436582	17	17.0	68.45	1.1577238550922762	45	22.5	183.56678008619468	1614.0	1	597
SC_RS31810		SCO5914	LysR substrate-binding domain-containing protein	LysR	6481608	6482600	-	6482600.0	0	0	Shielded	0	0.0	0	0.0	0	0.0	0	0.0	0	0.0	0	0.0	2	3.3333333333333335	4	4.0	4	2.0	22	36.66666666666667	32	32.0	50	25.0	69.66666666666667	1.0720175920835624	15	25.0	68.60000000000001	1.0818362253285971	30	30.0	68.15	1.0482496818583784	57	28.5	381.3002829464946	1172.0	2	993
SC_RS31825		SCO5917	MerR family transcriptional regulator	MerR	6484965	6485303	+	6484965.0	0	0	Shielded	0	0.0	0	0.0	1	0.5	1	1.6666666666666667	1	1.0	2	1.0	2	3.3333333333333335	6	6.0	8	4.0	14	23.333333333333336	34	34.0	66	33.0	66.66666666666666	1.035	22	36.66666666666667	68.30000000000001	0.9883970777825527	38	38.0	67.7	0.9915088405898386	56	28.0	52.384602372537294	114.0	5	339
SC_RS31885			MerR family transcriptional regulator	MerR	6497270	6497367	-	6497367.0	0	0	Shielded	0	0.0	0	0.0	1	0.5	0	0.0	0	0.0	0	0.0	2	3.3333333333333335	2	2.0	8	4.0	18	30.0	26	26.0	64	32.0	66.5	1.013411313905415	7	11.666666666666668	67.0	1.109547521108465	15	15.0	68.8	1.1855313995240817	43	21.5	6.303328096440162	552.0	1	98
SC_RS31920		SCO5934	RNA polymerase sigma factor	Sigma factor	6504108	6504752	+	6504108.0	0	0	Shielded	0	0.0	0	0.0	0	0.0	0	0.0	0	0.0	0	0.0	4	6.666666666666667	4	4.0	4	2.0	24	40.0	36	36.0	62	31.0	72.66666666666667	1.1910041178333861	23	38.333333333333336	72.89999999999999	1.2101959004613871	30	30.0	72.5	1.2006289008528277	57	28.5	62.405453536377735	2295.0	0	645
SC_RS31955		SCO5942	TetR/AcrR family transcriptional regulator	TetR	6509216	6509833	+	6509216.0	0	0	Shielded	0	0.0	0	0.0	0	0.0	0	0.0	0	0.0	0	0.0	0	0.0	0	0.0	2	1.0	20	33.333333333333336	40	40.0	78	39.0	73.5	1.2222222222222223	26	43.333333333333336	73.3	1.1986658328121742	42	42.0	72.0	1.2039359444337256	65	32.5	93.09445241142384	1318.0	1	618
SC_RS32000		SCO5951	TetR-like C-terminal domain-containing protein	TetR	6519692	6520303	+	6519692.0	0	0	Shielded	0	0.0	0	0.0	0	0.0	0	0.0	1	1.0	1	0.5	0	0.0	2	2.0	6	3.0	14	23.333333333333336	18	18.0	64	32.0	71.0	1.169590643274854	15	25.0	71.6	1.1595565479688172	27	27.0	72.75	1.1489240686320978	71	35.5	140.23864733311	153.0	2	612
SC_RS32025		SCO5956	TetR/AcrR family transcriptional regulator	TetR	6527068	6527715	+	6527068.0	0	1	Exposed	0	0.0	0	0.0	0	0.0	1	1.6666666666666667	1	1.0	1	0.5	0	0.0	2	2.0	6	3.0	20	33.333333333333336	34	34.0	76	38.0	73.83333333333333	1.141571194762684	16	26.666666666666668	75.2	1.1390972123956418	24	24.0	73.05	1.0834154954657749	53	26.5	64.32274360228784	5.0	4	648
SC_RS32055		SCO5962	MerR family transcriptional regulator	MerR	6532428	6533018	-	6533018.0	0	0	Shielded	0	0.0	0	0.0	0	0.0	1	1.6666666666666667	1	1.0	1	0.5	4	6.666666666666667	4	4.0	4	2.0	28	46.66666666666667	42	42.0	92	46.0	73.33333333333333	1.2054930715217795	20	33.333333333333336	73.1	1.1385767790262171	34	34.0	74.05000000000001	1.1161569185314877	61	30.5	23.275534613318683	598.0	2	591
SC_RS32155		SCO5982	PaaX family transcriptional regulator	Other regulatory	6557772	6558617	-	6558617.0	0	0	Shielded	0	0.0	0	0.0	0	0.0	0	0.0	0	0.0	0	0.0	2	3.3333333333333335	2	2.0	4	2.0	30	50.0	54	54.0	86	43.0	76.33333333333333	1.2368300503893725	27	45.0	74.7	1.2189875233041731	36	36.0	73.95	1.1569582250210522	61	30.5	274.0239694684149	391.0	3	846
SC_RS32230		SCO5998	helix-turn-helix domain-containing protein	HTH (other)	6573186	6574715	-	6574715.0	0	0	Shielded	0	0.0	0	0.0	0	0.0	0	0.0	0	0.0	0	0.0	0	0.0	2	2.0	6	3.0	16	26.666666666666668	28	28.0	48	24.0	66.16666666666666	1.2077663965754473	18	30.0	67.30000000000001	1.1962570446248184	29	29.0	67.9	1.1705907566846607	49	24.5	926.319632665144	2565.0	0	1530
SC_RS32255		SCO6003	helix-turn-helix domain-containing protein	HTH (other)	6579213	6580073	-	6580073.0	0	0	Shielded	0	0.0	0	0.0	0	0.0	0	0.0	0	0.0	0	0.0	0	0.0	2	2.0	6	3.0	18	30.0	30	30.0	48	24.0	67.33333333333333	1.007905138339921	20	33.333333333333336	69.6	1.1088309281080366	37	37.0	68.60000000000001	1.1229359671286017	67	33.5	240.34472023854505	2427.0	0	861
SC_RS32280		SCO6008	ROK family transcriptional regulator	ROK	6588242	6589453	+	6588242.0	0	0	Shielded	0	0.0	0	0.0	0	0.0	0	0.0	0	0.0	0	0.0	6	10.0	6	6.0	10	5.0	26	43.333333333333336	44	44.0	86	43.0	70.5	1.2075134168157424	21	35.0	70.7	1.1291562560061503	32	32.0	68.85	1.177463599915594	55	27.5	912.876001073968	4387.0	0	1212
SC_RS32380		SCO6029	response regulator transcription factor	Response regulator	6618177	6618839	-	6618839.0	0	0	Shielded	0	0.0	0	0.0	0	0.0	0	0.0	0	0.0	0	0.0	2	3.3333333333333335	6	6.0	8	4.0	10	16.666666666666668	32	32.0	62	31.0	66.5	1.2551020408163267	18	30.0	71.6	1.2483802661104264	45	45.0	71.85000000000001	1.1714569265796182	77	38.5	46.01753561517906	2646.0	0	663
SC_RS32585		SCO6069	sensor histidine kinase	Sensor kinase	6659273	6661906	-	6661906.0	0	0	Shielded	0	0.0	0	0.0	0	0.0	0	0.0	0	0.0	0	0.0	2	3.3333333333333335	2	2.0	2	1.0	20	33.333333333333336	28	28.0	70	35.0	73.0	1.1075683839570398	24	40.0	72.0	1.18289213260762	38	38.0	72.65	1.1220196353436185	74	37.0	352.0862637983229	832.0	2	2634
SC_RS32595	cprB	SCO6071	transcriptional regulator CprB	Other regulatory	6663344	6663991	+	6663344.0	0	0	Shielded	0	0.0	1	1.0	1	0.5	0	0.0	0	0.0	0	0.0	2	3.3333333333333335	6	6.0	6	3.0	24	40.0	40	40.0	100	50.0	68.5	1.1154011154011152	15	25.0	72.39999999999999	1.1029411764705883	44	44.0	73.45	1.1617548808551703	70	35.0	161.88209940886406	440.0	2	648
SC_RS32795		SCO6110	ROK family protein	ROK	6713089	6714015	-	6714015.0	0	0	Shielded	0	0.0	0	0.0	0	0.0	0	0.0	0	0.0	0	0.0	4	6.666666666666667	6	6.0	12	6.0	34	56.66666666666667	52	52.0	104	52.0	75.83333333333333	1.0916269887353385	17	28.333333333333336	76.4	1.1461986698604656	37	37.0	76.75	1.1513498643173241	87	43.5	108.94999729839228	296.0	3	927
SC_RS32820		SCO6115	ROK family protein	ROK	6719695	6720918	+	6719695.0	0	0	Shielded	0	0.0	0	0.0	0	0.0	0	0.0	0	0.0	0	0.0	0	0.0	0	0.0	6	3.0	22	36.66666666666667	40	40.0	76	38.0	67.83333333333333	1.1301072152999132	23	38.333333333333336	69.1	1.0732852590977695	29	29.0	69.25	1.138814381598762	65	32.5	68.73738120003961	364.0	1	1224
SC_RS32835		SCO6118	AraC family transcriptional regulator	AraC	6723358	6724296	+	6723358.0	0	0	Shielded	0	0.0	0	0.0	0	0.0	0	0.0	0	0.0	0	0.0	2	3.3333333333333335	4	4.0	8	4.0	32	53.333333333333336	46	46.0	102	51.0	78.66666666666666	1.1314655172413794	30	50.0	78.0	1.1198134522531304	49	49.0	77.64999999999999	1.125912305422034	85	42.5	113.8506943871679	294.0	5	939
SC_RS32840		SCO6119	helix-turn-helix transcriptional regulator	HTH (other)	6724307	6724990	+	6724307.0	0	0	Shielded	0	0.0	0	0.0	0	0.0	0	0.0	0	0.0	1	0.5	2	3.3333333333333335	2	2.0	2	1.0	32	53.333333333333336	56	56.0	88	44.0	77.16666666666666	1.1050139066376006	16	26.666666666666668	78.2	1.0782592687561228	25	25.0	76.1	1.088554233574618	56	28.0	63.6827190654499	910.0	4	684
SC_RS32850		SCO6121	TetR/AcrR family transcriptional regulator	TetR	6725692	6726270	-	6726270.0	0	0	Shielded	0	0.0	0	0.0	0	0.0	0	0.0	0	0.0	0	0.0	2	3.3333333333333335	2	2.0	4	2.0	6	10.0	24	24.0	60	30.0	68.83333333333333	1.1557434813248766	11	18.333333333333336	69.6	1.1810470849610586	22	22.0	70.39999999999999	1.1299275433962797	38	19.0	211.03539134466072	1049.0	3	579
SC_RS32895		SCO6129	helix-turn-helix domain-containing protein	HTH (other)	6730923	6731741	-	6731741.0	0	0	Shielded	0	0.0	0	0.0	0	0.0	0	0.0	0	0.0	0	0.0	0	0.0	2	2.0	2	1.0	12	20.0	28	28.0	50	25.0	69.83333333333334	1.212455221824194	22	36.66666666666667	70.6	1.139573703133025	35	35.0	69.45	1.1280690112806901	54	27.0	134.63191458053006	1005.0	2	819
SC_RS32945		SCO6139	sensor histidine kinase	Sensor kinase	6740466	6741632	+	6740466.0	0	0	Shielded	0	0.0	0	0.0	0	0.0	0	0.0	0	0.0	0	0.0	2	3.3333333333333335	4	4.0	6	3.0	16	26.666666666666668	24	24.0	56	28.0	73.16666666666667	1.1363636363636365	19	31.666666666666668	72.39999999999999	1.154831555198654	38	38.0	72.39999999999999	1.1180219025451215	63	31.5	230.0581755541311	510.0	1	1167
SC_RS32950		SCO6140	response regulator	Response regulator	6741629	6742288	+	6741629.0	0	0	Shielded	0	0.0	0	0.0	0	0.0	0	0.0	0	0.0	0	0.0	0	0.0	2	2.0	6	3.0	26	43.333333333333336	52	52.0	78	39.0	73.33333333333333	1.15	21	35.0	74.8	1.0870575782931766	36	36.0	73.8	1.1395634369233258	75	37.5	115.47424909049975	1127.0	3	660
SC_RS32970		SCO6144	TetR-like C-terminal domain-containing protein	TetR	6744201	6744770	-	6744770.0	0	0	Shielded	2	3.3333333333333335	3	3.0	3	1.5	1	1.6666666666666667	1	1.0	1	0.5	4	6.666666666666667	8	8.0	10	5.0	16	26.666666666666668	28	28.0	62	31.0	72.5	1.1452810180275717	23	38.333333333333336	73.9	1.1437117846302731	47	47.0	74.35000000000001	1.1613302510147987	82	41.0	158.1038511968173	67.0	7	570
SC_RS33015		SCO6153	helix-turn-helix transcriptional regulator	HTH (other)	6753801	6754784	-	6754784.0	0	0	Shielded	0	0.0	0	0.0	0	0.0	0	0.0	0	0.0	0	0.0	2	3.3333333333333335	2	2.0	6	3.0	24	40.0	52	52.0	114	57.0	75.0	1.0523981371343318	17	28.333333333333336	75.7	1.0375803058729889	31	31.0	77.35	1.0325540409187375	56	28.0	233.0332792768109	1072.0	3	984
SC_RS33045		SCO6159	GntR family transcriptional regulator	GntR	6761595	6762416	+	6761595.0	0	0	Shielded	0	0.0	0	0.0	1	0.5	0	0.0	0	0.0	1	0.5	0	0.0	0	0.0	8	4.0	22	36.66666666666667	38	38.0	114	57.0	71.83333333333334	1.0862537178326652	24	40.0	73.7	1.061148693460671	37	37.0	76.14999999999999	1.0761032645248072	77	38.5	423.8979496981703	619.0	7	822
SC_RS33060		SCO6162	response regulator	Response regulator	6765623	6766405	-	6766405.0	0	0	Shielded	0	0.0	0	0.0	0	0.0	0	0.0	0	0.0	0	0.0	6	10.0	8	8.0	8	4.0	20	33.333333333333336	36	36.0	66	33.0	75.83333333333333	1.1952191235059761	23	38.333333333333336	74.0	1.1975080078756353	35	35.0	73.1	1.1022143976285461	55	27.5	44.78757709833529	847.0	4	783
SC_RS33065		SCO6163	HAMP domain-containing sensor histidine kinase	Sensor kinase	6766414	6767361	-	6767361.0	0	0	Shielded	0	0.0	0	0.0	0	0.0	0	0.0	0	0.0	1	0.5	0	0.0	0	0.0	6	3.0	28	46.66666666666667	28	28.0	58	29.0	71.5	0.9784735812133072	16	26.666666666666668	71.6	1.0267423268645954	22	22.0	72.65	1.092663975475764	56	28.0	104.7672485549304	589.0	3	948
SC_RS33075		SCO6165	TraR/DksA family transcriptional regulator	Other regulatory	6768098	6768478	+	6768098.0	0	0	Shielded	0	0.0	0	0.0	0	0.0	1	1.6666666666666667	1	1.0	1	0.5	2	3.3333333333333335	4	4.0	6	3.0	12	20.0	34	34.0	70	35.0	72.66666666666667	1.1479591836734693	19	31.666666666666668	73.6	1.1332458547059527	27	27.0	73.5	1.11623545870766	58	29.0	7.929447766569124	144.0	4	381
SC_RS33095		SCO6169	PucR family transcriptional regulator	Other regulatory	6771761	6773470	-	6773470.0	0	0	Shielded	0	0.0	0	0.0	0	0.0	0	0.0	0	0.0	0	0.0	0	0.0	0	0.0	8	4.0	14	23.333333333333336	26	26.0	74	37.0	68.83333333333333	1.0770975056689343	19	31.666666666666668	70.0	1.0974610974610974	30	30.0	74.05000000000001	1.145374449339207	68	34.0	644.4637909528105	1398.0	2	1710
SC_RS33210		SCO6192	winged helix DNA-binding domain-containing protein	HTH (other)	6798812	6799918	+	6798812.0	0	0	Shielded	0	0.0	0	0.0	0	0.0	0	0.0	0	0.0	0	0.0	6	10.0	6	6.0	12	6.0	32	53.333333333333336	60	60.0	116	58.0	77.0	1.1033425917057753	11	18.333333333333336	77.2	1.0713680284794034	27	27.0	76.64999999999999	1.1027220003377087	47	23.5	50.25722744747809	1161.0	3	1107
SC_RS33220		SCO6194	helix-turn-helix transcriptional regulator	HTH (other)	6803232	6804071	-	6804071.0	0	0	Shielded	0	0.0	0	0.0	0	0.0	0	0.0	0	0.0	1	0.5	0	0.0	0	0.0	4	2.0	16	26.666666666666668	32	32.0	72	36.0	72.33333333333334	1.1906794127688631	12	20.0	74.3	1.2012055735938616	25	25.0	74.35000000000001	1.2103704245438256	60	30.0	133.16426831501704	638.0	2	840
SC_RS33290		SCO6208	helix-turn-helix domain-containing protein	HTH (other)	6822714	6823082	+	6822714.0	0	0	Shielded	0	0.0	0	0.0	1	0.5	0	0.0	0	0.0	1	0.5	2	3.3333333333333335	2	2.0	8	4.0	16	26.666666666666668	22	22.0	58	29.0	73.83333333333333	1.1505507955936352	26	43.333333333333336	69.8	1.1677151432918054	37	37.0	70.85000000000001	1.1436951315249402	77	38.5	237.47456494316583	484.0	4	369
SC_RS33325			winged helix-turn-helix transcriptional regulator	HTH (other)	6830005	6830142	+	6830005.0	0	0	Shielded	0	0.0	0	0.0	0	0.0	0	0.0	0	0.0	0	0.0	0	0.0	2	2.0	6	3.0	30	50.0	52	52.0	96	48.0	77.33333333333333	1.233644859813084	31	51.66666666666667	74.5	1.1920759460748191	49	49.0	73.9	1.181189284662938	75	37.5	99.14625778407336	801.0	1	138
SC_RS33365		SCO6223	winged helix-turn-helix transcriptional regulator	HTH (other)	6844468	6845118	+	6844468.0	0	0	Shielded	0	0.0	0	0.0	0	0.0	0	0.0	0	0.0	0	0.0	2	3.3333333333333335	2	2.0	6	3.0	18	30.0	24	24.0	56	28.0	68.66666666666667	1.1904761904761905	16	26.666666666666668	71.3	1.094833018273472	26	26.0	72.45	1.0913031533319089	57	28.5	44.175004992968915	537.0	1	651
SC_RS33415		SCO6233	LacI family DNA-binding transcriptional regulator	LacI	6857160	6858188	+	6857160.0	0	0	Shielded	0	0.0	0	0.0	0	0.0	0	0.0	0	0.0	1	0.5	0	0.0	0	0.0	4	2.0	26	43.333333333333336	34	34.0	70	35.0	71.33333333333334	1.1939123589609026	28	46.66666666666667	72.89999999999999	1.1373051141071024	39	39.0	72.89999999999999	1.1857774465129673	84	42.0	156.6093447973313	677.0	4	1029
SC_RS33430		SCO6236	helix-turn-helix domain-containing protein	HTH (other)	6859900	6860733	-	6860733.0	0	0	Shielded	0	0.0	0	0.0	0	0.0	0	0.0	0	0.0	0	0.0	0	0.0	0	0.0	2	1.0	14	23.333333333333336	22	22.0	44	22.0	70.66666666666667	1.1443102352193262	21	35.0	70.6	1.1436118806777913	28	28.0	69.35	1.1573929515601906	47	23.5	51.75473105700818	1909.0	1	834
SC_RS33445	sigJ	SCO6239	RNA polymerase sigma factor SigJ	Sigma factor	6862307	6863275	-	6863275.0	0	0	Shielded	0	0.0	0	0.0	0	0.0	0	0.0	0	0.0	1	0.5	0	0.0	0	0.0	0	0.0	8	13.333333333333334	14	14.0	28	14.0	63.83333333333333	1.085228829816388	16	26.666666666666668	63.1	1.075009544477264	20	20.0	62.7	1.120605126768455	36	18.0	41.55970680259623	633.0	1	969
SC_RS33480	allR	SCO6246	allantoin degradation transcriptional regulator AllR	Other regulatory	6868657	6869469	-	6869469.0	0	0	Shielded	0	0.0	0	0.0	0	0.0	0	0.0	0	0.0	0	0.0	0	0.0	0	0.0	4	2.0	12	20.0	26	26.0	56	28.0	66.66666666666666	1.0336702895796914	24	40.0	69.5	1.0792860107928601	43	43.0	71.55	1.1212251435715124	85	42.5	185.1448503567133	1271.0	1	813
SC_RS33515		SCO6253	sensor histidine kinase	Sensor kinase	6875083	6876336	+	6875083.0	0	0	Shielded	0	0.0	0	0.0	0	0.0	0	0.0	0	0.0	1	0.5	4	6.666666666666667	4	4.0	10	5.0	22	36.66666666666667	38	38.0	62	31.0	72.66666666666667	1.158645276292335	28	46.66666666666667	73.4	1.1832281158964453	36	36.0	73.9	1.1875849427506606	59	29.5	58.742314515612975	763.0	3	1254
SC_RS33520		SCO6254	response regulator transcription factor	Response regulator	6876381	6877070	+	6876381.0	0	0	Shielded	0	0.0	0	0.0	0	0.0	0	0.0	0	0.0	0	0.0	0	0.0	4	4.0	4	2.0	28	46.66666666666667	36	36.0	66	33.0	74.66666666666667	1.1613984674329503	22	36.66666666666667	75.7	1.2362752493504316	43	43.0	75.0	1.1977414019277932	77	38.5	63.77275623199333	2061.0	0	690
SC_RS33530		SCO6256	myo-inositol degradation transcriptional regulator	Other regulatory	6878304	6879041	+	6878304.0	0	0	Shielded	0	0.0	0	0.0	0	0.0	0	0.0	0	0.0	0	0.0	0	0.0	2	2.0	6	3.0	12	20.0	28	28.0	94	47.0	69.83333333333334	1.0813523748688232	25	41.66666666666667	70.89999999999999	1.0758000765013387	42	42.0	72.85000000000001	1.151982353896533	80	40.0	84.55090515372432	1054.0	3	738
SC_RS33550		SCO6260	ROK family glucokinase	ROK	6882242	6883390	+	6882242.0	0	0	Shielded	0	0.0	0	0.0	0	0.0	0	0.0	0	0.0	0	0.0	0	0.0	4	4.0	8	4.0	12	20.0	18	18.0	46	23.0	68.5	1.1726011726011725	11	18.333333333333336	70.1	1.2092688825701865	28	28.0	70.65	1.2032677371322789	63	31.5	259.23148641670434	1325.0	1	1149
SC_RS33575		SCO6265	ScbR family autoregulator-binding transcription factor	Other regulatory	6890528	6891175	-	6891175.0	0	0	Shielded	0	0.0	0	0.0	0	0.0	0	0.0	0	0.0	0	0.0	2	3.3333333333333335	4	4.0	6	3.0	22	36.66666666666667	30	30.0	66	33.0	62.0	0.9719128749529953	19	31.666666666666668	63.800000000000004	1.0025062656641603	27	27.0	68.15	1.1110393385440216	63	31.5	646.1546522013301	2295.0	0	648
SC_RS33590		SCO6268	sensor histidine kinase	Sensor kinase	6893258	6894079	-	6894079.0	0	0	Shielded	0	0.0	0	0.0	0	0.0	0	0.0	0	0.0	0	0.0	2	3.3333333333333335	2	2.0	8	4.0	12	20.0	24	24.0	50	25.0	68.83333333333333	1.0767290716849354	12	20.0	68.7	1.0867486220027474	18	18.0	69.65	1.1535350955603796	49	24.5	88.04709773895453	1858.0	1	822
SC_RS33650		SCO6280	AfsR/SARP family transcriptional regulator	SARP	6938024	6939643	+	6938024.0	0	0	Shielded	0	0.0	0	0.0	1	0.5	0	0.0	0	0.0	0	0.0	2	3.3333333333333335	2	2.0	8	4.0	16	26.666666666666668	34	34.0	76	38.0	65.0	0.9637665894248999	17	28.333333333333336	67.60000000000001	1.094494256094144	23	23.0	70.65	1.1059110142325939	55	27.5	3910.958657887401	322.0	5	1620
SC_RS33680		SCO6286	ScbR family autoregulator-binding transcription factor	Other regulatory	6945705	6946379	-	6946379.0	0	0	Shielded	0	0.0	0	0.0	0	0.0	0	0.0	0	0.0	0	0.0	0	0.0	0	0.0	6	3.0	14	23.333333333333336	20	20.0	90	45.0	69.83333333333334	1.1078185548210624	18	30.0	72.2	1.1472128118263012	29	29.0	74.6	1.187283118453078	87	43.5	1087.8915954507863	2850.0	0	675
SC_RS33690		SCO6288	AfsR/SARP family transcriptional regulator	SARP	6947569	6948414	+	6947569.0	0	0	Shielded	0	0.0	0	0.0	0	0.0	0	0.0	0	0.0	0	0.0	2	3.3333333333333335	2	2.0	12	6.0	32	53.333333333333336	46	46.0	96	48.0	70.5	1.1732446282477749	21	35.0	71.89999999999999	1.1714689134043974	37	37.0	72.1	1.1867675419077288	77	38.5	130.71285119746824	2051.0	0	846
SC_RS33720		SCO6294	GntR family transcriptional regulator	GntR	6953679	6954356	-	6954356.0	0	0	Shielded	0	0.0	0	0.0	0	0.0	0	0.0	0	0.0	0	0.0	0	0.0	2	2.0	8	4.0	24	40.0	36	36.0	72	36.0	70.33333333333334	1.1737722611980572	11	18.333333333333336	71.3	1.1334120425029517	20	20.0	71.45	1.124431907224573	46	23.0	218.1850007816821	2782.0	0	678
SC_RS33745		SCO6299	TetR/AcrR family transcriptional regulator	TetR	6958987	6959844	-	6959844.0	0	1	Exposed	0	0.0	0	0.0	0	0.0	0	0.0	0	0.0	0	0.0	4	6.666666666666667	4	4.0	10	5.0	18	30.0	30	30.0	58	29.0	72.33333333333334	1.2616822429906542	28	46.66666666666667	73.5	1.2743950328230813	43	43.0	73.35000000000001	1.2494964715711578	77	38.5	75.17936067078227	35.0	3	858
SC_RS33790		SCO6309	LysR family transcriptional regulator	LysR	6968600	6969571	+	6968600.0	0	0	Shielded	1	1.6666666666666667	1	1.0	1	0.5	0	0.0	0	0.0	1	0.5	6	10.0	6	6.0	6	3.0	18	30.0	36	36.0	72	36.0	68.5	1.1087420042643925	16	26.666666666666668	70.5	1.1594202898550725	32	32.0	71.15	1.1106894970671473	56	28.0	39.94957606745251	274.0	1	972
SC_RS33805		SCO6312	ScbR family autoregulator-binding transcription factor	Other regulatory	6972028	6972675	-	6972675.0	0	0	Shielded	0	0.0	0	0.0	0	0.0	0	0.0	0	0.0	0	0.0	2	3.3333333333333335	2	2.0	2	1.0	14	23.333333333333336	24	24.0	52	26.0	67.66666666666666	1.1098130841121494	16	26.666666666666668	68.2	1.1442631977424462	30	30.0	68.0	1.1509396816743143	56	28.0	667.5363616963774	1134.0	2	648
SC_RS33845		SCO6323	ScbR family autoregulator-binding transcription factor	Other regulatory	6983231	6983887	-	6983887.0	0	0	Shielded	0	0.0	0	0.0	0	0.0	0	0.0	0	0.0	0	0.0	0	0.0	0	0.0	4	2.0	16	26.666666666666668	22	22.0	58	29.0	63.5	1.2649098474341192	12	20.0	65.10000000000001	1.1971723928245668	13	13.0	67.4	1.0525041010227787	29	14.5	297.6143031850015	4214.0	0	657
SC_RS33895		SCO6334	LuxR C-terminal-related transcriptional regulator	Other regulatory	6991755	6994433	-	6994433.0	0	1	Exposed	0	0.0	0	0.0	0	0.0	0	0.0	0	0.0	0	0.0	2	3.3333333333333335	2	2.0	6	3.0	14	23.333333333333336	28	28.0	66	33.0	72.0	1.1445473251028806	15	25.0	71.3	1.0950400201676436	23	23.0	70.95	1.0702463555923356	54	27.0	99.45907092185624	30.0	4	2679
SC_RS33960		SCO6349	LacI family DNA-binding transcriptional regulator	LacI	7011086	7012171	+	7011086.0	0	0	Shielded	2	3.3333333333333335	2	2.0	2	1.0	0	0.0	0	0.0	0	0.0	4	6.666666666666667	6	6.0	8	4.0	18	30.0	30	30.0	58	29.0	69.5	1.228716060745513	19	31.666666666666668	72.89999999999999	1.1596036263967953	38	38.0	72.05	1.1727987839928398	72	36.0	152.02112448511676	139.0	3	1086
SC_RS33965		SCO6350	TetR/AcrR family transcriptional regulator	TetR	7012204	7012788	-	7012788.0	0	0	Shielded	0	0.0	0	0.0	0	0.0	1	1.6666666666666667	1	1.0	1	0.5	6	10.0	6	6.0	6	3.0	32	53.333333333333336	40	40.0	74	37.0	74.5	1.2267206477732795	46	76.66666666666667	73.2	1.2370670265407109	58	58.0	73.5	1.1945037986704654	80	40.0	35.78832116567337	620.0	5	585
SC_RS33980		SCO6353	sensor histidine kinase	Sensor kinase	7014907	7016286	-	7016286.0	0	0	Shielded	0	0.0	0	0.0	0	0.0	0	0.0	0	0.0	0	0.0	2	3.3333333333333335	4	4.0	4	2.0	16	26.666666666666668	38	38.0	54	27.0	72.0	1.1339633129516398	19	31.666666666666668	72.8	1.1326961271102285	27	27.0	72.35000000000001	1.1369496929063716	47	23.5	69.29346307835456	1606.0	1	1380
SC_RS33985		SCO6354	response regulator transcription factor	Response regulator	7016283	7016945	-	7016945.0	0	0	Shielded	0	0.0	0	0.0	1	0.5	0	0.0	0	0.0	0	0.0	0	0.0	0	0.0	4	2.0	16	26.666666666666668	24	24.0	46	23.0	72.33333333333334	1.1221388646845047	13	21.666666666666668	72.3	1.1146815085868913	22	22.0	73.15	1.1430720060161685	57	28.5	30.924431004503415	2265.0	0	663
SC_RS34005		SCO6358	BlaI/MecI/CopY family transcriptional regulator	Other regulatory	7019120	7019509	+	7019120.0	0	0	Shielded	0	0.0	1	1.0	1	0.5	0	0.0	0	0.0	0	0.0	2	3.3333333333333335	10	10.0	12	6.0	28	46.66666666666667	46	46.0	76	38.0	69.16666666666667	1.1856604826335613	20	33.333333333333336	71.89999999999999	1.052647873806096	31	31.0	72.35000000000001	1.0845317215879706	58	29.0	217.14566762946808	1889.0	1	390
SC_RS34025		SCO6362	sensor histidine kinase	Sensor kinase	7022736	7024016	+	7022736.0	0	0	Shielded	0	0.0	0	0.0	0	0.0	0	0.0	0	0.0	0	0.0	0	0.0	0	0.0	6	3.0	20	33.333333333333336	24	24.0	58	29.0	72.0	0.9905660377358491	15	25.0	71.5	1.0287096368890565	24	24.0	71.3	1.0747862238389947	56	28.0	70.70319400527758	1727.0	1	1281
SC_RS34030		SCO6363	response regulator	Response regulator	7024013	7024681	+	7024013.0	0	0	Shielded	0	0.0	0	0.0	1	0.5	0	0.0	0	0.0	0	0.0	4	6.666666666666667	10	10.0	12	6.0	26	43.333333333333336	50	50.0	74	37.0	72.5	1.1161846778285134	23	38.333333333333336	74.7	1.1625737373157463	39	39.0	73.65	1.1321269604788122	68	34.0	23.78811958777459	836.0	2	669
SC_RS34035		SCO6364	response regulator transcription factor	Response regulator	7024745	7025473	-	7025473.0	0	0	Shielded	0	0.0	1	1.0	2	1.0	0	0.0	0	0.0	0	0.0	0	0.0	2	2.0	6	3.0	12	20.0	26	26.0	58	29.0	73.5	1.223985163816196	26	43.333333333333336	73.9	1.2277245192024937	35	35.0	72.8	1.1825348696179503	63	31.5	18.233356474823577	448.0	6	729
SC_RS34060		SCO6369	HAMP domain-containing sensor histidine kinase	Sensor kinase	7030354	7031664	+	7030354.0	0	1	Exposed	0	0.0	0	0.0	0	0.0	0	0.0	0	0.0	1	0.5	2	3.3333333333333335	4	4.0	8	4.0	28	46.66666666666667	40	40.0	72	36.0	73.0	1.2059039045326077	20	33.333333333333336	73.0	1.1935055284076834	32	32.0	72.7	1.167356468216067	52	26.0	38.94814585701254	264.0	3	1311
SC_RS34110			BlaI/MecI/CopY family transcriptional regulator	Other regulatory	7042854	7043107	+	7042854.0	0	0	Shielded	0	0.0	0	0.0	1	0.5	0	0.0	0	0.0	0	0.0	0	0.0	0	0.0	4	2.0	10	16.666666666666668	20	20.0	56	28.0	66.83333333333333	1.0476428036916938	6	10.0	70.0	1.0367042677659022	21	21.0	69.39999999999999	1.1042701919971665	55	27.5	80.13914068694947	638.0	2	254
SC_RS34245		SCO6410	helix-turn-helix domain-containing protein	HTH (other)	7077312	7077563	+	7077312.0	0	0	Shielded	0	0.0	0	0.0	0	0.0	0	0.0	1	1.0	1	0.5	4	6.666666666666667	4	4.0	10	5.0	22	36.66666666666667	30	30.0	74	37.0	72.5	1.1428571428571428	33	55.0	71.0	1.1588313265443808	46	46.0	71.85000000000001	1.1265723453682337	81	40.5	107.1116459667802	350.0	2	252
SC_RS34260		SCO6413	PucR family transcriptional regulator	Other regulatory	7079908	7081521	+	7079908.0	0	0	Shielded	0	0.0	0	0.0	0	0.0	0	0.0	0	0.0	0	0.0	2	3.3333333333333335	2	2.0	6	3.0	22	36.66666666666667	30	30.0	74	37.0	75.5	1.0761072988147222	15	25.0	74.2	1.0923629266587531	27	27.0	74.95	1.0904579565890475	63	31.5	73.03314290453335	1024.0	2	1614
SC_RS34300		SCO6421	sensor histidine kinase	Sensor kinase	7090613	7091761	+	7090613.0	0	0	Shielded	0	0.0	0	0.0	0	0.0	0	0.0	0	0.0	0	0.0	2	3.3333333333333335	6	6.0	14	7.0	24	40.0	54	54.0	104	52.0	76.83333333333333	1.2448132780082988	28	46.66666666666667	76.7	1.165405847474954	39	39.0	76.7	1.1752022114239873	72	36.0	210.8729442417183	333.0	4	1149
SC_RS34305		SCO6422	response regulator	Response regulator	7091758	7092432	+	7091758.0	0	0	Shielded	0	0.0	0	0.0	0	0.0	0	0.0	0	0.0	0	0.0	0	0.0	2	2.0	8	4.0	24	40.0	46	46.0	86	43.0	74.66666666666667	1.2221423436376708	14	23.333333333333336	75.6	1.1548556430446195	26	26.0	75.0	1.1385084471990023	76	38.0	172.5522362910912	529.0	5	675
SC_RS34315		SCO6424	HAMP domain-containing sensor histidine kinase	Sensor kinase	7093614	7094582	-	7094582.0	0	0	Shielded	0	0.0	0	0.0	0	0.0	0	0.0	0	0.0	0	0.0	6	10.0	6	6.0	10	5.0	28	46.66666666666667	40	40.0	102	51.0	70.0	1.1972789115646258	25	41.66666666666667	71.2	1.154049845467983	31	31.0	74.4	1.1114188329378203	65	32.5	28.688408515020924	926.0	1	969
SC_RS34320		SCO6425	helix-turn-helix transcriptional regulator	HTH (other)	7094757	7095527	+	7094757.0	0	0	Shielded	0	0.0	0	0.0	0	0.0	0	0.0	0	0.0	0	0.0	4	6.666666666666667	6	6.0	10	5.0	32	53.333333333333336	46	46.0	96	48.0	71.66666666666667	1.2008092410102462	20	33.333333333333336	71.89999999999999	1.122899403701696	39	39.0	72.55	1.0990933430692467	58	29.0	30.491470973795035	1101.0	1	771
SC_RS34435		SCO6448	AraC family transcriptional regulator	AraC	7132198	7133130	+	7132198.0	0	0	Shielded	0	0.0	0	0.0	0	0.0	0	0.0	0	0.0	0	0.0	0	0.0	0	0.0	4	2.0	12	20.0	22	22.0	54	27.0	72.16666666666667	1.2034310587632826	20	33.333333333333336	73.0	1.186685092831821	32	32.0	73.75	1.169071402145764	61	30.5	243.75911617292832	1618.0	1	933
SC_RS34490		SCO6459	ArsR/SmtB family transcription factor	ArsR	7147028	7147390	-	7147390.0	0	0	Shielded	0	0.0	0	0.0	0	0.0	0	0.0	0	0.0	0	0.0	0	0.0	0	0.0	4	2.0	12	20.0	18	18.0	62	31.0	73.0	1.0210084033613447	11	18.333333333333336	73.1	1.0930197497361678	25	25.0	74.3	1.1303233778860047	60	30.0	48.36506329790919	1379.0	3	363
SC_RS34565		SCO6474	TetR family transcriptional regulator	TetR	7163600	7164418	-	7164418.0	0	0	Shielded	0	0.0	0	0.0	0	0.0	0	0.0	0	0.0	1	0.5	4	6.666666666666667	4	4.0	4	2.0	22	36.66666666666667	30	30.0	54	27.0	74.16666666666667	1.1639655660186718	26	43.333333333333336	71.39999999999999	1.2240286234385789	38	38.0	71.15	1.224739742804654	69	34.5	245.6862549319252	665.0	3	819
SC_RS34785		SCO6518	helix-turn-helix domain-containing protein	HTH (other)	7208891	7209373	+	7208891.0	1	0	Shielded	0	0.0	0	0.0	1	0.5	0	0.0	0	0.0	1	0.5	2	3.3333333333333335	10	10.0	20	10.0	22	36.66666666666667	42	42.0	76	38.0	73.33333333333333	1.2558023872679045	24	40.0	73.6	1.1783014673188084	41	41.0	72.65	1.178716187955802	97	48.5	100.59116193105709	630.0	8	483
SC_RS34795		SCO6520	RNA polymerase sigma factor SigF	Sigma factor	7210082	7210882	+	7210082.0	1	0	Shielded	0	0.0	1	1.0	1	0.5	0	0.0	0	0.0	0	0.0	0	0.0	4	4.0	10	5.0	18	30.0	32	32.0	68	34.0	73.83333333333333	1.224739742804654	11	18.333333333333336	73.2	1.2075211316198033	36	36.0	72.95	1.19898651705728	67	33.5	218.9287143866256	91.0	10	801
SC_RS34880		SCO6537	helix-turn-helix domain-containing protein	HTH (other)	7231262	7232125	-	7232125.0	1	0	Shielded	0	0.0	0	0.0	0	0.0	0	0.0	0	0.0	0	0.0	0	0.0	2	2.0	2	1.0	22	36.66666666666667	46	46.0	88	44.0	69.83333333333334	1.1545416608707748	9	15.0	72.6	1.1530656171207183	24	24.0	72.15	1.1164452383610584	45	22.5	177.74521445821526	144.0	4	864
SC_RS34890		SCO6539	helix-turn-helix domain-containing protein	HTH (other)	7232761	7233579	-	7233579.0	1	0	Shielded	0	0.0	1	1.0	2	1.0	0	0.0	0	0.0	0	0.0	0	0.0	2	2.0	8	4.0	26	43.333333333333336	42	42.0	86	43.0	75.33333333333333	1.069078947368421	18	30.0	74.8	1.1154728961537637	35	35.0	74.9	1.1481138130214648	71	35.5	135.04430486140365	173.0	5	819
SC_RS34895		SCO6540	4a-hydroxytetrahydrobiopterin dehydratase	TetR	7233669	7233974	+	7233669.0	1	0	Shielded	1	1.6666666666666667	1	1.0	2	1.0	0	0.0	0	0.0	0	0.0	2	3.3333333333333335	2	2.0	8	4.0	22	36.66666666666667	42	42.0	84	42.0	75.33333333333333	1.0220864661654134	21	35.0	74.9	1.1052166224580018	37	37.0	74.85000000000001	1.1566265060240963	73	36.5	142.96416099158836	83.0	5	306
SC_RS34960		SCO6554	Lrp/AsnC family transcriptional regulator	Lrp	7252536	7253519	+	7252536.0	1	0	Shielded	0	0.0	0	0.0	0	0.0	0	0.0	0	0.0	0	0.0	0	0.0	2	2.0	2	1.0	10	16.666666666666668	20	20.0	58	29.0	69.83333333333334	1.1661407600493894	14	23.333333333333336	72.3	1.1478137614396202	32	32.0	73.4	1.1658894070619588	49	24.5	36.4057527198948	1121.0	3	984
SC_RS34965		SCO6555	LysR substrate-binding domain-containing protein	LysR	7253501	7254379	-	7254379.0	1	0	Shielded	0	0.0	0	0.0	0	0.0	0	0.0	0	0.0	0	0.0	2	3.3333333333333335	2	2.0	2	1.0	18	30.0	34	34.0	70	35.0	71.0	1.1514790549930514	17	28.333333333333336	71.0	1.0714514168745604	30	30.0	72.55	1.07001149976772	51	25.5	46.93623659925541	366.0	3	879
SC_RS35020		SCO6565	GntR family transcriptional regulator	GntR	7267256	7267933	+	7267256.0	1	0	Shielded	0	0.0	1	1.0	3	1.5	0	0.0	0	0.0	1	0.5	0	0.0	6	6.0	8	4.0	22	36.66666666666667	34	34.0	82	41.0	70.83333333333334	1.1042128603104213	17	28.333333333333336	72.89999999999999	1.1523687580025608	36	36.0	72.89999999999999	1.186965983062184	57	28.5	438.7661776080953	740.0	3	678
SC_RS35025		SCO6566	ROK family transcriptional regulator	ROK	7268197	7269378	+	7268197.0	1	0	Shielded	0	0.0	0	0.0	0	0.0	0	0.0	0	0.0	0	0.0	0	0.0	2	2.0	4	2.0	16	26.666666666666668	36	36.0	66	33.0	69.5	1.169590643274854	18	30.0	71.2	1.1726766344180592	33	33.0	71.95	1.1398983751618075	74	37.0	565.3887505079537	140.0	3	1182
SC_RS35190		SCO6598	LacI family DNA-binding transcriptional regulator	LacI	7318137	7319177	+	7318137.0	1	0	Shielded	0	0.0	0	0.0	2	1.0	0	0.0	0	0.0	0	0.0	2	3.3333333333333335	4	4.0	12	6.0	28	46.66666666666667	50	50.0	90	45.0	77.5	1.1459386585776878	18	30.0	76.9	1.1518695729222046	31	31.0	76.95	1.142374313476975	64	32.0	104.8235392681396	615.0	3	1041
SC_RS35195		SCO6599	TetR/AcrR family transcriptional regulator	TetR	7319193	7319846	-	7319846.0	1	1	Exposed	0	0.0	0	0.0	0	0.0	0	0.0	0	0.0	0	0.0	8	13.333333333333334	8	8.0	10	5.0	28	46.66666666666667	42	42.0	74	37.0	75.83333333333333	1.1328246652133291	27	45.0	75.3	1.034345953298572	40	40.0	75.7	1.1096176194676635	79	39.5	108.071206160425	236.0	2	654
SC_RS35200		SCO6600	ROK family protein	ROK	7320012	7321337	-	7321337.0	1	0	Shielded	0	0.0	0	0.0	0	0.0	0	0.0	0	0.0	1	0.5	6	10.0	6	6.0	8	4.0	16	26.666666666666668	30	30.0	60	30.0	70.5	1.1841567986933443	25	41.66666666666667	70.19999999999999	1.1477667737915656	37	37.0	71.5	1.1456865298582164	65	32.5	28.100580529505603	1255.0	2	1326
SC_RS35265		SCO6613	winged helix-turn-helix transcriptional regulator	HTH (other)	7334456	7334863	+	7334456.0	1	0	Shielded	0	0.0	0	0.0	0	0.0	0	0.0	0	0.0	1	0.5	0	0.0	4	4.0	6	3.0	14	23.333333333333336	28	28.0	70	35.0	68.83333333333333	1.0273008725021109	18	30.0	70.19999999999999	1.0899182561307903	35	35.0	71.85000000000001	1.1245104501919423	64	32.0	66.98684918364357	583.0	5	408
SC_RS35300		SCO6620	MarR family winged helix-turn-helix transcriptional regulator	MarR	7340945	7341376	+	7340945.0	1	0	Shielded	1	1.6666666666666667	1	1.0	2	1.0	0	0.0	0	0.0	0	0.0	2	3.3333333333333335	2	2.0	6	3.0	14	23.333333333333336	22	22.0	58	29.0	68.16666666666666	1.1191353005882634	18	30.0	69.69999999999999	1.1170688114387846	31	31.0	70.45	1.1694529153080575	63	31.5	74.01974624162575	169.0	2	432
SC_RS35345		SCO6629	helix-turn-helix domain-containing protein	HTH (other)	7357519	7358352	+	7357519.0	1	0	Shielded	0	0.0	0	0.0	0	0.0	0	0.0	0	0.0	0	0.0	0	0.0	0	0.0	2	1.0	12	20.0	16	16.0	32	16.0	65.66666666666666	1.1066398390342052	11	18.333333333333336	64.8	1.1131535947712419	13	13.0	65.85	1.0492488225357945	31	15.5	187.5274035279107	1134.0	1	834
SC_RS35505		SCO6664	helix-turn-helix transcriptional regulator	HTH (other)	7402846	7403751	+	7402846.0	1	0	Shielded	0	0.0	0	0.0	0	0.0	0	0.0	0	0.0	0	0.0	2	3.3333333333333335	2	2.0	6	3.0	20	33.333333333333336	34	34.0	56	28.0	66.0	1.224396092135806	25	41.66666666666667	68.4	1.137345111553887	34	34.0	70.65	1.1780686886172118	67	33.5	42.57756419325912	1373.0	1	906
SC_RS35520		SCO6667	response regulator	Response regulator	7407798	7408466	-	7408466.0	1	0	Shielded	0	0.0	0	0.0	0	0.0	0	0.0	0	0.0	0	0.0	0	0.0	4	4.0	4	2.0	24	40.0	48	48.0	80	40.0	75.0	1.1917898918561025	22	36.66666666666667	75.2	1.187263896384242	41	41.0	74.35000000000001	1.1527252164078472	73	36.5	24.743856728417175	636.0	4	669
SC_RS35525		SCO6668	sensor histidine kinase	Sensor kinase	7408463	7409680	-	7409680.0	1	1	Exposed	0	0.0	0	0.0	0	0.0	0	0.0	0	0.0	0	0.0	4	6.666666666666667	4	4.0	4	2.0	30	50.0	42	42.0	84	42.0	77.83333333333333	1.080643975593619	24	40.0	75.9	1.1079058489067268	32	32.0	75.6	1.1172362586944795	68	34.0	67.88311482027262	99.0	4	1218
SC_RS35530		SCO6669	IclR family transcriptional regulator	IclR	7409712	7410506	-	7410506.0	1	0	Shielded	0	0.0	0	0.0	0	0.0	0	0.0	0	0.0	0	0.0	0	0.0	0	0.0	8	4.0	28	46.66666666666667	36	36.0	92	46.0	76.16666666666667	1.055072463768116	20	33.333333333333336	75.8	1.1821075088308326	25	25.0	75.75	1.1401753150300908	57	28.5	18.80951619345305	727.0	6	795
SC_RS35560		SCO6675	helix-turn-helix domain-containing protein	HTH (other)	7415327	7415983	-	7415983.0	1	0	Shielded	0	0.0	0	0.0	0	0.0	0	0.0	0	0.0	0	0.0	6	10.0	8	8.0	8	4.0	18	30.0	40	40.0	62	31.0	71.0	1.0720667063728408	19	31.666666666666668	71.6	1.0563132320837538	33	33.0	72.85000000000001	1.060937853960583	44	22.0	348.85841814136523	1631.0	1	657
SC_RS35565		SCO6676	MmyB family transcriptional regulator	Other regulatory	7416216	7416875	+	7416216.0	1	0	Shielded	0	0.0	0	0.0	0	0.0	0	0.0	0	0.0	0	0.0	2	3.3333333333333335	6	6.0	10	5.0	18	30.0	34	34.0	62	31.0	68.5	0.9956709956709957	17	28.333333333333336	72.0	1.0666126872411323	29	29.0	72.85000000000001	1.0676520363001694	48	24.0	60.490751314631794	1398.0	1	660
SC_RS35610	ramR	SCO6685	two-component system response regulator RamR	Response regulator	7426396	7427004	-	7427004.0	1	1	Exposed	0	0.0	0	0.0	0	0.0	0	0.0	0	0.0	0	0.0	0	0.0	4	4.0	6	3.0	20	33.333333333333336	42	42.0	72	36.0	72.66666666666667	1.1797289583289288	22	36.66666666666667	73.2	1.1291323627281633	50	50.0	73.0	1.1146556577218991	69	34.5	55.32717278858127	286.0	6	609
SC_RS35620		SCO6687	DNA-binding protein	Other regulatory	7428452	7433488	+	7428452.0	1	0	Shielded	0	0.0	1	1.0	1	0.5	0	0.0	0	0.0	0	0.0	2	3.3333333333333335	6	6.0	12	6.0	36	60.0	50	50.0	80	40.0	74.33333333333333	1.1827892100657775	20	33.333333333333336	73.5	1.140436624307592	32	32.0	73.15	1.0991969132756068	49	24.5	610.3864809832395	68.0	4	5037
SC_RS35655		SCO6694	TetR/AcrR family transcriptional regulator	TetR	7444457	7445071	+	7444457.0	1	0	Shielded	0	0.0	1	1.0	1	0.5	0	0.0	0	0.0	0	0.0	2	3.3333333333333335	8	8.0	12	6.0	22	36.66666666666667	40	40.0	74	37.0	68.5	1.2082444918265816	17	28.333333333333336	70.6	1.1834891191459556	43	43.0	72.55	1.1346027177161742	82	41.0	641.7097213468613	470.0	3	615
SC_RS35705		SCO6704	MarR family winged helix-turn-helix transcriptional regulator	MarR	7456000	7456464	+	7456000.0	1	0	Shielded	0	0.0	0	0.0	0	0.0	0	0.0	0	0.0	0	0.0	2	3.3333333333333335	4	4.0	8	4.0	26	43.333333333333336	52	52.0	92	46.0	70.83333333333334	1.014550794286477	19	31.666666666666668	71.7	1.0541933468686553	26	26.0	72.65	1.0974405711247817	54	27.0	32.638438761139476	1867.0	2	465
SC_RS35750		SCO6713	LacI family DNA-binding transcriptional regulator	LacI	7467726	7468784	+	7467726.0	1	0	Shielded	0	0.0	1	1.0	1	0.5	0	0.0	0	0.0	1	0.5	4	6.666666666666667	6	6.0	10	5.0	20	33.333333333333336	42	42.0	78	39.0	74.33333333333333	1.2198067632850242	24	40.0	73.5	1.1262095638901648	32	32.0	72.85000000000001	1.1669404633773295	69	34.5	181.107874228724	364.0	2	1059
SC_RS35760		SCO6715	WhiB family transcriptional regulator	WhiB	7469875	7470120	+	7469875.0	1	0	Shielded	0	0.0	1	1.0	1	0.5	0	0.0	0	0.0	0	0.0	0	0.0	4	4.0	10	5.0	18	30.0	44	44.0	98	49.0	70.83333333333334	1.2357161838958277	16	26.666666666666668	73.3	1.208504289444237	29	29.0	75.5	1.1692744178207255	67	33.5	142.6743666121207	695.0	3	246
SC_RS35800	ssgD	SCO6722	spore wall synthesis regulator SsgD	Other regulatory	7477705	7478121	-	7478121.0	1	0	Shielded	0	0.0	1	1.0	1	0.5	1	1.6666666666666667	1	1.0	1	0.5	0	0.0	8	8.0	12	6.0	12	20.0	44	44.0	90	45.0	72.16666666666667	1.2352032938754502	24	40.0	74.9	1.1608908762576318	43	43.0	75.44999999999999	1.1630693753260117	88	44.0	855.0520784280004	28.0	5	417
SC_RS35855		SCO6733	MerR family transcriptional regulator	MerR	7487571	7488326	-	7488326.0	1	0	Shielded	0	0.0	0	0.0	0	0.0	0	0.0	0	0.0	1	0.5	2	3.3333333333333335	6	6.0	10	5.0	12	20.0	32	32.0	54	27.0	69.33333333333334	1.1532315957668526	14	23.333333333333336	71.3	1.1556484295846	28	28.0	70.15	1.1779187113813847	58	29.0	86.50562244419986	876.0	5	756
SC_RS35915		SCO6746	GlxA family transcriptional regulator	Other regulatory	7503189	7504166	+	7503189.0	1	0	Shielded	0	0.0	0	0.0	0	0.0	0	0.0	0	0.0	1	0.5	2	3.3333333333333335	4	4.0	12	6.0	28	46.66666666666667	54	54.0	104	52.0	72.5	1.1670190274841439	16	26.666666666666668	74.0	1.1253114701390563	40	40.0	75.25	1.1398310784501129	68	34.0	44.356392894509625	261.0	2	978
SC_RS36035		SCO6770	helix-turn-helix domain-containing protein	HTH (other)	7529043	7529657	+	7529043.0	1	0	Shielded	0	0.0	0	0.0	0	0.0	0	0.0	0	0.0	0	0.0	0	0.0	4	4.0	6	3.0	14	23.333333333333336	30	30.0	54	27.0	72.0	1.0161425172036787	15	25.0	72.7	1.0601241859760715	38	38.0	71.89999999999999	1.0370714340995277	64	32.0	455.65939065323863	2844.0	0	615
SC_RS36060		SCO6775	TetR/AcrR family transcriptional regulator	TetR	7533249	7533869	-	7533869.0	1	0	Shielded	0	0.0	1	1.0	2	1.0	0	0.0	0	0.0	0	0.0	4	6.666666666666667	4	4.0	12	6.0	16	26.666666666666668	36	36.0	90	45.0	72.83333333333334	1.2531645569620253	18	30.0	74.0	1.1832656653280975	38	38.0	74.8	1.1340419595525035	81	40.5	623.0382610468171	297.0	4	621
SC_RS36075		SCO6778	TetR/AcrR family transcriptional regulator	TetR	7536362	7537048	-	7537048.0	1	0	Shielded	0	0.0	0	0.0	1	0.5	0	0.0	0	0.0	0	0.0	2	3.3333333333333335	2	2.0	6	3.0	20	33.333333333333336	24	24.0	66	33.0	69.66666666666667	1.2778665185082296	23	38.333333333333336	66.7	1.2085137085137085	25	25.0	68.2	1.173943612005186	59	29.5	396.5067927450259	569.0	1	687
SC_RS36085		SCO6781	TetR/AcrR family transcriptional regulator	TetR	7538739	7539902	-	7539902.0	1	0	Shielded	0	0.0	0	0.0	0	0.0	0	0.0	0	0.0	0	0.0	0	0.0	4	4.0	8	4.0	36	60.0	48	48.0	84	42.0	75.33333333333333	1.1285266457680252	18	30.0	75.4	1.142712036566785	37	37.0	76.55	1.1209191537060388	57	28.5	177.8062295941428	2024.0	0	1164
SC_RS36100		SCO6784	TetR/AcrR family transcriptional regulator	TetR	7541642	7542313	-	7542313.0	1	0	Shielded	0	0.0	1	1.0	1	0.5	0	0.0	0	0.0	0	0.0	2	3.3333333333333335	6	6.0	8	4.0	18	30.0	40	40.0	70	35.0	69.16666666666667	1.0730211817168338	25	41.66666666666667	70.3	1.1498348124635616	41	41.0	72.25	1.0928207428880377	72	36.0	45.666895029334626	387.0	2	672
SC_RS36140		SCO6792	TetR/AcrR family transcriptional regulator	TetR	7552594	7553190	+	7552594.0	1	0	Shielded	0	0.0	0	0.0	0	0.0	0	0.0	0	0.0	0	0.0	2	3.3333333333333335	6	6.0	14	7.0	14	23.333333333333336	30	30.0	72	36.0	70.5	1.1948981875139852	13	21.666666666666668	71.6	1.1636715790789032	28	28.0	72.6	1.1555069026333393	66	33.0	164.40345872975885	939.0	3	597
SC_RS36150		SCO6794	sensor histidine kinase	Sensor kinase	7555369	7557321	+	7555369.0	1	0	Shielded	0	0.0	0	0.0	0	0.0	0	0.0	0	0.0	0	0.0	4	6.666666666666667	4	4.0	8	4.0	26	43.333333333333336	40	40.0	80	40.0	72.66666666666667	1.2584745762711864	29	48.333333333333336	74.7	1.2429541841306548	47	47.0	73.25	1.20157215047726	87	43.5	1508.067309884637	832.0	4	1953
SC_RS36185		SCO6801	LysR family transcriptional regulator	LysR	7561923	7562825	+	7561923.0	1	0	Shielded	0	0.0	0	0.0	0	0.0	0	0.0	0	0.0	0	0.0	0	0.0	0	0.0	2	1.0	16	26.666666666666668	30	30.0	62	31.0	73.16666666666667	1.1494252873563218	23	38.333333333333336	74.4	1.2109010270774978	33	33.0	73.25	1.2302807071668553	66	33.0	179.72561848921976	281.0	6	903
SC_RS36190		SCO6802	helix-turn-helix domain-containing protein	HTH (other)	7562872	7563450	+	7562872.0	1	0	Shielded	0	0.0	0	0.0	0	0.0	0	0.0	0	0.0	0	0.0	0	0.0	0	0.0	2	1.0	26	43.333333333333336	42	42.0	88	44.0	75.33333333333333	1.2217088260631217	18	30.0	75.2	1.1960791252344387	26	26.0	75.94999999999999	1.123443562564364	65	32.5	62.39604236922402	668.0	3	579
SC_RS36200		SCO6804	MmcQ/YjbR family DNA-binding protein	Other regulatory	7564023	7564382	+	7564023.0	1	0	Shielded	0	0.0	0	0.0	0	0.0	0	0.0	0	0.0	0	0.0	4	6.666666666666667	4	4.0	4	2.0	30	50.0	48	48.0	88	44.0	73.5	1.0872251050160613	25	41.66666666666667	75.3	0.9925558312655086	28	28.0	75.3	1.0835651056740692	55	27.5	73.21391357600938	575.0	3	360
SC_RS36220			helix-turn-helix transcriptional regulator	HTH (other)	7567337	7567666	-	7567666.0	1	1	Exposed	0	0.0	0	0.0	0	0.0	0	0.0	0	0.0	0	0.0	0	0.0	0	0.0	2	1.0	8	13.333333333333334	18	18.0	36	18.0	61.5	1.3300492610837438	18	30.0	62.7	1.218420011246954	26	26.0	64.7	1.1672776384333399	58	29.0	18.87275042201153	183.0	4	330
SC_RS36230		SCO6808	ArsR/SmtB family transcription factor	ArsR	7570606	7570968	-	7570968.0	1	0	Shielded	0	0.0	0	0.0	1	0.5	0	0.0	0	0.0	0	0.0	0	0.0	0	0.0	4	2.0	6	10.0	16	16.0	26	13.0	64.33333333333333	0.9433962264150944	15	25.0	64.8	0.9645061728395061	26	26.0	65.85	1.0009116284315291	56	28.0	337.3921327256206	557.0	2	363
SC_RS36250		SCO6812	ArsR/SmtB family transcription factor	ArsR	7574420	7574779	+	7574420.0	1	0	Shielded	0	0.0	0	0.0	0	0.0	0	0.0	0	0.0	0	0.0	2	3.3333333333333335	2	2.0	6	3.0	14	23.333333333333336	24	24.0	44	22.0	63.0	0.9769517980966285	13	21.666666666666668	65.3	0.9343853820598007	19	19.0	67.15	1.0305675290575236	50	25.0	117.92398663209318	1351.0	1	360
SC_RS36255		SCO6813	ArsR/SmtB family transcription factor	ArsR	7574849	7575238	+	7574849.0	1	0	Shielded	0	0.0	0	0.0	0	0.0	0	0.0	0	0.0	0	0.0	0	0.0	0	0.0	6	3.0	14	23.333333333333336	20	20.0	48	24.0	64.83333333333333	0.8981555733761026	14	23.333333333333336	64.8	0.9427428043712482	22	22.0	66.64999999999999	1.0014500634402754	41	20.5	57.45079405613947	1639.0	2	390
SC_RS36305		SCO6823	ArsR/SmtB family transcription factor	ArsR	7588044	7588445	+	7588044.0	1	0	Shielded	0	0.0	0	0.0	0	0.0	0	0.0	0	0.0	0	0.0	2	3.3333333333333335	4	4.0	6	3.0	12	20.0	20	20.0	40	20.0	69.33333333333334	1.0266370699223086	7	11.666666666666668	70.7	1.0163577579307916	21	21.0	70.35	1.0634727439618605	44	22.0	527.1628716269497	1235.0	5	402
SC_RS36340		SCO6830	ArsR/SmtB family transcription factor	ArsR	7601654	7602007	+	7601654.0	1	0	Shielded	0	0.0	0	0.0	0	0.0	0	0.0	0	0.0	0	0.0	2	3.3333333333333335	4	4.0	6	3.0	10	16.666666666666668	20	20.0	44	22.0	66.66666666666666	1.037593984962406	15	25.0	66.9	1.0513073950938987	21	21.0	66.64999999999999	1.0072595281306715	43	21.5	59.10893934007168	1791.0	1	354
SC_RS36370		SCO6836	ArsR/SmtB family transcription factor	ArsR	7606744	7607052	+	7606744.0	1	0	Shielded	0	0.0	0	0.0	0	0.0	0	0.0	0	0.0	1	0.5	4	6.666666666666667	4	4.0	4	2.0	22	36.66666666666667	30	30.0	58	29.0	65.83333333333333	1.0467980295566504	23	38.333333333333336	67.0	1.0631074899942823	37	37.0	66.9	1.1327005730659025	67	33.5	30.42268751762432	1958.0	1	309
SC_RS36670		SCO6894	winged helix-turn-helix transcriptional regulator	HTH (other)	7659639	7660481	+	7659639.0	1	0	Shielded	0	0.0	0	0.0	0	0.0	0	0.0	0	0.0	0	0.0	2	3.3333333333333335	2	2.0	12	6.0	14	23.333333333333336	28	28.0	60	30.0	70.83333333333334	1.0896226415094339	8	13.333333333333334	70.1	1.0557863905728493	18	18.0	72.3	1.056215690362032	42	21.0	13.881764925850083	2039.0	0	843
SC_RS36810		SCO6922	WhiB family transcriptional regulator	WhiB	7685784	7686425	-	7686425.0	1	0	Shielded	1	1.6666666666666667	1	1.0	2	1.0	0	0.0	0	0.0	0	0.0	6	10.0	6	6.0	12	6.0	20	33.333333333333336	38	38.0	64	32.0	74.16666666666667	1.0353430353430353	23	38.333333333333336	72.89999999999999	1.0444826738756452	34	34.0	73.45	1.0531619482738372	47	23.5	14.604192154413084	30.0	4	642
SC_RS36820		SCO6924	helix-turn-helix domain-containing protein	HTH (other)	7687305	7688201	-	7688201.0	1	1	Exposed	1	1.6666666666666667	1	1.0	1	0.5	1	1.6666666666666667	1	1.0	1	0.5	2	3.3333333333333335	4	4.0	12	6.0	8	13.333333333333334	30	30.0	58	29.0	71.0	1.0353982300884956	10	16.666666666666668	69.69999999999999	1.0639877270252882	15	15.0	68.55	1.05363290064711	36	18.0	24.73753347890885	15.0	3	897
SC_RS36830		SCO6926	MmyB family transcriptional regulator	Other regulatory	7689750	7690454	+	7689750.0	1	0	Shielded	0	0.0	0	0.0	0	0.0	0	0.0	0	0.0	0	0.0	2	3.3333333333333335	2	2.0	8	4.0	16	26.666666666666668	20	20.0	38	19.0	64.83333333333333	1.0492845786963434	12	20.0	64.60000000000001	1.0758472296933836	25	25.0	64.55	1.0537002198817353	48	24.0	28.485772339798817	1564.0	2	705
SC_RS36895		SCO6937	LuxR C-terminal-related transcriptional regulator	Other regulatory	7702025	7702498	-	7702498.0	1	0	Shielded	0	0.0	0	0.0	0	0.0	0	0.0	0	0.0	0	0.0	2	3.3333333333333335	2	2.0	8	4.0	14	23.333333333333336	20	20.0	58	29.0	72.5	1.043338683788122	13	21.666666666666668	72.0	1.0754340144415424	26	26.0	72.3	1.078863754920093	63	31.5	34.557587676627506	1961.0	1	474
SC_RS36925		SCO6943	sensor histidine kinase	Sensor kinase	7706226	7707743	-	7707743.0	1	0	Shielded	1	1.6666666666666667	1	1.0	1	0.5	0	0.0	0	0.0	0	0.0	2	3.3333333333333335	2	2.0	8	4.0	18	30.0	28	28.0	54	27.0	71.83333333333334	0.9981612818492251	17	28.333333333333336	71.2	1.0977472317678503	30	30.0	70.6	1.0572099305376896	69	34.5	171.26818749894008	192.0	3	1518
SC_RS36955		SCO6950	helix-turn-helix domain-containing protein	HTH (other)	7713425	7714828	+	7713425.0	1	0	Shielded	0	0.0	0	0.0	0	0.0	0	0.0	0	0.0	0	0.0	0	0.0	0	0.0	2	1.0	16	26.666666666666668	22	22.0	40	20.0	63.0	1.1790797563235171	23	38.333333333333336	64.4	0.9938727263955227	24	24.0	64.95	1.0718672781685297	46	23.0	639.6578078306537	2108.0	0	1404
SC_RS37035			WhiB family transcriptional regulator	WhiB	7731868	7732188	-	7732188.0	1	0	Shielded	0	0.0	0	0.0	2	1.0	0	0.0	0	0.0	0	0.0	0	0.0	2	2.0	10	5.0	22	36.66666666666667	40	40.0	82	41.0	74.66666666666667	1.1846828879138414	17	28.333333333333336	74.2	1.162520344106022	25	25.0	73.95	1.1886301129381474	45	22.5	11.798932886866227	34.0	8	321
SC_RS37085		SCO6974	GntR family transcriptional regulator	GntR	7741171	7741956	-	7741956.0	1	0	Shielded	0	0.0	0	0.0	0	0.0	0	0.0	0	0.0	0	0.0	0	0.0	0	0.0	6	3.0	18	30.0	34	34.0	76	38.0	75.16666666666667	1.0760741032715806	27	45.0	73.9	1.0940758363438776	42	42.0	73.55000000000001	1.1663470011922659	80	40.0	35.38917026582296	2062.0	0	786
SC_RS37145		SCO6986	LacI family DNA-binding transcriptional regulator	LacI	7753893	7754939	+	7753893.0	1	0	Shielded	0	0.0	0	0.0	0	0.0	0	0.0	0	0.0	0	0.0	0	0.0	2	2.0	2	1.0	22	36.66666666666667	52	52.0	86	43.0	73.16666666666667	1.1719724046213948	17	28.333333333333336	75.1	1.1705614438343337	35	35.0	74.3	1.1161341172846777	67	33.5	45.000670540858096	1324.0	3	1047
SC_RS37190		SCO6993	LuxR family transcriptional regulator AbsR2	Other regulatory	7760977	7762803	+	7760977.0	1	0	Shielded	0	0.0	0	0.0	0	0.0	0	0.0	0	0.0	0	0.0	0	0.0	0	0.0	4	2.0	24	40.0	40	40.0	86	43.0	74.5	1.0822510822510822	14	23.333333333333336	74.1	1.1308915803297825	30	30.0	74.4	1.120802639309441	64	32.0	200.84655925717183	1686.0	1	1827
SC_RS37205		SCO6996	RNA polymerase sigma factor	Sigma factor	7767699	7768337	+	7767699.0	1	0	Shielded	0	0.0	0	0.0	0	0.0	0	0.0	0	0.0	0	0.0	4	6.666666666666667	4	4.0	6	3.0	20	33.333333333333336	30	30.0	56	28.0	74.0	1.085718932986337	23	38.333333333333336	72.5	1.088478869808793	32	32.0	72.45	1.124259227500524	62	31.0	262.58111036902596	2147.0	0	639
SC_RS37295		SCO7014	LacI family DNA-binding transcriptional regulator	LacI	7791717	7792730	-	7792730.0	1	0	Shielded	0	0.0	0	0.0	0	0.0	0	0.0	0	0.0	0	0.0	0	0.0	4	4.0	4	2.0	12	20.0	24	24.0	40	20.0	67.33333333333333	1.1176470588235294	14	23.333333333333336	66.9	1.1455778903467164	21	21.0	67.15	1.1818631195793825	47	23.5	136.04869654486671	2173.0	0	1014
SC_RS37305		SCO7016	LacI family DNA-binding transcriptional regulator	LacI	7797371	7798381	-	7798381.0	1	0	Shielded	0	0.0	0	0.0	0	0.0	0	0.0	0	0.0	0	0.0	0	0.0	0	0.0	6	3.0	20	33.333333333333336	32	32.0	66	33.0	71.16666666666667	1.0405690200210749	14	23.333333333333336	71.1	1.1396011396011396	21	21.0	72.89999999999999	1.103578154425612	46	23.0	105.0246064219165	720.0	3	1011
SC_RS37350		SCO7025	LysR family transcriptional regulator	LysR	7811193	7812110	-	7812110.0	1	0	Shielded	0	0.0	0	0.0	0	0.0	0	0.0	0	0.0	0	0.0	0	0.0	4	4.0	18	9.0	20	33.333333333333336	32	32.0	82	41.0	70.16666666666667	1.138077608665844	16	26.666666666666668	71.7	1.1373728245797172	35	35.0	74.4	1.1382381158003712	99	49.5	73.24042571808526	305.0	2	918
SC_RS37360		SCO7027	LacI family DNA-binding transcriptional regulator	LacI	7812783	7813832	-	7813832.0	1	0	Shielded	0	0.0	0	0.0	0	0.0	0	0.0	0	0.0	0	0.0	0	0.0	0	0.0	8	4.0	10	16.666666666666668	24	24.0	56	28.0	64.83333333333333	1.1261499418420218	19	31.666666666666668	65.60000000000001	1.1348520506404471	26	26.0	67.80000000000001	1.105301749553419	71	35.5	37.30001415368117	2027.0	0	1050
SC_RS37390		SCO7033	PucR family transcriptional regulator	Other regulatory	7820139	7821785	-	7821785.0	1	0	Shielded	0	0.0	0	0.0	0	0.0	0	0.0	0	0.0	0	0.0	2	3.3333333333333335	2	2.0	2	1.0	34	56.66666666666667	42	42.0	78	39.0	74.66666666666667	1.0882563979909112	19	31.666666666666668	74.2	1.017146178436501	27	27.0	74.6	1.0323982395271833	61	30.5	227.2991131710852	1658.0	1	1647
SC_RS37435		SCO7042	MarR family winged helix-turn-helix transcriptional regulator	MarR	7834891	7835298	-	7835298.0	1	0	Shielded	0	0.0	0	0.0	1	0.5	0	0.0	0	0.0	0	0.0	0	0.0	0	0.0	6	3.0	30	50.0	52	52.0	94	47.0	72.66666666666667	1.099873577749684	22	36.66666666666667	74.1	1.0866869903875607	31	31.0	73.8	1.0926750303520842	63	31.5	190.82952894548805	536.0	1	408
SC_RS37440		SCO7043	helix-turn-helix domain-containing protein	HTH (other)	7835428	7835715	+	7835428.0	1	0	Shielded	0	0.0	0	0.0	1	0.5	0	0.0	0	0.0	0	0.0	0	0.0	0	0.0	6	3.0	24	40.0	50	50.0	96	48.0	72.33333333333334	1.1468620579802487	21	35.0	73.6	1.1090163025396473	34	34.0	74.0	1.0729535151128982	61	30.5	124.87683069619575	666.0	1	288
SC_RS37480	rho	SCO7051	transcription termination factor Rho	Other regulatory	7841463	7842710	-	7842710.0	1	0	Shielded	0	0.0	0	0.0	1	0.5	0	0.0	0	0.0	0	0.0	4	6.666666666666667	6	6.0	14	7.0	20	33.333333333333336	44	44.0	86	43.0	70.66666666666667	1.0856044328847676	18	30.0	72.3	1.1716688910270336	39	39.0	73.4	1.1830357142857142	76	38.0	57.892279514252245	5050.0	0	1248
SC_RS37500		SCO7054	PadR family transcriptional regulator	PadR	7844184	7844771	+	7844184.0	1	0	Shielded	0	0.0	0	0.0	0	0.0	0	0.0	0	0.0	0	0.0	0	0.0	2	2.0	8	4.0	10	16.666666666666668	18	18.0	64	32.0	68.66666666666667	1.1757761775469249	16	26.666666666666668	70.7	1.1618031184398185	33	33.0	73.65	1.1716873036407318	78	39.0	29.23623362388874	4076.0	0	588
SC_RS37510		SCO7056	GntR family transcriptional regulator	GntR	7845511	7846272	-	7846272.0	1	0	Shielded	0	0.0	0	0.0	0	0.0	0	0.0	0	0.0	0	0.0	4	6.666666666666667	6	6.0	16	8.0	24	40.0	48	48.0	94	47.0	72.66666666666667	1.1129144447020634	16	26.666666666666668	74.6	1.1725943830570902	38	38.0	74.9	1.1874684634407702	85	42.5	272.09586687974496	1988.0	1	762
SC_RS37535		SCO7061	MarR family winged helix-turn-helix transcriptional regulator	MarR	7849651	7850187	-	7850187.0	1	0	Shielded	0	0.0	0	0.0	0	0.0	0	0.0	0	0.0	0	0.0	0	0.0	2	2.0	6	3.0	20	33.333333333333336	36	36.0	80	40.0	70.83333333333334	1.103576652040952	15	25.0	73.1	1.1367571555475255	24	24.0	74.85000000000001	1.161759869596923	57	28.5	41.30687983241509	1026.0	4	537
SC_RS37565		SCO7067	PadR family transcriptional regulator	PadR	7857217	7857768	+	7857217.0	1	0	Shielded	0	0.0	0	0.0	0	0.0	0	0.0	0	0.0	0	0.0	2	3.3333333333333335	6	6.0	8	4.0	16	26.666666666666668	34	34.0	68	34.0	71.66666666666667	1.1423378983578893	17	28.333333333333336	72.89999999999999	1.1299435028248588	35	35.0	73.65	1.177186929165821	57	28.5	33.692274723720885	1181.0	1	552
SC_RS37610		SCO7075	response regulator transcription factor	Response regulator	7863791	7864483	+	7863791.0	1	0	Shielded	0	0.0	0	0.0	0	0.0	1	1.6666666666666667	1	1.0	1	0.5	4	6.666666666666667	8	8.0	16	8.0	18	30.0	32	32.0	58	29.0	66.83333333333333	1.149425287356322	7	11.666666666666668	68.10000000000001	1.1214630779848171	14	14.0	67.05	1.1139132217043763	39	19.5	73.93916309448649	194.0	4	693
SC_RS37615		SCO7076	HAMP domain-containing sensor histidine kinase	Sensor kinase	7864480	7865931	+	7864480.0	1	0	Shielded	0	0.0	1	1.0	2	1.0	0	0.0	0	0.0	1	0.5	4	6.666666666666667	12	12.0	18	9.0	20	33.333333333333336	44	44.0	72	36.0	68.16666666666666	1.137672811059908	20	33.333333333333336	70.6	1.1516654854712969	36	36.0	69.65	1.1673954294200148	59	29.5	117.2133221992355	311.0	4	1452
SC_RS37650			LysR family transcriptional regulator	LysR	7872807	7872977	+	7872807.0	1	0	Shielded	0	0.0	0	0.0	0	0.0	0	0.0	0	0.0	0	0.0	0	0.0	2	2.0	4	2.0	12	20.0	22	22.0	48	24.0	69.16666666666667	1.1920344053851906	8	13.333333333333334	67.4	1.1937922801432552	14	14.0	67.9	1.161513447672079	40	20.0	8.563690947087974	1330.0	3	171
SC_RS37660		SCO7086	MerR family transcriptional regulator	MerR	7873600	7873947	-	7873947.0	1	0	Shielded	1	1.6666666666666667	1	1.0	2	1.0	0	0.0	0	0.0	0	0.0	4	6.666666666666667	4	4.0	10	5.0	24	40.0	36	36.0	52	26.0	70.83333333333334	1.1825671007175125	28	46.66666666666667	69.89999999999999	1.0811342080691926	33	33.0	68.55	1.1418735247249705	67	33.5	38.08438881521365	190.0	2	348
SC_RS37670		SCO7088	response regulator	Response regulator	7875374	7876051	-	7876051.0	1	0	Shielded	0	0.0	0	0.0	0	0.0	0	0.0	0	0.0	0	0.0	4	6.666666666666667	4	4.0	8	4.0	16	26.666666666666668	26	26.0	46	23.0	67.5	1.0930067806902135	13	21.666666666666668	68.7	1.116090891651989	23	23.0	68.75	1.132936947373801	62	31.0	17.13670347113123	1224.0	3	678
SC_RS37675		SCO7089	sensor histidine kinase	Sensor kinase	7876048	7877241	-	7877241.0	1	1	Exposed	0	0.0	0	0.0	0	0.0	0	0.0	0	0.0	0	0.0	2	3.3333333333333335	2	2.0	4	2.0	12	20.0	28	28.0	58	29.0	68.83333333333333	0.9898190045248869	18	30.0	69.39999999999999	1.1340421096518658	41	41.0	68.5	1.0929570703607185	64	32.0	28.76277076586355	34.0	2	1194
SC_RS37710		SCO7097	MarR family winged helix-turn-helix transcriptional regulator	MarR	7887694	7888179	-	7888179.0	1	0	Shielded	0	0.0	0	0.0	0	0.0	0	0.0	0	0.0	0	0.0	2	3.3333333333333335	6	6.0	8	4.0	26	43.333333333333336	44	44.0	72	36.0	69.16666666666667	1.0731707317073171	20	33.333333333333336	71.1	1.1237022030893897	32	32.0	70.5	1.118656003219154	63	31.5	11.152321373952736	3161.0	0	486
SC_RS37720		SCO7099	sigma-70 family RNA polymerase sigma factor family protein	Sigma factor	7889266	7890168	-	7890168.0	1	0	Shielded	0	0.0	0	0.0	0	0.0	0	0.0	0	0.0	0	0.0	0	0.0	2	2.0	8	4.0	12	20.0	16	16.0	58	29.0	69.66666666666667	1.1452224905139705	10	16.666666666666668	70.39999999999999	1.159509600415153	19	19.0	70.8	1.104384406092186	51	25.5	20.754763020155295	1172.0	1	903
SC_RS37745		SCO7104	sigma-70 family RNA polymerase sigma factor family protein	Sigma factor	7894195	7895073	+	7894195.0	1	0	Shielded	0	0.0	0	0.0	1	0.5	0	0.0	0	0.0	0	0.0	0	0.0	2	2.0	4	2.0	20	33.333333333333336	46	46.0	78	39.0	70.66666666666667	1.1458972784939634	18	30.0	72.7	1.165092902832775	38	38.0	73.2	1.1686081242532858	60	30.0	129.22569900532258	802.0	2	879
SC_RS37750		SCO7105	RNA polymerase sigma-70 factor	Sigma factor	7895116	7896042	-	7896042.0	1	0	Shielded	0	0.0	0	0.0	0	0.0	0	0.0	0	0.0	0	0.0	4	6.666666666666667	6	6.0	8	4.0	26	43.333333333333336	36	36.0	66	33.0	70.16666666666667	1.1815835936438952	14	23.333333333333336	68.10000000000001	1.149842653110627	26	26.0	70.6	1.1367584709594363	59	29.5	30.89271650765809	1045.0	2	927
SC_RS37755		SCO7106	WhiB family transcriptional regulator	WhiB	7896424	7896690	+	7896424.0	1	0	Shielded	0	0.0	0	0.0	0	0.0	0	0.0	0	0.0	0	0.0	6	10.0	6	6.0	8	4.0	28	46.66666666666667	40	40.0	72	36.0	69.0	1.2745098039215685	24	40.0	69.5	1.1677598886901213	28	28.0	69.89999999999999	1.1680104956436086	65	32.5	9.681600282924247	1005.0	2	267
SC_RS37785		SCO7112	RNA polymerase sigma-70 factor	Sigma factor	7901360	7902256	-	7902256.0	1	0	Shielded	0	0.0	0	0.0	0	0.0	0	0.0	0	0.0	0	0.0	2	3.3333333333333335	2	2.0	4	2.0	14	23.333333333333336	28	28.0	62	31.0	70.66666666666667	1.095573171817939	24	40.0	71.7	1.0271094649693424	35	35.0	72.7	1.120261596221388	67	33.5	168.18004030178804	513.0	2	897
SC_RS37895		SCO7134	helix-turn-helix transcriptional regulator	HTH (other)	7925356	7928127	+	7925356.0	1	0	Shielded	0	0.0	0	0.0	0	0.0	0	0.0	0	0.0	0	0.0	0	0.0	0	0.0	0	0.0	20	33.333333333333336	22	22.0	60	30.0	69.33333333333334	1.0714285714285716	15	25.0	69.89999999999999	1.141496263447483	21	21.0	71.95	1.155180540423592	50	25.0	319.02542516451797	1257.0	2	2772
SC_RS37925		SCO7140	helix-turn-helix transcriptional regulator	HTH (other)	7934492	7935322	+	7934492.0	1	0	Shielded	0	0.0	0	0.0	1	0.5	0	0.0	0	0.0	0	0.0	4	6.666666666666667	4	4.0	10	5.0	20	33.333333333333336	28	28.0	74	37.0	71.5	1.1611219830397912	30	50.0	70.89999999999999	1.144292938992382	40	40.0	71.0	1.1388727946783581	73	36.5	115.2402224450725	688.0	3	831
SC_RS37935		SCO7142	winged helix-turn-helix transcriptional regulator	HTH (other)	7936071	7936472	+	7936071.0	1	0	Shielded	0	0.0	1	1.0	2	1.0	0	0.0	0	0.0	0	0.0	2	3.3333333333333335	4	4.0	12	6.0	16	26.666666666666668	32	32.0	76	38.0	68.66666666666667	1.1597107881738136	12	20.0	69.5	1.1445279866332498	24	24.0	69.95	1.099126440552844	51	25.5	89.29085878394305	340.0	4	402
SC_RS37940		SCO7143	helix-turn-helix transcriptional regulator	HTH (other)	7936673	7939486	+	7936673.0	1	0	Shielded	1	1.6666666666666667	1	1.0	2	1.0	0	0.0	0	0.0	0	0.0	6	10.0	6	6.0	12	6.0	22	36.66666666666667	32	32.0	74	37.0	68.66666666666667	1.0067352002835872	15	25.0	69.8	1.051317432157172	24	24.0	70.39999999999999	1.1246159416332417	59	29.5	234.953445934096	262.0	4	2814
SC_RS37945		SCO7144	sigma-70 family RNA polymerase sigma factor	Sigma factor	7939618	7940355	+	7939618.0	1	0	Shielded	0	0.0	0	0.0	0	0.0	0	0.0	0	0.0	0	0.0	6	10.0	8	8.0	10	5.0	32	53.333333333333336	42	42.0	82	41.0	72.83333333333334	1.0188679245283019	37	61.66666666666667	72.7	1.0915541001500888	61	61.0	73.2	1.0978362543619387	93	46.5	23.33656290859677	1015.0	2	738
SC_RS37950		SCO7145	MarR family winged helix-turn-helix transcriptional regulator	MarR	7940566	7941048	+	7940566.0	1	0	Shielded	0	0.0	0	0.0	0	0.0	1	1.6666666666666667	1	1.0	1	0.5	0	0.0	0	0.0	8	4.0	26	43.333333333333336	32	32.0	68	34.0	72.0	1.0288947955071595	16	26.666666666666668	71.2	1.1364443497407486	29	29.0	71.3	1.130604518872626	64	32.0	9.4950865650431	67.0	2	483
SC_RS37955		SCO7146	ArsR/SmtB family transcription factor	ArsR	7941058	7941408	+	7941058.0	1	0	Shielded	0	0.0	0	0.0	0	0.0	0	0.0	1	1.0	1	0.5	2	3.3333333333333335	2	2.0	2	1.0	10	16.666666666666668	20	20.0	54	27.0	70.33333333333334	1.0785305021907652	19	31.666666666666668	68.8	1.1155055268228375	29	29.0	70.15	1.1752840608707675	62	31.0	124.29692787345591	425.0	2	351
SC_RS38065		SCO7168	GntR family transcriptional regulator	GntR	7964783	7965457	+	7964783.0	1	0	Shielded	0	0.0	0	0.0	0	0.0	0	0.0	0	0.0	0	0.0	2	3.3333333333333335	4	4.0	6	3.0	14	23.333333333333336	24	24.0	64	32.0	66.66666666666666	1.186067460714643	27	45.0	67.60000000000001	1.1564339781328847	39	39.0	69.69999999999999	1.107577020864857	67	33.5	400.6605810363173	1165.0	2	675
SC_RS38095		SCO7175	SsgA family sporulation/cell division regulator	Other regulatory	7972971	7973441	+	7972971.0	1	0	Shielded	0	0.0	0	0.0	0	0.0	0	0.0	0	0.0	0	0.0	0	0.0	0	0.0	6	3.0	12	20.0	30	30.0	60	30.0	67.16666666666666	0.8941877794336811	15	25.0	67.0	1.0251706369547038	28	28.0	69.69999999999999	1.1136110074261356	58	29.0	13.80642056332474	1745.0	1	471
SC_RS38105		SCO7178	helix-turn-helix transcriptional regulator	HTH (other)	7977963	7978478	+	7977963.0	1	0	Shielded	0	0.0	0	0.0	0	0.0	0	0.0	0	0.0	0	0.0	0	0.0	2	2.0	2	1.0	16	26.666666666666668	32	32.0	84	42.0	72.0	1.0950080515297906	9	15.0	72.6	1.1085380205762878	19	19.0	71.89999999999999	1.1185595739410454	53	26.5	14.089617117847178	2590.0	0	516
SC_RS38175		SCO7192	sigma factor-like helix-turn-helix DNA-binding protein	Sigma factor	7995692	7996294	+	7995692.0	1	0	Shielded	0	0.0	0	0.0	0	0.0	0	0.0	0	0.0	0	0.0	0	0.0	0	0.0	6	3.0	12	20.0	30	30.0	58	29.0	68.66666666666667	1.117213095434511	14	23.333333333333336	69.69999999999999	1.161239314127588	22	22.0	69.8	1.1863637949684218	58	29.0	104.47231004293354	3058.0	0	603
SC_RS38220		SCO7201	MarR family winged helix-turn-helix transcriptional regulator	MarR	8004242	8004748	+	8004242.0	1	0	Shielded	0	0.0	0	0.0	0	0.0	0	0.0	0	0.0	1	0.5	4	6.666666666666667	4	4.0	10	5.0	28	46.66666666666667	36	36.0	76	38.0	68.83333333333333	1.02787947057167	29	48.333333333333336	70.5	1.1509054325955734	38	38.0	71.85000000000001	1.1341787885261503	74	37.0	73.95741868277366	622.0	6	507
SC_RS38325		SCO7222	TetR/AcrR family transcriptional regulator	TetR	8027802	8028512	-	8028512.0	1	0	Shielded	0	0.0	1	1.0	1	0.5	0	0.0	0	0.0	0	0.0	0	0.0	8	8.0	10	5.0	18	30.0	30	30.0	74	37.0	73.16666666666667	1.1844401961599202	27	45.0	73.8	1.1458371589114547	48	48.0	73.9	1.1587995423475224	77	38.5	64.47907124511023	481.0	5	711
SC_RS38365		SCO7230	response regulator transcription factor	Response regulator	8035811	8036500	+	8035811.0	1	0	Shielded	0	0.0	0	0.0	0	0.0	0	0.0	0	0.0	0	0.0	2	3.3333333333333335	4	4.0	6	3.0	22	36.66666666666667	42	42.0	88	44.0	73.66666666666667	1.1425061425061425	15	25.0	73.8	1.1371020142949968	21	21.0	72.65	1.1152345608526024	59	29.5	98.69941608676758	1455.0	2	690
SC_RS38475		SCO7252	DNA-binding protein NsdB	Other regulatory	8062135	8063643	+	8062135.0	1	1	Exposed	1	1.6666666666666667	1	1.0	1	0.5	0	0.0	0	0.0	1	0.5	2	3.3333333333333335	4	4.0	10	5.0	24	40.0	36	36.0	70	35.0	70.66666666666667	1.0023387905111927	15	25.0	73.5	1.0294313687734213	30	30.0	73.6	1.015331505736623	75	37.5	9088.505533318712	46.0	4	1509
SC_RS38565		SCO7270	LysR family transcriptional regulator	LysR	8079088	8079972	-	8079972.0	1	0	Shielded	0	0.0	0	0.0	0	0.0	0	0.0	0	0.0	0	0.0	0	0.0	0	0.0	0	0.0	16	26.666666666666668	34	34.0	50	25.0	71.83333333333334	1.1138121546961326	8	13.333333333333334	72.2	1.1031051235712441	11	11.0	72.2	1.1238132144933153	38	19.0	97.95156958453246	1794.0	1	885
SC_RS38605		SCO7278	RNA polymerase sigma factor SigF	Sigma factor	8085400	8086287	-	8086287.0	1	0	Shielded	0	0.0	0	0.0	1	0.5	1	1.6666666666666667	1	1.0	1	0.5	0	0.0	2	2.0	8	4.0	12	20.0	24	24.0	54	27.0	70.66666666666667	1.3043478260869565	25	41.66666666666667	71.7	1.2077294685990339	40	40.0	72.5	1.1505879618782016	83	41.5	371.917248020774	233.0	4	888
SC_RS38610		SCO7279	helix-turn-helix domain-containing protein	HTH (other)	8086495	8086968	+	8086495.0	1	1	Exposed	0	0.0	0	0.0	1	0.5	1	1.6666666666666667	1	1.0	1	0.5	0	0.0	2	2.0	8	4.0	16	26.666666666666668	32	32.0	52	26.0	73.66666666666667	1.1633663366336635	21	35.0	74.0	1.1931689249035584	45	45.0	72.15	1.1618512676489823	77	38.5	213.16598296206575	25.0	4	474
SC_RS38660		SCO7289	SsgA family sporulation/cell division regulator	Other regulatory	8094134	8094562	-	8094562.0	1	0	Shielded	0	0.0	0	0.0	0	0.0	0	0.0	0	0.0	0	0.0	0	0.0	2	2.0	4	2.0	28	46.66666666666667	50	50.0	84	42.0	73.0	1.1521122057104691	17	28.333333333333336	74.2	1.104715390429676	42	42.0	72.3	1.1025189495444452	71	35.5	19.63719994816435	2095.0	0	429
SC_RS38730		SCO7303	TetR/AcrR family transcriptional regulator	TetR	8111024	8111647	+	8111024.0	1	0	Shielded	0	0.0	0	0.0	0	0.0	0	0.0	0	0.0	0	0.0	0	0.0	4	4.0	4	2.0	18	30.0	34	34.0	70	35.0	68.83333333333333	1.2522864781201632	13	21.666666666666668	72.2	1.2127259469624285	37	37.0	73.0	1.133727259758689	70	35.0	42.999948598706574	919.0	2	624
SC_RS38745		SCO7306	WhiB family transcriptional regulator	WhiB	8113809	8114060	-	8114060.0	1	0	Shielded	0	0.0	0	0.0	1	0.5	0	0.0	0	0.0	0	0.0	2	3.3333333333333335	10	10.0	16	8.0	34	56.66666666666667	60	60.0	110	55.0	73.83333333333333	1.149706457925636	22	36.66666666666667	75.0	1.1747451159081848	48	48.0	75.8	1.112779699270414	90	45.0	20.73907514107083	711.0	1	252
SC_RS38750		SCO7307	LysR family transcriptional regulator ArgP	LysR	8114185	8115087	-	8115087.0	1	0	Shielded	0	0.0	0	0.0	0	0.0	0	0.0	0	0.0	0	0.0	0	0.0	0	0.0	8	4.0	18	30.0	36	36.0	86	43.0	73.0	1.1524730150113787	27	45.0	74.3	1.1325686075214172	39	39.0	74.4	1.1575099790020456	84	42.0	87.99549577769352	1514.0	2	903
SC_RS38785		SCO7314	SigB/SigF/SigG family RNA polymerase sigma factor	Sigma factor	8120541	8121440	+	8120541.0	1	1	Exposed	0	0.0	1	1.0	1	0.5	0	0.0	0	0.0	0	0.0	2	3.3333333333333335	4	4.0	6	3.0	22	36.66666666666667	42	42.0	72	36.0	71.5	1.1111111111111112	18	30.0	72.7	1.0850595644586085	27	27.0	73.05	1.1446199111324606	85	42.5	72.93538087547012	67.0	3	900
SC_RS38825		SCO7322	anti-sigma regulatory factor	Anti-sigma	8129858	8130298	-	8130298.0	1	0	Shielded	0	0.0	0	0.0	0	0.0	0	0.0	0	0.0	0	0.0	0	0.0	2	2.0	4	2.0	18	30.0	40	40.0	82	41.0	71.66666666666667	0.9882108183079057	20	33.333333333333336	73.1	1.0215732227630552	42	42.0	73.35000000000001	1.0945440330596972	86	43.0	166.7195770043609	2951.0	0	441
SC_RS38920		SCO7341	SigB/SigF/SigG family RNA polymerase sigma factor	Sigma factor	8154965	8155756	-	8155756.0	1	0	Shielded	0	0.0	0	0.0	0	0.0	0	0.0	0	0.0	0	0.0	2	3.3333333333333335	6	6.0	12	6.0	24	40.0	42	42.0	84	42.0	70.16666666666667	1.1924119241192412	27	45.0	70.6	1.1973641915782707	41	41.0	71.5	1.1247734286973987	67	33.5	17.45751075443066	1891.0	1	792
SC_RS38950		SCO7347	TetR/AcrR family transcriptional regulator	TetR	8161308	8161964	+	8161308.0	1	0	Shielded	0	0.0	0	0.0	0	0.0	0	0.0	0	0.0	1	0.5	0	0.0	2	2.0	10	5.0	18	30.0	32	32.0	72	36.0	70.5	1.1973094170403589	9	15.0	71.2	1.1533114256825077	27	27.0	73.95	1.1473607038123166	80	40.0	152.87166950383596	686.0	5	657
SC_RS38960		SCO7351	helix-turn-helix transcriptional regulator	HTH (other)	8163903	8164718	+	8163903.0	1	0	Shielded	0	0.0	0	0.0	0	0.0	0	0.0	0	0.0	0	0.0	2	3.3333333333333335	2	2.0	12	6.0	32	53.333333333333336	42	42.0	82	41.0	72.83333333333334	1.270217630620713	19	31.666666666666668	75.0	1.187528788576693	27	27.0	75.3	1.1777922736826847	50	25.0	31.153814274169676	164.0	6	816
SC_RS39010		SCO7361	helix-turn-helix domain-containing protein	HTH (other)	8173887	8175416	+	8173887.0	1	0	Shielded	1	1.6666666666666667	3	3.0	3	1.5	0	0.0	0	0.0	0	0.0	8	13.333333333333334	10	10.0	10	5.0	32	53.333333333333336	54	54.0	92	46.0	75.66666666666667	1.1805271462801705	36	60.0	73.8	1.15470893244585	52	52.0	74.05000000000001	1.1600970395636867	71	35.5	235.58105018895975	410.0	3	1530
SC_RS39025		SCO7364	TetR/AcrR family transcriptional regulator	TetR	8177482	8178147	-	8178147.0	1	0	Shielded	0	0.0	0	0.0	0	0.0	0	0.0	0	0.0	0	0.0	6	10.0	6	6.0	16	8.0	22	36.66666666666667	44	44.0	88	44.0	72.33333333333334	1.1597281223449447	18	30.0	75.1	1.142184196711077	27	27.0	75.05	1.1966904584354248	71	35.5	80.7133968346278	849.0	3	666
SC_RS39260		SCO7411	LacI family DNA-binding transcriptional regulator	LacI	8225904	8226962	+	8225904.0	1	0	Shielded	0	0.0	0	0.0	0	0.0	0	0.0	0	0.0	0	0.0	4	6.666666666666667	4	4.0	14	7.0	24	40.0	30	30.0	56	28.0	70.33333333333334	1.0781671159029649	25	41.66666666666667	69.69999999999999	1.1530035743110805	32	32.0	70.55	1.1500955061827687	61	30.5	49.32886052421125	157.0	1	1059
SC_RS39325		SCO7424	MarR family winged helix-turn-helix transcriptional regulator	MarR	8238976	8239428	+	8238976.0	1	0	Shielded	0	0.0	0	0.0	0	0.0	0	0.0	0	0.0	0	0.0	2	3.3333333333333335	2	2.0	8	4.0	18	30.0	36	36.0	60	30.0	70.5	1.0196779964221825	19	31.666666666666668	70.89999999999999	0.9947635645959668	33	33.0	70.6	1.0353400068621372	49	24.5	49.35218837276297	973.0	5	453
SC_RS39340	nsrR	SCO7427	nitric oxide-sensing transcriptional repressor NsrR	Repressor	8241835	8242281	+	8241835.0	1	0	Shielded	0	0.0	0	0.0	0	0.0	0	0.0	0	0.0	0	0.0	8	13.333333333333334	12	12.0	22	11.0	20	33.333333333333336	36	36.0	70	35.0	73.0	1.0426044174604836	26	43.333333333333336	73.4	1.087207440669005	38	38.0	74.0	1.1031238128634466	81	40.5	565.4581709778076	1270.0	2	447
SC_RS39370		SCO7433	LysR family transcriptional regulator	LysR	8246125	8247111	+	8246125.0	1	0	Shielded	0	0.0	1	1.0	1	0.5	0	0.0	0	0.0	0	0.0	4	6.666666666666667	10	10.0	10	5.0	20	33.333333333333336	34	34.0	68	34.0	70.0	0.9932198009025148	21	35.0	71.89999999999999	1.0764346007899017	45	45.0	72.8	1.087490087980969	93	46.5	28.759017427300137	437.0	2	987
SC_RS39395		SCO7438	LysR family transcriptional regulator	LysR	8252589	8253524	+	8252589.0	1	0	Shielded	0	0.0	0	0.0	0	0.0	0	0.0	0	0.0	0	0.0	2	3.3333333333333335	2	2.0	8	4.0	14	23.333333333333336	28	28.0	72	36.0	68.83333333333333	1.1971830985915493	7	11.666666666666668	71.5	1.1823107519809577	34	34.0	73.15	1.1891851464043977	77	38.5	30.481502401301757	959.0	1	936
SC_RS39410		SCO7441	TetR/AcrR family transcriptional regulator	TetR	8255351	8255941	+	8255351.0	1	0	Shielded	0	0.0	0	0.0	0	0.0	0	0.0	0	0.0	0	0.0	4	6.666666666666667	4	4.0	8	4.0	28	46.66666666666667	36	36.0	66	33.0	67.16666666666666	1.1535048802129546	25	41.66666666666667	69.19999999999999	1.203339266464439	41	41.0	70.35	1.1896524515338018	72	36.0	68.19707319421772	1803.0	1	591
SC_RS39630		SCO7486	ROK family transcriptional regulator	ROK	8296646	8297848	-	8297848.0	1	0	Shielded	1	1.6666666666666667	1	1.0	1	0.5	0	0.0	0	0.0	0	0.0	4	6.666666666666667	6	6.0	8	4.0	20	33.333333333333336	38	38.0	76	38.0	70.16666666666667	0.9655616350177019	13	21.666666666666668	70.5	1.04256601560591	28	28.0	70.5	1.0438561177858112	61	30.5	196.9482457611606	25.0	4	1203
SC_RS39685		SCO7497	AraC family transcriptional regulator	AraC	8308924	8309703	+	8308924.0	1	0	Shielded	0	0.0	0	0.0	1	0.5	0	0.0	0	0.0	0	0.0	0	0.0	2	2.0	14	7.0	28	46.66666666666667	46	46.0	90	45.0	72.16666666666667	1.184549356223176	20	33.333333333333336	75.0	1.1906119888210802	42	42.0	75.94999999999999	1.1351447049144474	105	52.5	35.102794692548805	464.0	5	780
SC_RS39690		SCO7498	GntR family transcriptional regulator	GntR	8309894	8310544	-	8310544.0	1	0	Shielded	0	0.0	0	0.0	1	0.5	0	0.0	0	0.0	0	0.0	2	3.3333333333333335	4	4.0	14	7.0	16	26.666666666666668	24	24.0	62	31.0	74.5	1.1784511784511784	14	23.333333333333336	75.2	1.141722511789526	36	36.0	74.5	1.1206722592176195	76	38.0	92.82183145714812	696.0	2	651
SC_RS39710		SCO7502	LacI family DNA-binding transcriptional regulator	LacI	8314675	8315715	-	8315715.0	1	0	Shielded	1	1.6666666666666667	1	1.0	1	0.5	0	0.0	1	1.0	1	0.5	4	6.666666666666667	6	6.0	8	4.0	30	50.0	42	42.0	82	41.0	67.66666666666666	1.1092461504779976	22	36.66666666666667	69.69999999999999	1.0872251050160613	33	33.0	71.85000000000001	1.1294128605582636	76	38.0	161.12585088353387	156.0	3	1041
SC_RS39760		SCO7512	GlxA family transcriptional regulator	Other regulatory	8326492	8327448	-	8327448.0	1	0	Shielded	0	0.0	0	0.0	0	0.0	0	0.0	0	0.0	0	0.0	0	0.0	0	0.0	4	2.0	22	36.66666666666667	32	32.0	64	32.0	73.83333333333333	1.155136007949323	14	23.333333333333336	74.0	1.1308203991130819	20	20.0	73.45	1.15055698274919	43	21.5	38.27165550165242	322.0	2	957
SC_RS39790		SCO7518	TetR/AcrR family transcriptional regulator	TetR	8333583	8334140	-	8334140.0	1	0	Shielded	0	0.0	0	0.0	2	1.0	0	0.0	0	0.0	1	0.5	0	0.0	2	2.0	6	3.0	22	36.66666666666667	30	30.0	70	35.0	71.5	1.2273142707925315	20	33.333333333333336	72.2	1.1776387189138016	38	38.0	73.4	1.101626946688327	59	29.5	131.9194194766694	700.0	3	558
SC_RS39835		SCO7527	helix-turn-helix transcriptional regulator	HTH (other)	8346301	8347302	-	8347302.0	1	0	Shielded	0	0.0	0	0.0	0	0.0	0	0.0	0	0.0	0	0.0	2	3.3333333333333335	2	2.0	4	2.0	26	43.333333333333336	38	38.0	80	40.0	75.16666666666667	1.1107172397494978	30	50.0	75.3	1.1146384479717812	45	45.0	76.44999999999999	1.1567657104526443	87	43.5	25.625647474586028	869.0	3	1002
SC_RS39845		SCO7529	winged helix DNA-binding domain-containing protein	HTH (other)	8347854	8348954	+	8347854.0	1	0	Shielded	0	0.0	0	0.0	0	0.0	0	0.0	0	0.0	0	0.0	0	0.0	2	2.0	10	5.0	16	26.666666666666668	28	28.0	82	41.0	73.33333333333333	1.2025787255145053	25	41.66666666666667	75.0	1.2089662627297035	51	51.0	76.14999999999999	1.158860453887011	91	45.5	39.96813512470109	317.0	3	1101
SC_RS39850		SCO7530	MerR family transcriptional regulator	MerR	8348997	8350073	-	8350073.0	1	1	Exposed	0	0.0	0	0.0	0	0.0	0	0.0	0	0.0	0	0.0	0	0.0	2	2.0	6	3.0	30	50.0	46	46.0	86	43.0	76.16666666666667	1.0829493087557605	12	20.0	75.8	1.066224380997512	21	21.0	75.35	1.0674539286179818	49	24.5	50.89051971920797	225.0	6	1077
SC_RS39865		SCO7533	response regulator transcription factor	Response regulator	8352526	8353227	+	8352526.0	1	0	Shielded	0	0.0	0	0.0	0	0.0	0	0.0	0	0.0	1	0.5	0	0.0	6	6.0	10	5.0	28	46.66666666666667	46	46.0	80	40.0	70.83333333333334	1.1183597390493942	15	25.0	73.6	1.1224007561436673	27	27.0	73.55000000000001	1.1618914408563954	66	33.0	64.66495569114593	799.0	2	702
SC_RS39870		SCO7534	sensor histidine kinase	Sensor kinase	8353224	8354738	+	8353224.0	1	0	Shielded	0	0.0	0	0.0	0	0.0	0	0.0	0	0.0	0	0.0	4	6.666666666666667	6	6.0	8	4.0	20	33.333333333333336	44	44.0	86	43.0	74.0	1.1010309278350516	27	45.0	74.5	1.1463729630113333	45	45.0	74.15	1.1390145333873636	77	38.5	49.228298617326274	1497.0	2	1515
SC_RS39890		SCO7538	LysR family transcriptional regulator	LysR	8359236	8360183	+	8359236.0	1	0	Shielded	0	0.0	0	0.0	0	0.0	0	0.0	0	0.0	0	0.0	2	3.3333333333333335	2	2.0	2	1.0	30	50.0	44	44.0	76	38.0	71.16666666666667	1.171669299631385	27	45.0	71.89999999999999	1.177308919664157	32	32.0	72.95	1.150916784203103	54	27.0	95.84935131407772	596.0	2	948
SC_RS39895		SCO7539	TetR/AcrR family transcriptional regulator	TetR	8360197	8360931	-	8360931.0	1	0	Shielded	1	1.6666666666666667	1	1.0	1	0.5	0	0.0	0	0.0	0	0.0	4	6.666666666666667	6	6.0	8	4.0	18	30.0	32	32.0	64	32.0	73.16666666666667	1.1538943935783268	22	36.66666666666667	73.5	1.1049641813624431	34	34.0	73.25	1.1033331096847299	74	37.0	107.24324190882244	2291.0	0	735
SC_RS39915		SCO7543	ROK family transcriptional regulator	ROK	8365625	8366890	+	8365625.0	1	0	Shielded	1	1.6666666666666667	1	1.0	2	1.0	0	0.0	0	0.0	0	0.0	4	6.666666666666667	4	4.0	8	4.0	26	43.333333333333336	44	44.0	88	44.0	68.83333333333333	1.1963406052076004	18	30.0	72.39999999999999	1.15995115995116	34	34.0	72.95	1.135039651219604	73	36.5	38.76871016479586	283.0	2	1266
SC_RS39960		SCO7552	TetR/AcrR family transcriptional regulator	TetR	8373973	8374590	-	8374590.0	1	0	Shielded	1	1.6666666666666667	1	1.0	1	0.5	0	0.0	0	0.0	0	0.0	4	6.666666666666667	8	8.0	16	8.0	24	40.0	44	44.0	84	42.0	73.0	1.1801138265818547	29	48.333333333333336	73.8	1.201382695666915	50	50.0	74.45	1.158979373788957	85	42.5	64.89832232188925	123.0	6	618
SC_RS39970		SCO7554	LacI family DNA-binding transcriptional regulator	LacI	8375936	8376949	-	8376949.0	1	0	Shielded	0	0.0	0	0.0	0	0.0	0	0.0	0	0.0	0	0.0	4	6.666666666666667	6	6.0	14	7.0	20	33.333333333333336	30	30.0	56	28.0	68.16666666666666	1.1621789659955042	18	30.0	69.19999999999999	1.1618673465123082	38	38.0	69.5	1.143197972066206	70	35.0	461.49252709064774	1047.0	2	1014
SC_RS40010		SCO7562	IclR family transcriptional regulator	IclR	8385161	8385997	-	8385997.0	1	0	Shielded	0	0.0	0	0.0	0	0.0	0	0.0	0	0.0	0	0.0	0	0.0	4	4.0	4	2.0	20	33.333333333333336	42	42.0	74	37.0	69.5	1.063046479521399	20	33.333333333333336	71.1	1.0935197071268958	32	32.0	72.75	1.14186203709715	58	29.0	81.8178278066802	1146.0	2	837
SC_RS40040		SCO7568	ROK family protein	ROK	8391351	8392310	-	8392310.0	1	1	Exposed	1	1.6666666666666667	1	1.0	1	0.5	0	0.0	0	0.0	0	0.0	6	10.0	6	6.0	10	5.0	30	50.0	44	44.0	82	41.0	75.16666666666667	0.9679323234310446	25	41.66666666666667	74.8	1.0826235337979293	33	33.0	74.8	1.1119447698112392	67	33.5	75.52056942044563	51.0	3	960
SC_RS40095		SCO7579	helix-turn-helix domain-containing protein	HTH (other)	8402873	8403748	+	8402873.0	1	0	Shielded	0	0.0	0	0.0	1	0.5	0	0.0	0	0.0	0	0.0	2	3.3333333333333335	4	4.0	12	6.0	18	30.0	36	36.0	76	38.0	67.83333333333333	0.9592680047225501	22	36.66666666666667	71.1	1.0082097076191847	39	39.0	71.5	1.0542301474550533	80	40.0	91.08536245951257	938.0	1	876
SC_RS40120		SCO7584	TetR/AcrR family transcriptional regulator	TetR	8409626	8410198	-	8410198.0	1	0	Shielded	0	0.0	0	0.0	0	0.0	0	0.0	0	0.0	0	0.0	2	3.3333333333333335	2	2.0	4	2.0	20	33.333333333333336	28	28.0	66	33.0	70.33333333333334	1.1602806260118725	11	18.333333333333336	70.6	1.1100386100386102	21	21.0	72.05	1.1199938207237476	61	30.5	133.00408992465967	236.0	1	573
SC_RS40125		SCO7585	MerR family transcriptional regulator	MerR	8410259	8410624	-	8410624.0	1	0	Shielded	0	0.0	0	0.0	0	0.0	0	0.0	0	0.0	0	0.0	0	0.0	0	0.0	4	2.0	20	33.333333333333336	34	34.0	70	35.0	70.0	1.090438219859606	16	26.666666666666668	70.3	1.0821630241981417	29	29.0	71.8	1.1413924208426827	55	27.5	119.41894269710332	662.0	1	366
SC_RS40155		SCO7591	LysR substrate-binding domain-containing protein	LysR	8417434	8418396	-	8418396.0	1	0	Shielded	0	0.0	0	0.0	0	0.0	0	0.0	0	0.0	0	0.0	4	6.666666666666667	6	6.0	10	5.0	22	36.66666666666667	46	46.0	90	45.0	72.5	1.092849881396137	16	26.666666666666668	74.4	1.1281131584275839	34	34.0	74.5	1.135747006044698	67	33.5	42.63067219682177	1105.0	1	963
SC_RS40190		SCO7599	MurR/RpiR family transcriptional regulator	Other regulatory	8425073	8426008	+	8425073.0	1	0	Shielded	0	0.0	0	0.0	0	0.0	0	0.0	0	0.0	0	0.0	0	0.0	0	0.0	10	5.0	16	26.666666666666668	30	30.0	80	40.0	71.33333333333334	1.1338914892214385	17	28.333333333333336	73.1	1.1387473778843273	38	38.0	75.1	1.188474642612509	97	48.5	98.0684597822688	2211.0	0	936
SC_RS40205		SCO7602	TetR/AcrR family transcriptional regulator	TetR	8429126	8429713	+	8429126.0	1	0	Shielded	1	1.6666666666666667	2	2.0	2	1.0	0	0.0	0	0.0	0	0.0	4	6.666666666666667	8	8.0	14	7.0	16	26.666666666666668	30	30.0	76	38.0	70.5	1.1268613334525779	20	33.333333333333336	71.89999999999999	1.0913481632842612	33	33.0	73.5	1.1090483882633748	85	42.5	76.45603462396636	280.0	3	588
SC_RS40210		SCO7603	LysR family transcriptional regulator	LysR	8429821	8430759	-	8430759.0	1	0	Shielded	0	0.0	0	0.0	0	0.0	0	0.0	0	0.0	0	0.0	0	0.0	0	0.0	4	2.0	16	26.666666666666668	26	26.0	72	36.0	74.83333333333333	1.160287081339713	25	41.66666666666667	72.5	1.1902581944698774	42	42.0	72.55	1.1767842181430421	75	37.5	73.53539609740892	889.0	3	939
SC_RS40245		SCO7610	helix-turn-helix transcriptional regulator	HTH (other)	8437174	8438154	+	8437174.0	1	0	Shielded	0	0.0	0	0.0	2	1.0	0	0.0	0	0.0	1	0.5	2	3.3333333333333335	6	6.0	8	4.0	28	46.66666666666667	46	46.0	90	45.0	75.0	1.228603805093338	22	36.66666666666667	76.5	1.1611130195808999	39	39.0	75.05	1.147042269576307	76	38.0	27.82919595482095	82.0	4	981
SC_RS40270		SCO7615	helix-turn-helix domain-containing protein	HTH (other)	8442864	8443736	+	8442864.0	1	0	Shielded	0	0.0	0	0.0	0	0.0	0	0.0	0	0.0	0	0.0	6	10.0	12	12.0	14	7.0	20	33.333333333333336	36	36.0	70	35.0	67.33333333333333	1.0913649435882309	12	20.0	69.6	1.107072042300066	29	29.0	70.55	1.113080097565288	64	32.0	391.2122069205796	486.0	3	873
SC_RS40285		SCO7618	IclR family transcriptional regulator	IclR	8444856	8445614	+	8444856.0	1	0	Shielded	0	0.0	0	0.0	0	0.0	0	0.0	0	0.0	0	0.0	0	0.0	0	0.0	6	3.0	16	26.666666666666668	26	26.0	58	29.0	72.16666666666667	0.9865470852017938	17	28.333333333333336	72.2	1.0684417660804328	27	27.0	71.39999999999999	1.108551571234266	58	29.0	145.95505566912288	2478.0	0	759
SC_RS40315		SCO7624	TetR/AcrR family transcriptional regulator	TetR	8450331	8451026	-	8451026.0	1	0	Shielded	0	0.0	0	0.0	0	0.0	0	0.0	0	0.0	1	0.5	2	3.3333333333333335	2	2.0	4	2.0	20	33.333333333333336	38	38.0	76	38.0	71.83333333333334	1.1401917595231925	11	18.333333333333336	73.1	1.1603186010300635	25	25.0	73.5	1.1666040157102675	48	24.0	69.8253900322839	511.0	3	696
SC_RS40390		SCO7639	MarR family winged helix-turn-helix transcriptional regulator	MarR	8468385	8468807	+	8468385.0	1	0	Shielded	0	0.0	0	0.0	0	0.0	0	0.0	0	0.0	0	0.0	0	0.0	0	0.0	6	3.0	8	13.333333333333334	16	16.0	56	28.0	68.83333333333333	1.055594651653765	11	18.333333333333336	70.6	1.0754414125200642	26	26.0	72.1	1.1216466234967624	47	23.5	56.96762605411433	865.0	3	423
SC_RS40395		SCO7640	LysR family transcriptional regulator	LysR	8468827	8469810	-	8469810.0	1	0	Shielded	0	0.0	1	1.0	1	0.5	0	0.0	0	0.0	0	0.0	4	6.666666666666667	6	6.0	10	5.0	18	30.0	44	44.0	80	40.0	73.66666666666667	1.1316809151854357	23	38.333333333333336	73.8	1.112248731226199	34	34.0	73.9	1.1443661971830987	70	35.0	51.8680558948798	560.0	1	984
SC_RS40420		SCO7645	TetR/AcrR family transcriptional regulator	TetR	8473207	8473920	+	8473207.0	1	0	Shielded	0	0.0	0	0.0	0	0.0	0	0.0	0	0.0	1	0.5	2	3.3333333333333335	2	2.0	2	1.0	16	26.666666666666668	26	26.0	58	29.0	73.16666666666667	1.1578638251457818	13	21.666666666666668	72.7	1.1761135139236665	33	33.0	70.6	1.1275630993940853	45	22.5	79.36306207465482	2733.0	0	714
SC_RS40435		SCO7648	response regulator transcription factor	Response regulator	8475216	8475908	-	8475908.0	1	1	Exposed	0	0.0	0	0.0	0	0.0	0	0.0	0	0.0	0	0.0	4	6.666666666666667	4	4.0	10	5.0	44	73.33333333333334	56	56.0	98	49.0	73.33333333333333	1.2281862542386899	16	26.666666666666668	74.2	1.2386968908708038	30	30.0	73.8	1.2375419552428446	68	34.0	120.99486101283772	32.0	1	693
SC_RS40440		SCO7649	sensor histidine kinase	Sensor kinase	8476050	8477246	-	8477246.0	1	0	Shielded	0	0.0	0	0.0	0	0.0	0	0.0	0	0.0	0	0.0	4	6.666666666666667	10	10.0	10	5.0	28	46.66666666666667	46	46.0	70	35.0	75.0	1.1707317073170733	13	21.666666666666668	75.6	1.1848090553263515	31	31.0	74.35000000000001	1.203474125306306	68	34.0	134.333802545418	1306.0	3	1197
SC_RS40450		SCO7651	TetR/AcrR family transcriptional regulator	TetR	8478902	8479495	-	8479495.0	1	0	Shielded	0	0.0	0	0.0	1	0.5	1	1.6666666666666667	1	1.0	1	0.5	2	3.3333333333333335	2	2.0	6	3.0	12	20.0	24	24.0	70	35.0	71.5	1.0221691225275455	21	35.0	72.2	1.0385584189110637	30	30.0	72.8	1.0852489621832477	57	28.5	21.23200786928337	88.0	5	594
SC_RS40655		SCO7694	TetR/AcrR family transcriptional regulator	TetR	8531016	8531588	+	8531016.0	1	0	Shielded	0	0.0	0	0.0	0	0.0	0	0.0	0	0.0	0	0.0	2	3.3333333333333335	6	6.0	8	4.0	22	36.66666666666667	36	36.0	68	34.0	69.83333333333334	1.271707917407357	31	51.66666666666667	70.5	1.2970900067674263	49	49.0	71.15	1.3392626504683445	65	32.5	85.19485548529481	1696.0	2	573
SC_RS40665		SCO7696	MarR family winged helix-turn-helix transcriptional regulator	MarR	8532086	8532541	+	8532086.0	1	0	Shielded	0	0.0	0	0.0	0	0.0	0	0.0	0	0.0	0	0.0	2	3.3333333333333335	4	4.0	8	4.0	12	20.0	28	28.0	60	30.0	67.5	1.211047112686457	19	31.666666666666668	69.1	1.2685203978079966	28	28.0	70.95	1.291861273973964	71	35.5	29.458011595357124	626.0	7	456
SC_RS40675		SCO7698	MerR family transcriptional regulator	MerR	8534142	8535239	-	8535239.0	1	0	Shielded	0	0.0	0	0.0	0	0.0	0	0.0	0	0.0	0	0.0	0	0.0	2	2.0	4	2.0	12	20.0	24	24.0	48	24.0	69.16666666666667	1.198589894242068	11	18.333333333333336	69.89999999999999	1.188260320414811	21	21.0	71.75	1.2086614173228347	71	35.5	771.1415955688948	1133.0	6	1098
SC_RS40695		SCO7702	FadR/GntR family transcriptional regulator	GntR	8539362	8540072	+	8539362.0	1	0	Shielded	0	0.0	0	0.0	1	0.5	0	0.0	0	0.0	1	0.5	2	3.3333333333333335	2	2.0	8	4.0	12	20.0	26	26.0	70	35.0	68.0	1.1246755743535517	17	28.333333333333336	68.5	1.1253772571487033	34	34.0	70.89999999999999	1.1839272901219804	81	40.5	120.29361920894672	975.0	2	711
SC_RS40705		SCO7704	TetR/AcrR family transcriptional regulator	TetR	8541365	8542072	+	8541365.0	1	0	Shielded	0	0.0	0	0.0	0	0.0	1	1.6666666666666667	1	1.0	1	0.5	4	6.666666666666667	6	6.0	8	4.0	22	36.66666666666667	30	30.0	52	26.0	72.33333333333334	1.0972886762360448	19	31.666666666666668	72.6	1.027639701908365	29	29.0	72.05	1.0510027186454087	56	28.0	101.69013918214424	48.0	3	708
SC_RS40715		SCO7706	helix-turn-helix transcriptional regulator	HTH (other)	8543383	8544237	-	8544237.0	1	0	Shielded	0	0.0	0	0.0	0	0.0	0	0.0	0	0.0	1	0.5	2	3.3333333333333335	2	2.0	4	2.0	28	46.66666666666667	44	44.0	82	41.0	73.66666666666667	1.1107454336021063	36	60.0	72.89999999999999	1.1319217012028555	48	48.0	72.7	1.1460926589349687	78	39.0	49.6093552679922	811.0	1	855
SC_RS40730		SCO7709	MarR family winged helix-turn-helix transcriptional regulator	MarR	8545444	8545872	+	8545444.0	1	0	Shielded	0	0.0	0	0.0	0	0.0	0	0.0	1	1.0	1	0.5	4	6.666666666666667	4	4.0	10	5.0	22	36.66666666666667	32	32.0	84	42.0	69.66666666666667	1.1957730812013347	21	35.0	70.1	1.1598464428653108	34	34.0	72.15	1.2266871755431648	70	35.0	42.323282698655056	396.0	4	429
SC_RS40740		SCO7711	sensor histidine kinase	Sensor kinase	8546786	8548315	+	8546786.0	1	1	Exposed	1	1.6666666666666667	2	2.0	2	1.0	0	0.0	0	0.0	0	0.0	6	10.0	10	10.0	18	9.0	12	20.0	34	34.0	86	43.0	71.83333333333334	1.2427184466019416	17	28.333333333333336	72.7	1.2492807171628457	30	30.0	73.4	1.2287588978292545	60	30.0	174.7222802230395	35.0	4	1530
SC_RS40745		SCO7712	response regulator	Response regulator	8548323	8549003	+	8548323.0	1	0	Shielded	0	0.0	0	0.0	0	0.0	0	0.0	0	0.0	0	0.0	0	0.0	4	4.0	10	5.0	26	43.333333333333336	50	50.0	102	51.0	71.83333333333334	1.3181700697854744	18	30.0	74.5	1.2570982704061728	33	33.0	74.45	1.191636875744773	61	30.5	96.03793132016412	1194.0	4	681
SC_RS40780		SCO7719	TetR/AcrR family transcriptional regulator	TetR	8553428	8554087	-	8554087.0	1	0	Shielded	0	0.0	0	0.0	1	0.5	0	0.0	0	0.0	0	0.0	0	0.0	4	4.0	8	4.0	16	26.666666666666668	30	30.0	66	33.0	70.0	1.3128205128205128	16	26.666666666666668	71.1	1.2898222735689304	37	37.0	72.1	1.235031020054826	69	34.5	56.77903893977274	912.0	3	660
SC_RS40805		SCO7724	transcriptional regulator	Other regulatory	8558433	8559848	-	8559848.0	1	0	Shielded	0	0.0	0	0.0	0	0.0	0	0.0	0	0.0	0	0.0	2	3.3333333333333335	4	4.0	6	3.0	16	26.666666666666668	38	38.0	66	33.0	73.5	1.0894684714427205	13	21.666666666666668	75.3	1.1218355770044874	26	26.0	74.4	1.1076682497393724	50	25.0	100.47637266811276	426.0	2	1416
SC_RS40820		SCO7727	MarR family winged helix-turn-helix transcriptional regulator	MarR	8562591	8563058	-	8563058.0	1	0	Shielded	0	0.0	0	0.0	0	0.0	0	0.0	0	0.0	0	0.0	0	0.0	4	4.0	10	5.0	8	13.333333333333334	22	22.0	58	29.0	65.33333333333333	1.188118811881188	17	28.333333333333336	66.9	1.1202322913679381	26	26.0	69.0	1.1271775977658332	69	34.5	185.857629672102	1376.0	2	468
SC_RS40860		SCO7735	AraC family transcriptional regulator	AraC	8569962	8570174	+	8569962.0	1	0	Shielded	0	0.0	0	0.0	1	0.5	0	0.0	0	0.0	2	1.0	4	6.666666666666667	6	6.0	16	8.0	22	36.66666666666667	34	34.0	70	35.0	70.83333333333334	1.1194029850746268	18	30.0	70.6	1.0593475382207775	29	29.0	71.0	1.1086474501108647	60	30.0	15.294139213337704	848.0	8	213
SC_RS40895		SCO7742	MarR family winged helix-turn-helix transcriptional regulator	MarR	8577403	8577879	+	8577403.0	1	0	Shielded	0	0.0	0	0.0	0	0.0	0	0.0	0	0.0	0	0.0	0	0.0	4	4.0	8	4.0	14	23.333333333333336	30	30.0	52	26.0	66.16666666666666	1.142944224321853	18	30.0	66.0	1.102090297931744	31	31.0	67.05	1.1033059138086743	58	29.0	50.914967077419675	1609.0	1	477
SC_RS40930		SCO7751	MarR family winged helix-turn-helix transcriptional regulator	MarR	8584661	8585167	+	8584661.0	1	0	Shielded	0	0.0	0	0.0	0	0.0	0	0.0	1	1.0	1	0.5	4	6.666666666666667	4	4.0	4	2.0	18	30.0	26	26.0	52	26.0	69.33333333333334	1.100270365581286	16	26.666666666666668	68.4	1.0986284863734628	29	29.0	68.0	1.0913489774629863	50	25.0	32.73944020680971	338.0	2	507
SC_RS40940		SCO7753	helix-turn-helix transcriptional regulator	HTH (other)	8586108	8586491	-	8586491.0	1	0	Shielded	0	0.0	0	0.0	0	0.0	0	0.0	0	0.0	0	0.0	2	3.3333333333333335	4	4.0	6	3.0	8	13.333333333333334	22	22.0	50	25.0	64.5	1.244881244881245	11	18.333333333333336	66.7	1.173901173901174	30	30.0	66.55	1.1641390600486574	47	23.5	55.04699889149188	1026.0	2	384
SC_RS40985		SCO7765	MarR family winged helix-turn-helix transcriptional regulator	MarR	8595004	8595444	+	8595004.0	1	0	Shielded	0	0.0	0	0.0	0	0.0	0	0.0	0	0.0	0	0.0	4	6.666666666666667	4	4.0	8	4.0	10	16.666666666666668	14	14.0	50	25.0	66.5	1.2059369202226344	17	28.333333333333336	66.2	1.2084313454176467	26	26.0	69.1	1.1901722162315012	54	27.0	185.556065384082	3695.0	0	441
SC_RS40995		SCO7767	helix-turn-helix transcriptional regulator	HTH (other)	8596583	8597410	-	8597410.0	1	0	Shielded	0	0.0	0	0.0	0	0.0	0	0.0	0	0.0	0	0.0	4	6.666666666666667	4	4.0	4	2.0	14	23.333333333333336	22	22.0	62	31.0	65.83333333333333	0.9701262704034493	14	23.333333333333336	65.2	1.0369532428355959	25	25.0	66.45	1.0694460178996261	52	26.0	70.43909511847228	2227.0	0	828
SC_RS41010		SCO7770	tetratricopeptide repeat protein	TetR	8598830	8599405	+	8598830.0	1	0	Shielded	0	0.0	0	0.0	1	0.5	0	0.0	0	0.0	0	0.0	0	0.0	0	0.0	6	3.0	22	36.66666666666667	32	32.0	78	39.0	68.16666666666666	1.1190817790530847	13	21.666666666666668	68.5	1.0914424093591186	23	23.0	68.89999999999999	1.0661138044882128	48	24.0	27.52841597963794	807.0	1	576
SC_RS41050		SCO7778	IclR family transcriptional regulator	IclR	8605797	8606564	+	8605797.0	1	0	Shielded	0	0.0	0	0.0	1	0.5	0	0.0	0	0.0	0	0.0	4	6.666666666666667	4	4.0	10	5.0	24	40.0	38	38.0	74	37.0	71.16666666666667	1.1320754716981132	18	30.0	71.3	1.1255411255411256	22	22.0	71.5	1.1668337301090088	57	28.5	121.4596345621598	411.0	3	768
SC_RS41060		SCO7780	helix-turn-helix domain-containing protein	HTH (other)	8607539	8608480	+	8607539.0	1	0	Shielded	0	0.0	0	0.0	0	0.0	0	0.0	0	0.0	0	0.0	2	3.3333333333333335	6	6.0	14	7.0	20	33.333333333333336	36	36.0	82	41.0	68.5	1.3235922007685375	22	36.66666666666667	70.1	1.2146607102096716	43	43.0	71.35000000000001	1.178846773496381	97	48.5	138.9106242125357	975.0	3	942
SC_RS41085		SCO7785	TetR/AcrR family transcriptional regulator	TetR	8611658	8612263	+	8611658.0	1	0	Shielded	0	0.0	0	0.0	0	0.0	0	0.0	1	1.0	2	1.0	4	6.666666666666667	6	6.0	6	3.0	20	33.333333333333336	24	24.0	42	21.0	68.33333333333333	1.170982482863671	16	26.666666666666668	68.2	1.1890811332460192	28	28.0	67.2	1.151512467336906	50	25.0	275.00165192608097	492.0	3	606
SC_RS41090			helix-turn-helix domain-containing protein	HTH (other)	8612498	8613397	-	8613397.0	1	0	Shielded	0	0.0	0	0.0	0	0.0	0	0.0	0	0.0	0	0.0	2	3.3333333333333335	4	4.0	8	4.0	16	26.666666666666668	22	22.0	54	27.0	65.16666666666666	1.1996842936069456	15	25.0	66.3	1.1136467366499316	22	22.0	66.14999999999999	1.0649919325718413	55	27.5	38.4107100658513	2231.0	0	900
SC_RS41130		SCO7794	TetR/AcrR family transcriptional regulator C-terminal domain-containing protein	TetR	8618313	8618951	+	8618313.0	1	0	Shielded	0	0.0	0	0.0	0	0.0	0	0.0	1	1.0	1	0.5	2	3.3333333333333335	2	2.0	8	4.0	16	26.666666666666668	30	30.0	64	32.0	70.0	1.2109941944847604	16	26.666666666666668	70.19999999999999	1.1943451413714656	22	22.0	69.95	1.1602687887695822	54	27.0	49.93844233872234	1112.0	1	639
SC_RS41190		SCO7809	TetR/AcrR family transcriptional regulator	TetR	8628356	8628988	-	8628988.0	1	0	Shielded	0	0.0	0	0.0	0	0.0	0	0.0	0	0.0	0	0.0	6	10.0	8	8.0	10	5.0	10	16.666666666666668	24	24.0	42	21.0	67.5	1.3333333333333333	22	36.66666666666667	67.9	1.3245725639193404	36	36.0	66.95	1.2768142146030046	59	29.5	49.397745322439285	1096.0	3	633
SC_RS41225		SCO7815	TetR/AcrR family transcriptional regulator	TetR	8634834	8635487	+	8634834.0	1	0	Shielded	0	0.0	0	0.0	0	0.0	0	0.0	0	0.0	0	0.0	0	0.0	2	2.0	4	2.0	14	23.333333333333336	20	20.0	60	30.0	67.16666666666666	1.3335967598537983	15	25.0	67.0	1.3100553431542925	25	25.0	69.95	1.215022091310751	49	24.5	80.17826180649611	15.0	2	654
SC_RS41235		SCO7817	helix-turn-helix transcriptional regulator	HTH (other)	8636400	8637257	-	8637257.0	1	0	Shielded	0	0.0	1	1.0	2	1.0	0	0.0	0	0.0	0	0.0	4	6.666666666666667	8	8.0	14	7.0	22	36.66666666666667	32	32.0	56	28.0	69.83333333333334	1.176792556102901	16	26.666666666666668	69.3	1.2086153435801688	23	23.0	69.05	1.182985149760886	59	29.5	57.2516233524993	358.0	2	858
SC_RS41270		SCO7824	TetR/AcrR family transcriptional regulator	TetR	8643240	8643812	-	8643812.0	1	0	Shielded	0	0.0	0	0.0	0	0.0	0	0.0	0	0.0	0	0.0	2	3.3333333333333335	4	4.0	6	3.0	18	30.0	24	24.0	58	29.0	70.16666666666667	1.070460704607046	18	30.0	69.8	1.1577115081450342	28	28.0	69.05	1.0655032825051913	58	29.0	57.688551047561454	1253.0	2	573
SC_RS01945			helix-turn-helix domain-containing protein	HTH (other)	13054	13797	-	13797.0	arm	0	Shielded	0	0.0	0	0.0	0	0.0	0	0.0	0	0.0	0	0.0	4	6.666666666666667	6	6.0	10	5.0	28	46.66666666666667	42	42.0	78	39.0	71.83333333333334	1.1113982941328509	20	33.333333333333336	71.2	1.0416666666666667	26	26.0	70.55	1.0246642717650747	49	24.5		1098.0	2	744
SC_RS01955		SCP2.15c	DNA-binding protein	Other regulatory	14867	15088	-	15088.0	arm	0	Shielded	0	0.0	2	2.0	4	2.0	0	0.0	0	0.0	0	0.0	2	3.3333333333333335	10	10.0	12	6.0	26	43.333333333333336	44	44.0	80	40.0	71.83333333333334	1.2527730653790945	18	30.0	71.5	1.1768028619845603	38	38.0	71.3	1.1218705715635333	59	29.5		193.0	3	222
SC_RS02040		SCP2.35	GntR family transcriptional regulator	GntR	26665	27462	+	26665.0	arm	0	Shielded	0	0.0	0	0.0	0	0.0	0	0.0	0	0.0	0	0.0	0	0.0	6	6.0	10	5.0	12	20.0	32	32.0	68	34.0	67.5	0.8634146341463416	16	26.666666666666668	69.5	0.9283357923180213	34	34.0	69.8	0.9734758633437047	70	35.0		483.0	3	798
SC_RS02055		SCP2.38c	helix-turn-helix domain-containing protein	HTH (other)	28549	28968	-	28968.0	arm	0	Shielded	0	0.0	0	0.0	2	1.0	0	0.0	0	0.0	0	0.0	0	0.0	0	0.0	8	4.0	14	23.333333333333336	26	26.0	48	24.0	71.0	0.9667807085310671	10	16.666666666666668	70.3	1.0211027910142954	16	16.0	68.30000000000001	1.0401153582488238	56	28.0		441.0	3	420
SC_RS02060		SCP2.39c	helix-turn-helix domain-containing protein	HTH (other)	28965	29477	-	29477.0	arm	0	Shielded	0	0.0	0	0.0	0	0.0	0	0.0	0	0.0	0	0.0	0	0.0	0	0.0	2	1.0	6	10.0	14	14.0	42	21.0	64.0	1.0991114149008885	16	26.666666666666668	65.0	1.051615185323276	24	24.0	67.30000000000001	1.0498687664041995	46	23.0		68.0	3	513
SC_RS00170		SCP1.36c	AraC family transcriptional regulator	AraC	33166	34080	-	34080.0	arm	0	Shielded	1	1.6666666666666667	2	2.0	3	1.5	0	0.0	0	0.0	0	0.0	4	6.666666666666667	8	8.0	20	10.0	36	60.0	52	52.0	106	53.0	73.16666666666667	1.096163428001993	19	31.666666666666668	72.7	1.1050058277704615	43	43.0	72.75	1.1110355304627804	87	43.5		596.0	2	915
SC_RS00205		SCP1.42c	TetR/AcrR family transcriptional regulator	TetR	40107	40730	-	40730.0	arm	0	Shielded	1	1.6666666666666667	1	1.0	1	0.5	0	0.0	0	0.0	0	0.0	2	3.3333333333333335	2	2.0	4	2.0	10	16.666666666666668	12	12.0	36	18.0	68.5	1.2198038746711313	16	26.666666666666668	66.60000000000001	1.1443621997184505	24	24.0	65.25	1.0969267139479906	53	26.5		53.0	1	624
SC_RS00320		SCP1.60	helix-turn-helix domain-containing protein	HTH (other)	59650	60522	+	59650.0	arm	0	Shielded	0	0.0	0	0.0	0	0.0	1	1.6666666666666667	1	1.0	1	0.5	2	3.3333333333333335	2	2.0	6	3.0	18	30.0	32	32.0	60	30.0	71.5	1.004566210045662	21	35.0	71.5	1.0415361483523369	32	32.0	70.8	1.078037490857721	69	34.5		244.0	3	873
SC_RS00470		SCP1.89c	helix-turn-helix domain-containing protein	HTH (other)	87214	88383	-	88383.0	arm	0	Shielded	0	0.0	0	0.0	0	0.0	0	0.0	0	0.0	0	0.0	4	6.666666666666667	4	4.0	4	2.0	22	36.66666666666667	34	34.0	52	26.0	66.83333333333333	0.9901492840459024	11	18.333333333333336	64.9	1.0106788710907704	33	33.0	65.3	1.0440843450839854	54	27.0		2161.0	0	1170
SC_RS00480		SCP1.91c	GntR family transcriptional regulator	GntR	89274	90032	-	90032.0	arm	0	Shielded	0	0.0	0	0.0	0	0.0	0	0.0	0	0.0	0	0.0	4	6.666666666666667	4	4.0	6	3.0	14	23.333333333333336	24	24.0	48	24.0	63.83333333333333	1.2608527346126197	9	15.0	64.3	1.2405504942818375	25	25.0	66.35	1.1644832605531295	54	27.0		3622.0	0	759
SC_RS00505		SCP1.95	WhiB family transcriptional regulator	WhiB	92483	92791	+	92483.0	arm	0	Shielded	0	0.0	0	0.0	0	0.0	0	0.0	0	0.0	0	0.0	0	0.0	2	2.0	2	1.0	16	26.666666666666668	26	26.0	54	27.0	69.33333333333334	1.2093411175979984	14	23.333333333333336	69.6	1.2072600983999668	26	26.0	69.19999999999999	1.1610836502298152	53	26.5		1171.0	1	309
SC_RS00610		SCP1.115	WhiB family transcriptional regulator	WhiB	109297	109824	+	109297.0	arm	0	Shielded	0	0.0	3	3.0	5	2.5	0	0.0	0	0.0	0	0.0	2	3.3333333333333335	10	10.0	18	9.0	20	33.333333333333336	40	40.0	92	46.0	73.33333333333333	1.1520160280490859	16	26.666666666666668	74.9	1.179666833488239	41	41.0	75.14999999999999	1.146141972570658	86	43.0		349.0	6	528
SC_RS00615		SCP1.116	RNA polymerase sigma factor	Sigma factor	110149	111153	+	110149.0	arm	0	Shielded	0	0.0	0	0.0	0	0.0	0	0.0	0	0.0	0	0.0	4	6.666666666666667	8	8.0	10	5.0	34	56.66666666666667	60	60.0	104	52.0	75.83333333333333	1.1373307543520308	25	41.66666666666667	76.2	1.1681193278821098	48	48.0	76.2	1.1678319148826226	83	41.5		340.0	6	1005
SC_RS00780		SCP1.151c	RNA polymerase sigma factor	Sigma factor	145658	146182	-	146182.0	arm	0	Shielded	0	0.0	0	0.0	0	0.0	0	0.0	0	0.0	0	0.0	0	0.0	0	0.0	4	2.0	24	40.0	34	34.0	62	31.0	72.16666666666667	1.0890454836643177	15	25.0	71.6	1.0791788856304985	20	20.0	69.19999999999999	1.0764510623147887	51	25.5		591.0	1	525
SC_RS00815		SCP1.158	helix-turn-helix domain-containing protein	HTH (other)	152373	153824	+	152373.0	arm	0	Shielded	0	0.0	0	0.0	0	0.0	0	0.0	0	0.0	0	0.0	0	0.0	0	0.0	4	2.0	16	26.666666666666668	32	32.0	70	35.0	71.66666666666667	1.2474012474012475	24	40.0	71.39999999999999	1.193392374850826	36	36.0	70.8	1.1252656045808684	71	35.5		1018.0	2	1452
SC_RS00830		SCP1.161c	sigma-70 family RNA polymerase sigma factor	Sigma factor	156182	156988	-	156988.0	arm	0	Shielded	0	0.0	0	0.0	1	0.5	0	0.0	1	1.0	1	0.5	0	0.0	0	0.0	6	3.0	16	26.666666666666668	24	24.0	56	28.0	66.83333333333333	1.1374407582938388	12	20.0	66.8	1.1847915843894732	20	20.0	67.55	1.1530283434533857	55	27.5		2651.0	0	807
SC_RS00975		SCP1.186	helix-turn-helix domain-containing protein	HTH (other)	178957	179805	+	178957.0	arm	0	Shielded	1	1.6666666666666667	1	1.0	1	0.5	0	0.0	0	0.0	0	0.0	2	3.3333333333333335	4	4.0	6	3.0	26	43.333333333333336	50	50.0	82	41.0	75.33333333333333	1.189821723081756	25	41.66666666666667	74.0	1.1671952078928824	38	38.0	74.35000000000001	1.2125581700203187	70	35.0		247.0	2	849
SC_RS01130		SCP1.217	helix-turn-helix domain-containing protein	HTH (other)	217465	217674	+	217465.0	arm	0	Shielded	0	0.0	0	0.0	0	0.0	0	0.0	0	0.0	0	0.0	0	0.0	0	0.0	2	1.0	12	20.0	20	20.0	46	23.0	69.33333333333334	1.0694434672482938	8	13.333333333333334	69.69999999999999	1.0836042343919314	19	19.0	68.25	1.0518934081346423	41	20.5		4565.0	0	210
SC_RS01210		SCP1.230	helix-turn-helix transcriptional regulator	HTH (other)	232923	233864	+	232923.0	arm	0	Shielded	0	0.0	0	0.0	0	0.0	0	0.0	1	1.0	1	0.5	0	0.0	0	0.0	2	1.0	16	26.666666666666668	20	20.0	42	21.0	69.83333333333334	1.1083743842364533	19	31.666666666666668	67.4	1.1456873683561148	21	21.0	69.45	1.0910825779418782	49	24.5		463.0	5	942
SC_RS01265		SCP1.238	ArsR/SmtB family transcription factor	ArsR	242698	243033	+	242698.0	arm	0	Shielded	0	0.0	0	0.0	1	0.5	0	0.0	0	0.0	0	0.0	6	10.0	6	6.0	18	9.0	34	56.66666666666667	44	44.0	88	44.0	74.5	1.1797279402913208	18	30.0	73.6	1.1507479861910241	36	36.0	72.75	1.1527573578045451	80	40.0		620.0	2	336
SC_RS01285		SCP1.242c	ScbR family autoregulator-binding transcription factor	Other regulatory	246362	247006	-	247006.0	arm	0	Shielded	0	0.0	0	0.0	0	0.0	0	0.0	0	0.0	0	0.0	2	3.3333333333333335	2	2.0	6	3.0	14	23.333333333333336	24	24.0	46	23.0	66.16666666666666	1.2159458211482224	7	11.666666666666668	67.30000000000001	1.1887230984865957	23	23.0	69.39999999999999	1.2243189725715071	71	35.5		859.0	1	645
SC_RS01305		SCP1.246	TetR/AcrR family transcriptional regulator	TetR	250406	251017	+	250406.0	arm	0	Shielded	0	0.0	0	0.0	2	1.0	0	0.0	0	0.0	0	0.0	0	0.0	2	2.0	8	4.0	14	23.333333333333336	22	22.0	58	29.0	66.66666666666666	1.2457786116322702	11	18.333333333333336	67.9	1.197313852400701	22	22.0	68.8	1.1801656038831256	47	23.5		17.0	4	612
SC_RS01545		SCP1.293c	helix-turn-helix domain-containing protein	HTH (other)	295502	296374	-	296374.0	arm	0	Shielded	0	0.0	0	0.0	0	0.0	0	0.0	0	0.0	0	0.0	0	0.0	6	6.0	6	3.0	26	43.333333333333336	44	44.0	82	41.0	70.66666666666667	1.2419871794871795	17	28.333333333333336	69.69999999999999	1.286385750803991	36	36.0	70.3	1.2546213572979503	66	33.0		1812.0	2	873
SC_RS01660		SCP1.312	TetR/AcrR family transcriptional regulator	TetR	315294	315917	+	315294.0	arm	0	Shielded	0	0.0	0	0.0	1	0.5	0	0.0	0	0.0	0	0.0	2	3.3333333333333335	6	6.0	12	6.0	18	30.0	32	32.0	76	38.0	72.66666666666667	1.2373737373737372	19	31.666666666666668	74.9	1.2654607850146564	44	44.0	75.55	1.221121185750779	83	41.5		341.0	5	624
SC_RS01695		SCP1.318	AraC family transcriptional regulator	AraC	321944	322858	+	321944.0	arm	0	Shielded	1	1.6666666666666667	1	1.0	2	1.0	1	1.6666666666666667	1	1.0	1	0.5	4	6.666666666666667	6	6.0	12	6.0	28	46.66666666666667	52	52.0	88	44.0	73.5	1.1462270027825074	15	25.0	74.2	1.1046306115235065	24	24.0	74.0	1.12261329652634	50	25.0		57.0	11	915
SC_RS05080		SCO0633	anti-sigma factor	Sigma factor	674317	675069	+	674317.0	arm	0	Shielded	0	0.0	0	0.0	0	0.0	0	0.0	0	0.0	0	0.0	0	0.0	0	0.0	8	4.0	20	33.333333333333336	32	32.0	66	33.0	75.66666666666667	1.095294506049366	11	18.333333333333336	76.8	1.1136390033272527	17	17.0	74.5	1.1478832055996422	72	36.0		636.0	1	753
SC_RS06465		SCO0903	ArsR/SmtB family transcription factor	ArsR	950560	950811	+	950560.0	arm	0	Shielded	0	0.0	0	0.0	0	0.0	0	0.0	0	0.0	0	0.0	0	0.0	2	2.0	10	5.0	18	30.0	30	30.0	92	46.0	69.66666666666667	1.0995052226498074	22	36.66666666666667	69.5	1.146788990825688	33	33.0	71.75	1.108302547151468	69	34.5		836.0	5	252
SC_RS18375		SCO3251	helix-turn-helix domain-containing protein	HTH (other)	3603907	3604107	-	3604107.0	core	0	Shielded	1	1.6666666666666667	1	1.0	1	0.5	0	0.0	0	0.0	0	0.0	4	6.666666666666667	4	4.0	6	3.0	16	26.666666666666668	24	24.0	56	28.0	68.83333333333333	1.1391850445450562	11	18.333333333333336	68.10000000000001	1.1259248668549164	19	19.0	69.05	1.1898910990972347	29	14.5		121.0	1	201
SC_RS21810		SCO3933	SCO3933 family regulatory protein	Other regulatory	4328521	4328871	+	4328521.0	core	0	Shielded	0	0.0	0	0.0	0	0.0	0	0.0	0	0.0	0	0.0	0	0.0	0	0.0	2	1.0	18	30.0	32	32.0	72	36.0	64.83333333333333	1.1282377244557444	7	11.666666666666668	67.80000000000001	1.0904459487752112	15	15.0	69.39999999999999	1.0827310641788839	40	20.0		1044.0	4	351
SC_RS22100		SCO3996	helix-turn-helix domain-containing protein	HTH (other)	4390643	4390861	+	4390643.0	core	0	Shielded	0	0.0	0	0.0	0	0.0	0	0.0	0	0.0	1	0.5	2	3.3333333333333335	2	2.0	2	1.0	16	26.666666666666668	26	26.0	42	21.0	68.0	1.0637522768670309	9	15.0	68.7	1.1222286947880615	13	13.0	65.14999999999999	1.1303122310187943	35	17.5		1536.0	1	219
SC_RS25240		SCO4616	helix-turn-helix transcriptional regulator	HTH (other)	5040186	5040371	-	5040371.0	core	0	Shielded	0	0.0	0	0.0	0	0.0	0	0.0	0	0.0	0	0.0	0	0.0	2	2.0	2	1.0	4	6.666666666666667	12	12.0	40	20.0	64.0	1.1518209741114525	12	20.0	66.7	1.1473737888832227	25	25.0	68.0	1.0925642263880482	47	23.5		1461.0	3	186
SC_RS28865		SCO5338	SCO3933 family regulatory protein	Other regulatory	5810810	5811163	+	5810810.0	core	0	Shielded	0	0.0	0	0.0	1	0.5	0	0.0	0	0.0	0	0.0	0	0.0	2	2.0	6	3.0	10	16.666666666666668	14	14.0	54	27.0	64.5	1.2025012025012025	9	15.0	66.10000000000001	1.1720538412233312	18	18.0	68.15	1.198115769013623	48	24.0		786.0	1	354
SC_RS28915		SCO5348	helix-turn-helix transcriptional regulator	HTH (other)	5816431	5816601	+	5816431.0	core	0	Shielded	1	1.6666666666666667	1	1.0	2	1.0	0	0.0	0	0.0	0	0.0	4	6.666666666666667	4	4.0	6	3.0	16	26.666666666666668	20	20.0	58	29.0	67.83333333333333	1.1482558139534884	12	20.0	67.2	1.1477041433912865	20	20.0	68.65	1.1830515013180738	50	25.0		128.0	2	171
SC_RS40530		SCO7668	helix-turn-helix domain-containing protein	HTH (other)	8492841	8493260	+	8492841.0	arm	0	Shielded	0	0.0	1	1.0	1	0.5	0	0.0	0	0.0	0	0.0	6	10.0	8	8.0	12	6.0	34	56.66666666666667	42	42.0	84	42.0	76.66666666666667	1.06206817792497	23	38.333333333333336	76.5	1.1157047420873945	33	33.0	75.7	1.162601924053815	76	38.0		450.0	2	420
