# Program:featureCounts v2.1.1; Command:"featureCounts" "-T" "6" "-p" "--countReadPairs" "-B" "-C" "-s" "0" "-t" "gene" "-g" "gene_id" "-a" "/Users/okaban/SFC-CNS Dropbox/Takeda Tomoki/my_projects/2026/M145_RNA-seq/data/RH250715199/02_M145-ref/ncbi_dataset/data/GCF_000203835.1/genomic.gtf" "-o" "/Users/okaban/bioinfo/rna-seq/03_quantification/analysis/03_quant_260128_v1/counts/featureCounts_M145.txt" "/Users/okaban/bioinfo/rna-seq/02_alignment/analysis/02_alignment_260127_v1/bam/M145_1_1.Aligned.sortedByCoord.out.bam" "/Users/okaban/bioinfo/rna-seq/02_alignment/analysis/02_alignment_260127_v1/bam/M145_1_2.Aligned.sortedByCoord.out.bam" "/Users/okaban/bioinfo/rna-seq/02_alignment/analysis/02_alignment_260127_v1/bam/M145_1_3.Aligned.sortedByCoord.out.bam" "/Users/okaban/bioinfo/rna-seq/02_alignment/analysis/02_alignment_260127_v1/bam/M145_2_1.Aligned.sortedByCoord.out.bam" "/Users/okaban/bioinfo/rna-seq/02_alignment/analysis/02_alignment_260127_v1/bam/M145_2_3.Aligned.sortedByCoord.out.bam" "/Users/okaban/bioinfo/rna-seq/02_alignment/analysis/02_alignment_260127_v1/bam/M145_2_4.Aligned.sortedByCoord.out.bam" "/Users/okaban/bioinfo/rna-seq/02_alignment/analysis/02_alignment_260127_v1/bam/M145_3_2.Aligned.sortedByCoord.out.bam" "/Users/okaban/bioinfo/rna-seq/02_alignment/analysis/02_alignment_260127_v1/bam/M145_3_3.Aligned.sortedByCoord.out.bam" "/Users/okaban/bioinfo/rna-seq/02_alignment/analysis/02_alignment_260127_v1/bam/M145_3_4.Aligned.sortedByCoord.out.bam" 
Geneid	Chr	Start	End	Strand	Length	/Users/okaban/bioinfo/rna-seq/02_alignment/analysis/02_alignment_260127_v1/bam/M145_1_1.Aligned.sortedByCoord.out.bam	/Users/okaban/bioinfo/rna-seq/02_alignment/analysis/02_alignment_260127_v1/bam/M145_1_2.Aligned.sortedByCoord.out.bam	/Users/okaban/bioinfo/rna-seq/02_alignment/analysis/02_alignment_260127_v1/bam/M145_1_3.Aligned.sortedByCoord.out.bam	/Users/okaban/bioinfo/rna-seq/02_alignment/analysis/02_alignment_260127_v1/bam/M145_2_1.Aligned.sortedByCoord.out.bam	/Users/okaban/bioinfo/rna-seq/02_alignment/analysis/02_alignment_260127_v1/bam/M145_2_3.Aligned.sortedByCoord.out.bam	/Users/okaban/bioinfo/rna-seq/02_alignment/analysis/02_alignment_260127_v1/bam/M145_2_4.Aligned.sortedByCoord.out.bam	/Users/okaban/bioinfo/rna-seq/02_alignment/analysis/02_alignment_260127_v1/bam/M145_3_2.Aligned.sortedByCoord.out.bam	/Users/okaban/bioinfo/rna-seq/02_alignment/analysis/02_alignment_260127_v1/bam/M145_3_3.Aligned.sortedByCoord.out.bam	/Users/okaban/bioinfo/rna-seq/02_alignment/analysis/02_alignment_260127_v1/bam/M145_3_4.Aligned.sortedByCoord.out.bam
SC_RS02065	NC_003888.3	577	699	+	123	0	0	0	1	2	1	4	1	4
SC_RS02070	NC_003888.3	800	1123	+	324	0	1	0	0	0	1	0	0	1
SC_RS02075	NC_003888.3	1144	3813	+	2670	6	2	2	8	5	12	6	4	4
SC_RS02080	NC_003888.3	3869	6220	+	2352	2	2	2	4	3	2	4	3	6
SC_RS02085	NC_003888.3	6346	7173	+	828	0	0	0	127	85	78	40	35	43
SC_RS02090	NC_003888.3	7154	9307	+	2154	0	0	0	86	60	71	35	22	23
SC_RS02095	NC_003888.3	9424	10410	+	987	0	0	0	5	0	4	0	2	2
SC_RS02100	NC_003888.3	10407	11363	+	957	0	0	0	2	0	0	6	4	6
SC_RS02105	NC_003888.3	11617	11964	+	348	0	0	0	0	0	0	2	0	1
SC_RS02110	NC_003888.3	12366	13457	+	1092	0	0	0	21	8	12	17	10	13
SC_RS02115	NC_003888.3	13517	13621	-	105	0	0	0	1	1	0	1	1	1
SC_RS02120	NC_003888.3	14044	14343	-	300	4	1	2	5	6	3	6	8	4
SC_RS02125	NC_003888.3	14739	15360	-	622	1	0	1	1	0	0	0	1	2
SC_RS02130	NC_003888.3	15317	15595	-	279	1	0	0	0	1	0	2	0	0
SC_RS02135	NC_003888.3	16070	17302	-	1233	1	3	1	0	3	1	10	3	13
SC_RS02140	NC_003888.3	17715	17918	+	204	0	1	0	0	0	0	3	0	1
SC_RS02145	NC_003888.3	17919	18263	+	345	1	1	0	0	1	1	2	0	1
SC_RS02150	NC_003888.3	18485	19363	-	879	3	3	3	3	2	2	3	5	4
SC_RS02155	NC_003888.3	19971	21620	+	1650	0	0	0	0	1	0	21	4	18
SC_RS02160	NC_003888.3	21758	22210	+	453	5	8	6	6	1	6	53	11	55
SC_RS02165	NC_003888.3	22156	22500	-	345	0	0	5	1	1	3	33	8	25
SC_RS02170	NC_003888.3	22624	22761	-	138	0	1	0	0	0	0	4	3	11
SC_RS02175	NC_003888.3	22742	23010	+	269	0	0	1	1	1	2	50	4	34
SC_RS02180	NC_003888.3	23343	23831	+	489	113	92	123	90	78	92	123	43	81
SC_RS02185	NC_003888.3	24378	24614	-	237	22	8	14	5	1	5	49	10	48
SC_RS02190	NC_003888.3	25248	25871	+	624	12	10	10	4	3	3	62	12	63
SC_RS02195	NC_003888.3	25843	26385	-	543	63	66	86	35	18	21	67	31	56
SC_RS02200	NC_003888.3	26527	28728	-	2202	5	5	8	979	802	857	940	546	605
SC_RS02205	NC_003888.3	29040	29519	+	480	2	1	1	0	4	3	60	7	56
SC_RS02210	NC_003888.3	29605	30054	-	450	0	1	1	2	3	1	41	11	53
SC_RS02215	NC_003888.3	30155	30241	-	87	0	2	1	3	7	1	19	7	15
SC_RS02220	NC_003888.3	30379	31274	-	896	98	95	124	144	136	165	365	327	337
SC_RS02225	NC_003888.3	31625	32137	+	513	5	3	4	11	7	10	64	21	32
SC_RS02230	NC_003888.3	32134	33357	+	1224	2	6	1	1	0	5	131	24	84
SC_RS02235	NC_003888.3	33360	33845	+	486	1	0	0	0	0	0	38	7	38
SC_RS02240	NC_003888.3	33842	34777	+	936	3	3	3	3	6	4	96	28	78
SC_RS02245	NC_003888.3	35179	35907	-	729	16	15	15	31	31	32	106	33	73
SC_RS02250	NC_003888.3	36006	36674	-	669	9	16	14	4	2	4	56	13	72
SC_RS02255	NC_003888.3	36816	37478	+	663	18	21	17	7	12	9	76	8	55
SC_RS02260	NC_003888.3	37614	38768	-	1155	79	85	109	69	68	49	161	73	146
SC_RS02265	NC_003888.3	39107	39325	-	219	2	0	2	0	0	2	29	6	38
SC_RS02270	NC_003888.3	39489	39812	+	324	2	6	3	4	2	10	47	21	42
SC_RS02275	NC_003888.3	39901	40212	+	312	1	0	0	3	2	6	35	11	27
SC_RS02280	NC_003888.3	40223	41065	-	843	5	3	3	8	5	11	122	28	96
SC_RS02285	NC_003888.3	41354	42174	+	821	45	35	50	25	41	44	125	39	96
SC_RS02290	NC_003888.3	42171	43682	-	1512	134	134	144	275	241	249	278	136	209
SC_RS02295	NC_003888.3	43950	44090	+	141	2	1	3	7	9	17	29	11	19
SC_RS02300	NC_003888.3	44187	44555	+	369	102	66	112	42	41	58	68	29	67
SC_RS02305	NC_003888.3	44796	44975	+	180	111	99	120	61	49	78	68	41	74
SC_RS02310	NC_003888.3	45267	46073	+	807	57	53	66	51	61	45	139	46	96
SC_RS02315	NC_003888.3	46064	46201	+	138	9	16	9	6	8	7	15	12	25
SC_RS02320	NC_003888.3	46430	47734	-	1305	256	226	297	51	62	58	200	71	147
SC_RS02325	NC_003888.3	47789	48844	-	1056	152	116	147	38	28	50	165	55	139
SC_RS02330	NC_003888.3	48889	49824	-	936	91	69	102	31	27	30	127	58	108
SC_RS02335	NC_003888.3	49821	51539	-	1719	54	59	65	55	47	37	241	53	149
SC_RS02340	NC_003888.3	51831	53144	+	1314	8	7	4	15	11	7	134	40	131
SC_RS02345	NC_003888.3	53141	54100	+	960	6	8	7	8	20	10	108	30	90
SC_RS02350	NC_003888.3	54103	54918	+	816	8	4	3	7	5	11	96	30	86
SC_RS02355	NC_003888.3	54968	56173	+	1206	3	2	4	3	6	11	151	31	102
SC_RS02360	NC_003888.3	56225	59383	+	3159	19	19	30	31	19	30	330	69	282
SC_RS02365	NC_003888.3	59546	60058	+	513	1	2	2	1	6	2	59	11	53
SC_RS02370	NC_003888.3	60069	60275	-	207	2	4	10	7	5	0	21	2	13
SC_RS02375	NC_003888.3	60485	60691	-	207	16	11	21	35	38	63	72	47	63
SC_RS02380	NC_003888.3	60740	64066	-	3327	40	28	42	184	167	218	552	227	430
SC_RS02385	NC_003888.3	64587	64925	+	339	0	1	2	1	0	0	65	17	40
SC_RS02390	NC_003888.3	65140	65679	+	540	6	4	10	21	20	14	107	51	93
SC_RS02395	NC_003888.3	65943	66104	-	162	0	3	3	1	1	3	21	7	23
SC_RS02400	NC_003888.3	66104	66418	-	315	2	4	2	5	7	0	41	6	39
SC_RS02405	NC_003888.3	66688	67911	-	1224	13	7	13	27	37	33	175	61	185
SC_RS02410	NC_003888.3	68372	68887	+	516	12	16	24	12	11	5	55	16	62
SC_RS02415	NC_003888.3	68914	69676	-	763	7	4	6	7	4	4	100	21	68
SC_RS02420	NC_003888.3	69799	70647	+	849	2	4	2	3	3	4	102	17	74
SC_RS02425	NC_003888.3	70777	71235	+	459	20	10	22	13	9	18	53	17	34
SC_RS02430	NC_003888.3	71273	71431	-	159	9	9	5	3	6	2	40	10	24
SC_RS02435	NC_003888.3	71648	72139	-	492	3	5	3	4	3	2	60	11	32
SC_RS02440	NC_003888.3	72159	73097	-	939	17	16	25	34	17	25	98	31	103
SC_RS02445	NC_003888.3	73784	74833	-	1050	25	23	35	40	55	67	149	37	140
SC_RS02450	NC_003888.3	74917	75876	-	960	17	27	35	29	29	31	111	30	87
SC_RS02455	NC_003888.3	75916	76893	+	978	40	31	47	134	125	117	185	90	150
SC_RS02460	NC_003888.3	76985	77200	-	216	1	4	2	2	7	11	27	8	31
SC_RS02465	NC_003888.3	77315	78271	+	957	1	1	3	0	6	2	23	4	18
SC_RS02470	NC_003888.3	78489	78779	-	291	2	0	2	0	0	0	35	6	38
SC_RS02475	NC_003888.3	78845	80690	-	1846	91	84	117	160	132	170	318	133	252
SC_RS02480	NC_003888.3	80845	81165	-	321	56	61	80	153	128	126	133	136	138
SC_RS02485	NC_003888.3	81602	82441	-	840	1	0	1	1	3	0	31	4	28
SC_RS02490	NC_003888.3	82716	83500	+	785	41	40	86	45	37	42	105	34	91
SC_RS02495	NC_003888.3	83516	84235	-	720	50	60	54	67	58	46	96	46	88
SC_RS02500	NC_003888.3	85468	86643	+	1176	84	73	99	39	28	40	133	38	127
SC_RS02505	NC_003888.3	86640	87311	+	672	46	59	64	34	27	25	101	36	83
SC_RS02510	NC_003888.3	87907	88632	-	726	3	4	2	5	2	2	82	14	54
SC_RS02515	NC_003888.3	89073	89465	+	393	5	9	9	42	36	43	94	68	81
SC_RS02520	NC_003888.3	89486	90010	-	525	12	13	18	85	75	64	106	38	82
SC_RS02525	NC_003888.3	90584	90757	+	174	1	2	4	7	5	6	57	12	38
SC_RS02530	NC_003888.3	90951	91790	-	840	21	19	17	61	71	89	147	68	129
SC_RS02535	NC_003888.3	91977	92729	+	753	1	5	2	3	9	10	103	24	80
SC_RS02540	NC_003888.3	93220	93549	-	330	0	0	2	3	1	1	59	15	46
SC_RS02545	NC_003888.3	93593	94087	-	495	23	15	40	17	22	16	74	15	72
SC_RS02550	NC_003888.3	94306	94872	-	567	48	51	77	72	64	50	97	37	82
SC_RS02555	NC_003888.3	94989	95681	+	693	7	7	11	13	6	2	84	36	52
SC_RS02560	NC_003888.3	95995	97518	+	1524	161	148	165	629	591	591	325	148	288
SC_RS02565	NC_003888.3	97760	98281	-	522	8	12	15	39	41	39	103	29	67
SC_RS02570	NC_003888.3	98463	99338	-	876	10	5	5	32	44	32	116	36	103
SC_RS02575	NC_003888.3	99335	99949	-	615	3	2	0	9	17	19	89	26	66
SC_RS02580	NC_003888.3	100205	101566	+	1362	5	7	2	23	13	20	172	49	130
SC_RS02585	NC_003888.3	101656	103002	-	1347	5	6	7	7	10	12	161	41	110
SC_RS02590	NC_003888.3	103781	104989	+	1209	4	7	1	6	3	13	155	23	107
SC_RS02595	NC_003888.3	105057	106640	+	1584	3	1	8	9	2	5	172	30	132
SC_RS02600	NC_003888.3	106694	112885	+	6192	24	18	30	69	62	74	663	148	508
SC_RS02605	NC_003888.3	112932	119654	+	6723	15	22	18	60	49	41	694	155	600
SC_RS02610	NC_003888.3	119651	119833	+	183	2	4	9	11	8	12	28	17	18
SC_RS02615	NC_003888.3	120457	121371	+	915	24	16	37	955	784	578	149	43	126
SC_RS02620	NC_003888.3	121617	122456	-	840	6	5	8	7132	6287	5374	354	213	177
SC_RS02625	NC_003888.3	122743	125502	+	2760	70	84	66	165	160	142	625	419	532
SC_RS02630	NC_003888.3	125625	126005	-	381	5	0	0	3	1	1	57	16	66
SC_RS02635	NC_003888.3	127571	128290	+	720	6	14	9	40	32	27	139	48	109
SC_RS02640	NC_003888.3	128634	130184	-	1551	28	23	31	119	103	90	193	89	185
SC_RS02645	NC_003888.3	130201	131001	-	801	36	21	49	127	123	82	168	96	134
SC_RS02650	NC_003888.3	131523	132296	+	774	2	7	10	6	10	7	99	20	88
SC_RS02655	NC_003888.3	132327	132647	+	321	2	1	5	1	0	0	37	6	35
SC_RS02660	NC_003888.3	132693	133520	+	828	6	13	11	12	5	7	150	65	106
SC_RS02665	NC_003888.3	133570	134121	-	552	12	10	18	19	13	23	250	202	214
SC_RS02670	NC_003888.3	134295	136100	-	1806	76	86	103	86	51	98	248	91	193
SC_RS02675	NC_003888.3	136149	136307	+	159	1	0	0	0	0	0	23	4	26
SC_RS02680	NC_003888.3	136683	137183	+	501	28	28	29	6	13	12	82	27	61
SC_RS02685	NC_003888.3	137197	137556	+	360	16	20	38	15	13	11	49	32	41
SC_RS02690	NC_003888.3	137561	138589	+	1029	93	85	116	71	66	63	120	64	119
SC_RS02695	NC_003888.3	138543	138761	-	219	22	23	21	10	11	9	34	7	19
SC_RS02700	NC_003888.3	138976	139467	+	492	58	67	86	26	32	22	76	25	60
SC_RS02705	NC_003888.3	139467	139712	+	246	35	34	34	13	14	11	35	13	18
SC_RS02710	NC_003888.3	139709	140862	+	1154	159	114	139	48	31	36	153	58	137
SC_RS02715	NC_003888.3	141370	141708	+	339	19	17	23	1	2	7	54	10	40
SC_RS02720	NC_003888.3	141705	143315	+	1611	21	12	27	6	11	6	155	39	123
SC_RS02725	NC_003888.3	143776	144363	-	588	25	25	26	29	17	21	113	35	93
SC_RS02730	NC_003888.3	144704	145366	-	663	20	18	26	38	27	25	97	18	76
SC_RS02735	NC_003888.3	145499	146122	+	624	74	78	92	166	115	166	174	109	135
SC_RS02740	NC_003888.3	146977	148206	+	1230	14	10	21	12	13	10	143	44	98
SC_RS02745	NC_003888.3	148225	149184	+	960	8	10	15	9	7	10	130	39	87
SC_RS02750	NC_003888.3	149508	150209	-	702	3	5	4	23	24	21	121	50	94
SC_RS02755	NC_003888.3	150579	151571	+	993	5	7	2	304	311	252	1916	2785	2739
SC_RS02760	NC_003888.3	151749	153275	+	1527	9	7	10	19	24	15	191	109	236
SC_RS02765	NC_003888.3	153398	155728	+	2331	13	6	10	20	24	21	299	90	231
SC_RS02770	NC_003888.3	155707	156120	-	414	7	8	16	26	27	14	99	97	98
SC_RS02775	NC_003888.3	156338	157141	+	804	22	18	18	135	105	132	659	827	904
SC_RS02780	NC_003888.3	157189	158073	-	885	11	19	23	1631	1532	1154	12452	15873	15929
SC_RS02785	NC_003888.3	158846	159304	+	459	21	10	14	1215	1178	1127	5074	7139	6501
SC_RS02790	NC_003888.3	159339	160025	+	687	9	14	10	700	839	775	2785	4124	3874
SC_RS02795	NC_003888.3	160026	160238	-	213	19	26	16	175	138	133	375	487	448
SC_RS02800	NC_003888.3	160356	161027	-	672	35	34	38	434	422	359	3194	4057	3875
SC_RS02805	NC_003888.3	161237	162553	+	1317	0	2	3	452	465	344	4170	5266	5226
SC_RS02810	NC_003888.3	162661	163119	+	459	5	2	6	49	55	25	197	190	243
SC_RS02815	NC_003888.3	163235	163891	-	657	21	17	34	101	103	72	368	552	604
SC_RS02820	NC_003888.3	164023	164931	-	909	12	10	13	486	488	485	3055	4447	4239
SC_RS02825	NC_003888.3	165275	165397	+	123	10	11	18	3	4	1	23	11	33
SC_RS02830	NC_003888.3	165478	165855	+	378	0	0	1	1	2	1	54	10	45
SC_RS02835	NC_003888.3	166033	166614	+	582	8	3	3	377	358	353	3701	5241	4995
SC_RS02840	NC_003888.3	166891	166965	+	75	28	23	46	16	22	15	87	133	134
SC_RS02845	NC_003888.3	167444	168514	-	1071	4	6	8	1299	1161	804	4910	6321	7017
SC_RS02850	NC_003888.3	168705	169556	-	852	8	2	8	242	202	181	1188	1643	1850
SC_RS02855	NC_003888.3	169584	170486	-	903	10	5	3	734	704	628	5980	7415	7266
SC_RS02860	NC_003888.3	170827	171651	+	825	0	1	0	6	3	2	113	19	104
SC_RS02865	NC_003888.3	171653	172158	+	506	2	0	1	0	0	0	43	10	38
SC_RS02870	NC_003888.3	172170	173665	+	1496	4	2	1	4	3	3	154	26	133
SC_RS02875	NC_003888.3	173801	174946	+	1146	298	392	468	126	132	155	138	77	211
SC_RS02880	NC_003888.3	174943	176514	+	1572	239	363	403	88	99	135	172	83	211
SC_RS02885	NC_003888.3	176501	177496	+	996	74	111	156	23	30	27	108	39	94
SC_RS02890	NC_003888.3	177493	178503	+	1011	79	199	210	34	56	38	123	32	114
SC_RS02895	NC_003888.3	178519	180087	-	1569	98	145	169	108	122	167	184	61	153
SC_RS02900	NC_003888.3	180084	180824	-	741	38	41	58	45	48	77	95	29	81
SC_RS02905	NC_003888.3	180821	182038	-	1218	280	382	466	134	116	192	175	57	192
SC_RS02910	NC_003888.3	182309	183559	-	1251	902	940	1230	374	317	465	250	136	271
SC_RS02915	NC_003888.3	183793	184797	-	1005	2702	2513	3373	1153	983	1220	416	354	476
SC_RS02920	NC_003888.3	184958	185566	+	609	795	837	1065	254	252	301	810	666	867
SC_RS02925	NC_003888.3	185675	186361	+	687	463	434	609	150	165	176	421	338	514
SC_RS02930	NC_003888.3	186447	186887	+	441	110	123	161	138	149	132	251	292	339
SC_RS02935	NC_003888.3	187019	187459	-	441	27	31	47	118	156	169	316	445	471
SC_RS02940	NC_003888.3	187992	188858	-	867	24	13	29	313	373	278	1009	1326	1545
SC_RS02945	NC_003888.3	188864	189886	-	1023	10	3	6	493	595	477	2405	3076	3540
SC_RS02950	NC_003888.3	189925	190830	-	906	14	13	10	988	1211	1063	6841	9091	8647
SC_RS02955	NC_003888.3	190983	191612	-	630	5	3	6	907	1029	765	5257	7220	7429
SC_RS02960	NC_003888.3	191904	192848	+	945	14	13	21	26	32	21	146	47	127
SC_RS02965	NC_003888.3	192880	194637	-	1758	163	158	232	1195	1043	1132	2104	2299	2381
SC_RS02970	NC_003888.3	194760	195461	-	702	31	32	48	2327	2405	2343	7514	10524	8270
SC_RS02975	NC_003888.3	195554	196307	-	754	2	2	4	10	4	8	91	46	100
SC_RS02980	NC_003888.3	196386	196991	-	606	1	0	1	28	24	18	140	156	171
SC_RS02985	NC_003888.3	197221	199917	+	2697	12	12	12	524	552	418	3216	4552	4500
SC_RS02990	NC_003888.3	200024	200428	+	405	2	4	3	575	556	404	3571	4664	4513
SC_RS02995	NC_003888.3	200701	201369	+	669	4	1	5	194	186	148	815	1171	1274
SC_RS03000	NC_003888.3	201374	202090	+	717	4	6	3	62	86	53	221	234	316
SC_RS03005	NC_003888.3	202370	202843	-	474	11	8	4	152	133	121	297	450	417
SC_RS03010	NC_003888.3	202863	204101	-	1239	5	7	5	587	689	605	1747	2786	2269
SC_RS03015	NC_003888.3	204387	204800	+	414	12	11	3	168	180	177	479	631	534
SC_RS03020	NC_003888.3	204881	205888	-	1008	4	6	8	319	297	294	1599	2275	2064
SC_RS03025	NC_003888.3	206480	210181	+	3702	29	25	44	2309	3217	3002	5810	8587	7723
SC_RS03030	NC_003888.3	210183	211751	+	1569	9	5	17	550	826	631	868	1096	1198
SC_RS03035	NC_003888.3	211748	212551	+	804	2	4	1	96	147	214	186	221	257
SC_RS03040	NC_003888.3	212551	213321	+	771	3	0	6	134	197	278	208	269	285
SC_RS03045	NC_003888.3	213421	213870	+	450	5	6	5	67	49	88	95	96	122
SC_RS03050	NC_003888.3	213892	214542	-	651	3	5	6	16	27	26	104	40	114
SC_RS03055	NC_003888.3	214913	215446	+	534	479	501	619	352	359	371	318	199	255
SC_RS03060	NC_003888.3	215807	216844	-	1038	323	307	357	129	108	83	1254	932	975
SC_RS03065	NC_003888.3	217315	217968	-	654	243	234	300	44	53	41	134	52	110
SC_RS03070	NC_003888.3	218481	218771	+	291	1	1	1	1	1	0	59	13	61
SC_RS03075	NC_003888.3	219302	220150	+	849	122	98	134	169	170	208	166	88	151
SC_RS03080	NC_003888.3	220150	220764	+	615	111	88	144	118	136	125	94	57	93
SC_RS03085	NC_003888.3	221092	221247	-	156	72	61	93	83	47	130	114	119	109
SC_RS03090	NC_003888.3	221414	221599	-	186	0	1	2	3	3	4	17	6	14
SC_RS03095	NC_003888.3	221699	222538	-	840	25	26	45	34	38	27	121	51	107
SC_RS03100	NC_003888.3	222827	223288	+	462	0	4	0	2	1	4	44	15	54
SC_RS03105	NC_003888.3	223294	224232	+	939	80	80	72	83	73	113	181	111	172
SC_RS03110	NC_003888.3	224404	225276	-	873	15	21	14	35	32	23	119	42	103
SC_RS03115	NC_003888.3	225476	226237	+	762	1	3	4	4	4	3	86	16	63
SC_RS03120	NC_003888.3	226481	227008	+	528	6	4	13	3	7	3	63	9	59
SC_RS03125	NC_003888.3	227081	228154	-	1074	19	19	31	23	28	27	134	46	110
SC_RS03130	NC_003888.3	228714	229649	-	936	40	44	36	24	22	37	149	41	87
SC_RS03135	NC_003888.3	229995	230669	+	675	22	21	21	20	17	29	108	29	114
SC_RS03140	NC_003888.3	231022	231465	+	444	59	58	80	455	327	479	450	435	465
SC_RS03145	NC_003888.3	231475	231654	+	180	48	37	46	202	183	146	252	200	193
SC_RS03150	NC_003888.3	232508	233518	+	1011	190	150	197	97	60	92	171	88	184
SC_RS03155	NC_003888.3	233854	234873	-	1020	258	265	344	66	60	90	173	67	120
SC_RS03160	NC_003888.3	234870	236207	-	1338	726	749	925	148	143	148	264	99	209
SC_RS03165	NC_003888.3	236794	237807	+	1014	1344	1300	1765	1744	1685	1855	1068	1000	832
SC_RS03170	NC_003888.3	238280	239794	-	1515	405	421	559	167	142	142	259	107	225
SC_RS03175	NC_003888.3	239858	240523	+	666	117	111	184	46	49	52	123	69	93
SC_RS03180	NC_003888.3	240876	242123	-	1248	68	70	92	46	33	55	131	40	147
SC_RS03185	NC_003888.3	242203	242766	+	564	77	69	119	72	55	50	79	45	94
SC_RS03190	NC_003888.3	243022	243762	-	741	49	55	59	57	61	79	159	91	115
SC_RS03195	NC_003888.3	243936	245759	-	1824	34	27	18	21	8	11	197	56	178
SC_RS03200	NC_003888.3	245986	246783	+	798	23	33	30	10	3	7	187	90	149
SC_RS03205	NC_003888.3	246868	247869	+	1002	14	17	12	7	9	10	153	50	123
SC_RS03210	NC_003888.3	247871	248680	+	810	19	33	26	13	9	15	123	60	98
SC_RS03215	NC_003888.3	248677	249702	+	1026	25	30	31	18	8	7	170	98	146
SC_RS03220	NC_003888.3	249755	250084	+	330	108	129	151	97	105	117	139	123	115
SC_RS03225	NC_003888.3	250164	250691	-	528	25	15	14	22	13	30	45	36	47
SC_RS03230	NC_003888.3	250805	251740	+	936	94	84	85	129	64	96	173	100	153
SC_RS03235	NC_003888.3	251764	252879	-	1116	63	50	76	28	34	24	127	36	118
SC_RS03240	NC_003888.3	252946	253398	+	453	41	28	54	76	57	60	85	59	65
SC_RS03245	NC_003888.3	253499	254290	+	792	72	70	83	111	95	79	137	106	124
SC_RS03250	NC_003888.3	254332	255198	-	867	20	23	27	21	17	27	102	36	83
SC_RS03255	NC_003888.3	255311	256087	+	777	2	0	3	5	10	7	121	20	93
SC_RS03260	NC_003888.3	256281	256442	+	162	5	8	4	1206	792	1260	514	560	456
SC_RS03265	NC_003888.3	256526	259687	+	3162	39	33	63	1091	652	987	679	501	648
SC_RS03270	NC_003888.3	259684	261084	+	1401	17	13	17	181	118	170	185	74	191
SC_RS03275	NC_003888.3	261366	262319	+	954	26	23	29	27	20	14	116	46	111
SC_RS03280	NC_003888.3	262330	263220	+	891	2	2	1	8	7	7	96	25	73
SC_RS03285	NC_003888.3	263285	264634	+	1350	7	4	2	9	16	9	135	30	163
SC_RS03290	NC_003888.3	264764	266263	+	1500	10	16	13	26	21	21	142	38	142
SC_RS03295	NC_003888.3	266356	267513	+	1158	56	55	87	45	30	34	138	45	101
SC_RS03300	NC_003888.3	267585	268838	+	1254	118	133	144	90	100	77	199	70	130
SC_RS03305	NC_003888.3	269020	269688	-	669	63	87	99	111	103	102	137	63	117
SC_RS03310	NC_003888.3	269783	270397	+	615	43	44	62	1	3	0	78	22	54
SC_RS03315	NC_003888.3	270444	271748	+	1305	84	84	111	50	66	58	159	46	135
SC_RS03320	NC_003888.3	271768	272469	-	702	46	38	56	67	69	42	104	31	78
SC_RS03325	NC_003888.3	272466	272849	-	384	16	14	19	20	20	20	38	14	24
SC_RS03330	NC_003888.3	272898	273656	+	759	69	74	81	74	63	73	119	33	92
SC_RS03335	NC_003888.3	274101	274535	-	435	19	15	19	11	8	10	75	23	77
SC_RS03340	NC_003888.3	274763	276805	+	2043	10	8	7	31	42	19	215	64	192
SC_RS03345	NC_003888.3	276953	278827	+	1875	44	40	49	68	54	70	261	67	190
SC_RS03350	NC_003888.3	278910	279416	-	507	445	361	416	124	105	109	138	95	129
SC_RS03355	NC_003888.3	279691	280695	+	1005	57	66	56	63	95	69	205	69	141
SC_RS03360	NC_003888.3	280692	281132	-	441	24	33	32	15	22	23	74	22	53
SC_RS03365	NC_003888.3	281129	282157	-	1029	174	131	196	60	53	54	171	80	144
SC_RS03370	NC_003888.3	282491	283801	+	1311	5	8	5	4	9	8	156	35	134
SC_RS03375	NC_003888.3	283798	284700	+	903	8	8	11	16	10	6	91	19	62
SC_RS03380	NC_003888.3	284702	285598	+	897	13	7	11	7	16	13	100	29	104
SC_RS03385	NC_003888.3	285714	288104	+	2391	21	19	21	19	15	14	239	67	182
SC_RS03390	NC_003888.3	288187	288840	-	654	8	7	10	15	13	20	96	31	78
SC_RS03395	NC_003888.3	288987	290456	-	1470	15	19	26	28	17	25	175	62	126
SC_RS03400	NC_003888.3	290584	291165	+	582	80	65	96	32	44	40	118	47	78
SC_RS03405	NC_003888.3	291315	292592	+	1278	97	112	130	7725	5875	6059	1949	1768	1595
SC_RS03410	NC_003888.3	292656	293519	-	864	156	160	251	866	597	607	472	373	402
SC_RS03415	NC_003888.3	293613	294497	+	885	18	13	21	173	135	129	122	53	105
SC_RS03420	NC_003888.3	294494	296305	-	1812	43	31	43	765	678	818	363	219	316
SC_RS03425	NC_003888.3	296477	297499	+	1023	6	6	8	49	32	40	122	22	104
SC_RS03430	NC_003888.3	297515	298108	-	594	68	68	115	119	88	75	179	106	127
SC_RS03435	NC_003888.3	298468	298836	-	369	3	4	1	16	22	20	58	31	54
SC_RS03440	NC_003888.3	299213	302092	+	2880	37	50	51	855	637	750	1368	1082	1103
SC_RS03445	NC_003888.3	302053	303030	-	978	9	10	8	47	35	45	158	76	153
SC_RS03450	NC_003888.3	303084	303971	+	888	25	34	29	47	56	47	112	57	95
SC_RS03455	NC_003888.3	304074	305429	+	1356	26	22	38	94	69	81	193	82	152
SC_RS03460	NC_003888.3	305537	306721	-	1185	29	32	38	31	26	34	135	49	126
SC_RS03465	NC_003888.3	306816	307460	-	645	64	53	88	53	57	75	99	39	84
SC_RS03470	NC_003888.3	307575	309131	+	1557	12	4	4	2	9	3	162	39	151
SC_RS03475	NC_003888.3	309147	310316	+	1170	6	8	9	8	8	6	106	23	104
SC_RS03480	NC_003888.3	310378	311727	+	1350	2	2	3	6	1	3	131	20	111
SC_RS03485	NC_003888.3	311724	313670	+	1947	8	5	2	29	23	28	239	36	174
SC_RS03490	NC_003888.3	313697	315055	-	1359	14	15	11	70	59	76	224	152	206
SC_RS03495	NC_003888.3	315254	316921	-	1668	18	21	28	38	32	47	136	56	125
SC_RS03500	NC_003888.3	316975	318237	-	1263	13	17	19	43	36	29	150	50	115
SC_RS03505	NC_003888.3	318329	319288	-	960	12	1	2	5	11	1	128	21	97
SC_RS03510	NC_003888.3	319712	319882	+	171	2	0	3	7	2	3	382	322	303
SC_RS03515	NC_003888.3	320113	320583	+	471	3	0	6	28	5	15	727	590	606
SC_RS03520	NC_003888.3	320720	322255	+	1536	23	21	25	37	23	31	567	444	492
SC_RS03525	NC_003888.3	322244	323938	-	1695	26	29	24	16	36	15	189	47	155
SC_RS03530	NC_003888.3	324330	324617	+	288	0	0	3	53	42	24	62	30	39
SC_RS03535	NC_003888.3	324710	325210	+	501	2	1	5	1044	795	623	224	150	145
SC_RS03540	NC_003888.3	325238	327616	-	2379	9	7	13	17011	14752	14777	3650	2823	2374
SC_RS03545	NC_003888.3	327944	328264	+	321	1	0	0	13	8	7	54	17	47
SC_RS03550	NC_003888.3	328333	329301	+	969	29	34	31	119	115	119	188	99	208
SC_RS03555	NC_003888.3	329342	330174	+	833	1	0	0	3	1	0	22	10	18
SC_RS03560	NC_003888.3	330235	331365	+	1131	43	38	51	58	52	62	146	68	144
SC_RS03565	NC_003888.3	331504	332253	+	750	37	33	41	19	23	13	79	32	77
SC_RS03570	NC_003888.3	332311	333210	+	900	18	22	20	9	9	15	83	7	78
SC_RS03575	NC_003888.3	333529	334149	+	621	48	44	51	38	48	40	84	30	83
SC_RS03580	NC_003888.3	334223	335734	-	1512	29	26	39	17	18	29	154	54	159
SC_RS03585	NC_003888.3	335948	336292	+	345	1	0	0	0	0	1	41	7	35
SC_RS03590	NC_003888.3	336333	339467	+	3135	29	40	46	70	43	49	348	84	282
SC_RS03595	NC_003888.3	339521	340630	-	1110	17	30	21	17	11	16	108	38	106
SC_RS03600	NC_003888.3	340752	341318	+	567	78	65	110	87	63	47	141	72	77
SC_RS03605	NC_003888.3	341370	341909	-	540	16	18	26	8	7	6	50	12	44
SC_RS03610	NC_003888.3	341803	342561	+	759	38	43	51	13	19	18	80	24	67
SC_RS03615	NC_003888.3	342578	343156	-	579	79	72	107	40	38	52	92	45	89
SC_RS03620	NC_003888.3	343234	345663	-	2430	2	3	6	5	12	5	268	43	231
SC_RS03625	NC_003888.3	345817	347706	-	1890	15	5	12	5	17	14	231	66	205
SC_RS03630	NC_003888.3	348206	349381	+	1176	63	51	85	57	41	32	188	73	148
SC_RS03635	NC_003888.3	349419	350201	-	783	28	36	46	51	30	34	108	38	101
SC_RS03640	NC_003888.3	350474	351352	+	879	46	38	59	36	52	41	158	66	130
SC_RS03645	NC_003888.3	351529	352779	+	1251	30	28	41	30	23	29	190	65	130
SC_RS03650	NC_003888.3	352776	353795	+	1020	13	13	11	19	10	20	133	30	97
SC_RS03655	NC_003888.3	353801	354805	+	1005	18	6	35	20	22	30	147	37	93
SC_RS03660	NC_003888.3	354802	355686	+	885	16	22	18	21	15	13	93	40	77
SC_RS03665	NC_003888.3	355713	357158	+	1446	26	24	37	31	30	46	174	62	146
SC_RS03670	NC_003888.3	357203	358477	+	1275	51	56	45	79	91	92	231	147	221
SC_RS03675	NC_003888.3	358481	359392	+	912	27	31	48	46	45	42	151	55	124
SC_RS03680	NC_003888.3	359389	360231	+	843	11	8	14	26	24	29	112	56	105
SC_RS03685	NC_003888.3	360305	360646	+	342	12	3	18	6	10	5	38	19	33
SC_RS03690	NC_003888.3	360674	361465	+	792	99	82	124	21	21	14	116	54	83
SC_RS03695	NC_003888.3	361759	362508	-	750	197	209	241	107	131	124	190	100	116
SC_RS03700	NC_003888.3	362635	363777	+	1143	65	57	61	42	50	44	218	107	166
SC_RS03705	NC_003888.3	363831	364496	+	666	70	57	72	69	38	40	154	94	131
SC_RS03710	NC_003888.3	364559	365602	-	1044	158	139	177	141	131	151	197	132	182
SC_RS03715	NC_003888.3	365623	366795	-	1173	40	43	75	65	48	46	155	48	109
SC_RS03720	NC_003888.3	366935	368146	+	1212	6	11	11	10	14	14	124	29	121
SC_RS03725	NC_003888.3	368143	369252	+	1110	10	9	9	6	9	6	121	27	116
SC_RS03730	NC_003888.3	369249	370055	+	807	7	4	13	9	4	8	90	23	69
SC_RS03735	NC_003888.3	370066	370812	+	747	7	10	10	17	9	14	80	22	68
SC_RS03740	NC_003888.3	370809	371876	+	1068	10	13	6	22	17	28	116	24	95
SC_RS03745	NC_003888.3	371921	372928	-	1008	11	9	9	7	2	4	76	19	47
SC_RS03750	NC_003888.3	373045	374001	+	957	1	0	1	1	0	0	12	2	7
SC_RS03755	NC_003888.3	373998	377255	-	3258	10	9	18	13	5	8	325	66	284
SC_RS03760	NC_003888.3	377286	380690	-	3405	3	4	9	6	15	14	331	83	303
SC_RS03765	NC_003888.3	380751	383360	-	2610	5	7	5	7	11	12	261	64	230
SC_RS03770	NC_003888.3	383578	386592	-	3015	10	21	29	11	14	15	318	77	267
SC_RS03775	NC_003888.3	386761	387324	-	564	11	13	16	47	21	30	101	42	86
SC_RS03780	NC_003888.3	387750	389519	+	1770	11	8	11	511	461	547	1513	1314	1247
SC_RS03785	NC_003888.3	389531	391123	-	1593	19	22	20	63	72	65	377	223	283
SC_RS03790	NC_003888.3	391232	391834	+	603	80	55	83	51	43	36	125	56	85
SC_RS03795	NC_003888.3	391950	392483	-	534	25	26	26	13	8	11	72	16	61
SC_RS03800	NC_003888.3	392484	393212	-	729	12	15	14	18	24	27	86	31	80
SC_RS03805	NC_003888.3	393498	394961	+	1464	523	530	687	1994	2226	3685	3571	3839	2872
SC_RS03810	NC_003888.3	395065	395460	+	396	17	20	24	46	43	58	141	88	121
SC_RS03815	NC_003888.3	395939	397414	+	1476	13	8	18	3793	3311	3529	3424	3410	3273
SC_RS03820	NC_003888.3	397485	398810	+	1326	3	8	15	4653	4090	4147	4260	4142	3727
SC_RS03825	NC_003888.3	398800	400104	+	1305	19	10	19	3994	3534	3437	2827	2956	2555
SC_RS03830	NC_003888.3	400101	401468	+	1368	7	15	12	4283	3705	3679	3727	3990	3678
SC_RS03835	NC_003888.3	401465	403030	+	1566	9	10	12	2906	2363	2499	2526	2636	2538
SC_RS03840	NC_003888.3	403034	404968	+	1935	9	15	12	2649	2150	2319	2409	2379	2368
SC_RS03845	NC_003888.3	405058	407250	+	2193	15	11	6	6514	5580	5656	4286	4233	3980
SC_RS03850	NC_003888.3	407247	409214	+	1968	15	3	5	4611	3871	3906	3424	3296	3381
SC_RS03855	NC_003888.3	409237	410772	+	1536	0	3	2	1274	1090	1120	1407	1245	1309
SC_RS03860	NC_003888.3	410774	412006	+	1233	1	2	1	586	464	578	633	532	567
SC_RS03865	NC_003888.3	412009	413250	+	1242	4	2	0	1380	1228	1294	1392	1407	1508
SC_RS03870	NC_003888.3	413247	414497	+	1251	3	5	5	4708	3925	4159	3548	3649	3510
SC_RS03875	NC_003888.3	414494	415303	+	810	3	7	9	3045	2548	2540	2367	2390	2150
SC_RS03880	NC_003888.3	415300	415947	+	648	3	3	3	1729	1486	1605	1392	1342	1433
SC_RS03885	NC_003888.3	415951	416976	+	1026	4	4	7	4211	3719	3792	3294	3193	2946
SC_RS03890	NC_003888.3	416964	418247	+	1284	9	7	5	4897	3965	3965	4151	3747	3519
SC_RS03895	NC_003888.3	418253	419542	+	1290	5	3	7	2541	2055	1914	2313	2021	2135
SC_RS03900	NC_003888.3	419539	420486	+	948	1	14	5	1721	1782	1719	1561	1327	1439
SC_RS03905	NC_003888.3	420483	421715	+	1233	8	13	8	3676	3040	3120	2410	2286	2268
SC_RS03910	NC_003888.3	421712	422263	+	552	3	3	2	1052	987	937	934	890	831
SC_RS03915	NC_003888.3	422271	423596	+	1326	21	13	16	2883	2578	2411	2271	2267	2232
SC_RS03920	NC_003888.3	423654	424406	-	753	108	88	118	1281	1221	1079	1578	1343	1304
SC_RS03925	NC_003888.3	424609	425172	-	564	45	31	49	90	48	89	136	61	101
SC_RS03930	NC_003888.3	425291	425983	+	693	33	35	42	191	159	158	164	107	141
SC_RS03935	NC_003888.3	426015	426833	-	819	123	133	164	1166	1026	1036	1015	908	880
SC_RS03940	NC_003888.3	426932	427606	+	675	9	7	16	9	11	17	72	20	65
SC_RS03945	NC_003888.3	427610	428614	+	1005	29	18	30	75	43	43	155	56	112
SC_RS03950	NC_003888.3	428657	429403	+	747	132	90	159	109	132	131	184	96	137
SC_RS03955	NC_003888.3	429492	429956	-	465	27	28	43	1290	1267	1081	1736	1825	1516
SC_RS03960	NC_003888.3	430071	431162	-	1092	26	22	24	28	14	23	122	39	93
SC_RS03965	NC_003888.3	431312	431551	+	240	54	70	78	88	76	75	94	60	65
SC_RS03970	NC_003888.3	431551	431934	+	384	71	78	101	85	101	80	83	66	74
SC_RS03975	NC_003888.3	431962	432564	-	603	272	296	357	329	311	364	363	330	331
SC_RS03980	NC_003888.3	432617	433513	-	897	90	76	112	87	92	78	156	115	165
SC_RS03985	NC_003888.3	433615	433977	+	363	2	1	3	4	3	4	33	14	44
SC_RS03990	NC_003888.3	433984	434589	-	606	2	3	1	17	13	10	52	21	41
SC_RS03995	NC_003888.3	434651	435397	-	747	3	1	1	35	52	57	104	41	93
SC_RS04000	NC_003888.3	435489	436103	+	615	1	0	2	3	2	2	77	15	68
SC_RS04005	NC_003888.3	436235	437224	+	990	21	22	33	31	19	19	145	71	129
SC_RS04010	NC_003888.3	437253	438287	-	1035	102	99	120	75	85	96	163	94	149
SC_RS04015	NC_003888.3	438329	439000	-	672	9	11	5	16	22	13	94	27	55
SC_RS04020	NC_003888.3	438997	440190	-	1194	17	5	9	16	24	28	155	40	133
SC_RS04025	NC_003888.3	440282	442579	-	2298	16	12	23	19	15	15	229	64	224
SC_RS04030	NC_003888.3	442787	443191	+	405	10	9	12	4	2	2	30	7	18
SC_RS04035	NC_003888.3	443293	444243	-	951	40	26	46	13	14	14	108	35	94
SC_RS04040	NC_003888.3	444441	444671	+	231	7	8	5	63	57	49	47	9	29
SC_RS04045	NC_003888.3	444752	445588	+	837	191	196	224	146	166	157	135	54	90
SC_RS04050	NC_003888.3	445611	446144	+	534	82	99	115	44	49	36	60	27	41
SC_RS04055	NC_003888.3	446214	447161	-	948	95	100	103	36	47	41	99	39	96
SC_RS04060	NC_003888.3	447245	447868	+	624	265	245	328	88	79	111	157	82	103
SC_RS04065	NC_003888.3	447890	449218	-	1329	142	162	183	89	109	93	241	86	157
SC_RS04070	NC_003888.3	449515	453252	+	3738	26	22	32	236	242	233	465	161	425
SC_RS04075	NC_003888.3	453370	454374	+	1005	77	80	118	47	37	29	121	48	118
SC_RS04080	NC_003888.3	454546	456195	+	1650	48	41	51	49	20	23	179	34	141
SC_RS04085	NC_003888.3	456192	457397	+	1206	44	33	31	10	2	8	137	23	84
SC_RS04090	NC_003888.3	457484	457654	+	171	52	36	54	7	7	9	19	2	21
SC_RS04095	NC_003888.3	457670	458695	-	1026	208	156	220	31	56	53	141	27	101
SC_RS04100	NC_003888.3	458695	459345	-	651	54	42	62	22	17	14	65	16	44
SC_RS04105	NC_003888.3	459393	460367	-	975	90	86	105	34	29	34	100	33	109
SC_RS04110	NC_003888.3	460364	461083	-	720	92	107	96	17	32	24	74	17	74
SC_RS04115	NC_003888.3	461350	462102	+	753	465	508	573	34	16	15	110	33	94
SC_RS04120	NC_003888.3	462099	462857	+	759	366	309	405	11	8	6	96	28	68
SC_RS04125	NC_003888.3	462854	463711	+	858	152	161	194	5	9	3	59	23	81
SC_RS04130	NC_003888.3	463698	464099	-	402	37	36	51	26	29	35	61	25	57
SC_RS04135	NC_003888.3	464207	465502	-	1296	2	5	7	3	1	5	100	20	80
SC_RS04140	NC_003888.3	465496	465849	-	354	0	1	0	3	3	2	33	10	27
SC_RS04145	NC_003888.3	465990	466436	+	447	29	29	34	14	13	9	48	29	51
SC_RS04150	NC_003888.3	466429	466764	+	336	10	13	19	8	6	6	33	12	40
SC_RS04155	NC_003888.3	466758	467909	+	1152	22	29	33	19	18	28	149	43	110
SC_RS04160	NC_003888.3	468153	469232	+	1080	3	3	2	8	7	7	116	32	128
SC_RS04165	NC_003888.3	469315	470304	-	990	13	10	11	12	12	12	111	28	109
SC_RS04170	NC_003888.3	470355	471209	-	855	57	79	107	87	57	50	198	114	146
SC_RS04175	NC_003888.3	471415	472314	+	900	51	51	56	155	122	160	195	88	177
SC_RS04180	NC_003888.3	472458	473747	+	1290	8	7	10	34	19	24	154	28	98
SC_RS04185	NC_003888.3	473848	474789	+	942	8	6	15	22	19	22	108	27	99
SC_RS04190	NC_003888.3	474804	475631	+	828	7	5	6	32	12	12	75	17	67
SC_RS04195	NC_003888.3	475628	476671	+	1044	10	10	8	12	13	8	94	20	79
SC_RS04200	NC_003888.3	476738	478672	+	1935	24	40	36	40	32	40	212	54	187
SC_RS04205	NC_003888.3	478669	480957	+	2289	49	36	43	36	46	31	249	70	188
SC_RS04210	NC_003888.3	480973	481791	+	819	156	110	209	1088	1096	1124	1361	934	955
SC_RS04215	NC_003888.3	481810	482319	-	510	460	388	607	285	239	156	244	182	208
SC_RS04220	NC_003888.3	482456	483325	+	870	110	83	116	159	121	142	169	87	152
SC_RS04225	NC_003888.3	483338	484267	-	930	141	139	184	256	220	304	294	162	197
SC_RS04230	NC_003888.3	484318	484932	+	615	86	79	76	95	60	95	165	187	177
SC_RS04235	NC_003888.3	484973	486670	-	1698	54	37	80	57	45	37	221	62	210
SC_RS04240	NC_003888.3	486684	487514	-	831	4	6	4	26	17	29	95	35	68
SC_RS04245	NC_003888.3	487618	488601	+	984	19	13	16	23	23	18	127	49	93
SC_RS04250	NC_003888.3	488719	489357	+	639	15	12	16	37	31	34	121	44	70
SC_RS04255	NC_003888.3	489373	490350	-	978	94	83	109	133	123	136	225	146	182
SC_RS04260	NC_003888.3	490451	490972	+	522	42	43	47	59	55	70	103	46	64
SC_RS04265	NC_003888.3	490983	491891	+	909	40	17	35	16	19	13	101	29	78
SC_RS04270	NC_003888.3	491901	492881	+	981	14	22	32	37	44	47	167	66	119
SC_RS04275	NC_003888.3	493055	494263	-	1209	11	12	16	20	13	20	146	30	125
SC_RS04280	NC_003888.3	494260	495249	-	990	7	3	9	6	7	6	107	18	107
SC_RS04285	NC_003888.3	495246	496493	-	1248	11	7	4	4	2	2	119	19	88
SC_RS04290	NC_003888.3	496508	497359	-	852	7	3	2	2	1	5	86	14	75
SC_RS04295	NC_003888.3	497375	498133	+	759	4	4	12	5	1	4	82	17	64
SC_RS04300	NC_003888.3	498238	498630	+	393	15	14	16	50	32	35	70	41	72
SC_RS04305	NC_003888.3	498683	499756	-	1074	50	31	44	78	62	69	165	44	121
SC_RS04310	NC_003888.3	499952	500776	-	825	68	56	76	102	111	101	102	37	102
SC_RS04315	NC_003888.3	500926	501108	-	183	0	0	0	0	0	3	28	6	24
SC_RS04320	NC_003888.3	501119	501412	+	294	0	0	0	0	1	2	47	10	40
SC_RS04325	NC_003888.3	501699	502217	+	519	1	2	1	1	1	0	53	14	67
SC_RS04330	NC_003888.3	502342	503076	+	735	5	9	16	13	8	11	90	26	71
SC_RS04335	NC_003888.3	503073	503474	-	402	57	46	50	75	44	54	87	62	72
SC_RS04340	NC_003888.3	503539	504705	-	1167	43	41	42	27	12	34	144	45	118
SC_RS04345	NC_003888.3	504854	505465	+	612	132	115	198	41	55	56	67	41	74
SC_RS04350	NC_003888.3	505447	506670	-	1224	58	47	72	42	27	35	113	21	108
SC_RS04355	NC_003888.3	506842	507348	+	507	52	31	60	56	37	45	92	43	93
SC_RS04360	NC_003888.3	507451	510810	+	3360	106	92	121	1238	1136	1021	1959	1512	1593
SC_RS04365	NC_003888.3	510823	511035	-	213	17	20	27	654	650	597	1328	1147	981
SC_RS04370	NC_003888.3	511124	512215	+	1092	138	102	200	2928	2729	2705	2703	2334	2344
SC_RS04375	NC_003888.3	512302	514002	-	1701	137	84	150	3057	2562	2627	2593	2380	2214
SC_RS04380	NC_003888.3	513989	524920	-	10932	233	213	307	18986	16947	18205	13133	11258	10561
SC_RS04385	NC_003888.3	524978	526783	-	1806	563	374	653	11068	9880	9985	7162	6857	6030
SC_RS04390	NC_003888.3	526786	527838	-	1053	442	314	526	10716	9952	10288	7020	6203	5173
SC_RS04395	NC_003888.3	527889	528752	-	864	229	207	319	1235	1094	1036	1258	901	976
SC_RS04400	NC_003888.3	528791	529882	-	1092	111	105	131	1147	916	819	1644	1217	1267
SC_RS04405	NC_003888.3	529894	530958	-	1065	179	140	237	2868	2771	2406	3443	3249	2742
SC_RS04410	NC_003888.3	530970	532325	-	1356	50	36	56	10943	10854	9381	11292	9315	8350
SC_RS04415	NC_003888.3	532501	533448	+	948	89	53	77	4894	4755	4852	2798	2190	1985
SC_RS04420	NC_003888.3	533534	533773	-	240	375	390	443	560	573	760	439	485	349
SC_RS04425	NC_003888.3	533812	535677	-	1866	11	6	18	240	189	248	384	211	375
SC_RS04430	NC_003888.3	535974	536408	+	435	15	12	15	21	12	18	83	28	47
SC_RS04435	NC_003888.3	536532	537512	+	981	12	9	20	13	7	12	118	32	91
SC_RS04440	NC_003888.3	537623	538942	+	1320	861	792	1057	187	175	246	409	369	413
SC_RS04445	NC_003888.3	539123	542131	+	3009	68	105	129	476	361	407	2119	1854	1804
SC_RS04450	NC_003888.3	542269	543099	+	831	641	654	868	629	597	605	515	456	434
SC_RS04455	NC_003888.3	543119	543577	-	459	72	73	109	40	44	53	51	23	37
SC_RS04460	NC_003888.3	543545	544087	+	543	83	69	90	12	15	6	61	15	46
SC_RS04465	NC_003888.3	544194	545717	+	1524	49	39	41	167	133	163	322	145	293
SC_RS04470	NC_003888.3	545730	545981	-	252	9	5	7	16	11	9	49	12	35
SC_RS04475	NC_003888.3	546352	547116	+	765	27	21	22	45	36	27	130	37	102
SC_RS04480	NC_003888.3	547135	547743	-	609	62	55	59	92	83	91	120	74	117
SC_RS04485	NC_003888.3	547809	548900	+	1092	273	284	396	718	603	636	301	239	281
SC_RS04490	NC_003888.3	548968	549621	+	654	103	88	121	170	136	164	119	82	93
SC_RS04495	NC_003888.3	549841	550458	+	618	18	20	18	21	19	39	63	30	70
SC_RS04500	NC_003888.3	550455	551633	+	1179	47	28	46	35	40	61	155	33	111
SC_RS04505	NC_003888.3	551845	552276	+	432	44	28	47	10	4	9	73	10	46
SC_RS04510	NC_003888.3	552403	553140	-	738	67	61	78	11	13	15	93	23	60
SC_RS04515	NC_003888.3	553277	553861	+	585	39	30	57	67	54	52	80	36	56
SC_RS04520	NC_003888.3	553892	554473	+	582	181	175	234	95	88	99	134	73	125
SC_RS04525	NC_003888.3	554706	555440	+	735	32	42	48	33	20	19	119	35	93
SC_RS04530	NC_003888.3	555468	555905	-	438	41	37	40	35	25	47	60	32	64
SC_RS04535	NC_003888.3	555990	556898	+	909	31	23	35	79	71	98	153	52	98
SC_RS04540	NC_003888.3	557029	557844	+	816	266	259	328	568	586	677	595	429	429
SC_RS04545	NC_003888.3	557882	558715	+	834	512	509	585	505	501	508	510	392	395
SC_RS04550	NC_003888.3	558812	559015	-	204	7433	7030	9585	11251	9464	9419	6744	5837	4860
SC_RS04555	NC_003888.3	559346	560098	+	753	7	7	6	14	17	13	112	26	108
SC_RS04560	NC_003888.3	560127	561545	-	1419	16	17	29	30	17	24	176	38	150
SC_RS04565	NC_003888.3	561731	562576	-	846	134	126	135	88	46	64	158	84	135
SC_RS04570	NC_003888.3	562803	564071	+	1269	3	2	3	6	4	4	149	28	109
SC_RS04575	NC_003888.3	564117	565049	+	933	6	4	11	2	5	3	90	24	77
SC_RS04580	NC_003888.3	565046	565903	+	858	16	17	20	10	10	13	76	21	101
SC_RS04585	NC_003888.3	566007	567626	+	1620	17	22	22	18	26	23	200	48	154
SC_RS04590	NC_003888.3	567623	569044	+	1422	15	11	10	12	8	12	156	29	119
SC_RS04595	NC_003888.3	569061	569282	-	222	40	40	55	47	43	44	97	62	94
SC_RS04600	NC_003888.3	569655	570482	+	828	12	11	4	16	24	25	132	49	108
SC_RS04605	NC_003888.3	570520	571848	+	1329	12	11	12	24	16	26	175	39	136
SC_RS04610	NC_003888.3	571863	572813	+	951	6	5	4	11	17	15	108	25	76
SC_RS04615	NC_003888.3	572810	573709	+	900	6	4	3	9	12	20	115	31	98
SC_RS04620	NC_003888.3	573756	575081	+	1326	8	23	13	29	19	19	163	53	128
SC_RS04625	NC_003888.3	575351	577984	+	2634	15	6	15	17	15	9	260	59	246
SC_RS04630	NC_003888.3	578092	579228	+	1137	84	94	71	1428	1358	1418	554	459	412
SC_RS04635	NC_003888.3	579257	580789	+	1533	55	38	41	298	233	254	424	382	410
SC_RS04640	NC_003888.3	580913	583459	+	2547	22	17	34	112	89	80	348	99	292
SC_RS04645	NC_003888.3	583523	586897	-	3375	123	117	132	2218	1923	2085	1065	711	806
SC_RS04650	NC_003888.3	586987	587988	-	1002	1	3	3	3	4	4	108	25	77
SC_RS04655	NC_003888.3	587985	589271	-	1287	1	6	11	9	8	5	130	48	118
SC_RS04660	NC_003888.3	589268	589546	-	279	0	1	0	6	5	5	53	15	36
SC_RS04665	NC_003888.3	590017	590895	+	879	113	111	145	60	33	44	106	24	79
SC_RS04670	NC_003888.3	590981	592309	-	1329	94	71	87	84	83	74	189	78	136
SC_RS04675	NC_003888.3	592306	592995	-	690	16	24	29	26	19	28	85	18	65
SC_RS04680	NC_003888.3	593049	593399	-	351	26	25	34	21	13	24	43	24	47
SC_RS04685	NC_003888.3	593392	593613	+	222	11	12	8	10	6	11	30	13	25
SC_RS04690	NC_003888.3	593641	595338	-	1698	19	19	29	8	12	9	200	39	144
SC_RS04695	NC_003888.3	595484	597079	-	1596	5	7	6	17	16	19	168	45	137
SC_RS04700	NC_003888.3	597132	598655	-	1524	21	11	16	15	16	11	155	28	131
SC_RS04705	NC_003888.3	598747	599769	+	1023	341	340	398	245	194	229	377	286	307
SC_RS04710	NC_003888.3	599712	599978	-	267	131	111	176	38	13	19	55	27	37
SC_RS04715	NC_003888.3	600051	601052	-	1002	49	30	46	474	430	393	326	252	309
SC_RS04720	NC_003888.3	601133	603355	-	2223	247	293	309	11550	11789	13305	4906	4528	3687
SC_RS04725	NC_003888.3	603385	603840	-	456	46	38	69	935	1045	1270	576	537	514
SC_RS04730	NC_003888.3	603973	605085	+	1113	325	296	399	240	160	170	318	198	243
SC_RS04735	NC_003888.3	605122	606555	-	1434	1430	1297	1769	575	572	613	541	400	417
SC_RS04740	NC_003888.3	606677	607837	-	1161	11	2	7	14	14	14	148	37	97
SC_RS04745	NC_003888.3	607851	608909	-	1059	4	5	11	6	9	5	84	27	95
SC_RS04750	NC_003888.3	608902	609186	-	285	7	9	16	13	14	11	66	35	60
SC_RS04755	NC_003888.3	609517	610356	+	840	3	1	0	0	4	2	21	4	9
SC_RS04760	NC_003888.3	610415	611488	-	1074	59	60	56	53	37	36	157	50	119
SC_RS04765	NC_003888.3	611653	612003	+	351	14	21	16	40	19	27	50	23	52
SC_RS04770	NC_003888.3	611984	612106	-	123	28	20	11	120	90	151	147	162	92
SC_RS04775	NC_003888.3	612156	612320	-	165	59	62	65	290	198	367	327	442	291
SC_RS04780	NC_003888.3	612426	613754	-	1329	20	21	16	59	57	61	130	45	134
SC_RS04785	NC_003888.3	613751	615151	-	1401	23	23	32	53	48	53	151	47	100
SC_RS04790	NC_003888.3	615154	616107	-	954	38	32	53	40	38	32	156	31	116
SC_RS04795	NC_003888.3	616253	617086	+	834	60	59	96	30	23	29	82	38	81
SC_RS04800	NC_003888.3	617124	617855	+	732	73	63	106	80	74	66	117	47	74
SC_RS04805	NC_003888.3	617913	618788	-	876	59	63	105	34	28	29	101	33	96
SC_RS04810	NC_003888.3	618788	619588	-	801	11	11	20	10	5	14	94	19	58
SC_RS04815	NC_003888.3	619588	620367	-	780	4	7	4	6	9	16	87	27	84
SC_RS04820	NC_003888.3	620367	620879	-	513	8	6	5	12	10	7	53	10	44
SC_RS04825	NC_003888.3	620891	622672	-	1782	3	7	9	35	15	44	162	52	176
SC_RS04830	NC_003888.3	622669	624036	-	1368	9	8	17	28	35	35	179	60	144
SC_RS04835	NC_003888.3	624273	625034	+	762	232	256	333	116	116	110	154	97	151
SC_RS04840	NC_003888.3	625127	626350	+	1224	41	55	56	342	290	275	248	133	203
SC_RS04845	NC_003888.3	626369	627631	-	1263	15	9	23	1863	1626	1937	440	321	327
SC_RS04850	NC_003888.3	627628	628266	-	639	1	1	5	788	744	885	200	100	144
SC_RS04855	NC_003888.3	628247	628603	-	357	0	0	0	475	432	513	101	60	68
SC_RS04860	NC_003888.3	628600	629019	-	420	8	2	4	746	644	768	172	121	129
SC_RS04865	NC_003888.3	629185	630912	-	1728	32	38	48	4241	3531	4295	890	626	624
SC_RS04870	NC_003888.3	631216	632103	-	888	38	23	29	53	48	57	125	39	87
SC_RS04875	NC_003888.3	632189	633049	+	861	45	26	49	145	133	183	132	82	156
SC_RS04880	NC_003888.3	633119	633958	+	840	24	21	36	184	142	136	171	77	175
SC_RS04885	NC_003888.3	633986	634708	-	723	46	34	45	401	337	377	384	267	308
SC_RS04890	NC_003888.3	634879	635670	-	792	200	146	224	75	41	32	161	94	147
SC_RS04895	NC_003888.3	635776	636516	-	741	13	16	17	23	21	30	91	35	100
SC_RS04900	NC_003888.3	636561	637166	+	606	3	3	7	13	8	13	66	14	65
SC_RS04905	NC_003888.3	637261	637824	+	564	53	53	60	155	82	133	138	130	134
SC_RS04910	NC_003888.3	637911	638267	-	357	23	19	34	101	40	60	190	154	157
SC_RS04915	NC_003888.3	638451	638804	+	354	228	209	273	274	234	217	340	273	310
SC_RS04920	NC_003888.3	638801	639730	+	930	374	324	433	480	459	474	602	520	539
SC_RS04925	NC_003888.3	639859	640704	+	846	835	884	917	340	241	288	487	499	420
SC_RS04930	NC_003888.3	640719	641762	-	1044	92	108	117	26	24	22	136	58	114
SC_RS04935	NC_003888.3	642012	643133	+	1122	14	19	20	14	18	12	110	36	105
SC_RS04940	NC_003888.3	643179	643880	+	702	91	66	86	126	78	114	161	129	160
SC_RS04945	NC_003888.3	643926	645101	-	1176	63	46	89	24	27	25	159	43	107
SC_RS04950	NC_003888.3	645297	646232	+	936	25	22	19	16	25	10	113	25	86
SC_RS04955	NC_003888.3	646345	647319	+	975	9	3	10	12	10	4	113	36	77
SC_RS04960	NC_003888.3	647444	647731	+	288	210	244	245	1568	1212	842	1642	1747	1644
SC_RS04965	NC_003888.3	647887	648765	+	879	544	638	684	1747	1462	1158	1604	1735	1523
SC_RS04970	NC_003888.3	648876	649739	+	864	240	247	276	217	209	148	259	193	237
SC_RS04975	NC_003888.3	649840	650610	+	771	127	112	165	30	30	29	128	31	89
SC_RS04980	NC_003888.3	650624	651388	+	765	57	48	65	32	15	8	98	28	80
SC_RS04985	NC_003888.3	651602	652864	+	1263	32	21	43	28	32	19	146	48	97
SC_RS04990	NC_003888.3	652881	653165	-	285	0	9	6	3	3	0	44	9	42
SC_RS04995	NC_003888.3	653448	653906	+	459	9	12	9	61	51	55	134	89	114
SC_RS05000	NC_003888.3	653947	656322	-	2376	4	13	10	115	88	103	446	264	504
SC_RS05005	NC_003888.3	656319	658709	-	2391	9	9	10	157	134	134	720	589	939
SC_RS05010	NC_003888.3	659143	660528	+	1386	103	91	126	83	57	100	160	58	168
SC_RS05015	NC_003888.3	660525	661268	+	744	75	85	100	57	73	94	94	58	85
SC_RS05020	NC_003888.3	661329	661607	-	279	105	147	135	150	110	125	198	157	129
SC_RS05025	NC_003888.3	661707	662291	+	585	52	48	63	45	43	59	77	41	47
SC_RS05030	NC_003888.3	662373	663014	+	642	466	325	532	107	135	157	109	53	79
SC_RS05035	NC_003888.3	663109	664686	+	1578	553	541	722	329	296	348	246	88	188
SC_RS05040	NC_003888.3	664769	665773	-	1005	20	15	25	9	13	26	125	35	98
SC_RS05045	NC_003888.3	665816	667096	-	1281	15	23	20	11	15	23	137	54	122
SC_RS05050	NC_003888.3	667100	667744	-	645	9	6	7	14	11	8	69	13	57
SC_RS05055	NC_003888.3	667741	669870	-	2130	314	285	428	164	145	169	457	229	379
SC_RS05060	NC_003888.3	669972	671570	-	1599	65	67	90	19	34	30	190	56	162
SC_RS05065	NC_003888.3	671618	672727	-	1110	44	36	39	16	11	12	121	47	103
SC_RS05070	NC_003888.3	672882	673403	-	522	81	64	99	23	36	40	83	44	75
SC_RS05075	NC_003888.3	673733	674317	+	585	8	6	14	4	5	10	53	34	42
SC_RS05080	NC_003888.3	674317	675069	+	753	9	8	8	4	3	2	57	7	49
SC_RS05085	NC_003888.3	675111	675305	-	195	4	9	9	0	2	2	15	10	12
SC_RS05090	NC_003888.3	675308	676087	-	780	21	9	7	4	1	6	81	20	80
SC_RS05095	NC_003888.3	676262	677023	+	762	39	42	51	83	59	69	124	60	110
SC_RS05100	NC_003888.3	677227	678861	+	1635	151	111	160	67	62	71	197	85	183
SC_RS05105	NC_003888.3	678937	679392	+	456	103	124	125	96	78	88	141	95	143
SC_RS05110	NC_003888.3	679529	680188	-	660	47	39	57	31	24	29	116	41	88
SC_RS05115	NC_003888.3	680496	681428	-	933	234	198	266	130	100	88	213	104	159
SC_RS05120	NC_003888.3	681435	681863	-	429	368	273	360	186	169	164	213	169	178
SC_RS05125	NC_003888.3	681960	682535	+	576	6136	6221	8086	1389	1348	1503	1213	1244	1014
SC_RS05130	NC_003888.3	682600	684288	-	1689	971	906	1130	112	91	94	252	87	220
SC_RS05135	NC_003888.3	684409	685095	-	687	6	11	19	4	0	1	84	10	63
SC_RS05140	NC_003888.3	685288	687357	-	2070	133	117	157	204	187	162	940	1128	892
SC_RS05145	NC_003888.3	687554	688567	-	1014	70	49	64	103	89	94	166	91	129
SC_RS05150	NC_003888.3	688679	689263	+	585	34	22	40	15	18	17	84	26	76
SC_RS05155	NC_003888.3	689364	690161	+	798	20	13	16	11	8	15	110	24	85
SC_RS05160	NC_003888.3	690228	690923	+	696	17	23	34	102	95	80	238	169	197
SC_RS05165	NC_003888.3	690966	691283	+	318	3	4	4	3	3	3	38	8	33
SC_RS05170	NC_003888.3	691320	691832	+	513	2	4	3	3	5	5	63	12	58
SC_RS05175	NC_003888.3	691829	692614	+	786	4	6	7	8	7	6	75	16	67
SC_RS05180	NC_003888.3	692619	692897	+	279	0	0	3	1	2	6	24	6	19
SC_RS05185	NC_003888.3	692894	693445	+	552	3	5	8	13	10	10	63	20	59
SC_RS05190	NC_003888.3	693442	694416	+	975	12	8	9	9	13	20	103	40	86
SC_RS05195	NC_003888.3	694441	694785	+	345	1	3	4	8	4	1	31	20	23
SC_RS05200	NC_003888.3	694782	695624	+	843	1	3	4	11	5	6	76	26	75
SC_RS05205	NC_003888.3	695621	695869	+	249	1	0	1	1	1	1	9	4	20
SC_RS05210	NC_003888.3	695866	696168	+	303	2	0	1	1	0	1	28	7	21
SC_RS05215	NC_003888.3	696248	697354	+	1107	184	164	208	138	93	118	173	68	125
SC_RS05220	NC_003888.3	697480	698811	+	1332	24	22	26	17	10	30	175	27	132
SC_RS05225	NC_003888.3	698838	699824	+	987	10	15	18	21	19	25	126	50	137
SC_RS05230	NC_003888.3	699821	700684	+	864	22	14	22	24	13	17	102	20	80
SC_RS05235	NC_003888.3	700681	701712	+	1032	15	18	28	12	14	14	95	21	75
SC_RS05240	NC_003888.3	701709	703604	+	1896	77	80	84	78	60	62	228	76	170
SC_RS05245	NC_003888.3	703750	703977	+	228	0	1	0	0	4	0	31	4	25
SC_RS05250	NC_003888.3	704114	706393	+	2280	23	27	29	73	59	77	271	99	211
SC_RS05255	NC_003888.3	706448	707329	-	882	45	49	66	19	9	11	82	28	87
SC_RS05260	NC_003888.3	707401	708999	-	1599	74	66	96	26	17	18	195	32	153
SC_RS05265	NC_003888.3	709071	709688	+	618	80	75	109	28	28	36	122	50	87
SC_RS05270	NC_003888.3	709685	711268	+	1584	147	135	195	44	57	62	175	72	189
SC_RS05275	NC_003888.3	711379	711657	-	279	14	12	15	25	13	18	57	43	46
SC_RS05280	NC_003888.3	711835	712200	+	366	43	46	51	202	202	173	298	228	228
SC_RS05285	NC_003888.3	712209	712637	-	429	50	41	75	444	389	421	1660	1743	1633
SC_RS05290	NC_003888.3	712829	714181	-	1353	10	0	9	3	5	5	144	39	147
SC_RS05295	NC_003888.3	714461	717028	+	2568	8	11	9	10	20	18	309	78	229
SC_RS05300	NC_003888.3	717150	719897	+	2748	268	297	370	854	694	801	1053	761	873
SC_RS05305	NC_003888.3	720032	720874	+	843	32	39	50	82	110	74	153	76	114
SC_RS05310	NC_003888.3	720985	721158	-	174	0	10	9	17	13	30	23	32	24
SC_RS05315	NC_003888.3	721317	721463	+	147	10	12	15	20	16	36	102	89	85
SC_RS05320	NC_003888.3	721495	722964	-	1470	70	59	83	228	140	160	354	228	321
SC_RS05325	NC_003888.3	723181	724545	+	1365	2264	1839	2791	7768	8122	8584	7885	6312	5241
SC_RS05330	NC_003888.3	724639	725013	-	375	187	142	222	5228	4632	4767	5089	5124	4378
SC_RS05335	NC_003888.3	725056	725580	-	525	170	150	201	1930	1654	1919	1873	1900	1611
SC_RS05340	NC_003888.3	725619	726404	-	786	20	29	43	826	656	850	839	636	605
SC_RS05345	NC_003888.3	726401	726808	-	408	3	1	6	3564	2892	2611	2875	2326	2518
SC_RS05350	NC_003888.3	726998	728068	+	1071	6	4	27	16	21	13	121	42	110
SC_RS05355	NC_003888.3	728130	728924	-	795	26	23	37	44	47	40	130	59	83
SC_RS05360	NC_003888.3	729117	730289	+	1173	297	280	384	63	51	99	184	88	169
SC_RS05365	NC_003888.3	730424	730987	+	564	51	69	61	5	6	9	56	13	64
SC_RS05370	NC_003888.3	730984	731976	+	993	9	12	22	3	1	5	88	18	105
SC_RS05375	NC_003888.3	732005	734134	+	2130	49	36	65	29	14	34	213	74	169
SC_RS05380	NC_003888.3	734210	735667	-	1458	15	5	5	13	15	7	146	40	120
SC_RS05385	NC_003888.3	735872	736192	+	321	13	11	14	13	10	7	53	29	60
SC_RS05390	NC_003888.3	736312	736503	+	192	17	27	24	28	17	18	41	31	26
SC_RS05395	NC_003888.3	736520	737506	+	987	395	329	487	218	190	188	251	152	174
SC_RS05400	NC_003888.3	737522	737737	-	216	251	187	263	217	227	195	184	211	141
SC_RS05405	NC_003888.3	737846	738340	-	495	38	34	54	27	20	22	83	18	55
SC_RS05410	NC_003888.3	738527	739524	+	998	37	33	37	74	51	57	208	120	176
SC_RS05415	NC_003888.3	739510	739773	-	264	20	21	27	89	53	65	250	221	232
SC_RS05420	NC_003888.3	739938	740231	-	294	9	7	15	28	13	14	56	18	42
SC_RS05425	NC_003888.3	740314	742083	-	1770	162	151	211	532	442	595	497	354	406
SC_RS05430	NC_003888.3	742242	742787	-	546	300	280	388	1207	1018	1083	948	843	694
SC_RS05435	NC_003888.3	742816	743394	-	579	1610	1603	2096	3757	3268	3503	3247	3348	2724
SC_RS05440	NC_003888.3	743575	743802	+	228	626	668	812	1077	975	1128	1350	1233	1006
SC_RS05445	NC_003888.3	743929	744847	+	919	640	614	763	1420	1263	1272	1814	1674	1530
SC_RS05450	NC_003888.3	744945	745763	-	819	913	860	1224	5297	5049	5850	4639	4343	3722
SC_RS05455	NC_003888.3	745911	747194	-	1284	7	3	4	6	2	5	158	28	113
SC_RS05460	NC_003888.3	747191	748387	-	1197	3	2	2	8	5	4	104	21	105
SC_RS05465	NC_003888.3	748380	749279	-	900	4	2	3	3	4	5	88	24	79
SC_RS05470	NC_003888.3	749276	750076	-	801	0	2	2	7	3	2	71	15	81
SC_RS05475	NC_003888.3	750073	750864	-	792	4	1	3	2	3	1	95	14	83
SC_RS05480	NC_003888.3	751917	753197	-	1281	6	3	7	1	0	4	150	40	128
SC_RS05485	NC_003888.3	753318	756143	-	2826	15	17	15	7	11	7	257	66	225
SC_RS05490	NC_003888.3	756314	757246	-	933	12	11	12	2	4	2	111	37	87
SC_RS05495	NC_003888.3	757637	758524	+	888	133	127	209	121	119	122	232	159	222
SC_RS05500	NC_003888.3	758531	758902	-	372	26	23	19	35	25	35	83	28	75
SC_RS05505	NC_003888.3	759197	760399	+	1203	9	4	17	41	43	61	139	35	151
SC_RS05510	NC_003888.3	760471	761598	+	1128	8	9	5	10	21	19	131	22	84
SC_RS05515	NC_003888.3	761675	761896	+	222	1	2	3	7	7	8	34	14	16
SC_RS05520	NC_003888.3	762009	762485	-	477	23	16	35	61	73	91	129	109	146
SC_RS05525	NC_003888.3	762558	764051	-	1494	18	15	23	240	224	241	502	332	391
SC_RS05530	NC_003888.3	764216	766594	-	2379	12	20	24	52	47	73	315	110	302
SC_RS05535	NC_003888.3	766591	767331	-	741	8	7	12	36	33	37	134	59	102
SC_RS05540	NC_003888.3	767385	768074	+	690	131	114	155	92	79	97	165	100	135
SC_RS05545	NC_003888.3	768099	768272	-	174	6	5	4	4	7	6	35	17	31
SC_RS05550	NC_003888.3	768450	769367	+	918	119	118	136	144	128	137	238	116	224
SC_RS05555	NC_003888.3	769682	770065	+	384	32	25	23	42	45	66	99	55	62
SC_RS05560	NC_003888.3	770144	770632	-	489	67	69	82	137	129	90	143	137	132
SC_RS05565	NC_003888.3	770665	771498	-	834	112	95	123	23	20	24	95	29	97
SC_RS05570	NC_003888.3	771628	772362	+	735	41	30	52	30	29	27	84	39	67
SC_RS05575	NC_003888.3	772544	772966	+	423	249	272	264	263	189	238	91	80	114
SC_RS05580	NC_003888.3	772974	773381	-	408	293	257	295	315	260	317	248	230	211
SC_RS05585	NC_003888.3	773432	774613	-	1182	96	78	113	196	189	231	208	111	184
SC_RS05590	NC_003888.3	774765	776129	+	1365	212	172	238	136	125	129	485	414	484
SC_RS05595	NC_003888.3	776203	776388	-	186	332	291	377	468	462	665	1183	1276	1186
SC_RS05600	NC_003888.3	776554	777720	-	1167	64	56	50	45	43	33	203	51	130
SC_RS05605	NC_003888.3	777895	779097	+	1203	976	828	1100	993	1000	796	1137	1310	1144
SC_RS05610	NC_003888.3	779131	779826	-	696	3756	3299	4117	6248	5758	4731	6164	6383	5329
SC_RS05615	NC_003888.3	780012	780812	-	801	15	21	24	51	35	50	101	38	65
SC_RS05620	NC_003888.3	780863	781402	+	540	33	31	32	49	38	53	76	20	61
SC_RS05625	NC_003888.3	781386	782312	-	927	380	361	467	171	136	135	206	106	211
SC_RS05630	NC_003888.3	782467	783096	-	630	309	284	395	186	186	230	161	115	119
SC_RS05635	NC_003888.3	783096	784184	-	1089	909	897	1059	436	435	514	391	275	282
SC_RS05640	NC_003888.3	784362	786116	+	1755	392	424	482	208	156	205	361	210	343
SC_RS05645	NC_003888.3	786125	786409	-	285	13	20	14	11	24	33	41	16	24
SC_RS05650	NC_003888.3	786591	786956	+	366	37	62	64	39	46	63	99	74	84
SC_RS05655	NC_003888.3	786984	787643	-	660	5	5	12	17	17	17	84	49	75
SC_RS05660	NC_003888.3	787843	789096	+	1254	28	23	40	42	29	34	204	74	169
SC_RS05665	NC_003888.3	789337	789837	-	501	70	60	91	84	64	75	129	74	115
SC_RS05670	NC_003888.3	789960	790541	+	582	127	91	111	38	41	31	77	34	65
SC_RS05675	NC_003888.3	790561	791535	-	975	115	91	140	14	17	20	125	39	80
SC_RS05680	NC_003888.3	791701	791880	-	180	2	3	3	6	3	4	15	4	17
SC_RS05685	NC_003888.3	791981	794467	-	2487	13	17	14	29	20	46	284	77	260
SC_RS05690	NC_003888.3	794689	796002	-	1314	14	11	10	16	6	9	196	96	190
SC_RS05695	NC_003888.3	796584	796799	+	216	168	159	205	51	55	56	65	25	38
SC_RS05700	NC_003888.3	796917	797723	+	807	16	14	25	3	3	4	85	19	83
SC_RS05705	NC_003888.3	797720	799942	+	2223	31	15	30	8	6	3	218	40	167
SC_RS05710	NC_003888.3	799944	802766	+	2823	77	59	82	18	19	11	330	60	263
SC_RS05715	NC_003888.3	802797	803807	+	1011	30	27	52	22	21	25	133	45	114
SC_RS05720	NC_003888.3	803856	804035	+	180	5	4	3	3	2	4	19	7	20
SC_RS05725	NC_003888.3	804091	805122	+	1032	18	15	18	41	22	80	130	58	103
SC_RS05730	NC_003888.3	805153	805797	+	645	29	33	47	111	69	183	115	74	131
SC_RS05735	NC_003888.3	805778	806038	+	261	17	22	40	551	332	916	263	260	215
SC_RS05740	NC_003888.3	806172	806606	-	435	32	35	60	3916	2142	9949	1564	1517	1234
SC_RS05745	NC_003888.3	806966	808135	+	1170	91	71	84	156	148	155	303	195	236
SC_RS05750	NC_003888.3	808206	809813	-	1608	371	337	396	963	854	777	1101	708	811
SC_RS05755	NC_003888.3	810172	812415	-	2244	16	33	21	19	24	24	287	70	225
SC_RS05760	NC_003888.3	812569	815655	-	3087	10	13	5	23	10	11	357	61	327
SC_RS05765	NC_003888.3	815934	818315	+	2382	395	436	525	1440	1194	1433	1536	1314	1308
SC_RS05770	NC_003888.3	818446	819111	+	666	100	88	110	162	107	127	160	136	148
SC_RS05775	NC_003888.3	819148	820116	-	969	234	233	282	254	233	314	252	153	213
SC_RS05780	NC_003888.3	820194	820751	-	558	92	75	100	70	54	43	98	56	93
SC_RS05785	NC_003888.3	820761	821198	-	438	16	11	25	19	21	23	45	26	54
SC_RS05790	NC_003888.3	821295	821873	+	579	88	63	99	77	69	71	102	56	88
SC_RS05795	NC_003888.3	821848	822048	-	201	10	4	11	211	194	161	49	41	64
SC_RS05800	NC_003888.3	822061	823299	-	1239	18	10	20	983	999	1072	388	215	315
SC_RS05805	NC_003888.3	823609	824058	+	450	12	7	9	112	98	90	102	55	92
SC_RS05810	NC_003888.3	824123	825043	-	921	41	41	58	116	98	132	177	85	135
SC_RS05815	NC_003888.3	825287	826312	+	1026	36	41	44	114	102	114	291	195	257
SC_RS05820	NC_003888.3	826361	826669	+	309	18	17	19	56	40	46	115	54	80
SC_RS05825	NC_003888.3	826690	827085	-	396	32	28	32	65	58	60	129	85	103
SC_RS05830	NC_003888.3	827277	828218	+	942	42	36	47	149	110	156	220	108	206
SC_RS05835	NC_003888.3	828403	828789	+	387	21	20	18	87	81	69	149	108	136
SC_RS05840	NC_003888.3	828755	829708	-	954	65	63	87	97	104	115	142	72	134
SC_RS05845	NC_003888.3	829910	831817	+	1908	89	66	93	48	35	42	263	92	189
SC_RS05850	NC_003888.3	831835	832518	+	684	19	14	20	24	24	22	107	66	97
SC_RS05855	NC_003888.3	832515	833042	-	528	4	8	7	7	5	3	63	18	60
SC_RS05860	NC_003888.3	833261	833800	+	540	5	5	6	17	21	17	103	41	64
SC_RS05865	NC_003888.3	833931	835199	+	1269	63	46	54	86	98	87	251	89	196
SC_RS05870	NC_003888.3	835238	835474	-	237	52	47	85	136	133	142	129	113	112
SC_RS05875	NC_003888.3	835634	836665	+	1032	4	4	4	9	4	9	123	26	112
SC_RS05880	NC_003888.3	836721	837377	+	657	3	0	5	10	6	4	64	19	57
SC_RS05885	NC_003888.3	837481	838680	+	1200	18	9	17	18	9	8	155	29	117
SC_RS05890	NC_003888.3	838977	840008	+	1032	11	20	15	18	22	19	152	49	118
SC_RS05895	NC_003888.3	840026	840334	-	309	16	22	29	21	15	18	42	25	25
SC_RS05900	NC_003888.3	840399	841688	-	1290	218	151	234	155	142	167	227	125	215
SC_RS05905	NC_003888.3	841878	842372	+	495	55	50	48	16	9	19	69	23	58
SC_RS05910	NC_003888.3	842479	843747	+	1269	124	116	164	73	66	78	180	80	168
SC_RS05915	NC_003888.3	843808	844860	+	1053	372	295	393	616	408	522	695	582	638
SC_RS05920	NC_003888.3	844896	846116	+	1221	177	178	187	3739	3321	2003	3597	3270	2887
SC_RS05925	NC_003888.3	846084	846809	-	726	163	131	173	9876	8357	4984	8400	6571	6261
SC_RS05930	NC_003888.3	846917	847525	-	609	82	78	69	74	68	67	98	65	103
SC_RS05935	NC_003888.3	847649	849232	+	1584	90	84	101	68	60	54	200	71	170
SC_RS05940	NC_003888.3	849194	850042	-	849	97	93	136	62	49	68	134	42	86
SC_RS05945	NC_003888.3	850100	851074	-	975	203	213	274	363	311	345	352	262	289
SC_RS05950	NC_003888.3	851097	851840	-	744	320	301	389	458	459	486	320	244	243
SC_RS05955	NC_003888.3	851911	853212	-	1302	701	680	880	402	374	585	309	219	219
SC_RS05960	NC_003888.3	853340	854365	-	1026	49	45	49	37	31	53	126	40	113
SC_RS05965	NC_003888.3	854455	854775	-	321	9	9	10	4	3	4	46	10	23
SC_RS05970	NC_003888.3	854802	855884	-	1083	13	13	16	8	7	14	128	44	111
SC_RS05975	NC_003888.3	856126	857139	-	1014	5	3	3	1	5	4	106	28	84
SC_RS05980	NC_003888.3	857132	858172	-	1041	13	6	15	15	12	10	112	29	98
SC_RS05985	NC_003888.3	858169	859686	-	1518	27	11	32	14	12	16	155	44	125
SC_RS05990	NC_003888.3	859963	861123	+	1161	15	6	17	14	14	7	149	29	115
SC_RS05995	NC_003888.3	861242	863281	+	2040	39	34	57	22	17	19	213	48	170
SC_RS06000	NC_003888.3	863278	864732	+	1455	26	15	27	9	7	9	162	45	118
SC_RS06005	NC_003888.3	864811	865563	+	753	25	24	34	22	18	14	117	35	82
SC_RS06010	NC_003888.3	865560	867038	+	1479	56	45	63	40	33	34	185	60	160
SC_RS06015	NC_003888.3	867035	867682	+	648	13	11	5	8	6	9	66	20	54
SC_RS06020	NC_003888.3	867803	868594	+	792	16	24	26	24	25	24	103	43	86
SC_RS06025	NC_003888.3	868598	869908	+	1311	21	21	43	22	22	18	148	45	107
SC_RS06030	NC_003888.3	869978	870337	-	360	102	80	111	165	149	170	202	201	189
SC_RS06035	NC_003888.3	870420	871397	-	978	106	105	120	83	87	95	142	62	129
SC_RS06040	NC_003888.3	871406	872086	-	681	61	44	71	52	37	40	81	34	91
SC_RS06045	NC_003888.3	872193	872633	+	441	130	102	170	43	34	47	89	35	77
SC_RS06050	NC_003888.3	872630	873520	+	891	134	114	154	45	52	69	120	53	94
SC_RS06055	NC_003888.3	873517	874473	+	957	92	80	97	45	34	41	116	61	82
SC_RS06060	NC_003888.3	874543	875343	+	801	57	60	62	22	24	23	98	38	70
SC_RS06065	NC_003888.3	875388	875693	-	306	17	18	17	17	15	12	49	24	35
SC_RS06070	NC_003888.3	875839	877500	+	1662	15	8	9	22	13	13	227	37	187
SC_RS06075	NC_003888.3	877702	879078	+	1377	5	8	13	14	12	11	165	31	130
SC_RS06080	NC_003888.3	879140	880219	-	1080	1	6	6	8	4	5	98	18	87
SC_RS06085	NC_003888.3	880216	881136	-	921	2	3	3	10	9	4	108	33	95
SC_RS06090	NC_003888.3	881133	882098	-	966	3	2	3	11	9	11	104	37	97
SC_RS06095	NC_003888.3	882095	882805	-	711	14	8	19	30	17	15	103	45	91
SC_RS06100	NC_003888.3	882826	883014	-	189	7	3	12	60	57	67	172	156	102
SC_RS06105	NC_003888.3	883113	883760	-	648	6	9	18	16	12	16	85	19	73
SC_RS06110	NC_003888.3	883920	884921	-	1002	53	25	32	9	5	11	109	15	80
SC_RS06115	NC_003888.3	885064	885264	+	201	3	1	0	0	1	0	9	5	22
SC_RS06120	NC_003888.3	885442	885867	+	426	126	111	163	55	75	91	128	124	123
SC_RS06125	NC_003888.3	885933	888050	-	2118	194	190	210	56	70	68	201	80	186
SC_RS06130	NC_003888.3	888194	888700	-	507	43	31	36	47	39	56	75	36	90
SC_RS06135	NC_003888.3	888805	890367	+	1563	16	17	10	15	8	11	178	59	165
SC_RS06140	NC_003888.3	890835	892211	+	1377	8	2	10	2	2	7	171	37	151
SC_RS06145	NC_003888.3	892238	892672	-	435	9	7	3	5	2	2	55	22	37
SC_RS06150	NC_003888.3	892665	893006	-	342	4	4	4	3	1	5	45	6	24
SC_RS06155	NC_003888.3	893013	893240	-	228	3	1	1	1	0	2	20	17	21
SC_RS06160	NC_003888.3	893386	894186	+	801	284	311	431	162	130	140	178	101	154
SC_RS06165	NC_003888.3	894244	894696	-	453	94	81	134	101	71	81	111	65	81
SC_RS06170	NC_003888.3	894818	895819	-	1002	140	162	195	127	101	114	279	161	226
SC_RS06175	NC_003888.3	895829	896353	-	525	9	4	8	2	6	2	59	12	30
SC_RS06180	NC_003888.3	896543	896968	+	426	62	56	67	28	34	36	76	47	62
SC_RS06185	NC_003888.3	896973	898037	-	1065	319	318	321	236	179	242	316	163	211
SC_RS06190	NC_003888.3	898034	898666	-	633	245	241	308	155	187	165	235	146	163
SC_RS06195	NC_003888.3	898895	899293	+	399	10	11	16	5	10	10	66	9	51
SC_RS06200	NC_003888.3	899538	902129	+	2592	365	318	447	51	59	81	327	112	285
SC_RS06205	NC_003888.3	902174	902662	-	489	116	99	122	65	55	59	90	51	70
SC_RS06210	NC_003888.3	902743	903795	-	1053	62	81	98	7	8	7	108	23	126
SC_RS06215	NC_003888.3	904019	904747	+	729	396	351	526	289	352	366	353	270	335
SC_RS06220	NC_003888.3	905000	905377	-	378	109	95	117	168	174	178	161	128	145
SC_RS06225	NC_003888.3	905546	906055	-	510	13	14	18	68	101	81	193	138	138
SC_RS06230	NC_003888.3	906052	908340	-	2289	167	184	231	1292	1682	1281	2876	2371	2250
SC_RS06235	NC_003888.3	908340	908609	-	270	48	52	69	311	492	317	740	571	563
SC_RS06240	NC_003888.3	908813	909472	-	660	51	56	73	868	1079	703	1664	1406	1496
SC_RS06245	NC_003888.3	909469	910926	-	1458	185	210	347	2851	3991	2560	6105	5051	4754
SC_RS06250	NC_003888.3	911343	911939	-	597	7	8	19	37	178	167	539	478	499
SC_RS06255	NC_003888.3	912092	912862	-	771	173	180	278	398	933	787	2091	1633	1852
SC_RS06260	NC_003888.3	912931	913572	-	642	6	2	7	224	294	225	605	472	480
SC_RS06265	NC_003888.3	913768	914472	-	705	11	5	10	869	1070	815	2372	1790	1756
SC_RS06270	NC_003888.3	914827	915270	-	444	20	30	33	25	14	17	92	62	107
SC_RS06275	NC_003888.3	915341	915715	-	375	31	42	46	34	35	67	104	49	83
SC_RS06280	NC_003888.3	916336	916785	-	450	207	235	327	87	66	102	117	87	81
SC_RS06285	NC_003888.3	916782	918377	-	1596	938	917	1251	391	372	352	394	177	287
SC_RS06290	NC_003888.3	918438	919640	-	1203	1115	975	1302	237	259	296	328	158	250
SC_RS06295	NC_003888.3	920727	921419	-	693	47	44	38	72	68	76	125	60	103
SC_RS06300	NC_003888.3	921420	921755	-	336	9	7	16	22	25	28	43	20	42
SC_RS06305	NC_003888.3	921927	922175	-	249	0	2	1	0	0	0	41	12	24
SC_RS06310	NC_003888.3	922247	924913	+	2667	328	299	396	920	853	906	739	505	570
SC_RS06315	NC_003888.3	924992	925795	+	804	28	41	52	94	101	108	147	88	143
SC_RS06320	NC_003888.3	925918	926235	+	318	6	1	13	7	14	7	39	17	39
SC_RS06325	NC_003888.3	926261	926569	+	309	1	4	4	2	5	8	34	7	20
SC_RS06330	NC_003888.3	926566	926889	+	324	3	4	2	5	7	4	26	5	29
SC_RS06335	NC_003888.3	926859	927332	+	474	51	40	54	84	77	84	77	30	89
SC_RS06340	NC_003888.3	927534	928499	-	966	34	43	59	309	275	381	215	137	166
SC_RS06345	NC_003888.3	928670	929017	+	348	7	6	7	23	18	19	43	21	28
SC_RS06350	NC_003888.3	929061	929717	+	657	95	94	146	209	177	183	221	188	230
SC_RS06355	NC_003888.3	929779	931212	-	1434	268	230	314	725	693	923	447	327	358
SC_RS06360	NC_003888.3	931333	931737	+	405	149	96	219	1500	1180	1413	527	565	436
SC_RS06365	NC_003888.3	931757	932791	-	1035	182	169	202	1217	1080	1423	484	447	417
SC_RS06370	NC_003888.3	932864	933568	-	705	60	40	50	141	116	198	180	137	149
SC_RS06375	NC_003888.3	933708	934271	+	564	667	643	971	7033	6171	10283	1726	2104	1550
SC_RS06380	NC_003888.3	934332	935237	-	906	73	68	92	65	66	101	131	68	125
SC_RS06385	NC_003888.3	935379	935582	+	204	3	10	6	18	21	20	35	23	27
SC_RS06390	NC_003888.3	935622	936329	-	708	21	14	20	15	12	14	98	26	86
SC_RS06395	NC_003888.3	936431	937270	+	840	23	18	25	33	34	27	102	55	92
SC_RS06400	NC_003888.3	937290	938240	-	951	8	10	9	6	11	6	102	24	119
SC_RS06405	NC_003888.3	938389	939612	+	1224	6	1	4	1	1	4	114	26	106
SC_RS06410	NC_003888.3	939627	941063	+	1437	2	2	4	5	1	4	159	30	125
SC_RS06415	NC_003888.3	941071	942090	-	1020	3	1	7	5	4	5	113	29	70
SC_RS06420	NC_003888.3	942116	942370	-	255	1	1	1	4	0	2	27	3	22
SC_RS06425	NC_003888.3	942453	942878	-	426	3	1	1	3	3	5	46	14	49
SC_RS06430	NC_003888.3	942974	943408	-	435	10	11	18	26	18	14	90	52	75
SC_RS06435	NC_003888.3	943851	945833	-	1983	77	76	94	78	50	73	268	78	211
SC_RS06440	NC_003888.3	946063	946941	+	879	6	8	9	10	15	5	99	38	74
SC_RS06445	NC_003888.3	947027	948310	+	1284	31	49	62	20	17	14	143	44	148
SC_RS06450	NC_003888.3	948674	949705	-	1032	739	670	868	164	104	112	284	162	233
SC_RS06455	NC_003888.3	949864	950292	-	429	678	634	890	315	289	415	267	195	214
SC_RS06460	NC_003888.3	950435	950575	-	141	0	0	0	1	0	0	15	7	22
SC_RS06465	NC_003888.3	950560	950811	+	252	1	0	1	2	1	1	18	6	14
SC_RS06470	NC_003888.3	950808	951122	+	315	6	5	4	7	4	5	42	11	32
SC_RS06475	NC_003888.3	951238	951522	+	285	38	29	38	97	100	81	86	77	72
SC_RS06480	NC_003888.3	951452	951874	-	423	27	28	35	63	58	52	68	58	93
SC_RS06485	NC_003888.3	951968	952858	-	891	78	83	116	122	107	108	152	75	146
SC_RS06490	NC_003888.3	952991	953455	+	465	120	115	149	181	156	176	131	125	124
SC_RS06495	NC_003888.3	953440	954279	-	840	304	235	365	188	156	166	205	144	173
SC_RS06500	NC_003888.3	954566	955867	+	1302	84	86	100	1876	1659	2057	704	515	491
SC_RS06505	NC_003888.3	955864	957204	+	1341	70	69	80	2377	2049	2389	646	518	581
SC_RS06510	NC_003888.3	957204	958019	+	816	38	42	45	1165	926	1088	319	269	311
SC_RS06515	NC_003888.3	958016	958987	+	972	48	61	59	1519	1258	1318	494	364	401
SC_RS06520	NC_003888.3	959024	960292	-	1269	29	20	36	91	58	44	168	44	123
SC_RS06525	NC_003888.3	960543	960758	+	216	18	9	21	37	35	37	82	32	56
SC_RS06530	NC_003888.3	960792	961283	-	492	30	26	31	93	92	90	128	67	96
SC_RS06535	NC_003888.3	961534	962553	+	1020	47	51	68	389	242	395	289	255	254
SC_RS06540	NC_003888.3	962596	964941	+	2346	319	228	310	355	250	278	354	145	238
SC_RS06545	NC_003888.3	964984	965943	-	960	20	20	20	4849	3993	3900	1057	908	713
SC_RS06550	NC_003888.3	966016	966843	-	828	9	8	7	2308	1787	1627	531	360	298
SC_RS06555	NC_003888.3	966843	967613	-	771	27	36	48	2955	2411	2233	475	356	320
SC_RS06560	NC_003888.3	967895	968641	-	747	416	460	673	300	267	388	489	547	445
SC_RS06565	NC_003888.3	968638	970587	-	1950	1137	1315	1793	692	795	1264	1419	1648	1339
SC_RS06570	NC_003888.3	970589	971260	-	672	647	726	1014	764	927	1276	950	1269	888
SC_RS06575	NC_003888.3	971392	972276	+	885	47	33	68	45	51	30	122	45	95
SC_RS06580	NC_003888.3	972311	973210	-	900	21	9	14	34	36	38	139	35	116
SC_RS06585	NC_003888.3	973388	974224	+	837	269	270	324	459	456	531	458	377	382
SC_RS06590	NC_003888.3	974312	976456	-	2145	497	526	638	2928	2339	2771	1878	1553	1456
SC_RS06595	NC_003888.3	976453	977265	-	813	70	68	92	404	341	440	327	205	233
SC_RS06600	NC_003888.3	977491	978444	-	954	17	15	14	118	92	76	386	382	368
SC_RS06605	NC_003888.3	978767	979324	+	558	0	0	1	55	70	81	84	25	60
SC_RS06610	NC_003888.3	979340	980104	+	765	2	2	3	294	231	302	128	48	107
SC_RS06615	NC_003888.3	980316	980834	+	519	1	3	2	36	44	32	57	25	52
SC_RS06620	NC_003888.3	980917	981411	-	495	1	1	8	9	8	11	45	22	44
SC_RS06625	NC_003888.3	981742	982407	+	666	15	10	35	33	32	31	94	33	96
SC_RS06630	NC_003888.3	982439	983278	-	840	5	4	3	14	5	5	89	20	77
SC_RS06635	NC_003888.3	983389	983850	+	462	121	74	127	126	104	83	121	74	82
SC_RS06640	NC_003888.3	983971	985377	+	1407	96	77	97	132	94	114	208	93	169
SC_RS06645	NC_003888.3	985374	986189	-	816	39	24	32	32	40	31	100	31	85
SC_RS06650	NC_003888.3	986247	986720	+	474	24	9	24	15	16	19	47	10	48
SC_RS06655	NC_003888.3	986722	987876	-	1155	16	20	30	5	7	8	127	33	109
SC_RS06660	NC_003888.3	988130	988684	+	555	6	5	1	9	9	16	84	20	56
SC_RS06665	NC_003888.3	988826	989341	+	516	30	40	43	1048	887	835	530	396	374
SC_RS06670	NC_003888.3	989560	990210	+	651	19	11	12	132	110	147	185	151	192
SC_RS06675	NC_003888.3	990249	991112	-	864	32	36	35	92	97	120	192	105	127
SC_RS06680	NC_003888.3	991153	993243	-	2091	25	36	37	33	41	45	248	65	255
SC_RS06685	NC_003888.3	993366	994778	+	1413	2	5	11	6	17	5	153	35	135
SC_RS06690	NC_003888.3	994798	997821	-	3024	29	39	49	120	88	90	427	150	345
SC_RS06695	NC_003888.3	997963	999210	-	1248	3	7	5	3	5	9	168	36	129
SC_RS06700	NC_003888.3	999242	1000162	-	921	5	3	7	8	5	6	109	16	99
SC_RS06705	NC_003888.3	1000159	1001091	-	933	8	5	6	5	6	6	95	25	84
SC_RS06710	NC_003888.3	1001098	1002390	-	1293	8	7	8	4	4	10	161	35	147
SC_RS06715	NC_003888.3	1002624	1003673	+	1050	91	88	85	24	17	16	147	45	107
SC_RS06720	NC_003888.3	1003734	1003987	+	254	19	16	18	7	10	3	27	10	22
SC_RS06725	NC_003888.3	1003996	1004478	-	483	57	53	67	60	56	76	191	119	175
SC_RS06730	NC_003888.3	1004534	1004710	-	177	20	12	21	62	73	65	319	325	317
SC_RS06735	NC_003888.3	1005186	1005641	+	456	104	81	142	1550	1115	968	543	320	337
SC_RS06740	NC_003888.3	1005700	1007202	-	1503	443	307	457	397	336	339	302	166	243
SC_RS06745	NC_003888.3	1007306	1008646	-	1341	11	6	8	181	132	189	291	160	225
SC_RS06750	NC_003888.3	1008835	1011153	-	2319	13	13	17	21	11	24	259	63	229
SC_RS06755	NC_003888.3	1011212	1013830	-	2619	5	11	10	26	19	20	346	70	246
SC_RS06760	NC_003888.3	1014030	1015250	-	1221	10	12	15	53	37	47	240	90	175
SC_RS06765	NC_003888.3	1015300	1016463	-	1164	15	13	31	31	40	51	174	69	150
SC_RS06770	NC_003888.3	1016501	1017394	-	894	3	3	8	9	6	10	100	29	88
SC_RS06775	NC_003888.3	1017707	1018138	-	432	16	13	20	11	6	6	64	22	63
SC_RS06780	NC_003888.3	1018179	1018838	-	660	6	6	9	16	5	5	81	18	82
SC_RS06785	NC_003888.3	1018944	1019903	-	960	8	5	15	9	14	7	110	32	92
SC_RS06790	NC_003888.3	1019971	1020594	-	624	16	16	23	27	23	40	102	36	64
SC_RS06795	NC_003888.3	1020695	1021237	-	543	11	6	3	11	13	14	89	18	66
SC_RS06800	NC_003888.3	1021386	1022009	-	624	3	2	5	15	12	20	90	29	76
SC_RS06805	NC_003888.3	1022079	1022813	-	735	9	3	14	21	22	12	103	33	93
SC_RS06810	NC_003888.3	1023053	1023964	+	912	513	488	642	317	291	337	437	355	447
SC_RS06815	NC_003888.3	1024039	1024383	+	345	40	40	37	31	31	31	68	36	66
SC_RS06820	NC_003888.3	1024508	1025767	+	1260	277	234	330	938	822	930	6009	6403	6059
SC_RS06825	NC_003888.3	1025757	1027076	-	1320	42	42	61	515	456	405	853	672	743
SC_RS06830	NC_003888.3	1027393	1028832	+	1440	508	434	622	1581	1567	1481	968	865	817
SC_RS06835	NC_003888.3	1029311	1029955	-	645	644	555	659	272	266	287	376	264	327
SC_RS06840	NC_003888.3	1029991	1030335	-	345	269	239	320	133	110	110	198	132	121
SC_RS06845	NC_003888.3	1030387	1030806	-	420	197	172	257	112	87	71	173	152	146
SC_RS06850	NC_003888.3	1030849	1030986	-	138	2	0	1	0	1	3	9	7	13
SC_RS06855	NC_003888.3	1031136	1031402	-	267	10	7	12	6	6	4	56	18	44
SC_RS06860	NC_003888.3	1031618	1031980	+	363	16	9	21	16	7	8	51	10	41
SC_RS06865	NC_003888.3	1031976	1033445	-	1470	47	64	103	60	39	59	264	72	180
SC_RS06870	NC_003888.3	1033827	1035107	+	1281	12	9	30	15	27	22	154	34	150
SC_RS06875	NC_003888.3	1035208	1036800	+	1593	15	6	8	10	17	16	170	41	157
SC_RS06880	NC_003888.3	1036797	1037666	+	870	3	2	7	4	10	2	107	40	75
SC_RS06885	NC_003888.3	1038243	1040561	+	2319	353	282	386	2617	2738	2898	648	416	535
SC_RS06890	NC_003888.3	1040764	1041465	+	702	338	300	415	196	179	143	650	569	528
SC_RS06895	NC_003888.3	1041692	1043245	+	1554	231	279	324	146	139	139	559	402	424
SC_RS06900	NC_003888.3	1043385	1043969	+	585	91	104	113	208	181	196	194	149	164
SC_RS06905	NC_003888.3	1043990	1044382	-	393	143	124	225	241	223	212	233	156	175
SC_RS06910	NC_003888.3	1044679	1045668	-	990	106	113	162	654	556	506	525	353	411
SC_RS06915	NC_003888.3	1046251	1047114	+	864	54	42	49	3218	2765	2550	5861	4993	5380
SC_RS06920	NC_003888.3	1047111	1048133	+	1023	9	2	14	2098	1878	1977	1469	1070	973
SC_RS06925	NC_003888.3	1048130	1049368	+	1239	17	18	23	3531	3098	2895	2069	1571	1557
SC_RS06930	NC_003888.3	1049361	1050626	+	1266	20	18	20	1748	1602	1765	1127	913	831
SC_RS06935	NC_003888.3	1050595	1051344	+	750	16	21	17	1723	1501	1472	1104	964	833
SC_RS06940	NC_003888.3	1051613	1052656	+	1044	574	572	782	1379	1311	1356	769	578	570
SC_RS06945	NC_003888.3	1052653	1053768	+	1116	418	366	500	563	542	594	439	285	339
SC_RS06950	NC_003888.3	1053765	1054583	+	819	348	322	399	323	356	377	1111	949	739
SC_RS06955	NC_003888.3	1054754	1055401	-	648	1768	1487	2060	8143	7669	7949	24611	25366	16897
SC_RS06960	NC_003888.3	1055883	1056995	-	1113	207	202	201	139	108	130	204	74	163
SC_RS06965	NC_003888.3	1057387	1057749	+	363	18	23	40	20	11	24	54	18	39
SC_RS06970	NC_003888.3	1057892	1058278	-	387	16	14	14	17	15	26	52	15	37
SC_RS06975	NC_003888.3	1058377	1058961	+	585	76	65	89	161	105	134	133	96	126
SC_RS06980	NC_003888.3	1059073	1059516	-	444	13	17	21	19	23	20	76	21	57
SC_RS06985	NC_003888.3	1060181	1061398	+	1218	1	1	1	1	4	0	18	6	18
SC_RS06990	NC_003888.3	1061694	1061786	-	93	3	3	4	1	1	4	18	4	31
SC_RS06995	NC_003888.3	1061871	1063013	-	1143	25	19	38	19	29	30	155	38	125
SC_RS07000	NC_003888.3	1063185	1063520	+	336	272	256	379	282	265	238	196	144	128
SC_RS07005	NC_003888.3	1063757	1064212	-	456	44	38	63	25	10	10	65	21	51
SC_RS07010	NC_003888.3	1064906	1066294	+	1389	8	7	9	13	8	7	149	31	143
SC_RS07015	NC_003888.3	1066337	1068241	-	1905	54	51	50	84	67	94	244	92	229
SC_RS07020	NC_003888.3	1068298	1069098	-	801	63	51	92	302	289	239	128	70	112
SC_RS07025	NC_003888.3	1069154	1069633	-	480	117	88	122	987	852	1028	275	248	233
SC_RS07030	NC_003888.3	1069702	1071315	-	1614	356	345	389	143	104	132	373	197	297
SC_RS07035	NC_003888.3	1071616	1072620	+	1005	85	69	109	93	69	83	200	96	163
SC_RS07040	NC_003888.3	1072677	1073219	-	543	103	59	114	233	214	251	226	202	198
SC_RS07045	NC_003888.3	1073299	1074084	-	786	228	197	234	227	222	309	180	143	152
SC_RS07050	NC_003888.3	1074124	1075377	+	1254	93	92	114	369	303	285	357	236	255
SC_RS07055	NC_003888.3	1075397	1076719	-	1323	203	217	248	446	355	386	488	304	368
SC_RS07060	NC_003888.3	1077015	1077458	+	444	211	230	261	474	477	461	377	265	246
SC_RS07065	NC_003888.3	1077501	1078328	+	828	309	270	335	389	414	436	440	384	404
SC_RS07070	NC_003888.3	1078574	1079182	+	609	419	405	522	915	747	1015	1737	1765	1978
SC_RS07075	NC_003888.3	1079291	1081729	+	2439	1227	1206	1439	1426	1157	1560	1514	1190	1353
SC_RS07080	NC_003888.3	1081780	1084137	-	2358	182	194	228	370	313	369	579	358	454
SC_RS07085	NC_003888.3	1084395	1085219	+	825	1001	896	1176	293	262	300	500	383	439
SC_RS07090	NC_003888.3	1085351	1085824	+	474	86	65	99	31	23	24	134	67	95
SC_RS07095	NC_003888.3	1085859	1086983	-	1125	190	178	250	16	11	27	180	57	137
SC_RS07100	NC_003888.3	1087263	1087587	+	325	25	25	35	223	189	163	1132	913	913
SC_RS07105	NC_003888.3	1087773	1088321	+	549	6	10	13	155	141	107	639	564	493
SC_RS07110	NC_003888.3	1088547	1091114	-	2568	7	3	13	91	93	78	425	196	357
SC_RS07115	NC_003888.3	1091111	1091860	-	750	0	2	3	3	4	4	102	27	89
SC_RS07120	NC_003888.3	1091857	1092141	-	285	3	2	2	3	2	4	29	14	41
SC_RS07125	NC_003888.3	1092334	1092897	+	564	45	47	52	42	21	25	173	140	160
SC_RS07130	NC_003888.3	1092908	1093495	+	588	44	43	55	25	15	13	121	79	92
SC_RS07135	NC_003888.3	1093492	1094400	+	909	61	61	77	39	21	22	180	99	163
SC_RS07140	NC_003888.3	1094465	1094866	+	402	13	11	15	15	8	7	43	16	39
SC_RS07145	NC_003888.3	1094860	1095258	+	399	91	103	117	139	133	150	121	73	81
SC_RS07150	NC_003888.3	1095280	1096518	-	1239	487	394	586	586	536	625	509	331	452
SC_RS07155	NC_003888.3	1096556	1097206	-	651	14	19	18	10	13	13	83	18	58
SC_RS07160	NC_003888.3	1097372	1098505	+	1134	690	638	874	159	148	205	220	127	198
SC_RS07165	NC_003888.3	1098628	1098903	-	276	71	88	116	10	9	6	33	18	33
SC_RS07170	NC_003888.3	1099030	1099809	+	780	111	98	151	56	48	58	122	75	112
SC_RS07175	NC_003888.3	1099831	1100772	-	942	74	59	99	12	12	9	132	31	120
SC_RS07180	NC_003888.3	1100965	1101198	+	234	3	2	3	1	4	4	34	9	22
SC_RS07185	NC_003888.3	1101284	1103545	+	2262	17	20	26	110	127	84	308	94	245
SC_RS07190	NC_003888.3	1103871	1104527	+	657	10	3	5	1973	1619	1465	611	469	405
SC_RS07195	NC_003888.3	1104500	1104952	-	453	7	3	0	1654	1403	1239	558	416	328
SC_RS07200	NC_003888.3	1105031	1106194	-	1164	8	6	3	8	5	7	129	32	97
SC_RS07205	NC_003888.3	1106404	1107006	+	603	8	10	22	51	40	37	104	43	83
SC_RS07210	NC_003888.3	1107018	1108091	+	1074	10	11	8	28	14	18	124	33	119
SC_RS07215	NC_003888.3	1108110	1108778	-	669	8	5	6	7	9	5	75	18	72
SC_RS07220	NC_003888.3	1109095	1109286	+	192	2	1	2	0	0	0	39	6	40
SC_RS07225	NC_003888.3	1109450	1110652	+	1203	177	182	187	268	228	196	293	201	261
SC_RS07230	NC_003888.3	1110755	1113025	-	2271	177	180	222	45	34	52	285	58	236
SC_RS07235	NC_003888.3	1113310	1114596	+	1287	32	38	34	4	9	12	160	32	130
SC_RS07240	NC_003888.3	1114620	1115573	+	954	9	13	10	7	7	14	90	26	98
SC_RS07245	NC_003888.3	1115579	1116406	+	828	8	15	13	4	8	6	65	18	68
SC_RS07250	NC_003888.3	1116447	1117826	+	1380	56	41	63	16	14	10	131	36	151
SC_RS07255	NC_003888.3	1117870	1119111	-	1242	85	85	92	42	42	79	148	63	132
SC_RS07260	NC_003888.3	1119167	1120834	-	1668	9	12	16	8	10	9	209	48	177
SC_RS07265	NC_003888.3	1120925	1123006	-	2082	8	8	14	6	5	10	264	58	182
SC_RS07270	NC_003888.3	1123067	1123960	-	894	3	4	9	4	5	6	106	24	92
SC_RS07275	NC_003888.3	1123963	1124898	-	936	9	2	14	5	4	4	99	26	74
SC_RS07280	NC_003888.3	1124895	1126256	-	1362	12	5	9	3	10	4	157	32	127
SC_RS07285	NC_003888.3	1126535	1127557	+	1023	29	28	46	14	21	26	116	34	112
SC_RS07290	NC_003888.3	1127704	1128876	+	1173	102	116	94	46	28	35	163	64	130
SC_RS07295	NC_003888.3	1128954	1129694	+	741	79	80	84	146	110	136	183	135	172
SC_RS07300	NC_003888.3	1129716	1130108	-	393	23	16	18	37	47	36	60	43	62
SC_RS07305	NC_003888.3	1130184	1130468	+	285	11	12	11	53	33	37	48	36	52
SC_RS07310	NC_003888.3	1130429	1131094	-	666	31	28	26	35	44	46	101	65	87
SC_RS07315	NC_003888.3	1131091	1132338	-	1248	195	153	202	92	93	110	313	200	304
SC_RS07320	NC_003888.3	1132744	1134012	-	1269	1161	1195	1349	461	350	465	514	340	445
SC_RS07325	NC_003888.3	1134157	1135512	+	1356	1566	1556	1980	975	881	1128	595	411	428
SC_RS07330	NC_003888.3	1135646	1136689	-	1044	944	868	1077	184	203	199	254	154	212
SC_RS07335	NC_003888.3	1136858	1137052	-	195	24	20	24	4	4	8	20	5	15
SC_RS07340	NC_003888.3	1137148	1138101	-	954	109	107	104	45	20	26	105	31	90
SC_RS07345	NC_003888.3	1138315	1139391	+	1077	167	140	173	145	113	137	258	160	233
SC_RS07350	NC_003888.3	1139479	1140312	+	834	85	97	128	61	64	57	151	63	114
SC_RS07355	NC_003888.3	1140293	1141591	-	1299	103	91	112	49	57	59	215	58	184
SC_RS07360	NC_003888.3	1141759	1142721	-	963	1444	1519	1766	1720	1756	2139	1131	1012	895
SC_RS07365	NC_003888.3	1142777	1143565	-	789	2157	2198	2865	2521	2332	2819	1780	1666	1519
SC_RS07370	NC_003888.3	1143786	1144295	-	510	79	51	60	231	218	289	168	77	137
SC_RS07375	NC_003888.3	1144442	1144822	-	381	35	40	51	256	239	366	314	301	255
SC_RS07380	NC_003888.3	1145088	1145816	+	729	529	554	726	846	798	908	676	603	609
SC_RS07385	NC_003888.3	1145827	1146399	-	573	470	440	517	142	132	174	137	96	150
SC_RS07390	NC_003888.3	1146486	1147556	-	1071	2058	2173	2434	239	209	306	365	309	401
SC_RS07395	NC_003888.3	1147553	1148299	-	747	3675	3886	4279	299	212	338	502	474	756
SC_RS07400	NC_003888.3	1148368	1149771	-	1404	6910	7326	8573	564	254	640	1036	959	1505
SC_RS07405	NC_003888.3	1149998	1150681	+	684	109	96	138	87	75	70	241	148	152
SC_RS07410	NC_003888.3	1150733	1151272	-	540	136	132	198	111	140	124	157	98	93
SC_RS07415	NC_003888.3	1151356	1151748	+	393	20	15	29	18	20	12	51	24	49
SC_RS07420	NC_003888.3	1151870	1152634	+	765	46	43	51	24	20	22	99	34	110
SC_RS07425	NC_003888.3	1152798	1153376	+	579	220	229	271	81	91	100	142	113	128
SC_RS07430	NC_003888.3	1153488	1154766	+	1279	105	83	113	33	27	35	166	43	125
SC_RS07435	NC_003888.3	1154805	1155686	+	882	113	98	144	65	55	56	133	57	105
SC_RS07440	NC_003888.3	1155717	1156292	-	576	161	163	227	94	66	85	136	86	94
SC_RS07445	NC_003888.3	1156289	1158016	-	1728	108	101	106	12	11	22	197	41	137
SC_RS07450	NC_003888.3	1158218	1158796	+	579	0	2	1	53	39	39	1086	817	807
SC_RS07455	NC_003888.3	1158944	1159879	+	936	65	53	79	737	621	780	429	316	353
SC_RS07460	NC_003888.3	1160123	1160794	+	672	63	69	81	142	160	172	197	109	163
SC_RS07465	NC_003888.3	1160876	1161565	+	690	67	69	81	93	98	94	121	65	101
SC_RS07470	NC_003888.3	1161710	1162411	+	702	203	213	251	102	69	101	160	133	172
SC_RS07475	NC_003888.3	1162399	1163901	-	1503	67	51	64	1596	1349	1912	869	762	727
SC_RS07480	NC_003888.3	1164110	1164766	+	657	21	14	16	21	19	28	102	41	84
SC_RS07485	NC_003888.3	1164809	1165264	-	456	42	41	40	33	29	20	51	16	26
SC_RS07490	NC_003888.3	1165403	1165774	-	372	72	78	110	115	81	100	86	49	76
SC_RS07495	NC_003888.3	1165916	1166995	+	1080	113	118	109	273	219	231	138	59	119
SC_RS07500	NC_003888.3	1167193	1167993	+	801	8	6	6	8	15	10	96	24	87
SC_RS07505	NC_003888.3	1167998	1168750	-	753	67	78	76	25	21	27	135	39	85
SC_RS07510	NC_003888.3	1168853	1170556	+	1704	145	183	177	103	98	99	312	151	298
SC_RS07515	NC_003888.3	1170638	1171792	+	1155	283	303	383	316	268	261	607	475	464
SC_RS07520	NC_003888.3	1171863	1172540	+	678	310	344	414	610	575	678	500	473	382
SC_RS07525	NC_003888.3	1172537	1173535	+	999	374	325	407	384	324	355	332	273	331
SC_RS07530	NC_003888.3	1173674	1174600	+	927	1330	1332	1666	826	975	888	703	502	501
SC_RS07535	NC_003888.3	1174890	1175927	-	1038	623	583	775	126	102	136	202	111	194
SC_RS07540	NC_003888.3	1176089	1177579	-	1491	1335	1188	1831	16	12	22	151	61	177
SC_RS07545	NC_003888.3	1177797	1178273	+	477	32	38	39	5	7	10	74	10	60
SC_RS07550	NC_003888.3	1178303	1179010	+	708	64	55	72	68	54	72	109	51	74
SC_RS07555	NC_003888.3	1179094	1179834	+	741	118	94	124	67	68	64	168	116	156
SC_RS07560	NC_003888.3	1179956	1180792	-	837	441	418	511	348	289	310	362	262	266
SC_RS07565	NC_003888.3	1180851	1181249	+	399	801	732	966	321	277	303	261	202	187
SC_RS07570	NC_003888.3	1181366	1181857	-	492	366	328	444	44	31	47	72	35	73
SC_RS07575	NC_003888.3	1181900	1182286	-	387	165	183	244	28	19	29	54	27	62
SC_RS07580	NC_003888.3	1182418	1183572	-	1155	54	65	78	11	10	21	119	36	116
SC_RS07585	NC_003888.3	1183757	1184611	+	855	13	19	29	7	8	13	122	26	73
SC_RS07590	NC_003888.3	1184628	1185536	+	909	12	14	15	7	7	2	73	25	74
SC_RS07595	NC_003888.3	1185686	1186480	+	795	4	4	8	11	10	6	84	36	87
SC_RS07600	NC_003888.3	1186491	1188266	+	1776	69	50	73	262	198	213	257	111	231
SC_RS07605	NC_003888.3	1188324	1189481	-	1158	82	70	109	677	618	732	349	248	309
SC_RS07610	NC_003888.3	1189474	1191621	-	2148	116	119	131	1594	1590	1869	664	506	516
SC_RS07615	NC_003888.3	1191618	1192610	-	993	34	30	40	552	566	700	262	201	210
SC_RS07620	NC_003888.3	1192607	1193209	-	603	37	28	52	443	450	579	204	175	153
SC_RS07625	NC_003888.3	1193398	1193988	+	591	187	237	330	197	173	224	190	163	159
SC_RS07630	NC_003888.3	1193951	1194742	-	792	61	54	78	25	13	20	75	33	73
SC_RS07635	NC_003888.3	1194739	1196385	-	1647	51	54	73	22	18	18	221	42	178
SC_RS07640	NC_003888.3	1196793	1197779	+	987	126	136	141	8	12	9	209	126	192
SC_RS07645	NC_003888.3	1197776	1198321	+	546	71	62	66	8	11	5	103	63	73
SC_RS07650	NC_003888.3	1198323	1199822	+	1500	175	170	180	36	24	25	271	159	231
SC_RS07655	NC_003888.3	1199889	1200311	-	423	66	72	80	24	17	27	81	47	73
SC_RS07660	NC_003888.3	1200394	1201473	+	1080	58	48	78	110	56	47	193	101	133
SC_RS07665	NC_003888.3	1201486	1202247	-	762	123	122	169	33	26	28	275	137	230
SC_RS07670	NC_003888.3	1202480	1204282	-	1803	842	855	1046	149	144	198	1028	952	921
SC_RS07675	NC_003888.3	1204428	1204889	+	462	421	447	537	77	85	75	361	328	311
SC_RS07680	NC_003888.3	1204911	1205669	-	759	342	329	415	300	231	334	421	357	356
SC_RS07685	NC_003888.3	1205898	1207775	+	1878	177	168	186	104	108	121	240	127	242
SC_RS07690	NC_003888.3	1207772	1209553	+	1782	219	177	238	154	126	130	279	156	230
SC_RS07695	NC_003888.3	1209788	1210258	+	471	214	244	258	59	52	62	134	77	130
SC_RS07700	NC_003888.3	1210322	1210594	+	273	135	143	160	33	33	21	46	25	36
SC_RS07705	NC_003888.3	1210615	1211409	-	795	677	590	795	224	194	240	222	107	152
SC_RS07710	NC_003888.3	1211555	1214068	+	2514	1313	1333	1707	775	624	866	704	481	558
SC_RS07715	NC_003888.3	1214088	1214954	+	867	384	339	506	142	140	177	195	151	168
SC_RS07720	NC_003888.3	1214956	1215927	-	972	273	259	252	352	235	231	422	281	315
SC_RS07725	NC_003888.3	1216065	1216478	-	414	42	40	49	263	229	218	247	184	204
SC_RS07730	NC_003888.3	1216584	1217012	+	429	63	71	79	295	285	290	243	207	220
SC_RS07735	NC_003888.3	1217041	1217655	-	615	39	42	44	296	234	233	234	201	224
SC_RS07740	NC_003888.3	1217724	1218137	-	414	11	5	8	212	169	142	159	116	108
SC_RS07745	NC_003888.3	1218156	1218593	-	438	2	2	2	260	246	212	266	196	189
SC_RS07750	NC_003888.3	1218590	1221178	-	2589	10	11	20	1334	1161	1247	1061	814	798
SC_RS07755	NC_003888.3	1221241	1222017	-	777	5	2	4	445	444	378	361	263	243
SC_RS07760	NC_003888.3	1222188	1222787	+	600	58	60	59	115	81	121	132	75	130
SC_RS07765	NC_003888.3	1223235	1224134	-	900	29	32	52	395	350	444	565	504	489
SC_RS07770	NC_003888.3	1224211	1224537	+	327	19	13	29	119	84	62	127	71	107
SC_RS07775	NC_003888.3	1224677	1225594	+	918	314	243	389	335	218	291	512	426	421
SC_RS07780	NC_003888.3	1225651	1225833	-	183	80	81	105	141	80	141	347	318	339
SC_RS07785	NC_003888.3	1226105	1228969	+	2865	350	336	359	76	54	67	383	109	295
SC_RS07790	NC_003888.3	1228966	1230234	+	1269	245	214	259	52	47	43	218	89	183
SC_RS07795	NC_003888.3	1230329	1231492	-	1164	394	371	498	349	278	316	353	251	304
SC_RS07800	NC_003888.3	1231648	1233093	+	1446	186	141	204	211	194	195	280	159	254
SC_RS07805	NC_003888.3	1233319	1234527	+	1209	88	95	108	62	65	66	189	62	142
SC_RS07810	NC_003888.3	1234835	1235440	+	606	29	31	37	136	125	140	196	124	189
SC_RS07815	NC_003888.3	1235615	1236874	+	1260	28	24	32	103	108	119	212	102	211
SC_RS07820	NC_003888.3	1237012	1238535	+	1524	35	39	32	1453	1244	721	247	142	236
SC_RS07825	NC_003888.3	1238595	1239041	-	447	2	0	2	57	49	27	54	12	50
SC_RS07830	NC_003888.3	1239108	1239332	-	225	3	0	3	9	12	2	26	6	31
SC_RS07835	NC_003888.3	1239663	1241453	-	1791	34	25	29	95	70	90	403	191	309
SC_RS07840	NC_003888.3	1241559	1242302	+	744	11	23	31	20	14	10	423	358	349
SC_RS07845	NC_003888.3	1242334	1242762	-	429	15	11	6	7	5	3	548	445	401
SC_RS07850	NC_003888.3	1242817	1243575	-	759	1	16	17	18	14	17	106	29	81
SC_RS07855	NC_003888.3	1243639	1244799	+	1161	18	22	35	36	24	32	133	38	129
SC_RS07860	NC_003888.3	1244920	1245774	+	855	1391	1335	1904	216	169	148	304	215	220
SC_RS07865	NC_003888.3	1245780	1250951	+	5172	1660	1593	1884	589	484	484	902	500	751
SC_RS07870	NC_003888.3	1251004	1252173	+	1170	297	241	325	97	87	114	209	89	158
SC_RS07875	NC_003888.3	1252179	1256141	+	3963	591	526	643	158	164	168	524	204	385
SC_RS07880	NC_003888.3	1256138	1258141	+	2004	145	118	167	68	58	53	231	74	193
SC_RS07885	NC_003888.3	1258218	1259243	+	1026	318	300	357	168	141	155	321	170	270
SC_RS07890	NC_003888.3	1259461	1260606	+	1146	8	14	8	6	11	5	184	28	146
SC_RS07895	NC_003888.3	1260854	1261948	+	1095	25	37	45	10	4	12	150	33	101
SC_RS07900	NC_003888.3	1262121	1262546	+	426	67	65	76	7	7	4	81	45	59
SC_RS07905	NC_003888.3	1262509	1264110	-	1602	177	167	212	15	12	13	165	71	159
SC_RS07910	NC_003888.3	1264183	1264656	-	474	188	140	188	9	22	25	71	30	65
SC_RS07915	NC_003888.3	1264780	1265148	+	369	35	31	47	66	59	34	66	21	55
SC_RS07920	NC_003888.3	1265170	1265739	-	570	146	141	195	97	74	64	108	34	87
SC_RS07925	NC_003888.3	1265841	1267331	+	1491	19	11	27	724	606	527	197	107	165
SC_RS07930	NC_003888.3	1267321	1267515	-	195	0	1	5	928	885	666	114	117	91
SC_RS07935	NC_003888.3	1267630	1268493	-	864	13	6	19	13757	11995	11359	1601	1391	990
SC_RS07940	NC_003888.3	1268663	1269751	-	1089	83	77	107	122	99	93	206	109	192
SC_RS07945	NC_003888.3	1269748	1270929	-	1182	93	103	100	141	102	109	238	141	172
SC_RS07950	NC_003888.3	1270926	1271906	-	981	125	128	162	126	106	125	194	103	155
SC_RS07955	NC_003888.3	1271991	1272566	-	576	111	98	115	114	106	96	199	131	147
SC_RS07960	NC_003888.3	1272644	1273609	+	966	207	177	235	110	99	99	217	98	149
SC_RS07965	NC_003888.3	1273700	1275238	+	1539	147	148	173	70	67	55	219	120	224
SC_RS07970	NC_003888.3	1275235	1275696	+	462	4	8	8	8	5	7	67	14	50
SC_RS07975	NC_003888.3	1275830	1277215	+	1386	24	29	33	48	31	48	189	51	125
SC_RS07980	NC_003888.3	1277241	1277477	+	237	21	22	27	86	57	73	77	77	63
SC_RS07985	NC_003888.3	1277625	1278749	+	1125	21	16	17	84	85	75	124	42	117
SC_RS07990	NC_003888.3	1278746	1279960	+	1215	22	43	44	79	52	77	158	39	129
SC_RS07995	NC_003888.3	1279957	1280490	+	534	81	81	110	62	62	33	61	26	48
SC_RS08000	NC_003888.3	1280487	1281713	-	1227	661	669	827	747	642	619	300	150	210
SC_RS08005	NC_003888.3	1281884	1282540	+	657	581	518	708	212	190	206	346	272	258
SC_RS08010	NC_003888.3	1282582	1283121	-	540	125	106	161	40	42	45	101	53	53
SC_RS08015	NC_003888.3	1283300	1284538	+	1239	2733	2586	3468	1241	1146	1399	819	655	611
SC_RS08020	NC_003888.3	1284562	1285290	+	729	874	946	1235	531	512	517	439	347	294
SC_RS08025	NC_003888.3	1285457	1286482	+	1026	859	804	1081	957	927	871	631	419	451
SC_RS08030	NC_003888.3	1286676	1287626	+	951	608	584	705	252	202	282	411	281	355
SC_RS08035	NC_003888.3	1287670	1287840	+	171	25	17	43	54	45	46	82	79	95
SC_RS08040	NC_003888.3	1287879	1289084	-	1206	78	80	94	74	47	63	160	76	166
SC_RS08045	NC_003888.3	1289093	1290928	-	1836	94	90	103	39	35	48	222	76	186
SC_RS08050	NC_003888.3	1290957	1291352	-	396	6	2	2	2	3	2	37	14	29
SC_RS08055	NC_003888.3	1291356	1292117	-	762	17	7	13	7	7	11	90	18	94
SC_RS08060	NC_003888.3	1292195	1292698	+	504	34	28	35	85	57	81	65	31	63
SC_RS08065	NC_003888.3	1292824	1293690	+	867	65	80	108	5227	2854	4590	725	476	454
SC_RS08070	NC_003888.3	1293687	1294910	+	1224	76	108	126	8021	4299	6898	1144	874	774
SC_RS08075	NC_003888.3	1294926	1295384	-	459	102	85	129	383	336	385	111	117	124
SC_RS08080	NC_003888.3	1295526	1297040	+	1515	165	197	175	280	162	282	272	112	233
SC_RS08085	NC_003888.3	1297131	1300331	-	3201	13	14	19	28	23	23	437	90	308
SC_RS08090	NC_003888.3	1300601	1302022	-	1422	9	7	17	253	213	183	408	286	425
SC_RS08095	NC_003888.3	1302287	1303009	+	723	141	116	188	285	237	249	230	188	225
SC_RS08100	NC_003888.3	1303094	1304119	+	1026	82	78	95	205	234	180	306	211	271
SC_RS08105	NC_003888.3	1304188	1305813	-	1626	503	460	551	2610	2438	2045	2446	2264	2097
SC_RS08110	NC_003888.3	1305967	1306731	-	765	145	130	146	47	32	38	87	43	75
SC_RS08115	NC_003888.3	1306728	1307405	-	678	79	104	113	33	39	41	82	16	72
SC_RS08120	NC_003888.3	1307571	1308245	-	675	157	118	178	56	57	48	74	24	67
SC_RS08125	NC_003888.3	1308254	1309975	-	1722	743	723	978	386	393	487	310	167	294
SC_RS08130	NC_003888.3	1309968	1310279	-	312	187	209	228	66	85	109	70	39	46
SC_RS08135	NC_003888.3	1310293	1310595	-	303	345	352	555	213	184	171	121	77	96
SC_RS08140	NC_003888.3	1310820	1311104	-	285	185	195	284	225	155	175	163	98	127
SC_RS08145	NC_003888.3	1311216	1311851	+	636	28	25	38	32	32	42	365	334	324
SC_RS08150	NC_003888.3	1311859	1312167	+	309	3	7	10	16	14	25	109	95	98
SC_RS08155	NC_003888.3	1312684	1313157	+	474	1	7	2	76	79	95	95	64	85
SC_RS08160	NC_003888.3	1313128	1313640	-	513	18	5	16	1069	966	1148	628	631	509
SC_RS08165	NC_003888.3	1313856	1314716	+	861	89	81	111	175	166	149	199	109	160
SC_RS08170	NC_003888.3	1314738	1314968	+	231	19	14	28	31	48	39	53	36	34
SC_RS08175	NC_003888.3	1315011	1316138	-	1128	130	116	133	150	123	133	205	142	168
SC_RS08180	NC_003888.3	1316289	1317512	+	1224	1069	960	1079	812	669	668	387	265	286
SC_RS08185	NC_003888.3	1317505	1318791	+	1287	883	733	878	525	462	406	287	192	203
SC_RS08190	NC_003888.3	1318793	1319509	+	717	470	414	489	257	199	174	166	117	156
SC_RS08195	NC_003888.3	1319887	1320564	+	678	351	328	391	373	278	302	1103	1096	1034
SC_RS08200	NC_003888.3	1320586	1320960	-	375	10	16	20	21	17	24	56	33	43
SC_RS08205	NC_003888.3	1320980	1321207	-	228	24	18	30	70	51	52	124	92	101
SC_RS08210	NC_003888.3	1321315	1321740	+	426	17	12	22	137	131	122	126	70	85
SC_RS08215	NC_003888.3	1321823	1323229	+	1407	55	37	52	220	235	189	268	149	237
SC_RS08220	NC_003888.3	1323226	1324239	+	1014	24	26	27	123	105	98	155	68	114
SC_RS08225	NC_003888.3	1324336	1325118	+	783	111	108	137	26	23	28	119	48	81
SC_RS08230	NC_003888.3	1325285	1326727	+	1443	1790	1781	2183	543	612	611	383	248	336
SC_RS08235	NC_003888.3	1326748	1327284	+	537	557	519	720	119	116	102	117	63	102
SC_RS08240	NC_003888.3	1327484	1327924	-	441	585	544	762	138	114	107	174	102	162
SC_RS08245	NC_003888.3	1327991	1328716	-	726	93	64	104	22	26	25	111	30	91
SC_RS08250	NC_003888.3	1328719	1329639	-	921	85	67	94	35	40	60	116	48	104
SC_RS08255	NC_003888.3	1329747	1330901	+	1155	102	104	176	56	55	66	173	89	177
SC_RS08260	NC_003888.3	1330916	1331578	+	663	167	140	170	103	82	94	123	81	97
SC_RS08265	NC_003888.3	1331678	1332832	+	1155	379	354	444	273	241	227	352	202	263
SC_RS08270	NC_003888.3	1332872	1333633	-	762	627	600	785	1365	1051	932	1105	960	855
SC_RS08275	NC_003888.3	1333824	1334711	-	888	39	38	52	46	41	51	146	50	118
SC_RS08280	NC_003888.3	1334865	1335743	+	879	19	21	30	4	4	6	116	32	89
SC_RS08285	NC_003888.3	1335695	1336564	-	870	23	23	16	10	4	7	95	41	107
SC_RS08290	NC_003888.3	1336608	1337876	-	1269	11	7	9	9	3	4	129	36	121
SC_RS08295	NC_003888.3	1337873	1338130	-	258	0	0	2	2	0	0	25	1	27
SC_RS08300	NC_003888.3	1338248	1339366	-	1119	10	6	5	3	4	7	140	34	116
SC_RS08305	NC_003888.3	1339363	1340376	-	1014	9	10	19	13	7	7	122	38	94
SC_RS08310	NC_003888.3	1340373	1341344	-	972	0	3	8	8	3	6	125	29	114
SC_RS08315	NC_003888.3	1341355	1342317	-	963	14	7	14	13	6	11	123	35	92
SC_RS08320	NC_003888.3	1342317	1342589	-	273	0	2	0	1	3	2	28	10	30
SC_RS08325	NC_003888.3	1342661	1343779	-	1119	4	0	1	3	9	11	175	25	128
SC_RS08330	NC_003888.3	1344147	1344806	+	660	6	4	8	2	1	5	86	26	60
SC_RS08335	NC_003888.3	1344856	1346613	+	1758	5	2	12	15	24	24	223	53	186
SC_RS08340	NC_003888.3	1346693	1347289	+	597	2	5	5	3	8	9	171	119	119
SC_RS08345	NC_003888.3	1347343	1348086	+	744	27	12	23	13	18	23	221	119	146
SC_RS08350	NC_003888.3	1348179	1349756	+	1578	3	4	6	10	13	7	229	106	196
SC_RS08355	NC_003888.3	1349799	1350677	+	879	2	1	2	6	4	4	103	35	70
SC_RS08360	NC_003888.3	1350735	1351976	-	1242	5	0	1	0	2	2	120	26	116
SC_RS08365	NC_003888.3	1352088	1353410	-	1323	1	1	3	2	9	3	106	24	93
SC_RS08370	NC_003888.3	1353407	1354006	-	600	3	1	0	1	1	1	55	11	53
SC_RS08375	NC_003888.3	1353978	1354445	-	468	0	0	2	3	1	3	50	8	34
SC_RS08380	NC_003888.3	1354527	1355912	-	1386	15	12	26	10	17	9	180	41	154
SC_RS08385	NC_003888.3	1355909	1357030	-	1122	3	10	14	10	5	15	156	30	110
SC_RS08390	NC_003888.3	1357085	1358209	-	1125	1	1	1	15	10	17	112	34	95
SC_RS08395	NC_003888.3	1358281	1359243	-	963	1	2	0	4	1	0	98	20	83
SC_RS08400	NC_003888.3	1359227	1359733	-	507	1	0	6	1	4	3	60	16	49
SC_RS08405	NC_003888.3	1359896	1361419	+	1524	106	110	124	483	366	376	794	595	649
SC_RS08410	NC_003888.3	1361564	1363153	+	1590	29	18	20	6151	5307	5764	977	725	637
SC_RS08415	NC_003888.3	1363304	1364707	+	1404	625	547	706	214	184	178	240	186	200
SC_RS08420	NC_003888.3	1364704	1367439	+	2736	673	582	797	329	263	241	519	291	453
SC_RS08425	NC_003888.3	1367555	1368913	+	1359	184	156	246	19412	16064	16697	4258	3422	2750
SC_RS08430	NC_003888.3	1368938	1370161	-	1224	40	37	54	3246	2745	2578	805	580	568
SC_RS08435	NC_003888.3	1370221	1370712	+	492	85	85	136	93	68	102	85	42	58
SC_RS08440	NC_003888.3	1370791	1372479	+	1689	657	675	851	2120	1739	2211	1091	921	909
SC_RS08445	NC_003888.3	1372654	1372778	-	125	115	121	135	197	151	166	133	80	143
SC_RS08450	NC_003888.3	1372948	1373469	-	522	267	250	351	279	222	273	311	187	211
SC_RS08455	NC_003888.3	1373491	1374042	-	552	25	22	27	26	17	15	61	26	48
SC_RS08460	NC_003888.3	1374103	1374549	+	447	48	38	68	16	24	11	59	14	80
SC_RS08465	NC_003888.3	1374583	1377582	-	3000	392	360	477	196	158	248	398	194	327
SC_RS08470	NC_003888.3	1377579	1378742	-	1164	279	258	340	97	85	136	219	121	222
SC_RS08475	NC_003888.3	1379126	1379752	-	627	165	139	191	89	70	86	130	70	103
SC_RS08480	NC_003888.3	1379824	1380573	-	750	35	49	47	72	47	71	115	43	93
SC_RS08485	NC_003888.3	1380724	1381131	+	408	84	90	111	754	575	860	420	404	396
SC_RS08490	NC_003888.3	1381144	1382439	-	1296	126	117	144	549	408	585	358	230	295
SC_RS08495	NC_003888.3	1382544	1383788	-	1245	21	14	22	24	19	21	138	46	129
SC_RS08500	NC_003888.3	1383886	1385292	-	1407	69	61	56	44	41	56	196	58	134
SC_RS08505	NC_003888.3	1385454	1386677	+	1224	138	131	169	106	60	71	245	121	229
SC_RS08510	NC_003888.3	1386707	1387066	-	360	20	9	29	7	11	11	52	13	39
SC_RS08515	NC_003888.3	1387179	1388270	+	1092	90	85	94	92	96	65	152	53	132
SC_RS08520	NC_003888.3	1388275	1388832	-	558	55	61	69	110	92	81	95	49	70
SC_RS08525	NC_003888.3	1388876	1389448	-	573	64	55	67	26	28	24	81	37	59
SC_RS08530	NC_003888.3	1389568	1390425	+	858	122	119	162	59	78	80	110	50	89
SC_RS08535	NC_003888.3	1390456	1391259	-	804	272	228	284	449	385	493	275	183	187
SC_RS08540	NC_003888.3	1391367	1391903	+	537	189	206	288	99	98	99	110	64	105
SC_RS08545	NC_003888.3	1391967	1392602	-	636	502	514	624	785	716	777	423	375	394
SC_RS08550	NC_003888.3	1392691	1393128	-	438	154	172	200	37	30	34	109	65	100
SC_RS08555	NC_003888.3	1393213	1394196	+	984	142	122	157	53	50	67	149	52	106
SC_RS08560	NC_003888.3	1394273	1395295	+	1023	1463	1253	1654	294	299	338	526	588	646
SC_RS08565	NC_003888.3	1395319	1396164	-	846	989	868	1150	298	269	308	373	395	375
SC_RS08570	NC_003888.3	1396238	1397416	-	1179	204	214	252	97	80	96	196	60	162
SC_RS08575	NC_003888.3	1397692	1398413	-	722	20	8	26	57	73	67	133	65	88
SC_RS08580	NC_003888.3	1398463	1399239	+	777	161	150	193	202	199	205	308	257	327
SC_RS08585	NC_003888.3	1399280	1400449	-	1170	112	87	113	102	61	104	265	169	243
SC_RS08590	NC_003888.3	1400584	1401057	+	474	92	65	94	55	39	44	72	45	85
SC_RS08595	NC_003888.3	1401207	1402082	+	876	161	172	225	258	334	323	212	133	157
SC_RS08600	NC_003888.3	1402679	1403737	+	1059	60	57	57	88	66	100	213	85	183
SC_RS08605	NC_003888.3	1403709	1404506	-	798	19	28	32	26	16	23	97	32	110
SC_RS08610	NC_003888.3	1404801	1405034	-	234	18	10	30	13	7	19	38	13	42
SC_RS08615	NC_003888.3	1405031	1405780	-	750	3	7	3	23	22	21	126	34	101
SC_RS08620	NC_003888.3	1406162	1408480	+	2319	83	82	99	436	340	383	648	367	529
SC_RS08625	NC_003888.3	1408850	1409380	-	531	7	8	7	8	8	5	97	16	70
SC_RS08630	NC_003888.3	1410027	1410995	+	969	27	57	27	9	8	3	130	32	104
SC_RS08635	NC_003888.3	1411647	1411826	+	180	80	71	118	61	50	54	63	53	40
SC_RS08640	NC_003888.3	1411885	1412625	-	741	573	550	769	228	184	302	164	129	157
SC_RS08645	NC_003888.3	1412774	1414348	+	1575	411	364	463	262	188	255	363	219	354
SC_RS08650	NC_003888.3	1414272	1415177	-	906	87	91	125	87	63	79	125	46	111
SC_RS08655	NC_003888.3	1415191	1416381	-	1191	88	86	128	33	42	45	142	69	110
SC_RS08660	NC_003888.3	1416484	1417104	+	621	52	44	52	17	12	30	85	24	75
SC_RS08665	NC_003888.3	1417147	1417659	+	513	249	244	298	477	417	548	368	244	273
SC_RS08670	NC_003888.3	1417763	1418269	+	507	212	182	185	130	133	123	121	64	79
SC_RS08675	NC_003888.3	1418317	1418868	-	552	442	391	532	65	46	55	81	58	88
SC_RS08680	NC_003888.3	1418995	1419678	-	684	1164	1000	1425	129	164	136	153	128	166
SC_RS08685	NC_003888.3	1419752	1421338	-	1587	111	101	116	63	50	57	345	118	256
SC_RS08690	NC_003888.3	1421547	1422308	-	762	146	165	180	184	142	194	209	131	183
SC_RS08695	NC_003888.3	1422352	1423113	-	762	143	166	181	113	106	177	200	136	173
SC_RS08700	NC_003888.3	1423379	1424143	+	765	94	62	117	20	13	28	110	25	86
SC_RS08705	NC_003888.3	1424234	1424617	-	384	71	84	96	45	26	32	56	56	62
SC_RS08710	NC_003888.3	1424614	1425369	-	756	268	249	357	125	105	107	220	139	181
SC_RS08715	NC_003888.3	1425630	1426211	+	582	0	0	0	1	0	1	60	10	59
SC_RS08720	NC_003888.3	1426307	1429033	+	2727	46	40	58	26	31	42	319	101	279
SC_RS08725	NC_003888.3	1429057	1430469	-	1413	80	60	111	83	97	82	228	92	202
SC_RS08730	NC_003888.3	1430593	1431576	+	984	34	41	40	50	33	49	110	43	87
SC_RS08735	NC_003888.3	1431662	1432225	-	564	9	1	14	4	2	5	55	16	55
SC_RS08740	NC_003888.3	1432286	1433899	-	1614	7	8	7	2	4	7	233	37	176
SC_RS08745	NC_003888.3	1434218	1434715	+	498	55	40	47	72	56	52	151	108	122
SC_RS08750	NC_003888.3	1434712	1435179	+	468	39	31	52	44	45	40	120	88	115
SC_RS08755	NC_003888.3	1435312	1436223	-	912	86	60	103	40	26	39	144	73	130
SC_RS08760	NC_003888.3	1436298	1437296	+	999	55	34	47	36	24	20	143	40	109
SC_RS08765	NC_003888.3	1437760	1439097	-	1338	124	111	147	134	143	88	234	97	224
SC_RS08770	NC_003888.3	1439133	1439819	+	687	69	53	74	171	218	88	305	213	195
SC_RS08775	NC_003888.3	1439866	1440840	-	975	45	32	45	48	63	48	125	59	137
SC_RS08780	NC_003888.3	1441026	1442030	-	1005	32	34	40	104	78	63	176	64	123
SC_RS08785	NC_003888.3	1442209	1442748	-	540	112	98	132	51	45	34	638	690	721
SC_RS08790	NC_003888.3	1442946	1443134	+	189	26	30	32	2	3	3	49	41	67
SC_RS08795	NC_003888.3	1443255	1443908	-	654	546	590	705	145	130	127	1746	2271	2043
SC_RS08800	NC_003888.3	1443901	1444656	-	756	1	0	1	0	4	2	70	20	70
SC_RS08805	NC_003888.3	1444653	1445792	-	1140	13	18	11	8	7	11	140	39	117
SC_RS08810	NC_003888.3	1445966	1447180	+	1215	35	27	27	27	25	28	145	68	135
SC_RS08815	NC_003888.3	1447177	1447812	+	636	11	10	9	15	9	8	66	18	49
SC_RS08820	NC_003888.3	1447950	1448759	+	810	78	71	98	35	35	46	113	49	83
SC_RS08825	NC_003888.3	1448786	1449613	-	828	229	221	298	129	110	130	178	114	162
SC_RS08830	NC_003888.3	1449695	1451212	-	1518	25	28	34	129	108	97	507	333	363
SC_RS08835	NC_003888.3	1451772	1452356	+	585	150	148	146	204	267	256	481	315	349
SC_RS08840	NC_003888.3	1452656	1452859	+	204	101	80	97	1479	1321	1222	3609	3331	3117
SC_RS08845	NC_003888.3	1453090	1454160	+	1071	148	127	139	527	437	400	581	418	567
SC_RS08850	NC_003888.3	1454293	1454712	+	420	75	108	89	49	38	35	80	40	56
SC_RS08855	NC_003888.3	1454780	1457665	-	2886	4011	4553	4134	3028	2317	4497	1342	1235	1220
SC_RS08860	NC_003888.3	1458090	1458473	+	384	54	42	57	8	12	9	68	19	56
SC_RS08865	NC_003888.3	1458383	1459822	-	1440	861	818	1039	184	125	179	373	264	361
SC_RS08870	NC_003888.3	1459887	1460573	-	687	594	617	734	1185	865	903	783	693	653
SC_RS08875	NC_003888.3	1460736	1461209	-	474	657	583	823	1041	708	781	689	594	613
SC_RS08880	NC_003888.3	1461293	1462033	-	741	979	867	1154	429	357	453	270	279	266
SC_RS08885	NC_003888.3	1462078	1462923	-	846	2125	2120	2800	1280	1070	1378	909	803	730
SC_RS08890	NC_003888.3	1463072	1463926	-	855	292	251	342	204	175	180	209	152	197
SC_RS08895	NC_003888.3	1463932	1464264	-	333	117	74	125	65	42	60	68	51	68
SC_RS08900	NC_003888.3	1464261	1465166	-	906	498	497	586	204	215	258	283	179	222
SC_RS08905	NC_003888.3	1465266	1467761	-	2496	1437	1371	1752	2732	2471	2741	3840	3609	3263
SC_RS08910	NC_003888.3	1467874	1468482	-	609	383	338	396	246	223	270	257	154	227
SC_RS08915	NC_003888.3	1468592	1468708	-	117	0	1	0	0	2	0	9	1	16
SC_RS08920	NC_003888.3	1468795	1471916	-	3122	379	234	349	901	1353	1213	922	743	455
SC_RS08925	NC_003888.3	1472195	1473721	-	1527	220	202	233	397	765	788	895	564	512
SC_RS08930	NC_003888.3	1474291	1474740	+	450	798	708	964	703	760	857	422	334	356
SC_RS08935	NC_003888.3	1474827	1476497	+	1671	2478	2492	3086	2031	2041	2243	1102	951	894
SC_RS08940	NC_003888.3	1476570	1477472	-	903	54	43	83	26	16	22	146	53	112
SC_RS08945	NC_003888.3	1477596	1479572	-	1977	165	164	196	139	99	203	343	134	267
SC_RS08950	NC_003888.3	1479786	1482173	+	2388	93	73	120	1347	1110	1226	715	406	516
SC_RS08955	NC_003888.3	1482164	1482700	-	537	93	96	142	179	141	194	133	93	116
SC_RS08960	NC_003888.3	1482748	1483572	-	825	14	8	16	17	16	19	117	17	100
SC_RS08965	NC_003888.3	1483722	1485327	+	1606	61	59	76	2100	1590	1568	1509	1273	1263
SC_RS08970	NC_003888.3	1485684	1486289	-	606	189	152	221	218	151	159	243	169	196
SC_RS08975	NC_003888.3	1486339	1486734	-	396	207	218	240	160	130	183	222	222	188
SC_RS08980	NC_003888.3	1486745	1487179	-	435	293	250	355	243	185	252	228	202	212
SC_RS08985	NC_003888.3	1487176	1490007	-	2832	357	293	350	296	237	373	499	249	402
SC_RS08990	NC_003888.3	1490427	1490969	+	543	857	765	950	1404	1034	1300	1590	1405	1668
SC_RS08995	NC_003888.3	1491016	1494021	-	3006	737	737	923	897	779	915	825	574	810
SC_RS09000	NC_003888.3	1494024	1495871	-	1848	169	148	174	159	186	190	249	97	197
SC_RS09005	NC_003888.3	1495964	1496950	-	987	730	628	837	361	294	311	231	139	180
SC_RS09010	NC_003888.3	1497056	1501717	-	4662	808	755	938	248	249	348	630	247	501
SC_RS09015	NC_003888.3	1501823	1502704	-	882	198	209	279	69	59	64	138	63	90
SC_RS09020	NC_003888.3	1502793	1504319	-	1527	259	258	290	71	68	116	215	95	172
SC_RS09025	NC_003888.3	1504428	1505123	-	696	141	156	175	50	25	42	103	37	84
SC_RS09030	NC_003888.3	1505261	1506583	+	1323	47	47	63	19	3	8	169	43	132
SC_RS09035	NC_003888.3	1506580	1507413	+	834	42	26	39	7	9	6	118	31	80
SC_RS09040	NC_003888.3	1507860	1509278	-	1419	809	776	938	497	420	414	542	374	432
SC_RS09045	NC_003888.3	1509614	1510006	-	393	317	282	356	146	151	131	115	70	99
SC_RS09050	NC_003888.3	1510276	1510470	+	195	3	5	3	8	8	5	30	10	31
SC_RS09055	NC_003888.3	1510524	1512272	+	1749	138	116	162	62	50	42	223	58	202
SC_RS09060	NC_003888.3	1512639	1514141	-	1503	487	428	617	332	329	312	299	119	234
SC_RS09065	NC_003888.3	1514244	1514936	+	693	24	36	48	59	41	32	80	20	80
SC_RS09070	NC_003888.3	1514933	1515700	+	768	138	138	157	1106	730	836	680	598	602
SC_RS09075	NC_003888.3	1515752	1517212	+	1461	188	189	225	283	203	245	269	145	253
SC_RS09080	NC_003888.3	1517384	1517758	+	375	3700	3477	4635	5772	5098	8215	6348	7567	5966
SC_RS09085	NC_003888.3	1517861	1518445	-	585	359	290	379	399	313	374	1484	1433	1417
SC_RS09090	NC_003888.3	1518492	1519400	-	909	1299	1179	1648	894	806	952	698	554	621
SC_RS09095	NC_003888.3	1519926	1521530	-	1605	363	386	474	251	267	375	427	248	332
SC_RS09100	NC_003888.3	1521620	1522060	-	441	139	105	118	46	42	46	124	42	73
SC_RS09105	NC_003888.3	1522328	1522765	+	438	112	81	109	859	733	765	1397	1324	1050
SC_RS09110	NC_003888.3	1522938	1523255	+	318	47	51	59	31	16	28	90	69	81
SC_RS09115	NC_003888.3	1523218	1524393	-	1176	262	244	315	71	64	102	323	233	306
SC_RS09120	NC_003888.3	1524785	1526038	+	1254	22	23	27	11	14	7	144	30	129
SC_RS09125	NC_003888.3	1526117	1526779	-	663	127	137	188	128	115	126	182	122	155
SC_RS09130	NC_003888.3	1526862	1527005	-	144	41	39	50	167	138	188	249	194	218
SC_RS09135	NC_003888.3	1527125	1528516	-	1392	50	52	38	326	284	289	493	366	388
SC_RS09140	NC_003888.3	1528701	1529303	+	603	26	19	26	8	9	13	117	28	102
SC_RS09145	NC_003888.3	1529751	1531607	+	1857	207	184	259	299	222	336	727	470	584
SC_RS09150	NC_003888.3	1531792	1532835	-	1044	230	217	283	145	154	165	276	174	228
SC_RS09155	NC_003888.3	1532832	1534163	-	1332	290	237	316	216	216	258	338	282	330
SC_RS09160	NC_003888.3	1534368	1534838	-	471	161	151	193	58	64	64	105	50	72
SC_RS09165	NC_003888.3	1534876	1535733	-	858	592	533	653	199	199	257	270	145	186
SC_RS09170	NC_003888.3	1535782	1536054	-	273	406	425	567	174	232	282	219	164	152
SC_RS09175	NC_003888.3	1536089	1536574	-	486	110	98	143	116	94	82	234	163	165
SC_RS09180	NC_003888.3	1536596	1537885	-	1290	245	252	285	209	194	224	475	326	345
SC_RS09185	NC_003888.3	1537882	1538526	-	645	143	140	183	133	99	146	242	129	175
SC_RS09190	NC_003888.3	1538523	1539125	-	603	659	579	726	637	611	651	824	684	768
SC_RS09195	NC_003888.3	1539609	1541984	+	2376	22	12	27	19	16	15	316	74	279
SC_RS09200	NC_003888.3	1542226	1542993	+	768	36	17	29	26	23	20	115	45	122
SC_RS09205	NC_003888.3	1543064	1543432	+	369	42	59	43	16	11	22	56	21	39
SC_RS09210	NC_003888.3	1543454	1544653	-	1200	364	364	462	95	73	91	193	85	151
SC_RS09215	NC_003888.3	1544766	1545977	+	1212	708	663	745	47	25	23	160	40	109
SC_RS09220	NC_003888.3	1545937	1546395	-	459	177	149	278	5	16	6	55	16	53
SC_RS09225	NC_003888.3	1546564	1548000	+	1437	443	475	565	148	164	177	293	108	211
SC_RS09230	NC_003888.3	1547982	1549133	-	1152	437	384	510	191	189	176	462	420	433
SC_RS09235	NC_003888.3	1549307	1550002	+	696	41	33	27	41	39	70	94	36	98
SC_RS09240	NC_003888.3	1550134	1551066	+	933	303	324	392	1740	1637	1758	210	135	181
SC_RS09245	NC_003888.3	1551086	1552783	-	1698	737	764	814	269	257	279	230	92	262
SC_RS09250	NC_003888.3	1552848	1553636	-	789	321	326	384	24	30	25	126	31	112
SC_RS09255	NC_003888.3	1553987	1554318	+	332	3	4	6	0	0	1	26	5	39
SC_RS09260	NC_003888.3	1554266	1555507	-	1242	31	26	34	22	15	14	131	51	108
SC_RS09265	NC_003888.3	1555656	1556108	-	453	168	151	163	19	18	22	73	21	48
SC_RS09270	NC_003888.3	1556124	1557614	-	1491	133	142	121	27	15	17	204	66	185
SC_RS09275	NC_003888.3	1557912	1558307	-	396	162	161	186	67	66	83	87	50	85
SC_RS09280	NC_003888.3	1558380	1559822	-	1443	1595	1593	1900	640	490	683	619	499	527
SC_RS09285	NC_003888.3	1559931	1560284	-	354	404	394	514	931	769	859	339	288	248
SC_RS09290	NC_003888.3	1560350	1561393	-	1044	1859	1820	2352	6345	5612	5576	1886	1671	1392
SC_RS09295	NC_003888.3	1561471	1562157	-	687	430	383	534	158	178	226	207	117	176
SC_RS09300	NC_003888.3	1562315	1563520	-	1206	23	14	37	159	126	133	295	184	240
SC_RS09305	NC_003888.3	1563517	1564455	-	939	3	1	5	88	79	97	179	101	166
SC_RS09310	NC_003888.3	1564452	1565927	-	1476	5	10	8	123	105	113	229	122	226
SC_RS09315	NC_003888.3	1565986	1568358	-	2373	16	8	17	166	137	193	441	264	411
SC_RS09320	NC_003888.3	1568408	1570513	-	2106	73	48	74	489	422	454	858	685	795
SC_RS09325	NC_003888.3	1570589	1570885	+	297	22	19	44	215	213	204	432	370	382
SC_RS09330	NC_003888.3	1570995	1571951	+	957	15	10	19	6	7	3	11	15	19
SC_RS09335	NC_003888.3	1571971	1573398	-	1428	946	910	1161	307	259	288	345	236	280
SC_RS09340	NC_003888.3	1573487	1574419	-	933	192	191	259	68	95	96	185	59	146
SC_RS09345	NC_003888.3	1574728	1575279	+	552	44	72	66	226	318	327	392	271	297
SC_RS09350	NC_003888.3	1575452	1577602	-	2151	842	815	1011	256	189	243	444	292	439
SC_RS09355	NC_003888.3	1577727	1578935	-	1209	3318	3318	4308	6870	6763	6969	2492	2529	2018
SC_RS09360	NC_003888.3	1579175	1580377	-	1203	621	622	823	375	327	438	374	299	280
SC_RS09365	NC_003888.3	1580546	1580818	-	273	3996	3751	4983	1573	1621	1813	1643	1446	1200
SC_RS09370	NC_003888.3	1580881	1581474	-	594	1841	1621	2317	1329	1333	1406	1226	1075	1034
SC_RS09375	NC_003888.3	1581512	1581835	-	324	1252	1186	1532	14654	11984	11974	9035	8722	7150
SC_RS09380	NC_003888.3	1582059	1582904	-	846	301	279	342	105	93	128	250	186	196
SC_RS09385	NC_003888.3	1582901	1584007	-	1107	310	310	429	49	56	72	214	105	180
SC_RS09390	NC_003888.3	1584104	1587412	-	3309	3030	2774	3489	465	520	650	1090	755	837
SC_RS09395	NC_003888.3	1587405	1588547	-	1143	906	863	997	123	125	171	309	187	205
SC_RS09400	NC_003888.3	1588544	1589119	-	576	462	477	566	94	72	103	159	88	139
SC_RS09405	NC_003888.3	1589116	1590402	-	1287	854	745	901	53	42	66	320	165	251
SC_RS09410	NC_003888.3	1590407	1591387	-	981	504	511	639	14	24	15	167	51	115
SC_RS09415	NC_003888.3	1591502	1592083	-	582	453	412	503	57	53	58	138	79	132
SC_RS09420	NC_003888.3	1592381	1592884	+	504	3450	3589	4198	1540	1254	1450	1307	1397	1092
SC_RS09425	NC_003888.3	1593088	1593516	-	429	3902	3534	4565	857	846	832	631	595	462
SC_RS09430	NC_003888.3	1593519	1594085	-	567	3355	3139	4290	879	798	1001	702	696	464
SC_RS09435	NC_003888.3	1594150	1595256	-	1107	411	475	608	157	157	176	256	128	197
SC_RS09440	NC_003888.3	1595436	1596323	-	888	199	212	261	109	85	114	246	121	198
SC_RS09445	NC_003888.3	1596490	1597581	-	1092	1024	1079	1311	758	679	748	494	381	380
SC_RS09450	NC_003888.3	1597578	1598093	-	516	739	775	984	520	481	493	275	228	223
SC_RS09455	NC_003888.3	1598090	1599274	-	1185	2721	2663	3697	2029	2047	2167	1077	1118	1053
SC_RS09460	NC_003888.3	1599480	1599845	-	366	87	77	108	122	102	86	88	85	69
SC_RS09465	NC_003888.3	1599894	1600733	-	840	301	278	372	118	93	118	202	171	199
SC_RS09470	NC_003888.3	1600714	1602462	-	1749	1291	1117	1543	389	345	466	606	384	462
SC_RS09475	NC_003888.3	1602591	1603055	-	465	365	365	523	175	114	130	142	87	104
SC_RS09480	NC_003888.3	1603091	1605763	-	2673	3789	3759	4848	2168	2001	2545	1613	1320	1143
SC_RS09485	NC_003888.3	1605763	1606119	-	357	361	343	540	174	149	210	178	149	124
SC_RS09490	NC_003888.3	1606127	1606576	-	450	1859	1831	2574	963	757	819	749	630	564
SC_RS09495	NC_003888.3	1606742	1608931	+	2190	169	176	204	474	442	432	800	577	744
SC_RS09500	NC_003888.3	1608976	1609590	-	615	30883	30499	37302	4443	5023	5425	4719	4565	3339
SC_RS09505	NC_003888.3	1609885	1611240	-	1356	541	502	633	172	166	194	393	216	329
SC_RS09510	NC_003888.3	1611310	1611972	-	663	322	278	388	414	437	403	711	594	562
SC_RS09515	NC_003888.3	1612166	1613428	-	1263	1123	1054	1343	292	270	374	317	228	244
SC_RS09520	NC_003888.3	1613440	1614147	-	708	915	864	1106	250	256	263	298	201	195
SC_RS09525	NC_003888.3	1614331	1615164	+	834	463	453	565	420	423	505	391	244	274
SC_RS09530	NC_003888.3	1615300	1616528	+	1229	2840	2682	3351	2455	2078	2129	1675	1626	1523
SC_RS09535	NC_003888.3	1616607	1619150	-	2544	1202	1105	1493	820	803	1052	973	789	921
SC_RS09540	NC_003888.3	1619334	1619882	-	549	1144	1093	1392	354	328	404	393	379	348
SC_RS09545	NC_003888.3	1619879	1621000	-	1122	2327	2237	2815	787	699	936	960	860	749
SC_RS09550	NC_003888.3	1621004	1622815	-	1812	3787	3935	4650	1174	1185	1500	1523	1234	1072
SC_RS09555	NC_003888.3	1622951	1623460	-	510	1531	1396	1775	516	450	550	670	520	452
SC_RS09560	NC_003888.3	1623636	1624709	-	1074	408	424	533	119	139	174	246	134	212
SC_RS09565	NC_003888.3	1624756	1625361	-	606	243	212	271	69	52	63	93	61	87
SC_RS09570	NC_003888.3	1625358	1625924	-	567	792	726	999	114	116	108	180	109	151
SC_RS09575	NC_003888.3	1626033	1626785	-	753	2166	1996	2655	1626	1646	1550	1658	1581	1322
SC_RS09580	NC_003888.3	1626835	1627443	-	609	937	1011	1124	295	248	215	124	120	127
SC_RS09585	NC_003888.3	1627456	1628367	-	912	2050	2150	2472	798	765	614	320	177	269
SC_RS09590	NC_003888.3	1628479	1629021	-	543	92	88	107	43	37	35	100	45	78
SC_RS09595	NC_003888.3	1629081	1630244	-	1164	276	259	324	126	107	169	265	147	202
SC_RS09600	NC_003888.3	1630241	1631176	-	936	220	220	283	150	122	146	157	77	137
SC_RS09605	NC_003888.3	1631173	1631898	-	726	293	241	323	163	185	213	206	120	165
SC_RS09610	NC_003888.3	1632106	1634304	+	2199	27	29	25	59	40	39	429	269	414
SC_RS09615	NC_003888.3	1634572	1636227	+	1656	1084	986	1259	2909	2402	2922	3256	3199	2904
SC_RS09620	NC_003888.3	1636316	1636876	-	561	507	418	606	343	314	381	312	285	279
SC_RS09625	NC_003888.3	1636966	1638942	-	1977	3575	3310	4468	1150	1036	1285	1269	875	888
SC_RS09630	NC_003888.3	1639131	1640408	-	1278	67	86	79	71	59	76	619	491	638
SC_RS09635	NC_003888.3	1640405	1640971	-	567	20	9	16	55	29	43	435	467	368
SC_RS09640	NC_003888.3	1641143	1641868	+	726	51	48	70	159	106	105	1022	911	828
SC_RS09645	NC_003888.3	1641946	1642017	-	72	0	1	0	0	0	1	6	4	4
SC_RS09650	NC_003888.3	1642057	1642515	-	459	10	15	16	48	43	36	101	75	94
SC_RS09655	NC_003888.3	1642555	1645253	-	2699	13	18	25	15	10	10	334	73	313
SC_RS09660	NC_003888.3	1645388	1645986	-	599	4	7	12	5	8	9	58	11	42
SC_RS09665	NC_003888.3	1645999	1646910	-	912	9	3	7	7	8	10	109	30	73
SC_RS09670	NC_003888.3	1646907	1647905	-	999	5	3	0	6	4	10	109	21	83
SC_RS09675	NC_003888.3	1647905	1649206	-	1302	5	7	7	10	9	4	190	35	118
SC_RS09680	NC_003888.3	1649562	1649633	-	72	15	21	22	15	15	18	19	8	11
SC_RS09685	NC_003888.3	1649733	1650185	-	453	1068	989	1354	720	599	554	915	725	737
SC_RS09690	NC_003888.3	1650377	1650790	+	414	36	44	51	108	71	96	478	467	389
SC_RS09695	NC_003888.3	1651070	1651630	+	561	110	96	106	120	113	125	202	103	168
SC_RS09700	NC_003888.3	1651717	1651896	-	180	35	22	41	136	108	101	116	85	81
SC_RS09705	NC_003888.3	1652074	1652535	-	462	262	272	308	557	350	384	1152	1077	1106
SC_RS09710	NC_003888.3	1652727	1653251	+	525	515	513	638	232	222	255	273	222	229
SC_RS09715	NC_003888.3	1653340	1654164	-	825	444	427	614	200	206	197	205	181	180
SC_RS09720	NC_003888.3	1654295	1655116	-	822	675	671	900	589	485	586	525	376	417
SC_RS09725	NC_003888.3	1655113	1656174	-	1062	244	210	306	91	62	100	199	125	196
SC_RS09730	NC_003888.3	1656352	1656424	+	73	0	0	0	2	5	0	18	4	17
SC_RS09735	NC_003888.3	1656463	1656536	+	74	71	49	64	14	13	16	4	6	6
SC_RS09740	NC_003888.3	1656538	1656609	+	72	23	20	25	8	12	13	8	1	5
SC_RS09745	NC_003888.3	1656646	1656717	+	72	5	3	10	2	1	1	10	1	9
SC_RS09750	NC_003888.3	1656743	1656814	+	72	0	0	0	0	0	0	3	1	2
SC_RS09755	NC_003888.3	1656870	1657157	-	288	375	326	432	717	677	759	1051	1096	910
SC_RS09760	NC_003888.3	1657259	1658197	-	939	41	31	40	29	36	42	150	78	156
SC_RS09765	NC_003888.3	1658389	1658571	-	183	197	169	313	465	398	522	4448	4506	5148
SC_RS09770	NC_003888.3	1659174	1660625	+	1452	3375	3097	4294	1167	1008	1101	1455	1155	1295
SC_RS09775	NC_003888.3	1660653	1661471	-	819	264	264	370	123	96	104	146	87	112
SC_RS09780	NC_003888.3	1661473	1662705	-	1233	659	557	728	276	256	291	315	152	218
SC_RS09785	NC_003888.3	1662892	1666530	-	3639	4439	4124	5221	2596	2332	2833	2095	1695	1789
SC_RS09790	NC_003888.3	1666903	1668129	-	1227	142	115	169	39	47	66	184	54	139
SC_RS09795	NC_003888.3	1668247	1668885	-	639	212	191	273	91	118	113	141	87	118
SC_RS09800	NC_003888.3	1669056	1669883	-	828	1969	1777	2496	421	417	544	204	86	147
SC_RS09805	NC_003888.3	1669950	1670687	-	738	257	241	405	65	55	95	117	36	83
SC_RS09810	NC_003888.3	1670684	1671739	-	1056	346	322	475	57	76	98	172	43	135
SC_RS09815	NC_003888.3	1672166	1672816	-	651	286	265	358	69	65	72	158	64	108
SC_RS09820	NC_003888.3	1672877	1673236	+	360	268	260	358	109	112	127	143	103	85
SC_RS09825	NC_003888.3	1673238	1673654	+	417	348	353	504	171	129	141	172	122	123
SC_RS09830	NC_003888.3	1673718	1674215	-	498	182	135	189	368	342	349	345	316	355
SC_RS09835	NC_003888.3	1674273	1674773	-	501	15	12	15	167	135	111	67	21	51
SC_RS09840	NC_003888.3	1674848	1676026	-	1179	30	19	37	8510	6597	6678	1257	837	749
SC_RS09845	NC_003888.3	1676402	1677073	+	672	421	435	514	199	163	193	172	136	139
SC_RS09850	NC_003888.3	1677149	1678681	-	1533	685	671	919	80	68	86	242	133	266
SC_RS09855	NC_003888.3	1678678	1679229	-	552	903	879	1135	100	151	157	292	275	338
SC_RS09860	NC_003888.3	1679335	1680306	-	972	111	113	111	169	180	198	241	131	189
SC_RS09865	NC_003888.3	1680432	1681859	-	1428	136	74	279	184	213	157	467	251	293
SC_RS09870	NC_003888.3	1681979	1682566	+	588	102	97	98	493	532	643	511	469	362
SC_RS09875	NC_003888.3	1682570	1683286	+	717	60	76	81	172	155	160	264	194	199
SC_RS09880	NC_003888.3	1683374	1684756	+	1383	17	20	33	29	29	19	236	170	234
SC_RS09885	NC_003888.3	1684784	1685587	+	804	15	8	12	25	15	23	133	126	143
SC_RS09890	NC_003888.3	1685643	1686383	+	741	14	4	18	11	4	9	124	37	93
SC_RS09895	NC_003888.3	1686616	1687155	-	540	175	141	208	106	94	68	334	180	242
SC_RS09900	NC_003888.3	1687163	1688371	-	1209	199	151	278	158	143	91	636	490	450
SC_RS09905	NC_003888.3	1688368	1689288	-	921	99	50	141	53	56	45	321	151	194
SC_RS09910	NC_003888.3	1689285	1690436	-	1152	109	70	190	73	78	66	359	144	203
SC_RS09915	NC_003888.3	1690433	1691461	-	1029	89	78	195	52	35	28	233	88	161
SC_RS09920	NC_003888.3	1691594	1692058	+	465	70	60	81	35	23	27	85	33	68
SC_RS09925	NC_003888.3	1692048	1692572	-	525	91	90	142	82	65	87	58	41	68
SC_RS09930	NC_003888.3	1692635	1695109	-	2475	8	14	23	16	16	25	307	71	248
SC_RS09935	NC_003888.3	1695252	1695704	+	453	78	69	89	52	44	54	79	62	70
SC_RS09940	NC_003888.3	1695667	1696287	-	621	33	32	34	15	12	17	71	31	63
SC_RS09945	NC_003888.3	1696361	1696801	-	441	35	25	41	29	28	28	79	36	58
SC_RS09950	NC_003888.3	1696856	1698334	-	1479	37	38	39	32	21	29	151	40	127
SC_RS09955	NC_003888.3	1698333	1699295	+	963	112	117	128	34	37	33	123	33	87
SC_RS09960	NC_003888.3	1699336	1699530	+	195	19	16	27	55	46	41	84	91	98
SC_RS09965	NC_003888.3	1699562	1700806	-	1245	25	34	27	171	179	167	270	112	212
SC_RS09970	NC_003888.3	1700944	1701855	+	912	881	820	1183	633	595	612	355	215	241
SC_RS09975	NC_003888.3	1701846	1702388	-	543	261	255	346	91	92	70	85	41	73
SC_RS09980	NC_003888.3	1702516	1703856	-	1341	123	143	173	42	36	31	252	112	237
SC_RS09985	NC_003888.3	1704284	1706806	-	2523	4992	4793	5943	3931	3854	4268	2864	2612	2302
SC_RS09990	NC_003888.3	1706806	1707927	-	1122	3092	3089	3796	2010	2000	2265	1516	1278	1050
SC_RS09995	NC_003888.3	1708109	1709248	-	1140	416	371	459	232	186	212	368	200	273
SC_RS10000	NC_003888.3	1709299	1710147	-	849	854	767	1027	94	58	99	230	135	171
SC_RS10005	NC_003888.3	1710331	1710714	-	384	7694	7519	9639	1332	1479	1758	1669	1790	1224
SC_RS10010	NC_003888.3	1710812	1711006	-	195	3150	3078	4080	569	576	706	680	769	584
SC_RS10015	NC_003888.3	1711121	1711774	-	654	30622	28690	36799	5841	5865	6498	7603	7816	6182
SC_RS10020	NC_003888.3	1712158	1712523	+	366	330	308	431	169	158	172	183	134	175
SC_RS10025	NC_003888.3	1712548	1713279	-	732	419	369	504	194	189	243	208	146	172
SC_RS10030	NC_003888.3	1713855	1715099	+	1245	0	0	1	0	0	1	7	2	3
SC_RS10035	NC_003888.3	1715151	1715678	-	528	1	2	1	1	2	2	9	11	16
SC_RS10040	NC_003888.3	1715926	1716894	+	969	33	15	26	18	18	12	105	29	91
SC_RS10045	NC_003888.3	1716909	1718090	-	1182	214	194	239	98	83	134	218	120	205
SC_RS10050	NC_003888.3	1718087	1719469	-	1383	289	299	388	153	115	196	269	136	237
SC_RS10055	NC_003888.3	1720261	1721469	+	1209	190	151	239	166	154	150	352	240	301
SC_RS10060	NC_003888.3	1721502	1722461	-	960	164	143	138	176	179	180	282	185	251
SC_RS10065	NC_003888.3	1722499	1723281	-	783	13	20	13	35	29	29	125	48	119
SC_RS10070	NC_003888.3	1723278	1724717	-	1440	14	16	19	20	24	26	204	58	170
SC_RS10075	NC_003888.3	1724726	1726084	-	1359	20	11	16	33	28	27	217	75	192
SC_RS10080	NC_003888.3	1726192	1726902	+	711	69	56	68	37	34	32	131	52	104
SC_RS10085	NC_003888.3	1726978	1727706	+	729	135	134	183	68	30	31	151	71	130
SC_RS10090	NC_003888.3	1728427	1729404	-	978	563	543	725	84	101	102	240	129	206
SC_RS10095	NC_003888.3	1729475	1730659	+	1185	28	41	34	21	22	29	155	51	130
SC_RS10100	NC_003888.3	1730586	1731305	-	720	75	58	97	81	74	119	226	125	168
SC_RS10105	NC_003888.3	1731316	1731885	-	570	155	137	176	227	166	237	422	324	391
SC_RS10110	NC_003888.3	1732259	1734874	-	2616	3689	3623	4393	97	63	113	325	98	295
SC_RS10115	NC_003888.3	1734867	1735961	-	1095	2372	2324	3067	64	61	68	162	51	113
SC_RS10120	NC_003888.3	1736156	1737061	+	906	204	195	284	259	200	230	291	176	199
SC_RS10125	NC_003888.3	1737167	1738009	+	843	987	803	1175	9239	8924	8619	7651	6885	5904
SC_RS10130	NC_003888.3	1738408	1738989	-	582	152	167	232	600	565	537	397	371	390
SC_RS10135	NC_003888.3	1739097	1740071	+	975	82	71	123	3291	3188	3159	1230	1205	1149
SC_RS10140	NC_003888.3	1740065	1741561	-	1497	39	47	47	15346	14770	16739	5481	5022	4274
SC_RS10145	NC_003888.3	1741637	1742257	-	621	2	10	4	3596	3293	3537	1708	1406	1378
SC_RS10150	NC_003888.3	1742238	1742654	-	417	2	4	3	2453	2300	2722	1046	982	825
SC_RS10155	NC_003888.3	1742651	1743028	-	378	5	4	1	2914	2405	2615	1351	1130	996
SC_RS10160	NC_003888.3	1743055	1744680	-	1626	11	11	6	11196	10540	11638	3829	3188	3061
SC_RS10165	NC_003888.3	1745083	1747935	-	2853	2505	2392	2981	3265	3011	3743	2511	2254	2169
SC_RS10170	NC_003888.3	1748003	1748953	-	951	984	1040	1352	2215	2002	2052	1017	830	705
SC_RS10175	NC_003888.3	1749001	1749288	-	288	1325	1200	1584	3161	2862	3170	1820	1811	1577
SC_RS10180	NC_003888.3	1749565	1749759	-	195	108	104	119	74	83	77	79	48	64
SC_RS10185	NC_003888.3	1749770	1750081	-	312	99	81	126	167	104	118	115	69	81
SC_RS10190	NC_003888.3	1750078	1751160	-	1083	616	552	750	1082	766	889	749	639	616
SC_RS10195	NC_003888.3	1751179	1752132	-	954	607	598	810	835	788	765	606	468	510
SC_RS10200	NC_003888.3	1752270	1752641	-	372	3505	3548	4644	2490	2179	2695	1280	1228	1032
SC_RS10205	NC_003888.3	1752701	1753708	-	1008	358	299	439	424	373	440	347	227	248
SC_RS10210	NC_003888.3	1753890	1755251	-	1362	925	931	1071	9047	7992	8994	10385	10507	10049
SC_RS10215	NC_003888.3	1755261	1756520	-	1260	188	163	230	82	69	76	293	256	285
SC_RS10220	NC_003888.3	1756624	1757634	+	1011	173	178	213	268	250	274	276	157	244
SC_RS10225	NC_003888.3	1757649	1758413	-	765	1046	1038	1328	6684	5509	6162	4460	4438	4279
SC_RS10230	NC_003888.3	1758475	1759320	-	846	1109	1041	1253	5364	4405	5520	3828	3681	3282
SC_RS10235	NC_003888.3	1759272	1759865	-	594	497	511	615	4075	3528	3701	3107	2898	2801
SC_RS10240	NC_003888.3	1759899	1760117	-	219	416	387	617	3899	2859	2991	3502	3450	3411
SC_RS10245	NC_003888.3	1760296	1761807	-	1512	407	362	456	3802	3376	4245	3418	3024	3002
SC_RS10250	NC_003888.3	1762040	1763806	-	1767	1369	1338	1801	18469	16177	20067	11804	11937	9682
SC_RS10255	NC_003888.3	1764052	1764357	+	306	587	559	689	427	264	360	297	291	286
SC_RS10260	NC_003888.3	1764432	1765022	-	591	197	167	264	73	64	61	101	76	112
SC_RS10265	NC_003888.3	1765257	1766159	-	903	2175	2069	2571	579	577	829	649	592	566
SC_RS10270	NC_003888.3	1766287	1767969	-	1683	721	818	985	400	316	490	562	369	497
SC_RS10275	NC_003888.3	1768141	1769139	+	999	1322	1136	1627	333	285	299	387	283	301
SC_RS10280	NC_003888.3	1769156	1769827	+	672	892	875	1222	732	666	779	560	491	417
SC_RS10285	NC_003888.3	1769946	1771550	-	1605	3514	3269	4244	811	702	936	501	314	352
SC_RS10290	NC_003888.3	1771994	1772695	-	702	247	272	329	92	106	134	256	164	223
SC_RS10295	NC_003888.3	1772821	1776333	-	3513	497	566	697	4071	4008	5069	1397	1175	1175
SC_RS10300	NC_003888.3	1776737	1777501	+	765	208	164	245	190	184	200	231	192	208
SC_RS10305	NC_003888.3	1777840	1778634	+	795	365	324	536	235	204	203	515	433	344
SC_RS10310	NC_003888.3	1778726	1780264	+	1539	591	563	819	336	318	285	486	379	462
SC_RS10315	NC_003888.3	1780273	1781889	+	1617	1026	989	1335	352	346	304	376	308	345
SC_RS10320	NC_003888.3	1782041	1783042	+	1002	1111	1089	1499	1000	844	842	847	781	828
SC_RS10325	NC_003888.3	1783107	1784336	-	1230	1080	1065	1328	2317	2396	2927	424	280	367
SC_RS10330	NC_003888.3	1784440	1785270	-	831	265	248	289	280	269	315	219	154	174
SC_RS10335	NC_003888.3	1785234	1785824	-	591	494	428	571	469	435	516	287	209	203
SC_RS10340	NC_003888.3	1785910	1786596	-	687	124	88	148	333	282	338	255	131	182
SC_RS10345	NC_003888.3	1786658	1787653	+	996	106	100	122	65	70	81	160	76	156
SC_RS10350	NC_003888.3	1787668	1788456	-	789	35	39	36	25	28	25	129	34	87
SC_RS10355	NC_003888.3	1788693	1789748	-	1056	501	438	612	135	123	169	326	205	244
SC_RS10360	NC_003888.3	1789862	1790848	+	987	54	57	70	166	124	140	239	112	148
SC_RS10365	NC_003888.3	1790845	1793163	+	2319	1613	1413	1865	752	586	672	733	607	618
SC_RS10370	NC_003888.3	1793226	1794029	-	804	298	272	375	739	716	722	533	392	393
SC_RS10375	NC_003888.3	1794077	1794265	+	189	79	88	101	232	165	159	400	284	297
SC_RS10380	NC_003888.3	1794330	1795109	-	780	148	128	195	1860	1961	1549	1695	1413	1277
SC_RS10385	NC_003888.3	1795289	1795522	-	234	88	89	96	4739	5110	3658	6142	6773	4811
SC_RS10390	NC_003888.3	1795655	1796992	-	1338	649	618	769	1429	1282	1434	788	636	647
SC_RS10395	NC_003888.3	1797166	1797253	+	88	4	7	9	5	1	10	29	9	17
SC_RS10400	NC_003888.3	1797321	1797695	+	375	84	83	99	28	37	50	71	29	83
SC_RS10405	NC_003888.3	1797723	1798424	-	702	199	164	218	128	98	146	184	104	148
SC_RS10410	NC_003888.3	1798561	1799088	+	528	391	413	490	119	76	97	132	113	123
SC_RS10415	NC_003888.3	1799183	1800580	+	1398	191	173	198	47	50	50	200	71	164
SC_RS10420	NC_003888.3	1800620	1801381	+	762	125	82	109	55	27	35	116	56	91
SC_RS10425	NC_003888.3	1801378	1802454	+	1077	80	78	90	36	29	28	120	43	98
SC_RS10430	NC_003888.3	1802529	1804067	-	1539	13	19	17	119	109	126	203	73	157
SC_RS10435	NC_003888.3	1804126	1805076	-	951	13	12	7	28	32	33	148	49	108
SC_RS10440	NC_003888.3	1805384	1806277	+	894	8	8	17	83	76	95	168	103	179
SC_RS10445	NC_003888.3	1806309	1806842	+	534	15	9	13	13	5	15	93	25	64
SC_RS10450	NC_003888.3	1807505	1807897	+	393	31	27	30	19	16	13	70	17	34
SC_RS10455	NC_003888.3	1807900	1808241	+	342	4	6	7	8	4	6	26	12	35
SC_RS10460	NC_003888.3	1808375	1809400	+	1026	26	21	12	16	14	28	153	42	130
SC_RS10465	NC_003888.3	1809406	1810620	+	1215	93	68	88	53	52	57	191	55	137
SC_RS10470	NC_003888.3	1810631	1811224	-	594	184	162	216	125	106	142	130	76	106
SC_RS10475	NC_003888.3	1811383	1812153	-	771	7	7	15	7	11	10	107	41	87
SC_RS10480	NC_003888.3	1812337	1813599	+	1263	32	21	28	59	55	58	157	63	144
SC_RS10485	NC_003888.3	1813616	1816423	-	2808	56	40	73	52	61	64	429	169	409
SC_RS10490	NC_003888.3	1816646	1817248	+	603	192	185	230	232	225	255	500	438	555
SC_RS10495	NC_003888.3	1817346	1818083	+	738	256	227	316	276	186	263	374	300	323
SC_RS10500	NC_003888.3	1818351	1818878	-	528	129	113	151	174	148	171	151	95	114
SC_RS10505	NC_003888.3	1819009	1819470	+	462	207	211	273	60	64	48	132	93	107
SC_RS10510	NC_003888.3	1819461	1820108	-	648	883	817	1014	491	339	295	713	704	658
SC_RS10515	NC_003888.3	1820169	1820483	-	315	201	188	240	266	168	127	427	479	389
SC_RS10520	NC_003888.3	1820559	1821710	-	1152	34	37	48	20	18	21	130	37	111
SC_RS10525	NC_003888.3	1821800	1822441	+	642	24	27	23	16	21	21	102	31	72
SC_RS10530	NC_003888.3	1822505	1823218	+	714	47	39	49	48	48	52	94	38	88
SC_RS10535	NC_003888.3	1823292	1824266	+	975	87	75	96	108	86	85	176	87	146
SC_RS10540	NC_003888.3	1824517	1825614	-	1098	54	61	57	117	143	103	192	57	172
SC_RS10545	NC_003888.3	1825638	1827026	-	1389	44	63	71	174	180	155	200	92	193
SC_RS10550	NC_003888.3	1827151	1828488	-	1338	11	7	8	16	15	18	185	40	147
SC_RS10555	NC_003888.3	1828712	1828912	-	201	29	30	32	36	38	29	47	30	53
SC_RS10560	NC_003888.3	1828915	1830306	-	1392	160	177	185	32	45	43	202	71	180
SC_RS10565	NC_003888.3	1830346	1831797	-	1452	187	185	200	5	13	7	170	39	130
SC_RS10570	NC_003888.3	1831921	1834164	-	2244	22	27	39	26	7	25	266	65	213
SC_RS10575	NC_003888.3	1834289	1834906	-	618	35	29	56	22	19	23	94	40	91
SC_RS10580	NC_003888.3	1835004	1835573	-	570	507	404	548	277	258	318	516	429	464
SC_RS10585	NC_003888.3	1835784	1837109	+	1326	146	150	158	117	117	86	378	205	317
SC_RS10590	NC_003888.3	1837136	1837885	+	750	44	42	57	22	41	29	139	45	111
SC_RS10595	NC_003888.3	1837908	1839068	+	1161	139	134	162	151	101	138	288	160	207
SC_RS10600	NC_003888.3	1839094	1839798	-	705	70	65	91	70	75	79	138	79	131
SC_RS10605	NC_003888.3	1839862	1840860	+	999	84	70	88	57	35	31	129	47	101
SC_RS10610	NC_003888.3	1840857	1841672	+	816	228	184	255	98	64	85	168	107	165
SC_RS10615	NC_003888.3	1841897	1842166	-	270	3187	3019	4088	3859	3191	2793	3966	3410	3384
SC_RS10620	NC_003888.3	1842282	1843034	-	753	12	8	9	10	13	11	109	31	93
SC_RS10625	NC_003888.3	1843031	1843573	-	543	0	3	2	4	3	1	79	25	61
SC_RS10630	NC_003888.3	1843788	1845440	+	1653	48	51	83	257	219	257	589	463	529
SC_RS10635	NC_003888.3	1845443	1846249	-	807	3	9	7	101	93	95	213	120	187
SC_RS10640	NC_003888.3	1846435	1847529	+	1095	104	90	100	239	186	208	286	194	240
SC_RS10645	NC_003888.3	1847564	1848331	+	768	97	84	117	75	66	67	138	68	146
SC_RS10650	NC_003888.3	1848412	1848777	-	366	26	30	42	33	29	38	44	21	62
SC_RS10655	NC_003888.3	1848849	1849775	+	927	87	99	109	40	36	36	129	56	125
SC_RS10660	NC_003888.3	1849756	1850256	+	501	211	163	254	89	80	68	134	78	119
SC_RS10665	NC_003888.3	1850270	1850887	-	618	373	368	552	165	144	144	247	175	236
SC_RS10670	NC_003888.3	1851039	1851173	+	135	50	41	49	183	187	208	128	147	141
SC_RS10675	NC_003888.3	1851199	1851669	-	471	59	47	68	136	121	115	198	140	161
SC_RS10680	NC_003888.3	1851848	1852918	+	1071	45	30	41	14	17	8	131	32	109
SC_RS10685	NC_003888.3	1853026	1853898	-	873	5	6	7	5	2	3	105	26	93
SC_RS10690	NC_003888.3	1854078	1854524	-	447	18	29	23	11	3	13	50	13	56
SC_RS10695	NC_003888.3	1854635	1855009	+	375	30	23	42	35	35	49	81	34	68
SC_RS10700	NC_003888.3	1855022	1855990	-	969	34	54	75	62	38	66	138	72	113
SC_RS10705	NC_003888.3	1855987	1859544	-	3558	160	167	215	121	113	147	506	203	443
SC_RS10710	NC_003888.3	1859718	1860782	+	1065	3	4	3	3	6	2	107	33	105
SC_RS10715	NC_003888.3	1860897	1861979	-	1083	6	3	1	8	6	1	141	25	109
SC_RS10720	NC_003888.3	1862249	1863169	+	921	40	43	70	34	24	30	145	41	130
SC_RS10725	NC_003888.3	1863166	1863885	+	720	40	36	53	27	26	17	109	54	98
SC_RS10730	NC_003888.3	1863882	1865048	+	1167	37	31	52	41	39	39	157	61	138
SC_RS10735	NC_003888.3	1865045	1865710	+	666	18	12	18	25	24	20	79	37	86
SC_RS10740	NC_003888.3	1865777	1866679	-	903	24	21	33	70	78	49	205	125	192
SC_RS10745	NC_003888.3	1866887	1867738	-	852	544	473	635	297	274	305	399	292	337
SC_RS10750	NC_003888.3	1867793	1868989	-	1197	456	388	578	167	128	131	342	245	302
SC_RS10755	NC_003888.3	1869279	1869719	+	441	768	723	967	495	400	409	995	1261	1104
SC_RS10760	NC_003888.3	1869768	1870961	-	1194	175	192	211	160	184	140	246	111	207
SC_RS10765	NC_003888.3	1871317	1872921	-	1605	509	460	671	112	88	98	350	131	272
SC_RS10770	NC_003888.3	1873183	1874373	+	1191	424	426	557	245	208	256	230	121	164
SC_RS10775	NC_003888.3	1874625	1875647	+	1023	1128	998	1245	2613	2241	2387	1589	1565	1249
SC_RS10780	NC_003888.3	1875760	1875975	-	216	131	126	163	144	127	171	233	160	194
SC_RS10785	NC_003888.3	1876319	1877167	-	849	1116	1020	1273	415	314	242	477	374	393
SC_RS10790	NC_003888.3	1877577	1878374	+	798	69	62	85	284	342	402	355	282	305
SC_RS10795	NC_003888.3	1878448	1878741	+	294	31	30	60	90	89	97	69	61	59
SC_RS10800	NC_003888.3	1878820	1880298	-	1479	1846	1808	2409	673	628	844	600	409	456
SC_RS10805	NC_003888.3	1880373	1881035	-	663	533	502	702	196	189	211	149	90	118
SC_RS10810	NC_003888.3	1881032	1881727	-	696	591	514	738	136	153	207	165	101	128
SC_RS10815	NC_003888.3	1882015	1883100	-	1086	200	199	192	128	128	120	206	108	199
SC_RS10820	NC_003888.3	1883097	1883459	-	363	76	73	104	50	57	79	84	30	55
SC_RS10825	NC_003888.3	1883621	1884016	+	396	9	7	8	6	2	4	37	14	28
SC_RS10830	NC_003888.3	1884039	1884800	+	762	82	73	88	29	24	38	111	42	88
SC_RS10835	NC_003888.3	1884726	1885478	-	753	144	152	205	74	60	58	268	197	212
SC_RS10840	NC_003888.3	1885483	1886502	-	1020	164	195	230	78	63	80	553	476	462
SC_RS10845	NC_003888.3	1886499	1887218	-	720	372	371	474	143	82	75	572	423	475
SC_RS10850	NC_003888.3	1887312	1888427	-	1116	2246	2061	2647	612	579	672	650	509	605
SC_RS10855	NC_003888.3	1888427	1889098	-	672	284	299	375	85	94	127	127	90	125
SC_RS10860	NC_003888.3	1889095	1890402	-	1308	664	648	786	124	110	161	234	124	215
SC_RS10865	NC_003888.3	1890421	1890990	-	570	1491	1361	1807	1126	903	971	663	688	649
SC_RS10870	NC_003888.3	1890975	1892105	-	1131	4028	3687	4864	3069	2760	3038	2195	2185	1960
SC_RS10875	NC_003888.3	1892493	1893617	-	1125	297	260	246	98	122	138	390	329	401
SC_RS10880	NC_003888.3	1893751	1895778	-	2028	253	234	284	265	214	269	339	171	293
SC_RS10885	NC_003888.3	1895948	1896583	-	636	573	560	752	753	680	668	370	308	317
SC_RS10890	NC_003888.3	1896671	1898320	-	1650	2514	2532	3423	540	564	720	508	291	385
SC_RS10895	NC_003888.3	1898906	1900708	+	1803	493	411	685	472	365	405	541	294	418
SC_RS10900	NC_003888.3	1901295	1902941	+	1647	184	147	198	101	73	119	254	107	205
SC_RS10905	NC_003888.3	1902964	1904112	-	1149	224	174	240	170	134	201	240	124	206
SC_RS10910	NC_003888.3	1904440	1906182	-	1743	1443	1248	1787	1442	1245	1285	866	667	701
SC_RS10915	NC_003888.3	1906323	1907228	-	906	403	316	452	421	330	359	342	287	319
SC_RS10920	NC_003888.3	1907225	1908040	-	816	210	187	246	141	141	153	170	102	150
SC_RS10925	NC_003888.3	1908048	1908395	-	348	118	94	163	111	109	106	119	76	134
SC_RS10930	NC_003888.3	1908438	1908785	+	348	124	89	154	228	193	183	185	149	185
SC_RS10935	NC_003888.3	1908769	1909674	-	906	304	218	433	1147	984	1045	803	731	619
SC_RS10940	NC_003888.3	1909671	1910744	-	1074	292	227	426	992	664	814	690	541	552
SC_RS10945	NC_003888.3	1910795	1911841	-	1047	603	492	748	1388	1209	1335	853	642	672
SC_RS10950	NC_003888.3	1911986	1913017	-	1032	542	539	691	599	451	425	404	318	346
SC_RS10955	NC_003888.3	1913090	1914382	+	1293	245	209	304	50	48	68	204	72	180
SC_RS10960	NC_003888.3	1914468	1915205	-	738	762	827	985	137	126	122	202	175	200
SC_RS10965	NC_003888.3	1915097	1915954	-	858	1687	1585	2122	290	248	271	390	294	364
SC_RS10970	NC_003888.3	1916452	1916568	-	117	0	1	0	0	1	2	27	8	23
SC_RS10975	NC_003888.3	1916673	1919795	-	3123	215	131	227	486	869	733	415	377	222
SC_RS10980	NC_003888.3	1920074	1921600	-	1527	296	261	297	313	630	608	401	226	222
SC_RS10985	NC_003888.3	1922128	1922769	-	642	145	122	176	74	46	65	97	45	90
SC_RS10990	NC_003888.3	1922916	1923698	+	783	1664	1540	2127	1084	893	835	1216	1108	931
SC_RS10995	NC_003888.3	1923750	1924289	+	540	1042	902	1237	1857	1689	1572	912	842	705
SC_RS11000	NC_003888.3	1924446	1924952	+	507	149	122	172	1174	1043	1072	999	750	720
SC_RS11005	NC_003888.3	1925094	1926053	-	960	1010	993	1253	3627	2704	3752	1644	1385	1284
SC_RS11010	NC_003888.3	1926231	1926662	-	432	583	550	717	1051	781	707	1449	1226	1338
SC_RS11015	NC_003888.3	1926984	1927514	-	531	869	854	1099	602	563	742	365	273	245
SC_RS11020	NC_003888.3	1927668	1928447	+	780	56	56	72	58	60	87	114	35	120
SC_RS11025	NC_003888.3	1928593	1928841	-	249	81	75	109	17916	16857	18715	8308	9915	7698
SC_RS11030	NC_003888.3	1929011	1929652	-	642	75	70	69	57	58	53	495	392	402
SC_RS11035	NC_003888.3	1929645	1930823	-	1179	105	102	137	72	61	80	562	467	476
SC_RS11040	NC_003888.3	1931041	1931736	+	696	5	2	5	9	3	6	533	513	450
SC_RS11045	NC_003888.3	1931736	1932812	+	1077	9	5	4	3	3	9	484	409	414
SC_RS11050	NC_003888.3	1933166	1933900	+	735	20	18	18	14	9	3	121	46	111
SC_RS11055	NC_003888.3	1934027	1936645	-	2619	3721	3475	4588	1536	1392	1389	1520	1144	1101
SC_RS11060	NC_003888.3	1936886	1938898	+	2013	68	68	100	109	98	88	665	383	534
SC_RS11065	NC_003888.3	1939010	1940242	+	1233	929	828	1194	797	760	838	551	478	479
SC_RS11070	NC_003888.3	1940314	1940832	-	519	352	374	513	799	826	928	612	595	504
SC_RS11075	NC_003888.3	1940925	1941131	-	207	83	97	148	80	43	72	152	155	147
SC_RS11080	NC_003888.3	1941315	1941431	-	117	56	50	57	17	11	17	34	12	20
SC_RS11085	NC_003888.3	1941516	1942781	-	1266	898	906	1199	139	126	195	204	105	184
SC_RS11090	NC_003888.3	1942957	1943649	+	693	492	475	634	76	76	81	132	68	112
SC_RS11095	NC_003888.3	1943738	1944505	-	768	2261	2438	2606	478	484	440	586	569	487
SC_RS11100	NC_003888.3	1944511	1945215	-	705	3237	3067	3685	640	562	561	759	748	614
SC_RS11105	NC_003888.3	1945493	1947016	+	1524	233	235	264	289	240	249	319	148	223
SC_RS11110	NC_003888.3	1947013	1948407	+	1395	173	197	238	235	222	249	264	181	244
SC_RS11115	NC_003888.3	1948453	1949721	+	1269	1335	1235	1664	1055	969	926	872	860	757
SC_RS11120	NC_003888.3	1949812	1950093	-	282	74	51	80	25	28	31	64	33	48
SC_RS11125	NC_003888.3	1950356	1950754	+	399	162	197	213	141	109	126	185	134	186
SC_RS11130	NC_003888.3	1950978	1951208	+	231	152	178	222	110	97	116	123	109	95
SC_RS11135	NC_003888.3	1951220	1952209	-	990	1306	1361	1752	949	685	987	896	806	799
SC_RS11140	NC_003888.3	1952378	1954012	-	1635	45	45	52	145	118	132	236	130	227
SC_RS11145	NC_003888.3	1954009	1954383	-	375	4	4	13	17	21	20	92	43	79
SC_RS11150	NC_003888.3	1954737	1956275	+	1539	379	342	429	2363	1825	2358	815	690	639
SC_RS11155	NC_003888.3	1956366	1956929	+	564	49	35	53	60	44	43	91	33	68
SC_RS11160	NC_003888.3	1956980	1957987	+	1008	156	120	177	107	92	74	164	58	103
SC_RS11165	NC_003888.3	1958139	1959125	+	987	552	488	652	159	155	166	213	142	160
SC_RS11170	NC_003888.3	1959189	1959422	+	234	32	31	31	20	11	5	29	11	26
SC_RS11175	NC_003888.3	1959567	1960358	+	792	758	756	1006	439	401	560	478	459	467
SC_RS11180	NC_003888.3	1960424	1962211	+	1788	156	143	181	38	40	55	264	118	204
SC_RS11185	NC_003888.3	1962217	1962972	+	756	684	683	826	446	390	367	271	181	221
SC_RS11190	NC_003888.3	1963007	1963594	-	588	556	464	626	319	276	296	300	220	224
SC_RS11195	NC_003888.3	1963591	1964271	-	681	161	125	137	269	250	200	395	324	325
SC_RS11200	NC_003888.3	1964268	1964651	-	384	35	53	39	247	195	258	260	246	264
SC_RS11205	NC_003888.3	1964648	1964833	-	186	28	21	38	214	176	159	256	194	214
SC_RS11210	NC_003888.3	1964896	1965378	-	483	42	31	44	347	296	313	418	306	367
SC_RS11215	NC_003888.3	1965466	1966254	+	789	153	118	164	123	65	117	213	150	216
SC_RS11220	NC_003888.3	1966275	1967078	-	804	285	246	313	1563	1430	1239	1946	2085	2021
SC_RS11225	NC_003888.3	1967236	1967457	-	222	140	124	166	3202	2682	2377	6850	7251	7917
SC_RS11230	NC_003888.3	1967794	1969392	-	1599	1558	1480	2067	346	289	485	436	255	355
SC_RS11235	NC_003888.3	1969639	1970052	+	414	384	340	444	254	191	230	401	439	407
SC_RS11240	NC_003888.3	1970085	1971503	-	1419	694	663	874	472	398	464	584	501	501
SC_RS11245	NC_003888.3	1971753	1972880	-	1128	38	36	43	38	36	52	185	66	144
SC_RS11250	NC_003888.3	1972995	1973717	-	723	111	98	145	42	45	52	195	78	129
SC_RS11255	NC_003888.3	1973943	1975214	+	1272	934	798	1134	43	33	38	249	97	242
SC_RS11260	NC_003888.3	1975249	1975470	+	222	52	32	53	2	2	3	27	12	30
SC_RS11265	NC_003888.3	1975869	1976852	+	984	1713	1527	2091	661	566	687	350	230	296
SC_RS11270	NC_003888.3	1976849	1978357	+	1509	2327	2129	2986	1485	1180	1647	656	489	557
SC_RS11275	NC_003888.3	1978354	1982007	+	3654	7050	6639	8815	6160	5087	6040	2005	1606	1636
SC_RS11280	NC_003888.3	1982004	1984022	+	2019	4797	4489	5736	3445	2692	3378	1137	979	957
SC_RS11285	NC_003888.3	1984022	1984621	+	600	1139	1078	1494	915	757	832	387	286	313
SC_RS11290	NC_003888.3	1984618	1986078	+	1461	2071	2017	2630	936	710	825	459	364	414
SC_RS11295	NC_003888.3	1986075	1986806	+	732	1397	1407	1778	816	669	722	330	274	359
SC_RS11300	NC_003888.3	1986827	1987555	-	729	1260	1191	1635	754	597	795	308	255	286
SC_RS11305	NC_003888.3	1987651	1988463	+	813	1821	1728	2181	1112	917	1117	428	335	396
SC_RS11310	NC_003888.3	1988460	1989701	+	1242	2903	2751	3675	1466	1185	1301	518	408	506
SC_RS11315	NC_003888.3	1989698	1991530	+	1833	5472	5356	6652	3080	2756	3327	1068	869	915
SC_RS11320	NC_003888.3	1991527	1992444	+	918	2220	2272	2735	1626	1440	1756	544	436	494
SC_RS11325	NC_003888.3	1992416	1993504	+	1089	2588	2584	3212	4225	4111	3487	2676	2524	2173
SC_RS11330	NC_003888.3	1994050	1995006	-	957	116	104	146	18989	17410	14973	8549	8747	6858
SC_RS11335	NC_003888.3	1995204	1996295	-	1092	180	146	215	168	144	183	266	152	242
SC_RS11340	NC_003888.3	1996351	1996833	-	483	32	34	35	120	130	136	182	154	152
SC_RS11345	NC_003888.3	1997011	1998138	+	1128	353	377	492	285	253	356	370	298	320
SC_RS11350	NC_003888.3	1998468	1998980	+	513	741	685	816	184	154	260	185	102	149
SC_RS11355	NC_003888.3	1999110	2000381	+	1272	1621	1357	1857	437	435	536	355	253	265
SC_RS11360	NC_003888.3	2000500	2000898	+	399	1323	1126	1611	240	213	304	186	160	141
SC_RS11365	NC_003888.3	2000905	2001804	+	900	1841	1535	2152	639	487	660	340	388	310
SC_RS11370	NC_003888.3	2001886	2002980	-	1095	359	302	370	538	405	447	504	345	415
SC_RS11375	NC_003888.3	2003040	2003753	-	714	326	308	380	240	232	313	219	185	201
SC_RS11380	NC_003888.3	2003846	2004454	-	609	291	310	376	119	146	129	126	87	108
SC_RS11385	NC_003888.3	2004598	2006127	-	1530	506	488	665	538	466	554	575	333	351
SC_RS11390	NC_003888.3	2006250	2007023	+	774	269	249	327	94	61	66	166	82	113
SC_RS11395	NC_003888.3	2007027	2007497	+	471	522	544	714	531	466	531	413	447	368
SC_RS11400	NC_003888.3	2007696	2007818	+	123	57	57	71	38	46	39	37	19	26
SC_RS11405	NC_003888.3	2007938	2009392	+	1455	299	311	380	304	260	343	442	239	324
SC_RS11410	NC_003888.3	2009469	2010041	+	573	66	44	58	17	23	15	68	36	65
SC_RS11415	NC_003888.3	2010038	2010712	+	675	46	43	59	20	15	14	85	24	57
SC_RS11420	NC_003888.3	2010725	2011522	-	798	49	44	50	69	84	100	88	21	77
SC_RS11425	NC_003888.3	2011647	2012792	-	1146	5	4	4	2	2	1	116	22	101
SC_RS11430	NC_003888.3	2012859	2014193	-	1335	8	8	11	7	2	1	150	34	120
SC_RS11435	NC_003888.3	2014258	2015061	-	804	10	9	8	6	2	2	86	20	83
SC_RS11440	NC_003888.3	2015194	2016564	-	1371	23	24	26	28	25	23	208	55	168
SC_RS11445	NC_003888.3	2016628	2018172	-	1545	53	58	59	40	27	30	181	56	155
SC_RS11450	NC_003888.3	2018169	2019014	-	846	6	7	7	2	1	12	93	23	68
SC_RS11455	NC_003888.3	2019011	2020168	-	1158	11	12	5	8	4	4	121	24	103
SC_RS11460	NC_003888.3	2020165	2021061	-	897	5	7	11	15	10	13	112	20	93
SC_RS11465	NC_003888.3	2021058	2021993	-	936	14	12	22	8	12	18	132	26	86
SC_RS11470	NC_003888.3	2022115	2023845	-	1731	40	31	36	18	19	15	221	54	200
SC_RS11475	NC_003888.3	2023842	2024750	-	909	18	26	28	9	10	16	117	45	107
SC_RS11480	NC_003888.3	2024747	2025415	-	669	40	31	54	26	18	20	85	30	77
SC_RS11485	NC_003888.3	2025584	2026183	-	600	4	1	4	5	3	3	80	20	56
SC_RS11490	NC_003888.3	2026325	2027572	+	1248	4	3	4	24	15	19	113	38	104
SC_RS11495	NC_003888.3	2027561	2027953	-	393	10	11	17	89	75	93	120	56	99
SC_RS11500	NC_003888.3	2028038	2029210	-	1173	17	16	20	3	2	6	130	40	97
SC_RS11505	NC_003888.3	2029207	2030157	-	951	16	13	25	8	6	4	134	39	105
SC_RS11510	NC_003888.3	2030392	2031201	+	810	7	7	12	6	4	6	118	27	88
SC_RS11515	NC_003888.3	2031485	2032261	+	777	33	18	17	50	43	51	126	58	102
SC_RS11520	NC_003888.3	2032364	2033734	+	1371	12	8	17	27	12	14	206	57	199
SC_RS11525	NC_003888.3	2033731	2034675	+	945	4	7	19	22	15	13	100	31	116
SC_RS11530	NC_003888.3	2034672	2035550	+	879	15	11	17	29	16	22	108	43	86
SC_RS11535	NC_003888.3	2035547	2036536	+	990	36	33	44	29	38	28	154	51	109
SC_RS11540	NC_003888.3	2036723	2036944	+	222	9	6	19	4	6	4	50	23	50
SC_RS11545	NC_003888.3	2037030	2038229	+	1200	1174	1194	1340	1488	1396	2161	1196	1005	927
SC_RS11550	NC_003888.3	2038269	2038841	-	573	838	691	947	411	392	387	414	344	366
SC_RS11555	NC_003888.3	2038879	2040480	-	1602	397	400	465	1282	916	980	530	308	413
SC_RS11560	NC_003888.3	2040864	2040933	-	70	18	22	17	551	485	431	123	77	72
SC_RS11565	NC_003888.3	2040979	2042451	-	1473	159	146	189	8102	6724	7618	2063	1507	1237
SC_RS11570	NC_003888.3	2042736	2044163	-	1428	776	724	939	993	908	1064	947	825	835
SC_RS11575	NC_003888.3	2044380	2046221	+	1842	511	454	637	11921	7677	8805	2349	2207	1884
SC_RS11580	NC_003888.3	2046252	2046959	-	708	85	87	104	1440	804	793	1664	1366	1189
SC_RS11585	NC_003888.3	2047117	2047614	-	498	25	16	21	30	24	39	69	45	59
SC_RS11590	NC_003888.3	2047611	2048030	-	420	12	18	31	29	34	33	72	39	54
SC_RS11595	NC_003888.3	2048212	2049129	+	918	25	27	31	53	36	50	128	28	116
SC_RS11600	NC_003888.3	2049114	2049380	-	267	4	3	11	43	40	48	52	27	47
SC_RS11605	NC_003888.3	2049501	2049689	+	189	12	12	23	13	9	12	23	5	27
SC_RS11610	NC_003888.3	2049745	2050473	+	729	87	81	97	91	83	88	174	77	139
SC_RS11615	NC_003888.3	2050524	2051513	-	990	680	651	773	1270	1311	1367	554	458	485
SC_RS11620	NC_003888.3	2051523	2052116	-	594	50	52	62	80	45	69	135	74	103
SC_RS11625	NC_003888.3	2052116	2052436	-	321	48	47	52	63	43	72	88	72	83
SC_RS11630	NC_003888.3	2052555	2052887	-	333	1480	1224	1759	2774	2591	2528	3479	3425	3116
SC_RS11635	NC_003888.3	2052884	2053354	-	471	2057	1760	2440	3375	3265	3682	3688	3639	3134
SC_RS11640	NC_003888.3	2053372	2054628	-	1257	5072	4760	6084	4654	4642	4714	6134	5582	4375
SC_RS11645	NC_003888.3	2054625	2055389	-	765	3004	2763	3524	2647	2886	2957	3984	3719	2795
SC_RS11650	NC_003888.3	2055397	2055714	-	318	1271	1165	1358	1247	1183	1087	1363	1240	981
SC_RS11655	NC_003888.3	2055711	2056895	-	1185	4029	3437	4287	3496	3363	3187	4303	4308	3526
SC_RS11660	NC_003888.3	2056956	2058377	-	1422	6694	5988	7996	7373	7281	7592	10646	11343	8641
SC_RS11665	NC_003888.3	2058374	2059132	-	759	1802	1630	2008	2343	1508	2008	4587	4033	4010
SC_RS11670	NC_003888.3	2059304	2060092	+	789	95	77	81	44	23	21	131	57	98
SC_RS11675	NC_003888.3	2060169	2061092	+	924	753	664	1024	233	240	302	373	245	308
SC_RS11680	NC_003888.3	2061089	2061898	+	810	386	375	484	227	194	205	282	222	201
SC_RS11685	NC_003888.3	2061953	2062975	+	1023	1542	1718	2252	707	645	886	826	802	694
SC_RS11690	NC_003888.3	2062930	2063673	-	744	262	252	319	67	67	81	121	80	125
SC_RS11695	NC_003888.3	2063713	2064819	-	1107	144	133	166	38	23	28	161	58	119
SC_RS11700	NC_003888.3	2064934	2065302	-	369	477	463	612	158	162	173	237	209	210
SC_RS11705	NC_003888.3	2065389	2066342	-	954	2967	2996	3846	1119	1052	1128	879	772	632
SC_RS11710	NC_003888.3	2066713	2068800	+	2088	11867	12475	15493	17116	15339	19460	5964	5824	4727
SC_RS11715	NC_003888.3	2068835	2069953	+	1119	4694	4799	5870	7507	6956	9828	3265	3536	2666
SC_RS11720	NC_003888.3	2069957	2071480	+	1524	3990	3966	4721	4656	4504	5885	2396	2257	1906
SC_RS11725	NC_003888.3	2071477	2072532	+	1056	1853	1910	2297	2353	2107	2990	1140	1005	813
SC_RS11730	NC_003888.3	2072529	2073314	+	786	1315	1316	1523	1684	1687	2251	898	749	668
SC_RS11735	NC_003888.3	2073377	2074102	-	726	297	267	358	221	164	152	207	129	202
SC_RS11740	NC_003888.3	2074235	2075203	-	969	368	258	381	487	324	272	301	168	208
SC_RS11745	NC_003888.3	2075313	2076968	-	1656	505	501	609	2046	1846	2046	907	689	681
SC_RS11750	NC_003888.3	2077084	2077419	-	336	499	519	641	1440	1478	1556	1426	1408	1240
SC_RS11755	NC_003888.3	2077633	2077869	-	237	428	424	542	493	447	441	323	208	217
SC_RS11760	NC_003888.3	2078015	2078791	-	777	3483	3554	4204	3037	3075	3197	1632	1546	1187
SC_RS11765	NC_003888.3	2078797	2080008	-	1212	2911	2920	3642	2107	2230	2675	1167	983	773
SC_RS11770	NC_003888.3	2080143	2081153	-	1011	13481	13265	17133	7484	7171	7574	4009	3974	3281
SC_RS11775	NC_003888.3	2081381	2084380	-	3000	35	26	29	176	157	206	626	397	559
SC_RS11780	NC_003888.3	2084575	2085567	-	993	900	862	1146	678	605	575	615	479	492
SC_RS11785	NC_003888.3	2085558	2086649	-	1092	920	902	1105	535	566	576	537	451	491
SC_RS11790	NC_003888.3	2086657	2087673	-	1017	856	809	1094	598	591	659	685	539	535
SC_RS11795	NC_003888.3	2087670	2089856	-	2187	1173	1145	1508	878	749	940	768	566	650
SC_RS11800	NC_003888.3	2090209	2091159	+	951	51	45	61	102	97	90	155	68	123
SC_RS11805	NC_003888.3	2091177	2091602	-	426	52	29	45	38	39	29	53	35	42
SC_RS11810	NC_003888.3	2091825	2092931	+	1107	165	161	185	147	94	129	227	115	183
SC_RS11815	NC_003888.3	2092928	2093836	+	909	144	150	175	200	166	161	206	126	187
SC_RS11820	NC_003888.3	2094274	2097318	-	3045	1824	1689	2256	2521	2079	2581	1490	1284	1246
SC_RS11825	NC_003888.3	2097542	2098228	+	687	203	221	239	1001	852	825	350	317	264
SC_RS11830	NC_003888.3	2098289	2098945	+	657	358	306	407	622	480	583	356	309	300
SC_RS11835	NC_003888.3	2099149	2099622	-	474	111	104	132	124	109	132	103	74	76
SC_RS11840	NC_003888.3	2099713	2100813	-	1101	140	126	153	39	28	32	147	58	124
SC_RS11845	NC_003888.3	2100946	2101947	-	1002	4756	4417	5700	93	80	77	309	225	263
SC_RS11850	NC_003888.3	2102200	2104215	-	2016	1334	1138	1528	753	504	595	1035	919	982
SC_RS11855	NC_003888.3	2104340	2104918	-	579	2022	1714	2333	1603	1271	1291	2232	2440	2072
SC_RS11860	NC_003888.3	2105061	2107199	-	2139	1975	1830	2544	959	1014	1300	889	696	731
SC_RS11865	NC_003888.3	2107239	2108117	-	879	104	100	163	156	131	107	259	151	200
SC_RS11870	NC_003888.3	2108409	2109278	+	870	9	13	10	58725	49487	44266	10430	9014	6577
SC_RS11875	NC_003888.3	2109316	2109870	+	555	359	335	464	16024	14609	12927	2689	2781	2019
SC_RS11880	NC_003888.3	2109895	2110323	-	429	68	47	72	1479	1170	1015	218	136	125
SC_RS11885	NC_003888.3	2110465	2111370	+	906	74	54	68	2018	1482	1420	335	196	233
SC_RS11890	NC_003888.3	2111367	2112302	+	936	103	93	136	520	417	460	253	161	177
SC_RS11895	NC_003888.3	2112316	2113110	-	795	139	153	182	163	151	167	212	89	133
SC_RS11900	NC_003888.3	2113356	2114481	+	1126	141	119	183	184	139	186	294	174	256
SC_RS11905	NC_003888.3	2114500	2115132	-	633	148	133	184	152	137	163	206	174	198
SC_RS11910	NC_003888.3	2115347	2115826	+	480	94	83	126	134	118	108	198	134	163
SC_RS11915	NC_003888.3	2115989	2117479	+	1491	283	269	371	261	253	227	504	352	473
SC_RS11920	NC_003888.3	2117630	2117905	-	276	47	42	65	16	29	27	69	28	49
SC_RS11925	NC_003888.3	2117906	2118766	-	861	308	237	356	197	178	176	284	164	228
SC_RS11930	NC_003888.3	2119050	2119763	+	714	148	144	189	295	226	258	253	189	240
SC_RS11935	NC_003888.3	2119760	2120194	+	435	155	154	168	193	170	152	215	187	193
SC_RS11940	NC_003888.3	2120213	2120395	-	183	295	216	337	354	271	202	531	487	543
SC_RS11945	NC_003888.3	2120551	2121240	-	690	13	18	22	22	10	14	104	26	83
SC_RS11950	NC_003888.3	2121378	2122775	-	1398	25	32	38	22	27	38	176	29	158
SC_RS11955	NC_003888.3	2122775	2124631	-	1857	194	183	262	121	84	104	222	71	223
SC_RS11960	NC_003888.3	2124799	2125581	-	783	32	40	46	29	16	12	117	28	101
SC_RS11965	NC_003888.3	2125755	2126168	+	414	61	43	63	32	37	27	55	34	49
SC_RS11970	NC_003888.3	2126201	2126716	+	516	151	148	190	100	58	64	124	70	98
SC_RS11975	NC_003888.3	2126802	2127773	-	972	232	252	320	215	229	208	280	209	217
SC_RS11980	NC_003888.3	2127828	2128541	-	714	93	88	109	143	79	140	207	108	127
SC_RS11985	NC_003888.3	2128658	2129218	+	561	397	340	430	1025	909	953	577	630	662
SC_RS11990	NC_003888.3	2129270	2129776	-	507	75	92	121	416	333	417	342	260	279
SC_RS11995	NC_003888.3	2129838	2130524	-	687	49	35	58	657	523	867	610	496	526
SC_RS12000	NC_003888.3	2130695	2130952	+	258	88	84	116	147	85	111	135	128	151
SC_RS12005	NC_003888.3	2130961	2131341	-	381	45	37	53	197	149	230	144	173	132
SC_RS12010	NC_003888.3	2131391	2131993	-	603	212	200	214	501	388	451	341	269	281
SC_RS12015	NC_003888.3	2132026	2132964	-	939	443	405	510	2570	1931	2735	1586	1676	1392
SC_RS12020	NC_003888.3	2133121	2134629	-	1509	37302	34722	45637	11506	12763	14484	12379	12171	9685
SC_RS12025	NC_003888.3	2135154	2135816	+	663	229	177	267	80	58	87	120	68	100
SC_RS12030	NC_003888.3	2135883	2138879	+	2997	645	609	831	364	285	298	467	255	412
SC_RS12035	NC_003888.3	2138930	2140723	-	1794	627	566	774	1513	1419	1700	1051	678	725
SC_RS12040	NC_003888.3	2141042	2141410	-	369	69	55	63	18	18	25	93	25	61
SC_RS12045	NC_003888.3	2141659	2144382	-	2724	5252	4987	6645	2382	2343	2805	1535	1446	1334
SC_RS12050	NC_003888.3	2144639	2146918	+	2280	565	574	762	529	461	626	709	472	615
SC_RS12055	NC_003888.3	2147013	2147501	+	489	238	178	230	156	124	181	160	148	178
SC_RS12060	NC_003888.3	2148159	2148404	+	246	37	47	51	41	26	41	112	66	87
SC_RS12065	NC_003888.3	2148401	2148997	+	597	3	4	4	11	11	16	100	28	80
SC_RS12070	NC_003888.3	2149285	2150520	+	1236	234	230	253	4037	3561	3908	5547	5517	4176
SC_RS12075	NC_003888.3	2150635	2151567	+	933	65	73	77	503	343	535	725	559	469
SC_RS12080	NC_003888.3	2151573	2153399	+	1827	77	82	93	574	464	645	945	612	688
SC_RS12085	NC_003888.3	2153405	2154334	+	930	97	109	94	637	459	582	900	788	655
SC_RS12090	NC_003888.3	2154331	2155047	+	717	115	120	142	339	290	390	484	468	406
SC_RS12095	NC_003888.3	2155123	2155779	-	657	1680	1430	2101	1043	989	1137	556	546	490
SC_RS12100	NC_003888.3	2155886	2155958	+	73	66	69	81	168	148	151	41	11	27
SC_RS12105	NC_003888.3	2156337	2157773	-	1437	921	941	1140	8982	8161	9076	1261	1005	845
SC_RS12110	NC_003888.3	2157990	2159798	+	1809	253	239	334	431	305	296	259	75	183
SC_RS12115	NC_003888.3	2159817	2161229	-	1413	30	19	38	174	170	258	223	92	184
SC_RS12120	NC_003888.3	2161226	2162584	-	1359	35	27	34	54	44	51	215	47	144
SC_RS12125	NC_003888.3	2162746	2165244	-	2499	196	218	268	629	695	994	610	331	484
SC_RS12130	NC_003888.3	2165374	2165724	-	351	26	23	29	63	48	37	60	30	35
SC_RS12135	NC_003888.3	2165859	2166758	+	900	87	69	105	153	137	148	256	175	222
SC_RS12140	NC_003888.3	2166799	2167428	+	630	76	58	99	374	346	339	358	333	313
SC_RS12145	NC_003888.3	2167476	2168201	-	726	169	158	198	162	157	142	191	121	165
SC_RS12150	NC_003888.3	2168356	2169291	+	936	302	274	337	26	21	30	138	38	111
SC_RS12155	NC_003888.3	2169305	2170222	+	918	265	268	282	46	41	55	180	46	145
SC_RS12160	NC_003888.3	2170384	2171847	-	1464	963	834	1104	467	508	561	537	428	464
SC_RS12165	NC_003888.3	2171840	2176384	-	4545	2127	1992	2347	1140	972	1120	1276	662	967
SC_RS12170	NC_003888.3	2176826	2177557	-	732	399	533	566	62	22	35	166	99	125
SC_RS12175	NC_003888.3	2177792	2178778	+	987	3	7	7	6	7	3	139	31	148
SC_RS12180	NC_003888.3	2179318	2180595	+	1278	2	4	9	6	1	5	150	29	121
SC_RS12185	NC_003888.3	2180592	2181770	+	1179	4	2	1	0	2	3	138	19	88
SC_RS12190	NC_003888.3	2181758	2183161	+	1404	6	5	7	11	7	7	196	45	144
SC_RS12195	NC_003888.3	2183119	2184333	+	1215	11	6	17	3	2	1	148	35	103
SC_RS12200	NC_003888.3	2184330	2185154	+	825	41	36	46	15	8	8	89	22	72
SC_RS12205	NC_003888.3	2185228	2186259	-	1032	1996	1843	2333	1741	1499	1730	1232	1267	1114
SC_RS12210	NC_003888.3	2186336	2187109	-	774	30	17	27	398	337	627	158	120	188
SC_RS12215	NC_003888.3	2187211	2188026	-	816	423	406	489	242	199	283	400	351	384
SC_RS12220	NC_003888.3	2188023	2189306	-	1284	694	692	859	257	224	352	512	364	378
SC_RS12225	NC_003888.3	2189421	2189612	-	192	250	243	332	116	130	159	81	96	105
SC_RS12230	NC_003888.3	2189633	2190442	-	810	1931	1863	2406	729	603	636	541	452	423
SC_RS12235	NC_003888.3	2190560	2191006	-	447	284	316	393	140	151	139	139	109	129
SC_RS12240	NC_003888.3	2191109	2191360	-	252	1488	1408	1833	925	853	1082	943	1082	742
SC_RS12245	NC_003888.3	2191505	2192140	-	636	351	350	412	238	252	286	317	273	256
SC_RS12250	NC_003888.3	2192224	2193714	-	1491	321	286	409	187	156	228	266	114	208
SC_RS12255	NC_003888.3	2193744	2194130	-	387	107	128	149	63	50	35	81	26	50
SC_RS12260	NC_003888.3	2194212	2194847	+	636	351	316	474	730	614	641	445	349	375
SC_RS12265	NC_003888.3	2194858	2196129	-	1272	226	206	290	336	312	299	254	160	201
SC_RS12270	NC_003888.3	2196122	2196709	-	588	62	69	82	39	42	37	94	43	69
SC_RS12275	NC_003888.3	2196793	2197548	-	756	705	652	925	577	476	595	632	509	486
SC_RS12280	NC_003888.3	2197545	2197949	-	405	639	598	843	658	571	563	625	545	474
SC_RS12285	NC_003888.3	2197966	2198688	-	723	962	1003	1103	801	693	706	549	478	451
SC_RS12290	NC_003888.3	2198706	2199374	-	669	486	510	620	186	204	180	203	118	174
SC_RS12295	NC_003888.3	2199371	2199535	-	165	40	69	60	23	17	29	25	16	25
SC_RS12300	NC_003888.3	2199539	2200132	-	594	417	448	551	147	223	239	206	161	193
SC_RS12305	NC_003888.3	2200129	2201238	-	1110	664	673	871	391	388	462	430	368	354
SC_RS12310	NC_003888.3	2201235	2202560	-	1326	866	1026	1147	857	690	931	729	561	576
SC_RS12315	NC_003888.3	2202760	2204337	+	1578	15	10	25	100	56	47	781	645	807
SC_RS12320	NC_003888.3	2204605	2205735	+	1131	31	13	41	17	13	19	137	43	122
SC_RS12325	NC_003888.3	2205747	2206487	+	741	256	251	292	113	109	143	146	63	98
SC_RS12330	NC_003888.3	2206501	2207010	+	510	215	190	243	97	84	88	128	67	76
SC_RS12335	NC_003888.3	2207142	2207858	-	717	606	516	693	314	282	292	336	308	302
SC_RS12340	NC_003888.3	2207893	2208717	-	825	337	310	347	158	104	142	225	149	163
SC_RS12345	NC_003888.3	2208825	2209799	-	975	515	463	604	113	151	189	261	206	241
SC_RS12350	NC_003888.3	2209967	2211178	-	1212	249	262	334	175	117	226	430	268	436
SC_RS12355	NC_003888.3	2211403	2211570	+	168	5	5	4	3	1	7	24	13	24
SC_RS12360	NC_003888.3	2211637	2215176	-	3540	1374	1344	1653	660	501	708	950	569	763
SC_RS12365	NC_003888.3	2215379	2216719	+	1341	336	323	366	1592	1270	1401	543	345	415
SC_RS12370	NC_003888.3	2216806	2217516	+	711	1138	1026	1338	882	805	1250	1068	979	963
SC_RS12375	NC_003888.3	2217614	2218414	+	801	975	940	1213	1496	1348	2333	823	688	638
SC_RS12380	NC_003888.3	2218545	2220200	+	1656	420	370	487	7851	6887	7823	2018	1582	1340
SC_RS12385	NC_003888.3	2220185	2220775	-	591	423	409	532	1534	1270	1386	511	420	418
SC_RS12390	NC_003888.3	2220881	2222029	+	1149	179	182	202	344	255	336	284	139	198
SC_RS12395	NC_003888.3	2222051	2223637	-	1587	235	256	303	71	85	84	244	85	162
SC_RS12400	NC_003888.3	2223726	2224214	-	489	355	278	423	124	111	114	116	70	99
SC_RS12405	NC_003888.3	2224211	2225155	-	945	1268	1120	1547	401	285	370	338	189	266
SC_RS12410	NC_003888.3	2225281	2225895	-	615	641	600	802	321	304	354	373	248	274
SC_RS12415	NC_003888.3	2225964	2226683	-	720	67	61	88	75	60	58	247	173	254
SC_RS12420	NC_003888.3	2227237	2230380	+	3144	3027	3117	3833	1891	1647	2207	1172	923	942
SC_RS12425	NC_003888.3	2230582	2231778	-	1197	8924	8190	11205	12370	10873	11953	8161	8448	7382
SC_RS12430	NC_003888.3	2231834	2232118	-	285	4520	3935	6029	6018	5470	5730	4075	4049	3552
SC_RS12435	NC_003888.3	2232200	2232841	-	642	1046	857	1091	1945	1699	2126	1654	1606	1449
SC_RS12440	NC_003888.3	2232970	2233689	-	720	455	484	625	574	450	560	630	435	488
SC_RS12445	NC_003888.3	2233696	2234424	-	729	783	769	974	247	282	310	287	232	220
SC_RS12450	NC_003888.3	2234421	2235620	-	1200	7165	7110	9191	2942	2619	2970	2554	2371	2091
SC_RS12455	NC_003888.3	2235909	2236703	-	795	366	382	428	221	211	210	219	137	172
SC_RS12460	NC_003888.3	2236729	2237823	-	1095	905	1032	1205	936	939	997	566	418	360
SC_RS12465	NC_003888.3	2237830	2239200	-	1371	1304	1195	1580	636	511	628	568	425	455
SC_RS12470	NC_003888.3	2239278	2240693	-	1416	1496	1411	1891	601	577	639	522	350	405
SC_RS12475	NC_003888.3	2240702	2241793	-	1092	2158	2168	2825	1149	911	1139	751	536	504
SC_RS12480	NC_003888.3	2241793	2243208	-	1416	4720	4401	5919	2122	1905	2151	1309	1101	967
SC_RS12485	NC_003888.3	2243269	2244789	-	1521	1919	1899	2384	834	802	978	674	439	456
SC_RS12490	NC_003888.3	2244997	2246961	-	1965	595	580	733	233	210	256	447	244	382
SC_RS12495	NC_003888.3	2246958	2247512	-	555	264	262	295	67	56	55	117	68	99
SC_RS12500	NC_003888.3	2247685	2248641	-	957	807	689	936	100	71	151	229	94	175
SC_RS12505	NC_003888.3	2249069	2249617	+	549	1144	1121	1602	981	971	917	612	499	491
SC_RS12510	NC_003888.3	2249874	2250947	+	1074	2672	2428	3270	1766	1589	1643	1521	1261	1234
SC_RS12515	NC_003888.3	2250947	2252308	+	1362	974	968	1160	712	560	736	690	560	684
SC_RS12520	NC_003888.3	2252308	2254698	+	2391	1192	1146	1385	1260	954	1291	1267	1061	1131
SC_RS12525	NC_003888.3	2254850	2255257	-	408	3456	3463	4238	5691	4875	4936	6791	6392	5951
SC_RS12530	NC_003888.3	2255534	2256361	-	828	680	626	818	228	184	242	227	182	190
SC_RS12535	NC_003888.3	2256510	2257103	-	594	234	220	300	62	45	43	134	128	109
SC_RS12540	NC_003888.3	2257287	2257916	+	630	849	772	1009	258	250	170	351	316	328
SC_RS12545	NC_003888.3	2258402	2259922	+	1521	799	754	1034	311	363	343	469	320	460
SC_RS12550	NC_003888.3	2259944	2260936	-	993	672	649	847	1034	886	976	1214	932	968
SC_RS12555	NC_003888.3	2260993	2261916	-	924	576	635	750	1190	1127	1290	846	602	631
SC_RS12560	NC_003888.3	2262055	2262726	-	672	727	654	885	144	141	131	174	123	149
SC_RS12565	NC_003888.3	2262881	2263246	-	366	894	815	1105	605	524	657	391	404	291
SC_RS12570	NC_003888.3	2263288	2264592	-	1305	429	347	493	253	224	265	299	190	258
SC_RS12575	NC_003888.3	2264828	2266033	+	1206	167	188	198	41	24	32	164	55	117
SC_RS12580	NC_003888.3	2266030	2266230	+	201	7	13	18	0	0	5	13	7	21
SC_RS12585	NC_003888.3	2266233	2267027	+	795	80	79	84	11	9	9	83	28	102
SC_RS12590	NC_003888.3	2267216	2269189	+	1974	2952	2623	3540	1122	875	1138	1360	1386	1312
SC_RS12595	NC_003888.3	2269374	2270258	+	885	338	303	357	91	82	103	170	85	137
SC_RS12600	NC_003888.3	2270305	2270952	-	648	467	407	516	389	220	288	333	249	264
SC_RS12605	NC_003888.3	2271144	2271647	+	504	73	38	88	42	59	55	91	62	99
SC_RS12610	NC_003888.3	2271664	2271897	-	234	338	264	453	804	850	979	854	830	741
SC_RS12615	NC_003888.3	2272073	2273425	-	1353	1842	1829	2311	2683	2580	2753	1959	1795	1410
SC_RS12620	NC_003888.3	2273596	2276427	+	2832	2242	2185	2523	407	379	418	1273	1158	1158
SC_RS12625	NC_003888.3	2276540	2276596	+	57	2	1	4	0	0	1	7	3	5
SC_RS12630	NC_003888.3	2276703	2278607	+	1905	161	107	183	82	89	89	295	132	273
SC_RS12635	NC_003888.3	2278559	2279554	-	996	90	66	83	101	87	102	268	124	164
SC_RS12640	NC_003888.3	2279638	2280666	-	1029	84	86	124	110	103	94	307	173	294
SC_RS12645	NC_003888.3	2280718	2281440	-	723	257	265	321	155	136	202	221	136	184
SC_RS12650	NC_003888.3	2281433	2282674	-	1242	845	736	932	332	267	349	365	222	315
SC_RS12655	NC_003888.3	2282715	2283488	-	774	914	799	1078	172	218	258	273	176	198
SC_RS12660	NC_003888.3	2283639	2284442	+	804	370	343	504	374	291	333	550	581	532
SC_RS12665	NC_003888.3	2284435	2285052	+	618	700	631	841	748	666	842	628	672	660
SC_RS12670	NC_003888.3	2285077	2285838	-	762	265	231	326	169	157	218	211	139	189
SC_RS12675	NC_003888.3	2285983	2286936	-	954	4055	3990	5406	1379	1320	1679	1408	1362	1210
SC_RS12680	NC_003888.3	2286991	2287566	-	576	633	602	797	726	717	797	932	928	876
SC_RS12685	NC_003888.3	2287637	2288809	-	1173	83	80	103	26	35	31	155	27	144
SC_RS12690	NC_003888.3	2289023	2289457	-	435	463	480	620	307	308	337	293	213	204
SC_RS12695	NC_003888.3	2289595	2290350	-	756	48	53	66	14	16	15	112	23	115
SC_RS12700	NC_003888.3	2290703	2292499	+	1797	497	431	558	138	129	130	282	135	235
SC_RS12705	NC_003888.3	2292487	2293725	-	1239	397	334	453	189	168	181	220	130	193
SC_RS12710	NC_003888.3	2293882	2295147	+	1266	132	145	211	124	112	91	284	132	250
SC_RS12715	NC_003888.3	2295175	2296368	-	1194	552	504	734	240	180	149	272	146	246
SC_RS12720	NC_003888.3	2296454	2297470	-	1017	51	42	71	27	28	38	121	51	104
SC_RS12725	NC_003888.3	2297707	2298750	-	1044	2892	2527	3369	536	534	613	403	250	307
SC_RS12730	NC_003888.3	2298982	2300325	-	1344	545	419	575	182	139	191	335	187	288
SC_RS12735	NC_003888.3	2300388	2300627	-	240	214	185	370	142	113	141	130	107	133
SC_RS12740	NC_003888.3	2300785	2301555	+	771	30	20	38	15	12	8	99	23	81
SC_RS12745	NC_003888.3	2301552	2301833	+	282	339	335	432	480	386	407	326	290	237
SC_RS12750	NC_003888.3	2301983	2302306	+	324	116	114	132	72	50	68	76	44	56
SC_RS12755	NC_003888.3	2302365	2303729	+	1365	80	74	102	65	40	63	173	69	153
SC_RS12760	NC_003888.3	2303726	2304391	+	666	33	39	49	36	27	41	69	28	74
SC_RS12765	NC_003888.3	2304475	2305890	+	1416	22	18	19	19	18	25	143	35	105
SC_RS12770	NC_003888.3	2305901	2306986	+	1086	19	13	16	38	41	44	140	22	89
SC_RS12775	NC_003888.3	2307076	2308506	-	1431	83	77	102	168	174	248	189	57	199
SC_RS12780	NC_003888.3	2308851	2309915	-	1065	1074	1013	1326	772	577	688	686	596	648
SC_RS12785	NC_003888.3	2310047	2311684	-	1638	14066	14416	18004	6472	6087	7538	2489	2604	1979
SC_RS12790	NC_003888.3	2311681	2312742	-	1062	8968	10148	11915	3694	3552	4340	1460	1502	1128
SC_RS12795	NC_003888.3	2312739	2313548	-	810	9319	9738	12218	3517	3398	4077	1336	1273	1025
SC_RS12800	NC_003888.3	2313623	2314243	-	621	5223	5090	6870	2551	2495	2839	824	845	643
SC_RS12805	NC_003888.3	2314453	2314854	+	402	241	257	335	1173	1035	910	748	687	637
SC_RS12810	NC_003888.3	2314942	2316216	-	1275	153	146	207	336	316	246	266	140	237
SC_RS12815	NC_003888.3	2316363	2316761	-	399	3092	3023	4000	1787	1716	1881	770	912	696
SC_RS12820	NC_003888.3	2316758	2318494	-	1737	16240	16604	21198	7631	6931	7465	3878	3643	2900
SC_RS12825	NC_003888.3	2318491	2319450	-	960	11627	12102	14828	4921	4643	5486	2386	2270	1613
SC_RS12830	NC_003888.3	2319777	2321159	+	1383	499	511	673	419	355	377	434	280	290
SC_RS12835	NC_003888.3	2321282	2322256	-	975	520	528	674	696	666	840	440	385	368
SC_RS12840	NC_003888.3	2322389	2322598	+	210	18	12	19	138	117	118	117	93	73
SC_RS12845	NC_003888.3	2322715	2324265	+	1551	297	251	327	343	326	340	440	333	397
SC_RS12850	NC_003888.3	2324368	2324724	-	357	4791	4641	6369	13663	11094	13003	7580	7339	6073
SC_RS12855	NC_003888.3	2325064	2326248	+	1185	2317	2217	2863	6472	4730	5236	3958	4100	3668
SC_RS12860	NC_003888.3	2326327	2329452	-	3126	2384	2210	2740	1209	1262	1335	2813	2400	1761
SC_RS12865	NC_003888.3	2329632	2330315	-	684	173	166	198	130	95	154	154	107	153
SC_RS12870	NC_003888.3	2330312	2331562	-	1251	233	208	210	259	191	238	342	217	282
SC_RS12875	NC_003888.3	2331727	2332011	-	285	487	423	601	543	461	453	884	848	787
SC_RS12880	NC_003888.3	2332033	2332827	-	795	2305	2090	2936	2507	1928	2177	3830	3528	3704
SC_RS12885	NC_003888.3	2333072	2333749	+	678	1902	1859	2558	1043	924	945	670	595	561
SC_RS12890	NC_003888.3	2333833	2334534	+	702	1283	1259	1704	299	262	322	241	171	206
SC_RS12895	NC_003888.3	2334636	2335724	+	1089	507	482	604	226	183	214	220	154	204
SC_RS12900	NC_003888.3	2335755	2336003	-	249	350	376	470	1057	869	890	524	516	478
SC_RS12905	NC_003888.3	2336212	2337411	+	1200	159	142	170	65	68	67	175	66	150
SC_RS12910	NC_003888.3	2337400	2338119	-	720	64	82	73	29	15	29	89	30	64
SC_RS12915	NC_003888.3	2338274	2339347	+	1074	510	497	707	318	300	375	316	189	251
SC_RS12920	NC_003888.3	2339770	2340510	-	741	74	69	83	16	15	18	121	34	84
SC_RS12925	NC_003888.3	2340571	2341353	+	783	139	133	141	26	23	19	81	26	64
SC_RS12930	NC_003888.3	2341371	2342219	-	849	120	119	186	39	29	42	124	35	113
SC_RS12935	NC_003888.3	2342474	2344027	+	1554	4134	4288	5544	2733	2527	3405	1655	1489	1244
SC_RS12940	NC_003888.3	2344344	2345732	+	1389	15761	15795	20574	15952	14902	19821	6775	6488	5142
SC_RS12945	NC_003888.3	2345796	2347568	+	1773	15890	15856	20612	15951	16107	20714	6936	7160	5245
SC_RS12950	NC_003888.3	2347778	2348401	+	624	723	642	912	696	631	671	440	374	412
SC_RS12955	NC_003888.3	2348740	2351439	+	2700	7844	7356	9812	3509	3165	5952	4291	4258	3513
SC_RS12960	NC_003888.3	2351510	2352493	+	984	174	141	187	70	57	88	170	69	170
SC_RS12965	NC_003888.3	2353103	2353624	+	522	23	21	40	106	101	82	178	77	125
SC_RS12970	NC_003888.3	2353659	2354585	-	927	20	12	29	30	25	19	130	39	115
SC_RS12975	NC_003888.3	2354697	2355858	+	1162	600	454	597	274	215	303	512	414	511
SC_RS12980	NC_003888.3	2355882	2356382	-	501	126	109	142	44	37	42	86	35	59
SC_RS12985	NC_003888.3	2356470	2357579	+	1110	152	148	227	122	97	109	253	120	216
SC_RS12990	NC_003888.3	2357793	2359196	+	1404	27	34	33	225	179	248	356	233	297
SC_RS12995	NC_003888.3	2359257	2360720	-	1464	9	10	8	468	394	467	480	300	346
SC_RS13000	NC_003888.3	2360955	2361752	+	798	368	360	558	415	368	461	353	236	228
SC_RS13005	NC_003888.3	2361907	2362860	+	954	1936	1903	2243	3230	2760	3858	1952	1992	1633
SC_RS13010	NC_003888.3	2363105	2363320	+	216	70	88	113	1013	1053	977	541	450	331
SC_RS13015	NC_003888.3	2363402	2364106	+	705	3493	3309	4562	2781	2625	2851	1852	1515	1420
SC_RS13020	NC_003888.3	2364217	2364684	-	468	381	417	577	588	406	521	449	403	350
SC_RS13025	NC_003888.3	2364905	2366314	+	1410	11409	10484	14822	960	1013	879	1068	846	918
SC_RS13030	NC_003888.3	2366485	2366745	+	261	537	540	709	556	376	329	417	335	285
SC_RS13035	NC_003888.3	2366795	2367634	-	840	110	147	192	247	197	241	179	81	153
SC_RS13040	NC_003888.3	2367728	2368099	+	372	77	61	106	164	116	155	174	145	165
SC_RS13045	NC_003888.3	2368178	2369092	+	915	227	202	260	291	217	266	439	284	340
SC_RS13050	NC_003888.3	2369102	2369680	+	579	23	17	40	15	15	16	103	41	72
SC_RS13055	NC_003888.3	2369767	2370954	+	1188	562	472	749	243	210	235	461	382	405
SC_RS13060	NC_003888.3	2371009	2371323	-	315	634	585	802	281	195	195	2541	2760	1764
SC_RS13065	NC_003888.3	2371498	2371857	+	360	142	150	187	110	112	97	120	63	99
SC_RS13070	NC_003888.3	2371976	2372671	+	696	177	175	295	62	57	69	231	154	197
SC_RS13075	NC_003888.3	2372674	2373546	-	873	121	90	164	29	20	25	205	184	205
SC_RS13080	NC_003888.3	2373706	2374182	+	477	40	40	56	14	9	22	70	21	74
SC_RS13085	NC_003888.3	2374319	2375350	+	1032	1307	1221	1787	38	62	42	144	38	116
SC_RS13090	NC_003888.3	2375406	2376335	+	930	1619	1498	2195	280	219	220	355	261	331
SC_RS13095	NC_003888.3	2376676	2377257	+	582	56	51	85	353	354	795	163	68	113
SC_RS13100	NC_003888.3	2377328	2378362	+	1035	116	99	125	174	133	174	232	88	179
SC_RS13105	NC_003888.3	2378415	2379692	+	1278	52	81	92	69	60	77	162	53	144
SC_RS13110	NC_003888.3	2379677	2380330	+	654	66	85	94	102	104	121	87	44	86
SC_RS13115	NC_003888.3	2380490	2381995	+	1506	140	108	191	199	169	148	1079	1382	1082
SC_RS13120	NC_003888.3	2382072	2382518	-	447	4	3	4	5	14	8	159	105	107
SC_RS13125	NC_003888.3	2382653	2383162	+	510	216	193	274	457	345	365	350	263	325
SC_RS13130	NC_003888.3	2383230	2385161	+	1932	49	38	54	297	273	262	473	247	371
SC_RS13135	NC_003888.3	2385265	2386155	+	891	3	1	2	4	8	5	107	23	87
SC_RS13140	NC_003888.3	2386152	2387246	+	1095	5	0	2	13	9	6	139	35	116
SC_RS13145	NC_003888.3	2387313	2388005	+	693	179	158	223	24	16	32	92	42	63
SC_RS13150	NC_003888.3	2388002	2388466	+	465	440	364	448	171	195	212	158	150	167
SC_RS13155	NC_003888.3	2388485	2388844	-	360	350	317	503	566	461	475	400	304	297
SC_RS13160	NC_003888.3	2388900	2394314	-	5415	549	608	563	91	103	105	728	199	686
SC_RS13165	NC_003888.3	2394422	2394982	-	561	122	119	139	19	21	21	74	21	84
SC_RS13170	NC_003888.3	2395074	2396807	-	1734	1177	1418	1351	161	164	113	296	146	291
SC_RS13175	NC_003888.3	2396944	2397855	-	912	511	587	493	111	79	82	189	128	161
SC_RS13180	NC_003888.3	2397869	2398873	-	1005	574	742	648	95	68	91	230	111	180
SC_RS13185	NC_003888.3	2398988	2400259	-	1272	3464	4813	4639	745	827	701	1017	943	866
SC_RS13190	NC_003888.3	2400651	2401685	+	1035	1447	1559	1656	188	198	203	306	208	279
SC_RS13195	NC_003888.3	2401774	2402643	+	870	761	749	950	472	358	423	720	659	654
SC_RS13200	NC_003888.3	2402769	2405768	-	3000	457	449	573	435	359	468	537	298	466
SC_RS13205	NC_003888.3	2405942	2406205	+	264	122	129	185	506	442	503	314	307	255
SC_RS13210	NC_003888.3	2406202	2406456	+	255	86	67	88	328	284	280	255	200	194
SC_RS13215	NC_003888.3	2406519	2406965	+	447	148	123	195	612	588	570	596	544	497
SC_RS13220	NC_003888.3	2406988	2408757	-	1770	411	367	492	852	750	771	690	675	684
SC_RS13225	NC_003888.3	2408840	2409466	-	627	135	150	181	185	161	171	159	72	148
SC_RS13230	NC_003888.3	2409463	2410131	-	669	185	171	211	126	147	136	174	100	147
SC_RS13235	NC_003888.3	2410423	2411784	+	1362	801	726	1114	439	364	472	524	351	427
SC_RS13240	NC_003888.3	2411818	2412264	-	447	164	144	199	79	90	77	129	52	85
SC_RS13245	NC_003888.3	2412355	2412933	+	579	702	704	904	133	141	118	243	180	241
SC_RS13250	NC_003888.3	2412958	2415030	-	2073	354	354	497	219	186	228	433	233	387
SC_RS13255	NC_003888.3	2415027	2415236	-	210	8	9	11	47	34	38	54	29	49
SC_RS13260	NC_003888.3	2415233	2416084	-	852	19	27	45	299	206	262	314	204	273
SC_RS13265	NC_003888.3	2416596	2417093	+	498	22	9	27	9	14	13	99	25	74
SC_RS13270	NC_003888.3	2417492	2417722	+	231	35	28	40	56	51	38	61	27	61
SC_RS13275	NC_003888.3	2417879	2418706	+	828	35	31	32	534	417	438	486	332	440
SC_RS13280	NC_003888.3	2418840	2419427	+	588	107	95	131	248	177	208	246	159	237
SC_RS13285	NC_003888.3	2419411	2419632	-	222	38	19	37	45	36	52	68	41	56
SC_RS13290	NC_003888.3	2419629	2420483	-	855	166	185	267	214	152	150	215	113	147
SC_RS13295	NC_003888.3	2420563	2421804	-	1242	701	667	981	253	214	227	141	48	133
SC_RS13300	NC_003888.3	2421926	2422978	-	1053	778	554	809	175	201	169	428	418	434
SC_RS13305	NC_003888.3	2423298	2424173	+	876	407	377	535	125	81	85	591	398	437
SC_RS13310	NC_003888.3	2424359	2425390	+	1032	212	188	246	123	133	132	259	146	211
SC_RS13315	NC_003888.3	2425387	2426211	+	825	119	106	129	125	112	102	237	136	158
SC_RS13320	NC_003888.3	2426233	2430201	-	3969	649	551	758	390	366	446	792	417	677
SC_RS13325	NC_003888.3	2430388	2431185	+	798	235	213	277	64	59	82	164	77	120
SC_RS13330	NC_003888.3	2431192	2431392	-	201	60	62	89	37	25	33	42	20	45
SC_RS13335	NC_003888.3	2431446	2432165	-	720	231	221	307	367	351	447	189	134	130
SC_RS13340	NC_003888.3	2432297	2432911	+	615	15	11	13	58	81	66	172	120	182
SC_RS13345	NC_003888.3	2433311	2434606	+	1296	76	57	74	27	12	25	159	54	166
SC_RS13350	NC_003888.3	2434607	2434849	-	243	80	63	89	115	94	102	206	181	158
SC_RS13355	NC_003888.3	2434908	2435765	+	858	768	745	1032	402	461	488	313	215	241
SC_RS13360	NC_003888.3	2435930	2436577	+	648	113	103	133	2268	2185	1622	804	664	658
SC_RS13365	NC_003888.3	2436593	2437237	-	645	115	93	148	831	907	567	284	167	200
SC_RS13370	NC_003888.3	2437246	2438085	-	840	54	34	59	817	809	509	308	287	255
SC_RS13375	NC_003888.3	2438127	2439746	-	1620	162	72	196	12203	12000	8763	4454	4483	3211
SC_RS13380	NC_003888.3	2439787	2441220	-	1434	33	11	54	3013	2734	2279	1012	608	557
SC_RS13385	NC_003888.3	2441324	2442376	+	1053	39	33	51	1926	1730	1459	1015	792	739
SC_RS13390	NC_003888.3	2442373	2443464	+	1092	20	18	20	797	641	539	457	339	339
SC_RS13395	NC_003888.3	2443461	2444303	+	843	37	31	42	752	654	507	585	433	496
SC_RS13400	NC_003888.3	2444536	2445690	+	1155	233	204	260	367	286	361	226	96	191
SC_RS13405	NC_003888.3	2445705	2446967	+	1263	180	160	239	244	210	231	208	102	160
SC_RS13410	NC_003888.3	2446970	2447842	+	873	168	174	242	366	319	285	168	105	162
SC_RS13415	NC_003888.3	2447802	2448791	+	990	710	608	831	647	566	489	384	255	299
SC_RS13420	NC_003888.3	2448807	2449538	-	732	1939	1731	2382	803	608	832	916	776	809
SC_RS13425	NC_003888.3	2449644	2450291	-	648	143	146	173	52	56	69	128	66	130
SC_RS13430	NC_003888.3	2450354	2451016	-	663	193	173	203	76	77	78	115	52	101
SC_RS13435	NC_003888.3	2451048	2452028	-	981	197	163	223	66	49	67	177	60	133
SC_RS13440	NC_003888.3	2452574	2453746	-	1173	314	324	440	139	115	162	166	48	180
SC_RS13445	NC_003888.3	2453707	2454993	-	1287	738	654	941	416	403	352	271	112	200
SC_RS13450	NC_003888.3	2455112	2456158	+	1047	143	148	182	3817	3207	2772	446	295	295
SC_RS13455	NC_003888.3	2456145	2457821	-	1677	80	83	89	32064	27295	26326	3336	2607	1770
SC_RS13460	NC_003888.3	2457954	2458745	+	792	171	136	198	56	64	65	177	71	147
SC_RS13465	NC_003888.3	2459004	2459330	-	327	22	33	40	19	23	16	36	17	50
SC_RS13470	NC_003888.3	2459484	2460026	+	543	14	18	19	0	3	1	66	15	57
SC_RS13475	NC_003888.3	2460057	2460398	+	342	26	26	19	40	42	45	78	46	58
SC_RS13480	NC_003888.3	2460463	2461470	-	1008	35	32	50	16	13	17	169	29	102
SC_RS13485	NC_003888.3	2461505	2462512	-	1008	53	44	42	10	6	14	166	30	126
SC_RS13490	NC_003888.3	2462902	2463304	-	403	156991	150125	194428	205031	223292	218097	175718	199794	269812
SC_RS13495	NC_003888.3	2463375	2464202	-	828	8	11	15	8	3	5	122	34	95
SC_RS13500	NC_003888.3	2464222	2465058	-	837	15	33	44	42	35	40	201	110	157
SC_RS13505	NC_003888.3	2465169	2465930	+	762	23	27	34	53	36	47	114	28	76
SC_RS13510	NC_003888.3	2465927	2466541	+	615	13	6	21	33	12	23	71	29	80
SC_RS13515	NC_003888.3	2466581	2467363	+	783	413	360	514	141	128	131	162	80	101
SC_RS13520	NC_003888.3	2467437	2468096	+	660	985	952	1138	217	149	207	153	155	188
SC_RS13525	NC_003888.3	2468071	2469564	-	1494	2747	2575	3324	630	549	673	555	434	503
SC_RS13530	NC_003888.3	2469576	2470319	-	744	2306	2228	2926	674	671	885	580	537	479
SC_RS13535	NC_003888.3	2470316	2471173	-	858	672	600	857	307	312	459	287	191	214
SC_RS13540	NC_003888.3	2471382	2472650	+	1269	12	14	20	6609	5215	5945	1318	1264	1229
SC_RS13545	NC_003888.3	2472748	2472915	+	168	830	759	1155	1272	1074	1277	704	670	559
SC_RS13550	NC_003888.3	2473023	2473919	-	897	153	145	201	166	108	127	190	92	141
SC_RS13555	NC_003888.3	2474063	2474989	+	927	36	27	45	18	22	19	164	64	121
SC_RS13560	NC_003888.3	2474986	2475702	+	717	13	11	12	6	11	6	91	39	83
SC_RS13565	NC_003888.3	2475740	2476969	+	1230	36	30	58	58	39	42	184	92	191
SC_RS13570	NC_003888.3	2477055	2477687	+	633	106	75	123	73	67	64	134	86	135
SC_RS13575	NC_003888.3	2478172	2479632	-	1461	131	127	184	245	183	165	777	536	621
SC_RS13580	NC_003888.3	2479917	2481674	+	1758	187	162	202	1045	1006	1371	337	208	317
SC_RS13585	NC_003888.3	2481918	2483546	+	1629	147	123	197	1463	1178	1501	1383	1099	1188
SC_RS13590	NC_003888.3	2483598	2484278	+	681	117	123	140	195	159	285	221	164	155
SC_RS13595	NC_003888.3	2484289	2485299	+	1011	293	254	344	560	514	650	551	433	478
SC_RS13600	NC_003888.3	2485458	2486327	+	870	3760	3342	4419	2074	1934	1797	1434	1211	1090
SC_RS13605	NC_003888.3	2486429	2486722	+	294	95	53	83	29	33	30	66	67	85
SC_RS13610	NC_003888.3	2486736	2487833	-	1098	452	487	565	172	121	218	229	129	157
SC_RS13615	NC_003888.3	2487830	2488564	-	735	360	360	470	132	92	157	149	95	127
SC_RS13620	NC_003888.3	2488558	2490054	-	1497	898	890	1090	159	109	214	299	141	221
SC_RS13625	NC_003888.3	2490268	2490921	+	654	868	849	1147	56	40	82	147	62	114
SC_RS13630	NC_003888.3	2490934	2491605	-	672	151	165	236	28	23	38	121	37	86
SC_RS13635	NC_003888.3	2491926	2493185	+	1260	1859	1748	2138	529	557	590	452	283	334
SC_RS13640	NC_003888.3	2493182	2493844	+	663	664	618	836	204	174	189	228	131	162
SC_RS13645	NC_003888.3	2493924	2495063	+	1140	233	238	318	101	91	106	248	99	189
SC_RS13650	NC_003888.3	2495060	2496751	+	1692	366	353	451	94	88	158	281	147	257
SC_RS13655	NC_003888.3	2496748	2497599	+	852	159	145	204	75	71	72	192	79	135
SC_RS13660	NC_003888.3	2497855	2498268	+	414	29	16	32	3	11	7	49	18	50
SC_RS13665	NC_003888.3	2498289	2498675	-	387	9	7	13	3	2	6	52	8	40
SC_RS13670	NC_003888.3	2498914	2499570	+	657	58	69	95	34	39	49	145	28	93
SC_RS13675	NC_003888.3	2499573	2500565	-	993	94	82	128	52	51	61	147	52	116
SC_RS13680	NC_003888.3	2500697	2501287	+	591	99	76	94	118	117	110	145	107	112
SC_RS13685	NC_003888.3	2501284	2501697	-	414	141	128	192	93	116	75	126	84	105
SC_RS13690	NC_003888.3	2501757	2502536	+	780	56	48	76	13	17	24	65	17	67
SC_RS13695	NC_003888.3	2502545	2502709	+	165	14	14	13	9	6	9	23	12	20
SC_RS13700	NC_003888.3	2502808	2504463	+	1656	595	550	739	82	76	55	198	92	175
SC_RS13705	NC_003888.3	2504417	2506495	-	2079	878	876	1189	557	518	680	817	552	632
SC_RS13710	NC_003888.3	2506906	2508294	+	1389	79	73	109	13	20	5	165	32	131
SC_RS13715	NC_003888.3	2508321	2508884	+	564	185	184	221	158	162	173	191	175	170
SC_RS13720	NC_003888.3	2508881	2509552	+	672	186	138	211	273	231	310	259	211	200
SC_RS13725	NC_003888.3	2509609	2510001	-	393	48	40	61	239	269	263	205	176	159
SC_RS13730	NC_003888.3	2510090	2510497	+	408	320	316	434	654	655	529	803	746	673
SC_RS13735	NC_003888.3	2510508	2511071	-	564	251	206	298	514	516	519	391	401	359
SC_RS13740	NC_003888.3	2511076	2511747	-	672	69	61	91	79	62	109	133	98	105
SC_RS13745	NC_003888.3	2511913	2512446	+	534	45	32	55	40	20	54	74	30	57
SC_RS13750	NC_003888.3	2512483	2514552	-	2070	56	59	61	51	39	52	302	81	243
SC_RS13755	NC_003888.3	2514718	2515959	+	1242	1959	1784	2348	510	414	466	561	448	510
SC_RS13760	NC_003888.3	2515998	2516663	-	666	3281	3322	4306	92	64	87	118	77	107
SC_RS13765	NC_003888.3	2516812	2517393	-	582	708	683	867	296	194	252	442	455	400
SC_RS13770	NC_003888.3	2517893	2518537	+	645	14	7	19	3538	2629	2676	582	453	407
SC_RS13775	NC_003888.3	2518626	2520308	+	1683	179	163	205	1346	1021	1099	522	297	422
SC_RS13780	NC_003888.3	2520564	2521025	+	462	15	12	24	36	30	33	96	23	77
SC_RS13785	NC_003888.3	2521164	2521838	+	675	769	635	896	155	149	156	226	166	191
SC_RS13790	NC_003888.3	2521928	2522161	-	234	148	147	186	73	72	93	92	83	88
SC_RS13795	NC_003888.3	2522166	2522699	-	534	712	620	915	198	176	153	257	188	262
SC_RS13800	NC_003888.3	2522814	2523149	+	336	58	59	83	68	45	62	91	62	98
SC_RS13805	NC_003888.3	2523200	2523274	-	75	9	17	23	13	8	4	20	4	20
SC_RS13810	NC_003888.3	2523500	2524270	+	771	29	22	25	15	5	7	114	22	83
SC_RS13815	NC_003888.3	2524342	2525745	+	1404	697	709	858	487	296	392	575	440	467
SC_RS13820	NC_003888.3	2525802	2526020	+	219	138	105	184	191	213	267	184	129	153
SC_RS13825	NC_003888.3	2526064	2526708	-	645	165	190	227	191	183	203	212	135	186
SC_RS13830	NC_003888.3	2526699	2527841	-	1143	198	257	312	276	207	206	266	166	223
SC_RS13835	NC_003888.3	2527974	2528804	+	831	108	94	138	57	32	34	96	37	62
SC_RS13840	NC_003888.3	2528722	2529534	-	813	181	200	248	163	129	130	129	38	104
SC_RS13845	NC_003888.3	2529534	2532053	-	2520	603	637	750	595	489	579	478	203	392
SC_RS13850	NC_003888.3	2532132	2533298	-	1167	282	307	347	483	346	401	266	124	203
SC_RS13855	NC_003888.3	2533506	2534501	+	996	577	543	736	205	180	220	535	380	469
SC_RS13860	NC_003888.3	2534532	2535269	-	738	176	185	193	108	91	97	376	320	310
SC_RS13865	NC_003888.3	2535421	2536563	-	1143	4114	3744	4741	2300	1871	2220	2466	2073	1945
SC_RS13870	NC_003888.3	2536613	2537188	-	576	692	609	900	719	621	788	721	601	580
SC_RS13875	NC_003888.3	2537340	2537915	-	576	3285	3074	4135	6500	5957	6801	6121	6126	5178
SC_RS13880	NC_003888.3	2538097	2538555	-	459	1508	1357	1695	800	799	1105	918	840	697
SC_RS13885	NC_003888.3	2538717	2539154	-	438	3440	3126	4235	2658	2670	2573	2839	2611	2373
SC_RS13890	NC_003888.3	2539576	2542332	+	2757	342	344	424	2051	1792	2054	2446	2144	2126
SC_RS13895	NC_003888.3	2542460	2542768	-	309	156	102	191	635	539	520	341	343	265
SC_RS13900	NC_003888.3	2543007	2544617	-	1611	903	613	1013	6021	5564	5354	2423	2020	1676
SC_RS13905	NC_003888.3	2544733	2545416	+	684	201	169	240	179	168	139	186	87	141
SC_RS13910	NC_003888.3	2545471	2546691	+	1221	429	410	509	352	349	401	379	232	300
SC_RS13915	NC_003888.3	2546758	2547645	+	888	513	446	591	385	281	372	287	202	265
SC_RS13920	NC_003888.3	2547771	2548787	-	1017	127	131	160	682	614	929	275	181	206
SC_RS13925	NC_003888.3	2548784	2549293	-	510	63	61	72	216	201	273	85	49	77
SC_RS13930	NC_003888.3	2549404	2549871	+	468	43	23	47	51	56	39	95	38	79
SC_RS13935	NC_003888.3	2549891	2550712	+	822	397	399	533	283	241	287	272	157	190
SC_RS13940	NC_003888.3	2550901	2551737	+	837	74	66	83	276	211	214	436	293	320
SC_RS13945	NC_003888.3	2551706	2551903	+	198	239	209	338	616	485	522	369	249	282
SC_RS13950	NC_003888.3	2552256	2556893	+	4638	463	428	572	11386	9147	11098	1201	710	942
SC_RS13955	NC_003888.3	2556886	2557305	+	420	311	228	362	1206	907	1151	349	293	298
SC_RS13960	NC_003888.3	2557326	2557982	-	657	129	96	149	177	167	167	173	121	168
SC_RS13965	NC_003888.3	2558045	2559250	+	1206	1112	1046	1336	366	313	417	464	306	419
SC_RS13970	NC_003888.3	2559340	2560290	+	951	3201	2789	3505	951	909	948	780	791	664
SC_RS13975	NC_003888.3	2560307	2561338	+	1032	4967	4408	6010	1376	1317	1438	1479	1485	1199
SC_RS13980	NC_003888.3	2561443	2561691	+	249	5830	5839	7235	2258	1912	1993	2019	2052	1564
SC_RS13985	NC_003888.3	2561801	2563090	+	1290	10500	9537	11303	2526	2605	2444	2101	2082	1612
SC_RS13990	NC_003888.3	2563192	2563686	-	495	275	191	246	229	231	300	338	259	294
SC_RS13995	NC_003888.3	2563944	2564861	+	918	317	272	337	329	217	345	444	281	328
SC_RS14000	NC_003888.3	2564900	2565871	+	972	294	280	409	106	81	134	207	90	186
SC_RS14005	NC_003888.3	2566162	2567460	+	1299	186	190	222	283	227	227	251	120	207
SC_RS14010	NC_003888.3	2567432	2568256	-	825	587	567	752	234	215	247	227	121	142
SC_RS14015	NC_003888.3	2568352	2568771	-	420	172	131	204	61	67	49	94	52	72
SC_RS14020	NC_003888.3	2568888	2569910	-	1023	186	151	196	121	107	167	176	82	139
SC_RS14025	NC_003888.3	2570030	2570485	+	456	43	41	52	57	31	40	100	49	65
SC_RS14030	NC_003888.3	2570546	2571427	+	882	36	39	45	14	6	20	137	41	101
SC_RS14035	NC_003888.3	2571440	2572189	-	750	39	41	42	22	12	14	111	36	102
SC_RS14040	NC_003888.3	2572404	2573570	+	1167	32	20	39	10	6	13	146	39	134
SC_RS14045	NC_003888.3	2573567	2574583	+	1017	26	18	22	11	2	5	89	31	71
SC_RS14050	NC_003888.3	2574719	2575690	+	972	11	13	12	13	12	11	132	31	132
SC_RS14055	NC_003888.3	2575786	2576895	+	1110	19	26	24	92	71	86	191	68	153
SC_RS14060	NC_003888.3	2576928	2578505	+	1578	33	49	38	126	116	120	255	111	197
SC_RS14065	NC_003888.3	2578502	2579746	+	1245	38	25	36	108	86	98	188	81	152
SC_RS14070	NC_003888.3	2579814	2580962	+	1149	30	21	27	131	117	120	291	164	233
SC_RS14075	NC_003888.3	2581080	2582705	+	1626	33	33	31	46	18	26	247	107	202
SC_RS14080	NC_003888.3	2582733	2583998	-	1266	23	15	23	14	3	2	171	46	159
SC_RS14085	NC_003888.3	2584078	2584839	-	762	3	6	4	2	2	3	87	21	60
SC_RS14090	NC_003888.3	2584886	2585440	-	555	4	5	2	4	2	2	55	18	33
SC_RS14095	NC_003888.3	2585467	2586126	-	660	7	4	9	2	4	1	86	21	72
SC_RS14100	NC_003888.3	2586123	2586635	-	513	2	3	2	2	0	2	62	18	44
SC_RS14105	NC_003888.3	2586632	2587933	-	1302	3	3	3	2	7	6	153	21	112
SC_RS14110	NC_003888.3	2587930	2589171	-	1242	12	11	12	9	6	2	134	41	126
SC_RS14115	NC_003888.3	2589168	2590181	-	1014	5	5	7	3	3	2	148	22	94
SC_RS14120	NC_003888.3	2590178	2591233	-	1056	4	2	1	4	5	1	119	26	118
SC_RS14125	NC_003888.3	2591230	2592294	-	1065	7	5	3	4	2	1	129	18	117
SC_RS14130	NC_003888.3	2592291	2593547	-	1257	15	19	23	7	5	3	138	39	144
SC_RS14135	NC_003888.3	2593549	2594355	-	807	20	9	18	3	5	12	96	22	80
SC_RS14140	NC_003888.3	2594362	2595126	-	765	24	14	18	14	9	8	119	24	60
SC_RS14145	NC_003888.3	2595123	2596133	-	1011	9	12	18	6	5	2	114	37	148
SC_RS14150	NC_003888.3	2596787	2597419	+	633	9	9	2	17	6	8	107	33	98
SC_RS14155	NC_003888.3	2597556	2599157	+	1602	43	24	45	16	7	20	205	52	188
SC_RS14160	NC_003888.3	2599192	2600133	+	942	22	10	17	21	18	31	141	34	99
SC_RS14165	NC_003888.3	2600318	2601529	+	1212	15	16	26	255	221	226	252	139	204
SC_RS14170	NC_003888.3	2601569	2602537	-	969	15	17	21	62	60	59	180	68	154
SC_RS14175	NC_003888.3	2602879	2604447	+	1569	8	5	3	1454	1171	1245	1042	776	722
SC_RS14180	NC_003888.3	2604477	2605133	-	657	0	0	2	40	40	51	118	40	125
SC_RS14185	NC_003888.3	2605550	2608351	+	2802	654	599	770	201	174	199	475	241	429
SC_RS14190	NC_003888.3	2608364	2609869	-	1506	85	67	83	23	11	18	161	44	155
SC_RS14195	NC_003888.3	2609897	2610760	-	864	31	29	33	21	18	22	147	43	102
SC_RS14200	NC_003888.3	2610757	2611698	-	942	17	13	23	8	18	10	152	30	109
SC_RS14205	NC_003888.3	2611695	2613053	-	1359	3	1	9	4	7	4	166	39	154
SC_RS14210	NC_003888.3	2613322	2613849	+	528	219	225	302	652	523	565	660	508	552
SC_RS14215	NC_003888.3	2613846	2615030	+	1185	189	151	230	384	313	428	465	312	367
SC_RS14220	NC_003888.3	2615125	2616336	+	1212	185	147	187	312	243	356	384	230	260
SC_RS14225	NC_003888.3	2616326	2617732	+	1407	484	379	593	790	618	698	773	592	646
SC_RS14230	NC_003888.3	2617790	2618650	-	861	295	252	326	232	165	185	244	159	200
SC_RS14235	NC_003888.3	2618647	2619420	-	774	361	353	487	240	137	138	293	135	208
SC_RS14240	NC_003888.3	2619547	2620149	+	603	102	93	163	63	58	61	95	37	93
SC_RS14245	NC_003888.3	2620174	2620881	-	708	528	448	549	229	212	168	157	63	134
SC_RS14250	NC_003888.3	2621091	2622488	+	1398	25	30	44	34	20	32	192	35	148
SC_RS14255	NC_003888.3	2622576	2624033	+	1458	111	131	165	139	144	161	225	90	175
SC_RS14260	NC_003888.3	2624026	2625402	+	1377	109	119	119	118	114	105	182	59	140
SC_RS14265	NC_003888.3	2625671	2629333	-	3663	36	36	52	684	586	628	610	274	601
SC_RS14270	NC_003888.3	2629560	2629973	+	414	512	439	556	1322	966	991	1532	1101	1206
SC_RS14275	NC_003888.3	2629970	2631634	+	1665	1567	1370	1981	1224	1042	1286	1531	1418	1406
SC_RS14280	NC_003888.3	2631773	2632795	+	1023	75	73	98	179	183	241	245	186	171
SC_RS14285	NC_003888.3	2632795	2636844	+	4050	264	197	282	551	504	600	925	549	694
SC_RS14290	NC_003888.3	2637014	2638096	+	1083	7	10	12	8	9	11	116	36	106
SC_RS14295	NC_003888.3	2638132	2639559	+	1428	8	8	9	10	6	8	166	34	129
SC_RS14300	NC_003888.3	2639637	2639792	+	156	5	2	2	4	2	3	22	10	31
SC_RS14305	NC_003888.3	2640001	2642232	+	2232	69	72	88	48	39	52	297	72	245
SC_RS14310	NC_003888.3	2642344	2643939	-	1596	219	193	219	112	85	93	259	126	193
SC_RS14315	NC_003888.3	2644019	2644459	-	441	179	158	199	103	83	87	197	119	140
SC_RS14320	NC_003888.3	2644511	2644906	-	396	115	101	127	44	47	50	101	47	81
SC_RS14325	NC_003888.3	2644903	2645421	-	519	339	316	446	101	88	106	184	107	116
SC_RS14330	NC_003888.3	2645607	2646071	+	465	59	30	41	27	25	37	84	53	81
SC_RS14335	NC_003888.3	2646222	2646650	-	429	158	177	231	39	23	37	80	39	64
SC_RS14340	NC_003888.3	2646860	2646933	-	74	47	48	54	7	2	6	46	11	31
SC_RS14345	NC_003888.3	2647132	2647204	-	73	16	14	12	1	0	1	4	4	5
SC_RS14350	NC_003888.3	2647210	2647282	-	73	1	0	1	0	0	1	16	7	18
SC_RS14355	NC_003888.3	2647432	2647737	+	306	179	149	220	439	342	348	462	376	349
SC_RS14360	NC_003888.3	2647782	2649230	+	1449	2203	1966	2798	1333	1120	1125	1192	991	1068
SC_RS14365	NC_003888.3	2649370	2651103	+	1734	957	811	1089	1003	916	932	708	592	595
SC_RS14370	NC_003888.3	2651103	2653031	+	1929	515	433	624	786	664	747	617	486	475
SC_RS14375	NC_003888.3	2653137	2654327	-	1191	229	230	305	131	118	100	232	94	204
SC_RS14380	NC_003888.3	2654479	2655117	+	639	60	47	68	23	22	22	85	19	62
SC_RS14385	NC_003888.3	2655114	2656115	+	1002	76	79	101	45	33	34	120	35	113
SC_RS14390	NC_003888.3	2656131	2658056	-	1926	553	576	676	390	314	412	560	361	513
SC_RS14395	NC_003888.3	2658086	2659351	-	1266	175	181	243	290	297	314	1475	1260	1198
SC_RS14400	NC_003888.3	2659480	2660754	-	1275	305	272	386	60	35	56	198	50	154
SC_RS14405	NC_003888.3	2660813	2661652	-	840	14	16	11	2	7	2	84	29	78
SC_RS14410	NC_003888.3	2661818	2662504	+	687	171	148	171	15	18	23	145	91	171
SC_RS14415	NC_003888.3	2662608	2665067	+	2460	45	23	30	10	5	6	316	63	223
SC_RS14420	NC_003888.3	2665196	2666839	+	1644	3	3	3	6	3	6	175	31	159
SC_RS14425	NC_003888.3	2666940	2667869	+	930	357	282	398	253	191	216	268	219	208
SC_RS14430	NC_003888.3	2667818	2668561	-	744	33	39	43	83	76	138	308	218	257
SC_RS14435	NC_003888.3	2668624	2669391	-	768	29	26	41	90	108	153	668	641	612
SC_RS14440	NC_003888.3	2669524	2670156	-	633	11	10	10	17	14	11	1502	1433	1084
SC_RS14445	NC_003888.3	2670321	2670863	+	543	11	2	1	10	2	9	62	15	61
SC_RS14450	NC_003888.3	2670982	2671614	+	633	18	13	11	132	97	113	110	63	93
SC_RS14455	NC_003888.3	2671552	2671941	-	390	12	15	16	233	170	164	128	89	108
SC_RS14460	NC_003888.3	2672049	2672984	+	936	4	4	7	59	47	102	103	28	89
SC_RS14465	NC_003888.3	2673003	2673713	+	711	63	74	105	88	101	127	116	42	79
SC_RS14470	NC_003888.3	2673716	2675029	+	1314	187	182	222	156	139	173	251	89	165
SC_RS14475	NC_003888.3	2675087	2675869	-	783	169	145	181	25	32	16	90	33	99
SC_RS14480	NC_003888.3	2676046	2677278	+	1233	27	22	30	10	23	10	147	28	108
SC_RS14485	NC_003888.3	2677278	2679893	+	2616	10	23	17	25	22	10	291	57	239
SC_RS14490	NC_003888.3	2679890	2680291	+	402	1	0	0	1	2	4	49	12	31
SC_RS14495	NC_003888.3	2680340	2680924	+	585	112	114	147	142	96	114	148	122	141
SC_RS14500	NC_003888.3	2681005	2681772	+	768	57	56	61	71	65	45	125	59	111
SC_RS14505	NC_003888.3	2681817	2682749	-	933	587	548	771	187	114	126	642	449	670
SC_RS14510	NC_003888.3	2682933	2683406	+	474	10	6	8	156	154	144	657	701	583
SC_RS14515	NC_003888.3	2683469	2684677	-	1209	68	78	114	85	85	72	381	255	293
SC_RS14520	NC_003888.3	2684904	2687633	-	2730	62	46	64	174	157	152	475	193	395
SC_RS14525	NC_003888.3	2688116	2689894	+	1779	36	35	48	36	21	33	333	155	244
SC_RS14530	NC_003888.3	2690016	2690456	+	441	76	62	105	52	43	45	68	47	61
SC_RS14535	NC_003888.3	2690476	2691696	-	1221	367	331	432	219	185	229	264	153	193
SC_RS14540	NC_003888.3	2691805	2693250	+	1446	600	535	831	88	72	99	208	117	179
SC_RS14545	NC_003888.3	2693290	2697708	-	4419	243	205	299	126	106	154	530	172	448
SC_RS14550	NC_003888.3	2697718	2698566	-	849	59	50	65	56	55	68	115	51	127
SC_RS14555	NC_003888.3	2698679	2699575	-	897	128	161	205	319	306	327	309	239	238
SC_RS14560	NC_003888.3	2699686	2701119	+	1434	14	12	20	3	3	4	190	33	162
SC_RS14565	NC_003888.3	2701242	2702318	+	1077	64	76	98	16	7	7	152	38	131
SC_RS14570	NC_003888.3	2702461	2703843	-	1383	4418	4392	5601	1474	1289	1442	1355	1004	952
SC_RS14575	NC_003888.3	2704004	2704990	+	987	395	351	532	46	34	43	290	97	158
SC_RS14580	NC_003888.3	2705052	2705822	+	771	303	253	378	59	70	82	195	97	171
SC_RS14585	NC_003888.3	2705836	2706738	+	903	173	152	209	60	39	42	205	76	124
SC_RS14590	NC_003888.3	2706801	2707220	+	420	410	372	585	444	416	458	281	223	254
SC_RS14595	NC_003888.3	2707331	2708164	-	834	714	664	971	430	451	481	446	356	350
SC_RS14600	NC_003888.3	2708177	2708923	-	747	301	309	372	204	211	263	238	205	216
SC_RS14605	NC_003888.3	2708946	2709167	-	222	1	2	1	1	7	0	33	9	24
SC_RS14610	NC_003888.3	2709164	2709370	-	207	0	0	2	1	7	3	39	16	21
SC_RS14615	NC_003888.3	2709485	2710318	+	834	7	5	16	567	712	261	981	639	691
SC_RS14620	NC_003888.3	2710300	2710590	+	291	113	109	150	220	257	168	217	198	195
SC_RS14625	NC_003888.3	2710619	2711158	+	540	118	103	126	116	97	73	160	99	134
SC_RS14630	NC_003888.3	2711253	2712752	+	1500	52	39	63	331	301	218	877	655	815
SC_RS14635	NC_003888.3	2712740	2713435	-	696	40	35	38	514	451	464	1418	1364	1198
SC_RS14640	NC_003888.3	2713432	2714709	-	1278	119	101	130	1054	854	884	2998	2805	2645
SC_RS14645	NC_003888.3	2714777	2716855	-	2079	63	52	88	5582	4694	4230	19377	17937	16869
SC_RS14650	NC_003888.3	2717003	2718136	-	1134	53	45	46	515	455	514	1428	1375	1229
SC_RS14655	NC_003888.3	2718235	2719215	-	981	9	16	13	92	59	112	389	264	315
SC_RS14660	NC_003888.3	2719217	2720182	-	966	24	31	30	105	93	126	421	302	300
SC_RS14665	NC_003888.3	2720179	2721096	-	918	54	44	80	145	145	201	458	347	400
SC_RS14670	NC_003888.3	2721099	2722943	-	1845	82	91	106	575	451	580	1895	1463	1443
SC_RS14675	NC_003888.3	2723027	2723800	-	774	91	79	133	389	405	472	1202	865	986
SC_RS14680	NC_003888.3	2724049	2724603	+	555	3	3	3	245	256	239	950	771	749
SC_RS14685	NC_003888.3	2724600	2725295	-	696	17	21	20	410	334	272	1101	930	898
SC_RS14690	NC_003888.3	2725480	2727201	-	1722	483	446	595	7527	2947	3248	725	417	520
SC_RS14695	NC_003888.3	2727564	2728634	+	1071	2	4	5	696	699	743	728	592	559
SC_RS14700	NC_003888.3	2728656	2728922	+	267	8	11	12	297	278	197	252	181	177
SC_RS14705	NC_003888.3	2728980	2730326	+	1347	30	30	40	291	224	216	378	211	339
SC_RS14710	NC_003888.3	2730432	2731511	+	1080	2594	2501	3243	1598	1401	1755	1583	1442	1349
SC_RS14715	NC_003888.3	2731524	2732021	+	498	1407	1330	1728	592	569	667	531	518	491
SC_RS14720	NC_003888.3	2732018	2733322	+	1305	1505	1437	1792	848	755	879	698	620	602
SC_RS14725	NC_003888.3	2733319	2733693	+	375	181	138	181	89	79	64	88	64	93
SC_RS14730	NC_003888.3	2733655	2735148	-	1494	146	150	187	35	27	37	189	54	170
SC_RS14735	NC_003888.3	2735252	2736145	+	894	126	99	190	244	158	214	263	197	241
SC_RS14740	NC_003888.3	2736184	2736540	+	357	228	230	349	217	227	256	216	193	201
SC_RS14745	NC_003888.3	2736606	2737559	+	954	1700	1585	2135	418	441	525	480	318	344
SC_RS14750	NC_003888.3	2737582	2738718	-	1137	828	673	890	171	154	157	225	126	202
SC_RS14755	NC_003888.3	2738852	2740222	-	1371	15	17	24	6	3	2	183	43	140
SC_RS14760	NC_003888.3	2740287	2741582	-	1296	8	5	15	4	6	8	190	33	144
SC_RS14765	NC_003888.3	2741579	2742547	-	969	2	5	7	4	3	3	112	23	94
SC_RS14770	NC_003888.3	2742662	2743459	+	798	100	97	112	70	72	81	187	87	148
SC_RS14775	NC_003888.3	2743633	2744982	+	1350	192	140	223	33	24	14	198	55	145
SC_RS14780	NC_003888.3	2745002	2746000	-	999	439	392	508	42	41	56	147	70	104
SC_RS14785	NC_003888.3	2746021	2746926	-	906	289	282	353	163	185	195	165	70	147
SC_RS14790	NC_003888.3	2746955	2747308	-	354	802	725	942	570	478	567	382	218	263
SC_RS14795	NC_003888.3	2747664	2750867	-	3204	641	648	871	3836	3190	4168	1954	1675	1645
SC_RS14800	NC_003888.3	2750935	2751423	-	489	28	29	53	663	493	505	1294	1142	1203
SC_RS14805	NC_003888.3	2751523	2751900	+	378	56	55	60	29	19	19	84	26	60
SC_RS14810	NC_003888.3	2751941	2752690	-	750	492	464	638	127	121	149	179	118	153
SC_RS14815	NC_003888.3	2752687	2753781	-	1095	1227	1132	1489	249	198	277	313	210	253
SC_RS14820	NC_003888.3	2753870	2755006	-	1137	2249	2060	2759	987	836	1134	666	682	576
SC_RS14825	NC_003888.3	2755007	2756023	-	1017	2962	2559	3649	1221	978	1278	1086	1107	909
SC_RS14830	NC_003888.3	2756208	2756951	+	744	89	90	125	57	38	42	126	43	101
SC_RS14835	NC_003888.3	2756986	2757810	+	825	373	279	412	120	101	115	167	120	152
SC_RS14840	NC_003888.3	2757788	2758378	-	591	191	172	213	189	185	196	248	199	187
SC_RS14845	NC_003888.3	2758482	2759714	-	1233	373	402	490	242	192	244	397	223	326
SC_RS14850	NC_003888.3	2759799	2762177	-	2379	47	51	59	2445	1905	2039	2512	2132	2089
SC_RS14855	NC_003888.3	2762403	2764280	-	1878	291	273	321	152	126	153	396	145	318
SC_RS14860	NC_003888.3	2764588	2766456	-	1869	3122	2900	4016	1058	971	1268	1135	840	815
SC_RS14865	NC_003888.3	2766694	2766960	+	267	6356	6260	8053	1394	1510	1557	2404	1984	1663
SC_RS14870	NC_003888.3	2767268	2768257	-	990	1901	1684	2500	454	340	398	416	372	439
SC_RS14875	NC_003888.3	2768323	2768568	-	246	72	66	78	39	24	33	49	23	37
SC_RS14880	NC_003888.3	2768600	2769481	-	882	282	266	368	38	33	34	152	24	131
SC_RS14885	NC_003888.3	2769878	2772445	-	2568	24	10	19	12	11	20	301	68	229
SC_RS14890	NC_003888.3	2772442	2773509	-	1068	83	81	116	25	12	16	110	35	108
SC_RS14895	NC_003888.3	2773654	2774499	-	846	151	176	190	96	96	94	208	141	163
SC_RS14900	NC_003888.3	2774591	2775367	-	777	289	252	290	289	250	342	398	352	378
SC_RS14905	NC_003888.3	2775536	2778436	-	2901	2762	2601	3345	1948	891	1856	1031	602	714
SC_RS14910	NC_003888.3	2778973	2780259	+	1287	60	40	72	670	532	733	631	494	540
SC_RS14915	NC_003888.3	2780256	2781866	+	1611	129	85	112	1171	972	1121	1073	988	981
SC_RS14920	NC_003888.3	2781922	2781994	-	73	0	0	1	1	0	0	5	0	11
SC_RS14925	NC_003888.3	2782151	2782384	-	234	477	400	526	355	257	355	359	342	268
SC_RS14930	NC_003888.3	2782763	2782835	-	73	23	19	18	5	2	7	22	10	27
SC_RS14935	NC_003888.3	2782944	2783615	-	672	1788	1658	2184	380	426	471	318	286	316
SC_RS14940	NC_003888.3	2783612	2784058	-	447	1244	1270	1628	324	353	465	357	344	271
SC_RS14945	NC_003888.3	2784151	2785929	-	1779	1056	1058	1343	569	494	675	608	438	485
SC_RS14950	NC_003888.3	2785946	2786662	-	717	662	567	788	198	155	239	232	130	171
SC_RS14955	NC_003888.3	2786722	2786889	-	168	191	211	261	108	84	104	120	70	90
SC_RS14960	NC_003888.3	2786987	2787148	-	162	244	240	279	158	167	181	166	139	160
SC_RS14965	NC_003888.3	2787290	2788498	+	1209	1268	1187	1469	1187	965	973	1456	1288	1302
SC_RS14970	NC_003888.3	2788512	2789582	-	1071	456	391	500	300	231	224	817	742	740
SC_RS14975	NC_003888.3	2789669	2790238	-	570	384	358	447	1367	1179	1270	2085	2048	1964
SC_RS14980	NC_003888.3	2790362	2791648	-	1287	263	258	381	384	387	443	400	192	270
SC_RS14985	NC_003888.3	2791720	2792250	-	531	42	49	60	442	386	479	599	477	535
SC_RS14990	NC_003888.3	2792386	2793510	-	1125	492	429	542	288	258	293	369	227	283
SC_RS14995	NC_003888.3	2794753	2796912	+	2160	34	28	48	30	25	27	375	133	301
SC_RS15000	NC_003888.3	2797141	2799372	+	2232	205	178	244	205	172	235	471	169	355
SC_RS15005	NC_003888.3	2799396	2802989	+	3594	727	647	846	794	667	823	804	492	654
SC_RS15010	NC_003888.3	2803160	2804890	+	1731	4466	4305	5457	655	661	804	1252	997	1123
SC_RS15015	NC_003888.3	2804967	2807795	-	2829	7640	7233	9517	511	507	612	1271	1141	1175
SC_RS15020	NC_003888.3	2807802	2808791	-	990	2627	2207	3057	128	151	160	438	358	411
SC_RS15025	NC_003888.3	2808791	2810599	-	1809	2665	2630	3345	188	225	259	775	659	745
SC_RS15030	NC_003888.3	2810811	2812247	-	1437	1540	1466	1861	376	386	533	461	348	409
SC_RS15035	NC_003888.3	2812358	2812612	-	255	4095	4208	5320	1290	1621	1859	1839	1934	1209
SC_RS15040	NC_003888.3	2812627	2812947	-	321	11882	11643	15117	3107	3168	3562	3975	3657	2833
SC_RS15045	NC_003888.3	2813146	2814207	-	1062	242	238	281	48	38	62	247	130	204
SC_RS15050	NC_003888.3	2814360	2816684	-	2325	7118	6373	8723	1482	1604	2034	2502	2311	2203
SC_RS15055	NC_003888.3	2818657	2819433	-	777	3749	3395	4453	932	941	1206	1171	1176	1121
SC_RS15060	NC_003888.3	2819482	2820558	-	1077	356	342	422	83	85	46	337	203	276
SC_RS15065	NC_003888.3	2820608	2822731	-	2124	481	479	568	367	310	325	543	331	413
SC_RS15070	NC_003888.3	2822937	2823083	+	147	0	3	3	0	0	1	50	5	21
SC_RS15075	NC_003888.3	2823266	2823451	-	186	7	11	7	2	2	1	39	8	25
SC_RS15080	NC_003888.3	2823656	2825212	+	1557	131	113	137	100	93	93	248	110	252
SC_RS15085	NC_003888.3	2825348	2826283	-	936	266	254	358	147	120	135	252	132	178
SC_RS15090	NC_003888.3	2826447	2827148	+	702	142	127	189	30	31	28	145	43	120
SC_RS15095	NC_003888.3	2827188	2827373	-	186	137	124	192	61	62	36	63	42	46
SC_RS15100	NC_003888.3	2827396	2829345	-	1950	1253	1149	1514	411	381	512	561	351	438
SC_RS15105	NC_003888.3	2829460	2830656	-	1197	228	244	255	191	197	218	307	185	293
SC_RS15110	NC_003888.3	2830653	2832962	-	2310	829	732	896	656	553	677	927	536	691
SC_RS15115	NC_003888.3	2833015	2833686	-	672	112	96	113	63	51	76	138	56	104
SC_RS15120	NC_003888.3	2833700	2834725	-	1026	602	536	637	241	247	248	318	203	242
SC_RS15125	NC_003888.3	2834908	2835927	-	1020	2862	2686	3507	1128	1073	1204	1185	987	913
SC_RS15130	NC_003888.3	2836247	2836660	-	414	763	754	963	179	187	156	190	163	141
SC_RS15135	NC_003888.3	2836785	2837141	-	357	564	555	701	197	177	152	260	158	174
SC_RS15140	NC_003888.3	2837148	2838671	-	1524	2777	2687	3582	1202	967	1234	1089	1064	993
SC_RS15145	NC_003888.3	2838957	2841581	-	2625	6866	6769	8651	2585	2062	2596	1980	1618	1654
SC_RS15150	NC_003888.3	2841719	2842726	+	1008	4726	4527	6098	1118	1001	995	996	1204	1047
SC_RS15155	NC_003888.3	2842798	2844084	-	1287	3737	3666	4537	2530	2249	2997	2726	2713	2538
SC_RS15160	NC_003888.3	2844276	2844986	-	711	3150	3394	3655	3786	3521	4608	3943	3755	2932
SC_RS15165	NC_003888.3	2845037	2845642	-	606	5362	5440	6761	6172	4809	7052	5739	5833	4572
SC_RS15170	NC_003888.3	2846000	2847406	-	1407	22561	20588	28452	8186	7943	8504	4907	4708	3657
SC_RS15175	NC_003888.3	2847576	2847652	-	77	52	40	50	15	11	16	30	19	31
SC_RS15180	NC_003888.3	2847816	2847886	+	71	83	80	107	26	15	28	36	55	48
SC_RS15185	NC_003888.3	2847983	2848177	-	195	579	497	690	804	643	634	2621	2256	2184
SC_RS15190	NC_003888.3	2848812	2849981	+	1170	138	83	157	102	98	113	231	75	166
SC_RS15195	NC_003888.3	2849992	2850486	-	495	127	89	152	57	76	58	118	69	99
SC_RS15200	NC_003888.3	2850510	2851697	-	1188	367	341	437	547	455	566	686	498	529
SC_RS15205	NC_003888.3	2851911	2853152	+	1242	188	150	241	177	157	144	239	120	225
SC_RS15210	NC_003888.3	2853163	2854005	-	843	201	199	245	114	107	137	158	85	162
SC_RS15215	NC_003888.3	2854112	2854597	-	486	1031	1061	1347	1306	1466	1564	606	552	449
SC_RS15220	NC_003888.3	2854806	2856250	+	1445	275	274	295	114	94	101	195	46	172
SC_RS15225	NC_003888.3	2856329	2856910	-	582	608	676	764	205	187	199	193	98	140
SC_RS15230	NC_003888.3	2857300	2858685	+	1386	161	166	187	18	22	16	217	30	183
SC_RS15235	NC_003888.3	2858981	2859937	+	957	12	16	21	7	6	4	68	12	60
SC_RS15240	NC_003888.3	2860089	2860730	+	642	10684	11188	14134	29941	29569	31212	13059	12027	10151
SC_RS15245	NC_003888.3	2860846	2861484	-	639	561	569	652	2287	2086	2868	1269	1111	866
SC_RS15250	NC_003888.3	2861630	2864203	+	2574	2791	2642	3382	1453	1230	1623	1029	731	857
SC_RS15255	NC_003888.3	2864527	2865597	+	1071	139	133	160	55	46	48	1212	1355	1559
SC_RS15260	NC_003888.3	2865913	2869209	+	3297	1372	1372	1617	2506	1975	3271	1168	963	1210
SC_RS15265	NC_003888.3	2869281	2870030	-	750	114	96	127	42	32	31	102	26	70
SC_RS15270	NC_003888.3	2870032	2870568	-	537	102	84	110	15	26	28	76	40	49
SC_RS15275	NC_003888.3	2870836	2871858	+	1023	1428	1408	1816	1027	997	1043	760	590	493
SC_RS15280	NC_003888.3	2871981	2873168	+	1188	174	150	227	1718	1466	1717	690	525	629
SC_RS15285	NC_003888.3	2873181	2873657	-	477	23	15	12	90	67	68	56	40	63
SC_RS15290	NC_003888.3	2873770	2876343	+	2574	6671	6375	8110	4497	4080	4948	3048	2913	2580
SC_RS15295	NC_003888.3	2876450	2877352	-	903	419	359	462	109	72	79	165	111	152
SC_RS15300	NC_003888.3	2877382	2878338	-	957	70	49	89	40	49	30	150	38	113
SC_RS15305	NC_003888.3	2878372	2879334	-	963	27	32	41	12	2	11	127	38	107
SC_RS15310	NC_003888.3	2879447	2879965	+	519	175	144	193	42	42	33	127	60	108
SC_RS15315	NC_003888.3	2880082	2880369	-	288	1065	1055	1355	1001	893	1056	881	1034	677
SC_RS15320	NC_003888.3	2880455	2882590	-	2136	205	206	260	91	70	109	471	214	359
SC_RS15325	NC_003888.3	2882600	2882911	-	312	104	89	133	41	21	48	178	98	121
SC_RS15330	NC_003888.3	2883219	2883956	-	738	49	63	71	179	121	129	166	43	118
SC_RS15335	NC_003888.3	2884084	2884518	+	435	393	392	514	121	118	107	154	98	123
SC_RS15340	NC_003888.3	2884761	2885426	+	666	14	14	18	16	14	20	101	26	90
SC_RS15345	NC_003888.3	2885483	2886067	+	585	64	72	81	295	257	218	335	299	342
SC_RS15350	NC_003888.3	2886105	2886641	-	537	209	222	219	1921	1623	1900	2307	2433	2067
SC_RS15355	NC_003888.3	2886898	2888085	+	1188	316	285	407	555	508	521	420	253	318
SC_RS15360	NC_003888.3	2888309	2889526	+	1218	195	198	227	52	42	71	204	89	178
SC_RS15365	NC_003888.3	2889601	2890938	+	1338	25	29	22	3	6	5	173	29	168
SC_RS15370	NC_003888.3	2890945	2891889	+	945	16	10	16	3	4	5	116	24	128
SC_RS15375	NC_003888.3	2891886	2892797	+	912	13	12	22	10	12	21	95	28	93
SC_RS15380	NC_003888.3	2892805	2894070	+	1266	129	102	166	86	68	94	217	78	155
SC_RS15385	NC_003888.3	2894061	2895032	+	972	87	77	108	63	52	68	157	64	118
SC_RS15390	NC_003888.3	2895187	2896551	+	1365	1213	1109	1350	870	706	754	1159	1021	1048
SC_RS15395	NC_003888.3	2896634	2897692	+	1059	503	400	539	725	554	713	843	740	711
SC_RS15400	NC_003888.3	2897763	2899097	+	1335	530	438	567	449	303	437	573	493	539
SC_RS15405	NC_003888.3	2899220	2899537	-	318	104	102	115	108	76	85	148	132	129
SC_RS15410	NC_003888.3	2899581	2901884	+	2304	891	730	986	940	750	919	1300	1107	1157
SC_RS15415	NC_003888.3	2901888	2903336	+	1449	1053	918	1196	662	562	614	885	714	716
SC_RS15420	NC_003888.3	2903451	2904797	+	1347	326	310	367	313	282	346	855	691	735
SC_RS15425	NC_003888.3	2904844	2906658	+	1815	3489	3506	4500	2162	1635	1885	2163	1858	1896
SC_RS15430	NC_003888.3	2906677	2907651	-	975	751	635	899	413	301	427	540	532	501
SC_RS15435	NC_003888.3	2907738	2908151	+	414	289	251	353	415	408	394	607	550	442
SC_RS15440	NC_003888.3	2908387	2911707	+	3321	962	831	1103	260	185	242	646	390	568
SC_RS15445	NC_003888.3	2911847	2914579	+	2733	350	344	428	137	85	123	431	256	426
SC_RS15450	NC_003888.3	2914632	2915591	+	960	349	308	425	47	40	42	130	66	130
SC_RS15455	NC_003888.3	2915616	2916338	-	723	1044	931	1191	363	310	364	348	262	330
SC_RS15460	NC_003888.3	2916335	2916745	-	411	1090	1042	1257	940	763	866	531	518	419
SC_RS15465	NC_003888.3	2916748	2918412	-	1665	5303	5077	6692	4556	4041	4597	2827	2656	2168
SC_RS15470	NC_003888.3	2918653	2919168	+	516	23	25	26	22	29	19	84	26	93
SC_RS15475	NC_003888.3	2919307	2919672	-	366	75	49	82	42	33	31	82	40	78
SC_RS15480	NC_003888.3	2920040	2920627	+	588	12	20	16	138	109	114	232	165	213
SC_RS15485	NC_003888.3	2920569	2922815	+	2247	258	209	336	76	60	62	337	75	250
SC_RS15490	NC_003888.3	2922880	2924292	-	1413	1298	1162	1488	296	248	289	305	129	232
SC_RS15495	NC_003888.3	2924515	2924985	-	471	17	19	20	12	9	12	77	29	63
SC_RS15500	NC_003888.3	2925258	2927738	-	2481	25	20	21	19	12	19	330	100	273
SC_RS15505	NC_003888.3	2927742	2929349	-	1608	11	9	12	8	2	13	270	65	176
SC_RS15510	NC_003888.3	2929681	2929753	+	73	133	151	169	50	40	33	70	53	52
SC_RS15515	NC_003888.3	2929823	2930719	-	897	200	183	261	66	43	60	158	65	124
SC_RS15520	NC_003888.3	2930984	2931145	+	162	3	1	1	3	0	0	20	4	20
SC_RS15525	NC_003888.3	2931148	2931792	+	645	2	1	0	6	4	2	49	16	41
SC_RS15530	NC_003888.3	2931848	2932993	+	1146	27	26	22	13	11	14	146	40	119
SC_RS15535	NC_003888.3	2932990	2934117	+	1128	12	10	17	1	9	4	134	32	105
SC_RS15540	NC_003888.3	2934114	2935478	+	1365	18	14	21	15	9	12	178	52	158
SC_RS15545	NC_003888.3	2935475	2936632	+	1158	30	24	40	8	4	11	158	54	115
SC_RS15550	NC_003888.3	2936812	2938692	+	1881	20	10	12	14	3	14	233	58	223
SC_RS15555	NC_003888.3	2938689	2939690	+	1002	3	4	7	5	8	5	127	25	107
SC_RS15560	NC_003888.3	2939719	2940261	+	543	4	7	6	1	0	2	72	15	52
SC_RS15565	NC_003888.3	2940382	2941152	+	771	197	232	282	102	65	78	1947	1526	1391
SC_RS15570	NC_003888.3	2941209	2942201	+	993	215	198	239	81	65	77	371	268	280
SC_RS15575	NC_003888.3	2942208	2942786	-	579	137	122	145	78	74	57	159	117	117
SC_RS15580	NC_003888.3	2943092	2943364	+	273	4	7	1	329	335	310	488	507	413
SC_RS15585	NC_003888.3	2943456	2944322	-	867	5	9	6	88	64	78	159	65	103
SC_RS15590	NC_003888.3	2944306	2944875	-	570	7	3	3	85	48	66	112	50	97
SC_RS15595	NC_003888.3	2944995	2945510	-	516	1	2	0	24	21	12	60	25	38
SC_RS15600	NC_003888.3	2945615	2945917	-	303	1	2	3	19	28	36	69	25	66
SC_RS15605	NC_003888.3	2946094	2946828	-	735	7	8	9	13	12	12	116	29	95
SC_RS15610	NC_003888.3	2947104	2947343	-	240	6	8	8	397	411	500	196	159	156
SC_RS15615	NC_003888.3	2947584	2948894	+	1311	4	4	5	9	2	0	143	28	125
SC_RS15620	NC_003888.3	2948891	2950345	+	1455	2	1	5	2	3	1	158	27	146
SC_RS15625	NC_003888.3	2950351	2951667	+	1317	7	3	5	3	2	6	169	33	141
SC_RS15630	NC_003888.3	2951811	2953604	+	1794	17	15	13	5	8	3	198	50	129
SC_RS15635	NC_003888.3	2953648	2954337	+	690	0	0	2	0	3	1	78	13	48
SC_RS15640	NC_003888.3	2954348	2955550	+	1203	6	0	0	7	5	7	132	28	125
SC_RS15645	NC_003888.3	2955547	2956266	+	720	2	2	7	10	11	13	70	12	71
SC_RS15650	NC_003888.3	2956263	2957411	+	1149	5	8	10	10	13	14	86	31	98
SC_RS15655	NC_003888.3	2957449	2958636	-	1188	32	26	47	92	61	76	207	95	158
SC_RS15660	NC_003888.3	2958781	2960079	+	1299	7	9	6	29	28	19	164	31	98
SC_RS15665	NC_003888.3	2960170	2960952	-	783	7	1	10	35	35	40	107	23	100
SC_RS15670	NC_003888.3	2961104	2961331	-	228	10	12	12	182	143	115	232	214	171
SC_RS15675	NC_003888.3	2961619	2962014	-	396	5	1	6	100	82	127	159	126	109
SC_RS15680	NC_003888.3	2962277	2962678	+	402	19	24	38	160	129	109	107	60	69
SC_RS15685	NC_003888.3	2962767	2964695	-	1929	15	24	18	4	4	7	214	44	169
SC_RS15690	NC_003888.3	2964860	2966458	-	1599	131	105	143	51	46	53	318	154	291
SC_RS15695	NC_003888.3	2966690	2967589	-	900	130	147	173	135	132	159	696	467	550
SC_RS15700	NC_003888.3	2967586	2970237	-	2652	616	586	689	388	384	482	2035	1713	1704
SC_RS15705	NC_003888.3	2970454	2971884	-	1431	105	82	89	15	13	10	236	42	185
SC_RS15710	NC_003888.3	2972229	2973086	+	858	1473	1366	1872	849	855	887	922	800	824
SC_RS15715	NC_003888.3	2973144	2974646	-	1503	267	265	314	560	494	467	803	620	731
SC_RS15720	NC_003888.3	2974661	2974783	-	123	33	17	11	32	35	28	64	13	41
SC_RS15725	NC_003888.3	2975426	2975617	+	192	3	1	2	0	3	2	26	16	23
SC_RS15730	NC_003888.3	2975713	2976312	+	600	32	36	33	29	21	23	98	49	101
SC_RS15735	NC_003888.3	2976388	2976630	+	243	129	136	195	81	70	84	96	71	81
SC_RS15740	NC_003888.3	2976666	2978948	+	2283	780	709	973	400	280	382	509	341	447
SC_RS15745	NC_003888.3	2978987	2979586	-	600	44	49	57	92	75	71	108	43	81
SC_RS15750	NC_003888.3	2979583	2980422	-	840	24	24	22	171	128	135	161	100	146
SC_RS15755	NC_003888.3	2980555	2981592	+	1038	82	71	97	90	81	100	210	92	191
SC_RS15760	NC_003888.3	2981644	2982126	+	483	119	137	156	130	78	104	161	109	132
SC_RS15765	NC_003888.3	2982769	2984058	-	1290	11026	11617	14693	10917	9031	12533	3783	3801	3198
SC_RS15770	NC_003888.3	2984296	2986557	-	2262	542	483	621	356	270	325	607	344	532
SC_RS15775	NC_003888.3	2986705	2986902	-	198	10	11	15	11	6	7	39	8	22
SC_RS15780	NC_003888.3	2986899	2987087	-	189	3	3	9	4	2	3	33	13	26
SC_RS15785	NC_003888.3	2987189	2987528	+	340	16	9	12	4	2	1	43	13	55
SC_RS15790	NC_003888.3	2987658	2988134	+	477	34	27	33	44	47	52	107	57	105
SC_RS15795	NC_003888.3	2988198	2989145	-	948	31	32	38	40	27	38	150	51	113
SC_RS15800	NC_003888.3	2989276	2989761	+	486	5	8	10	17	11	7	67	28	53
SC_RS15805	NC_003888.3	2989772	2990122	-	351	0	0	1	2	1	0	22	9	22
SC_RS15810	NC_003888.3	2990408	2991451	+	1044	44	68	43	14	7	25	187	68	164
SC_RS15815	NC_003888.3	2991448	2993001	+	1554	169	208	157	66	38	53	251	64	187
SC_RS15820	NC_003888.3	2992991	2994946	+	1956	147	213	172	58	40	63	282	93	225
SC_RS15825	NC_003888.3	2994994	2995914	+	921	129	125	133	62	34	58	162	92	102
SC_RS15830	NC_003888.3	2995911	2996300	+	390	73	80	65	25	25	20	63	32	67
SC_RS15835	NC_003888.3	2996489	2997352	-	864	76	63	72	19	19	21	114	36	84
SC_RS15840	NC_003888.3	2997349	2998515	-	1167	47	58	60	13	4	21	125	35	107
SC_RS15845	NC_003888.3	2998512	2999663	-	1152	61	74	83	35	14	28	173	57	117
SC_RS15850	NC_003888.3	2999879	3000925	+	1047	261	227	339	116	116	128	217	102	173
SC_RS15855	NC_003888.3	3001131	3001931	+	801	177	153	195	91	62	83	133	47	113
SC_RS15860	NC_003888.3	3001915	3002577	-	663	100	97	120	63	44	50	111	44	97
SC_RS15865	NC_003888.3	3002574	3003509	-	936	11	10	25	10	4	8	111	24	94
SC_RS15870	NC_003888.3	3003658	3004599	+	942	134	135	187	68	61	73	162	56	183
SC_RS15875	NC_003888.3	3004794	3006641	+	1848	124	129	147	380	290	401	700	479	625
SC_RS15880	NC_003888.3	3006815	3008032	-	1218	3	2	3	5	3	5	21	6	19
SC_RS15885	NC_003888.3	3008299	3008949	+	651	108	103	118	59	57	65	186	111	142
SC_RS15890	NC_003888.3	3008987	3010411	-	1425	954	912	1148	2004	1667	1848	2972	2412	2219
SC_RS15895	NC_003888.3	3010475	3010867	-	393	41	22	40	16	11	17	61	23	52
SC_RS15900	NC_003888.3	3010977	3014708	-	3732	660	505	871	2476	1862	2787	2020	1708	1630
SC_RS15905	NC_003888.3	3014808	3015806	-	999	8	11	13	1420	1383	1563	425	279	278
SC_RS15910	NC_003888.3	3015897	3016268	+	372	10	7	15	102	64	76	221	160	190
SC_RS15915	NC_003888.3	3016395	3017255	+	861	7	4	12	324	272	237	327	211	225
SC_RS15920	NC_003888.3	3017260	3019491	-	2232	148	170	179	511	395	456	763	672	623
SC_RS15925	NC_003888.3	3019488	3019907	-	420	370	300	431	461	468	402	1054	882	1008
SC_RS15930	NC_003888.3	3019967	3021661	-	1695	733	729	830	131	132	158	312	170	254
SC_RS15935	NC_003888.3	3021658	3022626	-	969	719	763	894	196	189	247	311	163	198
SC_RS15940	NC_003888.3	3022836	3023624	+	789	370	367	453	250	242	279	348	318	361
SC_RS15945	NC_003888.3	3023634	3024614	-	981	192	185	267	62	51	46	157	71	135
SC_RS15950	NC_003888.3	3024620	3025492	-	873	305	360	332	25	22	39	191	105	183
SC_RS15955	NC_003888.3	3025503	3026660	-	1158	2309	2674	2876	196	176	175	747	654	754
SC_RS15960	NC_003888.3	3026790	3027416	-	627	149	139	214	50	38	55	148	77	128
SC_RS15965	NC_003888.3	3027514	3029130	+	1617	537	489	703	59	36	46	560	508	692
SC_RS15970	NC_003888.3	3029169	3031109	+	1941	463	439	591	62	46	70	648	506	645
SC_RS15975	NC_003888.3	3031106	3032059	+	954	123	103	121	6	21	29	239	199	222
SC_RS15980	NC_003888.3	3032065	3033225	+	1161	163	132	160	34	25	47	332	260	353
SC_RS15985	NC_003888.3	3033355	3034404	+	1050	690	509	955	1305	1128	1238	1424	972	885
SC_RS15990	NC_003888.3	3034632	3035477	+	846	226	151	286	248	210	214	359	219	246
SC_RS15995	NC_003888.3	3035641	3037083	+	1443	46	35	64	6300	6002	3381	1448	775	872
SC_RS16000	NC_003888.3	3037067	3038347	+	1281	114	64	155	8891	8816	4830	2954	2134	1816
SC_RS16005	NC_003888.3	3038344	3038898	+	555	35	27	55	2330	2242	1189	872	762	527
SC_RS16010	NC_003888.3	3038895	3040682	+	1788	204	134	303	16505	16679	7955	5310	4362	3610
SC_RS16015	NC_003888.3	3040752	3042359	-	1608	121	92	113	718	686	386	712	550	574
SC_RS16020	NC_003888.3	3042474	3043370	+	897	249	250	304	189	170	143	215	108	168
SC_RS16025	NC_003888.3	3043459	3043716	+	258	221	133	236	27	30	37	54	29	68
SC_RS16030	NC_003888.3	3043786	3045603	+	1818	1489	1065	1645	132	135	143	404	257	300
SC_RS16035	NC_003888.3	3045619	3046146	-	528	605	523	685	77	86	105	823	656	670
SC_RS16040	NC_003888.3	3046449	3046748	+	300	155	127	135	22	17	16	108	25	106
SC_RS16045	NC_003888.3	3047135	3048331	+	1197	3061	3179	3872	3324	3067	3604	2372	2196	2102
SC_RS16050	NC_003888.3	3048673	3049275	+	603	920	955	1270	424	396	491	350	310	298
SC_RS16055	NC_003888.3	3049397	3049469	+	73	33	35	25	25	22	16	22	5	22
SC_RS16060	NC_003888.3	3049837	3050892	-	1056	792	755	921	457	398	355	385	316	351
SC_RS16065	NC_003888.3	3051258	3052583	+	1326	432	445	526	54	64	69	511	334	428
SC_RS16070	NC_003888.3	3052589	3053602	+	1014	117	140	165	26	18	25	178	95	154
SC_RS16075	NC_003888.3	3053615	3054526	+	912	90	91	134	20	18	25	142	76	147
SC_RS16080	NC_003888.3	3054670	3056109	+	1440	82	96	94	12	13	18	179	55	161
SC_RS16085	NC_003888.3	3056184	3057653	-	1470	55	69	61	14	13	16	222	48	160
SC_RS16090	NC_003888.3	3057814	3059226	-	1413	103	81	102	220	137	155	285	139	275
SC_RS16095	NC_003888.3	3059223	3059927	-	705	35	37	51	68	83	86	143	73	108
SC_RS16100	NC_003888.3	3060047	3060619	+	573	187	189	229	336	265	257	225	166	214
SC_RS16105	NC_003888.3	3060648	3061517	-	870	104	99	133	69	59	75	146	87	103
SC_RS16110	NC_003888.3	3061566	3061946	-	381	10	6	9	186	197	200	911	743	984
SC_RS16115	NC_003888.3	3062230	3063669	+	1440	261	239	306	1201	1156	1066	1758	1531	1353
SC_RS16120	NC_003888.3	3063968	3064564	-	597	299	268	328	97	105	103	168	103	169
SC_RS16125	NC_003888.3	3064780	3065769	+	990	922	803	1003	238	193	226	464	318	330
SC_RS16130	NC_003888.3	3065666	3066904	+	1239	1037	1020	1318	158	156	155	260	159	226
SC_RS16135	NC_003888.3	3066895	3068574	+	1680	624	607	748	170	162	189	352	162	228
SC_RS16140	NC_003888.3	3068571	3069932	+	1362	558	518	666	183	142	172	400	260	346
SC_RS16145	NC_003888.3	3070230	3070556	-	327	123	138	170	89	78	77	141	73	110
SC_RS16150	NC_003888.3	3070648	3071898	+	1251	23	18	28	7	12	15	154	43	138
SC_RS16155	NC_003888.3	3071960	3072526	+	567	73	67	130	220	154	181	265	194	213
SC_RS16160	NC_003888.3	3072689	3073546	-	858	74	70	80	71	57	50	114	39	104
SC_RS16165	NC_003888.3	3073685	3074278	+	594	145	96	137	41	34	32	113	38	83
SC_RS16170	NC_003888.3	3074377	3075477	+	1101	181	163	215	292	314	429	244	158	193
SC_RS16175	NC_003888.3	3075453	3077357	-	1905	304	290	319	377	311	376	564	325	447
SC_RS16180	NC_003888.3	3077642	3078952	+	1311	99	103	124	11	19	12	183	43	180
SC_RS16185	NC_003888.3	3079125	3079198	-	74	7	12	3	0	2	4	8	3	10
SC_RS16190	NC_003888.3	3079189	3079803	-	615	152	107	147	1538	1238	1324	841	709	769
SC_RS16195	NC_003888.3	3079945	3080292	-	348	185	165	215	138	133	141	178	159	153
SC_RS16200	NC_003888.3	3080444	3082009	-	1566	23	17	24	14	9	15	249	56	227
SC_RS16205	NC_003888.3	3082430	3083161	-	732	61	70	87	2873	2226	1941	1186	1006	883
SC_RS16210	NC_003888.3	3083158	3084060	-	903	18	22	26	1503	1054	1036	457	282	282
SC_RS16215	NC_003888.3	3084248	3085231	+	984	99	93	117	90	79	94	219	98	186
SC_RS16220	NC_003888.3	3085268	3086671	+	1404	86	81	90	114	89	104	258	113	247
SC_RS16225	NC_003888.3	3086668	3087165	+	498	25	32	32	111	120	84	116	77	102
SC_RS16230	NC_003888.3	3087146	3087640	-	495	13	12	12	82	65	100	121	66	84
SC_RS16235	NC_003888.3	3087748	3088677	+	930	1073	972	1324	241	184	207	223	132	167
SC_RS16240	NC_003888.3	3088674	3089375	+	702	567	493	666	106	97	122	144	78	104
SC_RS16245	NC_003888.3	3089372	3090022	+	651	805	650	865	188	149	164	161	125	161
SC_RS16250	NC_003888.3	3090012	3090797	+	786	692	561	780	240	163	231	210	158	195
SC_RS16255	NC_003888.3	3090979	3091737	+	759	231	171	233	1195	988	988	1450	1343	1260
SC_RS16260	NC_003888.3	3091827	3091900	+	74	0	0	0	0	3	0	4	2	1
SC_RS16265	NC_003888.3	3091946	3092551	-	606	25	15	27	12	13	22	76	20	71
SC_RS16270	NC_003888.3	3092672	3093823	-	1152	50	38	67	49	43	44	184	78	137
SC_RS16275	NC_003888.3	3093880	3094941	-	1062	130	91	133	112	99	100	262	132	193
SC_RS16280	NC_003888.3	3095139	3095212	+	74	6	4	3	2	1	3	40	6	31
SC_RS16285	NC_003888.3	3095506	3097467	+	1962	2378	2015	2536	1818	1454	1670	2062	1728	1650
SC_RS16290	NC_003888.3	3097464	3099401	+	1938	3161	2835	3744	2368	2426	2380	2656	2183	1961
SC_RS16295	NC_003888.3	3099502	3100527	-	1026	1249	1155	1640	1378	1250	1192	1246	959	1012
SC_RS16300	NC_003888.3	3100609	3101196	-	588	15	7	23	175	106	100	143	69	130
SC_RS16305	NC_003888.3	3101313	3102206	+	894	44	51	50	68	58	56	149	46	117
SC_RS16310	NC_003888.3	3102196	3102936	-	741	42	39	45	35	20	21	88	27	77
SC_RS16315	NC_003888.3	3102939	3103493	-	555	136	138	160	51	57	49	104	32	75
SC_RS16320	NC_003888.3	3103597	3104376	-	780	383	395	465	280	243	267	263	157	248
SC_RS16325	NC_003888.3	3104592	3104948	-	357	20	21	30	3	0	5	57	14	51
SC_RS16330	NC_003888.3	3105013	3106233	-	1221	160	195	224	61	32	45	188	43	123
SC_RS16335	NC_003888.3	3106290	3107372	+	1083	578	613	750	86	67	102	160	54	148
SC_RS16340	NC_003888.3	3107369	3107845	+	477	208	206	220	34	19	27	47	29	41
SC_RS16345	NC_003888.3	3107953	3108825	+	873	314	282	361	743	583	868	265	189	222
SC_RS16350	NC_003888.3	3109095	3109952	-	858	71	56	94	163	175	112	278	183	237
SC_RS16355	NC_003888.3	3110120	3110833	-	714	17	19	18	0	1	4	94	16	72
SC_RS16360	NC_003888.3	3110947	3111258	-	312	149	129	173	42	28	24	44	33	51
SC_RS16365	NC_003888.3	3111340	3111885	-	546	46	52	48	27	20	28	90	31	81
SC_RS16370	NC_003888.3	3111998	3113431	+	1434	20	14	31	19	17	13	215	37	154
SC_RS16375	NC_003888.3	3113643	3114659	+	1017	199	200	265	435	441	514	348	234	257
SC_RS16380	NC_003888.3	3114765	3115223	+	459	141	115	163	165	152	130	132	76	79
SC_RS16385	NC_003888.3	3115344	3115688	-	345	104	84	127	21	22	40	56	39	54
SC_RS16390	NC_003888.3	3115703	3115960	-	258	85	74	84	28	21	32	50	20	51
SC_RS16395	NC_003888.3	3115957	3116334	-	378	141	125	189	38	40	27	85	38	68
SC_RS16400	NC_003888.3	3116521	3116931	-	411	178	157	209	394	339	367	456	325	350
SC_RS16405	NC_003888.3	3117213	3117881	+	669	28	19	31	145	159	113	138	69	118
SC_RS16410	NC_003888.3	3118032	3121199	+	3168	1039	941	1222	312	233	281	609	322	474
SC_RS16415	NC_003888.3	3121230	3121844	-	615	31	27	18	17	10	10	121	42	73
SC_RS16420	NC_003888.3	3122091	3122933	+	843	174	131	210	84	83	93	184	75	134
SC_RS16425	NC_003888.3	3122937	3123143	+	207	85	90	124	106	77	109	79	58	77
SC_RS16430	NC_003888.3	3123349	3123477	+	129	91	93	130	111	87	99	95	57	80
SC_RS16435	NC_003888.3	3123679	3123906	+	228	47	50	60	64	70	53	104	68	72
SC_RS16440	NC_003888.3	3123914	3124393	+	480	58	59	85	147	105	135	132	104	117
SC_RS16445	NC_003888.3	3124417	3125262	+	846	36	24	14	27	39	31	104	28	88
SC_RS16450	NC_003888.3	3125325	3125630	+	306	5	1	2	8	11	9	30	19	26
SC_RS16455	NC_003888.3	3125634	3126614	+	981	18	14	26	46	63	66	121	66	126
SC_RS16460	NC_003888.3	3126611	3127843	+	1233	76	50	77	74	63	75	210	56	145
SC_RS16465	NC_003888.3	3127894	3128403	-	510	28	24	19	29	17	22	89	25	83
SC_RS16470	NC_003888.3	3128619	3129590	-	972	31	28	39	55	41	37	181	43	137
SC_RS16475	NC_003888.3	3129646	3130077	+	432	96	97	132	87	83	100	161	90	126
SC_RS16480	NC_003888.3	3130165	3130731	+	567	102	64	93	65	56	41	102	43	109
SC_RS16485	NC_003888.3	3130825	3131211	+	387	98	73	93	103	60	57	117	61	82
SC_RS16490	NC_003888.3	3131356	3133899	+	2544	106	78	117	9821	9324	9588	4699	3648	3117
SC_RS16495	NC_003888.3	3134618	3136273	+	1656	19	25	33	2898	3013	3294	1201	864	898
SC_RS16500	NC_003888.3	3136276	3136698	+	423	11	5	15	687	577	616	370	262	245
SC_RS16505	NC_003888.3	3136695	3137048	+	354	5	4	18	337	408	398	165	173	111
SC_RS16510	NC_003888.3	3137026	3137664	+	639	18	15	17	446	515	583	309	220	242
SC_RS16515	NC_003888.3	3137661	3138893	+	1233	47	66	69	703	715	955	504	319	367
SC_RS16520	NC_003888.3	3138905	3140131	+	1227	63	51	69	2775	2839	3334	1350	1122	969
SC_RS16525	NC_003888.3	3140184	3140657	-	474	43	26	38	467	415	429	294	252	249
SC_RS16530	NC_003888.3	3140760	3141644	-	885	44	20	37	119	124	162	162	89	138
SC_RS16535	NC_003888.3	3141805	3142107	+	303	653	654	779	541	432	459	480	396	425
SC_RS16540	NC_003888.3	3142123	3142482	-	360	423	412	519	240	230	256	267	249	242
SC_RS16545	NC_003888.3	3142528	3144042	-	1515	349	288	358	147	128	128	354	177	276
SC_RS16550	NC_003888.3	3144126	3145527	-	1402	482	477	568	318	215	336	481	358	444
SC_RS16555	NC_003888.3	3145726	3147090	+	1365	1222	1032	1336	999	876	824	672	590	596
SC_RS16560	NC_003888.3	3147118	3147951	-	834	310	294	378	219	185	204	273	185	199
SC_RS16565	NC_003888.3	3147985	3149034	-	1050	39	32	65	14	19	16	143	37	132
SC_RS16570	NC_003888.3	3149058	3149945	-	888	21	23	36	1	6	4	100	15	113
SC_RS16575	NC_003888.3	3149938	3150744	-	807	19	18	23	2	4	6	119	12	87
SC_RS16580	NC_003888.3	3150939	3153395	+	2457	1748	1606	2005	452	414	529	923	615	720
SC_RS16585	NC_003888.3	3153389	3153709	-	321	147	132	178	33	30	40	56	26	50
SC_RS16590	NC_003888.3	3153870	3154226	-	357	2161	2045	2789	768	754	825	666	646	609
SC_RS16595	NC_003888.3	3154250	3154582	-	333	454	442	614	385	291	402	265	265	271
SC_RS16600	NC_003888.3	3154677	3155144	+	468	464	513	697	322	333	391	290	264	238
SC_RS16605	NC_003888.3	3155187	3155273	+	87	31	39	33	10	19	16	18	9	9
SC_RS16610	NC_003888.3	3155290	3155892	-	603	695	720	934	269	297	299	328	248	243
SC_RS16615	NC_003888.3	3155939	3156343	-	405	315	263	323	67	91	87	261	214	224
SC_RS16620	NC_003888.3	3156501	3157238	-	738	465	404	491	562	510	755	399	323	258
SC_RS16625	NC_003888.3	3157315	3157548	-	234	342	349	403	128	150	148	196	151	163
SC_RS16630	NC_003888.3	3157707	3159002	+	1296	13	4	7	5	11	15	180	56	142
SC_RS16635	NC_003888.3	3159229	3160479	+	1251	508	545	605	19	14	21	229	34	154
SC_RS16640	NC_003888.3	3160574	3161326	-	753	142	119	158	367	349	536	380	303	314
SC_RS16645	NC_003888.3	3161531	3161698	+	168	11	8	9	37	13	24	33	35	44
SC_RS16650	NC_003888.3	3161747	3162697	-	951	781	662	1148	3622	3799	4926	698	536	437
SC_RS16655	NC_003888.3	3162704	3162982	-	279	387	349	589	3031	2471	3494	338	288	231
SC_RS16660	NC_003888.3	3163082	3163177	-	96	109	109	161	707	501	770	91	72	70
SC_RS16665	NC_003888.3	3163257	3163679	-	423	274	258	366	1146	890	1057	278	124	165
SC_RS16670	NC_003888.3	3163847	3165274	-	1428	843	758	1071	97	73	81	283	115	221
SC_RS16675	NC_003888.3	3165626	3166234	-	609	472	530	629	227	214	239	261	182	226
SC_RS16680	NC_003888.3	3166288	3166605	-	318	994	917	1295	842	607	668	696	646	606
SC_RS16685	NC_003888.3	3166796	3168142	+	1347	735	776	1004	332	315	356	595	375	416
SC_RS16690	NC_003888.3	3168248	3168835	+	588	214	176	287	436	349	316	391	333	344
SC_RS16695	NC_003888.3	3168848	3169192	-	345	132	145	172	707	562	582	487	395	337
SC_RS16700	NC_003888.3	3169339	3171684	-	2346	1298	1199	1625	2200	2176	2786	2941	2718	2752
SC_RS16705	NC_003888.3	3172118	3172417	+	300	52	40	53	827	613	668	1092	964	873
SC_RS16710	NC_003888.3	3172431	3173084	-	654	33	32	44	259	243	294	609	510	473
SC_RS16715	NC_003888.3	3173314	3174894	-	1581	402	351	406	573	531	462	614	438	532
SC_RS16720	NC_003888.3	3175140	3175568	+	429	115	123	182	142	115	132	458	326	340
SC_RS16725	NC_003888.3	3175582	3177048	-	1467	265	228	361	296	299	301	690	444	536
SC_RS16730	NC_003888.3	3177140	3178576	+	1437	19	13	20	9	16	11	192	46	147
SC_RS16735	NC_003888.3	3178620	3179765	-	1146	52	49	41	200	207	120	944	923	717
SC_RS16740	NC_003888.3	3179891	3180382	+	492	41	59	46	14	18	16	90	37	90
SC_RS16745	NC_003888.3	3180504	3181553	-	1050	46	64	50	32	29	37	167	70	165
SC_RS16750	NC_003888.3	3181757	3182404	+	648	18	10	25	19	11	14	89	31	90
SC_RS16755	NC_003888.3	3182412	3183686	+	1275	40	50	63	26	27	19	221	56	180
SC_RS16760	NC_003888.3	3183683	3184555	+	873	28	40	45	12	22	27	120	40	105
SC_RS16765	NC_003888.3	3184552	3185520	+	969	36	35	63	19	30	24	138	66	139
SC_RS16770	NC_003888.3	3185545	3186324	-	780	386	364	445	133	97	139	174	113	125
SC_RS16775	NC_003888.3	3186380	3187042	-	663	138	155	174	67	84	78	201	109	174
SC_RS16780	NC_003888.3	3187344	3189140	-	1797	675	547	790	370	337	382	420	256	389
SC_RS16785	NC_003888.3	3189296	3190747	-	1452	113	118	158	103	69	108	788	540	618
SC_RS16790	NC_003888.3	3190944	3191044	+	101	8	3	3	0	0	0	28	5	16
SC_RS16795	NC_003888.3	3191138	3192148	+	1011	308	277	345	424	339	442	201	124	194
SC_RS16800	NC_003888.3	3192115	3192819	-	705	1420	1225	1690	201	188	209	262	233	267
SC_RS16805	NC_003888.3	3192991	3195312	-	2322	1011	897	1188	694	537	830	841	605	702
SC_RS16810	NC_003888.3	3195309	3197630	-	2322	3199	3101	3870	1683	1357	1716	1569	1453	1511
SC_RS16815	NC_003888.3	3197627	3198520	-	894	1245	1168	1628	602	512	571	571	462	555
SC_RS16820	NC_003888.3	3198763	3200400	-	1638	185	139	194	92	101	113	295	124	249
SC_RS16825	NC_003888.3	3200405	3201250	-	846	16	22	23	21	14	20	107	39	105
SC_RS16830	NC_003888.3	3201247	3202197	-	951	38	39	35	28	13	13	119	41	108
SC_RS16835	NC_003888.3	3202209	3203507	-	1299	87	79	94	16	23	20	195	47	139
SC_RS16840	NC_003888.3	3203751	3204035	-	285	1085	907	1233	992	817	794	668	637	545
SC_RS16845	NC_003888.3	3204066	3204638	-	573	174	148	209	477	326	325	509	391	505
SC_RS16850	NC_003888.3	3204872	3206218	+	1347	2267	2224	2911	423	458	500	509	407	401
SC_RS16855	NC_003888.3	3206403	3206684	-	282	19749	19506	25623	5821	5015	5213	4248	3892	2990
SC_RS16860	NC_003888.3	3207037	3208452	-	1416	2060	2103	2691	1143	1214	1361	919	721	740
SC_RS16865	NC_003888.3	3208887	3211223	-	2337	803	760	909	182	139	173	475	227	347
SC_RS16870	NC_003888.3	3211306	3212094	-	789	184	134	229	376	326	325	703	760	703
SC_RS16875	NC_003888.3	3212154	3212678	-	525	48	31	38	122	124	135	488	484	427
SC_RS16880	NC_003888.3	3212863	3213453	-	591	4	0	9	2	4	6	102	39	65
SC_RS16885	NC_003888.3	3213669	3214232	+	564	17	25	18	10	4	8	99	27	94
SC_RS16890	NC_003888.3	3215125	3216312	-	1188	726	696	981	128	98	90	147	66	164
SC_RS16895	NC_003888.3	3216421	3217779	-	1359	76	75	118	62	39	54	154	59	174
SC_RS16900	NC_003888.3	3217912	3218859	-	948	532	482	604	179	169	185	254	127	197
SC_RS16905	NC_003888.3	3218973	3220205	-	1233	409	407	428	517	378	454	509	341	449
SC_RS16910	NC_003888.3	3220316	3222520	-	2205	648	677	900	851	741	931	909	686	792
SC_RS16915	NC_003888.3	3222520	3223782	-	1263	563	546	681	695	653	748	800	612	655
SC_RS16920	NC_003888.3	3224084	3225055	-	972	54	49	64	8	10	10	171	40	128
SC_RS16925	NC_003888.3	3225139	3226434	+	1296	375	370	445	49	45	78	205	72	191
SC_RS16930	NC_003888.3	3226538	3226936	-	399	632367	591295	805258	1415153	1172735	1389342	1780051	1788848	1667051
SC_RS16935	NC_003888.3	3227050	3227529	-	480	504	486	655	267	250	316	299	274	274
SC_RS16940	NC_003888.3	3227576	3228763	-	1188	543	470	658	929	875	878	672	559	647
SC_RS16945	NC_003888.3	3228832	3229749	-	918	1761	1716	2154	672	701	759	514	410	346
SC_RS16950	NC_003888.3	3229793	3230482	-	690	2175	2255	2746	734	701	708	574	438	433
SC_RS16955	NC_003888.3	3230696	3230890	+	195	373	348	394	321	293	396	450	475	526
SC_RS16960	NC_003888.3	3231048	3231839	-	792	18204	16543	22556	18851	16530	16018	13934	13907	11755
SC_RS16965	NC_003888.3	3232165	3233271	-	1107	3440	3515	4275	2175	2076	2619	1448	1369	1157
SC_RS16970	NC_003888.3	3233349	3234602	-	1254	818	731	913	424	432	548	507	378	437
SC_RS16975	NC_003888.3	3234708	3236339	-	1632	1960	1705	2266	584	543	729	615	499	539
SC_RS16980	NC_003888.3	3236737	3240774	+	4038	5178	4888	6313	5576	4474	5103	3415	2892	3087
SC_RS16985	NC_003888.3	3240815	3241444	-	630	32	30	38	285	274	205	1056	1099	1037
SC_RS16990	NC_003888.3	3241649	3242731	+	1083	34	41	39	133	112	95	365	265	352
SC_RS16995	NC_003888.3	3242925	3244322	+	1398	43	28	55	397	309	313	617	492	558
SC_RS17000	NC_003888.3	3244327	3245682	+	1356	52	31	39	235	157	148	407	288	396
SC_RS17005	NC_003888.3	3245679	3246596	+	918	8	13	15	119	76	110	217	148	174
SC_RS17010	NC_003888.3	3246761	3249046	+	2286	10	9	12	12	10	26	305	70	230
SC_RS17015	NC_003888.3	3249066	3251276	+	2211	7	7	19	18	8	16	245	56	218
SC_RS17020	NC_003888.3	3251284	3253521	+	2238	7	9	12	12	12	21	260	51	208
SC_RS17025	NC_003888.3	3253518	3254849	+	1332	6	8	8	14	6	6	190	33	135
SC_RS17030	NC_003888.3	3254989	3256542	+	1554	547	493	700	722	609	712	744	585	657
SC_RS17035	NC_003888.3	3256564	3256977	-	414	208	186	285	1400	1111	1483	154	135	155
SC_RS17040	NC_003888.3	3257116	3257622	+	507	340	264	355	132	113	164	119	67	112
SC_RS17045	NC_003888.3	3257700	3258680	+	981	1253	1238	1560	1084	927	1052	611	523	488
SC_RS17050	NC_003888.3	3258693	3259130	-	438	312	281	360	197	174	152	162	101	122
SC_RS17055	NC_003888.3	3259127	3259738	-	612	253	257	363	214	200	156	170	90	128
SC_RS17060	NC_003888.3	3259735	3260529	-	795	286	311	380	226	201	239	184	126	160
SC_RS17065	NC_003888.3	3260554	3260949	-	396	284	258	314	265	215	249	168	92	136
SC_RS17070	NC_003888.3	3261065	3261601	+	537	89	62	121	126	95	110	180	118	183
SC_RS17075	NC_003888.3	3261641	3262273	-	633	347	302	417	32	38	46	125	73	118
SC_RS17080	NC_003888.3	3262446	3263402	+	957	975	1015	1132	412	573	563	388	246	263
SC_RS17085	NC_003888.3	3263395	3264306	+	912	756	777	880	500	530	596	414	272	264
SC_RS17090	NC_003888.3	3264435	3266675	+	2241	153	198	237	123	126	145	344	119	299
SC_RS17095	NC_003888.3	3266672	3268393	+	1722	33	35	37	18	18	34	233	49	210
SC_RS17100	NC_003888.3	3268611	3273572	-	4962	7556	8382	8901	10860	7913	13474	9747	9262	7838
SC_RS17105	NC_003888.3	3274075	3274746	-	672	926	801	1159	160	151	141	260	202	276
SC_RS17110	NC_003888.3	3274805	3275308	-	504	260	233	303	63	50	45	117	48	101
SC_RS17115	NC_003888.3	3275599	3275841	-	243	11	6	6	0	1	2	91	19	70
SC_RS17120	NC_003888.3	3276479	3276748	+	270	43	43	43	20	13	17	64	17	45
SC_RS17125	NC_003888.3	3276877	3279720	-	2844	7123	7110	8564	6351	5467	7614	5582	5360	4836
SC_RS17130	NC_003888.3	3280002	3280577	+	576	103	75	115	34	36	45	152	51	100
SC_RS17135	NC_003888.3	3280662	3281837	+	1176	655	643	807	171	156	184	317	137	207
SC_RS17140	NC_003888.3	3281872	3282630	-	759	805	806	1046	2378	1989	2246	2032	1801	1718
SC_RS17145	NC_003888.3	3282859	3283551	-	693	2161	2146	2515	4151	3267	3906	4793	4597	4270
SC_RS17150	NC_003888.3	3283865	3284812	-	948	152	133	185	86	76	64	299	128	233
SC_RS17155	NC_003888.3	3284985	3286832	-	1848	987	969	1129	619	529	585	650	509	621
SC_RS17160	NC_003888.3	3286822	3288888	-	2067	2551	2477	3133	1422	1197	1453	1240	1118	1135
SC_RS17165	NC_003888.3	3288890	3289579	-	690	3271	3237	4316	2877	2457	2757	2089	2053	1865
SC_RS17170	NC_003888.3	3289584	3290726	-	1143	550	573	714	674	543	608	571	464	508
SC_RS17175	NC_003888.3	3290867	3292255	+	1389	1222	1159	1574	379	350	379	565	412	482
SC_RS17180	NC_003888.3	3292290	3293012	+	723	389	321	461	101	112	110	202	111	160
SC_RS17185	NC_003888.3	3293009	3294226	+	1218	254	239	300	80	73	90	219	101	223
SC_RS17190	NC_003888.3	3294223	3295215	+	993	147	146	158	101	84	113	214	95	166
SC_RS17195	NC_003888.3	3295215	3296525	+	1311	122	101	127	54	34	48	236	58	152
SC_RS17200	NC_003888.3	3296632	3296748	-	117	0	0	0	0	1	0	14	0	18
SC_RS17205	NC_003888.3	3296833	3299954	-	3122	30	16	21	41	63	74	28	21	8
SC_RS17210	NC_003888.3	3300233	3301759	-	1527	93	73	96	39	56	34	43	21	24
SC_RS17215	NC_003888.3	3302319	3303326	-	1008	134	134	143	95	93	106	199	94	181
SC_RS17220	NC_003888.3	3303453	3304409	+	957	608	546	757	390	259	260	396	244	321
SC_RS17225	NC_003888.3	3304430	3305044	-	615	284	243	405	76	54	73	142	85	164
SC_RS17230	NC_003888.3	3305155	3306612	-	1458	5288	5264	6327	13451	14876	17547	5269	5308	4017
SC_RS17235	NC_003888.3	3306886	3307866	-	981	851	774	1047	497	444	535	474	295	324
SC_RS17240	NC_003888.3	3307981	3309132	-	1152	292	295	365	223	210	252	269	124	190
SC_RS17245	NC_003888.3	3309183	3310310	-	1128	238	259	297	162	139	199	245	111	176
SC_RS17250	NC_003888.3	3310398	3310568	-	171	165	173	192	78	62	91	80	58	47
SC_RS17255	NC_003888.3	3310820	3312184	-	1365	752	719	983	190	193	248	322	142	230
SC_RS17260	NC_003888.3	3312276	3313892	-	1617	41	44	37	16	11	9	217	45	185
SC_RS17265	NC_003888.3	3314042	3314464	-	423	279	230	285	155	148	182	161	103	149
SC_RS17270	NC_003888.3	3314759	3315211	+	453	128	106	157	51	40	32	85	34	89
SC_RS17275	NC_003888.3	3315241	3316761	-	1521	963	909	1084	297	260	332	431	329	392
SC_RS17280	NC_003888.3	3316758	3320564	-	3807	1447	1379	1753	508	466	596	886	496	678
SC_RS17285	NC_003888.3	3320753	3321016	-	264	1404	1203	1693	521	566	608	459	372	434
SC_RS17290	NC_003888.3	3321701	3322195	+	495	76	68	95	33	31	54	101	34	76
SC_RS17295	NC_003888.3	3322266	3323225	+	960	2059	1993	2714	792	670	799	655	612	615
SC_RS17300	NC_003888.3	3323222	3324553	+	1332	1741	1696	2062	756	596	720	565	423	492
SC_RS17305	NC_003888.3	3324630	3325610	+	981	473	487	578	129	100	129	241	91	191
SC_RS17310	NC_003888.3	3325773	3326855	-	1083	416	285	384	78	59	79	223	113	170
SC_RS17315	NC_003888.3	3326959	3328209	-	1251	32	33	42	15	21	21	138	73	140
SC_RS17320	NC_003888.3	3328349	3329113	+	765	129	157	167	75	46	81	159	64	152
SC_RS17325	NC_003888.3	3329406	3330596	+	1191	94	111	126	36	26	32	178	53	159
SC_RS17330	NC_003888.3	3330863	3332596	+	1734	551	530	716	412	363	409	543	272	422
SC_RS17335	NC_003888.3	3332764	3334479	+	1716	789	704	882	584	486	574	654	472	564
SC_RS17340	NC_003888.3	3334686	3336392	+	1707	1455	1356	1801	597	500	518	662	429	611
SC_RS17345	NC_003888.3	3336470	3338146	+	1677	626	494	679	466	456	470	491	407	445
SC_RS17350	NC_003888.3	3338345	3339850	+	1506	262	240	314	108	121	103	298	229	279
SC_RS17355	NC_003888.3	3339882	3341165	-	1284	3345	3006	3924	2144	1978	1898	5070	5869	5705
SC_RS17360	NC_003888.3	3341286	3341852	+	567	1313	1265	1491	364	229	361	263	255	242
SC_RS17365	NC_003888.3	3341888	3342928	-	1041	3301	2937	4035	260	197	235	575	463	506
SC_RS17370	NC_003888.3	3343070	3344227	-	1158	1520	1602	1730	227	223	325	1015	910	906
SC_RS17375	NC_003888.3	3344420	3345763	+	1344	1050	849	1116	607	469	530	447	311	413
SC_RS17380	NC_003888.3	3345819	3347939	-	2121	837	809	1048	2628	2242	2558	1322	1022	975
SC_RS17385	NC_003888.3	3348346	3348852	-	507	45	33	65	16	14	19	63	24	67
SC_RS17390	NC_003888.3	3348964	3349323	+	360	25	32	27	79	51	50	85	70	107
SC_RS17395	NC_003888.3	3349353	3349745	+	393	60	61	58	69	58	66	110	89	101
SC_RS17400	NC_003888.3	3349758	3350888	-	1131	429	430	496	70	44	77	180	77	168
SC_RS17405	NC_003888.3	3351008	3352210	-	1203	3264	3260	3796	917	810	989	780	627	618
SC_RS17410	NC_003888.3	3352225	3352767	-	543	1883	1956	2364	402	414	450	405	349	387
SC_RS17415	NC_003888.3	3352764	3353999	-	1236	3363	3469	4338	861	747	993	834	779	667
SC_RS17420	NC_003888.3	3354084	3354656	+	573	771	674	921	330	318	437	483	438	426
SC_RS17425	NC_003888.3	3354681	3355955	-	1275	807	753	984	785	699	765	585	467	487
SC_RS17430	NC_003888.3	3355990	3356667	-	678	1272	1194	1717	1602	1429	1642	1291	1113	1071
SC_RS17435	NC_003888.3	3357162	3358658	+	1497	1942	1665	2280	252	232	247	383	177	295
SC_RS17440	NC_003888.3	3358788	3359225	+	438	101	90	124	27	27	20	84	41	70
SC_RS17445	NC_003888.3	3359355	3359867	-	513	639	603	815	263	232	228	261	253	210
SC_RS17450	NC_003888.3	3360064	3360441	-	378	1755	1693	2297	734	617	715	662	577	620
SC_RS17455	NC_003888.3	3360694	3361608	+	915	2074	1945	2334	781	628	815	567	407	431
SC_RS17460	NC_003888.3	3361685	3362008	-	324	243	180	269	71	59	62	156	111	145
SC_RS17465	NC_003888.3	3362037	3363212	-	1176	79	66	110	21	15	21	172	47	123
SC_RS17470	NC_003888.3	3363269	3364618	-	1350	842	744	914	167	104	102	303	158	268
SC_RS17475	NC_003888.3	3364615	3365832	-	1218	261	225	284	35	23	32	187	83	180
SC_RS17480	NC_003888.3	3365829	3367547	-	1719	230	171	239	84	62	82	358	170	331
SC_RS17485	NC_003888.3	3367747	3368334	-	588	376	358	418	78	50	44	132	62	107
SC_RS17490	NC_003888.3	3368495	3369364	-	870	182	196	279	65	58	65	204	95	174
SC_RS17495	NC_003888.3	3369528	3369953	+	426	264	231	325	326	258	322	229	181	203
SC_RS17500	NC_003888.3	3370359	3371744	-	1386	1545	1661	1997	1271	1070	1435	1071	832	802
SC_RS17505	NC_003888.3	3371912	3372934	+	1023	96	82	116	312	187	196	999	1097	1128
SC_RS17510	NC_003888.3	3373160	3374380	+	1221	239	230	313	205	212	220	447	310	394
SC_RS17515	NC_003888.3	3374675	3375484	+	810	403	367	463	1083	918	780	508	382	429
SC_RS17520	NC_003888.3	3375535	3375846	-	312	98	93	143	64	63	62	96	63	89
SC_RS17525	NC_003888.3	3375950	3376180	+	231	40	27	57	57	44	42	328	271	245
SC_RS17530	NC_003888.3	3376252	3377175	-	924	11537	12066	14464	12461	11579	14373	14441	14377	11900
SC_RS17535	NC_003888.3	3377344	3378513	-	1170	51	45	52	36	28	22	182	32	185
SC_RS17540	NC_003888.3	3378735	3378965	-	231	10	15	20	3	1	4	45	11	29
SC_RS17545	NC_003888.3	3379043	3379237	+	195	35	26	35	9	4	3	32	11	29
SC_RS17550	NC_003888.3	3379423	3380202	+	780	2404	2167	2804	187	151	204	2819	3552	3548
SC_RS17555	NC_003888.3	3380229	3380528	-	300	372	309	427	39	28	39	366	562	538
SC_RS17560	NC_003888.3	3380623	3380874	-	252	198	211	275	85	99	88	153	195	217
SC_RS17565	NC_003888.3	3380890	3380976	-	87	25	21	35	2	1	1	38	25	56
SC_RS17570	NC_003888.3	3381453	3382223	+	771	482	317	405	117	80	147	574	458	600
SC_RS17575	NC_003888.3	3382330	3384861	+	2532	1164	878	1172	251	203	288	792	595	802
SC_RS17580	NC_003888.3	3384933	3386249	-	1317	206	237	300	6050	5882	8177	675	587	574
SC_RS17585	NC_003888.3	3386513	3387937	-	1425	17905	19497	24713	10215	11201	14778	9290	10160	8061
SC_RS17590	NC_003888.3	3388379	3389320	-	942	1063	916	1162	350	369	362	257	178	233
SC_RS17595	NC_003888.3	3389317	3389877	-	561	509	498	601	136	147	215	159	83	98
SC_RS17600	NC_003888.3	3389963	3390445	-	483	1140	947	1358	458	451	462	312	199	261
SC_RS17605	NC_003888.3	3390541	3391821	-	1281	6980	7340	9102	10927	11057	11568	2357	2203	1570
SC_RS17610	NC_003888.3	3392083	3392817	-	735	1098	938	1280	1098	1150	1465	407	317	355
SC_RS17615	NC_003888.3	3393171	3394196	-	1026	1829	1603	2066	766	812	882	480	326	359
SC_RS17620	NC_003888.3	3394340	3395641	-	1302	279	267	349	126	135	153	235	106	173
SC_RS17625	NC_003888.3	3395638	3396615	-	978	352	343	415	288	262	270	252	154	217
SC_RS17630	NC_003888.3	3396692	3397339	-	648	92	66	96	608	510	615	298	231	231
SC_RS17635	NC_003888.3	3397490	3399001	-	1512	87	98	133	106	98	123	248	121	220
SC_RS17640	NC_003888.3	3399019	3399624	-	606	76	78	92	73	70	94	159	72	110
SC_RS17645	NC_003888.3	3399763	3401802	-	2040	220	201	293	46	33	42	313	86	230
SC_RS17650	NC_003888.3	3402007	3402504	+	498	177	166	217	73	71	46	230	192	239
SC_RS17655	NC_003888.3	3402554	3403453	+	900	332	253	360	166	176	185	272	198	235
SC_RS17660	NC_003888.3	3403521	3404297	-	777	402	333	484	279	244	244	328	248	312
SC_RS17665	NC_003888.3	3404444	3404641	+	198	17	16	22	24	37	35	135	161	128
SC_RS17670	NC_003888.3	3404759	3408313	-	3555	844	851	1047	546	530	677	750	438	606
SC_RS17675	NC_003888.3	3408950	3411514	-	2565	551	458	691	230	184	194	597	411	508
SC_RS17680	NC_003888.3	3411511	3412299	-	789	282	249	336	151	90	99	316	295	296
SC_RS17685	NC_003888.3	3413025	3413129	-	105	2	2	5	2	1	1	39	7	45
SC_RS17690	NC_003888.3	3413248	3413409	+	162	2	1	3	0	1	0	23	2	15
SC_RS17695	NC_003888.3	3413399	3413716	+	318	17	7	11	2	1	6	34	14	26
SC_RS17700	NC_003888.3	3413804	3414700	-	897	83	72	107	37	49	26	127	59	109
SC_RS17705	NC_003888.3	3414901	3417570	-	2670	4518	4468	5559	1085	842	989	1123	824	879
SC_RS17710	NC_003888.3	3417578	3418585	-	1008	1449	1420	1821	355	289	261	383	252	293
SC_RS17715	NC_003888.3	3418879	3419409	+	531	527	461	597	63	78	87	183	89	148
SC_RS17720	NC_003888.3	3419502	3419999	+	498	206	176	208	21	12	21	93	30	63
SC_RS17725	NC_003888.3	3420021	3421340	-	1320	624	579	799	625	380	377	976	957	990
SC_RS17730	NC_003888.3	3421475	3422199	+	725	15	8	20	31	23	26	143	60	151
SC_RS17735	NC_003888.3	3422409	3423857	+	1449	5044	5017	6472	1235	975	1230	1130	943	940
SC_RS17740	NC_003888.3	3423989	3424963	+	975	4638	4609	6106	1094	1037	1116	815	693	649
SC_RS17745	NC_003888.3	3425176	3425772	+	597	11946	11521	15314	1436	1763	1524	1598	1584	1280
SC_RS17750	NC_003888.3	3425878	3426480	+	603	381	362	402	59	44	39	121	50	104
SC_RS17755	NC_003888.3	3426533	3427051	+	519	109	114	120	10	11	6	63	18	54
SC_RS17760	NC_003888.3	3427132	3429867	-	2736	2521	2539	3312	1051	1108	1438	1168	850	935
SC_RS17765	NC_003888.3	3430174	3431184	+	1011	322	276	393	742	733	653	996	799	714
SC_RS17770	NC_003888.3	3431181	3431858	+	678	368	336	438	333	313	292	363	289	338
SC_RS17775	NC_003888.3	3431891	3433066	+	1176	262	259	332	133	137	143	283	203	219
SC_RS17780	NC_003888.3	3433079	3433456	-	378	70	71	79	39	23	34	295	285	233
SC_RS17785	NC_003888.3	3433453	3434364	-	912	43	37	44	25	36	29	398	239	308
SC_RS17790	NC_003888.3	3434529	3435026	+	498	567	431	592	346	280	311	473	398	424
SC_RS17795	NC_003888.3	3434985	3435764	-	780	123	105	138	1213	991	956	1587	1425	1389
SC_RS17800	NC_003888.3	3436004	3436459	+	456	62	48	84	23	17	24	72	26	70
SC_RS17805	NC_003888.3	3436463	3437626	-	1164	1245	1098	1454	524	481	622	505	382	441
SC_RS17810	NC_003888.3	3437662	3438627	-	966	836	834	1091	768	690	794	563	417	442
SC_RS17815	NC_003888.3	3438624	3439685	-	1062	402	309	415	89	53	79	168	48	139
SC_RS17820	NC_003888.3	3439885	3441573	+	1689	152	160	191	182	152	126	313	143	296
SC_RS17825	NC_003888.3	3441595	3441891	+	297	103	84	121	60	46	52	120	65	119
SC_RS17830	NC_003888.3	3442302	3442976	-	675	15	26	26	16	17	19	112	36	111
SC_RS17835	NC_003888.3	3443196	3445013	-	1818	4050	3745	4580	659	501	613	1132	1005	854
SC_RS17840	NC_003888.3	3445110	3446915	-	1806	3838	3358	4283	556	421	457	1289	1076	1025
SC_RS17845	NC_003888.3	3447175	3448989	-	1815	1416	1354	1812	404	358	410	564	388	456
SC_RS17850	NC_003888.3	3449047	3449946	-	900	507	486	651	108	96	120	204	129	171
SC_RS17855	NC_003888.3	3449961	3450821	-	861	516	459	586	71	85	107	188	96	127
SC_RS17860	NC_003888.3	3450852	3452228	-	1377	196	175	221	72	78	61	253	76	177
SC_RS17865	NC_003888.3	3452316	3453206	-	891	494	478	652	269	305	301	232	180	234
SC_RS17870	NC_003888.3	3453247	3453684	-	438	196	188	221	329	252	221	195	139	152
SC_RS17875	NC_003888.3	3453841	3454701	-	861	412	452	527	130	114	141	224	114	203
SC_RS17880	NC_003888.3	3454798	3456543	+	1746	303	280	367	235	211	225	415	198	326
SC_RS17885	NC_003888.3	3456606	3457136	+	531	275	238	336	200	132	158	242	172	218
SC_RS17890	NC_003888.3	3457367	3458992	+	1626	1009	1049	1290	1454	1357	1530	1101	984	958
SC_RS17895	NC_003888.3	3459077	3460781	+	1705	1041	895	1212	1112	900	911	1364	1374	1193
SC_RS17900	NC_003888.3	3460797	3461177	-	381	224	218	238	168	129	141	230	228	212
SC_RS17905	NC_003888.3	3461363	3462424	+	1062	854	876	1082	721	690	711	370	278	289
SC_RS17910	NC_003888.3	3462426	3463187	+	762	527	522	642	369	295	243	202	137	163
SC_RS17915	NC_003888.3	3463175	3463978	+	804	500	514	608	219	156	201	207	139	166
SC_RS17920	NC_003888.3	3464050	3465258	+	1209	981	924	1154	874	585	725	441	341	368
SC_RS17925	NC_003888.3	3465317	3465592	-	276	62	66	82	87	55	73	114	68	93
SC_RS17930	NC_003888.3	3465682	3466527	-	846	152	136	166	55	49	70	124	34	97
SC_RS17935	NC_003888.3	3466524	3467063	-	540	152	133	168	83	62	79	95	27	64
SC_RS17940	NC_003888.3	3467222	3469459	-	2238	574	419	638	426	442	402	518	246	455
SC_RS17945	NC_003888.3	3469606	3470205	-	600	585	577	806	358	328	474	392	350	376
SC_RS17950	NC_003888.3	3470375	3473869	+	3495	38	32	47	31	26	21	443	90	333
SC_RS17955	NC_003888.3	3473958	3474185	-	228	3	6	11	124	106	105	167	174	173
SC_RS17960	NC_003888.3	3474274	3475167	-	894	29	23	31	10	13	14	131	12	114
SC_RS17965	NC_003888.3	3475164	3476108	-	945	13	12	17	3	8	6	132	30	88
SC_RS17970	NC_003888.3	3476105	3477664	-	1560	38	44	37	9	11	9	211	43	151
SC_RS17975	NC_003888.3	3477824	3478471	+	648	134	151	193	40	42	46	137	72	101
SC_RS17980	NC_003888.3	3478490	3479293	-	804	246	218	269	79	48	50	146	63	102
SC_RS17985	NC_003888.3	3479362	3479847	+	486	232	209	297	192	143	171	171	144	131
SC_RS17990	NC_003888.3	3479867	3481618	-	1752	697	670	771	191	137	127	289	148	278
SC_RS17995	NC_003888.3	3481839	3481912	-	74	0	1	1	0	0	0	8	6	11
SC_RS18000	NC_003888.3	3481968	3483236	-	1269	1074	1020	1329	552	454	559	533	518	497
SC_RS18005	NC_003888.3	3483410	3484072	-	663	242	241	296	146	118	144	186	122	187
SC_RS18010	NC_003888.3	3484069	3484608	-	540	582	492	667	288	273	278	318	257	306
SC_RS18015	NC_003888.3	3484605	3485117	-	513	659	546	824	238	218	276	324	281	293
SC_RS18020	NC_003888.3	3485204	3486553	-	1350	3343	2814	3855	850	754	858	662	496	549
SC_RS18025	NC_003888.3	3486550	3487461	-	912	2991	2884	3780	851	833	996	605	446	416
SC_RS18030	NC_003888.3	3487555	3488169	+	615	319	270	357	106	68	82	170	75	104
SC_RS18035	NC_003888.3	3488258	3491068	-	2811	4519	4432	5728	1070	889	1247	1500	1033	1149
SC_RS18040	NC_003888.3	3491383	3492930	+	1548	2517	2254	3560	225	200	230	492	318	378
SC_RS18045	NC_003888.3	3493179	3494444	+	1266	1218	1157	1474	156	151	215	299	183	284
SC_RS18050	NC_003888.3	3494512	3494844	+	333	1707	1528	2118	1356	1070	1087	575	586	424
SC_RS18055	NC_003888.3	3494975	3495817	+	843	556	530	785	359	312	298	332	232	307
SC_RS18060	NC_003888.3	3496079	3496558	+	480	131	104	147	54	49	43	124	35	75
SC_RS18065	NC_003888.3	3496670	3497140	+	471	292	265	443	631	494	535	151	122	114
SC_RS18070	NC_003888.3	3497181	3497357	-	177	123	118	173	150	140	142	47	24	40
SC_RS18075	NC_003888.3	3497471	3498703	+	1233	295	251	370	378	359	355	271	138	220
SC_RS18080	NC_003888.3	3498864	3499910	+	1047	202	190	235	386	373	352	497	331	456
SC_RS18085	NC_003888.3	3500071	3501294	+	1224	4538	3700	5142	907	785	712	2243	2656	2525
SC_RS18090	NC_003888.3	3501463	3502212	+	750	428	397	442	256	188	135	448	305	405
SC_RS18095	NC_003888.3	3502247	3504346	-	2100	2011	2155	2177	2816	2134	1560	6724	5774	5710
SC_RS18100	NC_003888.3	3504474	3505421	-	948	503	439	535	508	348	235	1544	1144	1284
SC_RS18105	NC_003888.3	3505418	3506179	-	762	1197	1019	1311	1135	787	537	3939	2705	3351
SC_RS18110	NC_003888.3	3506390	3507907	-	1518	647	617	851	85	66	66	311	110	225
SC_RS18115	NC_003888.3	3507970	3508941	+	972	97	77	84	32	26	29	147	54	140
SC_RS18120	NC_003888.3	3509244	3509954	-	711	372	381	515	246	210	188	521	337	556
SC_RS18125	NC_003888.3	3510381	3511379	-	999	1253	1244	1466	1398	1253	1300	1210	1308	1115
SC_RS18130	NC_003888.3	3511595	3512110	+	516	308	297	391	230	195	188	234	189	200
SC_RS18135	NC_003888.3	3512143	3512904	-	762	30	22	35	7	3	10	121	25	81
SC_RS18140	NC_003888.3	3513024	3513515	+	492	102	111	144	45	34	49	80	45	78
SC_RS18145	NC_003888.3	3513616	3515160	-	1545	486	442	610	7832	7313	14703	3684	4095	2643
SC_RS18150	NC_003888.3	3515302	3515955	-	654	139	99	186	2692	2357	4621	2927	3408	2186
SC_RS18155	NC_003888.3	3516275	3517573	+	1299	27	22	28	9	13	15	211	61	164
SC_RS18160	NC_003888.3	3517633	3519207	+	1575	103	108	142	136	169	159	424	285	392
SC_RS18165	NC_003888.3	3519449	3520903	-	1455	24	14	14	1433	1235	1072	2338	1894	2209
SC_RS18170	NC_003888.3	3520900	3521676	-	777	4	4	0	645	655	551	872	608	709
SC_RS18175	NC_003888.3	3521673	3522680	-	1008	4	3	6	686	667	582	1196	886	1058
SC_RS18180	NC_003888.3	3522697	3523299	-	603	1	0	0	159	141	131	266	219	268
SC_RS18185	NC_003888.3	3523296	3524831	-	1536	30	38	27	1008	878	830	1562	988	1148
SC_RS18190	NC_003888.3	3524828	3525871	-	1044	14	12	13	1295	1184	1000	1413	1013	1198
SC_RS18195	NC_003888.3	3526137	3528527	+	2391	26	43	31	13952	12614	11343	13820	16502	13031
SC_RS18200	NC_003888.3	3529272	3531188	+	1917	102	102	144	12512	10197	9686	9344	8552	7023
SC_RS18205	NC_003888.3	3531250	3531465	-	216	11	7	17	4426	4746	4659	5054	5003	4357
SC_RS18210	NC_003888.3	3531588	3532763	-	1176	14	21	24	1000	1095	923	2866	3245	2929
SC_RS18215	NC_003888.3	3532971	3533399	-	429	68	43	80	954	877	725	1836	1487	1591
SC_RS18220	NC_003888.3	3533492	3534346	-	855	21	18	25	4059	3677	3223	3872	3213	3452
SC_RS18225	NC_003888.3	3534444	3534899	-	456	4	1	4	2099	2160	1776	3583	2113	2403
SC_RS18230	NC_003888.3	3535054	3535848	-	795	28	35	46	3847	4336	4093	7100	8605	6434
SC_RS18235	NC_003888.3	3535855	3536808	-	954	64	62	79	8134	7590	6876	15079	19658	14501
SC_RS18240	NC_003888.3	3536945	3538660	+	1716	241	243	281	1105	997	807	2172	2366	2250
SC_RS18245	NC_003888.3	3538679	3539347	+	669	450	412	530	758	808	628	958	878	896
SC_RS18250	NC_003888.3	3539337	3540671	-	1335	236	193	278	1098	1022	938	1529	1217	1246
SC_RS18255	NC_003888.3	3540668	3541954	-	1287	33	35	29	2119	1880	1958	2314	1858	2069
SC_RS18260	NC_003888.3	3541951	3543027	-	1077	8	6	1	2236	2153	1932	2634	2063	2085
SC_RS18265	NC_003888.3	3543335	3565726	+	22392	324	271	415	7944	6631	6176	16930	12385	15358
SC_RS18270	NC_003888.3	3565723	3576735	+	11013	160	139	169	6567	6129	6052	11035	8844	10705
SC_RS18275	NC_003888.3	3576735	3583988	+	7254	108	84	111	3759	3734	3990	7167	5805	6922
SC_RS18280	NC_003888.3	3583992	3584810	+	819	16	12	5	856	927	854	1835	1581	1712
SC_RS18285	NC_003888.3	3584822	3585724	+	903	17	22	27	1014	1005	840	2253	1810	1983
SC_RS18290	NC_003888.3	3585800	3587647	-	1848	56	32	49	2192	1994	1794	4123	3361	3760
SC_RS18295	NC_003888.3	3587687	3588688	-	1002	10	5	9	3165	2947	2394	6745	5058	5670
SC_RS18300	NC_003888.3	3588746	3590149	-	1404	4	6	3	520	470	483	966	651	796
SC_RS18305	NC_003888.3	3590146	3591306	-	1161	2	5	6	572	552	499	844	666	790
SC_RS18310	NC_003888.3	3591313	3592182	-	870	2	0	4	921	844	774	1591	1204	1387
SC_RS18315	NC_003888.3	3592179	3592889	-	711	1	1	0	518	476	440	859	630	803
SC_RS18320	NC_003888.3	3592886	3593758	-	873	3	1	3	1066	945	867	1416	1203	1395
SC_RS18325	NC_003888.3	3593755	3594630	-	876	2	3	0	793	645	573	1563	1174	1459
SC_RS18330	NC_003888.3	3594627	3595793	-	1167	7	14	14	3956	3598	3072	6371	5400	6673
SC_RS18335	NC_003888.3	3595843	3596640	-	798	8	5	7	2081	2204	2087	5268	4429	4439
SC_RS18340	NC_003888.3	3596708	3597973	-	1266	17	8	18	1490	1230	1118	2429	1812	2150
SC_RS18345	NC_003888.3	3598017	3599009	-	993	4	5	0	647	609	564	1731	1185	1323
SC_RS18350	NC_003888.3	3599006	3600808	-	1803	2	0	4	3322	3112	2869	5619	4504	4993
SC_RS18355	NC_003888.3	3600858	3602078	-	1221	8	10	14	4637	3809	3100	7172	5288	6407
SC_RS18360	NC_003888.3	3602075	3602320	-	246	8	8	9	1876	1502	1058	3765	2512	2993
SC_RS18365	NC_003888.3	3602609	3602681	+	73	1	0	1	0	0	0	23	5	21
SC_RS18370	NC_003888.3	3602753	3603907	-	1155	10	18	15	8	6	3	160	28	117
SC_RS18375	NC_003888.3	3603907	3604107	-	201	0	0	0	0	0	1	21	5	14
SC_RS18380	NC_003888.3	3604104	3605504	-	1401	10	8	23	16	13	12	175	28	187
SC_RS18385	NC_003888.3	3605594	3605911	-	318	18	14	31	9	12	12	69	16	44
SC_RS18390	NC_003888.3	3605935	3606090	-	156	2	0	2	0	0	2	7	2	16
SC_RS18395	NC_003888.3	3606102	3606293	-	192	1	0	6	0	1	0	24	11	20
SC_RS18400	NC_003888.3	3606326	3606979	-	654	1	3	6	2	1	2	89	15	52
SC_RS18405	NC_003888.3	3607061	3608416	-	1356	14	13	16	18	7	9	153	29	138
SC_RS18410	NC_003888.3	3608420	3608776	-	357	18	18	13	2	1	0	52	7	29
SC_RS18415	NC_003888.3	3608916	3609695	-	780	273	246	389	117	95	124	243	133	182
SC_RS18420	NC_003888.3	3609714	3610178	+	465	59	71	60	25	17	28	88	26	82
SC_RS18425	NC_003888.3	3610777	3612171	+	1395	1480	1386	1931	365	367	428	356	270	304
SC_RS18430	NC_003888.3	3612168	3612917	+	750	1327	1330	1807	109	110	111	188	93	161
SC_RS18435	NC_003888.3	3613332	3613631	-	300	101	109	120	2	3	3	38	17	41
SC_RS18440	NC_003888.3	3613628	3614359	-	732	53	45	88	1	4	6	86	20	87
SC_RS18445	NC_003888.3	3614368	3614592	-	225	17	13	13	1	2	2	55	10	36
SC_RS18450	NC_003888.3	3615122	3615400	-	279	4	5	5	3	0	0	50	11	41
SC_RS18455	NC_003888.3	3615480	3616235	+	756	125	152	166	55	32	44	106	39	103
SC_RS18460	NC_003888.3	3616286	3616798	+	513	111	88	165	51	46	45	155	56	124
SC_RS18465	NC_003888.3	3617177	3617377	+	201	4	3	2	3	9	5	56	13	50
SC_RS18470	NC_003888.3	3617556	3617878	-	323	15	8	12	9	14	15	44	18	45
SC_RS18475	NC_003888.3	3617878	3618214	-	337	4	1	1	0	0	0	26	4	23
SC_RS18480	NC_003888.3	3618213	3618479	+	267	107	101	149	121	89	97	197	147	131
SC_RS18485	NC_003888.3	3618476	3618922	+	447	160	132	208	141	128	120	173	134	150
SC_RS18490	NC_003888.3	3619017	3619451	-	435	186	200	228	57	32	56	105	56	87
SC_RS18495	NC_003888.3	3619892	3621391	+	1500	221	181	263	29	42	32	246	61	174
SC_RS18500	NC_003888.3	3621404	3622330	-	927	189	147	208	19	10	18	125	48	126
SC_RS18505	NC_003888.3	3622590	3623804	+	1215	9	17	14	4	3	1	159	37	153
SC_RS18510	NC_003888.3	3623867	3624412	+	546	11	23	15	19	11	17	74	20	65
SC_RS18515	NC_003888.3	3624449	3624859	-	411	17	7	8	6	5	6	54	13	39
SC_RS18520	NC_003888.3	3625007	3625663	+	657	120	84	140	64	27	42	101	47	83
SC_RS18525	NC_003888.3	3625695	3626462	-	768	397	381	488	118	91	77	231	133	172
SC_RS18530	NC_003888.3	3626675	3628768	+	2094	131	113	150	33	27	32	314	89	288
SC_RS18535	NC_003888.3	3628805	3634123	-	5319	647	606	740	69	63	77	751	209	642
SC_RS18540	NC_003888.3	3634209	3636242	-	2034	3352	2710	3677	244	159	289	483	301	459
SC_RS18545	NC_003888.3	3636411	3636536	-	126	432	288	343	85	49	102	67	44	59
SC_RS18550	NC_003888.3	3636856	3637587	+	732	12	2	12	290	264	262	5021	4078	3663
SC_RS18555	NC_003888.3	3637594	3639204	+	1611	24	24	26	390	385	372	6532	5038	4505
SC_RS18560	NC_003888.3	3639201	3639950	+	750	24	12	20	308	249	278	5310	4633	3701
SC_RS18565	NC_003888.3	3640178	3641611	+	1434	169	170	215	696	526	624	2455	2131	2080
SC_RS18570	NC_003888.3	3641739	3642248	-	510	478	447	551	98	86	133	211	177	173
SC_RS18575	NC_003888.3	3642308	3642820	-	513	17	15	20	62	32	39	146	78	119
SC_RS18580	NC_003888.3	3642817	3644163	-	1347	68	47	63	157	138	164	246	110	208
SC_RS18585	NC_003888.3	3644267	3644935	-	669	31	25	40	24	14	4	74	15	62
SC_RS18590	NC_003888.3	3644932	3646035	-	1104	105	79	102	67	41	33	145	43	134
SC_RS18595	NC_003888.3	3646131	3646469	+	339	40	58	81	6	7	15	52	15	37
SC_RS18600	NC_003888.3	3646539	3647321	+	783	329	305	405	66	80	88	123	52	115
SC_RS18605	NC_003888.3	3647355	3648548	-	1194	1731	1583	1958	121	107	98	470	353	376
SC_RS18610	NC_003888.3	3648753	3649631	+	879	714	623	794	180	130	163	231	142	184
SC_RS18615	NC_003888.3	3649749	3650615	+	867	874	744	992	1044	950	836	361	264	301
SC_RS18620	NC_003888.3	3650705	3652006	+	1302	1473	1261	1690	665	487	462	699	504	528
SC_RS18625	NC_003888.3	3652259	3654001	-	1743	2153	2028	2646	781	769	878	800	669	598
SC_RS18630	NC_003888.3	3654175	3655935	+	1761	2197	1923	2623	672	559	717	622	498	517
SC_RS18635	NC_003888.3	3656071	3657396	+	1326	457	420	503	209	193	202	299	123	228
SC_RS18640	NC_003888.3	3657329	3658543	-	1215	225	233	272	562	476	612	227	108	181
SC_RS18645	NC_003888.3	3658635	3659537	-	903	298	248	348	260	225	281	213	152	197
SC_RS18650	NC_003888.3	3659641	3661035	-	1395	752	775	912	280	228	289	414	231	319
SC_RS18655	NC_003888.3	3661248	3661991	+	744	517	447	583	193	149	166	303	231	292
SC_RS18660	NC_003888.3	3662050	3663042	-	993	3973	3817	5427	2701	2004	2462	3036	2962	2561
SC_RS18665	NC_003888.3	3663566	3663976	+	411	56	43	66	22	37	38	104	53	106
SC_RS18670	NC_003888.3	3663973	3664890	-	918	131	132	132	45	50	47	174	62	144
SC_RS18675	NC_003888.3	3665180	3666136	-	957	68	47	83	57	34	63	186	56	120
SC_RS18680	NC_003888.3	3666265	3666957	+	693	69	74	105	53	40	53	116	44	80
SC_RS18685	NC_003888.3	3666980	3667756	-	777	324	277	387	122	115	126	202	137	238
SC_RS18690	NC_003888.3	3668023	3669720	-	1698	7700	7271	9876	1441	1461	2011	2155	2226	2111
SC_RS18695	NC_003888.3	3669717	3670676	-	960	4147	4268	5555	620	664	931	976	1011	1012
SC_RS18700	NC_003888.3	3670673	3672418	-	1746	3672	3701	4885	796	812	1235	1342	1356	1374
SC_RS18705	NC_003888.3	3672415	3673191	-	777	2313	2293	3005	752	707	964	967	957	832
SC_RS18710	NC_003888.3	3673466	3673762	-	297	108	86	101	69	63	74	118	109	115
SC_RS18715	NC_003888.3	3673916	3674866	+	951	555	554	708	1545	1066	1212	577	404	499
SC_RS18720	NC_003888.3	3675181	3675975	+	795	24	39	51	5721	5473	6079	5614	4966	4524
SC_RS18725	NC_003888.3	3676223	3677473	+	1251	330	337	440	6715	5890	7288	5145	5218	4420
SC_RS18730	NC_003888.3	3677515	3678582	-	1068	298	269	354	290	248	289	333	228	300
SC_RS18735	NC_003888.3	3678597	3679658	-	1062	1288	1116	1517	779	676	747	895	748	764
SC_RS18740	NC_003888.3	3679848	3679946	-	99	75	104	167	416	400	324	1555	2020	1742
SC_RS18745	NC_003888.3	3680056	3680268	-	213	102	106	126	4440	4129	3654	16854	19754	17087
SC_RS18750	NC_003888.3	3680398	3681213	-	816	57	31	58	199	129	134	337	256	298
SC_RS18755	NC_003888.3	3681507	3682679	-	1173	182	226	286	61	58	64	262	165	258
SC_RS18760	NC_003888.3	3682630	3683877	-	1248	23	26	38	7	12	7	174	42	148
SC_RS18765	NC_003888.3	3683901	3684617	-	717	60	67	78	22	25	15	113	33	105
SC_RS18770	NC_003888.3	3684694	3685341	-	648	276	276	359	109	89	117	159	50	88
SC_RS18775	NC_003888.3	3685405	3685521	-	117	0	0	0	0	0	0	8	2	7
SC_RS18780	NC_003888.3	3685606	3688729	-	3124	721	451	605	1142	1700	1723	523	494	293
SC_RS18785	NC_003888.3	3689012	3690538	-	1527	84	85	123	23	20	17	39	15	21
SC_RS18790	NC_003888.3	3691374	3692384	+	1011	96	117	173	77	71	76	178	104	185
SC_RS18795	NC_003888.3	3692339	3693343	-	1005	38	22	31	12	15	19	153	46	129
SC_RS18800	NC_003888.3	3693418	3693999	+	582	19	12	19	13	15	18	93	25	67
SC_RS18805	NC_003888.3	3694063	3694875	-	813	162	162	226	203	178	196	245	109	204
SC_RS18810	NC_003888.3	3695123	3695923	-	801	29	18	35	14	10	15	116	23	86
SC_RS18815	NC_003888.3	3695920	3696750	-	831	61	55	64	16	10	25	109	35	95
SC_RS18820	NC_003888.3	3696891	3697673	-	783	27	36	49	92	113	100	194	119	146
SC_RS18825	NC_003888.3	3698670	3699173	-	504	1073	935	1293	119	141	132	353	432	416
SC_RS18830	NC_003888.3	3699215	3699889	-	675	2996	2424	3441	171	153	158	1019	1373	1323
SC_RS18835	NC_003888.3	3700056	3700385	-	330	80	81	95	33	25	14	120	83	132
SC_RS18840	NC_003888.3	3700571	3702733	+	2163	2642	2598	3467	1046	848	911	1187	1049	1078
SC_RS18845	NC_003888.3	3702759	3704612	-	1854	513	495	670	3520	2535	4448	1132	896	747
SC_RS18850	NC_003888.3	3704768	3705382	-	615	76	75	68	130	103	162	128	49	107
SC_RS18855	NC_003888.3	3705379	3706236	-	858	180	181	224	437	412	520	286	166	201
SC_RS18860	NC_003888.3	3706398	3707327	-	930	235	222	316	289	239	275	294	172	286
SC_RS18865	NC_003888.3	3707399	3708214	+	816	1402	1264	1702	909	819	860	704	676	651
SC_RS18870	NC_003888.3	3708278	3710074	-	1797	557	462	735	3787	3489	4425	1233	1069	967
SC_RS18875	NC_003888.3	3710688	3712097	+	1410	2730	2549	3487	418	347	458	610	433	530
SC_RS18880	NC_003888.3	3712179	3713303	+	1125	2050	1949	2684	1330	1008	1305	1121	1008	1036
SC_RS18885	NC_003888.3	3713340	3714179	-	840	957	798	1069	657	570	626	501	424	451
SC_RS18890	NC_003888.3	3714378	3715304	+	927	693	609	825	333	259	322	286	160	254
SC_RS18895	NC_003888.3	3715604	3716137	+	534	3474	2954	4330	3983	3393	3838	2548	3073	2746
SC_RS18900	NC_003888.3	3716125	3716802	+	678	1173	1005	1328	1053	867	935	715	718	740
SC_RS18905	NC_003888.3	3716926	3717630	+	705	625	537	733	394	397	377	373	295	352
SC_RS18910	NC_003888.3	3717647	3719170	+	1524	1182	1068	1344	1156	825	1022	756	724	746
SC_RS18915	NC_003888.3	3719200	3720033	-	834	230	214	274	104	96	117	155	74	158
SC_RS18920	NC_003888.3	3720125	3720577	-	453	30	35	39	22	18	27	84	29	61
SC_RS18925	NC_003888.3	3720696	3721331	+	636	49	38	56	13	17	11	88	28	68
SC_RS18930	NC_003888.3	3721342	3721785	+	444	191	151	228	57	29	64	74	21	73
SC_RS18935	NC_003888.3	3721792	3722244	+	453	146	127	192	78	68	73	104	55	92
SC_RS18940	NC_003888.3	3722257	3722448	-	192	133	123	175	125	119	145	130	123	106
SC_RS18945	NC_003888.3	3722414	3723256	-	843	21	24	35	285	202	216	604	417	469
SC_RS18950	NC_003888.3	3723488	3723691	+	204	10	8	17	2	2	3	52	5	43
SC_RS18955	NC_003888.3	3723844	3725439	-	1596	1592	1645	2331	443	440	398	1755	1888	1507
SC_RS18960	NC_003888.3	3725586	3726185	+	600	264	266	345	143	103	118	242	205	206
SC_RS18965	NC_003888.3	3726219	3726905	-	687	53	54	71	17	29	16	112	56	125
SC_RS18970	NC_003888.3	3727304	3729892	+	2589	138	154	188	745	558	675	962	750	854
SC_RS18975	NC_003888.3	3729902	3732487	+	2586	73	69	74	292	239	305	609	336	492
SC_RS18980	NC_003888.3	3732621	3733277	+	657	10	20	17	372	332	272	273	199	179
SC_RS18985	NC_003888.3	3733321	3736353	+	3033	394	306	442	506	380	397	786	403	580
SC_RS18990	NC_003888.3	3736431	3738956	-	2526	21408	20909	26568	28750	22582	29520	29174	30268	25568
SC_RS18995	NC_003888.3	3739398	3740099	+	702	4083	3897	4961	758	652	738	979	874	861
SC_RS19000	NC_003888.3	3740100	3740435	-	336	5386	5121	6576	1673	1482	1635	1803	1700	1538
SC_RS19005	NC_003888.3	3740711	3741220	-	510	123	135	215	43	53	50	122	51	115
SC_RS19010	NC_003888.3	3741230	3741628	-	399	154	154	180	172	133	164	151	141	140
SC_RS19015	NC_003888.3	3741763	3741942	-	180	71	78	100	33	14	27	44	22	43
SC_RS19020	NC_003888.3	3741966	3742592	-	627	26	21	31	5	4	8	95	23	78
SC_RS19025	NC_003888.3	3743026	3743823	-	798	588	604	744	190	179	200	431	339	334
SC_RS19030	NC_003888.3	3743829	3744818	-	990	877	883	1059	193	208	265	490	398	380
SC_RS19035	NC_003888.3	3744824	3746566	-	1743	487	446	527	114	108	158	497	356	434
SC_RS19040	NC_003888.3	3746563	3747576	-	1014	266	228	291	41	49	65	260	161	184
SC_RS19045	NC_003888.3	3747573	3748835	-	1263	471	461	590	116	63	128	317	216	281
SC_RS19050	NC_003888.3	3749036	3750247	+	1212	323	324	362	510	478	575	448	258	268
SC_RS19055	NC_003888.3	3750254	3750529	-	276	26	32	23	47	33	35	42	23	30
SC_RS19060	NC_003888.3	3750688	3751794	+	1107	473	403	589	160	112	170	267	110	197
SC_RS19065	NC_003888.3	3751837	3752486	-	650	174	125	175	42	39	46	118	66	113
SC_RS19070	NC_003888.3	3752539	3753213	-	675	230	211	302	62	52	81	218	191	236
SC_RS19075	NC_003888.3	3753279	3754484	-	1206	516	456	586	203	177	185	893	920	920
SC_RS19080	NC_003888.3	3754603	3755691	+	1089	363	294	414	187	140	136	198	126	225
SC_RS19085	NC_003888.3	3755656	3756807	-	1152	560	556	723	261	191	278	388	289	346
SC_RS19090	NC_003888.3	3756839	3757396	+	558	287	258	317	240	208	207	342	195	302
SC_RS19095	NC_003888.3	3757786	3759117	+	1332	469	442	496	290	248	309	378	242	309
SC_RS19100	NC_003888.3	3759147	3760436	-	1290	1088	1017	1400	696	620	611	588	502	503
SC_RS19105	NC_003888.3	3760573	3761706	-	1134	808	676	858	247	241	175	375	250	300
SC_RS19110	NC_003888.3	3761869	3763674	+	1806	1877	1653	2233	598	552	456	643	445	487
SC_RS19115	NC_003888.3	3764143	3765009	+	867	672	631	787	235	175	215	321	186	276
SC_RS19120	NC_003888.3	3765006	3765509	+	504	88	98	136	54	57	80	113	52	90
SC_RS19125	NC_003888.3	3765814	3766173	+	360	504	486	725	886	715	875	402	307	311
SC_RS19130	NC_003888.3	3766170	3766781	+	612	336	305	482	406	376	503	255	178	149
SC_RS19135	NC_003888.3	3766852	3767340	+	489	748	759	946	354	319	372	389	330	346
SC_RS19140	NC_003888.3	3767356	3767961	-	606	798	727	888	748	568	698	510	436	430
SC_RS19145	NC_003888.3	3768093	3770132	-	2040	14902	13891	18255	10210	8149	11525	11334	10370	9967
SC_RS19150	NC_003888.3	3770329	3770889	-	561	1667	1638	2146	1104	1117	1278	912	905	936
SC_RS19155	NC_003888.3	3770964	3772022	-	1059	165	178	210	1418	1412	1804	908	698	684
SC_RS19160	NC_003888.3	3772215	3773342	-	1128	490	436	574	774	686	771	689	522	575
SC_RS19165	NC_003888.3	3773464	3775065	-	1602	1117	973	1347	1444	1392	1587	926	782	786
SC_RS19170	NC_003888.3	3775145	3775636	+	492	3218	3158	4272	2119	1988	2075	1488	1473	1113
SC_RS19175	NC_003888.3	3775750	3777459	+	1710	1107	1004	1334	455	324	444	602	385	510
SC_RS19180	NC_003888.3	3777456	3778367	-	912	636	604	702	201	206	321	315	202	289
SC_RS19185	NC_003888.3	3778503	3778868	+	366	48	41	70	88	45	63	207	170	189
SC_RS19190	NC_003888.3	3778914	3779675	-	762	285	314	418	283	226	220	613	445	508
SC_RS19195	NC_003888.3	3779785	3780231	-	447	289	249	356	100	86	90	170	152	121
SC_RS19200	NC_003888.3	3780339	3781268	+	930	48	55	46	16	19	21	116	34	102
SC_RS19205	NC_003888.3	3781328	3782755	+	1428	38	31	44	24	16	20	244	50	154
SC_RS19210	NC_003888.3	3782903	3783658	-	756	35	52	60	25	21	20	107	42	82
SC_RS19215	NC_003888.3	3783682	3784623	-	942	86	83	113	44	41	29	125	46	113
SC_RS19220	NC_003888.3	3784717	3785358	-	642	140	196	201	194	216	186	203	172	196
SC_RS19225	NC_003888.3	3785441	3786901	-	1461	420	426	623	1689	1516	1694	1552	1275	1142
SC_RS19230	NC_003888.3	3786977	3787801	-	825	516	422	612	1037	846	995	1022	923	890
SC_RS19235	NC_003888.3	3788179	3788643	+	465	289	293	338	383	355	418	480	344	362
SC_RS19240	NC_003888.3	3788692	3788943	-	252	219	216	256	91	57	63	86	46	76
SC_RS19245	NC_003888.3	3789248	3789487	-	240	5	5	14	0	1	1	54	18	43
SC_RS19250	NC_003888.3	3789492	3790681	-	1190	64	44	74	10	11	8	150	44	127
SC_RS19255	NC_003888.3	3790678	3790932	-	255	10	5	22	1	2	1	12	2	13
SC_RS19260	NC_003888.3	3790939	3791103	-	165	2	2	3	2	0	0	10	2	5
SC_RS19265	NC_003888.3	3791176	3791412	+	237	7	11	13	0	0	2	26	8	28
SC_RS19270	NC_003888.3	3791412	3791717	+	306	12	22	21	1	2	2	26	6	31
SC_RS19275	NC_003888.3	3791751	3791891	-	141	32	23	31	9	10	8	27	17	27
SC_RS19280	NC_003888.3	3791947	3792453	+	507	117	150	187	91	64	89	150	106	128
SC_RS19285	NC_003888.3	3792412	3793668	-	1257	132	137	166	100	84	69	194	81	180
SC_RS19290	NC_003888.3	3793755	3794531	+	777	273	252	302	101	88	112	220	137	170
SC_RS19295	NC_003888.3	3794733	3796424	+	1692	959	846	1135	170	174	139	488	402	466
SC_RS19300	NC_003888.3	3796515	3797402	+	888	114	83	146	33	29	36	145	44	128
SC_RS19305	NC_003888.3	3797490	3799043	+	1554	58	62	67	49	48	43	269	59	228
SC_RS19310	NC_003888.3	3799715	3800455	-	741	10	9	9	5	6	10	108	34	76
SC_RS19315	NC_003888.3	3800452	3801438	-	987	13	14	20	5	4	4	153	23	101
SC_RS19320	NC_003888.3	3801712	3802629	+	918	29	37	35	20	15	10	144	42	135
SC_RS19325	NC_003888.3	3802662	3803408	+	747	110	77	99	66	61	52	121	56	111
SC_RS19330	NC_003888.3	3803405	3803974	+	570	13	19	29	5	2	9	72	19	57
SC_RS19335	NC_003888.3	3804032	3804376	+	345	26	24	16	43	21	28	60	35	80
SC_RS19340	NC_003888.3	3804673	3806037	-	1365	174	133	201	167	114	134	371	153	296
SC_RS19345	NC_003888.3	3806179	3808029	-	1851	123	103	123	115	91	104	351	159	316
SC_RS19350	NC_003888.3	3808168	3808293	-	126	5	8	4	10	1	8	23	11	22
SC_RS19355	NC_003888.3	3808429	3809106	-	678	42	18	34	35	27	40	108	31	83
SC_RS19360	NC_003888.3	3809247	3809876	-	630	178	133	193	87	71	82	211	119	166
SC_RS19365	NC_003888.3	3810083	3810211	+	129	7	5	11	20	13	7	37	23	19
SC_RS19370	NC_003888.3	3810352	3810621	-	270	26	28	29	47	41	37	75	36	59
SC_RS19375	NC_003888.3	3810669	3811226	-	558	86	93	130	158	109	121	146	104	118
SC_RS19380	NC_003888.3	3811392	3811703	+	312	10	9	7	21	10	7	53	14	46
SC_RS19385	NC_003888.3	3811766	3812845	-	1080	52	45	44	38	36	46	202	45	134
SC_RS19390	NC_003888.3	3812961	3814025	-	1065	15	7	19	14	9	8	137	38	115
SC_RS19395	NC_003888.3	3814031	3814873	-	843	16	9	11	8	10	19	105	29	92
SC_RS19400	NC_003888.3	3814870	3815739	-	870	23	27	16	9	11	17	128	33	91
SC_RS19405	NC_003888.3	3815736	3817001	-	1266	38	24	47	41	34	36	236	112	199
SC_RS19410	NC_003888.3	3817153	3817770	+	618	85	76	109	76	67	65	135	103	145
SC_RS19415	NC_003888.3	3817745	3818494	-	750	37	26	44	16	13	18	103	30	85
SC_RS19420	NC_003888.3	3818491	3819297	-	807	19	21	25	6	7	5	103	32	91
SC_RS19425	NC_003888.3	3819523	3820932	+	1410	59	53	56	10	11	11	227	40	187
SC_RS19430	NC_003888.3	3820929	3821387	+	459	5	7	7	1	5	3	61	18	71
SC_RS19435	NC_003888.3	3821387	3822823	+	1437	30	28	25	30	11	23	201	46	171
SC_RS19440	NC_003888.3	3822850	3823638	+	789	38	28	48	12	14	9	122	31	89
SC_RS19445	NC_003888.3	3823635	3824309	+	675	11	11	15	6	5	8	95	20	75
SC_RS19450	NC_003888.3	3824306	3825016	+	711	20	17	22	15	8	9	136	47	105
SC_RS19455	NC_003888.3	3825371	3826210	+	840	3	1	5	9	1	7	29	4	36
SC_RS19460	NC_003888.3	3826473	3827312	+	840	0	0	1	1	1	0	14	6	13
SC_RS19465	NC_003888.3	3827427	3828962	+	1536	8	4	5	25	21	28	219	49	187
SC_RS19470	NC_003888.3	3829043	3830584	-	1542	11	15	11	6	10	16	32	14	26
SC_RS19475	NC_003888.3	3830698	3831525	-	828	240	203	269	73	62	72	178	58	147
SC_RS19480	NC_003888.3	3831705	3832634	-	930	226	209	308	65	53	60	248	106	161
SC_RS19485	NC_003888.3	3832988	3833278	-	291	13	12	9	14	8	13	89	11	60
SC_RS19490	NC_003888.3	3834055	3834702	-	648	33	31	47	39	26	24	145	46	120
SC_RS19495	NC_003888.3	3834741	3835742	-	1002	157	130	192	84	69	94	193	115	170
SC_RS19500	NC_003888.3	3835870	3837003	-	1134	189	168	241	67	81	75	257	112	193
SC_RS19505	NC_003888.3	3837216	3837968	-	753	86	84	114	33	39	35	131	49	139
SC_RS19510	NC_003888.3	3837968	3838990	-	1023	183	142	192	39	39	47	173	57	130
SC_RS19515	NC_003888.3	3838999	3839985	-	987	149	116	174	55	85	59	190	87	144
SC_RS19520	NC_003888.3	3840395	3843337	-	2943	394	398	468	187	167	166	560	214	431
SC_RS19525	NC_003888.3	3843523	3844608	-	1086	275	241	276	105	119	107	247	116	198
SC_RS19530	NC_003888.3	3844670	3845782	-	1113	254	235	255	81	66	82	236	82	152
SC_RS19535	NC_003888.3	3845809	3846576	-	768	73	71	73	45	37	28	147	66	96
SC_RS19540	NC_003888.3	3846702	3847649	-	948	165	166	171	71	61	62	210	104	180
SC_RS19545	NC_003888.3	3847685	3848845	-	1161	181	153	216	51	60	76	273	122	212
SC_RS19550	NC_003888.3	3849177	3850163	-	987	364	357	443	208	151	180	301	153	261
SC_RS19555	NC_003888.3	3850388	3851866	+	1479	222	245	288	85	72	75	252	107	219
SC_RS19560	NC_003888.3	3852309	3854645	+	2337	394	396	513	436	365	344	730	525	628
SC_RS19565	NC_003888.3	3854847	3855298	+	452	444	409	553	132	104	117	154	89	169
SC_RS19570	NC_003888.3	3855405	3856946	+	1542	25	17	27	11	4	16	42	20	56
SC_RS19575	NC_003888.3	3857536	3857739	+	204	13	7	7	7	2	2	41	20	40
SC_RS19580	NC_003888.3	3857726	3858133	+	408	8	14	10	8	6	6	72	17	52
SC_RS19585	NC_003888.3	3858421	3859008	-	588	61	66	86	34	28	40	130	59	113
SC_RS19590	NC_003888.3	3859063	3860043	-	981	18	26	29	5	11	7	133	24	99
SC_RS19595	NC_003888.3	3860040	3860717	-	678	3	8	3	1	2	2	87	21	81
SC_RS19600	NC_003888.3	3861209	3862690	-	1482	60	43	64	60	55	58	301	140	246
SC_RS19605	NC_003888.3	3863148	3863927	-	780	116	110	158	55	41	50	196	112	147
SC_RS19610	NC_003888.3	3863976	3864986	-	1011	58	48	66	36	33	38	141	68	127
SC_RS19615	NC_003888.3	3865049	3865636	-	588	22	28	47	19	15	15	77	26	78
SC_RS19620	NC_003888.3	3865647	3867689	-	2043	158	108	179	102	118	137	396	137	269
SC_RS19625	NC_003888.3	3867696	3869450	-	1755	124	102	134	52	51	60	273	95	216
SC_RS19630	NC_003888.3	3869438	3870205	-	768	42	61	66	27	30	30	110	35	80
SC_RS19635	NC_003888.3	3870261	3871187	-	927	53	53	56	54	48	56	184	87	157
SC_RS19640	NC_003888.3	3871177	3872142	-	966	34	43	45	33	24	29	128	40	113
SC_RS19645	NC_003888.3	3872165	3873454	-	1290	65	55	68	44	51	49	197	57	167
SC_RS19650	NC_003888.3	3873639	3874676	+	1038	325	275	417	176	151	170	278	178	251
SC_RS19655	NC_003888.3	3874908	3876263	+	1356	73	80	110	51	40	55	253	85	196
SC_RS19660	NC_003888.3	3877191	3877628	+	438	49	31	65	32	37	26	127	111	136
SC_RS19665	NC_003888.3	3877724	3878659	+	936	60	53	80	91	52	71	119	52	144
SC_RS19670	NC_003888.3	3878757	3879503	-	747	5	2	4	4	1	2	100	26	83
SC_RS19675	NC_003888.3	3880083	3881228	+	1146	11	19	31	5	3	3	216	23	160
SC_RS19680	NC_003888.3	3881317	3881625	+	309	2	2	3	1	0	0	27	7	27
SC_RS19685	NC_003888.3	3881625	3882305	+	681	1	3	4	2	1	4	95	21	60
SC_RS19690	NC_003888.3	3882333	3883742	+	1410	14	13	17	6	8	0	187	26	140
SC_RS19695	NC_003888.3	3883874	3885340	+	1467	10	10	10	1	2	4	172	37	120
SC_RS19700	NC_003888.3	3885367	3885819	+	453	6	5	4	4	6	0	51	15	39
SC_RS19705	NC_003888.3	3885846	3887351	+	1506	37	32	47	16	14	8	207	51	174
SC_RS19710	NC_003888.3	3887384	3888079	+	696	12	13	17	12	12	10	105	34	86
SC_RS19715	NC_003888.3	3888210	3888821	+	612	5	5	7	5	3	8	64	19	65
SC_RS19720	NC_003888.3	3888872	3889636	+	765	15	18	24	19	9	11	108	28	101
SC_RS19725	NC_003888.3	3889752	3890456	-	705	21	28	29	89	58	96	154	95	118
SC_RS19730	NC_003888.3	3890457	3890792	-	336	16	18	23	16	24	27	70	39	71
SC_RS19735	NC_003888.3	3891104	3891829	+	726	1	8	15	10	10	10	147	33	114
SC_RS19740	NC_003888.3	3891921	3892586	+	666	7	7	11	5	3	0	106	13	79
SC_RS19745	NC_003888.3	3892682	3893122	+	441	4	9	7	2	3	9	62	9	40
SC_RS19750	NC_003888.3	3893202	3894470	+	1269	12	16	31	7	9	15	166	37	132
SC_RS19755	NC_003888.3	3894467	3894697	+	231	1	1	0	0	0	0	32	7	22
SC_RS19760	NC_003888.3	3894694	3895866	+	1173	13	5	12	4	6	0	185	45	159
SC_RS19765	NC_003888.3	3896019	3896120	+	102	1	0	4	2	0	0	24	6	16
SC_RS19770	NC_003888.3	3896173	3897147	+	975	8	11	13	4	1	6	127	18	134
SC_RS19775	NC_003888.3	3897241	3897840	+	600	9	5	8	5	3	3	77	23	66
SC_RS19780	NC_003888.3	3897837	3898616	+	780	0	0	0	1	3	0	108	20	104
SC_RS19785	NC_003888.3	3898613	3899089	+	477	0	1	0	4	6	9	72	23	37
SC_RS19790	NC_003888.3	3899086	3899751	+	666	1	2	4	2	1	0	84	17	80
SC_RS19795	NC_003888.3	3899748	3902345	+	2598	24	21	23	30	39	32	334	58	277
SC_RS19800	NC_003888.3	3902381	3904501	+	2121	184	173	197	69	60	75	331	146	305
SC_RS19805	NC_003888.3	3904526	3904624	+	99	41	26	49	13	19	14	51	20	32
SC_RS19810	NC_003888.3	3904869	3905723	-	855	385	361	487	771	618	710	710	598	513
SC_RS19815	NC_003888.3	3905832	3906095	-	264	118	97	125	239	193	200	170	127	128
SC_RS19820	NC_003888.3	3906058	3906735	-	678	461	417	576	1048	990	943	788	624	630
SC_RS19825	NC_003888.3	3907269	3908108	+	840	10	7	5	6	3	4	38	8	29
SC_RS19830	NC_003888.3	3908338	3908411	-	74	7	0	1	4	1	0	22	3	22
SC_RS19835	NC_003888.3	3908520	3910139	-	1620	45	44	51	146	151	144	290	178	258
SC_RS19840	NC_003888.3	3910252	3911457	-	1206	1430	1280	1709	262	205	275	319	224	269
SC_RS19845	NC_003888.3	3911610	3914879	-	3270	7703	7976	9931	2523	2081	2638	2321	2187	2014
SC_RS19850	NC_003888.3	3915027	3917885	-	2859	4310	3841	5147	3437	2964	4223	2030	1830	1685
SC_RS19855	NC_003888.3	3918154	3918351	-	198	122	111	145	524	436	421	273	210	175
SC_RS19860	NC_003888.3	3918572	3920089	-	1518	1184	1181	1463	735	641	682	783	530	657
SC_RS19865	NC_003888.3	3920177	3920767	-	591	888	714	1084	931	811	796	446	285	300
SC_RS19870	NC_003888.3	3920987	3923371	-	2385	62	46	65	688	566	556	861	634	653
SC_RS19875	NC_003888.3	3923710	3924141	-	432	1578	1462	1897	3885	3300	3240	2646	2668	2541
SC_RS19880	NC_003888.3	3924251	3924592	-	342	2104	2127	2935	6637	5246	5186	4883	4860	4173
SC_RS19885	NC_003888.3	3924675	3927149	+	2475	439	440	579	263	165	285	697	432	581
SC_RS19890	NC_003888.3	3927094	3927531	-	438	72	74	94	23	31	22	77	23	61
SC_RS19895	NC_003888.3	3927783	3928235	-	453	27	27	22	24	10	20	116	36	82
SC_RS19900	NC_003888.3	3928243	3928470	-	228	1	2	3	2	4	2	27	3	26
SC_RS19905	NC_003888.3	3928551	3929354	-	804	10	9	17	14	15	15	94	17	83
SC_RS19910	NC_003888.3	3929351	3930286	-	936	13	8	12	9	9	3	126	16	79
SC_RS19915	NC_003888.3	3930322	3931494	-	1173	13	9	11	28	4	23	160	30	158
SC_RS19920	NC_003888.3	3931899	3933089	-	1191	24	13	37	53	39	46	227	52	159
SC_RS19925	NC_003888.3	3933701	3934558	+	858	490	479	671	240	192	269	294	166	234
SC_RS19930	NC_003888.3	3934978	3935802	-	825	1075	1154	1481	411	388	443	506	424	525
SC_RS19935	NC_003888.3	3935914	3936894	+	981	114	121	135	151	139	190	315	186	242
SC_RS19940	NC_003888.3	3936946	3938241	-	1296	53	38	47	51	49	81	240	71	187
SC_RS19945	NC_003888.3	3938497	3940989	+	2493	201	160	211	112	104	158	686	347	560
SC_RS19950	NC_003888.3	3941251	3943206	+	1956	937	929	1126	842	755	746	1141	948	939
SC_RS19955	NC_003888.3	3943390	3944814	+	1425	3079	2978	3805	396	281	438	507	374	386
SC_RS19960	NC_003888.3	3944949	3945437	+	489	1089	1113	1362	480	408	419	286	224	225
SC_RS19965	NC_003888.3	3945434	3946408	+	975	503	483	611	228	239	258	244	204	221
SC_RS19970	NC_003888.3	3946569	3946754	+	186	38	36	56	90	47	51	254	163	173
SC_RS19975	NC_003888.3	3946803	3948008	-	1206	717	712	858	652	536	635	590	488	523
SC_RS19980	NC_003888.3	3948054	3948797	-	744	740	664	777	630	467	586	566	497	535
SC_RS19985	NC_003888.3	3948850	3949956	-	1107	1355	1381	1820	1260	1169	1330	981	833	780
SC_RS19990	NC_003888.3	3950326	3951000	+	675	2261	2236	2884	1669	1622	1738	1424	1302	1017
SC_RS19995	NC_003888.3	3951085	3951927	-	843	756	664	882	266	252	256	275	207	205
SC_RS20000	NC_003888.3	3951924	3952862	-	939	401	317	415	95	75	99	195	113	163
SC_RS20005	NC_003888.3	3952921	3953985	-	1065	860	791	1035	301	273	314	335	269	289
SC_RS20010	NC_003888.3	3954219	3954686	-	468	2088	2028	2657	1111	1037	1151	653	652	575
SC_RS20015	NC_003888.3	3954683	3954844	-	162	47	49	65	20	14	9	31	12	23
SC_RS20020	NC_003888.3	3954997	3955974	+	978	918	924	1167	1140	790	948	985	990	934
SC_RS20025	NC_003888.3	3955971	3957416	+	1446	508	483	602	2477	1967	1795	2385	2249	2378
SC_RS20030	NC_003888.3	3957444	3957782	-	339	131	103	148	9375	7613	7893	7948	8568	7864
SC_RS20035	NC_003888.3	3958243	3960513	+	2271	2415	2370	3039	1785	1554	1913	1109	854	864
SC_RS20040	NC_003888.3	3960641	3961105	-	465	1368	1301	1814	675	762	678	400	340	320
SC_RS20045	NC_003888.3	3961226	3962155	+	930	655	636	862	436	331	479	526	363	376
SC_RS20050	NC_003888.3	3962279	3963043	+	765	47	46	57	24	21	14	138	42	89
SC_RS20055	NC_003888.3	3963111	3963184	+	74	9	8	10	1	5	3	16	4	18
SC_RS20060	NC_003888.3	3963313	3964058	+	746	55	46	65	8	9	20	81	28	72
SC_RS20065	NC_003888.3	3964141	3964956	-	816	400	390	452	217	191	177	290	130	211
SC_RS20070	NC_003888.3	3965144	3965740	-	597	5	4	3	0	2	1	86	29	63
SC_RS20075	NC_003888.3	3965625	3966812	+	1188	9	13	17	8	10	9	163	35	119
SC_RS20080	NC_003888.3	3966835	3967929	-	1095	77	63	85	59	44	55	244	106	187
SC_RS20085	NC_003888.3	3967922	3968617	-	696	41	42	68	43	40	54	201	88	153
SC_RS20090	NC_003888.3	3968694	3968819	-	126	0	0	0	0	1	0	15	2	10
SC_RS20095	NC_003888.3	3968822	3969814	+	993	34	29	25	11	20	20	155	51	92
SC_RS20100	NC_003888.3	3970005	3971198	+	1194	15	20	27	18	4	8	186	40	161
SC_RS20105	NC_003888.3	3971293	3972306	+	1014	3	1	5	5	5	3	103	26	90
SC_RS20110	NC_003888.3	3972317	3973357	+	1041	20	19	19	10	5	3	144	37	119
SC_RS20115	NC_003888.3	3973354	3973962	+	609	7	16	15	5	6	3	76	21	79
SC_RS20120	NC_003888.3	3974012	3974824	-	813	42	39	44	22	16	27	107	22	110
SC_RS20125	NC_003888.3	3974836	3975705	-	870	20	17	27	5	7	11	101	30	106
SC_RS20130	NC_003888.3	3975852	3976808	-	957	50	51	74	14	23	13	129	24	118
SC_RS20135	NC_003888.3	3976873	3977412	+	540	73	84	103	12	7	29	119	32	81
SC_RS20140	NC_003888.3	3977529	3978014	+	486	259	273	377	44	49	41	118	56	97
SC_RS20145	NC_003888.3	3978061	3979272	-	1212	993	833	1206	12	26	19	159	23	157
SC_RS20150	NC_003888.3	3979806	3981350	-	1545	109	103	145	22	20	30	254	62	175
SC_RS20155	NC_003888.3	3981549	3981839	-	291	34	26	35	10	10	11	62	16	47
SC_RS20160	NC_003888.3	3982106	3982402	+	297	98	91	149	45	46	55	105	65	87
SC_RS20165	NC_003888.3	3982525	3983607	+	1083	1007	878	1133	266	233	265	317	175	257
SC_RS20170	NC_003888.3	3983677	3985146	-	1470	3632	2868	3576	477	293	312	314	161	266
SC_RS20175	NC_003888.3	3985241	3985750	-	510	4944	3914	5093	645	323	425	270	216	247
SC_RS20180	NC_003888.3	3985984	3987855	+	1872	391	305	406	205	158	212	404	267	394
SC_RS20185	NC_003888.3	3988036	3989856	-	1821	1109	1211	1396	1520	1454	1616	1028	770	849
SC_RS20190	NC_003888.3	3989989	3990816	+	828	1485	1527	1928	585	437	457	735	601	645
SC_RS20195	NC_003888.3	3990912	3992276	-	1365	1381	1235	1552	464	447	605	694	592	582
SC_RS20200	NC_003888.3	3992273	3992845	-	573	867	794	910	312	252	379	479	351	438
SC_RS20205	NC_003888.3	3993330	3994418	-	1089	2050	1956	2306	1071	989	1005	713	622	657
SC_RS20210	NC_003888.3	3994418	3995695	-	1278	3956	3835	5045	3906	3520	3712	2728	2516	2007
SC_RS20215	NC_003888.3	3995973	3996191	+	219	173	171	242	340	291	326	228	160	183
SC_RS20220	NC_003888.3	3996276	3996935	-	660	558	531	715	1136	1026	1106	959	920	818
SC_RS20225	NC_003888.3	3996928	3997527	-	600	1256	1209	1416	2591	2151	2426	1933	1833	1626
SC_RS20230	NC_003888.3	3997626	3997973	-	348	1224	1216	1479	1228	899	875	862	653	652
SC_RS20235	NC_003888.3	3998255	3999019	+	765	82	94	122	300	318	334	338	247	340
SC_RS20240	NC_003888.3	3999086	4001437	-	2352	2097	1707	2547	582	548	482	1507	1420	1439
SC_RS20245	NC_003888.3	4001665	4003020	+	1356	470	438	602	701	639	691	826	622	722
SC_RS20250	NC_003888.3	4003147	4003848	+	702	160	127	201	47	40	31	105	58	101
SC_RS20255	NC_003888.3	4003965	4004615	+	651	289	287	320	76	70	99	273	193	264
SC_RS20260	NC_003888.3	4004631	4004921	-	291	129	151	182	87	63	83	151	137	144
SC_RS20265	NC_003888.3	4004960	4005844	-	885	277	237	312	67	72	72	171	104	147
SC_RS20270	NC_003888.3	4005960	4006160	-	201	50	32	40	1	5	3	18	4	21
SC_RS20275	NC_003888.3	4006237	4006728	-	492	499	452	634	64	60	79	110	58	119
SC_RS20280	NC_003888.3	4006900	4008183	-	1284	4831	4928	6131	2565	2230	2591	1016	993	765
SC_RS20285	NC_003888.3	4008369	4009274	+	906	51	59	64	15	16	11	158	70	117
SC_RS20290	NC_003888.3	4009352	4009780	+	429	218	184	246	83	64	60	112	77	82
SC_RS20295	NC_003888.3	4009793	4010302	-	510	202	193	263	94	51	73	111	63	100
SC_RS20300	NC_003888.3	4010391	4011326	+	936	37	30	42	9	10	8	118	36	81
SC_RS20305	NC_003888.3	4011323	4012942	+	1620	52	52	67	18	13	13	184	52	147
SC_RS20310	NC_003888.3	4013073	4013537	+	465	11	13	20	2	5	3	71	10	51
SC_RS20315	NC_003888.3	4013595	4013918	+	324	140	112	183	48	29	32	134	110	122
SC_RS20320	NC_003888.3	4013901	4015136	-	1236	175	154	202	79	84	84	242	107	182
SC_RS20325	NC_003888.3	4015183	4015701	+	519	64	59	87	68	46	42	112	59	90
SC_RS20330	NC_003888.3	4015726	4016391	-	666	73	69	84	78	60	66	120	67	103
SC_RS20335	NC_003888.3	4016388	4017806	-	1419	188	196	235	127	71	119	233	112	243
SC_RS20340	NC_003888.3	4017820	4018506	-	687	36	39	62	41	33	33	105	39	77
SC_RS20345	NC_003888.3	4018503	4019882	-	1380	192	168	227	101	67	71	231	91	189
SC_RS20350	NC_003888.3	4019875	4021137	-	1263	8	9	9	8	6	10	137	32	101
SC_RS20355	NC_003888.3	4021130	4022119	-	990	78	80	84	16	8	3	131	34	113
SC_RS20360	NC_003888.3	4022264	4023169	-	906	443	412	479	34	30	34	148	67	150
SC_RS20365	NC_003888.3	4023366	4024598	-	1233	322	363	427	134	122	135	371	297	367
SC_RS20370	NC_003888.3	4024591	4025406	-	816	285	351	386	158	128	148	304	218	260
SC_RS20375	NC_003888.3	4025550	4025963	-	414	1160	1159	1437	745	741	746	671	671	538
SC_RS20380	NC_003888.3	4026217	4027671	-	1455	121	107	159	80	63	72	259	122	211
SC_RS20385	NC_003888.3	4027742	4028773	-	1032	5854	5686	7404	2463	2462	2386	1692	1697	1349
SC_RS20390	NC_003888.3	4028946	4029494	-	549	1268	1280	1620	381	309	394	244	198	194
SC_RS20395	NC_003888.3	4029505	4030293	-	789	444	468	513	222	246	268	226	154	162
SC_RS20400	NC_003888.3	4030362	4031246	-	885	183	194	202	680	599	620	802	718	688
SC_RS20405	NC_003888.3	4031299	4032045	-	747	43	31	45	113	85	111	190	104	147
SC_RS20410	NC_003888.3	4032042	4033202	-	1161	13	23	28	24	15	27	154	61	142
SC_RS20415	NC_003888.3	4033456	4035120	-	1665	36	25	38	338	292	312	475	312	388
SC_RS20420	NC_003888.3	4035252	4035788	-	537	74	61	61	266	222	225	653	465	516
SC_RS20425	NC_003888.3	4036189	4036482	-	294	113	96	130	14	9	6	109	95	115
SC_RS20430	NC_003888.3	4036689	4037879	+	1191	320	285	370	162	182	210	261	122	184
SC_RS20435	NC_003888.3	4037975	4038511	-	537	1762	1787	2264	2794	2645	2627	2107	1993	1564
SC_RS20440	NC_003888.3	4038637	4040280	-	1644	146	132	166	368	346	318	662	481	588
SC_RS20445	NC_003888.3	4040450	4043047	-	2598	2589	2458	3255	4980	4015	4064	2435	2373	2356
SC_RS20450	NC_003888.3	4043330	4043665	-	336	610	531	789	12613	10464	10047	9973	6874	6415
SC_RS20455	NC_003888.3	4043964	4045001	+	1038	526	575	724	469	358	383	371	255	302
SC_RS20460	NC_003888.3	4044998	4045981	+	984	215	196	279	132	114	138	217	106	178
SC_RS20465	NC_003888.3	4045944	4046981	-	1038	351	326	412	209	181	189	337	232	313
SC_RS20470	NC_003888.3	4047138	4048256	-	1119	680	673	852	396	354	364	390	215	276
SC_RS20475	NC_003888.3	4048460	4048915	-	456	1120	951	1303	334	306	319	408	486	384
SC_RS20480	NC_003888.3	4048921	4050120	-	1200	8453	7293	9768	2514	2073	2072	3171	3552	3100
SC_RS20485	NC_003888.3	4050163	4050840	-	678	5521	4760	6275	2614	2009	2089	2362	2541	2236
SC_RS20490	NC_003888.3	4050837	4052693	-	1857	18565	16831	22219	8198	7522	7562	12016	12013	9424
SC_RS20495	NC_003888.3	4052789	4054024	-	1236	84	84	97	16	11	20	171	40	153
SC_RS20500	NC_003888.3	4054268	4056550	+	2283	2578	2600	3196	646	567	712	755	584	664
SC_RS20505	NC_003888.3	4056685	4057986	+	1302	151	137	211	18	21	21	193	41	164
SC_RS20510	NC_003888.3	4058105	4059337	+	1233	191	190	250	179	163	160	401	197	290
SC_RS20515	NC_003888.3	4059415	4060467	+	1053	2357	2280	2993	1397	1305	1516	1945	1933	1848
SC_RS20520	NC_003888.3	4060547	4061044	-	498	798	774	1042	351	303	323	227	191	178
SC_RS20525	NC_003888.3	4061079	4061654	-	576	1947	1656	2346	663	622	689	552	417	426
SC_RS20530	NC_003888.3	4062164	4062237	+	74	5	0	5	0	1	1	56	10	45
SC_RS20535	NC_003888.3	4062764	4064491	+	1728	59	70	102	35	32	47	312	87	261
SC_RS20540	NC_003888.3	4064888	4065388	+	501	48	40	56	13	13	13	147	67	125
SC_RS20545	NC_003888.3	4065489	4066526	+	1038	46	47	60	17	16	13	213	87	196
SC_RS20550	NC_003888.3	4066523	4066807	-	285	15	17	30	5	8	14	59	26	69
SC_RS20555	NC_003888.3	4066804	4067394	-	591	62	58	76	43	33	55	179	137	204
SC_RS20560	NC_003888.3	4067767	4068168	+	402	41	35	44	24	12	30	94	34	91
SC_RS20565	NC_003888.3	4068136	4068669	-	534	77	74	107	50	32	72	149	76	116
SC_RS20570	NC_003888.3	4069088	4069687	+	600	49	38	64	27	28	36	129	50	124
SC_RS20575	NC_003888.3	4069691	4070653	+	963	37	46	55	26	24	38	171	77	183
SC_RS20580	NC_003888.3	4071140	4071427	+	288	95	93	135	40	29	33	86	35	96
SC_RS20585	NC_003888.3	4071572	4072381	+	810	44	50	61	8	12	18	114	33	73
SC_RS20590	NC_003888.3	4072381	4073649	+	1269	23	20	29	5	10	8	147	33	155
SC_RS20595	NC_003888.3	4073646	4074005	+	360	12	10	12	2	0	1	65	23	52
SC_RS20600	NC_003888.3	4074209	4074751	+	543	107	108	140	144	91	121	257	216	244
SC_RS20605	NC_003888.3	4074756	4075130	-	375	10	17	8	10	16	7	51	30	48
SC_RS20610	NC_003888.3	4075150	4075605	-	456	13	9	17	19	11	10	119	77	101
SC_RS20615	NC_003888.3	4075938	4076306	+	369	56	40	46	29	28	46	93	44	93
SC_RS20620	NC_003888.3	4076370	4077469	-	1100	68	78	74	61	31	47	187	70	157
SC_RS20625	NC_003888.3	4077583	4078692	-	1110	32	38	32	52	48	54	170	52	130
SC_RS20630	NC_003888.3	4078689	4078997	-	309	15	3	8	9	6	15	33	13	30
SC_RS20635	NC_003888.3	4079089	4079502	+	414	4	5	8	11	9	7	49	18	49
SC_RS20640	NC_003888.3	4079499	4079681	+	183	0	1	1	5	1	6	26	7	23
SC_RS20645	NC_003888.3	4079863	4080510	+	648	26	32	40	53	30	50	154	67	129
SC_RS20650	NC_003888.3	4080650	4081045	+	396	77	59	113	78	36	46	104	43	56
SC_RS20655	NC_003888.3	4081222	4082031	+	810	211	158	208	34	35	39	107	53	107
SC_RS20660	NC_003888.3	4082028	4082879	+	852	60	68	66	26	32	25	105	24	104
SC_RS20665	NC_003888.3	4082876	4084000	+	1125	77	70	106	27	26	18	157	48	124
SC_RS20670	NC_003888.3	4084035	4084604	-	570	44	41	48	14	10	11	84	29	83
SC_RS20675	NC_003888.3	4084704	4085324	-	621	30	44	74	17	17	16	103	37	87
SC_RS20680	NC_003888.3	4085317	4085871	-	555	59	52	85	20	19	21	104	49	90
SC_RS20685	NC_003888.3	4086039	4087673	+	1635	2940	2419	3144	293	182	285	732	520	716
SC_RS20690	NC_003888.3	4087658	4088053	+	396	176	138	160	29	11	25	99	59	109
SC_RS20695	NC_003888.3	4088208	4088984	+	777	2003	1738	2298	209	167	166	555	663	703
SC_RS20700	NC_003888.3	4088998	4089204	-	207	174	148	199	40	37	42	98	112	96
SC_RS20705	NC_003888.3	4089285	4090508	-	1224	159	141	214	895	810	676	1987	1513	1685
SC_RS20710	NC_003888.3	4090564	4091245	-	682	467	393	516	270	186	246	349	258	306
SC_RS20715	NC_003888.3	4091267	4091944	-	678	33	23	44	15	12	19	101	37	88
SC_RS20720	NC_003888.3	4091950	4094073	-	2124	95	91	104	30	30	31	263	69	200
SC_RS20725	NC_003888.3	4094070	4095734	-	1665	32	53	64	18	14	12	212	47	167
SC_RS20730	NC_003888.3	4095742	4095831	-	90	24	16	12	9	5	2	24	3	25
SC_RS20735	NC_003888.3	4096157	4096780	-	624	113	96	114	54	48	23	111	41	99
SC_RS20740	NC_003888.3	4096845	4097198	-	354	88	70	91	36	33	42	66	35	63
SC_RS20745	NC_003888.3	4097457	4098950	+	1494	483	401	627	107	59	68	220	56	147
SC_RS20750	NC_003888.3	4098986	4099411	-	426	603	584	844	179	167	173	65	32	62
SC_RS20755	NC_003888.3	4099520	4100809	-	1290	499	539	653	45	68	64	245	106	178
SC_RS20760	NC_003888.3	4100888	4101508	-	621	51	48	44	44	35	42	129	51	98
SC_RS20765	NC_003888.3	4101639	4102223	+	585	673	641	779	264	215	235	296	239	254
SC_RS20770	NC_003888.3	4102349	4103080	-	732	257	259	323	41	30	56	109	57	97
SC_RS20775	NC_003888.3	4103188	4103841	-	654	175	169	235	96	80	106	132	99	148
SC_RS20780	NC_003888.3	4104198	4105055	+	858	150	135	183	29	32	36	171	55	129
SC_RS20785	NC_003888.3	4105340	4105543	+	204	37784	36156	49259	3257	3651	5307	8123	7488	7336
SC_RS20790	NC_003888.3	4105819	4107405	+	1587	3490	3169	3999	337	443	613	725	571	611
SC_RS20795	NC_003888.3	4107493	4107822	+	330	771	772	943	100	117	127	187	139	158
SC_RS20800	NC_003888.3	4107830	4108183	-	354	447	462	550	63	52	73	83	62	86
SC_RS20805	NC_003888.3	4108183	4108752	-	570	426	380	497	23	29	35	87	52	63
SC_RS20810	NC_003888.3	4108736	4109227	-	492	57	85	107	20	19	18	55	29	60
SC_RS20815	NC_003888.3	4109279	4109905	-	627	112	113	147	30	25	29	108	53	82
SC_RS20820	NC_003888.3	4109902	4110291	-	390	67	57	81	9	17	18	64	13	44
SC_RS20825	NC_003888.3	4110508	4111512	+	1005	43	57	71	13	24	16	153	29	114
SC_RS20830	NC_003888.3	4111533	4112645	-	1113	102	101	135	64	41	60	165	64	136
SC_RS20835	NC_003888.3	4112648	4113550	-	903	90	86	135	52	44	47	125	51	128
SC_RS20840	NC_003888.3	4113665	4114393	+	729	23	14	29	14	11	19	95	30	53
SC_RS20845	NC_003888.3	4114399	4115031	+	633	15	11	21	13	10	13	75	13	46
SC_RS20850	NC_003888.3	4115028	4115813	+	786	13	18	17	10	10	18	86	25	67
SC_RS20855	NC_003888.3	4116154	4117392	-	1239	17	15	27	11	27	28	155	41	142
SC_RS20860	NC_003888.3	4117506	4118876	+	1371	167	137	198	21	18	17	194	58	174
SC_RS20865	NC_003888.3	4118957	4119160	-	204	18822	19011	24619	1325	1371	1973	5720	5469	5397
SC_RS20870	NC_003888.3	4119416	4120072	-	657	173	219	254	64	52	46	205	107	196
SC_RS20875	NC_003888.3	4120212	4121462	-	1251	159	133	180	103	80	67	225	131	217
SC_RS20880	NC_003888.3	4121664	4121933	+	270	3	1	4	3	1	4	30	5	21
SC_RS20885	NC_003888.3	4121930	4122688	+	759	8	4	9	3	2	1	88	23	88
SC_RS20890	NC_003888.3	4122691	4125243	+	2553	39	36	49	21	18	17	303	74	235
SC_RS20895	NC_003888.3	4125465	4127978	-	2514	58	53	77	26	16	16	307	92	229
SC_RS20900	NC_003888.3	4127975	4128817	-	843	33	35	37	7	9	12	90	43	104
SC_RS20905	NC_003888.3	4128978	4129652	-	675	103	111	143	60	50	32	100	36	102
SC_RS20910	NC_003888.3	4129649	4130926	-	1278	382	308	464	167	131	134	203	84	178
SC_RS20915	NC_003888.3	4131008	4132060	-	1053	61	45	55	9	16	8	144	37	134
SC_RS20920	NC_003888.3	4132135	4133346	-	1212	21	11	16	11	7	10	123	30	119
SC_RS20925	NC_003888.3	4133355	4134332	-	978	166	179	205	35	23	22	141	53	117
SC_RS20930	NC_003888.3	4134484	4134996	-	513	515	419	546	203	136	133	267	186	225
SC_RS20935	NC_003888.3	4135438	4137522	-	2085	603	562	734	721	567	576	953	703	811
SC_RS20940	NC_003888.3	4137713	4138738	-	1026	894	877	1071	177	181	284	321	212	275
SC_RS20945	NC_003888.3	4138735	4140114	-	1380	2884	2937	3616	736	606	1042	974	1002	836
SC_RS20950	NC_003888.3	4140385	4141329	+	945	1127	978	1368	272	216	274	332	198	242
SC_RS20955	NC_003888.3	4141437	4141892	+	456	2865	3167	3655	1609	1461	2010	1161	1165	874
SC_RS20960	NC_003888.3	4141996	4142244	+	249	1427	1387	1763	437	350	449	341	358	292
SC_RS20965	NC_003888.3	4142257	4142994	-	738	1839	1727	2258	359	284	317	317	296	256
SC_RS20970	NC_003888.3	4143115	4144254	+	1140	171	183	204	7	11	14	149	44	125
SC_RS20975	NC_003888.3	4144272	4145912	-	1641	188	153	213	13	13	13	228	63	192
SC_RS20980	NC_003888.3	4145930	4146976	-	1047	55	49	49	3	7	8	147	45	123
SC_RS20985	NC_003888.3	4147062	4148024	+	963	123	152	168	22	11	20	146	40	156
SC_RS20990	NC_003888.3	4148686	4149564	+	879	87	63	110	15	11	8	167	32	118
SC_RS20995	NC_003888.3	4149589	4151232	-	1644	55	46	62	5	4	10	206	42	172
SC_RS21000	NC_003888.3	4151472	4151843	+	372	18	18	33	9	14	6	89	42	81
SC_RS21005	NC_003888.3	4151848	4152975	+	1128	36	22	30	5	14	15	162	27	133
SC_RS21010	NC_003888.3	4153189	4154442	+	1254	68	62	95	9	8	9	172	51	118
SC_RS21015	NC_003888.3	4154591	4155571	+	981	170	167	175	40	26	35	151	66	114
SC_RS21020	NC_003888.3	4155682	4157352	+	1671	50	49	64	70	67	103	361	193	287
SC_RS21025	NC_003888.3	4157484	4158338	+	855	49	36	46	12	15	17	118	55	155
SC_RS21030	NC_003888.3	4158580	4159929	-	1350	162	156	164	152	126	172	177	84	197
SC_RS21035	NC_003888.3	4160042	4160218	+	177	19	15	18	7	6	10	27	5	20
SC_RS21040	NC_003888.3	4160268	4161347	-	1080	373	275	412	164	132	145	180	92	141
SC_RS21045	NC_003888.3	4161431	4162660	-	1230	52	50	68	21	28	18	157	46	154
SC_RS21050	NC_003888.3	4162884	4163303	+	420	20	18	30	21	11	5	60	25	62
SC_RS21055	NC_003888.3	4163376	4164320	+	945	18	18	16	32	27	26	124	28	95
SC_RS21060	NC_003888.3	4164366	4164737	+	372	14	10	18	33	42	58	75	24	38
SC_RS21065	NC_003888.3	4164773	4165789	+	1017	57	48	60	4546	3609	4131	1002	737	735
SC_RS21070	NC_003888.3	4165816	4167894	-	2079	165	133	196	21536	15794	19767	3962	3276	2439
SC_RS21075	NC_003888.3	4168158	4169495	+	1338	1214	1174	1519	322	301	423	312	196	275
SC_RS21080	NC_003888.3	4169611	4171227	+	1617	4158	3873	5272	1631	1454	1688	1169	977	923
SC_RS21085	NC_003888.3	4171328	4171693	+	366	943	837	1172	155	125	117	440	414	480
SC_RS21090	NC_003888.3	4171712	4171855	-	144	212	175	250	41	45	38	93	109	122
SC_RS21095	NC_003888.3	4171889	4172662	-	774	2052	1882	2476	429	386	405	492	555	508
SC_RS21100	NC_003888.3	4172747	4174510	-	1764	4734	4888	6204	1575	1439	1835	1040	847	746
SC_RS21105	NC_003888.3	4174717	4176885	+	2169	150	160	198	87	66	70	332	108	259
SC_RS21110	NC_003888.3	4176813	4177901	-	1089	29	28	31	11	10	13	144	32	119
SC_RS21115	NC_003888.3	4177967	4178944	-	978	141	141	148	125	73	112	157	102	136
SC_RS21120	NC_003888.3	4179065	4179535	-	471	326	310	432	215	212	181	275	227	205
SC_RS21125	NC_003888.3	4179684	4181510	+	1827	5583	6321	7404	209	204	237	1625	1460	1494
SC_RS21130	NC_003888.3	4181609	4182907	+	1299	694	662	842	195	228	256	327	185	238
SC_RS21135	NC_003888.3	4183022	4183273	+	252	176	153	180	74	45	84	112	110	103
SC_RS21140	NC_003888.3	4183333	4183737	-	405	87	69	98	22	12	25	68	28	73
SC_RS21145	NC_003888.3	4183789	4184793	+	1005	71	53	85	24	9	17	130	39	103
SC_RS21150	NC_003888.3	4184790	4185284	+	495	23	19	33	14	13	14	61	33	48
SC_RS21155	NC_003888.3	4185307	4185765	-	459	104	96	135	102	81	81	157	136	158
SC_RS21160	NC_003888.3	4185833	4186627	-	795	542	494	659	701	585	643	504	430	436
SC_RS21165	NC_003888.3	4186809	4187633	+	825	248	203	278	334	346	438	341	209	273
SC_RS21170	NC_003888.3	4187758	4189068	-	1311	217	228	258	327	282	374	464	411	431
SC_RS21175	NC_003888.3	4189065	4189715	-	651	248	243	318	387	294	461	511	480	419
SC_RS21180	NC_003888.3	4189937	4190881	+	945	627	536	701	621	543	678	400	281	301
SC_RS21185	NC_003888.3	4190999	4191346	+	348	63	64	87	13	17	29	69	16	34
SC_RS21190	NC_003888.3	4191343	4192329	+	987	150	174	215	52	64	44	200	62	132
SC_RS21195	NC_003888.3	4192477	4193454	+	978	176	135	182	1083	968	1310	257	174	219
SC_RS21200	NC_003888.3	4193532	4194950	-	1419	2393	2399	2824	1014	738	1515	1533	1303	1345
SC_RS21205	NC_003888.3	4194961	4195941	-	981	1488	1424	1800	640	451	1003	964	944	867
SC_RS21210	NC_003888.3	4195943	4197196	-	1254	2046	1902	2346	766	615	1327	1252	1100	1065
SC_RS21215	NC_003888.3	4197520	4198176	+	657	76	61	91	139	116	113	258	177	195
SC_RS21220	NC_003888.3	4198301	4198708	+	408	111	100	108	75	58	69	285	354	315
SC_RS21225	NC_003888.3	4198795	4200420	-	1626	4622	4400	5668	1340	1206	1480	1187	1012	1003
SC_RS21230	NC_003888.3	4200767	4202437	+	1671	3023	2672	3357	458	328	438	906	922	941
SC_RS21235	NC_003888.3	4202553	4203092	-	540	2814	2973	3765	1960	1478	1655	1676	1585	1434
SC_RS21240	NC_003888.3	4203327	4204064	+	738	560	504	687	652	540	494	322	264	285
SC_RS21245	NC_003888.3	4204101	4205081	-	981	638	683	811	1103	978	1062	497	432	408
SC_RS21250	NC_003888.3	4205224	4206252	+	1029	187	182	229	65	25	46	207	125	168
SC_RS21255	NC_003888.3	4206249	4207097	+	849	106	83	131	60	58	55	155	75	140
SC_RS21260	NC_003888.3	4207170	4208267	-	1098	351	351	412	420	387	466	339	238	266
SC_RS21265	NC_003888.3	4208264	4209661	-	1398	210	218	238	191	237	297	326	147	238
SC_RS21270	NC_003888.3	4209661	4210671	-	1011	204	215	241	305	266	360	213	149	170
SC_RS21275	NC_003888.3	4210796	4212271	-	1476	355	309	345	2043	1678	2087	453	332	490
SC_RS21280	NC_003888.3	4212271	4213275	-	1005	452	374	434	1752	1406	1860	456	373	484
SC_RS21285	NC_003888.3	4213272	4214438	-	1167	250	254	263	1995	1468	2123	343	265	374
SC_RS21290	NC_003888.3	4214629	4215141	+	513	166	146	173	119	125	125	117	62	121
SC_RS21295	NC_003888.3	4215177	4215806	-	630	90	87	111	230	247	256	213	153	226
SC_RS21300	NC_003888.3	4215803	4217317	-	1515	334	292	448	1229	1078	1166	783	606	683
SC_RS21305	NC_003888.3	4217476	4219167	+	1692	156	184	220	2267	2645	2681	945	702	892
SC_RS21310	NC_003888.3	4219178	4219963	-	786	345	286	411	324	355	331	178	113	214
SC_RS21315	NC_003888.3	4219960	4221270	-	1311	489	451	625	315	208	287	340	201	302
SC_RS21320	NC_003888.3	4221267	4221905	-	639	464	334	523	143	148	173	193	122	168
SC_RS21325	NC_003888.3	4222523	4222852	-	330	1003	949	1346	386	368	424	337	265	246
SC_RS21330	NC_003888.3	4222903	4223718	-	816	1258	1165	1501	611	498	547	501	458	448
SC_RS21335	NC_003888.3	4223858	4225387	-	1530	162	142	239	150	144	167	325	132	250
SC_RS21340	NC_003888.3	4225790	4226674	+	885	94	85	122	30	35	29	179	47	149
SC_RS21345	NC_003888.3	4226761	4226847	-	87	23	16	19	3	8	3	37	16	38
SC_RS21350	NC_003888.3	4227374	4228246	+	873	4542	3925	5211	709	621	762	1051	900	938
SC_RS21355	NC_003888.3	4228257	4228775	+	519	1541	1448	1912	331	306	365	388	320	319
SC_RS21360	NC_003888.3	4228917	4230464	+	1548	4424	3897	5158	1279	1095	1451	1328	1058	1126
SC_RS21365	NC_003888.3	4230492	4231931	+	1440	1603	1537	2004	654	547	904	811	599	613
SC_RS21370	NC_003888.3	4231928	4233400	+	1473	2033	1902	2456	910	731	1095	1005	771	790
SC_RS21375	NC_003888.3	4233591	4235612	+	2022	5102	4751	5791	4557	3835	4315	3489	3340	2578
SC_RS21380	NC_003888.3	4235691	4236452	-	762	477	500	680	342	311	382	334	250	277
SC_RS21385	NC_003888.3	4236466	4237524	-	1059	486	437	586	584	517	587	595	489	568
SC_RS21390	NC_003888.3	4237521	4238159	-	639	753	713	936	756	579	746	768	766	757
SC_RS21395	NC_003888.3	4238156	4238317	-	162	253	220	329	282	254	281	282	271	243
SC_RS21400	NC_003888.3	4238399	4239178	-	780	609	540	726	167	143	173	243	154	166
SC_RS21405	NC_003888.3	4239330	4239584	+	255	606	522	749	267	262	229	253	193	185
SC_RS21410	NC_003888.3	4239852	4240745	-	894	378	328	429	199	173	238	355	207	237
SC_RS21415	NC_003888.3	4240850	4241383	-	534	129	136	161	117	116	162	232	92	154
SC_RS21420	NC_003888.3	4241704	4242402	+	699	600	643	756	445	351	454	519	445	461
SC_RS21425	NC_003888.3	4242512	4243288	-	777	1563	1469	2107	1531	1495	2032	1051	924	905
SC_RS21430	NC_003888.3	4243685	4243757	-	73	26	8	21	2	2	1	39	9	39
SC_RS21435	NC_003888.3	4243938	4244486	+	549	311	336	421	296	274	247	308	229	218
SC_RS21440	NC_003888.3	4244573	4246303	+	1731	367	362	446	231	242	220	407	234	322
SC_RS21445	NC_003888.3	4246345	4247670	-	1326	267	242	331	205	130	201	346	248	349
SC_RS21450	NC_003888.3	4247800	4247928	-	129	174	180	260	191	152	198	126	96	126
SC_RS21455	NC_003888.3	4248267	4248656	+	390	12	14	12	15	14	10	53	20	64
SC_RS21460	NC_003888.3	4248804	4249592	+	789	181	182	232	97	92	111	188	97	147
SC_RS21465	NC_003888.3	4249601	4250383	+	783	404	394	561	139	118	141	210	93	151
SC_RS21470	NC_003888.3	4250514	4251389	-	876	84	83	118	148	77	107	393	313	364
SC_RS21475	NC_003888.3	4251449	4251661	-	213	23	21	25	127	70	86	332	372	352
SC_RS21480	NC_003888.3	4251939	4252493	+	555	108	74	156	45	30	30	142	62	123
SC_RS21485	NC_003888.3	4252857	4257887	+	5031	3822	3666	4697	2873	2388	2662	2456	1897	2214
SC_RS21490	NC_003888.3	4258228	4258428	-	201	539	428	713	1530	1298	1072	1203	970	973
SC_RS21495	NC_003888.3	4258993	4259403	+	411	27	33	38	49	66	75	154	66	110
SC_RS21500	NC_003888.3	4259791	4259867	-	77	46	40	45	23	28	21	37	17	26
SC_RS21505	NC_003888.3	4259979	4260722	-	744	1709	1470	1907	699	754	825	542	465	452
SC_RS21510	NC_003888.3	4260741	4263335	-	2595	7228	7509	8325	5216	4834	5598	3200	2924	2760
SC_RS21515	NC_003888.3	4263378	4265438	-	2061	12780	13440	15927	5290	4634	5433	4396	4602	4113
SC_RS21520	NC_003888.3	4265873	4266445	-	573	577	510	656	79	58	94	133	97	143
SC_RS21525	NC_003888.3	4266442	4267563	-	1122	2819	2601	3333	293	280	321	302	254	298
SC_RS21530	NC_003888.3	4267594	4268469	-	876	6016	5869	7676	1715	1769	1851	699	652	599
SC_RS21535	NC_003888.3	4268713	4269843	-	1131	6900	6360	8477	4939	4335	3983	3069	2419	2264
SC_RS21540	NC_003888.3	4270778	4272748	-	1971	847	749	992	146	123	208	450	247	372
SC_RS21545	NC_003888.3	4273127	4273264	+	138	3850	3606	4986	464	585	654	579	492	465
SC_RS21550	NC_003888.3	4273286	4273657	+	372	1501	1261	1725	233	260	272	251	179	159
SC_RS21555	NC_003888.3	4273654	4274028	+	375	1734	1612	2053	612	512	639	479	490	441
SC_RS21560	NC_003888.3	4274032	4275327	+	1296	5342	5037	6527	1897	1855	2315	1755	1674	1349
SC_RS21565	NC_003888.3	4275343	4275855	+	513	4261	3838	5428	1339	1282	1236	1887	1686	1868
SC_RS21570	NC_003888.3	4275980	4276699	+	720	377	426	533	148	168	155	206	94	173
SC_RS21575	NC_003888.3	4277005	4278078	+	1074	1621	1714	2019	970	955	1012	872	762	670
SC_RS21580	NC_003888.3	4278075	4279181	+	1107	1724	1815	2233	1839	1621	1539	1311	1251	1107
SC_RS21585	NC_003888.3	4279519	4280136	+	618	523	518	653	392	351	307	433	318	411
SC_RS21590	NC_003888.3	4280212	4280544	-	333	714	729	911	2062	1816	2429	1189	1153	923
SC_RS21595	NC_003888.3	4280583	4281551	-	969	3161	3111	3965	4970	4593	6803	2079	2228	1609
SC_RS21600	NC_003888.3	4281711	4282559	-	849	139	150	188	98	86	108	189	96	177
SC_RS21605	NC_003888.3	4282577	4283287	-	711	329	368	446	174	124	191	260	149	196
SC_RS21610	NC_003888.3	4283316	4285007	-	1692	2687	2471	3143	1144	923	1354	1289	1104	1003
SC_RS21615	NC_003888.3	4285147	4287582	-	2436	2157	2216	2651	1012	876	1274	1029	720	806
SC_RS21620	NC_003888.3	4287627	4289990	-	2364	1733	1476	1958	537	448	712	674	386	534
SC_RS21625	NC_003888.3	4290216	4291667	+	1452	837	796	1054	284	306	327	352	157	239
SC_RS21630	NC_003888.3	4291764	4292357	-	594	2458	2077	2892	331	214	152	191	175	171
SC_RS21635	NC_003888.3	4292389	4293666	-	1278	246	259	338	43	33	54	199	57	167
SC_RS21640	NC_003888.3	4293746	4294828	-	1083	15852	16684	20035	2063	1705	2231	3779	3220	2088
SC_RS21645	NC_003888.3	4294873	4295550	-	678	7255	6450	9143	840	557	888	1181	1165	945
SC_RS21650	NC_003888.3	4296215	4298602	+	2388	4186	3754	5085	1940	1663	1999	1798	1521	1297
SC_RS21655	NC_003888.3	4298723	4300231	+	1509	562	531	690	379	315	363	406	252	310
SC_RS21660	NC_003888.3	4300309	4301340	-	1032	1205	1098	1474	1089	1115	1072	743	574	604
SC_RS21665	NC_003888.3	4301402	4302523	-	1122	1541	1496	2077	1519	1362	1590	1025	744	750
SC_RS21670	NC_003888.3	4302661	4302966	-	306	70	72	97	202	153	155	574	506	490
SC_RS21675	NC_003888.3	4303242	4303532	+	291	21412	19993	27729	4215	3955	4854	3933	4065	2925
SC_RS21680	NC_003888.3	4303613	4304212	+	600	27836	26166	35164	4180	3795	4100	3992	4030	3200
SC_RS21685	NC_003888.3	4304258	4304494	+	237	9284	9008	11457	2009	1882	2427	1880	2136	1434
SC_RS21690	NC_003888.3	4304513	4304959	+	447	23570	22041	28665	5042	4770	4897	4766	5094	4028
SC_RS21695	NC_003888.3	4305060	4306397	-	1338	400	383	458	250	154	232	480	307	358
SC_RS21700	NC_003888.3	4306857	4308332	+	1476	766	659	906	210	137	175	373	233	354
SC_RS21705	NC_003888.3	4308427	4309812	+	1386	262	219	277	190	144	149	230	120	222
SC_RS21710	NC_003888.3	4309887	4310339	-	453	221	202	265	232	227	225	163	85	115
SC_RS21715	NC_003888.3	4310386	4310850	-	465	403	366	433	182	151	210	203	162	154
SC_RS21720	NC_003888.3	4310991	4312205	+	1215	52	59	72	22	21	31	174	32	136
SC_RS21725	NC_003888.3	4312354	4312773	+	420	121	95	153	50	52	60	87	33	63
SC_RS21730	NC_003888.3	4312891	4313757	-	867	314	288	394	382	359	342	293	235	248
SC_RS21735	NC_003888.3	4313836	4314318	-	483	18	10	13	36	27	20	197	166	166
SC_RS21740	NC_003888.3	4314389	4315294	-	906	73	66	82	53	53	57	229	114	160
SC_RS21745	NC_003888.3	4315547	4316725	-	1179	1254	1248	1575	499	511	617	528	367	408
SC_RS21750	NC_003888.3	4316722	4317216	-	495	436	492	586	208	175	218	154	126	123
SC_RS21755	NC_003888.3	4317222	4317599	-	378	259	261	351	104	112	123	120	73	90
SC_RS21760	NC_003888.3	4317659	4317976	+	318	81	68	103	59	59	42	73	46	57
SC_RS21765	NC_003888.3	4318118	4318330	+	213	377	321	444	565	323	369	1170	1274	1199
SC_RS21770	NC_003888.3	4318648	4319373	+	726	185	165	218	179	107	117	241	156	185
SC_RS21775	NC_003888.3	4319474	4319911	+	438	66	39	71	168	147	126	242	155	213
SC_RS21780	NC_003888.3	4319961	4321502	-	1542	253	244	343	439	380	455	373	234	338
SC_RS21785	NC_003888.3	4321756	4323594	+	1839	304	255	338	135	77	161	374	163	304
SC_RS21790	NC_003888.3	4324441	4325793	-	1353	432	370	487	1970	1669	1755	1690	1452	1359
SC_RS21795	NC_003888.3	4325990	4326556	+	567	14	14	8	10	8	6	111	38	99
SC_RS21800	NC_003888.3	4326866	4327165	+	300	2	3	6	7	2	7	79	21	56
SC_RS21805	NC_003888.3	4327576	4328355	-	780	188	163	226	110	104	111	218	204	206
SC_RS21810	NC_003888.3	4328521	4328871	+	351	1	5	4	2	4	3	52	5	28
SC_RS21815	NC_003888.3	4328871	4330172	+	1302	11	18	24	5	3	4	154	42	137
SC_RS21820	NC_003888.3	4330169	4330366	+	198	6	10	2	5	5	3	49	7	38
SC_RS21825	NC_003888.3	4330663	4332021	+	1359	29	24	34	13	13	17	221	43	159
SC_RS21830	NC_003888.3	4332160	4333725	-	1566	173	144	177	294	268	294	483	259	376
SC_RS21835	NC_003888.3	4333802	4333930	+	129	4	0	0	0	0	1	18	2	23
SC_RS21840	NC_003888.3	4334010	4335458	+	1449	119	122	150	108	116	110	302	157	215
SC_RS21845	NC_003888.3	4335483	4336355	-	873	413	388	474	918	772	784	1380	1454	1251
SC_RS21850	NC_003888.3	4336537	4337643	-	1107	2542	2416	3215	647	522	667	717	548	590
SC_RS21855	NC_003888.3	4338034	4339146	-	1113	58	48	67	62	74	43	580	282	392
SC_RS21860	NC_003888.3	4339565	4340644	+	1080	1729	1799	2240	989	848	905	903	699	781
SC_RS21865	NC_003888.3	4340932	4342437	+	1506	16931	18377	23713	1051	1306	1861	2079	2841	2317
SC_RS21870	NC_003888.3	4342458	4343462	+	1005	7036	7912	10219	195	265	309	784	669	861
SC_RS21875	NC_003888.3	4343538	4347056	+	3519	8427	9107	11688	291	343	393	1029	795	1130
SC_RS21880	NC_003888.3	4347161	4348843	+	1683	141	163	189	26	35	36	294	105	222
SC_RS21885	NC_003888.3	4348966	4350015	+	1050	54	47	43	37	40	48	144	53	134
SC_RS21890	NC_003888.3	4350063	4350950	-	888	284	242	268	344	329	386	455	295	352
SC_RS21895	NC_003888.3	4351038	4351943	-	906	425	387	489	248	287	309	341	202	272
SC_RS21900	NC_003888.3	4351997	4352455	-	459	64	60	89	10	13	18	64	19	63
SC_RS21905	NC_003888.3	4352462	4353010	-	549	118	91	145	38	15	33	74	40	68
SC_RS21910	NC_003888.3	4353121	4354878	-	1758	24	27	33	43	41	42	302	104	254
SC_RS21915	NC_003888.3	4354875	4355735	-	861	10	8	11	7	7	5	127	35	110
SC_RS21920	NC_003888.3	4355990	4356952	+	963	650	477	708	348	260	467	2772	2958	2831
SC_RS21925	NC_003888.3	4356942	4357850	+	909	291	266	370	152	154	242	997	864	972
SC_RS21930	NC_003888.3	4357847	4358758	+	912	466	333	423	187	177	255	883	871	886
SC_RS21935	NC_003888.3	4358770	4359489	+	720	407	324	449	178	141	133	620	565	591
SC_RS21940	NC_003888.3	4359709	4360551	-	843	1600	1488	2015	505	457	562	469	403	415
SC_RS21945	NC_003888.3	4360548	4361825	-	1278	4416	4175	5578	1574	1300	1717	1006	815	801
SC_RS21950	NC_003888.3	4362335	4363267	-	933	839	882	1174	584	544	577	454	290	376
SC_RS21955	NC_003888.3	4363348	4364685	-	1338	433	481	611	486	1061	1287	1128	886	824
SC_RS21960	NC_003888.3	4364694	4366736	-	2043	1048	1036	1427	1145	2399	2764	2851	2259	2143
SC_RS21965	NC_003888.3	4366750	4367286	-	537	607	596	833	848	2105	2378	2528	2503	1854
SC_RS21970	NC_003888.3	4367283	4367933	-	651	300	333	498	613	1555	1877	2045	1719	1339
SC_RS21975	NC_003888.3	4368066	4368827	-	762	813	965	1285	6089	12536	14013	12458	12478	10724
SC_RS21980	NC_003888.3	4368955	4369809	-	855	1939	2027	2593	5077	10033	11431	11925	11092	9656
SC_RS21985	NC_003888.3	4370051	4370515	+	465	65	73	93	102	57	74	294	242	247
SC_RS21990	NC_003888.3	4370586	4372061	-	1476	7574	7406	9498	2856	2480	3091	2511	2481	2104
SC_RS21995	NC_003888.3	4372196	4373629	-	1434	375	362	448	573	455	517	842	583	669
SC_RS22000	NC_003888.3	4374285	4374950	+	666	1696	1597	2030	848	987	1177	572	412	393
SC_RS22005	NC_003888.3	4375006	4375671	+	666	556	514	677	356	357	280	280	174	225
SC_RS22010	NC_003888.3	4375917	4376882	-	966	2653	2451	3398	963	847	877	1073	867	772
SC_RS22015	NC_003888.3	4377505	4378143	-	639	320	214	350	271	180	212	1289	1090	1044
SC_RS22020	NC_003888.3	4378271	4379098	-	828	163	124	194	80	71	72	194	83	162
SC_RS22025	NC_003888.3	4379364	4380923	+	1560	1307	1245	1500	581	556	710	2945	2691	2527
SC_RS22030	NC_003888.3	4381065	4381958	-	894	49	39	67	26	22	27	155	53	129
SC_RS22035	NC_003888.3	4382030	4382620	+	591	229	216	245	107	118	109	170	74	132
SC_RS22040	NC_003888.3	4382684	4382768	+	85	18	21	23	11	16	11	23	14	15
SC_RS22045	NC_003888.3	4382898	4383473	-	576	41	32	60	206	184	189	188	94	164
SC_RS22050	NC_003888.3	4383616	4384371	-	756	161	165	208	59	38	55	159	47	145
SC_RS22055	NC_003888.3	4384451	4384729	+	279	1	0	0	1	2	2	25	3	26
SC_RS22060	NC_003888.3	4384742	4385053	+	312	4	5	2	3	2	4	51	5	44
SC_RS22065	NC_003888.3	4385253	4385477	+	225	16	11	18	3	3	3	43	16	21
SC_RS22070	NC_003888.3	4385486	4386217	+	732	143	104	145	39	21	35	166	64	123
SC_RS22075	NC_003888.3	4386214	4386522	+	309	6	6	4	7	2	6	33	11	53
SC_RS22080	NC_003888.3	4386621	4386899	+	279	106	66	106	24	12	13	63	28	50
SC_RS22085	NC_003888.3	4387240	4387509	+	270	96	79	132	48	60	69	90	45	91
SC_RS22090	NC_003888.3	4388129	4389009	-	881	34	39	48	159	137	138	221	144	176
SC_RS22095	NC_003888.3	4390128	4390649	+	522	13	4	18	8	17	17	98	35	67
SC_RS22100	NC_003888.3	4390643	4390861	+	219	3	0	2	0	1	1	17	8	17
SC_RS22105	NC_003888.3	4390861	4392009	+	1149	45	33	60	64	105	107	207	60	175
SC_RS22110	NC_003888.3	4392274	4393602	-	1329	79	71	102	899	730	875	439	253	376
SC_RS22115	NC_003888.3	4394327	4395133	+	807	153	121	212	112	77	97	237	182	269
SC_RS22120	NC_003888.3	4395100	4395579	-	480	57	37	60	20	21	10	92	35	71
SC_RS22125	NC_003888.3	4395671	4396546	-	876	49	37	58	33	19	30	201	65	139
SC_RS22130	NC_003888.3	4396912	4397238	+	327	9	11	13	61	42	49	434	269	282
SC_RS22135	NC_003888.3	4397767	4398372	+	606	118	95	134	147	90	104	1445	1516	1393
SC_RS22140	NC_003888.3	4398501	4400177	+	1677	168	148	193	144	118	118	527	289	458
SC_RS22145	NC_003888.3	4400250	4401542	-	1293	901	763	1076	198	197	229	357	284	389
SC_RS22150	NC_003888.3	4401679	4402257	+	579	366	351	451	73	61	80	187	92	162
SC_RS22155	NC_003888.3	4402297	4406688	-	4392	4693	4511	5626	2380	1872	2446	2257	1765	1848
SC_RS22160	NC_003888.3	4406863	4407330	-	468	26	16	37	67	47	55	89	24	88
SC_RS22165	NC_003888.3	4407512	4407602	+	91	51	43	48	7	10	13	32	16	19
SC_RS22170	NC_003888.3	4407794	4407866	+	73	5	2	4	2	1	0	15	4	7
SC_RS22175	NC_003888.3	4407977	4408414	+	438	189	200	213	219	175	156	373	342	404
SC_RS22180	NC_003888.3	4408407	4408838	-	432	83	87	80	57	49	42	113	61	91
SC_RS22185	NC_003888.3	4409067	4410554	+	1488	2645	2561	3348	1509	1428	1661	1116	943	911
SC_RS22190	NC_003888.3	4410577	4410936	-	360	443	463	534	219	188	197	165	124	124
SC_RS22195	NC_003888.3	4411013	4411894	+	882	642	557	779	56	37	48	183	96	148
SC_RS22200	NC_003888.3	4412004	4412957	+	954	186	172	237	49	46	59	164	55	142
SC_RS22205	NC_003888.3	4413017	4413733	-	717	111	83	84	29	24	19	147	76	132
SC_RS22210	NC_003888.3	4413742	4414275	-	534	20	24	35	15	10	8	77	39	69
SC_RS22215	NC_003888.3	4414377	4415069	+	693	138	113	152	56	39	47	122	65	115
SC_RS22220	NC_003888.3	4415204	4415944	+	741	40	36	50	4	15	10	71	13	92
SC_RS22225	NC_003888.3	4415941	4417515	+	1575	23	26	43	14	7	6	208	47	167
SC_RS22230	NC_003888.3	4417530	4418879	+	1350	25	13	15	9	6	5	182	50	124
SC_RS22235	NC_003888.3	4418876	4421077	+	2202	27	25	25	21	11	13	301	55	218
SC_RS22240	NC_003888.3	4421136	4422659	+	1524	177	145	194	107	82	107	231	72	172
SC_RS22245	NC_003888.3	4422721	4423479	+	759	293	221	361	157	161	149	178	122	160
SC_RS22250	NC_003888.3	4423549	4424019	-	471	413	386	496	410	339	379	276	267	233
SC_RS22255	NC_003888.3	4424029	4424409	-	381	293	273	372	230	188	222	249	217	233
SC_RS22260	NC_003888.3	4424638	4425387	+	750	636	584	718	58	47	76	168	50	113
SC_RS22265	NC_003888.3	4425406	4426155	+	750	219	214	263	47	30	39	142	65	93
SC_RS22270	NC_003888.3	4426138	4426959	-	822	64	38	43	13	13	16	97	25	77
SC_RS22275	NC_003888.3	4427069	4429576	-	2508	87	66	101	37	40	58	348	105	320
SC_RS22280	NC_003888.3	4429662	4430162	-	501	25	16	25	14	11	9	85	23	59
SC_RS22285	NC_003888.3	4430368	4430568	+	201	53	43	68	32	28	31	56	36	44
SC_RS22290	NC_003888.3	4430684	4431640	-	957	2231	2302	2473	6141	5091	4658	6731	5868	5557
SC_RS22295	NC_003888.3	4431932	4432795	-	864	13	10	10	5	4	5	116	22	98
SC_RS22300	NC_003888.3	4432988	4433281	-	294	278	244	318	178	164	195	162	119	103
SC_RS22305	NC_003888.3	4433281	4433502	-	222	439	365	517	251	198	160	161	115	112
SC_RS22310	NC_003888.3	4433546	4433630	-	85	1	1	2	8	9	6	5	4	10
SC_RS22315	NC_003888.3	4433708	4434139	-	432	307	252	375	1097	860	832	599	524	508
SC_RS22320	NC_003888.3	4434208	4434756	-	549	782	699	871	3006	2435	2436	1657	1477	1332
SC_RS22325	NC_003888.3	4435097	4435339	-	243	44	64	60	36	34	30	103	72	113
SC_RS22330	NC_003888.3	4435478	4436113	+	636	1084	1041	1363	544	568	641	326	221	239
SC_RS22335	NC_003888.3	4436138	4436752	-	615	1164	989	1349	495	399	428	287	244	292
SC_RS22340	NC_003888.3	4436888	4437184	-	297	406	390	539	314	230	313	225	169	180
SC_RS22345	NC_003888.3	4437354	4437488	-	135	3	6	5	0	0	0	11	5	16
SC_RS22350	NC_003888.3	4437558	4437887	-	330	11	5	8	3	3	5	48	4	38
SC_RS22355	NC_003888.3	4437969	4438649	-	681	12	14	19	45	23	31	123	30	91
SC_RS22360	NC_003888.3	4439198	4439791	-	594	102	89	101	452	466	354	532	440	445
SC_RS22365	NC_003888.3	4439817	4440542	-	726	97	88	140	1600	1421	1058	1828	1479	1438
SC_RS22370	NC_003888.3	4440627	4442975	+	2349	212	159	236	476	448	438	832	502	612
SC_RS22375	NC_003888.3	4442968	4443588	+	621	37	41	73	177	179	144	295	241	218
SC_RS22380	NC_003888.3	4443585	4444082	+	498	65	51	80	83	98	87	129	92	105
SC_RS22385	NC_003888.3	4444079	4444873	+	795	108	92	125	72	77	93	221	114	186
SC_RS22390	NC_003888.3	4445276	4447045	+	1770	110	89	164	30	42	20	317	144	326
SC_RS22395	NC_003888.3	4447161	4447970	+	810	1398	1041	1320	594	300	418	730	656	844
SC_RS22400	NC_003888.3	4447967	4449100	-	1134	68	75	63	37	41	52	280	152	243
SC_RS22405	NC_003888.3	4449241	4449432	+	192	13	14	21	16	16	21	70	60	79
SC_RS22410	NC_003888.3	4449455	4450291	-	837	21	13	13	9	6	12	149	38	123
SC_RS22415	NC_003888.3	4450575	4451078	+	504	130	137	192	123	98	84	187	85	130
SC_RS22420	NC_003888.3	4451075	4451410	+	336	74	56	98	69	59	57	98	55	66
SC_RS22425	NC_003888.3	4452173	4452730	-	558	11	8	9	12	17	12	104	34	82
SC_RS22430	NC_003888.3	4452748	4453492	+	745	4	1	3	60	35	30	40	35	39
SC_RS22435	NC_003888.3	4453499	4453654	-	156	1	3	9	84	115	81	103	43	72
SC_RS22440	NC_003888.3	4454564	4455793	-	1230	13	15	14	19	6	7	176	34	181
SC_RS22445	NC_003888.3	4455786	4456859	+	1074	35	20	48	4	14	17	121	20	136
SC_RS22450	NC_003888.3	4456865	4456952	-	88	5	0	1	1	2	0	5	0	7
SC_RS22455	NC_003888.3	4457027	4457121	+	95	0	0	0	1	0	0	12	1	9
SC_RS22460	NC_003888.3	4457168	4459522	+	2355	1755	1647	2091	653	556	682	682	456	586
SC_RS22465	NC_003888.3	4459642	4460892	+	1251	1029	1088	1319	538	617	666	511	337	340
SC_RS22470	NC_003888.3	4461199	4463193	+	1995	1905	1667	2282	2366	1855	2089	1536	1244	1225
SC_RS22475	NC_003888.3	4463358	4464875	+	1518	188	179	200	1850	1407	1810	1929	1627	1601
SC_RS22480	NC_003888.3	4464986	4465885	+	900	1136	1263	1594	771	622	720	903	743	691
SC_RS22485	NC_003888.3	4465950	4466025	-	76	0	1	0	2	0	0	12	3	6
SC_RS22490	NC_003888.3	4466063	4466677	-	615	67	73	91	31	29	30	101	36	108
SC_RS22495	NC_003888.3	4466674	4467921	-	1248	384	301	431	137	108	84	312	182	267
SC_RS22500	NC_003888.3	4467951	4468766	-	816	168	107	148	61	48	44	214	108	170
SC_RS22505	NC_003888.3	4468763	4469743	-	981	429	325	513	145	129	111	474	288	429
SC_RS22510	NC_003888.3	4469882	4469954	-	73	7	15	19	2	2	3	16	3	10
SC_RS22515	NC_003888.3	4470037	4470108	-	72	28	25	24	7	6	6	10	3	10
SC_RS22520	NC_003888.3	4470261	4470578	-	318	196	193	265	228	202	196	183	123	155
SC_RS22525	NC_003888.3	4470929	4471201	+	273	1479	1438	1890	599	553	490	394	338	291
SC_RS22530	NC_003888.3	4471198	4471878	+	681	2922	2688	3561	1063	1041	1051	737	637	487
SC_RS22535	NC_003888.3	4471875	4474133	+	2259	9546	9283	11733	3403	3437	3646	2371	2164	1553
SC_RS22540	NC_003888.3	4474193	4474777	-	585	121	116	153	1762	1246	1453	477	448	438
SC_RS22545	NC_003888.3	4474926	4475408	+	483	179	160	194	69	70	67	132	60	107
SC_RS22550	NC_003888.3	4475477	4476316	+	840	98	121	122	56	37	29	159	50	146
SC_RS22555	NC_003888.3	4477551	4478348	+	798	124	93	142	32	40	42	126	62	122
SC_RS22560	NC_003888.3	4478431	4479264	+	834	173	157	162	63	53	79	190	80	184
SC_RS22565	NC_003888.3	4479327	4480853	+	1527	6440	6226	8129	7166	7636	9947	4497	4210	3149
SC_RS22570	NC_003888.3	4480933	4482000	+	1068	2836	2734	3704	3786	3556	4160	1500	1331	1122
SC_RS22575	NC_003888.3	4482078	4482332	-	255	6008	5155	7069	3173	2898	4074	4403	4709	4142
SC_RS22580	NC_003888.3	4482654	4483748	-	1095	1445	1571	1670	2414	1422	4608	1605	1778	1598
SC_RS22585	NC_003888.3	4483978	4484829	+	852	336	273	373	191	151	189	438	277	348
SC_RS22590	NC_003888.3	4485363	4485569	+	207	4679	4350	5943	8097	8191	7390	6649	6252	4704
SC_RS22595	NC_003888.3	4486028	4486222	-	195	62	76	88	76	78	71	205	167	212
SC_RS22600	NC_003888.3	4486471	4486545	-	75	8	1	5	0	2	1	17	7	11
SC_RS22605	NC_003888.3	4486639	4490622	-	3984	2166	1956	2493	667	632	765	997	549	773
SC_RS22610	NC_003888.3	4490732	4490805	-	74	9	7	6	3	3	1	15	6	8
SC_RS22615	NC_003888.3	4490830	4490904	-	75	75	80	62	15	17	6	7	2	11
SC_RS22620	NC_003888.3	4490939	4491011	-	73	3	4	3	0	0	1	12	5	5
SC_RS22625	NC_003888.3	4491092	4492756	-	1665	57	55	92	24	27	37	257	78	198
SC_RS22630	NC_003888.3	4492828	4493178	+	351	257	256	389	276	205	191	309	221	316
SC_RS22635	NC_003888.3	4493275	4493832	+	558	575	537	702	327	287	298	356	243	281
SC_RS22640	NC_003888.3	4494172	4496358	+	2187	9382	8583	11099	407	536	630	1093	883	939
SC_RS22645	NC_003888.3	4496497	4498032	+	1536	99	88	137	17	14	16	207	61	174
SC_RS22650	NC_003888.3	4498149	4498221	+	73	0	1	1	0	0	0	3	2	4
SC_RS22655	NC_003888.3	4498219	4498908	-	690	157	139	173	29	34	33	129	46	99
SC_RS22660	NC_003888.3	4499009	4499689	+	681	119	84	105	38	32	48	120	75	132
SC_RS22665	NC_003888.3	4499727	4500119	+	393	21	13	11	5	12	15	53	27	60
SC_RS22670	NC_003888.3	4500126	4500524	+	399	30	15	23	23	17	17	54	28	47
SC_RS22675	NC_003888.3	4500505	4501464	-	960	26	24	33	20	29	40	132	53	117
SC_RS22680	NC_003888.3	4501524	4502795	-	1272	67	72	86	76	60	59	204	82	185
SC_RS22685	NC_003888.3	4502820	4503476	-	657	5	9	7	4	4	7	92	24	78
SC_RS22690	NC_003888.3	4503887	4504207	+	321	29	33	34	23	15	17	84	39	73
SC_RS22695	NC_003888.3	4504259	4505389	+	1131	79	79	99	46	27	47	132	59	158
SC_RS22700	NC_003888.3	4505460	4505533	+	74	5	14	16	2	2	2	21	7	11
SC_RS22705	NC_003888.3	4505705	4506940	+	1236	204	178	314	86	55	74	255	131	246
SC_RS22710	NC_003888.3	4507333	4508376	+	1044	3348	2699	3639	922	987	1024	1283	922	1147
SC_RS22715	NC_003888.3	4508515	4509459	+	945	153	151	191	432	485	712	249	165	189
SC_RS22720	NC_003888.3	4509484	4510875	-	1392	291	273	394	289	242	321	305	147	256
SC_RS22725	NC_003888.3	4510885	4511700	-	816	427	378	487	61	64	71	160	68	128
SC_RS22730	NC_003888.3	4511815	4512225	+	411	42	28	40	19	34	36	100	39	66
SC_RS22735	NC_003888.3	4512311	4513579	-	1269	2542	2279	3131	1546	1172	1322	2526	2493	2390
SC_RS22740	NC_003888.3	4513662	4515083	-	1422	354	296	394	2510	1944	2407	3329	3325	2933
SC_RS22745	NC_003888.3	4515796	4517919	+	2124	1209	1146	1444	748	573	759	994	719	846
SC_RS22750	NC_003888.3	4517961	4521269	+	3309	432	497	598	293	219	284	583	381	502
SC_RS22755	NC_003888.3	4521256	4523319	-	2064	419	402	474	568	451	483	784	585	699
SC_RS22760	NC_003888.3	4523502	4524395	-	894	460	372	511	612	499	447	1005	837	987
SC_RS22765	NC_003888.3	4524770	4526149	+	1380	47	39	56	74	64	74	291	89	246
SC_RS22770	NC_003888.3	4526332	4527990	+	1659	401	490	540	54	64	74	273	79	242
SC_RS22775	NC_003888.3	4528045	4529322	-	1278	1406	1437	1703	19	17	15	186	79	161
SC_RS22780	NC_003888.3	4529468	4530016	+	549	1126	1041	1392	63	58	82	162	114	141
SC_RS22785	NC_003888.3	4530668	4532194	+	1527	163	151	213	25	35	30	26	31	27
SC_RS22790	NC_003888.3	4532475	4535596	+	3122	158	148	176	240	402	333	149	96	88
SC_RS22795	NC_003888.3	4535681	4535797	+	117	0	0	0	0	0	1	18	3	8
SC_RS22800	NC_003888.3	4535862	4536530	-	669	171	169	218	57	39	65	101	49	95
SC_RS22805	NC_003888.3	4536527	4537801	-	1275	70	51	100	15	15	20	202	58	148
SC_RS22810	NC_003888.3	4537896	4538456	+	561	132	116	144	93	85	90	137	63	106
SC_RS22815	NC_003888.3	4538504	4539991	-	1488	414	347	494	484	403	535	703	454	504
SC_RS22820	NC_003888.3	4540065	4541480	-	1416	309	324	389	468	401	563	601	423	496
SC_RS22825	NC_003888.3	4541493	4543034	-	1542	451	467	579	634	573	830	758	608	631
SC_RS22830	NC_003888.3	4543049	4544380	-	1332	302	334	422	628	515	668	696	476	499
SC_RS22835	NC_003888.3	4544370	4545170	-	801	345	308	470	640	556	624	687	565	590
SC_RS22840	NC_003888.3	4545338	4545646	-	309	444	400	609	857	779	854	959	750	717
SC_RS22845	NC_003888.3	4546029	4547051	+	1023	309	293	422	886	701	742	1235	1083	1079
SC_RS22850	NC_003888.3	4547257	4547973	+	717	2933	2862	3904	1661	1351	1404	934	705	757
SC_RS22855	NC_003888.3	4547977	4549560	-	1584	428	367	479	133	106	152	311	106	239
SC_RS22860	NC_003888.3	4550161	4551054	+	894	65	49	46	89	69	84	231	100	166
SC_RS22865	NC_003888.3	4551132	4551296	+	165	72	53	83	204	156	152	286	264	222
SC_RS22870	NC_003888.3	4551282	4551683	-	402	269	276	314	428	359	334	306	221	232
SC_RS22875	NC_003888.3	4551891	4552511	+	621	888	795	998	222	186	194	257	160	222
SC_RS22880	NC_003888.3	4552519	4553517	+	999	987	922	1179	106	96	74	232	108	188
SC_RS22885	NC_003888.3	4553637	4554413	-	777	67	75	94	3509	3041	2934	2262	2143	1511
SC_RS22890	NC_003888.3	4554467	4555531	-	1065	79	71	98	4295	3882	4040	2658	2081	1447
SC_RS22895	NC_003888.3	4555528	4556538	-	1011	84	63	120	4817	4192	4530	2526	1951	1430
SC_RS22900	NC_003888.3	4556707	4557834	-	1128	184	132	258	33969	29485	30504	11958	10632	6724
SC_RS22905	NC_003888.3	4558121	4558549	-	429	17	25	17	277	248	289	186	137	171
SC_RS22910	NC_003888.3	4558596	4559762	-	1167	94	93	149	1373	1313	1472	754	521	543
SC_RS22915	NC_003888.3	4559965	4562205	-	2241	312	325	459	1949	1532	2441	1257	878	902
SC_RS22920	NC_003888.3	4563131	4563673	+	543	29	38	34	24	18	19	72	23	61
SC_RS22925	NC_003888.3	4563670	4564533	+	864	58	36	32	26	23	16	98	41	113
SC_RS22930	NC_003888.3	4564580	4565449	+	870	81	61	79	44	33	48	132	51	104
SC_RS22935	NC_003888.3	4565446	4566975	+	1530	104	109	135	66	70	42	209	74	210
SC_RS22940	NC_003888.3	4566963	4567619	+	657	382	360	429	196	174	185	156	101	146
SC_RS22945	NC_003888.3	4567662	4568591	-	930	380	382	507	243	216	277	264	142	197
SC_RS22950	NC_003888.3	4568800	4570638	+	1839	444	439	555	8865	5908	5828	1326	1008	927
SC_RS22955	NC_003888.3	4570805	4571188	-	384	157	178	223	131	111	109	124	86	113
SC_RS22960	NC_003888.3	4571295	4571696	+	402	13	16	23	32	37	16	48	17	44
SC_RS22965	NC_003888.3	4571671	4573116	-	1446	120	113	191	70	71	76	189	65	151
SC_RS22970	NC_003888.3	4573113	4573859	-	747	133	93	130	55	46	73	130	61	126
SC_RS22975	NC_003888.3	4573948	4574985	-	1038	33	39	59	13	10	13	127	41	120
SC_RS22980	NC_003888.3	4575112	4576134	-	1023	1276	1181	1641	1194	1036	984	747	639	663
SC_RS22985	NC_003888.3	4576177	4576980	-	804	1890	1834	2392	503	534	521	499	514	462
SC_RS22990	NC_003888.3	4577199	4578059	+	861	134	117	170	25	22	35	155	66	130
SC_RS22995	NC_003888.3	4578096	4578350	+	255	577	571	767	281	255	284	225	207	220
SC_RS23000	NC_003888.3	4578354	4579667	+	1314	1303	1204	1515	540	471	546	470	377	448
SC_RS23005	NC_003888.3	4579824	4580561	+	738	868	786	1026	402	331	393	503	454	461
SC_RS23010	NC_003888.3	4580995	4581840	+	846	3384	2918	5373	17140	13916	21331	3017	2299	1777
SC_RS23015	NC_003888.3	4581874	4582161	+	288	1360	1093	2089	7329	6121	8398	1243	1223	846
SC_RS23020	NC_003888.3	4582262	4582519	+	258	46	49	63	37	35	50	49	23	47
SC_RS23025	NC_003888.3	4582548	4583180	-	633	161	144	248	87	60	86	96	61	76
SC_RS23030	NC_003888.3	4583271	4584065	+	795	24	24	34	8	3	4	112	28	89
SC_RS23035	NC_003888.3	4584106	4584870	+	765	28	25	26	11	4	8	118	19	125
SC_RS23040	NC_003888.3	4584983	4585840	+	858	365	336	403	126	81	107	145	65	133
SC_RS23045	NC_003888.3	4585837	4586589	+	753	251	206	274	81	74	79	98	53	105
SC_RS23050	NC_003888.3	4586586	4587461	+	876	323	297	352	122	110	94	155	81	137
SC_RS23055	NC_003888.3	4587481	4587843	-	363	477	414	543	288	257	261	271	168	242
SC_RS23060	NC_003888.3	4587872	4588123	-	252	4	5	9	1	0	2	20	3	25
SC_RS23065	NC_003888.3	4588120	4588512	-	393	9	6	13	2	2	9	51	13	46
SC_RS23070	NC_003888.3	4588684	4589526	+	843	54	60	75	93	89	74	343	226	260
SC_RS23075	NC_003888.3	4589508	4589801	+	294	314	313	368	454	354	406	309	271	199
SC_RS23080	NC_003888.3	4589970	4590545	+	576	2581	2371	3388	997	934	963	901	824	739
SC_RS23085	NC_003888.3	4590561	4590998	+	438	1435	1383	1796	587	471	585	446	426	391
SC_RS23090	NC_003888.3	4591019	4591984	+	966	1073	1084	1393	556	503	663	480	351	378
SC_RS23095	NC_003888.3	4592011	4592436	-	426	224	203	280	89	86	107	108	55	75
SC_RS23100	NC_003888.3	4592459	4593415	-	957	10	18	23	4	4	5	29	8	29
SC_RS23105	NC_003888.3	4593681	4594349	+	669	395	365	510	1189	1070	1122	1761	1625	1609
SC_RS23110	NC_003888.3	4594466	4595476	+	1011	841	879	1007	498	391	461	491	368	443
SC_RS23115	NC_003888.3	4595605	4596861	+	1257	866	809	1154	338	291	328	342	311	367
SC_RS23120	NC_003888.3	4597040	4597225	-	186	360	267	419	193	194	248	2726	5236	3261
SC_RS23125	NC_003888.3	4597379	4598290	+	912	224	251	266	75	77	80	244	159	207
SC_RS23130	NC_003888.3	4598300	4598488	-	189	19	13	21	5	3	8	59	19	26
SC_RS23135	NC_003888.3	4598629	4599504	+	876	626	584	721	263	271	253	348	327	370
SC_RS23140	NC_003888.3	4599453	4600274	+	822	251	244	254	156	108	114	169	107	187
SC_RS23145	NC_003888.3	4600336	4601412	+	1077	172	133	196	169	143	161	325	209	272
SC_RS23150	NC_003888.3	4601530	4602498	+	969	27	33	28	61	51	38	174	68	126
SC_RS23155	NC_003888.3	4602509	4603132	+	624	72	86	93	62	54	66	125	41	97
SC_RS23160	NC_003888.3	4603165	4605207	+	2043	271	304	387	45	40	38	225	57	204
SC_RS23165	NC_003888.3	4605265	4606479	-	1215	751	766	1063	121	109	141	213	115	171
SC_RS23170	NC_003888.3	4606581	4607048	+	468	147	172	195	64	44	56	139	51	123
SC_RS23175	NC_003888.3	4607362	4607787	+	426	589	429	670	2150	2231	1972	1175	1373	979
SC_RS23180	NC_003888.3	4607810	4608451	+	642	792	627	947	4630	5488	4844	2064	2450	1853
SC_RS23185	NC_003888.3	4608565	4608900	+	336	333	306	408	771	743	715	707	709	490
SC_RS23190	NC_003888.3	4609038	4610543	-	1506	519	412	536	471	404	454	480	323	392
SC_RS23195	NC_003888.3	4610815	4611975	-	1161	310	254	384	178	115	168	316	165	304
SC_RS23200	NC_003888.3	4612173	4612988	-	816	88	73	94	29	24	33	143	33	83
SC_RS23205	NC_003888.3	4613253	4614626	+	1374	118	105	128	358	284	516	357	157	256
SC_RS23210	NC_003888.3	4614619	4615125	+	507	140	155	182	81	76	122	133	63	89
SC_RS23215	NC_003888.3	4615154	4615969	-	816	131	152	167	183	142	164	213	125	174
SC_RS23220	NC_003888.3	4616019	4616486	+	468	28	23	22	10	8	14	68	16	55
SC_RS23225	NC_003888.3	4616569	4617858	-	1290	122	141	144	53	43	51	207	56	160
SC_RS23230	NC_003888.3	4618020	4618781	+	762	2713	2694	3434	5813	5433	6016	1683	1508	1200
SC_RS23235	NC_003888.3	4618881	4619375	-	495	53	64	74	27	42	31	98	45	90
SC_RS23240	NC_003888.3	4619432	4620040	-	609	16	16	17	8	17	4	108	19	84
SC_RS23245	NC_003888.3	4620341	4620667	+	327	132	97	167	26	9	18	108	38	72
SC_RS23250	NC_003888.3	4621124	4622725	+	1602	116	93	131	246	199	255	874	557	680
SC_RS23255	NC_003888.3	4622993	4623433	-	441	13	25	26	9	7	13	111	31	84
SC_RS23260	NC_003888.3	4623766	4624524	+	759	849	792	1198	242	167	208	275	215	254
SC_RS23265	NC_003888.3	4624587	4624796	-	210	15	23	18	10	5	8	23	5	17
SC_RS23270	NC_003888.3	4624932	4625816	-	885	84	89	110	66	45	75	163	49	129
SC_RS23275	NC_003888.3	4625975	4626166	+	192	30	45	47	386	258	278	378	342	332
SC_RS23280	NC_003888.3	4626394	4627158	+	765	205	192	266	178	129	135	292	176	211
SC_RS23285	NC_003888.3	4627348	4627767	-	420	46	55	72	44	33	17	80	41	88
SC_RS23290	NC_003888.3	4627832	4628248	-	417	41	46	74	27	27	21	90	41	72
SC_RS23295	NC_003888.3	4628357	4628737	+	381	141	99	154	63	65	44	85	29	70
SC_RS23300	NC_003888.3	4628765	4629634	-	870	280	278	355	86	87	101	227	91	161
SC_RS23305	NC_003888.3	4629724	4630989	-	1266	863	869	953	502	341	351	478	370	422
SC_RS23310	NC_003888.3	4631073	4631465	-	393	835	867	906	1040	755	500	1093	1009	896
SC_RS23315	NC_003888.3	4631601	4631849	-	249	40	29	31	329	262	355	647	656	627
SC_RS23320	NC_003888.3	4631977	4632132	-	156	16	21	34	492	409	398	1159	1186	906
SC_RS23325	NC_003888.3	4632295	4632984	-	690	216	202	284	6341	4565	4711	3013	2314	2145
SC_RS23330	NC_003888.3	4633199	4634479	+	1281	549	525	744	4529	3440	4667	1606	1246	1096
SC_RS23335	NC_003888.3	4634476	4635156	+	681	314	318	452	5463	5246	5685	1483	1346	1092
SC_RS23340	NC_003888.3	4635317	4636042	-	726	3486	3577	4327	461	649	651	431	312	309
SC_RS23345	NC_003888.3	4636744	4637226	+	483	17984	17473	22845	7544	6559	6890	9188	8754	7604
SC_RS23350	NC_003888.3	4637542	4638354	+	813	1129	1041	1306	629	609	598	499	326	326
SC_RS23355	NC_003888.3	4638344	4638856	+	513	164	165	244	99	85	69	125	69	106
SC_RS23360	NC_003888.3	4639322	4640722	+	1401	2165	2083	2794	885	630	891	989	802	761
SC_RS23365	NC_003888.3	4640855	4641799	+	945	1741	1607	2075	333	334	429	414	290	286
SC_RS23370	NC_003888.3	4641917	4643638	+	1722	512	459	592	1021	1071	1341	1360	1082	1154
SC_RS23375	NC_003888.3	4643727	4644464	-	738	200	166	227	271	261	277	283	235	209
SC_RS23380	NC_003888.3	4644506	4644952	-	447	24	18	33	511	493	623	510	428	399
SC_RS23385	NC_003888.3	4645175	4646311	-	1137	1762	2004	2351	229	198	247	755	621	614
SC_RS23390	NC_003888.3	4646531	4646604	+	74	6	9	9	2	10	17	31	21	26
SC_RS23395	NC_003888.3	4646671	4648308	-	1638	52	49	59	39	47	52	250	45	197
SC_RS23400	NC_003888.3	4648427	4649833	-	1407	519	429	649	2730	2693	3303	790	680	627
SC_RS23405	NC_003888.3	4649830	4650339	-	510	61	71	87	448	376	524	181	99	148
SC_RS23410	NC_003888.3	4650399	4652357	-	1959	449	415	506	2488	2372	3052	834	553	628
SC_RS23415	NC_003888.3	4652357	4652809	-	453	111	92	127	688	587	691	255	156	167
SC_RS23420	NC_003888.3	4652844	4654775	-	1932	537	524	687	4030	3718	4869	1291	867	970
SC_RS23425	NC_003888.3	4654775	4655497	-	723	260	234	345	1794	1596	1850	576	494	420
SC_RS23430	NC_003888.3	4655526	4655948	-	423	198	196	218	649	622	742	234	234	236
SC_RS23435	NC_003888.3	4656039	4656887	-	849	70	61	105	437	436	613	287	155	208
SC_RS23440	NC_003888.3	4660125	4660283	-	159	612	628	781	2867	2504	2396	664	598	466
SC_RS23445	NC_003888.3	4660280	4660813	-	534	1420	1351	1747	6607	5490	5028	1546	1462	1197
SC_RS23450	NC_003888.3	4660813	4661262	-	450	1372	1221	1782	8817	8331	8249	2376	2120	1564
SC_RS23455	NC_003888.3	4661315	4662919	-	1605	5612	5443	6975	31957	32523	34661	7398	5909	4645
SC_RS23460	NC_003888.3	4663249	4666119	+	2871	415	365	499	50	39	56	463	157	386
SC_RS23465	NC_003888.3	4666254	4666985	+	732	277	265	275	1105	1021	1044	366	279	319
SC_RS23470	NC_003888.3	4667076	4668515	+	1440	513	431	678	4872	3938	4100	1384	1144	1246
SC_RS23475	NC_003888.3	4668591	4670033	+	1443	378	316	438	2299	1869	1855	534	410	501
SC_RS23480	NC_003888.3	4670132	4671589	+	1458	770	728	961	6287	5285	5293	1851	1483	1470
SC_RS23485	NC_003888.3	4671614	4673686	-	2073	403	373	475	818	751	962	467	252	389
SC_RS23490	NC_003888.3	4673692	4674369	-	678	678	600	803	1698	1585	1620	519	388	437
SC_RS23495	NC_003888.3	4674563	4675222	-	660	1379	1378	1762	11909	10514	8354	2178	1856	1728
SC_RS23500	NC_003888.3	4675583	4679338	+	3756	3589	3440	4487	2257	1945	2211	1825	1520	1540
SC_RS23505	NC_003888.3	4679364	4680245	-	882	437	451	585	219	204	204	250	163	212
SC_RS23510	NC_003888.3	4680295	4681806	-	1512	50	40	56	54	61	70	1051	730	772
SC_RS23515	NC_003888.3	4681886	4682866	-	981	25	27	45	33	39	33	1385	1207	1121
SC_RS23520	NC_003888.3	4682918	4684078	-	1161	17	12	24	16	21	31	179	68	144
SC_RS23525	NC_003888.3	4684243	4684947	+	705	479	448	607	68	50	75	177	113	156
SC_RS23530	NC_003888.3	4684959	4685459	-	501	263	206	325	42	41	43	107	53	91
SC_RS23535	NC_003888.3	4685643	4686242	-	600	199	187	205	32	21	39	129	50	98
SC_RS23540	NC_003888.3	4686358	4687494	+	1137	37	55	52	14	18	18	160	48	123
SC_RS23545	NC_003888.3	4687504	4688475	+	972	121	142	188	48	53	50	123	49	123
SC_RS23550	NC_003888.3	4688500	4689921	-	1422	328	276	391	90	99	108	263	101	236
SC_RS23555	NC_003888.3	4690003	4690572	-	570	17	19	11	12	7	7	88	20	68
SC_RS23560	NC_003888.3	4690823	4692109	+	1287	192	147	180	21	24	29	181	57	177
SC_RS23565	NC_003888.3	4692106	4692777	+	672	416	374	498	57	52	49	183	111	166
SC_RS23570	NC_003888.3	4692883	4693458	-	576	6017	5622	6830	5727	4581	5423	6957	6359	5245
SC_RS23575	NC_003888.3	4693616	4694053	+	438	285	246	339	165	130	145	263	182	191
SC_RS23580	NC_003888.3	4694071	4694541	-	471	106	123	154	31	29	39	165	116	136
SC_RS23585	NC_003888.3	4694592	4695200	-	609	122	117	154	103	110	89	938	859	751
SC_RS23590	NC_003888.3	4695536	4697197	+	1662	723	656	922	3096	2638	3468	2591	2417	2350
SC_RS23595	NC_003888.3	4697318	4698292	+	975	1944	1823	2330	1018	1014	1014	990	956	916
SC_RS23600	NC_003888.3	4698343	4699275	-	933	1207	1118	1439	326	256	290	324	216	320
SC_RS23605	NC_003888.3	4699398	4700543	-	1146	171	162	218	61	49	80	218	86	191
SC_RS23610	NC_003888.3	4700543	4701562	-	1020	130	112	175	39	47	62	167	66	151
SC_RS23615	NC_003888.3	4701671	4702936	+	1266	1850	2045	2657	38	32	68	204	70	172
SC_RS23620	NC_003888.3	4702973	4703206	+	234	644	637	839	25	17	26	61	29	53
SC_RS23625	NC_003888.3	4703578	4704450	+	873	188	172	228	134	94	132	218	116	186
SC_RS23630	NC_003888.3	4704590	4705072	+	483	2350	1806	2659	100	112	90	757	1025	1081
SC_RS23635	NC_003888.3	4705079	4706467	-	1389	540	458	620	443	370	374	585	573	645
SC_RS23640	NC_003888.3	4706614	4707315	+	702	61	44	70	30	24	15	118	28	81
SC_RS23645	NC_003888.3	4707339	4708283	-	945	228	174	236	118	87	118	209	110	190
SC_RS23650	NC_003888.3	4708601	4709893	+	1293	1025	933	1166	3864	3269	4526	758	519	538
SC_RS23655	NC_003888.3	4709890	4710165	+	276	173	168	196	1737	1628	1812	385	439	304
SC_RS23660	NC_003888.3	4710584	4710787	+	204	459	384	576	5796	4629	6317	6821	7419	6266
SC_RS23665	NC_003888.3	4711115	4712740	+	1626	95813	86063	118602	122476	97891	89707	47364	59348	38178
SC_RS23670	NC_003888.3	4712991	4714121	+	1131	662	647	873	2350	2248	3242	422	311	289
SC_RS23675	NC_003888.3	4714155	4715696	+	1542	438	407	530	497	419	510	344	185	294
SC_RS23680	NC_003888.3	4715693	4716040	+	348	84	88	99	66	69	77	95	53	82
SC_RS23685	NC_003888.3	4716003	4716272	-	270	74	76	83	140	112	110	154	110	106
SC_RS23690	NC_003888.3	4716256	4717095	-	840	25	22	31	355	327	343	657	539	584
SC_RS23695	NC_003888.3	4717214	4717603	+	390	10	1	7	7	6	7	59	19	54
SC_RS23700	NC_003888.3	4717614	4718222	-	609	164	171	200	251	147	220	359	288	243
SC_RS23705	NC_003888.3	4718317	4719066	+	750	70	60	72	77	35	45	116	80	107
SC_RS23710	NC_003888.3	4719080	4719673	-	594	166	151	214	101	66	80	115	87	109
SC_RS23715	NC_003888.3	4719675	4720244	-	570	124	123	166	59	39	58	82	41	67
SC_RS23720	NC_003888.3	4720312	4721247	-	936	189	197	224	55	40	68	202	78	204
SC_RS23725	NC_003888.3	4721346	4722335	-	990	230	214	252	41	49	40	275	174	260
SC_RS23730	NC_003888.3	4722391	4722771	+	381	195	180	250	157	106	110	127	90	112
SC_RS23735	NC_003888.3	4722782	4723078	+	297	55	47	68	23	19	23	40	16	29
SC_RS23740	NC_003888.3	4723060	4724157	-	1098	448	373	512	227	176	181	321	176	251
SC_RS23745	NC_003888.3	4724168	4724854	-	687	76	65	103	32	25	35	101	44	84
SC_RS23750	NC_003888.3	4724955	4725605	+	651	415	421	537	54	46	71	132	67	126
SC_RS23755	NC_003888.3	4725616	4726299	+	684	157	165	231	451	394	449	339	256	264
SC_RS23760	NC_003888.3	4726384	4727073	+	690	353	366	466	114	130	109	181	108	167
SC_RS23765	NC_003888.3	4727234	4729279	-	2046	745	631	780	142	109	132	427	160	344
SC_RS23770	NC_003888.3	4729584	4729769	+	186	105	117	179	90	76	82	465	370	463
SC_RS23775	NC_003888.3	4729773	4731411	-	1639	1279	1225	1606	753	632	753	1225	1029	1157
SC_RS23780	NC_003888.3	4731490	4731672	-	183	7	7	7	1	1	4	19	5	20
SC_RS23785	NC_003888.3	4732070	4734673	-	2604	1258	1090	1413	408	347	460	857	630	809
SC_RS23790	NC_003888.3	4734723	4735823	+	1101	646	636	911	348	329	333	608	410	469
SC_RS23795	NC_003888.3	4736376	4737038	+	663	773	760	990	216	210	218	241	203	199
SC_RS23800	NC_003888.3	4736987	4737265	-	279	144	134	173	45	47	49	66	32	51
SC_RS23805	NC_003888.3	4737441	4737824	+	384	479	474	583	175	184	185	258	203	219
SC_RS23810	NC_003888.3	4737844	4738692	-	849	829	826	1018	295	270	369	248	202	211
SC_RS23815	NC_003888.3	4738682	4739389	-	708	965	974	1166	117	100	102	178	129	142
SC_RS23820	NC_003888.3	4739405	4739914	-	510	1486	1537	2082	279	357	400	373	305	286
SC_RS23825	NC_003888.3	4739973	4741364	-	1392	287	208	280	518	423	527	659	521	591
SC_RS23830	NC_003888.3	4741698	4742624	+	927	999	940	1204	252	222	291	320	209	268
SC_RS23835	NC_003888.3	4742777	4745905	+	3129	1478	1442	1854	476	418	579	838	497	664
SC_RS23840	NC_003888.3	4746028	4748436	-	2409	301	267	372	633	548	723	2363	2469	2248
SC_RS23845	NC_003888.3	4748536	4748796	-	261	324	297	457	113	89	126	183	131	155
SC_RS23850	NC_003888.3	4749000	4750457	+	1458	853	843	1162	530	437	595	460	299	392
SC_RS23855	NC_003888.3	4750489	4750677	-	189	32	16	19	220	152	151	120	84	112
SC_RS23860	NC_003888.3	4750828	4751265	+	438	1675	1769	2374	297	311	366	681	723	606
SC_RS23865	NC_003888.3	4751293	4752672	+	1380	989	1073	1290	224	179	321	685	569	543
SC_RS23870	NC_003888.3	4752722	4753294	+	573	117	122	162	80	67	70	119	67	138
SC_RS23875	NC_003888.3	4753436	4754287	-	852	106	86	111	28	35	30	109	35	89
SC_RS23880	NC_003888.3	4754366	4756015	+	1650	262	217	360	1080	1080	1132	818	696	708
SC_RS23885	NC_003888.3	4756894	4757403	+	510	83	80	116	16	13	17	76	27	63
SC_RS23890	NC_003888.3	4757436	4758557	-	1122	62	74	104	19	19	23	166	68	122
SC_RS23895	NC_003888.3	4759042	4759623	+	582	130	110	175	99	62	79	157	53	133
SC_RS23900	NC_003888.3	4759891	4761063	-	1173	731	689	988	836	765	987	525	352	456
SC_RS23905	NC_003888.3	4761245	4761673	-	429	10	9	10	594	578	883	192	143	133
SC_RS23910	NC_003888.3	4761670	4763841	-	2172	59	48	52	3506	3396	5415	857	627	608
SC_RS23915	NC_003888.3	4763838	4765553	-	1716	87	77	94	4239	3773	5812	795	616	583
SC_RS23920	NC_003888.3	4765553	4766905	-	1353	7	5	5	5219	4150	5398	756	621	504
SC_RS23925	NC_003888.3	4766995	4767627	+	633	14	13	13	4	8	9	69	21	77
SC_RS23930	NC_003888.3	4767684	4768676	+	993	421	437	519	4720	4054	4761	1387	1438	1220
SC_RS23935	NC_003888.3	4768820	4768972	-	153	8	9	27	42	47	44	56	20	37
SC_RS23940	NC_003888.3	4769020	4769613	-	594	222	190	325	496	374	453	372	333	359
SC_RS23945	NC_003888.3	4769704	4770477	+	774	32	21	31	31	34	48	129	32	112
SC_RS23950	NC_003888.3	4770450	4771139	-	690	33	22	36	14	11	13	95	21	58
SC_RS23955	NC_003888.3	4771252	4772241	+	990	313	263	374	169	134	220	218	139	193
SC_RS23960	NC_003888.3	4772215	4773021	-	807	353	359	471	134	79	93	205	122	153
SC_RS23965	NC_003888.3	4773118	4774128	+	1011	151	159	209	323	248	262	721	707	646
SC_RS23970	NC_003888.3	4774125	4774967	+	843	72	57	88	129	107	101	369	315	424
SC_RS23975	NC_003888.3	4775082	4775639	+	558	26	29	34	46	32	22	113	120	122
SC_RS23980	NC_003888.3	4775642	4776853	+	1212	56	61	78	35	34	37	144	53	115
SC_RS23985	NC_003888.3	4776850	4777530	+	681	120	107	134	57	49	59	113	64	109
SC_RS23990	NC_003888.3	4777590	4777967	+	378	271	234	340	55	56	53	85	45	66
SC_RS23995	NC_003888.3	4778003	4778245	+	243	78	62	81	29	23	29	29	17	24
SC_RS24000	NC_003888.3	4778229	4779347	-	1119	901	990	1366	2799	2867	2314	1553	1299	1036
SC_RS24005	NC_003888.3	4779458	4782313	+	2856	199	210	220	584	505	489	782	500	680
SC_RS24010	NC_003888.3	4782332	4783492	-	1161	15	9	21	50	61	52	244	89	204
SC_RS24015	NC_003888.3	4783700	4785205	+	1506	540	481	675	66	52	52	366	169	315
SC_RS24020	NC_003888.3	4785501	4786457	+	957	0	3	6	0	4	1	29	3	30
SC_RS24025	NC_003888.3	4786553	4787116	+	564	238	271	353	66	54	69	150	82	152
SC_RS24030	NC_003888.3	4787160	4787774	-	615	316	262	345	34	52	42	126	63	121
SC_RS24035	NC_003888.3	4787839	4788291	-	453	118	99	166	27	31	35	106	41	61
SC_RS24040	NC_003888.3	4788508	4789464	+	957	576	580	723	106	86	113	198	98	163
SC_RS24045	NC_003888.3	4789565	4790059	+	495	63	66	70	39	27	28	103	72	101
SC_RS24050	NC_003888.3	4790056	4790565	+	510	98	107	131	60	49	57	124	131	105
SC_RS24055	NC_003888.3	4790669	4792411	+	1743	1374	1277	1577	574	405	539	638	474	541
SC_RS24060	NC_003888.3	4792562	4793374	+	813	14	9	15	6	7	5	93	22	64
SC_RS24065	NC_003888.3	4793371	4795047	+	1677	19	15	24	14	9	12	240	63	191
SC_RS24070	NC_003888.3	4795085	4796683	+	1599	24	34	47	30	21	26	229	51	180
SC_RS24075	NC_003888.3	4796697	4798541	+	1845	31	27	40	31	29	19	261	62	212
SC_RS24080	NC_003888.3	4798612	4799760	+	1149	12	22	27	23	15	13	174	60	173
SC_RS24085	NC_003888.3	4799896	4801464	+	1569	48	58	63	13	20	26	226	63	218
SC_RS24090	NC_003888.3	4801461	4802204	+	744	11	2	7	5	6	9	93	20	50
SC_RS24095	NC_003888.3	4802192	4802821	+	630	140	137	151	18	13	19	100	35	71
SC_RS24100	NC_003888.3	4802873	4803460	+	588	223	215	292	97	100	125	148	75	133
SC_RS24105	NC_003888.3	4803479	4804183	-	705	265	239	337	161	172	209	259	180	201
SC_RS24110	NC_003888.3	4804464	4805564	+	1101	628	636	813	183	153	163	546	355	474
SC_RS24115	NC_003888.3	4805897	4806772	+	876	284	245	328	130	115	109	251	96	146
SC_RS24120	NC_003888.3	4806938	4808341	+	1404	333	281	387	315	251	281	684	530	708
SC_RS24125	NC_003888.3	4808387	4808785	-	399	36	35	51	90	62	86	105	72	75
SC_RS24130	NC_003888.3	4808960	4809685	+	726	37	52	49	105	75	98	111	62	131
SC_RS24135	NC_003888.3	4809858	4810613	-	756	62	56	97	62	48	58	149	51	113
SC_RS24140	NC_003888.3	4810836	4811528	+	693	1525	1420	1902	1532	1240	1438	1442	1387	1308
SC_RS24145	NC_003888.3	4812032	4812946	+	915	236	246	277	283	261	313	319	238	312
SC_RS24150	NC_003888.3	4812954	4814606	-	1653	430	423	518	263	178	256	398	228	307
SC_RS24155	NC_003888.3	4814603	4815394	-	792	780	766	1057	462	335	363	398	289	341
SC_RS24160	NC_003888.3	4815510	4816163	-	654	4	2	3	60	43	60	132	54	120
SC_RS24165	NC_003888.3	4816468	4817853	+	1386	10	13	22	599	572	658	1846	1388	1361
SC_RS24170	NC_003888.3	4818056	4819708	+	1653	1073	990	1315	1033	1007	1015	1350	1062	935
SC_RS24175	NC_003888.3	4819767	4821083	-	1317	111	109	134	1981	1571	2015	704	521	598
SC_RS24180	NC_003888.3	4821200	4821700	+	501	569	546	666	657	600	587	397	355	383
SC_RS24185	NC_003888.3	4821748	4822641	+	894	603	561	804	297	293	356	314	227	222
SC_RS24190	NC_003888.3	4822683	4823471	-	789	175	146	225	20	22	29	100	31	94
SC_RS24195	NC_003888.3	4823468	4824442	-	975	96	63	128	12	16	25	152	52	128
SC_RS24200	NC_003888.3	4824455	4825120	-	666	13	22	27	10	6	7	87	21	75
SC_RS24205	NC_003888.3	4825352	4826125	+	774	143	147	183	82	62	102	117	60	126
SC_RS24210	NC_003888.3	4826082	4827368	-	1287	388	318	490	1173	893	1114	957	863	976
SC_RS24215	NC_003888.3	4827365	4827958	-	594	699	613	892	3927	2816	3128	3784	3685	3502
SC_RS24220	NC_003888.3	4828287	4828667	+	381	82	58	84	22	26	28	94	36	72
SC_RS24225	NC_003888.3	4828773	4829285	+	513	131	118	135	792	707	677	551	434	437
SC_RS24230	NC_003888.3	4829871	4830347	+	477	245	226	249	2123	1724	1845	3199	3568	3382
SC_RS24235	NC_003888.3	4830650	4831684	-	1035	76	77	116	212	172	166	254	167	262
SC_RS24240	NC_003888.3	4831769	4833094	+	1326	4	20	16	25	13	14	167	44	140
SC_RS24245	NC_003888.3	4833116	4833988	+	873	244	212	310	62	60	49	143	82	135
SC_RS24250	NC_003888.3	4834171	4835376	-	1206	50	67	107	94	72	60	216	97	228
SC_RS24255	NC_003888.3	4835476	4836093	+	618	157	155	194	72	65	83	115	56	108
SC_RS24260	NC_003888.3	4836101	4836769	-	669	117	100	143	73	49	68	117	41	82
SC_RS24265	NC_003888.3	4836783	4837208	-	426	38	44	56	78	53	68	98	58	80
SC_RS24270	NC_003888.3	4837557	4838192	-	636	351	429	561	133	120	106	212	122	165
SC_RS24275	NC_003888.3	4838327	4839085	+	759	115	77	108	19	17	16	121	39	116
SC_RS24280	NC_003888.3	4839304	4841703	+	2400	1946	1897	2485	715	546	655	830	540	697
SC_RS24285	NC_003888.3	4841760	4842290	+	531	464	398	628	77	81	88	243	240	262
SC_RS24290	NC_003888.3	4842382	4842573	-	192	255	196	285	1704	1569	1739	2419	3177	2463
SC_RS24295	NC_003888.3	4842787	4845768	-	2982	928	825	1102	769	542	601	843	512	724
SC_RS24300	NC_003888.3	4845862	4846281	-	420	33	35	37	357	280	207	132	107	88
SC_RS24305	NC_003888.3	4846352	4847875	-	1524	35	30	43	2350	1521	1604	462	246	341
SC_RS24310	NC_003888.3	4848064	4850667	+	2604	902	1018	1217	1017	909	1148	758	461	584
SC_RS24315	NC_003888.3	4850742	4851305	+	564	928	998	1189	503	405	489	347	289	318
SC_RS24320	NC_003888.3	4851343	4851852	-	510	239	263	285	135	115	162	164	81	145
SC_RS24325	NC_003888.3	4851904	4852578	+	675	56	66	69	40	56	47	116	44	112
SC_RS24330	NC_003888.3	4852634	4852984	-	351	23	28	29	15	7	15	60	11	32
SC_RS24335	NC_003888.3	4853069	4853965	+	897	131	120	171	87	50	89	173	72	133
SC_RS24340	NC_003888.3	4854071	4855186	+	1116	151	129	176	80	64	81	206	58	168
SC_RS24345	NC_003888.3	4855250	4855660	+	411	155	179	282	353	293	303	339	329	255
SC_RS24350	NC_003888.3	4855908	4857491	-	1584	40	43	44	12	13	12	208	47	181
SC_RS24355	NC_003888.3	4857727	4859604	-	1878	2631	2311	3188	1133	865	1054	1262	952	1086
SC_RS24360	NC_003888.3	4859813	4862452	-	2640	4661	4270	5626	2115	1945	2146	1720	1560	1360
SC_RS24365	NC_003888.3	4862642	4863400	+	759	424	406	439	589	601	647	3331	3223	2839
SC_RS24370	NC_003888.3	4863650	4864507	+	858	200	173	212	2039	1935	2190	1731	1389	1336
SC_RS24375	NC_003888.3	4864681	4864872	+	192	128	131	193	9321	9092	7477	4357	3952	3301
SC_RS24380	NC_003888.3	4864966	4865850	-	885	301	254	337	1024	993	1164	711	578	551
SC_RS24385	NC_003888.3	4865924	4866445	-	522	293	243	405	642	648	574	404	375	389
SC_RS24390	NC_003888.3	4866642	4867625	-	984	165	177	223	56	44	48	175	57	155
SC_RS24395	NC_003888.3	4867733	4868950	+	1218	7	8	12	4	4	9	208	38	134
SC_RS24400	NC_003888.3	4869137	4870225	+	1089	381	332	474	155	135	135	249	157	213
SC_RS24405	NC_003888.3	4870304	4870987	-	684	214	187	234	27	27	24	100	61	75
SC_RS24410	NC_003888.3	4871042	4871941	-	900	302	287	373	23	35	35	135	44	109
SC_RS24415	NC_003888.3	4872011	4872658	+	648	34	33	38	6	9	11	78	19	64
SC_RS24420	NC_003888.3	4872768	4874393	+	1626	44	41	39	41	30	32	241	62	174
SC_RS24425	NC_003888.3	4874365	4875516	-	1152	95	90	136	122	106	124	249	179	243
SC_RS24430	NC_003888.3	4875525	4875932	-	408	125	127	142	173	127	112	213	164	200
SC_RS24435	NC_003888.3	4876023	4876625	-	603	227	233	279	62	40	64	118	70	131
SC_RS24440	NC_003888.3	4876807	4877370	+	564	8	1	4	3	4	3	78	19	65
SC_RS24445	NC_003888.3	4877431	4879017	+	1587	82	83	134	64	44	59	244	62	211
SC_RS24450	NC_003888.3	4879075	4880076	-	1002	54	41	55	37	36	35	164	53	151
SC_RS24455	NC_003888.3	4880330	4880995	-	666	49	57	55	17	11	14	99	18	62
SC_RS24460	NC_003888.3	4881117	4881521	-	405	417	413	528	134	111	147	177	102	149
SC_RS24465	NC_003888.3	4881601	4882014	+	414	35	22	32	18	12	17	70	16	51
SC_RS24470	NC_003888.3	4882032	4882589	-	558	47	47	46	28	25	36	96	31	79
SC_RS24475	NC_003888.3	4882715	4883962	+	1248	302	265	355	82	49	56	209	74	189
SC_RS24480	NC_003888.3	4883980	4884108	+	129	41	45	62	20	8	6	35	20	25
SC_RS24485	NC_003888.3	4884219	4884893	-	675	220	197	248	64	64	51	164	113	179
SC_RS24490	NC_003888.3	4884950	4885462	+	513	57	47	95	36	20	23	93	29	68
SC_RS24495	NC_003888.3	4885528	4886016	-	489	95	103	98	25	36	32	73	95	101
SC_RS24500	NC_003888.3	4886067	4886504	-	438	481	434	576	381	299	379	611	636	607
SC_RS24505	NC_003888.3	4886990	4888306	+	1317	1655	1675	2035	592	598	747	631	435	471
SC_RS24510	NC_003888.3	4888303	4889004	+	702	700	654	848	305	312	320	300	209	244
SC_RS24515	NC_003888.3	4889161	4890459	+	1299	4875	4581	5386	390	345	348	831	932	878
SC_RS24520	NC_003888.3	4890549	4891220	+	672	849	825	950	211	200	278	268	250	280
SC_RS24525	NC_003888.3	4891222	4891992	+	771	344	382	504	121	119	233	275	214	240
SC_RS24530	NC_003888.3	4891996	4893720	+	1725	1779	1816	2359	606	523	791	1228	1100	1092
SC_RS24535	NC_003888.3	4893909	4895051	+	1143	1508	1622	2034	544	544	779	1028	929	890
SC_RS24540	NC_003888.3	4895198	4896619	-	1422	54	59	59	58	55	38	205	65	166
SC_RS24545	NC_003888.3	4896795	4897511	-	717	50	34	39	15	12	22	136	37	83
SC_RS24550	NC_003888.3	4897553	4898155	+	603	15	10	18	5	9	6	73	27	55
SC_RS24555	NC_003888.3	4898224	4899117	-	894	11	14	19	1	4	3	151	30	122
SC_RS24560	NC_003888.3	4899301	4899900	-	600	122	119	152	36	25	27	149	50	101
SC_RS24565	NC_003888.3	4900077	4901975	+	1899	299	226	347	174	129	107	386	179	316
SC_RS24570	NC_003888.3	4901972	4902850	-	879	255	242	328	76	66	77	156	94	152
SC_RS24575	NC_003888.3	4902931	4903482	+	552	15	9	16	14	10	6	77	14	57
SC_RS24580	NC_003888.3	4903479	4903841	+	363	26	19	33	6	2	4	32	9	32
SC_RS24585	NC_003888.3	4903856	4904881	-	1026	125	115	154	48	33	40	163	59	125
SC_RS24590	NC_003888.3	4904976	4905383	+	408	15	11	18	4	5	12	70	16	47
SC_RS24595	NC_003888.3	4905443	4907221	+	1779	473	422	538	125	163	161	323	152	280
SC_RS24600	NC_003888.3	4907340	4909220	+	1881	541	465	652	963	841	999	766	560	617
SC_RS24605	NC_003888.3	4909224	4909526	-	303	286	311	388	450	366	369	262	263	254
SC_RS24610	NC_003888.3	4909614	4911071	+	1458	999	1007	1242	347	306	404	478	304	410
SC_RS24615	NC_003888.3	4911068	4911973	+	906	438	476	630	147	140	212	267	199	225
SC_RS24620	NC_003888.3	4912029	4912679	+	651	520	507	674	164	121	181	212	160	197
SC_RS24625	NC_003888.3	4912747	4913204	+	458	361	316	459	107	123	122	131	106	86
SC_RS24630	NC_003888.3	4913249	4914412	+	1164	1483	1405	1949	589	616	674	628	458	459
SC_RS24635	NC_003888.3	4914637	4915275	+	639	124	125	120	16	18	15	106	21	90
SC_RS24640	NC_003888.3	4915292	4915816	+	525	177	156	194	308	279	300	286	240	219
SC_RS24645	NC_003888.3	4915937	4916236	+	300	894	969	1219	409	341	387	348	330	289
SC_RS24650	NC_003888.3	4916377	4916478	+	102	56	48	76	52	46	104	29	9	21
SC_RS24655	NC_003888.3	4916551	4917873	+	1323	3666	3077	5066	4005	3570	5147	852	585	592
SC_RS24660	NC_003888.3	4917934	4918656	+	723	1104	891	1356	774	667	895	294	200	188
SC_RS24665	NC_003888.3	4919005	4919880	-	876	339	295	401	58	42	65	145	58	111
SC_RS24670	NC_003888.3	4919880	4921172	-	1293	65	58	68	16	15	27	164	36	158
SC_RS24675	NC_003888.3	4921335	4922621	+	1287	68	56	71	13	16	19	194	57	139
SC_RS24680	NC_003888.3	4923031	4924959	+	1929	190	132	220	32	28	41	299	88	251
SC_RS24685	NC_003888.3	4924984	4925628	-	645	318	284	333	32	23	24	133	46	102
SC_RS24690	NC_003888.3	4925750	4925953	-	204	41867	41860	58335	9912	10788	13851	19789	24149	18058
SC_RS24695	NC_003888.3	4926246	4927094	+	849	679	751	975	697	654	902	776	688	704
SC_RS24700	NC_003888.3	4927170	4928930	+	1761	1205	1066	1432	478	386	362	614	423	615
SC_RS24705	NC_003888.3	4928991	4933568	-	4578	3409	3078	4059	1020	786	937	1533	1067	1431
SC_RS24710	NC_003888.3	4933854	4934156	+	303	1765	1712	2192	1609	1575	1769	1393	1515	1318
SC_RS24715	NC_003888.3	4935104	4935685	-	582	239	176	280	224	212	204	233	130	210
SC_RS24720	NC_003888.3	4935682	4936314	-	633	159	178	179	255	267	265	245	161	174
SC_RS24725	NC_003888.3	4936347	4936925	-	579	134	128	178	253	240	221	222	164	168
SC_RS24730	NC_003888.3	4936959	4938164	-	1206	311	312	367	887	870	692	578	423	497
SC_RS24735	NC_003888.3	4938161	4938472	-	312	61	62	83	199	213	191	104	82	112
SC_RS24740	NC_003888.3	4938790	4939515	-	726	42	49	70	17	15	10	125	53	102
SC_RS24745	NC_003888.3	4939512	4940861	-	1350	212	197	259	58	43	39	194	55	163
SC_RS24750	NC_003888.3	4940966	4941562	+	597	58	76	82	16	19	12	79	25	63
SC_RS24755	NC_003888.3	4941567	4941872	-	306	9	6	8	2	0	5	45	4	40
SC_RS24760	NC_003888.3	4941895	4942980	-	1086	44	40	53	26	10	8	180	34	155
SC_RS24765	NC_003888.3	4942977	4943474	-	498	25	19	33	4	5	9	77	41	83
SC_RS24770	NC_003888.3	4943703	4944296	+	594	91	101	135	67	42	50	181	64	127
SC_RS24775	NC_003888.3	4945126	4945845	+	720	965	863	1113	306	230	250	230	124	165
SC_RS24780	NC_003888.3	4945864	4946745	+	882	271	279	320	64	64	59	132	57	107
SC_RS24785	NC_003888.3	4946742	4948049	+	1308	418	344	419	127	101	119	216	90	188
SC_RS24790	NC_003888.3	4948063	4949100	+	1038	623	535	764	172	157	179	202	125	163
SC_RS24795	NC_003888.3	4949097	4950017	+	921	857	808	1071	199	162	172	328	260	247
SC_RS24800	NC_003888.3	4950107	4950367	+	261	295	300	329	69	66	51	113	84	108
SC_RS24805	NC_003888.3	4950575	4950955	+	381	419	393	476	55	52	57	112	74	110
SC_RS24810	NC_003888.3	4950956	4951393	+	438	174	183	237	36	30	29	68	41	74
SC_RS24815	NC_003888.3	4951390	4951851	+	462	78	63	91	14	5	12	95	27	58
SC_RS24820	NC_003888.3	4951930	4952256	+	327	214	252	283	54	41	34	136	79	105
SC_RS24825	NC_003888.3	4952253	4953677	+	1425	1217	1010	1461	314	239	295	552	427	402
SC_RS24830	NC_003888.3	4953674	4955002	+	1329	676	606	755	171	134	151	340	178	262
SC_RS24835	NC_003888.3	4954999	4955643	+	645	256	266	364	78	81	72	243	154	194
SC_RS24840	NC_003888.3	4955652	4956245	+	594	248	207	340	75	93	64	121	75	107
SC_RS24845	NC_003888.3	4956301	4956636	-	336	207	164	215	85	70	81	93	91	113
SC_RS24850	NC_003888.3	4956659	4957264	-	606	464	382	520	108	96	95	131	99	110
SC_RS24855	NC_003888.3	4957302	4957697	-	396	192	193	268	66	74	62	69	51	86
SC_RS24860	NC_003888.3	4957723	4959303	-	1581	564	412	631	184	140	174	337	153	302
SC_RS24865	NC_003888.3	4959382	4959573	-	192	62	44	79	30	49	29	46	16	31
SC_RS24870	NC_003888.3	4959584	4960435	-	852	595	538	779	281	214	205	274	189	225
SC_RS24875	NC_003888.3	4960649	4961074	+	426	43	41	58	162	162	150	149	87	96
SC_RS24880	NC_003888.3	4961108	4962022	+	915	303	258	378	1337	1174	1087	834	650	629
SC_RS24885	NC_003888.3	4962128	4962778	+	651	428	402	528	277	230	279	256	208	221
SC_RS24890	NC_003888.3	4962778	4963845	+	1068	785	731	884	253	199	255	330	190	269
SC_RS24895	NC_003888.3	4964061	4967069	+	3009	2080	1880	2424	782	578	852	773	366	618
SC_RS24900	NC_003888.3	4967066	4967845	+	780	101	82	103	23	29	34	105	33	73
SC_RS24905	NC_003888.3	4967924	4969123	+	1200	1486	1414	1788	786	781	1004	636	542	538
SC_RS24910	NC_003888.3	4969131	4969730	+	600	271	245	361	169	132	145	136	84	110
SC_RS24915	NC_003888.3	4969766	4970770	-	1005	38	36	51	36	25	23	151	45	161
SC_RS24920	NC_003888.3	4970964	4971383	+	420	13	6	3	1	2	3	69	10	49
SC_RS24925	NC_003888.3	4971401	4973632	+	2232	19	19	13	11	4	11	323	68	244
SC_RS24930	NC_003888.3	4973632	4974723	+	1092	10	10	8	4	2	5	141	31	117
SC_RS24935	NC_003888.3	4974767	4975462	+	696	920	1047	1233	410	350	427	424	412	352
SC_RS24940	NC_003888.3	4975449	4975796	-	348	185	169	213	149	114	102	125	102	123
SC_RS24945	NC_003888.3	4975855	4976418	-	564	52	39	57	278	186	204	213	144	208
SC_RS24950	NC_003888.3	4976516	4977808	+	1293	1533	1530	1981	740	748	920	852	683	667
SC_RS24955	NC_003888.3	4977869	4978495	-	627	576	521	724	167	171	179	162	111	140
SC_RS24960	NC_003888.3	4978629	4979462	-	834	5298	4540	6575	1578	1678	2064	1470	1328	1187
SC_RS24965	NC_003888.3	4980274	4980633	+	360	19	16	25	144	118	104	611	545	537
SC_RS24970	NC_003888.3	4980646	4981200	+	555	25	17	18	187	143	140	1044	887	830
SC_RS24975	NC_003888.3	4981197	4981952	+	756	51	55	70	163	140	142	885	794	774
SC_RS24980	NC_003888.3	4981949	4983271	+	1323	214	198	260	293	315	391	1760	1566	1539
SC_RS24985	NC_003888.3	4983268	4984140	+	873	630	521	696	309	247	317	1159	1116	1024
SC_RS24990	NC_003888.3	4984137	4985486	+	1350	1624	1642	2066	1297	1015	1317	3495	3192	2929
SC_RS24995	NC_003888.3	4985483	4988014	+	2532	29	32	49	658	504	470	2862	2773	2584
SC_RS25000	NC_003888.3	4988011	4989414	+	1404	30	24	32	286	254	256	1583	1540	1400
SC_RS25005	NC_003888.3	4989407	4990084	+	678	47	30	64	178	145	147	1168	990	1036
SC_RS25010	NC_003888.3	4990081	4990938	+	858	56	61	55	236	191	219	1094	1024	967
SC_RS25015	NC_003888.3	4990935	4991234	+	300	3	3	10	65	42	46	344	282	269
SC_RS25020	NC_003888.3	4991249	4993213	+	1965	67	66	75	580	395	400	2658	2554	2518
SC_RS25025	NC_003888.3	4993219	4994790	+	1572	99	44	88	416	321	382	1972	1856	1724
SC_RS25030	NC_003888.3	4994787	4996445	+	1659	41	32	54	363	300	302	1956	1829	1778
SC_RS25035	NC_003888.3	4996565	4997164	-	600	108	118	139	192	140	194	311	231	232
SC_RS25040	NC_003888.3	4997397	4999427	+	2031	1103	1001	1350	806	657	778	829	609	802
SC_RS25045	NC_003888.3	4999466	4999654	-	189	192	144	213	117	105	124	119	72	78
SC_RS25050	NC_003888.3	4999752	5000690	-	939	225	201	213	256	230	290	329	223	257
SC_RS25055	NC_003888.3	5000997	5002253	-	1257	317	346	444	1150	941	1346	662	534	543
SC_RS25060	NC_003888.3	5002738	5003547	+	810	187	157	214	2113	1672	1972	761	706	653
SC_RS25065	NC_003888.3	5003571	5004062	-	492	122	82	117	268	240	266	175	127	163
SC_RS25070	NC_003888.3	5004917	5005927	+	1011	2254	2315	2829	299	258	321	596	444	511
SC_RS25075	NC_003888.3	5006187	5007449	+	1263	1475	1354	1744	2456	2083	2225	7843	8047	8137
SC_RS25080	NC_003888.3	5007502	5008485	+	984	636	536	716	709	623	720	2198	2282	2239
SC_RS25085	NC_003888.3	5008472	5009416	+	945	709	696	816	1215	915	1373	582	476	575
SC_RS25090	NC_003888.3	5009444	5010046	-	603	348	310	417	796	709	1096	173	93	157
SC_RS25095	NC_003888.3	5010296	5011708	+	1413	1451	1216	1574	195	148	162	781	820	865
SC_RS25100	NC_003888.3	5011745	5012719	-	975	119	107	138	67	48	53	174	71	156
SC_RS25105	NC_003888.3	5012930	5013400	-	471	137	118	170	229	214	193	183	125	151
SC_RS25110	NC_003888.3	5013530	5014102	+	573	276	303	356	108	82	60	151	82	120
SC_RS25115	NC_003888.3	5014126	5015214	-	1089	417	377	494	530	422	352	448	275	291
SC_RS25120	NC_003888.3	5015360	5016214	-	855	61	45	81	185	140	202	169	99	135
SC_RS25125	NC_003888.3	5016376	5017434	-	1059	85	96	111	341	337	401	412	304	305
SC_RS25130	NC_003888.3	5017427	5019364	-	1938	1014	1055	1365	3499	3139	3302	2846	2995	2547
SC_RS25135	NC_003888.3	5019699	5020358	-	660	337	317	421	217	170	163	348	225	263
SC_RS25140	NC_003888.3	5020678	5022045	-	1368	171	143	181	150	135	83	313	121	245
SC_RS25145	NC_003888.3	5022159	5023382	-	1224	109	92	117	142	112	141	271	112	225
SC_RS25150	NC_003888.3	5023578	5024018	+	441	114	111	115	43	52	49	71	30	73
SC_RS25155	NC_003888.3	5024009	5024713	+	705	258	180	260	114	138	119	130	70	89
SC_RS25160	NC_003888.3	5024710	5026071	+	1362	704	652	879	245	220	311	252	135	192
SC_RS25165	NC_003888.3	5026068	5027036	+	969	312	293	359	159	136	140	196	131	171
SC_RS25170	NC_003888.3	5027036	5027629	+	594	210	186	273	84	89	120	129	77	118
SC_RS25175	NC_003888.3	5027626	5028219	+	594	228	213	283	86	86	92	143	82	118
SC_RS25180	NC_003888.3	5028219	5028611	+	393	113	108	171	35	25	61	79	50	73
SC_RS25185	NC_003888.3	5028608	5030602	+	1995	1081	989	1324	198	173	199	403	213	353
SC_RS25190	NC_003888.3	5030609	5032213	+	1605	1426	1239	1825	240	163	220	392	220	367
SC_RS25195	NC_003888.3	5032210	5033757	+	1548	175	163	174	113	87	116	287	99	205
SC_RS25200	NC_003888.3	5033984	5034847	+	864	590	574	674	295	205	402	448	298	364
SC_RS25205	NC_003888.3	5034844	5035260	+	417	97	67	86	104	104	138	161	128	139
SC_RS25210	NC_003888.3	5035358	5035951	+	594	471	425	576	260	181	231	269	172	190
SC_RS25215	NC_003888.3	5036030	5037274	-	1245	468	433	546	1708	1437	1371	428	274	304
SC_RS25220	NC_003888.3	5037414	5037680	+	267	1163	1079	1392	224	176	186	426	406	342
SC_RS25225	NC_003888.3	5037788	5038276	-	489	1993	1792	2461	1446	1263	1092	827	695	599
SC_RS25230	NC_003888.3	5038512	5038593	+	82	19	25	36	3	4	6	32	3	41
SC_RS25235	NC_003888.3	5038758	5040125	-	1368	32	24	27	12	8	13	205	52	158
SC_RS25240	NC_003888.3	5040186	5040371	-	186	4	0	0	1	1	3	38	7	38
SC_RS25245	NC_003888.3	5040809	5042281	-	1473	9	9	8	10	5	9	232	40	197
SC_RS25250	NC_003888.3	5042283	5043134	-	852	10	9	11	5	2	5	108	30	87
SC_RS25255	NC_003888.3	5043224	5043691	-	468	13	8	14	10	9	4	99	26	62
SC_RS25260	NC_003888.3	5043865	5045910	-	2046	34	24	46	16	14	21	253	86	258
SC_RS25265	NC_003888.3	5045925	5046464	-	540	3	4	2	3	4	2	75	18	66
SC_RS25270	NC_003888.3	5046484	5046984	-	501	1	6	3	8	2	0	60	20	56
SC_RS25275	NC_003888.3	5047158	5047313	+	156	32	27	38	17	14	16	40	20	51
SC_RS25280	NC_003888.3	5047328	5047663	-	336	7	14	14	5	2	2	29	5	26
SC_RS25285	NC_003888.3	5047663	5048670	-	1008	15	11	19	2	8	3	112	29	84
SC_RS25290	NC_003888.3	5048667	5049200	-	534	16	8	16	4	9	1	67	16	39
SC_RS25295	NC_003888.3	5049197	5049466	-	270	8	7	8	1	5	2	52	4	38
SC_RS25300	NC_003888.3	5049893	5050702	+	810	1142	1100	1563	269	217	233	311	218	285
SC_RS25305	NC_003888.3	5050699	5051364	+	666	592	560	770	217	126	133	207	106	212
SC_RS25310	NC_003888.3	5051465	5052373	-	909	165	164	176	75	76	64	119	60	119
SC_RS25315	NC_003888.3	5052984	5054666	-	1683	583	536	731	1004	880	873	400	211	324
SC_RS25320	NC_003888.3	5055828	5058728	+	2901	331	296	363	763	602	724	1018	644	860
SC_RS25325	NC_003888.3	5058797	5059018	+	222	140	118	154	133	126	96	94	84	87
SC_RS25330	NC_003888.3	5059025	5059681	-	657	382	379	497	339	318	327	301	228	215
SC_RS25335	NC_003888.3	5059786	5061090	-	1305	68	50	67	119	86	102	242	79	184
SC_RS25340	NC_003888.3	5061316	5061388	+	73	4	1	5	2	3	0	17	7	12
SC_RS25345	NC_003888.3	5061435	5061507	+	73	474	425	616	71	80	120	79	49	73
SC_RS25350	NC_003888.3	5061599	5061763	+	165	1514	1343	1878	317	321	498	398	470	328
SC_RS25355	NC_003888.3	5061859	5062311	+	453	1110	1146	1542	699	790	822	769	617	530
SC_RS25360	NC_003888.3	5062317	5062745	+	429	873	721	1116	937	852	900	776	766	578
SC_RS25365	NC_003888.3	5062845	5063669	-	825	420	347	494	209	195	217	206	163	202
SC_RS25370	NC_003888.3	5063734	5064339	+	606	251	231	360	86	90	109	90	60	88
SC_RS25375	NC_003888.3	5064405	5064998	+	594	667	643	826	367	242	334	217	125	201
SC_RS25380	NC_003888.3	5065114	5066586	+	1473	129	94	147	22	28	33	214	66	160
SC_RS25385	NC_003888.3	5066624	5067004	+	381	15	15	21	7	7	2	57	14	40
SC_RS25390	NC_003888.3	5067097	5068152	+	1056	1205	1118	1439	380	321	412	412	314	344
SC_RS25395	NC_003888.3	5068592	5069623	-	1032	183	142	180	217	173	164	299	176	244
SC_RS25400	NC_003888.3	5069749	5070975	-	1227	4723	4948	6438	1127	1098	1425	2085	2142	1908
SC_RS25405	NC_003888.3	5071215	5071287	+	73	76	69	67	8	10	17	20	7	24
SC_RS25410	NC_003888.3	5071396	5071680	+	285	1709	1594	1970	420	385	515	435	339	379
SC_RS25415	NC_003888.3	5071761	5072663	+	903	6849	5683	7588	1001	1008	1245	985	871	766
SC_RS25420	NC_003888.3	5072851	5073285	+	435	19232	18696	24339	4775	4448	5060	3792	3533	2561
SC_RS25425	NC_003888.3	5073369	5074094	+	726	16106	15730	19662	3525	3526	3501	3162	2985	2121
SC_RS25430	NC_003888.3	5074267	5075124	+	858	317	287	388	108	93	131	237	122	206
SC_RS25435	NC_003888.3	5075273	5076121	+	849	3294	2663	3651	432	343	392	1473	1466	1268
SC_RS25440	NC_003888.3	5076440	5076970	+	531	82202	79048	100122	9252	9599	11996	10055	11628	7693
SC_RS25445	NC_003888.3	5077088	5077471	+	384	32352	32411	40869	4257	3996	4847	5547	6018	4185
SC_RS25450	NC_003888.3	5078061	5081546	+	3486	30527	30064	37012	15627	15481	18785	11064	10659	8749
SC_RS25455	NC_003888.3	5081644	5085543	+	3900	37595	37529	44493	21083	20562	24178	12469	12936	10709
SC_RS25460	NC_003888.3	5085653	5086240	+	588	210	179	250	76	68	67	145	85	128
SC_RS25465	NC_003888.3	5086257	5087552	-	1296	655	661	859	118	104	100	348	207	252
SC_RS25470	NC_003888.3	5087653	5088690	+	1038	1116	1068	1407	280	209	219	359	196	305
SC_RS25475	NC_003888.3	5088946	5089317	+	372	26596	25539	33690	4933	4862	4920	4023	4110	2698
SC_RS25480	NC_003888.3	5089320	5089790	+	471	15555	15528	20240	2677	2851	3230	2571	2799	1829
SC_RS25485	NC_003888.3	5089830	5091956	+	2127	98978	95696	118851	17989	17838	22101	16544	17528	12552
SC_RS25490	NC_003888.3	5092130	5093323	+	1194	92903	90938	115323	42363	38610	44200	34015	36571	27061
SC_RS25495	NC_003888.3	5093313	5093666	-	354	284	285	344	116	79	76	80	79	74
SC_RS25500	NC_003888.3	5093796	5096276	-	2481	271	238	311	17	19	24	296	68	239
SC_RS25505	NC_003888.3	5096270	5097010	-	741	12	7	9	7	7	9	96	24	78
SC_RS25510	NC_003888.3	5097181	5098476	+	1296	34	24	31	22	30	22	169	46	143
SC_RS25515	NC_003888.3	5098476	5099108	+	633	346	283	332	119	85	95	168	119	116
SC_RS25520	NC_003888.3	5099276	5100415	+	1140	251	268	335	116	85	92	350	309	331
SC_RS25525	NC_003888.3	5100500	5101891	-	1392	75	67	94	15	12	7	175	41	167
SC_RS25530	NC_003888.3	5102043	5102990	-	948	101	86	92	90	98	98	189	62	139
SC_RS25535	NC_003888.3	5103076	5104845	-	1770	235	243	286	460	400	504	439	214	357
SC_RS25540	NC_003888.3	5104850	5105851	-	1002	237	213	323	436	364	325	405	265	336
SC_RS25545	NC_003888.3	5105926	5106318	+	393	129	95	153	735	707	629	521	530	398
SC_RS25550	NC_003888.3	5106331	5107239	-	909	185	183	289	1038	1026	1037	928	714	765
SC_RS25555	NC_003888.3	5107257	5108129	-	873	17	14	20	407	393	481	787	529	587
SC_RS25560	NC_003888.3	5108377	5108811	-	435	16	16	17	3170	3168	3534	4539	4179	3546
SC_RS25565	NC_003888.3	5108924	5109772	+	849	110	115	148	427	401	396	720	593	554
SC_RS25570	NC_003888.3	5109769	5109960	+	192	38	32	36	60	51	51	109	79	67
SC_RS25575	NC_003888.3	5109911	5110819	-	909	260	245	350	334	261	254	447	349	335
SC_RS25580	NC_003888.3	5110897	5111655	+	759	45	30	37	117	100	122	121	59	105
SC_RS25585	NC_003888.3	5111657	5111866	+	210	9	6	14	20	11	17	35	17	35
SC_RS25590	NC_003888.3	5112041	5113399	+	1359	626	599	763	652	710	668	602	427	491
SC_RS25595	NC_003888.3	5113748	5113951	+	204	14744	14138	19360	187	339	603	1168	1374	1742
SC_RS25600	NC_003888.3	5114162	5115568	+	1407	1581	1495	1991	116	131	133	310	138	266
SC_RS25605	NC_003888.3	5115614	5115925	+	312	714	542	774	231	187	240	214	194	194
SC_RS25610	NC_003888.3	5115961	5116320	-	360	353	335	451	217	173	225	183	200	138
SC_RS25615	NC_003888.3	5116372	5116728	-	357	242	247	272	191	154	185	245	202	242
SC_RS25620	NC_003888.3	5117228	5117560	+	333	18	7	7	97	99	90	477	607	599
SC_RS25625	NC_003888.3	5117670	5118521	+	852	19	18	20	28	28	24	177	118	203
SC_RS25630	NC_003888.3	5118613	5119260	+	648	259	247	352	160	111	140	213	120	175
SC_RS25635	NC_003888.3	5119360	5120483	+	1124	71	81	73	32	41	30	188	59	143
SC_RS25640	NC_003888.3	5120514	5120981	+	468	23	30	40	8	9	10	83	32	54
SC_RS25645	NC_003888.3	5121109	5122923	+	1815	128	122	130	160	111	131	354	190	336
SC_RS25650	NC_003888.3	5122899	5123855	+	957	18	34	52	18	20	10	41	29	35
SC_RS25655	NC_003888.3	5123855	5126638	+	2784	265	237	319	107	108	122	523	201	485
SC_RS25660	NC_003888.3	5126659	5127108	+	450	122	94	155	46	51	45	114	63	107
SC_RS25665	NC_003888.3	5127609	5127917	+	309	27486	24741	32949	5490	6243	6285	5938	5737	5033
SC_RS25670	NC_003888.3	5127934	5128578	+	645	33741	31307	40974	5680	6229	6860	6637	6730	4757
SC_RS25675	NC_003888.3	5128587	5129246	+	660	26418	24746	31706	4197	4711	5803	5094	5373	3642
SC_RS25680	NC_003888.3	5129246	5129665	+	420	23324	21538	28498	4315	4416	5815	4825	5322	3788
SC_RS25685	NC_003888.3	5129706	5130542	+	837	42909	41377	52752	6975	7272	8853	8008	8485	6256
SC_RS25690	NC_003888.3	5130555	5130836	+	282	11749	11419	14697	1892	1759	2237	2454	2544	1762
SC_RS25695	NC_003888.3	5130879	5131226	+	348	26866	26572	33000	3592	3445	4497	4710	4781	3637
SC_RS25700	NC_003888.3	5131226	5132059	+	834	56304	54637	67587	7065	6857	8533	8438	9273	7050
SC_RS25705	NC_003888.3	5132065	5132484	+	420	17254	17401	21538	2405	2251	3115	3187	3390	2559
SC_RS25710	NC_003888.3	5132484	5132708	+	225	12975	12345	15995	1915	1732	2177	2568	2472	2087
SC_RS25715	NC_003888.3	5132708	5132995	+	288	23998	23466	30144	3774	3596	5402	4696	6027	4698
SC_RS25720	NC_003888.3	5133103	5133471	+	369	21011	19640	25908	3176	2813	3600	3344	3711	3062
SC_RS25725	NC_003888.3	5133474	5133797	+	324	9111	8911	11507	1446	1369	1525	1690	1716	1551
SC_RS25730	NC_003888.3	5133797	5134354	+	558	24861	23622	30569	3679	3297	4349	4468	4953	3945
SC_RS25735	NC_003888.3	5134360	5134545	+	186	10151	9882	12707	1727	1449	1809	2025	2233	1838
SC_RS25740	NC_003888.3	5134757	5135155	+	399	21531	20681	26328	4263	4019	4697	3926	4141	3017
SC_RS25745	NC_003888.3	5135180	5135719	+	540	36503	33788	43063	6389	5674	6336	5390	6235	4348
SC_RS25750	NC_003888.3	5135723	5136106	+	384	26278	25262	33134	4818	4276	4858	4449	4892	3767
SC_RS25755	NC_003888.3	5136150	5136755	+	606	52050	50387	64040	9785	8320	9595	9057	9256	7779
SC_RS25760	NC_003888.3	5136758	5136940	+	183	5922	5715	7474	1039	1094	1264	1079	1162	814
SC_RS25765	NC_003888.3	5136943	5137398	+	456	34260	33300	43094	7809	7685	8841	7672	9606	7273
SC_RS25770	NC_003888.3	5137655	5138968	+	1314	5095	4973	6500	2220	1995	2373	1589	1306	1148
SC_RS25775	NC_003888.3	5138968	5139621	+	654	4794	4568	5839	1552	1436	1611	1184	1152	884
SC_RS25780	NC_003888.3	5139773	5140609	+	837	580	494	674	237	194	211	201	153	208
SC_RS25785	NC_003888.3	5140751	5140972	+	222	17663	17233	21773	3728	3892	4175	4706	4560	3828
SC_RS25790	NC_003888.3	5141041	5141154	+	114	6540	6413	7988	1407	1466	1672	1660	1727	1278
SC_RS25795	NC_003888.3	5141343	5141723	+	381	23707	23791	29650	3385	3520	4732	5449	4854	3714
SC_RS25800	NC_003888.3	5141791	5142195	+	405	24167	24203	31117	3714	4056	4946	5340	5493	3829
SC_RS25805	NC_003888.3	5142327	5143349	+	1023	31886	31398	39281	7058	6883	7850	7325	7354	5741
SC_RS25810	NC_003888.3	5143544	5144050	+	507	27929	26795	34459	5353	5121	5561	6034	6648	5226
SC_RS25815	NC_003888.3	5144190	5145044	+	855	709	697	815	206	159	183	228	145	208
SC_RS25820	NC_003888.3	5145064	5145963	-	900	1054	929	1238	656	605	646	455	306	300
SC_RS25825	NC_003888.3	5146038	5147243	+	1206	34	43	58	9	19	11	165	53	152
SC_RS25830	NC_003888.3	5147451	5147894	+	444	14825	13323	18078	1810	2553	2816	2085	1808	1447
SC_RS25835	NC_003888.3	5147937	5148449	+	513	12209	11291	14878	2343	2726	2928	2491	2207	1669
SC_RS25840	NC_003888.3	5148674	5150032	+	1359	2271	2255	2772	367	379	417	554	379	455
SC_RS25845	NC_003888.3	5150160	5151107	-	948	948	868	1071	125	145	118	243	111	201
SC_RS25850	NC_003888.3	5151168	5152157	-	990	120	110	164	141	112	131	181	69	153
SC_RS25855	NC_003888.3	5152417	5153223	+	807	489	409	661	68	72	89	155	55	148
SC_RS25860	NC_003888.3	5153334	5155181	+	1848	357	305	432	139	135	118	337	130	278
SC_RS25865	NC_003888.3	5155213	5155785	-	573	75	107	95	66	62	62	89	52	68
SC_RS25870	NC_003888.3	5155831	5157288	-	1458	132	111	135	69	64	60	259	122	245
SC_RS25875	NC_003888.3	5157368	5157973	+	606	98	112	140	65	34	41	115	43	95
SC_RS25880	NC_003888.3	5158001	5158372	-	372	92	81	128	27	39	41	72	36	65
SC_RS25885	NC_003888.3	5158508	5159683	+	1176	1297	1230	1590	264	266	275	452	296	336
SC_RS25890	NC_003888.3	5159844	5161100	+	1257	354	372	453	101	83	100	203	97	181
SC_RS25895	NC_003888.3	5161069	5161617	+	549	381	296	407	142	116	152	181	139	152
SC_RS25900	NC_003888.3	5161764	5162000	+	237	111	114	118	203	189	192	201	203	192
SC_RS25905	NC_003888.3	5162036	5162590	-	555	79	42	88	88	76	96	172	94	147
SC_RS25910	NC_003888.3	5162784	5163437	+	654	521	539	662	352	281	316	283	183	205
SC_RS25915	NC_003888.3	5163434	5163967	+	534	230	210	294	169	158	206	163	120	125
SC_RS25920	NC_003888.3	5163960	5165084	+	1125	689	734	914	376	348	429	412	283	305
SC_RS25925	NC_003888.3	5165081	5165353	+	273	149	168	151	60	51	59	58	42	60
SC_RS25930	NC_003888.3	5165438	5166505	+	1068	194	195	284	58	60	73	179	70	145
SC_RS25935	NC_003888.3	5166649	5167686	+	1038	101	82	100	29	26	20	185	35	132
SC_RS25940	NC_003888.3	5167797	5168153	+	357	18	14	19	8	8	4	35	7	50
SC_RS25945	NC_003888.3	5168216	5169475	+	1260	78	73	86	48	37	48	167	67	139
SC_RS25950	NC_003888.3	5169472	5170644	-	1173	130	135	159	50	25	33	148	48	124
SC_RS25955	NC_003888.3	5170735	5171655	+	921	15	14	16	2	3	5	117	27	100
SC_RS25960	NC_003888.3	5171652	5172401	+	750	25	28	41	4	16	9	98	35	90
SC_RS25965	NC_003888.3	5172737	5173045	+	309	26833	24061	34592	26747	19751	16325	10846	11953	8737
SC_RS25970	NC_003888.3	5173179	5174804	+	1626	34424	31815	42375	32486	26955	26731	12640	14116	8627
SC_RS25975	NC_003888.3	5175044	5176285	-	1242	299	246	381	564	508	512	349	217	332
SC_RS25980	NC_003888.3	5176428	5177201	-	774	240	243	277	188	196	191	165	119	144
SC_RS25985	NC_003888.3	5177256	5177924	-	669	309	275	383	89	66	76	136	70	106
SC_RS25990	NC_003888.3	5178021	5178941	+	921	250	208	283	114	126	158	185	100	163
SC_RS25995	NC_003888.3	5179007	5179345	-	339	26	21	17	31	19	18	80	49	67
SC_RS26000	NC_003888.3	5179727	5180338	+	612	90	77	107	3884	4425	4297	4736	4824	3704
SC_RS26005	NC_003888.3	5180620	5181207	+	588	374	323	463	800	902	946	1059	1030	821
SC_RS26010	NC_003888.3	5181347	5182852	+	1506	4509	4400	5701	3185	2981	3614	1986	1782	1383
SC_RS26015	NC_003888.3	5182993	5184117	+	1125	3344	3699	4483	949	935	1013	1005	801	781
SC_RS26020	NC_003888.3	5184449	5185669	+	1221	39	28	32	2228	1648	2011	1527	1300	1376
SC_RS26025	NC_003888.3	5185771	5186988	-	1218	24	30	41	85	90	107	270	105	241
SC_RS26030	NC_003888.3	5187291	5188997	+	1707	71	69	101	557	472	464	518	242	390
SC_RS26035	NC_003888.3	5189098	5191251	+	2154	4268	4245	5399	1446	1146	1358	1420	1284	1190
SC_RS26040	NC_003888.3	5191425	5194364	+	2940	1194	1212	1454	1650	1349	1794	2094	1845	1956
SC_RS26045	NC_003888.3	5194510	5196300	+	1791	1586	1562	2001	465	351	463	748	627	680
SC_RS26050	NC_003888.3	5196394	5197536	+	1143	286	277	380	295	234	371	283	183	249
SC_RS26055	NC_003888.3	5197629	5199356	+	1728	1322	1133	1467	283	220	253	838	904	945
SC_RS26060	NC_003888.3	5199496	5201109	+	1614	116	103	154	24	17	34	228	97	161
SC_RS26065	NC_003888.3	5201210	5203018	+	1809	123	104	147	40	38	33	274	75	193
SC_RS26070	NC_003888.3	5203137	5203796	-	660	412	410	484	389	385	456	107	73	93
SC_RS26075	NC_003888.3	5203783	5204163	+	381	101	88	123	49	57	78	70	24	57
SC_RS26080	NC_003888.3	5204510	5204797	-	288	89	63	66	32	20	23	86	50	101
SC_RS26085	NC_003888.3	5205166	5206746	+	1581	4766	4830	5988	1114	1156	1219	878	613	612
SC_RS26090	NC_003888.3	5206750	5207235	-	486	633	596	710	102	106	96	124	65	81
SC_RS26095	NC_003888.3	5207363	5208166	+	804	180	175	186	104	107	110	176	105	171
SC_RS26100	NC_003888.3	5208328	5209623	+	1296	213	194	283	241	182	183	387	264	292
SC_RS26105	NC_003888.3	5209763	5210290	+	528	129	98	138	92	80	79	178	109	160
SC_RS26110	NC_003888.3	5210287	5210514	-	228	33	32	46	78	29	34	98	113	146
SC_RS26115	NC_003888.3	5210501	5211922	-	1422	173	136	227	485	227	293	874	983	960
SC_RS26120	NC_003888.3	5212113	5213405	+	1293	279	257	282	441	195	337	1028	1053	1000
SC_RS26125	NC_003888.3	5213402	5214157	+	756	400	374	444	424	396	424	472	470	493
SC_RS26130	NC_003888.3	5214259	5215302	-	1044	170	202	227	2913	2696	2831	2289	2038	1714
SC_RS26135	NC_003888.3	5215611	5215964	+	354	65	67	83	40	55	53	72	51	81
SC_RS26140	NC_003888.3	5215942	5216958	-	1017	260	231	324	150	120	113	151	87	113
SC_RS26145	NC_003888.3	5216985	5218181	-	1197	423	424	502	480	488	490	381	233	321
SC_RS26150	NC_003888.3	5218624	5221119	+	2496	2607	2345	3107	1471	1334	1644	1546	1273	1220
SC_RS26155	NC_003888.3	5221209	5222906	-	1698	745	629	817	513	475	590	658	411	536
SC_RS26160	NC_003888.3	5223103	5224098	-	996	25	34	30	27	41	47	327	150	248
SC_RS26165	NC_003888.3	5224492	5224908	+	417	595	520	757	618	485	438	1207	990	1149
SC_RS26170	NC_003888.3	5225006	5226826	-	1821	611	491	687	239	238	263	519	416	490
SC_RS26175	NC_003888.3	5226862	5228001	-	1140	1005	929	1239	75	79	68	284	191	244
SC_RS26180	NC_003888.3	5228085	5229206	+	1122	1462	1275	1693	121	86	62	365	237	310
SC_RS26185	NC_003888.3	5229309	5231756	+	2448	1169	1179	1427	169	143	116	638	378	505
SC_RS26190	NC_003888.3	5231885	5233081	+	1197	419	395	476	87	63	51	278	137	224
SC_RS26195	NC_003888.3	5233252	5234196	+	945	343	302	392	57	54	46	141	66	131
SC_RS26200	NC_003888.3	5234993	5236177	+	1185	18044	18067	23555	19683	19209	22765	5743	5997	4202
SC_RS26205	NC_003888.3	5236206	5237090	+	885	12720	12422	16269	16207	15677	17940	4340	5035	3326
SC_RS26210	NC_003888.3	5237203	5238327	-	1125	281	273	345	44	63	49	152	73	143
SC_RS26215	NC_003888.3	5238424	5240100	+	1677	214	169	229	26	31	26	213	76	180
SC_RS26220	NC_003888.3	5240239	5241036	-	798	1331	1134	1470	262	222	407	589	415	494
SC_RS26225	NC_003888.3	5241331	5241978	+	648	861	789	1110	87	107	114	185	93	141
SC_RS26230	NC_003888.3	5241975	5243546	+	1572	2146	2108	2735	286	358	427	613	416	453
SC_RS26235	NC_003888.3	5243808	5243927	-	120	152	139	178	8	15	11	27	17	33
SC_RS26240	NC_003888.3	5243963	5244607	-	645	229	212	250	20	17	30	77	30	55
SC_RS26245	NC_003888.3	5244609	5247029	-	2421	35	51	66	14	16	20	315	73	250
SC_RS26250	NC_003888.3	5247215	5248573	-	1359	58	33	54	138	78	59	256	125	229
SC_RS26255	NC_003888.3	5248570	5249310	-	741	21	26	23	50	44	33	177	76	147
SC_RS26260	NC_003888.3	5249522	5249992	-	471	23	17	17	26	29	42	133	87	112
SC_RS26265	NC_003888.3	5250091	5252229	-	2139	70	67	97	380	277	387	509	294	393
SC_RS26270	NC_003888.3	5252226	5252972	-	747	177	150	205	306	329	283	332	252	251
SC_RS26275	NC_003888.3	5253098	5253685	-	588	2551	2528	3118	812	689	638	277	166	191
SC_RS26280	NC_003888.3	5253981	5254835	+	855	1753	1854	2319	691	722	841	493	409	325
SC_RS26285	NC_003888.3	5254825	5255361	+	537	775	719	885	297	306	311	297	404	388
SC_RS26290	NC_003888.3	5255754	5257154	+	1401	2168	1957	2485	694	631	670	1018	858	886
SC_RS26295	NC_003888.3	5257517	5258506	+	990	2881	2912	3605	3564	3640	4608	3119	3259	2346
SC_RS26300	NC_003888.3	5258735	5260264	+	1530	849	813	1009	110	84	133	261	132	239
SC_RS26305	NC_003888.3	5260321	5261853	+	1533	594	509	734	79	91	123	256	91	205
SC_RS26310	NC_003888.3	5261850	5263034	+	1185	456	466	596	72	58	66	154	42	134
SC_RS26315	NC_003888.3	5263034	5264980	+	1947	549	488	556	73	59	99	262	60	267
SC_RS26320	NC_003888.3	5264982	5265950	+	969	311	325	362	49	40	57	144	52	109
SC_RS26325	NC_003888.3	5265954	5266685	-	732	623	578	792	195	176	185	242	174	211
SC_RS26330	NC_003888.3	5266682	5267128	-	447	67	59	77	67	49	38	70	28	73
SC_RS26335	NC_003888.3	5267125	5267634	-	510	69	70	72	66	63	59	79	42	95
SC_RS26340	NC_003888.3	5267682	5269070	+	1389	13	25	24	11	11	11	164	25	154
SC_RS26345	NC_003888.3	5269286	5270731	+	1446	252	236	284	394	357	410	471	289	325
SC_RS26350	NC_003888.3	5270746	5271402	-	657	16	26	19	11	5	5	94	13	78
SC_RS26355	NC_003888.3	5271519	5272538	+	1020	1448	1531	1889	939	854	1138	800	762	692
SC_RS26360	NC_003888.3	5272715	5273293	+	579	417	399	460	207	197	245	454	375	373
SC_RS26365	NC_003888.3	5273376	5274131	-	756	49	52	53	17	12	19	113	37	97
SC_RS26370	NC_003888.3	5274166	5275539	-	1374	27	45	55	11	9	12	166	41	157
SC_RS26375	NC_003888.3	5275682	5276191	+	510	2	2	4	0	0	1	47	10	35
SC_RS26380	NC_003888.3	5276184	5277152	+	969	12	28	24	6	0	4	112	27	95
SC_RS26385	NC_003888.3	5277146	5277619	+	474	43	50	48	2	3	3	50	10	44
SC_RS26390	NC_003888.3	5277607	5278539	+	933	366	298	332	136	117	141	159	68	119
SC_RS26395	NC_003888.3	5278487	5279914	-	1428	869	860	1103	740	661	722	626	460	486
SC_RS26400	NC_003888.3	5279853	5280092	+	240	288	263	422	53	37	73	97	52	41
SC_RS26405	NC_003888.3	5280147	5281457	+	1311	921	942	1101	133	128	182	270	135	194
SC_RS26410	NC_003888.3	5281448	5282203	-	756	169	167	210	61	54	72	106	49	83
SC_RS26415	NC_003888.3	5282215	5282703	-	489	93	84	104	33	23	32	62	18	57
SC_RS26420	NC_003888.3	5282708	5283115	-	408	146	131	164	62	33	66	77	26	50
SC_RS26425	NC_003888.3	5283201	5283611	-	411	24	21	14	106	87	105	85	24	47
SC_RS26430	NC_003888.3	5283653	5284273	-	621	114	86	123	316	267	480	202	130	173
SC_RS26435	NC_003888.3	5284439	5285212	-	774	4425	4725	5787	2880	2739	2880	1647	1484	1217
SC_RS26440	NC_003888.3	5285212	5286966	-	1755	9309	9372	11413	5541	5503	7091	3244	2962	2216
SC_RS26445	NC_003888.3	5286986	5287468	-	483	1742	1762	2206	1079	1041	1128	628	527	413
SC_RS26450	NC_003888.3	5287474	5287854	-	381	2016	2039	2647	1284	1279	1616	713	590	426
SC_RS26455	NC_003888.3	5288036	5288587	-	552	51	81	75	229	130	247	157	75	131
SC_RS26460	NC_003888.3	5288818	5290443	+	1626	181	186	266	1351	1053	1416	498	311	429
SC_RS26465	NC_003888.3	5290562	5291107	+	546	43	28	56	370	298	301	352	269	264
SC_RS26470	NC_003888.3	5291195	5291764	+	570	30	25	28	181	135	154	211	160	169
SC_RS26475	NC_003888.3	5291932	5292354	+	423	14	10	12	20	18	10	52	14	47
SC_RS26480	NC_003888.3	5292481	5293098	+	618	31	12	20	10	5	7	55	12	37
SC_RS26485	NC_003888.3	5293095	5294015	+	921	17	29	33	5	7	7	129	25	107
SC_RS26490	NC_003888.3	5294399	5295061	+	663	173	134	215	27	23	27	132	36	100
SC_RS26495	NC_003888.3	5295061	5296242	+	1182	146	143	172	39	23	29	159	62	127
SC_RS26500	NC_003888.3	5296485	5297330	-	846	7	17	16	40	25	23	214	157	200
SC_RS26505	NC_003888.3	5297581	5299161	+	1581	762	697	828	1342	1061	1239	1006	781	880
SC_RS26510	NC_003888.3	5299181	5300632	-	1452	105	85	133	93	58	73	239	99	192
SC_RS26515	NC_003888.3	5300705	5301355	+	651	121	139	187	173	146	176	168	110	127
SC_RS26520	NC_003888.3	5301340	5302356	-	1017	164	148	189	771	719	630	523	442	391
SC_RS26525	NC_003888.3	5302468	5303406	-	939	28	31	34	1882	1651	1859	817	570	545
SC_RS26530	NC_003888.3	5303776	5306604	+	2829	34	27	44	2895	2476	2937	1663	1254	1175
SC_RS26535	NC_003888.3	5306624	5307574	+	951	14	8	13	1678	1486	1664	921	633	606
SC_RS26540	NC_003888.3	5307574	5308020	+	447	22	14	23	515	455	462	310	168	214
SC_RS26545	NC_003888.3	5308045	5309379	-	1335	17	10	26	1529	1264	1403	788	512	503
SC_RS26550	NC_003888.3	5309376	5310356	-	981	7	15	10	1033	880	1096	389	259	301
SC_RS26555	NC_003888.3	5310555	5311886	+	1332	31	16	22	2394	2054	2444	1463	1066	956
SC_RS26560	NC_003888.3	5312075	5313349	+	1275	18	17	21	3202	2896	3542	1667	1576	1142
SC_RS26565	NC_003888.3	5313363	5314301	+	939	9	7	10	5106	5140	5691	3342	3000	2079
SC_RS26570	NC_003888.3	5314345	5315412	+	1068	14	10	19	1165	1079	1019	827	614	539
SC_RS26575	NC_003888.3	5315652	5316884	+	1233	263	243	317	1575	1635	1879	1504	1293	1197
SC_RS26580	NC_003888.3	5317104	5318147	+	1044	507	479	643	1221	848	979	906	693	680
SC_RS26585	NC_003888.3	5318421	5319467	+	1047	6671	6925	8202	154	158	172	385	299	342
SC_RS26590	NC_003888.3	5319704	5321317	+	1614	1702	1735	2124	211	214	245	400	205	315
SC_RS26595	NC_003888.3	5321317	5322441	+	1125	819	765	1023	137	116	183	273	157	209
SC_RS26600	NC_003888.3	5322438	5323712	+	1275	856	892	1058	148	113	169	297	171	238
SC_RS26605	NC_003888.3	5323709	5324101	+	393	525	540	613	52	42	56	101	60	83
SC_RS26610	NC_003888.3	5324132	5325409	+	1278	1156	1197	1524	99	111	127	227	124	212
SC_RS26615	NC_003888.3	5325467	5325853	-	387	31	26	42	35	37	38	47	29	46
SC_RS26620	NC_003888.3	5326010	5327032	+	1023	89	76	95	146	120	138	315	151	237
SC_RS26625	NC_003888.3	5327081	5328004	-	924	68	80	94	40	28	46	140	59	133
SC_RS26630	NC_003888.3	5328139	5328525	+	387	104	80	100	151	129	98	167	174	165
SC_RS26635	NC_003888.3	5328418	5329422	-	1005	1824	1657	2326	1418	1090	1074	1815	1894	1641
SC_RS26640	NC_003888.3	5329530	5330840	-	1311	686	566	813	288	189	254	262	158	236
SC_RS26645	NC_003888.3	5330904	5331857	+	954	98	84	102	69	61	59	145	88	109
SC_RS26650	NC_003888.3	5331991	5332572	-	582	123	92	115	85	57	59	124	57	96
SC_RS26655	NC_003888.3	5332682	5333560	+	879	46	42	42	101	89	71	226	135	189
SC_RS26660	NC_003888.3	5333649	5334410	-	762	48	52	49	100	82	90	344	305	315
SC_RS26665	NC_003888.3	5334546	5335736	+	1191	191	210	256	873	738	959	770	795	703
SC_RS26670	NC_003888.3	5335877	5336245	+	369	59	44	48	130	91	96	126	94	89
SC_RS26675	NC_003888.3	5336333	5336536	-	204	47	37	67	124	56	63	1384	1474	1211
SC_RS26680	NC_003888.3	5336632	5337183	-	552	468	346	411	145	115	122	346	348	307
SC_RS26685	NC_003888.3	5337310	5337921	-	612	372	319	402	129	103	154	152	105	140
SC_RS26690	NC_003888.3	5337921	5339528	-	1608	1902	1888	2342	731	596	704	619	506	511
SC_RS26695	NC_003888.3	5339525	5340202	-	678	1715	1724	2162	554	533	530	531	468	461
SC_RS26700	NC_003888.3	5340411	5341142	+	732	3621	3336	4283	467	321	439	3157	4256	3818
SC_RS26705	NC_003888.3	5341385	5341987	-	603	300	330	412	195	202	166	243	168	217
SC_RS26710	NC_003888.3	5342180	5342584	+	405	22	6	25	127	113	133	138	112	105
SC_RS26715	NC_003888.3	5342742	5344754	+	2013	727	682	898	677	606	623	767	488	576
SC_RS26720	NC_003888.3	5344860	5345759	-	900	1179	1227	1392	484	364	383	246	207	206
SC_RS26725	NC_003888.3	5345752	5347194	-	1443	2288	2465	2557	708	604	739	424	337	362
SC_RS26730	NC_003888.3	5347200	5348195	-	996	2543	2602	3252	671	525	590	352	388	348
SC_RS26735	NC_003888.3	5348311	5349015	+	705	337	319	414	53	71	78	147	54	126
SC_RS26740	NC_003888.3	5349119	5350759	-	1641	812	640	808	113	78	105	272	82	211
SC_RS26745	NC_003888.3	5351124	5351948	-	825	1722	1450	2015	214	164	262	251	187	231
SC_RS26750	NC_003888.3	5352042	5352479	-	438	126	110	137	42	45	48	107	43	76
SC_RS26755	NC_003888.3	5352566	5354014	+	1449	4040	4351	5494	1457	1149	1301	1349	1331	1163
SC_RS26760	NC_003888.3	5354193	5355182	+	990	446	499	609	18351	15785	16602	10594	11181	9480
SC_RS26765	NC_003888.3	5355283	5357055	-	1773	1694	1671	2060	1018	927	851	744	545	593
SC_RS26770	NC_003888.3	5357430	5357912	+	483	79	52	89	15	22	24	96	42	70
SC_RS26775	NC_003888.3	5357881	5358501	-	621	391	384	457	192	220	184	243	147	188
SC_RS26780	NC_003888.3	5358534	5358662	-	129	23	29	27	12	15	15	35	18	21
SC_RS26785	NC_003888.3	5358799	5359008	-	210	92	97	101	88	72	79	94	67	59
SC_RS26790	NC_003888.3	5359018	5360610	-	1593	455	434	587	426	415	457	460	261	386
SC_RS26795	NC_003888.3	5360721	5361596	+	876	364	308	472	142	133	131	178	104	159
SC_RS26800	NC_003888.3	5361712	5362857	+	1146	1553	1502	1901	248	254	322	436	270	369
SC_RS26805	NC_003888.3	5362921	5363586	-	666	589	573	798	340	306	354	327	267	259
SC_RS26810	NC_003888.3	5363797	5364597	+	801	31	24	33	9	6	1	105	34	81
SC_RS26815	NC_003888.3	5364697	5365845	+	1149	78	80	97	26	14	26	158	84	154
SC_RS26820	NC_003888.3	5365963	5367501	+	1539	322	330	365	212	189	232	434	300	433
SC_RS26825	NC_003888.3	5367643	5367981	-	339	188	164	218	252	252	239	211	142	151
SC_RS26830	NC_003888.3	5368091	5368444	+	354	109	127	154	374	334	387	231	156	170
SC_RS26835	NC_003888.3	5368677	5369921	+	1245	6239	5635	7234	5739	5533	6299	4586	3828	3603
SC_RS26840	NC_003888.3	5370069	5371559	+	1491	44	44	65	29	19	13	179	65	153
SC_RS26845	NC_003888.3	5371593	5372276	+	684	23	18	25	21	10	13	77	36	93
SC_RS26850	NC_003888.3	5372301	5372819	-	519	16	18	24	12	6	8	84	26	75
SC_RS26855	NC_003888.3	5373018	5373932	+	915	28	24	22	8	12	7	124	43	126
SC_RS26860	NC_003888.3	5373976	5374758	-	783	37	35	39	9	9	9	100	25	57
SC_RS26865	NC_003888.3	5374860	5375462	+	603	128	126	173	15	11	14	58	23	48
SC_RS26870	NC_003888.3	5375466	5375783	-	318	49	49	75	11	3	11	44	12	39
SC_RS26875	NC_003888.3	5375964	5376623	-	660	106	134	151	20	29	31	109	59	107
SC_RS26880	NC_003888.3	5376765	5377757	+	993	153	164	202	25	34	17	166	48	141
SC_RS26885	NC_003888.3	5377855	5378730	-	876	775	711	840	223	202	207	298	215	267
SC_RS26890	NC_003888.3	5378899	5379939	+	1041	3937	4089	4610	410	373	600	213	75	150
SC_RS26895	NC_003888.3	5380116	5380907	+	792	83	71	77	7	4	3	100	21	89
SC_RS26900	NC_003888.3	5381124	5384831	+	3708	61	57	68	18099	21534	21534	3514	3361	3036
SC_RS26905	NC_003888.3	5384831	5386486	+	1656	16	19	11	4694	5845	5788	942	820	787
SC_RS26910	NC_003888.3	5386483	5387145	+	663	10	10	14	1294	1860	1999	306	196	215
SC_RS26915	NC_003888.3	5387142	5387855	+	714	45	35	55	1077	1380	1233	256	184	199
SC_RS26920	NC_003888.3	5387898	5388935	-	1038	66	66	77	1763	1977	1567	386	322	386
SC_RS26925	NC_003888.3	5389080	5389676	+	597	158	180	211	137	134	152	120	52	83
SC_RS26930	NC_003888.3	5389724	5389918	+	195	63	52	80	18	21	22	32	19	25
SC_RS26935	NC_003888.3	5389941	5390534	-	594	298	246	321	56	53	55	93	47	86
SC_RS26940	NC_003888.3	5390665	5391888	-	1224	2644	2556	3354	1174	841	967	463	299	390
SC_RS26945	NC_003888.3	5392010	5392528	+	519	1102	1103	1399	4601	3297	4547	3353	3455	2566
SC_RS26950	NC_003888.3	5392632	5393750	-	1119	1230	1345	1669	835	684	767	564	401	434
SC_RS26955	NC_003888.3	5393847	5395001	+	1155	1478	1526	1821	2362	2220	2411	1197	1026	894
SC_RS26960	NC_003888.3	5395012	5395269	-	258	241	232	308	189	146	134	115	69	83
SC_RS26965	NC_003888.3	5395316	5395822	-	507	219	257	291	86	77	87	163	102	99
SC_RS26970	NC_003888.3	5396005	5396511	-	507	187	160	209	196	177	153	262	181	198
SC_RS26975	NC_003888.3	5396674	5397903	+	1230	233	192	294	552	407	536	517	371	475
SC_RS26980	NC_003888.3	5398064	5399071	+	1008	279	231	297	167	140	147	334	215	245
SC_RS26985	NC_003888.3	5399068	5399925	+	858	170	159	168	123	113	153	248	159	199
SC_RS26990	NC_003888.3	5400027	5400524	-	498	1289	1247	1518	514	539	496	799	798	689
SC_RS26995	NC_003888.3	5400705	5401103	-	399	809	745	959	403	284	349	335	302	301
SC_RS27000	NC_003888.3	5401255	5402115	+	861	1051	1116	1320	3489	3354	4216	1989	1782	1521
SC_RS27005	NC_003888.3	5402108	5402344	+	237	602	620	765	837	667	811	607	580	528
SC_RS27010	NC_003888.3	5402381	5405644	-	3264	1269	1197	1482	829	814	907	1125	805	1110
SC_RS27015	NC_003888.3	5406195	5407688	+	1494	59	60	75	97	113	97	322	187	278
SC_RS27020	NC_003888.3	5407685	5410105	+	2421	80	72	111	150	160	175	495	291	442
SC_RS27025	NC_003888.3	5410107	5410928	+	822	31	16	17	22	10	14	145	59	122
SC_RS27030	NC_003888.3	5411121	5411624	+	504	44	31	56	85	121	116	233	335	276
SC_RS27035	NC_003888.3	5411720	5413762	+	2043	593	639	707	450	392	457	551	371	459
SC_RS27040	NC_003888.3	5413773	5414501	-	729	259	218	302	228	180	182	282	148	208
SC_RS27045	NC_003888.3	5414535	5415242	-	708	194	139	183	73	44	54	157	80	119
SC_RS27050	NC_003888.3	5415297	5416001	-	705	181	163	176	207	185	306	434	313	366
SC_RS27055	NC_003888.3	5416288	5418117	+	1830	130	132	152	221	232	208	910	535	635
SC_RS27060	NC_003888.3	5418400	5419350	-	951	172	160	230	81	59	71	199	93	161
SC_RS27065	NC_003888.3	5419347	5420747	-	1401	334	334	449	103	81	68	229	128	202
SC_RS27070	NC_003888.3	5420938	5421120	+	183	17	26	20	14	7	5	39	30	40
SC_RS27075	NC_003888.3	5421206	5421628	-	423	320	404	454	285	195	234	1183	1469	1194
SC_RS27080	NC_003888.3	5421700	5422911	-	1212	387	341	454	138	125	139	353	207	245
SC_RS27085	NC_003888.3	5423145	5423999	+	855	38	39	57	22	10	23	130	39	88
SC_RS27090	NC_003888.3	5424037	5425647	-	1611	482	637	583	229	164	197	250	119	234
SC_RS27095	NC_003888.3	5425676	5426977	-	1302	663	715	793	115	96	117	215	95	190
SC_RS27100	NC_003888.3	5427114	5428169	+	1056	132	128	115	9	10	7	128	34	93
SC_RS27105	NC_003888.3	5428166	5428930	+	765	509	522	579	133	117	140	167	117	135
SC_RS27110	NC_003888.3	5428927	5429337	+	411	208	228	255	79	56	78	91	79	80
SC_RS27115	NC_003888.3	5429458	5430936	+	1479	58	68	85	11	15	27	183	59	154
SC_RS27120	NC_003888.3	5431032	5431676	+	645	480	467	629	1433	1319	1361	1127	960	748
SC_RS27125	NC_003888.3	5431744	5433066	+	1323	131	141	154	284	303	269	365	212	286
SC_RS27130	NC_003888.3	5433210	5434163	+	954	158	178	214	660	588	603	324	238	250
SC_RS27135	NC_003888.3	5434218	5435480	-	1263	109	106	122	166	173	155	226	108	214
SC_RS27140	NC_003888.3	5435560	5436069	-	510	164	152	192	205	186	146	269	158	226
SC_RS27145	NC_003888.3	5436168	5436359	-	192	80	60	94	267	187	171	206	187	148
SC_RS27150	NC_003888.3	5436371	5437222	-	852	47	57	55	47	52	53	176	58	126
SC_RS27155	NC_003888.3	5437435	5437923	+	489	0	3	8	27	12	33	82	12	75
SC_RS27160	NC_003888.3	5438060	5438185	-	126	5	2	2	17	11	7	22	1	23
SC_RS27165	NC_003888.3	5438306	5438614	+	309	43	36	30	21	23	21	67	15	48
SC_RS27170	NC_003888.3	5438710	5439252	+	543	18	21	14	21	16	21	61	15	50
SC_RS27175	NC_003888.3	5439185	5439847	-	663	17	16	18	16	15	7	88	16	49
SC_RS27180	NC_003888.3	5439963	5441678	-	1716	13	4	9	18	14	15	231	56	196
SC_RS27185	NC_003888.3	5441997	5442938	+	942	26	17	29	888	749	946	471	383	411
SC_RS27190	NC_003888.3	5443118	5443824	+	707	14	15	20	341	316	410	257	131	183
SC_RS27195	NC_003888.3	5443832	5445088	+	1257	26	28	34	881	673	792	549	335	394
SC_RS27200	NC_003888.3	5445085	5445480	+	396	46	36	36	503	403	439	507	443	453
SC_RS27205	NC_003888.3	5445482	5445877	+	396	31	24	38	399	257	343	241	232	203
SC_RS27210	NC_003888.3	5445896	5447233	+	1338	49	44	44	403	360	437	437	255	368
SC_RS27215	NC_003888.3	5447243	5448193	+	951	45	39	30	456	419	521	370	240	283
SC_RS27220	NC_003888.3	5448213	5449115	+	903	14	20	20	529	427	491	421	276	289
SC_RS27225	NC_003888.3	5449378	5449575	+	198	6	11	23	285	272	329	292	180	198
SC_RS27230	NC_003888.3	5449578	5450174	+	597	29	25	24	952	833	918	550	556	482
SC_RS27235	NC_003888.3	5450207	5450785	+	579	77	78	111	579	443	446	474	359	390
SC_RS27240	NC_003888.3	5450794	5451405	+	612	30	29	49	327	246	327	270	174	196
SC_RS27245	NC_003888.3	5451503	5451856	-	354	10	9	5	25	20	12	81	16	50
SC_RS27250	NC_003888.3	5452583	5453623	+	1041	13	14	12	37	37	45	219	85	185
SC_RS27255	NC_003888.3	5453663	5453983	+	321	8	10	9	17	11	20	68	48	65
SC_RS27260	NC_003888.3	5453993	5454400	-	408	0	2	1	2	2	1	67	18	39
SC_RS27265	NC_003888.3	5454591	5455127	+	537	39	34	46	25	25	27	81	42	88
SC_RS27270	NC_003888.3	5455315	5455980	+	666	84	81	111	135	73	76	234	123	191
SC_RS27275	NC_003888.3	5456221	5456883	+	663	334	313	365	520	427	426	350	295	319
SC_RS27280	NC_003888.3	5456871	5457902	+	1032	1101	985	1265	1193	922	868	1138	952	932
SC_RS27285	NC_003888.3	5458019	5458891	+	873	633	552	742	516	422	444	502	440	440
SC_RS27290	NC_003888.3	5458994	5459911	+	918	126	90	125	146	103	88	168	79	124
SC_RS27295	NC_003888.3	5459908	5460726	+	819	61	82	77	77	64	59	110	54	94
SC_RS27300	NC_003888.3	5460757	5461950	-	1194	174	168	256	31	28	38	184	61	148
SC_RS27305	NC_003888.3	5463012	5464337	+	1326	394	424	449	3750	3014	3703	5684	5180	4956
SC_RS27310	NC_003888.3	5464785	5465483	+	699	7376	6675	8757	16820	17255	14497	7561	7013	5806
SC_RS27315	NC_003888.3	5465646	5467043	+	1398	954	810	1170	325	273	313	520	418	497
SC_RS27320	NC_003888.3	5467332	5467868	-	537	3051	2957	3537	1185	1198	1372	362	344	281
SC_RS27325	NC_003888.3	5467875	5468429	-	555	3502	3306	4444	1167	1150	1440	466	499	396
SC_RS27330	NC_003888.3	5468567	5469505	+	939	197	199	248	93	105	104	236	111	196
SC_RS27335	NC_003888.3	5469633	5471975	-	2343	1124	1164	1186	737	582	555	1201	948	1041
SC_RS27340	NC_003888.3	5471972	5472661	-	690	708	690	701	188	159	176	359	274	308
SC_RS27345	NC_003888.3	5472658	5473182	-	525	894	832	817	129	113	123	321	242	264
SC_RS27350	NC_003888.3	5473366	5473671	-	306	154	143	173	28	27	31	56	61	54
SC_RS27355	NC_003888.3	5473668	5474606	-	939	386	395	447	80	91	86	319	200	215
SC_RS27360	NC_003888.3	5474855	5477176	+	2322	1782	1543	2176	1018	919	1220	915	615	728
SC_RS27365	NC_003888.3	5477315	5479543	-	2229	1398	1267	1561	1707	1404	1809	1527	1349	1457
SC_RS27370	NC_003888.3	5479825	5480535	-	711	459	457	533	1062	844	1036	421	339	403
SC_RS27375	NC_003888.3	5480624	5482009	-	1386	412	401	506	2183	1822	2888	1000	963	828
SC_RS27380	NC_003888.3	5482101	5483561	-	1461	57	65	77	14	8	14	224	45	184
SC_RS27385	NC_003888.3	5483742	5485409	-	1668	1365	1589	1849	1279	1094	1223	770	527	525
SC_RS27390	NC_003888.3	5485654	5486337	+	684	379	321	368	95	60	75	239	153	181
SC_RS27395	NC_003888.3	5486443	5486820	+	378	171	139	177	272	212	257	716	586	499
SC_RS27400	NC_003888.3	5487077	5488108	-	1032	1256	1233	1509	321	275	276	581	442	486
SC_RS27405	NC_003888.3	5488244	5488768	+	525	2019	2213	2780	984	725	816	1092	938	960
SC_RS27410	NC_003888.3	5488832	5489422	-	591	485	470	653	45	58	65	138	78	102
SC_RS27415	NC_003888.3	5489640	5490971	+	1332	92	118	115	11	8	3	182	43	154
SC_RS27420	NC_003888.3	5490968	5492431	+	1464	7	21	16	3	5	4	188	40	145
SC_RS27425	NC_003888.3	5492532	5494091	+	1560	162	145	214	23	15	18	223	57	185
SC_RS27430	NC_003888.3	5494201	5494416	+	216	83	87	91	25	27	19	39	34	34
SC_RS27435	NC_003888.3	5494413	5494679	-	267	352	293	394	184	140	158	164	136	164
SC_RS27440	NC_003888.3	5494689	5495897	-	1209	851	744	1172	162	102	125	239	138	254
SC_RS27445	NC_003888.3	5496474	5497856	-	1383	85	84	111	64	50	60	283	98	211
SC_RS27450	NC_003888.3	5497985	5499001	+	1017	1256	1228	1631	1000	1101	1199	662	548	490
SC_RS27455	NC_003888.3	5499055	5499795	+	741	945	910	1171	633	626	594	479	368	372
SC_RS27460	NC_003888.3	5499806	5500408	-	603	484	453	505	573	447	534	426	407	375
SC_RS27465	NC_003888.3	5500594	5501682	+	1089	1536	1579	1954	347	380	451	469	372	375
SC_RS27470	NC_003888.3	5501804	5502196	-	393	133	136	168	74	54	45	100	54	72
SC_RS27475	NC_003888.3	5502196	5502447	-	252	99	103	171	81	60	75	118	85	103
SC_RS27480	NC_003888.3	5502593	5504848	+	2256	374	354	435	352	224	312	558	313	469
SC_RS27485	NC_003888.3	5504937	5507768	-	2832	211	186	241	256	176	300	442	199	365
SC_RS27490	NC_003888.3	5508078	5508992	+	915	4	7	12	9	2	16	130	24	119
SC_RS27495	NC_003888.3	5509015	5510508	+	1494	110	74	111	28	39	21	189	45	167
SC_RS27500	NC_003888.3	5510516	5511115	-	600	113	93	144	100	70	72	95	37	71
SC_RS27505	NC_003888.3	5511271	5512227	+	957	19	11	16	42	32	24	139	36	112
SC_RS27510	NC_003888.3	5512268	5513572	-	1305	62	64	67	64	83	65	1599	1661	1673
SC_RS27515	NC_003888.3	5513809	5514249	-	441	0	1	1	3	1	3	2671	2709	2319
SC_RS27520	NC_003888.3	5514323	5515246	+	924	7	8	5	15	19	20	18461	16775	16311
SC_RS27525	NC_003888.3	5515246	5516232	+	987	27	8	23	40	34	25	9965	10464	9415
SC_RS27530	NC_003888.3	5516299	5516943	+	645	2	9	12	26	18	23	20675	19840	16358
SC_RS27535	NC_003888.3	5516977	5517897	+	921	22	21	38	51	43	45	18523	17420	17192
SC_RS27540	NC_003888.3	5517894	5519495	+	1602	130	145	170	275	257	326	10956	11125	10010
SC_RS27545	NC_003888.3	5519497	5519892	+	396	53	43	81	205	201	207	3304	3506	3131
SC_RS27550	NC_003888.3	5519987	5520832	+	846	63	72	85	202	198	192	14059	14825	14661
SC_RS27555	NC_003888.3	5520857	5521741	+	885	25	24	35	66	69	56	11711	11997	10907
SC_RS27560	NC_003888.3	5521738	5522883	+	1146	34	38	50	117	99	95	17000	18963	17480
SC_RS27565	NC_003888.3	5522876	5523217	+	342	67	37	55	51	39	23	4960	5013	4893
SC_RS27570	NC_003888.3	5523183	5523962	-	780	492	559	662	253	230	270	4789	4997	4016
SC_RS27575	NC_003888.3	5524073	5525809	+	1737	101	97	118	29	29	30	31761	29257	23220
SC_RS27580	NC_003888.3	5525809	5527944	+	2136	99	108	132	23	29	24	32395	31767	26090
SC_RS27585	NC_003888.3	5528094	5528861	+	768	89	68	82	271	253	264	9836	9549	8223
SC_RS27590	NC_003888.3	5528935	5529720	-	786	6	7	11	23	28	19	22123	24736	22233
SC_RS27595	NC_003888.3	5529801	5531204	+	1404	5	6	18	23	18	26	12415	14133	11991
SC_RS27600	NC_003888.3	5531201	5532424	+	1224	5	7	7	19	10	17	6571	7424	6468
SC_RS27605	NC_003888.3	5532449	5532709	+	261	0	1	2	2	0	2	1690	1656	1603
SC_RS27610	NC_003888.3	5532706	5533656	+	951	17	8	12	11	14	18	7772	8675	8092
SC_RS27615	NC_003888.3	5533653	5534546	+	894	8	10	12	11	19	14	6339	6593	6355
SC_RS27620	NC_003888.3	5534558	5535091	+	534	4	6	10	8	2	3	2911	3095	2865
SC_RS27625	NC_003888.3	5535110	5535607	-	498	13	10	20	20	22	13	1483	1601	1516
SC_RS27630	NC_003888.3	5535661	5536287	-	627	18	16	20	27	24	26	839	835	904
SC_RS27635	NC_003888.3	5536422	5536994	+	573	47	44	41	16	11	21	104	48	87
SC_RS27640	NC_003888.3	5537246	5538175	-	930	44	58	58	34	29	31	154	72	163
SC_RS27645	NC_003888.3	5538270	5539100	+	831	19	14	25	53	60	57	151	75	135
SC_RS27650	NC_003888.3	5539200	5539622	+	423	13	9	15	14	11	14	62	17	47
SC_RS27655	NC_003888.3	5539732	5540862	+	1131	162	130	198	109	113	116	287	169	244
SC_RS27660	NC_003888.3	5541010	5541762	+	753	91	84	111	876	718	729	813	679	758
SC_RS27665	NC_003888.3	5542208	5542399	+	192	162	180	206	690	641	901	607	594	473
SC_RS27670	NC_003888.3	5542475	5542909	+	435	226	185	276	839	808	858	444	399	322
SC_RS27675	NC_003888.3	5542948	5543415	+	468	57	64	88	114	102	105	268	240	256
SC_RS27680	NC_003888.3	5543715	5546357	+	2643	385	356	432	1423	1033	1287	1460	1106	1261
SC_RS27685	NC_003888.3	5546599	5547831	+	1233	394	362	429	59	55	69	289	127	234
SC_RS27690	NC_003888.3	5547828	5548607	-	780	61	79	98	22	19	17	163	85	144
SC_RS27695	NC_003888.3	5548604	5550565	-	1962	37	44	35	45	30	45	394	146	359
SC_RS27700	NC_003888.3	5550582	5551418	-	837	43	29	44	17	18	17	172	42	126
SC_RS27705	NC_003888.3	5551480	5551770	-	291	12	7	12	14	17	14	100	63	98
SC_RS27710	NC_003888.3	5552093	5554408	+	2316	23	38	38	113	114	118	399	132	272
SC_RS27715	NC_003888.3	5554541	5556448	+	1908	7539	7303	9374	1720	1702	1974	1778	1284	1284
SC_RS27720	NC_003888.3	5557355	5558386	+	1032	4603	4595	5539	821	768	915	878	791	656
SC_RS27725	NC_003888.3	5558498	5560300	+	1803	21058	20653	24791	4850	4241	5418	5245	5626	4386
SC_RS27730	NC_003888.3	5560414	5561391	+	978	3339	3475	4087	535	505	630	790	627	559
SC_RS27735	NC_003888.3	5561402	5562463	+	1062	5280	5108	6051	630	546	687	790	776	670
SC_RS27740	NC_003888.3	5562491	5563636	+	1146	5444	5371	6588	741	704	763	966	837	763
SC_RS27745	NC_003888.3	5563836	5565470	+	1635	55	59	64	11	14	17	230	57	211
SC_RS27750	NC_003888.3	5565480	5566403	+	924	3	13	15	6	2	7	115	35	117
SC_RS27755	NC_003888.3	5566396	5567376	+	981	12	10	9	5	7	17	118	22	112
SC_RS27760	NC_003888.3	5567385	5568368	+	984	22	21	23	4	6	5	115	28	126
SC_RS27765	NC_003888.3	5568361	5569431	+	1071	181	158	205	75	69	60	203	66	179
SC_RS27770	NC_003888.3	5569564	5571687	-	2124	787	761	954	1199	1228	1157	1032	737	828
SC_RS27775	NC_003888.3	5571874	5572068	+	195	190	136	198	1752	1500	1359	1768	1339	1179
SC_RS27780	NC_003888.3	5572058	5572264	-	207	121	79	135	668	524	531	519	453	343
SC_RS27785	NC_003888.3	5572261	5573124	-	864	85	89	108	570	465	467	758	723	732
SC_RS27790	NC_003888.3	5573276	5574163	+	888	644	618	801	406	374	468	313	235	274
SC_RS27795	NC_003888.3	5574160	5574582	+	423	208	213	264	153	130	152	115	80	90
SC_RS27800	NC_003888.3	5574738	5577065	+	2328	3541	3308	4194	2220	2210	2373	2079	1930	1624
SC_RS27805	NC_003888.3	5577212	5578168	+	957	160	121	191	59	50	56	176	85	148
SC_RS27810	NC_003888.3	5578165	5578905	+	741	21	21	27	13	24	21	95	34	113
SC_RS27815	NC_003888.3	5578902	5580068	+	1167	89	73	106	42	37	51	185	64	127
SC_RS27820	NC_003888.3	5580065	5580679	+	615	232	191	311	87	89	105	125	74	107
SC_RS27825	NC_003888.3	5580789	5581685	-	897	50	40	50	10	16	12	123	31	96
SC_RS27830	NC_003888.3	5581727	5582761	-	1035	293	244	346	160	128	128	224	114	171
SC_RS27835	NC_003888.3	5582902	5583222	+	321	2253	2102	2987	1943	2117	2349	1321	1315	965
SC_RS27840	NC_003888.3	5583339	5584436	+	1098	690	712	847	191	171	218	321	151	252
SC_RS27845	NC_003888.3	5584655	5585086	-	432	143	107	114	838	887	724	477	400	392
SC_RS27850	NC_003888.3	5585424	5586392	-	969	210	215	265	80	78	119	328	205	284
SC_RS27855	NC_003888.3	5586476	5587555	+	1080	607	599	732	178	127	172	266	177	214
SC_RS27860	NC_003888.3	5587673	5588431	+	759	657	658	751	5818	4156	4019	839	711	645
SC_RS27865	NC_003888.3	5588682	5589542	-	861	169	158	169	140	117	173	226	94	166
SC_RS27870	NC_003888.3	5589711	5590070	+	360	302	340	401	168	121	144	181	126	146
SC_RS27875	NC_003888.3	5590067	5590651	+	585	161	166	205	108	97	121	129	71	101
SC_RS27880	NC_003888.3	5590759	5590899	-	141	91	80	115	101	100	108	62	39	60
SC_RS27885	NC_003888.3	5591303	5592112	-	810	552	507	663	1472	1399	1450	590	491	468
SC_RS27890	NC_003888.3	5592467	5592634	+	168	5436	5469	7133	2896	3371	4559	2445	3130	2368
SC_RS27895	NC_003888.3	5592745	5593443	-	699	787	735	1088	281	211	256	348	229	292
SC_RS27900	NC_003888.3	5593690	5594361	+	672	3484	3485	4128	1680	1402	2090	8990	8443	7927
SC_RS27905	NC_003888.3	5594358	5595347	+	990	1465	1494	1774	790	703	1069	3424	3229	3033
SC_RS27910	NC_003888.3	5595442	5597466	+	2025	1918	1826	2385	960	791	1001	1511	1321	1338
SC_RS27915	NC_003888.3	5597613	5598098	+	486	555	538	675	1177	1016	1131	513	436	387
SC_RS27920	NC_003888.3	5598330	5599001	+	672	785	729	951	937	813	882	503	504	462
SC_RS27925	NC_003888.3	5599076	5600209	-	1134	2072	1958	2682	2446	2277	2609	1318	1232	1114
SC_RS27930	NC_003888.3	5600254	5600853	-	600	118	130	191	88	80	90	109	59	91
SC_RS27935	NC_003888.3	5600843	5602144	-	1302	403	435	571	208	138	250	312	195	267
SC_RS27940	NC_003888.3	5602433	5603170	+	738	183	173	215	63	48	44	118	43	89
SC_RS27945	NC_003888.3	5603185	5603697	-	513	348	333	441	211	155	183	247	177	214
SC_RS27950	NC_003888.3	5603731	5604846	-	1116	122	126	158	73	43	50	241	93	200
SC_RS27955	NC_003888.3	5605370	5605966	+	597	189	190	255	24	26	37	142	60	137
SC_RS27960	NC_003888.3	5606015	5607238	-	1224	56	75	78	33	34	35	133	54	126
SC_RS27965	NC_003888.3	5607430	5608080	+	651	69	74	107	121	111	112	255	145	219
SC_RS27970	NC_003888.3	5608309	5609166	+	858	962	809	1222	234	210	314	314	220	270
SC_RS27975	NC_003888.3	5609220	5609825	+	606	181	160	206	18	25	37	147	67	125
SC_RS27980	NC_003888.3	5609892	5610044	-	153	283	321	436	299	269	516	2665	3854	2002
SC_RS27985	NC_003888.3	5610289	5611185	+	897	306	278	382	329	286	339	434	293	354
SC_RS27990	NC_003888.3	5611293	5612189	-	897	333	281	432	203	177	228	306	187	258
SC_RS27995	NC_003888.3	5612300	5614939	-	2640	6881	6148	7940	705	770	1042	1975	1643	1769
SC_RS28000	NC_003888.3	5615432	5616214	+	783	617	589	735	537	611	691	313	266	333
SC_RS28005	NC_003888.3	5616330	5616599	-	270	425	401	521	487	363	367	561	597	503
SC_RS28010	NC_003888.3	5616843	5617070	-	228	2551	2486	3218	2659	2810	3930	2906	3587	3008
SC_RS28015	NC_003888.3	5617213	5617854	-	642	990	954	1275	1043	891	1134	794	812	704
SC_RS28020	NC_003888.3	5618029	5618256	-	228	235	208	266	199	168	194	188	175	169
SC_RS28025	NC_003888.3	5618484	5619560	+	1077	1156	963	1279	798	640	912	910	852	871
SC_RS28030	NC_003888.3	5619569	5621248	+	1680	1141	1060	1376	991	850	1004	1023	905	878
SC_RS28035	NC_003888.3	5621463	5623244	+	1782	25	33	55	4554	3604	4601	1519	1446	1421
SC_RS28040	NC_003888.3	5623241	5624458	+	1218	49	54	37	1048	1006	1338	429	299	330
SC_RS28045	NC_003888.3	5624570	5625622	+	1053	24	8	32	1471	1570	2103	655	553	486
SC_RS28050	NC_003888.3	5625610	5626359	+	750	60	49	75	1429	1383	1907	604	519	496
SC_RS28055	NC_003888.3	5626423	5627601	+	1179	2958	3009	4178	16702	16006	19612	4985	5047	3584
SC_RS28060	NC_003888.3	5627673	5629214	-	1542	801	813	1097	874	797	775	881	717	748
SC_RS28065	NC_003888.3	5629373	5630923	-	1551	35	27	49	11	9	11	200	60	181
SC_RS28070	NC_003888.3	5631004	5633781	-	2778	1074	966	1214	318	298	405	746	551	623
SC_RS28075	NC_003888.3	5633967	5634374	+	408	165	154	217	88	74	97	213	127	134
SC_RS28080	NC_003888.3	5634641	5638120	+	3480	326	313	429	103	80	103	591	224	534
SC_RS28085	NC_003888.3	5638298	5641813	+	3516	451	459	587	221	182	272	579	222	492
SC_RS28090	NC_003888.3	5641824	5643236	+	1413	1289	1342	1541	877	873	1081	775	631	642
SC_RS28095	NC_003888.3	5643398	5644342	+	945	815	849	974	533	437	512	372	315	285
SC_RS28100	NC_003888.3	5644429	5644671	-	243	153	123	230	692	673	1057	449	566	356
SC_RS28105	NC_003888.3	5644782	5647073	+	2292	343	282	445	502	382	566	610	425	507
SC_RS28110	NC_003888.3	5647238	5647570	+	333	1459	1260	1575	737	755	886	992	1044	916
SC_RS28115	NC_003888.3	5647747	5648115	+	369	436	372	537	51	59	62	187	134	129
SC_RS28120	NC_003888.3	5648112	5648435	+	324	394	331	478	61	56	56	102	90	96
SC_RS28125	NC_003888.3	5648569	5649978	-	1410	307	319	423	468	355	395	606	426	488
SC_RS28130	NC_003888.3	5649971	5651185	-	1215	46	54	64	76	31	49	202	107	194
SC_RS28135	NC_003888.3	5651416	5652012	+	597	63	80	92	210	186	236	178	131	173
SC_RS28140	NC_003888.3	5652152	5653906	+	1755	2379	2223	2631	1191	981	1084	2261	2065	1887
SC_RS28145	NC_003888.3	5653920	5654600	+	681	446	434	528	268	221	235	535	465	423
SC_RS28150	NC_003888.3	5654618	5655373	+	756	805	698	932	622	491	440	864	895	749
SC_RS28155	NC_003888.3	5655433	5655948	-	516	1020	917	1184	867	653	718	823	799	745
SC_RS28160	NC_003888.3	5655945	5657408	-	1464	4600	4542	5626	3987	3120	4416	3933	4034	3811
SC_RS28165	NC_003888.3	5657601	5658722	+	1122	550	600	760	459	393	524	574	457	495
SC_RS28170	NC_003888.3	5658833	5659291	+	459	277	239	310	319	273	288	282	274	265
SC_RS28175	NC_003888.3	5659412	5659576	+	165	385	398	511	176	160	148	245	187	220
SC_RS28180	NC_003888.3	5659650	5660744	+	1095	1012	951	1220	344	314	381	977	867	1028
SC_RS28185	NC_003888.3	5660775	5661317	-	543	755	771	923	671	645	709	397	342	312
SC_RS28190	NC_003888.3	5661482	5664484	+	3003	11154	10839	12815	8464	6693	9709	4620	4331	3685
SC_RS28195	NC_003888.3	5664562	5664635	+	74	9	5	10	10	6	2	15	4	21
SC_RS28200	NC_003888.3	5664867	5666699	+	1833	824	771	976	479	380	480	1036	946	1015
SC_RS28205	NC_003888.3	5666820	5666893	-	74	0	0	0	0	0	0	0	0	1
SC_RS28210	NC_003888.3	5666944	5667360	-	417	423	431	572	396	292	495	434	559	461
SC_RS28215	NC_003888.3	5667547	5667954	-	408	7	8	24	21	19	12	115	52	83
SC_RS28220	NC_003888.3	5668087	5668887	-	801	209	212	288	98	98	102	170	77	174
SC_RS28225	NC_003888.3	5669080	5669691	+	612	172	141	207	81	81	100	187	107	162
SC_RS28230	NC_003888.3	5669723	5670046	-	324	144	121	160	130	104	113	148	105	128
SC_RS28235	NC_003888.3	5670249	5671262	-	1014	681	631	838	144	114	143	211	95	175
SC_RS28240	NC_003888.3	5671275	5672591	-	1317	1306	1246	1661	392	325	425	373	243	316
SC_RS28245	NC_003888.3	5672715	5673437	-	723	201	167	213	55	65	43	130	58	110
SC_RS28250	NC_003888.3	5673488	5674303	+	816	207	203	234	416	323	432	428	300	348
SC_RS28255	NC_003888.3	5674326	5674961	+	636	115	122	156	106	99	92	149	85	122
SC_RS28260	NC_003888.3	5675219	5675902	+	684	1979	1815	2465	5631	4690	6387	3037	3116	2533
SC_RS28265	NC_003888.3	5675899	5676216	+	318	463	406	537	1292	1052	1274	721	674	625
SC_RS28270	NC_003888.3	5676345	5677670	+	1326	294	241	318	2455	1887	2036	1515	1379	1371
SC_RS28275	NC_003888.3	5677667	5678932	+	1266	18	23	21	885	660	840	519	438	485
SC_RS28280	NC_003888.3	5679047	5680027	+	981	1309	1180	1617	1500	1224	1434	1267	1145	1153
SC_RS28285	NC_003888.3	5680107	5680757	+	651	1316	1185	1544	541	514	645	337	307	302
SC_RS28290	NC_003888.3	5681016	5682101	+	1086	51	44	49	245	218	281	215	104	177
SC_RS28295	NC_003888.3	5682098	5683483	+	1386	135	115	161	433	449	490	316	195	268
SC_RS28300	NC_003888.3	5683497	5684465	-	969	1320	1008	1555	1115	1081	1317	392	364	347
SC_RS28305	NC_003888.3	5684558	5684824	+	267	486	373	586	561	625	470	78	93	87
SC_RS28310	NC_003888.3	5684737	5685768	-	1032	1388	1044	1784	1778	2032	2302	400	306	314
SC_RS28315	NC_003888.3	5685768	5688143	-	2376	3835	2975	4555	5384	5623	7014	912	634	694
SC_RS28320	NC_003888.3	5688494	5689000	-	507	157	143	192	164	143	181	126	101	146
SC_RS28325	NC_003888.3	5689073	5690683	-	1611	368	333	480	614	543	509	715	524	568
SC_RS28330	NC_003888.3	5690680	5690937	-	258	90	86	102	140	107	87	146	111	117
SC_RS28335	NC_003888.3	5691072	5691836	-	765	244	205	250	103	80	120	200	86	148
SC_RS28340	NC_003888.3	5692292	5693569	+	1278	267	281	339	67	77	51	263	106	196
SC_RS28345	NC_003888.3	5693658	5694644	+	987	88	114	129	19	19	22	114	48	107
SC_RS28350	NC_003888.3	5694641	5695471	+	831	22	43	32	10	14	10	125	22	91
SC_RS28355	NC_003888.3	5695480	5696970	+	1491	91	115	110	13	13	13	205	52	176
SC_RS28360	NC_003888.3	5697291	5698076	-	786	301	307	385	274	237	252	322	210	240
SC_RS28365	NC_003888.3	5698211	5698963	-	753	19	23	38	102	68	69	154	99	170
SC_RS28370	NC_003888.3	5699058	5699702	+	645	159	177	209	292	261	279	335	218	253
SC_RS28375	NC_003888.3	5700131	5701606	+	1476	645	569	849	177	123	166	369	180	294
SC_RS28380	NC_003888.3	5701855	5702112	-	258	2682	2494	3239	980	1173	1523	1454	1499	1243
SC_RS28385	NC_003888.3	5702433	5703401	-	969	573	466	684	192	248	311	290	192	257
SC_RS28390	NC_003888.3	5703529	5703987	+	459	398	350	462	302	288	329	282	219	236
SC_RS28395	NC_003888.3	5704007	5705071	-	1065	1039	1015	1279	2061	1697	1828	1932	1617	1422
SC_RS28400	NC_003888.3	5705089	5705502	-	414	463	442	561	1158	988	953	1442	1076	1041
SC_RS28405	NC_003888.3	5705753	5706013	-	261	123	75	108	288	237	240	196	168	201
SC_RS28410	NC_003888.3	5706075	5707667	+	1593	105	104	110	121	82	114	299	105	238
SC_RS28415	NC_003888.3	5707716	5708624	-	909	58	31	63	64	97	67	242	128	161
SC_RS28420	NC_003888.3	5708738	5709316	-	579	29	18	25	267	267	244	441	422	437
SC_RS28425	NC_003888.3	5709624	5711030	+	1407	10	15	26	3314	2631	3043	1645	1445	1264
SC_RS28430	NC_003888.3	5711116	5712276	+	1161	56	50	69	2092	1610	1857	1701	1496	1390
SC_RS28435	NC_003888.3	5712608	5713246	+	639	35	26	43	150	140	118	209	125	177
SC_RS28440	NC_003888.3	5713322	5713906	+	585	44	42	50	136	121	120	134	90	114
SC_RS28445	NC_003888.3	5713933	5714154	+	222	37	36	38	54	55	69	69	86	58
SC_RS28450	NC_003888.3	5714262	5714657	-	396	705	717	946	407	397	574	1446	1476	911
SC_RS28455	NC_003888.3	5714803	5715240	+	438	204	225	338	216	168	161	212	189	179
SC_RS28460	NC_003888.3	5715144	5715773	-	630	287	260	289	357	270	341	432	391	436
SC_RS28465	NC_003888.3	5715872	5716681	+	810	309	264	397	1176	1160	1204	1096	1127	950
SC_RS28470	NC_003888.3	5716760	5717521	-	762	610	552	688	55	50	53	185	118	165
SC_RS28475	NC_003888.3	5717518	5718468	-	951	583	557	735	334	335	396	210	125	186
SC_RS28480	NC_003888.3	5718499	5719461	-	963	489	507	619	81	84	100	212	131	187
SC_RS28485	NC_003888.3	5720101	5721330	+	1230	1143	1024	1235	2753	2779	2511	1447	1189	1087
SC_RS28490	NC_003888.3	5721695	5722660	+	966	428	414	563	1720	1630	1794	759	592	514
SC_RS28495	NC_003888.3	5722789	5722998	+	210	57	52	75	34	37	25	78	43	58
SC_RS28500	NC_003888.3	5722998	5723564	+	567	320	296	348	236	137	167	294	213	228
SC_RS28505	NC_003888.3	5723633	5724715	-	1083	635	606	675	186	113	116	271	176	229
SC_RS28510	NC_003888.3	5724717	5725667	-	951	717	644	728	204	114	123	253	159	204
SC_RS28515	NC_003888.3	5725804	5726637	+	834	513	438	619	182	158	186	258	180	242
SC_RS28520	NC_003888.3	5726890	5727075	-	186	108	87	98	60	38	41	87	55	68
SC_RS28525	NC_003888.3	5727255	5727725	+	471	66	65	62	82	49	57	342	228	248
SC_RS28530	NC_003888.3	5727722	5729959	+	2238	62	78	76	135	104	164	1049	739	890
SC_RS28535	NC_003888.3	5730129	5731151	+	1023	20	27	34	93	70	129	439	283	305
SC_RS28540	NC_003888.3	5731309	5734599	+	3291	47	49	48	202	147	200	878	618	775
SC_RS28545	NC_003888.3	5734620	5734814	+	195	1	4	2	9	17	13	78	36	53
SC_RS28550	NC_003888.3	5734999	5736174	+	1176	22	17	31	93	70	96	431	298	377
SC_RS28555	NC_003888.3	5736744	5738369	+	1626	34	23	17	60	75	96	439	284	367
SC_RS28560	NC_003888.3	5738498	5741521	+	3024	222	229	285	2086	1777	1907	1216	913	1001
SC_RS28565	NC_003888.3	5741650	5742078	+	429	10	5	21	90	55	59	195	136	194
SC_RS28570	NC_003888.3	5742075	5743016	+	942	11	15	23	33	30	34	214	89	159
SC_RS28575	NC_003888.3	5743022	5744989	+	1968	7	7	17	54	39	38	328	138	292
SC_RS28580	NC_003888.3	5744982	5746304	+	1323	3	7	2	19	19	16	204	73	178
SC_RS28585	NC_003888.3	5746301	5749747	+	3447	336	313	383	138	98	112	487	225	448
SC_RS28590	NC_003888.3	5749846	5753664	-	3819	22097	20870	27862	17755	18308	22320	9522	9123	6681
SC_RS28595	NC_003888.3	5753949	5755076	-	1128	475	436	625	213	127	217	278	181	218
SC_RS28600	NC_003888.3	5755073	5755807	-	735	934	809	1093	359	331	401	337	238	304
SC_RS28605	NC_003888.3	5755921	5756628	-	708	88	71	129	37	41	55	108	64	105
SC_RS28610	NC_003888.3	5756807	5759230	+	2424	323	238	380	5935	4077	5291	1349	1356	1282
SC_RS28615	NC_003888.3	5759307	5760134	-	828	42	27	31	129	89	91	315	279	321
SC_RS28620	NC_003888.3	5760383	5760877	+	495	170	155	221	36	31	38	87	36	96
SC_RS28625	NC_003888.3	5760899	5761690	-	792	165	145	224	53	50	54	162	60	108
SC_RS28630	NC_003888.3	5762143	5765139	+	2997	3260	2835	3948	2537	2333	3112	1079	649	857
SC_RS28635	NC_003888.3	5765136	5765666	+	531	434	384	605	550	481	704	202	148	155
SC_RS28640	NC_003888.3	5765663	5766115	+	453	360	308	455	467	504	589	170	162	122
SC_RS28645	NC_003888.3	5766096	5766737	+	642	487	465	674	853	726	953	333	219	211
SC_RS28650	NC_003888.3	5766796	5768058	+	1263	1005	967	1327	1400	1511	1911	462	296	351
SC_RS28655	NC_003888.3	5768022	5769197	-	1176	464	371	553	362	345	346	190	101	156
SC_RS28660	NC_003888.3	5769301	5769624	-	324	52	79	104	40	43	38	73	31	73
SC_RS28665	NC_003888.3	5769695	5770348	-	654	74	61	109	41	35	43	99	41	98
SC_RS28670	NC_003888.3	5770678	5771510	+	833	3	4	8	8	13	10	33	6	36
SC_RS28675	NC_003888.3	5771526	5772464	-	939	13	10	10	398	418	335	233	148	207
SC_RS28680	NC_003888.3	5772612	5773118	-	507	1	5	4	400	492	343	231	155	191
SC_RS28685	NC_003888.3	5773164	5774621	-	1458	15	12	10	5	4	13	190	53	176
SC_RS28690	NC_003888.3	5774638	5776011	-	1374	10	9	10	10	12	7	189	55	149
SC_RS28695	NC_003888.3	5776055	5776522	-	468	13	6	12	12	13	17	90	23	57
SC_RS28700	NC_003888.3	5776630	5777874	-	1245	67	39	70	27	39	19	151	43	147
SC_RS28705	NC_003888.3	5777871	5778689	-	819	95	93	95	21	16	26	119	38	87
SC_RS28710	NC_003888.3	5778817	5779323	-	507	69	62	71	99	74	62	261	218	235
SC_RS28715	NC_003888.3	5779431	5780234	+	804	47	46	49	138	123	97	235	142	207
SC_RS28720	NC_003888.3	5780326	5781207	-	882	20	21	15	11	11	13	126	50	120
SC_RS28725	NC_003888.3	5781263	5782351	+	1089	34	33	41	13	19	24	138	31	121
SC_RS28730	NC_003888.3	5782374	5782937	-	564	413	411	478	121	100	128	202	142	167
SC_RS28735	NC_003888.3	5783226	5783972	-	747	134	106	159	45	45	62	177	99	133
SC_RS28740	NC_003888.3	5784136	5784570	-	435	194	160	210	209	159	148	102	76	85
SC_RS28745	NC_003888.3	5784597	5785508	-	912	233	245	320	323	255	296	200	96	134
SC_RS28750	NC_003888.3	5785753	5786088	-	336	92	64	83	40	32	30	66	47	50
SC_RS28755	NC_003888.3	5786122	5786601	-	480	7	8	20	26	31	30	88	26	57
SC_RS28760	NC_003888.3	5786603	5786875	-	273	6	6	16	16	12	15	31	12	32
SC_RS28765	NC_003888.3	5786945	5788219	-	1275	14	10	11	23	32	22	155	45	131
SC_RS28770	NC_003888.3	5788216	5789487	-	1272	15	8	11	31	24	25	124	41	116
SC_RS28775	NC_003888.3	5789484	5789957	-	474	2	2	2	6	13	9	39	10	31
SC_RS28780	NC_003888.3	5790104	5791297	-	1194	18	27	26	27	32	37	192	48	128
SC_RS28785	NC_003888.3	5791641	5793524	+	1884	21	5	13	28	22	26	278	64	254
SC_RS28790	NC_003888.3	5793622	5794470	+	849	31	20	67	8	10	10	124	25	77
SC_RS28795	NC_003888.3	5794528	5795022	-	495	153	140	171	30	28	22	90	59	77
SC_RS28800	NC_003888.3	5795157	5795837	+	681	14	9	16	9	9	14	115	25	97
SC_RS28805	NC_003888.3	5796130	5796327	-	198	1	0	4	1	0	0	18	2	28
SC_RS28810	NC_003888.3	5796330	5796530	-	201	43	39	48	7	10	12	35	28	39
SC_RS28815	NC_003888.3	5796730	5797479	+	750	4	10	9	2	6	7	114	20	103
SC_RS28820	NC_003888.3	5797829	5798573	-	745	8	3	6	16	9	12	46	16	44
SC_RS28825	NC_003888.3	5798773	5800470	+	1698	487	408	585	1220	1126	1239	695	540	563
SC_RS28830	NC_003888.3	5800933	5801835	+	903	203	148	186	130	140	135	233	116	165
SC_RS28835	NC_003888.3	5801998	5805600	-	3603	573	504	674	333	289	297	714	302	577
SC_RS28840	NC_003888.3	5805994	5807334	+	1341	404	367	499	362	314	378	571	431	490
SC_RS28845	NC_003888.3	5807420	5808325	-	906	287	270	374	127	139	189	198	92	184
SC_RS28850	NC_003888.3	5808874	5809434	+	561	125	87	135	53	51	65	109	40	104
SC_RS28855	NC_003888.3	5809422	5809892	-	471	199	178	224	132	144	149	158	108	127
SC_RS28860	NC_003888.3	5809921	5810652	-	732	127	119	159	54	48	55	163	41	125
SC_RS28865	NC_003888.3	5810810	5811163	+	354	0	1	4	7	7	4	44	4	35
SC_RS28870	NC_003888.3	5811167	5812522	+	1356	3	6	7	32	22	18	152	35	134
SC_RS28875	NC_003888.3	5812543	5812740	+	198	0	0	0	0	0	0	35	3	23
SC_RS28880	NC_003888.3	5812762	5813430	+	669	3	7	5	4	3	5	99	19	67
SC_RS28885	NC_003888.3	5813452	5813643	+	192	0	0	0	0	0	1	18	3	20
SC_RS28890	NC_003888.3	5813654	5813809	+	156	2	0	1	1	0	2	15	1	14
SC_RS28895	NC_003888.3	5813822	5814145	+	324	1	0	3	3	5	3	50	9	49
SC_RS28900	NC_003888.3	5814235	5814786	+	552	31	15	29	37	29	31	84	57	104
SC_RS28905	NC_003888.3	5814872	5815057	+	186	1	2	3	1	1	2	27	8	9
SC_RS28910	NC_003888.3	5815050	5816414	+	1365	3	4	3	1	4	6	198	36	167
SC_RS28915	NC_003888.3	5816431	5816601	+	171	0	0	0	0	0	0	12	0	16
SC_RS28920	NC_003888.3	5816598	5817971	+	1374	15	24	22	23	18	14	169	36	159
SC_RS28925	NC_003888.3	5818165	5818548	+	384	16	13	28	5	11	7	174	81	137
SC_RS28930	NC_003888.3	5818724	5818795	-	72	12	12	11	7	2	7	16	3	19
SC_RS28935	NC_003888.3	5818975	5819478	+	504	150	105	177	2114	1790	2260	2951	3246	3147
SC_RS28940	NC_003888.3	5819600	5820643	+	1044	378	340	473	218	167	273	392	247	280
SC_RS28945	NC_003888.3	5820662	5822053	+	1392	754	733	908	476	428	482	870	682	616
SC_RS28950	NC_003888.3	5822212	5823504	+	1293	1953	1821	2509	1642	1062	2051	1100	808	785
SC_RS28955	NC_003888.3	5823511	5824569	+	1059	2461	2435	3311	2611	2056	2864	1557	1230	1058
SC_RS28960	NC_003888.3	5824855	5825784	+	930	1107	962	1330	677	553	877	793	577	557
SC_RS28965	NC_003888.3	5826214	5828298	+	2085	8560	7946	10691	4529	4715	5100	3710	3604	2934
SC_RS28970	NC_003888.3	5828747	5829895	+	1149	699	586	787	287	239	336	397	279	369
SC_RS28975	NC_003888.3	5830020	5830244	+	225	3356	3391	4376	901	890	1209	1454	1310	1016
SC_RS28980	NC_003888.3	5830353	5831429	+	1077	2342	2151	2694	310	329	391	499	367	364
SC_RS28985	NC_003888.3	5831498	5832343	+	846	869	761	959	149	112	169	216	134	210
SC_RS28990	NC_003888.3	5832394	5833041	+	648	422	471	571	103	104	122	183	120	148
SC_RS28995	NC_003888.3	5833038	5833718	+	681	307	280	375	43	64	72	140	74	103
SC_RS29000	NC_003888.3	5833806	5835062	+	1257	95	71	95	67	51	75	237	98	174
SC_RS29005	NC_003888.3	5835206	5836510	+	1305	1539	1315	1884	974	854	872	779	519	556
SC_RS29010	NC_003888.3	5836773	5837207	+	435	5035	4430	6061	467	413	615	347	272	280
SC_RS29015	NC_003888.3	5837433	5838254	+	822	7591	7054	9692	1258	1141	1498	835	678	628
SC_RS29020	NC_003888.3	5838330	5838560	+	231	5308	5126	7485	1089	1169	1369	981	957	696
SC_RS29025	NC_003888.3	5838602	5839156	+	555	22654	20913	28560	4706	4708	5519	3374	3421	2701
SC_RS29030	NC_003888.3	5839162	5839977	+	816	25347	23333	30856	4868	4638	5599	3152	3059	2302
SC_RS29035	NC_003888.3	5840171	5841760	+	1590	28946	26629	36132	6514	6627	8321	4405	4361	3305
SC_RS29040	NC_003888.3	5841782	5842699	+	918	17860	16177	21963	4222	4156	5448	2967	2991	2141
SC_RS29045	NC_003888.3	5842699	5844135	+	1437	20911	19426	26754	5938	5548	7161	4576	4402	3255
SC_RS29050	NC_003888.3	5844267	5844641	+	375	4630	4147	5727	1859	1710	1913	1525	1693	1500
SC_RS29055	NC_003888.3	5844784	5845233	+	450	721	583	813	243	220	193	232	201	176
SC_RS29060	NC_003888.3	5845252	5847081	-	1830	318	228	340	86	71	94	291	91	244
SC_RS29065	NC_003888.3	5847229	5847870	-	642	60	50	64	51	50	35	123	66	88
SC_RS29070	NC_003888.3	5847867	5849063	-	1197	38	56	60	87	53	87	211	74	209
SC_RS29075	NC_003888.3	5849216	5849800	+	585	47	54	60	43	55	72	132	70	92
SC_RS29080	NC_003888.3	5849797	5849985	+	189	43	40	52	43	61	44	48	28	29
SC_RS29085	NC_003888.3	5850114	5850686	-	573	358	302	411	729	705	687	271	270	258
SC_RS29090	NC_003888.3	5850700	5851449	-	750	16	13	21	9	6	5	100	30	66
SC_RS29095	NC_003888.3	5851470	5852252	-	783	41	25	44	11	13	9	100	21	98
SC_RS29100	NC_003888.3	5852346	5852987	+	642	134	136	212	82	61	64	134	75	137
SC_RS29105	NC_003888.3	5853124	5853972	+	849	451	432	558	775	747	958	494	385	398
SC_RS29110	NC_003888.3	5854163	5854486	+	324	154	115	172	172	147	179	112	74	113
SC_RS29115	NC_003888.3	5854720	5857344	+	2625	1023	993	1192	660	535	708	876	600	694
SC_RS29120	NC_003888.3	5857445	5858116	-	672	540	428	629	498	487	531	343	236	234
SC_RS29125	NC_003888.3	5858397	5858789	+	393	91	115	155	4896	3810	4348	2004	1997	1896
SC_RS29130	NC_003888.3	5858868	5859896	-	1029	60	57	78	4763	4672	4688	4740	4389	3929
SC_RS29135	NC_003888.3	5860153	5860485	+	333	83	63	87	192	190	192	187	153	178
SC_RS29140	NC_003888.3	5860494	5861363	-	870	732	679	892	484	440	463	540	384	415
SC_RS29145	NC_003888.3	5861360	5862631	-	1272	2257	2136	2733	1030	890	839	935	843	844
SC_RS29150	NC_003888.3	5862780	5863556	-	777	104	122	160	304	218	273	262	179	202
SC_RS29155	NC_003888.3	5863553	5864545	-	993	472	492	580	793	703	662	584	499	511
SC_RS29160	NC_003888.3	5864669	5865601	-	933	3780	3669	4860	16529	15996	15937	6932	7160	5535
SC_RS29165	NC_003888.3	5865809	5869789	-	3981	7148	6725	9076	4407	3625	5085	3135	3080	3179
SC_RS29170	NC_003888.3	5870023	5870463	-	441	98	116	109	626	619	641	308	260	273
SC_RS29175	NC_003888.3	5870613	5871818	+	1206	761	775	903	755	638	970	958	699	775
SC_RS29180	NC_003888.3	5871855	5872811	+	957	365	314	459	232	200	242	312	249	283
SC_RS29185	NC_003888.3	5873153	5874457	+	1305	80	67	96	13	16	29	166	41	137
SC_RS29190	NC_003888.3	5874400	5875173	-	774	112	134	162	17	22	34	129	38	101
SC_RS29195	NC_003888.3	5875298	5875966	+	669	114	77	110	46	24	36	96	35	80
SC_RS29200	NC_003888.3	5875963	5877399	+	1437	121	113	208	83	58	50	205	98	156
SC_RS29205	NC_003888.3	5877408	5877884	-	477	312	257	392	1940	1812	2064	1131	1064	840
SC_RS29210	NC_003888.3	5877986	5878762	-	777	118	87	156	299	207	253	285	203	234
SC_RS29215	NC_003888.3	5878759	5879409	-	651	58	42	43	124	127	98	179	113	144
SC_RS29220	NC_003888.3	5879411	5880043	-	633	12	2	16	25	21	16	107	45	95
SC_RS29225	NC_003888.3	5880228	5880572	+	345	1058	1088	1435	278	330	458	516	502	399
SC_RS29230	NC_003888.3	5880569	5880652	+	84	366	398	487	87	74	70	135	115	116
SC_RS41375	NC_003888.3	5880767	5880874	-	108	447	424	502	119	96	115	158	127	123
SC_RS29235	NC_003888.3	5881074	5882489	-	1416	830	804	1069	306	278	308	353	227	301
SC_RS29240	NC_003888.3	5882498	5882656	+	159	2	5	7	3	2	0	29	7	27
SC_RS29245	NC_003888.3	5882733	5883242	+	510	32	36	34	73	59	53	139	69	98
SC_RS29250	NC_003888.3	5883321	5883662	+	342	713	694	884	545	505	586	733	689	606
SC_RS29255	NC_003888.3	5883756	5885456	+	1701	958	941	1079	2953	1976	5212	2278	1886	2077
SC_RS29260	NC_003888.3	5885486	5886499	-	1014	518	446	623	1029	651	1247	791	752	831
SC_RS29265	NC_003888.3	5886569	5887552	+	984	45	44	70	34	40	58	156	73	138
SC_RS29270	NC_003888.3	5887579	5888283	-	705	92	75	107	13	8	29	108	34	91
SC_RS29275	NC_003888.3	5888566	5889543	+	978	3582	3113	4151	3602	3516	3779	1826	1927	1741
SC_RS29280	NC_003888.3	5890196	5890843	+	648	1726	1529	2161	2726	2082	2414	2118	2082	1943
SC_RS29285	NC_003888.3	5890960	5891517	+	558	127	104	153	59	55	50	107	64	109
SC_RS29290	NC_003888.3	5891507	5892892	+	1386	756	637	852	228	217	239	339	214	261
SC_RS29295	NC_003888.3	5892975	5894405	-	1431	10020	10121	13141	4509	4631	5568	1969	1799	1591
SC_RS29300	NC_003888.3	5894480	5895703	-	1224	579	575	772	1037	942	1111	641	454	521
SC_RS29305	NC_003888.3	5895700	5897793	-	2094	973	958	1295	528	479	610	534	374	462
SC_RS29310	NC_003888.3	5897944	5898969	+	1026	1427	1324	1859	1024	830	955	828	801	707
SC_RS29315	NC_003888.3	5898979	5899692	-	714	293	260	380	201	160	142	194	103	140
SC_RS29320	NC_003888.3	5899804	5900694	-	891	12	15	16	17	19	16	126	43	107
SC_RS29325	NC_003888.3	5900696	5901637	-	942	1	5	5	12	10	27	145	46	120
SC_RS29330	NC_003888.3	5901634	5903016	-	1383	20	20	12	101	69	69	253	119	256
SC_RS29335	NC_003888.3	5903109	5903358	-	250	16	16	13	16	8	12	58	30	42
SC_RS29340	NC_003888.3	5903536	5904399	-	864	41	36	56	396	286	301	418	348	329
SC_RS29345	NC_003888.3	5904427	5904966	+	540	39	43	37	90	80	60	147	74	109
SC_RS29350	NC_003888.3	5905174	5907459	+	2286	46	44	72	84	95	93	320	116	239
SC_RS29355	NC_003888.3	5907344	5908036	-	693	116	101	128	30	18	23	79	49	89
SC_RS29360	NC_003888.3	5908033	5909691	-	1659	261	262	330	31	30	26	249	104	198
SC_RS29365	NC_003888.3	5909846	5911246	+	1401	376	238	369	28	33	38	225	68	195
SC_RS29370	NC_003888.3	5911410	5911808	+	399	47	54	93	61	53	60	75	64	83
SC_RS29375	NC_003888.3	5911820	5912134	+	315	57	43	77	114	70	93	112	92	103
SC_RS29380	NC_003888.3	5912270	5914537	+	2268	415	422	512	444	412	519	504	264	347
SC_RS29385	NC_003888.3	5914554	5916919	-	2366	48	71	77	271	193	249	775	508	591
SC_RS29390	NC_003888.3	5916960	5918354	-	1395	16	8	10	123	109	150	447	306	368
SC_RS29395	NC_003888.3	5918375	5920075	-	1701	17	16	16	200	199	205	762	592	666
SC_RS29400	NC_003888.3	5920072	5922099	-	2028	47	36	66	199	185	175	773	573	619
SC_RS29405	NC_003888.3	5922470	5925088	+	2619	226	193	255	7119	6733	5966	9229	8495	7876
SC_RS29410	NC_003888.3	5925132	5925641	-	510	117	116	133	166	182	198	245	174	203
SC_RS29415	NC_003888.3	5925711	5927360	-	1650	7	5	5	25	30	28	196	43	173
SC_RS29420	NC_003888.3	5927688	5929739	-	2052	17	15	18	12	17	30	402	128	356
SC_RS29425	NC_003888.3	5930034	5931785	-	1752	378	310	432	251	173	174	339	137	271
SC_RS29430	NC_003888.3	5931782	5933599	-	1818	414	362	510	246	211	251	328	170	268
SC_RS29435	NC_003888.3	5933596	5935479	-	1884	706	613	804	532	384	501	397	242	310
SC_RS29440	NC_003888.3	5935476	5937458	-	1983	1416	1256	1749	598	464	522	507	285	398
SC_RS29445	NC_003888.3	5937630	5938532	+	903	9	3	5	3	1	9	104	27	87
SC_RS29450	NC_003888.3	5938529	5939278	+	750	13	2	10	9	0	3	88	13	73
SC_RS29455	NC_003888.3	5939350	5940603	+	1254	77	77	83	53	44	62	209	67	171
SC_RS29460	NC_003888.3	5940593	5941267	+	675	71	42	64	35	28	31	72	42	81
SC_RS29465	NC_003888.3	5941319	5943577	-	2259	37	20	29	35	22	30	479	256	402
SC_RS29470	NC_003888.3	5943733	5944983	+	1251	16	12	18	50	59	61	169	66	168
SC_RS29475	NC_003888.3	5945149	5946351	+	1203	899	783	1050	334	269	271	546	409	508
SC_RS29480	NC_003888.3	5946399	5947166	+	768	861	716	1075	256	201	286	491	387	478
SC_RS29485	NC_003888.3	5947471	5947974	+	504	292	235	333	719	651	713	955	951	967
SC_RS29490	NC_003888.3	5948080	5948694	+	615	23	13	20	18	22	26	85	17	72
SC_RS29495	NC_003888.3	5948711	5949349	-	639	17	23	27	27	26	35	117	35	106
SC_RS29500	NC_003888.3	5949398	5950312	+	915	6	2	11	16	9	11	132	24	98
SC_RS29505	NC_003888.3	5950361	5950573	+	213	1057	1044	1492	1162	1049	1442	771	856	615
SC_RS29510	NC_003888.3	5950727	5951407	+	681	369	392	421	1046	775	1034	523	455	459
SC_RS29515	NC_003888.3	5951416	5951973	-	558	95	71	112	717	594	601	747	687	648
SC_RS29520	NC_003888.3	5952154	5952888	+	735	97	101	92	467	305	293	136	57	98
SC_RS29525	NC_003888.3	5952943	5954361	-	1419	250	337	352	649	453	677	222	71	177
SC_RS29530	NC_003888.3	5954478	5955845	-	1368	861	861	928	202	166	310	224	136	192
SC_RS29535	NC_003888.3	5955947	5957209	-	1263	4943	5575	5713	2809	2461	3288	977	873	805
SC_RS29540	NC_003888.3	5957224	5957601	-	378	1277	1435	1435	604	574	838	245	209	199
SC_RS29545	NC_003888.3	5957728	5958846	-	1119	2510	2715	2598	990	649	1169	448	365	380
SC_RS29550	NC_003888.3	5959273	5959941	+	669	498	434	557	158	126	188	1456	1496	1524
SC_RS29555	NC_003888.3	5960021	5960788	+	768	866	806	995	141	128	165	481	431	537
SC_RS29560	NC_003888.3	5960983	5961780	+	798	610	519	689	262	230	279	323	194	246
SC_RS29565	NC_003888.3	5962095	5963102	+	1008	4134	3899	5109	2517	1953	2138	2082	1506	1315
SC_RS29570	NC_003888.3	5963174	5964976	+	1803	17140	16861	21430	13248	11073	13009	11431	11587	7831
SC_RS29575	NC_003888.3	5965085	5966083	+	999	4229	4085	5164	2329	1724	1937	1976	1756	1367
SC_RS29580	NC_003888.3	5966080	5967177	+	1098	4302	4171	5155	2365	1765	2082	1886	1682	1374
SC_RS29585	NC_003888.3	5967201	5968664	+	1464	5274	5135	6332	2632	2075	2386	1974	1834	1439
SC_RS29590	NC_003888.3	5968742	5969401	+	660	213	205	258	28	26	27	123	45	111
SC_RS29595	NC_003888.3	5969699	5970559	+	861	234	232	303	14	22	22	124	47	92
SC_RS29600	NC_003888.3	5970588	5971214	-	627	144	142	173	38	19	38	109	55	85
SC_RS29605	NC_003888.3	5971342	5971509	+	168	389	360	548	73	72	150	62	63	64
SC_RS29610	NC_003888.3	5971544	5971837	+	294	223	275	404	69	45	56	69	45	65
SC_RS29615	NC_003888.3	5971928	5973097	+	1170	731	678	887	226	172	252	254	167	221
SC_RS29620	NC_003888.3	5973134	5973862	-	729	269	248	319	245	172	316	329	230	321
SC_RS29625	NC_003888.3	5973924	5975054	+	1131	392	415	559	379	339	481	337	254	334
SC_RS29630	NC_003888.3	5974936	5975880	-	945	232	225	308	357	285	303	366	340	348
SC_RS29635	NC_003888.3	5975918	5976259	-	342	34	27	39	173	141	179	222	212	231
SC_RS29640	NC_003888.3	5976351	5976890	+	540	187	201	255	364	376	377	242	159	195
SC_RS29645	NC_003888.3	5976918	5977607	+	690	374	337	466	252	292	324	245	148	209
SC_RS29650	NC_003888.3	5977775	5978770	+	996	403	357	469	97	113	130	199	118	167
SC_RS29655	NC_003888.3	5978785	5980992	+	2208	2108	1949	2679	557	475	585	864	627	655
SC_RS29660	NC_003888.3	5981250	5983490	+	2241	984	959	1128	2263	2019	2441	1674	1346	1412
SC_RS29665	NC_003888.3	5983774	5984145	+	372	15	9	7	10	7	17	79	20	64
SC_RS29670	NC_003888.3	5984177	5984671	+	495	84	71	67	76	57	108	208	113	140
SC_RS29675	NC_003888.3	5984816	5985112	+	297	2160	2000	2745	510	564	530	395	377	280
SC_RS29680	NC_003888.3	5985116	5986609	+	1494	5507	5353	6860	1441	1535	1757	1284	942	886
SC_RS29685	NC_003888.3	5986606	5986845	+	240	1110	1032	1306	567	474	707	444	350	307
SC_RS29690	NC_003888.3	5986861	5988375	+	1515	6601	6139	8103	2984	3149	3839	2201	2132	1704
SC_RS29695	NC_003888.3	5988617	5990863	+	2247	108	88	107	72	76	110	670	360	564
SC_RS29700	NC_003888.3	5990841	5991425	+	585	258	202	293	109	141	175	185	120	145
SC_RS29705	NC_003888.3	5991461	5992087	+	627	549	502	756	358	368	351	398	272	340
SC_RS29710	NC_003888.3	5992283	5992468	+	186	29	27	34	5	13	11	43	11	43
SC_RS29715	NC_003888.3	5992585	5995740	+	3156	327	317	422	334	241	323	566	295	501
SC_RS29720	NC_003888.3	5995778	5995987	+	210	76	86	79	156	101	103	169	124	119
SC_RS29725	NC_003888.3	5995996	5997204	-	1209	229	175	246	240	184	223	351	280	308
SC_RS29730	NC_003888.3	5997336	5998334	-	999	445	360	505	140	98	138	276	157	240
SC_RS29735	NC_003888.3	5998409	5999350	+	942	181	141	162	242	205	239	255	118	204
SC_RS29740	NC_003888.3	5999765	6002875	+	3111	129	98	156	4738	3552	4127	7371	6465	6284
SC_RS29745	NC_003888.3	6003117	6004958	+	1842	627	583	830	4617	2663	4592	1295	1055	997
SC_RS29750	NC_003888.3	6004980	6005504	+	525	123	101	140	1202	690	1014	308	271	235
SC_RS29755	NC_003888.3	6005643	6006641	+	999	1812	1705	2285	6820	5935	4853	2477	2227	1961
SC_RS29760	NC_003888.3	6006860	6008449	+	1590	2443	2234	2996	3766	3601	3325	1920	1599	1433
SC_RS29765	NC_003888.3	6008515	6010062	-	1548	130	130	174	83	75	56	208	58	189
SC_RS29770	NC_003888.3	6010146	6010736	+	591	337	296	426	119	104	127	169	111	163
SC_RS29775	NC_003888.3	6010717	6011964	-	1248	261	209	342	106	90	108	252	96	191
SC_RS29780	NC_003888.3	6012130	6013056	+	927	7396	7161	8848	1522	1104	1212	2113	1886	1562
SC_RS29785	NC_003888.3	6013103	6014743	+	1641	10793	11430	12823	4423	3763	3842	7245	7143	5370
SC_RS29790	NC_003888.3	6015052	6015183	+	132	39	43	57	515	574	499	708	469	450
SC_RS29795	NC_003888.3	6015259	6016302	+	1044	264	216	338	3432	2688	4690	1890	1340	1357
SC_RS29800	NC_003888.3	6016567	6017655	+	1089	1406	1297	1701	826	778	823	670	570	577
SC_RS29805	NC_003888.3	6017729	6019159	-	1431	196	172	202	39	32	43	203	62	178
SC_RS29810	NC_003888.3	6019304	6019987	+	684	22	14	12	5	9	9	55	18	54
SC_RS29815	NC_003888.3	6019984	6021660	+	1677	34	35	38	31	13	31	200	49	180
SC_RS29820	NC_003888.3	6021711	6022730	+	1020	28	31	32	6	8	9	105	31	90
SC_RS29825	NC_003888.3	6022748	6023350	+	603	167	134	180	69	57	88	128	48	117
SC_RS29830	NC_003888.3	6023669	6025273	+	1605	522	515	689	510	599	440	488	271	416
SC_RS29835	NC_003888.3	6025338	6026690	+	1353	54	59	73	85	72	77	948	809	894
SC_RS29840	NC_003888.3	6026708	6027712	-	1005	7	15	11	8	12	16	154	76	159
SC_RS29845	NC_003888.3	6027789	6028388	+	600	84	64	95	79	50	62	90	33	79
SC_RS29850	NC_003888.3	6028474	6029031	-	558	26	30	37	120	108	79	99	55	87
SC_RS29855	NC_003888.3	6029180	6031510	+	2331	44	27	34	27	30	25	338	60	277
SC_RS29860	NC_003888.3	6031665	6033248	+	1584	4889	4394	5516	2007	1951	2031	1949	1988	1594
SC_RS29865	NC_003888.3	6033266	6033463	+	198	261	259	300	105	125	173	163	151	118
SC_RS29870	NC_003888.3	6033766	6034347	-	582	1110	1085	1360	520	476	513	569	573	552
SC_RS29875	NC_003888.3	6034328	6034900	-	573	1890	1729	2317	806	735	818	782	696	617
SC_RS29880	NC_003888.3	6034995	6035408	-	414	1000	962	1362	449	389	428	555	429	391
SC_RS29885	NC_003888.3	6035419	6038682	-	3264	7143	6589	8765	2186	1905	2273	2219	2087	2066
SC_RS29890	NC_003888.3	6039089	6039664	-	576	2087	2034	2659	1366	1178	1321	616	549	507
SC_RS29895	NC_003888.3	6039645	6040043	-	399	1598	1484	2113	762	684	782	402	355	384
SC_RS29900	NC_003888.3	6040155	6040568	-	414	1537	1378	1755	645	635	613	375	337	274
SC_RS29905	NC_003888.3	6040578	6044567	-	3990	10786	10126	13179	3705	3195	3970	2090	1641	1735
SC_RS29910	NC_003888.3	6045170	6045358	+	189	308	280	391	230	174	236	258	203	218
SC_RS29915	NC_003888.3	6045485	6046270	+	786	1743	1752	2250	379	420	504	385	340	309
SC_RS29920	NC_003888.3	6046263	6047747	+	1485	3365	3420	4254	1103	1155	1303	849	694	647
SC_RS29925	NC_003888.3	6047855	6048250	+	396	81	77	92	12	24	10	83	21	51
SC_RS29930	NC_003888.3	6048321	6049055	+	735	149	117	179	351	294	268	291	190	215
SC_RS29935	NC_003888.3	6049148	6049219	+	72	188	154	182	47	30	54	18	13	13
SC_RS29940	NC_003888.3	6049259	6049331	+	73	78	58	74	16	16	27	13	12	15
SC_RS29945	NC_003888.3	6049394	6049466	+	73	36	20	29	20	18	19	4	3	8
SC_RS29950	NC_003888.3	6049487	6049558	+	72	11	17	16	6	8	11	6	8	6
SC_RS29955	NC_003888.3	6049603	6049675	+	73	14	20	25	9	9	4	16	9	9
SC_RS29960	NC_003888.3	6049735	6050379	-	645	147	149	198	79	43	84	106	25	109
SC_RS29965	NC_003888.3	6050461	6051033	+	573	31	21	32	38	19	44	82	29	82
SC_RS29970	NC_003888.3	6051099	6051815	-	717	431	320	529	540	381	924	205	130	177
SC_RS29975	NC_003888.3	6052013	6053443	+	1431	393	411	531	11935	7563	13025	2822	1787	1640
SC_RS29980	NC_003888.3	6053449	6054042	+	594	139	117	132	3733	2513	3634	901	578	515
SC_RS29985	NC_003888.3	6054328	6054558	+	231	429	412	621	158	142	205	248	201	184
SC_RS29990	NC_003888.3	6054696	6055352	+	657	1722	1673	2134	351	511	587	576	545	478
SC_RS29995	NC_003888.3	6055467	6055700	-	234	26	28	20	5	15	22	23	17	17
SC_RS30000	NC_003888.3	6055710	6056348	-	639	181	145	205	80	75	79	123	74	95
SC_RS30005	NC_003888.3	6056492	6057286	+	795	1004	886	1192	730	755	937	408	318	346
SC_RS30010	NC_003888.3	6057283	6058293	+	1011	558	548	701	316	290	395	241	170	197
SC_RS30015	NC_003888.3	6058385	6059554	+	1170	1063	917	1241	375	325	346	362	258	289
SC_RS30020	NC_003888.3	6059732	6059965	-	234	551	501	704	234	225	255	273	217	239
SC_RS30025	NC_003888.3	6060199	6061167	+	969	1417	1214	1645	463	406	393	444	334	353
SC_RS30030	NC_003888.3	6061164	6061973	+	810	533	518	705	158	175	163	208	136	195
SC_RS30035	NC_003888.3	6062059	6062244	-	186	6055	5460	7796	1401	1255	1258	1538	1484	1204
SC_RS30040	NC_003888.3	6062511	6064280	+	1770	266	243	310	96	93	96	238	72	223
SC_RS30045	NC_003888.3	6064343	6066571	+	2229	845	721	1046	165	179	176	445	256	376
SC_RS30050	NC_003888.3	6066627	6067214	+	588	399	320	468	138	104	143	169	119	151
SC_RS30055	NC_003888.3	6067241	6067720	+	480	196	204	253	209	212	243	144	82	137
SC_RS30060	NC_003888.3	6067854	6068993	+	1140	465	427	568	381	410	517	376	269	273
SC_RS30065	NC_003888.3	6069138	6069791	+	654	14596	12498	18187	2091	2192	2765	2552	2317	2136
SC_RS30070	NC_003888.3	6069794	6069967	+	174	5923	5124	7503	1311	1510	1818	1658	1820	1264
SC_RS30075	NC_003888.3	6069975	6070805	+	831	4682	4162	5658	922	973	1185	777	649	621
SC_RS30080	NC_003888.3	6070914	6071774	+	861	241	226	261	62	50	69	169	63	134
SC_RS30085	NC_003888.3	6071764	6072168	-	405	292	297	427	537	372	498	421	331	348
SC_RS30090	NC_003888.3	6072276	6073466	-	1191	437	381	586	232	268	267	500	294	369
SC_RS30095	NC_003888.3	6073650	6073931	+	282	73	50	71	33	17	35	65	35	77
SC_RS30100	NC_003888.3	6074311	6074523	+	213	759	734	956	1501	1699	2077	2765	2109	1793
SC_RS30105	NC_003888.3	6074834	6078394	+	3561	675	567	816	250	206	260	626	337	498
SC_RS30110	NC_003888.3	6078582	6080000	+	1419	1678	1660	1935	75	56	103	99	60	104
SC_RS30115	NC_003888.3	6080126	6081583	-	1458	717	657	870	142	136	149	223	125	208
SC_RS30120	NC_003888.3	6081768	6082976	+	1209	3003	2901	3961	3448	3045	3354	1853	1684	1465
SC_RS30125	NC_003888.3	6083101	6083772	-	672	127	108	179	298	284	346	423	409	471
SC_RS30130	NC_003888.3	6084219	6085721	+	1503	51	49	67	4591	3874	5072	5349	4923	4547
SC_RS30135	NC_003888.3	6086031	6087377	+	1347	507	502	723	120	118	85	256	80	209
SC_RS30140	NC_003888.3	6087374	6087712	+	339	83	68	116	57	49	32	52	30	50
SC_RS30145	NC_003888.3	6087762	6090284	+	2523	164	132	188	73	47	81	323	89	276
SC_RS30150	NC_003888.3	6090383	6091933	+	1551	1994	1891	2513	1245	1210	1486	1085	896	842
SC_RS30155	NC_003888.3	6092050	6093996	+	1947	217	197	249	123	104	94	224	87	257
SC_RS30160	NC_003888.3	6094014	6094631	-	618	445	417	553	516	471	431	224	142	174
SC_RS30165	NC_003888.3	6094782	6095669	-	888	37	36	31	475	423	457	480	379	424
SC_RS30170	NC_003888.3	6096339	6096935	+	597	1720	1577	1949	2082	1892	2581	2492	2588	2138
SC_RS30175	NC_003888.3	6097191	6097610	+	420	18123	16881	22231	3016	3074	3438	3448	3570	2756
SC_RS30180	NC_003888.3	6097613	6097852	+	240	8544	7953	10560	1411	1664	2023	1363	1770	1088
SC_RS30185	NC_003888.3	6097964	6098530	+	567	476	513	607	49	43	59	103	73	106
SC_RS30190	NC_003888.3	6098530	6099363	+	834	745	741	1021	82	103	118	185	109	148
SC_RS30195	NC_003888.3	6099500	6099850	+	351	7245	7047	8906	858	931	1039	1171	1321	862
SC_RS30200	NC_003888.3	6099896	6100675	+	780	536	472	710	127	98	156	236	157	180
SC_RS30205	NC_003888.3	6100668	6101750	+	1083	406	335	458	206	151	200	324	182	248
SC_RS30210	NC_003888.3	6101641	6102651	+	1011	980	958	1274	806	798	924	847	646	680
SC_RS30215	NC_003888.3	6102756	6103532	+	777	157	161	220	108	81	65	156	98	151
SC_RS30220	NC_003888.3	6103522	6104052	+	531	42	39	54	42	14	22	84	39	76
SC_RS30225	NC_003888.3	6104109	6104417	+	309	295	279	403	387	339	398	431	412	393
SC_RS30230	NC_003888.3	6104506	6104868	+	363	105	92	153	89	71	69	122	69	107
SC_RS30235	NC_003888.3	6104868	6106493	+	1626	61	53	71	53	37	46	231	58	177
SC_RS30240	NC_003888.3	6106703	6107593	+	891	34	30	31	31	21	20	148	53	139
SC_RS30245	NC_003888.3	6107817	6108128	+	312	3	4	4	236	229	172	495	426	357
SC_RS30250	NC_003888.3	6108125	6108310	-	186	3	2	5	63	83	93	130	86	104
SC_RS30255	NC_003888.3	6108427	6108660	+	234	54	64	61	97	105	82	161	138	143
SC_RS30260	NC_003888.3	6108755	6109456	+	702	491	413	598	763	608	658	818	717	734
SC_RS30265	NC_003888.3	6109515	6109712	-	198	76	48	79	81	71	99	128	117	126
SC_RS30270	NC_003888.3	6110051	6110272	-	222	46	38	55	89	138	170	149	112	144
SC_RS30275	NC_003888.3	6111177	6111392	+	216	6	7	8	14	11	17	60	15	52
SC_RS30280	NC_003888.3	6111554	6113824	+	2271	13	20	12	29	22	21	346	93	270
SC_RS30285	NC_003888.3	6114162	6114659	+	498	40	42	45	124	71	72	189	108	167
SC_RS30290	NC_003888.3	6115100	6115315	+	216	0	3	0	4	2	0	48	17	35
SC_RS30295	NC_003888.3	6115312	6115662	+	351	2	0	0	1	1	3	27	2	26
SC_RS30300	NC_003888.3	6115649	6116218	+	570	2	5	2	2	2	3	66	9	38
SC_RS30305	NC_003888.3	6116205	6116621	+	417	9	10	8	9	7	7	64	25	86
SC_RS30310	NC_003888.3	6117039	6117482	+	444	11	18	15	7	13	11	85	22	73
SC_RS30315	NC_003888.3	6117794	6118300	+	507	1	2	3	1	2	3	87	18	81
SC_RS30320	NC_003888.3	6118406	6120229	+	1824	12	10	13	8	10	3	208	40	188
SC_RS30325	NC_003888.3	6120371	6120760	+	390	2	18	18	48	42	47	138	65	97
SC_RS30330	NC_003888.3	6121043	6121885	+	843	32	23	55	118	113	128	222	137	198
SC_RS30335	NC_003888.3	6122014	6122571	+	558	288	298	372	669	485	446	364	320	350
SC_RS30340	NC_003888.3	6122525	6123223	-	699	66	68	81	97	85	56	146	45	89
SC_RS30345	NC_003888.3	6123494	6124426	+	933	27464	26933	34054	2623	2473	3102	2668	2316	1866
SC_RS30350	NC_003888.3	6124521	6125357	+	837	12846	12530	15549	2543	2838	3149	2386	2110	1747
SC_RS30355	NC_003888.3	6125563	6126324	+	762	2705	2408	3192	1424	1378	1631	1044	876	746
SC_RS30360	NC_003888.3	6126503	6127060	+	558	3000	2878	3986	2079	1962	2148	1573	1454	1218
SC_RS30365	NC_003888.3	6127060	6128235	+	1176	5344	4855	6210	2779	2582	2766	2041	1978	1752
SC_RS30370	NC_003888.3	6128360	6131020	-	2661	77	62	78	369	355	384	866	431	663
SC_RS30375	NC_003888.3	6131534	6132414	-	881	54	44	101	53	58	33	588	657	548
SC_RS30380	NC_003888.3	6132437	6132679	-	243	336	331	407	366	376	358	4727	5167	4041
SC_RS30385	NC_003888.3	6133491	6134711	-	1221	18	12	22	11	4	4	144	41	109
SC_RS30390	NC_003888.3	6134811	6135797	-	987	10	9	18	13	9	10	133	34	107
SC_RS30395	NC_003888.3	6135800	6136151	-	352	10	4	8	5	9	11	44	19	33
SC_RS30400	NC_003888.3	6136289	6137068	-	780	300	266	374	422	298	303	608	485	489
SC_RS30405	NC_003888.3	6137087	6137551	+	465	75	63	78	68	81	47	125	67	82
SC_RS30410	NC_003888.3	6137881	6138768	-	888	82	68	94	29	17	38	106	30	90
SC_RS30415	NC_003888.3	6138765	6139295	-	531	45	30	52	10	13	13	29	13	41
SC_RS30420	NC_003888.3	6139402	6139869	-	468	15	10	18	10	3	9	33	9	35
SC_RS30425	NC_003888.3	6139887	6140843	-	957	14	18	23	16	20	15	41	31	39
SC_RS30430	NC_003888.3	6140819	6141571	-	753	102	124	127	824	719	611	663	576	547
SC_RS30435	NC_003888.3	6142261	6142887	+	627	5	7	9	59	54	55	249	142	217
SC_RS30440	NC_003888.3	6143019	6144125	+	1107	1603	1411	1898	832	736	842	634	492	575
SC_RS30445	NC_003888.3	6144424	6145470	+	1047	289	256	326	44	45	38	185	44	155
SC_RS30450	NC_003888.3	6145446	6147128	+	1683	166	143	189	45	18	22	220	43	155
SC_RS30455	NC_003888.3	6147131	6148177	+	1047	105	136	161	22	16	26	131	43	124
SC_RS30460	NC_003888.3	6148202	6149002	+	801	133	132	183	343	358	304	242	130	154
SC_RS30465	NC_003888.3	6149064	6149768	-	705	765	794	992	11846	10933	12198	1428	1583	1032
SC_RS30470	NC_003888.3	6149925	6151109	-	1185	276	261	319	871	846	1072	463	310	321
SC_RS30475	NC_003888.3	6151136	6151543	-	408	53	59	92	55	70	57	199	172	133
SC_RS30480	NC_003888.3	6151649	6153109	-	1461	4	5	4	25	16	24	196	42	116
SC_RS30485	NC_003888.3	6153091	6153867	-	777	30	19	21	42	37	44	139	56	111
SC_RS30490	NC_003888.3	6154073	6155446	-	1374	2000	2399	2515	453	354	394	583	472	587
SC_RS30495	NC_003888.3	6155449	6155964	-	516	2220	2396	2726	521	425	407	615	588	632
SC_RS30500	NC_003888.3	6156130	6157569	+	1440	3536	3522	4321	1419	1128	1434	953	829	830
SC_RS30505	NC_003888.3	6157741	6158940	+	1200	44	38	42	100	55	60	263	136	194
SC_RS30510	NC_003888.3	6158953	6159492	+	540	235	235	328	469	321	253	232	165	212
SC_RS30515	NC_003888.3	6159509	6160669	-	1161	132	109	191	152	96	85	181	81	156
SC_RS30520	NC_003888.3	6160823	6161536	-	714	253	221	324	274	274	305	228	157	168
SC_RS30525	NC_003888.3	6161552	6162715	-	1164	359	366	446	578	583	727	347	236	315
SC_RS30530	NC_003888.3	6162772	6163452	+	681	1793	1766	2415	627	572	573	744	567	630
SC_RS30535	NC_003888.3	6163511	6163960	+	450	1136	1123	1544	925	940	833	910	804	705
SC_RS30540	NC_003888.3	6164022	6164663	-	642	279	238	343	54	38	63	150	71	108
SC_RS30545	NC_003888.3	6164842	6166377	+	1536	113	127	119	19	14	22	202	52	183
SC_RS30550	NC_003888.3	6166442	6167689	+	1248	50	49	63	17	22	15	159	45	128
SC_RS30555	NC_003888.3	6167695	6168888	+	1194	41	46	61	23	13	19	160	37	137
SC_RS30560	NC_003888.3	6168888	6169817	+	930	47	40	47	29	29	32	123	32	131
SC_RS30565	NC_003888.3	6169818	6170618	+	801	19	26	27	26	17	16	91	33	93
SC_RS30570	NC_003888.3	6170654	6172081	+	1428	62	60	83	58	38	54	217	71	191
SC_RS30575	NC_003888.3	6172204	6172662	+	459	70	53	75	125	105	114	265	258	197
SC_RS30580	NC_003888.3	6172819	6174636	+	1818	55	49	84	91	59	64	323	140	279
SC_RS30585	NC_003888.3	6174575	6175279	-	705	44	20	40	18	15	16	49	21	51
SC_RS30590	NC_003888.3	6175324	6176157	+	834	311	245	334	70	62	60	172	70	127
SC_RS30595	NC_003888.3	6176557	6177891	-	1335	3707	4139	4427	166	106	178	409	279	397
SC_RS30600	NC_003888.3	6178145	6180280	+	2136	442	435	558	474	413	456	671	361	522
SC_RS30605	NC_003888.3	6180444	6182102	+	1659	376	328	442	163	129	190	333	146	259
SC_RS30610	NC_003888.3	6182246	6183691	+	1446	3208	3215	3524	220	183	273	309	189	264
SC_RS30615	NC_003888.3	6183701	6184114	-	414	1126	1057	1221	74	49	60	87	36	60
SC_RS30620	NC_003888.3	6184140	6185315	-	1176	823	784	971	9	2	9	126	32	98
SC_RS30625	NC_003888.3	6185312	6186445	-	1134	51	49	46	1	2	2	152	25	86
SC_RS30630	NC_003888.3	6186588	6187784	+	1197	66	47	88	75	50	48	302	169	263
SC_RS30635	NC_003888.3	6187781	6188494	+	714	19	24	35	23	12	21	96	52	67
SC_RS30640	NC_003888.3	6188536	6191418	-	2883	12	16	16	8	9	10	355	76	297
SC_RS30645	NC_003888.3	6191668	6193353	+	1686	7	11	10	12	9	18	197	49	205
SC_RS30650	NC_003888.3	6193381	6194421	+	1041	7	6	8	2	8	6	126	34	92
SC_RS30655	NC_003888.3	6194475	6195389	+	915	14	7	17	11	7	8	138	34	116
SC_RS30660	NC_003888.3	6195389	6197359	+	1971	12	9	8	24	12	11	255	73	182
SC_RS30665	NC_003888.3	6197356	6199599	+	2244	10	7	13	10	8	12	295	62	229
SC_RS30670	NC_003888.3	6199638	6200372	+	735	13	7	11	4	7	4	100	24	93
SC_RS30675	NC_003888.3	6200514	6201527	-	1014	96	86	91	40	32	49	171	55	157
SC_RS30680	NC_003888.3	6201820	6203796	+	1977	83	72	106	271	306	272	579	348	437
SC_RS30685	NC_003888.3	6203922	6205178	+	1257	1061	1068	1440	638	652	710	671	617	554
SC_RS30690	NC_003888.3	6205187	6206479	+	1293	925	955	1199	700	633	795	638	495	569
SC_RS30695	NC_003888.3	6206675	6207832	+	1158	2367	2127	2890	2000	1889	2141	1474	1208	1064
SC_RS30700	NC_003888.3	6208117	6208965	+	849	318	272	331	92	67	92	167	87	138
SC_RS30705	NC_003888.3	6209024	6209566	+	543	114	76	122	48	47	82	117	59	103
SC_RS30710	NC_003888.3	6209640	6211343	+	1704	2244	2340	3018	986	969	1140	778	538	597
SC_RS30715	NC_003888.3	6211917	6212816	-	900	133	128	175	12	12	21	117	33	105
SC_RS30720	NC_003888.3	6212856	6213359	-	504	312	353	401	43	34	43	86	22	84
SC_RS30725	NC_003888.3	6213362	6213925	-	564	1042	1055	1397	72	75	67	158	65	131
SC_RS30730	NC_003888.3	6214338	6214871	+	534	1296	1229	1681	243	290	302	359	287	292
SC_RS30735	NC_003888.3	6214874	6215896	+	1023	6030	5808	7857	1266	986	1131	992	953	936
SC_RS30740	NC_003888.3	6215999	6216304	+	306	7357	6690	9164	1915	1847	2184	3496	3575	3265
SC_RS30745	NC_003888.3	6216466	6219567	+	3102	51639	47221	60964	7501	7304	8750	11445	11315	9549
SC_RS30750	NC_003888.3	6219719	6220012	+	294	1367	1121	1590	912	927	961	471	483	447
SC_RS30755	NC_003888.3	6220097	6220579	+	483	2268	2199	2887	1727	1544	1841	863	837	732
SC_RS30760	NC_003888.3	6220576	6221481	+	906	1938	1703	2208	628	597	763	721	672	671
SC_RS30765	NC_003888.3	6221737	6225837	+	4101	686	649	821	170	144	154	1874	1419	1791
SC_RS30770	NC_003888.3	6225981	6226937	+	957	736	675	919	375	335	481	322	246	269
SC_RS30775	NC_003888.3	6227052	6228131	-	1080	71	74	117	17	20	14	144	34	127
SC_RS30780	NC_003888.3	6228128	6229324	-	1197	27	28	45	18	6	19	163	65	118
SC_RS30785	NC_003888.3	6229321	6230274	-	954	10	6	8	6	8	10	122	38	112
SC_RS30790	NC_003888.3	6230271	6231317	-	1047	15	11	9	17	10	19	131	64	123
SC_RS30795	NC_003888.3	6231310	6233175	-	1866	45	28	54	40	27	35	310	155	286
SC_RS30800	NC_003888.3	6233478	6236729	-	3252	3103	2875	3651	2140	1895	2414	1729	1158	1250
SC_RS30805	NC_003888.3	6237439	6238782	+	1344	464	438	682	519	406	574	368	204	266
SC_RS30810	NC_003888.3	6238820	6239620	-	801	405	324	455	184	162	209	284	174	217
SC_RS30815	NC_003888.3	6239617	6240885	-	1269	574	509	683	353	283	282	396	299	332
SC_RS30820	NC_003888.3	6241070	6242596	+	1527	1083	980	1331	302	261	353	530	310	467
SC_RS30825	NC_003888.3	6242668	6243909	+	1242	993	980	1277	1190	946	918	1046	809	876
SC_RS30830	NC_003888.3	6243938	6244234	-	297	535	510	758	1430	1246	1304	1126	1122	1018
SC_RS30835	NC_003888.3	6244580	6244912	+	333	834	757	961	1140	1103	1236	818	714	697
SC_RS30840	NC_003888.3	6244949	6245260	+	312	968	906	1287	1360	1128	1307	1134	1035	904
SC_RS30845	NC_003888.3	6245884	6246486	+	603	295	239	399	220	180	221	263	163	214
SC_RS30850	NC_003888.3	6246517	6247155	-	639	452	417	544	683	572	633	467	393	324
SC_RS30855	NC_003888.3	6247184	6249421	-	2238	1590	1439	1968	2955	2516	2822	1893	1418	1310
SC_RS30860	NC_003888.3	6249423	6249845	-	423	130	107	145	274	226	256	192	118	167
SC_RS30865	NC_003888.3	6249911	6251263	-	1353	474	474	615	975	819	991	763	669	591
SC_RS30870	NC_003888.3	6251294	6252847	-	1554	978	865	1100	2434	2100	2191	1845	1545	1394
SC_RS30875	NC_003888.3	6252847	6253335	-	489	231	195	291	555	448	512	478	362	388
SC_RS30880	NC_003888.3	6253407	6257372	-	3966	3141	2813	3847	1151	935	1191	1488	995	1259
SC_RS30885	NC_003888.3	6257536	6259005	+	1470	1316	1228	1586	565	419	450	584	405	443
SC_RS30890	NC_003888.3	6259203	6259490	+	288	7316	6910	9002	967	988	1535	1548	1372	1257
SC_RS30895	NC_003888.3	6259773	6261992	+	2220	19479	18134	24167	3515	3658	5214	4006	3494	3186
SC_RS30900	NC_003888.3	6261989	6263368	+	1380	1693	1524	2000	208	182	293	354	272	301
SC_RS30905	NC_003888.3	6263394	6264146	+	753	1085	1014	1276	268	250	322	260	190	211
SC_RS30910	NC_003888.3	6264160	6264615	+	456	385	328	439	74	70	79	65	70	80
SC_RS30915	NC_003888.3	6264691	6265245	-	555	1701	1502	2016	129	172	173	341	306	275
SC_RS30920	NC_003888.3	6265362	6265601	-	240	1147	1131	1391	209	191	223	617	612	621
SC_RS30925	NC_003888.3	6265793	6266533	+	741	1071	1084	1434	458	446	397	339	206	277
SC_RS30930	NC_003888.3	6266753	6267652	+	900	1242	1141	1502	667	596	915	636	537	521
SC_RS30935	NC_003888.3	6267805	6269490	+	1686	5566	5319	6458	1107	1263	1472	1665	1432	1394
SC_RS30940	NC_003888.3	6269991	6271517	+	1527	121	104	130	100	158	164	109	58	66
SC_RS30945	NC_003888.3	6271800	6274920	+	3121	1544	1379	1459	2795	3472	3653	2513	1944	2213
SC_RS30950	NC_003888.3	6275005	6275121	+	117	0	0	0	2	1	0	14	7	11
SC_RS30955	NC_003888.3	6275238	6275900	+	663	48	47	46	10073	9479	9443	6345	4521	3970
SC_RS30960	NC_003888.3	6275983	6276058	+	76	1	0	0	20	25	14	28	19	30
SC_RS30965	NC_003888.3	6276106	6278856	-	2751	971	918	1282	948	868	1141	1054	661	797
SC_RS30970	NC_003888.3	6279265	6284754	+	5490	1972	1915	2471	1937	1651	1963	2203	1641	1783
SC_RS30975	NC_003888.3	6285256	6285930	+	675	1136	967	1279	2322	1941	2046	1352	1250	1276
SC_RS30980	NC_003888.3	6286133	6288886	+	2754	984	1034	1311	1486	1166	1602	1283	987	1048
SC_RS30985	NC_003888.3	6289190	6290053	+	864	1113	1068	1392	3374	3235	3274	959	688	688
SC_RS30990	NC_003888.3	6290145	6291626	+	1482	2218	2069	2697	920	858	937	721	676	663
SC_RS30995	NC_003888.3	6291623	6292414	+	792	909	847	1122	346	282	347	450	333	396
SC_RS31000	NC_003888.3	6292411	6292956	+	546	503	518	688	309	270	408	439	371	376
SC_RS31005	NC_003888.3	6293066	6293446	+	381	1799	1695	2304	1712	1531	1747	3685	3690	3602
SC_RS31010	NC_003888.3	6293651	6294121	+	471	85	79	117	63	36	33	137	62	97
SC_RS31015	NC_003888.3	6294128	6294394	+	267	1	5	9	3	2	1	37	8	27
SC_RS31020	NC_003888.3	6294435	6294824	+	390	81	66	75	196	184	209	304	262	310
SC_RS31025	NC_003888.3	6294821	6295306	+	486	45	37	61	162	151	135	203	209	198
SC_RS31030	NC_003888.3	6295344	6296174	-	831	89	71	88	80	82	92	186	96	149
SC_RS31035	NC_003888.3	6296193	6301265	-	5073	964	935	1217	234	171	219	841	342	701
SC_RS31040	NC_003888.3	6301456	6302322	+	867	125	105	158	105	76	105	146	121	166
SC_RS31045	NC_003888.3	6302319	6303089	+	771	80	72	100	33	31	26	94	24	74
SC_RS31050	NC_003888.3	6303086	6303394	+	309	33	30	36	11	6	10	29	7	19
SC_RS31055	NC_003888.3	6303404	6304372	-	969	59	56	74	24	19	16	97	18	92
SC_RS31060	NC_003888.3	6304454	6304648	+	195	218	228	349	209	153	135	217	148	219
SC_RS31065	NC_003888.3	6304709	6306028	+	1320	242	275	330	479	357	434	398	261	351
SC_RS31070	NC_003888.3	6306165	6306365	-	201	64	62	98	137	117	103	213	157	207
SC_RS31075	NC_003888.3	6306654	6307778	+	1125	6485	5882	8217	2399	1953	2069	3093	2951	2414
SC_RS31080	NC_003888.3	6307782	6308564	+	783	2526	2212	2844	884	763	756	988	1016	899
SC_RS31085	NC_003888.3	6308709	6308927	+	219	141	146	171	81	82	99	70	41	55
SC_RS31090	NC_003888.3	6308921	6309319	-	399	128	117	129	452	417	627	79	49	62
SC_RS31095	NC_003888.3	6309316	6309864	-	549	98	95	152	551	513	890	102	55	66
SC_RS31100	NC_003888.3	6309946	6310032	-	87	38	37	26	26	14	31	24	14	10
SC_RS31105	NC_003888.3	6310159	6311784	-	1626	413	346	513	195	196	217	343	181	277
SC_RS31110	NC_003888.3	6311961	6312860	-	900	2089	2057	2388	152	111	101	550	548	428
SC_RS31115	NC_003888.3	6312857	6313525	-	669	1092	1120	1258	54	47	50	279	272	236
SC_RS31120	NC_003888.3	6313610	6314446	-	837	2252	2239	2625	103	102	126	687	789	518
SC_RS31125	NC_003888.3	6314572	6315348	-	777	2178	2129	2608	105	86	108	614	606	400
SC_RS31130	NC_003888.3	6315651	6316337	+	687	130	107	146	14	6	10	125	31	85
SC_RS31135	NC_003888.3	6316347	6317792	+	1446	72	72	94	19	4	23	170	53	156
SC_RS31140	NC_003888.3	6317771	6318766	-	996	136	127	154	95	108	99	217	95	171
SC_RS31145	NC_003888.3	6318840	6319355	+	516	402	414	526	53	43	64	113	62	82
SC_RS31150	NC_003888.3	6319451	6320686	-	1236	428	353	478	119	114	119	303	166	246
SC_RS31155	NC_003888.3	6320691	6321176	-	486	322	332	445	216	165	171	313	216	213
SC_RS31160	NC_003888.3	6321291	6322367	+	1077	192	204	279	103	85	101	390	151	240
SC_RS31165	NC_003888.3	6322367	6323026	+	660	39	36	51	13	20	21	124	36	78
SC_RS31170	NC_003888.3	6323081	6324283	-	1203	23	22	21	2	8	3	134	36	111
SC_RS31175	NC_003888.3	6324453	6325970	+	1518	1528	1456	1989	885	821	1175	765	636	655
SC_RS31180	NC_003888.3	6326020	6326733	+	714	370	336	463	123	92	101	128	75	119
SC_RS31185	NC_003888.3	6326868	6327161	-	294	27	31	32	66	67	67	136	107	118
SC_RS31190	NC_003888.3	6327186	6327473	-	288	77	73	107	218	193	184	365	371	390
SC_RS31195	NC_003888.3	6327656	6328594	+	939	384	314	466	180	155	210	237	144	212
SC_RS31200	NC_003888.3	6328702	6329199	+	498	518	442	494	333	283	267	278	158	197
SC_RS31205	NC_003888.3	6329272	6330141	+	870	988	1015	1315	823	595	820	721	651	656
SC_RS31210	NC_003888.3	6330388	6332565	+	2178	722	722	863	839	794	1182	948	764	800
SC_RS31215	NC_003888.3	6332816	6334354	+	1539	49	56	60	29	20	22	246	49	154
SC_RS31220	NC_003888.3	6334502	6335995	+	1494	3532	3344	4115	2670	2141	3490	3844	4047	3411
SC_RS31225	NC_003888.3	6336091	6337308	-	1218	1466	1249	1809	617	512	440	833	914	724
SC_RS31230	NC_003888.3	6337406	6338635	-	1230	2008	1624	2253	1331	979	892	1212	1289	1120
SC_RS31235	NC_003888.3	6338949	6340547	+	1599	14	18	30	144	110	149	390	199	318
SC_RS31240	NC_003888.3	6340587	6342533	+	1947	13	7	11	76	74	109	287	135	263
SC_RS31245	NC_003888.3	6342563	6343258	+	696	4	2	11	65	72	103	188	81	136
SC_RS31250	NC_003888.3	6343581	6345575	+	1995	845	697	1056	517	509	608	682	488	537
SC_RS31255	NC_003888.3	6345664	6346443	-	780	631	577	844	3856	3707	4645	2732	2618	2397
SC_RS31260	NC_003888.3	6347027	6347575	+	549	2225	1833	2617	1785	1576	2297	586	476	488
SC_RS31265	NC_003888.3	6347744	6350647	+	2904	10184	8632	12272	11887	12036	17062	3555	3254	2837
SC_RS31270	NC_003888.3	6350725	6351258	-	534	194	192	244	1099	1040	1117	924	848	724
SC_RS31275	NC_003888.3	6351419	6352033	+	615	41	31	58	55	41	54	123	40	96
SC_RS31280	NC_003888.3	6352147	6352806	+	660	138	111	165	272	242	304	175	86	165
SC_RS31285	NC_003888.3	6352819	6353724	+	906	628	580	740	749	618	798	522	405	434
SC_RS31290	NC_003888.3	6354012	6355559	-	1548	909	827	1132	1298	1121	1497	1938	1848	1898
SC_RS31295	NC_003888.3	6355747	6356367	+	621	94	93	116	274	198	238	373	276	327
SC_RS31300	NC_003888.3	6356449	6357150	+	702	1061	935	1282	220	184	260	282	226	221
SC_RS31305	NC_003888.3	6357219	6357857	+	639	1979	1788	2425	1033	1061	1194	1015	1043	806
SC_RS31310	NC_003888.3	6358172	6358786	-	615	649	562	744	147	158	121	435	393	379
SC_RS31315	NC_003888.3	6359074	6361233	+	2160	1518	1331	1851	345	306	363	582	280	412
SC_RS31320	NC_003888.3	6361399	6363003	+	1605	110	101	116	61	60	63	233	73	148
SC_RS31325	NC_003888.3	6363135	6363893	+	759	167	141	182	144	112	147	213	112	157
SC_RS31330	NC_003888.3	6363949	6366183	+	2235	69	69	92	60	70	72	323	86	256
SC_RS31335	NC_003888.3	6366349	6367236	+	888	23	16	27	787	726	832	399	309	297
SC_RS31340	NC_003888.3	6367665	6369200	+	1536	3452	3387	4139	2440	2412	2413	3144	2719	2421
SC_RS31345	NC_003888.3	6369367	6370224	+	858	336	299	378	262	211	271	337	269	309
SC_RS31350	NC_003888.3	6370335	6370565	-	231	3103	2991	3676	8153	7276	8740	9486	9373	8640
SC_RS31355	NC_003888.3	6371006	6373129	+	2124	2194	2032	2768	1497	1376	1593	1007	773	730
SC_RS31360	NC_003888.3	6373348	6373872	+	525	81	64	78	6	14	5	77	11	64
SC_RS31365	NC_003888.3	6373869	6375023	+	1155	55	61	80	39	37	43	152	50	108
SC_RS31370	NC_003888.3	6375020	6375709	+	690	71	76	85	84	92	69	132	63	97
SC_RS31375	NC_003888.3	6375779	6376357	+	579	42	27	68	2499	2095	2405	856	765	754
SC_RS31380	NC_003888.3	6376354	6377946	+	1593	43	32	59	3994	3459	4151	1368	1070	1035
SC_RS31385	NC_003888.3	6377983	6378663	-	681	45	49	58	405	355	381	168	106	188
SC_RS31390	NC_003888.3	6378660	6380330	-	1671	290	274	397	367	253	384	414	267	387
SC_RS31395	NC_003888.3	6380416	6381357	-	942	308	252	341	648	518	692	523	376	409
SC_RS31400	NC_003888.3	6381412	6382677	-	1266	89	66	108	89	75	115	153	63	146
SC_RS31405	NC_003888.3	6382802	6383974	+	1173	126	117	140	25	15	12	143	46	117
SC_RS31410	NC_003888.3	6384115	6384351	-	237	166	121	204	158	143	150	169	114	109
SC_RS31415	NC_003888.3	6384501	6385052	-	552	31	20	40	86	67	64	266	165	222
SC_RS31420	NC_003888.3	6385339	6386427	+	1089	371	356	471	89	73	108	205	96	174
SC_RS31425	NC_003888.3	6386424	6388880	-	2457	2284	2019	2679	1016	845	1085	994	669	751
SC_RS31430	NC_003888.3	6389216	6390568	+	1353	1206	1135	1531	2770	2533	3569	1677	1430	1361
SC_RS31435	NC_003888.3	6390565	6391953	+	1389	953	920	1062	2428	2209	3261	1409	1275	1105
SC_RS31440	NC_003888.3	6392322	6393074	+	753	860	723	989	350	369	450	205	123	131
SC_RS31445	NC_003888.3	6393195	6393890	+	696	203	184	240	209	191	188	166	92	134
SC_RS31450	NC_003888.3	6394045	6394326	-	282	1251	1257	1680	404	418	351	565	563	491
SC_RS31455	NC_003888.3	6394529	6397648	+	3120	1287	1153	1651	446	422	450	1361	1240	1271
SC_RS31460	NC_003888.3	6397745	6398341	+	597	658	607	797	632	391	535	400	332	341
SC_RS31465	NC_003888.3	6398341	6399534	+	1194	305	296	348	164	155	222	256	154	192
SC_RS31470	NC_003888.3	6399582	6400232	+	651	198	185	251	52	40	51	87	49	77
SC_RS31475	NC_003888.3	6400262	6402331	-	2070	64	57	66	27	26	30	301	62	241
SC_RS31480	NC_003888.3	6402578	6403366	+	789	107	92	110	55	47	64	159	67	126
SC_RS31485	NC_003888.3	6403579	6404886	+	1308	129	128	159	39	38	36	156	68	177
SC_RS31490	NC_003888.3	6404883	6406040	+	1158	87	88	134	46	51	52	181	71	103
SC_RS31495	NC_003888.3	6406090	6407082	+	993	131	99	154	45	42	36	171	51	156
SC_RS31500	NC_003888.3	6407079	6408017	+	939	87	68	123	22	31	39	127	55	126
SC_RS31505	NC_003888.3	6408122	6408970	+	849	64	77	86	54	37	40	146	58	103
SC_RS31510	NC_003888.3	6409025	6409828	-	804	45	25	56	95	112	91	176	120	156
SC_RS31515	NC_003888.3	6410064	6410915	+	852	316	309	375	838	711	795	489	337	423
SC_RS31520	NC_003888.3	6411199	6412257	-	1059	4734	4091	5484	2666	2348	2874	2662	2489	2445
SC_RS31525	NC_003888.3	6412730	6413614	+	885	1485	1239	1568	402	345	369	358	262	312
SC_RS31530	NC_003888.3	6413538	6414875	-	1338	549	488	689	149	128	149	266	104	196
SC_RS31535	NC_003888.3	6414817	6416073	-	1257	637	600	770	146	133	117	254	172	223
SC_RS31540	NC_003888.3	6416236	6417363	+	1128	1356	1347	1885	572	567	672	491	364	384
SC_RS31545	NC_003888.3	6417372	6418190	+	819	943	946	1251	435	409	471	393	274	309
SC_RS31550	NC_003888.3	6418707	6418880	-	174	186	197	230	568	448	510	696	619	517
SC_RS31555	NC_003888.3	6419308	6419961	+	654	504	445	638	123	165	167	815	679	759
SC_RS31560	NC_003888.3	6419968	6421212	+	1245	607	559	708	162	188	216	1050	662	816
SC_RS31565	NC_003888.3	6421618	6421914	+	297	1857	1637	2298	2121	1847	2321	2867	2677	2276
SC_RS31570	NC_003888.3	6421928	6422881	+	954	1018	907	1199	730	611	732	842	758	780
SC_RS31575	NC_003888.3	6422895	6423359	-	465	412	425	614	218	226	255	234	174	172
SC_RS31580	NC_003888.3	6423417	6424001	+	585	440	421	525	55	56	54	114	53	87
SC_RS31585	NC_003888.3	6423998	6424549	+	552	1526	1337	1842	740	781	920	765	722	660
SC_RS31590	NC_003888.3	6424551	6425303	+	753	2343	2152	3031	1412	1327	1440	1085	1060	985
SC_RS31595	NC_003888.3	6425493	6426185	+	693	164	153	206	105	85	99	141	85	108
SC_RS31600	NC_003888.3	6426319	6428865	+	2547	336	293	415	228	150	290	480	236	428
SC_RS31605	NC_003888.3	6428862	6429545	+	684	70	63	94	67	48	68	135	56	108
SC_RS31610	NC_003888.3	6429608	6430006	+	399	747	674	992	981	752	936	800	773	657
SC_RS31615	NC_003888.3	6430010	6430828	+	819	990	1039	1347	1060	1007	1089	1033	1004	898
SC_RS31620	NC_003888.3	6430947	6431627	-	681	839	803	1013	485	397	372	391	327	334
SC_RS31625	NC_003888.3	6431627	6432298	-	672	627	673	902	308	273	317	310	272	284
SC_RS31630	NC_003888.3	6432812	6433618	+	807	31	20	39	1588	1303	1147	1469	1286	1106
SC_RS31635	NC_003888.3	6433650	6436616	+	2967	91	83	105	3151	2552	2820	3048	2891	2535
SC_RS31640	NC_003888.3	6436613	6437788	+	1176	83	58	54	1543	1267	1474	1235	1310	993
SC_RS31645	NC_003888.3	6437814	6438134	+	321	42	44	39	613	528	578	688	745	517
SC_RS31650	NC_003888.3	6438206	6438859	-	654	688	553	758	1221	951	900	1987	1674	1656
SC_RS31655	NC_003888.3	6439123	6440310	-	1188	8	13	17	96	56	71	336	229	291
SC_RS31660	NC_003888.3	6440423	6441289	-	867	6	7	4	89	66	66	355	316	352
SC_RS31665	NC_003888.3	6441276	6442166	-	891	7	2	20	158	132	125	540	512	521
SC_RS31670	NC_003888.3	6442174	6442614	-	441	7	7	5	63	36	41	305	267	266
SC_RS31675	NC_003888.3	6442753	6443976	-	1224	47	31	56	1007	762	733	3021	3430	3363
SC_RS31680	NC_003888.3	6443973	6444218	-	246	18	7	14	248	177	175	1002	1055	875
SC_RS31685	NC_003888.3	6444587	6445594	+	1008	29	26	37	242	216	172	1042	920	877
SC_RS31690	NC_003888.3	6445654	6445917	+	264	0	0	0	23	14	27	150	144	96
SC_RS31695	NC_003888.3	6445914	6447836	+	1923	61	47	94	500	358	396	1910	1902	1761
SC_RS31700	NC_003888.3	6447950	6449548	+	1599	22	22	23	186	128	156	823	597	708
SC_RS31705	NC_003888.3	6449576	6456442	+	6867	46	31	52	418	298	380	2223	1597	1839
SC_RS31710	NC_003888.3	6456446	6457489	+	1044	16	7	9	156	95	117	673	622	588
SC_RS31715	NC_003888.3	6457476	6458318	+	843	8	6	16	69	50	62	427	297	371
SC_RS31720	NC_003888.3	6458306	6459394	+	1089	17	14	22	298	172	208	866	869	860
SC_RS31725	NC_003888.3	6459417	6462218	+	2802	70	28	53	660	441	509	2303	2093	2148
SC_RS31730	NC_003888.3	6462296	6463483	+	1188	95	102	121	692	478	435	2402	2489	2489
SC_RS31735	NC_003888.3	6463526	6464206	+	681	41	41	37	551	377	331	1604	1609	1574
SC_RS31740	NC_003888.3	6464371	6465258	+	888	61	35	56	177	88	98	621	464	593
SC_RS31745	NC_003888.3	6465627	6467702	+	2076	866	759	1043	368	321	330	488	247	332
SC_RS31750	NC_003888.3	6467755	6469131	+	1377	1586	1546	1999	233	207	247	390	222	309
SC_RS31755	NC_003888.3	6469404	6469560	-	157	65	51	68	5	1	3	42	6	22
SC_RS31760	NC_003888.3	6469741	6469851	+	111	8	7	10	1	2	0	8	3	5
SC_RS31765	NC_003888.3	6469872	6470134	+	263	20	11	22	2	1	2	58	14	45
SC_RS31770	NC_003888.3	6470494	6470790	-	297	16	16	24	7	8	12	57	14	36
SC_RS31775	NC_003888.3	6470909	6473452	-	2544	122	115	169	82	46	79	352	125	312
SC_RS31780	NC_003888.3	6473606	6474202	+	597	160	188	172	251	135	206	207	124	137
SC_RS31785	NC_003888.3	6474517	6474711	+	195	7	8	13	1	8	4	26	8	25
SC_RS31790	NC_003888.3	6474708	6474997	+	290	5	3	9	6	6	4	63	9	44
SC_RS31795	NC_003888.3	6475426	6476991	-	1566	30	38	46	65	59	65	313	126	253
SC_RS31800	NC_003888.3	6477438	6480035	+	2598	28	24	43	18	10	15	340	82	273
SC_RS31805	NC_003888.3	6480200	6481435	+	1236	31	28	29	15	23	15	165	38	123
SC_RS31810	NC_003888.3	6481608	6482600	-	993	357	386	484	331	245	317	476	402	432
SC_RS31815	NC_003888.3	6482843	6483358	+	516	21	17	18	32	36	37	140	69	109
SC_RS31820	NC_003888.3	6483660	6484187	+	528	9	8	14	7	4	4	96	22	88
SC_RS31825	NC_003888.3	6484965	6485303	+	339	39	29	37	40	33	45	118	57	115
SC_RS31830	NC_003888.3	6486286	6486441	+	156	66	79	83	158	136	128	207	164	180
SC_RS31835	NC_003888.3	6486961	6487272	-	312	312	304	404	10	7	13	103	60	108
SC_RS31840	NC_003888.3	6487321	6487725	-	405	529	459	667	14	19	21	111	82	151
SC_RS31845	NC_003888.3	6487772	6489268	-	1497	2553	2238	2881	26	48	84	411	278	507
SC_RS31850	NC_003888.3	6489617	6489820	-	204	14499	13807	19470	354	661	868	1769	1549	2510
SC_RS31855	NC_003888.3	6490462	6491442	-	981	59	64	83	52	41	50	187	63	135
SC_RS31860	NC_003888.3	6492065	6493150	-	1086	5	1	5	1	6	4	139	31	123
SC_RS31865	NC_003888.3	6493143	6494912	-	1770	29	10	21	16	10	20	176	47	187
SC_RS31870	NC_003888.3	6494967	6495239	-	273	4	1	5	1	0	4	39	8	20
SC_RS31875	NC_003888.3	6495215	6495736	-	522	5	7	5	3	1	2	53	17	83
SC_RS31880	NC_003888.3	6496282	6496983	-	702	25	24	22	12	9	13	143	31	115
SC_RS31885	NC_003888.3	6497270	6497367	-	98	6	3	10	0	4	2	22	4	18
SC_RS31890	NC_003888.3	6497455	6498183	-	729	59	50	74	13	14	19	99	28	99
SC_RS31895	NC_003888.3	6498253	6498675	+	423	33	15	34	6	4	4	65	17	49
SC_RS31900	NC_003888.3	6498718	6499377	+	660	17	17	21	3	0	6	96	23	82
SC_RS31905	NC_003888.3	6499512	6500945	-	1434	14	5	7	19	14	8	152	36	130
SC_RS31910	NC_003888.3	6501336	6502763	+	1428	3	6	4	4	3	3	167	39	138
SC_RS31915	NC_003888.3	6502747	6503922	-	1176	70	71	95	14	21	22	160	66	118
SC_RS31920	NC_003888.3	6504108	6504752	+	645	53	48	96	44	40	31	119	59	115
SC_RS31925	NC_003888.3	6504830	6505642	+	813	60	53	69	41	59	39	158	50	102
SC_RS31930	NC_003888.3	6505802	6506170	-	369	48	22	57	33	31	34	70	35	62
SC_RS31935	NC_003888.3	6506167	6506775	-	609	175	134	194	178	138	181	191	130	133
SC_RS31940	NC_003888.3	6506853	6507281	+	429	2	3	0	1	1	3	46	10	45
SC_RS31945	NC_003888.3	6507329	6507988	+	660	71	70	86	25	21	19	83	34	81
SC_RS31950	NC_003888.3	6507985	6509133	+	1149	35	24	39	15	13	8	142	35	123
SC_RS31955	NC_003888.3	6509216	6509833	+	618	87	93	131	77	58	95	126	67	111
SC_RS31960	NC_003888.3	6510025	6510810	+	786	4	4	3	2	1	1	75	12	62
SC_RS31965	NC_003888.3	6510803	6511951	+	1149	7	4	5	9	3	3	146	26	99
SC_RS31970	NC_003888.3	6511957	6513768	+	1812	17	15	24	7	4	2	211	36	180
SC_RS31975	NC_003888.3	6513783	6514538	+	756	17	20	29	42	25	43	101	40	70
SC_RS31980	NC_003888.3	6514553	6515950	+	1398	15	12	12	9	18	19	167	42	128
SC_RS31985	NC_003888.3	6515947	6517140	+	1194	10	14	17	14	17	8	168	47	136
SC_RS31990	NC_003888.3	6517425	6517973	+	549	15	10	9	10	11	14	78	27	75
SC_RS31995	NC_003888.3	6518093	6519544	-	1452	5	12	6	20	20	19	168	43	137
SC_RS32000	NC_003888.3	6519692	6520303	+	612	70	69	97	168	181	164	200	129	139
SC_RS32005	NC_003888.3	6520547	6521299	+	753	116	94	139	2704	2140	1942	1900	1595	1637
SC_RS32010	NC_003888.3	6521302	6524043	+	2742	32	24	33	698	490	621	815	547	637
SC_RS32015	NC_003888.3	6524142	6526439	+	2298	25	21	31	128	135	140	384	121	337
SC_RS32020	NC_003888.3	6526506	6526940	-	435	136	112	180	169	156	176	257	273	329
SC_RS32025	NC_003888.3	6527068	6527715	+	648	119	94	116	15	25	19	101	34	91
SC_RS32030	NC_003888.3	6527871	6529472	+	1602	169	130	160	88	63	90	200	63	173
SC_RS32035	NC_003888.3	6529489	6530343	-	855	152	142	149	161	140	151	203	109	153
SC_RS32040	NC_003888.3	6530340	6531089	-	750	157	146	173	271	211	217	200	127	209
SC_RS32045	NC_003888.3	6531090	6531446	-	357	66	59	87	256	193	250	182	146	157
SC_RS32050	NC_003888.3	6531443	6532141	-	699	183	118	182	749	631	779	420	316	333
SC_RS32055	NC_003888.3	6532428	6533018	-	591	11	12	16	12	9	12	89	25	69
SC_RS32060	NC_003888.3	6533083	6533544	-	462	0	0	1	0	0	1	47	13	46
SC_RS32065	NC_003888.3	6533655	6535013	-	1359	20	13	13	2	11	15	170	50	162
SC_RS32070	NC_003888.3	6535301	6535768	+	468	2	5	3	9	12	12	94	16	73
SC_RS32075	NC_003888.3	6535912	6539055	-	3144	30	29	27	29	18	28	433	104	310
SC_RS32080	NC_003888.3	6539278	6539670	+	393	1237	1089	1502	581	429	374	727	529	600
SC_RS32085	NC_003888.3	6539766	6540974	+	1209	586	576	691	81	70	63	181	90	169
SC_RS32090	NC_003888.3	6540971	6541324	+	354	19	20	21	29	23	12	40	24	44
SC_RS32095	NC_003888.3	6541507	6541977	+	471	24	22	18	137	119	121	755	672	710
SC_RS32100	NC_003888.3	6542306	6543229	+	924	897	851	1031	552	547	673	612	518	504
SC_RS32105	NC_003888.3	6543401	6544900	+	1500	273	254	325	46	62	57	211	72	138
SC_RS32110	NC_003888.3	6544897	6547509	+	2613	361	340	434	90	91	123	348	128	281
SC_RS32115	NC_003888.3	6547561	6548856	-	1296	53	44	60	14	7	13	172	28	117
SC_RS32120	NC_003888.3	6549081	6550304	+	1224	45	63	68	634	469	740	726	661	648
SC_RS32125	NC_003888.3	6550399	6551406	+	1008	82	54	137	117	69	113	196	89	156
SC_RS32130	NC_003888.3	6551536	6552975	+	1440	151	138	177	19	17	13	203	40	167
SC_RS32135	NC_003888.3	6552935	6553375	-	441	105	104	133	12	9	10	58	44	68
SC_RS32140	NC_003888.3	6553552	6554379	+	828	13	13	14	4	4	4	124	20	81
SC_RS32145	NC_003888.3	6554384	6556789	+	2406	19	15	21	13	2	8	266	58	221
SC_RS32150	NC_003888.3	6556777	6557688	-	912	44	48	50	7	10	11	115	21	89
SC_RS32155	NC_003888.3	6557772	6558617	-	846	608	573	678	93	74	91	131	42	112
SC_RS32160	NC_003888.3	6558619	6560373	-	1755	8	11	19	16	11	6	183	67	183
SC_RS32165	NC_003888.3	6560442	6561617	+	1176	9	20	14	6	5	2	149	41	116
SC_RS32170	NC_003888.3	6561614	6562012	+	399	3	2	2	4	2	5	57	15	59
SC_RS32175	NC_003888.3	6562040	6562867	+	828	45	50	41	58	63	63	258	275	303
SC_RS32180	NC_003888.3	6562884	6563093	-	210	15	26	36	20	20	16	134	167	201
SC_RS32185	NC_003888.3	6563335	6563778	+	444	5	8	18	3	7	4	69	16	71
SC_RS32190	NC_003888.3	6563897	6564742	-	846	5	4	5	5	4	1	96	21	81
SC_RS32195	NC_003888.3	6565263	6565649	+	387	283	260	337	125	121	180	171	152	142
SC_RS32200	NC_003888.3	6565701	6566195	+	495	35	38	56	21	14	17	81	35	74
SC_RS32205	NC_003888.3	6566262	6567074	+	813	32	33	40	3	7	15	117	33	57
SC_RS32210	NC_003888.3	6567071	6567973	+	903	33	33	48	11	19	14	101	27	79
SC_RS32215	NC_003888.3	6568057	6568779	+	723	37	22	42	963	820	685	824	730	625
SC_RS32220	NC_003888.3	6568746	6571592	+	2847	52	60	66	1343	1034	1086	1434	1118	1164
SC_RS32225	NC_003888.3	6572032	6572550	+	519	56	93	109	29	25	20	125	32	117
SC_RS32230	NC_003888.3	6573186	6574715	-	1530	684	781	985	874	1083	1225	863	672	640
SC_RS32235	NC_003888.3	6574802	6574999	-	198	38	33	49	52	46	50	158	107	117
SC_RS32240	NC_003888.3	6575305	6578019	+	2715	7723	7893	9465	1917	1696	3220	1460	1317	1269
SC_RS32245	NC_003888.3	6578257	6578481	+	225	196	153	236	208	204	174	300	212	267
SC_RS32250	NC_003888.3	6578743	6579135	-	393	227	288	315	317	294	297	481	397	395
SC_RS32255	NC_003888.3	6579213	6580073	-	861	168	154	185	252	205	168	416	311	356
SC_RS32260	NC_003888.3	6580256	6584062	-	3807	79	60	76	317	266	301	650	250	517
SC_RS32265	NC_003888.3	6584690	6586033	+	1344	73	89	122	303	263	293	467	376	430
SC_RS32270	NC_003888.3	6586041	6587102	+	1062	59	53	54	160	124	144	263	171	232
SC_RS32275	NC_003888.3	6587099	6588007	+	909	23	27	30	98	88	78	167	94	144
SC_RS32280	NC_003888.3	6588242	6589453	+	1212	397	391	476	1318	1124	1619	681	757	670
SC_RS32285	NC_003888.3	6589587	6590690	+	1104	2329	2620	3054	1316	1101	1522	531	637	516
SC_RS32290	NC_003888.3	6590850	6591641	+	792	1041	1204	1293	269	245	385	176	156	167
SC_RS32295	NC_003888.3	6591638	6592930	+	1293	1472	1526	1662	396	382	468	269	201	198
SC_RS32300	NC_003888.3	6593034	6594557	-	1524	43	33	51	9	5	3	189	40	160
SC_RS32305	NC_003888.3	6594926	6596854	+	1929	1643	1656	2107	2226	2086	2685	1333	1041	1017
SC_RS32310	NC_003888.3	6597042	6598553	+	1512	86	78	112	88	70	120	286	115	244
SC_RS32315	NC_003888.3	6598656	6599033	-	378	47	40	77	41	56	52	95	86	107
SC_RS32320	NC_003888.3	6599193	6600001	+	809	1	2	1	3	6	0	35	10	51
SC_RS32325	NC_003888.3	6600024	6601049	+	1026	79	100	110	57	53	82	168	64	121
SC_RS32330	NC_003888.3	6601234	6602355	+	1122	2004	1823	2518	139	126	132	339	259	319
SC_RS32335	NC_003888.3	6602452	6603552	-	1101	576	572	756	24	35	24	160	64	156
SC_RS32340	NC_003888.3	6603996	6605621	+	1626	334	284	394	40	28	41	249	87	212
SC_RS32345	NC_003888.3	6605637	6607259	+	1623	124	115	148	14	10	22	197	35	141
SC_RS32350	NC_003888.3	6607256	6609016	+	1761	76	66	81	22	10	16	219	35	173
SC_RS32355	NC_003888.3	6609013	6611106	+	2094	235	220	271	22	16	23	225	55	187
SC_RS32360	NC_003888.3	6611138	6613105	+	1968	248	240	314	20	19	23	255	59	178
SC_RS32365	NC_003888.3	6613171	6615300	-	2130	2747	2990	3541	2132	2005	2332	1967	1934	1915
SC_RS32370	NC_003888.3	6615297	6616514	-	1218	2183	2263	2653	1160	1118	1311	1049	1115	1011
SC_RS32375	NC_003888.3	6616708	6617994	-	1287	1000	1010	1323	1349	1143	1368	1184	1096	1060
SC_RS32380	NC_003888.3	6618177	6618839	-	663	13	9	16	49	39	42	144	47	105
SC_RS32385	NC_003888.3	6619133	6619849	-	717	87	97	114	148	168	185	230	133	165
SC_RS32390	NC_003888.3	6620001	6621068	+	1068	1612	1538	2072	608	545	812	489	394	416
SC_RS32395	NC_003888.3	6621097	6622617	-	1521	241	218	293	43	47	68	193	72	166
SC_RS32400	NC_003888.3	6623033	6624127	+	1095	15	15	14	23	39	39	180	60	127
SC_RS32405	NC_003888.3	6624109	6625437	+	1329	9	10	15	6	19	15	199	45	138
SC_RS32410	NC_003888.3	6625434	6626642	+	1209	2	4	8	5	13	20	120	50	123
SC_RS32415	NC_003888.3	6626635	6627204	+	570	1	1	4	5	7	16	62	23	65
SC_RS32420	NC_003888.3	6627211	6628443	+	1233	25	11	15	17	10	11	129	43	86
SC_RS32425	NC_003888.3	6628480	6629298	-	819	11	16	8	26	16	16	146	70	109
SC_RS32430	NC_003888.3	6629434	6629790	+	357	65	51	69	63	51	43	148	123	140
SC_RS32435	NC_003888.3	6629805	6631202	-	1398	171	177	242	225	183	219	291	232	246
SC_RS32440	NC_003888.3	6631230	6632213	-	984	79	60	81	26	21	28	141	74	119
SC_RS32445	NC_003888.3	6632494	6633978	+	1485	686	619	767	609	577	580	2872	3680	3530
SC_RS32450	NC_003888.3	6633983	6634714	+	732	1757	1825	2401	1934	1783	2010	1473	1558	1349
SC_RS32455	NC_003888.3	6634715	6636316	-	1602	492	499	669	238	226	212	292	176	260
SC_RS32460	NC_003888.3	6636431	6637228	-	798	75	67	76	368	291	275	278	200	230
SC_RS32465	NC_003888.3	6637343	6638659	-	1317	1250	1218	1523	182	109	150	1735	2101	2038
SC_RS32470	NC_003888.3	6638803	6639552	-	750	203	191	237	128	119	142	184	117	148
SC_RS32475	NC_003888.3	6639597	6640451	+	855	54	53	75	21	19	34	118	43	89
SC_RS32480	NC_003888.3	6640448	6641122	+	675	71	77	88	72	68	78	122	79	93
SC_RS32485	NC_003888.3	6641114	6641344	-	231	24	37	43	82	41	61	74	75	69
SC_RS32490	NC_003888.3	6641362	6642231	-	870	7	2	8	4	8	3	107	22	93
SC_RS32495	NC_003888.3	6642322	6643845	-	1524	28	27	36	18	15	10	182	59	150
SC_RS32500	NC_003888.3	6643915	6645312	-	1398	49	39	57	30	15	18	194	62	125
SC_RS32505	NC_003888.3	6645402	6646190	-	789	63	76	63	154	99	112	309	272	277
SC_RS32510	NC_003888.3	6646291	6647781	-	1491	154	151	219	94	76	82	288	113	200
SC_RS32515	NC_003888.3	6647790	6648371	-	582	55	34	60	11	5	16	81	27	66
SC_RS32520	NC_003888.3	6648450	6648851	-	402	68	66	78	33	26	28	131	79	104
SC_RS32525	NC_003888.3	6649041	6650153	-	1113	254	211	284	84	100	96	192	85	173
SC_RS32530	NC_003888.3	6650674	6651471	+	798	96	96	129	52	61	58	168	55	115
SC_RS32535	NC_003888.3	6651688	6652161	+	474	102	116	135	471	359	431	405	368	347
SC_RS32540	NC_003888.3	6652235	6653623	+	1389	654	639	859	380	301	423	396	272	334
SC_RS32545	NC_003888.3	6653637	6654044	+	408	483	491	604	2393	1811	2475	1167	1144	882
SC_RS32550	NC_003888.3	6654289	6655458	+	1170	327	281	315	263	234	318	298	175	255
SC_RS32555	NC_003888.3	6655455	6656168	+	714	70	78	74	51	39	72	109	44	81
SC_RS32560	NC_003888.3	6656165	6656830	+	666	41	43	60	38	20	58	112	33	92
SC_RS32565	NC_003888.3	6656904	6657866	+	963	570	480	636	560	506	641	472	312	407
SC_RS32570	NC_003888.3	6657898	6658509	-	612	160	159	209	111	102	94	166	87	106
SC_RS32575	NC_003888.3	6658496	6658855	-	360	63	52	77	37	38	31	52	41	36
SC_RS32580	NC_003888.3	6658857	6659276	-	420	88	91	112	81	64	74	139	137	95
SC_RS32585	NC_003888.3	6659273	6661906	-	2634	278	315	403	332	264	321	544	332	406
SC_RS32590	NC_003888.3	6661975	6662988	-	1014	197	139	207	113	111	150	202	103	178
SC_RS32595	NC_003888.3	6663344	6663991	+	648	202	199	231	122	119	124	203	95	152
SC_RS32600	NC_003888.3	6664852	6666069	+	1218	69	52	71	68	60	70	230	64	141
SC_RS32605	NC_003888.3	6666219	6668399	+	2181	53	65	81	1248	1097	1498	958	623	845
SC_RS32610	NC_003888.3	6668483	6669124	+	642	150	141	198	210	199	209	155	95	119
SC_RS32615	NC_003888.3	6669117	6669872	-	756	730	731	951	172	151	143	192	100	133
SC_RS32620	NC_003888.3	6670057	6671187	+	1131	93	66	103	407	328	349	320	229	243
SC_RS32625	NC_003888.3	6671244	6672188	+	945	71	66	86	606	534	418	306	219	250
SC_RS32630	NC_003888.3	6672199	6673944	-	1746	48	66	98	1381	1153	1134	644	408	510
SC_RS32635	NC_003888.3	6674122	6674673	+	552	150	133	200	224	184	227	267	133	206
SC_RS32640	NC_003888.3	6674899	6676224	+	1326	21	20	18	78	60	68	274	114	189
SC_RS32645	NC_003888.3	6676232	6678649	-	2418	79	68	82	88	54	70	369	144	299
SC_RS32650	NC_003888.3	6678718	6680826	-	2109	168	175	245	397	323	362	476	243	387
SC_RS32655	NC_003888.3	6681383	6682630	+	1248	685	594	855	450	414	553	395	294	390
SC_RS32660	NC_003888.3	6682745	6683479	+	735	1407	1388	1883	278	194	237	343	240	273
SC_RS32665	NC_003888.3	6683518	6684384	-	867	578	527	684	101	111	102	228	166	236
SC_RS32670	NC_003888.3	6684546	6685493	+	948	90	97	107	30	20	19	120	59	125
SC_RS32675	NC_003888.3	6685490	6686323	+	834	30	38	65	15	15	13	72	36	89
SC_RS32680	NC_003888.3	6686323	6687615	+	1293	93	84	90	34	27	29	214	66	151
SC_RS32685	NC_003888.3	6687926	6688708	+	783	12	11	4	4	0	9	100	22	76
SC_RS32690	NC_003888.3	6688705	6689961	+	1257	95	92	117	46	48	51	212	66	157
SC_RS32695	NC_003888.3	6690041	6692311	-	2271	189	145	202	226	120	92	641	484	573
SC_RS32700	NC_003888.3	6692660	6693208	+	549	97	83	123	141	124	171	140	72	121
SC_RS32705	NC_003888.3	6693222	6693968	-	747	54	42	87	376	270	292	127	92	96
SC_RS32710	NC_003888.3	6693977	6694888	-	912	133	72	172	1516	1128	1306	437	236	251
SC_RS32715	NC_003888.3	6694875	6695669	-	795	115	105	224	1351	1068	1380	350	186	249
SC_RS32720	NC_003888.3	6695702	6696805	-	1104	285	204	404	2144	1677	2415	555	326	346
SC_RS32725	NC_003888.3	6697066	6698421	-	1356	626	513	981	6923	5605	6753	1402	974	913
SC_RS32730	NC_003888.3	6698424	6699362	-	939	434	346	604	4753	3820	5012	1082	763	660
SC_RS32735	NC_003888.3	6699359	6700003	-	645	242	213	387	2732	2118	2763	663	502	407
SC_RS32740	NC_003888.3	6700005	6700715	-	711	262	196	439	4631	3544	4985	1278	1058	871
SC_RS32745	NC_003888.3	6700712	6700891	-	180	17	9	28	198	148	238	42	49	34
SC_RS32750	NC_003888.3	6700888	6702585	-	1698	553	411	950	8422	6600	10131	1861	1284	1053
SC_RS32755	NC_003888.3	6702736	6702819	-	84	19	10	18	83	61	121	50	13	25
SC_RS32760	NC_003888.3	6702969	6703541	-	573	154	145	211	236	243	227	152	87	118
SC_RS32765	NC_003888.3	6703618	6704931	-	1314	914	866	1187	3662	3028	3679	4403	4479	4390
SC_RS32770	NC_003888.3	6705148	6706437	-	1290	89	86	124	200	173	165	250	128	219
SC_RS32775	NC_003888.3	6706680	6708353	-	1674	227	166	233	636	522	565	575	415	464
SC_RS32780	NC_003888.3	6708454	6709614	+	1161	294	262	382	204	184	242	284	159	213
SC_RS32785	NC_003888.3	6709861	6711471	+	1611	503	487	641	1791	1597	2365	416	273	312
SC_RS32790	NC_003888.3	6711507	6713030	+	1524	212	193	301	1049	876	1495	325	168	236
SC_RS32795	NC_003888.3	6713089	6714015	-	927	87	67	92	132	139	134	126	49	107
SC_RS32800	NC_003888.3	6714012	6715769	-	1758	45	36	55	37	38	41	155	47	150
SC_RS32805	NC_003888.3	6715766	6716659	-	894	11	22	29	18	19	21	124	33	88
SC_RS32810	NC_003888.3	6716656	6717615	-	960	15	20	14	16	14	18	117	30	90
SC_RS32815	NC_003888.3	6717677	6719485	-	1809	41	37	53	33	38	27	252	92	199
SC_RS32820	NC_003888.3	6719695	6720918	+	1224	65	76	78	34	38	23	164	64	145
SC_RS32825	NC_003888.3	6720968	6722509	+	1542	41	42	66	41	25	43	218	70	168
SC_RS32830	NC_003888.3	6722506	6723300	+	795	47	27	29	19	29	24	83	26	57
SC_RS32835	NC_003888.3	6723358	6724296	+	939	84	64	97	119	92	126	182	108	167
SC_RS32840	NC_003888.3	6724307	6724990	+	684	59	49	83	66	35	61	119	34	94
SC_RS32845	NC_003888.3	6725136	6725624	+	489	126	125	143	45	31	37	91	53	68
SC_RS32850	NC_003888.3	6725692	6726270	-	579	367	366	479	93	100	95	159	93	113
SC_RS32855	NC_003888.3	6726363	6726809	+	447	29	16	43	6	9	6	58	13	60
SC_RS32860	NC_003888.3	6726883	6727275	-	393	22	18	37	7	12	11	33	14	36
SC_RS32865	NC_003888.3	6727376	6727561	-	186	5	4	9	13	7	12	27	9	17
SC_RS32870	NC_003888.3	6727703	6728032	+	330	69	50	76	39	28	47	72	63	73
SC_RS32875	NC_003888.3	6728081	6728752	+	672	108	87	112	61	57	53	91	60	109
SC_RS32880	NC_003888.3	6728774	6729088	-	315	154	144	222	208	122	148	218	159	167
SC_RS32885	NC_003888.3	6729231	6730739	+	1509	150	114	212	498	327	494	503	378	397
SC_RS32890	NC_003888.3	6730693	6730926	-	234	59	53	73	149	142	123	141	121	103
SC_RS32895	NC_003888.3	6730923	6731741	-	819	13	6	18	151	145	159	295	202	281
SC_RS32900	NC_003888.3	6731827	6732270	+	444	18	15	15	16	17	8	57	10	43
SC_RS32905	NC_003888.3	6732336	6733691	-	1356	244	235	312	460	489	438	261	112	171
SC_RS32910	NC_003888.3	6733884	6734480	-	597	95	74	94	62	42	59	75	45	59
SC_RS32915	NC_003888.3	6734477	6735859	-	1383	326	284	401	149	106	142	230	117	202
SC_RS32920	NC_003888.3	6735856	6736854	-	999	195	169	273	102	88	102	170	98	171
SC_RS32925	NC_003888.3	6736851	6737525	-	675	77	86	79	46	43	45	90	48	84
SC_RS32930	NC_003888.3	6737522	6738478	-	957	686	601	840	202	138	162	285	189	275
SC_RS32935	NC_003888.3	6738552	6739466	-	915	73	58	78	39	51	50	149	50	109
SC_RS32940	NC_003888.3	6739627	6740469	+	843	5	9	13	12	8	13	86	31	97
SC_RS32945	NC_003888.3	6740466	6741632	+	1167	181	168	240	283	208	272	231	176	228
SC_RS32950	NC_003888.3	6741629	6742288	+	660	91	96	126	122	124	115	149	68	126
SC_RS32955	NC_003888.3	6742307	6742843	-	537	18	25	30	39	17	32	87	44	82
SC_RS32960	NC_003888.3	6742964	6743446	+	483	2	6	10	3	4	5	68	10	42
SC_RS32965	NC_003888.3	6743443	6744198	+	756	41	37	55	25	10	18	104	26	75
SC_RS32970	NC_003888.3	6744201	6744770	-	570	188	162	224	131	102	122	205	124	171
SC_RS32975	NC_003888.3	6744922	6746640	+	1719	54	46	71	4586	4353	4266	526	305	359
SC_RS32980	NC_003888.3	6746637	6747161	+	525	100	94	140	837	652	675	112	71	98
SC_RS32985	NC_003888.3	6747192	6748448	-	1257	236	210	284	142	137	166	234	126	175
SC_RS32990	NC_003888.3	6748555	6749883	+	1329	1454	1565	1979	1123	851	1160	1401	1272	1245
SC_RS32995	NC_003888.3	6750131	6751231	+	1101	308	311	383	50	42	52	184	60	177
SC_RS33000	NC_003888.3	6751253	6752737	+	1485	43	42	49	138	96	119	215	106	183
SC_RS33005	NC_003888.3	6752734	6753294	+	561	15	24	25	103	93	81	159	108	117
SC_RS33010	NC_003888.3	6753257	6753739	-	483	48	50	59	51	52	36	136	72	78
SC_RS33015	NC_003888.3	6753801	6754784	-	984	287	240	358	180	142	135	328	197	275
SC_RS33020	NC_003888.3	6755074	6756879	+	1806	64	50	64	837	725	782	1055	821	970
SC_RS33025	NC_003888.3	6756908	6758650	+	1743	42	41	62	444	500	551	478	313	375
SC_RS33030	NC_003888.3	6758794	6759201	+	408	33	24	44	164	115	156	255	212	213
SC_RS33035	NC_003888.3	6759259	6760323	-	1065	1140	1114	1645	2553	2090	1759	1441	1233	1065
SC_RS33040	NC_003888.3	6760581	6761426	-	846	396	259	457	887	844	1110	1072	943	970
SC_RS33045	NC_003888.3	6761595	6762416	+	822	678	514	845	240	232	214	401	313	376
SC_RS33050	NC_003888.3	6762662	6765049	-	2388	36	41	49	18	22	18	283	54	232
SC_RS33055	NC_003888.3	6765129	6765518	-	390	7	8	14	4	6	9	27	13	16
SC_RS33060	NC_003888.3	6765623	6766405	-	783	29	30	43	31	31	18	107	42	124
SC_RS33065	NC_003888.3	6766414	6767361	-	948	61	63	88	106	83	111	224	81	174
SC_RS33070	NC_003888.3	6767705	6768031	+	327	1	5	0	2	0	2	70	11	44
SC_RS33075	NC_003888.3	6768098	6768478	+	381	2	0	0	1	1	4	44	12	33
SC_RS33080	NC_003888.3	6768475	6769299	+	825	13	6	13	7	5	7	121	39	86
SC_RS33085	NC_003888.3	6770134	6770778	+	645	11	18	19	48	41	54	135	70	147
SC_RS33090	NC_003888.3	6770801	6771589	-	789	84	53	93	87	35	62	181	115	165
SC_RS33095	NC_003888.3	6771761	6773470	-	1710	1133	1041	1421	391	311	315	421	248	374
SC_RS33100	NC_003888.3	6773787	6774677	+	891	43	35	48	1	13	14	181	104	183
SC_RS33105	NC_003888.3	6774677	6775267	+	591	18	15	26	4	6	5	77	38	80
SC_RS33110	NC_003888.3	6775270	6777756	+	2487	56	42	65	57	19	32	430	177	297
SC_RS33115	NC_003888.3	6777908	6779365	+	1458	17	20	26	7	5	7	200	65	173
SC_RS33120	NC_003888.3	6779417	6780604	+	1188	14	5	12	10	6	10	151	61	145
SC_RS33125	NC_003888.3	6780609	6781592	+	984	27	19	37	450	433	322	162	97	131
SC_RS33130	NC_003888.3	6781601	6782482	-	882	114	96	121	2697	2501	2523	360	213	234
SC_RS33135	NC_003888.3	6782568	6783008	-	441	666	607	799	139	118	152	183	165	170
SC_RS33140	NC_003888.3	6783029	6783853	-	825	1234	1288	1380	195	172	225	202	137	189
SC_RS33145	NC_003888.3	6783983	6784975	+	993	292	279	349	92	99	93	218	149	194
SC_RS33150	NC_003888.3	6785096	6786736	+	1641	40	32	54	14	5	13	187	54	172
SC_RS33155	NC_003888.3	6786733	6787767	+	1035	3	2	1	3	0	1	136	19	71
SC_RS33160	NC_003888.3	6787764	6788621	+	858	3	1	10	6	0	3	85	18	74
SC_RS33165	NC_003888.3	6788618	6789625	+	1008	6	7	7	4	4	3	101	24	98
SC_RS33170	NC_003888.3	6789622	6790572	+	951	16	17	16	11	5	10	109	33	83
SC_RS33175	NC_003888.3	6790569	6791789	+	1221	3	3	2	8	2	4	151	24	90
SC_RS33180	NC_003888.3	6791786	6792481	+	696	1	0	1	3	2	3	86	19	57
SC_RS33185	NC_003888.3	6792490	6793869	+	1380	1	3	4	3	1	2	122	33	104
SC_RS33190	NC_003888.3	6794550	6795566	+	1017	4	6	6	4	4	2	140	19	102
SC_RS33195	NC_003888.3	6795563	6796516	+	954	4	7	6	5	2	5	103	23	102
SC_RS33200	NC_003888.3	6796513	6797409	+	897	18	12	21	4	5	1	101	28	75
SC_RS33205	NC_003888.3	6797459	6798373	-	915	9	6	4	4	9	7	124	45	115
SC_RS33210	NC_003888.3	6798812	6799918	+	1107	22	13	33	37	31	42	186	41	129
SC_RS33215	NC_003888.3	6800241	6803072	-	2832	309	311	400	459	329	380	481	298	427
SC_RS33220	NC_003888.3	6803232	6804071	-	840	68	47	63	109	79	88	305	246	307
SC_RS33225	NC_003888.3	6804196	6805872	+	1677	57	58	79	535	483	454	416	234	382
SC_RS33230	NC_003888.3	6805869	6807494	+	1626	81	74	97	748	605	676	437	279	383
SC_RS33235	NC_003888.3	6807680	6808222	-	543	185	185	262	14286	9473	8726	1773	1533	1309
SC_RS33240	NC_003888.3	6808799	6812269	+	3471	96	68	108	14735	13388	17845	1855	1610	1437
SC_RS33245	NC_003888.3	6812501	6814648	+	2148	53	44	51	4897	4259	5750	839	657	671
SC_RS33250	NC_003888.3	6814657	6815349	-	693	26	18	24	292	246	256	499	396	492
SC_RS33255	NC_003888.3	6815497	6817281	+	1785	9	13	18	38	21	44	246	59	189
SC_RS33260	NC_003888.3	6817450	6818094	-	645	17	8	6	55	40	37	354	342	332
SC_RS33265	NC_003888.3	6818162	6818422	-	261	1	0	2	6	5	6	43	13	19
SC_RS33270	NC_003888.3	6818863	6820326	-	1464	19	18	25	50	45	34	236	88	196
SC_RS33275	NC_003888.3	6820531	6821421	-	891	18	17	22	58	77	63	191	129	158
SC_RS33280	NC_003888.3	6821469	6822308	-	840	25	12	17	58	65	58	148	91	144
SC_RS33285	NC_003888.3	6822451	6822717	+	267	105	72	126	505	405	346	329	259	280
SC_RS33290	NC_003888.3	6822714	6823082	+	369	79	76	105	364	364	363	196	213	160
SC_RS33295	NC_003888.3	6823232	6823747	+	516	14	8	7	26	44	41	97	32	80
SC_RS33300	NC_003888.3	6823744	6824145	+	402	21	14	10	37	25	29	74	34	35
SC_RS33305	NC_003888.3	6824153	6825088	+	936	23	10	22	55	68	70	150	73	135
SC_RS33310	NC_003888.3	6825153	6826568	+	1416	10	9	15	18	34	32	172	51	131
SC_RS33315	NC_003888.3	6826642	6828039	+	1398	30	15	34	29	31	32	186	36	160
SC_RS33320	NC_003888.3	6828295	6829683	+	1389	53	50	64	34	30	25	199	67	155
SC_RS33325	NC_003888.3	6830005	6830142	+	138	149	163	185	59	67	63	77	48	47
SC_RS33330	NC_003888.3	6830158	6830580	-	423	325	285	371	229	180	210	150	121	127
SC_RS33335	NC_003888.3	6830637	6831287	-	651	1056	850	1321	334	258	291	302	209	261
SC_RS33340	NC_003888.3	6831346	6831945	-	600	992	911	1263	826	590	630	527	349	434
SC_RS33345	NC_003888.3	6832135	6835920	+	3786	1913	1858	2434	1630	1260	1440	752	424	601
SC_RS33350	NC_003888.3	6836057	6842608	+	6552	1727	1645	2142	1171	877	1169	993	401	855
SC_RS33355	NC_003888.3	6842700	6843161	+	462	159	160	224	85	70	88	70	66	92
SC_RS33360	NC_003888.3	6843172	6844380	-	1209	372	380	412	167	163	165	284	142	227
SC_RS33365	NC_003888.3	6844468	6845118	+	651	56	63	86	8	15	14	86	33	75
SC_RS33370	NC_003888.3	6845172	6845987	-	816	1517	1425	1902	287	287	297	180	97	150
SC_RS33375	NC_003888.3	6845987	6847252	-	1266	2984	2799	3426	570	504	628	308	159	203
SC_RS33380	NC_003888.3	6847315	6848841	-	1527	40	47	36	37	29	35	171	68	174
SC_RS33385	NC_003888.3	6848969	6850522	+	1554	26	23	39	27	27	23	199	53	149
SC_RS33390	NC_003888.3	6850590	6851204	+	615	80	89	112	167	129	155	246	283	296
SC_RS33395	NC_003888.3	6851212	6852093	-	882	17	18	11	8	16	16	85	47	80
SC_RS33400	NC_003888.3	6852090	6853064	-	975	17	20	21	14	11	11	87	26	78
SC_RS33405	NC_003888.3	6853107	6854429	-	1323	21	16	11	15	10	10	162	56	139
SC_RS33410	NC_003888.3	6854701	6857163	+	2463	32	30	46	45	25	30	325	69	231
SC_RS33415	NC_003888.3	6857160	6858188	+	1029	139	106	167	116	118	149	267	165	225
SC_RS33420	NC_003888.3	6858440	6859594	+	1155	9	14	16	25	17	12	150	40	114
SC_RS33425	NC_003888.3	6859658	6859903	-	246	47	38	56	130	101	133	127	84	90
SC_RS33430	NC_003888.3	6859900	6860733	-	834	25	10	22	40	49	33	151	68	124
SC_RS33435	NC_003888.3	6860882	6861364	+	483	1	2	2	2	4	4	71	15	67
SC_RS33440	NC_003888.3	6861417	6862082	+	666	20	23	23	25	27	37	110	27	83
SC_RS33445	NC_003888.3	6862307	6863275	-	969	16	12	12	33	31	22	127	51	131
SC_RS33450	NC_003888.3	6863358	6864092	-	735	15	5	14	15	13	12	123	47	135
SC_RS33455	NC_003888.3	6864326	6864658	+	333	3	1	0	0	2	0	48	15	42
SC_RS33460	NC_003888.3	6864755	6865669	+	915	83	82	97	58	59	60	113	46	108
SC_RS33465	NC_003888.3	6865736	6867358	-	1623	94	102	113	393	391	419	454	355	345
SC_RS33470	NC_003888.3	6867543	6868166	-	624	23	18	31	64	52	49	89	54	84
SC_RS33475	NC_003888.3	6868320	6868634	+	315	76	70	112	494	393	277	441	369	348
SC_RS33480	NC_003888.3	6868657	6869469	-	813	234	213	285	135	136	160	224	93	174
SC_RS33485	NC_003888.3	6869725	6871062	+	1338	49	46	52	236	193	179	379	206	346
SC_RS33490	NC_003888.3	6871127	6872257	+	1131	55	59	90	125	108	103	195	149	201
SC_RS33495	NC_003888.3	6872329	6873105	-	777	11	6	11	14	14	10	75	21	73
SC_RS33500	NC_003888.3	6873230	6873760	+	531	7	8	10	12	3	11	52	10	56
SC_RS33505	NC_003888.3	6873849	6874406	+	558	0	6	2	2	1	3	66	20	73
SC_RS33510	NC_003888.3	6874704	6874904	-	201	4	0	2	1	0	0	19	6	19
SC_RS33515	NC_003888.3	6875083	6876336	+	1254	29	30	34	45	40	34	201	56	144
SC_RS33520	NC_003888.3	6876381	6877070	+	690	59	54	92	43	47	50	129	51	76
SC_RS33525	NC_003888.3	6877162	6878175	-	1014	69	60	78	106	104	84	223	101	187
SC_RS33530	NC_003888.3	6878304	6879041	+	738	64	70	93	68	81	69	140	65	131
SC_RS33535	NC_003888.3	6879297	6880301	+	1005	602	631	769	24	37	43	143	48	113
SC_RS33540	NC_003888.3	6880298	6881338	+	1041	281	264	355	30	40	39	131	50	119
SC_RS33545	NC_003888.3	6881335	6882126	+	792	244	214	263	10	7	12	111	28	82
SC_RS33550	NC_003888.3	6882242	6883390	+	1149	396	396	447	177	164	184	222	101	180
SC_RS33555	NC_003888.3	6883387	6883968	+	582	166	137	195	81	83	103	146	71	109
SC_RS33560	NC_003888.3	6884138	6887071	+	2934	1685	1514	2189	315	254	299	552	295	533
SC_RS33565	NC_003888.3	6887515	6889461	+	1947	272	269	313	87	55	66	260	92	244
SC_RS33570	NC_003888.3	6889624	6890412	+	789	410	300	418	969	868	861	861	999	950
SC_RS33575	NC_003888.3	6890528	6891175	-	648	208	150	228	1181	1075	1084	433	379	334
SC_RS33580	NC_003888.3	6891293	6892237	+	945	85	78	92	323	298	290	299	237	257
SC_RS33585	NC_003888.3	6892353	6893207	+	855	39	29	56	194	152	179	144	92	143
SC_RS33590	NC_003888.3	6893258	6894079	-	822	8	12	7	114	97	98	244	102	161
SC_RS33595	NC_003888.3	6894148	6895200	-	1053	7	6	8	61	46	63	92	44	80
SC_RS33600	NC_003888.3	6895193	6897085	-	1893	20	19	28	217	201	198	197	153	180
SC_RS33605	NC_003888.3	6897089	6898861	-	1773	5	4	13	207	157	142	216	150	142
SC_RS33610	NC_003888.3	6899170	6900822	+	1653	13	11	8	367	263	469	367	224	327
SC_RS33615	NC_003888.3	6900898	6907317	-	6420	177	166	220	4370	4012	3797	3566	3329	2968
SC_RS33620	NC_003888.3	6907413	6918101	-	10689	241	211	287	3709	2927	2907	3370	2568	2746
SC_RS33625	NC_003888.3	6918286	6931959	-	13674	39	31	56	4369	3559	3285	3452	2367	2892
SC_RS33630	NC_003888.3	6932285	6933607	+	1323	11	14	12	7836	6709	6318	9215	9016	6949
SC_RS33635	NC_003888.3	6933604	6934464	+	861	99	79	110	2938	2683	2572	3809	3437	2683
SC_RS33640	NC_003888.3	6934507	6936138	+	1632	18	11	22	8366	7390	6273	9264	8457	7176
SC_RS33645	NC_003888.3	6936149	6937705	+	1557	14	9	13	10608	9288	9247	10435	11034	8480
SC_RS33650	NC_003888.3	6938024	6939643	+	1620	72	47	64	8077	6541	7009	3485	3025	2634
SC_RS33655	NC_003888.3	6939907	6941544	+	1638	8	7	12	1171	1030	1168	1318	1121	1063
SC_RS33660	NC_003888.3	6941746	6942516	-	771	7	5	3	59148	51663	49378	67223	67213	54431
SC_RS33665	NC_003888.3	6942661	6943506	+	846	35	30	35	12415	11145	9806	10761	10684	8344
SC_RS33670	NC_003888.3	6943673	6945265	+	1593	21	34	37	4423	4058	3792	4691	4569	3750
SC_RS33675	NC_003888.3	6945280	6945543	+	264	5	7	6	1030	1047	957	1251	1434	1129
SC_RS33680	NC_003888.3	6945705	6946379	-	675	25	29	41	1370	1352	1302	2160	1715	1958
SC_RS33685	NC_003888.3	6946617	6947423	+	807	2	9	7	96	77	71	155	85	106
SC_RS33690	NC_003888.3	6947569	6948414	+	846	7	8	13	201	170	173	243	146	210
SC_RS33695	NC_003888.3	6948595	6949758	+	1164	23	33	36	87	55	64	196	77	160
SC_RS33700	NC_003888.3	6949755	6950009	+	255	2	1	2	5	4	2	30	7	19
SC_RS33705	NC_003888.3	6950002	6951537	+	1536	25	22	38	88	50	68	206	89	160
SC_RS33710	NC_003888.3	6951534	6952430	+	897	20	22	25	154	132	159	251	173	207
SC_RS33715	NC_003888.3	6952433	6953434	+	1002	44	41	48	131	112	144	208	138	204
SC_RS33720	NC_003888.3	6953679	6954356	-	678	324	285	413	112	92	128	266	161	221
SC_RS33725	NC_003888.3	6954616	6956604	+	1989	73	50	65	160	108	81	476	326	429
SC_RS33730	NC_003888.3	6956543	6957022	-	480	22	21	23	23	15	15	66	33	57
SC_RS33735	NC_003888.3	6957019	6957975	-	957	93	79	100	20	19	30	137	44	126
SC_RS33740	NC_003888.3	6957972	6958898	-	927	73	71	83	20	21	34	107	37	113
SC_RS33745	NC_003888.3	6958987	6959844	-	858	123	80	139	27	31	41	104	62	100
SC_RS33750	NC_003888.3	6959963	6961810	-	1848	4	13	11	36	53	26	220	77	192
SC_RS33755	NC_003888.3	6962069	6962281	+	213	5	4	6	4	3	7	32	17	32
SC_RS33760	NC_003888.3	6962349	6963320	-	972	43	24	26	16	10	21	135	38	91
SC_RS33765	NC_003888.3	6963368	6964300	-	933	14	17	19	39	27	41	126	32	110
SC_RS33770	NC_003888.3	6964306	6965304	-	999	22	7	15	25	28	35	110	35	95
SC_RS33775	NC_003888.3	6965355	6966485	-	1131	37	19	39	39	21	34	164	50	124
SC_RS33780	NC_003888.3	6966512	6967474	-	963	28	30	37	39	42	33	100	42	97
SC_RS33785	NC_003888.3	6967471	6968472	-	1002	29	24	42	39	44	40	118	36	110
SC_RS33790	NC_003888.3	6968600	6969571	+	972	34	26	51	7	15	11	143	30	126
SC_RS33795	NC_003888.3	6970033	6971376	+	1344	660	667	909	1301	1344	1429	906	675	588
SC_RS33800	NC_003888.3	6971557	6971979	+	423	80	66	107	46	50	64	102	54	78
SC_RS33805	NC_003888.3	6972028	6972675	-	648	801	749	917	490	481	505	728	643	593
SC_RS33810	NC_003888.3	6972975	6974066	-	1092	5	0	7	7	5	11	147	25	114
SC_RS33815	NC_003888.3	6975868	6976401	-	534	127	138	205	187	146	148	177	88	154
SC_RS33820	NC_003888.3	6976897	6977634	+	738	191	209	245	58	80	82	137	66	132
SC_RS33825	NC_003888.3	6977697	6979403	-	1707	809	812	1047	755	569	639	554	358	414
SC_RS33830	NC_003888.3	6980436	6981524	+	1089	71	62	99	158	115	123	268	141	220
SC_RS33835	NC_003888.3	6982211	6982723	+	513	17	15	22	22	17	24	98	29	80
SC_RS33840	NC_003888.3	6982905	6983147	+	243	3	1	1	29	19	27	43	12	35
SC_RS33845	NC_003888.3	6983231	6983887	-	657	22	17	22	665	482	599	220	121	165
SC_RS33850	NC_003888.3	6984273	6984983	+	711	10	6	14	21	26	48	96	40	115
SC_RS33855	NC_003888.3	6985448	6986761	-	1314	10	7	17	11	10	9	144	36	124
SC_RS33860	NC_003888.3	6986787	6987242	-	456	10	9	10	10	11	4	55	14	75
SC_RS33865	NC_003888.3	6987274	6987738	-	465	5	5	8	6	3	6	51	13	52
SC_RS33870	NC_003888.3	6987864	6988244	-	381	10	8	11	7	6	7	43	11	50
SC_RS33875	NC_003888.3	6988456	6989079	+	624	12	8	11	8	4	6	87	15	70
SC_RS33880	NC_003888.3	6989076	6990485	+	1410	9	6	10	5	3	5	177	35	126
SC_RS33885	NC_003888.3	6990537	6990734	-	198	0	2	2	2	2	3	37	6	14
SC_RS33890	NC_003888.3	6990876	6991409	-	534	13	13	15	11	13	5	84	22	90
SC_RS33895	NC_003888.3	6991755	6994433	-	2679	27	26	38	54	53	53	354	130	356
SC_RS33900	NC_003888.3	6994439	6994627	-	189	12	32	20	27	20	31	63	47	51
SC_RS33905	NC_003888.3	6995104	6995605	+	502	23	23	33	10	9	11	130	21	99
SC_RS33910	NC_003888.3	6996518	6997698	-	1181	5	1	8	5	3	0	146	30	126
SC_RS33915	NC_003888.3	6998012	6999361	+	1350	452	430	583	177	197	229	292	153	245
SC_RS33920	NC_003888.3	6999405	7000040	+	636	164	171	204	58	58	91	118	51	99
SC_RS33925	NC_003888.3	7000095	7000874	+	780	1114	1000	1417	235	206	251	221	205	205
SC_RS33930	NC_003888.3	7000969	7001376	+	408	178	165	209	172	94	130	173	114	133
SC_RS33935	NC_003888.3	7001616	7003223	-	1608	96	79	110	21	36	35	236	70	201
SC_RS33940	NC_003888.3	7003454	7004212	+	759	7	0	6	3	2	2	117	25	75
SC_RS33945	NC_003888.3	7004372	7004848	+	477	1	1	1	0	2	0	34	7	38
SC_RS33950	NC_003888.3	7004952	7006739	+	1788	45	35	50	3	8	2	200	47	137
SC_RS33955	NC_003888.3	7006807	7010859	-	4053	32	27	41	21	18	20	513	96	411
SC_RS33960	NC_003888.3	7011086	7012171	+	1086	109	126	123	159	160	154	229	106	190
SC_RS33965	NC_003888.3	7012204	7012788	-	585	25	36	37	26	24	26	92	27	56
SC_RS33970	NC_003888.3	7012868	7013566	+	699	122	131	190	86	73	85	107	54	86
SC_RS33975	NC_003888.3	7013618	7014043	-	426	57	40	60	36	34	30	73	57	82
SC_RS33980	NC_003888.3	7014907	7016286	-	1380	43	40	47	57	38	32	220	75	166
SC_RS33985	NC_003888.3	7016283	7016945	-	663	29	16	29	21	20	20	89	30	56
SC_RS33990	NC_003888.3	7016899	7017717	-	819	39	39	40	14	7	16	96	35	79
SC_RS33995	NC_003888.3	7017714	7018319	-	606	28	19	22	6	5	6	59	17	56
SC_RS34000	NC_003888.3	7018316	7018984	-	669	46	47	49	16	15	11	95	24	79
SC_RS34005	NC_003888.3	7019120	7019509	+	390	325	353	471	151	80	115	153	129	141
SC_RS34010	NC_003888.3	7019506	7020435	+	930	195	161	203	63	38	65	173	75	137
SC_RS34015	NC_003888.3	7020934	7021872	+	939	95	117	130	207	153	175	246	158	203
SC_RS34020	NC_003888.3	7021869	7022708	+	840	63	57	70	83	88	78	138	77	129
SC_RS34025	NC_003888.3	7022736	7024016	+	1281	27	29	38	61	50	65	217	79	145
SC_RS34030	NC_003888.3	7024013	7024681	+	669	12	12	6	15	9	24	89	20	68
SC_RS34035	NC_003888.3	7024745	7025473	-	729	7	7	12	7	9	5	84	18	60
SC_RS34040	NC_003888.3	7025526	7028168	-	2643	14	9	15	9	11	17	279	55	219
SC_RS34045	NC_003888.3	7028165	7028854	-	690	10	15	28	6	5	3	66	22	50
SC_RS34050	NC_003888.3	7028841	7029569	-	729	3	1	4	3	8	3	66	13	62
SC_RS34055	NC_003888.3	7029575	7030195	-	621	0	1	4	14	5	6	65	17	81
SC_RS34060	NC_003888.3	7030354	7031664	+	1311	6	14	12	28	18	33	153	27	141
SC_RS34065	NC_003888.3	7031672	7032706	-	1035	0	3	1	9	5	16	115	21	93
SC_RS34070	NC_003888.3	7032798	7033637	+	840	52	34	57	19	15	10	129	40	101
SC_RS34075	NC_003888.3	7034266	7035663	-	1398	51	42	51	131	85	88	284	151	239
SC_RS34080	NC_003888.3	7035788	7037224	-	1437	123	91	129	64	41	47	242	90	181
SC_RS34085	NC_003888.3	7037737	7038399	-	663	53	52	44	126	109	119	276	216	215
SC_RS34090	NC_003888.3	7038757	7039656	+	900	34	29	21	32	33	42	146	38	109
SC_RS34095	NC_003888.3	7039699	7040895	-	1197	35	30	25	40	15	36	171	52	155
SC_RS34100	NC_003888.3	7041525	7042076	-	552	14	14	15	16	13	6	80	24	85
SC_RS34105	NC_003888.3	7042054	7042737	-	684	16	11	15	12	8	9	64	18	59
SC_RS34110	NC_003888.3	7042854	7043107	+	254	56	68	91	76	71	70	110	82	95
SC_RS34115	NC_003888.3	7043724	7045040	-	1317	40	26	38	29	25	33	247	80	199
SC_RS34120	NC_003888.3	7046100	7046327	-	228	53	40	53	35	51	64	100	52	100
SC_RS34125	NC_003888.3	7046618	7047526	+	909	216	213	288	208	181	169	318	197	269
SC_RS34130	NC_003888.3	7047960	7048069	+	110	62	51	48	31	22	26	73	24	74
SC_RS34135	NC_003888.3	7048443	7049126	-	684	45	35	54	43	27	29	139	43	112
SC_RS34140	NC_003888.3	7049382	7051151	-	1770	23	8	16	335	272	302	446	292	382
SC_RS34145	NC_003888.3	7051526	7053478	-	1953	211	204	252	96	121	135	388	154	312
SC_RS34150	NC_003888.3	7053625	7053826	+	202	0	0	0	1	2	2	45	8	36
SC_RS34155	NC_003888.3	7054118	7054684	+	567	6	3	10	6	7	3	73	15	65
SC_RS34160	NC_003888.3	7054853	7055865	+	1013	29	20	17	26	20	25	144	47	121
SC_RS34165	NC_003888.3	7056261	7057292	+	1032	184	186	267	252	252	252	421	313	372
SC_RS34170	NC_003888.3	7057809	7059026	+	1218	4	2	2	2	5	6	14	6	7
SC_RS34175	NC_003888.3	7059104	7060183	-	1080	3	3	12	5	2	2	123	23	113
SC_RS34180	NC_003888.3	7060486	7061838	+	1353	131	129	158	2325	1984	2190	1375	914	1135
SC_RS34185	NC_003888.3	7061835	7062605	+	771	82	53	79	701	652	735	662	365	515
SC_RS34190	NC_003888.3	7063063	7063575	+	513	1	3	8	46	29	47	80	25	83
SC_RS34195	NC_003888.3	7063621	7064501	+	881	0	0	1	0	2	4	19	2	18
SC_RS34200	NC_003888.3	7064517	7065221	+	705	30	37	36	87	92	80	144	84	148
SC_RS34205	NC_003888.3	7065214	7065699	-	486	64	46	73	304	234	264	371	275	307
SC_RS34210	NC_003888.3	7066309	7067553	+	1245	0	0	0	0	0	0	0	0	0
SC_RS34215	NC_003888.3	7067605	7068132	-	528	0	3	1	1	0	0	20	2	11
SC_RS34220	NC_003888.3	7069508	7071526	+	2019	310	272	379	640	582	657	455	267	321
SC_RS34225	NC_003888.3	7071453	7071791	-	339	55	39	76	120	82	94	63	25	49
SC_RS34230	NC_003888.3	7071944	7073755	+	1812	196	177	229	345	269	292	453	242	350
SC_RS34235	NC_003888.3	7073756	7076284	-	2529	85	72	115	120	99	122	337	156	301
SC_RS34240	NC_003888.3	7076437	7077213	-	777	104	102	128	91	61	85	187	112	143
SC_RS34245	NC_003888.3	7077312	7077563	+	252	70	63	101	127	89	127	141	109	121
SC_RS34250	NC_003888.3	7077746	7078588	+	843	70	66	77	134	143	137	179	91	159
SC_RS34255	NC_003888.3	7078585	7079868	+	1284	26	32	41	83	64	84	242	98	149
SC_RS34260	NC_003888.3	7079908	7081521	+	1614	21	24	33	66	45	60	225	81	200
SC_RS34265	NC_003888.3	7081657	7082499	+	843	4	6	4	23	17	9	101	37	89
SC_RS34270	NC_003888.3	7082535	7083938	+	1404	8	12	24	98	57	92	241	80	177
SC_RS34275	NC_003888.3	7083950	7084972	+	1023	5	12	11	55	49	63	155	59	182
SC_RS34280	NC_003888.3	7085082	7086635	+	1554	41	39	52	61	58	66	287	72	198
SC_RS34285	NC_003888.3	7086736	7088364	-	1629	122	148	191	203	170	173	230	83	208
SC_RS34290	NC_003888.3	7088518	7089174	-	657	65	54	87	60	57	77	139	61	108
SC_RS34295	NC_003888.3	7089432	7090445	-	1014	9	5	13	6	0	3	116	26	106
SC_RS34300	NC_003888.3	7090613	7091761	+	1149	37	42	50	94	86	66	646	577	634
SC_RS34305	NC_003888.3	7091758	7092432	+	675	40	42	65	176	130	108	380	366	358
SC_RS34310	NC_003888.3	7092451	7093515	-	1065	121	97	116	768	530	809	441	378	422
SC_RS34315	NC_003888.3	7093614	7094582	-	969	12	10	7	11	7	7	126	31	127
SC_RS34320	NC_003888.3	7094757	7095527	+	771	26	24	27	16	13	14	89	25	86
SC_RS34325	NC_003888.3	7095676	7096188	+	513	2	2	2	24	25	41	99	30	57
SC_RS34330	NC_003888.3	7096185	7097480	+	1296	10	6	10	122	97	131	231	119	194
SC_RS34335	NC_003888.3	7097567	7104511	-	6945	39	28	56	1253	970	1182	940	352	828
SC_RS34340	NC_003888.3	7104914	7106290	+	1377	11	4	7	147	246	65	362	167	272
SC_RS34345	NC_003888.3	7106284	7108176	+	1893	21	19	20	160	226	78	488	298	396
SC_RS34350	NC_003888.3	7108264	7111779	+	3516	17	15	21	203	295	119	655	337	512
SC_RS34355	NC_003888.3	7111866	7116089	+	4224	45	42	47	96	125	42	644	311	539
SC_RS34360	NC_003888.3	7116086	7116493	+	408	8	3	8	22	26	21	186	119	140
SC_RS34365	NC_003888.3	7116513	7117874	+	1362	11	13	10	78	68	35	409	238	300
SC_RS34370	NC_003888.3	7117871	7118257	+	387	6	9	13	29	45	20	179	136	123
SC_RS34375	NC_003888.3	7118254	7119774	+	1521	17	11	19	44	56	47	287	213	273
SC_RS34380	NC_003888.3	7119848	7121122	+	1275	18	24	19	45	59	29	279	165	243
SC_RS34385	NC_003888.3	7121125	7122447	+	1323	520	493	602	587	669	569	516	360	378
SC_RS34390	NC_003888.3	7122416	7122844	-	429	172	186	236	180	182	172	196	135	152
SC_RS34395	NC_003888.3	7123131	7123883	+	753	20	15	21	62	67	55	892	870	865
SC_RS34400	NC_003888.3	7123886	7125292	+	1407	13	5	14	29	20	25	523	388	452
SC_RS34405	NC_003888.3	7125293	7126396	+	1104	7	5	14	36	11	17	422	283	426
SC_RS34410	NC_003888.3	7126477	7127388	+	912	2	2	6	7	10	10	187	98	169
SC_RS34415	NC_003888.3	7127545	7129407	+	1863	123	126	152	83	97	112	298	142	238
SC_RS34420	NC_003888.3	7129505	7130350	+	846	1533	1435	2064	1286	964	1064	311	207	261
SC_RS34425	NC_003888.3	7130456	7131346	+	891	351	319	425	491	399	466	221	142	182
SC_RS34430	NC_003888.3	7131401	7132084	-	684	49	49	44	286	212	307	115	56	100
SC_RS34435	NC_003888.3	7132198	7133130	+	933	91	83	104	402	335	326	279	223	185
SC_RS34440	NC_003888.3	7133238	7134647	+	1410	419	446	487	433	335	465	495	330	418
SC_RS34445	NC_003888.3	7134644	7135153	+	510	39	55	57	43	37	39	93	42	71
SC_RS34450	NC_003888.3	7135277	7136905	+	1629	4148	3765	5060	5785	4839	5019	2250	1939	1601
SC_RS34455	NC_003888.3	7136938	7137906	+	969	1825	1682	2230	1555	1290	1471	756	657	626
SC_RS34460	NC_003888.3	7137945	7138841	+	897	1118	1051	1307	666	579	704	393	305	240
SC_RS34465	NC_003888.3	7138838	7139845	+	1008	426	420	447	304	229	394	256	98	195
SC_RS34470	NC_003888.3	7139838	7140506	+	669	389	415	459	385	331	376	189	153	164
SC_RS34475	NC_003888.3	7140529	7141923	-	1395	612	616	826	2315	1962	2046	1193	1211	1115
SC_RS34480	NC_003888.3	7142206	7146129	+	3924	21	24	37	238	206	225	460	132	397
SC_RS34485	NC_003888.3	7146169	7147047	+	879	26	24	19	9	15	10	92	17	65
SC_RS34490	NC_003888.3	7147028	7147390	-	363	47	37	82	43	31	42	68	36	58
SC_RS34495	NC_003888.3	7147460	7149376	+	1917	48	60	92	18	13	16	213	47	179
SC_RS34500	NC_003888.3	7149456	7150940	+	1485	27	30	41	33	34	54	216	52	165
SC_RS34505	NC_003888.3	7151007	7151501	+	495	22	14	18	35	37	46	89	66	102
SC_RS34510	NC_003888.3	7151706	7152575	+	870	53	41	54	17	20	29	110	27	98
SC_RS34515	NC_003888.3	7152607	7153332	-	726	118	87	148	152	133	130	160	81	104
SC_RS34520	NC_003888.3	7153374	7153868	-	495	68	70	83	60	46	44	99	32	76
SC_RS34525	NC_003888.3	7154038	7155195	+	1158	373	361	454	510	426	378	476	320	376
SC_RS34530	NC_003888.3	7155465	7156283	-	819	3381	3062	4183	2939	2668	2240	1330	1119	1039
SC_RS34535	NC_003888.3	7156306	7156962	-	657	2472	2278	3232	1803	1678	1902	975	778	761
SC_RS34540	NC_003888.3	7157133	7158338	-	1206	521	527	705	934	805	799	890	643	692
SC_RS34545	NC_003888.3	7158341	7158853	-	513	153	189	211	372	346	289	174	122	155
SC_RS34550	NC_003888.3	7158859	7159878	-	1020	250	250	297	426	431	435	285	173	199
SC_RS34555	NC_003888.3	7159875	7161902	-	2028	150	144	180	112	88	95	267	65	209
SC_RS34560	NC_003888.3	7161921	7163258	-	1338	214	169	243	60	50	64	176	69	125
SC_RS34565	NC_003888.3	7163600	7164418	-	819	245	245	290	244	242	244	254	154	202
SC_RS34570	NC_003888.3	7164555	7166360	-	1806	65	52	80	29	29	21	304	113	254
SC_RS34575	NC_003888.3	7166743	7167336	+	594	54	50	36	186	176	161	234	173	224
SC_RS34580	NC_003888.3	7167374	7167913	-	540	172	184	212	178	169	181	163	100	160
SC_RS34585	NC_003888.3	7167910	7168308	-	399	132	127	167	106	82	146	127	90	102
SC_RS34590	NC_003888.3	7168375	7169964	-	1590	17	14	25	27	27	35	217	66	150
SC_RS34595	NC_003888.3	7170144	7170443	-	300	3	11	15	44	48	28	109	99	86
SC_RS34600	NC_003888.3	7170517	7171563	-	1047	33	35	43	87	49	56	299	226	194
SC_RS34605	NC_003888.3	7171800	7172243	+	444	1813	1726	2534	2442	2172	2306	1234	1125	1008
SC_RS34610	NC_003888.3	7172394	7174841	+	2448	529	536	693	384	418	377	444	273	378
SC_RS34615	NC_003888.3	7174989	7177493	+	2505	70	54	71	2223	1823	2296	2383	2164	2202
SC_RS34620	NC_003888.3	7177711	7178433	+	723	4	9	5	30	25	24	137	22	99
SC_RS34625	NC_003888.3	7178603	7179436	+	834	372	358	452	273	251	254	165	106	154
SC_RS34630	NC_003888.3	7179429	7180760	+	1332	543	515	668	410	320	389	287	167	234
SC_RS34635	NC_003888.3	7180803	7182770	+	1968	512	573	693	447	367	452	439	226	320
SC_RS34640	NC_003888.3	7182776	7183708	+	933	134	116	144	81	82	101	142	58	118
SC_RS34645	NC_003888.3	7183718	7184317	+	600	70	70	92	123	126	132	134	110	122
SC_RS34650	NC_003888.3	7184289	7184636	-	348	25	30	35	19	28	16	55	18	49
SC_RS34655	NC_003888.3	7184832	7186829	+	1998	74	66	74	382	356	396	466	282	415
SC_RS34660	NC_003888.3	7186861	7187208	-	348	37	37	62	482	343	420	273	229	229
SC_RS34665	NC_003888.3	7187289	7187840	+	552	21	26	17	59	32	46	99	52	73
SC_RS34670	NC_003888.3	7187926	7188888	-	963	14	9	20	14	13	17	132	32	93
SC_RS34675	NC_003888.3	7189075	7190964	+	1890	43	34	26	38	20	25	266	75	211
SC_RS34680	NC_003888.3	7190961	7192808	+	1848	13	6	17	22	16	37	221	73	168
SC_RS34685	NC_003888.3	7192859	7193764	+	906	1	5	2	7	3	5	85	19	86
SC_RS34690	NC_003888.3	7193830	7194222	+	393	37	49	50	72	61	91	165	136	135
SC_RS34695	NC_003888.3	7194294	7194728	+	435	21	19	38	72	56	106	126	130	107
SC_RS34700	NC_003888.3	7194725	7195498	+	774	64	40	80	146	120	142	236	226	197
SC_RS34705	NC_003888.3	7195503	7195766	+	264	11	17	9	33	20	38	48	48	53
SC_RS34710	NC_003888.3	7195763	7196482	+	720	57	60	64	135	78	130	200	169	161
SC_RS34715	NC_003888.3	7196479	7197609	+	1131	50	50	70	132	99	166	298	244	220
SC_RS34720	NC_003888.3	7197606	7197935	+	330	18	27	17	55	38	55	91	78	85
SC_RS34725	NC_003888.3	7197932	7198711	+	780	25	21	35	48	37	56	132	90	124
SC_RS34730	NC_003888.3	7198708	7198890	+	183	2	7	1	10	15	20	23	22	35
SC_RS34735	NC_003888.3	7198892	7199188	+	297	2	2	9	25	1	32	21	24	27
SC_RS34740	NC_003888.3	7199279	7199449	-	171	18	8	9	896	393	1001	92	71	78
SC_RS34745	NC_003888.3	7199504	7200325	-	822	54	39	80	5037	1929	4862	439	278	385
SC_RS34750	NC_003888.3	7200436	7201941	-	1506	104	115	106	70	52	67	186	111	179
SC_RS34755	NC_003888.3	7202065	7203684	+	1620	432	324	447	224	158	185	330	203	301
SC_RS34760	NC_003888.3	7203714	7204835	-	1122	60	48	72	32	21	37	162	63	107
SC_RS34765	NC_003888.3	7204898	7205176	+	279	13	7	8	7	10	5	59	17	32
SC_RS34770	NC_003888.3	7205258	7205800	-	543	19	13	18	50	16	58	103	62	74
SC_RS34775	NC_003888.3	7205826	7206224	-	399	21	18	15	57	32	61	107	52	65
SC_RS34780	NC_003888.3	7206433	7208823	+	2391	208	159	216	510	443	575	608	374	445
SC_RS34785	NC_003888.3	7208891	7209373	+	483	53	39	72	126	110	130	139	90	126
SC_RS34790	NC_003888.3	7209379	7209795	+	417	18	24	32	53	29	33	85	28	73
SC_RS34795	NC_003888.3	7210082	7210882	+	801	287	238	255	127	100	139	332	252	310
SC_RS34800	NC_003888.3	7211022	7211978	+	957	27	34	47	10	24	12	145	38	100
SC_RS34805	NC_003888.3	7212176	7213489	+	1314	31	29	32	121	107	132	267	216	248
SC_RS34810	NC_003888.3	7213486	7214526	+	1041	38	34	34	45	44	53	161	85	152
SC_RS34815	NC_003888.3	7214569	7215195	-	627	106	111	130	127	87	101	136	90	126
SC_RS34820	NC_003888.3	7215192	7215965	-	774	308	271	385	295	255	301	310	214	301
SC_RS34825	NC_003888.3	7216060	7216461	+	402	19	5	22	17	11	14	78	24	62
SC_RS34830	NC_003888.3	7216569	7218722	+	2154	451	369	502	197	203	305	534	433	488
SC_RS34835	NC_003888.3	7218804	7220228	+	1425	15	20	19	28	35	15	158	37	131
SC_RS34840	NC_003888.3	7220309	7221370	+	1062	31	17	20	10	6	16	142	23	99
SC_RS34845	NC_003888.3	7221367	7223199	+	1833	51	29	34	18	7	20	218	45	190
SC_RS34850	NC_003888.3	7223286	7223711	+	426	1251	1257	1640	10390	9366	10845	5664	6428	4533
SC_RS34855	NC_003888.3	7223740	7224462	-	723	180	180	210	204	205	194	250	167	181
SC_RS34860	NC_003888.3	7224459	7224953	-	495	25	18	26	8	3	10	49	10	46
SC_RS34865	NC_003888.3	7224958	7226553	-	1596	8	9	7	10	5	8	177	41	158
SC_RS34870	NC_003888.3	7226553	7230248	-	3696	29	31	43	24	11	17	438	96	369
SC_RS34875	NC_003888.3	7230397	7231212	-	816	77	57	96	84	69	73	164	58	152
SC_RS34880	NC_003888.3	7231262	7232125	-	864	187	139	190	181	141	188	249	115	201
SC_RS34885	NC_003888.3	7232354	7232779	+	426	19	27	37	25	31	26	64	34	44
SC_RS34890	NC_003888.3	7232761	7233579	-	819	111	104	126	136	117	147	169	121	167
SC_RS34895	NC_003888.3	7233669	7233974	+	306	155	139	189	154	100	102	166	124	142
SC_RS34900	NC_003888.3	7233979	7234725	+	747	69	65	82	98	80	83	166	106	126
SC_RS34905	NC_003888.3	7234796	7236691	+	1896	10	18	14	35	29	33	316	152	268
SC_RS34910	NC_003888.3	7236695	7236940	-	246	3	2	0	6	8	6	70	38	59
SC_RS34915	NC_003888.3	7237214	7237894	+	681	49	46	50	271	222	261	140	75	108
SC_RS34920	NC_003888.3	7237887	7240559	-	2673	60	34	53	119	74	78	331	66	258
SC_RS34925	NC_003888.3	7240806	7243727	-	2922	17	18	30	14	7	16	318	65	303
SC_RS34930	NC_003888.3	7244247	7245986	+	1740	8	9	11	7	14	15	187	57	175
SC_RS34935	NC_003888.3	7246146	7247090	+	945	55	67	80	116	105	112	207	101	168
SC_RS34940	NC_003888.3	7247175	7247876	+	702	137	104	152	287	288	331	185	138	161
SC_RS34945	NC_003888.3	7247934	7248767	-	834	1038	989	1184	2795	2482	3822	955	959	709
SC_RS34950	NC_003888.3	7248851	7250677	-	1827	67	55	78	9	12	15	205	50	197
SC_RS34955	NC_003888.3	7250906	7252420	-	1515	54	58	68	10	9	8	167	37	163
SC_RS34960	NC_003888.3	7252536	7253519	+	984	30	37	47	13	17	10	108	29	91
SC_RS34965	NC_003888.3	7253501	7254379	-	879	67	65	66	23	21	16	84	37	69
SC_RS34970	NC_003888.3	7254532	7255569	+	1038	16	12	16	20	22	13	109	33	106
SC_RS34975	NC_003888.3	7255596	7257542	-	1947	18	22	20	15	8	9	225	40	180
SC_RS34980	NC_003888.3	7257738	7258586	-	849	204	221	304	74	65	69	210	114	153
SC_RS34985	NC_003888.3	7258619	7259479	-	861	1	4	2	2	5	6	76	22	62
SC_RS34990	NC_003888.3	7259476	7261467	-	1992	6	8	7	4	6	5	228	56	185
SC_RS34995	NC_003888.3	7261448	7263376	-	1929	8	5	11	10	6	8	221	68	163
SC_RS35000	NC_003888.3	7263373	7264344	-	972	0	3	5	5	5	11	97	18	87
SC_RS35005	NC_003888.3	7264548	7265888	+	1341	25	9	12	4	14	13	150	26	109
SC_RS35010	NC_003888.3	7265857	7266009	+	153	8	3	12	15	8	7	47	18	29
SC_RS35015	NC_003888.3	7266172	7267122	+	951	309	320	326	43	39	43	116	53	91
SC_RS35020	NC_003888.3	7267256	7267933	+	678	693	690	875	336	220	239	302	233	230
SC_RS35025	NC_003888.3	7268197	7269378	+	1182	213	192	232	141	132	137	2003	1581	1449
SC_RS35030	NC_003888.3	7269589	7271106	+	1518	20	9	28	20	19	20	928	646	740
SC_RS35035	NC_003888.3	7271103	7272122	+	1020	17	19	11	36	12	26	644	530	536
SC_RS35040	NC_003888.3	7272140	7273186	+	1047	18	11	32	59	25	43	2571	2643	2185
SC_RS35045	NC_003888.3	7273272	7274564	+	1293	16	18	21	41	29	35	1167	963	1132
SC_RS35050	NC_003888.3	7274581	7275579	+	999	9	10	10	38	30	32	1506	1311	1261
SC_RS35055	NC_003888.3	7275867	7279583	+	3717	5	9	9	91	70	90	3663	3134	3246
SC_RS35060	NC_003888.3	7279753	7281006	+	1254	7	2	4	16	14	22	321	220	315
SC_RS35065	NC_003888.3	7281003	7282094	+	1092	14	14	28	23	21	28	232	200	252
SC_RS35070	NC_003888.3	7282091	7283038	+	948	3	6	3	9	2	14	178	63	92
SC_RS35075	NC_003888.3	7283052	7283789	+	738	10	11	4	9	4	6	169	67	139
SC_RS35080	NC_003888.3	7283789	7284637	+	849	18	15	34	13	10	15	243	111	184
SC_RS35085	NC_003888.3	7284641	7285816	+	1176	26	22	17	11	12	10	196	80	181
SC_RS35090	NC_003888.3	7285813	7287210	+	1398	66	62	76	28	12	20	383	212	303
SC_RS35095	NC_003888.3	7287325	7288539	+	1215	13	18	20	41	21	44	722	589	547
SC_RS35100	NC_003888.3	7288619	7289998	-	1380	13	10	15	17	18	11	165	48	151
SC_RS35105	NC_003888.3	7290122	7292266	-	2145	12	13	24	27	21	40	243	48	208
SC_RS35110	NC_003888.3	7292271	7293503	-	1233	55	60	78	86	63	104	445	253	348
SC_RS35115	NC_003888.3	7293515	7295197	-	1683	31	32	26	9	9	25	212	75	180
SC_RS35120	NC_003888.3	7295341	7296492	+	1152	6	2	3	2	1	3	159	37	129
SC_RS35125	NC_003888.3	7296507	7297433	+	927	1	2	3	5	3	4	86	22	62
SC_RS35130	NC_003888.3	7297430	7298992	+	1563	5	1	5	7	2	9	177	35	147
SC_RS35135	NC_003888.3	7299120	7300451	-	1332	2	3	7	39	21	25	139	40	126
SC_RS35140	NC_003888.3	7300604	7300688	+	85	25	20	34	22	16	18	33	21	33
SC_RS35145	NC_003888.3	7301063	7303123	+	2061	108	114	142	20	25	25	281	88	200
SC_RS35150	NC_003888.3	7303361	7305568	-	2208	2926	2751	3212	876	810	1129	722	564	636
SC_RS35155	NC_003888.3	7305602	7306108	-	507	601	522	671	155	141	205	129	114	124
SC_RS35160	NC_003888.3	7306230	7306619	-	390	291	255	330	168	166	151	157	133	111
SC_RS35165	NC_003888.3	7306616	7310059	-	3444	2324	2125	2552	1563	1352	1568	1135	911	896
SC_RS35170	NC_003888.3	7310408	7312216	-	1809	56	35	48	36	54	47	273	82	234
SC_RS35175	NC_003888.3	7312483	7313565	+	1083	6	3	6	59	57	60	164	52	117
SC_RS35180	NC_003888.3	7313660	7315429	+	1770	7	6	8	45	34	66	236	63	178
SC_RS35185	NC_003888.3	7315461	7318040	+	2580	14	18	26	53	39	49	333	80	289
SC_RS35190	NC_003888.3	7318137	7319177	+	1041	125	128	172	61	48	64	156	88	138
SC_RS35195	NC_003888.3	7319193	7319846	-	654	180	162	220	42	52	58	108	59	97
SC_RS35200	NC_003888.3	7320012	7321337	-	1326	11	5	11	7	3	3	150	30	128
SC_RS35205	NC_003888.3	7321513	7322829	+	1317	7	4	10	7	4	2	161	59	168
SC_RS35210	NC_003888.3	7322891	7323919	+	1029	11	19	29	13	17	14	114	39	105
SC_RS35215	NC_003888.3	7323927	7324766	+	840	8	11	9	11	9	11	85	23	92
SC_RS35220	NC_003888.3	7324811	7326169	+	1359	16	20	18	26	21	33	158	55	161
SC_RS35225	NC_003888.3	7326290	7326469	+	180	21	22	50	108	91	72	68	46	35
SC_RS35230	NC_003888.3	7326508	7327326	-	819	345	392	506	1111	984	1101	655	557	566
SC_RS35235	NC_003888.3	7327541	7328326	+	786	38	34	43	74	79	66	120	48	129
SC_RS35240	NC_003888.3	7328456	7330114	+	1659	91	68	98	236	191	203	406	225	302
SC_RS35245	NC_003888.3	7330247	7331275	+	1029	19	21	32	65	67	67	189	101	173
SC_RS35250	NC_003888.3	7331426	7332799	+	1374	26	29	24	21	18	23	190	48	157
SC_RS35255	NC_003888.3	7332818	7333378	-	561	15	11	12	22	17	15	68	22	69
SC_RS35260	NC_003888.3	7333403	7334332	-	930	26	20	29	21	7	20	115	31	69
SC_RS35265	NC_003888.3	7334456	7334863	+	408	84	91	124	31	35	48	60	48	87
SC_RS35270	NC_003888.3	7335116	7336225	+	1110	142	132	178	672	610	702	579	411	454
SC_RS35275	NC_003888.3	7336237	7337439	+	1203	72	62	94	266	244	323	336	177	253
SC_RS35280	NC_003888.3	7337453	7338883	-	1431	87	63	82	137	129	117	242	99	227
SC_RS35285	NC_003888.3	7338876	7339220	-	345	20	21	34	11	8	16	43	16	41
SC_RS35290	NC_003888.3	7339269	7339931	-	663	286	294	397	296	210	297	344	224	282
SC_RS35295	NC_003888.3	7339983	7340813	-	831	6	10	15	15	9	18	86	26	80
SC_RS35300	NC_003888.3	7340945	7341376	+	432	56	45	56	91	78	74	125	45	97
SC_RS35305	NC_003888.3	7341633	7342907	+	1275	378	355	407	221	185	249	958	1177	1127
SC_RS35310	NC_003888.3	7343142	7345028	+	1887	356	358	467	739	647	757	692	496	587
SC_RS35315	NC_003888.3	7345115	7347256	+	2142	996	965	1333	2411	2302	2374	2286	1690	1637
SC_RS35320	NC_003888.3	7347312	7347440	-	129	17474	16936	22794	85651	84573	75227	109638	124998	119959
SC_RS35325	NC_003888.3	7347733	7348320	+	588	48	36	54	920	815	795	512	414	452
SC_RS35330	NC_003888.3	7348537	7353210	+	4674	1203	1075	1359	1177	934	1226	1160	659	879
SC_RS35335	NC_003888.3	7353207	7356839	+	3633	1480	1430	1928	1715	1326	1603	1498	1108	1238
SC_RS35340	NC_003888.3	7356766	7357314	-	549	20	18	49	8	9	10	65	16	52
SC_RS35345	NC_003888.3	7357519	7358352	+	834	33	25	29	300	280	283	242	167	229
SC_RS35350	NC_003888.3	7358349	7358552	+	204	91	89	114	510	547	680	425	455	312
SC_RS35355	NC_003888.3	7358814	7359689	+	876	251	275	347	988	850	907	1096	735	828
SC_RS35360	NC_003888.3	7360045	7360494	+	450	284	280	374	936	664	705	888	782	802
SC_RS35365	NC_003888.3	7360544	7362409	+	1866	168	149	187	519	477	497	658	500	582
SC_RS35370	NC_003888.3	7362943	7366827	+	3885	672	608	774	827	715	890	1019	530	808
SC_RS35375	NC_003888.3	7366824	7369748	+	2925	580	521	635	524	482	606	744	493	619
SC_RS35380	NC_003888.3	7369817	7370869	-	1053	233	221	312	758	681	735	1171	995	917
SC_RS35385	NC_003888.3	7370866	7372683	-	1818	724	699	918	1778	1476	1526	2555	1927	1690
SC_RS35390	NC_003888.3	7372859	7374208	+	1350	362	358	465	308	264	344	421	270	370
SC_RS35395	NC_003888.3	7374208	7376403	+	2196	252	221	279	214	122	217	403	198	351
SC_RS35400	NC_003888.3	7376413	7377627	-	1215	53	52	65	48	25	40	155	61	168
SC_RS35405	NC_003888.3	7378334	7378888	+	555	762	684	871	310	269	337	315	198	240
SC_RS35410	NC_003888.3	7378997	7380508	+	1512	1571	1544	1927	309	285	326	351	181	240
SC_RS35415	NC_003888.3	7380512	7382317	+	1806	900	877	1107	163	165	193	262	155	227
SC_RS35420	NC_003888.3	7382319	7383629	+	1311	579	538	706	102	81	103	244	127	192
SC_RS35425	NC_003888.3	7383632	7384426	-	795	46	44	40	14	9	14	114	60	107
SC_RS35430	NC_003888.3	7384536	7385545	+	1010	62	67	80	115	84	95	127	51	109
SC_RS35435	NC_003888.3	7385660	7386058	+	399	6	2	4	14	11	7	62	41	39
SC_RS35440	NC_003888.3	7386055	7387293	+	1239	27	19	14	33	38	27	242	194	221
SC_RS35445	NC_003888.3	7387377	7388675	+	1299	33	37	42	39	41	41	309	269	307
SC_RS35450	NC_003888.3	7388825	7389583	+	759	21	25	30	25	20	31	212	180	239
SC_RS35455	NC_003888.3	7389679	7390482	-	804	44	26	49	59	60	54	200	124	164
SC_RS35460	NC_003888.3	7390536	7391201	+	666	9	11	21	41	34	29	214	146	169
SC_RS35465	NC_003888.3	7391232	7392461	-	1230	65	70	84	118	105	95	217	156	184
SC_RS35470	NC_003888.3	7392553	7394076	-	1524	700	702	826	221	179	211	254	182	237
SC_RS35475	NC_003888.3	7394148	7395029	-	882	1943	1944	2435	1089	1047	1262	724	743	629
SC_RS35480	NC_003888.3	7395031	7396683	-	1653	1989	2300	2502	908	823	1228	617	608	519
SC_RS35485	NC_003888.3	7396676	7397611	-	936	1503	1784	1898	549	458	770	353	344	330
SC_RS35490	NC_003888.3	7397608	7399386	-	1779	5671	6353	6875	1182	1103	1400	876	862	742
SC_RS35495	NC_003888.3	7399383	7400528	-	1146	4348	5134	5464	670	652	742	480	619	551
SC_RS35500	NC_003888.3	7400592	7402688	-	2097	5832	7347	7327	1266	991	1490	1550	2447	1550
SC_RS35505	NC_003888.3	7402846	7403751	+	906	45	38	64	18	21	26	102	33	77
SC_RS35510	NC_003888.3	7403831	7405231	-	1401	10	7	5	58	55	57	184	73	209
SC_RS35515	NC_003888.3	7405534	7407651	-	2118	11	6	7	15	15	15	217	53	170
SC_RS35520	NC_003888.3	7407798	7408466	-	669	6	5	5	33	12	26	71	26	67
SC_RS35525	NC_003888.3	7408463	7409680	-	1218	29	36	37	55	57	64	201	64	130
SC_RS35530	NC_003888.3	7409712	7410506	-	795	6	4	5	7	9	9	87	17	75
SC_RS35535	NC_003888.3	7410633	7411970	+	1338	139	169	168	224	137	175	217	108	203
SC_RS35540	NC_003888.3	7411963	7413129	-	1167	147	136	161	18	34	37	190	46	150
SC_RS35545	NC_003888.3	7413412	7414299	+	888	162	175	212	161	115	125	235	116	201
SC_RS35550	NC_003888.3	7414296	7414976	+	681	153	139	181	144	98	104	172	109	130
SC_RS35555	NC_003888.3	7414995	7415231	-	237	91	105	149	96	56	72	209	167	146
SC_RS35560	NC_003888.3	7415327	7415983	-	657	198	204	245	451	319	332	555	409	407
SC_RS35565	NC_003888.3	7416216	7416875	+	660	89	59	117	28	25	23	95	44	105
SC_RS35570	NC_003888.3	7416896	7417258	-	363	10	17	11	0	1	0	35	10	31
SC_RS35575	NC_003888.3	7417332	7418273	-	942	9	8	4	5	4	11	100	15	110
SC_RS35580	NC_003888.3	7418270	7418440	-	171	3	2	1	2	2	2	10	2	11
SC_RS35585	NC_003888.3	7418437	7419516	-	1080	24	22	21	21	12	17	157	43	122
SC_RS35590	NC_003888.3	7419742	7422456	+	2715	7	4	10	209	123	66	1798	1273	1187
SC_RS35595	NC_003888.3	7422494	7422622	+	129	0	0	0	83	53	26	2123	2019	1363
SC_RS35600	NC_003888.3	7422658	7424568	+	1911	4	4	3	77	51	40	835	592	688
SC_RS35605	NC_003888.3	7424565	7426391	+	1827	2	1	0	67	37	41	459	289	344
SC_RS35610	NC_003888.3	7426396	7427004	-	609	0	1	0	34	37	44	190	130	138
SC_RS35615	NC_003888.3	7427533	7428411	+	879	535	390	555	172	153	167	220	129	143
SC_RS35620	NC_003888.3	7428452	7433488	+	5037	712	693	862	429	433	538	824	373	647
SC_RS35625	NC_003888.3	7433569	7437084	+	3516	118	132	133	31	40	38	407	86	341
SC_RS35630	NC_003888.3	7437081	7438847	+	1767	11	12	16	30	15	27	165	37	138
SC_RS35635	NC_003888.3	7438926	7440227	-	1302	23	21	25	154	111	116	162	61	140
SC_RS35640	NC_003888.3	7440399	7442462	+	2064	69	71	82	16639	15885	16188	1225	816	632
SC_RS35645	NC_003888.3	7442516	7443469	-	954	129	134	178	550	521	500	244	204	224
SC_RS35650	NC_003888.3	7443466	7444281	-	816	118	82	123	210	204	316	184	198	180
SC_RS35655	NC_003888.3	7444457	7445071	+	615	431	373	570	731	468	738	923	787	709
SC_RS35660	NC_003888.3	7445240	7446283	-	1044	286	314	346	415	450	508	384	324	333
SC_RS35665	NC_003888.3	7446559	7449240	+	2682	293	260	354	1754	1399	1779	1269	892	1043
SC_RS35670	NC_003888.3	7449267	7450385	-	1119	33	44	52	71	57	78	163	54	117
SC_RS35675	NC_003888.3	7450391	7451755	-	1365	26	25	33	20	25	33	150	40	117
SC_RS35680	NC_003888.3	7451752	7452357	-	606	12	10	14	16	8	5	63	13	38
SC_RS35685	NC_003888.3	7452364	7453137	-	774	13	9	14	6	6	6	86	15	73
SC_RS35690	NC_003888.3	7453156	7454358	-	1203	24	10	20	11	19	17	150	39	118
SC_RS35695	NC_003888.3	7454355	7455008	-	654	8	16	14	17	17	6	67	22	60
SC_RS35700	NC_003888.3	7455008	7455790	-	783	19	21	27	20	11	20	92	36	76
SC_RS35705	NC_003888.3	7456000	7456464	+	465	37	32	38	15	20	8	71	43	54
SC_RS35710	NC_003888.3	7456480	7457457	-	978	13	12	21	13	10	8	132	40	112
SC_RS35715	NC_003888.3	7457668	7458858	+	1191	18	7	11	48	34	46	203	94	139
SC_RS35720	NC_003888.3	7458874	7459941	-	1068	20	22	29	26	17	28	149	39	119
SC_RS35725	NC_003888.3	7460154	7460492	+	339	7	6	5	141	116	143	134	133	131
SC_RS35730	NC_003888.3	7460584	7461609	+	1026	46	48	76	156	162	179	238	171	221
SC_RS35735	NC_003888.3	7461626	7463815	-	2190	11	9	9	159	94	126	854	787	846
SC_RS35740	NC_003888.3	7463830	7466307	-	2478	19	15	12	158	158	117	1175	900	924
SC_RS35745	NC_003888.3	7466508	7467539	+	1032	19	14	41	222	202	203	637	396	465
SC_RS35750	NC_003888.3	7467726	7468784	+	1059	158	144	207	183	127	171	297	143	231
SC_RS35755	NC_003888.3	7468890	7469681	-	792	377	343	408	143	141	112	231	153	190
SC_RS35760	NC_003888.3	7469875	7470120	+	246	183	175	221	58	82	58	185	178	177
SC_RS35765	NC_003888.3	7470181	7470306	-	126	226	204	269	71	105	68	50	60	56
SC_RS35770	NC_003888.3	7470453	7470647	+	195	452	459	616	371	309	278	257	225	275
SC_RS35775	NC_003888.3	7470692	7471666	-	975	3005	3319	4245	3428	3853	3698	3491	2760	3002
SC_RS35780	NC_003888.3	7471875	7472651	-	777	26	20	49	53	48	48	140	90	129
SC_RS35785	NC_003888.3	7472768	7475026	-	2259	37	25	37	22	9	21	297	67	195
SC_RS35790	NC_003888.3	7475037	7476671	-	1635	88	100	129	30	47	37	214	89	185
SC_RS35795	NC_003888.3	7476971	7477642	+	672	92	108	101	160	146	107	180	136	143
SC_RS35800	NC_003888.3	7477705	7478121	-	417	419	430	505	1233	1288	977	755	770	668
SC_RS35805	NC_003888.3	7478448	7479494	+	1047	81	72	76	369	345	383	535	451	455
SC_RS35810	NC_003888.3	7479567	7479896	+	330	152	137	189	120	128	121	256	209	218
SC_RS35815	NC_003888.3	7479906	7480202	-	297	127	107	169	224	200	212	112	115	130
SC_RS35820	NC_003888.3	7480244	7480945	+	702	164	157	177	62	97	118	158	94	122
SC_RS35825	NC_003888.3	7480933	7481127	-	195	7	5	11	7	4	6	28	11	18
SC_RS35830	NC_003888.3	7481296	7481442	+	147	156	158	190	146	126	91	375	416	372
SC_RS35835	NC_003888.3	7481508	7482698	-	1191	736	783	739	544	420	288	707	694	699
SC_RS35840	NC_003888.3	7482906	7484102	+	1197	41	48	60	48	30	38	222	86	185
SC_RS35845	NC_003888.3	7484114	7485328	+	1215	110	134	143	270	221	270	392	240	311
SC_RS35850	NC_003888.3	7485381	7487561	+	2181	210	202	227	417	348	409	674	444	553
SC_RS35855	NC_003888.3	7487571	7488326	-	756	78	68	108	66	53	80	145	91	114
SC_RS35860	NC_003888.3	7488549	7490018	+	1470	247	198	322	112	122	112	237	135	225
SC_RS35865	NC_003888.3	7490061	7490546	+	486	268	236	355	254	165	323	135	86	91
SC_RS35870	NC_003888.3	7490559	7492055	-	1497	182	177	228	4545	2560	6012	867	807	753
SC_RS35875	NC_003888.3	7492490	7493788	+	1299	20	14	23	67	45	50	243	99	206
SC_RS35880	NC_003888.3	7493869	7495605	+	1737	131	144	173	149	122	150	337	202	287
SC_RS35885	NC_003888.3	7495638	7496600	-	963	474	449	666	354	305	385	310	256	344
SC_RS35890	NC_003888.3	7496667	7497704	+	1038	6	16	11	28	12	27	184	142	194
SC_RS35895	NC_003888.3	7497718	7499361	+	1644	632	544	813	213	160	230	350	179	271
SC_RS35900	NC_003888.3	7499508	7501850	-	2343	2405	2283	2986	1379	1245	1364	1098	957	930
SC_RS35905	NC_003888.3	7501965	7502096	-	132	24	26	22	34	25	41	41	45	53
SC_RS35910	NC_003888.3	7502204	7503073	-	870	79	71	84	77	66	73	129	71	124
SC_RS35915	NC_003888.3	7503189	7504166	+	978	33	15	34	36	31	39	121	43	89
SC_RS35920	NC_003888.3	7504216	7504851	+	636	19	16	41	43	36	41	95	43	71
SC_RS35925	NC_003888.3	7504838	7505593	-	756	134	148	199	124	122	156	253	153	199
SC_RS35930	NC_003888.3	7505789	7506241	+	453	154	132	201	1206	1109	936	904	940	905
SC_RS35935	NC_003888.3	7506308	7506901	-	594	584	580	764	1432	1353	1185	1022	752	782
SC_RS35940	NC_003888.3	7507178	7508116	-	939	347	358	486	797	630	759	192	161	184
SC_RS35945	NC_003888.3	7508594	7510411	+	1818	1386	1369	1581	72	54	85	324	125	273
SC_RS35950	NC_003888.3	7510408	7511160	+	753	1967	2195	2737	91	86	117	259	202	248
SC_RS35955	NC_003888.3	7511148	7512209	+	1062	1777	1718	2090	96	93	113	239	150	216
SC_RS35960	NC_003888.3	7512187	7512966	+	780	1100	1135	1342	47	34	32	129	98	113
SC_RS35965	NC_003888.3	7512975	7513847	+	873	674	670	808	17	24	28	140	65	109
SC_RS35970	NC_003888.3	7513947	7514876	+	930	862	827	1075	193	160	204	238	162	181
SC_RS35975	NC_003888.3	7514869	7515657	+	789	936	997	1232	305	258	270	331	229	262
SC_RS35980	NC_003888.3	7516017	7516928	+	912	278	224	356	413	382	561	427	400	364
SC_RS35985	NC_003888.3	7516925	7517875	+	951	370	347	470	647	543	676	629	473	489
SC_RS35990	NC_003888.3	7517875	7518033	+	159	40	36	39	60	34	79	51	63	78
SC_RS35995	NC_003888.3	7518030	7519466	+	1437	733	734	841	3891	2985	3825	8536	8548	7831
SC_RS36000	NC_003888.3	7519535	7520599	+	1065	574	647	763	601	615	834	499	521	441
SC_RS36005	NC_003888.3	7520716	7522758	+	2043	393	429	452	1958	2144	2632	1431	1367	1278
SC_RS36010	NC_003888.3	7522758	7523399	+	642	28	41	48	252	326	399	199	171	176
SC_RS36015	NC_003888.3	7523406	7524428	+	1023	92	126	140	1648	1656	2166	886	839	800
SC_RS36020	NC_003888.3	7524433	7525587	+	1155	112	121	134	2132	2185	2629	1067	1095	1039
SC_RS36025	NC_003888.3	7525613	7527583	+	1971	44	51	65	1972	1981	2386	1140	951	988
SC_RS36030	NC_003888.3	7527584	7528969	+	1386	47	40	48	1737	1693	1821	814	727	753
SC_RS36035	NC_003888.3	7529043	7529657	+	615	551	506	710	436	412	499	261	230	199
SC_RS36040	NC_003888.3	7529654	7529773	+	120	62	63	85	58	63	56	53	48	41
SC_RS36045	NC_003888.3	7529795	7530592	-	798	530	548	702	565	527	580	486	382	390
SC_RS36050	NC_003888.3	7531179	7532117	+	939	23	31	27	117	177	238	157	59	126
SC_RS36055	NC_003888.3	7532361	7533146	+	786	124	109	137	4548	3771	4345	539	478	454
SC_RS36060	NC_003888.3	7533249	7533869	-	621	422	354	508	955	846	972	319	290	297
SC_RS36065	NC_003888.3	7534021	7535214	+	1194	405	403	530	641	567	827	580	427	431
SC_RS36070	NC_003888.3	7535353	7536285	-	933	313	327	386	300	263	348	283	218	263
SC_RS36075	NC_003888.3	7536362	7537048	-	687	511	548	686	326	282	287	306	225	264
SC_RS36080	NC_003888.3	7537508	7538713	+	1206	19	20	18	18	19	13	169	26	113
SC_RS36085	NC_003888.3	7538739	7539902	-	1164	105	119	151	159	132	209	264	208	275
SC_RS36090	NC_003888.3	7540064	7541155	-	1092	27	32	51	61	44	40	179	101	169
SC_RS36095	NC_003888.3	7541152	7541619	-	468	13	13	21	27	30	37	88	51	86
SC_RS36100	NC_003888.3	7541642	7542313	-	672	31	20	24	33	28	40	137	41	113
SC_RS36105	NC_003888.3	7542559	7543722	+	1164	4	0	3	5	5	7	141	32	116
SC_RS36110	NC_003888.3	7543722	7544747	+	1026	4	2	2	8	4	3	107	29	90
SC_RS36115	NC_003888.3	7544738	7545892	+	1155	6	3	1	10	13	8	121	16	92
SC_RS36120	NC_003888.3	7545965	7547179	+	1215	4	7	5	15	13	16	144	43	120
SC_RS36125	NC_003888.3	7547223	7549424	+	2202	24	39	44	49	52	60	339	114	277
SC_RS36130	NC_003888.3	7549461	7551299	+	1839	59	40	53	103	97	89	291	122	202
SC_RS36135	NC_003888.3	7551380	7552519	-	1140	10	5	13	19	12	13	119	33	99
SC_RS36140	NC_003888.3	7552594	7553190	+	597	187	177	247	142	116	138	186	115	153
SC_RS36145	NC_003888.3	7553214	7554719	-	1506	19	16	19	12	8	21	188	44	153
SC_RS36150	NC_003888.3	7555369	7557321	+	1953	30	19	24	2942	2502	2939	1341	1079	1074
SC_RS36155	NC_003888.3	7557438	7557872	+	435	3	0	2	781	672	660	456	385	315
SC_RS36160	NC_003888.3	7557875	7558249	+	375	0	2	1	400	381	414	226	195	182
SC_RS36165	NC_003888.3	7558227	7558856	+	630	3	1	3	1320	1150	1288	786	584	529
SC_RS36170	NC_003888.3	7558853	7559428	+	576	0	2	2	732	643	692	406	280	322
SC_RS36175	NC_003888.3	7559630	7560658	+	1029	380	358	385	194	120	183	142	66	140
SC_RS36180	NC_003888.3	7560698	7561891	+	1194	285	307	286	317	195	282	198	85	138
SC_RS36185	NC_003888.3	7561923	7562825	+	903	336	311	381	98	66	99	142	50	109
SC_RS36190	NC_003888.3	7562872	7563450	+	579	117	103	148	33	14	26	64	18	47
SC_RS36195	NC_003888.3	7563447	7563992	+	546	55	30	50	18	19	7	56	19	41
SC_RS36200	NC_003888.3	7564023	7564382	+	360	127	101	178	34	36	33	72	33	47
SC_RS36205	NC_003888.3	7564533	7565837	+	1305	353	312	410	161	137	149	206	105	180
SC_RS36210	NC_003888.3	7565958	7566031	+	74	17	12	13	1	8	8	13	3	6
SC_RS36215	NC_003888.3	7566130	7567347	-	1218	54	57	43	14	22	22	155	48	134
SC_RS36220	NC_003888.3	7567337	7567666	-	330	0	5	7	19	19	12	54	20	57
SC_RS36225	NC_003888.3	7568251	7570044	-	1794	56	59	102	61	49	77	265	83	223
SC_RS36230	NC_003888.3	7570606	7570968	-	363	42	51	55	671	603	587	283	177	174
SC_RS36235	NC_003888.3	7571107	7572336	-	1230	13	6	10	11	16	23	220	98	163
SC_RS36240	NC_003888.3	7572343	7572801	-	459	18	10	22	55	38	36	664	673	439
SC_RS36245	NC_003888.3	7572869	7574263	-	1395	32	16	45	80	41	63	652	574	524
SC_RS36250	NC_003888.3	7574420	7574779	+	360	35	23	40	94	76	98	286	266	230
SC_RS36255	NC_003888.3	7574849	7575238	+	390	10	11	21	33	42	58	122	131	128
SC_RS36260	NC_003888.3	7575359	7576048	-	690	5	3	14	42	31	43	101	76	108
SC_RS36265	NC_003888.3	7576036	7577847	-	1812	17	20	37	57	36	78	232	87	223
SC_RS36270	NC_003888.3	7577851	7578723	-	873	5	2	8	44	25	70	112	53	108
SC_RS36275	NC_003888.3	7579044	7579403	-	360	5	3	4	43	24	57	96	35	76
SC_RS36280	NC_003888.3	7579400	7580935	-	1536	22	24	32	214	170	385	281	128	188
SC_RS36285	NC_003888.3	7580932	7582254	-	1323	6	6	7	173	163	366	206	115	215
SC_RS36290	NC_003888.3	7582309	7584831	-	2523	13	8	11	288	253	507	422	169	358
SC_RS36295	NC_003888.3	7584942	7585664	-	723	8	7	2	260	219	419	223	169	232
SC_RS36300	NC_003888.3	7586410	7587975	+	1566	28	22	33	618	603	950	219	73	165
SC_RS36305	NC_003888.3	7588044	7588445	+	402	311	302	395	651	590	851	495	413	394
SC_RS36310	NC_003888.3	7588532	7589635	-	1104	17	11	22	91	93	181	158	54	146
SC_RS36315	NC_003888.3	7589632	7590327	-	696	20	11	19	55	28	80	96	36	68
SC_RS36320	NC_003888.3	7590412	7591452	-	1041	7	4	13	89	48	180	175	67	151
SC_RS36325	NC_003888.3	7591479	7598555	-	7077	36	32	28	354	268	739	918	244	748
SC_RS36330	NC_003888.3	7599249	7600730	+	1482	91	76	117	2163	2352	3094	1705	1503	1207
SC_RS36335	NC_003888.3	7600790	7601569	-	780	54	46	58	256	223	246	263	212	228
SC_RS36340	NC_003888.3	7601654	7602007	+	354	28	34	44	62	63	67	99	46	96
SC_RS36345	NC_003888.3	7602498	7602773	+	276	2	2	3	8	7	13	61	24	63
SC_RS36350	NC_003888.3	7602829	7604424	+	1596	19	18	19	47	42	60	255	73	176
SC_RS36355	NC_003888.3	7604468	7604857	+	390	17	17	16	36	29	47	113	58	85
SC_RS36360	NC_003888.3	7605261	7606241	-	981	27	29	36	85	78	117	190	66	148
SC_RS36365	NC_003888.3	7606238	7606651	-	414	22	28	41	48	55	75	63	47	39
SC_RS36370	NC_003888.3	7606744	7607052	+	309	13	11	12	26	31	49	46	40	42
SC_RS36375	NC_003888.3	7607049	7608155	+	1107	41	37	59	100	86	117	158	69	135
SC_RS36380	NC_003888.3	7608214	7609278	+	1065	33	30	31	37	35	73	163	50	110
SC_RS36385	NC_003888.3	7609452	7610765	-	1314	26	34	36	23	25	15	154	35	151
SC_RS36390	NC_003888.3	7610762	7612807	-	2046	10	19	21	16	16	15	226	55	220
SC_RS36395	NC_003888.3	7613491	7614387	+	897	19	12	19	32	31	46	141	56	111
SC_RS36400	NC_003888.3	7614564	7615928	-	1365	6	5	14	4	7	3	148	19	96
SC_RS36405	NC_003888.3	7615994	7617112	-	1119	6	2	6	2	5	7	129	27	106
SC_RS36410	NC_003888.3	7617112	7618383	-	1272	1	1	2	2	2	6	129	29	127
SC_RS36415	NC_003888.3	7618380	7619342	-	963	0	0	0	4	0	3	109	33	78
SC_RS36420	NC_003888.3	7619557	7619847	-	291	5	5	1	2	2	1	52	21	40
SC_RS36425	NC_003888.3	7620051	7620230	-	180	0	1	0	0	0	1	27	7	23
SC_RS36430	NC_003888.3	7620290	7620910	-	621	0	0	0	0	2	1	43	13	43
SC_RS36435	NC_003888.3	7621003	7621461	-	459	4	1	1	1	0	1	35	8	41
SC_RS36440	NC_003888.3	7621458	7623257	-	1800	11	20	15	10	8	8	197	29	164
SC_RS36445	NC_003888.3	7623285	7624064	-	780	2	0	3	1	0	5	98	17	74
SC_RS36450	NC_003888.3	7624067	7624633	-	567	4	4	5	4	1	1	62	15	46
SC_RS36455	NC_003888.3	7624664	7625485	-	822	5	5	8	2	2	1	69	10	60
SC_RS36460	NC_003888.3	7625476	7625829	-	354	1	2	2	1	1	3	31	3	28
SC_RS36465	NC_003888.3	7625857	7626660	-	804	25	24	31	19	17	11	82	38	85
SC_RS36470	NC_003888.3	7626657	7627040	-	384	2	0	4	2	0	0	51	13	52
SC_RS36475	NC_003888.3	7627477	7628124	-	648	4	2	5	1	4	1	73	14	75
SC_RS36480	NC_003888.3	7628121	7628879	-	759	3	3	3	2	2	2	88	20	61
SC_RS36485	NC_003888.3	7628905	7629609	-	705	4	6	1	2	3	5	75	17	58
SC_RS36490	NC_003888.3	7629623	7630453	-	831	3	8	7	1	2	4	100	28	64
SC_RS36495	NC_003888.3	7630450	7630887	-	438	3	1	3	2	5	1	47	8	50
SC_RS36500	NC_003888.3	7631006	7632703	-	1698	153	167	221	92	107	120	280	95	210
SC_RS36505	NC_003888.3	7632712	7633056	-	345	128	110	166	68	50	55	100	71	93
SC_RS36510	NC_003888.3	7633190	7633681	-	492	1	4	1	2	1	4	60	16	57
SC_RS36515	NC_003888.3	7633888	7635678	-	1791	52	73	84	18	22	30	229	53	187
SC_RS36520	NC_003888.3	7635675	7636820	-	1146	10	11	9	7	4	2	132	30	108
SC_RS36525	NC_003888.3	7637008	7637229	-	222	2	0	0	0	0	0	35	5	32
SC_RS36530	NC_003888.3	7637267	7638457	-	1191	1	2	2	2	2	0	112	18	88
SC_RS36535	NC_003888.3	7638454	7638912	-	459	1	2	1	2	0	4	50	5	33
SC_RS36540	NC_003888.3	7638950	7640056	-	1107	9	0	4	4	4	3	126	24	105
SC_RS36545	NC_003888.3	7640049	7640792	-	744	2	2	3	4	5	5	71	23	53
SC_RS36550	NC_003888.3	7640844	7641461	-	618	1	3	6	1	2	3	59	14	68
SC_RS36555	NC_003888.3	7641501	7642535	-	1035	3	3	3	3	4	0	120	20	107
SC_RS36560	NC_003888.3	7642591	7643502	-	912	1	0	0	1	1	6	101	18	90
SC_RS36565	NC_003888.3	7643492	7643716	-	225	0	0	0	0	0	0	29	2	19
SC_RS36570	NC_003888.3	7643807	7644442	-	636	1	0	2	3	0	0	74	16	53
SC_RS36575	NC_003888.3	7644396	7644821	-	426	0	0	0	0	2	0	63	14	47
SC_RS36580	NC_003888.3	7644900	7645406	-	507	6	5	14	5	4	9	81	23	49
SC_RS36585	NC_003888.3	7645403	7646185	-	783	6	4	7	6	2	2	68	7	90
SC_RS36590	NC_003888.3	7646264	7647787	-	1524	6	7	8	10	20	9	157	38	133
SC_RS36595	NC_003888.3	7647816	7648277	-	462	0	0	0	0	2	2	55	12	42
SC_RS36600	NC_003888.3	7648378	7649850	-	1473	1	2	3	1	0	11	174	30	170
SC_RS36605	NC_003888.3	7649943	7651331	-	1389	11	6	18	15	8	24	182	59	158
SC_RS36610	NC_003888.3	7651368	7652060	-	693	2	4	1	1	1	1	81	17	56
SC_RS36615	NC_003888.3	7652060	7652374	-	315	0	2	2	2	1	0	34	5	28
SC_RS36620	NC_003888.3	7652497	7653630	-	1134	3	5	1	7	3	8	145	17	124
SC_RS36625	NC_003888.3	7654146	7654901	+	756	1	3	4	1	4	4	87	21	93
SC_RS36630	NC_003888.3	7655068	7655703	+	636	1	3	8	1	0	0	57	17	59
SC_RS36635	NC_003888.3	7655700	7656185	+	486	1	2	1	4	0	2	47	7	34
SC_RS36640	NC_003888.3	7656204	7656902	+	699	7	8	8	6	2	3	83	20	74
SC_RS36645	NC_003888.3	7656920	7657660	+	741	3	2	0	1	1	3	80	24	74
SC_RS36650	NC_003888.3	7657842	7658154	+	313	0	0	0	1	0	1	39	3	24
SC_RS36655	NC_003888.3	7658251	7658733	+	483	1	2	0	0	6	1	60	11	32
SC_RS36660	NC_003888.3	7658730	7659174	+	445	1	1	2	3	3	0	39	15	43
SC_RS36665	NC_003888.3	7659185	7659598	+	414	0	2	3	3	5	3	56	14	37
SC_RS36670	NC_003888.3	7659639	7660481	+	843	1	0	3	2	4	1	87	11	71
SC_RS36675	NC_003888.3	7660478	7660993	+	516	2	0	1	1	0	3	50	16	51
SC_RS36680	NC_003888.3	7660990	7662225	+	1236	7	10	14	4	12	9	128	47	99
SC_RS36685	NC_003888.3	7662267	7662569	+	303	0	0	0	1	3	0	32	1	22
SC_RS36690	NC_003888.3	7662605	7663855	+	1251	3	6	6	3	1	3	141	34	128
SC_RS36695	NC_003888.3	7663852	7665003	+	1152	26	36	43	8	9	17	100	35	104
SC_RS36700	NC_003888.3	7665000	7665629	+	630	1	1	0	3	1	2	70	13	57
SC_RS36705	NC_003888.3	7665653	7666519	+	867	3	5	2	1	1	4	104	15	90
SC_RS36710	NC_003888.3	7666548	7667036	+	489	3	2	0	1	4	1	69	15	54
SC_RS36715	NC_003888.3	7667138	7667884	+	747	1	0	1	3	1	2	95	16	87
SC_RS36720	NC_003888.3	7667918	7668928	+	1011	1	2	3	5	7	6	120	22	118
SC_RS36725	NC_003888.3	7669060	7669404	+	345	7	7	13	31	26	21	84	29	81
SC_RS36730	NC_003888.3	7669618	7671186	-	1569	56	57	59	1070	932	1077	1015	691	785
SC_RS36735	NC_003888.3	7671335	7672108	+	774	12	6	11	2	7	14	126	36	80
SC_RS36740	NC_003888.3	7672687	7673991	-	1305	22	18	33	85	89	108	319	162	242
SC_RS36745	NC_003888.3	7674846	7675178	+	333	5	7	8	15	7	8	80	34	66
SC_RS36750	NC_003888.3	7675634	7676473	-	840	2	2	4	1	6	1	17	8	20
SC_RS36755	NC_003888.3	7676742	7677550	+	809	1	1	4	10	5	9	71	23	46
SC_RS36760	NC_003888.3	7677996	7678349	+	354	28	25	30	23	24	22	77	28	44
SC_RS36765	NC_003888.3	7678455	7678745	+	291	6	3	7	5	4	7	35	16	28
SC_RS36770	NC_003888.3	7678761	7679582	+	822	31	25	40	17	26	25	113	42	88
SC_RS36775	NC_003888.3	7679755	7680447	-	693	13	25	33	6	8	8	83	12	67
SC_RS36780	NC_003888.3	7680528	7680971	-	444	196	222	292	117	134	136	112	32	86
SC_RS36785	NC_003888.3	7681180	7682922	-	1743	8	5	4	9	5	7	192	35	165
SC_RS36790	NC_003888.3	7682938	7683549	-	612	7	6	15	4	12	9	54	20	42
SC_RS36795	NC_003888.3	7683546	7683782	-	237	0	0	2	2	1	1	23	4	18
SC_RS36800	NC_003888.3	7683869	7684060	-	192	1	1	1	0	0	1	21	1	9
SC_RS36805	NC_003888.3	7684057	7685787	-	1731	3	2	6	1	2	4	208	39	177
SC_RS36810	NC_003888.3	7685784	7686425	-	642	2	2	4	3	2	4	94	20	51
SC_RS36815	NC_003888.3	7686586	7687302	-	717	3	9	13	1	4	2	77	14	53
SC_RS36820	NC_003888.3	7687305	7688201	-	897	18	17	26	4	1	2	117	26	79
SC_RS36825	NC_003888.3	7689444	7689767	-	324	13	12	18	4	4	6	47	6	44
SC_RS36830	NC_003888.3	7689750	7690454	+	705	47	25	32	15	10	16	58	20	57
SC_RS36835	NC_003888.3	7690550	7690702	+	153	3	2	9	5	4	4	38	11	20
SC_RS36840	NC_003888.3	7691161	7691616	+	456	92	98	132	271	268	302	247	203	205
SC_RS36845	NC_003888.3	7691781	7692905	-	1125	86	71	96	121	116	110	513	407	386
SC_RS36850	NC_003888.3	7692907	7694997	-	2091	52	57	73	154	122	142	1779	1424	1334
SC_RS36855	NC_003888.3	7695016	7696275	-	1260	1	3	6	20	11	21	378	253	294
SC_RS36860	NC_003888.3	7696262	7699360	-	3099	8	22	24	23	29	12	909	595	718
SC_RS36865	NC_003888.3	7699447	7699626	-	180	2	0	1	19	14	20	945	942	751
SC_RS36870	NC_003888.3	7699664	7699795	-	132	0	1	1	23	20	21	935	973	792
SC_RS36875	NC_003888.3	7699902	7700069	-	168	4	1	2	8	8	11	233	257	197
SC_RS36880	NC_003888.3	7700261	7700728	-	468	1	8	4	15	9	5	402	260	232
SC_RS36885	NC_003888.3	7700803	7701378	-	576	3	8	4	5	14	13	269	240	198
SC_RS36890	NC_003888.3	7701375	7701950	-	576	5	8	7	6	4	11	283	180	145
SC_RS36895	NC_003888.3	7702025	7702498	-	474	4	4	6	2	6	4	165	100	109
SC_RS36900	NC_003888.3	7702634	7703887	-	1254	0	0	13	4	15	10	423	286	319
SC_RS36905	NC_003888.3	7703970	7704611	-	642	0	0	2	7	12	0	300	254	207
SC_RS36910	NC_003888.3	7704611	7705189	-	579	2	3	2	4	5	4	233	144	164
SC_RS36915	NC_003888.3	7705245	7705652	-	408	10	9	7	10	7	8	257	227	243
SC_RS36920	NC_003888.3	7705649	7706164	-	516	2	2	8	5	2	6	260	224	225
SC_RS36925	NC_003888.3	7706226	7707743	-	1518	2	8	5	19	14	15	801	536	595
SC_RS36930	NC_003888.3	7707771	7709672	-	1902	3	9	5	17	10	19	814	514	569
SC_RS36935	NC_003888.3	7709876	7710373	-	498	2	0	2	12	11	18	402	346	339
SC_RS36940	NC_003888.3	7710563	7711951	+	1389	89	67	94	193	229	232	1303	1125	1099
SC_RS36945	NC_003888.3	7712024	7712521	+	498	117	134	189	199	213	202	715	560	528
SC_RS36950	NC_003888.3	7712805	7713266	-	462	43	28	64	53	62	53	698	471	473
SC_RS36955	NC_003888.3	7713425	7714828	+	1404	48	29	36	1160	901	1010	908	664	628
SC_RS36960	NC_003888.3	7714825	7715706	+	882	188	181	222	316	323	365	369	241	256
SC_RS36965	NC_003888.3	7715801	7716844	-	1044	211	235	248	201	171	199	331	189	268
SC_RS36970	NC_003888.3	7717864	7719441	-	1578	251	251	297	79	99	121	332	147	274
SC_RS36975	NC_003888.3	7719817	7722720	+	2904	23	25	18	15	16	20	312	77	286
SC_RS36980	NC_003888.3	7722717	7723481	+	765	8	2	10	3	5	9	66	21	72
SC_RS36985	NC_003888.3	7723478	7725217	+	1740	51	38	39	18	14	24	218	65	135
SC_RS36990	NC_003888.3	7725214	7725813	+	600	54	58	57	11	21	13	84	19	61
SC_RS36995	NC_003888.3	7725810	7726127	+	318	60	61	67	33	37	45	51	22	51
SC_RS37000	NC_003888.3	7726124	7726489	+	366	171	170	195	145	162	183	121	93	99
SC_RS37005	NC_003888.3	7726503	7727030	-	528	401	360	466	638	570	559	494	387	377
SC_RS37010	NC_003888.3	7727111	7728259	-	1149	20	21	29	444	344	420	575	480	524
SC_RS37015	NC_003888.3	7728261	7729661	-	1401	55	63	68	1344	1202	1556	1584	1565	1599
SC_RS37020	NC_003888.3	7729774	7730619	-	846	1	2	3	1	4	0	115	24	93
SC_RS37025	NC_003888.3	7730937	7731587	-	651	0	4	8	10	7	11	78	24	65
SC_RS37030	NC_003888.3	7731590	7731922	-	333	2	5	1	2	5	5	34	12	29
SC_RS37035	NC_003888.3	7731868	7732188	-	321	5	6	2	13	9	8	34	13	28
SC_RS37040	NC_003888.3	7732266	7733075	-	810	25	14	20	63	55	38	95	41	87
SC_RS37045	NC_003888.3	7733254	7734441	+	1188	27	20	42	75	74	48	175	43	106
SC_RS37050	NC_003888.3	7734509	7736044	+	1536	15	26	26	58	78	58	157	44	143
SC_RS37055	NC_003888.3	7736107	7736880	+	774	48	56	45	34	28	36	95	28	79
SC_RS37060	NC_003888.3	7736807	7738927	-	2121	70	77	95	44	40	47	230	59	185
SC_RS37065	NC_003888.3	7739022	7739795	-	774	237	227	320	350	307	367	286	226	236
SC_RS37070	NC_003888.3	7739853	7740392	-	540	70	68	78	75	58	69	99	76	106
SC_RS37075	NC_003888.3	7740493	7740566	+	74	0	0	2	0	1	0	7	1	7
SC_RS37080	NC_003888.3	7740635	7741057	-	423	48	56	92	126	129	150	99	111	108
SC_RS37085	NC_003888.3	7741171	7741956	-	786	22	22	18	28	19	22	105	33	97
SC_RS37090	NC_003888.3	7742010	7743884	-	1875	30	50	48	65	60	48	250	75	228
SC_RS37095	NC_003888.3	7743881	7744777	-	897	31	26	30	29	36	31	72	44	96
SC_RS37100	NC_003888.3	7744831	7745727	-	897	22	22	40	22	17	15	111	20	79
SC_RS37105	NC_003888.3	7745741	7746703	-	963	36	40	54	42	29	34	149	54	111
SC_RS37110	NC_003888.3	7746957	7747979	+	1023	110	109	121	159	143	188	295	172	249
SC_RS37115	NC_003888.3	7747979	7749055	+	1077	55	71	83	98	72	93	205	82	183
SC_RS37120	NC_003888.3	7749062	7750054	+	993	40	45	33	53	55	53	206	77	131
SC_RS37125	NC_003888.3	7750057	7750959	+	903	57	41	68	71	58	58	165	82	129
SC_RS37130	NC_003888.3	7751075	7751488	+	414	265	204	327	52	60	52	109	90	100
SC_RS37135	NC_003888.3	7751527	7752531	-	1005	266	192	253	72	75	57	190	123	155
SC_RS37140	NC_003888.3	7752600	7753763	-	1164	52	46	61	20	21	22	101	27	98
SC_RS37145	NC_003888.3	7753893	7754939	+	1047	27	19	30	31	41	38	122	39	101
SC_RS37150	NC_003888.3	7755003	7755470	+	468	13	15	12	14	8	8	65	15	52
SC_RS37155	NC_003888.3	7755494	7755643	+	150	10	10	9	11	12	9	21	7	16
SC_RS37160	NC_003888.3	7755621	7756784	-	1164	85	74	75	93	79	54	127	61	142
SC_RS37165	NC_003888.3	7756901	7757254	-	354	22	16	21	42	31	30	59	36	46
SC_RS37170	NC_003888.3	7757496	7758473	-	978	67	60	74	155	157	139	149	75	134
SC_RS37175	NC_003888.3	7758904	7759110	+	207	0	1	0	1	0	2	58	21	55
SC_RS37180	NC_003888.3	7759229	7759302	+	74	0	3	5	1	2	1	80	77	78
SC_RS37185	NC_003888.3	7759825	7760904	-	1080	15	17	12	29	33	45	2849	2582	2241
SC_RS37190	NC_003888.3	7760977	7762803	+	1827	16	19	16	27	24	27	738	660	726
SC_RS37195	NC_003888.3	7762852	7766040	-	3189	187	193	233	391	347	317	616	492	531
SC_RS37200	NC_003888.3	7766257	7767690	+	1434	13	10	25	23	24	20	1098	868	861
SC_RS37205	NC_003888.3	7767699	7768337	+	639	139	144	174	93	90	87	696	662	594
SC_RS37210	NC_003888.3	7768334	7768825	+	492	87	77	104	91	71	80	610	514	510
SC_RS37215	NC_003888.3	7768860	7770083	-	1224	109	100	104	45	31	39	319	222	340
SC_RS37220	NC_003888.3	7770163	7770960	-	798	84	86	93	12	5	10	93	35	73
SC_RS37225	NC_003888.3	7771060	7773279	-	2220	5822	6151	7213	7091	7170	8907	6550	6680	5019
SC_RS37230	NC_003888.3	7773382	7774443	-	1062	165	158	227	172	135	131	224	110	160
SC_RS37235	NC_003888.3	7774616	7776130	-	1515	12	9	16	557	417	498	402	250	317
SC_RS37240	NC_003888.3	7776162	7777172	-	1011	37	29	50	394	383	369	551	508	541
SC_RS37245	NC_003888.3	7777445	7778884	+	1440	48	51	78	405	371	398	465	330	447
SC_RS37250	NC_003888.3	7778881	7780284	+	1404	16	11	20	103	71	125	200	86	162
SC_RS37255	NC_003888.3	7780281	7781531	+	1251	11	8	2	146	112	143	182	87	151
SC_RS37260	NC_003888.3	7781548	7782447	-	900	4	6	4	1019	730	763	326	211	230
SC_RS37265	NC_003888.3	7782661	7784535	+	1875	39	54	71	131	96	143	957	680	718
SC_RS37270	NC_003888.3	7784586	7786367	-	1782	605	642	826	380	287	333	647	480	598
SC_RS37275	NC_003888.3	7786480	7788084	-	1605	16	16	24	28	23	13	178	55	164
SC_RS37280	NC_003888.3	7788229	7789104	-	876	13	21	15	26	14	36	109	26	69
SC_RS37285	NC_003888.3	7789123	7790082	-	960	20	27	27	28	17	23	119	28	91
SC_RS37290	NC_003888.3	7790150	7791565	-	1416	71	65	83	95	66	107	203	87	182
SC_RS37295	NC_003888.3	7791717	7792730	-	1014	185	168	249	122	83	117	112	47	110
SC_RS37300	NC_003888.3	7792823	7797112	-	4290	83	78	98	270	209	239	562	196	542
SC_RS37305	NC_003888.3	7797371	7798381	-	1011	89	126	151	111	82	106	130	40	92
SC_RS37310	NC_003888.3	7798420	7799325	-	906	115	117	132	24	19	30	118	58	139
SC_RS37315	NC_003888.3	7800107	7801600	+	1494	386	316	406	195	149	207	277	117	230
SC_RS37320	NC_003888.3	7801756	7804737	-	2982	95	73	104	37	23	24	359	85	333
SC_RS37325	NC_003888.3	7805118	7806839	+	1722	28	24	42	7	16	11	202	51	190
SC_RS37330	NC_003888.3	7807021	7808124	+	1104	206	175	262	1346	1239	1415	503	395	361
SC_RS37335	NC_003888.3	7808129	7809061	+	933	93	95	119	546	557	659	291	259	254
SC_RS37340	NC_003888.3	7809224	7810459	+	1236	25	28	28	63	83	84	158	45	145
SC_RS37345	NC_003888.3	7810502	7811068	+	567	15	18	21	42	52	32	97	44	80
SC_RS37350	NC_003888.3	7811193	7812110	-	918	86	71	92	57	48	49	124	53	104
SC_RS37355	NC_003888.3	7812182	7812625	+	444	0	2	7	1	1	1	48	5	35
SC_RS37360	NC_003888.3	7812783	7813832	-	1050	38	28	45	5	13	16	120	38	95
SC_RS37365	NC_003888.3	7813971	7815275	+	1305	9	14	13	16	10	22	178	38	124
SC_RS37370	NC_003888.3	7815286	7816242	+	957	16	19	24	19	8	12	119	31	103
SC_RS37375	NC_003888.3	7816239	7817057	+	819	8	5	4	9	5	2	116	20	74
SC_RS37380	NC_003888.3	7817054	7819447	+	2394	31	30	43	33	24	32	287	50	219
SC_RS37385	NC_003888.3	7819501	7820073	-	573	17	21	23	21	29	31	72	32	54
SC_RS37390	NC_003888.3	7820139	7821785	-	1647	182	157	216	210	142	207	383	276	335
SC_RS37395	NC_003888.3	7821937	7823205	+	1269	5	8	8	12	11	18	227	82	177
SC_RS37400	NC_003888.3	7823274	7824713	+	1440	10	1	3	13	13	9	294	93	205
SC_RS37405	NC_003888.3	7824771	7826216	+	1446	227	149	417	269	330	238	604	317	374
SC_RS37410	NC_003888.3	7826610	7830005	+	3396	28	21	33	31	20	30	417	96	361
SC_RS37415	NC_003888.3	7830042	7832324	-	2283	155	165	237	154	77	111	346	170	295
SC_RS37420	NC_003888.3	7832321	7832668	-	348	56	62	81	7	7	3	44	24	38
SC_RS37425	NC_003888.3	7832790	7834235	-	1446	271	321	401	44	63	56	244	119	237
SC_RS37430	NC_003888.3	7834447	7834857	+	411	105	69	112	53	48	52	86	65	77
SC_RS37435	NC_003888.3	7834891	7835298	-	408	152	149	227	132	119	151	297	242	319
SC_RS37440	NC_003888.3	7835428	7835715	+	288	13	9	15	172	110	128	244	198	292
SC_RS37445	NC_003888.3	7835928	7836392	+	465	96	92	117	32	30	30	81	45	82
SC_RS37450	NC_003888.3	7836389	7836733	+	345	16	13	19	6	7	11	42	9	35
SC_RS37455	NC_003888.3	7836730	7837104	+	375	24	13	25	10	7	8	57	14	32
SC_RS37460	NC_003888.3	7837144	7837980	+	837	52	58	58	47	62	74	129	50	84
SC_RS37465	NC_003888.3	7838003	7839061	-	1059	90	123	132	245	222	235	187	80	135
SC_RS37470	NC_003888.3	7839198	7840130	+	933	58	49	71	38	45	63	134	37	89
SC_RS37475	NC_003888.3	7840162	7841337	-	1176	35	19	26	15	11	14	128	49	113
SC_RS37480	NC_003888.3	7841463	7842710	-	1248	54	47	85	12	13	15	180	69	144
SC_RS37485	NC_003888.3	7842905	7843159	-	255	0	1	0	1	0	2	18	4	20
SC_RS37490	NC_003888.3	7843106	7843768	+	663	11	5	11	3	4	2	62	8	49
SC_RS37495	NC_003888.3	7843684	7844103	-	420	4	10	8	3	5	3	47	12	35
SC_RS37500	NC_003888.3	7844184	7844771	+	588	26	26	39	16	15	22	64	24	55
SC_RS37505	NC_003888.3	7844776	7845501	+	726	26	31	33	96	63	66	89	35	73
SC_RS37510	NC_003888.3	7845511	7846272	-	762	92	102	135	472	447	435	184	129	160
SC_RS37515	NC_003888.3	7846397	7847365	-	969	258	272	328	386	382	477	230	120	190
SC_RS37520	NC_003888.3	7847483	7848067	-	585	84	77	73	20	16	24	109	107	123
SC_RS37525	NC_003888.3	7848220	7849002	-	783	290	230	345	92	68	82	140	65	100
SC_RS37530	NC_003888.3	7848995	7849600	-	606	224	185	261	65	42	58	92	33	81
SC_RS37535	NC_003888.3	7849651	7850187	-	537	58	43	52	18	27	31	71	26	63
SC_RS37540	NC_003888.3	7850449	7851291	+	843	46	46	62	16	20	23	95	32	81
SC_RS37545	NC_003888.3	7851281	7853389	-	2109	49	49	57	35	19	29	283	99	205
SC_RS37550	NC_003888.3	7853666	7854562	+	897	0	0	0	3	2	1	120	23	80
SC_RS37555	NC_003888.3	7854655	7855026	+	372	15	13	21	56	35	42	120	91	89
SC_RS37560	NC_003888.3	7855137	7857152	+	2016	77	90	102	183	211	293	230	65	185
SC_RS37565	NC_003888.3	7857217	7857768	+	552	21	23	27	36	19	43	57	29	58
SC_RS37570	NC_003888.3	7857789	7858340	-	552	6	7	10	1	4	7	69	19	56
SC_RS37575	NC_003888.3	7858527	7859510	-	984	4	7	7	4	3	3	118	18	92
SC_RS37580	NC_003888.3	7859911	7860771	+	861	86	80	107	46	40	47	131	51	119
SC_RS37585	NC_003888.3	7860829	7861239	-	411	188	199	234	350	233	270	316	248	232
SC_RS37590	NC_003888.3	7861232	7861831	-	600	141	140	167	203	197	237	233	171	181
SC_RS37595	NC_003888.3	7861881	7862873	-	993	298	259	369	322	326	344	399	232	280
SC_RS37600	NC_003888.3	7863173	7863367	+	195	0	0	1	1	0	1	31	8	35
SC_RS37605	NC_003888.3	7863517	7863672	+	156	0	0	0	0	1	0	15	5	9
SC_RS37610	NC_003888.3	7863791	7864483	+	693	60	79	80	55	54	62	134	54	114
SC_RS37615	NC_003888.3	7864480	7865931	+	1452	85	88	110	89	107	82	219	128	191
SC_RS37620	NC_003888.3	7866148	7868298	-	2151	33	22	33	30	22	31	303	73	239
SC_RS37625	NC_003888.3	7868759	7869114	-	356	3	5	2	2	2	3	50	8	59
SC_RS37630	NC_003888.3	7869233	7869613	+	381	0	0	0	50	34	48	93	94	94
SC_RS37635	NC_003888.3	7869683	7870595	-	913	241	196	275	84	99	107	234	137	169
SC_RS37640	NC_003888.3	7870734	7871921	-	1188	74	75	107	81	68	80	167	67	152
SC_RS37645	NC_003888.3	7872694	7872789	-	96	1	3	0	1	0	0	30	7	19
SC_RS37650	NC_003888.3	7872807	7872977	+	171	12	7	9	2	2	2	30	8	20
SC_RS37655	NC_003888.3	7873167	7873427	+	261	8	4	5	6	5	7	57	18	41
SC_RS37660	NC_003888.3	7873600	7873947	-	348	47	35	60	36	23	32	59	21	34
SC_RS37665	NC_003888.3	7873970	7874908	-	939	73	59	92	58	62	91	111	46	111
SC_RS37670	NC_003888.3	7875374	7876051	-	678	4	4	13	1	2	5	86	17	79
SC_RS37675	NC_003888.3	7876048	7877241	-	1194	10	6	7	10	10	10	148	39	97
SC_RS37680	NC_003888.3	7877335	7879581	-	2247	15	10	16	7	9	10	250	67	235
SC_RS37685	NC_003888.3	7880228	7881130	+	903	13	15	20	15	15	17	125	48	131
SC_RS37690	NC_003888.3	7881841	7884639	+	2799	373	359	460	295	199	265	537	308	459
SC_RS37695	NC_003888.3	7884751	7885962	-	1212	17	14	11	7	6	10	147	27	87
SC_RS37700	NC_003888.3	7886126	7886938	-	813	7	13	20	22	16	22	120	37	98
SC_RS37705	NC_003888.3	7887321	7887665	+	345	2	1	1	2	1	2	62	7	47
SC_RS37710	NC_003888.3	7887694	7888179	-	486	2	3	3	1	1	0	71	18	41
SC_RS37715	NC_003888.3	7888577	7889080	-	504	2	1	7	10	2	6	84	40	87
SC_RS37720	NC_003888.3	7889266	7890168	-	903	6	5	5	3	3	3	110	28	92
SC_RS37725	NC_003888.3	7890426	7891208	+	783	22	19	28	12	10	5	153	51	97
SC_RS37730	NC_003888.3	7891305	7892660	+	1356	314	286	361	48	68	55	166	76	166
SC_RS37735	NC_003888.3	7892704	7893258	-	555	914	778	1116	403	419	344	339	291	285
SC_RS37740	NC_003888.3	7893453	7893704	-	252	1	2	3	2	2	1	63	8	49
SC_RS37745	NC_003888.3	7894195	7895073	+	879	148	105	149	99	73	98	191	134	206
SC_RS37750	NC_003888.3	7895116	7896042	-	927	25	28	17	7	7	11	129	30	91
SC_RS37755	NC_003888.3	7896424	7896690	+	267	1	1	4	0	3	4	49	12	44
SC_RS37760	NC_003888.3	7896813	7897409	-	597	3	1	0	0	1	3	67	5	75
SC_RS37765	NC_003888.3	7897518	7898264	-	747	16	13	10	16	22	12	103	54	83
SC_RS37770	NC_003888.3	7898419	7900149	-	1731	11	6	15	17	18	24	182	42	136
SC_RS37775	NC_003888.3	7900323	7900634	+	312	18	12	10	1	1	1	34	13	27
SC_RS37780	NC_003888.3	7900740	7901237	-	498	50	63	66	7	15	13	67	32	54
SC_RS37785	NC_003888.3	7901360	7902256	-	897	268	238	343	61	71	91	204	118	148
SC_RS37790	NC_003888.3	7902488	7903123	+	636	0	0	1	0	0	0	54	6	46
SC_RS37795	NC_003888.3	7903130	7904521	-	1392	1	2	3	1	0	6	131	18	88
SC_RS37800	NC_003888.3	7904521	7905621	-	1101	2	1	1	1	2	4	124	21	104
SC_RS37805	NC_003888.3	7905713	7906456	-	744	4	5	4	2	5	7	83	12	59
SC_RS37810	NC_003888.3	7906453	7907715	-	1263	5	4	2	2	1	1	136	30	111
SC_RS37815	NC_003888.3	7907864	7908628	-	765	0	0	0	0	3	1	82	24	62
SC_RS37820	NC_003888.3	7908808	7909746	+	939	4	6	6	13	13	5	93	26	102
SC_RS37825	NC_003888.3	7910084	7911703	+	1620	2	6	6	4	9	11	178	39	169
SC_RS37830	NC_003888.3	7911841	7912686	+	846	2	1	0	0	0	3	93	17	72
SC_RS37835	NC_003888.3	7912792	7913283	+	492	1	1	1	1	0	0	54	15	47
SC_RS37840	NC_003888.3	7913374	7914627	-	1254	2	7	7	7	10	4	127	24	90
SC_RS37845	NC_003888.3	7914737	7917424	-	2688	13	7	4	8	5	12	290	58	242
SC_RS37850	NC_003888.3	7917541	7918281	-	741	3	3	5	4	2	3	94	16	95
SC_RS37855	NC_003888.3	7918561	7919013	+	453	12	5	10	4	7	6	77	28	62
SC_RS37860	NC_003888.3	7919133	7919627	-	495	16	23	24	24	32	30	73	58	58
SC_RS37865	NC_003888.3	7919673	7921208	-	1536	10	2	8	8	5	3	159	29	135
SC_RS37870	NC_003888.3	7921324	7921794	-	471	12	4	8	7	8	6	67	20	70
SC_RS37875	NC_003888.3	7922097	7922885	+	789	9	4	12	8	11	5	118	45	90
SC_RS37880	NC_003888.3	7922986	7923936	+	951	17	12	11	16	17	20	131	52	105
SC_RS37885	NC_003888.3	7923955	7924674	+	720	3	5	5	9	13	9	88	24	71
SC_RS37890	NC_003888.3	7924780	7925121	+	342	2	1	2	3	4	3	47	3	46
SC_RS37895	NC_003888.3	7925356	7928127	+	2772	438	431	519	168	152	211	431	244	330
SC_RS37900	NC_003888.3	7928148	7928555	-	408	21	11	29	1	2	5	57	19	40
SC_RS37905	NC_003888.3	7928742	7929485	+	744	26	10	33	23	12	24	101	30	71
SC_RS37910	NC_003888.3	7929510	7932251	-	2742	1013	903	1268	1432	1172	1466	1504	1248	1287
SC_RS37915	NC_003888.3	7932458	7932790	+	333	0	1	1	0	4	2	53	8	28
SC_RS37920	NC_003888.3	7932929	7934395	+	1467	16	19	36	39	32	28	173	54	149
SC_RS37925	NC_003888.3	7934492	7935322	+	831	78	51	89	151	119	156	134	88	133
SC_RS37930	NC_003888.3	7935350	7935958	-	609	36	46	65	144	131	147	83	56	88
SC_RS37935	NC_003888.3	7936071	7936472	+	402	80	75	104	88	81	91	103	65	101
SC_RS37940	NC_003888.3	7936673	7939486	+	2814	192	153	207	244	182	259	364	217	311
SC_RS37945	NC_003888.3	7939618	7940355	+	738	11	6	11	15	6	8	96	24	90
SC_RS37950	NC_003888.3	7940566	7941048	+	483	1	1	2	1	1	1	49	10	55
SC_RS37955	NC_003888.3	7941058	7941408	+	351	134	126	152	157	100	107	134	80	84
SC_RS37960	NC_003888.3	7941649	7942416	+	768	52	25	68	139	86	143	140	93	133
SC_RS37965	NC_003888.3	7942893	7943348	+	456	17	10	13	9	11	17	59	25	57
SC_RS37970	NC_003888.3	7943393	7943562	-	170	8	4	8	0	0	4	16	7	13
SC_RS37975	NC_003888.3	7943578	7944414	-	837	14	16	14	12	12	19	127	49	115
SC_RS37980	NC_003888.3	7944613	7945416	+	804	4	4	5	4	0	0	117	11	63
SC_RS37985	NC_003888.3	7945453	7946277	+	825	4	3	4	0	0	0	92	15	83
SC_RS37990	NC_003888.3	7946421	7947839	+	1419	28	25	30	9	9	12	76	27	69
SC_RS37995	NC_003888.3	7947903	7948901	-	999	168	159	189	67	65	61	195	118	140
SC_RS38000	NC_003888.3	7949234	7950301	+	1068	1	2	4	2	2	2	144	31	110
SC_RS38005	NC_003888.3	7950408	7950953	-	546	3	3	6	5	1	1	41	11	53
SC_RS38010	NC_003888.3	7950950	7951612	-	663	0	2	1	0	1	0	52	11	45
SC_RS38015	NC_003888.3	7951544	7953982	+	2439	7	3	4	7	10	4	264	45	194
SC_RS38020	NC_003888.3	7954049	7955986	+	1938	75	76	97	65	68	93	219	87	213
SC_RS38025	NC_003888.3	7956000	7956833	-	834	17	19	26	9	5	12	72	21	61
SC_RS38030	NC_003888.3	7956843	7957625	-	783	20	12	19	11	3	6	76	29	66
SC_RS38035	NC_003888.3	7957724	7958665	-	942	5	11	15	4	0	5	71	15	46
SC_RS38040	NC_003888.3	7958644	7959462	-	819	11	4	5	3	2	2	81	14	66
SC_RS38045	NC_003888.3	7959459	7961477	-	2019	20	16	19	10	1	10	240	49	145
SC_RS38050	NC_003888.3	7961479	7962270	-	792	3	0	7	2	0	2	75	19	64
SC_RS38055	NC_003888.3	7962441	7963373	-	933	7	6	2	4	3	5	90	17	56
SC_RS38060	NC_003888.3	7963370	7964647	-	1278	26	22	38	8	5	10	149	33	129
SC_RS38065	NC_003888.3	7964783	7965457	+	675	507	518	636	354	235	279	353	305	334
SC_RS38070	NC_003888.3	7966015	7968375	+	2361	87	70	95	24	9	11	255	58	237
SC_RS38075	NC_003888.3	7968419	7968850	-	432	51	49	69	24	28	22	85	32	73
SC_RS38080	NC_003888.3	7969170	7969406	+	237	13	20	23	12	21	26	43	25	45
SC_RS38085	NC_003888.3	7969712	7972438	+	2727	1212	1198	1398	728	619	770	822	638	776
SC_RS38090	NC_003888.3	7972368	7972685	-	318	13	17	17	23	26	24	59	32	58
SC_RS38095	NC_003888.3	7972971	7973441	+	471	2	4	2	5	1	3	69	22	58
SC_RS38100	NC_003888.3	7973481	7977242	-	3762	6	12	8	17	7	8	449	95	358
SC_RS38105	NC_003888.3	7977963	7978478	+	516	1	2	1	4	0	0	85	11	81
SC_RS38110	NC_003888.3	7978957	7980885	-	1929	56	60	74	88	73	82	222	45	187
SC_RS38115	NC_003888.3	7981070	7981423	-	354	0	0	0	3	0	2	39	15	36
SC_RS38120	NC_003888.3	7981617	7982402	+	786	2	0	1	2	1	2	91	20	59
SC_RS38125	NC_003888.3	7982399	7983112	+	714	0	0	0	0	2	0	78	11	62
SC_RS38130	NC_003888.3	7983160	7984032	+	873	1	2	3	1	1	0	84	16	74
SC_RS38135	NC_003888.3	7984029	7985084	+	1056	1	0	0	3	1	0	81	15	70
SC_RS38140	NC_003888.3	7985081	7986271	+	1191	17	6	23	42	43	40	123	43	133
SC_RS38145	NC_003888.3	7986419	7986640	+	222	0	1	5	18	15	18	42	27	28
SC_RS38150	NC_003888.3	7986672	7988690	-	2019	13	9	12	99	64	103	219	67	226
SC_RS38155	NC_003888.3	7988871	7992590	-	3720	47	43	43	23	35	29	421	104	332
SC_RS38160	NC_003888.3	7992891	7993154	-	264	2	2	8	11	9	14	69	41	70
SC_RS38165	NC_003888.3	7993470	7994357	+	888	5	10	14	73	49	49	205	78	149
SC_RS38170	NC_003888.3	7994561	7995307	-	747	14	16	21	76	88	79	144	84	125
SC_RS38175	NC_003888.3	7995692	7996294	+	603	4	7	3	169	154	126	200	115	147
SC_RS38180	NC_003888.3	7996511	7997461	+	951	15	20	39	90	79	74	172	83	159
SC_RS38185	NC_003888.3	7997836	7998651	+	816	20	12	22	44	26	38	143	43	97
SC_RS38190	NC_003888.3	7998971	7999183	+	213	6	1	3	13	10	6	40	8	13
SC_RS38195	NC_003888.3	7999105	7999371	-	267	7	8	11	48	28	32	53	27	48
SC_RS38200	NC_003888.3	7999751	8000539	-	789	35	15	30	18	14	19	134	34	94
SC_RS38205	NC_003888.3	8000799	8002337	-	1539	64	69	77	74	64	49	303	131	257
SC_RS38210	NC_003888.3	8002667	8003038	-	372	51	44	71	25	12	12	80	20	55
SC_RS38215	NC_003888.3	8003571	8004116	-	546	248	221	309	96	69	83	112	69	100
SC_RS38220	NC_003888.3	8004242	8004748	+	507	83	77	108	54	55	65	99	42	88
SC_RS38225	NC_003888.3	8004894	8005571	+	678	176	144	194	57	57	57	121	34	107
SC_RS38230	NC_003888.3	8005743	8006447	+	705	55	60	71	60	44	59	172	70	133
SC_RS38235	NC_003888.3	8006839	8007075	+	237	354	292	419	348	266	242	728	685	764
SC_RS38240	NC_003888.3	8007146	8007316	-	171	73	46	43	86	47	49	190	142	182
SC_RS38245	NC_003888.3	8007497	8008357	+	861	65	68	72	38	33	36	178	128	186
SC_RS38250	NC_003888.3	8008499	8009599	+	1101	28	23	38	229	203	232	348	247	262
SC_RS38255	NC_003888.3	8009646	8010506	+	861	11	10	17	113	75	77	196	88	131
SC_RS38260	NC_003888.3	8010973	8011434	+	462	30	26	50	91	57	92	181	166	124
SC_RS38265	NC_003888.3	8011635	8013374	-	1740	9	11	16	28	22	26	233	44	141
SC_RS38270	NC_003888.3	8013393	8016281	-	2889	18	10	18	14	18	15	359	63	243
SC_RS38275	NC_003888.3	8016858	8017022	+	165	47	37	53	12	19	19	41	11	26
SC_RS38280	NC_003888.3	8017040	8017786	+	747	91	65	143	67	57	69	96	29	94
SC_RS38285	NC_003888.3	8017954	8019021	-	1068	86	91	94	53	46	38	158	41	127
SC_RS38290	NC_003888.3	8019248	8019808	-	561	22	33	35	95	68	62	167	82	135
SC_RS38295	NC_003888.3	8020184	8021290	+	1107	498	406	583	299	242	246	243	102	186
SC_RS38300	NC_003888.3	8021290	8022063	+	774	85	70	109	75	52	60	103	34	76
SC_RS38305	NC_003888.3	8022130	8023167	+	1038	203	145	246	139	136	191	153	56	125
SC_RS38310	NC_003888.3	8023216	8023842	-	627	127	116	130	37	37	46	92	44	55
SC_RS38315	NC_003888.3	8023944	8026103	-	2160	94	70	121	123	85	97	368	166	326
SC_RS38320	NC_003888.3	8026306	8027475	-	1170	34	30	30	231	286	232	298	179	267
SC_RS38325	NC_003888.3	8027802	8028512	-	711	74	57	79	39	44	56	124	37	102
SC_RS38330	NC_003888.3	8028659	8029780	+	1122	15	8	10	35	35	43	121	29	86
SC_RS38335	NC_003888.3	8029922	8030377	-	456	1	0	4	6	4	4	55	16	36
SC_RS38340	NC_003888.3	8030688	8031422	+	735	4	4	1	11	6	3	75	14	84
SC_RS38345	NC_003888.3	8031554	8031985	+	432	13	9	11	48	28	19	427	346	344
SC_RS38350	NC_003888.3	8031988	8033013	+	1026	16	21	19	33	26	35	391	356	370
SC_RS38355	NC_003888.3	8033017	8034594	-	1578	4	8	9	4	7	8	176	41	141
SC_RS38360	NC_003888.3	8034753	8035697	-	945	34	33	43	16	12	14	122	24	119
SC_RS38365	NC_003888.3	8035811	8036500	+	690	81	82	120	93	77	103	138	73	125
SC_RS38370	NC_003888.3	8036527	8038008	+	1482	54	72	73	94	74	90	221	75	184
SC_RS38375	NC_003888.3	8038005	8038640	+	636	16	25	25	31	42	36	86	26	75
SC_RS38380	NC_003888.3	8038819	8041623	+	2805	172	157	220	1729	1679	1427	1180	833	858
SC_RS38385	NC_003888.3	8041766	8043442	+	1677	58	39	59	110	109	128	304	136	249
SC_RS38390	NC_003888.3	8043439	8043849	+	411	0	5	2	3	2	1	50	16	37
SC_RS38395	NC_003888.3	8043825	8045489	-	1665	15	10	26	28	26	25	196	68	142
SC_RS38400	NC_003888.3	8045564	8045923	-	360	18	19	36	51	42	55	67	69	49
SC_RS38405	NC_003888.3	8046083	8046460	+	378	1	1	1	8	5	9	54	20	37
SC_RS38410	NC_003888.3	8046501	8047403	+	903	13	23	35	141	114	145	212	108	134
SC_RS38415	NC_003888.3	8047425	8049662	+	2238	41	18	36	138	92	141	387	161	321
SC_RS38420	NC_003888.3	8049723	8051294	+	1572	23	16	21	29	37	38	202	59	151
SC_RS38425	NC_003888.3	8051378	8051503	+	126	1	3	3	13	3	5	14	9	14
SC_RS38430	NC_003888.3	8051543	8053318	-	1776	9	10	15	23	13	32	222	101	180
SC_RS38435	NC_003888.3	8053492	8055009	+	1518	10	18	25	62	80	85	242	80	167
SC_RS38440	NC_003888.3	8055078	8055983	+	906	3	3	0	2	3	3	103	29	89
SC_RS38445	NC_003888.3	8056020	8056262	+	243	107	83	123	492	422	351	575	525	552
SC_RS38450	NC_003888.3	8056347	8057249	+	903	89	92	109	464	426	365	638	506	539
SC_RS38455	NC_003888.3	8057286	8057888	+	603	21	22	26	40	36	51	88	32	72
SC_RS38460	NC_003888.3	8057947	8058444	+	498	167	171	217	233	195	214	179	150	168
SC_RS38465	NC_003888.3	8058466	8060403	-	1938	109	113	161	350	352	382	424	259	363
SC_RS38470	NC_003888.3	8060696	8061838	-	1143	1	2	4	12045	10693	11032	4738	4503	4117
SC_RS38475	NC_003888.3	8062135	8063643	+	1509	27	34	29	15116	15302	16685	8996	9071	8200
SC_RS38480	NC_003888.3	8063663	8064979	-	1317	39	31	46	2823	2375	2462	2187	2045	1916
SC_RS38485	NC_003888.3	8065252	8066280	-	1029	47	58	62	143	153	150	160	84	116
SC_RS38490	NC_003888.3	8066404	8067498	-	1095	13	11	10	25	31	21	111	28	107
SC_RS38495	NC_003888.3	8067580	8069211	-	1632	36	29	59	58	56	59	227	87	199
SC_RS38500	NC_003888.3	8069445	8070158	+	714	38	31	51	309	314	345	227	184	191
SC_RS38505	NC_003888.3	8070206	8070691	-	486	169	188	247	182	144	153	147	87	134
SC_RS38510	NC_003888.3	8070834	8071793	+	960	21	12	10	30	23	22	122	29	98
SC_RS38515	NC_003888.3	8071805	8072074	-	270	16	14	17	36	20	32	101	78	73
SC_RS38520	NC_003888.3	8072211	8072654	-	444	5	2	11	32	28	24	74	41	53
SC_RS38525	NC_003888.3	8072945	8073109	+	165	0	0	1	3	3	2	30	1	31
SC_RS38530	NC_003888.3	8073282	8074172	+	891	7	8	12	8	11	6	110	35	98
SC_RS38535	NC_003888.3	8074201	8075100	+	900	109	89	132	64	55	67	128	51	109
SC_RS38540	NC_003888.3	8075475	8075981	-	507	142	121	163	363	302	266	237	155	176
SC_RS38545	NC_003888.3	8076071	8076796	-	726	37	32	59	194	166	179	201	129	130
SC_RS38550	NC_003888.3	8077041	8077436	+	396	120	101	139	25	29	18	63	47	56
SC_RS38555	NC_003888.3	8077471	8078550	+	1080	219	195	272	1096	1031	952	585	525	499
SC_RS38560	NC_003888.3	8078532	8079047	-	516	89	88	102	732	688	636	434	421	364
SC_RS38565	NC_003888.3	8079088	8079972	-	885	108	95	115	61	64	59	151	114	144
SC_RS38570	NC_003888.3	8080101	8081093	+	993	210	203	223	240	200	252	175	106	176
SC_RS38575	NC_003888.3	8081175	8081558	-	384	42	49	72	28	34	26	74	28	63
SC_RS38580	NC_003888.3	8081893	8082303	+	411	2	2	4	44	39	30	108	29	87
SC_RS38585	NC_003888.3	8082329	8083624	-	1296	12	3	9	13	10	18	143	24	105
SC_RS38590	NC_003888.3	8083750	8084169	-	420	3	0	5	2	3	1	48	9	40
SC_RS38595	NC_003888.3	8084166	8084750	-	585	25	17	19	17	18	15	86	38	78
SC_RS38600	NC_003888.3	8084920	8085375	+	456	202	171	218	232	223	227	406	462	373
SC_RS38605	NC_003888.3	8085400	8086287	-	888	214	251	344	447	348	323	524	449	402
SC_RS38610	NC_003888.3	8086495	8086968	+	474	84	86	104	247	175	230	340	339	332
SC_RS38615	NC_003888.3	8087020	8087622	-	603	27	15	19	64	41	47	97	76	100
SC_RS38620	NC_003888.3	8087624	8088277	-	654	11	4	11	28	17	40	105	65	94
SC_RS38625	NC_003888.3	8088496	8088978	+	483	6	4	11	13	10	11	83	35	78
SC_RS38630	NC_003888.3	8089106	8089903	+	798	7	15	14	25	20	27	130	49	75
SC_RS38635	NC_003888.3	8089935	8090642	+	708	343	342	396	215	248	264	157	103	144
SC_RS38640	NC_003888.3	8090751	8092010	+	1260	56	79	85	60	55	49	140	40	128
SC_RS38645	NC_003888.3	8092023	8093006	+	984	1012	1072	1261	661	601	818	773	629	564
SC_RS38650	NC_003888.3	8093034	8093387	-	354	184	221	217	99	77	111	111	85	98
SC_RS38655	NC_003888.3	8093620	8094045	+	426	107	106	141	30	30	26	94	33	71
SC_RS38660	NC_003888.3	8094134	8094562	-	429	12	18	18	6	11	15	56	17	49
SC_RS38665	NC_003888.3	8094656	8095633	-	978	17	15	19	13	15	21	131	51	95
SC_RS38670	NC_003888.3	8095690	8097312	-	1623	48	57	96	58	48	50	309	159	239
SC_RS38675	NC_003888.3	8097454	8098413	-	960	99	79	115	150	160	179	242	156	197
SC_RS38680	NC_003888.3	8098439	8099116	-	678	114	123	120	225	193	197	241	205	220
SC_RS38685	NC_003888.3	8099128	8100432	-	1305	25	39	30	41	35	71	193	100	192
SC_RS38690	NC_003888.3	8100524	8103490	-	2967	324	294	331	313	261	330	548	297	476
SC_RS38695	NC_003888.3	8103557	8103910	-	354	69	60	91	153	130	132	192	170	153
SC_RS38700	NC_003888.3	8104039	8105385	-	1347	165	206	233	274	266	267	364	265	360
SC_RS38705	NC_003888.3	8105397	8107073	-	1677	409	330	456	408	335	369	501	317	385
SC_RS38710	NC_003888.3	8107284	8108156	+	873	217	245	332	170	126	153	209	162	182
SC_RS38715	NC_003888.3	8108173	8109405	-	1233	202	196	241	185	172	176	245	164	188
SC_RS38720	NC_003888.3	8109415	8110161	-	747	63	83	113	106	119	128	153	89	116
SC_RS38725	NC_003888.3	8110240	8110872	-	633	33	19	25	22	19	18	110	68	88
SC_RS38730	NC_003888.3	8111024	8111647	+	624	37	57	49	17	39	31	82	32	57
SC_RS38735	NC_003888.3	8111687	8113360	+	1674	72	88	83	103	61	60	227	80	173
SC_RS38740	NC_003888.3	8113394	8113747	-	354	16	15	11	16	21	30	25	38	25
SC_RS38745	NC_003888.3	8113809	8114060	-	252	10	8	10	28	15	21	34	26	40
SC_RS38750	NC_003888.3	8114185	8115087	-	903	67	61	70	127	99	94	112	43	88
SC_RS38755	NC_003888.3	8115165	8115779	+	615	4	2	2	2	0	1	56	20	41
SC_RS38760	NC_003888.3	8115877	8117187	+	1311	78	73	84	81	44	58	126	35	98
SC_RS38765	NC_003888.3	8117195	8117650	-	456	13	9	24	12	12	10	72	29	63
SC_RS38770	NC_003888.3	8118005	8119483	-	1479	21	27	20	32	25	33	213	40	166
SC_RS38775	NC_003888.3	8119513	8119746	-	234	6	5	12	8	6	11	46	20	32
SC_RS38780	NC_003888.3	8119902	8120348	+	447	5	4	1	7	9	12	57	20	69
SC_RS38785	NC_003888.3	8120541	8121440	+	900	34	21	25	100	62	96	160	65	114
SC_RS38790	NC_003888.3	8121460	8121699	+	240	6	5	12	18	12	18	23	21	25
SC_RS38795	NC_003888.3	8121760	8122602	+	843	32	24	37	54	45	51	114	53	111
SC_RS38800	NC_003888.3	8122631	8123065	+	435	38	53	60	21	14	21	82	34	66
SC_RS38805	NC_003888.3	8123089	8125335	-	2247	1984	2018	2466	361	263	331	395	188	392
SC_RS38810	NC_003888.3	8125470	8126846	-	1377	150	133	206	212	190	253	354	181	287
SC_RS38815	NC_003888.3	8127055	8128797	-	1743	276	289	321	239	164	239	299	246	260
SC_RS38820	NC_003888.3	8128794	8129858	-	1065	393	431	496	312	285	320	354	242	278
SC_RS38825	NC_003888.3	8129858	8130298	-	441	154	166	220	181	151	155	158	134	111
SC_RS38830	NC_003888.3	8130298	8130729	-	432	203	189	235	202	199	169	163	127	144
SC_RS38835	NC_003888.3	8130726	8131625	-	900	710	641	848	864	699	681	580	471	419
SC_RS38840	NC_003888.3	8131786	8132178	-	393	122	99	119	107	78	74	133	142	115
SC_RS38845	NC_003888.3	8132296	8134770	-	2475	261	243	289	241	197	254	371	210	298
SC_RS38850	NC_003888.3	8134767	8138762	-	3996	602	505	673	722	597	723	824	475	644
SC_RS38855	NC_003888.3	8139033	8139467	-	435	11	16	20	37	32	31	150	76	115
SC_RS38860	NC_003888.3	8139603	8141513	-	1911	23	16	23	245	153	172	383	214	350
SC_RS38865	NC_003888.3	8141668	8141904	+	237	2	0	2	1	1	1	26	2	17
SC_RS38870	NC_003888.3	8141930	8143021	-	1092	13	14	15	41	14	28	130	50	120
SC_RS38875	NC_003888.3	8143094	8145319	-	2226	8	12	13	64	65	58	266	73	229
SC_RS38880	NC_003888.3	8145323	8146684	-	1362	1	1	3	15	14	11	112	39	98
SC_RS38885	NC_003888.3	8146713	8148431	-	1719	7	4	18	33	21	33	198	51	169
SC_RS38890	NC_003888.3	8148428	8150437	-	2010	9	7	9	19	12	19	228	43	185
SC_RS38895	NC_003888.3	8150499	8150771	-	273	1	2	0	4	3	5	44	10	46
SC_RS38900	NC_003888.3	8151064	8151579	+	516	4	2	1	26	32	7	87	23	83
SC_RS38905	NC_003888.3	8151576	8153723	+	2148	16	9	21	47	53	45	281	77	257
SC_RS38910	NC_003888.3	8153726	8154526	-	801	26	19	27	59	40	59	105	68	86
SC_RS38915	NC_003888.3	8154646	8155017	+	372	2	4	5	6	11	15	52	17	28
SC_RS38920	NC_003888.3	8154965	8155756	-	792	1	5	3	3	3	3	79	17	103
SC_RS38925	NC_003888.3	8156060	8156584	+	525	124	94	130	448	411	399	772	585	652
SC_RS38930	NC_003888.3	8156604	8157545	-	942	97	91	94	487	417	375	357	326	318
SC_RS38935	NC_003888.3	8157613	8158389	-	777	4	3	2	622	589	471	199	69	136
SC_RS38940	NC_003888.3	8158531	8159511	-	981	5	9	10	2	0	0	93	22	83
SC_RS38945	NC_003888.3	8159608	8161062	-	1455	22	35	34	19	15	6	152	45	142
SC_RS38950	NC_003888.3	8161308	8161964	+	657	249	218	293	91	73	91	144	89	116
SC_RS38955	NC_003888.3	8162598	8163794	-	1197	45	25	28	7	9	10	131	27	107
SC_RS38960	NC_003888.3	8163903	8164718	+	816	11	6	10	22	35	14	112	33	83
SC_RS38965	NC_003888.3	8164751	8165131	+	381	26	31	33	22	21	22	80	34	33
SC_RS38970	NC_003888.3	8165128	8165595	+	468	26	24	43	36	38	29	77	52	78
SC_RS38975	NC_003888.3	8165657	8168029	+	2373	41	27	45	33	24	33	287	93	211
SC_RS38980	NC_003888.3	8168062	8168703	-	642	53	58	61	161	142	119	141	99	133
SC_RS38985	NC_003888.3	8168760	8169590	-	831	89	75	99	204	192	186	165	89	194
SC_RS38990	NC_003888.3	8169703	8170689	+	987	55	51	94	208	216	247	233	153	207
SC_RS38995	NC_003888.3	8170720	8172222	-	1503	86	73	108	444	425	510	346	222	306
SC_RS39000	NC_003888.3	8172314	8173069	-	756	249	221	310	139	125	110	151	127	165
SC_RS39005	NC_003888.3	8173119	8173739	-	621	253	268	349	169	143	186	196	153	175
SC_RS39010	NC_003888.3	8173887	8175416	+	1530	302	257	364	158	133	159	300	183	308
SC_RS39015	NC_003888.3	8175571	8176611	-	1041	212	200	234	65	54	55	197	153	181
SC_RS39020	NC_003888.3	8176680	8177471	-	792	118	114	144	29	22	26	122	64	75
SC_RS39025	NC_003888.3	8177482	8178147	-	666	84	70	95	56	40	44	152	106	122
SC_RS39030	NC_003888.3	8178292	8178615	+	324	3	0	2	1	1	1	45	9	15
SC_RS39035	NC_003888.3	8178701	8179468	+	768	99	88	124	443	414	522	266	250	227
SC_RS39040	NC_003888.3	8179502	8180842	-	1341	104	100	141	286	257	277	262	158	195
SC_RS39045	NC_003888.3	8181085	8181612	+	528	66	50	63	83	62	72	93	48	63
SC_RS39050	NC_003888.3	8181660	8182973	-	1314	129	110	136	24	24	26	134	43	146
SC_RS39055	NC_003888.3	8183344	8184384	+	1041	7	13	15	18	11	16	97	28	81
SC_RS39060	NC_003888.3	8184508	8185071	-	564	16	17	24	59	55	45	131	75	76
SC_RS39065	NC_003888.3	8185152	8185685	-	534	5	10	12	18	25	29	64	25	42
SC_RS39070	NC_003888.3	8185841	8186332	-	492	7	3	11	6	4	3	51	15	47
SC_RS39075	NC_003888.3	8186329	8188821	-	2493	8	4	17	24	13	14	274	66	249
SC_RS39080	NC_003888.3	8188931	8189563	+	633	0	0	1	2	3	6	72	15	75
SC_RS39085	NC_003888.3	8189725	8190453	-	729	6	7	9	11	4	10	91	25	61
SC_RS39090	NC_003888.3	8190450	8190707	-	258	2	2	9	8	6	6	26	13	26
SC_RS39095	NC_003888.3	8190704	8191414	-	711	6	4	2	17	5	12	80	33	69
SC_RS39100	NC_003888.3	8191562	8191873	+	312	4	1	1	4	3	1	27	9	40
SC_RS39105	NC_003888.3	8191911	8193224	-	1314	0	1	0	2	2	2	129	28	100
SC_RS39110	NC_003888.3	8193260	8193673	+	414	0	0	2	5	1	5	59	8	38
SC_RS39115	NC_003888.3	8195889	8197229	+	1341	11	6	12	10	8	5	122	32	122
SC_RS39120	NC_003888.3	8197385	8197828	+	444	94	97	107	224	192	210	274	249	250
SC_RS39125	NC_003888.3	8198068	8199240	-	1173	26	19	29	37	25	25	139	61	139
SC_RS39130	NC_003888.3	8199503	8200009	+	507	1	0	8	11	7	13	63	18	73
SC_RS39135	NC_003888.3	8200002	8201621	+	1620	3	2	2	16	5	10	147	30	139
SC_RS39140	NC_003888.3	8201665	8202543	+	879	8	3	4	6	8	4	99	27	79
SC_RS39145	NC_003888.3	8202573	8203016	-	444	2	0	3	1	1	7	43	10	50
SC_RS39150	NC_003888.3	8203066	8203641	-	576	1	0	1	0	2	7	40	10	37
SC_RS39155	NC_003888.3	8203616	8203912	+	297	0	3	2	1	2	8	28	10	19
SC_RS39160	NC_003888.3	8203951	8204043	+	93	0	0	0	0	0	3	8	2	5
SC_RS39165	NC_003888.3	8204060	8204551	+	492	4	7	3	9	6	22	63	37	58
SC_RS39170	NC_003888.3	8204557	8205306	-	750	15	14	9	50	34	123	197	156	158
SC_RS39175	NC_003888.3	8205523	8206461	+	939	1	2	7	4	2	1	76	18	52
SC_RS39180	NC_003888.3	8206425	8207912	-	1488	11	10	10	24	24	14	175	51	127
SC_RS39185	NC_003888.3	8208050	8209387	-	1338	12	3	17	9	10	8	120	26	126
SC_RS39190	NC_003888.3	8209545	8210141	-	597	26	19	28	52	51	45	77	41	45
SC_RS39195	NC_003888.3	8210201	8212285	-	2085	684	482	906	3162	2871	2973	2020	1910	1658
SC_RS39200	NC_003888.3	8212293	8213276	-	984	499	355	722	3949	4050	4420	1993	1680	1344
SC_RS39205	NC_003888.3	8213273	8214151	-	879	297	174	345	2771	2703	2838	1243	1092	1043
SC_RS39210	NC_003888.3	8214255	8214824	-	570	26	19	23	35	43	41	70	42	70
SC_RS39215	NC_003888.3	8214910	8216082	-	1173	142	135	167	160	131	151	211	104	147
SC_RS39220	NC_003888.3	8216238	8216423	+	186	213	238	297	374	364	347	132	134	123
SC_RS39225	NC_003888.3	8216457	8217248	-	792	1203	1322	1653	1959	1734	1914	854	699	622
SC_RS39230	NC_003888.3	8217360	8218007	-	648	1	2	3	11	5	7	73	11	41
SC_RS39235	NC_003888.3	8218101	8220176	-	2076	4	11	4	27	31	37	231	39	189
SC_RS39240	NC_003888.3	8220304	8222349	-	2046	20	22	22	26	26	29	229	45	172
SC_RS39245	NC_003888.3	8222376	8223731	-	1356	11	10	17	13	12	20	148	44	120
SC_RS39250	NC_003888.3	8223827	8224777	-	951	11	3	7	10	6	11	114	13	108
SC_RS39255	NC_003888.3	8224785	8225711	-	927	8	15	8	17	5	10	116	28	86
SC_RS39260	NC_003888.3	8225904	8226962	+	1059	25	33	28	46	27	44	130	44	116
SC_RS39265	NC_003888.3	8227072	8228874	+	1803	23	27	34	49	44	58	241	109	199
SC_RS39270	NC_003888.3	8228871	8229902	+	1032	10	6	8	14	9	20	115	35	91
SC_RS39275	NC_003888.3	8229906	8230712	-	807	0	2	0	4	2	1	88	15	76
SC_RS39280	NC_003888.3	8230865	8232022	+	1158	18	21	20	9	7	10	154	35	130
SC_RS39285	NC_003888.3	8232052	8232456	-	405	34	20	45	5	5	12	41	10	36
SC_RS39290	NC_003888.3	8232555	8233778	-	1224	272	262	338	53	52	84	133	43	117
SC_RS39295	NC_003888.3	8233775	8235016	-	1242	173	163	191	37	19	39	137	44	118
SC_RS39300	NC_003888.3	8235013	8235654	-	642	49	60	62	11	13	13	50	22	45
SC_RS39305	NC_003888.3	8235635	8235982	-	348	24	38	42	6	10	11	33	11	26
SC_RS39310	NC_003888.3	8235979	8236386	-	408	64	54	86	10	6	9	48	7	28
SC_RS39315	NC_003888.3	8236383	8238014	-	1632	428	436	526	57	43	56	186	67	168
SC_RS39320	NC_003888.3	8238152	8238862	-	711	9	9	5	31	20	31	79	18	68
SC_RS39325	NC_003888.3	8238976	8239428	+	453	20	11	25	78	70	86	51	21	48
SC_RS39330	NC_003888.3	8239425	8241158	+	1734	27	15	39	137	115	162	184	42	150
SC_RS39335	NC_003888.3	8241248	8241685	-	438	4	13	21	41	30	51	59	16	44
SC_RS39340	NC_003888.3	8241835	8242281	+	447	237	222	305	914	698	1044	394	375	371
SC_RS39345	NC_003888.3	8242355	8243551	+	1197	139	143	183	172	174	331	202	130	180
SC_RS39350	NC_003888.3	8243600	8243950	-	351	79	50	67	56	38	56	76	46	56
SC_RS39355	NC_003888.3	8244126	8244812	+	687	247	199	264	69	59	66	110	99	104
SC_RS39360	NC_003888.3	8244832	8245092	-	261	4	8	5	23	7	17	57	38	61
SC_RS39365	NC_003888.3	8245226	8245909	-	684	20	7	15	12	7	12	68	23	67
SC_RS39370	NC_003888.3	8246125	8247111	+	987	10	8	15	9	9	8	117	42	112
SC_RS39375	NC_003888.3	8247219	8247980	+	762	3	1	2	25	24	21	108	44	87
SC_RS39380	NC_003888.3	8248054	8249322	-	1269	6	8	10	40	15	24	129	28	118
SC_RS39385	NC_003888.3	8249413	8250867	-	1455	11	14	13	32	36	37	161	50	133
SC_RS39390	NC_003888.3	8250914	8252494	-	1581	6	9	21	8	5	5	161	35	144
SC_RS39395	NC_003888.3	8252589	8253524	+	936	30	17	40	15	11	16	105	17	76
SC_RS39400	NC_003888.3	8253535	8254275	+	741	82	82	120	99	72	95	138	63	81
SC_RS39405	NC_003888.3	8254317	8255261	-	945	75	81	99	74	72	102	118	51	99
SC_RS39410	NC_003888.3	8255351	8255941	+	591	62	58	93	66	60	56	114	43	68
SC_RS39415	NC_003888.3	8256136	8256564	+	429	130	148	146	97	46	118	148	161	100
SC_RS39420	NC_003888.3	8256653	8258293	+	1641	377	404	429	978	933	1092	790	606	593
SC_RS39425	NC_003888.3	8258333	8259529	-	1197	76	70	102	191	170	123	362	311	298
SC_RS39430	NC_003888.3	8259792	8260529	+	738	4	9	14	11	11	9	99	38	77
SC_RS39435	NC_003888.3	8260631	8261071	+	441	34	47	47	43	26	32	104	64	98
SC_RS39440	NC_003888.3	8261520	8262071	-	552	42	32	46	22	12	13	79	27	62
SC_RS39445	NC_003888.3	8262216	8264150	+	1935	2	1	3	12	4	7	251	50	178
SC_RS39450	NC_003888.3	8264413	8265090	+	678	5	2	3	6	7	7	92	18	35
SC_RS39455	NC_003888.3	8265216	8265896	+	681	0	1	0	2	2	1	75	13	69
SC_RS39460	NC_003888.3	8266048	8267244	+	1197	2	3	4	7	3	0	101	20	77
SC_RS39465	NC_003888.3	8267283	8268311	-	1029	15	11	15	58	48	46	126	35	96
SC_RS39470	NC_003888.3	8268376	8269446	-	1071	23	18	23	97	102	91	143	87	144
SC_RS39475	NC_003888.3	8269590	8270384	+	795	11	13	7	5	4	3	52	18	40
SC_RS39480	NC_003888.3	8270459	8270995	+	537	14	17	24	30	45	31	73	42	68
SC_RS39485	NC_003888.3	8271037	8271528	-	492	27	28	18	56	53	39	63	27	46
SC_RS39490	NC_003888.3	8271571	8271969	-	399	13	8	15	15	12	12	35	14	41
SC_RS39495	NC_003888.3	8272128	8272493	+	366	24	10	27	66	77	59	67	25	46
SC_RS39500	NC_003888.3	8272690	8273529	-	840	51	44	51	395	410	440	151	50	108
SC_RS39505	NC_003888.3	8273736	8274806	+	1071	136	116	170	374	270	198	492	446	483
SC_RS39510	NC_003888.3	8274847	8275575	-	729	45	43	49	59	40	35	161	91	143
SC_RS39515	NC_003888.3	8275745	8276497	-	753	124	104	152	63	59	71	123	41	90
SC_RS39520	NC_003888.3	8276830	8278032	+	1203	1284	1240	1760	350	297	442	242	95	159
SC_RS39525	NC_003888.3	8278029	8278430	+	402	364	344	447	127	108	158	65	37	55
SC_RS39530	NC_003888.3	8278427	8278804	+	378	244	256	356	66	61	102	52	25	50
SC_RS39535	NC_003888.3	8278779	8279372	+	594	826	757	1036	273	198	340	141	70	159
SC_RS39540	NC_003888.3	8279637	8280764	+	1128	254	297	319	865	771	1014	317	163	242
SC_RS39545	NC_003888.3	8280867	8282165	-	1299	548	529	615	1517	1188	1314	1003	822	871
SC_RS39550	NC_003888.3	8282277	8283623	-	1347	20	16	19	213	252	242	222	131	213
SC_RS39555	NC_003888.3	8283620	8284132	-	513	10	5	17	417	429	342	190	164	208
SC_RS39560	NC_003888.3	8284297	8285283	+	987	53	59	58	1958	2132	1647	787	733	882
SC_RS39565	NC_003888.3	8285280	8285591	+	312	17	18	18	196	294	227	142	111	140
SC_RS39570	NC_003888.3	8285601	8286428	+	828	30	24	32	470	535	438	279	278	323
SC_RS39575	NC_003888.3	8286422	8286937	+	516	10	14	11	117	144	129	99	76	119
SC_RS39580	NC_003888.3	8286937	8288043	+	1107	33	27	21	343	406	287	241	211	285
SC_RS39585	NC_003888.3	8288251	8289468	-	1218	9	9	14	48	52	47	160	49	147
SC_RS39590	NC_003888.3	8289725	8291218	+	1494	29	34	18	12	28	24	197	63	151
SC_RS39595	NC_003888.3	8291215	8292117	-	903	74	55	74	83	56	63	157	78	127
SC_RS39600	NC_003888.3	8292151	8293314	-	1164	99	93	110	66	53	56	138	65	154
SC_RS39605	NC_003888.3	8293353	8293976	+	624	277	278	360	716	631	621	508	468	453
SC_RS39610	NC_003888.3	8293977	8294552	-	576	494	537	647	3113	2548	2673	2091	1869	1618
SC_RS39615	NC_003888.3	8294732	8295145	+	414	18	9	8	14	7	7	58	18	52
SC_RS39620	NC_003888.3	8295316	8295723	+	408	14	19	14	31	31	40	56	11	43
SC_RS39625	NC_003888.3	8295730	8296649	-	920	34	44	42	58	41	56	107	39	84
SC_RS39630	NC_003888.3	8296646	8297848	-	1203	271	218	331	112	131	136	213	148	218
SC_RS39635	NC_003888.3	8297867	8298751	-	885	13	5	13	9	3	11	87	35	85
SC_RS39640	NC_003888.3	8298748	8299779	-	1032	15	12	10	3	12	7	116	24	82
SC_RS39645	NC_003888.3	8299813	8301216	-	1404	10	9	13	10	8	7	163	37	152
SC_RS39650	NC_003888.3	8301441	8302487	+	1047	39	56	68	11	8	15	143	34	135
SC_RS39655	NC_003888.3	8302514	8303314	+	801	21	18	16	5	4	3	100	23	71
SC_RS39660	NC_003888.3	8303311	8304675	+	1365	16	16	22	6	7	9	148	24	143
SC_RS39665	NC_003888.3	8304672	8306609	+	1938	23	23	34	14	7	10	193	60	146
SC_RS39670	NC_003888.3	8306615	8307055	-	441	12	11	8	5	2	4	38	17	34
SC_RS39675	NC_003888.3	8307194	8308025	+	832	4	4	1	1	1	2	91	20	76
SC_RS39680	NC_003888.3	8308033	8308830	-	798	5	4	8	2	1	4	72	17	57
SC_RS39685	NC_003888.3	8308924	8309703	+	780	46	27	37	15	22	17	82	31	71
SC_RS39690	NC_003888.3	8309894	8310544	-	651	203	135	181	47	35	25	106	40	75
SC_RS39695	NC_003888.3	8310669	8311394	-	726	3	3	0	6	3	1	71	16	59
SC_RS39700	NC_003888.3	8311492	8312979	-	1488	6	5	6	14	6	6	151	40	144
SC_RS39705	NC_003888.3	8313196	8314671	+	1476	11	13	25	13	10	11	181	28	129
SC_RS39710	NC_003888.3	8314675	8315715	-	1041	145	150	219	145	146	122	216	129	173
SC_RS39715	NC_003888.3	8315870	8317243	+	1374	9	13	14	19	13	9	153	27	124
SC_RS39720	NC_003888.3	8317265	8318206	+	942	4	3	7	11	8	16	108	30	94
SC_RS39725	NC_003888.3	8318209	8319108	+	900	7	3	5	12	9	7	94	28	77
SC_RS39730	NC_003888.3	8319174	8320994	+	1821	60	65	82	24	21	36	239	52	172
SC_RS39735	NC_003888.3	8321047	8321994	-	948	99	58	138	66	78	89	129	52	126
SC_RS39740	NC_003888.3	8322307	8323140	-	834	14	9	5	7	6	5	113	34	96
SC_RS39745	NC_003888.3	8323180	8324658	-	1479	165	153	159	45	37	50	247	82	166
SC_RS39750	NC_003888.3	8324810	8325307	-	498	3971	3958	5254	2311	2281	2442	2141	2114	1726
SC_RS39755	NC_003888.3	8325357	8326355	-	999	3027	3477	3917	560	433	409	1453	1642	1694
SC_RS39760	NC_003888.3	8326492	8327448	-	957	33	26	31	21	23	28	114	34	78
SC_RS39765	NC_003888.3	8327480	8328367	-	888	5	3	1	4	2	3	89	16	88
SC_RS39770	NC_003888.3	8328549	8329049	+	501	10	5	10	11	10	19	68	26	49
SC_RS39775	NC_003888.3	8329348	8329917	+	570	15	11	7	6	7	3	105	25	78
SC_RS39780	NC_003888.3	8329972	8331888	+	1917	1455	1434	1861	5115	4071	4288	1958	1852	1439
SC_RS39785	NC_003888.3	8332218	8333516	+	1299	118	118	146	936	971	968	253	159	187
SC_RS39790	NC_003888.3	8333583	8334140	-	558	113	113	144	192	161	166	67	46	66
SC_RS39795	NC_003888.3	8334151	8334732	-	582	104	93	168	26	26	34	67	11	43
SC_RS39800	NC_003888.3	8334804	8336018	-	1215	84	64	84	16	14	28	121	22	81
SC_RS39805	NC_003888.3	8336087	8337202	-	1116	55	63	60	37	40	28	132	31	104
SC_RS39810	NC_003888.3	8337389	8339479	-	2091	440	430	539	64	58	53	259	102	194
SC_RS39815	NC_003888.3	8339604	8342117	+	2514	12	8	15	20	25	20	241	43	197
SC_RS39820	NC_003888.3	8342114	8342632	+	519	0	1	8	6	3	3	36	14	51
SC_RS39825	NC_003888.3	8342696	8344990	+	2295	12	13	12	6	12	12	232	44	184
SC_RS39830	NC_003888.3	8345074	8346285	+	1212	1	1	5	3	2	3	105	14	91
SC_RS39835	NC_003888.3	8346301	8347302	-	1002	12	6	10	14	18	18	105	21	76
SC_RS39840	NC_003888.3	8347435	8347857	+	423	8	4	8	17	22	14	39	25	52
SC_RS39845	NC_003888.3	8347854	8348954	+	1101	15	19	21	36	41	29	100	44	84
SC_RS39850	NC_003888.3	8348997	8350073	-	1077	19	29	22	30	32	43	166	49	142
SC_RS39855	NC_003888.3	8350151	8351407	-	1257	6	9	11	3	2	2	168	25	93
SC_RS39860	NC_003888.3	8351511	8352350	-	840	4	2	1	13	5	5	75	21	62
SC_RS39865	NC_003888.3	8352526	8353227	+	702	29	13	26	52	43	42	165	124	150
SC_RS39870	NC_003888.3	8353224	8354738	+	1515	5	7	11	29	28	38	176	63	182
SC_RS39875	NC_003888.3	8354735	8355298	+	564	12	9	19	18	12	13	92	35	85
SC_RS39880	NC_003888.3	8355539	8357758	+	2220	524	461	509	1065	994	1251	44848	39915	34906
SC_RS39885	NC_003888.3	8357815	8359128	-	1314	34	20	29	45	52	54	528	369	462
SC_RS39890	NC_003888.3	8359236	8360183	+	948	69	58	77	113	101	103	128	76	122
SC_RS39895	NC_003888.3	8360197	8360931	-	735	50	38	67	163	123	194	141	53	75
SC_RS39900	NC_003888.3	8361080	8361751	-	672	180	196	287	278	244	339	464	378	417
SC_RS39905	NC_003888.3	8361751	8363910	-	2160	37	32	41	97	63	74	298	111	297
SC_RS39910	NC_003888.3	8364041	8365387	-	1347	18	14	27	81	63	96	165	60	160
SC_RS39915	NC_003888.3	8365625	8366890	+	1266	18	16	26	21	16	25	142	33	129
SC_RS39920	NC_003888.3	8366985	8367788	+	804	21	28	26	17	14	26	128	28	96
SC_RS39925	NC_003888.3	8367785	8368597	+	813	5	3	7	11	14	7	71	25	77
SC_RS39930	NC_003888.3	8368618	8369616	+	999	18	9	11	15	5	14	138	21	89
SC_RS39935	NC_003888.3	8369673	8371214	+	1542	20	21	40	14	17	29	180	46	136
SC_RS39940	NC_003888.3	8371247	8372236	+	990	83	73	73	89	80	86	122	40	101
SC_RS39945	NC_003888.3	8372211	8372555	-	345	130	141	172	486	447	453	227	180	196
SC_RS39950	NC_003888.3	8372680	8373498	-	819	6	3	7	959	836	922	324	122	191
SC_RS39955	NC_003888.3	8373704	8373907	-	204	1	4	5	6	5	3	40	9	31
SC_RS39960	NC_003888.3	8373973	8374590	-	618	38	42	45	90	44	58	120	64	100
SC_RS39965	NC_003888.3	8374690	8375652	+	963	50	40	89	20	18	21	118	32	73
SC_RS39970	NC_003888.3	8375936	8376949	-	1014	711	677	854	316	255	329	328	260	284
SC_RS39975	NC_003888.3	8377286	8378596	+	1311	1	3	1	16	6	11	127	37	123
SC_RS39980	NC_003888.3	8378701	8379696	+	996	7	2	4	3	7	5	74	22	53
SC_RS39985	NC_003888.3	8379709	8380632	+	924	6	2	4	6	6	12	91	19	85
SC_RS39990	NC_003888.3	8380679	8382118	+	1440	35	30	40	30	30	57	187	66	163
SC_RS39995	NC_003888.3	8382232	8383428	-	1197	40	40	46	42	38	48	152	58	120
SC_RS40000	NC_003888.3	8383565	8384098	-	534	40	41	49	32	29	37	75	29	56
SC_RS40005	NC_003888.3	8384103	8385164	-	1062	70	61	92	55	45	74	183	71	126
SC_RS40010	NC_003888.3	8385161	8385997	-	837	83	79	86	80	68	66	115	60	99
SC_RS40015	NC_003888.3	8386052	8387629	+	1578	18	21	18	12	21	13	169	58	158
SC_RS40020	NC_003888.3	8387626	8388618	+	993	3	1	6	2	4	8	117	22	89
SC_RS40025	NC_003888.3	8388615	8389529	+	915	4	7	3	4	3	6	84	12	86
SC_RS40030	NC_003888.3	8389526	8390392	+	867	0	4	7	2	2	5	89	23	65
SC_RS40035	NC_003888.3	8390389	8391339	+	951	33	18	34	12	11	5	133	28	66
SC_RS40040	NC_003888.3	8391351	8392310	-	960	68	80	114	33	21	31	164	94	150
SC_RS40045	NC_003888.3	8392352	8393143	+	792	9	18	15	10	9	10	81	30	75
SC_RS40050	NC_003888.3	8393167	8394294	+	1128	18	23	25	18	27	37	144	34	103
SC_RS40055	NC_003888.3	8394291	8394704	+	414	4	0	9	9	7	6	37	11	30
SC_RS40060	NC_003888.3	8394796	8397792	+	2997	106	99	140	113	125	112	349	129	308
SC_RS40065	NC_003888.3	8397789	8398133	-	345	8	12	15	32	25	30	86	39	61
SC_RS40070	NC_003888.3	8398334	8398483	+	150	1	0	0	0	3	0	16	2	11
SC_RS40075	NC_003888.3	8398566	8399423	-	858	4	2	3	2	2	3	93	14	81
SC_RS40080	NC_003888.3	8399524	8400717	-	1194	10	3	8	20	15	16	138	48	130
SC_RS40085	NC_003888.3	8400971	8402080	+	1110	6	4	12	20	21	12	141	42	125
SC_RS40090	NC_003888.3	8402124	8402600	-	477	5	6	5	36	25	25	93	12	57
SC_RS40095	NC_003888.3	8402873	8403748	+	876	25	21	39	88	73	116	220	123	167
SC_RS40100	NC_003888.3	8403793	8404608	+	816	72	65	86	246	224	263	340	205	272
SC_RS40105	NC_003888.3	8404672	8406342	-	1671	107	97	126	158	127	141	253	164	170
SC_RS40110	NC_003888.3	8406363	8407580	-	1218	118	114	145	138	120	132	179	97	153
SC_RS40115	NC_003888.3	8407717	8409591	+	1875	81	66	95	99	67	81	250	117	212
SC_RS40120	NC_003888.3	8409626	8410198	-	573	151	102	159	156	134	127	124	83	102
SC_RS40125	NC_003888.3	8410259	8410624	-	366	27	16	21	226	175	192	113	90	117
SC_RS40130	NC_003888.3	8410741	8411814	+	1074	23	20	16	175	184	225	107	23	90
SC_RS40135	NC_003888.3	8411919	8413286	+	1368	259	235	310	121	108	98	187	103	185
SC_RS40140	NC_003888.3	8413357	8414277	-	921	227	180	262	77	90	89	119	68	127
SC_RS40145	NC_003888.3	8414425	8415174	-	750	13	5	10	6	9	8	95	18	67
SC_RS40150	NC_003888.3	8415439	8416959	-	1521	23	24	35	43	32	33	205	69	195
SC_RS40155	NC_003888.3	8417434	8418396	-	963	21	33	42	30	27	21	137	37	92
SC_RS40160	NC_003888.3	8418509	8419402	+	894	13	9	15	11	15	15	100	25	87
SC_RS40165	NC_003888.3	8419486	8419851	+	366	4	2	0	5	3	2	39	4	36
SC_RS40170	NC_003888.3	8420016	8421062	+	1047	22	24	31	9	8	10	105	29	96
SC_RS40175	NC_003888.3	8421086	8422261	-	1176	46	36	43	22	19	12	147	44	123
SC_RS40180	NC_003888.3	8422299	8423870	-	1572	24	22	36	43	37	50	220	74	166
SC_RS40185	NC_003888.3	8423879	8424865	-	987	35	42	68	47	39	34	169	94	173
SC_RS40190	NC_003888.3	8425073	8426008	+	936	39	20	43	145	120	155	160	64	109
SC_RS40195	NC_003888.3	8426016	8427230	-	1215	22	14	19	118	119	85	196	80	161
SC_RS40200	NC_003888.3	8427526	8428998	-	1473	33	33	28	20	24	33	191	63	205
SC_RS40205	NC_003888.3	8429126	8429713	+	588	68	56	96	56	71	71	118	61	102
SC_RS40210	NC_003888.3	8429821	8430759	-	939	67	54	88	47	39	69	139	72	129
SC_RS40215	NC_003888.3	8430913	8431779	+	867	135	137	144	241	213	208	244	142	183
SC_RS40220	NC_003888.3	8431787	8433208	-	1422	26	33	44	171	150	151	310	186	260
SC_RS40225	NC_003888.3	8433408	8434529	+	1122	94	83	136	108	76	95	216	132	172
SC_RS40230	NC_003888.3	8434553	8435713	-	1161	33	36	48	65	60	47	144	55	122
SC_RS40235	NC_003888.3	8435879	8436253	+	375	14	17	17	62	41	35	100	54	80
SC_RS40240	NC_003888.3	8436288	8436974	-	687	10	7	15	55	35	49	96	40	82
SC_RS40245	NC_003888.3	8437174	8438154	+	981	11	12	11	27	12	15	99	27	85
SC_RS40250	NC_003888.3	8438187	8438870	+	684	61	18	53	97	86	61	108	68	89
SC_RS40255	NC_003888.3	8438874	8439524	-	651	51	55	35	71	74	47	127	84	116
SC_RS40260	NC_003888.3	8439704	8442160	-	2457	401	451	475	803	711	447	1282	1164	1136
SC_RS40265	NC_003888.3	8442244	8442765	-	522	36	41	23	779	618	616	91	41	81
SC_RS40270	NC_003888.3	8442864	8443736	+	873	137	163	226	705	599	776	177	109	120
SC_RS40275	NC_003888.3	8443733	8444002	+	270	27	35	38	257	189	248	67	49	32
SC_RS40280	NC_003888.3	8443999	8444814	+	816	126	104	148	815	693	870	186	152	154
SC_RS40285	NC_003888.3	8444856	8445614	+	759	37	60	67	262	254	239	111	44	78
SC_RS40290	NC_003888.3	8445701	8446105	+	405	2	0	5	11	8	9	31	7	43
SC_RS40295	NC_003888.3	8446200	8446559	+	360	3	3	4	6	10	7	73	23	51
SC_RS40300	NC_003888.3	8446701	8447144	+	444	11	13	15	24	13	31	86	41	81
SC_RS40305	NC_003888.3	8447193	8448653	-	1461	21	16	33	120	105	133	312	150	260
SC_RS40310	NC_003888.3	8448650	8450224	-	1575	40	28	39	162	130	145	328	214	313
SC_RS40315	NC_003888.3	8450331	8451026	-	696	31	23	39	70	101	94	106	66	78
SC_RS40320	NC_003888.3	8451080	8452201	+	1122	41	41	64	3	9	8	115	28	75
SC_RS40325	NC_003888.3	8452226	8453704	-	1479	170	140	192	45	42	47	170	69	138
SC_RS40330	NC_003888.3	8453968	8454549	+	582	3	3	6	5	7	11	116	21	74
SC_RS40335	NC_003888.3	8454704	8455840	+	1137	10	7	14	139	110	106	155	60	124
SC_RS40340	NC_003888.3	8455893	8457134	+	1242	68	77	69	287	225	169	259	178	227
SC_RS40345	NC_003888.3	8457210	8457884	+	675	224	177	207	2172	1796	1454	408	331	302
SC_RS40350	NC_003888.3	8457868	8459757	-	1890	137	90	156	11536	9351	9291	1343	958	756
SC_RS40355	NC_003888.3	8460001	8460834	+	834	175	170	199	1315	1103	1424	397	325	290
SC_RS40360	NC_003888.3	8460911	8461840	-	930	33	45	35	124	106	119	174	87	146
SC_RS40365	NC_003888.3	8461956	8463857	+	1902	331	319	428	313	222	239	430	252	348
SC_RS40370	NC_003888.3	8463880	8464428	-	549	15	20	38	28	27	30	70	19	79
SC_RS40375	NC_003888.3	8464588	8464878	+	291	67	48	80	21	27	34	79	77	72
SC_RS40380	NC_003888.3	8464939	8466318	-	1380	32	31	33	10	12	17	129	57	119
SC_RS40385	NC_003888.3	8466854	8468158	-	1305	186	208	271	79	53	64	171	57	149
SC_RS40390	NC_003888.3	8468385	8468807	+	423	97	91	130	20	27	15	66	30	47
SC_RS40395	NC_003888.3	8468827	8469810	-	984	58	53	84	25	32	17	117	40	84
SC_RS40400	NC_003888.3	8469909	8471105	+	1197	27	18	20	20	28	33	138	26	105
SC_RS40405	NC_003888.3	8471165	8471530	+	366	1	7	6	8	8	10	46	18	43
SC_RS40410	NC_003888.3	8471554	8471823	+	270	6	4	6	8	14	6	28	13	35
SC_RS40415	NC_003888.3	8471876	8473099	-	1224	11	13	12	54	39	38	138	42	127
SC_RS40420	NC_003888.3	8473207	8473920	+	714	63	59	58	83	78	94	128	52	94
SC_RS40425	NC_003888.3	8474054	8474326	+	273	30	19	24	80	36	80	113	105	71
SC_RS40430	NC_003888.3	8474635	8475174	+	540	13	20	17	258	274	253	285	231	245
SC_RS40435	NC_003888.3	8475216	8475908	-	693	26	31	41	162	126	147	233	144	196
SC_RS40440	NC_003888.3	8476050	8477246	-	1197	90	64	94	148	114	100	279	142	243
SC_RS40445	NC_003888.3	8477428	8478900	+	1473	8	3	5	8	8	8	135	43	113
SC_RS40450	NC_003888.3	8478902	8479495	-	594	12	16	22	15	7	16	71	20	41
SC_RS40455	NC_003888.3	8479547	8480098	+	552	256	262	328	213	190	133	193	114	144
SC_RS40460	NC_003888.3	8480189	8480911	-	723	310	261	317	329	327	280	329	297	299
SC_RS40465	NC_003888.3	8481163	8482020	+	858	209	219	305	382	302	415	250	173	222
SC_RS40470	NC_003888.3	8482077	8483009	+	933	265	313	347	322	338	341	347	254	258
SC_RS40475	NC_003888.3	8483053	8483598	+	546	196	188	206	141	114	101	167	97	114
SC_RS40480	NC_003888.3	8483781	8485538	+	1758	3240	3061	3916	26766	25208	22520	26498	24375	21200
SC_RS40485	NC_003888.3	8485671	8486792	-	1122	416	414	568	1422	1281	936	1365	1229	1132
SC_RS40490	NC_003888.3	8487119	8487601	+	483	7	10	15	9	6	5	60	12	57
SC_RS40495	NC_003888.3	8487675	8488280	+	606	6	10	5	12	5	4	101	26	76
SC_RS40500	NC_003888.3	8488518	8489696	+	1179	41	38	37	31	29	36	152	51	110
SC_RS40505	NC_003888.3	8489928	8490212	-	285	9	9	10	30	23	17	34	20	26
SC_RS40510	NC_003888.3	8490209	8490745	-	537	16	19	24	78	52	66	95	45	80
SC_RS40515	NC_003888.3	8490754	8490963	-	210	15	14	7	46	16	29	47	29	41
SC_RS40520	NC_003888.3	8491153	8492100	+	948	6	7	22	13	22	15	101	29	92
SC_RS40525	NC_003888.3	8492106	8492702	+	597	2	11	11	7	13	5	75	29	42
SC_RS40530	NC_003888.3	8492841	8493260	+	420	1	2	1	5	3	1	57	8	44
SC_RS40535	NC_003888.3	8493549	8494580	-	1032	2	0	1	0	1	0	97	23	79
SC_RS40540	NC_003888.3	8494577	8495092	-	516	0	2	0	4	0	0	47	10	46
SC_RS40545	NC_003888.3	8495102	8496331	-	1230	2	2	1	2	4	2	126	19	81
SC_RS40550	NC_003888.3	8496377	8497237	+	861	7	3	5	22	23	14	98	44	83
SC_RS40555	NC_003888.3	8497424	8497978	+	555	4	6	5	12	5	6	50	12	48
SC_RS40560	NC_003888.3	8498017	8498415	+	399	1	1	3	1	3	4	51	9	35
SC_RS40565	NC_003888.3	8498457	8498906	+	450	1	0	1	0	1	0	41	9	31
SC_RS40570	NC_003888.3	8499061	8499282	+	222	1	4	4	0	1	1	23	9	22
SC_RS40575	NC_003888.3	8499392	8500978	+	1587	8	9	9	9	3	7	146	32	130
SC_RS40580	NC_003888.3	8500975	8501925	+	951	1	1	5	0	1	2	100	12	67
SC_RS40585	NC_003888.3	8501922	8502776	+	855	4	2	6	5	4	3	89	35	82
SC_RS40590	NC_003888.3	8502773	8504398	+	1626	11	6	5	3	4	0	152	43	109
SC_RS40595	NC_003888.3	8504461	8506122	-	1662	12	15	12	4	4	7	213	47	154
SC_RS40600	NC_003888.3	8506283	8512972	+	6690	21	21	38	13	27	26	664	123	503
SC_RS40605	NC_003888.3	8512969	8518497	+	5529	25	36	30	30	23	36	543	119	471
SC_RS40610	NC_003888.3	8518494	8519645	+	1152	7	2	5	3	3	8	116	30	89
SC_RS40615	NC_003888.3	8519642	8521675	+	2034	4	6	3	7	5	3	221	36	187
SC_RS40620	NC_003888.3	8521684	8522919	+	1236	7	2	4	1	6	3	124	23	107
SC_RS40625	NC_003888.3	8522916	8523749	+	834	6	3	3	4	5	9	91	16	66
SC_RS40630	NC_003888.3	8523760	8524488	+	729	4	3	4	2	7	7	66	18	71
SC_RS40635	NC_003888.3	8524485	8526347	+	1863	10	8	8	4	7	12	201	31	151
SC_RS40640	NC_003888.3	8526344	8528107	+	1764	5	5	3	5	6	15	153	41	127
SC_RS40645	NC_003888.3	8528166	8529581	+	1416	15	12	19	13	15	11	132	50	115
SC_RS40650	NC_003888.3	8529982	8530953	-	972	41	35	63	43	51	31	151	76	134
SC_RS40655	NC_003888.3	8531016	8531588	+	573	109	102	128	58	61	51	104	61	97
SC_RS40660	NC_003888.3	8531641	8532009	-	369	50	39	52	20	23	24	60	30	55
SC_RS40665	NC_003888.3	8532086	8532541	+	456	29	31	39	15	20	24	53	24	42
SC_RS40670	NC_003888.3	8532741	8534048	+	1308	43	54	53	12512	10919	10981	1943	1638	1307
SC_RS40675	NC_003888.3	8534142	8535239	-	1098	13	18	24	1713	1528	1449	419	331	317
SC_RS40680	NC_003888.3	8535532	8536947	+	1416	5	5	8	156	108	132	265	102	231
SC_RS40685	NC_003888.3	8537030	8538352	+	1323	12	3	7	88	121	126	241	102	166
SC_RS40690	NC_003888.3	8538368	8539246	+	879	2	7	4	121	131	147	174	87	137
SC_RS40695	NC_003888.3	8539362	8540072	+	711	70	62	108	170	129	169	117	71	132
SC_RS40700	NC_003888.3	8540069	8541319	+	1251	60	57	78	120	102	159	162	78	141
SC_RS40705	NC_003888.3	8541365	8542072	+	708	108	98	141	75	104	89	125	65	93
SC_RS40710	NC_003888.3	8542150	8543340	+	1191	49	45	34	8	12	8	124	35	93
SC_RS40715	NC_003888.3	8543383	8544237	-	855	69	50	62	29	29	36	90	25	82
SC_RS40720	NC_003888.3	8544375	8544659	+	285	24	21	17	18	19	9	38	16	31
SC_RS40725	NC_003888.3	8544693	8545343	-	651	25	14	16	17	12	13	75	23	56
SC_RS40730	NC_003888.3	8545444	8545872	+	429	33	43	61	32	33	34	59	34	59
SC_RS40735	NC_003888.3	8545981	8546727	+	747	65	55	39	66	67	65	122	56	97
SC_RS40740	NC_003888.3	8546786	8548315	+	1530	29	22	28	207	201	169	366	282	320
SC_RS40745	NC_003888.3	8548323	8549003	+	681	66	47	64	134	112	90	158	69	114
SC_RS40750	NC_003888.3	8548995	8549684	-	690	28	20	22	72	57	70	111	50	89
SC_RS40755	NC_003888.3	8549826	8550365	+	540	24	24	29	127	114	106	113	94	102
SC_RS40760	NC_003888.3	8550431	8551234	+	804	22	16	27	363	328	382	499	375	421
SC_RS40765	NC_003888.3	8551498	8551953	+	456	12	7	23	486	524	338	1182	1019	1145
SC_RS40770	NC_003888.3	8552007	8552420	-	414	11	16	10	331	348	268	792	532	639
SC_RS40775	NC_003888.3	8552524	8553297	-	774	52	77	94	83	56	102	134	56	112
SC_RS40780	NC_003888.3	8553428	8554087	-	660	50	43	46	57	59	47	88	47	74
SC_RS40785	NC_003888.3	8554238	8555248	+	1011	3	3	3	5	8	3	117	26	75
SC_RS40790	NC_003888.3	8555357	8556118	+	762	18	32	38	1167	1053	1040	267	210	199
SC_RS40795	NC_003888.3	8556355	8556939	+	585	14	21	11	392	353	359	125	53	108
SC_RS40800	NC_003888.3	8557122	8558327	-	1206	68	59	83	157	119	125	207	72	146
SC_RS40805	NC_003888.3	8558433	8559848	-	1416	150	133	181	21	19	19	228	80	185
SC_RS40810	NC_003888.3	8560026	8560667	+	642	5	1	2	12	16	23	115	43	98
SC_RS40815	NC_003888.3	8561544	8562200	+	657	9	12	14	168	182	170	171	97	158
SC_RS40820	NC_003888.3	8562591	8563058	-	468	247	269	299	140	109	107	170	156	138
SC_RS40825	NC_003888.3	8563210	8563518	+	309	141	154	178	267	235	207	125	102	128
SC_RS40830	NC_003888.3	8563625	8564623	+	999	342	280	354	341	330	338	342	213	228
SC_RS40835	NC_003888.3	8564658	8564996	+	339	276	249	377	219	193	204	197	159	167
SC_RS40840	NC_003888.3	8565486	8566037	+	552	81	86	101	31	24	34	118	41	92
SC_RS40845	NC_003888.3	8566732	8567118	+	387	169	166	175	161	140	170	164	110	133
SC_RS40850	NC_003888.3	8567132	8569351	+	2220	375	374	437	610	513	612	534	357	420
SC_RS40855	NC_003888.3	8569361	8569918	+	558	83	74	107	131	129	135	153	111	140
SC_RS40860	NC_003888.3	8569962	8570174	+	213	14	11	16	11	10	20	29	6	28
SC_RS40865	NC_003888.3	8570209	8572470	-	2262	27	18	23	27	19	21	292	47	236
SC_RS40870	NC_003888.3	8572975	8573685	-	711	6	4	2	6	4	2	95	18	63
SC_RS40875	NC_003888.3	8573919	8574302	-	384	3	1	3	0	1	2	54	11	45
SC_RS40880	NC_003888.3	8574364	8574981	-	618	4	5	1	5	4	3	95	32	86
SC_RS40885	NC_003888.3	8575522	8575674	-	153	7	11	5	21	11	12	49	15	53
SC_RS40890	NC_003888.3	8576308	8577372	-	1065	55	46	64	38	61	77	136	40	122
SC_RS40895	NC_003888.3	8577403	8577879	+	477	34	23	45	61	58	42	102	28	80
SC_RS40900	NC_003888.3	8578000	8578485	-	486	13	17	6	21	29	13	46	19	43
SC_RS40905	NC_003888.3	8578547	8579414	-	868	2	4	6	5	2	2	102	23	92
SC_RS40910	NC_003888.3	8580056	8581234	+	1179	35	24	30	44	25	32	180	61	143
SC_RS40915	NC_003888.3	8581478	8583109	+	1632	139	168	182	149	139	167	433	277	346
SC_RS40920	NC_003888.3	8583106	8584200	+	1095	35	42	39	34	30	44	188	71	139
SC_RS40925	NC_003888.3	8584197	8584610	+	414	12	19	11	10	10	14	49	18	53
SC_RS40930	NC_003888.3	8584661	8585167	+	507	36	24	30	20	11	20	93	31	69
SC_RS40935	NC_003888.3	8585463	8586017	-	555	62	60	100	17	21	18	105	34	71
SC_RS40940	NC_003888.3	8586108	8586491	-	384	73	90	128	19	17	23	70	36	59
SC_RS40945	NC_003888.3	8586637	8586975	+	339	168	153	204	15	15	14	47	22	50
SC_RS40950	NC_003888.3	8587133	8587375	+	243	84	75	109	32	30	29	57	22	68
SC_RS40955	NC_003888.3	8588247	8589079	-	833	8	6	12	17	12	12	97	51	63
SC_RS40960	NC_003888.3	8589159	8590784	+	1626	9	6	10	8	11	7	190	36	164
SC_RS40965	NC_003888.3	8590974	8591325	-	352	8	7	6	9	2	3	79	18	51
SC_RS40970	NC_003888.3	8591691	8591942	+	252	9	9	12	7	13	8	42	3	41
SC_RS40975	NC_003888.3	8591968	8592516	-	549	42	45	57	76	65	60	116	75	112
SC_RS40980	NC_003888.3	8593372	8594052	+	681	12	11	8	312	213	182	224	127	186
SC_RS40985	NC_003888.3	8595004	8595444	+	441	120	117	161	184	162	145	291	266	238
SC_RS40990	NC_003888.3	8595528	8596418	+	891	137	130	171	172	145	155	161	87	119
SC_RS40995	NC_003888.3	8596583	8597410	-	828	50	60	76	53	53	56	154	59	113
SC_RS41000	NC_003888.3	8597573	8597980	+	408	3	2	6	4	4	5	36	4	50
SC_RS41005	NC_003888.3	8597980	8598822	+	843	9	11	8	15	19	7	89	22	79
SC_RS41010	NC_003888.3	8598830	8599405	+	576	4	9	15	27	12	32	80	26	79
SC_RS41015	NC_003888.3	8600297	8600881	-	585	115	92	157	270	226	182	231	127	194
SC_RS41020	NC_003888.3	8601284	8601838	-	555	160	160	237	151	150	142	154	70	120
SC_RS41025	NC_003888.3	8601845	8601940	+	96	4	1	6	0	2	2	18	3	8
SC_RS41030	NC_003888.3	8602543	8603184	+	642	15	11	7	25	20	14	91	29	84
SC_RS41035	NC_003888.3	8603208	8603747	+	540	9	5	5	14	16	15	69	25	69
SC_RS41040	NC_003888.3	8604178	8604653	+	476	6	11	15	10	16	18	62	24	56
SC_RS41045	NC_003888.3	8604711	8605640	-	930	11	21	5	19	23	18	104	33	107
SC_RS41050	NC_003888.3	8605797	8606564	+	768	54	54	73	184	112	142	174	127	153
SC_RS41055	NC_003888.3	8606671	8607396	-	726	14	11	12	20	13	7	77	25	53
SC_RS41060	NC_003888.3	8607539	8608480	+	942	61	84	78	227	172	148	187	99	136
SC_RS41065	NC_003888.3	8608584	8608918	+	335	22	32	26	59	45	50	126	78	103
SC_RS41070	NC_003888.3	8609130	8610347	+	1218	0	1	1	0	3	1	7	2	10
SC_RS41075	NC_003888.3	8610407	8610638	+	232	0	0	1	6	1	4	32	6	20
SC_RS41080	NC_003888.3	8610788	8611627	+	840	29	26	44	1039	928	1343	421	441	283
SC_RS41085	NC_003888.3	8611658	8612263	+	606	88	53	83	434	405	495	262	200	221
SC_RS41090	NC_003888.3	8612498	8613397	-	900	13	10	25	31	30	44	93	32	106
SC_RS41095	NC_003888.3	8613473	8613673	-	201	2	1	1	5	0	1	26	5	16
SC_RS41100	NC_003888.3	8613848	8614045	-	198	0	0	1	1	2	2	22	4	25
SC_RS41105	NC_003888.3	8614151	8614369	-	219	0	3	0	2	1	0	19	6	10
SC_RS41110	NC_003888.3	8614384	8614620	-	237	1	6	3	5	2	5	45	14	32
SC_RS41115	NC_003888.3	8614845	8616041	-	1197	39	37	48	23	24	17	152	46	118
SC_RS41120	NC_003888.3	8616047	8617276	-	1230	46	44	81	18	14	15	156	43	138
SC_RS41125	NC_003888.3	8617566	8617739	-	174	33	17	35	8	15	13	47	16	38
SC_RS41130	NC_003888.3	8618313	8618951	+	639	69	57	84	32	15	22	126	15	80
SC_RS41135	NC_003888.3	8619356	8620069	+	714	23	14	17	16	35	23	101	28	100
SC_RS41140	NC_003888.3	8620094	8620228	+	135	4	4	6	11	11	12	33	15	24
SC_RS41145	NC_003888.3	8620339	8621174	-	836	22	20	18	51	36	31	146	50	109
SC_RS41150	NC_003888.3	8621520	8621900	+	381	7	2	9	13	21	29	56	10	50
SC_RS41155	NC_003888.3	8622086	8622478	+	393	6	9	18	158	154	157	138	87	139
SC_RS41160	NC_003888.3	8623230	8624186	+	957	0	1	6	6	7	6	102	29	99
SC_RS41165	NC_003888.3	8624964	8625110	-	147	0	0	2	1	4	2	31	11	26
SC_RS41170	NC_003888.3	8625198	8625431	+	234	1	1	3	4	1	5	43	8	24
SC_RS41175	NC_003888.3	8625559	8626228	-	670	13	12	12	11	23	12	83	23	71
SC_RS41180	NC_003888.3	8626338	8627069	-	732	78	79	88	208	191	152	270	171	200
SC_RS41185	NC_003888.3	8627358	8627603	-	246	3	1	8	2	2	3	65	13	44
SC_RS41190	NC_003888.3	8628356	8628988	-	633	58	49	59	35	32	37	91	28	78
SC_RS41195	NC_003888.3	8629028	8629804	+	777	34	23	41	366	398	315	121	52	83
SC_RS41200	NC_003888.3	8630050	8630394	-	345	9	4	2	25	39	22	63	11	36
SC_RS41205	NC_003888.3	8630427	8631482	-	1056	8	3	9	11	11	6	119	26	90
SC_RS41210	NC_003888.3	8631557	8632408	+	852	66	45	76	316	278	286	260	181	249
SC_RS41215	NC_003888.3	8633209	8633592	-	384	1	1	1	2	0	1	60	18	56
SC_RS41220	NC_003888.3	8633882	8634775	-	894	3	1	1	8	8	3	106	22	92
SC_RS41225	NC_003888.3	8634834	8635487	+	654	101	80	103	58	67	79	94	48	80
SC_RS41230	NC_003888.3	8635608	8636324	+	717	28	17	33	29	26	22	107	26	72
SC_RS41235	NC_003888.3	8636400	8637257	-	858	7	4	19	71	56	64	162	76	91
SC_RS41240	NC_003888.3	8637359	8638123	+	765	5	6	3	9	6	6	97	21	58
SC_RS41245	NC_003888.3	8638588	8639349	-	762	9	4	3	5	9	7	117	19	124
SC_RS41250	NC_003888.3	8640037	8640450	+	414	9	8	6	15	8	10	62	37	81
SC_RS41255	NC_003888.3	8641177	8641371	+	195	19	13	8	14	9	11	64	22	46
SC_RS41260	NC_003888.3	8641685	8642638	-	954	35	34	59	47	37	44	128	54	117
SC_RS41265	NC_003888.3	8642714	8643124	-	411	9	16	9	25	33	29	70	29	57
SC_RS41270	NC_003888.3	8643240	8643812	-	573	39	36	43	65	59	60	107	44	70
SC_RS41275	NC_003888.3	8644811	8645791	-	981	13	14	35	7	14	12	143	30	122
SC_RS41280	NC_003888.3	8645888	8647537	-	1650	0	0	3	1	0	1	14	4	19
SC_RS41285	NC_003888.3	8648145	8649023	+	879	3	6	5	4	6	4	4	3	4
SC_RS41290	NC_003888.3	8649245	8649589	-	345	1	1	2	0	0	0	1	0	0
SC_RS41295	NC_003888.3	8649590	8649793	-	204	0	0	0	0	0	0	0	0	0
SC_RS41300	NC_003888.3	8650206	8651438	+	1233	1	2	0	2	1	0	4	0	4
SC_RS41305	NC_003888.3	8651913	8652191	+	279	1	0	0	1	0	0	0	0	1
SC_RS41310	NC_003888.3	8652148	8652769	+	622	0	0	0	0	0	0	2	1	1
SC_RS41315	NC_003888.3	8653165	8653464	+	300	3	8	5	4	3	6	11	8	5
SC_RS41320	NC_003888.3	8653887	8653991	+	105	0	0	1	3	2	2	5	2	0
SC_RS41325	NC_003888.3	8654051	8655142	-	1092	0	0	0	7	2	5	5	10	7
SC_RS41330	NC_003888.3	8655544	8655891	-	348	0	0	0	0	0	0	0	0	2
SC_RS41335	NC_003888.3	8656145	8657101	-	957	0	0	0	1	0	2	4	3	6
SC_RS41340	NC_003888.3	8657098	8658084	-	987	0	0	1	0	0	1	2	1	4
SC_RS41345	NC_003888.3	8658201	8660354	-	2154	0	0	0	36	27	20	11	4	15
SC_RS41350	NC_003888.3	8660335	8661162	-	828	0	0	0	44	25	50	15	17	16
SC_RS41355	NC_003888.3	8661288	8663639	-	2352	0	1	1	3	1	0	2	4	4
SC_RS41360	NC_003888.3	8663695	8666364	-	2670	3	2	2	10	3	1	7	7	5
SC_RS41365	NC_003888.3	8666385	8666708	-	324	0	0	0	0	0	0	0	1	2
SC_RS41370	NC_003888.3	8666809	8666931	-	123	0	0	0	0	2	2	2	0	1
SC_RS00005	NC_003903.1	899	1522	-	624	0	0	0	0	0	0	0	0	0
SC_RS00010	NC_003903.1	1607	2812	-	1206	0	0	0	0	0	0	0	0	0
SC_RS00015	NC_003903.1	2903	3121	-	219	0	0	0	0	0	0	0	0	0
SC_RS00020	NC_003903.1	3109	3345	-	237	0	0	0	0	0	0	0	0	0
SC_RS00025	NC_003903.1	3424	3819	-	396	0	0	0	0	0	0	0	0	0
SC_RS00030	NC_003903.1	4408	4632	-	225	0	0	0	0	0	0	0	0	0
SC_RS00035	NC_003903.1	4629	4922	-	294	0	0	0	0	0	0	0	0	0
SC_RS00040	NC_003903.1	4919	5440	-	522	0	0	0	0	0	0	0	0	0
SC_RS00045	NC_003903.1	5516	6181	-	666	0	0	0	0	0	0	0	0	0
SC_RS00050	NC_003903.1	6777	7271	+	495	0	0	0	0	0	0	0	0	0
SC_RS00055	NC_003903.1	7395	8243	-	849	0	0	0	0	0	0	0	0	0
SC_RS00060	NC_003903.1	8135	8578	-	444	0	0	0	0	0	0	0	0	0
SC_RS00065	NC_003903.1	8633	10183	-	1551	0	0	0	0	0	0	0	0	0
SC_RS00070	NC_003903.1	10282	11454	-	1173	0	0	0	0	0	0	0	0	0
SC_RS00075	NC_003903.1	11690	11914	+	225	0	0	0	0	0	0	0	0	0
SC_RS00080	NC_003903.1	12362	12946	-	585	0	0	0	0	0	0	0	0	0
SC_RS00085	NC_003903.1	13089	13907	+	819	0	0	0	0	0	0	0	0	0
SC_RS00090	NC_003903.1	13943	16393	-	2451	0	0	0	0	0	0	0	0	0
SC_RS00095	NC_003903.1	16386	17582	-	1197	0	0	0	0	0	0	0	0	0
SC_RS00100	NC_003903.1	17618	18343	-	726	0	0	0	0	0	0	0	0	0
SC_RS00105	NC_003903.1	18421	19278	-	858	0	0	0	0	0	0	0	0	0
SC_RS00110	NC_003903.1	19353	19586	-	234	0	0	0	0	0	0	0	0	0
SC_RS00115	NC_003903.1	20274	21338	-	1065	0	0	0	0	0	0	0	0	0
SC_RS00120	NC_003903.1	22062	22904	-	843	0	0	0	0	0	0	0	0	0
SC_RS00125	NC_003903.1	23099	26422	-	3324	0	0	0	0	0	0	0	0	0
SC_RS00130	NC_003903.1	26523	26876	-	354	0	0	0	0	0	0	0	0	0
SC_RS00135	NC_003903.1	27713	28150	+	438	0	0	0	0	0	0	0	0	0
SC_RS00140	NC_003903.1	28328	28888	-	561	0	0	0	0	0	0	0	0	0
SC_RS00145	NC_003903.1	29125	29784	+	660	0	0	0	0	0	0	0	0	0
SC_RS00150	NC_003903.1	29839	30219	-	381	0	0	0	0	0	0	0	0	0
SC_RS00155	NC_003903.1	30246	31238	-	993	0	0	0	0	0	0	0	0	0
SC_RS00160	NC_003903.1	31461	32399	+	939	0	0	0	0	0	0	0	0	0
SC_RS00165	NC_003903.1	32556	32855	+	300	0	0	0	0	0	0	0	0	0
SC_RS00170	NC_003903.1	33166	34080	-	915	0	0	0	0	0	0	0	0	0
SC_RS00175	NC_003903.1	34167	35162	+	996	0	0	0	0	0	0	0	0	0
SC_RS00180	NC_003903.1	35455	36417	-	963	0	0	0	0	0	0	0	0	0
SC_RS00185	NC_003903.1	36486	36905	-	420	0	0	0	0	0	0	0	0	0
SC_RS00190	NC_003903.1	36908	37171	-	264	0	0	0	0	0	0	0	0	0
SC_RS00195	NC_003903.1	37544	37747	+	204	0	0	0	0	0	0	0	0	0
SC_RS00200	NC_003903.1	37969	39204	-	1236	0	0	0	0	0	0	0	0	0
SC_RS00205	NC_003903.1	40107	40730	-	624	0	0	0	0	0	0	0	0	0
SC_RS00210	NC_003903.1	40935	41750	+	816	0	0	0	0	0	0	0	0	0
SC_RS00215	NC_003903.1	42353	43369	+	1017	0	0	0	0	0	0	0	0	0
SC_RS00220	NC_003903.1	43464	45101	+	1638	0	0	0	0	0	0	0	0	0
SC_RS00225	NC_003903.1	45540	45668	+	129	0	0	0	0	0	0	0	0	0
SC_RS00230	NC_003903.1	45946	46785	-	840	0	0	0	0	0	0	0	0	0
SC_RS00235	NC_003903.1	46733	47431	-	699	0	0	0	0	0	0	0	0	0
SC_RS00240	NC_003903.1	47388	47966	-	579	0	0	0	0	0	0	0	0	0
SC_RS00245	NC_003903.1	47963	48967	-	1005	0	0	0	0	0	0	0	0	0
SC_RS00250	NC_003903.1	49307	49684	+	378	0	0	0	0	0	0	0	0	0
SC_RS00255	NC_003903.1	49731	50141	+	411	0	0	0	0	0	0	0	0	0
SC_RS00260	NC_003903.1	50418	51074	-	657	0	0	0	0	0	0	0	0	0
SC_RS00265	NC_003903.1	51118	52008	-	891	0	0	0	0	0	0	0	0	0
SC_RS00270	NC_003903.1	52099	53301	-	1203	0	0	0	0	0	0	0	0	0
SC_RS00275	NC_003903.1	53318	53842	-	525	0	0	0	0	0	0	0	0	0
SC_RS00280	NC_003903.1	53839	54702	-	864	0	0	0	0	0	0	0	0	0
SC_RS00285	NC_003903.1	54699	55715	-	1017	0	0	0	0	0	0	0	0	0
SC_RS00290	NC_003903.1	55712	56593	-	882	0	0	0	0	0	0	0	0	0
SC_RS00295	NC_003903.1	56620	57444	-	825	0	0	0	0	0	0	0	0	0
SC_RS00300	NC_003903.1	57441	57893	-	453	0	0	0	0	0	0	0	0	0
SC_RS00305	NC_003903.1	57923	58462	-	540	0	0	0	0	0	0	0	0	0
SC_RS00310	NC_003903.1	58459	58887	-	429	0	0	0	0	0	0	0	0	0
SC_RS00315	NC_003903.1	58920	59357	-	438	0	0	0	0	0	0	0	0	0
SC_RS00320	NC_003903.1	59650	60522	+	873	0	0	0	0	0	0	0	0	0
SC_RS00325	NC_003903.1	60519	60743	+	225	0	0	0	0	0	0	0	0	0
SC_RS00330	NC_003903.1	61144	61557	+	414	0	0	0	0	0	0	0	0	0
SC_RS00335	NC_003903.1	61655	63463	+	1809	0	0	0	0	0	0	0	0	0
SC_RS00340	NC_003903.1	63427	63702	-	276	0	0	0	0	0	0	0	0	0
SC_RS00345	NC_003903.1	63899	66577	+	2679	0	0	0	0	0	0	0	0	0
SC_RS00350	NC_003903.1	66588	66962	-	375	0	0	0	0	0	0	0	0	0
SC_RS00355	NC_003903.1	66959	67213	-	255	0	0	0	0	0	0	0	0	0
SC_RS00360	NC_003903.1	67259	67447	-	189	0	0	0	0	0	0	0	0	0
SC_RS00365	NC_003903.1	67553	68452	+	900	0	0	0	0	0	0	0	0	0
SC_RS00370	NC_003903.1	68525	68884	-	360	0	0	0	0	0	0	0	0	0
SC_RS00375	NC_003903.1	69051	69398	+	348	0	0	0	0	0	0	0	0	0
SC_RS00380	NC_003903.1	69453	69704	-	252	0	0	0	0	0	0	0	0	0
SC_RS00385	NC_003903.1	69714	70400	-	687	0	0	0	0	0	0	0	0	0
SC_RS00390	NC_003903.1	70445	72058	-	1614	0	0	0	0	0	0	0	0	0
SC_RS00395	NC_003903.1	72284	73369	+	1086	0	0	0	0	0	0	0	0	0
SC_RS00400	NC_003903.1	73777	74073	-	297	0	0	0	0	0	0	0	0	0
SC_RS00405	NC_003903.1	74070	74267	-	198	0	0	0	0	0	0	0	0	0
SC_RS00410	NC_003903.1	74846	75391	-	546	0	0	0	0	0	0	0	0	0
SC_RS00415	NC_003903.1	75741	76256	+	516	0	0	0	0	0	0	0	0	0
SC_RS00420	NC_003903.1	76340	77068	+	729	0	0	0	0	0	0	0	0	0
SC_RS00425	NC_003903.1	78993	79994	+	1002	0	0	0	0	0	0	0	0	0
SC_RS00430	NC_003903.1	79999	80421	+	423	0	0	0	0	0	0	0	0	0
SC_RS00435	NC_003903.1	80439	81284	+	846	0	0	0	0	0	0	0	0	0
SC_RS00440	NC_003903.1	81294	81893	-	600	0	0	0	0	0	0	0	0	0
SC_RS00445	NC_003903.1	81921	82391	-	471	0	0	0	0	0	0	0	0	0
SC_RS00450	NC_003903.1	82970	83170	+	201	0	0	0	0	0	0	0	0	0
SC_RS00455	NC_003903.1	83371	84690	-	1320	0	0	0	0	0	0	0	0	0
SC_RS00460	NC_003903.1	85719	86630	-	912	0	0	0	0	0	0	0	0	0
SC_RS00465	NC_003903.1	86627	87208	-	582	0	0	0	0	0	0	0	0	0
SC_RS00470	NC_003903.1	87214	88383	-	1170	0	0	0	0	0	0	0	0	0
SC_RS00475	NC_003903.1	88591	89277	-	687	0	0	0	0	0	0	0	0	0
SC_RS00480	NC_003903.1	89274	90032	-	759	0	0	0	0	0	0	0	0	0
SC_RS00485	NC_003903.1	90418	91026	+	609	0	0	0	0	0	0	0	0	0
SC_RS00490	NC_003903.1	91131	91292	+	162	0	0	0	0	0	0	0	0	0
SC_RS00495	NC_003903.1	91711	91956	+	246	0	0	0	0	0	0	0	0	0
SC_RS00500	NC_003903.1	92149	92322	+	174	0	0	0	0	0	0	0	0	0
SC_RS00505	NC_003903.1	92483	92791	+	309	0	0	0	0	0	0	0	0	0
SC_RS00510	NC_003903.1	92982	93173	+	192	0	0	0	0	0	0	0	0	0
SC_RS00515	NC_003903.1	93282	93647	+	366	0	0	0	0	0	0	0	0	0
SC_RS00520	NC_003903.1	93707	95878	+	2172	0	0	0	0	0	0	0	0	0
SC_RS00525	NC_003903.1	96001	96492	+	492	0	0	0	0	0	0	0	0	0
SC_RS00530	NC_003903.1	96489	96725	+	237	0	0	0	0	0	0	0	0	0
SC_RS00535	NC_003903.1	96877	99111	+	2235	0	0	0	0	0	0	0	0	0
SC_RS00540	NC_003903.1	99127	99540	+	414	0	0	0	0	0	0	0	0	0
SC_RS00545	NC_003903.1	99624	101732	+	2109	0	0	0	0	0	0	0	0	0
SC_RS00550	NC_003903.1	101812	102000	+	189	0	0	0	0	0	0	0	0	0
SC_RS00555	NC_003903.1	102063	102596	+	534	0	0	0	0	0	0	0	0	0
SC_RS00560	NC_003903.1	102859	103323	+	465	0	0	0	0	0	0	0	0	0
SC_RS00565	NC_003903.1	103344	103805	+	462	0	0	0	0	0	0	0	0	0
SC_RS00570	NC_003903.1	103936	104439	+	504	0	0	0	0	0	0	0	0	0
SC_RS00575	NC_003903.1	104552	104935	+	384	0	0	0	0	0	0	0	0	0
SC_RS00580	NC_003903.1	105204	105809	+	606	0	0	0	0	0	0	0	0	0
SC_RS00585	NC_003903.1	105806	105997	+	192	0	0	0	0	0	0	0	0	0
SC_RS00590	NC_003903.1	105994	106995	+	1002	0	0	0	0	0	0	0	0	0
SC_RS00595	NC_003903.1	107224	107994	+	771	0	0	0	0	0	0	0	0	0
SC_RS00600	NC_003903.1	108186	108845	+	660	0	0	0	0	0	0	0	0	0
SC_RS00605	NC_003903.1	108842	109300	+	459	0	0	0	0	0	0	0	0	0
SC_RS00610	NC_003903.1	109297	109824	+	528	0	0	0	0	0	0	0	0	0
SC_RS00615	NC_003903.1	110149	111153	+	1005	0	0	0	0	0	0	0	0	0
SC_RS00620	NC_003903.1	111150	111905	+	756	0	0	0	0	0	0	0	0	0
SC_RS00625	NC_003903.1	112041	112220	+	180	0	0	0	0	0	0	0	0	0
SC_RS00630	NC_003903.1	112312	113430	+	1119	0	0	0	0	0	0	0	0	0
SC_RS00635	NC_003903.1	113446	113625	+	180	0	0	0	0	0	0	0	0	0
SC_RS00640	NC_003903.1	113836	114735	+	900	0	0	0	0	0	0	0	0	0
SC_RS00645	NC_003903.1	114800	115153	+	354	0	0	0	0	0	0	0	0	0
SC_RS00650	NC_003903.1	115163	115540	+	378	0	0	0	0	0	0	0	0	0
SC_RS00655	NC_003903.1	115803	116042	-	240	0	0	0	0	0	0	0	0	0
SC_RS00660	NC_003903.1	116467	118641	+	2175	0	0	0	0	0	0	0	0	0
SC_RS00665	NC_003903.1	118650	118886	+	237	0	0	0	0	0	0	0	0	0
SC_RS00670	NC_003903.1	118883	119662	+	780	0	0	0	0	0	0	0	0	0
SC_RS00675	NC_003903.1	120071	120868	+	798	0	0	0	0	0	0	0	0	0
SC_RS00680	NC_003903.1	120868	121305	+	438	0	0	0	0	0	0	0	0	0
SC_RS00685	NC_003903.1	121302	121631	+	330	0	0	0	0	0	0	0	0	0
SC_RS00690	NC_003903.1	121863	122663	+	801	0	0	0	0	0	0	0	0	0
SC_RS00695	NC_003903.1	122807	123301	-	495	0	0	0	0	0	0	0	0	0
SC_RS00700	NC_003903.1	123923	124249	+	327	0	0	0	0	0	0	0	0	0
SC_RS00705	NC_003903.1	124246	125187	+	942	0	0	0	0	0	0	0	0	0
SC_RS00710	NC_003903.1	125422	127911	+	2490	0	0	0	0	0	0	0	0	0
SC_RS00715	NC_003903.1	128828	130090	+	1263	0	0	0	0	0	0	0	0	0
SC_RS00720	NC_003903.1	130087	131214	+	1128	0	0	0	0	0	0	0	0	0
SC_RS00725	NC_003903.1	131476	133197	+	1722	0	0	0	0	0	0	0	0	0
SC_RS00730	NC_003903.1	133878	134771	+	894	0	0	0	0	0	0	0	0	0
SC_RS00735	NC_003903.1	134811	135074	+	264	0	0	0	0	0	0	0	0	0
SC_RS00740	NC_003903.1	135071	136180	+	1110	0	0	0	0	0	0	0	0	0
SC_RS00745	NC_003903.1	136187	136474	+	288	0	0	0	0	0	0	0	0	0
SC_RS00750	NC_003903.1	136471	137070	+	600	0	0	0	0	0	0	0	0	0
SC_RS00755	NC_003903.1	137070	139616	+	2547	0	0	0	0	0	0	0	0	0
SC_RS00760	NC_003903.1	139613	141931	+	2319	0	0	0	0	0	0	0	0	0
SC_RS00765	NC_003903.1	141924	143078	+	1155	0	0	0	0	0	0	0	0	0
SC_RS00770	NC_003903.1	143167	144276	-	1110	0	0	0	0	0	0	0	0	0
SC_RS00775	NC_003903.1	144552	145661	-	1110	0	0	0	0	0	0	0	0	0
SC_RS00780	NC_003903.1	145658	146182	-	525	0	0	0	0	0	0	0	0	0
SC_RS00785	NC_003903.1	146399	146851	+	453	0	0	0	0	0	0	0	0	0
SC_RS00790	NC_003903.1	147363	147803	+	441	0	0	0	0	0	0	0	0	0
SC_RS00795	NC_003903.1	147800	149980	+	2181	0	0	0	0	0	0	0	0	0
SC_RS00800	NC_003903.1	150019	150951	+	933	0	0	0	0	0	0	0	0	0
SC_RS00805	NC_003903.1	150948	151241	+	294	0	0	0	0	0	0	0	0	0
SC_RS00810	NC_003903.1	151363	151653	+	291	0	0	0	0	0	0	0	0	0
SC_RS00815	NC_003903.1	152373	153824	+	1452	0	0	0	0	0	0	0	0	0
SC_RS00820	NC_003903.1	153834	154106	-	273	0	0	0	0	0	0	0	0	0
SC_RS00825	NC_003903.1	154161	155738	-	1578	0	0	0	0	0	0	0	0	0
SC_RS00830	NC_003903.1	156182	156988	-	807	0	0	0	0	0	0	0	0	0
SC_RS00835	NC_003903.1	157452	157763	-	312	0	0	0	0	0	0	0	0	0
SC_RS00840	NC_003903.1	157995	159116	+	1122	0	0	0	0	0	0	0	0	0
SC_RS00845	NC_003903.1	159765	159896	-	132	0	0	0	0	0	0	0	0	0
SC_RS00850	NC_003903.1	159899	160291	-	393	0	0	0	0	0	0	0	0	0
SC_RS00855	NC_003903.1	160361	160498	-	138	0	0	0	0	0	0	0	0	0
SC_RS00860	NC_003903.1	160942	161544	+	603	0	0	0	0	0	0	0	0	0
SC_RS00865	NC_003903.1	161538	162440	+	903	0	0	0	0	0	0	0	0	0
SC_RS00870	NC_003903.1	162487	163170	+	684	0	0	0	0	0	0	0	0	0
SC_RS00875	NC_003903.1	163174	164052	+	879	0	0	0	0	0	0	0	0	0
SC_RS00880	NC_003903.1	164045	165658	+	1614	0	0	0	0	0	0	0	0	0
SC_RS00885	NC_003903.1	165702	166694	+	993	0	0	0	0	0	0	0	0	0
SC_RS00890	NC_003903.1	166691	167584	+	894	0	0	0	0	0	0	0	0	0
SC_RS00895	NC_003903.1	167601	167792	+	192	0	0	0	0	0	0	0	0	0
SC_RS00900	NC_003903.1	167825	168244	+	420	0	0	0	0	0	0	0	0	0
SC_RS00905	NC_003903.1	168241	168684	+	444	0	0	0	0	0	0	0	0	0
SC_RS00910	NC_003903.1	168681	169124	+	444	0	0	0	0	0	0	0	0	0
SC_RS00915	NC_003903.1	169131	172742	+	3612	0	0	0	0	0	0	0	0	0
SC_RS00920	NC_003903.1	173067	173675	+	609	0	0	0	0	0	0	0	0	0
SC_RS00925	NC_003903.1	173781	173927	-	147	0	0	0	0	0	0	0	0	0
SC_RS00930	NC_003903.1	173994	174191	+	198	0	0	0	0	0	0	0	0	0
SC_RS00935	NC_003903.1	174205	174516	+	312	0	0	0	0	0	0	0	0	0
SC_RS00940	NC_003903.1	174626	175174	-	549	0	0	0	0	0	0	0	0	0
SC_RS00945	NC_003903.1	175119	175583	-	465	0	0	0	0	0	0	0	0	0
SC_RS00950	NC_003903.1	175779	176534	+	756	0	0	0	0	0	0	0	0	0
SC_RS00955	NC_003903.1	176599	177141	+	543	0	0	0	0	0	0	0	0	0
SC_RS00960	NC_003903.1	177213	177818	-	606	0	0	0	0	0	0	0	0	0
SC_RS00965	NC_003903.1	178160	178438	+	279	0	0	0	0	0	0	0	0	0
SC_RS00970	NC_003903.1	178395	178949	+	555	0	0	0	0	0	0	0	0	0
SC_RS00975	NC_003903.1	178957	179805	+	849	0	0	0	0	0	0	0	0	0
SC_RS00980	NC_003903.1	179960	180511	+	552	0	0	0	0	0	0	0	0	0
SC_RS00985	NC_003903.1	180497	180781	-	285	0	0	0	0	0	0	0	0	0
SC_RS00990	NC_003903.1	181035	182222	+	1188	0	0	0	0	0	0	0	0	0
SC_RS00995	NC_003903.1	182187	183168	-	982	0	0	0	0	0	0	0	0	0
SC_RS01000	NC_003903.1	183470	183649	+	180	0	0	0	0	0	0	0	0	0
SC_RS01005	NC_003903.1	183694	184086	+	393	0	0	0	0	0	0	0	0	0
SC_RS01010	NC_003903.1	184494	185051	+	558	0	0	0	0	0	0	0	0	0
SC_RS01015	NC_003903.1	185598	186713	+	1116	0	0	0	0	0	0	0	0	0
SC_RS01020	NC_003903.1	186710	188230	+	1521	0	0	0	0	0	0	0	0	0
SC_RS01025	NC_003903.1	188227	188628	+	402	0	0	0	0	0	0	0	0	0
SC_RS01030	NC_003903.1	189013	189642	+	630	0	0	0	0	0	0	0	0	0
SC_RS01035	NC_003903.1	189929	191446	-	1518	0	0	0	0	0	0	0	0	0
SC_RS01040	NC_003903.1	191837	192337	-	501	0	0	0	0	0	0	0	0	0
SC_RS01045	NC_003903.1	192944	196954	+	4011	0	0	0	0	0	0	0	0	0
SC_RS01050	NC_003903.1	196963	197466	+	504	0	0	0	0	0	0	0	0	0
SC_RS01055	NC_003903.1	197590	198018	-	429	0	0	0	0	0	0	0	0	0
SC_RS01060	NC_003903.1	198102	198485	-	384	0	0	0	0	0	0	0	0	0
SC_RS01065	NC_003903.1	198693	200357	-	1665	0	0	0	0	0	0	0	0	0
SC_RS01070	NC_003903.1	200576	203101	-	2526	0	0	0	0	0	0	0	0	0
SC_RS01075	NC_003903.1	203314	203814	-	501	0	0	0	0	0	0	0	0	0
SC_RS01080	NC_003903.1	203838	206291	-	2454	0	0	0	0	0	0	0	0	0
SC_RS01085	NC_003903.1	207016	208056	+	1041	0	0	0	0	0	0	0	0	0
SC_RS01090	NC_003903.1	208371	209366	-	996	0	0	0	0	0	0	0	0	0
SC_RS01095	NC_003903.1	209380	209586	-	207	0	0	0	0	0	0	0	0	0
SC_RS01100	NC_003903.1	210807	211025	+	219	0	0	0	0	0	0	0	0	0
SC_RS01105	NC_003903.1	211196	212794	+	1599	0	0	0	0	0	0	0	0	0
SC_RS01110	NC_003903.1	212818	213495	-	678	0	0	0	0	0	0	0	0	0
SC_RS01115	NC_003903.1	213631	214520	+	890	0	0	0	0	0	0	0	0	0
SC_RS01120	NC_003903.1	214627	215106	+	480	0	0	0	0	0	0	0	0	0
SC_RS01125	NC_003903.1	215655	217472	-	1818	0	0	0	0	0	0	0	0	0
SC_RS01130	NC_003903.1	217465	217674	+	210	0	0	0	0	0	0	0	0	0
SC_RS01135	NC_003903.1	217949	219067	-	1119	0	0	0	0	0	0	0	0	0
SC_RS01140	NC_003903.1	219314	219769	-	456	0	0	0	0	0	0	0	0	0
SC_RS01145	NC_003903.1	219993	220502	+	510	0	0	0	0	0	0	0	0	0
SC_RS01150	NC_003903.1	220585	221378	-	794	0	0	0	0	0	0	0	0	0
SC_RS01155	NC_003903.1	221485	222648	+	1164	0	0	0	0	0	0	0	0	0
SC_RS01160	NC_003903.1	222645	223790	+	1146	0	0	0	0	0	0	0	0	0
SC_RS01165	NC_003903.1	224000	224353	-	354	0	0	0	0	0	0	0	0	0
SC_RS01170	NC_003903.1	224350	227952	-	3603	0	0	0	0	0	0	0	0	0
SC_RS01175	NC_003903.1	228863	229135	+	273	0	0	0	0	0	0	0	0	0
SC_RS01180	NC_003903.1	229132	229518	+	387	0	0	0	0	0	0	0	0	0
SC_RS01185	NC_003903.1	229812	230153	+	342	0	0	0	0	0	0	0	0	0
SC_RS01190	NC_003903.1	230263	230826	-	564	0	0	0	0	0	0	0	0	0
SC_RS01195	NC_003903.1	230887	231129	+	243	0	0	0	0	0	0	0	0	0
SC_RS01200	NC_003903.1	231676	232200	-	525	0	0	0	0	0	0	0	0	0
SC_RS01205	NC_003903.1	232231	232692	-	462	0	0	0	0	0	0	0	0	0
SC_RS01210	NC_003903.1	232923	233864	+	942	0	0	0	0	0	0	0	0	0
SC_RS01215	NC_003903.1	233951	234604	+	654	0	0	0	0	0	0	0	0	0
SC_RS01220	NC_003903.1	234674	235837	+	1164	0	0	0	0	0	0	0	0	0
SC_RS01225	NC_003903.1	236056	236205	+	150	0	0	0	0	0	0	0	0	0
SC_RS01230	NC_003903.1	236410	237429	+	1020	0	0	0	0	0	0	0	0	0
SC_RS01235	NC_003903.1	237541	238245	+	705	0	0	0	0	0	0	0	0	0
SC_RS01240	NC_003903.1	238242	239240	+	999	0	0	0	0	0	0	0	0	0
SC_RS01245	NC_003903.1	239304	239552	+	249	0	0	0	0	0	0	0	0	0
SC_RS01250	NC_003903.1	239676	240374	+	699	0	0	0	0	0	0	0	0	0
SC_RS01255	NC_003903.1	240371	240991	+	621	0	0	0	0	0	0	0	0	0
SC_RS01260	NC_003903.1	241054	242481	-	1428	0	0	0	0	0	0	0	0	0
SC_RS01265	NC_003903.1	242698	243033	+	336	0	0	0	0	0	0	0	0	0
SC_RS01270	NC_003903.1	242996	244177	-	1182	0	0	0	0	0	0	0	0	0
SC_RS01275	NC_003903.1	244260	245381	-	1122	0	0	0	0	0	0	0	0	0
SC_RS01280	NC_003903.1	245412	246275	-	864	0	0	0	0	0	0	0	0	0
SC_RS01285	NC_003903.1	246362	247006	-	645	0	0	0	0	0	0	0	0	0
SC_RS01290	NC_003903.1	247201	248262	+	1062	0	0	0	0	0	0	0	0	0
SC_RS01295	NC_003903.1	248259	249461	+	1203	0	0	0	0	0	0	0	0	0
SC_RS01300	NC_003903.1	249461	250255	+	795	0	0	0	0	0	0	0	0	0
SC_RS01305	NC_003903.1	250406	251017	+	612	0	0	0	0	0	0	0	0	0
SC_RS01310	NC_003903.1	251127	251561	-	435	0	0	0	0	0	0	0	0	0
SC_RS01315	NC_003903.1	251565	251804	-	240	0	0	0	0	0	0	0	0	0
SC_RS01320	NC_003903.1	251995	252324	-	330	0	0	0	0	0	0	0	0	0
SC_RS01325	NC_003903.1	252531	252950	+	420	0	0	0	0	0	0	0	0	0
SC_RS01330	NC_003903.1	252945	253238	-	294	0	0	0	0	0	0	0	0	0
SC_RS01335	NC_003903.1	253237	253575	+	339	0	0	0	0	0	0	0	0	0
SC_RS01340	NC_003903.1	253719	254249	-	531	0	0	0	0	0	0	0	0	0
SC_RS01345	NC_003903.1	254385	255002	+	618	0	0	0	0	0	0	0	0	0
SC_RS01350	NC_003903.1	255286	255909	-	624	0	0	0	0	0	0	0	0	0
SC_RS01355	NC_003903.1	255857	256288	-	432	0	0	0	0	0	0	0	0	0
SC_RS01360	NC_003903.1	256929	257408	+	480	0	0	0	0	0	0	0	0	0
SC_RS01365	NC_003903.1	257545	258045	-	501	0	0	0	0	0	0	0	0	0
SC_RS01370	NC_003903.1	258163	259413	+	1251	0	0	0	0	0	0	0	0	0
SC_RS01375	NC_003903.1	259437	259787	+	351	0	0	0	0	0	0	0	0	0
SC_RS01380	NC_003903.1	260052	260555	-	504	0	0	0	0	0	0	0	0	0
SC_RS01385	NC_003903.1	260805	261038	+	234	0	0	0	0	0	0	0	0	0
SC_RS01390	NC_003903.1	261236	261430	-	195	0	0	0	0	0	0	0	0	0
SC_RS01395	NC_003903.1	261701	263065	+	1365	0	0	0	0	0	0	0	0	0
SC_RS01400	NC_003903.1	263311	263901	-	591	0	0	0	0	0	0	0	0	0
SC_RS01405	NC_003903.1	264803	265462	+	660	0	0	0	0	0	0	0	0	0
SC_RS01410	NC_003903.1	265459	265794	+	336	0	0	0	0	0	0	0	0	0
SC_RS01415	NC_003903.1	265831	266202	+	372	0	0	0	0	0	0	0	0	0
SC_RS01420	NC_003903.1	266352	266575	+	224	0	0	0	0	0	0	0	0	0
SC_RS01425	NC_003903.1	266896	267342	-	447	0	0	0	0	0	0	0	0	0
SC_RS01430	NC_003903.1	267556	270606	-	3051	0	0	0	0	0	0	0	0	0
SC_RS01435	NC_003903.1	271090	277308	+	6219	0	0	0	0	0	0	0	0	0
SC_RS01440	NC_003903.1	278390	278542	+	153	0	0	0	0	0	0	0	0	0
SC_RS01445	NC_003903.1	278968	279252	-	285	0	0	0	0	0	0	0	0	0
SC_RS01450	NC_003903.1	279323	280864	+	1542	0	0	1	3	1	0	2	1	1
SC_RS01455	NC_003903.1	280963	281178	+	216	0	0	0	0	0	0	0	0	0
SC_RS01460	NC_003903.1	281757	281954	+	198	0	0	0	0	0	0	0	0	0
SC_RS01465	NC_003903.1	281951	282247	+	297	0	0	0	0	0	0	0	0	0
SC_RS01470	NC_003903.1	282655	283740	-	1086	0	0	0	0	0	0	0	0	0
SC_RS01475	NC_003903.1	283966	285579	+	1614	0	0	0	0	0	0	0	0	0
SC_RS01480	NC_003903.1	285624	286310	+	687	0	0	0	0	0	0	0	0	0
SC_RS01485	NC_003903.1	286320	286571	+	252	0	0	0	0	0	0	0	0	0
SC_RS01490	NC_003903.1	286626	286973	-	348	0	0	0	0	0	0	0	0	0
SC_RS01495	NC_003903.1	287140	287499	+	360	0	0	0	0	0	0	0	0	0
SC_RS01500	NC_003903.1	287572	288471	-	900	0	0	0	0	0	0	0	0	0
SC_RS01505	NC_003903.1	288577	288765	+	189	0	0	0	0	0	0	0	0	0
SC_RS01510	NC_003903.1	288811	289065	+	255	0	0	0	0	0	0	0	0	0
SC_RS01515	NC_003903.1	289062	289436	+	375	0	0	0	0	0	0	0	0	0
SC_RS01520	NC_003903.1	289447	292125	-	2679	0	0	0	0	0	0	0	0	0
SC_RS01525	NC_003903.1	292322	292597	+	276	0	0	0	0	0	0	0	0	0
SC_RS01530	NC_003903.1	292561	294369	-	1809	0	0	0	0	0	0	0	0	0
SC_RS01535	NC_003903.1	294467	294880	-	414	0	0	0	0	0	0	0	0	0
SC_RS01540	NC_003903.1	295281	295505	-	225	0	0	0	0	0	0	0	0	0
SC_RS01545	NC_003903.1	295502	296374	-	873	0	0	0	0	0	0	0	0	0
SC_RS01550	NC_003903.1	296667	297104	+	438	0	0	0	0	0	0	0	0	0
SC_RS01555	NC_003903.1	297137	297565	+	429	0	0	0	0	0	0	0	0	0
SC_RS01560	NC_003903.1	297562	298101	+	540	0	0	0	0	0	0	0	0	0
SC_RS01565	NC_003903.1	298131	298583	+	453	0	0	0	0	0	0	0	0	0
SC_RS01570	NC_003903.1	298580	299404	+	825	0	0	0	0	0	0	0	0	0
SC_RS01575	NC_003903.1	299431	300312	+	882	0	0	0	0	0	0	0	0	0
SC_RS01580	NC_003903.1	300309	301325	+	1017	0	0	0	0	0	0	0	0	0
SC_RS01585	NC_003903.1	301322	302185	+	864	0	0	0	0	0	0	0	0	0
SC_RS01590	NC_003903.1	302182	302706	+	525	0	0	0	0	0	0	0	0	0
SC_RS01595	NC_003903.1	302723	303925	+	1203	0	0	0	0	0	0	0	0	0
SC_RS01600	NC_003903.1	304016	304906	+	891	0	0	0	0	0	0	0	0	0
SC_RS01605	NC_003903.1	304950	305606	+	657	0	0	0	0	0	0	0	0	0
SC_RS01610	NC_003903.1	305883	306293	-	411	0	0	0	0	0	0	0	0	0
SC_RS01615	NC_003903.1	306340	306717	-	378	0	0	0	0	0	0	0	0	0
SC_RS01620	NC_003903.1	307057	308061	+	1005	0	0	0	0	0	0	0	0	0
SC_RS01625	NC_003903.1	308058	308636	+	579	0	0	0	0	0	0	0	0	0
SC_RS01630	NC_003903.1	308593	309291	+	699	0	0	0	0	0	0	0	0	0
SC_RS01635	NC_003903.1	309239	310078	+	840	0	0	0	0	0	0	0	0	0
SC_RS01640	NC_003903.1	310356	310484	-	129	0	0	0	0	0	0	0	0	0
SC_RS01645	NC_003903.1	310923	312560	-	1638	0	0	0	0	0	0	0	0	0
SC_RS01650	NC_003903.1	312655	313671	-	1017	0	0	0	0	0	0	0	0	0
SC_RS01655	NC_003903.1	314274	315089	-	816	0	0	0	0	0	0	0	0	0
SC_RS01660	NC_003903.1	315294	315917	+	624	0	0	0	0	0	0	0	0	0
SC_RS01665	NC_003903.1	316820	318055	+	1236	0	0	0	0	0	0	0	0	0
SC_RS01670	NC_003903.1	318277	318567	-	291	0	0	0	0	0	0	0	0	0
SC_RS01675	NC_003903.1	318853	319116	+	264	0	0	0	0	0	0	0	0	0
SC_RS01680	NC_003903.1	319119	319538	+	420	0	0	0	0	0	0	0	0	0
SC_RS01685	NC_003903.1	319607	320569	+	963	0	0	0	0	0	0	0	0	0
SC_RS01690	NC_003903.1	320862	321857	-	996	0	0	0	0	0	0	0	0	0
SC_RS01695	NC_003903.1	321944	322858	+	915	0	0	0	0	0	0	0	0	0
SC_RS01700	NC_003903.1	323169	323468	-	300	0	0	0	0	0	0	0	0	0
SC_RS01705	NC_003903.1	323625	324563	-	939	0	0	0	0	0	0	0	0	0
SC_RS01710	NC_003903.1	324786	325778	+	993	0	0	0	0	0	0	0	0	0
SC_RS01715	NC_003903.1	325805	326185	+	381	0	0	0	0	0	0	0	0	0
SC_RS01720	NC_003903.1	326240	326899	-	660	0	0	0	0	0	0	0	0	0
SC_RS01725	NC_003903.1	327136	327696	+	561	0	0	0	0	0	0	0	0	0
SC_RS01730	NC_003903.1	327874	328311	-	438	0	0	0	0	0	0	0	0	0
SC_RS01735	NC_003903.1	329148	329501	+	354	0	0	0	0	0	0	0	0	0
SC_RS01740	NC_003903.1	329602	332925	+	3324	0	0	0	0	0	0	0	0	0
SC_RS01745	NC_003903.1	333120	333962	+	843	0	0	0	0	0	0	0	0	0
SC_RS01750	NC_003903.1	334686	335750	+	1065	0	0	0	0	0	0	0	0	0
SC_RS01755	NC_003903.1	336438	336671	+	234	0	0	0	0	0	0	0	0	0
SC_RS01760	NC_003903.1	336746	337603	+	858	0	0	0	0	0	0	0	0	0
SC_RS01765	NC_003903.1	337681	338406	+	726	0	0	0	0	0	0	0	0	0
SC_RS01770	NC_003903.1	338442	339638	+	1197	0	0	0	0	0	0	0	0	0
SC_RS01775	NC_003903.1	339631	342081	+	2451	0	0	0	0	0	0	0	0	0
SC_RS01780	NC_003903.1	342117	342935	-	819	0	0	0	0	0	0	0	0	0
SC_RS01785	NC_003903.1	343078	343662	+	585	0	0	0	0	0	0	0	0	0
SC_RS01790	NC_003903.1	344110	344334	-	225	0	0	0	0	0	0	0	0	0
SC_RS01795	NC_003903.1	344570	345742	+	1173	0	0	0	0	0	0	0	0	0
SC_RS01800	NC_003903.1	345841	347391	+	1551	0	0	0	0	0	0	0	0	0
SC_RS01805	NC_003903.1	347446	347889	+	444	0	0	0	0	0	0	0	0	0
SC_RS01810	NC_003903.1	348243	348629	+	387	0	0	0	0	0	0	0	0	0
SC_RS01815	NC_003903.1	348753	349247	-	495	0	0	0	0	0	0	0	0	0
SC_RS01820	NC_003903.1	349843	350508	+	666	0	0	0	0	0	0	0	0	0
SC_RS01825	NC_003903.1	350584	351105	+	522	0	0	0	0	0	0	0	0	0
SC_RS01830	NC_003903.1	351102	351395	+	294	0	0	0	0	0	0	0	0	0
SC_RS01835	NC_003903.1	351392	351616	+	225	0	0	0	0	0	0	0	0	0
SC_RS01840	NC_003903.1	352205	352600	+	396	0	0	0	0	0	0	0	0	0
SC_RS01845	NC_003903.1	352679	352915	+	237	0	0	0	0	0	0	0	0	0
SC_RS01850	NC_003903.1	352903	353121	+	219	0	0	0	0	0	0	0	0	0
SC_RS01855	NC_003903.1	353212	354417	+	1206	0	0	0	0	0	0	0	0	0
SC_RS01860	NC_003903.1	354502	355125	+	624	0	0	0	0	0	0	0	0	0
SC_RS01870	NC_003904.1	492	1372	+	881	5	5	1	5	9	6	25	30	33
SC_RS01875	NC_003904.1	3033	4010	-	978	0	0	0	0	0	0	0	0	0
SC_RS01880	NC_003904.1	4007	4939	-	933	0	0	0	0	0	0	0	0	0
SC_RS01885	NC_003904.1	5312	5449	-	138	0	0	0	0	0	0	0	0	0
SC_RS01890	NC_003904.1	5617	5886	+	270	0	0	0	0	0	0	0	0	0
SC_RS01895	NC_003904.1	5935	7050	-	1116	0	0	0	0	0	0	0	0	0
SC_RS01900	NC_003904.1	7201	7386	+	186	0	0	0	0	0	0	0	0	0
SC_RS01905	NC_003904.1	7612	7749	-	138	0	0	0	0	0	0	0	0	0
SC_RS01910	NC_003904.1	7832	8431	+	600	0	0	0	0	0	0	0	0	0
SC_RS01915	NC_003904.1	8441	9286	-	846	0	0	0	0	0	0	0	0	0
SC_RS01920	NC_003904.1	9304	9726	-	423	0	0	0	0	0	0	0	0	0
SC_RS01925	NC_003904.1	9731	10732	-	1002	0	0	0	0	0	0	0	0	0
SC_RS01930	NC_003904.1	11292	11840	-	549	0	0	0	0	0	0	0	0	0
SC_RS01935	NC_003904.1	12053	12193	+	141	0	0	0	0	0	0	0	0	0
SC_RS01940	NC_003904.1	12228	12434	-	207	0	0	0	0	0	0	0	0	0
SC_RS01945	NC_003904.1	13054	13797	-	744	0	0	0	0	0	0	0	0	0
SC_RS01950	NC_003904.1	13902	14132	-	231	0	0	0	0	0	0	0	0	0
SC_RS01955	NC_003904.1	14867	15088	-	222	0	0	0	0	0	0	0	0	0
SC_RS01960	NC_003904.1	15261	15611	-	351	0	0	0	0	0	0	0	0	0
SC_RS01965	NC_003904.1	15706	15957	-	252	0	0	0	0	0	0	0	0	0
SC_RS01970	NC_003904.1	15954	16295	-	342	0	0	0	0	0	0	0	0	0
SC_RS01975	NC_003904.1	16318	16860	-	543	0	0	0	0	0	0	0	0	0
SC_RS01980	NC_003904.1	16943	18421	-	1479	0	0	0	0	0	0	0	0	0
SC_RS01985	NC_003904.1	18379	19254	-	876	0	0	0	0	0	0	0	0	0
SC_RS01990	NC_003904.1	19332	19745	-	414	0	0	0	0	0	0	0	0	0
SC_RS01995	NC_003904.1	19751	21571	-	1821	0	0	0	0	0	0	0	0	0
SC_RS02000	NC_003904.1	22012	22269	-	258	0	0	0	0	0	0	0	0	0
SC_RS02005	NC_003904.1	22266	22772	-	507	0	0	0	0	0	0	0	0	0
SC_RS02010	NC_003904.1	22953	23177	-	225	0	0	0	0	0	0	0	0	0
SC_RS02015	NC_003904.1	23177	24778	-	1602	0	0	0	0	0	0	0	0	0
SC_RS02020	NC_003904.1	24875	25081	-	207	0	0	0	0	0	0	0	0	0
SC_RS02025	NC_003904.1	25075	25227	-	153	0	0	0	0	0	0	0	0	0
SC_RS02030	NC_003904.1	25412	25702	-	291	0	0	0	0	0	0	0	0	0
SC_RS02035	NC_003904.1	25774	26253	-	480	0	0	0	0	0	0	0	0	0
SC_RS02040	NC_003904.1	26665	27462	+	798	0	0	0	0	0	0	0	0	0
SC_RS02045	NC_003904.1	27459	27794	+	336	0	0	0	0	0	0	0	0	0
SC_RS02050	NC_003904.1	27897	28481	+	585	0	0	0	0	0	0	0	0	0
SC_RS02055	NC_003904.1	28549	28968	-	420	0	0	0	0	0	0	0	0	0
SC_RS02060	NC_003904.1	28965	29477	-	513	0	0	0	0	0	0	0	0	0
SC_RS01865	NC_003904.1;NC_003904.1	1;30883	108;31317	+;+	543	0	0	0	0	0	0	0	0	0
