gene,operonID
SCO0001,1
SCO0002,2
SCO0003,3
SCO0004,3
SCO0005,3
SCO0006,3
SCO0007,4
SCO0008,4
SCO0009,5
SCO0010,6
SCO0011,7
SCO0012,7
SCO0013,8
SCO0014,9
SCO0015,10
SCO0016,11
SCO0017,11
SCO0018,12
SCO0019,13
SCO0020,14
SCO0021,14
SCO0022,15
SCO0025,16
SCO0026,17
SCO0027,18
SCO0028,19
SCO0029,20
SCO0030,21
SCO0031,22
SCO0032,22
SCO0033,23
SCO0034,24
SCO0035,25
SCO0036,25
SCO0037,26
SCO0038,26
SCO0039,27
SCO0040,27
SCO0041,27
SCO0042,27
SCO0043,28
SCO0044,29
SCO0045,29
SCO0046,30
SCO0047,31
SCO0048,32
SCO0049,33
SCO0050,34
SCO0051,35
SCO0053,36
SCO0055,37
SCO0056,38
SCO0057,39
SCO0058,40
SCO0059,41
SCO0060,41
SCO0061,42
SCO0062,43
SCO0063,43
SCO0064,43
SCO0065,44
SCO0066,44
SCO0067,44
SCO0068,44
SCO0069,45
SCO0070,46
SCO0071,47
SCO0072,48
SCO0073,49
SCO0074,49
SCO0075,49
SCO0076,50
SCO0079,51
SCO0080,52
SCO0081,53
SCO0083,54
SCO0084,55
SCO0085,56
SCO0086,56
SCO0087,57
SCO0088,58
SCO0089,59
SCO0090,60
SCO0091,61
SCO0092,62
SCO0095,63
SCO0096,64
SCO0097,65
SCO0098,66
SCO0099,67
SCO0101,68
SCO0102,69
SCO0103,69
SCO0104,69
SCO0105,70
SCO0106,71
SCO0107,72
SCO0108,73
SCO0109,74
SCO0110,75
SCO0111,76
SCO0112,77
SCO0113,78
SCO0114,79
SCO0116,80
SCO0117,81
SCO0118,82
SCO0119,83
SCO0120,84
SCO0121,84
SCO0122,85
SCO0123,86
SCO0124,87
SCO0125,87
SCO0126,87
SCO0127,87
SCO0128,87
SCO0129,87
SCO0130,88
SCO0131,89
SCO0132,90
SCO0133,91
SCO0134,92
SCO0135,93
SCO0136,94
SCO0137,94
SCO0138,95
SCO0139,95
SCO0140,95
SCO0141,96
SCO0142,97
SCO0143,98
SCO0144,98
SCO0145,98
SCO0146,99
SCO0147,100
SCO0148,100
SCO0149,101
SCO0150,102
SCO0151,103
SCO0152,103
SCO0153,104
SCO0154,105
SCO0155,106
SCO0156,107
SCO0157,108
SCO0158,108
SCO0159,108
SCO0160,109
SCO0161,109
SCO0162,110
SCO0163,111
SCO0164,112
SCO0165,113
SCO0166,114
SCO0167,115
SCO0168,116
SCO0169,116
SCO0170,117
SCO0171,118
SCO0172,119
SCO0173,120
SCO0174,120
SCO0175,121
SCO0176,122
SCO0177,123
SCO0178,124
SCO0179,125
SCO0180,125
SCO0181,125
SCO0182,126
SCO0183,127
SCO0184,127
SCO0185,127
SCO0186,127
SCO0187,127
SCO0188,127
SCO0189,128
SCO0190,128
SCO0191,128
SCO0192,129
SCO0193,130
SCO0194,131
SCO0195,132
SCO0196,133
SCO0197,134
SCO0198,135
SCO0199,135
SCO0200,135
SCO0201,135
SCO0202,136
SCO0203,137
SCO0204,138
SCO0205,139
SCO0206,140
SCO0207,140
SCO0208,141
SCO0209,142
SCO0210,143
SCO0211,143
SCO0212,144
SCO0213,144
SCO0214,145
SCO0215,146
SCO0216,147
SCO0217,147
SCO0218,147
SCO0219,147
SCO0220,147
SCO0221,148
SCO0222,149
SCO0223,149
SCO0224,150
SCO0225,150
SCO0226,151
SCO0227,152
SCO0228,153
SCO0229,154
SCO0230,154
SCO0231,155
SCO0232,156
SCO0233,157
SCO0234,158
SCO0235,158
SCO0236,159
SCO0237,160
SCO0238,161
SCO0239,162
SCO0240,163
SCO0241,164
SCO0242,165
SCO0243,165
SCO0244,166
SCO0245,167
SCO0246,167
SCO0247,168
SCO0248,169
SCO0249,170
SCO0250,171
SCO0251,172
SCO0252,173
SCO0253,174
SCO0254,175
SCO0255,176
SCO0256,177
SCO0257,177
SCO0258,177
SCO0259,177
SCO0260,178
SCO0261,179
SCO0262,180
SCO0263,181
SCO0264,182
SCO0265,183
SCO0266,184
SCO0267,185
SCO0268,186
SCO0269,187
SCO0270,187
SCO0271,188
SCO0272,188
SCO0273,188
SCO0274,189
SCO0275,190
SCO0276,190
SCO0277,191
SCO0278,192
SCO0279,193
SCO0280,194
SCO0281,194
SCO0282,195
SCO0283,196
SCO0284,197
SCO0285,198
SCO0286,199
SCO0287,200
SCO0288,201
SCO0289,201
SCO0290,202
SCO0291,202
SCO0292,202
SCO0293,203
SCO0294,204
SCO0295,205
SCO0296,206
SCO0297,207
SCO0298,208
SCO0299,209
SCO0300,210
SCO0301,211
SCO0302,212
SCO0303,212
SCO0304,213
SCO0305,214
SCO0306,215
SCO0307,216
SCO0308,217
SCO0309,218
SCO0310,219
SCO0311,220
SCO0312,220
SCO0313,221
SCO0314,221
SCO0315,222
SCO0316,223
SCO0317,224
SCO0318,225
SCO0319,226
SCO0320,227
SCO0321,227
SCO0322,228
SCO0323,229
SCO0324,229
SCO0325,230
SCO0326,231
SCO0328,231
SCO0329,232
SCO0330,233
SCO0331,233
SCO0332,234
SCO0333,235
SCO0334,236
SCO0335,236
SCO0336,237
SCO0337,238
SCO0338,239
SCO0339,240
SCO0340,241
SCO0341,242
SCO0342,242
SCO0343,243
SCO0344,244
SCO0345,245
SCO0346,246
SCO0347,246
SCO0348,246
SCO0349,246
SCO0350,246
SCO0351,246
SCO0352,247
SCO0353,247
SCO0354,247
SCO0355,247
SCO0356,248
SCO0357,249
SCO0358,250
SCO0359,250
SCO0360,251
SCO0361,252
SCO0362,253
SCO0363,253
SCO0364,253
SCO0365,253
SCO0366,253
SCO0367,254
SCO0368,255
SCO0369,256
SCO0370,257
SCO0371,258
SCO0372,258
SCO0373,258
SCO0374,259
SCO0375,260
SCO0376,261
SCO0377,262
SCO0378,262
SCO0379,263
SCO0380,263
SCO0381,264
SCO0382,264
SCO0383,264
SCO0384,264
SCO0385,264
SCO0386,264
SCO0387,264
SCO0388,264
SCO0389,264
SCO0390,264
SCO0391,264
SCO0392,264
SCO0393,264
SCO0394,264
SCO0395,264
SCO0396,264
SCO0397,264
SCO0398,264
SCO0399,264
SCO0400,264
SCO0401,264
SCO0402,265
SCO0403,266
SCO0404,267
SCO0405,268
SCO0406,269
SCO0407,269
SCO0408,269
SCO0409,270
SCO0410,271
SCO0411,272
SCO0412,272
SCO0413,273
SCO0414,274
SCO0415,275
SCO0416,276
SCO0417,277
SCO0418,278
SCO0419,279
SCO0420,280
SCO0421,281
SCO0422,281
SCO0423,282
SCO0424,283
SCO0425,284
SCO0426,285
SCO0427,286
SCO0428,287
SCO0429,288
SCO0430,289
SCO0431,290
SCO0432,291
SCO0433,292
SCO0434,293
SCO0435,293
SCO0436,294
SCO0437,295
SCO0438,295
SCO0439,295
SCO0440,295
SCO0441,296
SCO0442,296
SCO0443,296
SCO0444,297
SCO0445,298
SCO0446,298
SCO0447,299
SCO0448,300
SCO0449,300
SCO0450,301
SCO0451,301
SCO0452,302
SCO0453,303
SCO0454,303
SCO0455,303
SCO0456,303
SCO0457,304
SCO0458,304
SCO0459,305
SCO0460,306
SCO0461,307
SCO0462,308
SCO0463,309
SCO0464,310
SCO0465,310
SCO0466,311
SCO0467,311
SCO0468,312
SCO0469,313
SCO0470,313
SCO0471,313
SCO0472,314
SCO0473,314
SCO0474,314
SCO0475,314
SCO0476,315
SCO0477,316
SCO0478,317
SCO0479,318
SCO0480,319
SCO0481,320
SCO0482,321
SCO0483,322
SCO0484,323
SCO0485,324
SCO0486,325
SCO0487,326
SCO0488,326
SCO0489,327
SCO0490,328
SCO0491,329
SCO0492,329
SCO0493,329
SCO0494,329
SCO0495,329
SCO0496,329
SCO0497,329
SCO0498,329
SCO0499,330
SCO0500,331
SCO0501,332
SCO0502,333
SCO0503,334
SCO0504,335
SCO0505,336
SCO0506,337
SCO0507,338
SCO0508,339
SCO0509,340
SCO0510,341
SCO0511,342
SCO0512,343
SCO0513,344
SCO0514,345
SCO0515,346
SCO0516,346
SCO0517,347
SCO0518,347
SCO0519,348
SCO0520,349
SCO0521,349
SCO0522,350
SCO0523,351
SCO0524,352
SCO0525,353
SCO0526,354
SCO0527,355
SCO0528,356
SCO0529,357
SCO0530,358
SCO0531,359
SCO0532,359
SCO0533,359
SCO0534,360
SCO0535,360
SCO0536,361
SCO0537,362
SCO0538,363
SCO0539,363
SCO0540,363
SCO0541,363
SCO0542,364
SCO0543,365
SCO0544,365
SCO0545,366
SCO0546,367
SCO0547,368
SCO0548,368
SCO0549,368
SCO0550,369
SCO0551,370
SCO0552,370
SCO0553,371
SCO0554,372
SCO0555,373
SCO0556,374
SCO0557,375
SCO0558,376
SCO0559,377
SCO0560,378
SCO0561,378
SCO0562,379
SCO0563,380
SCO0564,381
SCO0565,381
SCO0566,381
SCO0567,382
SCO0568,383
SCO0569,384
SCO0570,384
SCO0571,385
SCO0572,385
SCO0573,385
SCO0574,386
SCO0575,387
SCO0576,388
SCO0577,388
SCO0578,388
SCO0579,388
SCO0580,388
SCO0581,388
SCO0582,389
SCO0583,390
SCO0584,391
SCO0585,391
SCO0586,391
SCO0587,391
SCO0588,391
SCO0589,392
SCO0590,393
SCO0591,394
SCO0592,395
SCO0593,396
SCO0594,397
SCO0595,398
SCO0596,399
SCO0597,400
SCO0598,401
SCO0599,401
SCO0600,402
SCO0601,403
SCO0602,404
SCO0603,404
SCO0604,405
SCO0605,406
SCO0606,407
SCO0607,408
SCO0608,408
SCO0609,409
SCO0610,410
SCO0611,410
SCO0612,411
SCO0613,411
SCO0614,412
SCO0615,413
SCO0616,414
SCO0617,414
SCO0618,415
SCO0619,415
SCO0620,416
SCO0621,417
SCO0622,418
SCO0623,418
SCO0624,419
SCO0625,420
SCO0626,420
SCO0627,420
SCO0628,421
SCO0629,422
SCO0630,423
SCO0631,424
SCO0632,425
SCO0633,425
SCO0634,426
SCO0635,427
SCO0636,428
SCO0637,429
SCO0638,430
SCO0639,431
SCO0640,431
SCO0641,432
SCO0642,433
SCO0643,434
SCO0644,435
SCO0645,436
SCO0646,437
SCO0647,438
SCO0648,439
SCO0649,440
SCO0650,440
SCO0651,440
SCO0652,440
SCO0653,440
SCO0654,440
SCO0655,440
SCO0656,440
SCO0657,440
SCO0658,440
SCO0659,441
SCO0660,442
SCO0661,442
SCO0662,442
SCO0663,442
SCO0664,442
SCO0665,443
SCO0666,444
SCO0667,445
SCO0668,446
SCO0669,447
SCO0670,447
SCO0671,448
SCO0672,449
SCO0673,450
SCO0674,451
SCO0675,452
SCO0676,453
SCO0677,454
SCO0678,455
SCO0679,456
SCO0680,457
SCO0681,458
SCO0682,459
SCO0683,459
SCO0684,459
SCO0685,459
SCO0686,460
SCO0687,461
SCO0688,462
SCO0689,463
SCO0690,463
SCO0691,463
SCO0692,464
SCO0693,465
SCO0694,466
SCO0695,466
SCO0696,467
SCO0697,468
SCO0698,469
SCO0699,470
SCO0700,471
SCO0701,472
SCO0702,472
SCO0703,473
SCO0704,473
SCO0705,474
SCO0706,475
SCO0707,475
SCO0708,475
SCO0709,475
SCO0710,475
SCO0711,476
SCO0712,477
SCO0713,478
SCO0714,479
SCO0715,480
SCO0716,481
SCO0717,482
SCO0718,483
SCO0719,484
SCO0720,485
SCO0721,486
SCO0722,486
SCO0723,487
SCO0724,488
SCO0725,489
SCO0726,490
SCO0727,490
SCO0728,491
SCO0729,492
SCO0730,493
SCO0731,493
SCO0732,494
SCO0733,495
SCO0734,496
SCO0735,497
SCO0736,498
SCO0737,499
SCO0738,500
SCO0739,501
SCO0740,502
SCO0741,502
SCO0742,503
SCO0743,504
SCO0744,505
SCO0745,506
SCO0746,507
SCO0747,508
SCO0748,509
SCO0749,510
SCO0750,511
SCO0751,512
SCO0752,513
SCO0753,514
SCO0754,515
SCO0755,515
SCO0756,515
SCO0757,515
SCO0758,515
SCO0759,516
SCO0760,516
SCO0761,516
SCO0762,517
SCO0763,518
SCO0764,519
SCO0765,520
SCO0766,520
SCO0767,521
SCO0768,522
SCO0769,523
SCO0770,524
SCO0771,524
SCO0772,525
SCO0773,526
SCO0774,526
SCO0775,527
SCO0776,528
SCO0777,529
SCO0778,529
SCO0779,530
SCO0780,531
SCO0781,532
SCO0782,533
SCO0783,534
SCO0784,534
SCO0785,535
SCO0786,536
SCO0787,537
SCO0788,538
SCO0789,539
SCO0790,540
SCO0791,541
SCO0792,542
SCO0793,543
SCO0794,544
SCO0795,545
SCO0796,546
SCO0797,547
SCO0798,547
SCO0799,548
SCO0800,549
SCO0801,550
SCO0802,551
SCO0803,552
SCO0804,553
SCO0805,554
SCO0806,555
SCO0807,556
SCO0808,556
SCO0809,557
SCO0810,557
SCO0811,557
SCO0812,558
SCO0813,559
SCO0814,559
SCO0815,559
SCO0816,559
SCO0817,559
SCO0818,560
SCO0819,560
SCO0820,561
SCO0821,562
SCO0822,562
SCO0823,563
SCO0824,563
SCO0825,563
SCO0826,563
SCO0827,564
SCO0828,565
SCO0829,566
SCO0830,567
SCO0831,567
SCO0832,567
SCO0833,567
SCO0834,567
SCO0835,568
SCO0836,569
SCO0837,570
SCO0838,571
SCO0839,572
SCO0840,573
SCO0841,574
SCO0842,575
SCO0843,576
SCO0844,576
SCO0845,576
SCO0846,577
SCO0847,578
SCO0848,579
SCO0849,579
SCO0850,580
SCO0851,581
SCO0852,581
SCO0853,582
SCO0854,583
SCO0855,584
SCO0856,585
SCO0857,586
SCO0858,587
SCO0859,588
SCO0860,588
SCO0861,588
SCO0862,589
SCO0863,589
SCO0864,590
SCO0865,591
SCO0866,591
SCO0867,592
SCO0868,593
SCO0869,594
SCO0870,595
SCO0871,595
SCO0872,595
SCO0873,596
SCO0874,597
SCO0875,597
SCO0876,598
SCO0877,599
SCO0878,600
SCO0879,600
SCO0880,601
SCO0881,602
SCO0882,603
SCO0883,604
SCO0884,605
SCO0885,606
SCO0886,607
SCO0887,607
SCO0888,608
SCO0889,609
SCO0890,610
SCO0891,611
SCO0892,612
SCO0893,613
SCO0894,613
SCO0895,614
SCO0896,615
SCO0897,616
SCO0898,617
SCO0899,618
SCO0900,619
SCO0901,620
SCO0902,621
SCO0903,622
SCO0904,622
SCO0905,623
SCO0906,624
SCO0907,624
SCO0908,625
SCO0909,626
SCO0910,627
SCO0911,627
SCO0912,627
SCO0913,627
SCO0914,628
SCO0915,629
SCO0916,630
SCO0917,631
SCO0918,631
SCO0919,632
SCO0920,633
SCO0921,633
SCO0922,634
SCO0923,634
SCO0924,634
SCO0925,635
SCO0926,636
SCO0927,637
SCO0928,638
SCO0929,638
SCO0930,639
SCO0931,640
SCO0932,640
SCO0933,641
SCO0934,642
SCO0935,643
SCO0936,644
SCO0937,645
SCO0938,646
SCO0939,647
SCO0940,648
SCO0941,649
SCO0942,650
SCO0943,651
SCO0944,652
SCO0945,653
SCO0946,654
SCO0947,655
SCO0948,656
SCO0949,657
SCO0950,657
SCO0951,657
SCO0952,657
SCO0953,658
SCO0954,659
SCO0955,659
SCO0956,660
SCO0957,661
SCO0958,662
SCO0959,663
SCO0960,664
SCO0961,665
SCO0962,665
SCO0963,665
SCO0964,666
SCO0965,667
SCO0966,668
SCO0967,669
SCO0968,670
SCO0969,671
SCO0970,671
SCO0971,672
SCO0972,673
SCO0973,674
SCO0974,675
SCO0975,676
SCO0976,677
SCO0977,677
SCO0978,678
SCO0979,679
SCO0980,680
SCO0981,681
SCO0982,682
SCO0983,682
SCO0984,682
SCO0985,683
SCO0986,684
SCO0987,685
SCO0988,686
SCO0989,687
SCO0990,688
SCO0991,689
SCO0992,689
SCO0993,689
SCO0994,689
SCO0995,689
SCO0996,690
SCO0997,690
SCO0998,690
SCO0999,691
SCO1000,692
SCO1001,693
SCO1002,694
SCO1003,695
SCO1004,696
SCO1005,697
SCO1006,698
SCO1007,699
SCO1008,700
SCO1009,701
SCO1010,702
SCO1011,703
SCO1012,704
SCO1013,705
SCO1014,706
SCO1015,706
SCO1016,707
SCO1017,708
SCO1018,709
SCO1019,710
SCO1020,711
SCO1021,712
SCO1022,713
SCO1023,714
SCO1024,715
SCO1025,716
SCO1026,717
SCO1027,718
SCO1028,719
SCO1029,720
SCO1030,721
SCO1031,722
SCO1032,722
SCO1033,722
SCO1034,723
SCO1035,723
SCO1036,723
SCO1037,724
SCO1038,725
SCO1039,726
SCO1040,727
SCO1041,728
SCO1042,729
SCO1043,730
SCO1044,731
SCO1045,732
SCO1046,732
SCO1047,733
SCO1048,734
SCO1049,735
SCO1050,736
SCO1051,736
SCO1052,737
SCO1053,738
SCO1054,739
SCO1055,740
SCO1056,741
SCO1057,741
SCO1058,741
SCO1059,742
SCO1060,743
SCO1061,744
SCO1062,745
SCO1063,746
SCO1064,746
SCO1065,746
SCO1066,747
SCO1067,748
SCO1068,749
SCO1069,750
SCO1070,751
SCO1071,751
SCO1072,752
SCO1073,753
SCO1074,754
SCO1075,755
SCO1076,756
SCO1077,757
SCO1078,758
SCO1079,759
SCO1080,760
SCO1081,761
SCO1082,761
SCO1083,762
SCO1084,763
SCO1085,764
SCO1086,765
SCO1087,766
SCO1088,766
SCO1089,766
SCO1090,767
SCO1091,768
SCO1092,769
SCO1093,770
SCO1094,771
SCO1095,772
SCO1096,773
SCO1097,773
SCO1098,774
SCO1099,774
SCO1100,775
SCO1101,776
SCO1102,777
SCO1103,778
SCO1104,779
SCO1105,780
SCO1106,781
SCO1107,782
SCO1108,783
SCO1109,784
SCO1110,785
SCO1111,786
SCO1112,787
SCO1113,788
SCO1114,789
SCO1115,789
SCO1116,790
SCO1117,791
SCO1118,792
SCO1119,793
SCO1120,793
SCO1121,794
SCO1122,795
SCO1123,796
SCO1124,797
SCO1125,798
SCO1126,798
SCO1127,799
SCO1128,799
SCO1129,800
SCO1130,800
SCO1131,801
SCO1132,801
SCO1133,801
SCO1134,801
SCO1135,802
SCO1136,803
SCO1137,803
SCO1138,804
SCO1139,804
SCO1140,804
SCO1141,805
SCO1142,806
SCO1143,807
SCO1144,808
SCO1145,809
SCO1146,810
SCO1147,811
SCO1148,811
SCO1149,812
SCO1150,813
SCO1151,814
SCO1152,815
SCO1153,815
SCO1154,816
SCO1155,817
SCO1156,818
SCO1157,819
SCO1158,819
SCO1159,819
SCO1160,819
SCO1161,819
SCO1162,820
SCO1163,821
SCO1164,822
SCO1165,823
SCO1166,824
SCO1167,825
SCO1168,825
SCO1169,826
SCO1170,827
SCO1171,828
SCO1172,829
SCO1173,830
SCO1174,831
SCO1175,832
SCO1176,833
SCO1177,834
SCO1178,835
SCO1179,836
SCO1180,837
SCO1181,838
SCO1182,838
SCO1183,839
SCO1184,839
SCO1185,839
SCO1186,840
SCO1187,841
SCO1188,842
SCO1189,843
SCO1190,844
SCO1191,845
SCO1192,846
SCO1193,847
SCO1194,848
SCO1195,849
SCO1196,850
SCO1197,851
SCO1198,851
SCO1199,851
SCO1200,852
SCO1201,853
SCO1202,854
SCO1203,854
SCO1204,855
SCO1205,856
SCO1206,857
SCO1207,857
SCO1208,857
SCO1209,858
SCO1210,859
SCO1211,860
SCO1212,861
SCO1213,861
SCO1214,862
SCO1215,863
SCO1216,863
SCO1217,864
SCO1218,864
SCO1219,865
SCO1220,865
SCO1221,866
SCO1222,867
SCO1223,867
SCO1224,868
SCO1225,869
SCO1226,870
SCO1227,871
SCO1228,872
SCO1229,872
SCO1230,873
SCO1231,874
SCO1232,874
SCO1233,874
SCO1234,874
SCO1235,874
SCO1236,874
SCO1237,875
SCO1238,876
SCO1239,876
SCO1240,877
SCO1241,878
SCO1242,879
SCO1243,880
SCO1244,881
SCO1245,881
SCO1246,881
SCO1247,882
SCO1248,883
SCO1249,883
SCO1250,884
SCO1251,885
SCO1252,885
SCO1253,886
SCO1254,887
SCO1255,888
SCO1256,889
SCO1257,890
SCO1258,890
SCO1259,891
SCO1260,891
SCO1261,892
SCO1262,893
SCO1263,894
SCO1264,895
SCO1265,896
SCO1266,897
SCO1267,897
SCO1268,898
SCO1269,898
SCO1270,898
SCO1271,898
SCO1272,898
SCO1273,899
SCO1274,900
SCO1275,900
SCO1276,901
SCO1277,902
SCO1278,903
SCO1279,903
SCO1280,904
SCO1281,905
SCO1282,905
SCO1283,905
SCO1284,906
SCO1285,906
SCO1286,907
SCO1287,907
SCO1288,907
SCO1289,908
SCO1290,909
SCO1291,910
SCO1292,910
SCO1293,911
SCO1294,912
SCO1295,913
SCO1296,914
SCO1297,915
SCO1298,915
SCO1299,916
SCO1300,917
SCO1301,917
SCO1302,918
SCO1303,919
SCO1304,920
SCO1305,921
SCO1306,921
SCO1307,922
SCO1308,923
SCO1309,924
SCO1310,925
SCO1311,926
SCO1312,927
SCO1313,928
SCO1314,929
SCO1315,930
SCO1316,931
SCO1317,932
SCO1318,933
SCO1319,934
SCO1320,935
SCO1321,936
SCO1322,937
SCO1323,938
SCO1324,939
SCO1325,940
SCO1326,941
SCO1327,942
SCO1328,943
SCO1329,944
SCO1330,944
SCO1331,945
SCO1332,946
SCO1333,947
SCO1334,948
SCO1335,949
SCO1336,950
SCO1337,951
SCO1338,951
SCO1339,952
SCO1340,953
SCO1341,954
SCO1342,955
SCO1343,956
SCO1344,957
SCO1345,958
SCO1346,958
SCO1347,959
SCO1348,960
SCO1349,960
SCO1350,961
SCO1351,962
SCO1352,963
SCO1353,964
SCO1354,965
SCO1355,965
SCO1356,966
SCO1357,966
SCO1358,967
SCO1359,968
SCO1360,969
SCO1361,970
SCO1362,971
SCO1363,971
SCO1364,972
SCO1365,973
SCO1366,974
SCO1367,974
SCO1368,974
SCO1369,975
SCO1370,975
SCO1371,976
SCO1372,977
SCO1373,978
SCO1374,979
SCO1375,980
SCO1376,981
SCO1377,982
SCO1378,983
SCO1379,984
SCO1380,985
SCO1381,986
SCO1382,987
SCO1383,988
SCO1384,988
SCO1385,988
SCO1386,988
SCO1387,988
SCO1388,989
SCO1389,990
SCO1390,991
SCO1391,991
SCO1392,992
SCO1393,993
SCO1394,994
SCO1395,995
SCO1396,996
SCO1397,997
SCO1398,997
SCO1399,998
SCO1400,999
SCO1401,999
SCO1402,999
SCO1403,1000
SCO1404,1001
SCO1405,1001
SCO1406,1002
SCO1407,1003
SCO1408,1004
SCO1409,1005
SCO1410,1006
SCO1411,1007
SCO1412,1007
SCO1413,1008
SCO1414,1009
SCO1415,1010
SCO1416,1011
SCO1417,1012
SCO1418,1013
SCO1419,1013
SCO1420,1014
SCO1421,1015
SCO1422,1016
SCO1423,1017
SCO1424,1018
SCO1425,1019
SCO1426,1020
SCO1427,1021
SCO1428,1022
SCO1429,1023
SCO1430,1024
SCO1431,1025
SCO1432,1025
SCO1433,1026
SCO1434,1027
SCO1435,1028
SCO1436,1028
SCO1437,1029
SCO1438,1030
SCO1439,1030
SCO1440,1031
SCO1441,1031
SCO1442,1031
SCO1443,1031
SCO1444,1032
SCO1445,1033
SCO1446,1034
SCO1447,1035
SCO1448,1036
SCO1449,1037
SCO1450,1038
SCO1451,1039
SCO1452,1040
SCO1453,1041
SCO1454,1042
SCO1455,1042
SCO1456,1043
SCO1457,1044
SCO1458,1045
SCO1459,1045
SCO1460,1046
SCO1461,1047
SCO1462,1048
SCO1463,1049
SCO1464,1050
SCO1465,1051
SCO1466,1051
SCO1467,1051
SCO1468,1052
SCO1469,1053
SCO1470,1054
SCO1471,1055
SCO1472,1056
SCO1473,1056
SCO1474,1057
SCO1475,1058
SCO1476,1059
SCO1477,1060
SCO1478,1061
SCO1479,1061
SCO1480,1061
SCO1481,1062
SCO1482,1062
SCO1483,1062
SCO1484,1062
SCO1485,1062
SCO1486,1062
SCO1487,1062
SCO1488,1062
SCO1489,1063
SCO1490,1064
SCO1491,1064
SCO1492,1065
SCO1493,1066
SCO1494,1067
SCO1495,1067
SCO1496,1067
SCO1497,1068
SCO1498,1069
SCO1499,1069
SCO1500,1069
SCO1501,1069
SCO1502,1069
SCO1503,1069
SCO1504,1070
SCO1505,1071
SCO1506,1072
SCO1507,1073
SCO1508,1074
SCO1509,1074
SCO1510,1075
SCO1511,1076
SCO1512,1076
SCO1513,1077
SCO1514,1077
SCO1515,1077
SCO1516,1077
SCO1517,1077
SCO1518,1078
SCO1519,1078
SCO1520,1078
SCO1521,1079
SCO1522,1079
SCO1523,1079
SCO1524,1080
SCO1525,1081
SCO1526,1081
SCO1527,1081
SCO1528,1082
SCO1529,1083
SCO1530,1084
SCO1531,1084
SCO1532,1085
SCO1533,1085
SCO1534,1086
SCO1535,1087
SCO1536,1088
SCO1537,1089
SCO1538,1089
SCO1539,1089
SCO1540,1090
SCO1541,1091
SCO1542,1092
SCO1543,1093
SCO1544,1094
SCO1545,1095
SCO1546,1096
SCO1547,1096
SCO1548,1097
SCO1549,1098
SCO1550,1099
SCO1551,1100
SCO1552,1101
SCO1553,1101
SCO1554,1102
SCO1555,1103
SCO1556,1104
SCO1557,1105
SCO1558,1105
SCO1559,1105
SCO1560,1106
SCO1561,1107
SCO1562,1107
SCO1563,1108
SCO1564,1109
SCO1565,1109
SCO1566,1110
SCO1567,1111
SCO1568,1111
SCO1569,1112
SCO1570,1112
SCO1571,1113
SCO1572,1113
SCO1573,1114
SCO1574,1114
SCO1575,1114
SCO1576,1115
SCO1577,1115
SCO1578,1115
SCO1579,1115
SCO1580,1115
SCO1581,1116
SCO1582,1117
SCO1583,1118
SCO1584,1119
SCO1585,1120
SCO1586,1121
SCO1587,1122
SCO1588,1123
SCO1589,1124
SCO1590,1125
SCO1591,1126
SCO1592,1127
SCO1593,1128
SCO1594,1129
SCO1595,1129
SCO1596,1130
SCO1597,1131
SCO1598,1131
SCO1599,1131
SCO1600,1131
SCO1601,1132
SCO1602,1133
SCO1603,1134
SCO1604,1135
SCO1605,1136
SCO1606,1137
SCO1607,1138
SCO1608,1138
SCO1609,1139
SCO1610,1140
SCO1611,1141
SCO1612,1141
SCO1613,1141
SCO1614,1142
SCO1615,1143
SCO1616,1144
SCO1617,1145
SCO1618,1146
SCO1619,1146
SCO1620,1147
SCO1621,1147
SCO1622,1148
SCO1623,1149
SCO1624,1150
SCO1625,1151
SCO1626,1152
SCO1627,1152
SCO1628,1152
SCO1629,1152
SCO1630,1152
SCO1631,1153
SCO1632,1153
SCO1633,1153
SCO1634,1154
SCO1635,1154
SCO1636,1154
SCO1637,1154
SCO1638,1155
SCO1639,1155
SCO1640,1156
SCO1641,1156
SCO1642,1157
SCO1643,1158
SCO1644,1158
SCO1645,1158
SCO1646,1158
SCO1647,1158
SCO1648,1159
SCO1649,1160
SCO1650,1161
SCO1651,1162
SCO1652,1163
SCO1653,1164
SCO1654,1164
SCO1655,1165
SCO1656,1166
SCO1657,1167
SCO1658,1168
SCO1659,1169
SCO1660,1169
SCO1661,1169
SCO1662,1170
SCO1663,1171
SCO1664,1172
SCO1665,1172
SCO1666,1173
SCO1667,1174
SCO1668,1175
SCO1669,1176
SCO1670,1177
SCO1671,1177
SCO1672,1178
SCO1673,1179
SCO1674,1180
SCO1675,1181
SCO1676,1182
SCO1677,1183
SCO1678,1184
SCO1679,1185
SCO1680,1186
SCO1681,1187
SCO1682,1187
SCO1683,1188
SCO1684,1189
SCO1685,1190
SCO1686,1190
SCO1687,1191
SCO1688,1191
SCO1689,1192
SCO1690,1192
SCO1691,1193
SCO1692,1193
SCO1693,1194
SCO1694,1195
SCO1695,1196
SCO1696,1196
SCO1697,1197
SCO1698,1198
SCO1699,1199
SCO1700,1199
SCO1701,1200
SCO1702,1201
SCO1703,1201
SCO1704,1202
SCO1705,1203
SCO1706,1204
SCO1707,1205
SCO1708,1206
SCO1709,1206
SCO1710,1206
SCO1711,1207
SCO1712,1208
SCO1713,1208
SCO1714,1208
SCO1715,1209
SCO1716,1210
SCO1717,1210
SCO1718,1211
SCO1719,1212
SCO1720,1212
SCO1721,1213
SCO1722,1214
SCO1723,1214
SCO1724,1215
SCO1725,1216
SCO1726,1217
SCO1727,1217
SCO1728,1218
SCO1729,1219
SCO1730,1219
SCO1731,1220
SCO1732,1221
SCO1733,1222
SCO1734,1223
SCO1735,1224
SCO1736,1225
SCO1737,1226
SCO1738,1227
SCO1739,1227
SCO1740,1228
SCO1741,1229
SCO1742,1230
SCO1743,1230
SCO1744,1230
SCO1745,1230
SCO1746,1231
SCO1747,1232
SCO1748,1233
SCO1749,1234
SCO1750,1235
SCO1751,1236
SCO1752,1237
SCO1753,1238
SCO1754,1239
SCO1755,1240
SCO1756,1241
SCO1757,1242
SCO1758,1243
SCO1759,1244
SCO1760,1244
SCO1761,1245
SCO1762,1245
SCO1763,1246
SCO1764,1247
SCO1765,1248
SCO1766,1248
SCO1767,1248
SCO1768,1249
SCO1769,1249
SCO1770,1249
SCO1771,1250
SCO1772,1250
SCO1773,1251
SCO1774,1252
SCO1775,1253
SCO1776,1253
SCO1777,1254
SCO1778,1255
SCO1779,1256
SCO1780,1257
SCO1781,1258
SCO1782,1258
SCO1783,1258
SCO1784,1259
SCO1785,1260
SCO1786,1260
SCO1787,1260
SCO1788,1261
SCO1789,1262
SCO1790,1263
SCO1791,1263
SCO1792,1264
SCO1793,1265
SCO1794,1265
SCO1795,1266
SCO1796,1267
SCO1797,1268
SCO1798,1269
SCO1799,1270
SCO1800,1271
SCO1801,1272
SCO1802,1272
SCO1803,1273
SCO1804,1273
SCO1805,1274
SCO1806,1275
SCO1807,1276
SCO1808,1277
SCO1809,1278
SCO1810,1279
SCO1811,1279
SCO1812,1279
SCO1813,1280
SCO1814,1281
SCO1815,1281
SCO1816,1282
SCO1817,1282
SCO1818,1283
SCO1819,1284
SCO1820,1285
SCO1821,1286
SCO1822,1287
SCO1823,1287
SCO1824,1288
SCO1825,1288
SCO1826,1288
SCO1827,1289
SCO1828,1290
SCO1829,1291
SCO1830,1292
SCO1831,1292
SCO1832,1293
SCO1833,1293
SCO1834,1294
SCO1835,1294
SCO1836,1295
SCO1837,1296
SCO1838,1297
SCO1839,1298
SCO1840,1299
SCO1841,1300
SCO1842,1301
SCO1843,1302
SCO1844,1303
SCO1845,1304
SCO1846,1305
SCO1847,1306
SCO1848,1306
SCO1849,1306
SCO1850,1306
SCO1851,1306
SCO1852,1306
SCO1853,1306
SCO1854,1307
SCO1855,1308
SCO1856,1308
SCO1857,1308
SCO1858,1308
SCO1859,1308
SCO1860,1309
SCO1861,1310
SCO1862,1311
SCO1863,1312
SCO1864,1313
SCO1865,1313
SCO1866,1313
SCO1867,1313
SCO1868,1314
SCO1869,1315
SCO1870,1316
SCO1871,1317
SCO1872,1318
SCO1873,1318
SCO1874,1319
SCO1875,1320
SCO1876,1321
SCO1877,1321
SCO1878,1322
SCO1879,1323
SCO1880,1324
SCO1881,1325
SCO1882,1326
SCO1883,1327
SCO1884,1327
SCO1885,1327
SCO1886,1327
SCO1887,1327
SCO1888,1328
SCO1889,1328
SCO1890,1328
SCO1891,1329
SCO1892,1330
SCO1893,1331
SCO1894,1332
SCO1895,1332
SCO1896,1333
SCO1897,1334
SCO1898,1335
SCO1899,1335
SCO1900,1335
SCO1901,1335
SCO1902,1335
SCO1903,1336
SCO1904,1337
SCO1905,1337
SCO1906,1338
SCO1907,1339
SCO1908,1340
SCO1909,1341
SCO1910,1342
SCO1911,1342
SCO1912,1343
SCO1913,1344
SCO1914,1345
SCO1915,1346
SCO1916,1347
SCO1917,1347
SCO1918,1347
SCO1919,1348
SCO1920,1348
SCO1921,1348
SCO1922,1348
SCO1923,1348
SCO1924,1348
SCO1925,1348
SCO1926,1348
SCO1927,1349
SCO1928,1350
SCO1929,1350
SCO1930,1350
SCO1931,1351
SCO1932,1351
SCO1933,1352
SCO1934,1352
SCO1935,1353
SCO1936,1353
SCO1937,1353
SCO1938,1353
SCO1939,1353
SCO1940,1354
SCO1941,1355
SCO1942,1356
SCO1943,1357
SCO1944,1358
SCO1945,1358
SCO1946,1358
SCO1947,1358
SCO1948,1359
SCO1949,1360
SCO1950,1360
SCO1951,1360
SCO1952,1360
SCO1953,1360
SCO1954,1361
SCO1955,1362
SCO1956,1363
SCO1957,1363
SCO1958,1364
SCO1959,1365
SCO1960,1366
SCO1961,1367
SCO1962,1368
SCO1963,1369
SCO1964,1370
SCO1965,1370
SCO1966,1371
SCO1967,1372
SCO1968,1373
SCO1969,1373
SCO1970,1374
SCO1971,1375
SCO1972,1375
SCO1973,1376
SCO1974,1377
SCO1975,1378
SCO1976,1379
SCO1977,1380
SCO1978,1381
SCO1979,1381
SCO1980,1382
SCO1981,1382
SCO1982,1383
SCO1983,1384
SCO1984,1385
SCO1985,1385
SCO1986,1386
SCO1987,1387
SCO1988,1387
SCO1989,1388
SCO1990,1389
SCO1991,1390
SCO1992,1391
SCO1993,1392
SCO1994,1393
SCO1995,1394
SCO1996,1395
SCO1997,1395
SCO1998,1396
SCO1999,1397
SCO2000,1398
SCO2001,1399
SCO2002,1400
SCO2003,1401
SCO2004,1402
SCO2005,1403
SCO2006,1404
SCO2007,1404
SCO2008,1405
SCO2009,1405
SCO2010,1405
SCO2011,1405
SCO2012,1405
SCO2013,1406
SCO2014,1407
SCO2015,1408
SCO2016,1409
SCO2017,1409
SCO2018,1410
SCO2019,1411
SCO2020,1412
SCO2021,1413
SCO2022,1414
SCO2023,1415
SCO2024,1415
SCO2025,1416
SCO2026,1416
SCO2027,1417
SCO2028,1418
SCO2029,1418
SCO2030,1418
SCO2031,1418
SCO2032,1418
SCO2033,1418
SCO2034,1419
SCO2035,1420
SCO2036,1421
SCO2037,1421
SCO2038,1422
SCO2039,1422
SCO2040,1423
SCO2041,1423
SCO2042,1423
SCO2043,1423
SCO2044,1423
SCO2045,1424
SCO2046,1425
SCO2047,1426
SCO2048,1427
SCO2049,1427
SCO2050,1427
SCO2051,1427
SCO2052,1427
SCO2053,1427
SCO2054,1427
SCO2055,1428
SCO2056,1429
SCO2057,1429
SCO2058,1429
SCO2059,1430
SCO2060,1431
SCO2061,1431
SCO2062,1432
SCO2063,1433
SCO2064,1434
SCO2065,1435
SCO2066,1436
SCO2067,1437
SCO2068,1438
SCO2069,1439
SCO2070,1440
SCO2071,1441
SCO2072,1442
SCO2073,1442
SCO2074,1443
SCO2075,1443
SCO2076,1444
SCO2077,1445
SCO2078,1445
SCO2079,1445
SCO2080,1445
SCO2081,1445
SCO2082,1445
SCO2083,1445
SCO2084,1445
SCO2085,1445
SCO2086,1445
SCO2087,1445
SCO2088,1445
SCO2089,1445
SCO2090,1446
SCO2091,1446
SCO2092,1446
SCO2093,1447
SCO2094,1448
SCO2095,1448
SCO2096,1448
SCO2097,1449
SCO2098,1450
SCO2099,1451
SCO2100,1452
SCO2101,1453
SCO2102,1454
SCO2103,1454
SCO2104,1455
SCO2105,1456
SCO2106,1457
SCO2107,1458
SCO2108,1458
SCO2109,1458
SCO2110,1459
SCO2111,1460
SCO2112,1461
SCO2113,1462
SCO2114,1463
SCO2115,1464
SCO2116,1465
SCO2117,1466
SCO2118,1467
SCO2119,1467
SCO2120,1468
SCO2121,1469
SCO2122,1469
SCO2123,1470
SCO2124,1470
SCO2125,1471
SCO2126,1472
SCO2127,1473
SCO2128,1474
SCO2129,1475
SCO2130,1476
SCO2131,1477
SCO2132,1478
SCO2133,1479
SCO2134,1480
SCO2135,1481
SCO2136,1482
SCO2137,1483
SCO2138,1484
SCO2139,1485
SCO2140,1485
SCO2141,1486
SCO2142,1487
SCO2143,1487
SCO2144,1488
SCO2145,1488
SCO2146,1489
SCO2147,1490
SCO2148,1491
SCO2149,1491
SCO2150,1491
SCO2151,1491
SCO2152,1492
SCO2153,1493
SCO2154,1494
SCO2155,1494
SCO2156,1494
SCO2157,1495
SCO2158,1496
SCO2159,1497
SCO2160,1498
SCO2161,1499
SCO2162,1500
SCO2164,1501
SCO2165,1502
SCO2166,1502
SCO2167,1503
SCO2168,1503
SCO2169,1504
SCO2170,1504
SCO2171,1505
SCO2172,1506
SCO2173,1507
SCO2174,1508
SCO2175,1509
SCO2176,1510
SCO2177,1511
SCO2178,1512
SCO2179,1513
SCO2180,1514
SCO2181,1514
SCO2182,1515
SCO2183,1516
SCO2184,1517
SCO2185,1517
SCO2186,1517
SCO2187,1518
SCO2188,1519
SCO2189,1520
SCO2190,1521
SCO2191,1522
SCO2192,1523
SCO2193,1524
SCO2194,1524
SCO2195,1525
SCO2196,1525
SCO2197,1526
SCO2198,1527
SCO2199,1528
SCO2200,1529
SCO2201,1530
SCO2202,1531
SCO2203,1531
SCO2204,1532
SCO2205,1533
SCO2206,1534
SCO2207,1535
SCO2208,1536
SCO2209,1537
SCO2210,1538
SCO2211,1538
SCO2212,1539
SCO2213,1540
SCO2214,1540
SCO2215,1541
SCO2216,1541
SCO2217,1542
SCO2218,1543
SCO2219,1544
SCO2220,1545
SCO2221,1546
SCO2222,1546
SCO2223,1547
SCO2224,1547
SCO2225,1548
SCO2226,1549
SCO2227,1550
SCO2228,1551
SCO2229,1551
SCO2230,1551
SCO2231,1551
SCO2232,1552
SCO2233,1553
SCO2234,1554
SCO2235,1555
SCO2236,1555
SCO2237,1555
SCO2238,1556
SCO2239,1556
SCO2240,1556
SCO2241,1557
SCO2242,1558
SCO2243,1559
SCO2244,1560
SCO2245,1560
SCO2246,1561
SCO2247,1562
SCO2248,1563
SCO2249,1564
SCO2250,1565
SCO2251,1565
SCO2252,1566
SCO2253,1566
SCO2254,1567
SCO2255,1568
SCO2256,1569
SCO2257,1570
SCO2258,1570
SCO2259,1571
SCO2260,1572
SCO2261,1573
SCO2262,1573
SCO2263,1574
SCO2264,1575
SCO2265,1576
SCO2266,1577
SCO2267,1578
SCO2268,1579
SCO2269,1579
SCO2270,1580
SCO2271,1580
SCO2272,1581
SCO2273,1581
SCO2274,1581
SCO2275,1582
SCO2276,1582
SCO2277,1582
SCO2278,1583
SCO2279,1584
SCO2280,1585
SCO2281,1585
SCO2282,1585
SCO2283,1586
SCO2284,1587
SCO2285,1588
SCO2286,1589
SCO2287,1590
SCO2288,1591
SCO2289,1592
SCO2290,1593
SCO2291,1594
SCO2292,1594
SCO2293,1595
SCO2294,1595
SCO2295,1596
SCO2296,1596
SCO2297,1597
SCO2298,1598
SCO2299,1599
SCO2300,1599
SCO2301,1599
SCO2302,1600
SCO2303,1601
SCO2304,1602
SCO2305,1603
SCO2306,1603
SCO2307,1603
SCO2308,1604
SCO2309,1605
SCO2310,1606
SCO2311,1607
SCO2312,1607
SCO2313,1607
SCO2314,1608
SCO2315,1609
SCO2316,1610
SCO2317,1610
SCO2318,1610
SCO2319,1611
SCO2320,1612
SCO2321,1613
SCO2322,1613
SCO2323,1614
SCO2324,1614
SCO2325,1614
SCO2326,1615
SCO2327,1616
SCO2328,1617
SCO2329,1618
SCO2330,1619
SCO2331,1620
SCO2332,1621
SCO2333,1621
SCO2334,1622
SCO2335,1623
SCO2336,1624
SCO2337,1625
SCO2338,1625
SCO2339,1626
SCO2340,1627
SCO2341,1628
SCO2342,1628
SCO2343,1629
SCO2344,1630
SCO2345,1631
SCO2346,1632
SCO2347,1633
SCO2348,1634
SCO2349,1635
SCO2350,1636
SCO2351,1637
SCO2352,1638
SCO2353,1638
SCO2354,1639
SCO2355,1640
SCO2356,1641
SCO2357,1642
SCO2358,1643
SCO2359,1643
SCO2360,1644
SCO2361,1645
SCO2362,1645
SCO2363,1645
SCO2364,1646
SCO2365,1647
SCO2366,1648
SCO2367,1648
SCO2368,1648
SCO2369,1649
SCO2370,1650
SCO2371,1651
SCO2372,1652
SCO2373,1653
SCO2374,1654
SCO2375,1655
SCO2376,1656
SCO2377,1657
SCO2378,1657
SCO2379,1658
SCO2380,1658
SCO2381,1659
SCO2382,1659
SCO2383,1660
SCO2384,1660
SCO2385,1661
SCO2386,1662
SCO2387,1663
SCO2388,1663
SCO2389,1663
SCO2390,1663
SCO2391,1664
SCO2392,1665
SCO2393,1666
SCO2394,1667
SCO2395,1668
SCO2396,1669
SCO2397,1670
SCO2398,1671
SCO2399,1672
SCO2400,1673
SCO2401,1674
SCO2402,1674
SCO2403,1675
SCO2404,1676
SCO2405,1676
SCO2406,1676
SCO2407,1677
SCO2408,1678
SCO2409,1679
SCO2410,1680
SCO2411,1681
SCO2412,1682
SCO2413,1682
SCO2414,1682
SCO2415,1682
SCO2416,1682
SCO2417,1682
SCO2418,1682
SCO2419,1682
SCO2420,1682
SCO2421,1682
SCO2422,1682
SCO2423,1683
SCO2424,1683
SCO2425,1683
SCO2426,1684
SCO2427,1685
SCO2428,1686
SCO2429,1687
SCO2430,1688
SCO2431,1689
SCO2432,1690
SCO2433,1690
SCO2434,1690
SCO2435,1691
SCO2436,1691
SCO2437,1691
SCO2438,1691
SCO2439,1692
SCO2440,1692
SCO2441,1693
SCO2442,1694
SCO2443,1695
SCO2444,1696
SCO2445,1696
SCO2446,1697
SCO2447,1698
SCO2448,1698
SCO2449,1699
SCO2450,1699
SCO2451,1700
SCO2452,1701
SCO2453,1701
SCO2454,1702
SCO2455,1703
SCO2456,1704
SCO2457,1705
SCO2458,1705
SCO2459,1706
SCO2460,1707
SCO2461,1708
SCO2462,1709
SCO2463,1710
SCO2464,1710
SCO2465,1711
SCO2466,1712
SCO2467,1712
SCO2468,1713
SCO2469,1714
SCO2470,1715
SCO2471,1716
SCO2472,1717
SCO2473,1718
SCO2474,1719
SCO2475,1720
SCO2476,1721
SCO2477,1721
SCO2478,1722
SCO2479,1723
SCO2480,1724
SCO2481,1725
SCO2482,1726
SCO2483,1726
SCO2484,1726
SCO2485,1727
SCO2486,1728
SCO2487,1728
SCO2488,1728
SCO2489,1728
SCO2490,1729
SCO2491,1730
SCO2492,1731
SCO2493,1732
SCO2494,1733
SCO2495,1734
SCO2496,1735
SCO2497,1736
SCO2498,1737
SCO2499,1738
SCO2500,1739
SCO2501,1740
SCO2502,1741
SCO2503,1742
SCO2504,1743
SCO2505,1744
SCO2506,1744
SCO2507,1744
SCO2508,1745
SCO2509,1746
SCO2510,1746
SCO2511,1746
SCO2512,1746
SCO2513,1747
SCO2514,1747
SCO2515,1748
SCO2516,1748
SCO2517,1749
SCO2518,1749
SCO2519,1749
SCO2520,1749
SCO2521,1749
SCO2522,1749
SCO2523,1749
SCO2524,1749
SCO2525,1749
SCO2526,1750
SCO2527,1751
SCO2528,1752
SCO2529,1753
SCO2530,1753
SCO2531,1754
SCO2532,1755
SCO2533,1755
SCO2534,1755
SCO2535,1755
SCO2536,1756
SCO2537,1757
SCO2538,1757
SCO2539,1758
SCO2540,1759
SCO2541,1760
SCO2542,1761
SCO2543,1761
SCO2544,1762
SCO2545,1763
SCO2546,1764
SCO2547,1764
SCO2548,1764
SCO2549,1765
SCO2550,1766
SCO2551,1767
SCO2552,1768
SCO2553,1768
SCO2554,1768
SCO2555,1768
SCO2556,1769
SCO2557,1770
SCO2558,1771
SCO2559,1771
SCO2560,1772
SCO2561,1773
SCO2562,1774
SCO2563,1775
SCO2564,1776
SCO2565,1776
SCO2566,1777
SCO2567,1778
SCO2568,1778
SCO2569,1779
SCO2570,1780
SCO2571,1781
SCO2572,1782
SCO2573,1782
SCO2574,1783
SCO2575,1783
SCO2576,1784
SCO2577,1784
SCO2578,1784
SCO2579,1784
SCO2580,1784
SCO2581,1785
SCO2582,1786
SCO2583,1787
SCO2584,1787
SCO2585,1787
SCO2586,1788
SCO2587,1789
SCO2588,1790
SCO2589,1791
SCO2590,1791
SCO2591,1792
SCO2592,1793
SCO2593,1793
SCO2594,1793
SCO2595,1794
SCO2596,1795
SCO2597,1795
SCO2598,1796
SCO2599,1797
SCO2600,1797
SCO2601,1798
SCO2602,1799
SCO2603,1800
SCO2604,1801
SCO2605,1802
SCO2606,1803
SCO2607,1804
SCO2608,1804
SCO2609,1804
SCO2610,1804
SCO2611,1804
SCO2612,1805
SCO2613,1806
SCO2614,1806
SCO2615,1807
SCO2616,1808
SCO2617,1809
SCO2618,1809
SCO2619,1809
SCO2620,1810
SCO2621,1811
SCO2622,1812
SCO2623,1813
SCO2624,1813
SCO2625,1814
SCO2626,1815
SCO2627,1816
SCO2628,1817
SCO2629,1818
SCO2630,1819
SCO2631,1820
SCO2632,1821
SCO2633,1822
SCO2634,1823
SCO2635,1824
SCO2636,1825
SCO2637,1826
SCO2638,1827
SCO2639,1827
SCO2640,1828
SCO2641,1829
SCO2642,1830
SCO2643,1831
SCO2644,1832
SCO2645,1833
SCO2646,1833
SCO2647,1834
SCO2648,1835
SCO2649,1836
SCO2650,1836
SCO2651,1837
SCO2652,1838
SCO2653,1839
SCO2654,1840
SCO2655,1841
SCO2656,1842
SCO2657,1843
SCO2658,1844
SCO2659,1844
SCO2660,1844
SCO2661,1844
SCO2662,1845
SCO2663,1846
SCO2664,1846
SCO2665,1847
SCO2666,1848
SCO2667,1848
SCO2668,1849
SCO2669,1850
SCO2670,1851
SCO2671,1852
SCO2672,1853
SCO2673,1853
SCO2674,1854
SCO2675,1855
SCO2676,1855
SCO2677,1855
SCO2678,1856
SCO2679,1857
SCO2680,1858
SCO2681,1858
SCO2682,1859
SCO2683,1860
SCO2684,1861
SCO2685,1861
SCO2686,1862
SCO2687,1863
SCO2688,1863
SCO2689,1863
SCO2690,1863
SCO2691,1863
SCO2692,1864
SCO2693,1864
SCO2694,1865
SCO2695,1866
SCO2696,1867
SCO2697,1868
SCO2698,1869
SCO2699,1870
SCO2700,1871
SCO2701,1871
SCO2702,1872
SCO2703,1873
SCO2704,1874
SCO2705,1875
SCO2706,1876
SCO2707,1876
SCO2708,1876
SCO2709,1877
SCO2710,1877
SCO2711,1877
SCO2712,1877
SCO2713,1877
SCO2714,1878
SCO2715,1879
SCO2716,1880
SCO2717,1881
SCO2718,1882
SCO2719,1883
SCO2720,1884
SCO2721,1885
SCO2722,1886
SCO2723,1886
SCO2724,1887
SCO2725,1888
SCO2726,1889
SCO2727,1889
SCO2728,1890
SCO2729,1891
SCO2730,1891
SCO2731,1892
SCO2732,1893
SCO2733,1893
SCO2734,1894
SCO2735,1895
SCO2736,1896
SCO2737,1897
SCO2738,1898
SCO2739,1898
SCO2740,1899
SCO2741,1900
SCO2742,1901
SCO2743,1902
SCO2744,1903
SCO2745,1904
SCO2746,1904
SCO2747,1904
SCO2748,1905
SCO2749,1905
SCO2750,1906
SCO2751,1906
SCO2752,1906
SCO2753,1907
SCO2754,1908
SCO2755,1909
SCO2756,1909
SCO2757,1910
SCO2758,1911
SCO2759,1912
SCO2760,1913
SCO2761,1914
SCO2762,1915
SCO2763,1916
SCO2764,1917
SCO2765,1918
SCO2766,1919
SCO2767,1920
SCO2768,1920
SCO2769,1921
SCO2770,1921
SCO2771,1922
SCO2772,1923
SCO2773,1923
SCO2774,1923
SCO2775,1924
SCO2776,1925
SCO2777,1925
SCO2778,1925
SCO2779,1925
SCO2780,1926
SCO2781,1927
SCO2782,1928
SCO2783,1928
SCO2784,1928
SCO2785,1928
SCO2786,1929
SCO2787,1930
SCO2788,1931
SCO2789,1931
SCO2790,1932
SCO2791,1933
SCO2792,1934
SCO2793,1935
SCO2794,1936
SCO2795,1937
SCO2796,1937
SCO2797,1937
SCO2798,1938
SCO2799,1939
SCO2800,1940
SCO2801,1940
SCO2802,1941
SCO2803,1942
SCO2804,1943
SCO2805,1944
SCO2806,1945
SCO2807,1946
SCO2808,1947
SCO2809,1948
SCO2810,1948
SCO2811,1949
SCO2812,1950
SCO2813,1951
SCO2814,1952
SCO2815,1953
SCO2816,1954
SCO2817,1955
SCO2818,1956
SCO2819,1957
SCO2820,1958
SCO2821,1959
SCO2822,1960
SCO2823,1960
SCO2824,1961
SCO2825,1961
SCO2826,1961
SCO2827,1962
SCO2828,1963
SCO2829,1963
SCO2830,1963
SCO2831,1963
SCO2832,1964
SCO2833,1965
SCO2834,1966
SCO2835,1967
SCO2836,1968
SCO2837,1968
SCO2838,1969
SCO2839,1970
SCO2840,1971
SCO2841,1972
SCO2842,1972
SCO2843,1973
SCO2844,1974
SCO2845,1974
SCO2846,1975
SCO2847,1976
SCO2848,1976
SCO2849,1977
SCO2850,1978
SCO2851,1979
SCO2852,1980
SCO2853,1981
SCO2854,1982
SCO2855,1983
SCO2856,1984
SCO2857,1985
SCO2858,1985
SCO2859,1985
SCO2860,1986
SCO2861,1987
SCO2862,1988
SCO2863,1989
SCO2864,1990
SCO2865,1991
SCO2866,1992
SCO2867,1993
SCO2868,1993
SCO2869,1993
SCO2870,1994
SCO2871,1994
SCO2872,1994
SCO2873,1995
SCO2874,1996
SCO2875,1997
SCO2876,1998
SCO2877,1998
SCO2878,1999
SCO2879,2000
SCO2880,2000
SCO2881,2000
SCO2882,2000
SCO2883,2000
SCO2884,2000
SCO2885,2001
SCO2886,2001
SCO2887,2002
SCO2888,2003
SCO2889,2004
SCO2890,2005
SCO2892,2006
SCO2893,2007
SCO2894,2008
SCO2895,2008
SCO2896,2008
SCO2897,2009
SCO2898,2010
SCO2899,2010
SCO2900,2011
SCO2901,2012
SCO2902,2013
SCO2903,2013
SCO2904,2014
SCO2905,2015
SCO2906,2016
SCO2907,2016
SCO2908,2017
SCO2909,2018
SCO2910,2019
SCO2911,2019
SCO2912,2019
SCO2913,2019
SCO2914,2020
SCO2915,2021
SCO2916,2021
SCO2917,2022
SCO2918,2023
SCO2919,2024
SCO2920,2025
SCO2921,2026
SCO2922,2027
SCO2923,2028
SCO2924,2029
SCO2925,2030
SCO2926,2031
SCO2927,2032
SCO2928,2033
SCO2929,2034
SCO2930,2035
SCO2931,2035
SCO2932,2035
SCO2933,2035
SCO2934,2036
SCO2935,2037
SCO2936,2038
SCO2937,2039
SCO2938,2040
SCO2939,2041
SCO2940,2042
SCO2941,2042
SCO2942,2042
SCO2943,2043
SCO2944,2043
SCO2945,2043
SCO2946,2043
SCO2947,2044
SCO2948,2045
SCO2949,2046
SCO2950,2047
SCO2951,2048
SCO2952,2049
SCO2953,2050
SCO2954,2050
SCO2955,2051
SCO2956,2052
SCO2957,2053
SCO2958,2054
SCO2959,2055
SCO2960,2056
SCO2961,2056
SCO2962,2057
SCO2963,2057
SCO2964,2058
SCO2965,2059
SCO2966,2060
SCO2967,2061
SCO2968,2062
SCO2969,2062
SCO2970,2063
SCO2971,2064
SCO2972,2065
SCO2973,2066
SCO2974,2066
SCO2975,2067
SCO2976,2068
SCO2977,2069
SCO2978,2070
SCO2979,2070
SCO2980,2070
SCO2981,2071
SCO2982,2071
SCO2983,2071
SCO2984,2071
SCO2985,2071
SCO2986,2072
SCO2987,2073
SCO2988,2074
SCO2989,2075
SCO2990,2075
SCO2991,2075
SCO2992,2075
SCO2993,2076
SCO2994,2077
SCO2995,2078
SCO2996,2078
SCO2997,2079
SCO2998,2079
SCO2999,2080
SCO3000,2081
SCO3001,2082
SCO3002,2082
SCO3003,2083
SCO3004,2084
SCO3005,2085
SCO3006,2086
SCO3007,2087
SCO3008,2088
SCO3009,2089
SCO3010,2089
SCO3011,2090
SCO3012,2090
SCO3013,2090
SCO3014,2090
SCO3015,2091
SCO3016,2092
SCO3017,2093
SCO3018,2093
SCO3019,2093
SCO3020,2094
SCO3021,2095
SCO3022,2096
SCO3023,2097
SCO3024,2098
SCO3025,2099
SCO3026,2099
SCO3027,2100
SCO3028,2101
SCO3029,2102
SCO3030,2103
SCO3031,2104
SCO3032,2105
SCO3033,2105
SCO3034,2105
SCO3035,2106
SCO3036,2107
SCO3037,2107
SCO3038,2108
SCO3039,2109
SCO3040,2110
SCO3041,2111
SCO3042,2112
SCO3043,2113
SCO3044,2114
SCO3045,2115
SCO3046,2116
SCO3047,2117
SCO3048,2118
SCO3049,2119
SCO3050,2120
SCO3051,2121
SCO3052,2122
SCO3053,2123
SCO3054,2124
SCO3055,2125
SCO3056,2126
SCO3057,2127
SCO3058,2127
SCO3059,2127
SCO3060,2127
SCO3061,2128
SCO3062,2129
SCO3063,2130
SCO3064,2131
SCO3065,2132
SCO3066,2133
SCO3067,2134
SCO3068,2135
SCO3069,2136
SCO3070,2136
SCO3071,2136
SCO3072,2136
SCO3073,2136
SCO3074,2137
SCO3075,2138
SCO3076,2139
SCO3077,2140
SCO3078,2141
SCO3079,2142
SCO3080,2143
SCO3081,2144
SCO3082,2145
SCO3083,2146
SCO3084,2147
SCO3085,2148
SCO3086,2149
SCO3087,2150
SCO3088,2151
SCO3089,2152
SCO3090,2152
SCO3091,2153
SCO3092,2154
SCO3093,2155
SCO3094,2155
SCO3095,2155
SCO3096,2155
SCO3097,2156
SCO3098,2157
SCO3099,2158
SCO3100,2158
SCO3101,2159
SCO3102,2160
SCO3103,2160
SCO3104,2161
SCO3105,2162
SCO3106,2162
SCO3107,2163
SCO3108,2164
SCO3109,2165
SCO3110,2166
SCO3111,2166
SCO3112,2167
SCO3113,2168
SCO3114,2169
SCO3115,2170
SCO3116,2170
SCO3117,2171
SCO3118,2171
SCO3119,2172
SCO3120,2173
SCO3121,2174
SCO3122,2175
SCO3123,2175
SCO3124,2176
SCO3125,2176
SCO3126,2177
SCO3127,2178
SCO3128,2179
SCO3129,2179
SCO3130,2180
SCO3131,2181
SCO3132,2181
SCO3133,2182
SCO3134,2183
SCO3135,2184
SCO3136,2185
SCO3137,2185
SCO3138,2185
SCO3139,2186
SCO3140,2187
SCO3141,2187
SCO3142,2187
SCO3143,2187
SCO3144,2188
SCO3145,2189
SCO3146,2189
SCO3147,2190
SCO3148,2191
SCO3149,2191
SCO3150,2192
SCO3151,2193
SCO3152,2193
SCO3153,2194
SCO3154,2195
SCO3155,2196
SCO3156,2197
SCO3157,2197
SCO3158,2198
SCO3159,2199
SCO3160,2199
SCO3161,2199
SCO3162,2199
SCO3163,2200
SCO3164,2201
SCO3165,2201
SCO3166,2202
SCO3167,2203
SCO3168,2204
SCO3169,2205
SCO3170,2206
SCO3171,2206
SCO3172,2206
SCO3173,2207
SCO3174,2208
SCO3175,2209
SCO3176,2210
SCO3177,2211
SCO3178,2212
SCO3179,2212
SCO3180,2212
SCO3181,2212
SCO3182,2212
SCO3183,2213
SCO3184,2214
SCO3185,2215
SCO3186,2216
SCO3187,2217
SCO3188,2218
SCO3189,2219
SCO3190,2220
SCO3191,2221
SCO3192,2222
SCO3193,2223
SCO3194,2224
SCO3195,2225
SCO3196,2226
SCO3197,2226
SCO3198,2226
SCO3199,2227
SCO3200,2228
SCO3201,2229
SCO3202,2230
SCO3203,2231
SCO3204,2232
SCO3205,2233
SCO3206,2234
SCO3207,2235
SCO3208,2236
SCO3209,2237
SCO3210,2238
SCO3211,2238
SCO3212,2238
SCO3213,2238
SCO3214,2238
SCO3215,2238
SCO3216,2239
SCO3217,2240
SCO3218,2241
SCO3219,2241
SCO3220,2242
SCO3221,2242
SCO3222,2242
SCO3223,2242
SCO3224,2242
SCO3225,2243
SCO3226,2243
SCO3227,2244
SCO3228,2244
SCO3229,2244
SCO3230,2245
SCO3231,2245
SCO3232,2245
SCO3233,2245
SCO3234,2245
SCO3235,2246
SCO3236,2246
SCO3237,2246
SCO3238,2246
SCO3239,2246
SCO3240,2246
SCO3241,2246
SCO3242,2246
SCO3243,2246
SCO3244,2246
SCO3245,2246
SCO3246,2246
SCO3247,2246
SCO3248,2246
SCO3249,2246
SCO3250,2247
SCO3251,2247
SCO3252,2247
SCO3253,2248
SCO3254,2248
SCO3255,2248
SCO3256,2248
SCO3257,2248
SCO3258,2248
SCO3259,2249
SCO3260,2250
SCO3261,2251
SCO3262,2251
SCO3263,2252
SCO3264,2252
SCO3265,2252
SCO3266,2252
SCO3267,2253
SCO3268,2254
SCO3269,2255
SCO3270,2256
SCO3271,2257
SCO3272,2258
SCO3273,2259
SCO3274,2259
SCO3275,2260
SCO3276,2261
SCO3277,2262
SCO3278,2263
SCO3279,2263
SCO3280,2263
SCO3281,2264
SCO3282,2265
SCO3283,2266
SCO3284,2267
SCO3285,2268
SCO3286,2268
SCO3287,2269
SCO3288,2269
SCO3289,2269
SCO3290,2269
SCO3291,2270
SCO3292,2271
SCO3293,2272
SCO3294,2272
SCO3295,2273
SCO3296,2273
SCO3297,2274
SCO3298,2275
SCO3299,2276
SCO3300,2277
SCO3301,2277
SCO3302,2277
SCO3303,2278
SCO3304,2279
SCO3305,2280
SCO3306,2281
SCO3307,2282
SCO3308,2283
SCO3309,2284
SCO3310,2285
SCO3311,2286
SCO3312,2287
SCO3313,2288
SCO3314,2289
SCO3315,2290
SCO3316,2291
SCO3317,2292
SCO3318,2292
SCO3319,2292
SCO3320,2292
SCO3321,2293
SCO3322,2294
SCO3323,2295
SCO3324,2295
SCO3325,2296
SCO3326,2296
SCO3327,2297
SCO3328,2298
SCO3329,2299
SCO3330,2300
SCO3331,2300
SCO3332,2301
SCO3333,2302
SCO3334,2303
SCO3335,2304
SCO3336,2305
SCO3337,2306
SCO3338,2307
SCO3339,2307
SCO3340,2308
SCO3341,2309
SCO3342,2310
SCO3343,2311
SCO3344,2312
SCO3345,2313
SCO3346,2314
SCO3347,2314
SCO3348,2314
SCO3349,2315
SCO3350,2316
SCO3351,2317
SCO3352,2317
SCO3353,2318
SCO3354,2319
SCO3355,2320
SCO3356,2321
SCO3357,2321
SCO3358,2322
SCO3359,2322
SCO3360,2323
SCO3361,2324
SCO3362,2325
SCO3363,2325
SCO3364,2325
SCO3365,2326
SCO3366,2327
SCO3367,2328
SCO3368,2329
SCO3369,2330
SCO3370,2330
SCO3371,2331
SCO3372,2332
SCO3373,2333
SCO3374,2334
SCO3375,2335
SCO3376,2336
SCO3377,2336
SCO3378,2337
SCO3379,2338
SCO3380,2339
SCO3381,2339
SCO3382,2339
SCO3383,2339
SCO3384,2339
SCO3385,2340
SCO3386,2341
SCO3387,2341
SCO3388,2342
SCO3389,2343
SCO3390,2344
SCO3391,2345
SCO3392,2346
SCO3393,2347
SCO3394,2347
SCO3395,2348
SCO3396,2349
SCO3397,2350
SCO3398,2351
SCO3399,2351
SCO3400,2352
SCO3401,2352
SCO3402,2352
SCO3403,2353
SCO3404,2354
SCO3405,2355
SCO3406,2355
SCO3407,2356
SCO3408,2357
SCO3409,2358
SCO3410,2359
SCO3411,2360
SCO3412,2361
SCO3413,2362
SCO3414,2362
SCO3415,2363
SCO3416,2364
SCO3417,2365
SCO3418,2365
SCO3419,2366
SCO3420,2367
SCO3421,2367
SCO3422,2368
SCO3423,2369
SCO3424,2370
SCO3425,2371
SCO3426,2372
SCO3427,2372
SCO3428,2372
SCO3429,2373
SCO3430,2373
SCO3431,2374
SCO3432,2375
SCO3433,2376
SCO3434,2377
SCO3435,2378
SCO3436,2379
SCO3437,2380
SCO3438,2380
SCO3439,2381
SCO3440,2382
SCO3441,2382
SCO3442,2383
SCO3443,2384
SCO3444,2385
SCO3445,2386
SCO3446,2387
SCO3447,2388
SCO3448,2388
SCO3449,2388
SCO3450,2388
SCO3451,2389
SCO3452,2390
SCO3453,2391
SCO3454,2391
SCO3455,2391
SCO3456,2391
SCO3457,2392
SCO3458,2393
SCO3459,2393
SCO3460,2394
SCO3461,2394
SCO3462,2394
SCO3463,2395
SCO3464,2395
SCO3465,2395
SCO3466,2396
SCO3467,2396
SCO3468,2397
SCO3469,2398
SCO3470,2399
SCO3471,2400
SCO3472,2401
SCO3473,2402
SCO3474,2402
SCO3475,2402
SCO3476,2402
SCO3477,2402
SCO3478,2402
SCO3479,2403
SCO3480,2403
SCO3481,2403
SCO3482,2403
SCO3483,2403
SCO3484,2403
SCO3485,2404
SCO3486,2405
SCO3487,2406
SCO3488,2407
SCO3490,2408
SCO3491,2409
SCO3492,2410
SCO3493,2410
SCO3494,2411
SCO3495,2411
SCO3496,2412
SCO3497,2413
SCO3498,2414
SCO3499,2414
SCO3500,2414
SCO3501,2414
SCO3502,2415
SCO3503,2416
SCO3504,2416
SCO3505,2416
SCO3506,2417
SCO3507,2418
SCO3508,2419
SCO3509,2420
SCO3510,2421
SCO3511,2422
SCO3512,2423
SCO3513,2423
SCO3514,2423
SCO3515,2423
SCO3516,2423
SCO3517,2424
SCO3518,2425
SCO3519,2426
SCO3520,2427
SCO3521,2428
SCO3522,2428
SCO3523,2429
SCO3524,2430
SCO3525,2431
SCO3526,2432
SCO3527,2432
SCO3528,2432
SCO3529,2433
SCO3530,2434
SCO3531,2434
SCO3532,2434
SCO3533,2434
SCO3534,2435
SCO3535,2436
SCO3536,2437
SCO3537,2438
SCO3538,2438
SCO3539,2439
SCO3540,2440
SCO3541,2441
SCO3542,2442
SCO3543,2443
SCO3544,2444
SCO3545,2444
SCO3546,2445
SCO3547,2446
SCO3548,2447
SCO3549,2448
SCO3550,2449
SCO3551,2450
SCO3552,2450
SCO3553,2450
SCO3554,2451
SCO3555,2451
SCO3556,2451
SCO3557,2451
SCO3558,2452
SCO3559,2453
SCO3560,2454
SCO3561,2455
SCO3562,2456
SCO3563,2457
SCO3564,2458
SCO3565,2458
SCO3566,2458
SCO3567,2459
SCO3568,2459
SCO3569,2459
SCO3570,2460
SCO3571,2461
SCO3572,2462
SCO3573,2463
SCO3574,2464
SCO3575,2465
SCO3576,2465
SCO3577,2466
SCO3578,2466
SCO3579,2467
SCO3580,2468
SCO3581,2469
SCO3582,2470
SCO3583,2471
SCO3584,2472
SCO3585,2473
SCO3586,2474
SCO3587,2474
SCO3588,2475
SCO3589,2476
SCO3590,2476
SCO3591,2477
SCO3592,2478
SCO3593,2479
SCO3594,2479
SCO3595,2479
SCO3596,2479
SCO3597,2480
SCO3598,2480
SCO3599,2481
SCO3600,2482
SCO3601,2483
SCO3602,2484
SCO3603,2485
SCO3604,2486
SCO3605,2487
SCO3606,2488
SCO3607,2489
SCO3608,2489
SCO3609,2490
SCO3610,2491
SCO3611,2492
SCO3612,2493
SCO3613,2493
SCO3614,2494
SCO3615,2494
SCO3616,2495
SCO3617,2496
SCO3618,2496
SCO3619,2496
SCO3620,2497
SCO3621,2498
SCO3622,2499
SCO3623,2500
SCO3624,2501
SCO3625,2502
SCO3626,2503
SCO3627,2504
SCO3628,2505
SCO3629,2506
SCO3630,2507
SCO3631,2507
SCO3632,2508
SCO3633,2509
SCO3634,2509
SCO3635,2510
SCO3636,2511
SCO3637,2512
SCO3638,2513
SCO3639,2513
SCO3640,2514
SCO3641,2514
SCO3642,2514
SCO3643,2514
SCO3644,2515
SCO3645,2516
SCO3646,2516
SCO3647,2517
SCO3648,2518
SCO3649,2519
SCO3650,2520
SCO3651,2520
SCO3652,2521
SCO3653,2521
SCO3654,2521
SCO3655,2522
SCO3656,2523
SCO3657,2524
SCO3658,2525
SCO3659,2526
SCO3660,2527
SCO3661,2528
SCO3662,2529
SCO3663,2529
SCO3664,2530
SCO3665,2530
SCO3666,2531
SCO3667,2531
SCO3668,2532
SCO3669,2532
SCO3670,2532
SCO3671,2532
SCO3672,2533
SCO3673,2534
SCO3674,2535
SCO3675,2535
SCO3676,2536
SCO3677,2537
SCO3678,2537
SCO3679,2538
SCO3680,2539
SCO3681,2540
SCO3682,2541
SCO3683,2542
SCO3684,2542
SCO3685,2543
SCO3686,2544
SCO3687,2545
SCO3688,2545
SCO3689,2546
SCO3690,2547
SCO3691,2547
SCO3692,2547
SCO3693,2548
SCO3694,2549
SCO3695,2549
SCO3696,2550
SCO3697,2551
SCO3698,2552
SCO3699,2552
SCO3700,2553
SCO3701,2553
SCO3702,2554
SCO3703,2555
SCO3704,2556
SCO3705,2556
SCO3706,2556
SCO3707,2557
SCO3708,2558
SCO3709,2558
SCO3710,2559
SCO3711,2560
SCO3712,2561
SCO3713,2562
SCO3714,2563
SCO3715,2563
SCO3716,2564
SCO3717,2564
SCO3718,2564
SCO3719,2564
SCO3720,2564
SCO3721,2565
SCO3722,2566
SCO3723,2567
SCO3724,2568
SCO3725,2569
SCO3726,2570
SCO3727,2571
SCO3728,2572
SCO3729,2573
SCO3730,2574
SCO3731,2575
SCO3732,2576
SCO3733,2576
SCO3734,2577
SCO3735,2577
SCO3736,2578
SCO3737,2579
SCO3738,2579
SCO3739,2580
SCO3740,2581
SCO3741,2581
SCO3742,2582
SCO3743,2582
SCO3744,2582
SCO3745,2583
SCO3746,2583
SCO3747,2584
SCO3748,2585
SCO3749,2586
SCO3750,2587
SCO3751,2588
SCO3752,2588
SCO3753,2588
SCO3754,2589
SCO3755,2589
SCO3756,2590
SCO3757,2590
SCO3758,2590
SCO3759,2591
SCO3760,2591
SCO3761,2592
SCO3762,2593
SCO3763,2594
SCO3764,2595
SCO3765,2595
SCO3766,2596
SCO3767,2597
SCO3768,2597
SCO3769,2598
SCO3770,2599
SCO3771,2600
SCO3772,2600
SCO3773,2601
SCO3774,2602
SCO3775,2603
SCO3776,2604
SCO3777,2604
SCO3778,2605
SCO3779,2606
SCO3780,2607
SCO3781,2608
SCO3782,2609
SCO3783,2610
SCO3784,2611
SCO3785,2612
SCO3786,2613
SCO3787,2614
SCO3788,2614
SCO3789,2615
SCO3790,2616
SCO3791,2617
SCO3792,2618
SCO3793,2619
SCO3794,2620
SCO3795,2620
SCO3796,2621
SCO3797,2622
SCO3798,2623
SCO3799,2624
SCO3800,2625
SCO3801,2626
SCO3802,2627
SCO3803,2628
SCO3804,2629
SCO3805,2629
SCO3806,2630
SCO3807,2631
SCO3808,2632
SCO3809,2633
SCO3810,2633
SCO3811,2634
SCO3812,2635
SCO3813,2635
SCO3814,2636
SCO3815,2637
SCO3816,2637
SCO3817,2637
SCO3818,2638
SCO3819,2639
SCO3820,2640
SCO3821,2641
SCO3822,2642
SCO3823,2643
SCO3824,2644
SCO3825,2644
SCO3826,2645
SCO3827,2645
SCO3828,2645
SCO3829,2646
SCO3830,2646
SCO3831,2646
SCO3832,2647
SCO3833,2648
SCO3834,2648
SCO3835,2649
SCO3836,2650
SCO3837,2650
SCO3838,2650
SCO3839,2650
SCO3840,2650
SCO3841,2651
SCO3842,2652
SCO3843,2653
SCO3844,2653
SCO3845,2653
SCO3846,2653
SCO3847,2653
SCO3848,2654
SCO3849,2655
SCO3850,2655
SCO3851,2655
SCO3852,2655
SCO3853,2655
SCO3854,2656
SCO3855,2657
SCO3856,2658
SCO3857,2659
SCO3858,2660
SCO3859,2661
SCO3860,2662
SCO3861,2663
SCO3862,2664
SCO3863,2665
SCO3864,2666
SCO3865,2666
SCO3866,2667
SCO3867,2668
SCO3868,2669
SCO3869,2670
SCO3870,2671
SCO3871,2672
SCO3872,2673
SCO3873,2674
SCO3874,2674
SCO3875,2675
SCO3876,2675
SCO3877,2675
SCO3878,2676
SCO3879,2677
SCO3880,2678
SCO3881,2678
SCO3882,2678
SCO3883,2678
SCO3884,2678
SCO3885,2678
SCO3886,2679
SCO3887,2679
SCO3888,2680
SCO3889,2681
SCO3890,2681
SCO3891,2682
SCO3892,2682
SCO3893,2682
SCO3894,2683
SCO3895,2683
SCO3896,2684
SCO3897,2685
SCO3898,2686
SCO3899,2687
SCO3900,2687
SCO3901,2688
SCO3902,2689
SCO3903,2690
SCO3904,2691
SCO3905,2692
SCO3906,2693
SCO3907,2693
SCO3908,2693
SCO3909,2693
SCO3910,2694
SCO3911,2695
SCO3912,2696
SCO3913,2697
SCO3914,2698
SCO3915,2699
SCO3916,2700
SCO3917,2701
SCO3918,2702
SCO3919,2703
SCO3920,2704
SCO3921,2704
SCO3922,2704
SCO3923,2705
SCO3924,2706
SCO3925,2707
SCO3926,2708
SCO3927,2709
SCO3928,2710
SCO3929,2711
SCO3930,2712
SCO3931,2713
SCO3932,2714
SCO3933,2715
SCO3934,2715
SCO3935,2715
SCO3936,2716
SCO3937,2717
SCO3938,2718
SCO3939,2719
SCO3940,2720
SCO3941,2721
SCO3942,2722
SCO3943,2723
SCO3944,2724
SCO3945,2725
SCO3946,2725
SCO3947,2725
SCO3948,2726
SCO3949,2727
SCO3950,2728
SCO3951,2729
SCO3952,2729
SCO3953,2729
SCO3954,2730
SCO3955,2730
SCO3956,2731
SCO3957,2731
SCO3958,2731
SCO3959,2731
SCO3960,2732
SCO3961,2732
SCO3962,2733
SCO3963,2734
SCO3964,2734
SCO3965,2734
SCO3966,2734
SCO3967,2735
SCO3968,2735
SCO3969,2736
SCO3970,2737
SCO3971,2738
SCO3972,2739
SCO3973,2740
SCO3974,2741
SCO3975,2742
SCO3976,2743
SCO3977,2744
SCO3978,2745
SCO3979,2746
SCO3980,2747
SCO3981,2748
SCO3982,2749
SCO3983,2749
SCO3984,2749
SCO3985,2749
SCO3986,2749
SCO3987,2749
SCO3988,2749
SCO3989,2750
SCO3990,2751
SCO3991,2752
SCO3992,2753
SCO3993,2753
SCO3994,2754
SCO3995,2754
SCO3996,2754
SCO3997,2754
SCO3998,2755
SCO3999,2756
SCO4000,2757
SCO4001,2758
SCO4002,2759
SCO4003,2760
SCO4004,2760
SCO4005,2761
SCO4006,2762
SCO4007,2763
SCO4008,2764
SCO4009,2765
SCO4010,2766
SCO4011,2767
SCO4012,2768
SCO4013,2769
SCO4014,2770
SCO4015,2771
SCO4016,2772
SCO4017,2773
SCO4018,2773
SCO4019,2774
SCO4020,2775
SCO4021,2775
SCO4022,2775
SCO4023,2775
SCO4024,2776
SCO4025,2777
SCO4026,2778
SCO4027,2778
SCO4028,2779
SCO4029,2779
SCO4030,2780
SCO4031,2781
SCO4032,2781
SCO4033,2782
SCO4034,2783
SCO4035,2783
SCO4036,2784
SCO4037,2784
SCO4038,2785
SCO4039,2786
SCO4040,2787
SCO4041,2788
SCO4042,2789
SCO4043,2790
SCO4044,2791
SCO4045,2792
SCO4046,2793
SCO4047,2793
SCO4048,2793
SCO4049,2794
SCO4050,2794
SCO4051,2794
SCO4052,2794
SCO4053,2795
SCO4054,2796
SCO4055,2797
SCO4056,2798
SCO4057,2799
SCO4058,2800
SCO4059,2800
SCO4060,2801
SCO4061,2802
SCO4062,2803
SCO4063,2804
SCO4064,2805
SCO4065,2806
SCO4066,2807
SCO4067,2808
SCO4068,2809
SCO4069,2810
SCO4070,2811
SCO4071,2812
SCO4072,2813
SCO4073,2813
SCO4074,2814
SCO4075,2814
SCO4076,2815
SCO4077,2816
SCO4078,2816
SCO4079,2816
SCO4080,2817
SCO4081,2818
SCO4082,2819
SCO4083,2820
SCO4084,2820
SCO4085,2821
SCO4086,2821
SCO4087,2821
SCO4088,2822
SCO4089,2823
SCO4090,2824
SCO4091,2825
SCO4092,2826
SCO4093,2827
SCO4094,2828
SCO4095,2829
SCO4096,2830
SCO4097,2831
SCO4098,2832
SCO4099,2833
SCO4100,2834
SCO4101,2834
SCO4102,2835
SCO4103,2836
SCO4104,2837
SCO4105,2838
SCO4106,2839
SCO4107,2840
SCO4108,2841
SCO4109,2842
SCO4110,2843
SCO4111,2843
SCO4112,2844
SCO4113,2845
SCO4114,2846
SCO4115,2847
SCO4116,2847
SCO4117,2848
SCO4118,2849
SCO4119,2850
SCO4120,2851
SCO4121,2852
SCO4122,2853
SCO4123,2854
SCO4124,2854
SCO4125,2855
SCO4126,2856
SCO4127,2857
SCO4128,2857
SCO4129,2857
SCO4130,2858
SCO4131,2858
SCO4132,2859
SCO4133,2860
SCO4134,2861
SCO4135,2862
SCO4136,2863
SCO4137,2864
SCO4138,2864
SCO4139,2865
SCO4140,2865
SCO4141,2865
SCO4142,2865
SCO4143,2866
SCO4144,2866
SCO4145,2866
SCO4146,2867
SCO4147,2867
SCO4148,2868
SCO4149,2868
SCO4150,2868
SCO4151,2869
SCO4152,2870
SCO4153,2871
SCO4154,2872
SCO4155,2873
SCO4156,2873
SCO4157,2874
SCO4158,2875
SCO4159,2876
SCO4160,2877
SCO4161,2878
SCO4162,2878
SCO4163,2879
SCO4164,2880
SCO4165,2880
SCO4166,2881
SCO4167,2882
SCO4168,2883
SCO4169,2883
SCO4170,2884
SCO4171,2884
SCO4172,2884
SCO4173,2885
SCO4174,2885
SCO4175,2885
SCO4176,2886
SCO4177,2886
SCO4178,2886
SCO4179,2886
SCO4180,2886
SCO4181,2886
SCO4182,2887
SCO4183,2888
SCO4184,2889
SCO4185,2890
SCO4186,2891
SCO4187,2892
SCO4188,2893
SCO4189,2894
SCO4190,2895
SCO4191,2895
SCO4192,2896
SCO4193,2897
SCO4194,2897
SCO4195,2898
SCO4196,2899
SCO4197,2900
SCO4198,2901
SCO4199,2901
SCO4200,2902
SCO4201,2903
SCO4202,2904
SCO4203,2905
SCO4204,2906
SCO4205,2906
SCO4206,2907
SCO4207,2908
SCO4208,2909
SCO4209,2910
SCO4210,2911
SCO4211,2912
SCO4212,2913
SCO4213,2914
SCO4214,2915
SCO4215,2916
SCO4216,2917
SCO4217,2918
SCO4218,2919
SCO4219,2920
SCO4220,2921
SCO4221,2922
SCO4222,2923
SCO4223,2924
SCO4224,2925
SCO4225,2925
SCO4226,2926
SCO4227,2926
SCO4228,2926
SCO4229,2927
SCO4230,2927
SCO4231,2928
SCO4232,2929
SCO4233,2930
SCO4234,2930
SCO4235,2931
SCO4236,2931
SCO4237,2932
SCO4238,2933
SCO4239,2933
SCO4240,2934
SCO4241,2935
SCO4242,2936
SCO4243,2936
SCO4244,2936
SCO4245,2936
SCO4246,2936
SCO4247,2936
SCO4248,2936
SCO4249,2937
SCO4250,2937
SCO4251,2938
SCO4252,2938
SCO4253,2938
SCO4254,2939
SCO4255,2940
SCO4256,2940
SCO4257,2940
SCO4258,2940
SCO4259,2941
SCO4260,2941
SCO4261,2941
SCO4262,2942
SCO4263,2942
SCO4264,2943
SCO4265,2944
SCO4266,2945
SCO4267,2946
SCO4268,2947
SCO4269,2948
SCO4270,2949
SCO4271,2950
SCO4272,2950
SCO4273,2951
SCO4274,2952
SCO4275,2953
SCO4276,2953
SCO4277,2954
SCO4278,2955
SCO4279,2956
SCO4280,2956
SCO4281,2957
SCO4282,2958
SCO4283,2959
SCO4284,2960
SCO4285,2960
SCO4286,2961
SCO4287,2961
SCO4288,2962
SCO4289,2963
SCO4290,2964
SCO4291,2965
SCO4292,2966
SCO4293,2967
SCO4294,2967
SCO4295,2968
SCO4296,2969
SCO4297,2970
SCO4298,2970
SCO4299,2970
SCO4300,2971
SCO4301,2971
SCO4302,2972
SCO4303,2973
SCO4304,2974
SCO4305,2975
SCO4306,2975
SCO4307,2976
SCO4308,2976
SCO4309,2977
SCO4310,2977
SCO4311,2978
SCO4312,2978
SCO4313,2979
SCO4314,2979
SCO4315,2980
SCO4316,2981
SCO4317,2982
SCO4318,2983
SCO4319,2984
SCO4320,2984
SCO4321,2985
SCO4322,2986
SCO4323,2987
SCO4324,2988
SCO4325,2989
SCO4326,2990
SCO4327,2990
SCO4328,2991
SCO4329,2992
SCO4330,2993
SCO4331,2994
SCO4332,2995
SCO4333,2996
SCO4334,2997
SCO4335,2998
SCO4336,2999
SCO4337,2999
SCO4338,2999
SCO4339,3000
SCO4340,3001
SCO4341,3002
SCO4342,3003
SCO4343,3004
SCO4344,3005
SCO4345,3006
SCO4346,3007
SCO4347,3008
SCO4348,3008
SCO4349,3008
SCO4350,3008
SCO4351,3009
SCO4352,3010
SCO4353,3011
SCO4354,3011
SCO4355,3012
SCO4356,3013
SCO4357,3014
SCO4358,3015
SCO4359,3016
SCO4360,3016
SCO4361,3017
SCO4362,3017
SCO4363,3017
SCO4364,3018
SCO4365,3019
SCO4366,3020
SCO4367,3021
SCO4368,3022
SCO4369,3023
SCO4370,3024
SCO4371,3025
SCO4372,3026
SCO4373,3027
SCO4374,3028
SCO4375,3029
SCO4376,3029
SCO4377,3030
SCO4378,3031
SCO4379,3031
SCO4380,3031
SCO4381,3031
SCO4382,3032
SCO4383,3033
SCO4384,3033
SCO4385,3034
SCO4386,3034
SCO4387,3035
SCO4388,3036
SCO4389,3037
SCO4390,3038
SCO4391,3039
SCO4392,3040
SCO4393,3041
SCO4394,3042
SCO4395,3043
SCO4396,3044
SCO4397,3044
SCO4398,3045
SCO4399,3046
SCO4400,3047
SCO4401,3048
SCO4402,3049
SCO4403,3050
SCO4404,3051
SCO4405,3051
SCO4406,3051
SCO4407,3052
SCO4408,3053
SCO4409,3053
SCO4410,3054
SCO4411,3055
SCO4412,3056
SCO4413,3057
SCO4414,3058
SCO4415,3059
SCO4416,3060
SCO4417,3061
SCO4418,3062
SCO4419,3062
SCO4420,3063
SCO4421,3064
SCO4422,3065
SCO4423,3066
SCO4424,3067
SCO4425,3068
SCO4426,3069
SCO4427,3070
SCO4428,3071
SCO4429,3072
SCO4430,3073
SCO4431,3074
SCO4432,3075
SCO4433,3076
SCO4434,3077
SCO4435,3078
SCO4436,3079
SCO4437,3080
SCO4438,3081
SCO4439,3082
SCO4440,3083
SCO4441,3084
SCO4442,3085
SCO4443,3086
SCO4444,3087
SCO4445,3088
SCO4446,3089
SCO4447,3090
SCO4448,3091
SCO4449,3092
SCO4450,3093
SCO4451,3094
SCO4452,3095
SCO4453,3095
SCO4454,3096
SCO4455,3097
SCO4456,3098
SCO4457,3099
SCO4458,3100
SCO4459,3101
SCO4460,3102
SCO4461,3103
SCO4462,3104
SCO4463,3104
SCO4464,3105
SCO4465,3106
SCO4466,3107
SCO4467,3108
SCO4468,3108
SCO4469,3109
SCO4470,3109
SCO4471,3110
SCO4472,3110
SCO4473,3110
SCO4474,3110
SCO4475,3110
SCO4476,3111
SCO4477,3112
SCO4478,3113
SCO4479,3114
SCO4480,3115
SCO4481,3116
SCO4482,3117
SCO4483,3118
SCO4484,3118
SCO4485,3119
SCO4486,3120
SCO4487,3121
SCO4488,3121
SCO4489,3122
SCO4490,3123
SCO4491,3123
SCO4492,3123
SCO4493,3123
SCO4494,3123
SCO4495,3124
SCO4496,3124
SCO4497,3125
SCO4498,3126
SCO4499,3127
SCO4500,3128
SCO4501,3128
SCO4502,3129
SCO4503,3130
SCO4504,3131
SCO4505,3132
SCO4506,3133
SCO4507,3134
SCO4508,3135
SCO4509,3136
SCO4510,3137
SCO4511,3138
SCO4512,3138
SCO4513,3138
SCO4514,3138
SCO4515,3138
SCO4516,3138
SCO4517,3139
SCO4518,3139
SCO4519,3140
SCO4520,3141
SCO4521,3142
SCO4522,3142
SCO4523,3143
SCO4524,3144
SCO4525,3144
SCO4526,3144
SCO4527,3144
SCO4528,3144
SCO4529,3144
SCO4530,3144
SCO4531,3144
SCO4532,3144
SCO4533,3145
SCO4534,3145
SCO4535,3145
SCO4536,3145
SCO4537,3145
SCO4538,3146
SCO4539,3146
SCO4540,3146
SCO4541,3146
SCO4542,3146
SCO4543,3146
SCO4544,3147
SCO4545,3147
SCO4546,3148
SCO4547,3148
SCO4548,3149
SCO4549,3149
SCO4550,3150
SCO4551,3150
SCO4552,3151
SCO4553,3152
SCO4554,3152
SCO4555,3152
SCO4556,3153
SCO4557,3154
SCO4558,3155
SCO4559,3156
SCO4560,3157
SCO4561,3158
SCO4562,3159
SCO4563,3159
SCO4564,3159
SCO4565,3159
SCO4566,3159
SCO4567,3159
SCO4568,3159
SCO4569,3159
SCO4570,3159
SCO4571,3159
SCO4572,3159
SCO4573,3159
SCO4574,3159
SCO4575,3159
SCO4576,3160
SCO4577,3161
SCO4578,3162
SCO4579,3163
SCO4580,3164
SCO4581,3165
SCO4582,3166
SCO4583,3167
SCO4584,3168
SCO4585,3168
SCO4586,3168
SCO4587,3169
SCO4588,3170
SCO4589,3171
SCO4590,3172
SCO4591,3173
SCO4592,3174
SCO4593,3175
SCO4594,3176
SCO4595,3176
SCO4596,3177
SCO4597,3178
SCO4598,3178
SCO4599,3179
SCO4600,3179
SCO4601,3179
SCO4602,3179
SCO4603,3179
SCO4604,3179
SCO4605,3179
SCO4606,3179
SCO4607,3179
SCO4608,3179
SCO4609,3180
SCO4610,3180
SCO4611,3180
SCO4612,3181
SCO4613,3182
SCO4614,3183
SCO4615,3184
SCO4616,3185
SCO4617,3186
SCO4618,3186
SCO4619,3187
SCO4620,3188
SCO4621,3188
SCO4622,3188
SCO4623,3189
SCO4624,3190
SCO4625,3190
SCO4626,3190
SCO4627,3190
SCO4628,3191
SCO4629,3191
SCO4630,3192
SCO4631,3193
SCO4632,3194
SCO4633,3195
SCO4634,3196
SCO4635,3197
SCO4636,3197
SCO4637,3197
SCO4638,3198
SCO4639,3199
SCO4640,3199
SCO4641,3200
SCO4642,3200
SCO4643,3200
SCO4644,3201
SCO4645,3202
SCO4646,3203
SCO4647,3203
SCO4648,3204
SCO4649,3204
SCO4650,3205
SCO4651,3206
SCO4652,3207
SCO4653,3207
SCO4654,3208
SCO4655,3208
SCO4656,3209
SCO4657,3210
SCO4658,3211
SCO4659,3212
SCO4660,3212
SCO4661,3212
SCO4662,3212
SCO4663,3213
SCO4664,3214
SCO4665,3214
SCO4666,3214
SCO4667,3215
SCO4668,3215
SCO4669,3216
SCO4670,3217
SCO4671,3218
SCO4672,3219
SCO4673,3219
SCO4674,3220
SCO4675,3221
SCO4676,3221
SCO4677,3221
SCO4678,3222
SCO4679,3222
SCO4680,3223
SCO4681,3224
SCO4682,3224
SCO4683,3225
SCO4684,3226
SCO4685,3227
SCO4686,3228
SCO4687,3229
SCO4688,3229
SCO4689,3230
SCO4690,3231
SCO4691,3232
SCO4692,3233
SCO4693,3234
SCO4694,3234
SCO4695,3235
SCO4696,3236
SCO4697,3237
SCO4698,3237
SCO4699,3237
SCO4700,3237
SCO4701,3238
SCO4702,3238
SCO4703,3238
SCO4704,3238
SCO4705,3238
SCO4706,3238
SCO4707,3238
SCO4708,3238
SCO4709,3238
SCO4710,3238
SCO4711,3238
SCO4712,3238
SCO4713,3238
SCO4714,3238
SCO4715,3238
SCO4716,3238
SCO4717,3238
SCO4718,3238
SCO4719,3238
SCO4720,3238
SCO4721,3238
SCO4722,3239
SCO4723,3239
SCO4724,3240
SCO4725,3240
SCO4726,3240
SCO4727,3240
SCO4728,3240
SCO4729,3240
SCO4730,3240
SCO4731,3241
SCO4732,3242
SCO4733,3243
SCO4734,3244
SCO4735,3244
SCO4736,3245
SCO4737,3246
SCO4738,3247
SCO4739,3248
SCO4740,3249
SCO4741,3250
SCO4742,3250
SCO4743,3251
SCO4744,3252
SCO4745,3253
SCO4746,3254
SCO4747,3255
SCO4748,3256
SCO4749,3257
SCO4750,3258
SCO4751,3258
SCO4752,3258
SCO4753,3258
SCO4754,3259
SCO4755,3260
SCO4756,3261
SCO4757,3261
SCO4758,3262
SCO4759,3263
SCO4760,3263
SCO4761,3264
SCO4762,3264
SCO4763,3265
SCO4764,3266
SCO4765,3267
SCO4766,3268
SCO4767,3269
SCO4768,3270
SCO4769,3271
SCO4770,3272
SCO4771,3272
SCO4772,3273
SCO4773,3274
SCO4774,3275
SCO4775,3276
SCO4776,3276
SCO4777,3276
SCO4778,3276
SCO4779,3276
SCO4780,3277
SCO4781,3278
SCO4782,3279
SCO4783,3280
SCO4784,3281
SCO4785,3282
SCO4786,3283
SCO4787,3284
SCO4788,3285
SCO4789,3286
SCO4790,3287
SCO4791,3288
SCO4792,3288
SCO4793,3289
SCO4794,3290
SCO4795,3291
SCO4796,3292
SCO4797,3293
SCO4798,3294
SCO4799,3295
SCO4800,3296
SCO4801,3297
SCO4802,3298
SCO4803,3299
SCO4804,3299
SCO4805,3299
SCO4806,3300
SCO4807,3301
SCO4808,3302
SCO4809,3302
SCO4810,3303
SCO4811,3304
SCO4812,3305
SCO4813,3306
SCO4814,3306
SCO4815,3307
SCO4816,3307
SCO4817,3308
SCO4818,3308
SCO4819,3309
SCO4820,3310
SCO4821,3310
SCO4822,3311
SCO4823,3312
SCO4824,3312
SCO4825,3312
SCO4826,3313
SCO4827,3314
SCO4828,3315
SCO4829,3315
SCO4830,3315
SCO4831,3315
SCO4832,3315
SCO4833,3316
SCO4834,3316
SCO4835,3316
SCO4836,3317
SCO4837,3318
SCO4838,3319
SCO4839,3320
SCO4840,3321
SCO4841,3322
SCO4842,3322
SCO4843,3323
SCO4844,3323
SCO4845,3323
SCO4846,3323
SCO4847,3324
SCO4848,3325
SCO4849,3326
SCO4850,3327
SCO4851,3327
SCO4852,3327
SCO4853,3328
SCO4854,3328
SCO4855,3329
SCO4856,3329
SCO4857,3329
SCO4858,3329
SCO4859,3330
SCO4860,3331
SCO4861,3332
SCO4862,3333
SCO4863,3334
SCO4864,3335
SCO4865,3335
SCO4866,3336
SCO4867,3336
SCO4868,3337
SCO4869,3338
SCO4870,3339
SCO4871,3340
SCO4872,3341
SCO4873,3341
SCO4874,3342
SCO4875,3342
SCO4876,3342
SCO4877,3343
SCO4878,3343
SCO4879,3344
SCO4880,3344
SCO4881,3344
SCO4882,3344
SCO4883,3345
SCO4884,3346
SCO4885,3346
SCO4886,3346
SCO4887,3346
SCO4888,3346
SCO4889,3346
SCO4890,3346
SCO4891,3347
SCO4892,3348
SCO4893,3349
SCO4894,3350
SCO4895,3350
SCO4896,3351
SCO4897,3352
SCO4898,3353
SCO4899,3354
SCO4900,3355
SCO4901,3356
SCO4902,3357
SCO4903,3358
SCO4904,3359
SCO4905,3360
SCO4906,3360
SCO4907,3360
SCO4908,3361
SCO4909,3362
SCO4910,3363
SCO4911,3364
SCO4912,3365
SCO4913,3365
SCO4914,3365
SCO4915,3366
SCO4916,3367
SCO4917,3368
SCO4918,3369
SCO4919,3370
SCO4920,3371
SCO4921,3372
SCO4922,3373
SCO4923,3374
SCO4924,3375
SCO4925,3376
SCO4926,3376
SCO4927,3377
SCO4928,3378
SCO4929,3379
SCO4930,3380
SCO4931,3381
SCO4932,3382
SCO4933,3383
SCO4934,3384
SCO4935,3385
SCO4936,3386
SCO4937,3387
SCO4938,3388
SCO4939,3389
SCO4940,3390
SCO4941,3391
SCO4942,3392
SCO4943,3393
SCO4944,3394
SCO4945,3395
SCO4946,3396
SCO4947,3397
SCO4948,3397
SCO4949,3397
SCO4950,3397
SCO4951,3398
SCO4952,3399
SCO4953,3400
SCO4954,3401
SCO4955,3402
SCO4956,3403
SCO4957,3404
SCO4958,3405
SCO4959,3406
SCO4960,3407
SCO4961,3408
SCO4962,3409
SCO4963,3410
SCO4964,3410
SCO4965,3411
SCO4966,3412
SCO4967,3413
SCO4968,3413
SCO4969,3414
SCO4970,3414
SCO4971,3415
SCO4972,3415
SCO4973,3415
SCO4974,3416
SCO4975,3417
SCO4976,3418
SCO4977,3419
SCO4978,3420
SCO4979,3421
SCO4980,3422
SCO4981,3422
SCO4982,3423
SCO4983,3424
SCO4984,3425
SCO4985,3426
SCO4986,3427
SCO4987,3427
SCO4988,3428
SCO4989,3428
SCO4990,3428
SCO4991,3429
SCO4992,3430
SCO4993,3430
SCO4994,3431
SCO4995,3432
SCO4996,3433
SCO4997,3434
SCO4998,3434
SCO4999,3435
SCO5000,3436
SCO5001,3436
SCO5002,3437
SCO5003,3438
SCO5004,3439
SCO5005,3440
SCO5006,3440
SCO5007,3440
SCO5008,3440
SCO5009,3440
SCO5010,3440
SCO5011,3440
SCO5012,3441
SCO5013,3441
SCO5014,3441
SCO5015,3441
SCO5016,3442
SCO5017,3443
SCO5018,3444
SCO5019,3445
SCO5020,3446
SCO5021,3447
SCO5022,3448
SCO5023,3448
SCO5024,3449
SCO5025,3450
SCO5026,3450
SCO5027,3451
SCO5028,3452
SCO5029,3453
SCO5030,3454
SCO5031,3455
SCO5032,3455
SCO5033,3456
SCO5034,3457
SCO5035,3457
SCO5036,3457
SCO5037,3458
SCO5038,3458
SCO5039,3459
SCO5040,3460
SCO5041,3461
SCO5042,3462
SCO5043,3463
SCO5044,3464
SCO5045,3465
SCO5046,3466
SCO5047,3467
SCO5048,3468
SCO5049,3469
SCO5050,3470
SCO5051,3470
SCO5052,3470
SCO5053,3470
SCO5054,3470
SCO5055,3471
SCO5056,3471
SCO5057,3472
SCO5058,3473
SCO5059,3474
SCO5060,3475
SCO5061,3476
SCO5062,3477
SCO5063,3477
SCO5064,3478
SCO5065,3479
SCO5066,3480
SCO5067,3481
SCO5068,3482
SCO5069,3483
SCO5070,3484
SCO5071,3485
SCO5072,3486
SCO5073,3486
SCO5074,3486
SCO5075,3486
SCO5076,3486
SCO5077,3486
SCO5078,3486
SCO5079,3486
SCO5080,3486
SCO5081,3486
SCO5082,3487
SCO5083,3488
SCO5084,3488
SCO5085,3488
SCO5086,3489
SCO5087,3490
SCO5088,3490
SCO5089,3490
SCO5090,3490
SCO5091,3490
SCO5092,3490
SCO5093,3491
SCO5094,3492
SCO5095,3493
SCO5096,3494
SCO5097,3495
SCO5098,3496
SCO5099,3497
SCO5100,3498
SCO5101,3499
SCO5102,3499
SCO5103,3500
SCO5104,3501
SCO5105,3502
SCO5106,3503
SCO5107,3503
SCO5108,3503
SCO5109,3504
SCO5110,3505
SCO5111,3506
SCO5112,3507
SCO5113,3507
SCO5114,3507
SCO5115,3507
SCO5116,3507
SCO5117,3508
SCO5118,3508
SCO5119,3508
SCO5120,3508
SCO5121,3508
SCO5122,3509
SCO5123,3510
SCO5124,3511
SCO5125,3511
SCO5126,3512
SCO5127,3512
SCO5128,3513
SCO5129,3514
SCO5130,3514
SCO5131,3514
SCO5132,3514
SCO5133,3515
SCO5134,3516
SCO5135,3517
SCO5136,3517
SCO5137,3518
SCO5138,3519
SCO5139,3520
SCO5140,3521
SCO5141,3522
SCO5142,3523
SCO5143,3523
SCO5144,3524
SCO5145,3525
SCO5146,3526
SCO5147,3527
SCO5148,3527
SCO5149,3528
SCO5150,3529
SCO5151,3530
SCO5152,3531
SCO5153,3531
SCO5154,3531
SCO5155,3532
SCO5156,3533
SCO5157,3533
SCO5158,3534
SCO5159,3535
SCO5160,3536
SCO5161,3537
SCO5162,3538
SCO5163,3539
SCO5164,3540
SCO5165,3541
SCO5166,3542
SCO5167,3543
SCO5168,3544
SCO5169,3545
SCO5170,3546
SCO5171,3547
SCO5172,3548
SCO5173,3548
SCO5174,3549
SCO5175,3549
SCO5176,3549
SCO5177,3549
SCO5178,3550
SCO5179,3551
SCO5180,3551
SCO5181,3552
SCO5182,3553
SCO5183,3554
SCO5184,3554
SCO5185,3554
SCO5186,3555
SCO5187,3556
SCO5188,3557
SCO5189,3558
SCO5190,3559
SCO5191,3559
SCO5192,3560
SCO5193,3560
SCO5194,3561
SCO5195,3562
SCO5196,3562
SCO5197,3562
SCO5198,3563
SCO5199,3563
SCO5200,3564
SCO5201,3565
SCO5202,3566
SCO5203,3567
SCO5204,3568
SCO5205,3569
SCO5206,3570
SCO5207,3571
SCO5208,3572
SCO5209,3573
SCO5210,3574
SCO5211,3575
SCO5212,3575
SCO5213,3576
SCO5214,3577
SCO5215,3578
SCO5216,3579
SCO5217,3579
SCO5218,3580
SCO5219,3580
SCO5220,3581
SCO5221,3582
SCO5222,3583
SCO5223,3583
SCO5224,3584
SCO5225,3585
SCO5226,3585
SCO5227,3585
SCO5228,3586
SCO5229,3587
SCO5230,3587
SCO5231,3588
SCO5232,3589
SCO5233,3589
SCO5234,3589
SCO5235,3589
SCO5236,3590
SCO5237,3591
SCO5238,3592
SCO5239,3593
SCO5240,3594
SCO5241,3595
SCO5242,3596
SCO5243,3597
SCO5244,3597
SCO5245,3598
SCO5246,3599
SCO5247,3600
SCO5248,3601
SCO5249,3602
SCO5250,3603
SCO5251,3604
SCO5252,3605
SCO5253,3605
SCO5254,3606
SCO5255,3607
SCO5256,3608
SCO5257,3609
SCO5258,3610
SCO5259,3610
SCO5260,3610
SCO5261,3611
SCO5262,3612
SCO5263,3613
SCO5264,3614
SCO5265,3614
SCO5266,3615
SCO5267,3616
SCO5268,3617
SCO5269,3617
SCO5270,3618
SCO5271,3619
SCO5272,3619
SCO5273,3620
SCO5274,3620
SCO5275,3621
SCO5276,3622
SCO5277,3622
SCO5278,3622
SCO5279,3623
SCO5280,3623
SCO5281,3624
SCO5282,3625
SCO5283,3625
SCO5284,3626
SCO5285,3627
SCO5286,3628
SCO5287,3629
SCO5288,3630
SCO5289,3631
SCO5290,3631
SCO5291,3631
SCO5292,3631
SCO5293,3631
SCO5294,3632
SCO5295,3633
SCO5296,3634
SCO5297,3635
SCO5299,3636
SCO5300,3637
SCO5301,3638
SCO5302,3638
SCO5303,3639
SCO5304,3640
SCO5305,3640
SCO5306,3641
SCO5307,3642
SCO5308,3643
SCO5309,3644
SCO5310,3645
SCO5311,3646
SCO5312,3647
SCO5313,3648
SCO5314,3649
SCO5315,3649
SCO5316,3649
SCO5317,3649
SCO5318,3649
SCO5319,3649
SCO5320,3649
SCO5321,3650
SCO5322,3651
SCO5323,3652
SCO5324,3653
SCO5325,3654
SCO5326,3655
SCO5327,3656
SCO5328,3657
SCO5329,3658
SCO5330,3659
SCO5331,3660
SCO5332,3661
SCO5333,3662
SCO5334,3663
SCO5335,3664
SCO5336,3665
SCO5337,3665
SCO5338,3666
SCO5339,3666
SCO5340,3666
SCO5341,3667
SCO5342,3667
SCO5343,3667
SCO5344,3667
SCO5345,3667
SCO5346,3668
SCO5347,3668
SCO5348,3668
SCO5349,3668
SCO5350,3669
SCO5351,3670
SCO5352,3671
SCO5353,3671
SCO5354,3672
SCO5355,3672
SCO5356,3673
SCO5357,3674
SCO5358,3675
SCO5359,3676
SCO5360,3677
SCO5361,3678
SCO5362,3678
SCO5363,3679
SCO5364,3680
SCO5365,3681
SCO5366,3682
SCO5367,3682
SCO5368,3682
SCO5369,3682
SCO5370,3682
SCO5371,3682
SCO5372,3682
SCO5373,3682
SCO5374,3682
SCO5375,3683
SCO5376,3684
SCO5377,3685
SCO5378,3685
SCO5379,3686
SCO5380,3686
SCO5381,3687
SCO5382,3687
SCO5383,3687
SCO5384,3688
SCO5385,3689
SCO5386,3690
SCO5387,3691
SCO5388,3692
SCO5389,3693
SCO5390,3694
SCO5391,3695
SCO5392,3696
SCO5393,3696
SCO5394,3697
SCO5395,3697
SCO5396,3698
SCO5397,3699
SCO5398,3700
SCO5399,3701
SCO5400,3702
SCO5401,3703
SCO5402,3704
SCO5403,3705
SCO5404,3705
SCO5405,3706
SCO5406,3707
SCO5407,3707
SCO5408,3707
SCO5409,3708
SCO5410,3709
SCO5411,3710
SCO5412,3711
SCO5413,3712
SCO5414,3713
SCO5415,3714
SCO5416,3715
SCO5417,3716
SCO5418,3717
SCO5419,3718
SCO5420,3719
SCO5421,3720
SCO5422,3720
SCO5423,3721
SCO5424,3722
SCO5425,3722
SCO5426,3723
SCO5427,3724
SCO5428,3725
SCO5429,3725
SCO5430,3725
SCO5431,3726
SCO5432,3727
SCO5433,3728
SCO5434,3729
SCO5435,3729
SCO5436,3730
SCO5437,3731
SCO5438,3731
SCO5439,3732
SCO5440,3733
SCO5441,3733
SCO5442,3733
SCO5443,3733
SCO5444,3734
SCO5445,3735
SCO5446,3735
SCO5447,3736
SCO5448,3737
SCO5449,3737
SCO5450,3737
SCO5451,3737
SCO5452,3738
SCO5453,3738
SCO5454,3738
SCO5455,3738
SCO5456,3739
SCO5457,3740
SCO5458,3741
SCO5459,3741
SCO5460,3742
SCO5461,3743
SCO5462,3744
SCO5463,3745
SCO5464,3746
SCO5465,3747
SCO5466,3748
SCO5467,3749
SCO5468,3750
SCO5469,3751
SCO5470,3752
SCO5471,3752
SCO5472,3752
SCO5473,3753
SCO5474,3754
SCO5475,3755
SCO5476,3756
SCO5477,3756
SCO5478,3756
SCO5479,3756
SCO5480,3756
SCO5481,3757
SCO5482,3758
SCO5483,3759
SCO5484,3760
SCO5485,3760
SCO5486,3761
SCO5487,3762
SCO5488,3763
SCO5489,3764
SCO5490,3765
SCO5491,3766
SCO5492,3766
SCO5493,3767
SCO5494,3767
SCO5495,3768
SCO5496,3769
SCO5497,3770
SCO5498,3771
SCO5499,3771
SCO5500,3771
SCO5501,3771
SCO5502,3772
SCO5503,3772
SCO5504,3773
SCO5505,3774
SCO5506,3774
SCO5507,3775
SCO5508,3776
SCO5509,3776
SCO5510,3777
SCO5511,3778
SCO5512,3779
SCO5513,3779
SCO5514,3779
SCO5515,3780
SCO5516,3781
SCO5517,3782
SCO5518,3783
SCO5519,3784
SCO5520,3784
SCO5521,3785
SCO5522,3785
SCO5523,3786
SCO5524,3787
SCO5525,3788
SCO5526,3788
SCO5527,3789
SCO5528,3789
SCO5529,3790
SCO5530,3791
SCO5531,3792
SCO5532,3793
SCO5533,3794
SCO5534,3795
SCO5535,3796
SCO5536,3796
SCO5537,3797
SCO5538,3797
SCO5539,3797
SCO5540,3797
SCO5541,3798
SCO5542,3798
SCO5543,3798
SCO5544,3798
SCO5545,3799
SCO5546,3800
SCO5547,3800
SCO5548,3801
SCO5549,3802
SCO5550,3803
SCO5551,3804
SCO5552,3805
SCO5553,3806
SCO5554,3806
SCO5555,3807
SCO5556,3808
SCO5557,3809
SCO5557a,3809
SCO5558,3810
SCO5559,3810
SCO5560,3810
SCO5561,3811
SCO5562,3812
SCO5563,3812
SCO5564,3813
SCO5565,3814
SCO5566,3815
SCO5567,3815
SCO5568,3815
SCO5569,3815
SCO5570,3815
SCO5571,3815
SCO5572,3815
SCO5573,3816
SCO5574,3817
SCO5575,3818
SCO5576,3819
SCO5577,3820
SCO5578,3821
SCO5579,3822
SCO5580,3823
SCO5581,3824
SCO5582,3825
SCO5583,3826
SCO5584,3826
SCO5585,3826
SCO5586,3826
SCO5587,3827
SCO5588,3828
SCO5589,3829
SCO5590,3830
SCO5591,3831
SCO5592,3831
SCO5593,3831
SCO5594,3831
SCO5595,3832
SCO5596,3832
SCO5597,3832
SCO5598,3832
SCO5599,3832
SCO5600,3832
SCO5601,3833
SCO5602,3833
SCO5603,3833
SCO5604,3833
SCO5605,3834
SCO5606,3835
SCO5607,3836
SCO5608,3837
SCO5609,3838
SCO5610,3839
SCO5611,3840
SCO5612,3841
SCO5613,3842
SCO5614,3843
SCO5615,3843
SCO5616,3844
SCO5617,3844
SCO5618,3845
SCO5619,3846
SCO5620,3847
SCO5621,3848
SCO5622,3849
SCO5623,3850
SCO5624,3851
SCO5625,3851
SCO5626,3852
SCO5627,3852
SCO5628,3852
SCO5629,3853
SCO5630,3854
SCO5632,3854
SCO5633,3855
SCO5634,3855
SCO5636,3856
SCO5637,3857
SCO5638,3858
SCO5639,3858
SCO5640,3858
SCO5641,3858
SCO5642,3858
SCO5643,3859
SCO5644,3860
SCO5645,3861
SCO5646,3862
SCO5647,3862
SCO5648,3862
SCO5649,3862
SCO5650,3863
SCO5651,3864
SCO5652,3865
SCO5653,3866
SCO5654,3866
SCO5655,3867
SCO5656,3867
SCO5657,3868
SCO5658,3869
SCO5659,3869
SCO5660,3870
SCO5661,3871
SCO5662,3871
SCO5663,3872
SCO5664,3872
SCO5665,3873
SCO5666,3874
SCO5667,3875
SCO5668,3875
SCO5669,3875
SCO5670,3875
SCO5671,3875
SCO5672,3876
SCO5673,3877
SCO5674,3878
SCO5675,3879
SCO5676,3880
SCO5677,3881
SCO5678,3882
SCO5679,3883
SCO5680,3884
SCO5681,3885
SCO5682,3885
SCO5683,3886
SCO5684,3886
SCO5685,3887
SCO5686,3888
SCO5687,3889
SCO5688,3889
SCO5689,3889
SCO5690,3889
SCO5691,3890
SCO5692,3891
SCO5693,3892
SCO5694,3893
SCO5695,3893
SCO5696,3893
SCO5697,3894
SCO5698,3894
SCO5699,3895
SCO5700,3896
SCO5701,3897
SCO5702,3897
SCO5703,3898
SCO5704,3898
SCO5705,3898
SCO5706,3899
SCO5707,3900
SCO5708,3900
SCO5709,3900
SCO5710,3901
SCO5711,3902
SCO5712,3903
SCO5713,3903
SCO5714,3903
SCO5715,3903
SCO5716,3903
SCO5717,3904
SCO5718,3905
SCO5719,3906
SCO5720,3906
SCO5721,3907
SCO5722,3907
SCO5723,3908
SCO5724,3909
SCO5725,3909
SCO5726,3910
SCO5727,3910
SCO5728,3911
SCO5729,3911
SCO5730,3911
SCO5731,3911
SCO5732,3911
SCO5733,3911
SCO5734,3912
SCO5735,3913
SCO5736,3914
SCO5737,3915
SCO5738,3915
SCO5739,3915
SCO5740,3915
SCO5741,3916
SCO5742,3916
SCO5743,3917
SCO5744,3918
SCO5745,3918
SCO5746,3919
SCO5747,3920
SCO5748,3921
SCO5749,3922
SCO5750,3923
SCO5751,3924
SCO5752,3925
SCO5753,3925
SCO5754,3925
SCO5755,3925
SCO5756,3926
SCO5757,3926
SCO5758,3926
SCO5759,3926
SCO5760,3927
SCO5761,3927
SCO5762,3928
SCO5763,3928
SCO5764,3928
SCO5765,3929
SCO5766,3930
SCO5767,3931
SCO5768,3932
SCO5769,3933
SCO5770,3934
SCO5771,3935
SCO5772,3935
SCO5773,3936
SCO5774,3937
SCO5775,3937
SCO5776,3937
SCO5777,3937
SCO5778,3938
SCO5779,3939
SCO5780,3940
SCO5781,3941
SCO5782,3942
SCO5783,3942
SCO5784,3943
SCO5785,3943
SCO5786,3944
SCO5787,3945
SCO5788,3946
SCO5789,3947
SCO5790,3947
SCO5791,3948
SCO5792,3949
SCO5793,3950
SCO5794,3951
SCO5795,3952
SCO5796,3953
SCO5797,3954
SCO5798,3954
SCO5799,3955
SCO5800,3955
SCO5801,3955
SCO5802,3956
SCO5803,3957
SCO5804,3958
SCO5805,3958
SCO5806,3959
SCO5807,3960
SCO5808,3961
SCO5809,3961
SCO5810,3962
SCO5811,3963
SCO5812,3964
SCO5813,3964
SCO5814,3965
SCO5815,3966
SCO5816,3967
SCO5817,3967
SCO5818,3968
SCO5819,3969
SCO5820,3970
SCO5821,3971
SCO5822,3972
SCO5823,3973
SCO5824,3973
SCO5825,3973
SCO5826,3974
SCO5827,3974
SCO5828,3975
SCO5829,3975
SCO5830,3976
SCO5831,3977
SCO5832,3978
SCO5833,3979
SCO5834,3980
SCO5835,3981
SCO5836,3982
SCO5837,3983
SCO5838,3983
SCO5839,3984
SCO5840,3985
SCO5841,3986
SCO5842,3987
SCO5843,3988
SCO5844,3988
SCO5845,3989
SCO5846,3990
SCO5847,3991
SCO5848,3992
SCO5849,3992
SCO5850,3993
SCO5851,3993
SCO5852,3994
SCO5853,3995
SCO5854,3996
SCO5855,3997
SCO5856,3998
SCO5857,3999
SCO5858,3999
SCO5859,4000
SCO5860,4000
SCO5861,4001
SCO5862,4002
SCO5863,4002
SCO5864,4003
SCO5865,4003
SCO5866,4004
SCO5867,4005
SCO5868,4005
SCO5869,4005
SCO5870,4006
SCO5871,4007
SCO5872,4007
SCO5873,4007
SCO5874,4007
SCO5875,4008
SCO5876,4008
SCO5877,4009
SCO5878,4009
SCO5879,4009
SCO5880,4009
SCO5881,4010
SCO5882,4011
SCO5883,4011
SCO5884,4011
SCO5885,4011
SCO5886,4011
SCO5887,4011
SCO5888,4012
SCO5889,4012
SCO5890,4012
SCO5891,4012
SCO5892,4012
SCO5893,4012
SCO5894,4012
SCO5895,4012
SCO5896,4012
SCO5897,4012
SCO5898,4012
SCO5899,4012
SCO5900,4013
SCO5901,4013
SCO5902,4014
SCO5903,4014
SCO5904,4015
SCO5905,4015
SCO5906,4016
SCO5907,4017
SCO5908,4018
SCO5909,4018
SCO5910,4018
SCO5911,4019
SCO5912,4020
SCO5913,4020
SCO5914,4021
SCO5915,4022
SCO5916,4023
SCO5917,4024
SCO5918,4025
SCO5919,4026
SCO5920,4027
SCO5921,4028
SCO5922,4029
SCO5923,4030
SCO5924,4030
SCO5925,4030
SCO5926,4030
SCO5927,4031
SCO5928,4032
SCO5929,4033
SCO5930,4034
SCO5931,4035
SCO5932,4036
SCO5933,4037
SCO5934,4038
SCO5935,4038
SCO5936,4039
SCO5937,4039
SCO5938,4039
SCO5939,4040
SCO5940,4040
SCO5941,4040
SCO5942,4041
SCO5943,4042
SCO5944,4042
SCO5945,4042
SCO5946,4042
SCO5947,4042
SCO5948,4042
SCO5949,4043
SCO5950,4044
SCO5951,4045
SCO5952,4046
SCO5953,4046
SCO5954,4047
SCO5955,4048
SCO5956,4049
SCO5957,4050
SCO5958,4051
SCO5959,4051
SCO5960,4051
SCO5961,4051
SCO5962,4052
SCO5963,4053
SCO5964,4053
SCO5965,4054
SCO5966,4055
SCO5967,4056
SCO5968,4057
SCO5969,4057
SCO5970,4058
SCO5971,4059
SCO5972,4060
SCO5973,4060
SCO5974,4061
SCO5975,4062
SCO5976,4062
SCO5977,4063
SCO5978,4064
SCO5979,4065
SCO5980,4066
SCO5981,4067
SCO5982,4068
SCO5983,4068
SCO5984,4069
SCO5985,4069
SCO5986,4070
SCO5987,4071
SCO5988,4072
SCO5989,4073
SCO5990,4073
SCO5991,4074
SCO5992,4075
SCO5993,4075
SCO5994,4075
SCO5995,4076
SCO5996,4076
SCO5997,4077
SCO5998,4078
SCO5999,4079
SCO6000,4080
SCO6001,4080
SCO6002,4081
SCO6003,4081
SCO6004,4082
SCO6005,4083
SCO6006,4083
SCO6007,4083
SCO6008,4084
SCO6009,4085
SCO6010,4085
SCO6011,4085
SCO6012,4086
SCO6013,4087
SCO6014,4088
SCO6015,4089
SCO6016,4090
SCO6018,4091
SCO6019,4092
SCO6020,4093
SCO6021,4094
SCO6022,4094
SCO6023,4094
SCO6024,4094
SCO6025,4095
SCO6026,4096
SCO6027,4096
SCO6028,4097
SCO6029,4098
SCO6030,4099
SCO6031,4100
SCO6032,4101
SCO6033,4102
SCO6034,4102
SCO6035,4102
SCO6036,4102
SCO6037,4102
SCO6038,4103
SCO6039,4104
SCO6040,4105
SCO6041,4106
SCO6042,4106
SCO6043,4107
SCO6044,4108
SCO6045,4109
SCO6046,4110
SCO6047,4111
SCO6048,4111
SCO6049,4112
SCO6050,4112
SCO6051,4113
SCO6052,4114
SCO6053,4115
SCO6054,4116
SCO6055,4116
SCO6056,4116
SCO6057,4117
SCO6058,4118
SCO6059,4119
SCO6060,4120
SCO6061,4120
SCO6062,4121
SCO6063,4121
SCO6064,4121
SCO6065,4121
SCO6066,4122
SCO6067,4123
SCO6068,4123
SCO6069,4123
SCO6070,4124
SCO6071,4125
SCO6072,4126
SCO6073,4127
SCO6074,4128
SCO6075,4129
SCO6076,4130
SCO6077,4130
SCO6078,4131
SCO6079,4132
SCO6080,4133
SCO6081,4134
SCO6082,4134
SCO6083,4135
SCO6084,4136
SCO6085,4137
SCO6086,4138
SCO6087,4138
SCO6088,4138
SCO6089,4139
SCO6090,4139
SCO6091,4140
SCO6092,4141
SCO6093,4142
SCO6094,4142
SCO6095,4142
SCO6096,4142
SCO6097,4143
SCO6098,4143
SCO6099,4143
SCO6100,4143
SCO6101,4143
SCO6102,4143
SCO6103,4144
SCO6104,4145
SCO6105,4146
SCO6106,4147
SCO6107,4148
SCO6108,4149
SCO6109,4149
SCO6110,4150
SCO6111,4150
SCO6112,4150
SCO6113,4150
SCO6114,4150
SCO6115,4151
SCO6116,4152
SCO6117,4152
SCO6118,4153
SCO6119,4153
SCO6120,4154
SCO6121,4155
SCO6122,4156
SCO6123,4157
SCO6124,4158
SCO6125,4158
SCO6126,4159
SCO6127,4160
SCO6128,4161
SCO6129,4161
SCO6130,4162
SCO6131,4163
SCO6132,4164
SCO6133,4164
SCO6134,4164
SCO6135,4164
SCO6136,4164
SCO6137,4164
SCO6138,4165
SCO6139,4165
SCO6140,4165
SCO6141,4166
SCO6142,4167
SCO6143,4167
SCO6144,4168
SCO6145,4169
SCO6146,4169
SCO6147,4170
SCO6148,4171
SCO6149,4172
SCO6150,4173
SCO6151,4173
SCO6152,4174
SCO6153,4175
SCO6154,4176
SCO6155,4177
SCO6156,4178
SCO6157,4179
SCO6158,4180
SCO6159,4181
SCO6160,4182
SCO6161,4183
SCO6162,4184
SCO6163,4184
SCO6164,4185
SCO6165,4185
SCO6166,4185
SCO6167,4186
SCO6168,4187
SCO6169,4188
SCO6170,4189
SCO6171,4189
SCO6172,4189
SCO6173,4190
SCO6174,4191
SCO6175,4191
SCO6176,4192
SCO6177,4193
SCO6178,4193
SCO6179,4194
SCO6180,4194
SCO6181,4194
SCO6182,4194
SCO6183,4194
SCO6184,4194
SCO6185,4194
SCO6186,4194
SCO6187,4194
SCO6188,4194
SCO6189,4194
SCO6190,4194
SCO6191,4195
SCO6192,4196
SCO6193,4197
SCO6194,4198
SCO6195,4199
SCO6196,4199
SCO6197,4200
SCO6198,4201
SCO6199,4201
SCO6200,4202
SCO6201,4203
SCO6202,4204
SCO6203,4205
SCO6204,4206
SCO6205,4207
SCO6206,4207
SCO6207,4208
SCO6208,4208
SCO6209,4209
SCO6210,4209
SCO6211,4209
SCO6212,4210
SCO6213,4211
SCO6214,4212
SCO6215,4213
SCO6216,4214
SCO6217,4215
SCO6218,4216
SCO6219,4217
SCO6220,4218
SCO6221,4219
SCO6222,4220
SCO6223,4221
SCO6224,4222
SCO6225,4222
SCO6226,4223
SCO6227,4224
SCO6228,4225
SCO6229,4226
SCO6230,4226
SCO6231,4226
SCO6232,4227
SCO6233,4227
SCO6234,4228
SCO6235,4229
SCO6236,4229
SCO6237,4230
SCO6238,4230
SCO6239,4231
SCO6240,4232
SCO6241,4233
SCO6242,4234
SCO6243,4235
SCO6244,4236
SCO6245,4237
SCO6246,4238
SCO6247,4239
SCO6248,4239
SCO6249,4240
SCO6250,4241
SCO6251,4242
SCO6252,4243
SCO6253,4244
SCO6254,4245
SCO6255,4246
SCO6256,4247
SCO6257,4248
SCO6258,4248
SCO6259,4248
SCO6260,4249
SCO6261,4249
SCO6262,4250
SCO6263,4250
SCO6264,4251
SCO6265,4252
SCO6266,4253
SCO6267,4253
SCO6268,4254
SCO6269,4255
SCO6270,4255
SCO6271,4256
SCO6272,4257
SCO6273,4258
SCO6274,4258
SCO6275,4258
SCO6276,4259
SCO6277,4259
SCO6278,4259
SCO6279,4259
SCO6280,4260
SCO6281,4260
SCO6282,4261
SCO6283,4262
SCO6284,4262
SCO6285,4262
SCO6286,4263
SCO6287,4264
SCO6288,4264
SCO6289,4265
SCO6290,4265
SCO6291,4265
SCO6292,4265
SCO6293,4265
SCO6294,4266
SCO6295,4267
SCO6296,4268
SCO6297,4268
SCO6298,4268
SCO6299,4269
SCO6300,4270
SCO6301,4271
SCO6302,4272
SCO6303,4273
SCO6304,4273
SCO6305,4273
SCO6306,4273
SCO6307,4274
SCO6308,4274
SCO6309,4275
SCO6310,4276
SCO6311,4277
SCO6312,4278
SCO6313,4279
SCO6314,4279
SCO6315,4280
SCO6316,4280
SCO6317,4281
SCO6318,4282
SCO6319,4283
SCO6320,4284
SCO6321,4285
SCO6322,4286
SCO6323,4287
SCO6324,4288
SCO6325,4289
SCO6326,4289
SCO6327,4289
SCO6328,4290
SCO6329,4291
SCO6330,4291
SCO6331,4291
SCO6332,4292
SCO6333,4293
SCO6334,4294
SCO6335,4294
SCO6336,4295
SCO6337,4296
SCO6338,4296
SCO6339,4297
SCO6340,4298
SCO6341,4299
SCO6342,4300
SCO6343,4300
SCO6344,4301
SCO6345,4302
SCO6346,4303
SCO6347,4304
SCO6348,4305
SCO6349,4306
SCO6350,4307
SCO6351,4308
SCO6352,4309
SCO6353,4310
SCO6354,4310
SCO6355,4310
SCO6356,4310
SCO6357,4310
SCO6358,4311
SCO6359,4311
SCO6360,4312
SCO6361,4312
SCO6362,4312
SCO6363,4312
SCO6364,4313
SCO6365,4313
SCO6366,4313
SCO6367,4313
SCO6368,4313
SCO6369,4314
SCO6370,4315
SCO6371,4316
SCO6372,4317
SCO6373,4318
SCO6374,4318
SCO6375,4319
SCO6376,4320
SCO6377,4321
SCO6378,4322
SCO6379,4323
SCO6380,4324
SCO6381,4325
SCO6382,4326
SCO6383,4327
SCO6384,4328
SCO6385,4329
SCO6386,4330
SCO6387,4331
SCO6388,4332
SCO6389,4332
SCO6390,4333
SCO6391,4334
SCO6392,4335
SCO6393,4336
SCO6394,4336
SCO6395,4337
SCO6396,4337
SCO6399,4338
SCO6400,4339
SCO6401,4340
SCO6402,4341
SCO6403,4342
SCO6404,4343
SCO6405,4344
SCO6406,4345
SCO6407,4346
SCO6408,4347
SCO6409,4348
SCO6410,4349
SCO6411,4350
SCO6412,4350
SCO6413,4350
SCO6414,4351
SCO6415,4351
SCO6416,4351
SCO6417,4352
SCO6418,4353
SCO6419,4354
SCO6420,4355
SCO6421,4356
SCO6422,4356
SCO6423,4357
SCO6424,4357
SCO6425,4358
SCO6426,4359
SCO6427,4359
SCO6428,4360
SCO6429,4361
SCO6430,4361
SCO6431,4362
SCO6432,4362
SCO6433,4362
SCO6434,4362
SCO6435,4362
SCO6436,4362
SCO6437,4362
SCO6438,4362
SCO6439,4363
SCO6440,4364
SCO6441,4364
SCO6442,4364
SCO6443,4365
SCO6444,4366
SCO6445,4367
SCO6446,4367
SCO6447,4368
SCO6448,4369
SCO6449,4370
SCO6450,4370
SCO6451,4371
SCO6452,4371
SCO6453,4371
SCO6454,4371
SCO6455,4371
SCO6456,4372
SCO6457,4373
SCO6458,4374
SCO6459,4375
SCO6460,4376
SCO6461,4377
SCO6462,4377
SCO6463,4378
SCO6464,4379
SCO6465,4380
SCO6466,4381
SCO6467,4382
SCO6468,4382
SCO6469,4383
SCO6470,4383
SCO6471,4383
SCO6472,4383
SCO6473,4383
SCO6474,4384
SCO6475,4385
SCO6476,4386
SCO6477,4387
SCO6478,4387
SCO6479,4388
SCO6480,4389
SCO6481,4390
SCO6482,4391
SCO6483,4392
SCO6484,4393
SCO6485,4394
SCO6486,4395
SCO6487,4395
SCO6488,4395
SCO6489,4395
SCO6490,4395
SCO6491,4396
SCO6492,4397
SCO6493,4398
SCO6494,4399
SCO6495,4400
SCO6496,4401
SCO6497,4401
SCO6498,4401
SCO6499,4402
SCO6500,4402
SCO6501,4402
SCO6502,4402
SCO6503,4402
SCO6504,4402
SCO6505,4402
SCO6506,4402
SCO6507,4402
SCO6508,4402
SCO6509,4403
SCO6510,4404
SCO6511,4405
SCO6512,4406
SCO6513,4407
SCO6514,4408
SCO6515,4409
SCO6516,4409
SCO6517,4410
SCO6518,4411
SCO6519,4411
SCO6520,4412
SCO6521,4413
SCO6522,4414
SCO6523,4414
SCO6524,4415
SCO6525,4415
SCO6526,4416
SCO6527,4417
SCO6528,4418
SCO6529,4419
SCO6530,4419
SCO6531,4420
SCO6532,4421
SCO6533,4421
SCO6534,4421
SCO6535,4421
SCO6536,4422
SCO6537,4423
SCO6538,4424
SCO6539,4425
SCO6540,4426
SCO6541,4426
SCO6542,4427
SCO6543,4428
SCO6544,4429
SCO6545,4430
SCO6546,4430
SCO6547,4431
SCO6548,4431
SCO6549,4432
SCO6550,4433
SCO6551,4434
SCO6552,4435
SCO6553,4436
SCO6554,4437
SCO6555,4438
SCO6556,4439
SCO6557,4440
SCO6558,4441
SCO6559,4441
SCO6560,4441
SCO6561,4441
SCO6562,4441
SCO6563,4442
SCO6564,4443
SCO6565,4444
SCO6566,4445
SCO6567,4446
SCO6568,4446
SCO6569,4446
SCO6570,4446
SCO6571,4446
SCO6572,4447
SCO6573,4448
SCO6574,4448
SCO6575,4448
SCO6576,4448
SCO6577,4448
SCO6578,4448
SCO6579,4448
SCO6580,4448
SCO6581,4449
SCO6582,4449
SCO6583,4449
SCO6584,4449
SCO6585,4450
SCO6586,4450
SCO6587,4450
SCO6588,4451
SCO6589,4452
SCO6590,4453
SCO6591,4453
SCO6592,4453
SCO6593,4453
SCO6594,4454
SCO6595,4455
SCO6596,4456
SCO6597,4457
SCO6598,4458
SCO6599,4459
SCO6600,4460
SCO6601,4461
SCO6602,4461
SCO6603,4461
SCO6604,4461
SCO6605,4462
SCO6606,4463
SCO6607,4464
SCO6608,4465
SCO6609,4465
SCO6610,4465
SCO6611,4466
SCO6612,4467
SCO6613,4468
SCO6614,4469
SCO6615,4469
SCO6616,4470
SCO6617,4470
SCO6618,4471
SCO6619,4472
SCO6620,4473
SCO6621,4474
SCO6622,4475
SCO6623,4475
SCO6624,4476
SCO6625,4477
SCO6626,4478
SCO6627,4478
SCO6628,4479
SCO6629,4480
SCO6630,4480
SCO6631,4481
SCO6632,4482
SCO6633,4482
SCO6634,4483
SCO6635,4484
SCO6636,4484
SCO6637,4485
SCO6638,4485
SCO6639,4486
SCO6640,4486
SCO6641,4487
SCO6642,4488
SCO6643,4489
SCO6644,4490
SCO6645,4490
SCO6646,4490
SCO6647,4491
SCO6648,4492
SCO6649,4492
SCO6650,4493
SCO6651,4493
SCO6652,4493
SCO6653,4493
SCO6654,4494
SCO6655,4495
SCO6656,4496
SCO6657,4497
SCO6658,4497
SCO6659,4497
SCO6660,4497
SCO6661,4497
SCO6662,4497
SCO6663,4497
SCO6664,4498
SCO6665,4499
SCO6666,4500
SCO6667,4501
SCO6668,4501
SCO6669,4502
SCO6670,4503
SCO6671,4504
SCO6672,4505
SCO6673,4505
SCO6674,4506
SCO6675,4507
SCO6676,4508
SCO6677,4509
SCO6678,4510
SCO6679,4510
SCO6680,4510
SCO6681,4511
SCO6682,4511
SCO6683,4511
SCO6684,4511
SCO6685,4512
SCO6686,4513
SCO6687,4513
SCO6688,4514
SCO6689,4514
SCO6690,4515
SCO6691,4516
SCO6692,4517
SCO6693,4517
SCO6694,4518
SCO6695,4519
SCO6696,4520
SCO6697,4521
SCO6698,4521
SCO6699,4521
SCO6700,4521
SCO6701,4521
SCO6702,4521
SCO6703,4521
SCO6704,4522
SCO6705,4523
SCO6706,4524
SCO6707,4525
SCO6708,4526
SCO6709,4527
SCO6710,4528
SCO6711,4528
SCO6712,4529
SCO6713,4530
SCO6714,4531
SCO6715,4532
SCO6716,4533
SCO6717,4534
SCO6718,4535
SCO6719,4536
SCO6720,4536
SCO6721,4537
SCO6722,4538
SCO6723,4539
SCO6724,4540
SCO6725,4541
SCO6726,4542
SCO6727,4543
SCO6728,4544
SCO6729,4545
SCO6730,4546
SCO6731,4546
SCO6732,4546
SCO6733,4547
SCO6734,4548
SCO6735,4549
SCO6736,4550
SCO6737,4551
SCO6738,4551
SCO6739,4552
SCO6740,4553
SCO6741,4554
SCO6742,4554
SCO6743,4555
SCO6744,4556
SCO6745,4557
SCO6746,4558
SCO6747,4558
SCO6748,4559
SCO6749,4560
SCO6750,4561
SCO6751,4562
SCO6752,4563
SCO6753,4563
SCO6754,4563
SCO6755,4563
SCO6756,4563
SCO6757,4563
SCO6758,4563
SCO6759,4564
SCO6760,4564
SCO6761,4564
SCO6762,4564
SCO6763,4564
SCO6764,4565
SCO6765,4565
SCO6766,4565
SCO6767,4565
SCO6768,4565
SCO6769,4565
SCO6770,4566
SCO6771,4566
SCO6772,4567
SCO6773,4568
SCO6774,4569
SCO6775,4570
SCO6776,4571
SCO6777,4572
SCO6778,4572
SCO6779,4573
SCO6780,4574
SCO6781,4575
SCO6782,4576
SCO6783,4576
SCO6784,4576
SCO6785,4577
SCO6786,4577
SCO6787,4577
SCO6788,4578
SCO6789,4579
SCO6790,4579
SCO6791,4580
SCO6792,4581
SCO6793,4582
SCO6794,4583
SCO6795,4583
SCO6796,4583
SCO6797,4583
SCO6798,4583
SCO6799,4584
SCO6800,4584
SCO6801,4585
SCO6802,4586
SCO6803,4586
SCO6804,4586
SCO6805,4587
SCO6806,4588
SCO6807,4589
SCO6808,4590
SCO6809,4591
SCO6810,4591
SCO6811,4592
SCO6812,4593
SCO6813,4593
SCO6814,4594
SCO6815,4594
SCO6816,4594
SCO6817,4595
SCO6818,4595
SCO6819,4595
SCO6820,4595
SCO6821,4596
SCO6822,4597
SCO6823,4598
SCO6824,4599
SCO6825,4599
SCO6826,4600
SCO6827,4600
SCO6828,4601
SCO6829,4602
SCO6830,4603
SCO6831,4604
SCO6832,4605
SCO6833,4605
SCO6834,4606
SCO6835,4606
SCO6836,4607
SCO6837,4607
SCO6838,4608
SCO6839,4609
SCO6840,4609
SCO6841,4610
SCO6842,4611
SCO6843,4612
SCO6844,4612
SCO6845,4612
SCO6846,4613
SCO6847,4614
SCO6848,4615
SCO6849,4615
SCO6850,4615
SCO6851,4615
SCO6852,4616
SCO6853,4617
SCO6854,4618
SCO6855,4618
SCO6856,4619
SCO6857,4619
SCO6858,4619
SCO6859,4619
SCO6860,4619
SCO6861,4620
SCO6862,4620
SCO6863,4621
SCO6864,4622
SCO6865,4622
SCO6866,4623
SCO6867,4623
SCO6868,4624
SCO6869,4624
SCO6870,4624
SCO6871,4624
SCO6872,4624
SCO6873,4624
SCO6874,4625
SCO6875,4625
SCO6876,4626
SCO6877,4626
SCO6878,4627
SCO6879,4628
SCO6880,4629
SCO6881,4630
SCO6882,4631
SCO6883,4631
SCO6884,4632
SCO6885,4633
SCO6886,4634
SCO6887,4634
SCO6888,4634
SCO6889,4634
SCO6890,4635
SCO6891,4635
SCO6892,4635
SCO6893,4636
SCO6894,4636
SCO6895,4636
SCO6896,4636
SCO6897,4637
SCO6898,4638
SCO6899,4638
SCO6900,4638
SCO6901,4639
SCO6902,4639
SCO6903,4639
SCO6904,4639
SCO6905,4640
SCO6906,4641
SCO6907,4642
SCO6908,4643
SCO6909,4644
SCO6910,4645
SCO6911,4646
SCO6913,4647
SCO6914,4648
SCO6915,4648
SCO6916,4649
SCO6917,4650
SCO6918,4651
SCO6919,4651
SCO6920,4651
SCO6921,4652
SCO6922,4652
SCO6923,4653
SCO6924,4653
SCO6925,4654
SCO6926,4655
SCO6927,4656
SCO6928,4656
SCO6929,4656
SCO6930,4656
SCO6931,4657
SCO6932,4658
SCO6933,4659
SCO6934,4660
SCO6935,4661
SCO6936,4661
SCO6937,4661
SCO6938,4661
SCO6939,4662
SCO6940,4662
SCO6941,4663
SCO6942,4663
SCO6943,4664
SCO6944,4664
SCO6945,4665
SCO6946,4666
SCO6947,4667
SCO6948,4667
SCO6949,4668
SCO6950,4669
SCO6951,4669
SCO6952,4670
SCO6953,4671
SCO6954,4672
SCO6955,4672
SCO6956,4672
SCO6957,4672
SCO6958,4672
SCO6959,4672
SCO6960,4673
SCO6961,4674
SCO6962,4674
SCO6963,4675
SCO6964,4676
SCO6965,4676
SCO6966,4677
SCO6967,4678
SCO6968,4679
SCO6969,4680
SCO6970,4681
SCO6971,4682
SCO6972,4683
SCO6973,4684
SCO6974,4685
SCO6975,4686
SCO6976,4686
SCO6977,4687
SCO6978,4687
SCO6979,4688
SCO6980,4688
SCO6981,4688
SCO6982,4688
SCO6983,4689
SCO6984,4690
SCO6985,4690
SCO6986,4691
SCO6987,4692
SCO6988,4693
SCO6989,4694
SCO6990,4695
SCO6991,4696
SCO6992,4697
SCO6993,4698
SCO6994,4699
SCO6995,4700
SCO6996,4701
SCO6997,4701
SCO6998,4702
SCO6999,4703
SCO7000,4704
SCO7001,4705
SCO7002,4706
SCO7003,4707
SCO7004,4708
SCO7005,4708
SCO7006,4708
SCO7007,4709
SCO7008,4710
SCO7009,4711
SCO7010,4712
SCO7011,4713
SCO7012,4713
SCO7013,4713
SCO7014,4714
SCO7015,4715
SCO7016,4716
SCO7017,4717
SCO7018,4718
SCO7019,4719
SCO7020,4720
SCO7021,4721
SCO7022,4721
SCO7023,4722
SCO7024,4723
SCO7025,4724
SCO7026,4725
SCO7027,4726
SCO7028,4727
SCO7029,4727
SCO7030,4727
SCO7031,4727
SCO7032,4728
SCO7033,4728
SCO7034,4729
SCO7035,4730
SCO7036,4731
SCO7037,4732
SCO7038,4733
SCO7039,4733
SCO7040,4734
SCO7041,4735
SCO7042,4736
SCO7043,4737
SCO7044,4738
SCO7045,4738
SCO7046,4738
SCO7047,4739
SCO7048,4740
SCO7049,4741
SCO7050,4742
SCO7051,4743
SCO7052,4744
SCO7053,4745
SCO7054,4746
SCO7055,4746
SCO7056,4747
SCO7057,4748
SCO7058,4749
SCO7059,4750
SCO7060,4750
SCO7061,4750
SCO7062,4751
SCO7063,4752
SCO7064,4753
SCO7065,4754
SCO7066,4755
SCO7067,4756
SCO7068,4757
SCO7069,4758
SCO7070,4759
SCO7071,4760
SCO7072,4760
SCO7073,4760
SCO7074,4761
SCO7075,4762
SCO7076,4762
SCO7077,4763
SCO7078,4764
SCO7079,4765
SCO7080,4766
SCO7081,4767
SCO7082,4768
SCO7083,4769
SCO7084,4770
SCO7085,4771
SCO7086,4772
SCO7087,4773
SCO7088,4774
SCO7089,4774
SCO7090,4775
SCO7091,4776
SCO7092,4777
SCO7093,4778
SCO7094,4779
SCO7095,4780
SCO7096,4781
SCO7097,4782
SCO7098,4783
SCO7099,4784
SCO7100,4785
SCO7101,4785
SCO7102,4786
SCO7103,4787
SCO7104,4788
SCO7105,4789
SCO7106,4790
SCO7107,4791
SCO7108,4792
SCO7109,4793
SCO7110,4794
SCO7111,4795
SCO7112,4796
SCO7113,4797
SCO7114,4798
SCO7115,4798
SCO7116,4799
SCO7117,4799
SCO7118,4800
SCO7119,4801
SCO7120,4802
SCO7121,4803
SCO7122,4804
SCO7123,4805
SCO7124,4806
SCO7125,4807
SCO7126,4808
SCO7127,4809
SCO7128,4810
SCO7129,4811
SCO7130,4812
SCO7131,4813
SCO7132,4813
SCO7133,4814
SCO7134,4815
SCO7135,4816
SCO7136,4817
SCO7137,4818
SCO7138,4819
SCO7139,4820
SCO7140,4821
SCO7141,4822
SCO7142,4823
SCO7143,4824
SCO7144,4825
SCO7145,4826
SCO7146,4826
SCO7147,4827
SCO7148,4828
SCO7149,4828
SCO7150,4829
SCO7151,4830
SCO7152,4830
SCO7153,4831
SCO7154,4832
SCO7155,4833
SCO7156,4834
SCO7157,4834
SCO7158,4835
SCO7159,4836
SCO7160,4837
SCO7161,4837
SCO7162,4837
SCO7163,4837
SCO7164,4837
SCO7165,4837
SCO7166,4837
SCO7167,4837
SCO7168,4838
SCO7169,4839
SCO7170,4840
SCO7171,4841
SCO7172,4842
SCO7173,4843
SCO7174,4844
SCO7175,4845
SCO7176,4846
SCO7177,4847
SCO7178,4847
SCO7179,4848
SCO7180,4849
SCO7181,4850
SCO7182,4850
SCO7183,4850
SCO7184,4850
SCO7185,4850
SCO7186,4851
SCO7187,4852
SCO7188,4853
SCO7189,4854
SCO7190,4855
SCO7191,4856
SCO7192,4857
SCO7193,4858
SCO7194,4859
SCO7195,4860
SCO7196,4861
SCO7197,4862
SCO7198,4863
SCO7199,4864
SCO7200,4864
SCO7201,4865
SCO7202,4866
SCO7203,4867
SCO7204,4868
SCO7205,4869
SCO7206,4870
SCO7207,4870
SCO7208,4871
SCO7209,4871
SCO7210,4872
SCO7211,4873
SCO7212,4873
SCO7213,4874
SCO7214,4875
SCO7215,4876
SCO7216,4877
SCO7217,4877
SCO7218,4878
SCO7219,4879
SCO7220,4880
SCO7221,4881
SCO7222,4882
SCO7223,4883
SCO7224,4884
SCO7225,4885
SCO7226,4886
SCO7227,4886
SCO7228,4887
SCO7229,4888
SCO7230,4889
SCO7231,4889
SCO7232,4889
SCO7233,4889
SCO7234,4890
SCO7235,4890
SCO7236,4891
SCO7237,4892
SCO7238,4893
SCO7239,4894
SCO7240,4895
SCO7241,4895
SCO7242,4896
SCO7243,4897
SCO7244,4898
SCO7245,4899
SCO7246,4900
SCO7247,4901
SCO7248,4901
SCO7249,4902
SCO7250,4903
SCO7251,4904
SCO7252,4905
SCO7253,4906
SCO7254,4907
SCO7255,4908
SCO7256,4909
SCO7257,4910
SCO7258,4911
SCO7259,4912
SCO7260,4913
SCO7261,4914
SCO7262,4915
SCO7263,4916
SCO7264,4916
SCO7265,4917
SCO7266,4917
SCO7267,4918
SCO7268,4918
SCO7269,4919
SCO7270,4920
SCO7271,4921
SCO7272,4922
SCO7273,4923
SCO7274,4924
SCO7275,4925
SCO7276,4925
SCO7277,4926
SCO7278,4927
SCO7279,4928
SCO7280,4929
SCO7281,4929
SCO7282,4930
SCO7283,4931
SCO7284,4932
SCO7285,4933
SCO7286,4933
SCO7287,4934
SCO7288,4935
SCO7289,4936
SCO7290,4937
SCO7291,4938
SCO7292,4939
SCO7293,4940
SCO7294,4940
SCO7295,4941
SCO7296,4942
SCO7297,4942
SCO7298,4942
SCO7299,4943
SCO7300,4944
SCO7301,4944
SCO7302,4945
SCO7303,4946
SCO7304,4947
SCO7305,4948
SCO7306,4949
SCO7307,4949
SCO7308,4950
SCO7309,4951
SCO7310,4952
SCO7311,4953
SCO7312,4954
SCO7313,4955
SCO7314,4956
SCO7315,4956
SCO7316,4957
SCO7317,4958
SCO7318,4959
SCO7319,4960
SCO7320,4961
SCO7321,4961
SCO7322,4961
SCO7323,4961
SCO7324,4961
SCO7325,4962
SCO7326,4963
SCO7327,4963
SCO7328,4964
SCO7329,4965
SCO7330,4966
SCO7331,4967
SCO7332,4968
SCO7333,4968
SCO7334,4969
SCO7335,4969
SCO7336,4969
SCO7337,4970
SCO7338,4970
SCO7339,4971
SCO7340,4972
SCO7341,4973
SCO7342,4974
SCO7343,4975
SCO7344,4976
SCO7345,4977
SCO7346,4978
SCO7347,4979
SCO7348,4980
SCO7349,4980
SCO7350,4980
SCO7351,4981
SCO7352,4981
SCO7353,4981
SCO7354,4982
SCO7355,4983
SCO7356,4984
SCO7357,4985
SCO7358,4986
SCO7359,4986
SCO7360,4987
SCO7361,4988
SCO7362,4989
SCO7363,4990
SCO7364,4990
SCO7365,4991
SCO7366,4992
SCO7367,4993
SCO7368,4994
SCO7369,4995
SCO7370,4996
SCO7371,4997
SCO7372,4998
SCO7373,4999
SCO7374,4999
SCO7375,5000
SCO7376,5001
SCO7377,5001
SCO7378,5001
SCO7379,5002
SCO7380,5003
SCO7381,5004
SCO7382,5005
SCO7383,5006
SCO7384,5007
SCO7385,5008
SCO7386,5009
SCO7387,5010
SCO7388,5010
SCO7389,5010
SCO7390,5011
SCO7391,5012
SCO7392,5013
SCO7393,5014
SCO7394,5015
SCO7395,5016
SCO7396,5017
SCO7397,5018
SCO7398,5019
SCO7399,5019
SCO7400,5019
SCO7401,5020
SCO7402,5021
SCO7403,5022
SCO7404,5023
SCO7405,5024
SCO7406,5025
SCO7407,5026
SCO7408,5027
SCO7409,5027
SCO7410,5027
SCO7411,5028
SCO7412,5029
SCO7413,5029
SCO7414,5030
SCO7415,5031
SCO7416,5032
SCO7417,5033
SCO7418,5033
SCO7419,5033
SCO7420,5033
SCO7421,5033
SCO7422,5033
SCO7423,5034
SCO7424,5035
SCO7425,5035
SCO7426,5036
SCO7427,5037
SCO7428,5038
SCO7429,5039
SCO7430,5040
SCO7431,5041
SCO7432,5042
SCO7433,5043
SCO7434,5044
SCO7435,5045
SCO7436,5046
SCO7437,5046
SCO7438,5047
SCO7439,5047
SCO7440,5048
SCO7441,5049
SCO7442,5050
SCO7443,5051
SCO7444,5052
SCO7445,5053
SCO7446,5054
SCO7447,5055
SCO7448,5056
SCO7449,5057
SCO7450,5058
SCO7451,5059
SCO7452,5060
SCO7453,5060
SCO7454,5061
SCO7455,5062
SCO7456,5063
SCO7457,5064
SCO7458,5065
SCO7459,5066
SCO7460,5067
SCO7461,5068
SCO7462,5069
SCO7463,5070
SCO7464,5070
SCO7465,5070
SCO7466,5070
SCO7467,5071
SCO7468,5072
SCO7469,5073
SCO7470,5073
SCO7471,5074
SCO7472,5074
SCO7473,5074
SCO7474,5074
SCO7475,5074
SCO7476,5075
SCO7477,5076
SCO7478,5077
SCO7479,5077
SCO7480,5078
SCO7481,5079
SCO7482,5080
SCO7483,5081
SCO7484,5082
SCO7485,5082
SCO7486,5082
SCO7487,5082
SCO7488,5082
SCO7489,5082
SCO7490,5083
SCO7491,5083
SCO7492,5083
SCO7493,5083
SCO7494,5084
SCO7495,5085
SCO7496,5086
SCO7497,5087
SCO7498,5088
SCO7499,5089
SCO7500,5090
SCO7501,5091
SCO7502,5092
SCO7503,5093
SCO7504,5093
SCO7505,5093
SCO7506,5094
SCO7507,5095
SCO7508,5096
SCO7509,5097
SCO7510,5098
SCO7511,5099
SCO7512,5100
SCO7513,5101
SCO7514,5102
SCO7515,5103
SCO7516,5104
SCO7517,5105
SCO7518,5106
SCO7519,5106
SCO7520,5107
SCO7521,5108
SCO7522,5109
SCO7523,5110
SCO7524,5110
SCO7525,5111
SCO7526,5112
SCO7527,5113
SCO7528,5114
SCO7529,5114
SCO7530,5115
SCO7531,5116
SCO7532,5117
SCO7533,5118
SCO7534,5118
SCO7535,5118
SCO7536,5119
SCO7537,5120
SCO7538,5121
SCO7539,5122
SCO7540,5123
SCO7541,5123
SCO7542,5124
SCO7543,5125
SCO7544,5126
SCO7545,5126
SCO7546,5126
SCO7547,5126
SCO7548,5127
SCO7549,5128
SCO7550,5129
SCO7551,5129
SCO7552,5130
SCO7553,5131
SCO7554,5132
SCO7555,5133
SCO7556,5133
SCO7557,5133
SCO7558,5134
SCO7559,5135
SCO7560,5136
SCO7561,5136
SCO7562,5136
SCO7563,5137
SCO7564,5137
SCO7565,5137
SCO7566,5137
SCO7567,5137
SCO7568,5138
SCO7569,5139
SCO7570,5140
SCO7571,5140
SCO7572,5141
SCO7573,5142
SCO7574,5143
SCO7575,5144
SCO7576,5144
SCO7577,5145
SCO7578,5146
SCO7579,5147
SCO7580,5147
SCO7581,5148
SCO7582,5148
SCO7583,5149
SCO7584,5150
SCO7585,5150
SCO7586,5151
SCO7587,5152
SCO7588,5153
SCO7589,5154
SCO7590,5155
SCO7591,5156
SCO7592,5157
SCO7593,5158
SCO7594,5159
SCO7595,5160
SCO7596,5161
SCO7597,5161
SCO7598,5162
SCO7599,5163
SCO7600,5164
SCO7601,5165
SCO7602,5166
SCO7603,5167
SCO7604,5168
SCO7605,5169
SCO7606,5170
SCO7607,5171
SCO7608,5172
SCO7609,5173
SCO7610,5174
SCO7611,5174
SCO7612,5175
SCO7613,5176
SCO7614,5177
SCO7615,5178
SCO7616,5178
SCO7617,5178
SCO7618,5178
SCO7619,5179
SCO7620,5180
SCO7621,5181
SCO7622,5182
SCO7623,5182
SCO7624,5183
SCO7625,5184
SCO7626,5185
SCO7627,5186
SCO7628,5187
SCO7629,5188
SCO7630,5188
SCO7631,5189
SCO7632,5190
SCO7633,5191
SCO7634,5192
SCO7635,5193
SCO7636,5194
SCO7637,5195
SCO7638,5196
SCO7639,5197
SCO7640,5198
SCO7641,5199
SCO7642,5200
SCO7643,5200
SCO7644,5201
SCO7645,5202
SCO7646,5203
SCO7647,5204
SCO7648,5205
SCO7649,5206
SCO7650,5207
SCO7651,5208
SCO7652,5209
SCO7653,5210
SCO7654,5211
SCO7655,5211
SCO7656,5212
SCO7657,5213
SCO7658,5213
SCO7659,5214
SCO7660,5215
SCO7661,5216
SCO7662,5217
SCO7663,5218
SCO7664,5218
SCO7665,5218
SCO7666,5219
SCO7667,5219
SCO7668,5220
SCO7669,5221
SCO7670,5221
SCO7671,5221
SCO7672,5222
SCO7673,5223
SCO7674,5223
SCO7675,5223
SCO7676,5224
SCO7677,5225
SCO7678,5225
SCO7679,5225
SCO7680,5225
SCO7681,5226
SCO7682,5227
SCO7683,5227
SCO7684,5227
SCO7685,5227
SCO7686,5227
SCO7687,5227
SCO7688,5227
SCO7689,5227
SCO7690,5227
SCO7691,5227
SCO7692,5228
SCO7693,5229
SCO7694,5230
SCO7695,5231
SCO7696,5232
SCO7697,5233
SCO7698,5234
SCO7699,5235
SCO7700,5235
SCO7701,5235
SCO7702,5236
SCO7703,5236
SCO7704,5237
SCO7705,5238
SCO7706,5239
SCO7707,5240
SCO7708,5241
SCO7709,5242
SCO7710,5243
SCO7711,5244
SCO7712,5244
SCO7713,5245
SCO7714,5246
SCO7715,5247
SCO7716,5248
SCO7717,5249
SCO7718,5250
SCO7719,5251
SCO7720,5252
SCO7721,5253
SCO7722,5254
SCO7723,5255
SCO7724,5255
SCO7725,5256
SCO7726,5257
SCO7727,5258
SCO7728,5259
SCO7729,5260
SCO7730,5260
SCO7731,5261
SCO7732,5262
SCO7733,5262
SCO7734,5262
SCO7735,5262
SCO7736,5263
SCO7737,5264
SCO7738,5265
SCO7739,5266
SCO7740,5267
SCO7741,5268
SCO7742,5269
SCO7743,5270
SCO7744,5271
SCO7745,5271
SCO7746,5272
SCO7747,5273
SCO7748,5273
SCO7749,5273
SCO7750,5273
SCO7751,5273
SCO7752,5274
SCO7753,5275
SCO7754,5276
SCO7755,5277
SCO7756,5277
SCO7757,5278
SCO7759,5279
SCO7760,5280
SCO7761,5281
SCO7762,5281
SCO7763,5282
SCO7764,5283
SCO7765,5284
SCO7766,5285
SCO7767,5286
SCO7768,5287
SCO7769,5287
SCO7770,5287
SCO7771,5288
SCO7772,5289
SCO7773,5290
SCO7774,5291
SCO7775,5291
SCO7776,5292
SCO7777,5293
SCO7778,5294
SCO7779,5295
SCO7780,5296
SCO7781,5297
SCO7782,5298
SCO7783,5299
SCO7784,5300
SCO7785,5300
SCO7786,5301
SCO7787,5302
SCO7788,5302
SCO7789,5302
SCO7790,5302
SCO7791,5303
SCO7791a,5303
SCO7792,5304
SCO7793,5305
SCO7794,5306
SCO7795,5307
SCO7796,5308
SCO7797,5308
SCO7798,5309
SCO7799,5309
SCO7800,5310
SCO7801,5310
SCO7802,5311
SCO7803,5312
SCO7804,5313
SCO7805,5314
SCO7806,5315
SCO7807,5315
SCO7808,5315
SCO7809,5316
SCO7810,5317
SCO7811,5318
SCO7812,5318
SCO7813,5319
SCO7814,5320
SCO7815,5321
SCO7816,5322
SCO7817,5323
SCO7818,5324
SCO7819,5325
SCO7820,5326
SCO7821,5327
SCO7822,5328
SCO7823,5329
SCO7824,5330
SCO7825,5331
SCO7826,5332
SCO7827,5333
SCO7828,5334
SCO7829,5335
SCO7830,5336
SCO7831,5336
SCO7832,5337
SCO7833,5338
SCO7834,5339
SCO7835,5340
SCO7836,5340
SCO7837,5341
SCO7838,5342
SCO7839,5343
SCO7840,5343
SCO7841,5344
SCO7842,5344
SCO7843,5344
SCO7844,5344
SCO7845,5345
SCO7846,5346
