# Program:featureCounts v2.1.1; Command:"/Users/okaban/miniconda3/envs/rna-seq/bin/featureCounts" "-T" "6" "-p" "--countReadPairs" "-B" "-C" "-s" "2" "-t" "gene" "-g" "gene_id" "-a" "/Users/okaban/SFC-CNS Dropbox/Takeda Tomoki/my_projects/2026/M145_RNA-seq/data/RH250715199/02_M145-ref/ncbi_dataset/data/GCF_000203835.1/genomic.gtf" "-o" "/Users/okaban/bioinfo/rna-seq/03_quantification/data/featureCounts_s2/featureCounts_M145_s2.txt" "/Users/okaban/bioinfo/rna-seq/02_alignment/analysis/02_alignment_260127_v1/bam/M145_1_1.Aligned.sortedByCoord.out.bam" "/Users/okaban/bioinfo/rna-seq/02_alignment/analysis/02_alignment_260127_v1/bam/M145_1_2.Aligned.sortedByCoord.out.bam" "/Users/okaban/bioinfo/rna-seq/02_alignment/analysis/02_alignment_260127_v1/bam/M145_1_3.Aligned.sortedByCoord.out.bam" "/Users/okaban/bioinfo/rna-seq/02_alignment/analysis/02_alignment_260127_v1/bam/M145_2_1.Aligned.sortedByCoord.out.bam" "/Users/okaban/bioinfo/rna-seq/02_alignment/analysis/02_alignment_260127_v1/bam/M145_2_3.Aligned.sortedByCoord.out.bam" "/Users/okaban/bioinfo/rna-seq/02_alignment/analysis/02_alignment_260127_v1/bam/M145_2_4.Aligned.sortedByCoord.out.bam" "/Users/okaban/bioinfo/rna-seq/02_alignment/analysis/02_alignment_260127_v1/bam/M145_3_2.Aligned.sortedByCoord.out.bam" "/Users/okaban/bioinfo/rna-seq/02_alignment/analysis/02_alignment_260127_v1/bam/M145_3_3.Aligned.sortedByCoord.out.bam" "/Users/okaban/bioinfo/rna-seq/02_alignment/analysis/02_alignment_260127_v1/bam/M145_3_4.Aligned.sortedByCoord.out.bam" 
Geneid	Chr	Start	End	Strand	Length	/Users/okaban/bioinfo/rna-seq/02_alignment/analysis/02_alignment_260127_v1/bam/M145_1_1.Aligned.sortedByCoord.out.bam	/Users/okaban/bioinfo/rna-seq/02_alignment/analysis/02_alignment_260127_v1/bam/M145_1_2.Aligned.sortedByCoord.out.bam	/Users/okaban/bioinfo/rna-seq/02_alignment/analysis/02_alignment_260127_v1/bam/M145_1_3.Aligned.sortedByCoord.out.bam	/Users/okaban/bioinfo/rna-seq/02_alignment/analysis/02_alignment_260127_v1/bam/M145_2_1.Aligned.sortedByCoord.out.bam	/Users/okaban/bioinfo/rna-seq/02_alignment/analysis/02_alignment_260127_v1/bam/M145_2_3.Aligned.sortedByCoord.out.bam	/Users/okaban/bioinfo/rna-seq/02_alignment/analysis/02_alignment_260127_v1/bam/M145_2_4.Aligned.sortedByCoord.out.bam	/Users/okaban/bioinfo/rna-seq/02_alignment/analysis/02_alignment_260127_v1/bam/M145_3_2.Aligned.sortedByCoord.out.bam	/Users/okaban/bioinfo/rna-seq/02_alignment/analysis/02_alignment_260127_v1/bam/M145_3_3.Aligned.sortedByCoord.out.bam	/Users/okaban/bioinfo/rna-seq/02_alignment/analysis/02_alignment_260127_v1/bam/M145_3_4.Aligned.sortedByCoord.out.bam
SC_RS02065	NC_003888.3	577	699	+	123	0	0	0	1	2	1	2	1	2
SC_RS02070	NC_003888.3	800	1123	+	324	0	1	0	0	0	1	0	0	0
SC_RS02075	NC_003888.3	1144	3813	+	2670	6	1	2	7	4	12	3	4	3
SC_RS02080	NC_003888.3	3869	6220	+	2352	2	1	2	4	3	2	2	2	3
SC_RS02085	NC_003888.3	6346	7173	+	828	0	0	0	105	70	71	33	28	31
SC_RS02090	NC_003888.3	7154	9307	+	2154	0	0	0	76	54	60	25	18	15
SC_RS02095	NC_003888.3	9424	10410	+	987	0	0	0	3	0	4	0	2	1
SC_RS02100	NC_003888.3	10407	11363	+	957	0	0	0	2	0	0	3	1	4
SC_RS02105	NC_003888.3	11617	11964	+	348	0	0	0	0	0	0	2	0	1
SC_RS02110	NC_003888.3	12366	13457	+	1092	0	0	0	18	8	11	18	9	9
SC_RS02115	NC_003888.3	13517	13621	-	105	0	0	0	1	1	0	1	1	0
SC_RS02120	NC_003888.3	14044	14343	-	300	3	0	2	2	1	0	1	3	1
SC_RS02125	NC_003888.3	14739	15360	-	622	1	0	0	0	0	0	0	1	0
SC_RS02130	NC_003888.3	15317	15595	-	279	1	0	0	0	1	0	0	0	0
SC_RS02135	NC_003888.3	16070	17302	-	1233	0	2	1	0	3	1	6	1	6
SC_RS02140	NC_003888.3	17715	17918	+	204	0	0	0	0	0	0	1	0	1
SC_RS02145	NC_003888.3	17919	18263	+	345	0	0	0	0	0	0	2	0	1
SC_RS02150	NC_003888.3	18485	19363	-	879	2	2	2	3	1	3	2	5	2
SC_RS02155	NC_003888.3	19971	21620	+	1650	0	0	0	0	1	0	10	3	11
SC_RS02160	NC_003888.3	21758	22210	+	453	7	8	13	6	2	9	50	12	33
SC_RS02165	NC_003888.3	22156	22500	-	345	0	0	1	1	1	0	28	5	35
SC_RS02170	NC_003888.3	22624	22761	-	138	0	0	2	0	0	0	14	2	14
SC_RS02175	NC_003888.3	22742	23010	+	269	0	1	1	0	1	1	35	3	19
SC_RS02180	NC_003888.3	23343	23831	+	489	98	79	100	79	69	84	77	33	53
SC_RS02185	NC_003888.3	24378	24614	-	237	5	1	3	0	0	2	29	5	26
SC_RS02190	NC_003888.3	25248	25871	+	624	2	2	1	1	1	0	39	5	36
SC_RS02195	NC_003888.3	25843	26385	-	543	62	69	79	31	16	20	52	28	44
SC_RS02200	NC_003888.3	26527	28728	-	2202	2	0	0	869	725	789	733	486	453
SC_RS02205	NC_003888.3	29040	29519	+	480	0	0	0	0	0	1	38	7	35
SC_RS02210	NC_003888.3	29605	30054	-	450	0	1	1	1	3	0	22	5	27
SC_RS02215	NC_003888.3	30155	30241	-	87	0	2	1	1	2	0	9	5	9
SC_RS02220	NC_003888.3	30379	31274	-	896	78	83	109	125	111	153	271	284	281
SC_RS02225	NC_003888.3	31625	32137	+	513	2	0	0	3	1	1	31	7	14
SC_RS02230	NC_003888.3	32134	33357	+	1224	0	1	0	1	0	1	74	13	41
SC_RS02235	NC_003888.3	33360	33845	+	486	0	0	0	0	0	0	19	5	25
SC_RS02240	NC_003888.3	33842	34777	+	936	0	1	0	1	1	3	47	14	36
SC_RS02245	NC_003888.3	35179	35907	-	729	12	13	11	29	29	29	69	24	44
SC_RS02250	NC_003888.3	36006	36674	-	669	8	15	10	4	2	3	28	7	37
SC_RS02255	NC_003888.3	36816	37478	+	663	8	4	5	4	5	8	46	2	47
SC_RS02260	NC_003888.3	37614	38768	-	1155	77	68	97	70	69	58	102	70	113
SC_RS02265	NC_003888.3	39107	39325	-	219	1	0	3	0	0	2	22	4	20
SC_RS02270	NC_003888.3	39489	39812	+	324	2	4	3	2	4	9	27	15	29
SC_RS02275	NC_003888.3	39901	40212	+	312	0	0	0	3	2	4	28	9	23
SC_RS02280	NC_003888.3	40223	41065	-	843	5	2	2	1	2	6	79	18	43
SC_RS02285	NC_003888.3	41354	42174	+	821	13	18	14	10	29	20	72	23	56
SC_RS02290	NC_003888.3	42171	43682	-	1512	114	107	129	244	211	239	193	93	138
SC_RS02295	NC_003888.3	43950	44090	+	141	2	1	3	7	9	15	20	7	8
SC_RS02300	NC_003888.3	44187	44555	+	369	86	55	100	38	36	56	34	23	36
SC_RS02305	NC_003888.3	44796	44975	+	180	54	38	55	38	21	51	40	15	22
SC_RS02310	NC_003888.3	45267	46073	+	807	36	32	38	36	48	32	71	25	56
SC_RS02315	NC_003888.3	46064	46201	+	138	2	7	3	5	3	5	7	6	18
SC_RS02320	NC_003888.3	46430	47734	-	1305	82	58	81	36	47	46	125	43	84
SC_RS02325	NC_003888.3	47789	48844	-	1056	100	69	66	25	19	29	79	25	67
SC_RS02330	NC_003888.3	48889	49824	-	936	66	49	85	25	20	27	76	32	60
SC_RS02335	NC_003888.3	49821	51539	-	1719	47	37	51	42	41	32	128	29	72
SC_RS02340	NC_003888.3	51831	53144	+	1314	7	6	4	12	10	6	69	29	65
SC_RS02345	NC_003888.3	53141	54100	+	960	2	3	0	3	11	6	56	14	43
SC_RS02350	NC_003888.3	54103	54918	+	816	2	1	0	4	4	7	55	17	39
SC_RS02355	NC_003888.3	54968	56173	+	1206	2	2	3	2	3	6	75	15	47
SC_RS02360	NC_003888.3	56225	59383	+	3159	5	6	15	18	14	17	162	34	141
SC_RS02365	NC_003888.3	59546	60058	+	513	0	2	4	0	2	2	40	8	40
SC_RS02370	NC_003888.3	60069	60275	-	207	2	5	9	7	4	0	13	5	16
SC_RS02375	NC_003888.3	60485	60691	-	207	15	10	17	32	33	60	55	40	45
SC_RS02380	NC_003888.3	60740	64066	-	3327	27	20	28	167	146	193	314	163	231
SC_RS02385	NC_003888.3	64587	64925	+	339	0	0	2	0	0	0	28	8	19
SC_RS02390	NC_003888.3	65140	65679	+	540	4	3	9	20	18	11	73	39	65
SC_RS02395	NC_003888.3	65943	66104	-	162	0	2	3	0	0	2	11	5	11
SC_RS02400	NC_003888.3	66104	66418	-	315	1	3	1	5	7	0	20	3	17
SC_RS02405	NC_003888.3	66688	67911	-	1224	4	4	4	13	14	20	75	27	85
SC_RS02410	NC_003888.3	68372	68887	+	516	12	19	22	13	11	4	39	11	43
SC_RS02415	NC_003888.3	68914	69676	-	763	5	1	0	5	0	2	74	15	50
SC_RS02420	NC_003888.3	69799	70647	+	849	1	1	1	4	3	3	54	18	49
SC_RS02425	NC_003888.3	70777	71235	+	459	19	12	23	14	6	19	31	14	26
SC_RS02430	NC_003888.3	71273	71431	-	159	3	2	1	0	2	0	28	4	12
SC_RS02435	NC_003888.3	71648	72139	-	492	1	5	2	4	2	1	31	5	19
SC_RS02440	NC_003888.3	72159	73097	-	939	12	15	18	29	15	25	47	19	70
SC_RS02445	NC_003888.3	73784	74833	-	1050	19	21	26	31	45	62	86	20	68
SC_RS02450	NC_003888.3	74917	75876	-	960	13	22	28	31	36	32	65	27	57
SC_RS02455	NC_003888.3	75916	76893	+	978	33	22	39	116	106	102	128	77	103
SC_RS02460	NC_003888.3	76985	77200	-	216	2	2	0	0	2	5	30	11	22
SC_RS02465	NC_003888.3	77315	78271	+	957	1	0	2	1	5	2	22	4	10
SC_RS02470	NC_003888.3	78489	78779	-	291	1	0	0	0	0	0	16	0	18
SC_RS02475	NC_003888.3	78845	80690	-	1846	69	75	96	131	118	152	207	103	171
SC_RS02480	NC_003888.3	80845	81165	-	321	42	47	66	122	115	110	100	112	101
SC_RS02485	NC_003888.3	81602	82441	-	840	1	0	1	1	2	0	11	4	11
SC_RS02490	NC_003888.3	82716	83500	+	785	22	28	32	28	24	25	72	28	60
SC_RS02495	NC_003888.3	83516	84235	-	720	55	49	58	64	64	57	71	37	74
SC_RS02500	NC_003888.3	85468	86643	+	1176	77	56	86	27	20	28	68	22	69
SC_RS02505	NC_003888.3	86640	87311	+	672	34	46	54	15	12	5	53	18	43
SC_RS02510	NC_003888.3	87907	88632	-	726	2	1	1	5	2	2	42	10	25
SC_RS02515	NC_003888.3	89073	89465	+	393	4	5	6	20	23	26	71	56	64
SC_RS02520	NC_003888.3	89486	90010	-	525	9	15	18	85	75	74	62	37	68
SC_RS02525	NC_003888.3	90584	90757	+	174	1	0	0	1	3	0	32	8	20
SC_RS02530	NC_003888.3	90951	91790	-	840	16	17	12	51	62	90	92	54	83
SC_RS02535	NC_003888.3	91977	92729	+	753	0	3	1	2	7	4	55	14	41
SC_RS02540	NC_003888.3	93220	93549	-	330	0	0	2	1	0	1	23	6	17
SC_RS02545	NC_003888.3	93593	94087	-	495	20	14	36	16	20	13	35	10	43
SC_RS02550	NC_003888.3	94306	94872	-	567	44	47	72	63	60	48	71	33	60
SC_RS02555	NC_003888.3	94989	95681	+	693	6	6	7	12	5	2	51	18	30
SC_RS02560	NC_003888.3	95995	97518	+	1524	135	136	139	553	537	557	212	124	194
SC_RS02565	NC_003888.3	97760	98281	-	522	0	1	1	21	21	24	69	20	42
SC_RS02570	NC_003888.3	98463	99338	-	876	1	0	3	11	23	14	55	20	68
SC_RS02575	NC_003888.3	99335	99949	-	615	0	0	0	10	15	18	49	18	41
SC_RS02580	NC_003888.3	100205	101566	+	1362	1	3	0	10	4	10	106	29	72
SC_RS02585	NC_003888.3	101656	103002	-	1347	6	6	6	8	7	12	84	31	49
SC_RS02590	NC_003888.3	103781	104989	+	1209	3	5	0	6	1	5	88	15	53
SC_RS02595	NC_003888.3	105057	106640	+	1584	0	0	7	8	1	5	89	19	71
SC_RS02600	NC_003888.3	106694	112885	+	6192	16	14	21	57	49	66	349	92	271
SC_RS02605	NC_003888.3	112932	119654	+	6723	12	10	14	48	30	33	366	76	309
SC_RS02610	NC_003888.3	119651	119833	+	183	0	1	4	4	2	1	11	8	6
SC_RS02615	NC_003888.3	120457	121371	+	915	24	14	31	107	101	47	70	19	59
SC_RS02620	NC_003888.3	121617	122456	-	840	2	1	2	6794	6218	5288	312	213	145
SC_RS02625	NC_003888.3	122743	125502	+	2760	73	69	59	141	145	130	451	373	381
SC_RS02630	NC_003888.3	125625	126005	-	381	1	0	0	1	0	0	35	5	34
SC_RS02635	NC_003888.3	127571	128290	+	720	4	6	5	30	29	25	75	38	64
SC_RS02640	NC_003888.3	128634	130184	-	1551	24	21	27	109	92	84	123	67	126
SC_RS02645	NC_003888.3	130201	131001	-	801	24	17	36	107	109	68	100	70	85
SC_RS02650	NC_003888.3	131523	132296	+	774	2	7	9	6	10	6	55	10	36
SC_RS02655	NC_003888.3	132327	132647	+	321	1	1	2	1	0	0	16	4	17
SC_RS02660	NC_003888.3	132693	133520	+	828	5	11	8	9	4	6	60	16	33
SC_RS02665	NC_003888.3	133570	134121	-	552	8	5	14	17	11	24	215	199	183
SC_RS02670	NC_003888.3	134295	136100	-	1806	64	71	73	70	45	92	150	65	117
SC_RS02675	NC_003888.3	136149	136307	+	159	0	0	0	0	0	0	21	1	16
SC_RS02680	NC_003888.3	136683	137183	+	501	28	25	29	5	11	12	44	16	33
SC_RS02685	NC_003888.3	137197	137556	+	360	15	15	34	14	12	8	29	26	22
SC_RS02690	NC_003888.3	137561	138589	+	1029	89	83	107	72	65	57	88	51	86
SC_RS02695	NC_003888.3	138543	138761	-	219	4	2	6	1	1	4	25	7	19
SC_RS02700	NC_003888.3	138976	139467	+	492	57	65	80	25	28	22	53	24	40
SC_RS02705	NC_003888.3	139467	139712	+	246	31	27	28	12	14	10	20	11	8
SC_RS02710	NC_003888.3	139709	140862	+	1154	143	99	120	43	26	34	102	44	73
SC_RS02715	NC_003888.3	141370	141708	+	339	17	16	18	1	2	7	28	5	23
SC_RS02720	NC_003888.3	141705	143315	+	1611	17	9	25	3	7	5	92	18	57
SC_RS02725	NC_003888.3	143776	144363	-	588	19	21	17	23	15	19	67	27	53
SC_RS02730	NC_003888.3	144704	145366	-	663	14	17	21	33	27	21	70	13	47
SC_RS02735	NC_003888.3	145499	146122	+	624	65	72	86	151	104	154	117	91	101
SC_RS02740	NC_003888.3	146977	148206	+	1230	4	1	9	10	11	6	59	25	49
SC_RS02745	NC_003888.3	148225	149184	+	960	0	1	5	2	1	0	59	8	37
SC_RS02750	NC_003888.3	149508	150209	-	702	2	3	3	15	19	18	61	38	56
SC_RS02755	NC_003888.3	150579	151571	+	993	5	7	0	274	298	237	1687	2597	2404
SC_RS02760	NC_003888.3	151749	153275	+	1527	7	6	7	17	24	12	118	88	144
SC_RS02765	NC_003888.3	153398	155728	+	2331	2	2	7	14	13	12	200	60	141
SC_RS02770	NC_003888.3	155707	156120	-	414	9	7	19	32	29	23	92	111	101
SC_RS02775	NC_003888.3	156338	157141	+	804	17	13	16	40	30	48	186	154	220
SC_RS02780	NC_003888.3	157189	158073	-	885	7	16	14	1264	1227	1022	9440	13352	12339
SC_RS02785	NC_003888.3	158846	159304	+	459	19	6	10	1112	1127	1080	4663	6810	6020
SC_RS02790	NC_003888.3	159339	160025	+	687	8	19	17	725	880	843	2649	4133	3686
SC_RS02795	NC_003888.3	160026	160238	-	213	15	19	15	115	80	55	244	264	325
SC_RS02800	NC_003888.3	160356	161027	-	672	28	29	36	353	353	306	2665	3677	3322
SC_RS02805	NC_003888.3	161237	162553	+	1317	0	1	0	392	393	315	3338	4684	4313
SC_RS02810	NC_003888.3	162661	163119	+	459	3	2	4	36	34	18	154	160	199
SC_RS02815	NC_003888.3	163235	163891	-	657	21	17	30	97	103	78	319	518	559
SC_RS02820	NC_003888.3	164023	164931	-	909	7	3	6	418	421	456	2587	4067	3558
SC_RS02825	NC_003888.3	165275	165397	+	123	1	0	0	0	0	0	13	4	11
SC_RS02830	NC_003888.3	165478	165855	+	378	0	0	1	0	1	1	29	5	27
SC_RS02835	NC_003888.3	166033	166614	+	582	5	3	3	328	339	336	3231	4909	4425
SC_RS02840	NC_003888.3	166891	166965	+	75	25	18	42	11	18	14	74	118	105
SC_RS02845	NC_003888.3	167444	168514	-	1071	3	4	8	1096	1033	723	3995	5664	5912
SC_RS02850	NC_003888.3	168705	169556	-	852	1	1	2	210	173	165	975	1476	1548
SC_RS02855	NC_003888.3	169584	170486	-	903	5	3	2	617	628	569	5011	6712	6090
SC_RS02860	NC_003888.3	170827	171651	+	825	0	1	0	4	1	0	59	12	56
SC_RS02865	NC_003888.3	171653	172158	+	506	0	0	1	0	0	0	24	6	12
SC_RS02870	NC_003888.3	172170	173665	+	1496	3	0	1	4	1	3	81	12	63
SC_RS02875	NC_003888.3	173801	174946	+	1146	265	350	397	105	119	150	94	65	148
SC_RS02880	NC_003888.3	174943	176514	+	1572	199	300	326	72	88	129	94	63	143
SC_RS02885	NC_003888.3	176501	177496	+	996	67	98	133	18	28	25	56	25	56
SC_RS02890	NC_003888.3	177493	178503	+	1011	62	158	159	21	40	24	71	26	78
SC_RS02895	NC_003888.3	178519	180087	-	1569	86	117	138	96	116	167	113	45	85
SC_RS02900	NC_003888.3	180084	180824	-	741	33	33	52	35	42	69	50	21	42
SC_RS02905	NC_003888.3	180821	182038	-	1218	233	308	407	109	101	174	104	45	117
SC_RS02910	NC_003888.3	182309	183559	-	1251	782	800	1019	320	284	429	155	115	177
SC_RS02915	NC_003888.3	183793	184797	-	1005	2272	2130	2850	977	858	1097	341	301	375
SC_RS02920	NC_003888.3	184958	185566	+	609	671	712	955	219	231	280	689	603	743
SC_RS02925	NC_003888.3	185675	186361	+	687	352	337	467	104	126	129	296	278	381
SC_RS02930	NC_003888.3	186447	186887	+	441	106	134	158	63	49	54	123	73	125
SC_RS02935	NC_003888.3	187019	187459	-	441	7	15	18	126	177	179	319	493	442
SC_RS02940	NC_003888.3	187992	188858	-	867	19	7	24	273	328	255	817	1221	1284
SC_RS02945	NC_003888.3	188864	189886	-	1023	8	3	4	438	532	440	1992	2812	3023
SC_RS02950	NC_003888.3	189925	190830	-	906	7	6	3	857	1103	991	5859	8280	7516
SC_RS02955	NC_003888.3	190983	191612	-	630	4	1	6	827	947	728	4739	6854	6731
SC_RS02960	NC_003888.3	191904	192848	+	945	3	8	9	7	5	4	71	17	55
SC_RS02965	NC_003888.3	192880	194637	-	1758	145	131	219	1068	951	1060	1752	2138	2062
SC_RS02970	NC_003888.3	194760	195461	-	702	25	27	40	1988	2125	2172	6258	9607	7041
SC_RS02975	NC_003888.3	195554	196307	-	754	0	0	0	7	3	7	43	32	54
SC_RS02980	NC_003888.3	196386	196991	-	606	0	0	1	21	21	16	86	119	124
SC_RS02985	NC_003888.3	197221	199917	+	2697	6	7	9	465	492	386	2735	4209	3923
SC_RS02990	NC_003888.3	200024	200428	+	405	2	4	3	489	492	373	3041	4277	3888
SC_RS02995	NC_003888.3	200701	201369	+	669	3	1	3	163	160	132	662	1054	1063
SC_RS03000	NC_003888.3	201374	202090	+	717	3	6	2	38	66	29	160	182	236
SC_RS03005	NC_003888.3	202370	202843	-	474	8	6	3	119	113	107	219	402	313
SC_RS03010	NC_003888.3	202863	204101	-	1239	5	6	3	535	628	586	1483	2611	2018
SC_RS03015	NC_003888.3	204387	204800	+	414	11	13	3	165	190	186	428	564	439
SC_RS03020	NC_003888.3	204881	205888	-	1008	3	2	4	266	239	258	1351	2068	1826
SC_RS03025	NC_003888.3	206480	210181	+	3702	12	10	25	2015	2893	2791	4887	7855	6667
SC_RS03030	NC_003888.3	210183	211751	+	1569	6	3	11	484	734	583	677	999	984
SC_RS03035	NC_003888.3	211748	212551	+	804	1	0	0	91	137	201	145	200	211
SC_RS03040	NC_003888.3	212551	213321	+	771	1	0	3	117	180	254	152	254	216
SC_RS03045	NC_003888.3	213421	213870	+	450	6	5	3	59	49	89	80	93	106
SC_RS03050	NC_003888.3	213892	214542	-	651	0	1	5	7	13	8	54	15	66
SC_RS03055	NC_003888.3	214913	215446	+	534	401	413	507	282	312	335	220	153	171
SC_RS03060	NC_003888.3	215807	216844	-	1038	101	109	102	42	29	31	929	770	732
SC_RS03065	NC_003888.3	217315	217968	-	654	219	195	272	39	49	41	76	44	70
SC_RS03070	NC_003888.3	218481	218771	+	291	1	1	0	0	0	0	31	6	31
SC_RS03075	NC_003888.3	219302	220150	+	849	110	85	113	156	156	198	105	73	100
SC_RS03080	NC_003888.3	220150	220764	+	615	94	76	129	98	122	119	63	49	58
SC_RS03085	NC_003888.3	221092	221247	-	156	62	51	84	73	41	121	102	108	85
SC_RS03090	NC_003888.3	221414	221599	-	186	0	0	0	1	1	0	9	3	8
SC_RS03095	NC_003888.3	221699	222538	-	840	12	12	16	22	26	15	78	27	62
SC_RS03100	NC_003888.3	222827	223288	+	462	0	0	0	1	1	3	28	5	26
SC_RS03105	NC_003888.3	223294	224232	+	939	65	69	53	63	60	93	125	91	108
SC_RS03110	NC_003888.3	224404	225276	-	873	8	11	6	27	24	12	68	32	63
SC_RS03115	NC_003888.3	225476	226237	+	762	0	2	1	4	1	1	52	8	28
SC_RS03120	NC_003888.3	226481	227008	+	528	4	2	11	3	3	4	32	5	35
SC_RS03125	NC_003888.3	227081	228154	-	1074	13	14	14	18	21	22	87	31	63
SC_RS03130	NC_003888.3	228714	229649	-	936	34	34	33	19	14	29	70	25	49
SC_RS03135	NC_003888.3	229995	230669	+	675	18	15	18	18	12	23	61	15	56
SC_RS03140	NC_003888.3	231022	231465	+	444	51	44	70	392	289	446	373	390	398
SC_RS03145	NC_003888.3	231475	231654	+	180	33	30	33	150	157	129	190	163	151
SC_RS03150	NC_003888.3	232508	233518	+	1011	150	117	156	85	48	82	99	66	102
SC_RS03155	NC_003888.3	233854	234873	-	1020	220	227	276	60	55	85	116	50	67
SC_RS03160	NC_003888.3	234870	236207	-	1338	634	652	788	129	124	130	178	81	135
SC_RS03165	NC_003888.3	236794	237807	+	1014	1167	1113	1515	1502	1509	1719	899	918	681
SC_RS03170	NC_003888.3	238280	239794	-	1515	146	157	214	53	46	51	130	38	103
SC_RS03175	NC_003888.3	239858	240523	+	666	102	95	166	42	43	47	90	62	70
SC_RS03180	NC_003888.3	240876	242123	-	1248	45	45	63	41	31	46	75	27	83
SC_RS03185	NC_003888.3	242203	242766	+	564	57	68	104	52	42	38	52	33	64
SC_RS03190	NC_003888.3	243022	243762	-	741	19	24	26	36	41	60	96	63	79
SC_RS03195	NC_003888.3	243936	245759	-	1824	25	19	13	16	5	10	127	35	96
SC_RS03200	NC_003888.3	245986	246783	+	798	16	27	27	8	2	5	134	78	104
SC_RS03205	NC_003888.3	246868	247869	+	1002	12	16	12	5	4	8	90	42	70
SC_RS03210	NC_003888.3	247871	248680	+	810	9	22	19	10	7	8	84	45	52
SC_RS03215	NC_003888.3	248677	249702	+	1026	20	27	26	13	8	6	111	80	103
SC_RS03220	NC_003888.3	249755	250084	+	330	113	131	148	99	103	114	128	122	98
SC_RS03225	NC_003888.3	250164	250691	-	528	12	13	13	16	12	25	42	30	41
SC_RS03230	NC_003888.3	250805	251740	+	936	69	64	65	114	59	92	126	95	90
SC_RS03235	NC_003888.3	251764	252879	-	1116	50	47	54	15	26	17	89	20	82
SC_RS03240	NC_003888.3	252946	253398	+	453	34	23	45	71	54	54	62	56	48
SC_RS03245	NC_003888.3	253499	254290	+	792	62	58	73	104	87	84	87	100	90
SC_RS03250	NC_003888.3	254332	255198	-	867	4	13	7	18	9	15	57	19	43
SC_RS03255	NC_003888.3	255311	256087	+	777	4	1	3	3	9	6	78	14	47
SC_RS03260	NC_003888.3	256281	256442	+	162	5	7	4	1145	757	1212	476	542	420
SC_RS03265	NC_003888.3	256526	259687	+	3162	29	24	51	1003	613	932	499	450	469
SC_RS03270	NC_003888.3	259684	261084	+	1401	6	5	6	159	107	162	98	55	122
SC_RS03275	NC_003888.3	261366	262319	+	954	4	7	5	12	11	8	57	22	42
SC_RS03280	NC_003888.3	262330	263220	+	891	2	1	1	8	6	6	48	9	45
SC_RS03285	NC_003888.3	263285	264634	+	1350	5	4	1	9	16	8	63	16	60
SC_RS03290	NC_003888.3	264764	266263	+	1500	10	10	10	23	20	21	74	19	70
SC_RS03295	NC_003888.3	266356	267513	+	1158	42	40	69	39	26	27	89	34	64
SC_RS03300	NC_003888.3	267585	268838	+	1254	51	73	60	50	49	27	101	44	75
SC_RS03305	NC_003888.3	269020	269688	-	669	75	94	111	129	125	117	124	67	95
SC_RS03310	NC_003888.3	269783	270397	+	615	39	41	54	1	3	0	43	15	31
SC_RS03315	NC_003888.3	270444	271748	+	1305	79	66	86	43	40	37	95	38	80
SC_RS03320	NC_003888.3	271768	272469	-	702	25	22	41	59	59	40	70	13	45
SC_RS03325	NC_003888.3	272466	272849	-	384	7	10	14	20	20	17	26	12	21
SC_RS03330	NC_003888.3	272898	273656	+	759	65	63	69	64	59	69	78	25	63
SC_RS03335	NC_003888.3	274101	274535	-	435	7	7	7	2	5	4	42	12	48
SC_RS03340	NC_003888.3	274763	276805	+	2043	8	6	6	23	38	11	114	39	109
SC_RS03345	NC_003888.3	276953	278827	+	1875	29	28	40	58	46	65	153	49	103
SC_RS03350	NC_003888.3	278910	279416	-	507	369	319	340	109	96	92	106	83	105
SC_RS03355	NC_003888.3	279691	280695	+	1005	51	53	48	47	92	62	145	56	91
SC_RS03360	NC_003888.3	280692	281132	-	441	18	23	25	5	8	10	41	15	30
SC_RS03365	NC_003888.3	281129	282157	-	1029	139	110	161	42	40	41	113	63	93
SC_RS03370	NC_003888.3	282491	283801	+	1311	1	2	2	2	7	5	86	21	69
SC_RS03375	NC_003888.3	283798	284700	+	903	2	3	4	8	4	2	40	10	26
SC_RS03380	NC_003888.3	284702	285598	+	897	5	3	3	1	2	2	54	6	49
SC_RS03385	NC_003888.3	285714	288104	+	2391	4	7	4	4	9	4	119	30	88
SC_RS03390	NC_003888.3	288187	288840	-	654	12	11	10	13	13	14	58	19	39
SC_RS03395	NC_003888.3	288987	290456	-	1470	12	16	23	18	9	18	103	42	63
SC_RS03400	NC_003888.3	290584	291165	+	582	61	49	86	24	38	34	83	35	49
SC_RS03405	NC_003888.3	291315	292592	+	1278	40	47	54	6237	4883	5222	1506	1531	1254
SC_RS03410	NC_003888.3	292656	293519	-	864	132	142	216	389	253	271	289	273	259
SC_RS03415	NC_003888.3	293613	294497	+	885	19	13	21	93	84	86	74	39	76
SC_RS03420	NC_003888.3	294494	296305	-	1812	25	26	24	689	638	768	274	184	239
SC_RS03425	NC_003888.3	296477	297499	+	1023	3	3	4	44	28	39	83	19	77
SC_RS03430	NC_003888.3	297515	298108	-	594	68	68	104	108	82	67	130	94	99
SC_RS03435	NC_003888.3	298468	298836	-	369	3	3	1	11	13	17	27	20	32
SC_RS03440	NC_003888.3	299213	302092	+	2880	34	43	43	769	588	723	1109	983	891
SC_RS03445	NC_003888.3	302053	303030	-	978	3	4	4	5	10	3	76	24	81
SC_RS03450	NC_003888.3	303084	303971	+	888	20	32	25	44	51	42	70	42	50
SC_RS03455	NC_003888.3	304074	305429	+	1356	20	15	27	87	63	69	129	62	98
SC_RS03460	NC_003888.3	305537	306721	-	1185	24	31	35	18	18	17	67	33	59
SC_RS03465	NC_003888.3	306816	307460	-	645	54	47	82	52	52	71	74	34	50
SC_RS03470	NC_003888.3	307575	309131	+	1557	7	1	2	2	5	3	84	22	80
SC_RS03475	NC_003888.3	309147	310316	+	1170	2	2	1	3	3	4	48	10	52
SC_RS03480	NC_003888.3	310378	311727	+	1350	2	1	1	4	1	1	62	7	57
SC_RS03485	NC_003888.3	311724	313670	+	1947	3	2	2	4	5	16	121	12	77
SC_RS03490	NC_003888.3	313697	315055	-	1359	12	8	11	59	51	68	159	122	146
SC_RS03495	NC_003888.3	315254	316921	-	1668	18	16	25	34	29	44	72	42	81
SC_RS03500	NC_003888.3	316975	318237	-	1263	11	16	15	39	35	29	87	24	63
SC_RS03505	NC_003888.3	318329	319288	-	960	7	0	2	4	7	1	72	9	46
SC_RS03510	NC_003888.3	319712	319882	+	171	1	0	3	6	2	2	312	288	252
SC_RS03515	NC_003888.3	320113	320583	+	471	3	0	5	20	5	13	603	529	502
SC_RS03520	NC_003888.3	320720	322255	+	1536	19	18	23	36	20	27	459	410	411
SC_RS03525	NC_003888.3	322244	323938	-	1695	20	22	16	13	32	15	101	41	84
SC_RS03530	NC_003888.3	324330	324617	+	288	0	0	2	17	7	3	42	25	28
SC_RS03535	NC_003888.3	324710	325210	+	501	2	1	4	174	94	63	82	31	80
SC_RS03540	NC_003888.3	325238	327616	-	2379	6	3	5	14705	13268	13653	3029	2591	1963
SC_RS03545	NC_003888.3	327944	328264	+	321	1	0	0	12	8	6	30	11	31
SC_RS03550	NC_003888.3	328333	329301	+	969	21	16	24	93	94	98	112	73	126
SC_RS03555	NC_003888.3	329342	330174	+	833	0	0	0	2	1	0	17	6	11
SC_RS03560	NC_003888.3	330235	331365	+	1131	33	34	45	47	42	55	92	53	83
SC_RS03565	NC_003888.3	331504	332253	+	750	31	29	33	16	12	10	38	11	43
SC_RS03570	NC_003888.3	332311	333210	+	900	15	18	16	7	9	12	46	2	50
SC_RS03575	NC_003888.3	333529	334149	+	621	43	48	51	34	54	38	55	14	46
SC_RS03580	NC_003888.3	334223	335734	-	1512	5	12	7	8	5	17	75	35	88
SC_RS03585	NC_003888.3	335948	336292	+	345	0	0	0	0	0	1	27	2	21
SC_RS03590	NC_003888.3	336333	339467	+	3135	22	32	31	58	38	45	182	51	156
SC_RS03595	NC_003888.3	339521	340630	-	1110	15	28	24	13	9	13	85	29	56
SC_RS03600	NC_003888.3	340752	341318	+	567	72	65	100	73	64	47	123	60	72
SC_RS03605	NC_003888.3	341370	341909	-	540	8	3	11	3	0	5	45	6	34
SC_RS03610	NC_003888.3	341803	342561	+	759	15	15	12	4	8	2	64	12	42
SC_RS03615	NC_003888.3	342578	343156	-	579	66	70	109	35	37	57	81	35	64
SC_RS03620	NC_003888.3	343234	345663	-	2430	2	2	3	2	8	4	142	20	118
SC_RS03625	NC_003888.3	345817	347706	-	1890	12	5	6	3	11	3	97	37	90
SC_RS03630	NC_003888.3	348206	349381	+	1176	47	40	68	40	29	23	115	55	73
SC_RS03635	NC_003888.3	349419	350201	-	783	30	32	42	43	35	37	72	35	76
SC_RS03640	NC_003888.3	350474	351352	+	879	35	31	42	30	30	30	70	18	62
SC_RS03645	NC_003888.3	351529	352779	+	1251	25	25	35	28	19	21	110	54	65
SC_RS03650	NC_003888.3	352776	353795	+	1020	10	12	9	15	9	17	77	20	60
SC_RS03655	NC_003888.3	353801	354805	+	1005	17	4	28	13	17	28	82	27	61
SC_RS03660	NC_003888.3	354802	355686	+	885	8	8	6	16	5	9	43	34	46
SC_RS03665	NC_003888.3	355713	357158	+	1446	21	18	31	25	25	41	106	51	89
SC_RS03670	NC_003888.3	357203	358477	+	1275	44	42	37	63	75	84	140	128	120
SC_RS03675	NC_003888.3	358481	359392	+	912	16	22	26	29	31	32	89	44	84
SC_RS03680	NC_003888.3	359389	360231	+	843	8	5	9	24	21	24	68	44	64
SC_RS03685	NC_003888.3	360305	360646	+	342	1	0	5	3	7	3	22	11	16
SC_RS03690	NC_003888.3	360674	361465	+	792	29	24	25	9	13	7	66	30	54
SC_RS03695	NC_003888.3	361759	362508	-	750	167	168	201	90	115	112	138	79	85
SC_RS03700	NC_003888.3	362635	363777	+	1143	52	46	49	34	46	39	150	87	106
SC_RS03705	NC_003888.3	363831	364496	+	666	32	28	42	60	29	32	109	80	84
SC_RS03710	NC_003888.3	364559	365602	-	1044	135	119	171	114	123	153	145	108	132
SC_RS03715	NC_003888.3	365623	366795	-	1173	30	33	56	57	37	40	86	28	79
SC_RS03720	NC_003888.3	366935	368146	+	1212	3	8	7	11	6	9	75	19	59
SC_RS03725	NC_003888.3	368143	369252	+	1110	8	8	5	4	7	5	56	19	57
SC_RS03730	NC_003888.3	369249	370055	+	807	5	1	4	5	2	3	45	6	36
SC_RS03735	NC_003888.3	370066	370812	+	747	7	10	9	14	9	14	41	10	26
SC_RS03740	NC_003888.3	370809	371876	+	1068	9	12	5	13	16	23	66	16	44
SC_RS03745	NC_003888.3	371921	372928	-	1008	8	6	8	5	2	5	57	14	29
SC_RS03750	NC_003888.3	373045	374001	+	957	0	0	0	0	3	0	12	6	13
SC_RS03755	NC_003888.3	373998	377255	-	3258	0	3	7	5	2	5	159	25	136
SC_RS03760	NC_003888.3	377286	380690	-	3405	1	0	3	2	11	4	163	36	151
SC_RS03765	NC_003888.3	380751	383360	-	2610	2	0	0	3	9	4	114	30	120
SC_RS03770	NC_003888.3	383578	386592	-	3015	8	11	20	6	7	8	168	31	132
SC_RS03775	NC_003888.3	386761	387324	-	564	10	12	14	42	18	27	50	27	37
SC_RS03780	NC_003888.3	387750	389519	+	1770	4	1	9	474	464	553	1395	1331	1118
SC_RS03785	NC_003888.3	389531	391123	-	1593	17	18	17	18	12	19	130	53	114
SC_RS03790	NC_003888.3	391232	391834	+	603	59	58	87	51	37	40	106	55	67
SC_RS03795	NC_003888.3	391950	392483	-	534	9	8	6	2	4	7	42	10	32
SC_RS03800	NC_003888.3	392484	393212	-	729	4	3	4	15	20	24	52	16	42
SC_RS03805	NC_003888.3	393498	394961	+	1464	462	453	574	1764	2020	3464	3022	3556	2466
SC_RS03810	NC_003888.3	395065	395460	+	396	12	15	18	35	26	42	74	52	70
SC_RS03815	NC_003888.3	395939	397414	+	1476	12	7	17	3416	3069	3316	2980	3160	2906
SC_RS03820	NC_003888.3	397485	398810	+	1326	2	6	10	4050	3673	3846	3573	3731	3164
SC_RS03825	NC_003888.3	398800	400104	+	1305	14	7	13	3543	3227	3192	2452	2726	2195
SC_RS03830	NC_003888.3	400101	401468	+	1368	6	9	11	3614	3244	3271	3158	3637	3185
SC_RS03835	NC_003888.3	401465	403030	+	1566	6	9	12	2599	2167	2312	2195	2433	2231
SC_RS03840	NC_003888.3	403034	404968	+	1935	7	14	11	2412	2002	2159	2082	2209	2060
SC_RS03845	NC_003888.3	405058	407250	+	2193	12	11	4	5717	5069	5306	3656	3913	3371
SC_RS03850	NC_003888.3	407247	409214	+	1968	12	2	4	4088	3497	3607	2937	3053	2969
SC_RS03855	NC_003888.3	409237	410772	+	1536	0	3	2	1031	919	1016	1057	1097	1022
SC_RS03860	NC_003888.3	410774	412006	+	1233	1	2	1	530	443	553	524	492	478
SC_RS03865	NC_003888.3	412009	413250	+	1242	2	2	0	1222	1084	1194	1166	1293	1309
SC_RS03870	NC_003888.3	413247	414497	+	1251	3	4	3	4239	3610	3946	3103	3398	3087
SC_RS03875	NC_003888.3	414494	415303	+	810	3	4	7	2698	2324	2367	1979	2175	1821
SC_RS03880	NC_003888.3	415300	415947	+	648	3	2	3	1505	1324	1467	1190	1220	1198
SC_RS03885	NC_003888.3	415951	416976	+	1026	4	3	7	3726	3418	3560	2813	2978	2584
SC_RS03890	NC_003888.3	416964	418247	+	1284	3	5	5	4175	3501	3686	3413	3384	2950
SC_RS03895	NC_003888.3	418253	419542	+	1290	4	3	7	2291	1911	1811	2030	1878	1909
SC_RS03900	NC_003888.3	419539	420486	+	948	1	14	4	1513	1626	1613	1332	1230	1238
SC_RS03905	NC_003888.3	420483	421715	+	1233	6	12	8	3287	2811	2940	2062	2145	1997
SC_RS03910	NC_003888.3	421712	422263	+	552	3	3	2	952	916	883	825	850	743
SC_RS03915	NC_003888.3	422271	423596	+	1326	8	8	7	2698	2461	2362	2011	2192	2047
SC_RS03920	NC_003888.3	423654	424406	-	753	94	75	102	833	795	722	1119	996	914
SC_RS03925	NC_003888.3	424609	425172	-	564	35	28	38	71	43	71	92	48	79
SC_RS03930	NC_003888.3	425291	425983	+	693	18	20	25	94	63	56	106	50	70
SC_RS03935	NC_003888.3	426015	426833	-	819	105	109	137	1047	949	991	883	849	779
SC_RS03940	NC_003888.3	426932	427606	+	675	8	8	12	6	8	17	44	17	48
SC_RS03945	NC_003888.3	427610	428614	+	1005	26	11	25	68	41	40	94	45	69
SC_RS03950	NC_003888.3	428657	429403	+	747	122	79	154	98	123	126	132	87	95
SC_RS03955	NC_003888.3	429492	429956	-	465	23	19	22	1118	1122	969	1456	1634	1271
SC_RS03960	NC_003888.3	430071	431162	-	1092	23	18	19	19	11	22	74	27	55
SC_RS03965	NC_003888.3	431312	431551	+	240	35	45	57	71	61	55	69	51	54
SC_RS03970	NC_003888.3	431551	431934	+	384	42	48	71	60	70	62	50	43	39
SC_RS03975	NC_003888.3	431962	432564	-	603	227	235	288	295	283	334	309	315	285
SC_RS03980	NC_003888.3	432617	433513	-	897	80	65	78	90	80	77	119	105	125
SC_RS03985	NC_003888.3	433615	433977	+	363	4	0	5	6	0	3	32	11	31
SC_RS03990	NC_003888.3	433984	434589	-	606	1	3	1	15	11	9	38	10	31
SC_RS03995	NC_003888.3	434651	435397	-	747	3	0	1	28	49	53	67	35	67
SC_RS04000	NC_003888.3	435489	436103	+	615	0	0	0	3	2	2	39	8	42
SC_RS04005	NC_003888.3	436235	437224	+	990	6	4	8	22	8	8	91	55	78
SC_RS04010	NC_003888.3	437253	438287	-	1035	100	100	120	70	80	91	120	79	110
SC_RS04015	NC_003888.3	438329	439000	-	672	7	8	5	14	20	12	51	22	26
SC_RS04020	NC_003888.3	438997	440190	-	1194	12	5	9	14	24	24	101	27	74
SC_RS04025	NC_003888.3	440282	442579	-	2298	11	3	8	9	4	4	113	36	121
SC_RS04030	NC_003888.3	442787	443191	+	405	3	2	3	1	1	1	25	4	23
SC_RS04035	NC_003888.3	443293	444243	-	951	40	24	37	15	13	12	69	27	48
SC_RS04040	NC_003888.3	444441	444671	+	231	6	6	4	60	57	46	37	8	21
SC_RS04045	NC_003888.3	444752	445588	+	837	162	159	170	124	146	146	87	39	58
SC_RS04050	NC_003888.3	445611	446144	+	534	76	90	107	45	52	35	42	16	37
SC_RS04055	NC_003888.3	446214	447161	-	948	61	66	50	21	25	25	55	27	56
SC_RS04060	NC_003888.3	447245	447868	+	624	256	237	336	65	66	87	112	57	90
SC_RS04065	NC_003888.3	447890	449218	-	1329	23	27	19	82	88	93	143	72	91
SC_RS04070	NC_003888.3	449515	453252	+	3738	24	19	24	205	225	210	279	122	250
SC_RS04075	NC_003888.3	453370	454374	+	1005	64	61	96	31	27	20	61	34	67
SC_RS04080	NC_003888.3	454546	456195	+	1650	42	35	46	43	16	19	92	20	85
SC_RS04085	NC_003888.3	456192	457397	+	1206	19	11	16	7	1	5	62	13	42
SC_RS04090	NC_003888.3	457484	457654	+	171	43	26	32	4	7	4	26	2	21
SC_RS04095	NC_003888.3	457670	458695	-	1026	181	137	185	28	51	50	92	16	62
SC_RS04100	NC_003888.3	458695	459345	-	651	44	36	52	18	13	14	36	10	24
SC_RS04105	NC_003888.3	459393	460367	-	975	83	69	89	24	23	30	50	12	47
SC_RS04110	NC_003888.3	460364	461083	-	720	79	93	86	14	31	21	44	8	42
SC_RS04115	NC_003888.3	461350	462102	+	753	425	438	501	31	14	14	73	29	53
SC_RS04120	NC_003888.3	462099	462857	+	759	326	263	340	9	7	6	47	16	36
SC_RS04125	NC_003888.3	462854	463711	+	858	147	156	173	2	4	2	41	15	40
SC_RS04130	NC_003888.3	463698	464099	-	402	29	27	40	27	28	37	60	32	59
SC_RS04135	NC_003888.3	464207	465502	-	1296	0	2	2	2	0	4	53	12	38
SC_RS04140	NC_003888.3	465496	465849	-	354	0	0	0	2	3	2	23	10	23
SC_RS04145	NC_003888.3	465990	466436	+	447	23	25	33	13	12	9	33	26	43
SC_RS04150	NC_003888.3	466429	466764	+	336	10	11	16	8	5	6	17	8	27
SC_RS04155	NC_003888.3	466758	467909	+	1152	12	18	12	7	3	8	74	13	48
SC_RS04160	NC_003888.3	468153	469232	+	1080	3	3	0	8	6	8	53	13	69
SC_RS04165	NC_003888.3	469315	470304	-	990	8	7	10	10	9	10	65	19	75
SC_RS04170	NC_003888.3	470355	471209	-	855	51	61	87	69	40	44	142	92	90
SC_RS04175	NC_003888.3	471415	472314	+	900	45	43	47	137	110	151	145	73	122
SC_RS04180	NC_003888.3	472458	473747	+	1290	7	6	5	30	16	20	77	19	48
SC_RS04185	NC_003888.3	473848	474789	+	942	6	6	9	15	14	16	65	11	55
SC_RS04190	NC_003888.3	474804	475631	+	828	7	5	6	24	10	10	41	8	37
SC_RS04195	NC_003888.3	475628	476671	+	1044	8	10	8	9	12	8	48	7	34
SC_RS04200	NC_003888.3	476738	478672	+	1935	19	34	29	31	30	38	122	32	96
SC_RS04205	NC_003888.3	478669	480957	+	2289	40	28	35	32	42	28	139	44	100
SC_RS04210	NC_003888.3	480973	481791	+	819	105	65	128	1003	1065	1105	1201	896	847
SC_RS04215	NC_003888.3	481810	482319	-	510	372	306	484	197	146	85	153	124	145
SC_RS04220	NC_003888.3	482456	483325	+	870	31	19	22	52	31	32	88	44	66
SC_RS04225	NC_003888.3	483338	484267	-	930	151	153	187	270	247	332	259	147	190
SC_RS04230	NC_003888.3	484318	484932	+	615	106	82	86	107	65	106	146	195	165
SC_RS04235	NC_003888.3	484973	486670	-	1698	11	14	30	20	29	15	115	28	102
SC_RS04240	NC_003888.3	486684	487514	-	831	4	6	2	26	17	28	58	26	42
SC_RS04245	NC_003888.3	487618	488601	+	984	14	10	10	20	19	18	87	33	60
SC_RS04250	NC_003888.3	488719	489357	+	639	13	3	8	32	22	29	92	42	50
SC_RS04255	NC_003888.3	489373	490350	-	978	74	65	84	100	108	104	169	107	121
SC_RS04260	NC_003888.3	490451	490972	+	522	37	36	44	52	48	65	74	39	48
SC_RS04265	NC_003888.3	490983	491891	+	909	27	11	24	12	13	10	55	18	35
SC_RS04270	NC_003888.3	491901	492881	+	981	11	13	19	32	40	38	102	54	85
SC_RS04275	NC_003888.3	493055	494263	-	1209	6	7	7	4	2	6	82	15	57
SC_RS04280	NC_003888.3	494260	495249	-	990	3	1	5	1	3	3	57	10	47
SC_RS04285	NC_003888.3	495246	496493	-	1248	10	5	3	3	1	0	66	7	40
SC_RS04290	NC_003888.3	496508	497359	-	852	6	3	4	2	0	3	52	11	48
SC_RS04295	NC_003888.3	497375	498133	+	759	4	2	10	5	2	1	58	7	40
SC_RS04300	NC_003888.3	498238	498630	+	393	13	17	19	65	36	50	80	42	71
SC_RS04305	NC_003888.3	498683	499756	-	1074	34	17	35	38	30	40	75	25	70
SC_RS04310	NC_003888.3	499952	500776	-	825	62	47	69	88	102	85	60	27	51
SC_RS04315	NC_003888.3	500926	501108	-	183	0	0	0	0	0	2	22	0	18
SC_RS04320	NC_003888.3	501119	501412	+	294	0	0	0	0	0	1	30	12	30
SC_RS04325	NC_003888.3	501699	502217	+	519	1	0	0	1	1	0	33	5	31
SC_RS04330	NC_003888.3	502342	503076	+	735	2	2	2	6	4	1	54	19	42
SC_RS04335	NC_003888.3	503073	503474	-	402	55	53	53	80	47	54	73	61	66
SC_RS04340	NC_003888.3	503539	504705	-	1167	34	37	38	24	11	28	85	31	77
SC_RS04345	NC_003888.3	504854	505465	+	612	122	110	188	37	47	48	62	39	58
SC_RS04350	NC_003888.3	505447	506670	-	1224	42	32	55	41	32	41	78	16	70
SC_RS04355	NC_003888.3	506842	507348	+	507	59	33	80	69	48	59	81	57	79
SC_RS04360	NC_003888.3	507451	510810	+	3360	65	56	65	278	201	166	648	292	502
SC_RS04365	NC_003888.3	510823	511035	-	213	17	20	29	765	811	748	1454	1359	1069
SC_RS04370	NC_003888.3	511124	512215	+	1092	100	78	155	2211	2152	2028	1903	1580	1676
SC_RS04375	NC_003888.3	512302	514002	-	1701	131	68	115	3029	2645	2747	2531	2570	2157
SC_RS04380	NC_003888.3	513989	524920	-	10932	178	168	236	16847	15494	17063	11065	10439	9122
SC_RS04385	NC_003888.3	524978	526783	-	1806	478	318	539	9589	8903	9296	6085	6248	5155
SC_RS04390	NC_003888.3	526786	527838	-	1053	388	292	447	9450	9005	9503	6085	5712	4538
SC_RS04395	NC_003888.3	527889	528752	-	864	196	169	256	1026	959	939	1005	784	789
SC_RS04400	NC_003888.3	528791	529882	-	1092	95	89	112	1005	813	779	1377	1098	1093
SC_RS04405	NC_003888.3	529894	530958	-	1065	156	122	194	2547	2573	2272	2961	3011	2395
SC_RS04410	NC_003888.3	530970	532325	-	1356	40	25	44	9729	9851	8773	9776	8630	7217
SC_RS04415	NC_003888.3	532501	533448	+	948	43	27	41	4399	4366	4589	2441	2040	1790
SC_RS04420	NC_003888.3	533534	533773	-	240	343	363	397	472	496	653	391	445	297
SC_RS04425	NC_003888.3	533812	535677	-	1866	6	3	6	125	84	117	175	99	193
SC_RS04430	NC_003888.3	535974	536408	+	435	10	7	10	14	9	12	46	16	26
SC_RS04435	NC_003888.3	536532	537512	+	981	11	7	20	9	5	8	58	12	44
SC_RS04440	NC_003888.3	537623	538942	+	1320	742	702	943	165	162	227	292	319	306
SC_RS04445	NC_003888.3	539123	542131	+	3009	64	80	105	412	323	379	1725	1678	1469
SC_RS04450	NC_003888.3	542269	543099	+	831	611	597	848	586	563	636	446	450	384
SC_RS04455	NC_003888.3	543119	543577	-	459	23	24	24	11	8	5	26	6	17
SC_RS04460	NC_003888.3	543545	544087	+	543	91	68	97	13	18	9	44	16	38
SC_RS04465	NC_003888.3	544194	545717	+	1524	47	32	32	154	126	154	234	125	208
SC_RS04470	NC_003888.3	545730	545981	-	252	2	1	3	4	5	5	32	5	25
SC_RS04475	NC_003888.3	546352	547116	+	765	15	8	10	38	13	21	68	24	62
SC_RS04480	NC_003888.3	547135	547743	-	609	63	58	68	88	95	93	117	77	104
SC_RS04485	NC_003888.3	547809	548900	+	1092	243	255	358	643	540	595	231	223	224
SC_RS04490	NC_003888.3	548968	549621	+	654	96	79	105	149	123	150	76	68	64
SC_RS04495	NC_003888.3	549841	550458	+	618	15	17	16	16	17	36	34	21	42
SC_RS04500	NC_003888.3	550455	551633	+	1179	22	14	19	32	37	58	101	26	66
SC_RS04505	NC_003888.3	551845	552276	+	432	9	7	12	5	1	2	50	10	34
SC_RS04510	NC_003888.3	552403	553140	-	738	71	69	78	8	14	17	55	14	44
SC_RS04515	NC_003888.3	553277	553861	+	585	35	27	49	61	50	50	47	30	37
SC_RS04520	NC_003888.3	553892	554473	+	582	148	138	191	71	77	94	89	58	89
SC_RS04525	NC_003888.3	554706	555440	+	735	19	27	24	25	13	10	70	27	49
SC_RS04530	NC_003888.3	555468	555905	-	438	36	29	49	42	30	47	51	33	64
SC_RS04535	NC_003888.3	555990	556898	+	909	29	22	30	72	64	95	99	47	59
SC_RS04540	NC_003888.3	557029	557844	+	816	229	217	295	481	542	630	486	383	348
SC_RS04545	NC_003888.3	557882	558715	+	834	259	273	325	435	439	460	384	341	286
SC_RS04550	NC_003888.3	558812	559015	-	204	6114	5770	7869	9252	8287	8726	5596	5245	4056
SC_RS04555	NC_003888.3	559346	560098	+	753	5	4	7	11	9	10	65	20	65
SC_RS04560	NC_003888.3	560127	561545	-	1419	9	14	21	27	16	22	90	24	77
SC_RS04565	NC_003888.3	561731	562576	-	846	111	118	118	76	42	62	98	73	97
SC_RS04570	NC_003888.3	562803	564071	+	1269	0	1	2	4	1	2	78	13	66
SC_RS04575	NC_003888.3	564117	565049	+	933	2	2	5	0	1	2	41	13	47
SC_RS04580	NC_003888.3	565046	565903	+	858	3	3	6	4	3	1	32	9	48
SC_RS04585	NC_003888.3	566007	567626	+	1620	7	3	4	6	5	3	86	17	78
SC_RS04590	NC_003888.3	567623	569044	+	1422	11	4	5	5	5	4	97	20	64
SC_RS04595	NC_003888.3	569061	569282	-	222	33	32	49	39	39	40	76	54	69
SC_RS04600	NC_003888.3	569655	570482	+	828	12	10	4	15	24	23	75	32	57
SC_RS04605	NC_003888.3	570520	571848	+	1329	9	10	11	22	15	21	101	28	72
SC_RS04610	NC_003888.3	571863	572813	+	951	3	2	3	9	16	13	65	18	44
SC_RS04615	NC_003888.3	572810	573709	+	900	2	4	1	8	7	16	73	24	57
SC_RS04620	NC_003888.3	573756	575081	+	1326	5	16	12	21	16	16	102	33	77
SC_RS04625	NC_003888.3	575351	577984	+	2634	15	6	14	13	12	9	143	40	114
SC_RS04630	NC_003888.3	578092	579228	+	1137	71	79	61	1238	1210	1321	413	412	319
SC_RS04635	NC_003888.3	579257	580789	+	1533	48	33	32	255	213	232	322	347	315
SC_RS04640	NC_003888.3	580913	583459	+	2547	7	9	17	36	31	21	197	49	152
SC_RS04645	NC_003888.3	583523	586897	-	3375	108	108	119	2050	1804	2001	822	631	626
SC_RS04650	NC_003888.3	586987	587988	-	1002	0	0	0	1	1	3	56	12	41
SC_RS04655	NC_003888.3	587985	589271	-	1287	0	2	4	5	7	4	81	36	66
SC_RS04660	NC_003888.3	589268	589546	-	279	0	1	0	6	3	4	32	9	20
SC_RS04665	NC_003888.3	590017	590895	+	879	102	88	128	52	27	36	64	19	54
SC_RS04670	NC_003888.3	590981	592309	-	1329	67	55	66	66	77	64	112	57	90
SC_RS04675	NC_003888.3	592306	592995	-	690	12	21	25	23	17	28	47	15	45
SC_RS04680	NC_003888.3	593049	593399	-	351	2	7	5	9	4	7	25	5	28
SC_RS04685	NC_003888.3	593392	593613	+	222	35	27	30	31	15	23	55	23	40
SC_RS04690	NC_003888.3	593641	595338	-	1698	4	1	9	2	3	0	114	19	69
SC_RS04695	NC_003888.3	595484	597079	-	1596	4	6	5	13	15	17	85	23	71
SC_RS04700	NC_003888.3	597132	598655	-	1524	21	10	13	13	16	10	99	15	72
SC_RS04705	NC_003888.3	598747	599769	+	1023	248	258	285	206	154	201	316	252	254
SC_RS04710	NC_003888.3	599712	599978	-	267	176	141	213	47	32	35	59	48	46
SC_RS04715	NC_003888.3	600051	601052	-	1002	39	24	31	449	391	354	267	242	234
SC_RS04720	NC_003888.3	601133	603355	-	2223	216	252	279	10300	10832	12431	4182	4216	3212
SC_RS04725	NC_003888.3	603385	603840	-	456	40	37	63	836	949	1194	494	481	449
SC_RS04730	NC_003888.3	603973	605085	+	1113	82	77	117	94	60	67	156	77	129
SC_RS04735	NC_003888.3	605122	606555	-	1434	1307	1146	1593	553	545	592	461	414	348
SC_RS04740	NC_003888.3	606677	607837	-	1161	3	1	1	7	11	10	78	19	47
SC_RS04745	NC_003888.3	607851	608909	-	1059	4	4	10	5	6	5	39	14	56
SC_RS04750	NC_003888.3	608902	609186	-	285	7	7	13	11	13	11	38	31	38
SC_RS04755	NC_003888.3	609517	610356	+	840	1	1	0	0	4	3	23	5	11
SC_RS04760	NC_003888.3	610415	611488	-	1074	45	55	44	41	29	30	113	36	83
SC_RS04765	NC_003888.3	611653	612003	+	351	12	10	13	51	28	42	57	25	61
SC_RS04770	NC_003888.3	611984	612106	-	123	31	29	17	117	91	155	147	173	96
SC_RS04775	NC_003888.3	612156	612320	-	165	56	53	60	228	173	338	286	400	234
SC_RS04780	NC_003888.3	612426	613754	-	1329	13	14	14	43	35	45	64	27	65
SC_RS04785	NC_003888.3	613751	615151	-	1401	13	18	23	35	33	37	75	24	52
SC_RS04790	NC_003888.3	615154	616107	-	954	18	23	28	26	28	23	79	17	80
SC_RS04795	NC_003888.3	616253	617086	+	834	53	44	78	25	21	29	49	24	47
SC_RS04800	NC_003888.3	617124	617855	+	732	65	54	97	76	70	61	76	35	44
SC_RS04805	NC_003888.3	617913	618788	-	876	13	16	27	25	17	23	57	26	44
SC_RS04810	NC_003888.3	618788	619588	-	801	5	4	10	8	3	10	41	11	33
SC_RS04815	NC_003888.3	619588	620367	-	780	4	1	2	5	7	13	41	13	42
SC_RS04820	NC_003888.3	620367	620879	-	513	5	4	1	12	7	5	29	7	29
SC_RS04825	NC_003888.3	620891	622672	-	1782	3	7	9	26	12	41	92	34	95
SC_RS04830	NC_003888.3	622669	624036	-	1368	5	6	9	20	19	23	96	32	75
SC_RS04835	NC_003888.3	624273	625034	+	762	212	232	288	104	107	103	98	87	107
SC_RS04840	NC_003888.3	625127	626350	+	1224	41	48	47	139	115	111	184	112	138
SC_RS04845	NC_003888.3	626369	627631	-	1263	11	5	11	1775	1585	1925	352	284	249
SC_RS04850	NC_003888.3	627628	628266	-	639	0	1	1	689	674	823	145	88	107
SC_RS04855	NC_003888.3	628247	628603	-	357	0	0	0	422	400	484	67	49	53
SC_RS04860	NC_003888.3	628600	629019	-	420	7	2	3	680	595	735	136	101	98
SC_RS04865	NC_003888.3	629185	630912	-	1728	22	25	29	3717	3158	3961	705	560	475
SC_RS04870	NC_003888.3	631216	632103	-	888	32	21	20	51	41	52	85	30	57
SC_RS04875	NC_003888.3	632189	633049	+	861	40	21	43	129	120	167	79	68	113
SC_RS04880	NC_003888.3	633119	633958	+	840	20	21	37	73	59	78	76	34	76
SC_RS04885	NC_003888.3	633986	634708	-	723	46	26	36	401	371	377	368	265	296
SC_RS04890	NC_003888.3	634879	635670	-	792	173	123	194	61	32	29	113	78	99
SC_RS04895	NC_003888.3	635776	636516	-	741	11	14	13	18	19	28	67	27	61
SC_RS04900	NC_003888.3	636561	637166	+	606	1	3	3	9	6	9	40	8	40
SC_RS04905	NC_003888.3	637261	637824	+	564	46	50	54	142	78	132	112	126	109
SC_RS04910	NC_003888.3	637911	638267	-	357	13	9	23	71	41	58	147	127	112
SC_RS04915	NC_003888.3	638451	638804	+	354	198	192	242	229	202	197	276	247	262
SC_RS04920	NC_003888.3	638801	639730	+	930	294	275	374	417	415	444	493	441	448
SC_RS04925	NC_003888.3	639859	640704	+	846	765	824	825	310	235	271	401	472	350
SC_RS04930	NC_003888.3	640719	641762	-	1044	6	12	10	3	2	7	75	24	73
SC_RS04935	NC_003888.3	642012	643133	+	1122	8	14	8	10	10	9	48	20	54
SC_RS04940	NC_003888.3	643179	643880	+	702	59	48	64	125	80	114	110	120	132
SC_RS04945	NC_003888.3	643926	645101	-	1176	67	46	87	13	19	17	107	31	70
SC_RS04950	NC_003888.3	645297	646232	+	936	17	5	8	11	13	9	67	9	52
SC_RS04955	NC_003888.3	646345	647319	+	975	6	3	7	10	9	4	55	21	38
SC_RS04960	NC_003888.3	647444	647731	+	288	183	207	208	1361	1106	782	1421	1584	1434
SC_RS04965	NC_003888.3	647887	648765	+	879	445	503	550	1388	1231	979	1277	1495	1177
SC_RS04970	NC_003888.3	648876	649739	+	864	207	211	239	199	199	134	213	169	172
SC_RS04975	NC_003888.3	649840	650610	+	771	107	101	151	25	28	23	71	23	50
SC_RS04980	NC_003888.3	650624	651388	+	765	51	40	58	28	14	8	55	21	40
SC_RS04985	NC_003888.3	651602	652864	+	1263	25	20	43	27	30	16	88	24	64
SC_RS04990	NC_003888.3	652881	653165	-	285	1	3	1	0	1	2	33	8	30
SC_RS04995	NC_003888.3	653448	653906	+	459	8	13	11	50	35	52	104	78	68
SC_RS05000	NC_003888.3	653947	656322	-	2376	1	2	2	100	76	91	296	228	373
SC_RS05005	NC_003888.3	656319	658709	-	2391	1	4	3	133	115	116	496	521	733
SC_RS05010	NC_003888.3	659143	660528	+	1386	91	71	101	70	52	86	86	33	96
SC_RS05015	NC_003888.3	660525	661268	+	744	49	52	60	47	33	60	72	26	47
SC_RS05020	NC_003888.3	661329	661607	-	279	109	138	130	134	117	133	175	152	125
SC_RS05025	NC_003888.3	661707	662291	+	585	43	40	46	33	34	47	55	26	30
SC_RS05030	NC_003888.3	662373	663014	+	642	382	260	446	87	117	136	69	38	54
SC_RS05035	NC_003888.3	663109	664686	+	1578	499	486	624	294	269	328	178	78	130
SC_RS05040	NC_003888.3	664769	665773	-	1005	11	7	5	8	10	16	74	22	57
SC_RS05045	NC_003888.3	665816	667096	-	1281	9	14	14	4	8	10	64	23	66
SC_RS05050	NC_003888.3	667100	667744	-	645	5	2	3	2	4	0	32	7	25
SC_RS05055	NC_003888.3	667741	669870	-	2130	30	29	50	21	15	10	147	34	103
SC_RS05060	NC_003888.3	669972	671570	-	1599	54	56	68	16	25	21	103	31	82
SC_RS05065	NC_003888.3	671618	672727	-	1110	38	28	35	13	10	12	75	33	62
SC_RS05070	NC_003888.3	672882	673403	-	522	70	58	86	22	30	34	47	31	41
SC_RS05075	NC_003888.3	673733	674317	+	585	6	5	8	3	5	9	31	19	25
SC_RS05080	NC_003888.3	674317	675069	+	753	6	6	9	3	2	3	38	10	32
SC_RS05085	NC_003888.3	675111	675305	-	195	1	2	0	0	0	0	13	3	11
SC_RS05090	NC_003888.3	675308	676087	-	780	2	2	0	0	0	3	32	9	39
SC_RS05095	NC_003888.3	676262	677023	+	762	31	33	32	65	54	63	80	49	77
SC_RS05100	NC_003888.3	677227	678861	+	1635	129	101	146	56	53	66	119	70	100
SC_RS05105	NC_003888.3	678937	679392	+	456	103	112	124	98	82	85	116	89	129
SC_RS05110	NC_003888.3	679529	680188	-	660	19	21	21	4	3	7	57	22	37
SC_RS05115	NC_003888.3	680496	681428	-	933	194	161	213	101	83	80	138	87	104
SC_RS05120	NC_003888.3	681435	681863	-	429	295	217	295	147	148	143	186	141	137
SC_RS05125	NC_003888.3	681960	682535	+	576	5463	5496	7063	1273	1262	1429	1051	1155	881
SC_RS05130	NC_003888.3	682600	684288	-	1689	177	168	174	40	54	45	146	47	115
SC_RS05135	NC_003888.3	684409	685095	-	687	1	2	4	1	0	0	44	4	34
SC_RS05140	NC_003888.3	685288	687357	-	2070	97	86	124	150	149	125	669	894	635
SC_RS05145	NC_003888.3	687554	688567	-	1014	61	43	59	90	83	82	100	72	77
SC_RS05150	NC_003888.3	688679	689263	+	585	26	20	32	15	17	17	66	26	58
SC_RS05155	NC_003888.3	689364	690161	+	798	13	11	12	8	7	11	56	21	44
SC_RS05160	NC_003888.3	690228	690923	+	696	15	19	29	93	85	74	184	158	156
SC_RS05165	NC_003888.3	690966	691283	+	318	1	1	4	3	3	3	24	5	17
SC_RS05170	NC_003888.3	691320	691832	+	513	1	3	3	3	5	2	32	5	33
SC_RS05175	NC_003888.3	691829	692614	+	786	4	4	2	7	6	3	36	15	36
SC_RS05180	NC_003888.3	692619	692897	+	279	0	0	1	1	2	6	12	1	9
SC_RS05185	NC_003888.3	692894	693445	+	552	3	4	5	10	8	8	31	12	30
SC_RS05190	NC_003888.3	693442	694416	+	975	5	8	9	8	11	13	48	23	50
SC_RS05195	NC_003888.3	694441	694785	+	345	1	3	4	5	4	1	10	16	9
SC_RS05200	NC_003888.3	694782	695624	+	843	1	1	4	11	5	4	44	12	43
SC_RS05205	NC_003888.3	695621	695869	+	249	1	0	1	1	1	1	4	2	11
SC_RS05210	NC_003888.3	695866	696168	+	303	1	0	1	1	0	1	16	4	11
SC_RS05215	NC_003888.3	696248	697354	+	1107	141	135	165	107	73	99	96	52	76
SC_RS05220	NC_003888.3	697480	698811	+	1332	14	16	19	13	8	24	102	11	65
SC_RS05225	NC_003888.3	698838	699824	+	987	7	7	12	14	11	14	63	23	66
SC_RS05230	NC_003888.3	699821	700684	+	864	13	12	16	20	5	10	56	12	42
SC_RS05235	NC_003888.3	700681	701712	+	1032	14	15	26	11	14	12	44	11	38
SC_RS05240	NC_003888.3	701709	703604	+	1896	62	74	73	67	48	56	129	57	90
SC_RS05245	NC_003888.3	703750	703977	+	228	0	1	0	0	4	0	13	1	12
SC_RS05250	NC_003888.3	704114	706393	+	2280	15	17	19	67	51	70	158	75	124
SC_RS05255	NC_003888.3	706448	707329	-	882	39	42	62	14	9	9	53	20	52
SC_RS05260	NC_003888.3	707401	708999	-	1599	62	51	84	21	14	17	114	18	106
SC_RS05265	NC_003888.3	709071	709688	+	618	73	66	98	25	26	33	72	48	64
SC_RS05270	NC_003888.3	709685	711268	+	1584	126	122	168	37	51	59	109	61	113
SC_RS05275	NC_003888.3	711379	711657	-	279	13	14	12	26	11	15	57	45	46
SC_RS05280	NC_003888.3	711835	712200	+	366	35	35	48	164	158	168	243	197	199
SC_RS05285	NC_003888.3	712209	712637	-	429	50	41	66	406	378	412	1527	1685	1496
SC_RS05290	NC_003888.3	712829	714181	-	1353	2	0	3	0	4	1	68	26	70
SC_RS05295	NC_003888.3	714461	717028	+	2568	3	5	5	5	18	10	168	47	116
SC_RS05300	NC_003888.3	717150	719897	+	2748	230	252	316	735	623	735	781	675	661
SC_RS05305	NC_003888.3	720032	720874	+	843	25	38	45	70	98	69	107	62	87
SC_RS05310	NC_003888.3	720985	721158	-	174	1	6	7	14	11	23	29	32	21
SC_RS05315	NC_003888.3	721317	721463	+	147	28	23	41	75	38	60	197	195	155
SC_RS05320	NC_003888.3	721495	722964	-	1470	33	32	36	136	89	116	190	107	181
SC_RS05325	NC_003888.3	723181	724545	+	1365	2088	1690	2630	6318	6920	7651	6473	5385	4226
SC_RS05330	NC_003888.3	724639	725013	-	375	32	29	26	5190	4662	4777	4873	5252	4340
SC_RS05335	NC_003888.3	725056	725580	-	525	32	30	49	1677	1436	1746	1607	1724	1347
SC_RS05340	NC_003888.3	725619	726404	-	786	4	6	11	751	601	802	712	598	521
SC_RS05345	NC_003888.3	726401	726808	-	408	1	0	5	2505	2196	2161	1997	1799	1719
SC_RS05350	NC_003888.3	726998	728068	+	1071	3	3	15	12	13	12	81	26	69
SC_RS05355	NC_003888.3	728130	728924	-	795	22	17	35	34	42	34	90	42	67
SC_RS05360	NC_003888.3	729117	730289	+	1173	271	252	342	54	45	96	120	71	112
SC_RS05365	NC_003888.3	730424	730987	+	564	47	55	54	5	6	8	24	9	36
SC_RS05370	NC_003888.3	730984	731976	+	993	7	8	19	3	0	4	44	12	50
SC_RS05375	NC_003888.3	732005	734134	+	2130	19	12	26	24	9	26	110	40	88
SC_RS05380	NC_003888.3	734210	735667	-	1458	10	5	5	9	12	5	77	23	60
SC_RS05385	NC_003888.3	735872	736192	+	321	8	9	11	12	7	7	44	24	46
SC_RS05390	NC_003888.3	736312	736503	+	192	16	24	20	25	17	18	29	28	19
SC_RS05395	NC_003888.3	736520	737506	+	987	180	134	220	86	54	66	119	86	88
SC_RS05400	NC_003888.3	737522	737737	-	216	314	237	322	268	265	219	232	225	156
SC_RS05405	NC_003888.3	737846	738340	-	495	12	18	23	19	19	18	53	14	36
SC_RS05410	NC_003888.3	738527	739524	+	998	12	20	16	19	22	17	117	28	84
SC_RS05415	NC_003888.3	739510	739773	-	264	34	28	38	115	81	92	286	272	276
SC_RS05420	NC_003888.3	739938	740231	-	294	7	5	7	19	12	10	24	10	26
SC_RS05425	NC_003888.3	740314	742083	-	1770	146	132	186	467	381	555	377	312	296
SC_RS05430	NC_003888.3	742242	742787	-	546	264	252	332	1102	937	1012	837	779	599
SC_RS05435	NC_003888.3	742816	743394	-	579	1485	1455	1929	3443	3024	3304	2994	3194	2499
SC_RS05440	NC_003888.3	743575	743802	+	228	541	580	735	952	899	1029	1179	1131	908
SC_RS05445	NC_003888.3	743929	744847	+	919	570	534	685	1292	1175	1197	1627	1584	1356
SC_RS05450	NC_003888.3	744945	745763	-	819	752	714	1021	4447	4459	5296	3834	3811	3058
SC_RS05455	NC_003888.3	745911	747194	-	1284	3	2	0	2	1	3	70	13	54
SC_RS05460	NC_003888.3	747191	748387	-	1197	0	0	1	4	1	1	62	6	48
SC_RS05465	NC_003888.3	748380	749279	-	900	2	0	1	1	2	2	44	10	38
SC_RS05470	NC_003888.3	749276	750076	-	801	0	0	0	2	0	0	29	8	40
SC_RS05475	NC_003888.3	750073	750864	-	792	0	0	1	0	3	0	40	7	47
SC_RS05480	NC_003888.3	751917	753197	-	1281	3	1	5	0	0	0	82	18	59
SC_RS05485	NC_003888.3	753318	756143	-	2826	12	14	12	3	6	4	130	39	122
SC_RS05490	NC_003888.3	756314	757246	-	933	4	1	1	1	2	0	48	15	39
SC_RS05495	NC_003888.3	757637	758524	+	888	111	103	168	97	100	106	183	128	165
SC_RS05500	NC_003888.3	758531	758902	-	372	24	30	30	35	29	44	64	30	58
SC_RS05505	NC_003888.3	759197	760399	+	1203	7	2	8	35	32	53	71	20	79
SC_RS05510	NC_003888.3	760471	761598	+	1128	4	6	5	9	15	15	69	11	46
SC_RS05515	NC_003888.3	761675	761896	+	222	1	1	1	5	5	6	21	13	6
SC_RS05520	NC_003888.3	762009	762485	-	477	17	9	23	53	60	78	85	88	110
SC_RS05525	NC_003888.3	762558	764051	-	1494	13	12	21	205	207	221	391	293	291
SC_RS05530	NC_003888.3	764216	766594	-	2379	10	11	11	42	39	56	184	90	167
SC_RS05535	NC_003888.3	766591	767331	-	741	7	5	7	29	27	34	93	46	68
SC_RS05540	NC_003888.3	767385	768074	+	690	117	106	140	88	75	85	122	81	115
SC_RS05545	NC_003888.3	768099	768272	-	174	1	4	4	7	8	9	38	24	26
SC_RS05550	NC_003888.3	768450	769367	+	918	92	110	115	126	116	126	176	95	149
SC_RS05555	NC_003888.3	769682	770065	+	384	27	20	14	48	50	62	84	64	58
SC_RS05560	NC_003888.3	770144	770632	-	489	56	58	74	102	111	76	111	104	93
SC_RS05565	NC_003888.3	770665	771498	-	834	97	70	102	18	16	23	52	13	59
SC_RS05570	NC_003888.3	771628	772362	+	735	35	27	40	28	27	21	64	32	44
SC_RS05575	NC_003888.3	772544	772966	+	423	295	301	308	318	209	282	86	81	97
SC_RS05580	NC_003888.3	772974	773381	-	408	220	182	212	213	202	226	213	203	200
SC_RS05585	NC_003888.3	773432	774613	-	1182	59	49	72	154	161	175	145	91	125
SC_RS05590	NC_003888.3	774765	776129	+	1365	115	61	121	98	80	94	325	244	292
SC_RS05595	NC_003888.3	776203	776388	-	186	538	513	615	593	558	765	1591	1791	1591
SC_RS05600	NC_003888.3	776554	777720	-	1167	53	45	46	35	36	27	121	38	74
SC_RS05605	NC_003888.3	777895	779097	+	1203	137	100	160	124	119	95	158	95	158
SC_RS05610	NC_003888.3	779131	779826	-	696	3533	3123	4011	6021	5697	4857	5887	6654	5241
SC_RS05615	NC_003888.3	780012	780812	-	801	14	19	22	35	28	34	62	23	55
SC_RS05620	NC_003888.3	780863	781402	+	540	29	25	26	55	48	54	68	27	63
SC_RS05625	NC_003888.3	781386	782312	-	927	289	257	340	124	99	103	140	81	144
SC_RS05630	NC_003888.3	782467	783096	-	630	261	236	332	149	165	212	94	96	85
SC_RS05635	NC_003888.3	783096	784184	-	1089	726	722	861	374	375	464	291	237	207
SC_RS05640	NC_003888.3	784362	786116	+	1755	359	376	436	189	145	195	276	183	253
SC_RS05645	NC_003888.3	786125	786409	-	285	4	7	6	6	21	33	31	8	26
SC_RS05650	NC_003888.3	786591	786956	+	366	37	55	70	41	44	57	90	73	68
SC_RS05655	NC_003888.3	786984	787643	-	660	1	2	1	10	11	9	55	32	55
SC_RS05660	NC_003888.3	787843	789096	+	1254	9	2	4	20	17	16	104	37	100
SC_RS05665	NC_003888.3	789337	789837	-	501	49	42	84	60	49	58	65	41	59
SC_RS05670	NC_003888.3	789960	790541	+	582	144	103	126	37	37	34	62	29	58
SC_RS05675	NC_003888.3	790561	791535	-	975	27	21	35	9	9	17	68	22	50
SC_RS05680	NC_003888.3	791701	791880	-	180	2	3	3	6	3	4	11	4	8
SC_RS05685	NC_003888.3	791981	794467	-	2487	8	7	8	20	16	39	155	46	150
SC_RS05690	NC_003888.3	794689	796002	-	1314	13	9	3	13	6	9	118	84	116
SC_RS05695	NC_003888.3	796584	796799	+	216	155	144	176	46	46	51	40	21	23
SC_RS05700	NC_003888.3	796917	797723	+	807	15	12	19	1	2	4	40	9	51
SC_RS05705	NC_003888.3	797720	799942	+	2223	28	14	27	5	5	1	108	24	97
SC_RS05710	NC_003888.3	799944	802766	+	2823	63	53	68	7	13	8	162	33	140
SC_RS05715	NC_003888.3	802797	803807	+	1011	27	25	46	20	16	25	75	36	65
SC_RS05720	NC_003888.3	803856	804035	+	180	4	4	2	3	1	2	11	7	8
SC_RS05725	NC_003888.3	804091	805122	+	1032	12	14	10	10	7	15	62	29	60
SC_RS05730	NC_003888.3	805153	805797	+	645	23	24	36	45	11	28	51	33	55
SC_RS05735	NC_003888.3	805778	806038	+	261	9	13	17	111	65	85	55	32	64
SC_RS05740	NC_003888.3	806172	806606	-	435	36	42	67	4012	2257	10129	1596	1638	1228
SC_RS05745	NC_003888.3	806966	808135	+	1170	44	37	36	104	86	103	195	141	151
SC_RS05750	NC_003888.3	808206	809813	-	1608	349	299	370	857	804	755	931	664	688
SC_RS05755	NC_003888.3	810172	812415	-	2244	6	8	5	5	8	3	146	39	99
SC_RS05760	NC_003888.3	812569	815655	-	3087	5	7	3	10	5	5	178	29	151
SC_RS05765	NC_003888.3	815934	818315	+	2382	355	373	462	1317	1104	1340	1272	1236	1084
SC_RS05770	NC_003888.3	818446	819111	+	666	44	41	51	88	64	83	130	103	115
SC_RS05775	NC_003888.3	819148	820116	-	969	219	222	269	237	230	309	194	138	156
SC_RS05780	NC_003888.3	820194	820751	-	558	79	63	85	62	49	37	64	47	65
SC_RS05785	NC_003888.3	820761	821198	-	438	16	10	24	20	22	23	33	18	39
SC_RS05790	NC_003888.3	821295	821873	+	579	96	67	103	74	70	65	87	58	97
SC_RS05795	NC_003888.3	821848	822048	-	201	3	1	6	264	231	229	56	58	67
SC_RS05800	NC_003888.3	822061	823299	-	1239	3	2	5	871	917	989	275	185	214
SC_RS05805	NC_003888.3	823609	824058	+	450	9	11	12	133	106	115	80	47	57
SC_RS05810	NC_003888.3	824123	825043	-	921	32	22	39	59	37	42	94	61	77
SC_RS05815	NC_003888.3	825287	826312	+	1026	25	30	23	96	94	105	185	160	176
SC_RS05820	NC_003888.3	826361	826669	+	309	12	15	16	71	55	54	97	60	70
SC_RS05825	NC_003888.3	826690	827085	-	396	26	26	26	40	29	35	99	50	75
SC_RS05830	NC_003888.3	827277	828218	+	942	35	26	45	119	95	155	169	99	138
SC_RS05835	NC_003888.3	828403	828789	+	387	18	13	15	69	69	64	131	108	109
SC_RS05840	NC_003888.3	828755	829708	-	954	66	72	83	100	103	112	113	65	108
SC_RS05845	NC_003888.3	829910	831817	+	1908	75	55	82	43	31	40	156	67	102
SC_RS05850	NC_003888.3	831835	832518	+	684	14	11	18	28	18	26	76	63	76
SC_RS05855	NC_003888.3	832515	833042	-	528	2	3	2	2	5	1	40	5	39
SC_RS05860	NC_003888.3	833261	833800	+	540	2	2	4	10	18	17	65	31	35
SC_RS05865	NC_003888.3	833931	835199	+	1269	15	8	16	18	19	12	111	38	90
SC_RS05870	NC_003888.3	835238	835474	-	237	65	66	101	179	181	189	159	159	152
SC_RS05875	NC_003888.3	835634	836665	+	1032	1	2	2	9	5	7	63	17	70
SC_RS05880	NC_003888.3	836721	837377	+	657	1	0	3	7	2	3	37	8	28
SC_RS05885	NC_003888.3	837481	838680	+	1200	16	4	13	15	8	6	81	17	59
SC_RS05890	NC_003888.3	838977	840008	+	1032	10	16	7	13	19	18	89	45	69
SC_RS05895	NC_003888.3	840026	840334	-	309	9	17	28	20	12	9	33	19	19
SC_RS05900	NC_003888.3	840399	841688	-	1290	172	123	205	132	130	151	139	96	155
SC_RS05905	NC_003888.3	841878	842372	+	495	48	41	45	14	8	16	47	15	37
SC_RS05910	NC_003888.3	842479	843747	+	1269	97	81	130	63	59	65	104	54	100
SC_RS05915	NC_003888.3	843808	844860	+	1053	312	231	330	508	344	450	541	505	516
SC_RS05920	NC_003888.3	844896	846116	+	1221	103	112	115	619	461	287	737	400	532
SC_RS05925	NC_003888.3	846084	846809	-	726	149	104	152	9434	8491	5281	7967	6962	6067
SC_RS05930	NC_003888.3	846917	847525	-	609	74	69	63	67	63	57	78	59	85
SC_RS05935	NC_003888.3	847649	849232	+	1584	64	49	75	56	57	50	129	48	109
SC_RS05940	NC_003888.3	849194	850042	-	849	112	109	138	62	47	72	92	46	65
SC_RS05945	NC_003888.3	850100	851074	-	975	158	174	212	312	276	308	257	225	221
SC_RS05950	NC_003888.3	851097	851840	-	744	283	276	338	405	429	448	253	218	194
SC_RS05955	NC_003888.3	851911	853212	-	1302	647	620	815	378	351	560	228	208	161
SC_RS05960	NC_003888.3	853340	854365	-	1026	38	38	43	32	27	50	77	27	64
SC_RS05965	NC_003888.3	854455	854775	-	321	9	8	10	4	2	4	28	8	10
SC_RS05970	NC_003888.3	854802	855884	-	1083	9	9	14	7	5	13	64	27	50
SC_RS05975	NC_003888.3	856126	857139	-	1014	3	3	2	0	3	2	54	10	51
SC_RS05980	NC_003888.3	857132	858172	-	1041	6	1	8	3	5	1	59	10	40
SC_RS05985	NC_003888.3	858169	859686	-	1518	14	5	12	5	4	7	76	12	67
SC_RS05990	NC_003888.3	859963	861123	+	1161	12	1	15	9	12	3	68	13	52
SC_RS05995	NC_003888.3	861242	863281	+	2040	34	29	52	18	13	16	110	35	90
SC_RS06000	NC_003888.3	863278	864732	+	1455	22	13	26	6	7	6	84	26	74
SC_RS06005	NC_003888.3	864811	865563	+	753	23	20	33	20	15	14	75	28	43
SC_RS06010	NC_003888.3	865560	867038	+	1479	45	34	54	32	29	29	96	45	84
SC_RS06015	NC_003888.3	867035	867682	+	648	10	10	4	7	3	9	41	8	40
SC_RS06020	NC_003888.3	867803	868594	+	792	12	20	19	23	23	23	57	32	56
SC_RS06025	NC_003888.3	868598	869908	+	1311	19	19	37	20	17	15	83	34	57
SC_RS06030	NC_003888.3	869978	870337	-	360	83	69	91	139	133	153	145	168	148
SC_RS06035	NC_003888.3	870420	871397	-	978	89	94	102	72	81	89	93	57	78
SC_RS06040	NC_003888.3	871406	872086	-	681	53	38	65	44	33	33	62	27	54
SC_RS06045	NC_003888.3	872193	872633	+	441	96	85	131	33	27	42	74	28	63
SC_RS06050	NC_003888.3	872630	873520	+	891	120	91	140	39	46	69	66	38	61
SC_RS06055	NC_003888.3	873517	874473	+	957	82	75	90	38	28	40	65	42	60
SC_RS06060	NC_003888.3	874543	875343	+	801	45	58	54	19	23	23	57	21	49
SC_RS06065	NC_003888.3	875388	875693	-	306	13	11	10	12	10	9	43	21	22
SC_RS06070	NC_003888.3	875839	877500	+	1662	13	8	8	19	11	10	123	21	112
SC_RS06075	NC_003888.3	877702	879078	+	1377	4	7	15	11	11	8	84	20	72
SC_RS06080	NC_003888.3	879140	880219	-	1080	1	1	2	6	1	5	52	13	56
SC_RS06085	NC_003888.3	880216	881136	-	921	0	1	0	10	9	2	53	22	47
SC_RS06090	NC_003888.3	881133	882098	-	966	3	2	2	8	6	10	60	25	57
SC_RS06095	NC_003888.3	882095	882805	-	711	9	7	18	28	16	13	69	37	55
SC_RS06100	NC_003888.3	882826	883014	-	189	7	3	9	57	52	63	151	143	91
SC_RS06105	NC_003888.3	883113	883760	-	648	6	7	14	14	9	14	48	12	39
SC_RS06110	NC_003888.3	883920	884921	-	1002	47	21	32	7	4	7	64	12	44
SC_RS06115	NC_003888.3	885064	885264	+	201	3	0	1	0	0	0	12	3	21
SC_RS06120	NC_003888.3	885442	885867	+	426	85	97	115	55	67	84	105	119	108
SC_RS06125	NC_003888.3	885933	888050	-	2118	150	142	155	39	46	48	123	49	95
SC_RS06130	NC_003888.3	888194	888700	-	507	33	18	28	38	36	54	50	20	57
SC_RS06135	NC_003888.3	888805	890367	+	1563	14	13	7	14	7	7	94	47	105
SC_RS06140	NC_003888.3	890835	892211	+	1377	6	1	7	2	2	3	96	21	86
SC_RS06145	NC_003888.3	892238	892672	-	435	9	8	3	6	1	2	37	19	22
SC_RS06150	NC_003888.3	892665	893006	-	342	4	3	4	2	1	4	19	6	10
SC_RS06155	NC_003888.3	893013	893240	-	228	1	0	1	1	0	2	15	8	7
SC_RS06160	NC_003888.3	893386	894186	+	801	275	284	408	149	108	127	133	83	117
SC_RS06165	NC_003888.3	894244	894696	-	453	28	27	31	80	58	69	74	47	66
SC_RS06170	NC_003888.3	894818	895819	-	1002	106	116	151	105	86	101	203	138	164
SC_RS06175	NC_003888.3	895829	896353	-	525	11	14	14	1	3	2	40	12	20
SC_RS06180	NC_003888.3	896543	896968	+	426	13	14	33	25	19	14	51	28	42
SC_RS06185	NC_003888.3	896973	898037	-	1065	296	283	291	200	158	236	229	152	169
SC_RS06190	NC_003888.3	898034	898666	-	633	210	203	278	136	164	155	181	132	127
SC_RS06195	NC_003888.3	898895	899293	+	399	10	8	10	5	8	7	37	5	29
SC_RS06200	NC_003888.3	899538	902129	+	2592	248	225	332	36	41	51	185	66	179
SC_RS06205	NC_003888.3	902174	902662	-	489	129	97	135	65	55	63	95	57	59
SC_RS06210	NC_003888.3	902743	903795	-	1053	54	64	77	6	4	3	56	10	70
SC_RS06215	NC_003888.3	904019	904747	+	729	326	285	413	233	290	336	263	223	250
SC_RS06220	NC_003888.3	905000	905377	-	378	81	79	88	143	151	150	126	103	100
SC_RS06225	NC_003888.3	905546	906055	-	510	8	9	15	62	96	77	151	126	101
SC_RS06230	NC_003888.3	906052	908340	-	2289	140	160	195	1100	1492	1142	2355	2150	1835
SC_RS06235	NC_003888.3	908340	908609	-	270	39	42	52	264	415	289	607	528	471
SC_RS06240	NC_003888.3	908813	909472	-	660	44	48	60	753	968	662	1408	1300	1279
SC_RS06245	NC_003888.3	909469	910926	-	1458	144	178	284	2326	3472	2331	4936	4442	3962
SC_RS06250	NC_003888.3	911343	911939	-	597	5	6	18	34	166	155	455	431	443
SC_RS06255	NC_003888.3	912092	912862	-	771	126	132	221	301	747	691	1550	1342	1374
SC_RS06260	NC_003888.3	912931	913572	-	642	5	1	3	203	271	216	515	438	422
SC_RS06265	NC_003888.3	913768	914472	-	705	7	4	8	709	926	752	1869	1581	1439
SC_RS06270	NC_003888.3	914827	915270	-	444	12	18	26	15	3	12	43	20	51
SC_RS06275	NC_003888.3	915341	915715	-	375	30	37	44	33	34	61	60	41	52
SC_RS06280	NC_003888.3	916336	916785	-	450	184	210	288	81	64	96	88	74	60
SC_RS06285	NC_003888.3	916782	918377	-	1596	759	755	1001	339	325	307	253	147	187
SC_RS06290	NC_003888.3	918438	919640	-	1203	964	808	1118	201	241	271	221	131	163
SC_RS06295	NC_003888.3	920727	921419	-	693	27	32	19	47	49	57	63	26	43
SC_RS06300	NC_003888.3	921420	921755	-	336	4	4	16	18	20	27	26	14	32
SC_RS06305	NC_003888.3	921927	922175	-	249	0	1	0	0	0	0	38	10	16
SC_RS06310	NC_003888.3	922247	924913	+	2667	292	259	351	823	770	833	581	456	440
SC_RS06315	NC_003888.3	924992	925795	+	804	27	32	42	79	89	93	94	69	110
SC_RS06320	NC_003888.3	925918	926235	+	318	5	1	11	6	11	5	24	12	25
SC_RS06325	NC_003888.3	926261	926569	+	309	1	3	4	2	5	3	19	3	12
SC_RS06330	NC_003888.3	926566	926889	+	324	3	3	2	2	4	4	17	2	13
SC_RS06335	NC_003888.3	926859	927332	+	474	7	6	11	14	11	11	31	11	50
SC_RS06340	NC_003888.3	927534	928499	-	966	31	40	59	295	278	393	155	129	142
SC_RS06345	NC_003888.3	928670	929017	+	348	3	5	6	22	17	18	35	17	27
SC_RS06350	NC_003888.3	929061	929717	+	657	71	79	112	180	148	143	163	158	171
SC_RS06355	NC_003888.3	929779	931212	-	1434	235	202	274	643	644	862	366	302	290
SC_RS06360	NC_003888.3	931333	931737	+	405	227	182	306	2135	1763	2141	659	740	579
SC_RS06365	NC_003888.3	931757	932791	-	1035	45	44	70	283	196	235	167	97	144
SC_RS06370	NC_003888.3	932864	933568	-	705	43	25	27	123	99	161	132	104	118
SC_RS06375	NC_003888.3	933708	934271	+	564	609	588	873	6358	5685	9711	1556	1954	1386
SC_RS06380	NC_003888.3	934332	935237	-	906	44	43	70	40	47	56	93	56	71
SC_RS06385	NC_003888.3	935379	935582	+	204	10	15	16	22	24	29	42	25	31
SC_RS06390	NC_003888.3	935622	936329	-	708	1	6	2	7	5	0	63	8	59
SC_RS06395	NC_003888.3	936431	937270	+	840	18	18	23	33	34	26	68	48	73
SC_RS06400	NC_003888.3	937290	938240	-	951	5	3	6	2	4	5	74	26	88
SC_RS06405	NC_003888.3	938389	939612	+	1224	8	1	3	1	1	4	70	16	55
SC_RS06410	NC_003888.3	939627	941063	+	1437	2	0	0	3	1	2	86	16	56
SC_RS06415	NC_003888.3	941071	942090	-	1020	2	1	4	3	2	5	70	15	47
SC_RS06420	NC_003888.3	942116	942370	-	255	1	1	1	4	0	2	14	1	14
SC_RS06425	NC_003888.3	942453	942878	-	426	1	1	1	2	3	5	15	10	26
SC_RS06430	NC_003888.3	942974	943408	-	435	6	9	11	23	16	12	49	41	39
SC_RS06435	NC_003888.3	943851	945833	-	1983	62	68	83	60	46	64	161	53	119
SC_RS06440	NC_003888.3	946063	946941	+	879	5	3	8	8	13	4	54	18	43
SC_RS06445	NC_003888.3	947027	948310	+	1284	14	28	30	11	10	9	78	19	80
SC_RS06450	NC_003888.3	948674	949705	-	1032	593	525	681	140	94	99	190	134	165
SC_RS06455	NC_003888.3	949864	950292	-	429	576	523	733	267	251	377	215	179	160
SC_RS06460	NC_003888.3	950435	950575	-	141	1	0	1	2	0	0	17	3	10
SC_RS06465	NC_003888.3	950560	950811	+	252	1	0	1	1	1	0	20	6	26
SC_RS06470	NC_003888.3	950808	951122	+	315	3	4	4	5	2	2	20	6	16
SC_RS06475	NC_003888.3	951238	951522	+	285	11	9	13	30	22	14	29	18	31
SC_RS06480	NC_003888.3	951452	951874	-	423	57	53	61	141	137	135	127	142	119
SC_RS06485	NC_003888.3	951968	952858	-	891	78	87	115	108	98	96	108	67	100
SC_RS06490	NC_003888.3	952991	953455	+	465	114	92	164	182	184	204	139	122	108
SC_RS06495	NC_003888.3	953440	954279	-	840	163	145	220	108	76	83	136	105	115
SC_RS06500	NC_003888.3	954566	955867	+	1302	75	71	87	1704	1517	1922	572	466	388
SC_RS06505	NC_003888.3	955864	957204	+	1341	68	62	72	2108	1873	2216	486	472	470
SC_RS06510	NC_003888.3	957204	958019	+	816	33	37	39	1037	858	1012	251	251	245
SC_RS06515	NC_003888.3	958016	958987	+	972	43	52	49	1356	1127	1248	407	345	332
SC_RS06520	NC_003888.3	959024	960292	-	1269	19	18	22	45	22	16	104	24	76
SC_RS06525	NC_003888.3	960543	960758	+	216	12	8	4	23	20	21	78	43	64
SC_RS06530	NC_003888.3	960792	961283	-	492	30	28	35	87	90	95	73	52	68
SC_RS06535	NC_003888.3	961534	962553	+	1020	38	42	61	336	210	356	208	228	180
SC_RS06540	NC_003888.3	962596	964941	+	2346	291	214	289	211	119	135	215	100	143
SC_RS06545	NC_003888.3	964984	965943	-	960	10	9	6	4343	3715	3608	939	826	600
SC_RS06550	NC_003888.3	966016	966843	-	828	6	7	6	2043	1633	1515	454	329	242
SC_RS06555	NC_003888.3	966843	967613	-	771	23	33	43	2671	2204	2129	409	330	285
SC_RS06560	NC_003888.3	967895	968641	-	747	375	407	601	266	252	364	421	507	376
SC_RS06565	NC_003888.3	968638	970587	-	1950	988	1140	1546	594	721	1181	1143	1526	1114
SC_RS06570	NC_003888.3	970589	971260	-	672	542	614	841	624	815	1176	783	1145	704
SC_RS06575	NC_003888.3	971392	972276	+	885	42	33	57	26	31	23	79	32	59
SC_RS06580	NC_003888.3	972311	973210	-	900	9	7	4	46	43	33	77	25	90
SC_RS06585	NC_003888.3	973388	974224	+	837	155	179	223	239	179	205	278	230	216
SC_RS06590	NC_003888.3	974312	976456	-	2145	451	458	549	2579	2158	2653	1609	1428	1236
SC_RS06595	NC_003888.3	976453	977265	-	813	61	54	78	373	315	420	265	182	182
SC_RS06600	NC_003888.3	977491	978444	-	954	14	13	12	99	79	65	293	344	283
SC_RS06605	NC_003888.3	978767	979324	+	558	0	0	1	50	57	69	48	17	18
SC_RS06610	NC_003888.3	979340	980104	+	765	2	2	3	253	204	272	77	36	61
SC_RS06615	NC_003888.3	980316	980834	+	519	0	0	1	33	41	32	30	19	30
SC_RS06620	NC_003888.3	980917	981411	-	495	1	1	8	8	9	9	33	19	20
SC_RS06625	NC_003888.3	981742	982407	+	666	13	8	30	32	28	27	61	28	72
SC_RS06630	NC_003888.3	982439	983278	-	840	2	1	0	4	1	0	55	15	51
SC_RS06635	NC_003888.3	983389	983850	+	462	112	67	115	120	97	81	111	68	69
SC_RS06640	NC_003888.3	983971	985377	+	1407	81	68	80	112	81	107	133	78	117
SC_RS06645	NC_003888.3	985374	986189	-	816	30	19	23	32	33	28	76	12	56
SC_RS06650	NC_003888.3	986247	986720	+	474	22	11	20	16	16	20	32	16	46
SC_RS06655	NC_003888.3	986722	987876	-	1155	1	2	8	2	1	3	70	20	56
SC_RS06660	NC_003888.3	988130	988684	+	555	5	4	1	8	8	12	43	17	27
SC_RS06665	NC_003888.3	988826	989341	+	516	21	34	33	874	775	766	448	355	312
SC_RS06670	NC_003888.3	989560	990210	+	651	6	7	11	109	84	128	151	127	136
SC_RS06675	NC_003888.3	990249	991112	-	864	36	37	30	91	96	120	119	85	89
SC_RS06680	NC_003888.3	991153	993243	-	2091	20	29	29	20	28	30	153	40	145
SC_RS06685	NC_003888.3	993366	994778	+	1413	0	2	7	3	3	0	103	19	81
SC_RS06690	NC_003888.3	994798	997821	-	3024	19	27	29	92	72	72	227	106	179
SC_RS06695	NC_003888.3	997963	999210	-	1248	2	2	1	2	3	2	92	14	73
SC_RS06700	NC_003888.3	999242	1000162	-	921	2	2	2	4	3	1	55	8	50
SC_RS06705	NC_003888.3	1000159	1001091	-	933	3	2	2	0	3	4	50	14	48
SC_RS06710	NC_003888.3	1001098	1002390	-	1293	4	2	2	1	2	3	82	26	64
SC_RS06715	NC_003888.3	1002624	1003673	+	1050	71	67	71	16	16	15	78	29	60
SC_RS06720	NC_003888.3	1003734	1003987	+	254	9	12	18	2	5	3	29	3	28
SC_RS06725	NC_003888.3	1003996	1004478	-	483	45	38	42	41	43	51	93	53	81
SC_RS06730	NC_003888.3	1004534	1004710	-	177	15	11	18	50	65	58	286	297	263
SC_RS06735	NC_003888.3	1005186	1005641	+	456	10	8	15	1507	1136	1035	498	342	325
SC_RS06740	NC_003888.3	1005700	1007202	-	1503	446	315	468	198	145	167	165	111	138
SC_RS06745	NC_003888.3	1007306	1008646	-	1341	9	4	5	157	116	178	188	134	161
SC_RS06750	NC_003888.3	1008835	1011153	-	2319	7	4	11	15	8	12	130	36	125
SC_RS06755	NC_003888.3	1011212	1013830	-	2619	4	8	5	21	13	12	158	36	122
SC_RS06760	NC_003888.3	1014030	1015250	-	1221	8	7	12	44	33	42	153	72	107
SC_RS06765	NC_003888.3	1015300	1016463	-	1164	14	11	27	25	38	47	82	57	94
SC_RS06770	NC_003888.3	1016501	1017394	-	894	3	3	8	7	3	8	53	15	48
SC_RS06775	NC_003888.3	1017707	1018138	-	432	1	0	6	4	1	1	30	10	23
SC_RS06780	NC_003888.3	1018179	1018838	-	660	6	4	4	12	4	4	38	14	47
SC_RS06785	NC_003888.3	1018944	1019903	-	960	8	5	10	7	12	6	59	21	47
SC_RS06790	NC_003888.3	1019971	1020594	-	624	5	7	13	16	14	18	46	22	28
SC_RS06795	NC_003888.3	1020695	1021237	-	543	8	4	1	8	10	12	48	13	36
SC_RS06800	NC_003888.3	1021386	1022009	-	624	1	2	4	14	10	16	52	19	49
SC_RS06805	NC_003888.3	1022079	1022813	-	735	5	1	10	17	19	10	63	25	55
SC_RS06810	NC_003888.3	1023053	1023964	+	912	451	437	575	281	273	323	360	330	374
SC_RS06815	NC_003888.3	1024039	1024383	+	345	35	28	32	14	13	20	45	23	36
SC_RS06820	NC_003888.3	1024508	1025767	+	1260	254	206	286	801	741	857	5349	6101	5507
SC_RS06825	NC_003888.3	1025757	1027076	-	1320	29	23	48	448	397	385	591	453	483
SC_RS06830	NC_003888.3	1027393	1028832	+	1440	263	215	322	1276	1321	1243	670	684	550
SC_RS06835	NC_003888.3	1029311	1029955	-	645	508	445	497	173	188	193	248	183	234
SC_RS06840	NC_003888.3	1029991	1030335	-	345	228	208	271	117	98	103	150	118	93
SC_RS06845	NC_003888.3	1030387	1030806	-	420	154	137	227	85	77	62	128	127	107
SC_RS06850	NC_003888.3	1030849	1030986	-	138	1	0	1	0	1	2	5	5	7
SC_RS06855	NC_003888.3	1031136	1031402	-	267	6	3	2	0	2	0	36	8	31
SC_RS06860	NC_003888.3	1031618	1031980	+	363	11	17	18	9	5	8	46	4	26
SC_RS06865	NC_003888.3	1031976	1033445	-	1470	34	38	71	35	28	34	158	49	100
SC_RS06870	NC_003888.3	1033827	1035107	+	1281	9	6	20	10	22	14	86	17	64
SC_RS06875	NC_003888.3	1035208	1036800	+	1593	6	4	5	4	12	11	84	20	73
SC_RS06880	NC_003888.3	1036797	1037666	+	870	1	0	6	4	5	2	65	19	38
SC_RS06885	NC_003888.3	1038243	1040561	+	2319	263	217	294	2333	2515	2734	458	362	384
SC_RS06890	NC_003888.3	1040764	1041465	+	702	294	241	347	161	158	134	528	503	417
SC_RS06895	NC_003888.3	1041692	1043245	+	1554	197	234	270	96	100	105	413	338	303
SC_RS06900	NC_003888.3	1043385	1043969	+	585	59	74	73	224	207	203	175	164	154
SC_RS06905	NC_003888.3	1043990	1044382	-	393	116	90	199	149	139	170	160	108	123
SC_RS06910	NC_003888.3	1044679	1045668	-	990	82	86	132	562	483	448	394	311	321
SC_RS06915	NC_003888.3	1046251	1047114	+	864	32	33	40	2791	2465	2348	5210	4623	4814
SC_RS06920	NC_003888.3	1047111	1048133	+	1023	7	2	10	1832	1678	1825	1171	970	785
SC_RS06925	NC_003888.3	1048130	1049368	+	1239	11	13	14	3032	2810	2709	1732	1438	1315
SC_RS06930	NC_003888.3	1049361	1050626	+	1266	10	8	10	1567	1482	1664	956	835	712
SC_RS06935	NC_003888.3	1050595	1051344	+	750	12	18	16	1489	1348	1358	896	863	687
SC_RS06940	NC_003888.3	1051613	1052656	+	1044	495	494	675	1185	1205	1243	618	519	461
SC_RS06945	NC_003888.3	1052653	1053768	+	1116	348	309	415	507	484	550	322	225	252
SC_RS06950	NC_003888.3	1053765	1054583	+	819	137	141	164	202	225	241	267	165	170
SC_RS06955	NC_003888.3	1054754	1055401	-	648	1603	1346	1837	7240	7059	7557	21710	23931	15161
SC_RS06960	NC_003888.3	1055883	1056995	-	1113	175	169	170	116	86	111	119	52	91
SC_RS06965	NC_003888.3	1057387	1057749	+	363	4	8	8	10	5	5	34	8	14
SC_RS06970	NC_003888.3	1057892	1058278	-	387	26	29	33	27	17	36	49	20	36
SC_RS06975	NC_003888.3	1058377	1058961	+	585	74	61	90	158	102	128	107	94	99
SC_RS06980	NC_003888.3	1059073	1059516	-	444	6	11	9	19	15	13	49	13	40
SC_RS06985	NC_003888.3	1060181	1061398	+	1218	0	0	0	0	2	0	6	3	8
SC_RS06990	NC_003888.3	1061694	1061786	-	93	0	0	4	0	1	2	7	1	15
SC_RS06995	NC_003888.3	1061871	1063013	-	1143	7	4	12	11	14	16	92	15	62
SC_RS07000	NC_003888.3	1063185	1063520	+	336	241	209	343	244	242	219	156	127	108
SC_RS07005	NC_003888.3	1063757	1064212	-	456	6	8	10	4	1	2	34	7	35
SC_RS07010	NC_003888.3	1064906	1066294	+	1389	6	3	5	3	2	6	78	16	81
SC_RS07015	NC_003888.3	1066337	1068241	-	1905	33	27	27	78	62	81	141	66	134
SC_RS07020	NC_003888.3	1068298	1069098	-	801	46	42	63	242	239	210	82	51	72
SC_RS07025	NC_003888.3	1069154	1069633	-	480	102	76	104	889	791	984	225	229	197
SC_RS07030	NC_003888.3	1069702	1071315	-	1614	313	308	337	122	87	128	237	165	206
SC_RS07035	NC_003888.3	1071616	1072620	+	1005	66	53	82	47	46	46	129	56	117
SC_RS07040	NC_003888.3	1072677	1073219	-	543	104	68	110	244	223	279	213	209	179
SC_RS07045	NC_003888.3	1073299	1074084	-	786	201	174	204	205	200	286	138	125	129
SC_RS07050	NC_003888.3	1074124	1075377	+	1254	39	49	48	317	256	260	276	181	190
SC_RS07055	NC_003888.3	1075397	1076719	-	1323	186	189	225	385	312	350	360	281	274
SC_RS07060	NC_003888.3	1077015	1077458	+	444	181	194	227	401	416	421	303	245	201
SC_RS07065	NC_003888.3	1077501	1078328	+	828	265	236	297	350	372	410	359	361	339
SC_RS07070	NC_003888.3	1078574	1079182	+	609	344	328	429	785	642	907	1397	1533	1629
SC_RS07075	NC_003888.3	1079291	1081729	+	2439	1100	1075	1284	1314	1073	1457	1261	1087	1154
SC_RS07080	NC_003888.3	1081780	1084137	-	2358	60	68	71	271	210	266	353	254	260
SC_RS07085	NC_003888.3	1084395	1085219	+	825	841	780	1037	237	245	261	399	326	352
SC_RS07090	NC_003888.3	1085351	1085824	+	474	54	38	56	30	22	23	95	51	77
SC_RS07095	NC_003888.3	1085859	1086983	-	1125	203	165	249	13	10	25	114	54	97
SC_RS07100	NC_003888.3	1087263	1087587	+	325	18	21	27	180	156	143	922	826	744
SC_RS07105	NC_003888.3	1087773	1088321	+	549	6	7	9	147	132	104	567	542	430
SC_RS07110	NC_003888.3	1088547	1091114	-	2568	5	1	5	23	25	17	177	65	160
SC_RS07115	NC_003888.3	1091111	1091860	-	750	0	1	1	2	4	2	57	18	41
SC_RS07120	NC_003888.3	1091857	1092141	-	285	3	1	1	1	0	3	20	10	28
SC_RS07125	NC_003888.3	1092334	1092897	+	564	35	43	42	37	20	24	128	128	118
SC_RS07130	NC_003888.3	1092908	1093495	+	588	37	39	50	19	12	12	84	68	61
SC_RS07135	NC_003888.3	1093492	1094400	+	909	50	51	60	33	16	17	118	75	113
SC_RS07140	NC_003888.3	1094465	1094866	+	402	11	8	7	8	1	2	18	13	16
SC_RS07145	NC_003888.3	1094860	1095258	+	399	103	117	144	133	142	152	102	82	81
SC_RS07150	NC_003888.3	1095280	1096518	-	1239	299	232	348	399	404	465	352	249	329
SC_RS07155	NC_003888.3	1096556	1097206	-	651	10	10	12	7	12	12	50	7	38
SC_RS07160	NC_003888.3	1097372	1098505	+	1134	633	585	807	159	139	195	153	111	153
SC_RS07165	NC_003888.3	1098628	1098903	-	276	20	20	45	4	4	2	30	10	21
SC_RS07170	NC_003888.3	1099030	1099809	+	780	118	103	174	49	43	60	96	75	102
SC_RS07175	NC_003888.3	1099831	1100772	-	942	13	11	19	4	8	3	74	19	67
SC_RS07180	NC_003888.3	1100965	1101198	+	234	2	3	3	1	3	2	24	6	17
SC_RS07185	NC_003888.3	1101284	1103545	+	2262	7	9	8	21	17	18	143	33	136
SC_RS07190	NC_003888.3	1103871	1104527	+	657	9	1	4	351	238	198	111	61	78
SC_RS07195	NC_003888.3	1104500	1104952	-	453	4	5	0	2610	2229	1917	852	695	519
SC_RS07200	NC_003888.3	1105031	1106194	-	1164	6	5	2	4	4	5	77	20	52
SC_RS07205	NC_003888.3	1106404	1107006	+	603	5	5	16	42	36	29	74	28	52
SC_RS07210	NC_003888.3	1107018	1108091	+	1074	11	10	10	31	12	19	78	26	77
SC_RS07215	NC_003888.3	1108110	1108778	-	669	1	1	3	0	2	0	48	11	40
SC_RS07220	NC_003888.3	1109095	1109286	+	192	2	1	2	0	0	0	22	4	23
SC_RS07225	NC_003888.3	1109450	1110652	+	1203	136	145	147	238	210	187	209	179	192
SC_RS07230	NC_003888.3	1110755	1113025	-	2271	147	157	188	38	29	39	132	25	105
SC_RS07235	NC_003888.3	1113310	1114596	+	1287	26	29	28	3	6	5	86	18	69
SC_RS07240	NC_003888.3	1114620	1115573	+	954	9	10	8	4	4	6	42	10	45
SC_RS07245	NC_003888.3	1115579	1116406	+	828	3	10	10	1	3	3	36	9	30
SC_RS07250	NC_003888.3	1116447	1117826	+	1380	43	27	48	14	14	10	74	24	73
SC_RS07255	NC_003888.3	1117870	1119111	-	1242	74	67	83	38	35	74	82	56	93
SC_RS07260	NC_003888.3	1119167	1120834	-	1668	5	7	10	4	5	4	97	17	101
SC_RS07265	NC_003888.3	1120925	1123006	-	2082	7	6	10	2	4	6	138	30	98
SC_RS07270	NC_003888.3	1123067	1123960	-	894	1	3	3	1	2	2	53	5	40
SC_RS07275	NC_003888.3	1123963	1124898	-	936	5	0	8	2	1	2	48	14	37
SC_RS07280	NC_003888.3	1124895	1126256	-	1362	10	4	7	2	7	3	69	16	54
SC_RS07285	NC_003888.3	1126535	1127557	+	1023	26	26	32	10	20	23	66	20	53
SC_RS07290	NC_003888.3	1127704	1128876	+	1173	90	100	73	42	25	33	102	41	93
SC_RS07295	NC_003888.3	1128954	1129694	+	741	70	73	79	134	111	145	130	123	147
SC_RS07300	NC_003888.3	1129716	1130108	-	393	13	14	11	21	21	23	52	34	47
SC_RS07305	NC_003888.3	1130184	1130468	+	285	11	15	14	74	45	42	69	49	55
SC_RS07310	NC_003888.3	1130429	1131094	-	666	30	18	23	30	38	46	79	54	67
SC_RS07315	NC_003888.3	1131091	1132338	-	1248	151	127	158	75	75	98	217	163	206
SC_RS07320	NC_003888.3	1132744	1134012	-	1269	1001	1008	1138	389	325	438	422	304	345
SC_RS07325	NC_003888.3	1134157	1135512	+	1356	1705	1674	2110	1003	934	1176	557	439	419
SC_RS07330	NC_003888.3	1135646	1136689	-	1044	204	185	239	68	69	52	125	75	105
SC_RS07335	NC_003888.3	1136858	1137052	-	195	9	4	9	2	3	7	9	2	7
SC_RS07340	NC_003888.3	1137148	1138101	-	954	82	79	75	35	19	22	64	20	42
SC_RS07345	NC_003888.3	1138315	1139391	+	1077	146	112	146	120	102	127	189	137	167
SC_RS07350	NC_003888.3	1139479	1140312	+	834	82	95	123	61	62	56	123	58	85
SC_RS07355	NC_003888.3	1140293	1141591	-	1299	80	75	88	45	49	49	131	48	94
SC_RS07360	NC_003888.3	1141759	1142721	-	963	1323	1385	1591	1592	1640	2041	974	960	786
SC_RS07365	NC_003888.3	1142777	1143565	-	789	1918	1938	2545	2263	2155	2673	1518	1563	1322
SC_RS07370	NC_003888.3	1143786	1144295	-	510	72	45	50	215	202	280	100	75	106
SC_RS07375	NC_003888.3	1144442	1144822	-	381	33	27	47	226	222	344	262	277	210
SC_RS07380	NC_003888.3	1145088	1145816	+	729	496	525	633	878	826	944	610	605	550
SC_RS07385	NC_003888.3	1145827	1146399	-	573	376	344	472	83	83	92	100	62	110
SC_RS07390	NC_003888.3	1146486	1147556	-	1071	1848	1965	2203	217	182	292	287	280	336
SC_RS07395	NC_003888.3	1147553	1148299	-	747	3010	3173	3447	261	175	298	387	403	588
SC_RS07400	NC_003888.3	1148368	1149771	-	1404	5497	5745	6825	458	207	565	768	821	1194
SC_RS07405	NC_003888.3	1149998	1150681	+	684	69	49	65	69	66	63	195	138	127
SC_RS07410	NC_003888.3	1150733	1151272	-	540	125	113	197	106	121	116	130	91	77
SC_RS07415	NC_003888.3	1151356	1151748	+	393	19	14	26	19	18	12	47	23	28
SC_RS07420	NC_003888.3	1151870	1152634	+	765	30	29	43	18	20	18	50	25	54
SC_RS07425	NC_003888.3	1152798	1153376	+	579	140	149	182	53	58	68	70	59	71
SC_RS07430	NC_003888.3	1153488	1154766	+	1279	69	65	76	26	25	29	93	29	60
SC_RS07435	NC_003888.3	1154805	1155686	+	882	68	49	88	38	21	30	51	28	55
SC_RS07440	NC_003888.3	1155717	1156292	-	576	122	132	173	85	58	71	100	71	74
SC_RS07445	NC_003888.3	1156289	1158016	-	1728	94	81	86	8	6	17	114	28	85
SC_RS07450	NC_003888.3	1158218	1158796	+	579	0	2	0	47	35	36	865	713	663
SC_RS07455	NC_003888.3	1158944	1159879	+	936	56	50	69	663	575	738	355	297	296
SC_RS07460	NC_003888.3	1160123	1160794	+	672	54	62	68	121	154	160	130	94	125
SC_RS07465	NC_003888.3	1160876	1161565	+	690	50	55	54	76	84	76	89	49	70
SC_RS07470	NC_003888.3	1161710	1162411	+	702	183	194	234	98	69	85	127	120	133
SC_RS07475	NC_003888.3	1162399	1163901	-	1503	45	39	41	1409	1224	1809	733	701	604
SC_RS07480	NC_003888.3	1164110	1164766	+	657	19	20	15	27	20	29	66	33	56
SC_RS07485	NC_003888.3	1164809	1165264	-	456	38	36	32	25	22	13	33	6	20
SC_RS07490	NC_003888.3	1165403	1165774	-	372	63	69	97	103	74	92	74	42	68
SC_RS07495	NC_003888.3	1165916	1166995	+	1080	103	109	100	244	208	209	78	45	70
SC_RS07500	NC_003888.3	1167193	1167993	+	801	8	8	4	10	15	8	60	15	44
SC_RS07505	NC_003888.3	1167998	1168750	-	753	64	60	69	26	16	26	103	38	77
SC_RS07510	NC_003888.3	1168853	1170556	+	1704	115	149	150	89	92	91	211	131	212
SC_RS07515	NC_003888.3	1170638	1171792	+	1155	248	257	333	276	245	240	485	415	364
SC_RS07520	NC_003888.3	1171863	1172540	+	678	271	306	354	559	533	632	422	435	332
SC_RS07525	NC_003888.3	1172537	1173535	+	999	332	300	371	339	302	331	263	253	276
SC_RS07530	NC_003888.3	1173674	1174600	+	927	1193	1183	1468	728	901	813	589	460	411
SC_RS07535	NC_003888.3	1174890	1175927	-	1038	272	267	365	57	44	55	88	54	88
SC_RS07540	NC_003888.3	1176089	1177579	-	1491	1120	929	1506	12	7	15	92	40	98
SC_RS07545	NC_003888.3	1177797	1178273	+	477	27	36	31	5	6	10	40	7	36
SC_RS07550	NC_003888.3	1178303	1179010	+	708	55	42	52	63	51	67	66	45	52
SC_RS07555	NC_003888.3	1179094	1179834	+	741	71	51	75	43	46	44	115	98	106
SC_RS07560	NC_003888.3	1179956	1180792	-	837	392	363	431	295	258	269	281	233	210
SC_RS07565	NC_003888.3	1180851	1181249	+	399	867	760	1009	297	291	310	252	197	174
SC_RS07570	NC_003888.3	1181366	1181857	-	492	120	125	145	19	18	21	52	11	42
SC_RS07575	NC_003888.3	1181900	1182286	-	387	29	27	42	12	5	8	20	15	24
SC_RS07580	NC_003888.3	1182418	1183572	-	1155	5	10	9	2	2	4	67	19	58
SC_RS07585	NC_003888.3	1183757	1184611	+	855	9	17	25	6	7	12	62	19	48
SC_RS07590	NC_003888.3	1184628	1185536	+	909	12	14	14	6	6	2	40	15	41
SC_RS07595	NC_003888.3	1185686	1186480	+	795	4	3	8	7	4	2	44	20	38
SC_RS07600	NC_003888.3	1186491	1188266	+	1776	31	33	40	89	66	54	109	32	96
SC_RS07605	NC_003888.3	1188324	1189481	-	1158	95	69	118	719	658	796	320	261	281
SC_RS07610	NC_003888.3	1189474	1191621	-	2148	96	88	98	1429	1455	1752	495	461	374
SC_RS07615	NC_003888.3	1191618	1192610	-	993	31	26	34	497	512	639	206	183	155
SC_RS07620	NC_003888.3	1192607	1193209	-	603	34	25	37	392	394	527	138	154	123
SC_RS07625	NC_003888.3	1193398	1193988	+	591	198	239	345	187	173	213	170	146	116
SC_RS07630	NC_003888.3	1193951	1194742	-	792	19	24	28	16	8	13	47	28	44
SC_RS07635	NC_003888.3	1194739	1196385	-	1647	36	40	55	21	15	14	114	29	97
SC_RS07640	NC_003888.3	1196793	1197779	+	987	108	110	125	5	10	7	130	112	123
SC_RS07645	NC_003888.3	1197776	1198321	+	546	59	53	55	7	9	4	79	58	51
SC_RS07650	NC_003888.3	1198323	1199822	+	1500	179	180	167	26	15	10	211	158	172
SC_RS07655	NC_003888.3	1199889	1200311	-	423	29	25	50	27	20	35	59	24	48
SC_RS07660	NC_003888.3	1200394	1201473	+	1080	44	38	64	106	57	48	147	79	97
SC_RS07665	NC_003888.3	1201486	1202247	-	762	105	102	136	23	17	21	196	106	162
SC_RS07670	NC_003888.3	1202480	1204282	-	1803	757	773	945	132	126	188	814	870	732
SC_RS07675	NC_003888.3	1204428	1204889	+	462	390	396	477	45	39	46	299	299	279
SC_RS07680	NC_003888.3	1204911	1205669	-	759	263	281	347	266	227	307	349	328	305
SC_RS07685	NC_003888.3	1205898	1207775	+	1878	126	116	128	75	77	92	134	63	119
SC_RS07690	NC_003888.3	1207772	1209553	+	1782	158	122	177	111	103	106	171	106	123
SC_RS07695	NC_003888.3	1209788	1210258	+	471	137	155	180	38	36	43	93	59	79
SC_RS07700	NC_003888.3	1210322	1210594	+	273	52	56	64	18	12	7	36	20	34
SC_RS07705	NC_003888.3	1210615	1211409	-	795	643	568	747	222	197	232	185	96	134
SC_RS07710	NC_003888.3	1211555	1214068	+	2514	1161	1189	1487	674	560	822	505	395	405
SC_RS07715	NC_003888.3	1214088	1214954	+	867	415	358	519	134	140	187	141	110	121
SC_RS07720	NC_003888.3	1214956	1215927	-	972	99	109	109	306	200	200	318	264	244
SC_RS07725	NC_003888.3	1216065	1216478	-	414	26	24	44	229	205	202	188	162	164
SC_RS07730	NC_003888.3	1216584	1217012	+	429	69	76	84	241	226	252	200	174	180
SC_RS07735	NC_003888.3	1217041	1217655	-	615	16	15	13	285	243	220	201	207	210
SC_RS07740	NC_003888.3	1217724	1218137	-	414	0	1	1	182	143	127	115	100	74
SC_RS07745	NC_003888.3	1218156	1218593	-	438	0	1	0	225	226	194	200	175	150
SC_RS07750	NC_003888.3	1218590	1221178	-	2589	2	5	9	1136	1015	1140	816	715	623
SC_RS07755	NC_003888.3	1221241	1222017	-	777	4	0	1	407	405	363	301	238	210
SC_RS07760	NC_003888.3	1222188	1222787	+	600	52	53	52	97	73	111	94	61	102
SC_RS07765	NC_003888.3	1223235	1224134	-	900	22	25	43	373	314	417	479	467	416
SC_RS07770	NC_003888.3	1224211	1224537	+	327	17	13	24	91	69	54	92	59	74
SC_RS07775	NC_003888.3	1224677	1225594	+	918	172	118	212	172	108	101	238	135	145
SC_RS07780	NC_003888.3	1225651	1225833	-	183	90	107	139	176	131	213	436	490	454
SC_RS07785	NC_003888.3	1226105	1228969	+	2865	308	301	308	65	49	61	223	80	162
SC_RS07790	NC_003888.3	1228966	1230234	+	1269	191	186	197	37	32	33	130	74	118
SC_RS07795	NC_003888.3	1230329	1231492	-	1164	323	323	432	290	260	290	263	227	230
SC_RS07800	NC_003888.3	1231648	1233093	+	1446	170	118	177	184	170	175	191	127	150
SC_RS07805	NC_003888.3	1233319	1234527	+	1209	76	79	87	49	60	52	115	36	81
SC_RS07810	NC_003888.3	1234835	1235440	+	606	8	7	9	100	94	112	110	81	107
SC_RS07815	NC_003888.3	1235615	1236874	+	1260	24	19	29	91	98	105	144	87	145
SC_RS07820	NC_003888.3	1237012	1238535	+	1524	23	19	21	1304	1127	680	149	124	160
SC_RS07825	NC_003888.3	1238595	1239041	-	447	2	1	0	14	5	6	35	3	34
SC_RS07830	NC_003888.3	1239108	1239332	-	225	3	0	2	4	5	0	13	3	15
SC_RS07835	NC_003888.3	1239663	1241453	-	1791	27	16	21	81	55	84	273	148	209
SC_RS07840	NC_003888.3	1241559	1242302	+	744	13	19	27	9	2	6	101	42	73
SC_RS07845	NC_003888.3	1242334	1242762	-	429	8	7	2	8	14	7	650	592	485
SC_RS07850	NC_003888.3	1242817	1243575	-	759	0	15	15	13	12	14	61	16	44
SC_RS07855	NC_003888.3	1243639	1244799	+	1161	17	19	30	33	22	28	88	28	69
SC_RS07860	NC_003888.3	1244920	1245774	+	855	1073	1008	1470	175	145	131	222	181	160
SC_RS07865	NC_003888.3	1245780	1250951	+	5172	1434	1351	1585	513	438	437	621	416	475
SC_RS07870	NC_003888.3	1251004	1252173	+	1170	263	217	288	86	76	107	124	75	112
SC_RS07875	NC_003888.3	1252179	1256141	+	3963	512	436	563	129	141	157	290	157	244
SC_RS07880	NC_003888.3	1256138	1258141	+	2004	115	86	115	58	43	50	134	46	105
SC_RS07885	NC_003888.3	1258218	1259243	+	1026	250	232	277	132	115	135	216	131	187
SC_RS07890	NC_003888.3	1259461	1260606	+	1146	4	8	5	1	4	2	93	14	74
SC_RS07895	NC_003888.3	1260854	1261948	+	1095	7	10	3	8	3	10	66	24	54
SC_RS07900	NC_003888.3	1262121	1262546	+	426	12	11	39	2	5	5	63	49	57
SC_RS07905	NC_003888.3	1262509	1264110	-	1602	169	171	204	12	11	10	100	39	86
SC_RS07910	NC_003888.3	1264183	1264656	-	474	171	125	164	8	19	22	54	23	47
SC_RS07915	NC_003888.3	1264780	1265148	+	369	14	11	20	60	59	36	43	16	53
SC_RS07920	NC_003888.3	1265170	1265739	-	570	139	128	167	67	47	47	93	37	67
SC_RS07925	NC_003888.3	1265841	1267331	+	1491	18	9	23	178	139	89	116	40	96
SC_RS07930	NC_003888.3	1267321	1267515	-	195	1	0	2	1283	1236	987	143	177	120
SC_RS07935	NC_003888.3	1267630	1268493	-	864	9	4	11	12511	11164	10692	1439	1302	897
SC_RS07940	NC_003888.3	1268663	1269751	-	1089	68	57	85	110	87	88	137	95	135
SC_RS07945	NC_003888.3	1269748	1270929	-	1182	76	85	82	121	92	98	166	119	113
SC_RS07950	NC_003888.3	1270926	1271906	-	981	99	106	136	113	94	111	125	86	101
SC_RS07955	NC_003888.3	1271991	1272566	-	576	99	85	103	101	98	89	166	120	115
SC_RS07960	NC_003888.3	1272644	1273609	+	966	168	154	207	92	86	90	146	77	105
SC_RS07965	NC_003888.3	1273700	1275238	+	1539	121	127	132	58	58	52	137	91	151
SC_RS07970	NC_003888.3	1275235	1275696	+	462	4	7	6	6	5	7	38	10	30
SC_RS07975	NC_003888.3	1275830	1277215	+	1386	16	21	21	39	26	44	92	39	70
SC_RS07980	NC_003888.3	1277241	1277477	+	237	17	20	19	81	50	71	58	69	47
SC_RS07985	NC_003888.3	1277625	1278749	+	1125	19	12	14	71	75	70	70	32	69
SC_RS07990	NC_003888.3	1278746	1279960	+	1215	8	16	15	68	48	68	89	30	75
SC_RS07995	NC_003888.3	1279957	1280490	+	534	17	16	26	27	28	16	36	11	34
SC_RS08000	NC_003888.3	1280487	1281713	-	1227	577	594	731	698	621	588	236	136	146
SC_RS08005	NC_003888.3	1281884	1282540	+	657	458	418	557	172	168	172	268	222	194
SC_RS08010	NC_003888.3	1282582	1283121	-	540	52	43	79	28	20	37	67	35	35
SC_RS08015	NC_003888.3	1283300	1284538	+	1239	2369	2155	2923	1065	1015	1283	657	585	478
SC_RS08020	NC_003888.3	1284562	1285290	+	729	788	860	1103	485	466	484	352	309	233
SC_RS08025	NC_003888.3	1285457	1286482	+	1026	737	688	923	839	836	803	504	375	355
SC_RS08030	NC_003888.3	1286676	1287626	+	951	539	508	610	232	181	257	336	249	279
SC_RS08035	NC_003888.3	1287670	1287840	+	171	33	32	52	97	86	79	148	128	138
SC_RS08040	NC_003888.3	1287879	1289084	-	1206	21	22	25	20	16	10	68	26	70
SC_RS08045	NC_003888.3	1289093	1290928	-	1836	30	32	28	15	14	17	120	26	92
SC_RS08050	NC_003888.3	1290957	1291352	-	396	5	1	0	2	0	2	22	9	15
SC_RS08055	NC_003888.3	1291356	1292117	-	762	16	7	11	5	4	11	48	11	38
SC_RS08060	NC_003888.3	1292195	1292698	+	504	34	20	33	69	52	70	48	25	46
SC_RS08065	NC_003888.3	1292824	1293690	+	867	50	70	92	4465	2547	4276	562	421	364
SC_RS08070	NC_003888.3	1293687	1294910	+	1224	61	106	110	7409	4100	6719	969	851	704
SC_RS08075	NC_003888.3	1294926	1295384	-	459	88	70	117	103	79	68	71	55	63
SC_RS08080	NC_003888.3	1295526	1297040	+	1515	152	177	153	278	158	293	184	113	177
SC_RS08085	NC_003888.3	1297131	1300331	-	3201	3	2	1	19	11	15	229	45	162
SC_RS08090	NC_003888.3	1300601	1302022	-	1422	7	7	9	214	192	175	293	255	316
SC_RS08095	NC_003888.3	1302287	1303009	+	723	126	100	159	246	202	240	180	172	163
SC_RS08100	NC_003888.3	1303094	1304119	+	1026	63	62	72	163	190	162	210	165	190
SC_RS08105	NC_003888.3	1304188	1305813	-	1626	381	366	430	2069	2020	1759	1825	1902	1555
SC_RS08110	NC_003888.3	1305967	1306731	-	765	117	109	128	38	28	32	53	32	40
SC_RS08115	NC_003888.3	1306728	1307405	-	678	74	94	102	29	35	34	55	11	51
SC_RS08120	NC_003888.3	1307571	1308245	-	675	137	110	158	49	47	47	44	17	43
SC_RS08125	NC_003888.3	1308254	1309975	-	1722	625	619	842	321	333	449	193	135	171
SC_RS08130	NC_003888.3	1309968	1310279	-	312	169	183	205	62	78	100	48	33	32
SC_RS08135	NC_003888.3	1310293	1310595	-	303	289	286	456	182	157	155	81	66	68
SC_RS08140	NC_003888.3	1310820	1311104	-	285	113	126	176	190	130	163	122	83	103
SC_RS08145	NC_003888.3	1311216	1311851	+	636	21	18	27	15	20	21	286	288	243
SC_RS08150	NC_003888.3	1311859	1312167	+	309	3	6	6	2	3	8	84	86	71
SC_RS08155	NC_003888.3	1312684	1313157	+	474	1	2	1	11	10	12	50	28	42
SC_RS08160	NC_003888.3	1313128	1313640	-	513	12	5	15	993	926	1132	561	616	461
SC_RS08165	NC_003888.3	1313856	1314716	+	861	51	52	66	143	145	131	129	90	102
SC_RS08170	NC_003888.3	1314738	1314968	+	231	15	7	16	35	51	36	49	49	37
SC_RS08175	NC_003888.3	1315011	1316138	-	1128	102	100	95	125	87	99	125	76	105
SC_RS08180	NC_003888.3	1316289	1317512	+	1224	913	825	893	705	582	616	282	234	210
SC_RS08185	NC_003888.3	1317505	1318791	+	1287	793	649	794	453	423	374	228	161	150
SC_RS08190	NC_003888.3	1318793	1319509	+	717	390	359	412	225	178	144	112	92	112
SC_RS08195	NC_003888.3	1319887	1320564	+	678	304	282	348	304	248	277	900	959	850
SC_RS08200	NC_003888.3	1320586	1320960	-	375	8	14	11	15	11	13	42	17	31
SC_RS08205	NC_003888.3	1320980	1321207	-	228	17	16	19	55	42	41	88	79	79
SC_RS08210	NC_003888.3	1321315	1321740	+	426	14	11	21	119	119	117	97	66	61
SC_RS08215	NC_003888.3	1321823	1323229	+	1407	49	30	46	193	212	177	176	124	153
SC_RS08220	NC_003888.3	1323226	1324239	+	1014	19	23	24	116	98	95	100	55	56
SC_RS08225	NC_003888.3	1324336	1325118	+	783	96	98	122	22	20	23	73	32	47
SC_RS08230	NC_003888.3	1325285	1326727	+	1443	1622	1581	1959	500	566	574	292	221	232
SC_RS08235	NC_003888.3	1326748	1327284	+	537	559	528	734	106	112	100	95	56	74
SC_RS08240	NC_003888.3	1327484	1327924	-	441	263	281	353	115	90	84	132	88	122
SC_RS08245	NC_003888.3	1327991	1328716	-	726	18	16	14	12	18	14	65	21	50
SC_RS08250	NC_003888.3	1328719	1329639	-	921	11	12	11	9	14	28	67	23	57
SC_RS08255	NC_003888.3	1329747	1330901	+	1155	82	92	149	50	41	55	100	69	128
SC_RS08260	NC_003888.3	1330916	1331578	+	663	152	125	154	92	76	81	90	73	63
SC_RS08265	NC_003888.3	1331678	1332832	+	1155	290	277	346	183	159	181	206	129	187
SC_RS08270	NC_003888.3	1332872	1333633	-	762	530	495	668	1208	983	874	960	891	727
SC_RS08275	NC_003888.3	1333824	1334711	-	888	36	34	47	46	39	48	90	40	79
SC_RS08280	NC_003888.3	1334865	1335743	+	879	20	21	26	1	2	5	88	33	82
SC_RS08285	NC_003888.3	1335695	1336564	-	870	5	4	2	5	3	1	63	27	61
SC_RS08290	NC_003888.3	1336608	1337876	-	1269	2	1	3	3	1	4	63	22	70
SC_RS08295	NC_003888.3	1337873	1338130	-	258	0	0	2	2	0	0	17	0	14
SC_RS08300	NC_003888.3	1338248	1339366	-	1119	4	2	4	1	4	4	70	23	62
SC_RS08305	NC_003888.3	1339363	1340376	-	1014	1	0	5	6	6	2	58	19	50
SC_RS08310	NC_003888.3	1340373	1341344	-	972	0	2	4	6	2	5	66	17	57
SC_RS08315	NC_003888.3	1341355	1342317	-	963	4	1	3	6	0	6	65	21	42
SC_RS08320	NC_003888.3	1342317	1342589	-	273	0	1	0	1	2	2	10	4	14
SC_RS08325	NC_003888.3	1342661	1343779	-	1119	2	0	1	2	6	10	94	13	74
SC_RS08330	NC_003888.3	1344147	1344806	+	660	1	1	1	0	1	4	55	15	33
SC_RS08335	NC_003888.3	1344856	1346613	+	1758	2	0	3	5	3	10	113	30	75
SC_RS08340	NC_003888.3	1346693	1347289	+	597	2	3	5	3	8	6	118	103	82
SC_RS08345	NC_003888.3	1347343	1348086	+	744	7	5	7	9	15	13	168	98	102
SC_RS08350	NC_003888.3	1348179	1349756	+	1578	2	4	1	5	9	3	155	71	117
SC_RS08355	NC_003888.3	1349799	1350677	+	879	2	1	2	4	2	3	53	18	46
SC_RS08360	NC_003888.3	1350735	1351976	-	1242	1	0	0	0	1	2	66	21	58
SC_RS08365	NC_003888.3	1352088	1353410	-	1323	1	1	3	0	6	3	68	12	40
SC_RS08370	NC_003888.3	1353407	1354006	-	600	3	1	0	1	1	1	27	4	30
SC_RS08375	NC_003888.3	1353978	1354445	-	468	0	0	0	2	0	3	23	3	19
SC_RS08380	NC_003888.3	1354527	1355912	-	1386	1	1	3	4	3	1	89	16	78
SC_RS08385	NC_003888.3	1355909	1357030	-	1122	0	3	2	3	4	6	74	14	51
SC_RS08390	NC_003888.3	1357085	1358209	-	1125	1	0	1	6	3	9	63	18	58
SC_RS08395	NC_003888.3	1358281	1359243	-	963	0	0	0	3	1	0	55	11	49
SC_RS08400	NC_003888.3	1359227	1359733	-	507	0	1	1	0	1	1	43	5	27
SC_RS08405	NC_003888.3	1359896	1361419	+	1524	82	95	111	400	326	343	588	514	493
SC_RS08410	NC_003888.3	1361564	1363153	+	1590	28	11	15	5608	4933	5495	841	675	538
SC_RS08415	NC_003888.3	1363304	1364707	+	1404	572	498	637	196	171	167	173	156	141
SC_RS08420	NC_003888.3	1364704	1367439	+	2736	587	506	698	282	231	223	338	244	282
SC_RS08425	NC_003888.3	1367555	1368913	+	1359	153	147	226	18144	15627	16606	3909	3399	2555
SC_RS08430	NC_003888.3	1368938	1370161	-	1224	18	8	15	1016	679	543	326	146	242
SC_RS08435	NC_003888.3	1370221	1370712	+	492	80	79	121	115	88	123	83	47	61
SC_RS08440	NC_003888.3	1370791	1372479	+	1689	621	641	770	1979	1702	2157	938	883	791
SC_RS08445	NC_003888.3	1372654	1372778	-	125	36	43	35	37	35	23	48	23	33
SC_RS08450	NC_003888.3	1372948	1373469	-	522	149	143	213	181	147	174	187	111	123
SC_RS08455	NC_003888.3	1373491	1374042	-	552	14	11	17	20	12	11	46	12	44
SC_RS08460	NC_003888.3	1374103	1374549	+	447	28	24	38	21	21	11	47	10	64
SC_RS08465	NC_003888.3	1374583	1377582	-	3000	325	313	418	169	140	217	262	164	178
SC_RS08470	NC_003888.3	1377579	1378742	-	1164	248	234	295	85	81	126	138	97	142
SC_RS08475	NC_003888.3	1379126	1379752	-	627	126	120	169	78	60	75	86	57	64
SC_RS08480	NC_003888.3	1379824	1380573	-	750	28	33	35	57	43	57	74	36	71
SC_RS08485	NC_003888.3	1380724	1381131	+	408	108	131	172	1024	805	1236	523	533	478
SC_RS08490	NC_003888.3	1381144	1382439	-	1296	47	33	36	141	88	70	122	54	122
SC_RS08495	NC_003888.3	1382544	1383788	-	1245	17	12	19	20	18	17	80	25	74
SC_RS08500	NC_003888.3	1383886	1385292	-	1407	64	48	47	32	39	44	118	37	77
SC_RS08505	NC_003888.3	1385454	1386677	+	1224	115	109	152	96	55	68	174	107	177
SC_RS08510	NC_003888.3	1386707	1387066	-	360	14	9	10	7	8	5	40	16	35
SC_RS08515	NC_003888.3	1387179	1388270	+	1092	36	44	49	38	28	34	87	27	73
SC_RS08520	NC_003888.3	1388275	1388832	-	558	73	73	70	145	126	88	94	46	61
SC_RS08525	NC_003888.3	1388876	1389448	-	573	57	46	60	19	23	20	45	25	32
SC_RS08530	NC_003888.3	1389568	1390425	+	858	81	77	114	28	22	33	74	33	66
SC_RS08535	NC_003888.3	1390456	1391259	-	804	256	221	264	426	357	465	200	166	158
SC_RS08540	NC_003888.3	1391367	1391903	+	537	164	157	239	71	75	73	98	51	82
SC_RS08545	NC_003888.3	1391967	1392602	-	636	446	462	528	744	696	760	341	353	337
SC_RS08550	NC_003888.3	1392691	1393128	-	438	146	152	187	36	29	33	91	53	84
SC_RS08555	NC_003888.3	1393213	1394196	+	984	118	95	128	46	41	61	87	31	62
SC_RS08560	NC_003888.3	1394273	1395295	+	1023	1454	1207	1624	294	322	353	465	620	600
SC_RS08565	NC_003888.3	1395319	1396164	-	846	269	261	308	172	143	171	242	198	201
SC_RS08570	NC_003888.3	1396238	1397416	-	1179	157	164	188	79	69	86	121	46	102
SC_RS08575	NC_003888.3	1397692	1398413	-	722	15	7	20	53	62	59	85	58	59
SC_RS08580	NC_003888.3	1398463	1399239	+	777	190	154	198	221	216	242	311	291	358
SC_RS08585	NC_003888.3	1399280	1400449	-	1170	18	23	24	19	9	15	100	29	87
SC_RS08590	NC_003888.3	1400584	1401057	+	474	80	61	90	47	37	43	55	40	65
SC_RS08595	NC_003888.3	1401207	1402082	+	876	141	165	206	238	313	309	170	120	103
SC_RS08600	NC_003888.3	1402679	1403737	+	1059	42	42	35	45	33	62	132	52	99
SC_RS08605	NC_003888.3	1403709	1404506	-	798	2	1	6	9	7	11	44	13	67
SC_RS08610	NC_003888.3	1404801	1405034	-	234	5	3	4	3	2	7	24	4	22
SC_RS08615	NC_003888.3	1405031	1405780	-	750	0	3	2	22	22	11	76	21	59
SC_RS08620	NC_003888.3	1406162	1408480	+	2319	61	68	81	331	287	335	440	295	347
SC_RS08625	NC_003888.3	1408850	1409380	-	531	2	1	0	1	2	2	50	6	37
SC_RS08630	NC_003888.3	1410027	1410995	+	969	7	13	6	5	7	1	70	20	50
SC_RS08635	NC_003888.3	1411647	1411826	+	180	20	18	30	47	41	44	52	46	29
SC_RS08640	NC_003888.3	1411885	1412625	-	741	480	488	677	197	163	271	123	113	123
SC_RS08645	NC_003888.3	1412774	1414348	+	1575	319	263	367	230	163	241	278	200	271
SC_RS08650	NC_003888.3	1414272	1415177	-	906	73	81	139	80	56	93	86	38	73
SC_RS08655	NC_003888.3	1415191	1416381	-	1191	58	63	100	29	38	38	89	49	54
SC_RS08660	NC_003888.3	1416484	1417104	+	621	48	35	46	16	9	28	53	20	55
SC_RS08665	NC_003888.3	1417147	1417659	+	513	199	191	242	416	369	508	291	218	226
SC_RS08670	NC_003888.3	1417763	1418269	+	507	114	100	98	108	112	104	82	51	57
SC_RS08675	NC_003888.3	1418317	1418868	-	552	407	353	437	49	34	47	55	43	62
SC_RS08680	NC_003888.3	1418995	1419678	-	684	1037	890	1281	119	153	130	118	108	138
SC_RS08685	NC_003888.3	1419752	1421338	-	1587	87	83	92	48	37	48	221	86	171
SC_RS08690	NC_003888.3	1421547	1422308	-	762	125	146	161	179	131	185	148	121	131
SC_RS08695	NC_003888.3	1422352	1423113	-	762	119	147	157	106	96	168	142	126	136
SC_RS08700	NC_003888.3	1423379	1424143	+	765	18	16	25	9	9	23	60	14	45
SC_RS08705	NC_003888.3	1424234	1424617	-	384	80	90	107	46	30	28	50	56	56
SC_RS08710	NC_003888.3	1424614	1425369	-	756	202	196	279	98	83	94	147	111	111
SC_RS08715	NC_003888.3	1425630	1426211	+	582	0	0	0	0	0	1	34	5	30
SC_RS08720	NC_003888.3	1426307	1429033	+	2727	27	30	28	22	25	31	196	67	176
SC_RS08725	NC_003888.3	1429057	1430469	-	1413	64	54	117	77	84	82	157	75	157
SC_RS08730	NC_003888.3	1430593	1431576	+	984	34	35	36	50	32	50	71	39	59
SC_RS08735	NC_003888.3	1431662	1432225	-	564	0	0	0	1	0	2	27	8	35
SC_RS08740	NC_003888.3	1432286	1433899	-	1614	1	5	4	1	2	1	117	13	94
SC_RS08745	NC_003888.3	1434218	1434715	+	498	37	29	35	63	44	47	103	92	90
SC_RS08750	NC_003888.3	1434712	1435179	+	468	24	27	34	42	60	63	145	132	126
SC_RS08755	NC_003888.3	1435312	1436223	-	912	86	61	91	40	27	33	104	59	93
SC_RS08760	NC_003888.3	1436298	1437296	+	999	30	19	28	24	16	19	85	21	64
SC_RS08765	NC_003888.3	1437760	1439097	-	1338	98	99	126	113	114	77	161	83	146
SC_RS08770	NC_003888.3	1439133	1439819	+	687	65	50	70	165	226	103	273	229	182
SC_RS08775	NC_003888.3	1439866	1440840	-	975	26	24	33	25	26	22	81	13	64
SC_RS08780	NC_003888.3	1441026	1442030	-	1005	28	31	36	97	74	60	120	54	84
SC_RS08785	NC_003888.3	1442209	1442748	-	540	109	87	125	46	45	34	550	651	650
SC_RS08790	NC_003888.3	1442946	1443134	+	189	5	9	12	1	3	0	28	15	41
SC_RS08795	NC_003888.3	1443255	1443908	-	654	485	529	622	122	114	117	1530	2088	1768
SC_RS08800	NC_003888.3	1443901	1444656	-	756	1	0	0	0	2	2	25	10	28
SC_RS08805	NC_003888.3	1444653	1445792	-	1140	3	2	3	0	3	1	65	16	49
SC_RS08810	NC_003888.3	1445966	1447180	+	1215	24	17	25	24	22	27	90	46	84
SC_RS08815	NC_003888.3	1447177	1447812	+	636	8	7	7	11	7	7	31	12	28
SC_RS08820	NC_003888.3	1447950	1448759	+	810	36	33	42	40	32	37	72	30	46
SC_RS08825	NC_003888.3	1448786	1449613	-	828	210	191	292	95	86	118	139	97	136
SC_RS08830	NC_003888.3	1449695	1451212	-	1518	20	22	27	110	93	81	381	285	255
SC_RS08835	NC_003888.3	1451772	1452356	+	585	129	133	131	190	237	240	388	299	268
SC_RS08840	NC_003888.3	1452656	1452859	+	204	90	75	88	1374	1239	1159	3359	3171	2879
SC_RS08845	NC_003888.3	1453090	1454160	+	1071	96	83	88	432	362	362	432	357	442
SC_RS08850	NC_003888.3	1454293	1454712	+	420	23	35	32	35	27	24	62	33	40
SC_RS08855	NC_003888.3	1454780	1457665	-	2886	3614	4089	3680	2721	2134	4250	1061	1130	958
SC_RS08860	NC_003888.3	1458090	1458473	+	384	13	14	13	3	2	2	52	8	47
SC_RS08865	NC_003888.3	1458383	1459822	-	1440	782	744	956	174	119	176	288	240	305
SC_RS08870	NC_003888.3	1459887	1460573	-	687	486	523	632	1012	754	828	626	613	517
SC_RS08875	NC_003888.3	1460736	1461209	-	474	531	473	679	853	613	713	545	514	486
SC_RS08880	NC_003888.3	1461293	1462033	-	741	813	720	1000	360	318	403	209	253	202
SC_RS08885	NC_003888.3	1462078	1462923	-	846	1869	1837	2459	1139	988	1304	747	749	614
SC_RS08890	NC_003888.3	1463072	1463926	-	855	256	213	298	179	159	159	153	122	141
SC_RS08895	NC_003888.3	1463932	1464264	-	333	99	63	109	57	37	55	58	42	46
SC_RS08900	NC_003888.3	1464261	1465166	-	906	405	385	479	176	180	227	198	154	156
SC_RS08905	NC_003888.3	1465266	1467761	-	2496	1276	1203	1556	2451	2273	2592	3309	3359	2857
SC_RS08910	NC_003888.3	1467874	1468482	-	609	342	308	363	219	201	253	185	125	172
SC_RS08915	NC_003888.3	1468592	1468708	-	117	0	1	0	0	2	0	5	1	7
SC_RS08920	NC_003888.3	1468795	1471916	-	3122	327	194	295	801	1225	1157	772	677	377
SC_RS08925	NC_003888.3	1472195	1473721	-	1527	166	178	181	317	636	706	631	457	394
SC_RS08930	NC_003888.3	1474291	1474740	+	450	696	611	833	625	681	803	353	305	297
SC_RS08935	NC_003888.3	1474827	1476497	+	1671	2139	2104	2666	1795	1859	2093	900	856	729
SC_RS08940	NC_003888.3	1476570	1477472	-	903	30	27	39	14	11	17	84	29	59
SC_RS08945	NC_003888.3	1477596	1479572	-	1977	143	128	159	120	83	184	214	94	139
SC_RS08950	NC_003888.3	1479786	1482173	+	2388	71	61	92	1261	1060	1209	531	369	435
SC_RS08955	NC_003888.3	1482164	1482700	-	537	91	95	132	104	86	120	100	77	77
SC_RS08960	NC_003888.3	1482748	1483572	-	825	12	7	14	11	11	17	53	4	56
SC_RS08965	NC_003888.3	1483722	1485327	+	1606	52	47	57	1886	1478	1468	1281	1175	1078
SC_RS08970	NC_003888.3	1485684	1486289	-	606	155	131	187	155	109	117	182	129	127
SC_RS08975	NC_003888.3	1486339	1486734	-	396	172	187	203	136	113	157	169	198	144
SC_RS08980	NC_003888.3	1486745	1487179	-	435	249	212	309	219	169	232	163	185	156
SC_RS08985	NC_003888.3	1487176	1490007	-	2832	315	231	297	244	207	330	281	178	230
SC_RS08990	NC_003888.3	1490427	1490969	+	543	796	731	912	1333	1027	1281	1523	1465	1600
SC_RS08995	NC_003888.3	1491016	1494021	-	3006	348	356	470	476	415	482	361	171	301
SC_RS09000	NC_003888.3	1494024	1495871	-	1848	145	111	140	135	159	170	129	59	97
SC_RS09005	NC_003888.3	1495964	1496950	-	987	583	485	637	284	248	267	137	105	108
SC_RS09010	NC_003888.3	1497056	1501717	-	4662	691	650	791	206	215	301	388	172	275
SC_RS09015	NC_003888.3	1501823	1502704	-	882	165	181	240	61	54	56	87	52	56
SC_RS09020	NC_003888.3	1502793	1504319	-	1527	219	214	252	60	62	101	132	67	84
SC_RS09025	NC_003888.3	1504428	1505123	-	696	133	139	156	46	25	40	58	28	61
SC_RS09030	NC_003888.3	1505261	1506583	+	1323	44	41	56	11	2	4	94	26	64
SC_RS09035	NC_003888.3	1506580	1507413	+	834	11	9	16	0	5	2	77	13	45
SC_RS09040	NC_003888.3	1507860	1509278	-	1419	706	651	814	438	393	384	422	336	312
SC_RS09045	NC_003888.3	1509614	1510006	-	393	255	228	293	114	127	118	82	57	65
SC_RS09050	NC_003888.3	1510276	1510470	+	195	0	2	0	6	1	3	13	4	22
SC_RS09055	NC_003888.3	1510524	1512272	+	1749	26	21	35	37	31	23	118	22	110
SC_RS09060	NC_003888.3	1512639	1514141	-	1503	404	376	532	288	299	275	196	101	159
SC_RS09065	NC_003888.3	1514244	1514936	+	693	20	35	43	58	38	31	39	17	61
SC_RS09070	NC_003888.3	1514933	1515700	+	768	123	122	139	983	670	793	602	556	531
SC_RS09075	NC_003888.3	1515752	1517212	+	1461	168	163	197	257	193	236	167	114	177
SC_RS09080	NC_003888.3	1517384	1517758	+	375	3124	2963	3945	4934	4553	7599	5402	6913	5090
SC_RS09085	NC_003888.3	1517861	1518445	-	585	282	238	315	336	276	335	1323	1320	1243
SC_RS09090	NC_003888.3	1518492	1519400	-	909	1052	930	1319	696	702	827	534	464	481
SC_RS09095	NC_003888.3	1519926	1521530	-	1605	314	326	412	215	244	352	300	207	227
SC_RS09100	NC_003888.3	1521620	1522060	-	441	120	83	99	34	35	40	74	37	50
SC_RS09105	NC_003888.3	1522328	1522765	+	438	94	64	82	793	686	730	1226	1257	954
SC_RS09110	NC_003888.3	1522938	1523255	+	318	13	9	14	27	12	20	59	47	52
SC_RS09115	NC_003888.3	1523218	1524393	-	1176	246	241	304	57	54	97	249	200	233
SC_RS09120	NC_003888.3	1524785	1526038	+	1254	5	4	8	4	4	1	82	15	67
SC_RS09125	NC_003888.3	1526117	1526779	-	663	116	119	172	119	113	122	142	109	128
SC_RS09130	NC_003888.3	1526862	1527005	-	144	34	31	33	132	104	160	186	165	171
SC_RS09135	NC_003888.3	1527125	1528516	-	1392	34	33	27	285	255	274	339	317	295
SC_RS09140	NC_003888.3	1528701	1529303	+	603	22	17	21	8	9	12	62	18	53
SC_RS09145	NC_003888.3	1529751	1531607	+	1857	171	162	214	245	190	312	573	420	439
SC_RS09150	NC_003888.3	1531792	1532835	-	1044	223	207	247	128	129	128	198	144	161
SC_RS09155	NC_003888.3	1532832	1534163	-	1332	271	200	273	192	194	243	242	245	242
SC_RS09160	NC_003888.3	1534368	1534838	-	471	145	135	177	57	59	59	80	40	53
SC_RS09165	NC_003888.3	1534876	1535733	-	858	524	463	575	184	173	239	188	119	122
SC_RS09170	NC_003888.3	1535782	1536054	-	273	380	394	505	165	220	264	167	159	135
SC_RS09175	NC_003888.3	1536089	1536574	-	486	97	78	121	102	84	75	173	140	116
SC_RS09180	NC_003888.3	1536596	1537885	-	1290	204	221	249	199	177	208	360	290	254
SC_RS09185	NC_003888.3	1537882	1538526	-	645	124	118	158	119	93	135	167	112	131
SC_RS09190	NC_003888.3	1538523	1539125	-	603	553	500	634	558	557	607	707	633	640
SC_RS09195	NC_003888.3	1539609	1541984	+	2376	6	4	11	8	5	12	158	38	144
SC_RS09200	NC_003888.3	1542226	1542993	+	768	29	11	19	19	22	16	82	34	80
SC_RS09205	NC_003888.3	1543064	1543432	+	369	20	16	17	4	1	5	33	11	25
SC_RS09210	NC_003888.3	1543454	1544653	-	1200	315	343	395	81	67	81	133	66	107
SC_RS09215	NC_003888.3	1544766	1545977	+	1212	537	479	557	38	27	20	105	26	77
SC_RS09220	NC_003888.3	1545937	1546395	-	459	171	183	252	7	13	6	48	10	43
SC_RS09225	NC_003888.3	1546564	1548000	+	1437	458	481	548	139	151	173	193	92	144
SC_RS09230	NC_003888.3	1547982	1549133	-	1152	100	113	130	147	157	137	384	378	340
SC_RS09235	NC_003888.3	1549307	1550002	+	696	30	29	25	36	37	66	53	31	58
SC_RS09240	NC_003888.3	1550134	1551066	+	933	152	164	199	1590	1596	1763	160	123	145
SC_RS09245	NC_003888.3	1551086	1552783	-	1698	701	708	769	74	56	70	121	52	138
SC_RS09250	NC_003888.3	1552848	1553636	-	789	289	288	342	17	14	15	55	18	65
SC_RS09255	NC_003888.3	1553987	1554318	+	332	2	3	4	0	0	1	25	4	26
SC_RS09260	NC_003888.3	1554266	1555507	-	1242	27	24	33	20	15	13	82	38	62
SC_RS09265	NC_003888.3	1555656	1556108	-	453	163	137	150	18	17	19	42	17	25
SC_RS09270	NC_003888.3	1556124	1557614	-	1491	115	113	99	22	11	15	116	35	98
SC_RS09275	NC_003888.3	1557912	1558307	-	396	151	142	162	55	58	78	58	40	51
SC_RS09280	NC_003888.3	1558380	1559822	-	1443	1423	1423	1702	586	437	638	500	443	420
SC_RS09285	NC_003888.3	1559931	1560284	-	354	349	327	428	798	696	788	271	251	209
SC_RS09290	NC_003888.3	1560350	1561393	-	1044	1586	1542	1972	5412	4978	5161	1555	1493	1175
SC_RS09295	NC_003888.3	1561471	1562157	-	687	380	345	479	148	164	211	141	99	127
SC_RS09300	NC_003888.3	1562315	1563520	-	1206	6	9	12	127	103	117	183	144	151
SC_RS09305	NC_003888.3	1563517	1564455	-	939	1	0	5	84	74	93	121	84	121
SC_RS09310	NC_003888.3	1564452	1565927	-	1476	4	4	7	112	95	98	137	102	144
SC_RS09315	NC_003888.3	1565986	1568358	-	2373	13	5	14	150	125	180	276	223	289
SC_RS09320	NC_003888.3	1568408	1570513	-	2106	51	40	53	412	360	406	637	592	585
SC_RS09325	NC_003888.3	1570589	1570885	+	297	13	16	36	189	185	190	352	331	320
SC_RS09330	NC_003888.3	1570995	1571951	+	957	3	9	3	3	5	4	14	20	16
SC_RS09335	NC_003888.3	1571971	1573398	-	1428	850	824	1067	271	238	264	271	213	216
SC_RS09340	NC_003888.3	1573487	1574419	-	933	176	170	231	62	88	83	122	47	95
SC_RS09345	NC_003888.3	1574728	1575279	+	552	6	33	15	208	305	317	317	253	237
SC_RS09350	NC_003888.3	1575452	1577602	-	2151	745	726	899	220	167	220	314	242	322
SC_RS09355	NC_003888.3	1577727	1578935	-	1209	2857	2862	3728	6021	6131	6478	2098	2288	1727
SC_RS09360	NC_003888.3	1579175	1580377	-	1203	499	479	670	303	275	392	266	250	186
SC_RS09365	NC_003888.3	1580546	1580818	-	273	3642	3399	4536	1442	1525	1713	1498	1369	1089
SC_RS09370	NC_003888.3	1580881	1581474	-	594	1627	1455	2053	1197	1239	1340	1048	1012	924
SC_RS09375	NC_003888.3	1581512	1581835	-	324	1109	1033	1356	12953	10985	11316	7899	8159	6350
SC_RS09380	NC_003888.3	1582059	1582904	-	846	277	249	312	94	88	118	189	161	151
SC_RS09385	NC_003888.3	1582901	1584007	-	1107	286	279	391	46	48	63	144	92	130
SC_RS09390	NC_003888.3	1584104	1587412	-	3309	2767	2530	3196	430	475	610	857	678	634
SC_RS09395	NC_003888.3	1587405	1588547	-	1143	803	790	885	114	111	160	247	170	142
SC_RS09400	NC_003888.3	1588544	1589119	-	576	420	423	499	80	62	101	113	81	99
SC_RS09405	NC_003888.3	1589116	1590402	-	1287	774	667	801	41	41	60	224	148	166
SC_RS09410	NC_003888.3	1590407	1591387	-	981	445	438	553	10	19	12	93	38	77
SC_RS09415	NC_003888.3	1591502	1592083	-	582	401	365	440	42	50	49	98	61	82
SC_RS09420	NC_003888.3	1592381	1592884	+	504	2998	3121	3635	1388	1166	1362	1163	1315	948
SC_RS09425	NC_003888.3	1593088	1593516	-	429	3562	3201	4159	769	784	793	562	565	411
SC_RS09430	NC_003888.3	1593519	1594085	-	567	3065	2885	3888	806	734	952	603	645	402
SC_RS09435	NC_003888.3	1594150	1595256	-	1107	338	387	496	126	136	156	170	103	123
SC_RS09440	NC_003888.3	1595436	1596323	-	888	159	170	217	92	65	99	159	98	130
SC_RS09445	NC_003888.3	1596490	1597581	-	1092	890	966	1152	672	627	704	382	345	288
SC_RS09450	NC_003888.3	1597578	1598093	-	516	648	676	848	455	434	460	236	201	185
SC_RS09455	NC_003888.3	1598090	1599274	-	1185	2355	2311	3224	1779	1838	2002	851	1018	892
SC_RS09460	NC_003888.3	1599480	1599845	-	366	73	60	96	96	83	75	56	71	43
SC_RS09465	NC_003888.3	1599894	1600733	-	840	266	251	335	108	81	111	148	156	144
SC_RS09470	NC_003888.3	1600714	1602462	-	1749	1082	920	1282	328	302	403	423	325	344
SC_RS09475	NC_003888.3	1602591	1603055	-	465	327	319	463	150	97	112	114	81	76
SC_RS09480	NC_003888.3	1603091	1605763	-	2673	3361	3258	4250	1912	1813	2393	1314	1199	945
SC_RS09485	NC_003888.3	1605763	1606119	-	357	313	297	482	146	136	187	126	131	104
SC_RS09490	NC_003888.3	1606127	1606576	-	450	1422	1379	1979	775	623	691	570	525	441
SC_RS09495	NC_003888.3	1606742	1608931	+	2190	61	51	56	419	389	395	637	512	603
SC_RS09500	NC_003888.3	1608976	1609590	-	615	28927	28209	34640	4124	4721	5158	4345	4389	3073
SC_RS09505	NC_003888.3	1609885	1611240	-	1356	478	433	555	152	150	177	272	195	224
SC_RS09510	NC_003888.3	1611310	1611972	-	663	287	251	367	383	417	374	643	558	503
SC_RS09515	NC_003888.3	1612166	1613428	-	1263	1052	986	1259	270	261	363	246	198	178
SC_RS09520	NC_003888.3	1613440	1614147	-	708	769	721	921	213	232	241	223	183	140
SC_RS09525	NC_003888.3	1614331	1615164	+	834	384	379	472	360	371	456	291	213	206
SC_RS09530	NC_003888.3	1615300	1616528	+	1229	2405	2254	2792	2057	1782	1926	1309	1442	1260
SC_RS09535	NC_003888.3	1616607	1619150	-	2544	1009	935	1287	736	717	969	748	703	722
SC_RS09540	NC_003888.3	1619334	1619882	-	549	1049	1019	1275	331	303	390	343	348	298
SC_RS09545	NC_003888.3	1619879	1621000	-	1122	2024	1938	2461	681	641	844	776	773	613
SC_RS09550	NC_003888.3	1621004	1622815	-	1812	3247	3346	3980	1021	1043	1341	1263	1110	864
SC_RS09555	NC_003888.3	1622951	1623460	-	510	1279	1160	1500	430	385	497	539	458	353
SC_RS09560	NC_003888.3	1623636	1624709	-	1074	341	352	478	98	124	164	157	112	144
SC_RS09565	NC_003888.3	1624756	1625361	-	606	212	183	234	65	44	59	56	53	59
SC_RS09570	NC_003888.3	1625358	1625924	-	567	575	526	719	82	87	83	115	86	98
SC_RS09575	NC_003888.3	1626033	1626785	-	753	1922	1773	2354	1452	1495	1466	1458	1465	1192
SC_RS09580	NC_003888.3	1626835	1627443	-	609	827	895	1001	266	229	201	88	108	82
SC_RS09585	NC_003888.3	1627456	1628367	-	912	1811	1859	2185	721	693	563	242	148	192
SC_RS09590	NC_003888.3	1628479	1629021	-	543	79	66	75	34	36	23	59	29	42
SC_RS09595	NC_003888.3	1629081	1630244	-	1164	250	226	290	110	102	163	187	128	135
SC_RS09600	NC_003888.3	1630241	1631176	-	936	206	198	265	136	115	135	100	66	92
SC_RS09605	NC_003888.3	1631173	1631898	-	726	267	222	293	156	179	206	149	106	125
SC_RS09610	NC_003888.3	1632106	1634304	+	2199	21	21	15	51	37	33	279	228	284
SC_RS09615	NC_003888.3	1634572	1636227	+	1656	908	825	1028	2553	2162	2656	2721	2843	2484
SC_RS09620	NC_003888.3	1636316	1636876	-	561	432	352	536	288	268	352	258	249	230
SC_RS09625	NC_003888.3	1636966	1638942	-	1977	3141	2820	3856	1001	951	1206	1022	788	743
SC_RS09630	NC_003888.3	1639131	1640408	-	1278	54	71	54	60	56	68	500	455	529
SC_RS09635	NC_003888.3	1640405	1640971	-	567	11	6	13	46	26	42	364	432	310
SC_RS09640	NC_003888.3	1641143	1641868	+	726	30	21	33	122	89	86	831	794	657
SC_RS09645	NC_003888.3	1641946	1642017	-	72	6	11	17	2	2	4	6	4	11
SC_RS09650	NC_003888.3	1642057	1642515	-	459	7	5	5	34	33	17	40	25	37
SC_RS09655	NC_003888.3	1642555	1645253	-	2699	2	3	4	2	1	4	155	38	153
SC_RS09660	NC_003888.3	1645388	1645986	-	599	4	7	11	4	8	9	28	6	19
SC_RS09665	NC_003888.3	1645999	1646910	-	912	5	2	5	2	5	5	63	13	39
SC_RS09670	NC_003888.3	1646907	1647905	-	999	2	1	0	2	1	6	54	11	54
SC_RS09675	NC_003888.3	1647905	1649206	-	1302	4	3	5	8	5	4	103	16	53
SC_RS09680	NC_003888.3	1649562	1649633	-	72	14	21	22	14	15	18	12	7	6
SC_RS09685	NC_003888.3	1649733	1650185	-	453	832	790	1074	555	516	498	669	612	568
SC_RS09690	NC_003888.3	1650377	1650790	+	414	30	38	33	92	64	93	430	447	343
SC_RS09695	NC_003888.3	1651070	1651630	+	561	101	82	80	72	72	98	142	83	133
SC_RS09700	NC_003888.3	1651717	1651896	-	180	30	23	37	140	126	112	97	91	76
SC_RS09705	NC_003888.3	1652074	1652535	-	462	225	226	241	446	294	339	912	960	905
SC_RS09710	NC_003888.3	1652727	1653251	+	525	532	475	681	232	222	257	218	233	180
SC_RS09715	NC_003888.3	1653340	1654164	-	825	192	178	272	161	129	134	141	116	124
SC_RS09720	NC_003888.3	1654295	1655116	-	822	500	519	679	464	389	521	382	317	307
SC_RS09725	NC_003888.3	1655113	1656174	-	1062	222	191	274	89	59	93	145	103	136
SC_RS09730	NC_003888.3	1656352	1656424	+	73	0	0	0	1	3	0	17	2	13
SC_RS09735	NC_003888.3	1656463	1656536	+	74	70	49	62	14	13	16	1	5	4
SC_RS09740	NC_003888.3	1656538	1656609	+	72	23	20	25	8	12	13	2	1	4
SC_RS09745	NC_003888.3	1656646	1656717	+	72	5	3	10	2	1	1	6	0	5
SC_RS09750	NC_003888.3	1656743	1656814	+	72	1	0	2	0	0	0	3	0	7
SC_RS09755	NC_003888.3	1656870	1657157	-	288	341	286	392	647	633	715	950	1045	815
SC_RS09760	NC_003888.3	1657259	1658197	-	939	31	18	26	22	32	34	102	67	96
SC_RS09765	NC_003888.3	1658389	1658571	-	183	187	153	300	430	370	502	4171	4350	4826
SC_RS09770	NC_003888.3	1659174	1660625	+	1452	2660	2479	3473	965	870	980	1147	997	1037
SC_RS09775	NC_003888.3	1660653	1661471	-	819	209	194	292	109	87	97	93	73	70
SC_RS09780	NC_003888.3	1661473	1662705	-	1233	551	462	595	229	222	256	179	119	140
SC_RS09785	NC_003888.3	1662892	1666530	-	3639	3605	3366	4206	2149	2009	2502	1564	1491	1357
SC_RS09790	NC_003888.3	1666903	1668129	-	1227	125	97	139	35	43	56	113	43	87
SC_RS09795	NC_003888.3	1668247	1668885	-	639	170	160	229	80	100	107	97	62	74
SC_RS09800	NC_003888.3	1669056	1669883	-	828	1719	1557	2193	366	362	494	132	67	91
SC_RS09805	NC_003888.3	1669950	1670687	-	738	227	213	356	53	42	87	77	30	55
SC_RS09810	NC_003888.3	1670684	1671739	-	1056	320	281	430	50	68	94	98	33	83
SC_RS09815	NC_003888.3	1672166	1672816	-	651	238	221	302	56	53	63	105	48	64
SC_RS09820	NC_003888.3	1672877	1673236	+	360	238	234	322	98	103	121	114	93	72
SC_RS09825	NC_003888.3	1673238	1673654	+	417	378	368	495	148	112	141	159	102	111
SC_RS09830	NC_003888.3	1673718	1674215	-	498	116	94	136	322	327	325	318	311	310
SC_RS09835	NC_003888.3	1674273	1674773	-	501	1	3	5	148	119	106	33	17	31
SC_RS09840	NC_003888.3	1674848	1676026	-	1179	16	13	18	7009	5716	6025	975	731	587
SC_RS09845	NC_003888.3	1676402	1677073	+	672	375	368	436	176	152	179	124	114	110
SC_RS09850	NC_003888.3	1677149	1678681	-	1533	594	580	789	70	57	77	162	107	191
SC_RS09855	NC_003888.3	1678678	1679229	-	552	781	755	982	95	126	148	223	249	282
SC_RS09860	NC_003888.3	1679335	1680306	-	972	92	96	101	158	164	188	158	110	124
SC_RS09865	NC_003888.3	1680432	1681859	-	1428	105	49	232	160	186	146	342	207	211
SC_RS09870	NC_003888.3	1681979	1682566	+	588	94	86	84	430	486	609	448	437	319
SC_RS09875	NC_003888.3	1682570	1683286	+	717	49	56	63	150	134	145	191	173	142
SC_RS09880	NC_003888.3	1683374	1684756	+	1383	14	17	28	24	17	16	145	148	175
SC_RS09885	NC_003888.3	1684784	1685587	+	804	12	3	5	22	13	17	85	104	99
SC_RS09890	NC_003888.3	1685643	1686383	+	741	5	3	14	9	3	8	78	35	57
SC_RS09895	NC_003888.3	1686616	1687155	-	540	166	132	196	96	80	64	253	152	183
SC_RS09900	NC_003888.3	1687163	1688371	-	1209	164	129	233	139	127	87	498	439	355
SC_RS09905	NC_003888.3	1688368	1689288	-	921	86	44	122	45	46	40	235	125	151
SC_RS09910	NC_003888.3	1689285	1690436	-	1152	96	58	169	63	70	63	257	119	138
SC_RS09915	NC_003888.3	1690433	1691461	-	1029	76	68	164	45	28	26	159	72	116
SC_RS09920	NC_003888.3	1691594	1692058	+	465	41	31	54	21	12	11	65	25	52
SC_RS09925	NC_003888.3	1692048	1692572	-	525	110	105	148	98	71	102	53	41	51
SC_RS09930	NC_003888.3	1692635	1695109	-	2475	2	0	5	6	3	10	147	29	129
SC_RS09935	NC_003888.3	1695252	1695704	+	453	70	65	66	46	41	54	72	58	61
SC_RS09940	NC_003888.3	1695667	1696287	-	621	25	28	33	14	12	9	57	29	45
SC_RS09945	NC_003888.3	1696361	1696801	-	441	33	21	36	24	26	27	54	28	43
SC_RS09950	NC_003888.3	1696856	1698334	-	1479	35	34	36	26	18	28	91	29	89
SC_RS09955	NC_003888.3	1698333	1699295	+	963	102	106	115	30	32	31	70	16	52
SC_RS09960	NC_003888.3	1699336	1699530	+	195	32	27	41	63	61	48	100	100	96
SC_RS09965	NC_003888.3	1699562	1700806	-	1245	6	10	8	155	157	147	205	101	153
SC_RS09970	NC_003888.3	1700944	1701855	+	912	859	800	1123	608	613	630	283	205	196
SC_RS09975	NC_003888.3	1701846	1702388	-	543	51	51	55	11	3	11	40	14	40
SC_RS09980	NC_003888.3	1702516	1703856	-	1341	46	68	79	32	30	21	160	86	155
SC_RS09985	NC_003888.3	1704284	1706806	-	2523	4446	4245	5262	3522	3530	3983	2448	2402	1996
SC_RS09990	NC_003888.3	1706806	1707927	-	1122	2662	2683	3327	1762	1820	2077	1240	1193	875
SC_RS09995	NC_003888.3	1708109	1709248	-	1140	328	283	354	189	155	190	245	165	180
SC_RS10000	NC_003888.3	1709299	1710147	-	849	722	624	855	75	49	89	153	114	119
SC_RS10005	NC_003888.3	1710331	1710714	-	384	6870	6678	8533	1167	1327	1623	1464	1658	1079
SC_RS10010	NC_003888.3	1710812	1711006	-	195	2694	2626	3497	487	509	643	599	704	512
SC_RS10015	NC_003888.3	1711121	1711774	-	654	25642	23887	30762	5012	5146	5849	6426	7044	5273
SC_RS10020	NC_003888.3	1712158	1712523	+	366	297	284	395	146	121	148	156	122	146
SC_RS10025	NC_003888.3	1712548	1713279	-	732	215	234	284	178	180	226	151	111	117
SC_RS10030	NC_003888.3	1713855	1715099	+	1245	0	0	1	0	0	1	1	2	2
SC_RS10035	NC_003888.3	1715151	1715678	-	528	1	1	0	1	2	2	8	12	12
SC_RS10040	NC_003888.3	1715926	1716894	+	969	31	12	23	15	13	9	63	29	50
SC_RS10045	NC_003888.3	1716909	1718090	-	1182	193	165	218	80	79	116	145	100	136
SC_RS10050	NC_003888.3	1718087	1719469	-	1383	242	256	321	131	109	176	186	117	160
SC_RS10055	NC_003888.3	1720261	1721469	+	1209	184	161	231	160	151	153	289	235	238
SC_RS10060	NC_003888.3	1721502	1722461	-	960	103	65	72	133	135	142	199	141	169
SC_RS10065	NC_003888.3	1722499	1723281	-	783	9	8	8	26	22	22	82	39	77
SC_RS10070	NC_003888.3	1723278	1724717	-	1440	5	7	6	12	16	19	111	40	91
SC_RS10075	NC_003888.3	1724726	1726084	-	1359	10	9	7	29	24	22	128	61	109
SC_RS10080	NC_003888.3	1726192	1726902	+	711	50	51	52	26	26	31	89	41	73
SC_RS10085	NC_003888.3	1726978	1727706	+	729	48	43	66	42	18	16	78	37	64
SC_RS10090	NC_003888.3	1728427	1729404	-	978	493	484	656	72	86	92	167	106	139
SC_RS10095	NC_003888.3	1729475	1730659	+	1185	18	24	25	8	7	10	135	46	110
SC_RS10100	NC_003888.3	1730586	1731305	-	720	69	59	94	79	82	142	179	118	155
SC_RS10105	NC_003888.3	1731316	1731885	-	570	125	105	140	184	149	221	308	292	307
SC_RS10110	NC_003888.3	1732259	1734874	-	2616	3322	3233	3955	83	50	92	180	58	139
SC_RS10115	NC_003888.3	1734867	1735961	-	1095	2139	2070	2758	48	41	50	84	28	73
SC_RS10120	NC_003888.3	1736156	1737061	+	906	140	139	221	197	146	172	164	108	114
SC_RS10125	NC_003888.3	1737167	1738009	+	843	810	654	920	8047	8030	7910	6483	6334	5092
SC_RS10130	NC_003888.3	1738408	1738989	-	582	106	95	158	414	430	434	259	241	229
SC_RS10135	NC_003888.3	1739097	1740071	+	975	85	88	130	560	447	390	277	160	243
SC_RS10140	NC_003888.3	1740065	1741561	-	1497	10	27	21	14916	14893	17192	5125	5223	4139
SC_RS10145	NC_003888.3	1741637	1742257	-	621	1	6	0	3205	2972	3307	1451	1296	1199
SC_RS10150	NC_003888.3	1742238	1742654	-	417	0	2	2	2173	2102	2540	895	911	721
SC_RS10155	NC_003888.3	1742651	1743028	-	378	4	3	1	2550	2171	2446	1131	1034	841
SC_RS10160	NC_003888.3	1743055	1744680	-	1626	9	9	4	9613	9287	10511	3159	2879	2568
SC_RS10165	NC_003888.3	1745083	1747935	-	2853	2183	2077	2628	2919	2734	3478	2048	2054	1750
SC_RS10170	NC_003888.3	1748003	1748953	-	951	892	948	1214	2013	1885	1958	872	768	598
SC_RS10175	NC_003888.3	1749001	1749288	-	288	1157	1035	1404	2772	2608	2929	1567	1675	1359
SC_RS10180	NC_003888.3	1749565	1749759	-	195	89	88	104	68	74	74	51	44	39
SC_RS10185	NC_003888.3	1749770	1750081	-	312	84	74	112	156	92	110	92	58	58
SC_RS10190	NC_003888.3	1750078	1751160	-	1083	522	465	615	934	688	813	608	573	486
SC_RS10195	NC_003888.3	1751179	1752132	-	954	546	527	680	744	712	711	503	428	406
SC_RS10200	NC_003888.3	1752270	1752641	-	372	3094	3086	4072	2181	1973	2538	1088	1135	881
SC_RS10205	NC_003888.3	1752701	1753708	-	1008	319	265	382	367	330	412	264	202	171
SC_RS10210	NC_003888.3	1753890	1755251	-	1362	779	786	874	7786	7150	8313	8782	9502	8567
SC_RS10215	NC_003888.3	1755261	1756520	-	1260	170	152	198	72	63	66	208	215	213
SC_RS10220	NC_003888.3	1756624	1757634	+	1011	61	65	90	142	121	123	189	96	180
SC_RS10225	NC_003888.3	1757649	1758413	-	765	955	954	1219	5944	5172	5880	3953	4243	3882
SC_RS10230	NC_003888.3	1758475	1759320	-	846	987	946	1144	4884	4130	5296	3420	3472	2942
SC_RS10235	NC_003888.3	1759272	1759865	-	594	424	428	523	3526	3087	3408	2580	2604	2419
SC_RS10240	NC_003888.3	1759899	1760117	-	219	302	298	468	3091	2340	2593	2752	3024	2763
SC_RS10245	NC_003888.3	1760296	1761807	-	1512	326	299	356	3321	3009	3899	2891	2745	2548
SC_RS10250	NC_003888.3	1762040	1763806	-	1767	1235	1172	1616	16718	14938	18888	10406	11250	8683
SC_RS10255	NC_003888.3	1764052	1764357	+	306	582	556	704	420	275	378	260	293	251
SC_RS10260	NC_003888.3	1764432	1765022	-	591	70	55	74	43	33	33	90	50	67
SC_RS10265	NC_003888.3	1765257	1766159	-	903	1988	1858	2327	506	520	749	486	513	421
SC_RS10270	NC_003888.3	1766287	1767969	-	1683	599	682	782	326	264	434	379	300	345
SC_RS10275	NC_003888.3	1768141	1769139	+	999	1152	993	1379	293	265	289	306	243	235
SC_RS10280	NC_003888.3	1769156	1769827	+	672	771	750	1074	625	616	729	481	457	341
SC_RS10285	NC_003888.3	1769946	1771550	-	1605	3052	2838	3642	705	611	854	355	268	239
SC_RS10290	NC_003888.3	1771994	1772695	-	702	200	239	276	79	90	120	193	139	168
SC_RS10295	NC_003888.3	1772821	1776333	-	3513	437	503	607	3697	3682	4750	1067	1066	927
SC_RS10300	NC_003888.3	1776737	1777501	+	765	184	148	214	172	172	192	161	158	145
SC_RS10305	NC_003888.3	1777840	1778634	+	795	320	276	453	195	176	185	391	386	252
SC_RS10310	NC_003888.3	1778726	1780264	+	1539	510	493	701	294	286	262	345	335	335
SC_RS10315	NC_003888.3	1780273	1781889	+	1617	925	873	1183	306	312	282	280	256	260
SC_RS10320	NC_003888.3	1782041	1783042	+	1002	957	920	1249	852	750	786	667	689	678
SC_RS10325	NC_003888.3	1783107	1784336	-	1230	949	936	1191	2093	2214	2768	316	255	281
SC_RS10330	NC_003888.3	1784440	1785270	-	831	236	229	264	259	252	300	158	131	120
SC_RS10335	NC_003888.3	1785234	1785824	-	591	438	382	498	403	395	496	237	185	172
SC_RS10340	NC_003888.3	1785910	1786596	-	687	104	68	111	285	246	304	205	103	137
SC_RS10345	NC_003888.3	1786658	1787653	+	996	100	85	110	53	71	81	114	58	116
SC_RS10350	NC_003888.3	1787668	1788456	-	789	20	29	26	23	17	26	87	27	60
SC_RS10355	NC_003888.3	1788693	1789748	-	1056	413	335	486	101	105	152	225	175	154
SC_RS10360	NC_003888.3	1789862	1790848	+	987	44	51	57	146	111	137	180	96	115
SC_RS10365	NC_003888.3	1790845	1793163	+	2319	1333	1115	1501	571	440	561	548	473	428
SC_RS10370	NC_003888.3	1793226	1794029	-	804	236	219	306	664	671	688	447	376	336
SC_RS10375	NC_003888.3	1794077	1794265	+	189	113	116	147	247	200	174	450	343	372
SC_RS10380	NC_003888.3	1794330	1795109	-	780	78	69	102	1498	1587	1267	1306	1151	949
SC_RS10385	NC_003888.3	1795289	1795522	-	234	78	77	81	4512	4951	3580	5844	6620	4585
SC_RS10390	NC_003888.3	1795655	1796992	-	1338	552	522	648	1237	1139	1304	595	549	527
SC_RS10395	NC_003888.3	1797166	1797253	+	88	4	7	9	5	1	5	23	9	16
SC_RS10400	NC_003888.3	1797321	1797695	+	375	85	75	119	30	38	49	64	37	58
SC_RS10405	NC_003888.3	1797723	1798424	-	702	171	148	183	114	87	130	151	97	122
SC_RS10410	NC_003888.3	1798561	1799088	+	528	338	365	439	99	66	86	93	92	91
SC_RS10415	NC_003888.3	1799183	1800580	+	1398	166	156	174	40	40	38	100	48	89
SC_RS10420	NC_003888.3	1800620	1801381	+	762	103	62	96	40	24	32	62	38	47
SC_RS10425	NC_003888.3	1801378	1802454	+	1077	66	70	75	31	24	12	62	29	48
SC_RS10430	NC_003888.3	1802529	1804067	-	1539	8	9	10	104	99	124	140	50	88
SC_RS10435	NC_003888.3	1804126	1805076	-	951	9	9	3	23	27	29	90	36	70
SC_RS10440	NC_003888.3	1805384	1806277	+	894	8	7	17	76	72	90	123	90	132
SC_RS10445	NC_003888.3	1806309	1806842	+	534	12	8	13	12	5	14	45	18	40
SC_RS10450	NC_003888.3	1807505	1807897	+	393	25	23	29	19	16	12	36	8	21
SC_RS10455	NC_003888.3	1807900	1808241	+	342	1	6	5	6	3	3	12	7	17
SC_RS10460	NC_003888.3	1808375	1809400	+	1026	17	15	9	14	12	22	77	18	66
SC_RS10465	NC_003888.3	1809406	1810620	+	1215	43	31	47	36	48	49	108	46	85
SC_RS10470	NC_003888.3	1810631	1811224	-	594	185	151	221	114	98	135	107	68	87
SC_RS10475	NC_003888.3	1811383	1812153	-	771	2	6	7	7	10	9	61	32	64
SC_RS10480	NC_003888.3	1812337	1813599	+	1263	31	21	27	64	60	58	97	46	105
SC_RS10485	NC_003888.3	1813616	1816423	-	2808	28	18	24	37	29	26	244	108	223
SC_RS10490	NC_003888.3	1816646	1817248	+	603	175	193	219	210	208	242	454	406	493
SC_RS10495	NC_003888.3	1817346	1818083	+	738	176	127	194	179	119	192	261	226	227
SC_RS10500	NC_003888.3	1818351	1818878	-	528	134	101	140	164	148	159	123	87	97
SC_RS10505	NC_003888.3	1819009	1819470	+	462	75	69	127	33	29	28	86	50	73
SC_RS10510	NC_003888.3	1819461	1820108	-	648	821	792	925	419	325	276	594	677	555
SC_RS10515	NC_003888.3	1820169	1820483	-	315	179	173	218	243	145	120	377	450	334
SC_RS10520	NC_003888.3	1820559	1821710	-	1152	27	29	29	15	18	20	78	19	60
SC_RS10525	NC_003888.3	1821800	1822441	+	642	21	23	21	15	16	18	77	22	43
SC_RS10530	NC_003888.3	1822505	1823218	+	714	41	26	45	42	43	46	59	29	62
SC_RS10535	NC_003888.3	1823292	1824266	+	975	84	71	85	96	75	77	118	74	109
SC_RS10540	NC_003888.3	1824517	1825614	-	1098	26	35	31	76	109	72	95	33	95
SC_RS10545	NC_003888.3	1825638	1827026	-	1389	37	49	51	139	149	134	115	64	123
SC_RS10550	NC_003888.3	1827151	1828488	-	1338	5	4	6	12	10	13	96	25	70
SC_RS10555	NC_003888.3	1828712	1828912	-	201	24	29	28	33	33	25	36	26	37
SC_RS10560	NC_003888.3	1828915	1830306	-	1392	150	162	169	28	42	39	128	55	110
SC_RS10565	NC_003888.3	1830346	1831797	-	1452	168	167	184	3	5	3	84	18	61
SC_RS10570	NC_003888.3	1831921	1834164	-	2244	10	13	15	9	3	12	130	27	103
SC_RS10575	NC_003888.3	1834289	1834906	-	618	32	28	50	20	17	22	54	25	52
SC_RS10580	NC_003888.3	1835004	1835573	-	570	410	325	414	217	214	275	400	378	358
SC_RS10585	NC_003888.3	1835784	1837109	+	1326	105	119	123	86	95	73	268	145	223
SC_RS10590	NC_003888.3	1837136	1837885	+	750	37	26	43	18	33	23	81	33	72
SC_RS10595	NC_003888.3	1837908	1839068	+	1161	107	105	124	136	93	129	216	136	147
SC_RS10600	NC_003888.3	1839094	1839798	-	705	79	75	97	71	76	72	108	78	110
SC_RS10605	NC_003888.3	1839862	1840860	+	999	45	41	45	43	26	25	78	22	61
SC_RS10610	NC_003888.3	1840857	1841672	+	816	59	33	45	27	23	26	72	34	66
SC_RS10615	NC_003888.3	1841897	1842166	-	270	2372	2230	3046	2858	2473	2286	2873	2732	2501
SC_RS10620	NC_003888.3	1842282	1843034	-	753	7	3	1	1	5	5	49	8	32
SC_RS10625	NC_003888.3	1843031	1843573	-	543	0	1	1	4	0	0	45	17	33
SC_RS10630	NC_003888.3	1843788	1845440	+	1653	41	36	74	201	188	231	461	381	406
SC_RS10635	NC_003888.3	1845443	1846249	-	807	1	6	3	94	80	90	158	113	134
SC_RS10640	NC_003888.3	1846435	1847529	+	1095	92	74	83	219	178	193	216	179	186
SC_RS10645	NC_003888.3	1847564	1848331	+	768	29	23	26	43	29	41	97	40	84
SC_RS10650	NC_003888.3	1848412	1848777	-	366	34	39	54	36	35	36	47	25	56
SC_RS10655	NC_003888.3	1848849	1849775	+	927	53	57	62	34	29	29	88	38	80
SC_RS10660	NC_003888.3	1849756	1850256	+	501	80	69	75	35	40	25	89	49	74
SC_RS10665	NC_003888.3	1850270	1850887	-	618	384	371	611	189	166	172	218	174	220
SC_RS10670	NC_003888.3	1851039	1851173	+	135	72	52	52	275	269	300	226	275	255
SC_RS10675	NC_003888.3	1851199	1851669	-	471	51	40	67	70	60	55	106	45	69
SC_RS10680	NC_003888.3	1851848	1852918	+	1071	37	24	36	10	12	7	80	23	57
SC_RS10685	NC_003888.3	1853026	1853898	-	873	1	0	4	1	1	0	65	12	54
SC_RS10690	NC_003888.3	1854078	1854524	-	447	18	29	20	9	2	13	37	11	47
SC_RS10695	NC_003888.3	1854635	1855009	+	375	11	16	12	8	11	11	44	21	41
SC_RS10700	NC_003888.3	1855022	1855990	-	969	41	40	61	72	59	74	122	73	105
SC_RS10705	NC_003888.3	1855987	1859544	-	3558	115	115	173	94	91	118	304	151	243
SC_RS10710	NC_003888.3	1859718	1860782	+	1065	2	2	1	3	2	0	64	15	66
SC_RS10715	NC_003888.3	1860897	1861979	-	1083	5	2	1	6	2	0	74	20	57
SC_RS10720	NC_003888.3	1862249	1863169	+	921	36	35	62	30	20	25	98	26	74
SC_RS10725	NC_003888.3	1863166	1863885	+	720	33	30	48	26	25	15	66	48	71
SC_RS10730	NC_003888.3	1863882	1865048	+	1167	26	29	48	36	34	35	93	53	87
SC_RS10735	NC_003888.3	1865045	1865710	+	666	11	13	17	24	21	20	48	31	59
SC_RS10740	NC_003888.3	1865777	1866679	-	903	15	14	22	60	67	48	146	103	138
SC_RS10745	NC_003888.3	1866887	1867738	-	852	485	404	557	273	248	286	302	263	267
SC_RS10750	NC_003888.3	1867793	1868989	-	1197	399	323	499	146	113	121	248	215	243
SC_RS10755	NC_003888.3	1869279	1869719	+	441	718	697	882	461	388	418	905	1239	1046
SC_RS10760	NC_003888.3	1869768	1870961	-	1194	104	122	126	131	147	112	114	50	100
SC_RS10765	NC_003888.3	1871317	1872921	-	1605	442	412	568	101	81	88	224	97	186
SC_RS10770	NC_003888.3	1873183	1874373	+	1191	354	373	477	206	173	211	153	101	111
SC_RS10775	NC_003888.3	1874625	1875647	+	1023	962	827	1050	2337	2037	2187	1350	1398	1026
SC_RS10780	NC_003888.3	1875760	1875975	-	216	171	174	220	174	153	209	242	225	212
SC_RS10785	NC_003888.3	1876319	1877167	-	849	913	858	1033	344	269	221	374	324	294
SC_RS10790	NC_003888.3	1877577	1878374	+	798	3	7	16	250	301	377	262	242	243
SC_RS10795	NC_003888.3	1878448	1878741	+	294	1	3	4	77	78	90	58	57	51
SC_RS10800	NC_003888.3	1878820	1880298	-	1479	1676	1623	2145	614	583	792	462	379	351
SC_RS10805	NC_003888.3	1880373	1881035	-	663	480	438	627	183	174	197	116	75	84
SC_RS10810	NC_003888.3	1881032	1881727	-	696	508	430	629	118	133	191	103	79	79
SC_RS10815	NC_003888.3	1882015	1883100	-	1086	166	162	167	110	114	107	127	93	118
SC_RS10820	NC_003888.3	1883097	1883459	-	363	69	63	95	49	50	73	55	27	40
SC_RS10825	NC_003888.3	1883621	1884016	+	396	9	5	2	5	2	3	25	11	21
SC_RS10830	NC_003888.3	1884039	1884800	+	762	47	30	55	26	19	24	81	32	58
SC_RS10835	NC_003888.3	1884726	1885478	-	753	164	181	219	77	68	77	254	228	223
SC_RS10840	NC_003888.3	1885483	1886502	-	1020	135	170	195	68	53	76	450	438	384
SC_RS10845	NC_003888.3	1886499	1887218	-	720	322	317	412	120	67	73	450	366	386
SC_RS10850	NC_003888.3	1887312	1888427	-	1116	1756	1607	2112	496	490	571	487	427	431
SC_RS10855	NC_003888.3	1888427	1889098	-	672	223	250	299	67	86	113	88	74	82
SC_RS10860	NC_003888.3	1889095	1890402	-	1308	527	520	636	97	91	132	159	97	146
SC_RS10865	NC_003888.3	1890421	1890990	-	570	1214	1109	1464	924	774	817	549	612	527
SC_RS10870	NC_003888.3	1890975	1892105	-	1131	3477	3162	4120	2680	2495	2824	1826	1984	1694
SC_RS10875	NC_003888.3	1892493	1893617	-	1125	257	233	212	77	97	120	274	296	279
SC_RS10880	NC_003888.3	1893751	1895778	-	2028	208	199	238	226	186	252	222	137	197
SC_RS10885	NC_003888.3	1895948	1896583	-	636	473	480	629	643	581	620	298	280	248
SC_RS10890	NC_003888.3	1896671	1898320	-	1650	2160	2171	2932	464	491	663	341	235	263
SC_RS10895	NC_003888.3	1898906	1900708	+	1803	416	370	610	413	340	380	390	252	288
SC_RS10900	NC_003888.3	1901295	1902941	+	1647	166	133	161	82	71	114	188	91	151
SC_RS10905	NC_003888.3	1902964	1904112	-	1149	188	143	207	145	114	178	165	100	146
SC_RS10910	NC_003888.3	1904440	1906182	-	1743	1245	1044	1512	1263	1093	1173	668	594	562
SC_RS10915	NC_003888.3	1906323	1907228	-	906	369	288	407	384	313	333	273	270	263
SC_RS10920	NC_003888.3	1907225	1908040	-	816	188	169	217	130	125	133	119	88	107
SC_RS10925	NC_003888.3	1908048	1908395	-	348	107	84	139	116	112	104	115	82	139
SC_RS10930	NC_003888.3	1908438	1908785	+	348	73	57	80	128	91	88	124	80	111
SC_RS10935	NC_003888.3	1908769	1909674	-	906	304	200	442	1154	1028	1107	772	745	606
SC_RS10940	NC_003888.3	1909671	1910744	-	1074	254	199	362	854	600	748	535	492	451
SC_RS10945	NC_003888.3	1910795	1911841	-	1047	525	428	660	1234	1109	1261	701	583	564
SC_RS10950	NC_003888.3	1911986	1913017	-	1032	462	460	579	531	403	385	323	286	254
SC_RS10955	NC_003888.3	1913090	1914382	+	1293	123	117	149	42	32	55	118	42	117
SC_RS10960	NC_003888.3	1914468	1915205	-	738	707	762	899	124	117	117	174	167	172
SC_RS10965	NC_003888.3	1915097	1915954	-	858	1411	1309	1807	248	217	238	290	251	268
SC_RS10970	NC_003888.3	1916452	1916568	-	117	0	0	0	0	0	2	15	2	10
SC_RS10975	NC_003888.3	1916673	1919795	-	3123	174	118	199	438	801	695	357	352	198
SC_RS10980	NC_003888.3	1920074	1921600	-	1527	246	213	247	258	575	560	307	205	171
SC_RS10985	NC_003888.3	1922128	1922769	-	642	125	101	151	64	41	54	62	30	62
SC_RS10990	NC_003888.3	1922916	1923698	+	783	1369	1262	1717	902	754	746	960	959	721
SC_RS10995	NC_003888.3	1923750	1924289	+	540	900	773	1066	1605	1507	1462	752	769	591
SC_RS11000	NC_003888.3	1924446	1924952	+	507	120	91	131	1040	945	1018	901	694	632
SC_RS11005	NC_003888.3	1925094	1926053	-	960	827	809	1006	2989	2285	3321	1307	1198	979
SC_RS11010	NC_003888.3	1926231	1926662	-	432	467	469	602	892	695	638	1165	1069	1085
SC_RS11015	NC_003888.3	1926984	1927514	-	531	725	682	933	528	512	679	284	240	187
SC_RS11020	NC_003888.3	1927668	1928447	+	780	78	70	87	32	29	45	74	25	85
SC_RS11025	NC_003888.3	1928593	1928841	-	249	37	27	41	15387	15087	17384	7266	9228	6655
SC_RS11030	NC_003888.3	1929011	1929652	-	642	61	62	63	50	49	49	428	369	337
SC_RS11035	NC_003888.3	1929645	1930823	-	1179	92	87	114	62	54	74	470	431	383
SC_RS11040	NC_003888.3	1931041	1931736	+	696	5	3	5	8	3	3	447	454	369
SC_RS11045	NC_003888.3	1931736	1932812	+	1077	5	3	2	3	3	5	371	370	320
SC_RS11050	NC_003888.3	1933166	1933900	+	735	4	2	2	6	2	0	56	20	62
SC_RS11055	NC_003888.3	1934027	1936645	-	2619	3230	3017	3970	1362	1252	1269	1226	1012	860
SC_RS11060	NC_003888.3	1936886	1938898	+	2013	37	43	58	66	56	61	426	311	368
SC_RS11065	NC_003888.3	1939010	1940242	+	1233	841	769	1109	724	692	751	439	408	379
SC_RS11070	NC_003888.3	1940314	1940832	-	519	260	268	374	721	776	855	545	553	446
SC_RS11075	NC_003888.3	1940925	1941131	-	207	66	77	121	74	37	63	132	143	125
SC_RS11080	NC_003888.3	1941315	1941431	-	117	50	42	45	15	10	16	19	10	13
SC_RS11085	NC_003888.3	1941516	1942781	-	1266	763	755	1030	110	111	183	123	89	113
SC_RS11090	NC_003888.3	1942957	1943649	+	693	356	332	476	65	72	79	111	64	86
SC_RS11095	NC_003888.3	1943738	1944505	-	768	2141	2290	2443	441	456	417	523	543	431
SC_RS11100	NC_003888.3	1944511	1945215	-	705	2836	2689	3203	563	514	527	634	687	516
SC_RS11105	NC_003888.3	1945493	1947016	+	1524	194	200	232	242	223	237	206	132	141
SC_RS11110	NC_003888.3	1947013	1948407	+	1395	144	167	195	203	204	235	172	154	168
SC_RS11115	NC_003888.3	1948453	1949721	+	1269	1229	1161	1538	982	907	895	746	802	663
SC_RS11120	NC_003888.3	1949812	1950093	-	282	25	14	27	18	21	17	49	25	36
SC_RS11125	NC_003888.3	1950356	1950754	+	399	129	166	190	124	98	110	129	117	145
SC_RS11130	NC_003888.3	1950978	1951208	+	231	112	72	122	37	38	34	65	46	39
SC_RS11135	NC_003888.3	1951220	1952209	-	990	1145	1234	1572	919	670	970	799	778	720
SC_RS11140	NC_003888.3	1952378	1954012	-	1635	25	22	20	118	91	113	146	97	156
SC_RS11145	NC_003888.3	1954009	1954383	-	375	3	2	5	13	18	19	57	28	41
SC_RS11150	NC_003888.3	1954737	1956275	+	1539	306	277	364	2094	1639	2172	602	618	476
SC_RS11155	NC_003888.3	1956366	1956929	+	564	41	31	48	52	36	40	56	26	43
SC_RS11160	NC_003888.3	1956980	1957987	+	1008	148	109	162	97	86	66	108	46	66
SC_RS11165	NC_003888.3	1958139	1959125	+	987	503	439	582	144	145	153	159	117	104
SC_RS11170	NC_003888.3	1959189	1959422	+	234	25	28	28	20	7	4	16	8	16
SC_RS11175	NC_003888.3	1959567	1960358	+	792	666	631	847	388	357	531	394	415	364
SC_RS11180	NC_003888.3	1960424	1962211	+	1788	129	124	155	35	33	49	149	77	127
SC_RS11185	NC_003888.3	1962217	1962972	+	756	673	656	795	444	400	392	226	177	189
SC_RS11190	NC_003888.3	1963007	1963594	-	588	147	135	131	166	148	145	190	142	176
SC_RS11195	NC_003888.3	1963591	1964271	-	681	47	41	50	211	203	170	297	283	252
SC_RS11200	NC_003888.3	1964268	1964651	-	384	26	38	26	180	149	214	192	196	193
SC_RS11205	NC_003888.3	1964648	1964833	-	186	21	19	29	150	139	138	199	154	160
SC_RS11210	NC_003888.3	1964896	1965378	-	483	37	25	36	281	252	276	322	260	299
SC_RS11215	NC_003888.3	1965466	1966254	+	789	71	56	79	91	43	78	158	91	131
SC_RS11220	NC_003888.3	1966275	1967078	-	804	304	259	312	1465	1365	1193	1812	2027	1930
SC_RS11225	NC_003888.3	1967236	1967457	-	222	130	121	161	3059	2553	2287	6627	7062	7583
SC_RS11230	NC_003888.3	1967794	1969392	-	1599	1422	1340	1901	323	262	448	313	224	249
SC_RS11235	NC_003888.3	1969639	1970052	+	414	380	316	448	268	206	228	423	527	428
SC_RS11240	NC_003888.3	1970085	1971503	-	1419	563	526	690	333	324	375	329	222	240
SC_RS11245	NC_003888.3	1971753	1972880	-	1128	22	23	26	33	26	47	109	34	84
SC_RS11250	NC_003888.3	1972995	1973717	-	723	78	69	103	26	35	42	125	60	90
SC_RS11255	NC_003888.3	1973943	1975214	+	1272	821	714	998	36	24	33	157	75	154
SC_RS11260	NC_003888.3	1975249	1975470	+	222	50	31	50	2	2	3	15	9	9
SC_RS11265	NC_003888.3	1975869	1976852	+	984	1527	1380	1872	577	523	646	271	209	237
SC_RS11270	NC_003888.3	1976849	1978357	+	1509	2007	1845	2590	1309	1073	1534	506	434	443
SC_RS11275	NC_003888.3	1978354	1982007	+	3654	6142	5734	7583	5382	4604	5620	1601	1433	1292
SC_RS11280	NC_003888.3	1982004	1984022	+	2019	4050	3808	4804	2958	2363	3061	884	884	755
SC_RS11285	NC_003888.3	1984022	1984621	+	600	941	884	1241	724	651	770	295	255	223
SC_RS11290	NC_003888.3	1984618	1986078	+	1461	1799	1727	2233	814	638	761	321	313	311
SC_RS11295	NC_003888.3	1986075	1986806	+	732	1490	1496	1914	862	712	886	309	311	363
SC_RS11300	NC_003888.3	1986827	1987555	-	729	294	246	356	170	123	114	115	59	99
SC_RS11305	NC_003888.3	1987651	1988463	+	813	1627	1597	1950	1006	860	1081	368	312	335
SC_RS11310	NC_003888.3	1988460	1989701	+	1242	2498	2373	3128	1265	1043	1191	406	362	394
SC_RS11315	NC_003888.3	1989698	1991530	+	1833	4744	4646	5621	2635	2463	3070	871	766	734
SC_RS11320	NC_003888.3	1991527	1992444	+	918	1879	1914	2303	1343	1268	1612	408	388	390
SC_RS11325	NC_003888.3	1992416	1993504	+	1089	2267	2249	2771	1592	1407	1345	840	670	693
SC_RS11330	NC_003888.3	1994050	1995006	-	957	20	34	38	16887	15699	13552	7618	8154	6036
SC_RS11335	NC_003888.3	1995204	1996295	-	1092	115	103	142	130	119	164	173	128	178
SC_RS11340	NC_003888.3	1996351	1996833	-	483	29	30	28	107	123	129	140	146	119
SC_RS11345	NC_003888.3	1997011	1998138	+	1128	314	315	435	251	231	329	282	272	254
SC_RS11350	NC_003888.3	1998468	1998980	+	513	664	589	695	163	143	241	127	87	109
SC_RS11355	NC_003888.3	1999110	2000381	+	1272	1449	1226	1693	400	397	514	253	226	178
SC_RS11360	NC_003888.3	2000500	2000898	+	399	1140	963	1405	198	196	286	141	140	106
SC_RS11365	NC_003888.3	2000905	2001804	+	900	1708	1436	2005	590	462	633	277	367	260
SC_RS11370	NC_003888.3	2001886	2002980	-	1095	173	134	164	462	368	421	386	299	329
SC_RS11375	NC_003888.3	2003040	2003753	-	714	264	253	320	196	211	283	155	166	154
SC_RS11380	NC_003888.3	2003846	2004454	-	609	261	274	339	104	139	123	77	78	81
SC_RS11385	NC_003888.3	2004598	2006127	-	1530	411	402	564	463	406	506	440	292	251
SC_RS11390	NC_003888.3	2006250	2007023	+	774	215	209	272	76	44	65	105	70	80
SC_RS11395	NC_003888.3	2007027	2007497	+	471	461	476	632	479	421	495	337	411	307
SC_RS11400	NC_003888.3	2007696	2007818	+	123	53	51	54	36	42	30	20	13	19
SC_RS11405	NC_003888.3	2007938	2009392	+	1455	249	247	307	247	220	318	308	193	226
SC_RS11410	NC_003888.3	2009469	2010041	+	573	57	41	44	16	20	13	29	28	39
SC_RS11415	NC_003888.3	2010038	2010712	+	675	26	29	37	7	4	7	53	14	37
SC_RS11420	NC_003888.3	2010725	2011522	-	798	41	47	49	74	81	94	63	22	39
SC_RS11425	NC_003888.3	2011647	2012792	-	1146	1	2	2	1	0	0	59	10	52
SC_RS11430	NC_003888.3	2012859	2014193	-	1335	3	3	5	2	0	0	77	17	62
SC_RS11435	NC_003888.3	2014258	2015061	-	804	7	9	7	1	1	2	43	13	41
SC_RS11440	NC_003888.3	2015194	2016564	-	1371	16	19	19	26	19	19	90	36	93
SC_RS11445	NC_003888.3	2016628	2018172	-	1545	19	21	18	13	6	13	98	22	62
SC_RS11450	NC_003888.3	2018169	2019014	-	846	2	3	2	2	1	7	45	15	32
SC_RS11455	NC_003888.3	2019011	2020168	-	1158	10	10	4	5	4	3	69	11	50
SC_RS11460	NC_003888.3	2020165	2021061	-	897	2	6	6	1	5	3	57	16	48
SC_RS11465	NC_003888.3	2021058	2021993	-	936	7	6	9	1	8	8	66	10	52
SC_RS11470	NC_003888.3	2022115	2023845	-	1731	30	26	33	17	15	9	119	32	109
SC_RS11475	NC_003888.3	2023842	2024750	-	909	13	23	23	5	9	8	54	27	61
SC_RS11480	NC_003888.3	2024747	2025415	-	669	35	28	50	17	15	20	48	24	39
SC_RS11485	NC_003888.3	2025584	2026183	-	600	4	0	1	4	2	2	50	17	32
SC_RS11490	NC_003888.3	2026325	2027572	+	1248	1	1	2	9	1	6	80	19	75
SC_RS11495	NC_003888.3	2027561	2027953	-	393	9	13	17	101	74	97	112	66	92
SC_RS11500	NC_003888.3	2028038	2029210	-	1173	12	11	15	1	2	4	73	20	42
SC_RS11505	NC_003888.3	2029207	2030157	-	951	12	12	22	4	5	4	73	25	67
SC_RS11510	NC_003888.3	2030392	2031201	+	810	3	3	5	5	3	4	50	14	49
SC_RS11515	NC_003888.3	2031485	2032261	+	777	15	11	5	32	31	32	63	16	40
SC_RS11520	NC_003888.3	2032364	2033734	+	1371	5	2	4	11	9	10	79	17	92
SC_RS11525	NC_003888.3	2033731	2034675	+	945	2	2	4	18	11	6	51	16	61
SC_RS11530	NC_003888.3	2034672	2035550	+	879	4	6	5	19	12	13	51	22	49
SC_RS11535	NC_003888.3	2035547	2036536	+	990	17	11	19	13	26	20	78	24	53
SC_RS11540	NC_003888.3	2036723	2036944	+	222	1	1	3	4	2	1	23	14	25
SC_RS11545	NC_003888.3	2037030	2038229	+	1200	1018	1060	1135	1355	1305	2038	1009	955	807
SC_RS11550	NC_003888.3	2038269	2038841	-	573	701	578	840	354	347	319	338	283	314
SC_RS11555	NC_003888.3	2038879	2040480	-	1602	359	345	403	1136	842	915	419	268	313
SC_RS11560	NC_003888.3	2040864	2040933	-	70	15	21	16	508	456	417	105	72	66
SC_RS11565	NC_003888.3	2040979	2042451	-	1473	135	114	140	7047	6013	7011	1691	1381	1012
SC_RS11570	NC_003888.3	2042736	2044163	-	1428	685	672	856	906	847	1010	795	756	678
SC_RS11575	NC_003888.3	2044380	2046221	+	1842	471	388	574	10970	7220	8432	1426	1381	1049
SC_RS11580	NC_003888.3	2046252	2046959	-	708	27	29	24	339	130	97	1604	1421	1180
SC_RS11585	NC_003888.3	2047117	2047614	-	498	17	13	18	17	17	29	36	36	33
SC_RS11590	NC_003888.3	2047611	2048030	-	420	12	18	30	23	34	31	48	32	31
SC_RS11595	NC_003888.3	2048212	2049129	+	918	17	23	29	33	12	27	81	12	64
SC_RS11600	NC_003888.3	2049114	2049380	-	267	2	0	7	45	46	49	43	23	51
SC_RS11605	NC_003888.3	2049501	2049689	+	189	8	12	13	12	7	13	17	6	25
SC_RS11610	NC_003888.3	2049745	2050473	+	729	51	37	49	66	49	69	124	50	97
SC_RS11615	NC_003888.3	2050524	2051513	-	990	599	582	700	1143	1204	1274	451	419	397
SC_RS11620	NC_003888.3	2051523	2052116	-	594	40	44	54	65	39	64	94	69	76
SC_RS11625	NC_003888.3	2052116	2052436	-	321	47	42	49	59	41	66	56	64	62
SC_RS11630	NC_003888.3	2052555	2052887	-	333	1269	1059	1504	2414	2294	2317	2961	3139	2687
SC_RS11635	NC_003888.3	2052884	2053354	-	471	1809	1567	2199	3025	2997	3460	3249	3412	2794
SC_RS11640	NC_003888.3	2053372	2054628	-	1257	4537	4291	5496	4212	4288	4433	5443	5244	3893
SC_RS11645	NC_003888.3	2054625	2055389	-	765	2701	2473	3158	2373	2640	2796	3453	3500	2463
SC_RS11650	NC_003888.3	2055397	2055714	-	318	1051	973	1118	1042	1025	962	1099	1098	808
SC_RS11655	NC_003888.3	2055711	2056895	-	1185	3678	3149	3901	3203	3144	3005	3874	4116	3178
SC_RS11660	NC_003888.3	2056956	2058377	-	1422	5975	5361	7092	6646	6774	7174	9450	10576	7642
SC_RS11665	NC_003888.3	2058374	2059132	-	759	1453	1345	1642	1948	1284	1832	3705	3598	3292
SC_RS11670	NC_003888.3	2059304	2060092	+	789	82	68	72	38	18	20	84	49	56
SC_RS11675	NC_003888.3	2060169	2061092	+	924	625	554	855	206	213	283	288	215	241
SC_RS11680	NC_003888.3	2061089	2061898	+	810	289	267	349	196	168	180	219	196	150
SC_RS11685	NC_003888.3	2061953	2062975	+	1023	1508	1670	2166	676	615	854	734	782	616
SC_RS11690	NC_003888.3	2062930	2063673	-	744	56	61	92	45	47	72	92	54	80
SC_RS11695	NC_003888.3	2063713	2064819	-	1107	90	87	118	32	20	23	96	43	75
SC_RS11700	NC_003888.3	2064934	2065302	-	369	412	388	513	142	144	146	180	187	168
SC_RS11705	NC_003888.3	2065389	2066342	-	954	2468	2529	3274	944	949	1024	708	672	499
SC_RS11710	NC_003888.3	2066713	2068800	+	2088	10328	10764	13533	14974	13804	17989	5052	5327	4039
SC_RS11715	NC_003888.3	2068835	2069953	+	1119	4284	4347	5360	6852	6512	9311	2937	3349	2394
SC_RS11720	NC_003888.3	2069957	2071480	+	1524	3502	3480	4137	4101	4132	5516	2001	2080	1642
SC_RS11725	NC_003888.3	2071477	2072532	+	1056	1630	1692	2001	2088	1922	2742	957	916	698
SC_RS11730	NC_003888.3	2072529	2073314	+	786	1106	1123	1278	1486	1541	2066	759	693	570
SC_RS11735	NC_003888.3	2073377	2074102	-	726	227	199	272	172	128	127	141	98	132
SC_RS11740	NC_003888.3	2074235	2075203	-	969	269	182	275	384	255	237	190	128	119
SC_RS11745	NC_003888.3	2075313	2076968	-	1656	447	450	551	1870	1734	1917	769	635	560
SC_RS11750	NC_003888.3	2077084	2077419	-	336	455	443	558	1293	1376	1464	1257	1312	1117
SC_RS11755	NC_003888.3	2077633	2077869	-	237	396	387	495	462	419	424	286	199	193
SC_RS11760	NC_003888.3	2078015	2078791	-	777	3165	3203	3777	2811	2853	3030	1439	1468	1053
SC_RS11765	NC_003888.3	2078797	2080008	-	1212	2570	2577	3210	1894	2037	2485	949	918	645
SC_RS11770	NC_003888.3	2080143	2081153	-	1011	11572	11413	14608	6446	6417	6970	3358	3579	2802
SC_RS11775	NC_003888.3	2081381	2084380	-	3000	25	17	14	144	134	186	387	319	377
SC_RS11780	NC_003888.3	2084575	2085567	-	993	779	725	972	583	545	542	491	428	389
SC_RS11785	NC_003888.3	2085558	2086649	-	1092	796	795	963	465	523	540	440	415	391
SC_RS11790	NC_003888.3	2086657	2087673	-	1017	727	683	913	504	532	587	549	463	409
SC_RS11795	NC_003888.3	2087670	2089856	-	2187	955	954	1234	730	674	851	571	487	513
SC_RS11800	NC_003888.3	2090209	2091159	+	951	47	30	36	103	98	102	111	63	90
SC_RS11805	NC_003888.3	2091177	2091602	-	426	39	26	43	20	23	10	36	27	28
SC_RS11810	NC_003888.3	2091825	2092931	+	1107	133	125	152	112	83	106	138	92	117
SC_RS11815	NC_003888.3	2092928	2093836	+	909	114	118	132	182	156	143	151	108	132
SC_RS11820	NC_003888.3	2094274	2097318	-	3045	1600	1492	1974	2184	1860	2340	1134	1132	973
SC_RS11825	NC_003888.3	2097542	2098228	+	687	178	186	199	895	779	763	286	280	213
SC_RS11830	NC_003888.3	2098289	2098945	+	657	324	291	370	546	460	555	298	284	260
SC_RS11835	NC_003888.3	2099149	2099622	-	474	50	43	60	87	76	100	77	55	44
SC_RS11840	NC_003888.3	2099713	2100813	-	1101	90	82	91	33	20	23	88	27	67
SC_RS11845	NC_003888.3	2100946	2101947	-	1002	3980	3709	4733	78	61	66	221	190	186
SC_RS11850	NC_003888.3	2102200	2104215	-	2016	1085	933	1269	625	431	539	779	790	766
SC_RS11855	NC_003888.3	2104340	2104918	-	579	1754	1470	2009	1422	1145	1206	1905	2249	1805
SC_RS11860	NC_003888.3	2105061	2107199	-	2139	1725	1612	2197	814	910	1177	679	615	567
SC_RS11865	NC_003888.3	2107239	2108117	-	879	94	78	132	125	115	97	173	120	130
SC_RS11870	NC_003888.3	2108409	2109278	+	870	7	9	8	50622	43969	40492	8837	8233	5660
SC_RS11875	NC_003888.3	2109316	2109870	+	555	358	326	450	15513	14314	12793	2558	2739	1911
SC_RS11880	NC_003888.3	2109895	2110323	-	429	19	18	28	368	217	139	103	39	65
SC_RS11885	NC_003888.3	2110465	2111370	+	906	67	55	59	1977	1495	1440	287	200	189
SC_RS11890	NC_003888.3	2111367	2112302	+	936	73	70	90	488	413	442	201	132	137
SC_RS11895	NC_003888.3	2112316	2113110	-	795	117	131	154	106	87	109	139	71	95
SC_RS11900	NC_003888.3	2113356	2114481	+	1126	151	97	166	178	139	203	231	165	221
SC_RS11905	NC_003888.3	2114500	2115132	-	633	45	38	68	38	27	36	79	37	60
SC_RS11910	NC_003888.3	2115347	2115826	+	480	78	68	112	123	108	100	160	125	126
SC_RS11915	NC_003888.3	2115989	2117479	+	1491	164	163	211	222	240	199	370	303	354
SC_RS11920	NC_003888.3	2117630	2117905	-	276	52	31	63	11	13	12	48	11	29
SC_RS11925	NC_003888.3	2117906	2118766	-	861	257	189	287	170	150	146	183	127	149
SC_RS11930	NC_003888.3	2119050	2119763	+	714	130	120	159	258	207	239	186	171	175
SC_RS11935	NC_003888.3	2119760	2120194	+	435	156	125	165	207	157	133	264	194	188
SC_RS11940	NC_003888.3	2120213	2120395	-	183	292	227	341	348	283	234	514	529	556
SC_RS11945	NC_003888.3	2120551	2121240	-	690	10	10	14	17	9	7	58	22	44
SC_RS11950	NC_003888.3	2121378	2122775	-	1398	23	26	30	13	23	35	91	18	71
SC_RS11955	NC_003888.3	2122775	2124631	-	1857	168	159	228	101	70	83	116	42	127
SC_RS11960	NC_003888.3	2124799	2125581	-	783	28	37	40	20	10	12	60	16	67
SC_RS11965	NC_003888.3	2125755	2126168	+	414	47	40	55	30	32	26	33	25	33
SC_RS11970	NC_003888.3	2126201	2126716	+	516	114	114	128	82	41	44	76	49	66
SC_RS11975	NC_003888.3	2126802	2127773	-	972	193	204	255	186	209	199	208	186	163
SC_RS11980	NC_003888.3	2127828	2128541	-	714	67	65	88	115	68	125	154	87	88
SC_RS11985	NC_003888.3	2128658	2129218	+	561	353	307	387	957	877	925	515	595	563
SC_RS11990	NC_003888.3	2129270	2129776	-	507	30	40	46	276	198	295	243	192	206
SC_RS11995	NC_003888.3	2129838	2130524	-	687	36	23	42	548	436	783	506	431	429
SC_RS12000	NC_003888.3	2130695	2130952	+	258	65	60	94	116	58	83	115	88	118
SC_RS12005	NC_003888.3	2130961	2131341	-	381	53	51	75	211	162	256	153	191	146
SC_RS12010	NC_003888.3	2131391	2131993	-	603	186	178	171	459	364	418	270	251	241
SC_RS12015	NC_003888.3	2132026	2132964	-	939	364	345	435	2169	1695	2505	1298	1505	1139
SC_RS12020	NC_003888.3	2133121	2134629	-	1509	34269	31637	41698	10548	11994	13862	11277	11585	8860
SC_RS12025	NC_003888.3	2135154	2135816	+	663	201	151	230	67	46	77	75	59	61
SC_RS12030	NC_003888.3	2135883	2138879	+	2997	498	472	652	243	189	197	284	189	246
SC_RS12035	NC_003888.3	2138930	2140723	-	1794	506	487	624	1319	1253	1545	795	604	552
SC_RS12040	NC_003888.3	2141042	2141410	-	369	53	43	50	14	15	18	43	10	39
SC_RS12045	NC_003888.3	2141659	2144382	-	2724	4710	4502	5959	2151	2188	2650	1289	1338	1092
SC_RS12050	NC_003888.3	2144639	2146918	+	2280	495	521	674	480	427	586	532	417	470
SC_RS12055	NC_003888.3	2147013	2147501	+	489	210	160	198	144	117	167	128	128	141
SC_RS12060	NC_003888.3	2148159	2148404	+	246	36	36	46	33	25	38	75	56	63
SC_RS12065	NC_003888.3	2148401	2148997	+	597	1	2	1	6	9	8	60	11	42
SC_RS12070	NC_003888.3	2149285	2150520	+	1236	205	210	223	3673	3308	3705	4958	5230	3764
SC_RS12075	NC_003888.3	2150635	2151567	+	933	46	57	52	421	305	476	572	487	388
SC_RS12080	NC_003888.3	2151573	2153399	+	1827	53	54	65	504	418	598	758	545	550
SC_RS12085	NC_003888.3	2153405	2154334	+	930	66	89	70	541	421	522	728	720	520
SC_RS12090	NC_003888.3	2154331	2155047	+	717	38	51	52	289	243	354	410	429	336
SC_RS12095	NC_003888.3	2155123	2155779	-	657	1439	1241	1772	948	940	1130	458	475	405
SC_RS12100	NC_003888.3	2155886	2155958	+	73	48	50	57	41	30	36	31	8	19
SC_RS12105	NC_003888.3	2156337	2157773	-	1437	770	796	965	7847	7342	8323	1028	901	669
SC_RS12110	NC_003888.3	2157990	2159798	+	1809	220	212	282	361	262	261	130	55	106
SC_RS12115	NC_003888.3	2159817	2161229	-	1413	6	2	11	160	150	242	148	68	111
SC_RS12120	NC_003888.3	2161226	2162584	-	1359	9	8	10	39	35	42	109	27	73
SC_RS12125	NC_003888.3	2162746	2165244	-	2499	169	192	232	565	632	923	420	287	323
SC_RS12130	NC_003888.3	2165374	2165724	-	351	21	19	23	57	44	35	51	25	24
SC_RS12135	NC_003888.3	2165859	2166758	+	900	70	55	82	120	116	131	172	149	154
SC_RS12140	NC_003888.3	2166799	2167428	+	630	63	53	75	359	343	332	301	307	298
SC_RS12145	NC_003888.3	2167476	2168201	-	726	143	123	163	87	74	94	121	80	104
SC_RS12150	NC_003888.3	2168356	2169291	+	936	264	232	283	21	20	28	90	29	89
SC_RS12155	NC_003888.3	2169305	2170222	+	918	225	229	232	39	40	45	103	35	89
SC_RS12160	NC_003888.3	2170384	2171847	-	1464	874	751	990	425	467	541	438	385	366
SC_RS12165	NC_003888.3	2171840	2176384	-	4545	1904	1780	2082	991	878	1038	912	570	668
SC_RS12170	NC_003888.3	2176826	2177557	-	732	352	466	479	50	18	31	83	84	81
SC_RS12175	NC_003888.3	2177792	2178778	+	987	3	5	6	5	7	3	75	20	85
SC_RS12180	NC_003888.3	2179318	2180595	+	1278	0	1	3	1	1	1	79	13	61
SC_RS12185	NC_003888.3	2180592	2181770	+	1179	3	0	0	0	0	2	74	6	50
SC_RS12190	NC_003888.3	2181758	2183161	+	1404	1	0	2	2	2	1	102	25	69
SC_RS12195	NC_003888.3	2183119	2184333	+	1215	4	1	7	0	0	0	74	16	61
SC_RS12200	NC_003888.3	2184330	2185154	+	825	6	7	7	10	3	3	48	11	46
SC_RS12205	NC_003888.3	2185228	2186259	-	1032	1752	1616	1999	1540	1338	1533	1026	1141	956
SC_RS12210	NC_003888.3	2186336	2187109	-	774	17	6	19	350	306	587	110	106	147
SC_RS12215	NC_003888.3	2187211	2188026	-	816	373	361	429	211	175	260	309	316	295
SC_RS12220	NC_003888.3	2188023	2189306	-	1284	601	596	726	219	205	329	394	331	302
SC_RS12225	NC_003888.3	2189421	2189612	-	192	244	232	312	114	122	151	77	89	94
SC_RS12230	NC_003888.3	2189633	2190442	-	810	1727	1700	2175	658	550	599	471	427	358
SC_RS12235	NC_003888.3	2190560	2191006	-	447	235	274	322	127	136	124	100	101	93
SC_RS12240	NC_003888.3	2191109	2191360	-	252	1398	1319	1713	859	819	1052	886	1049	691
SC_RS12245	NC_003888.3	2191505	2192140	-	636	316	309	358	214	220	260	246	244	202
SC_RS12250	NC_003888.3	2192224	2193714	-	1491	281	252	353	156	125	200	144	89	129
SC_RS12255	NC_003888.3	2193744	2194130	-	387	91	101	131	57	44	32	64	23	36
SC_RS12260	NC_003888.3	2194212	2194847	+	636	376	319	479	782	709	710	424	385	354
SC_RS12265	NC_003888.3	2194858	2196129	-	1272	100	111	150	122	116	97	135	73	94
SC_RS12270	NC_003888.3	2196122	2196709	-	588	51	60	73	37	39	36	59	35	38
SC_RS12275	NC_003888.3	2196793	2197548	-	756	583	555	776	488	427	537	497	460	383
SC_RS12280	NC_003888.3	2197545	2197949	-	405	547	482	669	549	480	503	472	467	389
SC_RS12285	NC_003888.3	2197966	2198688	-	723	813	842	943	697	598	642	438	423	368
SC_RS12290	NC_003888.3	2198706	2199374	-	669	437	458	541	170	192	170	165	102	133
SC_RS12295	NC_003888.3	2199371	2199535	-	165	40	62	53	21	16	28	21	13	17
SC_RS12300	NC_003888.3	2199539	2200132	-	594	363	386	475	124	198	225	159	142	150
SC_RS12305	NC_003888.3	2200129	2201238	-	1110	595	599	752	338	360	429	344	342	278
SC_RS12310	NC_003888.3	2201235	2202560	-	1326	728	897	1000	765	616	860	615	513	468
SC_RS12315	NC_003888.3	2202760	2204337	+	1578	10	8	19	85	48	39	626	581	633
SC_RS12320	NC_003888.3	2204605	2205735	+	1131	14	2	12	1	0	3	73	22	61
SC_RS12325	NC_003888.3	2205747	2206487	+	741	235	225	266	102	104	136	106	47	73
SC_RS12330	NC_003888.3	2206501	2207010	+	510	178	151	194	77	64	69	102	49	53
SC_RS12335	NC_003888.3	2207142	2207858	-	717	621	539	709	283	282	293	291	293	269
SC_RS12340	NC_003888.3	2207893	2208717	-	825	302	294	316	149	100	136	168	143	137
SC_RS12345	NC_003888.3	2208825	2209799	-	975	451	412	547	100	137	175	192	188	168
SC_RS12350	NC_003888.3	2209967	2211178	-	1212	197	207	272	150	101	201	278	210	316
SC_RS12355	NC_003888.3	2211403	2211570	+	168	3	0	3	2	0	3	31	10	20
SC_RS12360	NC_003888.3	2211637	2215176	-	3540	1199	1183	1462	594	450	668	703	505	545
SC_RS12365	NC_003888.3	2215379	2216719	+	1341	294	292	329	1433	1200	1342	419	320	340
SC_RS12370	NC_003888.3	2216806	2217516	+	711	1038	938	1235	810	764	1188	970	936	892
SC_RS12375	NC_003888.3	2217614	2218414	+	801	845	818	1049	1306	1169	2140	693	619	519
SC_RS12380	NC_003888.3	2218545	2220200	+	1656	162	139	199	7350	6518	7496	1783	1520	1193
SC_RS12385	NC_003888.3	2220185	2220775	-	591	456	457	574	450	401	359	266	208	214
SC_RS12390	NC_003888.3	2220881	2222029	+	1149	130	124	144	321	237	321	208	133	156
SC_RS12395	NC_003888.3	2222051	2223637	-	1587	222	233	284	55	66	74	154	55	98
SC_RS12400	NC_003888.3	2223726	2224214	-	489	303	257	372	106	103	99	80	61	73
SC_RS12405	NC_003888.3	2224211	2225155	-	945	1081	957	1330	344	257	335	261	160	205
SC_RS12410	NC_003888.3	2225281	2225895	-	615	572	540	709	274	271	336	308	218	232
SC_RS12415	NC_003888.3	2225964	2226683	-	720	46	52	57	58	52	43	159	137	173
SC_RS12420	NC_003888.3	2227237	2230380	+	3144	2671	2775	3376	1701	1501	2075	892	809	710
SC_RS12425	NC_003888.3	2230582	2231778	-	1197	7701	7105	9687	10861	9748	10931	7044	7751	6368
SC_RS12430	NC_003888.3	2231834	2232118	-	285	3740	3220	4935	4969	4735	5218	3335	3563	2964
SC_RS12435	NC_003888.3	2232200	2232841	-	642	909	755	947	1736	1547	1990	1404	1512	1261
SC_RS12440	NC_003888.3	2232970	2233689	-	720	386	421	529	413	350	454	417	346	345
SC_RS12445	NC_003888.3	2233696	2234424	-	729	685	684	863	221	262	281	231	208	178
SC_RS12450	NC_003888.3	2234421	2235620	-	1200	5955	5867	7616	2548	2341	2770	2099	2159	1761
SC_RS12455	NC_003888.3	2235909	2236703	-	795	337	357	385	199	197	199	155	125	128
SC_RS12460	NC_003888.3	2236729	2237823	-	1095	776	887	1018	815	827	916	453	369	263
SC_RS12465	NC_003888.3	2237830	2239200	-	1371	1142	1028	1369	550	445	583	431	377	366
SC_RS12470	NC_003888.3	2239278	2240693	-	1416	1319	1211	1636	520	524	583	407	302	313
SC_RS12475	NC_003888.3	2240702	2241793	-	1092	1901	1930	2489	1005	837	1077	592	489	405
SC_RS12480	NC_003888.3	2241793	2243208	-	1416	4005	3658	4948	1839	1680	1959	1039	959	781
SC_RS12485	NC_003888.3	2243269	2244789	-	1521	1637	1653	2041	724	730	901	522	392	327
SC_RS12490	NC_003888.3	2244997	2246961	-	1965	518	482	643	208	190	232	295	194	257
SC_RS12495	NC_003888.3	2246958	2247512	-	555	220	204	228	54	46	51	75	55	64
SC_RS12500	NC_003888.3	2247685	2248641	-	957	706	599	815	89	68	136	154	76	120
SC_RS12505	NC_003888.3	2249069	2249617	+	549	991	954	1371	843	864	843	494	454	397
SC_RS12510	NC_003888.3	2249874	2250947	+	1074	2180	1964	2637	1505	1371	1475	1190	1100	993
SC_RS12515	NC_003888.3	2250947	2252308	+	1362	838	829	969	592	501	684	560	506	562
SC_RS12520	NC_003888.3	2252308	2254698	+	2391	1010	1010	1185	1114	874	1219	1034	965	898
SC_RS12525	NC_003888.3	2254850	2255257	-	408	2968	2945	3582	4892	4361	4635	5813	5850	5137
SC_RS12530	NC_003888.3	2255534	2256361	-	828	629	585	750	215	172	231	178	152	139
SC_RS12535	NC_003888.3	2256510	2257103	-	594	194	196	252	53	40	34	95	111	80
SC_RS12540	NC_003888.3	2257287	2257916	+	630	214	177	256	68	78	90	123	81	108
SC_RS12545	NC_003888.3	2258402	2259922	+	1521	634	635	864	269	330	302	342	269	360
SC_RS12550	NC_003888.3	2259944	2260936	-	993	572	546	704	882	783	890	984	823	763
SC_RS12555	NC_003888.3	2260993	2261916	-	924	502	551	641	1071	1034	1219	728	563	519
SC_RS12560	NC_003888.3	2262055	2262726	-	672	587	526	694	119	115	116	120	104	99
SC_RS12565	NC_003888.3	2262881	2263246	-	366	820	722	999	554	478	626	350	386	265
SC_RS12570	NC_003888.3	2263288	2264592	-	1305	352	291	414	212	197	247	202	169	172
SC_RS12575	NC_003888.3	2264828	2266033	+	1206	144	159	174	36	22	30	98	35	63
SC_RS12580	NC_003888.3	2266030	2266230	+	201	6	11	16	0	0	5	11	3	11
SC_RS12585	NC_003888.3	2266233	2267027	+	795	67	73	78	11	8	8	50	21	57
SC_RS12590	NC_003888.3	2267216	2269189	+	1974	2588	2272	3105	989	788	1066	1126	1277	1065
SC_RS12595	NC_003888.3	2269374	2270258	+	885	252	241	263	83	61	86	99	70	78
SC_RS12600	NC_003888.3	2270305	2270952	-	648	416	376	469	349	204	275	297	232	223
SC_RS12605	NC_003888.3	2271144	2271647	+	504	46	40	71	38	34	34	66	57	53
SC_RS12610	NC_003888.3	2271664	2271897	-	234	304	236	416	772	840	972	776	792	688
SC_RS12615	NC_003888.3	2272073	2273425	-	1353	1646	1627	2065	2427	2364	2604	1656	1668	1212
SC_RS12620	NC_003888.3	2273596	2276427	+	2832	1908	1887	2137	344	324	381	946	1038	917
SC_RS12625	NC_003888.3	2276540	2276596	+	57	2	1	3	0	0	1	5	1	4
SC_RS12630	NC_003888.3	2276703	2278607	+	1905	143	88	164	70	66	76	189	107	175
SC_RS12635	NC_003888.3	2278559	2279554	-	996	60	51	61	95	89	95	191	110	138
SC_RS12640	NC_003888.3	2279638	2280666	-	1029	66	74	111	98	96	87	222	155	231
SC_RS12645	NC_003888.3	2280718	2281440	-	723	222	226	287	131	123	189	167	118	138
SC_RS12650	NC_003888.3	2281433	2282674	-	1242	696	597	800	287	241	316	257	187	241
SC_RS12655	NC_003888.3	2282715	2283488	-	774	791	663	861	146	198	239	206	154	146
SC_RS12660	NC_003888.3	2283639	2284442	+	804	293	277	408	333	265	312	460	530	453
SC_RS12665	NC_003888.3	2284435	2285052	+	618	355	326	463	661	587	739	510	617	578
SC_RS12670	NC_003888.3	2285077	2285838	-	762	306	280	351	131	132	182	150	104	136
SC_RS12675	NC_003888.3	2285983	2286936	-	954	3548	3469	4683	1201	1186	1554	1201	1265	1050
SC_RS12680	NC_003888.3	2286991	2287566	-	576	537	516	681	611	618	700	780	820	725
SC_RS12685	NC_003888.3	2287637	2288809	-	1173	59	57	71	24	28	25	77	16	77
SC_RS12690	NC_003888.3	2289023	2289457	-	435	404	418	525	262	276	301	240	191	160
SC_RS12695	NC_003888.3	2289595	2290350	-	756	47	44	55	12	15	15	64	16	68
SC_RS12700	NC_003888.3	2290703	2292499	+	1797	438	366	499	123	108	112	191	99	135
SC_RS12705	NC_003888.3	2292487	2293725	-	1239	329	293	374	177	161	182	182	113	135
SC_RS12710	NC_003888.3	2293882	2295147	+	1266	108	115	170	100	97	77	194	107	178
SC_RS12715	NC_003888.3	2295175	2296368	-	1194	403	372	546	182	141	136	183	105	149
SC_RS12720	NC_003888.3	2296454	2297470	-	1017	45	34	61	24	27	35	59	34	57
SC_RS12725	NC_003888.3	2297707	2298750	-	1044	2552	2252	2951	477	494	555	309	227	209
SC_RS12730	NC_003888.3	2298982	2300325	-	1344	419	325	450	143	102	165	199	131	210
SC_RS12735	NC_003888.3	2300388	2300627	-	240	185	174	343	128	103	134	116	102	113
SC_RS12740	NC_003888.3	2300785	2301555	+	771	29	18	34	10	8	8	61	11	49
SC_RS12745	NC_003888.3	2301552	2301833	+	282	294	273	362	417	352	369	272	266	196
SC_RS12750	NC_003888.3	2301983	2302306	+	324	107	101	104	63	47	65	45	39	40
SC_RS12755	NC_003888.3	2302365	2303729	+	1365	69	62	83	59	35	57	95	45	81
SC_RS12760	NC_003888.3	2303726	2304391	+	666	29	34	39	31	26	39	43	19	37
SC_RS12765	NC_003888.3	2304475	2305890	+	1416	15	13	13	13	15	11	65	17	52
SC_RS12770	NC_003888.3	2305901	2306986	+	1086	6	3	10	26	33	20	65	8	50
SC_RS12775	NC_003888.3	2307076	2308506	-	1431	78	74	92	146	167	230	117	35	132
SC_RS12780	NC_003888.3	2308851	2309915	-	1065	904	857	1081	679	524	634	520	531	509
SC_RS12785	NC_003888.3	2310047	2311684	-	1638	12734	13040	16223	5876	5605	7109	2184	2411	1720
SC_RS12790	NC_003888.3	2311681	2312742	-	1062	7959	9078	10626	3277	3242	4052	1230	1370	955
SC_RS12795	NC_003888.3	2312739	2313548	-	810	8048	8400	10489	3091	3038	3768	1098	1168	862
SC_RS12800	NC_003888.3	2313623	2314243	-	621	4829	4715	6361	2354	2364	2746	719	799	569
SC_RS12805	NC_003888.3	2314453	2314854	+	402	235	247	320	1256	1127	994	718	709	626
SC_RS12810	NC_003888.3	2314942	2316216	-	1275	111	90	133	74	74	48	125	39	101
SC_RS12815	NC_003888.3	2316363	2316761	-	399	2852	2807	3689	1635	1633	1807	698	858	626
SC_RS12820	NC_003888.3	2316758	2318494	-	1737	14556	14956	18954	6878	6444	7111	3345	3365	2558
SC_RS12825	NC_003888.3	2318491	2319450	-	960	10626	11039	13549	4511	4356	5232	2066	2138	1395
SC_RS12830	NC_003888.3	2319777	2321159	+	1383	324	322	490	278	232	246	256	193	194
SC_RS12835	NC_003888.3	2321282	2322256	-	975	639	643	775	830	791	928	442	424	342
SC_RS12840	NC_003888.3	2322389	2322598	+	210	24	20	24	125	113	110	101	89	72
SC_RS12845	NC_003888.3	2322715	2324265	+	1551	188	160	207	257	245	261	292	244	259
SC_RS12850	NC_003888.3	2324368	2324724	-	357	4080	3982	5428	11730	9890	12146	6372	6750	5134
SC_RS12855	NC_003888.3	2325064	2326248	+	1185	2012	1931	2489	5732	4343	4897	3421	3796	3205
SC_RS12860	NC_003888.3	2326327	2329452	-	3126	2101	1968	2441	1052	1149	1223	2349	2199	1449
SC_RS12865	NC_003888.3	2329632	2330315	-	684	136	142	178	110	85	143	108	89	92
SC_RS12870	NC_003888.3	2330312	2331562	-	1251	198	177	154	220	156	204	246	178	192
SC_RS12875	NC_003888.3	2331727	2332011	-	285	418	345	471	446	400	406	703	748	632
SC_RS12880	NC_003888.3	2332033	2332827	-	795	1934	1755	2424	2128	1702	2013	3209	3255	3126
SC_RS12885	NC_003888.3	2333072	2333749	+	678	1639	1610	2197	893	799	845	564	534	457
SC_RS12890	NC_003888.3	2333833	2334534	+	702	1135	1108	1486	273	244	307	184	156	173
SC_RS12895	NC_003888.3	2334636	2335724	+	1089	346	325	392	113	85	59	119	64	121
SC_RS12900	NC_003888.3	2335755	2336003	-	249	371	373	473	1041	888	945	532	550	465
SC_RS12905	NC_003888.3	2336212	2337411	+	1200	160	138	161	65	70	73	128	56	105
SC_RS12910	NC_003888.3	2337400	2338119	-	720	11	32	11	11	2	5	62	18	46
SC_RS12915	NC_003888.3	2338274	2339347	+	1074	446	450	631	286	271	353	235	153	192
SC_RS12920	NC_003888.3	2339770	2340510	-	741	58	36	50	9	9	6	65	18	49
SC_RS12925	NC_003888.3	2340571	2341353	+	783	76	91	66	21	14	15	51	12	55
SC_RS12930	NC_003888.3	2341371	2342219	-	849	111	116	186	44	33	46	82	31	85
SC_RS12935	NC_003888.3	2342474	2344027	+	1554	3667	3772	4926	2440	2333	3194	1411	1368	1055
SC_RS12940	NC_003888.3	2344344	2345732	+	1389	13882	13877	17903	14212	13638	18678	5812	6060	4495
SC_RS12945	NC_003888.3	2345796	2347568	+	1773	14054	13912	18025	14267	14692	19160	6067	6654	4625
SC_RS12950	NC_003888.3	2347778	2348401	+	624	625	553	802	607	556	625	337	344	328
SC_RS12955	NC_003888.3	2348740	2351439	+	2700	7061	6622	8788	3148	2931	5599	3707	3985	3019
SC_RS12960	NC_003888.3	2351510	2352493	+	984	152	121	161	62	55	80	110	54	109
SC_RS12965	NC_003888.3	2353103	2353624	+	522	23	18	38	103	96	78	137	78	103
SC_RS12970	NC_003888.3	2353659	2354585	-	927	15	12	15	22	13	12	83	24	74
SC_RS12975	NC_003888.3	2354697	2355858	+	1162	424	333	433	236	193	270	404	373	408
SC_RS12980	NC_003888.3	2355882	2356382	-	501	165	144	175	50	42	46	79	29	63
SC_RS12985	NC_003888.3	2356470	2357579	+	1110	87	106	136	71	73	64	156	82	121
SC_RS12990	NC_003888.3	2357793	2359196	+	1404	27	26	28	165	102	158	244	162	168
SC_RS12995	NC_003888.3	2359257	2360720	-	1464	2	2	4	449	398	464	399	298	281
SC_RS13000	NC_003888.3	2360955	2361752	+	798	303	296	453	367	338	420	256	209	168
SC_RS13005	NC_003888.3	2361907	2362860	+	954	1644	1648	1918	2787	2470	3545	1614	1805	1374
SC_RS13010	NC_003888.3	2363105	2363320	+	216	56	66	98	853	907	867	450	402	268
SC_RS13015	NC_003888.3	2363402	2364106	+	705	2895	2707	3718	2348	2327	2630	1529	1348	1181
SC_RS13020	NC_003888.3	2364217	2364684	-	468	344	369	504	551	380	503	400	381	305
SC_RS13025	NC_003888.3	2364905	2366314	+	1410	10004	9155	12831	839	908	804	843	740	749
SC_RS13030	NC_003888.3	2366485	2366745	+	261	432	449	601	403	284	237	317	284	221
SC_RS13035	NC_003888.3	2366795	2367634	-	840	25	47	52	184	157	179	134	47	117
SC_RS13040	NC_003888.3	2367728	2368099	+	372	68	58	93	144	106	141	145	133	139
SC_RS13045	NC_003888.3	2368178	2369092	+	915	190	159	222	254	182	245	307	232	252
SC_RS13050	NC_003888.3	2369102	2369680	+	579	16	13	36	11	13	16	52	21	43
SC_RS13055	NC_003888.3	2369767	2370954	+	1188	356	257	454	202	166	204	272	233	270
SC_RS13060	NC_003888.3	2371009	2371323	-	315	612	597	785	240	177	184	2268	2622	1643
SC_RS13065	NC_003888.3	2371498	2371857	+	360	127	131	169	88	100	84	81	57	70
SC_RS13070	NC_003888.3	2371976	2372671	+	696	177	170	273	61	61	75	235	195	213
SC_RS13075	NC_003888.3	2372674	2373546	-	873	36	21	59	10	7	10	84	42	72
SC_RS13080	NC_003888.3	2373706	2374182	+	477	35	31	41	10	6	17	41	16	49
SC_RS13085	NC_003888.3	2374319	2375350	+	1032	1182	1084	1599	38	55	39	83	23	67
SC_RS13090	NC_003888.3	2375406	2376335	+	930	1310	1222	1740	234	184	196	251	213	234
SC_RS13095	NC_003888.3	2376676	2377257	+	582	46	47	67	315	311	741	112	55	75
SC_RS13100	NC_003888.3	2377328	2378362	+	1035	89	80	105	152	121	161	161	85	117
SC_RS13105	NC_003888.3	2378415	2379692	+	1278	45	70	75	56	54	73	97	35	79
SC_RS13110	NC_003888.3	2379677	2380330	+	654	57	74	77	82	93	104	54	36	57
SC_RS13115	NC_003888.3	2380490	2381995	+	1506	106	84	147	164	150	127	856	1268	882
SC_RS13120	NC_003888.3	2382072	2382518	-	447	3	3	3	3	14	8	124	96	84
SC_RS13125	NC_003888.3	2382653	2383162	+	510	170	159	225	377	297	333	274	236	253
SC_RS13130	NC_003888.3	2383230	2385161	+	1932	47	33	48	261	260	245	319	217	268
SC_RS13135	NC_003888.3	2385265	2386155	+	891	1	1	1	2	7	4	54	14	40
SC_RS13140	NC_003888.3	2386152	2387246	+	1095	5	0	1	12	9	6	69	22	61
SC_RS13145	NC_003888.3	2387313	2388005	+	693	154	129	185	20	12	23	46	26	42
SC_RS13150	NC_003888.3	2388002	2388466	+	465	238	205	232	38	31	39	68	28	58
SC_RS13155	NC_003888.3	2388485	2388844	-	360	383	323	504	551	505	510	326	321	288
SC_RS13160	NC_003888.3	2388900	2394314	-	5415	460	518	479	71	78	73	371	108	359
SC_RS13165	NC_003888.3	2394422	2394982	-	561	109	101	120	18	17	21	43	15	47
SC_RS13170	NC_003888.3	2395074	2396807	-	1734	1027	1249	1213	149	147	108	193	115	199
SC_RS13175	NC_003888.3	2396944	2397855	-	912	455	527	446	92	71	68	139	108	101
SC_RS13180	NC_003888.3	2397869	2398873	-	1005	511	677	582	84	55	83	145	90	115
SC_RS13185	NC_003888.3	2398988	2400259	-	1272	3040	4285	4114	679	748	657	835	874	719
SC_RS13190	NC_003888.3	2400651	2401685	+	1035	1236	1294	1392	162	166	190	205	182	191
SC_RS13195	NC_003888.3	2401774	2402643	+	870	709	680	845	408	335	409	610	624	567
SC_RS13200	NC_003888.3	2402769	2405768	-	3000	414	381	484	389	325	428	375	254	321
SC_RS13205	NC_003888.3	2405942	2406205	+	264	100	118	159	450	409	478	275	288	223
SC_RS13210	NC_003888.3	2406202	2406456	+	255	65	51	65	275	250	266	190	162	146
SC_RS13215	NC_003888.3	2406519	2406965	+	447	183	138	207	783	740	698	680	712	589
SC_RS13220	NC_003888.3	2406988	2408757	-	1770	285	284	372	469	388	449	355	324	378
SC_RS13225	NC_003888.3	2408840	2409466	-	627	111	122	151	162	147	165	105	60	101
SC_RS13230	NC_003888.3	2409463	2410131	-	669	152	140	175	108	131	115	118	84	94
SC_RS13235	NC_003888.3	2410423	2411784	+	1362	774	678	1037	416	380	495	432	336	344
SC_RS13240	NC_003888.3	2411818	2412264	-	447	44	38	57	24	20	15	69	12	54
SC_RS13245	NC_003888.3	2412355	2412933	+	579	759	763	997	140	148	117	231	176	217
SC_RS13250	NC_003888.3	2412958	2415030	-	2073	101	100	136	163	132	183	270	163	249
SC_RS13255	NC_003888.3	2415027	2415236	-	210	6	6	8	40	23	32	41	19	31
SC_RS13260	NC_003888.3	2415233	2416084	-	852	16	22	37	259	176	245	226	175	194
SC_RS13265	NC_003888.3	2416596	2417093	+	498	19	9	17	6	12	10	52	17	38
SC_RS13270	NC_003888.3	2417492	2417722	+	231	30	25	35	53	51	36	41	25	40
SC_RS13275	NC_003888.3	2417879	2418706	+	828	20	24	23	453	366	390	338	287	355
SC_RS13280	NC_003888.3	2418840	2419427	+	588	25	19	29	132	76	103	150	74	132
SC_RS13285	NC_003888.3	2419411	2419632	-	222	61	57	87	96	104	106	127	102	109
SC_RS13290	NC_003888.3	2419629	2420483	-	855	147	145	221	182	131	125	132	92	98
SC_RS13295	NC_003888.3	2420563	2421804	-	1242	639	609	914	224	190	218	78	26	76
SC_RS13300	NC_003888.3	2421926	2422978	-	1053	641	448	633	143	172	154	317	375	309
SC_RS13305	NC_003888.3	2423298	2424173	+	876	358	341	469	112	70	79	461	352	331
SC_RS13310	NC_003888.3	2424359	2425390	+	1032	186	156	195	109	123	116	184	107	136
SC_RS13315	NC_003888.3	2425387	2426211	+	825	117	107	138	130	100	107	212	133	131
SC_RS13320	NC_003888.3	2426233	2430201	-	3969	497	432	580	271	299	366	492	288	405
SC_RS13325	NC_003888.3	2430388	2431185	+	798	99	107	104	47	38	57	101	50	96
SC_RS13330	NC_003888.3	2431192	2431392	-	201	118	91	173	48	37	53	42	28	49
SC_RS13335	NC_003888.3	2431446	2432165	-	720	201	193	253	337	313	412	147	124	99
SC_RS13340	NC_003888.3	2432297	2432911	+	615	12	12	8	55	74	57	122	108	148
SC_RS13345	NC_003888.3	2433311	2434606	+	1296	62	47	60	21	8	15	102	32	107
SC_RS13350	NC_003888.3	2434607	2434849	-	243	79	68	93	122	100	118	215	182	170
SC_RS13355	NC_003888.3	2434908	2435765	+	858	633	598	832	339	398	444	213	180	177
SC_RS13360	NC_003888.3	2435930	2436577	+	648	100	81	117	2422	2452	1797	793	676	632
SC_RS13365	NC_003888.3	2436593	2437237	-	645	77	77	102	242	164	103	110	48	87
SC_RS13370	NC_003888.3	2437246	2438085	-	840	38	25	43	716	728	464	239	266	187
SC_RS13375	NC_003888.3	2438127	2439746	-	1620	134	59	175	10619	10617	7809	3823	4082	2747
SC_RS13380	NC_003888.3	2439787	2441220	-	1434	30	10	43	2639	2460	2105	827	534	459
SC_RS13385	NC_003888.3	2441324	2442376	+	1053	35	26	44	1624	1551	1362	832	714	620
SC_RS13390	NC_003888.3	2442373	2443464	+	1092	11	7	13	736	598	522	378	309	277
SC_RS13395	NC_003888.3	2443461	2444303	+	843	27	16	22	660	595	462	469	386	403
SC_RS13400	NC_003888.3	2444536	2445690	+	1155	201	170	233	311	251	329	123	72	111
SC_RS13405	NC_003888.3	2445705	2446967	+	1263	162	141	210	216	195	214	132	75	97
SC_RS13410	NC_003888.3	2446970	2447842	+	873	152	155	220	346	305	278	126	92	117
SC_RS13415	NC_003888.3	2447802	2448791	+	990	647	533	742	550	526	459	317	243	200
SC_RS13420	NC_003888.3	2448807	2449538	-	732	1438	1282	1763	597	471	684	676	640	631
SC_RS13425	NC_003888.3	2449644	2450291	-	648	111	124	139	41	51	60	82	55	88
SC_RS13430	NC_003888.3	2450354	2451016	-	663	161	148	173	68	70	68	69	37	62
SC_RS13435	NC_003888.3	2451048	2452028	-	981	179	144	194	60	45	60	110	44	88
SC_RS13440	NC_003888.3	2452574	2453746	-	1173	267	281	387	128	104	151	99	32	110
SC_RS13445	NC_003888.3	2453707	2454993	-	1287	624	546	803	368	364	333	191	92	126
SC_RS13450	NC_003888.3	2455112	2456158	+	1047	150	140	186	890	567	413	191	83	133
SC_RS13455	NC_003888.3	2456145	2457821	-	1677	18	17	13	30405	26607	25822	2966	2565	1644
SC_RS13460	NC_003888.3	2457954	2458745	+	792	139	109	148	45	55	51	103	56	81
SC_RS13465	NC_003888.3	2459004	2459330	-	327	11	8	11	11	12	10	24	7	28
SC_RS13470	NC_003888.3	2459484	2460026	+	543	23	22	23	0	5	5	37	11	51
SC_RS13475	NC_003888.3	2460057	2460398	+	342	36	35	43	42	43	54	76	42	48
SC_RS13480	NC_003888.3	2460463	2461470	-	1008	19	19	15	9	6	4	76	16	56
SC_RS13485	NC_003888.3	2461505	2462512	-	1008	39	37	27	7	4	10	88	15	71
SC_RS13490	NC_003888.3	2462902	2463304	-	403	140310	133791	172308	183930	204590	202346	157640	186450	243549
SC_RS13495	NC_003888.3	2463375	2464202	-	828	5	7	8	4	2	4	64	20	47
SC_RS13500	NC_003888.3	2464222	2465058	-	837	11	21	36	33	27	35	118	83	112
SC_RS13505	NC_003888.3	2465169	2465930	+	762	20	24	30	40	27	42	70	26	45
SC_RS13510	NC_003888.3	2465927	2466541	+	615	12	5	16	32	12	23	41	19	41
SC_RS13515	NC_003888.3	2466581	2467363	+	783	335	287	416	118	111	112	103	71	67
SC_RS13520	NC_003888.3	2467437	2468096	+	660	967	938	1114	209	159	201	132	151	162
SC_RS13525	NC_003888.3	2468071	2469564	-	1494	2072	1949	2517	515	456	584	427	388	384
SC_RS13530	NC_003888.3	2469576	2470319	-	744	2034	1948	2540	613	609	825	478	493	403
SC_RS13535	NC_003888.3	2470316	2471173	-	858	610	537	756	274	286	430	230	167	152
SC_RS13540	NC_003888.3	2471382	2472650	+	1269	7	10	16	5650	4626	5465	1083	1142	1010
SC_RS13545	NC_003888.3	2472748	2472915	+	168	597	546	833	978	874	1106	541	556	435
SC_RS13550	NC_003888.3	2473023	2473919	-	897	129	119	170	130	98	119	132	80	111
SC_RS13555	NC_003888.3	2474063	2474989	+	927	35	26	36	16	22	14	109	58	79
SC_RS13560	NC_003888.3	2474986	2475702	+	717	11	9	11	5	11	6	56	31	51
SC_RS13565	NC_003888.3	2475740	2476969	+	1230	29	27	48	51	32	37	89	75	116
SC_RS13570	NC_003888.3	2477055	2477687	+	633	92	57	107	63	61	59	77	68	86
SC_RS13575	NC_003888.3	2478172	2479632	-	1461	115	111	153	200	163	145	602	499	496
SC_RS13580	NC_003888.3	2479917	2481674	+	1758	139	121	152	934	894	1264	192	163	204
SC_RS13585	NC_003888.3	2481918	2483546	+	1629	74	38	72	1127	933	1296	1035	896	876
SC_RS13590	NC_003888.3	2483598	2484278	+	681	99	106	118	179	146	274	162	136	112
SC_RS13595	NC_003888.3	2484289	2485299	+	1011	243	193	275	489	465	582	437	386	354
SC_RS13600	NC_003888.3	2485458	2486327	+	870	3175	2816	3691	1774	1716	1656	1182	1093	901
SC_RS13605	NC_003888.3	2486429	2486722	+	294	92	50	101	49	46	37	84	78	89
SC_RS13610	NC_003888.3	2486736	2487833	-	1098	401	432	460	147	103	190	135	89	111
SC_RS13615	NC_003888.3	2487830	2488564	-	735	326	318	408	120	86	147	97	82	94
SC_RS13620	NC_003888.3	2488558	2490054	-	1497	772	766	942	133	98	197	201	112	153
SC_RS13625	NC_003888.3	2490268	2490921	+	654	811	821	1140	51	40	89	119	55	90
SC_RS13630	NC_003888.3	2490934	2491605	-	672	53	69	75	25	14	16	63	24	53
SC_RS13635	NC_003888.3	2491926	2493185	+	1260	1588	1499	1795	447	482	520	342	246	241
SC_RS13640	NC_003888.3	2493182	2493844	+	663	553	522	706	172	158	173	168	110	115
SC_RS13645	NC_003888.3	2493924	2495063	+	1140	211	206	274	86	73	96	155	78	115
SC_RS13650	NC_003888.3	2495060	2496751	+	1692	316	316	404	79	84	148	184	123	155
SC_RS13655	NC_003888.3	2496748	2497599	+	852	153	128	191	65	65	70	122	70	91
SC_RS13660	NC_003888.3	2497855	2498268	+	414	20	11	24	1	11	5	24	6	38
SC_RS13665	NC_003888.3	2498289	2498675	-	387	3	2	2	0	0	1	36	5	22
SC_RS13670	NC_003888.3	2498914	2499570	+	657	68	73	97	46	41	50	100	25	60
SC_RS13675	NC_003888.3	2499573	2500565	-	993	41	45	67	27	29	35	85	33	64
SC_RS13680	NC_003888.3	2500697	2501287	+	591	67	49	67	125	141	106	127	112	96
SC_RS13685	NC_003888.3	2501284	2501697	-	414	128	113	169	52	39	43	85	46	68
SC_RS13690	NC_003888.3	2501757	2502536	+	780	36	31	37	10	10	13	45	15	40
SC_RS13695	NC_003888.3	2502545	2502709	+	165	3	2	3	2	0	1	7	3	6
SC_RS13700	NC_003888.3	2502808	2504463	+	1656	519	507	664	64	55	42	139	71	109
SC_RS13705	NC_003888.3	2504417	2506495	-	2079	712	665	984	487	473	634	625	494	480
SC_RS13710	NC_003888.3	2506906	2508294	+	1389	68	71	105	11	20	5	90	18	62
SC_RS13715	NC_003888.3	2508321	2508884	+	564	156	160	206	126	132	164	147	157	131
SC_RS13720	NC_003888.3	2508881	2509552	+	672	126	97	156	170	166	222	182	143	121
SC_RS13725	NC_003888.3	2509609	2510001	-	393	43	34	53	259	269	259	193	173	153
SC_RS13730	NC_003888.3	2510090	2510497	+	408	422	393	540	872	898	860	885	909	770
SC_RS13735	NC_003888.3	2510508	2511071	-	564	40	44	72	113	75	82	103	91	97
SC_RS13740	NC_003888.3	2511076	2511747	-	672	37	36	57	54	35	83	76	67	69
SC_RS13745	NC_003888.3	2511913	2512446	+	534	39	29	48	34	18	48	54	31	46
SC_RS13750	NC_003888.3	2512483	2514552	-	2070	39	45	45	35	28	32	184	55	140
SC_RS13755	NC_003888.3	2514718	2515959	+	1242	774	672	906	406	332	396	404	384	396
SC_RS13760	NC_003888.3	2515998	2516663	-	666	3542	3547	4591	89	75	89	85	76	78
SC_RS13765	NC_003888.3	2516812	2517393	-	582	563	560	668	247	165	228	335	400	312
SC_RS13770	NC_003888.3	2517893	2518537	+	645	1	0	0	3245	2446	2542	475	422	343
SC_RS13775	NC_003888.3	2518626	2520308	+	1683	145	137	182	1179	923	1021	386	263	309
SC_RS13780	NC_003888.3	2520564	2521025	+	462	11	6	15	27	27	29	54	16	41
SC_RS13785	NC_003888.3	2521164	2521838	+	675	563	459	674	101	83	97	139	117	119
SC_RS13790	NC_003888.3	2521928	2522161	-	234	164	150	197	77	92	108	105	98	89
SC_RS13795	NC_003888.3	2522166	2522699	-	534	569	491	717	169	157	139	197	157	200
SC_RS13800	NC_003888.3	2522814	2523149	+	336	49	58	84	68	49	65	90	63	89
SC_RS13805	NC_003888.3	2523200	2523274	-	75	12	7	14	3	0	0	19	4	26
SC_RS13810	NC_003888.3	2523500	2524270	+	771	25	13	25	15	4	8	66	17	45
SC_RS13815	NC_003888.3	2524342	2525745	+	1404	571	568	701	408	253	352	443	370	346
SC_RS13820	NC_003888.3	2525802	2526020	+	219	160	126	207	230	255	297	196	151	154
SC_RS13825	NC_003888.3	2526064	2526708	-	645	92	113	125	114	94	101	152	85	129
SC_RS13830	NC_003888.3	2526699	2527841	-	1143	156	208	247	228	170	183	183	132	159
SC_RS13835	NC_003888.3	2527974	2528804	+	831	102	88	117	60	28	33	96	37	60
SC_RS13840	NC_003888.3	2528722	2529534	-	813	146	159	199	149	128	130	87	28	72
SC_RS13845	NC_003888.3	2529534	2532053	-	2520	489	534	584	498	423	514	299	155	232
SC_RS13850	NC_003888.3	2532132	2533298	-	1167	251	262	301	419	315	374	189	98	117
SC_RS13855	NC_003888.3	2533506	2534501	+	996	422	408	542	126	104	160	247	163	246
SC_RS13860	NC_003888.3	2534532	2535269	-	738	195	198	219	152	121	133	469	443	379
SC_RS13865	NC_003888.3	2535421	2536563	-	1143	3556	3212	4145	1970	1660	2065	2064	1865	1645
SC_RS13870	NC_003888.3	2536613	2537188	-	576	613	539	808	648	584	753	604	564	500
SC_RS13875	NC_003888.3	2537340	2537915	-	576	2913	2711	3647	5865	5506	6381	5373	5714	4536
SC_RS13880	NC_003888.3	2538097	2538555	-	459	1306	1177	1480	707	735	1052	792	779	573
SC_RS13885	NC_003888.3	2538717	2539154	-	438	2994	2701	3695	2367	2395	2385	2458	2420	2045
SC_RS13890	NC_003888.3	2539576	2542332	+	2757	289	294	354	1774	1630	1918	2032	1958	1747
SC_RS13895	NC_003888.3	2542460	2542768	-	309	142	88	178	576	498	475	293	307	204
SC_RS13900	NC_003888.3	2543007	2544617	-	1611	801	536	874	5257	5054	4975	2021	1848	1417
SC_RS13905	NC_003888.3	2544733	2545416	+	684	172	149	215	37	38	28	94	46	77
SC_RS13910	NC_003888.3	2545471	2546691	+	1221	381	368	431	237	217	256	238	153	196
SC_RS13915	NC_003888.3	2546758	2547645	+	888	418	369	477	259	185	247	196	170	175
SC_RS13920	NC_003888.3	2547771	2548787	-	1017	102	113	123	659	599	924	217	169	179
SC_RS13925	NC_003888.3	2548784	2549293	-	510	58	53	58	171	178	250	69	43	59
SC_RS13930	NC_003888.3	2549404	2549871	+	468	36	22	44	40	50	38	73	34	56
SC_RS13935	NC_003888.3	2549891	2550712	+	822	339	349	448	246	221	264	185	125	133
SC_RS13940	NC_003888.3	2550901	2551737	+	837	58	34	58	224	165	183	320	255	251
SC_RS13945	NC_003888.3	2551706	2551903	+	198	201	175	286	534	448	494	289	226	225
SC_RS13950	NC_003888.3	2552256	2556893	+	4638	337	313	444	9210	7661	9501	796	580	606
SC_RS13955	NC_003888.3	2556886	2557305	+	420	253	210	300	1100	839	1078	280	249	247
SC_RS13960	NC_003888.3	2557326	2557982	-	657	137	81	138	182	174	170	175	129	149
SC_RS13965	NC_003888.3	2558045	2559250	+	1206	964	907	1133	321	291	402	361	279	329
SC_RS13970	NC_003888.3	2559340	2560290	+	951	2875	2489	3106	858	825	901	668	744	557
SC_RS13975	NC_003888.3	2560307	2561338	+	1032	4309	3852	5203	1216	1187	1343	1233	1339	1009
SC_RS13980	NC_003888.3	2561443	2561691	+	249	5243	5162	6451	2023	1741	1902	1788	1938	1403
SC_RS13985	NC_003888.3	2561801	2563090	+	1290	9378	8515	10059	2243	2384	2263	1813	1933	1400
SC_RS13990	NC_003888.3	2563192	2563686	-	495	123	99	131	193	195	282	290	234	245
SC_RS13995	NC_003888.3	2563944	2564861	+	918	234	209	291	257	182	310	286	229	227
SC_RS14000	NC_003888.3	2564900	2565871	+	972	224	227	327	88	68	113	115	64	122
SC_RS14005	NC_003888.3	2566162	2567460	+	1299	144	164	179	263	236	228	172	116	144
SC_RS14010	NC_003888.3	2567432	2568256	-	825	475	440	606	178	163	196	163	95	95
SC_RS14015	NC_003888.3	2568352	2568771	-	420	150	106	183	44	62	40	69	46	47
SC_RS14020	NC_003888.3	2568888	2569910	-	1023	168	129	172	116	101	157	120	70	94
SC_RS14025	NC_003888.3	2570030	2570485	+	456	41	31	49	53	29	37	71	48	49
SC_RS14030	NC_003888.3	2570546	2571427	+	882	32	22	32	12	6	17	80	32	62
SC_RS14035	NC_003888.3	2571440	2572189	-	750	26	27	25	11	5	6	80	24	75
SC_RS14040	NC_003888.3	2572404	2573570	+	1167	28	18	32	7	6	10	73	26	72
SC_RS14045	NC_003888.3	2573567	2574583	+	1017	22	15	13	10	1	5	47	22	42
SC_RS14050	NC_003888.3	2574719	2575690	+	972	8	4	5	4	1	2	57	11	71
SC_RS14055	NC_003888.3	2575786	2576895	+	1110	17	23	22	75	64	82	114	52	93
SC_RS14060	NC_003888.3	2576928	2578505	+	1578	25	33	22	111	104	106	160	81	120
SC_RS14065	NC_003888.3	2578502	2579746	+	1245	32	20	32	98	80	90	119	72	94
SC_RS14070	NC_003888.3	2579814	2580962	+	1149	17	12	20	120	108	113	199	136	160
SC_RS14075	NC_003888.3	2581080	2582705	+	1626	34	26	27	35	20	25	160	107	139
SC_RS14080	NC_003888.3	2582733	2583998	-	1266	3	9	2	9	1	2	87	17	91
SC_RS14085	NC_003888.3	2584078	2584839	-	762	2	4	2	2	2	2	43	13	34
SC_RS14090	NC_003888.3	2584886	2585440	-	555	3	1	2	4	2	1	21	12	15
SC_RS14095	NC_003888.3	2585467	2586126	-	660	4	3	4	2	2	1	38	17	26
SC_RS14100	NC_003888.3	2586123	2586635	-	513	1	3	2	1	0	2	22	10	19
SC_RS14105	NC_003888.3	2586632	2587933	-	1302	3	3	0	1	4	5	81	12	60
SC_RS14110	NC_003888.3	2587930	2589171	-	1242	5	1	1	4	1	0	66	24	67
SC_RS14115	NC_003888.3	2589168	2590181	-	1014	2	3	4	2	1	2	68	7	40
SC_RS14120	NC_003888.3	2590178	2591233	-	1056	1	2	1	3	2	1	66	10	61
SC_RS14125	NC_003888.3	2591230	2592294	-	1065	4	3	1	3	0	1	71	10	53
SC_RS14130	NC_003888.3	2592291	2593547	-	1257	4	2	8	3	1	3	78	19	69
SC_RS14135	NC_003888.3	2593549	2594355	-	807	8	3	8	1	1	4	50	9	40
SC_RS14140	NC_003888.3	2594362	2595126	-	765	3	1	4	6	3	4	54	9	26
SC_RS14145	NC_003888.3	2595123	2596133	-	1011	6	3	3	3	2	0	60	19	65
SC_RS14150	NC_003888.3	2596787	2597419	+	633	5	4	0	9	6	5	66	25	41
SC_RS14155	NC_003888.3	2597556	2599157	+	1602	6	7	7	5	1	12	85	23	80
SC_RS14160	NC_003888.3	2599192	2600133	+	942	3	0	8	11	12	19	63	15	55
SC_RS14165	NC_003888.3	2600318	2601529	+	1212	5	7	14	242	218	216	184	123	137
SC_RS14170	NC_003888.3	2601569	2602537	-	969	1	0	4	8	5	11	92	25	73
SC_RS14175	NC_003888.3	2602879	2604447	+	1569	5	2	3	1256	1059	1114	858	690	585
SC_RS14180	NC_003888.3	2604477	2605133	-	657	0	0	0	11	9	11	53	15	60
SC_RS14185	NC_003888.3	2605550	2608351	+	2802	554	528	663	178	159	186	311	209	286
SC_RS14190	NC_003888.3	2608364	2609869	-	1506	13	14	20	15	9	14	80	16	83
SC_RS14195	NC_003888.3	2609897	2610760	-	864	5	7	6	5	3	8	74	14	48
SC_RS14200	NC_003888.3	2610757	2611698	-	942	0	2	1	1	3	0	67	10	53
SC_RS14205	NC_003888.3	2611695	2613053	-	1359	1	0	2	1	4	1	84	18	85
SC_RS14210	NC_003888.3	2613322	2613849	+	528	176	183	249	525	429	482	484	442	436
SC_RS14215	NC_003888.3	2613846	2615030	+	1185	163	136	203	343	285	399	370	294	296
SC_RS14220	NC_003888.3	2615125	2616336	+	1212	151	121	155	273	222	331	282	200	198
SC_RS14225	NC_003888.3	2616326	2617732	+	1407	339	286	396	728	584	657	606	540	531
SC_RS14230	NC_003888.3	2617790	2618650	-	861	293	247	339	162	127	145	186	133	149
SC_RS14235	NC_003888.3	2618647	2619420	-	774	271	260	364	168	115	107	213	108	148
SC_RS14240	NC_003888.3	2619547	2620149	+	603	41	32	60	31	26	30	73	26	72
SC_RS14245	NC_003888.3	2620174	2620881	-	708	421	382	435	181	188	149	107	45	84
SC_RS14250	NC_003888.3	2621091	2622488	+	1398	9	20	25	32	13	26	102	15	88
SC_RS14255	NC_003888.3	2622576	2624033	+	1458	91	115	134	113	130	146	117	68	105
SC_RS14260	NC_003888.3	2624026	2625402	+	1377	83	101	102	102	107	95	113	42	86
SC_RS14265	NC_003888.3	2625671	2629333	-	3663	23	27	35	496	438	503	342	195	337
SC_RS14270	NC_003888.3	2629560	2629973	+	414	411	345	454	1065	820	862	1188	942	965
SC_RS14275	NC_003888.3	2629970	2631634	+	1665	1385	1225	1786	1104	971	1211	1273	1326	1214
SC_RS14280	NC_003888.3	2631773	2632795	+	1023	65	64	88	164	167	225	175	155	131
SC_RS14285	NC_003888.3	2632795	2636844	+	4050	212	150	223	445	426	528	630	456	472
SC_RS14290	NC_003888.3	2637014	2638096	+	1083	5	9	9	5	8	11	60	17	56
SC_RS14295	NC_003888.3	2638132	2639559	+	1428	6	2	7	7	5	4	81	16	57
SC_RS14300	NC_003888.3	2639637	2639792	+	156	4	1	1	4	1	2	9	7	16
SC_RS14305	NC_003888.3	2640001	2642232	+	2232	41	45	60	33	30	43	171	43	143
SC_RS14310	NC_003888.3	2642344	2643939	-	1596	203	157	194	95	80	89	173	106	129
SC_RS14315	NC_003888.3	2644019	2644459	-	441	144	139	161	86	75	79	146	106	92
SC_RS14320	NC_003888.3	2644511	2644906	-	396	95	79	111	37	38	48	68	37	61
SC_RS14325	NC_003888.3	2644903	2645421	-	519	291	274	388	89	73	102	135	93	94
SC_RS14330	NC_003888.3	2645607	2646071	+	465	45	24	29	23	21	35	53	43	58
SC_RS14335	NC_003888.3	2646222	2646650	-	429	138	159	206	33	18	26	64	33	46
SC_RS14340	NC_003888.3	2646860	2646933	-	74	43	45	50	7	2	6	30	7	14
SC_RS14345	NC_003888.3	2647132	2647204	-	73	16	13	12	0	0	1	2	2	2
SC_RS14350	NC_003888.3	2647210	2647282	-	73	1	0	1	0	0	1	14	4	10
SC_RS14355	NC_003888.3	2647432	2647737	+	306	150	115	180	371	285	302	374	346	308
SC_RS14360	NC_003888.3	2647782	2649230	+	1449	1825	1571	2252	1090	968	1022	898	870	837
SC_RS14365	NC_003888.3	2649370	2651103	+	1734	828	709	932	892	826	868	567	524	453
SC_RS14370	NC_003888.3	2651103	2653031	+	1929	508	412	602	709	614	713	462	444	372
SC_RS14375	NC_003888.3	2653137	2654327	-	1191	40	43	59	35	37	17	136	32	96
SC_RS14380	NC_003888.3	2654479	2655117	+	639	56	37	61	21	20	19	47	14	34
SC_RS14385	NC_003888.3	2655114	2656115	+	1002	69	60	86	39	36	31	87	25	70
SC_RS14390	NC_003888.3	2656131	2658056	-	1926	476	489	585	357	287	392	426	324	399
SC_RS14395	NC_003888.3	2658086	2659351	-	1266	149	152	200	250	274	283	1270	1145	1007
SC_RS14400	NC_003888.3	2659480	2660754	-	1275	255	220	325	43	31	48	122	33	88
SC_RS14405	NC_003888.3	2660813	2661652	-	840	10	9	9	2	4	1	56	17	44
SC_RS14410	NC_003888.3	2661818	2662504	+	687	141	121	147	12	18	22	97	81	121
SC_RS14415	NC_003888.3	2662608	2665067	+	2460	31	16	22	5	5	4	170	31	121
SC_RS14420	NC_003888.3	2665196	2666839	+	1644	3	2	3	3	2	5	73	9	74
SC_RS14425	NC_003888.3	2666940	2667869	+	930	292	263	336	217	179	164	193	150	143
SC_RS14430	NC_003888.3	2667818	2668561	-	744	13	12	23	42	44	104	213	208	173
SC_RS14435	NC_003888.3	2668624	2669391	-	768	14	18	30	70	80	126	508	532	450
SC_RS14440	NC_003888.3	2669524	2670156	-	633	6	9	7	11	9	8	1360	1359	975
SC_RS14445	NC_003888.3	2670321	2670863	+	543	4	2	0	1	3	3	40	8	41
SC_RS14450	NC_003888.3	2670982	2671614	+	633	4	4	4	37	26	27	69	25	66
SC_RS14455	NC_003888.3	2671552	2671941	-	390	14	16	16	290	186	197	122	108	104
SC_RS14460	NC_003888.3	2672049	2672984	+	936	3	1	6	53	41	97	63	15	52
SC_RS14465	NC_003888.3	2673003	2673713	+	711	58	65	99	78	92	125	77	30	47
SC_RS14470	NC_003888.3	2673716	2675029	+	1314	116	116	137	142	124	163	149	61	109
SC_RS14475	NC_003888.3	2675087	2675869	-	783	156	128	168	14	19	7	52	18	69
SC_RS14480	NC_003888.3	2676046	2677278	+	1233	18	18	23	8	18	8	77	18	59
SC_RS14485	NC_003888.3	2677278	2679893	+	2616	6	11	8	16	19	6	155	28	99
SC_RS14490	NC_003888.3	2679890	2680291	+	402	1	0	0	1	1	4	21	4	17
SC_RS14495	NC_003888.3	2680340	2680924	+	585	98	98	129	134	84	109	112	112	110
SC_RS14500	NC_003888.3	2681005	2681772	+	768	43	40	49	62	65	48	79	44	68
SC_RS14505	NC_003888.3	2681817	2682749	-	933	475	444	633	153	94	98	497	389	521
SC_RS14510	NC_003888.3	2682933	2683406	+	474	8	2	5	133	145	116	536	647	494
SC_RS14515	NC_003888.3	2683469	2684677	-	1209	65	65	96	51	54	38	157	65	113
SC_RS14520	NC_003888.3	2684904	2687633	-	2730	48	41	48	150	141	132	291	157	234
SC_RS14525	NC_003888.3	2688116	2689894	+	1779	22	18	27	31	19	32	201	127	172
SC_RS14530	NC_003888.3	2690016	2690456	+	441	55	43	46	59	49	48	74	55	71
SC_RS14535	NC_003888.3	2690476	2691696	-	1221	324	282	411	183	161	205	177	105	138
SC_RS14540	NC_003888.3	2691805	2693250	+	1446	557	507	793	80	73	93	152	93	148
SC_RS14545	NC_003888.3	2693290	2697708	-	4419	128	116	151	109	82	125	284	121	263
SC_RS14550	NC_003888.3	2697718	2698566	-	849	38	36	51	42	38	52	67	35	72
SC_RS14555	NC_003888.3	2698679	2699575	-	897	107	128	164	287	263	301	253	206	171
SC_RS14560	NC_003888.3	2699686	2701119	+	1434	0	8	10	2	3	4	97	16	86
SC_RS14565	NC_003888.3	2701242	2702318	+	1077	13	12	15	7	1	5	87	20	54
SC_RS14570	NC_003888.3	2702461	2703843	-	1383	3839	3794	4805	1324	1155	1361	1081	903	773
SC_RS14575	NC_003888.3	2704004	2704990	+	987	345	289	437	31	31	39	221	87	100
SC_RS14580	NC_003888.3	2705052	2705822	+	771	259	226	322	48	65	74	150	82	122
SC_RS14585	NC_003888.3	2705836	2706738	+	903	148	129	192	51	36	41	133	63	87
SC_RS14590	NC_003888.3	2706801	2707220	+	420	361	307	480	411	413	439	243	203	212
SC_RS14595	NC_003888.3	2707331	2708164	-	834	656	614	890	399	403	454	369	346	283
SC_RS14600	NC_003888.3	2708177	2708923	-	747	276	281	345	188	202	249	185	195	176
SC_RS14605	NC_003888.3	2708946	2709167	-	222	1	1	1	0	5	0	23	6	13
SC_RS14610	NC_003888.3	2709164	2709370	-	207	0	0	2	1	7	4	27	14	22
SC_RS14615	NC_003888.3	2709485	2710318	+	834	4	1	11	457	598	235	742	556	542
SC_RS14620	NC_003888.3	2710300	2710590	+	291	103	98	138	211	240	164	194	190	172
SC_RS14625	NC_003888.3	2710619	2711158	+	540	103	92	112	88	79	67	102	71	84
SC_RS14630	NC_003888.3	2711253	2712752	+	1500	18	12	21	87	61	41	211	102	193
SC_RS14635	NC_003888.3	2712740	2713435	-	696	55	42	56	586	537	522	1522	1564	1339
SC_RS14640	NC_003888.3	2713432	2714709	-	1278	89	61	82	915	768	819	2534	2567	2245
SC_RS14645	NC_003888.3	2714777	2716855	-	2079	41	35	50	4958	4259	3964	17226	16688	15025
SC_RS14650	NC_003888.3	2717003	2718136	-	1134	25	16	13	445	419	473	1195	1265	1030
SC_RS14655	NC_003888.3	2718235	2719215	-	981	9	8	10	81	52	104	303	249	251
SC_RS14660	NC_003888.3	2719217	2720182	-	966	17	17	17	98	84	124	325	261	246
SC_RS14665	NC_003888.3	2720179	2721096	-	918	18	14	34	116	117	172	363	299	299
SC_RS14670	NC_003888.3	2721099	2722943	-	1845	64	69	84	506	399	530	1498	1320	1223
SC_RS14675	NC_003888.3	2723027	2723800	-	774	74	65	114	322	352	422	932	752	799
SC_RS14680	NC_003888.3	2724049	2724603	+	555	1	4	2	312	329	298	1048	983	850
SC_RS14685	NC_003888.3	2724600	2725295	-	696	17	18	14	140	81	84	330	165	285
SC_RS14690	NC_003888.3	2725480	2727201	-	1722	417	397	479	6667	2708	3051	534	350	334
SC_RS14695	NC_003888.3	2727564	2728634	+	1071	1	3	2	629	631	694	594	544	459
SC_RS14700	NC_003888.3	2728656	2728922	+	267	7	9	9	233	244	176	211	161	136
SC_RS14705	NC_003888.3	2728980	2730326	+	1347	23	24	35	246	205	204	268	179	246
SC_RS14710	NC_003888.3	2730432	2731511	+	1080	2200	2073	2718	1394	1218	1608	1328	1307	1110
SC_RS14715	NC_003888.3	2731524	2732021	+	498	1266	1178	1524	533	511	618	451	486	428
SC_RS14720	NC_003888.3	2732018	2733322	+	1305	1338	1287	1592	765	694	828	569	580	498
SC_RS14725	NC_003888.3	2733319	2733693	+	375	211	183	227	116	91	83	100	78	87
SC_RS14730	NC_003888.3	2733655	2735148	-	1494	51	38	55	19	12	15	108	23	104
SC_RS14735	NC_003888.3	2735252	2736145	+	894	113	83	171	200	138	190	177	176	184
SC_RS14740	NC_003888.3	2736184	2736540	+	357	193	200	302	184	198	235	175	167	151
SC_RS14745	NC_003888.3	2736606	2737559	+	954	1732	1567	2166	387	437	524	429	305	302
SC_RS14750	NC_003888.3	2737582	2738718	-	1137	193	140	192	111	80	102	127	86	131
SC_RS14755	NC_003888.3	2738852	2740222	-	1371	5	4	6	3	2	1	92	23	62
SC_RS14760	NC_003888.3	2740287	2741582	-	1296	4	2	5	0	4	1	92	13	74
SC_RS14765	NC_003888.3	2741579	2742547	-	969	1	5	5	1	2	3	70	13	49
SC_RS14770	NC_003888.3	2742662	2743459	+	798	74	79	89	65	60	76	111	67	102
SC_RS14775	NC_003888.3	2743633	2744982	+	1350	72	58	86	29	22	13	116	46	94
SC_RS14780	NC_003888.3	2745002	2746000	-	999	412	372	502	35	38	54	78	55	57
SC_RS14785	NC_003888.3	2746021	2746926	-	906	245	237	301	141	162	181	107	55	87
SC_RS14790	NC_003888.3	2746955	2747308	-	354	675	593	796	474	420	514	302	194	209
SC_RS14795	NC_003888.3	2747664	2750867	-	3204	551	572	748	3351	2843	3872	1580	1525	1308
SC_RS14800	NC_003888.3	2750935	2751423	-	489	19	19	40	522	412	461	999	960	954
SC_RS14805	NC_003888.3	2751523	2751900	+	378	35	23	30	29	17	23	67	23	64
SC_RS14810	NC_003888.3	2751941	2752690	-	750	410	393	553	104	110	132	131	100	103
SC_RS14815	NC_003888.3	2752687	2753781	-	1095	1095	1016	1331	221	175	256	225	170	177
SC_RS14820	NC_003888.3	2753870	2755006	-	1137	1987	1836	2469	867	764	1054	551	638	479
SC_RS14825	NC_003888.3	2755007	2756023	-	1017	2662	2287	3276	1108	901	1199	953	1037	792
SC_RS14830	NC_003888.3	2756208	2756951	+	744	60	74	97	45	30	35	75	32	67
SC_RS14835	NC_003888.3	2756986	2757810	+	825	290	239	334	103	94	103	128	98	126
SC_RS14840	NC_003888.3	2757788	2758378	-	591	141	123	170	164	160	177	208	179	165
SC_RS14845	NC_003888.3	2758482	2759714	-	1233	263	246	310	189	156	197	246	161	207
SC_RS14850	NC_003888.3	2759799	2762177	-	2379	31	34	33	2011	1650	1806	2023	1846	1620
SC_RS14855	NC_003888.3	2762403	2764280	-	1878	240	239	265	123	108	137	246	104	209
SC_RS14860	NC_003888.3	2764588	2766456	-	1869	2748	2540	3491	920	881	1168	886	755	631
SC_RS14865	NC_003888.3	2766694	2766960	+	267	5957	5882	7596	1304	1441	1497	2249	1909	1549
SC_RS14870	NC_003888.3	2767268	2768257	-	990	1459	1351	1953	381	293	355	319	326	324
SC_RS14875	NC_003888.3	2768323	2768568	-	246	67	61	69	35	20	30	32	19	27
SC_RS14880	NC_003888.3	2768600	2769481	-	882	236	229	329	31	31	34	81	11	71
SC_RS14885	NC_003888.3	2769878	2772445	-	2568	21	4	12	6	10	16	138	37	111
SC_RS14890	NC_003888.3	2772442	2773509	-	1068	71	61	97	23	9	14	65	22	54
SC_RS14895	NC_003888.3	2773654	2774499	-	846	129	145	160	83	76	86	155	112	108
SC_RS14900	NC_003888.3	2774591	2775367	-	777	235	218	258	253	230	315	312	326	297
SC_RS14905	NC_003888.3	2775536	2778436	-	2901	2462	2325	2996	1765	840	1753	758	527	513
SC_RS14910	NC_003888.3	2778973	2780259	+	1287	34	30	45	566	472	658	469	439	447
SC_RS14915	NC_003888.3	2780256	2781866	+	1611	94	49	79	1047	903	1049	902	916	835
SC_RS14920	NC_003888.3	2781922	2781994	-	73	2	7	2	1	0	1	5	2	12
SC_RS14925	NC_003888.3	2782151	2782384	-	234	389	330	433	305	218	326	286	307	216
SC_RS14930	NC_003888.3	2782763	2782835	-	73	23	18	18	3	2	7	13	8	16
SC_RS14935	NC_003888.3	2782944	2783615	-	672	1520	1437	1899	330	383	438	253	257	252
SC_RS14940	NC_003888.3	2783612	2784058	-	447	1084	1086	1386	280	300	421	301	307	225
SC_RS14945	NC_003888.3	2784151	2785929	-	1779	895	900	1158	483	449	605	473	370	371
SC_RS14950	NC_003888.3	2785946	2786662	-	717	574	480	695	179	136	206	178	116	116
SC_RS14955	NC_003888.3	2786722	2786889	-	168	168	189	239	100	74	99	101	66	71
SC_RS14960	NC_003888.3	2786987	2787148	-	162	121	109	130	91	77	65	104	66	90
SC_RS14965	NC_003888.3	2787290	2788498	+	1209	1554	1439	1723	1273	1096	1175	1528	1502	1455
SC_RS14970	NC_003888.3	2788512	2789582	-	1071	105	80	110	131	92	94	471	462	425
SC_RS14975	NC_003888.3	2789669	2790238	-	570	299	267	344	1090	1003	1102	1619	1744	1554
SC_RS14980	NC_003888.3	2790362	2791648	-	1287	222	218	321	328	354	403	283	150	189
SC_RS14985	NC_003888.3	2791720	2792250	-	531	27	39	44	366	342	435	468	423	431
SC_RS14990	NC_003888.3	2792386	2793510	-	1125	415	359	457	244	230	257	256	191	180
SC_RS14995	NC_003888.3	2794753	2796912	+	2160	15	9	16	10	6	7	175	57	166
SC_RS15000	NC_003888.3	2797141	2799372	+	2232	164	147	221	177	146	217	288	137	218
SC_RS15005	NC_003888.3	2799396	2802989	+	3594	624	557	734	671	604	756	555	411	456
SC_RS15010	NC_003888.3	2803160	2804890	+	1731	3831	3704	4739	554	596	760	1011	898	915
SC_RS15015	NC_003888.3	2804967	2807795	-	2829	6914	6518	8566	455	468	567	1058	1053	989
SC_RS15020	NC_003888.3	2807802	2808791	-	990	2351	1954	2740	109	136	143	346	321	337
SC_RS15025	NC_003888.3	2808791	2810599	-	1809	2349	2288	2894	146	191	205	529	526	530
SC_RS15030	NC_003888.3	2810811	2812247	-	1437	1371	1304	1651	337	345	506	315	281	279
SC_RS15035	NC_003888.3	2812358	2812612	-	255	3755	3850	4783	1184	1536	1799	1707	1871	1126
SC_RS15040	NC_003888.3	2812627	2812947	-	321	10279	9922	12856	2675	2806	3249	3343	3337	2378
SC_RS15045	NC_003888.3	2813146	2814207	-	1062	209	208	255	40	34	58	165	117	139
SC_RS15050	NC_003888.3	2814360	2816684	-	2325	5885	5280	7244	1229	1350	1752	2026	2026	1791
SC_RS15055	NC_003888.3	2818657	2819433	-	777	3477	3146	4140	887	894	1161	1078	1122	1009
SC_RS15060	NC_003888.3	2819482	2820558	-	1077	291	277	340	68	71	41	220	164	210
SC_RS15065	NC_003888.3	2820608	2822731	-	2124	389	391	462	312	272	295	344	275	271
SC_RS15070	NC_003888.3	2822937	2823083	+	147	0	0	2	0	0	3	33	3	18
SC_RS15075	NC_003888.3	2823266	2823451	-	186	7	9	5	1	2	1	27	6	23
SC_RS15080	NC_003888.3	2823656	2825212	+	1557	53	41	63	66	50	62	144	59	138
SC_RS15085	NC_003888.3	2825348	2826283	-	936	251	244	313	130	111	126	208	118	141
SC_RS15090	NC_003888.3	2826447	2827148	+	702	69	71	95	22	21	23	91	24	74
SC_RS15095	NC_003888.3	2827188	2827373	-	186	133	112	182	53	56	33	58	42	51
SC_RS15100	NC_003888.3	2827396	2829345	-	1950	1092	1002	1327	366	349	465	398	298	314
SC_RS15105	NC_003888.3	2829460	2830656	-	1197	194	209	213	175	179	193	212	152	202
SC_RS15110	NC_003888.3	2830653	2832962	-	2310	676	613	744	567	468	594	691	455	494
SC_RS15115	NC_003888.3	2833015	2833686	-	672	101	84	101	53	48	72	92	46	58
SC_RS15120	NC_003888.3	2833700	2834725	-	1026	496	443	542	203	216	225	237	175	175
SC_RS15125	NC_003888.3	2834908	2835927	-	1020	2525	2405	3103	1020	984	1119	995	918	767
SC_RS15130	NC_003888.3	2836247	2836660	-	414	721	714	900	166	180	149	158	154	109
SC_RS15135	NC_003888.3	2836785	2837141	-	357	449	484	585	168	161	129	209	136	144
SC_RS15140	NC_003888.3	2837148	2838671	-	1524	2381	2334	3056	1047	844	1153	892	975	818
SC_RS15145	NC_003888.3	2838957	2841581	-	2625	5975	5869	7443	2264	1867	2406	1594	1477	1350
SC_RS15150	NC_003888.3	2841719	2842726	+	1008	3955	3711	4988	929	867	896	791	1067	866
SC_RS15155	NC_003888.3	2842798	2844084	-	1287	3184	3123	3883	2208	2031	2786	2283	2504	2181
SC_RS15160	NC_003888.3	2844276	2844986	-	711	2874	3047	3312	3513	3271	4391	3559	3520	2612
SC_RS15165	NC_003888.3	2845037	2845642	-	606	4425	4525	5600	5212	4214	6495	4700	5192	3870
SC_RS15170	NC_003888.3	2846000	2847406	-	1407	20214	18323	25478	7363	7284	7957	4352	4393	3163
SC_RS15175	NC_003888.3	2847576	2847652	-	77	59	39	57	23	22	16	36	22	26
SC_RS15180	NC_003888.3	2847816	2847886	+	71	82	83	103	25	16	27	58	63	57
SC_RS15185	NC_003888.3	2847983	2848177	-	195	440	391	529	635	538	573	1978	1919	1680
SC_RS15190	NC_003888.3	2848812	2849981	+	1170	104	56	118	75	86	88	134	38	97
SC_RS15195	NC_003888.3	2849992	2850486	-	495	113	82	136	57	74	55	99	64	91
SC_RS15200	NC_003888.3	2850510	2851697	-	1188	324	317	394	490	419	540	561	456	421
SC_RS15205	NC_003888.3	2851911	2853152	+	1242	171	135	212	162	143	136	159	104	158
SC_RS15210	NC_003888.3	2853163	2854005	-	843	132	142	158	80	88	107	95	56	101
SC_RS15215	NC_003888.3	2854112	2854597	-	486	938	943	1186	1159	1333	1455	527	527	378
SC_RS15220	NC_003888.3	2854806	2856250	+	1445	164	194	190	102	79	85	112	26	88
SC_RS15225	NC_003888.3	2856329	2856910	-	582	529	604	694	184	169	191	143	83	101
SC_RS15230	NC_003888.3	2857300	2858685	+	1386	138	142	161	16	13	8	113	16	92
SC_RS15235	NC_003888.3	2858981	2859937	+	957	1	10	8	3	0	2	40	4	32
SC_RS15240	NC_003888.3	2860089	2860730	+	642	9061	9354	11770	25554	26303	28631	10854	10820	8690
SC_RS15245	NC_003888.3	2860846	2861484	-	639	218	235	243	1819	1688	2487	965	905	642
SC_RS15250	NC_003888.3	2861630	2864203	+	2574	2408	2320	2937	1257	1086	1499	791	648	635
SC_RS15255	NC_003888.3	2864527	2865597	+	1071	126	112	130	49	42	42	992	1264	1344
SC_RS15260	NC_003888.3	2865913	2869209	+	3297	1181	1174	1373	2175	1758	3010	832	845	926
SC_RS15265	NC_003888.3	2869281	2870030	-	750	61	41	67	19	15	10	67	14	38
SC_RS15270	NC_003888.3	2870032	2870568	-	537	72	59	81	11	22	16	45	29	30
SC_RS15275	NC_003888.3	2870836	2871858	+	1023	1258	1254	1588	917	920	969	621	547	395
SC_RS15280	NC_003888.3	2871981	2873168	+	1188	154	142	215	1629	1409	1705	578	517	554
SC_RS15285	NC_003888.3	2873181	2873657	-	477	10	5	6	25	22	13	37	17	50
SC_RS15290	NC_003888.3	2873770	2876343	+	2574	6090	5851	7411	4076	3796	4688	2671	2774	2251
SC_RS15295	NC_003888.3	2876450	2877352	-	903	116	92	102	39	24	24	81	50	90
SC_RS15300	NC_003888.3	2877382	2878338	-	957	17	18	23	26	29	22	96	14	57
SC_RS15305	NC_003888.3	2878372	2879334	-	963	22	25	24	7	2	7	63	27	74
SC_RS15310	NC_003888.3	2879447	2879965	+	519	144	118	156	34	37	27	98	51	85
SC_RS15315	NC_003888.3	2880082	2880369	-	288	1040	1023	1329	978	875	1037	858	1016	655
SC_RS15320	NC_003888.3	2880455	2882590	-	2136	169	164	213	76	62	94	313	186	248
SC_RS15325	NC_003888.3	2882600	2882911	-	312	91	76	112	30	19	44	130	86	82
SC_RS15330	NC_003888.3	2883219	2883956	-	738	39	49	52	152	93	107	113	34	79
SC_RS15335	NC_003888.3	2884084	2884518	+	435	328	334	427	108	108	100	116	89	88
SC_RS15340	NC_003888.3	2884761	2885426	+	666	4	12	9	6	3	6	37	10	41
SC_RS15345	NC_003888.3	2885483	2886067	+	585	39	35	42	61	44	38	114	49	80
SC_RS15350	NC_003888.3	2886105	2886641	-	537	208	230	222	1989	1706	1947	2303	2494	2058
SC_RS15355	NC_003888.3	2886898	2888085	+	1188	270	249	350	472	453	490	325	227	237
SC_RS15360	NC_003888.3	2888309	2889526	+	1218	158	169	191	39	37	56	119	68	104
SC_RS15365	NC_003888.3	2889601	2890938	+	1338	21	19	15	1	4	3	77	13	69
SC_RS15370	NC_003888.3	2890945	2891889	+	945	10	8	14	1	2	2	64	11	71
SC_RS15375	NC_003888.3	2891886	2892797	+	912	5	5	16	7	11	16	38	11	56
SC_RS15380	NC_003888.3	2892805	2894070	+	1266	117	88	147	79	57	89	135	66	102
SC_RS15385	NC_003888.3	2894061	2895032	+	972	79	65	99	58	49	66	97	51	78
SC_RS15390	NC_003888.3	2895187	2896551	+	1365	992	903	1080	694	596	681	906	879	819
SC_RS15395	NC_003888.3	2896634	2897692	+	1059	399	320	452	614	490	641	643	662	569
SC_RS15400	NC_003888.3	2897763	2899097	+	1335	459	397	503	407	276	391	459	449	469
SC_RS15405	NC_003888.3	2899220	2899537	-	318	23	21	19	21	11	14	50	20	51
SC_RS15410	NC_003888.3	2899581	2901884	+	2304	827	679	903	872	726	909	1088	1055	1026
SC_RS15415	NC_003888.3	2901888	2903336	+	1449	850	720	946	568	469	544	690	629	569
SC_RS15420	NC_003888.3	2903451	2904797	+	1347	271	258	307	245	253	312	626	621	586
SC_RS15425	NC_003888.3	2904844	2906658	+	1815	3379	3284	4234	2082	1633	1965	1981	1881	1684
SC_RS15430	NC_003888.3	2906677	2907651	-	975	187	151	195	206	143	183	336	316	345
SC_RS15435	NC_003888.3	2907738	2908151	+	414	247	223	310	372	377	376	505	507	376
SC_RS15440	NC_003888.3	2908387	2911707	+	3321	828	714	964	235	162	207	437	321	373
SC_RS15445	NC_003888.3	2911847	2914579	+	2733	313	297	356	120	75	113	287	214	281
SC_RS15450	NC_003888.3	2914632	2915591	+	960	105	70	123	38	20	27	91	48	79
SC_RS15455	NC_003888.3	2915616	2916338	-	723	1052	937	1212	348	301	361	292	253	286
SC_RS15460	NC_003888.3	2916335	2916745	-	411	973	916	1092	835	706	818	450	477	367
SC_RS15465	NC_003888.3	2916748	2918412	-	1665	4537	4360	5750	3948	3626	4295	2336	2379	1833
SC_RS15470	NC_003888.3	2918653	2919168	+	516	12	11	10	13	17	13	57	20	49
SC_RS15475	NC_003888.3	2919307	2919672	-	366	64	51	68	39	33	32	78	29	62
SC_RS15480	NC_003888.3	2920040	2920627	+	588	9	15	8	110	95	95	176	132	141
SC_RS15485	NC_003888.3	2920569	2922815	+	2247	35	29	62	41	30	42	183	41	139
SC_RS15490	NC_003888.3	2922880	2924292	-	1413	1212	1046	1328	269	224	280	214	108	162
SC_RS15495	NC_003888.3	2924515	2924985	-	471	13	12	15	8	8	6	46	15	34
SC_RS15500	NC_003888.3	2925258	2927738	-	2481	17	14	14	15	7	18	181	63	141
SC_RS15505	NC_003888.3	2927742	2929349	-	1608	6	4	6	3	1	5	116	23	80
SC_RS15510	NC_003888.3	2929681	2929753	+	73	187	190	222	56	40	37	66	58	49
SC_RS15515	NC_003888.3	2929823	2930719	-	897	58	58	76	43	21	35	97	36	85
SC_RS15520	NC_003888.3	2930984	2931145	+	162	0	1	0	1	0	1	6	1	12
SC_RS15525	NC_003888.3	2931148	2931792	+	645	2	1	0	6	3	2	21	10	18
SC_RS15530	NC_003888.3	2931848	2932993	+	1146	9	11	4	5	5	8	80	23	70
SC_RS15535	NC_003888.3	2932990	2934117	+	1128	3	3	7	1	1	3	73	21	50
SC_RS15540	NC_003888.3	2934114	2935478	+	1365	9	4	14	5	5	5	94	21	75
SC_RS15545	NC_003888.3	2935475	2936632	+	1158	11	5	15	2	1	2	65	27	50
SC_RS15550	NC_003888.3	2936812	2938692	+	1881	12	7	7	11	1	11	113	34	129
SC_RS15555	NC_003888.3	2938689	2939690	+	1002	2	2	4	2	7	4	75	10	63
SC_RS15560	NC_003888.3	2939719	2940261	+	543	4	6	4	1	0	2	45	6	25
SC_RS15565	NC_003888.3	2940382	2941152	+	771	143	171	206	82	50	65	1405	1231	1031
SC_RS15570	NC_003888.3	2941209	2942201	+	993	131	142	158	61	53	55	295	230	211
SC_RS15575	NC_003888.3	2942208	2942786	-	579	124	113	126	79	84	58	114	106	89
SC_RS15580	NC_003888.3	2943092	2943364	+	273	3	6	1	299	320	299	443	494	370
SC_RS15585	NC_003888.3	2943456	2944322	-	867	1	3	1	59	50	71	91	45	56
SC_RS15590	NC_003888.3	2944306	2944875	-	570	2	0	1	71	41	56	73	37	56
SC_RS15595	NC_003888.3	2944995	2945510	-	516	1	2	0	19	19	10	28	24	26
SC_RS15600	NC_003888.3	2945615	2945917	-	303	0	2	0	15	27	30	35	14	38
SC_RS15605	NC_003888.3	2946094	2946828	-	735	1	1	4	9	11	12	57	14	52
SC_RS15610	NC_003888.3	2947104	2947343	-	240	5	6	7	376	384	475	162	155	130
SC_RS15615	NC_003888.3	2947584	2948894	+	1311	4	2	5	7	1	0	83	11	73
SC_RS15620	NC_003888.3	2948891	2950345	+	1455	2	1	5	2	2	1	90	14	91
SC_RS15625	NC_003888.3	2950351	2951667	+	1317	6	2	5	2	1	6	91	24	73
SC_RS15630	NC_003888.3	2951811	2953604	+	1794	3	7	6	2	8	2	102	27	57
SC_RS15635	NC_003888.3	2953648	2954337	+	690	0	0	0	0	3	1	41	8	21
SC_RS15640	NC_003888.3	2954348	2955550	+	1203	5	0	0	3	4	3	71	14	56
SC_RS15645	NC_003888.3	2955547	2956266	+	720	0	0	2	2	1	2	34	3	39
SC_RS15650	NC_003888.3	2956263	2957411	+	1149	3	6	6	7	6	2	49	17	55
SC_RS15655	NC_003888.3	2957449	2958636	-	1188	26	11	34	68	52	64	138	71	114
SC_RS15660	NC_003888.3	2958781	2960079	+	1299	6	9	6	24	24	18	107	25	62
SC_RS15665	NC_003888.3	2960170	2960952	-	783	5	0	6	30	31	34	53	18	60
SC_RS15670	NC_003888.3	2961104	2961331	-	228	3	6	5	167	132	110	206	208	141
SC_RS15675	NC_003888.3	2961619	2962014	-	396	3	1	5	89	77	118	125	110	81
SC_RS15680	NC_003888.3	2962277	2962678	+	402	20	21	33	135	117	106	81	45	46
SC_RS15685	NC_003888.3	2962767	2964695	-	1929	4	12	11	4	1	3	122	25	74
SC_RS15690	NC_003888.3	2964860	2966458	-	1599	94	82	118	41	38	40	213	123	192
SC_RS15695	NC_003888.3	2966690	2967589	-	900	117	128	161	122	129	148	589	426	462
SC_RS15700	NC_003888.3	2967586	2970237	-	2652	533	497	587	335	332	462	1650	1563	1395
SC_RS15705	NC_003888.3	2970454	2971884	-	1431	84	71	71	9	6	5	131	25	103
SC_RS15710	NC_003888.3	2972229	2973086	+	858	1176	1104	1470	716	753	781	737	703	679
SC_RS15715	NC_003888.3	2973144	2974646	-	1503	114	135	149	474	419	420	648	543	584
SC_RS15720	NC_003888.3	2974661	2974783	-	123	15	12	10	24	33	25	42	6	26
SC_RS15725	NC_003888.3	2975426	2975617	+	192	3	1	2	0	3	2	17	12	15
SC_RS15730	NC_003888.3	2975713	2976312	+	600	27	28	30	21	12	20	50	28	57
SC_RS15735	NC_003888.3	2976388	2976630	+	243	111	114	172	65	61	77	65	62	56
SC_RS15740	NC_003888.3	2976666	2978948	+	2283	677	622	873	273	182	278	312	253	307
SC_RS15745	NC_003888.3	2978987	2979586	-	600	5	8	13	101	77	76	89	44	74
SC_RS15750	NC_003888.3	2979583	2980422	-	840	8	6	5	148	113	128	119	81	110
SC_RS15755	NC_003888.3	2980555	2981592	+	1038	57	57	69	83	74	90	147	74	121
SC_RS15760	NC_003888.3	2981644	2982126	+	483	96	104	133	106	68	97	108	90	88
SC_RS15765	NC_003888.3	2982769	2984058	-	1290	9256	9634	12184	9315	8077	11550	3082	3441	2655
SC_RS15770	NC_003888.3	2984296	2986557	-	2262	465	400	522	316	230	299	400	291	360
SC_RS15775	NC_003888.3	2986705	2986902	-	198	2	2	4	1	3	2	15	3	10
SC_RS15780	NC_003888.3	2986899	2987087	-	189	0	2	3	4	2	2	21	13	11
SC_RS15785	NC_003888.3	2987189	2987528	+	340	14	10	12	3	2	1	30	9	44
SC_RS15790	NC_003888.3	2987658	2988134	+	477	37	25	29	42	42	47	86	54	73
SC_RS15795	NC_003888.3	2988198	2989145	-	948	23	22	26	32	25	29	102	30	90
SC_RS15800	NC_003888.3	2989276	2989761	+	486	5	10	9	14	8	7	42	26	40
SC_RS15805	NC_003888.3	2989772	2990122	-	351	0	0	0	1	1	0	15	6	18
SC_RS15810	NC_003888.3	2990408	2991451	+	1044	37	65	40	11	7	24	110	54	100
SC_RS15815	NC_003888.3	2991448	2993001	+	1554	148	176	132	60	31	45	145	42	105
SC_RS15820	NC_003888.3	2992991	2994946	+	1956	131	193	155	54	37	61	144	72	136
SC_RS15825	NC_003888.3	2994994	2995914	+	921	98	105	113	53	31	54	103	77	66
SC_RS15830	NC_003888.3	2995911	2996300	+	390	48	63	58	16	20	15	29	23	44
SC_RS15835	NC_003888.3	2996489	2997352	-	864	46	33	44	13	13	9	58	25	43
SC_RS15840	NC_003888.3	2997349	2998515	-	1167	36	46	39	9	3	20	63	17	59
SC_RS15845	NC_003888.3	2998512	2999663	-	1152	53	64	74	29	11	25	88	39	65
SC_RS15850	NC_003888.3	2999879	3000925	+	1047	212	181	272	103	103	112	153	87	112
SC_RS15855	NC_003888.3	3001131	3001931	+	801	171	154	193	101	72	87	101	51	106
SC_RS15860	NC_003888.3	3001915	3002577	-	663	64	61	61	32	19	27	68	25	46
SC_RS15865	NC_003888.3	3002574	3003509	-	936	3	4	10	6	3	4	60	15	66
SC_RS15870	NC_003888.3	3003658	3004599	+	942	99	106	132	52	47	50	111	48	129
SC_RS15875	NC_003888.3	3004794	3006641	+	1848	37	39	38	292	234	330	480	397	442
SC_RS15880	NC_003888.3	3006815	3008032	-	1218	3	1	4	8	2	6	17	4	15
SC_RS15885	NC_003888.3	3008299	3008949	+	651	21	20	29	13	9	10	83	31	53
SC_RS15890	NC_003888.3	3008987	3010411	-	1425	795	798	986	1691	1503	1717	2423	2219	1859
SC_RS15895	NC_003888.3	3010475	3010867	-	393	37	18	35	13	10	15	31	15	32
SC_RS15900	NC_003888.3	3010977	3014708	-	3732	510	390	677	2088	1594	2529	1438	1387	1176
SC_RS15905	NC_003888.3	3014808	3015806	-	999	4	6	10	1277	1275	1464	324	254	225
SC_RS15910	NC_003888.3	3015897	3016268	+	372	7	5	10	87	62	67	204	143	153
SC_RS15915	NC_003888.3	3016395	3017255	+	861	1	3	5	346	258	227	284	212	203
SC_RS15920	NC_003888.3	3017260	3019491	-	2232	131	141	153	397	342	393	554	587	463
SC_RS15925	NC_003888.3	3019488	3019907	-	420	272	224	328	343	357	342	717	704	730
SC_RS15930	NC_003888.3	3019967	3021661	-	1695	624	613	698	103	105	133	176	125	142
SC_RS15935	NC_003888.3	3021658	3022626	-	969	636	658	785	169	178	231	210	141	146
SC_RS15940	NC_003888.3	3022836	3023624	+	789	353	354	457	239	233	272	284	301	312
SC_RS15945	NC_003888.3	3023634	3024614	-	981	77	88	92	42	31	39	101	34	80
SC_RS15950	NC_003888.3	3024620	3025492	-	873	270	318	302	23	18	33	135	88	128
SC_RS15955	NC_003888.3	3025503	3026660	-	1158	1854	2124	2335	162	162	154	550	558	576
SC_RS15960	NC_003888.3	3026790	3027416	-	627	134	106	184	40	34	49	111	70	90
SC_RS15965	NC_003888.3	3027514	3029130	+	1617	459	412	601	51	32	40	429	448	527
SC_RS15970	NC_003888.3	3029169	3031109	+	1941	373	351	493	45	36	56	454	432	477
SC_RS15975	NC_003888.3	3031106	3032059	+	954	102	91	107	3	12	24	168	178	174
SC_RS15980	NC_003888.3	3032065	3033225	+	1161	146	111	143	29	18	37	231	227	264
SC_RS15985	NC_003888.3	3033355	3034404	+	1050	596	440	829	1149	1030	1144	1203	896	736
SC_RS15990	NC_003888.3	3034632	3035477	+	846	195	124	246	215	186	201	264	192	171
SC_RS15995	NC_003888.3	3035641	3037083	+	1443	39	33	51	5602	5489	3197	1229	701	707
SC_RS16000	NC_003888.3	3037067	3038347	+	1281	92	59	132	7865	7981	4537	2513	1966	1544
SC_RS16005	NC_003888.3	3038344	3038898	+	555	31	22	52	2061	2052	1125	737	711	443
SC_RS16010	NC_003888.3	3038895	3040682	+	1788	189	122	248	14705	15330	7524	4578	4036	3145
SC_RS16015	NC_003888.3	3040752	3042359	-	1608	46	29	56	198	183	157	467	405	401
SC_RS16020	NC_003888.3	3042474	3043370	+	897	208	188	253	148	156	126	132	94	112
SC_RS16025	NC_003888.3	3043459	3043716	+	258	208	117	219	23	29	35	36	27	34
SC_RS16030	NC_003888.3	3043786	3045603	+	1818	1355	1011	1541	120	122	132	269	203	201
SC_RS16035	NC_003888.3	3045619	3046146	-	528	292	292	342	68	70	91	664	589	547
SC_RS16040	NC_003888.3	3046449	3046748	+	300	86	63	67	7	9	5	52	13	50
SC_RS16045	NC_003888.3	3047135	3048331	+	1197	2690	2782	3347	2948	2783	3355	1998	2032	1826
SC_RS16050	NC_003888.3	3048673	3049275	+	603	826	871	1110	380	364	466	283	290	248
SC_RS16055	NC_003888.3	3049397	3049469	+	73	28	32	22	21	20	16	7	4	15
SC_RS16060	NC_003888.3	3049837	3050892	-	1056	643	604	744	355	332	322	278	259	244
SC_RS16065	NC_003888.3	3051258	3052583	+	1326	357	370	442	46	57	66	374	279	301
SC_RS16070	NC_003888.3	3052589	3053602	+	1014	103	125	139	22	13	18	110	79	100
SC_RS16075	NC_003888.3	3053615	3054526	+	912	75	75	118	12	15	20	93	54	92
SC_RS16080	NC_003888.3	3054670	3056109	+	1440	63	70	71	7	6	10	86	40	81
SC_RS16085	NC_003888.3	3056184	3057653	-	1470	32	37	34	9	6	10	119	22	82
SC_RS16090	NC_003888.3	3057814	3059226	-	1413	82	67	79	181	115	143	180	119	194
SC_RS16095	NC_003888.3	3059223	3059927	-	705	33	35	44	63	81	81	111	67	87
SC_RS16100	NC_003888.3	3060047	3060619	+	573	136	143	187	305	241	244	196	162	191
SC_RS16105	NC_003888.3	3060648	3061517	-	870	70	62	79	37	24	48	87	57	62
SC_RS16110	NC_003888.3	3061566	3061946	-	381	7	4	6	160	174	185	743	641	804
SC_RS16115	NC_003888.3	3062230	3063669	+	1440	47	48	58	1070	1078	1008	1513	1427	1180
SC_RS16120	NC_003888.3	3063968	3064564	-	597	276	249	301	54	64	61	95	39	80
SC_RS16125	NC_003888.3	3064780	3065769	+	990	737	641	845	201	165	194	332	270	262
SC_RS16130	NC_003888.3	3065666	3066904	+	1239	946	894	1185	147	141	146	188	139	154
SC_RS16135	NC_003888.3	3066895	3068574	+	1680	523	526	644	142	146	163	216	125	137
SC_RS16140	NC_003888.3	3068571	3069932	+	1362	416	385	479	117	104	133	205	119	154
SC_RS16145	NC_003888.3	3070230	3070556	-	327	93	103	133	69	64	65	110	64	80
SC_RS16150	NC_003888.3	3070648	3071898	+	1251	17	17	16	5	9	11	101	18	92
SC_RS16155	NC_003888.3	3071960	3072526	+	567	52	49	97	191	136	180	208	172	169
SC_RS16160	NC_003888.3	3072689	3073546	-	858	62	56	64	50	40	28	74	17	75
SC_RS16165	NC_003888.3	3073685	3074278	+	594	124	71	107	30	30	27	76	31	53
SC_RS16170	NC_003888.3	3074377	3075477	+	1101	175	167	203	315	319	429	207	142	144
SC_RS16175	NC_003888.3	3075453	3077357	-	1905	180	160	220	257	213	261	390	250	302
SC_RS16180	NC_003888.3	3077642	3078952	+	1311	25	19	27	3	2	1	96	21	97
SC_RS16185	NC_003888.3	3079125	3079198	-	74	46	55	57	13	16	12	10	9	9
SC_RS16190	NC_003888.3	3079189	3079803	-	615	130	96	124	1420	1163	1236	734	669	679
SC_RS16195	NC_003888.3	3079945	3080292	-	348	172	149	192	125	126	130	136	146	124
SC_RS16200	NC_003888.3	3080444	3082009	-	1566	4	5	3	11	2	10	119	34	88
SC_RS16205	NC_003888.3	3082430	3083161	-	732	25	29	49	2409	1960	1764	969	905	709
SC_RS16210	NC_003888.3	3083158	3084060	-	903	10	18	13	1287	951	970	360	247	210
SC_RS16215	NC_003888.3	3084248	3085231	+	984	95	83	107	76	78	94	167	87	126
SC_RS16220	NC_003888.3	3085268	3086671	+	1404	70	62	76	94	77	93	162	82	165
SC_RS16225	NC_003888.3	3086668	3087165	+	498	26	24	26	47	50	31	71	47	47
SC_RS16230	NC_003888.3	3087146	3087640	-	495	16	9	14	105	112	149	131	86	98
SC_RS16235	NC_003888.3	3087748	3088677	+	930	861	750	1042	194	155	184	162	125	116
SC_RS16240	NC_003888.3	3088674	3089375	+	702	515	446	607	89	86	114	97	64	70
SC_RS16245	NC_003888.3	3089372	3090022	+	651	642	515	655	132	130	149	85	101	104
SC_RS16250	NC_003888.3	3090012	3090797	+	786	632	507	709	221	148	219	150	139	147
SC_RS16255	NC_003888.3	3090979	3091737	+	759	195	144	194	1029	888	882	1191	1217	1047
SC_RS16260	NC_003888.3	3091827	3091900	+	74	0	1	0	0	3	0	7	2	3
SC_RS16265	NC_003888.3	3091946	3092551	-	606	4	2	1	11	6	9	39	10	40
SC_RS16270	NC_003888.3	3092672	3093823	-	1152	32	24	44	40	38	37	106	50	80
SC_RS16275	NC_003888.3	3093880	3094941	-	1062	95	63	82	91	78	81	167	101	121
SC_RS16280	NC_003888.3	3095139	3095212	+	74	6	4	2	2	1	2	21	2	18
SC_RS16285	NC_003888.3	3095506	3097467	+	1962	2015	1700	2178	1574	1273	1540	1684	1546	1350
SC_RS16290	NC_003888.3	3097464	3099401	+	1938	2857	2538	3389	2075	2229	2223	2178	1976	1677
SC_RS16295	NC_003888.3	3099502	3100527	-	1026	726	670	978	1070	995	992	876	751	720
SC_RS16300	NC_003888.3	3100609	3101196	-	588	6	5	17	156	90	95	88	50	96
SC_RS16305	NC_003888.3	3101313	3102206	+	894	42	40	51	65	51	59	106	39	92
SC_RS16310	NC_003888.3	3102196	3102936	-	741	16	10	16	12	3	6	44	6	46
SC_RS16315	NC_003888.3	3102939	3103493	-	555	123	117	139	39	51	45	66	27	48
SC_RS16320	NC_003888.3	3103597	3104376	-	780	337	357	418	253	227	255	194	135	184
SC_RS16325	NC_003888.3	3104592	3104948	-	357	17	16	24	0	0	1	28	4	31
SC_RS16330	NC_003888.3	3105013	3106233	-	1221	141	167	195	54	30	41	101	34	75
SC_RS16335	NC_003888.3	3106290	3107372	+	1083	499	526	668	73	63	95	98	42	92
SC_RS16340	NC_003888.3	3107369	3107845	+	477	190	189	201	33	19	26	21	22	26
SC_RS16345	NC_003888.3	3107953	3108825	+	873	254	241	289	651	510	802	181	161	151
SC_RS16350	NC_003888.3	3109095	3109952	-	858	56	46	83	135	145	91	195	149	169
SC_RS16355	NC_003888.3	3110120	3110833	-	714	14	15	13	0	0	3	52	5	35
SC_RS16360	NC_003888.3	3110947	3111258	-	312	123	103	142	28	25	21	30	26	34
SC_RS16365	NC_003888.3	3111340	3111885	-	546	38	46	35	23	19	23	64	24	45
SC_RS16370	NC_003888.3	3111998	3113431	+	1434	14	10	27	16	16	11	132	25	94
SC_RS16375	NC_003888.3	3113643	3114659	+	1017	177	176	227	396	410	485	263	210	186
SC_RS16380	NC_003888.3	3114765	3115223	+	459	91	56	100	119	119	115	94	61	57
SC_RS16385	NC_003888.3	3115344	3115688	-	345	122	85	123	11	12	16	46	20	36
SC_RS16390	NC_003888.3	3115703	3115960	-	258	68	59	71	25	19	27	27	10	27
SC_RS16395	NC_003888.3	3115957	3116334	-	378	120	98	153	32	35	21	55	30	45
SC_RS16400	NC_003888.3	3116521	3116931	-	411	151	129	176	342	309	332	350	278	289
SC_RS16405	NC_003888.3	3117213	3117881	+	669	14	13	25	103	132	97	91	53	64
SC_RS16410	NC_003888.3	3118032	3121199	+	3168	899	796	1030	279	197	263	420	273	312
SC_RS16415	NC_003888.3	3121230	3121844	-	615	11	14	14	14	9	8	73	20	57
SC_RS16420	NC_003888.3	3122091	3122933	+	843	150	108	175	80	73	83	120	55	87
SC_RS16425	NC_003888.3	3122937	3123143	+	207	75	82	113	95	71	101	62	57	64
SC_RS16430	NC_003888.3	3123349	3123477	+	129	82	81	114	95	79	90	66	54	62
SC_RS16435	NC_003888.3	3123679	3123906	+	228	43	43	51	50	64	47	65	62	50
SC_RS16440	NC_003888.3	3123914	3124393	+	480	45	50	62	118	94	109	104	93	80
SC_RS16445	NC_003888.3	3124417	3125262	+	846	25	19	12	23	34	21	54	19	48
SC_RS16450	NC_003888.3	3125325	3125630	+	306	3	1	2	7	10	6	18	16	15
SC_RS16455	NC_003888.3	3125634	3126614	+	981	11	10	20	35	44	51	63	53	66
SC_RS16460	NC_003888.3	3126611	3127843	+	1233	29	18	18	39	35	47	122	31	82
SC_RS16465	NC_003888.3	3127894	3128403	-	510	35	25	32	22	16	20	54	11	55
SC_RS16470	NC_003888.3	3128619	3129590	-	972	11	13	20	28	21	22	111	19	72
SC_RS16475	NC_003888.3	3129646	3130077	+	432	82	89	102	76	76	90	119	83	81
SC_RS16480	NC_003888.3	3130165	3130731	+	567	82	59	77	58	47	36	61	32	69
SC_RS16485	NC_003888.3	3130825	3131211	+	387	83	59	78	89	54	49	90	54	57
SC_RS16490	NC_003888.3	3131356	3133899	+	2544	79	58	84	7877	7664	8222	3679	3154	2438
SC_RS16495	NC_003888.3	3134618	3136273	+	1656	13	19	23	2505	2675	2993	974	796	728
SC_RS16500	NC_003888.3	3136276	3136698	+	423	7	5	12	588	507	574	308	228	197
SC_RS16505	NC_003888.3	3136695	3137048	+	354	3	1	9	303	366	371	133	146	89
SC_RS16510	NC_003888.3	3137026	3137664	+	639	9	5	6	388	474	544	248	198	190
SC_RS16515	NC_003888.3	3137661	3138893	+	1233	11	20	10	605	626	876	360	257	257
SC_RS16520	NC_003888.3	3138905	3140131	+	1227	30	24	36	2702	2783	3297	1162	1051	827
SC_RS16525	NC_003888.3	3140184	3140657	-	474	38	28	36	108	80	77	168	158	143
SC_RS16530	NC_003888.3	3140760	3141644	-	885	35	17	25	31	17	31	84	47	84
SC_RS16535	NC_003888.3	3141805	3142107	+	303	695	742	854	569	483	536	467	443	450
SC_RS16540	NC_003888.3	3142123	3142482	-	360	179	173	231	137	97	102	159	119	148
SC_RS16545	NC_003888.3	3142528	3144042	-	1515	76	81	93	52	59	44	153	70	123
SC_RS16550	NC_003888.3	3144126	3145527	-	1402	386	382	451	251	179	302	330	295	322
SC_RS16555	NC_003888.3	3145726	3147090	+	1365	1058	901	1187	883	830	761	540	537	461
SC_RS16560	NC_003888.3	3147118	3147951	-	834	267	248	290	182	149	184	215	159	157
SC_RS16565	NC_003888.3	3147985	3149034	-	1050	29	28	51	12	18	12	70	21	56
SC_RS16570	NC_003888.3	3149058	3149945	-	888	19	21	32	0	1	3	58	10	48
SC_RS16575	NC_003888.3	3149938	3150744	-	807	13	12	16	4	0	4	53	9	48
SC_RS16580	NC_003888.3	3150939	3153395	+	2457	1429	1259	1614	384	356	465	651	517	515
SC_RS16585	NC_003888.3	3153389	3153709	-	321	132	151	167	26	28	37	44	25	39
SC_RS16590	NC_003888.3	3153870	3154226	-	357	1970	1857	2537	701	698	749	599	614	539
SC_RS16595	NC_003888.3	3154250	3154582	-	333	425	402	571	341	268	374	225	252	230
SC_RS16600	NC_003888.3	3154677	3155144	+	468	385	423	545	270	307	354	240	237	195
SC_RS16605	NC_003888.3	3155187	3155273	+	87	55	53	62	10	15	12	30	15	21
SC_RS16610	NC_003888.3	3155290	3155892	-	603	342	378	455	188	218	217	228	161	149
SC_RS16615	NC_003888.3	3155939	3156343	-	405	229	194	238	52	72	69	204	194	186
SC_RS16620	NC_003888.3	3156501	3157238	-	738	407	336	410	479	444	694	303	276	202
SC_RS16625	NC_003888.3	3157315	3157548	-	234	326	333	370	132	161	156	190	156	165
SC_RS16630	NC_003888.3	3157707	3159002	+	1296	13	2	6	1	5	4	88	27	84
SC_RS16635	NC_003888.3	3159229	3160479	+	1251	461	494	536	11	8	6	135	23	105
SC_RS16640	NC_003888.3	3160574	3161326	-	753	120	105	144	339	313	505	325	278	248
SC_RS16645	NC_003888.3	3161531	3161698	+	168	27	30	48	91	74	72	113	123	139
SC_RS16650	NC_003888.3	3161747	3162697	-	951	682	579	1024	3277	3483	4633	573	459	333
SC_RS16655	NC_003888.3	3162704	3162982	-	279	356	307	526	2776	2318	3315	309	272	199
SC_RS16660	NC_003888.3	3163082	3163177	-	96	86	89	128	538	419	678	61	55	48
SC_RS16665	NC_003888.3	3163257	3163679	-	423	231	226	316	1013	816	983	198	107	116
SC_RS16670	NC_003888.3	3163847	3165274	-	1428	730	651	922	75	50	52	147	82	112
SC_RS16675	NC_003888.3	3165626	3166234	-	609	416	479	560	188	199	213	187	158	173
SC_RS16680	NC_003888.3	3166288	3166605	-	318	718	656	926	621	486	585	503	520	435
SC_RS16685	NC_003888.3	3166796	3168142	+	1347	621	655	830	278	261	297	453	335	304
SC_RS16690	NC_003888.3	3168248	3168835	+	588	203	184	300	133	92	120	195	163	199
SC_RS16695	NC_003888.3	3168848	3169192	-	345	79	100	96	765	610	624	466	418	307
SC_RS16700	NC_003888.3	3169339	3171684	-	2346	1124	1059	1427	1944	1960	2609	2465	2521	2322
SC_RS16705	NC_003888.3	3172118	3172417	+	300	33	29	29	963	751	809	1290	1199	1004
SC_RS16710	NC_003888.3	3172431	3173084	-	654	24	25	39	59	53	54	142	73	129
SC_RS16715	NC_003888.3	3173314	3174894	-	1581	358	306	361	507	475	410	482	372	430
SC_RS16720	NC_003888.3	3175140	3175568	+	429	128	132	180	136	130	135	436	355	330
SC_RS16725	NC_003888.3	3175582	3177048	-	1467	98	76	139	180	165	184	290	132	221
SC_RS16730	NC_003888.3	3177140	3178576	+	1437	18	16	21	6	14	10	108	32	79
SC_RS16735	NC_003888.3	3178620	3179765	-	1146	48	43	32	183	192	115	790	864	618
SC_RS16740	NC_003888.3	3179891	3180382	+	492	40	58	47	18	14	18	70	42	72
SC_RS16745	NC_003888.3	3180504	3181553	-	1050	8	12	14	7	7	10	74	15	79
SC_RS16750	NC_003888.3	3181757	3182404	+	648	17	11	22	16	11	14	52	25	57
SC_RS16755	NC_003888.3	3182412	3183686	+	1275	29	38	48	21	23	11	117	40	102
SC_RS16760	NC_003888.3	3183683	3184555	+	873	17	22	23	11	17	14	66	21	61
SC_RS16765	NC_003888.3	3184552	3185520	+	969	27	36	50	22	26	25	87	50	91
SC_RS16770	NC_003888.3	3185545	3186324	-	780	330	336	396	117	95	122	138	98	87
SC_RS16775	NC_003888.3	3186380	3187042	-	663	124	139	143	54	77	75	146	101	123
SC_RS16780	NC_003888.3	3187344	3189140	-	1797	582	474	658	300	290	322	235	179	209
SC_RS16785	NC_003888.3	3189296	3190747	-	1452	96	110	131	89	61	96	623	483	488
SC_RS16790	NC_003888.3	3190944	3191044	+	101	2	0	2	0	0	0	17	6	11
SC_RS16795	NC_003888.3	3191138	3192148	+	1011	142	125	176	388	314	431	129	95	115
SC_RS16800	NC_003888.3	3192115	3192819	-	705	1298	1115	1524	157	143	176	206	217	214
SC_RS16805	NC_003888.3	3192991	3195312	-	2322	878	780	1025	614	481	770	646	550	531
SC_RS16810	NC_003888.3	3195309	3197630	-	2322	2495	2397	3011	1333	1122	1414	1172	1219	1154
SC_RS16815	NC_003888.3	3197627	3198520	-	894	1054	1013	1400	517	450	532	467	434	454
SC_RS16820	NC_003888.3	3198763	3200400	-	1638	45	37	49	61	69	90	150	56	105
SC_RS16825	NC_003888.3	3200405	3201250	-	846	6	14	13	13	10	12	59	21	47
SC_RS16830	NC_003888.3	3201247	3202197	-	951	19	26	20	17	8	8	63	19	47
SC_RS16835	NC_003888.3	3202209	3203507	-	1299	71	63	78	11	18	19	110	27	79
SC_RS16840	NC_003888.3	3203751	3204035	-	285	914	783	1031	831	731	709	553	583	459
SC_RS16845	NC_003888.3	3204066	3204638	-	573	146	137	189	439	311	313	451	379	449
SC_RS16850	NC_003888.3	3204872	3206218	+	1347	1874	1821	2417	373	415	459	388	361	315
SC_RS16855	NC_003888.3	3206403	3206684	-	282	16757	16440	21613	4952	4465	4840	3540	3545	2515
SC_RS16860	NC_003888.3	3207037	3208452	-	1416	1785	1784	2276	986	1081	1247	708	654	579
SC_RS16865	NC_003888.3	3208887	3211223	-	2337	677	632	752	117	102	107	276	148	185
SC_RS16870	NC_003888.3	3211306	3212094	-	789	151	105	187	326	275	292	567	674	560
SC_RS16875	NC_003888.3	3212154	3212678	-	525	46	28	33	117	120	132	412	445	368
SC_RS16880	NC_003888.3	3212863	3213453	-	591	3	0	6	1	4	3	57	28	40
SC_RS16885	NC_003888.3	3213669	3214232	+	564	1	6	4	8	3	3	51	13	51
SC_RS16890	NC_003888.3	3215125	3216312	-	1188	640	618	860	118	85	86	87	50	85
SC_RS16895	NC_003888.3	3216421	3217779	-	1359	57	58	95	57	31	39	89	34	94
SC_RS16900	NC_003888.3	3217912	3218859	-	948	419	372	478	146	138	156	168	100	120
SC_RS16905	NC_003888.3	3218973	3220205	-	1233	366	364	372	466	350	429	417	300	355
SC_RS16910	NC_003888.3	3220316	3222520	-	2205	566	595	786	761	660	888	688	602	613
SC_RS16915	NC_003888.3	3222520	3223782	-	1263	459	407	519	569	547	643	593	524	481
SC_RS16920	NC_003888.3	3224084	3225055	-	972	40	38	48	6	8	7	109	25	76
SC_RS16925	NC_003888.3	3225139	3226434	+	1296	88	84	92	13	10	10	108	23	86
SC_RS16930	NC_003888.3	3226538	3226936	-	399	603367	563722	766063	1350352	1118273	1360930	1691030	1729149	1574151
SC_RS16935	NC_003888.3	3227050	3227529	-	480	443	435	567	243	217	294	235	249	220
SC_RS16940	NC_003888.3	3227576	3228763	-	1188	479	410	572	815	779	819	522	505	526
SC_RS16945	NC_003888.3	3228832	3229749	-	918	1553	1540	1873	590	634	697	409	377	256
SC_RS16950	NC_003888.3	3229793	3230482	-	690	1890	1974	2377	643	616	656	465	398	349
SC_RS16955	NC_003888.3	3230696	3230890	+	195	335	300	343	292	270	377	399	462	481
SC_RS16960	NC_003888.3	3231048	3231839	-	792	14935	13564	18323	15850	14351	14077	11489	12324	9655
SC_RS16965	NC_003888.3	3232165	3233271	-	1107	3138	3173	3864	2012	1933	2460	1265	1287	1021
SC_RS16970	NC_003888.3	3233349	3234602	-	1254	706	618	761	375	386	499	413	325	335
SC_RS16975	NC_003888.3	3234708	3236339	-	1632	1617	1398	1872	489	462	645	437	427	413
SC_RS16980	NC_003888.3	3236737	3240774	+	4038	3997	3824	4881	4496	3764	4373	2403	2217	2175
SC_RS16985	NC_003888.3	3240815	3241444	-	630	10	16	20	253	254	185	986	1097	947
SC_RS16990	NC_003888.3	3241649	3242731	+	1083	23	35	30	120	98	85	288	229	262
SC_RS16995	NC_003888.3	3242925	3244322	+	1398	34	22	47	328	266	287	458	420	411
SC_RS17000	NC_003888.3	3244327	3245682	+	1356	27	17	16	195	132	124	300	255	277
SC_RS17005	NC_003888.3	3245679	3246596	+	918	7	7	6	102	69	96	139	124	117
SC_RS17010	NC_003888.3	3246761	3249046	+	2286	5	1	0	4	7	16	154	42	122
SC_RS17015	NC_003888.3	3249066	3251276	+	2211	3	3	7	16	8	13	118	32	94
SC_RS17020	NC_003888.3	3251284	3253521	+	2238	2	4	6	11	12	16	144	24	106
SC_RS17025	NC_003888.3	3253518	3254849	+	1332	4	8	5	7	2	4	94	18	68
SC_RS17030	NC_003888.3	3254989	3256542	+	1554	408	374	540	424	379	444	579	522	536
SC_RS17035	NC_003888.3	3256564	3256977	-	414	210	193	298	1491	1157	1545	156	138	146
SC_RS17040	NC_003888.3	3257116	3257622	+	507	322	235	325	119	109	144	98	64	90
SC_RS17045	NC_003888.3	3257700	3258680	+	981	1132	1124	1453	1019	884	1017	526	480	416
SC_RS17050	NC_003888.3	3258693	3259130	-	438	187	176	228	150	118	110	113	78	89
SC_RS17055	NC_003888.3	3259127	3259738	-	612	196	205	303	176	179	141	113	79	87
SC_RS17060	NC_003888.3	3259735	3260529	-	795	227	260	303	196	177	223	116	99	113
SC_RS17065	NC_003888.3	3260554	3260949	-	396	255	230	292	239	197	236	143	82	106
SC_RS17070	NC_003888.3	3261065	3261601	+	537	20	16	25	125	93	101	140	112	159
SC_RS17075	NC_003888.3	3261641	3262273	-	633	341	295	438	19	29	41	102	52	96
SC_RS17080	NC_003888.3	3262446	3263402	+	957	883	894	1026	377	550	533	328	231	214
SC_RS17085	NC_003888.3	3263395	3264306	+	912	635	657	725	445	462	545	311	248	199
SC_RS17090	NC_003888.3	3264435	3266675	+	2241	133	170	193	105	110	134	195	97	167
SC_RS17095	NC_003888.3	3266672	3268393	+	1722	16	24	22	11	14	22	119	22	88
SC_RS17100	NC_003888.3	3268611	3273572	-	4962	6727	7458	7907	9794	7326	12694	8534	8681	6878
SC_RS17105	NC_003888.3	3274075	3274746	-	672	810	690	1025	143	137	137	184	183	220
SC_RS17110	NC_003888.3	3274805	3275308	-	504	235	199	259	59	42	43	68	41	64
SC_RS17115	NC_003888.3	3275599	3275841	-	243	5	3	5	0	1	2	44	6	38
SC_RS17120	NC_003888.3	3276479	3276748	+	270	8	5	14	6	4	1	35	8	23
SC_RS17125	NC_003888.3	3276877	3279720	-	2844	6248	6226	7527	5601	4960	7108	4838	4956	4199
SC_RS17130	NC_003888.3	3280002	3280577	+	576	75	51	85	22	28	37	91	36	46
SC_RS17135	NC_003888.3	3280662	3281837	+	1176	562	528	666	88	101	105	195	89	118
SC_RS17140	NC_003888.3	3281872	3282630	-	759	679	701	898	2074	1794	2111	1750	1654	1492
SC_RS17145	NC_003888.3	3282859	3283551	-	693	1842	1854	2156	3668	2930	3609	4128	4206	3688
SC_RS17150	NC_003888.3	3283865	3284812	-	948	120	104	143	78	65	64	206	101	166
SC_RS17155	NC_003888.3	3284985	3286832	-	1848	828	805	961	538	470	533	477	450	468
SC_RS17160	NC_003888.3	3286822	3288888	-	2067	2256	2188	2782	1253	1090	1372	1003	1028	939
SC_RS17165	NC_003888.3	3288890	3289579	-	690	2744	2788	3650	2472	2223	2549	1733	1851	1578
SC_RS17170	NC_003888.3	3289584	3290726	-	1143	481	498	618	584	487	556	455	416	421
SC_RS17175	NC_003888.3	3290867	3292255	+	1389	887	816	1105	278	254	303	359	266	293
SC_RS17180	NC_003888.3	3292290	3293012	+	723	274	209	324	76	88	93	129	89	107
SC_RS17185	NC_003888.3	3293009	3294226	+	1218	105	95	117	54	51	78	118	58	127
SC_RS17190	NC_003888.3	3294223	3295215	+	993	127	124	133	89	73	102	137	72	104
SC_RS17195	NC_003888.3	3295215	3296525	+	1311	84	64	89	50	29	42	147	34	92
SC_RS17200	NC_003888.3	3296632	3296748	-	117	0	0	0	0	0	0	24	1	21
SC_RS17205	NC_003888.3	3296833	3299954	-	3122	22	11	17	31	55	68	21	18	8
SC_RS17210	NC_003888.3	3300233	3301759	-	1527	84	66	86	35	52	32	36	17	23
SC_RS17215	NC_003888.3	3302319	3303326	-	1008	107	99	107	81	69	97	138	71	115
SC_RS17220	NC_003888.3	3303453	3304409	+	957	469	407	562	304	202	223	286	205	241
SC_RS17225	NC_003888.3	3304430	3305044	-	615	133	117	144	86	60	78	93	45	95
SC_RS17230	NC_003888.3	3305155	3306612	-	1458	4408	4360	5228	12021	13508	16296	4468	4841	3418
SC_RS17235	NC_003888.3	3306886	3307866	-	981	735	659	867	417	405	481	338	248	235
SC_RS17240	NC_003888.3	3307981	3309132	-	1152	243	239	315	196	186	229	189	105	130
SC_RS17245	NC_003888.3	3309183	3310310	-	1128	201	227	260	146	122	178	166	96	125
SC_RS17250	NC_003888.3	3310398	3310568	-	171	125	125	143	60	49	75	49	49	35
SC_RS17255	NC_003888.3	3310820	3312184	-	1365	668	598	854	161	172	216	204	116	145
SC_RS17260	NC_003888.3	3312276	3313892	-	1617	21	26	22	7	4	5	116	18	93
SC_RS17265	NC_003888.3	3314042	3314464	-	423	261	211	253	143	139	177	127	94	107
SC_RS17270	NC_003888.3	3314759	3315211	+	453	176	114	188	54	56	41	67	34	77
SC_RS17275	NC_003888.3	3315241	3316761	-	1521	741	709	873	244	217	293	317	281	272
SC_RS17280	NC_003888.3	3316758	3320564	-	3807	1250	1195	1533	450	411	551	638	423	475
SC_RS17285	NC_003888.3	3320753	3321016	-	264	1200	1015	1439	450	522	584	394	345	369
SC_RS17290	NC_003888.3	3321701	3322195	+	495	53	56	85	23	28	49	52	24	43
SC_RS17295	NC_003888.3	3322266	3323225	+	960	1778	1710	2273	698	605	746	513	549	507
SC_RS17300	NC_003888.3	3323222	3324553	+	1332	1410	1413	1758	655	515	661	427	368	362
SC_RS17305	NC_003888.3	3324630	3325610	+	981	417	427	519	117	97	129	167	75	139
SC_RS17310	NC_003888.3	3325773	3326855	-	1083	249	179	245	54	45	49	142	65	108
SC_RS17315	NC_003888.3	3326959	3328209	-	1251	16	14	16	5	9	13	69	43	79
SC_RS17320	NC_003888.3	3328349	3329113	+	765	119	149	153	67	43	74	113	52	99
SC_RS17325	NC_003888.3	3329406	3330596	+	1191	83	97	108	25	19	24	89	43	79
SC_RS17330	NC_003888.3	3330863	3332596	+	1734	398	377	500	341	279	346	363	209	269
SC_RS17335	NC_003888.3	3332764	3334479	+	1716	634	601	733	507	438	507	457	405	389
SC_RS17340	NC_003888.3	3334686	3336392	+	1707	1205	1127	1487	483	414	444	454	356	456
SC_RS17345	NC_003888.3	3336470	3338146	+	1677	504	387	565	407	399	414	314	328	294
SC_RS17350	NC_003888.3	3338345	3339850	+	1506	100	95	118	53	40	38	138	83	124
SC_RS17355	NC_003888.3	3339882	3341165	-	1284	2771	2437	3213	1831	1739	1738	4058	5159	4616
SC_RS17360	NC_003888.3	3341286	3341852	+	567	965	930	1068	315	197	332	170	146	146
SC_RS17365	NC_003888.3	3341888	3342928	-	1041	2665	2327	3227	214	170	185	446	401	409
SC_RS17370	NC_003888.3	3343070	3344227	-	1158	1328	1413	1528	204	197	301	842	843	766
SC_RS17375	NC_003888.3	3344420	3345763	+	1344	872	688	944	506	400	458	320	258	287
SC_RS17380	NC_003888.3	3345819	3347939	-	2121	686	635	853	2249	2005	2387	1055	913	755
SC_RS17385	NC_003888.3	3348346	3348852	-	507	40	30	54	14	14	16	42	20	41
SC_RS17390	NC_003888.3	3348964	3349323	+	360	22	23	20	74	50	46	72	66	90
SC_RS17395	NC_003888.3	3349353	3349745	+	393	41	38	51	66	62	72	107	100	87
SC_RS17400	NC_003888.3	3349758	3350888	-	1131	374	386	443	39	27	53	109	49	116
SC_RS17405	NC_003888.3	3351008	3352210	-	1203	2783	2799	3250	807	722	913	609	561	483
SC_RS17410	NC_003888.3	3352225	3352767	-	543	1690	1735	2072	358	384	430	325	318	339
SC_RS17415	NC_003888.3	3352764	3353999	-	1236	2961	3000	3761	774	689	918	710	714	526
SC_RS17420	NC_003888.3	3354084	3354656	+	573	669	578	812	284	292	386	413	423	366
SC_RS17425	NC_003888.3	3354681	3355955	-	1275	658	625	821	690	650	729	471	431	387
SC_RS17430	NC_003888.3	3355990	3356667	-	678	1078	987	1442	1375	1257	1513	1052	990	881
SC_RS17435	NC_003888.3	3357162	3358658	+	1497	1755	1487	2040	233	207	229	259	144	193
SC_RS17440	NC_003888.3	3358788	3359225	+	438	122	85	146	33	31	29	63	39	51
SC_RS17445	NC_003888.3	3359355	3359867	-	513	618	568	766	248	229	231	233	229	191
SC_RS17450	NC_003888.3	3360064	3360441	-	378	1493	1424	1927	642	540	661	547	510	526
SC_RS17455	NC_003888.3	3360694	3361608	+	915	1883	1761	2102	704	588	743	471	379	353
SC_RS17460	NC_003888.3	3361685	3362008	-	324	185	139	208	54	50	52	118	97	125
SC_RS17465	NC_003888.3	3362037	3363212	-	1176	21	21	33	13	11	15	93	23	65
SC_RS17470	NC_003888.3	3363269	3364618	-	1350	141	130	164	40	18	17	133	41	113
SC_RS17475	NC_003888.3	3364615	3365832	-	1218	58	74	75	19	14	12	87	40	80
SC_RS17480	NC_003888.3	3365829	3367547	-	1719	110	92	140	63	52	67	227	130	201
SC_RS17485	NC_003888.3	3367747	3368334	-	588	288	272	327	58	38	43	83	42	78
SC_RS17490	NC_003888.3	3368495	3369364	-	870	145	148	223	58	46	52	132	74	108
SC_RS17495	NC_003888.3	3369528	3369953	+	426	83	63	112	110	70	57	137	93	126
SC_RS17500	NC_003888.3	3370359	3371744	-	1386	1342	1417	1711	1107	994	1341	892	755	658
SC_RS17505	NC_003888.3	3371912	3372934	+	1023	83	71	92	266	166	181	824	997	946
SC_RS17510	NC_003888.3	3373160	3374380	+	1221	183	192	260	182	191	200	312	282	270
SC_RS17515	NC_003888.3	3374675	3375484	+	810	228	207	255	871	772	667	368	289	289
SC_RS17520	NC_003888.3	3375535	3375846	-	312	120	120	174	84	78	86	100	91	118
SC_RS17525	NC_003888.3	3375950	3376180	+	231	22	22	31	42	36	30	301	243	200
SC_RS17530	NC_003888.3	3376252	3377175	-	924	9961	10338	12400	11076	10606	13439	12438	13225	10427
SC_RS17535	NC_003888.3	3377344	3378513	-	1170	38	32	41	29	23	21	98	20	97
SC_RS17540	NC_003888.3	3378735	3378965	-	231	8	12	20	4	2	3	25	8	24
SC_RS17545	NC_003888.3	3379043	3379237	+	195	7	10	6	2	1	2	20	5	25
SC_RS17550	NC_003888.3	3379423	3380202	+	780	2054	1848	2415	174	140	197	2458	3395	3127
SC_RS17555	NC_003888.3	3380229	3380528	-	300	85	89	108	9	5	6	135	91	164
SC_RS17560	NC_003888.3	3380623	3380874	-	252	74	81	91	72	82	72	69	57	71
SC_RS17565	NC_003888.3	3380890	3380976	-	87	3	2	4	0	1	1	15	6	22
SC_RS17570	NC_003888.3	3381453	3382223	+	771	410	266	346	103	73	133	457	408	493
SC_RS17575	NC_003888.3	3382330	3384861	+	2532	1035	790	1038	207	159	220	579	538	609
SC_RS17580	NC_003888.3	3384933	3386249	-	1317	149	194	225	5369	5364	7689	529	534	441
SC_RS17585	NC_003888.3	3386513	3387937	-	1425	15453	16790	21313	8944	10207	13792	7768	9286	6886
SC_RS17590	NC_003888.3	3388379	3389320	-	942	960	822	1045	305	326	342	180	159	171
SC_RS17595	NC_003888.3	3389317	3389877	-	561	433	421	529	116	130	192	116	67	60
SC_RS17600	NC_003888.3	3389963	3390445	-	483	901	749	1083	376	382	397	236	178	195
SC_RS17605	NC_003888.3	3390541	3391821	-	1281	6267	6621	8161	9955	10217	11016	2046	2047	1373
SC_RS17610	NC_003888.3	3392083	3392817	-	735	936	796	1086	968	1029	1312	318	277	286
SC_RS17615	NC_003888.3	3393171	3394196	-	1026	1601	1390	1814	692	739	813	364	296	282
SC_RS17620	NC_003888.3	3394340	3395641	-	1302	236	222	294	104	125	141	132	89	110
SC_RS17625	NC_003888.3	3395638	3396615	-	978	310	291	365	242	230	246	168	136	151
SC_RS17630	NC_003888.3	3396692	3397339	-	648	77	56	76	522	452	551	222	207	166
SC_RS17635	NC_003888.3	3397490	3399001	-	1512	48	47	69	88	85	101	152	99	125
SC_RS17640	NC_003888.3	3399019	3399624	-	606	53	59	70	58	61	86	118	55	72
SC_RS17645	NC_003888.3	3399763	3401802	-	2040	179	171	241	33	26	34	177	57	118
SC_RS17650	NC_003888.3	3402007	3402504	+	498	126	129	164	62	59	36	154	160	177
SC_RS17655	NC_003888.3	3402554	3403453	+	900	260	184	282	126	143	142	187	171	168
SC_RS17660	NC_003888.3	3403521	3404297	-	777	257	225	276	216	192	211	225	194	212
SC_RS17665	NC_003888.3	3404444	3404641	+	198	10	10	17	23	35	26	130	148	121
SC_RS17670	NC_003888.3	3404759	3408313	-	3555	732	768	896	491	490	627	507	368	415
SC_RS17675	NC_003888.3	3408950	3411514	-	2565	459	370	568	196	146	159	392	314	333
SC_RS17680	NC_003888.3	3411511	3412299	-	789	222	203	279	129	78	90	239	248	211
SC_RS17685	NC_003888.3	3413025	3413129	-	105	2	3	6	2	1	0	36	8	37
SC_RS17690	NC_003888.3	3413248	3413409	+	162	4	1	0	2	0	1	19	6	16
SC_RS17695	NC_003888.3	3413399	3413716	+	318	9	3	4	1	0	2	27	7	16
SC_RS17700	NC_003888.3	3413804	3414700	-	897	72	59	92	33	35	27	78	49	75
SC_RS17705	NC_003888.3	3414901	3417570	-	2670	3750	3712	4664	936	745	902	865	739	676
SC_RS17710	NC_003888.3	3417578	3418585	-	1008	1279	1240	1561	307	258	245	275	218	213
SC_RS17715	NC_003888.3	3418879	3419409	+	531	371	327	401	34	62	67	117	60	82
SC_RS17720	NC_003888.3	3419502	3419999	+	498	166	140	145	14	7	15	64	20	39
SC_RS17725	NC_003888.3	3420021	3421340	-	1320	492	470	654	503	309	344	760	822	797
SC_RS17730	NC_003888.3	3421475	3422199	+	725	12	5	15	17	13	18	93	28	78
SC_RS17735	NC_003888.3	3422409	3423857	+	1449	4332	4293	5533	1057	861	1128	871	847	742
SC_RS17740	NC_003888.3	3423989	3424963	+	975	4163	4124	5437	960	944	1033	661	637	533
SC_RS17745	NC_003888.3	3425176	3425772	+	597	10677	10205	13683	1286	1631	1451	1393	1487	1124
SC_RS17750	NC_003888.3	3425878	3426480	+	603	309	289	339	50	37	34	76	35	64
SC_RS17755	NC_003888.3	3426533	3427051	+	519	96	88	96	8	8	6	38	14	30
SC_RS17760	NC_003888.3	3427132	3429867	-	2736	2203	2213	2869	932	1013	1322	862	743	706
SC_RS17765	NC_003888.3	3430174	3431184	+	1011	286	243	349	657	665	613	831	740	593
SC_RS17770	NC_003888.3	3431181	3431858	+	678	335	300	386	297	283	275	293	260	272
SC_RS17775	NC_003888.3	3431891	3433066	+	1176	241	237	297	115	130	128	192	158	155
SC_RS17780	NC_003888.3	3433079	3433456	-	378	26	22	33	31	17	22	252	254	205
SC_RS17785	NC_003888.3	3433453	3434364	-	912	22	20	15	16	33	26	300	216	242
SC_RS17790	NC_003888.3	3434529	3435026	+	498	532	392	541	176	117	201	289	256	260
SC_RS17795	NC_003888.3	3434985	3435764	-	780	91	74	96	1223	1032	996	1562	1467	1395
SC_RS17800	NC_003888.3	3436004	3436459	+	456	51	56	74	16	20	29	58	24	56
SC_RS17805	NC_003888.3	3436463	3437626	-	1164	1001	871	1168	438	409	540	364	326	333
SC_RS17810	NC_003888.3	3437662	3438627	-	966	751	725	959	678	614	729	451	371	336
SC_RS17815	NC_003888.3	3438624	3439685	-	1062	289	211	299	67	41	62	112	29	84
SC_RS17820	NC_003888.3	3439885	3441573	+	1689	78	82	104	79	61	57	156	70	163
SC_RS17825	NC_003888.3	3441595	3441891	+	297	94	74	109	42	38	42	80	54	92
SC_RS17830	NC_003888.3	3442302	3442976	-	675	10	17	20	12	14	17	56	25	56
SC_RS17835	NC_003888.3	3443196	3445013	-	1818	3415	3170	3817	546	460	546	896	899	649
SC_RS17840	NC_003888.3	3445110	3446915	-	1806	3146	2732	3549	470	357	410	1027	893	770
SC_RS17845	NC_003888.3	3447175	3448989	-	1815	1255	1150	1574	343	317	386	385	347	340
SC_RS17850	NC_003888.3	3449047	3449946	-	900	435	402	529	97	81	109	139	101	115
SC_RS17855	NC_003888.3	3449961	3450821	-	861	455	406	503	60	70	99	142	83	86
SC_RS17860	NC_003888.3	3450852	3452228	-	1377	167	139	182	65	64	55	135	57	100
SC_RS17865	NC_003888.3	3452316	3453206	-	891	367	373	495	223	272	274	166	144	153
SC_RS17870	NC_003888.3	3453247	3453684	-	438	149	146	177	254	205	192	138	112	106
SC_RS17875	NC_003888.3	3453841	3454701	-	861	352	388	466	113	101	124	172	101	151
SC_RS17880	NC_003888.3	3454798	3456543	+	1746	244	236	317	189	192	207	271	168	220
SC_RS17885	NC_003888.3	3456606	3457136	+	531	207	193	252	154	114	140	179	145	142
SC_RS17890	NC_003888.3	3457367	3458992	+	1626	801	882	1056	1225	1157	1370	801	868	704
SC_RS17895	NC_003888.3	3459077	3460781	+	1705	915	794	1050	979	811	836	1142	1294	1028
SC_RS17900	NC_003888.3	3460797	3461177	-	381	165	177	194	132	90	127	179	165	169
SC_RS17905	NC_003888.3	3461363	3462424	+	1062	802	808	972	658	649	680	303	250	218
SC_RS17910	NC_003888.3	3462426	3463187	+	762	458	449	564	332	275	231	160	118	107
SC_RS17915	NC_003888.3	3463175	3463978	+	804	413	437	511	197	135	188	142	119	115
SC_RS17920	NC_003888.3	3464050	3465258	+	1209	805	772	964	735	510	663	335	289	281
SC_RS17925	NC_003888.3	3465317	3465592	-	276	41	36	55	52	39	48	79	66	66
SC_RS17930	NC_003888.3	3465682	3466527	-	846	115	105	110	34	34	48	77	18	54
SC_RS17935	NC_003888.3	3466524	3467063	-	540	129	113	153	75	59	73	60	22	47
SC_RS17940	NC_003888.3	3467222	3469459	-	2238	494	361	540	371	398	365	354	211	298
SC_RS17945	NC_003888.3	3469606	3470205	-	600	536	529	729	321	311	436	319	318	321
SC_RS17950	NC_003888.3	3470375	3473869	+	3495	26	18	34	21	16	14	249	41	173
SC_RS17955	NC_003888.3	3473958	3474185	-	228	2	6	10	114	101	95	153	165	165
SC_RS17960	NC_003888.3	3474274	3475167	-	894	25	20	29	8	8	14	89	6	68
SC_RS17965	NC_003888.3	3475164	3476108	-	945	11	12	9	1	4	6	48	13	36
SC_RS17970	NC_003888.3	3476105	3477664	-	1560	22	38	22	3	7	5	116	23	80
SC_RS17975	NC_003888.3	3477824	3478471	+	648	43	49	72	34	30	36	95	51	73
SC_RS17980	NC_003888.3	3478490	3479293	-	804	278	233	297	81	56	52	136	49	92
SC_RS17985	NC_003888.3	3479362	3479847	+	486	259	241	323	225	165	195	174	190	123
SC_RS17990	NC_003888.3	3479867	3481618	-	1752	453	428	494	101	89	76	134	71	131
SC_RS17995	NC_003888.3	3481839	3481912	-	74	0	1	1	0	0	0	5	4	3
SC_RS18000	NC_003888.3	3481968	3483236	-	1269	893	857	1105	474	399	494	426	452	396
SC_RS18005	NC_003888.3	3483410	3484072	-	663	209	205	257	122	104	137	136	105	143
SC_RS18010	NC_003888.3	3484069	3484608	-	540	491	419	581	240	236	253	244	219	233
SC_RS18015	NC_003888.3	3484605	3485117	-	513	580	484	700	217	196	257	266	258	246
SC_RS18020	NC_003888.3	3485204	3486553	-	1350	2863	2421	3289	742	693	780	511	445	437
SC_RS18025	NC_003888.3	3486550	3487461	-	912	2557	2465	3238	742	721	914	480	404	321
SC_RS18030	NC_003888.3	3487555	3488169	+	615	252	222	286	82	64	72	124	63	88
SC_RS18035	NC_003888.3	3488258	3491068	-	2811	3862	3814	4944	958	793	1138	1157	938	916
SC_RS18040	NC_003888.3	3491383	3492930	+	1548	2144	1908	2972	194	183	220	345	256	259
SC_RS18045	NC_003888.3	3493179	3494444	+	1266	1142	1064	1355	149	145	203	209	169	205
SC_RS18050	NC_003888.3	3494512	3494844	+	333	1564	1382	1926	1214	1007	1032	495	542	379
SC_RS18055	NC_003888.3	3494975	3495817	+	843	434	414	614	315	270	266	251	195	236
SC_RS18060	NC_003888.3	3496079	3496558	+	480	81	63	90	42	43	32	67	25	46
SC_RS18065	NC_003888.3	3496670	3497140	+	471	258	272	399	688	565	600	120	106	100
SC_RS18070	NC_003888.3	3497181	3497357	-	177	124	97	167	80	50	53	56	21	39
SC_RS18075	NC_003888.3	3497471	3498703	+	1233	262	208	315	336	324	355	204	121	159
SC_RS18080	NC_003888.3	3498864	3499910	+	1047	137	111	154	297	298	286	255	172	252
SC_RS18085	NC_003888.3	3500071	3501294	+	1224	3868	3100	4313	740	674	618	1810	2319	2052
SC_RS18090	NC_003888.3	3501463	3502212	+	750	141	122	140	55	40	26	134	77	117
SC_RS18095	NC_003888.3	3502247	3504346	-	2100	1874	1998	2012	2614	2053	1528	5965	5517	5199
SC_RS18100	NC_003888.3	3504474	3505421	-	948	451	397	480	459	326	218	1359	1087	1155
SC_RS18105	NC_003888.3	3505418	3506179	-	762	888	759	955	819	622	433	2794	2116	2371
SC_RS18110	NC_003888.3	3506390	3507907	-	1518	570	533	746	75	49	62	191	83	138
SC_RS18115	NC_003888.3	3507970	3508941	+	972	83	67	74	26	24	29	95	43	91
SC_RS18120	NC_003888.3	3509244	3509954	-	711	299	294	405	202	175	152	396	284	437
SC_RS18125	NC_003888.3	3510381	3511379	-	999	1117	1101	1262	1257	1152	1205	1044	1209	949
SC_RS18130	NC_003888.3	3511595	3512110	+	516	104	99	153	73	43	52	116	49	84
SC_RS18135	NC_003888.3	3512143	3512904	-	762	15	19	22	6	5	7	90	17	61
SC_RS18140	NC_003888.3	3513024	3513515	+	492	101	100	121	29	21	29	62	31	59
SC_RS18145	NC_003888.3	3513616	3515160	-	1545	414	384	507	7226	6882	14045	3275	3875	2350
SC_RS18150	NC_003888.3	3515302	3515955	-	654	113	83	163	2437	2169	4338	2612	3179	1960
SC_RS18155	NC_003888.3	3516275	3517573	+	1299	10	2	14	3	6	5	100	19	77
SC_RS18160	NC_003888.3	3517633	3519207	+	1575	80	89	122	41	50	37	169	79	125
SC_RS18165	NC_003888.3	3519449	3520903	-	1455	11	8	7	1251	1112	1003	1978	1707	1874
SC_RS18170	NC_003888.3	3520900	3521676	-	777	4	2	0	568	600	515	751	563	615
SC_RS18175	NC_003888.3	3521673	3522680	-	1008	3	3	4	639	626	554	1007	831	927
SC_RS18180	NC_003888.3	3522697	3523299	-	603	1	0	0	139	135	121	224	208	234
SC_RS18185	NC_003888.3	3523296	3524831	-	1536	6	19	9	849	767	757	1245	881	952
SC_RS18190	NC_003888.3	3524828	3525871	-	1044	7	10	11	1104	1069	895	1112	898	944
SC_RS18195	NC_003888.3	3526137	3528527	+	2391	17	33	30	12216	11374	10542	11913	15174	11327
SC_RS18200	NC_003888.3	3529272	3531188	+	1917	82	81	119	11084	9315	9150	8039	7873	6094
SC_RS18205	NC_003888.3	3531250	3531465	-	216	12	7	19	4218	4515	4461	4864	4825	4174
SC_RS18210	NC_003888.3	3531588	3532763	-	1176	13	18	19	902	991	871	2546	3059	2602
SC_RS18215	NC_003888.3	3532971	3533399	-	429	5	6	7	826	800	669	1613	1365	1419
SC_RS18220	NC_003888.3	3533492	3534346	-	855	2	3	7	3471	3234	2896	3260	2919	2865
SC_RS18225	NC_003888.3	3534444	3534899	-	456	3	1	3	1749	1893	1585	2909	1892	2009
SC_RS18230	NC_003888.3	3535054	3535848	-	795	24	27	41	3536	4036	3885	6358	8100	5800
SC_RS18235	NC_003888.3	3535855	3536808	-	954	45	41	56	7472	7105	6525	13574	18639	13238
SC_RS18240	NC_003888.3	3536945	3538660	+	1716	179	195	215	887	819	706	1740	2135	1848
SC_RS18245	NC_003888.3	3538679	3539347	+	669	452	413	524	679	714	577	829	831	744
SC_RS18250	NC_003888.3	3539337	3540671	-	1335	41	45	78	881	847	822	1224	1043	1015
SC_RS18255	NC_003888.3	3540668	3541954	-	1287	17	8	6	1784	1609	1733	1897	1629	1684
SC_RS18260	NC_003888.3	3541951	3543027	-	1077	2	1	0	2015	2023	1842	2262	1906	1823
SC_RS18265	NC_003888.3	3543335	3565726	+	22392	109	98	137	7029	5941	5687	13808	11211	12572
SC_RS18270	NC_003888.3	3565723	3576735	+	11013	91	84	93	5838	5657	5629	9187	7996	9064
SC_RS18275	NC_003888.3	3576735	3583988	+	7254	64	49	75	3352	3406	3730	5972	5334	5897
SC_RS18280	NC_003888.3	3583992	3584810	+	819	15	9	3	763	852	800	1548	1459	1438
SC_RS18285	NC_003888.3	3584822	3585724	+	903	13	17	24	836	837	774	1761	1537	1580
SC_RS18290	NC_003888.3	3585800	3587647	-	1848	20	11	9	1973	1836	1641	3538	3038	3253
SC_RS18295	NC_003888.3	3587687	3588688	-	1002	8	0	8	2808	2667	2193	5675	4591	4868
SC_RS18300	NC_003888.3	3588746	3590149	-	1404	1	4	2	464	415	444	772	605	660
SC_RS18305	NC_003888.3	3590146	3591306	-	1161	0	2	3	507	503	466	710	616	650
SC_RS18310	NC_003888.3	3591313	3592182	-	870	0	0	3	798	752	712	1309	1102	1181
SC_RS18315	NC_003888.3	3592179	3592889	-	711	1	1	0	445	434	418	731	576	682
SC_RS18320	NC_003888.3	3592886	3593758	-	873	0	0	1	968	883	828	1201	1132	1229
SC_RS18325	NC_003888.3	3593755	3594630	-	876	1	1	0	699	582	516	1322	1070	1264
SC_RS18330	NC_003888.3	3594627	3595793	-	1167	6	11	11	3496	3331	2868	5460	4999	5779
SC_RS18335	NC_003888.3	3595843	3596640	-	798	4	2	5	1848	2042	1960	4628	4148	3987
SC_RS18340	NC_003888.3	3596708	3597973	-	1266	12	3	11	1317	1130	1039	2000	1658	1823
SC_RS18345	NC_003888.3	3598017	3599009	-	993	1	1	0	573	566	524	1451	1092	1144
SC_RS18350	NC_003888.3	3599006	3600808	-	1803	1	0	0	2895	2845	2682	4816	4144	4362
SC_RS18355	NC_003888.3	3600858	3602078	-	1221	7	7	11	4050	3458	2859	6032	4814	5530
SC_RS18360	NC_003888.3	3602075	3602320	-	246	8	8	8	1463	1280	956	2823	2120	2308
SC_RS18365	NC_003888.3	3602609	3602681	+	73	4	0	7	0	1	0	25	7	25
SC_RS18370	NC_003888.3	3602753	3603907	-	1155	2	3	2	4	5	0	87	8	62
SC_RS18375	NC_003888.3	3603907	3604107	-	201	0	0	0	0	0	0	11	3	6
SC_RS18380	NC_003888.3	3604104	3605504	-	1401	1	1	0	6	3	4	96	11	94
SC_RS18385	NC_003888.3	3605594	3605911	-	318	10	3	9	3	1	1	28	5	25
SC_RS18390	NC_003888.3	3605935	3606090	-	156	0	0	0	0	0	0	4	2	11
SC_RS18395	NC_003888.3	3606102	3606293	-	192	0	0	1	0	1	0	10	5	9
SC_RS18400	NC_003888.3	3606326	3606979	-	654	0	2	3	1	0	1	54	8	24
SC_RS18405	NC_003888.3	3607061	3608416	-	1356	8	12	10	5	5	5	71	17	68
SC_RS18410	NC_003888.3	3608420	3608776	-	357	18	15	13	2	1	0	21	4	21
SC_RS18415	NC_003888.3	3608916	3609695	-	780	217	188	315	96	78	105	179	110	137
SC_RS18420	NC_003888.3	3609714	3610178	+	465	51	60	54	21	17	26	61	23	58
SC_RS18425	NC_003888.3	3610777	3612171	+	1395	1231	1161	1585	317	327	404	274	239	210
SC_RS18430	NC_003888.3	3612168	3612917	+	750	1076	1121	1501	86	88	98	109	74	112
SC_RS18435	NC_003888.3	3613332	3613631	-	300	10	19	13	0	2	2	24	7	24
SC_RS18440	NC_003888.3	3613628	3614359	-	732	7	10	10	1	3	4	47	7	34
SC_RS18445	NC_003888.3	3614368	3614592	-	225	3	1	1	1	1	0	21	4	20
SC_RS18450	NC_003888.3	3615122	3615400	-	279	1	0	3	2	0	0	31	10	31
SC_RS18455	NC_003888.3	3615480	3616235	+	756	110	136	142	49	27	44	69	36	69
SC_RS18460	NC_003888.3	3616286	3616798	+	513	86	70	140	33	38	38	86	41	79
SC_RS18465	NC_003888.3	3617177	3617377	+	201	3	5	1	3	7	6	34	9	36
SC_RS18470	NC_003888.3	3617556	3617878	-	323	14	6	12	6	14	14	35	11	33
SC_RS18475	NC_003888.3	3617878	3618214	-	337	3	0	0	0	0	0	25	5	23
SC_RS18480	NC_003888.3	3618213	3618479	+	267	91	86	135	102	73	88	179	132	111
SC_RS18485	NC_003888.3	3618476	3618922	+	447	137	114	182	129	120	120	154	120	135
SC_RS18490	NC_003888.3	3619017	3619451	-	435	94	110	129	28	19	28	65	43	49
SC_RS18495	NC_003888.3	3619892	3621391	+	1500	188	180	221	22	38	23	127	37	97
SC_RS18500	NC_003888.3	3621404	3622330	-	927	69	51	80	13	5	16	80	37	84
SC_RS18505	NC_003888.3	3622590	3623804	+	1215	9	11	10	2	1	1	79	29	78
SC_RS18510	NC_003888.3	3623867	3624412	+	546	11	23	13	12	11	16	58	18	43
SC_RS18515	NC_003888.3	3624449	3624859	-	411	8	1	2	3	4	5	47	13	32
SC_RS18520	NC_003888.3	3625007	3625663	+	657	162	115	165	67	37	44	87	52	55
SC_RS18525	NC_003888.3	3625695	3626462	-	768	214	228	276	86	62	59	162	98	116
SC_RS18530	NC_003888.3	3626675	3628768	+	2094	72	56	73	26	19	24	184	53	173
SC_RS18535	NC_003888.3	3628805	3634123	-	5319	564	533	617	52	52	61	410	147	381
SC_RS18540	NC_003888.3	3634209	3636242	-	2034	2764	2222	2997	213	131	256	304	239	328
SC_RS18545	NC_003888.3	3636411	3636536	-	126	318	222	257	61	40	88	50	35	36
SC_RS18550	NC_003888.3	3636856	3637587	+	732	7	1	7	243	239	232	4336	3741	3193
SC_RS18555	NC_003888.3	3637594	3639204	+	1611	6	6	8	329	331	339	5529	4583	3801
SC_RS18560	NC_003888.3	3639201	3639950	+	750	9	1	10	239	209	230	4082	3681	2778
SC_RS18565	NC_003888.3	3640178	3641611	+	1434	138	151	184	606	484	597	974	863	855
SC_RS18570	NC_003888.3	3641739	3642248	-	510	430	385	499	53	54	70	126	119	94
SC_RS18575	NC_003888.3	3642308	3642820	-	513	15	12	15	53	29	36	101	65	82
SC_RS18580	NC_003888.3	3642817	3644163	-	1347	42	27	35	132	124	149	147	80	120
SC_RS18585	NC_003888.3	3644267	3644935	-	669	26	23	36	22	13	4	43	10	38
SC_RS18590	NC_003888.3	3644932	3646035	-	1104	90	68	76	44	21	17	71	24	65
SC_RS18595	NC_003888.3	3646131	3646469	+	339	22	33	51	5	7	14	33	12	34
SC_RS18600	NC_003888.3	3646539	3647321	+	783	172	166	196	54	69	69	91	34	69
SC_RS18605	NC_003888.3	3647355	3648548	-	1194	1428	1276	1579	96	93	86	347	312	287
SC_RS18610	NC_003888.3	3648753	3649631	+	879	619	517	660	155	118	148	158	126	122
SC_RS18615	NC_003888.3	3649749	3650615	+	867	766	645	875	919	859	769	291	230	222
SC_RS18620	NC_003888.3	3650705	3652006	+	1302	1184	986	1349	529	411	387	482	404	383
SC_RS18625	NC_003888.3	3652259	3654001	-	1743	1927	1806	2339	718	709	810	638	624	477
SC_RS18630	NC_003888.3	3654175	3655935	+	1761	1938	1689	2282	576	482	653	484	451	379
SC_RS18635	NC_003888.3	3656071	3657396	+	1326	380	372	429	107	64	101	189	99	161
SC_RS18640	NC_003888.3	3657329	3658543	-	1215	124	116	141	537	502	612	162	97	130
SC_RS18645	NC_003888.3	3658635	3659537	-	903	252	225	302	225	196	266	142	128	143
SC_RS18650	NC_003888.3	3659641	3661035	-	1395	618	619	725	236	189	260	282	194	217
SC_RS18655	NC_003888.3	3661248	3661991	+	744	92	92	116	54	35	17	140	55	129
SC_RS18660	NC_003888.3	3662050	3663042	-	993	3580	3408	4907	2440	1881	2406	2600	2801	2247
SC_RS18665	NC_003888.3	3663566	3663976	+	411	67	59	69	34	38	47	91	60	84
SC_RS18670	NC_003888.3	3663973	3664890	-	918	85	70	74	19	25	33	105	29	73
SC_RS18675	NC_003888.3	3665180	3666136	-	957	56	44	66	35	30	59	102	43	72
SC_RS18680	NC_003888.3	3666265	3666957	+	693	44	39	69	59	34	53	80	38	61
SC_RS18685	NC_003888.3	3666980	3667756	-	777	299	260	348	113	101	126	144	119	190
SC_RS18690	NC_003888.3	3668023	3669720	-	1698	6039	5596	7606	1158	1225	1691	1629	1858	1634
SC_RS18695	NC_003888.3	3669717	3670676	-	960	3359	3442	4514	484	535	793	732	803	752
SC_RS18700	NC_003888.3	3670673	3672418	-	1746	3268	3231	4302	637	699	1071	1035	1174	1088
SC_RS18705	NC_003888.3	3672415	3673191	-	777	2024	2039	2627	493	457	688	698	746	587
SC_RS18710	NC_003888.3	3673466	3673762	-	297	56	38	56	38	37	27	51	49	57
SC_RS18715	NC_003888.3	3673916	3674866	+	951	472	483	581	1351	956	1116	449	360	400
SC_RS18720	NC_003888.3	3675181	3675975	+	795	19	31	37	4790	4839	5603	4592	4476	3815
SC_RS18725	NC_003888.3	3676223	3677473	+	1251	190	200	236	5960	5394	6761	4502	4847	3885
SC_RS18730	NC_003888.3	3677515	3678582	-	1068	265	235	322	238	212	215	219	188	201
SC_RS18735	NC_003888.3	3678597	3679658	-	1062	1065	881	1224	643	578	681	655	655	589
SC_RS18740	NC_003888.3	3679848	3679946	-	99	71	94	153	394	375	298	1447	1930	1631
SC_RS18745	NC_003888.3	3680056	3680268	-	213	91	97	119	4100	3883	3497	15297	18740	15652
SC_RS18750	NC_003888.3	3680398	3681213	-	816	46	26	50	183	104	123	252	231	224
SC_RS18755	NC_003888.3	3681507	3682679	-	1173	164	208	253	55	54	61	168	135	181
SC_RS18760	NC_003888.3	3682630	3683877	-	1248	19	25	30	7	5	5	93	34	81
SC_RS18765	NC_003888.3	3683901	3684617	-	717	52	63	67	18	23	11	65	25	60
SC_RS18770	NC_003888.3	3684694	3685341	-	648	242	240	309	101	82	114	106	39	61
SC_RS18775	NC_003888.3	3685405	3685521	-	117	0	0	0	0	0	0	4	1	5
SC_RS18780	NC_003888.3	3685606	3688729	-	3124	621	413	507	994	1538	1618	440	456	260
SC_RS18785	NC_003888.3	3689012	3690538	-	1527	68	68	105	16	18	14	24	15	9
SC_RS18790	NC_003888.3	3691374	3692384	+	1011	98	109	168	76	68	72	112	97	124
SC_RS18795	NC_003888.3	3692339	3693343	-	1005	7	10	10	8	7	13	105	24	84
SC_RS18800	NC_003888.3	3693418	3693999	+	582	12	7	8	10	9	17	57	18	49
SC_RS18805	NC_003888.3	3694063	3694875	-	813	128	124	194	186	166	188	157	93	134
SC_RS18810	NC_003888.3	3695123	3695923	-	801	22	16	25	11	8	10	70	13	45
SC_RS18815	NC_003888.3	3695920	3696750	-	831	49	38	45	14	9	21	58	20	50
SC_RS18820	NC_003888.3	3696891	3697673	-	783	15	26	39	80	93	94	133	93	82
SC_RS18825	NC_003888.3	3698670	3699173	-	504	974	815	1135	105	130	121	272	392	343
SC_RS18830	NC_003888.3	3699215	3699889	-	675	2500	1994	2855	147	129	142	841	1225	1121
SC_RS18835	NC_003888.3	3700056	3700385	-	330	64	58	75	28	22	13	92	72	96
SC_RS18840	NC_003888.3	3700571	3702733	+	2163	2154	2129	2834	735	616	709	910	874	812
SC_RS18845	NC_003888.3	3702759	3704612	-	1854	435	430	574	3397	2512	4352	970	867	637
SC_RS18850	NC_003888.3	3704768	3705382	-	615	51	67	57	112	91	150	88	38	68
SC_RS18855	NC_003888.3	3705379	3706236	-	858	166	171	208	402	376	494	207	136	140
SC_RS18860	NC_003888.3	3706398	3707327	-	930	196	191	273	256	212	255	211	151	212
SC_RS18865	NC_003888.3	3707399	3708214	+	816	1353	1196	1633	654	589	606	585	633	580
SC_RS18870	NC_003888.3	3708278	3710074	-	1797	109	99	149	3427	3224	4173	943	967	747
SC_RS18875	NC_003888.3	3710688	3712097	+	1410	2286	2182	2986	360	325	425	443	369	395
SC_RS18880	NC_003888.3	3712179	3713303	+	1125	1864	1772	2412	1224	955	1259	972	951	919
SC_RS18885	NC_003888.3	3713340	3714179	-	840	771	637	861	565	500	539	398	368	350
SC_RS18890	NC_003888.3	3714378	3715304	+	927	629	538	740	291	233	300	208	146	201
SC_RS18895	NC_003888.3	3715604	3716137	+	534	2938	2541	3694	3386	3023	3470	2126	2760	2317
SC_RS18900	NC_003888.3	3716125	3716802	+	678	926	771	1004	832	727	813	524	612	574
SC_RS18905	NC_003888.3	3716926	3717630	+	705	550	469	629	351	362	355	285	258	268
SC_RS18910	NC_003888.3	3717647	3719170	+	1524	1010	861	1113	948	717	923	572	656	600
SC_RS18915	NC_003888.3	3719200	3720033	-	834	118	109	157	66	38	59	97	37	92
SC_RS18920	NC_003888.3	3720125	3720577	-	453	21	25	31	19	14	23	42	21	46
SC_RS18925	NC_003888.3	3720696	3721331	+	636	31	25	38	9	9	8	43	22	44
SC_RS18930	NC_003888.3	3721342	3721785	+	444	159	130	197	40	27	56	44	17	50
SC_RS18935	NC_003888.3	3721792	3722244	+	453	100	75	118	47	29	30	60	25	46
SC_RS18940	NC_003888.3	3722257	3722448	-	192	169	176	226	164	154	189	162	146	146
SC_RS18945	NC_003888.3	3722414	3723256	-	843	9	7	6	253	191	198	490	365	364
SC_RS18950	NC_003888.3	3723488	3723691	+	204	11	7	12	2	4	3	37	5	29
SC_RS18955	NC_003888.3	3723844	3725439	-	1596	1358	1433	2005	393	384	366	1417	1694	1234
SC_RS18960	NC_003888.3	3725586	3726185	+	600	250	255	348	127	106	114	194	179	200
SC_RS18965	NC_003888.3	3726219	3726905	-	687	15	12	15	13	14	9	75	38	56
SC_RS18970	NC_003888.3	3727304	3729892	+	2589	111	120	161	658	503	632	669	656	667
SC_RS18975	NC_003888.3	3729902	3732487	+	2586	56	54	53	266	220	285	392	275	331
SC_RS18980	NC_003888.3	3732621	3733277	+	657	4	4	7	327	299	261	212	171	132
SC_RS18985	NC_003888.3	3733321	3736353	+	3033	255	171	266	422	326	314	525	299	367
SC_RS18990	NC_003888.3	3736431	3738956	-	2526	19006	18668	23573	25706	20841	27836	25922	28438	22934
SC_RS18995	NC_003888.3	3739398	3740099	+	702	1420	1322	1879	381	261	250	527	337	501
SC_RS19000	NC_003888.3	3740100	3740435	-	336	6628	6329	8071	2005	1778	1954	1979	2070	1684
SC_RS19005	NC_003888.3	3740711	3741220	-	510	111	119	189	37	51	50	83	43	73
SC_RS19010	NC_003888.3	3741230	3741628	-	399	119	129	141	140	122	151	112	115	104
SC_RS19015	NC_003888.3	3741763	3741942	-	180	63	67	83	32	12	26	27	20	32
SC_RS19020	NC_003888.3	3741966	3742592	-	627	23	17	28	2	4	6	58	12	39
SC_RS19025	NC_003888.3	3743026	3743823	-	798	523	547	649	166	160	187	335	313	270
SC_RS19030	NC_003888.3	3743829	3744818	-	990	769	776	925	157	176	250	369	365	282
SC_RS19035	NC_003888.3	3744824	3746566	-	1743	414	370	439	91	91	134	344	294	310
SC_RS19040	NC_003888.3	3746563	3747576	-	1014	231	205	242	35	44	58	157	143	123
SC_RS19045	NC_003888.3	3747573	3748835	-	1263	383	372	486	103	57	110	215	177	200
SC_RS19050	NC_003888.3	3749036	3750247	+	1212	275	272	308	432	438	524	337	227	203
SC_RS19055	NC_003888.3	3750254	3750529	-	276	9	8	9	23	21	17	30	8	17
SC_RS19060	NC_003888.3	3750688	3751794	+	1107	431	367	558	158	112	165	205	109	160
SC_RS19065	NC_003888.3	3751837	3752486	-	650	109	97	124	26	29	38	77	48	60
SC_RS19070	NC_003888.3	3752539	3753213	-	675	202	193	275	58	43	70	169	176	186
SC_RS19075	NC_003888.3	3753279	3754484	-	1206	470	402	525	182	163	177	760	873	808
SC_RS19080	NC_003888.3	3754603	3755691	+	1089	260	217	294	158	115	119	156	101	148
SC_RS19085	NC_003888.3	3755656	3756807	-	1152	501	483	627	244	182	261	295	256	277
SC_RS19090	NC_003888.3	3756839	3757396	+	558	230	205	255	194	177	179	249	158	235
SC_RS19095	NC_003888.3	3757786	3759117	+	1332	250	230	249	197	176	241	253	183	214
SC_RS19100	NC_003888.3	3759147	3760436	-	1290	1017	948	1288	664	587	578	484	489	399
SC_RS19105	NC_003888.3	3760573	3761706	-	1134	683	578	710	213	221	164	273	219	221
SC_RS19110	NC_003888.3	3761869	3763674	+	1806	1669	1471	1978	515	507	413	479	392	372
SC_RS19115	NC_003888.3	3764143	3765009	+	867	580	543	660	201	153	200	232	169	197
SC_RS19120	NC_003888.3	3765006	3765509	+	504	74	83	110	41	44	68	68	45	56
SC_RS19125	NC_003888.3	3765814	3766173	+	360	399	378	590	718	638	773	317	264	236
SC_RS19130	NC_003888.3	3766170	3766781	+	612	249	230	379	369	349	470	180	156	100
SC_RS19135	NC_003888.3	3766852	3767340	+	489	414	404	536	259	242	299	305	255	254
SC_RS19140	NC_003888.3	3767356	3767961	-	606	851	794	947	713	588	711	481	426	404
SC_RS19145	NC_003888.3	3768093	3770132	-	2040	12460	11628	15139	8605	7116	10513	9316	9262	8249
SC_RS19150	NC_003888.3	3770329	3770889	-	561	1454	1416	1883	943	992	1165	768	812	773
SC_RS19155	NC_003888.3	3770964	3772022	-	1059	122	133	154	1249	1317	1686	733	631	539
SC_RS19160	NC_003888.3	3772215	3773342	-	1128	431	379	488	677	613	715	558	466	460
SC_RS19165	NC_003888.3	3773464	3775065	-	1602	519	438	615	356	312	337	307	202	251
SC_RS19170	NC_003888.3	3775145	3775636	+	492	3017	2959	3991	2232	2156	2310	1428	1520	1069
SC_RS19175	NC_003888.3	3775750	3777459	+	1710	819	760	1008	360	287	400	426	332	372
SC_RS19180	NC_003888.3	3777456	3778367	-	912	629	580	679	185	198	300	253	181	247
SC_RS19185	NC_003888.3	3778503	3778868	+	366	46	49	86	99	63	77	227	208	218
SC_RS19190	NC_003888.3	3778914	3779675	-	762	219	224	309	168	131	150	247	195	203
SC_RS19195	NC_003888.3	3779785	3780231	-	447	247	208	273	87	72	76	122	132	104
SC_RS19200	NC_003888.3	3780339	3781268	+	930	16	22	23	11	6	12	70	17	59
SC_RS19205	NC_003888.3	3781328	3782755	+	1428	16	27	23	17	12	14	141	27	94
SC_RS19210	NC_003888.3	3782903	3783658	-	756	35	59	54	25	28	19	72	26	63
SC_RS19215	NC_003888.3	3783682	3784623	-	942	76	67	86	35	30	24	71	34	57
SC_RS19220	NC_003888.3	3784717	3785358	-	642	133	180	184	182	209	177	170	155	151
SC_RS19225	NC_003888.3	3785441	3786901	-	1461	366	363	540	1485	1368	1578	1298	1170	945
SC_RS19230	NC_003888.3	3786977	3787801	-	825	421	349	471	836	743	898	767	809	698
SC_RS19235	NC_003888.3	3788179	3788643	+	465	194	176	208	360	320	411	425	317	318
SC_RS19240	NC_003888.3	3788692	3788943	-	252	240	253	305	74	62	60	64	48	45
SC_RS19245	NC_003888.3	3789248	3789487	-	240	4	4	11	0	0	1	34	8	21
SC_RS19250	NC_003888.3	3789492	3790681	-	1190	50	34	58	6	6	7	72	23	61
SC_RS19255	NC_003888.3	3790678	3790932	-	255	9	4	18	1	2	1	8	2	3
SC_RS19260	NC_003888.3	3790939	3791103	-	165	2	2	1	2	0	1	11	2	12
SC_RS19265	NC_003888.3	3791176	3791412	+	237	4	8	12	0	0	2	20	5	16
SC_RS19270	NC_003888.3	3791412	3791717	+	306	10	20	21	0	2	2	18	4	21
SC_RS19275	NC_003888.3	3791751	3791891	-	141	15	11	24	3	6	6	32	8	23
SC_RS19280	NC_003888.3	3791947	3792453	+	507	171	185	221	131	108	125	164	147	150
SC_RS19285	NC_003888.3	3792412	3793668	-	1257	88	86	109	44	29	22	124	40	108
SC_RS19290	NC_003888.3	3793755	3794531	+	777	234	216	250	92	83	104	150	116	129
SC_RS19295	NC_003888.3	3794733	3796424	+	1692	791	672	924	132	139	123	358	344	358
SC_RS19300	NC_003888.3	3796515	3797402	+	888	101	71	125	30	28	35	86	33	74
SC_RS19305	NC_003888.3	3797490	3799043	+	1554	31	32	36	38	40	32	125	32	123
SC_RS19310	NC_003888.3	3799715	3800455	-	741	8	8	7	2	2	4	48	11	36
SC_RS19315	NC_003888.3	3800452	3801438	-	987	11	10	16	4	4	3	88	11	50
SC_RS19320	NC_003888.3	3801712	3802629	+	918	9	14	12	2	3	3	67	17	63
SC_RS19325	NC_003888.3	3802662	3803408	+	747	29	21	26	10	10	4	55	11	38
SC_RS19330	NC_003888.3	3803405	3803974	+	570	4	3	4	0	0	4	37	9	22
SC_RS19335	NC_003888.3	3804032	3804376	+	345	18	15	12	31	19	23	33	26	47
SC_RS19340	NC_003888.3	3804673	3806037	-	1365	122	83	148	134	99	120	226	124	189
SC_RS19345	NC_003888.3	3806179	3808029	-	1851	99	89	103	93	79	102	212	117	221
SC_RS19350	NC_003888.3	3808168	3808293	-	126	5	5	3	6	1	3	14	5	12
SC_RS19355	NC_003888.3	3808429	3809106	-	678	35	13	31	27	24	32	61	25	51
SC_RS19360	NC_003888.3	3809247	3809876	-	630	148	118	148	77	67	77	155	94	123
SC_RS19365	NC_003888.3	3810083	3810211	+	129	3	3	7	9	8	5	33	13	22
SC_RS19370	NC_003888.3	3810352	3810621	-	270	30	27	25	44	47	37	55	35	39
SC_RS19375	NC_003888.3	3810669	3811226	-	558	70	85	97	130	90	114	111	91	68
SC_RS19380	NC_003888.3	3811392	3811703	+	312	6	5	4	17	13	3	46	13	37
SC_RS19385	NC_003888.3	3811766	3812845	-	1080	30	24	25	29	25	32	137	36	86
SC_RS19390	NC_003888.3	3812961	3814025	-	1065	6	1	10	7	9	6	75	21	63
SC_RS19395	NC_003888.3	3814031	3814873	-	843	12	4	7	6	4	13	51	14	51
SC_RS19400	NC_003888.3	3814870	3815739	-	870	17	19	8	7	7	12	65	24	46
SC_RS19405	NC_003888.3	3815736	3817001	-	1266	28	21	35	31	25	34	162	90	131
SC_RS19410	NC_003888.3	3817153	3817770	+	618	90	68	112	75	66	66	105	92	127
SC_RS19415	NC_003888.3	3817745	3818494	-	750	19	14	26	9	7	11	76	22	64
SC_RS19420	NC_003888.3	3818491	3819297	-	807	12	16	14	6	6	2	66	22	47
SC_RS19425	NC_003888.3	3819523	3820932	+	1410	47	44	42	8	10	8	129	21	95
SC_RS19430	NC_003888.3	3820929	3821387	+	459	5	6	4	1	0	2	30	13	32
SC_RS19435	NC_003888.3	3821387	3822823	+	1437	27	24	16	21	7	9	85	26	91
SC_RS19440	NC_003888.3	3822850	3823638	+	789	32	24	47	11	11	9	58	19	48
SC_RS19445	NC_003888.3	3823635	3824309	+	675	7	5	7	3	2	6	62	10	37
SC_RS19450	NC_003888.3	3824306	3825016	+	711	5	4	8	3	1	2	70	15	49
SC_RS19455	NC_003888.3	3825371	3826210	+	840	3	0	4	2	0	1	16	1	21
SC_RS19460	NC_003888.3	3826473	3827312	+	840	0	0	0	1	0	0	3	4	5
SC_RS19465	NC_003888.3	3827427	3828962	+	1536	4	1	3	18	12	25	130	31	112
SC_RS19470	NC_003888.3	3829043	3830584	-	1542	9	10	8	7	9	14	18	11	18
SC_RS19475	NC_003888.3	3830698	3831525	-	828	195	164	217	60	51	62	97	41	81
SC_RS19480	NC_003888.3	3831705	3832634	-	930	162	150	231	46	37	55	168	89	106
SC_RS19485	NC_003888.3	3832988	3833278	-	291	6	8	6	9	8	8	40	5	23
SC_RS19490	NC_003888.3	3834055	3834702	-	648	26	22	37	26	21	16	79	32	61
SC_RS19495	NC_003888.3	3834741	3835742	-	1002	131	103	157	72	55	83	123	93	104
SC_RS19500	NC_003888.3	3835870	3837003	-	1134	154	132	193	55	70	69	149	89	109
SC_RS19505	NC_003888.3	3837216	3837968	-	753	65	77	91	33	37	32	89	40	70
SC_RS19510	NC_003888.3	3837968	3838990	-	1023	151	116	156	33	31	33	100	40	76
SC_RS19515	NC_003888.3	3838999	3839985	-	987	121	100	155	47	79	52	122	71	94
SC_RS19520	NC_003888.3	3840395	3843337	-	2943	343	333	391	161	146	155	321	163	230
SC_RS19525	NC_003888.3	3843523	3844608	-	1086	221	201	222	86	106	93	166	90	125
SC_RS19530	NC_003888.3	3844670	3845782	-	1113	194	168	181	69	53	63	151	51	88
SC_RS19535	NC_003888.3	3845809	3846576	-	768	52	59	50	35	31	25	99	45	61
SC_RS19540	NC_003888.3	3846702	3847649	-	948	106	109	102	39	38	30	112	55	91
SC_RS19545	NC_003888.3	3847685	3848845	-	1161	143	125	181	43	54	68	168	97	116
SC_RS19550	NC_003888.3	3849177	3850163	-	987	315	313	374	166	137	162	217	134	182
SC_RS19555	NC_003888.3	3850388	3851866	+	1479	177	207	237	63	62	65	140	82	132
SC_RS19560	NC_003888.3	3852309	3854645	+	2337	301	291	358	351	300	285	452	403	394
SC_RS19565	NC_003888.3	3854847	3855298	+	452	352	330	472	103	87	99	119	75	125
SC_RS19570	NC_003888.3	3855405	3856946	+	1542	15	14	18	10	4	16	20	13	31
SC_RS19575	NC_003888.3	3857536	3857739	+	204	0	3	4	5	0	2	23	13	19
SC_RS19580	NC_003888.3	3857726	3858133	+	408	3	4	4	0	0	1	33	6	28
SC_RS19585	NC_003888.3	3858421	3859008	-	588	24	26	25	16	13	23	57	33	53
SC_RS19590	NC_003888.3	3859063	3860043	-	981	3	7	8	4	8	2	62	12	53
SC_RS19595	NC_003888.3	3860040	3860717	-	678	1	3	2	1	1	1	43	9	33
SC_RS19600	NC_003888.3	3861209	3862690	-	1482	27	20	31	51	44	53	175	113	144
SC_RS19605	NC_003888.3	3863148	3863927	-	780	42	38	46	27	19	15	115	60	78
SC_RS19610	NC_003888.3	3863976	3864986	-	1011	27	30	31	16	11	19	74	35	58
SC_RS19615	NC_003888.3	3865049	3865636	-	588	11	16	25	9	12	11	38	16	47
SC_RS19620	NC_003888.3	3865647	3867689	-	2043	129	95	152	90	97	122	239	112	158
SC_RS19625	NC_003888.3	3867696	3869450	-	1755	97	85	105	45	44	53	169	66	126
SC_RS19630	NC_003888.3	3869438	3870205	-	768	37	58	61	26	29	26	51	22	47
SC_RS19635	NC_003888.3	3870261	3871187	-	927	32	26	22	18	9	20	70	36	62
SC_RS19640	NC_003888.3	3871177	3872142	-	966	11	19	21	16	15	9	52	23	56
SC_RS19645	NC_003888.3	3872165	3873454	-	1290	29	41	46	24	31	32	108	41	73
SC_RS19650	NC_003888.3	3873639	3874676	+	1038	274	225	347	149	134	153	195	145	192
SC_RS19655	NC_003888.3	3874908	3876263	+	1356	26	26	49	32	20	34	131	31	93
SC_RS19660	NC_003888.3	3877191	3877628	+	438	45	29	56	28	28	24	72	90	85
SC_RS19665	NC_003888.3	3877724	3878659	+	936	43	48	66	75	44	70	77	38	84
SC_RS19670	NC_003888.3	3878757	3879503	-	747	2	0	0	4	1	1	45	15	43
SC_RS19675	NC_003888.3	3880083	3881228	+	1146	11	16	27	0	2	1	111	14	82
SC_RS19680	NC_003888.3	3881317	3881625	+	309	1	2	2	1	0	0	14	4	12
SC_RS19685	NC_003888.3	3881625	3882305	+	681	1	3	3	0	0	2	47	13	29
SC_RS19690	NC_003888.3	3882333	3883742	+	1410	11	7	7	4	2	0	82	16	67
SC_RS19695	NC_003888.3	3883874	3885340	+	1467	3	3	3	0	1	2	80	17	69
SC_RS19700	NC_003888.3	3885367	3885819	+	453	1	1	0	1	2	0	24	7	16
SC_RS19705	NC_003888.3	3885846	3887351	+	1506	3	4	10	0	1	0	96	24	78
SC_RS19710	NC_003888.3	3887384	3888079	+	696	3	3	3	3	5	5	46	18	41
SC_RS19715	NC_003888.3	3888210	3888821	+	612	1	3	1	0	1	0	30	8	41
SC_RS19720	NC_003888.3	3888872	3889636	+	765	3	9	2	4	2	7	37	13	48
SC_RS19725	NC_003888.3	3889752	3890456	-	705	13	16	26	65	48	85	100	68	85
SC_RS19730	NC_003888.3	3890457	3890792	-	336	10	10	10	13	17	21	46	30	43
SC_RS19735	NC_003888.3	3891104	3891829	+	726	0	5	8	5	5	6	67	19	62
SC_RS19740	NC_003888.3	3891921	3892586	+	666	3	4	6	4	3	0	58	6	39
SC_RS19745	NC_003888.3	3892682	3893122	+	441	3	9	6	2	1	6	22	7	17
SC_RS19750	NC_003888.3	3893202	3894470	+	1269	4	5	5	1	0	2	66	18	57
SC_RS19755	NC_003888.3	3894467	3894697	+	231	0	0	0	0	0	0	20	2	12
SC_RS19760	NC_003888.3	3894694	3895866	+	1173	1	1	5	1	2	0	87	21	83
SC_RS19765	NC_003888.3	3896019	3896120	+	102	0	0	1	1	0	0	10	4	7
SC_RS19770	NC_003888.3	3896173	3897147	+	975	3	5	2	1	0	2	62	7	64
SC_RS19775	NC_003888.3	3897241	3897840	+	600	0	0	1	0	1	1	33	7	32
SC_RS19780	NC_003888.3	3897837	3898616	+	780	0	0	0	0	2	0	51	10	52
SC_RS19785	NC_003888.3	3898613	3899089	+	477	0	1	0	1	1	0	34	7	14
SC_RS19790	NC_003888.3	3899086	3899751	+	666	0	0	0	2	0	0	39	6	35
SC_RS19795	NC_003888.3	3899748	3902345	+	2598	14	15	12	10	4	8	176	25	143
SC_RS19800	NC_003888.3	3902381	3904501	+	2121	109	115	126	53	50	59	195	113	184
SC_RS19805	NC_003888.3	3904526	3904624	+	99	10	4	6	6	2	4	23	10	11
SC_RS19810	NC_003888.3	3904869	3905723	-	855	339	333	436	709	579	678	598	552	423
SC_RS19815	NC_003888.3	3905832	3906095	-	264	109	93	111	211	181	194	136	123	111
SC_RS19820	NC_003888.3	3906058	3906735	-	678	365	322	448	844	838	840	572	521	485
SC_RS19825	NC_003888.3	3907269	3908108	+	840	4	2	0	6	4	4	23	5	28
SC_RS19830	NC_003888.3	3908338	3908411	-	74	6	0	1	5	1	0	14	2	12
SC_RS19835	NC_003888.3	3908520	3910139	-	1620	28	29	33	126	131	133	163	148	152
SC_RS19840	NC_003888.3	3910252	3911457	-	1206	1238	1068	1420	231	180	228	225	194	182
SC_RS19845	NC_003888.3	3911610	3914879	-	3270	6318	6571	8160	2108	1771	2320	1814	1908	1572
SC_RS19850	NC_003888.3	3915027	3917885	-	2859	3763	3336	4517	3012	2606	3849	1666	1672	1365
SC_RS19855	NC_003888.3	3918154	3918351	-	198	99	96	126	452	392	383	215	196	141
SC_RS19860	NC_003888.3	3918572	3920089	-	1518	1034	995	1252	643	579	647	602	463	517
SC_RS19865	NC_003888.3	3920177	3920767	-	591	707	577	862	746	670	694	317	235	197
SC_RS19870	NC_003888.3	3920987	3923371	-	2385	54	40	58	595	520	520	635	580	492
SC_RS19875	NC_003888.3	3923710	3924141	-	432	1315	1233	1581	3235	2857	2917	2162	2348	2104
SC_RS19880	NC_003888.3	3924251	3924592	-	342	1890	1921	2647	5931	4839	5006	4515	4786	3942
SC_RS19885	NC_003888.3	3924675	3927149	+	2475	353	339	449	190	119	165	341	153	263
SC_RS19890	NC_003888.3	3927094	3927531	-	438	29	33	35	13	24	15	52	18	43
SC_RS19895	NC_003888.3	3927783	3928235	-	453	19	21	18	17	9	15	59	21	42
SC_RS19900	NC_003888.3	3928243	3928470	-	228	0	2	3	2	2	0	13	1	17
SC_RS19905	NC_003888.3	3928551	3929354	-	804	4	4	12	12	13	15	50	14	53
SC_RS19910	NC_003888.3	3929351	3930286	-	936	13	8	7	7	7	3	60	11	38
SC_RS19915	NC_003888.3	3930322	3931494	-	1173	12	9	8	19	4	19	79	19	83
SC_RS19920	NC_003888.3	3931899	3933089	-	1191	19	8	27	47	30	41	114	31	78
SC_RS19925	NC_003888.3	3933701	3934558	+	858	393	413	548	203	177	254	191	147	164
SC_RS19930	NC_003888.3	3934978	3935802	-	825	906	948	1222	202	172	212	222	176	266
SC_RS19935	NC_003888.3	3935914	3936894	+	981	112	118	132	151	141	195	232	167	199
SC_RS19940	NC_003888.3	3936946	3938241	-	1296	35	29	23	31	25	56	134	51	108
SC_RS19945	NC_003888.3	3938497	3940989	+	2493	151	130	175	97	90	137	480	302	375
SC_RS19950	NC_003888.3	3941251	3943206	+	1956	842	850	987	759	694	700	917	878	764
SC_RS19955	NC_003888.3	3943390	3944814	+	1425	2702	2599	3294	344	257	403	368	331	282
SC_RS19960	NC_003888.3	3944949	3945437	+	489	916	943	1157	418	367	376	221	199	177
SC_RS19965	NC_003888.3	3945434	3946408	+	975	451	434	559	209	226	245	189	189	159
SC_RS19970	NC_003888.3	3946569	3946754	+	186	50	38	60	133	89	89	361	295	274
SC_RS19975	NC_003888.3	3946803	3948008	-	1206	600	598	738	550	440	563	377	334	360
SC_RS19980	NC_003888.3	3948054	3948797	-	744	600	541	629	523	399	511	432	423	401
SC_RS19985	NC_003888.3	3948850	3949956	-	1107	1024	1079	1384	982	928	1086	703	664	536
SC_RS19990	NC_003888.3	3950326	3951000	+	675	2013	1972	2540	1502	1526	1673	1204	1199	856
SC_RS19995	NC_003888.3	3951085	3951927	-	843	256	267	342	115	102	98	141	105	113
SC_RS20000	NC_003888.3	3951924	3952862	-	939	333	257	341	75	67	92	150	101	96
SC_RS20005	NC_003888.3	3952921	3953985	-	1065	710	655	843	255	235	282	231	229	205
SC_RS20010	NC_003888.3	3954219	3954686	-	468	1772	1764	2289	1003	932	1048	540	596	490
SC_RS20015	NC_003888.3	3954683	3954844	-	162	35	26	36	12	9	6	31	7	15
SC_RS20020	NC_003888.3	3954997	3955974	+	978	753	761	977	952	688	877	772	873	748
SC_RS20025	NC_003888.3	3955971	3957416	+	1446	435	411	511	961	612	643	1092	726	1026
SC_RS20030	NC_003888.3	3957444	3957782	-	339	108	83	134	9075	7713	7790	7562	8674	7472
SC_RS20035	NC_003888.3	3958243	3960513	+	2271	2083	2018	2579	1582	1406	1749	848	751	652
SC_RS20040	NC_003888.3	3960641	3961105	-	465	1215	1195	1645	614	684	633	340	316	279
SC_RS20045	NC_003888.3	3961226	3962155	+	930	584	558	765	392	292	437	445	334	304
SC_RS20050	NC_003888.3	3962279	3963043	+	765	30	40	47	13	18	13	89	28	44
SC_RS20055	NC_003888.3	3963111	3963184	+	74	8	7	10	1	5	3	7	2	11
SC_RS20060	NC_003888.3	3963313	3964058	+	746	32	42	55	5	8	12	55	20	36
SC_RS20065	NC_003888.3	3964141	3964956	-	816	338	301	367	178	160	158	203	109	152
SC_RS20070	NC_003888.3	3965144	3965740	-	597	2	0	1	0	1	0	59	19	46
SC_RS20075	NC_003888.3	3965625	3966812	+	1188	3	2	9	5	2	0	121	25	71
SC_RS20080	NC_003888.3	3966835	3967929	-	1095	45	41	36	46	31	44	164	85	142
SC_RS20085	NC_003888.3	3967922	3968617	-	696	30	38	59	42	38	51	145	72	109
SC_RS20090	NC_003888.3	3968694	3968819	-	126	0	0	3	0	2	0	13	0	11
SC_RS20095	NC_003888.3	3968822	3969814	+	993	22	27	20	11	17	17	99	33	55
SC_RS20100	NC_003888.3	3970005	3971198	+	1194	13	17	24	14	3	6	93	21	95
SC_RS20105	NC_003888.3	3971293	3972306	+	1014	3	1	4	5	3	2	46	12	44
SC_RS20110	NC_003888.3	3972317	3973357	+	1041	16	14	13	9	4	3	89	23	66
SC_RS20115	NC_003888.3	3973354	3973962	+	609	4	5	4	1	4	4	45	12	50
SC_RS20120	NC_003888.3	3974012	3974824	-	813	38	37	40	20	14	22	66	15	80
SC_RS20125	NC_003888.3	3974836	3975705	-	870	8	6	7	1	6	6	46	14	54
SC_RS20130	NC_003888.3	3975852	3976808	-	957	44	45	62	7	22	13	83	17	67
SC_RS20135	NC_003888.3	3976873	3977412	+	540	34	41	58	11	7	22	71	25	43
SC_RS20140	NC_003888.3	3977529	3978014	+	486	170	185	240	47	52	35	91	51	74
SC_RS20145	NC_003888.3	3978061	3979272	-	1212	899	759	1114	5	12	10	84	15	84
SC_RS20150	NC_003888.3	3979806	3981350	-	1545	37	33	45	9	8	11	135	29	79
SC_RS20155	NC_003888.3	3981549	3981839	-	291	27	20	24	8	10	7	34	9	23
SC_RS20160	NC_003888.3	3982106	3982402	+	297	85	75	134	37	42	53	66	56	66
SC_RS20165	NC_003888.3	3982525	3983607	+	1083	634	549	748	204	187	222	243	141	182
SC_RS20170	NC_003888.3	3983677	3985146	-	1470	3133	2484	3046	433	256	291	224	137	184
SC_RS20175	NC_003888.3	3985241	3985750	-	510	4229	3321	4324	544	291	380	207	194	183
SC_RS20180	NC_003888.3	3985984	3987855	+	1872	288	222	289	165	132	183	251	205	233
SC_RS20185	NC_003888.3	3988036	3989856	-	1821	929	992	1160	1325	1279	1506	810	683	624
SC_RS20190	NC_003888.3	3989989	3990816	+	828	1362	1418	1787	498	395	429	621	557	542
SC_RS20195	NC_003888.3	3990912	3992276	-	1365	1113	1003	1269	411	399	534	555	511	445
SC_RS20200	NC_003888.3	3992273	3992845	-	573	731	672	759	275	232	353	383	318	341
SC_RS20205	NC_003888.3	3993330	3994418	-	1089	1792	1687	1983	933	878	916	561	557	538
SC_RS20210	NC_003888.3	3994418	3995695	-	1278	3467	3374	4435	3502	3224	3479	2346	2332	1754
SC_RS20215	NC_003888.3	3995973	3996191	+	219	47	36	65	99	73	51	77	38	82
SC_RS20220	NC_003888.3	3996276	3996935	-	660	637	614	839	1356	1250	1348	1028	1047	894
SC_RS20225	NC_003888.3	3996928	3997527	-	600	1100	1069	1249	2310	1980	2292	1648	1698	1397
SC_RS20230	NC_003888.3	3997626	3997973	-	348	1004	978	1218	1020	771	774	694	584	516
SC_RS20235	NC_003888.3	3998255	3999019	+	765	30	32	34	231	243	261	235	182	237
SC_RS20240	NC_003888.3	3999086	4001437	-	2352	1624	1357	1981	447	449	399	1103	1181	1098
SC_RS20245	NC_003888.3	4001665	4003020	+	1356	428	387	541	633	576	640	673	560	575
SC_RS20250	NC_003888.3	4003147	4003848	+	702	140	109	174	45	38	23	66	48	74
SC_RS20255	NC_003888.3	4003965	4004615	+	651	205	209	248	67	44	62	218	151	194
SC_RS20260	NC_003888.3	4004631	4004921	-	291	150	171	207	89	75	105	157	158	159
SC_RS20265	NC_003888.3	4004960	4005844	-	885	227	203	288	56	65	67	111	85	98
SC_RS20270	NC_003888.3	4005960	4006160	-	201	48	31	33	0	4	3	8	2	11
SC_RS20275	NC_003888.3	4006237	4006728	-	492	422	371	542	59	54	66	69	50	79
SC_RS20280	NC_003888.3	4006900	4008183	-	1284	4318	4412	5511	2333	2060	2446	837	920	648
SC_RS20285	NC_003888.3	4008369	4009274	+	906	50	54	57	11	14	10	100	48	83
SC_RS20290	NC_003888.3	4009352	4009780	+	429	159	134	183	64	50	45	82	57	59
SC_RS20295	NC_003888.3	4009793	4010302	-	510	181	156	221	83	47	67	91	55	90
SC_RS20300	NC_003888.3	4010391	4011326	+	936	34	28	29	9	9	4	74	29	56
SC_RS20305	NC_003888.3	4011323	4012942	+	1620	48	45	58	15	10	12	105	36	79
SC_RS20310	NC_003888.3	4013073	4013537	+	465	4	7	12	1	1	1	27	3	26
SC_RS20315	NC_003888.3	4013595	4013918	+	324	172	124	180	41	16	19	140	119	127
SC_RS20320	NC_003888.3	4013901	4015136	-	1236	89	70	82	82	76	84	165	76	123
SC_RS20325	NC_003888.3	4015183	4015701	+	519	69	51	75	72	44	51	83	57	66
SC_RS20330	NC_003888.3	4015726	4016391	-	666	47	58	63	49	44	44	87	37	59
SC_RS20335	NC_003888.3	4016388	4017806	-	1419	168	174	204	112	59	107	154	87	143
SC_RS20340	NC_003888.3	4017820	4018506	-	687	32	37	55	39	29	30	70	30	45
SC_RS20345	NC_003888.3	4018503	4019882	-	1380	170	152	192	86	56	66	142	77	127
SC_RS20350	NC_003888.3	4019875	4021137	-	1263	2	4	5	6	4	4	78	15	62
SC_RS20355	NC_003888.3	4021130	4022119	-	990	60	65	62	14	7	0	68	21	61
SC_RS20360	NC_003888.3	4022264	4023169	-	906	383	346	405	29	27	32	98	49	101
SC_RS20365	NC_003888.3	4023366	4024598	-	1233	272	326	367	112	109	121	266	264	289
SC_RS20370	NC_003888.3	4024591	4025406	-	816	247	305	344	136	115	141	227	194	202
SC_RS20375	NC_003888.3	4025550	4025963	-	414	1036	1043	1270	655	691	694	576	614	461
SC_RS20380	NC_003888.3	4026217	4027671	-	1455	107	96	137	63	54	59	158	96	137
SC_RS20385	NC_003888.3	4027742	4028773	-	1032	5118	4909	6428	2157	2224	2211	1405	1550	1157
SC_RS20390	NC_003888.3	4028946	4029494	-	549	1165	1149	1459	352	280	377	199	184	149
SC_RS20395	NC_003888.3	4029505	4030293	-	789	374	400	419	201	220	246	176	134	113
SC_RS20400	NC_003888.3	4030362	4031246	-	885	154	158	167	552	503	536	638	633	551
SC_RS20405	NC_003888.3	4031299	4032045	-	747	37	23	34	98	75	99	135	89	96
SC_RS20410	NC_003888.3	4032042	4033202	-	1161	9	17	14	18	11	14	86	38	75
SC_RS20415	NC_003888.3	4033456	4035120	-	1665	30	22	27	307	275	302	370	289	303
SC_RS20420	NC_003888.3	4035252	4035788	-	537	65	50	52	233	204	217	560	438	437
SC_RS20425	NC_003888.3	4036189	4036482	-	294	99	83	109	12	3	5	78	87	96
SC_RS20430	NC_003888.3	4036689	4037879	+	1191	186	175	232	145	154	192	176	85	116
SC_RS20435	NC_003888.3	4037975	4038511	-	537	1577	1584	2043	2505	2439	2490	1827	1851	1382
SC_RS20440	NC_003888.3	4038637	4040280	-	1644	117	97	132	311	304	291	484	424	443
SC_RS20445	NC_003888.3	4040450	4043047	-	2598	2240	2104	2776	4401	3605	3762	1955	2150	1890
SC_RS20450	NC_003888.3	4043330	4043665	-	336	455	409	579	9796	8632	8862	7398	5743	4986
SC_RS20455	NC_003888.3	4043964	4045001	+	1038	439	454	602	407	309	342	244	211	221
SC_RS20460	NC_003888.3	4044998	4045981	+	984	186	174	229	111	98	131	161	85	111
SC_RS20465	NC_003888.3	4045944	4046981	-	1038	244	240	287	165	142	153	231	180	217
SC_RS20470	NC_003888.3	4047138	4048256	-	1119	596	570	718	350	322	340	283	183	192
SC_RS20475	NC_003888.3	4048460	4048915	-	456	1032	856	1192	308	284	288	349	455	349
SC_RS20480	NC_003888.3	4048921	4050120	-	1200	7051	6098	8213	2169	1829	1863	2651	3223	2614
SC_RS20485	NC_003888.3	4050163	4050840	-	678	4678	4051	5315	2226	1752	1853	1958	2272	1907
SC_RS20490	NC_003888.3	4050837	4052693	-	1857	15837	14327	18899	6917	6552	6763	10134	10881	7922
SC_RS20495	NC_003888.3	4052789	4054024	-	1236	73	70	86	13	11	20	95	26	95
SC_RS20500	NC_003888.3	4054268	4056550	+	2283	2216	2243	2766	555	496	653	555	521	471
SC_RS20505	NC_003888.3	4056685	4057986	+	1302	120	99	157	15	16	19	102	24	90
SC_RS20510	NC_003888.3	4058105	4059337	+	1233	137	148	195	148	126	127	212	121	178
SC_RS20515	NC_003888.3	4059415	4060467	+	1053	1847	1787	2371	1144	1092	1343	1509	1667	1477
SC_RS20520	NC_003888.3	4060547	4061044	-	498	663	681	865	295	264	289	163	162	128
SC_RS20525	NC_003888.3	4061079	4061654	-	576	1693	1433	2026	585	555	635	459	377	338
SC_RS20530	NC_003888.3	4062164	4062237	+	74	5	0	5	0	1	1	29	6	20
SC_RS20535	NC_003888.3	4062764	4064491	+	1728	40	53	74	27	24	42	143	60	157
SC_RS20540	NC_003888.3	4064888	4065388	+	501	36	31	41	8	9	10	91	56	83
SC_RS20545	NC_003888.3	4065489	4066526	+	1038	41	40	51	12	12	14	166	69	164
SC_RS20550	NC_003888.3	4066523	4066807	-	285	15	15	25	3	7	12	44	33	51
SC_RS20555	NC_003888.3	4066804	4067394	-	591	54	48	55	39	28	53	112	108	141
SC_RS20560	NC_003888.3	4067767	4068168	+	402	27	28	38	16	10	29	72	37	65
SC_RS20565	NC_003888.3	4068136	4068669	-	534	70	62	88	38	30	68	103	61	86
SC_RS20570	NC_003888.3	4069088	4069687	+	600	44	23	51	22	24	26	84	36	77
SC_RS20575	NC_003888.3	4069691	4070653	+	963	31	33	47	21	18	32	89	53	99
SC_RS20580	NC_003888.3	4071140	4071427	+	288	74	85	119	30	26	26	53	30	60
SC_RS20585	NC_003888.3	4071572	4072381	+	810	34	44	50	7	5	16	67	20	32
SC_RS20590	NC_003888.3	4072381	4073649	+	1269	16	16	18	3	7	8	79	19	72
SC_RS20595	NC_003888.3	4073646	4074005	+	360	9	7	10	1	0	1	29	11	27
SC_RS20600	NC_003888.3	4074209	4074751	+	543	105	97	131	132	88	113	203	206	207
SC_RS20605	NC_003888.3	4074756	4075130	-	375	9	21	4	14	10	4	62	28	41
SC_RS20610	NC_003888.3	4075150	4075605	-	456	12	7	12	15	9	6	76	70	71
SC_RS20615	NC_003888.3	4075938	4076306	+	369	56	51	55	46	33	54	90	44	91
SC_RS20620	NC_003888.3	4076370	4077469	-	1100	24	34	32	21	12	31	88	27	81
SC_RS20625	NC_003888.3	4077583	4078692	-	1110	19	24	17	43	41	40	89	33	68
SC_RS20630	NC_003888.3	4078689	4078997	-	309	14	3	5	6	6	15	39	10	33
SC_RS20635	NC_003888.3	4079089	4079502	+	414	2	5	8	7	8	5	51	12	43
SC_RS20640	NC_003888.3	4079499	4079681	+	183	0	1	1	4	1	6	14	1	11
SC_RS20645	NC_003888.3	4079863	4080510	+	648	16	10	21	46	25	42	86	44	68
SC_RS20650	NC_003888.3	4080650	4081045	+	396	70	53	97	62	31	45	72	33	37
SC_RS20655	NC_003888.3	4081222	4082031	+	810	189	139	180	32	35	37	64	41	60
SC_RS20660	NC_003888.3	4082028	4082879	+	852	48	60	59	21	28	24	49	11	50
SC_RS20665	NC_003888.3	4082876	4084000	+	1125	50	38	49	24	20	13	102	21	75
SC_RS20670	NC_003888.3	4084035	4084604	-	570	28	30	33	7	6	11	35	14	61
SC_RS20675	NC_003888.3	4084704	4085324	-	621	29	38	64	16	14	12	57	30	53
SC_RS20680	NC_003888.3	4085317	4085871	-	555	46	39	73	14	17	21	67	41	49
SC_RS20685	NC_003888.3	4086039	4087673	+	1635	2543	2097	2686	262	161	255	546	462	597
SC_RS20690	NC_003888.3	4087658	4088053	+	396	160	129	142	23	11	20	79	54	80
SC_RS20695	NC_003888.3	4088208	4088984	+	777	1856	1579	2114	160	141	145	378	562	526
SC_RS20700	NC_003888.3	4088998	4089204	-	207	56	31	48	47	35	33	120	112	114
SC_RS20705	NC_003888.3	4089285	4090508	-	1224	92	71	134	795	730	638	1706	1408	1424
SC_RS20710	NC_003888.3	4090564	4091245	-	682	376	332	414	247	176	225	271	232	251
SC_RS20715	NC_003888.3	4091267	4091944	-	678	11	12	19	6	8	7	49	16	35
SC_RS20720	NC_003888.3	4091950	4094073	-	2124	63	49	57	15	18	18	125	42	93
SC_RS20725	NC_003888.3	4094070	4095734	-	1665	24	27	40	12	9	9	101	26	83
SC_RS20730	NC_003888.3	4095742	4095831	-	90	20	11	8	7	4	2	14	2	15
SC_RS20735	NC_003888.3	4096157	4096780	-	624	94	85	104	48	44	20	66	32	65
SC_RS20740	NC_003888.3	4096845	4097198	-	354	77	65	77	34	30	40	43	30	45
SC_RS20745	NC_003888.3	4097457	4098950	+	1494	115	86	141	33	13	10	139	21	88
SC_RS20750	NC_003888.3	4098986	4099411	-	426	712	657	980	223	181	192	48	30	49
SC_RS20755	NC_003888.3	4099520	4100809	-	1290	434	470	560	36	58	51	158	75	112
SC_RS20760	NC_003888.3	4100888	4101508	-	621	47	42	37	41	31	37	89	44	66
SC_RS20765	NC_003888.3	4101639	4102223	+	585	722	703	825	259	229	250	281	257	244
SC_RS20770	NC_003888.3	4102349	4103080	-	732	127	99	128	31	13	28	62	30	56
SC_RS20775	NC_003888.3	4103188	4103841	-	654	146	141	187	84	72	93	95	90	106
SC_RS20780	NC_003888.3	4104198	4105055	+	858	26	28	24	11	8	21	94	28	64
SC_RS20785	NC_003888.3	4105340	4105543	+	204	29433	27970	38147	2521	3080	4749	6366	6438	5821
SC_RS20790	NC_003888.3	4105819	4107405	+	1587	3062	2725	3471	290	407	570	570	504	475
SC_RS20795	NC_003888.3	4107493	4107822	+	330	895	891	1069	114	121	157	167	174	178
SC_RS20800	NC_003888.3	4107830	4108183	-	354	131	146	152	32	14	15	35	11	40
SC_RS20805	NC_003888.3	4108183	4108752	-	570	66	73	71	6	6	14	40	17	25
SC_RS20810	NC_003888.3	4108736	4109227	-	492	23	35	44	16	18	17	28	25	40
SC_RS20815	NC_003888.3	4109279	4109905	-	627	85	98	118	25	24	29	71	44	46
SC_RS20820	NC_003888.3	4109902	4110291	-	390	44	39	62	8	12	13	34	11	28
SC_RS20825	NC_003888.3	4110508	4111512	+	1005	21	35	41	9	16	7	90	19	81
SC_RS20830	NC_003888.3	4111533	4112645	-	1113	74	71	111	50	31	59	102	42	88
SC_RS20835	NC_003888.3	4112648	4113550	-	903	68	69	108	46	38	38	92	36	87
SC_RS20840	NC_003888.3	4113665	4114393	+	729	7	13	19	10	7	11	50	19	40
SC_RS20845	NC_003888.3	4114399	4115031	+	633	10	6	11	9	7	11	42	9	25
SC_RS20850	NC_003888.3	4115028	4115813	+	786	5	6	7	3	2	10	41	11	40
SC_RS20855	NC_003888.3	4116154	4117392	-	1239	16	13	28	13	22	21	81	32	105
SC_RS20860	NC_003888.3	4117506	4118876	+	1371	54	80	89	16	14	12	99	32	104
SC_RS20865	NC_003888.3	4118957	4119160	-	204	16845	16893	21721	1195	1268	1901	5058	5149	4764
SC_RS20870	NC_003888.3	4119416	4120072	-	657	146	171	210	56	43	40	137	88	134
SC_RS20875	NC_003888.3	4120212	4121462	-	1251	135	110	150	95	69	59	144	101	148
SC_RS20880	NC_003888.3	4121664	4121933	+	270	3	1	4	3	0	3	17	7	16
SC_RS20885	NC_003888.3	4121930	4122688	+	759	6	4	4	2	2	1	43	11	45
SC_RS20890	NC_003888.3	4122691	4125243	+	2553	18	21	24	10	13	13	155	48	116
SC_RS20895	NC_003888.3	4125465	4127978	-	2514	31	30	44	14	6	9	177	48	128
SC_RS20900	NC_003888.3	4127975	4128817	-	843	28	25	27	6	7	10	44	32	71
SC_RS20905	NC_003888.3	4128978	4129652	-	675	79	93	110	53	44	29	57	30	57
SC_RS20910	NC_003888.3	4129649	4130926	-	1278	322	269	407	149	123	123	132	69	99
SC_RS20915	NC_003888.3	4131008	4132060	-	1053	18	12	11	3	3	1	72	21	69
SC_RS20920	NC_003888.3	4132135	4133346	-	1212	12	7	8	4	5	4	61	17	70
SC_RS20925	NC_003888.3	4133355	4134332	-	978	137	151	177	30	19	20	72	28	71
SC_RS20930	NC_003888.3	4134484	4134996	-	513	460	354	464	165	120	114	200	151	164
SC_RS20935	NC_003888.3	4135438	4137522	-	2085	518	471	596	604	498	523	683	613	585
SC_RS20940	NC_003888.3	4137713	4138738	-	1026	791	782	938	155	161	257	231	184	201
SC_RS20945	NC_003888.3	4138735	4140114	-	1380	2635	2652	3230	659	556	981	799	935	694
SC_RS20950	NC_003888.3	4140385	4141329	+	945	974	859	1187	241	200	258	243	166	174
SC_RS20955	NC_003888.3	4141437	4141892	+	456	2534	2726	3102	1434	1335	1871	1002	1074	750
SC_RS20960	NC_003888.3	4141996	4142244	+	249	2067	2059	2500	583	490	597	461	498	365
SC_RS20965	NC_003888.3	4142257	4142994	-	738	567	547	758	150	114	120	118	117	118
SC_RS20970	NC_003888.3	4143115	4144254	+	1140	188	202	253	2	9	11	80	23	77
SC_RS20975	NC_003888.3	4144272	4145912	-	1641	44	41	53	8	11	9	133	42	106
SC_RS20980	NC_003888.3	4145930	4146976	-	1047	22	25	25	3	3	3	80	31	75
SC_RS20985	NC_003888.3	4147062	4148024	+	963	113	140	143	17	11	17	84	30	86
SC_RS20990	NC_003888.3	4148686	4149564	+	879	69	60	96	10	11	5	102	19	68
SC_RS20995	NC_003888.3	4149589	4151232	-	1644	18	10	17	7	3	7	104	30	102
SC_RS21000	NC_003888.3	4151472	4151843	+	372	11	15	26	7	13	6	47	33	59
SC_RS21005	NC_003888.3	4151848	4152975	+	1128	25	16	21	4	10	12	80	17	72
SC_RS21010	NC_003888.3	4153189	4154442	+	1254	53	47	76	4	6	8	98	27	64
SC_RS21015	NC_003888.3	4154591	4155571	+	981	148	142	141	37	24	30	101	49	58
SC_RS21020	NC_003888.3	4155682	4157352	+	1671	39	43	55	58	57	98	235	164	195
SC_RS21025	NC_003888.3	4157484	4158338	+	855	31	18	22	5	9	7	67	36	97
SC_RS21030	NC_003888.3	4158580	4159929	-	1350	139	124	141	122	106	152	120	61	126
SC_RS21035	NC_003888.3	4160042	4160218	+	177	17	13	13	8	9	10	27	11	18
SC_RS21040	NC_003888.3	4160268	4161347	-	1080	336	252	350	142	115	136	128	74	88
SC_RS21045	NC_003888.3	4161431	4162660	-	1230	30	44	48	16	22	15	85	32	83
SC_RS21050	NC_003888.3	4162884	4163303	+	420	19	14	21	16	9	3	30	18	38
SC_RS21055	NC_003888.3	4163376	4164320	+	945	8	4	7	6	4	8	55	8	45
SC_RS21060	NC_003888.3	4164366	4164737	+	372	11	8	14	2	7	7	38	7	18
SC_RS21065	NC_003888.3	4164773	4165789	+	1017	28	18	36	817	577	576	244	117	169
SC_RS21070	NC_003888.3	4165816	4167894	-	2079	146	112	177	20296	15636	19678	3598	3221	2269
SC_RS21075	NC_003888.3	4168158	4169495	+	1338	862	867	1019	250	230	324	201	157	143
SC_RS21080	NC_003888.3	4169611	4171227	+	1617	3636	3371	4602	1430	1316	1571	910	881	764
SC_RS21085	NC_003888.3	4171328	4171693	+	366	793	661	986	139	141	106	406	414	475
SC_RS21090	NC_003888.3	4171712	4171855	-	144	88	87	98	23	5	10	28	20	26
SC_RS21095	NC_003888.3	4171889	4172662	-	774	1339	1312	1671	289	273	293	220	202	195
SC_RS21100	NC_003888.3	4172747	4174510	-	1764	4221	4372	5505	1410	1304	1743	860	771	576
SC_RS21105	NC_003888.3	4174717	4176885	+	2169	108	122	153	72	62	63	218	78	169
SC_RS21110	NC_003888.3	4176813	4177901	-	1089	20	23	31	11	10	11	95	24	67
SC_RS21115	NC_003888.3	4177967	4178944	-	978	115	119	129	113	70	104	106	83	80
SC_RS21120	NC_003888.3	4179065	4179535	-	471	307	284	404	203	203	173	247	219	179
SC_RS21125	NC_003888.3	4179684	4181510	+	1827	4766	5374	6291	188	178	213	1338	1337	1240
SC_RS21130	NC_003888.3	4181609	4182907	+	1299	608	589	751	171	201	237	218	157	158
SC_RS21135	NC_003888.3	4183022	4183273	+	252	178	157	207	74	54	85	121	114	107
SC_RS21140	NC_003888.3	4183333	4183737	-	405	42	22	37	15	10	14	43	22	53
SC_RS21145	NC_003888.3	4183789	4184793	+	1005	70	67	96	20	10	17	93	28	57
SC_RS21150	NC_003888.3	4184790	4185284	+	495	33	27	32	12	15	9	50	32	43
SC_RS21155	NC_003888.3	4185307	4185765	-	459	74	71	111	94	68	74	120	115	123
SC_RS21160	NC_003888.3	4185833	4186627	-	795	437	394	522	572	503	574	386	361	303
SC_RS21165	NC_003888.3	4186809	4187633	+	825	220	180	220	319	345	426	276	194	220
SC_RS21170	NC_003888.3	4187758	4189068	-	1311	174	191	219	284	251	354	357	358	324
SC_RS21175	NC_003888.3	4189065	4189715	-	651	206	198	263	330	261	422	424	430	348
SC_RS21180	NC_003888.3	4189937	4190881	+	945	541	438	576	533	495	598	297	247	209
SC_RS21185	NC_003888.3	4190999	4191346	+	348	57	57	82	12	17	28	43	12	22
SC_RS21190	NC_003888.3	4191343	4192329	+	987	106	129	168	39	54	39	105	39	79
SC_RS21195	NC_003888.3	4192477	4193454	+	978	105	79	97	988	912	1242	189	144	161
SC_RS21200	NC_003888.3	4193532	4194950	-	1419	1980	1967	2280	808	619	1341	1204	1129	1079
SC_RS21205	NC_003888.3	4194961	4195941	-	981	1293	1246	1563	575	417	948	771	877	724
SC_RS21210	NC_003888.3	4195943	4197196	-	1254	1777	1633	2030	674	527	1184	1010	996	847
SC_RS21215	NC_003888.3	4197520	4198176	+	657	51	39	64	124	102	105	186	161	134
SC_RS21220	NC_003888.3	4198301	4198708	+	408	23	18	28	66	55	56	256	325	265
SC_RS21225	NC_003888.3	4198795	4200420	-	1626	4039	3854	4997	1185	1083	1362	975	929	836
SC_RS21230	NC_003888.3	4200767	4202437	+	1671	2615	2276	2860	392	295	401	721	835	778
SC_RS21235	NC_003888.3	4202553	4203092	-	540	2327	2465	3060	1678	1299	1521	1362	1413	1163
SC_RS21240	NC_003888.3	4203327	4204064	+	738	184	156	185	151	123	102	121	60	119
SC_RS21245	NC_003888.3	4204101	4205081	-	981	643	682	828	1169	1028	1159	459	469	373
SC_RS21250	NC_003888.3	4205224	4206252	+	1029	156	144	175	53	21	41	134	103	130
SC_RS21255	NC_003888.3	4206249	4207097	+	849	70	82	82	41	17	29	110	59	99
SC_RS21260	NC_003888.3	4207170	4208267	-	1098	297	279	339	378	360	438	243	211	194
SC_RS21265	NC_003888.3	4208264	4209661	-	1398	173	177	185	162	201	259	203	115	156
SC_RS21270	NC_003888.3	4209661	4210671	-	1011	169	184	213	253	237	325	168	130	132
SC_RS21275	NC_003888.3	4210796	4212271	-	1476	286	257	268	1796	1496	1945	345	290	378
SC_RS21280	NC_003888.3	4212271	4213275	-	1005	412	347	394	1577	1285	1754	370	345	413
SC_RS21285	NC_003888.3	4213272	4214438	-	1167	213	226	224	1791	1350	1968	255	237	299
SC_RS21290	NC_003888.3	4214629	4215141	+	513	83	75	70	59	48	54	90	32	66
SC_RS21295	NC_003888.3	4215177	4215806	-	630	105	90	121	226	257	257	170	142	182
SC_RS21300	NC_003888.3	4215803	4217317	-	1515	295	259	386	1075	945	1090	612	545	539
SC_RS21305	NC_003888.3	4217476	4219167	+	1692	94	119	133	2142	2555	2685	767	662	763
SC_RS21310	NC_003888.3	4219178	4219963	-	786	323	276	378	152	159	117	109	72	118
SC_RS21315	NC_003888.3	4219960	4221270	-	1311	429	374	539	273	185	259	253	170	212
SC_RS21320	NC_003888.3	4221267	4221905	-	639	388	282	462	127	131	161	139	111	119
SC_RS21325	NC_003888.3	4222523	4222852	-	330	858	817	1139	324	321	391	260	226	200
SC_RS21330	NC_003888.3	4222903	4223718	-	816	1033	983	1224	502	427	480	370	394	339
SC_RS21335	NC_003888.3	4223858	4225387	-	1530	146	120	203	134	133	145	213	108	159
SC_RS21340	NC_003888.3	4225790	4226674	+	885	29	19	24	22	23	20	114	31	89
SC_RS21345	NC_003888.3	4226761	4226847	-	87	37	32	41	7	11	3	44	15	33
SC_RS21350	NC_003888.3	4227374	4228246	+	873	3643	3174	4226	583	523	683	803	766	722
SC_RS21355	NC_003888.3	4228257	4228775	+	519	1263	1224	1533	267	275	329	305	290	250
SC_RS21360	NC_003888.3	4228917	4230464	+	1548	3635	3254	4256	1099	938	1333	1052	916	888
SC_RS21365	NC_003888.3	4230492	4231931	+	1440	1455	1391	1792	595	527	852	638	549	478
SC_RS21370	NC_003888.3	4231928	4233400	+	1473	1791	1671	2150	799	635	1025	778	705	603
SC_RS21375	NC_003888.3	4233591	4235612	+	2022	4389	4138	4962	3978	3452	3975	2953	3045	2152
SC_RS21380	NC_003888.3	4235691	4236452	-	762	374	423	573	295	270	358	261	218	218
SC_RS21385	NC_003888.3	4236466	4237524	-	1059	393	363	478	497	441	530	439	425	436
SC_RS21390	NC_003888.3	4237521	4238159	-	639	672	648	856	687	537	700	664	715	657
SC_RS21395	NC_003888.3	4238156	4238317	-	162	208	179	279	233	219	255	240	241	208
SC_RS21400	NC_003888.3	4238399	4239178	-	780	513	438	601	137	118	156	176	134	112
SC_RS21405	NC_003888.3	4239330	4239584	+	255	543	474	682	237	254	219	212	171	168
SC_RS21410	NC_003888.3	4239852	4240745	-	894	229	191	260	166	140	211	238	178	167
SC_RS21415	NC_003888.3	4240850	4241383	-	534	107	102	139	96	99	143	150	78	107
SC_RS21420	NC_003888.3	4241704	4242402	+	699	464	507	599	359	289	387	378	383	343
SC_RS21425	NC_003888.3	4242512	4243288	-	777	1321	1255	1758	1340	1322	1880	874	837	760
SC_RS21430	NC_003888.3	4243685	4243757	-	73	25	7	21	2	2	2	26	7	28
SC_RS21435	NC_003888.3	4243938	4244486	+	549	261	276	346	256	241	228	243	197	165
SC_RS21440	NC_003888.3	4244573	4246303	+	1731	319	300	387	192	199	193	272	197	220
SC_RS21445	NC_003888.3	4246345	4247670	-	1326	197	184	252	157	97	180	237	200	220
SC_RS21450	NC_003888.3	4247800	4247928	-	129	155	168	240	175	143	185	104	86	100
SC_RS21455	NC_003888.3	4248267	4248656	+	390	2	4	5	6	5	6	22	10	33
SC_RS21460	NC_003888.3	4248804	4249592	+	789	141	120	163	49	63	65	77	31	70
SC_RS21465	NC_003888.3	4249601	4250383	+	783	351	364	501	118	106	131	136	75	124
SC_RS21470	NC_003888.3	4250514	4251389	-	876	62	48	75	134	74	97	292	271	291
SC_RS21475	NC_003888.3	4251449	4251661	-	213	21	17	20	114	66	79	280	348	293
SC_RS21480	NC_003888.3	4251939	4252493	+	555	96	67	125	35	25	28	80	46	70
SC_RS21485	NC_003888.3	4252857	4257887	+	5031	2756	2683	3424	2019	1741	2060	1585	1353	1412
SC_RS21490	NC_003888.3	4258228	4258428	-	201	428	362	572	1253	1082	958	933	811	751
SC_RS21495	NC_003888.3	4258993	4259403	+	411	20	28	32	43	58	70	100	57	56
SC_RS21500	NC_003888.3	4259791	4259867	-	77	45	38	44	22	26	21	20	14	19
SC_RS21505	NC_003888.3	4259979	4260722	-	744	1464	1251	1628	612	671	749	425	413	335
SC_RS21510	NC_003888.3	4260741	4263335	-	2595	6396	6673	7347	4646	4397	5276	2728	2697	2353
SC_RS21515	NC_003888.3	4263378	4265438	-	2061	11229	11730	13944	4720	4224	5064	3796	4275	3551
SC_RS21520	NC_003888.3	4265873	4266445	-	573	479	433	550	73	51	86	80	78	83
SC_RS21525	NC_003888.3	4266442	4267563	-	1122	2408	2195	2866	263	245	300	223	224	216
SC_RS21530	NC_003888.3	4267594	4268469	-	876	5223	5097	6638	1498	1614	1725	556	594	503
SC_RS21535	NC_003888.3	4268713	4269843	-	1131	5733	5254	7033	4222	3858	3660	2499	2138	1799
SC_RS21540	NC_003888.3	4270778	4272748	-	1971	693	623	817	118	100	178	295	201	221
SC_RS21545	NC_003888.3	4273127	4273264	+	138	3517	3285	4553	425	547	628	517	458	412
SC_RS21550	NC_003888.3	4273286	4273657	+	372	1381	1107	1544	215	238	256	207	164	118
SC_RS21555	NC_003888.3	4273654	4274028	+	375	1594	1457	1852	543	472	597	421	458	373
SC_RS21560	NC_003888.3	4274032	4275327	+	1296	4579	4375	5564	1666	1660	2098	1484	1532	1109
SC_RS21565	NC_003888.3	4275343	4275855	+	513	3572	3267	4539	1133	1115	1124	1543	1523	1550
SC_RS21570	NC_003888.3	4275980	4276699	+	720	312	368	445	128	140	143	136	73	99
SC_RS21575	NC_003888.3	4277005	4278078	+	1074	1448	1502	1770	861	875	971	706	674	539
SC_RS21580	NC_003888.3	4278075	4279181	+	1107	1476	1592	1917	1591	1472	1436	1059	1128	897
SC_RS21585	NC_003888.3	4279519	4280136	+	618	448	421	563	328	311	266	340	295	329
SC_RS21590	NC_003888.3	4280212	4280544	-	333	657	683	842	1904	1695	2328	1097	1092	846
SC_RS21595	NC_003888.3	4280583	4281551	-	969	2631	2592	3241	4355	4121	6327	1698	2008	1346
SC_RS21600	NC_003888.3	4281711	4282559	-	849	117	122	156	83	81	93	118	80	105
SC_RS21605	NC_003888.3	4282577	4283287	-	711	264	291	366	143	108	165	181	128	139
SC_RS21610	NC_003888.3	4283316	4285007	-	1692	2194	1986	2555	944	801	1175	994	940	769
SC_RS21615	NC_003888.3	4285147	4287582	-	2436	1791	1829	2208	855	761	1177	777	626	586
SC_RS21620	NC_003888.3	4287627	4289990	-	2364	1532	1296	1715	471	394	667	510	339	380
SC_RS21625	NC_003888.3	4290216	4291667	+	1452	729	704	938	255	282	305	266	134	156
SC_RS21630	NC_003888.3	4291764	4292357	-	594	2208	1864	2598	295	198	142	154	162	141
SC_RS21635	NC_003888.3	4292389	4293666	-	1278	216	236	292	39	31	47	115	38	105
SC_RS21640	NC_003888.3	4293746	4294828	-	1083	14140	14893	17752	1854	1555	2069	3219	2971	1787
SC_RS21645	NC_003888.3	4294873	4295550	-	678	6264	5522	7967	723	515	818	965	1058	767
SC_RS21650	NC_003888.3	4296215	4298602	+	2388	3487	3106	4166	1586	1428	1830	1387	1326	999
SC_RS21655	NC_003888.3	4298723	4300231	+	1509	456	425	547	312	262	325	291	200	210
SC_RS21660	NC_003888.3	4300309	4301340	-	1032	1059	953	1308	967	1039	1002	611	518	472
SC_RS21665	NC_003888.3	4301402	4302523	-	1122	1317	1300	1742	1304	1244	1475	808	651	599
SC_RS21670	NC_003888.3	4302661	4302966	-	306	58	61	83	184	136	148	485	478	431
SC_RS21675	NC_003888.3	4303242	4303532	+	291	17434	16319	22755	3608	3508	4480	3161	3634	2418
SC_RS21680	NC_003888.3	4303613	4304212	+	600	24948	23283	31148	3768	3462	3810	3505	3756	2837
SC_RS21685	NC_003888.3	4304258	4304494	+	237	8117	7845	9923	1785	1706	2272	1577	1987	1246
SC_RS21690	NC_003888.3	4304513	4304959	+	447	21380	20008	26013	4560	4466	4619	4282	4815	3669
SC_RS21695	NC_003888.3	4305060	4306397	-	1338	218	225	268	207	124	204	337	251	243
SC_RS21700	NC_003888.3	4306857	4308332	+	1476	636	546	752	181	118	152	242	185	235
SC_RS21705	NC_003888.3	4308427	4309812	+	1386	235	180	239	178	134	147	152	100	128
SC_RS21710	NC_003888.3	4309887	4310339	-	453	186	162	222	205	209	216	141	76	97
SC_RS21715	NC_003888.3	4310386	4310850	-	465	354	324	375	158	139	193	160	154	124
SC_RS21720	NC_003888.3	4310991	4312205	+	1215	34	39	34	17	12	10	94	27	82
SC_RS21725	NC_003888.3	4312354	4312773	+	420	32	38	52	15	6	11	45	9	31
SC_RS21730	NC_003888.3	4312891	4313757	-	867	286	290	376	390	371	349	235	226	198
SC_RS21735	NC_003888.3	4313836	4314318	-	483	15	6	5	33	25	18	155	152	131
SC_RS21740	NC_003888.3	4314389	4315294	-	906	60	55	60	40	40	51	150	87	95
SC_RS21745	NC_003888.3	4315547	4316725	-	1179	1082	1098	1378	427	450	556	388	301	295
SC_RS21750	NC_003888.3	4316722	4317216	-	495	392	439	515	184	162	205	123	110	91
SC_RS21755	NC_003888.3	4317222	4317599	-	378	222	214	305	89	101	109	109	67	79
SC_RS21760	NC_003888.3	4317659	4317976	+	318	74	58	83	55	59	38	65	45	46
SC_RS21765	NC_003888.3	4318118	4318330	+	213	320	259	348	463	261	333	938	1123	986
SC_RS21770	NC_003888.3	4318648	4319373	+	726	153	138	174	157	81	105	171	132	126
SC_RS21775	NC_003888.3	4319474	4319911	+	438	50	29	52	169	157	128	207	145	180
SC_RS21780	NC_003888.3	4319961	4321502	-	1542	217	199	290	371	322	396	244	182	220
SC_RS21785	NC_003888.3	4321756	4323594	+	1839	246	214	271	118	61	139	229	123	194
SC_RS21790	NC_003888.3	4324441	4325793	-	1353	356	297	397	1696	1481	1624	1373	1307	1114
SC_RS21795	NC_003888.3	4325990	4326556	+	567	3	5	1	6	3	2	52	23	54
SC_RS21800	NC_003888.3	4326866	4327165	+	300	0	0	6	4	2	4	43	15	34
SC_RS21805	NC_003888.3	4327576	4328355	-	780	158	149	191	87	85	97	157	169	153
SC_RS21810	NC_003888.3	4328521	4328871	+	351	0	4	1	1	1	2	27	5	25
SC_RS21815	NC_003888.3	4328871	4330172	+	1302	5	8	11	1	3	0	74	22	71
SC_RS21820	NC_003888.3	4330169	4330366	+	198	2	1	1	1	0	0	19	5	14
SC_RS21825	NC_003888.3	4330663	4332021	+	1359	6	4	14	5	1	4	122	17	90
SC_RS21830	NC_003888.3	4332160	4333725	-	1566	149	136	162	249	240	277	326	215	292
SC_RS21835	NC_003888.3	4333802	4333930	+	129	1	0	0	1	2	0	11	3	9
SC_RS21840	NC_003888.3	4334010	4335458	+	1449	68	82	94	85	71	91	203	94	121
SC_RS21845	NC_003888.3	4335483	4336355	-	873	370	351	421	842	734	751	1239	1391	1137
SC_RS21850	NC_003888.3	4336537	4337643	-	1107	2040	1883	2561	533	434	593	522	453	411
SC_RS21855	NC_003888.3	4338034	4339146	-	1113	31	28	30	48	65	30	402	247	283
SC_RS21860	NC_003888.3	4339565	4340644	+	1080	1439	1560	1889	832	771	849	703	648	610
SC_RS21865	NC_003888.3	4340932	4342437	+	1506	14670	15938	20677	925	1190	1732	1702	2611	1970
SC_RS21870	NC_003888.3	4342458	4343462	+	1005	5796	6484	8353	155	240	278	591	582	686
SC_RS21875	NC_003888.3	4343538	4347056	+	3519	7404	7997	10242	262	310	374	766	714	860
SC_RS21880	NC_003888.3	4347161	4348843	+	1683	128	147	157	24	26	34	159	75	132
SC_RS21885	NC_003888.3	4348966	4350015	+	1050	28	25	13	13	13	7	76	26	74
SC_RS21890	NC_003888.3	4350063	4350950	-	888	270	225	256	344	346	406	392	283	315
SC_RS21895	NC_003888.3	4351038	4351943	-	906	371	339	427	220	259	292	230	173	194
SC_RS21900	NC_003888.3	4351997	4352455	-	459	52	56	69	7	12	14	43	14	26
SC_RS21905	NC_003888.3	4352462	4353010	-	549	95	80	120	32	13	30	43	32	42
SC_RS21910	NC_003888.3	4353121	4354878	-	1758	14	19	26	32	30	35	154	88	142
SC_RS21915	NC_003888.3	4354875	4355735	-	861	7	8	10	6	7	5	88	25	59
SC_RS21920	NC_003888.3	4355990	4356952	+	963	559	407	594	301	235	429	2363	2691	2440
SC_RS21925	NC_003888.3	4356942	4357850	+	909	251	245	320	130	138	216	855	810	841
SC_RS21930	NC_003888.3	4357847	4358758	+	912	395	280	360	165	155	233	693	777	746
SC_RS21935	NC_003888.3	4358770	4359489	+	720	374	287	388	180	137	132	569	571	556
SC_RS21940	NC_003888.3	4359709	4360551	-	843	1274	1218	1619	410	371	481	308	286	271
SC_RS21945	NC_003888.3	4360548	4361825	-	1278	3960	3665	4878	1396	1175	1632	808	752	669
SC_RS21950	NC_003888.3	4362335	4363267	-	933	758	802	1056	530	519	552	336	260	290
SC_RS21955	NC_003888.3	4363348	4364685	-	1338	399	414	544	438	974	1199	941	825	699
SC_RS21960	NC_003888.3	4364694	4366736	-	2043	924	904	1242	996	2161	2539	2417	2048	1795
SC_RS21965	NC_003888.3	4366750	4367286	-	537	511	501	728	736	1884	2171	2141	2260	1599
SC_RS21970	NC_003888.3	4367283	4367933	-	651	264	288	427	528	1392	1723	1686	1560	1131
SC_RS21975	NC_003888.3	4368066	4368827	-	762	724	863	1154	5541	11567	13057	11333	11800	9739
SC_RS21980	NC_003888.3	4368955	4369809	-	855	1702	1797	2246	4404	8953	10477	10048	10083	8327
SC_RS21985	NC_003888.3	4370051	4370515	+	465	30	39	47	89	44	61	237	229	214
SC_RS21990	NC_003888.3	4370586	4372061	-	1476	6354	6221	7908	2412	2154	2790	1983	2204	1728
SC_RS21995	NC_003888.3	4372196	4373629	-	1434	242	238	300	483	405	465	622	510	512
SC_RS22000	NC_003888.3	4374285	4374950	+	666	1485	1396	1768	757	909	1105	437	369	319
SC_RS22005	NC_003888.3	4375006	4375671	+	666	336	304	403	273	282	243	164	110	142
SC_RS22010	NC_003888.3	4375917	4376882	-	966	2245	2064	2809	816	749	807	814	768	628
SC_RS22015	NC_003888.3	4377505	4378143	-	639	243	161	290	235	163	188	1010	930	847
SC_RS22020	NC_003888.3	4378271	4379098	-	828	110	88	131	47	48	48	100	49	97
SC_RS22025	NC_003888.3	4379364	4380923	+	1560	1146	1035	1228	509	505	649	2510	2458	2111
SC_RS22030	NC_003888.3	4381065	4381958	-	894	43	39	55	22	14	26	111	35	98
SC_RS22035	NC_003888.3	4382030	4382620	+	591	193	184	213	90	101	97	98	66	101
SC_RS22040	NC_003888.3	4382684	4382768	+	85	29	24	30	10	10	8	19	5	16
SC_RS22045	NC_003888.3	4382898	4383473	-	576	34	25	39	172	170	180	131	84	118
SC_RS22050	NC_003888.3	4383616	4384371	-	756	136	140	183	52	35	45	100	34	95
SC_RS22055	NC_003888.3	4384451	4384729	+	279	0	0	0	1	3	2	21	4	21
SC_RS22060	NC_003888.3	4384742	4385053	+	312	0	2	1	0	0	3	29	5	22
SC_RS22065	NC_003888.3	4385253	4385477	+	225	0	1	1	0	2	0	23	4	12
SC_RS22070	NC_003888.3	4385486	4386217	+	732	14	7	20	5	3	2	62	16	39
SC_RS22075	NC_003888.3	4386214	4386522	+	309	4	5	4	6	2	6	24	8	26
SC_RS22080	NC_003888.3	4386621	4386899	+	279	92	55	90	19	10	12	41	15	26
SC_RS22085	NC_003888.3	4387240	4387509	+	270	46	43	55	37	38	62	58	28	51
SC_RS22090	NC_003888.3	4388129	4389009	-	881	12	12	11	26	11	17	78	21	56
SC_RS22095	NC_003888.3	4390128	4390649	+	522	8	3	14	6	12	15	68	17	33
SC_RS22100	NC_003888.3	4390643	4390861	+	219	2	0	0	0	1	1	12	5	11
SC_RS22105	NC_003888.3	4390861	4392009	+	1149	10	7	13	7	5	9	77	14	69
SC_RS22110	NC_003888.3	4392274	4393602	-	1329	55	59	76	784	663	829	313	216	247
SC_RS22115	NC_003888.3	4394327	4395133	+	807	142	105	200	96	72	82	168	167	221
SC_RS22120	NC_003888.3	4395100	4395579	-	480	10	11	14	3	4	3	66	13	43
SC_RS22125	NC_003888.3	4395671	4396546	-	876	16	14	21	21	11	24	113	29	67
SC_RS22130	NC_003888.3	4396912	4397238	+	327	7	10	10	54	40	44	358	246	223
SC_RS22135	NC_003888.3	4397767	4398372	+	606	107	86	122	137	80	96	1262	1449	1262
SC_RS22140	NC_003888.3	4398501	4400177	+	1677	101	80	118	126	110	112	360	254	344
SC_RS22145	NC_003888.3	4400250	4401542	-	1293	356	300	392	52	44	54	189	120	192
SC_RS22150	NC_003888.3	4401679	4402257	+	579	272	282	329	54	51	58	142	85	141
SC_RS22155	NC_003888.3	4402297	4406688	-	4392	4007	3734	4747	2002	1612	2166	1766	1536	1421
SC_RS22160	NC_003888.3	4406863	4407330	-	468	5	4	7	30	19	24	60	10	68
SC_RS22165	NC_003888.3	4407512	4407602	+	91	50	44	47	7	9	11	22	12	21
SC_RS22170	NC_003888.3	4407794	4407866	+	73	5	2	4	2	1	0	11	3	4
SC_RS22175	NC_003888.3	4407977	4408414	+	438	173	177	203	200	157	149	321	330	367
SC_RS22180	NC_003888.3	4408407	4408838	-	432	25	27	39	29	23	14	71	35	48
SC_RS22185	NC_003888.3	4409067	4410554	+	1488	2443	2411	3101	1434	1374	1605	981	907	790
SC_RS22190	NC_003888.3	4410577	4410936	-	360	126	127	138	91	78	62	92	72	76
SC_RS22195	NC_003888.3	4411013	4411894	+	882	556	483	670	52	29	41	121	87	97
SC_RS22200	NC_003888.3	4412004	4412957	+	954	165	149	208	45	45	57	111	37	86
SC_RS22205	NC_003888.3	4413017	4413733	-	717	83	61	64	24	19	13	103	64	88
SC_RS22210	NC_003888.3	4413742	4414275	-	534	16	15	26	11	7	6	55	34	57
SC_RS22215	NC_003888.3	4414377	4415069	+	693	124	99	141	50	33	45	93	52	65
SC_RS22220	NC_003888.3	4415204	4415944	+	741	38	32	40	4	14	8	37	6	37
SC_RS22225	NC_003888.3	4415941	4417515	+	1575	19	19	30	10	3	1	106	19	93
SC_RS22230	NC_003888.3	4417530	4418879	+	1350	8	4	4	2	1	0	89	13	69
SC_RS22235	NC_003888.3	4418876	4421077	+	2202	11	14	9	11	4	5	149	28	119
SC_RS22240	NC_003888.3	4421136	4422659	+	1524	137	121	156	88	70	91	119	34	86
SC_RS22245	NC_003888.3	4422721	4423479	+	759	148	125	185	75	79	62	98	70	91
SC_RS22250	NC_003888.3	4423549	4424019	-	471	501	458	585	506	440	464	302	314	271
SC_RS22255	NC_003888.3	4424029	4424409	-	381	260	246	335	214	180	217	205	195	193
SC_RS22260	NC_003888.3	4424638	4425387	+	750	583	533	634	54	45	70	103	41	74
SC_RS22265	NC_003888.3	4425406	4426155	+	750	216	211	245	47	28	35	97	59	63
SC_RS22270	NC_003888.3	4426138	4426959	-	822	21	11	9	6	5	7	73	14	40
SC_RS22275	NC_003888.3	4427069	4429576	-	2508	47	44	55	27	22	37	195	54	170
SC_RS22280	NC_003888.3	4429662	4430162	-	501	12	10	15	8	10	4	51	18	45
SC_RS22285	NC_003888.3	4430368	4430568	+	201	85	63	95	37	31	33	52	32	45
SC_RS22290	NC_003888.3	4430684	4431640	-	957	1625	1756	1799	4982	4304	4206	5280	4999	4351
SC_RS22295	NC_003888.3	4431932	4432795	-	864	9	3	3	3	4	4	71	10	52
SC_RS22300	NC_003888.3	4432988	4433281	-	294	247	216	290	152	148	183	110	102	82
SC_RS22305	NC_003888.3	4433281	4433502	-	222	302	250	348	178	158	127	97	83	67
SC_RS22310	NC_003888.3	4433546	4433630	-	85	1	1	1	6	9	6	2	3	9
SC_RS22315	NC_003888.3	4433708	4434139	-	432	258	205	294	919	739	740	503	452	426
SC_RS22320	NC_003888.3	4434208	4434756	-	549	682	620	755	2660	2222	2249	1440	1352	1151
SC_RS22325	NC_003888.3	4435097	4435339	-	243	38	56	57	30	28	26	80	62	79
SC_RS22330	NC_003888.3	4435478	4436113	+	636	1161	1112	1443	590	600	691	319	240	203
SC_RS22335	NC_003888.3	4436138	4436752	-	615	761	627	902	337	288	295	195	193	195
SC_RS22340	NC_003888.3	4436888	4437184	-	297	345	337	469	275	215	295	179	165	143
SC_RS22345	NC_003888.3	4437354	4437488	-	135	0	0	0	0	0	0	6	2	8
SC_RS22350	NC_003888.3	4437558	4437887	-	330	4	4	5	2	3	5	23	3	22
SC_RS22355	NC_003888.3	4437969	4438649	-	681	9	9	16	33	21	29	71	22	61
SC_RS22360	NC_003888.3	4439198	4439791	-	594	86	71	89	394	423	336	449	400	357
SC_RS22365	NC_003888.3	4439817	4440542	-	726	77	66	100	1318	1227	949	1482	1306	1199
SC_RS22370	NC_003888.3	4440627	4442975	+	2349	173	122	166	399	396	383	610	428	416
SC_RS22375	NC_003888.3	4442968	4443588	+	621	34	32	66	160	164	130	221	222	178
SC_RS22380	NC_003888.3	4443585	4444082	+	498	58	44	72	72	86	79	96	77	76
SC_RS22385	NC_003888.3	4444079	4444873	+	795	85	78	98	65	70	86	146	90	112
SC_RS22390	NC_003888.3	4445276	4447045	+	1770	92	60	127	18	31	10	195	102	212
SC_RS22395	NC_003888.3	4447161	4447970	+	810	1069	820	1020	449	244	371	560	546	637
SC_RS22400	NC_003888.3	4447967	4449100	-	1134	34	47	29	35	30	37	212	131	180
SC_RS22405	NC_003888.3	4449241	4449432	+	192	24	28	28	18	19	27	77	68	96
SC_RS22410	NC_003888.3	4449455	4450291	-	837	5	4	1	3	1	8	84	24	67
SC_RS22415	NC_003888.3	4450575	4451078	+	504	109	118	155	103	79	70	118	69	82
SC_RS22420	NC_003888.3	4451075	4451410	+	336	64	51	85	60	51	51	59	43	49
SC_RS22425	NC_003888.3	4452173	4452730	-	558	8	7	7	9	14	10	54	20	51
SC_RS22430	NC_003888.3	4452748	4453492	+	745	5	4	6	10	11	8	28	5	35
SC_RS22435	NC_003888.3	4453499	4453654	-	156	1	1	3	146	138	112	123	78	79
SC_RS22440	NC_003888.3	4454564	4455793	-	1230	4	4	5	5	1	4	94	9	105
SC_RS22445	NC_003888.3	4455786	4456859	+	1074	8	6	12	0	4	6	79	9	85
SC_RS22450	NC_003888.3	4456865	4456952	-	88	6	1	3	2	4	0	14	2	15
SC_RS22455	NC_003888.3	4457027	4457121	+	95	0	0	0	0	0	1	5	0	7
SC_RS22460	NC_003888.3	4457168	4459522	+	2355	1508	1389	1769	567	495	613	474	397	420
SC_RS22465	NC_003888.3	4459642	4460892	+	1251	922	955	1140	477	560	629	370	304	252
SC_RS22470	NC_003888.3	4461199	4463193	+	1995	1549	1351	1834	1925	1572	1844	1191	1074	926
SC_RS22475	NC_003888.3	4463358	4464875	+	1518	152	130	141	1448	1166	1561	1373	1374	1206
SC_RS22480	NC_003888.3	4464986	4465885	+	900	904	999	1234	657	532	661	678	657	543
SC_RS22485	NC_003888.3	4465950	4466025	-	76	5	1	1	0	0	0	16	2	1
SC_RS22490	NC_003888.3	4466063	4466677	-	615	50	63	71	23	28	30	61	32	74
SC_RS22495	NC_003888.3	4466674	4467921	-	1248	316	236	359	113	97	77	198	155	177
SC_RS22500	NC_003888.3	4467951	4468766	-	816	155	96	132	56	45	42	158	91	130
SC_RS22505	NC_003888.3	4468763	4469743	-	981	357	270	422	116	116	102	344	252	306
SC_RS22510	NC_003888.3	4469882	4469954	-	73	7	13	19	2	1	3	12	1	4
SC_RS22515	NC_003888.3	4470037	4470108	-	72	27	24	23	7	6	6	5	3	8
SC_RS22520	NC_003888.3	4470261	4470578	-	318	168	173	236	201	193	185	146	109	114
SC_RS22525	NC_003888.3	4470929	4471201	+	273	1275	1226	1658	520	511	456	310	300	247
SC_RS22530	NC_003888.3	4471198	4471878	+	681	2532	2374	3084	929	948	977	614	573	404
SC_RS22535	NC_003888.3	4471875	4474133	+	2259	8645	8409	10587	2995	3133	3380	2023	1986	1281
SC_RS22540	NC_003888.3	4474193	4474777	-	585	30	22	39	1555	1106	1383	398	406	380
SC_RS22545	NC_003888.3	4474926	4475408	+	483	146	129	174	65	65	64	94	49	94
SC_RS22550	NC_003888.3	4475477	4476316	+	840	85	95	96	46	35	25	89	35	71
SC_RS22555	NC_003888.3	4477551	4478348	+	798	106	80	118	28	32	39	71	41	69
SC_RS22560	NC_003888.3	4478431	4479264	+	834	110	85	103	43	34	53	101	47	102
SC_RS22565	NC_003888.3	4479327	4480853	+	1527	5774	5569	7229	6486	7028	9387	3927	3931	2754
SC_RS22570	NC_003888.3	4480933	4482000	+	1068	2430	2403	3196	3610	3461	4082	1296	1246	972
SC_RS22575	NC_003888.3	4482078	4482332	-	255	5455	4664	6448	2841	2656	3762	3951	4459	3761
SC_RS22580	NC_003888.3	4482654	4483748	-	1095	1237	1370	1462	2134	1278	4304	1382	1633	1363
SC_RS22585	NC_003888.3	4483978	4484829	+	852	195	150	210	145	118	141	287	194	235
SC_RS22590	NC_003888.3	4485363	4485569	+	207	4237	3965	5385	7262	7565	6953	5993	5874	4259
SC_RS22595	NC_003888.3	4486028	4486222	-	195	24	29	32	24	26	15	72	42	63
SC_RS22600	NC_003888.3	4486471	4486545	-	75	8	1	5	0	2	1	10	3	4
SC_RS22605	NC_003888.3	4486639	4490622	-	3984	1881	1688	2159	578	546	686	684	460	518
SC_RS22610	NC_003888.3	4490732	4490805	-	74	9	6	6	3	3	1	9	3	6
SC_RS22615	NC_003888.3	4490830	4490904	-	75	75	80	62	14	17	6	7	2	7
SC_RS22620	NC_003888.3	4490939	4491011	-	73	3	4	3	0	0	0	6	4	2
SC_RS22625	NC_003888.3	4491092	4492756	-	1665	26	29	40	10	15	27	152	48	88
SC_RS22630	NC_003888.3	4492828	4493178	+	351	215	215	318	252	184	169	249	197	267
SC_RS22635	NC_003888.3	4493275	4493832	+	558	392	382	478	232	206	215	237	180	183
SC_RS22640	NC_003888.3	4494172	4496358	+	2187	8220	7520	9710	331	467	563	844	778	733
SC_RS22645	NC_003888.3	4496497	4498032	+	1536	39	39	59	7	3	3	112	28	88
SC_RS22650	NC_003888.3	4498149	4498221	+	73	21	27	25	4	5	1	15	5	9
SC_RS22655	NC_003888.3	4498219	4498908	-	690	85	62	93	25	18	24	82	31	80
SC_RS22660	NC_003888.3	4499009	4499689	+	681	95	72	92	25	29	35	87	64	82
SC_RS22665	NC_003888.3	4499727	4500119	+	393	14	10	10	2	10	11	31	19	36
SC_RS22670	NC_003888.3	4500126	4500524	+	399	29	15	23	17	12	17	40	25	42
SC_RS22675	NC_003888.3	4500505	4501464	-	960	9	9	8	16	23	28	74	30	65
SC_RS22680	NC_003888.3	4501524	4502795	-	1272	46	49	64	61	49	48	103	54	94
SC_RS22685	NC_003888.3	4502820	4503476	-	657	4	6	6	3	4	7	39	12	46
SC_RS22690	NC_003888.3	4503887	4504207	+	321	7	2	3	1	0	2	35	15	38
SC_RS22695	NC_003888.3	4504259	4505389	+	1131	67	65	76	31	12	28	67	31	80
SC_RS22700	NC_003888.3	4505460	4505533	+	74	3	14	8	2	2	2	12	4	6
SC_RS22705	NC_003888.3	4505705	4506940	+	1236	62	59	120	19	10	18	106	48	93
SC_RS22710	NC_003888.3	4507333	4508376	+	1044	2735	2217	2971	734	845	918	1022	807	906
SC_RS22715	NC_003888.3	4508515	4509459	+	945	133	124	160	423	491	710	205	151	134
SC_RS22720	NC_003888.3	4509484	4510875	-	1392	223	215	301	182	154	165	204	100	169
SC_RS22725	NC_003888.3	4510885	4511700	-	816	354	318	395	47	50	67	103	56	81
SC_RS22730	NC_003888.3	4511815	4512225	+	411	22	14	22	14	22	27	77	36	57
SC_RS22735	NC_003888.3	4512311	4513579	-	1269	1976	1753	2359	1281	989	1166	2034	2177	1952
SC_RS22740	NC_003888.3	4513662	4515083	-	1422	319	271	341	2274	1800	2258	2899	3123	2622
SC_RS22745	NC_003888.3	4515796	4517919	+	2124	1044	1010	1251	660	509	701	741	632	652
SC_RS22750	NC_003888.3	4517961	4521269	+	3309	363	432	502	255	201	255	380	311	334
SC_RS22755	NC_003888.3	4521256	4523319	-	2064	346	324	396	478	389	440	534	499	524
SC_RS22760	NC_003888.3	4523502	4524395	-	894	391	307	432	523	460	421	847	752	814
SC_RS22765	NC_003888.3	4524770	4526149	+	1380	33	22	34	63	56	61	162	60	131
SC_RS22770	NC_003888.3	4526332	4527990	+	1659	118	150	187	50	56	63	157	56	150
SC_RS22775	NC_003888.3	4528045	4529322	-	1278	1261	1314	1454	12	16	14	136	58	122
SC_RS22780	NC_003888.3	4529468	4530016	+	549	1021	937	1252	56	54	74	125	104	111
SC_RS22785	NC_003888.3	4530668	4532194	+	1527	155	145	205	25	32	29	23	21	23
SC_RS22790	NC_003888.3	4532475	4535596	+	3122	132	130	152	203	348	308	123	87	69
SC_RS22795	NC_003888.3	4535681	4535797	+	117	0	1	0	0	0	1	19	5	11
SC_RS22800	NC_003888.3	4535862	4536530	-	669	50	63	59	44	35	54	64	35	69
SC_RS22805	NC_003888.3	4536527	4537801	-	1275	18	8	34	12	12	17	133	36	75
SC_RS22810	NC_003888.3	4537896	4538456	+	561	158	119	168	95	74	85	111	60	82
SC_RS22815	NC_003888.3	4538504	4539991	-	1488	310	259	350	403	375	477	550	406	373
SC_RS22820	NC_003888.3	4540065	4541480	-	1416	263	262	304	414	356	509	418	357	367
SC_RS22825	NC_003888.3	4541493	4543034	-	1542	390	409	492	551	523	764	578	539	497
SC_RS22830	NC_003888.3	4543049	4544380	-	1332	254	269	354	549	460	620	543	417	383
SC_RS22835	NC_003888.3	4544370	4545170	-	801	309	275	423	571	504	584	567	525	514
SC_RS22840	NC_003888.3	4545338	4545646	-	309	349	332	499	701	658	768	763	654	579
SC_RS22845	NC_003888.3	4546029	4547051	+	1023	235	221	318	718	587	654	951	954	815
SC_RS22850	NC_003888.3	4547257	4547973	+	717	2574	2524	3447	1428	1208	1308	779	638	603
SC_RS22855	NC_003888.3	4547977	4549560	-	1584	221	176	252	105	85	108	194	84	149
SC_RS22860	NC_003888.3	4550161	4551054	+	894	12	9	7	58	39	56	120	67	105
SC_RS22865	NC_003888.3	4551132	4551296	+	165	56	46	73	299	210	216	485	445	362
SC_RS22870	NC_003888.3	4551282	4551683	-	402	285	271	330	432	371	341	256	145	165
SC_RS22875	NC_003888.3	4551891	4552511	+	621	707	640	805	86	78	84	135	81	111
SC_RS22880	NC_003888.3	4552519	4553517	+	999	907	854	1094	95	87	68	152	95	126
SC_RS22885	NC_003888.3	4553637	4554413	-	777	34	42	47	3296	2897	2839	2050	2060	1393
SC_RS22890	NC_003888.3	4554467	4555531	-	1065	54	54	74	3975	3632	3889	2353	1965	1312
SC_RS22895	NC_003888.3	4555528	4556538	-	1011	66	50	104	4243	3763	4176	2171	1783	1223
SC_RS22900	NC_003888.3	4556707	4557834	-	1128	165	117	226	30829	27420	28732	10699	10014	5989
SC_RS22905	NC_003888.3	4558121	4558549	-	429	12	12	9	248	220	255	138	115	119
SC_RS22910	NC_003888.3	4558596	4559762	-	1167	74	68	116	1194	1144	1299	563	446	439
SC_RS22915	NC_003888.3	4559965	4562205	-	2241	273	283	401	1735	1377	2264	972	775	684
SC_RS22920	NC_003888.3	4563131	4563673	+	543	24	33	30	18	16	16	49	10	35
SC_RS22925	NC_003888.3	4563670	4564533	+	864	37	19	19	18	18	8	67	22	66
SC_RS22930	NC_003888.3	4564580	4565449	+	870	56	49	63	39	29	41	75	35	59
SC_RS22935	NC_003888.3	4565446	4566975	+	1530	63	74	87	51	62	39	98	46	125
SC_RS22940	NC_003888.3	4566963	4567619	+	657	121	117	135	43	64	55	67	37	66
SC_RS22945	NC_003888.3	4567662	4568591	-	930	416	416	542	260	235	305	223	158	186
SC_RS22950	NC_003888.3	4568800	4570638	+	1839	335	328	449	7731	5322	5395	1042	889	726
SC_RS22955	NC_003888.3	4570805	4571188	-	384	145	151	183	96	91	93	97	67	79
SC_RS22960	NC_003888.3	4571295	4571696	+	402	10	15	17	43	45	25	37	18	39
SC_RS22965	NC_003888.3	4571671	4573116	-	1446	100	88	146	55	53	68	107	50	93
SC_RS22970	NC_003888.3	4573113	4573859	-	747	109	76	100	48	42	69	80	41	67
SC_RS22975	NC_003888.3	4573948	4574985	-	1038	22	27	40	12	6	10	61	29	57
SC_RS22980	NC_003888.3	4575112	4576134	-	1023	1088	1000	1362	1016	921	919	578	570	523
SC_RS22985	NC_003888.3	4576177	4576980	-	804	1650	1579	2100	435	482	498	430	455	386
SC_RS22990	NC_003888.3	4577199	4578059	+	861	120	112	152	27	23	33	96	47	87
SC_RS22995	NC_003888.3	4578096	4578350	+	255	517	509	664	247	235	252	196	191	181
SC_RS23000	NC_003888.3	4578354	4579667	+	1314	1091	987	1257	463	413	483	333	327	337
SC_RS23005	NC_003888.3	4579824	4580561	+	738	741	666	886	334	298	351	389	404	352
SC_RS23010	NC_003888.3	4580995	4581840	+	846	2983	2544	4711	15253	12721	19997	2573	2107	1554
SC_RS23015	NC_003888.3	4581874	4582161	+	288	1178	977	1794	6407	5523	7834	1078	1149	723
SC_RS23020	NC_003888.3	4582262	4582519	+	258	70	76	108	54	38	69	51	32	51
SC_RS23025	NC_003888.3	4582548	4583180	-	633	124	105	182	60	49	68	85	50	62
SC_RS23030	NC_003888.3	4583271	4584065	+	795	19	16	27	5	3	3	64	13	55
SC_RS23035	NC_003888.3	4584106	4584870	+	765	22	22	23	9	3	7	63	10	61
SC_RS23040	NC_003888.3	4584983	4585840	+	858	288	264	322	111	68	96	92	54	67
SC_RS23045	NC_003888.3	4585837	4586589	+	753	218	188	234	74	67	70	49	45	64
SC_RS23050	NC_003888.3	4586586	4587461	+	876	225	211	210	51	44	50	89	46	73
SC_RS23055	NC_003888.3	4587481	4587843	-	363	398	354	495	283	250	266	234	162	203
SC_RS23060	NC_003888.3	4587872	4588123	-	252	0	0	3	1	0	1	7	1	11
SC_RS23065	NC_003888.3	4588120	4588512	-	393	3	4	3	1	2	8	30	7	35
SC_RS23070	NC_003888.3	4588684	4589526	+	843	48	48	58	86	78	62	272	201	196
SC_RS23075	NC_003888.3	4589508	4589801	+	294	283	282	341	430	334	390	264	259	170
SC_RS23080	NC_003888.3	4589970	4590545	+	576	2263	2056	2946	883	853	889	767	747	626
SC_RS23085	NC_003888.3	4590561	4590998	+	438	1203	1165	1517	534	428	555	355	395	323
SC_RS23090	NC_003888.3	4591019	4591984	+	966	1066	1035	1328	554	528	670	400	338	323
SC_RS23095	NC_003888.3	4592011	4592436	-	426	69	73	110	28	25	36	73	28	46
SC_RS23100	NC_003888.3	4592459	4593415	-	957	1	3	5	0	0	2	14	6	21
SC_RS23105	NC_003888.3	4593681	4594349	+	669	321	306	412	967	941	996	1401	1439	1333
SC_RS23110	NC_003888.3	4594466	4595476	+	1011	759	750	877	433	356	423	371	343	336
SC_RS23115	NC_003888.3	4595605	4596861	+	1257	748	690	992	298	260	308	169	124	196
SC_RS23120	NC_003888.3	4597040	4597225	-	186	327	240	396	184	185	240	2581	5103	3096
SC_RS23125	NC_003888.3	4597379	4598290	+	912	193	202	233	69	66	71	173	130	156
SC_RS23130	NC_003888.3	4598300	4598488	-	189	22	19	28	9	4	8	64	42	41
SC_RS23135	NC_003888.3	4598629	4599504	+	876	547	500	621	238	248	229	260	305	279
SC_RS23140	NC_003888.3	4599453	4600274	+	822	217	212	224	139	96	110	106	93	119
SC_RS23145	NC_003888.3	4600336	4601412	+	1077	156	121	175	157	125	156	219	173	199
SC_RS23150	NC_003888.3	4601530	4602498	+	969	20	23	22	53	43	33	97	45	74
SC_RS23155	NC_003888.3	4602509	4603132	+	624	57	69	76	55	49	61	85	34	59
SC_RS23160	NC_003888.3	4603165	4605207	+	2043	81	82	78	15	8	15	119	19	111
SC_RS23165	NC_003888.3	4605265	4606479	-	1215	614	642	868	111	111	129	162	96	121
SC_RS23170	NC_003888.3	4606581	4607048	+	468	101	124	138	51	33	46	87	40	86
SC_RS23175	NC_003888.3	4607362	4607787	+	426	509	370	599	1927	2030	1841	1018	1289	891
SC_RS23180	NC_003888.3	4607810	4608451	+	642	650	517	803	3883	4603	4116	1726	2123	1510
SC_RS23185	NC_003888.3	4608565	4608900	+	336	364	324	448	840	805	785	698	757	514
SC_RS23190	NC_003888.3	4609038	4610543	-	1506	357	276	363	353	298	342	310	229	245
SC_RS23195	NC_003888.3	4610815	4611975	-	1161	236	194	268	134	91	147	200	127	175
SC_RS23200	NC_003888.3	4612173	4612988	-	816	72	70	81	26	23	31	91	20	45
SC_RS23205	NC_003888.3	4613253	4614626	+	1374	103	83	108	314	261	492	233	136	162
SC_RS23210	NC_003888.3	4614619	4615125	+	507	138	153	177	93	89	139	103	73	84
SC_RS23215	NC_003888.3	4615154	4615969	-	816	73	79	76	102	78	98	156	85	114
SC_RS23220	NC_003888.3	4616019	4616486	+	468	31	36	35	10	11	12	49	19	46
SC_RS23225	NC_003888.3	4616569	4617858	-	1290	100	97	109	47	38	44	143	42	102
SC_RS23230	NC_003888.3	4618020	4618781	+	762	2306	2308	2911	4966	4745	5497	1369	1343	1016
SC_RS23235	NC_003888.3	4618881	4619375	-	495	29	28	56	17	25	17	75	38	66
SC_RS23240	NC_003888.3	4619432	4620040	-	609	5	10	12	5	15	4	52	16	46
SC_RS23245	NC_003888.3	4620341	4620667	+	327	116	84	138	23	8	15	57	30	39
SC_RS23250	NC_003888.3	4621124	4622725	+	1602	97	77	102	218	170	226	642	488	482
SC_RS23255	NC_003888.3	4622993	4623433	-	441	7	14	17	6	1	7	49	21	47
SC_RS23260	NC_003888.3	4623766	4624524	+	759	720	689	1030	207	151	194	188	200	198
SC_RS23265	NC_003888.3	4624587	4624796	-	210	5	9	10	5	4	8	28	3	17
SC_RS23270	NC_003888.3	4624932	4625816	-	885	46	51	65	53	32	65	92	42	84
SC_RS23275	NC_003888.3	4625975	4626166	+	192	22	39	35	301	217	228	309	269	281
SC_RS23280	NC_003888.3	4626394	4627158	+	765	142	133	185	155	115	116	199	138	147
SC_RS23285	NC_003888.3	4627348	4627767	-	420	43	47	52	36	29	18	62	29	69
SC_RS23290	NC_003888.3	4627832	4628248	-	417	32	39	62	23	25	19	57	29	51
SC_RS23295	NC_003888.3	4628357	4628737	+	381	138	103	179	69	65	49	77	33	64
SC_RS23300	NC_003888.3	4628765	4629634	-	870	165	164	182	49	62	73	145	71	96
SC_RS23305	NC_003888.3	4629724	4630989	-	1266	748	759	828	453	315	318	344	335	327
SC_RS23310	NC_003888.3	4631073	4631465	-	393	732	733	758	894	678	452	925	898	760
SC_RS23315	NC_003888.3	4631601	4631849	-	249	34	24	24	270	235	322	565	593	532
SC_RS23320	NC_003888.3	4631977	4632132	-	156	13	14	26	436	372	351	1074	1130	822
SC_RS23325	NC_003888.3	4632295	4632984	-	690	165	163	222	5205	3987	4289	2347	2046	1694
SC_RS23330	NC_003888.3	4633199	4634479	+	1281	445	446	624	3848	3073	4286	1291	1139	911
SC_RS23335	NC_003888.3	4634476	4635156	+	681	263	270	388	4994	4895	5385	1267	1263	965
SC_RS23340	NC_003888.3	4635317	4636042	-	726	3003	3127	3775	387	570	568	341	286	238
SC_RS23345	NC_003888.3	4636744	4637226	+	483	14767	14325	18711	6307	5728	6358	7420	7735	6245
SC_RS23350	NC_003888.3	4637542	4638354	+	813	1024	922	1173	570	553	548	402	295	268
SC_RS23355	NC_003888.3	4638344	4638856	+	513	131	135	192	84	76	62	76	51	71
SC_RS23360	NC_003888.3	4639322	4640722	+	1401	1839	1810	2397	765	575	823	761	719	616
SC_RS23365	NC_003888.3	4640855	4641799	+	945	1439	1352	1720	280	299	393	315	248	207
SC_RS23370	NC_003888.3	4641917	4643638	+	1722	341	284	374	832	919	1200	1076	959	933
SC_RS23375	NC_003888.3	4643727	4644464	-	738	192	160	211	249	237	265	235	224	171
SC_RS23380	NC_003888.3	4644506	4644952	-	447	14	15	27	450	445	588	417	406	343
SC_RS23385	NC_003888.3	4645175	4646311	-	1137	1581	1773	2085	197	172	223	625	572	499
SC_RS23390	NC_003888.3	4646531	4646604	+	74	6	8	10	2	11	18	30	20	20
SC_RS23395	NC_003888.3	4646671	4648308	-	1638	20	13	26	32	34	40	136	19	116
SC_RS23400	NC_003888.3	4648427	4649833	-	1407	438	342	515	2263	2270	2788	617	578	430
SC_RS23405	NC_003888.3	4649830	4650339	-	510	51	63	75	404	328	492	134	84	105
SC_RS23410	NC_003888.3	4650399	4652357	-	1959	409	367	449	2234	2200	2853	669	508	488
SC_RS23415	NC_003888.3	4652357	4652809	-	453	96	74	98	587	507	635	186	134	117
SC_RS23420	NC_003888.3	4652844	4654775	-	1932	435	401	552	3553	3357	4503	999	771	749
SC_RS23425	NC_003888.3	4654775	4655497	-	723	213	198	288	1593	1450	1730	460	458	338
SC_RS23430	NC_003888.3	4655526	4655948	-	423	175	158	188	582	561	703	185	213	200
SC_RS23435	NC_003888.3	4656039	4656887	-	849	48	46	84	371	389	536	196	128	133
SC_RS23440	NC_003888.3	4660125	4660283	-	159	536	543	668	2495	2263	2196	555	543	400
SC_RS23445	NC_003888.3	4660280	4660813	-	534	1248	1202	1507	5853	5023	4799	1344	1360	1060
SC_RS23450	NC_003888.3	4660813	4661262	-	450	1194	1041	1580	7963	7669	7773	2092	1992	1377
SC_RS23455	NC_003888.3	4661315	4662919	-	1605	4946	4817	6132	28368	29690	32541	6413	5449	4034
SC_RS23460	NC_003888.3	4663249	4666119	+	2871	313	274	370	33	31	33	243	121	213
SC_RS23465	NC_003888.3	4666254	4666985	+	732	225	213	223	927	867	879	261	244	228
SC_RS23470	NC_003888.3	4667076	4668515	+	1440	403	337	530	3992	3346	3568	1039	982	955
SC_RS23475	NC_003888.3	4668591	4670033	+	1443	312	258	351	1939	1642	1652	381	357	360
SC_RS23480	NC_003888.3	4670132	4671589	+	1458	605	575	745	5230	4478	4713	1433	1279	1128
SC_RS23485	NC_003888.3	4671614	4673686	-	2073	337	317	404	674	634	824	320	193	264
SC_RS23490	NC_003888.3	4673692	4674369	-	678	592	521	695	1484	1417	1491	408	341	338
SC_RS23495	NC_003888.3	4674563	4675222	-	660	821	807	1034	9981	9163	7461	1779	1610	1408
SC_RS23500	NC_003888.3	4675583	4679338	+	3756	3091	3002	3819	1966	1758	2049	1429	1363	1242
SC_RS23505	NC_003888.3	4679364	4680245	-	882	294	302	400	127	127	133	159	122	146
SC_RS23510	NC_003888.3	4680295	4681806	-	1512	26	29	33	33	46	47	836	648	640
SC_RS23515	NC_003888.3	4681886	4682866	-	981	10	10	21	18	14	20	1111	1076	946
SC_RS23520	NC_003888.3	4682918	4684078	-	1161	8	7	20	11	17	28	99	51	95
SC_RS23525	NC_003888.3	4684243	4684947	+	705	378	355	505	52	47	66	133	91	106
SC_RS23530	NC_003888.3	4684959	4685459	-	501	88	61	108	18	15	27	54	22	54
SC_RS23535	NC_003888.3	4685643	4686242	-	600	146	141	136	19	15	26	74	37	55
SC_RS23540	NC_003888.3	4686358	4687494	+	1137	22	33	37	6	10	10	83	19	64
SC_RS23545	NC_003888.3	4687504	4688475	+	972	86	109	144	42	54	42	80	40	85
SC_RS23550	NC_003888.3	4688500	4689921	-	1422	242	218	309	78	74	90	164	79	157
SC_RS23555	NC_003888.3	4690003	4690572	-	570	6	9	1	7	3	5	39	12	32
SC_RS23560	NC_003888.3	4690823	4692109	+	1287	90	70	83	16	17	19	100	36	79
SC_RS23565	NC_003888.3	4692106	4692777	+	672	65	67	86	16	10	10	69	20	65
SC_RS23570	NC_003888.3	4692883	4693458	-	576	5056	4768	5667	4955	4127	5024	5920	5895	4552
SC_RS23575	NC_003888.3	4693616	4694053	+	438	265	221	310	160	123	142	237	167	160
SC_RS23580	NC_003888.3	4694071	4694541	-	471	65	73	89	21	22	17	129	99	116
SC_RS23585	NC_003888.3	4694592	4695200	-	609	86	88	118	92	99	78	752	767	643
SC_RS23590	NC_003888.3	4695536	4697197	+	1662	638	579	781	2653	2415	3232	2195	2203	2009
SC_RS23595	NC_003888.3	4697318	4698292	+	975	1835	1680	2181	948	948	955	895	899	795
SC_RS23600	NC_003888.3	4698343	4699275	-	933	776	678	865	220	148	188	175	134	186
SC_RS23605	NC_003888.3	4699398	4700543	-	1146	156	139	174	52	45	73	139	74	118
SC_RS23610	NC_003888.3	4700543	4701562	-	1020	110	88	135	34	38	47	126	52	94
SC_RS23615	NC_003888.3	4701671	4702936	+	1266	1482	1617	2139	32	26	55	120	47	105
SC_RS23620	NC_003888.3	4702973	4703206	+	234	496	481	628	19	15	25	28	24	30
SC_RS23625	NC_003888.3	4703578	4704450	+	873	146	134	190	114	87	124	132	98	116
SC_RS23630	NC_003888.3	4704590	4705072	+	483	2020	1550	2272	82	89	68	627	934	888
SC_RS23635	NC_003888.3	4705079	4706467	-	1389	317	268	372	400	342	353	446	426	490
SC_RS23640	NC_003888.3	4706614	4707315	+	702	30	25	33	23	20	11	60	15	48
SC_RS23645	NC_003888.3	4707339	4708283	-	945	212	152	215	110	82	111	135	97	138
SC_RS23650	NC_003888.3	4708601	4709893	+	1293	863	780	979	3403	2959	4216	578	460	400
SC_RS23655	NC_003888.3	4709890	4710165	+	276	162	162	189	1660	1569	1740	352	429	264
SC_RS23660	NC_003888.3	4710584	4710787	+	204	416	342	518	5222	4331	5979	6105	6958	5642
SC_RS23665	NC_003888.3	4711115	4712740	+	1626	84623	75841	104365	109042	89312	83386	41926	55277	33924
SC_RS23670	NC_003888.3	4712991	4714121	+	1131	575	564	750	2084	2050	3019	308	279	228
SC_RS23675	NC_003888.3	4714155	4715696	+	1542	358	344	449	433	369	439	228	140	192
SC_RS23680	NC_003888.3	4715693	4716040	+	348	102	111	112	56	61	67	81	41	68
SC_RS23685	NC_003888.3	4716003	4716272	-	270	71	64	77	161	129	136	180	129	116
SC_RS23690	NC_003888.3	4716256	4717095	-	840	15	14	13	296	300	314	525	514	505
SC_RS23695	NC_003888.3	4717214	4717603	+	390	6	5	6	4	6	8	52	10	42
SC_RS23700	NC_003888.3	4717614	4718222	-	609	131	144	175	221	135	207	306	263	203
SC_RS23705	NC_003888.3	4718317	4719066	+	750	42	28	27	75	30	38	90	67	97
SC_RS23710	NC_003888.3	4719080	4719673	-	594	144	136	197	57	46	73	86	74	58
SC_RS23715	NC_003888.3	4719675	4720244	-	570	107	99	133	47	30	55	58	32	50
SC_RS23720	NC_003888.3	4720312	4721247	-	936	152	183	191	48	33	65	136	65	133
SC_RS23725	NC_003888.3	4721346	4722335	-	990	209	187	216	35	45	35	201	149	192
SC_RS23730	NC_003888.3	4722391	4722771	+	381	154	136	194	131	88	91	94	80	91
SC_RS23735	NC_003888.3	4722782	4723078	+	297	40	39	45	16	15	19	34	13	26
SC_RS23740	NC_003888.3	4723060	4724157	-	1098	375	323	441	191	164	186	225	157	188
SC_RS23745	NC_003888.3	4724168	4724854	-	687	62	50	81	23	23	31	67	33	55
SC_RS23750	NC_003888.3	4724955	4725605	+	651	361	349	473	42	41	63	99	60	86
SC_RS23755	NC_003888.3	4725616	4726299	+	684	132	144	212	386	348	419	258	232	196
SC_RS23760	NC_003888.3	4726384	4727073	+	690	287	308	394	96	112	104	110	91	124
SC_RS23765	NC_003888.3	4727234	4729279	-	2046	555	452	564	102	80	95	243	99	179
SC_RS23770	NC_003888.3	4729584	4729769	+	186	57	69	74	83	45	48	768	709	789
SC_RS23775	NC_003888.3	4729773	4731411	-	1639	1134	1078	1450	662	589	711	756	558	633
SC_RS23780	NC_003888.3	4731490	4731672	-	183	7	5	3	1	1	3	4	1	8
SC_RS23785	NC_003888.3	4732070	4734673	-	2604	1062	946	1166	354	307	418	628	550	621
SC_RS23790	NC_003888.3	4734723	4735823	+	1101	464	461	660	278	261	286	439	336	321
SC_RS23795	NC_003888.3	4736376	4737038	+	663	390	406	553	147	147	169	168	156	140
SC_RS23800	NC_003888.3	4736987	4737265	-	279	351	319	458	109	99	81	86	81	83
SC_RS23805	NC_003888.3	4737441	4737824	+	384	407	406	488	150	172	161	232	195	203
SC_RS23810	NC_003888.3	4737844	4738692	-	849	707	703	910	273	261	348	207	180	171
SC_RS23815	NC_003888.3	4738682	4739389	-	708	855	833	1044	100	95	98	123	114	111
SC_RS23820	NC_003888.3	4739405	4739914	-	510	1354	1394	1860	254	329	375	310	283	239
SC_RS23825	NC_003888.3	4739973	4741364	-	1392	240	175	235	441	394	500	528	468	467
SC_RS23830	NC_003888.3	4741698	4742624	+	927	883	845	1088	236	197	275	234	186	195
SC_RS23835	NC_003888.3	4742777	4745905	+	3129	1338	1297	1653	421	382	532	564	407	468
SC_RS23840	NC_003888.3	4746028	4748436	-	2409	230	204	292	565	502	680	2022	2308	1972
SC_RS23845	NC_003888.3	4748536	4748796	-	261	309	281	427	109	87	122	173	123	133
SC_RS23850	NC_003888.3	4749000	4750457	+	1458	786	752	1040	171	137	118	214	74	161
SC_RS23855	NC_003888.3	4750489	4750677	-	189	9	3	5	469	326	379	216	221	203
SC_RS23860	NC_003888.3	4750828	4751265	+	438	1497	1594	2134	267	294	353	580	675	525
SC_RS23865	NC_003888.3	4751293	4752672	+	1380	881	961	1155	199	170	308	551	519	426
SC_RS23870	NC_003888.3	4752722	4753294	+	573	109	106	139	77	65	69	84	59	107
SC_RS23875	NC_003888.3	4753436	4754287	-	852	18	15	24	9	23	11	78	17	43
SC_RS23880	NC_003888.3	4754366	4756015	+	1650	206	169	273	855	944	990	588	588	539
SC_RS23885	NC_003888.3	4756894	4757403	+	510	83	85	123	13	6	14	48	25	39
SC_RS23890	NC_003888.3	4757436	4758557	-	1122	23	21	38	14	10	17	105	39	60
SC_RS23895	NC_003888.3	4759042	4759623	+	582	38	30	69	36	12	18	82	26	63
SC_RS23900	NC_003888.3	4759891	4761063	-	1173	617	583	822	739	700	923	373	311	359
SC_RS23905	NC_003888.3	4761245	4761673	-	429	5	5	6	532	537	831	138	133	116
SC_RS23910	NC_003888.3	4761670	4763841	-	2172	27	18	20	3003	3030	5012	625	538	429
SC_RS23915	NC_003888.3	4763838	4765553	-	1716	32	29	32	3544	3281	5249	576	536	413
SC_RS23920	NC_003888.3	4765553	4766905	-	1353	4	4	5	4272	3541	4859	529	522	360
SC_RS23925	NC_003888.3	4766995	4767627	+	633	14	11	11	2	7	7	45	20	45
SC_RS23930	NC_003888.3	4767684	4768676	+	993	341	353	423	4001	3552	4363	1115	1271	998
SC_RS23935	NC_003888.3	4768820	4768972	-	153	18	10	27	57	64	60	44	23	26
SC_RS23940	NC_003888.3	4769020	4769613	-	594	171	156	263	397	312	375	300	294	290
SC_RS23945	NC_003888.3	4769704	4770477	+	774	18	13	24	33	32	48	93	30	72
SC_RS23950	NC_003888.3	4770450	4771139	-	690	37	25	34	9	9	12	77	11	55
SC_RS23955	NC_003888.3	4771252	4772241	+	990	284	242	353	167	134	208	168	126	162
SC_RS23960	NC_003888.3	4772215	4773021	-	807	307	299	417	119	72	100	165	117	117
SC_RS23965	NC_003888.3	4773118	4774128	+	1011	110	129	154	249	195	223	520	603	508
SC_RS23970	NC_003888.3	4774125	4774967	+	843	65	54	83	115	101	96	312	285	360
SC_RS23975	NC_003888.3	4775082	4775639	+	558	22	21	31	35	29	21	81	98	84
SC_RS23980	NC_003888.3	4775642	4776853	+	1212	46	53	65	26	27	36	78	40	70
SC_RS23985	NC_003888.3	4776850	4777530	+	681	99	78	108	45	36	53	64	50	63
SC_RS23990	NC_003888.3	4777590	4777967	+	378	229	192	286	32	42	35	59	33	39
SC_RS23995	NC_003888.3	4778003	4778245	+	243	78	56	69	31	35	18	26	14	27
SC_RS24000	NC_003888.3	4778229	4779347	-	1119	757	865	1148	2424	2554	2172	1288	1200	880
SC_RS24005	NC_003888.3	4779458	4782313	+	2856	172	186	190	506	446	453	574	426	490
SC_RS24010	NC_003888.3	4782332	4783492	-	1161	4	4	10	23	34	24	150	63	127
SC_RS24015	NC_003888.3	4783700	4785205	+	1506	451	385	531	56	43	46	216	142	186
SC_RS24020	NC_003888.3	4785501	4786457	+	957	0	0	5	0	1	0	16	2	14
SC_RS24025	NC_003888.3	4786553	4787116	+	564	274	264	367	58	60	61	107	74	107
SC_RS24030	NC_003888.3	4787160	4787774	-	615	54	48	68	12	8	15	42	23	65
SC_RS24035	NC_003888.3	4787839	4788291	-	453	73	56	110	25	24	30	69	32	36
SC_RS24040	NC_003888.3	4788508	4789464	+	957	507	508	603	96	76	104	126	74	107
SC_RS24045	NC_003888.3	4789565	4790059	+	495	49	54	50	34	24	24	65	62	65
SC_RS24050	NC_003888.3	4790056	4790565	+	510	85	93	113	49	43	51	89	105	68
SC_RS24055	NC_003888.3	4790669	4792411	+	1743	1156	1092	1296	483	346	486	474	412	391
SC_RS24060	NC_003888.3	4792562	4793374	+	813	8	5	8	2	7	3	48	12	36
SC_RS24065	NC_003888.3	4793371	4795047	+	1677	10	5	8	13	7	11	131	33	80
SC_RS24070	NC_003888.3	4795085	4796683	+	1599	7	11	15	22	8	14	121	28	98
SC_RS24075	NC_003888.3	4796697	4798541	+	1845	11	8	8	19	19	13	140	39	121
SC_RS24080	NC_003888.3	4798612	4799760	+	1149	4	12	15	19	13	8	91	36	91
SC_RS24085	NC_003888.3	4799896	4801464	+	1569	10	18	21	9	17	19	117	39	96
SC_RS24090	NC_003888.3	4801461	4802204	+	744	9	1	6	5	5	8	45	16	31
SC_RS24095	NC_003888.3	4802192	4802821	+	630	110	101	112	15	8	17	65	24	36
SC_RS24100	NC_003888.3	4802873	4803460	+	588	68	69	85	25	19	21	71	21	65
SC_RS24105	NC_003888.3	4803479	4804183	-	705	317	297	415	188	218	260	257	197	195
SC_RS24110	NC_003888.3	4804464	4805564	+	1101	268	297	365	61	68	75	307	196	238
SC_RS24115	NC_003888.3	4805897	4806772	+	876	216	194	251	105	98	97	163	76	85
SC_RS24120	NC_003888.3	4806938	4808341	+	1404	277	224	337	275	213	258	549	463	568
SC_RS24125	NC_003888.3	4808387	4808785	-	399	29	30	48	83	65	81	96	62	64
SC_RS24130	NC_003888.3	4808960	4809685	+	726	36	42	43	94	72	96	88	55	85
SC_RS24135	NC_003888.3	4809858	4810613	-	756	37	35	53	36	27	32	84	24	65
SC_RS24140	NC_003888.3	4810836	4811528	+	693	1307	1196	1615	1319	1142	1334	1197	1262	1079
SC_RS24145	NC_003888.3	4812032	4812946	+	915	160	141	167	237	221	279	264	210	252
SC_RS24150	NC_003888.3	4812954	4814606	-	1653	422	408	499	236	169	229	286	205	214
SC_RS24155	NC_003888.3	4814603	4815394	-	792	590	605	801	376	282	318	291	242	271
SC_RS24160	NC_003888.3	4815510	4816163	-	654	2	2	0	53	41	60	88	44	78
SC_RS24165	NC_003888.3	4816468	4817853	+	1386	9	11	18	529	516	610	1501	1254	1135
SC_RS24170	NC_003888.3	4818056	4819708	+	1653	839	814	1043	840	829	869	1088	920	719
SC_RS24175	NC_003888.3	4819767	4821083	-	1317	24	21	42	1735	1405	1870	567	464	507
SC_RS24180	NC_003888.3	4821200	4821700	+	501	488	460	583	569	540	546	324	328	315
SC_RS24185	NC_003888.3	4821748	4822641	+	894	577	526	786	279	272	333	234	208	176
SC_RS24190	NC_003888.3	4822683	4823471	-	789	49	33	57	4	4	5	78	19	59
SC_RS24195	NC_003888.3	4823468	4824442	-	975	31	14	24	3	4	6	76	17	64
SC_RS24200	NC_003888.3	4824455	4825120	-	666	3	2	9	7	5	1	42	14	42
SC_RS24205	NC_003888.3	4825352	4826125	+	774	94	112	125	27	24	41	88	27	78
SC_RS24210	NC_003888.3	4826082	4827368	-	1287	306	232	386	1138	863	1124	848	834	879
SC_RS24215	NC_003888.3	4827365	4827958	-	594	486	435	657	2783	2165	2448	2705	2891	2502
SC_RS24220	NC_003888.3	4828287	4828667	+	381	70	47	76	16	22	26	64	31	45
SC_RS24225	NC_003888.3	4828773	4829285	+	513	89	84	92	693	637	624	448	389	373
SC_RS24230	NC_003888.3	4829871	4830347	+	477	214	202	213	1835	1550	1707	2710	3234	2921
SC_RS24235	NC_003888.3	4830650	4831684	-	1035	48	50	84	133	103	92	121	80	117
SC_RS24240	NC_003888.3	4831769	4833094	+	1326	3	7	3	14	13	14	75	24	82
SC_RS24245	NC_003888.3	4833116	4833988	+	873	219	180	277	52	57	47	103	65	90
SC_RS24250	NC_003888.3	4834171	4835376	-	1206	25	45	66	80	66	54	141	81	158
SC_RS24255	NC_003888.3	4835476	4836093	+	618	153	148	203	69	63	77	95	53	84
SC_RS24260	NC_003888.3	4836101	4836769	-	669	42	41	55	56	44	65	89	32	69
SC_RS24265	NC_003888.3	4836783	4837208	-	426	28	26	38	72	49	64	61	51	53
SC_RS24270	NC_003888.3	4837557	4838192	-	636	323	375	492	111	103	99	151	108	120
SC_RS24275	NC_003888.3	4838327	4839085	+	759	96	62	93	20	17	17	82	35	67
SC_RS24280	NC_003888.3	4839304	4841703	+	2400	1672	1617	2112	590	494	601	614	470	501
SC_RS24285	NC_003888.3	4841760	4842290	+	531	454	408	610	36	29	33	112	151	167
SC_RS24290	NC_003888.3	4842382	4842573	-	192	173	124	193	1448	1387	1554	2125	2896	2041
SC_RS24295	NC_003888.3	4842787	4845768	-	2982	732	648	879	665	485	553	584	440	477
SC_RS24300	NC_003888.3	4845862	4846281	-	420	25	24	33	311	254	194	93	94	66
SC_RS24305	NC_003888.3	4846352	4847875	-	1524	29	26	33	1989	1355	1467	340	208	224
SC_RS24310	NC_003888.3	4848064	4850667	+	2604	782	879	1036	910	830	1069	537	394	405
SC_RS24315	NC_003888.3	4850742	4851305	+	564	698	736	920	351	310	339	258	206	257
SC_RS24320	NC_003888.3	4851343	4851852	-	510	259	303	324	172	149	211	190	109	155
SC_RS24325	NC_003888.3	4851904	4852578	+	675	50	48	49	38	51	45	85	32	74
SC_RS24330	NC_003888.3	4852634	4852984	-	351	22	22	25	16	9	9	49	12	30
SC_RS24335	NC_003888.3	4853069	4853965	+	897	103	90	142	73	40	78	121	53	80
SC_RS24340	NC_003888.3	4854071	4855186	+	1116	109	106	147	61	53	72	119	43	92
SC_RS24345	NC_003888.3	4855250	4855660	+	411	136	164	248	317	279	291	283	312	230
SC_RS24350	NC_003888.3	4855908	4857491	-	1584	24	29	30	7	6	3	114	23	110
SC_RS24355	NC_003888.3	4857727	4859604	-	1878	2201	1954	2686	958	775	959	1005	861	846
SC_RS24360	NC_003888.3	4859813	4862452	-	2640	3780	3444	4541	1731	1628	1838	1292	1310	1062
SC_RS24365	NC_003888.3	4862642	4863400	+	759	309	298	298	488	527	589	2824	2893	2431
SC_RS24370	NC_003888.3	4863650	4864507	+	858	128	105	125	1798	1749	2030	1444	1248	1110
SC_RS24375	NC_003888.3	4864681	4864872	+	192	135	131	207	9841	9684	8064	4631	4281	3512
SC_RS24380	NC_003888.3	4864966	4865850	-	885	253	229	315	413	333	303	354	211	266
SC_RS24385	NC_003888.3	4865924	4866445	-	522	261	212	369	592	597	539	332	348	331
SC_RS24390	NC_003888.3	4866642	4867625	-	984	133	150	169	47	36	43	101	48	104
SC_RS24395	NC_003888.3	4867733	4868950	+	1218	4	6	6	3	2	5	124	19	79
SC_RS24400	NC_003888.3	4869137	4870225	+	1089	197	214	282	123	119	112	169	132	137
SC_RS24405	NC_003888.3	4870304	4870987	-	684	215	171	229	19	17	18	61	40	45
SC_RS24410	NC_003888.3	4871042	4871941	-	900	251	242	290	18	28	25	79	35	68
SC_RS24415	NC_003888.3	4872011	4872658	+	648	22	25	34	7	8	9	54	12	38
SC_RS24420	NC_003888.3	4872768	4874393	+	1626	35	26	22	25	18	20	140	29	95
SC_RS24425	NC_003888.3	4874365	4875516	-	1152	84	82	124	106	97	120	190	170	189
SC_RS24430	NC_003888.3	4875525	4875932	-	408	114	113	128	148	116	104	168	147	160
SC_RS24435	NC_003888.3	4876023	4876625	-	603	196	192	233	56	32	57	88	54	88
SC_RS24440	NC_003888.3	4876807	4877370	+	564	6	1	4	2	0	3	45	9	33
SC_RS24445	NC_003888.3	4877431	4879017	+	1587	53	44	55	54	30	45	142	37	94
SC_RS24450	NC_003888.3	4879075	4880076	-	1002	28	22	34	17	20	23	104	33	103
SC_RS24455	NC_003888.3	4880330	4880995	-	666	40	41	46	9	10	11	46	14	31
SC_RS24460	NC_003888.3	4881117	4881521	-	405	367	367	472	120	105	136	149	88	122
SC_RS24465	NC_003888.3	4881601	4882014	+	414	12	7	8	18	13	18	46	16	33
SC_RS24470	NC_003888.3	4882032	4882589	-	558	51	44	49	20	22	21	64	21	50
SC_RS24475	NC_003888.3	4882715	4883962	+	1248	201	177	246	67	34	43	125	43	110
SC_RS24480	NC_003888.3	4883980	4884108	+	129	17	12	33	4	4	2	19	9	20
SC_RS24485	NC_003888.3	4884219	4884893	-	675	192	199	262	58	66	46	149	101	142
SC_RS24490	NC_003888.3	4884950	4885462	+	513	44	30	70	31	10	18	82	33	40
SC_RS24495	NC_003888.3	4885528	4886016	-	489	95	100	100	27	38	34	57	68	71
SC_RS24500	NC_003888.3	4886067	4886504	-	438	382	358	478	332	262	340	489	573	504
SC_RS24505	NC_003888.3	4886990	4888306	+	1317	1422	1431	1741	519	534	703	460	384	357
SC_RS24510	NC_003888.3	4888303	4889004	+	702	623	593	751	275	289	288	233	187	193
SC_RS24515	NC_003888.3	4889161	4890459	+	1299	4272	4029	4738	340	316	320	645	853	720
SC_RS24520	NC_003888.3	4890549	4891220	+	672	753	735	815	194	182	263	224	223	219
SC_RS24525	NC_003888.3	4891222	4891992	+	771	303	320	455	110	112	218	216	196	184
SC_RS24530	NC_003888.3	4891996	4893720	+	1725	1653	1670	2153	490	417	640	992	982	881
SC_RS24535	NC_003888.3	4893909	4895051	+	1143	1381	1484	1872	481	518	749	908	872	800
SC_RS24540	NC_003888.3	4895198	4896619	-	1422	22	13	22	42	34	31	96	37	89
SC_RS24545	NC_003888.3	4896795	4897511	-	717	41	28	30	14	11	19	90	26	50
SC_RS24550	NC_003888.3	4897553	4898155	+	603	14	9	13	5	7	6	63	19	54
SC_RS24555	NC_003888.3	4898224	4899117	-	894	8	10	12	0	1	2	86	14	57
SC_RS24560	NC_003888.3	4899301	4899900	-	600	103	111	129	30	19	25	99	41	67
SC_RS24565	NC_003888.3	4900077	4901975	+	1899	247	196	288	161	128	113	258	160	223
SC_RS24570	NC_003888.3	4901972	4902850	-	879	186	188	234	51	44	50	102	42	110
SC_RS24575	NC_003888.3	4902931	4903482	+	552	8	8	11	13	8	3	51	10	33
SC_RS24580	NC_003888.3	4903479	4903841	+	363	11	13	20	6	0	2	28	8	25
SC_RS24585	NC_003888.3	4903856	4904881	-	1026	93	94	128	40	30	37	117	46	94
SC_RS24590	NC_003888.3	4904976	4905383	+	408	12	9	14	2	5	10	46	10	32
SC_RS24595	NC_003888.3	4905443	4907221	+	1779	422	383	462	107	150	150	200	130	182
SC_RS24600	NC_003888.3	4907340	4909220	+	1881	361	302	437	673	612	798	520	425	442
SC_RS24605	NC_003888.3	4909224	4909526	-	303	332	332	458	551	447	447	295	286	274
SC_RS24610	NC_003888.3	4909614	4911071	+	1458	868	890	1076	327	284	386	344	279	300
SC_RS24615	NC_003888.3	4911068	4911973	+	906	378	423	559	131	126	198	196	176	156
SC_RS24620	NC_003888.3	4912029	4912679	+	651	460	455	613	146	111	168	159	137	132
SC_RS24625	NC_003888.3	4912747	4913204	+	458	316	294	417	98	112	117	90	100	63
SC_RS24630	NC_003888.3	4913249	4914412	+	1164	1324	1248	1724	544	573	643	493	415	343
SC_RS24635	NC_003888.3	4914637	4915275	+	639	111	99	103	10	11	13	54	12	50
SC_RS24640	NC_003888.3	4915292	4915816	+	525	161	140	168	276	254	285	230	219	175
SC_RS24645	NC_003888.3	4915937	4916236	+	300	763	814	1005	325	302	357	273	299	244
SC_RS24650	NC_003888.3	4916377	4916478	+	102	52	41	69	46	44	100	22	8	15
SC_RS24655	NC_003888.3	4916551	4917873	+	1323	3293	2742	4541	3571	3253	4858	691	538	445
SC_RS24660	NC_003888.3	4917934	4918656	+	723	965	775	1167	677	606	845	224	175	146
SC_RS24665	NC_003888.3	4919005	4919880	-	876	64	53	70	9	6	7	67	25	53
SC_RS24670	NC_003888.3	4919880	4921172	-	1293	18	18	26	4	6	4	79	16	82
SC_RS24675	NC_003888.3	4921335	4922621	+	1287	59	41	66	11	16	17	90	38	79
SC_RS24680	NC_003888.3	4923031	4924959	+	1929	73	35	86	17	21	25	166	40	119
SC_RS24685	NC_003888.3	4924984	4925628	-	645	316	288	339	33	27	21	111	40	71
SC_RS24690	NC_003888.3	4925750	4925953	-	204	41323	41312	57542	9779	10694	13767	19503	24017	17803
SC_RS24695	NC_003888.3	4926246	4927094	+	849	589	659	854	619	602	862	619	627	555
SC_RS24700	NC_003888.3	4927170	4928930	+	1761	928	814	1077	387	312	307	436	356	445
SC_RS24705	NC_003888.3	4928991	4933568	-	4578	2865	2534	3394	896	691	844	1156	936	1011
SC_RS24710	NC_003888.3	4933854	4934156	+	303	1578	1544	1948	1434	1443	1674	1212	1419	1165
SC_RS24715	NC_003888.3	4935104	4935685	-	582	189	139	228	193	199	187	167	115	150
SC_RS24720	NC_003888.3	4935682	4936314	-	633	140	156	166	235	241	248	196	140	133
SC_RS24725	NC_003888.3	4936347	4936925	-	579	117	111	156	220	218	203	168	140	119
SC_RS24730	NC_003888.3	4936959	4938164	-	1206	255	260	296	742	764	599	438	354	359
SC_RS24735	NC_003888.3	4938161	4938472	-	312	52	57	74	162	186	177	75	58	77
SC_RS24740	NC_003888.3	4938790	4939515	-	726	29	34	51	5	11	4	55	18	55
SC_RS24745	NC_003888.3	4939512	4940861	-	1350	164	162	219	39	36	36	116	46	93
SC_RS24750	NC_003888.3	4940966	4941562	+	597	46	67	77	17	14	12	71	17	63
SC_RS24755	NC_003888.3	4941567	4941872	-	306	6	6	7	0	0	1	30	4	27
SC_RS24760	NC_003888.3	4941895	4942980	-	1086	27	27	38	12	3	3	97	16	65
SC_RS24765	NC_003888.3	4942977	4943474	-	498	20	12	25	3	5	9	54	35	60
SC_RS24770	NC_003888.3	4943703	4944296	+	594	61	54	86	55	37	36	98	43	71
SC_RS24775	NC_003888.3	4945126	4945845	+	720	771	668	872	252	207	213	155	99	108
SC_RS24780	NC_003888.3	4945864	4946745	+	882	237	255	290	55	58	51	82	40	52
SC_RS24785	NC_003888.3	4946742	4948049	+	1308	351	286	369	106	87	108	128	69	111
SC_RS24790	NC_003888.3	4948063	4949100	+	1038	523	444	669	155	135	161	136	105	114
SC_RS24795	NC_003888.3	4949097	4950017	+	921	776	720	976	173	150	167	270	234	177
SC_RS24800	NC_003888.3	4950107	4950367	+	261	267	255	275	62	64	46	88	78	85
SC_RS24805	NC_003888.3	4950575	4950955	+	381	314	313	375	47	42	46	71	56	68
SC_RS24810	NC_003888.3	4950956	4951393	+	438	145	147	201	32	26	26	46	32	46
SC_RS24815	NC_003888.3	4951390	4951851	+	462	64	52	78	8	5	11	61	15	35
SC_RS24820	NC_003888.3	4951930	4952256	+	327	153	170	210	44	30	27	87	63	68
SC_RS24825	NC_003888.3	4952253	4953677	+	1425	1016	817	1198	258	202	271	387	376	295
SC_RS24830	NC_003888.3	4953674	4955002	+	1329	538	491	603	132	117	133	229	151	175
SC_RS24835	NC_003888.3	4954999	4955643	+	645	77	88	91	17	16	16	83	28	47
SC_RS24840	NC_003888.3	4955652	4956245	+	594	82	74	142	24	25	27	68	31	54
SC_RS24845	NC_003888.3	4956301	4956636	-	336	272	204	253	118	105	114	105	99	111
SC_RS24850	NC_003888.3	4956659	4957264	-	606	409	331	469	94	86	90	82	89	81
SC_RS24855	NC_003888.3	4957302	4957697	-	396	160	163	205	56	68	53	48	37	61
SC_RS24860	NC_003888.3	4957723	4959303	-	1581	464	340	520	142	114	147	192	115	165
SC_RS24865	NC_003888.3	4959382	4959573	-	192	54	40	74	29	46	27	30	15	17
SC_RS24870	NC_003888.3	4959584	4960435	-	852	445	395	586	215	176	181	156	147	152
SC_RS24875	NC_003888.3	4960649	4961074	+	426	38	33	45	140	146	136	118	84	69
SC_RS24880	NC_003888.3	4961108	4962022	+	915	243	200	308	1061	960	936	611	541	451
SC_RS24885	NC_003888.3	4962128	4962778	+	651	386	369	482	248	213	257	196	192	157
SC_RS24890	NC_003888.3	4962778	4963845	+	1068	623	583	717	183	171	223	228	159	174
SC_RS24895	NC_003888.3	4964061	4967069	+	3009	1745	1594	2093	699	509	780	540	309	410
SC_RS24900	NC_003888.3	4967066	4967845	+	780	90	79	89	20	23	30	53	23	37
SC_RS24905	NC_003888.3	4967924	4969123	+	1200	1318	1249	1580	702	699	949	511	503	437
SC_RS24910	NC_003888.3	4969131	4969730	+	600	262	229	338	158	128	134	115	82	85
SC_RS24915	NC_003888.3	4969766	4970770	-	1005	15	16	18	32	15	21	98	35	99
SC_RS24920	NC_003888.3	4970964	4971383	+	420	6	3	2	1	0	1	38	4	27
SC_RS24925	NC_003888.3	4971401	4973632	+	2232	7	6	7	5	1	6	167	48	121
SC_RS24930	NC_003888.3	4973632	4974723	+	1092	8	8	5	1	1	4	76	19	65
SC_RS24935	NC_003888.3	4974767	4975462	+	696	1019	1162	1346	438	407	449	410	430	346
SC_RS24940	NC_003888.3	4975449	4975796	-	348	54	56	74	105	81	83	101	75	89
SC_RS24945	NC_003888.3	4975855	4976418	-	564	29	24	30	249	163	189	170	134	176
SC_RS24950	NC_003888.3	4976516	4977808	+	1293	1318	1317	1729	670	712	892	710	634	570
SC_RS24955	NC_003888.3	4977869	4978495	-	627	419	381	544	119	128	129	122	98	114
SC_RS24960	NC_003888.3	4978629	4979462	-	834	4556	3901	5662	1344	1478	1822	1226	1207	1013
SC_RS24965	NC_003888.3	4980274	4980633	+	360	6	6	9	124	102	93	527	513	474
SC_RS24970	NC_003888.3	4980646	4981200	+	555	11	8	8	155	129	125	849	779	700
SC_RS24975	NC_003888.3	4981197	4981952	+	756	13	17	11	139	110	122	735	731	637
SC_RS24980	NC_003888.3	4981949	4983271	+	1323	40	42	41	259	266	321	1482	1440	1325
SC_RS24985	NC_003888.3	4983268	4984140	+	873	76	66	89	188	169	185	836	853	724
SC_RS24990	NC_003888.3	4984137	4985486	+	1350	412	371	503	502	385	400	1792	1583	1485
SC_RS24995	NC_003888.3	4985483	4988014	+	2532	21	24	34	585	459	439	2382	2527	2199
SC_RS25000	NC_003888.3	4988011	4989414	+	1404	19	12	17	264	237	236	1352	1444	1228
SC_RS25005	NC_003888.3	4989407	4990084	+	678	40	24	48	158	125	130	959	882	835
SC_RS25010	NC_003888.3	4990081	4990938	+	858	30	40	21	201	160	183	937	951	822
SC_RS25015	NC_003888.3	4990935	4991234	+	300	2	2	9	52	38	42	292	252	224
SC_RS25020	NC_003888.3	4991249	4993213	+	1965	44	48	40	523	360	381	2314	2395	2204
SC_RS25025	NC_003888.3	4993219	4994790	+	1572	43	21	35	368	275	342	1698	1692	1496
SC_RS25030	NC_003888.3	4994787	4996445	+	1659	32	28	44	329	275	292	1659	1760	1621
SC_RS25035	NC_003888.3	4996565	4997164	-	600	94	93	113	168	129	176	224	182	189
SC_RS25040	NC_003888.3	4997397	4999427	+	2031	1049	920	1245	774	644	783	684	580	647
SC_RS25045	NC_003888.3	4999466	4999654	-	189	68	48	73	45	33	34	57	22	43
SC_RS25050	NC_003888.3	4999752	5000690	-	939	128	119	123	204	198	245	223	184	171
SC_RS25055	NC_003888.3	5000997	5002253	-	1257	238	277	351	1000	837	1233	475	459	382
SC_RS25060	NC_003888.3	5002738	5003547	+	810	183	145	192	2024	1631	1977	699	679	591
SC_RS25065	NC_003888.3	5003571	5004062	-	492	40	18	35	44	27	27	74	33	73
SC_RS25070	NC_003888.3	5004917	5005927	+	1011	1978	2018	2414	259	235	303	456	400	401
SC_RS25075	NC_003888.3	5006187	5007449	+	1263	1272	1130	1465	2092	1836	2035	6628	7381	6927
SC_RS25080	NC_003888.3	5007502	5008485	+	984	511	420	555	595	542	636	1869	2095	1928
SC_RS25085	NC_003888.3	5008472	5009416	+	945	269	275	322	433	289	363	450	408	419
SC_RS25090	NC_003888.3	5009444	5010046	-	603	347	331	441	894	815	1230	136	68	109
SC_RS25095	NC_003888.3	5010296	5011708	+	1413	1192	979	1297	161	123	131	615	719	675
SC_RS25100	NC_003888.3	5011745	5012719	-	975	47	47	56	60	34	58	98	41	83
SC_RS25105	NC_003888.3	5012930	5013400	-	471	113	97	145	197	189	172	138	107	111
SC_RS25110	NC_003888.3	5013530	5014102	+	573	203	220	271	74	46	37	106	67	81
SC_RS25115	NC_003888.3	5014126	5015214	-	1089	388	354	450	482	401	354	360	258	228
SC_RS25120	NC_003888.3	5015360	5016214	-	855	44	37	62	158	122	190	117	80	77
SC_RS25125	NC_003888.3	5016376	5017434	-	1059	78	88	98	313	319	381	351	286	249
SC_RS25130	NC_003888.3	5017427	5019364	-	1938	866	914	1169	3093	2847	3100	2426	2724	2224
SC_RS25135	NC_003888.3	5019699	5020358	-	660	277	267	347	183	152	141	263	188	205
SC_RS25140	NC_003888.3	5020678	5022045	-	1368	154	133	157	125	118	79	182	98	171
SC_RS25145	NC_003888.3	5022159	5023382	-	1224	92	80	97	120	91	128	166	91	141
SC_RS25150	NC_003888.3	5023578	5024018	+	441	76	71	73	34	36	37	38	12	44
SC_RS25155	NC_003888.3	5024009	5024713	+	705	220	158	230	105	135	111	75	51	63
SC_RS25160	NC_003888.3	5024710	5026071	+	1362	486	488	604	191	181	244	139	85	107
SC_RS25165	NC_003888.3	5026068	5027036	+	969	213	193	237	121	109	116	116	64	85
SC_RS25170	NC_003888.3	5027036	5027629	+	594	145	132	197	52	67	98	67	44	56
SC_RS25175	NC_003888.3	5027626	5028219	+	594	104	115	137	58	65	72	55	36	50
SC_RS25180	NC_003888.3	5028219	5028611	+	393	47	49	87	30	20	52	39	24	29
SC_RS25185	NC_003888.3	5028608	5030602	+	1995	334	329	457	125	110	144	180	62	163
SC_RS25190	NC_003888.3	5030609	5032213	+	1605	473	398	649	146	99	152	174	77	162
SC_RS25195	NC_003888.3	5032210	5033757	+	1548	133	126	136	81	70	98	161	65	127
SC_RS25200	NC_003888.3	5033984	5034847	+	864	505	483	569	238	164	367	341	270	274
SC_RS25205	NC_003888.3	5034844	5035260	+	417	85	62	72	90	90	132	119	114	111
SC_RS25210	NC_003888.3	5035358	5035951	+	594	378	312	431	137	97	140	186	137	132
SC_RS25215	NC_003888.3	5036030	5037274	-	1245	319	299	392	1564	1360	1325	308	195	186
SC_RS25220	NC_003888.3	5037414	5037680	+	267	876	806	1059	132	106	132	340	374	285
SC_RS25225	NC_003888.3	5037788	5038276	-	489	1765	1587	2184	1295	1177	1064	698	647	515
SC_RS25230	NC_003888.3	5038512	5038593	+	82	40	43	49	5	6	14	31	4	27
SC_RS25235	NC_003888.3	5038758	5040125	-	1368	9	6	6	8	5	7	114	29	86
SC_RS25240	NC_003888.3	5040186	5040371	-	186	2	0	0	1	1	3	19	4	15
SC_RS25245	NC_003888.3	5040809	5042281	-	1473	2	9	5	6	2	3	127	22	94
SC_RS25250	NC_003888.3	5042283	5043134	-	852	4	4	4	0	0	1	53	15	44
SC_RS25255	NC_003888.3	5043224	5043691	-	468	2	2	5	5	3	1	49	11	31
SC_RS25260	NC_003888.3	5043865	5045910	-	2046	18	17	33	10	14	13	121	46	138
SC_RS25265	NC_003888.3	5045925	5046464	-	540	2	4	2	3	4	0	35	12	40
SC_RS25270	NC_003888.3	5046484	5046984	-	501	1	6	4	4	1	0	39	18	33
SC_RS25275	NC_003888.3	5047158	5047313	+	156	34	34	40	24	18	23	45	21	45
SC_RS25280	NC_003888.3	5047328	5047663	-	336	7	10	10	1	1	2	23	7	24
SC_RS25285	NC_003888.3	5047663	5048670	-	1008	11	10	15	2	8	3	53	11	39
SC_RS25290	NC_003888.3	5048667	5049200	-	534	13	3	11	2	5	1	28	6	17
SC_RS25295	NC_003888.3	5049197	5049466	-	270	7	6	6	1	4	2	26	2	20
SC_RS25300	NC_003888.3	5049893	5050702	+	810	920	863	1256	222	186	221	221	177	205
SC_RS25305	NC_003888.3	5050699	5051364	+	666	480	452	631	166	106	113	136	85	137
SC_RS25310	NC_003888.3	5051465	5052373	-	909	96	84	117	57	67	54	72	46	77
SC_RS25315	NC_003888.3	5052984	5054666	-	1683	477	459	597	911	803	808	279	175	209
SC_RS25320	NC_003888.3	5055828	5058728	+	2901	97	97	121	493	416	469	652	459	538
SC_RS25325	NC_003888.3	5058797	5059018	+	222	70	62	70	79	62	56	71	53	54
SC_RS25330	NC_003888.3	5059025	5059681	-	657	359	360	455	336	333	314	239	228	186
SC_RS25335	NC_003888.3	5059786	5061090	-	1305	47	34	51	99	71	90	155	61	122
SC_RS25340	NC_003888.3	5061316	5061388	+	73	3	1	4	0	3	0	10	4	14
SC_RS25345	NC_003888.3	5061435	5061507	+	73	355	320	472	55	64	111	49	38	53
SC_RS25350	NC_003888.3	5061599	5061763	+	165	1390	1220	1693	294	301	462	355	448	277
SC_RS25355	NC_003888.3	5061859	5062311	+	453	938	982	1303	605	698	742	645	552	444
SC_RS25360	NC_003888.3	5062317	5062745	+	429	873	735	1088	898	877	919	718	776	563
SC_RS25365	NC_003888.3	5062845	5063669	-	825	163	141	190	90	74	82	79	47	92
SC_RS25370	NC_003888.3	5063734	5064339	+	606	217	201	335	76	82	102	63	52	61
SC_RS25375	NC_003888.3	5064405	5064998	+	594	535	525	663	297	211	310	147	110	146
SC_RS25380	NC_003888.3	5065114	5066586	+	1473	80	65	97	16	16	22	105	30	83
SC_RS25385	NC_003888.3	5066624	5067004	+	381	14	12	15	6	6	2	26	5	21
SC_RS25390	NC_003888.3	5067097	5068152	+	1056	1089	987	1287	320	289	359	305	275	279
SC_RS25395	NC_003888.3	5068592	5069623	-	1032	145	120	135	186	149	153	199	148	177
SC_RS25400	NC_003888.3	5069749	5070975	-	1227	4235	4463	5787	1034	1024	1328	1815	2026	1678
SC_RS25405	NC_003888.3	5071215	5071287	+	73	73	69	64	8	10	17	10	6	17
SC_RS25410	NC_003888.3	5071396	5071680	+	285	1564	1447	1789	391	356	493	383	322	330
SC_RS25415	NC_003888.3	5071761	5072663	+	903	5717	4656	6194	846	867	1078	813	769	623
SC_RS25420	NC_003888.3	5072851	5073285	+	435	16174	15790	20506	4079	3926	4658	3157	3195	2173
SC_RS25425	NC_003888.3	5073369	5074094	+	726	14436	13972	17520	3201	3267	3307	2780	2791	1860
SC_RS25430	NC_003888.3	5074267	5075124	+	858	239	243	312	84	81	115	161	97	143
SC_RS25435	NC_003888.3	5075273	5076121	+	849	2734	2216	3046	354	293	350	1182	1323	1039
SC_RS25440	NC_003888.3	5076440	5076970	+	531	75631	72352	91508	8517	9015	11467	9053	11028	7041
SC_RS25445	NC_003888.3	5077088	5077471	+	384	28904	28864	36264	3761	3689	4548	4800	5612	3646
SC_RS25450	NC_003888.3	5078061	5081546	+	3486	27500	26953	33098	14066	14281	17760	9692	10023	7721
SC_RS25455	NC_003888.3	5081644	5085543	+	3900	34147	33973	40331	19250	19201	22988	11026	12159	9517
SC_RS25460	NC_003888.3	5085653	5086240	+	588	175	140	209	66	68	63	109	76	96
SC_RS25465	NC_003888.3	5086257	5087552	-	1296	470	474	628	69	64	66	215	115	153
SC_RS25470	NC_003888.3	5087653	5088690	+	1038	920	887	1156	233	183	190	253	170	232
SC_RS25475	NC_003888.3	5088946	5089317	+	372	23034	22121	29031	4332	4398	4591	3409	3773	2369
SC_RS25480	NC_003888.3	5089320	5089790	+	471	14138	14161	18371	2444	2641	3078	2272	2660	1625
SC_RS25485	NC_003888.3	5089830	5091956	+	2127	87403	84709	103943	15961	16306	20696	14524	16319	11129
SC_RS25490	NC_003888.3	5092130	5093323	+	1194	84596	82380	104624	38754	35977	42191	30692	34835	24709
SC_RS25495	NC_003888.3	5093313	5093666	-	354	540	534	665	255	186	97	177	95	177
SC_RS25500	NC_003888.3	5093796	5096276	-	2481	60	44	53	4	8	12	158	29	123
SC_RS25505	NC_003888.3	5096270	5097010	-	741	9	5	8	5	4	9	60	19	47
SC_RS25510	NC_003888.3	5097181	5098476	+	1296	29	18	26	19	24	19	86	33	86
SC_RS25515	NC_003888.3	5098476	5099108	+	633	321	265	305	110	80	89	114	111	86
SC_RS25520	NC_003888.3	5099276	5100415	+	1140	235	245	297	99	72	89	291	284	268
SC_RS25525	NC_003888.3	5100500	5101891	-	1392	17	14	21	4	3	3	107	18	86
SC_RS25530	NC_003888.3	5102043	5102990	-	948	85	74	76	76	92	93	119	42	92
SC_RS25535	NC_003888.3	5103076	5104845	-	1770	191	189	229	393	348	467	270	188	243
SC_RS25540	NC_003888.3	5104850	5105851	-	1002	220	204	308	490	456	404	382	322	306
SC_RS25545	NC_003888.3	5105926	5106318	+	393	57	36	63	138	101	71	147	61	127
SC_RS25550	NC_003888.3	5106331	5107239	-	909	163	162	267	1200	1230	1219	952	849	749
SC_RS25555	NC_003888.3	5107257	5108129	-	873	2	1	0	340	340	449	625	461	461
SC_RS25560	NC_003888.3	5108377	5108811	-	435	5	2	3	2923	2981	3369	4144	3951	3221
SC_RS25565	NC_003888.3	5108924	5109772	+	849	97	92	123	368	353	357	594	521	459
SC_RS25570	NC_003888.3	5109769	5109960	+	192	100	94	111	139	152	132	262	219	198
SC_RS25575	NC_003888.3	5109911	5110819	-	909	131	110	180	173	107	113	190	105	164
SC_RS25580	NC_003888.3	5110897	5111655	+	759	27	16	22	92	82	111	77	46	77
SC_RS25585	NC_003888.3	5111657	5111866	+	210	7	3	10	16	11	17	18	13	21
SC_RS25590	NC_003888.3	5112041	5113399	+	1359	577	527	674	579	642	627	470	386	387
SC_RS25595	NC_003888.3	5113748	5113951	+	204	12822	12277	16837	159	309	556	994	1255	1519
SC_RS25600	NC_003888.3	5114162	5115568	+	1407	1017	1007	1321	23	24	27	141	63	129
SC_RS25605	NC_003888.3	5115614	5115925	+	312	256	226	280	36	25	30	55	25	68
SC_RS25610	NC_003888.3	5115961	5116320	-	360	544	443	592	294	257	343	236	279	166
SC_RS25615	NC_003888.3	5116372	5116728	-	357	196	199	217	162	137	164	184	169	169
SC_RS25620	NC_003888.3	5117228	5117560	+	333	13	4	5	90	86	83	440	583	541
SC_RS25625	NC_003888.3	5117670	5118521	+	852	8	10	11	16	22	13	102	97	134
SC_RS25630	NC_003888.3	5118613	5119260	+	648	201	187	254	130	95	116	145	97	98
SC_RS25635	NC_003888.3	5119360	5120483	+	1124	44	54	35	20	28	23	97	34	68
SC_RS25640	NC_003888.3	5120514	5120981	+	468	13	18	27	6	8	5	46	20	24
SC_RS25645	NC_003888.3	5121109	5122923	+	1815	98	99	93	125	90	107	224	151	209
SC_RS25650	NC_003888.3	5122899	5123855	+	957	4	7	13	1	0	1	2	3	4
SC_RS25655	NC_003888.3	5123855	5126638	+	2784	195	164	254	76	85	105	333	138	284
SC_RS25660	NC_003888.3	5126659	5127108	+	450	61	44	99	29	32	25	61	40	60
SC_RS25665	NC_003888.3	5127609	5127917	+	309	23185	20922	27733	4627	5475	5728	4895	5142	4214
SC_RS25670	NC_003888.3	5127934	5128578	+	645	29069	26906	35028	4958	5576	6344	5634	6182	4071
SC_RS25675	NC_003888.3	5128587	5129246	+	660	23039	21401	27300	3620	4169	5278	4342	4893	3109
SC_RS25680	NC_003888.3	5129246	5129665	+	420	20802	19109	25444	3839	4043	5437	4222	5006	3374
SC_RS25685	NC_003888.3	5129706	5130542	+	837	37344	36068	46053	6084	6610	8238	6927	7861	5496
SC_RS25690	NC_003888.3	5130555	5130836	+	282	10123	9684	12613	1644	1603	2061	2116	2320	1485
SC_RS25695	NC_003888.3	5130879	5131226	+	348	22034	21829	26780	2967	2997	4077	3830	4172	2978
SC_RS25700	NC_003888.3	5131226	5132059	+	834	49287	47727	58460	6156	6145	7806	7333	8492	6135
SC_RS25705	NC_003888.3	5132065	5132484	+	420	15169	15257	18809	2081	2035	2913	2770	3145	2262
SC_RS25710	NC_003888.3	5132484	5132708	+	225	11098	10656	13794	1668	1551	2037	2172	2248	1792
SC_RS25715	NC_003888.3	5132708	5132995	+	288	21892	21423	27372	3438	3346	5134	4254	5749	4300
SC_RS25720	NC_003888.3	5133103	5133471	+	369	18195	17288	22465	2764	2520	3361	2841	3361	2661
SC_RS25725	NC_003888.3	5133474	5133797	+	324	8177	8069	10359	1302	1271	1429	1500	1628	1413
SC_RS25730	NC_003888.3	5133797	5134354	+	558	22166	21026	27114	3310	3042	4092	3951	4616	3476
SC_RS25735	NC_003888.3	5134360	5134545	+	186	9365	9123	11688	1608	1353	1754	1857	2121	1694
SC_RS25740	NC_003888.3	5134757	5135155	+	399	19712	18819	24020	3930	3788	4523	3520	3934	2756
SC_RS25745	NC_003888.3	5135180	5135719	+	540	32836	30132	38292	5759	5252	5947	4821	5852	3926
SC_RS25750	NC_003888.3	5135723	5136106	+	384	23161	22296	29128	4282	3877	4577	3952	4523	3341
SC_RS25755	NC_003888.3	5136150	5136755	+	606	42335	40864	51550	8056	7145	8713	7274	8070	6314
SC_RS25760	NC_003888.3	5136758	5136940	+	183	5487	5274	6852	953	1033	1224	991	1112	732
SC_RS25765	NC_003888.3	5136943	5137398	+	456	32036	31167	40171	7309	7303	8526	7129	9266	6794
SC_RS25770	NC_003888.3	5137655	5138968	+	1314	4535	4411	5711	1970	1838	2232	1312	1216	970
SC_RS25775	NC_003888.3	5138968	5139621	+	654	4171	4009	5133	1355	1301	1511	1002	1084	762
SC_RS25780	NC_003888.3	5139773	5140609	+	837	518	432	562	148	118	126	119	84	127
SC_RS25785	NC_003888.3	5140751	5140972	+	222	15585	15122	19162	3386	3623	3971	4202	4295	3416
SC_RS25790	NC_003888.3	5141041	5141154	+	114	5683	5606	6884	1234	1365	1576	1453	1615	1146
SC_RS25795	NC_003888.3	5141343	5141723	+	381	20022	20052	24705	2853	3036	4232	4443	4275	3099
SC_RS25800	NC_003888.3	5141791	5142195	+	405	21389	21385	27566	3286	3733	4611	4706	5145	3418
SC_RS25805	NC_003888.3	5142327	5143349	+	1023	28658	28115	35153	6402	6399	7476	6527	6954	5160
SC_RS25810	NC_003888.3	5143544	5144050	+	507	25737	24652	31769	4908	4819	5198	5607	6339	4806
SC_RS25815	NC_003888.3	5144190	5145044	+	855	588	575	658	161	110	151	162	112	164
SC_RS25820	NC_003888.3	5145064	5145963	-	900	778	730	974	594	588	629	340	253	255
SC_RS25825	NC_003888.3	5146038	5147243	+	1206	32	35	46	5	16	6	102	34	89
SC_RS25830	NC_003888.3	5147451	5147894	+	444	13260	11801	16063	1620	2347	2636	1825	1673	1256
SC_RS25835	NC_003888.3	5147937	5148449	+	513	11315	10381	13599	2140	2573	2802	2250	2127	1507
SC_RS25840	NC_003888.3	5148674	5150032	+	1359	2170	2090	2595	348	369	401	435	351	370
SC_RS25845	NC_003888.3	5150160	5151107	-	948	309	242	344	70	82	63	139	60	97
SC_RS25850	NC_003888.3	5151168	5152157	-	990	60	63	81	126	101	124	114	53	85
SC_RS25855	NC_003888.3	5152417	5153223	+	807	404	342	552	61	59	80	85	40	84
SC_RS25860	NC_003888.3	5153334	5155181	+	1848	239	204	283	107	87	82	214	90	164
SC_RS25865	NC_003888.3	5155213	5155785	-	573	71	101	98	66	65	68	57	46	52
SC_RS25870	NC_003888.3	5155831	5157288	-	1458	112	110	120	51	68	59	150	110	180
SC_RS25875	NC_003888.3	5157368	5157973	+	606	31	28	43	28	15	16	73	19	55
SC_RS25880	NC_003888.3	5158001	5158372	-	372	110	114	153	49	45	49	91	42	68
SC_RS25885	NC_003888.3	5158508	5159683	+	1176	1131	1064	1373	227	233	258	336	257	255
SC_RS25890	NC_003888.3	5159844	5161100	+	1257	303	318	383	92	74	96	127	77	99
SC_RS25895	NC_003888.3	5161069	5161617	+	549	321	262	334	128	97	136	110	118	100
SC_RS25900	NC_003888.3	5161764	5162000	+	237	104	101	132	192	185	195	206	205	184
SC_RS25905	NC_003888.3	5162036	5162590	-	555	33	21	29	52	51	45	91	51	82
SC_RS25910	NC_003888.3	5162784	5163437	+	654	473	492	616	323	273	307	247	173	170
SC_RS25915	NC_003888.3	5163434	5163967	+	534	213	181	258	162	148	196	118	113	96
SC_RS25920	NC_003888.3	5163960	5165084	+	1125	607	640	808	323	309	397	325	261	237
SC_RS25925	NC_003888.3	5165081	5165353	+	273	137	154	143	54	48	54	44	34	41
SC_RS25930	NC_003888.3	5165438	5166505	+	1068	153	144	218	48	49	65	92	43	74
SC_RS25935	NC_003888.3	5166649	5167686	+	1038	69	57	64	13	19	15	90	15	58
SC_RS25940	NC_003888.3	5167797	5168153	+	357	15	11	14	6	6	2	17	5	29
SC_RS25945	NC_003888.3	5168216	5169475	+	1260	33	34	44	39	22	36	88	41	76
SC_RS25950	NC_003888.3	5169472	5170644	-	1173	144	142	162	54	36	45	118	56	98
SC_RS25955	NC_003888.3	5170735	5171655	+	921	14	10	12	0	2	4	73	13	40
SC_RS25960	NC_003888.3	5171652	5172401	+	750	8	6	9	3	3	2	43	18	48
SC_RS25965	NC_003888.3	5172737	5173045	+	309	25314	22709	32670	25181	18838	15800	10205	11572	8252
SC_RS25970	NC_003888.3	5173179	5174804	+	1626	30680	28344	37802	29098	24810	24977	11091	13302	7614
SC_RS25975	NC_003888.3	5175044	5176285	-	1242	140	109	179	472	446	446	230	179	236
SC_RS25980	NC_003888.3	5176428	5177201	-	774	213	211	248	159	179	182	109	107	98
SC_RS25985	NC_003888.3	5177256	5177924	-	669	267	230	325	84	64	72	86	64	76
SC_RS25990	NC_003888.3	5178021	5178941	+	921	217	197	254	105	120	152	144	89	126
SC_RS25995	NC_003888.3	5179007	5179345	-	339	13	11	10	23	14	14	54	42	46
SC_RS26000	NC_003888.3	5179727	5180338	+	612	84	69	97	3546	4143	4108	4210	4564	3358
SC_RS26005	NC_003888.3	5180620	5181207	+	588	311	257	382	680	795	866	886	937	672
SC_RS26010	NC_003888.3	5181347	5182852	+	1506	3937	3833	4924	2790	2699	3373	1648	1632	1159
SC_RS26015	NC_003888.3	5182993	5184117	+	1125	2896	3198	3835	821	841	944	803	706	621
SC_RS26020	NC_003888.3	5184449	5185669	+	1221	35	23	27	1834	1471	1847	1244	1171	1106
SC_RS26025	NC_003888.3	5185771	5186988	-	1218	14	14	28	32	27	36	126	32	106
SC_RS26030	NC_003888.3	5187291	5188997	+	1707	60	57	82	471	412	423	337	209	256
SC_RS26035	NC_003888.3	5189098	5191251	+	2154	3517	3528	4377	1174	979	1171	1111	1109	902
SC_RS26040	NC_003888.3	5191425	5194364	+	2940	1032	989	1216	1425	1175	1606	1670	1671	1594
SC_RS26045	NC_003888.3	5194510	5196300	+	1791	1308	1315	1653	384	303	414	582	548	511
SC_RS26050	NC_003888.3	5196394	5197536	+	1143	262	241	326	270	217	344	200	145	178
SC_RS26055	NC_003888.3	5197629	5199356	+	1728	1093	962	1226	228	192	237	661	798	757
SC_RS26060	NC_003888.3	5199496	5201109	+	1614	94	91	131	17	13	28	116	69	96
SC_RS26065	NC_003888.3	5201210	5203018	+	1809	33	37	47	9	13	14	134	53	97
SC_RS26070	NC_003888.3	5203137	5203796	-	660	471	450	529	405	407	492	84	70	75
SC_RS26075	NC_003888.3	5203783	5204163	+	381	23	22	33	10	14	10	45	8	29
SC_RS26080	NC_003888.3	5204510	5204797	-	288	77	63	61	31	20	22	58	43	74
SC_RS26085	NC_003888.3	5205166	5206746	+	1581	4662	4616	5802	1092	1129	1211	715	615	517
SC_RS26090	NC_003888.3	5206750	5207235	-	486	126	113	150	25	18	14	59	20	44
SC_RS26095	NC_003888.3	5207363	5208166	+	804	203	206	217	92	108	102	132	96	111
SC_RS26100	NC_003888.3	5208328	5209623	+	1296	183	157	218	194	152	157	262	214	216
SC_RS26105	NC_003888.3	5209763	5210290	+	528	106	80	116	78	70	69	139	95	120
SC_RS26110	NC_003888.3	5210287	5210514	-	228	31	32	40	87	36	47	105	125	172
SC_RS26115	NC_003888.3	5210501	5211922	-	1422	140	93	174	403	192	270	697	916	770
SC_RS26120	NC_003888.3	5212113	5213405	+	1293	228	207	240	378	168	300	821	956	816
SC_RS26125	NC_003888.3	5213402	5214157	+	756	389	320	406	243	184	241	305	317	315
SC_RS26130	NC_003888.3	5214259	5215302	-	1044	37	44	34	2401	2320	2438	1865	1731	1384
SC_RS26135	NC_003888.3	5215611	5215964	+	354	146	121	162	86	85	96	62	74	89
SC_RS26140	NC_003888.3	5215942	5216958	-	1017	124	108	157	108	76	63	97	46	72
SC_RS26145	NC_003888.3	5216985	5218181	-	1197	337	317	397	389	404	429	264	173	204
SC_RS26150	NC_003888.3	5218624	5221119	+	2496	2311	2076	2753	1328	1255	1553	1258	1154	1001
SC_RS26155	NC_003888.3	5221209	5222906	-	1698	563	485	640	427	425	524	481	351	389
SC_RS26160	NC_003888.3	5223103	5224098	-	996	10	14	14	15	22	24	211	105	160
SC_RS26165	NC_003888.3	5224492	5224908	+	417	585	517	746	691	564	570	1165	1178	1151
SC_RS26170	NC_003888.3	5225006	5226826	-	1821	456	375	502	139	114	122	279	205	279
SC_RS26175	NC_003888.3	5226862	5228001	-	1140	774	739	994	60	63	66	207	154	186
SC_RS26180	NC_003888.3	5228085	5229206	+	1122	1176	1010	1315	103	73	53	250	203	216
SC_RS26185	NC_003888.3	5229309	5231756	+	2448	871	867	1105	132	116	91	393	279	339
SC_RS26190	NC_003888.3	5231885	5233081	+	1197	302	292	337	67	51	40	165	105	129
SC_RS26195	NC_003888.3	5233252	5234196	+	945	293	269	345	54	48	40	84	56	79
SC_RS26200	NC_003888.3	5234993	5236177	+	1185	15767	15782	20562	17254	17442	21195	4895	5523	3628
SC_RS26205	NC_003888.3	5236206	5237090	+	885	11552	11233	14616	14681	14477	16864	3865	4741	2992
SC_RS26210	NC_003888.3	5237203	5238327	-	1125	68	54	80	22	18	16	100	43	96
SC_RS26215	NC_003888.3	5238424	5240100	+	1677	75	70	69	11	17	6	129	34	112
SC_RS26220	NC_003888.3	5240239	5241036	-	798	1209	1020	1318	231	209	388	491	381	386
SC_RS26225	NC_003888.3	5241331	5241978	+	648	753	711	968	70	93	108	136	83	91
SC_RS26230	NC_003888.3	5241975	5243546	+	1572	1955	1864	2446	247	332	381	463	372	343
SC_RS26235	NC_003888.3	5243808	5243927	-	120	18	15	18	3	5	6	15	7	9
SC_RS26240	NC_003888.3	5243963	5244607	-	645	39	31	42	12	11	20	42	16	38
SC_RS26245	NC_003888.3	5244609	5247029	-	2421	11	16	15	8	12	16	195	54	128
SC_RS26250	NC_003888.3	5247215	5248573	-	1359	33	21	32	114	61	47	151	110	154
SC_RS26255	NC_003888.3	5248570	5249310	-	741	17	23	21	40	40	31	96	62	97
SC_RS26260	NC_003888.3	5249522	5249992	-	471	10	4	4	13	13	23	86	66	65
SC_RS26265	NC_003888.3	5250091	5252229	-	2139	43	38	54	304	227	329	316	218	232
SC_RS26270	NC_003888.3	5252226	5252972	-	747	154	126	180	272	303	265	256	233	200
SC_RS26275	NC_003888.3	5253098	5253685	-	588	2186	2189	2696	702	627	590	210	146	131
SC_RS26280	NC_003888.3	5253981	5254835	+	855	1521	1589	2008	592	633	770	374	375	258
SC_RS26285	NC_003888.3	5254825	5255361	+	537	549	560	664	248	255	268	155	140	138
SC_RS26290	NC_003888.3	5255754	5257154	+	1401	1754	1592	2002	591	531	590	723	747	672
SC_RS26295	NC_003888.3	5257517	5258506	+	990	2602	2632	3290	3264	3363	4349	2772	3061	2072
SC_RS26300	NC_003888.3	5258735	5260264	+	1530	736	697	858	98	75	113	140	98	145
SC_RS26305	NC_003888.3	5260321	5261853	+	1533	426	399	572	60	69	86	122	42	97
SC_RS26310	NC_003888.3	5261850	5263034	+	1185	399	402	501	61	51	58	79	29	87
SC_RS26315	NC_003888.3	5263034	5264980	+	1947	469	423	487	65	48	79	151	42	145
SC_RS26320	NC_003888.3	5264982	5265950	+	969	288	296	307	41	36	49	76	32	56
SC_RS26325	NC_003888.3	5265954	5266685	-	732	511	470	643	172	162	174	191	168	174
SC_RS26330	NC_003888.3	5266682	5267128	-	447	48	43	60	55	39	36	43	21	48
SC_RS26335	NC_003888.3	5267125	5267634	-	510	59	67	57	59	54	53	65	39	81
SC_RS26340	NC_003888.3	5267682	5269070	+	1389	8	20	15	9	7	11	90	14	87
SC_RS26345	NC_003888.3	5269286	5270731	+	1446	212	204	241	343	323	376	362	257	240
SC_RS26350	NC_003888.3	5270746	5271402	-	657	11	16	16	6	3	7	60	16	52
SC_RS26355	NC_003888.3	5271519	5272538	+	1020	1246	1337	1615	853	786	1049	674	712	584
SC_RS26360	NC_003888.3	5272715	5273293	+	579	413	371	440	192	190	252	427	366	319
SC_RS26365	NC_003888.3	5273376	5274131	-	756	12	15	16	7	3	6	59	14	61
SC_RS26370	NC_003888.3	5274166	5275539	-	1374	7	9	12	7	5	4	96	18	85
SC_RS26375	NC_003888.3	5275682	5276191	+	510	1	1	1	0	0	0	32	7	32
SC_RS26380	NC_003888.3	5276184	5277152	+	969	1	5	7	1	0	1	64	12	46
SC_RS26385	NC_003888.3	5277146	5277619	+	474	5	13	7	0	1	0	21	1	24
SC_RS26390	NC_003888.3	5277607	5278539	+	933	132	113	104	68	43	57	93	39	83
SC_RS26395	NC_003888.3	5278487	5279914	-	1428	867	850	1096	698	655	719	577	445	416
SC_RS26400	NC_003888.3	5279853	5280092	+	240	255	225	355	48	34	70	84	54	46
SC_RS26405	NC_003888.3	5280147	5281457	+	1311	785	796	932	115	114	164	191	106	137
SC_RS26410	NC_003888.3	5281448	5282203	-	756	120	128	162	55	50	59	81	43	57
SC_RS26415	NC_003888.3	5282215	5282703	-	489	76	72	83	31	20	30	36	12	32
SC_RS26420	NC_003888.3	5282708	5283115	-	408	124	111	123	51	27	56	54	23	29
SC_RS26425	NC_003888.3	5283201	5283611	-	411	21	16	10	97	83	102	56	16	31
SC_RS26430	NC_003888.3	5283653	5284273	-	621	90	70	93	288	248	440	135	116	109
SC_RS26435	NC_003888.3	5284439	5285212	-	774	3944	4255	5150	2574	2514	2714	1416	1379	1077
SC_RS26440	NC_003888.3	5285212	5286966	-	1755	8351	8371	10150	5012	5050	6648	2762	2734	1890
SC_RS26445	NC_003888.3	5286986	5287468	-	483	1626	1646	2051	1021	998	1105	562	499	381
SC_RS26450	NC_003888.3	5287474	5287854	-	381	1850	1849	2401	1162	1205	1546	605	548	364
SC_RS26455	NC_003888.3	5288036	5288587	-	552	43	60	56	199	115	227	100	54	88
SC_RS26460	NC_003888.3	5288818	5290443	+	1626	144	158	233	1137	919	1270	337	267	307
SC_RS26465	NC_003888.3	5290562	5291107	+	546	33	22	50	300	252	274	241	238	190
SC_RS26470	NC_003888.3	5291195	5291764	+	570	22	20	25	156	121	138	168	142	115
SC_RS26475	NC_003888.3	5291932	5292354	+	423	12	9	8	16	15	9	33	10	27
SC_RS26480	NC_003888.3	5292481	5293098	+	618	26	9	19	10	5	7	22	7	20
SC_RS26485	NC_003888.3	5293095	5294015	+	921	9	23	20	4	6	7	61	12	52
SC_RS26490	NC_003888.3	5294399	5295061	+	663	145	123	198	20	21	24	75	19	54
SC_RS26495	NC_003888.3	5295061	5296242	+	1182	115	107	148	30	20	19	100	48	76
SC_RS26500	NC_003888.3	5296485	5297330	-	846	5	9	9	34	19	19	156	122	119
SC_RS26505	NC_003888.3	5297581	5299161	+	1581	652	600	729	1170	954	1200	817	727	731
SC_RS26510	NC_003888.3	5299181	5300632	-	1452	47	33	46	48	31	21	129	58	133
SC_RS26515	NC_003888.3	5300705	5301355	+	651	150	161	211	206	163	184	169	126	134
SC_RS26520	NC_003888.3	5301340	5302356	-	1017	62	41	61	625	631	558	404	372	299
SC_RS26525	NC_003888.3	5302468	5303406	-	939	12	16	19	1669	1511	1715	653	524	437
SC_RS26530	NC_003888.3	5303776	5306604	+	2829	9	2	6	2507	2221	2716	1315	1122	915
SC_RS26535	NC_003888.3	5306624	5307574	+	951	3	1	7	1528	1382	1577	791	590	469
SC_RS26540	NC_003888.3	5307574	5308020	+	447	14	12	21	474	473	467	270	156	181
SC_RS26545	NC_003888.3	5308045	5309379	-	1335	14	6	11	1287	1100	1203	624	433	389
SC_RS26550	NC_003888.3	5309376	5310356	-	981	3	5	6	921	814	1038	323	235	250
SC_RS26555	NC_003888.3	5310555	5311886	+	1332	3	4	10	2192	1898	2322	1215	982	815
SC_RS26560	NC_003888.3	5312075	5313349	+	1275	6	6	8	2867	2603	3281	1405	1434	920
SC_RS26565	NC_003888.3	5313363	5314301	+	939	3	0	4	4571	4737	5310	2865	2797	1810
SC_RS26570	NC_003888.3	5314345	5315412	+	1068	2	3	4	1048	951	929	659	558	415
SC_RS26575	NC_003888.3	5315652	5316884	+	1233	225	202	280	1386	1493	1745	1263	1184	1037
SC_RS26580	NC_003888.3	5317104	5318147	+	1044	408	388	510	972	714	878	688	601	496
SC_RS26585	NC_003888.3	5318421	5319467	+	1047	5856	6113	7192	133	134	157	264	263	241
SC_RS26590	NC_003888.3	5319704	5321317	+	1614	1483	1529	1872	185	194	230	257	169	193
SC_RS26595	NC_003888.3	5321317	5322441	+	1125	735	679	883	123	103	170	178	121	136
SC_RS26600	NC_003888.3	5322438	5323712	+	1275	783	796	962	128	90	159	201	140	169
SC_RS26605	NC_003888.3	5323709	5324101	+	393	470	464	526	45	39	54	77	51	59
SC_RS26610	NC_003888.3	5324132	5325409	+	1278	1017	1067	1352	82	94	110	140	105	136
SC_RS26615	NC_003888.3	5325467	5325853	-	387	4	4	8	39	37	36	35	24	34
SC_RS26620	NC_003888.3	5326010	5327032	+	1023	38	29	31	114	99	119	221	131	179
SC_RS26625	NC_003888.3	5327081	5328004	-	924	74	79	90	38	37	42	88	39	99
SC_RS26630	NC_003888.3	5328139	5328525	+	387	17	17	23	19	9	14	47	23	37
SC_RS26635	NC_003888.3	5328418	5329422	-	1005	1553	1437	1943	1350	1060	1060	1598	1815	1440
SC_RS26640	NC_003888.3	5329530	5330840	-	1311	625	499	723	268	176	242	191	132	177
SC_RS26645	NC_003888.3	5330904	5331857	+	954	68	60	89	58	55	46	89	66	65
SC_RS26650	NC_003888.3	5331991	5332572	-	582	117	91	97	66	47	55	107	55	74
SC_RS26655	NC_003888.3	5332682	5333560	+	879	23	31	21	75	66	56	148	72	123
SC_RS26660	NC_003888.3	5333649	5334410	-	762	39	46	46	92	76	82	304	276	273
SC_RS26665	NC_003888.3	5334546	5335736	+	1191	160	187	213	774	677	893	620	724	590
SC_RS26670	NC_003888.3	5335877	5336245	+	369	37	29	34	102	83	84	79	57	43
SC_RS26675	NC_003888.3	5336333	5336536	-	204	48	33	63	115	56	66	1272	1442	1116
SC_RS26680	NC_003888.3	5336632	5337183	-	552	447	330	386	142	111	119	305	329	267
SC_RS26685	NC_003888.3	5337310	5337921	-	612	334	285	360	112	98	150	99	93	109
SC_RS26690	NC_003888.3	5337921	5339528	-	1608	1643	1635	1999	642	526	643	468	447	399
SC_RS26695	NC_003888.3	5339525	5340202	-	678	1575	1575	1973	501	506	514	439	435	389
SC_RS26700	NC_003888.3	5340411	5341142	+	732	2955	2756	3408	376	268	397	2522	3652	3103
SC_RS26705	NC_003888.3	5341385	5341987	-	603	176	195	260	167	175	143	142	60	100
SC_RS26710	NC_003888.3	5342180	5342584	+	405	23	6	26	113	98	132	114	108	84
SC_RS26715	NC_003888.3	5342742	5344754	+	2013	607	568	735	596	544	572	590	435	430
SC_RS26720	NC_003888.3	5344860	5345759	-	900	1016	1059	1199	423	308	322	161	164	140
SC_RS26725	NC_003888.3	5345752	5347194	-	1443	2041	2184	2244	635	521	676	308	285	252
SC_RS26730	NC_003888.3	5347200	5348195	-	996	2263	2306	2882	606	475	539	284	342	253
SC_RS26735	NC_003888.3	5348311	5349015	+	705	300	291	378	43	65	76	99	51	94
SC_RS26740	NC_003888.3	5349119	5350759	-	1641	690	513	677	91	70	88	172	53	128
SC_RS26745	NC_003888.3	5351124	5351948	-	825	1568	1309	1819	190	151	252	178	159	164
SC_RS26750	NC_003888.3	5352042	5352479	-	438	103	91	110	28	34	38	76	35	47
SC_RS26755	NC_003888.3	5352566	5354014	+	1449	3384	3655	4560	1231	1012	1183	1046	1177	913
SC_RS26760	NC_003888.3	5354193	5355182	+	990	354	418	489	16101	14263	15461	9163	10308	8262
SC_RS26765	NC_003888.3	5355283	5357055	-	1773	1416	1424	1762	697	658	586	486	368	368
SC_RS26770	NC_003888.3	5357430	5357912	+	483	22	23	39	8	12	8	66	28	54
SC_RS26775	NC_003888.3	5357881	5358501	-	621	396	370	445	183	208	190	213	135	159
SC_RS26780	NC_003888.3	5358534	5358662	-	129	16	27	21	8	11	15	17	14	11
SC_RS26785	NC_003888.3	5358799	5359008	-	210	77	88	78	74	61	73	71	56	43
SC_RS26790	NC_003888.3	5359018	5360610	-	1593	359	342	484	370	356	415	327	224	277
SC_RS26795	NC_003888.3	5360721	5361596	+	876	313	263	421	128	117	121	126	93	133
SC_RS26800	NC_003888.3	5361712	5362857	+	1146	1406	1376	1754	224	223	285	334	246	271
SC_RS26805	NC_003888.3	5362921	5363586	-	666	122	110	164	252	222	283	238	184	180
SC_RS26810	NC_003888.3	5363797	5364597	+	801	26	24	29	5	5	1	65	22	49
SC_RS26815	NC_003888.3	5364697	5365845	+	1149	59	50	79	17	11	21	101	58	91
SC_RS26820	NC_003888.3	5365963	5367501	+	1539	211	252	255	173	139	184	322	244	306
SC_RS26825	NC_003888.3	5367643	5367981	-	339	168	136	197	223	238	225	181	122	132
SC_RS26830	NC_003888.3	5368091	5368444	+	354	101	106	134	337	309	374	196	143	137
SC_RS26835	NC_003888.3	5368677	5369921	+	1245	4888	4344	5681	4537	4548	5492	3478	3234	2724
SC_RS26840	NC_003888.3	5370069	5371559	+	1491	29	32	50	16	16	10	100	31	72
SC_RS26845	NC_003888.3	5371593	5372276	+	684	16	20	37	15	11	16	41	33	59
SC_RS26850	NC_003888.3	5372301	5372819	-	519	6	13	10	9	4	4	68	25	47
SC_RS26855	NC_003888.3	5373018	5373932	+	915	11	7	10	7	9	8	78	24	70
SC_RS26860	NC_003888.3	5373976	5374758	-	783	36	35	32	9	8	8	61	24	44
SC_RS26865	NC_003888.3	5374860	5375462	+	603	141	133	171	19	8	14	60	22	45
SC_RS26870	NC_003888.3	5375466	5375783	-	318	23	36	40	6	2	8	26	9	28
SC_RS26875	NC_003888.3	5375964	5376623	-	660	91	112	134	18	28	30	81	49	72
SC_RS26880	NC_003888.3	5376765	5377757	+	993	55	72	88	12	10	8	106	21	84
SC_RS26885	NC_003888.3	5377855	5378730	-	876	693	638	757	215	192	208	242	201	225
SC_RS26890	NC_003888.3	5378899	5379939	+	1041	3522	3632	4090	369	344	571	135	62	87
SC_RS26895	NC_003888.3	5380116	5380907	+	792	68	56	57	5	2	2	60	15	47
SC_RS26900	NC_003888.3	5381124	5384831	+	3708	18	14	17	16069	19637	20123	2901	3058	2521
SC_RS26905	NC_003888.3	5384831	5386486	+	1656	4	7	7	4247	5344	5399	773	751	631
SC_RS26910	NC_003888.3	5386483	5387145	+	663	2	4	4	1130	1706	1863	241	177	169
SC_RS26915	NC_003888.3	5387142	5387855	+	714	16	9	13	1264	1607	1504	248	225	211
SC_RS26920	NC_003888.3	5387898	5388935	-	1038	65	61	71	435	347	233	143	73	110
SC_RS26925	NC_003888.3	5389080	5389676	+	597	103	129	147	110	122	146	97	38	63
SC_RS26930	NC_003888.3	5389724	5389918	+	195	63	38	72	25	26	21	30	19	18
SC_RS26935	NC_003888.3	5389941	5390534	-	594	255	196	272	38	40	54	57	39	61
SC_RS26940	NC_003888.3	5390665	5391888	-	1224	2031	1908	2564	904	692	840	313	247	282
SC_RS26945	NC_003888.3	5392010	5392528	+	519	879	835	1064	3566	2616	3920	2531	2824	1954
SC_RS26950	NC_003888.3	5392632	5393750	-	1119	1132	1257	1541	699	615	649	460	356	357
SC_RS26955	NC_003888.3	5393847	5395001	+	1155	1528	1565	1883	2286	2203	2427	1144	1022	825
SC_RS26960	NC_003888.3	5395012	5395269	-	258	58	41	53	66	40	27	48	32	34
SC_RS26965	NC_003888.3	5395316	5395822	-	507	37	54	61	43	39	57	94	74	68
SC_RS26970	NC_003888.3	5396005	5396511	-	507	142	133	174	175	167	148	216	171	159
SC_RS26975	NC_003888.3	5396674	5397903	+	1230	204	177	254	490	373	504	379	341	357
SC_RS26980	NC_003888.3	5398064	5399071	+	1008	214	177	236	148	121	133	240	179	175
SC_RS26985	NC_003888.3	5399068	5399925	+	858	105	93	117	118	100	144	170	142	151
SC_RS26990	NC_003888.3	5400027	5400524	-	498	1150	1056	1347	455	484	456	685	732	597
SC_RS26995	NC_003888.3	5400705	5401103	-	399	678	648	816	335	256	321	277	246	221
SC_RS27000	NC_003888.3	5401255	5402115	+	861	912	961	1110	3015	2978	3868	1658	1598	1280
SC_RS27005	NC_003888.3	5402108	5402344	+	237	1206	1251	1510	1339	1154	1406	977	966	919
SC_RS27010	NC_003888.3	5402381	5405644	-	3264	388	339	424	346	281	314	583	433	572
SC_RS27015	NC_003888.3	5406195	5407688	+	1494	54	53	62	90	101	86	217	146	175
SC_RS27020	NC_003888.3	5407685	5410105	+	2421	62	57	91	129	139	163	325	249	297
SC_RS27025	NC_003888.3	5410107	5410928	+	822	21	9	15	14	8	10	80	51	78
SC_RS27030	NC_003888.3	5411121	5411624	+	504	38	27	45	77	113	107	193	313	224
SC_RS27035	NC_003888.3	5411720	5413762	+	2043	506	537	597	378	357	416	411	315	342
SC_RS27040	NC_003888.3	5413773	5414501	-	729	182	152	231	212	173	166	241	143	189
SC_RS27045	NC_003888.3	5414535	5415242	-	708	157	117	158	53	37	47	99	66	72
SC_RS27050	NC_003888.3	5415297	5416001	-	705	163	140	158	186	171	295	351	283	299
SC_RS27055	NC_003888.3	5416288	5418117	+	1830	104	95	101	201	208	193	702	464	472
SC_RS27060	NC_003888.3	5418400	5419350	-	951	138	131	185	60	44	64	107	72	100
SC_RS27065	NC_003888.3	5419347	5420747	-	1401	294	298	411	86	73	64	132	96	121
SC_RS27070	NC_003888.3	5420938	5421120	+	183	13	20	11	9	5	5	28	16	27
SC_RS27075	NC_003888.3	5421206	5421628	-	423	237	322	361	235	169	207	1072	1386	1044
SC_RS27080	NC_003888.3	5421700	5422911	-	1212	319	290	373	115	105	123	245	165	157
SC_RS27085	NC_003888.3	5423145	5423999	+	855	6	7	9	4	1	3	57	22	55
SC_RS27090	NC_003888.3	5424037	5425647	-	1611	409	518	460	204	142	186	162	98	141
SC_RS27095	NC_003888.3	5425676	5426977	-	1302	590	633	712	99	82	102	132	75	120
SC_RS27100	NC_003888.3	5427114	5428169	+	1056	114	110	93	9	7	4	73	26	55
SC_RS27105	NC_003888.3	5428166	5428930	+	765	459	462	513	113	106	127	104	98	101
SC_RS27110	NC_003888.3	5428927	5429337	+	411	185	203	225	69	52	70	62	67	61
SC_RS27115	NC_003888.3	5429458	5430936	+	1479	46	57	57	2	8	15	106	32	89
SC_RS27120	NC_003888.3	5431032	5431676	+	645	401	388	539	1225	1137	1200	948	880	632
SC_RS27125	NC_003888.3	5431744	5433066	+	1323	115	121	127	252	277	243	268	182	198
SC_RS27130	NC_003888.3	5433210	5434163	+	954	149	169	196	642	597	606	240	214	194
SC_RS27135	NC_003888.3	5434218	5435480	-	1263	53	53	68	75	62	73	148	52	121
SC_RS27140	NC_003888.3	5435560	5436069	-	510	131	137	158	184	170	129	208	140	179
SC_RS27145	NC_003888.3	5436168	5436359	-	192	67	47	80	229	172	160	173	169	120
SC_RS27150	NC_003888.3	5436371	5437222	-	852	34	41	53	44	47	50	126	47	85
SC_RS27155	NC_003888.3	5437435	5437923	+	489	0	3	8	24	11	35	52	8	36
SC_RS27160	NC_003888.3	5438060	5438185	-	126	3	2	1	6	0	1	22	5	25
SC_RS27165	NC_003888.3	5438306	5438614	+	309	38	31	28	23	27	27	43	15	42
SC_RS27170	NC_003888.3	5438710	5439252	+	543	31	33	19	26	17	32	65	14	43
SC_RS27175	NC_003888.3	5439185	5439847	-	663	4	3	5	3	3	2	42	6	31
SC_RS27180	NC_003888.3	5439963	5441678	-	1716	4	2	4	15	14	12	96	26	90
SC_RS27185	NC_003888.3	5441997	5442938	+	942	16	15	21	760	673	873	363	344	338
SC_RS27190	NC_003888.3	5443118	5443824	+	707	12	11	14	279	285	379	190	108	133
SC_RS27195	NC_003888.3	5443832	5445088	+	1257	16	18	26	763	600	724	416	299	306
SC_RS27200	NC_003888.3	5445085	5445480	+	396	41	27	25	445	364	391	396	394	372
SC_RS27205	NC_003888.3	5445482	5445877	+	396	20	11	18	360	243	308	204	208	160
SC_RS27210	NC_003888.3	5445896	5447233	+	1338	10	14	16	361	326	400	304	217	264
SC_RS27215	NC_003888.3	5447243	5448193	+	951	24	14	9	397	386	487	266	209	196
SC_RS27220	NC_003888.3	5448213	5449115	+	903	11	16	16	443	376	436	317	228	216
SC_RS27225	NC_003888.3	5449378	5449575	+	198	5	8	18	254	241	297	227	171	162
SC_RS27230	NC_003888.3	5449578	5450174	+	597	27	24	21	840	779	874	461	508	404
SC_RS27235	NC_003888.3	5450207	5450785	+	579	65	63	93	478	378	396	347	314	319
SC_RS27240	NC_003888.3	5450794	5451405	+	612	24	23	35	273	216	295	195	144	151
SC_RS27245	NC_003888.3	5451503	5451856	-	354	3	0	0	2	3	3	50	6	28
SC_RS27250	NC_003888.3	5452583	5453623	+	1041	8	11	10	22	29	37	124	64	104
SC_RS27255	NC_003888.3	5453663	5453983	+	321	6	6	8	13	7	17	54	43	47
SC_RS27260	NC_003888.3	5453993	5454400	-	408	2	4	0	2	4	1	56	15	43
SC_RS27265	NC_003888.3	5454591	5455127	+	537	34	24	36	15	22	24	55	31	50
SC_RS27270	NC_003888.3	5455315	5455980	+	666	59	56	88	118	65	65	165	98	132
SC_RS27275	NC_003888.3	5456221	5456883	+	663	273	256	292	426	356	383	265	251	248
SC_RS27280	NC_003888.3	5456871	5457902	+	1032	885	759	1006	940	779	790	836	819	732
SC_RS27285	NC_003888.3	5458019	5458891	+	873	519	460	613	420	352	400	375	377	324
SC_RS27290	NC_003888.3	5458994	5459911	+	918	102	76	103	130	91	81	103	64	64
SC_RS27295	NC_003888.3	5459908	5460726	+	819	43	57	54	68	60	58	81	44	70
SC_RS27300	NC_003888.3	5460757	5461950	-	1194	135	129	192	27	28	32	113	37	72
SC_RS27305	NC_003888.3	5463012	5464337	+	1326	342	376	395	3418	2808	3550	5074	4896	4418
SC_RS27310	NC_003888.3	5464785	5465483	+	699	6128	5481	7220	14009	14829	12739	6291	6245	4780
SC_RS27315	NC_003888.3	5465646	5467043	+	1398	771	683	958	280	232	285	390	367	387
SC_RS27320	NC_003888.3	5467332	5467868	-	537	2859	2781	3358	1138	1151	1322	304	329	230
SC_RS27325	NC_003888.3	5467875	5468429	-	555	3176	3001	3993	1053	1083	1386	395	473	341
SC_RS27330	NC_003888.3	5468567	5469505	+	939	154	128	193	72	88	88	162	87	123
SC_RS27335	NC_003888.3	5469633	5471975	-	2343	1012	1034	1036	668	526	523	957	868	867
SC_RS27340	NC_003888.3	5471972	5472661	-	690	616	637	626	173	145	163	272	253	243
SC_RS27345	NC_003888.3	5472658	5473182	-	525	738	685	685	107	98	110	244	213	194
SC_RS27350	NC_003888.3	5473366	5473671	-	306	137	131	162	26	22	27	41	58	43
SC_RS27355	NC_003888.3	5473668	5474606	-	939	329	344	374	69	81	78	216	174	155
SC_RS27360	NC_003888.3	5474855	5477176	+	2322	1528	1310	1816	872	802	1108	672	537	508
SC_RS27365	NC_003888.3	5477315	5479543	-	2229	1219	1098	1326	1510	1283	1676	1234	1235	1212
SC_RS27370	NC_003888.3	5479825	5480535	-	711	368	375	432	875	736	944	320	293	315
SC_RS27375	NC_003888.3	5480624	5482009	-	1386	343	321	419	1909	1649	2680	805	866	672
SC_RS27380	NC_003888.3	5482101	5483561	-	1461	47	54	63	9	6	11	110	22	86
SC_RS27385	NC_003888.3	5483742	5485409	-	1668	1185	1375	1633	1136	997	1135	570	472	384
SC_RS27390	NC_003888.3	5485654	5486337	+	684	327	282	307	88	53	69	168	138	140
SC_RS27395	NC_003888.3	5486443	5486820	+	378	114	91	121	235	181	231	568	525	400
SC_RS27400	NC_003888.3	5487077	5488108	-	1032	1131	1117	1374	278	260	258	482	416	399
SC_RS27405	NC_003888.3	5488244	5488768	+	525	1875	2062	2587	888	668	822	958	912	841
SC_RS27410	NC_003888.3	5488832	5489422	-	591	172	179	281	25	23	25	80	36	70
SC_RS27415	NC_003888.3	5489640	5490971	+	1332	87	96	102	10	7	2	105	26	88
SC_RS27420	NC_003888.3	5490968	5492431	+	1464	4	15	13	2	2	2	100	21	72
SC_RS27425	NC_003888.3	5492532	5494091	+	1560	34	26	52	1	2	4	109	25	97
SC_RS27430	NC_003888.3	5494201	5494416	+	216	88	66	70	36	29	12	42	21	37
SC_RS27435	NC_003888.3	5494413	5494679	-	267	333	322	433	178	144	181	152	145	157
SC_RS27440	NC_003888.3	5494689	5495897	-	1209	750	644	982	144	91	115	157	125	158
SC_RS27445	NC_003888.3	5496474	5497856	-	1383	70	68	88	56	44	56	151	73	126
SC_RS27450	NC_003888.3	5497985	5499001	+	1017	1116	1065	1439	884	988	1129	523	483	384
SC_RS27455	NC_003888.3	5499055	5499795	+	741	978	936	1176	703	684	665	471	402	369
SC_RS27460	NC_003888.3	5499806	5500408	-	603	193	178	225	380	287	339	296	309	274
SC_RS27465	NC_003888.3	5500594	5501682	+	1089	1418	1437	1842	325	361	416	397	345	291
SC_RS27470	NC_003888.3	5501804	5502196	-	393	74	89	86	62	43	46	69	48	54
SC_RS27475	NC_003888.3	5502196	5502447	-	252	75	66	118	55	51	65	81	76	72
SC_RS27480	NC_003888.3	5502593	5504848	+	2256	322	300	355	299	200	293	394	296	344
SC_RS27485	NC_003888.3	5504937	5507768	-	2832	160	140	183	229	149	276	252	128	222
SC_RS27490	NC_003888.3	5508078	5508992	+	915	3	7	9	9	1	14	57	15	60
SC_RS27495	NC_003888.3	5509015	5510508	+	1494	22	9	22	5	14	10	102	18	88
SC_RS27500	NC_003888.3	5510516	5511115	-	600	113	103	142	92	76	78	82	37	60
SC_RS27505	NC_003888.3	5511271	5512227	+	957	22	9	14	40	36	23	78	30	66
SC_RS27510	NC_003888.3	5512268	5513572	-	1305	41	47	52	44	63	55	1398	1526	1476
SC_RS27515	NC_003888.3	5513809	5514249	-	441	0	0	1	1	1	2	2383	2567	2099
SC_RS27520	NC_003888.3	5514323	5515246	+	924	3	5	4	15	17	17	15089	14761	13585
SC_RS27525	NC_003888.3	5515246	5516232	+	987	10	1	9	28	26	12	8651	9719	8222
SC_RS27530	NC_003888.3	5516299	5516943	+	645	1	6	9	22	17	22	18299	18682	14617
SC_RS27535	NC_003888.3	5516977	5517897	+	921	18	17	29	46	40	42	16200	16210	15259
SC_RS27540	NC_003888.3	5517894	5519495	+	1602	112	128	153	250	235	301	9630	10428	8942
SC_RS27545	NC_003888.3	5519497	5519892	+	396	46	35	73	180	178	193	2950	3276	2795
SC_RS27550	NC_003888.3	5519987	5520832	+	846	51	56	66	185	177	177	11749	13288	12338
SC_RS27555	NC_003888.3	5520857	5521741	+	885	23	19	30	63	61	49	9977	10993	9366
SC_RS27560	NC_003888.3	5521738	5522883	+	1146	23	32	43	101	94	87	14805	17465	15400
SC_RS27565	NC_003888.3	5522876	5523217	+	342	19	15	14	54	45	30	6428	6999	6529
SC_RS27570	NC_003888.3	5523183	5523962	-	780	487	515	621	226	207	254	3551	3484	2735
SC_RS27575	NC_003888.3	5524073	5525809	+	1737	89	82	99	20	17	26	27898	27293	20635
SC_RS27580	NC_003888.3	5525809	5527944	+	2136	74	75	98	14	16	17	28071	29456	22917
SC_RS27585	NC_003888.3	5528094	5528861	+	768	55	44	56	205	221	225	7988	8465	6825
SC_RS27590	NC_003888.3	5528935	5529720	-	786	3	4	14	20	24	17	17985	21721	18409
SC_RS27595	NC_003888.3	5529801	5531204	+	1404	4	2	11	19	17	21	11089	13443	10926
SC_RS27600	NC_003888.3	5531201	5532424	+	1224	2	6	3	15	10	16	5703	6885	5680
SC_RS27605	NC_003888.3	5532449	5532709	+	261	0	1	2	2	0	2	1499	1562	1449
SC_RS27610	NC_003888.3	5532706	5533656	+	951	14	8	9	9	13	15	6594	7976	7045
SC_RS27615	NC_003888.3	5533653	5534546	+	894	5	8	9	10	19	13	5323	5968	5379
SC_RS27620	NC_003888.3	5534558	5535091	+	534	3	7	6	5	1	6	3291	3672	3325
SC_RS27625	NC_003888.3	5535110	5535607	-	498	6	6	10	13	17	8	210	130	232
SC_RS27630	NC_003888.3	5535661	5536287	-	627	11	9	13	21	22	21	202	121	192
SC_RS27635	NC_003888.3	5536422	5536994	+	573	38	39	36	16	4	17	77	37	73
SC_RS27640	NC_003888.3	5537246	5538175	-	930	20	27	29	27	25	29	83	41	107
SC_RS27645	NC_003888.3	5538270	5539100	+	831	16	12	19	46	55	49	100	60	85
SC_RS27650	NC_003888.3	5539200	5539622	+	423	7	3	11	12	10	11	37	9	31
SC_RS27655	NC_003888.3	5539732	5540862	+	1131	128	113	168	93	89	91	152	83	111
SC_RS27660	NC_003888.3	5541010	5541762	+	753	83	72	99	759	645	680	661	630	633
SC_RS27665	NC_003888.3	5542208	5542399	+	192	137	159	180	595	574	814	530	545	406
SC_RS27670	NC_003888.3	5542475	5542909	+	435	172	134	213	727	722	790	359	351	272
SC_RS27675	NC_003888.3	5542948	5543415	+	468	48	54	76	106	93	96	200	216	192
SC_RS27680	NC_003888.3	5543715	5546357	+	2643	295	301	352	1251	910	1173	1137	997	988
SC_RS27685	NC_003888.3	5546599	5547831	+	1233	335	316	333	49	39	56	169	107	156
SC_RS27690	NC_003888.3	5547828	5548607	-	780	14	10	23	15	12	11	107	50	85
SC_RS27695	NC_003888.3	5548604	5550565	-	1962	5	20	9	35	27	35	239	126	237
SC_RS27700	NC_003888.3	5550582	5551418	-	837	11	11	11	11	5	8	106	32	71
SC_RS27705	NC_003888.3	5551480	5551770	-	291	6	2	6	11	15	13	69	48	57
SC_RS27710	NC_003888.3	5552093	5554408	+	2316	10	19	22	95	87	92	210	83	145
SC_RS27715	NC_003888.3	5554541	5556448	+	1908	6589	6366	8036	1504	1501	1809	1393	1143	1014
SC_RS27720	NC_003888.3	5557355	5558386	+	1032	4068	4055	4864	724	703	860	695	719	511
SC_RS27725	NC_003888.3	5558498	5560300	+	1803	18872	18398	22051	4324	3881	5097	4588	5276	3899
SC_RS27730	NC_003888.3	5560414	5561391	+	978	2983	3091	3661	471	475	598	621	569	456
SC_RS27735	NC_003888.3	5561402	5562463	+	1062	4780	4581	5471	562	507	649	671	721	570
SC_RS27740	NC_003888.3	5562491	5563636	+	1146	4902	4772	5910	654	642	728	820	766	639
SC_RS27745	NC_003888.3	5563836	5565470	+	1635	29	35	36	7	6	5	113	23	111
SC_RS27750	NC_003888.3	5565480	5566403	+	924	1	3	4	2	0	4	62	15	57
SC_RS27755	NC_003888.3	5566396	5567376	+	981	6	2	2	2	1	5	70	13	54
SC_RS27760	NC_003888.3	5567385	5568368	+	984	4	2	14	2	4	5	52	11	46
SC_RS27765	NC_003888.3	5568361	5569431	+	1071	36	27	40	14	10	8	85	16	89
SC_RS27770	NC_003888.3	5569564	5571687	-	2124	692	675	846	1074	1123	1084	813	661	651
SC_RS27775	NC_003888.3	5571874	5572068	+	195	208	154	246	2197	1870	1900	1944	1718	1375
SC_RS27780	NC_003888.3	5572058	5572264	-	207	104	71	99	245	174	122	302	131	194
SC_RS27785	NC_003888.3	5572261	5573124	-	864	17	16	24	206	152	169	440	455	429
SC_RS27790	NC_003888.3	5573276	5574163	+	888	578	548	728	379	352	441	263	222	216
SC_RS27795	NC_003888.3	5574160	5574582	+	423	182	186	227	141	121	143	77	70	64
SC_RS27800	NC_003888.3	5574738	5577065	+	2328	2979	2735	3481	1884	1918	2128	1671	1715	1302
SC_RS27805	NC_003888.3	5577212	5578168	+	957	126	104	149	50	46	53	107	67	91
SC_RS27810	NC_003888.3	5578165	5578905	+	741	10	12	16	8	17	18	53	20	66
SC_RS27815	NC_003888.3	5578902	5580068	+	1167	79	53	88	36	34	44	98	54	74
SC_RS27820	NC_003888.3	5580065	5580679	+	615	172	148	253	68	77	87	77	61	69
SC_RS27825	NC_003888.3	5580789	5581685	-	897	40	32	44	9	15	11	80	23	69
SC_RS27830	NC_003888.3	5581727	5582761	-	1035	222	194	264	128	105	109	159	88	116
SC_RS27835	NC_003888.3	5582902	5583222	+	321	2072	1917	2728	1796	2015	2265	1217	1266	905
SC_RS27840	NC_003888.3	5583339	5584436	+	1098	648	684	791	175	155	198	224	131	166
SC_RS27845	NC_003888.3	5584655	5585086	-	432	45	39	46	690	793	644	380	361	324
SC_RS27850	NC_003888.3	5585424	5586392	-	969	170	176	228	65	68	107	249	185	223
SC_RS27855	NC_003888.3	5586476	5587555	+	1080	521	532	648	157	118	162	186	161	178
SC_RS27860	NC_003888.3	5587673	5588431	+	759	586	576	656	5251	3887	3803	709	667	558
SC_RS27865	NC_003888.3	5588682	5589542	-	861	133	108	131	64	56	70	141	55	101
SC_RS27870	NC_003888.3	5589711	5590070	+	360	266	307	362	155	116	137	143	116	113
SC_RS27875	NC_003888.3	5590067	5590651	+	585	130	147	193	100	110	120	123	69	92
SC_RS27880	NC_003888.3	5590759	5590899	-	141	54	51	56	76	82	78	34	22	39
SC_RS27885	NC_003888.3	5591303	5592112	-	810	454	418	554	1279	1235	1301	451	439	354
SC_RS27890	NC_003888.3	5592467	5592634	+	168	5187	5273	6879	2715	3221	4388	2281	3037	2231
SC_RS27895	NC_003888.3	5592745	5593443	-	699	566	528	764	203	142	195	250	175	206
SC_RS27900	NC_003888.3	5593690	5594361	+	672	3010	2997	3484	1468	1253	1927	7822	7780	6922
SC_RS27905	NC_003888.3	5594358	5595347	+	990	1286	1342	1571	700	651	1017	3070	3050	2694
SC_RS27910	NC_003888.3	5595442	5597466	+	2025	1438	1400	1801	762	642	856	1128	1124	990
SC_RS27915	NC_003888.3	5597613	5598098	+	486	503	469	618	1074	966	1065	438	401	325
SC_RS27920	NC_003888.3	5598330	5599001	+	672	739	651	857	860	754	853	445	490	412
SC_RS27925	NC_003888.3	5599076	5600209	-	1134	1719	1637	2250	2181	2010	2400	1070	1106	911
SC_RS27930	NC_003888.3	5600254	5600853	-	600	96	104	149	73	73	79	68	45	53
SC_RS27935	NC_003888.3	5600843	5602144	-	1302	338	355	469	178	117	213	208	165	180
SC_RS27940	NC_003888.3	5602433	5603170	+	738	134	125	161	40	26	20	72	23	57
SC_RS27945	NC_003888.3	5603185	5603697	-	513	331	304	410	211	160	187	216	164	191
SC_RS27950	NC_003888.3	5603731	5604846	-	1116	106	115	142	69	36	45	171	67	126
SC_RS27955	NC_003888.3	5605370	5605966	+	597	170	177	230	16	18	33	106	51	91
SC_RS27960	NC_003888.3	5606015	5607238	-	1224	34	34	41	27	30	32	83	36	69
SC_RS27965	NC_003888.3	5607430	5608080	+	651	64	66	98	107	101	107	198	126	158
SC_RS27970	NC_003888.3	5608309	5609166	+	858	841	745	1114	205	186	281	203	182	182
SC_RS27975	NC_003888.3	5609220	5609825	+	606	164	135	171	10	10	15	68	14	65
SC_RS27980	NC_003888.3	5609892	5610044	-	153	262	291	409	286	253	498	2524	3728	1904
SC_RS27985	NC_003888.3	5610289	5611185	+	897	123	141	167	193	158	221	286	183	235
SC_RS27990	NC_003888.3	5611293	5612189	-	897	250	225	355	168	149	202	228	150	186
SC_RS27995	NC_003888.3	5612300	5614939	-	2640	5357	4747	6245	546	594	840	1486	1312	1278
SC_RS28000	NC_003888.3	5615432	5616214	+	783	807	705	951	660	752	794	285	297	262
SC_RS28005	NC_003888.3	5616330	5616599	-	270	282	267	342	371	251	261	539	560	483
SC_RS28010	NC_003888.3	5616843	5617070	-	228	2248	2194	2848	2384	2614	3693	2617	3393	2706
SC_RS28015	NC_003888.3	5617213	5617854	-	642	920	880	1157	974	839	1073	683	760	626
SC_RS28020	NC_003888.3	5618029	5618256	-	228	182	171	224	164	140	157	144	156	127
SC_RS28025	NC_003888.3	5618484	5619560	+	1077	961	806	1048	677	588	819	739	786	705
SC_RS28030	NC_003888.3	5619569	5621248	+	1680	961	902	1114	836	762	892	813	793	669
SC_RS28035	NC_003888.3	5621463	5623244	+	1782	13	18	25	3956	3197	4237	1209	1281	1147
SC_RS28040	NC_003888.3	5623241	5624458	+	1218	9	12	12	940	928	1243	302	256	249
SC_RS28045	NC_003888.3	5624570	5625622	+	1053	6	3	4	1340	1452	1970	542	510	402
SC_RS28050	NC_003888.3	5625610	5626359	+	750	7	9	10	1265	1271	1786	493	476	417
SC_RS28055	NC_003888.3	5626423	5627601	+	1179	2639	2650	3707	15142	14934	18721	4439	4740	3164
SC_RS28060	NC_003888.3	5627673	5629214	-	1542	666	701	919	775	713	684	721	636	577
SC_RS28065	NC_003888.3	5629373	5630923	-	1551	22	25	34	9	7	6	95	39	88
SC_RS28070	NC_003888.3	5631004	5633781	-	2778	913	848	1047	277	276	379	576	478	473
SC_RS28075	NC_003888.3	5633967	5634374	+	408	130	118	154	63	55	66	117	78	81
SC_RS28080	NC_003888.3	5634641	5638120	+	3480	243	243	327	83	62	81	294	116	261
SC_RS28085	NC_003888.3	5638298	5641813	+	3516	355	386	461	192	166	234	330	166	286
SC_RS28090	NC_003888.3	5641824	5643236	+	1413	1140	1175	1358	776	786	1005	613	567	513
SC_RS28095	NC_003888.3	5643398	5644342	+	945	679	712	842	434	377	456	289	267	208
SC_RS28100	NC_003888.3	5644429	5644671	-	243	142	120	217	659	647	1008	439	565	349
SC_RS28105	NC_003888.3	5644782	5647073	+	2292	310	251	402	453	360	538	420	381	395
SC_RS28110	NC_003888.3	5647238	5647570	+	333	1388	1202	1470	710	734	866	930	1026	870
SC_RS28115	NC_003888.3	5647747	5648115	+	369	390	320	467	48	53	57	151	115	101
SC_RS28120	NC_003888.3	5648112	5648435	+	324	329	280	394	50	49	45	79	78	71
SC_RS28125	NC_003888.3	5648569	5649978	-	1410	257	264	360	449	341	364	480	393	410
SC_RS28130	NC_003888.3	5649971	5651185	-	1215	38	42	50	67	24	44	114	86	122
SC_RS28135	NC_003888.3	5651416	5652012	+	597	59	63	84	195	158	220	131	122	139
SC_RS28140	NC_003888.3	5652152	5653906	+	1755	1927	1762	2143	986	839	954	1711	1784	1470
SC_RS28145	NC_003888.3	5653920	5654600	+	681	382	370	456	236	199	218	428	430	350
SC_RS28150	NC_003888.3	5654618	5655373	+	756	710	605	822	587	465	422	758	860	653
SC_RS28155	NC_003888.3	5655433	5655948	-	516	845	761	978	721	595	635	670	668	608
SC_RS28160	NC_003888.3	5655945	5657408	-	1464	3969	3921	4907	3509	2859	4122	3372	3673	3296
SC_RS28165	NC_003888.3	5657601	5658722	+	1122	499	532	662	410	367	482	447	416	402
SC_RS28170	NC_003888.3	5658833	5659291	+	459	239	212	277	286	252	267	223	245	222
SC_RS28175	NC_003888.3	5659412	5659576	+	165	314	328	411	155	129	137	203	166	189
SC_RS28180	NC_003888.3	5659650	5660744	+	1095	599	564	671	234	210	260	808	774	871
SC_RS28185	NC_003888.3	5660775	5661317	-	543	781	814	976	604	603	595	284	236	202
SC_RS28190	NC_003888.3	5661482	5664484	+	3003	9699	9534	11130	7400	6029	8947	3868	3952	3117
SC_RS28195	NC_003888.3	5664562	5664635	+	74	8	5	10	9	6	2	10	2	11
SC_RS28200	NC_003888.3	5664867	5666699	+	1833	677	628	794	407	334	429	771	817	779
SC_RS28205	NC_003888.3	5666820	5666893	-	74	1	0	0	0	1	0	2	0	1
SC_RS28210	NC_003888.3	5666944	5667360	-	417	387	390	528	359	273	473	385	515	405
SC_RS28215	NC_003888.3	5667547	5667954	-	408	4	6	14	19	13	7	78	42	53
SC_RS28220	NC_003888.3	5668087	5668887	-	801	176	187	243	85	87	90	99	64	116
SC_RS28225	NC_003888.3	5669080	5669691	+	612	47	36	51	43	37	44	119	70	103
SC_RS28230	NC_003888.3	5669723	5670046	-	324	198	175	235	135	124	142	143	115	118
SC_RS28235	NC_003888.3	5670249	5671262	-	1014	584	534	728	125	105	127	130	71	122
SC_RS28240	NC_003888.3	5671275	5672591	-	1317	1177	1099	1490	345	301	390	270	217	228
SC_RS28245	NC_003888.3	5672715	5673437	-	723	196	156	191	46	58	46	82	60	78
SC_RS28250	NC_003888.3	5673488	5674303	+	816	176	173	192	360	282	400	331	262	268
SC_RS28255	NC_003888.3	5674326	5674961	+	636	92	110	128	86	86	84	91	68	76
SC_RS28260	NC_003888.3	5675219	5675902	+	684	1643	1477	1937	4697	4043	5812	2503	2758	2090
SC_RS28265	NC_003888.3	5675899	5676216	+	318	392	337	467	1132	951	1172	625	628	541
SC_RS28270	NC_003888.3	5676345	5677670	+	1326	261	212	283	2131	1706	1881	1281	1269	1160
SC_RS28275	NC_003888.3	5677667	5678932	+	1266	15	17	16	802	616	802	426	405	378
SC_RS28280	NC_003888.3	5679047	5680027	+	981	1085	979	1354	1265	1106	1329	1021	1011	937
SC_RS28285	NC_003888.3	5680107	5680757	+	651	1139	1033	1347	478	457	609	250	276	242
SC_RS28290	NC_003888.3	5681016	5682101	+	1086	47	38	44	216	197	268	123	86	97
SC_RS28295	NC_003888.3	5682098	5683483	+	1386	53	63	73	447	435	507	239	201	213
SC_RS28300	NC_003888.3	5683497	5684465	-	969	1455	1150	1718	1230	1245	1438	337	336	293
SC_RS28305	NC_003888.3	5684558	5684824	+	267	127	121	145	151	124	95	75	39	51
SC_RS28310	NC_003888.3	5684737	5685768	-	1032	1659	1238	2132	2196	2546	2707	388	343	316
SC_RS28315	NC_003888.3	5685768	5688143	-	2376	3305	2558	3890	4628	5007	6463	653	564	511
SC_RS28320	NC_003888.3	5688494	5689000	-	507	125	128	172	144	123	159	89	79	98
SC_RS28325	NC_003888.3	5689073	5690683	-	1611	330	289	440	544	498	472	562	470	424
SC_RS28330	NC_003888.3	5690680	5690937	-	258	71	74	86	121	94	80	97	89	80
SC_RS28335	NC_003888.3	5691072	5691836	-	765	206	169	214	85	64	102	132	65	96
SC_RS28340	NC_003888.3	5692292	5693569	+	1278	228	238	294	56	69	47	158	80	119
SC_RS28345	NC_003888.3	5693658	5694644	+	987	75	84	97	9	8	16	61	33	45
SC_RS28350	NC_003888.3	5694641	5695471	+	831	18	29	27	4	7	5	60	10	50
SC_RS28355	NC_003888.3	5695480	5696970	+	1491	75	95	94	10	13	10	118	33	93
SC_RS28360	NC_003888.3	5697291	5698076	-	786	257	261	321	225	206	229	231	169	168
SC_RS28365	NC_003888.3	5698211	5698963	-	753	16	15	23	77	57	62	104	66	113
SC_RS28370	NC_003888.3	5699058	5699702	+	645	124	144	173	240	228	253	242	180	189
SC_RS28375	NC_003888.3	5700131	5701606	+	1476	514	458	665	125	83	124	191	96	158
SC_RS28380	NC_003888.3	5701855	5702112	-	258	2400	2262	2891	890	1108	1464	1286	1435	1109
SC_RS28385	NC_003888.3	5702433	5703401	-	969	478	406	605	170	229	284	209	154	184
SC_RS28390	NC_003888.3	5703529	5703987	+	459	321	298	393	161	154	175	176	136	148
SC_RS28395	NC_003888.3	5704007	5705071	-	1065	813	740	1026	1840	1511	1708	1667	1454	1214
SC_RS28400	NC_003888.3	5705089	5705502	-	414	403	386	466	1027	912	893	1196	976	878
SC_RS28405	NC_003888.3	5705753	5706013	-	261	101	58	89	255	208	225	170	144	167
SC_RS28410	NC_003888.3	5706075	5707667	+	1593	85	87	88	96	79	100	187	82	135
SC_RS28415	NC_003888.3	5707716	5708624	-	909	39	25	37	54	79	59	168	102	128
SC_RS28420	NC_003888.3	5708738	5709316	-	579	24	17	21	222	243	230	334	372	349
SC_RS28425	NC_003888.3	5709624	5711030	+	1407	6	10	18	2947	2402	2831	1379	1323	1083
SC_RS28430	NC_003888.3	5711116	5712276	+	1161	50	42	55	1745	1414	1648	1412	1312	1140
SC_RS28435	NC_003888.3	5712608	5713246	+	639	31	17	35	121	112	97	125	99	118
SC_RS28440	NC_003888.3	5713322	5713906	+	585	36	32	38	122	107	108	91	73	75
SC_RS28445	NC_003888.3	5713933	5714154	+	222	12	18	29	36	40	59	51	69	53
SC_RS28450	NC_003888.3	5714262	5714657	-	396	676	655	879	390	375	540	1308	1422	839
SC_RS28455	NC_003888.3	5714803	5715240	+	438	230	281	372	268	212	210	215	200	204
SC_RS28460	NC_003888.3	5715144	5715773	-	630	263	222	299	385	280	349	462	419	452
SC_RS28465	NC_003888.3	5715872	5716681	+	810	232	196	311	998	1022	1106	920	1019	786
SC_RS28470	NC_003888.3	5716760	5717521	-	762	524	461	596	39	35	45	107	81	98
SC_RS28475	NC_003888.3	5717518	5718468	-	951	521	478	646	90	88	87	143	104	130
SC_RS28480	NC_003888.3	5718499	5719461	-	963	438	451	567	72	76	86	130	102	111
SC_RS28485	NC_003888.3	5720101	5721330	+	1230	1007	912	1104	2446	2525	2382	1228	1084	918
SC_RS28490	NC_003888.3	5721695	5722660	+	966	379	375	485	1555	1496	1711	624	536	421
SC_RS28495	NC_003888.3	5722789	5722998	+	210	55	35	56	31	32	25	57	38	41
SC_RS28500	NC_003888.3	5722998	5723564	+	567	220	197	244	187	128	150	239	185	183
SC_RS28505	NC_003888.3	5723633	5724715	-	1083	541	504	543	150	90	106	190	142	148
SC_RS28510	NC_003888.3	5724717	5725667	-	951	598	526	581	161	102	111	164	126	133
SC_RS28515	NC_003888.3	5725804	5726637	+	834	131	120	154	44	46	37	102	44	82
SC_RS28520	NC_003888.3	5726890	5727075	-	186	129	107	114	71	49	51	87	67	61
SC_RS28525	NC_003888.3	5727255	5727725	+	471	49	53	41	68	33	47	257	181	187
SC_RS28530	NC_003888.3	5727722	5729959	+	2238	48	65	61	120	92	147	822	640	682
SC_RS28535	NC_003888.3	5730129	5731151	+	1023	15	24	23	85	64	122	350	248	223
SC_RS28540	NC_003888.3	5731309	5734599	+	3291	30	29	27	180	136	175	646	550	573
SC_RS28545	NC_003888.3	5734620	5734814	+	195	0	3	2	7	14	9	51	32	38
SC_RS28550	NC_003888.3	5734999	5736174	+	1176	16	14	27	82	66	83	319	261	276
SC_RS28555	NC_003888.3	5736744	5738369	+	1626	17	12	11	50	62	76	328	243	276
SC_RS28560	NC_003888.3	5738498	5741521	+	3024	178	186	248	1789	1612	1760	930	809	742
SC_RS28565	NC_003888.3	5741650	5742078	+	429	8	5	19	65	49	48	129	108	127
SC_RS28570	NC_003888.3	5742075	5743016	+	942	3	5	4	25	25	28	141	74	104
SC_RS28575	NC_003888.3	5743022	5744989	+	1968	4	4	10	46	33	35	214	106	195
SC_RS28580	NC_003888.3	5744982	5746304	+	1323	2	1	1	15	16	13	104	53	103
SC_RS28585	NC_003888.3	5746301	5749747	+	3447	71	63	84	66	39	43	263	119	246
SC_RS28590	NC_003888.3	5749846	5753664	-	3819	19270	18291	24291	15658	16659	20736	8125	8436	5735
SC_RS28595	NC_003888.3	5753949	5755076	-	1128	423	387	552	197	118	199	194	154	140
SC_RS28600	NC_003888.3	5755073	5755807	-	735	811	724	978	324	312	379	268	205	246
SC_RS28605	NC_003888.3	5755921	5756628	-	708	77	62	117	36	39	54	74	45	71
SC_RS28610	NC_003888.3	5756807	5759230	+	2424	287	217	341	5250	3751	4951	1080	1216	1076
SC_RS28615	NC_003888.3	5759307	5760134	-	828	26	16	19	59	42	45	249	251	238
SC_RS28620	NC_003888.3	5760383	5760877	+	495	116	114	128	26	14	24	59	21	52
SC_RS28625	NC_003888.3	5760899	5761690	-	792	151	123	198	36	45	45	88	30	66
SC_RS28630	NC_003888.3	5762143	5765139	+	2997	2669	2308	3232	2061	1974	2710	763	543	602
SC_RS28635	NC_003888.3	5765136	5765666	+	531	386	349	525	475	448	660	151	135	121
SC_RS28640	NC_003888.3	5765663	5766115	+	453	319	268	388	418	450	551	129	155	102
SC_RS28645	NC_003888.3	5766096	5766737	+	642	416	399	586	748	672	881	240	191	151
SC_RS28650	NC_003888.3	5766796	5768058	+	1263	1020	988	1333	1424	1570	1943	398	297	298
SC_RS28655	NC_003888.3	5768022	5769197	-	1176	108	85	125	69	48	63	85	40	78
SC_RS28660	NC_003888.3	5769301	5769624	-	324	38	57	86	37	40	32	55	30	49
SC_RS28665	NC_003888.3	5769695	5770348	-	654	47	34	58	20	17	24	53	9	49
SC_RS28670	NC_003888.3	5770678	5771510	+	833	3	4	8	5	0	1	29	7	33
SC_RS28675	NC_003888.3	5771526	5772464	-	939	1	6	7	366	394	324	163	129	132
SC_RS28680	NC_003888.3	5772612	5773118	-	507	0	4	3	358	460	319	172	133	131
SC_RS28685	NC_003888.3	5773164	5774621	-	1458	11	7	1	3	3	11	84	30	87
SC_RS28690	NC_003888.3	5774638	5776011	-	1374	4	7	7	8	10	6	100	37	74
SC_RS28695	NC_003888.3	5776055	5776522	-	468	10	5	12	7	11	14	42	17	26
SC_RS28700	NC_003888.3	5776630	5777874	-	1245	56	37	61	24	35	16	87	32	90
SC_RS28705	NC_003888.3	5777871	5778689	-	819	82	87	84	18	14	25	76	26	54
SC_RS28710	NC_003888.3	5778817	5779323	-	507	45	53	52	71	67	56	204	184	200
SC_RS28715	NC_003888.3	5779431	5780234	+	804	32	25	29	98	85	73	166	115	149
SC_RS28720	NC_003888.3	5780326	5781207	-	882	22	17	15	9	6	7	83	34	83
SC_RS28725	NC_003888.3	5781263	5782351	+	1089	14	14	21	7	7	16	79	24	69
SC_RS28730	NC_003888.3	5782374	5782937	-	564	372	356	426	97	94	120	145	122	125
SC_RS28735	NC_003888.3	5783226	5783972	-	747	102	82	124	39	32	57	124	80	80
SC_RS28740	NC_003888.3	5784136	5784570	-	435	183	146	189	190	149	140	75	66	60
SC_RS28745	NC_003888.3	5784597	5785508	-	912	206	205	296	290	223	271	130	84	81
SC_RS28750	NC_003888.3	5785753	5786088	-	336	12	8	7	28	25	24	39	32	26
SC_RS28755	NC_003888.3	5786122	5786601	-	480	4	6	11	21	24	22	51	19	32
SC_RS28760	NC_003888.3	5786603	5786875	-	273	2	2	2	16	10	10	16	6	13
SC_RS28765	NC_003888.3	5786945	5788219	-	1275	11	6	5	18	27	18	86	30	67
SC_RS28770	NC_003888.3	5788216	5789487	-	1272	8	5	9	27	20	23	63	24	60
SC_RS28775	NC_003888.3	5789484	5789957	-	474	1	2	2	5	12	6	16	6	16
SC_RS28780	NC_003888.3	5790104	5791297	-	1194	5	8	10	23	26	29	96	20	64
SC_RS28785	NC_003888.3	5791641	5793524	+	1884	16	3	11	10	6	12	135	41	124
SC_RS28790	NC_003888.3	5793622	5794470	+	849	18	11	40	3	6	6	69	16	45
SC_RS28795	NC_003888.3	5794528	5795022	-	495	153	139	187	40	30	24	73	58	73
SC_RS28800	NC_003888.3	5795157	5795837	+	681	7	6	9	9	8	12	66	17	61
SC_RS28805	NC_003888.3	5796130	5796327	-	198	1	0	3	0	0	0	15	0	16
SC_RS28810	NC_003888.3	5796330	5796530	-	201	0	1	3	1	1	2	12	4	12
SC_RS28815	NC_003888.3	5796730	5797479	+	750	1	9	5	1	2	1	65	13	48
SC_RS28820	NC_003888.3	5797829	5798573	-	745	7	5	9	3	6	1	33	7	27
SC_RS28825	NC_003888.3	5798773	5800470	+	1698	390	309	460	1033	1009	1154	548	452	396
SC_RS28830	NC_003888.3	5800933	5801835	+	903	92	78	90	93	94	98	151	90	104
SC_RS28835	NC_003888.3	5801998	5805600	-	3603	492	405	572	278	246	267	448	227	357
SC_RS28840	NC_003888.3	5805994	5807334	+	1341	300	271	374	323	296	355	477	384	399
SC_RS28845	NC_003888.3	5807420	5808325	-	906	216	187	285	63	62	84	79	49	89
SC_RS28850	NC_003888.3	5808874	5809434	+	561	84	81	92	47	42	44	80	27	70
SC_RS28855	NC_003888.3	5809422	5809892	-	471	187	154	205	134	130	152	125	97	106
SC_RS28860	NC_003888.3	5809921	5810652	-	732	108	99	128	43	38	50	106	35	77
SC_RS28865	NC_003888.3	5810810	5811163	+	354	0	1	4	4	5	4	29	10	35
SC_RS28870	NC_003888.3	5811167	5812522	+	1356	3	1	3	29	16	12	71	19	76
SC_RS28875	NC_003888.3	5812543	5812740	+	198	0	0	0	0	0	0	18	1	8
SC_RS28880	NC_003888.3	5812762	5813430	+	669	1	1	1	4	1	1	49	12	32
SC_RS28885	NC_003888.3	5813452	5813643	+	192	0	0	0	0	0	1	6	2	12
SC_RS28890	NC_003888.3	5813654	5813809	+	156	1	0	1	0	0	0	11	0	11
SC_RS28895	NC_003888.3	5813822	5814145	+	324	0	0	0	1	3	2	23	7	25
SC_RS28900	NC_003888.3	5814235	5814786	+	552	0	1	6	4	6	4	28	7	44
SC_RS28905	NC_003888.3	5814872	5815057	+	186	0	0	0	0	0	0	11	4	6
SC_RS28910	NC_003888.3	5815050	5816414	+	1365	0	1	1	1	1	0	99	23	95
SC_RS28915	NC_003888.3	5816431	5816601	+	171	0	0	0	0	0	0	10	0	11
SC_RS28920	NC_003888.3	5816598	5817971	+	1374	13	20	15	16	16	13	87	22	83
SC_RS28925	NC_003888.3	5818165	5818548	+	384	2	1	6	2	3	1	127	66	97
SC_RS28930	NC_003888.3	5818724	5818795	-	72	22	30	26	11	11	10	18	6	17
SC_RS28935	NC_003888.3	5818975	5819478	+	504	132	97	157	1940	1684	2141	2613	3076	2862
SC_RS28940	NC_003888.3	5819600	5820643	+	1044	313	261	408	193	148	253	275	206	221
SC_RS28945	NC_003888.3	5820662	5822053	+	1392	618	606	703	404	366	432	649	593	475
SC_RS28950	NC_003888.3	5822212	5823504	+	1293	1601	1484	2044	1382	921	1860	839	716	597
SC_RS28955	NC_003888.3	5823511	5824569	+	1059	2132	2109	2815	2307	1866	2637	1296	1122	888
SC_RS28960	NC_003888.3	5824855	5825784	+	930	1015	868	1203	623	510	836	640	514	453
SC_RS28965	NC_003888.3	5826214	5828298	+	2085	7178	6657	8954	3911	4091	4517	3129	3267	2460
SC_RS28970	NC_003888.3	5828747	5829895	+	1149	577	485	678	233	197	302	271	224	257
SC_RS28975	NC_003888.3	5830020	5830244	+	225	3161	3226	4143	872	853	1182	1410	1273	977
SC_RS28980	NC_003888.3	5830353	5831429	+	1077	2011	1851	2335	258	281	350	382	336	279
SC_RS28985	NC_003888.3	5831498	5832343	+	846	766	667	851	137	99	158	143	115	148
SC_RS28990	NC_003888.3	5832394	5833041	+	648	367	419	503	87	91	115	134	99	110
SC_RS28995	NC_003888.3	5833038	5833718	+	681	268	249	331	36	58	65	98	61	65
SC_RS29000	NC_003888.3	5833806	5835062	+	1257	53	42	68	54	42	66	131	74	106
SC_RS29005	NC_003888.3	5835206	5836510	+	1305	1304	1133	1604	836	766	809	597	445	445
SC_RS29010	NC_003888.3	5836773	5837207	+	435	4219	3716	5042	401	374	565	254	242	203
SC_RS29015	NC_003888.3	5837433	5838254	+	822	6730	6242	8522	1128	1049	1399	692	620	532
SC_RS29020	NC_003888.3	5838330	5838560	+	231	5097	4910	7186	1064	1127	1341	915	937	647
SC_RS29025	NC_003888.3	5838602	5839156	+	555	19914	18266	25095	4121	4268	5079	2961	3175	2366
SC_RS29030	NC_003888.3	5839162	5839977	+	816	22766	20942	27679	4338	4253	5271	2749	2867	2007
SC_RS29035	NC_003888.3	5840171	5841760	+	1590	26224	24178	32683	5998	6189	7933	3888	4125	2939
SC_RS29040	NC_003888.3	5841782	5842699	+	918	15970	14431	19531	3747	3796	5107	2618	2782	1869
SC_RS29045	NC_003888.3	5842699	5844135	+	1437	18878	17527	24183	5451	5155	6832	4056	4163	2930
SC_RS29050	NC_003888.3	5844267	5844641	+	375	4333	3850	5333	1733	1634	1821	1424	1636	1368
SC_RS29055	NC_003888.3	5844784	5845233	+	450	678	570	786	232	214	189	201	194	160
SC_RS29060	NC_003888.3	5845252	5847081	-	1830	60	50	64	25	26	18	137	48	133
SC_RS29065	NC_003888.3	5847229	5847870	-	642	47	39	48	45	43	33	72	52	56
SC_RS29070	NC_003888.3	5847867	5849063	-	1197	32	42	42	78	48	88	147	58	127
SC_RS29075	NC_003888.3	5849216	5849800	+	585	11	20	21	19	20	25	72	42	57
SC_RS29080	NC_003888.3	5849797	5849985	+	189	25	20	15	23	31	11	36	21	26
SC_RS29085	NC_003888.3	5850114	5850686	-	573	433	343	474	784	761	747	270	326	268
SC_RS29090	NC_003888.3	5850700	5851449	-	750	14	12	14	6	3	4	57	10	32
SC_RS29095	NC_003888.3	5851470	5852252	-	783	33	22	34	10	13	7	64	22	47
SC_RS29100	NC_003888.3	5852346	5852987	+	642	111	113	183	70	55	56	97	60	109
SC_RS29105	NC_003888.3	5853124	5853972	+	849	382	339	456	672	661	862	384	333	281
SC_RS29110	NC_003888.3	5854163	5854486	+	324	135	105	151	147	137	163	80	62	93
SC_RS29115	NC_003888.3	5854720	5857344	+	2625	823	801	963	563	458	633	646	514	479
SC_RS29120	NC_003888.3	5857445	5858116	-	672	502	392	586	453	456	504	278	219	198
SC_RS29125	NC_003888.3	5858397	5858789	+	393	78	93	144	4245	3347	4015	1554	1652	1487
SC_RS29130	NC_003888.3	5858868	5859896	-	1029	36	40	49	4111	4160	4297	4089	4042	3433
SC_RS29135	NC_003888.3	5860153	5860485	+	333	64	58	82	197	200	205	167	159	165
SC_RS29140	NC_003888.3	5860494	5861363	-	870	657	594	795	422	390	408	464	352	333
SC_RS29145	NC_003888.3	5861360	5862631	-	1272	1879	1770	2271	893	791	750	727	747	699
SC_RS29150	NC_003888.3	5862780	5863556	-	777	86	100	144	263	197	250	178	153	151
SC_RS29155	NC_003888.3	5863553	5864545	-	993	408	406	479	664	612	604	454	459	384
SC_RS29160	NC_003888.3	5864669	5865601	-	933	3210	3161	4186	14479	14172	14415	5981	6547	4780
SC_RS29165	NC_003888.3	5865809	5869789	-	3981	5599	5268	7015	3520	2978	4222	2407	2591	2468
SC_RS29170	NC_003888.3	5870023	5870463	-	441	85	100	94	577	569	610	260	247	230
SC_RS29175	NC_003888.3	5870613	5871818	+	1206	686	706	815	686	597	912	766	630	648
SC_RS29180	NC_003888.3	5871855	5872811	+	957	314	279	414	216	186	228	236	221	214
SC_RS29185	NC_003888.3	5873153	5874457	+	1305	59	54	74	6	13	21	95	33	95
SC_RS29190	NC_003888.3	5874400	5875173	-	774	92	92	131	17	17	34	83	33	72
SC_RS29195	NC_003888.3	5875298	5875966	+	669	73	62	83	37	19	30	70	26	51
SC_RS29200	NC_003888.3	5875963	5877399	+	1437	75	76	130	55	34	27	110	45	78
SC_RS29205	NC_003888.3	5877408	5877884	-	477	297	235	367	1809	1716	2011	1043	1042	779
SC_RS29210	NC_003888.3	5877986	5878762	-	777	104	73	128	251	187	233	216	180	174
SC_RS29215	NC_003888.3	5878759	5879409	-	651	47	37	40	102	117	88	115	97	110
SC_RS29220	NC_003888.3	5879411	5880043	-	633	10	4	18	21	18	13	65	34	51
SC_RS29225	NC_003888.3	5880228	5880572	+	345	943	979	1298	250	312	430	454	479	348
SC_RS29230	NC_003888.3	5880569	5880652	+	84	587	605	790	130	115	136	203	182	161
SC_RS41375	NC_003888.3	5880767	5880874	-	108	141	160	183	67	45	39	61	40	67
SC_RS29235	NC_003888.3	5881074	5882489	-	1416	300	288	384	240	204	217	192	131	163
SC_RS29240	NC_003888.3	5882498	5882656	+	159	2	4	7	0	1	0	26	9	22
SC_RS29245	NC_003888.3	5882733	5883242	+	510	25	28	27	57	44	43	91	56	64
SC_RS29250	NC_003888.3	5883321	5883662	+	342	693	666	847	520	488	576	689	665	565
SC_RS29255	NC_003888.3	5883756	5885456	+	1701	992	984	1151	3136	2134	5512	2244	2124	2155
SC_RS29260	NC_003888.3	5885486	5886499	-	1014	160	142	213	265	146	237	254	159	235
SC_RS29265	NC_003888.3	5886569	5887552	+	984	32	31	40	26	36	59	113	65	76
SC_RS29270	NC_003888.3	5887579	5888283	-	705	75	65	76	7	8	19	69	23	53
SC_RS29275	NC_003888.3	5888566	5889543	+	978	3157	2695	3621	3224	3228	3514	1561	1760	1511
SC_RS29280	NC_003888.3	5890196	5890843	+	648	1463	1289	1844	2322	1863	2252	1784	1898	1672
SC_RS29285	NC_003888.3	5890960	5891517	+	558	108	87	123	49	44	40	59	48	69
SC_RS29290	NC_003888.3	5891507	5892892	+	1386	407	322	468	170	164	175	203	154	169
SC_RS29295	NC_003888.3	5892975	5894405	-	1431	9171	9239	11913	4116	4302	5264	1723	1684	1388
SC_RS29300	NC_003888.3	5894480	5895703	-	1224	497	492	642	866	807	1002	517	399	397
SC_RS29305	NC_003888.3	5895700	5897793	-	2094	863	824	1149	477	445	578	380	332	337
SC_RS29310	NC_003888.3	5897944	5898969	+	1026	1452	1323	1868	1002	819	951	725	789	642
SC_RS29315	NC_003888.3	5898979	5899692	-	714	42	35	53	137	101	72	141	73	97
SC_RS29320	NC_003888.3	5899804	5900694	-	891	3	5	4	12	6	13	67	18	52
SC_RS29325	NC_003888.3	5900696	5901637	-	942	0	2	3	11	9	25	79	33	61
SC_RS29330	NC_003888.3	5901634	5903016	-	1383	16	18	7	78	59	64	166	80	146
SC_RS29335	NC_003888.3	5903109	5903358	-	250	4	4	3	9	1	4	19	6	23
SC_RS29340	NC_003888.3	5903536	5904399	-	864	32	34	49	352	258	282	329	312	262
SC_RS29345	NC_003888.3	5904427	5904966	+	540	33	36	32	76	64	46	110	62	74
SC_RS29350	NC_003888.3	5905174	5907459	+	2286	32	37	59	77	81	93	193	104	169
SC_RS29355	NC_003888.3	5907344	5908036	-	693	113	100	134	26	23	18	74	43	71
SC_RS29360	NC_003888.3	5908033	5909691	-	1659	214	217	286	28	30	20	149	82	123
SC_RS29365	NC_003888.3	5909846	5911246	+	1401	348	208	322	20	26	33	133	50	121
SC_RS29370	NC_003888.3	5911410	5911808	+	399	41	45	81	60	49	57	50	53	61
SC_RS29375	NC_003888.3	5911820	5912134	+	315	51	34	65	96	62	86	93	79	79
SC_RS29380	NC_003888.3	5912270	5914537	+	2268	344	392	438	374	355	479	314	167	219
SC_RS29385	NC_003888.3	5914554	5916919	-	2366	15	31	30	238	182	225	595	492	457
SC_RS29390	NC_003888.3	5916960	5918354	-	1395	13	5	7	108	103	142	327	271	274
SC_RS29395	NC_003888.3	5918375	5920075	-	1701	13	8	12	177	183	198	579	518	527
SC_RS29400	NC_003888.3	5920072	5922099	-	2028	27	19	36	166	165	148	546	486	414
SC_RS29405	NC_003888.3	5922470	5925088	+	2619	182	159	207	6223	6094	5561	7864	7903	6804
SC_RS29410	NC_003888.3	5925132	5925641	-	510	98	96	119	55	45	75	94	47	63
SC_RS29415	NC_003888.3	5925711	5927360	-	1650	6	4	1	20	20	18	90	20	97
SC_RS29420	NC_003888.3	5927688	5929739	-	2052	8	8	6	6	12	28	243	97	217
SC_RS29425	NC_003888.3	5930034	5931785	-	1752	310	266	371	210	158	156	215	106	165
SC_RS29430	NC_003888.3	5931782	5933599	-	1818	362	311	429	218	196	238	200	131	167
SC_RS29435	NC_003888.3	5933596	5935479	-	1884	600	535	678	470	350	467	261	204	209
SC_RS29440	NC_003888.3	5935476	5937458	-	1983	1162	1033	1413	494	407	467	364	240	291
SC_RS29445	NC_003888.3	5937630	5938532	+	903	8	2	6	2	2	6	53	18	45
SC_RS29450	NC_003888.3	5938529	5939278	+	750	7	2	9	5	0	2	38	7	47
SC_RS29455	NC_003888.3	5939350	5940603	+	1254	61	64	66	44	38	54	124	53	111
SC_RS29460	NC_003888.3	5940593	5941267	+	675	69	39	65	31	26	31	55	31	59
SC_RS29465	NC_003888.3	5941319	5943577	-	2259	20	9	22	26	18	27	316	222	272
SC_RS29470	NC_003888.3	5943733	5944983	+	1251	12	7	15	42	53	55	98	48	86
SC_RS29475	NC_003888.3	5945149	5946351	+	1203	736	651	866	280	235	247	370	373	365
SC_RS29480	NC_003888.3	5946399	5947166	+	768	753	634	946	217	178	262	380	360	394
SC_RS29485	NC_003888.3	5947471	5947974	+	504	233	187	274	595	576	656	800	833	810
SC_RS29490	NC_003888.3	5948080	5948694	+	615	13	8	8	17	21	23	57	12	54
SC_RS29495	NC_003888.3	5948711	5949349	-	639	19	25	28	23	25	32	81	35	89
SC_RS29500	NC_003888.3	5949398	5950312	+	915	6	1	8	14	9	10	79	16	42
SC_RS29505	NC_003888.3	5950361	5950573	+	213	843	833	1188	921	874	1262	622	758	502
SC_RS29510	NC_003888.3	5950727	5951407	+	681	288	313	350	949	719	983	322	297	274
SC_RS29515	NC_003888.3	5951416	5951973	-	558	74	65	68	506	455	384	780	710	623
SC_RS29520	NC_003888.3	5952154	5952888	+	735	26	26	22	393	269	243	105	55	77
SC_RS29525	NC_003888.3	5952943	5954361	-	1419	231	309	322	560	416	625	134	46	109
SC_RS29530	NC_003888.3	5954478	5955845	-	1368	758	789	829	164	144	284	133	87	122
SC_RS29535	NC_003888.3	5955947	5957209	-	1263	4440	5041	5160	2526	2284	3111	797	815	678
SC_RS29540	NC_003888.3	5957224	5957601	-	378	1121	1223	1262	549	528	794	200	188	162
SC_RS29545	NC_003888.3	5957728	5958846	-	1119	2150	2303	2198	861	587	1073	319	328	286
SC_RS29550	NC_003888.3	5959273	5959941	+	669	423	347	457	137	110	176	1169	1331	1262
SC_RS29555	NC_003888.3	5960021	5960788	+	768	706	659	813	120	116	147	350	380	424
SC_RS29560	NC_003888.3	5960983	5961780	+	798	502	437	543	205	196	240	224	155	158
SC_RS29565	NC_003888.3	5962095	5963102	+	1008	3373	3226	4211	2015	1578	1909	1610	1274	1032
SC_RS29570	NC_003888.3	5963174	5964976	+	1803	15178	15021	19148	11840	10134	12212	9906	10783	6822
SC_RS29575	NC_003888.3	5965085	5966083	+	999	3748	3580	4521	2072	1571	1809	1686	1576	1168
SC_RS29580	NC_003888.3	5966080	5967177	+	1098	3824	3671	4569	2123	1613	1957	1634	1566	1191
SC_RS29585	NC_003888.3	5967201	5968664	+	1464	4663	4547	5619	2342	1875	2230	1660	1694	1227
SC_RS29590	NC_003888.3	5968742	5969401	+	660	185	183	236	24	25	27	80	38	56
SC_RS29595	NC_003888.3	5969699	5970559	+	861	150	167	205	5	11	6	70	22	44
SC_RS29600	NC_003888.3	5970588	5971214	-	627	121	127	155	34	21	41	78	48	70
SC_RS29605	NC_003888.3	5971342	5971509	+	168	349	331	525	62	67	146	65	61	64
SC_RS29610	NC_003888.3	5971544	5971837	+	294	192	242	352	64	41	45	51	39	45
SC_RS29615	NC_003888.3	5971928	5973097	+	1170	649	604	794	199	138	226	163	139	144
SC_RS29620	NC_003888.3	5973134	5973862	-	729	229	169	246	221	145	286	289	209	276
SC_RS29625	NC_003888.3	5973924	5975054	+	1131	451	439	649	405	355	500	341	253	279
SC_RS29630	NC_003888.3	5974936	5975880	-	945	104	110	124	267	223	271	275	302	298
SC_RS29635	NC_003888.3	5975918	5976259	-	342	26	25	35	148	132	161	198	191	181
SC_RS29640	NC_003888.3	5976351	5976890	+	540	176	189	239	335	357	361	209	155	169
SC_RS29645	NC_003888.3	5976918	5977607	+	690	325	291	390	227	270	302	193	135	160
SC_RS29650	NC_003888.3	5977775	5978770	+	996	333	301	394	84	102	124	138	96	113
SC_RS29655	NC_003888.3	5978785	5980992	+	2208	1748	1619	2227	479	419	537	621	552	473
SC_RS29660	NC_003888.3	5981250	5983490	+	2241	846	784	910	1884	1775	2206	1341	1199	1136
SC_RS29665	NC_003888.3	5983774	5984145	+	372	12	8	6	9	6	13	38	11	37
SC_RS29670	NC_003888.3	5984177	5984671	+	495	66	54	54	66	51	95	154	90	91
SC_RS29675	NC_003888.3	5984816	5985112	+	297	1780	1650	2279	443	492	486	317	334	214
SC_RS29680	NC_003888.3	5985116	5986609	+	1494	4727	4637	5811	1278	1365	1609	1020	848	710
SC_RS29685	NC_003888.3	5986606	5986845	+	240	949	885	1129	501	424	672	380	310	265
SC_RS29690	NC_003888.3	5986861	5988375	+	1515	5830	5398	7108	2620	2842	3575	1838	1946	1431
SC_RS29695	NC_003888.3	5988617	5990863	+	2247	77	61	87	53	55	74	498	301	426
SC_RS29700	NC_003888.3	5990841	5991425	+	585	233	170	264	98	130	169	152	108	105
SC_RS29705	NC_003888.3	5991461	5992087	+	627	437	377	582	286	304	289	307	229	258
SC_RS29710	NC_003888.3	5992283	5992468	+	186	28	25	24	4	10	11	26	7	25
SC_RS29715	NC_003888.3	5992585	5995740	+	3156	255	238	318	284	202	275	355	241	309
SC_RS29720	NC_003888.3	5995778	5995987	+	210	77	75	79	154	102	117	144	126	114
SC_RS29725	NC_003888.3	5995996	5997204	-	1209	197	159	225	230	171	197	297	250	230
SC_RS29730	NC_003888.3	5997336	5998334	-	999	374	298	434	120	87	125	169	127	160
SC_RS29735	NC_003888.3	5998409	5999350	+	942	162	119	143	216	181	225	189	98	159
SC_RS29740	NC_003888.3	5999765	6002875	+	3111	99	73	118	4003	3104	3738	6100	5841	5215
SC_RS29745	NC_003888.3	6003117	6004958	+	1842	528	501	715	4185	2473	4308	1069	962	808
SC_RS29750	NC_003888.3	6004980	6005504	+	525	100	86	123	1112	647	971	257	256	195
SC_RS29755	NC_003888.3	6005643	6006641	+	999	1637	1538	2078	6203	5534	4607	2178	2125	1741
SC_RS29760	NC_003888.3	6006860	6008449	+	1590	2240	2011	2709	3386	3303	3154	1661	1484	1230
SC_RS29765	NC_003888.3	6008515	6010062	-	1548	35	35	46	31	23	21	113	26	98
SC_RS29770	NC_003888.3	6010146	6010736	+	591	308	262	368	102	96	122	148	111	142
SC_RS29775	NC_003888.3	6010717	6011964	-	1248	121	113	173	83	50	71	150	56	104
SC_RS29780	NC_003888.3	6012130	6013056	+	927	6227	5993	7318	1315	999	1113	1729	1727	1320
SC_RS29785	NC_003888.3	6013103	6014743	+	1641	9712	10228	11549	4035	3489	3624	6450	6721	4783
SC_RS29790	NC_003888.3	6015052	6015183	+	132	27	37	34	477	546	473	643	442	393
SC_RS29795	NC_003888.3	6015259	6016302	+	1044	237	189	290	3086	2474	4434	1626	1239	1143
SC_RS29800	NC_003888.3	6016567	6017655	+	1089	1248	1166	1535	756	709	770	543	535	468
SC_RS29805	NC_003888.3	6017729	6019159	-	1431	57	50	50	14	9	10	115	31	103
SC_RS29810	NC_003888.3	6019304	6019987	+	684	15	11	10	5	8	8	35	10	37
SC_RS29815	NC_003888.3	6019984	6021660	+	1677	22	28	23	22	9	24	94	30	98
SC_RS29820	NC_003888.3	6021711	6022730	+	1020	21	19	21	3	5	8	52	17	43
SC_RS29825	NC_003888.3	6022748	6023350	+	603	135	110	143	62	53	74	78	46	81
SC_RS29830	NC_003888.3	6023669	6025273	+	1605	457	435	586	436	520	401	348	222	289
SC_RS29835	NC_003888.3	6025338	6026690	+	1353	52	61	73	84	74	76	841	799	822
SC_RS29840	NC_003888.3	6026708	6027712	-	1005	4	9	2	4	2	9	84	26	72
SC_RS29845	NC_003888.3	6027789	6028388	+	600	62	50	83	36	20	25	72	20	62
SC_RS29850	NC_003888.3	6028474	6029031	-	558	22	26	28	145	124	93	92	54	81
SC_RS29855	NC_003888.3	6029180	6031510	+	2331	33	24	23	20	26	21	183	32	157
SC_RS29860	NC_003888.3	6031665	6033248	+	1584	4354	3858	4867	1771	1783	1874	1639	1819	1314
SC_RS29865	NC_003888.3	6033266	6033463	+	198	229	219	253	82	107	157	128	136	89
SC_RS29870	NC_003888.3	6033766	6034347	-	582	1033	1000	1238	480	446	493	499	539	483
SC_RS29875	NC_003888.3	6034328	6034900	-	573	1602	1500	1984	686	625	750	636	632	496
SC_RS29880	NC_003888.3	6034995	6035408	-	414	868	843	1197	400	364	406	468	404	350
SC_RS29885	NC_003888.3	6035419	6038682	-	3264	6142	5617	7506	1896	1690	2103	1803	1895	1655
SC_RS29890	NC_003888.3	6039089	6039664	-	576	1870	1784	2379	1215	1093	1249	513	513	435
SC_RS29895	NC_003888.3	6039645	6040043	-	399	1407	1324	1837	679	619	728	338	327	327
SC_RS29900	NC_003888.3	6040155	6040568	-	414	1331	1156	1484	556	551	561	297	285	200
SC_RS29905	NC_003888.3	6040578	6044567	-	3990	9409	8734	11460	3273	2883	3628	1664	1472	1391
SC_RS29910	NC_003888.3	6045170	6045358	+	189	222	202	295	195	149	202	202	181	174
SC_RS29915	NC_003888.3	6045485	6046270	+	786	1505	1471	1890	316	373	465	302	296	244
SC_RS29920	NC_003888.3	6046263	6047747	+	1485	3075	3085	3858	1006	1068	1233	688	648	527
SC_RS29925	NC_003888.3	6047855	6048250	+	396	69	58	76	8	11	5	45	13	25
SC_RS29930	NC_003888.3	6048321	6049055	+	735	130	99	153	299	263	247	198	152	138
SC_RS29935	NC_003888.3	6049148	6049219	+	72	180	145	172	46	30	54	15	13	9
SC_RS29940	NC_003888.3	6049259	6049331	+	73	74	56	73	16	16	27	12	10	13
SC_RS29945	NC_003888.3	6049394	6049466	+	73	31	20	28	20	18	19	3	2	8
SC_RS29950	NC_003888.3	6049487	6049558	+	72	11	17	16	6	7	11	4	6	5
SC_RS29955	NC_003888.3	6049603	6049675	+	73	34	42	34	15	17	8	10	9	14
SC_RS29960	NC_003888.3	6049735	6050379	-	645	107	117	153	69	35	70	74	21	78
SC_RS29965	NC_003888.3	6050461	6051033	+	573	5	6	12	14	16	15	57	17	54
SC_RS29970	NC_003888.3	6051099	6051815	-	717	415	300	492	504	354	905	167	117	143
SC_RS29975	NC_003888.3	6052013	6053443	+	1431	327	343	449	10354	6815	12129	2361	1644	1375
SC_RS29980	NC_003888.3	6053449	6054042	+	594	126	103	115	3303	2294	3396	744	541	420
SC_RS29985	NC_003888.3	6054328	6054558	+	231	405	398	599	149	129	193	222	192	169
SC_RS29990	NC_003888.3	6054696	6055352	+	657	1275	1241	1554	255	372	429	415	414	341
SC_RS29995	NC_003888.3	6055467	6055700	-	234	38	40	41	6	19	27	21	16	19
SC_RS30000	NC_003888.3	6055710	6056348	-	639	152	124	173	77	76	85	98	84	80
SC_RS30005	NC_003888.3	6056492	6057286	+	795	842	748	1014	604	668	840	323	278	271
SC_RS30010	NC_003888.3	6057283	6058293	+	1011	465	466	587	275	257	359	164	152	132
SC_RS30015	NC_003888.3	6058385	6059554	+	1170	925	792	1071	333	284	308	258	228	230
SC_RS30020	NC_003888.3	6059732	6059965	-	234	148	107	161	109	117	113	163	124	139
SC_RS30025	NC_003888.3	6060199	6061167	+	969	1164	1017	1313	380	361	371	341	269	259
SC_RS30030	NC_003888.3	6061164	6061973	+	810	365	337	482	152	154	143	140	118	129
SC_RS30035	NC_003888.3	6062059	6062244	-	186	5937	5349	7650	1356	1228	1230	1499	1465	1181
SC_RS30040	NC_003888.3	6062511	6064280	+	1770	221	206	273	75	80	83	139	52	134
SC_RS30045	NC_003888.3	6064343	6066571	+	2229	721	623	910	140	153	159	280	218	248
SC_RS30050	NC_003888.3	6066627	6067214	+	588	355	292	407	117	89	132	114	100	117
SC_RS30055	NC_003888.3	6067241	6067720	+	480	162	175	210	177	190	224	98	70	101
SC_RS30060	NC_003888.3	6067854	6068993	+	1140	390	354	460	318	368	467	273	235	186
SC_RS30065	NC_003888.3	6069138	6069791	+	654	12761	10967	15983	1820	1983	2540	2195	2091	1812
SC_RS30070	NC_003888.3	6069794	6069967	+	174	5411	4708	6941	1225	1422	1718	1543	1738	1174
SC_RS30075	NC_003888.3	6069975	6070805	+	831	4213	3761	5110	840	907	1116	661	604	526
SC_RS30080	NC_003888.3	6070914	6071774	+	861	186	176	197	54	32	50	116	48	90
SC_RS30085	NC_003888.3	6071764	6072168	-	405	271	285	395	516	372	495	383	317	321
SC_RS30090	NC_003888.3	6072276	6073466	-	1191	353	308	474	194	235	236	358	250	283
SC_RS30095	NC_003888.3	6073650	6073931	+	282	52	44	55	29	14	29	48	23	44
SC_RS30100	NC_003888.3	6074311	6074523	+	213	692	647	862	1404	1608	1997	2441	1916	1540
SC_RS30105	NC_003888.3	6074834	6078394	+	3561	566	464	662	208	183	229	374	262	317
SC_RS30110	NC_003888.3	6078582	6080000	+	1419	1597	1568	1832	70	51	96	71	52	78
SC_RS30115	NC_003888.3	6080126	6081583	-	1458	540	501	657	120	125	136	182	98	146
SC_RS30120	NC_003888.3	6081768	6082976	+	1209	2591	2481	3368	2958	2692	3053	1517	1539	1189
SC_RS30125	NC_003888.3	6083101	6083772	-	672	36	35	51	248	241	316	342	363	358
SC_RS30130	NC_003888.3	6084219	6085721	+	1503	32	39	52	4042	3517	4711	4495	4461	3910
SC_RS30135	NC_003888.3	6086031	6087377	+	1347	452	432	632	109	107	79	154	60	137
SC_RS30140	NC_003888.3	6087374	6087712	+	339	65	54	97	49	41	29	36	25	33
SC_RS30145	NC_003888.3	6087762	6090284	+	2523	134	118	151	52	46	74	176	53	149
SC_RS30150	NC_003888.3	6090383	6091933	+	1551	1737	1677	2205	1088	1082	1387	858	810	695
SC_RS30155	NC_003888.3	6092050	6093996	+	1947	72	61	79	44	29	33	134	48	140
SC_RS30160	NC_003888.3	6094014	6094631	-	618	410	377	468	450	461	434	165	135	149
SC_RS30165	NC_003888.3	6094782	6095669	-	888	31	30	24	410	373	426	375	335	337
SC_RS30170	NC_003888.3	6096339	6096935	+	597	1548	1433	1764	1916	1761	2445	2275	2486	1926
SC_RS30175	NC_003888.3	6097191	6097610	+	420	15970	14934	19453	2707	2797	3164	3009	3256	2434
SC_RS30180	NC_003888.3	6097613	6097852	+	240	7976	7382	9802	1332	1558	1918	1267	1707	1010
SC_RS30185	NC_003888.3	6097964	6098530	+	567	393	415	484	45	36	56	71	53	64
SC_RS30190	NC_003888.3	6098530	6099363	+	834	659	636	897	78	97	107	114	94	95
SC_RS30195	NC_003888.3	6099500	6099850	+	351	6758	6571	8330	804	887	984	1078	1254	790
SC_RS30200	NC_003888.3	6099896	6100675	+	780	420	379	572	113	80	139	168	129	120
SC_RS30205	NC_003888.3	6100668	6101750	+	1083	353	291	383	173	129	187	225	155	176
SC_RS30210	NC_003888.3	6101641	6102651	+	1011	832	801	1077	693	704	851	657	579	547
SC_RS30215	NC_003888.3	6102756	6103532	+	777	139	139	186	93	65	56	110	87	106
SC_RS30220	NC_003888.3	6103522	6104052	+	531	37	32	45	30	10	16	53	25	52
SC_RS30225	NC_003888.3	6104109	6104417	+	309	257	241	346	350	308	370	371	373	337
SC_RS30230	NC_003888.3	6104506	6104868	+	363	87	84	127	75	58	66	83	62	75
SC_RS30235	NC_003888.3	6104868	6106493	+	1626	51	40	51	36	35	43	122	34	97
SC_RS30240	NC_003888.3	6106703	6107593	+	891	22	18	14	22	17	8	74	28	58
SC_RS30245	NC_003888.3	6107817	6108128	+	312	0	3	5	301	332	278	621	544	432
SC_RS30250	NC_003888.3	6108125	6108310	-	186	7	8	18	46	25	18	87	40	72
SC_RS30255	NC_003888.3	6108427	6108660	+	234	51	61	55	181	209	161	250	244	218
SC_RS30260	NC_003888.3	6108755	6109456	+	702	404	339	497	628	527	605	648	610	626
SC_RS30265	NC_003888.3	6109515	6109712	-	198	55	40	66	64	65	89	108	105	91
SC_RS30270	NC_003888.3	6110051	6110272	-	222	43	32	51	79	127	160	105	98	104
SC_RS30275	NC_003888.3	6111177	6111392	+	216	0	2	0	3	3	2	33	5	25
SC_RS30280	NC_003888.3	6111554	6113824	+	2271	8	14	7	25	19	16	193	48	139
SC_RS30285	NC_003888.3	6114162	6114659	+	498	29	32	38	97	58	62	124	81	109
SC_RS30290	NC_003888.3	6115100	6115315	+	216	0	3	0	2	1	0	29	8	13
SC_RS30295	NC_003888.3	6115312	6115662	+	351	2	0	0	0	0	3	11	0	18
SC_RS30300	NC_003888.3	6115649	6116218	+	570	1	5	2	1	1	3	38	7	16
SC_RS30305	NC_003888.3	6116205	6116621	+	417	8	8	6	7	5	7	48	15	39
SC_RS30310	NC_003888.3	6117039	6117482	+	444	2	5	8	4	5	5	46	8	29
SC_RS30315	NC_003888.3	6117794	6118300	+	507	1	2	3	1	1	1	43	12	30
SC_RS30320	NC_003888.3	6118406	6120229	+	1824	9	9	7	6	4	2	108	19	99
SC_RS30325	NC_003888.3	6120371	6120760	+	390	2	9	10	14	11	12	64	18	46
SC_RS30330	NC_003888.3	6121043	6121885	+	843	27	21	49	110	98	122	147	122	137
SC_RS30335	NC_003888.3	6122014	6122571	+	558	335	337	403	744	570	544	381	382	334
SC_RS30340	NC_003888.3	6122525	6123223	-	699	29	31	58	35	17	24	77	26	57
SC_RS30345	NC_003888.3	6123494	6124426	+	933	24436	23907	30082	2341	2230	2868	2301	2164	1594
SC_RS30350	NC_003888.3	6124521	6125357	+	837	11458	11140	13905	2257	2628	2974	2096	1983	1531
SC_RS30355	NC_003888.3	6125563	6126324	+	762	2361	2050	2769	1237	1244	1516	843	793	643
SC_RS30360	NC_003888.3	6126503	6127060	+	558	2365	2293	3174	1742	1665	1925	1267	1301	984
SC_RS30365	NC_003888.3	6127060	6128235	+	1176	4554	4189	5332	2419	2328	2543	1692	1799	1460
SC_RS30370	NC_003888.3	6128360	6131020	-	2661	26	27	24	301	303	332	599	335	427
SC_RS30375	NC_003888.3	6131534	6132414	-	881	39	30	57	33	39	21	520	603	500
SC_RS30380	NC_003888.3	6132437	6132679	-	243	294	289	351	309	352	332	4156	4816	3615
SC_RS30385	NC_003888.3	6133491	6134711	-	1221	3	4	8	8	2	2	72	16	57
SC_RS30390	NC_003888.3	6134811	6135797	-	987	5	4	4	5	2	0	56	12	48
SC_RS30395	NC_003888.3	6135800	6136151	-	352	9	4	7	4	6	10	28	16	22
SC_RS30400	NC_003888.3	6136289	6137068	-	780	237	231	300	330	258	274	447	407	368
SC_RS30405	NC_003888.3	6137087	6137551	+	465	48	46	61	60	71	46	101	58	62
SC_RS30410	NC_003888.3	6137881	6138768	-	888	37	30	59	19	9	13	51	12	40
SC_RS30415	NC_003888.3	6138765	6139295	-	531	26	21	35	8	9	11	12	9	21
SC_RS30420	NC_003888.3	6139402	6139869	-	468	10	5	14	6	2	9	15	6	12
SC_RS30425	NC_003888.3	6139887	6140843	-	957	1	0	1	11	11	9	6	9	12
SC_RS30430	NC_003888.3	6140819	6141571	-	753	82	103	97	690	607	530	513	474	440
SC_RS30435	NC_003888.3	6142261	6142887	+	627	4	5	7	47	44	45	174	116	143
SC_RS30440	NC_003888.3	6143019	6144125	+	1107	1441	1239	1645	748	669	774	507	431	463
SC_RS30445	NC_003888.3	6144424	6145470	+	1047	226	207	282	37	43	33	99	34	78
SC_RS30450	NC_003888.3	6145446	6147128	+	1683	150	131	166	32	16	16	119	29	90
SC_RS30455	NC_003888.3	6147131	6148177	+	1047	94	122	135	17	14	21	77	31	73
SC_RS30460	NC_003888.3	6148202	6149002	+	801	118	110	153	194	184	171	104	56	72
SC_RS30465	NC_003888.3	6149064	6149768	-	705	653	664	834	10459	9854	11285	1204	1414	841
SC_RS30470	NC_003888.3	6149925	6151109	-	1185	246	238	279	786	790	1006	361	281	229
SC_RS30475	NC_003888.3	6151136	6151543	-	408	44	51	76	46	66	54	149	154	116
SC_RS30480	NC_003888.3	6151649	6153109	-	1461	2	5	1	18	14	24	111	24	54
SC_RS30485	NC_003888.3	6153091	6153867	-	777	27	17	17	39	24	39	76	42	63
SC_RS30490	NC_003888.3	6154073	6155446	-	1374	1746	2123	2196	413	321	371	442	427	475
SC_RS30495	NC_003888.3	6155449	6155964	-	516	1951	2073	2364	479	391	379	516	534	532
SC_RS30500	NC_003888.3	6156130	6157569	+	1440	3062	3051	3728	1235	1045	1310	787	764	691
SC_RS30505	NC_003888.3	6157741	6158940	+	1200	31	34	28	68	51	52	170	106	126
SC_RS30510	NC_003888.3	6158953	6159492	+	540	210	195	283	406	301	236	204	145	185
SC_RS30515	NC_003888.3	6159509	6160669	-	1161	63	44	99	98	49	48	98	52	86
SC_RS30520	NC_003888.3	6160823	6161536	-	714	216	182	272	236	243	271	154	126	110
SC_RS30525	NC_003888.3	6161552	6162715	-	1164	322	325	394	508	515	654	261	186	243
SC_RS30530	NC_003888.3	6162772	6163452	+	681	1345	1337	1836	474	455	477	546	464	474
SC_RS30535	NC_003888.3	6163511	6163960	+	450	1003	1013	1349	826	855	776	804	758	633
SC_RS30540	NC_003888.3	6164022	6164663	-	642	245	190	291	42	31	34	108	50	84
SC_RS30545	NC_003888.3	6164842	6166377	+	1536	97	114	97	16	13	15	117	30	107
SC_RS30550	NC_003888.3	6166442	6167689	+	1248	34	44	47	14	14	12	75	29	63
SC_RS30555	NC_003888.3	6167695	6168888	+	1194	28	43	44	18	10	17	77	25	74
SC_RS30560	NC_003888.3	6168888	6169817	+	930	27	31	33	16	14	16	62	13	66
SC_RS30565	NC_003888.3	6169818	6170618	+	801	16	21	23	17	11	16	52	21	59
SC_RS30570	NC_003888.3	6170654	6172081	+	1428	49	49	57	42	32	43	119	48	114
SC_RS30575	NC_003888.3	6172204	6172662	+	459	64	50	68	120	103	110	221	228	160
SC_RS30580	NC_003888.3	6172819	6174636	+	1818	19	13	28	56	31	34	186	97	173
SC_RS30585	NC_003888.3	6174575	6175279	-	705	48	32	49	21	19	22	49	22	54
SC_RS30590	NC_003888.3	6175324	6176157	+	834	75	40	58	59	49	54	93	39	65
SC_RS30595	NC_003888.3	6176557	6177891	-	1335	3365	3713	3951	148	102	159	293	241	274
SC_RS30600	NC_003888.3	6178145	6180280	+	2136	359	342	445	401	345	406	481	305	373
SC_RS30605	NC_003888.3	6180444	6182102	+	1659	325	294	382	141	115	176	197	118	166
SC_RS30610	NC_003888.3	6182246	6183691	+	1446	3413	3443	3781	223	178	295	233	169	192
SC_RS30615	NC_003888.3	6183701	6184114	-	414	164	151	169	29	17	16	40	19	42
SC_RS30620	NC_003888.3	6184140	6185315	-	1176	143	173	215	1	0	2	58	18	45
SC_RS30625	NC_003888.3	6185312	6186445	-	1134	18	13	13	0	2	2	96	13	57
SC_RS30630	NC_003888.3	6186588	6187784	+	1197	59	41	78	55	40	45	188	135	174
SC_RS30635	NC_003888.3	6187781	6188494	+	714	18	20	28	20	11	17	58	42	45
SC_RS30640	NC_003888.3	6188536	6191418	-	2883	9	9	9	5	7	6	180	34	130
SC_RS30645	NC_003888.3	6191668	6193353	+	1686	2	7	2	9	6	7	92	25	104
SC_RS30650	NC_003888.3	6193381	6194421	+	1041	6	4	4	2	4	3	65	12	45
SC_RS30655	NC_003888.3	6194475	6195389	+	915	6	7	7	2	3	6	65	21	62
SC_RS30660	NC_003888.3	6195389	6197359	+	1971	8	3	2	8	1	4	120	31	94
SC_RS30665	NC_003888.3	6197356	6199599	+	2244	1	0	1	2	5	4	153	24	121
SC_RS30670	NC_003888.3	6199638	6200372	+	735	5	1	6	3	4	4	46	16	51
SC_RS30675	NC_003888.3	6200514	6201527	-	1014	90	81	83	33	28	44	100	44	99
SC_RS30680	NC_003888.3	6201820	6203796	+	1977	63	60	85	236	251	248	422	295	307
SC_RS30685	NC_003888.3	6203922	6205178	+	1257	940	955	1304	579	581	665	540	556	455
SC_RS30690	NC_003888.3	6205187	6206479	+	1293	820	832	1067	627	574	753	493	452	433
SC_RS30695	NC_003888.3	6206675	6207832	+	1158	2113	1880	2554	1787	1735	2007	1243	1124	868
SC_RS30700	NC_003888.3	6208117	6208965	+	849	266	229	278	70	58	78	100	54	72
SC_RS30705	NC_003888.3	6209024	6209566	+	543	95	64	96	38	36	74	70	40	68
SC_RS30710	NC_003888.3	6209640	6211343	+	1704	1954	2044	2632	882	899	1043	617	486	451
SC_RS30715	NC_003888.3	6211917	6212816	-	900	80	79	114	9	6	12	55	23	60
SC_RS30720	NC_003888.3	6212856	6213359	-	504	276	302	331	33	32	38	58	14	55
SC_RS30725	NC_003888.3	6213362	6213925	-	564	834	880	1153	61	66	63	92	51	91
SC_RS30730	NC_003888.3	6214338	6214871	+	534	1144	1078	1483	226	264	282	297	271	231
SC_RS30735	NC_003888.3	6214874	6215896	+	1023	5044	4858	6488	1094	867	1021	804	854	734
SC_RS30740	NC_003888.3	6215999	6216304	+	306	6386	5818	7878	1693	1717	2060	3114	3316	2878
SC_RS30745	NC_003888.3	6216466	6219567	+	3102	45369	41526	53284	6753	6687	8144	9976	10554	8407
SC_RS30750	NC_003888.3	6219719	6220012	+	294	1153	974	1370	811	847	904	411	444	379
SC_RS30755	NC_003888.3	6220097	6220579	+	483	1771	1765	2250	1402	1328	1614	676	732	599
SC_RS30760	NC_003888.3	6220576	6221481	+	906	1690	1508	1921	544	502	708	347	321	310
SC_RS30765	NC_003888.3	6221737	6225837	+	4101	539	510	651	137	119	130	1310	1133	1286
SC_RS30770	NC_003888.3	6225981	6226937	+	957	697	647	859	346	312	463	258	228	234
SC_RS30775	NC_003888.3	6227052	6228131	-	1080	11	12	33	12	8	8	83	24	80
SC_RS30780	NC_003888.3	6228128	6229324	-	1197	21	22	31	15	5	15	88	49	65
SC_RS30785	NC_003888.3	6229321	6230274	-	954	6	6	7	4	6	8	61	24	52
SC_RS30790	NC_003888.3	6230271	6231317	-	1047	10	10	6	13	6	10	85	44	74
SC_RS30795	NC_003888.3	6231310	6233175	-	1866	37	25	44	33	21	32	194	133	189
SC_RS30800	NC_003888.3	6233478	6236729	-	3252	2562	2337	2955	1762	1636	2139	1280	988	906
SC_RS30805	NC_003888.3	6237439	6238782	+	1344	415	374	572	445	346	545	272	178	184
SC_RS30810	NC_003888.3	6238820	6239620	-	801	288	258	355	145	139	153	233	151	162
SC_RS30815	NC_003888.3	6239617	6240885	-	1269	482	429	581	309	241	245	294	245	213
SC_RS30820	NC_003888.3	6241070	6242596	+	1527	880	796	1051	251	222	300	356	272	344
SC_RS30825	NC_003888.3	6242668	6243909	+	1242	544	520	678	519	390	345	563	317	453
SC_RS30830	NC_003888.3	6243938	6244234	-	297	721	696	1023	1866	1633	1636	1354	1467	1188
SC_RS30835	NC_003888.3	6244580	6244912	+	333	662	620	790	963	958	1097	635	640	553
SC_RS30840	NC_003888.3	6244949	6245260	+	312	849	801	1136	1204	1015	1176	980	954	765
SC_RS30845	NC_003888.3	6245884	6246486	+	603	213	174	269	156	97	126	162	101	146
SC_RS30850	NC_003888.3	6246517	6247155	-	639	365	372	433	624	550	623	405	372	258
SC_RS30855	NC_003888.3	6247184	6249421	-	2238	1301	1220	1620	2482	2225	2597	1517	1275	1023
SC_RS30860	NC_003888.3	6249423	6249845	-	423	109	89	118	246	206	238	150	108	126
SC_RS30865	NC_003888.3	6249911	6251263	-	1353	398	391	524	856	742	921	609	598	475
SC_RS30870	NC_003888.3	6251294	6252847	-	1554	839	703	888	2033	1838	2017	1434	1372	1106
SC_RS30875	NC_003888.3	6252847	6253335	-	489	203	171	258	484	406	475	375	315	317
SC_RS30880	NC_003888.3	6253407	6257372	-	3966	2633	2387	3172	986	818	1088	1106	848	949
SC_RS30885	NC_003888.3	6257536	6259005	+	1470	1054	976	1269	429	349	412	428	346	305
SC_RS30890	NC_003888.3	6259203	6259490	+	288	6736	6345	8226	879	925	1431	1398	1297	1118
SC_RS30895	NC_003888.3	6259773	6261992	+	2220	17701	16545	21956	3242	3409	4928	3519	3271	2849
SC_RS30900	NC_003888.3	6261989	6263368	+	1380	1512	1345	1752	182	159	267	253	227	235
SC_RS30905	NC_003888.3	6263394	6264146	+	753	957	904	1119	245	238	291	197	172	157
SC_RS30910	NC_003888.3	6264160	6264615	+	456	311	269	361	64	63	73	48	58	61
SC_RS30915	NC_003888.3	6264691	6265245	-	555	1442	1258	1700	112	152	166	279	273	229
SC_RS30920	NC_003888.3	6265362	6265601	-	240	1043	995	1221	190	178	216	552	584	551
SC_RS30925	NC_003888.3	6265793	6266533	+	741	944	950	1244	413	410	369	237	191	217
SC_RS30930	NC_003888.3	6266753	6267652	+	900	1086	993	1341	588	530	846	509	480	399
SC_RS30935	NC_003888.3	6267805	6269490	+	1686	4980	4756	5838	983	1170	1370	1378	1290	1159
SC_RS30940	NC_003888.3	6269991	6271517	+	1527	108	93	115	94	155	156	96	54	45
SC_RS30945	NC_003888.3	6271800	6274920	+	3121	1332	1217	1277	2416	3065	3374	2047	1756	2003
SC_RS30950	NC_003888.3	6275005	6275121	+	117	0	0	0	2	0	0	7	6	6
SC_RS30955	NC_003888.3	6275238	6275900	+	663	44	44	38	8655	8458	8754	5240	4065	3364
SC_RS30960	NC_003888.3	6275983	6276058	+	76	4	0	2	23	31	19	38	23	38
SC_RS30965	NC_003888.3	6276106	6278856	-	2751	808	759	1021	738	694	949	790	538	554
SC_RS30970	NC_003888.3	6279265	6284754	+	5490	1682	1649	2114	1654	1468	1794	1643	1462	1347
SC_RS30975	NC_003888.3	6285256	6285930	+	675	995	839	1111	2041	1732	1915	1150	1138	1060
SC_RS30980	NC_003888.3	6286133	6288886	+	2754	849	886	1139	1293	1038	1450	1003	894	817
SC_RS30985	NC_003888.3	6289190	6290053	+	864	987	952	1238	3015	2955	3021	828	631	580
SC_RS30990	NC_003888.3	6290145	6291626	+	1482	2000	1859	2447	823	783	870	586	619	548
SC_RS30995	NC_003888.3	6291623	6292414	+	792	791	722	959	311	249	325	362	292	316
SC_RS31000	NC_003888.3	6292411	6292956	+	546	428	447	600	276	240	379	357	336	313
SC_RS31005	NC_003888.3	6293066	6293446	+	381	1606	1511	2038	1547	1415	1660	3208	3437	3194
SC_RS31010	NC_003888.3	6293651	6294121	+	471	72	60	84	51	27	27	79	51	56
SC_RS31015	NC_003888.3	6294128	6294394	+	267	1	4	8	3	2	1	14	2	17
SC_RS31020	NC_003888.3	6294435	6294824	+	390	65	52	58	167	167	193	247	226	254
SC_RS31025	NC_003888.3	6294821	6295306	+	486	62	57	75	166	175	185	199	247	192
SC_RS31030	NC_003888.3	6295344	6296174	-	831	47	32	41	37	30	26	86	36	66
SC_RS31035	NC_003888.3	6296193	6301265	-	5073	851	818	1092	214	150	203	516	258	451
SC_RS31040	NC_003888.3	6301456	6302322	+	867	118	92	132	93	70	98	104	102	119
SC_RS31045	NC_003888.3	6302319	6303089	+	771	70	68	92	30	29	25	58	16	48
SC_RS31050	NC_003888.3	6303086	6303394	+	309	49	42	43	19	6	14	29	5	22
SC_RS31055	NC_003888.3	6303404	6304372	-	969	14	9	24	10	7	8	58	6	69
SC_RS31060	NC_003888.3	6304454	6304648	+	195	176	172	255	169	120	111	163	133	156
SC_RS31065	NC_003888.3	6304709	6306028	+	1320	231	253	289	438	329	411	293	237	256
SC_RS31070	NC_003888.3	6306165	6306365	-	201	69	59	108	143	122	120	221	182	196
SC_RS31075	NC_003888.3	6306654	6307778	+	1125	5420	4913	6904	2019	1675	1847	2519	2600	1992
SC_RS31080	NC_003888.3	6307782	6308564	+	783	2151	1869	2421	744	654	634	833	928	751
SC_RS31085	NC_003888.3	6308709	6308927	+	219	177	190	220	42	22	31	55	42	48
SC_RS31090	NC_003888.3	6308921	6309319	-	399	47	52	62	481	471	698	76	41	47
SC_RS31095	NC_003888.3	6309316	6309864	-	549	44	36	68	498	466	833	60	43	42
SC_RS31100	NC_003888.3	6309946	6310032	-	87	16	15	10	23	10	25	9	5	7
SC_RS31105	NC_003888.3	6310159	6311784	-	1626	321	268	410	167	176	197	224	143	177
SC_RS31110	NC_003888.3	6311961	6312860	-	900	1757	1762	2011	113	90	86	430	486	348
SC_RS31115	NC_003888.3	6312857	6313525	-	669	969	988	1101	47	39	45	218	250	186
SC_RS31120	NC_003888.3	6313610	6314446	-	837	2042	2021	2342	91	94	114	562	740	440
SC_RS31125	NC_003888.3	6314572	6315348	-	777	1823	1748	2189	95	77	101	489	523	311
SC_RS31130	NC_003888.3	6315651	6316337	+	687	111	81	117	5	5	9	63	15	48
SC_RS31135	NC_003888.3	6316347	6317792	+	1446	54	63	81	10	3	18	103	47	83
SC_RS31140	NC_003888.3	6317771	6318766	-	996	125	121	138	82	95	95	153	80	137
SC_RS31145	NC_003888.3	6318840	6319355	+	516	392	404	494	44	43	59	87	45	71
SC_RS31150	NC_003888.3	6319451	6320686	-	1236	311	280	356	111	119	114	249	153	178
SC_RS31155	NC_003888.3	6320691	6321176	-	486	242	254	346	170	130	139	235	188	167
SC_RS31160	NC_003888.3	6321291	6322367	+	1077	152	161	232	85	73	91	272	130	155
SC_RS31165	NC_003888.3	6322367	6323026	+	660	42	44	52	15	18	20	82	29	64
SC_RS31170	NC_003888.3	6323081	6324283	-	1203	2	5	9	0	1	2	79	20	63
SC_RS31175	NC_003888.3	6324453	6325970	+	1518	1322	1264	1748	788	727	1113	601	556	526
SC_RS31180	NC_003888.3	6326020	6326733	+	714	358	307	429	107	87	90	83	47	63
SC_RS31185	NC_003888.3	6326868	6327161	-	294	21	19	20	61	61	58	113	102	92
SC_RS31190	NC_003888.3	6327186	6327473	-	288	52	50	74	178	142	146	296	295	298
SC_RS31195	NC_003888.3	6327656	6328594	+	939	350	277	421	167	137	203	166	114	158
SC_RS31200	NC_003888.3	6328702	6329199	+	498	437	359	403	272	233	236	214	123	150
SC_RS31205	NC_003888.3	6329272	6330141	+	870	826	832	1103	693	530	751	591	591	520
SC_RS31210	NC_003888.3	6330388	6332565	+	2178	621	613	752	759	720	1084	738	682	597
SC_RS31215	NC_003888.3	6332816	6334354	+	1539	15	13	14	17	16	18	111	21	76
SC_RS31220	NC_003888.3	6334502	6335995	+	1494	3097	2902	3626	2437	1969	3237	3422	3777	3042
SC_RS31225	NC_003888.3	6336091	6337308	-	1218	1210	1006	1409	515	435	391	647	776	555
SC_RS31230	NC_003888.3	6337406	6338635	-	1230	1630	1316	1837	1111	815	786	936	1094	860
SC_RS31235	NC_003888.3	6338949	6340547	+	1599	9	16	19	112	80	119	232	157	216
SC_RS31240	NC_003888.3	6340587	6342533	+	1947	4	4	8	61	68	97	193	95	176
SC_RS31245	NC_003888.3	6342563	6343258	+	696	2	0	10	55	69	88	136	65	81
SC_RS31250	NC_003888.3	6343581	6345575	+	1995	727	593	906	436	422	508	492	409	383
SC_RS31255	NC_003888.3	6345664	6346443	-	780	536	486	698	3503	3498	4430	2444	2482	2177
SC_RS31260	NC_003888.3	6347027	6347575	+	549	1889	1560	2177	1526	1384	2105	463	438	405
SC_RS31265	NC_003888.3	6347744	6350647	+	2904	9044	7647	10904	10570	11002	16047	2977	2963	2358
SC_RS31270	NC_003888.3	6350725	6351258	-	534	132	129	162	922	946	1037	758	758	629
SC_RS31275	NC_003888.3	6351419	6352033	+	615	35	34	54	46	38	45	89	29	61
SC_RS31280	NC_003888.3	6352147	6352806	+	660	123	94	146	256	223	295	113	78	120
SC_RS31285	NC_003888.3	6352819	6353724	+	906	539	477	601	631	556	733	407	363	346
SC_RS31290	NC_003888.3	6354012	6355559	-	1548	553	516	661	581	563	723	527	468	480
SC_RS31295	NC_003888.3	6355747	6356367	+	621	91	83	108	259	192	236	333	293	291
SC_RS31300	NC_003888.3	6356449	6357150	+	702	935	820	1121	198	167	227	212	208	170
SC_RS31305	NC_003888.3	6357219	6357857	+	639	1827	1640	2218	958	992	1106	890	968	710
SC_RS31310	NC_003888.3	6358172	6358786	-	615	173	122	158	102	99	72	342	314	269
SC_RS31315	NC_003888.3	6359074	6361233	+	2160	1291	1114	1552	297	286	327	377	216	279
SC_RS31320	NC_003888.3	6361399	6363003	+	1605	96	80	79	50	52	56	135	48	71
SC_RS31325	NC_003888.3	6363135	6363893	+	759	144	117	159	127	102	128	152	99	100
SC_RS31330	NC_003888.3	6363949	6366183	+	2235	52	59	76	49	60	53	177	53	144
SC_RS31335	NC_003888.3	6366349	6367236	+	888	15	8	21	689	665	787	286	276	224
SC_RS31340	NC_003888.3	6367665	6369200	+	1536	2866	2844	3388	2051	2066	2086	2573	2415	1964
SC_RS31345	NC_003888.3	6369367	6370224	+	858	167	133	198	100	76	60	116	59	105
SC_RS31350	NC_003888.3	6370335	6370565	-	231	2900	2777	3426	7656	6945	8466	8666	8964	7961
SC_RS31355	NC_003888.3	6371006	6373129	+	2124	1916	1734	2390	1335	1227	1473	762	690	552
SC_RS31360	NC_003888.3	6373348	6373872	+	525	71	56	74	5	11	5	42	9	39
SC_RS31365	NC_003888.3	6373869	6375023	+	1155	51	52	64	35	33	39	75	35	61
SC_RS31370	NC_003888.3	6375020	6375709	+	690	59	62	58	73	75	64	75	51	56
SC_RS31375	NC_003888.3	6375779	6376357	+	579	34	19	60	2151	1873	2205	693	710	633
SC_RS31380	NC_003888.3	6376354	6377946	+	1593	24	15	35	3669	3271	4055	1148	978	893
SC_RS31385	NC_003888.3	6377983	6378663	-	681	44	45	61	125	102	109	94	50	118
SC_RS31390	NC_003888.3	6378660	6380330	-	1671	250	230	326	276	193	307	288	223	259
SC_RS31395	NC_003888.3	6380416	6381357	-	942	271	216	308	582	474	649	441	333	331
SC_RS31400	NC_003888.3	6381412	6382677	-	1266	79	53	89	78	70	101	89	43	100
SC_RS31405	NC_003888.3	6382802	6383974	+	1173	105	96	121	20	14	12	83	34	74
SC_RS31410	NC_003888.3	6384115	6384351	-	237	126	98	158	136	134	141	148	100	86
SC_RS31415	NC_003888.3	6384501	6385052	-	552	13	11	20	65	61	55	189	137	161
SC_RS31420	NC_003888.3	6385339	6386427	+	1089	229	230	280	72	47	84	130	65	117
SC_RS31425	NC_003888.3	6386424	6388880	-	2457	2070	1855	2406	915	774	1031	773	599	606
SC_RS31430	NC_003888.3	6389216	6390568	+	1353	1037	994	1331	2367	2288	3314	1370	1298	1128
SC_RS31435	NC_003888.3	6390565	6391953	+	1389	859	833	949	2182	2027	3059	1248	1178	958
SC_RS31440	NC_003888.3	6392322	6393074	+	753	732	602	841	307	328	420	149	100	97
SC_RS31445	NC_003888.3	6393195	6393890	+	696	155	145	184	157	167	164	113	81	108
SC_RS31450	NC_003888.3	6394045	6394326	-	282	1313	1296	1749	403	431	354	559	581	497
SC_RS31455	NC_003888.3	6394529	6397648	+	3120	331	324	435	224	189	234	424	267	404
SC_RS31460	NC_003888.3	6397745	6398341	+	597	566	521	677	549	346	495	314	303	274
SC_RS31465	NC_003888.3	6398341	6399534	+	1194	277	259	305	149	142	209	188	132	131
SC_RS31470	NC_003888.3	6399582	6400232	+	651	179	181	229	45	38	48	52	37	44
SC_RS31475	NC_003888.3	6400262	6402331	-	2070	25	16	31	20	16	13	175	35	147
SC_RS31480	NC_003888.3	6402578	6403366	+	789	98	83	97	53	38	63	108	52	83
SC_RS31485	NC_003888.3	6403579	6404886	+	1308	104	104	125	29	32	33	91	53	100
SC_RS31490	NC_003888.3	6404883	6406040	+	1158	76	80	115	39	47	50	109	52	65
SC_RS31495	NC_003888.3	6406090	6407082	+	993	98	84	130	34	39	31	93	37	82
SC_RS31500	NC_003888.3	6407079	6408017	+	939	58	53	100	13	24	31	71	39	80
SC_RS31505	NC_003888.3	6408122	6408970	+	849	57	62	83	32	25	27	86	29	64
SC_RS31510	NC_003888.3	6409025	6409828	-	804	37	32	49	114	115	102	142	141	132
SC_RS31515	NC_003888.3	6410064	6410915	+	852	265	275	314	732	638	723	382	301	326
SC_RS31520	NC_003888.3	6411199	6412257	-	1059	4220	3677	4875	2411	2186	2703	2369	2320	2161
SC_RS31525	NC_003888.3	6412730	6413614	+	885	1248	1049	1300	323	277	323	236	215	229
SC_RS31530	NC_003888.3	6413538	6414875	-	1338	350	341	408	121	113	127	212	91	143
SC_RS31535	NC_003888.3	6414817	6416073	-	1257	569	526	703	129	127	111	178	146	164
SC_RS31540	NC_003888.3	6416236	6417363	+	1128	1181	1168	1611	515	516	628	374	327	283
SC_RS31545	NC_003888.3	6417372	6418190	+	819	843	831	1096	381	380	445	302	232	227
SC_RS31550	NC_003888.3	6418707	6418880	-	174	161	168	191	496	393	459	637	580	473
SC_RS31555	NC_003888.3	6419308	6419961	+	654	450	397	577	116	154	157	670	629	663
SC_RS31560	NC_003888.3	6419968	6421212	+	1245	533	484	618	132	156	179	841	602	675
SC_RS31565	NC_003888.3	6421618	6421914	+	297	1693	1480	2068	1928	1730	2204	2587	2502	2038
SC_RS31570	NC_003888.3	6421928	6422881	+	954	910	785	1046	672	550	691	735	722	709
SC_RS31575	NC_003888.3	6422895	6423359	-	465	369	364	554	196	208	240	193	165	146
SC_RS31580	NC_003888.3	6423417	6424001	+	585	392	371	457	46	51	51	86	46	64
SC_RS31585	NC_003888.3	6423998	6424549	+	552	1236	1069	1468	585	664	833	609	620	505
SC_RS31590	NC_003888.3	6424551	6425303	+	753	2037	1891	2640	1228	1195	1305	910	982	838
SC_RS31595	NC_003888.3	6425493	6426185	+	693	130	123	152	80	67	81	86	57	61
SC_RS31600	NC_003888.3	6426319	6428865	+	2547	284	248	340	195	125	265	302	185	292
SC_RS31605	NC_003888.3	6428862	6429545	+	684	56	53	85	60	38	63	76	37	61
SC_RS31610	NC_003888.3	6429608	6430006	+	399	672	592	886	862	691	896	694	731	588
SC_RS31615	NC_003888.3	6430010	6430828	+	819	824	886	1131	898	882	999	840	899	737
SC_RS31620	NC_003888.3	6430947	6431627	-	681	683	665	834	400	340	335	295	281	259
SC_RS31625	NC_003888.3	6431627	6432298	-	672	555	601	771	271	249	289	235	241	220
SC_RS31630	NC_003888.3	6432812	6433618	+	807	28	18	31	1376	1144	1060	1171	1146	914
SC_RS31635	NC_003888.3	6433650	6436616	+	2967	69	60	79	2789	2339	2618	2570	2678	2187
SC_RS31640	NC_003888.3	6436613	6437788	+	1176	37	26	25	1373	1154	1390	1018	1197	822
SC_RS31645	NC_003888.3	6437814	6438134	+	321	21	14	16	840	725	743	816	913	659
SC_RS31650	NC_003888.3	6438206	6438859	-	654	558	436	602	761	586	596	1365	1222	1161
SC_RS31655	NC_003888.3	6439123	6440310	-	1188	3	2	6	64	42	40	226	174	188
SC_RS31660	NC_003888.3	6440423	6441289	-	867	5	5	3	82	61	62	277	280	285
SC_RS31665	NC_003888.3	6441276	6442166	-	891	6	2	15	142	124	119	438	469	436
SC_RS31670	NC_003888.3	6442174	6442614	-	441	4	4	4	56	33	36	235	246	219
SC_RS31675	NC_003888.3	6442753	6443976	-	1224	40	24	46	881	692	665	2602	3131	2911
SC_RS31680	NC_003888.3	6443973	6444218	-	246	14	6	10	225	167	166	854	970	746
SC_RS31685	NC_003888.3	6444587	6445594	+	1008	23	15	32	214	200	163	870	839	745
SC_RS31690	NC_003888.3	6445654	6445917	+	264	0	0	0	19	14	26	136	136	79
SC_RS31695	NC_003888.3	6445914	6447836	+	1923	32	21	45	446	321	363	1589	1714	1474
SC_RS31700	NC_003888.3	6447950	6449548	+	1599	12	13	17	150	119	144	643	530	560
SC_RS31705	NC_003888.3	6449576	6456442	+	6867	30	18	26	365	270	345	1689	1410	1399
SC_RS31710	NC_003888.3	6456446	6457489	+	1044	11	4	4	144	88	114	575	583	500
SC_RS31715	NC_003888.3	6457476	6458318	+	843	6	2	10	55	46	52	333	274	314
SC_RS31720	NC_003888.3	6458306	6459394	+	1089	8	4	8	265	161	198	717	797	736
SC_RS31725	NC_003888.3	6459417	6462218	+	2802	30	10	29	550	376	457	1867	1877	1759
SC_RS31730	NC_003888.3	6462296	6463483	+	1188	39	45	41	570	410	359	1981	2223	2081
SC_RS31735	NC_003888.3	6463526	6464206	+	681	30	33	28	473	342	312	1257	1437	1302
SC_RS31740	NC_003888.3	6464371	6465258	+	888	37	23	33	155	66	88	491	418	476
SC_RS31745	NC_003888.3	6465627	6467702	+	2076	759	670	912	329	290	311	343	205	210
SC_RS31750	NC_003888.3	6467755	6469131	+	1377	1349	1330	1710	206	188	231	273	190	223
SC_RS31755	NC_003888.3	6469404	6469560	-	157	9	4	9	0	1	0	23	2	17
SC_RS31760	NC_003888.3	6469741	6469851	+	111	8	6	11	0	3	0	12	3	6
SC_RS31765	NC_003888.3	6469872	6470134	+	263	7	4	13	1	0	1	25	4	20
SC_RS31770	NC_003888.3	6470494	6470790	-	297	12	13	22	5	7	10	38	11	18
SC_RS31775	NC_003888.3	6470909	6473452	-	2544	58	72	94	28	19	34	172	58	156
SC_RS31780	NC_003888.3	6473606	6474202	+	597	134	150	140	193	115	190	148	108	84
SC_RS31785	NC_003888.3	6474517	6474711	+	195	6	5	6	0	6	2	17	5	16
SC_RS31790	NC_003888.3	6474708	6474997	+	290	4	3	8	1	6	3	23	5	23
SC_RS31795	NC_003888.3	6475426	6476991	-	1566	23	24	30	43	47	51	174	78	146
SC_RS31800	NC_003888.3	6477438	6480035	+	2598	19	13	29	7	6	10	162	49	135
SC_RS31805	NC_003888.3	6480200	6481435	+	1236	7	5	5	7	5	7	99	19	73
SC_RS31810	NC_003888.3	6481608	6482600	-	993	327	346	440	299	229	308	366	359	354
SC_RS31815	NC_003888.3	6482843	6483358	+	516	19	14	13	30	35	35	63	52	56
SC_RS31820	NC_003888.3	6483660	6484187	+	528	9	1	10	7	3	4	45	5	52
SC_RS31825	NC_003888.3	6484965	6485303	+	339	35	25	32	37	27	43	66	51	79
SC_RS31830	NC_003888.3	6486286	6486441	+	156	39	51	56	132	120	111	163	136	128
SC_RS31835	NC_003888.3	6486961	6487272	-	312	248	259	353	4	2	6	56	38	77
SC_RS31840	NC_003888.3	6487321	6487725	-	405	463	404	563	5	13	15	67	58	104
SC_RS31845	NC_003888.3	6487772	6489268	-	1497	2267	1975	2583	20	38	78	276	238	389
SC_RS31850	NC_003888.3	6489617	6489820	-	204	11765	11220	15809	291	555	794	1387	1338	2076
SC_RS31855	NC_003888.3	6490462	6491442	-	981	48	53	72	43	39	41	96	48	77
SC_RS31860	NC_003888.3	6492065	6493150	-	1086	1	0	0	1	0	1	74	16	53
SC_RS31865	NC_003888.3	6493143	6494912	-	1770	5	1	3	4	2	5	87	21	94
SC_RS31870	NC_003888.3	6494967	6495239	-	273	1	1	1	0	0	1	12	7	13
SC_RS31875	NC_003888.3	6495215	6495736	-	522	1	2	4	3	0	0	25	7	39
SC_RS31880	NC_003888.3	6496282	6496983	-	702	23	22	18	8	8	13	67	15	62
SC_RS31885	NC_003888.3	6497270	6497367	-	98	6	3	10	0	4	1	13	4	8
SC_RS31890	NC_003888.3	6497455	6498183	-	729	53	47	62	12	12	16	58	17	65
SC_RS31895	NC_003888.3	6498253	6498675	+	423	23	13	32	6	4	2	35	11	31
SC_RS31900	NC_003888.3	6498718	6499377	+	660	21	17	20	2	0	5	52	12	39
SC_RS31905	NC_003888.3	6499512	6500945	-	1434	9	4	4	13	13	7	94	26	77
SC_RS31910	NC_003888.3	6501336	6502763	+	1428	1	4	3	4	2	3	111	23	72
SC_RS31915	NC_003888.3	6502747	6503922	-	1176	9	15	17	7	6	5	98	28	64
SC_RS31920	NC_003888.3	6504108	6504752	+	645	49	40	94	42	38	30	86	50	80
SC_RS31925	NC_003888.3	6504830	6505642	+	813	35	37	46	31	46	35	112	30	75
SC_RS31930	NC_003888.3	6505802	6506170	-	369	31	16	46	31	28	34	51	26	45
SC_RS31935	NC_003888.3	6506167	6506775	-	609	144	110	168	156	124	169	139	110	101
SC_RS31940	NC_003888.3	6506853	6507281	+	429	0	1	0	1	0	0	25	11	25
SC_RS31945	NC_003888.3	6507329	6507988	+	660	65	61	75	22	16	19	42	26	42
SC_RS31950	NC_003888.3	6507985	6509133	+	1149	22	19	31	11	10	7	82	25	60
SC_RS31955	NC_003888.3	6509216	6509833	+	618	75	87	120	70	56	88	90	55	69
SC_RS31960	NC_003888.3	6510025	6510810	+	786	2	2	2	1	1	1	42	6	26
SC_RS31965	NC_003888.3	6510803	6511951	+	1149	5	3	3	5	1	2	76	16	56
SC_RS31970	NC_003888.3	6511957	6513768	+	1812	5	3	5	0	2	1	100	21	78
SC_RS31975	NC_003888.3	6513783	6514538	+	756	4	7	10	8	7	8	45	19	38
SC_RS31980	NC_003888.3	6514553	6515950	+	1398	8	6	7	1	8	9	86	24	58
SC_RS31985	NC_003888.3	6515947	6517140	+	1194	5	8	7	8	9	4	91	23	76
SC_RS31990	NC_003888.3	6517425	6517973	+	549	10	7	14	5	8	10	48	12	40
SC_RS31995	NC_003888.3	6518093	6519544	-	1452	6	12	2	17	19	20	100	30	87
SC_RS32000	NC_003888.3	6519692	6520303	+	612	58	55	90	143	164	149	164	113	110
SC_RS32005	NC_003888.3	6520547	6521299	+	753	89	69	106	2114	1734	1686	1423	1313	1232
SC_RS32010	NC_003888.3	6521302	6524043	+	2742	30	19	24	616	442	584	560	486	465
SC_RS32015	NC_003888.3	6524142	6526439	+	2298	10	7	7	111	117	120	236	87	186
SC_RS32020	NC_003888.3	6526506	6526940	-	435	128	102	162	150	147	169	233	263	305
SC_RS32025	NC_003888.3	6527068	6527715	+	648	100	85	86	11	19	15	56	24	53
SC_RS32030	NC_003888.3	6527871	6529472	+	1602	96	89	100	68	36	60	99	29	98
SC_RS32035	NC_003888.3	6529489	6530343	-	855	145	129	154	141	139	149	157	102	133
SC_RS32040	NC_003888.3	6530340	6531089	-	750	133	122	151	217	188	205	159	115	161
SC_RS32045	NC_003888.3	6531090	6531446	-	357	58	50	80	209	163	230	130	126	116
SC_RS32050	NC_003888.3	6531443	6532141	-	699	161	105	165	663	594	737	350	300	267
SC_RS32055	NC_003888.3	6532428	6533018	-	591	10	12	14	9	9	10	46	19	37
SC_RS32060	NC_003888.3	6533083	6533544	-	462	0	0	0	0	0	0	22	7	25
SC_RS32065	NC_003888.3	6533655	6535013	-	1359	20	8	10	0	9	13	96	28	88
SC_RS32070	NC_003888.3	6535301	6535768	+	468	3	6	5	8	12	10	58	11	35
SC_RS32075	NC_003888.3	6535912	6539055	-	3144	22	24	19	23	15	24	235	64	166
SC_RS32080	NC_003888.3	6539278	6539670	+	393	897	828	1116	447	334	310	505	426	439
SC_RS32085	NC_003888.3	6539766	6540974	+	1209	483	477	604	76	57	60	117	76	98
SC_RS32090	NC_003888.3	6540971	6541324	+	354	8	13	6	21	21	8	18	13	27
SC_RS32095	NC_003888.3	6541507	6541977	+	471	21	20	16	120	106	112	620	591	574
SC_RS32100	NC_003888.3	6542306	6543229	+	924	785	743	891	480	488	606	497	456	401
SC_RS32105	NC_003888.3	6543401	6544900	+	1500	238	228	273	34	53	51	118	54	68
SC_RS32110	NC_003888.3	6544897	6547509	+	2613	335	319	384	90	87	118	213	90	175
SC_RS32115	NC_003888.3	6547561	6548856	-	1296	14	8	15	2	0	4	88	16	74
SC_RS32120	NC_003888.3	6549081	6550304	+	1224	38	56	62	558	414	688	553	595	497
SC_RS32125	NC_003888.3	6550399	6551406	+	1008	61	40	94	99	64	101	138	71	100
SC_RS32130	NC_003888.3	6551536	6552975	+	1440	135	122	162	10	17	8	109	25	113
SC_RS32135	NC_003888.3	6552935	6553375	-	441	81	79	102	14	7	11	54	46	64
SC_RS32140	NC_003888.3	6553552	6554379	+	828	11	11	11	2	4	4	70	15	45
SC_RS32145	NC_003888.3	6554384	6556789	+	2406	6	2	9	8	1	5	148	26	123
SC_RS32150	NC_003888.3	6556777	6557688	-	912	41	36	49	4	5	7	46	16	46
SC_RS32155	NC_003888.3	6557772	6558617	-	846	559	518	578	86	68	77	71	26	55
SC_RS32160	NC_003888.3	6558619	6560373	-	1755	6	8	15	9	9	3	112	50	100
SC_RS32165	NC_003888.3	6560442	6561617	+	1176	3	1	5	3	2	1	85	27	62
SC_RS32170	NC_003888.3	6561614	6562012	+	399	2	0	1	1	2	4	25	2	26
SC_RS32175	NC_003888.3	6562040	6562867	+	828	20	33	27	45	61	52	119	70	90
SC_RS32180	NC_003888.3	6562884	6563093	-	210	27	33	41	12	9	11	181	257	290
SC_RS32185	NC_003888.3	6563335	6563778	+	444	2	1	3	3	3	2	36	9	44
SC_RS32190	NC_003888.3	6563897	6564742	-	846	2	3	10	3	7	2	61	11	48
SC_RS32195	NC_003888.3	6565263	6565649	+	387	242	215	288	104	103	157	130	132	108
SC_RS32200	NC_003888.3	6565701	6566195	+	495	24	33	41	14	12	10	39	11	52
SC_RS32205	NC_003888.3	6566262	6567074	+	813	22	25	35	2	6	11	65	18	25
SC_RS32210	NC_003888.3	6567071	6567973	+	903	30	25	44	10	16	13	63	22	46
SC_RS32215	NC_003888.3	6568057	6568779	+	723	33	18	38	875	751	650	704	691	539
SC_RS32220	NC_003888.3	6568746	6571592	+	2847	39	40	41	1177	928	986	1093	998	888
SC_RS32225	NC_003888.3	6572032	6572550	+	519	15	14	29	7	4	1	47	11	55
SC_RS32230	NC_003888.3	6573186	6574715	-	1530	612	676	876	785	1004	1140	661	602	515
SC_RS32235	NC_003888.3	6574802	6574999	-	198	36	32	46	48	44	49	119	100	90
SC_RS32240	NC_003888.3	6575305	6578019	+	2715	7015	7091	8546	1731	1561	3052	1167	1183	1004
SC_RS32245	NC_003888.3	6578257	6578481	+	225	170	120	215	188	195	186	260	215	229
SC_RS32250	NC_003888.3	6578743	6579135	-	393	67	66	86	77	70	43	115	105	127
SC_RS32255	NC_003888.3	6579213	6580073	-	861	113	108	131	220	170	144	321	264	277
SC_RS32260	NC_003888.3	6580256	6584062	-	3807	40	35	44	257	226	269	361	198	296
SC_RS32265	NC_003888.3	6584690	6586033	+	1344	68	81	111	277	239	277	360	344	331
SC_RS32270	NC_003888.3	6586041	6587102	+	1062	48	46	37	145	119	134	173	147	163
SC_RS32275	NC_003888.3	6587099	6588007	+	909	18	26	22	87	80	69	112	74	101
SC_RS32280	NC_003888.3	6588242	6589453	+	1212	341	345	413	1147	1032	1485	508	671	521
SC_RS32285	NC_003888.3	6589587	6590690	+	1104	1994	2273	2637	1161	996	1422	406	583	409
SC_RS32290	NC_003888.3	6590850	6591641	+	792	955	1091	1155	237	225	370	124	137	127
SC_RS32295	NC_003888.3	6591638	6592930	+	1293	1365	1406	1522	366	364	445	187	182	142
SC_RS32300	NC_003888.3	6593034	6594557	-	1524	2	12	13	4	1	0	103	20	90
SC_RS32305	NC_003888.3	6594926	6596854	+	1929	1469	1447	1885	2044	1919	2538	1107	953	832
SC_RS32310	NC_003888.3	6597042	6598553	+	1512	77	65	79	77	62	101	190	91	165
SC_RS32315	NC_003888.3	6598656	6599033	-	378	39	32	62	30	47	46	77	74	83
SC_RS32320	NC_003888.3	6599193	6600001	+	809	0	0	1	2	2	0	19	4	30
SC_RS32325	NC_003888.3	6600024	6601049	+	1026	62	84	92	44	44	80	96	47	68
SC_RS32330	NC_003888.3	6601234	6602355	+	1122	1693	1531	2199	117	109	113	253	237	240
SC_RS32335	NC_003888.3	6602452	6603552	-	1101	436	425	561	16	27	22	83	50	79
SC_RS32340	NC_003888.3	6603996	6605621	+	1626	284	240	319	30	16	29	120	39	97
SC_RS32345	NC_003888.3	6605637	6607259	+	1623	107	92	128	9	9	15	88	17	72
SC_RS32350	NC_003888.3	6607256	6609016	+	1761	51	52	64	8	1	4	118	18	80
SC_RS32355	NC_003888.3	6609013	6611106	+	2094	187	174	208	15	11	20	119	29	90
SC_RS32360	NC_003888.3	6611138	6613105	+	1968	188	181	229	13	13	14	125	31	93
SC_RS32365	NC_003888.3	6613171	6615300	-	2130	2439	2659	3149	1943	1861	2222	1654	1792	1675
SC_RS32370	NC_003888.3	6615297	6616514	-	1218	1946	2013	2369	1053	1024	1236	902	1051	855
SC_RS32375	NC_003888.3	6616708	6617994	-	1287	874	884	1177	1205	1044	1271	1011	1021	897
SC_RS32380	NC_003888.3	6618177	6618839	-	663	7	2	7	28	26	27	67	22	41
SC_RS32385	NC_003888.3	6619133	6619849	-	717	76	77	100	123	154	166	175	116	127
SC_RS32390	NC_003888.3	6620001	6621068	+	1068	1529	1439	1948	551	511	804	393	376	357
SC_RS32395	NC_003888.3	6621097	6622617	-	1521	46	46	50	23	33	28	107	41	93
SC_RS32400	NC_003888.3	6623033	6624127	+	1095	14	9	11	22	31	31	105	39	78
SC_RS32405	NC_003888.3	6624109	6625437	+	1329	6	8	12	5	17	12	106	33	67
SC_RS32410	NC_003888.3	6625434	6626642	+	1209	2	3	4	5	11	14	57	22	58
SC_RS32415	NC_003888.3	6626635	6627204	+	570	1	1	2	5	5	12	38	11	34
SC_RS32420	NC_003888.3	6627211	6628443	+	1233	18	11	13	11	9	10	83	27	63
SC_RS32425	NC_003888.3	6628480	6629298	-	819	13	16	12	27	15	18	114	70	88
SC_RS32430	NC_003888.3	6629434	6629790	+	357	28	26	24	39	25	31	155	133	133
SC_RS32435	NC_003888.3	6629805	6631202	-	1398	185	187	240	221	190	239	215	201	180
SC_RS32440	NC_003888.3	6631230	6632213	-	984	64	43	56	18	15	24	84	55	64
SC_RS32445	NC_003888.3	6632494	6633978	+	1485	619	521	671	528	501	536	2436	3403	3033
SC_RS32450	NC_003888.3	6633983	6634714	+	732	1914	1965	2567	1938	1846	2068	1367	1608	1320
SC_RS32455	NC_003888.3	6634715	6636316	-	1602	68	82	80	111	81	58	155	65	119
SC_RS32460	NC_003888.3	6636431	6637228	-	798	60	58	66	320	267	252	199	170	166
SC_RS32465	NC_003888.3	6637343	6638659	-	1317	1027	983	1239	150	93	134	1322	1793	1640
SC_RS32470	NC_003888.3	6638803	6639552	-	750	173	165	211	111	107	128	141	105	99
SC_RS32475	NC_003888.3	6639597	6640451	+	855	37	37	58	17	16	31	82	35	58
SC_RS32480	NC_003888.3	6640448	6641122	+	675	39	40	54	38	26	45	77	37	43
SC_RS32485	NC_003888.3	6641114	6641344	-	231	54	69	72	130	85	97	105	119	108
SC_RS32490	NC_003888.3	6641362	6642231	-	870	5	1	3	3	6	3	53	6	47
SC_RS32495	NC_003888.3	6642322	6643845	-	1524	25	20	30	16	11	8	91	35	84
SC_RS32500	NC_003888.3	6643915	6645312	-	1398	37	31	45	27	12	13	106	44	70
SC_RS32505	NC_003888.3	6645402	6646190	-	789	53	61	55	131	84	102	247	246	231
SC_RS32510	NC_003888.3	6646291	6647781	-	1491	138	135	204	83	70	81	201	98	129
SC_RS32515	NC_003888.3	6647790	6648371	-	582	50	29	53	9	5	15	56	18	31
SC_RS32520	NC_003888.3	6648450	6648851	-	402	51	49	53	23	20	18	85	61	67
SC_RS32525	NC_003888.3	6649041	6650153	-	1113	241	188	262	76	92	88	129	68	109
SC_RS32530	NC_003888.3	6650674	6651471	+	798	77	83	108	46	56	50	98	40	79
SC_RS32535	NC_003888.3	6651688	6652161	+	474	88	94	106	409	313	399	324	330	276
SC_RS32540	NC_003888.3	6652235	6653623	+	1389	591	558	761	333	262	390	280	234	233
SC_RS32545	NC_003888.3	6653637	6654044	+	408	414	418	486	2044	1601	2299	968	1038	729
SC_RS32550	NC_003888.3	6654289	6655458	+	1170	289	232	275	238	214	296	193	145	167
SC_RS32555	NC_003888.3	6655455	6656168	+	714	68	67	72	44	37	70	62	32	51
SC_RS32560	NC_003888.3	6656165	6656830	+	666	37	39	59	35	19	56	70	28	52
SC_RS32565	NC_003888.3	6656904	6657866	+	963	522	436	567	510	452	591	369	292	342
SC_RS32570	NC_003888.3	6657898	6658509	-	612	66	79	116	84	74	71	121	64	71
SC_RS32575	NC_003888.3	6658496	6658855	-	360	49	35	53	31	31	28	36	32	25
SC_RS32580	NC_003888.3	6658857	6659276	-	420	64	74	97	72	60	71	116	123	75
SC_RS32585	NC_003888.3	6659273	6661906	-	2634	232	259	329	299	224	301	381	287	266
SC_RS32590	NC_003888.3	6661975	6662988	-	1014	173	114	185	100	98	141	125	81	128
SC_RS32595	NC_003888.3	6663344	6663991	+	648	167	168	196	95	103	106	125	75	80
SC_RS32600	NC_003888.3	6664852	6666069	+	1218	49	33	51	56	40	55	127	44	81
SC_RS32605	NC_003888.3	6666219	6668399	+	2181	29	38	44	1118	996	1409	731	545	645
SC_RS32610	NC_003888.3	6668483	6669124	+	642	40	27	24	174	178	185	103	82	84
SC_RS32615	NC_003888.3	6669117	6669872	-	756	653	623	825	144	126	121	152	76	98
SC_RS32620	NC_003888.3	6670057	6671187	+	1131	70	57	79	355	295	315	229	202	188
SC_RS32625	NC_003888.3	6671244	6672188	+	945	48	47	57	228	193	151	172	123	137
SC_RS32630	NC_003888.3	6672199	6673944	-	1746	42	57	74	1309	1132	1158	527	392	442
SC_RS32635	NC_003888.3	6674122	6674673	+	552	140	116	184	207	179	219	218	127	166
SC_RS32640	NC_003888.3	6674899	6676224	+	1326	15	13	9	65	49	63	182	92	119
SC_RS32645	NC_003888.3	6676232	6678649	-	2418	62	60	72	69	52	59	217	113	189
SC_RS32650	NC_003888.3	6678718	6680826	-	2109	152	150	212	331	288	343	307	209	246
SC_RS32655	NC_003888.3	6681383	6682630	+	1248	558	485	696	376	349	503	265	243	286
SC_RS32660	NC_003888.3	6682745	6683479	+	735	1205	1178	1604	232	182	219	257	210	213
SC_RS32665	NC_003888.3	6683518	6684384	-	867	281	223	335	73	85	83	155	119	151
SC_RS32670	NC_003888.3	6684546	6685493	+	948	77	84	82	27	13	16	71	46	74
SC_RS32675	NC_003888.3	6685490	6686323	+	834	28	34	50	10	13	10	45	22	52
SC_RS32680	NC_003888.3	6686323	6687615	+	1293	76	75	68	28	15	22	105	36	84
SC_RS32685	NC_003888.3	6687926	6688708	+	783	7	9	4	3	0	5	48	11	40
SC_RS32690	NC_003888.3	6688705	6689961	+	1257	73	73	85	39	42	46	115	46	92
SC_RS32695	NC_003888.3	6690041	6692311	-	2271	165	115	164	192	106	81	413	409	440
SC_RS32700	NC_003888.3	6692660	6693208	+	549	63	63	97	76	75	98	91	52	86
SC_RS32705	NC_003888.3	6693222	6693968	-	747	40	26	76	380	274	312	101	88	73
SC_RS32710	NC_003888.3	6693977	6694888	-	912	108	63	143	1321	1022	1227	324	209	183
SC_RS32715	NC_003888.3	6694875	6695669	-	795	98	84	186	1198	984	1304	281	165	177
SC_RS32720	NC_003888.3	6695702	6696805	-	1104	256	174	313	1878	1484	2215	427	276	249
SC_RS32725	NC_003888.3	6697066	6698421	-	1356	556	438	858	6205	5155	6313	1175	892	763
SC_RS32730	NC_003888.3	6698424	6699362	-	939	396	296	505	4167	3439	4651	929	689	551
SC_RS32735	NC_003888.3	6699359	6700003	-	645	208	191	342	2449	1917	2537	580	463	343
SC_RS32740	NC_003888.3	6700005	6700715	-	711	225	176	372	3990	3081	4582	1058	973	729
SC_RS32745	NC_003888.3	6700712	6700891	-	180	15	9	27	186	148	230	39	47	31
SC_RS32750	NC_003888.3	6700888	6702585	-	1698	492	362	832	7599	6090	9548	1583	1171	911
SC_RS32755	NC_003888.3	6702736	6702819	-	84	12	7	7	48	38	106	34	10	12
SC_RS32760	NC_003888.3	6702969	6703541	-	573	129	128	191	210	226	210	110	75	83
SC_RS32765	NC_003888.3	6703618	6704931	-	1314	778	722	1010	3144	2707	3347	3728	4058	3759
SC_RS32770	NC_003888.3	6705148	6706437	-	1290	78	73	102	158	168	158	171	101	149
SC_RS32775	NC_003888.3	6706680	6708353	-	1674	202	140	188	557	473	522	422	365	350
SC_RS32780	NC_003888.3	6708454	6709614	+	1161	251	219	311	173	151	204	216	126	146
SC_RS32785	NC_003888.3	6709861	6711471	+	1611	416	422	550	1628	1455	2210	292	228	216
SC_RS32790	NC_003888.3	6711507	6713030	+	1524	201	184	271	985	879	1478	232	149	165
SC_RS32795	NC_003888.3	6713089	6714015	-	927	21	23	38	44	34	26	67	25	59
SC_RS32800	NC_003888.3	6714012	6715769	-	1758	33	32	42	30	36	35	78	33	83
SC_RS32805	NC_003888.3	6715766	6716659	-	894	11	19	19	13	16	18	72	18	48
SC_RS32810	NC_003888.3	6716656	6717615	-	960	12	14	7	14	11	14	60	20	49
SC_RS32815	NC_003888.3	6717677	6719485	-	1809	22	23	36	17	22	16	128	51	101
SC_RS32820	NC_003888.3	6719695	6720918	+	1224	55	59	65	28	32	21	95	41	98
SC_RS32825	NC_003888.3	6720968	6722509	+	1542	34	34	60	34	24	34	134	45	88
SC_RS32830	NC_003888.3	6722506	6723300	+	795	36	19	22	16	29	21	44	11	32
SC_RS32835	NC_003888.3	6723358	6724296	+	939	72	56	89	96	84	119	120	87	108
SC_RS32840	NC_003888.3	6724307	6724990	+	684	42	32	58	61	29	54	64	26	56
SC_RS32845	NC_003888.3	6725136	6725624	+	489	104	99	128	27	17	22	50	34	42
SC_RS32850	NC_003888.3	6725692	6726270	-	579	297	311	391	88	80	88	137	80	89
SC_RS32855	NC_003888.3	6726363	6726809	+	447	25	16	50	7	11	8	45	13	49
SC_RS32860	NC_003888.3	6726883	6727275	-	393	9	5	14	6	9	8	30	13	20
SC_RS32865	NC_003888.3	6727376	6727561	-	186	1	3	4	2	2	6	18	7	18
SC_RS32870	NC_003888.3	6727703	6728032	+	330	59	45	68	33	26	43	60	61	56
SC_RS32875	NC_003888.3	6728081	6728752	+	672	86	73	85	57	50	52	70	49	89
SC_RS32880	NC_003888.3	6728774	6729088	-	315	161	148	240	211	131	150	216	169	176
SC_RS32885	NC_003888.3	6729231	6730739	+	1509	41	27	54	299	203	371	299	237	263
SC_RS32890	NC_003888.3	6730693	6730926	-	234	128	119	161	316	263	253	275	228	213
SC_RS32895	NC_003888.3	6730923	6731741	-	819	14	8	17	118	126	144	245	186	223
SC_RS32900	NC_003888.3	6731827	6732270	+	444	11	3	4	10	11	9	41	9	27
SC_RS32905	NC_003888.3	6732336	6733691	-	1356	221	200	282	415	451	414	167	91	114
SC_RS32910	NC_003888.3	6733884	6734480	-	597	83	67	78	38	32	41	42	32	33
SC_RS32915	NC_003888.3	6734477	6735859	-	1383	263	244	356	130	91	124	155	95	132
SC_RS32920	NC_003888.3	6735856	6736854	-	999	160	145	225	87	78	91	124	77	111
SC_RS32925	NC_003888.3	6736851	6737525	-	675	71	74	73	40	37	43	52	37	58
SC_RS32930	NC_003888.3	6737522	6738478	-	957	552	482	680	163	116	145	211	157	189
SC_RS32935	NC_003888.3	6738552	6739466	-	915	69	54	72	36	48	49	96	39	70
SC_RS32940	NC_003888.3	6739627	6740469	+	843	5	8	11	9	8	12	50	18	65
SC_RS32945	NC_003888.3	6740466	6741632	+	1167	156	133	200	237	193	249	169	146	149
SC_RS32950	NC_003888.3	6741629	6742288	+	660	71	81	104	98	100	105	113	45	76
SC_RS32955	NC_003888.3	6742307	6742843	-	537	12	17	22	35	14	27	81	48	64
SC_RS32960	NC_003888.3	6742964	6743446	+	483	3	3	6	1	1	4	43	5	30
SC_RS32965	NC_003888.3	6743443	6744198	+	756	9	12	23	10	6	11	60	15	44
SC_RS32970	NC_003888.3	6744201	6744770	-	570	187	154	212	125	100	118	186	125	163
SC_RS32975	NC_003888.3	6744922	6746640	+	1719	5	10	12	3953	3895	3897	390	271	256
SC_RS32980	NC_003888.3	6746637	6747161	+	525	22	23	40	751	605	630	77	54	61
SC_RS32985	NC_003888.3	6747192	6748448	-	1257	237	214	280	120	118	138	182	126	157
SC_RS32990	NC_003888.3	6748555	6749883	+	1329	1223	1344	1653	962	753	1066	1139	1148	1020
SC_RS32995	NC_003888.3	6750131	6751231	+	1101	264	259	315	40	38	47	110	45	95
SC_RS33000	NC_003888.3	6751253	6752737	+	1485	36	36	44	125	90	106	135	85	121
SC_RS33005	NC_003888.3	6752734	6753294	+	561	20	29	31	111	101	95	142	128	122
SC_RS33010	NC_003888.3	6753257	6753739	-	483	36	41	48	28	28	14	107	46	55
SC_RS33015	NC_003888.3	6753801	6754784	-	984	200	183	246	120	103	89	232	135	160
SC_RS33020	NC_003888.3	6755074	6756879	+	1806	41	33	47	694	611	691	763	687	735
SC_RS33025	NC_003888.3	6756908	6758650	+	1743	18	13	21	369	434	510	330	269	264
SC_RS33030	NC_003888.3	6758794	6759201	+	408	18	9	22	142	91	137	211	192	174
SC_RS33035	NC_003888.3	6759259	6760323	-	1065	1028	1009	1458	2255	1937	1628	1191	1119	903
SC_RS33040	NC_003888.3	6760581	6761426	-	846	361	240	423	827	781	1058	966	889	875
SC_RS33045	NC_003888.3	6761595	6762416	+	822	605	452	736	199	196	194	317	274	306
SC_RS33050	NC_003888.3	6762662	6765049	-	2388	17	11	28	12	14	12	154	33	115
SC_RS33055	NC_003888.3	6765129	6765518	-	390	4	7	8	4	3	7	11	7	6
SC_RS33060	NC_003888.3	6765623	6766405	-	783	27	25	30	26	29	17	61	30	79
SC_RS33065	NC_003888.3	6766414	6767361	-	948	52	54	79	95	70	96	140	63	102
SC_RS33070	NC_003888.3	6767705	6768031	+	327	1	3	0	0	0	1	39	6	17
SC_RS33075	NC_003888.3	6768098	6768478	+	381	2	0	0	1	1	1	22	8	19
SC_RS33080	NC_003888.3	6768475	6769299	+	825	8	3	5	3	2	1	62	16	50
SC_RS33085	NC_003888.3	6770134	6770778	+	645	1	3	5	6	2	3	56	13	49
SC_RS33090	NC_003888.3	6770801	6771589	-	789	75	48	89	91	40	74	153	109	139
SC_RS33095	NC_003888.3	6771761	6773470	-	1710	951	866	1221	333	279	286	314	196	250
SC_RS33100	NC_003888.3	6773787	6774677	+	891	39	32	38	1	10	14	119	83	132
SC_RS33105	NC_003888.3	6774677	6775267	+	591	15	13	18	4	5	4	47	29	49
SC_RS33110	NC_003888.3	6775270	6777756	+	2487	33	29	40	21	5	6	234	101	157
SC_RS33115	NC_003888.3	6777908	6779365	+	1458	9	9	16	3	4	3	119	38	100
SC_RS33120	NC_003888.3	6779417	6780604	+	1188	12	4	10	4	2	6	91	44	85
SC_RS33125	NC_003888.3	6780609	6781592	+	984	14	6	13	135	88	69	97	36	52
SC_RS33130	NC_003888.3	6781601	6782482	-	882	109	94	120	2687	2568	2609	314	230	194
SC_RS33135	NC_003888.3	6782568	6783008	-	441	599	558	707	127	111	136	147	143	136
SC_RS33140	NC_003888.3	6783029	6783853	-	825	1043	1112	1174	171	153	204	151	123	139
SC_RS33145	NC_003888.3	6783983	6784975	+	993	238	234	270	72	93	82	147	122	147
SC_RS33150	NC_003888.3	6785096	6786736	+	1641	7	10	6	8	1	3	96	31	77
SC_RS33155	NC_003888.3	6786733	6787767	+	1035	2	0	0	0	0	1	56	10	40
SC_RS33160	NC_003888.3	6787764	6788621	+	858	0	0	1	1	0	2	42	5	39
SC_RS33165	NC_003888.3	6788618	6789625	+	1008	0	1	2	1	2	0	52	13	44
SC_RS33170	NC_003888.3	6789622	6790572	+	951	3	3	6	3	1	0	58	14	32
SC_RS33175	NC_003888.3	6790569	6791789	+	1221	1	3	2	4	2	2	91	16	44
SC_RS33180	NC_003888.3	6791786	6792481	+	696	1	0	1	3	1	3	40	10	28
SC_RS33185	NC_003888.3	6792490	6793869	+	1380	0	1	1	2	0	1	64	19	46
SC_RS33190	NC_003888.3	6794550	6795566	+	1017	2	2	3	3	4	2	62	8	63
SC_RS33195	NC_003888.3	6795563	6796516	+	954	0	1	0	3	1	3	52	11	58
SC_RS33200	NC_003888.3	6796513	6797409	+	897	5	4	3	1	0	0	64	10	56
SC_RS33205	NC_003888.3	6797459	6798373	-	915	8	7	4	2	3	7	76	32	69
SC_RS33210	NC_003888.3	6798812	6799918	+	1107	16	7	25	30	23	39	102	31	79
SC_RS33215	NC_003888.3	6800241	6803072	-	2832	257	273	354	406	290	355	313	251	286
SC_RS33220	NC_003888.3	6803232	6804071	-	840	61	42	56	92	71	80	228	220	271
SC_RS33225	NC_003888.3	6804196	6805872	+	1677	46	46	66	464	414	407	282	196	272
SC_RS33230	NC_003888.3	6805869	6807494	+	1626	40	40	49	423	350	406	267	190	252
SC_RS33235	NC_003888.3	6807680	6808222	-	543	157	159	216	12034	8432	8086	1438	1378	1055
SC_RS33240	NC_003888.3	6808799	6812269	+	3471	32	25	31	12651	11690	16019	1403	1414	1084
SC_RS33245	NC_003888.3	6812501	6814648	+	2148	46	37	47	4398	3914	5377	674	589	522
SC_RS33250	NC_003888.3	6814657	6815349	-	693	19	14	15	234	192	212	413	353	410
SC_RS33255	NC_003888.3	6815497	6817281	+	1785	8	9	14	31	21	38	122	44	111
SC_RS33260	NC_003888.3	6817450	6818094	-	645	15	6	4	39	33	35	236	288	258
SC_RS33265	NC_003888.3	6818162	6818422	-	261	1	0	1	5	5	5	22	8	12
SC_RS33270	NC_003888.3	6818863	6820326	-	1464	14	13	18	44	34	31	139	73	111
SC_RS33275	NC_003888.3	6820531	6821421	-	891	10	12	15	46	66	55	131	110	107
SC_RS33280	NC_003888.3	6821469	6822308	-	840	22	12	11	46	53	51	101	80	107
SC_RS33285	NC_003888.3	6822451	6822717	+	267	94	63	107	394	358	311	266	232	229
SC_RS33290	NC_003888.3	6822714	6823082	+	369	71	65	90	321	339	338	157	194	133
SC_RS33295	NC_003888.3	6823232	6823747	+	516	12	8	7	22	42	38	63	28	53
SC_RS33300	NC_003888.3	6823744	6824145	+	402	16	11	9	32	21	25	43	27	20
SC_RS33305	NC_003888.3	6824153	6825088	+	936	17	6	18	52	65	64	87	52	84
SC_RS33310	NC_003888.3	6825153	6826568	+	1416	5	4	7	16	24	28	87	31	71
SC_RS33315	NC_003888.3	6826642	6828039	+	1398	12	8	13	21	25	25	93	19	86
SC_RS33320	NC_003888.3	6828295	6829683	+	1389	8	5	16	15	14	16	103	42	78
SC_RS33325	NC_003888.3	6830005	6830142	+	138	32	18	35	27	13	10	22	10	23
SC_RS33330	NC_003888.3	6830158	6830580	-	423	395	381	484	270	233	259	163	152	136
SC_RS33335	NC_003888.3	6830637	6831287	-	651	881	703	1085	292	221	267	222	183	199
SC_RS33340	NC_003888.3	6831346	6831945	-	600	746	667	939	672	457	563	372	288	309
SC_RS33345	NC_003888.3	6832135	6835920	+	3786	1639	1613	2041	1394	1122	1312	486	341	385
SC_RS33350	NC_003888.3	6836057	6842608	+	6552	1506	1428	1877	1007	794	1092	605	290	511
SC_RS33355	NC_003888.3	6842700	6843161	+	462	74	92	129	38	23	46	46	21	53
SC_RS33360	NC_003888.3	6843172	6844380	-	1209	319	305	348	173	166	175	230	147	197
SC_RS33365	NC_003888.3	6844468	6845118	+	651	39	36	58	11	14	16	76	34	46
SC_RS33370	NC_003888.3	6845172	6845987	-	816	1332	1269	1688	261	262	284	115	79	110
SC_RS33375	NC_003888.3	6845987	6847252	-	1266	2615	2432	3003	480	472	584	210	134	135
SC_RS33380	NC_003888.3	6847315	6848841	-	1527	34	33	32	34	22	31	112	51	98
SC_RS33385	NC_003888.3	6848969	6850522	+	1554	25	19	31	25	22	22	107	32	84
SC_RS33390	NC_003888.3	6850590	6851204	+	615	73	75	101	146	119	149	194	248	260
SC_RS33395	NC_003888.3	6851212	6852093	-	882	3	6	3	4	2	2	43	19	50
SC_RS33400	NC_003888.3	6852090	6853064	-	975	4	2	3	3	4	1	32	14	41
SC_RS33405	NC_003888.3	6853107	6854429	-	1323	21	13	5	10	8	9	82	38	78
SC_RS33410	NC_003888.3	6854701	6857163	+	2463	29	28	36	38	21	29	165	41	129
SC_RS33415	NC_003888.3	6857160	6858188	+	1029	124	88	147	106	108	141	196	141	167
SC_RS33420	NC_003888.3	6858440	6859594	+	1155	4	8	5	10	6	6	80	19	59
SC_RS33425	NC_003888.3	6859658	6859903	-	246	49	43	50	124	107	135	123	79	69
SC_RS33430	NC_003888.3	6859900	6860733	-	834	20	9	16	34	43	28	114	54	88
SC_RS33435	NC_003888.3	6860882	6861364	+	483	1	2	2	2	2	3	45	8	37
SC_RS33440	NC_003888.3	6861417	6862082	+	666	20	21	19	23	26	35	73	19	43
SC_RS33445	NC_003888.3	6862307	6863275	-	969	9	5	8	15	21	16	81	32	71
SC_RS33450	NC_003888.3	6863358	6864092	-	735	8	3	8	13	11	6	80	35	61
SC_RS33455	NC_003888.3	6864326	6864658	+	333	2	0	0	0	2	0	37	10	27
SC_RS33460	NC_003888.3	6864755	6865669	+	915	71	74	81	45	54	52	61	33	65
SC_RS33465	NC_003888.3	6865736	6867358	-	1623	78	79	84	357	364	399	346	318	268
SC_RS33470	NC_003888.3	6867543	6868166	-	624	18	16	25	53	48	49	56	43	64
SC_RS33475	NC_003888.3	6868320	6868634	+	315	58	44	56	403	326	253	355	313	292
SC_RS33480	NC_003888.3	6868657	6869469	-	813	224	202	277	89	107	123	139	63	112
SC_RS33485	NC_003888.3	6869725	6871062	+	1338	37	40	36	183	164	150	237	163	234
SC_RS33490	NC_003888.3	6871127	6872257	+	1131	33	48	64	108	98	90	141	106	148
SC_RS33495	NC_003888.3	6872329	6873105	-	777	5	7	5	13	12	6	52	14	40
SC_RS33500	NC_003888.3	6873230	6873760	+	531	2	3	4	5	1	4	40	6	51
SC_RS33505	NC_003888.3	6873849	6874406	+	558	0	0	0	0	1	0	36	13	26
SC_RS33510	NC_003888.3	6874704	6874904	-	201	3	0	2	1	0	0	18	2	20
SC_RS33515	NC_003888.3	6875083	6876336	+	1254	23	25	31	37	34	33	127	46	98
SC_RS33520	NC_003888.3	6876381	6877070	+	690	48	35	62	28	36	32	66	33	44
SC_RS33525	NC_003888.3	6877162	6878175	-	1014	55	49	66	97	93	83	168	94	142
SC_RS33530	NC_003888.3	6878304	6879041	+	738	56	59	84	57	75	67	107	57	98
SC_RS33535	NC_003888.3	6879297	6880301	+	1005	523	518	647	21	32	41	84	39	57
SC_RS33540	NC_003888.3	6880298	6881338	+	1041	242	226	309	15	16	26	72	25	61
SC_RS33545	NC_003888.3	6881335	6882126	+	792	209	189	218	6	6	12	63	15	48
SC_RS33550	NC_003888.3	6882242	6883390	+	1149	330	340	376	156	147	160	141	75	109
SC_RS33555	NC_003888.3	6883387	6883968	+	582	149	117	161	77	73	95	96	60	69
SC_RS33560	NC_003888.3	6884138	6887071	+	2934	1337	1210	1764	259	217	256	342	234	341
SC_RS33565	NC_003888.3	6887515	6889461	+	1947	233	228	262	66	52	59	165	74	138
SC_RS33570	NC_003888.3	6889624	6890412	+	789	329	251	353	815	710	752	723	924	818
SC_RS33575	NC_003888.3	6890528	6891175	-	648	174	121	180	1026	964	1022	327	285	238
SC_RS33580	NC_003888.3	6891293	6892237	+	945	17	10	22	266	219	228	136	84	94
SC_RS33585	NC_003888.3	6892353	6893207	+	855	37	27	53	178	137	169	104	82	102
SC_RS33590	NC_003888.3	6893258	6894079	-	822	6	8	5	84	86	89	171	90	119
SC_RS33595	NC_003888.3	6894148	6895200	-	1053	6	3	6	34	34	37	59	35	50
SC_RS33600	NC_003888.3	6895193	6897085	-	1893	16	15	20	191	191	181	152	133	126
SC_RS33605	NC_003888.3	6897089	6898861	-	1773	4	3	11	175	135	132	157	127	104
SC_RS33610	NC_003888.3	6899170	6900822	+	1653	11	10	6	304	244	435	233	188	218
SC_RS33615	NC_003888.3	6900898	6907317	-	6420	103	99	138	3886	3664	3554	2896	3021	2394
SC_RS33620	NC_003888.3	6907413	6918101	-	10689	65	63	94	3246	2649	2676	2582	2260	2073
SC_RS33625	NC_003888.3	6918286	6931959	-	13674	17	12	24	3931	3253	3076	2494	2075	2084
SC_RS33630	NC_003888.3	6932285	6933607	+	1323	7	9	6	6978	6187	5965	8105	8397	6121
SC_RS33635	NC_003888.3	6933604	6934464	+	861	22	11	20	2533	2382	2305	3227	3087	2223
SC_RS33640	NC_003888.3	6934507	6936138	+	1632	14	10	18	7469	6776	5906	7955	7852	6307
SC_RS33645	NC_003888.3	6936149	6937705	+	1557	10	6	7	9555	8616	8714	9112	10332	7528
SC_RS33650	NC_003888.3	6938024	6939643	+	1620	57	32	48	6955	5797	6402	2881	2729	2150
SC_RS33655	NC_003888.3	6939907	6941544	+	1638	4	5	11	980	859	1010	928	935	778
SC_RS33660	NC_003888.3	6941746	6942516	-	771	5	3	2	52389	47289	46844	58024	62218	47715
SC_RS33665	NC_003888.3	6942661	6943506	+	846	32	25	28	10788	9994	9075	9036	9735	7174
SC_RS33670	NC_003888.3	6943673	6945265	+	1593	15	24	23	3787	3580	3463	3864	4117	3145
SC_RS33675	NC_003888.3	6945280	6945543	+	264	3	4	5	870	917	840	1054	1289	940
SC_RS33680	NC_003888.3	6945705	6946379	-	675	19	25	33	1172	1180	1182	1828	1547	1680
SC_RS33685	NC_003888.3	6946617	6947423	+	807	2	8	5	82	71	65	96	75	69
SC_RS33690	NC_003888.3	6947569	6948414	+	846	5	8	12	174	158	158	175	129	151
SC_RS33695	NC_003888.3	6948595	6949758	+	1164	17	28	26	78	38	61	105	57	90
SC_RS33700	NC_003888.3	6949755	6950009	+	255	1	1	2	5	3	1	15	5	10
SC_RS33705	NC_003888.3	6950002	6951537	+	1536	19	16	30	77	43	62	127	70	104
SC_RS33710	NC_003888.3	6951534	6952430	+	897	17	17	19	131	120	153	184	151	154
SC_RS33715	NC_003888.3	6952433	6953434	+	1002	17	16	21	110	105	129	144	106	138
SC_RS33720	NC_003888.3	6953679	6954356	-	678	293	252	379	103	87	122	206	153	164
SC_RS33725	NC_003888.3	6954616	6956604	+	1989	34	28	35	156	105	75	364	305	335
SC_RS33730	NC_003888.3	6956543	6957022	-	480	32	24	22	7	8	16	49	26	38
SC_RS33735	NC_003888.3	6957019	6957975	-	957	84	73	88	16	11	25	73	31	59
SC_RS33740	NC_003888.3	6957972	6958898	-	927	58	63	69	17	20	27	64	26	62
SC_RS33745	NC_003888.3	6958987	6959844	-	858	115	71	114	24	28	36	65	47	62
SC_RS33750	NC_003888.3	6959963	6961810	-	1848	2	8	7	33	47	20	114	56	96
SC_RS33755	NC_003888.3	6962069	6962281	+	213	3	3	3	2	0	4	29	10	28
SC_RS33760	NC_003888.3	6962349	6963320	-	972	32	23	24	15	9	21	80	28	61
SC_RS33765	NC_003888.3	6963368	6964300	-	933	14	14	18	30	25	33	75	20	65
SC_RS33770	NC_003888.3	6964306	6965304	-	999	18	4	14	22	17	26	48	21	46
SC_RS33775	NC_003888.3	6965355	6966485	-	1131	30	15	27	29	19	31	88	32	67
SC_RS33780	NC_003888.3	6966512	6967474	-	963	25	26	33	34	36	31	52	30	55
SC_RS33785	NC_003888.3	6967471	6968472	-	1002	23	16	32	33	38	39	65	27	67
SC_RS33790	NC_003888.3	6968600	6969571	+	972	31	22	45	3	9	9	87	18	73
SC_RS33795	NC_003888.3	6970033	6971376	+	1344	578	579	787	1151	1242	1342	719	622	469
SC_RS33800	NC_003888.3	6971557	6971979	+	423	78	70	104	60	65	75	77	54	49
SC_RS33805	NC_003888.3	6972028	6972675	-	648	648	570	702	372	374	418	568	531	460
SC_RS33810	NC_003888.3	6972975	6974066	-	1092	3	0	4	4	5	6	61	11	67
SC_RS33815	NC_003888.3	6975868	6976401	-	534	108	116	174	161	131	132	117	67	94
SC_RS33820	NC_003888.3	6976897	6977634	+	738	134	149	176	38	43	36	83	55	84
SC_RS33825	NC_003888.3	6977697	6979403	-	1707	673	684	868	657	509	601	391	304	310
SC_RS33830	NC_003888.3	6980436	6981524	+	1089	55	46	72	121	88	111	161	98	133
SC_RS33835	NC_003888.3	6982211	6982723	+	513	4	8	11	6	0	5	52	4	37
SC_RS33840	NC_003888.3	6982905	6983147	+	243	0	0	2	3	3	3	33	7	23
SC_RS33845	NC_003888.3	6983231	6983887	-	657	11	13	13	588	439	573	167	109	131
SC_RS33850	NC_003888.3	6984273	6984983	+	711	7	6	8	20	22	40	52	26	57
SC_RS33855	NC_003888.3	6985448	6986761	-	1314	3	4	13	6	7	5	67	17	76
SC_RS33860	NC_003888.3	6986787	6987242	-	456	3	1	4	9	6	2	28	5	39
SC_RS33865	NC_003888.3	6987274	6987738	-	465	2	3	6	6	2	5	21	8	22
SC_RS33870	NC_003888.3	6987864	6988244	-	381	2	3	4	3	2	0	27	2	34
SC_RS33875	NC_003888.3	6988456	6989079	+	624	8	5	5	7	3	4	47	11	29
SC_RS33880	NC_003888.3	6989076	6990485	+	1410	6	4	3	4	0	2	96	21	70
SC_RS33885	NC_003888.3	6990537	6990734	-	198	1	3	2	2	2	3	32	3	13
SC_RS33890	NC_003888.3	6990876	6991409	-	534	9	7	11	9	10	2	49	16	55
SC_RS33895	NC_003888.3	6991755	6994433	-	2679	22	20	26	48	45	49	212	109	221
SC_RS33900	NC_003888.3	6994439	6994627	-	189	11	26	14	21	19	25	42	42	33
SC_RS33905	NC_003888.3	6995104	6995605	+	502	13	9	27	7	3	5	74	7	49
SC_RS33910	NC_003888.3	6996518	6997698	-	1181	3	1	4	4	1	0	79	18	74
SC_RS33915	NC_003888.3	6998012	6999361	+	1350	395	382	507	163	184	218	193	126	163
SC_RS33920	NC_003888.3	6999405	7000040	+	636	133	147	170	49	54	83	87	47	68
SC_RS33925	NC_003888.3	7000095	7000874	+	780	961	877	1250	204	186	226	165	182	146
SC_RS33930	NC_003888.3	7000969	7001376	+	408	153	158	175	161	89	125	133	107	106
SC_RS33935	NC_003888.3	7001616	7003223	-	1608	29	19	19	5	10	5	120	29	109
SC_RS33940	NC_003888.3	7003454	7004212	+	759	4	0	5	3	2	2	66	12	48
SC_RS33945	NC_003888.3	7004372	7004848	+	477	1	0	0	0	2	0	21	2	16
SC_RS33950	NC_003888.3	7004952	7006739	+	1788	39	29	41	2	6	1	99	20	71
SC_RS33955	NC_003888.3	7006807	7010859	-	4053	12	11	15	7	12	9	261	43	209
SC_RS33960	NC_003888.3	7011086	7012171	+	1086	99	116	104	142	146	143	154	84	137
SC_RS33965	NC_003888.3	7012204	7012788	-	585	28	28	23	30	27	31	70	17	54
SC_RS33970	NC_003888.3	7012868	7013566	+	699	112	111	170	76	69	85	83	50	65
SC_RS33975	NC_003888.3	7013618	7014043	-	426	12	8	11	15	12	17	49	42	63
SC_RS33980	NC_003888.3	7014907	7016286	-	1380	14	8	19	13	5	4	87	22	71
SC_RS33985	NC_003888.3	7016283	7016945	-	663	12	10	5	8	6	10	40	8	32
SC_RS33990	NC_003888.3	7016899	7017717	-	819	32	30	29	9	6	15	39	22	41
SC_RS33995	NC_003888.3	7017714	7018319	-	606	25	15	16	6	5	6	35	10	27
SC_RS34000	NC_003888.3	7018316	7018984	-	669	41	44	44	15	14	9	67	20	48
SC_RS34005	NC_003888.3	7019120	7019509	+	390	242	261	368	121	69	99	98	109	99
SC_RS34010	NC_003888.3	7019506	7020435	+	930	174	138	183	55	34	62	99	61	83
SC_RS34015	NC_003888.3	7020934	7021872	+	939	76	95	106	167	131	165	161	136	146
SC_RS34020	NC_003888.3	7021869	7022708	+	840	55	44	63	81	82	76	106	67	94
SC_RS34025	NC_003888.3	7022736	7024016	+	1281	20	25	33	51	44	60	139	62	98
SC_RS34030	NC_003888.3	7024013	7024681	+	669	11	7	6	14	12	22	58	20	44
SC_RS34035	NC_003888.3	7024745	7025473	-	729	5	3	6	5	3	3	56	8	43
SC_RS34040	NC_003888.3	7025526	7028168	-	2643	5	3	8	8	7	11	140	32	124
SC_RS34045	NC_003888.3	7028165	7028854	-	690	2	2	7	2	4	1	22	16	33
SC_RS34050	NC_003888.3	7028841	7029569	-	729	3	1	3	2	6	3	40	5	30
SC_RS34055	NC_003888.3	7029575	7030195	-	621	0	1	3	12	2	7	36	14	42
SC_RS34060	NC_003888.3	7030354	7031664	+	1311	5	10	9	27	18	27	95	21	91
SC_RS34065	NC_003888.3	7031672	7032706	-	1035	0	1	1	5	3	14	74	14	52
SC_RS34070	NC_003888.3	7032798	7033637	+	840	12	6	13	3	6	2	89	21	49
SC_RS34075	NC_003888.3	7034266	7035663	-	1398	17	24	20	43	21	19	120	44	103
SC_RS34080	NC_003888.3	7035788	7037224	-	1437	35	20	20	25	9	15	109	27	80
SC_RS34085	NC_003888.3	7037737	7038399	-	663	34	31	14	91	85	93	189	180	143
SC_RS34090	NC_003888.3	7038757	7039656	+	900	23	18	15	27	22	32	90	25	67
SC_RS34095	NC_003888.3	7039699	7040895	-	1197	16	25	12	28	14	25	99	33	97
SC_RS34100	NC_003888.3	7041525	7042076	-	552	10	12	7	10	11	5	47	14	35
SC_RS34105	NC_003888.3	7042054	7042737	-	684	21	11	16	12	8	12	40	16	37
SC_RS34110	NC_003888.3	7042854	7043107	+	254	40	57	68	57	57	58	79	66	73
SC_RS34115	NC_003888.3	7043724	7045040	-	1317	28	21	20	20	19	28	143	58	118
SC_RS34120	NC_003888.3	7046100	7046327	-	228	49	36	46	32	46	64	74	44	74
SC_RS34125	NC_003888.3	7046618	7047526	+	909	185	183	237	179	156	142	209	168	180
SC_RS34130	NC_003888.3	7047960	7048069	+	110	48	46	44	22	19	23	46	21	38
SC_RS34135	NC_003888.3	7048443	7049126	-	684	8	5	11	22	13	17	70	21	62
SC_RS34140	NC_003888.3	7049382	7051151	-	1770	15	5	8	297	243	269	311	250	270
SC_RS34145	NC_003888.3	7051526	7053478	-	1953	33	42	39	17	14	18	158	31	131
SC_RS34150	NC_003888.3	7053625	7053826	+	202	0	0	0	0	0	2	33	6	23
SC_RS34155	NC_003888.3	7054118	7054684	+	567	2	0	4	1	3	0	32	8	30
SC_RS34160	NC_003888.3	7054853	7055865	+	1013	16	8	10	19	10	14	73	24	72
SC_RS34165	NC_003888.3	7056261	7057292	+	1032	37	52	75	143	132	142	187	130	168
SC_RS34170	NC_003888.3	7057809	7059026	+	1218	6	1	4	7	6	6	8	5	7
SC_RS34175	NC_003888.3	7059104	7060183	-	1080	2	1	1	1	1	1	74	9	50
SC_RS34180	NC_003888.3	7060486	7061838	+	1353	61	77	72	1933	1683	1958	935	720	779
SC_RS34185	NC_003888.3	7061835	7062605	+	771	26	16	20	508	489	607	375	238	299
SC_RS34190	NC_003888.3	7063063	7063575	+	513	1	2	7	33	21	42	50	20	46
SC_RS34195	NC_003888.3	7063621	7064501	+	881	0	0	0	0	1	4	8	2	13
SC_RS34200	NC_003888.3	7064517	7065221	+	705	5	4	8	14	8	18	64	19	60
SC_RS34205	NC_003888.3	7065214	7065699	-	486	62	51	70	296	250	289	326	275	286
SC_RS34210	NC_003888.3	7066309	7067553	+	1245	0	0	0	0	0	0	0	0	0
SC_RS34215	NC_003888.3	7067605	7068132	-	528	0	1	0	0	0	0	5	0	6
SC_RS34220	NC_003888.3	7069508	7071526	+	2019	306	265	373	641	595	660	346	247	236
SC_RS34225	NC_003888.3	7071453	7071791	-	339	25	7	20	23	10	12	49	14	35
SC_RS34230	NC_003888.3	7071944	7073755	+	1812	187	167	220	331	268	291	328	230	267
SC_RS34235	NC_003888.3	7073756	7076284	-	2529	56	54	87	94	66	83	181	117	171
SC_RS34240	NC_003888.3	7076437	7077213	-	777	89	90	104	76	59	76	142	103	101
SC_RS34245	NC_003888.3	7077312	7077563	+	252	69	58	100	121	86	121	129	106	95
SC_RS34250	NC_003888.3	7077746	7078588	+	843	66	57	69	113	134	133	116	79	113
SC_RS34255	NC_003888.3	7078585	7079868	+	1284	19	23	35	66	58	75	150	80	85
SC_RS34260	NC_003888.3	7079908	7081521	+	1614	11	16	18	54	42	49	144	60	114
SC_RS34265	NC_003888.3	7081657	7082499	+	843	4	4	4	21	15	8	65	20	51
SC_RS34270	NC_003888.3	7082535	7083938	+	1404	6	9	13	83	54	86	143	53	114
SC_RS34275	NC_003888.3	7083950	7084972	+	1023	0	3	4	45	40	58	104	43	117
SC_RS34280	NC_003888.3	7085082	7086635	+	1554	11	12	14	40	43	38	163	40	100
SC_RS34285	NC_003888.3	7086736	7088364	-	1629	126	134	174	188	162	165	157	58	138
SC_RS34290	NC_003888.3	7088518	7089174	-	657	50	37	72	48	49	68	88	46	71
SC_RS34295	NC_003888.3	7089432	7090445	-	1014	4	0	4	2	0	2	64	15	59
SC_RS34300	NC_003888.3	7090613	7091761	+	1149	28	35	46	80	81	62	520	515	505
SC_RS34305	NC_003888.3	7091758	7092432	+	675	18	19	35	69	37	37	291	316	280
SC_RS34310	NC_003888.3	7092451	7093515	-	1065	105	94	113	695	514	788	349	315	340
SC_RS34315	NC_003888.3	7093614	7094582	-	969	11	10	6	11	7	6	86	20	67
SC_RS34320	NC_003888.3	7094757	7095527	+	771	22	22	21	14	11	14	52	19	51
SC_RS34325	NC_003888.3	7095676	7096188	+	513	0	2	2	19	21	37	69	20	29
SC_RS34330	NC_003888.3	7096185	7097480	+	1296	6	2	7	110	90	120	163	111	144
SC_RS34335	NC_003888.3	7097567	7104511	-	6945	11	10	22	1049	839	1086	530	236	441
SC_RS34340	NC_003888.3	7104914	7106290	+	1377	9	3	6	128	222	56	250	137	182
SC_RS34345	NC_003888.3	7106284	7108176	+	1893	10	7	12	133	188	68	335	247	264
SC_RS34350	NC_003888.3	7108264	7111779	+	3516	9	7	12	175	270	107	414	272	326
SC_RS34355	NC_003888.3	7111866	7116089	+	4224	17	20	18	64	105	31	383	238	323
SC_RS34360	NC_003888.3	7116086	7116493	+	408	4	3	5	19	24	20	133	100	98
SC_RS34365	NC_003888.3	7116513	7117874	+	1362	8	5	2	70	58	26	319	203	226
SC_RS34370	NC_003888.3	7117871	7118257	+	387	5	5	4	24	35	16	135	112	82
SC_RS34375	NC_003888.3	7118254	7119774	+	1521	8	2	7	35	49	38	205	172	172
SC_RS34380	NC_003888.3	7119848	7121122	+	1275	8	8	11	36	53	25	190	136	158
SC_RS34385	NC_003888.3	7121125	7122447	+	1323	167	181	246	430	499	414	372	267	272
SC_RS34390	NC_003888.3	7122416	7122844	-	429	256	246	342	231	246	228	192	165	149
SC_RS34395	NC_003888.3	7123131	7123883	+	753	18	11	17	55	57	55	713	750	714
SC_RS34400	NC_003888.3	7123886	7125292	+	1407	7	3	11	27	15	21	396	348	356
SC_RS34405	NC_003888.3	7125293	7126396	+	1104	3	4	11	30	9	16	307	232	329
SC_RS34410	NC_003888.3	7126477	7127388	+	912	0	1	2	6	8	7	118	78	106
SC_RS34415	NC_003888.3	7127545	7129407	+	1863	81	78	120	55	70	96	173	104	147
SC_RS34420	NC_003888.3	7129505	7130350	+	846	1299	1199	1709	1117	850	964	214	177	188
SC_RS34425	NC_003888.3	7130456	7131346	+	891	319	290	378	288	243	279	151	112	121
SC_RS34430	NC_003888.3	7131401	7132084	-	684	21	13	20	290	229	326	95	52	79
SC_RS34435	NC_003888.3	7132198	7133130	+	933	84	80	92	372	317	304	231	195	150
SC_RS34440	NC_003888.3	7133238	7134647	+	1410	348	356	402	363	281	419	338	268	305
SC_RS34445	NC_003888.3	7134644	7135153	+	510	34	51	48	41	28	29	65	36	48
SC_RS34450	NC_003888.3	7135277	7136905	+	1629	3340	2985	4005	4557	3995	4261	1666	1591	1191
SC_RS34455	NC_003888.3	7136938	7137906	+	969	1679	1551	2060	1418	1202	1406	635	613	533
SC_RS34460	NC_003888.3	7137945	7138841	+	897	990	914	1161	589	524	663	311	282	168
SC_RS34465	NC_003888.3	7138838	7139845	+	1008	364	369	378	271	198	360	169	93	138
SC_RS34470	NC_003888.3	7139838	7140506	+	669	354	370	428	263	225	273	139	112	120
SC_RS34475	NC_003888.3	7140529	7141923	-	1395	503	503	652	2052	1760	1908	975	1083	932
SC_RS34480	NC_003888.3	7142206	7146129	+	3924	11	10	11	196	177	194	234	73	194
SC_RS34485	NC_003888.3	7146169	7147047	+	879	8	9	6	8	9	5	60	13	44
SC_RS34490	NC_003888.3	7147028	7147390	-	363	60	45	96	50	41	48	67	37	53
SC_RS34495	NC_003888.3	7147460	7149376	+	1917	32	42	60	10	7	8	132	29	93
SC_RS34500	NC_003888.3	7149456	7150940	+	1485	22	21	37	27	32	47	120	33	80
SC_RS34505	NC_003888.3	7151007	7151501	+	495	20	11	15	31	29	41	69	55	75
SC_RS34510	NC_003888.3	7151706	7152575	+	870	18	15	20	6	4	10	44	17	48
SC_RS34515	NC_003888.3	7152607	7153332	-	726	116	88	142	141	137	128	137	73	94
SC_RS34520	NC_003888.3	7153374	7153868	-	495	55	64	63	53	43	40	61	23	48
SC_RS34525	NC_003888.3	7154038	7155195	+	1158	289	278	342	446	369	356	382	274	280
SC_RS34530	NC_003888.3	7155465	7156283	-	819	2823	2532	3511	2509	2369	2067	1092	1004	878
SC_RS34535	NC_003888.3	7156306	7156962	-	657	2241	2059	2904	1633	1548	1794	833	724	645
SC_RS34540	NC_003888.3	7157133	7158338	-	1206	433	425	582	802	724	739	715	567	561
SC_RS34545	NC_003888.3	7158341	7158853	-	513	121	149	159	312	303	260	121	99	105
SC_RS34550	NC_003888.3	7158859	7159878	-	1020	205	230	258	379	392	403	202	154	138
SC_RS34555	NC_003888.3	7159875	7161902	-	2028	122	124	152	104	79	84	137	42	112
SC_RS34560	NC_003888.3	7161921	7163258	-	1338	191	153	217	40	45	52	91	46	70
SC_RS34565	NC_003888.3	7163600	7164418	-	819	206	222	255	218	215	227	182	136	140
SC_RS34570	NC_003888.3	7164555	7166360	-	1806	57	43	73	24	27	19	186	95	163
SC_RS34575	NC_003888.3	7166743	7167336	+	594	21	26	13	176	193	161	183	183	192
SC_RS34580	NC_003888.3	7167374	7167913	-	540	156	156	201	123	117	148	108	67	99
SC_RS34585	NC_003888.3	7167910	7168308	-	399	119	116	147	99	76	131	84	79	69
SC_RS34590	NC_003888.3	7168375	7169964	-	1590	10	13	22	21	19	21	128	38	73
SC_RS34595	NC_003888.3	7170144	7170443	-	300	3	10	13	39	41	27	80	91	64
SC_RS34600	NC_003888.3	7170517	7171563	-	1047	23	33	32	73	45	55	226	191	133
SC_RS34605	NC_003888.3	7171800	7172243	+	444	1546	1418	2157	2081	1917	2136	1018	1039	831
SC_RS34610	NC_003888.3	7172394	7174841	+	2448	437	453	575	313	365	336	285	216	254
SC_RS34615	NC_003888.3	7174989	7177493	+	2505	45	43	50	1934	1657	2139	1993	1970	1860
SC_RS34620	NC_003888.3	7177711	7178433	+	723	4	7	4	23	25	20	75	16	53
SC_RS34625	NC_003888.3	7178603	7179436	+	834	307	317	390	231	227	231	109	90	108
SC_RS34630	NC_003888.3	7179429	7180760	+	1332	461	446	586	360	287	354	205	134	161
SC_RS34635	NC_003888.3	7180803	7182770	+	1968	426	470	549	380	325	410	298	183	214
SC_RS34640	NC_003888.3	7182776	7183708	+	933	114	86	120	71	71	89	87	45	75
SC_RS34645	NC_003888.3	7183718	7184317	+	600	65	70	86	117	116	123	115	105	100
SC_RS34650	NC_003888.3	7184289	7184636	-	348	24	23	33	28	38	23	55	13	47
SC_RS34655	NC_003888.3	7184832	7186829	+	1998	34	32	37	304	260	303	318	192	254
SC_RS34660	NC_003888.3	7186861	7187208	-	348	46	39	69	473	372	422	251	245	233
SC_RS34665	NC_003888.3	7187289	7187840	+	552	15	23	17	55	31	46	73	50	57
SC_RS34670	NC_003888.3	7187926	7188888	-	963	11	4	15	9	11	15	72	26	49
SC_RS34675	NC_003888.3	7189075	7190964	+	1890	23	19	14	28	14	21	132	48	107
SC_RS34680	NC_003888.3	7190961	7192808	+	1848	12	6	13	17	11	28	125	47	90
SC_RS34685	NC_003888.3	7192859	7193764	+	906	1	3	2	4	1	4	45	8	48
SC_RS34690	NC_003888.3	7193830	7194222	+	393	34	41	39	61	54	85	108	116	107
SC_RS34695	NC_003888.3	7194294	7194728	+	435	18	19	36	63	48	100	87	119	74
SC_RS34700	NC_003888.3	7194725	7195498	+	774	59	28	61	123	101	128	173	197	125
SC_RS34705	NC_003888.3	7195503	7195766	+	264	9	14	8	29	15	34	33	34	34
SC_RS34710	NC_003888.3	7195763	7196482	+	720	39	45	47	96	61	100	113	123	99
SC_RS34715	NC_003888.3	7196479	7197609	+	1131	38	39	50	106	75	136	179	195	149
SC_RS34720	NC_003888.3	7197606	7197935	+	330	13	15	15	40	25	41	64	56	55
SC_RS34725	NC_003888.3	7197932	7198711	+	780	16	16	32	34	31	54	89	68	72
SC_RS34730	NC_003888.3	7198708	7198890	+	183	1	5	1	9	14	14	19	15	25
SC_RS34735	NC_003888.3	7198892	7199188	+	297	2	1	6	14	1	16	16	20	11
SC_RS34740	NC_003888.3	7199279	7199449	-	171	18	8	9	805	355	948	78	66	70
SC_RS34745	NC_003888.3	7199504	7200325	-	822	43	30	65	4248	1694	4443	326	243	299
SC_RS34750	NC_003888.3	7200436	7201941	-	1506	90	92	92	63	43	52	124	91	124
SC_RS34755	NC_003888.3	7202065	7203684	+	1620	415	294	405	198	142	180	247	174	230
SC_RS34760	NC_003888.3	7203714	7204835	-	1122	16	15	20	24	16	31	110	44	67
SC_RS34765	NC_003888.3	7204898	7205176	+	279	7	3	7	4	8	3	37	16	28
SC_RS34770	NC_003888.3	7205258	7205800	-	543	13	11	14	45	16	55	60	52	43
SC_RS34775	NC_003888.3	7205826	7206224	-	399	18	14	12	49	30	56	66	45	44
SC_RS34780	NC_003888.3	7206433	7208823	+	2391	176	134	173	436	409	536	453	328	315
SC_RS34785	NC_003888.3	7208891	7209373	+	483	47	37	58	120	100	126	110	87	96
SC_RS34790	NC_003888.3	7209379	7209795	+	417	16	23	27	45	25	31	48	21	46
SC_RS34795	NC_003888.3	7210082	7210882	+	801	243	199	210	103	88	123	271	215	232
SC_RS34800	NC_003888.3	7211022	7211978	+	957	26	32	39	9	24	11	81	25	60
SC_RS34805	NC_003888.3	7212176	7213489	+	1314	24	23	20	91	91	113	183	181	175
SC_RS34810	NC_003888.3	7213486	7214526	+	1041	16	14	17	41	35	47	101	72	98
SC_RS34815	NC_003888.3	7214569	7215195	-	627	99	101	113	110	83	88	98	78	96
SC_RS34820	NC_003888.3	7215192	7215965	-	774	266	228	321	254	224	274	237	191	224
SC_RS34825	NC_003888.3	7216060	7216461	+	402	14	4	17	16	12	12	52	19	48
SC_RS34830	NC_003888.3	7216569	7218722	+	2154	376	299	411	169	177	273	390	362	354
SC_RS34835	NC_003888.3	7218804	7220228	+	1425	9	15	10	26	34	12	84	24	79
SC_RS34840	NC_003888.3	7220309	7221370	+	1062	25	14	19	10	6	13	79	13	47
SC_RS34845	NC_003888.3	7221367	7223199	+	1833	37	20	33	13	5	17	113	34	99
SC_RS34850	NC_003888.3	7223286	7223711	+	426	1186	1159	1495	9557	8750	10282	5215	6145	4154
SC_RS34855	NC_003888.3	7223740	7224462	-	723	24	24	40	54	47	37	78	28	81
SC_RS34860	NC_003888.3	7224459	7224953	-	495	8	6	4	5	0	3	24	3	16
SC_RS34865	NC_003888.3	7224958	7226553	-	1596	5	7	7	5	4	6	103	23	85
SC_RS34870	NC_003888.3	7226553	7230248	-	3696	25	23	36	18	6	15	211	51	198
SC_RS34875	NC_003888.3	7230397	7231212	-	816	69	50	86	73	67	69	108	49	95
SC_RS34880	NC_003888.3	7231262	7232125	-	864	154	118	165	150	116	167	166	95	140
SC_RS34885	NC_003888.3	7232354	7232779	+	426	7	6	4	5	8	8	47	13	29
SC_RS34890	NC_003888.3	7232761	7233579	-	819	100	97	113	129	126	145	138	121	134
SC_RS34895	NC_003888.3	7233669	7233974	+	306	126	119	149	120	89	93	141	109	119
SC_RS34900	NC_003888.3	7233979	7234725	+	747	62	57	70	94	76	79	129	95	102
SC_RS34905	NC_003888.3	7234796	7236691	+	1896	4	4	4	14	8	21	151	41	114
SC_RS34910	NC_003888.3	7236695	7236940	-	246	0	1	0	5	8	7	62	36	55
SC_RS34915	NC_003888.3	7237214	7237894	+	681	55	51	55	307	255	286	108	85	87
SC_RS34920	NC_003888.3	7237887	7240559	-	2673	14	10	18	25	9	7	174	32	140
SC_RS34925	NC_003888.3	7240806	7243727	-	2922	17	18	30	10	6	12	160	32	152
SC_RS34930	NC_003888.3	7244247	7245986	+	1740	3	7	7	4	9	10	98	33	102
SC_RS34935	NC_003888.3	7246146	7247090	+	945	39	38	41	97	85	91	127	78	105
SC_RS34940	NC_003888.3	7247175	7247876	+	702	70	34	56	204	207	227	131	108	104
SC_RS34945	NC_003888.3	7247934	7248767	-	834	956	895	1067	2582	2302	3659	830	910	628
SC_RS34950	NC_003888.3	7248851	7250677	-	1827	52	42	61	8	6	12	99	30	112
SC_RS34955	NC_003888.3	7250906	7252420	-	1515	46	45	51	4	7	4	93	21	87
SC_RS34960	NC_003888.3	7252536	7253519	+	984	16	26	30	17	16	10	64	17	58
SC_RS34965	NC_003888.3	7253501	7254379	-	879	54	48	53	13	22	13	59	29	47
SC_RS34970	NC_003888.3	7254532	7255569	+	1038	15	12	15	17	24	14	71	25	75
SC_RS34975	NC_003888.3	7255596	7257542	-	1947	12	19	16	13	3	5	136	23	101
SC_RS34980	NC_003888.3	7257738	7258586	-	849	164	179	251	59	52	61	146	93	107
SC_RS34985	NC_003888.3	7258619	7259479	-	861	0	0	2	2	1	5	39	8	33
SC_RS34990	NC_003888.3	7259476	7261467	-	1992	0	4	2	1	2	3	129	26	84
SC_RS34995	NC_003888.3	7261448	7263376	-	1929	4	3	6	9	5	5	109	29	91
SC_RS35000	NC_003888.3	7263373	7264344	-	972	0	1	0	3	2	6	60	10	48
SC_RS35005	NC_003888.3	7264548	7265888	+	1341	15	7	7	2	8	7	73	18	55
SC_RS35010	NC_003888.3	7265857	7266009	+	153	0	1	0	7	2	0	12	2	7
SC_RS35015	NC_003888.3	7266172	7267122	+	951	258	274	274	38	34	38	82	36	42
SC_RS35020	NC_003888.3	7267256	7267933	+	678	588	595	741	304	200	217	226	203	165
SC_RS35025	NC_003888.3	7268197	7269378	+	1182	173	157	199	120	114	132	1696	1450	1222
SC_RS35030	NC_003888.3	7269589	7271106	+	1518	19	8	25	19	15	17	775	591	607
SC_RS35035	NC_003888.3	7271103	7272122	+	1020	8	14	7	21	6	19	550	495	423
SC_RS35040	NC_003888.3	7272140	7273186	+	1047	16	8	27	45	21	36	2230	2457	1876
SC_RS35045	NC_003888.3	7273272	7274564	+	1293	13	13	15	34	28	33	989	894	939
SC_RS35050	NC_003888.3	7274581	7275579	+	999	8	7	8	35	25	31	1284	1224	1075
SC_RS35055	NC_003888.3	7275867	7279583	+	3717	2	4	8	72	58	84	3052	2901	2700
SC_RS35060	NC_003888.3	7279753	7281006	+	1254	6	2	0	11	12	18	244	192	234
SC_RS35065	NC_003888.3	7281003	7282094	+	1092	10	9	17	20	20	24	170	168	191
SC_RS35070	NC_003888.3	7282091	7283038	+	948	1	2	1	6	2	8	112	52	57
SC_RS35075	NC_003888.3	7283052	7283789	+	738	3	0	1	6	3	4	108	50	83
SC_RS35080	NC_003888.3	7283789	7284637	+	849	2	1	5	10	3	7	170	94	127
SC_RS35085	NC_003888.3	7284641	7285816	+	1176	6	6	5	6	6	7	116	59	112
SC_RS35090	NC_003888.3	7285813	7287210	+	1398	11	11	9	11	7	8	239	142	184
SC_RS35095	NC_003888.3	7287325	7288539	+	1215	1	1	6	29	15	29	597	532	457
SC_RS35100	NC_003888.3	7288619	7289998	-	1380	8	9	13	14	16	6	71	26	87
SC_RS35105	NC_003888.3	7290122	7292266	-	2145	6	11	20	23	16	40	131	35	118
SC_RS35110	NC_003888.3	7292271	7293503	-	1233	4	9	6	22	15	19	134	23	82
SC_RS35115	NC_003888.3	7293515	7295197	-	1683	5	6	3	5	2	6	106	34	78
SC_RS35120	NC_003888.3	7295341	7296492	+	1152	3	2	2	2	0	3	86	27	74
SC_RS35125	NC_003888.3	7296507	7297433	+	927	1	1	1	2	2	4	43	12	32
SC_RS35130	NC_003888.3	7297430	7298992	+	1563	4	1	5	5	0	4	92	22	86
SC_RS35135	NC_003888.3	7299120	7300451	-	1332	2	1	4	39	18	22	78	23	69
SC_RS35140	NC_003888.3	7300604	7300688	+	85	21	20	34	21	15	17	18	17	21
SC_RS35145	NC_003888.3	7301063	7303123	+	2061	76	68	89	15	16	13	147	56	107
SC_RS35150	NC_003888.3	7303361	7305568	-	2208	2581	2423	2859	773	720	1045	542	505	469
SC_RS35155	NC_003888.3	7305602	7306108	-	507	543	476	619	142	123	194	104	102	99
SC_RS35160	NC_003888.3	7306230	7306619	-	390	237	218	284	139	142	133	116	110	83
SC_RS35165	NC_003888.3	7306616	7310059	-	3444	1952	1772	2127	1336	1178	1405	851	797	685
SC_RS35170	NC_003888.3	7310408	7312216	-	1809	47	23	31	23	48	35	148	50	130
SC_RS35175	NC_003888.3	7312483	7313565	+	1083	5	3	4	51	51	56	93	41	66
SC_RS35180	NC_003888.3	7313660	7315429	+	1770	2	4	7	37	28	57	121	37	94
SC_RS35185	NC_003888.3	7315461	7318040	+	2580	9	14	16	45	36	44	164	56	160
SC_RS35190	NC_003888.3	7318137	7319177	+	1041	67	60	79	41	43	54	100	61	92
SC_RS35195	NC_003888.3	7319193	7319846	-	654	161	134	188	32	38	56	73	47	60
SC_RS35200	NC_003888.3	7320012	7321337	-	1326	8	4	9	6	3	3	90	20	65
SC_RS35205	NC_003888.3	7321513	7322829	+	1317	3	1	0	2	1	0	90	31	87
SC_RS35210	NC_003888.3	7322891	7323919	+	1029	1	3	3	4	2	4	56	17	49
SC_RS35215	NC_003888.3	7323927	7324766	+	840	1	0	5	4	4	4	38	16	43
SC_RS35220	NC_003888.3	7324811	7326169	+	1359	6	10	9	11	11	18	89	27	95
SC_RS35225	NC_003888.3	7326290	7326469	+	180	9	4	20	28	12	17	32	7	17
SC_RS35230	NC_003888.3	7326508	7327326	-	819	312	347	457	1074	973	1091	592	562	507
SC_RS35235	NC_003888.3	7327541	7328326	+	786	35	30	35	68	69	59	80	45	77
SC_RS35240	NC_003888.3	7328456	7330114	+	1659	63	56	73	192	163	183	248	176	184
SC_RS35245	NC_003888.3	7330247	7331275	+	1029	11	13	20	56	58	58	120	80	123
SC_RS35250	NC_003888.3	7331426	7332799	+	1374	13	6	12	8	4	5	89	17	73
SC_RS35255	NC_003888.3	7332818	7333378	-	561	15	16	15	29	19	14	53	18	54
SC_RS35260	NC_003888.3	7333403	7334332	-	930	20	18	25	19	6	17	61	24	36
SC_RS35265	NC_003888.3	7334456	7334863	+	408	78	77	110	25	34	42	45	43	58
SC_RS35270	NC_003888.3	7335116	7336225	+	1110	109	104	138	553	543	629	422	351	327
SC_RS35275	NC_003888.3	7336237	7337439	+	1203	47	42	58	234	219	279	224	154	178
SC_RS35280	NC_003888.3	7337453	7338883	-	1431	64	44	65	77	72	77	122	62	128
SC_RS35285	NC_003888.3	7338876	7339220	-	345	13	19	30	8	7	9	20	11	22
SC_RS35290	NC_003888.3	7339269	7339931	-	663	226	220	287	244	178	245	260	180	206
SC_RS35295	NC_003888.3	7339983	7340813	-	831	5	7	10	8	4	13	58	17	42
SC_RS35300	NC_003888.3	7340945	7341376	+	432	53	34	49	85	74	67	92	37	64
SC_RS35305	NC_003888.3	7341633	7342907	+	1275	311	315	353	187	162	225	777	1097	957
SC_RS35310	NC_003888.3	7343142	7345028	+	1887	309	320	409	667	600	704	520	433	445
SC_RS35315	NC_003888.3	7345115	7347256	+	2142	862	825	1147	2111	2032	2181	1914	1529	1365
SC_RS35320	NC_003888.3	7347312	7347440	-	129	16540	15998	21571	81427	81344	72873	104551	121648	114232
SC_RS35325	NC_003888.3	7347733	7348320	+	588	36	25	41	759	700	714	385	359	341
SC_RS35330	NC_003888.3	7348537	7353210	+	4674	1018	901	1131	1043	813	1123	807	551	598
SC_RS35335	NC_003888.3	7353207	7356839	+	3633	1245	1193	1622	1470	1212	1505	1136	963	929
SC_RS35340	NC_003888.3	7356766	7357314	-	549	10	5	9	8	6	7	48	11	43
SC_RS35345	NC_003888.3	7357519	7358352	+	834	28	22	30	246	245	264	176	150	158
SC_RS35350	NC_003888.3	7358349	7358552	+	204	79	78	108	475	524	652	396	434	285
SC_RS35355	NC_003888.3	7358814	7359689	+	876	207	225	289	846	731	830	840	659	648
SC_RS35360	NC_003888.3	7360045	7360494	+	450	202	218	293	685	548	603	660	637	571
SC_RS35365	NC_003888.3	7360544	7362409	+	1866	155	129	163	455	437	470	509	444	456
SC_RS35370	NC_003888.3	7362943	7366827	+	3885	575	526	686	718	639	832	715	462	549
SC_RS35375	NC_003888.3	7366824	7369748	+	2925	470	436	521	418	397	522	494	371	430
SC_RS35380	NC_003888.3	7369817	7370869	-	1053	180	176	264	711	654	722	1012	1001	840
SC_RS35385	NC_003888.3	7370866	7372683	-	1818	571	601	733	1466	1248	1367	1955	1644	1304
SC_RS35390	NC_003888.3	7372859	7374208	+	1350	321	307	407	286	238	325	324	250	283
SC_RS35395	NC_003888.3	7374208	7376403	+	2196	219	213	256	179	98	202	274	160	241
SC_RS35400	NC_003888.3	7376413	7377627	-	1215	12	10	18	9	6	11	83	28	75
SC_RS35405	NC_003888.3	7378334	7378888	+	555	678	591	771	278	238	313	240	177	176
SC_RS35410	NC_003888.3	7378997	7380508	+	1512	1336	1305	1618	265	249	293	231	147	147
SC_RS35415	NC_003888.3	7380512	7382317	+	1806	814	787	982	143	151	186	167	131	144
SC_RS35420	NC_003888.3	7382319	7383629	+	1311	521	465	629	94	66	97	179	95	111
SC_RS35425	NC_003888.3	7383632	7384426	-	795	14	21	16	12	11	12	103	60	88
SC_RS35430	NC_003888.3	7384536	7385545	+	1010	46	58	66	102	75	90	83	37	68
SC_RS35435	NC_003888.3	7385660	7386058	+	399	6	2	4	13	7	7	40	36	22
SC_RS35440	NC_003888.3	7386055	7387293	+	1239	22	17	12	29	33	26	178	168	166
SC_RS35445	NC_003888.3	7387377	7388675	+	1299	17	24	30	29	32	34	205	231	245
SC_RS35450	NC_003888.3	7388825	7389583	+	759	16	13	14	21	14	24	177	176	197
SC_RS35455	NC_003888.3	7389679	7390482	-	804	34	18	39	45	50	41	110	61	74
SC_RS35460	NC_003888.3	7390536	7391201	+	666	6	10	12	38	37	29	193	147	171
SC_RS35465	NC_003888.3	7391232	7392461	-	1230	61	57	73	91	81	84	109	69	96
SC_RS35470	NC_003888.3	7392553	7394076	-	1524	613	600	692	192	158	196	170	158	160
SC_RS35475	NC_003888.3	7394148	7395029	-	882	1633	1628	2028	937	924	1166	565	671	516
SC_RS35480	NC_003888.3	7395031	7396683	-	1653	1705	1991	2168	801	745	1154	485	542	413
SC_RS35485	NC_003888.3	7396676	7397611	-	936	1340	1558	1671	488	415	711	272	312	244
SC_RS35490	NC_003888.3	7397608	7399386	-	1779	4723	5273	5624	997	985	1270	663	744	588
SC_RS35495	NC_003888.3	7399383	7400528	-	1146	3851	4636	4896	615	580	702	404	569	466
SC_RS35500	NC_003888.3	7400592	7402688	-	2097	5128	6378	6335	1130	911	1393	1277	2253	1301
SC_RS35505	NC_003888.3	7402846	7403751	+	906	41	34	53	18	18	24	79	26	51
SC_RS35510	NC_003888.3	7403831	7405231	-	1401	8	5	3	47	47	47	114	57	139
SC_RS35515	NC_003888.3	7405534	7407651	-	2118	6	6	6	9	13	12	118	30	80
SC_RS35520	NC_003888.3	7407798	7408466	-	669	5	5	5	31	10	26	42	20	36
SC_RS35525	NC_003888.3	7408463	7409680	-	1218	23	24	29	48	52	53	113	48	73
SC_RS35530	NC_003888.3	7409712	7410506	-	795	7	3	5	8	8	7	58	7	37
SC_RS35535	NC_003888.3	7410633	7411970	+	1338	97	114	105	185	121	154	168	86	145
SC_RS35540	NC_003888.3	7411963	7413129	-	1167	134	125	144	18	28	39	93	33	76
SC_RS35545	NC_003888.3	7413412	7414299	+	888	98	119	145	126	85	109	142	79	118
SC_RS35550	NC_003888.3	7414296	7414976	+	681	80	93	106	91	55	72	117	64	72
SC_RS35555	NC_003888.3	7414995	7415231	-	237	124	112	163	108	68	85	187	158	144
SC_RS35560	NC_003888.3	7415327	7415983	-	657	140	139	187	334	259	277	395	348	253
SC_RS35565	NC_003888.3	7416216	7416875	+	660	70	53	109	23	25	18	62	28	68
SC_RS35570	NC_003888.3	7416896	7417258	-	363	2	7	4	0	0	1	22	7	20
SC_RS35575	NC_003888.3	7417332	7418273	-	942	6	4	2	5	4	9	49	9	47
SC_RS35580	NC_003888.3	7418270	7418440	-	171	1	2	1	1	2	2	7	2	5
SC_RS35585	NC_003888.3	7418437	7419516	-	1080	7	4	3	16	6	10	91	23	76
SC_RS35590	NC_003888.3	7419742	7422456	+	2715	4	2	5	178	101	59	1501	1161	951
SC_RS35595	NC_003888.3	7422494	7422622	+	129	0	0	0	79	52	26	2036	1942	1261
SC_RS35600	NC_003888.3	7422658	7424568	+	1911	3	3	3	68	43	35	673	543	547
SC_RS35605	NC_003888.3	7424565	7426391	+	1827	1	1	0	28	14	18	304	212	218
SC_RS35610	NC_003888.3	7426396	7427004	-	609	0	0	0	40	43	58	169	138	147
SC_RS35615	NC_003888.3	7427533	7428411	+	879	453	311	443	139	121	151	154	112	94
SC_RS35620	NC_003888.3	7428452	7433488	+	5037	606	602	737	373	396	489	532	307	386
SC_RS35625	NC_003888.3	7433569	7437084	+	3516	90	110	101	15	29	33	221	46	156
SC_RS35630	NC_003888.3	7437081	7438847	+	1767	12	11	15	13	7	11	94	16	82
SC_RS35635	NC_003888.3	7438926	7440227	-	1302	14	11	19	137	91	98	104	37	83
SC_RS35640	NC_003888.3	7440399	7442462	+	2064	25	23	33	15043	14766	15244	993	725	495
SC_RS35645	NC_003888.3	7442516	7443469	-	954	118	121	167	255	228	266	174	171	181
SC_RS35650	NC_003888.3	7443466	7444281	-	816	100	65	110	186	187	294	135	172	128
SC_RS35655	NC_003888.3	7444457	7445071	+	615	351	306	437	598	386	670	700	685	550
SC_RS35660	NC_003888.3	7445240	7446283	-	1044	258	269	305	366	417	468	288	290	247
SC_RS35665	NC_003888.3	7446559	7449240	+	2682	239	210	266	1535	1264	1658	993	789	820
SC_RS35670	NC_003888.3	7449267	7450385	-	1119	28	35	55	47	37	55	99	37	70
SC_RS35675	NC_003888.3	7450391	7451755	-	1365	25	23	27	17	23	28	83	31	60
SC_RS35680	NC_003888.3	7451752	7452357	-	606	11	10	13	15	8	5	26	7	23
SC_RS35685	NC_003888.3	7452364	7453137	-	774	7	5	8	5	4	6	36	9	43
SC_RS35690	NC_003888.3	7453156	7454358	-	1203	22	7	15	9	19	13	78	21	61
SC_RS35695	NC_003888.3	7454355	7455008	-	654	8	12	12	16	13	6	41	14	35
SC_RS35700	NC_003888.3	7455008	7455790	-	783	17	20	22	18	9	20	57	20	49
SC_RS35705	NC_003888.3	7456000	7456464	+	465	37	28	36	15	17	9	63	35	58
SC_RS35710	NC_003888.3	7456480	7457457	-	978	8	10	3	5	7	6	94	30	65
SC_RS35715	NC_003888.3	7457668	7458858	+	1191	10	4	9	36	26	44	140	74	91
SC_RS35720	NC_003888.3	7458874	7459941	-	1068	17	17	24	21	17	21	84	19	71
SC_RS35725	NC_003888.3	7460154	7460492	+	339	3	5	1	107	96	127	88	104	93
SC_RS35730	NC_003888.3	7460584	7461609	+	1026	38	35	56	138	140	174	159	133	142
SC_RS35735	NC_003888.3	7461626	7463815	-	2190	7	9	7	139	86	121	715	779	688
SC_RS35740	NC_003888.3	7463830	7466307	-	2478	18	13	8	132	134	107	866	765	686
SC_RS35745	NC_003888.3	7466508	7467539	+	1032	7	7	14	44	27	20	155	58	106
SC_RS35750	NC_003888.3	7467726	7468784	+	1059	82	70	133	138	101	150	188	119	158
SC_RS35755	NC_003888.3	7468890	7469681	-	792	406	369	409	130	137	114	176	146	160
SC_RS35760	NC_003888.3	7469875	7470120	+	246	83	84	115	62	59	40	187	187	165
SC_RS35765	NC_003888.3	7470181	7470306	-	126	529	467	596	156	226	188	122	102	130
SC_RS35770	NC_003888.3	7470453	7470647	+	195	134	140	171	102	96	61	79	53	84
SC_RS35775	NC_003888.3	7470692	7471666	-	975	2948	3161	4070	3339	3741	3654	3125	2688	2718
SC_RS35780	NC_003888.3	7471875	7472651	-	777	19	17	38	47	47	41	78	77	93
SC_RS35785	NC_003888.3	7472768	7475026	-	2259	28	21	27	18	7	18	136	44	96
SC_RS35790	NC_003888.3	7475037	7476671	-	1635	76	92	101	27	44	31	111	63	104
SC_RS35795	NC_003888.3	7476971	7477642	+	672	27	34	20	53	34	22	93	61	91
SC_RS35800	NC_003888.3	7477705	7478121	-	417	396	407	476	1178	1258	964	697	743	603
SC_RS35805	NC_003888.3	7478448	7479494	+	1047	42	37	39	108	101	92	131	77	117
SC_RS35810	NC_003888.3	7479567	7479896	+	330	110	96	141	78	87	89	218	205	185
SC_RS35815	NC_003888.3	7479906	7480202	-	297	143	124	178	252	232	237	89	91	118
SC_RS35820	NC_003888.3	7480244	7480945	+	702	102	108	120	43	79	86	124	81	83
SC_RS35825	NC_003888.3	7480933	7481127	-	195	14	13	27	12	15	15	31	14	34
SC_RS35830	NC_003888.3	7481296	7481442	+	147	526	536	557	526	391	273	914	1007	944
SC_RS35835	NC_003888.3	7481508	7482698	-	1191	210	235	248	173	129	95	307	183	287
SC_RS35840	NC_003888.3	7482906	7484102	+	1197	37	35	46	40	20	35	133	65	121
SC_RS35845	NC_003888.3	7484114	7485328	+	1215	91	107	121	219	189	247	267	210	229
SC_RS35850	NC_003888.3	7485381	7487561	+	2181	184	179	201	374	334	411	516	399	413
SC_RS35855	NC_003888.3	7487571	7488326	-	756	43	34	61	26	16	27	85	35	48
SC_RS35860	NC_003888.3	7488549	7490018	+	1470	215	184	294	99	97	101	135	112	142
SC_RS35865	NC_003888.3	7490061	7490546	+	486	220	216	314	76	47	69	87	41	66
SC_RS35870	NC_003888.3	7490559	7492055	-	1497	118	124	152	4008	2396	5677	693	744	595
SC_RS35875	NC_003888.3	7492490	7493788	+	1299	15	11	16	51	36	45	147	83	104
SC_RS35880	NC_003888.3	7493869	7495605	+	1737	95	93	144	129	99	132	206	172	192
SC_RS35885	NC_003888.3	7495638	7496600	-	963	386	393	550	309	273	350	236	235	281
SC_RS35890	NC_003888.3	7496667	7497704	+	1038	4	6	5	26	12	27	131	122	138
SC_RS35895	NC_003888.3	7497718	7499361	+	1644	359	289	419	135	97	141	212	139	188
SC_RS35900	NC_003888.3	7499508	7501850	-	2343	2120	2036	2606	1243	1153	1258	889	878	741
SC_RS35905	NC_003888.3	7501965	7502096	-	132	21	23	18	32	23	34	23	34	34
SC_RS35910	NC_003888.3	7502204	7503073	-	870	69	53	74	70	59	64	108	56	90
SC_RS35915	NC_003888.3	7503189	7504166	+	978	10	8	18	27	27	32	78	30	55
SC_RS35920	NC_003888.3	7504216	7504851	+	636	8	6	18	30	33	35	80	33	53
SC_RS35925	NC_003888.3	7504838	7505593	-	756	130	142	185	122	116	151	217	134	180
SC_RS35930	NC_003888.3	7505789	7506241	+	453	23	33	44	984	881	758	712	785	700
SC_RS35935	NC_003888.3	7506308	7506901	-	594	580	549	725	1270	1276	1175	875	712	712
SC_RS35940	NC_003888.3	7507178	7508116	-	939	300	308	417	703	585	707	120	139	121
SC_RS35945	NC_003888.3	7508594	7510411	+	1818	1223	1163	1380	49	42	69	181	92	159
SC_RS35950	NC_003888.3	7510408	7511160	+	753	1739	1937	2388	75	73	109	197	182	197
SC_RS35955	NC_003888.3	7511148	7512209	+	1062	1601	1548	1879	78	76	98	164	124	162
SC_RS35960	NC_003888.3	7512187	7512966	+	780	976	1025	1207	40	30	31	92	77	81
SC_RS35965	NC_003888.3	7512975	7513847	+	873	613	616	751	14	15	28	87	49	76
SC_RS35970	NC_003888.3	7513947	7514876	+	930	789	736	982	169	142	189	169	142	138
SC_RS35975	NC_003888.3	7514869	7515657	+	789	784	835	1028	267	224	251	234	200	195
SC_RS35980	NC_003888.3	7516017	7516928	+	912	246	205	310	365	355	525	341	370	288
SC_RS35985	NC_003888.3	7516925	7517875	+	951	282	285	372	522	467	593	456	372	336
SC_RS35990	NC_003888.3	7517875	7518033	+	159	33	27	36	51	26	69	38	45	49
SC_RS35995	NC_003888.3	7518030	7519466	+	1437	514	553	575	1089	776	984	1860	1313	1572
SC_RS36000	NC_003888.3	7519535	7520599	+	1065	517	572	694	535	555	788	395	484	363
SC_RS36005	NC_003888.3	7520716	7522758	+	2043	332	373	388	1680	1925	2446	1174	1244	1014
SC_RS36010	NC_003888.3	7522758	7523399	+	642	20	30	45	224	301	355	128	144	126
SC_RS36015	NC_003888.3	7523406	7524428	+	1023	79	105	127	1455	1507	2025	721	758	671
SC_RS36020	NC_003888.3	7524433	7525587	+	1155	98	106	114	1785	1941	2411	851	985	845
SC_RS36025	NC_003888.3	7525613	7527583	+	1971	39	49	59	1755	1822	2236	925	875	821
SC_RS36030	NC_003888.3	7527584	7528969	+	1386	40	36	40	1535	1532	1703	627	657	616
SC_RS36035	NC_003888.3	7529043	7529657	+	615	470	438	603	374	331	431	184	200	142
SC_RS36040	NC_003888.3	7529654	7529773	+	120	151	141	195	154	138	135	106	108	68
SC_RS36045	NC_003888.3	7529795	7530592	-	798	300	303	388	397	396	452	336	264	286
SC_RS36050	NC_003888.3	7531179	7532117	+	939	18	23	21	91	147	214	81	36	70
SC_RS36055	NC_003888.3	7532361	7533146	+	786	144	113	144	4757	4199	4825	473	538	444
SC_RS36060	NC_003888.3	7533249	7533869	-	621	377	321	425	459	373	439	218	216	192
SC_RS36065	NC_003888.3	7534021	7535214	+	1194	337	349	478	617	560	826	479	414	368
SC_RS36070	NC_003888.3	7535353	7536285	-	933	210	222	262	154	156	187	153	114	131
SC_RS36075	NC_003888.3	7536362	7537048	-	687	428	451	573	275	247	254	223	190	188
SC_RS36080	NC_003888.3	7537508	7538713	+	1206	15	12	12	11	11	12	94	18	55
SC_RS36085	NC_003888.3	7538739	7539902	-	1164	92	110	134	139	120	204	199	194	217
SC_RS36090	NC_003888.3	7540064	7541155	-	1092	22	27	39	53	36	36	123	85	125
SC_RS36095	NC_003888.3	7541152	7541619	-	468	11	11	19	26	23	31	65	41	59
SC_RS36100	NC_003888.3	7541642	7542313	-	672	29	19	19	30	25	38	82	31	63
SC_RS36105	NC_003888.3	7542559	7543722	+	1164	2	0	2	4	5	6	79	18	59
SC_RS36110	NC_003888.3	7543722	7544747	+	1026	1	1	0	8	3	3	52	12	43
SC_RS36115	NC_003888.3	7544738	7545892	+	1155	2	2	1	9	8	6	65	9	42
SC_RS36120	NC_003888.3	7545965	7547179	+	1215	0	4	3	10	12	15	89	31	70
SC_RS36125	NC_003888.3	7547223	7549424	+	2202	17	31	31	43	47	48	190	79	169
SC_RS36130	NC_003888.3	7549461	7551299	+	1839	53	35	40	94	83	83	192	96	127
SC_RS36135	NC_003888.3	7551380	7552519	-	1140	5	3	8	7	4	6	78	20	55
SC_RS36140	NC_003888.3	7552594	7553190	+	597	156	150	218	124	91	131	157	96	120
SC_RS36145	NC_003888.3	7553214	7554719	-	1506	10	4	5	10	6	13	85	27	86
SC_RS36150	NC_003888.3	7555369	7557321	+	1953	3	6	4	2607	2263	2716	1107	981	881
SC_RS36155	NC_003888.3	7557438	7557872	+	435	2	0	1	738	642	630	411	370	270
SC_RS36160	NC_003888.3	7557875	7558249	+	375	0	2	1	358	361	395	190	176	151
SC_RS36165	NC_003888.3	7558227	7558856	+	630	3	1	2	1166	1045	1209	647	533	441
SC_RS36170	NC_003888.3	7558853	7559428	+	576	0	1	2	657	601	662	349	258	260
SC_RS36175	NC_003888.3	7559630	7560658	+	1029	337	313	343	175	103	173	80	46	89
SC_RS36180	NC_003888.3	7560698	7561891	+	1194	262	280	269	289	184	269	121	68	77
SC_RS36185	NC_003888.3	7561923	7562825	+	903	292	285	338	90	57	90	90	36	71
SC_RS36190	NC_003888.3	7562872	7563450	+	579	88	88	120	22	13	20	43	8	23
SC_RS36195	NC_003888.3	7563447	7563992	+	546	48	27	34	16	15	5	34	9	20
SC_RS36200	NC_003888.3	7564023	7564382	+	360	110	91	162	33	34	31	53	31	31
SC_RS36205	NC_003888.3	7564533	7565837	+	1305	313	281	359	142	125	140	147	93	130
SC_RS36210	NC_003888.3	7565958	7566031	+	74	30	20	22	3	16	12	12	4	10
SC_RS36215	NC_003888.3	7566130	7567347	-	1218	15	19	16	4	4	8	83	22	70
SC_RS36220	NC_003888.3	7567337	7567666	-	330	0	2	4	11	6	6	21	13	19
SC_RS36225	NC_003888.3	7568251	7570044	-	1794	50	44	76	45	29	62	137	51	119
SC_RS36230	NC_003888.3	7570606	7570968	-	363	31	34	42	583	554	533	253	159	137
SC_RS36235	NC_003888.3	7571107	7572336	-	1230	7	3	6	1	13	16	135	63	114
SC_RS36240	NC_003888.3	7572343	7572801	-	459	12	6	16	48	33	32	534	587	352
SC_RS36245	NC_003888.3	7572869	7574263	-	1395	26	11	40	60	33	53	497	499	419
SC_RS36250	NC_003888.3	7574420	7574779	+	360	32	22	38	89	74	95	264	257	210
SC_RS36255	NC_003888.3	7574849	7575238	+	390	10	12	20	31	41	58	101	121	107
SC_RS36260	NC_003888.3	7575359	7576048	-	690	1	0	4	30	19	34	48	39	49
SC_RS36265	NC_003888.3	7576036	7577847	-	1812	4	5	15	45	24	59	106	47	124
SC_RS36270	NC_003888.3	7577851	7578723	-	873	4	2	4	36	19	64	50	43	55
SC_RS36275	NC_003888.3	7579044	7579403	-	360	3	0	4	35	23	53	48	26	43
SC_RS36280	NC_003888.3	7579400	7580935	-	1536	1	9	3	182	150	352	174	100	118
SC_RS36285	NC_003888.3	7580932	7582254	-	1323	1	5	4	154	147	338	126	86	144
SC_RS36290	NC_003888.3	7582309	7584831	-	2523	4	2	6	242	222	466	253	121	207
SC_RS36295	NC_003888.3	7584942	7585664	-	723	5	2	1	209	196	388	154	142	150
SC_RS36300	NC_003888.3	7586410	7587975	+	1566	18	15	17	550	560	898	122	51	76
SC_RS36305	NC_003888.3	7588044	7588445	+	402	244	248	294	522	512	767	404	352	306
SC_RS36310	NC_003888.3	7588532	7589635	-	1104	6	3	7	84	79	167	97	45	88
SC_RS36315	NC_003888.3	7589632	7590327	-	696	5	3	9	32	15	59	48	20	25
SC_RS36320	NC_003888.3	7590412	7591452	-	1041	4	2	5	79	42	173	116	53	84
SC_RS36325	NC_003888.3	7591479	7598555	-	7077	12	9	8	303	234	661	497	166	385
SC_RS36330	NC_003888.3	7599249	7600730	+	1482	57	59	89	1971	2200	2913	1450	1394	1028
SC_RS36335	NC_003888.3	7600790	7601569	-	780	50	35	49	200	176	205	204	165	167
SC_RS36340	NC_003888.3	7601654	7602007	+	354	24	31	44	57	54	62	66	44	74
SC_RS36345	NC_003888.3	7602498	7602773	+	276	2	1	2	8	7	13	23	12	37
SC_RS36350	NC_003888.3	7602829	7604424	+	1596	15	15	14	43	36	48	136	50	102
SC_RS36355	NC_003888.3	7604468	7604857	+	390	12	12	11	30	24	41	64	42	48
SC_RS36360	NC_003888.3	7605261	7606241	-	981	14	19	26	63	61	94	105	45	82
SC_RS36365	NC_003888.3	7606238	7606651	-	414	19	25	39	45	47	74	50	43	46
SC_RS36370	NC_003888.3	7606744	7607052	+	309	11	10	12	24	29	46	45	40	37
SC_RS36375	NC_003888.3	7607049	7608155	+	1107	37	31	53	86	73	103	99	50	84
SC_RS36380	NC_003888.3	7608214	7609278	+	1065	32	26	32	34	34	68	105	40	75
SC_RS36385	NC_003888.3	7609452	7610765	-	1314	4	9	4	2	5	1	83	12	71
SC_RS36390	NC_003888.3	7610762	7612807	-	2046	7	11	13	5	7	5	116	22	108
SC_RS36395	NC_003888.3	7613491	7614387	+	897	14	10	15	21	23	37	89	42	64
SC_RS36400	NC_003888.3	7614564	7615928	-	1365	1	0	1	3	5	2	80	7	44
SC_RS36405	NC_003888.3	7615994	7617112	-	1119	2	0	2	1	1	4	65	17	43
SC_RS36410	NC_003888.3	7617112	7618383	-	1272	1	1	0	0	2	3	65	15	60
SC_RS36415	NC_003888.3	7618380	7619342	-	963	0	0	0	1	0	2	55	19	48
SC_RS36420	NC_003888.3	7619557	7619847	-	291	3	2	0	0	0	0	26	13	25
SC_RS36425	NC_003888.3	7620051	7620230	-	180	0	0	0	0	0	0	14	5	9
SC_RS36430	NC_003888.3	7620290	7620910	-	621	0	0	0	0	0	1	20	4	17
SC_RS36435	NC_003888.3	7621003	7621461	-	459	3	0	0	1	0	0	22	4	24
SC_RS36440	NC_003888.3	7621458	7623257	-	1800	3	4	2	7	6	3	96	14	77
SC_RS36445	NC_003888.3	7623285	7624064	-	780	0	0	2	1	0	2	44	11	28
SC_RS36450	NC_003888.3	7624067	7624633	-	567	1	0	0	2	0	0	34	9	17
SC_RS36455	NC_003888.3	7624664	7625485	-	822	2	0	0	2	1	1	34	3	33
SC_RS36460	NC_003888.3	7625476	7625829	-	354	0	1	0	0	0	0	13	2	9
SC_RS36465	NC_003888.3	7625857	7626660	-	804	5	6	5	2	5	0	29	12	37
SC_RS36470	NC_003888.3	7626657	7627040	-	384	0	0	2	1	0	0	27	5	23
SC_RS36475	NC_003888.3	7627477	7628124	-	648	2	1	1	0	3	0	35	4	30
SC_RS36480	NC_003888.3	7628121	7628879	-	759	2	1	1	1	1	0	45	9	35
SC_RS36485	NC_003888.3	7628905	7629609	-	705	1	5	0	1	0	0	36	6	27
SC_RS36490	NC_003888.3	7629623	7630453	-	831	2	5	2	1	1	3	54	17	33
SC_RS36495	NC_003888.3	7630450	7630887	-	438	3	1	3	1	5	0	30	4	27
SC_RS36500	NC_003888.3	7631006	7632703	-	1698	47	50	62	26	30	36	127	46	94
SC_RS36505	NC_003888.3	7632712	7633056	-	345	98	87	135	60	42	52	68	58	63
SC_RS36510	NC_003888.3	7633190	7633681	-	492	0	3	1	2	0	4	29	11	23
SC_RS36515	NC_003888.3	7633888	7635678	-	1791	5	10	11	3	4	5	105	21	65
SC_RS36520	NC_003888.3	7635675	7636820	-	1146	2	1	3	2	1	0	63	16	46
SC_RS36525	NC_003888.3	7637008	7637229	-	222	2	0	0	0	0	0	16	3	17
SC_RS36530	NC_003888.3	7637267	7638457	-	1191	1	1	1	2	1	0	57	9	48
SC_RS36535	NC_003888.3	7638454	7638912	-	459	0	2	0	1	0	1	24	2	12
SC_RS36540	NC_003888.3	7638950	7640056	-	1107	2	0	1	1	1	1	66	11	57
SC_RS36545	NC_003888.3	7640049	7640792	-	744	0	1	2	2	1	2	28	9	24
SC_RS36550	NC_003888.3	7640844	7641461	-	618	0	1	0	1	0	2	23	6	44
SC_RS36555	NC_003888.3	7641501	7642535	-	1035	2	2	0	1	0	0	50	9	46
SC_RS36560	NC_003888.3	7642591	7643502	-	912	0	0	0	1	1	5	39	6	50
SC_RS36565	NC_003888.3	7643492	7643716	-	225	0	0	0	0	0	0	17	0	5
SC_RS36570	NC_003888.3	7643807	7644442	-	636	0	0	0	0	0	0	30	9	32
SC_RS36575	NC_003888.3	7644396	7644821	-	426	0	0	0	0	2	0	32	8	24
SC_RS36580	NC_003888.3	7644900	7645406	-	507	0	1	4	0	0	1	39	5	26
SC_RS36585	NC_003888.3	7645403	7646185	-	783	0	2	1	4	0	1	33	4	42
SC_RS36590	NC_003888.3	7646264	7647787	-	1524	2	1	3	3	6	1	83	18	60
SC_RS36595	NC_003888.3	7647816	7648277	-	462	0	0	0	0	2	1	24	6	24
SC_RS36600	NC_003888.3	7648378	7649850	-	1473	0	1	0	0	0	7	92	13	93
SC_RS36605	NC_003888.3	7649943	7651331	-	1389	3	2	4	3	2	6	68	16	85
SC_RS36610	NC_003888.3	7651368	7652060	-	693	0	2	1	1	1	1	44	7	31
SC_RS36615	NC_003888.3	7652060	7652374	-	315	0	0	2	0	0	0	20	3	15
SC_RS36620	NC_003888.3	7652497	7653630	-	1134	2	2	0	3	2	0	74	7	48
SC_RS36625	NC_003888.3	7654146	7654901	+	756	0	1	1	0	1	0	40	13	42
SC_RS36630	NC_003888.3	7655068	7655703	+	636	0	0	0	1	0	0	23	8	37
SC_RS36635	NC_003888.3	7655700	7656185	+	486	0	1	0	1	0	0	25	3	14
SC_RS36640	NC_003888.3	7656204	7656902	+	699	0	0	0	2	1	0	45	7	33
SC_RS36645	NC_003888.3	7656920	7657660	+	741	1	0	0	0	1	1	43	8	31
SC_RS36650	NC_003888.3	7657842	7658154	+	313	0	0	0	0	0	0	19	2	10
SC_RS36655	NC_003888.3	7658251	7658733	+	483	0	1	0	0	1	0	37	7	16
SC_RS36660	NC_003888.3	7658730	7659174	+	445	0	0	0	0	0	0	19	7	24
SC_RS36665	NC_003888.3	7659185	7659598	+	414	0	0	0	0	2	1	30	8	17
SC_RS36670	NC_003888.3	7659639	7660481	+	843	1	0	1	1	0	1	41	8	34
SC_RS36675	NC_003888.3	7660478	7660993	+	516	0	0	0	1	0	2	21	8	22
SC_RS36680	NC_003888.3	7660990	7662225	+	1236	1	0	2	0	4	2	57	20	49
SC_RS36685	NC_003888.3	7662267	7662569	+	303	0	0	0	1	2	0	14	1	8
SC_RS36690	NC_003888.3	7662605	7663855	+	1251	1	1	1	1	0	1	62	15	64
SC_RS36695	NC_003888.3	7663852	7665003	+	1152	9	6	8	4	3	3	45	17	55
SC_RS36700	NC_003888.3	7665000	7665629	+	630	0	0	0	3	0	0	36	9	30
SC_RS36705	NC_003888.3	7665653	7666519	+	867	0	0	0	0	0	1	59	9	34
SC_RS36710	NC_003888.3	7666548	7667036	+	489	0	0	0	0	1	0	31	5	25
SC_RS36715	NC_003888.3	7667138	7667884	+	747	0	0	0	0	0	1	43	10	42
SC_RS36720	NC_003888.3	7667918	7668928	+	1011	0	1	0	3	3	3	55	11	70
SC_RS36725	NC_003888.3	7669060	7669404	+	345	8	5	9	17	11	14	57	33	53
SC_RS36730	NC_003888.3	7669618	7671186	-	1569	47	41	48	968	879	1061	900	663	709
SC_RS36735	NC_003888.3	7671335	7672108	+	774	11	4	10	2	5	10	66	21	51
SC_RS36740	NC_003888.3	7672687	7673991	-	1305	14	14	23	61	67	88	185	120	149
SC_RS36745	NC_003888.3	7674846	7675178	+	333	2	6	6	12	6	8	41	25	36
SC_RS36750	NC_003888.3	7675634	7676473	-	840	2	2	4	1	5	1	14	7	10
SC_RS36755	NC_003888.3	7676742	7677550	+	809	1	1	2	6	5	5	41	9	28
SC_RS36760	NC_003888.3	7677996	7678349	+	354	25	22	24	22	17	20	46	24	26
SC_RS36765	NC_003888.3	7678455	7678745	+	291	6	2	7	3	4	7	18	8	19
SC_RS36770	NC_003888.3	7678761	7679582	+	822	14	13	24	11	10	14	55	21	54
SC_RS36775	NC_003888.3	7679755	7680447	-	693	11	21	30	5	6	7	43	4	45
SC_RS36780	NC_003888.3	7680528	7680971	-	444	159	184	224	86	112	108	68	29	47
SC_RS36785	NC_003888.3	7681180	7682922	-	1743	3	5	3	8	3	6	111	15	79
SC_RS36790	NC_003888.3	7682938	7683549	-	612	2	0	2	1	0	2	22	3	16
SC_RS36795	NC_003888.3	7683546	7683782	-	237	0	0	0	0	1	0	9	2	11
SC_RS36800	NC_003888.3	7683869	7684060	-	192	0	1	1	0	0	1	5	0	3
SC_RS36805	NC_003888.3	7684057	7685787	-	1731	0	1	4	0	1	2	93	13	96
SC_RS36810	NC_003888.3	7685784	7686425	-	642	0	0	0	1	1	1	42	9	16
SC_RS36815	NC_003888.3	7686586	7687302	-	717	1	5	4	0	1	1	34	3	27
SC_RS36820	NC_003888.3	7687305	7688201	-	897	15	13	19	3	1	1	66	17	45
SC_RS36825	NC_003888.3	7689444	7689767	-	324	16	2	12	2	3	2	33	4	35
SC_RS36830	NC_003888.3	7689750	7690454	+	705	63	44	54	18	8	24	36	18	45
SC_RS36835	NC_003888.3	7690550	7690702	+	153	2	2	9	1	2	1	20	2	13
SC_RS36840	NC_003888.3	7691161	7691616	+	456	112	108	167	330	372	364	189	208	188
SC_RS36845	NC_003888.3	7691781	7692905	-	1125	36	32	42	67	71	60	401	361	326
SC_RS36850	NC_003888.3	7692907	7694997	-	2091	42	51	51	129	109	131	1488	1307	1117
SC_RS36855	NC_003888.3	7695016	7696275	-	1260	0	2	5	13	10	17	288	231	223
SC_RS36860	NC_003888.3	7696262	7699360	-	3099	4	15	11	17	18	9	682	529	528
SC_RS36865	NC_003888.3	7699447	7699626	-	180	2	0	1	17	13	19	906	914	708
SC_RS36870	NC_003888.3	7699664	7699795	-	132	0	1	1	20	19	20	840	929	721
SC_RS36875	NC_003888.3	7699902	7700069	-	168	2	0	0	6	6	10	205	230	166
SC_RS36880	NC_003888.3	7700261	7700728	-	468	1	6	2	11	5	5	328	234	170
SC_RS36885	NC_003888.3	7700803	7701378	-	576	1	3	1	4	12	11	222	220	153
SC_RS36890	NC_003888.3	7701375	7701950	-	576	2	2	4	3	1	8	217	160	109
SC_RS36895	NC_003888.3	7702025	7702498	-	474	0	3	2	2	5	3	116	90	91
SC_RS36900	NC_003888.3	7702634	7703887	-	1254	0	0	2	2	12	6	334	243	239
SC_RS36905	NC_003888.3	7703970	7704611	-	642	0	0	1	3	11	0	240	221	159
SC_RS36910	NC_003888.3	7704611	7705189	-	579	0	0	0	4	4	3	186	132	130
SC_RS36915	NC_003888.3	7705245	7705652	-	408	1	1	4	7	6	4	211	203	191
SC_RS36920	NC_003888.3	7705649	7706164	-	516	1	1	4	3	1	4	223	204	180
SC_RS36925	NC_003888.3	7706226	7707743	-	1518	0	5	3	15	12	11	638	489	478
SC_RS36930	NC_003888.3	7707771	7709672	-	1902	1	6	2	12	7	15	601	468	440
SC_RS36935	NC_003888.3	7709876	7710373	-	498	2	0	0	12	7	19	363	347	306
SC_RS36940	NC_003888.3	7710563	7711951	+	1389	72	56	77	151	163	186	348	241	270
SC_RS36945	NC_003888.3	7712024	7712521	+	498	111	115	171	173	195	188	194	149	158
SC_RS36950	NC_003888.3	7712805	7713266	-	462	2	4	9	10	17	7	567	415	402
SC_RS36955	NC_003888.3	7713425	7714828	+	1404	39	24	36	987	801	930	745	596	509
SC_RS36960	NC_003888.3	7714825	7715706	+	882	171	157	203	276	304	337	310	219	210
SC_RS36965	NC_003888.3	7715801	7716844	-	1044	169	166	203	171	148	179	219	167	200
SC_RS36970	NC_003888.3	7717864	7719441	-	1578	217	209	251	67	80	103	188	105	173
SC_RS36975	NC_003888.3	7719817	7722720	+	2904	6	5	4	5	7	5	165	38	159
SC_RS36980	NC_003888.3	7722717	7723481	+	765	2	0	4	1	4	1	32	10	39
SC_RS36985	NC_003888.3	7723478	7725217	+	1740	7	8	13	5	6	5	103	24	72
SC_RS36990	NC_003888.3	7725214	7725813	+	600	10	8	6	3	3	1	38	10	20
SC_RS36995	NC_003888.3	7725810	7726127	+	318	8	12	13	5	2	6	14	1	16
SC_RS37000	NC_003888.3	7726124	7726489	+	366	41	37	53	47	29	22	63	22	36
SC_RS37005	NC_003888.3	7726503	7727030	-	528	456	417	526	667	631	646	455	402	380
SC_RS37010	NC_003888.3	7727111	7728259	-	1149	14	17	19	402	310	394	472	442	431
SC_RS37015	NC_003888.3	7728261	7729661	-	1401	47	55	56	1185	1102	1458	1333	1433	1379
SC_RS37020	NC_003888.3	7729774	7730619	-	846	0	1	1	1	4	0	51	8	44
SC_RS37025	NC_003888.3	7730937	7731587	-	651	0	3	6	10	6	10	41	12	40
SC_RS37030	NC_003888.3	7731590	7731922	-	333	2	5	0	1	4	4	18	8	16
SC_RS37035	NC_003888.3	7731868	7732188	-	321	4	6	2	8	8	8	15	10	19
SC_RS37040	NC_003888.3	7732266	7733075	-	810	19	12	16	58	48	37	57	31	52
SC_RS37045	NC_003888.3	7733254	7734441	+	1188	20	17	30	60	64	41	98	29	60
SC_RS37050	NC_003888.3	7734509	7736044	+	1536	11	25	22	51	67	50	89	33	77
SC_RS37055	NC_003888.3	7736107	7736880	+	774	52	52	41	28	28	33	75	18	68
SC_RS37060	NC_003888.3	7736807	7738927	-	2121	67	69	86	32	39	47	162	50	108
SC_RS37065	NC_003888.3	7739022	7739795	-	774	210	202	277	312	277	349	222	204	197
SC_RS37070	NC_003888.3	7739853	7740392	-	540	61	49	59	63	50	57	59	67	79
SC_RS37075	NC_003888.3	7740493	7740566	+	74	6	6	9	1	2	0	8	6	5
SC_RS37080	NC_003888.3	7740635	7741057	-	423	37	47	76	110	117	143	89	95	95
SC_RS37085	NC_003888.3	7741171	7741956	-	786	13	17	12	25	17	18	65	19	54
SC_RS37090	NC_003888.3	7742010	7743884	-	1875	26	37	41	56	52	43	150	59	111
SC_RS37095	NC_003888.3	7743881	7744777	-	897	24	21	29	28	26	26	40	32	54
SC_RS37100	NC_003888.3	7744831	7745727	-	897	21	21	37	20	16	14	54	13	51
SC_RS37105	NC_003888.3	7745741	7746703	-	963	32	34	38	34	20	26	81	28	75
SC_RS37110	NC_003888.3	7746957	7747979	+	1023	98	91	93	143	130	176	194	143	170
SC_RS37115	NC_003888.3	7747979	7749055	+	1077	51	65	76	79	64	80	137	65	128
SC_RS37120	NC_003888.3	7749062	7750054	+	993	35	39	25	37	47	39	126	61	75
SC_RS37125	NC_003888.3	7750057	7750959	+	903	42	35	51	57	49	52	105	64	76
SC_RS37130	NC_003888.3	7751075	7751488	+	414	302	229	363	79	74	60	132	118	131
SC_RS37135	NC_003888.3	7751527	7752531	-	1005	88	64	80	29	24	24	76	25	56
SC_RS37140	NC_003888.3	7752600	7753763	-	1164	33	36	41	17	20	20	52	13	58
SC_RS37145	NC_003888.3	7753893	7754939	+	1047	18	10	23	26	33	35	73	25	60
SC_RS37150	NC_003888.3	7755003	7755470	+	468	0	4	1	6	1	3	41	5	28
SC_RS37155	NC_003888.3	7755494	7755643	+	150	5	1	4	5	6	1	24	2	13
SC_RS37160	NC_003888.3	7755621	7756784	-	1164	86	82	80	98	82	61	94	61	106
SC_RS37165	NC_003888.3	7756901	7757254	-	354	22	14	16	33	29	29	32	31	25
SC_RS37170	NC_003888.3	7757496	7758473	-	978	57	48	65	130	137	124	78	55	77
SC_RS37175	NC_003888.3	7758904	7759110	+	207	0	1	0	1	0	2	14	3	18
SC_RS37180	NC_003888.3	7759229	7759302	+	74	0	3	5	0	2	0	15	7	19
SC_RS37185	NC_003888.3	7759825	7760904	-	1080	13	15	9	26	28	44	2481	2411	1949
SC_RS37190	NC_003888.3	7760977	7762803	+	1827	8	4	6	16	15	16	591	596	585
SC_RS37195	NC_003888.3	7762852	7766040	-	3189	164	173	202	336	311	295	433	394	380
SC_RS37200	NC_003888.3	7766257	7767690	+	1434	9	8	21	18	22	18	919	785	709
SC_RS37205	NC_003888.3	7767699	7768337	+	639	116	113	149	82	77	84	572	615	495
SC_RS37210	NC_003888.3	7768334	7768825	+	492	80	78	102	86	75	69	553	510	484
SC_RS37215	NC_003888.3	7768860	7770083	-	1224	53	50	48	24	15	16	130	37	108
SC_RS37220	NC_003888.3	7770163	7770960	-	798	70	78	72	9	5	9	51	22	44
SC_RS37225	NC_003888.3	7771060	7773279	-	2220	5201	5521	6456	6312	6588	8368	5669	6229	4387
SC_RS37230	NC_003888.3	7773382	7774443	-	1062	144	137	195	154	124	118	156	81	101
SC_RS37235	NC_003888.3	7774616	7776130	-	1515	9	9	12	495	388	465	290	224	212
SC_RS37240	NC_003888.3	7776162	7777172	-	1011	34	25	46	355	360	349	463	474	448
SC_RS37245	NC_003888.3	7777445	7778884	+	1440	46	42	75	334	333	372	336	288	322
SC_RS37250	NC_003888.3	7778881	7780284	+	1404	7	7	9	85	66	112	127	56	105
SC_RS37255	NC_003888.3	7780281	7781531	+	1251	12	8	2	86	65	101	99	70	95
SC_RS37260	NC_003888.3	7781548	7782447	-	900	4	4	4	947	702	728	272	200	196
SC_RS37265	NC_003888.3	7782661	7784535	+	1875	23	23	30	117	83	132	810	652	600
SC_RS37270	NC_003888.3	7784586	7786367	-	1782	534	579	704	319	264	316	452	395	432
SC_RS37275	NC_003888.3	7786480	7788084	-	1605	14	15	18	23	18	9	102	29	96
SC_RS37280	NC_003888.3	7788229	7789104	-	876	8	10	7	18	13	27	59	20	27
SC_RS37285	NC_003888.3	7789123	7790082	-	960	18	23	18	27	17	22	65	15	46
SC_RS37290	NC_003888.3	7790150	7791565	-	1416	67	48	62	77	58	100	128	67	106
SC_RS37295	NC_003888.3	7791717	7792730	-	1014	151	131	205	99	76	106	63	31	53
SC_RS37300	NC_003888.3	7792823	7797112	-	4290	62	56	73	222	171	200	314	121	306
SC_RS37305	NC_003888.3	7797371	7798381	-	1011	73	106	129	88	66	94	82	22	54
SC_RS37310	NC_003888.3	7798420	7799325	-	906	97	99	117	22	18	30	64	51	83
SC_RS37315	NC_003888.3	7800107	7801600	+	1494	344	273	355	171	127	184	166	95	154
SC_RS37320	NC_003888.3	7801756	7804737	-	2982	38	31	36	6	6	5	206	40	182
SC_RS37325	NC_003888.3	7805118	7806839	+	1722	24	19	37	4	10	6	101	21	98
SC_RS37330	NC_003888.3	7807021	7808124	+	1104	177	150	206	1157	1107	1292	396	349	280
SC_RS37335	NC_003888.3	7808129	7809061	+	933	69	75	93	468	478	558	194	186	154
SC_RS37340	NC_003888.3	7809224	7810459	+	1236	20	27	23	53	73	83	77	26	69
SC_RS37345	NC_003888.3	7810502	7811068	+	567	16	15	19	57	59	41	73	41	68
SC_RS37350	NC_003888.3	7811193	7812110	-	918	65	60	67	42	35	41	77	34	65
SC_RS37355	NC_003888.3	7812182	7812625	+	444	0	0	2	1	0	1	27	4	18
SC_RS37360	NC_003888.3	7812783	7813832	-	1050	30	24	39	3	8	16	81	21	62
SC_RS37365	NC_003888.3	7813971	7815275	+	1305	6	8	10	7	9	18	117	30	75
SC_RS37370	NC_003888.3	7815286	7816242	+	957	2	13	9	9	4	5	52	10	50
SC_RS37375	NC_003888.3	7816239	7817057	+	819	7	4	3	2	0	1	73	16	40
SC_RS37380	NC_003888.3	7817054	7819447	+	2394	22	17	20	16	16	21	155	23	119
SC_RS37385	NC_003888.3	7819501	7820073	-	573	14	17	19	21	27	27	54	21	33
SC_RS37390	NC_003888.3	7820139	7821785	-	1647	147	138	186	180	130	196	282	248	235
SC_RS37395	NC_003888.3	7821937	7823205	+	1269	4	5	3	9	7	18	146	59	130
SC_RS37400	NC_003888.3	7823274	7824713	+	1440	4	0	1	10	9	9	199	70	128
SC_RS37405	NC_003888.3	7824771	7826216	+	1446	199	126	368	241	305	219	458	286	277
SC_RS37410	NC_003888.3	7826610	7830005	+	3396	18	13	23	21	18	18	247	64	208
SC_RS37415	NC_003888.3	7830042	7832324	-	2283	138	149	195	138	71	102	222	141	189
SC_RS37420	NC_003888.3	7832321	7832668	-	348	16	21	28	1	2	0	21	4	18
SC_RS37425	NC_003888.3	7832790	7834235	-	1446	242	293	356	38	53	54	176	111	158
SC_RS37430	NC_003888.3	7834447	7834857	+	411	74	51	75	38	35	33	65	55	49
SC_RS37435	NC_003888.3	7834891	7835298	-	408	126	126	197	111	118	151	264	223	287
SC_RS37440	NC_003888.3	7835428	7835715	+	288	10	9	11	145	83	106	196	177	234
SC_RS37445	NC_003888.3	7835928	7836392	+	465	87	79	105	27	24	29	54	38	48
SC_RS37450	NC_003888.3	7836389	7836733	+	345	16	11	13	6	7	11	21	7	21
SC_RS37455	NC_003888.3	7836730	7837104	+	375	20	12	13	5	5	8	31	10	19
SC_RS37460	NC_003888.3	7837144	7837980	+	837	28	28	28	28	27	27	76	37	51
SC_RS37465	NC_003888.3	7838003	7839061	-	1059	85	122	119	231	206	248	129	69	80
SC_RS37470	NC_003888.3	7839198	7840130	+	933	58	37	74	40	43	61	99	26	79
SC_RS37475	NC_003888.3	7840162	7841337	-	1176	27	14	18	8	9	11	72	32	63
SC_RS37480	NC_003888.3	7841463	7842710	-	1248	46	39	76	11	11	12	104	48	83
SC_RS37485	NC_003888.3	7842905	7843159	-	255	0	4	2	1	1	2	28	5	19
SC_RS37490	NC_003888.3	7843106	7843768	+	663	3	3	1	0	2	0	53	7	39
SC_RS37495	NC_003888.3	7843684	7844103	-	420	12	12	12	7	7	5	40	15	34
SC_RS37500	NC_003888.3	7844184	7844771	+	588	25	23	34	12	10	19	44	19	42
SC_RS37505	NC_003888.3	7844776	7845501	+	726	24	21	20	29	19	24	52	17	43
SC_RS37510	NC_003888.3	7845511	7846272	-	762	75	80	118	430	414	405	153	104	123
SC_RS37515	NC_003888.3	7846397	7847365	-	969	207	232	275	343	342	445	160	97	129
SC_RS37520	NC_003888.3	7847483	7848067	-	585	66	65	58	14	10	23	74	81	86
SC_RS37525	NC_003888.3	7848220	7849002	-	783	256	206	303	85	62	78	97	55	66
SC_RS37530	NC_003888.3	7848995	7849600	-	606	184	159	225	50	37	57	58	22	51
SC_RS37535	NC_003888.3	7849651	7850187	-	537	47	36	47	19	25	27	36	15	31
SC_RS37540	NC_003888.3	7850449	7851291	+	843	47	53	61	18	21	21	74	23	64
SC_RS37545	NC_003888.3	7851281	7853389	-	2109	35	30	37	29	16	22	173	71	139
SC_RS37550	NC_003888.3	7853666	7854562	+	897	0	0	0	2	1	1	61	10	48
SC_RS37555	NC_003888.3	7854655	7855026	+	372	11	11	18	48	33	37	89	85	74
SC_RS37560	NC_003888.3	7855137	7857152	+	2016	63	70	85	160	187	272	115	52	105
SC_RS37565	NC_003888.3	7857217	7857768	+	552	18	25	29	33	19	42	50	24	42
SC_RS37570	NC_003888.3	7857789	7858340	-	552	1	1	7	1	1	5	39	6	39
SC_RS37575	NC_003888.3	7858527	7859510	-	984	3	3	6	2	1	2	59	8	44
SC_RS37580	NC_003888.3	7859911	7860771	+	861	17	15	28	13	3	6	61	17	62
SC_RS37585	NC_003888.3	7860829	7861239	-	411	163	162	195	282	217	251	237	227	195
SC_RS37590	NC_003888.3	7861232	7861831	-	600	127	123	145	176	180	217	173	148	148
SC_RS37595	NC_003888.3	7861881	7862873	-	993	255	223	309	283	290	312	306	201	206
SC_RS37600	NC_003888.3	7863173	7863367	+	195	0	0	1	1	0	1	21	6	16
SC_RS37605	NC_003888.3	7863517	7863672	+	156	0	0	0	0	0	0	10	2	4
SC_RS37610	NC_003888.3	7863791	7864483	+	693	51	68	69	42	42	55	88	43	69
SC_RS37615	NC_003888.3	7864480	7865931	+	1452	72	74	89	80	100	75	163	113	134
SC_RS37620	NC_003888.3	7866148	7868298	-	2151	22	14	23	27	22	23	162	44	141
SC_RS37625	NC_003888.3	7868759	7869114	-	356	2	2	1	1	0	2	29	8	34
SC_RS37630	NC_003888.3	7869233	7869613	+	381	0	0	2	43	34	44	82	96	98
SC_RS37635	NC_003888.3	7869683	7870595	-	913	51	30	52	11	15	19	85	30	65
SC_RS37640	NC_003888.3	7870734	7871921	-	1188	64	67	96	70	64	78	97	49	93
SC_RS37645	NC_003888.3	7872694	7872789	-	96	8	5	4	3	1	0	21	6	11
SC_RS37650	NC_003888.3	7872807	7872977	+	171	3	3	1	2	2	2	28	9	20
SC_RS37655	NC_003888.3	7873167	7873427	+	261	4	0	0	1	2	7	32	18	29
SC_RS37660	NC_003888.3	7873600	7873947	-	348	34	32	50	25	15	32	39	10	28
SC_RS37665	NC_003888.3	7873970	7874908	-	939	61	49	74	48	57	80	73	33	60
SC_RS37670	NC_003888.3	7875374	7876051	-	678	3	4	9	1	2	4	43	7	47
SC_RS37675	NC_003888.3	7876048	7877241	-	1194	9	2	6	7	8	8	67	17	52
SC_RS37680	NC_003888.3	7877335	7879581	-	2247	12	3	8	4	7	7	108	33	118
SC_RS37685	NC_003888.3	7880228	7881130	+	903	9	12	15	15	15	11	63	31	72
SC_RS37690	NC_003888.3	7881841	7884639	+	2799	336	323	409	273	188	251	386	270	333
SC_RS37695	NC_003888.3	7884751	7885962	-	1212	5	6	3	2	2	6	78	11	46
SC_RS37700	NC_003888.3	7886126	7886938	-	813	6	11	15	18	15	19	82	23	54
SC_RS37705	NC_003888.3	7887321	7887665	+	345	1	1	2	1	1	0	46	3	29
SC_RS37710	NC_003888.3	7887694	7888179	-	486	1	1	2	0	1	0	55	11	34
SC_RS37715	NC_003888.3	7888577	7889080	-	504	1	0	4	8	2	6	56	34	51
SC_RS37720	NC_003888.3	7889266	7890168	-	903	4	4	5	1	2	2	52	13	48
SC_RS37725	NC_003888.3	7890426	7891208	+	783	19	14	17	10	10	5	82	39	52
SC_RS37730	NC_003888.3	7891305	7892660	+	1356	68	59	88	22	17	13	90	34	90
SC_RS37735	NC_003888.3	7892704	7893258	-	555	883	794	1068	369	399	349	298	297	238
SC_RS37740	NC_003888.3	7893453	7893704	-	252	0	1	2	1	0	1	34	5	30
SC_RS37745	NC_003888.3	7894195	7895073	+	879	135	96	122	81	63	91	151	128	156
SC_RS37750	NC_003888.3	7895116	7896042	-	927	4	6	9	4	4	5	66	12	58
SC_RS37755	NC_003888.3	7896424	7896690	+	267	1	2	5	0	3	3	28	8	30
SC_RS37760	NC_003888.3	7896813	7897409	-	597	3	0	0	0	1	2	51	2	50
SC_RS37765	NC_003888.3	7897518	7898264	-	747	14	8	7	11	20	10	69	45	49
SC_RS37770	NC_003888.3	7898419	7900149	-	1731	2	2	9	7	12	13	84	28	53
SC_RS37775	NC_003888.3	7900323	7900634	+	312	6	2	2	0	1	0	30	8	24
SC_RS37780	NC_003888.3	7900740	7901237	-	498	57	62	68	6	15	12	51	25	38
SC_RS37785	NC_003888.3	7901360	7902256	-	897	246	214	314	50	67	86	141	105	108
SC_RS37790	NC_003888.3	7902488	7903123	+	636	0	0	0	0	1	0	41	5	31
SC_RS37795	NC_003888.3	7903130	7904521	-	1392	0	1	3	1	0	0	82	14	53
SC_RS37800	NC_003888.3	7904521	7905621	-	1101	0	0	0	0	1	0	54	10	48
SC_RS37805	NC_003888.3	7905713	7906456	-	744	2	0	2	1	3	1	42	6	31
SC_RS37810	NC_003888.3	7906453	7907715	-	1263	1	3	0	0	0	1	72	18	48
SC_RS37815	NC_003888.3	7907864	7908628	-	765	0	0	0	0	3	1	46	16	30
SC_RS37820	NC_003888.3	7908808	7909746	+	939	1	2	4	2	1	0	42	14	57
SC_RS37825	NC_003888.3	7910084	7911703	+	1620	0	4	3	0	4	1	78	18	88
SC_RS37830	NC_003888.3	7911841	7912686	+	846	1	1	0	0	0	3	50	8	30
SC_RS37835	NC_003888.3	7912792	7913283	+	492	0	0	0	0	0	0	42	6	25
SC_RS37840	NC_003888.3	7913374	7914627	-	1254	0	6	2	5	9	3	65	15	47
SC_RS37845	NC_003888.3	7914737	7917424	-	2688	2	3	1	3	4	5	131	33	118
SC_RS37850	NC_003888.3	7917541	7918281	-	741	3	2	3	1	2	3	45	7	48
SC_RS37855	NC_003888.3	7918561	7919013	+	453	12	4	7	2	7	5	53	22	47
SC_RS37860	NC_003888.3	7919133	7919627	-	495	16	23	21	22	30	29	62	54	37
SC_RS37865	NC_003888.3	7919673	7921208	-	1536	6	0	3	6	3	2	87	16	67
SC_RS37870	NC_003888.3	7921324	7921794	-	471	8	3	7	6	5	5	37	14	45
SC_RS37875	NC_003888.3	7922097	7922885	+	789	7	2	7	7	11	5	60	25	47
SC_RS37880	NC_003888.3	7922986	7923936	+	951	17	10	11	10	12	17	66	41	56
SC_RS37885	NC_003888.3	7923955	7924674	+	720	3	5	5	8	12	9	51	14	41
SC_RS37890	NC_003888.3	7924780	7925121	+	342	1	1	2	2	1	2	25	2	23
SC_RS37895	NC_003888.3	7925356	7928127	+	2772	411	387	492	147	144	201	298	204	225
SC_RS37900	NC_003888.3	7928148	7928555	-	408	6	2	4	3	1	6	42	17	36
SC_RS37905	NC_003888.3	7928742	7929485	+	744	13	6	12	10	6	12	59	20	44
SC_RS37910	NC_003888.3	7929510	7932251	-	2742	873	756	1042	1258	1052	1331	1191	1103	1004
SC_RS37915	NC_003888.3	7932458	7932790	+	333	0	0	1	0	2	1	32	5	28
SC_RS37920	NC_003888.3	7932929	7934395	+	1467	12	14	27	33	31	27	96	29	76
SC_RS37925	NC_003888.3	7934492	7935322	+	831	23	16	26	56	44	69	80	65	75
SC_RS37930	NC_003888.3	7935350	7935958	-	609	41	48	68	144	134	156	66	46	70
SC_RS37935	NC_003888.3	7936071	7936472	+	402	73	65	99	81	73	87	84	58	89
SC_RS37940	NC_003888.3	7936673	7939486	+	2814	162	140	180	214	155	244	209	153	185
SC_RS37945	NC_003888.3	7939618	7940355	+	738	8	5	8	13	6	6	48	11	43
SC_RS37950	NC_003888.3	7940566	7941048	+	483	1	1	1	1	0	0	21	6	24
SC_RS37955	NC_003888.3	7941058	7941408	+	351	125	123	145	151	95	106	105	77	66
SC_RS37960	NC_003888.3	7941649	7942416	+	768	49	23	62	128	80	138	100	79	88
SC_RS37965	NC_003888.3	7942893	7943348	+	456	17	10	16	6	13	16	46	22	36
SC_RS37970	NC_003888.3	7943393	7943562	-	170	3	3	7	2	0	2	22	6	16
SC_RS37975	NC_003888.3	7943578	7944414	-	837	10	13	9	9	7	20	80	38	75
SC_RS37980	NC_003888.3	7944613	7945416	+	804	1	0	0	2	0	0	71	4	48
SC_RS37985	NC_003888.3	7945453	7946277	+	825	1	0	1	0	0	0	47	10	41
SC_RS37990	NC_003888.3	7946421	7947839	+	1419	22	21	25	7	7	11	48	22	42
SC_RS37995	NC_003888.3	7947903	7948901	-	999	151	142	164	58	62	55	136	100	96
SC_RS38000	NC_003888.3	7949234	7950301	+	1068	0	1	1	0	1	1	66	18	71
SC_RS38005	NC_003888.3	7950408	7950953	-	546	3	3	6	3	1	1	28	6	30
SC_RS38010	NC_003888.3	7950950	7951612	-	663	0	0	0	0	0	0	36	4	38
SC_RS38015	NC_003888.3	7951544	7953982	+	2439	5	1	2	5	5	2	129	33	112
SC_RS38020	NC_003888.3	7954049	7955986	+	1938	65	67	95	58	62	87	114	58	142
SC_RS38025	NC_003888.3	7956000	7956833	-	834	5	2	9	3	0	1	48	13	35
SC_RS38030	NC_003888.3	7956843	7957625	-	783	8	8	9	7	2	4	36	18	20
SC_RS38035	NC_003888.3	7957724	7958665	-	942	4	10	13	0	0	4	32	10	26
SC_RS38040	NC_003888.3	7958644	7959462	-	819	11	4	5	1	2	1	55	9	31
SC_RS38045	NC_003888.3	7959459	7961477	-	2019	16	15	15	7	0	6	138	23	71
SC_RS38050	NC_003888.3	7961479	7962270	-	792	3	0	6	2	0	1	36	8	27
SC_RS38055	NC_003888.3	7962441	7963373	-	933	5	4	2	1	2	3	50	9	27
SC_RS38060	NC_003888.3	7963370	7964647	-	1278	22	18	29	6	4	5	73	22	67
SC_RS38065	NC_003888.3	7964783	7965457	+	675	441	437	529	311	203	254	272	257	271
SC_RS38070	NC_003888.3	7966015	7968375	+	2361	21	30	39	7	2	2	133	26	127
SC_RS38075	NC_003888.3	7968419	7968850	-	432	61	48	68	21	25	26	68	31	55
SC_RS38080	NC_003888.3	7969170	7969406	+	237	9	17	19	12	17	24	25	21	27
SC_RS38085	NC_003888.3	7969712	7972438	+	2727	1097	1030	1221	653	551	714	629	575	595
SC_RS38090	NC_003888.3	7972368	7972685	-	318	10	8	8	22	36	26	72	40	50
SC_RS38095	NC_003888.3	7972971	7973441	+	471	2	4	1	2	1	4	58	12	44
SC_RS38100	NC_003888.3	7973481	7977242	-	3762	3	4	1	9	3	1	217	51	191
SC_RS38105	NC_003888.3	7977963	7978478	+	516	0	1	0	2	0	0	41	5	39
SC_RS38110	NC_003888.3	7978957	7980885	-	1929	51	50	61	77	64	75	95	30	106
SC_RS38115	NC_003888.3	7981070	7981423	-	354	0	0	0	1	0	0	25	9	25
SC_RS38120	NC_003888.3	7981617	7982402	+	786	0	0	0	0	0	1	56	6	32
SC_RS38125	NC_003888.3	7982399	7983112	+	714	0	0	0	0	1	0	46	3	24
SC_RS38130	NC_003888.3	7983160	7984032	+	873	0	2	1	0	1	0	40	8	41
SC_RS38135	NC_003888.3	7984029	7985084	+	1056	0	0	0	2	0	0	41	3	37
SC_RS38140	NC_003888.3	7985081	7986271	+	1191	14	3	23	32	36	36	65	32	71
SC_RS38145	NC_003888.3	7986419	7986640	+	222	1	5	3	26	24	24	46	33	35
SC_RS38150	NC_003888.3	7986672	7988690	-	2019	6	5	8	75	50	78	122	43	121
SC_RS38155	NC_003888.3	7988871	7992590	-	3720	42	38	36	19	27	25	194	61	157
SC_RS38160	NC_003888.3	7992891	7993154	-	264	1	2	7	9	9	14	45	35	49
SC_RS38165	NC_003888.3	7993470	7994357	+	888	2	9	7	58	43	45	130	69	92
SC_RS38170	NC_003888.3	7994561	7995307	-	747	13	14	15	65	88	76	96	75	95
SC_RS38175	NC_003888.3	7995692	7996294	+	603	3	7	3	151	124	111	154	101	104
SC_RS38180	NC_003888.3	7996511	7997461	+	951	10	19	31	79	72	69	110	72	103
SC_RS38185	NC_003888.3	7997836	7998651	+	816	13	8	13	29	22	28	88	22	56
SC_RS38190	NC_003888.3	7998971	7999183	+	213	2	0	2	5	3	1	23	5	13
SC_RS38195	NC_003888.3	7999105	7999371	-	267	8	11	10	52	35	40	55	26	31
SC_RS38200	NC_003888.3	7999751	8000539	-	789	31	12	24	16	11	19	80	24	52
SC_RS38205	NC_003888.3	8000799	8002337	-	1539	45	49	45	29	34	19	170	71	137
SC_RS38210	NC_003888.3	8002667	8003038	-	372	42	36	65	15	10	9	42	9	24
SC_RS38215	NC_003888.3	8003571	8004116	-	546	227	195	265	87	55	77	80	57	63
SC_RS38220	NC_003888.3	8004242	8004748	+	507	58	46	69	39	42	56	64	32	63
SC_RS38225	NC_003888.3	8004894	8005571	+	678	145	121	164	47	51	50	70	28	76
SC_RS38230	NC_003888.3	8005743	8006447	+	705	12	16	28	31	19	19	88	27	60
SC_RS38235	NC_003888.3	8006839	8007075	+	237	287	256	325	314	256	230	644	666	666
SC_RS38240	NC_003888.3	8007146	8007316	-	171	17	12	19	22	8	9	66	21	57
SC_RS38245	NC_003888.3	8007497	8008357	+	861	73	70	73	57	39	42	151	135	160
SC_RS38250	NC_003888.3	8008499	8009599	+	1101	21	21	31	205	180	218	261	221	208
SC_RS38255	NC_003888.3	8009646	8010506	+	861	7	8	13	92	65	62	117	66	97
SC_RS38260	NC_003888.3	8010973	8011434	+	462	27	21	46	75	45	79	122	137	93
SC_RS38265	NC_003888.3	8011635	8013374	-	1740	2	5	6	14	14	10	115	23	72
SC_RS38270	NC_003888.3	8013393	8016281	-	2889	8	4	11	10	9	10	182	32	130
SC_RS38275	NC_003888.3	8016858	8017022	+	165	45	34	52	10	15	19	20	5	17
SC_RS38280	NC_003888.3	8017040	8017786	+	747	85	59	142	66	47	66	56	22	61
SC_RS38285	NC_003888.3	8017954	8019021	-	1068	31	32	22	32	29	15	89	33	66
SC_RS38290	NC_003888.3	8019248	8019808	-	561	13	20	24	82	61	51	113	65	83
SC_RS38295	NC_003888.3	8020184	8021290	+	1107	424	334	492	248	216	223	152	80	127
SC_RS38300	NC_003888.3	8021290	8022063	+	774	66	59	93	67	39	52	69	26	38
SC_RS38305	NC_003888.3	8022130	8023167	+	1038	194	141	253	127	135	186	105	39	80
SC_RS38310	NC_003888.3	8023216	8023842	-	627	38	29	33	10	8	13	56	31	35
SC_RS38315	NC_003888.3	8023944	8026103	-	2160	67	52	92	106	74	88	232	126	208
SC_RS38320	NC_003888.3	8026306	8027475	-	1170	28	25	24	195	256	221	203	148	209
SC_RS38325	NC_003888.3	8027802	8028512	-	711	66	51	71	35	39	49	86	24	68
SC_RS38330	NC_003888.3	8028659	8029780	+	1122	13	6	7	35	33	41	77	17	51
SC_RS38335	NC_003888.3	8029922	8030377	-	456	2	0	1	3	1	0	26	8	22
SC_RS38340	NC_003888.3	8030688	8031422	+	735	4	2	0	10	5	3	37	7	44
SC_RS38345	NC_003888.3	8031554	8031985	+	432	11	8	11	40	23	19	337	312	282
SC_RS38350	NC_003888.3	8031988	8033013	+	1026	12	20	14	24	26	34	306	310	271
SC_RS38355	NC_003888.3	8033017	8034594	-	1578	5	7	5	5	3	4	100	21	75
SC_RS38360	NC_003888.3	8034753	8035697	-	945	32	30	38	14	11	13	67	17	66
SC_RS38365	NC_003888.3	8035811	8036500	+	690	63	71	106	85	67	90	108	60	90
SC_RS38370	NC_003888.3	8036527	8038008	+	1482	49	64	66	79	67	83	139	60	110
SC_RS38375	NC_003888.3	8038005	8038640	+	636	12	21	24	25	38	30	49	20	40
SC_RS38380	NC_003888.3	8038819	8041623	+	2805	131	118	176	1444	1479	1312	882	730	649
SC_RS38385	NC_003888.3	8041766	8043442	+	1677	15	8	16	52	52	42	153	50	105
SC_RS38390	NC_003888.3	8043439	8043849	+	411	0	4	3	1	3	0	39	11	23
SC_RS38395	NC_003888.3	8043825	8045489	-	1665	11	7	23	27	20	25	118	53	87
SC_RS38400	NC_003888.3	8045564	8045923	-	360	13	12	24	43	37	51	45	60	39
SC_RS38405	NC_003888.3	8046083	8046460	+	378	1	1	1	8	5	7	39	21	33
SC_RS38410	NC_003888.3	8046501	8047403	+	903	13	21	34	128	105	141	141	94	100
SC_RS38415	NC_003888.3	8047425	8049662	+	2238	30	9	23	117	78	124	241	129	202
SC_RS38420	NC_003888.3	8049723	8051294	+	1572	13	13	16	25	32	33	112	36	83
SC_RS38425	NC_003888.3	8051378	8051503	+	126	1	4	3	12	3	7	10	4	17
SC_RS38430	NC_003888.3	8051543	8053318	-	1776	5	5	14	19	11	29	148	83	127
SC_RS38435	NC_003888.3	8053492	8055009	+	1518	4	5	10	51	63	69	162	41	86
SC_RS38440	NC_003888.3	8055078	8055983	+	906	2	2	0	1	3	3	61	15	42
SC_RS38445	NC_003888.3	8056020	8056262	+	243	90	69	100	401	356	323	460	472	431
SC_RS38450	NC_003888.3	8056347	8057249	+	903	75	71	88	388	372	333	470	429	416
SC_RS38455	NC_003888.3	8057286	8057888	+	603	18	16	22	33	32	43	57	27	46
SC_RS38460	NC_003888.3	8057947	8058444	+	498	175	190	240	234	202	215	155	140	145
SC_RS38465	NC_003888.3	8058466	8060403	-	1938	45	50	62	284	298	342	290	236	244
SC_RS38470	NC_003888.3	8060696	8061838	-	1143	0	2	4	10724	9838	10397	4196	4225	3675
SC_RS38475	NC_003888.3	8062135	8063643	+	1509	27	26	21	14930	15227	16970	8723	9350	8005
SC_RS38480	NC_003888.3	8063663	8064979	-	1317	17	13	30	1237	1034	1088	1111	967	1006
SC_RS38485	NC_003888.3	8065252	8066280	-	1029	25	33	30	121	133	134	89	63	58
SC_RS38490	NC_003888.3	8066404	8067498	-	1095	8	10	9	21	28	19	53	18	67
SC_RS38495	NC_003888.3	8067580	8069211	-	1632	35	25	52	52	51	52	134	65	123
SC_RS38500	NC_003888.3	8069445	8070158	+	714	11	17	23	263	278	295	166	159	141
SC_RS38505	NC_003888.3	8070206	8070691	-	486	164	178	251	166	150	161	141	90	128
SC_RS38510	NC_003888.3	8070834	8071793	+	960	14	11	13	21	19	16	82	31	82
SC_RS38515	NC_003888.3	8071805	8072074	-	270	16	10	14	32	20	33	76	58	49
SC_RS38520	NC_003888.3	8072211	8072654	-	444	4	0	10	29	26	22	47	30	34
SC_RS38525	NC_003888.3	8072945	8073109	+	165	0	0	0	0	0	0	22	1	13
SC_RS38530	NC_003888.3	8073282	8074172	+	891	3	3	5	6	10	4	49	17	55
SC_RS38535	NC_003888.3	8074201	8075100	+	900	46	35	49	29	26	32	63	19	50
SC_RS38540	NC_003888.3	8075475	8075981	-	507	119	100	128	322	280	248	174	142	147
SC_RS38545	NC_003888.3	8076071	8076796	-	726	28	29	48	160	147	158	120	111	96
SC_RS38550	NC_003888.3	8077041	8077436	+	396	114	92	124	11	16	11	35	30	32
SC_RS38555	NC_003888.3	8077471	8078550	+	1080	198	187	248	220	179	100	155	92	131
SC_RS38560	NC_003888.3	8078532	8079047	-	516	36	31	44	927	887	846	526	548	415
SC_RS38565	NC_003888.3	8079088	8079972	-	885	87	76	95	48	58	52	113	107	107
SC_RS38570	NC_003888.3	8080101	8081093	+	993	200	205	216	198	190	225	125	94	132
SC_RS38575	NC_003888.3	8081175	8081558	-	384	7	11	24	22	15	18	52	19	41
SC_RS38580	NC_003888.3	8081893	8082303	+	411	2	2	5	45	35	34	70	22	54
SC_RS38585	NC_003888.3	8082329	8083624	-	1296	12	4	8	6	4	12	81	20	77
SC_RS38590	NC_003888.3	8083750	8084169	-	420	3	0	2	2	3	1	23	9	22
SC_RS38595	NC_003888.3	8084166	8084750	-	585	19	12	15	13	15	11	47	29	49
SC_RS38600	NC_003888.3	8084920	8085375	+	456	210	179	218	230	226	228	380	453	364
SC_RS38605	NC_003888.3	8085400	8086287	-	888	169	207	269	389	296	288	410	414	314
SC_RS38610	NC_003888.3	8086495	8086968	+	474	82	79	100	236	169	221	308	335	304
SC_RS38615	NC_003888.3	8087020	8087622	-	603	21	14	13	56	35	38	78	66	73
SC_RS38620	NC_003888.3	8087624	8088277	-	654	9	3	5	25	14	39	72	60	64
SC_RS38625	NC_003888.3	8088496	8088978	+	483	5	3	7	10	8	6	62	19	44
SC_RS38630	NC_003888.3	8089106	8089903	+	798	7	11	9	23	18	24	76	43	39
SC_RS38635	NC_003888.3	8089935	8090642	+	708	290	294	353	184	224	234	106	94	110
SC_RS38640	NC_003888.3	8090751	8092010	+	1260	45	67	69	48	43	43	79	29	74
SC_RS38645	NC_003888.3	8092023	8093006	+	984	978	1038	1163	624	588	806	671	617	505
SC_RS38650	NC_003888.3	8093034	8093387	-	354	33	33	35	34	16	22	52	29	42
SC_RS38655	NC_003888.3	8093620	8094045	+	426	104	108	139	30	31	28	71	25	49
SC_RS38660	NC_003888.3	8094134	8094562	-	429	7	11	9	7	8	13	38	14	37
SC_RS38665	NC_003888.3	8094656	8095633	-	978	11	11	14	10	12	21	75	39	64
SC_RS38670	NC_003888.3	8095690	8097312	-	1623	38	44	69	28	37	34	183	118	147
SC_RS38675	NC_003888.3	8097454	8098413	-	960	87	74	102	137	150	168	183	140	169
SC_RS38680	NC_003888.3	8098439	8099116	-	678	97	97	100	186	168	184	178	178	176
SC_RS38685	NC_003888.3	8099128	8100432	-	1305	18	37	27	34	30	63	119	79	137
SC_RS38690	NC_003888.3	8100524	8103490	-	2967	291	269	292	289	238	304	387	254	342
SC_RS38695	NC_003888.3	8103557	8103910	-	354	57	46	78	129	118	115	155	143	123
SC_RS38700	NC_003888.3	8104039	8105385	-	1347	149	181	212	242	244	242	275	236	261
SC_RS38705	NC_003888.3	8105397	8107073	-	1677	353	290	391	353	299	340	367	272	270
SC_RS38710	NC_003888.3	8107284	8108156	+	873	206	226	301	147	120	133	177	145	166
SC_RS38715	NC_003888.3	8108173	8109405	-	1233	148	140	167	176	171	153	165	127	124
SC_RS38720	NC_003888.3	8109415	8110161	-	747	49	69	90	89	110	116	102	78	73
SC_RS38725	NC_003888.3	8110240	8110872	-	633	30	17	19	19	17	18	68	60	70
SC_RS38730	NC_003888.3	8111024	8111647	+	624	32	45	44	13	35	30	57	26	42
SC_RS38735	NC_003888.3	8111687	8113360	+	1674	58	75	62	87	55	47	144	54	103
SC_RS38740	NC_003888.3	8113394	8113747	-	354	13	14	9	17	17	25	26	36	25
SC_RS38745	NC_003888.3	8113809	8114060	-	252	7	8	6	26	14	16	21	24	27
SC_RS38750	NC_003888.3	8114185	8115087	-	903	60	53	61	112	84	82	70	41	49
SC_RS38755	NC_003888.3	8115165	8115779	+	615	2	2	1	2	0	0	45	11	29
SC_RS38760	NC_003888.3	8115877	8117187	+	1311	66	65	73	66	31	50	69	19	54
SC_RS38765	NC_003888.3	8117195	8117650	-	456	4	6	11	10	9	9	55	27	46
SC_RS38770	NC_003888.3	8118005	8119483	-	1479	18	19	18	27	24	29	121	25	81
SC_RS38775	NC_003888.3	8119513	8119746	-	234	6	5	11	5	5	10	32	18	16
SC_RS38780	NC_003888.3	8119902	8120348	+	447	2	2	1	5	5	7	38	13	41
SC_RS38785	NC_003888.3	8120541	8121440	+	900	29	17	22	92	56	80	92	56	63
SC_RS38790	NC_003888.3	8121460	8121699	+	240	5	4	6	16	6	13	20	12	15
SC_RS38795	NC_003888.3	8121760	8122602	+	843	22	14	24	49	43	47	62	47	65
SC_RS38800	NC_003888.3	8122631	8123065	+	435	14	15	17	18	12	17	76	35	47
SC_RS38805	NC_003888.3	8123089	8125335	-	2247	1737	1764	2142	313	244	297	263	153	276
SC_RS38810	NC_003888.3	8125470	8126846	-	1377	120	116	171	190	180	232	249	156	208
SC_RS38815	NC_003888.3	8127055	8128797	-	1743	235	264	296	226	149	225	212	211	177
SC_RS38820	NC_003888.3	8128794	8129858	-	1065	347	372	425	270	249	293	268	202	219
SC_RS38825	NC_003888.3	8129858	8130298	-	441	125	137	191	149	130	146	123	119	82
SC_RS38830	NC_003888.3	8130298	8130729	-	432	183	171	215	186	189	165	135	118	118
SC_RS38835	NC_003888.3	8130726	8131625	-	900	611	559	725	767	613	633	468	433	343
SC_RS38840	NC_003888.3	8131786	8132178	-	393	105	90	100	87	69	71	102	126	82
SC_RS38845	NC_003888.3	8132296	8134770	-	2475	240	212	261	208	182	242	229	171	207
SC_RS38850	NC_003888.3	8134767	8138762	-	3996	492	399	525	632	539	642	522	393	438
SC_RS38855	NC_003888.3	8139033	8139467	-	435	9	12	13	29	30	29	110	59	71
SC_RS38860	NC_003888.3	8139603	8141513	-	1911	18	13	19	222	144	164	287	185	246
SC_RS38865	NC_003888.3	8141668	8141904	+	237	1	0	1	2	1	2	34	4	21
SC_RS38870	NC_003888.3	8141930	8143021	-	1092	13	11	13	34	14	28	86	39	84
SC_RS38875	NC_003888.3	8143094	8145319	-	2226	8	10	11	50	49	53	148	47	130
SC_RS38880	NC_003888.3	8145323	8146684	-	1362	1	1	3	13	12	10	63	27	47
SC_RS38885	NC_003888.3	8146713	8148431	-	1719	1	1	2	12	17	21	115	28	91
SC_RS38890	NC_003888.3	8148428	8150437	-	2010	1	3	5	10	8	11	105	21	98
SC_RS38895	NC_003888.3	8150499	8150771	-	273	0	1	0	3	2	3	18	5	20
SC_RS38900	NC_003888.3	8151064	8151579	+	516	3	1	0	22	26	5	58	21	53
SC_RS38905	NC_003888.3	8151576	8153723	+	2148	4	6	6	36	44	34	156	52	138
SC_RS38910	NC_003888.3	8153726	8154526	-	801	27	24	35	57	41	58	94	60	86
SC_RS38915	NC_003888.3	8154646	8155017	+	372	0	2	3	7	6	6	41	11	33
SC_RS38920	NC_003888.3	8154965	8155756	-	792	2	5	1	5	3	3	65	8	57
SC_RS38925	NC_003888.3	8156060	8156584	+	525	95	84	101	358	338	341	554	483	495
SC_RS38930	NC_003888.3	8156604	8157545	-	942	77	77	81	446	382	349	314	304	278
SC_RS38935	NC_003888.3	8157613	8158389	-	777	2	3	2	566	528	442	132	55	83
SC_RS38940	NC_003888.3	8158531	8159511	-	981	3	5	7	2	0	0	56	10	50
SC_RS38945	NC_003888.3	8159608	8161062	-	1455	18	30	29	17	13	5	92	37	84
SC_RS38950	NC_003888.3	8161308	8161964	+	657	203	187	251	76	60	88	96	74	92
SC_RS38955	NC_003888.3	8162598	8163794	-	1197	8	4	5	6	7	6	71	10	64
SC_RS38960	NC_003888.3	8163903	8164718	+	816	8	6	9	19	30	11	62	21	51
SC_RS38965	NC_003888.3	8164751	8165131	+	381	25	25	29	18	19	22	49	31	26
SC_RS38970	NC_003888.3	8165128	8165595	+	468	21	23	41	33	36	29	53	45	48
SC_RS38975	NC_003888.3	8165657	8168029	+	2373	25	17	33	21	20	21	146	57	107
SC_RS38980	NC_003888.3	8168062	8168703	-	642	47	49	44	125	125	106	101	80	92
SC_RS38985	NC_003888.3	8168760	8169590	-	831	80	67	93	184	177	175	119	81	134
SC_RS38990	NC_003888.3	8169703	8170689	+	987	25	34	53	102	110	121	161	106	140
SC_RS38995	NC_003888.3	8170720	8172222	-	1503	85	66	110	462	460	586	283	229	274
SC_RS39000	NC_003888.3	8172314	8173069	-	756	222	196	276	131	113	101	103	110	120
SC_RS39005	NC_003888.3	8173119	8173739	-	621	212	221	288	144	128	161	153	131	133
SC_RS39010	NC_003888.3	8173887	8175416	+	1530	200	160	245	119	103	135	195	127	210
SC_RS39015	NC_003888.3	8175571	8176611	-	1041	174	179	200	57	43	51	128	100	111
SC_RS39020	NC_003888.3	8176680	8177471	-	792	104	101	118	29	21	25	76	49	55
SC_RS39025	NC_003888.3	8177482	8178147	-	666	78	56	85	50	37	40	113	97	98
SC_RS39030	NC_003888.3	8178292	8178615	+	324	3	0	2	0	1	0	25	4	14
SC_RS39035	NC_003888.3	8178701	8179468	+	768	110	98	142	581	551	670	261	308	240
SC_RS39040	NC_003888.3	8179502	8180842	-	1341	48	45	89	103	81	99	134	60	113
SC_RS39045	NC_003888.3	8181085	8181612	+	528	36	28	37	75	59	70	66	52	54
SC_RS39050	NC_003888.3	8181660	8182973	-	1314	117	111	121	11	11	12	72	21	78
SC_RS39055	NC_003888.3	8183344	8184384	+	1041	6	11	11	18	6	14	63	15	48
SC_RS39060	NC_003888.3	8184508	8185071	-	564	14	11	23	49	48	39	85	65	57
SC_RS39065	NC_003888.3	8185152	8185685	-	534	5	10	11	14	23	28	40	17	21
SC_RS39070	NC_003888.3	8185841	8186332	-	492	3	1	5	1	1	1	21	7	24
SC_RS39075	NC_003888.3	8186329	8188821	-	2493	6	3	8	19	10	12	163	38	151
SC_RS39080	NC_003888.3	8188931	8189563	+	633	0	0	1	3	3	3	56	10	52
SC_RS39085	NC_003888.3	8189725	8190453	-	729	5	6	4	9	3	6	59	20	43
SC_RS39090	NC_003888.3	8190450	8190707	-	258	2	2	7	5	6	6	16	7	15
SC_RS39095	NC_003888.3	8190704	8191414	-	711	3	0	1	13	4	9	49	27	38
SC_RS39100	NC_003888.3	8191562	8191873	+	312	1	1	0	4	2	1	29	5	37
SC_RS39105	NC_003888.3	8191911	8193224	-	1314	1	1	1	0	2	2	86	20	67
SC_RS39110	NC_003888.3	8193260	8193673	+	414	0	0	1	3	1	5	42	7	26
SC_RS39115	NC_003888.3	8195889	8197229	+	1341	10	4	9	1	4	2	59	8	69
SC_RS39120	NC_003888.3	8197385	8197828	+	444	83	84	92	207	166	199	230	213	198
SC_RS39125	NC_003888.3	8198068	8199240	-	1173	7	8	6	7	8	8	64	23	62
SC_RS39130	NC_003888.3	8199503	8200009	+	507	1	0	7	7	7	12	27	16	30
SC_RS39135	NC_003888.3	8200002	8201621	+	1620	0	0	0	11	4	7	88	19	85
SC_RS39140	NC_003888.3	8201665	8202543	+	879	5	1	1	2	2	2	55	13	54
SC_RS39145	NC_003888.3	8202573	8203016	-	444	0	0	0	0	2	7	31	9	30
SC_RS39150	NC_003888.3	8203066	8203641	-	576	1	2	2	1	3	9	44	9	24
SC_RS39155	NC_003888.3	8203616	8203912	+	297	0	1	0	0	1	1	16	4	21
SC_RS39160	NC_003888.3	8203951	8204043	+	93	0	0	0	0	0	0	4	1	1
SC_RS39165	NC_003888.3	8204060	8204551	+	492	0	1	0	3	2	2	39	16	36
SC_RS39170	NC_003888.3	8204557	8205306	-	750	13	12	11	46	33	112	152	139	135
SC_RS39175	NC_003888.3	8205523	8206461	+	939	1	1	7	4	1	1	45	8	44
SC_RS39180	NC_003888.3	8206425	8207912	-	1488	5	4	3	19	15	7	105	24	72
SC_RS39185	NC_003888.3	8208050	8209387	-	1338	10	2	17	8	8	6	62	16	56
SC_RS39190	NC_003888.3	8209545	8210141	-	597	24	17	26	47	45	40	53	31	31
SC_RS39195	NC_003888.3	8210201	8212285	-	2085	618	441	823	2878	2689	2838	1769	1794	1447
SC_RS39200	NC_003888.3	8212293	8213276	-	984	413	289	612	3444	3615	4034	1677	1529	1120
SC_RS39205	NC_003888.3	8213273	8214151	-	879	262	153	304	2496	2511	2678	1084	1025	926
SC_RS39210	NC_003888.3	8214255	8214824	-	570	24	16	22	12	9	11	25	12	33
SC_RS39215	NC_003888.3	8214910	8216082	-	1173	233	202	258	228	217	263	166	113	118
SC_RS39220	NC_003888.3	8216238	8216423	+	186	101	84	99	129	107	83	84	43	61
SC_RS39225	NC_003888.3	8216457	8217248	-	792	1204	1315	1662	2042	1850	2066	813	734	586
SC_RS39230	NC_003888.3	8217360	8218007	-	648	1	1	1	5	4	4	40	5	22
SC_RS39235	NC_003888.3	8218101	8220176	-	2076	3	8	1	24	26	34	118	19	86
SC_RS39240	NC_003888.3	8220304	8222349	-	2046	9	21	8	23	17	21	137	21	92
SC_RS39245	NC_003888.3	8222376	8223731	-	1356	7	3	13	13	10	17	70	18	50
SC_RS39250	NC_003888.3	8223827	8224777	-	951	4	1	1	3	4	7	45	7	52
SC_RS39255	NC_003888.3	8224785	8225711	-	927	6	8	4	8	0	6	60	14	40
SC_RS39260	NC_003888.3	8225904	8226962	+	1059	21	24	24	39	25	42	69	35	67
SC_RS39265	NC_003888.3	8227072	8228874	+	1803	20	22	30	41	39	49	149	77	110
SC_RS39270	NC_003888.3	8228871	8229902	+	1032	7	4	7	11	9	13	66	31	49
SC_RS39275	NC_003888.3	8229906	8230712	-	807	0	1	0	2	1	3	70	8	51
SC_RS39280	NC_003888.3	8230865	8232022	+	1158	3	12	7	7	5	3	104	26	97
SC_RS39285	NC_003888.3	8232052	8232456	-	405	34	21	47	3	6	14	26	8	26
SC_RS39290	NC_003888.3	8232555	8233778	-	1224	249	219	303	46	51	77	76	28	52
SC_RS39295	NC_003888.3	8233775	8235016	-	1242	146	136	164	27	18	33	70	26	52
SC_RS39300	NC_003888.3	8235013	8235654	-	642	48	58	58	11	12	13	24	15	22
SC_RS39305	NC_003888.3	8235635	8235982	-	348	22	36	37	6	8	8	15	6	11
SC_RS39310	NC_003888.3	8235979	8236386	-	408	59	50	79	10	5	8	25	5	15
SC_RS39315	NC_003888.3	8236383	8238014	-	1632	367	344	431	48	36	46	97	36	76
SC_RS39320	NC_003888.3	8238152	8238862	-	711	8	7	5	29	20	28	50	14	33
SC_RS39325	NC_003888.3	8238976	8239428	+	453	17	9	22	69	66	78	33	18	27
SC_RS39330	NC_003888.3	8239425	8241158	+	1734	16	9	22	123	108	158	103	19	86
SC_RS39335	NC_003888.3	8241248	8241685	-	438	3	12	13	15	13	15	45	15	47
SC_RS39340	NC_003888.3	8241835	8242281	+	447	200	192	268	793	641	978	342	349	331
SC_RS39345	NC_003888.3	8242355	8243551	+	1197	142	137	177	172	159	323	141	115	137
SC_RS39350	NC_003888.3	8243600	8243950	-	351	13	10	15	16	13	14	49	28	38
SC_RS39355	NC_003888.3	8244126	8244812	+	687	217	171	243	60	46	58	84	66	74
SC_RS39360	NC_003888.3	8244832	8245092	-	261	5	4	3	26	12	23	45	46	57
SC_RS39365	NC_003888.3	8245226	8245909	-	684	6	1	1	3	3	7	37	16	34
SC_RS39370	NC_003888.3	8246125	8247111	+	987	8	8	10	7	8	7	70	25	64
SC_RS39375	NC_003888.3	8247219	8247980	+	762	1	0	0	19	20	20	63	27	42
SC_RS39380	NC_003888.3	8248054	8249322	-	1269	0	6	6	33	14	21	80	19	67
SC_RS39385	NC_003888.3	8249413	8250867	-	1455	8	8	10	29	27	34	88	37	79
SC_RS39390	NC_003888.3	8250914	8252494	-	1581	5	5	16	8	4	5	88	24	84
SC_RS39395	NC_003888.3	8252589	8253524	+	936	23	13	28	14	10	15	54	15	54
SC_RS39400	NC_003888.3	8253535	8254275	+	741	56	60	85	74	67	85	107	50	67
SC_RS39405	NC_003888.3	8254317	8255261	-	945	64	75	79	78	55	97	64	45	81
SC_RS39410	NC_003888.3	8255351	8255941	+	591	50	49	80	51	49	53	76	34	51
SC_RS39415	NC_003888.3	8256136	8256564	+	429	95	120	120	81	40	101	96	143	71
SC_RS39420	NC_003888.3	8256653	8258293	+	1641	326	348	366	851	841	1015	613	520	457
SC_RS39425	NC_003888.3	8258333	8259529	-	1197	20	15	27	137	116	95	273	275	225
SC_RS39430	NC_003888.3	8259792	8260529	+	738	3	9	12	11	8	8	64	28	49
SC_RS39435	NC_003888.3	8260631	8261071	+	441	21	31	32	37	22	28	73	51	48
SC_RS39440	NC_003888.3	8261520	8262071	-	552	35	24	39	18	10	11	45	26	38
SC_RS39445	NC_003888.3	8262216	8264150	+	1935	2	0	2	10	1	2	141	25	80
SC_RS39450	NC_003888.3	8264413	8265090	+	678	4	1	3	2	2	2	48	5	22
SC_RS39455	NC_003888.3	8265216	8265896	+	681	0	1	0	1	0	0	33	7	36
SC_RS39460	NC_003888.3	8266048	8267244	+	1197	0	1	3	4	3	1	53	13	41
SC_RS39465	NC_003888.3	8267283	8268311	-	1029	13	9	11	48	43	44	78	28	55
SC_RS39470	NC_003888.3	8268376	8269446	-	1071	19	16	19	88	83	82	96	69	91
SC_RS39475	NC_003888.3	8269590	8270384	+	795	8	10	4	3	4	3	42	12	28
SC_RS39480	NC_003888.3	8270459	8270995	+	537	19	21	32	29	46	37	55	47	44
SC_RS39485	NC_003888.3	8271037	8271528	-	492	6	11	2	28	29	22	31	14	32
SC_RS39490	NC_003888.3	8271571	8271969	-	399	1	1	9	7	3	3	26	4	19
SC_RS39495	NC_003888.3	8272128	8272493	+	366	23	7	16	43	42	35	53	20	45
SC_RS39500	NC_003888.3	8272690	8273529	-	840	43	34	39	365	383	415	92	40	60
SC_RS39505	NC_003888.3	8273736	8274806	+	1071	116	94	144	338	225	196	391	406	387
SC_RS39510	NC_003888.3	8274847	8275575	-	729	25	25	38	22	22	21	60	27	50
SC_RS39515	NC_003888.3	8275745	8276497	-	753	100	88	126	52	54	65	76	29	51
SC_RS39520	NC_003888.3	8276830	8278032	+	1203	1125	1094	1544	290	264	407	163	74	111
SC_RS39525	NC_003888.3	8278029	8278430	+	402	328	310	397	111	96	148	46	31	44
SC_RS39530	NC_003888.3	8278427	8278804	+	378	226	230	332	59	56	96	39	23	28
SC_RS39535	NC_003888.3	8278779	8279372	+	594	713	648	858	234	185	309	90	49	97
SC_RS39540	NC_003888.3	8279637	8280764	+	1128	211	238	263	744	682	941	221	138	161
SC_RS39545	NC_003888.3	8280867	8282165	-	1299	382	358	418	1119	891	1124	680	602	585
SC_RS39550	NC_003888.3	8282277	8283623	-	1347	12	12	8	186	229	219	143	107	140
SC_RS39555	NC_003888.3	8283620	8284132	-	513	8	4	14	333	351	289	137	124	157
SC_RS39560	NC_003888.3	8284297	8285283	+	987	46	46	49	1680	1891	1493	636	681	740
SC_RS39565	NC_003888.3	8285280	8285591	+	312	11	15	12	160	261	204	107	94	105
SC_RS39570	NC_003888.3	8285601	8286428	+	828	26	21	29	429	483	412	212	256	257
SC_RS39575	NC_003888.3	8286422	8286937	+	516	9	11	11	103	127	122	71	70	89
SC_RS39580	NC_003888.3	8286937	8288043	+	1107	27	17	13	307	380	265	181	192	194
SC_RS39585	NC_003888.3	8288251	8289468	-	1218	8	6	7	7	13	13	84	22	72
SC_RS39590	NC_003888.3	8289725	8291218	+	1494	20	18	14	12	19	17	108	31	87
SC_RS39595	NC_003888.3	8291215	8292117	-	903	61	52	64	72	50	59	120	70	90
SC_RS39600	NC_003888.3	8292151	8293314	-	1164	90	90	102	71	58	59	88	56	114
SC_RS39605	NC_003888.3	8293353	8293976	+	624	75	71	80	133	123	100	128	86	124
SC_RS39610	NC_003888.3	8293977	8294552	-	576	576	589	706	3180	2717	2959	2036	2095	1680
SC_RS39615	NC_003888.3	8294732	8295145	+	414	9	4	5	6	4	3	29	13	27
SC_RS39620	NC_003888.3	8295316	8295723	+	408	6	18	8	39	34	55	36	11	33
SC_RS39625	NC_003888.3	8295730	8296649	-	920	29	31	36	26	18	23	65	25	55
SC_RS39630	NC_003888.3	8296646	8297848	-	1203	64	45	84	21	26	29	71	32	69
SC_RS39635	NC_003888.3	8297867	8298751	-	885	4	2	2	3	1	4	49	16	49
SC_RS39640	NC_003888.3	8298748	8299779	-	1032	7	5	6	2	7	5	61	18	39
SC_RS39645	NC_003888.3	8299813	8301216	-	1404	6	8	8	7	7	5	80	23	90
SC_RS39650	NC_003888.3	8301441	8302487	+	1047	36	50	60	11	4	15	92	29	86
SC_RS39655	NC_003888.3	8302514	8303314	+	801	15	15	13	5	4	2	52	14	35
SC_RS39660	NC_003888.3	8303311	8304675	+	1365	12	12	20	5	4	9	79	16	87
SC_RS39665	NC_003888.3	8304672	8306609	+	1938	20	18	28	8	7	6	108	39	74
SC_RS39670	NC_003888.3	8306615	8307055	-	441	8	13	9	6	2	6	43	17	26
SC_RS39675	NC_003888.3	8307194	8308025	+	832	2	1	0	1	0	2	59	7	50
SC_RS39680	NC_003888.3	8308033	8308830	-	798	6	4	6	2	2	5	65	14	49
SC_RS39685	NC_003888.3	8308924	8309703	+	780	25	10	19	12	20	12	51	14	44
SC_RS39690	NC_003888.3	8309894	8310544	-	651	192	117	169	38	32	24	72	30	50
SC_RS39695	NC_003888.3	8310669	8311394	-	726	0	2	0	5	1	0	34	5	28
SC_RS39700	NC_003888.3	8311492	8312979	-	1488	1	4	2	4	3	2	90	25	87
SC_RS39705	NC_003888.3	8313196	8314671	+	1476	8	5	7	11	9	5	96	22	80
SC_RS39710	NC_003888.3	8314675	8315715	-	1041	126	123	196	117	125	114	157	103	135
SC_RS39715	NC_003888.3	8315870	8317243	+	1374	5	8	8	14	8	5	74	9	72
SC_RS39720	NC_003888.3	8317265	8318206	+	942	1	2	3	5	3	6	64	17	54
SC_RS39725	NC_003888.3	8318209	8319108	+	900	1	2	2	7	5	4	51	14	46
SC_RS39730	NC_003888.3	8319174	8320994	+	1821	36	36	30	12	8	11	124	28	97
SC_RS39735	NC_003888.3	8321047	8321994	-	948	84	50	117	58	75	87	92	41	66
SC_RS39740	NC_003888.3	8322307	8323140	-	834	13	7	4	6	6	3	45	20	52
SC_RS39745	NC_003888.3	8323180	8324658	-	1479	136	123	127	36	30	43	148	58	93
SC_RS39750	NC_003888.3	8324810	8325307	-	498	3663	3661	4784	2112	2145	2328	1946	1994	1581
SC_RS39755	NC_003888.3	8325357	8326355	-	999	2719	3105	3496	515	392	387	1305	1542	1537
SC_RS39760	NC_003888.3	8326492	8327448	-	957	30	23	27	20	20	26	67	22	48
SC_RS39765	NC_003888.3	8327480	8328367	-	888	1	1	0	1	1	0	50	5	48
SC_RS39770	NC_003888.3	8328549	8329049	+	501	8	5	10	9	9	19	35	23	38
SC_RS39775	NC_003888.3	8329348	8329917	+	570	5	5	6	3	3	3	48	12	44
SC_RS39780	NC_003888.3	8329972	8331888	+	1917	1228	1208	1563	4370	3612	3947	1547	1624	1113
SC_RS39785	NC_003888.3	8332218	8333516	+	1299	104	96	124	874	933	915	194	132	151
SC_RS39790	NC_003888.3	8333583	8334140	-	558	89	88	119	53	50	70	41	28	35
SC_RS39795	NC_003888.3	8334151	8334732	-	582	89	87	148	15	18	19	36	5	24
SC_RS39800	NC_003888.3	8334804	8336018	-	1215	77	56	77	15	9	21	71	16	42
SC_RS39805	NC_003888.3	8336087	8337202	-	1116	51	50	52	32	34	24	81	23	57
SC_RS39810	NC_003888.3	8337389	8339479	-	2091	388	366	476	59	53	47	169	71	116
SC_RS39815	NC_003888.3	8339604	8342117	+	2514	5	2	6	17	13	16	129	23	87
SC_RS39820	NC_003888.3	8342114	8342632	+	519	0	1	6	5	2	3	17	9	28
SC_RS39825	NC_003888.3	8342696	8344990	+	2295	8	8	9	4	10	8	102	29	86
SC_RS39830	NC_003888.3	8345074	8346285	+	1212	0	1	1	1	0	2	59	7	48
SC_RS39835	NC_003888.3	8346301	8347302	-	1002	11	4	12	13	17	16	76	12	59
SC_RS39840	NC_003888.3	8347435	8347857	+	423	8	4	6	16	22	13	24	21	20
SC_RS39845	NC_003888.3	8347854	8348954	+	1101	12	11	12	29	25	21	71	26	44
SC_RS39850	NC_003888.3	8348997	8350073	-	1077	18	20	23	29	30	38	107	47	97
SC_RS39855	NC_003888.3	8350151	8351407	-	1257	1	3	6	1	1	0	75	14	48
SC_RS39860	NC_003888.3	8351511	8352350	-	840	4	1	1	12	2	3	35	15	37
SC_RS39865	NC_003888.3	8352526	8353227	+	702	24	13	19	48	35	38	124	112	110
SC_RS39870	NC_003888.3	8353224	8354738	+	1515	5	5	8	23	25	33	112	50	107
SC_RS39875	NC_003888.3	8354735	8355298	+	564	6	1	9	9	5	9	46	19	42
SC_RS39880	NC_003888.3	8355539	8357758	+	2220	461	409	449	947	924	1170	39462	37355	31176
SC_RS39885	NC_003888.3	8357815	8359128	-	1314	16	14	12	40	45	38	198	79	144
SC_RS39890	NC_003888.3	8359236	8360183	+	948	27	16	25	47	30	36	98	71	88
SC_RS39895	NC_003888.3	8360197	8360931	-	735	65	54	75	202	153	223	124	58	75
SC_RS39900	NC_003888.3	8361080	8361751	-	672	143	162	221	238	203	308	354	327	340
SC_RS39905	NC_003888.3	8361751	8363910	-	2160	27	24	25	77	52	64	176	86	178
SC_RS39910	NC_003888.3	8364041	8365387	-	1347	17	12	24	72	57	90	94	43	87
SC_RS39915	NC_003888.3	8365625	8366890	+	1266	15	10	20	16	14	18	77	18	55
SC_RS39920	NC_003888.3	8366985	8367788	+	804	8	8	15	6	5	15	56	7	46
SC_RS39925	NC_003888.3	8367785	8368597	+	813	3	3	6	8	13	7	26	16	41
SC_RS39930	NC_003888.3	8368618	8369616	+	999	11	7	9	15	5	13	64	14	46
SC_RS39935	NC_003888.3	8369673	8371214	+	1542	14	10	23	12	13	23	95	27	64
SC_RS39940	NC_003888.3	8371247	8372236	+	990	27	23	32	36	26	19	79	14	54
SC_RS39945	NC_003888.3	8372211	8372555	-	345	129	150	181	483	492	475	204	184	183
SC_RS39950	NC_003888.3	8372680	8373498	-	819	2	2	1	791	716	838	227	93	118
SC_RS39955	NC_003888.3	8373704	8373907	-	204	1	4	4	3	4	1	22	6	12
SC_RS39960	NC_003888.3	8373973	8374590	-	618	33	39	43	77	40	53	93	57	74
SC_RS39965	NC_003888.3	8374690	8375652	+	963	14	12	20	15	11	14	63	24	59
SC_RS39970	NC_003888.3	8375936	8376949	-	1014	629	602	776	291	237	308	240	237	199
SC_RS39975	NC_003888.3	8377286	8378596	+	1311	0	3	1	10	5	5	57	24	72
SC_RS39980	NC_003888.3	8378701	8379696	+	996	2	0	1	1	1	1	33	10	26
SC_RS39985	NC_003888.3	8379709	8380632	+	924	2	1	2	5	1	2	47	9	36
SC_RS39990	NC_003888.3	8380679	8382118	+	1440	25	18	23	20	15	39	97	28	91
SC_RS39995	NC_003888.3	8382232	8383428	-	1197	41	39	42	45	34	48	98	45	75
SC_RS40000	NC_003888.3	8383565	8384098	-	534	34	37	39	25	27	34	38	25	37
SC_RS40005	NC_003888.3	8384103	8385164	-	1062	63	53	85	48	40	70	122	64	83
SC_RS40010	NC_003888.3	8385161	8385997	-	837	71	71	80	72	60	58	85	50	70
SC_RS40015	NC_003888.3	8386052	8387629	+	1578	12	14	9	7	12	7	97	22	77
SC_RS40020	NC_003888.3	8387626	8388618	+	993	3	1	6	2	4	6	53	12	42
SC_RS40025	NC_003888.3	8388615	8389529	+	915	3	3	2	2	1	6	37	6	43
SC_RS40030	NC_003888.3	8389526	8390392	+	867	0	3	5	2	2	5	43	11	32
SC_RS40035	NC_003888.3	8390389	8391339	+	951	7	8	14	6	5	2	74	15	37
SC_RS40040	NC_003888.3	8391351	8392310	-	960	63	68	107	31	19	33	131	85	134
SC_RS40045	NC_003888.3	8392352	8393143	+	792	7	18	12	6	9	9	55	20	49
SC_RS40050	NC_003888.3	8393167	8394294	+	1128	14	18	23	11	26	31	75	22	56
SC_RS40055	NC_003888.3	8394291	8394704	+	414	4	0	9	7	6	4	23	7	17
SC_RS40060	NC_003888.3	8394796	8397792	+	2997	93	86	128	101	98	92	208	80	168
SC_RS40065	NC_003888.3	8397789	8398133	-	345	7	10	9	22	24	27	82	49	70
SC_RS40070	NC_003888.3	8398334	8398483	+	150	5	0	1	2	2	3	16	4	6
SC_RS40075	NC_003888.3	8398566	8399423	-	858	3	1	1	1	1	0	50	6	31
SC_RS40080	NC_003888.3	8399524	8400717	-	1194	8	2	6	17	12	13	71	27	65
SC_RS40085	NC_003888.3	8400971	8402080	+	1110	5	4	10	13	9	6	81	27	75
SC_RS40090	NC_003888.3	8402124	8402600	-	477	5	5	4	34	24	25	63	12	25
SC_RS40095	NC_003888.3	8402873	8403748	+	876	21	17	30	79	64	102	151	98	121
SC_RS40100	NC_003888.3	8403793	8404608	+	816	71	63	77	266	240	302	291	227	263
SC_RS40105	NC_003888.3	8404672	8406342	-	1671	84	62	95	84	62	70	134	78	97
SC_RS40110	NC_003888.3	8406363	8407580	-	1218	103	96	127	124	110	127	113	81	101
SC_RS40115	NC_003888.3	8407717	8409591	+	1875	50	42	66	81	54	69	173	106	150
SC_RS40120	NC_003888.3	8409626	8410198	-	573	118	84	127	131	114	119	79	77	67
SC_RS40125	NC_003888.3	8410259	8410624	-	366	27	14	16	203	163	174	87	81	88
SC_RS40130	NC_003888.3	8410741	8411814	+	1074	10	13	10	157	167	210	62	12	63
SC_RS40135	NC_003888.3	8411919	8413286	+	1368	192	168	246	91	80	82	135	72	119
SC_RS40140	NC_003888.3	8413357	8414277	-	921	179	139	222	68	88	84	79	61	74
SC_RS40145	NC_003888.3	8414425	8415174	-	750	12	4	7	4	6	5	54	14	30
SC_RS40150	NC_003888.3	8415439	8416959	-	1521	21	21	30	32	29	32	102	50	112
SC_RS40155	NC_003888.3	8417434	8418396	-	963	15	28	32	21	21	19	77	32	61
SC_RS40160	NC_003888.3	8418509	8419402	+	894	6	2	3	3	6	1	60	13	62
SC_RS40165	NC_003888.3	8419486	8419851	+	366	2	0	0	2	0	1	14	1	14
SC_RS40170	NC_003888.3	8420016	8421062	+	1047	17	18	22	9	8	11	64	12	62
SC_RS40175	NC_003888.3	8421086	8422261	-	1176	32	18	32	19	17	8	89	39	87
SC_RS40180	NC_003888.3	8422299	8423870	-	1572	17	15	30	30	31	39	115	51	96
SC_RS40185	NC_003888.3	8423879	8424865	-	987	33	33	49	27	20	24	98	68	108
SC_RS40190	NC_003888.3	8425073	8426008	+	936	34	15	40	100	77	132	93	51	74
SC_RS40195	NC_003888.3	8426016	8427230	-	1215	21	14	18	101	130	78	122	66	111
SC_RS40200	NC_003888.3	8427526	8428998	-	1473	27	26	24	17	21	24	106	42	95
SC_RS40205	NC_003888.3	8429126	8429713	+	588	73	62	94	56	80	74	101	62	87
SC_RS40210	NC_003888.3	8429821	8430759	-	939	32	22	30	31	23	40	94	33	83
SC_RS40215	NC_003888.3	8430913	8431779	+	867	106	123	132	217	202	206	208	124	144
SC_RS40220	NC_003888.3	8431787	8433208	-	1422	11	14	18	131	122	114	222	154	183
SC_RS40225	NC_003888.3	8433408	8434529	+	1122	71	68	108	94	64	82	142	112	124
SC_RS40230	NC_003888.3	8434553	8435713	-	1161	22	19	34	46	48	34	103	34	77
SC_RS40235	NC_003888.3	8435879	8436253	+	375	13	18	12	57	34	35	83	40	74
SC_RS40240	NC_003888.3	8436288	8436974	-	687	5	1	10	45	33	41	76	33	55
SC_RS40245	NC_003888.3	8437174	8438154	+	981	9	11	8	20	11	13	60	19	52
SC_RS40250	NC_003888.3	8438187	8438870	+	684	48	17	35	97	79	53	82	62	60
SC_RS40255	NC_003888.3	8438874	8439524	-	651	35	35	26	41	43	21	80	69	84
SC_RS40260	NC_003888.3	8439704	8442160	-	2457	346	404	433	711	653	405	1062	1080	971
SC_RS40265	NC_003888.3	8442244	8442765	-	522	28	35	24	726	586	590	69	36	58
SC_RS40270	NC_003888.3	8442864	8443736	+	873	125	136	193	620	552	712	132	94	91
SC_RS40275	NC_003888.3	8443733	8444002	+	270	23	27	32	234	172	234	51	40	20
SC_RS40280	NC_003888.3	8443999	8444814	+	816	114	92	128	712	640	815	124	138	110
SC_RS40285	NC_003888.3	8444856	8445614	+	759	28	40	62	236	229	220	68	39	53
SC_RS40290	NC_003888.3	8445701	8446105	+	405	1	0	5	10	5	9	19	3	21
SC_RS40295	NC_003888.3	8446200	8446559	+	360	1	2	4	5	7	7	38	14	32
SC_RS40300	NC_003888.3	8446701	8447144	+	444	4	5	10	8	6	15	51	19	47
SC_RS40305	NC_003888.3	8447193	8448653	-	1461	17	10	26	101	91	125	220	121	188
SC_RS40310	NC_003888.3	8448650	8450224	-	1575	36	26	34	153	120	140	263	189	238
SC_RS40315	NC_003888.3	8450331	8451026	-	696	29	18	25	66	90	91	61	61	64
SC_RS40320	NC_003888.3	8451080	8452201	+	1122	27	33	42	3	7	8	60	15	46
SC_RS40325	NC_003888.3	8452226	8453704	-	1479	145	115	162	44	38	42	112	51	85
SC_RS40330	NC_003888.3	8453968	8454549	+	582	0	2	1	3	4	8	65	18	44
SC_RS40335	NC_003888.3	8454704	8455840	+	1137	9	4	8	23	19	21	74	31	64
SC_RS40340	NC_003888.3	8455893	8457134	+	1242	58	66	56	127	101	85	167	146	152
SC_RS40345	NC_003888.3	8457210	8457884	+	675	232	176	217	574	432	338	282	215	217
SC_RS40350	NC_003888.3	8457868	8459757	-	1890	22	17	26	11573	9699	9618	1190	973	664
SC_RS40355	NC_003888.3	8460001	8460834	+	834	166	151	183	1200	1017	1339	314	296	247
SC_RS40360	NC_003888.3	8460911	8461840	-	930	15	18	12	58	51	58	114	64	100
SC_RS40365	NC_003888.3	8461956	8463857	+	1902	292	287	380	281	210	238	316	230	265
SC_RS40370	NC_003888.3	8463880	8464428	-	549	0	2	8	5	8	4	39	7	44
SC_RS40375	NC_003888.3	8464588	8464878	+	291	65	53	86	21	29	32	85	74	62
SC_RS40380	NC_003888.3	8464939	8466318	-	1380	26	23	23	12	7	12	71	33	67
SC_RS40385	NC_003888.3	8466854	8468158	-	1305	165	179	239	66	46	59	99	39	83
SC_RS40390	NC_003888.3	8468385	8468807	+	423	86	85	128	19	22	15	53	27	46
SC_RS40395	NC_003888.3	8468827	8469810	-	984	20	22	35	19	22	10	78	22	61
SC_RS40400	NC_003888.3	8469909	8471105	+	1197	19	14	14	16	23	26	83	19	66
SC_RS40405	NC_003888.3	8471165	8471530	+	366	1	5	3	7	6	9	26	16	22
SC_RS40410	NC_003888.3	8471554	8471823	+	270	4	4	6	7	8	4	18	10	19
SC_RS40415	NC_003888.3	8471876	8473099	-	1224	10	12	6	43	39	37	99	31	76
SC_RS40420	NC_003888.3	8473207	8473920	+	714	39	44	43	71	53	73	70	35	65
SC_RS40425	NC_003888.3	8474054	8474326	+	273	25	17	23	72	33	73	93	96	53
SC_RS40430	NC_003888.3	8474635	8475174	+	540	4	6	3	273	281	265	242	222	219
SC_RS40435	NC_003888.3	8475216	8475908	-	693	20	27	42	54	51	55	138	60	88
SC_RS40440	NC_003888.3	8476050	8477246	-	1197	69	60	69	119	83	74	182	111	166
SC_RS40445	NC_003888.3	8477428	8478900	+	1473	3	2	3	3	4	7	84	24	74
SC_RS40450	NC_003888.3	8478902	8479495	-	594	10	14	23	18	6	16	61	18	30
SC_RS40455	NC_003888.3	8479547	8480098	+	552	263	240	323	195	174	139	152	118	114
SC_RS40460	NC_003888.3	8480189	8480911	-	723	132	123	144	270	261	215	280	254	236
SC_RS40465	NC_003888.3	8481163	8482020	+	858	170	175	246	329	255	382	195	146	156
SC_RS40470	NC_003888.3	8482077	8483009	+	933	235	282	300	292	310	324	290	233	198
SC_RS40475	NC_003888.3	8483053	8483598	+	546	170	157	177	118	96	86	128	74	76
SC_RS40480	NC_003888.3	8483781	8485538	+	1758	2804	2653	3370	23376	22750	20876	22939	22519	18412
SC_RS40485	NC_003888.3	8485671	8486792	-	1122	76	83	103	203	146	77	280	131	211
SC_RS40490	NC_003888.3	8487119	8487601	+	483	5	8	12	8	4	5	22	9	27
SC_RS40495	NC_003888.3	8487675	8488280	+	606	4	8	3	9	3	3	54	17	45
SC_RS40500	NC_003888.3	8488518	8489696	+	1179	33	30	24	15	25	23	80	37	70
SC_RS40505	NC_003888.3	8489928	8490212	-	285	4	2	4	23	18	13	20	9	16
SC_RS40510	NC_003888.3	8490209	8490745	-	537	11	13	18	63	46	61	67	38	44
SC_RS40515	NC_003888.3	8490754	8490963	-	210	13	9	4	37	11	24	36	19	30
SC_RS40520	NC_003888.3	8491153	8492100	+	948	5	6	19	12	21	14	52	22	56
SC_RS40525	NC_003888.3	8492106	8492702	+	597	1	2	8	4	8	2	39	20	18
SC_RS40530	NC_003888.3	8492841	8493260	+	420	1	2	1	5	4	0	25	7	19
SC_RS40535	NC_003888.3	8493549	8494580	-	1032	1	0	1	0	0	0	55	13	34
SC_RS40540	NC_003888.3	8494577	8495092	-	516	0	2	0	3	0	0	28	6	32
SC_RS40545	NC_003888.3	8495102	8496331	-	1230	0	1	0	0	0	1	68	13	43
SC_RS40550	NC_003888.3	8496377	8497237	+	861	5	3	5	19	21	12	56	33	53
SC_RS40555	NC_003888.3	8497424	8497978	+	555	4	6	5	7	3	5	28	5	24
SC_RS40560	NC_003888.3	8498017	8498415	+	399	1	1	1	1	2	2	25	4	18
SC_RS40565	NC_003888.3	8498457	8498906	+	450	0	0	0	0	1	0	14	7	12
SC_RS40570	NC_003888.3	8499061	8499282	+	222	1	2	3	0	1	1	14	5	11
SC_RS40575	NC_003888.3	8499392	8500978	+	1587	6	6	8	4	1	4	92	16	64
SC_RS40580	NC_003888.3	8500975	8501925	+	951	1	1	2	0	0	2	66	5	35
SC_RS40585	NC_003888.3	8501922	8502776	+	855	1	1	2	0	1	2	35	20	50
SC_RS40590	NC_003888.3	8502773	8504398	+	1626	8	5	3	2	0	0	72	26	65
SC_RS40595	NC_003888.3	8504461	8506122	-	1662	10	13	9	4	4	7	122	26	100
SC_RS40600	NC_003888.3	8506283	8512972	+	6690	16	15	22	8	18	17	357	57	260
SC_RS40605	NC_003888.3	8512969	8518497	+	5529	12	19	17	14	12	23	298	69	249
SC_RS40610	NC_003888.3	8518494	8519645	+	1152	2	0	2	1	2	6	57	18	42
SC_RS40615	NC_003888.3	8519642	8521675	+	2034	2	1	1	4	3	0	100	19	93
SC_RS40620	NC_003888.3	8521684	8522919	+	1236	6	0	3	1	6	1	66	17	56
SC_RS40625	NC_003888.3	8522916	8523749	+	834	5	0	0	1	2	3	43	3	31
SC_RS40630	NC_003888.3	8523760	8524488	+	729	4	3	3	2	7	6	39	12	42
SC_RS40635	NC_003888.3	8524485	8526347	+	1863	5	7	6	4	5	9	96	17	75
SC_RS40640	NC_003888.3	8526344	8528107	+	1764	3	3	3	3	5	15	83	22	76
SC_RS40645	NC_003888.3	8528166	8529581	+	1416	6	9	13	11	10	9	59	33	65
SC_RS40650	NC_003888.3	8529982	8530953	-	972	45	40	62	41	44	25	96	60	86
SC_RS40655	NC_003888.3	8531016	8531588	+	573	69	58	75	49	43	33	70	45	66
SC_RS40660	NC_003888.3	8531641	8532009	-	369	43	40	57	21	30	31	65	25	57
SC_RS40665	NC_003888.3	8532086	8532541	+	456	28	29	36	15	16	21	38	29	34
SC_RS40670	NC_003888.3	8532741	8534048	+	1308	42	46	45	12104	10826	11048	1790	1666	1226
SC_RS40675	NC_003888.3	8534142	8535239	-	1098	9	13	17	400	282	235	152	58	120
SC_RS40680	NC_003888.3	8535532	8536947	+	1416	2	4	2	139	92	122	170	76	137
SC_RS40685	NC_003888.3	8537030	8538352	+	1323	8	2	4	75	101	107	139	85	105
SC_RS40690	NC_003888.3	8538368	8539246	+	879	2	4	2	108	121	138	125	75	93
SC_RS40695	NC_003888.3	8539362	8540072	+	711	58	56	97	148	124	162	83	58	101
SC_RS40700	NC_003888.3	8540069	8541319	+	1251	51	52	66	114	88	152	104	58	94
SC_RS40705	NC_003888.3	8541365	8542072	+	708	96	86	123	65	95	83	80	51	51
SC_RS40710	NC_003888.3	8542150	8543340	+	1191	41	36	22	5	6	7	65	21	50
SC_RS40715	NC_003888.3	8543383	8544237	-	855	31	25	30	24	25	28	76	21	49
SC_RS40720	NC_003888.3	8544375	8544659	+	285	13	18	11	14	15	2	30	10	37
SC_RS40725	NC_003888.3	8544693	8545343	-	651	29	13	19	20	15	12	56	19	34
SC_RS40730	NC_003888.3	8545444	8545872	+	429	30	36	53	26	31	30	51	34	46
SC_RS40735	NC_003888.3	8545981	8546727	+	747	55	46	35	56	62	63	84	49	64
SC_RS40740	NC_003888.3	8546786	8548315	+	1530	20	18	21	175	177	160	272	244	241
SC_RS40745	NC_003888.3	8548323	8549003	+	681	51	49	64	130	102	100	128	78	94
SC_RS40750	NC_003888.3	8548995	8549684	-	690	13	10	6	46	46	46	83	28	61
SC_RS40755	NC_003888.3	8549826	8550365	+	540	20	21	27	107	90	91	88	76	72
SC_RS40760	NC_003888.3	8550431	8551234	+	804	11	12	24	221	207	266	204	152	172
SC_RS40765	NC_003888.3	8551498	8551953	+	456	6	5	10	82	62	25	236	107	214
SC_RS40770	NC_003888.3	8552007	8552420	-	414	9	13	10	453	493	368	1053	820	887
SC_RS40775	NC_003888.3	8552524	8553297	-	774	38	54	75	45	43	73	77	38	63
SC_RS40780	NC_003888.3	8553428	8554087	-	660	44	33	42	44	46	41	59	45	52
SC_RS40785	NC_003888.3	8554238	8555248	+	1011	3	2	3	5	6	2	54	13	40
SC_RS40790	NC_003888.3	8555357	8556118	+	762	11	24	34	1037	945	958	198	184	148
SC_RS40795	NC_003888.3	8556355	8556939	+	585	8	20	8	354	372	347	81	44	77
SC_RS40800	NC_003888.3	8557122	8558327	-	1206	37	34	52	40	21	17	112	13	59
SC_RS40805	NC_003888.3	8558433	8559848	-	1416	112	104	142	16	17	16	122	55	121
SC_RS40810	NC_003888.3	8560026	8560667	+	642	5	1	2	12	14	23	69	32	57
SC_RS40815	NC_003888.3	8561544	8562200	+	657	2	5	6	140	153	150	123	82	106
SC_RS40820	NC_003888.3	8562591	8563058	-	468	214	227	250	126	90	98	133	129	105
SC_RS40825	NC_003888.3	8563210	8563518	+	309	121	120	140	222	202	165	103	93	97
SC_RS40830	NC_003888.3	8563625	8564623	+	999	282	237	284	291	298	309	230	181	158
SC_RS40835	NC_003888.3	8564658	8564996	+	339	250	226	338	201	177	195	147	142	134
SC_RS40840	NC_003888.3	8565486	8566037	+	552	72	74	82	28	17	28	65	24	54
SC_RS40845	NC_003888.3	8566732	8567118	+	387	146	144	155	141	128	160	132	102	104
SC_RS40850	NC_003888.3	8567132	8569351	+	2220	317	336	375	546	463	575	387	315	318
SC_RS40855	NC_003888.3	8569361	8569918	+	558	68	64	79	104	115	117	105	90	107
SC_RS40860	NC_003888.3	8569962	8570174	+	213	30	16	24	13	9	17	23	7	27
SC_RS40865	NC_003888.3	8570209	8572470	-	2262	6	4	5	14	12	14	154	28	127
SC_RS40870	NC_003888.3	8572975	8573685	-	711	3	1	1	1	3	1	36	6	36
SC_RS40875	NC_003888.3	8573919	8574302	-	384	1	1	3	0	0	0	23	8	26
SC_RS40880	NC_003888.3	8574364	8574981	-	618	4	3	1	2	2	2	45	20	44
SC_RS40885	NC_003888.3	8575522	8575674	-	153	7	9	4	18	10	11	21	12	29
SC_RS40890	NC_003888.3	8576308	8577372	-	1065	50	45	54	34	57	72	88	34	71
SC_RS40895	NC_003888.3	8577403	8577879	+	477	38	24	47	59	51	34	82	24	61
SC_RS40900	NC_003888.3	8578000	8578485	-	486	5	7	2	9	25	11	35	16	24
SC_RS40905	NC_003888.3	8578547	8579414	-	868	0	0	1	1	0	0	48	5	54
SC_RS40910	NC_003888.3	8580056	8581234	+	1179	32	18	28	34	24	28	108	45	83
SC_RS40915	NC_003888.3	8581478	8583109	+	1632	116	143	151	111	121	147	286	232	244
SC_RS40920	NC_003888.3	8583106	8584200	+	1095	31	37	33	29	22	42	116	51	87
SC_RS40925	NC_003888.3	8584197	8584610	+	414	8	14	10	8	9	13	31	14	34
SC_RS40930	NC_003888.3	8584661	8585167	+	507	22	18	22	13	10	17	55	22	41
SC_RS40935	NC_003888.3	8585463	8586017	-	555	41	44	81	11	16	12	51	24	35
SC_RS40940	NC_003888.3	8586108	8586491	-	384	61	82	110	18	15	23	49	32	42
SC_RS40945	NC_003888.3	8586637	8586975	+	339	126	103	148	9	16	6	32	18	31
SC_RS40950	NC_003888.3	8587133	8587375	+	243	74	65	95	26	28	26	36	17	48
SC_RS40955	NC_003888.3	8588247	8589079	-	833	4	2	2	7	4	2	35	6	26
SC_RS40960	NC_003888.3	8589159	8590784	+	1626	2	2	6	4	3	1	103	16	83
SC_RS40965	NC_003888.3	8590974	8591325	-	352	6	4	6	5	2	3	41	11	23
SC_RS40970	NC_003888.3	8591691	8591942	+	252	2	1	4	3	1	1	33	7	29
SC_RS40975	NC_003888.3	8591968	8592516	-	549	31	34	53	66	65	53	96	62	80
SC_RS40980	NC_003888.3	8593372	8594052	+	681	12	11	8	253	187	165	156	110	116
SC_RS40985	NC_003888.3	8595004	8595444	+	441	111	100	130	160	136	138	220	233	191
SC_RS40990	NC_003888.3	8595528	8596418	+	891	131	117	146	143	133	149	111	71	79
SC_RS40995	NC_003888.3	8596583	8597410	-	828	13	8	34	38	32	46	109	48	77
SC_RS41000	NC_003888.3	8597573	8597980	+	408	3	2	6	8	3	6	20	4	29
SC_RS41005	NC_003888.3	8597980	8598822	+	843	5	9	5	14	18	6	48	20	39
SC_RS41010	NC_003888.3	8598830	8599405	+	576	1	3	10	8	1	7	30	12	45
SC_RS41015	NC_003888.3	8600297	8600881	-	585	99	86	135	245	198	170	153	100	136
SC_RS41020	NC_003888.3	8601284	8601838	-	555	131	132	205	123	134	127	103	57	73
SC_RS41025	NC_003888.3	8601845	8601940	+	96	3	1	3	0	1	0	22	7	20
SC_RS41030	NC_003888.3	8602543	8603184	+	642	13	4	5	21	17	13	53	19	45
SC_RS41035	NC_003888.3	8603208	8603747	+	540	7	4	5	12	15	13	41	15	37
SC_RS41040	NC_003888.3	8604178	8604653	+	476	5	4	6	5	7	8	45	15	38
SC_RS41045	NC_003888.3	8604711	8605640	-	930	11	25	8	21	24	20	66	29	84
SC_RS41050	NC_003888.3	8605797	8606564	+	768	41	43	47	158	101	125	144	116	114
SC_RS41055	NC_003888.3	8606671	8607396	-	726	15	14	16	15	10	11	55	15	32
SC_RS41060	NC_003888.3	8607539	8608480	+	942	50	72	64	193	153	136	126	80	100
SC_RS41065	NC_003888.3	8608584	8608918	+	335	21	22	20	44	37	44	98	68	76
SC_RS41070	NC_003888.3	8609130	8610347	+	1218	0	1	1	0	2	1	1	1	5
SC_RS41075	NC_003888.3	8610407	8610638	+	232	0	0	1	5	1	4	14	2	13
SC_RS41080	NC_003888.3	8610788	8611627	+	840	22	24	35	949	859	1261	346	405	230
SC_RS41085	NC_003888.3	8611658	8612263	+	606	70	49	71	372	364	478	213	180	177
SC_RS41090	NC_003888.3	8612498	8613397	-	900	4	4	7	5	4	6	43	14	40
SC_RS41095	NC_003888.3	8613473	8613673	-	201	2	1	1	4	0	0	13	1	7
SC_RS41100	NC_003888.3	8613848	8614045	-	198	0	0	1	1	0	1	7	3	11
SC_RS41105	NC_003888.3	8614151	8614369	-	219	0	3	0	1	0	0	7	5	2
SC_RS41110	NC_003888.3	8614384	8614620	-	237	0	5	2	2	2	1	23	6	15
SC_RS41115	NC_003888.3	8614845	8616041	-	1197	28	28	37	14	16	8	71	19	46
SC_RS41120	NC_003888.3	8616047	8617276	-	1230	38	33	60	15	14	13	91	25	66
SC_RS41125	NC_003888.3	8617566	8617739	-	174	32	15	32	8	14	13	23	5	21
SC_RS41130	NC_003888.3	8618313	8618951	+	639	59	51	77	23	14	21	66	9	41
SC_RS41135	NC_003888.3	8619356	8620069	+	714	15	9	16	10	26	16	46	23	52
SC_RS41140	NC_003888.3	8620094	8620228	+	135	6	2	5	6	4	1	21	11	18
SC_RS41145	NC_003888.3	8620339	8621174	-	836	16	13	13	49	38	28	101	39	76
SC_RS41150	NC_003888.3	8621520	8621900	+	381	6	2	9	12	18	27	28	7	27
SC_RS41155	NC_003888.3	8622086	8622478	+	393	3	9	16	142	135	143	99	74	93
SC_RS41160	NC_003888.3	8623230	8624186	+	957	0	0	2	4	0	1	37	5	46
SC_RS41165	NC_003888.3	8624964	8625110	-	147	0	0	0	1	1	1	19	8	15
SC_RS41170	NC_003888.3	8625198	8625431	+	234	1	0	6	5	4	8	33	13	25
SC_RS41175	NC_003888.3	8625559	8626228	-	670	12	10	13	13	15	12	52	10	42
SC_RS41180	NC_003888.3	8626338	8627069	-	732	64	62	69	172	161	138	197	143	139
SC_RS41185	NC_003888.3	8627358	8627603	-	246	1	0	3	1	2	2	32	6	24
SC_RS41190	NC_003888.3	8628356	8628988	-	633	46	43	55	33	29	35	57	25	58
SC_RS41195	NC_003888.3	8629028	8629804	+	777	33	20	38	331	372	306	97	45	54
SC_RS41200	NC_003888.3	8630050	8630394	-	345	3	1	1	2	3	6	44	9	25
SC_RS41205	NC_003888.3	8630427	8631482	-	1056	3	2	3	2	2	2	75	14	49
SC_RS41210	NC_003888.3	8631557	8632408	+	852	54	39	68	262	242	264	191	158	172
SC_RS41215	NC_003888.3	8633209	8633592	-	384	0	0	0	1	0	0	31	6	26
SC_RS41220	NC_003888.3	8633882	8634775	-	894	3	0	1	5	7	2	55	14	47
SC_RS41225	NC_003888.3	8634834	8635487	+	654	83	69	86	46	62	62	66	40	51
SC_RS41230	NC_003888.3	8635608	8636324	+	717	24	11	29	23	19	15	63	13	51
SC_RS41235	NC_003888.3	8636400	8637257	-	858	7	2	16	68	50	64	142	73	62
SC_RS41240	NC_003888.3	8637359	8638123	+	765	4	5	1	8	6	5	66	17	26
SC_RS41245	NC_003888.3	8638588	8639349	-	762	5	1	1	3	2	1	63	12	64
SC_RS41250	NC_003888.3	8640037	8640450	+	414	7	4	2	10	6	7	34	23	35
SC_RS41255	NC_003888.3	8641177	8641371	+	195	14	10	6	5	6	8	32	14	31
SC_RS41260	NC_003888.3	8641685	8642638	-	954	25	16	30	33	33	36	65	30	63
SC_RS41265	NC_003888.3	8642714	8643124	-	411	4	11	7	18	24	18	41	12	29
SC_RS41270	NC_003888.3	8643240	8643812	-	573	32	31	38	50	54	53	54	30	43
SC_RS41275	NC_003888.3	8644811	8645791	-	981	3	0	5	2	2	2	65	11	53
SC_RS41280	NC_003888.3	8645888	8647537	-	1650	0	0	0	1	0	1	4	3	8
SC_RS41285	NC_003888.3	8648145	8649023	+	879	3	4	4	4	5	3	3	3	3
SC_RS41290	NC_003888.3	8649245	8649589	-	345	0	0	0	0	0	0	0	0	0
SC_RS41295	NC_003888.3	8649590	8649793	-	204	0	0	0	0	0	0	0	0	0
SC_RS41300	NC_003888.3	8650206	8651438	+	1233	1	1	0	2	1	0	3	0	3
SC_RS41305	NC_003888.3	8651913	8652191	+	279	1	0	0	0	0	0	0	0	1
SC_RS41310	NC_003888.3	8652148	8652769	+	622	0	0	0	0	0	0	2	0	0
SC_RS41315	NC_003888.3	8653165	8653464	+	300	2	7	4	2	0	3	9	2	4
SC_RS41320	NC_003888.3	8653887	8653991	+	105	0	0	0	0	1	0	3	2	1
SC_RS41325	NC_003888.3	8654051	8655142	-	1092	0	0	0	8	2	6	6	10	6
SC_RS41330	NC_003888.3	8655544	8655891	-	348	0	0	0	0	0	0	0	0	1
SC_RS41335	NC_003888.3	8656145	8657101	-	957	0	0	0	0	0	2	1	1	4
SC_RS41340	NC_003888.3	8657098	8658084	-	987	0	0	0	0	0	1	1	0	4
SC_RS41345	NC_003888.3	8658201	8660354	-	2154	0	0	0	24	25	20	9	4	10
SC_RS41350	NC_003888.3	8660335	8661162	-	828	0	0	0	35	22	45	12	15	12
SC_RS41355	NC_003888.3	8661288	8663639	-	2352	0	1	0	2	1	0	0	3	3
SC_RS41360	NC_003888.3	8663695	8666364	-	2670	2	2	1	10	3	1	4	6	3
SC_RS41365	NC_003888.3	8666385	8666708	-	324	0	0	0	0	0	0	0	1	2
SC_RS41370	NC_003888.3	8666809	8666931	-	123	0	0	0	0	2	2	2	0	0
SC_RS00005	NC_003903.1	899	1522	-	624	0	0	0	0	0	0	0	0	0
SC_RS00010	NC_003903.1	1607	2812	-	1206	0	0	0	0	0	0	0	0	0
SC_RS00015	NC_003903.1	2903	3121	-	219	0	0	0	0	0	0	0	0	0
SC_RS00020	NC_003903.1	3109	3345	-	237	0	0	0	0	0	0	0	0	0
SC_RS00025	NC_003903.1	3424	3819	-	396	0	0	0	0	0	0	0	0	0
SC_RS00030	NC_003903.1	4408	4632	-	225	0	0	0	0	0	0	0	0	0
SC_RS00035	NC_003903.1	4629	4922	-	294	0	0	0	0	0	0	0	0	0
SC_RS00040	NC_003903.1	4919	5440	-	522	0	0	0	0	0	0	0	0	0
SC_RS00045	NC_003903.1	5516	6181	-	666	0	0	0	0	0	0	0	0	0
SC_RS00050	NC_003903.1	6777	7271	+	495	0	0	0	0	0	0	0	0	0
SC_RS00055	NC_003903.1	7395	8243	-	849	0	0	0	0	0	0	0	0	0
SC_RS00060	NC_003903.1	8135	8578	-	444	0	0	0	0	0	0	0	0	0
SC_RS00065	NC_003903.1	8633	10183	-	1551	0	0	0	0	0	0	0	0	0
SC_RS00070	NC_003903.1	10282	11454	-	1173	0	0	0	0	0	0	0	0	0
SC_RS00075	NC_003903.1	11690	11914	+	225	0	0	0	0	0	0	0	0	0
SC_RS00080	NC_003903.1	12362	12946	-	585	0	0	0	0	0	0	0	0	0
SC_RS00085	NC_003903.1	13089	13907	+	819	0	0	0	0	0	0	0	0	0
SC_RS00090	NC_003903.1	13943	16393	-	2451	0	0	0	0	0	0	0	0	0
SC_RS00095	NC_003903.1	16386	17582	-	1197	0	0	0	0	0	0	0	0	0
SC_RS00100	NC_003903.1	17618	18343	-	726	0	0	0	0	0	0	0	0	0
SC_RS00105	NC_003903.1	18421	19278	-	858	0	0	0	0	0	0	0	0	0
SC_RS00110	NC_003903.1	19353	19586	-	234	0	0	0	0	0	0	0	0	0
SC_RS00115	NC_003903.1	20274	21338	-	1065	0	0	0	0	0	0	0	0	0
SC_RS00120	NC_003903.1	22062	22904	-	843	0	0	0	0	0	0	0	0	0
SC_RS00125	NC_003903.1	23099	26422	-	3324	0	0	0	0	0	0	0	0	0
SC_RS00130	NC_003903.1	26523	26876	-	354	0	0	0	0	0	0	0	0	0
SC_RS00135	NC_003903.1	27713	28150	+	438	0	0	0	0	0	0	0	0	0
SC_RS00140	NC_003903.1	28328	28888	-	561	0	0	0	0	0	0	0	0	0
SC_RS00145	NC_003903.1	29125	29784	+	660	0	0	0	0	0	0	0	0	0
SC_RS00150	NC_003903.1	29839	30219	-	381	0	0	0	0	0	0	0	0	0
SC_RS00155	NC_003903.1	30246	31238	-	993	0	0	0	0	0	0	0	0	0
SC_RS00160	NC_003903.1	31461	32399	+	939	0	0	0	0	0	0	0	0	0
SC_RS00165	NC_003903.1	32556	32855	+	300	0	0	0	0	0	0	0	0	0
SC_RS00170	NC_003903.1	33166	34080	-	915	0	0	0	0	0	0	0	0	0
SC_RS00175	NC_003903.1	34167	35162	+	996	0	0	0	0	0	0	0	0	0
SC_RS00180	NC_003903.1	35455	36417	-	963	0	0	0	0	0	0	0	0	0
SC_RS00185	NC_003903.1	36486	36905	-	420	0	0	0	0	0	0	0	0	0
SC_RS00190	NC_003903.1	36908	37171	-	264	0	0	0	0	0	0	0	0	0
SC_RS00195	NC_003903.1	37544	37747	+	204	0	0	0	0	0	0	0	0	0
SC_RS00200	NC_003903.1	37969	39204	-	1236	0	0	0	0	0	0	0	0	0
SC_RS00205	NC_003903.1	40107	40730	-	624	0	0	0	0	0	0	0	0	0
SC_RS00210	NC_003903.1	40935	41750	+	816	0	0	0	0	0	0	0	0	0
SC_RS00215	NC_003903.1	42353	43369	+	1017	0	0	0	0	0	0	0	0	0
SC_RS00220	NC_003903.1	43464	45101	+	1638	0	0	0	0	0	0	0	0	0
SC_RS00225	NC_003903.1	45540	45668	+	129	0	0	0	0	0	0	0	0	0
SC_RS00230	NC_003903.1	45946	46785	-	840	0	0	0	0	0	0	0	0	0
SC_RS00235	NC_003903.1	46733	47431	-	699	0	0	0	0	0	0	0	0	0
SC_RS00240	NC_003903.1	47388	47966	-	579	0	0	0	0	0	0	0	0	0
SC_RS00245	NC_003903.1	47963	48967	-	1005	0	0	0	0	0	0	0	0	0
SC_RS00250	NC_003903.1	49307	49684	+	378	0	0	0	0	0	0	0	0	0
SC_RS00255	NC_003903.1	49731	50141	+	411	0	0	0	0	0	0	0	0	0
SC_RS00260	NC_003903.1	50418	51074	-	657	0	0	0	0	0	0	0	0	0
SC_RS00265	NC_003903.1	51118	52008	-	891	0	0	0	0	0	0	0	0	0
SC_RS00270	NC_003903.1	52099	53301	-	1203	0	0	0	0	0	0	0	0	0
SC_RS00275	NC_003903.1	53318	53842	-	525	0	0	0	0	0	0	0	0	0
SC_RS00280	NC_003903.1	53839	54702	-	864	0	0	0	0	0	0	0	0	0
SC_RS00285	NC_003903.1	54699	55715	-	1017	0	0	0	0	0	0	0	0	0
SC_RS00290	NC_003903.1	55712	56593	-	882	0	0	0	0	0	0	0	0	0
SC_RS00295	NC_003903.1	56620	57444	-	825	0	0	0	0	0	0	0	0	0
SC_RS00300	NC_003903.1	57441	57893	-	453	0	0	0	0	0	0	0	0	0
SC_RS00305	NC_003903.1	57923	58462	-	540	0	0	0	0	0	0	0	0	0
SC_RS00310	NC_003903.1	58459	58887	-	429	0	0	0	0	0	0	0	0	0
SC_RS00315	NC_003903.1	58920	59357	-	438	0	0	0	0	0	0	0	0	0
SC_RS00320	NC_003903.1	59650	60522	+	873	0	0	0	0	0	0	0	0	0
SC_RS00325	NC_003903.1	60519	60743	+	225	0	0	0	0	0	0	0	0	0
SC_RS00330	NC_003903.1	61144	61557	+	414	0	0	0	0	0	0	0	0	0
SC_RS00335	NC_003903.1	61655	63463	+	1809	0	0	0	0	0	0	0	0	0
SC_RS00340	NC_003903.1	63427	63702	-	276	0	0	0	0	0	0	0	0	0
SC_RS00345	NC_003903.1	63899	66577	+	2679	0	0	0	0	0	0	0	0	0
SC_RS00350	NC_003903.1	66588	66962	-	375	0	0	0	0	0	0	0	0	0
SC_RS00355	NC_003903.1	66959	67213	-	255	0	0	0	0	0	0	0	0	0
SC_RS00360	NC_003903.1	67259	67447	-	189	0	0	0	0	0	0	0	0	0
SC_RS00365	NC_003903.1	67553	68452	+	900	0	0	0	0	0	0	0	0	0
SC_RS00370	NC_003903.1	68525	68884	-	360	0	0	0	0	0	0	0	0	0
SC_RS00375	NC_003903.1	69051	69398	+	348	0	0	0	0	0	0	0	0	0
SC_RS00380	NC_003903.1	69453	69704	-	252	0	0	0	0	0	0	0	0	0
SC_RS00385	NC_003903.1	69714	70400	-	687	0	0	0	0	0	0	0	0	0
SC_RS00390	NC_003903.1	70445	72058	-	1614	0	0	0	0	0	0	0	0	0
SC_RS00395	NC_003903.1	72284	73369	+	1086	0	0	0	0	0	0	0	0	0
SC_RS00400	NC_003903.1	73777	74073	-	297	0	0	0	0	0	0	0	0	0
SC_RS00405	NC_003903.1	74070	74267	-	198	0	0	0	0	0	0	0	0	0
SC_RS00410	NC_003903.1	74846	75391	-	546	0	0	0	0	0	0	0	0	0
SC_RS00415	NC_003903.1	75741	76256	+	516	0	0	0	0	0	0	0	0	0
SC_RS00420	NC_003903.1	76340	77068	+	729	0	0	0	0	0	0	0	0	0
SC_RS00425	NC_003903.1	78993	79994	+	1002	0	0	0	0	0	0	0	0	0
SC_RS00430	NC_003903.1	79999	80421	+	423	0	0	0	0	0	0	0	0	0
SC_RS00435	NC_003903.1	80439	81284	+	846	0	0	0	0	0	0	0	0	0
SC_RS00440	NC_003903.1	81294	81893	-	600	0	0	0	0	0	0	0	0	0
SC_RS00445	NC_003903.1	81921	82391	-	471	0	0	0	0	0	0	0	0	0
SC_RS00450	NC_003903.1	82970	83170	+	201	0	0	0	0	0	0	0	0	0
SC_RS00455	NC_003903.1	83371	84690	-	1320	0	0	0	0	0	0	0	0	0
SC_RS00460	NC_003903.1	85719	86630	-	912	0	0	0	0	0	0	0	0	0
SC_RS00465	NC_003903.1	86627	87208	-	582	0	0	0	0	0	0	0	0	0
SC_RS00470	NC_003903.1	87214	88383	-	1170	0	0	0	0	0	0	0	0	0
SC_RS00475	NC_003903.1	88591	89277	-	687	0	0	0	0	0	0	0	0	0
SC_RS00480	NC_003903.1	89274	90032	-	759	0	0	0	0	0	0	0	0	0
SC_RS00485	NC_003903.1	90418	91026	+	609	0	0	0	0	0	0	0	0	0
SC_RS00490	NC_003903.1	91131	91292	+	162	0	0	0	0	0	0	0	0	0
SC_RS00495	NC_003903.1	91711	91956	+	246	0	0	0	0	0	0	0	0	0
SC_RS00500	NC_003903.1	92149	92322	+	174	0	0	0	0	0	0	0	0	0
SC_RS00505	NC_003903.1	92483	92791	+	309	0	0	0	0	0	0	0	0	0
SC_RS00510	NC_003903.1	92982	93173	+	192	0	0	0	0	0	0	0	0	0
SC_RS00515	NC_003903.1	93282	93647	+	366	0	0	0	0	0	0	0	0	0
SC_RS00520	NC_003903.1	93707	95878	+	2172	0	0	0	0	0	0	0	0	0
SC_RS00525	NC_003903.1	96001	96492	+	492	0	0	0	0	0	0	0	0	0
SC_RS00530	NC_003903.1	96489	96725	+	237	0	0	0	0	0	0	0	0	0
SC_RS00535	NC_003903.1	96877	99111	+	2235	0	0	0	0	0	0	0	0	0
SC_RS00540	NC_003903.1	99127	99540	+	414	0	0	0	0	0	0	0	0	0
SC_RS00545	NC_003903.1	99624	101732	+	2109	0	0	0	0	0	0	0	0	0
SC_RS00550	NC_003903.1	101812	102000	+	189	0	0	0	0	0	0	0	0	0
SC_RS00555	NC_003903.1	102063	102596	+	534	0	0	0	0	0	0	0	0	0
SC_RS00560	NC_003903.1	102859	103323	+	465	0	0	0	0	0	0	0	0	0
SC_RS00565	NC_003903.1	103344	103805	+	462	0	0	0	0	0	0	0	0	0
SC_RS00570	NC_003903.1	103936	104439	+	504	0	0	0	0	0	0	0	0	0
SC_RS00575	NC_003903.1	104552	104935	+	384	0	0	0	0	0	0	0	0	0
SC_RS00580	NC_003903.1	105204	105809	+	606	0	0	0	0	0	0	0	0	0
SC_RS00585	NC_003903.1	105806	105997	+	192	0	0	0	0	0	0	0	0	0
SC_RS00590	NC_003903.1	105994	106995	+	1002	0	0	0	0	0	0	0	0	0
SC_RS00595	NC_003903.1	107224	107994	+	771	0	0	0	0	0	0	0	0	0
SC_RS00600	NC_003903.1	108186	108845	+	660	0	0	0	0	0	0	0	0	0
SC_RS00605	NC_003903.1	108842	109300	+	459	0	0	0	0	0	0	0	0	0
SC_RS00610	NC_003903.1	109297	109824	+	528	0	0	0	0	0	0	0	0	0
SC_RS00615	NC_003903.1	110149	111153	+	1005	0	0	0	0	0	0	0	0	0
SC_RS00620	NC_003903.1	111150	111905	+	756	0	0	0	0	0	0	0	0	0
SC_RS00625	NC_003903.1	112041	112220	+	180	0	0	0	0	0	0	0	0	0
SC_RS00630	NC_003903.1	112312	113430	+	1119	0	0	0	0	0	0	0	0	0
SC_RS00635	NC_003903.1	113446	113625	+	180	0	0	0	0	0	0	0	0	0
SC_RS00640	NC_003903.1	113836	114735	+	900	0	0	0	0	0	0	0	0	0
SC_RS00645	NC_003903.1	114800	115153	+	354	0	0	0	0	0	0	0	0	0
SC_RS00650	NC_003903.1	115163	115540	+	378	0	0	0	0	0	0	0	0	0
SC_RS00655	NC_003903.1	115803	116042	-	240	0	0	0	0	0	0	0	0	0
SC_RS00660	NC_003903.1	116467	118641	+	2175	0	0	0	0	0	0	0	0	0
SC_RS00665	NC_003903.1	118650	118886	+	237	0	0	0	0	0	0	0	0	0
SC_RS00670	NC_003903.1	118883	119662	+	780	0	0	0	0	0	0	0	0	0
SC_RS00675	NC_003903.1	120071	120868	+	798	0	0	0	0	0	0	0	0	0
SC_RS00680	NC_003903.1	120868	121305	+	438	0	0	0	0	0	0	0	0	0
SC_RS00685	NC_003903.1	121302	121631	+	330	0	0	0	0	0	0	0	0	0
SC_RS00690	NC_003903.1	121863	122663	+	801	0	0	0	0	0	0	0	0	0
SC_RS00695	NC_003903.1	122807	123301	-	495	0	0	0	0	0	0	0	0	0
SC_RS00700	NC_003903.1	123923	124249	+	327	0	0	0	0	0	0	0	0	0
SC_RS00705	NC_003903.1	124246	125187	+	942	0	0	0	0	0	0	0	0	0
SC_RS00710	NC_003903.1	125422	127911	+	2490	0	0	0	0	0	0	0	0	0
SC_RS00715	NC_003903.1	128828	130090	+	1263	0	0	0	0	0	0	0	0	0
SC_RS00720	NC_003903.1	130087	131214	+	1128	0	0	0	0	0	0	0	0	0
SC_RS00725	NC_003903.1	131476	133197	+	1722	0	0	0	0	0	0	0	0	0
SC_RS00730	NC_003903.1	133878	134771	+	894	0	0	0	0	0	0	0	0	0
SC_RS00735	NC_003903.1	134811	135074	+	264	0	0	0	0	0	0	0	0	0
SC_RS00740	NC_003903.1	135071	136180	+	1110	0	0	0	0	0	0	0	0	0
SC_RS00745	NC_003903.1	136187	136474	+	288	0	0	0	0	0	0	0	0	0
SC_RS00750	NC_003903.1	136471	137070	+	600	0	0	0	0	0	0	0	0	0
SC_RS00755	NC_003903.1	137070	139616	+	2547	0	0	0	0	0	0	0	0	0
SC_RS00760	NC_003903.1	139613	141931	+	2319	0	0	0	0	0	0	0	0	0
SC_RS00765	NC_003903.1	141924	143078	+	1155	0	0	0	0	0	0	0	0	0
SC_RS00770	NC_003903.1	143167	144276	-	1110	0	0	0	0	0	0	0	0	0
SC_RS00775	NC_003903.1	144552	145661	-	1110	0	0	0	0	0	0	0	0	0
SC_RS00780	NC_003903.1	145658	146182	-	525	0	0	0	0	0	0	0	0	0
SC_RS00785	NC_003903.1	146399	146851	+	453	0	0	0	0	0	0	0	0	0
SC_RS00790	NC_003903.1	147363	147803	+	441	0	0	0	0	0	0	0	0	0
SC_RS00795	NC_003903.1	147800	149980	+	2181	0	0	0	0	0	0	0	0	0
SC_RS00800	NC_003903.1	150019	150951	+	933	0	0	0	0	0	0	0	0	0
SC_RS00805	NC_003903.1	150948	151241	+	294	0	0	0	0	0	0	0	0	0
SC_RS00810	NC_003903.1	151363	151653	+	291	0	0	0	0	0	0	0	0	0
SC_RS00815	NC_003903.1	152373	153824	+	1452	0	0	0	0	0	0	0	0	0
SC_RS00820	NC_003903.1	153834	154106	-	273	0	0	0	0	0	0	0	0	0
SC_RS00825	NC_003903.1	154161	155738	-	1578	0	0	0	0	0	0	0	0	0
SC_RS00830	NC_003903.1	156182	156988	-	807	0	0	0	0	0	0	0	0	0
SC_RS00835	NC_003903.1	157452	157763	-	312	0	0	0	0	0	0	0	0	0
SC_RS00840	NC_003903.1	157995	159116	+	1122	0	0	0	0	0	0	0	0	0
SC_RS00845	NC_003903.1	159765	159896	-	132	0	0	0	0	0	0	0	0	0
SC_RS00850	NC_003903.1	159899	160291	-	393	0	0	0	0	0	0	0	0	0
SC_RS00855	NC_003903.1	160361	160498	-	138	0	0	0	0	0	0	0	0	0
SC_RS00860	NC_003903.1	160942	161544	+	603	0	0	0	0	0	0	0	0	0
SC_RS00865	NC_003903.1	161538	162440	+	903	0	0	0	0	0	0	0	0	0
SC_RS00870	NC_003903.1	162487	163170	+	684	0	0	0	0	0	0	0	0	0
SC_RS00875	NC_003903.1	163174	164052	+	879	0	0	0	0	0	0	0	0	0
SC_RS00880	NC_003903.1	164045	165658	+	1614	0	0	0	0	0	0	0	0	0
SC_RS00885	NC_003903.1	165702	166694	+	993	0	0	0	0	0	0	0	0	0
SC_RS00890	NC_003903.1	166691	167584	+	894	0	0	0	0	0	0	0	0	0
SC_RS00895	NC_003903.1	167601	167792	+	192	0	0	0	0	0	0	0	0	0
SC_RS00900	NC_003903.1	167825	168244	+	420	0	0	0	0	0	0	0	0	0
SC_RS00905	NC_003903.1	168241	168684	+	444	0	0	0	0	0	0	0	0	0
SC_RS00910	NC_003903.1	168681	169124	+	444	0	0	0	0	0	0	0	0	0
SC_RS00915	NC_003903.1	169131	172742	+	3612	0	0	0	0	0	0	0	0	0
SC_RS00920	NC_003903.1	173067	173675	+	609	0	0	0	0	0	0	0	0	0
SC_RS00925	NC_003903.1	173781	173927	-	147	0	0	0	0	0	0	0	0	0
SC_RS00930	NC_003903.1	173994	174191	+	198	0	0	0	0	0	0	0	0	0
SC_RS00935	NC_003903.1	174205	174516	+	312	0	0	0	0	0	0	0	0	0
SC_RS00940	NC_003903.1	174626	175174	-	549	0	0	0	0	0	0	0	0	0
SC_RS00945	NC_003903.1	175119	175583	-	465	0	0	0	0	0	0	0	0	0
SC_RS00950	NC_003903.1	175779	176534	+	756	0	0	0	0	0	0	0	0	0
SC_RS00955	NC_003903.1	176599	177141	+	543	0	0	0	0	0	0	0	0	0
SC_RS00960	NC_003903.1	177213	177818	-	606	0	0	0	0	0	0	0	0	0
SC_RS00965	NC_003903.1	178160	178438	+	279	0	0	0	0	0	0	0	0	0
SC_RS00970	NC_003903.1	178395	178949	+	555	0	0	0	0	0	0	0	0	0
SC_RS00975	NC_003903.1	178957	179805	+	849	0	0	0	0	0	0	0	0	0
SC_RS00980	NC_003903.1	179960	180511	+	552	0	0	0	0	0	0	0	0	0
SC_RS00985	NC_003903.1	180497	180781	-	285	0	0	0	0	0	0	0	0	0
SC_RS00990	NC_003903.1	181035	182222	+	1188	0	0	0	0	0	0	0	0	0
SC_RS00995	NC_003903.1	182187	183168	-	982	0	0	0	0	0	0	0	0	0
SC_RS01000	NC_003903.1	183470	183649	+	180	0	0	0	0	0	0	0	0	0
SC_RS01005	NC_003903.1	183694	184086	+	393	0	0	0	0	0	0	0	0	0
SC_RS01010	NC_003903.1	184494	185051	+	558	0	0	0	0	0	0	0	0	0
SC_RS01015	NC_003903.1	185598	186713	+	1116	0	0	0	0	0	0	0	0	0
SC_RS01020	NC_003903.1	186710	188230	+	1521	0	0	0	0	0	0	0	0	0
SC_RS01025	NC_003903.1	188227	188628	+	402	0	0	0	0	0	0	0	0	0
SC_RS01030	NC_003903.1	189013	189642	+	630	0	0	0	0	0	0	0	0	0
SC_RS01035	NC_003903.1	189929	191446	-	1518	0	0	0	0	0	0	0	0	0
SC_RS01040	NC_003903.1	191837	192337	-	501	0	0	0	0	0	0	0	0	0
SC_RS01045	NC_003903.1	192944	196954	+	4011	0	0	0	0	0	0	0	0	0
SC_RS01050	NC_003903.1	196963	197466	+	504	0	0	0	0	0	0	0	0	0
SC_RS01055	NC_003903.1	197590	198018	-	429	0	0	0	0	0	0	0	0	0
SC_RS01060	NC_003903.1	198102	198485	-	384	0	0	0	0	0	0	0	0	0
SC_RS01065	NC_003903.1	198693	200357	-	1665	0	0	0	0	0	0	0	0	0
SC_RS01070	NC_003903.1	200576	203101	-	2526	0	0	0	0	0	0	0	0	0
SC_RS01075	NC_003903.1	203314	203814	-	501	0	0	0	0	0	0	0	0	0
SC_RS01080	NC_003903.1	203838	206291	-	2454	0	0	0	0	0	0	0	0	0
SC_RS01085	NC_003903.1	207016	208056	+	1041	0	0	0	0	0	0	0	0	0
SC_RS01090	NC_003903.1	208371	209366	-	996	0	0	0	0	0	0	0	0	0
SC_RS01095	NC_003903.1	209380	209586	-	207	0	0	0	0	0	0	0	0	0
SC_RS01100	NC_003903.1	210807	211025	+	219	0	0	0	0	0	0	0	0	0
SC_RS01105	NC_003903.1	211196	212794	+	1599	0	0	0	0	0	0	0	0	0
SC_RS01110	NC_003903.1	212818	213495	-	678	0	0	0	0	0	0	0	0	0
SC_RS01115	NC_003903.1	213631	214520	+	890	0	0	0	0	0	0	0	0	0
SC_RS01120	NC_003903.1	214627	215106	+	480	0	0	0	0	0	0	0	0	0
SC_RS01125	NC_003903.1	215655	217472	-	1818	0	0	0	0	0	0	0	0	0
SC_RS01130	NC_003903.1	217465	217674	+	210	0	0	0	0	0	0	0	0	0
SC_RS01135	NC_003903.1	217949	219067	-	1119	0	0	0	0	0	0	0	0	0
SC_RS01140	NC_003903.1	219314	219769	-	456	0	0	0	0	0	0	0	0	0
SC_RS01145	NC_003903.1	219993	220502	+	510	0	0	0	0	0	0	0	0	0
SC_RS01150	NC_003903.1	220585	221378	-	794	0	0	0	0	0	0	0	0	0
SC_RS01155	NC_003903.1	221485	222648	+	1164	0	0	0	0	0	0	0	0	0
SC_RS01160	NC_003903.1	222645	223790	+	1146	0	0	0	0	0	0	0	0	0
SC_RS01165	NC_003903.1	224000	224353	-	354	0	0	0	0	0	0	0	0	0
SC_RS01170	NC_003903.1	224350	227952	-	3603	0	0	0	0	0	0	0	0	0
SC_RS01175	NC_003903.1	228863	229135	+	273	0	0	0	0	0	0	0	0	0
SC_RS01180	NC_003903.1	229132	229518	+	387	0	0	0	0	0	0	0	0	0
SC_RS01185	NC_003903.1	229812	230153	+	342	0	0	0	0	0	0	0	0	0
SC_RS01190	NC_003903.1	230263	230826	-	564	0	0	0	0	0	0	0	0	0
SC_RS01195	NC_003903.1	230887	231129	+	243	0	0	0	0	0	0	0	0	0
SC_RS01200	NC_003903.1	231676	232200	-	525	0	0	0	0	0	0	0	0	0
SC_RS01205	NC_003903.1	232231	232692	-	462	0	0	0	0	0	0	0	0	0
SC_RS01210	NC_003903.1	232923	233864	+	942	0	0	0	0	0	0	0	0	0
SC_RS01215	NC_003903.1	233951	234604	+	654	0	0	0	0	0	0	0	0	0
SC_RS01220	NC_003903.1	234674	235837	+	1164	0	0	0	0	0	0	0	0	0
SC_RS01225	NC_003903.1	236056	236205	+	150	0	0	0	0	0	0	0	0	0
SC_RS01230	NC_003903.1	236410	237429	+	1020	0	0	0	0	0	0	0	0	0
SC_RS01235	NC_003903.1	237541	238245	+	705	0	0	0	0	0	0	0	0	0
SC_RS01240	NC_003903.1	238242	239240	+	999	0	0	0	0	0	0	0	0	0
SC_RS01245	NC_003903.1	239304	239552	+	249	0	0	0	0	0	0	0	0	0
SC_RS01250	NC_003903.1	239676	240374	+	699	0	0	0	0	0	0	0	0	0
SC_RS01255	NC_003903.1	240371	240991	+	621	0	0	0	0	0	0	0	0	0
SC_RS01260	NC_003903.1	241054	242481	-	1428	0	0	0	0	0	0	0	0	0
SC_RS01265	NC_003903.1	242698	243033	+	336	0	0	0	0	0	0	0	0	0
SC_RS01270	NC_003903.1	242996	244177	-	1182	0	0	0	0	0	0	0	0	0
SC_RS01275	NC_003903.1	244260	245381	-	1122	0	0	0	0	0	0	0	0	0
SC_RS01280	NC_003903.1	245412	246275	-	864	0	0	0	0	0	0	0	0	0
SC_RS01285	NC_003903.1	246362	247006	-	645	0	0	0	0	0	0	0	0	0
SC_RS01290	NC_003903.1	247201	248262	+	1062	0	0	0	0	0	0	0	0	0
SC_RS01295	NC_003903.1	248259	249461	+	1203	0	0	0	0	0	0	0	0	0
SC_RS01300	NC_003903.1	249461	250255	+	795	0	0	0	0	0	0	0	0	0
SC_RS01305	NC_003903.1	250406	251017	+	612	0	0	0	0	0	0	0	0	0
SC_RS01310	NC_003903.1	251127	251561	-	435	0	0	0	0	0	0	0	0	0
SC_RS01315	NC_003903.1	251565	251804	-	240	0	0	0	0	0	0	0	0	0
SC_RS01320	NC_003903.1	251995	252324	-	330	0	0	0	0	0	0	0	0	0
SC_RS01325	NC_003903.1	252531	252950	+	420	0	0	0	0	0	0	0	0	0
SC_RS01330	NC_003903.1	252945	253238	-	294	0	0	0	0	0	0	0	0	0
SC_RS01335	NC_003903.1	253237	253575	+	339	0	0	0	0	0	0	0	0	0
SC_RS01340	NC_003903.1	253719	254249	-	531	0	0	0	0	0	0	0	0	0
SC_RS01345	NC_003903.1	254385	255002	+	618	0	0	0	0	0	0	0	0	0
SC_RS01350	NC_003903.1	255286	255909	-	624	0	0	0	0	0	0	0	0	0
SC_RS01355	NC_003903.1	255857	256288	-	432	0	0	0	0	0	0	0	0	0
SC_RS01360	NC_003903.1	256929	257408	+	480	0	0	0	0	0	0	0	0	0
SC_RS01365	NC_003903.1	257545	258045	-	501	0	0	0	0	0	0	0	0	0
SC_RS01370	NC_003903.1	258163	259413	+	1251	0	0	0	0	0	0	0	0	0
SC_RS01375	NC_003903.1	259437	259787	+	351	0	0	0	0	0	0	0	0	0
SC_RS01380	NC_003903.1	260052	260555	-	504	0	0	0	0	0	0	0	0	0
SC_RS01385	NC_003903.1	260805	261038	+	234	0	0	0	0	0	0	0	0	0
SC_RS01390	NC_003903.1	261236	261430	-	195	0	0	0	0	0	0	0	0	0
SC_RS01395	NC_003903.1	261701	263065	+	1365	0	0	0	0	0	0	0	0	0
SC_RS01400	NC_003903.1	263311	263901	-	591	0	0	0	0	0	0	0	0	0
SC_RS01405	NC_003903.1	264803	265462	+	660	0	0	0	0	0	0	0	0	0
SC_RS01410	NC_003903.1	265459	265794	+	336	0	0	0	0	0	0	0	0	0
SC_RS01415	NC_003903.1	265831	266202	+	372	0	0	0	0	0	0	0	0	0
SC_RS01420	NC_003903.1	266352	266575	+	224	0	0	0	0	0	0	0	0	0
SC_RS01425	NC_003903.1	266896	267342	-	447	0	0	0	0	0	0	0	0	0
SC_RS01430	NC_003903.1	267556	270606	-	3051	0	0	0	0	0	0	0	0	0
SC_RS01435	NC_003903.1	271090	277308	+	6219	0	0	0	0	0	0	0	0	0
SC_RS01440	NC_003903.1	278390	278542	+	153	0	0	0	0	0	0	0	0	0
SC_RS01445	NC_003903.1	278968	279252	-	285	0	0	0	0	0	0	0	0	0
SC_RS01450	NC_003903.1	279323	280864	+	1542	0	0	1	3	1	0	1	1	1
SC_RS01455	NC_003903.1	280963	281178	+	216	0	0	0	0	0	0	0	0	0
SC_RS01460	NC_003903.1	281757	281954	+	198	0	0	0	0	0	0	0	0	0
SC_RS01465	NC_003903.1	281951	282247	+	297	0	0	0	0	0	0	0	0	0
SC_RS01470	NC_003903.1	282655	283740	-	1086	0	0	0	0	0	0	0	0	0
SC_RS01475	NC_003903.1	283966	285579	+	1614	0	0	0	0	0	0	0	0	0
SC_RS01480	NC_003903.1	285624	286310	+	687	0	0	0	0	0	0	0	0	0
SC_RS01485	NC_003903.1	286320	286571	+	252	0	0	0	0	0	0	0	0	0
SC_RS01490	NC_003903.1	286626	286973	-	348	0	0	0	0	0	0	0	0	0
SC_RS01495	NC_003903.1	287140	287499	+	360	0	0	0	0	0	0	0	0	0
SC_RS01500	NC_003903.1	287572	288471	-	900	0	0	0	0	0	0	0	0	0
SC_RS01505	NC_003903.1	288577	288765	+	189	0	0	0	0	0	0	0	0	0
SC_RS01510	NC_003903.1	288811	289065	+	255	0	0	0	0	0	0	0	0	0
SC_RS01515	NC_003903.1	289062	289436	+	375	0	0	0	0	0	0	0	0	0
SC_RS01520	NC_003903.1	289447	292125	-	2679	0	0	0	0	0	0	0	0	0
SC_RS01525	NC_003903.1	292322	292597	+	276	0	0	0	0	0	0	0	0	0
SC_RS01530	NC_003903.1	292561	294369	-	1809	0	0	0	0	0	0	0	0	0
SC_RS01535	NC_003903.1	294467	294880	-	414	0	0	0	0	0	0	0	0	0
SC_RS01540	NC_003903.1	295281	295505	-	225	0	0	0	0	0	0	0	0	0
SC_RS01545	NC_003903.1	295502	296374	-	873	0	0	0	0	0	0	0	0	0
SC_RS01550	NC_003903.1	296667	297104	+	438	0	0	0	0	0	0	0	0	0
SC_RS01555	NC_003903.1	297137	297565	+	429	0	0	0	0	0	0	0	0	0
SC_RS01560	NC_003903.1	297562	298101	+	540	0	0	0	0	0	0	0	0	0
SC_RS01565	NC_003903.1	298131	298583	+	453	0	0	0	0	0	0	0	0	0
SC_RS01570	NC_003903.1	298580	299404	+	825	0	0	0	0	0	0	0	0	0
SC_RS01575	NC_003903.1	299431	300312	+	882	0	0	0	0	0	0	0	0	0
SC_RS01580	NC_003903.1	300309	301325	+	1017	0	0	0	0	0	0	0	0	0
SC_RS01585	NC_003903.1	301322	302185	+	864	0	0	0	0	0	0	0	0	0
SC_RS01590	NC_003903.1	302182	302706	+	525	0	0	0	0	0	0	0	0	0
SC_RS01595	NC_003903.1	302723	303925	+	1203	0	0	0	0	0	0	0	0	0
SC_RS01600	NC_003903.1	304016	304906	+	891	0	0	0	0	0	0	0	0	0
SC_RS01605	NC_003903.1	304950	305606	+	657	0	0	0	0	0	0	0	0	0
SC_RS01610	NC_003903.1	305883	306293	-	411	0	0	0	0	0	0	0	0	0
SC_RS01615	NC_003903.1	306340	306717	-	378	0	0	0	0	0	0	0	0	0
SC_RS01620	NC_003903.1	307057	308061	+	1005	0	0	0	0	0	0	0	0	0
SC_RS01625	NC_003903.1	308058	308636	+	579	0	0	0	0	0	0	0	0	0
SC_RS01630	NC_003903.1	308593	309291	+	699	0	0	0	0	0	0	0	0	0
SC_RS01635	NC_003903.1	309239	310078	+	840	0	0	0	0	0	0	0	0	0
SC_RS01640	NC_003903.1	310356	310484	-	129	0	0	0	0	0	0	0	0	0
SC_RS01645	NC_003903.1	310923	312560	-	1638	0	0	0	0	0	0	0	0	0
SC_RS01650	NC_003903.1	312655	313671	-	1017	0	0	0	0	0	0	0	0	0
SC_RS01655	NC_003903.1	314274	315089	-	816	0	0	0	0	0	0	0	0	0
SC_RS01660	NC_003903.1	315294	315917	+	624	0	0	0	0	0	0	0	0	0
SC_RS01665	NC_003903.1	316820	318055	+	1236	0	0	0	0	0	0	0	0	0
SC_RS01670	NC_003903.1	318277	318567	-	291	0	0	0	0	0	0	0	0	0
SC_RS01675	NC_003903.1	318853	319116	+	264	0	0	0	0	0	0	0	0	0
SC_RS01680	NC_003903.1	319119	319538	+	420	0	0	0	0	0	0	0	0	0
SC_RS01685	NC_003903.1	319607	320569	+	963	0	0	0	0	0	0	0	0	0
SC_RS01690	NC_003903.1	320862	321857	-	996	0	0	0	0	0	0	0	0	0
SC_RS01695	NC_003903.1	321944	322858	+	915	0	0	0	0	0	0	0	0	0
SC_RS01700	NC_003903.1	323169	323468	-	300	0	0	0	0	0	0	0	0	0
SC_RS01705	NC_003903.1	323625	324563	-	939	0	0	0	0	0	0	0	0	0
SC_RS01710	NC_003903.1	324786	325778	+	993	0	0	0	0	0	0	0	0	0
SC_RS01715	NC_003903.1	325805	326185	+	381	0	0	0	0	0	0	0	0	0
SC_RS01720	NC_003903.1	326240	326899	-	660	0	0	0	0	0	0	0	0	0
SC_RS01725	NC_003903.1	327136	327696	+	561	0	0	0	0	0	0	0	0	0
SC_RS01730	NC_003903.1	327874	328311	-	438	0	0	0	0	0	0	0	0	0
SC_RS01735	NC_003903.1	329148	329501	+	354	0	0	0	0	0	0	0	0	0
SC_RS01740	NC_003903.1	329602	332925	+	3324	0	0	0	0	0	0	0	0	0
SC_RS01745	NC_003903.1	333120	333962	+	843	0	0	0	0	0	0	0	0	0
SC_RS01750	NC_003903.1	334686	335750	+	1065	0	0	0	0	0	0	0	0	0
SC_RS01755	NC_003903.1	336438	336671	+	234	0	0	0	0	0	0	0	0	0
SC_RS01760	NC_003903.1	336746	337603	+	858	0	0	0	0	0	0	0	0	0
SC_RS01765	NC_003903.1	337681	338406	+	726	0	0	0	0	0	0	0	0	0
SC_RS01770	NC_003903.1	338442	339638	+	1197	0	0	0	0	0	0	0	0	0
SC_RS01775	NC_003903.1	339631	342081	+	2451	0	0	0	0	0	0	0	0	0
SC_RS01780	NC_003903.1	342117	342935	-	819	0	0	0	0	0	0	0	0	0
SC_RS01785	NC_003903.1	343078	343662	+	585	0	0	0	0	0	0	0	0	0
SC_RS01790	NC_003903.1	344110	344334	-	225	0	0	0	0	0	0	0	0	0
SC_RS01795	NC_003903.1	344570	345742	+	1173	0	0	0	0	0	0	0	0	0
SC_RS01800	NC_003903.1	345841	347391	+	1551	0	0	0	0	0	0	0	0	0
SC_RS01805	NC_003903.1	347446	347889	+	444	0	0	0	0	0	0	0	0	0
SC_RS01810	NC_003903.1	348243	348629	+	387	0	0	0	0	0	0	0	0	0
SC_RS01815	NC_003903.1	348753	349247	-	495	0	0	0	0	0	0	0	0	0
SC_RS01820	NC_003903.1	349843	350508	+	666	0	0	0	0	0	0	0	0	0
SC_RS01825	NC_003903.1	350584	351105	+	522	0	0	0	0	0	0	0	0	0
SC_RS01830	NC_003903.1	351102	351395	+	294	0	0	0	0	0	0	0	0	0
SC_RS01835	NC_003903.1	351392	351616	+	225	0	0	0	0	0	0	0	0	0
SC_RS01840	NC_003903.1	352205	352600	+	396	0	0	0	0	0	0	0	0	0
SC_RS01845	NC_003903.1	352679	352915	+	237	0	0	0	0	0	0	0	0	0
SC_RS01850	NC_003903.1	352903	353121	+	219	0	0	0	0	0	0	0	0	0
SC_RS01855	NC_003903.1	353212	354417	+	1206	0	0	0	0	0	0	0	0	0
SC_RS01860	NC_003903.1	354502	355125	+	624	0	0	0	0	0	0	0	0	0
SC_RS01870	NC_003904.1	492	1372	+	881	4	3	1	1	7	4	22	28	24
SC_RS01875	NC_003904.1	3033	4010	-	978	0	0	0	0	0	0	0	0	0
SC_RS01880	NC_003904.1	4007	4939	-	933	0	0	0	0	0	0	0	0	0
SC_RS01885	NC_003904.1	5312	5449	-	138	0	0	0	0	0	0	0	0	0
SC_RS01890	NC_003904.1	5617	5886	+	270	0	0	0	0	0	0	0	0	0
SC_RS01895	NC_003904.1	5935	7050	-	1116	0	0	0	0	0	0	0	0	0
SC_RS01900	NC_003904.1	7201	7386	+	186	0	0	0	0	0	0	0	0	0
SC_RS01905	NC_003904.1	7612	7749	-	138	0	0	0	0	0	0	0	0	0
SC_RS01910	NC_003904.1	7832	8431	+	600	0	0	0	0	0	0	0	0	0
SC_RS01915	NC_003904.1	8441	9286	-	846	0	0	0	0	0	0	0	0	0
SC_RS01920	NC_003904.1	9304	9726	-	423	0	0	0	0	0	0	0	0	0
SC_RS01925	NC_003904.1	9731	10732	-	1002	0	0	0	0	0	0	0	0	0
SC_RS01930	NC_003904.1	11292	11840	-	549	0	0	0	0	0	0	0	0	0
SC_RS01935	NC_003904.1	12053	12193	+	141	0	0	0	0	0	0	0	0	0
SC_RS01940	NC_003904.1	12228	12434	-	207	0	0	0	0	0	0	0	0	0
SC_RS01945	NC_003904.1	13054	13797	-	744	0	0	0	0	0	0	0	0	0
SC_RS01950	NC_003904.1	13902	14132	-	231	0	0	0	0	0	0	0	0	0
SC_RS01955	NC_003904.1	14867	15088	-	222	0	0	0	0	0	0	0	0	0
SC_RS01960	NC_003904.1	15261	15611	-	351	0	0	0	0	0	0	0	0	0
SC_RS01965	NC_003904.1	15706	15957	-	252	0	0	0	0	0	0	0	0	0
SC_RS01970	NC_003904.1	15954	16295	-	342	0	0	0	0	0	0	0	0	0
SC_RS01975	NC_003904.1	16318	16860	-	543	0	0	0	0	0	0	0	0	0
SC_RS01980	NC_003904.1	16943	18421	-	1479	0	0	0	0	0	0	0	0	0
SC_RS01985	NC_003904.1	18379	19254	-	876	0	0	0	0	0	0	0	0	0
SC_RS01990	NC_003904.1	19332	19745	-	414	0	0	0	0	0	0	0	0	0
SC_RS01995	NC_003904.1	19751	21571	-	1821	0	0	0	0	0	0	0	0	0
SC_RS02000	NC_003904.1	22012	22269	-	258	0	0	0	0	0	0	0	0	0
SC_RS02005	NC_003904.1	22266	22772	-	507	0	0	0	0	0	0	0	0	0
SC_RS02010	NC_003904.1	22953	23177	-	225	0	0	0	0	0	0	0	0	0
SC_RS02015	NC_003904.1	23177	24778	-	1602	0	0	0	0	0	0	0	0	0
SC_RS02020	NC_003904.1	24875	25081	-	207	0	0	0	0	0	0	0	0	0
SC_RS02025	NC_003904.1	25075	25227	-	153	0	0	0	0	0	0	0	0	0
SC_RS02030	NC_003904.1	25412	25702	-	291	0	0	0	0	0	0	0	0	0
SC_RS02035	NC_003904.1	25774	26253	-	480	0	0	0	0	0	0	0	0	0
SC_RS02040	NC_003904.1	26665	27462	+	798	0	0	0	0	0	0	0	0	0
SC_RS02045	NC_003904.1	27459	27794	+	336	0	0	0	0	0	0	0	0	0
SC_RS02050	NC_003904.1	27897	28481	+	585	0	0	0	0	0	0	0	0	0
SC_RS02055	NC_003904.1	28549	28968	-	420	0	0	0	0	0	0	0	0	0
SC_RS02060	NC_003904.1	28965	29477	-	513	0	0	0	0	0	0	0	0	0
SC_RS01865	NC_003904.1;NC_003904.1	1;30883	108;31317	+;+	543	0	0	0	0	0	0	0	0	0
