gene_id	baseMean	log2FoldChange	lfcSE	pvalue	padj
SC_RS02085	40.77520225192981	7.565212028915419	2.467013061018282	4.581643346952691e-9	1.1231728071951178e-8
SC_RS02090	30.20285836990259	6.746252387472939	2.3949572615308994	1.4081634380251656e-7	3.0167917466582137e-7
SC_RS02110	8.053677038950177	5.81605871132983	2.3817863544543796	9.71139915716329e-6	1.735624270114447e-5
SC_RS02160	13.409838354617236	1.2550931096418947	0.5230401166642192	0.006598209939714258	0.008985263175522241
SC_RS02180	75.55465116010159	-1.0091220739810969	0.24525478442482385	2.2246458028390887e-5	3.84451327633828e-5
SC_RS02195	43.2405012052146	-0.9746756691508552	0.28825993063400085	4.115373515527606e-4	6.310410543460297e-4
SC_RS02200	467.37379820049006	9.22972484901	0.9716214257203907	7.809915718872537e-20	3.423919055348757e-19
SC_RS02220	161.00286278634633	1.3972205812030356	0.23712072547590377	1.4223643194536975e-9	3.6267339182750915e-9
SC_RS02230	11.239780052831472	5.988649669546553	1.3619704160214412	4.7496537780204733e-7	9.676873523994425e-7
SC_RS02240	9.265619004680206	5.6064868935423124	1.3433795135088786	1.5739275019649865e-6	3.055051697680919e-6
SC_RS02245	27.567143193566892	1.5070487047000234	0.3965339190053119	4.870250052130422e-5	8.115982798736663e-5
SC_RS02250	11.183163406566953	0.621619140031893	0.5262364963275006	0.171266875176733	0.1966861762269474
SC_RS02260	78.91827473959422	-0.008825860349155498	0.23218021230261277	0.9675260399981706	0.9705532606375336
SC_RS02270	9.441122829299918	2.4222516906588	0.692584440169097	8.379468639325581e-5	1.3682507029757934e-4
SC_RS02280	14.218147167337136	3.374791723116758	0.6850342593608865	1.2309325834902706e-7	2.6532875973859267e-7
SC_RS02285	26.253552014169998	1.280806116239175	0.44160987230747056	0.0014693975293339652	0.0021396795776675867
SC_RS02290	167.7634724090298	-0.0026906576604932785	0.19199979886037793	0.9881058543499852	0.989447660235849
SC_RS02300	51.82180563032006	-1.5511714899809639	0.30018103333859086	7.526058523056094e-8	1.654655800507324e-7
SC_RS02305	37.173309477045	-1.1350960249627267	0.35330668891667205	6.366052571925993e-4	9.572445282500464e-4
SC_RS02310	40.58981373242172	0.19684913564482	0.3148919363562095	0.5123945207146335	0.5455381455024123
SC_RS02320	63.6457906592287	-0.10765846355471137	0.2716274623964295	0.6798073173359185	0.7055452720668632
SC_RS02325	50.946473258607924	-0.7299162534526417	0.3180466321637654	0.015442056839572834	0.020189667931739375
SC_RS02330	46.22936583997968	-0.489694123865563	0.2743406473185475	0.06354653614572085	0.0770837567919963
SC_RS02335	49.70936163927328	0.3839446772780561	0.3276101719341842	0.21711078884025564	0.24547300780558803
SC_RS02340	20.22816341742309	2.8150432994921233	0.5054178573679059	4.0999117330597425e-9	1.0121442624567304e-8
SC_RS02345	13.107802279229723	3.8382897772497304	0.8136641032036775	4.058750785616328e-7	8.327553782174401e-7
SC_RS02350	12.04640742361261	4.542959017560135	0.9109250214990305	2.3572224305098033e-7	4.952181824096664e-7
SC_RS02355	13.91645255634915	3.7091793986373927	0.7202521611297239	4.876962643094071e-8	1.0917644969695106e-7
SC_RS02360	38.17374976368521	3.2652570016901987	0.47961097768888356	1.59191519656748e-12	4.917797511306493e-12
SC_RS02375	33.92894783253177	1.401321821146381	0.3787790078843861	8.004570132130635e-5	1.3087738393421575e-4
SC_RS02380	138.69884467650803	2.9325271626586433	0.25042759351730576	1.9241622806591781e-32	1.4779971518313313e-31
SC_RS02390	24.293991752313392	3.089906633880312	0.4883049915037787	5.252667667677586e-11	1.4851676143195752e-10
SC_RS02405	24.06427247499414	3.509975836689163	0.5507810111576971	3.372518541170658e-11	9.665352398986564e-11
SC_RS02410	17.688080879807206	0.4159391946061897	0.4459832403552268	0.3015640926863705	0.3334933442515441
SC_RS02415	13.498418551097968	3.8643038696162457	0.8099688969657743	2.507424521824574e-7	5.248296458681354e-7
SC_RS02420	12.324158228957096	4.699409054592115	0.9053936213352387	9.664454473633777e-8	2.1022326633798073e-7
SC_RS02425	17.25603300077841	0.10855225761509747	0.40395272609811583	0.7719121017874409	0.7933212318579218
SC_RS02440	26.013553982974784	1.1809136419874593	0.4245665457822214	0.0024238212698619124	0.0034624676567147888
SC_RS02445	40.37772935597069	0.9697831428131874	0.38606537038038213	0.006796703905644498	0.009236803280542303
SC_RS02450	33.265056578167716	0.8847119029912909	0.34702466366389145	0.00673670044388681	0.009163702097993236
SC_RS02455	81.1002646621728	1.4151139437264222	0.2584995658396023	1.7289842679489153e-8	4.047469838684222e-8
SC_RS02460	6.981691866306772	3.210112197086059	0.9342580911443749	9.366266426808898e-5	1.5219666952685944e-4
SC_RS02475	122.33897840369052	0.7059828568916627	0.20888966829526284	5.502450691749599e-4	8.329926380817397e-4
SC_RS02480	92.86739341170178	0.7810949924556927	0.2692981404583903	0.0025427348739908134	0.003626717013695988
SC_RS02490	33.38841767687425	0.6182029274647576	0.3196878551504985	0.04170879110405858	0.05179532260042573
SC_RS02495	58.809764570908065	-0.09953747829414286	0.25998463083693946	0.6911181238583355	0.7160748974752517
SC_RS02500	47.80695738310545	-0.7052945711026251	0.3028609516542119	0.014613941873767826	0.01919202268515832
SC_RS02505	29.06726512722045	-0.4760119614947001	0.3533904524386152	0.15053465685977838	0.17420630252416913
SC_RS02510	8.260128930365823	3.5519314368395616	0.8890602369256777	1.3061285524312394e-5	2.3030588105279673e-5
SC_RS02515	28.69957804537537	3.325494788162028	0.47276896641534844	4.1367042100398097e-13	1.3153970178884673e-12
SC_RS02520	50.57079908160573	1.6539944293418654	0.341599490165843	4.0672477576661076e-7	8.342666193332372e-7
SC_RS02530	52.630980341671574	1.990100779932112	0.34815546867734937	2.3813706056904958e-9	5.9789672612739924e-9
SC_RS02535	11.76875162835016	4.116066049298641	0.8651194071434374	4.445502311023094e-7	9.093241065598973e-7
SC_RS02545	21.687764934876633	0.04783826604611076	0.41075815847627206	0.9010860415547224	0.9110939901857292
SC_RS02550	55.04997568171042	-0.23836847298076472	0.2713559069822469	0.36197159600780054	0.3950242043749476
SC_RS02555	13.33821765587386	1.865221567206717	0.5649744490360595	2.2341340416927107e-4	3.521698252125278e-4
SC_RS02560	310.0843168982602	0.09435154506919519	0.1814016329211354	0.5972827281959814	0.6279388134755014
SC_RS02565	20.292536145555825	5.334932166771353	1.0081431234551288	1.4239652998252988e-7	3.0471039236540205e-7
SC_RS02570	19.520396250087288	4.608617581710681	0.8189291899444971	7.924437295712988e-9	1.9058969542918323e-8
SC_RS02575	15.235823020958101	7.774692324048178	2.5360119251593	4.747839483783733e-9	1.1619836824899184e-8
SC_RS02580	21.592457141939786	5.1085233750101615	0.8019407119249746	7.535845431281207e-11	2.1088927594029457e-10
SC_RS02585	20.071287180490994	2.745698197649922	0.49175717443899786	4.126709590094792e-9	1.0170573702325867e-8
SC_RS02590	15.730295219381446	3.6221021554602926	0.7394186009042103	1.1207761194325306e-7	2.4215069161135307e-7
SC_RS02595	17.85457884294538	3.780802324649033	1.3112973290717465	2.78742363031752e-4	4.3538364435419176e-4
SC_RS02600	89.94284429570736	3.413832199801933	0.3520826906994407	4.4293919308019247e-23	2.2356150648688153e-22
SC_RS02605	83.06047492071792	3.956394173703531	0.4199240958658098	5.309139868622746e-22	2.587547745619572e-21
SC_RS02615	54.129357463571516	0.709221500519653	0.3922783749385745	0.0505679092355565	0.06222055109344129
SC_RS02620	2465.4334106679034	6.689189357686867	0.6720432369224029	5.478417710081493e-23	2.757532572978903e-22
SC_RS02625	191.5044016958729	2.3078206502502585	0.235394093143192	1.6068695956770395e-23	8.280263031811662e-23
SC_RS02635	28.7978876418412	3.167060571836324	0.47270338684034074	4.250678082961897e-12	1.2825081908249195e-11
SC_RS02640	74.1049625139156	1.810586678786823	0.28414790150602637	5.115225240564036e-11	1.448528069274931e-10
SC_RS02645	69.62686994445535	1.432953274623942	0.31219418010046657	1.65270659547043e-6	3.197753805330474e-6
SC_RS02650	13.496036002720258	1.9138638503682652	0.6070103362658449	3.603858353932324e-4	5.564248639425662e-4
SC_RS02660	14.61495349291252	1.6541476848097842	0.5274935530735922	4.671943265837143e-4	7.12531740274728e-4
SC_RS02665	66.76827215859585	4.211175948166656	0.38841840453482274	4.685491444587626e-28	2.9555871610255908e-27
SC_RS02670	79.66800722783948	0.35459086112522226	0.2595530862755802	0.1578702699584995	0.1821523033443867
SC_RS02680	21.049850149900593	-0.10318474088207728	0.3661651772417827	0.7612367299459143	0.783004553859837
SC_RS02685	18.67047347020054	0.06629880639627479	0.396827602945559	0.857925621459567	0.8722381818065418
SC_RS02690	76.85597259156603	-0.5466630310329973	0.23120758449670176	0.014979434186887026	0.01963006001316953
SC_RS02700	42.696726415058684	-1.0077210435780677	0.28887503333466746	2.724554996186185e-4	4.260150242128272e-4
SC_RS02705	17.94615332507665	-1.2811307335419342	0.43725513781148034	0.0013235552635018093	0.0019349517274112491
SC_RS02710	73.29330749067451	-0.9752361219300206	0.2605854420989656	1.0567809525717044e-4	1.7115534250524377e-4
SC_RS02715	11.73728867003538	-0.15902180235698393	0.4851465687520297	0.7077407206455568	0.7319607396971018
SC_RS02720	21.738277212972314	1.237132217983375	0.46886815928959025	0.0034999236693284614	0.004910281038361506
SC_RS02725	26.959798057149747	0.9745105727868811	0.36036415464919425	0.003852693277588286	0.00538675772258931
SC_RS02730	27.448281858385016	0.8687362269180943	0.41722122125803945	0.023018365062819877	0.02952568614201102
SC_RS02735	106.77000850481139	0.2228000537580297	0.22539650457325172	0.3106964442607385	0.3430781042196295
SC_RS02740	16.948319146937067	2.820295690058996	0.5563061434405405	8.028945244043073e-8	1.759448506079454e-7
SC_RS02750	22.043257514400167	3.8579626289652618	0.5944113040141762	2.448337679757836e-11	7.068927975933549e-11
SC_RS02755	771.141558946735	8.803080863249473	0.6782551981855749	5.44887576157149e-40	5.7564484048464425e-39
SC_RS02760	41.94073828803261	3.798710056761884	0.4344493991796797	3.826895864944501e-19	1.6171650491748283e-18
SC_RS02765	41.391819636413615	4.772688679966023	0.5357645090509086	1.9904856484381119e-19	8.54356296366859e-19
SC_RS02770	44.44283709788433	2.870172165160432	0.3998578039593169	1.196055584553693e-13	3.92336026712586e-13
SC_RS02775	73.13723005305184	3.3211193061610356	0.3170573691865815	1.5634507328710636e-26	9.208375163092032e-26
SC_RS02780	3931.217834604567	9.698767812730836	0.3602151112338506	1.2066444153416635e-160	3.5591183674917705e-158
SC_RS02785	2170.9992197736615	8.770993552034001	0.37198683170501073	6.272671627815999e-124	6.802158909340467e-122
SC_RS02790	1367.0114888219434	7.7051100649846855	0.36261414878049514	2.7121250180876735e-101	1.6948482952015682e-99
SC_RS02795	118.35666824707901	3.8146721610577856	0.35440706610115974	4.569538062940699e-28	2.8898605211084662e-27
SC_RS02800	1095.7354729894378	6.511288354941896	0.2950905923720157	5.415504906481977e-109	4.159784706291469e-107
SC_RS02805	1361.145591024316	13.077075660506024	1.3205873257017255	3.2079441588265965e-28	2.0498596384044472e-27
SC_RS02810	61.79115457381673	5.523130962549161	0.5596253056204274	2.7486573436381735e-23	1.399765141711871e-22
SC_RS02815	182.06730739890565	4.160268678456107	0.3490516211430617	1.012509439401355e-33	8.195658184572549e-33
SC_RS02820	1187.14744965679	9.12471167767755	0.4537154731146356	4.682829441800023e-90	2.271788441041669e-88
SC_RS02835	1378.7981563452674	9.945559255967403	0.510279503011387	1.7575391755737663e-84	7.200052155933863e-83
SC_RS02840	44.37299449211456	1.571286418747559	0.3866796292141652	1.4514973294376272e-5	2.550236194251385e-5
SC_RS02845	1906.9899324432772	9.817061732171762	0.4659488099117695	4.021185088486414e-98	2.3348203812991193e-96
SC_RS02850	466.4323387433361	9.68156114515883	0.7531364691969498	1.0563447519897664e-36	9.736857751465671e-36
SC_RS02855	1991.4818123802906	10.572922753954218	0.5193488662599665	8.03232515299855e-92	4.14198361386093e-90
SC_RS02860	11.714874606497695	5.986427104092295	1.3683684605493223	5.279218402217135e-7	1.0721276920393599e-6
SC_RS02870	14.698130630574017	4.615897524172553	0.8812653507875501	4.001978085351854e-8	9.080180431195252e-8
SC_RS02875	189.04580130207665	-1.933192568618131	0.25751294751430903	1.3360418742336427e-14	4.584445221311718e-14
SC_RS02880	156.55542416043102	-1.662266800520963	0.2842798399786126	1.3732351806643e-9	3.505100803813966e-9
SC_RS02885	54.2444574194517	-1.3234756894850277	0.3065567848306256	6.40615347381496e-6	1.1698607160948865e-5
SC_RS02890	68.7460225129617	-1.314719526356984	0.3818158968940531	2.2144488675463077e-4	3.4929082244463045e-4
SC_RS02895	108.72540561010669	-0.7381392391957686	0.2656123450504112	0.0039231437218763725	0.0054769522539031374
SC_RS02900	41.98093249047411	-0.3011752812472446	0.3203394629124249	0.3206374979903824	0.3532089797103495
SC_RS02905	177.50997106677883	-2.063876836657698	0.26782703874714037	2.827598171974415e-15	9.985971705047575e-15
SC_RS02910	462.61366287727935	-2.7625609678226772	0.18995674787148467	7.575516961258732e-49	1.1476884404000091e-47
SC_RS02915	1276.7912483276223	-3.038952083124021	0.16749103023900855	1.221593523396715e-74	3.784886824171167e-73
SC_RS02920	545.1463621437889	-0.40228869668472206	0.1809958319906702	0.023614217645252775	0.030210138951438925
SC_RS02925	264.8605383585208	-0.4701687841187005	0.20649422465724004	0.01970052608885643	0.025437170264266732
SC_RS02930	95.03531644750021	-0.5474708965837592	0.22102925136606102	0.010952703177496265	0.014560164635092385
SC_RS02935	192.33322563365925	4.765160286471551	0.3838118330638375	2.4044668941764236e-36	2.1781988793190352e-35
SC_RS02940	445.6385199153084	5.871934839248993	0.361255412776744	3.9248798192940763e-60	8.487408735329771e-59
SC_RS02945	955.6338455971782	8.806346960533249	0.4618515164881548	2.1111007913476596e-81	8.024359399689507e-80
SC_RS02950	2528.046231626374	10.188284799472422	0.4519346235961374	2.8901404756779794e-113	2.537130460434455e-111
SC_RS02955	2137.4968883237334	10.500338592535174	0.5130826900749647	3.344460085045017e-92	1.7742481055483421e-90
SC_RS02960	16.66829120779888	2.332344712478389	0.5447058743625345	3.402985975824732e-6	6.3883957702982625e-6
SC_RS02965	1036.9169334151468	3.402374060263524	0.23608330871878602	5.224667253249896e-48	7.659382967289211e-47
SC_RS02970	3123.45746944124	7.8028699705024085	0.31325423697825283	7.117497933093372e-138	9.902722595968022e-136
SC_RS02975	14.2075365437093	8.162028933017213	2.588024208323673	9.95684959593359e-10	2.573494879790196e-9
SC_RS02980	40.009897879482615	7.692484319969339	1.3005066036747308	4.438255410619311e-11	1.2626425693636883e-10
SC_RS02985	1256.4857802675626	8.758147839816727	0.41588767062288745	7.447798563215709e-99	4.393605328412211e-97
SC_RS02990	1284.9190451533032	10.056900878656664	0.5487313018463157	1.134294690347904e-74	3.5292358846520854e-73
SC_RS02995	335.7727335048594	8.393302817445795	0.611560620172842	1.4655309413326753e-42	1.707239361988491e-41
SC_RS03000	74.77208360902549	5.393716590635885	0.5505501855727345	1.9834606326422008e-23	1.0149922765512552e-22
SC_RS03005	140.58432640776837	5.5476175278997735	0.4795618668790767	6.337526273812167e-32	4.758953028827996e-31
SC_RS03010	846.6262189822002	8.565869321180978	0.4904662935905233	5.371336295180059e-69	1.4561850676712408e-67
SC_RS03015	215.51604886840212	5.47337111772322	0.4075135187489596	1.972462450437152e-42	2.2797708635616863e-41
SC_RS03020	621.4574185640112	8.969620021032583	0.5483069201357138	1.004794427375141e-59	2.1230240995599684e-58
SC_RS03025	2955.1695655820936	8.537435524331352	0.3678046843479708	1.7939406627546022e-119	1.7876376279935726e-117
SC_RS03030	503.06217640889076	6.859097335613734	0.43897092135830207	2.6199849011210426e-55	4.85421323137351e-54
SC_RS03035	110.69757760369828	8.47276961819806	1.3041042235695104	5.197494577748733e-13	1.647735383332724e-12
SC_RS03040	134.65063330080264	6.969939471901073	0.7784492137919499	6.737190078987994e-19	2.8131392776023484e-18
SC_RS03045	54.112027529998	4.000097504913261	0.4894837199522651	5.102439287492733e-17	1.967854984621936e-16
SC_RS03050	16.164604869112278	3.95465277523108	0.7579138196521517	4.38572030617749e-8	9.893025860432186e-8
SC_RS03055	318.45411686507487	-1.503581989534762	0.17697431805073738	6.2772891375954746e-18	2.5239220338401872e-17
SC_RS03060	278.9785175544597	2.7000369544016927	0.22340028000890094	1.5426170088638706e-34	1.2882511691236901e-33
SC_RS03065	109.8593386518142	-2.0774570182901297	0.22142816152099207	1.3959862829334609e-21	6.680261441916175e-21
SC_RS03075	126.50117023057065	-0.38142924800620787	0.2129997700911663	0.06648429850239777	0.08036970773060347
SC_RS03080	93.16567679322328	-1.0005745606189085	0.24665892718917998	2.7560832217548337e-5	4.725263352062344e-5
SC_RS03085	80.24383009195859	0.36550450877839563	0.32061021307734155	0.22943615783773452	0.25794514832984516
SC_RS03095	27.524485040018178	1.6502944063033878	0.40307392921442414	1.2720813413056414e-5	2.2473233854307138e-5
SC_RS03105	79.54863360656638	0.4975789060401619	0.2612713662910588	0.048161414146338004	0.05939827193763112
SC_RS03110	25.905199843902867	2.2725482523122373	0.459142509857248	1.3462796301271558e-7	2.892618296199781e-7
SC_RS03120	9.223805128679516	1.4690176898077327	0.6836472007243554	0.009512956984747002	0.012719591079877498
SC_RS03125	28.61595407639583	1.735704304466806	0.382262599156309	1.5709318424292896e-6	3.05084314092009e-6
SC_RS03130	32.052795237654536	0.1799821192864146	0.32771065235503377	0.563602965786272	0.5954166575512851
SC_RS03135	23.966962588291057	0.930967247109832	0.41417711543116376	0.014227210369815967	0.018710798870523085
SC_RS03140	276.09448329890864	2.590236165731357	0.24726782592988766	1.6995238005688042e-26	9.985887255294312e-26
SC_RS03145	116.05736393431052	2.119696726205349	0.27084198748437505	9.495769794898996e-16	3.4425666896551227e-15
SC_RS03150	99.23094008990891	-0.8833375796468594	0.2320619461726011	8.841113082589717e-5	1.4394870362335302e-4
SC_RS03155	126.78954341474461	-1.8825215181749653	0.23131937317144682	1.0229702285143768e-16	3.868401264135905e-16
SC_RS03160	314.84241994666513	-2.6609218259656844	0.178593820129286	7.343021075896813e-51	1.1720224548411925e-49
SC_RS03165	1278.143094957478	-0.7569787027961256	0.2163115022249803	3.123458261126599e-4	4.8540318688192923e-4
SC_RS03170	100.02949338003187	-1.1916510501287676	0.259523507469754	2.118173192922141e-6	4.052778703842207e-6
SC_RS03175	77.37114707341257	-0.9004489594518529	0.23871466801752414	1.0068619009513338e-4	1.632138856367363e-4
SC_RS03180	48.51326938602588	-0.014512819845289082	0.29676526934907976	0.9577581867294526	0.9619325618282462
SC_RS03185	55.91172765179926	-0.8126685634555164	0.2822881398705578	0.0026655709981614896	0.003797511696376125
SC_RS03190	47.607400498184944	1.4664839499415223	0.3101095637346496	7.893570184616e-7	1.5752959821747872e-6
SC_RS03195	32.96593227828866	1.6987109634079436	0.42440517348167406	1.6383943398789043e-5	2.8649560972888404e-5
SC_RS03200	38.73799638888816	1.8386384287360409	0.32747883110004156	4.929710167093309e-9	1.2044957843653432e-8
SC_RS03205	24.958484309041005	1.9398704566842173	0.39184328982318267	1.6875706201682808e-7	3.594496173633998e-7
SC_RS03210	25.38446790083509	1.4758174109385869	0.39092974743659475	5.346385010684401e-5	8.885337631008964e-5
SC_RS03215	39.13690126293288	1.6915358464752934	0.31844515908881055	2.988331742305756e-8	6.845591260566215e-8
SC_RS03220	118.27542897169961	-0.36541257265698773	0.23766404152344126	0.11233244793049155	0.13227507747801193
SC_RS03225	21.62191426775616	1.2066052169923418	0.4032416190885674	0.0012038817251190403	0.0017645343984430243
SC_RS03230	85.63815211212177	0.38016857669016796	0.26125269910077864	0.13147261648319672	0.1531078764919603
SC_RS03235	41.0013660075125	9.316587308013122e-4	0.35240358106295044	0.9998250241652724	0.9998250241652724
SC_RS03240	50.338528493888184	0.45839395511131537	0.2998088753272835	0.10905123769178768	0.12874540934025652
SC_RS03245	84.26355369155728	0.30293064087332705	0.26301919839889826	0.2322648592967374	0.2608469498102561
SC_RS03250	18.653917463418782	1.8138026166426493	0.5019015324488122	7.26067152946403e-5	1.1926975241316052e-4
SC_RS03255	15.113463072506432	3.5279888760031093	0.709736232323167	1.0975683638778765e-7	2.374844223954067e-7
SC_RS03260	545.3983608913876	6.242816720451449	0.43980570183253653	2.3946915942056923e-46	3.264039891991271e-45
SC_RS03265	476.18991286407527	3.5440311687348327	0.26028588885464093	5.0723393470721785e-43	6.032811346017781e-42
SC_RS03270	82.44526848515385	3.6600666337037637	0.4297258904777897	3.8655332174356596e-18	1.568764003597719e-17
SC_RS03275	16.664511329154262	2.451684711710827	0.5226155372804324	5.074171756678843e-7	1.0319134351960087e-6
SC_RS03285	17.687758649661628	3.2284137796090686	0.6493187891637331	9.157546781544149e-8	1.9966809570404067e-7
SC_RS03290	25.91095928689813	1.9811890596852069	0.4489665640935399	2.3170439681202967e-6	4.417239457321373e-6
SC_RS03295	45.0126889194641	0.029450535646259896	0.2885701658476362	0.9170440195898776	0.9254526618934935
SC_RS03300	57.088124607758246	-0.04466738466341499	0.29919574592036613	0.8763517932693964	0.8892552805240854
SC_RS03305	105.6932677621758	-0.22502451543321103	0.21879416718985728	0.291748845619638	0.3231719975363092
SC_RS03310	23.16188970964854	-0.800461389807715	0.3616479615258245	0.01775312239197128	0.023051862038808987
SC_RS03315	60.27282776436501	-0.38338859644195855	0.25514370369145317	0.12037559219489356	0.1409638902406138
SC_RS03320	41.27862191944337	0.19264324309905992	0.36662620464537354	0.5761012379790484	0.6072284918321188
SC_RS03325	16.196592002350442	0.5621661791395084	0.43321552648705086	0.15282213136740436	0.17660404273675595
SC_RS03330	61.59183808649641	-0.5202980007880003	0.27286840813030766	0.04742771398100038	0.0585423439732
SC_RS03335	12.754156825281623	1.7476749106611371	0.5616880088702879	4.6506856844444854e-4	7.09436413675913e-4
SC_RS03340	35.115234408907206	3.2582356941614923	0.5141284863087868	3.060620995053797e-11	8.791982554548772e-11
SC_RS03345	59.4220718780762	1.2842790686692394	0.29989748668772753	8.092683567761227e-6	1.4612009948254478e-5
SC_RS03350	181.1807753103739	-2.029905803976022	0.20821397003323722	3.408398950412624e-23	1.728578669899772e-22
SC_RS03355	69.85142204901486	0.5765173610689367	0.3113145108721425	0.05174075349056474	0.06356819664102373
SC_RS03360	17.9631993437404	0.072989634579159135	0.38107524529519204	0.8385298925363924	0.8551126300046131
SC_RS03365	85.79522261391568	-0.8391507153827157	0.21620289834055811	6.911580260972546e-5	1.1371261232577321e-4
SC_RS03370	17.690507127925624	4.5687469408678645	0.7682373198961671	7.88782220553982e-10	2.0582024396196263e-9
SC_RS03375	9.393394451203553	2.460783788952672	0.7129386268144673	9.97643176957503e-5	1.6175507446975873e-4
SC_RS03385	24.56619846721417	3.4864545016898374	0.5490742901235783	2.895718594916386e-11	8.328014398952196e-11
SC_RS03390	19.160242839535865	1.3649507290976486	0.43391906968320487	6.220471219887398e-4	9.364996891680211e-4
SC_RS03395	29.955734768306066	1.6517880611825633	0.37060080517099137	2.5372141644091226e-6	4.823257862426623e-6
SC_RS03400	48.9845510653583	-0.46510681829817885	0.29048416229173746	0.09443803165852863	0.11244728652510741
SC_RS03405	2563.3446736283436	4.71000987253505	0.24786336127359626	1.1322521121247398e-81	4.326024391092141e-80
SC_RS03410	250.96334117561844	0.5273222339595773	0.2299853784482847	0.01841218607224276	0.023874003885478834
SC_RS03415	57.42742356571702	1.5013379175570416	0.31367220075446495	6.244838833464878e-7	1.2585253227103037e-6
SC_RS03420	346.7020369148572	2.930665600739217	0.2351914369274511	1.76624974204995e-36	1.6139189092783557e-35
SC_RS03425	30.991577011698396	3.6718397119352377	0.5853604001854664	7.394106644335176e-11	2.0715859572692853e-10
SC_RS03430	90.1277814076558	0.1893566909256391	0.24427092923780222	0.42507725431280297	0.458866882345573
SC_RS03435	13.544429012370827	2.9916929382375033	0.6756802506067964	1.8704049066736224e-6	3.597382833023289e-6
SC_RS03440	569.0584711807127	4.396514638933184	0.23862353169372585	6.095711399134144e-77	1.9714813972462799e-75
SC_RS03445	19.602341660708262	3.5500101991094883	0.6071099817769504	7.986772514863025e-10	2.0825481090735483e-9
SC_RS03450	41.66441356665947	0.7412242498807055	0.3177753978940306	0.013786584304302933	0.018160463140394753
SC_RS03455	61.452463154754874	1.893537936323422	0.29751659234421557	5.4188632261778354e-11	1.529226843851334e-10
SC_RS03460	31.315846858755783	0.5014402741371641	0.31054384829255394	0.08996275464104815	0.10739604220869177
SC_RS03465	56.95551159380216	-0.4437235953901675	0.26876203982093905	0.08679000302299396	0.10384382318538982
SC_RS03470	18.68290843200192	3.6852345265350075	0.6487071487497498	1.9390197608153225e-9	4.893337343002118e-9
SC_RS03475	11.387951136705414	3.8087593130930193	0.8190232136736489	6.082497382580793e-7	1.2274859249904425e-6
SC_RS03485	21.508058381868477	4.260247333743853	0.7744626502826127	5.3017102657193495e-9	1.2923904627905616e-8
SC_RS03490	66.74501130339232	3.490954549029287	0.3417512301934174	3.0775412967804612e-25	1.699909327525028e-24
SC_RS03495	38.212628667036284	1.3930119921860808	0.32957118991643775	9.198077088586148e-6	1.648277532229265e-5
SC_RS03500	33.3748689399586	1.616146997528925	0.39665214747684346	1.4058151058297965e-5	2.4735100430419755e-5
SC_RS03510	83.37943360368025	7.388488813413618	0.7465378818355749	1.6624924568536882e-22	8.283256335702093e-22
SC_RS03515	161.4729882292506	7.390406994852693	0.5622594172114886	4.631446137942493e-39	4.70661564036252e-38
SC_RS03520	139.44491425473535	4.166650451945418	0.2896630831559279	7.737933271913685e-48	1.1276584969780933e-46
SC_RS03525	34.854014541589905	1.533346480834357	0.40069973984934826	4.005689945260184e-5	6.739210051642391e-5
SC_RS03530	12.46801050302283	4.884268912054417	1.0651586676325273	2.9533609588475712e-6	5.585556222247241e-6
SC_RS03535	61.07262844802964	4.321771193071401	0.6458356393224178	7.462634127971102e-12	2.220720906362345e-11
SC_RS03540	6172.601070562783	8.824181020338713	0.43988570203908606	4.0545285708477645e-89	1.8922844102171782e-87
SC_RS03545	9.912225128330608	5.16425030483176	1.3244225138216477	6.3305286201458115e-6	1.1571967785065745e-5
SC_RS03550	72.78015849998711	2.0437869734337664	0.2900505604618405	4.420531244821679e-13	1.4038327906681765e-12
SC_RS03560	51.99713413316866	0.726078515900034	0.2640665857099322	0.004365905108796993	0.006060652159689199
SC_RS03565	23.369785731733863	-0.28407851484204066	0.3750365763347035	0.414623173335716	0.4484352126983822
SC_RS03570	17.34159757267814	0.4613788065383699	0.5382980774006991	0.3173059270856757	0.349800255094898
SC_RS03575	42.50893792414082	-0.5669893275724447	0.3426737439823746	0.0786408300300656	0.09458448550672055
SC_RS03580	24.4211126746821	2.6035187611550947	0.4892531151819479	1.5413157324844204e-8	3.623099206675204e-8
SC_RS03590	61.78541674879961	1.7833958339534344	0.34180962442391477	4.7251286506253404e-8	1.061642250752933e-7
SC_RS03595	27.04007853647622	0.9355869472485698	0.37164385173458114	0.00689751710585712	0.009368629791598896
SC_RS03600	73.23793266817604	-0.14996150477206482	0.25626100956737013	0.5457865370277093	0.578583945376988
SC_RS03605	10.525951331901831	1.3173887593474745	0.6544548613455445	0.015193016523128561	0.019892276960502487
SC_RS03610	16.71040736192036	0.9541599658053435	0.4967150539364054	0.029680761760835315	0.03755421023067941
SC_RS03615	59.63549902399935	-0.6725227151266518	0.27188810016618103	0.01016373561241356	0.013562683026771187
SC_RS03620	26.40774585542894	4.7567175639574915	0.7271853042554949	1.189931229874257e-11	3.504214412576986e-11
SC_RS03625	24.85328337409603	2.831785923957432	0.5037614922390684	2.6853792492756994e-9	6.721651929449765e-9
SC_RS03630	50.92248663336573	0.35840982518143827	0.2777568894077618	0.18062100135907586	0.2067524470695165
SC_RS03635	43.00832823058108	0.504678108704046	0.28991263894433666	0.0694359477737592	0.08380043844250415
SC_RS03640	36.74431356411732	0.14292195710816513	0.3290594800110935	0.6487628822150774	0.6772335070008467
SC_RS03645	38.972389455321014	1.0959551644053194	0.3076052138126096	1.8946859145090194e-4	3.0091350276953497e-4
SC_RS03650	22.443993338614533	1.8593274055497886	0.4594396165941961	1.2374503947171925e-5	2.188239618859611e-5
SC_RS03655	27.667343752773938	1.3844020350489927	0.4594709906538663	9.552907435798168e-4	0.0014153735067626218
SC_RS03660	17.896345755087076	2.080023664269477	0.4892720170949103	4.295635742937758e-6	7.966805324050057e-6
SC_RS03665	41.700975147150956	1.4761897759410076	0.31865985756916715	1.3178481750730331e-6	2.576302344376603e-6
SC_RS03670	80.05338079504824	1.3724892232642065	0.27945113490126694	3.29088256299524e-7	6.799374620209274e-7
SC_RS03675	38.783395703868166	1.4159793358295953	0.3207294859896583	3.799673943311619e-6	7.094131339646017e-6
SC_RS03680	27.70683138270086	2.649213452334324	0.4207386731912437	6.232699133638758e-11	1.7528574909020673e-10
SC_RS03685	6.7954585840228345	2.3934605194681176	0.8391089495665629	8.391553699122919e-4	0.001250087211663281
SC_RS03690	26.098352151742546	0.5891828700174281	0.344153014429263	0.06870587369514217	0.08297365093809013
SC_RS03695	128.78405562678975	-1.058931445044411	0.2208640284352255	8.637300338121913e-7	1.7186036884325683e-6
SC_RS03700	63.66233156415053	0.9092820654927511	0.2595724990856872	2.831301530100318e-4	4.4186280387216394e-4
SC_RS03705	52.47569681817934	1.126143266464865	0.30548175249345777	1.1149230885006967e-4	1.8025526977864806e-4
SC_RS03710	133.724618548916	-0.3631373642818571	0.20326851133012827	0.06765607081145573	0.0817594012067641
SC_RS03715	47.34188576557952	0.3745051338095888	0.31633479366185546	0.21437608160798674	0.24256701331552774
SC_RS03720	18.65335958322433	2.590543222147134	0.5359652938890479	2.261696262169398e-7	4.7637098649634786e-7
SC_RS03725	16.194152340843313	2.1551797382814755	0.5224286054202688	7.070376307005431e-6	1.2863793458637564e-5
SC_RS03735	14.354326934699287	1.0660067196034362	0.4937761195137654	0.015119909693690727	0.01980710855947334
SC_RS03740	20.691225277009426	1.7425336317074198	0.5024334869429895	1.3061633361493568e-4	2.1020620778623654e-4
SC_RS03745	12.60072218087307	1.6488846013084721	0.5457057456153948	6.984262986930317e-4	0.0010463623580988248
SC_RS03755	29.831624412157858	4.497152218229169	0.6602070897420365	1.8580341561165526e-12	5.725509346929987e-12
SC_RS03760	32.98469293132231	5.905643219803372	0.8304176146134812	7.590467723545299e-13	2.3797665388360135e-12
SC_RS03765	25.439169334738317	6.363639005567403	1.0420640437991142	1.3546768347659226e-9	3.460127114500836e-9
SC_RS03770	35.26602721113803	2.6302845837575397	0.4661169601698075	2.7046249121784338e-9	6.765232056446327e-9
SC_RS03775	25.61313684256015	1.2810563015632306	0.40655343831990126	6.722191454394308e-4	0.0010087391083578273
SC_RS03780	566.0750965871108	7.866377064782135	0.4425196328903283	4.318683726871489e-70	1.201734860450957e-68
SC_RS03785	38.72265740517801	2.1357432859077683	0.34520833022327657	1.2706504918135106e-10	3.4974903794822054e-10
SC_RS03790	59.774737210536415	-0.0930952194428487	0.2501557914610487	0.7000943780823435	0.7245608342426949
SC_RS03795	11.570975902231957	1.29930854595397	0.5603970825233047	0.007505575549023696	0.010172048171016492
SC_RS03800	18.611744785772412	2.8281973411829524	0.5783026447679058	1.9894932071072392e-7	4.209352822296174e-7
SC_RS03805	1994.4136633384321	2.388128479910626	0.2808855195985896	3.103584848547384e-18	1.266509943175894e-17
SC_RS03810	36.57964748999292	1.7985466772604923	0.343501656726567	4.440075089456129e-8	1.0009511987052736e-7
SC_RS03815	2160.51945262931	7.768568873203861	0.3218771949983225	9.862538665770288e-129	1.1730058084095178e-126
SC_RS03820	2529.130921935127	8.965529774758664	0.40503759243267556	5.17021814583037e-108	3.8125188607353143e-106
SC_RS03825	2026.4807237697391	7.553547900230903	0.339652980873997	4.3348155151950566e-110	3.632378364664585e-108
SC_RS03830	2301.141034778999	8.378302665591853	0.36343998845968056	7.703653478104268e-118	7.47457115099222e-116
SC_RS03835	1593.3614617718729	7.774960014789248	0.3545369928927867	8.058936040396228e-107	5.6062824869699794e-105
SC_RS03840	1476.3495019198879	7.406209873548742	0.3350555943922919	4.650166546713913e-109	3.609508222680884e-107
SC_RS03845	3168.6144947878074	8.431240750561217	0.36138823309706775	9.133442705430586e-122	9.621429501406448e-120
SC_RS03850	2329.7395388684613	8.723031718388633	0.40527918310261374	5.68623523879824e-103	3.7106458983095773e-101
SC_RS03855	694.8802519664774	9.01255535894541	0.6633940559062388	5.496351337385104e-41	6.0223023420323554e-40
SC_RS03860	342.41193901017067	8.200442900967674	0.7247824358299613	9.561168525250105e-29	6.244823445987093e-28
SC_RS03865	822.6530693187892	9.562530814014384	0.7315070906850634	7.421372978701651e-38	7.181785347105772e-37
SC_RS03870	2471.9144607298126	9.66124162983125	0.5011919565399574	3.493987667702801e-82	1.3560350032442344e-80
SC_RS03875	1548.8674954809383	8.513615151471468	0.4455969124469098	5.523629524946267e-81	2.0467961867815968e-79
SC_RS03880	909.842287200309	8.548198588061764	0.5421730569627682	3.1198389889816625e-55	5.765837770614231e-54
SC_RS03885	2213.5684249160604	9.00497816011583	0.44124164247042286	4.1867676658969066e-92	2.2052303405945563e-90
SC_RS03890	2425.7310868122336	9.317409400930899	0.45020572899517064	8.919411969419817e-95	4.945243899436221e-93
SC_RS03895	1344.404421770392	8.447060930269	0.43146679797629706	1.1756053438945253e-84	4.8429686066358824e-83
SC_RS03900	989.1561314248142	7.376133186052041	0.39911479627162777	4.715092624862473e-77	1.5452930229215944e-75
SC_RS03905	1783.6257579946544	7.667161316540383	0.35499072262725045	3.78565426115233e-104	2.5149022091655212e-102
SC_RS03910	595.3432231109514	7.964620129125066	0.5480052170526951	1.9172474838163116e-47	2.7559031083160784e-46
SC_RS03915	1593.6237567786668	7.859080619446765	0.37210337441011027	1.6060329087338275e-99	9.787509643804335e-98
SC_RS03920	627.5620164552332	3.2495613819609757	0.21590399454905704	3.6111403769891856e-52	6.010959173796446e-51
SC_RS03925	54.99834562257849	0.7995786835117603	0.27906410669195936	0.00285803502826565	0.004059158377972054
SC_RS03930	55.18799969646112	1.4946719062739948	0.3204939146446522	1.0941788976692181e-6	2.1596561004852286e-6
SC_RS03935	670.7121119116242	2.612524546248369	0.20892837078391643	9.760792113594096e-37	9.008270468791347e-36
SC_RS03940	16.788046507206772	1.5081039058139674	0.49037652373480767	6.77373168848985e-4	0.0010162664795711933
SC_RS03945	44.98156566603918	1.3945707893972197	0.34507203171598017	2.037786545921036e-5	3.535679526969816e-5
SC_RS03950	113.3996732717623	-0.38776626865280855	0.2366877738420358	0.09146457533295729	0.10906529406617513
SC_RS03955	854.352306038522	5.877962074008846	0.300936635754852	4.525918081839271e-86	1.9517029202036718e-84
SC_RS03960	27.25004442049662	0.980247092396446	0.3658852189170105	0.0041438276418218	0.005770837588440784
SC_RS03965	55.88945281093936	0.10120343259726589	0.26950513920751806	0.6978860841337937	0.7223767524428123
SC_RS03970	55.41585452628461	-0.468960194027843	0.28343438268157556	0.08358437731866808	0.10021970704843226
SC_RS03975	289.69857934639634	0.07401349058157695	0.20755441082332599	0.7171062749022037	0.7408155885582586
SC_RS03980	90.2277059411979	0.39471053928420735	0.2338333434094575	0.0823809408131849	0.09885712897582187
SC_RS03985	8.61439422487917	2.4245238570347234	0.7681373268940477	2.722680549754899e-4	4.25857146810305e-4
SC_RS03990	12.040077982544524	3.3410889663452408	0.7847436283039095	4.270259516763351e-6	7.921734258267409e-6
SC_RS03995	32.94820690085974	4.898212462719712	0.7665769728726637	1.0562157559220228e-10	2.92362424330668e-10
SC_RS04005	27.501102829614737	3.273004730155541	0.47583537552110133	1.084075080095282e-12	3.375831773911575e-12
SC_RS04010	95.62363745938896	-0.2919082143512365	0.21348212929890426	0.16113932519325858	0.18563371097876716
SC_RS04015	17.29294144886122	1.8305853829128353	0.5095967190439147	7.959911152683256e-5	1.302049353147434e-4
SC_RS04020	28.634468890824117	2.5019942978447873	0.4681014410697012	1.5879665853309633e-8	3.729192866315453e-8
SC_RS04025	28.40909418397699	3.180646841954287	0.49833483338914947	2.528749828213118e-11	7.29253079125676e-11
SC_RS04035	29.213544316385555	0.1990870389914195	0.3242335820697489	0.5193069203203442	0.552498806873787
SC_RS04040	28.907156344394807	1.527925184262671	0.5140704769853115	9.82846951253912e-4	0.001454447806250521
SC_RS04045	125.87673674385817	-1.6676756616639379	0.2317970036683118	1.9368782950090894e-13	6.269771969884558e-13
SC_RS04050	56.03959690942244	-1.7449893174071325	0.30202793653473586	2.1712950642808396e-9	5.468282036887606e-9
SC_RS04055	41.82938027195001	-0.6107499836185754	0.3056206004442533	0.035498608038541726	0.04449545056539294
SC_RS04060	142.97379502503514	-1.9146689852559071	0.20379954191627	1.467137200844158e-21	7.006910439782915e-21
SC_RS04065	70.13556635527877	1.7980717605878	0.29662680750433823	3.3668119729704997e-10	9.005031370578333e-10
SC_RS04070	150.02705622473465	2.9477308977042895	0.27609508294975377	2.1044640893114482e-27	1.292116419199219e-26
SC_RS04075	49.146509112235115	-0.6571255599150754	0.2780702799951882	0.01360437208660599	0.017930051790282855
SC_RS04080	40.657286047472255	0.2972385009481406	0.38204144670126344	0.4033211418189563	0.43717332056048563
SC_RS04085	16.780639344852478	0.8566304005064517	0.47389041298737017	0.042646840397992984	0.052888967557147705
SC_RS04090	17.345330749699563	-1.2223081098171982	0.510976286369615	0.006864925062686449	0.009326079110583986
SC_RS04095	87.0698660625797	-1.8313935414174558	0.34967861061237093	4.234697457229626e-8	9.584609898591548e-8
SC_RS04100	26.47275534422745	-1.1237242287313831	0.3598582619496956	8.895107225701453e-4	0.001322163287287291
SC_RS04105	46.13802045752416	-1.3841651435642088	0.3257048653753844	8.457515481698626e-6	1.5233443859805975e-5
SC_RS04110	45.73149577209622	-1.6959445333648422	0.3956595310521732	5.111103332826489e-6	9.412906087977654e-6
SC_RS04115	172.63623747418808	-3.3986050112618877	0.24574612590476042	2.844194152877107e-44	3.554760624290811e-43
SC_RS04120	114.34056091862443	-3.48638788392882	0.26052507829086174	1.6627156173960892e-41	1.857706812527085e-40
SC_RS04125	62.4111278973184	-2.552233748652585	0.29159029054245483	4.00768261568619e-19	1.691622873959357e-18
SC_RS04130	36.27529232611815	0.36103204297589203	0.2984096950702932	0.20635781287633131	0.23424915519551526
SC_RS04135	10.071560121055775	4.0103488866590915	0.8881427955063456	1.4141789785647356e-6	2.755855123661829e-6
SC_RS04140	5.9585701184046185	6.609306345660381	2.4964570641797006	1.2992084312829795e-6	2.5405364551261442e-6
SC_RS04145	22.918347804082487	0.08410892940422326	0.345671567099644	0.7973647254153913	0.8174313773957503
SC_RS04150	11.194467773913942	0.17870673846444438	0.46572261742904214	0.669167222992566	0.6965611381066038
SC_RS04155	18.556440596967455	1.1378135543269299	0.49129498538763866	0.009177655357547554	0.012309208913524128
SC_RS04160	15.354660481916186	3.876144692870146	0.7617555962143853	5.648257827681015e-8	1.2575559547499942e-7
SC_RS04165	20.49482445199465	2.213389277256223	0.48902453896881515	1.2333455287092928e-6	2.417514600930974e-6
SC_RS04170	71.75379474240856	0.4377293264116177	0.26444081251028145	0.08640531903517214	0.10340032823196355
SC_RS04175	97.65071590077407	1.0160995354796547	0.23705133278634063	1.0273313399133181e-5	1.8320535188683935e-5
SC_RS04180	23.03914941969969	2.5028991879979365	0.5135793556121308	1.948920076614351e-7	4.12850808530716e-7
SC_RS04185	19.361378589981072	2.1215123997057463	0.5354475360283715	1.542371079672479e-5	2.7015307224477105e-5
SC_RS04190	15.087136442864335	1.6820168129974946	0.5883669301063046	0.0011193666466275155	0.0016462324795036498
SC_RS04195	14.303157581701104	1.1973903089577942	0.5436685135952485	0.011394426805908167	0.015125563144332463
SC_RS04200	43.84220092903149	1.1792701565163295	0.36071837293173376	4.941354155983248e-4	7.512895988911437e-4
SC_RS04205	49.836816499272544	1.0652575883060118	0.3266597720436265	5.81521679686782e-4	8.776383270590116e-4
SC_RS04210	725.6280011237382	3.0664142580566316	0.21522294991196336	6.357318378805899e-47	8.828411624353051e-46
SC_RS04215	223.12485864359698	-1.6293517372460398	0.26547131209475117	2.336641264966375e-10	6.311499153063022e-10
SC_RS04220	40.98487268294255	1.100424544093306	0.33015594800476805	4.2785846940116576e-4	6.547060289197336e-4
SC_RS04225	219.56577327685542	0.014706194376601827	0.1806198954100355	0.9347030733288898	0.9414698077758822
SC_RS04230	116.445407498491	0.6517780282090372	0.2896760878151706	0.01851246859839597	0.023991378461260433
SC_RS04235	35.655845557383174	1.7257044045646677	0.43951014630739044	2.3617076422444627e-5	4.0699303935290175e-5
SC_RS04240	21.933356938943913	2.9355256671000522	0.5375180888362773	8.630483351092915e-9	2.069632007510867e-8
SC_RS04245	27.304291301628194	1.9935472028954544	0.3994962220384251	1.3899313499367115e-7	2.979463306521311e-7
SC_RS04250	30.03683607949355	2.5429008924364207	0.44096646436608594	1.5039975771052094e-9	3.825621984675341e-9
SC_RS04255	102.39999536351849	0.5563761562120614	0.217536801068777	0.008750328203717978	0.011753173073627755
SC_RS04260	49.13126715394245	0.1785560453166409	0.27308938529212395	0.4984375921128132	0.5317532992245203
SC_RS04265	20.90213341705941	0.43566628813621955	0.3937444904501256	0.23154754393686097	0.2601205955195632
SC_RS04270	41.14534304658805	2.150294020513286	0.34038490082414624	6.196013125485179e-11	1.743204913671412e-10
SC_RS04275	16.91003159329163	2.4017889089896856	0.559446471525516	2.985102897256364e-6	5.642693864231846e-6
SC_RS04280	11.619490559203246	3.0723678680937088	0.7209098823438845	3.291640329143195e-6	6.190399333614364e-6
SC_RS04285	12.016000038976815	1.9134000740084345	0.7066990351323225	0.0012925836078456511	0.0018900478929712139
SC_RS04290	11.651335457233712	2.501344046137763	0.658679008612935	2.3330159271182806e-5	4.023306699384986e-5
SC_RS04295	11.524896871507158	2.0874131042804867	0.7005119755720325	5.470132840867465e-4	8.284403279637849e-4
SC_RS04300	42.542667375765966	1.6301110094728186	0.3396723201926155	5.140347809539971e-7	1.0447884439787142e-6
SC_RS04305	38.43872268144294	0.62874054411481894	0.33760047225254625	0.048620530984841544	0.059884382074865794
SC_RS04310	68.24061294193324	-0.6039967765025309	0.26779968820706374	0.0192677868678262	0.02490458551504827
SC_RS04320	6.554890214605349	7.084411253566656	2.576502740538302	3.394072504150959e-7	7.004727300758234e-7
SC_RS04330	12.303567248553994	3.7047199485260207	0.7337115018964482	9.304359662708181e-8	2.0262949838396375e-7
SC_RS04335	60.43635997703286	0.06581316631215081	0.27178213746240065	0.8025812294208455	0.8224338501597157
SC_RS04340	37.34790076574118	0.46864325231363907	0.32773855375897876	0.13119341008874058	0.15280685610399194
SC_RS04345	77.67721444251399	-1.596146711419719	0.2497992533084995	5.16823845500519e-11	1.4624171284423742e-10
SC_RS04350	43.025558123374715	0.024634391715656692	0.3410945361045311	0.9408072165726771	0.9464546268767968
SC_RS04355	61.64432550740748	0.10488649080946205	0.2704071207958046	0.6889315231708865	0.7140099862069033
SC_RS04360	234.94541009234237	2.62495703081621	0.24202616506587402	3.041505785595916e-28	1.9468805263007192e-27
SC_RS04365	685.9014913691886	5.659296668237725	0.28589824848136636	5.059269725954365e-88	2.2748204243407006e-86
SC_RS04370	1363.1268755352364	3.7362786646590362	0.20508627473882554	5.052828912246504e-75	1.585513208464073e-73
SC_RS04375	1837.33364728055	4.3166982948720944	0.24760167327532143	3.790076805453465e-69	1.0312924857348285e-67
SC_RS04380	9463.999705938406	5.511221886813871	0.1999044399223437	2.014787748037606e-168	6.753202206376958e-166
SC_RS04385	5475.145189017345	3.5096406692379643	0.222222789378412	3.485546203403912e-57	6.835749389335224e-56
SC_RS04390	5354.34793627337	3.6455645825730683	0.21154506088614425	1.4482878028846958e-67	3.8005958215201947e-66
SC_RS04395	694.4265146931422	1.8139150270744344	0.18069055103968532	2.6289512017479304e-24	1.3966776773551325e-23
SC_RS04400	709.7460290478494	3.346943302867317	0.19992410500802876	6.794706848683912e-64	1.6267587111102328e-62
SC_RS04405	1832.7078866163163	3.9467799042640763	0.23173368019396307	4.955679475255688e-66	1.2557793969256165e-64
SC_RS04410	6186.91354113397	7.660842695861206	0.25308548921112867	4.373793026497441e-202	2.932031797944739e-199
SC_RS04415	2357.7431504577285	5.587017336001101	0.23956624716004973	2.5186555189286323e-121	2.615854337546442e-119
SC_RS04420	445.14742536506583	-0.1362873493668171	0.2487183057319611	0.5697841300189019	0.6015158446326961
SC_RS04425	86.6326800710379	4.620756953015898	0.4351269437712341	9.214443143143674e-27	5.488473646004964e-26
SC_RS04430	15.297884342322517	1.2496573562097233	0.4698414201006575	0.0032698009421257062	0.004606708472914589
SC_RS04435	16.684620737684643	1.114931182681645	0.48700604652503426	0.010454108136829204	0.013942592403866623
SC_RS04440	423.6304161591957	-1.5376197752711855	0.21802171930921738	5.278960662422826e-13	1.6721243953911476e-12
SC_RS04445	641.4791140687402	4.076738715075807	0.22911814447169676	7.5724349105057e-72	2.189770001179178e-70
SC_RS04450	582.4075149585952	-0.840093442865093	0.2042062254656979	2.1787255131115968e-5	3.770458092861984e-5
SC_RS04455	15.297492298699845	-0.7381641025064102	0.443602931887512	0.06495165865219597	0.07869758969787924
SC_RS04460	42.22922487198316	-1.6020755990123994	0.3212436174371566	1.9527518306841759e-7	4.1354371049583895e-7
SC_RS04465	120.73460623261174	2.02885589018709	0.24783854491416615	5.635269605314006e-17	2.1699466354874923e-16
SC_RS04475	26.577291593743652	1.7699656777034307	0.4572778478431545	2.773752872705363e-5	4.754452274135134e-5
SC_RS04480	84.83838230450891	0.3827968279215304	0.22574777933945228	0.08176324893035816	0.09813186810098651
SC_RS04485	390.96525185561285	-0.5207439927183639	0.19584975894820725	0.006579235469647969	0.008966047376304588
SC_RS04490	105.76818147811474	-0.6275581750340707	0.23094178402894336	0.005062413684673123	0.006975007195586623
SC_RS04495	23.206865474868604	0.6531072909221335	0.40167075884803427	0.0764730740126521	0.09202226628089044
SC_RS04500	39.37699652009012	1.374614256952574	0.3882767188924681	1.5137969361198603e-4	2.426154880884123e-4
SC_RS04505	12.12580399953638	1.2098038658628578	0.5430497217348395	0.010701732270791043	0.014257260763035953
SC_RS04510	39.13970537977727	-1.1889814314926994	0.3412939408931308	2.2995291341012467e-4	3.619365599757224e-4
SC_RS04515	43.67264513593631	-0.18588266652526478	0.2891227766705967	0.5012276708828047	0.5344978807071298
SC_RS04520	105.89918799448756	-1.2321702535282035	0.21578080925679982	5.009650007182077e-9	1.2232171904953852e-8
SC_RS04525	27.08138174223681	0.6738745301329733	0.3720223932964052	0.051481939834799796	0.06327130405696896
SC_RS04530	41.49498810819062	0.12085073263200959	0.2951155589809051	0.669969758783373	0.697199689707676
SC_RS04535	57.54015059896182	1.0039355579217566	0.2949406767295792	3.7253647056485425e-4	5.741032254848976e-4
SC_RS04540	413.08206615577694	0.47893879104314896	0.1975468785567267	0.013399393047248149	0.017669371303721003
SC_RS04545	366.2182743424576	0.0239687034049136	0.2015796724345161	0.9046618494190243	0.9142080961512794
SC_RS04550	7040.192210012128	-0.5831639219403036	0.20049615922028227	0.00314881996616933	0.004453279330750411
SC_RS04555	18.847044609692944	2.7696082779833295	0.5286851849179682	2.939509846968494e-8	6.737937709526165e-8
SC_RS04560	29.841407752713874	1.6907165986312744	0.4177215766990214	1.496131159095537e-5	2.6255285976131578e-5
SC_RS04565	87.07719421760737	-0.5978824793829483	0.23806082053207622	0.009488696654474917	0.012691755692018507
SC_RS04570	14.607617049666835	5.0348904904485545	0.9496318964563756	4.8402281750497515e-8	1.0841993488097468e-7
SC_RS04575	10.250110801242236	2.937170823953163	0.7049779708922662	5.225279140735035e-6	9.61117694781246e-6
SC_RS04585	18.97781249948783	3.156798039016671	0.6007773942066658	2.072445907087221e-8	4.826979191049011e-8
SC_RS04590	19.614524443565884	2.643539239626359	0.5497074261280038	2.2376003343414205e-7	4.7143042472667527e-7
SC_RS04595	46.491018744844816	0.5325629847231514	0.2710912028199613	0.04132080714128692	0.051348101088616406
SC_RS04600	25.912666108108276	2.2095567540913263	0.4539082178148273	2.0574862552500784e-7	4.3460050547734395e-7
SC_RS04605	28.382369518819274	2.306981693362106	0.4279411993836665	1.3789024751761644e-8	3.2579387542291044e-8
SC_RS04610	16.99078497764621	3.4623568211644113	0.6494252084434037	1.999413934242873e-8	4.665720997185742e-8
SC_RS04615	18.39826492530935	3.929727559737985	0.6708370032060526	9.323138881876425e-10	2.415629870518509e-9
SC_RS04620	29.28931808408417	2.2456058784796222	0.43203442537052755	3.812540217550443e-8	8.669032243051792e-8
SC_RS04625	34.22551512680327	2.664465169983522	0.4263672576013891	6.927681968095359e-11	1.9460848317232447e-10
SC_RS04630	627.6524204390653	2.179132897939547	0.2552374125750745	2.2968464453816186e-18	9.430370650469964e-18
SC_RS04635	199.469172447148	2.871158145462714	0.27776926054688433	5.151931421672075e-26	2.9656785560819576e-25
SC_RS04640	49.64485566443805	3.181385353196797	0.4281561867593352	1.7234656787470472e-14	5.878277481535951e-14
SC_RS04645	998.160594967603	2.3774191165757896	0.18508377361263043	1.371554124948117e-38	1.359387112549384e-37
SC_RS04650	10.022132559879607	7.742505480693743	2.600508522184869	1.9644923455904966e-8	4.5871331717493106e-8
SC_RS04655	19.223904068139724	4.4692496391274315	0.6800322712691376	1.9511471039952874e-11	5.6711701792909935e-11
SC_RS04665	61.7861465693895	-1.4505217339532999	0.29931029443993623	4.726261723663759e-7	9.632795453371076e-7
SC_RS04670	71.69284925028579	0.17431231020858645	0.24386830262042594	0.4624199625750003	0.4959832442222621
SC_RS04675	24.601105186919725	0.5141133670516792	0.384976573752994	0.14999931968560287	0.17364128467215628
SC_RS04685	29.736880416812596	0.057306246011560695	0.33059785475129366	0.856179360514657	0.8708229799220801
SC_RS04690	19.25724230003849	3.3298606315957535	0.6380797185402038	2.7782870554952084e-8	6.382270637763759e-8
SC_RS04695	23.18984514780617	3.103623842673375	0.5256719172787763	5.875684516795467e-10	1.5468510398732513e-9
SC_RS04700	25.8530526532179	1.537548949692064	0.4945580360967716	5.630113860867672e-4	8.510959329651131e-4
SC_RS04705	238.47536067007707	-0.17378679693257174	0.18760822900519453	0.344495143032907	0.3774041278747075
SC_RS04710	87.46953662302485	-1.9804824409381352	0.2460418057957167	1.6201386316088867e-16	6.070580421485737e-16
SC_RS04715	237.89252225999942	2.7239820951490543	0.2653320488177293	1.3283230618126084e-25	7.465742574547389e-25
SC_RS04720	5599.03457125207	3.7385169033685814	0.22765128663853834	1.1432617236866232e-61	2.570247545873524e-60
SC_RS04725	541.6156568847035	3.125233834486972	0.2520963809121802	3.661393147932831e-36	3.2965950027908053e-35
SC_RS04730	91.7384084907152	0.11920960603794828	0.22771452459324534	0.5920123567470437	0.622664258829368
SC_RS04735	783.2413255926778	-1.9056706355190707	0.1939092227536447	1.7740452301978082e-23	9.116243573155844e-23
SC_RS04740	16.711981706810555	4.264520749037519	0.7595294794804882	5.391550961587651e-9	1.3129886654804272e-8
SC_RS04745	13.697333193743928	2.116649724903719	0.5771404563378364	5.1125236608768415e-5	8.506261163200774e-5
SC_RS04750	17.623771387065265	1.628602166800192	0.44909451784234194	8.687565638912616e-5	1.4157372159412515e-4
SC_RS04760	49.657830682788926	0.32609132116513373	0.30418610609800084	0.2622107252255006	0.292252401422739
SC_RS04765	32.35697697789414	1.639754153795556	0.3952076996185263	1.0241360020941166e-5	1.8272390223668076e-5
SC_RS04770	96.89670057015019	2.140993390778275	0.37380801884879983	1.6901056057461798e-9	4.288657514374511e-9
SC_RS04775	206.20213482762603	2.2243059620757615	0.32994870903166457	2.674762079156599e-12	8.163781279677467e-12
SC_RS04780	34.5673463738537	1.543518684222764	0.3669892234467195	8.683724264857845e-6	1.5617995787576037e-5
SC_RS04785	32.93112486982156	1.094879817470667	0.35823789487791047	0.0011511880266460966	0.0016910080694199834
SC_RS04790	32.95266793601373	0.9167031751076394	0.3994470180629315	0.012852472347652407	0.016981568014977397
SC_RS04795	39.634654542841595	-0.7495873380672136	0.29332553103275166	0.0075228659133824444	0.01019173493391184
SC_RS04800	64.61166716920152	-0.6977401220630544	0.26972148730723766	0.00723510688313013	0.009818122590394107
SC_RS04805	25.944548686347495	0.8370217349424087	0.3582052665107373	0.012715207171831965	0.016806226507454544
SC_RS04810	12.11180854109474	1.6398388567099136	0.5725683723292404	0.00117072672853148	0.0017179977902867928
SC_RS04815	12.484438685102068	3.201267264985293	0.7203880577212931	1.5737702171356158e-6	3.055051697680919e-6
SC_RS04820	9.951067032851817	2.021317048055081	0.7128993704619206	8.837957134844456e-4	0.0013139333853294962
SC_RS04825	31.79849468586539	3.112364010444515	0.5066268563115373	1.2804778277469813e-10	3.520597875393826e-10
SC_RS04830	28.18637595208954	2.9303121125361886	0.4545413936453945	2.199780956671021e-11	6.373746473277842e-11
SC_RS04835	149.6089032890014	-1.5228148499376872	0.21082243444534562	1.5337349795716333e-13	4.999894668152619e-13
SC_RS04840	102.99154906638032	1.3703060102165434	0.2370927886299238	2.8720301609979652e-9	7.171808468404672e-9
SC_RS04845	776.4305411240435	4.77144203315101	0.33955233684022973	2.3469001887967388e-45	3.101441217237841e-44
SC_RS04850	317.11382815214114	6.856323499790326	0.9568067395659364	5.3818523452655355e-12	1.6171874162179325e-11
SC_RS04855	186.38520754675451	8.565745569743592	2.5212013357527683	2.2775111903226806e-11	6.591196042951117e-11
SC_RS04860	294.96947989980174	4.476387880434034	0.4557799411695152	4.3107204970802216e-23	2.177209105854079e-22
SC_RS04865	1585.4961301137107	4.267029747060983	0.2549977606675478	8.281173560266179e-64	1.976225690401385e-62
SC_RS04870	42.194007156877724	0.8491160527122575	0.3325187669116344	0.006835998551742417	0.009288493333434417
SC_RS04875	89.96931778575079	1.041836174994119	0.2906190668912096	1.820686272372974e-4	2.8978503286160827e-4
SC_RS04880	52.49769522151977	0.9277080827352078	0.30442188566640477	0.0014243402795233694	0.0020772886401739907
SC_RS04885	249.416012745519	2.8314709457528746	0.23371173564099626	1.1877074421756024e-34	9.997893468724764e-34
SC_RS04890	96.62630509254335	-0.9533089389705423	0.2543773775397985	1.031465096564509e-4	1.6716535433113604e-4
SC_RS04895	26.562355074207588	1.622380374159769	0.3965735429944892	1.3036926774626189e-5	2.2993135143767882e-5
SC_RS04905	95.87074181120812	0.9562588697740633	0.2882372919237625	5.163767010702772e-4	7.838126376476376e-4
SC_RS04910	63.63110365738365	2.8376256722303776	0.3452508976081202	3.683263632938461e-17	1.430246762995693e-16
SC_RS04915	226.74728324993694	0.09106194486993911	0.19275155894693308	0.6311879200969245	0.660570497132376
SC_RS04920	402.5592741511077	0.3311512099935613	0.18249322376891855	0.0655690241848695	0.07935433847681399
SC_RS04925	495.42770799280447	-1.1309879810843473	0.2422825137692442	1.4378769887732028e-6	2.8005559733791855e-6
SC_RS04930	19.82207279125793	2.1482229590130593	0.4896372374018965	2.2230744210197496e-6	4.243580321149271e-6
SC_RS04935	18.15274355653982	1.561516322789985	0.4669400819942126	2.4622952429745814e-4	3.8656515055768715e-4
SC_RS04940	95.15352503867769	0.8344909723491822	0.2638820420351888	0.001017252218204227	0.0015017453167243183
SC_RS04945	46.383943834025686	-0.22231790382669384	0.30797110268539984	0.4483371814789654	0.48207033774072483
SC_RS04950	18.54143014523077	1.494110123502335	0.5677638339265361	0.002547032841854675	0.003632144686876111
SC_RS04955	14.924683874585432	2.367255841293205	0.5448653013944836	2.7625151101695317e-6	5.2353601702364755e-6
SC_RS04960	924.5511102170759	2.6552774100389116	0.2616179806881484	4.362235752370701e-25	2.396954280028431e-24
SC_RS04965	1025.0745481825527	1.1751163244240108	0.24772293863403969	9.895615907900853e-7	1.9605124047517703e-6
SC_RS04970	195.38210434603846	-0.45992930087707456	0.22441941232593762	0.035048678662678176	0.04395390415962396
SC_RS04975	61.95870377788825	-1.5536011587681549	0.27769059250799677	7.765032048080663e-9	1.869387734983572e-8
SC_RS04980	33.22891591232995	-0.5861766763443008	0.35148579866040497	0.07496657136838916	0.09025363220742884
SC_RS04985	34.47842185946076	0.6289571685351406	0.3696390245313288	0.06840397331711717	0.08263612372877162
SC_RS04995	44.925664230567556	2.644840809322508	0.3753267961357453	3.032019999687738e-13	9.691424134242471e-13
SC_RS05000	119.18556611135172	7.122268679657462	0.6626050851221493	1.992817405564115e-26	1.1653477833964934e-25
SC_RS05005	215.835515436265	7.481704334294598	0.5553825330030152	4.049587824412779e-41	4.463626400182336e-40
SC_RS05010	75.04814633568171	-0.5444328601919617	0.2753689690450893	0.03977089384905467	0.04955568963212726
SC_RS05015	48.77955094180905	-0.41603401386304206	0.2905269243517124	0.13487594227279115	0.1567306426023315
SC_RS05020	135.4084383759776	0.030008596044718894	0.23329368365029413	0.8961396847397998	0.9067143297573111
SC_RS05025	39.231039046433885	-0.4573140376295747	0.3034108999219656	0.1135194241376735	0.13350753326813466
SC_RS05030	178.2604613194268	-2.9764866112041557	0.24313980842026767	2.5772168122254155e-35	2.235811385100025e-34
SC_RS05035	328.3603885607543	-2.320995605002079	0.17849723056843614	2.655100127871876e-39	2.734456472475868e-38
SC_RS05040	20.4536440887001	2.242586657988011	0.49842405500386994	1.2510477914374773e-6	2.45025933972376e-6
SC_RS05045	20.575253971283136	1.6064486491934777	0.4467998627294691	9.592519659838983e-5	1.558044933296314e-4
SC_RS05055	42.370863512081826	0.9714879269423063	0.36704693424012436	0.004643847401500502	0.00642110083230165
SC_RS05060	46.80793517390535	-0.031602832824709604	0.3011705634139547	0.9099544536338418	0.9193045815996641
SC_RS05065	31.049987835740254	0.4239292093887683	0.31046600006540404	0.15194249613540917	0.17564257195524488
SC_RS05070	45.81488024710143	-1.0394627581749964	0.28169970136471373	1.1917625409507723e-4	1.921306728677524e-4
SC_RS05075	11.213456582842538	1.5296542367865764	0.5399821954586235	0.001435520060942921	0.0020928281790021947
SC_RS05080	10.298100804561512	1.3989211429085673	0.5608202467352988	0.004351033514098919	0.006041145007148452
SC_RS05095	53.44442432383451	0.7895499110283158	0.2732745125863366	0.0026450184431585253	0.0037689596134977714
SC_RS05100	90.77088768587434	-0.6134049482468696	0.212391062837639	0.0030852214296996894	0.004368360757028708
SC_RS05105	103.52252203916323	-0.25646151474808876	0.21475440833956524	0.22061530618129907	0.249091604314944
SC_RS05110	18.93819407841842	0.5508385512551258	0.3816578302303265	0.11983333584322017	0.1403734739488333
SC_RS05115	127.69827406401724	-1.015242535961341	0.2020777145380142	2.7960471224711364e-7	5.82430832799496e-7
SC_RS05120	190.33063286515417	-1.0067605143541112	0.20452106920869106	4.6618878054887337e-7	9.509477365884901e-7
SC_RS05125	2804.8938199952277	-2.6965814273589532	0.21983007374748442	1.7429512409073883e-35	1.52281071687809e-34
SC_RS05130	103.35792352319928	-1.03014557781711	0.26387869359877103	5.2353245620678634e-5	8.706649373181873e-5
SC_RS05140	307.192856748326	2.6435165807681513	0.2798624366770905	4.80266066465257e-22	2.3422499828801622e-21
SC_RS05145	74.74631222355396	0.34778688997437346	0.24435622213530322	0.14220442138951372	0.16498039699909914
SC_RS05150	28.35281332625933	0.6016693720197948	0.3337527932477418	0.05660141387382452	0.06915970603240797
SC_RS05155	18.147610778378674	1.3196711313691447	0.42621986741841383	7.706439605526546e-4	0.0011505828234693813
SC_RS05160	87.28254776457825	2.722682758361807	0.2966723362606559	7.517566894938445e-21	3.4886430637681614e-20
SC_RS05175	11.05236979142004	2.572466846065565	0.6475261681610811	1.2136695872298449e-5	2.1492794275295092e-5
SC_RS05185	11.221867755866697	2.086501255587046	0.6021647081872249	1.1824527316671743e-4	1.9075489921928994e-4
SC_RS05190	17.56004908836787	2.0353734469265077	0.47876863910231926	4.842129156998219e-6	8.939874913296161e-6
SC_RS05200	11.86548543252202	3.465191469763629	0.7668181312174145	1.2845733712105358e-6	2.5132512707101327e-6
SC_RS05215	105.44775188328742	-1.2135022802151822	0.21510868881447343	7.805053363295442e-9	1.8777965253161694e-8
SC_RS05220	26.056180839162497	1.2954931038923079	0.512531326820317	0.004322170161159121	0.006004461712205606
SC_RS05225	21.394973377081286	2.1291150941491495	0.45510106303323056	6.465136843720309e-7	1.2997251659104024e-6
SC_RS05230	18.45730157690104	0.9355627034751132	0.47873351855773044	0.02828603617274355	0.035838699439486414
SC_RS05235	18.91167455577517	0.3915689618067613	0.4091161524098728	0.2984843068367153	0.3301865104431351
SC_RS05240	70.3911988920909	0.10122438451492584	0.24560347310364816	0.6724052735652934	0.6992407963997284
SC_RS05250	62.374181275622085	2.4710751574194036	0.30405686421920397	8.63441738636277e-17	3.2904492923534403e-16
SC_RS05255	30.905976177724636	-0.43037943151318575	0.32469401421480165	0.16132132215916237	0.1858143438927934
SC_RS05260	48.56132690759389	-0.0571634584058854	0.3680305583455249	0.865440956217863	0.8789094630423524
SC_RS05265	54.01735860614978	-0.5772432982553798	0.2495107943484291	0.016703181119860803	0.021745984741852676
SC_RS05270	90.8541306494505	-0.7835624793961287	0.23421625570640525	5.690061092480522e-4	8.594533079875331e-4
SC_RS05275	25.070688275325356	1.5667340321189434	0.40518687623403815	3.313510097803641e-5	5.629913239908767e-5
SC_RS05280	137.5843969509107	2.184172375972442	0.23712570124537832	7.980859672234907e-21	3.694341445264294e-20
SC_RS05285	630.8396410307706	4.707654620080959	0.2468484355259205	4.775109631355867e-82	1.843542325739171e-80
SC_RS05290	15.82022985041663	4.517304700381932	0.7677581561925827	1.3317149911990933e-9	3.4026563912342736e-9
SC_RS05295	34.766309657841234	4.2113814557740445	0.5509241513968256	3.4986709963798462e-15	1.2308778591271463e-14
SC_RS05300	562.440066937313	1.1708154398079378	0.183933168057993	9.245783431253295e-11	2.5689730214624436e-10
SC_RS05305	66.81589015177909	0.932055785559075	0.29039593476707404	8.007058964687336e-4	0.001194498337155663
SC_RS05310	15.742555008007649	2.146008385755296	0.5926537933558101	5.8264290050496584e-5	9.639687566353192e-5
SC_RS05315	85.16181395452676	2.328418924745824	0.3115705016102482	1.394911916443241e-14	4.777557116512986e-14
SC_RS05320	99.23396040245287	1.9307740491912826	0.25123127974364334	3.677571150730195e-15	1.2919680641012128e-14
SC_RS05325	4970.758300379535	1.100471472452681	0.20674746040770567	5.717358962283939e-8	1.271788989076373e-7
SC_RS05330	3328.9677920667655	7.1594055078106855	0.27298441703429194	4.2145400038835737e-153	8.879433711039278e-151
SC_RS05335	1100.5530277694759	5.200607890250721	0.2635953875035118	1.4664802222449118e-87	6.55383342959635e-86
SC_RS05340	456.7495627582753	6.197799283452236	0.3754545675689247	2.4244118651958325e-61	5.368652580766987e-60
SC_RS05345	1425.534914079768	9.5611253071499	0.6098983219425734	6.768819318868233e-54	1.1912475813206287e-52
SC_RS05350	22.506676445338773	2.6534661229231764	0.5116528930738309	4.2622367209015965e-8	9.635111459205511e-8
SC_RS05355	40.48037019553977	1.09627255825782	0.31877824128042853	3.0528665731399896e-4	4.7493329346696804e-4
SC_RS05360	148.17329356884684	-1.7334390237071369	0.23340576561918056	2.9968967758132565e-14	1.0081713879948428e-13
SC_RS05365	26.018531667364435	-1.3666490902599548	0.39385570618999083	1.9354237617475703e-4	3.071188900177875e-4
SC_RS05370	13.756409455871378	1.1566945406661207	0.5379817767370733	0.013813784191730967	0.018193042441476005
SC_RS05375	34.822549009922554	1.677244745520215	0.3813894545279576	3.2470965331881906e-6	6.115987186648715e-6
SC_RS05380	19.751128320090476	2.509032590566152	0.52196397043167	2.5272098226872514e-7	5.282212367487469e-7
SC_RS05385	16.869431823009133	1.6188846929235057	0.4511549532265023	9.969847243094406e-5	1.6168386534105598e-4
SC_RS05390	21.89350859925488	0.0970111312990801	0.38462440400158665	0.786017363678104	0.8069180063709229
SC_RS05395	112.62595361074806	-1.0609921202122965	0.2274255789194734	1.600329637503694e-6	3.103032013397907e-6
SC_RS05400	254.54671466775048	-0.6757341144293425	0.24579722074146942	0.0044384793159685495	0.006156761940547795
SC_RS05405	22.106794439474047	0.5677825874832678	0.3935235524587492	0.11862128889511582	0.1389978363757483
SC_RS05410	32.85210572005346	1.790184895227898	0.4141950185451854	3.892163685291591e-6	7.2550088511982294e-6
SC_RS05415	128.4061999233887	2.8131627497434164	0.2629091164823215	1.3782283564894637e-27	8.547565938396388e-27
SC_RS05420	12.819030507171107	1.1758207763776516	0.5309434173477199	0.0116435410476315	0.015445128923409728
SC_RS05425	326.76216476177547	0.8450212541676364	0.20005842237376112	1.5793476853015414e-5	2.7643270428230633e-5
SC_RS05430	705.0128784593504	1.1569643877788005	0.2124019508720617	2.476204718574983e-8	5.725786639941023e-8
SC_RS05435	2656.809243412508	0.6339975727703704	0.21072128860488631	0.002129457878706135	0.003054390662824167
SC_RS05440	890.8331298469266	0.5805770024265154	0.20455172108384087	0.003851540452812073	0.005386167134275787
SC_RS05445	1116.7733797519866	1.1284462372199777	0.19931881675779373	7.56600265776213e-9	1.8220673938059422e-8
SC_RS05450	3162.953011362849	1.8966768944957733	0.2103485684544335	5.375268457021793e-20	2.3763327099567564e-19
SC_RS05455	13.087273191350342	4.1126303283344745	0.8188899983591402	8.797477121173352e-8	1.9215816437065252e-7
SC_RS05465	8.945180957968667	4.212321946690529	0.9675595939759564	3.7737920606762903e-6	7.0504035103691316e-6
SC_RS05480	14.642539291712207	3.612236935504198	0.6806295246617948	2.0211716143453098e-8	4.712020070876482e-8
SC_RS05485	31.545056529224194	2.499640246635073	0.4244920193310411	6.27435372006991e-10	1.6471016138054653e-9
SC_RS05490	10.062375508991446	3.474279444606903	0.7755214925958609	1.2577057280209235e-6	2.4619915153773e-6
SC_RS05495	125.68321486236121	0.08401873862445604	0.20012424185928493	0.6734956190122638	0.7000362523515803
SC_RS05500	37.10191970319648	0.5262479325625639	0.3090385323025071	0.07376997865847645	0.08888559193261525
SC_RS05505	32.290726418956275	2.875322725304074	0.5148979564043606	4.333840131389067e-9	1.0663242285239566e-8
SC_RS05510	17.51374443962699	2.4981994094930657	0.595264558939506	4.5194327269295575e-6	8.373441439291094e-6
SC_RS05520	57.3535583685949	2.258973610589822	0.34933853328057746	2.04458106587736e-11	5.93806253634488e-11
SC_RS05525	179.65552360146188	4.146354064079786	0.2886950983489843	2.013725040927588e-47	2.8889510606614855e-46
SC_RS05530	61.34791727449854	3.4433455703831926	0.34787302600386744	7.202135658185784e-24	3.763894283732244e-23
SC_RS05535	32.62896293893098	3.0733873817627306	0.42985209393821155	1.7920931663693616e-13	5.813856141138439e-13
SC_RS05540	101.88450984548531	-0.42553841834901346	0.20188821505231858	0.03119004973535526	0.03936255806067255
SC_RS05545	12.29769664120456	2.8190387652954936	0.6325743945657187	1.6147561943382602e-6	3.1285370932870023e-6
SC_RS05550	121.69811094985054	0.125697735213659	0.20259794170332557	0.5274609894574416	0.5604463020546361
SC_RS05555	47.290556443140446	1.417207771840397	0.3418466457076623	1.1551925865848294e-5	2.052129639478808e-5
SC_RS05560	88.42837528825488	0.47069089687346455	0.26684408447400704	0.0669368718788976	0.08090353929437648
SC_RS05565	47.841885591987044	-1.3459723244219737	0.341488174145651	3.2274887212779524e-5	5.4875494191154306e-5
SC_RS05570	33.928384167770844	0.1727238717273971	0.30202889576721187	0.550900991510918	0.5832510999858592
SC_RS05575	230.9229735253978	-1.980723438560692	0.22058118570466118	4.8063006499068566e-20	2.1350398188200699e-19
SC_RS05580	211.0825109565228	-0.20650601113915726	0.20692427802007887	0.3063734095223796	0.3386087412796803
SC_RS05585	117.31027347179555	0.7269970172905319	0.2157569260428263	5.590248629295471e-4	8.455896080497397e-4
SC_RS05590	148.67456651515553	1.2764780599544896	0.2264190667223453	7.419581446269318e-9	1.7873895323355097e-8
SC_RS05595	917.7046339354032	1.3576735792174521	0.22125082049688627	3.40346914533723e-10	9.096477520013315e-10
SC_RS05600	49.465303402963784	0.33704248394660535	0.3022250422528008	0.24390560299476527	0.27312982786384193
SC_RS05605	125.72492806500759	-0.19335065021815642	0.21669424224887976	0.36037579297255024	0.393457373020371
SC_RS05610	5089.993156200446	0.5364688151188167	0.2251203362398129	0.014631894890188546	0.0192121782265403
SC_RS05615	31.147093298222146	0.9720027445575561	0.35322196841274317	0.0034015413234137885	0.004781350689830971
SC_RS05620	43.541040340806404	0.6333350073788268	0.3082990996433166	0.03100076955317138	0.039137078357316515
SC_RS05625	173.6973600787554	-1.5160551989229085	0.19196697358343778	9.736918912068975e-16	3.5282574966877947e-15
SC_RS05630	186.34828664305803	-1.7590604647821455	0.23220612472129662	7.99981204467318e-15	2.770813246473463e-14
SC_RS05635	483.6723564120587	-1.8532011062212008	0.1931548775906853	1.8003186292065184e-22	8.951820345090267e-22
SC_RS05640	264.49779204520917	-0.9549588369279339	0.1667634062368226	6.0401062444642614e-9	1.464641349775714e-8
SC_RS05645	15.423247005583717	1.3346934707888625	0.6188948753088924	0.010715332224079301	0.014270337695568135
SC_RS05650	58.195981651421306	0.27059270274743713	0.27727078614754613	0.3105959797679816	0.34301853449290043
SC_RS05655	17.43489925916992	4.63896718025284	0.777635781618296	1.199170309655887e-9	3.0789282254187015e-9
SC_RS05660	29.978588021788344	3.5737548650141497	0.5064932990354167	2.89412528836439e-13	9.274784822424604e-13
SC_RS05665	55.88974495743667	-0.29706417159763154	0.26415583494119543	0.2438176203630316	0.2730727722595679
SC_RS05670	69.07524548722964	-1.558894786266474	0.26420667088160976	1.1692676610745917e-9	3.0063388189553837e-9
SC_RS05675	25.921613189689538	0.40827280034769775	0.3538198234196104	0.21996259570806317	0.24839267699100426
SC_RS05685	43.01383851630156	3.5029623486056836	0.4647106100892664	6.565073248664033e-15	2.2846083122061622e-14
SC_RS05690	36.184301154872315	3.305364601617001	0.42751245716433334	1.1949866766532905e-15	4.317408992474946e-15
SC_RS05695	78.93054390221654	-2.728243601544548	0.2629162634928184	5.479216278477494e-26	3.1491614058841027e-25
SC_RS05700	14.632330901416639	0.6628945807754043	0.4881894387848549	0.12445652146445049	0.14535039424752264
SC_RS05705	28.814463044535685	1.268963899213371	0.4403743781651583	0.0016389838699545542	0.002378639452282008
SC_RS05710	52.90465485843887	0.4614331307150871	0.35547688832737223	0.16691708962885257	0.1918102881289012
SC_RS05715	34.43866876403828	0.5403667491897716	0.30758383923398025	0.06564660885202486	0.07942216467183451
SC_RS05725	21.832153633897416	1.650313556308032	0.41916186245499015	2.3350289171471777e-5	4.0251658134342906e-5
SC_RS05730	32.61979139639524	0.44216859336797304	0.36773949246434	0.19743486293195425	0.22484705471200475
SC_RS05735	51.9280219295612	1.604930603312595	0.3616396838799012	2.9578269592161996e-6	5.592568204425707e-6
SC_RS05740	2536.44000243079	4.653329493407231	0.5654607645817237	1.3158062879340423e-17	5.2249626102453574e-17
SC_RS05745	96.96649603086523	1.764684374145358	0.24779704607359915	2.6670176606672507e-13	8.561858175777233e-13
SC_RS05750	643.352346890528	0.9049478463830728	0.1731991829835298	1.0916558089822178e-7	2.3627443309171921e-7
SC_RS05755	29.012715344560036	3.432662453262219	0.49905330572495477	7.92945718396525e-13	2.4828797144186736e-12
SC_RS05760	34.85683324074532	4.044176162484744	0.5785892649027489	2.917958268887855e-13	9.34710003248438e-13
SC_RS05765	967.3217902327706	1.3679666137345365	0.19943451007546342	2.667270218564722e-12	8.147659731440042e-12
SC_RS05770	78.40785836722226	1.0807054348355947	0.2446862265594058	5.172816018303653e-6	9.521803624306326e-6
SC_RS05775	225.2831551339001	-0.7650221728068253	0.1866744612461908	2.896685424748113e-5	4.9502105033818274e-5
SC_RS05780	60.909770867804255	-0.5768156619899122	0.26468208986024744	0.023567010401187846	0.030160210811933215
SC_RS05785	22.102696317591313	0.5291945894690127	0.38185641995497877	0.13570468152646809	0.15758839709861033
SC_RS05790	79.044513992710307	-0.36545840052516804	0.2375327357878444	0.11288772010586841	0.13282815510781454
SC_RS05795	113.17027221051364	3.8493890084648585	0.5113667276101005	2.0990063755537987e-14	7.122905206320161e-14
SC_RS05800	427.65777948140925	5.751785433825733	0.48197023505389575	1.1055709395472703e-32	8.59060074628195e-32
SC_RS05805	66.69530798208388	2.187374360976607	0.34584186872505457	6.094520854804056e-11	1.7153052207375996e-10
SC_RS05810	49.6052351996497	1.0208179884411999	0.2883534120695333	0.00022218927497274824	3.5031509806479486e-4
SC_RS05815	96.86802709350913	2.4568173637287014	0.2756381403493533	7.165440279384833e-20	3.1432454860311577e-19
SC_RS05820	49.287938605112295	2.0723586267891707	0.33174150427370025	9.63290606196979e-11	2.670415387254332e-10
SC_RS05825	42.60551168776517	1.180169922548589	0.29750058660915063	3.420015056332006e-5	5.804186657167368e-5
SC_RS05830	96.74071816582939	1.640749373752792	0.25498843978748403	3.9671159585028e-11	1.1325401888501606e-10
SC_RS05835	64.62575088018035	2.62843680603529	0.31984659300113616	3.359027301518399e-17	1.3070959008652597e-16
SC_RS05840	91.93207345267403	0.10130279956103652	0.22081019820525738	0.6390499684727455	0.6682295047529816
SC_RS05845	67.31581976660561	0.314351289227234	0.2461449818444322	0.18902504016872862	0.2157694498768119
SC_RS05850	34.34707651826994	2.0159773135100627	0.35350351917680073	2.7311587748911847e-9	6.8269711206941e-9
SC_RS05860	18.682603846871487	3.5753974149711056	0.6271720147229769	2.865099577119193e-9	7.1569255696737574e-09
SC_RS05865	31.855801654430845	2.2167669430190666	0.3994306986740753	5.9885494792611934e-9	1.4526172322392119e-8
SC_RS05870	142.4819790589182	0.7899154811407035	0.2362407635711544	5.672586083173381e-4	8.571649544532892e-4
SC_RS05875	16.38663415334952	4.340776629678099	0.7679822152320738	4.3727307778123184e-9	1.0751756170586206e-8
SC_RS05885	20.862150357834416	1.7361804162774246	0.5222069793423311	2.2647519754441747e-4	3.5661501317372075e-4
SC_RS05890	28.85448893418652	2.214252371099008	0.4095669553417754	1.159625363070382e-8	2.7557452231005467e-8
SC_RS05895	17.699189008347428	0.13351998425736877	0.4198947097621501	0.729157457069277	0.7524219267322766
SC_RS05900	144.87888625011817	-0.5765317554842264	0.20721191335971598	0.004389895614132977	0.006091661697142749
SC_RS05905	28.533039160185396	-0.6801094506414235	0.3427000639583235	0.03476598128216777	0.04361421333356671
SC_RS05910	81.55856848808138	-0.49255068397286217	0.22650315331520554	0.02558263295669197	0.0326095653280288
SC_RS05915	414.65748415837044	0.6109612925537393	0.20292820438922005	0.0020888518859331234	0.003000817028418245
SC_RS05920	368.925025912003	2.0139380618961	0.2603861950413613	2.15017597124628e-15	7.655913863819445e-15
SC_RS05925	5107.554819878747	5.462780941874629	0.25898301184651035	5.994142855638177e-100	3.68340078478966e-98
SC_RS05930	68.43161856447516	-0.14262503496933662	0.2533897758099823	0.5594028392533521	0.5913183108735979
SC_RS05935	67.46353853533667	0.29393313045252256	0.2617572198071941	0.24656734865712918	0.27581729808823885
SC_RS05940	81.53386594568103	-1.0569689784642384	0.23113752917173241	2.5583706058905937e-6	4.862222898927123e-6
SC_RS05945	244.0453195612423	0.14563017788140228	0.19347911948009552	0.4438988838750047	0.47764634024431407
SC_RS05950	330.59578369090366	-0.6322941003885492	0.19660510581117488	0.0010065534603859653	0.001487439923223669
SC_RS05955	454.0598518711208	-1.9728463094004862	0.2292915529404836	1.469834115237231e-18	6.072020597064057e-18
SC_RS05960	42.18557823757895	0.17590313061186635	0.307764288217619	0.5506059596781296	0.5831061822011385
SC_RS05965	8.272328889579816	0.34226159957466307	0.5218306202898659	0.4489857701239588	0.4826973420169226
SC_RS05970	19.344134204432116	1.731280653768129	0.43655619856526484	2.052640022996527e-5	3.559775994726339e-5
SC_RS05975	11.46192252599062	3.2064088036034097	0.7486495605644043	2.5799423591336843e-6	4.901956958580724e-6
SC_RS05980	12.068548502398492	2.265582774035984	0.6741634160787068	1.3898729265692523e-4	2.2323944588372176e-4
SC_RS05985	18.671259235615096	1.7791544048330177	0.5459571822390293	2.7229677884602494e-4	4.25857146810305e-4
SC_RS05990	17.55823765409024	1.6847374466683072	0.621387565238396	0.0016800540558850458	0.002434411202219754
SC_RS05995	39.27232851163981	0.6800089639696651	0.31965668246700535	0.025210689434181435	0.032157693113242326
SC_RS06000	25.31074029602121	1.1869056313057613	0.3923023145269578	0.0011400035207369597	0.0016749125247886713
SC_RS06005	27.657317729069756	0.5950853278798739	0.3427413579036194	0.0655493818443923	0.07934358859496861
SC_RS06010	46.66821222751528	0.4564670046976081	0.27078609016375954	0.080881758518244945	0.09712132996475137
SC_RS06015	12.869842019366807	1.267654529657768	0.5870695874306225	0.011229533274779884	0.014914729533182071
SC_RS06020	27.98373329739955	1.149523799810042	0.3570920915596427	6.097229969860852e-4	9.183205432547778e-4
SC_RS06025	30.45504497089652	0.8722046957661337	0.3396915263821365	0.006551667938441125	0.008930129275058199
SC_RS06030	127.31409869730747	0.6978747479091458	0.25065043874487963	0.003947057464671114	0.00550720941239069
SC_RS06035	84.42192249113195	-0.5611132407354466	0.22652391777207842	0.01084654403675592	0.014424432339193915
SC_RS06040	44.24096713031346	-0.3672042276587308	0.28499741772382986	0.17928020342488468	0.20537707317929155
SC_RS06045	62.03368146902139	-1.1500230272906307	0.2669578333353631	8.30271158514305e-6	1.496924088724813e-5
SC_RS06050	73.70723331810028	-1.2972733049111234	0.2604694346724795	2.635513318886191e-7	5.4992289794756e-7
SC_RS06055	56.5808617062059	-0.7853076492206057	0.24894207416599157	0.0010980905497732078	0.0016165541453439078
SC_RS06060	37.35759058494816	-0.5618267496995248	0.3108470463857465	0.05683519550761087	0.06939935944247766
SC_RS06065	15.693940659838708	0.9210348977310965	0.442061467246566	0.021231076558786952	0.02731773836058192
SC_RS06070	30.36597344917233	2.6218990803980207	0.5135795113211398	4.73856450622352e-8	1.0643367246083532e-7
SC_RS06075	21.96132460324064	2.3001840774162337	0.5064210655705481	1.0921022353740055e-6	2.1561343731319725e-6
SC_RS06080	12.488307511613275	4.290106529156881	0.8625695105384347	1.787124434932323e-7	3.7988629527791723e-7
SC_RS06085	13.841505450278214	6.010039559809794	1.321675542155895	2.3724112681089e-7	4.979835095654719e-7
SC_RS06090	16.611638448272284	3.8536500919281718	0.6544285932892726	9.524255003316438e-10	2.4651406245860096e-9
SC_RS06095	25.749997055704235	1.8832256001827952	0.41712601460781934	1.662477378358932e-6	3.214239168332135e-6
SC_RS06100	61.706668849646476	4.067510793347571	0.44270379709943875	8.181389220161476e-21	3.784790722049606e-20
SC_RS06105	16.27838018003849	1.4033961781530708	0.4950779882661414	0.0016657112411399575	0.0024160021031011105
SC_RS06110	23.676935838948204	-0.07390432554441408	0.4104060821390326	0.8420376402402112	0.8580964012066498
SC_RS06120	92.045554374717085	-0.03301806620148909	0.2624349197031552	0.8952206250782001	0.9059087264068406
SC_RS06125	91.02251378102306	-1.0066008121898804	0.23706893431011228	1.2434433926614299e-5	2.1983101360549947e-5
SC_RS06130	36.71320442829361	0.3544771619572139	0.34238600687603576	0.2725673099321875	0.30310833108730967
SC_RS06135	29.824775935781858	2.444143965743754	0.4213570558719666	1.0294119616383674e-9	2.6578724807847764e-9
SC_RS06140	19.931763408813044	3.366572831331219	0.5961547182592822	2.5885811005196958e-9	6.4859656932491465e-9
SC_RS06145	10.578386605473202	1.4124177524973371	0.5873153681929203	0.005085251682782938	0.0070038561652673486
SC_RS06160	186.58837254667748	-1.7592515745352564	0.19079284009941022	7.876718601062863e-21	3.648424809311404e-20
SC_RS06165	53.77969805017403	0.8157100714481049	0.2782867760196832	0.002278521746877678	0.0032593248033901067
SC_RS06170	126.13544855702214	0.1873063304490948	0.19394770075212414	0.3257759179714362	0.35817379143005373
SC_RS06175	11.438985896922759	0.46034976547649087	0.4680943509876129	0.2708469906866158	0.3014680315959403
SC_RS06180	25.047250475686095	0.6961657710784246	0.37630618868588056	0.04687981032236373	0.05791451186414979
SC_RS06185	225.3678261066717	-0.8992540969444599	0.19473086834965272	2.37490894829471e-6	4.522876700600514e-6
SC_RS06190	177.12049542305328	-0.8576296342152592	0.2062430421084303	2.0645531035765298e-5	3.577911771039561e-5
SC_RS06195	11.752503903242493	0.798460041410057	0.5365173945232783	0.08449572112633458	0.10124657906818187
SC_RS06200	143.05462197335365	-1.1575995481677448	0.24536849631491703	1.16982229112313e-6	2.300338553264523e-6
SC_RS06205	83.1944300433002	-0.993667359253715	0.23459124694849506	1.2460715726921705e-5	2.2024285179846752e-5
SC_RS06210	34.92527179915653	-0.7503139534350506	0.4081859267559515	0.04448702975855391	0.05506922233331821
SC_RS06215	294.74782298585023	-0.6714179769685493	0.20101633856762913	6.311002616070885e-4	9.493540043024625e-4
SC_RS06220	116.98709055900983	0.1637259824921194	0.22323169592171518	0.4521958255854365	0.48586507618636293
SC_RS06225	70.59641709992752	3.2808766101129367	0.38067526591725576	1.0935861535478557e-18	4.53549173018104e-18
SC_RS06230	1156.1968441843153	3.447989560975467	0.2376402807118326	1.0027319352774073e-48	1.515193707117951e-47
SC_RS06235	296.437349082628	3.3446407008101975	0.27787842102252414	2.416724818035942e-34	1.9911652299661493e-33
SC_RS06240	713.6783797833084	4.480991607996117	0.2564050684096739	1.787063190552014e-69	4.880668135974278e-68
SC_RS06245	2421.206251095689	4.248342574374711	0.2619116608544314	3.276245653843888e-60	7.105598662189655e-59
SC_RS06250	177.58806782067225	5.191516270187578	0.7193111265301272	4.1254870153706627e-14	1.3805356654940767e-13
SC_RS06255	688.4789771923251	2.911963492351817	0.3053743202943434	1.8284074066132144e-22	9.073133389209854e-22
SC_RS06260	222.9374166881182	6.9599963778571565	0.5274278909865098	1.2862311495629736e-39	1.3339899433020208e-38
SC_RS06265	782.55118747676	7.7599609125314215	0.3975199521352927	6.874055011462636e-85	2.8800728212798565e-83
SC_RS06270	20.17436920139137	0.6554854868228551	0.4234359984709534	0.08937098337134337	0.10675872855666386
SC_RS06275	43.09591711596151	0.19728655615797575	0.301291416764611	0.49363234674017165	0.5268555398555544
SC_RS06280	127.15694010408932	-1.7970786352118417	0.24057595940571969	1.806301682904317e-14	6.152271875166945e-14
SC_RS06285	458.0004037889527	-2.3397887459791358	0.1630609632924626	1.8690188525600943e-47	2.6970929586649972e-46
SC_RS06290	459.1130487462511	-2.7261451644540435	0.17978517350685366	8.248502261246501e-53	1.407973510982215e-51
SC_RS06295	40.734959333745806	0.400947861885273	0.3287811439227199	0.19704719829556996	0.22447490193596986
SC_RS06300	17.517268640087757	1.183037068078732	0.5012965406473818	0.008213988447889512	0.011071093184927302
SC_RS06305	5.663354822679905	4.871846613384328	1.426232839006703	4.0734103534044944e-5	6.843774879472486e-5
SC_RS06310	556.2178682913741	0.47447090279520476	0.17401532524376592	0.005596637613464728	0.007679494931464254
SC_RS06315	70.7840888715952	1.143814062336254	0.27104414512490954	1.202669027041636e-5	2.131334151743577e-5
SC_RS06320	10.230287108183436	1.3503011889775183	0.6149000487335491	0.009976161386990158	0.013314789876500529
SC_RS06335	15.470331234617626	1.4623046603825682	0.5271799122845593	0.00183552092360578	0.00265082868990776
SC_RS06340	180.2763009205094	1.4539081713197082	0.24801950172937196	1.6710865590825215e-9	4.2447786037459576e-9
SC_RS06345	16.13431045759003	2.0421350258447006	0.5328257942743281	3.092790668057356e-5	5.270681392709716e-5
SC_RS06350	137.38219915064272	0.6762491213085909	0.23259016046220546	0.0027597353503284825	0.0039248386640930045
SC_RS06355	449.4968281519128	0.20256931206283432	0.1937065679433062	0.2875851430863139	0.3188951646794705
SC_RS06360	1058.073347507078	1.2658819512792927	0.23181331922625564	2.01606131323652e-8	4.701592702025964e-8
SC_RS06365	147.66270227006555	1.0745874969616793	0.2238304369651088	8.656863268890946e-7	1.7220315550256767e-6
SC_RS06370	93.69363922417199	1.5945404853786234	0.2880410175521604	9.080884900179604e-9	2.1712855140701815e-8
SC_RS06375	3530.747382882019	1.0454470654492738	0.2631391554358152	3.799137461855509e-5	6.41365376458849e-5
SC_RS06380	56.098850257470716	0.22733759091977243	0.2587031960512018	0.3645562863806466	0.3977271868280645
SC_RS06385	23.381122503162263	0.9019062740558937	0.38265630942592943	0.011061067479197393	0.01469892081304768
SC_RS06395	36.34490459818599	1.3582401922840812	0.32874371630114674	1.410171786925639e-5	2.4805836728982972e-5
SC_RS06400	19.63434248101872	3.2957004640213485	0.5587494447274512	6.138987144938981e-10	1.6127143287060934e-9
SC_RS06405	14.288450877256597	2.977837600765031	0.6644635849674599	1.0316981826395763e-6	2.0423469526937547e-6
SC_RS06410	14.484977905547185	5.538182738918127	1.068934175736348	1.5374316858284962e-7	3.28514090156457e-7
SC_RS06415	13.367194594185587	3.6740190842233162	0.719070520460543	6.573698727346162e-8	1.4513309705224728e-7
SC_RS06425	6.32901468183582	3.339906602704487	0.9936901119290911	1.645615781588366e-4	2.629989331043045e-4
SC_RS06430	21.784333895935234	1.956663306729379	0.44897967808750044	3.043552814001407e-6	5.749117375339759e-6
SC_RS06435	74.94333302916682	0.315309772480148	0.2596833689569281	0.21035684222810727	0.23842166532278866
SC_RS06440	15.224432382659453	2.3615062349151956	0.569173092734255	6.46074743647583e-6	1.1792463266478408e-5
SC_RS06445	27.26318693796181	0.8596886585220367	0.41639052346968614	0.024038076933929866	0.03073106437427164
SC_RS06450	287.57076161390916	-2.102314328581398	0.18428057146564536	6.8710884763475455e-31	4.919165672289981e-30
SC_RS06455	370.32388741405657	-1.9135939498400272	0.20714354415699407	5.115588530805624e-21	2.3905164655361642e-20
SC_RS06475	19.473246533569135	0.8644113811927144	0.43199159842754714	0.027661238130739795	0.03508927747739124
SC_RS06480	110.88480151835415	0.9376833316711736	0.26351100952483314	2.1570855048520506e-4	3.405341150241709e-4
SC_RS06485	95.6729805583073	-0.26587406720137113	0.2158722181601116	0.2070393613930612	0.2349866478239854
SC_RS06490	150.0371079803262	-0.19615178141565967	0.2252371605085636	0.37045911265053416	0.40380864696009444
SC_RS06495	126.08351400211183	-0.7689324224222659	0.20992109812242116	1.7354180923765698e-4	2.765717098159677e-4
SC_RS06500	831.7658510826976	2.3640829032566604	0.21629590599215642	1.304594229938517e-28	8.490801281170896e-28
SC_RS06505	968.283943925999	2.5840239008246204	0.21490247884114924	3.488889533420837e-34	2.8585634910494726e-33
SC_RS06510	463.0807956993606	2.5308509875550462	0.24413478944150788	4.9227203505077346e-26	2.835948426925315e-25
SC_RS06515	606.2010180916993	2.6550089244364696	0.22349480536383795	1.884127107736862e-33	1.5068929818277246e-32
SC_RS06520	34.93827484581071	1.3231014790948201	0.42707317951211043	7.501630065105234e-4	0.0011215940815102595
SC_RS06525	28.05971489532064	2.55154237492811	0.4276858267330631	4.0249208569108464e-10	1.0695411314904714e-9
SC_RS06530	63.93319360129255	0.7634854474156003	0.2673644704080183	0.0029970998479181897	0.0042509356181090075
SC_RS06535	191.9739828522172	1.8963684982712554	0.28265424084676305	4.494611581054549e-12	1.354444863044391e-11
SC_RS06540	189.48260196413557	-1.0425816206006429	0.23098807432878374	3.471738001167248e-6	6.507523136910851e-6
SC_RS06545	1756.1349702029574	6.305358199713814	0.3695008309598379	3.8311000110879524e-66	9.809212320056446e-65
SC_RS06550	777.7927327246342	5.46279833935908	0.4049975958577334	4.6883523567208624e-42	5.335171339268463e-41
SC_RS06555	1024.1265932550627	3.121675765412168	0.2537567463271339	1.2001090278730228e-35	1.057300355022183e-34
SC_RS06560	393.86825152348604	-0.22815927181066806	0.24847601537792047	0.34174720873652986	0.37461630997817325
SC_RS06565	1101.9824970051297	-0.09728341758866743	0.2792075889811949	0.7145934658004935	0.7384265998896916
SC_RS06570	823.8284462908358	0.24587370055116614	0.29449210130407677	0.38472912264900355	0.41825041285769604
SC_RS06575	40.14220135257577	0.08253689810025734	0.29376721083242496	0.7734003173460189	0.7944078479049371
SC_RS06580	35.28337859061955	2.804527246409862	0.4838330250178243	1.0242356497728322e-9	2.6454338638966252e-9
SC_RS06585	211.24110527735587	0.15203157221565006	0.20269320634628846	0.44461830058208845	0.4783506490359382
SC_RS06590	1532.937774839848	1.315868058643467	0.19025898295509686	1.911364791113639e-12	5.877566292607162e-12
SC_RS06595	224.2024510027839	1.4353663636891776	0.21135574609009267	4.0911010553007095e-12	1.2353717928659883e-11
SC_RS06600	126.1514636947207	4.319200208299549	0.3572954950888733	1.1761254425271757e-34	9.911713157937592e-34
SC_RS06605	30.465751877643154	5.4304895645212445	1.2751631316692356	1.3208399165669027e-6	2.581466616688137e-6
SC_RS06610	111.33298226694332	4.216413767940622	0.5759068079577698	1.4511065150582452e-13	4.745214830172727e-13
SC_RS06615	21.389331768174387	5.404072941705667	1.273242305091447	1.4118720544513233e-6	2.7520868436489713e-6
SC_RS06620	11.043320925490399	2.3745405385643963	0.6572896943227015	6.437465448754718e-5	1.0612752836773553e-4
SC_RS06625	31.240043503679924	1.3062822389233795	0.3980635441166952	4.306115386385409e-4	6.583722757455112e-4
SC_RS06630	11.569241237246565	4.636223396810489	0.9508711656275791	3.2518167812397577e-7	6.724312098951759e-7
SC_RS06635	94.23445626206865	-0.4645359955457467	0.25667634292899016	0.06071584529989628	0.07385658911933934
SC_RS06640	94.55571817152935	0.24010818376545745	0.21796741165411188	0.2595971792529255	0.2895582513706055
SC_RS06645	32.48429948797956	0.5543828608270643	0.40291183180394297	0.13445191236474074	0.15633019503797865
SC_RS06650	21.111257886955208	0.48250135006378114	0.39784019966585304	0.18828201666520372	0.2150211539243011
SC_RS06655	14.657412652221645	3.244663419842197	0.636948449942572	6.495390794263999e-8	1.435331486871523e-7
SC_RS06660	12.579843501519173	2.573111497068956	0.6299307451569462	7.639963830603891e-6	1.385565501398748e-5
SC_RS06665	431.5044409477713	3.402634647108079	0.25784168503278515	9.79776862675403e-41	1.0640463306875437e-39
SC_RS06670	83.51825432357364	3.82526997721375	0.37267406930042035	2.3700144473661913e-25	1.317985409870158e-24
SC_RS06675	79.17640017218429	1.1988689826176098	0.2728655395794331	4.932399920238483e-6	9.097427966943115e-6
SC_RS06680	48.38293469988869	1.6852103702794212	0.3751043309936438	1.9590176937920397e-6	3.7609467518933874e-6
SC_RS06685	19.08977106204237	3.9689554272978627	0.7064258724058462	3.491749190553488e-9	8.651934990302897e-9
SC_RS06690	85.38303110214959	2.4419498065216447	0.2755086172857491	1.4571266219193589e-19	6.294582138273786e-19
SC_RS06695	16.711892184144656	4.529979724517884	0.8045770151952006	3.765418975932173e-9	9.30502665165008e-9
SC_RS06705	11.510962478623952	3.410008115801122	0.7387927861185191	6.434142291522047e-7	1.2941998160852041e-06
SC_RS06710	16.817880430171456	3.9198064977190072	0.6476534745956474	2.836670806506771e-10	7.623035906407044e-10
SC_RS06715	44.29257838676826	-0.5869761344605022	0.2835103262062101	0.030791414337444242	0.038891310206014024
SC_RS06720	10.644147863069655	0.21232622753949512	0.5253026810060248	0.6417035096318267	0.6707188773954769
SC_RS06725	52.391346751587356	0.5561670983129283	0.26341543856558686	0.028632846825649358	0.03625942168853484
SC_RS06730	109.43545526969528	4.0270952875772545	0.3331528861386213	1.6834660459641433e-34	1.4026981494846999e-33
SC_RS06735	593.3357765613507	4.86798397437338	0.3273394114588641	1.4013947620855097e-50	2.2175718831799462e-49
SC_RS06740	240.19056670498023	-1.7901346924761556	0.19173405811135574	2.4034347873276182e-21	1.1339045503361392e-20
SC_RS06745	105.6583117139673	4.4350468907085965	0.39936464785915626	3.4001782400335693e-29	2.264942578320464e-28
SC_RS06750	32.31833446583256	3.3057323113487955	0.4774380834832836	7.420811213654813e-13	2.328555825084706e-12
SC_RS06755	35.216304824550676	3.739134228197206	0.5144060349846843	4.769581246089323e-14	1.5900041640444245e-13
SC_RS06760	48.440810810058466	3.276471798353118	0.370450646844476	1.955759632586111e-19	8.399401007973199e-19
SC_RS06765	41.620274005115974	1.8525750693079348	0.3604059662446908	7.33230633027794e-8	1.612538827302998e-7
SC_RS06770	13.932136381736468	2.5537199457408266	0.5943998398935596	3.2446792474060623e-6	6.112995597948979e-6
SC_RS06775	7.014632185204771	2.530426683275867	0.8351904908147698	4.316172855658451e-4	6.59773189005502e-4
SC_RS06780	12.950415095489488	2.2827298658998716	0.6162802472656582	3.797008911954082e-5	6.412254013747838e-5
SC_RS06785	17.096723500908226	2.0167369938368296	0.4936233785252488	1.008555870762618e-5	1.8007484239718025e-5
SC_RS06790	17.634984072497055	1.5353623344295741	0.46114916372658776	2.913702000133029e-4	4.540498425397497e-4
SC_RS06795	13.902258996136366	2.3109212008123605	0.6202517791341863	3.330274958808547e-5	5.6570945741198404e-5
SC_RS06800	16.581438399968672	3.6034772076880555	0.6618870775502399	1.3387562593207431e-8	3.165113387698352e-8
SC_RS06805	20.52035481713004	2.737458765599328	0.535015743125286	6.224532837859813e-8	1.3791978709849238e-7
SC_RS06810	377.07025293589555	-0.6556011568808064	0.1813842717739947	2.2979236807026758e-4	3.617610850021676e-4
SC_RS06815	26.140905761591288	-0.13209187862098118	0.3257266409669354	0.667170969493784	0.6945989048659401
SC_RS06820	2045.709972573074	4.314605527209374	0.22051242343101812	1.908136077952747e-86	8.325796117647074e-85
SC_RS06825	315.6262683547357	3.6918901792115433	0.2372642604350251	2.5724540389619125e-55	4.7781551847116225e-54
SC_RS06830	776.2081766506625	1.0346540942225955	0.22097882351700016	1.549715970287886e-6	3.0142790645969286e-6
SC_RS06835	296.2319403461439	-1.35219014350909	0.18044456112030519	2.3838863593850522e-14	8.059962409035018e-14
SC_RS06840	153.74913331780135	-1.1642735181674586	0.22041963435269177	5.7962263607760156e-8	1.288555115597297e-7
SC_RS06845	120.75037731834716	-0.6716881519977442	0.247445143948197	0.004922760639852405	0.006790205192344115
SC_RS06860	14.229001740229657	0.269749559759503	0.49289598914630217	0.5367489629092458	0.5695764645981837
SC_RS06865	54.96832465420909	0.7554122041348242	0.30684341911287927	0.009889380472334989	0.013206137559398442
SC_RS06870	24.15641349753437	1.7758749280436354	0.5087526708344287	1.2446918483940278e-4	2.0048837243463437e-4
SC_RS06875	20.599947665317	3.05213603307405	0.5726985592165527	1.4621859859983184e-8	3.446981924792711e-8
SC_RS06880	12.811535877730524	3.596868616818133	0.7281858287117126	1.747387247568186e-7	3.717609222033411e-7
SC_RS06885	1192.4755023543667	0.3978041031785137	0.17500226077080944	0.020705087816417615	0.026678196323303077
SC_RS06890	295.79181948471916	0.4982336102423304	0.21958328737845947	0.02001696553872373	0.025818629330514042
SC_RS06895	216.9929217884328	0.351640921013133	0.20590994146448707	0.0811314636406301	0.09740530981537063
SC_RS06900	153.24281038997367	1.0003561208308724	0.2379006535023838	1.4329674179821715e-5	2.5194806247497695e-5
SC_RS06905	139.72138410128358	-0.253253857143912	0.22612897007894553	0.24946438184980024	0.2788887737659835
SC_RS06910	325.1196304380361	1.5288697772161441	0.20818734639602332	6.969376760074691e-14	2.3097610889344166e-13
SC_RS06915	2402.583635815836	6.8952427646619014	0.2312958303893532	2.4180490279648843e-196	1.4858911276844215e-193
SC_RS06920	978.1157324467167	7.019985465219278	0.3912730285332967	8.1643748123001e-72	2.3517226510117555e-70
SC_RS06925	1550.7715146402106	6.637902061932004	0.3026724190690838	3.07348008441118e-107	2.200373023538645e-105
SC_RS06930	858.3421816993294	6.236556389886394	0.33850223525036266	2.5741763957097526e-76	8.217305948902041e-75
SC_RS06935	789.9981167056868	5.497482603503692	0.3069165939651137	9.503837372137672e-73	2.8032518712857274e-71
SC_RS06940	810.897539369855	-0.2603815553179575	0.18523746373057234	0.15186028528181317	0.17557506172281126
SC_RS06945	394.19292717191405	-0.6520697790007919	0.1608205515040422	3.9066869687491654e-5	6.584665076012879e-5
SC_RS06950	192.29582666831186	0.18135231845243202	0.19900600541371635	0.35324904755948616	0.3862482913261642
SC_RS06955	9341.328907539164	3.4698334529867503	0.2434618613200841	5.147732530049492e-47	7.189276453898665e-46
SC_RS06960	121.6471136199088	-1.2350475182010623	0.22228191718753598	1.2647125071445437e-8	2.994858711523399e-8
SC_RS06965	9.619995741842438	0.9200685118576122	0.5765265013008666	0.05950040536266128	0.07243783872284369
SC_RS06970	29.442523441773005	-0.02987904226757715	0.3325179425901594	0.9229205378243763	0.9306189041319501
SC_RS06975	103.62773170706446	0.18562737176336339	0.23525701329622106	0.4175358374136637	0.4513206193327992
SC_RS06980	17.949954962494942	1.4803195073227113	0.4866441955990051	7.7582112601743e-4	0.0011578435505469598
SC_RS06995	22.174940039943536	2.3744932956099425	0.533364205036111	1.591109401193584e-6	3.0867773544860534e-6
SC_RS07000	216.13347473910852	-1.1975473018234468	0.21799934331267223	1.728375712683483e-8	4.0473301064871396e-8
SC_RS07005	10.092655769102244	1.1008047061880282	0.578489867182706	0.02557181125914657	0.032601406677895364
SC_RS07010	18.061971171977266	3.1146169354022857	0.6096275559514669	4.6348851225982596e-8	1.0429552302117659e-7
SC_RS07015	69.2831106753521	1.6246421828106865	0.28087355094793565	2.2225781122051072e-9	5.593614675563297e-9
SC_RS07020	126.21801334960143	0.18182801857614975	0.23419902349748858	0.42601860773052014	0.4598157513765889
SC_RS07025	441.4562072442949	0.9724448040072323	0.2260199363690049	9.613337207973986e-6	1.719765855691416e-5
SC_RS07030	206.90929565851684	-0.889577742839407	0.18268883194962343	6.960847787742956e-7	1.3948177061634933e-6
SC_RS07035	67.35419287636232	0.2918419648863458	0.24673435961328471	0.22372974462484066	0.25233758593814243
SC_RS07040	186.175323382923	0.8588835745856935	0.23819626538147487	1.9967139945709802e-4	3.1636804890344664e-4
SC_RS07045	191.65006564560932	-0.7622923925314896	0.21777654514192835	3.2001650420117957e-4	4.971143252537388e-4
SC_RS07050	184.20395974511615	1.9603382036195238	0.23094058654345273	4.55951645717662e-18	1.845327900945137e-17
SC_RS07055	289.3895758161828	0.3656179507877271	0.18443022790383212	0.043783130241012366	0.05424341438125423
SC_RS07060	300.07678729442273	0.08652941598275604	0.20711435805099512	0.6702430034434917	0.697385622603684
SC_RS07065	338.49399071180227	0.1968118128271413	0.20544076053501248	0.3285300916384003	0.36098657364648545
SC_RS07070	865.2547508181983	1.8298333980056343	0.21088821895017623	1.0067699763832967e-18	4.182491158225595e-18
SC_RS07075	1215.563531142324	-0.19920279970415664	0.16804942832483602	0.23144750276031367	0.260047826505341
SC_RS07080	200.6555987914672	1.8484466423451158	0.21112837365322656	4.653007640417511e-19	1.958406297970247e-18
SC_RS07085	491.94317392348944	-1.5089467379615011	0.16850296061653144	1.157598111516416e-19	5.027166357080125e-19
SC_RS07090	46.44031030804368	0.3048546593098105	0.265548828779505	0.23529914127679974	0.26401337002056013
SC_RS07095	97.7838792184946	-1.4497168295025271	0.239040596325908	4.845110148440379e-10	1.2814864503084418e-9
SC_RS07100	308.24403409894626	5.005517238749293	0.27627250722331237	2.9954691341169867e-74	9.165389790447577e-73
SC_RS07105	200.9899865902489	5.883659717843345	0.39402858611772595	5.811545235854345e-51	9.336456333156849e-50
SC_RS07110	45.47052057614633	4.788284951113768	0.5263897763344512	3.284895275589891e-20	1.4680495613454458e-19
SC_RS07115	11.488548517111404	5.130676975121212	1.0495002196418797	7.444405031647953e-7	1.4892849349802497e-6
SC_RS07120	6.31441795949279	2.8241686914070034	0.8900908634653208	2.3737119993293726e-4	3.732143343934924e-4
SC_RS07125	59.90945761606093	1.3634050528133277	0.3009313074819966	2.16496198008778e-6	4.135862601338676e-6
SC_RS07130	39.675324686226844	0.49284735437659116	0.29452200040096715	0.07974985485437959	0.09586827853278754
SC_RS07135	54.65302357617881	0.6308761991710126	0.2676109987935606	0.014388211190518531	0.018912418773419544
SC_RS07140	8.726936834166274	0.4512401461007363	0.5331824119525218	0.32273894011927695	0.3552415564573093
SC_RS07145	121.15842180975399	-0.6633676781106319	0.2203486657993624	0.0019632243893235647	0.002829160962843847
SC_RS07150	349.1146321153341	-0.1524412061126222	0.16778741861903693	0.35600026012837294	0.3890257732938088
SC_RS07155	15.67022031620008	1.0292262529731087	0.5165904153579687	0.023132307803619925	0.02965220228198578
SC_RS07160	325.66836527644136	-2.5010795320438888	0.17583783595933178	8.700828922139922e-47	1.199250700408594e-45
SC_RS07165	15.77523369701117	-0.6352327944738991	0.42981634467365293	0.10311181757423904	0.12212440456030176
SC_RS07170	88.39403726346245	-0.7257275492901347	0.2289226709442115	0.0010992562832743968	0.0016179472720290224
SC_RS07175	20.624397191336413	1.4372675810818025	0.45932119165884727	6.087182523637875e-4	9.1699456443934e-4
SC_RS07185	37.036146492372175	3.243718940097233	0.47027259829113255	7.171923994494028e-13	2.2523751079812167e-12
SC_RS07190	127.26821062436024	3.7903820545310896	0.46593733211618893	1.0211313743548763e-16	3.8634288119511846e-16
SC_RS07195	1083.4143130188272	7.536483020692656	0.5319467908219486	1.0592939935025732e-45	1.4150786065376766e-44
SC_RS07200	16.143181021395883	2.9805223924394855	0.5884368901876211	5.8759376072592276e-8	1.3047023160472612e-7
SC_RS07205	30.460087193076877	2.1785761016413705	0.43818670998026094	1.6133036156532606e-7	3.440283650036768e-7
SC_RS07210	27.43046286270906	2.1015213585203067	0.4483453774940223	5.688047538264797e-7	1.1513495071963935e-6
SC_RS07215	9.372650156199088	3.667213510345267	0.8429889933562467	2.6685667179428476e-6	5.0651250908907485e-6
SC_RS07225	186.01835358975683	0.19501994068589765	0.21060004467802818	0.34387986575285157	0.3768420463756171
SC_RS07230	90.58951337182275	-1.1851390183278387	0.3186400370879284	9.317678550129917e-5	1.5150730237851822e-4
SC_RS07235	26.017260849784677	0.6202070960095896	0.3997988757063193	0.09215629845815089	0.10981909257117076
SC_RS07240	13.295003190139367	1.3067737730716553	0.531685389655145	0.0051867779143892545	0.007137021896007905
SC_RS07245	9.977494965242883	1.1401259931950132	0.5859721711218137	0.022108182888711393	0.02839674980340669
SC_RS07250	32.984562068641395	0.21393930193691388	0.3369729234514471	0.5036884084063515	0.5368114356971291
SC_RS07255	65.19174724819588	-0.19411515033133594	0.27527337546028535	0.4629315575941116	0.4963153977462894
SC_RS07260	22.56758188727047	2.7826399959163717	0.5541480950277778	7.592930427475052e-8	1.6683631994100428e-7
SC_RS07265	26.97300649851537	3.0660328342929164	0.49772291343697767	1.0928875581494513e-10	3.0183344021700577e-10
SC_RS07275	10.648678624275725	2.3920563853232597	0.6647669816564132	5.8718350747457875e-5	9.712631637769278e-5
SC_RS07280	15.967063210250545	2.1925689802983	0.5650121357458178	1.941048388071151e-5	3.370212105871596e-5
SC_RS07285	28.45562645827801	0.3670663983617049	0.3613051548574801	0.2786179399532093	0.3092306877204945
SC_RS07290	63.81394108075069	-0.44478700222920603	0.28729597719866595	0.10563461393973317	0.12479167625626279
SC_RS07295	113.599519653794	0.5962298104896819	0.2305069682307946	0.007729993889402754	0.010447392767678868
SC_RS07300	25.126465373377595	1.4404947404836528	0.3818058962491687	5.6404181113682805e-5	9.350819054233297e-5
SC_RS07305	41.616453177918224	1.7718991886588795	0.36856749612643885	4.037851325616231e-7	8.286979035651012e-7
SC_RS07310	41.46399623032509	1.1693772573508867	0.3203172331182611	1.2053256706503174e-4	1.9423233162970804e-4
SC_RS07315	135.57231268056447	0.1775888193538409	0.19768962072398535	0.36058858313758646	0.3935731515773479
SC_RS07320	599.3205554555788	-1.7846484904469164	0.16090800501687252	3.2836555494617676e-29	2.1893016294512727e-28
SC_RS07325	1145.5212823958088	-2.1629950417329007	0.17068913323502025	1.3644489269954692e-37	1.3083805445597646e-36
SC_RS07330	122.2846629927166	-1.2709193079883103	0.20830044743839102	4.491856275662791e-10	1.190188579832462e-9
SC_RS07340	47.34597971939001	-1.1586859781966956	0.3160980897884421	1.1856445003862565e-4	1.9118614795207207e-4
SC_RS07345	136.31319931722794	0.040972696422953835	0.1953137553324478	0.8317712942122408	0.8488072963632805
SC_RS07350	80.53404393772074	-0.42419908121469274	0.23201051271182688	0.0595206457640699	0.07245051863061265
SC_RS07355	69.93554327151092	-0.12705420026412073	0.2490181530344111	0.5979414241453425	0.6285417051529231
SC_RS07360	1427.5230986154322	-0.8343697762328222	0.20922427588003012	4.3696603497453654e-5	7.31318098479853e-5
SC_RS07365	2055.8831745871007	-0.703416385812731	0.2028592094991836	3.8659166717898587e-4	5.946447546470258e-4
SC_RS07370	135.76348240672218	0.46825242640811965	0.25152893871815496	0.05410079671279022	0.06631304437501913
SC_RS07375	187.43087100335907	2.586665453938418	0.2944550557264845	2.882267633369415e-19	1.2264190149143719e-18
SC_RS07380	698.7772006707435	-0.10008046904411227	0.19432625493239802	0.5857302433149398	0.6164965478453278
SC_RS07385	189.88459249800414	-2.36238523569291	0.194311747908447	9.16292441500985e-35	7.775305481735631e-34
SC_RS07390	843.0416994653914	-2.9318400185354108	0.2052180409517919	2.578165891530995e-47	3.670153529758602e-46
SC_RS07395	1296.202253767694	-2.9965842776843856	0.22787883652202023	1.669980555324101e-40	1.7872912358432397e-39
SC_RS07400	2421.3199415185445	-2.8642313001263733	0.28083239498635754	2.326203889490884e-25	1.2945983004608135e-24
SC_RS07405	89.358823602874	1.0473320253457568	0.24722633790472556	1.212424289524623e-5	2.1475898897320612e-5
SC_RS07410	120.24685185384449	-0.7330288482821053	0.24016683394790586	0.0016260163589458425	0.002360749090542753
SC_RS07415	21.76482874256552	0.4158631242985345	0.3696522379032246	0.22819930732785654	0.25685374608268474
SC_RS07420	30.214715250042516	0.06734752409487227	0.31351168874224444	0.8231268734262496	0.841149884235749
SC_RS07425	94.33708136766815	-1.4337424656513416	0.22976172244478976	1.465050801573183e-10	4.0190790962800044e-10
SC_RS07430	49.709963165526084	-0.4838739913578703	0.28233212819426373	0.07428324871248772	0.08947479189903372
SC_RS07435	46.06386398276889	-0.812148738943415	0.2911180683470364	0.003490821303359725	0.004901240725623498
SC_RS07440	97.70193697868196	-1.007643696953259	0.22397875985975044	3.752058600032335e-6	7.013353641733444e-6
SC_RS07445	52.76684755431989	-0.49538160528743047	0.3298551451729229	0.11160530603341005	0.13148706289988268
SC_RS07450	228.3809144516861	9.691075517736769	0.9811227334866565	1.8544042684507364e-21	8.80513655863215e-21
SC_RS07455	366.706924657968	2.189849151341056	0.21171011249519303	8.454336903227132e-26	4.799251757074431e-25
SC_RS07460	110.17746389497017	0.6461874108888548	0.2347927104285691	0.004575242426365558	0.006333365431203233
SC_RS07465	67.81531517286375	0.10547236823970148	0.249567314736438	0.6629812018361445	0.69090211734592
SC_RS07470	136.56865214062563	-0.8762003473636338	0.21532392196685665	2.9074610129112207e-5	4.96632325902417e-5
SC_RS07475	787.3734021875018	3.787493671197412	0.25277132425548104	7.280359814965725e-52	1.1983342249008315e-50
SC_RS07480	30.04273646787853	1.1458336491155219	0.3501616613878978	5.032472379783638e-4	7.645128003404315e-4
SC_RS07485	24.842192700847345	-1.0698383097278164	0.42181648364494156	0.0056496521831512405	0.007749355505684012
SC_RS07490	76.91335336373227	-0.543323809040149	0.23906603271001087	0.019189454540056668	0.024807685445017158
SC_RS07495	139.11260971496822	-0.9375892903552019	0.22663910744868565	2.1028235797516647e-5	3.642523156469057e-5
SC_RS07500	17.020380738118668	2.0276399194571564	0.5444314232122562	3.961418114899013e-5	6.669291593439572e-5
SC_RS07505	49.569623625567154	-0.11807110976398572	0.27299632016593367	0.6524519006797277	0.6806026758540547
SC_RS07510	132.79722965647522	0.1473979972976035	0.20616136051959355	0.4662325644078203	0.4994913453353577
SC_RS07515	312.33355207726703	0.36754722176985716	0.19873281462087058	0.05925026906852689	0.07216905915284394
SC_RS07520	443.49046255682197	0.15159829804709152	0.2210101365232392	0.4833104310376712	0.5166615132606245
SC_RS07525	313.7560408491979	-0.539641083994215	0.18988998768084953	0.003716659655597199	0.005203464647878061
SC_RS07530	884.1554877843062	-1.5958302490463372	0.19794976944637835	2.2384218116585675e-16	8.3238136354867755e-16
SC_RS07535	140.7946100663528	-2.2013961620549987	0.20204689067383888	2.354837942352804e-28	1.5099630423399633e-27
SC_RS07540	413.1270739748107	-4.195651036996581	0.2239356982383081	4.383632474633312e-79	1.5105096199974785e-77
SC_RS07545	20.372271474098973	-0.4492396339914815	0.42337842607230275	0.24291127857618294	0.27214034764824874
SC_RS07550	55.27921215252407	-0.11571823477003247	0.2599723580331424	0.6439751530894056	0.6729024768146914
SC_RS07555	69.42103502658568	0.4463192062336541	0.24630742597811203	0.0612668530523766	0.0744777076175775
SC_RS07560	307.67905937913974	-0.9162789863158151	0.19168947648417622	1.0423258607503687e-6	2.061172136544172e-6
SC_RS07565	467.1082114485394	-2.287438653042854	0.18539272945273078	8.011972862449597e-36	7.135300469529388e-35
SC_RS07570	59.800818903539984	-2.151227460776073	0.3115718754603105	1.2183111174371912e-12	3.781071624571484e-12
SC_RS07575	19.42677349571333	-0.8703678440953547	0.38663629078859374	0.014716822640790987	0.019313374293146952
SC_RS07580	16.302616039618222	2.0916591423056	0.5163848496855462	1.0374321488522582e-5	1.8496191164498433e-5
SC_RS07585	20.095678863696982	0.9220217642486329	0.4289219418233177	0.0184374605529276	0.0239025728054304
SC_RS07590	14.857477963637852	0.8295109710542098	0.45035743310948984	0.04086803404478395	0.05081971046310908
SC_RS07595	12.489140755747961	2.3061773126394205	0.5698595954484511	1.055976935200945e-5	1.8822271984945054e-5
SC_RS07600	59.60669275331006	0.8076863237411517	0.3235756411733544	0.008438593232887724	0.011357216006445351
SC_RS07605	395.9448550537325	1.3682285667207676	0.19804100632594648	1.9217185129776144e-12	5.90448013112372e-12
SC_RS07610	765.0721519976521	1.9922800399613865	0.2270132768232485	3.3875887869834284e-19	1.433988502595626e-18
SC_RS07615	277.3643174297619	2.3233191039323793	0.26300406386507613	1.8151839123412507e-19	7.8093151514611335e-19
SC_RS07620	222.2618151001967	1.86925433387678	0.2850351487083175	1.2698667154363854e-11	3.7336511800749225e-11
SC_RS07625	201.3688429396708	-1.0241957238543062	0.23029017756634462	4.6318345380576296e-6	8.564480412145677e-6
SC_RS07630	23.55313670210528	0.43599859620715326	0.34365281958424815	0.1777944395485822	0.20380167841306468
SC_RS07635	41.75077082421803	0.5023650199334878	0.33553422804216343	0.11356435334033015	0.13353907535187282
SC_RS07640	75.61660677485091	-0.13240233770521959	0.23794576592709485	0.5639642076743498	0.5956276235162784
SC_RS07645	39.000718783896	-0.07104762497497923	0.29750875918295094	0.8003538593697744	0.8203793937993767
SC_RS07650	116.43404512074459	-0.2021668399254597	0.2380269868525084	0.3807475654719432	0.4142884089995735
SC_RS07655	33.53691511764422	0.06207065224156121	0.31960730536811643	0.8411343873855868	0.8575340278010951
SC_RS07660	72.88866773296854	0.835804676438878	0.2972852675114845	0.003221411020827531	0.004548092067314228
SC_RS07665	88.06243842175246	0.1639173368842922	0.2076669708835349	0.42148064250847495	0.45518427912382753
SC_RS07670	565.8028499217342	-0.2132245140108304	0.22105431154912844	0.3214602304033992	0.3540623956676125
SC_RS07675	241.04920123640542	-0.7063274140367805	0.20858243416827385	5.122146968985845e-4	7.778153160894074e-4
SC_RS07680	296.57223250935164	-0.06478392509552759	0.19969521799631132	0.7388555451700956	0.7618963487741972
SC_RS07685	101.59450040840878	-0.49425366935455883	0.2198123569927111	0.02117988619102579	0.027266145386282154
SC_RS07690	129.1673851613991	-0.4282121689437064	0.1978614201788573	0.027074066880638785	0.034403613506432944
SC_RS07695	88.84947695934868	-1.2548112338902138	0.21870652500529134	4.118537074075546e-9	1.0160619733768175e-8
SC_RS07700	32.12976774244662	-1.1282493430252234	0.3292064210545873	2.930365518198053e-4	4.564536402871238e-4
SC_RS07705	338.73134640936877	-2.489968663148155	0.16693824581893474	4.640449524497545e-51	7.487675009550305e-50
SC_RS07710	813.5694941336562	-1.7630401388158188	0.1746954546328778	1.4314177200471806e-24	7.659850702197323e-24
SC_RS07715	237.0210826811784	-1.999413501700614	0.19642851433887507	4.600514335575333e-25	2.5222448111920076e-24
SC_RS07720	205.7794551388803	1.1123183104816892	0.23770381417233807	1.4286301727504635e-6	2.7832810816015636e-6
SC_RS07725	142.3139376904233	2.2013856820138313	0.2583749006448443	3.436575913201009e-18	1.3992993254524706e-17
SC_RS07730	172.09987927298639	1.01747456759406	0.21431875311885604	1.1225668282386882e-6	2.213317591292002e-6
SC_RS07735	162.46142175152028	3.550253572029407	0.3194592085576912	1.2056531433966829e-29	8.209128605177415e-29
SC_RS07740	87.03024245683262	6.653448738161067	0.9803853486758836	4.401210534682735e-11	1.2530705205695168e-10
SC_RS07745	135.04295319964274	8.355048691631694	1.2792976735586654	4.2631876715502487e-13	1.3550321504315318e-12
SC_RS07750	637.3478513438264	6.821010401586004	0.4122639123937296	2.484738809233951e-61	5.485767658470406e-60
SC_RS07755	225.79152632089668	6.872222801941546	0.6631644722165425	9.10547501347532e-25	4.922563984557699e-24
SC_RS07760	77.74713770888293	0.420935841766494	0.24892685880463422	0.0807780614019085	0.09701260989864385
SC_RS07765	284.53600036219353	3.7008437916507937	0.26774083123256776	2.7017314310502925e-44	3.382439316224933e-43
SC_RS07770	54.75329388720468	1.7444950765553087	0.32702199234696827	2.787477113632533e-8	6.401387803153628e-8
SC_RS07775	151.99793905857763	-0.19061076005481825	0.24048844123658908	0.41361669528855866	0.44741227975030534
SC_RS07780	238.33461292017742	1.8142511065847566	0.250659298380125	1.0978351894469906e-13	3.617263935202015e-13
SC_RS07785	166.279223714827	-1.2629966878574008	0.22488695566884057	8.695410571270827e-9	2.0845239776512057e-8
SC_RS07790	106.76840978567704	-1.0792990976410455	0.2094834649528561	1.3416292674480497e-7	2.8834666913908244e-7
SC_RS07795	296.7544067207405	-0.779979897122192	0.18188769225529067	1.2312391886487928e-5	2.1783008102438098e-5
SC_RS07800	163.93818823374951	-0.2283399558376626	0.1947663472259503	0.2317604885030193	0.26032015875419107
SC_RS07805	68.46732095886956	-0.3523605715949053	0.27150548627308824	0.17793188259271855	0.2039275259929603
SC_RS07810	70.49528656255035	3.3240120939717555	0.36661632133792466	2.6953932552773123e-20	1.2126802845890729e-19
SC_RS07815	81.01477679772131	2.0810386877513958	0.27206957372816537	4.81946564243388e-15	1.6819091172412415e-14
SC_RS07820	457.72136213559247	2.4857583762945286	0.3165342016128733	6.384087628165081e-16	2.3305080282222432e-15
SC_RS07825	9.631594157628788	3.6981064360765084	1.038420000930923	6.437597428653119e-5	1.0612752836773553e-4
SC_RS07835	93.21937488529277	2.9840340524583184	0.2792715659385606	1.7504168354406247e-27	1.0765282522551431e-26
SC_RS07840	27.937138589652264	1.4953789954273078	0.37430710920181887	2.219865107659968e-5	3.837150797910128e-5
SC_RS07845	171.49522645349208	6.386293900592388	0.4382650355109469	5.6896639006601506e-49	8.686455818523384e-48
SC_RS07850	18.89359207605823	1.466054679617027	0.5719270860041561	0.0031928976789072313	0.0045121555163399624
SC_RS07855	34.233149715871406	1.106877259012562	0.3513262670934385	8.329421044857635e-4	0.0012410820526324552
SC_RS07860	501.4890626054538	-2.8492511077218836	0.19996983748168592	4.436035070754233e-47	6.2426188190346785e-46
SC_RS07865	806.6646150017908	-1.7670803674309683	0.1551805452783229	1.1848183914195347e-30	8.344652166502053e-30
SC_RS07870	148.41293740819705	-1.5365360160761368	0.1965000669516769	1.7342467208634433e-15	6.210944788560967e-15
SC_RS07875	285.9681404097545	-1.3787100926992528	0.17079576835388618	2.7030795443704206e-16	1.0016335959893207e-15
SC_RS07880	79.789079478455	-0.42902948929105433	0.25340577769990824	0.08023888164810132	0.09641217423384375
SC_RS07885	183.1368300439273	-0.7529504160205139	0.17256440661542194	9.180337760918142e-6	1.64549855734104e-5
SC_RS07890	18.248826033316092	2.8238613252988802	0.6155310309843128	5.848086229142068e-7	1.1821213775683557e-6
SC_RS07895	17.794796459765873	2.338818992049352	0.5306120027471768	1.7086397954288177e-6	3.302623814283644e-6
SC_RS07900	23.95660282208441	1.1469863754074245	0.422503698429182	0.003115417329108392	0.004408575587189653
SC_RS07905	84.55752762773105	-1.525779558789458	0.24448364588844684	1.5324018252886823e-10	4.1960382694685266e-10
SC_RS07910	68.50038540255754	-2.121942799396092	0.294047927637935	1.1438217958840196e-13	3.762061517773756e-13
SC_RS07915	35.3142001621628	0.9290000862208417	0.4014180738083663	0.012182562007629948	0.01613401800363923
SC_RS07920	86.43504235287315	-1.3852732598215582	0.24295363326466374	4.78722044301399e-9	1.1708445620824266e-8
SC_RS07925	81.02065492987305	1.952602862076301	0.37339577610036834	4.241088026517994e-8	9.593185002314015e-8
SC_RS07930	504.7127090531849	6.811541398927294	0.8354961924407929	1.250860259765576e-15	4.517063445402232e-15
SC_RS07935	4853.466629473577	7.014457820439918	0.3782558464968946	5.5326806331402905e-77	1.7972681492853086e-75
SC_RS07940	94.4101532855642	0.5404534708937268	0.22122658458625202	0.01223402996348552	0.016199270416725125
SC_RS07945	105.06002549272564	0.4390249428593086	0.23236863675275776	0.05186697605035293	0.06371265723726512
SC_RS07950	108.10490311160397	-0.35862864753303075	0.20452944351993232	0.07286974053187505	0.08784395401047027
SC_RS07955	107.25556879926026	0.22839729613065685	0.22184905312527214	0.2913146855640663	0.3227395569936035
SC_RS07960	123.24190286548475	-0.9304619088510527	0.19677652462720588	1.39704753516122e-6	2.7246306596876053e-6
SC_RS07965	99.46116202590773	-0.2546665430871302	0.21763726569946965	0.2289999239889331	0.2575332376840617
SC_RS07970	11.030367015182982	1.645467769550478	0.57687901173926	0.001199332476563331	0.0017582261793594438
SC_RS07975	38.57935640417463	1.422711750960417	0.33493785649448216	7.996755061058151e-6	1.4463593774893993e-5
SC_RS07980	49.537041211527544	1.347783453003212	0.36224387430327876	7.264838419681106e-5	1.1931162250941753e-4
SC_RS07985	48.80289407324253	1.5576340492793828	0.3447659759562704	2.0747177633474825e-6	3.971694908339651e-6
SC_RS07990	45.34853007716965	1.914065899339518	0.3757358134238806	8.830250904431111e-8	1.9270278238909444e-7
SC_RS07995	22.93430380457572	0.14375864447746053	0.3890318462964066	0.6916167663802166	0.716390228302812
SC_RS08000	507.44777447454493	-2.1166239541593925	0.18085627784392683	2.373892454268479e-32	1.8139982339664004e-31
SC_RS08005	289.9331579422562	-1.260701848144158	0.19458347001492537	3.8015441984748606e-11	1.0869556773770308e-10
SC_RS08010	42.37003810409191	-0.5483825674482385	0.3033224094618423	0.057537877573911496	0.07021087361079321
SC_RS08015	1422.9792090717635	-2.299232383638272	0.19690732125212085	3.651446753207852e-32	2.7672937675390236e-31
SC_RS08020	576.2205279956645	-1.7976389047770416	0.2114047510699244	4.239349985186392e-18	1.7185798125763855e-17
SC_RS08025	699.6285668245251	-1.1359013010303534	0.17551190782604398	4.620812646574165e-11	1.3135648595157245e-10
SC_RS08030	351.5636447605134	-1.1614412380313084	0.16988529438495437	3.7579344573326315e-12	1.1366287402941273e-11
SC_RS08035	86.39678544743253	1.5640331603235866	0.26007131012055185	5.816405493684444e-10	1.5317919325153246e-9
SC_RS08040	28.190388091132426	0.8847391367238864	0.36648699214283514	0.009710580926184289	0.012976771248583353
SC_RS08045	36.61450846727517	0.9524346728190161	0.37456711612501536	0.006300308800692109	0.008601828753250067
SC_RS08055	14.723655615759677	0.999480127258128	0.5077427672214065	0.025230415365378983	0.03217728863789426
SC_RS08060	45.213499833237556	0.1710145497351624	0.29939137346893946	0.5513833970663591	0.5836780318643888
SC_RS08065	1608.1060632712747	2.4112860517181476	0.2506974292548888	1.1453321059335886e-22	5.725884033324937e-22
SC_RS08070	2626.12884512309	2.938911920856303	0.2647780289362227	1.4514839678950525e-29	9.846589493337734e-29
SC_RS08075	80.50416805610469	-0.7302121249528114	0.2519185467544692	0.002673050503358845	0.0038074317967487195
SC_RS08080	191.79516754617566	-0.2884886228394416	0.23192059913739804	0.20035503299682814	0.22799660699361277
SC_RS08085	43.86924229691072	5.657606713251286	0.6887408997534884	7.848979609203594e-17	2.995775136556278e-16
SC_RS08090	160.57546100123446	4.96019504144633	0.36425669579711517	9.686056252914249e-43	1.1409741023800268e-41
SC_RS08095	181.2360014522053	0.20875889609287437	0.21398226057982558	0.3184314301063642	0.35093608811901505
SC_RS08100	142.91225730056235	1.2487530926736496	0.22501372284795812	1.230569164788922e-8	2.9177546691811932e-8
SC_RS08105	1410.4001951515647	1.9397781361060846	0.22228848067602297	5.676606945572413e-19	2.3797214108386003e-18
SC_RS08110	63.53930832271151	-1.7209228105261165	0.2531816614349933	2.9134371043053564e-12	8.873888974451755e-12
SC_RS08115	52.87406604558791	-1.4537664775027037	0.3419262127452667	7.752812633984065e-6	1.4046496403685134e-5
SC_RS08120	72.53807318933926	-2.1932196638851678	0.26709271774798543	5.1535443108162506e-17	1.986525653317252e-16
SC_RS08125	419.6086182469183	-2.2833475311005373	0.18024651155428897	1.4216226699002736e-37	1.3596686858423629e-36
SC_RS08130	103.71760440851011	-2.515086372536408	0.26069603540392833	7.163403997021841e-23	3.5982929886947585e-22
SC_RS08135	197.25701647632295	-2.4516512995490514	0.21407359320149272	2.929643005431157e-31	2.1368138004005293e-30
SC_RS08140	136.8849427238045	-0.6466769124122083	0.20917237119923798	0.0015435548459661304	0.0022441193679326194
SC_RS08145	93.51135854686956	3.3909254335931682	0.31041665482631936	1.0993369432505556e-28	7.16756022946914e-28
SC_RS08150	26.657367481302327	3.6845468882188754	0.5162652393131562	1.4860257041073132e-13	4.857248910499702e-13
SC_RS08155	15.758072118677612	4.381474003477766	0.7810759101513908	8.78952135530293e-9	2.1050318439104837e-8
SC_RS08160	561.3856283796645	5.465672860845206	0.3528221597180491	1.1049447194471068e-54	2.01679761415915e-53
SC_RS08165	103.64561434074284	0.6537503356126737	0.22823749414914904	0.0032301050493382852	0.004559493612905918
SC_RS08170	33.373853123069175	1.5159018464006708	0.41219195715248275	7.5837034634907e-5	1.242164134601964e-4
SC_RS08175	101.95341784136765	-0.21947014688929753	0.22321353209921505	0.31236107749269065	0.34481296189088334
SC_RS08180	610.5552105620692	-2.067958860201502	0.19407065712416782	2.8673438363479664e-27	1.7445374133027972e-26
SC_RS08185	462.42348186320385	-2.2744044549314535	0.1974832709486952	1.6741439568652274e-31	1.2357495032957145e-30
SC_RS08190	230.38220320846267	-2.0871192630911284	0.21877202007050747	2.477454496809877e-22	1.2252682400721686e-21
SC_RS08195	473.91320328739016	1.3124498346410478	0.21370541846789545	3.3276235105804256e-10	8.903445488759093e-10
SC_RS08200	16.829618344307622	1.0173203784386966	0.4373924133525076	0.010510169037985908	0.014012291897687233
SC_RS08205	47.25789841883798	1.9441025260893003	0.32924567636102087	7.554836908455784e-10	1.9741094033647397e-9
SC_RS08210	72.47349449040276	1.9812350273153871	0.32106407791091257	1.7643924362348242e-10	4.809844667207243e-10
SC_RS08215	132.70248575334506	1.5727626160861177	0.24639515007856821	5.541155698877562e-11	1.5625423374196228e-10
SC_RS08220	67.1242034149038	1.3453126206924275	0.3017088160664433	3.286783149363597e-6	6.182841567195705e-6
SC_RS08225	57.02966773775334	-1.2890985688124537	0.2588021156830607	2.7370189233663684e-7	5.707799078309842e-7
SC_RS08230	855.5386253230567	-3.012783449514085	0.17133763509116087	2.6451822058022584e-70	7.473399841220634e-69
SC_RS08235	262.4991533666842	-3.2514968825782695	0.1906458347674717	4.0108402107176017e-66	1.0233887790253147e-64
SC_RS08240	168.3892941048481	-1.6140093593364573	0.1964988841433166	6.302234169253312e-17	2.4166757547620346e-16
SC_RS08245	23.20483200407601	1.0682838260358383	0.40240837843183636	0.003995404465832028	0.005570450469095363
SC_RS08250	23.427285768496247	1.6525076812967476	0.4579459951841719	8.597115633335893e-5	1.4019268173423016e-4
SC_RS08255	81.57254986213718	-0.33365350204330435	0.24799878076120446	0.1645847445585287	0.18921856974970233
SC_RS08260	101.73104896434485	-1.1299410723641432	0.23401331156121224	6.433337641027253e-7	1.2941998160852041e-06
SC_RS08265	217.33252270193452	-1.0452838719080215	0.1670007897818659	2.1017041081853978e-10	5.697781652117325e-10
SC_RS08270	835.1948421580256	0.3925390328939403	0.2122945108638249	0.05867426724385866	0.07151471845557253
SC_RS08275	48.99469958962028	0.5247635339902802	0.27232974102315605	0.04563921505140636	0.056438633538331465
SC_RS08280	26.480948855131896	1.2058750171507302	0.37190692181448304	5.35399707131879e-4	8.115184872333969e-4
SC_RS08285	15.996141829084735	3.2971909637622736	0.5942785081683393	4.5068563725911876e-9	1.1055741480867405e-8
SC_RS08290	15.392026680219614	4.175620073206665	0.7211921799849444	1.8439771340335896e-9	4.66306151795737e-9
SC_RS08300	15.961027557862273	3.4664812031785672	0.6157281638151376	3.298242151082308e-9	8.191727053580646e-9
SC_RS08305	13.651968195375169	3.881619424118532	0.744593325112948	4.839085224173129e-8	1.0841993488097468e-7
SC_RS08310	14.471921127954078	3.994559372957789	0.7433663500596214	1.8515699142213965e-8	4.328939932615275e-8
SC_RS08315	13.636728331413751	3.462500004333421	0.6888292723241585	8.807360297193556e-8	1.9231707086616904e-7
SC_RS08325	18.006726258486374	5.215726907128247	0.9589013973791758	2.0506735232267913e-8	4.777777744162514e-8
SC_RS08330	9.937055206750912	4.400819940852315	0.9511185537247345	1.1595460647254946e-6	2.281348100663233e-6
SC_RS08335	21.77202807590298	4.9184144572858	0.7478732327945624	2.0926378896649472e-11	6.075240865507606e-11
SC_RS08340	32.32330520417379	4.592903524808813	0.558259763905081	5.527248744690415e-17	2.129463544584489e-16
SC_RS08345	40.92057315742219	3.9345781974360787	0.4312915934883523	1.432976614215806e-20	6.538842545313956e-20
SC_RS08350	34.05780609450672	5.179317289795205	0.616274872065722	1.6799712215346703e-17	6.624656570907304e-17
SC_RS08355	12.048805584610953	3.985170088305389	0.7684855479229875	5.682607704051756e-8	1.2648218898182204e-7
SC_RS08360	13.274221484836707	6.268253971186008	1.3288453359207246	9.002330503945847e-8	1.9634186671427585e-7
SC_RS08365	11.956131640260129	3.928217574838106	0.8508041418386088	7.538311694982908e-7	1.5072535368439254e-6
SC_RS08380	17.254732555942045	4.609073510142536	0.7977877769947019	2.105566493647133e-9	5.304560069748533e-9
SC_RS08385	14.139155468017256	4.170909657598756	0.7994189386253457	3.97960434641293e-8	9.032195275607555e-8
SC_RS08390	14.682796082969125	5.408631746941717	1.0432320007573552	1.9664462848488824e-7	4.1632428666309677e-7
SC_RS08395	10.414584475210166	7.8276520894387724	2.621407684174994	1.9081502972471663e-8	4.456984571397087e-8
SC_RS08405	323.45552144403945	2.2257994398079024	0.2107366012781282	7.709910498456426e-27	4.614681819449488e-26
SC_RS08410	2295.903858472471	4.990715252224097	0.29971059716083875	2.6214694921170216e-63	6.117315200908518e-62
SC_RS08415	303.42646500367846	-2.0540640306218583	0.19995585919439926	1.6021756821515708e-25	8.97072397888055e-25
SC_RS08420	374.2596971608894	-1.2686585224373783	0.1696224807926078	3.0988316574014066e-14	1.0405639636465379e-13
SC_RS08425	7585.127128598609	4.015038751279446	0.21967751660621065	1.1859460448149076e-75	3.7694681614073835e-74
SC_RS08430	361.26589112049646	3.783945023776004	0.33608963867131014	3.2225120550794345e-30	2.233346230653736e-29
SC_RS08435	90.45007163305885	-0.7711126753124694	0.2312667696868205	6.044477144121061e-4	9.111196741772016e-4
SC_RS08440	1236.0738785887388	0.15123685660737293	0.18826665338157905	0.4147168530453432	0.44846541333712236
SC_RS08445	34.76993983946212	-0.3858589308503711	0.3269452221023227	0.2112779951409071	0.23935534431848962
SC_RS08450	159.5225386341885	-0.49420919973645816	0.19444255807868766	0.00953043407253551	0.012740649175285869
SC_RS08455	19.092952139731988	0.8449818509394864	0.4389245228770037	0.03380446274983484	0.04248091654546979
SC_RS08460	27.34953757160723	0.0952150725094478	0.41390271189072253	0.8039110225253381	0.8236820731001588
SC_RS08465	240.451704434306	-1.0316303251076324	0.18908211661252616	2.6550859935205866e-8	6.118313786319001e-8
SC_RS08470	158.84628808322128	-1.2624579707243675	0.20497692745617618	3.081401328019356e-10	8.259634094080237e-10
SC_RS08475	92.52560136366353	-1.214453157082674	0.2201289260630544	1.5426474043692346e-8	3.6250739196363086e-8
SC_RS08480	47.45759092249908	0.5935773535477658	0.28588151458673994	0.030379355632618052	0.03841175727622179
SC_RS08485	590.9376618194244	1.6748560599302613	0.2311653998021888	1.2178170530248992e-13	3.9929670738130756e-13
SC_RS08490	78.78463240796643	0.9940511070749053	0.3160184645205779	9.214856110772736e-4	0.0013674853886262459
SC_RS08495	28.217892860675256	1.4886614161178782	0.3899828936308296	4.681115604259972e-5	7.8131612643307e-5
SC_RS08500	53.29597503134263	0.1952942480731457	0.3015652351081889	0.49949719679717147	0.532806643885772
SC_RS08505	111.86877749498525	0.030031368073360005	0.21704354730084843	0.8888068979221944	0.900530649255051
SC_RS08510	14.465412587385607	1.0191393671840279	0.4585305504864051	0.013581285679953025	0.01790282456274108
SC_RS08515	43.73031942611587	0.20551328343456188	0.30272989037861636	0.47907192811673466	0.5124276759403541
SC_RS08520	89.61598401566678	-0.3680126220501761	0.26813082416713035	0.1538204763613781	0.17772989543854625
SC_RS08525	35.533552123609944	-0.8830701580879495	0.3012600433252088	0.0020926976489451733	0.003005756225812565
SC_RS08530	56.10757235243946	-0.8806384136420891	0.25974007925869386	4.4796014194239443e-4	6.837627999758262e-4
SC_RS08535	294.42542832825217	-0.7107914250033843	0.19298929500211331	1.666029530114156e-4	2.6608840708385934e-4
SC_RS08540	110.95744065044944	-1.5024706243394996	0.2152935675996321	1.0662400254419876e-12	3.3230997242642504e-12
SC_RS08545	546.3478690119929	-0.6616271030008445	0.1991432874592447	6.713361130883889e-4	0.0010076190714255607
SC_RS08550	87.24445345425406	-1.3176337424278786	0.2182186616598301	6.407323695815274e-10	1.6802135466906768e-9
SC_RS08555	72.81236023079202	-1.1709572224405855	0.2594697235229094	3.160097358989325e-6	5.958209645918507e-6
SC_RS08560	764.8517328475497	-1.4781441897947394	0.23950502820066774	2.194063386560672e-10	5.939435907671951e-10
SC_RS08565	216.88761392573502	-0.6013911228866544	0.18524470286068534	9.310629402117162e-4	0.0013803092322318446
SC_RS08570	110.8409704109626	-1.1819980278970612	0.2276589585671637	1.0245564978845865e-7	2.2220822398238062e-7
SC_RS08575	46.252661135582244	1.9553901268903635	0.3514445170530463	6.8344776109649526e-9	1.6507513233952034e-8
SC_RS08580	240.1921271023558	0.5854233505229216	0.20053293163820488	0.0028518680142985905	0.004051179876216106
SC_RS08585	31.674577206162763	1.3085426815852086	0.3805124378134546	2.3467534356183412e-4	3.692118590622925e-4
SC_RS08590	56.85105919321792	-0.7328776582486829	0.2589800680182704	0.003251184764614133	0.004583626526901647
SC_RS08595	206.42083036926977	-0.5903368994181992	0.23141298690730489	0.008573983505964246	0.011528912175962865
SC_RS08600	56.747531605562635	0.8778396813289518	0.2989300119431121	0.0020872318600814433	0.0029990739938114894
SC_RS08605	15.342915708179232	3.2719131517114564	0.6834453667745419	3.0834036556752893e-7	6.390393073903761e-7
SC_RS08615	21.455929176413804	4.4043993667596535	0.7498679894211837	1.3161185032977395e-9	3.365137948445746e-9
SC_RS08620	248.2859698721671	2.0940735323162403	0.18980890787135532	5.26453920330799e-29	3.47855843057286e-28
SC_RS08630	16.977808074197334	1.8844345648830985	0.5370778518913553	9.684770423289441e-5	1.5723359115221564e-4
SC_RS08635	36.859153904697884	0.6306830618553103	0.34358508829267875	0.050533839005950154	0.06218900681406483
SC_RS08640	296.5080699765229	-2.3835576577801754	0.21399724931131836	1.251390413907813e-29	8.504841393692362e-29
SC_RS08645	256.6299540332809	-0.5674929998267675	0.17765204479444152	0.001172399378298798	0.001720110030954106
SC_RS08650	79.06469496659798	-0.7902213808362053	0.26446055374365907	0.0019524602046337787	0.0028147490809324505
SC_RS08655	55.45277077299758	-0.42223549171784996	0.26943827467353754	0.10353689327831885	0.12254912536666503
SC_RS08660	32.45178209026547	-0.2738779590800644	0.34833978338356075	0.4016369014498576	0.4356038404605457
SC_RS08665	307.192524375405	-0.016890167119114563	0.1818431863802858	0.9237079028308104	0.9312854902207268
SC_RS08670	95.07219812732089	-0.9485276446682118	0.2422533298659611	5.253337133959097e-5	8.732666371914873e-5
SC_RS08675	164.3560767972158	-3.126855410357627	0.21729660158016567	5.825069367522115e-48	8.522631253196048e-47
SC_RS08680	439.8961368401315	-3.336621462183913	0.20718255397639854	1.6652277080501643e-59	3.468753988463816e-58
SC_RS08685	89.03178043474846	0.535867488946964	0.23639969696601093	0.01978116943417294	0.025532354876175608
SC_RS08690	149.9923382098086	-0.3326771765564017	0.20785884983209577	0.10101308907452179	0.11979262123440394
SC_RS08695	133.3497773552951	-0.2777178843654168	0.24039964297501829	0.2329451473170846	0.2615312905475307
SC_RS08700	22.013971164889767	0.5950256425812215	0.42353208963704614	0.12357292398895543	0.144387060924506
SC_RS08705	59.85305147275629	-0.9285197503171149	0.2866946669715231	6.820769776315988e-4	0.001022907389273014
SC_RS08710	144.8595623741911	-1.077956855028736	0.1994478244081698	3.288959048281776e-8	7.517911972110917e-8
SC_RS08720	58.52915993517335	1.979122143139818	0.32153757321869736	1.6599410996095118e-10	4.5334835809335337e-10
SC_RS08725	92.29385917088595	0.4492644425368109	0.25619127833809674	0.07043599548553622	0.08496565200561822
SC_RS08730	44.2449159506029	0.3838334502458823	0.2831342261788231	0.1580917574341621	0.1823793209198234
SC_RS08740	20.500717734909532	3.8824304711984094	0.7067577192251652	4.881835512195289e-9	1.1935893589830259e-8
SC_RS08745	58.47193936989342	1.2147717063718064	0.2871381188663145	1.0183550437735141e-5	1.817804428173782e-5
SC_RS08750	69.59557854286783	1.9750115001420971	0.29896694623639136	8.709166461628303e-12	2.5854023143336195e-11
SC_RS08755	62.6429352645159	-0.1471121600574925	0.24058637672065816	0.5281232917123697	0.5609883539451188
SC_RS08760	30.906821146249108	0.7348363626124851	0.3684773415786045	0.03259847187632336	0.0410767483964471
SC_RS08765	111.17455132527813	-3.5864145048862577e-4	0.23123652604479586	0.9984882235977539	0.9986236485568746
SC_RS08770	151.49558432936414	1.6051995910295143	0.31577575459406565	1.0782968243875915e-7	2.335201404708987e-7
SC_RS08775	32.17420485741345	0.5092265408709953	0.39104949486673324	0.15954060918190768	0.18393565542642076
SC_RS08780	64.0084776535316	1.0998658013214653	0.28955215287421276	7.493768596293185e-5	1.2285248917088916e-4
SC_RS08785	231.82780969449803	2.3076062324061697	0.25545734517200647	2.8435601878767115e-20	1.2777826219014547e-19
SC_RS08790	11.020147619259948	1.2184172113549854	0.5494331827201939	0.01073827609563695	0.01429314944570882
SC_RS08795	758.6635951334437	1.5122304661048038	0.24850179989475146	3.877502826872877e-10	1.0322276478469528e-9
SC_RS08800	6.277919003639617	4.9103303832186205	1.38175845754349	2.5548729807337776e-5	4.3915229277228146e-5
SC_RS08805	12.704226336131489	3.457596633525878	0.6991522306542406	1.281722711151584e-7	2.759539641469133e-7
SC_RS08810	36.78394500044366	1.3958486501828407	0.31698134587597426	4.101253171689503e-6	7.623554547022535e-6
SC_RS08815	12.043798207307097	1.2062386172435728	0.5123061959213745	0.007811375642381579	0.01054771726550481
SC_RS08820	39.72863010626364	0.11969651175185769	0.28860136062376446	0.6670636497923053	0.6945989048659401
SC_RS08825	149.33995344386915	-1.1080371739429729	0.19633242920210212	8.378987450666805e-9	2.011284292357325e-8
SC_RS08830	131.63604146813708	3.470881194387395	0.28204449367754425	1.0668863552366253e-35	9.433117486228865e-35
SC_RS08835	221.79106766691945	1.0064448999491185	0.22568884917518062	4.554882837105707e-6	8.43488348589088e-6
SC_RS08840	1425.3453336243763	4.990539767190564	0.22113985067037273	5.581343609184039e-114	5.144603471765388e-112
SC_RS08845	297.1965072483121	1.9384331820536027	0.2051597766074581	7.019848767699921e-22	3.40331129605649e-21
SC_RS08850	33.631628510902324	0.2796895233278348	0.3188464391804655	0.3561674736829901	0.38915082989159416
SC_RS08855	2757.174097923562	-2.0194172906355683	0.2584354797261093	1.1085784993784082e-15	4.0130868210193334e-15
SC_RS08860	14.507934427455078	0.8816770349475821	0.5109672558072218	0.048689371416893674	0.05995915578292818
SC_RS08865	413.1844473273149	-1.7816471249232784	0.17915965587136884	6.234411844325631e-24	3.267416697942943e-23
SC_RS08870	688.617394346275	-0.097333366160177	0.20591232239768845	0.6276552739073548	0.6571532003113494
SC_RS08875	616.5169977135014	-0.3114794627820763	0.19324922960469454	0.09983112722349742	0.11852434908164063
SC_RS08880	484.5459690729657	-2.0728411164704315	0.22968144959701017	3.059349320379949e-20	1.370573626274711e-19
SC_RS08885	1328.7176226751212	-1.702947109764496	0.20547227018414607	2.329987743075102e-17	9.124444831351994e-17
SC_RS08890	188.68360935264738	-1.0896926268195073	0.1892527676095249	4.196434701888633e-9	1.033205659156153e-8
SC_RS08895	62.640014745644194	-1.078172278046803	0.26844792756796254	2.9987004750819004e-5	5.1174305260944074e-5
SC_RS08900	264.25908475162265	-1.530668083676093	0.18794183030489367	1.1287152935821451e-16	4.261723796658852e-16
SC_RS08905	2321.3278960805287	1.0232158500756703	0.19882887283886333	1.5222887039829367e-7	3.253726638600051e-7
SC_RS08910	244.90329850895256	-1.3065493748260206	0.17417681067602123	2.5311742549883137e-14	8.546189998298454e-14
SC_RS08920	685.7801030602608	0.9072740259207376	0.2960895357671769	0.0013241741052196214	0.0019354727159344872
SC_RS08925	416.64740430988127	1.1974401985535044	0.28491449009524655	1.1872743473185224e-5	2.1055702349992263e-5
SC_RS08930	602.459756492474	-1.3561484820686707	0.1878723236548293	2.050014482778941e-13	6.615670370245913e-13
SC_RS08935	1753.180368309784	-1.6525303858152363	0.196535607667228	1.4331293851542032e-17	5.67861154547399e-17
SC_RS08940	31.18604957322806	0.4971545376479472	0.32183216342634774	0.1038611487694008	0.12285404411702942
SC_RS08945	137.63234215313196	-0.22087093434133584	0.24720265037265743	0.3547011515661787	0.38777854583380306
SC_RS08950	609.8107968610274	2.321735753156414	0.1796706034364171	8.179267917781925e-39	8.183707140532418e-38
SC_RS08955	99.13229260718906	-0.5303205071767091	0.22470386552753902	0.015200778196338156	0.019898906163642385
SC_RS08960	18.165648735790676	1.186330407374916	0.576223605051585	0.016111301414724243	0.02103110933478077
SC_RS08965	986.8950579648891	4.271829844084572	0.23147320103709335	4.241529953184165e-77	1.3962965122669656e-75
SC_RS08970	142.66912090332826	-0.3330759485337517	0.20955508642333123	0.10366744952181435	0.1226642767608888
SC_RS08975	165.31570184928603	-0.30745371815270917	0.25084953149704536	0.20396702041867476	0.2318921999024526
SC_RS08980	214.21346299536876	-0.7641035565058507	0.2308189863170559	6.387425979963369e-4	9.600668401192393e-4
SC_RS08985	258.5483680288644	-0.5316669033038616	0.1968734995068215	0.0057723576251225575	0.007911777904768352
SC_RS08990	1182.5815531707717	0.6852856056747852	0.1808915055785922	1.1671432961875766e-4	1.8840881493185614e-4
SC_RS08995	383.64172305461904	-0.7557754497637883	0.16602366904900134	3.867125050328186e-6	7.211982832857877e-6
SC_RS09000	130.47511057571225	-0.7311153449911861	0.22312734642321339	7.703521383966294e-4	0.0011503800462812363
SC_RS09005	325.6528772555723	-2.503734822127303	0.18104612706813206	1.993639500540169e-44	2.5087197400995232e-43
SC_RS09010	405.1261947617807	-1.617331385077638	0.19166323614038697	9.371650724422605e-18	3.739532058543955e-17
SC_RS09015	104.72996964864764	-1.8054795045728538	0.2239036074755852	1.8807208149536664e-16	7.01843891167426e-16
SC_RS09020	130.60940549981345	-1.5149758193887595	0.23076063834310045	1.7498640366508376e-11	5.096168011952321e-11
SC_RS09025	75.0980380493577	-1.77496312377687	0.26148572790619784	3.0958598350380585e-12	9.421737690289163e-12
SC_RS09030	33.70832132108581	0.058607075584549875	0.34347568879814844	0.8589967351595039	0.8730864128278679
SC_RS09035	16.3257879116951	1.3621089748095359	0.5360685915631854	0.003916441178296538	0.005469666145598233
SC_RS09040	500.28123175354784	-1.22509461946486	0.1816363297784121	6.546914987355386e-12	1.9561163337422453e-11
SC_RS09045	151.9097893161677	-2.148220543781362	0.20787402419324	8.765858247749399e-26	4.968442637886554e-25
SC_RS09055	42.35810850841322	1.1605617595938729	0.4054934339692892	0.0019423917664707397	0.002801329334237284
SC_RS09060	298.71003383901177	-1.767701734970745	0.17775445095067838	7.584205768123706e-24	3.9579570654029874e-23
SC_RS09065	37.818423963051345	-0.018389362748972887	0.3716131230985072	0.9566988026512424	0.9609994511306716
SC_RS09070	522.3703752191587	1.89267976017167	0.21268744479642596	1.2380605904619944e-19	5.363959338464599e-19
SC_RS09075	190.21431041306073	-0.44427638353525495	0.1860397935354882	0.014938806406797189	0.019583779278883995
SC_RS09080	5039.1184725177345	0.604717441735011	0.25421207889425596	0.013988785404639659	0.018410370082779376
SC_RS09085	589.7205921853302	1.9937459806198992	0.20238575879041454	1.4440953620651266e-23	7.45711428562202e-23
SC_RS09090	794.126905714268	-1.3485537262357967	0.17480327086568986	4.511335382341658e-15	1.5766155028145683e-14
SC_RS09095	290.2452329185717	-0.7369565977357083	0.20364959902189955	2.1225952042939333e-4	3.35376409609245e-4
SC_RS09100	62.51420370684665	-1.1412858642489472	0.26612490796547844	8.781333477742644e-6	1.578200172188015e-5
SC_RS09105	648.5873921504958	3.6164940741938283	0.24965020841841032	1.3018251657663569e-48	1.9551239862242598e-47
SC_RS09110	26.46695080644488	1.798222628497937	0.39766498368676434	1.5983650241684075e-6	3.1000377927979582e-6
SC_RS09115	178.59004957590736	-0.4261255331326787	0.2111306102370338	0.03855197965043033	0.048118195318597366
SC_RS09120	17.073799226075746	2.7428707522786535	0.5906088321601637	5.370221994978428e-7	1.0897087779573729e-6
SC_RS09125	126.48787185249223	-0.3195566527097071	0.20099801926902297	0.1046150646827613	0.12364665602992174
SC_RS09130	112.03517965209286	2.142185910980545	0.2647862890984809	1.0977540403606827e-16	4.146945847141227e-16
SC_RS09135	208.17170986514483	3.078427436214676	0.2625970004844566	9.33513207562892e-33	7.299815898800387e-32
SC_RS09140	22.087911910940864	0.7395330845485605	0.3897290437333659	0.04026826133887376	0.050124604846869536
SC_RS09145	291.49585757432465	1.130067447125197	0.19569964806201223	3.851901067425788e-9	9.515550576615665e-9
SC_RS09150	172.61163265077832	-0.6548758925020871	0.1858051456251549	3.2113642192688245e-4	4.987489417204783e-4
SC_RS09155	234.49376312714807	-0.2240208151812082	0.21646728233293888	0.2879860910702056	0.319291750947481
SC_RS09160	89.04050771090937	-1.6327832556847486	0.2287674213145869	2.86980801181543e-13	9.200854034403035e-13
SC_RS09165	290.23863249254055	-2.096373176990458	0.19096333465255638	9.216036683642895e-29	6.030084694337418e-28
SC_RS09170	270.28052227449604	-1.6382383487345622	0.23640981136356629	1.1054538432365877e-12	3.4409525707161666e-12
SC_RS09175	107.33458197360791	0.3032841280645088	0.24039523949236272	0.19409645819052282	0.22121596332255258
SC_RS09180	236.67548601222512	0.1880186901219355	0.19903695621861758	0.33588557067500885	0.36846477211507217
SC_RS09185	127.25107621083933	-0.2018325861642454	0.19752655347923023	0.2963817874122395	0.3279590786881533
SC_RS09190	600.5770380450956	0.015621174613512062	0.17717901547152662	0.9287346364262242	0.9357137872669733
SC_RS09195	34.954885533914045	3.5865417055092492	0.49645791818047935	8.191055886644871e-14	2.710989502159752e-13
SC_RS09200	31.611006594227337	1.3333744456934193	0.3848765784731497	2.0680452251779771e-4	3.2703764723273433e-4
SC_RS09205	13.274394270193156	0.05713478799561991	0.4264598266908016	0.8853644202940589	0.8976270930493114
SC_RS09210	174.17307776920583	-2.035497062073208	0.1923752844256369	8.614648489536751e-27	5.1478458640068076e-26
SC_RS09215	203.727443539866	-3.209736628605703	0.276211367828797	5.590438543105376e-32	4.215122067163502e-31
SC_RS09220	78.63422725445506	-2.833700057406376	0.3261890378851047	6.898857085751893e-19	2.8773853026207276e-18
SC_RS09225	264.2151048060132	-2.0540383782751204	0.1862723669277125	6.537672855832061e-29	4.308203721081825e-28
SC_RS09230	202.05724708567686	1.442779386792124	0.23278875416129474	2.007283853798862e-10	5.451827306781882e-10
SC_RS09235	40.501527295100146	0.4327440898345513	0.3284771290574559	0.1633792810977167	0.18797921966212564
SC_RS09240	744.8000720443764	-0.4927088043032058	0.17695490315348983	0.004599964781579378	0.00636519802953018
SC_RS09245	296.0141444198439	-3.077518456372087	0.22203385623719504	1.7218880971288982e-44	2.174178566477482e-43
SC_RS09250	119.88859437455997	-2.993224243546338	0.2712582593325515	4.7013247914140446e-29	3.1175871413567597e-28
SC_RS09260	31.95370732958558	0.7788966937282272	0.3145910495531965	0.009192656510277833	0.01232708658061261
SC_RS09265	64.70997665119583	-2.6660953792239286	0.2859165329900571	2.0524658722812564e-21	9.714302530296524e-21
SC_RS09270	64.80372966786625	-0.6794809287093151	0.3019382756627151	0.01813203288950532	0.02352729377568401
SC_RS09275	89.30728009552945	-1.8271204107260914	0.23882521335138096	4.506099854656194e-15	1.575532495411796e-14
SC_RS09280	848.7135698287859	-1.931886788733158	0.18763219404019715	1.4810203576948914e-25	8.30497651531721e-25
SC_RS09285	489.8221987888849	-0.7792103634210036	0.19756185542766028	5.443271167801925e-5	9.040243601660224e-5
SC_RS09290	3004.4223841735493	-0.4520195143160918	0.20026992296727694	0.021331604272456915	0.027437510885242856
SC_RS09295	234.9048809417696	-1.930632138444238	0.19171706670017674	1.5742350624563842e-24	8.399717330357002e-24
SC_RS09300	93.33451049306102	3.863269363078952	0.34961099276646423	5.048861216673734e-29	3.345040665925617e-28
SC_RS09305	63.649682941028104	5.390941150444495	0.616967745248551	3.0869583178463467e-18	1.26042251582497e-17
SC_RS09310	77.31764756199937	4.359324934770258	0.4288444247698262	1.1166440563134237e-24	6.001554862430894e-24
SC_RS09315	136.8389828404388	4.353737144637652	0.32921351185666536	1.649359117199245e-40	1.767786937533028e-39
SC_RS09320	343.31473866852974	3.4201593789973277	0.2276232370648092	5.21852847148784e-52	8.647512123314906e-51
SC_RS09325	176.88683539552912	3.7253990183339156	0.2937705081709949	1.4494386487721305e-37	1.3844767611458149e-36
SC_RS09330	8.296361210800287	1.2117928958121715	0.6559586588523045	0.02352075164367112	0.030116690852653383
SC_RS09335	469.1366451390199	-2.181160976824626	0.16788558865153141	2.0902380659660922e-39	2.1557224473334214e-38
SC_RS09340	117.6592032388333	-1.3764267374129067	0.24044197813145346	4.1995922514171244e-9	1.0336379593441213e-8
SC_RS09345	191.8638693506886	3.5755491386895715	0.3787169506323923	2.788340206234198e-22	1.3762530576151926e-21
SC_RS09350	423.105502487883	-1.6527195829492196	0.1640917663267589	1.9843970176286444e-24	1.0565302244038718e-23
SC_RS09355	4076.28240940155	-0.776621018308253	0.21847627523594565	2.613926109608947e-4	4.096725001542269e-4
SC_RS09360	374.7272827036711	-1.3918685273028515	0.22483771221531945	2.0936977476025434e-10	5.678163733292075e-10
SC_RS09365	2266.95230614677	-1.7196981066888632	0.20275620848954046	5.696267456055618e-18	2.2953156404892963e-17
SC_RS09370	1345.431282458865	-0.9541001507025351	0.1915558783786315	3.705247507273028e-7	7.619212247247995e-7
SC_RS09375	7166.749986753759	2.4692153377493447	0.21353756608114613	1.0758614794273363e-31	8.005451613821573e-31
SC_RS09380	179.39669490662493	-0.9397572154904654	0.20420651258908415	2.414053706640143e-6	4.592681123004235e-6
SC_RS09385	159.24302564425514	-1.606709272556401	0.19168716579047357	1.5580244502094457e-17	6.160253241739653e-17
SC_RS09390	1341.2533409173911	-2.1711560283349347	0.1890861398982427	2.7057241285012346e-31	1.981331650801202e-30
SC_RS09395	377.6060962233399	-2.3688418919431404	0.21323912296440223	1.6569300996200655e-29	1.1188830178203628e-28
SC_RS09400	207.42408833938407	-2.4209643264046536	0.1962690662571437	8.138619870065685e-36	7.230624448417393e-35
SC_RS09405	317.0864093061202	-2.292683149693931	0.1856171615087626	7.557737863344556e-36	6.747065254758202e-35
SC_RS09410	182.4929261947523	-3.0450220830002204	0.2248120624439325	1.5277930720541176e-42	1.7741647422562306e-41
SC_RS09415	174.35137311934864	-2.560805806619061	0.19779433598369445	3.5985628150118124e-39	3.675318863974668e-38
SC_RS09420	1925.6813901363519	-1.6534566105796284	0.22868510548004453	1.3286080917509988e-13	4.352357205051917e-13
SC_RS09425	1661.526330608571	-2.9932843689609143	0.2182985678155541	8.552220966812739e-44	1.0510679568212855e-42
SC_RS09430	1568.3859569791048	-2.7130240974315445	0.2428491627533185	5.490083796739894e-30	3.7729615952618806e-29
SC_RS09435	225.5445102194302	-1.8527781193412916	0.19062786092004247	6.050351716991867e-23	3.0433351678784467e-22
SC_RS09440	129.0471785923046	-0.7282009829763467	0.1976932667322217	1.6760779600619082e-4	2.6763531566687985e-4
SC_RS09445	691.4001476404909	-1.7520748333809637	0.19662056266250022	1.186829179910915e-19	5.148046101566522e-19
SC_RS09450	475.22924181119885	-2.0026556075327635	0.18452802927844433	3.468991879185636e-28	2.2071049281376085e-27
SC_RS09455	1871.3754172773426	-1.65031242542874	0.22142810286047968	2.4952096747533418e-14	8.428619396074733e-14
SC_RS09460	75.15130514264824	-0.5552075664856265	0.3005823655617534	0.05162888319836497	0.06344132389680775
SC_RS09465	176.08766068074942	-1.0937972568403849	0.22099354363195894	3.6037892404220206e-7	7.416785335995529e-7
SC_RS09470	598.7872490840844	-1.7971545912730604	0.16924453942095602	5.6853557728221664e-27	3.422352119901278e-26
SC_RS09475	193.5252436930922	-2.23529999459825	0.2160803705211846	7.097000990682694e-26	4.0474311914380654e-25
SC_RS09480	2326.8274256819036	-1.8238098739360542	0.2049582322595939	1.3380361780971112e-19	5.790304446765315e-19
SC_RS09485	214.9797873161848	-1.740875827896296	0.23833648726506054	6.499953015729586e-14	2.156124765541609e-13
SC_RS09490	943.720832333147	-1.8092542525968691	0.19743790076901455	1.3110352212781578e-20	6.004704174972134e-20
SC_RS09495	341.5059771620361	3.1241819671633757	0.20744263434151422	2.9676850395178932e-52	4.984899654078575e-51
SC_RS09500	13122.670724717762	-3.11024174980494	0.2295401220450687	5.208931655823572e-43	6.185291792277459e-42
SC_RS09505	289.10036447654045	-1.3080944343305798	0.16722781533410916	2.040609876165253e-15	7.272816446033145e-15
SC_RS09510	416.1326627731365	0.6853651022861268	0.2011569183957253	4.988705937460653e-4	7.583326650759608e-4
SC_RS09515	539.2426789829974	-2.6102022677034107	0.19383890532458853	2.815033430514119e-42	3.22330070133713e-41
SC_RS09520	407.9878767734997	-2.3363153259444713	0.21019231084811804	1.4700071844393487e-29	9.963081781301246e-29
SC_RS09525	358.16785104710334	-1.0126790939166697	0.18469561566075846	2.2590904602653277e-8	5.2401802623455575e-8
SC_RS09530	1966.485926399061	-1.054039919215834	0.20605642367867774	1.7255899634593166e-7	3.672294485006927e-7
SC_RS09535	878.7905927770166	-0.7545620291985052	0.18871784129213934	4.511532485560846e-5	7.540353705468196e-5
SC_RS09540	598.1177077024734	-1.9280587145510848	0.2050031456903302	1.0419046218595127e-21	5.011744736850651e-21
SC_RS09545	1200.0200305785656	-1.7307519720341373	0.21087750550984716	4.9253355246884576e-17	1.9005454818970533e-16
SC_RS09550	1923.6226439118302	-1.8858566840060402	0.20944867879306142	4.4475189041357106e-20	1.9804350482546333e-19
SC_RS09555	734.4929269810021	-1.7288335365401006	0.20422008939448386	6.417627967105931e-18	2.5789421596424592e-17
SC_RS09560	217.61655165598032	-1.7108597425663437	0.20977020433693294	9.096784123611192e-17	3.457715779768501e-16
SC_RS09565	107.36230895137957	-2.0982936152233234	0.23444458998522894	5.815461421804638e-20	2.5663203186347942e-19
SC_RS09570	261.3404542083308	-2.8242857307510816	0.18468675239037294	8.606359277079415e-54	1.5110307930758001e-52
SC_RS09575	1642.939937105535	-0.712310359626207	0.2053796560077218	3.1604273815836304e-4	4.910449117530065e-4
SC_RS09580	420.44105587096266	-3.4570187817997624	0.24504602030031378	1.73390436517105e-46	2.372135582332342e-45
SC_RS09585	961.5643535920658	-3.5757411421611485	0.17624524833215108	1.390232510892039e-92	7.42867719950572e-91
SC_RS09590	48.55517722582981	-0.9845721900113512	0.28855684317744174	3.6092987182566143e-4	5.571481839737131e-4
SC_RS09595	175.2823880854097	-0.9844910970455925	0.2072439518265656	1.1445815947428036e-6	2.2549144214890284e-6
SC_RS09600	147.888829218343	-1.5985034709375736	0.19193354229311652	2.49768623983842e-17	9.765608871987544e-17
SC_RS09605	192.71749736570465	-1.2592142653678156	0.19586384602809412	5.360956096876011e-11	1.514624147830027e-10
SC_RS09610	96.9085390742617	3.5059083376119236	0.30135581650754	2.609116225550623e-32	1.985513214366387e-31
SC_RS09615	2044.9990982874738	1.3234031668829618	0.20214775682375233	2.4368384221911152e-11	7.038482775259413e-11
SC_RS09620	333.83831046102773	-1.010724890189456	0.20525604781378484	4.5407825784494314e-7	9.276513686091145e-7
SC_RS09625	1733.1389989732988	-2.1466337848674266	0.17182654470813005	1.4335108625569868e-36	1.3131315652789094e-35
SC_RS09630	185.4792786024902	2.781297336279045	0.24462183954514968	6.3965890649760425e-31	4.592838146556313e-30
SC_RS09635	126.57919044295593	4.986623805640873	0.38819325931946524	1.54442164662554e-38	1.5286664727807692e-37
SC_RS09640	267.6297652691996	4.538009532902583	0.28073826986719164	9.655045420966571e-60	2.045870831442744e-58
SC_RS09645	6.637416657712823	-0.6910944164400805	0.6013913550617885	0.16178976573838522	0.18629571089238797
SC_RS09650	22.43777684959226	2.160983021255305	0.5040662251973619	3.84323452989366e-6	7.1728705197256005e-6
SC_RS09655	31.95540244430112	4.789568610825364	0.6196395467319846	2.5268499849111447e-15	8.949563779411518e-15
SC_RS09660	9.699351024411909	0.7539464045112194	0.5572227188221965	0.11269331377235145	0.13264173914721783
SC_RS09665	12.747722140507868	2.6959592389033435	0.6410545780954423	4.3579415268478346e-6	8.078295831818989e-6
SC_RS09670	11.76245463285965	4.577062826938131	0.9703668081297548	6.321708013109013e-7	1.2729730990897286e-6
SC_RS09675	18.03213566978949	3.2821482708855	0.6276284382059052	2.5885177094806697e-8	5.972380973000769e-8
SC_RS09680	14.769512809521176	-1.2822245652378614	0.48799609878571804	0.0033150955283374997	0.004666955789606859
SC_RS09685	678.9477127894988	-0.7278760291831324	0.18740503329831468	7.425325077068602e-5	1.2175749859529436e-4
SC_RS09690	162.00705264227867	3.3431187561204307	0.29054385419011824	8.329242176421993e-32	6.235515919688911e-31
SC_RS09695	93.90565708689245	0.15642553055247832	0.23470349320710307	0.49336689572922715	0.5266484494944009
SC_RS09700	84.78314739331357	1.2879473433284392	0.2891676469991236	3.4791030236578396e-6	6.518014658651654e-6
SC_RS09705	485.72701592952075	1.7654229519649263	0.22678160551815427	1.7032809712534759e-15	6.105976607692334e-15
SC_RS09710	339.53310500929535	-1.5691601592124216	0.22298541453545587	5.330923319408023e-13	1.687858675711239e-12
SC_RS09715	161.6090374550878	-0.9451879164524704	0.20264871991436595	1.8060955482990038e-6	3.4818689080148637e-6
SC_RS09720	461.10809956796754	-0.9525794816025271	0.18097003848693016	8.193395128888342e-8	1.7944192361277885e-7
SC_RS09725	142.4915465112837	-1.052529974472077	0.1986979171649209	6.211704295232365e-8	1.3767690854536656e-7
SC_RS09735	26.748209663428806	-4.2775671500088865	0.5564313203665059	2.225787804813794e-15	7.917491207282642e-15
SC_RS09740	12.494579577979657	-3.3088391071326373	0.6858085882949094	2.867832559427387e-7	5.963733021211944e-7
SC_RS09755	646.9062015662128	1.24917248855515	0.22596705901521838	1.4328690306970356e-8	3.3800307845041394e-8
SC_RS09760	44.44218880568777	1.4987670201780194	0.3131441761314905	5.716889200450969e-7	1.1565525641735375e-6
SC_RS09765	1522.477216421782	4.190909599823077	0.22368448866439794	2.263011426315727e-79	7.908742302204819e-78
SC_RS09770	1615.9419996943186	-1.628182577668046	0.164841737337101	1.6883388345146525e-23	8.687934798123551e-23
SC_RS09775	136.5467143580332	-1.7524863834142372	0.2138117490240636	5.961309206567358e-17	2.289515317147276e-16
SC_RS09780	310.8626827037649	-2.1092415510589615	0.17137652561766334	1.4989683996341582e-35	1.3143154552797007e-34
SC_RS09785	2527.5579317563256	-1.520129956278985	0.18817837963000525	2.1380664608014477e-16	7.966701405735156e-16
SC_RS09790	78.88120783347944	-0.8226551716720876	0.2551434000973941	8.541928024933473e-4	0.001271204384578394
SC_RS09795	120.58875333628306	-1.4752869002327917	0.21812163709819274	4.612284077151603e-12	1.38820337897616e-11
SC_RS09800	786.3360309081885	-4.4872991890442915	0.18457457628877982	2.035956056882044e-131	2.4611704858111792e-129
SC_RS09805	124.47826187668096	-2.5241443667953223	0.2681330834194656	9.001575403942172e-22	4.338406341743109e-21
SC_RS09810	159.4036878000274	-2.5170467922461324	0.26332123941554597	2.2659948683197166e-22	1.1229466504697306e-21
SC_RS09815	125.73337286239742	-2.053121726195596	0.21525265265465415	3.487174668721424e-22	1.7165838456042577e-21
SC_RS09820	155.84990782374587	-1.693697519010633	0.2273233782124663	2.2856028823261165e-14	7.738308381208808e-14
SC_RS09825	223.18454693216847	-1.9636729371112347	0.18294693683649166	1.502348390351062e-27	9.2860997740559355e-27
SC_RS09830	255.9105785002734	1.2066273695487766	0.2153592156002266	9.515523663104578e-9	2.2722626778410997e-8
SC_RS09835	57.152097626056424	2.7311380776602356	0.5544489635843141	2.426730671921606e-7	5.085169643293528e-7
SC_RS09840	2670.5693071573664	5.35292223288782	0.29429401571168745	1.039955934363662e-74	3.249421635592222e-73
SC_RS09845	229.95492008354157	-1.9596006779752233	0.19783608886407855	6.91435384158889e-24	3.616059945239466e-23
SC_RS09850	284.77510277554035	-2.319826469962079	0.18727355537232515	4.970304042492074e-36	4.4587618016224524e-35
SC_RS09855	398.627852709373	-1.900201624568982	0.23142787382073754	4.586978749480778e-17	1.7736959254678163e-16
SC_RS09860	135.50726314287397	0.17891915666219868	0.20654892360290186	0.37621020202023453	0.40971407911640956
SC_RS09865	175.4871252792144	0.7317899149458472	0.33005101947885845	0.018971865415028027	0.024539297591723675
SC_RS09870	345.321456635992	1.9332562715440536	0.26142928699371654	2.970000890470822e-14	9.995794872812343e-14
SC_RS09875	123.1886262181593	1.3327262046664152	0.24926968532558824	3.463569230256935e-8	7.902338955419133e-8
SC_RS09880	58.70774634242975	2.7313780219640584	0.33012541286080055	2.0655717206597315e-17	8.110503657159137e-17
SC_RS09885	37.10090688288702	3.5476767068662647	0.4726274793267265	7.866387542412249e-15	2.7258807207588314e-14
SC_RS09890	20.1521781096909	2.562732773557558	0.48943311290098224	3.2953876941938647e-8	7.53027234489791e-8
SC_RS09895	139.9776148728142	-3.5315702026489566e-4	0.2058013033121764	0.9970605936648517	0.9973310930120206
SC_RS09900	227.23592338096074	1.065064115579458	0.25402416602114203	1.4570837219788992e-5	2.559441487820963e-5
SC_RS09905	90.94804852729996	0.7403413114821195	0.27118492276088424	0.004601111072250081	0.0063655896898259096
SC_RS09910	106.62773275790083	0.4006404634094891	0.2809556498203246	0.13856651765784153	0.16086106757067434
SC_RS09915	76.99624187147255	-0.06513423883234944	0.28292382668602895	0.8090010514683139	0.8282556291012623
SC_RS09920	32.102501767622705	-0.09630776800624093	0.31899329212460614	0.7493725805142945	0.7716622550918038
SC_RS09925	88.62964209396333	-1.5212498175375202	0.23793705749908667	5.138945330757478e-11	1.454686482495418e-10
SC_RS09930	29.35574062175991	4.946274326891028	0.6962119506147176	3.910320759720091e-13	1.2460978946489176e-12
SC_RS09935	58.87555270165233	-0.300644338203701	0.25587551767181355	0.2228518360762209	0.2513858710763428
SC_RS09940	26.01347981332163	0.3030926626064549	0.3240846111566155	0.3249250688204504	0.357398188765215
SC_RS09945	31.334512131176105	0.19248845025446554	0.3108956802039593	0.5171630895524799	0.5503767675508713
SC_RS09950	39.43443157576969	0.618818881937201	0.32734800019885846	0.04586762850887028	0.05671158494708407
SC_RS09955	60.01356790977022	-1.4904901553383025	0.3067476909854273	4.2884421178202454e-7	8.776844900584648e-7
SC_RS09960	62.067713300250084	1.303609742042066	0.29440697801747673	3.851602083657168e-6	7.186668462775292e-6
SC_RS09965	104.59184737639885	3.918584835105773	0.360344506586364	3.450552699943696e-28	2.197269050896789e-27
SC_RS09970	612.2481796495318	-2.235871252234711	0.17469409392547444	2.599071806285434e-38	2.552004726970545e-37
SC_RS09975	28.96729209974578	-0.9579258695163126	0.3574288209673229	0.004193334418937256	0.005836475652178808
SC_RS09980	68.75677187872253	0.7463534009765851	0.2627875105474418	0.0032485638385657094	0.004581164609979641
SC_RS09985	3645.4202269779976	-1.1965774705948746	0.19922747891366632	8.586666492311341e-10	2.2326543975424484e-9
SC_RS09990	2017.0457445829152	-1.552453684620348	0.21608649183835102	2.0460971638562038e-13	6.605919652484958e-13
SC_RS09995	231.33008826046228	-0.939977036270888	0.17595563133430836	5.4371881328633005e-8	1.2127593857148815e-7
SC_RS10000	306.10249100067114	-2.7244763863687558	0.1968330679661306	1.5636071899023423e-44	1.9879378307482538e-43
SC_RS10005	3385.466864417246	-2.5267348834279453	0.2499616469910946	7.008792360687188e-25	3.811418500568387e-24
SC_RS10010	1362.1438922020318	-2.4145705747216124	0.23826997094967106	5.600990929357558e-25	3.059385712080195e-24
SC_RS10015	12778.247553351817	-2.245382452111672	0.22240575944245985	9.795978689590558e-25	5.284238980032244e-24
SC_RS10020	201.15852532940687	-1.4108963135717967	0.18154442461173026	2.691844117002016e-15	9.520219913080511e-15
SC_RS10025	192.75325466279062	-1.165367387638035	0.19630483402707744	1.3278946750656956e-9	3.3940711729408803e-9
SC_RS10040	24.95175140096016	0.7396843897624144	0.37704305119623227	0.03469550893688119	0.04353321131539253
SC_RS10045	134.81245881843216	-0.8189373569119848	0.20410300963431993	4.0280648936866754e-5	6.773762947786898e-5
SC_RS10050	187.06020691529946	-1.0517847689790978	0.19325194144578836	2.8110749715245022e-8	6.451561419241107e-8
SC_RS10055	196.15242311427022	0.17676792630701244	0.18989238668836594	0.34329676711261603	0.3762589715648678
SC_RS10060	128.1297843219804	0.7946428072425661	0.23469561410976814	4.840370566701855e-4	7.362395329797746e-4
SC_RS10065	29.846680780989786	2.6033492514879732	0.41015334242622464	4.114757730040486e-11	1.1728729610096073e-10
SC_RS10070	29.64443334404795	3.3306152778999203	0.46687410986467887	1.644738554160354e-13	5.352295718613614e-13
SC_RS10075	39.71068883565524	3.149320344656207	0.38986112989028465	1.0524679005784776e-16	3.9779078928066087e-16
SC_RS10080	46.22290743804073	0.11092810137856828	0.26768252515292973	0.6697468337814544	0.6970660765426174
SC_RS10085	43.1973730974814	-0.07200496654754374	0.31279237241387364	0.8074890445352294	0.8270033631114975
SC_RS10090	250.41632783878808	-2.2153257154404393	0.18000112843342922	1.4784943436761706e-35	1.2979068202700096e-34
SC_RS10095	36.40460097790231	1.7234939594573957	0.3502756719287344	2.422150898824747e-7	5.07845912082277e-7
SC_RS10100	105.5440549377518	0.7511404744598301	0.24663081811993565	0.001667257268857906	0.002417768947995713
SC_RS10105	199.55808274470832	1.0516308764775988	0.2160422638793973	5.932504537918219e-7	1.1978720827658528e-6
SC_RS10110	1223.8553376059076	-5.09653814453587	0.22484736382163004	3.687333361807584e-114	3.441822305059383e-112
SC_RS10115	801.0311325407312	-5.507321330766542	0.20823716911061937	3.641203327561609e-154	8.390697917949783e-152
SC_RS10120	157.44392211936122	-0.5856963658065919	0.20581104085273488	0.003591839037335875	0.0050354032435959584
SC_RS10125	5135.373888746689	2.69352672448827	0.2096130110633324	1.1892723535398767e-38	1.1818995060651012e-37
SC_RS10130	276.48852132359684	0.7982167484286739	0.21550207466086466	1.4577878303599566e-4	2.338931127300766e-4
SC_RS10135	278.4270782684385	0.8861350359293984	0.20693919956213086	1.2023756567648475e-5	2.131326464659612e-5
SC_RS10140	7555.238368040224	7.7421665579811485	0.30713919795130296	1.6785479085885394e-141	2.4755224555863777e-139
SC_RS10145	1617.606705618864	8.842602753792466	0.5709849023634598	1.6859985374458383e-53	2.918439721860472e-52
SC_RS10150	1135.190385338827	8.984454204470739	0.732869135107066	2.1200638864054862e-33	1.6919211145404822e-32
SC_RS10155	1225.0006381869575	8.268768869724548	0.5446525784560307	1.290291355219093e-51	2.119066470687214e-50
SC_RS10160	4672.209149365446	8.360637103650962	0.3678592874019253	4.980089341949258e-115	4.708099847119721e-113
SC_RS10165	2516.2614664405223	-0.41427365648159875	0.19785436703399542	0.03246792592982494	0.040919242147757495
SC_RS10170	1316.9823509599066	-0.6313140086838759	0.2011494998359282	0.0013245482622971482	0.0019356359267101012
SC_RS10175	1928.9081174067053	0.16701027112025835	0.20621736976438104	0.41030061346206187	0.4444119746870218
SC_RS10180	72.23237322041729	-1.2574445419897948	0.25854234159969536	4.7020654828688805e-7	9.588780661138032e-7
SC_RS10185	95.3212879174967	-0.5886744598958563	0.24970067619917108	0.014744851576605739	0.01934327264292665
SC_RS10190	653.8270577814299	-0.13870525588010105	0.19893965364734598	0.47536615671727195	0.5086114392967446
SC_RS10195	604.3221040644006	-0.5918363044003004	0.17854994604852084	7.365244942572116e-4	0.0011016494159538902
SC_RS10200	2301.634337387808	-1.87782271962416	0.21391336502441366	4.0809973895772317e-19	1.7205988994135224e-18
SC_RS10205	310.97145411621955	-0.8021054775369303	0.19803157099742294	3.50236990273222e-5	5.936188127712302e-5
SC_RS10210	5910.6618694413855	3.2434351000102906	0.20681849865580407	1.9946501787476723e-56	3.870671162654036e-55
SC_RS10215	144.96203515872241	0.0839567954294879	0.2188097114748347	0.6958308859389803	0.7204516923496267
SC_RS10220	116.37982795229134	0.8091155413967871	0.2196490162876963	1.6035186350357356e-4	2.5638218592266944e-4
SC_RS10225	3733.8096673589494	1.7367112934773226	0.20084563899894287	1.5495239225165877e-18	6.3940623417108666e-18
SC_RS10230	3154.8819780870112	1.4536543950898915	0.2022478010023538	2.4527110820315806e-13	7.877304668510835e-13
SC_RS10235	2193.9487797967768	2.246071820536739	0.19581326317327105	3.280691907637068e-31	2.3881364389847722e-30
SC_RS10240	1991.0313971297282	2.8025048984089125	0.22081411806175796	9.015870175858387e-38	8.690591722454869e-37
SC_RS10245	2227.4061616083886	2.83206312199742	0.19565699148472362	2.1636309740422637e-48	3.2166562101991234e-47
SC_RS10250	9984.594718959139	2.709214406883501	0.21820700714520389	2.1818836606683575e-36	1.9838730103290344e-35
SC_RS10255	420.7486167910813	-1.348698086787569	0.22614348845914184	9.063549531133999e-10	2.3525031412383707e-9
SC_RS10260	55.17089666202944	-0.19509137381634498	0.24946089479483385	0.4177737161048226	0.4515115612717224
SC_RS10265	1050.8733256322967	-2.2796982761214952	0.22598291816154217	9.870428882839626e-25	5.320507498688553e-24
SC_RS10270	457.56079695505235	-1.2196604381294927	0.19181328147189017	9.130596181909123e-11	2.539759194469931e-10
SC_RS10275	572.5661120753459	-2.37459647057753	0.1722877722642587	4.2747548072361103e-44	5.2978221762284165e-43
SC_RS10280	665.1310479664504	-1.1753300066945511	0.2159741240995286	2.1866673043615376e-8	5.0801779150478824e-8
SC_RS10285	1415.3136236925454	-3.6733965535370294	0.18238525069986647	4.5786602041412424e-92	2.3776788975589806e-90
SC_RS10290	163.54082119608105	-0.7352144550037424	0.20625415134206776	2.6094013250872196e-4	4.0905028425155523e-4
SC_RS10295	2048.713644668172	0.7631763397621179	0.20919135664073757	1.8744094502878484e-4	2.979063426189709e-4
SC_RS10300	174.7974589949859	-0.4212455780313083	0.21539523708970404	0.044685317770242164	0.05530539329267636
SC_RS10305	286.8520660448298	-0.19100146834192888	0.24087699616626196	0.4118812750478307	0.44577611098913594
SC_RS10310	394.7221898889957	-0.9207892083954794	0.1983970490704055	2.072237856102597e-6	3.9679776553883535e-6
SC_RS10315	522.0822872814806	-2.0927869129756353	0.18837563534788507	1.9071337258445532e-29	1.2808018300890468e-28
SC_RS10320	852.0168025548056	-0.7903262874992751	0.19334387844170114	2.9807171020052064e-5	5.090275106573968e-5
SC_RS10325	1344.1521347565765	-2.060672966928459	0.17422205382162803	5.003527222332345e-33	3.963051529267316e-32
SC_RS10330	225.64301115906974	-1.0399497697342535	0.20018123028239201	1.0578163691816384e-7	2.292868285227925e-7
SC_RS10335	370.5221058930652	-1.355720914370078	0.18850540818228623	2.3456967139709144e-13	7.546757228979722e-13
SC_RS10340	180.37466178276063	0.3704049953878829	0.20770316971204977	0.06879163170230138	0.0830636142414885
SC_RS10345	85.63597636672534	-0.29275353776132745	0.24187990899049994	0.2118877736440993	0.2400092846162194
SC_RS10350	32.216002493110814	0.8156427110833807	0.34959614699586855	0.012959139286644156	0.017113304638200932
SC_RS10355	234.63237012114885	-1.3455400297855964	0.21651653742637747	1.9315646805513964e-10	5.25391293042641e-10
SC_RS10360	103.87142443672288	1.055657044039141	0.23400828024352127	3.4893626558486836e-6	6.535575368104697e-6
SC_RS10365	778.0824891546027	-1.6363859470968167	0.18533131598964436	2.8536008385758224e-19	1.2149222045991982e-18
SC_RS10370	458.98020940934657	0.3827356071425168	0.19132718723278722	0.042078659762316936	0.05221946097060334
SC_RS10375	232.4053415834765	1.3719159082435852	0.20430003178034514	7.199623975807298e-12	2.1450516039435563e-11
SC_RS10380	926.1654837758435	3.5472053083898367	0.2352972383921786	2.4239798582680187e-52	4.08091951481013e-51
SC_RS10385	3417.080904511002	5.967316015714449	0.2761308148365	7.649101215589085e-105	5.12767930579581e-103
SC_RS10390	830.9590447497667	-0.2469936608103787	0.1795644552942457	0.16141864314545004	0.1858974034912617
SC_RS10400	60.35676155492742	-1.015660273099933	0.26161923266265846	5.758076938940775e-5	9.533017365906887e-5
SC_RS10405	132.82330016552265	-0.6751211059367951	0.19835336419923177	5.03069391083861e-4	7.644001009380571e-4
SC_RS10410	185.24348126497912	-2.2359321757506443	0.21944677634580617	3.0770278460548793e-25	1.699909327525028e-24
SC_RS10415	92.04043235116332	-1.3139442104223173	0.22569626197943754	2.4478941675466457e-9	6.139718228397608e-9
SC_RS10420	54.78552631062142	-1.0315078084109086	0.2782600713571108	1.1239208300417273e-4	1.8167014907338223e-4
SC_RS10425	44.8367458614951	-0.8289354721326012	0.3072301839220737	0.004523056557707488	0.006265831120897053
SC_RS10430	70.2944110234288	2.984639467682581	0.3746067929053389	3.1968934981524616e-16	1.1816487546554512e-15
SC_RS10435	30.31625669407818	2.7890739234630972	0.4511692451816307	9.613570860245962e-11	2.6660575977229683e-10
SC_RS10440	66.67798743018346	3.1388931131565165	0.34502018955087105	2.1014145585537816e-20	9.512480635221354e-20
SC_RS10445	16.784489208073907	1.214273647200606	0.45111003994141974	0.0030839802131672565	0.004367441922776138
SC_RS10450	20.26360180087813	-0.4893199797685503	0.3974211844179133	0.18128270094593157	0.20744547435991614
SC_RS10460	24.843528175426584	1.4632773233545773	0.46048347214061397	4.8075815032429795e-4	7.31553982767514e-4
SC_RS10465	52.23331521170556	0.6555888597231543	0.28207424492894195	0.015547309187501098	0.020316473143475653
SC_RS10470	130.58914489695294	-1.3083402650142095	0.2032239727551695	4.9772611842363094e-11	1.4110851200522317e-10
SC_RS10475	19.352592999565836	2.9785423489016227	0.5156759787051548	1.4117935309650883e-9	3.6010257687085993e-9
SC_RS10480	55.010772658323475	1.302463277360363	0.3036687916517087	7.4943823436370626e-6	1.3601667586015186e-5
SC_RS10485	71.50949686153211	2.694181376174897	0.29985681836893424	4.095078484763672e-20	1.8257018589266816e-19
SC_RS10490	279.8186170267887	0.9569367852124135	0.19360316764747934	4.5446765176036683e-7	9.280654843757809e-7
SC_RS10495	185.9512000906279	0.2957497646164104	0.2166063573194572	0.16231214182939765	0.18680969780708262
SC_RS10500	131.66434251522787	-0.5141461176512662	0.20493092822904188	0.010238727232195797	0.013657810168272756
SC_RS10505	60.29560986701006	-0.5822585529272445	0.2522517317349224	0.016995957928626328	0.022103737877546832
SC_RS10510	592.906035509205	-0.631686749084729	0.23731714239946097	0.006009506058640438	0.008229173198962783
SC_RS10515	243.07805341756523	0.804432396296262	0.2850063647358892	0.003201089464907129	0.004522865245109249
SC_RS10520	30.036149363824084	0.4893985606440407	0.3596233754062245	0.14638980403542218	0.16964928727914555
SC_RS10525	26.079780092933735	0.7150656314207933	0.3709839397295005	0.038477958405207	0.048033936901980094
SC_RS10530	42.99515127117011	0.14409833590585103	0.29248236519135107	0.6125213992190626	0.6426768352079351
SC_RS10535	86.80352123017059	0.06254174077364656	0.22124296064743984	0.773006790156981	0.7941620530083803
SC_RS10540	64.15642350216632	0.8879028334485428	0.33630158388280607	0.005107366591938587	0.007033001166938402
SC_RS10545	98.26766831629627	0.8296570550100184	0.2525872091586181	6.829509386763704e-4	0.0010240098051646108
SC_RS10550	22.804786697874185	3.206107695394458	0.5234870301019064	1.605818699909161e-10	4.392176221487445e-10
SC_RS10555	30.257507191037845	0.030472371785098363	0.3262637032579272	0.9226452860137034	0.9304685912288087
SC_RS10560	94.20888827514568	-0.973476324410122	0.2431413627391269	3.647449541200017e-5	6.167459967165541e-5
SC_RS10565	73.1504471457127	-1.9423954600309972	0.31729130888184803	2.2743575878708356e-10	6.145515886024016e-10
SC_RS10570	29.615418991525246	2.295220211933164	0.46820042116988664	1.6860124293262668e-7	3.5922148667587094e-7
SC_RS10575	31.431875642773427	-0.008187353194879914	0.30936285000482433	0.9760952694840381	0.9783507567181321
SC_RS10580	328.2353079182054	-0.21839339108614156	0.203597215528163	0.2712368618380465	0.3017653318035237
SC_RS10585	130.198568232023	0.5738397454981377	0.211926735351583	0.005576628838541697	0.00765346381079592
SC_RS10590	38.082167972742376	0.48173923900958415	0.32344259000273884	0.11667696477347202	0.13691533071922068
SC_RS10595	129.93048249651957	0.3025367769856507	0.2058336797010146	0.1335460924282767	0.15535082592934413
SC_RS10600	84.06220112640624	-0.006033624211661695	0.22122801602240183	0.9764613856974635	0.9785847048291786
SC_RS10605	40.877976319966756	-0.023498035971449033	0.3233142261023451	0.9373743813315856	0.9436448720735989
SC_RS10610	40.67568543589497	0.03977668189794541	0.296724786794236	0.8904655722032477	0.9018394629071211
SC_RS10615	2616.681779179843	-0.09992953898720498	0.1917459712965678	0.56383459944281	0.5955760401505917
SC_RS10625	9.172536859340017	4.812736192632072	1.0839062119883835	4.508957225602629e-6	8.356132340184416e-6
SC_RS10630	215.36632847010537	2.8068213119426524	0.23323768514092405	2.599189783915669e-34	2.1391099851109536e-33
SC_RS10635	73.4882954928026	4.999223420099675	0.49971403284496885	7.766365620382924e-24	4.0501541785504725e-23
SC_RS10640	159.81666994324107	0.9560013322025472	0.21759399087148926	6.376266558103114e-6	1.1652686393916322e-5
SC_RS10645	43.12290135270575	1.1393673646447344	0.3118510977095184	1.2667884353959153e-4	2.0395846992597117e-4
SC_RS10650	39.561840952539626	-0.22873026387156695	0.29661719835381806	0.4195480361236259	0.4532962957326912
SC_RS10655	49.627044621425725	-0.02696725486995501	0.2662314188947681	0.9122253411434366	0.9213463451022739
SC_RS10660	57.58728805635266	-0.33363139755935944	0.26247398635942	0.18724877614301152	0.21390743226623812
SC_RS10665	275.0922357103394	-1.3478499517847822	0.1894478584655704	4.275518024578288e-13	1.3583657868694656e-12
SC_RS10670	203.98550007963	1.8522338586093454	0.27556667197009443	3.963064699231658e-12	1.1971994712058272e-11
SC_RS10675	61.20927282640855	0.18964837792690326	0.26178033534728085	0.4552609114758333	0.48887344709812075
SC_RS10680	28.51746341607404	0.36164528199760543	0.35223924986561206	0.27557258278729946	0.30617330502840834
SC_RS10685	11.985840844277984	4.102670140143128	0.8393378709165281	2.3640015335723024e-7	4.96359547510312e-7
SC_RS10690	18.967732368228628	0.13544299512747215	0.4479923825027765	0.739050703239307	0.7619910354707283
SC_RS10695	17.930306729692106	1.0299379289540829	0.41934910057080704	0.007276035170321687	0.009871846061812716
SC_RS10700	69.83315734764159	0.7941431372796784	0.2400339312190669	6.565897522158901e-4	9.864899822412336e-4
SC_RS10705	146.89620379139444	0.509410653098096	0.19786331544948899	0.008716910593289766	0.011716824410302357
SC_RS10710	13.825032229917873	4.241883981163209	0.8061330333399976	2.8580896981729274e-8	6.553343729579343e-8
SC_RS10715	15.122532534896342	3.6583246364939206	0.7077034464765688	3.3438667371180434e-8	7.636318773461894e-8
SC_RS10720	41.37827866208905	0.24598516603496073	0.32333705231463017	0.4249919231963049	0.45884193874810425
SC_RS10725	38.07945488871897	0.46451489037081634	0.30176118472499025	0.10712774667202367	0.12651505508640334
SC_RS10730	46.26518493876029	0.8781410604591274	0.28251093656075504	0.00121231364604915	0.0017754917231313668
SC_RS10735	25.74042288846322	1.3974202553868142	0.38133276964502216	9.298290119603454e-5	1.5122538893241262e-4
SC_RS10740	64.76154459897786	2.629772960774258	0.3113821557399208	5.6144517618019705e-18	2.2648231559916702e-17
SC_RS10745	343.8267114606625	-0.9935146173887824	0.18118250894537716	2.3012557966823632e-8	5.334630696238839e-8
SC_RS10750	250.31948794535745	-0.9798876973013975	0.19135866377634456	1.713920421332711e-7	3.6485130447192293e-7
SC_RS10755	733.8625485451752	0.2980750095533006	0.2377382729415702	0.20119405793343195	0.2289160597440406
SC_RS10760	114.3203146942621	-0.6757766398817525	0.2419529229984501	0.003968414901884044	0.005534914221012472
SC_RS10765	237.05250151411053	-1.7450623248729682	0.18874069916922767	6.998614398168167e-21	3.258067081571469e-20
SC_RS10770	243.45940649706802	-1.948043194243268	0.17951492360411678	4.132636319819945e-28	2.6180464108550063e-27
SC_RS10775	1537.7791923825407	0.2181805476934805	0.21618032830133616	0.314627412061665	0.34721079565140944
SC_RS10780	197.10728879320425	0.052411755602104836	0.20656225021609576	0.7972583319657207	0.8174313773957503
SC_RS10785	514.1723740670409	-1.6870676658769894	0.21381908322262325	7.794542391369889e-16	2.832772577326839e-15
SC_RS10790	195.57859955354868	4.5976002444398425	0.3745534451593846	4.037127499112505e-35	3.469671116370118e-34
SC_RS10795	48.89478344202013	4.018081805656014	0.5723288557035594	8.204333491158491e-13	2.567858877920319e-12
SC_RS10800	971.5670715857432	-2.3888707834503595	0.18424605369434663	2.7131001176474167e-39	2.7864067224975e-38
SC_RS10805	267.47699826499274	-2.716507792456817	0.18147437379868048	1.506114036067612e-51	2.468018867102794e-50
SC_RS10810	254.21361251332155	-2.787366317738692	0.2191345621998559	4.5683829705620787e-38	4.455986246683171e-37
SC_RS10815	130.2878570934562	-0.7800262805648102	0.2072220469465815	1.1434946646125005e-4	1.8471258832097653e-4
SC_RS10820	58.30324780948901	-1.1072780207153192	0.27282158416543634	2.535937740212269e-5	4.361008604553469e-5
SC_RS10825	8.268232097315641	1.2305550241606813	0.6285069707189089	0.01874597311218231	0.024272661234281363
SC_RS10830	38.63125353176158	0.08620398124383728	0.2949364733397144	0.7622909485489084	0.7839795613109695
SC_RS10835	158.53884668036176	0.10172698067640855	0.2048734375700109	0.6132834009422518	0.6432017918572273
SC_RS10840	203.27609246384426	1.109851222323697	0.23106883936185466	7.932403513152791e-7	1.5826175191014254e-6
SC_RS10845	263.24801234441406	-0.027029024778384904	0.20694190243110405	0.8916449220633508	0.9029098675219923
SC_RS10850	935.0727988920696	-2.221879355270386	0.1732455854396206	1.8529453395881943e-38	1.8315843075232364e-37
SC_RS10855	143.15415902729487	-1.8561160139521888	0.23494751133987074	6.013066651546219e-16	2.2005138207693213e-15
SC_RS10860	264.6679806978675	-2.305763826584875	0.18139814496816573	8.991909896286924e-38	8.67884078209683e-37
SC_RS10865	910.1097444534302	-1.3184187007962862	0.21201043451372595	1.9499032147461027e-10	5.301838608236638e-10
SC_RS10870	2766.468718690214	-1.1229109825765342	0.20516380418212096	2.176947778256628e-8	5.059190960247203e-8
SC_RS10875	199.5391337173973	0.05443972314300859	0.2502866678469337	0.8241156480152456	0.8419269587786673
SC_RS10880	209.09461449023996	-0.46258826779056866	0.1736280928290592	0.00677414558512656	0.00920784323405037
SC_RS10885	494.50407357401986	-1.1167545798416645	0.19410472010453195	4.160658090561867e-9	1.0250816157635552e-8
SC_RS10890	1087.4576733406861	-3.3361686745440675	0.17582675676639686	2.419255083925572e-81	9.148506148137009e-80
SC_RS10895	386.2637293482786	-0.8020862378507707	0.17039630052607316	1.7291534061811122e-6	3.3387738196332864e-6
SC_RS10900	124.64224942875684	-0.36590923948940796	0.2163465237680177	0.08305952488584813	0.09962279383673457
SC_RS10905	153.76598033218755	-0.6232395967493701	0.20002280773446107	0.0014516427201349594	0.0021150787232316125
SC_RS10910	1052.708002263173	-1.243182818118161	0.17979091505581607	2.0331970221014482e-12	6.2417963534454955e-12
SC_RS10915	329.16598681310694	-0.5835544972424838	0.2027200521316142	0.003206919722145314	0.004529367176996657
SC_RS10920	143.57639785544268	-1.088517350887387	0.19325816634017207	8.91802720302476e-9	2.13442170058762e-8
SC_RS10925	110.82030148607842	-0.20060042276788845	0.22313802780506703	0.35598190360080717	0.3890257732938088
SC_RS10930	92.37228536716071	0.31711531427652306	0.2313895957885983	0.1594320762467789	0.1838392697801013
SC_RS10935	736.5600230597796	0.9630358570727808	0.23587614306361773	2.6358122801927743e-5	4.52642751610189e-5
SC_RS10940	516.345196018678	0.6475666394689806	0.21139281211831548	0.0017033443368155868	0.002467189381197827
SC_RS10945	822.8312554286813	-0.013476769707664833	0.1747327895031803	0.9369054813060644	0.9434304273045089
SC_RS10950	420.3690941188713	-0.9839492460452381	0.2056636368883978	9.565399844941654e-7	1.8971290601559913e-6
SC_RS10955	84.18393826927417	-0.7493812911654146	0.2640612182275488	0.0032515528020372274	0.004583626526901647
SC_RS10960	357.8517042958182	-2.400388751915121	0.1957540517049092	1.7528719845050724e-35	1.5296660371290419e-34
SC_RS10965	666.2462110659927	-2.6849647890133084	0.16952481361658545	1.705636747049869e-57	3.3719478211114566e-56
SC_RS10975	398.1165759300382	0.6587690501113627	0.3060402563920246	0.023562282399069195	0.030159394273691412
SC_RS10980	326.6643735641538	-0.27462338960585725	0.28712305394499127	0.31728692382405826	0.349800255094898
SC_RS10985	75.9259720179484	-1.514188873933519	0.25167869623079286	6.281596153607353e-10	1.6484160155409473e-9
SC_RS10990	1047.9074188970517	-0.8748054558207259	0.2163415290074137	3.132336286549785e-5	5.3331291836260854e-5
SC_RS10995	1105.5172097614438	-0.5354946568613211	0.213404500141455	0.009436307931983008	0.012628554390279982
SC_RS11000	640.6611501364891	2.4556159898323777	0.19892775288591732	8.07872316480055e-36	7.186068108231515e-35
SC_RS11005	1742.084259454771	0.18863030432595024	0.20009058231544757	0.3390403876239367	0.37181496405992104
SC_RS11010	777.5346841471357	0.8796893465020713	0.197167236693901	5.41104962826166e-6	9.942955384700094e-6
SC_RS11015	549.2202354602415	-1.9004460010904662	0.20922960710931549	2.1670174777750933e-20	9.79141353009408e-20
SC_RS11020	56.035298632965656	-0.6084668863008857	0.30062900935188125	0.033804992987363267	0.04248091654546979
SC_RS11025	8552.57514945953	7.605533029260132	0.2864014073990613	1.9053211211321175e-156	5.403783825857014e-154
SC_RS11030	148.20205198835913	2.348036373451093	0.23839630298905065	1.0588108491029349e-23	5.502234814154364e-23
SC_RS11035	180.02002688837038	1.8919567853957713	0.22697744968045697	1.7904863090170403e-17	7.052909210839559e-17
SC_RS11040	126.09503764493519	6.351898129457602	0.47832087390327643	1.4902000030082732e-40	1.6018563880733248e-39
SC_RS11045	104.92643692944729	6.447731048323818	0.5220808052226837	2.48977272244895e-35	2.1624951773072503e-34
SC_RS11050	14.184835260401494	3.5669460208549544	0.6964887268494796	4.7794813395828616e-8	1.0728735280999702e-7
SC_RS11055	1928.5322837940507	-1.9126924621529686	0.18508518760132758	1.0761621875022887e-25	6.076278691149983e-25
SC_RS11060	142.53983610249648	2.7408891414858383	0.22152189226585325	5.801787119376769e-36	5.192036191539355e-35
SC_RS11065	699.1576082075095	-1.3253744122915543	0.18688374824701182	5.066968455970623e-13	1.6077377536285446e-12
SC_RS11070	556.3714008096799	0.5674913452881145	0.21836218157048717	0.0076936959869696436	0.010402147819566217
SC_RS11075	89.93597219031399	0.3940106188306815	0.280316859141425	0.14338627939870927	0.16629921740894654
SC_RS11080	24.422609750888213	-1.8829437014706598	0.3855565495521127	2.5123520548419197e-7	5.254136146456131e-7
SC_RS11085	362.7639662873678	-3.186000389822809	0.20722740826059652	2.25545560337156e-54	4.0466495423994857e-53
SC_RS11090	179.93780305489844	-2.3873467762674934	0.1936720996604175	1.1468399996564449e-35	1.0127901984989968e-34
SC_RS11095	1081.8670263982328	-2.3705618861752256	0.22122000353210558	1.354921064417807e-27	8.410090849340833e-27
SC_RS11100	1355.2794595278906	-2.406690036245446	0.22127137409901335	2.1219676511093737e-28	1.3665842322515739e-27
SC_RS11105	205.63581977095382	-0.623759189711746	0.18428445176166405	5.57722512460135e-4	8.441391229230368e-4
SC_RS11110	186.9123921754879	-0.24784148443548487	0.2027422823998815	0.21085446776037364	0.23894895424389045
SC_RS11115	1011.871837455597	-0.984066121894402	0.21095624957686607	1.741956231118494e-6	3.3626139393371137e-6
SC_RS11120	24.595959821534446	0.4253598342191072	0.3493089828629537	0.1954835430856936	0.22272800474565893
SC_RS11125	134.03105470612505	-0.5139799153363882	0.21956587730461957	0.01614284882583208	0.021067066253720547
SC_RS11130	61.91499663726787	-1.2090603996054796	0.2774322334329701	5.737070155596786e-6	1.0534152222950873e-5
SC_RS11135	987.9826023684566	-0.9515325818253393	0.1991442314213579	9.374062783493072e-7	1.8601813499859504e-6
SC_RS11140	86.4025340929211	2.2632352545727	0.2778596666140878	7.019611854626583e-17	2.6833912812864917e-16
SC_RS11145	19.078773790014502	3.2230601558345207	0.5701780878339645	3.6733482291151733e-9	9.086638658670006e-9
SC_RS11150	1036.8910778163524	0.6281873439921212	0.21618271731528244	0.002924835146098241	0.0041524324927470985
SC_RS11155	41.11281526597132	-0.19437124673916328	0.28986616715862856	0.48380368380323696	0.5171138374206508
SC_RS11160	98.53243659478781	-1.1676528088975027	0.25113664290271326	1.6220466805365522e-6	3.141836675144874e-6
SC_RS11165	261.70515334227485	-2.2163503239568803	0.19524507322038498	1.1184135229777334e-30	7.892039539174933e-30
SC_RS11170	16.668700058053247	-1.1363714642511837	0.48268684969868647	0.008204673010204788	0.011060559191453401
SC_RS11175	515.4300782379063	-1.0277912763966326	0.21849030725474494	1.359752043895262e-6	2.654702560678756e-6
SC_RS11180	92.3976268995372	-0.46225220878934337	0.2135443085232992	0.026603791375806863	0.033841013904640296
SC_RS11185	452.55279505599185	-2.0604201141375076	0.17182546672854984	6.77710243284628e-34	5.522027993349002e-33
SC_RS11190	153.95362098199772	0.041481416204793946	0.20445580235380958	0.8359486189865062	0.8529521400866883
SC_RS11195	171.95206025870365	2.3431526288811035	0.25640052810835073	1.008445072730724e-20	4.641868892831685e-20
SC_RS11200	136.74894593693188	2.4165949768603796	0.2894894406452497	9.61908741956643e-18	3.836189866516109e-17
SC_RS11205	111.8367778810434	2.6257512167209187	0.2675727702909073	1.7890028565683473e-23	9.186704083798742e-23
SC_RS11210	199.72854190457753	2.9093167716045385	0.23479187989605016	4.181041902558604e-36	3.759878413349652e-35
SC_RS11215	84.87290411768724	0.5915923573720019	0.24836675515833767	0.01394246156675096	0.01835267968461649
SC_RS11220	1184.8212005027308	2.4988217191793027	0.22499465949904526	1.7624060724147312e-29	1.186847705752167e-28
SC_RS11225	3130.7417773578672	5.481399579021947	0.22094108472741164	7.303157738027757e-137	9.972867622262347e-135
SC_RS11230	718.9945035341293	-2.7805920236026247	0.18800399960078967	1.9427780606780266e-50	3.0676756786808922e-49
SC_RS11235	352.67159419573295	0.0954477933186989	0.23574530343671235	0.6787675799609694	0.7045653342669184
SC_RS11240	404.67776139021885	-1.3952870972905302	0.16276624568054696	3.676487181911461e-18	1.4953346100063494e-17
SC_RS11245	41.536660410157474	1.278574798814917	0.3441237832187038	8.613128575488642e-5	1.4042275064261165e-4
SC_RS11250	65.79323486453455	-0.12407413984126023	0.24467737720241156	0.6004863103653763	0.6309470009453241
SC_RS11255	325.47787945127106	-2.9668937301862512	0.19311284534734682	4.663497345266778e-54	8.277485252525428e-53
SC_RS11260	18.356276021838863	-2.117815037646058	0.4409687029923231	3.080488213459354e-7	6.386145652530019e-7
SC_RS11265	821.2215434768095	-2.95536717654707	0.1561538667374703	5.693965646590555e-81	2.0993651338979376e-79
SC_RS11270	1347.918791918924	-2.4142322955183855	0.17579300032489836	9.548497360959174e-44	1.167671965832719e-42
SC_RS11275	4591.671505116084	-2.3559783476141183	0.1786565719404044	1.9293620659379855e-40	2.0589169137809992e-39
SC_RS11280	2732.451608744782	-2.5002866630740272	0.19768362493586505	1.5453613738250712e-37	1.4741907853280821e-36
SC_RS11285	690.3106202957691	-2.176276346372582	0.1854476439579533	1.2944945442817548e-32	1.0037437191938653e-31
SC_RS11290	1013.8354319179949	-2.794654728018076	0.18421375676312238	5.271412419020581e-53	9.039859343687852e-52
SC_RS11295	954.7180530142848	-2.5042363454914325	0.18653184222235913	5.186998668785671e-42	5.893517439695769e-41
SC_RS11300	176.3951203355027	-1.9500011972951201	0.2124452894817908	1.0665994531207793e-20	4.903431650444281e-20
SC_RS11305	1052.2039579850762	-2.5591711140534246	0.16386384588870814	5.289905316237421e-56	1.0079525013419829e-54
SC_RS11310	1448.0426140631248	-2.983570169204427	0.16590413638532478	2.150235968575164e-73	6.445463427753357e-72
SC_RS11315	2951.780143989276	-2.864406889514631	0.17522881869973703	6.878096915132779e-61	1.5050174080768281e-59
SC_RS11320	1338.3992714430976	-2.5533032840300094	0.18443289148100234	1.6465429219231152e-44	2.086186856745885e-43
SC_RS11325	1581.913647037341	-1.9346160474505858	0.16624614637787646	5.613406472275674e-32	4.228116376563925e-31
SC_RS11330	8189.01386969517	7.688959420170317	0.2897527943096573	3.212328855212649e-156	8.459897492263597e-154
SC_RS11335	138.1691643000916	0.16685240438803092	0.1995408055140855	0.3944127555031707	0.4282726636843441
SC_RS11340	96.1067199430686	1.950859525036754	0.29836501352122974	1.2789355629451728e-11	3.757319060222193e-11
SC_RS11345	299.94523705162095	-0.575203529986529	0.20825128169538684	0.004639377049377067	0.006416122723575861
SC_RS11350	317.07924144876205	-2.8239873010992023	0.20418053312726067	1.894411400909766e-44	2.3879298581724127e-43
SC_RS11355	714.877121944856	-2.917295237170064	0.2082553506406909	1.2618899196852146e-45	1.6796347053716198e-44
SC_RS11360	511.0114896235907	-3.349855393925658	0.22960656881034866	2.0893787248678306e-49	3.209808066078205e-48
SC_RS11365	875.1319117672932	-2.6323885119686827	0.24986301419201548	6.860521793288532e-27	4.119665122451924e-26
SC_RS11370	310.9129118151923	0.8466759949849221	0.1869879907902311	3.892110385914414e-6	7.2550088511982294e-6
SC_RS11375	228.41317209739458	-0.9829618358105411	0.22891798605504804	9.634341248156992e-6	1.7226874967000404e-5
SC_RS11380	167.3922030929727	-2.0681824758346576	0.23600102574401643	3.1369713416183447e-19	1.33095665552898e-18
SC_RS11385	422.1152562440766	-0.700753466277191	0.1937315741691137	2.2090536553722923e-4	3.4851437001958243e-4
SC_RS11390	124.34650642214297	-1.6648173264729433	0.21378617060912072	1.889916405919254e-15	6.752055996728963e-15
SC_RS11395	458.2319757992425	-0.7062931907324443	0.23502549993835747	0.0018463885697682552	0.002665479505378057
SC_RS11400	36.683242578625254	-1.7869786598966686	0.3458420289097268	6.098489161971947e-8	1.3524889948986808e-7
SC_RS11405	258.08711319230133	-0.38630290292216357	0.17837425384379568	0.02757087069478432	0.03498066078859938
SC_RS11410	31.502983774130794	-0.7365081925214989	0.34300585534151223	0.021744294076789607	0.027958574458979348
SC_RS11415	21.489197848663686	-0.11868119366457511	0.3679853860121103	0.7280684894677658	0.7514033647775095
SC_RS11420	58.793656081942544	-0.4123004454478833	0.28644336658257524	0.1335287042252284	0.15535082592934413
SC_RS11425	11.02054019905409	3.9366910380826456	0.8443288330016184	5.68362166970137e-7	1.150769527522732e-6
SC_RS11430	14.906909522172619	3.2932502020896965	0.641393463157219	4.4872014915233444e-8	1.0109570363120422e-7
SC_RS11435	11.629010367710347	1.5433291369509743	0.547325952393558	0.0014176796843545073	0.00206845468785717
SC_RS11440	33.925086835418746	1.6306765511009529	0.3607724912976852	1.8516385224255015e-6	3.5640779076913723e-6
SC_RS11445	26.294626347033805	1.173743286804879	0.41652784478089816	0.002174609387036625	0.0031161231286451754
SC_RS11450	10.17420803443021	3.11745811125589	0.7385222994930357	4.005385624832295e-6	7.454748510225478e-6
SC_RS11455	15.39730102270028	1.8123629453631314	0.585524111696201	4.3383890600477514e-4	6.630317290941372e-4
SC_RS11460	13.333673672281899	2.5885806920972354	0.6111709885101845	4.013072075295678e-6	7.467169690444192e-6
SC_RS11465	15.548362333590786	1.948657338006017	0.6106738515049588	2.930196474448102e-4	4.564536402871238e-4
SC_RS11470	37.9280859845471	1.127771618184385	0.3678502279460471	0.0010521798079053339	0.0015511343269679991
SC_RS11475	22.319094801425493	0.8900509651588071	0.388476638543682	0.013276251145887336	0.017513251511587336
SC_RS11480	29.130845499066872	-0.25679222582903494	0.3119692078885413	0.3865249629957294	0.4200788617731038
SC_RS11485	10.338451134080346	3.6984032872245307	0.8012509617583916	8.066540394461562e-7	1.6076396991556637e-6
SC_RS11490	17.5458252620891	4.8469602077562195	0.8429964679588706	3.152310246621738e-9	7.839843426168195e-9
SC_RS11495	64.467863462102855	2.4728665807949604	0.32316851639150207	4.317888028487287e-15	1.511158344663752e-14
SC_RS11500	16.834195635009753	1.3594119296049454	0.4608819271281497	0.0011879996058083264	0.0017419584595805527
SC_RS11505	21.27723783257767	1.435521978738988	0.4171389004091511	2.092528729879043e-4	3.307675638612661e-4
SC_RS11510	12.636847813460996	2.836558402995877	0.6292612830953065	1.1450225136948487e-6	2.2551805598252713e-6
SC_RS11515	26.336155174382945	1.4350413079538866	0.459522706456905	6.03859194956256e-4	9.104186676768415e-4
SC_RS11520	21.413016116730812	3.582162420210268	0.6198763690539297	1.1934034056426139e-9	3.066256694497782e-9
SC_RS11525	16.723147133742213	3.476189683751562	0.6818920965845471	6.427828253000563e-8	1.420827504125484e-7
SC_RS11530	18.356232668398142	2.57524863381316	0.5196381431204619	1.3658719740828428e-7	2.931298002586404e-7
SC_RS11535	26.58468027070026	1.2981284406421	0.4097439120084454	6.265371404670883e-4	9.430669266797937e-4
SC_RS11540	7.139678967450105	3.0292489606097024	0.8330824164346428	5.403923583173067e-5	8.978939274970302e-5
SC_RS11545	1234.3642088075449	-0.40524284532973354	0.21936840760941811	0.05707653719657425	0.0696825141204534
SC_RS11550	455.17731184560995	-1.376760550997625	0.17901793821565526	5.24250707806804e-15	1.8278131060838642e-14
SC_RS11555	592.5991536833247	-0.3934000009951102	0.16646734866642185	0.016385258655392313	0.021358475751257364
SC_RS11560	209.60800632893609	1.9097900432235901	0.2994704296243279	4.31117183428428e-11	1.2279096603326489e-10
SC_RS11565	3050.936018752558	3.1512868074018114	0.2234543847865904	4.2388450593845105e-46	5.74581681395246e-45
SC_RS11570	818.9276316122001	-0.18515525125498258	0.1887428856044212	0.31673993677491835	0.34933297842929223
SC_RS11575	3990.9066879347624	1.2064494649299675	0.22550432363689227	4.009731795403284e-8	9.09497454915528e-8
SC_RS11580	484.5742682171279	5.440631492837004	0.38075253083562655	1.4822361352691926e-47	2.1473495602112036e-46
SC_RS11585	23.590653347735586	0.82061072905706	0.3884057184569805	0.022001422782748217	0.02826947056978312
SC_RS11590	28.43894069151042	0.5894618547552888	0.36594831692192764	0.08427151019433468	0.1009943305985737
SC_RS11595	30.123862101259654	0.7161480916514341	0.44207149983455324	0.07310571890195817	0.08809961941216532
SC_RS11600	29.882864598521905	3.2862412283197724	0.5767869390717659	3.6630700371481013e-9	9.064254514741643e-9
SC_RS11605	12.035464602244515	0.19719561339352235	0.4748587918007767	0.6410428033747106	0.6701232821215078
SC_RS11610	63.273540216286	0.6520488080482191	0.2663656767283113	0.011160394546217004	0.014828243132216971
SC_RS11615	803.9806742956737	-0.7623315275508891	0.18814617178710163	3.5536647575413316e-5	6.017158191069984e-5
SC_RS11620	59.35860348103899	0.5206604661112307	0.26312079573319724	0.04016261112807801	0.05000997880081851
SC_RS11625	54.48867677971314	0.17549880365857087	0.2888983070663134	0.5263052213230688	0.5593794612332529
SC_RS11630	2193.198770631448	0.9868497496819109	0.20694445434573597	1.0681853799793725e-6	2.110045269747627e-6
SC_RS11635	2769.559701510246	0.5610236269846732	0.20683001149656846	0.005651787341850245	0.007750842450958473
SC_RS11640	4682.2732247096255	-0.16001329098006387	0.20802935595718536	0.4303594075107191	0.46395764195673134
SC_RS11645	2857.4923117907388	-0.007652583265359449	0.22187984126352536	0.9638437425593027	0.9671225687348345
SC_RS11650	1037.0592120938827	-0.24766686431422086	0.21902811956311727	0.23956940976715674	0.2686412450764924
SC_RS11655	3499.485648199731	-0.12313068585013982	0.21482576129318698	0.5530976029408117	0.5851566318630624
SC_RS11660	7432.911740014748	0.40153853953980795	0.22315946022814498	0.06965045507944383	0.08404556631579427
SC_RS11665	2166.5753644234487	1.0258712620961785	0.20067873542223627	1.7867622191500068e-7	3.7988629527791723e-7
SC_RS11670	52.03176196139281	-0.4700437582834398	0.28519144842135985	0.08503722475227096	0.10186232867499125
SC_RS11675	383.8328004100183	-1.6499853500860127	0.1831989084729253	5.118238653876984e-20	2.2654196778924896e-19
SC_RS11680	225.02295807320021	-0.8608286800046414	0.21625340340354998	4.321114554015663e-5	7.239574468519445e-5
SC_RS11685	1073.9594543970675	-1.4718685616310123	0.22378569980971605	1.5931747011230502e-11	4.6545444715060905e-11
SC_RS11690	64.90896328971338	-0.12724974523917446	0.25392487182085205	0.6039202404366735	0.6341936560780447
SC_RS11695	61.44646346733441	-0.7049281030739123	0.24840220895181883	0.0033853645832502594	0.004761334815351404
SC_RS11700	252.94955561067752	-1.4631742475117908	0.21264238168150243	1.8700944255810086e-12	5.7602657870653126e-12
SC_RS11705	1473.669717169282	-2.304472061445995	0.2125025671633293	3.2807958973811053e-28	2.0945964456526638e-27
SC_RS11710	11314.74863432921	-1.4121878988560774	0.2183628269177169	3.5401033407726976e-11	1.0137756130041892e-10
SC_RS11715	5346.517896421267	-0.8318269611408095	0.2364235873201402	2.99930565203065e-4	4.6689634532560726e-4
SC_RS11720	3578.7648241354236	-1.1164641558400286	0.2185064248591676	1.5813655796802468e-7	3.374128988588582e-7
SC_RS11725	1715.4813642306653	-1.2171920910354577	0.21773521564156284	9.96855303533629e-9	2.3773644916743144e-8
SC_RS11730	1247.2498755739523	-0.9769748851005583	0.21016874275013742	1.9003481015634198e-6	3.6521154289623813e-6
SC_RS11735	167.13418024102683	-1.130279518115885	0.19573687345195112	3.7450785616583936e-9	9.257864335792488e-9
SC_RS11740	234.96560522278065	-0.9360763080075679	0.23836329794717956	5.083171381718005e-5	8.461242837198323e-5
SC_RS11745	1068.3921765315727	0.21303841508510837	0.1806967834662428	0.23048935533030698	0.2590502219487401
SC_RS11750	1059.2816370316978	1.1202075994542298	0.2106773600885182	5.303256197184868e-8	1.1839603753569851e-7
SC_RS11755	375.1723242344689	-1.1338733598790296	0.17749740701928315	8.05292768414966e-11	2.2467759645448203e-10
SC_RS11760	2645.811236529579	-1.5127303398534113	0.22164295450553503	2.731243506111103e-12	8.32927610176314e-12
SC_RS11765	2004.0334106935156	-1.8926553667700647	0.22695449093986414	1.6327756259514684e-17	6.44544296882555e-17
SC_RS11770	7686.575022980259	-2.1003379492775283	0.2132816765897649	1.2869546232320349e-23	6.659651502956509e-23
SC_RS11775	169.11692097361887	3.997138025761603	0.287420599889325	4.9219412741262625e-45	6.378628287417761e-44
SC_RS11780	616.027261559168	-1.1088757677156467	0.1847889485795037	9.670595676205388e-10	2.5012617508361463e-9
SC_RS11785	602.2971328293354	-1.2188431413164635	0.19584511716424421	2.1045671420316948e-10	5.703446565726467e-10
SC_RS11790	603.4984520006246	-0.899678317193462	0.18847568256108593	1.1042581849058328e-6	2.1789670472292243e-6
SC_RS11795	789.4978101808296	-1.1985099943990332	0.16945406073941685	6.702264189859103e-13	2.109368166283441e-12
SC_RS11800	76.47780745267062	0.9101273581688488	0.2591011637553292	2.738924799598833e-4	4.2808036185336564e-4
SC_RS11805	27.442718394832767	-0.42735570346250923	0.35281940130150086	0.19466211246667628	0.22182636645484016
SC_RS11810	116.75786641911947	-0.47690189210369704	0.19797488054118587	0.01382087390123775	0.018199129312094137
SC_RS11815	139.9353924460691	-0.14044333908352694	0.20315605264271624	0.4792579135322585	0.5125522631453044
SC_RS11820	1702.463931869595	-0.8162098494533846	0.19548673015187967	2.0536384924741622e-5	3.5606701724675455e-5
SC_RS11825	456.7946879357331	0.24788994784374896	0.22347557518082006	0.25524589886582416	0.2849634001872199
SC_RS11830	393.1785992664879	-0.4212044406819951	0.19369616588868327	0.02632236906437304	0.033494590074320416
SC_RS11835	67.6372579756926	-0.033332742798375704	0.2641575824087347	0.8949240705151151	0.9057329256078038
SC_RS11840	55.0945466499098	-0.7972826187044476	0.29020217200111853	0.004105475444518422	0.005721749372118474
SC_RS11845	1454.4149580563212	-4.5897581102645795	0.17753213043981347	6.448749459845447e-149	1.1598311833390322e-146
SC_RS11850	794.282898836807	-0.6691842113648567	0.19907511846160955	6.067486066632513e-4	9.142141858469177e-4
SC_RS11855	1652.345720115448	0.016840449597120336	0.2216718771831229	0.9460858687678572	0.9511161821805287
SC_RS11860	1165.5636740098105	-1.749042553131889	0.20119246701691978	8.891757574934165e-19	3.700215595799353e-18
SC_RS11865	116.87376515340469	0.23584949123818144	0.21997409734251455	0.2727059100619422	0.30317102077442515
SC_RS11870	19889.080085615904	9.65661266483896	0.3796434722751508	3.170879354939633e-143	4.9749073113457134e-141
SC_RS11875	6417.958584923049	2.459530529094123	0.238224341604039	8.328761945423038e-26	4.735257562494178e-25
SC_RS11880	120.11395946125052	1.2886068055625224	0.3649465135420941	1.7265813698430087e-4	2.752228928063629e-4
SC_RS11885	725.1597523527166	1.6144441009995527	0.23023125898079927	6.772815465030468e-13	2.1306630221473835e-12
SC_RS11890	244.89591529799978	0.7415915118930949	0.20006090807559698	1.5285468318792841e-4	2.4481981620933624e-4
SC_RS11895	111.53938939856577	-0.6477413712611355	0.20854890158338385	0.0014797310417301907	0.002153876174835852
SC_RS11900	170.43822016115834	0.32806481765275025	0.20501965704448039	0.10239442264510154	0.121333195016066
SC_RS11905	45.41377998253793	-0.037084506198105015	0.2730169848593077	0.8864681744672921	0.8984079602146524
SC_RS11910	110.27479753104639	0.43279842121684386	0.22490409858337787	0.04832970580210911	0.05957593623951062
SC_RS11915	243.31749136439598	0.6866822066629285	0.19516173124608846	3.2890734722102805e-4	5.10065778844976e-4
SC_RS11920	28.178004520724436	-0.9410181566777502	0.3757478296474653	0.007167501574985937	0.00972996255779571
SC_RS11925	184.35181936416208	-0.8920018553092383	0.19151907040250543	1.992580693984042e-6	3.82339059001778e-6
SC_RS11930	187.67585574008217	0.15740503066119402	0.20176001932526896	0.4262018558963455	0.45994621474896125
SC_RS11935	175.033774821172	0.2850682995631068	0.22112192776360445	0.18670070114266185	0.21331730897498588
SC_RS11940	361.6514072136786	0.6741349500848979	0.22461373745854182	0.0020525706419517687	0.0029509954988793806
SC_RS11945	19.05908883633705	1.4402502462001654	0.44108316321768815	3.852491492083232e-4	5.9295078819916e-4
SC_RS11950	33.46823771943726	0.7395796795333084	0.41047462816816555	0.04931841745517349	0.06072366176564525
SC_RS11955	119.18970432424577	-1.2063288572917534	0.2565660364126446	1.2131748072967509e-6	2.3798752404911523e-6
SC_RS11960	29.56472165522867	0.10886355324975572	0.37132419136688155	0.7552982574994611	0.7772215114151586
SC_RS11965	35.7521987898556	-0.8256973210524307	0.30658184050109627	0.004570609357995127	0.006328139956037564
SC_RS11970	78.85364158989728	-1.1104707414422035	0.26538633002326323	1.4041745687802437e-5	2.4712131909750636e-5
SC_RS11975	203.2143581136868	-0.4233477487992684	0.21276425109175817	0.04121766526273257	0.051237198861663856
SC_RS11980	94.18605096953434	0.30425766542273053	0.2503910024708456	0.21027816372015068	0.23836912825094406
SC_RS11985	639.4275868135911	0.46935697556081196	0.21409453708206255	0.024977945468698397	0.03186632696992767
SC_RS11990	173.04433159902567	2.1992760075257274	0.24209224849979233	1.9819841409783103e-20	8.999477250969248e-20
SC_RS11995	369.5850188183102	3.514723168060086	0.26647109097115146	1.2702596893667116e-40	1.3714341067921129e-39
SC_RS12000	87.21919849221227	0.30598055375617317	0.2519228778121491	0.21024945576857873	0.23836912825094406
SC_RS12005	149.36748575321852	1.2306929759240974	0.2822640683913816	5.590158027377882e-6	1.0269513027873568e-5
SC_RS12010	294.64576832475177	0.2702994718926372	0.21027392814383955	0.18882622337767951	0.21557587415807536
SC_RS12015	1339.1197132420295	1.5708355289815508	0.23658060875705245	9.575418955830742e-12	2.8346700414711468e-11
SC_RS12020	19699.811215019854	-1.9136989550988197	0.22122208510623403	1.1173100787377837e-18	4.631278538849025e-18
SC_RS12025	106.8806877271778	-1.7703313541940655	0.23556688680389373	1.3578876929826257e-14	4.655073848467635e-14
SC_RS12030	327.0933193265743	-1.3991210981476547	0.16409612500125126	5.560019110532809e-18	2.2440930991280207e-17
SC_RS12035	899.7876279860722	0.0424215286417074	0.17617066492827446	0.8087467110670948	0.8281763987513897
SC_RS12040	30.345369079969927	-0.9038072578218076	0.36073007121522355	0.0074045532094754165	0.010038826138384211
SC_RS12045	2943.896909284313	-2.1859402133713037	0.21001254610937362	3.929915437135604e-26	2.2782387133205932e-25
SC_RS12050	514.0953380877231	-0.46742286597940513	0.16868275020851378	0.004890990404713426	0.006750170923518025
SC_RS12055	156.72112858089898	-0.7073517461878319	0.22547841849629463	0.0012309183579564617	0.0018023812493190923
SC_RS12060	43.67893757870989	0.4470716638349043	0.27555444282469216	0.0914975325291809	0.10908695309137914
SC_RS12065	13.145069374122597	4.152276948077556	0.8495531186953112	2.6147276235009506e-7	5.457402065014438e-7
SC_RS12070	2824.6167710448753	4.2349481641083635	0.2336921989593817	1.584870273994598e-74	4.869513916848403e-73
SC_RS12075	311.23804013069883	2.9624465370856585	0.2567134254132238	8.795184510090143e-32	6.570991953131176e-31
SC_RS12080	390.4064515015477	3.169371951219822	0.2108529584239555	5.280858388453343e-52	8.73117707543833e-51
SC_RS12085	409.0187614096906	2.876581337765139	0.26490080361951907	1.9126407694905245e-28	1.2360922904665317e-27
SC_RS12090	244.85039484254872	2.832825376253218	0.27016430047800544	1.829906970138848e-26	1.07434187880604e-25
SC_RS12095	1012.8714730016568	-1.8914885251500526	0.20698257638097212	1.2231420411656027e-20	5.616095524006945e-20
SC_RS12100	36.13459290192378	-1.6376259108174076	0.34584571271873127	7.072506658908912e-7	1.4168069574244584e-6
SC_RS12105	3601.429406268504	-0.16452093678386165	0.2033333405937122	0.4109332040349203	0.4449917848557302
SC_RS12110	220.02104835953205	-1.5453443560740943	0.212962406447269	1.4068493982824532e-13	4.602532148595745e-13
SC_RS12115	103.19722847458037	3.7591597824311376	0.4118665303168405	2.2074695682367536e-20	9.961983228994995e-20
SC_RS12120	36.22429406160688	2.5135574718681064	0.42855923464139845	8.499056763306927e-10	2.210654129545865e-9
SC_RS12125	437.8513586523932	0.5330663346601725	0.2071197932665058	0.00846397260777794	0.01138929452732747
SC_RS12130	33.88376892537503	0.34863830263617435	0.34948485883649216	0.2885555524704091	0.3198750216351167
SC_RS12135	115.888161069776	0.9473534548792119	0.22583833459572297	1.6192106607555364e-5	2.8320824033233694e-5
SC_RS12140	243.8448735911546	2.0120647058198746	0.2345726971768021	2.0034127552976312e-18	8.248557039399627e-18
SC_RS12145	108.86450633418792	-0.7202721031642786	0.20071127234463643	2.4289354212570513e-4	3.8149030450158677e-4
SC_RS12150	113.58347520464932	-2.167983501174099	0.26216902052487423	3.010351148533736e-17	1.1745147814437974e-16
SC_RS12155	112.80327262296308	-1.867705448768499	0.2494926669383013	1.912953528241293e-14	6.509515144093814e-14
SC_RS12160	589.4783415471969	-1.3266398123837195	0.19081375010521284	1.3778686428320449e-12	4.263702632078681e-12
SC_RS12165	1217.6926286611535	-1.6690040991801842	0.143216115106921	6.054688663526292e-32	4.551200224754626e-31
SC_RS12170	180.65108349445188	-2.560428280271243	0.27314970396777727	8.165260572395799e-22	3.943066893310191e-21
SC_RS12175	19.273308349611664	3.192509781678942	0.5843317571562454	7.0946078034922605e-9	1.7102202661965326e-8
SC_RS12180	13.830683880298992	4.624527038275259	0.8751494126822265	3.858620436642671e-8	8.768402804253638e-8
SC_RS12190	17.93472940782159	5.4201578005891875	0.9008812538492468	1.2962582515788894e-9	3.3189612316467815e-9
SC_RS12195	14.274416064614766	3.1301190725664636	0.656693312021253	3.0755209398383977e-7	6.377641004040592e-7
SC_RS12200	13.384351607029023	1.82927068064534	0.5866509152904219	4.191604901962707e-4	6.422328592114035e-4
SC_RS12205	1473.181387585964	-0.936264960605049	0.2101442160898158	4.681995530293098e-6	8.652890987564237e-6
SC_RS12210	199.90885604975134	2.8370335046026507	0.3560694480464094	2.767014824791942e-16	1.0248100109500644e-15
SC_RS12215	301.43520340816514	-0.521898810486833	0.21159605047663932	0.011400628795211884	0.015131072126690502
SC_RS12220	408.0086432097014	-1.0957670071311578	0.2096631985361801	8.569797058379869e-8	1.8729603885149127e-7
SC_RS12225	162.483644751342	-1.7627202488371068	0.23672454591322006	2.1267504290337813e-14	7.207103705742235e-14
SC_RS12230	973.8900469804331	-2.3411318977742193	0.19263642028064318	7.870587553753113e-35	6.725111543612451e-34
SC_RS12235	170.99393498265582	-1.6753154418573517	0.22887747516745666	6.093040217716139e-14	2.0220557410188484e-13
SC_RS12240	1102.7844046215919	-0.8829879663659234	0.24378897086109755	1.8121717976877838e-4	2.8849211649718733e-4
SC_RS12245	266.4911708965326	-0.6875414978918426	0.21650952127540646	0.0011020085768663065	0.0016216745651191668
SC_RS12250	193.1512854207871	-1.517165691097912	0.19401596600355933	1.7658837358117658e-15	6.3181109499640755e-15
SC_RS12255	63.8524668061012	-1.6226016997155401	0.29566972631178035	1.3042874537054955e-8	3.0856001551569855e-8
SC_RS12260	528.0322555225666	-0.2079133104391436	0.1910427469036317	0.2663122334272352	0.2966444727027843
SC_RS12265	111.2323927603508	-0.495936800227737	0.22016138202187355	0.020851703098337105	0.026857722034434553
SC_RS12270	47.17614141808092	-0.6929296813517045	0.27630247186502077	0.008941245852830574	0.01199431452042435
SC_RS12275	528.0229777883269	-0.6907433749816213	0.19866285697964087	3.758674326266783e-4	5.787526515324966e-4
SC_RS12280	515.1788610855691	-0.5287784381101444	0.20353478434029196	0.007796106099610686	0.010530955555693203
SC_RS12285	659.557697604977	-1.2631048603698958	0.19904640820378422	9.246073228859947e-11	2.5689730214624436e-10
SC_RS12290	265.78963140134124	-2.0815481846187924	0.18344780709327851	1.5186958677242651e-30	1.0655436088105357e-29
SC_RS12295	30.478807877046044	-1.7828472003308204	0.37108287472615686	3.888084023965858e-7	7.988501418981398e-7
SC_RS12300	249.94373564083355	-1.6187388469757775	0.2420439246920445	6.2741359566129e-12	1.8784197541235695e-11
SC_RS12305	455.1720485859122	-1.179763621896611	0.21456158401580142	1.719578745394471e-8	4.0280094245676074e-8
SC_RS12310	733.5834104458057	-0.9158892190274464	0.19515776985472053	1.6281323161596139e-6	3.152047909331916e-6
SC_RS12315	202.0198953554138	5.401235757645467	0.3522709360856947	1.194896303494656e-53	2.0929133828906396e-52
SC_RS12320	17.200258255928755	1.989349923823099	0.5468531172682689	5.886981701346678e-5	9.733319073033723e-5
SC_RS12325	145.38498626368175	-1.9373851928567798	0.21529289205241656	5.903406852868935e-20	2.6035718979100194e-19
SC_RS12330	103.72142898684737	-1.5965501699850315	0.23471430583372907	3.2958170023560276e-12	1.0009618853119171e-11
SC_RS12335	400.8170614126338	-1.3052372269833292	0.20182027118558288	3.842246919473257e-11	1.0977423008212241e-10
SC_RS12340	194.056399940804	-1.2296368586642665	0.20964008412267923	1.8730471765922972e-9	4.733327580600274e-9
SC_RS12345	262.04275293396853	-1.5267135709900113	0.23826979955574648	4.46894006273717e-11	1.270881759453293e-10
SC_RS12350	207.84358085317143	0.014240436441332443	0.2164680269222219	0.9485846609552425	0.9532383878282855
SC_RS12355	6.624956630144878	2.6631175174313135	0.8425819992509308	2.689874258893106e-4	4.211016355630032e-4
SC_RS12360	810.9772173320409	-1.3524910074843028	0.16468180459043927	8.074365918155913e-17	3.0802056016803775e-16
SC_RS12365	722.0122853630934	-0.0019104565954991754	0.16526761717018096	0.9890652303037422	0.9901394255036375
SC_RS12370	981.647049815381	-0.3842558815843159	0.20594681309143079	0.05618624298688022	0.06866379777680721
SC_RS12375	1072.0784896534476	-0.7424949821145577	0.23029415743710602	9.072353955705433e-4	0.001346880170512822
SC_RS12380	3273.793521387673	2.940800261990289	0.20907685328009193	7.689143610404297e-46	1.0327822401297137e-44
SC_RS12385	387.60418416631893	-1.3194112539108025	0.1842088527611569	3.0504991906176167e-13	9.746265611617984e-13
SC_RS12390	204.43807318165406	0.061170636878711146	0.18728874884699495	0.7404606393148806	0.7633380056351082
SC_RS12395	134.36139157003277	-1.53160739895297	0.23264594040047648	1.625950205232649e-11	4.7465387226387784e-11
SC_RS12400	162.82752181476218	-2.3341295732950185	0.20249777755444712	1.4594287469432314e-31	1.0794210210591163e-30
SC_RS12405	549.8544290692121	-2.6659415229772754	0.1556074790418417	1.1932512026816592e-66	3.1091994235245777e-65
SC_RS12410	386.60691537994114	-1.4838307743889019	0.16954098370174925	6.85784603076804e-19	2.861899073621026e-18
SC_RS12415	81.67645377424586	1.3221452813792438	0.25310233010463246	6.944637516024808e-8	1.5300196308086923e-7
SC_RS12420	1892.0266224953577	-2.055163487559984	0.19316033649393827	3.622391173907102e-27	2.1912643573741566e-26
SC_RS12425	8873.770846392623	-0.3721874880808552	0.20616614510488745	0.06431376470820609	0.07796312690421037
SC_RS12430	4210.494995375021	-0.42674461612504083	0.20631787291193268	0.03409475357802018	0.042823149869582834
SC_RS12435	1381.8920688699868	0.4695398743013329	0.21174312939703152	0.023400540886669333	0.02996797299379987
SC_RS12440	410.7844469311479	-0.47683197460637416	0.17922496159588905	0.006732526257268344	0.009160585296968638
SC_RS12445	405.50221737985635	-2.0393276366612225	0.20810759836603615	2.010567173817108e-23	1.0281499542113283e-22
SC_RS12450	3723.978154643341	-1.8490369437850158	0.20433825898828742	3.174986244712411e-20	1.420652218962944e-19
SC_RS12455	236.46849962736385	-1.6176904931387723	0.19311102385028675	1.4383405232502844e-17	5.69619925802771e-17
SC_RS12460	734.749104160875	-1.492097791388361	0.2199552366646017	3.937013265975017e-12	1.1898170419385155e-11
SC_RS12465	707.1462223154826	-1.7856114443699393	0.1773470435072009	1.796875310986471e-24	9.573813976310865e-24
SC_RS12470	767.4361864631977	-2.242966668046043	0.1613671831718311	9.853092862421789e-45	1.2657962851480536e-43
SC_RS12475	1217.5743942825472	-2.2806188896815662	0.18997059193920435	5.209280283787758e-34	4.263399868218749e-33
SC_RS12480	2370.108917170101	-2.355219367957944	0.19458494810934024	1.2958398582754857e-34	1.0870902292290591e-33
SC_RS12485	1013.3127630303293	-2.3088936555281405	0.19349305585300755	1.22484938625286e-33	9.881881153422964e-33
SC_RS12490	332.3358189656976	-1.3708573037294551	0.15469441267612027	2.983921068275362e-19	1.26820944999784e-18
SC_RS12495	110.36111287520622	-1.9708208241398621	0.21761630714755503	2.6895345100005725e-20	1.210783118238353e-19
SC_RS12500	303.15109876295935	-2.8465144064050847	0.2133606656955884	1.972105655980253e-41	2.200046460998243e-40
SC_RS12505	826.8338872487043	-1.4729363349975333	0.19611217994735577	1.9314179543269422e-14	6.569315495944129e-14
SC_RS12510	1630.3112282634406	-1.225798110072546	0.18344015209477257	1.0296512933127922e-11	3.043145746247908e-11
SC_RS12515	678.2725199840653	-0.8959368290263813	0.17835205237893065	3.10607875664101e-7	6.43377099760416e-7
SC_RS12520	1049.3190372661234	-0.3441568968148572	0.1882011167294716	0.06205482354522671	0.07538587624752911
SC_RS12525	4486.570232268055	0.6083206361173498	0.1933404955261227	0.0013345791879151795	0.0019491358549587115
SC_RS12530	341.744276851981	-2.2669953403321688	0.19025767494309673	1.351372173586021e-33	1.0866977544191187e-32
SC_RS12535	115.38665324643209	-1.3004058435197048	0.2708023766639047	5.895630755037538e-7	1.1914053490722612e-6
SC_RS12540	130.94708685562748	-1.2703335910689526	0.2025518580772563	1.5107867968362813e-10	4.138388499209041e-10
SC_RS12545	444.16374256636647	-1.340107452352361	0.18359581483248338	1.1091126051752677e-13	3.6511590850725106e-13
SC_RS12550	778.8288931755785	0.2724455526679645	0.17436218799736816	0.11351244944185024	0.13350753326813466
SC_RS12555	792.6825059622711	-0.13026940334732118	0.17873776815687475	0.4583266900133344	0.49187905867534976
SC_RS12560	275.8199469286189	-2.6880672488096873	0.19335386688324385	5.69335507729645e-45	7.352504437825573e-44
SC_RS12565	593.278568374554	-1.4822849646720655	0.23507445473079439	9.196990348682803e-11	2.5572627010251506e-10
SC_RS12570	253.3281215110721	-1.1587465691596472	0.1883378069959692	3.491704108739059e-10	9.325543679044484e-10
SC_RS12575	81.70033940874097	-1.541244176086882	0.256365097211355	6.324209133510624e-10	1.6590081163467572e-9
SC_RS12580	6.384241150058809	-0.4703695256149686	0.6198999281074938	0.34469924302725713	0.3775660666334108
SC_RS12585	39.21365851675473	-0.995523432854123	0.3109467279445583	7.633340483367144e-4	0.0011405927603718201
SC_RS12590	1584.5223057355722	-1.3437669393448903	0.21694431052620552	2.24478863221757e-10	6.07006651044091e-10
SC_RS12595	137.0481984343514	-1.8397514927498788	0.20916091094792869	3.1874451724826995e-19	1.3515940599130205e-18
SC_RS12600	317.73256580966313	-0.9490331246217407	0.20443175069987346	1.9609570327810194e-6	3.7636900467796038e-6
SC_RS12605	47.678262165698385	-0.04073427247091016	0.277127065443943	0.8767105851597106	0.8894969530775599
SC_RS12610	660.2590916482327	1.030554563318498	0.22310975922530035	2.1297677602721448e-6	4.071793483081876e-6
SC_RS12615	1995.7679797479448	-0.4050026099541986	0.21392652119784827	0.05215718933715729	0.06404781251826774
SC_RS12620	1076.8569021503695	-1.1949120431905818	0.2099166535792182	5.476487491887077e-9	1.3323529780658299e-8
SC_RS12630	113.92632057107727	0.001556451363772077	0.21636286827103374	0.9955479299549505	0.9962234272612029
SC_RS12635	95.94134776812078	1.0528552622749163	0.22260047612215036	1.2162649195160294e-6	2.3846683106916247e-6
SC_RS12640	120.81852937791898	1.0101656547005529	0.21835172078505152	2.1286498547258404e-6	4.070711625712746e-6
SC_RS12645	178.14103148602535	-1.0128962018517647	0.2008675616099902	2.518609866620388e-7	5.265729843056064e-7
SC_RS12650	404.6754685957287	-1.8350986013681323	0.16090072350988327	8.746652527058917e-31	6.225657889433634e-30
SC_RS12655	379.806423986712	-2.3986512863875045	0.217186878133069	3.147795615654375e-29	2.1044283653522537e-28
SC_RS12660	366.4046078991938	0.3720055663345436	0.22346755993784864	0.08782478047592482	0.10503080298888576
SC_RS12665	551.0424529990275	0.38517476821243324	0.22076526800983126	0.07393007398028675	0.08906393816870357
SC_RS12670	197.8855730042443	-1.488510969519868	0.1908591098301398	2.0499052631847166e-15	7.302416140446426e-15
SC_RS12675	2141.21754201214	-1.8828382180686776	0.21347173830847518	2.176411199796828e-19	9.319893256272828e-19
SC_RS12680	668.3415858833262	0.22551901638472352	0.20395402750017316	0.2596453599654092	0.2895681918307513
SC_RS12685	45.46262355249742	-0.42077279043511406	0.3427663786627542	0.19194851504935048	0.21890324002070993
SC_RS12690	314.4591316370643	-1.3843924010372968	0.20156770159542545	2.2587461338119927e-12	6.922690769214312e-12
SC_RS12695	34.5397993485436	-0.2667285177725373	0.34624127502863666	0.41192275837808145	0.44577611098913594
SC_RS12700	227.1633614415461	-1.8632426262535151	0.17956920729399614	8.288488310214187e-26	4.715996357987609e-25
SC_RS12705	217.72779454234703	-1.4473048444101988	0.17392827278475842	3.0641998956787376e-17	1.1948921221964575e-16
SC_RS12710	122.74433428616989	0.028657262489496516	0.21322187684723595	0.8932313643193167	0.9042679956741682
SC_RS12715	244.80618886905935	-1.8265374592517853	0.1835910606674942	6.572251690893034e-24	3.442030111409463e-23
SC_RS12720	40.218850512321275	-0.1374513558910316	0.285344024375394	0.6148479619679389	0.6446593020832619
SC_RS12725	1125.256314817637	-3.5997313509289643	0.17658045960655186	1.472660255483503e-93	7.926566951777627e-92
SC_RS12730	234.73348503795407	-1.3706352128542252	0.19465778326836317	7.22948696045192e-13	2.269486455784268e-12
SC_RS12735	154.5662650283051	-1.2390138445327046	0.234546642619107	5.344623618363431e-8	1.1928345811686423e-7
SC_RS12740	22.572080774333504	0.2135958327908819	0.4029480822704856	0.5672434048685174	0.5989193681988041
SC_RS12745	321.98052945858024	-0.5142542502828252	0.2205660861765131	0.016540571090719887	0.02154569355643322
SC_RS12750	69.33704110428081	-1.5289464440357463	0.2632182935201749	1.872059534794656e-9	4.732453551448678e-9
SC_RS12755	63.06838133277759	-0.21532557160545232	0.24950581212984654	0.37280175920483116	0.40612205235284754
SC_RS12760	32.655384258766716	-0.2933965072510679	0.31411843249675314	0.32554161485670124	0.35796955979023487
SC_RS12765	21.396852417830214	1.2463366873787673	0.43178904832686765	0.0016330940974841784	0.00237055824308038
SC_RS12770	22.86843185307242	2.146552841089863	0.5815302765698377	4.540169956515037e-5	7.583060760892839e-5
SC_RS12775	122.79542756708072	-0.08767120849667524	0.2917148134523598	0.7526244369430521	0.7746862922973292
SC_RS12780	703.3740156972387	-1.0399777636069973	0.19495319922885737	5.1231382893162904e-8	1.1451355485122257e-7
SC_RS12785	7675.951762360051	-2.880726896780042	0.22933291358766042	3.980990045097203e-37	3.711228899184168e-36
SC_RS12790	4784.893961087677	-3.108136741839503	0.23683771315869157	2.5036959735404022e-40	2.6641059320183153e-39
SC_RS12795	4567.187066988776	-3.2604634087059425	0.22278374983309662	1.2293685779798127e-49	1.9004955752669054e-48
SC_RS12800	2928.4763468983992	-3.07328321591054	0.22855029233713417	2.972719703202408e-42	3.393318125605968e-41
SC_RS12805	728.945867424164	1.1300785562872426	0.21432892567903278	6.583628235081031e-8	1.4530881354530838e-7
SC_RS12810	85.8236161295337	-0.5988706067204055	0.2802088409325247	0.02602667418118755	0.033158378613005704
SC_RS12815	1907.8635385289772	-2.2218803486362266	0.23591112506329276	6.417327055041932e-22	3.1214623815223747e-21
SC_RS12820	8910.849600140275	-2.5473091672691917	0.21066194741509253	1.5866342170017417e-34	1.3235113932319959e-33
SC_RS12825	6273.8836157979085	-2.8043860113773302	0.2346171113493677	7.797576200103051e-34	6.318607351599989e-33
SC_RS12830	283.3153570927177	-1.0187630381810506	0.1868693071703527	2.720525479645639e-8	6.259330697942884e-8
SC_RS12835	676.8060477125098	-0.9450569177406343	0.20377137381756102	2.0597937511440312e-6	3.945173797645737e-6
SC_RS12840	78.18444967126896	1.6616993874027144	0.30128815269010073	9.866129412496716e-9	2.3544607860113522e-8
SC_RS12845	236.51647088676958	0.28296667726537605	0.18574365653682742	0.12113611014011988	0.14180944216117541
SC_RS12850	7658.209505319899	0.24827647157366148	0.21069170198836773	0.22781748980547092	0.2564772778359607
SC_RS12855	3674.540780353658	0.4980444820325645	0.21031044357527642	0.015805751152705265	0.020643218030472657
SC_RS12860	1747.1705691633642	-0.2995929666809539	0.2270501633584136	0.17526821563971223	0.20109348407145447
SC_RS12865	121.44556204713652	-0.8556316904721856	0.22578403142532613	9.545194298163068e-5	1.5506997742818784e-4
SC_RS12870	192.65138622553835	-0.0410530430736664	0.2159980367798715	0.8443266092205569	0.8600724432093365
SC_RS12875	501.85998078733184	0.5467401943394858	0.21383240762493252	0.008854711750724331	0.011882555859843717
SC_RS12880	2357.697513554743	0.4455199219501034	0.1881218380452155	0.016147417746952608	0.021067066253720547
SC_RS12885	1079.4990892670487	-1.9805495575172591	0.19403811446503394	3.6289730532291437e-25	2.000003534716869e-24
SC_RS12890	566.1755949413586	-3.070460234957788	0.17118361927922568	4.388616721187722e-73	1.304905633146704e-71
SC_RS12895	179.0679943571799	-2.0432588389806954	0.23719242218224576	1.5016669924656567e-18	6.200051737089447e-18
SC_RS12900	659.4480394098957	0.1499145426575359	0.2051367624473232	0.46274637214484615	0.4961889993014535
SC_RS12905	104.21003965851781	-0.9264348054845882	0.22198026393268844	1.857269145226473e-5	3.2308333750648764e-5
SC_RS12910	19.594363662532306	0.6885110552589573	0.5009205674897556	0.11574694414391706	0.13595380154782485
SC_RS12915	339.9150878153821	-1.6200413546240249	0.16965983413947042	3.867681372973755e-22	1.9000854393276797e-21
SC_RS12920	30.62602878806231	-0.3978323744961951	0.3466759736548773	0.22164283178932148	0.2501751479587413
SC_RS12925	43.11999561665338	-1.2349607361549386	0.37237731377456174	3.909048344883472e-4	6.009031164304925e-4
SC_RS12930	78.5112363473183	-1.2843448778472861	0.2704386962335018	8.938320535057904e-7	1.77514612511492e-6
SC_RS12935	2768.6813911546406	-1.8487130423323364	0.21567691331585384	2.3739605517140985e-18	9.728554313743545e-18
SC_RS12940	12682.93055835341	-1.625216983763959	0.22422442142201363	1.153354363453276e-13	3.790033456374535e-13
SC_RS12945	13040.943060091804	-1.5413460540317752	0.23631443009718348	2.164472309030564e-11	6.273906763675856e-11
SC_RS12950	548.1479019920448	-1.1359641153017743	0.19644229146142955	3.0233153788078023e-9	7.539373555403698e-9
SC_RS12955	5028.789033908214	-1.2012918182560621	0.2571990322274196	1.335147307008118e-6	2.6087377429459097e-6
SC_RS12960	98.27072505714635	-0.9119527264880476	0.22844377313039851	4.099685685108019e-5	6.884783020265665e-5
SC_RS12965	74.10026602477627	1.7080906374526685	0.2846992054239261	6.181303607860052e-10	1.6232525927478641e-9
SC_RS12970	26.62232576963556	1.667360693292962	0.4201827865565039	2.0746100043124387e-5	3.594495811043215e-5
SC_RS12975	335.5609081727985	-0.2147156686242828	0.19325677151039666	0.2560432678882673	0.28581033263822025
SC_RS12980	86.81569257940205	-1.7553689814592273	0.24411389816775825	1.9447467406127607e-13	6.292480239262175e-13
SC_RS12985	96.21283569825451	-0.13271583956379662	0.21859468403387258	0.5336669965224617	0.5665505949260917
SC_RS12990	117.4908203809049	2.5306203370666864	0.26863833239977275	7.079476530036949e-22	3.429964515932488e-21
SC_RS12995	264.10406214688885	6.617751496432077	0.5361736716078762	1.220535383381874e-34	1.02625175793135e-33
SC_RS13000	321.8174068585848	-0.9123120104258551	0.20951924210591527	8.0477135417045e-6	1.4534371701329655e-5
SC_RS13005	2189.9155889595727	-0.2891187304142882	0.2246584954147656	0.1852520440570863	0.21172482530640957
SC_RS13010	476.5660072075868	2.1150370686502167	0.2628554237848023	1.683477876151653e-16	6.304705870361752e-16
SC_RS13015	2367.5921958081494	-1.379517818179432	0.18471841854474025	3.027024026891411e-14	1.016914586528349e-13
SC_RS13020	424.29638845786707	-0.34266667152118224	0.21468194481255196	0.10145420172638207	0.12027705522995842
SC_RS13025	4071.2319193549442	-3.9717241658452354	0.1806239305819203	2.8388991232676685e-108	2.1361267484669171e-106
SC_RS13030	362.42172923080415	-1.0128773810593505	0.2420514831550841	1.5395052714235142e-5	2.6977927451228595e-5
SC_RS13035	107.92208628773975	0.9114834405215043	0.28624809846186267	9.037001616432393e-4	0.0013424338108089032
SC_RS13040	114.53992869553849	0.6915170995679666	0.23145956408175683	0.0021034800683642657	0.0030206547271895024
SC_RS13045	225.68892843192833	0.23093581165173604	0.184193331581283	0.20250195440822874	0.23029756505340512
SC_RS13050	22.487948161965168	0.5127492584318699	0.3820571865964276	0.14912686422634133	0.17271265852128806
SC_RS13055	264.2878046207737	-0.6492394395473685	0.19470984395306457	6.583051656703608e-4	9.88865816185219e-4
SC_RS13060	940.192303284891	1.502212427249244	0.25727811517259647	1.7475429718302518e-9	4.42830992243171e-9
SC_RS13065	102.26300922853184	-1.2472427341089527	0.22475653877670868	1.2245627490419097e-8	2.9044469962801684e-8
SC_RS13070	154.145055158975	-0.15131228957540327	0.20333388359074384	0.4460699127580236	0.4798423831769025
SC_RS13075	33.85947040574126	0.48289896556483247	0.3235401988159756	0.11630072169501676	0.136539009995073
SC_RS13080	25.48027977428357	-0.2658188961591459	0.36071857967922205	0.4299050079352317	0.463535535679836
SC_RS13085	455.9169267936096	-4.754064961823464	0.2519043350246245	6.311855504647271e-80	2.248484178322173e-78
SC_RS13090	614.9871487966569	-2.8140395231575224	0.17456669011599843	1.7220243552961115e-59	3.576959886184092e-58
SC_RS13095	215.81979957127098	0.30056831611038837	0.30468161259361504	0.3015096456540978	0.33348314490075254
SC_RS13100	119.80120390045448	0.1324479797348798	0.20397952423788865	0.5085768800740554	0.5415517564860772
SC_RS13105	63.579997991765545	-0.1381194779307881	0.2791653714944323	0.6064075858494267	0.6367150132498465
SC_RS13110	73.27456870720833	-0.7210224335352542	0.2591667530738327	0.003890517704475933	0.005434490917371762
SC_RS13115	394.73456008914866	2.9821558600347577	0.29526284941103526	6.536326333281446e-25	3.557112205285415e-24
SC_RS13120	33.12533377722454	4.715261545446931	0.5860529856099141	2.1959443236124807e-16	8.174100677596382e-16
SC_RS13125	264.60508565550174	0.23758401344510494	0.1875788337794213	0.19755997599341968	0.22495479662993773
SC_RS13130	189.4874400510812	2.3757320969994495	0.2199258914983562	5.99865053390402e-28	3.771018673231734e-27
SC_RS13135	11.472683514184778	4.4815182031598	0.9330182440602043	5.521720853030622e-7	1.119526246088749e-6
SC_RS13140	17.603517771461235	4.1214939244472	0.7186183312908767	2.242732164256479e-9	5.6424111153965465e-9
SC_RS13145	68.96055513755051	-2.2528307579586753	0.25829049213197525	5.314947929091229e-19	2.2331866683258533e-18
SC_RS13150	102.90456101725317	-2.388306988651215	0.23943008235512497	4.073882963730961e-24	2.1457723553251502e-23
SC_RS13155	427.37553160083695	-0.5435950439580027	0.20321546703386648	0.0061766302598048614	0.008440784198628808
SC_RS13160	265.6692116585189	-1.0921018980371762	0.27262500757725766	3.133050667679441e-5	5.3331291836260854e-5
SC_RS13165	53.17021480984048	-1.886849121627013	0.29730250759010785	5.791406521741228e-11	1.6318621204172647e-10
SC_RS13170	488.8502712688009	-3.0358037055355145	0.2101386628099316	3.1223351428812197e-48	4.623313121206047e-47
SC_RS13175	223.50199107716946	-2.2592263499355445	0.23173356963573857	2.7953485665137763e-23	1.421579333067075e-22
SC_RS13180	259.52882671336585	-2.587418045917525	0.21828808154271231	2.8205107938238733e-33	2.2387994180470658e-32
SC_RS13185	1783.6033419669684	-2.4030854843082508	0.23808187544493992	8.307496890050353e-25	4.501064075476216e-24
SC_RS13190	558.7423412919433	-2.97432277695402	0.18704482896586871	4.483730355128764e-58	9.00899935659932e-57
SC_RS13195	570.7696609839013	-0.4916050894999944	0.19745954830249493	0.010930499196612379	0.014533267413598934
SC_RS13200	378.301224886834	-0.6643089178094458	0.1544995910704324	1.2983003164081448e-5	2.2914472314968072e-5
SC_RS13205	292.2077453756349	0.8416231380740675	0.23683227849511024	2.478842339766865e-4	3.890801067143649e-4
SC_RS13210	170.9155520508854	1.200463660415985	0.23011453755184555	8.263910143227174e-8	1.8087881684819583e-7
SC_RS13215	541.2054288875894	1.6875094698948128	0.2286646902007565	4.3548371330370584e-14	1.4543735968756913e-13
SC_RS13220	374.5775312151998	-0.0454841352791718	0.18002786617948205	0.7952502778469037	0.8159420549385096
SC_RS13225	128.64226492147642	-0.7671328737491115	0.20416221849921012	1.2210002905980004e-4	1.967152314369599e-4
SC_RS13230	125.94090228077806	-0.8747757634942701	0.21353849694563296	2.6317813192112547e-5	4.520557989253154e-5
SC_RS13235	545.4956672563565	-1.3601873680346956	0.17423424191717682	2.248657533753847e-15	7.994985850482579e-15
SC_RS13240	34.497039449826275	-0.32958085676841775	0.3668609468742947	0.33554737444183474	0.3682033242759062
SC_RS13245	389.21342837828155	-2.226240996820514	0.18197388749914226	3.249735410549679e-35	2.8060361729968773e-34
SC_RS13250	161.97510401196973	0.7416384922658444	0.18825604233009538	6.004852956720492e-5	9.918095523396168e-5
SC_RS13255	22.71799354621536	1.7656539161284186	0.4641519110951497	4.0951114736072e-5	6.8786678830021615e-05
SC_RS13260	152.36826953553754	2.7286002517905903	0.2696024606032232	8.407691115973918e-25	4.552005454419359e-24
SC_RS13265	18.08009265783192	0.8289877017628314	0.4309111648684844	0.03445897729309451	0.04325114869094109
SC_RS13270	38.10628570401049	-0.01774537840677352	0.31127312682330455	0.9511062163452938	0.9556420819362579
SC_RS13275	258.05928766224116	3.6078550088574026	0.2586505122859033	3.6666581456429855e-45	4.793960490420457e-44
SC_RS13280	80.57161223722345	1.9586482711475677	0.28810838315991744	2.6706954832941155e-12	8.154744717934081e-12
SC_RS13285	94.4893531121858	0.4762451906939525	0.22959731874782946	0.033026865301482675	0.04155974483500567
SC_RS13290	143.29127017717016	-0.8728915886808148	0.2205049467629405	4.7809817517082936e-05	7.972627642943681e-5
SC_RS13295	334.7706593320813	-3.843765549113574	0.22203131208821753	1.063362215713118e-67	2.820587402398753e-66
SC_RS13300	349.70216927719025	-0.9228379551854615	0.2470885318071715	1.1095497557179136e-4	1.7942587497069945e-4
SC_RS13305	270.1793799561306	-0.24352712883264005	0.1992725453898321	0.21120262364359363	0.23930672199567601
SC_RS13310	144.46221547110375	-0.5762177046639878	0.19650897821878094	0.0027448479459712856	0.0039051724394351265
SC_RS13315	128.07842571629334	0.13732766388455178	0.21017997901560573	0.5051522734155547	0.5381382352161659
SC_RS13320	397.6606457655402	-0.594558305169899	0.1649320551846415	2.486285920236517e-4	3.901654048909146e-4
SC_RS13325	75.44931215353716	-0.5863735714150425	0.24207865511535973	0.012422817482498329	0.016434491588794883
SC_RS13330	70.33443681746985	-1.8657528399636185	0.27052871044394255	1.2924879922281712e-12	4.002858653796948e-12
SC_RS13335	244.97752083262716	-0.9951102521217322	0.214518877100376	1.8561789217917261e-6	3.571885012863306e-6
SC_RS13340	64.02420488017361	3.251994011493636	0.3704149134528096	2.0555651739680298e-19	8.81263813537224e-19
SC_RS13345	45.5916269373561	0.17582499451759326	0.32706814043233046	0.5717695262983619	0.603352674144837
SC_RS13350	124.68974208378937	0.9885067982958192	0.22256867672644856	5.0664633372361265e-6	9.337690739509922e-6
SC_RS13355	435.5468109229053	-2.0483754117052704	0.19457339489968156	1.1429078590385369e-26	6.785670332165999e-26
SC_RS13360	1111.7228463725155	2.576244198068985	0.22851832228185798	2.5645233140592228e-30	1.7891007490891871e-29
SC_RS13365	116.88596563373335	-0.32059141106416106	0.2877759646431912	0.2450682247544742	0.2743484271048266
SC_RS13370	331.17714384357635	2.475111929466904	0.3151968369239121	6.240353090905772e-16	2.280295524892922e-15
SC_RS13375	4904.55272395931	4.674811933831558	0.3088015897327701	7.714404611936582e-53	1.3198612438148573e-51
SC_RS13380	1124.1115553054674	4.200718864015743	0.2975008337809305	4.852582352796502e-46	6.553652430315276e-45
SC_RS13385	813.6083004188488	4.135161685916216	0.2507182057191029	5.067577349311189e-62	1.1497943191944833e-60
SC_RS13390	337.9485254094204	4.697387419687434	0.33918336643644853	2.9322304886273955e-44	3.658590122358446e-43
SC_RS13395	351.97585443829325	4.014267558265789	0.28134210499166495	3.750908438022489e-47	5.298697092332918e-46
SC_RS13400	210.58867519118365	-1.2159309984305176	0.18585465754854888	2.7867585414102084e-11	8.020904560639686e-11
SC_RS13405	165.81876518714228	-0.985639177699201	0.1910903124552464	1.4655188311434693e-7	3.134204135977941e-7
SC_RS13410	210.81604697458403	-0.8641781292044717	0.19842325109356773	8.450923614147036e-6	1.5232241514507692e-5
SC_RS13415	485.0039788781009	-1.5332984699878751	0.20688401211570887	3.807668938135349e-14	1.2762613977186392e-13
SC_RS13420	907.2705070058036	-1.3749921121943192	0.1896257127622973	1.1575135230255355e-13	3.8020065562540307e-13
SC_RS13425	82.21623750454064	-0.9530717246773558	0.23798022371216276	3.609095002288007e-5	6.104006088732056e-5
SC_RS13430	95.80653575237721	-1.7575091293198777	0.22644451738057142	2.342837128831203e-15	8.309803265031885e-15
SC_RS13435	100.10603474557341	-1.3468285540670368	0.22945118980295098	1.832476243085956e-9	4.635567690056892e-9
SC_RS13440	173.5696923576594	-2.2080686515861605	0.26067175233674056	5.321090425344994e-18	2.1488346547915657e-17
SC_RS13445	393.18516147223914	-2.5178388364203417	0.18390526497634363	2.136671182153801e-43	2.582920212656087e-42
SC_RS13450	333.39939271789285	-0.48321099236136034	0.25962385559049955	0.05386625391898763	0.06604751519764131
SC_RS13455	11536.981578490237	6.973036974933473	0.32436551170344785	6.751484002105072e-104	4.4451288421002494e-102
SC_RS13460	85.5141678255254	-0.9539751268890561	0.22709952949605175	1.5406514651221875e-5	2.6991598726089357e-5
SC_RS13465	12.837535984669119	0.5510072999366832	0.4762515678964477	0.192703258065034	0.21966205363604277
SC_RS13470	17.62776515596589	0.18141546873364855	0.4430354613048231	0.6520558286993936	0.6802857499758529
SC_RS13475	45.977063938914675	0.25761087284892453	0.27780383001685716	0.33571142027187634	0.368328524488144
SC_RS13480	21.197703980122	0.9856395117247891	0.4450655749272784	0.014345838540597095	0.018860084399779455
SC_RS13485	29.22144187657581	0.3181208025726162	0.411307788496972	0.4022679467423337	0.43615995284193043
SC_RS13490	183509.30313017403	0.2318737210044307	0.21865996822044342	0.36044927870628773	0.3934793458445841
SC_RS13495	15.00283911532912	2.234041618168696	0.5189743842963628	3.3289085591853188e-6	6.2525144461111925e-6
SC_RS13500	48.8432947133437	1.9111829420108284	0.3226328495412898	8.100243530992058e-10	2.110642961043655e-9
SC_RS13505	34.787367682042245	0.5837064094425103	0.3267216854955298	0.059434796528608155	0.07236991241776032
SC_RS13510	21.243328984301286	1.2123191511213918	0.4526048071564691	0.003240064840190588	0.0045709275170394865
SC_RS13515	181.1483375160703	-2.3205830578097557	0.2040132026373571	8.58129552075911e-31	6.11386214203649e-30
SC_RS13520	451.363642132556	-2.94320353961316	0.21252713473775217	1.0178133859838102e-44	1.305279288390368e-43
SC_RS13525	1038.1495896780336	-2.6411642943197586	0.17698625350270092	2.5697336694878043e-51	4.1646628744622126e-50
SC_RS13530	1118.5342560603003	-2.405644330295937	0.21567004827411182	7.951796332083405e-30	5.444433254668805e-29
SC_RS13535	389.61814736333497	-1.9934483048793463	0.2134421396411802	1.8822056117975818e-21	8.92564899125104e-21
SC_RS13540	2369.1633582767845	6.401807164559649	0.3309779460075515	1.057564893573717e-83	4.2153965001149124e-82
SC_RS13545	750.1622473529304	-0.5241051678182634	0.21415158391902428	0.011983060496967792	0.015878362642343307
SC_RS13550	120.81358790109877	-0.6038182282103595	0.1975359416107522	0.0017938840470814088	0.002591204889946779
SC_RS13555	40.07213644748514	1.0137761297629777	0.30002771883609713	4.03247012637284e-4	6.192302105762874e-4
SC_RS13560	19.006412291543274	1.7572456528062013	0.4356745227052641	1.4607273502859589e-5	2.5652306456319747e-5
SC_RS13565	53.217205555302506	1.150990349434413	0.29799823631957345	5.449469353954606e-5	9.048499665854822e-5
SC_RS13570	73.80174668741547	-0.3424281742803204	0.2535533759091002	0.16213004131685566	0.18665838012029565
SC_RS13575	259.62307841055787	1.8295578054440649	0.20966459963118417	6.272816491286984e-19	2.6222079822420756e-18
SC_RS13580	501.1030170402643	0.20143842655337865	0.19897402436968506	0.30175569407110125	0.33365519389418213
SC_RS13585	723.8451201934333	3.698999525328613	0.23355815729207216	1.870132614323287e-57	3.6872614700588016e-56
SC_RS13590	152.38212312763704	0.11147000713890416	0.25200405914380763	0.6487099499075988	0.6772335070008467
SC_RS13595	391.046730180643	0.5000321524253651	0.19726987548151093	0.009673463470277146	0.012929512349070811
SC_RS13600	2047.49074315686	-1.7832167788779665	0.1982503579645267	5.768599827053949e-20	2.5471649775266953e-19
SC_RS13605	67.75475372899525	-0.14748559157992733	0.2731118090925668	0.5737305893222011	0.6049891842788376
SC_RS13610	231.71664822705276	-2.180353706277367	0.21095223173327904	8.430237661816608e-26	4.78925828337717e-25
SC_RS13615	187.5203055718293	-2.1479173271846337	0.21172730494636377	5.646403275980224e-25	3.0819080501168152e-24
SC_RS13620	371.9057918845126	-2.6541577058490695	0.20633419304347592	1.0376965224748228e-38	1.0340505617201815e-37
SC_RS13625	351.1166522232788	-3.637858014007464	0.22820579954244838	3.938098819873805e-58	7.93430073709001e-57
SC_RS13630	41.4176540016239	-0.7338160596691711	0.3037873071093187	0.011221641869513478	0.014906933371607346
SC_RS13635	808.1459961524038	-2.7830599235706166	0.17391274332160722	1.2599793925916822e-58	2.5595283859424424e-57
SC_RS13640	298.2224995159656	-2.407210663426072	0.17574721110927077	1.547628542709408e-43	1.8863161775106074e-42
SC_RS13645	140.86289939163765	-1.2327195414623173	0.19321397621440908	8.211030245149322e-11	2.2891545190068467e-10
SC_RS13650	197.5116028891771	-1.378337117174937	0.22074286598396048	1.5865473177864803e-10	4.3410760376094635e-10
SC_RS13655	103.9435437845534	-0.9647828374721946	0.20724947100764385	1.921144252775611e-6	3.6911197811275024e-6
SC_RS13660	14.23580556435234	0.008734442799795945	0.5126859240347386	0.9871874752540344	0.988662290170209
SC_RS13670	60.02936460239151	-0.636054602033578	0.2924928066886367	0.02316286067766949	0.029684208313718253
SC_RS13675	44.8163272356901	-0.026424945294601893	0.28147358577797316	0.9179892881208893	0.9262798317738695
SC_RS13680	101.31579655040022	0.618030887993527	0.2631699526248173	0.01474938461944915	0.01934577769189222
SC_RS13685	80.55797258409918	-1.2630362897685643	0.2276641946995232	1.2339710884674164e-8	2.9248803620568074e-8
SC_RS13690	24.667896889865702	-0.32062822225023635	0.34455911186723553	0.3227716881290985	0.3552415564573093
SC_RS13700	236.25665373134032	-2.65160139121391	0.1959565900761928	1.7076515484432944e-42	1.9799092009781217e-41
SC_RS13705	617.4511834119852	-0.7573740374824333	0.18296453231822712	2.4590974503249556e-5	4.2338044825347244e-5
SC_RS13710	46.09276999275275	-0.7612107503344205	0.38498862070053075	0.0323957198773413	0.040835220235130726
SC_RS13715	154.84307048949063	-0.435929603104961	0.2346212273777904	0.055190063024895215	0.06752472618974238
SC_RS13720	156.45710295483275	0.01640427974853643	0.22497377605486937	0.9416656467322296	0.9469306530756119
SC_RS13725	167.16485767051142	1.7465731571579695	0.24938962292089967	6.686158087239727e-13	2.105197682976334e-12
SC_RS13730	742.1251569308147	0.7085563494599059	0.20971970810450322	5.433726962781644e-4	8.23095781091862e-4
SC_RS13735	79.76580253547402	0.655083184226988	0.2645947478522755	0.010194250868207154	0.01360094190377412
SC_RS13740	56.48063944690523	0.4571273450213221	0.30211467071074355	0.1125527469390444	0.13249743868590572
SC_RS13745	37.524065536621784	-0.06985014075434472	0.31657882597314924	0.8150767095063232	0.8335009923588443
SC_RS13750	59.97772429936452	1.162815633707151	0.3029086279612809	5.927077451853805e-5	9.797415182687729e-5
SC_RS13755	520.3216919125201	-1.1750858438364282	0.18375294518791332	7.275375179942377e-11	2.0390960310488441e-10
SC_RS13760	1342.195883969847	-5.828630145590616	0.18298939830016808	7.680760514375466e-225	8.091132576143526e-222
SC_RS13765	383.80457033983555	-0.9182638397520442	0.23852194866128298	7.017545697170764e-5	1.1540450930182251e-4
SC_RS13770	1193.1141195561145	9.632919445367495	1.2811863958491858	9.819837310668067e-17	3.722955286831174e-16
SC_RS13775	547.7271932842817	0.7856384354792958	0.16788392592010146	2.004190566398878e-6	3.844667335230314e-6
SC_RS13780	24.035239176608602	1.3739792117756169	0.42857292104771055	5.317180091866385e-4	8.062695043681415e-4
SC_RS13785	258.46337702897654	-2.3771216749537905	0.19106797585894372	1.980174554896008e-36	1.8068292144439408e-35
SC_RS13790	120.61148499923954	-0.9870997457761357	0.2333101425913221	1.2708539767742514e-5	2.2456930804537095e-5
SC_RS13795	308.1271062716032	-1.8860969724178431	0.18329569000276139	1.6578741160771136e-25	9.268509273656281e-25
SC_RS13800	67.03325242262723	0.09895484295349337	0.24415086906659617	0.6776008225643431	0.7035523043634844
SC_RS13805	8.219386430403878	0.19006162461647838	0.5526684772075019	0.6874819589270535	0.712607810673052
SC_RS13810	21.452714592738907	0.6074527655128835	0.42179902220865945	0.11460943737432883	0.13468207031048618
SC_RS13815	444.6189992859715	-0.8632478504235706	0.19705844911435147	7.491694395742354e-6	1.3600136502758277e-5
SC_RS13820	203.4469691740299	-0.19003458234924062	0.2044199404198383	0.34149971240587046	0.3744563389265262
SC_RS13825	110.41243462505209	-0.1142071777466017	0.2068761056724709	0.5719498625765247	0.6034200856622991
SC_RS13830	187.4275762209456	-0.5855557888584174	0.2035281861375303	0.003236195116650971	0.0045663419039770874
SC_RS13835	66.69884872972506	-0.9114717653955591	0.2843109958818306	8.307655238032903e-4	0.0012380891213673124
SC_RS13840	125.23109748312693	-1.686881090572906	0.24283491885621067	1.2284860513697674e-12	3.810325520617289e-12
SC_RS13845	427.9440612874966	-1.4890516244532384	0.16373605213997444	3.406472174322721e-20	1.5214612848852664e-19
SC_RS13850	271.3154211517905	-1.260584362685095	0.18993900657497317	1.4182883501203866e-11	4.160086831260036e-11
SC_RS13855	262.40995527374173	-1.2915213474125802	0.177376676356096	1.3700977392330464e-13	4.4842879401262686e-13
SC_RS13860	244.98873081871656	0.8371689696947097	0.2159015528301928	6.971824431894245e-5	1.1467819174835637e-4
SC_RS13865	2479.930098821411	-1.1494924141123846	0.18354190889941108	1.6272424767021212e-10	4.447474434099867e-10
SC_RS13870	633.423754066824	-0.4141892676821486	0.19454567147696333	0.02995775426511633	0.03789167752160683
SC_RS13875	4857.152895984667	0.5525026315681255	0.20777700371194802	0.006590675376065967	0.008976660550999343
SC_RS13880	970.2736322957709	-1.0453989275475282	0.23161588056333277	3.3810206877611473e-6	6.34877681475699e-6
SC_RS13885	2637.684876807534	-0.6103056047292595	0.19763810729186015	0.0015921955653561643	0.002313012233833009
SC_RS13890	1350.1909001415383	2.3884320924499107	0.19769499037123087	2.08239432835405e-34	1.7253455929531197e-33
SC_RS13895	325.39804718363797	0.7711535388467586	0.26618849641622905	0.0026142255984899785	0.003726522243043708
SC_RS13900	2753.4623116174353	1.033352999093281	0.22049042355032616	1.519418725117082e-6	2.9570318498319774e-6
SC_RS13905	92.08340895008297	-1.5354638570519827	0.2294942254990856	7.63772762925664e-12	2.2700767246327475e-11
SC_RS13910	277.85374975948764	-1.2471024912299291	0.1630600005114416	8.793243970983288e-15	3.0370670277297785e-14
SC_RS13915	280.7561052487948	-1.4229557450363302	0.1900753627886215	2.3614872722224666e-14	7.987893185948839e-14
SC_RS13920	374.3568850984009	0.4836760283627204	0.21034478176954968	0.01849429110628142	0.0239720342094778
SC_RS13925	112.6918384435666	-0.23266585205973245	0.24692282407660085	0.3304545733415725	0.36293893711956443
SC_RS13930	42.72131565089477	0.3779995916408417	0.3030297673839309	0.19217169856760805	0.2191238758678741
SC_RS13935	261.83894481191606	-1.581652885766497	0.17647731022360885	9.248589754490852e-20	4.037839008266166e-19
SC_RS13940	169.12718744505582	2.2031205924531667	0.24150657428448014	1.3954245844634708e-20	6.379330989357492e-20
SC_RS13945	334.76328394582123	-0.053217637542978	0.18584477709174121	0.7698237573280601	0.7913097326069471
SC_RS13950	3742.572205854215	0.6167513300995154	0.15733865255917975	7.325999491803276e-5	1.2020899032611784e-4
SC_RS13955	550.3731111225394	-0.18222960487767897	0.185996335944224	0.31673971666383965	0.34933297842929223
SC_RS13960	150.4678816977892	0.11154946979148768	0.21558341701722347	0.6028473334559996	0.633209027711722
SC_RS13965	555.0219797848655	-1.8493943123561245	0.16586408862174934	1.558851439730183e-29	1.0536178291998505e-28
SC_RS13970	1467.2806632995055	-2.2492268723082476	0.22453739208809	1.2369720704716147e-24	6.633768761932863e-24
SC_RS13975	2310.1174212229885	-2.0474461688331953	0.2195882007042108	2.2609634485484327e-21	1.0680553792182025e-20
SC_RS13980	3100.706007510809	-1.8629277176022516	0.22282643061001955	1.4143437477063275e-17	5.607188599777666e-17
SC_RS13985	4504.417334164454	-2.598827669011383	0.22824893039842178	6.484790669686884e-31	4.6516387546956304e-30
SC_RS13990	198.9763429780607	0.8667890475562009	0.21512730442099476	3.596261352829937e-5	6.08509206419641e-5
SC_RS13995	247.81598158877367	-0.1979262198181053	0.20318974342490034	0.31797136732848297	0.35048144434682116
SC_RS14000	147.52099496419848	-1.593519301888513	0.21857293921431029	9.818440238758637e-14	3.2408763796153173e-13
SC_RS14005	189.43437640892165	-0.4144675662584378	0.1898204868819881	0.02616762329284218	0.033320679357868796
SC_RS14010	269.83284056946945	-2.3393433686860834	0.189733250594335	1.0651029844242694e-35	9.428654750473664e-35
SC_RS14015	82.40836517567466	-1.6221947403233574	0.27240745006047895	7.469088317524418e-10	1.9537799664216054e-9
SC_RS14020	126.5148581906236	-0.9557731599136765	0.2168957002863699	6.216730375958163e-6	1.1378051574166167e-5
SC_RS14025	44.34707004109728	0.21533251728332678	0.290338136851803	0.43989492891697357	0.4736144263153399
SC_RS14030	29.504174492555673	0.6608713690878817	0.3400061732582891	0.03920351361254411	0.04888482427739001
SC_RS14035	27.29418007079376	0.7818799302824924	0.37823093950271103	0.026004680590339477	0.03313608340645642
SC_RS14040	26.665724692708338	0.7615987648386644	0.3623977450096954	0.024593761763507384	0.03140335917646813
SC_RS14045	17.693296729708102	0.7320246678022876	0.43573510367411156	0.06323658050774204	0.07673301705843176
SC_RS14050	14.803209102527623	2.451398942270115	0.6332998650900086	1.6647867748650284e-5	2.9097268731582647e-5
SC_RS14055	59.05506881306846	1.7148443208224389	0.2997608679398988	3.1139163529746796e-9	7.757438914471381e-9
SC_RS14060	83.93403963628528	1.8293741615162624	0.27756092358001633	1.0568441145153585e-11	3.121012615312877e-11
SC_RS14065	70.49253187686799	1.45757701788941	0.2680211495575456	1.99102012683567e-8	4.647604436621155e-8
SC_RS14070	96.108073534558	3.051664781727973	0.2863243473967877	3.0656757909476672e-27	1.8606002701603374e-26
SC_RS14075	57.84054300686876	1.9097164968731513	0.28513845383559283	4.875213292950578e-12	1.4661428557184978e-11
SC_RS14080	19.980602291885873	3.1712960912130135	0.6832059950985253	3.603471783565056e-7	7.416785335995529e-7
SC_RS14085	9.598700198149722	2.893428390486396	0.7083300275476112	7.1595433724702575e-6	1.3016388764446666e-5
SC_RS14090	5.986537555041581	2.335569600733498	0.8243419984469639	8.442048105607921e-4	0.0012573553369168411
SC_RS14095	9.174897237784915	2.3526996047459656	0.6384432255305099	4.321753025552291e-5	7.239574468519445e-5
SC_RS14100	5.648063882798716	2.3814548919963032	0.8421270676092879	8.042456959583225e-4	0.0011990513065096382
SC_RS14105	15.00818959895854	3.9934584161989437	0.7998113536059276	8.006141835705391e-8	1.754972945793447e-7
SC_RS14110	15.38537623999418	3.951493008045531	0.7094686886007994	4.456931595615154e-9	1.0940550461406839e-8
SC_RS14120	12.920614310263444	4.411684579867376	0.8868644245015698	1.4233707337677543e-7	3.046715759304331e-7
SC_RS14125	12.771481682010164	3.3905063805870594	0.76472789398929375	1.1555911111669253e-6	2.2747807938454104e-6
SC_RS14130	16.77383019301407	3.089436215163949	0.5942275094383731	3.6163455357431605e-8	8.240708275825113e-8
SC_RS14145	14.70597471836885	3.0607845354569956	0.6221940542097835	1.2675335793908758e-7	2.7297875626250926e-7
SC_RS14150	15.431651854498474	3.3392076327282587	0.639189104392852	2.6013494448732176e-8	5.998233522981584e-8
SC_RS14155	20.907159845757608	2.7316586212706007	0.5521970595016995	1.1057094647050831e-7	2.391056185552869e-7
SC_RS14160	18.10270617258304	3.1002847230746053	0.6337395077425341	1.9238073816624296e-7	4.077653242994756e-7
SC_RS14165	132.62754701127048	3.8015925686325907	0.3470156743163873	1.9471740521632395e-28	1.2562083517630559e-27
SC_RS14170	20.152546876271764	4.72691373290008	0.7486271584514115	1.2146750464979936e-10	3.349578847954524e-10
SC_RS14175	651.5958665625936	7.449830255084339	0.49441977709703683	5.2162124919708354e-51	8.398329894277934e-50
SC_RS14180	15.258587803281252	8.041181659674047	2.5744983734502602	2.2177998852963273e-9	5.583494829011648e-9
SC_RS14185	335.8303696892405	-1.3485392823269486	0.15363793951363433	6.438617635469484e-19	2.6899924330850973e-18
SC_RS14190	25.495897454178042	1.455817965801371	0.45603800566093416	4.7805533516762793e-4	7.281925307841538e-4
SC_RS14195	15.684427473002952	2.3632330400958343	0.5731520348170924	6.5073194929771325e-6	1.1871591771700489e-05
SC_RS14200	11.933620117267322	4.690987548664013	0.98555821426493	5.1969013555332e-7	1.0559920252328967e-6
SC_RS14205	17.295616607561964	5.329161908467552	0.9335650204273348	6.175292678912279e-9	1.495946393373822e-8
SC_RS14210	384.26776496728104	0.9334524467975877	0.19406822108273827	8.988982726997277e-7	1.7847269420807196e-6
SC_RS14215	279.35270398153693	0.6947212854423431	0.1921176689251915	2.255074036141855e-4	3.5516693597842884e-4
SC_RS14220	218.24700258976105	0.41348656760562447	0.20279061066462145	0.0372741465851992	0.04658636557953541
SC_RS14225	529.2149201732543	0.49089711279382153	0.1833907186566298	0.006435723162049369	0.008778583536247142
SC_RS14230	197.19470649387057	-1.1273959785242598	0.1816211759908455	2.601196210996065e-10	6.997891594266684e-10
SC_RS14235	191.78890395975088	-1.1695185345418713	0.20796554987074134	9.048777608962666e-9	2.1643102850629486e-8
SC_RS14240	40.93494489973279	0.0757762044535699	0.3045998141962596	0.7963645620245517	0.816744406170938
SC_RS14245	226.8563897831863	-2.6561921733866907	0.21848617272865453	9.710469944158102e-35	8.230460387151937e-34
SC_RS14250	32.437589530005255	1.408138574063783	0.49136809538739884	0.0014198927711703913	0.0020712738466093896
SC_RS14255	115.13571200840495	-0.47105123170463353	0.21992907949319762	0.027978849556143895	0.03546777318669505
SC_RS14260	93.20283475899234	-0.5231535568301476	0.2483783087841975	0.02970347484795884	0.03757650086272919
SC_RS14265	277.021772417973	3.0706516124367496	0.2314450797671909	6.372291010757286e-41	6.961373913085071e-40
SC_RS14270	784.4885636391655	1.1081487243250479	0.17663477513054573	1.7947012485386566e-10	4.887048377667671e-10
SC_RS14275	1279.0935476701723	-0.37566009841770276	0.1966191936774583	0.05094014412977321	0.06264720193678247
SC_RS14280	140.43548133049546	0.8407611709085013	0.2424153637596351	3.418746946962739e-4	5.295072461017273e-4
SC_RS14285	393.1413225636598	1.1567545006879707	0.18736478901327888	3.2913675084466004e-10	8.809634848379394e-10
SC_RS14290	17.330654797535228	2.0418361666585465	0.5151000305730067	1.5578911299474757e-5	2.7280667756430032e-5
SC_RS14295	16.896838280390583	2.841398163427228	0.5883590414877216	2.2641980480095802e-7	4.767617477447928e-7
SC_RS14305	60.83892014177765	0.8979266744936988	0.32213222802608127	0.003310831060382117	0.004661842321798307
SC_RS14310	133.6112534392929	-0.6820123883187101	0.19860437770052786	4.477905699724567e-4	6.83645478877204e-4
SC_RS14315	112.95535430246129	-0.5866012619019406	0.22080799461479617	0.006280198143882229	0.008575959465368066
SC_RS14320	62.580677442997576	-1.0004521838537859	0.2466017992635899	2.74243266275213e-5	4.702953129100978e-5
SC_RS14325	168.98729478717743	-1.777095484956629	0.19858276577180234	8.755238212992399e-20	3.8292483145080636e-19
SC_RS14330	35.70718637764358	0.36520091104777214	0.3298244801996571	0.24162178395008976	0.27081912674387626
SC_RS14335	78.25469328462098	-2.036499346247544	0.25193381609707705	1.4320315545864278e-16	5.379419604442343e-16
SC_RS14340	21.610309431228107	-1.6350653168505924	0.42087185433223034	3.070401969324064e-5	5.2349466177562186e-5
SC_RS14345	5.309159347823336	-2.6137794073670118	0.8662925563785348	3.6557649032552156e-4	5.63848784702028e-4
SC_RS14355	272.304181976679	0.9776255752667666	0.21779206926692765	4.135454417978223e-6	7.683255449274734e-6
SC_RS14360	1273.2071554440354	-1.2885879597369476	0.18617297095557697	1.8104988403897463e-12	5.583696549156834e-12
SC_RS14365	758.9048552588873	-0.8606413200611003	0.19249233540194846	4.966151114383758e-6	9.157388926598108e-6
SC_RS14370	555.9341703948355	-0.43173324265488594	0.2007466254395274	0.027807876655918138	0.035257098084721515
SC_RS14375	50.19549771351861	0.5058905554685335	0.3526259343533236	0.12676838993723996	0.14779290235528972
SC_RS14380	33.06663267932417	-0.9195113471684089	0.333690382467562	0.003563497174303817	0.004996620681368387
SC_RS14385	53.44145873572604	-0.5075217756495002	0.2909197577300431	0.06861101848516732	0.08287266999338637
SC_RS14390	413.9858973187811	-0.6564245158105344	0.16263687238718672	4.170563676518203e-5	6.995845439182263e-5
SC_RS14395	488.44319030192116	2.5429344415407127	0.20983702235257062	1.23638828905322e-34	1.03839718035062e-33
SC_RS14400	124.6939898900465	-1.9838088170970067	0.2620316646564443	9.506756624035425e-15	3.2773643452845826e-14
SC_RS14405	14.344317059114266	1.5681294949933975	0.5005899642202553	5.17987981957099e-4	7.860965999077275e-4
SC_RS14410	80.28764700955301	-0.6585916891244474	0.24511397095867235	0.005431378800398449	0.007463844068978411
SC_RS14415	37.00896080619168	1.729418470647906	0.43549068799634005	1.8600652914441007e-5	3.2349343063935846e-5
SC_RS14425	217.58829184277042	-1.0797261545806813	0.20138529056298873	4.144897798677559e-8	9.387124191476756e-8
SC_RS14430	86.96114993461134	3.3762728186391637	0.38309789798762556	1.6091057652879796e-19	6.934860264893957e-19
SC_RS14435	186.97610356383063	4.369712154405502	0.32446422611574194	3.2555097532920933e-42	3.7103754127938017e-41
SC_RS14440	364.0108854965148	7.154454771409707	0.39972308298366427	2.353705926112522e-72	6.860168971997525e-71
SC_RS14450	27.272378612948117	3.2929405508399525	0.5299612853446307	1.0633400274192468e-10	2.940033506632743e-10
SC_RS14455	124.57105910002916	2.5749204571149753	0.3216014046134768	1.9165654467488582e-16	7.144971488536947e-16
SC_RS14460	36.90608407334514	3.2092481828075505	0.6005359380495014	2.000158822043566e-8	4.665982649082333e-8
SC_RS14465	76.44063250407086	-0.7567811335613257	0.28026180118911825	0.004928025284040438	0.006796195706847614
SC_RS14470	125.26584696925933	-0.48211435769940453	0.21432925850968645	0.021326936087444945	0.02743629216832153
SC_RS14475	67.58759199733566	-1.9248171647981103	0.33644382425687763	2.4977222133435944e-9	6.260436302241898e-9
SC_RS14480	24.397718108461042	0.9304633777599136	0.4289030530374316	0.017270708195886626	0.02244126911655823
SC_RS14485	32.32087856779833	2.9697728474131457	0.5277463739908443	2.2778397284241303e-9	5.7229267997954134e-9
SC_RS14495	110.32429929857379	-0.15898644704187925	0.23717926485592158	0.4887980361672207	0.5220736846316751
SC_RS14500	55.15362127150804	0.24876428875956544	0.2670812295882326	0.33501785323294203	0.36773171326878756
SC_RS14505	347.2945064559069	-0.3543778991871677	0.19255697063934601	0.060031352575958055	0.07304805179787371
SC_RS14510	218.15898296819557	6.572588909027314	0.4609792355558317	1.5191838168195312e-46	2.0822419080347998e-45
SC_RS14515	73.57800814894023	0.26992390159366664	0.25233448034414113	0.27108318754148947	0.30163987097192446
SC_RS14520	132.97817597141673	2.0099010479666664	0.222650073516624	4.000300645240171e-20	1.7845261317604974e-19
SC_RS14525	64.20021688292083	2.603421527029795	0.2820968677116512	4.961114249486371e-21	2.3212726190172905e-20
SC_RS14530	55.216294338457644	0.20597806865998808	0.2642182082421745	0.4194648361803833	0.45327281682211995
SC_RS14535	221.8143227474179	-1.5072353928515627	0.1748564765461574	2.323033066256445e-18	9.532579761032289e-18
SC_RS14540	271.03594263496797	-2.465009506369017	0.1822323908334801	1.793411449816592e-42	2.0760778698504784e-41
SC_RS14545	144.4746339063656	0.44771451560013803	0.21809824859944962	0.03574856464055403	0.04479434273315132
SC_RS14550	46.72308177432885	0.1972155783978137	0.2769210155432962	0.46063012016064164	0.49420726117627983
SC_RS14555	214.88292261103027	0.4240064353971621	0.21641134173313795	0.044852586775630636	0.05549378773213092
SC_RS14560	20.110278524464825	2.910883743952935	0.6435468034176245	8.1034131170759e-7	1.614115838069089e-6
SC_RS14565	19.939773746884025	1.519385429048786	0.4671169673140595	3.624428824340277e-4	5.592495951179158e-4
SC_RS14570	2135.30510351591	-2.365922939119087	0.18198958497581186	1.472006287251848e-39	1.5223806959600461e-38
SC_RS14575	166.9345754274352	-1.6402545389078065	0.24179592902286134	3.5598371406640744e-12	1.0789247462086677e-11
SC_RS14580	145.5567299849925	-1.4203180208012476	0.2066246003243345	2.348433584167173e-12	7.188604918907735e-12
SC_RS14585	93.6711049987779	-0.9655084621441574	0.2228876190425745	8.832279185096544e-6	1.5865828675006556e-5
SC_RS14590	353.3165479686756	-0.9944937577958614	0.18362371763289279	3.3138050334277944e-8	7.570011870042303e-8
SC_RS14595	496.98315339317116	-1.280033785483101	0.20552988153829643	1.9014571604160193e-10	5.173928081515765e-10
SC_RS14600	236.93711515083325	-0.8671635478247542	0.22193953116284773	5.7473315001105275e-5	9.517364132453409e-5
SC_RS14610	7.552163961082978	4.203743147130285	1.1036909501786172	5.580889063295424e-5	9.260458135180121e-5
SC_RS14615	347.1453946759494	6.556171110829127	0.629546540947044	4.1187723645069974e-26	2.3858466155439593e-25
SC_RS14620	171.99154512927555	0.48886124097930583	0.24750828165933011	0.04134508779978581	0.05136961709109024
SC_RS14625	88.68383294234519	-0.484389768976822	0.22514761658471216	0.026926277262343454	0.034233511815951835
SC_RS14630	76.13411046371291	2.9747881461775534	0.33841552842852984	2.3877793463961907e-19	1.0207237623377106e-18
SC_RS14635	660.3273529907032	4.63835590798835	0.2454721122103091	9.829383794035477e-81	3.606063487423761e-79
SC_RS14640	1061.8546051041485	4.767808670212234	0.2334364434589414	6.939738676460081e-94	3.790639481497529e-92
SC_RS14645	6446.560338394956	8.390857507614133	0.24174012861000616	7.311854317884641e-265	2.6958806870040674e-261
SC_RS14650	519.5629276153501	5.779043119181797	0.31062983350225437	1.4659336812116875e-78	4.958621543694947e-77
SC_RS14655	109.65119873712466	4.618589590497662	0.36579127875169115	2.795951875188768e-37	2.623072408096943e-36
SC_RS14660	124.26780028328342	3.7571217650275033	0.2973736442777539	1.5775024135944021e-37	1.5029073382228838e-36
SC_RS14665	150.88781777241635	3.62347651553635	0.291281652285388	2.930605141701683e-36	2.6450773947256075e-35
SC_RS14670	596.2406914637353	3.9883782740375047	0.21408290055729834	1.6141758343206042e-78	5.435129042137048e-77
SC_RS14675	405.6046664315149	3.0633454173084016	0.21104520721279799	1.3786789516324813e-48	2.0663371116540481e-47
SC_RS14680	400.83221503464927	8.397778271755943	0.5794339307174877	4.797239524252793e-47	6.72525556118633e-46
SC_RS14685	115.97140827208968	3.6545941368164607	0.31467703849977946	3.8200964745289955e-32	2.8921346409832456e-31
SC_RS14690	1861.6447371800323	-0.31189433570030156	0.2687529192538517	0.22686440000073313	0.2555994019259597
SC_RS14695	409.5631930647443	7.746936424208179	0.613491393179312	6.00064117425277e-36	5.36348218411393e-35
SC_RS14700	136.89609895282297	4.050564188462617	0.3800680754148512	2.7192549579434887e-27	1.655803968610676e-26
SC_RS14705	158.96850632492948	2.802202345473176	0.24182855569589715	8.78783779491097e-32	6.570991953131176e-31
SC_RS14710	1680.9760173659627	-1.0693871757276956	0.1984317112332582	3.7489253203760145e-8	8.53491056265907e-8
SC_RS14715	787.0177472054579	-1.6964079336987088	0.2072316492463945	5.791164714435901e-17	2.2264884569473584e-16
SC_RS14720	923.6086664185488	-1.525264617885348	0.20037076219054892	8.24222880135538e-15	2.850759623883423e-14
SC_RS14725	131.62362626501974	-1.4367767206327975	0.21652713942496296	1.0841493743637022e-11	3.197806994623176e-11
SC_RS14730	42.12027282416323	0.3305882417534269	0.35506450589992494	0.32247467337174135	0.35502063921218585
SC_RS14735	159.73542480938104	0.34748975804198606	0.23918620750302455	0.1348810222341193	0.1567306426023315
SC_RS14740	203.9183673610299	-0.6647701317085045	0.22101847142082762	0.0019793144267702322	0.002851212428268613
SC_RS14745	874.3495419268295	-2.6132373762258756	0.1803626649663421	1.7769368776024712e-48	2.652455978834134e-47
SC_RS14750	128.0090141120139	-0.8351700423984445	0.20905895169340658	4.2605726606316384e-5	7.141955626164515e-5
SC_RS14755	17.771342900800136	3.0693435744369357	0.5579715888698903	6.089567926907988e-9	1.4756646037798062e-8
SC_RS14760	17.057163436390155	3.4461007876487657	0.690153331448635	8.220307372175545e-8	1.7997786984092182e-7
SC_RS14765	13.271781291788065	2.9980874536961135	0.6720054458179615	1.1880533517514264e-6	2.3349428080530435e-6
SC_RS14770	78.82368328594987	-0.05028316889118141	0.22161688566552373	0.8145657102881626	0.8332095363663352
SC_RS14775	54.97321059070733	-0.039725460485318304	0.279053715275529	0.8807115957610983	0.8933104961681346
SC_RS14780	175.91963098399413	-2.977274239183796	0.21376694475178476	4.413713762635212e-45	5.740163189712884e-44
SC_RS14785	172.47238477111665	-1.8949722705073855	0.20206042859634152	1.730583251159891e-21	8.238425367368002e-21
SC_RS14790	476.54140348577675	-1.780840867365372	0.16232548978898054	1.3030188263997329e-28	8.48803959882653e-28
SC_RS14795	1940.5614749386887	1.0171661620945007	0.2008029126621003	2.2779323286883965e-7	4.795167853767695e-7
SC_RS14800	469.67206925674896	5.012850256910832	0.26710155552130005	3.481320654473813e-79	1.21090842009858e-77
SC_RS14805	32.32683531276095	0.451379386682076	0.3411050126051183	0.16094235075414548	0.185435764759542
SC_RS14810	225.48795187632513	-2.2280576450170013	0.1935156033669436	1.7326031050256091e-31	1.2750713868721399e-30
SC_RS14815	517.8622194226292	-2.8066123243786096	0.17411866556032876	1.825087019447916e-59	3.780390921744082e-58
SC_RS14820	1205.3057694875215	-2.0535101131863556	0.23063387815300454	1.0157903806123158e-19	4.42959093236855e-19
SC_RS14825	1591.7851013026695	-1.7059428926035571	0.22082115825138154	2.88189031760158e-15	1.0167970910045e-14
SC_RS14830	55.25262704785814	-0.6461099177635535	0.27102290294106013	0.013264239012221558	0.017503668302813486
SC_RS14835	167.2492351698662	-1.5063429008553866	0.1896111316840399	6.173592385220374e-16	2.2581384051892382e-15
SC_RS14840	165.87537827148287	0.12468916685953572	0.20532538656914362	0.5357570785369583	0.5686057422469101
SC_RS14845	218.02328237290257	-0.6531768118965665	0.16640868868070186	6.699776911337932e-5	1.1027713157188819e-4
SC_RS14850	1250.4065258759426	5.573873842125215	0.24758785689793134	1.7468938902120742e-113	1.590320437830103e-111
SC_RS14855	180.7144743552052	-0.6885421491858928	0.19992920884665655	4.357753096317928e-4	6.658531150486615e-4
SC_RS14860	1568.8642479482394	-2.1317615869252737	0.1955237011844053	1.9344842664585992e-28	1.2491144466607451e-27
SC_RS14865	3242.1177723056876	-1.9495011216083822	0.19835966889546208	1.7583611788064056e-23	9.041949325326663e-23
SC_RS14870	749.4936734983013	-2.4677254741950687	0.19526556746083665	1.6357902032723133e-37	1.5564279947006503e-36
SC_RS14875	40.06016827018346	-1.5370287407088106	0.30826411630689243	1.982641378865397e-7	4.1963253523976574e-7
SC_RS14880	113.38868677776372	-2.553920323729684	0.3414667281715731	1.3556579182779166e-14	4.6495913904099336e-14
SC_RS14885	33.17452165546743	2.481977242446946	0.48499967507982816	4.872642263825672e-8	1.0911285773899334e-7
SC_RS14890	43.38640584436918	-0.923263525001856	0.3137803995408118	0.0019737331149358903	0.00284374911870599
SC_RS14895	115.3462780293409	-0.4376123500050801	0.21196283701608462	0.03415214785441749	0.04288793226813259
SC_RS14900	273.10572362212696	0.18449048375658733	0.21597264116952639	0.38233506796526096	0.4157703570529176
SC_RS14905	1586.7487720951442	-2.318306864656115	0.22971830801939308	9.52223958658838e-25	5.140336362481897e-24
SC_RS14910	362.1547851920658	3.403144079555136	0.2415793913278099	5.771481948281951e-46	7.766224066903486e-45
SC_RS14915	671.8526679221362	3.3533469906164743	0.24647990306933404	3.815679497772431e-43	4.575092783182749e-42
SC_RS14925	316.11957046963516	-0.6648837300102507	0.23956790582901388	0.0041336595898119124	0.005758852411727384
SC_RS14930	11.544433922422861	-0.7959203265519944	0.4825723840093164	0.06129809645699599	0.07450340584702297
SC_RS14935	758.9629341559994	-2.8492346900136427	0.20435792443709447	3.29317886325172e-45	4.313303896557404e-44
SC_RS14940	603.2733565858548	-2.249255687000641	0.2366752841828177	3.0987660314428644e-22	1.5264061934442005e-21
SC_RS14945	640.2162805309914	-1.487593540764294	0.17466967749063977	5.30504857492444e-18	2.1435303118626202e-17
SC_RS14950	297.8490999264247	-2.3128613840382757	0.19313385850703102	7.5990620120457865e-34	6.164519612412061e-33
SC_RS14955	123.21715982050426	-1.540740556893515	0.21351182626941312	1.6888196704164457e-13	5.493319916034791e-13
SC_RS14960	94.49899161273417	-0.7011818526504706	0.22254972386138222	0.0012041140619697991	0.0017645343984430243
SC_RS14965	1416.4438561494119	-0.2689226637376122	0.18534228588350504	0.1390655114715514	0.1614149349269983
SC_RS14970	204.5390635698716	1.9640828302194404	0.23873981329895821	4.074370302313716e-17	1.57796253199902e-16
SC_RS14975	994.8686756704961	2.2177078391242837	0.21084026658318564	1.280058125278928e-26	7.575560686843351e-26
SC_RS14980	282.1224322717144	-0.5333572674713173	0.18485997657951148	0.0032630594221176555	0.0045989679240626136
SC_RS14985	287.3826529523237	3.3448426439283288	0.24407517972991014	1.0864350402534266e-43	1.3263860905345642e-42
SC_RS14990	290.6571388489508	-1.186890597354214	0.18403787041208375	5.01412467998588e-11	1.4209898305232852e-10
SC_RS14995	42.46426945502023	2.9237691512944983	0.3922793015871079	1.430086444303606e-14	4.891214026110756e-14
SC_RS15000	186.56147452329597	0.0024736087576105056	0.1929437644402987	0.9913003279763654	0.9921075758004503
SC_RS15005	609.4920680430708	-0.6519206581430477	0.15510857161467412	2.038896829224283e-5	3.5367737517524965e-5
SC_RS15010	1872.1505284953103	-2.313943967575987	0.1844871281222383	9.211433348132174e-37	8.511918484852964e-36
SC_RS15015	2916.5251893604564	-3.0030253171793504	0.19406525346101555	5.4917150240544466e-55	1.0048612056421213e-53
SC_RS15020	922.0574259943128	-2.999229201688972	0.19457821673304457	1.2173484695739024e-54	2.2110166538517135e-53
SC_RS15025	1054.405842378795	-2.424498916260421	0.20720539763020818	1.7764264693798756e-32	1.3673662615038833e-31
SC_RS15030	715.615947521898	-2.497420622407454	0.2008794690684505	2.217819744135934e-36	2.014064383406204e-35
SC_RS15035	2420.3458269387133	-1.518931928318478	0.26567927854748125	3.3601752968205655e-9	8.3371240372661e-9
SC_RS15040	5662.695406536532	-2.019910602592603	0.22247150341162192	2.1114904563396822e-20	9.552227377330563e-20
SC_RS15045	130.69927109589332	-0.8935400947276854	0.20331757864560246	6.849169957538702e-6	1.247980708349157e-5
SC_RS15050	3154.319344765842	-1.8164163254004326	0.20984557154770903	1.1791090494279021e-18	4.881948416890146e-18
SC_RS15055	1880.6555923050373	-1.908306439010107	0.20609342941124545	4.4549406112748915e-21	2.0870859000979066e-20
SC_RS15060	179.84331919690436	-0.825056677548817	0.21536055497994422	8.415825464656951e-5	1.373883041319025e-4
SC_RS15065	336.5141759550938	-0.6959975695733529	0.17722932600556993	6.542534967461253e-5	1.0778519403498499e-4
SC_RS15080	70.88589175323112	0.7920589549919139	0.26247080233180403	0.001780767211732861	0.0025727620335654617
SC_RS15085	179.89383572250392	-1.030706478510572	0.18097928039622355	6.8147313028278605e-9	1.6465212525246607e-8
SC_RS15090	50.913424820084096	-0.5818860912687359	0.2997268610090275	0.042061275284109065	0.052206672941427404
SC_RS15095	79.50949565720256	-1.6817762435641372	0.26740373535844697	8.669805146293166e-11	2.4134066873826274e-10
SC_RS15100	625.6802738724103	-1.9736821295282452	0.16869849442071824	2.495700768615219e-32	1.9031331404104059e-31
SC_RS15105	193.12044812223684	-0.3655478672472771	0.18624505937374494	0.045382322151079325	0.05613036624321687
SC_RS15110	589.8366336827872	-0.5497493740308871	0.15663441085782034	3.722558703186381e-4	5.737907164986701e-4
SC_RS15115	72.03806025560984	-0.7858116211968595	0.24859060497626181	0.001084972105019025	0.0015975607632608409
SC_RS15120	303.5352774797042	-1.5534048533179179	0.1827665444477345	5.692075739044565e-18	2.2948806178083447e-17
SC_RS15125	1551.146520029596	-1.760774245971772	0.19327348391000573	2.0662756550508874e-20	9.370674465156975e-20
SC_RS15130	363.4769236783884	-2.6418756359943427	0.23396299202487836	1.5161500626835642e-30	1.0647705297360574e-29
SC_RS15135	273.2983370141987	-1.8588598739878572	0.19636537702164977	6.677399193448245e-22	3.245823444461922e-21
SC_RS15140	1512.535740928034	-1.6855520337067775	0.21245824174524305	5.996727151362028e-16	2.195623933174955e-15
SC_RS15145	3402.111007762024	-2.3085087045610058	0.18297525030975545	2.7261835971180705e-37	2.5608761586176624e-36
SC_RS15150	2013.7686324923811	-2.33864673970807	0.23877696272132784	2.2624275423528598e-23	1.1553421535533233e-22
SC_RS15155	2716.9175118586545	-0.7090416235843551	0.21056126295701882	5.590142588167511e-4	8.455896080497397e-4
SC_RS15160	3419.1215131437625	-0.12310253750750214	0.2168459129648528	0.5574489348947156	0.5895064457068167
SC_RS15165	5015.047644532211	-0.25120763378739	0.22607402773465599	0.2636588868929855	0.29377767179644526
SC_RS15170	11148.235227584375	-2.579032041321109	0.21862401765601255	5.582003275360254e-33	4.416490574303274e-32
SC_RS15175	32.88962955529797	-1.067710179315305	0.32630965233216136	5.431632022612761e-4	8.229474940362955e-4
SC_RS15180	55.632389039391995	-0.7515326699656322	0.2781798867299062	0.004709061516994238	0.006507612373747284
SC_RS15185	914.6210606300504	1.813870596681011	0.19987603967419404	2.8564360199404976e-20	1.2827867972619506e-19
SC_RS15190	86.4026954819706	-0.32333964406136384	0.29058814206055245	0.2455858790649113	0.274844479014214
SC_RS15195	84.3154527346079	-0.5956603428724769	0.24088105041031876	0.01071859456435794	0.014272104788294592
SC_RS15200	439.42669891245885	0.2439373469204124	0.1821267106791781	0.17375879315882004	0.19942750476675186
SC_RS15205	153.4451561451129	-0.5258605110339256	0.19578748897353604	0.006122686721473994	0.00837793503138787
SC_RS15210	107.00299716865942	-1.0122154205403773	0.22393509480886367	3.452182472083159e-6	6.472512979695198e-6
SC_RS15215	994.5968862871362	-1.2534534561028774	0.22776677792748384	1.5361177766837844e-8	3.612032042495608e-8
SC_RS15220	115.35144715897546	-1.5614795568896258	0.28900834373352935	2.2051003731781787e-8	5.121389024193981e-8
SC_RS15225	303.2825642121468	-2.727361185538797	0.1808938080919965	3.2247373306559303e-52	5.392111808675018e-51
SC_RS15230	72.50123014103234	-1.2627285617646373	0.37834013311423936	3.490932887102527e-4	5.400071136877288e-4
SC_RS15235	9.115808839694413	1.2281365735564673	0.7400820115355109	0.033425779816217915	0.04203303212223583
SC_RS15240	16801.91159524138	-0.1753088810797525	0.20212114400002448	0.3770417036964044	0.4104983793086204
SC_RS15245	1099.4003744282047	1.6037458905449387	0.24116948758589948	8.719057454118642e-12	2.587296968477701e-11
SC_RS15250	1542.3652473543445	-2.0883670521872912	0.17221371093001414	1.3967928066731367e-34	1.170448881409967e-33
SC_RS15255	409.4430882999247	3.0723308257453814	0.25283031087063346	6.528188884266148e-35	5.5910412116816e-34
SC_RS15260	1562.5005697278102	-0.6999660260928479	0.21163323671308706	6.92667629529898e-4	0.0010381567276734692
SC_RS15265	34.49579861300339	-0.7526656723950665	0.36480911423116164	0.027094024545481425	0.03442304221198829
SC_RS15270	39.54880357730561	-1.2109292904746747	0.3110765546343616	4.339043434962887e-5	7.263588260934468e-5
SC_RS15275	969.5149966664849	-1.5645050046744784	0.213356610267549	6.579259869440813e-14	2.1814506419629746e-13
SC_RS15280	831.5578559297596	1.4611258042416342	0.18547826619456434	1.1888295144172025e-15	4.297269038878652e-15
SC_RS15285	19.622354818021492	1.8422302053347572	0.5133212545253889	8.046062140239392e-5	1.31526628734483e-4
SC_RS15290	4520.270049865879	-1.4883465255035904	0.20681033907209428	2.0420064519519797e-13	6.595600340207577e-13
SC_RS15295	66.21451730521979	-0.7197370198961343	0.26176061692906677	0.0042995456199126005	0.005976408935199909
SC_RS15300	30.62579902389584	1.0367731226049555	0.43156964649431817	0.008435083676619305	0.011354564992951946
SC_RS15305	24.67380868877471	0.8193129127779313	0.37777549418737083	0.019508787291392382	0.025202837681627087
SC_RS15310	80.38262239460951	-1.0706578279808567	0.23359272353214028	2.4081311422800375e-6	4.582595882109161e-6
SC_RS15315	999.7835318527024	-0.5596540617300007	0.24144746119841629	0.01664828223525373	0.021678338902129793
SC_RS15320	159.08551073732002	0.18834445260148328	0.1818550308464339	0.2934534571473743	0.3249137827334442
SC_RS15325	70.36334350772901	-0.13572473733965892	0.257572053740899	0.5845896749393331	0.6157355039283877
SC_RS15330	81.06606039163427	0.34436973228700557	0.28989512198774287	0.21616801520109966	0.24448204664001671
SC_RS15335	189.09548095233296	-2.1038567996626854	0.19947533114087043	8.870451637122407e-27	5.287850474708215e-26
SC_RS15340	12.428677251777195	1.2674400720956887	0.5581632426202472	0.008784348705538618	0.011790278004121182
SC_RS15345	53.366538890753795	0.7302069262843354	0.2838884239322662	0.007339904987494179	0.009954838951219805
SC_RS15350	1476.325590511845	3.1501725288367735	0.2275610772555785	1.3856522889915748e-44	1.7647322934410835e-43
SC_RS15355	354.3631227904963	-0.36629377143978015	0.16951982488993123	0.028342675566310968	0.035904293012536864
SC_RS15360	101.26507691724075	-1.068998079936676	0.21583189901681496	3.856146944727747e-7	7.925091296104351e-7
SC_RS15365	20.879259951445064	0.995914292859426	0.4842379834022216	0.02061806572991864	0.026575356876843217
SC_RS15370	16.680890427567146	1.6549996675449832	0.5504252574307551	7.108370769678913e-4	0.001064523274890583
SC_RS15375	16.396618876445853	1.5265835278889157	0.5659825802194426	0.0021405912192186804	0.003069762670268096
SC_RS15380	95.0825240075817	-0.45957071107418856	0.22513539481813594	0.036325183843853893	0.04547740333863814
SC_RS15385	69.74489320167203	-0.34792057776424606	0.23219834770829376	0.12328147251892282	0.1440693468073751
SC_RS15390	837.1253770469762	-0.38663183242335536	0.18820610066908597	0.03619279775267221	0.045327053435496756
SC_RS15395	537.2071278754925	0.4697212534502752	0.20921932537345728	0.02159979688608755	0.027777625085108056
SC_RS15400	421.6176349662012	-0.18247228636618198	0.19837835773450724	0.3469663621045262	0.37982926872903444
SC_RS15405	23.838251137377625	0.5646771814302631	0.37304972877045406	0.10362045955604025	0.12262835319631533
SC_RS15410	896.7764984944206	0.18642251604874965	0.18704414003682426	0.31131592486879667	0.34371067973985725
SC_RS15415	664.6417748728129	-0.6052747852355121	0.18686138081513132	9.539450248384469e-4	0.0014136637084322162
SC_RS15420	374.81241672888086	0.9005624420708138	0.20806846280163227	9.370837610353754e-6	1.678420124817794e-5
SC_RS15425	2473.637024079591	-1.1501200347174994	0.1875481296902387	4.1469676792257685e-10	1.1003864579564885e-9
SC_RS15430	223.32963418446207	0.6651600009485156	0.20720435627461462	0.0010106585721464602	0.001492907914865384
SC_RS15435	367.6682289995987	0.6180931843288621	0.22555274337920111	0.004867693848261644	0.006719276382830656
SC_RS15440	460.6148876235792	-1.3650272363006184	0.16476587165799955	4.4081162980868875e-17	1.7054275751360287e-16
SC_RS15445	220.04697619888063	-0.5326059940058054	0.18369882231898038	0.003124708914592359	0.0044208755825410695
SC_RS15450	63.410095332301495	-0.6717646280064814	0.2591250693347809	0.007212861079243038	0.009789736351617553
SC_RS15455	563.9126921633156	-2.1516784180696393	0.1684815080837539	3.728761153864565e-38	3.6418390395493113e-37
SC_RS15460	763.6577453921486	-1.3645214461915796	0.21629633290647787	1.0239924030761163e-10	2.8354937965765233e-10
SC_RS15465	3796.781935104625	-1.3163225310076792	0.2090638230201514	1.215096747800156e-10	3.349578847954524e-10
SC_RS15470	20.548603791116776	1.4899950147728462	0.4344171611214865	2.0079816546276087e-4	3.1808499938182567e-4
SC_RS15475	48.832450907044915	-0.37947222819960713	0.27534485748769194	0.1508156009787802	0.1745040391679782
SC_RS15480	85.12155298417129	3.505129047396462	0.34094718852737416	1.1328764264261983e-25	6.386720770999072e-25
SC_RS15485	59.536537013842185	1.1300843521940909	0.3500098005012611	6.174537624129787e-4	9.297741564291004e-4
SC_RS15490	541.094979843643	-3.150405825160998	0.16255540771294893	1.7779535439451073e-84	7.243441675718907e-83
SC_RS15495	15.686281089639518	0.8254873686846171	0.4289787447085081	0.034588233662773686	0.04340599643112545
SC_RS15500	44.230975687861665	2.6995826918242933	0.3705677202094154	4.894937272954785e-14	1.6310559173415537e-13
SC_RS15505	21.665024938679203	3.2678057485925045	0.5623867554515957	9.044095163990082e-10	2.3482802020867204e-9
SC_RS15510	100.22316342592089	-1.9808884157266522	0.2493690081817879	3.600612355554645e-16	1.3275457754929975e-15
SC_RS15515	53.27334787838999	-0.10260775113091583	0.28167027522617955	0.7045417122823077	0.7288567040361584
SC_RS15525	6.219903282794418	3.236969281983684	0.9908773009443729	2.188227729164269e-4	3.453026166243809e-4
SC_RS15530	20.27022338295056	2.3359433791353723	0.5103785173689577	7.671785488303979e-7	1.5331096528659496e-6
SC_RS15535	14.6084224342899	2.982403052736071	0.5903147031501029	7.711397420590868e-8	1.6923763267689602e-7
SC_RS15540	21.238591159464367	2.3507392144888657	0.505190321362342	6.216651116528606e-7	1.253187133222579e-6
SC_RS15545	16.68243454859505	1.7832222438589826	0.4630621967544917	3.1717922765901716e-5	5.396376062712694e-5
SC_RS15550	30.08504700486317	2.9216613258656152	0.514075461008483	1.4975035646277128e-9	3.8104179729346974e-9
SC_RS15555	15.144897817197887	3.6033512480288628	0.7413251814510727	1.8009604888473427e-7	3.8249661995277374e-7
SC_RS15565	433.3412741262208	2.58098492107382	0.2265300446971736	6.509092731108549e-31	4.664533508182162e-30
SC_RS15570	139.47097986087087	0.5181580112978542	0.21218577982955886	0.012383238960706373	0.01638801222115018
SC_RS15575	99.19674068353463	-0.4275598248938974	0.2563178033589821	0.08337214093874441	0.09998148760486279
SC_RS15580	249.3714367556283	6.757231477925736	0.520372582882115	6.127411177493245e-39	6.172613391097704e-38
SC_RS15585	41.43608020478592	4.794139867790778	0.6795189730670669	1.1190152577909037e-12	3.481695574240559e-12
SC_RS15590	37.18244040975363	5.255013183768339	0.8363636017127919	3.92593463573859e-10	1.0443665946585988e-9
SC_RS15595	14.120752048162265	4.101127667925638	0.8962345192739903	1.7163629743543657e-6	3.3149451474303544e-6
SC_RS15600	17.501416743514206	4.705416014233801	1.0269310617051628	2.998808832472133e-6	5.667149239018326e-6
SC_RS15605	15.503110910271396	3.8099057092870954	0.7269231730480619	4.101976575564172e-8	9.298486095361268e-8
SC_RS15610	206.34242064954822	4.357517503436476	0.40821031060636764	3.605931762868121e-27	2.1830985894408478e-26
SC_RS15615	16.365103236883172	3.311875411065616	0.7325435067850892	7.814592125606885e-7	1.5599567497083154e-6
SC_RS15620	18.154886511934688	4.057312232286359	0.7235919279372336	3.713608078180168e-9	9.183147541415344e-9
SC_RS15625	18.928177815071503	3.3611991269055084	0.5881155085861827	1.7257547340406004e-9	4.376105711422073e-9
SC_RS15630	19.572817409101436	3.0312460277437805	0.5687554084088309	1.4131178995958195e-8	3.3377102471555326e-8
SC_RS15640	14.005272670829777	4.160105355265833	0.8269038125006322	8.485107298844868e-8	1.8550009256354002e-7
SC_RS15650	14.365146132221248	2.50825083897648	0.5855074355844792	3.139517143174904e-6	5.92243525550569e-6
SC_RS15655	60.95624215214946	1.872049737388505	0.30268558285744535	1.7495558998257592e-10	4.772928303853181e-10
SC_RS15660	27.792845017462678	2.7194686321341717	0.48864542561416685	4.125413951826731e-9	1.0170573702325867e-8
SC_RS15665	25.179777005596907	3.1194803055253324	0.5723865456288144	1.1062885565900918e-8	2.633238158907468e-8
SC_RS15670	109.01362467697554	5.030659291627479	0.4772573539149221	1.3379113805366848e-26	7.911594643205704e-26
SC_RS15675	68.12177594778407	4.814184098277857	0.54909102293354	8.880864100666798e-19	3.697769163089608e-18
SC_RS15680	70.75764470758571	0.9070561391883821	0.296877224743581	0.0014033947021163868	0.0020484229084335387
SC_RS15685	22.939364641799745	2.522256737806119	0.5194714597275019	1.8855145895170968e-7	4.001089088661603e-7
SC_RS15690	96.29790216445502	0.5665813715698277	0.20493592192557314	0.004762468610219105	0.006576487552763237
SC_RS15695	235.3852318787653	1.6030265095343568	0.18929274200645957	7.430697506449379e-18	2.974699425220289e-17
SC_RS15700	768.8048689731394	1.2747995591640482	0.20786011698187365	3.802394183652027e-10	1.0136968441883605e-9
SC_RS15705	50.09747158654497	-0.14909748916525464	0.35118048007234803	0.6489474213127949	0.6772670707426086
SC_RS15710	911.0582665018402	-0.9980278389414605	0.18742333147083085	4.800742673324187e-8	1.0769904616091437e-7
SC_RS15715	384.17249976355725	1.9060667786082903	0.19386018541672329	1.8109757671423698e-23	9.293065627632453e-23
SC_RS15720	21.269928499130607	0.5245248629567417	0.4581639175303397	0.20156536946581377	0.22926778257610841
SC_RS15725	5.44882678721694	2.1882772906984926	0.8550499135900407	0.0019155807610385129	0.002763743402836626
SC_RS15730	28.62725341249259	0.35706709122927566	0.326394833625286	0.24805883988368632	0.2774436349616719
SC_RS15735	87.39701429469882	-1.2813877115815475	0.2491212038879484	1.0516970226979519e-7	2.2802745796456033e-7
SC_RS15740	415.7593374412219	-1.517828414404471	0.18059131997380243	1.3411325882270972e-17	5.3226650729744966e-17
SC_RS15745	54.75472770512753	2.644189805869654	0.3804716076826396	8.4309796603803e-13	2.6376768780502474e-12
SC_RS15750	81.68338229713582	3.701150382647982	0.3935244074256438	1.2312683075933563e-21	5.899527290574015e-21
SC_RS15755	83.52065951880985	0.6018732596123229	0.2250784393098814	0.0060775727381198776	0.008317747099275422
SC_RS15760	98.92706500551527	-0.42432415322020806	0.23028318684479718	0.057808854602472724	0.07050653222603934
SC_RS15765	8084.23736427531	-1.900327752854439	0.225984422239865	8.779963926741611e-18	3.505330481634686e-17
SC_RS15770	361.30405286031714	-0.6275269414461785	0.16262327067953403	8.972948951044084e-5	1.4603073397704498e-4
SC_RS15780	5.7474373940953685	2.4864401732801595	0.8847223500563566	8.931138763748577e-4	0.0013272514559428054
SC_RS15785	12.100640110278293	0.7266860706182457	0.5109009392043324	0.10325879093951164	0.12225920430121369
SC_RS15790	46.98350274726425	0.9105367741584028	0.2872719832412314	9.298107222371135e-4	0.0013787299951289916
SC_RS15795	38.53129324623607	1.2426331008625797	0.34807587556504016	1.5666923865126e-4	2.506028125410827e-4
SC_RS15800	16.409328681522993	1.755312181925878	0.4769142860068664	6.112588835935049e-5	1.0090492517614741e-4
SC_RS15810	45.43333129545845	0.5246634369224458	0.34473286129844694	0.10524583804755944	0.12435231689836616
SC_RS15815	94.62350798279486	-0.9355786046513882	0.30147248962267753	0.0011327980372828365	0.0016649895808099734
SC_RS15820	105.4267758902148	-0.7074185547043708	0.2521056189563711	0.003661102295057509	0.0051295778688493394
SC_RS15825	76.12899282204003	-0.571980157605772	0.2550109697257717	0.01994612020997981	0.025736253793244287
SC_RS15830	34.58411215277216	-0.998465711990782	0.33618901707649007	0.0015959602541388922	0.002318024603903918
SC_RS15835	29.538461572454253	-0.22749693302663085	0.3155613690033746	0.44726546297109226	0.48098811782832646
SC_RS15840	29.761797110600508	-0.11900503490726441	0.3988955818080051	0.7436441004282569	0.766084324749646
SC_RS15845	46.713997911525325	-0.2560741100789273	0.28636762296311197	0.35078404781341865	0.3837806481566987
SC_RS15850	146.81196475905585	-1.146795959619301	0.19217742932100887	1.196545979272248e-9	3.0732602059051053e-9
SC_RS15855	114.48535428756514	-1.2466627795411822	0.22044962494753803	7.030027642166558e-9	1.6952067963811706e-8
SC_RS15860	43.22022350785559	-0.6767825777508711	0.2960155340885803	0.0164235733347075	0.02140463587312356
SC_RS15865	15.758106413089498	2.5494354838807913	0.5869425463968616	2.2859470578984753e-6	4.3590829079243224e-6
SC_RS15870	82.48279212889334	-0.48415779714009405	0.2521075823603795	0.04715250264531429	0.058231879836969945
SC_RS15875	248.8244333148274	3.272468225024798	0.23212838199103525	3.905980150884812e-46	5.3043642049032416e-45
SC_RS15885	26.677267686028973	0.8859964768595768	0.34738061378477214	0.006733166844259564	0.009160585296968638
SC_RS15890	1549.576819028647	1.1049616801491007	0.19309992713661375	5.4207016756864894e-9	1.3192163087957813e-8
SC_RS15895	21.83841176021188	-0.41609639764063466	0.36930991559556153	0.22571286747410801	0.25441863111496066
SC_RS15900	1362.299037951295	1.130538672180926	0.2214598847003634	1.692745260659091e-7	3.6044769136875936e-7
SC_RS15905	603.3464922016984	5.057020487919324	0.37756638574466134	3.291574106085401e-41	3.6444545733143764e-40
SC_RS15910	77.29165553285951	4.209585598478599	0.3795777905643162	3.940693382124656e-29	2.6178984684492987e-28
SC_RS15915	175.4320885103008	5.961784697893723	0.5257686131579723	9.193086244859811e-30	6.288480331131377e-29
SC_RS15920	350.73760821026576	1.6844694136105522	0.23358927753210593	1.5248232355802722e-13	4.973041370707177e-13
SC_RS15925	433.6449856376941	1.1592261877356163	0.2019352813711432	4.577758904754563e-9	1.1225937533641552e-8
SC_RS15930	300.6096975302111	-2.3576767246392567	0.18059679184056757	8.426992487227614e-40	8.789341244811377e-39
SC_RS15935	351.67814050835756	-2.2920375835324034	0.18716718537771834	2.7540121906945825e-35	2.3835781565941137e-34
SC_RS15940	311.98735102893437	-0.5541593887252825	0.20447859355684614	0.00550963477912452	0.007565744294462609
SC_RS15945	62.12609671156185	-0.5339651563031057	0.2681546208172023	0.03876375791926236	0.04837433591075319
SC_RS15950	141.48784111275967	-1.5776270157789676	0.21840406951520247	1.5081687153634683e-13	4.925259569127641e-13
SC_RS15955	924.6620599309281	-2.088107762473772	0.20140816973596157	6.247866267607768e-26	3.574225435014716e-25
SC_RS15960	87.23317025641416	-0.853310929990003	0.22444365094128352	9.335706294818214e-5	1.5176697138004743e-4
SC_RS15965	312.20588062293194	-0.2516296534906846	0.21229860700850797	0.22409575059333442	0.25271173954354614
SC_RS15970	281.6729487456379	-0.03835123646252896	0.19818597201469101	0.8415712298787408	0.8578582041921254
SC_RS15975	88.59341235830169	0.5441829542826115	0.30952130093490593	0.0645018514822192	0.0781654318537197
SC_RS15980	124.19861322117754	0.6081029309953306	0.24085378264475052	0.00921768592491526	0.012358402910968206
SC_RS15985	904.080824552361	0.38431932432253474	0.20700507435947407	0.05780394821279592	0.07050653222603934
SC_RS15990	198.9892442071972	-0.061590963938950104	0.22116575945022082	0.7740148868209022	0.7949283809773444
SC_RS15995	2143.81014076392	4.135453382904365	0.2788628024043659	9.735801903843624e-51	1.5472371387703208e-49
SC_RS16000	3296.954606225032	4.183577601207689	0.2886063418595153	1.2302568741633745e-48	1.8551971758856288e-47
SC_RS16005	887.1883252170305	3.959162634409884	0.3393038130656725	2.0365251716725298e-32	1.5626781077953416e-31
SC_RS16010	6165.306611871535	4.183609076454033	0.2987153375157901	1.2885816474812042e-45	1.7120722645993515e-44
SC_RS16015	206.04391245484658	3.0429831286502456	0.24902432264715854	3.3588212879690446e-35	2.896836044150144e-34
SC_RS16020	159.66943271770367	-1.1548890583168567	0.20281161830343555	5.825146918934826e-9	1.4134463106359133e-8
SC_RS16025	79.9392916977058	-2.6715348304920803	0.289633428653496	3.790446224205629e-21	1.7803025768975992e-20
SC_RS16030	541.2459229440266	-2.7449174185002443	0.18387138450344337	2.3169581237267945e-51	3.771578190808252e-50
SC_RS16035	304.27923511096867	0.7199890380353186	0.20203613588029795	2.7021601257916475e-4	4.228720027077166e-4
SC_RS16040	36.94732053781476	-1.1495785702407906	0.3662609147657035	7.982443763210077e-4	0.0011910671855506092
SC_RS16045	2726.30281823109	-0.7645975926545487	0.19515753141090847	6.287523260134111e-5	1.0369983565249147e-4
SC_RS16050	546.3961980616284	-1.939660661103673	0.21008081627457012	5.1287558646527604e-21	2.3951517255192816e-20
SC_RS16055	19.158634170165648	-1.7860988948893355	0.49290484651907424	7.119982905144563e-5	1.1703690134314758e-4
SC_RS16060	427.13674962097974	-1.5386376543684805	0.1925856518553158	4.000818374304721e-16	1.473628106499651e-15
SC_RS16065	241.03400090709886	-0.5155692233688716	0.1859300785152983	0.0047308659854876445	0.0065365197258733165
SC_RS16070	74.51032869578611	-0.5655398487273477	0.2319876810880589	0.011932994838657214	0.01581486411579049
SC_RS16075	57.26458547021505	-0.3903977026799179	0.25263134076479987	0.11014339479602926	0.1299100117123992
SC_RS16080	44.3872439482525	-0.24975890956227553	0.2753242336554981	0.34474641981949283	0.3775660666334108
SC_RS16085	33.80239198957346	0.6629068504147776	0.3855770799118608	0.06342995961648099	0.07695500529975827
SC_RS16090	127.96564290219789	0.8221550796082628	0.22600127427890587	1.8511556974581017e-4	2.945074889548229e-4
SC_RS16095	66.38092071782836	0.9411622411600984	0.2630875330319479	2.0895155185844834e-4	3.303620804897509e-4
SC_RS16100	206.34416687335406	0.010071725835274145	0.19500131163818005	0.9591083647573312	0.9628951779061348
SC_RS16105	56.52780896999687	-0.2677142619240134	0.25954729400789744	0.2847114272329215	0.31575606322989364
SC_RS16110	277.1047716667538	6.741088251220885	0.39870033453784026	3.23863414087866e-64	7.855818471986593e-63
SC_RS16115	827.2872286456844	4.527163347332816	0.24037271668295734	3.1583451261098855e-80	1.1472727566470096e-78
SC_RS16120	134.15446060464853	-2.206061119499405	0.22351629404448523	1.2751134069966488e-23	6.607650220093668e-23
SC_RS16125	400.09350427746153	-1.5667062846610327	0.17747792717020952	3.0889709678488495e-19	1.312100916873123e-18
SC_RS16130	435.0463123557018	-2.8752801012970757	0.16589343977781656	2.4768007604840632e-68	6.617365510075899e-67
SC_RS16135	290.06238858362275	-2.065077636969996	0.18070614070446556	6.095995441653114e-31	4.3812739168372384e-30
SC_RS16140	231.57120489157867	-1.6641326229743738	0.1715775166904541	8.870617326428499e-23	4.443745391649712e-22
SC_RS16145	85.47490254732391	-0.6052030375046081	0.2197405841379983	0.004699362199112655	0.006495425839973143
SC_RS16150	26.962434468251192	1.5625471871424175	0.4694076581286632	2.57489582698799e-4	4.037270216502113e-4
SC_RS16155	139.26467004507285	1.231165702636809	0.2443763819934365	2.146511221210984e-7	4.5301584846049787e-7
SC_RS16160	50.09958751224617	-0.4174554888093586	0.34441590986129245	0.1971873362759771	0.22459984826985713
SC_RS16165	59.09520585088084	-1.1496897363579226	0.2847635055341695	2.6259767017712423e-5	4.511638443350685e-5
SC_RS16170	244.98394601116192	-0.3778693812174074	0.19777169053332203	0.050996832565693935	0.06270646045346458
SC_RS16175	244.23466752679528	0.48947183098158226	0.16614572818458437	0.0027834938964780027	0.0039571012131538056
SC_RS16180	27.12438526458985	1.1265423273064068	0.429529129487832	0.003987359554360838	0.0055602854300031805
SC_RS16185	25.65283004697585	-2.645557080112274	0.416124352392166	3.0491119771058427e-11	8.765751157574458e-11
SC_RS16190	736.3306481184245	2.3312916515611817	0.20525777786527816	1.0637101710751225e-30	7.520420710937635e-30
SC_RS16195	145.98108638658857	-0.5131089984543887	0.23117093923541307	0.02204591158174867	0.028321698955368412
SC_RS16200	25.34225291812202	3.84222880986603	0.570682301649587	2.5020839594706255e-12	7.652578646676231e-12
SC_RS16205	1062.4249443613644	4.4363751204584565	0.27374863785997344	6.495895829914867e-60	1.3884271260809343e-58
SC_RS16210	499.71937284782325	4.024566342984279	0.3169107515562274	6.868155356604347e-38	6.663918105210586e-37
SC_RS16215	98.51990937996416	0.13784715506643722	0.2100030291156579	0.5033749726233858	0.5366325065960456
SC_RS16220	94.55019438934856	0.6694994846794836	0.2277456924182518	0.0025363942975738874	0.0036183732927664624
SC_RS16225	40.75780115884892	0.7981480328359132	0.32569957268152216	0.00947471181779561	0.012675349227943545
SC_RS16230	81.36229472175413	2.703763395067289	0.32650039322861807	2.2789260998199094e-17	8.929224792811908e-17
SC_RS16235	399.3260901415964	-2.9306747087909635	0.1830427108072177	9.094361269285103e-59	1.8525364640803414e-57
SC_RS16240	231.85196193680474	-2.9908808963907756	0.19507063794487448	5.042204240569289e-54	8.916358290157777e-53
SC_RS16245	282.46763280335324	-2.820002354112084	0.22733472678139324	2.003846605121842e-36	1.824242576070181e-35
SC_RS16250	321.364376066152	-2.2745470949066746	0.20299896753295657	5.563996666346958e-30	3.820196593821459e-29
SC_RS16255	759.055550579714	2.47261033550486	0.22331411911927398	2.5946760054442236e-29	1.7377966270795372e-28
SC_RS16265	11.925533642327387	3.053635863637573	0.7278823050442915	4.552700876588297e-6	8.432960628978172e-6
SC_RS16270	47.27754670689926	0.9213365901571126	0.2833343174033829	7.147821019184642e-4	0.0010702138516846204
SC_RS16275	95.22335026506128	0.41435078153750093	0.227150178845984	0.06109180902680444	0.07430166580301104
SC_RS16285	1661.9882489106851	-0.5534192046484413	0.1884273154889899	0.0027342571784887805	0.003890855352021665
SC_RS16290	2383.035178337419	-0.7715297254945795	0.19362159021808595	4.72071130942975e-5	7.877466665701512e-5
SC_RS16295	883.8414488421992	-0.21610082542077017	0.17716972201027378	0.21431935743623556	0.24254004630675277
SC_RS16300	68.64464564350561	2.7334261307527385	0.39653769564371566	1.2146074318931945e-12	3.771164295907544e-12
SC_RS16305	58.53614479916413	0.5036800309953477	0.27292004672863673	0.05559193266239611	0.06799384830859329
SC_RS16310	15.476560187797633	0.6787738109449762	0.522021494903142	0.13370302160433303	0.15550884563254758
SC_RS16315	72.3872424933962	-1.6680490044383574	0.25873966260162024	3.583294469395204e-11	1.0257458624736116e-10
SC_RS16320	266.834725736019	-1.3473958301853273	0.16834079760775206	4.603535641144467e-16	1.689719851557954e-15
SC_RS16325	11.738218859057023	-0.13988269029266837	0.4940338166192633	0.7428520696796285	0.765375319521808
SC_RS16330	90.2845646350147	-1.5153177202628243	0.2634628130590642	3.1353715360560028e-9	7.802979988821116e-9
SC_RS16335	237.3302339483356	-3.122965866021764	0.21185475679564558	6.195720848005696e-50	9.638659395188607e-49
SC_RS16340	81.28289531459511	-3.273010058966291	0.2880923745576642	5.633868206934857e-31	4.061011159133688e-30
SC_RS16345	388.47845799815764	-0.8651187454376523	0.20685407868759045	1.8036187026013642e-5	3.138986148921987e-5
SC_RS16350	117.37895905715567	1.2076864103234088	0.26150122488743005	1.78137099709319e-6	3.436899459069907e-6
SC_RS16355	12.767690891502756	0.5642345976163283	0.5471262218283611	0.22714002625353377	0.2558708453396819
SC_RS16360	58.7506659456994	-2.218510330338808	0.2787629714200459	2.88245579892921e-16	1.0664941827046662e-15
SC_RS16365	33.729321819491005	-0.14086163220240647	0.3170779986530491	0.6388397418216925	0.668104418691414
SC_RS16370	32.56572563234007	1.8474339602872993	0.4484038221313103	9.486705932093514e-6	1.6975241335417998e-5
SC_RS16375	295.17225898738053	-0.038283996521059974	0.19873967422598302	0.8429071433800444	0.8588637937383511
SC_RS16380	93.04140834555159	-0.43516311857495926	0.24964768754714006	0.07150262334604258	0.08620999747444702
SC_RS16385	50.63291455388455	-1.9149151962509365	0.28996059047673856	1.0061532052630755e-11	2.9748892283921087e-11
SC_RS16390	36.85525080070803	-1.8420867952791855	0.3298927006181687	6.35640389449657e-9	1.537799288648875e-8
SC_RS16395	64.12957310426219	-1.7184951065705003	0.2697742051255503	5.3313559025651447e-11	1.5068385751443227e-10
SC_RS16400	265.38450591212006	0.7612417447398263	0.1841019203967498	2.5177268290679728e-5	4.3307015716228676e-5
SC_RS16405	68.66927971970746	1.6815943233127149	0.32697534731084194	8.576422307409311e-8	1.873852980587741e-7
SC_RS16410	490.12779479336655	-1.6705519895330696	0.16190008731303115	1.49738662362658e-25	8.390371552144682e-25
SC_RS16415	21.465969253668305	1.4849213871994564	0.4365544536205844	2.236318334865078e-4	3.52288216220788e-4
SC_RS16420	101.88806750706996	-0.9632088703935426	0.2219172042332801	8.592117221192122e-6	1.5460779011486263e-5
SC_RS16425	81.70942295276511	-0.7455198196524645	0.24621839178231367	0.0017201765336169478	0.0024901024261663476
SC_RS16430	82.02443394351417	-0.8033812933856148	0.23337282057828646	3.849035228941346e-4	5.92542500589008e-4
SC_RS16435	53.497688421375955	0.1407669838177961	0.2928528366214013	0.6156887509093905	0.6454490829124033
SC_RS16440	85.65535387977782	0.569572313650946	0.2527190613817402	0.019598787033782112	0.02531467079823249
SC_RS16445	27.48595793447252	0.6823814483262045	0.4048715461293437	0.0657846665044417	0.0795761369428729
SC_RS16450	8.39833938391317	2.4555984004357296	0.7724749239377303	2.8923148316161557e-4	4.508122927148073e-4
SC_RS16455	38.665860142543906	1.8464846561719792	0.36245046412008464	9.42429399428455e-8	2.0512025948599252e-7
SC_RS16460	43.450010074616024	1.4104252332510132	0.3722205568636989	5.455169888883983e-5	9.055925880376067e-5
SC_RS16465	28.098134368780848	0.04353375572198624	0.3782946255981634	0.9035112865303006	0.9131705354816937
SC_RS16470	31.222387150290917	1.7224029474657832	0.4433256882496142	2.8013105840852183e-5	4.798342449952242e-5
SC_RS16475	88.34905062309939	-0.18558419332957254	0.22683210623395902	0.3999388159721778	0.4338259530713209
SC_RS16480	57.367409365263775	-0.6587241642957057	0.2839022048036902	0.015404602502857176	0.02015499269979929
SC_RS16485	67.93664478123715	-0.36394117945567966	0.2764504831045621	0.17012510719391208	0.19540538013207284
SC_RS16490	4020.3663156277244	5.165707848550817	0.23001891492336074	8.777219283341898e-113	7.61449588180743e-111
SC_RS16495	1313.3237368051275	5.262718253473954	0.2760791857885292	9.073293349936881e-82	3.4847117272101335e-80
SC_RS16500	289.5438561696185	4.658930041132921	0.3576488287381823	3.309488990887662e-39	3.3847672425527903e-38
SC_RS16505	174.02222090900332	4.564225878759127	0.4927445490825605	7.539982428708196e-21	3.496844681087688e-20
SC_RS16510	246.74653029535915	4.7011109637605015	0.388918688400919	3.117129225774851e-34	2.562509577576784e-33
SC_RS16515	361.3093654716749	4.117216373636743	0.31548340991935725	5.717087947685682e-40	6.022543789462032e-39
SC_RS16520	1449.7780279503165	4.853292294342058	0.26263565373386716	3.498787285192016e-77	1.1569532484756021e-75
SC_RS16525	90.9060144678439	1.9356810896761758	0.282255435035436	1.5310543953341092e-12	4.73375057073112e-12
SC_RS16530	38.39399158118057	1.1322280486846708	0.3350991000153361	3.506832264424257e-4	5.421253903116241e-4
SC_RS16535	591.2611237348169	-0.9439580628301557	0.18537664869851816	2.071012133359712e-7	4.373322872678842e-7
SC_RS16540	147.88248576618133	-0.66791776629833	0.19816040010610483	5.680854509121035e-4	8.582384992882302e-4
SC_RS16545	79.34746532727802	0.17311520818498177	0.23744074613721539	0.45471081093644433	0.48849614216861026
SC_RS16550	319.86253568299907	-0.5665686509999007	0.2003583235631978	0.0038166442438203733	0.00533939189033038
SC_RS16555	820.0054183837042	-1.201074084914098	0.20642646539012158	2.633288893034193e-9	6.593505024527722e-9
SC_RS16560	206.28298489205136	-0.8208324477383292	0.18803583634279122	8.145543829613406e-6	1.4700254576497615e-5
SC_RS16565	30.145016439987955	0.13745361532552636	0.34556588482398987	0.6752869790517808	0.7015449680935237
SC_RS16570	18.269773831611747	0.2941486751931386	0.4418194486610275	0.464159958571225	0.49748772303840305
SC_RS16575	14.921953016457017	0.9026243509054267	0.5131932272238737	0.04446059459568841	0.05504573951454102
SC_RS16580	791.3112619909108	-1.5606868250429413	0.17158156706348776	2.817377069924894e-20	1.266788933757693e-19
SC_RS16585	71.66016027510543	-2.2839593637622237	0.2597135102336937	2.7154650148334906e-19	1.1567786839619964e-18
SC_RS16590	1150.1342578327067	-2.0211917023793764	0.2004354726851307	9.957269338031691e-25	5.363396939272877e-24
SC_RS16595	349.8020862502291	-1.1353327949000678	0.21884509935025304	9.956406777994942e-8	2.1625491481865888e-7
SC_RS16600	335.6136505892929	-1.1726020969055517	0.22261286210826867	6.19112851400678e-8	1.3726212165449785e-7
SC_RS16605	29.732373605527	-1.5585943239974764	0.33898425048309233	1.3628519101850745e-6	2.6600502873755265e-6
SC_RS16610	262.00412132277665	-1.3389837739916275	0.2016527605630613	1.194330856614281e-11	3.5157667611471886e-11
SC_RS16615	154.65723569455628	-0.3751291708605493	0.2265299267476903	0.08825216384899183	0.10547349371514841
SC_RS16620	413.0000392310375	-0.7403899467639724	0.23694809315118243	0.0012528587718471005	0.0018330517030953409
SC_RS16625	221.65373190776853	-1.217972649067668	0.20089544326965625	5.714232419338941e-10	1.5059596090137726e-9
SC_RS16630	21.160297765462833	2.7511563985435497	0.5542593118583371	9.826044353101971e-8	2.136121788318807e-7
SC_RS16635	191.29598323821543	-2.803090286355195	0.3265914006616012	1.423605642985586e-18	5.8876433041927715e-18
SC_RS16640	271.9510189912737	0.9582236067076567	0.22921583200603768	1.7057842348860676e-5	2.9771486267573642e-5
SC_RS16645	78.55104511307361	1.5879719015242806	0.2909874462517416	1.4945778616636077e-8	3.519967151679158e-8
SC_RS16650	1864.9589038239096	-0.9039830965051492	0.23194982039678796	5.9668011470362067e-5	9.860867695707079e-5
SC_RS16655	1297.3063068195397	-0.7686289530846443	0.22389480313929738	4.141831849658548e-4	6.349660719206264e-4
SC_RS16660	260.82653513100445	-1.0638543219716836	0.2433527182915144	6.235185298142004e-6	1.1408996622456362e-5
SC_RS16665	489.82243071779624	-1.1129013732904365	0.1845254625266853	8.403522496458073e-10	2.1881205822345277e-9
SC_RS16670	307.23691011231057	-2.9948802231978258	0.1858149907160394	2.6184717565752964e-59	5.393466685191686e-58
SC_RS16675	288.5189357718754	-1.6940257351869341	0.19049974318636415	1.4760659233669579e-19	6.372664004044466e-19
SC_RS16680	614.0925648673009	-0.8160098075861844	0.2071098234630061	5.163501168736357e-5	8.589139999607918e-5
SC_RS16685	444.0900412932691	-1.153886252800336	0.1822079960196756	1.0629375636307835e-10	2.9400231036059256e-10
SC_RS16690	172.31731043887328	-0.49773733543134713	0.20167473472775926	0.011587378144049108	0.01537339446459484
SC_RS16695	406.10252246454166	1.8570810220660159	0.24754595919989084	1.413343204551206e-14	4.8361915500513196e-14
SC_RS16700	1952.0255415189827	0.8032403680632735	0.20388405387929123	5.6646435719581475e-5	9.38465102215668e-5
SC_RS16705	674.7707299047759	5.023549127450381	0.2616430995436913	2.1044914397675644e-83	8.343290256368829e-82
SC_RS16710	62.58628185926844	1.6524232572060413	0.27254293832942644	4.2983376915119456e-10	1.139731828019025e-9
SC_RS16715	417.30396473641053	0.08267858648131554	0.18148706829785827	0.6443528872274338	0.6732017838502545
SC_RS16720	207.11421953137267	1.1052656338374542	0.20335465195342362	2.7917903595257318e-8	6.40929704581032e-8
SC_RS16725	161.11159505492014	0.7455593064509087	0.2080537878436106	2.506981851536684e-4	3.931621474528181e-4
SC_RS16730	29.246421357623515	1.56835582040537	0.39425001911464885	2.191723972030147e-5	3.7920630149578374e-5
SC_RS16735	300.43636189260945	3.9542785358560484	0.32346717596145624	1.5941735811077918e-35	1.396132540034306e-34
SC_RS16740	39.70652970600428	0.060308460125161015	0.2913535974652914	0.8313072082924889	0.848588171603806
SC_RS16745	21.373628422439786	1.8051929897799766	0.4988864454478101	7.238404416961389e-5	1.1893046829472657e-4
SC_RS16750	22.86450370159723	1.058321539746947	0.38262109184451837	0.0029770225305356703	0.004223271285142369
SC_RS16755	42.82943677422128	0.8004169882345524	0.334825864164282	0.011354607286174063	0.01507541846025343
SC_RS16760	25.473396710132477	0.8498790377111141	0.38211169651743654	0.016530527161513247	0.021536414715370794
SC_RS16765	42.8203348381347	0.709993917531223	0.291507812158745	0.010975680422574	0.014588079927191903
SC_RS16770	191.32928425686436	-1.9348259166047657	0.20370464657191853	4.315024910061643e-22	2.111412985188756e-21
SC_RS16775	106.83744651069216	-0.37199235214925586	0.22442629684348084	0.08833696885159333	0.10555773915275468
SC_RS16780	366.61167179558225	-1.6751612298405385	0.1681445419555127	5.6678710347036674e-24	2.9747246270394907e-23
SC_RS16785	219.4522389760987	1.9853816180811557	0.20879978042035438	4.2182469641338447e-22	2.06680087133043e-21
SC_RS16795	227.79378344590063	-0.6061832142608227	0.18992826082065142	0.0011246766044677827	0.0016537119205075632
SC_RS16800	557.1239045132592	-2.804871653029597	0.2002909338042395	1.3354537995065023e-45	1.771157611072113e-44
SC_RS16805	701.9618998548068	-0.8286541810988812	0.1916869857686355	9.891207968228024e-6	1.766475358627112e-5
SC_RS16810	1718.8605362158535	-1.3251062014499662	0.19407376115123923	3.3613369014281505e-12	1.02044044096876e-11
SC_RS16815	705.8420756606952	-1.5391620329353446	0.17728394701508757	1.1712871872261794e-18	4.852287482362835e-18
SC_RS16820	70.84798586362301	0.899805451687064	0.27460927211566927	6.647458052984215e-4	9.983371829471609e-4
SC_RS16825	19.476634851354632	1.5045348807811292	0.4428417514393584	2.2352461677718963e-4	3.5222868328130404e-4
SC_RS16830	22.91125808905209	0.573996255259815	0.3948387008267002	0.11477829175915792	0.13485900628298766
SC_RS16835	48.4883850425845	-0.27694041538266845	0.3165921333200453	0.3568621437002999	0.3898520663179277
SC_RS16840	753.1671109155045	-0.9326162872985332	0.21744883822742958	1.0697819552883551e-5	1.9054522073179542e-5
SC_RS16845	311.53739511119346	1.1910838487949134	0.2009034101583163	1.4230775504058568e-9	3.6272982567206323e-9
SC_RS16850	938.0848205458145	-2.702939966713534	0.19819891761476496	2.6201622872624047e-43	3.15188853283409e-42
SC_RS16855	8827.927946527716	-2.6694787349831692	0.2185660783208491	3.420125256342642e-35	2.9462621075082523e-34
SC_RS16860	1264.2074449016247	-1.7685337764252933	0.19635124265113335	5.148551001210263e-20	2.2774694110932503e-19
SC_RS16865	326.58982269072544	-2.0128096668554947	0.17123271730901746	1.4714763655058084e-32	1.138579928566614e-31
SC_RS16870	341.14206764685736	1.8194256005512097	0.25041139317692	9.09604675613513e-14	3.005118672927439e-13
SC_RS16875	179.26414780627317	3.2772473441350893	0.2872559566397435	3.658919993141894e-31	2.655598034392552e-30
SC_RS16880	13.333507801881261	3.344375053469862	0.646321460571359	4.8003505364859034e-8	1.0769904616091437e-7
SC_RS16885	13.063565437520907	2.8075408585358406	0.6700645955839594	4.157901477726579e-6	7.719125250945566e-6
SC_RS16890	290.5450519893555	-3.489810326446091	0.19762058540108182	1.0788745125828816e-70	3.059854098379296e-69
SC_RS16895	58.59924127345106	-0.21139061957178928	0.29302186007921965	0.4503566788020118	0.4839595088146364
SC_RS16900	233.40875426131	-1.9486585672492458	0.17573846226363737	3.216313249546502e-29	2.1463433395616204e-28
SC_RS16905	385.26204927104726	-0.2853383720216428	0.171523093230979	0.09050369256891137	0.1079893574438758
SC_RS16910	695.8163207058783	-0.2364791563143819	0.1782605752479245	0.17702693303828182	0.20298501076415645
SC_RS16915	535.3725017825517	-0.0070632417692359315	0.185166134109431	0.9666138549770223	0.9697701451157229
SC_RS16920	34.79951116145439	0.35813155671742947	0.34518448007316815	0.27099515557797726	0.30158742487654755
SC_RS16925	52.35661272635445	-0.5740233038609721	0.3278120162909107	0.06388230898915762	0.07747831356678425
SC_RS16930	1193885.1390965902	1.1569617566621746	0.19164708195572436	7.825339861062322e-10	2.042621456122958e-9
SC_RS16935	325.520247536458	-1.2001163333392788	0.21445040959326306	9.502077124019038e-9	2.269786741578114e-8
SC_RS16940	625.4218727790119	-0.11111432835853327	0.18476302170441	0.539067755151851	0.5719547664014027
SC_RS16945	900.9075252059961	-2.420267581357556	0.22651496293319034	1.387085129969871e-27	8.595265334788092e-27
SC_RS16950	1055.7317596647604	-2.5621823008472178	0.18465968092122217	1.0858413676482084e-44	1.3901031675413002e-43
SC_RS16955	361.09798971686394	0.24630136871127098	0.22451828756626635	0.2611104431619807	0.29107005410074765
SC_RS16960	14205.893411617111	-0.6364000538998548	0.21238003488497867	0.0020118750639195318	0.002895874823607774
SC_RS16965	2305.776319077454	-1.6713073951665594	0.21132488088739082	7.111805177923598e-16	2.5910302066209788e-15
SC_RS16970	496.5759460875506	-1.1688029542651441	0.1816683544928306	5.726720889726966e-11	1.6142522874941379e-10
SC_RS16975	869.2065528612761	-2.113020719242387	0.1986199334981437	3.3538996331683645e-27	2.0321820784702973e-26
SC_RS16980	3699.0900567352883	-1.0888167936173052	0.17336894080261514	1.7300739144367053e-10	4.721526663603355e-10
SC_RS16985	390.90563748785456	5.829002890004381	0.33135916251804004	4.284074426858862e-70	1.1966198796839867e-68
SC_RS16990	123.0133791303522	2.8627048586333848	0.26870592954594197	1.7263934158953606e-27	1.0626398204350909e-26
SC_RS16995	249.38998698707408	3.41901244305722	0.25303788230779983	2.015936844545021e-42	2.326372189620498e-41
SC_RS17000	144.5275661467714	3.5136547533542393	0.30479663106452565	9.138137308070275e-32	6.820306124464596e-31
SC_RS17005	73.1757589113601	3.952552360084055	0.40390958970618474	2.4497536472231795e-23	1.249272710554891e-22
SC_RS17010	31.933592800932516	5.195206257178868	0.7117334390903352	7.031976003704718e-14	2.3294605144347977e-13
SC_RS17015	27.431327901764657	3.7851063480366465	0.5414293308396729	5.673565189545386e-13	1.7932648824563942e-12
SC_RS17020	29.71187502435754	4.011119852231274	0.5906620249006399	1.9188004942875284e-12	5.8979720070346954e-12
SC_RS17025	18.999885617383892	2.8553525632540486	0.5783398381589087	1.0981019076541464e-7	2.3753016917106705e-7
SC_RS17030	463.9141519344822	0.09977596407320778	0.1785385631464082	0.5714341578607167	0.6030850837362137
SC_RS17035	663.7451775984238	-0.8620087751846495	0.19008460570601163	3.6520312857015853e-6	6.8315775496609565e-6
SC_RS17040	169.19780037278323	-2.034048651830792	0.20459375637271446	5.647417222585633e-24	2.9661007549392064e-23
SC_RS17045	926.0075869627939	-1.5645227021461547	0.18810219066594044	2.6470125762375024e-17	1.0338490856554737e-16
SC_RS17050	140.72217651877563	-1.2939518564571098	0.2074095238214449	1.7883345957563988e-10	4.871510642448351e-10
SC_RS17055	168.27808652063595	-1.534268694938031	0.2184114903459621	6.661780344385014e-13	2.0984181230027805e-12
SC_RS17060	196.13821375376114	-1.4726881082677328	0.1993370058666176	4.6432325932035e-14	1.549284938564824e-13
SC_RS17065	203.84117782192422	-1.471357522042596	0.18032957639168112	1.1985072248525935e-16	4.518298709643674e-16
SC_RS17070	86.8927051928746	2.471892916672725	0.2873044313435767	1.4686106533385292e-18	6.0703671287658715e-18
SC_RS17075	152.07229886050558	-2.3340892597135787	0.2291884291645944	4.43288645733038e-25	2.4339616333845286e-24
SC_RS17080	575.5708170509483	-2.0712706088002935	0.21728748240282436	2.815565633267181e-22	1.3887612695459662e-21
SC_RS17085	485.7589342438419	-1.613682972289207	0.2067419683977729	1.6443111627489216e-15	5.9003165518786125e-15
SC_RS17090	142.0810175475942	-0.3743973131111062	0.20762053149373824	0.06518366424576533	0.07896572041207056
SC_RS17095	32.620250740759985	1.3918641012925004	0.4337594624268807	4.7582999122031247e-4	7.251023672780707e-4
SC_RS17100	8647.06979144257	-0.0798264773321632	0.2263317956215298	0.748517277126515	0.7708891622249889
SC_RS17105	387.6365389639581	-2.2855198847430156	0.19837070967898132	1.4591995618061034e-31	1.0794210210591163e-30
SC_RS17110	111.22893093443749	-2.2307387489887804	0.22297718290308724	2.769416283148701e-24	1.4670744017197214e-23
SC_RS17120	10.018565400480993	0.7880343491376559	0.5515746252527655	0.09544227537150335	0.1135696851039964
SC_RS17125	5862.973073077173	-0.6843101179278787	0.2066376931592184	6.906623259519167e-4	0.0010353616571598767
SC_RS17130	49.916877350529084	-0.5287984233465418	0.2965096133753445	0.062043292815624755	0.07538428756342345
SC_RS17135	268.7531696258054	-2.3845855888421967	0.19506202927369143	4.0318599098248097e-35	3.469187278302001e-34
SC_RS17140	1501.0542632069948	0.882384976389737	0.18807323662887349	1.7522944204048009e-6	3.381685175625491e-6
SC_RS17145	3138.9811481552624	0.8180385530909833	0.19769271813784467	2.4266938266971043e-5	4.178991190580207e-5
SC_RS17150	110.34891174233508	0.0885699903199097	0.20319433647298987	0.6579035314385482	0.6859014054613112
SC_RS17155	621.7743888638614	-1.0874469089044279	0.18025314401454812	8.048627492086691e-10	2.0979349284781637e-9
SC_RS17160	1568.0405093054176	-1.450697053655651	0.19493192334395257	3.380956720791193e-14	1.1337505620333906e-13
SC_RS17165	2457.229367022526	-0.9871472521784082	0.20363922635525672	7.130965937127608e-7	1.428129897348696e-6
SC_RS17170	511.9061650236388	-0.5041610043225353	0.17988489993083218	0.004305892202310786	0.005984102732725167
SC_RS17175	504.16081241880914	-1.8310443354629566	0.15742700455471986	7.054677715677383e-32	5.292084788952698e-31
SC_RS17180	152.50038071661854	-1.5224385941072585	0.20306496037629118	2.0790503855375195e-14	7.068196193155219e-14
SC_RS17185	86.29205404739734	-0.32678902941222976	0.24093710580678396	0.16227023414658548	0.1867906192002687
SC_RS17190	105.60681986360566	-0.5522188381749541	0.2110201190239699	0.007362145988186252	0.009983167435984814
SC_RS17195	65.33096032297824	-0.1208865766741831	0.3047477787416506	0.676579579426904	0.7025908771573005
SC_RS17205	30.292936417157623	-0.2615224659841027	0.43170936728280207	0.5014534484391667	0.5346613257360346
SC_RS17210	48.798019058036644	-1.839784678777129	0.3232970535430926	3.240557699355103e-9	8.05388354399883e-9
SC_RS17215	96.45415614126324	-0.22099233122208745	0.2167004032244186	0.2959231819868929	0.3275007570120589
SC_RS17220	321.5817990416806	-1.1890210179715854	0.18265959617261854	3.434592841089428e-11	9.839427975988127e-11
SC_RS17225	93.78734332059392	-1.001429639605764	0.2314935913368329	8.735487518211016e-6	1.570343368095759e-5
SC_RS17230	8262.080264397959	-0.30388866063895686	0.2305345092817718	0.17606743506493447	0.20194762267363925
SC_RS17235	496.723071705946	-1.6746793312659538	0.1758461775642421	4.367457984208429e-22	2.135652199970355e-21
SC_RS17240	206.35872606871624	-1.1493480387187098	0.18178079994742857	1.2727465885282836e-10	3.5006465288353467e-10
SC_RS17245	169.67849830560175	-1.0694295818448862	0.19479625560742314	2.1206072613108862e-8	4.9329204873522e-8
SC_RS17250	80.34708478710458	-1.7333415696800136	0.27321845621495755	5.111768164960686e-11	1.4481052035505226e-10
SC_RS17255	347.1611590840799	-2.425081996695297	0.17880620265818808	1.112521113332289e-42	1.3021794745575077e-41
SC_RS17260	29.123720097377642	1.1982612519039257	0.4513600556101947	0.003397903646501681	0.004777148043718474
SC_RS17265	171.13888043073305	-1.3642614036203944	0.20187585190572852	5.1247910575725726e-12	1.5405711071561415e-11
SC_RS17270	88.46047397826453	-1.6404067633664117	0.2690389195391054	3.273028848781015e-10	8.763730839110823e-10
SC_RS17275	437.9142956395872	-1.611108796456325	0.1869279626545963	1.813553380548223e-18	7.479386257361631e-18
SC_RS17280	765.5934402258653	-1.6026712748168943	0.15560606424213982	2.1307444218080677e-25	1.187612197007762e-24
SC_RS17285	711.0227690941716	-1.91080210222832	0.18674007668566467	2.806452272402339e-25	1.5571692292471667e-24
SC_RS17290	44.893946375227685	-0.9066660436243674	0.3119754734325639	0.002237868614293943	0.0032024147412776124
SC_RS17295	1053.104342441008	-2.0394076452801526	0.20019371301499128	4.179112649720999e-25	2.29804449508148e-24
SC_RS17300	854.0103859579862	-2.1859351220546657	0.17385041773551202	5.3221757518983226e-37	4.9490194192305465e-36
SC_RS17305	229.5280460080124	-2.0990481827743483	0.18825377822638478	1.7046091445700784e-29	1.1489751217604898e-28
SC_RS17310	122.09484258144383	-1.3449345998592144	0.2164684244516898	2.1424143999351788e-10	5.801749462035258e-10
SC_RS17315	26.231060315019363	1.6913076788179344	0.38225182868269597	2.7058690726394076e-6	5.131964645484309e-6
SC_RS17320	94.38924395594414	-0.9244867447789774	0.24190594752677946	8.079036703483115e-5	1.320071275237857e-4
SC_RS17325	59.84941544319742	-0.6938213495050578	0.24822443155359492	0.0038711689852097414	0.005409512999229985
SC_RS17330	343.53286657825197	-0.8447014288122855	0.15548075039587791	3.665134954593568e-8	8.346727966390664e-8
SC_RS17335	526.5027539339952	-0.8509212655770753	0.17908800622362137	1.2659557648021778e-6	2.4774834951303765e-6
SC_RS17340	714.9384941398694	-1.808483116441975	0.153664090813323	1.279957198633752e-32	9.93516250813188e-32
SC_RS17345	410.4277903176625	-0.8027407949673723	0.2107836897647776	9.35196994562291e-5	1.5199785404237015e-4
SC_RS17350	83.46186440486622	-0.11446922054433936	0.21598543170164392	0.5854261677903261	0.6162644627103304
SC_RS17355	2980.523387610224	0.5232341198812889	0.22366938350509374	0.01631580984382064	0.02127840021875009
SC_RS17360	481.66990535062513	-2.888289427209895	0.20524641672559366	5.109149658035338e-46	6.887544712678717e-45
SC_RS17365	1098.103153232664	-2.903178433738205	0.17731982745960082	2.8979299041862224e-61	6.378906004020657e-60
SC_RS17370	801.8019330485812	-0.9760240076356923	0.21743854001614785	4.0564735625056715e-6	7.544120063030724e-6
SC_RS17375	535.6662613401191	-1.7414674327627258	0.17120671804702595	5.9723844624265455e-25	3.257423300734715e-24
SC_RS17380	1366.0488663396864	0.11343379604473272	0.1883349719408675	0.5395437606995019	0.5723774552435803
SC_RS17385	28.55138670791684	-0.48133343249051697	0.32159965418905817	0.11414713935363319	0.13418157270742725
SC_RS17390	51.119151924974545	1.4959414306913206	0.3307009249712151	1.9548772902389392e-6	3.753975296411963e-6
SC_RS17395	68.65825484261121	0.9193506570188902	0.26780459018588976	3.5711529302804684e-4	5.516062360261453e-4
SC_RS17400	173.3060672550617	-2.3887108920612836	0.2338465890700114	3.1834138063945677e-25	1.757072859906702e-24
SC_RS17405	1455.2587364469118	-2.6080591841455023	0.192195011079026	7.611845023223995e-43	8.995151474559894e-42
SC_RS17410	855.433080653045	-2.6756102060501417	0.19064640036653493	1.0375904375928713e-45	1.3886010683865396e-44
SC_RS17415	1571.4611380473639	-2.4783796215081213	0.21859191087282234	1.1075262697583477e-30	7.822699916856375e-30
SC_RS17420	468.0851291999848	-0.9373861079399078	0.21510180448198435	7.704426639419171e-6	1.3962261498912994e-5
SC_RS17425	625.6842829477164	-0.8914613612365139	0.18680638549897105	1.1113180975211558e-6	2.191724966868415e-6
SC_RS17430	1205.9260509225028	-0.44179460363617307	0.18854007030690875	0.01680315432613879	0.02186841863765398
SC_RS17435	723.6853284672574	-3.3982779161865233	0.15311730316382188	4.9185846787250987e-110	4.0752408338111095e-108
SC_RS17440	64.89119715424356	-1.4059054318653101	0.2541335930424165	1.1733780143291949e-8	2.7866310717112667e-8
SC_RS17445	370.50511778556216	-1.7509074217201357	0.20693600961930253	6.162564801963002e-18	2.4804996096984266e-17
SC_RS17450	924.2712256529313	-1.7985758113910086	0.17645310799003866	4.949888971256676e-25	2.709761044843855e-24
SC_RS17455	1015.4139295324416	-2.4670329518672034	0.17408416984839195	1.7739576583137007e-46	2.4224377356305976e-45
SC_RS17460	110.93626008516395	-0.8462404786783454	0.21377395009389907	4.834173268158943e-5	8.057683923915924e-5
SC_RS17465	28.92837249233541	0.8663314473280006	0.37143125174126385	0.01244838719924631	0.016462411622532692
SC_RS17470	82.9785463086936	-0.8593206981370378	0.2994967391792963	0.0026295043613886633	0.00374757734071898
SC_RS17475	47.56878994319708	-0.2687331861886582	0.27503618669463575	0.30963769482221626	0.34201143822933233
SC_RS17480	112.34034061157004	0.43470002760125104	0.19750211453603403	0.024905961142681853	0.031785489350317754
SC_RS17485	134.68669345099113	-2.372952155967485	0.2172616069779092	1.7370260283718008e-28	1.1265461682685716e-27
SC_RS17490	105.45264698110032	-0.9404709418496607	0.20855332102676194	3.95954988646934e-6	7.3750242138986894e-6
SC_RS17495	92.11674587094144	0.21732740304923504	0.25495721675685035	0.3783102099757594	0.4117578580607011
SC_RS17500	1161.57150748334	-1.1453499457901384	0.19007884351059326	7.620601872094209e-10	1.990577060250049e-9
SC_RS17505	376.8603709531267	3.277055803610961	0.2628844271347714	1.1569372914575699e-36	1.0611014411950398e-35
SC_RS17510	227.36834713985849	0.22811317332890396	0.20143941915935165	0.24824667530328934	0.2776116141471725
SC_RS17515	468.6556278495508	0.21599249648840044	0.19214474225725384	0.2522163502038389	0.28179444945501636
SC_RS17520	107.0817861861826	-0.6141040338503451	0.22140908564545772	0.004345423267153807	0.006034491746137886
SC_RS17525	93.04336720611182	3.049319530804124	0.29466099826757197	5.806906094759939e-26	3.3271270817995176e-25
SC_RS17530	11702.913130233013	-0.04154358713186026	0.21076786086656324	0.8381971141982907	0.8550097551664402
SC_RS17535	40.36344935986407	0.5465238031694684	0.368838345485436	0.11234591947990082	0.13227507747801193
SC_RS17540	10.49763163646394	0.18380519384706648	0.47224642731539557	0.6639715963938427	0.6917387046917486
SC_RS17545	7.626344536368467	0.5798757579597192	0.5762920336984274	0.22883806298255563	0.2573904631533504
SC_RS17550	1647.682306507461	0.32707497148874215	0.23700176981337778	0.15666159622246464	0.18087092696797466
SC_RS17555	69.83475043529144	0.20239024313375584	0.24254727373917356	0.3915264325004301	0.42532644567739714
SC_RS17560	75.61145905837452	-0.532147224262918	0.24451545387627996	0.024358205248284467	0.031118746621768823
SC_RS17570	282.3655130353477	0.17547409229419303	0.2256795079098196	0.4265181177028936	0.4601746559007451
SC_RS17575	557.4019930000784	-0.9224626357107629	0.1912096462674947	8.403123711614112e-7	1.6724597638176103e-6
SC_RS17580	2607.6024978204437	1.1697899170040456	0.23536088616848902	2.9674097793854246e-7	6.158648948265726e-7
SC_RS17585	12548.425588925393	-1.283423334463858	0.2486670070589382	1.0072047363874851e-7	2.1863784887021826e-7
SC_RS17590	488.59527795757054	-2.6771366526099487	0.1841094568875585	6.4853427636968016e-49	9.860395368969116e-48
SC_RS17595	232.13770477736458	-2.7355560696065506	0.23710736076490221	1.059562688178222e-31	7.892136628915364e-31
SC_RS17600	508.8216154639432	-2.3796361499789946	0.16833688996478618	3.052318030302148e-46	4.1527293644738076e-45
SC_RS17605	6937.365056225595	-2.0962860767579325	0.2297407166331379	1.3248798375983414e-20	6.064347562042316e-20
SC_RS17610	826.4468357557441	-1.871427306618611	0.1877585975023045	5.368967490372043e-24	2.821865023093617e-23
SC_RS17615	913.5230775760242	-2.556091747606405	0.17862410912605545	2.207295175484894e-47	3.160503810490409e-46
SC_RS17620	162.12702180175162	-1.4029367199878007	0.1987201472050915	5.998497599433706e-13	1.894343524549214e-12
SC_RS17625	243.6380624914437	-1.2983361085385334	0.17975655589982328	2.0099555165474408e-13	6.494921989053825e-13
SC_RS17630	279.16725669538164	1.2612137191256734	0.2367075232378	4.113114210857517e-8	9.320867913602744e-8
SC_RS17635	88.63375002108985	0.9202431352896954	0.22588351444017046	2.880408791967857e-5	4.926512238690325e-5
SC_RS17640	68.98268709980002	0.13947782176627085	0.25550563698789786	0.573611993079029	0.6049506345773398
SC_RS17645	107.91297416688715	-1.0125773547226404	0.2426752657984196	1.733845538780206e-5	3.023262474099135e-5
SC_RS17650	114.1143402497128	0.023782306787434728	0.25213558370147926	0.9248906603537043	0.9322230357364975
SC_RS17655	184.01433536538764	-0.6499885799713445	0.21653613596488624	0.002045692925433383	0.0029422546581130814
SC_RS17660	224.72402759161739	-0.47796434785799446	0.1861173541160818	0.008779191810915474	0.011785501622736337
SC_RS17665	54.074983646297966	3.179680861859184	0.3851577449847327	2.17261155835601e-17	8.517191723188313e-17
SC_RS17670	595.9315893427465	-1.1177703570800714	0.165973001889718	8.385991076216034e-12	2.490467104148894e-11
SC_RS17675	316.559639611421	-0.6280060954491	0.18309621638172582	4.729736195177217e-4	7.208986089962132e-4
SC_RS17680	183.54791986155305	-0.19291630709985252	0.23508819460454697	0.3967137372152693	0.43058096824041736
SC_RS17700	55.57172225093432	-0.3672305584972678	0.25178801829483494	0.13074535326482456	0.15230904186016053
SC_RS17705	1891.5812487967903	-2.6078698625792978	0.17628440819959937	2.0091538182955684e-50	3.158955278488597e-49
SC_RS17710	623.0466404371584	-2.741329917227901	0.17951553802699613	1.2566591011570137e-53	2.1958777753392932e-52
SC_RS17715	166.7281182595804	-2.3255280793369377	0.23893241614154276	3.869837661141401e-23	1.9572141915813918e-22
SC_RS17720	65.80843678634405	-2.1361095040113036	0.2980271017374855	1.7077020833839376e-13	5.549843615193106e-13
SC_RS17725	557.8951709517082	0.35668681514477324	0.22390046441421219	0.1025074068971288	0.12144756080646332
SC_RS17730	27.134149804724956	2.221041738221721	0.4348189052616986	6.968682067747195e-8	1.53485846976009e-7
SC_RS17735	2193.2394491120863	-2.700810604981712	0.1932436980846196	2.5935835381048556e-45	3.4213032218220404e-44
SC_RS17740	2070.9465250574613	-3.0818410044916416	0.1963929739371103	1.8044614975687366e-56	3.5108440852432356e-55
SC_RS17745	4767.85229515413	-3.25983081826535	0.23208933709549268	8.085883811775823e-46	1.0840964950551803e-44
SC_RS17750	135.4581674366769	-2.6729319182232385	0.22417345046625411	1.613638202736955e-33	1.293366098585033e-32
SC_RS17755	41.34163005300268	-2.003594890278127	0.31350131307918633	4.001301380379146e-11	1.1418574450044822e-10
SC_RS17760	1448.968698763167	-1.8433736296058343	0.1925835022414519	2.430370287435624e-22	1.2035964069543512e-21
SC_RS17765	557.7477332697188	1.0729850686981799	0.21237700613745134	2.422031979590616e-7	5.07845912082277e-7
SC_RS17770	303.34009570072277	-0.5119497319026712	0.18552996733476543	0.004929903855706502	0.006797515151828673
SC_RS17775	182.41183213271418	-0.8206933669752325	0.19968868556683123	2.5967709704810478e-5	4.462500381339372e-5
SC_RS17780	86.69679823511456	2.8922868358223983	0.3076278761891406	7.228004608961265e-22	3.499626131745264e-21
SC_RS17785	87.41879921063185	3.428403265174831	0.3175276001012354	3.439989241648856e-28	2.1924356670629788e-27
SC_RS17790	302.29331411359755	-1.0507809709502007	0.2128414913004715	4.1322417898155147e-7	8.471267989463332e-7
SC_RS17795	878.2065427299824	3.8560143168192966	0.21639347389758112	4.275212397753163e-72	1.2411581189382607e-70
SC_RS17800	40.71735910635626	-0.6228201823010975	0.30189692864395073	0.030460106411068333	0.038500655583684935
SC_RS17805	613.3545028816002	-1.7623312880741362	0.18262551961223897	1.1370319423871678e-22	5.688245280300526e-22
SC_RS17810	641.8270030867292	-1.2680599730771074	0.17872944447017933	5.250014076974842e-13	1.6636701247792213e-12
SC_RS17815	129.64807665485932	-2.0990633015294025	0.27554006470874154	6.014448015192403e-15	2.0949711697699e-14
SC_RS17820	89.84066817233871	0.2604805074416125	0.24388734482683794	0.2724052056667395	0.30297375363296186
SC_RS17825	67.31247198942063	-0.5150494438171838	0.2390723699844993	0.026282306239340476	0.03344938319104188
SC_RS17830	23.1168683978418	1.1586736399939377	0.39135955251007787	0.0014413346451397542	0.002100889834603785
SC_RS17835	1590.780781375764	-2.2541167925523324	0.2184014558094001	9.290475324064659e-26	5.261748466947219e-25
SC_RS17840	1458.6264362940715	-2.007530107725736	0.190042984710136	1.6991523148466964e-26	9.985887255294312e-26
SC_RS17845	676.4733904736777	-2.082314514192972	0.17909618362900245	5.738216772107974e-32	4.317715354849408e-31
SC_RS17850	221.1364255049272	-2.164613067621788	0.18118410389571724	1.1181965432629965e-33	9.03130483025338e-33
SC_RS17855	209.43624496268603	-2.3662247337307187	0.21747877729716417	2.3111082448741816e-28	1.4832125498435348e-27
SC_RS17860	104.24870336755062	-0.9952791236410407	0.22370814950001036	5.024225688299001e-6	9.262160056379207e-6
SC_RS17865	280.8753418416493	-1.6074282122038936	0.20080529607582548	3.273735633476809e-16	1.2094452184998994e-15
SC_RS17870	171.0908964276861	-0.6151638617745172	0.21304172581685338	0.003032644767993643	0.004298870149785684
SC_RS17875	216.22442955756907	-1.7487698124670437	0.176714383204397	1.170107993962794e-23	6.072045283238314e-23
SC_RS17880	225.55707168551407	-0.5137662773020466	0.1668114995226952	0.001763879350028889	0.002551362559261088
SC_RS17885	169.0965176347669	-0.6906292352681491	0.19716642751873398	3.389060258530215e-4	5.251298664929986e-4
SC_RS17890	1023.261877087521	-0.3762770526602093	0.21294686171886568	0.06923332876262854	0.08358326232737769
SC_RS17895	985.5142868801936	0.14380482234005082	0.2190554602480565	0.5036882313821468	0.5368114356971291
SC_RS17900	153.79083255608703	-0.2745676526573442	0.21342621229340872	0.18670326988399225	0.21331730897498588
SC_RS17905	618.9756483111549	-1.9454001573194546	0.1869242812561062	4.4663867998247134e-26	2.5770842145467475e-25
SC_RS17910	308.4093363271807	-2.1418538912759515	0.21099275661751393	5.439637966875508e-25	2.9734536966449218e-24
SC_RS17915	253.77940084200887	-2.0606869990710046	0.20006330411793383	1.1732594564398293e-25	6.604286436478856e-25
SC_RS17920	614.632437799431	-1.686255802109658	0.18458957665994483	1.6575926358657085e-20	7.545116109181318e-20
SC_RS17925	52.55690066379307	0.42676784850822674	0.26737855357879176	0.09763677438436569	0.1160498991473747
SC_RS17930	64.78723568702245	-1.416857575551098	0.3081344283784216	1.6373190433232078e-6	3.1689214240066497e-6
SC_RS17935	81.91108990245853	-1.8558959323320705	0.24983336527876993	3.15714854380884e-14	1.0591816816217647e-13
SC_RS17940	381.8375353914909	-0.92879445972813	0.17480181786182294	6.603857693738002e-8	1.4566810240390076e-7
SC_RS17945	428.1672913125693	-1.0745425532336454	0.20599996696116965	9.255332284313782e-8	2.016809109471922e-7
SC_RS17950	54.49888405241177	2.110831970239044	0.4134787862463287	6.663995813406828e-8	1.469067417879281e-7
SC_RS17955	89.22386600657283	4.484768141016754	0.4260509155405083	1.906858104079197e-26	1.117740195507154e-25
SC_RS17960	25.572201092415	0.6144488425123907	0.4936571544656112	0.15731612284156152	0.18156974328277892
SC_RS17965	13.514789874910242	1.0812093620589682	0.5049667423451278	0.015215706219835696	0.01991491261360817
SC_RS17970	30.10940713482373	0.906884965526905	0.4337582204452761	0.021185833921450778	0.02726904160181149
SC_RS17975	50.949651819736275	0.15104511839824591	0.2563708606239911	0.5447030930553907	0.5775184195816608
SC_RS17980	138.56460416663086	-1.8079242099874495	0.23940423420294302	1.2021072189428787e-14	4.1287091907241677e-14
SC_RS17985	214.3746965890525	-0.8995858268995581	0.25043333554155184	1.969864342812937e-4	3.123823583634967e-4
SC_RS17990	218.0070177788249	-2.284852664349663	0.19934632614991604	3.98130824929797e-31	2.886742087544074e-30
SC_RS18000	616.334884943521	-1.3257723774389583	0.204842733204854	3.645013650406191e-11	1.042603982082826e-10
SC_RS18005	157.35421765863714	-1.021174024993086	0.1918257134246567	5.4982280185172194e-8	1.2260034293482304e-7
SC_RS18010	325.8253942119416	-1.2910925749150304	0.18421327158255543	9.248094507207928e-13	2.8884137609551574e-12
SC_RS18015	355.03580280021873	-1.3696545497420134	0.19991293682147224	2.6297408957232066e-12	8.036348680092386e-12
SC_RS18020	1366.7694366032936	-2.8194976774862486	0.1719158255945298	1.8739501539731254e-61	4.174775962355839e-60
SC_RS18025	1334.7139428538499	-2.9650980871776897	0.19885146192780292	2.362942508251905e-51	3.8379599241959356e-50
SC_RS18030	137.3614396879393	-1.710638741818055	0.19992389010514486	3.4323867895549124e-18	1.3983657561424268e-17
SC_RS18035	2050.915045291552	-2.2669213485615285	0.17360251574846086	8.84180071233196e-40	9.208960233437269e-39
SC_RS18040	926.2396392243063	-3.236360236560917	0.17096474099564646	5.479695575349255e-81	2.0407714733649198e-79
SC_RS18045	512.7693312870023	-2.826000334161168	0.17828158670970387	1.334760510766073e-57	2.645839786663716e-56
SC_RS18050	1099.042298899557	-1.9226146651894147	0.23162948874321335	2.16598536428735e-17	8.495731955454745e-17
SC_RS18055	335.45158036934697	-1.3026627081241131	0.17565383426213524	4.716260886148537e-14	1.5729401978498107e-13
SC_RS18060	53.43589569386425	-0.9969299275196242	0.28339325773259394	2.4997171430602994e-4	3.921062372458338e-4
SC_RS18065	374.6357059775018	-1.6945069103968573	0.20269919553407775	1.5365673558841065e-17	6.078673649296889e-17
SC_RS18070	76.38919358370471	-1.9628379164960905	0.279372319558053	5.523386312579726e-13	1.746545912048152e-12
SC_RS18075	263.4629014991628	-0.9309690416122617	0.17341463585710196	4.894126310534055e-8	1.0952742765972115e-7
SC_RS18080	222.8969683237028	0.4933951451590527	0.18363762437651035	0.0062658659962165015	0.008557972931302182
SC_RS18085	2115.682837704876	-0.9989049862769835	0.23390114739500406	1.0828780734953264e-5	1.927847154503751e-5
SC_RS18090	90.74667262844957	-0.5407128288644384	0.2441777739880617	0.02220199877338061	0.028512284736138736
SC_RS18095	3065.721311377684	1.2497398386704517	0.23014019239665887	2.6163385916909328e-8	6.030909901572035e-8
SC_RS18100	618.8343590311162	1.1707229488480553	0.2398578427908727	5.043336556541685e-7	1.0262020907267767e-6
SC_RS18105	1218.1574776702248	1.2172816545031866	0.2196496072900858	1.3684904697905982e-8	3.2343745911012406e-8
SC_RS18110	264.20490760743496	-2.4220678491400913	0.19284874596424195	7.115226688506185e-37	6.608020352776398e-36
SC_RS18115	55.8997740666789	-0.24409711634827969	0.2609997691278293	0.332432148025268	0.3650021827781903
SC_RS18120	282.9919069025227	-0.0736298849096933	0.18363844659548292	0.6822235600777086	0.7079533537873661
SC_RS18125	1171.8110762892854	-0.2889461888549146	0.22062020065374108	0.17776799369456345	0.20380167841306468
SC_RS18130	82.99282978599066	-0.754292149639046	0.24605565518237882	0.001560933221013733	0.0022684906526912233
SC_RS18135	22.879622643468352	1.1060727381453552	0.43554227656536443	0.0053556869153050255	0.007363944678996691
SC_RS18140	59.64761165464339	-1.3113796146608967	0.25377378700766273	9.92683447849443e-8	2.1567612682503808e-7
SC_RS18145	4721.46621807687	2.6517188153509137	0.2992426294363548	1.0698302560549963e-19	4.656982472343295e-19
SC_RS18150	1960.9529910714466	4.256112002895313	0.31064073648158397	9.072082488323274e-44	1.1112547552972727e-42
SC_RS18155	21.384793428631312	2.4192379294841784	0.5542018000992252	2.208289110393666e-6	4.216448446411935e-6
SC_RS18160	82.51445693979953	0.08049261051952843	0.23473159976451446	0.7260192402728679	0.7494982329234394
SC_RS18165	972.0192645965326	7.491016265111052	0.34179273331805915	4.89978634942322e-107	3.4410499562520786e-105
SC_RS18170	403.3678429315943	7.999533490856802	0.6069396182096536	4.418467737227104e-39	4.506470414151129e-38
SC_RS18175	501.58490573617445	7.8276565690751605	0.48797022085115094	2.1814391099401776e-57	4.289581865786366e-56
SC_RS18180	115.50543981342922	8.717378266501592	1.2823852704179712	4.5079534711099924e-14	1.5048279264809907e-13
SC_RS18185	602.6498886054579	6.219835408280118	0.31142817206040274	9.82432070929736e-90	4.643880827587098e-88
SC_RS18190	685.6144389716842	6.467375598688727	0.33422874507995487	7.619156078266213e-84	3.0534596152790796e-82
SC_RS18195	8271.716810224587	8.716546232760773	0.3094604029934433	6.053541100650131e-176	2.3494111619049507e-173
SC_RS18200	6021.0537866303985	6.084658755748555	0.23373414353927352	1.1906024698245606e-150	2.1948756531215773e-148
SC_RS18205	3072.49666394623	8.30605080305635	0.32012526357678656	3.022912459789952e-148	5.1839433670909545e-146
SC_RS18210	1172.0421706512852	7.157701537133692	0.31776310690297205	2.737940562660269e-113	2.432478760127328e-111
SC_RS18215	720.9489299297342	7.67317252035141	0.39146296859355034	1.7674645791980792e-85	7.533690061853547e-84
SC_RS18220	2123.925974919862	9.290707143038386	0.45708106529644726	1.4406986918086235e-90	7.082474768931192e-89
SC_RS18225	1322.0423493146568	9.609356053993	0.5672945406709093	4.329628848882332e-63	1.0071508874340162e-61
SC_RS18230	3515.353973807448	7.6108807590080225	0.29918390660867233	1.3217574582661834e-143	2.118834673316269e-141
SC_RS18235	7295.622760113798	8.152370739467118	0.2863224053520858	2.3121044838671793e-179	1.0029093214139164e-176
SC_RS18240	942.3347688800854	3.0687253890439834	0.24563729283909985	8.983195059462901e-37	8.321869393025055e-36
SC_RS18245	644.5566137247747	0.571695080127283	0.2132561863454014	0.006049940673859846	0.00828300455422252
SC_RS18250	664.0993327132951	4.102824102915924	0.22688714447022565	6.357372166025326e-74	1.921281243945523e-72
SC_RS18255	1168.8812939811457	7.138170171875664	0.32292773428063576	3.5105989684473627e-109	2.813821390579441e-107
SC_RS18260	1341.8226415507288	10.600058815613963	0.8218545510652321	3.265314638549333e-36	2.9435733673181885e-35
SC_RS18265	6031.607708705154	6.543564986423111	0.18381048794127985	1.528883071691546e-278	1.1273983770653459e-274
SC_RS18270	4766.026679171052	6.37884731879707	0.1930850771029974	9.506697166043839e-241	1.4020476980481453e-237
SC_RS18275	3030.9923091582655	6.2942745264419075	0.20605117249844182	6.367676101737768e-206	4.69552435742143e-203
SC_RS18280	746.3281910632231	7.1023564726917074	0.358668129166599	1.688445123869773e-88	7.685552063836856e-87
SC_RS18285	791.29796822784	6.266727813778974	0.2743263103792149	4.913047143793417e-116	4.705040212770475e-114
SC_RS18290	1652.9993480678547	7.689807486102991	0.30417366316272926	3.3765124645001656e-142	5.081306716984535e-140
SC_RS18295	2440.4980673629398	9.634041880092779	0.41088978466860876	1.668085966372187e-120	1.684995330962809e-118
SC_RS18300	365.86085727892623	7.870376896487217	0.5624925201845542	8.659251033797808e-44	1.0624512000536612e-42
SC_RS18305	382.1058346747531	8.303557325080753	0.657011159395887	1.2770599678478443e-35	1.1237518141897378e-34
SC_RS18310	637.4621300876248	9.860585730282773	0.8186209650272613	1.224356986350735e-31	9.082905852465111e-31
SC_RS18315	357.6728925511703	9.50182605012959	0.9703644260059089	5.6871550641749226e-21	2.652566821203408e-20
SC_RS18320	691.6399350690075	11.216294839444723	1.2972111490408267	7.695369885104833e-22	3.723468342044819e-21
SC_RS18325	580.680651315567	10.397375944283665	0.9762973471048867	1.5441073423134367e-24	8.244929429557772e-24
SC_RS18330	2822.8601278157967	8.943333594633184	0.33708853408329587	2.5036502250503237e-155	6.366178192938306e-153
SC_RS18335	1988.296765386228	9.918160427448074	0.4728837859613328	4.240668325001539e-96	2.3689915324667687e-94
SC_RS18340	978.3065693479634	7.473526997575711	0.3414691002213311	3.993622681789114e-106	2.7522405285526098e-104
SC_RS18345	565.3300927554982	10.395070121729612	0.9707974390264469	1.187917067835549e-24	6.375327844409999e-24
SC_RS18350	2370.798734782423	13.146269688533367	1.3062269291217645	3.514417880707218e-29	2.3389275679002734e-28
SC_RS18355	2907.3683231300306	9.099012470143956	0.3459800853148306	5.903432724770876e-152	1.116202895191293e-149
SC_RS18360	1170.323072555605	7.973629111597601	0.35934289628920824	1.9480911079661138e-109	1.5785960252903432e-107
SC_RS18380	18.934329144927673	5.865789890034311	1.0912191419788897	4.837741216976724e-8	1.0841993488097468e-7
SC_RS18385	8.000624885788373	0.8151231596987139	0.6129111074399705	0.10700381927626039	0.12638894174966267
SC_RS18405	18.872608508829007	1.8768202258054236	0.4950056794575086	3.44844790335043e-5	5.8510940725508675e-5
SC_RS18410	9.534668492130303	-0.2629677091880524	0.5108565151707568	0.5501613168279209	0.5827189816560023
SC_RS18415	154.05124353924674	-0.9725201562855154	0.19490412030542686	3.5712742901092367e-7	7.356026987504332e-7
SC_RS18420	39.421343474960544	-0.4823464547337871	0.3066182095930917	0.09829739366775839	0.11679745100000812
SC_RS18425	643.145867947655	-2.649044406893963	0.1939901690959004	2.0214599274551347e-43	2.4516851159628558e-42
SC_RS18430	469.25161442345626	-3.878626928644399	0.17861229166903753	1.1108525955807213e-105	7.584654666492813e-104
SC_RS18435	10.105547847474108	0.044903255175248874	0.49158105164869215	0.9205146169241097	0.9285738420244029
SC_RS18440	11.509475633769073	1.1147865066742175	0.5703804578807032	0.022398148135479846	0.028754168584789064
SC_RS18450	7.0005003191504125	3.4852151103597038	0.9309150878446327	3.6528254339693986e-5	6.173718714208192e-5
SC_RS18455	74.41979885455629	-1.3877621723703097	0.25895948635449145	3.186147652389007e-8	7.287423321562201e-8
SC_RS18460	64.88863862434086	-0.7345944437498757	0.2630981137110695	0.003802231665130656	0.005321248111344364
SC_RS18470	14.962867265105274	0.8457017972627148	0.488019393955625	0.0503850967480789	0.06201630836593788
SC_RS18480	108.01797181871655	0.20401341860778147	0.23352445279590078	0.37009701004214457	0.40347946106121974
SC_RS18485	134.16215576331575	-0.2950464132860901	0.20154781174390188	0.134472799989951	0.15633019503797865
SC_RS18490	61.11124130201362	-1.291922100118054	0.253607410212692	1.4216129479715907e-7	3.0438367823294166e-7
SC_RS18495	99.01184632059588	-1.4363427715528276	0.2869052078627866	2.0491651920542654e-7	4.3306894814250143e-7
SC_RS18500	44.38882032944047	-0.2444391530793879	0.29312549495372003	0.38135070809228094	0.4148222630878418
SC_RS18505	20.398358368978986	2.194532751955862	0.45532264022001184	2.8360642078921535e-7	5.902663694325921e-7
SC_RS18510	20.88355911201755	0.8814532214123612	0.42741488477366774	0.02334165541666464	0.029902947714121796
SC_RS18515	10.834937241843138	2.454268260298943	0.6823803434558048	5.246458225392979e-5	8.723197960326455e-5
SC_RS18520	85.83500358120153	-1.3980220789267124	0.2575847399171394	2.0891376674327743e-8	4.864319911477511e-8
SC_RS18525	141.03371903629943	-1.162536726720151	0.20511862224431815	6.872173632585954e-9	1.659312651168593e-8
SC_RS18530	67.11568381745616	0.654480139701705	0.3017731269441318	0.02313386489398755	0.02965220228198578
SC_RS18535	294.84664984252765	-1.150598624108536	0.2245966265214447	1.4717463318917905e-7	3.1466098728240255e-7
SC_RS18540	1039.929985023612	-3.411328834962238	0.20193591356783927	4.934523870555211e-65	1.2088763794509676e-63
SC_RS18545	124.49963221837146	-2.9356518150526	0.2818257320906606	2.2876866925844556e-26	1.3335495392187964e-25
SC_RS18550	1170.6046214227526	9.304383802931167	0.42532673889182504	3.505399500517292e-105	2.371451001542616e-103
SC_RS18555	1457.0929903509912	9.198255567330612	0.38156696942175483	3.520798005083034e-128	4.056619451481608e-126
SC_RS18560	1102.4059429293181	8.81676906076544	0.3963723781576042	3.9065972683782934e-109	3.064600878406546e-107
SC_RS18565	528.5841952758414	2.2728736159351857	0.19323167789068657	1.0342987446343508e-32	8.05376868314013e-32
SC_RS18570	200.72309418645816	-2.133698766164508	0.2252235746364315	4.1809550862773274e-22	2.0498911440298543e-21
SC_RS18575	42.93775115935037	2.2332396873853604	0.3456148768044709	2.118513007483786e-11	6.147939754893915e-11
SC_RS18580	96.1486496541955	1.4228495266867707	0.2505227573756487	5.038925318303699e-9	1.2299581362850541e-8
SC_RS18585	22.28980114464487	-0.1774368265560826	0.43158182715267984	0.6489787255041053	0.6772670707426086
SC_RS18590	50.88144081044164	-0.7944142324955784	0.3390807463848881	0.012765490280573543	0.01686966403744611
SC_RS18595	21.868445113534445	-0.6071555811017927	0.4027151302595658	0.10019999255282386	0.1189239892297639
SC_RS18600	101.63680265988766	-1.716528474054376	0.24304246985810996	5.009824416625786e-13	1.5902903679809964e-12
SC_RS18605	600.2795588445005	-2.3723623783968493	0.19267359217120691	1.0481077709946719e-35	9.289359018407105e-35
SC_RS18610	291.78329002916547	-2.3583370117674427	0.18991487332590445	2.842704634016348e-36	2.568885290592714e-35
SC_RS18615	656.3307128695592	-1.8251531849692912	0.18524998735156767	1.4941872776117804e-23	7.710382774744065e-23
SC_RS18620	681.7481098642053	-1.662950276672549	0.19346675955956247	2.2266234679807143e-18	9.157346041767868e-18
SC_RS18625	1129.9915704576806	-1.9701723981250958	0.21004355071113048	1.3960242584747524e-21	6.680261441916175e-21
SC_RS18630	999.7262453318659	-2.3431479543492517	0.19783839955984842	2.3578053667991515e-33	1.8775871247059335e-32
SC_RS18635	207.00742551543226	-1.6464541321624635	0.19409371037630568	6.6651179765546315e-18	2.6769379062698176e-17
SC_RS18640	293.5135363667819	-0.22431584169477514	0.17971358451359623	0.20422816610919728	0.23209165214267535
SC_RS18645	214.564510870513	-1.1104786239674058	0.19699894452088526	8.21812474580675e-9	1.975242890338298e-8
SC_RS18650	371.00230347634727	-1.7319361071364323	0.16770927489239693	1.3329170589767332e-25	7.485857115685019e-25
SC_RS18655	75.90426521091764	-0.17017827248479375	0.30361412472989197	0.5556075198903072	0.5877277078856872
SC_RS18660	2922.37111992873	-0.7838995589711755	0.2124223494944914	1.538635028189625e-4	2.463820781296481e-4
SC_RS18665	58.99817875899756	0.01121725700864793	0.24460915194876529	0.9637559014344194	0.9671225687348345
SC_RS18670	53.685862054677415	-0.4407448403089138	0.30741214343983003	0.13202269783348322	0.15369993271615176
SC_RS18675	53.713693736960614	0.09624454567078301	0.2804490412743711	0.7223018701639492	0.7458694847484892
SC_RS18680	51.56120533184392	-0.022228533373983228	0.2745417971245499	0.9320480064320118	0.9389237704138872
SC_RS18685	186.8604104136846	-1.2080683459849146	0.2035214709002916	1.2916806525837142e-9	3.309538961831935e-9
SC_RS18690	3146.4503257092065	-2.053207784847323	0.22641319334473683	2.374393179946881e-20	1.0695647714678252e-19
SC_RS18695	1702.6751426674643	-2.4582037515547164	0.23113755468330305	2.8813441030155687e-27	1.7516101744135864e-26
SC_RS18700	1821.932698444124	-1.8533710156113092	0.23790925199242016	1.5341604405729566e-15	5.515796727832755e-15
SC_RS18705	1147.3292528677755	-1.868231886512209	0.22807002639021148	5.748482737086339e-17	2.2112317007446354e-16
SC_RS18710	44.96126056139718	-0.14178076359101788	0.2929151925764876	0.6111093816317265	0.6412865490468693
SC_RS18715	729.459352539139	-0.5619319741376735	0.17217886713780203	9.038763046740174e-4	0.0013424338108089032
SC_RS18720	3242.6348541677876	6.99729389600885	0.2661525080020537	2.792090776897008e-153	6.055552173187805e-151
SC_RS18725	3718.1832588025813	4.200003336430631	0.22333747442129165	5.662184477995906e-80	2.036729187353259e-78
SC_RS18730	235.20552216338416	-0.6381348308916559	0.18602529581756536	4.6754216789150613e-4	7.1291479446484e-4
SC_RS18735	780.3735234244554	-0.9098937369625726	0.19620953919484962	2.146291775352665e-6	4.1023212937922635e-6
SC_RS18740	668.2341194284276	3.800387482315421	0.28755219299931895	7.076290392326192e-41	7.719018543345169e-40
SC_RS18745	6410.3346025642295	7.1512823325134836	0.24791448906240962	4.230021510360433e-184	1.9495111635873646e-181
SC_RS18750	134.10839005940514	2.2846030041187984	0.28173757030932756	9.22778390793712e-17	3.505702139986003e-16
SC_RS18755	136.59703958600866	-0.5788714723257	0.20890049638727703	0.004510703871198302	0.006251067533586972
SC_RS18760	28.835330136318255	1.1084058041454534	0.35406639901366727	8.836447317908765e-4	0.0013139333853294962
SC_RS18765	40.48604730160911	-0.5291003597435048	0.3157339891860761	0.07682826941987288	0.09243459923350344
SC_RS18770	144.06288291615996	-2.1995753754662366	0.2270971146644517	8.326236299315876e-23	4.173872635700562e-22
SC_RS18780	830.7421808860346	-0.56649039834559	0.29097408987418066	0.042407396228236	0.05260086455626783
SC_RS18785	37.08823294555651	-2.4880849339249598	0.3613938376183423	8.992731652358978e-13	2.812230839885289e-12
SC_RS18790	100.59900358461117	-0.36671918076916143	0.22736430220743353	0.09706436135969614	0.11544396784941925
SC_RS18795	25.03404249404491	2.5036888005825872	0.4799541983775603	3.053227374672035e-8	6.989909550087422e-8
SC_RS18800	18.592368420705867	1.7263215354474237	0.4782756462175333	8.19702356522635e-5	1.3390529855998915e-4
SC_RS18805	154.5041697501402	-0.4474679457332315	0.1908731208441234	0.016636240521966657	0.02166648491857685
SC_RS18810	21.602532565486733	0.5921678842481313	0.41262661172743115	0.11768316295674938	0.1380740880895895
SC_RS18815	31.654086429407496	-0.31581193699974797	0.3312077323280765	0.31247681364402696	0.344889092023807
SC_RS18820	72.6037560639604	1.6556125105891568	0.3095116724996708	2.6660188132205755e-8	6.139669809084486e-8
SC_RS18825	468.305007429586	-1.6513120791226166	0.26058821109077973	6.50847219920564e-11	1.829716888941761e-10
SC_RS18830	1178.02313624008	-1.3152072658219038	0.25011386677324027	5.430542479509821e-8	1.2116435777278493e-7
SC_RS18835	54.44796464388656	0.15263799985014398	0.2655662406569432	0.5527444070275072	0.5850347721287266
SC_RS18840	1300.949441385006	-1.6292817538697817	0.1861750223850464	5.93738074313504e-19	2.483394532040714e-18
SC_RS18845	1723.7724741868624	0.55800894539855	0.22869943442271845	0.012160959121699783	0.01610830116102285
SC_RS18850	82.82323330176914	-0.14198946484413444	0.26679921154000846	0.5825981814108692	0.6137255699605356
SC_RS18855	270.99027800714	-0.41066637909317444	0.18906976005026346	0.026815397050150173	0.0341043011120744
SC_RS18860	220.13213042449505	-0.42684767938187246	0.17504006632433314	0.013153620977007768	0.017363909968574162
SC_RS18865	876.4526555374947	-1.3759628534735304	0.20436091405006232	6.062666616141776e-12	1.8173212856678642e-11
SC_RS18870	1708.1329342994188	2.685776231632793	0.23249016625256816	1.0173496898292053e-31	7.585375746006633e-31
SC_RS18875	1078.1966322070302	-2.828799655084255	0.16638888231420276	7.025763841953333e-66	1.7681905314185622e-64
SC_RS18880	1385.1944475005155	-1.2617932027307235	0.18762509900267438	7.395407349760646e-12	2.20160410969459e-11
SC_RS18885	566.6642895479222	-1.2094290439922963	0.18669405559400984	4.0445707643478303e-11	1.1537587936673462e-10
SC_RS18890	368.9122798346582	-2.007354422762147	0.1628644620083367	1.3104674611427504e-35	1.151774381223676e-34
SC_RS18895	3005.4221347429134	-0.48384783575689416	0.22753068507675925	0.02856234672950305	0.03617635602599717
SC_RS18900	774.6622995349773	-0.8174707719034641	0.21358521625720175	8.584007175959733e-5	1.4000988479435318e-4
SC_RS18905	399.15402256061043	-1.2146716249690968	0.18671536447048914	3.33257295213512e-11	9.558301419309365e-11
SC_RS18910	844.1336835842945	-0.8645679239380228	0.21400600014834334	3.389128989200001e-5	5.754417952189917e-5
SC_RS18915	83.30631127086538	-1.0053943236384915	0.25816263677226753	5.601759803042506e-5	9.292998152448919e-5
SC_RS18920	25.609736864235007	0.20641154992720134	0.33898243067365347	0.5201256775552893	0.5531304797076295
SC_RS18925	23.618475663059257	-0.045396813654609756	0.33232185818892485	0.8832962988590213	0.8956857683974729
SC_RS18930	79.02262275441262	-2.354299419262022	0.2919354618753666	1.4827999279485633e-16	5.564461409003921e-16
SC_RS18935	57.632358616232715	-1.3816646518545073	0.2798761803343013	3.148655322731946e-7	6.516470488303499e-7
SC_RS18940	172.38266274993737	-0.5290520661583515	0.2027874006660299	0.007533632092849151	0.010202571726844746
SC_RS18945	200.92985097144606	5.507265387892187	0.36677004042290395	1.644428353215751e-51	2.682746609870121e-50
SC_RS18950	10.487423859673944	0.7081489732896388	0.545972493522359	0.13017186587439689	0.15166492952406424
SC_RS18955	1102.0842233470134	-0.28601797215665525	0.23513484858182018	0.20968391350361484	0.23784174406639838
SC_RS18960	193.61631816370013	-0.7633992579145854	0.19779551979239723	7.877145436958865e-5	1.2887967706264625e-4
SC_RS18965	24.77964495699188	1.6351045235054746	0.37920064400670495	4.889830802191734e-6	9.025685190328372e-6
SC_RS18970	467.59666844732664	2.119515831993467	0.2087155655488011	6.063510127997965e-25	3.304680242709312e-24
SC_RS18975	211.8005113903668	2.334657909876047	0.2072622457614957	3.0145054305597855e-30	2.0931226972643934e-29
SC_RS18980	166.9575965988664	4.809590347293979	0.44064932549043684	3.705848108985123e-28	2.3537402201254345e-27
SC_RS18985	324.26149109443725	0.5080609012825615	0.19446660902544463	0.0077465872288426454	0.010467900719348664
SC_RS18990	23957.52151336942	0.14897410265771427	0.20924097108254772	0.46885396157931647	0.5022267740682568
SC_RS18995	749.5940625572592	-1.9844222845891815	0.17865600520162078	2.4069114068862695e-29	1.6135058831253957e-28
SC_RS19000	3625.23321142387	-2.0323587862805343	0.2057034562812197	8.912261694691283e-24	4.6444535502935356e-23
SC_RS19005	81.85028370447681	-1.283364873426689	0.250776746739562	1.334275354564379e-7	2.8701710806761173e-7
SC_RS19010	128.99742350115275	-0.426927654497455	0.22978816211688957	0.055664985423604735	0.06807190754787086
SC_RS19015	39.83715177849946	-1.6029152524105141	0.3290904711616702	3.2396628593293684e-7	6.701058604402458e-7
SC_RS19020	18.35868775455678	0.29809364731311455	0.41640813856445863	0.4361554684267458	0.4698627354534439
SC_RS19025	345.24759228475534	-1.0874552363412966	0.20227659124778385	3.7726545684913873e-8	8.586282341992436e-8
SC_RS19030	447.4495709665937	-1.4423403945438702	0.23567157375169456	3.1444980143144336e-10	8.422640158937389e-10
SC_RS19035	266.7484884534117	-0.5750332274779617	0.19905315776352311	0.00312641801110988	0.004422445120645359
SC_RS19040	133.63562712459	-0.8645815458009908	0.23796557082172556	1.7364159110586433e-4	2.766709362175116e-4
SC_RS19045	227.4677400839134	-1.26305261116505	0.2086129231591745	5.795083032910438e-10	1.526721767941464e-9
SC_RS19050	348.73695321007904	-0.3923513398056042	0.19589211641543525	0.040735918786228974	0.05067251436060264
SC_RS19055	15.678867071399289	0.6390634539314176	0.46729951763609423	0.12572123652300055	0.1467112514829255
SC_RS19060	248.16557276901267	-1.7530442495545013	0.18218884740334196	1.8230783551913017e-22	9.05278100416206e-22
SC_RS19065	65.70533760925548	-1.052280993301428	0.2415678386552854	7.016382413272682e-6	1.2775013312462409e-5
SC_RS19070	146.75845530714776	-0.5092630133776312	0.22631234512737275	0.020502316467617143	0.02644002826726282
SC_RS19075	459.94491908871714	0.5971036355139724	0.21676129812253	0.004753632059789391	0.006565514667332266
SC_RS19080	173.60417095961841	-1.1560568518823644	0.1925010434169249	9.16520864243781e-10	2.376380046741787e-9
SC_RS19085	345.39735908624993	-1.1566083978650252	0.1829265827581653	1.1466291570016472e-10	3.165572221538804e-10
SC_RS19090	207.64281693901026	-0.35230531773273094	0.1714532297251914	0.03682631016813909	0.04605787163837477
SC_RS19095	221.9607034923456	-0.4040434041463361	0.18527910756333657	0.02611860561502212	0.03326400652939086
SC_RS19100	729.8530566059773	-1.4057183648234202	0.20879673884852995	5.856252141024362e-12	1.7568756423073085e-11
SC_RS19105	364.572601768389	-1.6704238270732552	0.20514913044014585	1.0202349617321281e-16	3.8620187925116595e-16
SC_RS19110	870.3740375213386	-2.235526097274458	0.1916216513329043	2.4331566391671654e-32	1.8573599438114573e-31
SC_RS19115	325.33431116081374	-1.8020066390747693	0.16752583052631592	1.268537948819869e-27	7.88718282849723e-27
SC_RS19120	64.93199412176556	-0.8623978599010055	0.2601611532947313	5.809117192054114e-4	8.768972400042382e-4
SC_RS19125	504.5960613787063	-0.9255735942853408	0.19143425317685378	7.979767309217279e-7	1.591636573929354e-6
SC_RS19130	290.0298564613602	-1.1272512576513456	0.2486665764673068	2.742074575656611e-6	5.197958334419498e-6
SC_RS19135	330.65616876829586	-0.9324963408310689	0.180509434646003	1.3713074332949085e-7	2.942106782984188e-7
SC_RS19140	674.4220678606006	-1.180302229337584	0.18026571265763808	2.607940939229374e-11	7.515027935083003e-11
SC_RS19145	10318.388099506106	-0.7187671118615437	0.19861131168884008	2.142175731779939e-4	3.382527590181e-4
SC_RS19150	1155.9166998700566	-1.1748213700502927	0.2028691048331076	3.088411447652999e-9	7.699102777212039e-9
SC_RS19155	782.1338667187478	1.9717771040309238	0.21691464994494106	2.0837397764165573e-20	9.444067062873813e-20
SC_RS19160	546.0004661422358	-0.02741398553130361	0.17235049251908066	0.8684220154067769	0.8818154697892555
SC_RS19165	374.8432889177184	-1.2780776364319564	0.15577440683743946	9.650534358435936e-17	3.6606502242338786e-16
SC_RS19170	2363.595215520213	-1.450728991101971	0.22547025451204294	4.177849515242036e-11	1.190396534984342e-10
SC_RS19175	527.4958100149804	-1.405549391252127	0.16385597512098457	3.3707811887183383e-18	1.3740265608407423e-17
SC_RS19180	361.82536463763404	-1.6944088027729662	0.19853570414807986	3.7474313857361786e-18	1.522510139857773e-17
SC_RS19185	112.95141796873996	1.6122945455620985	0.2575888647128255	1.2077261981857466e-10	3.3317519586313865e-10
SC_RS19190	201.94278065147148	-0.43146043390038147	0.18707864443706793	0.018665066292661063	0.024180639290597803
SC_RS19195	145.888175118294	-1.1822598930670907	0.2393800449571436	3.409281492548868e-7	7.034147097385382e-7
SC_RS19200	23.163369733252743	0.8222584631187618	0.4082432600741502	0.028251222712681403	0.0358007417568848
SC_RS19205	35.376554554433966	1.5033235316930846	0.41627113061233517	9.804730635589034e-5	1.5911109970694003e-4
SC_RS19210	40.29274183564987	-0.16881976245623884	0.32104132568614635	0.5777775613499156	0.6089083517785162
SC_RS19215	51.62969784876806	-0.7343581675749209	0.2638295360823975	0.0038732479180303005	0.005411392600900991
SC_RS19220	175.51128752625425	-0.27145101745899647	0.2303769402698639	0.22484662825449375	0.25348097183131585
SC_RS19225	1044.703526485316	1.2071520654576948	0.20478802262222484	1.7600059128792037e-9	4.4574683269880515e-9
SC_RS19230	680.3191363681273	0.6610509391403204	0.20834716098589676	0.0011666436515611288	0.0017126876939302735
SC_RS19235	305.98920365845186	0.6186220621967141	0.18318159534334946	5.817578056678715e-4	8.778150315111283e-4
SC_RS19240	128.58755824648165	-2.5591420584143725	0.22568183064374028	1.0459804002886682e-30	7.402168398971823e-30
SC_RS19245	7.564313293713941	1.145601432224299	0.6377974794952809	0.0304755799894179	0.038513612140868486
SC_RS19250	31.744053052520663	-0.14427482788125362	0.3250094003057376	0.6383621381350488	0.6676996321429575
SC_RS19265	6.402010511836429	0.3348377647063653	0.5775692704664989	0.48799141683723984	0.5214387346410385
SC_RS19270	9.895982803686568	-0.43033455679072996	0.5217993136268668	0.3371509874777295	0.3697979148684779
SC_RS19275	12.82856738647182	0.03287666725337261	0.445308574246104	0.9372911911934239	0.9436448720735989
SC_RS19280	155.18826718090048	-0.5266458680821481	0.2032489166435544	0.007940570360672403	0.010718243792714315
SC_RS19285	67.60096865096423	-0.33925381210663175	0.28747561500717217	0.21806000547995388	0.24647064383954323
SC_RS19290	151.24438407006164	-1.0434432553588897	0.19491555976306102	4.522405850957508e-8	1.0185772982578088e-7
SC_RS19295	416.15485947207054	-1.3502131544142728	0.1970770034083266	2.727346453392901e-12	8.320832746098161e-12
SC_RS19300	61.71627128517053	-0.8554520011467882	0.2673666256156248	9.057983236624011e-4	0.0013450174866465054
SC_RS19305	49.85513675165706	1.084174787061443	0.3517757956437965	0.0010460270631145335	0.0015429893105434228
SC_RS19310	11.824503622361611	1.4894444873252872	0.5526549853835008	0.0021758792228928707	0.0031173369709757196
SC_RS19315	17.964987963355497	1.4532043239652164	0.5273820806672687	0.001913266606440301	0.0027609448054580783
SC_RS19320	17.76503417197652	1.572274309118229	0.48565771164203153	3.570143707344205e-4	5.515658851446924e-4
SC_RS19325	20.536785134562294	0.09150374658798244	0.4102499465661291	0.8104150849306367	0.829309025295381
SC_RS19335	24.46989398107017	0.8733279604013594	0.39490310476110374	0.01625754356718336	0.02120699208639839
SC_RS19340	133.7399578155283	0.34208136370209113	0.20523324389227693	0.08926267480939935	0.10664662411609054
SC_RS19345	118.21237579849688	0.6205618852678236	0.2115530696563692	0.002682461124350915	0.0038200981712946404
SC_RS19355	31.688689386068354	0.46204202270089395	0.3483325278854778	0.15875459699873876	0.18311534463768178
SC_RS19360	109.02803821400056	-0.4013021660732629	0.20092615654907225	0.041245016508134356	0.051262557176973325
SC_RS19365	10.350064237957742	1.87210052310807	0.606996824915491	5.090712855783636e-4	7.732011657785486e-4
SC_RS19370	38.031792820873996	0.35308333207907283	0.31283754289368365	0.2350424542670216	0.2637654934964263
SC_RS19375	96.98358664948937	-0.11860660204118172	0.25322483288571324	0.6269926797068717	0.6565526867592263
SC_RS19380	14.456092514374161	2.098980088335257	0.6231901809941487	1.4419296897468146e-4	2.3144948916397498e-4
SC_RS19385	42.52799133840514	1.2877726392291935	0.348431716269107	9.082204708402027e-5	1.4777620811949813e-4
SC_RS19390	18.57850798464236	2.766506384487368	0.5548779941977251	1.1218393490093346e-7	2.423094129934046e-7
SC_RS19395	15.640063130367272	1.8010492496303276	0.5602114412842343	3.092778570148229e-4	4.807367027039005e-4
SC_RS19400	20.452046788320484	1.140833907338393	0.441248468653253	0.004369917405022221	0.006065080170267995
SC_RS19405	55.95386797701772	1.8801639468867146	0.27440104295841794	1.945066766476471e-12	5.973728586421282e-12
SC_RS19410	87.24278639043581	0.04159784186321301	0.23441598580312412	0.8566147542736646	0.8711456623933255
SC_RS19415	24.092771950895646	1.050986751776517	0.3926689207582678	0.003922184164683039	0.005476649503952421
SC_RS19420	18.47325794809784	1.233367111501132	0.43554768162398616	0.0019503185154186688	0.0028122113282552335
SC_RS19425	39.1633124082824	0.4417963039815708	0.3836738966076167	0.21540426799889348	0.24365563310689378
SC_RS19430	8.810360025304695	1.7609236591427586	0.6219293111806019	0.0011120031888455402	0.001635729406452626
SC_RS19435	30.154552574313325	1.115509935329832	0.43188166727646815	0.004561807403092239	0.006317139491155336
SC_RS19440	26.24888862998735	-0.00339113161764205	0.34279224577722384	0.9895722953851336	0.9905125704045032
SC_RS19445	12.736997354651692	1.929372624538747	0.6003120151593998	2.8443704048485165e-4	4.437145624149135e-4
SC_RS19450	14.128712987840652	2.4552939190592675	0.5802142451616544	4.140799345703063e-6	7.691247953454506e-6
SC_RS19465	31.62891730169512	4.601735775012548	0.6321781015682884	8.850072788443577e-14	2.9264769839454235e-13
SC_RS19470	11.281305796535536	0.42366017633016806	0.47725952356816287	0.31569047133453737	0.348331817390525
SC_RS19475	105.7523860270184	-1.643915267534883	0.2219427713466305	4.206178151566554e-14	1.4066375369456583e-13
SC_RS19480	110.41330553549157	-0.8092069026911218	0.21511041526920338	1.1491130623686657e-4	1.8553885968702736e-4
SC_RS19490	32.898171318590144	0.679364720002693	0.32433306985467386	0.027218935289513965	0.03455792507315358
SC_RS19495	100.20918145460922	-0.4995315783461485	0.2170852087913059	0.01818058288450008	0.02358613972383948
SC_RS19500	110.0770481814628	-0.6922393255297233	0.21080634519511726	7.678820054036174e-4	0.001146923619170807
SC_RS19505	57.07272700003719	-0.47974781952236334	0.25599127056614457	0.052529243645982465	0.0644832100292117
SC_RS19510	78.70037704409253	-1.2186628045419348	0.242241232080846	2.2938149759242242e-7	4.824469946510333e-7
SC_RS19515	91.23544232245165	-0.6080187970853708	0.251524549567982	0.012319353848302721	0.016309320516586043
SC_RS19520	243.57573779959753	-0.8405547645983539	0.1705773884840227	5.602970900499604e-7	1.135063390667145e-6
SC_RS19525	144.0308162325351	-1.0062045078945838	0.20719028627151975	6.73697994101537e-7	1.3514279130861625e-6
SC_RS19530	110.20354071736112	-1.1819573306000788	0.24756038533338195	8.690682168636712e-7	1.7282926189732232e-6
SC_RS19535	48.53569654454918	0.044746884722804164	0.2822277507912327	0.8705564597527005	0.8837497202241757
SC_RS19540	72.95953292745926	-0.5599049565763091	0.24447595526902383	0.018010880578691425	0.02337420510159637
SC_RS19545	105.92145520528695	-0.4716176665560974	0.21750077988207084	0.02619919958760094	0.03335512737551266
SC_RS19550	220.70461342702686	-1.1514565210301761	0.1672780979921698	2.8239586876003644e-12	8.608462737645756e-12
SC_RS19555	126.07411520583894	-1.0485259671469431	0.20099144332494032	9.85648604528145e-8	2.1421081078074098e-7
SC_RS19560	346.6701430136114	0.17269129978513306	0.19165652690823318	0.35939485609717814	0.3924444941301039
SC_RS19565	193.70156356937423	-2.081315162702141	0.18736139480042244	2.373018659888617e-29	1.5922329024584768e-28
SC_RS19570	14.891442125973185	0.15447091167544152	0.43638334681790275	0.6971045029323218	0.7216690445911752
SC_RS19575	6.670572505145867	2.3291232893192295	0.8220686151531379	8.019989857372008e-4	0.0011961853804259947
SC_RS19585	28.23556159412688	0.6018770441096222	0.3289916524771213	0.05279581670763913	0.06477809524161914
SC_RS19590	14.77578015603295	2.252610155607415	0.6126480513936367	4.1906936236904e-5	7.026415366324012e-5
SC_RS19600	67.91819183081037	2.176711503376587	0.26606555012964	6.140291660973168e-17	2.3570281472158323e-16
SC_RS19605	45.00888396344638	0.6882787145004466	0.28123591901938255	0.010768345624046455	0.014330586650734264
SC_RS19610	30.84456779296484	0.5887373999252528	0.31419222294093646	0.04860802946384176	0.05987898584469916
SC_RS19615	18.89628698932028	0.597172788534206	0.41136201492497476	0.11344501058310406	0.1334625890299632
SC_RS19620	127.5875357012867	0.1569118666817823	0.21568338048351637	0.4580831700789103	0.4916892716392845
SC_RS19625	82.50078763821575	0.030991984667475492	0.23326216817815618	0.892969862157343	0.9041273875529654
SC_RS19630	38.69455693792409	-0.612124475490399	0.3104812109230353	0.0379998115923026	0.04746918696961534
SC_RS19635	30.344072907479813	0.7107033600603032	0.33997640631354803	0.026223517412621713	0.033380324080903245
SC_RS19640	22.675607722176057	0.9711248345060015	0.40011342129031585	0.008502778893003929	0.011439425571430573
SC_RS19645	44.001544009207045	0.5928483821044653	0.30070004180556137	0.03907599541818736	0.04874748607912596
SC_RS19650	199.38823673136662	-0.8809132835686908	0.1800488714507399	6.269692756353782e-7	1.262843878321573e-6
SC_RS19655	44.050694375254444	0.9408905810442291	0.35720216550105194	0.005016614229415488	0.006914488472469124
SC_RS19660	48.80462087380764	0.6963825021592668	0.31534013310282616	0.019823446912334477	0.02558244619033154
SC_RS19665	59.65667585106132	0.06881677211439637	0.2737621417722824	0.7956504225750916	0.8161254995227047
SC_RS19670	10.099247903853842	4.920809113224715	1.0746234723508952	2.416699457532096e-6	4.596528707722898e-6
SC_RS19675	23.680337758118	1.402054635537451	0.5225683767332867	0.0024806889933283414	0.0035416458154507624
SC_RS19685	8.77261754535069	3.045636268125313	0.7634358212574596	1.0865021375639875e-5	1.9338321898133827e-5
SC_RS19690	17.76050071938659	2.168755632853042	0.5566346143345118	1.758814981535038e-5	3.0639030649277986e-5
SC_RS19695	15.709573228773836	3.6519067750652052	0.6712715816712451	8.335875728057544e-9	2.0015873532626614e-8
SC_RS19705	19.127824334070066	3.0753459446689804	0.5618829747491764	7.3412616178589535e-9	1.769100103597775e-8
SC_RS19710	12.08423422975071	3.030405251664453	0.6408562134708956	4.116373174054279e-7	8.441083366372706e-7
SC_RS19720	12.002202481978076	2.181912708129071	0.6619996371907932	1.5567523542712116e-4	2.490668661400719e-4
SC_RS19725	55.133425293273845	1.8980688377126052	0.3194687260208573	7.410363892721382e-10	1.9391065771798253e-9
SC_RS19730	21.055754855640547	1.6076870415211724	0.4200916628831696	3.929865671712143e-5	6.61919357313964e-5
SC_RS19735	16.41999382682658	3.017428486797646	0.6086826646878926	1.1967686523722916e-7	2.5819110715603507e-7
SC_RS19750	14.238725685566699	2.815413236089435	0.5907801022736654	2.982260625876722e-7	6.187729278338478e-7
SC_RS19760	17.71258447816605	4.255682253255613	0.7136755833280322	5.994467254326463e-10	1.5775589412349514e-9
SC_RS19780	10.022165904995866	7.805681632599774	2.6403810872693625	2.7462107391197146e-8	6.314486432887053e-8
SC_RS19795	36.61801446280543	2.538032677464759	0.49514713585026837	4.2588849251928e-8	9.630486794962192e-8
SC_RS19800	105.16261135705042	0.21308051220030416	0.20243999476348679	0.2835923267267674	0.31460957082641533
SC_RS19805	7.723310317897108	0.6461987949527543	0.5690086800026939	0.17815575091103944	0.20415237097404892
SC_RS19810	529.5772727909708	0.29398701112983594	0.20777908386294952	0.14856183220114738	0.17208528913780408
SC_RS19815	146.68297962824715	0.016746899615473366	0.21978890393597472	0.9389252741157164	0.9450265234730254
SC_RS19820	606.3178708914085	0.2612471117085445	0.1881502429891138	0.15762141634344165	0.1818936344470327
SC_RS19835	105.30426581080171	2.094389479813235	0.26463877835108324	4.534042893425801e-16	1.6658710660748309e-15
SC_RS19840	551.2697005662384	-2.8340686065710416	0.18307078585002526	4.155585113052834e-55	7.6608211559129e-54
SC_RS19845	3642.5638254746423	-2.141981539998522	0.20840083572170395	1.0372269056961468e-25	5.865422701382965e-25
SC_RS19850	2964.091881046517	-1.46171097361608	0.21211260187588046	1.8426622126335705e-12	5.680514697307671e-12
SC_RS19855	249.00446755400148	0.5506048267781646	0.23527577626093982	0.015887273021199928	0.020746015806326946
SC_RS19860	755.2797238638567	-1.2707194269465403	0.1511898857727599	1.8980534052435347e-17	7.464664432141774e-17
SC_RS19865	582.0487269392188	-1.7167888797762254	0.1940814798479588	2.28825226459424e-19	9.787454871878146e-19
SC_RS19870	394.29444943254407	3.255531871479971	0.23930821714725395	4.174648637428132e-43	4.997379716297897e-42
SC_RS19875	2275.5770729651363	0.47574819409873537	0.2022479436067859	0.016318057124631375	0.02127840021875009
SC_RS19880	4054.5955392284136	0.8317654039228491	0.21082773891052403	5.432844679684955e-5	9.024959826086249e-5
SC_RS19885	255.23094591276134	-0.8530768861574047	0.19030001145616082	4.906490825016528e-6	9.054170005923893e-6
SC_RS19890	27.709987528091567	-0.074864324419552	0.3489828065703363	0.8179360354676748	0.8361930300206064
SC_RS19895	22.615518240478124	0.6775296025876258	0.37633651448963396	0.05260655472071784	0.06456736593052152
SC_RS19905	17.578412029503067	2.0836372800106	0.5350430977563477	2.2264326234544132e-5	3.846699663859616e-5
SC_RS19910	14.712273510997186	1.382159870227266	0.5456364593247579	0.003843640535232315	0.005376139094613637
SC_RS19915	24.326214734776222	2.12323157065964	0.5305429717252645	1.2282554943864259e-5	2.1735435602605003e-5
SC_RS19920	40.48427426228085	1.6443293794965266	0.390434612807904	7.917630021829591e-6	1.4323995039492494e-5
SC_RS19925	278.5187859757534	-1.638270098477478	0.18562274359471098	2.939674867881424e-19	1.2501247102513045e-18
SC_RS19930	477.2896154565239	-2.42768387890625	0.1760515539620762	4.0788968201204684e-44	5.063600193866723e-43
SC_RS19935	159.53242048069026	0.4613299880982368	0.1970859381238451	0.016892975947899992	0.02197755904019311
SC_RS19940	50.36607428177696	1.3435682648763134	0.3466449677504855	4.0411327804103045e-5	6.794189038473687e-5
SC_RS19945	199.48535838869606	1.0675044785359362	0.18917649576926632	9.011039302997959e-9	2.155983251794515e-8
SC_RS19950	824.6633375032345	-0.2623563958203569	0.19491889082468092	0.16893772088957068	0.19407612154346665
SC_RS19955	1172.4519128829368	-3.3195405759364056	0.2013425424724994	2.970169970476258e-62	6.801873714997494e-61
SC_RS19960	541.9590669863678	-2.5310804272397402	0.1908458729516117	4.172584606359015e-41	4.592334162282295e-40
SC_RS19965	300.1465033125752	-1.5979656113654424	0.21376865869088635	2.098179952891681e-14	7.122905206320161e-14
SC_RS19970	144.96594770911744	2.398138169672251	0.25310336135419664	4.503789003109492e-22	2.2008575287560894e-21
SC_RS19975	517.8951752369317	-1.0537278196608426	0.17473579819313104	8.469353859800087e-10	2.204483422596747e-9
SC_RS19980	503.58306125650495	-0.6847304648993479	0.19688931505592935	3.7540451889594555e-4	5.781605936379913e-4
SC_RS19985	958.4134803129216	-1.044337372546871	0.20194088851601572	1.2290229645280869e-7	2.649946005973717e-7
SC_RS19990	1650.202753560227	-1.1451173578500022	0.22001285379735724	6.616407616570504e-8	1.4590128518119287e-7
SC_RS19995	170.2387002091801	-1.4797961852130352	0.19417601231837692	8.143440918333547e-15	2.817913342646249e-14
SC_RS20000	165.74704906351081	-1.6410150825454772	0.21136571700863416	2.2849839306677688e-15	8.112408042727072e-15
SC_RS20005	408.4582795588524	-1.909536249373289	0.19916097645405692	1.7213714399659195e-22	8.570825792240845e-22
SC_RS20010	1189.6660906052712	-1.9904716249480368	0.21216655107890559	1.0871798212889818e-21	5.21591672230641e-21
SC_RS20015	18.796061103468215	-1.0633429272985215	0.4297015646075913	0.006752776579238835	0.009182182278315909
SC_RS20020	834.7540496024327	-0.2272394612903221	0.21464409120036895	0.27579375874949713	0.30637287993654594
SC_RS20025	702.2360338825506	0.7961027972085214	0.1815605550166169	8.041228038614953e-6	1.4529775926671567e-5
SC_RS20030	5560.531802795103	6.005173492014645	0.23678181099683798	7.497537231540856e-143	1.1518091571954642e-140
SC_RS20035	1569.5575237184203	-1.7529345771057177	0.18535337142738834	6.855253826191593e-22	3.327889513781225e-21
SC_RS20040	788.7830574348089	-2.292858071738854	0.20060913205514647	4.344956669115531e-31	3.1442306651676083e-30
SC_RS20045	457.0757200777941	-1.0209864765190069	0.189905099330335	4.620779412685562e-8	1.0400985161521164e-7
SC_RS20050	32.84876871717347	0.13297299158857953	0.33507559897859923	0.676481999484854	0.702588487915678
SC_RS20060	27.250819412904736	-0.45376176480958846	0.34306072172319135	0.15940474157271772	0.18383649739712551
SC_RS20065	218.70715545346573	-1.3664020462494997	0.17806109467547088	6.629308100312845e-15	2.304786323984296e-14
SC_RS20070	11.388767896433926	4.722059374056885	0.924220859985549	1.3403482801202364e-7	2.8815534162118436e-07
SC_RS20075	20.948155073543962	3.462469985683693	0.6078415832519796	2.01095222139678e-9	5.073130920485753e-9
SC_RS20080	65.00323964589107	1.3413476693461945	0.26670047939464653	1.9208831897679353e-7	4.0726258313251164e-7
SC_RS20085	60.452532092468154	1.051473540407594	0.26760543880515053	4.7257488926740896e-5	7.882305436457529e-5
SC_RS20095	30.207368069184653	1.0145190418214327	0.37013824966766634	0.003284524154792634	0.004625683941451658
SC_RS20100	26.938880964527648	1.4756990589133243	0.4709781319693952	5.621979897218589e-4	8.500405938505202e-4
SC_RS20105	11.049534290894972	3.105803598300275	0.7113957121856906	2.2385613891541922e-6	4.269827129752461e-6
SC_RS20110	22.370922128088058	1.5688770896232431	0.44753952310042844	1.3700147510848772e-4	2.2014575668990815e-4
SC_RS20115	12.009874284661734	2.472073022493176	0.6388443362719478	1.77933578943624e-5	3.0981870392686745e-5
SC_RS20120	34.035408590014335	0.1317176101779548	0.37128685162258596	0.7057550476686214	0.7300094994400917
SC_RS20125	14.098450738279531	1.9136421581394363	0.5676864241712817	1.6403312960864593e-4	2.622112069659994e-4
SC_RS20130	36.57654780072338	-0.16142305119372413	0.38161694579106226	0.6467978396855963	0.6755647690993749
SC_RS20135	31.953248946837967	-0.20240776608866695	0.3408079957262972	0.5281126060484769	0.5609883539451188
SC_RS20140	102.93243235260708	-1.6849510456188521	0.2308603505987143	8.366534959829772e-14	2.7678254281644117e-13
SC_RS20145	323.4631481367648	-4.204156264503812	0.3215882436764501	7.3355024300991474e-40	7.67262339284413e-39
SC_RS20150	37.15211074325304	0.6663669263262773	0.3546397792564552	0.045094676695776374	0.055783953355922664
SC_RS20155	16.937706723374443	-0.36155958323903675	0.40511724125727727	0.33034465361782356	0.3628722591654746
SC_RS20160	66.94344192669207	-0.8155483539979596	0.26001203536025125	0.0011262834543085002	0.0016557444561544818
SC_RS20165	344.7248956598301	-2.0120331800162523	0.16038803987820607	9.117467356696067e-37	8.435659258253048e-36
SC_RS20170	1138.287861954719	-4.238375273122471	0.1978582712626468	6.864029703013356e-103	4.401335220001781e-101
SC_RS20175	1526.2778459152391	-4.538570566863293	0.22567725430523586	2.66359832862279e-91	1.3361478962764934e-89
SC_RS20180	215.9095437784337	-0.4314148446907555	0.19084743947119853	0.021029351293321875	0.027081808668696385
SC_RS20185	1079.2659553002425	-0.7428527257622197	0.1808098519448549	2.849575208244129e-5	4.876483542722722e-5
SC_RS20190	840.1175342623151	-1.5958385668330581	0.18174412050508135	4.514593866555332e-19	1.901234447286066e-18
SC_RS20195	694.0344721981323	-1.3438532851974274	0.2000663099234378	6.959648637618834e-12	2.075230451023101e-11
SC_RS20200	450.5893057872543	-1.2618403170387777	0.18857473436118252	9.117948304167702e-12	2.701315821411516e-11
SC_RS20205	1121.5215829432464	-1.9076065105669764	0.19007392996539552	2.648721003469102e-24	1.4051560201137522e-23
SC_RS20210	3198.3185210774004	-0.9669155363436767	0.20934696044046208	2.1528056553606216e-6	4.113705338851833e-6
SC_RS20215	63.166358852811676	0.13922162316689216	0.2963776451746643	0.6251169708959095	0.6546815144704496
SC_RS20220	1033.730824989901	0.30745263037019194	0.19953439108490306	0.11629406842864579	0.136539009995073
SC_RS20225	1696.8983304242759	0.2755435942455083	0.20277785220962874	0.17951071764975313	0.20557726851207944
SC_RS20230	858.9505747669721	-1.0267125289739405	0.19395537596474613	6.422463783476779e-8	1.420067404478494e-7
SC_RS20235	168.397342813665	2.494086187388504	0.23872926701194871	2.46366739122422e-26	1.4349986842723064e-25
SC_RS20240	1042.2398379144788	-0.7113713254902534	0.20884863654524044	4.800058055919916e-4	7.30710737084093e-4
SC_RS20245	562.0923585996021	0.19354417696539603	0.1680006965084389	0.24326551321493445	0.27249580653910477
SC_RS20250	77.76542449563068	-1.3564171314363982	0.2656704189928858	1.2477354769436577e-7	2.68872045791424e-7
SC_RS20255	148.1359841554361	-0.4681807380619893	0.18714049637518707	0.010736220011014782	0.014292992663156347
SC_RS20260	138.82718898872443	-0.3468731406010533	0.22279325682246226	0.1092638011842078	0.1289550688111953
SC_RS20265	131.17451108056437	-1.494202461688686	0.20526178088131006	1.1694234538438501e-13	3.839416094677004e-13
SC_RS20270	15.328948480303024	-2.545219147062507	0.5509545709215292	6.341492857841765e-7	1.2766084721191695e-6
SC_RS20275	188.21870542191292	-2.971215542566161	0.20410346275231944	5.910827164648464e-49	9.005462709115242e-48
SC_RS20280	2698.329906093536	-2.71764895449742	0.22659049664866657	5.771542681566113e-34	4.71310694727226e-33
SC_RS20285	43.442035753251076	0.21983210497073222	0.27206151323483	0.4038466620111686	0.43767861341422065
SC_RS20290	91.75011011488068	-1.4706057561610217	0.2332889109160593	9.338140507680422e-11	2.59357619976028e-10
SC_RS20295	108.53266013927947	-1.4613310418654246	0.22407420853609475	2.4778096225667877e-11	7.148422596560051e-11
SC_RS20300	27.268614587484265	0.4493051593996493	0.3413024860401638	0.16273405100600793	0.1872660568224567
SC_RS20305	40.90848910021098	0.22101969114380585	0.29162652089607677	0.4312824424726581	0.46481682706714134
SC_RS20310	7.597624532639983	0.6965096894726055	0.6243505682568363	0.17141073861883882	0.1968207391116969
SC_RS20315	98.86521890608616	-0.4927984930709092	0.25960906304616477	0.0485029675559959	0.05976953254644281
SC_RS20320	91.28576309732664	0.2919375399104717	0.22496722359826973	0.18374726402449157	0.21010270195636543
SC_RS20325	62.35945575487587	-0.1544904759998631	0.25492664530409676	0.5299295433492183	0.5626638520744616
SC_RS20330	52.97408367621682	-0.15379784042094785	0.2647810830088305	0.5467692594164782	0.5795424060567932
SC_RS20335	131.42659413188542	-0.7485233572979311	0.22017175245490864	4.820482193811112e-4	7.333657045009932e-4
SC_RS20340	39.32515195028311	-0.04191639474306146	0.294754495358229	0.8804894057553019	0.8932079898252299
SC_RS20345	115.42759026965223	-0.8143697455478355	0.2074301969846532	5.880667951052264e-5	9.72506065733559e-5
SC_RS20350	16.316002648285057	3.2769392160606694	0.6328371382124313	3.582742415929869e-8	8.166659219495164e-8
SC_RS20355	36.84884587880398	-0.5684378721924112	0.38748431217603824	0.11147683291279481	0.13135668998065658
SC_RS20360	159.75626740597988	-2.4453084421766147	0.21203214004390733	1.6703015548428211e-31	1.234148663868834e-30
SC_RS20365	230.0721715478601	-0.4318113569765763	0.20726392952649117	0.03276301394147495	0.04126998032190575
SC_RS20370	209.38330453100332	-0.7279758628755251	0.19810299449653707	1.7034273075160758e-4	2.7170826228906645e-4
SC_RS20375	798.2456270003834	-1.174324244982908	0.22301665849676125	6.508740445314507e-8	1.437850570513756e-7
SC_RS20380	96.35756492106503	-0.049057269797911626	0.20103879051474668	0.8023489504599056	0.8223100987757254
SC_RS20385	3078.2489198540625	-2.1443011817679465	0.22377069016393872	1.7462672703916834e-22	8.688916904094652e-22
SC_RS20390	598.4201927212165	-3.0145572966322858	0.2011779772001177	6.79938260032159e-52	1.1216699618517093e-50
SC_RS20395	260.0748339384873	-1.707604566852958	0.21325713212103783	2.9079563821780777e-16	1.0753896871705689e-15
SC_RS20400	437.0616621759457	1.687386760238415	0.2168347616968828	1.9029946605399904e-15	6.7954879548774275e-15
SC_RS20405	75.52945767659894	1.4686592381028927	0.26780827086935094	1.4694726181684548e-8	3.463052440515879e-8
SC_RS20410	27.954593535812712	1.9210032248554512	0.38836820144595546	1.791405604734013e-7	3.8057692104029424e-7
SC_RS20415	215.05858524766234	3.342531718125744	0.2459733324355262	5.72759508959382e-43	6.790238937405921e-42
SC_RS20420	239.67297588681316	2.8359502438391164	0.22467994501792482	1.7512223004387728e-37	1.6619708164009665e-36
SC_RS20425	59.9052440596341	-0.3340022842539036	0.2839620279253497	0.21814088413811006	0.24652427274090782
SC_RS20430	163.63649441776928	-0.9015898337416134	0.20191871950557	5.095885393717994e-6	9.389569938349946e-6
SC_RS20435	2037.4108574515194	-0.21678247773442294	0.21157021817850732	0.29360045204629853	0.3250277335819554
SC_RS20440	285.5071380815651	1.7211653085668157	0.2017070833634268	3.724924980317641e-18	1.5142004853838083e-17
SC_RS20445	2903.842932281924	-0.41276202914933263	0.20515785189596566	0.03878856632241485	0.04839710457893182
SC_RS20450	5442.618996427095	3.417920197987084	0.18546782048957822	7.82763350206831e-77	2.5205663512773677e-75
SC_RS20455	366.55366612476416	-1.338910545909052	0.1852873109834537	1.8540589852169074e-13	6.006955605004163e-13
SC_RS20460	141.7648774175034	-0.9642296924966465	0.19505601260077052	4.5792156038607477e-7	9.34601047962058e-7
SC_RS20465	204.49719815675448	-0.5203094273263764	0.17714408789385763	0.0027813773398623147	0.003954854705774143
SC_RS20470	401.52535864534707	-1.7489828037597965	0.1668792307122111	2.6590944363200203e-26	1.5476055543349511e-25
SC_RS20475	568.0192108081725	-1.5393986906907007	0.24368489328697837	8.015429496112465e-11	2.2371603748801406e-10
SC_RS20480	3952.222533689689	-1.4643564430852336	0.2272059229205182	3.907135199267742e-11	1.1158487590782468e-10
SC_RS20485	2909.835378357772	-1.337371059653034	0.22019164196950097	4.760118108578925e-10	1.2599106580280327e-9
SC_RS20490	10875.057718150076	-0.9331610448724911	0.2190456704133345	2.1348930977709586e-5	3.695469883324659e-5
SC_RS20495	49.888482991223526	-0.36787197962554313	0.31691714138732524	0.22107985886334522	0.2495779055814923
SC_RS20500	1168.1253644541077	-2.407338924984457	0.190514611070936	1.7074182993803822e-37	1.62248744067409e-36
SC_RS20505	66.35920757054629	-1.0488987377921437	0.3127457739462492	4.2807403974083353e-4	6.548999935786112e-4
SC_RS20510	152.07027960355913	-0.16329169828152248	0.1863910770320626	0.37297631082124366	0.40625218847796907
SC_RS20515	1580.111119741752	-0.5345245768646893	0.2060902101522474	0.008572159671748871	0.011528561995162534
SC_RS20520	398.0497190373946	-2.462389530814976	0.21003884412565305	1.0899562800309076e-32	8.478204228848009e-32
SC_RS20525	909.9163875782399	-2.3296310365539448	0.18024993103659034	4.722210918500151e-39	4.789763866990387e-38
SC_RS20535	62.53421802099045	0.7743030876073091	0.2982265444651191	0.006584422225377345	0.008971457777149397
SC_RS20540	36.66465052239702	0.7844088989705146	0.2869108087106827	0.004321175306794914	0.006004210799379253
SC_RS20545	55.2492693651255	1.2480483912833018	0.28485572197568204	5.266681207692456e-6	9.684914520080841e-6
SC_RS20550	20.804205686398294	0.8884400815168734	0.39590165728518206	0.01499927375793431	0.019652566576227364
SC_RS20555	67.34708476238801	0.9272647181763091	0.27663985896829996	4.769609460269175e-4	7.266756231410102e-4
SC_RS20560	33.08331802732241	0.5812706970476602	0.32820010431836955	0.06131359079313351	0.07450995690648755
SC_RS20565	64.7027416000425	-0.06572473543397529	0.264357435329212	0.7954956809885222	0.8160802937686925
SC_RS20570	39.9156394332941	0.43082783414581005	0.3082841780630551	0.14369521034660077	0.16663130698157477
SC_RS20575	43.46577000536667	0.8116285784655427	0.29353379566151927	0.0038539441072092087	0.005387485089395395
SC_RS20580	54.214955642639914	-1.1613606865932802	0.2717626806079094	8.997421969481869e-6	1.6138893116750014e-5
SC_RS20585	28.127313429127977	-0.37152158251162165	0.3672416215865824	0.2772634089747729	0.3077736531356278
SC_RS20590	22.67502408237953	1.2953448596418926	0.44178093677598934	0.0013307634720625473	0.0019440489764802732
SC_RS20595	9.075219983387909	0.8845938090631195	0.5275355780157491	0.05325186020544152	0.06530504193496188
SC_RS20600	139.18220814120804	0.6573359990416094	0.22973471451451621	0.0032337891919084617	0.004563820382991961
SC_RS20605	19.523942399607115	1.3945616734400592	0.5378227461457227	0.0030691450895745024	0.004347267746930923
SC_RS20610	28.05787374603733	2.4926347629948977	0.41758258248135693	4.1166168594103444e-10	1.092726159873718e-9
SC_RS20615	55.63556184159795	0.17615037103434036	0.2663405432780066	0.49433607158250187	0.5275302737842791
SC_RS20620	35.47382204862311	0.7210496546808249	0.36451775686507953	0.03405160088720651	0.04278352444066465
SC_RS20625	39.92501111628255	1.2660496729672601	0.34108968336189033	8.674771252003093e-5	1.4139647040731834e-4
SC_RS20630	13.08568294336203	1.3031710173439532	0.5993925102555197	0.010524289720494118	0.014028581417014395
SC_RS20635	13.437502036296591	2.290757697361389	0.6009160385544519	2.667190036936179e-5	4.577114110395016e-5
SC_RS20645	37.691133347888155	1.7315777282615348	0.34985426039603695	2.218162918112376e-7	4.6746880131925295e-7
SC_RS20650	54.560853045414454	-0.836946061303809	0.30039688237291917	0.0034935128456263097	0.004902219547792275
SC_RS20655	85.15825520886658	-1.84185938195997	0.23943434398264246	3.3245494545655337e-15	1.1712961145707715e-14
SC_RS20660	37.76799813356374	-0.8493339204606939	0.3606435078973408	0.011773259047919529	0.01560597019941733
SC_RS20665	39.67028787411083	0.16461507485081933	0.3537538703518347	0.6224471662181634	0.6520706639711233
SC_RS20670	23.029041948338513	-0.019021283350265032	0.39457714776435937	0.9559536208908458	0.9603817439303945
SC_RS20675	32.406318643961505	-0.13687879280801893	0.31437116127218506	0.6459735704700215	0.6747994204059977
SC_RS20680	38.41868367813109	-0.226149279697142	0.28801316997930837	0.4116237863853963	0.4455833530249431
SC_RS20685	1049.4535699667542	-2.397977571309508	0.18850689781787022	7.062430987845629e-38	6.8434121030714415e-37
SC_RS20690	74.78600925436513	-1.235703131436272	0.25070206589959254	3.5386156560748364e-7	7.290794034058632e-7
SC_RS20695	815.1308865586078	-2.0387212605256653	0.2533260485948654	1.5850074811681088e-16	5.94196500566021e-16
SC_RS20700	63.020838467038985	1.0864584937615789	0.28925742126281206	8.703455492918626e-5	1.418013274520149e-4
SC_RS20705	746.1841810715463	3.7113594668428918	0.21362479165714318	1.6528379082723196e-68	4.448184940000031e-67
SC_RS20710	279.90061695135995	-0.7794708478238503	0.18582375981114999	1.8714131878288465e-5	3.2534986051604e-5
SC_RS20715	16.146398827108147	0.8415208998589512	0.4272871240852591	0.03087095831596636	0.038979870996906835
SC_RS20720	48.44926156302011	0.2822257417948636	0.288762061559964	0.30957072321420165	0.3419886910833742
SC_RS20725	32.10744147412378	0.8104764244993001	0.36297729904296544	0.01701844474406953	0.022129079799465476
SC_RS20730	8.792135164675491	-0.5074552801722026	0.5790100371241905	0.2907413068515267	0.3221527267803393
SC_RS20735	60.88609017755102	-1.013758259398994	0.30437188906912077	4.711515370237191e-4	7.182698850553866e-4
SC_RS20740	48.825778338448146	-1.0971995047488312	0.27418148162963585	3.1261177271601984e-5	5.325015504753824e-5
SC_RS20745	65.61431623932192	-0.7239584048801545	0.39738748126831874	0.0473436929533359	0.05844841651396265
SC_RS20750	346.6256762771939	-4.437402089464688	0.2070115134440896	7.397608800136179e-103	4.7025833872589814e-101
SC_RS20755	212.15651719769977	-2.3370343926212827	0.21373478212086375	1.4814670069546314e-28	9.633454770091228e-28
SC_RS20760	46.430402184854245	0.34160149179521365	0.27964208111770245	0.20400623123637546	0.23190102499414716
SC_RS20765	420.46879080117435	-1.7197750614137866	0.18779983485948942	1.2761314424374857e-20	5.85575187089858e-20
SC_RS20770	61.80182152011144	-1.483004131784281	0.275380155999503	2.5264498987114965e-8	5.834651285029307e-8
SC_RS20775	112.37644106468944	-0.8929745242452798	0.21963811378965728	2.8995779496603488e-5	4.954005514549447e-5
SC_RS20780	30.191928778523348	0.8299422433080769	0.37403672408277133	0.017029079150586608	0.022139003818128642
SC_RS20785	13648.896736208468	-2.522990058662955	0.23979295568305364	1.5008202596823892e-26	8.846561626617056e-26
SC_RS20790	1336.0648079747932	-2.761090781866486	0.23473637920020649	7.208626951241421e-33	5.666995217319215e-32
SC_RS20795	416.9717894096856	-2.6429714498100356	0.2102702637105155	3.2131233511428927e-37	3.010619007792591e-36
SC_RS20800	63.19099000618965	-2.5571411157679393	0.33533558585370055	4.3599627415270906e-15	1.5251596421262223e-14
SC_RS20805	34.15877253235393	-1.5719603618009121	0.3383870011317271	1.0668631190508699e-6	2.1079980278352394e-6
SC_RS20810	26.66143493485005	-0.32158848963758485	0.3464496288271852	0.32217855393596667	0.3547475969424844
SC_RS20815	58.309541340592965	-1.1122375402929123	0.25687544516303307	7.36784665184565e-6	1.3385193695666375e-5
SC_RS20820	26.598006292007618	-1.182702040758119	0.3590128919521373	4.592447958349365e-4	7.006975221367312e-4
SC_RS20825	31.34348770312558	0.5494101585198901	0.4095938572275361	0.1437297722987807	0.1666451793916995
SC_RS20830	66.74984870061992	-0.3920738366007468	0.2627869273058054	0.1222671236457915	0.14299726721079564
SC_RS20835	61.81827789376795	-0.43685676700643516	0.2652573591920108	0.08789897679120567	0.10510248984244375
SC_RS20840	17.554787398802475	1.0738385982974723	0.4336030500586483	0.00669313510501651	0.009109482883793235
SC_RS20845	12.973074853939112	0.991642210439831	0.5063201310235157	0.026431533408808466	0.033627696231289445
SC_RS20850	11.927721355225895	1.7921181824377461	0.6044704409242492	7.204765790305112e-4	0.0010780832576645677
SC_RS20855	32.97725464239679	1.5520635378498613	0.40140003029336574	3.576380543576895e-5	6.054230975283752e-5
SC_RS20860	50.858945135918425	-0.21225332553123152	0.31239165753257137	0.47471818419503575	0.5080655863939323
SC_RS20865	8122.6786241010705	-2.049212217326974	0.21940674073605268	1.9008513354726e-21	9.008276187516036e-21
SC_RS20870	109.43456072866503	-0.779646522635709	0.21251745727886845	1.6903782321399258e-4	2.6974354217268584e-4
SC_RS20875	109.28707624035187	-0.2416057520689332	0.22175541954771052	0.2631828927852835	0.2932916202808947
SC_RS20885	10.863545448139131	2.2438458755142983	0.6353022078401679	7.415056822651396e-5	1.21616167727383e-4
SC_RS20890	39.71858674790778	1.9390714398911753	0.35379850703065097	1.0040336765888948e-8	2.3937097740596543e-8
SC_RS20895	45.98035499294545	1.3470707371192507	0.3438249312987038	3.552651058133357e-5	6.016823358446343e-5
SC_RS20900	25.531831371404895	0.5525762002057043	0.36057366976505606	0.10072855018522407	0.11951284458018378
SC_RS20905	60.80723516322567	-1.1841125368201537	0.2825471733502071	1.2918078820836137e-5	2.2805341925986513e-5
SC_RS20910	188.3409181179137	-1.9694993032184158	0.19313856661705187	4.987744565471171e-25	2.7284590820314847e-24
SC_RS20915	19.754056200146735	1.4969052839304986	0.46477585524877807	4.0491304620502935e-4	6.215297257943144e-4
SC_RS20920	17.70076973454416	1.9546490539933863	0.5144806085944854	3.13547794114939e-5	5.336029157174153e-5
SC_RS20925	75.63418456434155	-1.6858230523284907	0.2660649927287299	7.150934329647156e-11	2.0057432387530666e-10
SC_RS20930	241.85363390632153	-1.5214818533493673	0.20304335459301956	2.0816533995701152e-14	7.07378440941476e-14
SC_RS20935	566.9950317349395	0.0331886783415925	0.18326893244431558	0.8555222006475872	0.8702746182335919
SC_RS20940	410.41730469760046	-2.233088226676914	0.20610149936931202	3.567707353543214e-28	2.267954657329971e-27
SC_RS20945	1463.490471737894	-1.9432715720016642	0.25237796547959257	2.8524564285984944e-15	1.0068939063899138e-14
SC_RS20950	477.6434773267184	-2.5992039135554488	0.16644211792890753	8.382171750375022e-56	1.5848752432632158e-54
SC_RS20955	1805.9666151433214	-1.7106119424535746	0.2367193776054318	1.1879368854658237e-13	3.89846310343791e-13
SC_RS20960	1079.0638206064948	-2.4775170760077003	0.22190635921641297	6.832432761148956e-30	4.6867310865778977e-29
SC_RS20965	289.56641593099977	-2.589882237445237	0.205786974261477	2.57454993748196e-37	2.4215218417081598e-36
SC_RS20970	89.54025224209754	-2.085757780367654	0.30643882591962596	2.2074021819168945e-12	6.770958273483852e-12
SC_RS20975	43.63416806658835	0.6613947871690415	0.30813012126233996	0.024347642452612017	0.03111064208032594
SC_RS20980	25.781724659349123	0.9790657847525516	0.3606241333109001	0.003736437070542821	0.005230160774142514
SC_RS20985	67.59741363545808	-1.2363137333266991	0.2849109298311006	6.380448100147232e-6	1.1657439120536593e-5
SC_RS20990	44.14709394444854	-0.5233501144882496	0.35666913930376465	0.11650359076599376	0.1367554088361092
SC_RS20995	27.804220355189027	1.9551716880696999	0.4287158449814499	1.163896310150242e-6	2.289296183261639e-6
SC_RS21000	21.989677144792722	1.0764809727047226	0.4079163154333306	0.004181440446149339	0.005821019794205253
SC_RS21005	24.887851374467488	0.9710542684342303	0.44289137057499545	0.01547509967761052	0.02022569745173697
SC_RS21010	38.01268020190818	-0.18467348998437796	0.3195387492002015	0.5419059149985346	0.5747179947072046
SC_RS21015	78.85323525283475	-1.296922051820598	0.2526716608643766	1.1826748355080407e-7	2.553746482294668e-7
SC_RS21020	98.17260925263288	1.83267129270706	0.25477483804303785	1.6003752953491964e-13	5.214833154178071e-13
SC_RS21025	28.882544625701396	1.1069896460181823	0.3867187956750981	0.002026949313782806	0.0029158650487386677
SC_RS21030	122.17247788326998	-0.6503272101885597	0.22277701912614825	0.002698592768229619	0.0038415874658156777
SC_RS21035	13.366267178589478	0.06969549053955618	0.4238681626286485	0.8589749812259698	0.8730864128278679
SC_RS21040	181.38272063518954	-1.9280540156583348	0.1975901861097769	3.96195966547069e-23	2.002432527291355e-22
SC_RS21045	38.30845403486772	0.37638543723085044	0.3221122798738516	0.21896423817242408	0.24741683914855273
SC_RS21050	17.49232109954496	0.34683378890737254	0.42506118383733166	0.3705330283355012	0.40382952275288
SC_RS21060	11.069647148291514	0.46777254253974326	0.5124311992899663	0.2952659095919472	0.3268223982784477
SC_RS21065	313.856122653521	2.381730840914127	0.2620476583915888	2.1983777847738887e-20	9.92702864967707e-20
SC_RS21070	8158.307139326735	4.169119198547856	0.23297510566026908	1.0468606692903764e-72	3.0755181575088588e-71
SC_RS21075	456.248281023966	-2.6688919402406217	0.1935735168799036	3.218152114698868e-44	4.008556367194164e-43
SC_RS21080	2086.1427738986945	-2.35494681158998	0.1922531633454998	2.347358336818338e-35	2.0412052329833046e-34
SC_RS21085	442.68349642703237	-1.0788006966569084	0.2156245812029317	2.862748092118266e-7	5.954839049726402e-7
SC_RS21090	42.0580635280906	-2.061201338059532	0.3435286659346414	3.815884274711774e-10	1.0165581879235774e-9
SC_RS21095	647.4849417994101	-3.006582257198372	0.18141655566778692	8.437344031075256e-63	1.9382235166713067e-61
SC_RS21100	2346.7340927326422	-2.8502560078271153	0.211598432604323	2.2005712706581553e-42	2.5315152183827207e-41
SC_RS21105	109.15554064898646	-0.020675985574285367	0.23237267081754007	0.9255621115795226	0.9327723125307366
SC_RS21110	28.430799430189325	0.9180403052965204	0.3723378153044752	0.008225948425133293	0.011085187077290372
SC_RS21115	102.91943720900423	-0.6450738874019625	0.23277752738984636	0.004253595117696056	0.005916998754553993
SC_RS21120	247.00736468796697	-0.8023217504343036	0.2171651198983306	1.4727300979175523e-4	2.361877281871255e-4
SC_RS21125	2268.861752048941	-2.2451370628740444	0.19770057277226133	1.2651327122601308e-30	8.901802118517371e-30
SC_RS21130	344.60331973171327	-2.08504377199544	0.19087327146692096	1.5943513374918896e-28	1.0349248910796826e-27
SC_RS21135	120.16879474337998	-0.8470605981374759	0.2269197701304502	1.1984028336402604e-4	1.9315896164509902e-4
SC_RS21140	26.878395266823055	-0.04070875463455793	0.34484494981186486	0.8983635291319322	0.9088397124185579
SC_RS21145	47.1856208481091	-0.6443458744980604	0.2986537807387637	0.023874226284303565	0.03053217908783463
SC_RS21150	26.5657415130574	0.16509116343487307	0.3233713349053949	0.5916636594611862	0.6223862802948341
SC_RS21155	92.94835833910497	0.26596004898187686	0.23952779845366026	0.253303799407044	0.28288084458996554
SC_RS21160	465.2875692631047	-0.5510004259077187	0.19708241904934412	0.004222801569171753	0.005875271466240096
SC_RS21165	275.7196165762722	-0.09038043931960285	0.18876077324365995	0.6241714878547899	0.6537841692388098
SC_RS21170	280.4958890857578	0.6031082039708093	0.21778646249371936	0.004488817743059841	0.006224246340226264
SC_RS21175	321.04361568850175	0.6313834133686252	0.22989414583033768	0.00473990303930308	0.006547779132975068
SC_RS21180	455.68025392726486	-1.241283008244086	0.1967016316565949	1.164236203674655e-10	3.21297820579974e-10
SC_RS21185	35.58953688359679	-1.5559344875034096	0.3632302284821549	6.100733504215565e-6	1.1176846921760393e-5
SC_RS21190	81.53095604426653	-1.0951681858533582	0.2674490568332059	2.2082194828610516e-5	3.818811085041603e-5
SC_RS21195	486.9453135566938	0.5521814949815942	0.20210998285152396	0.005205440464418887	0.0071613652956389676
SC_RS21200	1373.9460023381494	-1.039699022323947	0.239952364691686	7.805633283650974e-6	1.4135250450305078e-5
SC_RS21205	934.1124857572265	-0.9264345005443508	0.2649267040334643	2.8564963461531143e-4	4.454177216437527e-4
SC_RS21210	1183.9242044027367	-1.0843954383841283	0.25623339063990686	1.1606151966070255e-5	2.0607696748808586e-5
SC_RS21215	106.0111136174889	1.3900871408369628	0.2564549405181058	2.2310226369098665e-8	5.176702619437808e-8
SC_RS21220	113.87812047495615	3.399367731871847	0.3196052292012561	2.369029055373961e-27	1.44852572589781e-26
SC_RS21225	2157.369493098655	-2.4130646144077326	0.18847126713794002	2.269242889753265e-38	2.237085169657831e-37
SC_RS21230	1225.6627424613837	-1.8883161930516497	0.21616717014279876	5.862268272499121e-19	2.454762421431489e-18
SC_RS21235	1833.5508369403797	-1.154662016051956	0.20778328360746065	1.2954091896881087e-8	3.06656416204177e-8
SC_RS21240	134.72186033493728	-1.0545671665636263	0.22955937325030074	2.360661979449345e-6	4.496905563539e-6
SC_RS21245	802.0150895288176	-0.8916834885512591	0.20905765653026004	1.1722880730919483e-5	2.0809947643187354e-5
SC_RS21250	101.80267516147529	-0.5844508540274885	0.23636612642290666	0.010703579547622327	0.014257260763035953
SC_RS21255	61.71188790200358	-0.07873120819935585	0.2624850005506451	0.7555031605339078	0.7773238880671182
SC_RS21260	316.5522445929289	-0.6994644518263632	0.19242883475783465	2.025209125338673e-4	3.205385724457475e-4
SC_RS21265	184.43543822023165	-0.4319463945308841	0.21353760479927233	0.03831922817277604	0.04785198789941584
SC_RS21270	209.3588954324554	-0.6133085331131147	0.2001071434598611	0.001711479066440827	0.0024779985540810245
SC_RS21275	868.083619260117	0.07625549349315529	0.1822896044532369	0.6705147216586339	0.6975699149986974
SC_RS21280	836.1423567150983	-0.24878610681616395	0.19036932619497315	0.1817808823331503	0.20798327794020952
SC_RS21285	812.505308411727	0.020971616135504967	0.20093483859823105	0.9160713752402777	0.9247242054786868
SC_RS21290	63.23535158777879	-0.5579504106741333	0.2713370982580258	0.0326314423054442	0.041111268675951745
SC_RS21295	178.65901337376624	0.3992327081015976	0.20701651385837125	0.04860113689141892	0.05987898584469916
SC_RS21300	670.770242542631	0.6295036586646828	0.18099407442599066	3.992141592585627e-4	6.131650094506648e-4
SC_RS21305	1215.3264308422517	2.407555835024572	0.20717960605889163	3.0393233404359425e-32	2.308132884899551e-31
SC_RS21310	191.68018970087923	-1.9286141444040257	0.21424606308419322	4.9738664573303734e-20	2.2041641380020538e-19
SC_RS21315	299.4065475887694	-1.3000526257900926	0.17313545800271238	2.357594155126946e-14	7.978384258791234e-14
SC_RS21320	213.45895575513458	-1.8107023781012679	0.20455159544987736	1.9539532586613968e-19	8.396533408723275e-19
SC_RS21325	509.7295173055355	-2.223852072594493	0.19212842619700835	8.283807051032996e-32	6.207804186414361e-31
SC_RS21330	648.7891008309375	-1.7196585078652296	0.20627138609756768	1.8621851589903857e-17	7.327509798503257e-17
SC_RS21335	148.66955160453102	-0.21731024206439506	0.19600846195043312	0.2583985226356511	0.28826485717326644
SC_RS21340	36.94771918302362	1.278266712513458	0.3641672742385654	1.8745395033252307e-4	2.979063426189709e-4
SC_RS21345	23.108832293720123	-0.49346777143386716	0.3697238836770731	0.1512063233884065	0.17490124371233093
SC_RS21350	1670.3649952334372	-2.448811567271825	0.1875318047409771	6.8357990749572085e-40	7.160111133342963e-39
SC_RS21355	638.8815779531102	-2.432810721921552	0.20006522385404807	6.536153886290332e-35	5.591368765371798e-34
SC_RS21360	1939.5227903771456	-2.1575566461685876	0.1798450757871601	6.960838412514352e-34	5.6592307005381295e-33
SC_RS21365	926.3878955877384	-1.6628313393858365	0.2081114177816831	4.199666620616289e-16	1.5460979361170503e-15
SC_RS21370	1137.729251260396	-1.6045671171336675	0.20657580510963944	2.3629991425550508e-15	8.377286383269686e-15
SC_RS21375	3773.8120574739846	-0.8846194061819891	0.21979718487909594	3.5436099342111845e-5	6.002889881661676e-5
SC_RS21380	336.6276409855652	-1.1646324299329964	0.19324709019587472	7.623256872994492e-10	1.990577060250049e-9
SC_RS21385	452.17124147438676	-0.12610729333178794	0.18573078075942653	0.48814101671267257	0.5215230161169585
SC_RS21390	687.1087856880248	-0.272815469890172	0.20288384989317798	0.1689415004322637	0.19407612154346665
SC_RS21395	231.6841664128774	-0.13439603072527245	0.21445975345062485	0.5194894686516767	0.5525747594027424
SC_RS21400	264.27712583601044	-2.081463033573452	0.20285167597381754	1.8073664305663236e-25	1.0096606105300053e-24
SC_RS21405	332.07716626254353	-1.8209016196259111	0.19344411611272777	1.073545302590522e-21	5.1538561597021544e-21
SC_RS21410	197.00797821720406	-0.43775103326907944	0.20351504578135293	0.027756323830653896	0.03520384106075711
SC_RS21415	112.82690960477953	-0.30696532206943045	0.21869006654280762	0.15023839323009128	0.17389074112049807
SC_RS21420	414.72202246693064	-0.6857630830619651	0.2058689568321063	6.424127939315611e-4	9.653865788570066e-4
SC_RS21425	1304.7404337209925	-0.9770826865490778	0.204166426508845	9.54158528431215e-7	1.8929149821500617e-6
SC_RS21430	11.884046006600828	-0.07285641437213894	0.48582346238377533	0.8619797990396108	0.8756356299928487
SC_RS21435	249.83857197050807	-0.7428507522124148	0.2062967602635622	2.2354627580099037e-4	3.5222868328130404e-4
SC_RS21440	252.13541364957842	-0.7678326720343343	0.17368780100384162	6.851738406818741e-6	1.2481402917954892e-5
SC_RS21445	187.8881233606683	-0.15882153076020164	0.21252272148628634	0.44369300684917473	0.47749448810651113
SC_RS21450	154.49428672764438	-1.1512042325790617	0.20726230887117808	1.3001837973865694e-8	3.07687911486796e-8
SC_RS21455	9.263889772213874	2.006936416936775	0.6625686301938761	5.311367211518841e-4	8.055537189991758e-4
SC_RS21460	85.88291301987901	-1.4922698217717802	0.2514528686190423	1.074927400451267e-9	2.7724780171135514e-9
SC_RS21465	210.32920025433128	-2.0960634664294737	0.18435401985679722	1.2947982207411054e-30	9.101851362959878e-30
SC_RS21470	141.3243858292602	1.9591619977065353	0.25235314431121736	1.8159316431326625e-15	6.490877332263816e-15
SC_RS21475	130.38809314657908	3.758571737508623	0.3347190213715665	2.8837676544760706e-30	2.0080172506238473e-29
SC_RS21480	60.7627963915794	-0.7633982022975635	0.2536240161981933	0.001843670110454068	0.0026620762472074205
SC_RS21485	2149.8467116233196	-1.2256770456637296	0.16030033856597792	9.013699226732129e-15	3.108840883906582e-14
SC_RS21490	818.2635898845374	0.6523814609928962	0.19958548233657125	8.448290233284176e-4	0.0012580309406348448
SC_RS21495	50.85512613510294	1.0835683857331426	0.31874685582607515	3.44850817928847e-4	5.338924903227624e-4
SC_RS21500	28.149284736467905	-1.4290655201218783	0.3572386581226549	2.1946658282340103e-5	3.7962622137925385e-5
SC_RS21505	858.7942708695299	-2.0596649790465396	0.2104186950923058	2.2612004668269223e-23	1.1553421535533233e-22
SC_RS21510	4886.219589494385	-1.5692238718748723	0.19827080489386772	7.564522606715763e-16	2.7518889838146048e-15
SC_RS21515	7040.819130597115	-1.8180466121949261	0.21371281731943467	4.251850165755226e-18	1.7227001715537933e-17
SC_RS21520	211.74469708705294	-2.7960658560708307	0.21813127686436992	1.124722264912849e-38	1.119258027188576e-37
SC_RS21525	992.8618747245948	-3.682378002538863	0.19013080087687634	7.205813579476111e-85	3.0020152166698778e-83
SC_RS21530	2662.2762072301057	-3.5229740848725934	0.20889579460102142	5.110697104654278e-65	1.2478900811165776e-63
SC_RS21535	4136.354564397619	-1.6715744893804483	0.19106634274055004	7.612634131296101e-19	3.1732936169687648e-18
SC_RS21540	353.3817414707414	-1.79051877284403	0.19590553925546242	1.5189365606380692e-20	6.926801606768782e-20
SC_RS21545	1589.8516090142211	-3.21603089397072	0.20779676954072113	4.481006898449983e-55	8.240135877598548e-54
SC_RS21550	583.4899596329592	-3.239776384029347	0.21985646350059598	3.0039342469399927e-50	4.712981092965001e-49
SC_RS21555	873.2257193675342	-2.128900965325928	0.213124581619045	2.904221704430754e-24	1.536279113950673e-23
SC_RS21560	2710.4781477649913	-1.9701512375634167	0.2237135006869308	3.099051569555943e-19	1.3156250013762536e-18
SC_RS21565	2135.503936887043	-1.4711700999529547	0.1853819097434029	6.256904871063674e-16	2.2852113184360344e-15
SC_RS21570	206.11410707357862	-2.1099490515303363	0.1966781068230989	1.5904675025401908e-27	9.81431578554926e-27
SC_RS21575	1061.3095746232455	-1.4721049182483412	0.2056145352164433	2.729513421824486e-13	8.758673617290584e-13
SC_RS21580	1439.4821187432042	-0.851028471979819	0.21508468594883867	4.897788510314982e-5	8.158186689645962e-5
SC_RS21585	368.000214473647	-0.7682973853289455	0.18744294972836556	2.881373524286044e-5	4.926512238690325e-5
SC_RS21590	1305.9160566091373	0.27174194538628343	0.212361123451674	0.19103339901778194	0.21789331544580415
SC_RS21595	3355.6223234599256	-0.8694951681743444	0.25134379576541405	3.230163005952884e-4	5.015628975762595e-4
SC_RS21600	105.29037939107174	-0.6088762375792156	0.20350571034673834	0.002205093544218992	0.0031567384575948063
SC_RS21605	197.32178947659716	-1.2539733516203742	0.19451747025283347	4.8108107073920435e-11	1.3659960784100472e-10
SC_RS21610	1382.8532668320627	-1.4885871347058768	0.20682738549881824	2.102569998665172e-13	6.78230584871259e-13
SC_RS21615	1195.4202945643572	-1.7499822279700334	0.19312480803829046	3.278615899774068e-20	1.4661318159450562e-19
SC_RS21620	814.2511247233906	-2.109865711247249	0.18642241170702945	1.9718720409932055e-30	1.3808722156015098e-29
SC_RS21625	421.87554599580994	-2.3407950508647746	0.18578422727478597	3.861868366086107e-37	3.6047363710783486e-36
SC_RS21630	861.2703684283026	-4.030708480539493	0.25994039191891016	1.8005063397900334e-55	3.3612490505346095e-54
SC_RS21635	119.98428571994198	-1.7874800774932573	0.25153770257725694	3.4069037612576474e-13	1.087083874319078e-12
SC_RS21640	6654.849933468466	-2.7123236371910595	0.2427854344937562	7.027135629771109e-30	4.8158083767594944e-29
SC_RS21645	2706.2831298455962	-2.9643658360660727	0.23543597341795133	2.479034639422369e-37	2.3346617408812962e-36
SC_RS21650	2174.5858819996915	-1.6980096312126853	0.21027204397716726	1.771182171841006e-16	6.62643193057107e-16
SC_RS21655	340.158590960609	-1.2512018721363187	0.16710351658675976	2.959963213804024e-14	9.966561067849713e-14
SC_RS21660	912.5188350626663	-1.2404750003424152	0.18588528632135753	1.0592811478261264e-11	3.126957239419478e-11
SC_RS21665	1199.88025101452	-1.278690867291851	0.1749396528164413	1.1072310453873857e-13	3.6465930007532744e-13
SC_RS21670	217.41245827941117	2.558839622954042	0.23996271249273265	2.2457094075786846e-27	1.3754037517844867e-26
SC_RS21675	8623.03728953744	-2.740369632117957	0.24238039985648063	9.405002300943164e-31	6.687800093264696e-30
SC_RS21680	11163.526735967154	-3.1280990279569942	0.21574676902785622	1.2864396713821398e-48	1.9359604360758978e-47
SC_RS21685	4083.563853894957	-2.5413394393070434	0.2579363418488599	6.715927443553163e-24	3.514779912616112e-23
SC_RS21690	10463.963174158376	-2.546265390861767	0.22134502914083962	1.7695496974286792e-31	1.3009630577107758e-30
SC_RS21695	225.9792938388213	-0.010128583202412438	0.2055992759161875	0.9584883506517075	0.9625348083488615
SC_RS21700	333.57541988502595	-1.7593208016545463	0.17816722687202313	1.3037297461167357e-23	6.741727312668169e-23
SC_RS21705	167.40689322619562	-1.0113747072568546	0.19458930649416206	1.1140790855171955e-7	2.407743017761958e-7
SC_RS21710	174.02246975271999	-1.0985130952525854	0.19324479590677104	6.8820745136983415e-9	1.6611593277908862e-8
SC_RS21715	222.81673490518057	-1.4457106308875212	0.2233321252854367	3.083899171097481e-11	8.855402059062627e-11
SC_RS21720	34.87208830376479	0.530521388838562	0.34680502772475275	0.10384218194546689	0.12285131552476701
SC_RS21725	24.754546160407234	-0.7464873651347087	0.39369027374053195	0.03993311971879836	0.049741017703787006
SC_RS21730	313.7557343752232	-0.7107371351018937	0.20694388638816275	4.2990484916508444e-4	6.574281123482647e-4
SC_RS21735	55.130534155916	3.7723834586464826	0.42545301825028564	7.919860958126303e-20	3.4679961226379663e-19
SC_RS21740	67.15694378028398	0.623914343155256	0.24760612296787016	0.009264524394253402	0.012416685365907777
SC_RS21745	672.6034499562219	-2.062415041443446	0.1797666891127258	3.4124322057370314e-31	2.481585314112906e-30
SC_RS21750	251.6208690917328	-2.248278576437818	0.21120752466118295	2.508819618743865e-27	1.5301932066680942e-26
SC_RS21755	144.02426489459248	-1.7586236856354163	0.20494040751069753	2.484417474790694e-18	1.0172179044478944e-17
SC_RS21760	58.3298377212304	-0.6633246127464588	0.27673186618269696	0.012389235898981409	0.01639300655286002
SC_RS21765	537.0134545322352	1.4964800829339955	0.251429858352715	8.86963561828708e-10	2.30379334446104e-9
SC_RS21770	136.266624873943	-0.3311480218139718	0.23540453644774384	0.14692236643352125	0.1702397124576973
SC_RS21775	123.62658525850452	1.7424687396944651	0.24840028382039867	6.39595039325443e-13	2.015544367515306e-12
SC_RS21780	279.96659615098173	-0.350608664856287	0.16980845372256503	0.03608399309703567	0.04519846527901156
SC_RS21785	171.50316893219625	-0.6657515306739501	0.22634151837760338	0.0024915835767958935	0.0035565112844159735
SC_RS21790	1107.9032348308233	1.6260620321209054	0.201109849766452	1.8295917369107788e-16	6.834553935146951e-16
SC_RS21795	14.091007787017437	3.3205369772749043	0.6468069522067366	4.278916257685182e-8	9.669852431557012e-8
SC_RS21800	9.998260821377919	3.3871260985577685	0.7883439094908865	3.7614464385450917e-6	7.029119624387103e-6
SC_RS21805	136.5257587253653	-0.2420868954589	0.22732358950707524	0.27268653718430935	0.30317102077442515
SC_RS21815	17.825178658779976	2.3295187670638433	0.5185891813094453	1.2957963226878625e-6	2.5345363616711666e-6
SC_RS21825	23.156123672835232	2.74073338214078	0.5775539545338436	3.1677017802864243e-07	6.554049643050532e-7
SC_RS21830	226.94639982289343	0.628425293499937	0.17219191649926863	2.1218812159236458e-4	3.3533544976898765e-4
SC_RS21840	96.92175245487061	0.4712997267643021	0.2293240672406497	0.03492620152409924	0.043807758128713695
SC_RS21845	797.8748064345602	1.5025139734351192	0.22360064214052716	6.0667720672317554e-12	1.8178129713030054e-11
SC_RS21850	1048.3032631604508	-2.4161115929950503	0.18341637799906982	1.7754245397009365e-40	1.8973884863412617e-39
SC_RS21855	115.18811590262264	3.080037890944545	0.2968989404254922	3.788206680128717e-26	2.2012794372946535e-25
SC_RS21860	1047.909985621437	-1.5030494887258357	0.18385698422970287	9.439434674603241e-17	3.5842631972463593e-16
SC_RS21865	6769.462584137838	-3.1233158155597147	0.2921296809590135	1.1541707424666578e-27	7.18822217478812e-27
SC_RS21870	2535.2084456081534	-3.648295629216858	0.23216459686362909	9.831698157613449e-57	1.917961434239195e-55
SC_RS21875	3169.150473086017	-3.645389858186049	0.19502158141424195	4.117841943391643e-79	1.4255852812474166e-77
SC_RS21880	92.02130750224177	-0.5038021944535089	0.22344094656201266	0.020576758501816568	0.026526751257411777
SC_RS21885	27.516659570136653	0.9513139471042821	0.4166489696024954	0.012425411263016243	0.016434974466992245
SC_RS21890	319.5671808540601	0.1474771263580059	0.179521672019524	0.4109566117259998	0.4449917848557302
SC_RS21895	282.76879471348025	-1.1442069890796287	0.1865338858230417	4.0400289960698886e-10	1.0730251717401146e-9
SC_RS21900	31.168088750460647	-1.306675767972468	0.34463904918235216	6.207644195527925e-5	1.0242821279441244e-4
SC_RS21905	52.90529817695823	-1.5113981976294186	0.2883691454913417	4.942007410321472e-8	1.1056542064232565e-7
SC_RS21910	54.31908625051666	2.3902404292051496	0.2985331196019488	2.416253619370997e-16	8.980571667964583e-16
SC_RS21915	20.145720128864	2.326929222085456	0.47290052914646225	1.6675648548862898e-7	3.5539373525813584e-7
SC_RS21920	1025.6892348485442	2.0463698582633274	0.2458201237463544	1.7259677835461052e-17	6.802397881276846e-17
SC_RS21925	392.69143505861507	1.3817653316155782	0.22047534218711135	1.4363542354428669e-10	3.9418221556217714e-10
SC_RS21930	401.6932183209962	0.8692225577807834	0.2385495979877633	1.7254683401306077e-4	2.751049414080671e-4
SC_RS21935	337.71704900036116	0.47293077137403533	0.21461340746221125	0.024101185391330795	0.030806403375918407
SC_RS21940	699.8168923483097	-2.4350667669843187	0.1862642120440294	5.593495633914111e-40	5.900777797493943e-39
SC_RS21945	2137.3812949349744	-2.6684631588012664	0.19063246709667273	1.88748908641186e-45	2.4988051208619487e-44
SC_RS21950	580.6213608797566	-1.7723631149481944	0.16378635306935518	6.426117473162411e-28	4.02943794618194e-27
SC_RS21955	728.4970485577221	0.6127071422974553	0.294031458757474	0.029263408972444314	0.03703250004510114
SC_RS21960	1683.8847990004733	0.775554879640178	0.2828961754507315	0.004276016220379534	0.00594482345570865
SC_RS21965	1406.9091831211672	1.5399047786795228	0.33263842455467446	1.1411681878590298e-6	2.2493916646010388e-6
SC_RS21970	1008.2388214944871	1.9014609502376767	0.3425600762926274	6.345747747727058e-9	1.5357251031092658e-8
SC_RS21975	7462.759425490621	3.3622910977298277	0.2970214033459823	1.0177071070704081e-30	7.222879891758603e-30
SC_RS21980	6522.0332799613425	2.065014789321881	0.2880081729006831	1.5091013894556306e-13	4.926123791875087e-13
SC_RS21985	103.17923268541887	2.295529829504597	0.29082806380147497	4.938008433849423e-16	1.811585780656997e-15
SC_RS21990	3794.3483550950914	-1.9400831524131892	0.21848977081063106	1.5250250203799833e-19	6.580184025911058e-19
SC_RS21995	418.3876307047622	0.8341887273625617	0.17620865452806883	1.4718150581174566e-6	2.8659002478368432e-6
SC_RS22000	983.1074883654346	-2.2363826760329273	0.20673487117946404	4.447298399675133e-28	2.8149681029360024e-27
SC_RS22005	258.52390325835404	-1.5511226000057239	0.1828181826010657	6.738421716965151e-18	2.704905919482908e-17
SC_RS22010	1305.750336878257	-1.8570957065128837	0.19733431956246894	1.0650626992496621e-21	5.116464067926389e-21
SC_RS22015	418.9046145316601	1.7812744000442666	0.223600137178804	4.277284423011944e-16	1.573102011735166e-15
SC_RS22020	77.14180856836484	-0.658789687048478	0.23343588148905778	0.00368099415180372	0.005155489245090339
SC_RS22025	1276.9628088265254	0.8265927400064805	0.2046546459940816	3.656425267174172e-5	6.178386782800721e-5
SC_RS22030	44.52065157653073	0.48427246152550985	0.3094422471751624	0.10096024787669888	0.11976847938268623
SC_RS22035	127.84796552919539	-1.37786373616867	0.208617864300231	1.2762974437974074e-11	3.7510631130179685e-11
SC_RS22040	16.356079503869232	-1.2185631943989397	0.43854048106064514	0.0023588192975292454	0.0033715707501416276
SC_RS22045	109.9252325395846	1.4737433944125373	0.24318207217933835	5.035074676147493e-10	1.3302988413440205e-9
SC_RS22050	87.89521089725034	-1.2533011370781186	0.2599266645728005	6.464487177574281e-7	1.2997251659104024e-6
SC_RS22070	15.848677735251364	1.057354937755452	0.47394743275351064	0.012932477527222973	0.0170811551649189
SC_RS22080	38.63338433920683	-1.7392878921788422	0.3373059535906919	7.164430982678564e-8	1.5760893217861496e-7
SC_RS22085	46.09541613761118	-0.31960194525390234	0.2878233627372764	0.24612754823328517	0.27540888325830726
SC_RS22090	24.377143151953533	1.6772602556400296	0.4448655093203189	4.538067758482805e-5	7.58126679906031e-5
SC_RS22095	17.161230149113795	1.7449699802684053	0.5401215392404026	3.283056406677557e-4	5.092397547926021e-4
SC_RS22105	19.693139138136793	1.9098706159943835	0.5129097919438832	4.516371057624163e-5	7.54673015611162e-5
SC_RS22110	389.93607797238735	1.7627266052817714	0.19269936870031892	1.5957963575035578e-20	7.272807379623754e-20
SC_RS22115	134.13151355855473	0.11465820278496604	0.23623387462043163	0.6190929187116518	0.6489255412337912
SC_RS22120	15.614278102125304	1.290195311989677	0.4931365728590126	0.0034799123203711514	0.004887785419127023
SC_RS22125	30.901104191590377	1.6000515901520662	0.4010783260079944	2.057090787195801e-5	3.5658174576355985e-5
SC_RS22130	98.38177904436316	4.645547418636726	0.3598556407136983	7.663022632857876e-39	7.688044747577412e-38
SC_RS22135	462.4565750366655	3.4487693724200077	0.255327001983643	1.4849465115517163e-42	1.7271286397763968e-41
SC_RS22140	167.69067123655637	1.414555363578949	0.19163858279924278	5.914930613236305e-14	1.9647161415317348e-13
SC_RS22145	181.53494048788755	-1.2979202316456193	0.18306274521347357	5.441721466672546e-13	1.7214609221468622e-12
SC_RS22150	152.8793867491477	-1.5017082743462224	0.19131494766572188	1.4200301089125776e-15	5.115438213542427e-15
SC_RS22155	2580.6094301723347	-1.5934384889880244	0.17817420870443426	1.1396168019496645e-19	4.951994282602727e-19
SC_RS22160	23.061990903235415	2.584966597835607	0.576187137680008	1.2443176596279795e-6	2.4377254043827634e-6
SC_RS22165	24.2772509470762	-1.5390083163147827	0.3682914820048136	9.262001369101788e-6	1.6593293997997227e-5
SC_RS22175	225.25383265600428	0.6454489760730527	0.21972460798314397	0.002566131612534793	0.003658672565899374
SC_RS22180	32.609832752870176	0.4487258929246563	0.3249959146031056	0.1455052902101787	0.168650740334778
SC_RS22185	1710.139074260368	-1.749232624841058	0.1887722889016976	4.991503215701188e-21	2.334010444678539e-20
SC_RS22190	96.42024412447114	-0.9123437842956194	0.23746076938093227	7.287400385099066e-5	1.1965551200115902e-4
SC_RS22195	232.3487384900876	-2.7036031498596884	0.1963713935362602	4.605326536454242e-44	5.697932530170065e-43
SC_RS22200	97.19957018508056	-1.4122420945386662	0.24526971997274002	3.4029095833228225e-9	8.436497600692522e-9
SC_RS22205	54.18265068358031	0.0211911761873158	0.2691052764360255	0.9367054822215236	0.9433578565831078
SC_RS22210	22.765306877604026	1.022075084032929	0.3675586173869524	0.002945589392360071	0.004181092623534777
SC_RS22215	75.9213072807704	-1.0173930121692472	0.23375389031963106	7.4909389963196755e-6	1.3600136502758277e-5
SC_RS22220	22.520043936191623	-0.6788839950426828	0.4477917936328732	0.09166253538881051	0.10926600969238422
SC_RS22225	27.886961825872675	1.1851685129575378	0.4766805715070777	0.0055649911910638445	0.007638913820347131
SC_RS22230	16.698919836405356	2.82062657349553	0.6344991857725457	1.1724052516102052e-6	2.3048030726136106e-6
SC_RS22235	31.798534460775937	2.6049588164735535	0.49133857777244894	1.5953508455867567e-8	3.745341335675499e-8
SC_RS22240	98.99292921568696	-1.0627292750704516	0.256361811278025	1.871854607487644e-5	3.2534986051604e-5
SC_RS22245	102.86999940247284	-1.028517397865503	0.22114430872109028	1.7887691540438145e-6	3.449368133347042e-6
SC_RS22250	440.6022471211906	-0.9690070165949445	0.20684660531684423	1.5780062686614146e-6	3.0621626908182292e-6
SC_RS22255	228.96235155327668	-0.691000457207521	0.19690885219913967	3.309869172322691e-4	5.130749480073056e-4
SC_RS22260	235.3100219081653	-3.273433565589112	0.21198343834208033	1.586013847097368e-54	2.8594782661359395e-53
SC_RS22265	108.99773522467623	-1.844757387888338	0.2263783260034912	8.724397666957431e-17	3.319592796498663e-16
SC_RS22270	17.822536533761518	1.0800638561693048	0.4968441959567551	0.014028558716741182	0.018459420409930313
SC_RS22275	63.877383357612885	1.1255276535629033	0.3172405689786703	1.928435647337038e-4	3.060758601692492e-4
SC_RS22280	17.09064710710484	1.189229198164855	0.44735208734022397	0.0034927928848052328	0.004902142126485304
SC_RS22285	51.79416655576353	-1.1182832896293613	0.2646304170014424	1.1822168732544992e-5	2.0976100152499223e-5
SC_RS22290	3748.2019180984653	1.2582572907433323	0.202920634837205	2.6070810420821177e-10	7.011165428268977e-10
SC_RS22295	14.399549928665643	2.5234229738486644	0.6555588587774002	1.8262993915758902e-5	3.177709229230914e-5
SC_RS22300	174.2782922357643	-1.5368975295825413	0.22251757818531617	1.4216191475881098e-12	4.397239762715907e-12
SC_RS22305	183.4429842339161	-2.050297400941708	0.235549379924103	5.587372737401138e-19	2.343645424664163e-18
SC_RS22315	528.5747807343138	0.6390690513636889	0.19811416564619302	9.868999534784473e-4	0.0014601525395164668
SC_RS22320	1538.6805579518666	0.7111244829621464	0.1979956681265487	2.4398242295990263e-4	3.831189069221299e-4
SC_RS22325	48.53631451052505	0.2856983716145593	0.2724264185595874	0.2764204038337732	0.30688407977570664
SC_RS22330	727.4792736954122	-2.4932622881904924	0.18898628826633793	1.2116495778513317e-40	1.3119976486161117e-39
SC_RS22335	427.96727619280887	-2.153388761665264	0.19678082482923673	1.0873589372084887e-28	7.09573876369504e-28
SC_RS22340	275.06908154718224	-1.417847943365081	0.20631521608904949	2.1142232884408926e-12	6.487841252169431e-12
SC_RS22355	27.976315565144983	1.7671014961719258	0.4160680680136213	6.177790911696666e-6	1.1312398853452003e-5
SC_RS22360	294.38264277453914	2.0456595692965234	0.23552409137623603	7.945317323174291e-19	3.3100999966715946e-18
SC_RS22365	866.5339839482966	3.8091528496567255	0.2316337780460466	9.240854846012889e-62	2.0902473507515043e-60
SC_RS22370	341.63995252507	1.3887414749314362	0.2011530487152114	1.904053168637154e-12	5.857525267221682e-12
SC_RS22375	133.98231656898315	2.0086618837962704	0.29135097779390107	1.205764303967953e-12	3.7468630330635e-12
SC_RS22380	73.77535846907544	0.27719644693186435	0.2525904421681894	0.25721935248480166	0.2870362447371258
SC_RS22385	89.8931766673676	0.15105159944797483	0.21607778167361824	0.47520206290974965	0.5085096519948475
SC_RS22390	84.39897871510169	0.5704355201706433	0.30285424550125617	0.04850072803287102	0.05976953254644281
SC_RS22395	626.7767386367203	-0.9226370672590433	0.22187628958297745	1.920337290905123e-5	3.335037019108426e-5
SC_RS22400	74.11363250250533	1.916004088092387	0.2752876642653432	7.109750477835771e-13	2.2347527716777906e-12
SC_RS22405	40.05142923890176	1.2847739199522052	0.3183340120828726	2.21055221519849e-5	3.821948894460414e-5
SC_RS22410	17.989056549314384	3.583762792445417	0.6418180274526232	3.1321315942393696e-9	7.797548405105034e-9
SC_RS22415	99.72270318485369	-0.7314874562670414	0.2275561237740249	9.459306705671886e-4	0.0014020688974396881
SC_RS22420	57.15812354566601	-0.6038305043245064	0.2585943628240621	0.015427235228762092	0.020177444586181564
SC_RS22425	17.949792685343304	2.0489676128721417	0.4879173722047005	5.856118485670737e-6	1.0744717022477236e-5
SC_RS22430	11.332920834972125	1.5814305311201313	0.6323980340794186	0.003503954762710519	0.004915001411494649
SC_RS22435	78.56350500265054	5.398320441212531	0.6697392669585632	8.984724938777757e-16	3.2605000835899202e-15
SC_RS22445	18.807060356099896	2.1371897466622136	0.6392984310774628	1.4505981152207904e-4	2.3279021766350614e-4
SC_RS22460	855.9028171601955	-2.0600486387019292	0.16346778198924558	3.572076507749084e-37	3.3427020517946376e-36
SC_RS22465	640.0069312162618	-1.8975307333269569	0.20685791523479793	9.724832267133022e-21	4.4791326132316617e-20
SC_RS22470	1523.2476020270947	-0.7528045335544936	0.18671609596083488	3.9313990086688275e-5	6.620264053419487e-5
SC_RS22475	971.6138366762303	2.9909006819175623	0.221047112132641	1.0919313555721808e-42	1.280111576468881e-41
SC_RS22480	767.7671097745422	-0.9112791719903883	0.20355700199004925	4.598106385911105e-6	8.504247928193751e-6
SC_RS22490	46.15340505048124	-0.38252607835233676	0.28732700015335116	0.1643356194108519	0.18896161820296614
SC_RS22495	187.61650942123617	-0.9792496590384635	0.2087858989417615	1.5325068910813226e-6	2.981716573834742e-6
SC_RS22500	95.93822591587238	-0.2683763617315566	0.2307383487707771	0.2307944484371495	0.25935359079176173
SC_RS22505	243.3260129813231	-0.43527480195769225	0.1821975798111476	0.014972099160198272	0.019623935159492012
SC_RS22510	6.382165594764405	-1.172067350441937	0.7013057176315124	0.036490488823422866	0.045668850065159576
SC_RS22515	12.239974715968836	-2.293758452116974	0.5584675511083143	7.364237193096356e-6	1.3381933233586134e-5
SC_RS22520	173.9404120474415	-0.8536864914823692	0.1969722340360978	9.398106655633248e-6	1.6828955434346665e-5
SC_RS22525	735.1169585790293	-2.4500434537830693	0.208483602088039	8.882700089745773e-33	6.953400261336022e-32
SC_RS22530	1408.200674709562	-2.4972271770748824	0.218085215454287	3.1719914282037284e-31	2.3112909873097127e-30
SC_RS22535	4808.7504638499	-2.5403443208288388	0.23388895305814822	2.44682313273627e-28	1.5675824309988926e-27
SC_RS22540	649.9675187062471	3.4799275651584085	0.2612802601190913	2.487767027343634e-41	2.762770189703608e-40
SC_RS22545	96.4464008359026	-1.1562634664449323	0.220292678191332	7.5786958304726e-8	1.6657318346916527e-7
SC_RS22550	62.046954143840054	-0.7574745763723835	0.27864845687285633	0.004587777978246532	0.006349526053226337
SC_RS22555	62.97304546896117	-0.9656435492503018	0.24995881855251134	6.532067519164221e-5	1.0766085356798606e-4
SC_RS22560	72.50332251608569	-0.5114633774003189	0.2513557532051461	0.03540133695063952	0.0443886173565747
SC_RS22565	6064.665264503961	-0.9529518963960181	0.23278679172718844	2.2316868609951643e-5	3.854874423279068e-5
SC_RS22570	2679.118380011725	-1.3547675857845929	0.20493817505485998	1.457236314760113e-11	4.2709302802230026e-11
SC_RS22575	4214.381982500328	-0.5962967964189626	0.2188882397682701	0.005120427460156546	0.007048353946461522
SC_RS22580	1866.8883661776101	-0.06969779172199349	0.30832134538334455	0.8055720202968133	0.8251546155950411
SC_RS22585	180.4893957086829	0.1178637390429926	0.17915317604104522	0.5044711758318445	0.5374903121780121
SC_RS22590	5914.686004221006	0.0567946933368821	0.21570165459539334	0.78155326420418	0.8025586645650499
SC_RS22595	34.28146728642114	0.7348726862511669	0.31742367707270985	0.01467453678404683	0.019261309050473713
SC_RS22605	1023.4753391233795	-2.0169032606702615	0.15062224706609834	1.361354783438541e-41	1.523312621104067e-40
SC_RS22615	30.843954996824966	-3.953952866366267	0.5037990252441598	8.065122027989087e-16	2.9296655090833264e-15
SC_RS22625	42.460492449701604	1.2042969595309725	0.3517746643785678	2.812785894987065e-4	4.391590766384632e-4
SC_RS22630	227.8342881809321	-0.28068970883985417	0.20417198003880813	0.15969142245753962	0.18408074866373256
SC_RS22635	280.12014971544187	-1.2751108181338076	0.17673988871724575	2.162611456204064e-13	6.969884999147189e-13
SC_RS22640	3211.6849099323995	-3.6202878312644806	0.21997005195843206	1.0080988343035383e-61	2.2733091144202728e-60
SC_RS22645	36.431390250968896	0.3731013321061274	0.345545492606748	0.25272409141981694	0.28227619662673886
SC_RS22650	12.054107801723408	-1.44976796175229	0.5153100100902561	0.001596316556504879	0.0023180855233688414
SC_RS22655	52.26170171607544	-0.564845924983278	0.27962264874523246	0.03545219841673155	0.04444483358126121
SC_RS22660	62.145442227112056	-0.37785796408147504	0.2453621049236806	0.11141593175362358	0.1313059103006585
SC_RS22665	14.772739724022763	0.9093815203035761	0.48135399291859654	0.03314695300427219	0.041703741930302525
SC_RS22670	23.245149869182338	0.3691431548770874	0.3559961477592495	0.268631852392422	0.2991379159682452
SC_RS22675	26.815522881730544	2.2844014568340865	0.4327568285469115	2.5694089400020107e-8	5.9320042340559885e-8
SC_RS22680	60.995413623109215	0.370299511358279	0.24876024223023124	0.125096294028072	0.14607443739715012
SC_RS22685	12.137023530304	2.063831296222469	0.595067147555989	1.0700055862589793e-4	1.7325913906617726e-4
SC_RS22690	9.614120468400365	2.314989312497481	0.661019911103313	8.054647821432981e-5	1.3163779484762146e-4
SC_RS22695	48.18365480182665	-0.4699188806255886	0.30400486858692366	0.1045158403257854	0.12356899255448799
SC_RS22705	54.20982708763077	-0.20119960161120792	0.2806365292741051	0.45509592583956454	0.4888386536257755
SC_RS22710	1459.6577157827724	-1.7464482056032697	0.1715502470386517	8.171823725505107e-25	4.430810893520195e-24
SC_RS22715	303.93678209599653	-5.815625760564419e-4	0.23052139293403723	0.9968871021321487	0.99729283558845
SC_RS22720	189.4264670082449	-0.8919856841163253	0.18272071767480172	6.834736577985574e-7	1.3702922111491469e-6
SC_RS22725	161.3405807208111	-2.3957905920652856	0.20284774754870427	6.186613515205183e-33	4.889612868287569e-32
SC_RS22730	30.010236698533806	1.186777755358292	0.3565540686792867	4.0412918632634534e-4	6.204556776952885e-4
SC_RS22735	1715.344834975828	-0.16147132904882175	0.20009061163228647	0.4085940190732924	0.442693549316259
SC_RS22740	1766.73616293661	3.0011163300185677	0.2171770881211716	2.2420929255464083e-44	2.811767556629118e-43
SC_RS22745	800.4887894841567	-0.9082064308160832	0.17207350125875195	7.946535224939503e-8	1.7424249404907492e-7
SC_RS22750	332.8490063106535	-0.5514311460491391	0.1814792497898534	0.00195693581683325	0.0028206498657795905
SC_RS22755	437.2517250061888	0.32245150331525907	0.18401666406696446	0.07473023566753607	0.08999849057854173
SC_RS22760	538.0827588286616	0.8596246105037423	0.18992380723367294	3.943790081047007e-6	7.3475260378071325e-6
SC_RS22765	64.67636857225074	1.6322335368736112	0.2915218443294412	6.9099902683154585e-9	1.667351709376904e-8
SC_RS22770	104.35502117336631	-0.5905648978048695	0.25665900594375796	0.017176335725530085	0.022326511482471154
SC_RS22775	481.0783538516819	-3.947496047345804	0.20219943087434836	1.2897738779387143e-85	5.529530567395395e-84
SC_RS22780	409.6650981491641	-3.450570084806256	0.18603639344758513	4.600302877282362e-78	1.541937882594552e-76
SC_RS22785	73.13872528486114	-3.1050533559332867	0.2832926262219685	6.437191191346353e-29	4.245782454828981e-28
SC_RS22790	185.73905363030354	-0.7685808343019112	0.269975506083731	0.0030245640466452155	0.004289064476915734
SC_RS22800	51.79400480605119	-0.2912503289226533	0.27517474199782493	0.2705145478008157	0.3011434594630457
SC_RS22805	32.85895318071562	1.6169933058275672	0.41999272562398066	3.651921156909272e-5	6.173605367044697e-5
SC_RS22810	105.28207394296197	-1.0488529492059802	0.21450935636359075	5.520708820074686e-7	1.119526246088749e-6
SC_RS22815	390.0816110381988	0.2915765822780003	0.18617338073087078	0.11110656348838999	0.13096224411179472
SC_RS22820	366.68482411822765	0.22936189299820628	0.1880117360284075	0.21510542902999677	0.24335492998883038
SC_RS22825	536.542321134267	0.109378671628478	0.20415992306531874	0.5849652428832726	0.6160308452013395
SC_RS22830	435.2200043754187	0.3794070601302005	0.18719288263414272	0.03912365171783647	0.04879868196335016
SC_RS22835	480.3402369159555	0.46133018152770394	0.18839708258935636	0.012670876615724877	0.016750635382638084
SC_RS22840	597.1153429259216	0.5394837645420628	0.19082883955679242	0.003962933453507339	0.00552831465875201
SC_RS22845	603.0890555924585	1.5961847695641476	0.2108680256237402	1.1454038062895156e-14	3.939462531520004e-14
SC_RS22850	1645.4887267442564	-2.2764386787860564	0.17089824925881872	2.614082419607546e-41	2.8986832725091793e-40
SC_RS22855	148.55226193233133	-0.8615262358836325	0.2009731678248631	1.2110911439632139e-5	2.145743896103974e-5
SC_RS22860	49.7452130607498	3.0334782870159236	0.3687904827800894	3.200185878495784e-17	1.2466017257278347e-16
SC_RS22865	237.64767171782609	2.6522201730432604	0.25353996334648754	1.921502701526711e-26	1.1254297792738656e-25
SC_RS22870	299.8403184727893	-0.88977348907163345	0.1869384053926155	1.2157367388384736e-6	2.3842666787752404e-6
SC_RS22875	300.3498701579342	-2.96296580071076	0.17172224985301032	1.3286288679563601e-67	3.4990390258250714e-66
SC_RS22880	382.29290215314546	-3.1743837923178573	0.18113477071721834	9.905024146971548e-70	2.7458514308183535e-68
SC_RS22885	1729.861750567208	5.2690827775604605	0.27251542163332226	1.9247425959016151e-84	7.798380166032149e-83
SC_RS22890	2061.431418172709	4.7236333548868785	0.2519671147738149	1.7576909125556846e-79	6.17200609008839e-78
SC_RS22895	2109.1212407178946	4.343548213876413	0.25541880061688826	8.640444718441394e-66	2.1525215997900958e-64
SC_RS22900	14012.013083905247	5.5251943103129655	0.26311205955384726	5.883042090793207e-99	3.5269554778462695e-97
SC_RS22905	133.40338942047725	3.2035480257073927	0.32596633285433796	1.3633530818561633e-23	7.045105554034581e-23
SC_RS22910	640.4071797132157	2.252395610020307	0.20182375843609138	1.261963972434045e-29	8.568805094593598e-29
SC_RS22915	1032.10805329995	1.1042370480978014	0.2092659350620919	6.728723782496604e-8	1.482893280697249e-7
SC_RS22920	24.33191977071032	-0.1987769397310108	0.37857761755554453	0.5719970706237416	0.6034200856622991
SC_RS22925	27.969554209195678	0.6215848202811174	0.41095903268173023	0.0983597417625486	0.11685270432689436
SC_RS22930	47.97438598315721	-0.25137018049844656	0.2630518653768785	0.3220018025298904	0.3546059276964474
SC_RS22935	69.13159117210161	-0.01765537383838066	0.28845050095722	0.9474623861519968	0.9522403755601505
SC_RS22940	78.3009367745193	-1.3599004532767527	0.25421218447519844	3.4448725593038095e-8	7.862113974715658e-8
SC_RS22945	308.552554173269	-1.4984734900267693	0.16810014958906375	1.5725812624345245e-19	6.781411829936949e-19
SC_RS22950	2780.430781245781	1.020696384316525	0.21503351910954094	1.1428594039051853e-6	2.252123261463612e-6
SC_RS22955	112.24574882330711	-1.198682823922308	0.20733901845538646	3.329919325749611e-9	8.26761788150762e-9
SC_RS22960	28.093597304366916	0.7888561338620457	0.39966334175715684	0.032075586372210974	0.04043860042890814
SC_RS22965	81.90939250287582	-0.6520573852738004	0.2335364843802672	0.0040866017911589	0.0056965220431012716
SC_RS22970	69.29996037042454	-0.8344590551292796	0.25797889654706113	8.038620122600068e-4	0.0011987216336512216
SC_RS22975	26.59293918011518	0.41424541553083105	0.33333311768915563	0.189394993229701	0.21615828510692076
SC_RS22980	914.2411633402165	-1.2147622020577222	0.19350848594925513	1.3970603746602186e-10	3.835414446293541e-10
SC_RS22985	895.378638518108	-2.22341651630628	0.2120874994701188	1.2226219110521449e-26	7.24145700570162e-26
SC_RS22990	73.86563637788063	-0.9747261959332064	0.23237566367650794	1.6129491873501725e-5	2.8218000729585226e-5
SC_RS22995	336.73936067264395	-1.7544183653687535	0.19607622938551414	8.238306512426761e-20	3.6052980547557826e-19
SC_RS23000	641.3710272344865	-1.9282545120038086	0.18523252746146684	4.4481008844826097e-26	2.568543141908752e-25
SC_RS23005	491.73893115629676	-1.166889983437038	0.20417050632266795	4.998543468419671e-9	1.2209095573410616e-8
SC_RS23010	7929.098154004216	-0.8679881340752805	0.23244076073723416	1.1724589546237112e-4	1.8918407727341896e-4
SC_RS23015	3286.9786556396302	-0.542894443126056	0.2507606977632551	0.024812501665746233	0.03167169591192881
SC_RS23020	60.97055519741384	-1.1199908804546885	0.2705053530513573	1.7194484700804685e-5	2.9988677905329644e-5
SC_RS23025	85.84428459641998	-1.2641662388235324	0.23391588101831237	2.7400326956189847e-8	6.30224613147049e-8
SC_RS23030	19.540666243304255	0.6599439631097321	0.4311957518661533	0.09255855033321048	0.11028061886525999
SC_RS23035	21.34157271717233	0.539518447445619	0.4485141596073147	0.18292098923079747	0.20922279736123786
SC_RS23040	151.95578344976252	-2.271831523086426	0.21139011190139875	1.091130181974305e-27	6.801347389584552e-27
SC_RS23045	113.39909392648252	-2.221222301319613	0.23361978405312897	3.0090166900115977e-22	1.4831877722022407e-21
SC_RS23050	110.06307226322187	-1.886661648334793	0.224283048572496	9.952279607804969e-18	3.964781730305448e-17
SC_RS23055	297.3554055319508	-1.281450164822902	0.1622371443458629	1.1636533216253332e-15	4.208327412292892e-15
SC_RS23070	109.62819079125899	1.8431342946592246	0.24559103091657383	1.4849073159235487e-14	5.0740067412512736e-14
SC_RS23075	317.70145080240786	-0.5572039066118184	0.23553248050886016	0.014598739969647353	0.019175473554716705
SC_RS23080	1347.03887780645	-1.9250459915448046	0.19940164274380173	8.948910723260309e-23	4.479923127856179e-22
SC_RS23085	729.9405322867763	-2.009294824142865	0.21624040357566973	2.7435769623224057e-21	1.2918988837908954e-20
SC_RS23090	707.4950553477233	-1.8900563687434409	0.1789419067175976	9.277178528381906e-27	5.521381313017609e-26
SC_RS23095	52.16249797501322	-1.0032064225638198	0.2796606425282045	1.915201400706016e-4	3.0404079932844273e-4
SC_RS23105	897.2728135682032	1.7875927929580704	0.2024314884502806	2.628770180313458e-19	1.1217911637518193e-18
SC_RS23110	522.7460523862426	-1.3774981907421222	0.1842157305761133	2.6821057427107247e-14	9.047505831083662e-14
SC_RS23115	425.0955573689156	-2.532495835980159	0.17280969106331828	1.6744769623070978e-49	2.5831784769984392e-48
SC_RS23120	1286.960420508797	3.329382318877221	0.3227462129453196	5.570043758454022e-26	3.1988709248317727e-25
SC_RS23125	139.58038509892071	-0.6758671430770729	0.19101029817342294	3.0207672674070806e-4	4.701379871224106e-4
SC_RS23130	23.95796156545815	0.7737891596969126	0.35166642418220884	0.01891324901558477	0.024484954045105704
SC_RS23135	360.57657314413956	-1.136950536457153	0.22561368357356854	2.1845091509990453e-7	4.606397048746629e-7
SC_RS23140	147.75351277412867	-1.245492611906585	0.21891180038352498	5.244483402405951e-9	1.2792861597532742e-8
SC_RS23145	162.46750384519095	0.15183808809657534	0.19209103317135137	0.4213819303890314	0.45514433201826826
SC_RS23150	43.687374665759435	1.3706927485824374	0.32355518484970713	8.730043603715901e-6	1.5697474160887846e-5
SC_RS23155	59.795092620722876	-0.4460861073445487	0.25953754159256875	0.07523412567670791	0.09054617965399774
SC_RS23160	53.122792028785916	-0.28287587151148547	0.37241374045409253	0.4129191988255987	0.4467888733881093
SC_RS23165	314.01829279697745	-2.721540768923217	0.17552656532805697	4.502303578493434e-55	8.258703131296164e-54
SC_RS23170	76.24187159554594	-1.0126676173775784	0.25076984580574346	3.172401713026787e-5	5.396376062712694e-5
SC_RS23175	1239.5362963677962	0.918143485145693	0.2564424417192551	2.0122023948071887e-4	3.1861671589667617e-4
SC_RS23180	2402.6466188585932	1.2445988673191026	0.25245424462225197	3.501541086394818e-7	7.216423692307262e-7
SC_RS23185	635.6635297968608	0.5906621687161234	0.2358410749668547	0.009896398314052106	0.013213116271558977
SC_RS23190	313.3159362500563	-0.569869318963517	0.1759683355832151	9.812390812170208e-4	0.001452651472574646
SC_RS23195	171.48625699897678	-0.7072101778543902	0.1910556508315416	1.583078602925394e-4	2.531689789193636e-4
SC_RS23200	48.512598574406105	-0.7917330301301067	0.3239537219984912	0.009905515658557722	0.013222895088016771
SC_RS23205	219.44779797501906	0.5642030475698862	0.23336788678767328	0.012868530962855911	0.01699973975637755
SC_RS23210	117.81356893176195	-1.0612791443909262	0.2260673004367257	1.3818648338356694e-6	2.696446489733852e-6
SC_RS23215	94.1387967021987	0.34415613154563074	0.22176088140089384	0.11164730706733407	0.13151553391605775
SC_RS23220	25.866360861841216	-0.12468872989733451	0.3346800535719991	0.6917836975636713	0.7164624980104651
SC_RS23225	75.91082351390737	-0.3904138602635172	0.26428068008735073	0.1259948895401004	0.14700732839694627
SC_RS23230	3177.653872870475	-1.1676462464522073	0.2090561627699711	8.733687159320603e-9	2.093019470680212e-8
SC_RS23235	36.243692386033935	0.3795921937432597	0.3134476811148107	0.2042620132518538	0.23209165214267535
SC_RS23240	16.24863709663286	1.5678126604178935	0.5453511076838132	0.0011760892868478876	0.0017251805055134917
SC_RS23245	54.381701062164694	-1.623077590241555	0.28945724400189066	6.191256216018709e-9	1.499320963445713e-8
SC_RS23250	262.24800666676515	2.289531027379775	0.2029256273994815	2.6931113755724174e-30	1.877032446452836e-29
SC_RS23255	16.425282714343663	1.1939765278504264	0.46203762191138664	0.00425607112730419	0.005919326384900244
SC_RS23260	395.1024198751786	-2.21866673542671	0.21047366337483442	8.256215439377866e-27	4.9376587712872983e-26
SC_RS23265	8.847498984673166	0.47579935537183526	0.5615869620942283	0.3161246086880783	0.34875865716126414
SC_RS23270	56.80691837447137	0.1393601304635457	0.2746342262413408	0.5998827230721888	0.6304924743349944
SC_RS23275	189.67112096022458	2.8969531943703566	0.2667732187619228	2.143202404122048e-28	1.379055368935077e-27
SC_RS23280	146.1330514388908	-0.1585831813384624	0.20116778636604335	0.4201261530768201	0.45385441734375503
SC_RS23285	41.09853603888231	-0.10212377352611483	0.30978740099240815	0.7279795393783816	0.7514033647775095
SC_RS23290	35.712651325525556	-0.192936189363631	0.3032306596710203	0.5041582568023861	0.5372345355001149
SC_RS23295	85.46898003963415	-1.4930483543753779	0.2584227141338108	2.7628556976262592e-9	6.903862390476461e-9
SC_RS23300	109.18273624981386	-0.962071937126961	0.22454675676529282	1.0810793711299081e-5	1.9251097036251975e-5
SC_RS23305	497.66878254180733	-1.398445607559094	0.21277281930564787	1.7441055494006594e-11	5.0814043150061095e-11
SC_RS23310	762.1876151772361	0.005192656620141797	0.2521067289242054	0.9849940574058329	0.9865995896917429
SC_RS23315	280.35835040744564	4.1260819383317555	0.28245442003961696	1.8371208400333604e-49	2.8281689090617955e-48
SC_RS23320	451.70956264299406	5.633680220667966	0.3175428196697873	4.134052905750723e-71	1.1815700049227068e-69
SC_RS23325	2400.6623882457698	3.2431554741299107	0.20819818939653464	1.1238885378511869e-55	2.1034401213488964e-54
SC_RS23330	1942.7846336309303	0.9159355561072183	0.20443276131465796	4.584611770844962e-6	8.48141675820641e-6
SC_RS23335	2437.400323140439	1.7103862184436978	0.21987645329059272	1.9874235825785114e-15	7.090111997065284e-15
SC_RS23340	1377.646136356577	-3.7116890540067553	0.22536016350819188	4.215475308137266e-62	9.594109543890186e-61
SC_RS23345	9743.711162991747	-1.3178738373536456	0.2048967303767745	6.009840906203052e-11	1.6921178633960025e-10
SC_RS23350	654.2558157436928	-1.9075454850875972	0.17982687030941547	6.471100406739331e-27	3.89216104398824e-26
SC_RS23355	97.69839695400105	-1.4153010395992818	0.2304307725784549	2.9648937343546365e-10	7.953119824347431e-10
SC_RS23360	1147.5488364000837	-1.6995572238597554	0.19906802959599693	3.603608516319157e-18	1.466501611442465e-17
SC_RS23365	697.6960357749638	-2.752034969096372	0.20325130697056468	9.801914064717362e-43	1.152780132587334e-41
SC_RS23370	778.9451182656852	1.3304705871346245	0.20364414455913	2.575680808363916e-11	7.424968835369631e-11
SC_RS23375	221.07072797734818	-0.03861479758312561	0.22174708821606165	0.8523355386992475	0.8672722867901547
SC_RS23380	311.8188708934097	4.1555627377571085	0.2991840361497631	1.2324746946643438e-44	1.5723647748191818e-43
SC_RS23385	840.7194720514053	-1.8637998514364844	0.19708961602107103	6.95477694753104e-22	3.3739819217824927e-21
SC_RS23390	13.22970660159664	1.0847688188480662	0.5556432634856405	0.023119776422044068	0.029644449893262554
SC_RS23395	43.26082148130964	1.7164013313567386	0.4487532163071995	3.4996884213434345e-5	5.933939392730855e-5
SC_RS23400	1254.9443475935082	0.12912205479288616	0.21622818802723573	0.5417455227210486	0.5746305357515841
SC_RS23405	209.6899370921768	0.49770380037122847	0.21824120071452568	0.019291883634416074	0.024931361710512464
SC_RS23410	1243.2872046772889	0.20271433375501985	0.17893722034827325	0.24959326241752014	0.27899055890052954
SC_RS23415	296.0699729125716	0.44756748384158196	0.21196917745414962	0.030594545491438262	0.038657330098332034
SC_RS23420	1877.7944566861765	0.6214001327368315	0.17588370171559023	3.2668544893541007e-4	5.069399201283068e-4
SC_RS23425	821.2377912671652	0.6344173619609113	0.22009592836744815	0.0030597473902772426	0.0043347890981564625
SC_RS23430	356.8487465652088	0.0013276321245380188	0.22265833335560456	0.9961853475693838	0.9967260180429629
SC_RS23435	230.78391240489412	1.092688534635723	0.23940423884186862	2.6584703064699454e-6	5.047260566403032e-6
SC_RS23440	1248.4971544632378	-0.40100817516115167	0.2147742440661198	0.05580373054135402	0.06821895043301468
SC_RS23445	2853.0517223722127	-0.2514354507779813	0.21016976269266907	0.21903767007381406	0.24746189353827255
SC_RS23450	4010.870842690167	0.3186165149467902	0.21963153996478305	0.13466206992215807	0.15652555227080606
SC_RS23455	15136.866590698299	-0.2035340664103759	0.20442076506732412	0.31913772336058993	0.35166192051120593
SC_RS23460	170.45276786311786	-0.9808864874531031	0.1862595261139688	8.156559553972829e-8	1.7868826545156163e-7
SC_RS23465	493.93299467051355	-0.07160326668125834	0.2004243858759397	0.7145430464063929	0.7384265998896916
SC_RS23470	1848.7576172734252	1.0114386553625407	0.19010043547450062	5.811412914085812e-8	1.2911527215567574e-7
SC_RS23475	890.9074893824804	0.042679848346757504	0.18808977305040375	0.8187451379926026	0.836904165172921
SC_RS23480	2464.180865197259	0.7695671434158815	0.1854617561159814	2.3810301260629362e-5	4.101311877969654e-5
SC_RS23485	466.38574596918	-0.6902178284901948	0.1586456622786511	1.025491074510735e-5	1.8292141227484663e-5
SC_RS23490	877.336099340389	-0.9364556138788558	0.17085208603778085	2.4971516625235208e-8	5.772412651864715e-8
SC_RS23495	4247.208650785823	0.6243680238962007	0.20403225920024318	0.0017771925940837268	0.00256810076205632
SC_RS23500	2234.41988123914	-1.4761744329139963	0.1845138353979063	4.545408509558503e-16	1.6692152564484263e-15
SC_RS23505	200.34298164771678	-1.432579884444849	0.18318605716579278	1.7916392749441185e-15	6.4071522858573865e-15
SC_RS23510	226.7821719197991	4.337765247425484	0.2563744825246094	3.1992454291130685e-65	7.89004541614708e-64
SC_RS23515	312.612262255993	6.040397485365132	0.3227711408581421	1.4483014043294024e-78	4.9443400720023206e-77
SC_RS23520	33.26756553391155	2.4611012085740542	0.4132985636957031	5.229772004977023e-10	1.3812442250967253e-9
SC_RS23525	188.04934074700847	-2.1244217431756063	0.19013602599164675	1.0069707430455943e-29	6.875372462239085e-29
SC_RS23530	47.42341364248338	-1.1915672560886252	0.3026990572367556	3.864994566594678e-5	6.523339421851489e-5
SC_RS23535	70.1802491212304	-1.592121147792742	0.2579156216947709	2.0831150599439097e-10	5.653621807886047e-10
SC_RS23540	27.923446984502487	0.4549260190310746	0.38061911515943436	0.19881519273161577	0.22631417585719893
SC_RS23545	73.9701596598352	-0.9459469380119726	0.26503189295839036	2.1350963417264562e-4	3.3720711980918586e-4
SC_RS23550	152.21760728950937	-1.1872708577442657	0.19945691332767412	1.2870786860261991e-9	3.298894066999372e-9
SC_RS23555	11.127486875595558	1.7341935087139868	0.6373966155257565	0.0014844407801249651	0.002159878909360989
SC_RS23560	52.87855290558143	-0.45185388106113555	0.27474375711865506	0.08728078205795776	0.1044140958623265
SC_RS23565	42.189952419613036	-0.7482522468481521	0.31853091723758886	0.0132557746895717	0.017495629597440793
SC_RS23570	5137.076970777671	-0.11253973147361335	0.20422145810620881	0.5752963602559801	0.606466813513595
SC_RS23575	195.81567561314628	-0.712960084780047	0.19328846935663552	1.6491888871097713e-4	2.635128678991864e-4
SC_RS23580	65.28857980934286	0.3453616793424508	0.23931975182571252	0.13748293692417274	0.15962827537062665
SC_RS23585	276.5991057276406	2.666652800573794	0.2448133728402006	1.752996332960914e-28	1.1349073713128866e-27
SC_RS23590	1918.9225605496993	1.4613016750461731	0.19979001622024636	9.264567157561224e-14	3.059423117772345e-13
SC_RS23595	1251.6814724938151	-1.3037953909265216	0.19769765912170228	1.549931151898532e-11	4.530000917201655e-11
SC_RS23600	374.840322791932	-2.450141860197227	0.18063889478842665	8.802876608582035e-43	1.0385985937869429e-41
SC_RS23605	104.10667404582028	-0.7476842767730696	0.21408102828461648	3.452151018866853e-4	5.343442823913554e-4
SC_RS23610	76.40294837422559	-0.5452439194818012	0.24014568836851047	0.01935641062872004	0.02501036831543395
SC_RS23615	614.2349213741483	-4.5297246760828935	0.22708420475791039	2.2910732497629505e-89	1.0760747862262417e-87
SC_RS23620	192.19369529124702	-4.50624888629314	0.24216021688892422	1.4632181054886888e-78	4.958621543694947e-77
SC_RS23625	126.25184071135017	-0.6553629226857058	0.20092020070192643	8.471809723378648e-4	0.001261278516054798
SC_RS23630	915.8957325130551	-1.3600157567754119	0.2662165764700256	1.2168958245158568e-7	2.6245656068967323e-7
SC_RS23635	378.6009125433709	0.29152339945661454	0.18969443400420505	0.11874558173530494	0.13912137269083868
SC_RS23640	27.513603042241286	0.1405718213928504	0.3698733168084764	0.6859041914414477	0.711272325648887
SC_RS23645	137.75611904045473	-0.8647937314520842	0.20564253812796673	1.66364463142085e-5	2.908419988643278e-5
SC_RS23650	1801.9913965934575	-1.0674539708256772	0.1899756042978485	1.0059057720636291e-8	2.3973979195853913e-8
SC_RS23655	809.7964324847281	0.8153504959339516	0.25812453321288636	0.0010506403578839786	0.0015491745648943127
SC_RS23660	3985.5128012504656	3.6812961226910677	0.22736343336292836	5.489763828533675e-60	1.1767883276630035e-58
SC_RS23665	79024.61921113433	-1.1120740599534595	0.26403024955776727	1.2346333583352432e-5	2.1837818144312986e-5
SC_RS23670	1217.0472272967645	-1.3822964600865213	0.21586626439039802	4.930828218773603e-11	1.3984587417398674e-10
SC_RS23675	340.36297436403186	-1.277625352426894	0.1564791092355247	1.3684114670248202e-16	5.145673716390119e-16
SC_RS23680	77.59625648047485	-1.0180253841623437	0.23925085200431892	1.1578379200484384e-5	2.056333531415507e-5
SC_RS23685	119.02175006739124	0.7308212399926911	0.2298832812070548	0.0010591513333560248	0.0015607877562284825
SC_RS23690	272.2459854754126	4.95557060058752	0.3065931664604887	1.0392597890097575e-59	2.18919525025082e-58
SC_RS23695	13.162268385952252	2.048300953000842	0.5904870835700315	1.0793418192093677e-4	1.7469417416263996e-4
SC_RS23700	196.28985437927042	0.5397535802331391	0.23691888923681062	0.018928302446452702	0.024487246007042496
SC_RS23705	53.104917437574585	1.048514652137433	0.34352487380349667	0.0011617275451624876	0.0017058102186436048
SC_RS23710	95.92906755225651	-1.3006732325155153	0.2501055791631535	7.644025650123129e-8	1.6780900608516806e-7
SC_RS23715	67.16442249350717	-1.4920359925311781	0.25495980238163696	1.6852965658453935e-9	4.27792663564335e-9
SC_RS23720	107.48135799786007	-0.9059995447075174	0.24219825830375072	1.1380924066659601e-4	1.838802236361698e-4
SC_RS23725	133.8919817665931	-0.407476885099867	0.20330011887279498	0.040430376384843175	0.05031790640706052
SC_RS23730	118.64969831117969	-1.0589337673958608	0.22681943323758466	1.553949095272369e-6	3.0202479252868867e-6
SC_RS23735	26.76956718412232	-0.9756659975808029	0.3413366360037446	0.002421400855128513	0.0034596802762483347
SC_RS23740	249.2543401792242	-1.222531421463122	0.1670324409932774	1.0928806471720405e-13	3.6025489013172227e-13
SC_RS23745	45.18059723412886	-0.543382240642243	0.27102149299251665	0.03723110180663385	0.04654045511478522
SC_RS23750	171.61561200462228	-2.5006383766421054	0.20203284763343654	5.513542077580285e-36	4.94008010693524e-35
SC_RS23755	269.44183231979633	0.2796397677761754	0.21379157259260992	0.1806669670629347	0.20677296525253458
SC_RS23760	180.547317603781	-1.8087134518809724	0.2066070361074671	4.692098868265482e-19	1.9726075857804825e-18
SC_RS23765	256.6758376161309	-1.8640298342992356	0.19663264872578878	6.849346440470284e-22	3.3272121641652092e-21
SC_RS23770	261.17581598745045	3.255246779231105	0.24874862644780385	4.1166156785089254e-40	4.361483335247819e-39
SC_RS23775	841.498874758904	-1.1288979992325505	0.14682606138505255	7.12377876839951e-15	2.4709659437564844e-14
SC_RS23785	662.554469870043	-1.0208867764094445	0.17470723276862488	2.7028358976946572e-9	6.763051207872549e-9
SC_RS23790	384.91017379507076	-0.7343949278260272	0.17882307016105697	2.8884744187725434e-5	4.937322754758631e-5
SC_RS23795	253.0976189528025	-1.7180287836716004	0.20577951568384922	1.6443938364866802e-17	6.487833146202664e-17
SC_RS23800	185.62323422262455	-2.358156341710151	0.2202739740397364	1.228404815311978e-27	7.644098825409727e-27
SC_RS23805	267.1506691531877	-1.2487162460203274	0.19174378022012656	3.057035274121451e-11	8.7851044861151906e-11
SC_RS23810	423.6999878120569	-2.251385182781202	0.1910905025557475	6.883869317964712e-33	5.423253456268353e-32
SC_RS23815	373.224625135196	-3.1752940471102646	0.19165959599875984	7.19709885215378e-63	1.6584814667431866e-61
SC_RS23820	711.884882602712	-2.6445160178476073	0.21924001981778687	1.9629550552825736e-34	1.628214913121901e-33
SC_RS23825	385.37612908338195	0.9284734136468576	0.19825191295754432	1.7130201542463479e-6	3.3093556765555593e-6
SC_RS23830	460.6559759319346	-2.407014684475237	0.17379675372692494	1.6277449053312327e-44	2.0659192653894164e-43
SC_RS23835	781.4709250416412	-1.79668564609949	0.15919232533672073	3.647853565033163e-30	2.518658444621212e-29
SC_RS23840	921.3957496300997	2.916319655923137	0.22807099272394757	2.434844380860246e-38	2.393938995261794e-37
SC_RS23845	192.71758263038728	-1.4514563720652196	0.19033503477048258	8.255423294515575e-15	2.853984593237593e-14
SC_RS23850	378.6302095339172	-2.793600996743912	0.22069912913653472	1.7534859257206797e-37	1.6619801049182894e-36
SC_RS23855	216.43565139413815	4.966437048253118	0.42003332605876215	8.282945101198175e-33	6.497706082578227e-32
SC_RS23860	867.5405817254459	-1.6849564640972887	0.23588731091657908	2.395139790664056e-13	7.699957639101635e-13
SC_RS23865	562.4808123057757	-1.1667305063465572	0.2331141337194937	2.510696295773521e-7	5.252162974477715e-7
SC_RS23870	89.74549126475785	-0.7199518236005354	0.22972007295119354	0.0012541903875151954	0.0018346359685651756
SC_RS23875	23.860841583720585	0.8188337830989537	0.44141565245599723	0.040469370193178825	0.05035793719279458
SC_RS23880	601.8277310484108	1.1867364779179308	0.21455789677192677	1.4772155506549694e-8	3.480187690265094e-8
SC_RS23885	46.27815874023872	-1.5792953981509623	0.28584300228177784	1.0605929593363523e-8	2.526102222915459e-8
SC_RS23890	32.30616160165252	0.956493845723725	0.3387110629179162	0.0028039876129750457	0.003985467358920198
SC_RS23895	38.20130664147409	0.03653069216654691	0.3562736642866991	0.9148129822439383	0.9238333238930158
SC_RS23900	628.5321261381608	-1.1534093911658478	0.1730848305572198	1.2468896382112238e-11	3.667556518615702e-11
SC_RS23905	286.15406430708384	4.307644912593762	0.43346083718660183	7.412587570164694e-24	3.8711346134840265e-23
SC_RS23910	1594.2562168565119	4.355978520087103	0.3058734309999474	4.0555128005231995e-47	5.718040418940358e-46
SC_RS23915	1725.360311395897	3.7919568635724823	0.2792108152787473	4.463757694002651e-43	5.326173015465299e-42
SC_RS23920	1786.5835871939157	6.502705780975507	0.4624071622410636	4.3171777017220995e-45	5.624535048144657e-44
SC_RS23925	16.050307929610824	1.171509447505715	0.4549098335346487	0.0044301576740734564	0.00614637491789608
SC_RS23930	2008.2462252099347	1.3835941949788964	0.22493939050692086	2.856191741145285e-10	7.66711244965611e-10
SC_RS23935	38.17756805754499	0.458830333471467	0.34679219950347795	0.16014025814977753	0.18456928158744287
SC_RS23940	290.2810806462173	0.3800375796541956	0.2097607048055431	0.06400469331641687	0.07761397936445617
SC_RS23945	37.851951014369675	1.4394622518340936	0.3594698395155653	2.3275428729970833e-5	4.0148072854925125e-5
SC_RS23950	26.630173179954497	0.18093292434714286	0.4040256378038588	0.6286851749053401	0.6581380578864251
SC_RS23955	205.26248098410233	-1.1551138225694622	0.1925171579653172	9.270753964833526e-10	2.40290122097302e-9
SC_RS23960	187.35891060038637	-1.5637498946192618	0.20488339872986736	6.908978564261989e-15	2.3997554372523742e-14
SC_RS23965	289.5248066072588	1.8328271322344831	0.24402364642128443	1.3845040749454374e-14	4.744113870189431e-14
SC_RS23970	153.92915448615167	1.9983391581062393	0.22906808081516894	5.892040805631191e-19	2.4658291090081954e-18
SC_RS23975	44.99753852437129	1.5672243074895396	0.3480094559384464	2.0217597503834774e-6	3.876369741217088e-6
SC_RS23980	46.780636851751076	-0.06760202791137071	0.2657500869968952	0.7908775701098598	0.8117944323482887
SC_RS23985	65.46059265508774	-0.8874368301783082	0.24657855902757791	1.9590308434787687e-4	3.1073119896348546e-4
SC_RS23990	103.9391722772432	-2.6530543452285205	0.24148085265711544	7.133930266616159e-29	4.696928730895317e-28
SC_RS23995	39.80007221527692	-1.7901655039743505	0.34929473016571067	7.61845565328683e-8	1.6729747464960417e-7
SC_RS24000	1568.8386187636818	0.08819438081501783	0.22368278793437232	0.6898429360256663	0.7148541048697671
SC_RS24005	384.6648445174558	1.1749069365458822	0.1776491569374467	1.741006590485591e-11	5.074380473612944e-11
SC_RS24010	43.124354256669484	3.8724101343458703	0.44723185380214825	1.1833103295775004e-18	4.896593922729792e-18
SC_RS24015	219.88033881698766	-1.5564902544725923	0.17402157014058747	1.1669837693986229e-19	5.064943093316919e-19
SC_RS24025	149.6138328029049	-1.8692009450000555	0.1955125616900053	2.696001350681774e-22	1.3315682491578969e-21
SC_RS24030	35.0123378535384	-0.5947644456110931	0.3284363524259491	0.05498774871437615	0.067333055300533
SC_RS24035	48.55681161980128	-1.0004225556564412	0.29384821243041687	3.738252967537779e-4	5.759690217848638e-4
SC_RS24040	243.14778996379417	-2.6433051863887136	0.17976823942357772	9.183559398348888e-50	1.425675094808941e-48
SC_RS24045	46.20003882036629	0.087568917394094975	0.28520309108995967	0.7500409023131084	0.7721535719259369
SC_RS24050	76.55349258596787	-0.310695020956867	0.28024201832192003	0.2462216661011138	0.2754723965755747
SC_RS24055	684.9092026064513	-1.6701178671767078	0.18678078706359233	1.0240508389081934e-19	4.460337203844665e-19
SC_RS24060	12.263211586597514	1.6498979162850416	0.5684592979305724	0.0010105472029495362	0.001492907914865384
SC_RS24065	27.676998782412923	2.9500608912948794	0.47462183547609726	7.975936391348067e-11	2.226980497909907e-10
SC_RS24070	30.613481216910372	2.4374570998094662	0.466728238132023	2.7570378461721808e-8	6.335430687963122e-8
SC_RS24075	35.96621379152876	3.0354557927966166	0.4430063219250576	1.0377415535137052e-12	3.2370161656556945e-12
SC_RS24080	28.07366682781473	2.4034447934767464	0.45215435777063284	1.898528025847703e-8	4.435914341762029e-8
SC_RS24085	33.5532939827842	1.953218940179695	0.3972212247628253	2.0420025329603855e-7	4.317008795312466e-7
SC_RS24090	12.228797508221229	2.007910200692774	0.5882305016037556	1.3987101367305134e-4	2.2460994225284857e-4
SC_RS24095	52.15978007230122	-1.6116680765838485	0.294586295995882	1.4155860065299647e-8	3.341399235644033e-8
SC_RS24100	46.754696257606845	-0.7536003105354198	0.30113848464406867	0.008737698011945193	0.011738346718907607
SC_RS24105	261.37980992905386	-0.8667075310688682	0.19663572650142572	6.627009928601911e-6	1.2080981758593446e-5
SC_RS24110	197.97643320958161	-0.5635586965309941	0.17906976589078388	0.0013545757301739157	0.0019775572033859544
SC_RS24115	141.5493199687461	-1.2748410692550014	0.2186968034071374	2.4318387544107675e-9	6.101523979253147e-9
SC_RS24120	338.51415026926475	0.6798749343001974	0.17920364518971216	1.1320608325295604e-4	1.8294579397486256e-4
SC_RS24125	62.093562727791905	0.7708327564885628	0.26931725390724887	0.0029643066368631255	0.004206041397003788
SC_RS24130	68.57206894544919	0.6176812549965852	0.25354636285384646	0.011716198412303614	0.01553591927572862
SC_RS24135	41.157804777778864	0.15062013185556541	0.3083633200550962	0.6106594763341324	0.640905633146583
SC_RS24140	1291.3040677783506	-0.3900044131716828	0.20039082325718746	0.046636717484224356	0.057643170420494536
SC_RS24145	216.45976468203904	0.3831830678774843	0.18665824176638207	0.03659418504747414	0.045783087977616946
SC_RS24150	295.3303537833917	-1.1354573250521975	0.1772519413273551	7.116564830123256e-11	1.9968625973108407e-10
SC_RS24155	422.7819515308887	-1.5128173180434978	0.1761586342242368	2.785103421041715e-18	1.1384341810843464e-17
SC_RS24160	39.53461023789542	5.217180085607606	0.7397108396976233	1.6470772686975925e-12	5.086075284495832e-12
SC_RS24165	590.2228795472383	6.442706144846205	0.30627618249012456	1.5283912623706676e-98	8.944727911683574e-97
SC_RS24170	889.8330213464471	-0.18617065342228908	0.19798304980352424	0.3352527622301181	0.3679347921840885
SC_RS24175	806.7592283256913	3.90803944032581	0.23765616206605247	1.949330206925812e-61	4.3296267909249816e-60
SC_RS24180	478.9078888418627	-0.8421558996369334	0.19656745396926814	1.1827699788813336e-5	2.0980865586410764e-5
SC_RS24185	381.3285569399145	-1.787777646564092	0.20276327963943774	2.665924143197803e-19	1.1369881221480972e-18
SC_RS24190	30.404014607574922	-0.13176861943860865	0.3493770412663474	0.687132396228709	0.7124457662810041
SC_RS24195	22.874808711819078	0.738200388702463	0.4297902162884465	0.05892189894070339	0.07178094875082551
SC_RS24200	11.826863672824553	2.2923481053095887	0.6419542757221081	6.815603666433653e-5	1.1215858387922731e-4
SC_RS24205	65.53868832018526	-1.033000034865822	0.2920488352422118	2.217595366341099e-4	3.497123231693598e-4
SC_RS24210	753.0288634590828	1.252689422687257	0.20166980315264665	2.3595833618538467e-10	6.368802236570375e-10
SC_RS24215	1922.2332593259769	2.1556945316131237	0.2127173213417744	7.7930293070036105e-25	4.234767731012868e-24
SC_RS24220	42.253682936325646	-0.6833895641092469	0.2905199437128894	0.01387393806453883	0.018265741704679404
SC_RS24225	400.6685107609158	1.937628112515823	0.20989240049595848	5.5572971558481344e-21	2.5936398245078572e-20
SC_RS24230	1600.401615615584	3.6011037106168367	0.2311736384174673	8.792011737361668e-56	1.6538850650843097e-54
SC_RS24235	92.13123176890109	0.5416712433422386	0.24507838124936415	0.02272506603907054	0.02916370291891858
SC_RS24240	22.821524907403674	3.3161693427359134	0.5551387317387151	3.4548415873462816e-10	9.230435458366478e-10
SC_RS24245	118.42684775681548	-1.604726095266157	0.21162401855479637	1.0311461719777175e-14	3.551458137395464e-14
SC_RS24250	75.73955479270042	1.173392252294936	0.2989800988738236	4.14757944590791e-5	6.960457631799029e-5
SC_RS24255	103.87527606341278	-1.347914451647808	0.20917265593803136	4.7446201528394716e-11	1.3482400388068694e-10
SC_RS24260	53.44932180979884	0.15636915809766205	0.2758270137187596	0.557740062972961	0.5897297425240342
SC_RS24265	49.75467122991074	0.5753926194216737	0.2878721649614105	0.03673514180667242	0.045951643033486415
SC_RS24270	207.14437108290358	-1.8617345210825849	0.1945995678962637	2.4649607399786427e-22	1.219907415879363e-21
SC_RS24275	51.23248962486296	-0.6893357703151753	0.2733632313282335	0.008718788869298793	0.011717213253546436
SC_RS24280	963.8316681474821	-1.9818475321878186	0.15358657825086355	7.823722272021413e-39	7.83860435243015e-38
SC_RS24285	215.9819078421741	-1.9081376245407142	0.2527764971329603	8.827672495189273e-15	3.0461046784990966e-14
SC_RS24290	1328.515794474646	3.6691562468297056	0.2671728152430765	6.046515285368695e-44	7.456020688011498e-43
SC_RS24295	611.6654832777685	-0.8039981802113503	0.16525225536844887	7.756668965896551e-7	1.5492328535894142e-6
SC_RS24300	133.13820244291924	1.358840538474485	0.3153138186238833	6.0865200967914576e-6	1.1153578328464267e-5
SC_RS24305	707.6335757477515	2.8442661345497124	0.24623841228432922	1.1160142985122434e-31	8.28750195088548e-31
SC_RS24310	789.691861284482	-1.2310148580671778	0.16944207671153216	1.6184694527609922e-13	5.271463668135847e-13
SC_RS24315	458.12708325662555	-1.9219775029593749	0.1644791752030881	3.02495583835395e-32	2.299590139383714e-31
SC_RS24320	209.23882287039228	-1.2103703926887632	0.18934280133056058	7.448776028897607e-11	2.0861099292476626e-10
SC_RS24325	51.07080898449155	0.06646271462022527	0.2872628591712965	0.8111477357745007	0.829943583127677
SC_RS24330	19.940228037240573	0.06220058895324549	0.3890587336128233	0.8650294146906222	0.8786125212022932
SC_RS24335	84.04152601255802	-0.637908045599811	0.25215872590352556	0.008899724601618893	0.011940787702390415
SC_RS24340	86.48353536473704	-0.7678254876748226	0.2406905886331546	0.001016765436550745	0.001501327258535281
SC_RS24345	256.1300436324594	0.4013535647400855	0.24876740488958396	0.096163698557186	0.11440966653125031
SC_RS24350	32.62371525331858	1.1033534002534906	0.4198072778894847	0.004166428611939248	0.005801216877726589
SC_RS24355	1361.234711880868	-1.5283097883515893	0.1696037712386083	6.954975893452708e-20	3.052737633233349e-19
SC_RS24360	2330.3641378446237	-1.8449897203858077	0.20355647339321048	2.929011355152289e-20	1.3141916725270476e-19
SC_RS24365	1099.3078273808978	2.9365612141857085	0.22469944753592477	5.776846623426386e-40	6.076814122845389e-39
SC_RS24370	1131.2665610094546	3.1682956782574485	0.20626473459684813	3.0132167432084164e-54	5.380014591868974e-53
SC_RS24375	4871.033920551359	4.508849314846114	0.2266396415284708	4.1407853289405784e-89	1.9203868563275362e-87
SC_RS24380	301.52772567030036	-0.18861491145658543	0.17862314166813192	0.2826295745594556	0.3135886973820983
SC_RS24385	416.2037397482609	0.08188843200930253	0.21812425145795794	0.7036956761210978	0.7280836138230637
SC_RS24390	89.32953808783982	-1.0821886385947843	0.23435994898198223	2.059167235594736e-6	3.944998491887655e-6
SC_RS24395	21.845091933636596	3.2523164282056616	0.5838140265551481	3.4036588502929558e-9	8.436497600692522e-9
SC_RS24400	163.90536948087825	-0.8656056115440547	0.19899658690100588	8.61069265445064e-6	1.5490423916545258e-5
SC_RS24405	88.52669907200652	-2.291852706021846	0.23716845499690903	7.198676897020598e-23	3.6135495873812045e-22
SC_RS24410	112.40335778701265	-2.3584773247262216	0.23393370338480884	1.6336060915357975e-24	8.710203412136639e-24
SC_RS24415	20.983865769739868	0.0347377461099405	0.3826463995970631	0.9243105729242256	0.9317657094659247
SC_RS24420	40.23892047002593	1.1919014323667052	0.39119674071183064	0.0010240244997448181	0.0015111380150326776
SC_RS24425	126.0746269606829	0.6848437458719406	0.2174148028259095	0.0012346715845128853	0.0018071592425958744
SC_RS24430	132.68878775473883	0.18276779687333677	0.22084854134667184	0.3967740438804644	0.4305830462950029
SC_RS24435	108.55589646210586	-1.659550108408751	0.2233491084648794	3.133690258758687e-14	1.0517902579921055e-13
SC_RS24445	57.21486220021317	0.47091137993336757	0.30945818002225434	0.11063047433488404	0.13046363629384852
SC_RS24450	38.206734846135674	1.1283735674989772	0.34694312699966173	5.662978083127882e-4	8.558885096328141e-4
SC_RS24455	25.998855045465827	-0.7190019750541595	0.3462506141586737	0.027121715396433325	0.034452287568182485
SC_RS24460	212.95092443300612	-1.9858806230825965	0.1764236672458746	4.8514162451352885e-30	3.3371588984727254e-29
SC_RS24465	17.78726218023904	1.3593915216144776	0.4592965541272061	0.0011587428625093772	0.0017017665541016027
SC_RS24470	36.201349032052484	-0.36790878088551027	0.3084878772521931	0.20984880495629532	0.23799216975510945
SC_RS24475	111.84564801487662	-1.4173191646594592	0.2638701453906768	2.992484156656658e-8	6.852974587324905e-8
SC_RS24480	12.252355587374074	-0.5001567087614324	0.4586500999140923	0.22181291623000585	0.25032880996021784
SC_RS24485	130.70227830527855	-0.9529930845932677	0.2098128326610451	3.270602592799584e-6	6.155544542956644e-6
SC_RS24490	36.89210730893914	-0.1387133287361081	0.3493993787597557	0.6713161063491127	0.6982066245724058
SC_RS24495	65.0260832212545	-0.7554288734881714	0.2856956590800969	0.005563734203008154	0.007638610317069843
SC_RS24500	408.40728346035735	0.17600232593436085	0.21989767049791767	0.4133314407816244	0.4471693140146271
SC_RS24505	850.9082063622229	-2.1273287859755174	0.19022371464626997	4.739491181688359e-30	3.263212695963582e-29
SC_RS24510	386.8213024667425	-1.8915333050213554	0.1770103444662065	2.3899681486096468e-27	1.4601180719012043e-26
SC_RS24515	1791.1410387578703	-2.695092296921322	0.23674115771068968	5.90072032759867e-31	4.249210126534433e-30
SC_RS24520	403.05914733271624	-1.9735033029133398	0.2110532472350446	1.3972307599598295e-21	6.68169884821257e-21
SC_RS24525	231.98160802299742	-1.0125553895930643	0.2558211856519175	4.07269770044624e-5	6.843774879472486e-5
SC_RS24530	1079.1218901155635	-1.1059019442101055	0.20665153263461666	4.343145716026074e-8	9.805987908749623e-8
SC_RS24535	997.5304842922362	-1.0461984662305897	0.21494043811295685	6.183465569815155e-7	1.246838258458216e-6
SC_RS24540	40.03742593878138	1.587422437929599	0.34703306608696816	1.5522350050076343e-6	3.0177118183301597e-6
SC_RS24545	31.264027897070655	0.36644889984089096	0.35014050961040505	0.2661968057678574	0.2965606958350477
SC_RS24550	18.287098041813326	1.4641078584936738	0.44984712141571725	3.8652938669169075e-4	5.946447546470258e-4
SC_RS24555	17.023880500413387	1.8381969012533745	0.5401016728745284	1.5515538265888147e-4	2.482890173017778e-4
SC_RS24560	66.09188549695945	-0.9770784326402926	0.25070928974186163	5.706565642350284e-5	9.451980019472371e-5
SC_RS24565	192.11962431015692	-0.42643270170027747	0.18980530057593084	0.021952168770014976	0.028211100123752254
SC_RS24570	108.75153029991715	-1.5075098996904757	0.23805873859076895	8.666932543094965e-11	2.4134066873826274e-10
SC_RS24575	14.156586148228493	1.2516737231352666	0.5456593433619401	0.008579165959987235	0.011533777536726686
SC_RS24580	11.12698494033772	0.13799619246313927	0.47956832381116277	0.7482658249655755	0.7707378395440918
SC_RS24585	71.4453049473814	-0.5513474032597686	0.24214722900686558	0.018982377303159038	0.024548588255611143
SC_RS24590	13.622133870744491	0.834554724156555	0.50344490988659	0.05926154977679817	0.0721708782913476
SC_RS24595	241.33241139678634	-1.5375899417148016	0.1972054229344429	2.0082154711192108e-15	7.160822477772272e-15
SC_RS24600	523.6303750443932	0.11204979249437828	0.17458691516933403	0.5138265505314071	0.5469838290195751
SC_RS24605	394.1271859382133	-0.5724812002229268	0.20049850690696067	0.0034866911513956743	0.0048963741288119795
SC_RS24610	530.2318254055087	-1.8269971999526913	0.171638505394588	3.6637062388008195e-27	2.2144401479440366e-26
SC_RS24615	258.9858915274135	-1.5371158704915788	0.22613524025272277	3.194231280603048e-12	9.71309751058428e-12
SC_RS24620	263.8468922518972	-2.0282105274369777	0.19922848234092708	4.1340688275532826e-25	2.27497190555059e-24
SC_RS24625	180.39510662056173	-2.1628423707546798	0.2595146683387745	1.1534089577079712e-17	4.589982544057517e-17
SC_RS24630	821.5952468948417	-1.964639778764751	0.19629319703702258	2.864993580210331e-24	1.5166161278155768e-23
SC_RS24635	49.41162576969076	-1.686804194832741	0.3385315405619178	1.8628268149243995e-7	3.9540831701935873e-7
SC_RS24640	218.58675565252423	0.19209567148685394	0.2195158460730591	0.37010239688338625	0.40347946106121974
SC_RS24645	492.6980877618006	-1.8188728755264085	0.21786240779606417	1.5082693752059394e-17	5.96992934662834e-17
SC_RS24650	46.1853533249301	-2.019148583253689	0.3913254995169688	5.816442529598287e-8	1.2918809401583666e-7
SC_RS24655	2830.6625635647792	-2.839820049596285	0.21010163267845952	1.3347204963165863e-42	1.55731470567065e-41
SC_RS24660	647.4500320958606	-2.611242675539815	0.20180592901171548	3.1575479771414796e-39	3.2383530992268804e-38
SC_RS24665	36.39328549931282	-0.6131641019463909	0.29895027784355444	0.03160592532525901	0.03986693351838179
SC_RS24670	23.92046740365286	1.0491861961133635	0.4444890520748866	0.009267183108090958	0.012417991684365387
SC_RS24675	42.54251234583689	0.035385387498226666	0.28572850019372725	0.9001583522070877	0.9104056630332005
SC_RS24680	57.36060523751124	0.3871362627360266	0.33916469060923504	0.2275570146654435	0.2562326518548352
SC_RS24685	134.8544308355087	-2.354558774638134	0.2385953216347045	1.1965113339215447e-23	6.204693794892737e-23
SC_RS24690	25882.99443373166	-1.2953263022944024	0.24460708976778267	3.581688782780593e-8	8.166659219495164e-8
SC_RS24695	676.172372607872	-0.3961959577494347	0.21501263387785108	0.05853537817339155	0.07135722907101824
SC_RS24700	559.0324566616283	-1.3964824287781767	0.1712932442589176	1.2809303610003714e-16	4.8240962625213175e-16
SC_RS24705	1578.6863769097326	-1.7081722979685463	0.15770408296961685	6.390542813863226e-28	4.010541507185313e-27
SC_RS24710	1525.5439726113766	-0.5697660584059518	0.21900704412289768	0.007496148424411593	0.010161139426766743
SC_RS24715	177.06269020494437	-0.5824104359549582	0.19516001907449596	0.00230686220319963	0.0032992245706737924
SC_RS24720	190.2336072891859	-0.2169796558105721	0.20303736704624767	0.2741523615184248	0.3047102977194608
SC_RS24725	166.89583038826638	-0.06090458027107807	0.21732410629770577	0.7730533247212034	0.7941620530083803
SC_RS24730	476.00281244774186	0.2643782406284044	0.19839770828126815	0.17425557713887677	0.19996274911641412
SC_RS24735	108.84995434315259	-0.03709251927051956	0.23571105791819782	0.8706864276415293	0.8837497202241757
SC_RS24740	26.414588249329327	-0.10641276455858106	0.3668300007949236	0.7534020361137379	0.7753784527987024
SC_RS24745	97.19461909999661	-1.3441499281025704	0.22812701167428848	1.6131348364974948e-9	4.098985625200733e-9
SC_RS24750	39.675880595811094	-0.5910986436237743	0.3451080934495017	0.06826385092359886	0.08248035993947533
SC_RS24760	27.516116900791527	0.509701807044226	0.4297814198152425	0.1925496808682503	0.21952092559098293
SC_RS24765	22.161850177391905	1.0468766548048996	0.3837690429919136	0.0033551144642525676	0.004720590356687356
SC_RS24770	57.69078811007595	-0.18213805925933516	0.2619740839074911	0.4714878757245167	0.5048281683741231
SC_RS24775	376.466737310542	-2.9102089969587075	0.17721405614320013	1.4824032392230245e-61	3.312497420009267e-60
SC_RS24780	123.98093438874425	-2.4140634033828805	0.2252885868380183	1.6193236919965823e-27	9.984024167878594e-27
SC_RS24785	178.55402351640208	-1.9532937288358954	0.18991820168473203	1.989023711200693e-25	1.109459973252187e-24
SC_RS24790	271.521009413568	-2.412690401665368	0.1818904855023752	4.814521499404631e-41	5.283077609614546e-40
SC_RS24795	401.08313381679903	-2.040840197394173	0.20888090976808502	2.7055673760546397e-23	1.3787735888753915e-22
SC_RS24800	135.25628123202563	-1.8679341337912687	0.2324172116753212	1.9014038484872608e-16	7.092034384797704e-16
SC_RS24805	146.8313296941269	-2.579906808546296	0.20664107516115146	1.0593096594260397e-36	9.751996789772307e-36
SC_RS24810	76.6432189730726	-2.1974204278745466	0.24556930675265437	6.676592776665083e-20	2.9375414758429783e-19
SC_RS24815	33.96193771300548	-1.038275340705891	0.34670860126014325	0.0014834883915442838	0.002158919163064446
SC_RS24820	92.37500645335756	-1.4925331981805847	0.23565721468306203	7.720755650688106e-11	2.1590008406588584e-10
SC_RS24825	530.0613873677333	-1.6795543820772652	0.214696159467001	1.3434291002795823e-15	4.841860305699726e-15
SC_RS24830	282.03055042446306	-1.7874773774823496	0.16672569137390278	1.5699470534995964e-27	9.695803662065347e-27
SC_RS24835	48.831499208382375	-0.952062181701584	0.2909074194140153	6.308504489878971e-4	9.491718446922573e-4
SC_RS24840	55.91825117245058	-1.1626314451432644	0.2755044578538402	1.1957342984078587e-5	2.120063649064571e-5
SC_RS24845	155.01141821062222	-1.404994501995296	0.21944918325752646	5.187170185420717e-11	1.46721108351716e-10
SC_RS24850	192.77786229844168	-2.4361840669389796	0.2241910374894292	1.8238971678755622e-28	1.17977348385214e-27
SC_RS24855	95.24324386661883	-2.0583868757906356	0.24987408467058897	3.4213125252811336e-17	1.329929286316451e-16
SC_RS24860	241.29530457456337	-1.7190255706471465	0.18033379501295932	4.264575483148384e-22	2.0881128560913804e-21
SC_RS24865	37.48219409805555	-1.599385814572586	0.3625054656870282	3.1394193474031165e-6	5.92243525550569e-6
SC_RS24870	274.5037777131386	-1.8293211053891134	0.19869238007279694	7.185507360807386e-21	3.3408531701509246e-20
SC_RS24875	93.6603026429936	0.9409859391187874	0.2668162007001478	2.4992367981062244e-4	3.921062372458338e-4
SC_RS24880	622.8204820260648	0.8680126200705194	0.20631671066912122	1.672945300303907e-5	2.9232935176400498e-5
SC_RS24885	282.49331479552234	-1.354904022040462	0.20984756688668918	3.8274646438953254e-11	1.0939428017086872e-10
SC_RS24890	340.2802650893474	-2.0047582840700198	0.1718128637847578	3.5340807521758937e-32	2.6811020027309713e-31
SC_RS24895	972.1778473420098	-2.3559981785930963	0.15841047400198116	8.478819181317422e-51	1.350384722311764e-49
SC_RS24900	48.38064238731807	-1.4216718291059327	0.2862359475052683	2.5414087757662316e-7	5.310384900113401e-7
SC_RS24905	903.9555762842793	-1.6854361562127398	0.20738469105346577	1.1532780440123001e-16	4.3522376133811163e-16
SC_RS24910	172.15289561971335	-1.7646085183398776	0.1988780339295646	1.7420080686284619e-19	7.498871861101154e-19
SC_RS24915	34.79020199502456	1.8384450310834746	0.38503307025054256	4.541390616597374e-7	9.276513686091145e-7
SC_RS24925	33.107265759510604	3.637329008281492	0.4734523025250735	2.3374975303644942e-15	8.294854085133677e-15
SC_RS24930	17.0614116567473	2.3994643890212086	0.5464941316500742	1.8302341278962264e-6	3.5265603499103142e-6
SC_RS24935	674.2227920227256	-1.7354041556514235	0.21570313937444496	2.1807493411712989e-16	8.121639213028868e-16
SC_RS24940	80.20416888904637	0.27394664538441366	0.2337857990151302	0.22843143025231258	0.2570507197742336
SC_RS24945	132.46416466890048	2.251393692880444	0.263353195576224	2.3599022514503078e-18	9.678486764290639e-18
SC_RS24950	960.3732220136452	-1.3688870306498657	0.19537322558740594	9.180401981249654e-13	2.8684866190565656e-12
SC_RS24955	228.3371625588559	-2.2147729653939328	0.1890287077344249	1.6029279796831522e-32	1.2364731761034743e-31
SC_RS24960	2489.3428691519143	-2.194482760231161	0.21100913862678278	4.340429352444509e-26	2.508332762141521e-25
SC_RS24965	189.62711417050937	5.923601720904789	0.38778293101089917	4.435094373368345e-53	7.641211661032284e-52
SC_RS24970	279.5121976238561	6.180418496506828	0.3520757560559505	1.0859922952876112e-69	2.9992910806932005e-68
SC_RS24975	255.8574542035645	5.4350839993175715	0.32173463154921605	3.719214766614424e-65	9.141829896338254e-64
SC_RS24980	532.6585142278769	4.877589587332646	0.24677350785287067	3.509631646058451e-88	1.5877315188978539e-86
SC_RS24985	329.57605235818096	3.1652286556664118	0.23396725213993105	1.1672010517590937e-42	1.364015935922592e-41
SC_RS24990	773.2780432143304	1.6854618752180084	0.19168765883156252	4.057917562087587e-19	1.711846916638093e-18
SC_RS24995	891.2638731898851	6.28838943204214	0.27884225561520615	1.918696228621052e-113	1.725422681689224e-111
SC_RS25000	492.1233843110944	6.172570878032816	0.30835743337697913	5.018217951186528e-90	2.4185842596110755e-88
SC_RS25005	322.18624620373697	4.358069058085992	0.25222828214053317	9.492491854622465e-68	2.526990430902024e-66
SC_RS25010	343.1516516691676	4.638138815732228	0.29204090206238537	3.572325232269108e-58	7.217075688425315e-57
SC_RS25015	91.7641376790896	5.613308304084291	0.46753560311804654	2.7230253671526308e-33	2.1637488208387393e-32
SC_RS25020	847.2823711294994	5.477624597084223	0.2613346256251839	6.41393781214623e-99	3.81422398602954e-97
SC_RS25025	610.1842426636911	5.405438766675725	0.2689810578327294	7.147178114195797e-91	3.537133651951665e-89
SC_RS25030	616.1061382024632	5.394179515746542	0.25637326428520807	3.5738970912914184e-99	2.1601571435395836e-97
SC_RS25035	150.95202019756763	0.7349411729751335	0.20620830570762447	2.680807090577534e-4	4.197976531305741e-4
SC_RS25040	822.0373691170132	-0.952578776417979	0.1617197942382572	2.2540275926035424e-9	5.666961973357832e-9
SC_RS25045	46.253920319769016	-0.8608283661239821	0.29081436542716355	0.0019796864161561296	0.002851212428268613
SC_RS25050	180.626506992537	0.39076681081507847	0.21380556737760634	0.0611337565509823	0.07434042229665953
SC_RS25055	620.9547056995092	0.3907137863471527	0.21646757710565376	0.0644633143243506	0.07813157130633816
SC_RS25060	980.8637506717057	1.6897819233300753	0.20930362227353366	1.8754053967698713e-16	7.002146529509384e-16
SC_RS25065	39.146995138795475	0.6137278973193621	0.3360681514376745	0.05300441804080239	0.0650124049622217
SC_RS25070	932.3950960956544	-2.5512922611800186	0.17680282991142132	3.764425115983234e-48	5.551774161052073e-47
SC_RS25075	3237.572098995994	2.2244076079876947	0.20515928555903054	3.7844389059059456e-28	2.4015879941609674e-27
SC_RS25080	967.9468571033262	1.770761911804601	0.21409651085732254	3.324133108580107e-17	1.2942005038368378e-16
SC_RS25085	358.6862958025397	0.33092280084784265	0.19588175467257482	0.0850161051359518	0.10185357583631334
SC_RS25090	533.6761057517068	-2.0821529289009715	0.1947036039785361	2.4590835248854296e-27	1.5010994960683076e-26
SC_RS25095	632.5906980323252	-0.944552015139606	0.2215323579909351	1.3277946360172236e-5	2.338466120370434e-5
SC_RS25100	56.11011383464643	0.2569462862851439	0.2721857829892948	0.3284259724208198	0.36092594942341655
SC_RS25105	145.6922283210697	-0.21425666614002753	0.2086043729012861	0.292502215222585	0.32395784545679507
SC_RS25110	120.56132806100476	-1.663274186676991	0.23995393062047451	1.1521298109512016e-12	3.5817054072319398e-12
SC_RS25115	373.1266968622174	-0.707790969812727	0.20285384871958406	3.536079144450566e-4	5.464175945343352e-4
SC_RS25120	102.15678448743955	0.6698367552846115	0.2518753070076124	0.005964012948171934	0.008168393662670847
SC_RS25125	245.80266007984832	1.4870467818386162	0.22174640562944223	6.610752367712486e-12	1.9735906056482538e-11
SC_RS25130	2225.4550132525997	1.1142625976483875	0.21645161362452536	1.350002083864298e-7	2.8997714437562864e-7
SC_RS25135	221.9089857469249	-0.6625531805083731	0.1836821983667068	2.3618719613453353e-4	3.714319437611538e-4
SC_RS25140	132.8379364903166	-0.2419992819639835	0.22843747394552802	0.2760934524881072	0.30665960515850316
SC_RS25145	110.22914376335753	0.282796744912072	0.20753358367272864	0.16426146999707952	0.18890581406089588
SC_RS25150	46.865834679264346	-1.4607398527028956	0.32310781043856596	2.233826583791653e-6	4.261898377459159e-6
SC_RS25155	130.8942029196528	-1.895890372696203	0.23517773180605359	1.69643588289387e-16	6.350009238811877e-16
SC_RS25160	285.0635976429708	-2.4914203808687203	0.18054841716679138	3.9666080072151157e-44	4.932507157707296e-43
SC_RS25165	140.65765694510895	-1.5196242912882822	0.1963732816214692	3.4520623283290805e-15	1.2150600290739207e-14
SC_RS25170	95.71673193917518	-1.7024144633802234	0.25568414520857224	7.529604534633555e-12	2.23974602010439e-11
SC_RS25175	77.95072574364119	-1.5504308215368685	0.2427039349664343	5.4138077124735206e-11	1.5283850716607864e-10
SC_RS25180	41.39442816118063	-1.1446971632182557	0.3409566266081123	3.698315508976105e-4	5.701730830689902e-4
SC_RS25185	208.1205567581836	-1.7296223472838947	0.22665322606328028	6.991098730741954e-15	2.4271356892886613e-14
SC_RS25190	254.4120631437947	-2.121401637368431	0.20993296721473365	1.1751505759246916e-24	6.31140593362613e-24
SC_RS25195	107.90801748128409	-0.44319609684885386	0.22520874953627051	0.04333712757125351	0.05370890398494511
SC_RS25200	355.1643226748983	-1.0129782412815211	0.23353836720279503	8.253408380132164e-6	1.4886321965013786e-5
SC_RS25205	98.00870380380275	0.40393642729780516	0.2583455621013366	0.10523139207807289	0.12435231689836616
SC_RS25210	214.77070012475502	-1.5087652999402554	0.1973695175323396	6.5781639117021036e-15	2.2880839945703448e-14
SC_RS25215	731.4258626301423	-0.7805968119026799	0.18379769776134178	1.507691834118428e-5	2.6439285576193314e-5
SC_RS25220	447.6559559420562	-1.604494272576106	0.22552871182750453	3.1417227716268256e-13	1.0033375365082812e-12
SC_RS25225	1251.2368784891773	-1.7399930554556682	0.20842968522772945	1.6199535113129455e-17	6.398252379443847e-17
SC_RS25230	23.10116815393077	-1.28800287245263	0.45248445483089433	0.0017625609335133212	0.002549955723705558
SC_RS25235	24.836521433158275	2.976228762961148	0.4916762054438708	2.0931645714971018e-10	5.678163733292075e-10
SC_RS25245	23.952964704168867	3.373817176168625	0.5955114459978963	1.7315984858260845e-9	4.389414656061033e-9
SC_RS25250	11.255328845084993	2.671024051262454	0.6341785092823345	4.084547574167542e-6	7.594415988883372e-6
SC_RS25255	9.970960059299014	2.741058429253654	0.7135900081212624	2.106554948356452e-5	3.648129682757275e-5
SC_RS25260	39.363395501083545	1.7964622031152184	0.3666946248268862	2.6107800270902816e-7	5.450705526546925e-7
SC_RS25265	9.56800899335499	2.821751564842828	0.7443906756335873	2.2513491344465524e-5	3.886106862689344e-5
SC_RS25270	10.004704685858325	2.4798686152482943	0.6710656387305249	3.6068650858544795e-5	6.101634123214254e-5
SC_RS25275	30.427761036080483	-0.21725972421577291	0.31122027357870347	0.46255569078152	0.496056670131316
SC_RS25280	8.265320673220693	0.5353569173826637	0.5304389257172003	0.2416192444723046	0.27081912674387626
SC_RS25285	14.560734716022255	1.0077383659234893	0.5086580994477551	0.024401656479995804	0.031168857592844112
SC_RS25290	8.396067136545332	0.4361022895557876	0.5698985984793461	0.36255716773662083	0.3956046988591065
SC_RS25300	471.871040435577	-2.540287549502825	0.1672815040331523	5.0607012047249475e-53	8.698743749100645e-52
SC_RS25305	254.7408226555521	-2.352652571475068	0.19928276306183365	6.206629161431765e-33	4.8949394049623354e-32
SC_RS25310	74.13906188076933	-0.8227680052283926	0.24334452684185567	4.8013232906271076e-4	7.30752485966652e-4
SC_RS25315	560.2965485213874	-1.4443990047020616	0.15815655447601434	2.3671104480312805e-20	1.066935968446373e-19
SC_RS25320	368.71205607411395	2.1274408484398912	0.17297696205072208	1.7874421465229794e-35	1.557990353245916e-34
SC_RS25325	64.9676124422883	-0.40469036397374736	0.257648026277808	0.10313001899842791	0.12212634657048457
SC_RS25330	321.2999253281987	-1.0213989829329997	0.2120828612256519	7.779503042026362e-7	1.55337274389121e-6
SC_RS25335	78.4731937073748	1.0198813999824792	0.2619638505076966	5.65263732061751e-5	9.366864629715398e-5
SC_RS25345	168.68815823108628	-3.2329560617147846	0.25806859843386193	5.043095506700754e-37	4.695427558890323e-36
SC_RS25350	717.7261457780908	-2.1019235291344107	0.27449314360878707	3.373032885114077e-15	1.1878101477951863e-14
SC_RS25355	779.1741542778334	-1.1514778389782159	0.20817177830001024	1.5191206054254842e-8	3.57548526792452e-8
SC_RS25360	848.9469986116544	-0.5401253947446096	0.22428986973851298	0.013267168883681332	0.017504402102033665
SC_RS25365	106.53531011566922	-1.4055747263756961	0.22221570548323674	9.575656474117935e-11	2.65654216855326e-10
SC_RS25370	132.51549250048413	-2.281675477789121	0.23169268612047023	1.0816358205299735e-23	5.616889113090159e-23
SC_RS25375	333.94107747963955	-2.3176832445353415	0.18011518772461485	9.894814171504509e-39	9.873391028508017e-38
SC_RS25380	52.65004274632757	-0.42521853806025933	0.29253626508422886	0.12881318855391966	0.1501056340702597
SC_RS25385	10.857584385641836	0.010640462975759196	0.4808692097795068	0.9825133119360918	0.9843822231272745
SC_RS25390	579.1119743474503	-2.1649441967658287	0.1780805644373413	8.197316361985707e-35	6.980024347954111e-34
SC_RS25395	157.40859002494827	0.13560424553806658	0.20021965726652308	0.49005723848581145	0.5233428061686276
SC_RS25400	2573.0966035398483	-1.544708452284165	0.22020008402153096	1.0469919171894925e-12	3.2644898086068997e-12
SC_RS25405	30.66703663549366	-2.8260549953156042	0.4135495128278528	1.2287705570962726e-12	3.810325520617289e-12
SC_RS25410	790.3526694927132	-2.4199744848682987	0.17745026602970063	3.2624143064670334e-43	3.9180851947700166e-42
SC_RS25415	2405.4119122290563	-3.086800425825809	0.2077407783266373	5.884578308128779e-51	9.43323487916122e-50
SC_RS25420	8262.394627191898	-2.775116105105603	0.22633621400093926	1.825784582161232e-35	1.5895319372912543e-34
SC_RS25425	7072.784704752242	-2.7834439259301496	0.22987702461268275	1.1583286881307493e-34	9.77290131152877e-34
SC_RS25430	160.86201369447406	-1.2171406492585533	0.19157855471754306	9.503751254510352e-11	2.637586065139606e-10
SC_RS25435	1356.8061899269806	-1.3162455077734563	0.22096356985089477	1.0026031126361103e-9	2.5904678880794243e-9
SC_RS25440	32894.68173424685	-3.2698131257272998	0.25496922603605715	1.1980597243284888e-38	1.1890299336740613e-37
SC_RS25445	13322.57125674485	-2.8746351402599415	0.244883291254282	9.864856391878902e-33	7.689582561703491e-32
SC_RS25450	18356.98935038234	-1.8295497071971643	0.216689600359959	7.320398080519066e-18	2.9321355483838996e-17
SC_RS25455	23216.4674913128	-1.8821249140924523	0.21928727200964487	2.240052262800391e-18	9.202309407181104e-18
SC_RS25460	109.58213833569387	-1.1102462747444288	0.2092565579003708	5.5896567631008244e-8	1.245260693991102e-7
SC_RS25465	243.0790746045683	-1.94591818548366	0.17538362976483315	3.174762235514755e-29	2.1205341236128447e-28
SC_RS25470	466.40989442286576	-2.4095843445008613	0.1592755054368626	1.4489928834460802e-52	2.4619524245464044e-51
SC_RS25475	10851.435761437879	-3.093874476712949	0.2433813990959552	5.147745994626472e-38	5.014462214580661e-37
SC_RS25480	6853.435637960056	-2.957389091116022	0.25505368998500794	4.866086586736108e-32	3.6764879601016458e-31
SC_RS25485	41532.98793282625	-2.859778190125284	0.23900567789863958	6.4228491232731975e-34	5.2391691852894426e-33
SC_RS25490	54062.02363032861	-1.7136110548303773	0.22853203074697367	1.1821807324657034e-14	4.064056280280698e-14
SC_RS25495	303.64180586669903	-2.176656026800419	0.2795412967070894	1.2652093867398621e-15	4.566644159481029e-15
SC_RS25500	47.10992061712751	0.5460900035525789	0.3798023782356539	0.12170372921828658	0.14240610905357748
SC_RS25505	15.828503638426342	2.0430532588995667	0.5081897983519595	1.273042314122872e-5	2.248482401040014e-5
SC_RS25510	34.51566570807118	1.10908416271508	0.34923576770379006	7.470609728493573e-4	0.0011171826432348733
SC_RS25515	165.428517287594	-1.696982544154953	0.24041870113265584	4.05444394822065e-13	1.2903525970728992e-12
SC_RS25520	200.6816617798255	-0.08532542705784708	0.208813656758685	0.6746485783857376	0.7009805012000041
SC_RS25525	25.004245329497888	1.523915454876053	0.46469532091679383	3.273553292405896e-4	5.078725431980029e-4
SC_RS25530	82.95380439649138	-0.19472424591062293	0.26051333065824206	0.43895403484947215	0.4726704224561927
SC_RS25535	290.00188768718834	-0.043728019587731974	0.17036840056405672	0.7935383845299053	0.8144122543526127
SC_RS25540	353.1930467980964	0.24666273518870285	0.19801249271630633	0.20426835128911894	0.23209165214267535
SC_RS25545	87.69326986902453	0.766323362467838	0.29280681341158793	0.006148047016987883	0.008406396941084488
SC_RS25550	786.7291176686163	1.8871395994476068	0.21175860462148238	1.1956052752600814e-19	5.183064844072805e-19
SC_RS25555	293.04403024067227	8.606118098557467	0.8186811021266218	1.1146939978968631e-24	5.995443866149867e-24
SC_RS25560	2303.769484527361	9.892333096439787	0.5007137275525473	3.992638493646203e-86	1.731865661891006e-84
SC_RS25565	325.8403634464622	2.0967364045728205	0.21225965773265693	9.960849052273213e-24	5.1799224902300895e-23
SC_RS25570	154.00779350111478	0.8978007731955429	0.22467248498702	3.986392754239801e-5	6.708274799124668e-5
SC_RS25575	139.0346428547777	-0.1231796213379162	0.2180876433304263	0.5621228095506989	0.5939380423594862
SC_RS25580	62.704664387523536	1.2958248704854614	0.299163912033897	6.25798014885534e-6	1.1445026194855973e-5
SC_RS25585	12.677893953506281	0.9664142753942602	0.5132238066388528	0.03186927094454363	0.04018536319170054
SC_RS25590	556.7663080293926	-0.7238314802255129	0.17904768828512646	4.0550123822299436e-5	6.815970208927194e-5
SC_RS25595	5107.067098937964	-3.600801194676305	0.33349333039084744	3.059652726734674e-28	1.956797849691369e-27
SC_RS25600	407.86839285934457	-3.588646258929331	0.19083185879344305	1.2247342374021031e-79	4.341918397405341e-78
SC_RS25605	109.45834110124923	-2.606900981398233	0.2526878145565609	1.0687441515694874e-25	6.039018677144368e-25
SC_RS25610	357.82502184965205	-1.3354193558013299	0.26255906803961315	1.3583736460712034e-7	2.916054517068138e-7
SC_RS25615	178.27636654572723	-0.4383090540362036	0.2032247283891702	0.027156529866165464	0.034490570312281116
SC_RS25620	190.0496798745219	5.918440737859909	0.4154268669309618	6.606545910996161e-47	9.157268711970994e-46
SC_RS25625	41.65277218621399	3.21984645446696	0.39892209811622514	1.0169159808237065e-16	3.8514321739055013e-16
SC_RS25630	146.69266910291105	-1.133457969472675	0.20108230606561794	8.397286249940314e-9	2.0150207877338067e-8
SC_RS25635	42.114094932567404	0.22094792035384786	0.3234636354121786	0.4726450023502404	0.5059201984802834
SC_RS25640	16.91728891682682	0.31245824274124123	0.3994077519190747	0.39728396639739444	0.4310095583661007
SC_RS25645	128.64087710776022	0.7208954995947712	0.21001490871441497	4.3692056044790817e-4	6.674647219272581e-4
SC_RS25655	169.4567699840634	0.015773124482865438	0.21248922061293837	0.941419981752482	0.9468127312387892
SC_RS25660	48.18292436143132	-0.5268871670100891	0.286898467861589	0.05501912597795913	0.06735185306464014
SC_RS25665	11376.512523742096	-2.489741713733022	0.21683834960183263	2.353807931501581e-31	1.72534589332929e-30
SC_RS25670	13797.793061639963	-2.661744326593698	0.24247095194622212	7.87858447747147e-29	5.169524841348439e-28
SC_RS25675	10836.96669532904	-2.672204516520754	0.2547320065805643	1.438122628470842e-26	8.490565462244988e-26
SC_RS25680	10174.929976076937	-2.500098881854961	0.24980679338810483	2.0017057587403017e-24	1.0649767867930002e-23
SC_RS25685	17897.611157667227	-2.696214801136614	0.23965731642066784	2.9695048177487252e-30	2.0638198422317718e-29
SC_RS25690	4844.189632217366	-2.5898303830520586	0.24302092856151783	2.1723155968277153e-27	1.3326668228791658e-26
SC_RS25695	10184.843398346315	-2.831324595600124	0.23475668921108842	1.922210258886481e-34	1.5980133538927745e-33
SC_RS25700	21960.71858432425	-2.9669695021992997	0.23427219236752114	1.0494159034871766e-37	1.0102340564379164e-36
SC_RS25705	7152.04319802009	-2.731554727563546	0.2395935898513408	5.184097395319753e-31	3.740463228286483e-30
SC_RS25710	5205.220948469487	-2.6750279905219307	0.21135310017661244	1.1781585154901475e-37	1.1326911203682332e-36
SC_RS25715	10759.912636127137	-2.4275226480645333	0.2592216693825366	1.70369368594945e-21	8.120903193400934e-21
SC_RS25720	8380.84200644403	-2.8511833655596144	0.22626970701762708	2.470881499624674e-37	2.3299591020757474e-36
SC_RS25725	3896.456372591436	-2.709561319451341	0.205573672493608	1.3065980465389403e-40	1.4086043852599629e-39
SC_RS25730	10292.41266659242	-2.685783596365268	0.23005372253046588	2.291630188069132e-32	1.7529544612885664e-31
SC_RS25735	4494.781310858998	-2.571667833305746	0.2183727582648028	1.88886368800519e-32	1.4523963331960657e-31
SC_RS25740	9497.575620208421	-2.7586055441814583	0.23023905441673229	5.503478334640035e-34	4.4991850598265656e-33
SC_RS25745	14834.302772473828	-2.926085212421967	0.24133358533843832	8.959227787481921e-35	7.611214942959872e-34
SC_RS25750	11034.951611100303	-2.7973254903894396	0.22434953963633097	1.7615100342755326e-36	1.6115849866932725e-35
SC_RS25755	20101.589925886932	-2.790914185822974	0.21580364646929498	4.633852664636817e-39	4.70661564036252e-38
SC_RS25760	2638.537489490047	-2.7709209549348253	0.24332479233572726	5.020880254006876e-31	3.6262459346764646e-30
SC_RS25765	16709.502760142073	-2.276551264007962	0.24235694597003166	1.0019418737085636e-21	4.822662778542394e-21
SC_RS25770	2739.655235618188	-2.241102245124719	0.19910314127016723	3.613582852425738e-30	2.497334578611752e-29
SC_RS25775	2290.5116270860767	-2.3635106998313073	0.22709787497799375	1.8632488631675203e-26	1.0930467077961253e-25
SC_RS25780	248.9084612897025	-2.4247932536339722	0.18634850089675037	1.5306340083230947e-39	1.5807976438899862e-38
SC_RS25785	8093.68223405842	-2.220265738353359	0.2111899610473594	8.637000261322898e-27	5.157023475870044e-26
SC_RS25790	2966.154177748799	-2.253991150176824	0.23480253723612418	1.51884319166226e-22	7.572650233480395e-22
SC_RS25795	9614.582365304916	-2.61770088678147	0.23057971309107572	1.0216765401265973e-30	7.244079622013008e-30
SC_RS25800	10567.22507019195	-2.5426679253168283	0.24559863402502619	5.663670202267032e-26	3.247581965125746e-25
SC_RS25805	14611.74494745145	-2.454269521098838	0.2203943927225322	1.2446773237273514e-29	8.467020835023514e-29
SC_RS25810	12647.821912532181	-2.438171803422275	0.222117837126972	7.368503455875912e-29	4.845447262863946e-28
SC_RS25815	297.46647435174543	-2.2912846126519892	0.18027427129378384	8.336463389736576e-38	8.056760293042924e-37
SC_RS25820	590.0754573025937	-1.7631653892975556	0.16592101859452318	5.36142522536466e-27	3.2299958833201797e-26
SC_RS25825	35.94576360829085	0.6198130667276547	0.35628895088301177	0.06318926910661947	0.07668822751682225
SC_RS25830	5850.965939741145	-3.2789422514305056	0.24052694837909988	2.5192496591130034e-43	3.035448853970472e-42
SC_RS25835	5444.285030896335	-2.742240236220042	0.22786883635129132	2.1899339110336026e-34	1.808350801787434e-33
SC_RS25840	1012.9610818785399	-2.780181987458555	0.16615657274776335	6.596135379295011e-64	1.5843616380104693e-62
SC_RS25845	153.48535975214907	-1.8453539340048215	0.2214209844876955	2.1031419512918293e-17	8.253628924335257e-17
SC_RS25850	90.94572572563686	0.028301649409572634	0.22578765594296482	0.8985273209144824	0.9088807221431267
SC_RS25855	186.61810623071995	-2.8694245741367883	0.21818795990189715	2.9580293616149515e-40	3.1430127539695465e-39
SC_RS25860	157.946742624596	-0.8930703535153416	0.2057492554710243	9.16378821620894e-6	1.6429315416077007e-5
SC_RS25865	70.75280056884817	-0.9999921361431976	0.26063130165213855	6.539031883099108e-5	1.0775155554407334e-4
SC_RS25870	102.51540715910109	0.10449641872706794	0.22917493221912943	0.6407775974376024	0.6699410185034567
SC_RS25875	31.587681096656087	0.1916407980458752	0.34874239847430377	0.5613135552034626	0.5931679788005637
SC_RS25880	78.2588181046474	-1.141776135229185	0.2309283714180586	3.780893612905058e-7	7.772598132579286e-7
SC_RS25885	567.3915412957253	-2.285377456299646	0.17068215223855085	9.121810174120825e-42	1.0300800646855585e-40
SC_RS25890	172.98842493567665	-1.9644450954067258	0.18720474457002995	2.0424033523761585e-26	1.1933979651681294e-25
SC_RS25895	180.166391541768	-1.6513178536064004	0.23241378429915885	3.0067035556941087e-13	9.61467130081889e-13
SC_RS25900	169.33902137129078	0.5927028617445519	0.22198977923376406	0.006060487804015444	0.008295904411882288
SC_RS25905	49.13033417050932	1.1065365348757452	0.2921031466532411	7.68449658226614e-5	1.258114515933182e-4
SC_RS25910	347.4536121435064	-1.6418488323180762	0.17618361002918706	3.2083662803701948e-21	1.509795338318431e-20
SC_RS25915	169.04605612788566	-1.16933028600886	0.2221989717829292	6.241234272932876e-8	1.3820679137719827e-7
SC_RS25920	438.679906650364	-1.518316139486959	0.18942724293135788	3.34745556171674e-16	1.2360609570405227e-15
SC_RS25925	80.12279689298512	-2.0846516481843405	0.2556994534969026	6.659671073659572e-17	2.5484387388254116e-16
SC_RS25930	96.31253777321791	-1.529888641379586	0.22885568194023337	8.15175999775254e-12	2.4218806697593564e-11
SC_RS25935	41.21095751746258	-0.5192813869622065	0.3642281500346192	0.12630446000479978	0.14729860636966527
SC_RS25940	10.787833505041194	0.034962237445726914	0.5005797885512315	0.9391888444566101	0.9450844076177733
SC_RS25945	43.25868718106705	0.5676364564175621	0.2874778624260015	0.039670828626932386	0.04943935952256201
SC_RS25950	91.82295984946144	-0.9705963884745193	0.22234253495227346	7.499080314493667e-6	1.3606845039142791e-5
SC_RS25955	15.489236858370488	1.2521744542317652	0.523320308115645	0.006606760438232828	0.008995245840385685
SC_RS25960	13.344026140848436	1.784363630997614	0.5124293941627355	1.2777155504218308e-4	2.056728764202266e-4
SC_RS25965	19619.74276228001	-1.5466478396400822	0.2515428104745504	2.4188351799324806e-10	6.523954139291189e-10
SC_RS25970	24141.18991272988	-1.7103180872870956	0.2619001468958233	1.794506542134515e-11	5.2241181372680275e-11
SC_RS25975	286.0070290587712	0.35428093684778317	0.18758855167317587	0.05460575027058309	0.06689862144796141
SC_RS25980	172.88302927870555	-1.2810400485417168	0.22194273799090167	3.0120038831337256e-9	7.513706574502061e-9
SC_RS25985	140.2246327797561	-2.0745813516425295	0.20379956420517065	4.503874601042564e-25	2.4710990556613e-24
SC_RS25990	156.14331048327128	-1.1255402539486647	0.19951049035603763	8.314602695105191e-9	1.9971296506093053e-8
SC_RS25995	23.840050336398047	1.702985249098992	0.40778891358081343	8.02010767715574e-6	1.449871880641001e-5
SC_RS26000	2759.750980836483	5.4028709739121785	0.2521783312447132	5.946017281417826e-103	3.8461343362434257e-101
SC_RS26005	654.0652406637703	1.1784779951301427	0.24046502786149618	4.4993825578696136e-7	9.195800161233518e-7
SC_RS26010	2985.9296118361035	-1.6701512901896378	0.22124914509745117	1.1980237066847907e-14	4.116601497247738e-14
SC_RS26015	1640.8519766983468	-2.4103673365605425	0.19039010250814736	1.4044320548251669e-37	1.3449716847117897e-36
SC_RS26020	1017.9417864801724	5.1377404070773345	0.2553865361817911	3.594717269379917e-91	1.791043590838345e-89
SC_RS26025	41.33382533674669	1.8318782744391016	0.3853178234862008	5.33114342128473e-7	1.082374768407313e-6
SC_RS26030	266.79980119118574	1.7360965828030233	0.19331774422191592	7.911332724191801e-20	3.466320113380294e-19
SC_RS26035	1995.8771673273413	-2.038601537330719	0.2022025534021509	1.2814126048028554e-24	6.86211804489198e-24
SC_RS26040	1380.0406667549817	0.3943521164393415	0.19150659225111796	0.03574921439986378	0.04479434273315132
SC_RS26045	772.1859102019882	-1.5601822213950651	0.19001740745411375	5.896514251711998e-17	2.2658101142326353e-16
SC_RS26050	247.96711238599326	-0.8810311880525026	0.18841182509551724	1.8429401865733965e-6	3.5491880218835793e-6
SC_RS26055	664.2875801994537	-0.7209248089553684	0.21849024989533528	6.983991497790613e-4	0.0010463623580988248
SC_RS26060	67.97617536346803	-0.3999441181347841	0.23745519266225046	0.08278392870653356	0.09930839275776451
SC_RS26065	42.95696247528982	0.9305111636387767	0.296082644452289	0.001021554977362292	0.0015077955170275303
SC_RS26070	352.7392112010684	-2.8826956510494566	0.19367202284568913	3.4143815155292606e-51	5.521414319191397e-50
SC_RS26075	20.01594426611717	-0.2156313820296182	0.40445455012477255	0.561263091748903	0.5931679788005637
SC_RS26080	48.34022550875182	-0.43012506937541983	0.2878172266712723	0.11772614083722525	0.13810253937857128
SC_RS26085	2289.6479301938652	-3.2230176554752057	0.1896680967428686	8.059262652610967e-66	2.0145424678085855e-64
SC_RS26090	61.19150333351834	-1.9009243617556317	0.2824292856635986	4.543012078175214e-12	1.3679122525301769e-11
SC_RS26095	141.16084411209488	-1.1084286624898996	0.20785760441308565	4.7229474734250065e-8	1.061642250752933e-7
SC_RS26100	192.6187349347187	0.08464773946366129	0.1952278882196675	0.6599729792027469	0.6879616551655436
SC_RS26105	94.61017370687051	-0.015086712352880394	0.21149735565124453	0.9406349095968454	0.9464104002411158
SC_RS26110	72.035863760085	1.6836472081854152	0.34535192442963697	2.923131649585435e-7	6.075302363033539e-7
SC_RS26115	390.6795064449254	2.3474196740933397	0.29602068671374837	3.5392918214675303e-16	1.3062431377127912e-15
SC_RS26120	436.86973993225286	1.7044959595180273	0.27269646144515464	1.0729037110099327e-10	2.9653643047178573e-10
SC_RS26125	300.5901429911539	-0.4376380034666423	0.20765136677396676	0.03079554655450446	0.038891310206014024
SC_RS26130	1428.7942213990023	5.1930619394536714	0.2580441579811738	1.6344385254817985e-91	8.369687282571377e-90
SC_RS26135	104.0234808079136	-1.0943656932600987	0.25267503854697226	7.113173342544673e-6	1.29352750253821e-5
SC_RS26140	94.42315504411698	-1.084215143867711	0.24784581086903967	6.417651918103814e-6	1.1716703452363833e-5
SC_RS26145	335.7568732827078	-0.9461768706034264	0.16576682880462867	6.559354176377363e-9	1.5858582851346448e-8
SC_RS26150	1653.805114312219	-1.2429145957532362	0.19016407474685398	2.7166685044672843e-11	7.822223175299397e-11
SC_RS26155	480.41634695792266	-0.6894423434948851	0.16428313016838345	2.0034523287659605e-5	3.4769257407202146e-5
SC_RS26160	55.467315426813194	3.3094169284007084	0.3388482421308754	2.4285001596709043e-23	1.2392913617587021e-22
SC_RS26165	777.7461575162511	0.7065479157986254	0.19820184734100751	2.728577682664876e-4	4.2655356862350633e-4
SC_RS26170	267.37660090312966	-1.0271420797556623	0.17140840855071168	1.119755765887285e-9	2.8830583162195668e-9
SC_RS26175	351.8340772300347	-2.4151320478583163	0.16878704658240662	2.5693530757814133e-47	3.664682704218983e-46
SC_RS26180	479.7747989690731	-2.588182007028461	0.21410250490033625	1.5025037479265548e-34	1.2561749021780516e-33
SC_RS26185	452.40646534937	-1.7110960083755884	0.17631846433982964	7.529193470690192e-23	3.7768892961135697e-22
SC_RS26190	160.89886322001203	-1.4524807872520766	0.20571960059124703	5.747666272812896e-13	1.8159079304079817e-12
SC_RS26195	139.05590863534937	-2.2755249694144077	0.2073221605712078	8.482824677756704e-29	5.560208815446928e-28
SC_RS26200	14417.132442779803	-2.02032008338448	0.24145158265422612	1.1972583487885386e-17	4.761911037738233e-17
SC_RS26205	11281.722639805466	-1.8043374324400618	0.2507640539760074	1.504111958583854e-13	4.914187675054205e-13
SC_RS26210	50.961656918535986	-0.03546627473864671	0.2675903511241768	0.8891982806661204	0.9008034237713933
SC_RS26215	52.45178889324351	0.016522077047034445	0.33516722426370216	0.9613303984354611	0.9648632582092133
SC_RS26220	617.7888099491535	-1.693135087265234	0.21627613462455308	1.3082438622915834e-15	4.717354640849945e-15
SC_RS26225	331.6153176874688	-3.201552274925088	0.20138087465328192	6.676631187793456e-58	1.334240606471245e-56
SC_RS26230	927.6880297859601	-2.605391575340481	0.2065713899788572	2.2157317930374717e-37	2.0920366506860842e-36
SC_RS26235	10.300137783228465	-0.8340861908851638	0.4944065341536379	0.05487524627348967	0.06720645507734808
SC_RS26240	26.475030289504293	-0.45989637984436743	0.3407815834249098	0.15147340959982147	0.17518270426428537
SC_RS26245	42.250634861873806	2.740066602853921	0.39712309515068095	7.713162518704202e-13	2.4172061373958687e-12
SC_RS26250	77.14208990098894	1.9599610840572528	0.32852559744328075	5.39557979644659e-10	1.4245257937342338e-9
SC_RS26255	45.009037187004054	1.7336104829421757	0.31712209348804304	1.2560683966563564e-8	2.9753447982473408e-8
SC_RS26260	28.859463735619165	3.2349715848305074	0.4720328141276518	1.0778074684481425e-12	3.3577322654569507e-12
SC_RS26265	198.0277939620199	2.233870552967593	0.22378946487172147	3.603762700431278e-24	1.9008688235322064e-23
SC_RS26270	227.1316945630113	0.35977709978983125	0.2207732656796276	0.09456070074971454	0.11257517070203342
SC_RS26275	1077.9063951649186	-4.0880213857039305	0.1850206873678737	1.9349317051571002e-109	1.5785960252903432e-107
SC_RS26280	922.537244028119	-2.5033308069055216	0.23232946098573032	6.019137506783548e-28	3.780674614567452e-27
SC_RS26285	338.5081286644774	-2.2350954650410744	0.19138804776257765	2.2599810692599177e-32	1.7305400212588402e-31
SC_RS26290	1021.624914080142	-1.4892467804857186	0.1976736342802881	1.5956621929490336e-14	5.4499365497017947e-14
SC_RS26295	3146.250472886668	-0.2720152546871522	0.23458388174251274	0.23786965536029053	0.2668569661686874
SC_RS26300	326.00453619711186	-2.813462387621187	0.17944381013846888	2.422988743699739e-56	4.677256281686355e-55
SC_RS26305	204.38679735212793	-2.6811529377671484	0.22840244465994747	1.6030219098927604e-32	1.2364731761034743e-31
SC_RS26310	183.190009988941	-2.9998479478846543	0.2351776136144827	5.548762754160099e-38	5.397965243954692e-37
SC_RS26315	207.5173660254351	-2.310848653450603	0.2708018873126878	2.7598039800738605e-18	1.1287184996708069e-17
SC_RS26320	130.35366803751958	-2.7045947435336686	0.22941774872182866	8.415766446486017e-33	6.594884354557692e-32
SC_RS26325	295.79573775923734	-1.8031980215564054	0.1835682505513001	1.9638674746998815e-23	1.005663802669231e-22
SC_RS26330	43.70314246865786	-0.6501607693685708	0.30060747334578747	0.02331631383565735	0.029875673018963912
SC_RS26335	59.26668208247409	-0.24645179299689954	0.2729466826723	0.34717163928481054	0.37999757578836174
SC_RS26340	24.635338539483637	1.5994615037015447	0.5146303156918794	5.213550367301757e-4	7.910436298041801e-4
SC_RS26345	289.4730610248566	0.1395874603688855	0.18634809684178194	0.4464477674987577	0.4801787977736055
SC_RS26350	17.990177590933158	1.1086965612499315	0.4489603477492971	0.0064516713379891314	0.008798709903149965
SC_RS26355	1004.9465649536188	-1.2493530943084321	0.21506075305293512	2.6330083302295108e-9	6.593505024527722e-9
SC_RS26360	324.38383734928374	-0.3463024454339193	0.20278223785360794	0.08055267868065062	0.09675768897069843
SC_RS26365	18.46414036231608	1.157961935488322	0.4667364194263675	0.005877981154012499	0.00805355500365815
SC_RS26370	22.234561612571788	2.330457603692726	0.5124424641161157	9.639415909885223e-7	1.910780992459506e-6
SC_RS26380	12.080925843220424	2.6468365480750813	0.6723755277172805	1.301134651569509e-5	2.2953509379601814e-5
SC_RS26385	6.8518041846423365	0.3026187732376092	0.6426677771470157	0.5529367488236889	0.585146827133146
SC_RS26390	80.25852789225814	-0.9610035353207602	0.2659247813837135	1.7640999669840462e-4	2.809605433378047e-4
SC_RS26395	716.7402816032312	-1.1733109494593146	0.17144541298796698	3.4157179584489035e-12	1.0360964305060556e-11
SC_RS26400	127.92684837223094	-2.3777363389725354	0.25697678833379134	3.3832405080380818e-21	1.5910724174918886e-20
SC_RS26405	369.1756410793864	-2.7838585306458596	0.1842245464109834	1.9049960094860325e-52	3.2218900398967896e-51
SC_RS26410	83.10732569591492	-1.4075434382775132	0.2280627475581178	2.5530976568628876e-10	6.878532013776739e-10
SC_RS26415	43.177638150964356	-1.7576309302703563	0.31302047582045367	5.730661880419426e-9	1.3918939626552322e-8
SC_RS26420	66.58559385095948	-1.9903023954739982	0.2942660295320279	3.1527081318401794e-12	9.590787856513812e-12
SC_RS26425	51.11819375877534	0.7182394430926163	0.36835119453099946	0.03648796877452105	0.045668850065159576
SC_RS26430	188.68583199805133	0.26976413485316336	0.24557651847369477	0.25711195683252386	0.2869598258942078
SC_RS26435	2868.612992449011	-1.9523787871121208	0.20761457638884578	1.1224060815008987e-21	5.381419014946442e-21
SC_RS26440	5865.7210211409	-2.0184443135646575	0.23015784714934232	3.548379655790291e-19	1.5003297925342664e-18
SC_RS26445	1134.2607079406941	-2.0639173300209244	0.20420425450454519	9.302873182333106e-25	5.0255961059724786e-24
SC_RS26450	1328.6733326002238	-2.170470548677839	0.23265010153295268	1.8202497598873007e-21	8.648532042144946e-21
SC_RS26455	109.55284592047842	0.3056978198262239	0.2668147581063874	0.23481022718869032	0.2635851142166848
SC_RS26460	576.798138566014	0.5333227193607102	0.1850605632064688	0.003337159512746022	0.004697120489976936
SC_RS26465	183.78388008602204	2.4469272194545226	0.2779323451280981	2.3950926814146362e-19	1.0232568616889645e-18
SC_RS26470	102.02944588075779	2.3932836907405495	0.2917939757802026	4.0548621421564406e-17	1.5712324454157433e-16
SC_RS26475	14.688779625688166	0.8019189294359859	0.47772223856338275	0.058849455714028095	0.0717045417110448
SC_RS26480	13.098332225610601	-0.3523000668215567	0.46412938697446265	0.3930102162273469	0.4268125676672247
SC_RS26485	18.762884671397558	0.7749377668302109	0.4735754666679692	0.06631967483339872	0.08018384689645551
SC_RS26490	72.21932245931669	-1.9005507195255877	0.28969841804193364	1.474156756520495e-11	4.318804895741808e-11
SC_RS26495	69.93577115857148	-0.957479010579937	0.23976895080352015	3.8899698786894087e-5	6.562488649154816e-5
SC_RS26500	49.40746591044149	3.803751919042974	0.4076892383890652	1.7289943035038466e-21	8.23617829072181e-21
SC_RS26505	869.0774958309894	-0.017354700123185293	0.17398143050943302	0.9182477936971654	0.9264139048738402
SC_RS26510	55.79511109621204	0.991455006875508	0.3149467008974268	9.280731555985043e-4	0.0013764302995541776
SC_RS26515	169.82489851429764	-0.5006094877388948	0.19302459976367903	0.008079144603203213	0.010899307044277442
SC_RS26520	359.6155479196693	2.4710124818966412	0.25233655838360186	1.8423698155016166e-23	9.447590416904674e-23
SC_RS26525	797.8314807059336	4.851137676283985	0.2904097040230982	2.0025875567574356e-63	4.70289192469087e-62
SC_RS26530	1292.6983887309348	7.361397380329532	0.4063757112939143	2.6646954983218517e-73	7.955248827783536e-72
SC_RS26535	761.8861016990564	7.117032419828086	0.4800246116910858	2.638165569874475e-49	4.044455906913592e-48
SC_RS26540	246.36824746533395	3.3973379533612875	0.2798954762839806	1.4881973808944307e-34	1.245626275450117e-33
SC_RS26545	607.7808341023162	5.269233974583412	0.3246875263803222	8.555975890364022e-60	1.818206519179951e-58
SC_RS26550	438.7823389503001	5.552262263257517	0.4203167192310239	6.766245477457775e-40	7.097339139512609e-39
SC_RS26555	1123.9758533908198	7.216464418916439	0.40401621006006977	4.655637397434758e-71	1.3255085007213863e-69
SC_RS26560	1509.090876312731	7.3306352614388635	0.4068418590368178	6.312025307844242e-73	1.869272073094114e-71
SC_RS26565	2638.1252185446774	9.797017456508865	0.5910149082686786	1.9319178780017155e-60	4.202348800113467e-59
SC_RS26570	540.3010165042158	7.215951760271731	0.5251928706375795	1.0691191363459777e-42	1.2553637757030637e-41
SC_RS26575	1017.2460259361409	2.075441894884609	0.20723600933039987	2.6360103914911914e-24	1.399419771551911e-23
SC_RS26580	648.0740648836113	0.23414480440782787	0.19762249171927695	0.22756545117945698	0.2562326518548352
SC_RS26585	2249.2223523226326	-4.833454345499836	0.1954965187756344	1.6005344805307403e-136	2.1075609391845854e-134
SC_RS26590	676.478224895971	-3.216049989298294	0.16411414133063504	1.353148111398133e-86	5.93935367467252e-85
SC_RS26595	345.19372007406247	-2.6258702992625533	0.18835335368208228	4.4473969483612957e-45	5.773786108664824e-44
SC_RS26600	377.1788824622308	-2.5437104398098893	0.18584890457719866	1.5847009243247402e-43	1.928314293064461e-42
SC_RS26605	197.33171810830402	-3.2023079112323622	0.2035918846081488	9.573031748369171e-57	1.8724545387924208e-55
SC_RS26610	451.7376086395038	-3.39641818408977	0.180686309539724	5.908541327565501e-80	2.1150283373528157e-78
SC_RS26615	25.04594514765586	2.1527745554138726	0.4794054289839083	1.7868521420613369e-6	3.446572768914543e-6
SC_RS26620	103.14427246700198	2.1320591515037695	0.24305766623081324	3.539448599625655e-19	1.4974121614251048e-18
SC_RS26625	62.532994204978436	-0.3678970099254197	0.2616649970742477	0.1452002701397966	0.16832365854596137
SC_RS26630	21.38214831723512	0.5696278328778857	0.36565626460424916	0.0952170632611226	0.1133199845848157
SC_RS26635	1469.8042261982782	-0.18816305396711133	0.22101566857782012	0.38165343987354305	0.415090334163349
SC_RS26640	338.5812624026696	-2.106648975898541	0.18016599364674638	2.549088665848357e-32	1.9418367584675399e-31
SC_RS26645	65.35589039318971	-0.19969884025537052	0.24829139678771253	0.40590370377756574	0.4398433374953372
SC_RS26650	77.43440541989881	-0.6238294734302215	0.24406406488774837	0.008326181988808813	0.01121206464307454
SC_RS26655	65.41958416105143	1.8350732743526539	0.30014606648890507	2.354117746073406e-10	6.356376513930902e-10
SC_RS26660	128.71251593192343	2.445883405490106	0.24812223055743995	9.496092748834333e-24	4.9452110119988956e-23
SC_RS26665	556.3131748145983	1.5675990706470897	0.23859652839754172	1.528172095881662e-11	4.471642070334977e-11
SC_RS26670	63.130656898349066	0.5532816801723315	0.2924819867524282	0.04752332185259534	0.05865053980603147
SC_RS26675	420.36999657123283	4.523703026347092	0.3009436213857123	1.7900549166029408e-52	3.0344517138000195e-51
SC_RS26680	265.547444781423	-0.5420055789014921	0.23768867892434845	0.018537964187092276	0.02402019819286917
SC_RS26685	183.74769899708232	-1.895780678752338	0.2174611038186783	5.680460827707185e-19	2.3799839854268627e-18
SC_RS26690	945.3097576736398	-2.189189628277577	0.19014077270831536	1.8076521740163877e-31	1.3276521047008807e-30
SC_RS26695	886.306760427019	-2.193190147882444	0.19685920934454462	1.0120861068223725e-29	6.90390652331931e-29
SC_RS26700	2062.0887522073954	-0.12377361318909952	0.24613298242638362	0.5971811836174818	0.6279215810630703
SC_RS26705	160.18691665662175	-1.309405692666155	0.22123588135928882	1.408599842578121e-9	3.5941229201283956e-9
SC_RS26710	80.01148852178085	2.215111373064763	0.35139484338765137	5.923600815497362e-11	1.6684733542199215e-10
SC_RS26715	571.3511452301669	-0.6116774195898452	0.1652131629237546	1.6882026081238701e-4	2.694546760239268e-4
SC_RS26720	545.2167569212713	-3.0004015647384414	0.21597434865291187	5.439141191078538e-45	7.036531077721604e-44
SC_RS26725	1040.028962029377	-3.138922815320377	0.19765558598012684	6.887603910250848e-58	1.3726808441672905e-56
SC_RS26730	1119.5232419773029	-3.2397439444564733	0.2317311899108375	3.927582802415737e-45	5.12601691770153e-44
SC_RS26735	153.11204687656274	-2.2259083173655307	0.22903514334280425	4.9794379489141664e-23	2.5098000981061557e-22
SC_RS26740	271.3512567380714	-2.697588927165853	0.2339222824496042	1.683121350005945e-31	1.2411336834943837e-30
SC_RS26745	641.521945945981	-3.4256586554420676	0.20015029798840123	7.434973186410545e-67	1.9441663927869276e-65
SC_RS26750	61.06171533721725	-1.1790759738286996	0.260536108401948	2.867354097693694e-6	5.428464471474531e-6
SC_RS26755	2031.3356573706321	-2.0321944405470433	0.22152934048554052	8.984407531348084e-21	4.143278369991293e-20
SC_RS26760	8833.153299522952	4.257957918183192	0.22536814891711407	1.0631037046644897e-80	3.8808548109880927e-79
SC_RS26765	877.8650440271662	-2.12574949645222	0.1751137980856114	1.141713477780659e-34	9.643751643934226e-34
SC_RS26770	26.09788449272727	0.4939426960451302	0.3414047915301805	0.12537397854526208	0.14635233778577847
SC_RS26775	257.4682135030141	-1.4901766542497186	0.18203157159145064	8.817719122207505e-17	3.353370851323267e-16
SC_RS26780	15.639117539132359	-0.7352092845135256	0.4469070414439071	0.06593607091436	0.0797462009057718
SC_RS26785	70.49117303971803	-0.7224160283491238	0.2709654294602764	0.005413774834898891	0.007441039260492902
SC_RS26790	356.24741143124015	-0.7420915355161627	0.15852354308774347	2.0556346878347243e-6	3.939254206884942e-6
SC_RS26795	189.67958514912488	-1.7079779768705912	0.19275109663437764	2.1036003694351604e-19	9.013334761310211e-19
SC_RS26800	675.5973053660978	-2.635598374613939	0.16432075952681088	7.831341882013463e-59	1.6041198621657577e-57
SC_RS26805	198.84162547671156	0.36771164815658935	0.1967663780465362	0.05666994993459721	0.06923197660996021
SC_RS26810	22.224042135352338	0.42134048393581625	0.36685874091851506	0.21959293245981307	0.24801321549374508
SC_RS26815	49.800366781371466	0.14822474485285098	0.255683877729978	0.5508650571242932	0.5832510999858592
SC_RS26820	226.2791394211804	0.03211974282552668	0.18481885361800426	0.861002933106324	0.8747637956359925
SC_RS26825	185.70857886266413	-0.4315361967725457	0.19485686319179507	0.023826166951328588	0.030476002619097487
SC_RS26830	215.4370326131481	0.23556388527747163	0.19788368238617385	0.224726896147751	0.25338472969319814
SC_RS26835	4455.652628674648	-0.8405550036881672	0.19447752215044578	1.0948176431204742e-5	1.947692472948221e-5
SC_RS26840	35.44638048912887	0.5218006403665312	0.3314996203672328	0.09747018013137923	0.11588924674117873
SC_RS26845	25.742960698224913	0.58104586183898	0.3626081929124649	0.08638774376680783	0.10339607572414235
SC_RS26850	17.886401190411036	1.8102195657853632	0.473056087775791	3.205541228423243e-5	5.4514900872677577e-05
SC_RS26855	21.37352002654158	2.172936408362761	0.45932494073714436	4.5829112598279387e-7	9.350965033196241e-7
SC_RS26860	26.334025565687615	0.0162299757776639	0.32905463423999814	0.960608009171098	0.9642694608804352
SC_RS26865	65.6296300786348	-2.0490475718069203	0.27342483925432093	1.6137944564305535e-14	5.509314963758751e-14
SC_RS26870	18.538981429362035	-0.8307785476769921	0.4208646078385205	0.03026773019235797	0.0382771810047072
SC_RS26875	65.7700968282934	-0.9540739904973145	0.25343934980104255	9.753214645727406e-5	1.58309937921184e-4
SC_RS26880	45.703521438791505	-0.3253042826804428	0.3467437541292033	0.3172930726153566	0.349800255094898
SC_RS26885	374.98108050229564	-1.8582542429711875	0.17306852981419482	1.4173957154002664e-27	8.775714530110465e-27
SC_RS26890	1439.3793289762325	-5.579089068868484	0.21252493588560514	1.2353174984453006e-152	2.397166114088328e-150
SC_RS26895	31.99728218235868	-0.8243013586238508	0.3610271819233526	0.014547848506900525	0.01911203187063682
SC_RS26900	8162.8069218328765	7.219282741731223	0.30959579379972996	3.088536296233688e-121	3.163175923392669e-119
SC_RS26905	2180.2938091966344	6.663000927909515	0.4086960427850517	4.288081950601361e-60	9.245706521559778e-59
SC_RS26910	674.4003330889802	5.552680768672695	0.509777252023072	7.9093227215633895e-28	4.938471274242882e-27
SC_RS26915	645.6895443095885	3.909163690670037	0.32173677812534507	8.473589140184057e-35	7.206948825803604e-34
SC_RS26920	184.83773647384794	0.42201583118276864	0.2582250863459225	0.09096640238644754	0.1085239040928109
SC_RS26925	109.00616167131523	-1.1866666229570668	0.24580673908656359	6.727610824084292e-7	1.3499157065795257e-6
SC_RS26930	34.56226585466455	-1.5273914798231008	0.34288844519279904	2.6840623694697997e-6	5.093225916744803e-6
SC_RS26935	111.5140595039985	-2.4208722335684736	0.23324382451752318	4.877417478418332e-26	2.8120466368926336e-25
SC_RS26940	1112.1430189256587	-3.1655525503557205	0.1565133011821861	4.3557211945811864e-92	2.277949509846927e-90
SC_RS26945	2331.859644272417	1.1830511774183397	0.23856047397078164	3.3612281793627874e-7	6.938884824921947e-7
SC_RS26950	800.7096640773154	-1.9542096695252518	0.16953876742098511	1.908545157406089e-31	1.4003594020609451e-30
SC_RS26955	1741.1956253007932	-0.9201633578738397	0.1954770079770947	1.6112595735452e-6	3.123403810547399e-6
SC_RS26960	44.8477871430678	-0.6100658001227669	0.33165377003103547	0.050647780811045255	0.06230843104782244
SC_RS26965	57.17987872302259	0.37693243194093684	0.2756529977158395	0.1549866499389564	0.179021233811069
SC_RS26970	165.4648480181039	0.053258666944989895	0.20731438728172244	0.7946601448458688	0.8154500289581738
SC_RS26975	350.1020222475766	0.5354407756084131	0.19036771261777402	0.0041397008177059885	0.005766179416275776
SC_RS26980	177.55267837699304	-0.30239430600795486	0.1928699397175146	0.1094590101372646	0.12912345876694756
SC_RS26985	125.77302163512269	0.31328553024281136	0.2128365784639639	0.13195671972491474	0.15364737900703004
SC_RS26990	770.9974592358315	-0.9764666557683462	0.2162505703023283	3.594867623190946e-6	6.728059353657369e-6
SC_RS26995	426.2310319422152	-1.7161457748132205	0.19052803248460848	4.912860832902617e-20	2.1810617568828357e-19
SC_RS27000	2054.0612185870614	0.38499059925876017	0.2080528118046131	0.056788495849568583	0.06936530866236851
SC_RS27005	1222.085660805045	-0.6531261832385143	0.18757600151644466	3.741280198103535e-4	5.763150236226336e-4
SC_RS27010	398.75531087245145	0.2173113468541492	0.1585776878829885	0.16561111904801093	0.19036888415588973
SC_RS27015	105.2735253860181	1.383969464119546	0.2269720412923221	4.0409423676733093e-10	1.0730251717401146e-9
SC_RS27020	161.1634250152177	1.7983227372652169	0.213104119868655	8.635816891952279e-18	3.449648632787438e-17
SC_RS27025	28.445160959099578	1.8642333141306604	0.3770938949367799	1.887398245993412e-7	4.0039340235775083e-7
SC_RS27030	124.47300151255587	2.526134563476558	0.3471678565627179	4.9610920517474845e-14	1.6523528811917772e-13
SC_RS27035	432.86558408594396	-0.8416436878047353	0.16757853172021667	3.313704559615942e-7	6.84269320151441e-7
SC_RS27040	186.7338751407874	-0.22354378463749952	0.18521160197748948	0.21907346413413886	0.2474644185853462
SC_RS27045	87.60619460465763	-1.0800143251347027	0.22951034337943566	1.2526444188178066e-6	2.452734982571032e-6
SC_RS27050	224.05539944066933	0.752365866069734	0.22519609448522637	5.943617129428243e-4	8.962828775542712e-4
SC_RS27055	265.07466683985336	2.166733290113004	0.20494056775303102	7.056577194904456e-27	4.233946316942674e-26
SC_RS27060	97.53426632348311	-0.9182114775967396	0.2108331936099364	8.114790995912267e-6	1.4648339976464396e-5
SC_RS27065	171.9343817147647	-1.7330417826451077	0.1968479562917221	3.359732557906495e-19	1.423013663526852e-18
SC_RS27070	14.004563188560049	0.3288437777907807	0.4340785734254876	0.40259147610783985	0.436446566424465
SC_RS27075	526.705791084721	1.715496968656669	0.26372653052332234	1.9938777857806632e-11	5.793086994620413e-11
SC_RS27080	206.10538944777292	-1.0136357182192066	0.18982553069485333	5.0970161974681336e-8	1.139642129779564e-7
SC_RS27085	15.377509868335665	2.1559363233113498	0.5032217703904451	3.800083915324351e-6	7.094131339646017e-6
SC_RS27090	261.366472595301	-2.04064493194418	0.2054395410325713	5.828971950725649e-24	3.0571009363194123e-23
SC_RS27095	281.3333277291336	-2.817581937140515	0.17951092982548297	2.690744289616589e-56	5.1805609377631134e-55
SC_RS27100	51.96802607006563	-1.298614345834696	0.30798374550875773	1.022724169319696e-5	1.825161670997928e-5
SC_RS27105	233.392353618333	-2.4474812194727202	0.20310717175070483	2.1484283138893856e-34	1.7780595271178823e-33
SC_RS27110	111.22243078782385	-1.8664063482231388	0.24494761728530806	4.856099195785914e-15	1.6938919332888047e-14
SC_RS27115	40.992980491822756	0.15670209348501118	0.34901271187688004	0.6351178555811282	0.6644947597978489
SC_RS27120	848.7288817052845	0.6724197112070196	0.21704434994189079	0.0014935576848183077	0.002172286857564142
SC_RS27125	202.402317301261	0.5621990921235436	0.20244615607116967	0.004524721215586692	0.006266959850438819
SC_RS27130	360.31642025258844	0.11189068536586841	0.20055888689466417	0.5708435394948947	0.6025479902999361
SC_RS27135	74.98385659841836	0.5504787528572908	0.25777215626011035	0.027349951095531438	0.034718288755112556
SC_RS27140	159.70590552759055	0.052410455134965755	0.2072357059038213	0.7973669511266113	0.8174313773957503
SC_RS27145	139.1951828322804	1.012803876886862	0.27587432696641784	1.32003253481904e-4	2.1234554781316756e-4
SC_RS27150	55.465850370806066	0.6751600065524171	0.27836571857390646	0.011680166845415011	0.01549092631620329
SC_RS27155	18.213716174908654	2.5344465395327234	0.69322349314152365	4.551710601960634e-5	7.600614578545678e-5
SC_RS27165	29.883095674277357	-0.23961845337602045	0.3445889932865605	0.45890295282896104	0.49242584024458075
SC_RS27170	29.660836008972257	0.15613012331065976	0.3906052102901244	0.6671879635429149	0.6945989048659401
SC_RS27180	24.984516892576078	3.9320744627956037	0.5877225109418078	4.716117418703834e-12	1.418875962689599e-11
SC_RS27185	406.35152152242557	4.088872789550306	0.28269249158016885	3.18907870228587e-48	4.712678627385973e-47
SC_RS27190	166.7089244519743	3.230013257249213	0.31134329924469606	6.439665134871468e-26	3.68109230267769e-25
SC_RS27195	374.17340092979117	3.8262076908957594	0.2576310338080509	1.2856518164087468e-50	2.0387949449888385e-49
SC_RS27200	279.0241037681054	3.388215958344287	0.27457669376470867	4.6794996354514365e-36	4.2030000379803764e-35
SC_RS27205	179.1716685215209	3.2981704731880654	0.32346361837615584	2.7050285125716485e-25	1.5020241153391066e-24
SC_RS27210	219.61054832664396	4.0176822377833	0.2868847365978891	3.238775189199991e-45	4.2495957731602735e-44
SC_RS27215	234.5835146680206	3.5422632653388613	0.311780218032594	6.004141569783291e-31	4.319467310788487e-30
SC_RS27220	239.9765304115625	3.8671374759558086	0.2927868694520478	1.2275580589160093e-40	1.3272746519716499e-39
SC_RS27225	159.42991357100604	3.9068506404032814	0.33772212119566114	1.7016385814284022e-31	1.2535347551901137e-30
SC_RS27230	467.6681062146573	4.018175435923121	0.29011574100518767	9.29526319568484e-45	1.1962176405755672e-43
SC_RS27235	281.17177324011567	1.9111413400709627	0.21787042465624298	4.0871838464063655e-19	1.7222224961943164e-18
SC_RS27240	156.92751319159987	2.3087758859325405	0.2515336556497105	9.080345377973005e-21	4.1849041760733087e-20
SC_RS27250	41.335385950240934	2.9759306926230233	0.37945529990491605	7.349057680893813e-16	2.6748248439738883e-15
SC_RS27255	20.54525539787379	2.4870931149146327	0.47091683511487525	2.4063131254059318e-8	5.571162633200421e-8
SC_RS27260	11.604941830246174	3.602344448714082	0.7774347974027281	5.277487160630435e-7	1.0720713587462487e-6
SC_RS27265	30.81607343379379	0.2473003954563625	0.3141975900781159	0.40981328192295274	0.4439493375789413
SC_RS27270	90.73978664996496	0.6767741447359553	0.2565579277279942	0.0063541707385644745	0.00867215528894585
SC_RS27275	316.4942934483278	-0.311180423692429	0.19562036180742867	0.10401388437690076	0.12301497728873555
SC_RS27280	850.044323042858	-0.33714432586218723	0.19653356443915287	0.07962945560544019	0.09574231300089937
SC_RS27285	432.26974107821775	-0.7385744715105714	0.20271237067756093	1.9096744292575746e-4	3.0322866583431e-4
SC_RS27290	91.89764847120324	-0.5081740257541486	0.25358559989406004	0.037943669614717485	0.0474070856894149
SC_RS27295	59.343830296441816	0.06032798236069454	0.25793656450723124	0.81017395814	0.8291773445280166
SC_RS27300	80.81339319835774	-1.2867486511856245	0.2570215786149559	2.464081244972814e-7	5.159038926868124e-7
SC_RS27305	2780.3560032330297	3.4632068256967283	0.20082104851106153	1.1309842002397657e-67	2.9892034023541336e-66
SC_RS27310	9219.018288256739	-0.2968267458620185	0.21433503778762805	0.15558579423370789	0.1796851443507223
SC_RS27315	478.34199324560876	-1.259407092119607	0.1827553491533283	2.2789614814158752e-12	6.981745726614318e-12
SC_RS27320	1551.7039174270697	-3.543528931413085	0.22717267538994307	4.0932670502554135e-56	7.860351882443599e-55
SC_RS27325	1698.1862456347758	-3.213613097345888	0.2387658370382064	2.6455708170684056e-42	3.0339718825913564e-41
SC_RS27330	118.64603343004296	-0.5914369573564565	0.20683003526224591	0.003447279036007159	0.004843794895487193
SC_RS27335	825.3118239863467	-0.4068616205454828	0.19473907083421596	0.03283486092800763	0.04133929733363979
SC_RS27340	346.1662829781816	-1.4899887180172262	0.20358894895261084	7.815987268441913e-14	2.588014823416734e-13
SC_RS27345	338.8383305112753	-1.9027452341291926	0.2065331527256882	7.099016291541027e-21	3.302722153553535e-20
SC_RS27350	71.39669102697997	-1.7256681483119254	0.29449457815461366	1.0303092429334317e-9	2.6592580879912934e-9
SC_RS27355	197.96579040298357	-1.1458999244267527	0.21138527897128348	2.752189487987237e-8	6.32626099888338e-8
SC_RS27360	1036.9384367063228	-1.6357315949582985	0.18121351102558383	4.9409088060100527e-20	2.1908756184917695e-19
SC_RS27365	1339.6017896334833	-0.18226689028554083	0.18885414660387942	0.32296340691335323	0.3553464880004576
SC_RS27370	551.5242769073933	-0.5465820591582302	0.1811829932759465	0.0021101143570230758	0.0030295810612959613
SC_RS27375	1156.771928333209	0.8964009858465107	0.23548050825765893	8.92491956408485e-5	1.4528114098357988e-4
SC_RS27380	40.20226753898342	0.058673062337260364	0.34881332650433305	0.8606281638365294	0.8745035248905288
SC_RS27385	1025.3583535275604	-1.7467887777741322	0.19747087944418168	2.2553765346120595e-19	9.652435615919517e-19
SC_RS27390	171.54223197692	-1.245232327316875	0.21784036195468065	4.506597918730289e-9	1.1055741480867405e-8
SC_RS27395	263.74737938809744	1.9556623216342583	0.2361560250730529	2.5866509015951982e-17	1.0108088896853732e-16
SC_RS27400	627.8641036836788	-1.6783033132982792	0.17965700313812377	2.4768235793189966e-21	1.1677811428323708e-20
SC_RS27405	1288.4246285079798	-1.4406624915926491	0.1925308350593419	2.4408320887488082e-14	8.248714859043864e-14
SC_RS27410	95.11017641319387	-1.988659330508039	0.24022182886247553	3.104008623480423e-17	1.2097758768258268e-16
SC_RS27415	53.19392810288419	-0.6547116410952798	0.3350062580705973	0.03801814220243919	0.047484041429672524
SC_RS27420	20.929781211465993	2.069476582444382	0.522939513664174	1.487602451015313e-5	2.611804874711171e-5
SC_RS27425	33.010018288131604	0.6495063487599789	0.385470982304529	0.06935796417128984	0.08372002419366366
SC_RS27430	44.285716982011216	-1.365741877920118	0.3521233640587875	3.895408440965526e-5	6.57016053149126e-5
SC_RS27435	228.59401836694846	-1.4472743924845417	0.19665253055261797	5.927086863772913e-14	1.967867561164406e-13
SC_RS27440	346.9464928231626	-2.6363024614181163	0.1907249099533903	2.1562962782802883e-44	2.7087783230049142e-43
SC_RS27445	76.902562201178	0.3392650030120738	0.2246232391070014	0.12191661918949734	0.14263257970860754
SC_RS27450	924.6751444436096	-1.54946409131052	0.21017036299294015	5.090678276274961e-14	1.693982924605215e-13
SC_RS27455	728.4082571881945	-1.5099198990300549	0.18283752890134208	4.628941599820756e-17	1.7889840333898456e-16
SC_RS27460	281.8817854156996	0.34782626307535947	0.21470699147551542	0.09718960672648472	0.11557428801823873
SC_RS27465	760.4298821883903	-2.3714484511131597	0.20049046201550813	3.900993921962639e-33	3.093110664575537e-32
SC_RS27470	63.42156753218379	-0.7609218548890341	0.2583427458707105	0.0022257591389847624	0.003185704171365225
SC_RS27475	72.33446455356548	-0.35433923385539395	0.254757824029382	0.14944930224210334	0.17303174041973154
SC_RS27480	308.01275336832333	-0.15525675582501278	0.17780393698842012	0.3766396552138913	0.41012120755275167
SC_RS27485	192.45009170622524	0.040374666573971284	0.2109846361386355	0.8462661855672018	0.8619291232558766
SC_RS27490	16.60714408871239	2.2537998300627033	0.614952141333488	4.323408314285525e-5	7.240702455040077e-5
SC_RS27495	27.43373041156737	1.4683347808295864	0.49205950508131185	9.217029557813039e-4	0.0013675327154791417
SC_RS27500	87.64028333501493	-1.236136592052914	0.23131106381666092	4.2373583474013596e-8	9.5876896145252e-8
SC_RS27505	33.54295330780621	1.5379163866431047	0.40040869565186055	3.927985343047198e-5	6.617538021391372e-5
SC_RS27510	462.9953703997445	4.755190813730997	0.26347544278124935	6.088552236130225e-74	1.8476125180750733e-72
SC_RS27515	685.4784525622454	12.293804492894456	1.3346180315403438	3.515601169405902e-25	1.938971056335013e-24
SC_RS27520	4186.06534804992	11.584686771051315	0.46684586959135244	3.2268435324870884e-135	4.174516527817507e-133
SC_RS27525	2600.287852612523	10.15128151241884	0.6054650461065395	9.155922732896069e-64	2.1779282010443746e-62
SC_RS27530	5007.503344620911	11.445046515013194	0.4327843229034963	4.585360168494024e-153	9.392346078465259e-151
SC_RS27535	4614.4793100907045	9.33924932200776	0.27626700150276035	1.406270928505009e-250	3.456613942265312e-247
SC_RS27540	2961.2698619280413	6.004371650757202	0.22825097839659472	1.1132146043664931e-153	2.4875286341207636e-151
SC_RS27545	966.22518141481	5.691174120515449	0.2599263501813637	4.747593217756412e-107	3.3662261911284412e-105
SC_RS27550	3721.9248807461895	7.5573984772481335	0.24293232679172166	1.8103172852949695e-213	1.4832532957516784e-210
SC_RS27555	2979.904683156203	8.52287429175828	0.28746023354485484	7.59625682605899e-194	4.308830602719923e-191
SC_RS27560	4700.557559267418	8.738241118370563	0.27808156471313344	1.8712204336753184e-217	1.7247974347402247e-214
SC_RS27565	1956.3334612638614	8.478620783986663	0.32155799986437	1.68076222912346e-154	3.998045379856901e-152
SC_RS27570	1212.2623955191345	2.3674248972249012	0.21396554206260518	3.054387721192834e-29	2.0438343971030817e-28
SC_RS27575	7363.523933340695	7.9247439337335175	0.24204253186657196	2.4332521742077116e-236	2.9904669221012775e-233
SC_RS27580	7842.794120943032	8.152060099789386	0.24567816497933928	1.6270646415961444e-242	2.9994936667824922e-239
SC_RS27585	2362.1779160222864	7.026583506421183	0.2513430488037122	3.640242453207434e-173	1.3421573924975809e-170
SC_RS27590	5698.202362161199	11.265624993439248	0.4117209511651104	2.0451963288694974e-163	6.557077273514641e-161
SC_RS27595	3484.5858751945652	10.839078095467489	0.43341786633192203	1.1631845333079716e-136	1.5595132270205422e-134
SC_RS27600	1795.8277810241534	10.473885139448013	0.5020388038076125	1.3720547967475263e-96	7.723306924592564e-95
SC_RS27605	436.5824838002122	10.227532444080781	0.8368702240539625	7.316568564694787e-33	5.745727007035076e-32
SC_RS27610	2121.6427862721393	9.240167706106499	0.36287527610787124	6.412731138143943e-144	1.0508328758371875e-141
SC_RS27615	1628.3467425012336	9.352506395865957	0.3936082045199836	5.67747005426048e-125	6.24860659404728e-123
SC_RS27620	1002.8339539514205	9.106569362873408	0.43587486848387413	4.4377619472616556e-97	2.5367485735742207e-95
SC_RS27625	60.11219038246853	4.381938721348632	0.40050626493922403	1.74799633236131e-28	1.13266475877261e-27
SC_RS27630	59.40174175417323	3.6524330878010436	0.33718144813743134	4.632770981516076e-28	2.9248333234331804e-27
SC_RS27635	34.27317489437658	0.3913159203257993	0.32867353298828555	0.20882364348990587	0.23693884399054713
SC_RS27640	39.895506858096844	1.245683183257406	0.3339509313140014	8.326144922574612e-5	1.359844798650392e-4
SC_RS27645	47.46871995669337	2.059868956639275	0.32375312118542243	4.7977559577643866e-11	1.3628140382339979e-10
SC_RS27650	13.21642098694335	1.3736532287629466	0.5421253720076602	0.004131285252086928	0.005756632170991875
SC_RS27655	112.22740733527259	-0.4820234601736608	0.20129925551886255	0.01446537446564014	0.01901045648006245
SC_RS27660	484.6602645282626	2.691826161223601	0.2107604416008643	3.149708189315148e-38	3.0803644811684215e-37
SC_RS27665	454.62432790049365	1.4034412333134398	0.2447051464717672	3.5373745177161775e-9	8.762042221578467e-9
SC_RS27670	444.6476967498599	0.7044517575758026	0.2234823340393871	0.0012110852616721143	0.0017740450376579602
SC_RS27675	117.01781375868912	1.539874160069189	0.2607888912566097	1.1237448720003556e-9	2.8923192621747375e-9
SC_RS27680	835.827335739273	1.4778846481136914	0.18582175790526362	6.218158257372147e-16	2.273311799199911e-15
SC_RS27685	168.2966038507652	-1.4296210709985744	0.1936053306549658	5.447420505824912e-14	1.811058557707525e-13
SC_RS27690	31.881657896870706	2.0179662721677234	0.3581578961779997	4.354371615993257e-9	1.0710185555815303e-8
SC_RS27695	71.33634166155126	3.7888276389161923	0.36742295350055215	6.199169961130444e-26	3.5491210631503027e-25
SC_RS27700	25.09035663657485	2.222164435916189	0.4300399926580659	4.6418376372526314e-8	1.0442010597041156e-7
SC_RS27705	22.90228395734063	3.2707751140195023	0.5011343631583602	1.3832194170271661e-11	4.0588380346829775e-11
SC_RS27710	80.53355877637935	2.7535659359287745	0.31318063294212206	2.69504363428805e-19	1.148742876256652e-18
SC_RS27715	3282.614474023547	-2.76281243271598	0.18106769719524643	1.454401926675831e-53	2.535404209765385e-52
SC_RS27720	1922.0364142462774	-2.9195337157084156	0.22391567064625784	1.0809797522185346e-39	1.1242799284710119e-38
SC_RS27725	9643.857819030272	-2.2472315137134813	0.22916993896663002	1.4964473527895873e-23	7.716645300328963e-23
SC_RS27730	1436.3498082736976	-2.7477670828659035	0.2057246509832362	1.2461749153006098e-41	1.3986748592734699e-40
SC_RS27735	2056.530647559733	-3.084849457646196	0.21477202193733622	8.957166274241157e-48	1.30019968713099e-46
SC_RS27740	2199.726474812265	-2.9916426453865923	0.19456112988224583	2.3678587452531358e-54	4.2380073756059765e-53
SC_RS27745	34.77933281127029	0.8539461662536257	0.3981651624117091	0.01998630081768624	0.02578358681413897
SC_RS27750	13.248635229158769	3.5047688483938226	0.7109876356083573	1.380107428253003e-7	2.9592649537474974e-7
SC_RS27755	13.874865998688094	3.167061065614964	0.6934584911171652	6.706312934153649e-7	1.3463749408235505e-6
SC_RS27760	12.88728219765242	1.91409185864718	0.6299628398509068	5.335072393058175e-4	8.088162793258837e-4
SC_RS27765	31.86141802318465	0.47353045677688566	0.399218249540774	0.19852368562576242	0.22601723912372582
SC_RS27770	876.2108832617286	-0.2732148742432874	0.17290724299821109	0.10768543312277899	0.1271533040588266
SC_RS27775	1328.9589034234662	2.8279149332366593	0.2162570449640439	5.9217750639071e-40	6.220394490206688e-39
SC_RS27780	157.5085344210663	0.8560435376658413	0.26948101312952827	9.691150608972035e-4	0.001435567388319803
SC_RS27785	202.7200216895854	4.310962830701975	0.29504951780920396	3.3040152690521072e-49	5.0547320734419586e-48
SC_RS27790	423.6160841603793	-1.597370675947284	0.1804564085213896	1.8621092573624197e-19	8.00652691766209e-19
SC_RS27795	138.74489235892622	-1.690077749645205	0.21818856524247598	2.2785914854777507e-15	8.093609640613166e-15
SC_RS27800	2245.8897835625653	-1.1320435645121827	0.2138932047763846	6.52664631397149e-8	1.4413743611627963e-7
SC_RS27805	85.62176644062406	-0.7399903957096554	0.21330065335880402	3.661927777041109e-4	5.646812092827507e-4
SC_RS27810	22.21740574210347	1.4381021190666294	0.4516656876840328	5.012818180188601e-4	7.618409163378142e-4
SC_RS27815	59.65590184927194	-0.20614834258056453	0.2470436245580266	0.38891299462004386	0.4225496423056142
SC_RS27820	112.24108337814911	-1.6522691932321474	0.23023392897144837	1.9588732978277065e-13	6.332631169742003e-13
SC_RS27825	32.48774830630092	0.2274009049600368	0.3386187488145212	0.4789231022841944	0.5123428052000071
SC_RS27830	152.81249479118458	-1.1431251027747618	0.18979246090342755	8.491603637482505e-10	2.2094948914183485e-9
SC_RS27835	1862.3687068987638	-1.1279038309003082	0.22879568400546016	3.9608942598480865e-7	8.135831273570972e-7
SC_RS27840	351.82178427778234	-2.274352281388436	0.16680426204260268	4.391115455987319e-43	5.247987904773175e-42
SC_RS27845	397.0865752697094	2.788557753215849	0.25491817493732777	9.26906326716638e-29	6.059403593269937e-28
SC_RS27850	156.00640702516893	-0.03829585532941825	0.2059613208062436	0.8477626426719377	0.8633340321865584
SC_RS27855	294.5392851941448	-1.8990155300514266	0.18543241617827105	2.4044458341227986e-25	1.3361253640408076e-24
SC_RS27860	2077.1262585380664	-0.11487927049812421	0.20885319641517683	0.5728132580737303	0.6041946738715044
SC_RS27865	92.51183548569423	-0.5968931307959731	0.2315081039735373	0.008035011039330457	0.010841751400553119
SC_RS27870	191.64317626094223	-1.5324395317163604	0.20324071996621154	1.3977166100542353e-14	4.78494070684305e-14
SC_RS27875	120.9141428085319	-0.9563140440947934	0.21017725465218795	3.2011330262736953e-6	6.034037560261306e-6
SC_RS27880	57.672492184555075	-0.9708703500904496	0.2841800511837397	3.6218010403945997e-4	5.589610898256547e-4
SC_RS27885	776.4947279135984	-0.37980727486385607	0.2025548857522306	0.055172221895572846	0.0675140996113432
SC_RS27890	4003.80035385429	-1.3044482253813579	0.26336426170607774	2.8448588688868244e-7	5.919297206312484e-7
SC_RS27895	332.68208958631106	-1.7734884581875496	0.1714928830276687	1.1186157800760826e-25	6.31114977986307e-25
SC_RS27900	3826.1905985561816	1.0182763976216933	0.20723582370222068	5.08588109967235e-7	1.0340029564098126e-6
SC_RS27905	1622.0403286825535	0.8420605811574398	0.21514335574219934	6.0374112570486436e-5	9.968623065265718e-5
SC_RS27910	1118.1495047174615	-0.6894696467580325	0.19616883979376237	3.2594093010627047e-4	5.058910584305701e-4
SC_RS27915	692.6660356896142	-0.6337188920836453	0.19706679333970598	0.0010006600026706508	0.0014799171399304813
SC_RS27920	700.9722911843941	-0.8965156820999933	0.2109038452743593	1.2992655052043038e-5	2.2926020185155624e-5
SC_RS27925	1775.4118690583318	-1.0168314094241786	0.20422683447551743	3.413695415786832e-7	7.041283914968419e-7
SC_RS27930	83.06355237202501	-1.275198627770728	0.23553089115243428	2.5978854611082047e-8	5.99211992186797e-8
SC_RS27935	245.5544381356364	-1.2675201445189581	0.20710586152400304	3.8419543546273834e-10	1.0231336732041287e-9
SC_RS27940	70.94179132531212	-1.7112722777444027	0.28815102555044414	8.60539731128092e-10	2.236735980732658e-9
SC_RS27945	241.3612730960649	-1.0857210663738965	0.17487097301135957	2.668713273367539e-10	7.174295179661768e-10
SC_RS27950	91.91972657705438	-0.27510357996927454	0.24731537788039376	0.25100388850269295	0.28052480658060897
SC_RS27955	94.63427398993696	-1.4516517972106224	0.23904406463045896	4.6000606012301977e-10	1.2179837297476293e-9
SC_RS27960	40.60910845300657	0.4658482181141642	0.28719874803203593	0.09104627626535672	0.10860162426087681
SC_RS27965	110.78463054047965	0.810035316644742	0.20889155589050004	7.301956378974343e-5	1.1984114475530115e-4
SC_RS27970	437.14446134111205	-2.4349186575617097	0.20097400072799868	1.1113663404224064e-34	9.408972898134129e-34
SC_RS27975	69.23309995277519	-1.9345194844593845	0.33043085115113746	1.1856163379118178e-9	3.0473108664209634e-9
SC_RS27980	1061.0267603112566	2.904780665713266	0.3281455942606458	1.0128184332267331e-19	4.419244453617711e-19
SC_RS27985	187.20242196311398	0.4406385612846046	0.18410840921347735	0.014804135070346957	0.01941413693913186
SC_RS27990	210.57056988057002	-0.7751828340439957	0.18129780642507548	1.3389384470959379e-5	2.357529156849438e-5
SC_RS27995	2449.7310500966823	-2.189619404691599	0.1991207421603921	7.372649618840993e-29	4.845447262863946e-28
SC_RS28000	642.3792127067761	-1.7095226304350895	0.2118556482997163	1.7768056165716092e-16	6.644099704157732e-16
SC_RS28005	366.4104205772735	0.6101669991640057	0.22565744844316177	0.0054756411839850415	0.007521866261308811
SC_RS28010	2795.3644250329585	0.09021959780814291	0.24478046096112221	0.7035083514454459	0.7279919426829522
SC_RS28015	903.1707436119275	-0.6712731005057198	0.2131137135051462	0.0012314532653214566	0.001802806507540286
SC_RS28020	165.2766270583899	-0.6023858338331107	0.22881153273421864	0.006639056561410495	0.009037549027845853
SC_RS28025	798.0735078741651	-0.5114870996210825	0.20823062231004646	0.012332593754630486	0.016323917850770992
SC_RS28030	873.4426918480262	-0.5698631381523579	0.19650980128264062	0.003041459369451422	0.004310536496316507
SC_RS28035	1840.371919973437	5.812241881094309	0.2903056469701555	7.143593944817551e-90	3.420575438252248e-88
SC_RS28040	486.0553586292716	4.346478976074383	0.3217773022817179	2.5526816154207727e-42	2.9320053321047944e-41
SC_RS28045	762.8018762103679	6.53952587360554	0.4621279203879109	1.1091338794594792e-45	1.4789788837494034e-44
SC_RS28050	699.4197905017298	5.490698927557627	0.3600895291948255	4.032520309657781e-53	6.963888703376225e-52
SC_RS28055	8561.247558120136	0.2714692307615809	0.2314656829350168	0.2259062712419597	0.2545977142195034
SC_RS28060	720.6243186282626	-0.43405344624732484	0.18866703546624536	0.018921216318042146	0.024485712365451308
SC_RS28065	31.619722310332847	1.0936741266421048	0.3347256276517513	5.587300357232387e-4	8.454905157855864e-4
SC_RS28070	576.8046450105022	-1.079800707949889	0.1857564318797336	3.185024995722968e-9	7.918534834275513e-9
SC_RS28075	94.05728652344355	-0.7633449556536089	0.21469867535486462	2.637477284766755e-4	4.1327576493561523e-4
SC_RS28080	178.61685652705935	-0.5486555090034799	0.2105554185607728	0.007668121137077262	0.010371372939253068
SC_RS28085	280.81131288656553	-0.8781120561789083	0.1777698718760192	5.074204117196538e-7	1.0319134351960087e-6
SC_RS28090	904.1664193650695	-1.3025206005989536	0.19704478863425912	1.5245203768850478e-11	4.4628079631402705e-11
SC_RS28095	485.6408386635484	-1.7280804966844208	0.20738513960262767	1.9172265747923647e-17	7.536049446971694e-17
SC_RS28100	487.02848870891034	1.3040834207593217	0.2917923653886858	3.1523263759814837e-6	5.945077927490399e-6
SC_RS28105	394.78788627328464	0.1069928085923371	0.19689833944581997	0.5805772300768111	0.6116840255159887
SC_RS28110	1026.5036807240785	-0.6865155335137133	0.2155618568280405	0.0010791031417979665	0.0015892363825880176
SC_RS28115	184.6264293300202	-1.8786302269437447	0.21089604467131515	1.0906760807676677e-19	4.742125837016969e-19
SC_RS28120	151.14260113512896	-2.317998493934218	0.22556597080431262	1.143277796898461e-25	6.440435809266044e-25
SC_RS28125	368.7302334312278	0.31499583125054914	0.18287841590615347	0.08033759796171291	0.09651506148088483
SC_RS28130	61.832435375901774	1.0082191316512605	0.30063223759022384	4.388235479890593e-4	6.702329831962145e-4
SC_RS28135	134.5241270915957	0.6838181525187113	0.22887394615694495	0.0021105177531702403	0.0030295810612959613
SC_RS28140	1489.3146321501883	-0.40917700808402063	0.20365604724965897	0.03981113413904863	0.049597449424116334
SC_RS28145	335.50911659384474	-0.1895330760939224	0.2101772569610008	0.35511030366544616	0.388168304065965
SC_RS28150	650.1829415135999	-0.08294426795834825	0.23360843342036036	0.71324791020583	0.7372427936442095
SC_RS28155	727.5439634975364	-0.5892422629660293	0.19505374199530146	0.00201826336725966	0.002904503136255412
SC_RS28160	3778.7707270908213	-0.47419788727159934	0.20619648353810446	0.01823148984316869	0.023648022181798754
SC_RS28165	471.82807727383056	-0.6104502243884011	0.1903033676889993	0.0010574009638485563	0.0015585198295860992
SC_RS28170	252.51565891285463	-0.2594301767120449	0.21580438138467953	0.21700959965796232	0.24539622571351236
SC_RS28175	223.83573480658254	-1.1231538907633556	0.18277874584038353	3.812307199171576e-10	1.0159722908092232e-9
SC_RS28180	529.4579684082902	0.19892014308133169	0.1837927914561257	0.2713842496074726	0.3018837617446829
SC_RS28185	589.1098762017264	-2.0313632116646096	0.19270387620566048	1.0030929928544469e-26	5.965167523636041e-26
SC_RS28190	7329.409219347204	-1.6341387696287224	0.21650735754529468	1.2527115697383214e-14	4.3005098301910527e-14
SC_RS28195	6.722213334449114	-0.20233222971347395	0.5821643959482871	0.6727740037256782	0.6994269707420204
SC_RS28200	612.9471711365799	-0.01999522465489437	0.19887244537328574	0.9158625943285399	0.9247242054786868
SC_RS28210	415.34147849930963	-0.14766437129570265	0.2555381877422218	0.5485761929127309	0.5812070181808157
SC_RS28215	23.478773021069784	2.4786518396424464	0.4681505959192471	2.3549533066937205e-8	5.4573933637836255e-8
SC_RS28220	126.75268666121438	-1.3398983090228778	0.2128286257760638	1.2238790427926952e-10	3.3725276762157453e-10
SC_RS28225	57.78336074011346	0.8261947198288478	0.24993446248543608	6.380282692505173e-4	9.591886763411446e-4
SC_RS28230	154.92958120302256	-0.8997295136642232	0.19567152976791746	2.5869894401897614e-6	4.91408040493542e-6
SC_RS28235	279.11034949984855	-2.759337799512656	0.17570365986833725	2.364678110714056e-56	4.576676217429252e-55
SC_RS28240	616.8179407408657	-2.6060809087365913	0.16692226994694634	5.932563932787698e-56	1.1274929494942395e-54
SC_RS28245	100.60782197620645	-1.516107434912613	0.2327743118880349	2.3094342579750322e-11	6.678340477767799e-11
SC_RS28250	276.8241741502118	0.42010431222067024	0.1905089267628114	0.024568858894542033	0.03137699436930256
SC_RS28255	92.09977775965848	-0.7032976561310549	0.2255548700767057	0.0013308325512981312	0.0019440489764802732
SC_RS28260	3166.73079332366	0.3466929231934736	0.22187359292988343	0.11068906781791185	0.13050497949186782
SC_RS28265	729.0325124440924	0.3773168270310046	0.200831037504598	0.05468158856429666	0.06698040433108365
SC_RS28270	1186.8215203869197	2.0698949786634797	0.2043352489401269	8.099351775556342e-25	4.394747608017105e-24
SC_RS28275	410.1630245022321	4.408102639532755	0.2926136984553006	3.1031570314742163e-52	5.200609079566107e-51
SC_RS28280	1144.302920950902	-0.3837195685857119	0.18798854207305168	0.03695180609195718	0.04619915532758431
SC_RS28285	663.9907150754223	-2.353628980223281	0.21551602090248298	8.791646484975038e-29	5.757513426306033e-28
SC_RS28290	131.63432699736046	0.9586195958629626	0.23776845617270298	3.233539247931354e-5	5.4965694823065484e-5
SC_RS28295	264.3632214213983	1.5312957079454639	0.2133169584166831	2.2492300802772653e-13	7.245881438167127e-13
SC_RS28300	1079.4534484757858	-2.329248532396854	0.20350564121803968	3.4738246446217513e-31	2.5237421605360387e-30
SC_RS28305	107.09504239277327	-1.480704446561801	0.2499521287268697	1.1005760708243279e-9	2.836647307325618e-9
SC_RS28310	1625.7109198716455	-2.4352594374184573	0.20492560724985798	1.9557542351160173e-33	1.562484477762244e-32
SC_RS28315	3337.423160510747	-2.679203915079344	0.20042288952787587	1.14847921700498e-41	1.2929596559075912e-40
SC_RS28320	127.43022573987395	-0.8723174122175301	0.21461621937994652	2.9974227141021474e-5	5.1164340494882486e-5
SC_RS28325	452.73093340066566	0.24360003991501522	0.19288136883697976	0.19890905617122778	0.22638607504346867
SC_RS28330	89.66899302412266	-0.01606534678221687	0.2536608461235859	0.9467461465049347	0.9516502295975175
SC_RS28335	124.29952102928458	-1.2532192236762258	0.21437575571562156	2.2489556437846033e-9	5.6561387848798315e-9
SC_RS28340	139.08712760627284	-1.3310683318547412	0.21525987683204822	2.564436990669197e-10	6.906558936886288e-10
SC_RS28345	45.297186739553894	-1.0968746029856387	0.27899253632363963	4.2781364446390366e-5	7.169767759720059e-5
SC_RS28350	20.60902852080453	0.2832641875553439	0.43154974186774925	0.4719478495915517	0.5052473058780637
SC_RS28355	55.06540856884044	-0.40881647719141617	0.3027817679394658	0.15660246717779402	0.18083097290464348
SC_RS28360	232.26306304475807	-0.7823729448482705	0.1816757125673789	1.1415807611098897e-5	2.0284377186564643e-5
SC_RS28365	57.561386031631855	2.07827916667652	0.30805627877658426	3.6284106926833277e-12	1.099256386517948e-11
SC_RS28370	200.3635712902336	0.22610962665847875	0.19009628004386445	0.22598356119007032	0.254645901622185
SC_RS28375	262.9845543726129	-2.123236969736373	0.18452860579543115	2.7237660870858163e-31	1.992564595850279e-30
SC_RS28380	1659.58654291115	-1.117420705305108	0.24385353464163154	2.224782402305306e-6	4.245741572101275e-6
SC_RS28385	303.9909924089894	-1.64451958283871	0.2103865028614728	1.508086348975099e-15	5.4246969450450634e-15
SC_RS28390	218.8835331382819	-1.3494379032618184	0.17955937414950487	2.091385211812664e-14	7.103581092541035e-14
SC_RS28395	1357.731134005812	0.5292864330540453	0.18977171894637754	0.004502036269253826	0.006240228467946939
SC_RS28400	799.0690640965989	1.0357279460987343	0.1869345029488239	1.6568456105841984e-8	3.882294099919885e-8
SC_RS28405	162.7522108974532	0.6994554714814064	0.22913520067811205	0.001679892059785915	0.002434411202219754
SC_RS28410	101.15057055652238	0.3238732698292446	0.22214831502676075	0.1354721858998515	0.15736797398007324
SC_RS28415	73.31946777900463	1.667621171203944	0.2816940129482301	9.440007509759698e-10	2.4441929556519664e-9
SC_RS28420	200.58611311085122	3.8539198287605774	0.30015895088805516	9.85427605204731e-39	9.84626444550093e-38
SC_RS28425	1434.6602646385409	6.58325558955236	0.33036324613230417	1.442676829708073e-88	6.607639094575982e-87
SC_RS28430	1013.7560036286624	4.490917745043758	0.23089333285101038	2.3941515693725884e-85	1.0146249237099694e-83
SC_RS28435	84.56425835051097	1.7651474859870107	0.27980750997903264	7.740246021685359e-11	2.1636305596629202e-10
SC_RS28440	78.44191604704594	0.8931844623612254	0.2599532640238776	3.652432702471753e-4	5.63452693473362e-4
SC_RS28445	41.08357119650746	1.289961454633237	0.38774596765829483	3.4681457764431154e-4	5.365947745592012e-4
SC_RS28450	762.547785055172	0.4980953419867535	0.2570502587669602	0.04683219944064759	0.057865388517985145
SC_RS28455	246.16667616726676	-0.6891695993619069	0.21315755780121598	8.477430941575871e-4	0.0012618606330880191
SC_RS28460	345.39896026363806	0.5354708176222571	0.1893081883509702	0.00394271401846199	0.005502190229397939
SC_RS28465	755.7974043653855	1.677412079572711	0.23368991445800655	1.9547400229499333e-13	6.322040758435443e-13
SC_RS28470	216.89438964005888	-2.688661071201241	0.18891312988077857	6.352134560688714e-47	8.828411624353051e-46
SC_RS28475	251.0396655492409	-2.3469748334774105	0.17603442215020068	2.1651691430955893e-41	2.408138350103601e-40
SC_RS28480	223.5196394515985	-2.29899852674826	0.18922155645076194	8.117128857230752e-35	6.9197350512392555e-34
SC_RS28485	1608.812845144856	-0.11319198121504927	0.1935758549248075	0.5496536442484613	0.5822649005441968
SC_RS28490	910.0394659329537	0.13701967126305453	0.19898628601319987	0.48292171504284925	0.5163208245216718
SC_RS28495	40.29680474191312	-0.3201035199354638	0.29235019238267745	0.2515437989083125	0.28108561496437284
SC_RS28500	190.8816719612903	-0.34461686162798466	0.19793260928587478	0.07515181755921267	0.09046188421182406
SC_RS28505	266.8554517143431	-1.9491340677795408	0.207916554260519	1.7513879856026067e-21	8.33208710053782e-21
SC_RS28510	278.2506995149842	-2.231552324805897	0.20901679984075358	2.302409722961747e-27	1.4089601076448067e-26
SC_RS28515	81.88826389045897	-1.0747501711279672	0.23600434808053683	2.8367234150613796e-6	5.371853739769546e-6
SC_RS28520	81.64840439840765	-0.909330305131345	0.25482633336174465	2.133801708288484e-4	3.370748456923582e-4
SC_RS28525	93.768665093896	1.814152143729702	0.27809722742079573	1.597178217536651e-11	4.664392941035748e-11
SC_RS28530	268.11408665304816	3.359438514444963	0.22740600280522075	1.9490436468941798e-50	3.0709931308114707e-49
SC_RS28535	118.95869826516358	3.439902700709751	0.30901560275461853	9.891159699515965e-30	6.759723042097379e-29
SC_RS28540	241.49453442711203	4.107444807887278	0.24928112747788628	4.2118313531345696e-62	9.594109543890186e-61
SC_RS28545	15.770177175671494	4.102043462352099	0.7405855896851504	9.194650424119316e-9	2.197774788572312e-8
SC_RS28550	117.26174285336589	3.658092472904575	0.2819637397404807	3.2438479935389555e-39	3.3222409867161473e-38
SC_RS28555	108.60452389138196	4.116072217757556	0.3178055884388563	2.7103216693364215e-39	2.7864067224975e-38
SC_RS28560	978.4364997797082	1.7869610507768663	0.19080026352107812	1.9187252439593533e-21	9.087141906844105e-21
SC_RS28565	58.95016917646626	3.237440448402634	0.3660988244638886	2.0457489694242065e-19	8.775656137599825e-19
SC_RS28570	40.648770799221474	4.361293779985179	0.48440360132257165	6.893377224706707e-20	3.027502302262493e-19
SC_RS28575	63.4653610528006	4.50248904497509	0.4144503923010921	6.554520970410583e-28	4.102974332411514e-27
SC_RS28580	29.856183113268564	5.545848820442917	0.7537848945495912	1.8260279133977684e-13	5.918738388305557e-13
SC_RS28585	99.81221582275921	1.1988975522328333	0.24656868798470824	5.445737587825492e-7	1.1047281698108716e-6
SC_RS28590	15911.47243805919	-1.6120418726711228	0.23436928717660432	1.767636518951841e-12	5.453787318305806e-12
SC_RS28595	262.07454408627603	-1.6715444285569308	0.21405019260153463	1.643195733662446e-15	5.899184683557389e-15
SC_RS28600	476.811477745176	-2.0225136102778882	0.16158719552293332	1.1120617529831665e-36	1.0224867040521034e-35
SC_RS28605	62.05317409038477	-0.6324891900249229	0.2601274660610072	0.011719277329673846	0.015537208023914947
SC_RS28610	2233.4781212387193	1.7877444945657883	0.22556419934276717	5.648349028828439e-16	2.0711549347877132e-15
SC_RS28615	96.93243638002463	3.339528713046977	0.31168592186340915	9.405015676045243e-28	5.867393028355129e-27
SC_RS28620	59.69942517849141	-1.6845889037210042	0.28229966778554216	7.49536096398678e-10	1.9599571541999474e-9
SC_RS28625	84.39110709630614	-1.5985262605794852	0.2596842361446927	2.5295319737409884e-10	6.820025146020494e-10
SC_RS28630	1960.067286469889	-2.322966797759986	0.16296405043390527	6.633957927055979e-47	9.178012336606153e-46
SC_RS28635	382.76318851022785	-1.806511969994554	0.21399351315684093	6.8548709039143566e-18	2.750153321298393e-17
SC_RS28640	330.6177513928194	-1.4637377240022607	0.2565909031352522	3.653924665081789e-9	9.044659442871135e-9
SC_RS28645	508.4372672715283	-1.4514430084905985	0.20597261824879942	6.003940902616939e-13	1.895250865406563e-12
SC_RS28650	1106.2924877660928	-1.9576532918943887	0.18096071515305504	5.734428883104222e-28	3.6079930532432194e-27
SC_RS28655	76.6569498956111	-0.8825576564774383	0.23966927310055455	1.479050541175801e-4	2.3714978670646565e-4
SC_RS28660	46.23332242117695	-0.6324009137779114	0.30074706713879884	0.02737447177748341	0.034743434576103724
SC_RS28665	32.60611390306097	-0.5725723742011011	0.37683196340678443	0.1018180624770195	0.12068901988515379
SC_RS28675	184.29971432869246	4.618190414255888	0.4415090114911471	5.626227568612016e-26	3.228622730812841e-25
SC_RS28680	192.46428520803636	5.610208556637196	0.5870443198981486	1.0468861824780446e-21	5.032424191390549e-21
SC_RS28685	22.243595335507006	2.86321922743815	0.5829597326860154	1.0601292198776431e-7	2.2972062495967502e-7
SC_RS28690	23.92324268550294	3.1285197150114117	0.4806016058080954	1.2876472762112084e-11	3.781406218550956e-11
SC_RS28695	14.71682992009819	1.2161643127790394	0.48142992975985877	0.0049686615878213125	0.006849674808112612
SC_RS28700	45.46637433668871	0.13288013150905842	0.3300683299552905	0.6727568564820721	0.6994269707420204
SC_RS28705	49.43193789528194	-0.9559294619186327	0.2935681240644218	6.683962765341391e-4	0.0010034108597644018
SC_RS28710	98.2313357240775	1.6997137226239611	0.2546025254759874	6.437436340711778e-12	1.924965757356393e-11
SC_RS28715	83.2048600815307	2.024656013280238	0.26632295361266106	6.335462657050814e-15	2.2057460638853964e-14
SC_RS28720	26.835752462846628	1.4775326919658478	0.38355936623557785	3.912393648355473e-5	6.592776682580726e-5
SC_RS28725	24.328208650480505	1.385329479422222	0.4171177198861428	3.3353505380024723e-4	5.169162435315306e-4
SC_RS28730	205.5158825418473	-1.7639219169327822	0.19578508219254365	4.702377834363168e-20	2.0901346685107899e-19
SC_RS28735	76.75963659399203	-0.34020457745682875	0.2436574831993837	0.14925298376528567	0.17283158013272873
SC_RS28740	139.0953429067326	-1.5563817264481292	0.23582097322663367	1.17176768084189e-11	3.453483164879335e-11
SC_RS28745	206.94900078103933	-1.4734647931612108	0.20239700168700164	1.1200588723842953e-13	3.685548471647387e-13
SC_RS28750	22.359986390211837	1.4665008361043552	0.44277226843953943	3.0596089698297507e-4	0.00047578145389128176
SC_RS28755	20.127593656776284	1.849164639269808	0.4768655351318087	2.881481866757712e-5	4.926512238690325e-5
SC_RS28760	8.468890844990652	1.859925574194389	0.7681629782035193	0.003858928535801097	0.005393430444085915
SC_RS28765	27.058293583719756	2.6077406880970426	0.46982870049762876	4.689260702320698e-9	1.1491727623433973e-8
SC_RS28770	24.609370377393173	2.3264118498788866	0.4515365951295889	5.51645328723371e-8	1.2296954818640077e-7
SC_RS28775	7.026688153998766	2.1772514201815563	0.8607700609368403	0.002324067232048834	0.0033225420258100238
SC_RS28780	28.190276695796232	2.4948021840964487	0.48141773230510043	4.059322335455911e-8	9.204625738515341e-8
SC_RS28785	33.2336871560846	2.8893623043299375	0.46433173588676074	7.001892551012501e-11	1.9654341709617885e-10
SC_RS28790	20.448115823987862	0.5305887490959752	0.4412451260623055	0.18464617312859574	0.21109781095352945
SC_RS28795	84.24957537043684	-1.4273104342638134	0.2381849745182767	7.07887523571479e-10	1.853679900147758e-9
SC_RS28800	18.719404039559937	2.2346698408171917	0.5051638189473505	1.9436777713575666e-6	3.733440970562828e-6
SC_RS28815	13.050024952164831	2.4513569373492095	0.6606541282331804	3.1167587303592594e-5	5.310300110367186e-5
SC_RS28825	677.7817257072874	0.05419616983543154	0.1894501690087897	0.7724354638055632	0.7937484824557167
SC_RS28830	98.06017079296834	0.1365244408876771	0.21727296039666652	0.5206487091593011	0.5536068610440787
SC_RS28835	358.79812293121245	-0.7675197822960639	0.15964920979320046	1.1577710131384767e-6	2.2784636911884513e-6
SC_RS28840	350.21053470550595	0.18775660704802694	0.1720013191217481	0.26891739417697125	0.2994106695849292
SC_RS28845	122.52343554342049	-1.8802164011554694	0.22197599475697727	6.021704587999154e-18	2.4251255943148967e-17
SC_RS28850	61.552661599018535	-0.7984175442840377	0.2697946286698984	0.00212672994503667	0.0030516650349679715
SC_RS28855	145.52578389819055	-0.9467331636798811	0.19975059491154404	1.2414770824213178e-6	2.4328068046172727e-6
SC_RS28860	73.23969234893322	-0.8810845736380901	0.2550707783919365	3.577080706517261e-4	5.524061388451996e-4
SC_RS28865	8.773354471944405	3.27212547245865	0.8328632923192036	1.77622466399394e-5	3.0935003949672445e-5
SC_RS28870	22.688482348834903	4.044912798928993	0.687517157305187	9.079949944547882e-10	2.355930713972417e-9
SC_RS28880	9.152146844801484	4.231257408976775	0.9566299941254297	2.8309800236470037e-6	5.362354660768818e-6
SC_RS28910	19.29967771939051	6.069781766668405	1.0508389995302156	8.73741647835422e-9	2.0932329145998706e-8
SC_RS28920	28.038269502079615	1.5294927794444317	0.4277463987683898	1.0901295012688298e-4	1.7640146900057825e-4
SC_RS28925	28.15454916440556	4.629619325065585	0.5669769411014133	1.3901506487311724e-16	5.22475580211196e-16
SC_RS28930	16.559608692569995	-1.0980532917987926	0.43657850244283936	0.005717734161442323	0.007839823671713592
SC_RS28935	1626.8257589690722	4.276656173322704	0.23427338699966432	1.7497878629721132e-75	5.537740644444791e-74
SC_RS28940	250.32625264434142	-0.6847152844294432	0.20083949654609046	4.789670235830867e-4	7.294305724704009e-4
SC_RS28945	535.2668244353559	-0.362968902577523	0.20150545486425056	0.06530877175014536	0.07909129296856166
SC_RS28950	1306.0060850504037	-1.4219694640649017	0.23049713078408454	2.396411363565206e-10	6.465838783362542e-10
SC_RS28955	1977.197549271283	-1.270119037069875	0.2016590523540865	1.3039754843794283e-10	3.5825317517935556e-10
SC_RS28960	747.3081241401869	-1.1305201294508447	0.20342097246094262	1.3214642743631208e-8	3.125233341614385e-8
SC_RS28965	5007.3983402871945	-1.5106086974532762	0.2176080446130155	1.2115989900479504e-12	3.7634081519012574e-12
SC_RS28970	357.6356778972259	-1.409845235863213	0.18723732101625334	1.7787360970834302e-14	6.061182985163223e-14
SC_RS28975	1889.8849999445822	-1.6897216665661001	0.2146466026290615	8.102188859517914e-16	2.9416809773552487e-15
SC_RS28980	895.9887267545954	-2.8257666461856443	0.20383184357655768	1.0881370881043747e-44	1.3906278834803567e-43
SC_RS28985	341.64968587231186	-2.7144453204306114	0.18901720607004632	1.5212820120132856e-47	2.1995948150168567e-46
SC_RS28990	212.71506661487416	-2.126001446252502	0.1967541077796213	5.561129007619162e-28	3.501944090707404e-27
SC_RS28995	135.05589213546295	-2.1362619631245647	0.2364953326496588	3.118133054367228e-20	1.3960603001156005e-19
SC_RS29000	67.3431958519172	0.6454699752150342	0.2436819010877569	0.006349144678361145	0.00866689982566366
SC_RS29005	899.3142288458813	-1.6512333318463348	0.1625011875745756	7.926922203955964e-25	4.30435377996843e-24
SC_RS29010	1670.3418362769282	-4.398765804251443	0.21091968620662857	5.85812110886371e-98	3.374826957559453e-96
SC_RS29015	3006.1155220744577	-3.7286768810564417	0.19177479218350396	2.5672970636659575e-85	1.0817856312841582e-83
SC_RS29020	2586.859197936188	-2.927845923970055	0.231977206817274	1.898164822743241e-37	1.7967994098727416e-36
SC_RS29025	9545.697346146177	-3.0449060674459054	0.22271365297328052	1.6129709186918894e-43	1.9594806514718275e-42
SC_RS29030	10416.515311336836	-3.3816142295131417	0.22626661410933177	1.6337957288692316e-51	2.6713103558052584e-50
SC_RS29035	12835.773987254192	-3.061147151122565	0.23012563082170603	1.2754993528506263e-41	1.429412192693088e-40
SC_RS29040	7854.610064610674	-2.9247866786248986	0.23922991142822192	2.721726529758673e-35	2.3584032233185026e-34
SC_RS29045	10014.823766922113	-2.5900078076451187	0.22679025831297372	4.5103501128073185e-31	3.2607178168471735e-30
SC_RS29050	2596.6369558440697	-1.7462093143800246	0.21543419096810945	9.933054820334993e-17	3.763943794714812e-16
SC_RS29055	360.729184929095	-2.0463219127424566	0.215967620053753	4.63934977848683e-22	2.264100944180138e-21
SC_RS29060	56.509092786289365	0.5226747734414804	0.29317419368379183	0.0627959987738848	0.07623603802414003
SC_RS29065	47.63549120618481	0.16711754854642025	0.2752439640441347	0.5292848639135836	0.5620602803137623
SC_RS29070	70.1540810451531	1.1558845812641145	0.2913435119849678	3.502624700796884e-5	5.936188127712302e-5
SC_RS29075	29.83442135715616	1.3700591692418969	0.3523286066930351	3.874312688971263e-5	6.53757019873549e-5
SC_RS29080	23.141918573160662	0.1529733134665844	0.4066918620954794	0.6826085349929938	0.708253178139628
SC_RS29085	522.835456041505	-0.6810015394596435	0.23043382144162236	0.002307936244654486	0.0033001205871790143
SC_RS29090	14.52790996505479	0.8013693018756054	0.482169444788611	0.061179245469760696	0.07438347173850213
SC_RS29095	25.53133444270657	0.2490877683494819	0.3495609773291633	0.4495366144495092	0.4832190954738602
SC_RS29100	92.37680845680833	-0.8217085809901379	0.23450775109394195	3.082857564429316e-4	4.792956289289854e-4
SC_RS29105	511.2802133220044	-0.4333187004367051	0.20039810489738163	0.026886308781926403	0.03418859130159084
SC_RS29110	123.40562748007594	-0.9436474580732306	0.21725889223967032	8.25470172429365e-6	1.4886321965013786e-5
SC_RS29115	656.4394028571186	-0.8651824212283583	0.1794280176097705	8.856114550987238e-7	1.7602422829913718e-6
SC_RS29120	413.1890680216591	-1.2843675276516875	0.191424152253239	7.093593436461469e-12	2.1143151980786935e-11
SC_RS29125	2000.9535315208095	3.6997035341915026	0.23316757606353183	1.16347615257615e-57	2.3125264552820837e-56
SC_RS29130	2776.002545346253	6.319928592623709	0.2442718083208334	1.0933138611893167e-148	1.9195467648595291e-146
SC_RS29135	148.3114368242615	1.0228177010272277	0.22813722799626726	3.984386723557389e-6	7.417537919594089e-6
SC_RS29140	493.30566804476763	-1.0407481464657933	0.17367084554053938	1.0967411709499724e-9	2.8277515365682155e-9
SC_RS29145	1181.5062358131943	-1.6141904284268613	0.19971891643427597	1.8230546029349612e-16	6.813585728353981e-16
SC_RS29150	174.25589637764014	0.32140664132587365	0.21594242949166492	0.1275745364836049	0.1486857328955433
SC_RS29155	514.7017279671605	-0.18589792672698374	0.20722486763232378	0.352784996994752	0.38585532005922596
SC_RS29160	8492.182462780418	0.5179863353193828	0.22047868547691207	0.016145503290804133	0.021067066253720547
SC_RS29165	4085.261991790056	-1.4173464278239711	0.2034294568558156	1.1393957889206296e-12	3.5436122089838557e-12
SC_RS29170	331.7834933434881	1.14589196147311	0.22298672489182633	1.2945467484505952e-7	2.7863361713586365e-7
SC_RS29175	723.2861378779203	-0.3272607175469061	0.18462582691073992	0.07075528937645179	0.08533685048445461
SC_RS29180	256.7343958121865	-0.7665393717888773	0.19645861902970507	6.599848734911273e-5	1.0868084986877115e-4
SC_RS29185	45.538466502573804	-0.04151305250402312	0.3217099399311956	0.8897664512623733	0.9012551939022995
SC_RS29190	60.09898454210635	-0.9744081558191712	0.28101028449323656	3.0553224563682155e-4	4.752150979383932e-4
SC_RS29195	48.2011607225621	-0.8083893013662905	0.2870730425218321	0.003247823511534464	0.004580996666804732
SC_RS29200	66.44678447860693	-0.5039802031401653	0.28241441181676263	0.06290372616027269	0.07635425130960508
SC_RS29205	1098.9195437628873	1.456175238189036	0.22398402069937456	2.799877189292945e-11	8.055518686635262e-11
SC_RS29210	174.69974222801343	0.6649786122124607	0.21818471379080528	0.0017706753298825505	0.0025596863129884193
SC_RS29215	84.86417490430057	1.0899383531641993	0.2714355695478496	2.9890006411830197e-5	5.103239344312014e-5
SC_RS29220	23.871576793034688	1.8669706035985598	0.4291089042859517	3.6502955664192917e-6	6.830063310524197e-6
SC_RS29225	608.1667944566743	-1.4652480542816995	0.2533205991215047	2.4048523478357878e-9	6.035868350218209e-9
SC_RS29230	320.028979455291	-2.047173115186701	0.19670361385067603	3.9087617685910893e-26	2.267758401384004e-25
SC_RS41375	88.81153108316389	-1.7404316285694308	0.25392741189306217	1.888288589625725e-12	5.811452445701209e-12
SC_RS29235	238.59370032562921	-1.2250658224829236	0.16968658237541595	2.2932772917407973e-13	7.38455316563172e-13
SC_RS29245	47.26512868905573	1.0758408136035895	0.2958459651859318	1.416377036457693e-4	2.2739743668275696e-4
SC_RS29250	634.9969645515216	-0.38695581526980855	0.19660689540564846	0.044323327376208865	0.05488500689708886
SC_RS29255	2356.516485206555	0.8055373805350389	0.25990644432989485	0.0012545781615662026	0.001834839223202931
SC_RS29260	199.9263008132213	0.081089619330909607	0.20465583843692395	0.6874221473056712	0.712607810673052
SC_RS29265	50.4832737359448	0.9795503974591219	0.308556566057848	8.546447849274036e-4	0.0012716203882273355
SC_RS29270	41.15929710225285	-0.8201834449269019	0.321797491703363	0.007113011998821492	0.009659548891217253
SC_RS29275	2819.230682248275	-1.1207989635867897	0.21217356235560458	6.251900094452304e-8	1.384014148798898e-7
SC_RS29280	1862.120551174	0.038087132036651296	0.19978628570784804	0.8505391723128239	0.8658028515509061
SC_RS29285	68.98383931835076	-1.0481047911009331	0.24873366314489473	1.3088586904619775e-5	2.306769594518791e-5
SC_RS29290	247.67529070267872	-1.3954603098644114	0.18043384776793311	3.645554954309875e-15	1.2813308976683039e-14
SC_RS29295	5590.670339799052	-2.8293176251166177	0.20589941264137843	6.585411784625398e-44	8.106982721173235e-43
SC_RS29300	652.5095905202011	-0.5268024477031583	0.16840404418030142	0.001476401241452977	0.002149453653400642
SC_RS29305	606.782863051124	-1.6237204220093464	0.17973455980799694	4.4970881685876086e-20	2.0012992248138218e-19
SC_RS29310	1080.9787322335903	-1.2523942306105456	0.21250161564209538	1.5155592734417953e-9	3.8537014077102755e-9
SC_RS29315	83.22691172201496	0.9423505684775805	0.280961999125336	4.7921581310430216e-4	7.296587664321957e-4
SC_RS29320	17.26729182313998	3.001737508873154	0.5845135085750327	4.708868451176956e-8	1.0589568758456503e-7
SC_RS29325	21.814722791698223	4.614101392498486	0.7325393597724013	1.2456855664766113e-10	3.431335587298667e-10
SC_RS29330	66.44231318180596	2.8835547594594573	0.34504279162480483	7.910029253819358e-18	3.163153780784379e-17
SC_RS29340	215.67490803245084	2.7385741053785044	0.2612146531535542	1.48719147350131e-26	8.773239940478928e-26
SC_RS29345	58.355486794904124	0.9505903863094636	0.2947241973329372	7.319890481985474e-4	0.001095087693531363
SC_RS29350	89.28376429020891	1.566181799767754	0.24624094528277202	6.982740560578899e-11	1.9608046037208227e-10
SC_RS29355	64.27896929081675	-1.1038909946361715	0.24393686428605194	3.0601392493314826e-6	5.778608661861806e-6
SC_RS29360	121.56256931835767	-1.251129225046571	0.20650417888170775	6.070408679442781e-10	1.596404907354175e-9
SC_RS29365	134.14414019232365	-1.778761974868117	0.26596487660469675	6.071324029169728e-12	1.818437993139625e-11
SC_RS29370	55.44734672497614	-0.2004706086609117	0.2867470199640365	0.464554386578603	0.49783811170333064
SC_RS29375	71.79827733405025	0.49904103030958913	0.2650727276315676	0.05083415077003983	0.06252727736084632
SC_RS29380	351.44567394296587	-0.9994666209570277	0.18089955815073325	1.8936570785013997e-8	4.4259357517810846e-8
SC_RS29385	239.00104077458758	4.091472496009159	0.27193996863202113	3.705848204048192e-52	6.154712760507065e-51
SC_RS29390	131.47145349139393	4.8468007037958465	0.3639780871101443	3.5939232154638946e-41	3.973251842703262e-40
SC_RS29395	231.58068881387055	5.372045653286273	0.3221880848746979	4.718611574929547e-63	1.0941837029412101e-61
SC_RS29400	210.13018652244517	3.909693647520243	0.2740569948393014	5.063708491537259e-47	7.085348466147201e-46
SC_RS29405	4585.893348124232	5.155027762658475	0.21518794344096467	6.32698487871674e-128	7.177720999331884e-126
SC_RS29410	75.79840918597985	-0.85484815237326	0.24243141352827716	2.7975954846063355e-4	4.3687990477524603e-4
SC_RS29415	26.842828171344774	3.7003305365364945	0.6075161068244519	1.482921618652585e-10	4.065079559830543e-10
SC_RS29420	58.188141613487716	4.2617707471494795	0.4550274807676852	8.825074954107001e-22	4.256121825479727e-21
SC_RS29425	216.68372569665428	-1.2095662742844573	0.19012947327704022	9.43807790858073e-11	2.6203458771790025e-10
SC_RS29430	252.58622759116554	-1.3754155479357923	0.16690574122852841	6.614695959058038e-17	2.532542471552127e-16
SC_RS29435	431.2036959015773	-1.640050094337013	0.17539419170169615	2.29054312229553e-21	1.0813357864153163e-20
SC_RS29440	658.6596041573548	-2.243846625296792	0.14605895440713704	4.6696960469902055e-54	8.277485252525428e-53
SC_RS29445	13.282727041093151	2.3548274809050596	0.5816600870883409	9.450546655632256e-6	1.6918749948684692e-5
SC_RS29455	64.8040279186715	0.2784992789078975	0.2538259296935635	0.2580710361367173	0.28794308071904273
SC_RS29460	43.751296604827466	-0.47758036025196265	0.28981621562539334	0.08413691058014844	0.10084941134883202
SC_RS29465	90.35241491719165	3.716199175068513	0.2960513631731253	7.157754381777292e-37	6.639154819022107e-36
SC_RS29470	44.41826784875497	2.423538274539461	0.36317149076810445	5.463312627317805e-12	1.6403284736906145e-11
SC_RS29475	454.5460923564152	-1.1987113995130414	0.19662156792429727	4.857184523858163e-10	1.2842193861215525e-9
SC_RS29480	449.5413112571567	-1.2175581137667908	0.1945047711629275	1.6918195968821926e-10	4.618836618811288e-10
SC_RS29485	550.8665561752794	1.596049989334247	0.2089474948607661	6.724682759650605e-15	2.3368431041311763e-14
SC_RS29490	21.881401338004505	1.573373675218983	0.49044996655794965	3.987619539711724e-4	6.125980517882135e-4
SC_RS29495	36.80880853553552	1.143406799849939	0.33758678759963623	3.414307079304843e-4	5.289306807309646e-4
SC_RS29500	17.57720070359823	2.6741550443231605	0.5868984540794968	9.322381941421283e-7	1.850423807161253e-6
SC_RS29505	897.2915318063874	-0.7244102016693637	0.2532545253670356	0.0030263078469377077	0.004290712182910721
SC_RS29510	535.474094404136	-0.2963721662785481	0.19654175179892736	0.1230095309024878	0.14379712759590124
SC_RS29515	401.97484094301427	3.103330752081899	0.2408001668765736	5.2395402653604874e-39	5.307193669885747e-38
SC_RS29520	148.0776085548982	1.3375644370281659	0.2921450579662376	1.8690505412088687e-6	3.59571580768959e-6
SC_RS29525	328.9113559134299	-1.8482391145219086	0.2369298090735257	1.692938746039412e-15	6.071853265221121e-15
SC_RS29530	372.70545524468685	-3.0322708648972383	0.22942180657543573	7.642449081082539e-41	8.32428648802107e-40
SC_RS29535	2882.7829782323925	-2.8542370874857514	0.21576846289820534	6.129812796519678e-41	6.706415365213072e-40
SC_RS29540	697.6510824516931	-2.9066117189141787	0.22161268954347693	2.331557688395478e-40	2.4845240454087072e-39
SC_RS29545	1159.49701989324	-3.0175378646594098	0.23775340808725592	6.249868398222483e-38	6.072006530763187e-37
SC_RS29550	555.9174010364127	1.3942936275454452	0.22967669557087445	4.763791162360666e-10	1.2604304281036078e-9
SC_RS29555	402.04629447144646	-1.0888566570551852	0.20891702924292807	9.369916589458552e-8	2.0399694399370345e-7
SC_RS29560	297.8682242786649	-1.6897925816399566	0.18003957436571366	1.6295074580714353e-21	7.77733850862056e-21
SC_RS29565	2279.0537585065085	-1.6577581748140628	0.19067689237261892	1.0196300460707069e-18	4.233531508854388e-18
SC_RS29570	12589.981067271401	-0.9782528581654796	0.23727854914179233	2.12170280695363e-5	3.6734999996421855e-5
SC_RS29575	2444.7949867628513	-1.5855702892825907	0.21188713731929987	2.100053234302651e-14	7.123179645698136e-14
SC_RS29580	2497.168356236649	-1.6223952251345275	0.20902681894239727	2.207842515935788e-15	7.857447255072636e-15
SC_RS29585	2922.759459189863	-1.849117945519704	0.2182566746727954	5.097902488784251e-18	2.0620917691878808e-17
SC_RS29590	92.2534282310423	-2.033277906623456	0.2279133484107752	1.0900296192821714e-19	4.742111157868278e-19
SC_RS29595	72.4518388022181	-2.1903676651337816	0.2857245776266847	3.986173049514237e-15	1.3983843990065642e-14
SC_RS29600	74.955502106377	-1.2581081579789977	0.2393848465015924	6.31464959605947e-8	1.3974857779514566e-7
SC_RS29605	185.08140391010355	-2.820009042344876	0.2902962622579415	2.774139734392192e-23	1.411767177460871e-22
SC_RS29610	117.87973681697046	-2.729583776085319	0.2567816233736756	2.622525459791329e-27	1.598223366983575e-26
SC_RS29615	340.8004773105636	-2.3962828308923494	0.19669940472232314	4.421196205723382e-35	3.7909187001167696e-34
SC_RS29620	227.33537784811372	0.025817413494512456	0.21449613270081358	0.9034413368193491	0.9131705354816937
SC_RS29625	414.26113043095023	-1.018557158574517	0.17647732002600863	3.6342668802934467e-9	8.999020811042269e-9
SC_RS29630	221.3971180095029	1.1366219118347125	0.22846020027002806	3.1219773714947754e-7	6.464886587307631e-7
SC_RS29635	121.70930585124773	2.4810707960489915	0.2684907048671	4.0756594368790444e-21	1.9118265068413533e-20
SC_RS29640	254.71680153580303	-0.40408382664116294	0.18470708622656598	0.025748013597117023	0.03281469966559643
SC_RS29645	261.13888238154146	-1.2620440705889036	0.18703619904412147	6.2809798841081294e-12	1.879705587070347e-11
SC_RS29650	186.33591800430662	-1.7849718393463958	0.1995295362771368	8.945901237451333e-20	3.9103186558960355e-19
SC_RS29655	959.3453375875358	-1.9454006409144335	0.19021377163994949	3.039233601379802e-25	1.6812684603581892e-24
SC_RS29660	1398.1651654428892	0.3070390915057854	0.18159039843172695	0.08627151630651053	0.10327372747470921
SC_RS29665	14.099392028933043	1.2023212538186574	0.5183429250286984	0.008427263010221115	0.011346108715970513
SC_RS29670	77.79607592276778	0.6318625973408369	0.2723907850806046	0.01578530966182675	0.020620172443987683
SC_RS29675	898.3586896998582	-2.8719769376911417	0.2412736874942098	1.4319166085942931e-33	1.1502127529165922e-32
SC_RS29680	2476.451592467554	-2.7523748835561856	0.19405421027313569	1.3903041933547838e-46	1.9091439705396976e-45
SC_RS29685	624.9973264325469	-1.825896867064772	0.20539647052736307	1.3962857102758329e-19	6.038833329955421e-19
SC_RS29690	3708.6537545690207	-1.9597222145323152	0.2289478292501419	2.3747488153971224e-18	9.728554313743545e-18
SC_RS29695	161.4011932671138	2.162120757361967	0.20201844198467772	1.989077687204159e-27	1.2222882387869556e-26
SC_RS29700	159.3602487546018	-1.063957813003098	0.2387634291342347	4.29770451456714e-6	7.968637940763916e-6
SC_RS29705	342.67577528300376	-1.01847506115953	0.17636077057027272	4.126016023515396e-9	1.0170573702325867e-8
SC_RS29710	16.993628628178758	-0.623991294533459	0.43476880235447907	0.11228120236080556	0.1322411094407571
SC_RS29715	272.3299135348299	-0.08396793225934207	0.1660049511415559	0.6066754290771039	0.6369055543870393
SC_RS29720	110.88616774760413	0.47878977405886686	0.24272083096526254	0.04167888263925195	0.05176689920529626
SC_RS29725	215.7273465595075	0.19468024395532552	0.20206203507428233	0.32599695588897154	0.3583633799530823
SC_RS29730	207.3995903759755	-1.4889297783294722	0.18753216466007208	6.5882619362916e-16	2.4026628841846812e-15
SC_RS29735	168.79160714240166	-0.1996138102879824	0.19961251778558128	0.307684044099016	0.340006315178502
SC_RS29740	3093.1504624255153	5.680295629486931	0.21654532016932607	1.0908467008678898e-152	2.1740279924864377e-150
SC_RS29745	1879.1903208679562	0.4849125995278961	0.2189040383955139	0.023113643320727077	0.02964174014731156
SC_RS29750	455.6283845930009	0.96431269004513	0.2484890031283607	5.993651185270922e-5	9.903021250322155e-5
SC_RS29755	3305.705393235985	0.011428418581709777	0.21124996900000387	0.9586458521615017	0.9625618891392855
SC_RS29760	2476.097960094935	-0.8495542272734352	0.1942950434241579	7.999096297533889e-6	1.4464280553706449e-5
SC_RS29765	43.07760281000193	0.6348947357127213	0.347783153478311	0.0522576447604716	0.0641604849256939
SC_RS29770	182.4880550189521	-1.439223599863059	0.18604676007728244	3.5229115152254695e-15	1.2388149505614026e-14
SC_RS29775	98.4463241170867	-0.6479697739243709	0.24096283543961589	0.0056052289231435124	0.007689852665908886
SC_RS29780	3068.8866040117673	-2.1967561719193087	0.21362087135427105	1.4522897198544744e-25	8.150064226945886e-25
SC_RS29785	6693.835878266237	-0.9683703226083348	0.22330147145447093	8.529515727244011e-6	1.5359377038509727e-5
SC_RS29790	346.2719017294369	3.635667764962909	0.26061325080570974	2.8448312112261693e-45	3.73935567764381e-44
SC_RS29795	1750.4408220112985	2.236994714285187	0.21830278432385952	2.144252465352301e-25	1.1942384954311079e-24
SC_RS29800	876.356253079996	-1.5212412397774187	0.19497231067662818	1.5875064868410182e-15	5.704811322595355e-15
SC_RS29805	43.57713975982793	0.2947457636448893	0.3283714214901723	0.34479656803761705	0.3775660666334108
SC_RS29810	14.009810076233656	0.7204219979622106	0.47460698133107915	0.08763169851987701	0.10481689292547819
SC_RS29815	34.81140828022749	1.1707883135187152	0.3885296463253389	0.0011677638610977968	0.0017139909856160737
SC_RS29820	18.747542810379734	0.4916740284719911	0.39360352531643017	0.17647499855952747	0.2023836142111906
SC_RS29825	86.28250717880542	-1.147349224009204	0.2301345250765149	3.0132181231951455e-7	6.250202655538959e-7
SC_RS29830	421.27195606270976	-1.009190298513505	0.1848439981587951	2.6589956208684226e-8	6.125408843575054e-8
SC_RS29835	286.8635946659608	3.4955796859512134	0.22722879216700145	2.1474100998043505e-54	3.8621956282822633e-53
SC_RS29840	19.672812236366383	3.068671435950604	0.5818133305348409	1.6241558311872984e-8	3.808116088767929e-8
SC_RS29845	45.22414002071193	-0.5882133240427143	0.31793724098534026	0.05133163357865913	0.06309709385048048
SC_RS29850	76.84252393358557	1.2544508797990839	0.29363409605553376	8.457278625150728e-6	1.5233443859805975e-5
SC_RS29855	49.65300607101013	1.7216997058275594	0.42123997004739017	1.1276565031470751e-5	2.004179092361179e-5
SC_RS29860	2622.6134127441746	-1.5971975255487267	0.22752040855289926	6.376799109626031e-13	2.010368389670045e-12
SC_RS29865	157.33212963155225	-1.130044029968323	0.2853434227177457	3.468707520369492e-5	5.88411531060608e-5
SC_RS29870	694.3256758320995	-1.2664584625143243	0.2051850572934392	2.5954525914122866e-10	6.984988105501534e-10
SC_RS29875	999.6683811780335	-1.6879988257840015	0.20711513985631425	8.674462089991912e-17	3.302296512731046e-16
SC_RS29880	588.3092001137866	-1.431527737022688	0.18956953905597645	1.4713193273495656e-14	5.0299066851533135e-14
SC_RS29885	3381.7287089856427	-2.0087288853116942	0.2006842753229444	3.0532764090037116e-24	1.6128123381084075e-23
SC_RS29890	1269.574300605439	-2.215144086278493	0.19717516035115082	4.412822281650443e-30	3.0411356546626505e-29
SC_RS29895	861.466763012962	-2.3849407939476825	0.18310846664370475	1.1623617629063453e-39	1.2072191041790691e-38
SC_RS29900	732.7421763444742	-2.515679062798015	0.22142444894672267	8.030390184977736e-31	5.743559381573795e-30
SC_RS29905	4969.783424114004	-2.900753682277565	0.17389571274842508	1.9291476582292132e-63	4.544899307278665e-62
SC_RS29910	202.9590293003932	-0.5590945886710168	0.20121079086405483	0.0045221392466633	0.006265737468037424
SC_RS29915	768.5550066085084	-2.7021567228779166	0.21993902379644764	1.190453019215961e-35	1.0500479143180019e-34
SC_RS29920	1717.3241486213333	-2.6042286834085093	0.20347760193947306	2.321773750651566e-38	2.2858157059151732e-37
SC_RS29925	32.85755895983063	-1.51095216005282	0.351849084891854	6.031611992648367e-6	1.1055706396666432e-5
SC_RS29930	193.9319887685559	0.12346256296441234	0.2124602087776753	0.5530089826811628	0.585146827133146
SC_RS29935	75.53434480903836	-3.9480766310859714	0.33674478302729166	9.74147777912416e-33	7.601445200345138e-32
SC_RS29940	33.426748365568045	-2.701167921613859	0.3796151768649583	1.6216439181997425e-13	5.279471193291347e-13
SC_RS29945	17.3792575920348	-2.687473207091258	0.5550468735483401	2.3385371550725386e-7	4.915727759836061e-7
SC_RS29950	9.516272105952849	-1.5156482138848286	0.6125349226716297	0.0037104101917315594	0.00519570162435027
SC_RS29955	20.80899076008139	-1.8633357786167526	0.4506552933264882	7.851806098110638e-6	1.4211884675372569e-5
SC_RS29960	78.9866157032701	-1.36111791002234	0.31431213286241044	5.889028114402546e-6	1.08024112725384e-5
SC_RS29965	19.612699129781728	2.0297217066792794	0.4897683730154674	8.044967236398972e-6	1.4532971190888296e-5
SC_RS29970	398.5708850018787	-1.6814328869682988	0.2687336601221407	1.0587594220867653e-10	2.9295654703443935e-10
SC_RS29975	4413.856691276169	2.003238200666382	0.22027676837911161	2.0295877605827533e-20	9.209957013253675e-20
SC_RS29980	1365.0616090925726	2.033836561809212	0.23274860437978606	4.6657802220662095e-19	1.9626619142907145e-18
SC_RS29985	270.0027865112995	-1.4390650048279257	0.2126031654852995	4.3560328498432396e-12	1.3132210234973037e-11
SC_RS29990	700.9677225781304	-1.9565334907353147	0.2406289172515019	8.640764101705686e-17	3.291167070556701e-16
SC_RS29995	25.355155798853783	-1.2161394818655127	0.42068287630271467	0.0015756279375987398	0.0022893951550449474
SC_RS30000	105.50545712738891	-0.9695116493555698	0.22299232389547813	7.69973983765051e-6	1.3957198024295687e-5
SC_RS30005	645.7427895718533	-1.7692572379476286	0.19343403216800845	1.4231306284829944e-20	6.49793514206415e-20
SC_RS30010	326.4369332876452	-1.944433936780467	0.20908359787028294	2.587725964014667e-21	1.219290176271192e-20
SC_RS30015	496.24939602743234	-2.15865384543181	0.17883071280093868	2.3191069531289046e-34	1.912874124426459e-33
SC_RS30020	130.30097433510971	-0.19005916324574817	0.20732467063472354	0.3478231191726084	0.3806541526831128
SC_RS30025	613.5515033796946	-2.217898122069372	0.17349222099341657	3.082087487478258e-38	3.0182354757854817e-37
SC_RS30030	225.51351882788154	-1.8101148793232291	0.19294125177761573	1.4306304417910617e-21	6.83698566284335e-21
SC_RS30035	2977.3136622136353	-2.3533988437625357	0.20404966508673317	1.414634663467405e-31	1.0483935686842858e-30
SC_RS30040	137.2043162101971	-1.363555273805712	0.23109335494865074	1.492880683646365e-9	3.7999662275486e-9
SC_RS30045	376.82578480958614	-1.8006799016860089	0.17337833152257964	6.585303870107157e-26	3.761427632701021e-25
SC_RS30050	191.32984309720658	-1.8685787824146998	0.20336554448834004	8.26303127747173e-21	3.8153783744568896e-20
SC_RS30055	162.81931773930742	-1.2437983446887735	0.20499547800412576	5.646504116434082e-10	1.4891745834973147e-9
SC_RS30060	349.8678517265905	-0.9760770517391177	0.22286451646547203	6.675540501997318e-6	1.2166444800229416e-5
SC_RS30065	5772.505158987707	-2.8707093904527317	0.20636168249982298	7.068647304498549e-45	9.112623290799354e-44
SC_RS30070	2878.0521217091305	-2.0619004351383774	0.24783286875704688	1.7951227086310453e-17	7.067397145459332e-17
SC_RS30075	1986.0707585724913	-3.046766552977412	0.19810786063132563	1.2871672259967594e-54	2.3320813573710327e-53
SC_RS30080	102.43081908110948	-1.3956123624467915	0.23362041294761565	9.089387558820096e-10	2.3575499070960036e-9
SC_RS30085	380.7645386415227	-0.10876184775875451	0.18510639850798488	0.5480481058376117	0.5807618240373563
SC_RS30090	294.7731072390929	-0.5637211420655754	0.18276197599192665	0.0016623608137869416	0.002411616887834922
SC_RS30095	36.36894126934151	-0.6198098888620003	0.3076616420990977	0.034082747007448504	0.04281536225433139
SC_RS30100	1456.4304981867808	1.1750030366414355	0.21078067226808284	1.1837208998804063e-8	2.809384588258164e-8
SC_RS30105	355.85423770226663	-1.0506105033953304	0.1596028991782024	2.4541129207815444e-11	7.082829228118633e-11
SC_RS30110	600.3651135491764	-4.87223474473124	0.20735838312506452	2.3758029315515883e-123	2.539010263371219e-121
SC_RS30115	275.94200478442724	-2.2423605035516756	0.17065656309354998	3.937677913285275e-40	4.177904594613758e-39
SC_RS30120	2476.019752270296	-1.1456104379910819	0.20822207063062767	1.7613401797364893e-8	4.121904946168477e-8
SC_RS30125	221.03644238899005	2.8970354270405276	0.2576948123459229	3.384696765859532e-30	2.3435449719669662e-29
SC_RS30130	2851.568307998368	6.5017960981694385	0.24611892471825533	9.160299676909115e-155	2.2516016605842607e-152
SC_RS30135	236.1284158171376	-2.3629332000493704	0.22735344763417836	5.314056812373095e-26	3.056618949644244e-25
SC_RS30140	47.83965036025134	-1.3654337785496689	0.3060435296480807	3.043742098362682e-6	5.749117375339759e-6
SC_RS30145	100.00689337537796	-0.3851600655284224	0.26586493868756317	0.13343841941229093	0.15527456284460048
SC_RS30150	1310.0148009682007	-1.4230477524110698	0.19907513298493434	3.3737872722809705e-13	1.0769830019826787e-12
SC_RS30155	65.77019336461196	0.27782845306231374	0.2799956549741209	0.3035716237266318	0.3355624574067131
SC_RS30160	357.7573886156838	-1.6941689065655603	0.1827046161850491	4.452990939125449e-21	2.0870859000979066e-20
SC_RS30165	267.3816715449081	3.3586305007900963	0.2555336016875274	1.4999134819948644e-40	1.609950802944706e-39
SC_RS30170	1973.1216044297207	0.29875196246159386	0.21993221588942027	0.16639950935533354	0.19124532138189362
SC_RS30175	7532.487760046784	-2.682218721096913	0.22142541366923124	1.1226086060361157e-34	9.493252134071464e-34
SC_RS30180	3797.116191652256	-2.758699437525693	0.27681853201081447	2.3807152487845756e-24	1.2657097508678775e-23
SC_RS30185	178.38832138955428	-3.0054448459991203	0.2087097139976887	4.991584694033799e-48	7.332260066495067e-47
SC_RS30190	306.17194102837124	-3.0563615328984497	0.20201671912784133	8.305600188411972e-53	1.4144456302390272e-51
SC_RS30195	3046.8777154977524	-2.9270606361626514	0.2505176675852017	1.6905141812757616e-32	1.302596820556684e-31
SC_RS30200	232.33000186379286	-1.9082718045247058	0.21274498496930877	6.205542632548389e-20	2.7335526506817097e-19
SC_RS30205	228.76668723292102	-1.1090855267057647	0.18219165238816887	5.679848638582327e-10	1.497433101927282e-9
SC_RS30210	761.9239348891193	-0.7927595874284442	0.183742978145735	1.0939709294266296e-5	1.946655799611961e-5
SC_RS30215	107.50822227789303	-0.8138112523050524	0.22999424261818988	2.667963262121733e-4	4.179639068384461e-4
SC_RS30220	31.465388615112957	-0.07555978278593613	0.33359190393076676	0.8090487247649027	0.8282556291012623
SC_RS30225	330.90412338481406	0.158707650603945	0.2033838517435594	0.4265383473123939	0.4601746559007451
SC_RS30230	79.13951656756242	-0.6416151054024536	0.22909102428998823	0.003933823570533808	0.005490822451091482
SC_RS30235	52.6962588337722	0.47001096427906336	0.30299014439398764	0.10459140196030296	0.12363850561963353
SC_RS30240	26.543909622704067	1.1311601545579208	0.4067273830246689	0.002520143041969085	0.003596581147954332
SC_RS30245	273.570418525738	7.350035861058364	0.5547081842575864	1.2884379627131135e-39	1.3344019012705756e-38
SC_RS30250	33.063608603624246	2.219423790224785	0.42860223281504706	4.8285264670370055e-8	1.0828939832095767e-7
SC_RS30255	159.92507837608892	1.826869515590554	0.2672635023264373	1.871392907219749e-12	5.761858579473247e-12
SC_RS30260	546.0243247936252	0.3896852162495302	0.1842874982678106	0.03148935837793256	0.039726694384751876
SC_RS30265	75.30182658647153	0.676288652483239	0.27122530488205865	0.009467300932730746	0.012667733093441576
SC_RS30270	91.15907166480675	1.016101166575594	0.30150954480866204	4.0744969681420296e-4	6.250330901410304e-4
SC_RS30280	44.12191574464196	3.2494327590447365	0.4433834179888655	2.6861771254117204e-14	9.057096535338831e-14
SC_RS30285	68.26635836595736	1.3601677938283065	0.2761648025405077	3.302574740372251e-7	6.821620766247894e-7
SC_RS30305	13.922673245258178	1.7103087293304666	0.5145795131216452	2.3788054392780465e-4	3.738971720323759e-4
SC_RS30315	8.456138622260946	3.2047251241513277	0.783120112171484	7.821316491555896e-6	1.4160173780685778e-5
SC_RS30320	23.7559070340624	2.6416235432394264	0.5393880446588994	1.3746226617273488e-7	2.9483616950487117e-7
SC_RS30325	18.29554127482785	2.1266572972534137	0.517041396317894	8.247876841233537e-6	1.4881292837596306e-5
SC_RS30330	91.85052941227354	1.8111996880898271	0.27032239558506943	5.8717280061588546e-12	1.760802046255201e-11
SC_RS30335	467.53252808503163	-0.16507075960000042	0.21390825672800362	0.4285191939706008	0.46217647160146413
SC_RS30340	36.65765145965669	0.14379297914185152	0.3298102431634451	0.647547250781679	0.6761868674732504
SC_RS30345	10208.328249355967	-3.8692986027589713	0.21337796012966395	1.4098816805135173e-74	4.3499864067391957e-73
SC_RS30350	5600.52863683712	-2.873265932101068	0.21569969503678027	1.990541138100058e-41	2.2172583613821492e-40
SC_RS30355	1532.3432625590972	-1.8260047347756818	0.20340251722283514	6.39540460007017e-20	2.815505284830892e-19
SC_RS30360	1901.2322929238524	-1.28038903707937	0.214500001644854	7.082102518447374e-10	1.853866665638301e-9
SC_RS30365	2988.23015978289	-1.662329307720456	0.20871090071184173	4.240138691085807e-16	1.5602186980073223e-15
SC_RS30370	255.99802699530917	3.844168880576587	0.23866073385531048	2.3491660041146628e-59	4.852310956398186e-58
SC_RS30375	184.48586785676608	3.4819803858603753	0.30421464102495077	2.856695266397712e-31	2.0877374523703396e-30
SC_RS30380	1466.039563401981	3.548954180182741	0.24095875489368904	3.929971322989037e-50	6.139747571127365e-49
SC_RS30385	15.656308812376198	2.7507265738755415	0.609508287108758	1.037434326001375e-6	2.0526001395047328e-6
SC_RS30390	12.374980440705352	2.5656602445165135	0.6564598440747773	1.4394092739187528e-5	2.530203572318685e-5
SC_RS30395	10.871489952143968	1.2545186409329099	0.5400086113592886	0.007960605600365192	0.010743320954812029
SC_RS30400	314.0756769286292	0.4464289049380292	0.20013909070203764	0.02279644308611159	0.02925021251383102
SC_RS30405	60.83485077996053	0.2361877850488959	0.2734872354912935	0.37096886876306107	0.40424478177313616
SC_RS30410	27.819509396060756	-0.5212076352599696	0.371792959673648	0.1323912901099549	0.1541047155912877
SC_RS30415	16.500133276490615	-1.0728799177326838	0.43478769917037485	0.006587408473030847	0.0089738684796101
SC_RS30420	8.218024848394476	-0.05372927697307261	0.5203522352617046	0.9026855951575824	0.9125861775009614
SC_RS30425	6.925312903199838	2.8719022983686724	1.1133816682954005	0.002523112962904731	0.003600122869283956
SC_RS30430	407.70964421476685	2.084070880894918	0.23299698761395093	6.882787602430605e-20	3.024652907051447e-19
SC_RS30435	59.81766769375555	4.438731595033864	0.4214552388182031	2.1796874550214115e-26	1.2715993111810038e-25
SC_RS30440	896.0135819086062	-1.8289676067020113	0.1639639740433388	1.482695756148069e-29	1.0039851704165161e-28
SC_RS30445	112.2200141699185	-2.0156794226045474	0.24488672109295762	4.709530878387769e-17	1.8191765687392043e-16
SC_RS30450	78.32791233735793	-1.173681224150608	0.3120876139222119	7.993051969380401e-5	1.3071804218720576e-4
SC_RS30455	61.76303399243857	-1.1951290752128367	0.27366492654873237	5.9061083993491145e-6	1.0831047833076442e-5
SC_RS30460	135.06851940535384	-0.9476734169393273	0.2116448451049992	4.581000198164973e-6	8.476862098185323e-6
SC_RS30465	4707.60554793923	0.4948529447562603	0.24908752138180976	0.04054785013825926	0.05044708063430467
SC_RS30470	504.0804698190394	-0.03772213045990579	0.20474311017003968	0.8498791242661663	0.8653698788095431
SC_RS30475	81.2469566037787	1.0532934231890296	0.2966708143683521	2.0095984344755782e-4	3.182727417487739e-4
SC_RS30480	24.384935513284873	4.00322723677202	0.6502971577874347	1.266098307087555e-10	3.4862617313157693e-10
SC_RS30485	36.61035013866588	1.2106044916302656	0.3381446142896868	1.527476105390129e-4	2.4470147297733677e-4
SC_RS30490	946.722458973752	-2.3702295659267745	0.19631260404745984	2.161622089178881e-34	1.7869732382965325e-33
SC_RS30495	1023.5382430761981	-2.191950992605134	0.20328197190771305	7.1448473350919885e-28	4.46492408889562e-27
SC_RS30500	1770.792326196074	-2.314165736320173	0.1892287122452815	3.2138294524097966e-35	2.778285859562701e-34
SC_RS30505	69.9947281364495	1.79323728754312	0.27208273027674945	1.0835963908991417e-11	3.1974548965547303e-11
SC_RS30510	248.74732796582526	-0.5767672544999158	0.21743077817780612	0.006473626562078	0.008827019650289048
SC_RS30515	68.98481456305893	-0.04291357061905809	0.2959043847888289	0.8813541307469008	0.8938392738450897
SC_RS30520	208.6613127608363	-0.9715176887106429	0.20758735020899816	1.613324204922727e-6	3.1265841490407853e-6
SC_RS30525	398.42466836593997	-0.8216646726907164	0.17101161058778372	1.0337336381868872e-6	2.0458271196967542e-6
SC_RS30530	821.0828833398347	-1.8007228690747112	0.17058719983149473	1.2002871142730201e-26	7.114885193447951e-26
SC_RS30535	903.7643064145062	-0.7881085968462301	0.20385732723923086	7.572012161704562e-5	1.2408003928979875e-4
SC_RS30540	115.40876014226397	-1.822652655473848	0.21907897953911407	2.4488122754076903e-17	9.579597728836238e-17
SC_RS30545	62.43791137084918	-0.5747388334478343	0.3160882737951901	0.05514902744801094	0.06749691757703447
SC_RS30550	33.99646717900602	0.11027240318152975	0.3061447540491765	0.7078906692070939	0.7320131530967761
SC_RS30555	34.08116732523749	0.27059292882269653	0.33773735227089646	0.39718047248259497	0.43096068335589394
SC_RS30560	28.301196754241655	0.25630923947480483	0.3813398502930071	0.4708384006052064	0.504279210757123
SC_RS30565	24.139033996381556	0.7604775523568984	0.37482029718752374	0.02912531656290451	0.03686407214810467
SC_RS30570	57.490700334863924	0.5287521299264973	0.2694044072505945	0.04177028130663158	0.05186294904110141
SC_RS30575	122.77449794801419	1.4999255548720836	0.2720823126458532	1.1370622880625043e-8	2.7047410684428733e-8
SC_RS30580	63.6825039204487	2.621628843071559	0.31526633050302016	2.3522759358865364e-17	9.20683797835845e-17
SC_RS30585	33.533615597731114	-0.2931882700230327	0.3120227815404	0.32289696948538166	0.355326406951978
SC_RS30590	57.982159058878	-0.09701276385941723	0.2791724794563958	0.71680521508292006	0.7406083306741561
SC_RS30595	1355.0221243061562	-3.9939134957426177	0.1825017392648827	2.0606357675927988e-107	1.4897184461009116e-105
SC_RS30600	383.9774897554621	-0.2302025854214149	0.14924013357144708	0.11848670590009036	0.1388622010977855
SC_RS30605	210.80922363327764	-1.2936154317859867	0.1812759980678018	4.028449847363659e-13	1.2831874373416683e-12
SC_RS30610	1327.5422419786169	-4.398534670939963	0.18351850977788567	3.139636842411442e-128	3.67487017078444e-126
SC_RS30615	70.98283533711547	-2.494918774250344	0.2799555857822216	8.993790035722718e-20	3.9289222584964053e-19
SC_RS30620	69.44059155174023	-2.377866166220041	0.29133537523537334	6.824616394326107e-17	2.610203386502112e-16
SC_RS30625	19.429281211479502	1.3353839842159594	0.5226883780275979	0.0038122427459475142	0.005334246301445345
SC_RS30630	84.01146607257643	1.2142369302545895	0.23839659903277316	1.6332321117368255e-7	3.481773226928983e-7
SC_RS30635	27.023744537788243	0.8283908885073008	0.34123183789675743	0.009885424008544868	0.013203245180041633
SC_RS30640	34.8168782405464	3.1909288733926084	0.479594127902466	3.702380070681697e-12	1.1207451002137452e-11
SC_RS30645	23.482027963301547	3.809498140193915	0.6100784963979294	5.504951667617067e-11	1.5529270695106447e-10
SC_RS30650	13.187610108988672	2.539493595418792	0.624099451072675	7.567581655266196e-6	1.3727760670586206e-5
SC_RS30655	16.70269837499563	2.4110785256920493	0.5210856864498015	6.591725405990819e-7	1.3240910690214192e-6
SC_RS30660	24.43850588461296	3.7222678644603513	0.5904252588610643	3.631251585317477e-11	1.0390705933306588e-10
SC_RS30665	27.01928637933506	6.516429021001105	1.054849163517127	9.435481430964376e-10	2.443879173583818e-9
SC_RS30670	12.731595717061039	2.7391431634405254	0.621594437089014	1.8897005887925574e-6	3.633546842700474e-6
SC_RS30675	63.83493937441769	-0.33951355310536674	0.2620740635747234	0.17965864641508858	0.2057147296063452
SC_RS30680	215.05824487800294	2.036425138887073	0.2073061143656605	1.9504550708453053e-23	9.994896242121808e-23
SC_RS30685	740.0881967190402	-1.1990677993952612	0.21097170389230868	5.820427661239041e-9	1.4127660820927152e-8
SC_RS30690	686.0339628995841	-1.1650184270809012	0.18664998304464983	1.9887333484589682e-10	5.40343393940178e-10
SC_RS30695	1753.8347524913188	-1.2011164651638189	0.20220844697438314	2.0493885842653324e-9	5.1665611693581406e-9
SC_RS30700	133.1198143060833	-2.016906749253542	0.20700800258095084	4.453990895058482e-23	2.2464930820903725e-22
SC_RS30705	63.52340036776109	-0.7324133782044442	0.287297949917189	0.007713119418776039	0.010426497267471038
SC_RS30710	1246.2292910291637	-2.2963483780875933	0.1776576917964911	5.499214160925973e-39	5.562579591586848e-38
SC_RS30715	45.73782764591103	-1.1978442416489294	0.29780067724801884	2.675333220240366e-5	4.590020280607831e-5
SC_RS30720	125.35549045504614	-3.1148150222188957	0.2765712498806726	4.2201328523189215e-30	2.911062642937299e-29
SC_RS30725	361.6181552001674	-3.859160470303372	0.1911828134153099	1.9742460170939722e-91	1.0040062158655828e-89
SC_RS30730	585.0113457644326	-2.394166132211022	0.2046685143556233	2.0652020546117406e-32	1.583035337911328e-31
SC_RS30735	2423.8388138798905	-2.9344531320591916	0.20355332598160827	3.0981764541933456e-48	4.596771262217652e-47
SC_RS30740	3827.2319894447915	-1.2632732293883302	0.20619112612871648	3.7706846731574905e-10	1.005606827481495e-9
SC_RS30745	21098.975868441245	-2.4331544092963386	0.21279906094529774	4.2561698327208925e-31	3.083005535018061e-30
SC_RS30750	840.0646949327182	-1.6572774484910384	0.21238667806550002	1.614813868906465e-15	5.800115669418545e-15
SC_RS30755	1400.070988151164	-1.6812182418521515	0.21199590266390478	5.693381705492214e-16	2.0866300544880507e-15
SC_RS30760	887.3316826229825	-2.577253126221172	0.19219828951410822	5.862305140459321e-42	6.650559708576466e-41
SC_RS30765	591.894399589032	0.8966251097856693	0.16986162751763764	8.288006465692731e-8	1.8135240260539528e-7
SC_RS30770	456.96877268457655	-1.8045723809287009	0.1929159449356526	1.8819916075225157e-21	8.92564899125104e-21
SC_RS30775	25.930766926801557	1.3323364346394477	0.43788017547316627	9.224768454349423e-4	0.0013684056041515318
SC_RS30780	31.08889247053383	1.1145203856843038	0.33393443257509225	4.2150487860260745e-4	6.456537130900763e-4
SC_RS30785	16.684368634174852	2.4052306148545957	0.5004043522121057	2.945281267276622e-7	6.117888468985299e-7
SC_RS30790	25.180182141299422	2.566011964959757	0.42844098369471073	3.39703566605547e-10	9.082574692347004e-10
SC_RS30795	70.68996051062744	1.9994036522175003	0.26089339317228427	4.266171831056114e-15	1.494477486090631e-14
SC_RS30800	1889.1420486810193	-1.512158069820475	0.17647353892292683	3.3371949925391823e-18	1.3610882674216776e-17
SC_RS30805	381.09660366563537	-1.3123276175441156	0.19253110866249173	3.7332110130385146e-12	1.1296141982004926e-11
SC_RS30810	207.0122275170944	-0.9481786963564048	0.17910554180982843	7.083237211559168e-8	1.559157946210069e-7
SC_RS30815	339.6184111042826	-1.1786051641833233	0.19941142998484074	1.5351778869505906e-9	3.902241205919908e-9
SC_RS30820	492.46527939500186	-1.7082491447498895	0.16150582395378735	1.1761408919090008e-26	6.9773635856291e-26
SC_RS30825	478.1286405390156	-0.6335407339975506	0.17839628210187938	3.024651934180096e-4	4.7064324462215714e-4
SC_RS30830	1328.6715695018147	0.5232741092725675	0.21560020824953807	0.013003834233437726	0.017169252217971314
SC_RS30835	799.8395581832451	-0.36348507150424997	0.19940630577006682	0.0623553115229733	0.07572596626653576
SC_RS30840	1008.9193171785761	-0.22497897226157346	0.2011069294935712	0.2524633100809489	0.28202763952990717
SC_RS30845	158.76506425282292	-0.9038649999669162	0.20007769531396605	3.971252436101182e-6	7.3949533999520485e-6
SC_RS30850	463.89000972998815	-0.3615921839746595	0.22095142068396675	0.08805857228404348	0.10525918496069649
SC_RS30855	1773.2550497046955	-0.31707266119731825	0.19030733871189934	0.08957228251875654	0.10696453624183169
SC_RS30860	160.8502198910334	0.03602105022059609	0.19419149124547974	0.8508267411723978	0.8658565262772925
SC_RS30865	635.1729491619333	0.15901028608307288	0.206188250772464	0.43228353305637446	0.46575961028020235
SC_RS30870	1415.1990119522777	0.46882049487989935	0.20163654488729327	0.017610760982126543	0.022871037598133345
SC_RS30875	342.89962174843333	0.4447436636763288	0.18356824104460237	0.013687799236219161	0.018036781909914243
SC_RS30880	1552.121962093936	-1.7101531394512366	0.1509528151096058	2.4748084914482458e-30	1.7281475204488035e-29
SC_RS30885	621.2582509878031	-1.8120181030793083	0.18188657899441357	5.1676349320019414e-24	2.7179843073168555e-23
SC_RS30890	3135.7903940861775	-2.6557528727273283	0.21997793908287416	1.9505066118383835e-34	1.6197112337495766e-33
SC_RS30895	8622.513056537435	-2.719668065377686	0.21055013093942854	5.7781047736719915e-39	5.836677342610584e-38
SC_RS30900	655.5270049798299	-2.8827366914953747	0.2030362772142437	9.24277339569624e-47	1.2715711011168671e-45
SC_RS30905	480.5731380090206	-2.7051168686519214	0.18831754776239387	8.521851647177022e-48	1.2394503756663386e-46
SC_RS30910	146.09493992277092	-2.671486268459353	0.24039554470469077	1.0862773727284687e-29	7.403150967190138e-29
SC_RS30915	616.4374285387545	-2.6638997736742582	0.22400199089812778	1.4788162905028244e-33	1.1865931802141269e-32
SC_RS30920	599.6137756807726	-1.1183192466046343	0.20255042914007407	1.598335965748978e-8	3.751155127763515e-8
SC_RS30925	562.78636607445	-2.492125646241056	0.17441501750428856	3.1445841827689945e-47	4.459262262257417e-46
SC_RS30930	764.901065079275	-1.465853245914957	0.21856272101443078	6.4212090390677214e-12	1.920892310510563e-11
SC_RS30935	2550.2046000628143	-2.203729480952331	0.20369352286617798	4.691906658485545e-28	2.9571042478352487e-27
SC_RS30940	106.35098846768712	-0.9089908923426314	0.28615452946898184	8.983220181734594e-4	0.0013347222571047934
SC_RS30945	2139.609917073909	0.35655096232272004	0.1956589307862679	0.06422069507449464	0.07786310514293382
SC_RS30955	4601.1922788311385	6.3976126105382	0.2414277078356032	2.7177536651264716e-156	7.422487232089852e-154
SC_RS30960	19.456844549802415	3.558836185354468	0.6872654521648631	6.056835156610906e-8	1.344059658286152e-7
SC_RS30965	770.6673972974963	-0.6820116982592533	0.1691308336601978	4.130033585863783e-5	6.932589952688263e-5
SC_RS30970	1666.7150267268319	-0.4848522024961513	0.17674384952516903	0.005223071063979867	0.007184280176419984
SC_RS30975	1389.9464700386231	-0.013055486089717768	0.18876030323929388	0.9411267604631985	0.9466469419800335
SC_RS30980	1067.2649226763226	-0.27883808079149236	0.18628085445227177	0.1252150236740195	0.14618992789300503
SC_RS30985	1720.3273127161199	-0.8480497179335378	0.17219615317209577	5.577095511263088e-7	1.1304426140751513e-6
SC_RS30990	1188.3234063534894	-2.0110818209928287	0.2010903399756411	3.0360474873606335e-24	1.6048612309532124e-23
SC_RS30995	479.17261516546336	-1.556876792104571	0.16618638207158756	2.1560979770863605e-21	1.0191709283996681e-20
SC_RS31000	374.6943181489512	-0.7279420482677877	0.21117333656112453	4.073706235381079e-4	6.250330901410304e-4
SC_RS31005	2123.1928938797782	0.7256443450816776	0.19761380384831811	1.7833728904595984e-4	2.839687258529276e-4
SC_RS31010	54.67992214932953	-0.43304360397237024	0.27507631097969515	0.10098095058867959	0.11977377024946491
SC_RS31020	157.6959720086379	1.7920377447709905	0.23341728041723153	3.8950463086989506e-15	1.3670667053948624e-14
SC_RS31025	153.03274582190116	1.4921349457967126	0.2725169753865467	1.4137919310633332e-8	3.3382330130198586e-8
SC_RS31030	42.34239335359253	0.32712624524414846	0.2938017452589292	0.24543393872619207	0.27471612995855194
SC_RS31035	488.6041754720027	-1.4278161903269213	0.1649579059968911	1.867370194415973e-18	7.697030639252868e-18
SC_RS31040	102.6293372273096	-0.27395148959938714	0.23098139271947277	0.22237139957847293	0.25092068867508177
SC_RS31045	46.96694799166263	-1.1525109649543999	0.3066797114605268	8.505251321558285e-5	1.3878672990743705e-4
SC_RS31050	24.73960663626714	-1.4670950988816012	0.4318608792473853	2.3176400753077933e-4	3.6470930250362074e-4
SC_RS31055	19.561782997814223	0.9745357688586864	0.5402689846649797	0.03692821147639816	0.046177485403927424
SC_RS31060	160.86792618862245	-0.6116193920214683	0.21522676946825897	0.00353983500941771	0.0049643863369049435
SC_RS31065	313.18497986573794	-0.20230782935359276	0.18058371918151694	0.25385245537501583	0.2834506368769483
SC_RS31070	132.64831646966718	1.1011212600286469	0.22626389164169936	5.897412899311011e-7	1.1914389786169696e-6
SC_RS31075	3306.367910849541	-1.4260066360676138	0.21245841838030619	6.8043914735846474e-12	2.0305780140110556e-11
SC_RS31080	1221.875497390576	-1.5061484975385115	0.21979632859992246	2.304664918230214e-12	7.057557768699999e-12
SC_RS31085	90.8887404509692	-2.2244825799769097	0.24558841988719568	2.1351168396338277e-20	9.65318919402811e-20
SC_RS31090	247.53866027868156	-0.2254257379514815	0.2462749903362341	0.34521345548143056	0.3779664470259939
SC_RS31095	262.59257102162894	-0.236915905533229	0.27573858821028024	0.37181455024447146	0.40510645589579386
SC_RS31100	14.022106115022467	-1.0525256031732066	0.5360163607443454	0.023369215557972514	0.02993305463340096
SC_RS31105	230.51310487150516	-1.0992475488425122	0.1772375016854472	2.8533256445245016e-10	7.66220804906179e-10
SC_RS31110	774.5952922082262	-2.275750608048121	0.24018479158396402	3.716465370992807e-22	1.827014376380064e-21
SC_RS31115	420.4815722003552	-2.381672812288211	0.23749469585883218	1.5376033340134861e-24	8.222108038444848e-24
SC_RS31120	922.0730966785454	-1.9877760550085777	0.2710913718048909	4.3434365144615496e-14	1.451223419014022e-13
SC_RS31125	800.9122261716961	-2.261069487397032	0.25230152327078925	5.038927693017161e-20	2.2316548233218346e-19
SC_RS31130	47.40185568872638	-1.5349550799388423	0.33128707291444676	1.2127123753760339e-6	2.379601132523383e-6
SC_RS31135	46.69712534233453	-0.0390012799047236	0.29282875923564333	0.8856178793721783	0.8976695865966244
SC_RS31140	112.02073188186053	-0.3172843557779813	0.2089602350755354	0.12035025748906344	0.14095660716714642
SC_RS31145	179.9572906482721	-2.9142704416491774	0.20318311806820988	1.8996977456980908e-47	2.736009995464399e-46
SC_RS31150	203.39985343991543	-0.9431492728478301	0.17980954782414937	9.300175776519225e-8	2.0259821617740844e-7
SC_RS31155	205.5938603323489	-0.7084723549301465	0.2052214289644499	4.0559655739472937e-4	6.22449326582463e-4
SC_RS31160	142.5516365497115	-0.22732788889817496	0.2095482547363117	0.2670229577110275	0.29739122340448826
SC_RS31165	37.71437463816855	0.038450439564278	0.29674345649557055	0.8945172548568614	0.9054454684028135
SC_RS31170	16.16982016681856	2.8474945699304492	0.5841441983228134	1.7880523950330654e-7	3.799740161663927e-7
SC_RS31175	978.7499815757977	-1.5269650264392922	0.20313911829200945	1.0488759585670877e-14	3.610836283134316e-14
SC_RS31180	175.13818411207566	-2.7380261169039217	0.200146926064631	2.104757078662408e-43	2.5485186696316253e-42
SC_RS31185	59.67340214022491	2.0688105192314628	0.3128204963998468	7.58802979332101e-12	2.2562149877398842e-11
SC_RS31190	165.5696477805351	2.1031552668295124	0.24103825724075587	5.327214830157801e-19	2.2370661820947394e-18
SC_RS31195	221.53696272168747	-1.474857880686497	0.188009465855723	1.4736592552734333e-15	5.303447217367642e-15
SC_RS31200	275.1654761531815	-1.548412969834785	0.1883312908404178	6.319867303749097e-17	2.42217783252837e-16
SC_RS31205	724.2492727856113	-0.857911832430284	0.20341092454338383	1.3085363974573225e-5	2.3067529033828102e-5
SC_RS31210	746.1882762825383	-0.1763472080840037	0.2069365600087531	0.38133163721910646	0.4148222630878418
SC_RS31215	29.12633733376911	1.8222713447757641	0.43854845208008025	8.040866292618436e-6	1.4529775926671567e-5
SC_RS31220	3051.440207636604	-0.08802740248976369	0.22428130031171944	0.685029535914124	0.7105651706049727
SC_RS31225	768.9192949571518	-1.0073534957421333	0.24493788545272702	2.4775718231293754e-5	4.264615925246502e-5
SC_RS31230	1163.5660100771456	-0.863763773058179	0.23707071873179356	1.6987033256526458e-4	2.710133778312984e-4
SC_RS31235	101.40023513726447	3.4926485341801503	0.30015416549086577	4.8805947015561996e-32	3.68367505929124e-31
SC_RS31240	73.24377810451492	4.510963434400007	0.43360192299440203	8.582178348690808e-26	4.86807562640354e-25
SC_RS31245	54.477137404562704	4.195309530918192	0.5084197713825988	6.581332892035589e-17	2.5210778569283343e-16
SC_RS31250	544.267591582971	-0.9799625539070747	0.1847447453245467	5.93873663446265e-8	1.3182493661206374e-7
SC_RS31255	2366.9494073425553	1.8324965825919641	0.20738630384138346	2.492847214960714e-19	1.064403900586005e-18
SC_RS31260	1396.4497908267551	-2.282546099056603	0.20528027495555165	1.536040965783131e-29	1.0391528515307164e-28
SC_RS31265	8734.934085098423	-1.884156463962319	0.22582031687455045	1.5817774075529934e-17	6.250818115378228e-17
SC_RS31270	634.1986823119631	2.1148146647594124	0.22008725099324514	1.3114216780763582e-22	6.547341539698758e-22
SC_RS31275	45.985159562771365	0.22938519970057708	0.29234545874540463	0.4147727310766442	0.44846541333712236
SC_RS31280	169.49590011155576	-0.449328190601145	0.20336735257796498	0.02393364411675465	0.030602859670010193
SC_RS31285	535.3787365833086	-0.7313527367084544	0.1856433399622518	5.7604898086829235e-5	9.53487134662803e-5
SC_RS31290	575.0157607198385	-0.4326958345360365	0.18031914205521132	0.014543244600618498	0.019109388040798432
SC_RS31295	207.88040313590494	1.4544997928444476	0.21051195265746803	1.6993956411973254e-12	5.245434683210163e-12
SC_RS31300	450.5205385186262	-2.459626954013168	0.20886105395881005	6.204342744903486e-33	4.8949394049623354e-32
SC_RS31305	1276.2276856876647	-1.2891137214014279	0.2250517825796363	4.1135907495269824e-9	1.0151813315599722e-8
SC_RS31310	174.84613071547318	0.781719525039378	0.24648891183618632	0.0010502058813978308	0.001548843633885521
SC_RS31315	634.3205795912797	-2.426265745405618	0.15015615667918233	1.5750459524303257e-59	3.299542287846938e-58
SC_RS31320	71.73998108692645	-0.3045516117040443	0.2709081660257773	0.2427727991835184	0.27202653414059635
SC_RS31325	125.46249186035908	-0.48910831683471473	0.20679777503323674	0.015459076313958391	0.020208336950740858
SC_RS31330	74.69764149121072	0.6415644167613614	0.28659902632621775	0.019646266359706937	0.025371553088700344
SC_RS31335	360.19626150063635	3.9264800949816934	0.3136642923599052	1.1416772723129309e-36	1.0484094901663204e-35
SC_RS31340	2488.19388720142	-0.5727025857071553	0.19819140417938338	0.003180489214187995	0.004495481591992002
SC_RS31345	111.017934599238	-1.060474204525035	0.2350024624001953	3.448661708654841e-6	6.467556317299287e-6
SC_RS31350	6489.847024133967	1.2725981499164727	0.1972036916980889	4.914697682495249e-11	1.3944201889465167e-10
SC_RS31355	1383.082167053989	-1.765270591780858	0.19762937384445692	1.0181283030451009e-19	4.437162001568898e-19
SC_RS31360	32.80377710469947	-1.3770047990852743	0.38550341721695086	1.3378526442567478e-4	2.1516522134676678e-4
SC_RS31365	47.85865184932983	-0.2270911179028106	0.26136853164324625	0.36799087407034015	0.40135552512863304
SC_RS31370	64.88673777132841	-0.22309700476728084	0.2576562679204317	0.36953050748821237	0.40297514969211445
SC_RS31375	1021.5271418493105	3.977673306164749	0.2738675630013034	1.4423467038752e-48	2.1573761854717495e-47
SC_RS31380	1729.3885618811407	5.12643841851531	0.25770428762062847	1.228498696842424e-88	5.661843369072522e-87
SC_RS31385	84.17067822639935	0.5075909030752486	0.2591579757080995	0.042827915056956684	0.053095670079017915
SC_RS31390	261.45024109997803	-0.28349512597913734	0.18693292744653367	0.12206611009237245	0.1427848184995486
SC_RS31395	413.29392834823545	0.23897014581905077	0.18086187607112966	0.17950813686311862	0.20557726851207944
SC_RS31400	77.55581293364543	-0.1860789507794297	0.25936397966085156	0.4578218782871499	0.4914803509229063
SC_RS31405	58.66766708296771	-0.9953323629379354	0.26456977700256123	9.644931186721457e-5	1.5662127850888356e-4
SC_RS31410	126.82574073955233	-0.40880681675868535	0.22508268687304447	0.06221393192435648	0.07556671619341207
SC_RS31415	74.116837287496793	3.1879650711702077	0.30796380241859544	7.875938361974585e-26	4.484723512061822e-25
SC_RS31420	136.19938564089975	-1.4878997497549034	0.2140427488973961	1.2845895777975951e-12	3.980068717092213e-12
SC_RS31425	1239.2448690643344	-1.8875062878339808	0.16311060785399675	1.0991196628093437e-31	8.170270558020263e-31
SC_RS31430	1772.0643526360136	-0.02101217543532953	0.2034138857170646	0.91595349804306	0.9247242054786868
SC_RS31435	1563.6120739664018	0.14050099247018427	0.21342564509655162	0.4909547379481395	0.5242253457326355
SC_RS31440	409.51022402999735	-2.873925179474898	0.197712938220985	7.579661926699275e-49	1.1476884404000091e-47
SC_RS31445	145.67188411688142	-0.9021689956787844	0.19817470938441614	3.266496283694339e-6	6.149385651254035e-6
SC_RS31450	793.8604714358919	-1.56648887388068	0.21832827567480478	2.1545660188763856e-13	6.946991614864218e-13
SC_RS31455	305.32046498029706	-0.23951278308889068	0.15527868903809056	0.11784404739737957	0.1381968838276522
SC_RS31460	460.3062035754401	-1.1595913585102118	0.20946798418251567	1.4226822343374825e-8	3.3570748147214706e-8
SC_RS31465	200.49351616030668	-1.1172396954802286	0.2049896206687421	2.414972048457135e-8	5.589455080139019e-8
SC_RS31470	94.44372807253734	-2.3603148338770756	0.230119589657825	1.6458566376482056e-25	9.20830564948245e-25
SC_RS31475	44.93778071981077	1.8666720209679684	0.40725940770951047	1.110082887324508e-6	2.189874588317529e-6
SC_RS31480	72.81718044441135	-0.4527848295210371	0.239678074299706	0.05130893864309119	0.0630797121630801
SC_RS31485	71.51559288244444	-0.6829796589562855	0.23584143053129067	0.002828637434351344	0.0040189542275350315
SC_RS31490	67.97722140001582	-0.5011104141927286	0.24979794734033806	0.03833417606234929	0.04786254898133486
SC_RS31495	66.76777518009787	-0.7964832808372104	0.25885194331149664	0.0014483783599982224	0.0021107395309539314
SC_RS31500	49.05146944558813	-0.3624703500231886	0.30363871722937236	0.21024590903852897	0.23836912825094406
SC_RS31505	48.939779710574435	-0.4374955752629849	0.2794119467475364	0.10329992909471179	0.12228827695366909
SC_RS31510	96.34458662831183	1.5644537541728911	0.2695571201940723	2.0325479635375036e-9	5.1258579627652374e-9
SC_RS31515	463.1352355936888	0.005004113361386248	0.16746728632169586	0.978361462564834	0.9803556767160058
SC_RS31520	3019.427649395302	-1.074479842841751	0.18741440816068014	5.3934449185780095e-9	1.3130162703728702e-8
SC_RS31525	583.5849330572868	-2.6075063939184124	0.1808744195181286	4.309170568663571e-48	6.342479795074885e-47
SC_RS31530	208.84731629769706	-1.5661917104545673	0.19018193324187685	6.182480320671429e-17	2.371988027296104e-16
SC_RS31535	292.31302004238637	-2.086007823210184	0.1847157080826291	2.2063660828815956e-30	1.5436189274353782e-29
SC_RS31540	745.4386475910148	-2.1917872091416637	0.19368031048394654	1.72989062635161e-30	1.2125678211707957e-29
SC_RS31545	534.2956005566114	-2.0730191905108697	0.17364859316760428	1.320842796308466e-33	1.0644693748610522e-32
SC_RS31550	395.4376269293209	1.4576459678997886	0.2146790403494828	3.809362629402984e-12	1.151711358311505e-11
SC_RS31555	399.96438970171505	0.25152385069746214	0.2035447609549617	0.20797459670319016	0.23601179995218902
SC_RS31560	439.9828957297394	0.1320572701506908	0.1698901498325188	0.43662587253026586	0.4703007864502162
SC_RS31565	2027.3093069279291	0.24340274810069276	0.19883986238210194	0.21266535444407367	0.24081608164474805
SC_RS31570	759.5008672496111	-0.5243130887618608	0.1871863844727382	0.004214729932708973	0.005865147862577084
SC_RS31575	272.8211419138936	-1.5291067419014568	0.20793166922419826	5.807276765005868e-14	1.9298268979339014e-13
SC_RS31580	172.18728779725757	-2.8833367711257987	0.2019434411513355	4.678670936977711e-47	6.571527521766408e-46
SC_RS31585	855.3157646021144	-1.2762235675658955	0.2215438226875864	3.3705271760797435e-9	8.359995760649857e-9
SC_RS31590	1474.1711226656253	-1.4175255193922893	0.2072806872419497	2.853103859732306e-12	8.693713992423977e-12
SC_RS31595	93.48101341842148	-1.2081330563618675	0.22010249166458093	1.802011166727919e-8	4.2157456673387293e-8
SC_RS31600	243.1278971595399	-0.4013971721397987	0.21397241593522487	0.05450095310997433	0.06678132738998849
SC_RS31605	57.72376427165912	-0.39232233570626995	0.2622625463928509	0.12133157049816541	0.14199317582184917
SC_RS31610	749.5497826042591	-0.2624462283910457	0.21172959612355732	0.20522506182405914	0.23307093884038382
SC_RS31615	916.6433207250107	-0.36664555769415463	0.21099954658750938	0.07495790066245316	0.09025363220742884
SC_RS31620	461.63746936272037	-1.5676697068212428	0.19662207531555823	4.447093334144392e-16	1.6347390950139954e-15
SC_RS31625	384.93040628425524	-1.638164367088007	0.20513338908575157	3.650877336977359e-16	1.3454057712579232e-15
SC_RS31630	788.8278607004136	5.174087813918082	0.28125500579266577	1.6897939792066097e-76	5.417626435943277e-75
SC_RS31635	1754.6721036100423	4.952049561452948	0.23437285957237589	3.242977089727627e-100	2.0095557192984474e-98
SC_RS31640	818.9349672134766	4.889246425544483	0.3012934101158413	1.817642108292884e-60	3.96547127412773e-59
SC_RS31645	540.8921225619019	5.328751699209099	0.3196048947316564	1.6828124333273977e-63	3.9772624626141766e-62
SC_RS31650	787.5674528693562	0.9980506393490518	0.1955711445248398	1.9122257949506982e-7	4.055436586703034e-7
SC_RS31655	75.58087344966457	5.424391009893603	0.4920997625423627	2.0752799790976773e-28	1.3376848396736252e-27
SC_RS31660	109.23359753303055	5.735774851028755	0.4643932213819607	1.7214614868444265e-35	1.5058193361792173e-34
SC_RS31665	182.78476280379493	5.650291837582392	0.39201873262086534	2.832700209648293e-47	4.024726656251736e-46
SC_RS31670	85.3075272666037	5.588238901944517	0.4929178879409629	3.1658206548319516e-30	2.1961205558542626e-29
SC_RS31675	1148.108105030203	6.1057909607226195	0.2783289998172668	1.3816554264900916e-107	1.008745258904746e-105
SC_RS31680	327.22661759710434	6.199962019475007	0.36919895902943495	4.3839022148605926e-64	1.0598981945043283e-62
SC_RS31685	319.37791207769095	4.916396484129375	0.2879887767174199	4.2707335522387297e-66	1.0859444556623585e-64
SC_RS31690	41.77622426997149	9.885960773619981	2.7128093053465867	1.1450120853098813e-13	3.7642974217900423e-13
SC_RS31695	621.3589907227388	5.412534472407001	0.2749617079576013	4.729528207033711e-87	2.100936204738951e-85
SC_RS31700	222.55292316790104	5.114826960964131	0.29153481358371997	1.444831169557987e-69	3.960663585249292e-68
SC_RS31705	562.5450053449216	5.6856111117509975	0.2542630462878673	1.0843408021513005e-111	9.297591947748477e-110
SC_RS31710	207.21183220457098	6.188925876973472	0.41557231147509727	7.292989253256087e-51	1.166561881854889e-49
SC_RS31715	108.94348539873174	5.406417418996422	0.39926523202435293	5.955389689973441e-42	6.745782423020607e-41
SC_RS31720	301.60166644076145	6.583150978597104	0.4049837311850515	8.505065569313691e-60	1.8126113730670278e-58
SC_RS31725	717.5020069111862	6.106641846676042	0.29376428201452087	1.0509289765066133e-96	5.9611925175075124e-95
SC_RS31730	799.3157305714191	5.427699101505871	0.2769712145591512	8.595644700487075e-87	3.7954661090653706e-85
SC_RS31735	546.3431128448519	5.229455719091392	0.29072401857466434	1.2861232659874571e-73	3.87096855648633e-72
SC_RS31740	181.44583963468392	3.631946131215154	0.29958350771548203	8.05516711438383e-35	6.874861377484532e-34
SC_RS31745	449.2998733092265	-1.8601382754636961	0.17299670102498832	1.3398302875519668e-27	8.323427582483743e-27
SC_RS31750	629.2887383769463	-2.9082641290692766	0.15353813623601784	5.034918842333051e-81	1.8846442407798945e-79
SC_RS31765	6.963885203169307	0.5220459306610372	0.5952100483391803	0.29022376704758274	0.32162760117356104
SC_RS31770	13.808373204408896	0.17699784840836189	0.4370469537645074	0.6569681282002442	0.6850230454395646
SC_RS31775	69.1488491245242	0.4490332022814631	0.28336795077045995	0.09941241758691947	0.11806525483748496
SC_RS31780	143.8312218389882	-0.5387172981673419	0.25330322698452584	0.027448480717687223	0.034831370988164786
SC_RS31795	62.806275670222576	2.033344982270653	0.2836438162947563	1.7950074913952074e-13	5.820749886344881e-13
SC_RS31800	39.915920265837286	2.116499467713884	0.37368806608180527	3.2698421632081216e-9	8.123927261285946e-9
SC_RS31805	20.72865402101439	2.9694248314683027	0.5518163805872927	1.0767136215509145e-8	2.5636700824399234e-8
SC_RS31810	334.9288680459231	-0.23859995156511737	0.19796510940404782	0.21792982020407423	0.24636125926488478
SC_RS31815	34.502613529725174	1.5632122876646677	0.3576298081876847	3.7872952614279014e-6	7.07383871777339e-6
SC_RS31820	12.590036071824414	1.7005621544940452	0.702296223795223	0.003624817000635239	0.005079703641711184
SC_RS31825	42.41287183148572	0.7905683762649385	0.3015789216736584	0.00591899401996433	0.008108241111502316
SC_RS31830	104.30449082515025	1.2783968955309726	0.25174758513129786	1.5779794940848314e-7	3.3678786655228785e-7
SC_RS31835	111.72349182881754	-2.5399692497173056	0.25006977606629094	4.634650545813459e-25	2.539072297535546e-24
SC_RS31840	183.12746460949276	-2.839415269309771	0.25023307858814925	8.505862816754537e-31	6.065979923670015e-30
SC_RS31845	855.7692958009006	-3.101736159910819	0.29267360456636127	3.1173379453935127e-27	1.8903988494516253e-26
SC_RS31850	4926.953890917458	-3.1785293722325	0.29219587992139284	1.5019955021937432e-28	9.758339060067544e-28
SC_RS31855	55.12945175246037	0.08194684637482802	0.24919122261330195	0.73719635808843	0.7603980898788758
SC_RS31860	12.67378555818014	6.202801070656103	1.3461416388992902	1.5979223131836853e-7	3.408469521960224e-7
SC_RS31865	19.968655789482035	3.9717397239017673	0.6569534668871291	2.5693556424203955e-10	6.91727948419423e-10
SC_RS31880	23.330144770196085	0.7332068315611538	0.41968791946600675	0.05547839596475619	0.06786623952291176
SC_RS31890	35.36968956876931	-0.4673047710684095	0.33533646276888296	0.13944590358771392	0.16183098726090692
SC_RS31895	15.669862888651595	-0.082236841087258	0.4188473516226952	0.8275869821473751	0.8451220615364553
SC_RS31900	16.215567646701608	0.41034781541979204	0.4389284750710048	0.30281224536172696	0.3347732379756184
SC_RS31905	23.48523898798304	3.0493654545504514	0.5298374128476657	1.254448493531159e-9	3.2174967621908753e-9
SC_RS31910	19.726489787858284	4.144633379017457	0.6669770862190881	9.645629913303232e-11	2.6729378046109746e-10
SC_RS31915	23.46489248753359	1.770598093915356	0.4265991758564933	8.817096709351497e-6	1.58424149938494e-5
SC_RS31920	53.84538435766017	0.009661212108006384	0.2823061590688699	0.9729774980941573	0.9756236158480169
SC_RS31925	46.726762698162595	0.5067485792386509	0.3253920576824963	0.10105536873280654	0.11982349075988351
SC_RS31930	33.1737843423445	0.13374152888044502	0.3258663500633724	0.6669727516827613	0.6945989048659401
SC_RS31935	137.81156897971124	-0.474526526972865	0.21602203132880005	0.024172177141464923	0.030891791029664183
SC_RS31940	5.731616473816718	4.859105426656755	1.388257065023293	3.0887768808456206e-5	5.2650579563928817e-5
SC_RS31945	39.782219241377625	-1.0738486301949166	0.2857578215749367	8.808790458145173e-5	1.434541096253589e-4
SC_RS31950	26.18562165166973	0.8281033015454011	0.36564861384137204	0.015434051095511821	0.020182779354194744
SC_RS31955	78.40407946983859	-0.6164998455995223	0.23899890043414812	0.007804132978640675	0.010539867506318011
SC_RS31965	14.984060619035517	3.1857007770167955	0.6438881191745952	1.0826185453124028e-7	2.3438723291643154e-7
SC_RS31970	18.961827887731545	3.4218990511409593	0.5990017189730535	1.6717343313276917e-9	4.244961762813499e-9
SC_RS31975	14.427877941962997	1.837560935365714	0.499985279134511	6.165587354291218e-5	1.0175703032798444e-4
SC_RS31980	19.378475007457652	2.5056183311707003	0.5321460205689768	4.164878312491269e-7	8.533429473829014e-7
SC_RS31985	21.538396367808048	2.76130470801595	0.5195175692908903	1.644358070383243e-8	3.854258236174836e-8
SC_RS31990	15.060917456696574	1.2129207464037857	0.4914933683759711	0.0058198419152159534	0.007975378978405953
SC_RS31995	28.756630635468785	2.938479529590697	0.5077555738111907	8.740794429728102e-10	2.2711281932633907e-9
SC_RS32000	118.27423603004857	0.6722427716216071	0.23598454457226295	0.0034053580822822013	0.004785803411234792
SC_RS32005	1132.5428037449606	3.6927443270005478	0.21681085595267816	8.025409963197148e-66	2.0129038458712847e-64
SC_RS32010	365.41431850337693	4.1218134425241315	0.2644333175890549	8.684954326790412e-56	1.6379246344182224e-54
SC_RS32015	93.5363178080779	4.0339872099283545	0.38002421209106263	4.780608276515618e-27	2.887158511959555e-26
SC_RS32020	181.15448838446534	0.8099767161242366	0.235108923434812	3.8722711779941787e-4	5.954979701048816e-4
SC_RS32025	48.208886023268626	-1.262392260679783	0.30163687557649543	1.2197246180092306e-5	2.1594836334213845e-5
SC_RS32030	72.65164338150217	-0.6092219545539421	0.29932235296079973	0.0329152985723888	0.0414334946522354
SC_RS32035	139.95249490555952	-0.37144656222273964	0.19042905310132474	0.04669203095664014	0.05770186631041803
SC_RS32040	165.1967202286883	-0.14257241016298414	0.1872356701115822	0.4373951868867015	0.4710606262746512
SC_RS32045	134.50576453304757	0.7494843844448601	0.24232532535893556	0.0014038464789207234	0.0020486768128955895
SC_RS32050	394.8324838447739	0.849309567528475	0.21290500320533806	4.337297312946055e-5	7.26231389320259e-5
SC_RS32055	16.77115642310488	1.092309681871316	0.42295794734019726	0.004859187450149892	0.006708790162405037
SC_RS32065	25.749428813932255	1.9464653929713904	0.5471915786963073	7.526724944137776e-5	1.233653472728872e-4
SC_RS32070	14.405872541439932	2.319693005930229	0.6037386279227277	2.2435410697508823e-5	3.874443055818034e-5
SC_RS32075	55.8630049440552	2.411942863799261	0.35774744576824086	2.5297748858089626e-12	7.734063021540336e-12
SC_RS32080	585.2601011382177	-1.2391208279130472	0.19125533168694833	3.1917666874862426e-11	9.161575536599281e-11
SC_RS32085	224.67008259875251	-2.658867428491556	0.18461634669349075	6.679643032180736e-48	9.753601528574405e-47
SC_RS32090	15.12678366128506	0.6611833792722516	0.5093933819506423	0.13494690173406904	0.15678248832314876
SC_RS32095	221.80319388482295	4.719790745062042	0.2878523029576791	1.4781994096272693e-61	3.312497420009267e-60
SC_RS32100	603.1129601526548	-1.0233425168716135	0.1979207651900955	1.2549884794293132e-7	2.703559756737293e-7
SC_RS32105	121.6716380828649	-1.864672377442331	0.23997952271218695	1.757976601822325e-15	6.2928735251639925e-15
SC_RS32110	196.17343859386716	-1.3835101366878568	0.2011145230978314	2.421261395383083e-12	7.408457066205334e-12
SC_RS32115	20.03130814378355	1.747360361985469	0.517600449603793	1.8579542372538027e-4	2.954616033105357e-4
SC_RS32120	391.97132941525246	3.1746809870723602	0.2714334831484355	1.5813861209051785e-32	1.2223418506870846e-31
SC_RS32125	83.27733742805525	0.39398717961655727	0.2586506844801793	0.11581941959037487	0.13601726390498872
SC_RS32130	72.27492649356226	-1.0117289074502545	0.34398633328979966	0.0017675981128886821	0.0025562401420751407
SC_RS32135	48.48545058036087	-0.8619475263680763	0.2726358224856633	9.784638018851266e-4	0.0014488337500202658
SC_RS32140	16.173020486032247	1.459383453224758	0.4940705172759975	0.0010340947738878216	0.0015256932498296913
SC_RS32145	28.9601797300061	3.640545940228264	0.5811050848445269	5.3733821418802953e-11	1.51755342452031e-10
SC_RS32150	25.524917119958218	-0.4626916798166875	0.3456625631083674	0.1539619612153824	0.17786550242867455
SC_RS32155	227.56237106409213	-3.717438536185216	0.2202247206548735	1.574538500854035e-64	3.831896668415067e-63
SC_RS32160	29.482492730041795	2.8065801857715074	0.4238679722576061	6.4656682735951146e-12	1.932624152796529e-11
SC_RS32165	17.037155497722814	3.798912903133496	0.6257865270268371	2.867468496266731e-10	7.694582493257233e-10
SC_RS32175	55.517882091336396	1.4656031138961136	0.3040047408680233	4.848053293109553e-7	9.872837609331633e-7
SC_RS32180	86.61242438673126	2.6141919208371696	0.32802284391511133	2.2182376305477924e-16	8.252918409515349e-16
SC_RS32190	13.440240589481757	2.438694198505744	0.6644557943230744	4.1561418813957856e-5	6.973240098614909e-5
SC_RS32195	165.21463718252716	-1.170638964542969	0.24203520411165907	5.919879724715521e-7	1.1956503174487059e-6
SC_RS32200	24.43738611314721	-0.20970786132174007	0.38853640540453566	0.5584803653417436	0.5904278443053788
SC_RS32205	20.827221174795273	0.06786823397718701	0.4115796486861965	0.859933847072932	0.873918438301516
SC_RS32210	27.514086055136985	0.10711765139971961	0.33624032681693977	0.7383319924687048	0.7614629527922
SC_RS32215	494.7978024097091	4.224974334889158	0.2868447511770577	5.122790016546407e-50	7.986353822835773e-49
SC_RS32220	702.1277692505338	4.395456333593909	0.24160112477048776	3.961100989772419e-75	1.2482546452385394e-73
SC_RS32225	17.629540751840526	0.548957124773189	0.4692162883940985	0.19009558422908995	0.21689073775418682
SC_RS32230	792.5704423182407	-0.46445656273731223	0.2167906350369568	0.02779770599904844	0.035250263806875876
SC_RS32235	60.334695595072745	1.1687616494564999	0.27271299830260487	8.56125513597814e-6	1.541276742497627e-5
SC_RS32240	3649.012434316271	-2.916725590974468	0.24803908038532888	7.184790956385133e-33	5.654284793210669e-32
SC_RS32245	196.38886097222564	0.2569725331018894	0.20629270380216722	0.20139442957503292	0.22910868924503128
SC_RS32250	82.17784839405095	0.4176289917895473	0.26581317307447244	0.10303868144183297	0.12205738746218094
SC_RS32255	190.47282576503198	1.0332190405113337	0.2196772022687738	1.3912759581639292e-6	2.714092305688046e-6
SC_RS32260	189.48774234332993	2.549549829409008	0.2125890128420912	6.9352490135992195e-34	5.6446496938499604e-33
SC_RS32265	231.25157766783963	1.760664321955231	0.22416028710997568	1.045843631314119e-15	3.787844271763415e-15
SC_RS32270	112.52124115233518	1.5944526866133062	0.2526954091486603	7.923170192860503e-11	2.2130854925058084e-10
SC_RS32275	65.00383661009845	1.8018561586526858	0.29393278032789977	2.2468216855531023e-10	6.073336916887308e-10
SC_RS32280	766.078470618349	0.4382129396767166	0.246157277422307	0.06624066634247162	0.08010145516716723
SC_RS32285	1368.067607064989	-2.4160121932435032	0.2648401183650706	1.0432088395465162e-20	4.798890818974429e-20
SC_RS32290	501.33112905148636	-3.222345308137036	0.24126989728484718	8.161359745298735e-42	9.230347662857803e-41
SC_RS32295	679.919472647194	-3.261807752424788	0.21423659309393994	1.6109906753023134e-53	2.801755952754542e-52
SC_RS32300	21.894862334432112	2.438000588411031	0.5883259445741388	5.21767038032415e-6	9.601971895310775e-6
SC_RS32305	1651.974045648053	-0.9173565726796281	0.18847147586613924	6.724355876848538e-7	1.3496298376668784e-6
SC_RS32310	95.96379918493929	0.6986463930502901	0.2330428067681908	0.0020491691832837727	0.0029466797109076715
SC_RS32315	52.98012397237009	0.5743846257105525	0.2988451748030958	0.04401133818052799	0.054507827971651567
SC_RS32325	67.25973501168555	-0.422139341081596	0.27430164493825726	0.10928202063733268	0.12895593217789905
SC_RS32330	709.1980852919539	-3.0807403386515264	0.18453310227733058	1.0935843040652459e-63	2.5929551955553452e-62
SC_RS32335	184.6455674451684	-2.9781468111888163	0.20845297234698554	3.484360404424081e-47	4.931607221156079e-46
SC_RS32340	125.2184015664273	-1.9827988057774886	0.2513905347360152	7.702710718430178e-16	2.800778542293103e-15
SC_RS32345	55.44452438275608	-1.138744712818619	0.3423179430622771	4.2610189957333045e-4	6.524242955676367e-4
SC_RS32350	38.378031933284404	0.006619760970933613	0.38925218087596863	0.988693562844412	0.9899017423509427
SC_RS32355	89.58233755713364	-1.5300101106259354	0.2925506447003714	5.807915920896362e-8	1.2907646775373651e-7
SC_RS32360	92.81493130725883	-1.5339987933899697	0.2832606467460538	2.094862018399613e-8	4.87610875116122e-8
SC_RS32365	2194.647414258882	-0.8496020112763538	0.20311859248007824	1.712799255905615e-5	2.987977694120654e-5
SC_RS32370	1407.3427651038512	-1.3187710580334222	0.22286621444584395	1.28315412135372e-9	3.2899786129563043e-9
SC_RS32375	1064.4912975433158	-0.18517352445933005	0.19546878580295543	0.3307375658901229	0.36319565314575813
SC_RS32380	23.77494520750833	2.57987426067168	0.49972500910535506	5.1719968418875056e-8	1.1557062033963171e-7
SC_RS32385	124.92967337016222	0.45879963281814135	0.2208819907137391	0.03327471182414143	0.04185733964367432
SC_RS32390	891.224830721244	-2.300095472468634	0.20909279689650823	5.666792851755506e-29	3.7409964627435183e-28
SC_RS32395	48.34824815023107	0.42660532781910016	0.2889739216994511	0.12397682838572077	0.14481763226500918
SC_RS32400	34.5728038190594	2.307586399505224	0.3921541872315612	7.922106409406153e-10	2.0664171440736102e-9
SC_RS32405	25.4613813396759	2.544338363792431	0.4784779651102039	1.8235423546688868e-8	4.2647641367993564e-8
SC_RS32410	17.137099094248434	3.443745191678031	0.6280256217382951	8.13522241208583e-9	1.955954681014702e-8
SC_RS32415	10.536754172402512	3.727368397736682	0.8565863342190101	3.4107163864997017e-6	6.4012783492106894e-6
SC_RS32420	23.843164098316873	1.6096387621174693	0.4091266092544471	2.5164824141850452e-5	4.3295710037798696e-5
SC_RS32425	37.541078495739356	2.3842846180004313	0.355396279133876	3.407923672912393e-12	1.034157578767736e-11
SC_RS32430	61.12230629868436	2.142714599291233	0.2974682716476649	1.0791224918509367e-13	3.558787681086229e-13
SC_RS32435	209.31348897956104	-0.23772191435145892	0.2050231465944095	0.23492550088331007	0.26367437496400736
SC_RS32440	44.337979815686744	0.05772157411430142	0.2745727336419857	0.8314414889934226	0.848588171603806
SC_RS32445	1280.4181296566105	2.0897292930106035	0.24626894132767793	4.259941385706781e-18	1.7250306303240968e-17
SC_RS32450	1894.4246371151612	-0.730033178811063	0.21865548075061883	6.051697969894896e-4	9.120216805641726e-4
SC_RS32455	88.78893116165233	0.23898442357350186	0.26968521598154355	0.3585138999501587	0.39154050625480896
SC_RS32460	181.09471358183032	1.2763421081420379	0.22963524615118727	1.119195365012176e-8	2.6630999101645e-8
SC_RS32465	875.4230453388291	0.3618988925789148	0.24224599942657643	0.12324834951079082	0.14405346794936938
SC_RS32470	138.23335612306565	-0.8808445608727575	0.20547469278793512	1.1247140834101853e-5	1.9994314491481934e-5
SC_RS32475	38.3765152146253	0.12254794012282087	0.3012574663923224	0.6735499336092301	0.7000362523515803
SC_RS32480	42.94356569188422	-0.028267108543620818	0.28864066900885027	0.9164931166893621	0.9250233017338292
SC_RS32485	94.51406980232888	0.5316501098222517	0.27227585034615887	0.04211293076210705	0.052253197280797144
SC_RS32495	31.51751271965223	1.111895888684983	0.3478803271471724	6.992343483587949e-4	0.0010473601634770982
SC_RS32500	38.843287263849646	0.6233434097959698	0.3133341716082881	0.03658028164566658	0.04577345950367307
SC_RS32505	129.81602314036132	1.8351089793125477	0.263296680315029	7.155486304786377e-13	2.2481702603960264e-12
SC_RS32510	121.47593295816094	-0.40493041129904883	0.20552604354190954	0.0439515060817055	0.054442870123718526
SC_RS32515	27.37466780074561	-0.5590470466611561	0.36467951027808093	0.10030966827160183	0.11903500061712131
SC_RS32520	44.96593905164318	0.21260945370911832	0.2670634130764215	0.4110245497764016	0.44500000441215465
SC_RS32525	137.7145877585358	-1.4128356608754704	0.20807716466961262	4.275866680700905e-12	1.2895804050506533e-11
SC_RS32530	68.90205315270734	-0.5576678084791219	0.25121779645861864	0.021853550763087003	0.028094156786437164
SC_RS32535	267.7126965519878	1.4521708327002105	0.23281866764163703	1.506930759920616e-10	4.1293598750110076e-10
SC_RS32540	408.77088569940975	-1.5491750668165305	0.18641747532979622	2.822420437312892e-17	1.1017749234910147e-16
SC_RS32545	1184.73373624741	0.832805078261261	0.23363099836519907	2.3795761165553838e-4	3.738971720323759e-4
SC_RS32550	233.2172392099795	-0.8792395439204208	0.19343503740166348	3.4185362152907544e-6	6.414322150522652e-6
SC_RS32555	55.765338631805115	-0.7463541785540353	0.27873052373179613	0.005239068590228656	0.0072049406535520544
SC_RS32560	42.21290462512024	-0.11372809343837353	0.32573971348468517	0.7110545986266146	0.7351818017768726
SC_RS32565	465.32971252862575	-0.820735200670633	0.16768553022633814	6.541701285990135e-7	1.3144006889071185e-6
SC_RS32570	81.8453626035103	-0.2668964447282662	0.24451883799016216	0.26014955498223113	0.2900866200573072
SC_RS32575	35.78601774678413	-0.721789762792468	0.31954874927520677	0.01670717459390476	0.02174734429928574
SC_RS32580	82.94793128222506	0.2170339234715814	0.2819642918255332	0.4232499492909515	0.457028133851439
SC_RS32585	285.3832741947133	-0.03852069181171598	0.19227428884196968	0.8369844940023542	0.8538909323150746
SC_RS32590	126.81456412084857	-0.7178505043318026	0.224338125734352	0.0010059185281956835	0.001487097679814549
SC_RS32595	124.54851218053581	-1.1542386731538545	0.21146243398385564	2.2917800329223224e-8	5.314335208417989e-8
SC_RS32600	56.50649218330645	0.5805047502596208	0.2843093764594846	0.03357331240832306	0.04221135647041334
SC_RS32605	650.9134479805009	3.8562032976766063	0.221706858384673	1.074017646686067e-68	2.9010278852245637e-67
SC_RS32610	106.06543908639436	1.2603667403935257	0.2795461634739798	2.685970726067613e-6	5.09553592334e-6
SC_RS32615	312.1391813381759	-2.938413052578084	0.18446413114541355	6.260625579859971e-58	1.2545068757034626e-56
SC_RS32620	207.80313665272408	1.3376109160414584	0.22237298214030032	7.033986439916574e-10	1.8425796095184659e-9
SC_RS32625	132.32062445358554	1.2231089418734848	0.2450641840377506	2.680167174215747e-7	5.590821143611575e-7
SC_RS32630	617.3906366038773	2.7236058863412986	0.20478463820681758	3.8198654602378835e-41	4.2167197460769686e-40
SC_RS32635	173.9927340804332	-0.0339047627165026	0.18353736520615252	0.8500952006706202	0.865470386544961
SC_RS32640	62.99251900004578	3.0610889811446764	0.3364398979722744	1.3098147530957e-20	6.002842752845054e-20
SC_RS32645	92.17595721399995	1.1117432997354972	0.22167593931537904	2.737814138469201e-7	5.707843216588037e-7
SC_RS32650	252.87815750738022	0.3201948334471941	0.1706600570297733	0.057212329459649276	0.0698251766692244
SC_RS32655	426.3619486874356	-1.315634571613667	0.19508702996324592	5.808805732822614e-12	1.743350975736018e-11
SC_RS32660	584.9612538060867	-2.7569210908696578	0.17184657932142092	6.1313085955164965e-59	1.2593946959147256e-57
SC_RS32665	163.64037009466432	-1.1856980781714315	0.19797388474101826	9.55414999694468e-10	2.472010599209476e-9
SC_RS32670	52.03448307176801	-0.577615443321292	0.2720732033064776	0.02696873240707803	0.03428157779172442
SC_RS32675	27.33441353027878	-0.15618218843107773	0.33395544420622886	0.6193626077428341	0.6491159564377003
SC_RS32680	52.864936028743955	-0.26223823083677145	0.28960012072216934	0.34423435120171664	0.3771744585083891
SC_RS32685	11.867894476769902	1.6851954618431795	0.6145133596106378	0.0014896318762916499	0.0021670044300206403
SC_RS32690	64.82330683964908	-0.1535973060914465	0.24739308410531716	0.5214868803168455	0.5544181452503487
SC_RS32695	219.42075083971565	1.2483126044379957	0.28412376987291216	4.801462853001104e-6	8.86923523998751e-6
SC_RS32700	77.79719464179473	-0.2022119127648994	0.23557331601028178	0.37716868720208124	0.41057601113494935
SC_RS32705	165.9192404978793	0.6582644457111261	0.2833019914544342	0.015407587511045116	0.020155322034139913
SC_RS32710	565.6148451063762	0.9309082651539616	0.23467387655143912	4.463244046748325e-5	7.464722522277648e-5
SC_RS32715	550.5931106551125	0.5116412488709088	0.22003002689412893	0.017179703653163875	0.02232695360212027
SC_RS32720	893.7542884683297	0.12123140673532	0.20989632843143083	0.5561055257463883	0.5881701300708357
SC_RS32725	2770.9116420350033	0.3976870170605689	0.20390268408141343	0.046009280369102845	0.05687718917716083
SC_RS32730	1930.0162522978728	0.6227297575119299	0.20761437926505988	0.002147664948541672	0.0030781110457815918
SC_RS32735	1109.9160543054327	0.6811979403530809	0.22538491020562912	0.0019031138012288694	0.0027468313114624547
SC_RS32740	1861.3225825316372	1.6266168895047657	0.24522565549170497	9.728445319278027e-12	2.8787141165471978e-11
SC_RS32745	90.13151685804725	0.9439907127108943	0.3584991289344811	0.004892497377429132	0.006750987212043866
SC_RS32750	3541.816455585058	0.8883802243610688	0.24562644572100267	1.6799927632956058e-4	2.682023519493786e-4
SC_RS32755	32.470263079434595	0.6404438981504408	0.4862271412954857	0.13563973167097523	0.1575377825392615
SC_RS32760	158.84197269670148	-0.9497201456909832	0.20985797852613663	3.555480428158925e-6	6.657722873855741e-6
SC_RS32765	2593.8425714811915	1.9946008402952033	0.20404487740039096	3.3487521361750957e-23	1.6994974708984965e-22
SC_RS32770	130.07005671067793	0.4613949288749648	0.20380301564077968	0.02079628360266265	0.02679101944200461
SC_RS32775	369.59922325211807	0.8551343951733332	0.20377708059696442	1.7546090359115065e-5	3.0572984477342744e-5
SC_RS32780	199.48902077860333	-0.9115618868323656	0.18469984635483946	4.980515310789374e-7	1.013699141643965e-6
SC_RS32785	910.2546842533567	-1.1154225338354833	0.19466658249214014	4.911923535090365e-9	1.200547701284599e-8
SC_RS32790	556.1142412627783	-0.4881344942500047	0.2064071109130219	0.015581276802508193	0.020357252859974383
SC_RS32795	35.95105589102838	0.5459135081607924	0.3364568778588095	0.08609065383875074	0.10309069201152125
SC_RS32800	42.44965396490142	0.5308379886750859	0.3014392912946454	0.06533297715817306	0.0791076147067928
SC_RS32805	23.554388756835056	1.0456316353755595	0.41568390804936456	0.006154303396169507	0.008413391405886901
SC_RS32810	20.253201396450045	1.491852387848606	0.44901321390285853	2.847807120828435e-4	4.4415671973326726e-4
SC_RS32815	41.10006283082831	1.4352939681112191	0.31986626115299555	2.7204096987355787e-6	5.158215767157665e-6
SC_RS32820	51.578339011095096	0.08695279557125252	0.28186256724254427	0.7500591315033206	0.7721535719259369
SC_RS32825	49.349536778910625	0.7198143855771666	0.2995411245029032	0.012001285568731139	0.015899655009670034
SC_RS32830	24.945679856664203	-0.13517907584111208	0.40104292838277883	0.712937358173624	0.73702510573003
SC_RS32835	92.11662158962567	0.2883934576820183	0.2249054162481578	0.1885905490539164	0.21534015310058527
SC_RS32840	45.938509028809726	-0.11584879560878907	0.30608167742830333	0.6915647114161492	0.716390228302812
SC_RS32845	56.78741956132352	-1.5960685519614515	0.2592353511271904	2.2130831489656106e-10	5.988724822191711e-10
SC_RS32850	171.78005863176244	-1.9402054887808766	0.19394333918536608	3.2945987563134917e-24	1.7390387422373437e-23
SC_RS32855	22.466684055171974	-0.02623408472210651	0.40784503742445644	0.9418813866060369	0.9470184544359035
SC_RS32860	11.693645390514742	0.7609994357699817	0.4849190482161798	0.07695658839385107	0.09257387974164075
SC_RS32870	49.17821181311591	-0.15216252691360285	0.2836538464467261	0.5743281494865308	0.6055327100820244
SC_RS32875	67.18557541699273	-0.46154004954766764	0.2500029534186258	0.05605886817621057	0.06851949178375216
SC_RS32880	176.68164498388373	-0.1759688239806166	0.21512533652260804	0.40176405494164025	0.4356776678146552
SC_RS32885	201.42472085033393	2.4477142464530677	0.25722599181905476	2.5836831422053957e-22	1.276949027521621e-21
SC_RS32890	221.7273673400241	0.5715954507291321	0.20566182137403594	0.004467709086128593	0.006196141959960926
SC_RS32895	116.4454339706591	3.795464903863094	0.3070911686991182	9.340770070773293e-36	8.288668893126627e-35
SC_RS32900	12.606005746287579	1.5032792091235787	0.5929307579581015	0.0033865383951345467	0.004762077445789883
SC_RS32905	279.5023431641704	-1.1536502699311517	0.19035140387395674	6.685366034765689e-10	1.7525022801408529e-9
SC_RS32910	49.879904627066075	-1.2865768739632608	0.2806078502036233	1.8069592093897954e-6	3.482623421338304e-6
SC_RS32915	174.60114017500115	-1.400302967518208	0.18632130904776648	2.13362790735705e-14	7.227088740859388e-14
SC_RS32920	120.12758269824955	-0.9837550244337117	0.1990639163427099	4.4987858155477835e-7	9.195800161233518e-7
SC_RS32925	53.697498401878995	-0.7872245848971612	0.264889291075155	0.001995732189998964	0.002873760821920008
SC_RS32930	295.72648357355797	-1.8361253126336292	0.17324193366923055	6.781673818383586e-27	4.075636734862312e-26
SC_RS32935	57.363109103931116	-0.20326801845746642	0.26560013028830337	0.4274770131801037	0.4611198793431956
SC_RS32940	18.19348943213015	2.017637167838774	0.5026797334239734	1.326246255898019e-5	2.3362971550386983e-5
SC_RS32945	186.10458237499907	-0.2808958239412379	0.19860964426978617	0.14791336166461122	0.17136105717436653
SC_RS32950	88.7412785777474	-0.39422655426223796	0.23761065894183467	0.08797889664504832	0.10518099608634668
SC_RS32955	33.121923320565486	1.5765696491981693	0.36162790263017786	4.1530064210253765e-6	7.71197918626067e-6
SC_RS32965	18.51965545132341	0.9988774229203522	0.44933115392749695	0.014174178034346016	0.018647705410395635
SC_RS32970	149.69563633565127	-0.45619972478275206	0.18337871475294978	0.01126987111225159	0.014965609505086122
SC_RS32975	1628.155946218778	4.8015389052318795	0.33391703627725927	2.3403338221089313e-47	3.344500310897531e-46
SC_RS32980	286.5319095648749	0.8983164222513056	0.2546312947537706	2.675984862137348e-4	4.1913152874683104e-4
SC_RS32985	173.1099693120513	-0.8785139406169089	0.1792233760926761	5.976784198531793e-7	1.2064825261421693e-6
SC_RS32990	1145.8074315540334	-0.527300092202099	0.20214732808178795	0.007626780873064029	0.01032113821948507
SC_RS32995	131.31625562822654	-2.0023558537299073	0.21737837385996173	8.200901896730219e-21	3.7914389082438013e-20
SC_RS33000	86.11812318032078	1.2591295920457577	0.24251328263123553	9.198400379466334e-8	2.004995696074039e-7
SC_RS33005	86.53707676949944	2.0209227119878963	0.28534267637130284	2.9619286629065877e-13	9.48383063841649e-13
SC_RS33010	41.774102598079786	0.40599491169676344	0.31771727934843974	0.17906902907005748	0.20516703237455
SC_RS33015	158.6635926401003	-0.4963951348712753	0.19496078985869347	0.009372312061783903	0.012547463533695444
SC_RS33020	482.21610232050637	3.941111932444648	0.22396957735206113	2.954181839751289e-70	8.314556063483208e-69
SC_RS33025	259.44368109390257	3.7945886789665115	0.2897571857524783	5.397241938737385e-40	5.710080639347128e-39
SC_RS33030	108.43785590569162	3.3071473178797754	0.3197395798297879	7.26885269733649e-26	4.142234914231783e-25
SC_RS33035	1455.01121744916	-0.29691554880898263	0.2154301089317105	0.1572749475540607	0.1815506360775898
SC_RS33040	720.2671500121392	1.1971076614175715	0.21015790094773046	7.0035961374841466e-9	1.6893856041154104e-8
SC_RS33045	358.4888632802941	-1.1850216727090193	0.1889551375062222	1.6153595585696285e-10	4.4166338097487735e-10
SC_RS33050	36.99631217415593	2.0005469458018266	0.41860325873023563	4.026612940740276e-7	8.268516798947034e-7
SC_RS33060	33.987551851133425	0.7017350154578563	0.34649605182326576	0.03110008376211087	0.03925573736080205
SC_RS33065	81.61458755853732	0.42587285048930756	0.23734758968054534	0.06524621727435673	0.0790285161269886
SC_RS33080	13.695083833667503	2.4669159951987183	0.5885158080551295	4.685243363697431e-6	8.656723769457493e-6
SC_RS33085	12.59287755153966	3.155051831367837	0.6893601493763447	7.983239233508099e-7	1.591898488585417e-6
SC_RS33090	86.92963470741283	0.6521580693435263	0.2655688630150641	0.010846688001197485	0.014424432339193915
SC_RS33095	521.2789087813013	-2.232971296935051	0.1539610608599836	2.066946705081956e-48	3.079124243085726e-47
SC_RS33100	46.441915547265516	1.2887002038786293	0.3254440665080653	3.0658371677233604e-5	5.228372635243307e-5
SC_RS33105	18.29035288152747	1.0804551325189982	0.39453246271821707	0.003104286445240897	0.004393667609828479
SC_RS33110	59.52374984752075	1.9144133107770391	0.3204991490006146	5.573801330868927e-10	1.470526333231752e-9
SC_RS33115	27.62727287981127	2.512859444764432	0.4245126868727636	6.004133624395046e-10	1.5795391133174838e-9
SC_RS33120	24.284417357422328	2.697045483266605	0.441827979639301	1.810629660107498e-10	4.928602109129823e-10
SC_RS33125	58.1833012977167	2.086881452869369	0.40553142641271184	6.0786131671508e-8	1.348486567225331e-7
SC_RS33130	1135.1806464172284	0.9298978380489511	0.20470717861708526	3.3212938253622677e-6	6.2398014441328305e-6
SC_RS33135	295.4941192345164	-2.319227931848326	0.19807743416881124	1.437935368022531e-32	1.1137957356930825e-31
SC_RS33140	478.0879762690235	-3.2368343481342685	0.18445692361128496	4.2124585354558496e-70	1.1810900851882675e-68
SC_RS33145	154.13557255714358	-1.0418752527829866	0.20991071431339162	3.6169391656928187e-7	7.441771598163739e-7
SC_RS33150	22.109916947893698	2.674241150861664	0.4983277956655934	1.1831771275837288e-8	2.8089981129434694e-8
SC_RS33155	9.400589920965619	4.8885961315114725	1.118213066419804	4.809705292639483e-6	8.882235619314687e-6
SC_RS33165	10.19392120839929	4.500735124216626	0.9541566761854031	8.314176377653447e-7	1.6556504620258309e-6
SC_RS33170	10.784943125350846	2.5493543705254305	0.656972120585572	1.8014515866117138e-5	3.135954674144187e-5
SC_RS33175	14.506200582002517	4.031811775275136	0.7615559866163971	2.2133286901850162e-8	5.138880907249468e-8
SC_RS33180	7.866438027421604	4.468501678253612	1.093517833396359	1.8836605454585583e-5	3.272882389776487e-5
SC_RS33185	11.89096326115936	5.287360595807593	1.0543414799567836	4.0310411364704015e-7	8.27530549563829e-7
SC_RS33195	11.487664892333063	5.923098377614329	1.3578889801732728	5.809436249377948e-7	1.1746307349304357e-6
SC_RS33200	12.56338036181258	2.8111430706590523	0.6888549706639729	6.21341984361711e-6	1.1374815771308979e-5
SC_RS33205	19.591474779891993	2.7674702401244518	0.5034481817701547	5.805023878567057e-9	1.4094911452273124e-8
SC_RS33210	35.61576557093907	1.7491652819548245	0.3996788769907048	3.4779783814546083e-6	6.517563553963477e-6
SC_RS33215	314.19810900566716	-0.2744433676416606	0.17904456691044573	0.11845509268711578	0.1388472188006345
SC_RS33220	117.90922693637374	1.9172251305443009	0.251625758771681	5.589008410632739e-15	1.9477007570891217e-14
SC_RS33225	255.3660098572642	1.9784670818101324	0.20552287699666014	1.503962180360421e-22	7.503529849781966e-22
SC_RS33230	234.2126079150274	2.186468526882234	0.20927463683633898	3.080264429901326e-26	1.7913146613637522e-25
SC_RS33235	4157.2991755901985	2.6405597799485374	0.23786088307132328	1.6971807938616267e-29	1.1450147460142392e-28
SC_RS33240	5644.357670838488	5.24977459684909	0.2735489928533391	3.1864145565822883e-83	1.256503793595604e-81
SC_RS33245	1966.9511671388634	3.538309164053122	0.2345352140933865	1.9224865957702767e-52	3.2440311572562975e-51
SC_RS33250	200.10462999144363	4.353805293612121	0.2840450190159774	6.273988064349733e-54	1.1068035403472472e-52
SC_RS33255	39.57931870961175	2.776296821528725	0.398685530289729	6.117082075971945e-13	1.9301396332142543e-12
SC_RS33260	93.31913820952859	4.702475141466488	0.41496520505311124	8.305513790020822e-31	5.928834335683789e-30
SC_RS33270	48.645091279492604	2.513203807234766	0.3245570812034481	1.908589134144391e-15	6.812166638519236e-15
SC_RS33275	59.20096702578288	2.944993293695941	0.35349892871868166	1.2777038960884499e-17	5.076394681980727e-17
SC_RS33280	51.87982956601476	2.3554883811635756	0.3445339391404825	1.3701552626530431e-12	4.241614150631209e-12
SC_RS33285	237.58150495354454	1.21668542886679	0.22835162698130934	4.46844431699784e-8	1.0070387650838041e-7
SC_RS33290	203.4974277306288	0.8823502003608618	0.2701122443960341	6.670566227094757e-4	0.0010016036521807521
SC_RS33295	29.513970260600374	1.9908752213856782	0.440715921370488	1.403039865484503e-6	2.7355938572402767e-6
SC_RS33300	22.590001744465958	0.9309836560539738	0.42669976960044004	0.0163788843509153	0.02135394151408229
SC_RS33305	48.73853557140026	2.1161062585321684	0.3509704220616148	3.9365439286575544e-10	1.0468112127631015e-9
SC_RS33310	27.42300966931903	3.1403024599961213	0.49140448706862006	3.210843078867098e-11	9.21274586130972e-11
SC_RS33315	30.00902311479255	2.1166060733270884	0.4604329753426814	8.916187879248107e-7	1.7712276245036514e-6
SC_RS33320	28.89377317689397	2.5749220248213263	0.4117460289706689	8.495886265482375e-11	2.366779951706348e-10
SC_RS33325	20.721067753345018	-0.7800815720001966	0.4224323352831232	0.04233690239529531	0.05252226081139092
SC_RS33330	281.7763180175905	-1.6702869342939108	0.19797595577509616	7.9512207483976725e-18	3.177902536514061e-17
SC_RS33335	451.1253599670808	-2.3426350066829635	0.17944653370269176	8.19280351747581e-40	8.55718599686496e-39
SC_RS33340	569.634423210605	-1.4836063573596157	0.17486578024551977	6.95691960910335e-18	2.789577226619255e-17
SC_RS33345	1196.2031856088568	-2.3555977314313896	0.14585326807145357	1.6139832788142091e-59	3.3715333422028265e-58
SC_RS33350	1033.267809008338	-2.0374037485548	0.15869390742383777	2.133075217292272e-38	2.105662202451568e-37
SC_RS33355	56.828418538121326	-1.4997656497581833	0.30451186300950334	2.961120690540282e-7	6.149057722344139e-7
SC_RS33360	228.29065480095227	-1.0017451507556767	0.1694827608010796	1.913068740084335e-9	4.829499790955798e-9
SC_RS33365	33.92974280877782	-0.03517106982070229	0.30014808599986487	0.9007460182801686	0.9108750876025732
SC_RS33370	606.0205192389384	-4.053612242727179	0.16627546745257663	1.956775873663116e-132	2.40487754873197e-130
SC_RS33375	1135.034486866553	-4.312420532612985	0.17226953601765135	1.5309774205456835e-139	2.1710437498276675e-137
SC_RS33380	45.877129997565184	1.0470380029249553	0.29252955350484755	1.8436036992225865e-4	2.933693068206162e-4
SC_RS33385	36.77722310288356	1.183894100310535	0.3437682093909618	2.713522646578272e-4	0.00042456006780963674
SC_RS33390	149.80789001774446	1.269432233142933	0.2604008542543579	4.491916135496721e-7	9.185632163935891e-7
SC_RS33395	12.477665618273287	2.708853358536895	0.611760294177687	1.5041110724030912e-6	2.9280134762144653e-6
SC_RS33400	9.881805370192817	2.720026667603974	0.6919462246485258	1.4224549366143825e-5	2.5015937759586113e-5
SC_RS33405	25.908885986334916	1.8859819880895192	0.4474425548386371	5.368832130516387e-6	9.870298711151294e-6
SC_RS33410	50.70929724874625	1.4312469829279268	0.3504373792845347	1.5995071678771946e-5	2.7989477588814507e-5
SC_RS33415	132.7473484200905	0.24731834459618565	0.20920395926242694	0.22744090313587517	0.2561706460552839
SC_RS33420	18.45924965597601	2.6977117920351774	0.5485677801461769	1.3573826130211795e-7	2.9147755935987703e-07
SC_RS33425	88.6933904919558	0.6426334631504733	0.25413100792475973	0.008768239688369497	0.011772942363808572
SC_RS33430	42.024435105784505	2.146470018317176	0.36034572542355514	5.519151880397659e-10	1.4566294189710929e-9
SC_RS33440	29.40550583448909	0.7474902796578203	0.3772519883579253	0.03298540274749993	0.04151465435399632
SC_RS33445	25.727454343879106	2.6540401928044	0.4512309272161602	7.521665546430465e-10	1.9661383105061416e-9
SC_RS33450	21.83886440898506	2.8047813002815682	0.4813493771656583	1.042979050270107e-9	2.6910173256444263e-9
SC_RS33455	6.9643515365133375	4.337515071160024	1.1345897536120935	4.019414664364569e-5	6.760758151237301e-5
SC_RS33460	59.45056926876433	-0.7409623141861508	0.26217477840609743	0.003363357896007643	0.0047312859834338725
SC_RS33465	262.84285297872447	1.6990811503095173	0.2302219792724696	4.126255230199274e-14	1.3805356654940767e-13
SC_RS33470	41.33800598876058	1.1602895100358352	0.3194745632484141	1.351061465124219e-4	2.1719483853991695e-4
SC_RS33475	237.9019552868805	2.340946676983021	0.25929383600358136	2.3585282007314032e-20	1.0637178564032639e-19
SC_RS33480	147.43733492209674	-1.408805366564466	0.2114111907967184	1.0531336436722692e-11	3.1113010770990837e-11
SC_RS33485	136.76997012892926	2.1830848283813324	0.23877392164015515	7.48699618493353e-21	3.476644198217875e-20
SC_RS33490	91.62824271110259	1.1708356727882867	0.2522412148178568	1.6596165153758468e-6	3.20954948449554e-6
SC_RS33495	15.255205135453455	2.1087208154293733	0.5587512321832073	3.2434191590478435e-5	5.512093311550772e-5
SC_RS33505	6.794406608749579	7.151113982369532	2.578804168324165	2.453046409192387e-7	5.137393985056705e-7
SC_RS33515	46.37480782680515	1.411815786348864	0.3100374687782567	2.022834044050533e-6	3.877405313446486e-6
SC_RS33520	41.45033558328683	-0.25750040135680013	0.28811519835081706	0.3508548501680361	0.3838011667614743
SC_RS33525	91.55630703838204	0.9523793117217201	0.22607916033817224	1.52922662354565e-5	2.68105495055293e-5
SC_RS33530	71.90856974552293	0.12798355837536501	0.24550778155771882	0.5924869302897525	0.6230745327947282
SC_RS33535	214.89207834688213	-3.48094551060573	0.2227438119522894	7.405109424063992e-56	1.4037346244999454e-54
SC_RS33540	106.82000110083628	-2.5483900553409793	0.25308442499373995	1.542696048004262e-24	8.243362795640166e-24
SC_RS33545	82.38671886000462	-2.559604198017035	0.29947460226228445	2.5371175803243158e-18	1.0382189254889848e-17
SC_RS33550	206.34848713535482	-1.9395940436109134	0.18429889782286413	1.666706126619301e-26	9.808691921540883e-26
SC_RS33555	99.86829518393711	-1.1451570792807453	0.22065234611821175	1.017120773594685e-7	2.2066044673395727e-7
SC_RS33560	653.28380564156	-2.4593446419596683	0.15151804846372932	4.5159670929430656e-60	9.708670945586637e-59
SC_RS33565	137.19423494714127	-1.1994713230744845	0.20356829781179506	1.8185041872033695e-9	4.603381351334585e-9
SC_RS33570	642.350302896417	1.1929907084480411	0.2385081563370099	2.6086269178635547e-7	5.447752730763481e-7
SC_RS33575	527.6185334698993	0.6057575945581855	0.2115923364357628	0.003352508795867157	0.004717824400901606
SC_RS33580	127.51632309801809	2.38194901418772	0.2927380571391124	9.577275866552268e-17	3.6347314585669806e-16
SC_RS33585	102.79194917689807	1.0352753158380354	0.24961470662899707	1.8720632738941656e-5	3.2534986051604e-5
SC_RS33590	70.78855339511868	3.9741968536995316	0.39776793640656205	3.766305291947909e-24	1.9851847907665394e-23
SC_RS33595	28.635237459361367	2.884847182780843	0.4705069847550537	1.9641893480310624e-10	5.338714431397366e-10
SC_RS33600	118.66822867219452	2.741380911248734	0.29796362695646955	5.955395756104495e-21	2.774168560045139e-20
SC_RS33605	96.48162724409003	4.146409816136787	0.42301481747501846	3.563996153022918e-23	1.8050073923345467e-22
SC_RS33610	190.67553290736817	4.268796717353565	0.3600958415793133	2.7121401031222033e-33	2.1574240690855585e-32
SC_RS33615	2298.6083385117036	4.409830947273973	0.23021145243050328	7.53961222902421e-83	2.957292583873645e-81
SC_RS33620	1804.1064023959916	4.741692596015826	0.21463458977808791	3.8816760981758374e-109	3.064600878406546e-107
SC_RS33625	1979.3575108281543	6.7411951784990185	0.27487993234242686	4.045202397872597e-133	5.142986634812506e-131
SC_RS33630	4704.712178990642	9.771409889899502	0.38773720056329763	1.0621304461533431e-140	1.5357156686146573e-138
SC_RS33635	1776.0610816447809	7.115040522016267	0.3079383876829759	6.401049200934588e-119	6.293511574358886e-117
SC_RS33640	4783.359710481692	8.831837002308006	0.3173416711919477	1.0067590963177143e-170	3.5351626553556316e-168
SC_RS33645	6159.349803803269	9.99119928800238	0.3863935988111193	7.19867921439094e-148	1.206433193793609e-145
SC_RS33650	3262.8934472823967	5.604222885463166	0.2548625605367522	2.827950015161429e-108	2.1361267484669171e-106
SC_RS33655	629.1482133930253	6.821213140047172	0.3900095180842761	1.701291608975977e-68	4.5619361180323114e-67
SC_RS33660	35521.89782448971	13.806766191430931	0.5088511908275469	7.020268572500561e-161	2.1569775189007972e-158
SC_RS33665	6452.277966554945	8.046419067154412	0.2850741135094477	1.3190372489207648e-176	5.4036559297454e-174
SC_RS33670	2508.1032643622416	7.27416578988368	0.29763960352786367	4.398712682891807e-133	5.497645309092235e-131
SC_RS33675	669.3983740473076	7.8722192438811565	0.48691578591532797	8.831704991724636e-59	1.8040164157611484e-57
SC_RS33680	951.1739860078238	5.808506795620235	0.2435059813486372	2.4215396498318787e-126	2.7055202087667084e-124
SC_RS33685	52.94562410855417	3.6642128586532867	0.4575928139162914	2.4189532603140635e-16	8.986076242597432e-16
SC_RS33690	109.5179965336722	3.8958555126302827	0.3520169716918793	5.080313060028874e-29	3.3628571368629186e-28
SC_RS33695	53.763008813394514	1.4818740749920924	0.319364834930239	1.1908839881552218e-6	2.3396094209334124e-6
SC_RS33705	58.12609972811325	1.896687405487615	0.3032409852192164	1.0739998115258347e-10	2.967281607415326e-10
SC_RS33710	104.89322224439556	2.930995746874843	0.28935640616172426	6.240410650952317e-25	3.39858110340638e-24
SC_RS33715	87.17017562360915	2.5570947458876216	0.2845796769970984	4.9310739290297155e-20	2.1878302739269025e-19
SC_RS33720	190.93084931168934	-1.0259950222993925	0.18923241069093666	3.1741715776565145e-8	7.262283963276184e-8
SC_RS33725	149.83921623584092	3.1027417143786997	0.2904950329997136	1.4545529616452233e-27	8.998216056352247e-27
SC_RS33730	23.10684288480032	0.21754133442234103	0.3599870534922641	0.5195281810332537	0.5525747594027424
SC_RS33735	48.468234213617635	-0.828079464576918	0.28170544127559627	0.002177000298750003	0.003118337257766613
SC_RS33740	43.036176607397344	-0.5719167447985899	0.2925534997855445	0.04084021478988527	0.0507936825536539
SC_RS33745	60.74054551654045	-0.9796564404749405	0.26687362599080156	1.3581586884538945e-4	2.1828819024976063e-4
SC_RS33750	39.3657339242136	3.575453637703947	0.4855174344563884	2.9016363807286466e-14	9.77909811311382e-14
SC_RS33755	7.683003286421796	2.265784282770922	0.7311411772895701	3.500669787759896e-4	5.412862028714925e-4
SC_RS33760	29.58941586812164	0.706426784628172	0.3562526900102636	0.03416289902660485	0.0428941286262871
SC_RS33765	30.472262335215085	1.374068281018448	0.3922002610384084	1.7624474034034587e-4	2.807579855842969e-4
SC_RS33770	22.683413382054155	1.267342729247093	0.43711162979420304	0.001553754623306146	0.0022585031721386794
SC_RS33775	34.72237355346599	1.0013338516110293	0.34574133694906567	0.002117231174052324	0.0030386264455939736
SC_RS33780	35.09056869469444	0.4076213657174534	0.30711075421879724	0.16403385446036625	0.1886734741523539
SC_RS33785	36.36637290337758	0.8215554947598157	0.3350319877985317	0.009499286971795407	0.012703616635839559
SC_RS33790	28.706066717416622	0.4694925271206981	0.4026805449257804	0.20614855223044024	0.2340476403613959
SC_RS33795	876.1282197675247	-0.29330932544516264	0.20913560192041195	0.15110633988165906	0.1748130138511694
SC_RS33800	70.65315542463178	-0.6870194713207877	0.25092372753588	0.0046148131624366125	0.006383348763798083
SC_RS33805	514.4580924692988	-0.4921553863882768	0.19741076912659483	0.010796880327730938	0.014365968158911573
SC_RS33810	14.64841768204228	3.736252378342947	0.7507660175709076	1.1852510299852086e-7	2.5585600395523793e-7
SC_RS33815	124.35903697221332	-0.7413984522296063	0.21242157882149018	3.508988787498288e-4	5.423450706143864e-4
SC_RS33820	86.70456811455485	-1.266113418072671	0.22836641052691664	1.2452302865489739e-8	2.950619580016752e-8
SC_RS33825	570.3047416645559	-1.356223704161621	0.16806808506662393	2.605651319645033e-16	9.669890705114482e-16
SC_RS33830	96.70061072764787	0.8989728428850061	0.2223966091298682	3.391720835728874e-5	5.757492965622633e-5
SC_RS33835	11.606719005229687	1.3100306182530452	0.6896763615588698	0.01907615944617064	0.024665544407515748
SC_RS33845	249.96732761779626	3.1588904053096227	0.2994041331237922	1.0108458525590525e-26	6.00642813599553e-26
SC_RS33850	25.191467083722774	2.274843245635764	0.4677735817988911	2.3948456258579687e-7	5.024065901871027e-7
SC_RS33855	18.409227914700235	2.5307451816877644	0.569085491532033	1.5500605116560285e-6	3.0142790645969286e-6
SC_RS33875	11.334643320253434	1.6965516145244306	0.5861150535236613	9.828219880343059e-4	0.001454447806250521
SC_RS33880	18.33612361068198	3.30559332965074	0.6057992071428332	6.512052862602569e-9	1.5749385965507166e-8
SC_RS33890	16.361487721347334	1.663598469553404	0.5260050782607464	4.264871463676252e-4	6.527430920122184e-4
SC_RS33895	75.3074724374326	2.677945630426972	0.28386889166353685	7.843476320688901e-22	3.7926422550006524e-21
SC_RS33900	25.608249570340046	0.8534099977744918	0.41037224202049283	0.022580432792166157	0.02898313514524512
SC_RS33905	17.95732081884945	0.8760540641875569	0.5360231558717078	0.05878459705628958	0.07163735228773414
SC_RS33910	16.30471053159665	3.8797437523103286	0.7009351414026391	5.640844233653225e-9	1.370981719807478e-8
SC_RS33915	259.9878479167297	-1.6397054680573349	0.17923952665365753	1.649316566539425e-20	7.512081755195627e-20
SC_RS33920	92.464752224639	-1.3845215328602234	0.24203837726053226	4.0651564111528586e-9	1.0039003139933415e-8
SC_RS33925	467.2765862410006	-2.8062685862152934	0.21804371645526838	5.83942135502818e-39	5.89054624787658e-38
SC_RS33930	135.22296591260886	-0.6975211778730788	0.22995937536316421	0.0017682253931427716	0.002556645891967607
SC_RS33935	32.60064337899777	1.4677111739264779	0.425857819852512	1.8710670308511124e-4	2.9748271421940715e-4
SC_RS33940	12.613308516177304	3.230861119455799	0.7135191497880452	9.829773262342813e-7	1.9479910786486403e-6
SC_RS33950	29.548827589090383	0.3979630021165819	0.3915483963878546	0.27417315234182565	0.3047102977194608
SC_RS33955	51.61529757936928	3.2869923447881564	0.4615435943704987	1.2925319016221386e-13	4.2360578855829554e-13
SC_RS33960	126.53641877318218	-0.04880558140581233	0.21500404180572621	0.817517910068472	0.8358814571332379
SC_RS33965	32.61350855110716	0.4380578096451105	0.357290319414629	0.19102492765334922	0.21789331544580415
SC_RS33970	91.15815449873293	-1.2002795347046955	0.22411298519234174	3.969388965424269e-8	9.011783938127636e-8
SC_RS33975	23.667843942057516	1.96661508923206	0.41422954199224626	4.7505129043748053e-7	9.676873523994425e-7
SC_RS33980	22.906903802938558	1.6750910626800686	0.47044198862163616	1.0382042796903007e-4	1.681836194735562e-4
SC_RS33985	13.087415916837806	0.9960127743894206	0.5363670146917988	0.031836996052868036	0.04015153222060012
SC_RS33990	23.370459904632053	-0.10049242689742688	0.34750779630009804	0.7564395811769566	0.7781787767297541
SC_RS33995	14.791878900172877	0.03046512777906826	0.42282811078306903	0.9390031648341277	0.9450265234730254
SC_RS34000	31.22189529443087	-0.2296159338450425	0.3319573373901927	0.463747612160694	0.49711802472350014
SC_RS34005	162.4801578499216	-1.6552683520351854	0.24988406522730292	8.918568320553804e-12	2.6443716443813328e-11
SC_RS34010	96.60612877624085	-1.2489392594377318	0.2269887307047645	1.623092704513338e-8	3.80683384321926e-8
SC_RS34015	132.94400508194224	0.4300247905677512	0.21621482817909027	0.04149220909542275	0.051543724708498544
SC_RS34020	73.88438914161321	0.44598271296590464	0.2361376645428887	0.05206918225532127	0.06395039139752483
SC_RS34025	55.65243446094845	1.6016737209572116	0.2903463126419208	1.1400056038974328e-8	2.710867888790606e-8
SC_RS34030	19.717366505302458	1.8773029829159298	0.47686226379042496	1.980599245189746e-5	3.4380741134720305e-5
SC_RS34040	30.703608562058392	3.7598248490847306	0.5283384061713874	1.9303594177067563e-13	6.251414293442959e-13
SC_RS34045	8.679624708557082	2.185508080547878	0.6879279311373061	2.937748500645563e-4	4.5750702098754765e-4
SC_RS34055	11.276201062867964	3.9110175568528294	0.870783748516795	1.8421521573573224e-6	3.548597180865438e-6
SC_RS34060	29.908118736333748	2.631625924232399	0.4887088278478041	1.1675641182080827e-8	2.7737170772121142e-8
SC_RS34065	14.989880622852418	5.356779908323667	1.0782819482452897	4.410574177012433e-7	9.024299106906126e-7
SC_RS34070	18.560071750145937	1.866953631221339	0.4997984281033076	4.4949581068719534e-5	7.51605920183079e-5
SC_RS34075	41.32873153570943	1.7164351796977104	0.3762995078460756	1.3572011725656074e-6	2.650424111890569e-6
SC_RS34080	33.463962688948996	1.0543329801485357	0.4138109535570142	0.005475006048612765	0.007521866261308811
SC_RS34085	93.60345265645506	2.383599242927145	0.33914437242774165	2.830625949258896e-13	9.079180404451978e-13
SC_RS34090	32.7297276753453	1.258111121603549	0.38275538372782064	4.2210633726453927e-4	6.464407333309891e-4
SC_RS34095	34.95268961644342	1.6494041145017233	0.4121434355583992	1.70560444255166e-5	2.9771486267573642e-5
SC_RS34100	15.175847891761416	1.2129323127265128	0.49801998066157677	0.006132655342564075	0.00839001864491048
SC_RS34105	17.77419505694019	0.5745522144480143	0.4055618028308247	0.12295875457454349	0.1437605606837932
SC_RS34110	61.34693330114242	0.16315693301003587	0.26047277917484724	0.5175023974103196	0.5506583951664786
SC_RS34115	44.990039053066425	1.8284841283045505	0.32714592361063854	5.682213689064253e-9	1.380581342443486e-8
SC_RS34120	50.730560452415304	0.26343715272251206	0.293159590765427	0.34864472433764027	0.381496690497961
SC_RS34125	181.78412869011535	-0.3352402411173902	0.19488745422664341	0.07882380977592277	0.09478910197124175
SC_RS34130	33.262913757714756	-0.6336825933244346	0.3087863057967708	0.030775905163726813	0.038879822627603484
SC_RS34135	22.75959411644477	2.2353453692264313	0.4696702609118624	4.1472051180156713e-7	8.499580472553518e-7
SC_RS34140	187.23321998534195	4.615274488765932	0.33824454456708697	4.565990429512844e-43	5.4393559656264475e-42
SC_RS34145	46.59427540609256	1.0323118344887696	0.3757783597737633	0.0031763811425113138	0.004491396844655499
SC_RS34160	24.276322591489123	1.8636783235931396	0.44615994250800733	7.051520489270412e-6	1.2832653526130312e-5
SC_RS34165	117.60169611958054	1.293765899665204	0.23151036343320583	9.927777822532089e-9	2.3684061359867882e-8
SC_RS34180	980.2265140871937	3.2774159208199256	0.19570524407289017	5.628051148504735e-64	1.3562499728455527e-62
SC_RS34185	300.7604471586602	3.5917765027399975	0.25232573980352757	8.084506983869931e-47	1.1163886610310276e-45
SC_RS34190	23.768827869001314	3.08999666719912	0.5813997804840071	2.5817967906345532e-8	5.958738508337777e-8
SC_RS34200	19.52603349597716	2.6100166325846414	0.5282837714621879	1.4544876128810198e-7	3.111514841132765e-7
SC_RS34205	213.29178833697875	2.026218317123117	0.21299409672263248	3.872960464200726e-22	1.9014121480037388e-21
SC_RS34220	429.40600088675933	-0.409527865827156	0.17589618789570877	0.01787955194945354	0.02321193944987155
SC_RS34225	20.048148883827	0.5092987225307914	0.4446535462523276	0.2047167331505747	0.23256527349442888
SC_RS34230	256.53321440206696	0.2735273440113893	0.1708241602933954	0.10444063272772845	0.12349987583936331
SC_RS34235	96.4554515458725	0.9779176467850943	0.22347542294453965	7.20382813944068e-6	1.309367234415469e-5
SC_RS34240	91.29705255819985	0.0444305905052988	0.220934049367773	0.838439560400912	0.8551126300046131
SC_RS34245	98.60464177721256	0.3111957402722974	0.2406489591194938	0.1830293285853469	0.2093142476718902
SC_RS34250	99.83616028706071	0.4087984890338813	0.2278685120238023	0.06541829822723733	0.07919792006692629
SC_RS34255	63.131424915186194	1.7161012370479987	0.2934042620117772	1.4567854287424024e-9	3.7106513822267617e-9
SC_RS34260	52.3492793377281	2.465722703322333	0.3304356601596621	1.6862379638983746e-14	5.753965176208522e-14
SC_RS34265	19.063370450094112	3.0053210378577537	0.5803376842916365	3.8168921095606826e-8	8.676252286035905e-8
SC_RS34270	59.45352088825713	3.0981340625480613	0.38291894122739206	1.1725303733347758e-16	4.422628630675518e-16
SC_RS34275	42.97552502541422	4.803906463428449	0.6146515426975363	2.69534349022364e-15	9.528026316830835e-15
SC_RS34280	46.207410346815166	2.604925449049988	0.39758704030249686	9.83296239367601e-12	2.9084743157226994e-11
SC_RS34285	146.4585078429553	-0.567324302757221	0.22507801968802013	0.009720064055743364	0.012987090477813292
SC_RS34290	57.41497583667966	0.10709015200697512	0.26414079741948343	0.6763241722425544	0.7025235168497811
SC_RS34295	13.307246646349462	3.5519958843615447	0.7201149196770246	1.3917446439095117e-7	2.9824832909586575e-7
SC_RS34300	189.3747556371879	3.590739675595999	0.2685552870014347	1.0039597178323955e-41	1.1319876084550588e-40
SC_RS34305	112.39536843209969	3.3993307372347785	0.329186329254221	7.037180759478325e-26	4.0164218978632484e-25
SC_RS34310	389.23086837698634	1.433012117663599	0.2105155562809028	3.292701452209268e-12	1.000427709459874e-11
SC_RS34315	21.175921085113764	2.161482733137634	0.5007118919025424	2.9238326296210356e-6	5.533968637275543e-6
SC_RS34320	23.183809184078015	0.5353850385614557	0.3653502089491327	0.11654647054990161	0.13678396846012644
SC_RS34325	20.71795511437483	4.282876816235955	0.8084159034430426	4.33005481655427e-8	9.782421635193379e-8
SC_RS34330	82.15399831763688	4.485164632941524	0.4247717033124383	2.096463268417283e-26	1.2240158465011121e-25
SC_RS34335	500.3199289024542	4.5001014189237925	0.28833599675597504	2.4428647490671736e-55	4.548910267581146e-54
SC_RS34340	108.91439345220918	4.608851432973587	0.5151853595820208	4.678815630033033e-20	2.0809159502933408e-19
SC_RS34345	134.69218750403283	4.570762977980948	0.4151895839632189	4.684340550331162e-29	3.109120361668946e-28
SC_RS34350	171.0478925507822	4.872755885550857	0.4067207427432531	7.032786029864695e-34	5.7114277735927605e-33
SC_RS34355	120.31186195032325	3.7669611041004996	0.38131373914666056	4.754376469177133e-24	2.5024105698581138e-23
SC_RS34360	40.79168364499055	4.456205835357174	0.49399915156892876	5.915192337154914e-20	2.607210298516457e-19
SC_RS34365	91.469386802433	5.289694647126408	0.48059852958720456	5.092281462347337e-29	3.367756368013387e-28
SC_RS34370	42.972277176650145	4.220934863924954	0.510036803735968	2.0370187418044355e-17	8.002651146545502e-17
SC_RS34375	70.10245941248746	4.724539933433612	0.4334453513372493	3.3355239018738854e-28	2.1276949180292412e-27
SC_RS34380	63.47159308909889	3.85792315220664	0.3922751655289447	1.2838744114507483e-23	6.648377745813073e-23
SC_RS34385	327.5756127683001	0.3727640264887075	0.20000228267675527	0.057209896292736186	0.0698251766692244
SC_RS34390	233.49864857923103	-0.9257280827378653	0.2045967328441582	3.5709872486904984e-6	6.685062191379471e-6
SC_RS34395	237.3380057274362	5.338567911876255	0.3125288918673559	2.859743856886655e-66	7.390791286182228e-65
SC_RS34400	115.12404709799688	5.456028225347924	0.39134541771481135	1.701214350048962e-44	2.1517589394958916e-43
SC_RS34405	90.19842845356342	5.306720274386136	0.43166756873452256	4.3870848970694706e-35	3.766049363328321e-34
SC_RS34410	31.112206916039344	6.179910091868348	0.8399256010461619	3.7765860698585155e-13	1.204521871934978e-12
SC_RS34415	98.40085675378236	0.3390972318901721	0.23214571964827072	0.13390308656256705	0.15571697844383683
SC_RS34420	898.44921510062	-3.065998271593152	0.17146461689780695	1.2113320824663085e-72	3.5445884032168885e-71
SC_RS34425	250.61356650888354	-1.5805201818167256	0.17731686562873783	1.4152481494645645e-19	6.117256655423035e-19
SC_RS34430	136.41143815154993	1.7449941388963297	0.28683802403499126	3.6151283187744436e-10	9.651685815583907e-10
SC_RS34435	213.32263765562206	0.9118345946403796	0.2366287510854274	7.042931744892411e-5	1.1579616206652539e-4
SC_RS34440	346.5666344422152	-0.5013508439204971	0.1802782455525397	0.0044896663262010824	0.006224252583080802
SC_RS34445	41.23966940230603	-0.09999206032071134	0.2922761867902429	0.7181442595025591	0.7417839710844476
SC_RS34450	3241.6124253432604	-1.377724411397066	0.20850411845343939	1.4319740580165924e-11	4.198559325572307e-11
SC_RS34455	1279.2506652186005	-1.7442689946046621	0.19132847044615395	1.910228770790319e-20	8.679006134200747e-20
SC_RS34460	643.305229695618	-2.174271864675739	0.24206945775007752	4.4128204084449076e-20	1.9661714617445768e-19
SC_RS34465	267.65442984631125	-1.7233061889492356	0.21277239270986661	1.5056568805301354e-16	5.647362073768677e-16
SC_RS34470	261.8636425769492	-1.8505595137072313	0.18340584763164647	1.254666314231801e-24	6.72377136711141e-24
SC_RS34475	1220.6602933279937	0.6457542286996757	0.21038475297928433	0.0016783690194552532	0.002432925722324167
SC_RS34480	121.71604177352148	3.5867059155603243	0.3589673482423473	2.6996705687544246e-24	1.4311553396114396e-23
SC_RS34485	15.603082003851373	1.7977316824402194	0.5370127931684203	1.9555148488246106e-4	3.1024024301275124e-4
SC_RS34490	54.15420599573949	-0.5603450564930069	0.2701876591565737	0.031238273112017725	0.039416671103357066
SC_RS34495	39.7389464561018	0.5336462062819787	0.3548424049264376	0.10937334286294308	0.12904304484341475
SC_RS34500	42.79050001418917	1.1486758672261128	0.35458398353272186	5.837333070186936e-4	8.806156722495595e-4
SC_RS34505	36.97117202517174	1.7887649210452525	0.3523954001354223	1.0054789275578693e-7	2.1832749151389068e-7
SC_RS34510	18.132217386827488	0.6541016207849559	0.40662693699953534	0.07977706230750078	0.09587289071960738
SC_RS34515	118.89174854133275	-0.42744866085555683	0.2139425320059612	0.04089746155175569	0.05084772913212721
SC_RS34520	49.828711690990716	-0.7160436735833846	0.28720604871195066	0.009243436241315493	0.012390674212590519
SC_RS34525	341.3888360391798	-0.19148366183955107	0.1794796420446873	0.2763004872946089	0.306843342366031
SC_RS34530	2171.470481425027	-1.748703125195776	0.19859298808201004	3.2986813970392444e-19	1.3979584265383555e-18
SC_RS34535	1651.0898712564779	-1.8994864064106063	0.18148773178234148	3.792565011857207e-26	2.202076724207484e-25
SC_RS34540	628.8057570040827	0.13263085647957273	0.1703673225285129	0.43054383050610984	0.46408861367520154
SC_RS34545	193.29681856030848	-0.6132655154391483	0.21701168710615187	0.0036773789642470197	0.005151404346952417
SC_RS34550	277.3118402208086	-0.7032330319829952	0.2004551955169756	3.295719503244037e-4	5.109889742834637e-4
SC_RS34555	104.33869829692331	-0.72701270369566	0.2536319768393588	0.0030596137591483406	0.0043347890981564625
SC_RS34560	98.4920464142744	-1.6715948406010872	0.2232153962010841	2.1162917469759566e-14	7.174958778023313e-14
SC_RS34565	205.1188268300974	-0.7965882769119117	0.189037048371514	1.6821676417501438e-5	2.9387121985940678e-5
SC_RS34570	68.48390498846622	1.0539284520364325	0.25170648687136754	1.5604962849273424e-5	2.7319799632132533e-5
SC_RS34575	130.2724883568852	2.9269943901877635	0.32005408163514754	5.947617202887378e-21	2.772296413027277e-20
SC_RS34580	132.42925508139018	-1.1330502520031795	0.1989088480428357	6.079221839276415e-9	1.4736417436825865e-8
SC_RS34585	104.04129898142227	-0.8965905008671484	0.24882025357281112	1.880592222651437e-4	2.987394883634575e-4
SC_RS34590	33.72942741543278	2.0069560877111234	0.3883471970100826	5.7227728301257644e-8	1.272609374226399e-7
SC_RS34595	39.961111926164044	2.8923486863352785	0.45222264690654523	2.4138391448381337e-11	6.974784425562851e-11
SC_RS34600	84.82974345195524	2.3644986787412634	0.3155392991928798	1.0676275191742665e-14	3.6736749073219975e-14
SC_RS34605	1641.2838300413896	-0.9755796119280336	0.20845753096894784	1.6281733776302235e-6	3.152047909331916e-6
SC_RS34610	365.76073767595153	-1.168614338245114	0.1793936692984186	3.345862550424724e-11	9.592686798923762e-11
SC_RS34615	1322.0021470323707	5.174679975091392	0.23273579133226452	9.546883416522264e-111	8.091806702693699e-109
SC_RS34620	23.052163256412108	2.7423811865489074	0.5460321052911156	8.367524217901163e-8	1.8303804088639328e-7
SC_RS34625	231.213141956921	-1.9353941571976225	0.1892296122122456	2.8148812474921845e-25	1.5594991975212149e-24
SC_RS34630	341.2217580451645	-1.808910002220816	0.16229173243382064	1.7748514312720097e-29	1.194138180127719e-28
SC_RS34635	369.3560746629428	-1.2952798634856426	0.16608419150775783	2.5690517035723668e-15	9.09466503223362e-15
SC_RS34640	84.285609609088	-0.8637412437044094	0.23172145240818517	1.2592917683952045e-4	2.0279575235086783e-4
SC_RS34645	101.5996663086061	0.2995326521902071	0.23237968306181456	0.18499673992425117	0.2114658130834643
SC_RS34650	30.552473848162688	0.1821402209860042	0.37044480495992504	0.6004540940436398	0.6309470009453241
SC_RS34655	195.01558209608277	2.602455897618672	0.21838186126037426	1.640660586691522e-33	1.3135973036116483e-32
SC_RS34660	251.9979872232334	2.013101154215429	0.24067606176904374	1.3457296720099862e-17	5.3380369023139526e-17
SC_RS34665	40.06709596562871	1.3678402786539248	0.34178465223004917	2.3225307829217126e-5	4.007099202916404e-5
SC_RS34670	20.804997679756337	1.8780444555791	0.4538467954416068	9.053602818762345e-6	1.6235716728004264e-5
SC_RS34675	39.95999186064056	1.9423411197075582	0.3672202634329798	2.7016174570522365e-8	6.219708750641021e-8
SC_RS34680	33.86705978924423	2.6889346219986185	0.4143730745276115	1.5402210062101004e-11	4.503405907927549e-11
SC_RS34690	70.75835664318296	1.2666094869603082	0.2961595669067252	7.663555503044469e-6	1.3895022935689677e-5
SC_RS34695	62.987283568915956	1.702904079831113	0.38369495330949116	2.4045357825992068e-6	4.5769351731767035e-6
SC_RS34700	110.55110679330504	1.5097641430282664	0.31690024463309563	6.111570582249403e-7	1.232678377284111e-6
SC_RS34705	23.293752183041093	1.3283550284419465	0.4492983048729556	0.0011342494771630343	0.0016667906824631756
SC_RS34710	80.39019915793375	1.0952432507239809	0.29231256818796525	8.762755371714659e-5	1.4273593574337066e-4
SC_RS34715	105.91192965950545	1.7966462815119246	0.29571696370385275	2.9930189972454035e-10	8.025644394795493e-10
SC_RS34720	35.17073396165636	1.7063367404797323	0.3624703673574224	6.868173002939725e-7	1.3766215744408137e-6
SC_RS34725	43.87192731548842	1.5473323544914186	0.33342179804743954	1.149575862602215e-6	2.2635440349342416e-6
SC_RS34730	11.229804226292758	2.505634021864706	0.7201215729448309	9.100612055088453e-5	1.4804304719660767e-4
SC_RS34735	9.48330949583303	1.826633479595803	0.8134684365456626	0.0051632361170718495	0.007105954297739421
SC_RS34740	294.20292041888933	2.2785820474398055	0.39326722467441794	1.2172044289591011e-9	3.124143911989005e-9
SC_RS34745	1425.5207883834223	2.3848440566070552	0.30270159488738585	5.769046654277697e-16	2.1133109800617854e-15
SC_RS34750	82.81759705946835	0.05001449085365091	0.22681666845786158	0.8229421006213649	0.8410776230051205
SC_RS34755	251.39768618552898	-0.9984014796052979	0.18679718179042729	5.025573416909755e-8	1.1240090499330463e-7
SC_RS34760	34.52040119123177	1.7379557726176638	0.35578899299264133	2.9449169962429553e-7	6.117888468985299e-7
SC_RS34765	11.146888710657045	1.7567491582489994	0.5717163658011408	5.487149341295425e-4	8.308468016984078e-4
SC_RS34770	33.795396555241524	1.683016808956552	0.4304950210822935	2.484232744763959e-5	4.275083374536624e-5
SC_RS34775	36.86793060123509	1.4621182497935359	0.3693591885806735	2.541606040065907e-5	4.369737220668221e-5
SC_RS34780	336.4382403254184	0.9180054392008056	0.1986763290081696	2.345346260147845e-6	4.470039628413081e-6
SC_RS34785	88.26656058885612	0.7823822287284131	0.2396363833221687	7.615974609813278e-4	0.0011382285523462326
SC_RS34790	30.692720046899215	0.46795619454640297	0.347652006606585	0.15248405499194287	0.17624097515839918
SC_RS34795	181.43676235711882	-0.10104394068616618	0.20478580234498422	0.6130090060664971	0.6430969427705718
SC_RS34800	31.193551499717834	0.4075482726919904	0.37145878742231564	0.23986709471987344	0.2689341578933171
SC_RS34805	97.89335182098199	2.7395225119095787	0.2971929017913361	3.828497876668746e-21	1.797030130016253e-20
SC_RS34810	46.504303448359906	2.2166169898025836	0.3200929621567603	9.11227729764287e-13	2.8484074943967154e-12
SC_RS34815	97.01058953075136	-0.4260561528055528	0.22144915350014055	0.047967650723927155	0.05917909594081292
SC_RS34820	249.21802482045007	-0.5352968915636355	0.17573504935918255	0.0019346908514410804	0.002790768845564657
SC_RS34825	19.524883258262932	1.3475970807542046	0.4550136076150591	0.0011851892608256158	0.0017381832954113147
SC_RS34830	306.1123800667311	-0.17340077614662086	0.2187745796806758	0.4154229661951408	0.4491026173175441
SC_RS34835	29.852176452612607	1.9662201909087922	0.48290412533339744	9.7433408421469e-6	1.7409109612307063e-5
SC_RS34840	21.95560035344379	0.7702428659960018	0.44865019156779057	0.05681033454357168	0.06938049137533911
SC_RS34845	35.96194053170657	1.0386874462487803	0.376976619388382	0.003090849719707642	0.004375489697278585
SC_RS34850	5681.150070146358	1.8066596391634095	0.2396433716408681	9.733866358908066e-15	3.3540902117097235e-14
SC_RS34855	44.26649955717556	0.7390462527825824	0.33088882999243974	0.01827721760977575	0.023703166136912833
SC_RS34865	22.282192181327673	2.9855930162323014	0.524152214836042	1.8320196930103556e-9	4.635567690056892e-9
SC_RS34870	54.09692184156668	2.0306840259419974	0.3883217635117193	3.6409957257358477e-8	8.294316491064609e-8
SC_RS34875	72.42995597861646	0.02630014101423442	0.24294461344568657	0.9118567867285794	0.9211002664844581
SC_RS34880	141.20127855142346	-0.37196181063140116	0.19724469381183254	0.05393435088239702	0.06612001719148723
SC_RS34885	12.456719932812028	1.8349292733449614	0.5689163069148137	2.9787415900997e-4	4.6379308457337814e-4
SC_RS34890	124.00178374965338	0.10778900002919795	0.21156995608589022	0.6028967430924872	0.633209027711722
SC_RS34895	117.66920250713444	-0.3181087030707882	0.20859021357631422	0.11818160927566242	0.1385486783463807
SC_RS34900	84.03345994707814	0.5205756444653131	0.22964634301452325	0.019730660227153314	0.02547161913778511
SC_RS34905	33.525550820708965	4.2142338988045696	0.5465762470994794	2.3801819162031395e-15	8.434147741509827e-15
SC_RS34910	16.817463815586287	6.424429637519884	1.295061494486016	2.3677920595202647e-8	5.48369932377589e-8
SC_RS34915	155.0433500891731	0.5317988734990221	0.22537723820545283	0.015222021739407393	0.019919643000246692
SC_RS34920	39.49083615842907	2.560851341647277	0.4886044423731811	2.4286809704180043e-8	5.617657928438633e-8
SC_RS34925	40.28750453085421	1.9565203022580586	0.42744515763930735	1.0583674592298427e-6	2.0917720837204126e-6
SC_RS34930	25.51178429502969	3.335070125427446	0.5169383159643978	1.6993141341720504e-11	4.958742550607321e-11
SC_RS34935	77.43067846715809	1.0904990225019968	0.24308676258762674	3.7162242384998398e-06	6.948133249162733e-6
SC_RS34940	133.72242298352373	0.8318674578064016	0.2594859929948952	8.814039176142063e-4	0.0013109061090131417
SC_RS34945	1663.8675085358848	-0.4598325472441131	0.241851480444817	0.04960229197422615	0.06106298848379693
SC_RS34950	41.58395598873494	0.29472840767503555	0.3347440046312063	0.35322514080785605	0.3862482913261642
SC_RS34955	35.156237735185215	0.14299821256183945	0.35898228222686934	0.6737292183194368	0.7001239086650968
SC_RS34960	25.715822244147184	0.554082777575623	0.39180433866657405	0.12619674243413417	0.14721274730433767
SC_RS34965	35.89187824411871	-0.44304937762200375	0.30461905479903145	0.12637969141869423	0.14736303676809792
SC_RS34970	27.122378122556597	1.6022266103800122	0.4156946405992101	3.517983255697734e-5	5.9608475476826954e-5
SC_RS34975	30.09792749516175	1.9347937817031815	0.49417519358608913	1.9069274854944983e-5	3.3125284518342594e-5
SC_RS34980	119.5777340054152	-0.9956343836321057	0.20416292246100193	6.099689893864223e-7	1.2306186943188723e-6
SC_RS34990	21.942266973264978	4.749603216668974	0.7309055894810436	1.853005439629503e-11	5.3880371103422534e-11
SC_RS34995	23.82835333123474	3.6785649220817547	0.5532412748256921	5.4186814316135236e-12	1.62759091147528e-11
SC_RS35000	11.593920549405311	5.8597542837692	1.3580798521676678	7.441675417150164e-7	1.489142863665273e-6
SC_RS35005	18.199784339558022	1.7941013881301666	0.5293350258285774	1.6550579456345557e-4	2.643933555266294e-4
SC_RS35015	118.67835697407615	-2.5916523749117157	0.2452273043891085	7.337366195262372e-27	4.3988405141353436e-26
SC_RS35020	363.0633551573783	-1.8747024162392278	0.22060773808467268	4.049163175236399e-18	1.6423833473153583e-17
SC_RS35025	522.8403387208889	2.810099582067469	0.20688100705953202	6.754856841475584e-43	7.995235048000154e-42
SC_RS35030	198.07454663326587	5.001076647337842	0.2916624180395755	1.9436921114141422e-66	5.0467555033689735e-65
SC_RS35035	149.7298106065598	5.385078623304847	0.3827327098637693	4.4827857988837245e-46	6.065332565315337e-45
SC_RS35040	658.3485081436082	6.826486136705609	0.3403366706865404	7.614957636210814e-90	3.6227546844786153e-88
SC_RS35045	286.0468294435549	5.863188739735583	0.3018481678432592	8.667160921077075e-85	3.5905418332596825e-83
SC_RS35050	358.7480308983321	7.044151075951632	0.37285025898061575	4.695079866581305e-80	1.6971332811848306e-78
SC_RS35055	859.6936605477364	9.030017412796214	0.43761968208702035	1.062760938316441e-93	5.762352322901056e-92
SC_RS35060	69.35906025271363	6.047566196759842	0.5590267559630506	1.7206190014956837e-27	1.059970302174534e-26
SC_RS35065	62.92288695213191	3.62071221125335	0.35065264140595737	9.301497559722125e-26	5.263948043391477e-25
SC_RS35070	22.48364552978759	5.277947112464162	0.7819855583230202	8.794950673107191e-12	2.6087677499393574e-11
SC_RS35075	23.884097115614452	5.421040341872678	0.7674365980857615	1.274750942914749e-12	3.951245671733232e-12
SC_RS35080	39.20311375464724	5.2376592685317105	0.5725199812619839	3.9511915450164065e-20	1.763685620638679e-19
SC_RS35085	30.463028617847232	3.699651821390214	0.4555209876641057	8.314789654643516e-17	3.1702822602554957e-16
SC_RS35090	58.92928825029284	3.8662562188625995	0.3483252352917525	1.8604849791386202e-29	1.2506122366607279e-28
SC_RS35095	161.91427409302534	7.3515285653818765	0.5595938998284795	6.260376457417809e-39	6.297955797680617e-38
SC_RS35100	24.423742954961014	2.182716127095223	0.47447412787663373	8.348378070550811e-7	1.6620124160972378e-6
SC_RS35105	38.885268796429806	2.5177000508074485	0.45276418708304866	4.70180393034769e-9	1.1518638598798627e-8
SC_RS35110	29.7260445583975	3.1340652579022654	0.5269664262374162	3.66999481341309e-10	9.79107878223883e-10
SC_RS35115	22.45425564402282	3.4911766274907037	0.5345259849610565	9.575756812184196e-12	2.8346700414711468e-11
SC_RS35120	17.859518548197507	4.230959504839825	0.6747092058284031	8.203565780724711e-11	2.2879385048057498e-10
SC_RS35125	8.9632683379306215	4.1471644962708405	0.941939952411747	3.264393302672802e-6	6.1469959688225846e-6
SC_RS35130	19.545242023868035	3.8176379471769137	0.6464113353656781	6.113386221208722e-10	1.6071340461744428e-9
SC_RS35135	25.85405874436314	4.1100565995107665	0.6584399761881128	1.2724572714014776e-10	3.5006465288353467e-10
SC_RS35140	20.381971905671424	-0.5629167299303459	0.38052217952640693	0.10908103967948267	0.1287599786451905
SC_RS35145	59.08430832039384	0.10820724519094485	0.2559594539290963	0.6649398866129098	0.6926496290272068
SC_RS35150	1346.7743159857234	-2.564117948946641	0.19906049872153395	7.108982745294151e-39	7.141912638119764e-38
SC_RS35155	269.6848289751408	-2.6127583917130695	0.21758600125292407	3.2519489923586423e-34	2.667393978826766e-33
SC_RS35160	165.60977469266277	-1.4308039595859094	0.23161153562207124	2.1161409314610213e-10	5.732705080306235e-10
SC_RS35165	1383.4813226986525	-1.5093541871343599	0.1921767666330207	1.276922580333176e-15	4.6066668822782975e-15
SC_RS35170	54.35152652916039	1.2826245686725908	0.3687249880797189	2.0520630204178643e-4	3.245798522642928e-4
SC_RS35175	40.00636490755095	3.6596079279825333	0.4915622315080608	2.665680592757443e-14	8.996214503887133e-14
SC_RS35180	39.26201407908977	3.8493892333788984	0.5196960391433312	3.001604353095984e-14	1.0092945964309069e-13
SC_RS35185	54.191374189828174	2.90255819628839	0.370192166468921	7.300621434072724e-16	2.6585077755482598e-15
SC_RS35190	64.05619372265613	0.037187831062547555	0.2351140115042001	0.8721710250039889	0.8851347561766328
SC_RS35195	86.26001165254223	-1.633710575090497	0.24185046995697018	4.15411357026784e-12	1.2538859380742961e-11
SC_RS35200	18.9195329905084	2.568091912137748	0.5303034388376561	2.1940390321859778e-7	4.6251697608174384e-7
SC_RS35205	19.272765788247394	5.141358543679992	0.807598014506987	7.837202628002455e-11	2.189902697191743e-10
SC_RS35210	12.770516466184594	3.578849841621791	0.7002076372784277	6.325233543644592e-8	1.39940810533559e-7
SC_RS35215	10.854127879479694	3.489309443135157	0.7544183832555552	8.728970245533431e-7	1.7354388404034382e-6
SC_RS35220	26.53591479627915	2.6281261967741005	0.47296535152001773	4.44763427199118e-9	1.0921363676877444e-8
SC_RS35225	15.59551167442133	0.3801699903332039	0.49399534853812493	0.38347578496352286	0.4169493421293155
SC_RS35230	692.1115566554315	0.36271022090022476	0.19540978901728512	0.05849028070778499	0.07131404264867833
SC_RS35235	55.35545154282522	0.7019559328253945	0.27586448628111127	0.008099797913923809	0.010925170992733522
SC_RS35240	148.35695684024282	1.391677742921616	0.21062584948272325	1.4765664565343542e-11	4.324146564926262e-11
SC_RS35245	57.28793321175317	2.5727890006669294	0.31831174420006975	1.2993965741304878e-16	4.891143612883215e-16
SC_RS35250	20.943905116015372	2.023581708208028	0.5092969022931573	1.4910856125514216e-5	2.6172971451926168e-5
SC_RS35255	24.307898644418017	1.0129346107917725	0.41407528082081907	0.007662831553000677	0.010366119954472022
SC_RS35260	23.082449520104944	0.5776779808928867	0.37800418646395556	0.10010676583776719	0.1188324680115414
SC_RS35265	56.16716248076572	-1.025271752327196	0.2832452107889032	1.5510578100497014e-4	2.4826351837001296e-4
SC_RS35270	368.64051873744114	1.4023540218147055	0.199434567557278	7.488424458874032e-13	2.348772520618337e-12
SC_RS35275	163.51336523427378	1.644546068343157	0.2161568707414568	8.506262958217355e-15	2.9393244167710766e-14
SC_RS35280	76.93791900200772	0.5489311950323169	0.24760985396589386	0.022249719900500883	0.02856859386144759
SC_RS35285	14.673128191107935	-0.39959826910784346	0.41800915864043564	0.29316890934684764	0.324647475225057
SC_RS35290	227.67403796754263	-0.4131956503766819	0.1760289712943008	0.016967228297968224	0.022070266620077206
SC_RS35295	15.830749297957684	1.9263137828939647	0.5208501402814095	5.0976763692796896e-5	8.483472251651643e-5
SC_RS35300	61.87940578985995	0.19987293346379914	0.2738901150358377	0.45024159321686763	0.4839063559803501
SC_RS35305	463.0891542399998	1.319184592658558	0.25700845911110454	1.1880014099620071e-7	2.563746677512391e-7
SC_RS35310	504.23781572569834	0.20357760820626636	0.17137707339300312	0.22862382761246153	0.2572279683878992
SC_RS35315	1594.3776208033046	0.5367620403013413	0.17721624301377426	0.0021790462794577335	0.003120661733292159
SC_RS35320	70034.86584691903	2.4498030605273087	0.21688314865586072	2.2243984115932758e-30	1.5547596101505986e-29
SC_RS35325	399.5489559665477	3.1761830111609384	0.24578658917972418	4.47218332592395e-39	4.554955779746299e-38
SC_RS35330	906.9285839127556	-0.8710013117682012	0.15794302214261932	2.2238689319994888e-8	5.16172788938125e-8
SC_RS35335	1279.716598253375	-0.6195229382500558	0.16959231155984875	2.0344648165613872e-4	3.2186534128563973e-4
SC_RS35340	14.200260394641246	1.5702869214688546	0.5304557117112173	9.214580227526784e-4	0.0013674853886262459
SC_RS35345	153.62334086861904	2.332204922577395	0.2566062594276786	1.8739818928358874e-20	8.519569961634916e-20
SC_RS35350	353.97118956800364	1.8520625920824054	0.26975258244968925	1.5523884067966552e-12	4.797699963000224e-12
SC_RS35355	596.4242841894605	1.3295253091546129	0.17772701527396959	2.946188686430302e-14	9.924712368084535e-14
SC_RS35360	497.46092848923007	1.165443834027704	0.2067805417489855	8.285692726238429e-9	1.9908340880834857e-8
SC_RS35365	361.76382082700155	1.4107714458620386	0.19272897521642124	9.095722148777246e-14	3.005118672927439e-13
SC_RS35370	642.4898812234374	-0.29347693574055617	0.14806189237840253	0.04482431590552277	0.055468116376459965
SC_RS35375	453.97124938913214	-0.37093808574050674	0.16570719574522166	0.02301914424063213	0.02952568614201102
SC_RS35380	615.8333380704375	1.9876967154000982	0.21478488489422107	4.511465741785968e-21	2.1122252939637923e-20
SC_RS35385	1210.8078506831696	1.1247912852088482	0.1996455128300723	8.889654988313278e-9	2.1283219442799387e-8
SC_RS35390	305.06206278603975	-0.49055611169559926	0.1705445970341177	0.0034479659990907623	0.0048438371646590365
SC_RS35395	199.7908856858587	-0.2811572343398608	0.21264004085940574	0.17552384805551277	0.20135545357208323
SC_RS35400	24.13426537956938	1.809477761731045	0.41371387238415464	3.272661001568483e-6	6.157846957276345e-6
SC_RS35405	388.83181673889175	-1.9997290834421573	0.17576014527682893	1.0084079061591346e-30	7.163776396933968e-30
SC_RS35410	624.5418529705619	-3.2579810986613005	0.17059529882758134	2.4074939768784906e-82	9.393047928837032e-81
SC_RS35415	389.6304808864336	-2.7648542261566993	0.17952048172226787	1.5442391141363114e-54	2.79098510481401e-53
SC_RS35420	246.33292136787693	-2.3110225441343175	0.1909447486359447	1.8712446112582613e-34	1.557399296096887e-33
SC_RS35425	33.38314468606509	1.9469126103065344	0.34302036288798193	3.1275171512001194e-9	7.788690129331199e-9
SC_RS35430	70.465512530584	-0.1273973424988849	0.2521878307165532	0.6015984137812765	0.6320254599263617
SC_RS35435	14.270749959359499	2.608086511183171	0.6090202912332022	3.1054250962112076e-6	5.861122257348719e-6
SC_RS35440	66.44922137890961	3.03672711777557	0.33819039372746684	2.943279057289933e-20	1.3193762777176879e-19
SC_RS35445	86.17224554728442	3.020465076065328	0.3109423995743248	3.418760764152198e-23	1.7326420532548664e-22
SC_RS35450	65.15111960805169	3.406161871728654	0.3386193372570333	1.0215860142748097e-24	5.498668079753611e-24
SC_RS35455	50.26404343592984	1.1163596440091972	0.2996511224814713	9.942315165853455e-5	1.6127283773207957e-4
SC_RS35460	64.78611772396499	3.9003946901323503	0.35998397428975804	4.575538081139749e-28	2.8911754764631113e-27
SC_RS35465	79.90112106027135	0.25360134073724017	0.2231503192436588	0.2442713205760069	0.27349783144966217
SC_RS35470	328.99405762539857	-2.166150710078021	0.19088864524800034	1.144875720411848e-30	8.071045470666316e-30
SC_RS35475	1150.6354709232028	-1.73228287338052	0.23147800389813739	1.8167913039558967e-14	6.185142694077e-14
SC_RS35480	1141.80911555756	-2.169737328534347	0.24372697178818203	6.735629721209615e-20	2.9617491690041564e-19
SC_RS35485	797.2952287322594	-2.6173375234713596	0.2499648621483456	1.3899843205120043e-26	8.212936201486794e-26
SC_RS35490	2354.259220847273	-3.133913725884097	0.22787223635307044	5.485024566362868e-44	6.774970042271322e-43
SC_RS35495	1876.171456733044	-3.35455830116554	0.2515137514293747	1.197526669765301e-41	1.3461222047026416e-40
SC_RS35500	2923.5245335262452	-1.951590801478301	0.3105377033583477	6.707032019535621e-11	1.884819135367975e-10
SC_RS35505	35.57289288313016	-0.009010188632102284	0.30676546673168015	0.9737453285446666	0.9762607821466174
SC_RS35510	48.39256157903474	3.890544833566537	0.4585217254855427	3.7973079661292045e-18	1.541924501224491e-17
SC_RS35515	26.27196071314143	3.198017337873657	0.49886816997601463	2.2550107487907055e-11	6.528641249149063e-11
SC_RS35520	19.09990152100129	2.245111655613109	0.5391419818109727	6.405164477682146e-6	1.1698607160948865e-5
SC_RS35525	49.46643967921048	1.273291930093327	0.2989054277399056	8.96968762833957e-6	1.609697653233779e-5
SC_RS35535	131.36456370172138	0.04715806283194396	0.22026463800893045	0.8313830398116401	0.848588171603806
SC_RS35540	73.73591386107407	-1.2478015787863297	0.28111714405320454	4.020030407559006e-6	7.478230127482368e-6
SC_RS35545	112.48566698678786	-0.3433820579156211	0.21214681723279818	0.09750368920307223	0.11591039886884646
SC_RS35550	82.32648531358343	-0.3876439791513756	0.2418838773357949	0.09828040927402672	0.11679608992533007
SC_RS35555	124.15679580603576	0.07579549520385613	0.2241300806313823	0.7297611096641249	0.752939474277775
SC_RS35560	260.2212352820664	0.8596363414993683	0.2318025012828354	1.3450872469754729e-4	2.1628158218920925e-4
SC_RS35565	47.97137209412021	-0.7555072642876024	0.302163488920477	0.008731785428315049	0.011732541134911657
SC_RS35585	22.218900486136622	3.254435996387391	0.5665794040770806	1.3068487771493187e-9	3.343755337508354e-9
SC_RS35590	387.28858347699673	8.076281585947653	0.5313906729931754	3.388998264499064e-52	5.653953213216312e-51
SC_RS35595	527.2037497235654	14.166581076327574	3.057371276931724	9.894649388577412e-24	5.149128058671125e-23
SC_RS35600	186.90750169092468	7.314718882173041	0.5288475325307744	2.3616786215974695e-43	2.8502484706480756e-42
SC_RS35605	76.66149369060062	8.020722135218147	0.9808563587811064	2.806563229953676e-15	9.916433760267563e-15
SC_RS35610	61.36194676971078	10.260747758555715	2.715142800471245	4.233766120928744e-15	1.4838303885802547e-14
SC_RS35615	220.66147475267545	-1.950187551520744	0.22028702305160752	1.71265743709843e-19	7.376831741334009e-19
SC_RS35620	491.9599370432645	-0.9137308979635503	0.16387254985759844	1.5242241022110203e-8	3.5852084624255384e-8
SC_RS35625	80.13536917944	0.11053936377574275	0.3359448053719643	0.7307708731574856	0.7538758280166898
SC_RS35630	24.59337463064022	1.8348689521996426	0.48296153620592924	3.494229946688318e-5	5.926046832309029e-5
SC_RS35635	67.08106231207434	1.9783330827122731	0.3446489372953039	2.4854560967375705e-9	6.2318100160975326e-9
SC_RS35640	6119.223284518904	4.519148476688318	0.27962535850660064	1.042049813992457e-59	2.18919525025082e-58
SC_RS35645	192.78065266821204	0.16119188612363702	0.20812247500264078	0.4289995240521295	0.4626268631705766
SC_RS35650	159.73795742853588	0.46273009560545014	0.2863472911978286	0.09140415092567888	0.10901086995406051
SC_RS35655	520.6408340861876	0.6072122772082362	0.22865222502521665	0.006410183549221401	0.008745364198327218
SC_RS35660	335.8372027065298	-0.20725757333308464	0.21815275370921722	0.32876779858093713	0.36119394319663745
SC_RS35665	905.032746740588	1.6159780498010996	0.17234981279294007	2.083542371102147e-21	9.85506186305788e-21
SC_RS35670	49.16545270661992	0.48468265510561137	0.2945966782816028	0.08619577607665463	0.1031998137342509
SC_RS35675	32.695616074793556	0.8433220890711698	0.334543036878319	0.0076005342055030164	0.010287507201060801
SC_RS35680	12.287607819197005	0.32679961506814753	0.4766605343230546	0.4403052405169499	0.4739869844630641
SC_RS35690	24.258705530465633	1.3875336637267006	0.46501561222503257	0.0010147836690571849	0.00149870113671694
SC_RS35695	16.128332734578507	1.0320088854745988	0.4726674411115849	0.014737385350217578	0.01933691807339936
SC_RS35700	23.73647547178831	0.708233835959359	0.3773209983429864	0.04336558220302526	0.05373513748363439
SC_RS35705	30.89060668904906	0.32626139221056805	0.31479275162226644	0.2764098145742418	0.30688407977570664
SC_RS35710	21.451264264303	2.67405127103934	0.5036403392015559	1.522140433056035e-8	3.581449761759796e-8
SC_RS35715	44.09460651332402	3.3838159404854986	0.4016217327787509	7.118878113291587e-18	2.85296778301153e-17
SC_RS35720	29.085013961938078	1.1513330780039892	0.3967960719920416	0.0017595277518054028	0.0025460670411721034
SC_RS35725	71.86767345601164	4.660099784990518	0.5491878244706959	6.250960610561205e-18	2.5147072308935257e-17
SC_RS35730	114.24297243339758	1.4919132715105201	0.24494498684762592	3.918877088456983e-10	1.0428653789347455e-9
SC_RS35735	259.19798910606914	6.326325457392068	0.38628108098960395	4.937437391135754e-61	1.0835911703046147e-59
SC_RS35740	274.8380360962561	5.628550299490197	0.33044689633146235	2.8665124869109265e-66	7.390791286182228e-65
SC_RS35745	43.24929701465829	3.132562758926112	0.4151157772678926	8.047440679043739e-15	2.786001294237959e-14
SC_RS35750	124.31938362108001	0.4539509063438982	0.21758687252374026	0.03277467140048851	0.04127761347689193
SC_RS35755	227.4551328829596	-1.5068240021597752	0.20243751943978452	3.015714475761138e-14	1.0135769619080506e-13
SC_RS35760	104.15785352994115	0.7011666288227524	0.2592044271191645	0.005023807673720163	0.006923109285369554
SC_RS35765	284.6476255282798	-2.372329129119743	0.21829062218722753	2.2649241549746834e-28	1.4548389127860032e-27
SC_RS35770	103.30741592408651	-1.25160136441918	0.25171329224768757	2.818445631973008e-7	5.869307565707133e-7
SC_RS35775	3341.264806821382	-0.45311114309994044	0.17737959965750164	0.009350487496954175	0.012522792372419194
SC_RS35780	49.37324626955168	1.4805808005306649	0.3254615547414423	1.8995109135439689e-6	3.6514581534080363e-6
SC_RS35785	38.21761825725651	1.4576468251865773	0.3528689566570483	1.2752904607235821e-5	2.2519137589501183e-5
SC_RS35790	68.82155810115931	-0.20831339359772502	0.25331642650519653	0.3946045534057242	0.4284178411092182
SC_RS35795	46.20598899348539	1.2253789766659275	0.35520185510148244	2.3530980827955937e-4	3.7013108495167894e-4
SC_RS35800	788.0479532634228	0.4630045084633853	0.230549072768637	0.039392438311378716	0.0491007167187469
SC_RS35805	82.5131628782624	1.1499252887221205	0.2488246855427243	1.8477444417914048e-6	3.557511100200997e-6
SC_RS35810	129.72271347904413	0.5819542016066345	0.22802012123378534	0.008755969572357808	0.01175860856429912
SC_RS35815	171.74839045110488	-0.7632937305307965	0.22143136074567207	3.912172214807842e-4	6.012579806584624e-4
SC_RS35820	90.82881908247505	-0.4228333749358564	0.2666763358901874	0.09917684726001422	0.1178044574251522
SC_RS35825	18.431156648603412	0.25182205644496863	0.3924187864374788	0.4887363967337775	0.5220736846316751
SC_RS35830	614.2339257210372	0.5902495708559363	0.25552323455126014	0.01686564069683776	0.02194586809572642
SC_RS35835	200.5178604265879	-0.10080073658719615	0.21898678599133098	0.6359080672096942	0.6652271368427131
SC_RS35840	54.13924564256161	1.1060983403294118	0.27904270023772826	3.797438741258043e-5	6.412254013747838e-5
SC_RS35845	187.21318188691754	0.8870180488068231	0.19988956265688307	5.733113640600243e-6	1.0529509336434916e-5
SC_RS35850	333.79383576564067	0.9773172911879814	0.18038636962597404	3.4724926026375466e-8	7.92024758795214e-8
SC_RS35855	38.95552398718815	0.009815846137018249	0.29891829452178453	0.9743990257496149	0.9767833626804867
SC_RS35860	151.29283777206422	-1.0259376584047948	0.20190143658450221	2.0152222216703448e-7	4.261614184857219e-7
SC_RS35865	124.51226712218516	-2.1841635403252546	0.2231368630181793	2.80254123717682e-23	1.4242549333522997e-22
SC_RS35870	1794.1659598009865	2.1319905981205016	0.2786194868297486	3.702676722619788e-15	1.300168483457063e-14
SC_RS35875	52.44911412841308	2.6692855127995667	0.3240975053358094	3.3670211361099256e-17	1.3095154988224994e-16
SC_RS35880	137.00837857196706	0.544604787205643	0.20941437986446523	0.007793981990473477	0.010530015243267023
SC_RS35885	339.15119181636726	-0.9985607389955449	0.1991203792206015	2.8924443761325224e-7	6.013218164533752e-7
SC_RS35890	47.3318117147648	4.395570330685003	0.4665890629290571	9.237897951038172e-22	4.449396439644381e-21
SC_RS35895	215.66203738368006	-1.209733227240015	0.17932418881863021	6.848908583162638e-12	2.0430360797832237e-11
SC_RS35900	1465.4603614327955	-1.5998159162324868	0.19705897983086199	1.3590349780491223e-16	5.1130224123133815e-16
SC_RS35905	27.51701606595749	0.2989492905056707	0.3770493901663968	0.39160979269773927	0.4253543395718264
SC_RS35910	69.9364538680037	0.0996858578610449	0.23352869478592436	0.66316087669076	0.6909917061915591
SC_RS35915	29.620275981355096	1.8006500941818886	0.3887406811528326	1.0526936776257201e-6	2.0811161337297746e-6
SC_RS35920	31.093252714136227	2.005664917509745	0.4015190569791821	1.550331584075278e-7	3.3117453942558225e-7
SC_RS35925	150.01698094781437	-0.03412373318774175	0.18796719928652966	0.8508009169222985	0.8658565262772925
SC_RS35930	568.3960769744349	4.246814440105013	0.27840213991323964	1.623833988527048e-53	2.8174474897408123e-52
SC_RS35935	910.410273002878	0.08794065007935989	0.1732914564771542	0.6076774023139858	0.6378666426567019
SC_RS35940	409.6989799944349	-1.5847072746740796	0.2203209510436325	1.5223624974942334e-13	4.967212856868352e-13
SC_RS35945	477.0810773013634	-3.3853893481736943	0.18250634168787747	1.1549861885886706e-77	3.8364270966904764e-76
SC_RS35950	756.9123325910741	-3.5931609481262736	0.198870287394989	3.406977244336994e-74	1.0381425702372312e-72
SC_RS35955	631.0813823508894	-3.7128624338088243	0.1690208939040632	3.556928618948785e-108	2.649372892538216e-106
SC_RS35960	391.73912200580816	-3.901514606306389	0.19522744736246947	3.1952943741328547e-90	1.5604040208513688e-88
SC_RS35965	245.57873048533804	-3.4678533564260454	0.20458357082283193	2.353512543744752e-65	5.8237588918032894e-64
SC_RS35970	383.7408290303163	-2.6859047000989547	0.18306506322283317	9.361700089604912e-50	1.4502768164022397e-48
SC_RS35975	448.71569365247746	-2.2754411741913088	0.18091201923656536	3.847537655071795e-37	3.595911618314248e-36
SC_RS35980	342.64654017136144	0.20389696053120035	0.2379227985216291	0.37862541066924005	0.4120401089543943
SC_RS35985	420.0734161341524	0.08792835712930373	0.18638691946308364	0.630858803460017	0.6603197752610597
SC_RS35990	42.12166976034239	0.22820365677483978	0.3437146770284326	0.4804664751197198	0.513770270813923
SC_RS35995	996.453603815214	1.2597279301172495	0.162727401168474	4.0666363911522465e-15	1.4259332738162943e-14
SC_RS36000	563.6009788834324	-0.6590380312230003	0.2490732232028675	0.006139153667060655	0.008397350981432994
SC_RS36005	1245.756670034833	1.4149215704033864	0.23567685394670132	6.999240401470822e-10	1.8341293077628232e-9
SC_RS36010	164.45604863554917	1.8255119616336795	0.31264962458692497	1.2954626960022407e-9	3.3180763877459267e-9
SC_RS36015	892.9483160762666	2.566580014121395	0.24247659741053676	5.007097844166783e-27	3.0214680444260117e-26
SC_RS36020	1099.1042606763472	2.854540066915132	0.2457350512586638	3.919815612534207e-32	2.9645867001874096e-31
SC_RS36025	1027.251348869414	3.9294216342269466	0.23585610730253653	2.4677739010389775e-63	5.776941189289339e-62
SC_RS36030	820.6699269193405	3.8051236260849457	0.24800750089227444	3.299165220068227e-54	5.876339210817175e-53
SC_RS36035	365.4049299052903	-1.6694081968882746	0.23236650377481502	1.6996648956294644e-13	5.526159144784687e-13
SC_RS36040	136.8550192127468	-0.9386153470410454	0.2578114838083102	1.550639991953148e-4	2.4825052758711494e-4
SC_RS36045	355.60203579409745	-0.38033124118563255	0.17094283720392653	0.023543711345735782	0.030140855462405497
SC_RS36050	82.87186235342239	1.2110873359858443	0.3539696355839393	2.75897837683034e-4	4.3112325812135887e-4
SC_RS36055	1985.6839311850263	1.6360726531397136	0.2311718546594221	4.127302016307447e-13	1.3129734714517306e-12
SC_RS36060	349.9228567929911	-1.0208143475721323	0.20302573267885618	2.607159480444309e-7	5.446230597392728e-7
SC_RS36065	508.48417612671517	-0.08758059904869972	0.2024396400667751	0.6567150024733631	0.6848559508186367
SC_RS36070	179.0649491016014	-1.0210314290215623	0.19033066924684294	4.360569395141572e-8	9.842313657720831e-8
SC_RS36075	318.6077838339697	-1.4710413804668756	0.18530032145443637	6.711256920704138e-16	2.446307885974904e-15
SC_RS36080	23.065059965339245	1.591945614884126	0.4582452477782272	1.5191896880032945e-4	2.434268743880116e-4
SC_RS36085	155.4574107469607	0.6211985675351869	0.2404264677693147	0.007689028377809953	0.010397743491283806
SC_RS36090	56.86083007293214	1.6250863561344508	0.28649507658398427	4.430773045406542e-9	1.0887211075250863e-8
SC_RS36095	30.112005379275743	1.6760853484871951	0.3601834954653583	1.0091748559680288e-6	1.9988330346248304e-6
SC_RS36100	35.262962449793335	1.002278663909211	0.3456185526902044	0.002053091090903603	0.0029511683634158223
SC_RS36105	15.855945145379366	4.688881300801633	0.825757409978804	5.308186337198582e-9	1.2935415086088018e-8
SC_RS36110	11.30365910522279	4.9476587235197735	1.0738331655357882	2.088863809841228e-6	3.997737278424401e-6
SC_RS36120	22.434199492062728	4.280392627870899	0.6445699201591755	9.073885578744668e-12	2.6893421325427323e-11
SC_RS36125	66.08298079260457	2.1156000595219306	0.3045006811379438	7.817918948876948e-13	2.4489946613856673e-12
SC_RS36130	86.04084441029994	1.3658151612842935	0.2578733509626625	4.5860779052426345e-8	1.0326027014735628e-7
SC_RS36135	17.19368599429948	2.7798565219204288	0.5479739434402886	7.063609517632211e-8	1.555301779128693e-7
SC_RS36140	136.75397598598937	-0.7166033833944041	0.19670791854542938	1.9896035020699543e-4	3.1530918169490315e-4
SC_RS36145	23.30949510653589	2.9170393002189607	0.5127435247184947	1.9090582911438262e-9	4.821025972224169e-9
SC_RS36150	1274.682172656315	7.569977120591197	0.4424444768378567	1.6605602450562512e-65	4.122885941765924e-64
SC_RS36155	364.30094131108086	8.068340007424627	0.8280561178292759	1.689815483281877e-21	8.059960785071514e-21
SC_RS36160	195.77318483213813	7.0146940300540335	0.8205554223542502	5.715838409061579e-17	2.1998221517964552e-16
SC_RS36165	601.4363125354544	7.76165286843727	0.6106643159906259	2.3998211733523323e-36	2.176664370516617e-35
SC_RS36170	332.7978627254791	7.755789288261166	0.8113108584500498	1.343402922470449e-20	6.145318331449808e-20
SC_RS36175	188.41076094046565	-2.4495438440989323	0.23005147344904409	2.8931207539984e-27	1.7573206293232455e-26
SC_RS36180	211.2035760073349	-1.8545277771092419	0.2210351845421326	1.1510507031578025e-17	4.5830712122492634e-17
SC_RS36185	149.55858436643632	-2.474998585016321	0.22495757505969755	7.879774778513216e-29	5.169524841348439e-28
SC_RS36190	45.91897205136587	-2.2417423233971627	0.34403950598862393	1.7020552593294527e-11	4.964776693945959e-11
SC_RS36195	22.399106392676345	-0.9858265324618372	0.44001696204757884	0.013385254652702265	0.017653884423005993
SC_RS36200	62.905033348883904	-1.8477899079049847	0.2749628418465978	4.528734101937049e-12	1.3641701498236846e-11
SC_RS36205	192.61321079825353	-1.5997812588258842	0.17593729570635533	2.9299309867568026e-20	1.3141916725270476e-19
SC_RS36210	14.506819077457964	-1.5629777404775753	0.5530665533888703	0.00135155332808027	0.001973535493319586
SC_RS36215	22.931232786251048	1.3398434730836377	0.429154905093271	6.787587986769096e-4	0.0010181381980153643
SC_RS36220	8.506203368274974	2.5629518577289008	0.7723575241511008	1.8527562236812897e-4	2.946985417046124e-4
SC_RS36225	63.2832180179371	0.5289951877243951	0.2903751158573548	0.05758444112145772	0.07025606698041516
SC_RS36230	281.7242511788505	2.0696247958187186	0.252116439062111	4.8337727083602824e-17	1.8661905733742786e-16
SC_RS36235	33.90809974576367	3.881855093145215	0.5228675013480782	1.7283879804120387e-14	5.892340715468504e-14
SC_RS36240	162.75750815371475	5.226748550163328	0.386544584886277	2.041110759716026e-42	2.3517423034603085e-41
SC_RS36245	163.7068386744857	3.9919674076118983	0.323322726794812	7.705213951557151e-36	6.87040479791807e-35
SC_RS36250	114.12803540404815	2.7524271080286287	0.2826627625774757	3.0276768967090475e-23	1.5376094653121569e-22
SC_RS36255	53.673533570296165	2.714997953426534	0.3837286508184763	2.33169486325941e-13	7.504983815659052e-13
SC_RS36260	24.041804523594905	4.3355688645148724	0.7078376463078844	4.590708829574069e-10	1.2159442136953731e-9
SC_RS36265	43.83609984274195	3.1643759467847032	0.45543378902500714	6.992892955761008e-13	2.1989591750866384e-12
SC_RS36270	30.306912464284935	3.496328461302145	0.5868450050200809	5.025723688730619e-10	1.328304174935469e-9
SC_RS36275	25.698322869899265	3.6124230049494543	0.639103294577269	4.7445744105784005e-9	1.1615701096814452e-8
SC_RS36280	125.72464700729175	4.535330413147537	0.4993920566763035	1.8675374141702162e-20	8.495509495429473e-20
SC_RS36285	116.59137583964213	4.786646266632407	0.5436845605331865	4.0043784774849516e-19	1.6911962710752596e-18
SC_RS36290	174.04381732203095	5.234465081919351	0.4910617557666112	7.628503158224733e-27	4.569665498679868e-26
SC_RS36295	146.12415399966187	5.462655973180053	0.5724927116603513	6.4026837332565815e-22	3.1163953695732035e-21
SC_RS36300	288.9276030072487	1.957727411455708	0.3168795562397304	1.630985903948037e-10	4.4560541147509537e-10
SC_RS36305	422.6896058396685	0.20834069145533196	0.2140338247239018	0.31976241626167246	0.35229763297677763
SC_RS36310	65.13795684707219	3.4611752566981533	0.47032353278631533	3.9320998531123097e-14	1.3167713132084545e-13
SC_RS36315	23.65357269339293	1.9832281872614859	0.5566049488948986	8.519702438764086e-5	1.3899178270673976e-4
SC_RS36320	61.48299993624427	4.103635659457601	0.5740209673242294	1.7777535018541187e-13	5.769874261739557e-13
SC_RS36325	249.59482596119037	4.774958493064302	0.42188477601089724	1.0273597349024529e-30	7.277378179798932e-30
SC_RS36330	1321.2891101252198	4.028335520648744	0.2584679968875989	9.00614365539787e-56	1.6898550461807606e-54
SC_RS36335	141.36743973688075	1.7335721976392133	0.2346283698327516	3.924003131343186e-14	1.3146569327816746e-13
SC_RS36340	50.447076282946256	0.6089327853041377	0.28387984413037964	0.025378814845342344	0.03236095117924165
SC_RS36345	10.696637429913718	3.257551568385142	0.7951333550397541	8.879284109889646e-6	1.5938617581871045e-5
SC_RS36350	47.033544761022156	2.3276720035673546	0.3453759905813712	3.074430412474851e-12	9.360383923034498e-12
SC_RS36355	30.54950387491879	1.7811916537011476	0.38161180778567594	8.098085139603715e-7	1.6134904031190974e-6
SC_RS36360	55.619619505672745	1.6296132057774968	0.322900983579838	1.5747396092784078e-7	3.3619368496870237e-7
SC_RS36365	43.79948896294612	0.48377426940671997	0.3219468099835296	0.11272401242547844	0.13265669767403096
SC_RS36370	28.198207128223252	1.5437831859159181	0.413809820383018	6.005464674798466e-5	9.918095523396168e-5
SC_RS36375	68.41137293673188	0.6487962811387394	0.2580019704913372	0.009345773927848668	0.01251875330498748
SC_RS36380	47.16042765182736	0.9171464274599649	0.3296871376438324	0.003268678326275307	0.004606006875206213
SC_RS36385	17.150237093229695	2.659818947349168	0.6467258415475976	5.131533259720245e-6	9.448171350106638e-6
SC_RS36390	26.79676970683677	2.499099475068598	0.49893178229851975	8.82168245934304e-8	1.9257278405919352e-7
SC_RS36395	32.462395943939676	1.965736766595071	0.37432477750862303	4.374159663104304e-8	9.869967367114791e-8
SC_RS36405	12.046510346118968	4.3515771853366845	0.8502930099640008	9.459787737121627e-8	2.0583202942913803e-7
SC_RS36410	13.026916359363732	5.366175005003853	1.0733893881446785	3.479775513909556e-7	7.175577360058463e-7
SC_RS36415	11.168385716658056	8.00812226883936	2.6189013935040837	4.179434011524638e-9	1.0293636072472505e-8
SC_RS36420	6.4013667669852845	2.9726488731565834	0.8844786203200433	1.1712733596865164e-4	1.8903413776161899e-4
SC_RS36440	19.01238068287221	3.7811954493751614	0.6878880352331966	5.218526178721267e-9	1.2733756466542232e-8
SC_RS36445	7.752481446494929	4.573273258363354	1.1100893842104926	1.705648833634871e-5	2.9771486267573642e-5
SC_RS36465	9.744699894275278	1.7127760298900518	0.6352662864297274	0.0017110918051285841	0.0024779243855102473
SC_RS36490	10.815732979095431	2.9485452161654333	0.6820530950943497	2.3531951569743157e-6	4.4838400742967974e-6
SC_RS36500	53.26235076490009	0.41851851720309796	0.27466785945637967	0.11410515631205881	0.134153606926837
SC_RS36505	72.93078882821344	-0.941422101261339	0.24395684292595043	6.54804419749801e-5	1.0785186042517383e-4
SC_RS36510	6.821771610560827	3.232668114674345	0.9295764108404575	8.475188509793414e-5	1.383267819194702e-4
SC_RS36515	20.776913539790403	2.371870096104639	0.5129595225988741	6.608244305915413e-7	1.3270477535898764e-6
SC_RS36520	11.885647440259739	3.8063926216371606	0.7548280837573246	9.704182313214035e-8	2.1102518542506724e-7
SC_RS36540	12.16166955210805	4.77362954013414	0.9632994816319882	2.3893233777001726e-7	5.013907395321877e-7
SC_RS36590	15.86176627863788	4.177492207005494	0.7489969943152918	5.525633102574767e-9	1.3438660454612906e-8
SC_RS36600	17.863215811117314	5.675526101257127	2.3805902255537146	4.2638760513961357e-4	6.527262197009571e-4
SC_RS36605	17.094487918605992	3.7007292161109397	0.6776665467347415	7.790772265678144e-9	1.8749724114592242e-8
SC_RS36625	8.74343930212025	4.803013164577281	1.090264613353065	5.101281655710491e-6	9.397164858658297e-6
SC_RS36680	12.285695113275125	4.772116926152674	0.9219761973746093	1.0722957477115915e-7	2.322887439372878e-7
SC_RS36690	12.842035406158427	4.890834999200991	0.9378675093072077	7.162612578504465e-8	1.5760893217861496e-7
SC_RS36695	14.26791679770532	1.8699518197571916	0.520496246784195	7.739283351752444e-5	1.2665218694146144e-4
SC_RS36715	8.36248081132006	7.528271322416371	2.6217305264323043	7.602343005370622e-8	1.6699337897409283e-7
SC_RS36720	13.071808497654139	6.106030078611275	1.3576002268391951	2.8299122248906227e-7	5.89152251449561e-7
SC_RS36725	20.97761492746312	2.3208274719905626	0.4466908428014514	4.3315968292140167e-8	9.782908122090095e-8
SC_RS36730	607.9300957328713	3.8062300643800007	0.20518514800591842	8.275866115520004e-78	2.7613681780925117e-76
SC_RS36735	17.076073359154144	1.9875312399918916	0.5191951055348248	2.8430369689742005e-5	4.8664240039962286e-5
SC_RS36740	75.87858041561617	2.862131911957602	0.29931151613457313	2.1836712953773173e-22	1.0828777493014348e-21
SC_RS36745	14.311564454914636	2.4281106536292407	0.5507760975182097	2.0217681075021587e-6	3.876369741217088e-6
SC_RS36760	24.361333616405645	0.14222699234235203	0.3427492219135827	0.660804496021989	0.6887310747231303
SC_RS36770	21.6466327413889	0.9708465068095589	0.3917728907901709	0.007532142191805847	0.010202427722699544
SC_RS36775	16.847134052038356	0.17713936431316293	0.4939572041547841	0.6856780691182816	0.7111378455243611
SC_RS36780	115.71861496360845	-2.217598926750971	0.2467415989862754	5.555434329760255e-20	2.454510050788024e-19
SC_RS36785	20.737944888548405	3.634730650866219	0.653045526604677	3.3383596681286714e-9	8.28578397602855e-9
SC_RS36805	18.10706741981274	4.741151680305072	0.8432455346793775	4.712502212280348e-9	1.154101338869322e-8
SC_RS36820	16.911959656445788	0.9925239261825154	0.4429505906820218	0.013563583192671924	0.017882685940061285
SC_RS36825	10.291653042179092	0.6764097810742962	0.6188770755013508	0.18055284560929655	0.2067065181684448
SC_RS36830	33.25280067510444	-0.9021779805965281	0.3534323517875075	0.006383128691271513	0.008710064946231706
SC_RS36840	239.04375349587292	0.39478989112938	0.23400698739282735	0.0826145942224403	0.0991213826547795
SC_RS36845	142.23146785917592	3.060303598349919	0.2606493634416913	9.37897780788338e-33	7.326332876624158e-32
SC_RS36850	437.9543036256011	4.525002460588115	0.23911829632236997	4.92444703999612e-81	1.8526975751495608e-79
SC_RS36855	76.1445532022948	6.4085477641319475	0.5887049126957677	2.2354576272068742e-27	1.370263054282917e-26
SC_RS36860	173.30045087646027	5.583045936971626	0.3565737597708952	4.239992486826358e-56	8.120962233209759e-55
SC_RS36865	251.38211119033556	9.373160681812077	0.8367866662455055	6.670349808076076e-28	4.171938887595673e-27
SC_RS36870	250.6514780259555	9.886598366029968	0.992572371421944	7.985027846538712e-22	3.8585580170626775e-21
SC_RS36875	61.83972163069153	7.778012693310879	1.0006993430040088	4.275346556469821e-14	1.4291208298915893e-13
SC_RS36880	72.67960769225469	6.0032508087468734	0.5629136545844166	5.063170949177589e-27	3.052806425121467e-26
SC_RS36885	61.812796953872244	6.546156233489241	0.7051877304717216	1.405503648689822e-20	6.421427450705543e-20
SC_RS36890	48.29756312885033	5.58419422511577	0.6012909639695782	7.444179403829926e-21	3.458940070815493e-20
SC_RS36895	29.922734748226667	5.491367302603184	0.7000396574906822	3.0139506404350405e-15	1.0628824496684834e-14
SC_RS36900	79.53985909631186	8.194276984531392	0.9900760548919959	1.4254275733276111e-15	5.1323744754481466e-15
SC_RS36905	61.708839579801506	8.41088891230382	1.7172766957673797	2.4165573620755724e-8	5.591369309050916e-8
SC_RS36910	43.43813619847295	10.27750474700458	2.7701015169115406	7.124048815332636e-15	2.4709659437564844e-14
SC_RS36915	60.95410996971995	6.336279225415238	0.6370791527063749	3.783785582872466e-23	1.9150058262252274e-22
SC_RS36920	59.78606714359481	6.33909994553662	0.6395573432064661	5.105124238169324e-23	2.5713924953729915e-22
SC_RS36925	157.24292456793216	7.338790665692496	0.5477219539041748	1.1420976109143463e-40	1.2385040857179985e-39
SC_RS36930	148.0068846491232	7.079868350263424	0.5277831700576465	4.774313783999036e-41	5.246764507184634e-40
SC_RS36935	102.76577991835742	8.53981011749231	0.9903341479189331	7.70181371396061e-17	2.9411276191996656e-16
SC_RS36940	168.27993497522323	1.7949255004627658	0.20966332509366728	2.8945974177416813e-18	1.182535255314524e-17
SC_RS36945	163.61151740176274	0.1084849260797859	0.20585201177109166	0.5913563812378579	0.6221517984374325
SC_RS36950	136.21141070464597	6.249917504900412	0.44281471490495533	2.653776370074412e-45	3.4944548130229846e-44
SC_RS36955	540.8160565553922	3.9763872244740384	0.24913977588357658	2.542827979799246e-58	5.151322396439462e-57
SC_RS36960	247.9834430768455	0.22969778888871406	0.1943651867207744	0.22869457598494652	0.25726831476933576
SC_RS36965	179.46617560840681	-0.11219143166917765	0.17978497408005295	0.524814916687542	0.5578759111509204
SC_RS36970	150.24447197997563	-0.784107373528822	0.20204812299322003	7.217940583572188e-5	1.1862066829342838e-4
SC_RS36975	35.32065655234797	4.118948482564661	0.5381029424967936	2.6009648115418995e-15	9.203221938728391e-15
SC_RS36980	8.572697440336622	3.1321542904270654	0.830229524364447	2.787814562535871e-5	4.7763347082108534e-5
SC_RS36985	22.333403993628473	2.3677088029544153	0.4775071933440637	1.3399908360561298e-7	2.8815534162118436e-07
SC_RS36990	9.549446547462301	0.940904146052615	0.5562401185607901	0.04798972155001271	0.05919642132984171
SC_RS36995	7.920893058415404	-0.3063833188438864	0.5660725993365091	0.5163553538009722	0.549596475018529
SC_RS37000	37.869862337288545	-0.3682263766734711	0.33026358479602574	0.2379211722769014	0.26687415947214344
SC_RS37005	527.1048047625555	-0.38203139709263945	0.18228343798859586	0.03281294156713659	0.04131875531353573
SC_RS37010	278.26586456742274	4.507259937812851	0.28806217956320773	4.704056896551746e-56	8.986454807039528e-55
SC_RS37015	906.730678024697	4.491702263371444	0.24370349303923922	5.06364973160516e-77	1.6521837664095774e-75
SC_RS37025	12.456003079227782	2.829444441141544	0.6791113100101536	5.802199168146518e-6	1.0651087046530352e-5
SC_RS37035	8.60985248401296	1.301871101432707	0.6358809361655662	0.014341985118518768	0.01885838057488541
SC_RS37040	36.76202681963195	1.216499627502551	0.35604286746512565	2.836111103117321e-4	4.425197476594821e-4
SC_RS37045	45.435500366117054	1.0915155974285937	0.3556846867535053	0.001110227168482351	0.0016334427654407136
SC_RS37050	46.3682264829977	1.3805136393721231	0.36417679119514623	5.6427974733466745e-5	9.352660950428946e-5
SC_RS37055	41.97382870295311	-0.17725178825629567	0.33985846929434255	0.5788622518027026	0.6099643104877291
SC_RS37060	68.02056504415458	0.19743030564395952	0.27314842946948253	0.4552553581617156	0.48887344709812075
SC_RS37065	257.5856336401676	-0.3427552459253267	0.19531505014059095	0.07292454867294297	0.08789565575584855
SC_RS37070	60.717279941488954	0.05941282374934572	0.2750466022492902	0.8233859961145917	0.8412980927461549
SC_RS37080	92.65234750179405	0.57812466449739	0.2756104431637733	0.028942413864474506	0.03664515107085079
SC_RS37085	24.65514870619952	1.262391752844946	0.41658169127658273	0.0010057134187161148	0.0014870925906582376
SC_RS37090	59.87350825700738	1.2665083430451218	0.2908504668691646	5.8495865634878185e-6	1.0735403513976898e-5
SC_RS37095	30.41781283077498	0.48091805979081076	0.3274666757774568	0.12051390085315689	0.14110344631489027
SC_RS37100	25.342010551861765	0.24082292256288118	0.37949275896507856	0.4970290530500876	0.5303273386183397
SC_RS37105	38.18827974947169	0.47310496707822297	0.318047214259246	0.11793164775716174	0.1382776229227716
SC_RS37110	137.48833959870274	0.5739720075830355	0.209818004874395	0.005117369096523243	0.0070454592452879735
SC_RS37115	80.05368468726098	0.477974115156356	0.23964284613766987	0.04019582317984366	0.05004288369545284
SC_RS37120	51.26635803429125	1.0310527377358574	0.31537615303031646	5.699537886093966e-4	8.607084245762218e-4
SC_RS37125	57.34073091543006	0.6497125157755012	0.25447197262719023	0.008285989239398838	0.011162017656435336
SC_RS37130	162.14930030953394	-1.4102806667576318	0.21889336248861535	4.047068460953456e-11	1.1540248581233868e-10
SC_RS37135	49.648730992489774	-0.8194536206187307	0.29054483240409573	0.00322115579768141	0.004548092067314228
SC_RS37140	30.388502402954423	-0.13926969571537479	0.35859295062144186	0.678510775778362	0.7043979249035114
SC_RS37145	31.829096417868843	1.2470859414752622	0.37483997292958626	3.9057065146918765e-4	6.005145921463281e-4
SC_RS37160	83.49374861900777	-0.18429906985913203	0.2561517844227254	0.45580980090640294	0.48939159462490034
SC_RS37165	26.199848294600372	0.46918717362887924	0.37184885765201026	0.17376209901361278	0.19942750476675186
SC_RS37170	89.68765141664339	0.05496139462505871	0.23632451002217858	0.8116698310447614	0.8303625602280897
SC_RS37185	676.5961600372692	7.2876342911608925	0.3414317126681947	2.095037961594443e-102	1.320411105025421e-100
SC_RS37190	178.72339943482592	6.371131453112146	0.410800643035986	1.2073010993778112e-54	2.198182297978267e-53
SC_RS37195	298.4707559516156	0.922076017158213	0.20251844121718968	3.212411526714097e-6	6.053749705594109e-6
SC_RS37200	241.5064405366136	5.7598781496344245	0.3274770416992004	1.42220032169526e-69	3.913173571709272e-68
SC_RS37205	236.85043796900553	1.9338020960869682	0.23922982616400387	1.442502734895732e-16	5.415995502607499e-16
SC_RS37210	206.82837982927606	2.335096591252761	0.22469905588816705	4.281320002281148e-26	2.4761140154369556e-25
SC_RS37215	48.10736626244838	0.4827964552191703	0.31845239776183976	0.11070092849493264	0.13050497949186782
SC_RS37220	38.09461162349709	-1.1433026855627102	0.3079812773240752	9.869567271159738e-5	1.6012802872944314e-4
SC_RS37225	6268.57451105811	-0.23765069205048453	0.230776806318043	0.27543071302529426	0.3060617959385955
SC_RS37230	134.81867069955476	-0.7317712654230564	0.20943691063323774	3.4960064959825777e-4	5.406785214214666e-4
SC_RS37235	247.46441498119827	4.32503593444602	0.32689018900181066	1.4409410519205038e-40	1.5511677834834737e-39
SC_RS37240	284.58586318197166	3.5030099290693824	0.2599494373549825	2.859547364882747e-42	3.2691941501775776e-41
SC_RS37245	243.35588290061207	2.299354741235983	0.22308543197179476	1.3013907683112821e-25	7.319950820387029e-25
SC_RS37250	62.50471399367174	3.2837939751287872	0.392400259233088	1.211201565771195e-17	4.814771076009052e-17
SC_RS37255	59.87716376166257	3.232216144692456	0.40667217990560867	2.6356215690592004e-16	9.776193888451984e-16
SC_RS37260	374.2294072942382	5.475944070569306	0.455600195558255	2.3074933609038898e-33	1.839508761438409e-32
SC_RS37265	246.79428190072582	4.514924461274538	0.265158265788032	6.109161623682415e-66	1.5427725278436344e-64
SC_RS37270	439.3180058326261	-0.7092318574838476	0.1750963832930617	3.740687008233886e-5	6.319318670954565e-5
SC_RS37275	31.649009692885937	1.8311023669114113	0.4239264254749709	3.864818748084243e-6	7.2095050463883655e-6
SC_RS37280	19.661464085667863	1.6000113168648535	0.4837375113153514	2.7634048857177746e-4	4.3172346667972184e-4
SC_RS37285	26.089349992882312	0.6592602791889398	0.39388264538898593	0.06968538909508946	0.0840739625633491
SC_RS37290	77.46423036289264	0.4648131477433367	0.24924244048233307	0.05433388458025195	0.066587679058464
SC_RS37295	103.06260772437278	-1.9516399360077235	0.23177502634529057	9.699994192954182e-18	3.866365252910494e-17
SC_RS37300	164.35636016135027	1.6136952581897186	0.2462844589516949	1.801058735934676e-11	5.241123567001697e-11
SC_RS37305	79.79459644305203	-1.213316992125686	0.293820764739187	1.7118765831090958e-5	2.9870747571808975e-5
SC_RS37310	62.25882096762686	-0.8627446636389807	0.2586483981051432	5.360584518741868e-4	8.12349984406135e-4
SC_RS37315	208.08181469928687	-1.469497882220524	0.18942969760773826	3.089758182813685e-15	1.0890954512460856e-14
SC_RS37320	50.68058200697581	1.561876552292393	0.39476840935189955	2.3351856997385265e-5	4.0251658134342906e-5
SC_RS37325	30.318184695011464	1.017160284028352	0.4284943257659722	0.009338714440901117	0.012511569819622972
SC_RS37330	621.4393523721177	0.710824947544585	0.2074626883843015	4.5065694574569277e-4	6.877368207633979e-4
SC_RS37335	274.22482418236956	0.931725872458739	0.23141993811267256	3.360365462816229e-5	5.706894270568142e-5
SC_RS37340	50.48762661235253	0.9057096583378564	0.34204405194263776	0.004920981173615115	0.006789020612579581
SC_RS37345	42.890526033831264	1.5200280939228814	0.3381406968786743	2.3795098005033813e-6	4.530468698402255e-6
SC_RS37350	52.560551406186306	-0.3879084154653789	0.25962156636029693	0.1212965512822252	0.14197472526271884
SC_RS37360	27.930903683509168	0.43642985261457257	0.39238669012535443	0.22968383372075962	0.25818423625867093
SC_RS37365	26.30002095911529	2.7494242984919297	0.48342837739315286	2.0910322653218837e-9	5.269744335093496e-9
SC_RS37370	14.653893696285735	1.6140450726698934	0.6101114952086478	0.00212834103921717	0.0030533826504255666
SC_RS37375	13.041059934113438	2.6168330470994303	0.6279178780980283	4.64359805746001e-6	8.584079236828808e-6
SC_RS37380	38.66675551494239	1.8275936093682574	0.4447992909851782	9.485955793584512e-6	1.6975241335417998e-5
SC_RS37385	25.025823573002125	0.7361748456102152	0.3713344957938331	0.03335580639178898	0.04195219449651235
SC_RS37390	190.40085098398083	0.46845818552578306	0.2090844169803912	0.02187180128935292	0.028112717920113026
SC_RS37395	35.68300563980294	4.385122036860063	0.5209260748796941	7.768518207476492e-18	3.108250312638722e-17
SC_RS37400	39.35890784194865	5.8371787299760225	0.6964113540235564	4.3971721798628164e-17	1.7020864910398115e-16
SC_RS37405	269.58264114277733	0.33492602987354125	0.273726409891988	0.2050140399024101	0.23286714883554716
SC_RS37410	58.50392927568012	2.865484211832833	0.37256662711342076	2.257710485448897e-15	8.02330463600008e-15
SC_RS37415	144.27777933653226	-0.051201144473812056	0.2132101810061352	0.8045449066035749	0.8242170243532595
SC_RS37420	11.21785756167364	-0.74652332040160585	0.5032322659184805	0.08988240533253418	0.10731749626329454
SC_RS37425	158.39568311931043	-1.225859273581457	0.20584197387762423	1.1520767859028505e-9	2.963172033222051e-9
SC_RS37430	52.01363664760388	-0.43825706121332725	0.2735917091293582	0.09483270207846509	0.1128807659607105
SC_RS37435	171.7181113624332	0.5516926774782493	0.21048847114903582	0.007311094774930171	0.009917588828244128
SC_RS37440	104.20151471620943	4.061082852525753	0.3566805845900937	8.046309254848917e-31	5.749368647796115e-30
SC_RS37445	53.35926763267269	-1.1543875945721598	0.25556191521306804	2.948138894374238e-6	5.577110366114836e-6
SC_RS37450	11.908645999998654	-0.007122346764867067	0.45282423213662304	0.9832862860059997	0.9850228329042577
SC_RS37455	12.661292670247358	0.07956061375447013	0.44190970687256326	0.8441068130568438	0.8599673444986412
SC_RS37460	34.99676098498851	0.6312323712638211	0.30629003146768435	0.03045730177584438	0.038500655583684935
SC_RS37465	151.08373880264608	-0.48372172312912903	0.22497736026308132	0.027171519380426012	0.0345036652163357
SC_RS37470	54.87468665661693	-0.02915021496302068	0.3155070560774298	0.9210589229670343	0.9289958279248955
SC_RS37475	25.26815870611422	1.1111972123395082	0.3744867525503288	0.0014685320753811835	0.0021388416993602306
SC_RS37480	43.04661887688175	0.26609246918437235	0.280107334282225	0.3250635736596808	0.3574972098682306
SC_RS37495	14.4378445581281	0.8746572060086985	0.44291934060447113	0.02903945783621501	0.03676171022905571
SC_RS37500	23.709457708226058	0.07257981074662988	0.3451161087188788	0.8252342836145725	0.8428362337082905
SC_RS37505	26.511440592669835	0.4179245478668612	0.3581762876553212	0.21318172045098452	0.24136373508453246
SC_RS37510	228.93134273132324	0.22984668657882715	0.19886661952318976	0.23806966252325557	0.26700010516296374
SC_RS37515	261.9256216914569	-1.1226719023891365	0.187731507552446	1.1149804451630011e-9	2.871765910804041e-9
SC_RS37520	50.55810646025786	0.11683109570484103	0.29974568531476675	0.6844166295406177	0.7100292946303481
SC_RS37525	133.30268960169514	-2.0384274752834064	0.2102359273809404	6.889474875550293e-23	3.4630530151539097e-22
SC_RS37530	92.75420672016753	-2.3573579561895412	0.2497693063462139	8.478010866111013e-22	4.091417023998862e-21
SC_RS37535	31.05120690118354	-0.8772491902910005	0.3313456212489839	0.005063695529531695	0.006975469985945585
SC_RS37540	39.84734420014144	-0.28126811959193193	0.30554330966977017	0.33291609066280137	0.3654791205221821
SC_RS37545	54.236338447682506	1.5542735046176228	0.2903039964879012	2.8305455809289166e-8	6.494226233282461e-8
SC_RS37550	10.654761980463128	7.874340181783522	2.6240351850216372	1.5073586181512947e-8	3.54893437108801e-8
SC_RS37555	43.55180978224278	2.3508717143632567	0.3625869205837531	1.7248114950843008e-11	5.0291656641959804e-11
SC_RS37560	129.28201886403258	0.03476791620205454	0.2516936493600954	0.8877783663223566	0.8996121579306112
SC_RS37565	30.530091553536465	0.3710246429291878	0.34149709927649685	0.24944973630588274	0.2788887737659835
SC_RS37580	21.549630845740158	0.8043636397928509	0.43543469541494856	0.04189321176349005	0.0520068255124538
SC_RS37585	218.63136205896433	0.1271285549412175	0.21274214183262666	0.5420261385336584	0.5747628336996258
SC_RS37590	163.22765422308328	0.018871461594450658	0.20620405543508105	0.9264798102353251	0.9335695710132942
SC_RS37595	268.8562412677513	-0.37515031559043716	0.17967402010128022	0.03360078793792479	0.0422386993273538
SC_RS37610	57.15846850083366	-0.1798858687883143	0.2586350860243569	0.4712297725465097	0.5046250860816094
SC_RS37615	97.93493372119201	0.531835181825565	0.23028681147434324	0.017554274864763512	0.022801695059497296
SC_RS37620	46.15816139340013	2.147871906094806	0.3702233794267938	1.3693427021064e-9	3.496375722068072e-9
SC_RS37630	42.75038564051153	6.611748645293694	0.9889274308675845	8.36264652635532e-11	2.330542535349363e-10
SC_RS37635	36.412230413784506	0.1287451536661877	0.31611111578959383	0.6708221311809395	0.6977912816092887
SC_RS37640	74.20346171966305	-0.17957092186158033	0.23517015209440859	0.43204184268907114	0.465567228991555
SC_RS37655	8.982361936337186	3.642263269653608	0.9018691347007709	9.6992172864479115e-06	1.7338673520064704e-5
SC_RS37660	28.615446001135822	-0.8045361931547018	0.36710204399373675	0.01892379641588107	0.024485712365451308
SC_RS37665	59.28411875534861	-0.3938886103554039	0.27213206354677083	0.1327945442403545	0.15454971105245804
SC_RS37675	16.695881909821562	2.494076970566667	0.5573644325230881	1.3511259160557465e-6	2.6392589417205497e-6
SC_RS37680	27.683205229289147	3.047262216388246	0.5014061779339775	1.7584981314155336e-10	4.795549268142804e-10
SC_RS37685	24.379682652482533	1.8199980650765797	0.4078780617815952	2.1194704642590026e-6	4.054208872489205e-6
SC_RS37690	302.59907645601584	-0.3459668908231633	0.1659102326115653	0.034254194884787786	0.04300143566231276
SC_RS37695	14.260565141630767	2.6234092618619487	0.6569763484234404	8.862995849521572e-6	1.5917128931897728e-05
SC_RS37700	24.123270222917018	1.875329115109884	0.4388043255609114	4.918495473335853e-6	9.074051944052685e-6
SC_RS37710	9.129054435414927	3.95738270438576	0.8948703286360725	2.181273733886979e-6	4.165944706988496e-6
SC_RS37715	15.524916964947383	4.353128219427028	0.7416570460162937	1.760258715512504e-9	4.4574683269880515e-9
SC_RS37720	11.920760871757384	2.5726464056701652	0.6237273367565876	6.2524220886712975e-6	1.1437697961265727e-5
SC_RS37725	24.531063738006523	1.4073930626962776	0.37942166968071456	7.586580053550503e-5	1.242359345211668e-4
SC_RS37730	49.41852339761739	-0.2716314744282091	0.28711522211573304	0.3235462174130209	0.3559346273614227
SC_RS37735	529.6866163347036	-1.884288783055681	0.21784454396414069	1.0831245214821604e-18	4.4946315258353695e-18
SC_RS37745	110.8425244870693	0.06415050874431143	0.22365296673839966	0.7698475754979982	0.7913097326069471
SC_RS37750	15.412882520046562	2.30497066346293	0.578129011771986	1.2228887623922413e-5	2.164565946682762e-5
SC_RS37765	23.927663831062027	2.098105400490737	0.4485743673688199	5.781378799749041e-7	1.1692783123793042e-6
SC_RS37770	20.096883755591364	3.2270737364445927	0.5615253953223837	1.886479464630485e-9	4.765638770875367e-9
SC_RS37780	35.48734932633443	-0.9293696950052961	0.3130932969561061	0.0017719113531343114	0.0025609710540988656
SC_RS37785	144.74408907588273	-1.3231770127381208	0.22382568105846848	1.3121684182996771e-9	3.356201844100527e-9
SC_RS37795	13.199876836982058	4.58320426865209	0.8801787903035672	5.705615566447571e-8	1.2695597219971152e-7
SC_RS37800	9.749164226888777	7.800169846254341	2.647061166734705	2.7187148186598074e-8	6.257117063919295e-8
SC_RS37810	12.568904853185565	4.453611127457463	0.8584251424308015	4.8371821036120235e-8	1.0841993488097468e-7
SC_RS37815	8.689748576623082	7.493876084449565	2.57766814691784	4.761229589858006e-8	1.0691019182586154e-7
SC_RS37820	11.132815219718228	3.455627511478582	0.7512074984035072	7.421185549095501e-7	1.4854457719606467e-6
SC_RS37825	17.45698920885708	4.143302941433957	0.7506380236827934	5.382154802165338e-9	1.3111334493282855e-8
SC_RS37840	14.189465866034144	3.3644060866847694	0.7313968561719819	5.694016341611664e-7	1.1522413969002308e-6
SC_RS37845	26.792867909447963	5.02886775343944	0.6987023852213884	1.7273233630172425e-13	5.608666877538153e-13
SC_RS37855	15.354305431074048	1.9347372096674673	0.5210654575200209	4.5770092431597794e-5	7.641128856477296e-5
SC_RS37860	32.034813029155394	1.0319760020562214	0.37052943871561533	0.0027575998826241607	0.003922558166371636
SC_RS37865	16.955294541526865	3.665296359342769	0.7005944078951464	2.4999393855131463e-8	5.7770457626994484e-8
SC_RS37870	12.603612091268628	1.9205972886725966	0.5622598824674571	1.4704716909489678e-4	2.3587683813482027e-4
SC_RS37875	16.62690762001393	2.6002105055557085	0.5362019208659956	2.320228376535087e-7	4.878632463236309e-7
SC_RS37880	24.407074926209482	1.7291091576092352	0.39545838801057515	3.308348095342057e-6	6.217063928402734e-6
SC_RS37885	14.533920052244415	2.5067982144137106	0.5856032848416581	3.4416265817524426e-6	6.456004684264185e-6
SC_RS37895	274.3085986616589	-1.0504742243181802	0.1803181544923719	2.999975582841591e-9	7.486233484898102e-9
SC_RS37900	11.083589747081199	2.4629317239052573	0.6262678236906908	1.50045972636309e-5	2.6318720319223178e-5
SC_RS37905	17.86512470078779	1.5448447959295803	0.4579305535834494	2.3794206136924074e-4	3.738971720323759e-4
SC_RS37910	1084.303845719577	0.09958816664606417	0.18430601826814008	0.5850371587937322	0.6160308452013395
SC_RS37920	35.266186238139895	1.5322555910265525	0.37811401276995454	1.7487976998367327e-5	3.048613295176375e-5
SC_RS37925	49.82452090780413	1.4646959334997987	0.308952340221792	7.533845516569386e-7	1.5067691033138771e-6
SC_RS37930	90.7792074103879	-0.02654889810296346	0.24181747126596548	0.9092254030481804	0.9186939054641385
SC_RS37935	78.84929024229119	-0.2648924624253639	0.22804534208303165	0.23250882633450012	0.2610811763957064
SC_RS37940	183.9224678983216	-0.0570836399403614	0.1938606033181884	0.7628957663747986	0.7844921742083064
SC_RS37945	14.37654122741785	1.7485816853243987	0.5547592968823688	4.158026668742476e-4	6.373163303950742e-4
SC_RS37955	112.63195537075435	-0.8688793865079858	0.24295615168888418	2.1764115802551243e-4	3.4351153666098644e-4
SC_RS37960	84.3228030490852	0.7371443138700869	0.28868092323776956	0.007653107872668838	0.010354865587717433
SC_RS37965	18.751529925230425	0.8850694860602131	0.41781132895249845	0.020560169571159886	0.026510000073043015
SC_RS37975	25.690642545280436	2.177643979218109	0.4312711888728412	8.431366526745519e-8	1.8437988365427478e-7
SC_RS37985	8.66274805516138	4.8191838098944	1.1178644916852263	7.0203001460762514e-6	1.277899118172458e-5
SC_RS37990	20.879043955728648	0.3897373166685001	0.35479727248834025	0.2420924837563539	0.27130546735856437
SC_RS37995	104.91740959752505	-0.6787274744514414	0.2203296143680263	0.0015409295214157215	0.0022407442892761844
SC_RS38000	14.041347294506854	5.563330251584628	1.061662165078517	1.3037553343264654e-7	2.8053375650199466e-7
SC_RS38015	26.323504632165722	4.596660190848924	0.6459008027265504	2.3954031494574385e-13	7.699957639101635e-13
SC_RS38020	80.32199844737848	0.187246097129485	0.2627388612437546	0.4622746039565851	0.4958994660424583
SC_RS38025	10.547003728757842	2.0450146438484578	0.6288085121050792	2.4165707226906605e-4	3.79629154433765e-4
SC_RS38030	11.17157655717916	1.107737966117836	0.5101086164442915	0.013783443093814442	0.018159569300301534
SC_RS38035	9.411707737746083	0.8168656856379434	0.5701922259831697	0.09044528838901722	0.10793713490542368
SC_RS38040	10.826205083582948	1.5973777322184497	0.6357475543357622	0.003178629831488663	0.004493714796280177
SC_RS38045	26.388944236615558	1.7898013318751245	0.4969931158506736	7.580157529650462e-5	1.2418591784857255e-4
SC_RS38060	23.70858686816974	0.8359585285085568	0.38285642420495053	0.018725755986966908	0.02425074194729434
SC_RS38065	331.8292105569247	-1.0031101129468694	0.20065040319019897	3.1397759374846395e-7	6.499917957049897e-7
SC_RS38070	35.88134548186651	1.2003860450992607	0.4338642395378202	0.0024638246686365614	0.0035189314558446644
SC_RS38075	42.82435966827448	-0.4451861410990393	0.27581012325234333	0.09311768537895798	0.1108930574910265
SC_RS38080	18.7781004469356	0.3980770626111707	0.410009944278383	0.28871489652642235	0.320003554334261
SC_RS38085	792.4234815585194	-1.092091932820097	0.17808943634172242	4.3216402380014105e-10	1.1454987460468152e-9
SC_RS38090	28.920107530934743	2.25607571860117	0.4238109479062859	2.0445789384848796e-8	4.7650837839404236e-8
SC_RS38095	11.51364269152338	3.380871971753147	0.7529707921435269	1.0242852304612345e-6	2.028216780188277e-6
SC_RS38100	42.39309180286448	5.33372206538432	0.6491098384207866	3.8010858823260193e-17	1.4744454127444538e-16
SC_RS38110	66.43371473678718	0.1881303070987984	0.2924840526772387	0.5060039771460991	0.5389676913874527
SC_RS38140	33.046740699624394	1.7142782743131255	0.41701303930401534	1.1748752316823249e-5	2.0850854292239382e-5
SC_RS38145	21.3921076596701	3.2420797532381243	0.5819195947614668	5.6130761161440855e-9	1.3646826007400754e-8
SC_RS38150	53.70994079384934	3.518650263565967	0.4397332695472408	2.5000193763399396e-16	9.282549285564306e-16
SC_RS38155	58.59687855247213	1.4250520140177236	0.31882226434202426	2.8135652702030745e-6	5.3307374877896894e-6
SC_RS38160	17.293110711910597	3.301301755709866	0.5890011442804869	4.758118780408626e-9	1.1641130685711084e-8
SC_RS38165	47.63005322110993	3.656674619927284	0.42676515109988	2.1993578677229303e-18	9.050259440060762e-18
SC_RS38170	59.9030494050205	2.354731291087634	0.3351228601394352	4.0391423394615503e-13	1.2860378070461777e-12
SC_RS38175	85.45700349984185	4.441470132881742	0.46148954414770377	1.8168338066017466e-22	9.027852082130243e-22
SC_RS38180	61.69117581739848	1.9491790864979033	0.31115173849772826	9.800153536069177e-11	2.714738248496398e-10
SC_RS38185	28.38976562626425	1.8428775451754467	0.42428773121616037	3.6690841434529283e-6	6.861736361608392e-6
SC_RS38195	29.90509031828065	1.5515037055694605	0.4094901389013365	4.9714467271875956e-5	8.277138895073681e-5
SC_RS38200	26.977989331588244	0.8100100914850913	0.39062957839853435	0.02497108681911277	0.03186308949716864
SC_RS38205	60.30712439174348	1.0786685854486964	0.2912894168042829	1.1004224805829904e-4	1.7802798095258824e-4
SC_RS38210	26.375818485460574	-1.1303778298422453	0.38757405108641674	0.00172970229896727	0.002503400343981285
SC_RS38215	122.78045704451344	-1.9925691881266956	0.2179379107926424	1.2189931125884362e-20	5.600532842509115e-20
SC_RS38220	51.28699794721146	-0.36275765570426277	0.270749953970055	0.16403013966334407	0.1886734741523539
SC_RS38225	82.36520045536301	-1.5436627049761908	0.2585251606871394	8.154754462925605e-10	2.1240960582696366e-9
SC_RS38230	30.36318345467656	1.2462874352905438	0.38753276485001437	5.722402778532553e-4	8.639843998546078e-4
SC_RS38235	391.087951002188	0.9576611006644732	0.21586675830537821	5.406451493887087e-6	9.93698238183534e-6
SC_RS38240	22.970942928326657	1.153216021328965	0.4283836822388298	0.0032838021284149407	0.004625550505240071
SC_RS38245	84.43755583259606	0.7781308616108547	0.24452717339462202	0.0010062021700519834	0.0014872188418447235
SC_RS38250	152.26649198387977	2.9886737407323833	0.26518252259773095	2.91882632212537e-30	2.03051182069363e-29
SC_RS38255	57.286116562962064	2.9922778296857357	0.3668582830365863	7.30342731092621e-17	2.7904390150657965e-16
SC_RS38260	70.26359834465006	1.6687765600878575	0.3387299698422837	2.3554346093599998e-7	4.949836081339595e-7
SC_RS38265	24.39969006728669	3.512614264286251	0.5712628560328945	1.2948576592730836e-10	3.5588074466938943e-10
SC_RS38270	35.58849400592803	3.439171168820265	0.5010139485435597	9.887620091005143e-13	3.085540014857043e-12
SC_RS38275	23.79160194577803	-1.818382733725022	0.41075535256063744	2.5912717980506886e-6	4.920947267274215e-6
SC_RS38280	66.2963889784613	-1.2294349429854095	0.3070186249373227	2.8244907860890515e-5	4.836924072601177e-5
SC_RS38285	36.39449220467915	0.7386855057362156	0.3606962802568274	0.02824774839890986	0.0358007417568848
SC_RS38290	55.63863912252628	1.8681920095316202	0.3207074529965475	1.4793535669606138e-9	3.766834669463939e-9
SC_RS38295	259.8817397954192	-2.0411897285298974	0.1809124988016974	3.572350303542457e-30	2.471154891024585e-29
SC_RS38300	56.10036652703624	-0.9383021796466995	0.28924196910914385	7.155744561208745e-4	0.0010711827120250363
SC_RS38305	142.3543925927711	-1.6276823255132409	0.2483399250926198	1.8384103301542167e-11	5.347707208898301e-11
SC_RS38310	26.35064986730568	0.01294518261761204	0.32552107739394137	0.9684873172361861	0.97138540224423775
SC_RS38315	109.51090946812263	1.1341032462602694	0.2227659475120946	1.843891271046614e-7	3.915017055196583e-7
SC_RS38320	149.5872366023613	2.5668156425045567	0.272242597083746	6.197485626421599e-22	3.0185111630933203e-21
SC_RS38325	52.34513044922285	-0.3605972464175985	0.2977005806098514	0.20526284514320103	0.2330779519688889
SC_RS38330	29.62304218502803	1.992732195830373	0.4657812577841526	4.2615840114194004e-6	7.907629718220095e-6
SC_RS38340	10.649843058527752	3.140345930855681	0.8448716489419918	2.6642463587165248e-5	4.57312678053437e-5
SC_RS38345	103.22036273790604	4.696059986651061	0.37161789423452013	1.973884548810966e-37	1.8660800849912904e-36
SC_RS38350	101.81702921598568	4.0090025537596254	0.33687977252752765	1.0307297928848492e-33	8.333992864838682e-33
SC_RS38355	20.333787880182726	3.0114800690121	0.550145135547477	6.293009374673377e-9	1.523461954328348e-8
SC_RS38360	29.051986102914334	0.23414501515664157	0.35546419184293	0.48467275710937374	0.5179676682499307
SC_RS38365	81.26305245031638	-0.14099133322336904	0.22919135233296714	0.527242670306691	0.560295064251555
SC_RS38370	77.47866571312233	0.4704126964022962	0.24455090305233634	0.04756435225959853	0.05869135434442429
SC_RS38375	28.33604243258975	0.5802477058448561	0.3690116084543653	0.09180210526704818	0.10941469601409622
SC_RS38380	817.8831947655622	2.175638655161912	0.20753844810808794	1.949286906132719e-26	1.1407969560176722e-25
SC_RS38385	50.58650161898288	2.596933471670721	0.3692641800164821	3.855341816053774e-13	1.2291089732633174e-12
SC_RS38390	7.698227933663036	2.6918257571410904	0.8157244406720869	0.00014801529196502612	2.372749484674136e-4
SC_RS38395	36.939018250742606	2.3133441239641077	0.3675997247549602	7.170315126884887e-11	2.0104145910893215e-10
SC_RS38400	36.6218416021032	1.2909529323699938	0.39326638230591593	4.078348494311231e-4	6.254937977756035e-4
SC_RS38405	11.41861257445246	4.3467136637281545	0.8915179471060076	4.862906048102953e-7	9.900350413780005e-7
SC_RS38410	87.21203368541885	2.0137546916776206	0.2898991080317791	9.423271393664188e-13	2.941879900799311e-12
SC_RS38415	100.2920988554863	2.8890164912655836	0.3043760515423338	3.706855119052001e-22	1.8235056469572686e-21
SC_RS38420	36.80022672301814	2.061592046167178	0.37567245577588676	9.855710673716061e-9	2.352735853285278e-8
SC_RS38425	6.4724179955654755	1.2112384243709655	0.7795605154033991	0.04272790300890919	0.052980587991877645
SC_RS38430	42.89086470053898	3.5736806642943617	0.4122695567553711	9.74646144686167e-19	4.05360443932081e-18
SC_RS38435	51.05033659164227	3.5010831068722346	0.46379495319718667	8.804345906615288e-15	3.03947784248039e-14
SC_RS38440	11.626861978179956	4.217387668786224	0.8563112868047058	1.9257880521995405e-7	4.0806784761262674e-7
SC_RS38445	301.64596490296265	2.166443270628304	0.2362113916278312	8.2522551172909e-21	3.8127900523122237e-20
SC_RS38450	295.01725999617537	2.2477363063135414	0.22062998558102181	3.796437356442141e-25	2.0907340602243725e-24
SC_RS38455	31.995413642491005	0.8698468162874713	0.3360941816995925	0.006141425987800892	0.008398901193257377
SC_RS38460	193.68381534906771	-0.6568904215913207	0.19985600418566024	7.668781074236235e-4	0.001145656232605713
SC_RS38465	211.10130612052703	2.0368776232710952	0.22284479560657677	1.3033963345962503e-20	5.977142146338775e-20
SC_RS38470	5218.175637012516	10.71338361096673	0.6146604245099156	3.2957542070263256e-66	8.467906453871821e-65
SC_RS38475	8706.302682801952	8.242603136940575	0.2797932423168459	2.345385731090484e-192	1.235348170075802e-189
SC_RS38480	738.6557663917368	5.458652002802884	0.2661030719421868	6.621817848195129e-94	3.643976478551558e-92
SC_RS38485	80.4561278933739	0.9517220031037501	0.2820758043448235	4.2936316913171074e-4	6.567359488025793e-4
SC_RS38490	24.24782707856698	1.8943523036364225	0.4737600680455617	1.4978933017414159e-5	2.6279955286798003e-5
SC_RS38495	61.5549629640699	1.2120000356627931	0.2737313360429278	4.5699097083448e-6	8.458462396921324e-6
SC_RS38500	159.92084166821564	2.9391060201419306	0.30591390402008023	1.2016205633270295e-22	6.00321818019886e-22
SC_RS38505	160.49946509015797	-0.9459321101869758	0.19074608151096434	4.2604868386441726e-7	8.724473742894232e-7
SC_RS38510	28.92685045257279	1.9549445202470037	0.3968844677575159	1.9899381527697944e-7	4.209352822296174e-7
SC_RS38515	32.709468368787284	1.864232742585782	0.3789792109887494	2.1169296782544123e-7	4.4690064264094005e-7
SC_RS38520	21.81682870321807	2.606612063371467	0.5316117242793638	2.1484845773894258e-7	4.5330258293761445e-7
SC_RS38530	14.595050782425359	2.958556431060738	0.6211102076107814	3.288415403336838e-7	6.796181385707916e-7
SC_RS38535	37.25624450575211	-0.25663871712980046	0.3100933944276868	0.38485418570944946	0.41832470009160966
SC_RS38540	193.60276860341685	0.17860397046409596	0.2097869782162378	0.3866632925113228	0.4201672736484666
SC_RS38545	103.57850587622112	1.3867915373786923	0.2703875958721522	1.1095451336647195e-7	2.3986472634546003e-7
SC_RS38550	50.6600895300625	-1.945770707887473	0.28950144093409	3.663101751674752e-12	1.1093105674270891e-11
SC_RS38555	170.20059406997348	-0.9575008479504595	0.25962392740715623	1.3109057600260067e-4	2.1092339241614167e-4
SC_RS38560	505.5159830732179	3.526585237129197	0.2671203608637218	9.063518897165794e-41	9.857579402315719e-40
SC_RS38565	80.6645235134156	0.11697970689905247	0.2432720099464677	0.6210659143452357	0.6507161199746758
SC_RS38570	182.05735532360802	-1.0504326969982996	0.19605799907251992	4.392492188032609e-8	9.905271374480873e-8
SC_RS38575	21.546831968391775	1.0278366328502113	0.4231061030198501	0.008122526509410954	0.010953824155156616
SC_RS38580	28.68646164109568	3.5599360480623066	0.5794371485440822	2.2374422836345717e-10	6.052420909582294e-10
SC_RS38585	20.942605531283967	2.3907639838770933	0.5325782741865875	1.2112991517650981e-6	2.377460725343581e-6
SC_RS38595	21.780772761801025	1.0758681978277531	0.38663868356010656	0.0027111714483255994	0.003858748940349927
SC_RS38600	274.10516455444326	0.7633750697210153	0.24064622384155573	0.001062850871051489	0.001565926538088647
SC_RS38605	308.0991152145673	0.6040127765661031	0.24114543755934398	0.009782040422364443	0.013067530085962935
SC_RS38610	201.9876548663489	1.6276330745571697	0.24023463466835587	3.5518382946670945e-12	1.0769430750359849e-11
SC_RS38615	42.75753167561741	1.8609468458726233	0.353589531279638	3.774201242820135e-8	8.587152102608971e-8
SC_RS38620	30.46636597628785	3.1734319982856998	0.4903695635944825	1.5287509708861508e-11	4.471642070334977e-11
SC_RS38625	15.732234419097514	2.5840395492786383	0.5483971433824378	4.7149724247722774e-7	9.61244309103422e-7
SC_RS38630	26.028973327215564	2.164945758781115	0.42656670664355856	7.933028563613875e-8	1.7399807444404733e-7
SC_RS38635	217.36358080256855	-1.796152558730308	0.2095135453977866	2.2336320189698e-18	9.181049335497942e-18
SC_RS38640	53.775448394163874	-0.2702622520814385	0.2871524558166798	0.32666620530200974	0.3590455504392636
SC_RS38645	787.5137461831271	-1.008670803237488	0.20856848980673015	7.290919028551121e-7	1.4597674970550086e-6
SC_RS38650	31.809577208498624	0.01147882637824	0.31549143150322084	0.9715664455333735	0.9743412171036442
SC_RS38655	63.174926776432194	-1.5170293287786267	0.2663260614534085	4.4340672061695565e-9	1.0891676075381183e-8
SC_RS38660	14.579607063294706	1.2477226125334064	0.487498139306829	0.0042649536582664484	0.005930561620979971
SC_RS38665	25.763589415896565	1.9333525907567732	0.3942696859973177	2.2935541776486703e-7	4.824469946510333e-7
SC_RS38670	71.0072278227605	1.2871761536656063	0.254048286216505	1.7561858539539989e-7	3.7352507894597023e-7
SC_RS38675	134.78147768885088	0.6459372971194675	0.20773311746344916	0.0014571773772400845	0.0021227234254777524
SC_RS38680	154.2667158131907	0.6110221330635159	0.22587490426673545	0.00538260907211325	0.007399582270276493
SC_RS38685	56.634809725898	1.6786899244527427	0.3435742434973538	2.767973616451451e-7	5.767459013199491e-7
SC_RS38690	294.2484706798667	-0.0536573351775144	0.16522564951609003	0.7407797147053521	0.7635601923731152
SC_RS38695	107.51487523929872	0.9769315971431757	0.2507781008355779	5.624497528459358e-5	9.326522324007041e-5
SC_RS38700	228.56449606038814	0.2765839145270836	0.19666878691071435	0.15159763398214432	0.17529887925111057
SC_RS38705	328.99311375190047	-0.4086475941683817	0.17558582421158916	0.017899845012621485	0.023234194177622042
SC_RS38710	178.8116618979384	-0.7895991681229311	0.19247198632020923	2.77632345221132e-5	4.757752530003782e-5
SC_RS38715	155.26451498077077	-0.35279006275302593	0.20623101490784787	0.07976022359623698	0.09586827853278754
SC_RS38720	88.0172606155972	0.051203143011752876	0.257479704208834	0.8313714708316133	0.848588171603806
SC_RS38725	33.26350706122536	1.263787563779676	0.34652972608404486	1.0771575237567533e-4	1.743789150424215e-4
SC_RS38730	35.11720229483316	-0.215398799766547	0.3467967780489551	0.5075562707436239	0.5405430301073775
SC_RS38735	73.32530001881783	0.28189170374984934	0.2886818506776298	0.30934295495947334	0.3417882753777579
SC_RS38740	20.426465800852966	0.9322062287216588	0.4516512667886438	0.0211994232771944	0.02728177089808578
SC_RS38745	16.600021674910764	1.374487386144539	0.505229480895547	0.0022704915354088326	0.003248468098972591
SC_RS38750	70.3645407093554	-0.36389367260945976	0.2556073677910358	0.14046081300954752	0.16298316839219568
SC_RS38755	8.179203487229435	3.393076755801506	0.8490253170241356	1.065795084891862e-5	1.8988096052168618e-5
SC_RS38760	53.98723488675296	-0.781446502953623	0.3167236312817591	0.009367480898919322	0.012543272952357196
SC_RS38765	17.520456877816283	2.2067740796462956	0.47547678058669723	7.741386603216224e-7	1.5465994259581803e-6
SC_RS38770	36.06534180211237	1.5802690420964949	0.39857745386621696	2.2589952008321957e-5	3.8983923732592116e-5
SC_RS38775	11.023007701885575	1.143660914518189	0.5330155682472024	0.014206104595080048	0.018686374470945465
SC_RS38780	10.931252220441468	3.596078836224804	0.7842607713875659	9.599026235806457e-7	1.9032863528592852e-6
SC_RS38785	56.60205600891168	1.3048173385320234	0.3107088596570787	1.0952646196800563e-5	1.94801768102285e-5
SC_RS38790	10.468162203898368	1.1588901446844178	0.5734277716915291	0.018668559455350234	0.024180916462981313
SC_RS38795	41.03111002026919	1.22966165491476	0.31774014604098366	4.883702096028602e-5	8.136561061029126e-5
SC_RS38800	25.46386028698994	1.4022703958671914	0.37060343328556605	5.7758960367180235e-5	9.558226520367752e-5
SC_RS38805	798.1751292619697	-3.2802954826293993	0.1625983203280868	2.033962280701672e-91	1.027290264239324e-89
SC_RS38810	179.73607419075998	0.3340767052215465	0.18440240799031557	0.06559028176591841	0.07936703934064365
SC_RS38815	223.72529555432268	-0.5869338589457265	0.2275442708548752	0.00787670931494492	0.010633990202930032
SC_RS38820	297.536279716737	-0.9532147523506759	0.17321019088120465	2.1572996749650872e-8	5.0151096479169464e-8
SC_RS38825	136.4479433836155	-0.6462250085681696	0.24711408322494763	0.006750664860113756	0.009181003813810188
SC_RS38830	169.13394940740716	-0.8152413807777632	0.20967280961393947	6.612277378514685e-5	1.0886120426248557e-4
SC_RS38835	591.4654015650644	-0.7852630271359821	0.20725027817757147	1.0332126453366596e-4	1.6741177865771322e-4
SC_RS38840	93.08846485659203	-0.10597482676430577	0.2817809433084962	0.6924518293711269	0.7170537550600604
SC_RS38845	218.15141228119674	-0.4618280378607905	0.17812862791463	0.008301528413025993	0.011180907857105694
SC_RS38850	520.036768065269	-0.29440592995330905	0.16030565917424194	0.062412352457846945	0.07578275761965476
SC_RS38855	37.265018091747514	2.4718791533014635	0.3642558565154914	2.2419519632057406e-12	6.874076414419597e-12
SC_RS38860	140.95996258304908	3.5540025976910816	0.2851568618165909	1.9822685577504042e-36	1.8068292144439408e-35
SC_RS38870	32.691449646591245	2.112681644072489	0.39284442825534005	1.6227415039146313e-8	3.80683384321926e-8
SC_RS38875	51.715252785404594	3.0906843308293928	0.39319024570619715	6.423236964062701e-16	2.343639256457118e-15
SC_RS38880	17.419434637164553	4.276538559383778	0.7218749122615121	1.301901926460465e-9	3.332254358111582e-9
SC_RS38885	27.269412777707114	5.315226593177379	0.7924613825621606	1.2405100278344508e-11	3.650247783420287e-11
SC_RS38890	24.019803067929686	4.13189896631084	0.6406114581569013	2.310717941965387e-11	6.679433204254318e-11
SC_RS38900	19.295589693936993	4.419610485121837	0.8550452784110483	5.625159131733965e-8	1.252791405539301e-7
SC_RS38905	47.37824410454509	4.0250342600402265	0.4692398464695321	1.9216639163012565e-18	7.916396490952773e-18
SC_RS38910	51.88392057702764	1.1772521834905127	0.2781065265341402	1.0965363091536185e-5	1.9498091979018042e-5
SC_RS38915	10.424611933985291	3.472049779422296	0.796220934133355	2.926995720512935e-6	5.538533857598764e-6
SC_RS38925	312.6235675568019	2.204880049544047	0.20349767390458892	4.069844530871509e-28	2.5804843998836208e-27
SC_RS38930	266.470652971044	1.6789991476100783	0.23510597017490495	2.4423888454390776e-13	7.847570956979416e-13
SC_RS38935	226.70769318002039	4.847737156871839	0.5779410853297555	3.485906594214123e-17	1.3543243006182793e-16
SC_RS38940	11.818903270067771	2.36091657970039	0.6573754711117097	5.562397159714507e-5	9.231851599310101e-5
SC_RS38945	32.2071988313053	1.0714813992092602	0.3745176191423969	0.002142354411189454	0.0030716938417482084
SC_RS38950	124.27346771761995	-1.4985933502919062	0.20678393463417258	1.3523520356972643e-13	4.428172251879053e-13
SC_RS38955	16.722894415060367	2.509066077492529	0.6113792554268639	6.3025581785100105e-6	1.1523695514091945e-5
SC_RS38960	22.41659520686858	2.07967789217931	0.501064551339483	7.090014763355498e-6	1.2896341604583977e-5
SC_RS38965	26.33177337207792	0.15147897923111608	0.3368006273183524	0.63478888944244	0.6642448234352991
SC_RS38970	35.94362347275816	0.5218079687499536	0.31973364499037826	0.08531794486862111	0.10218199211648728
SC_RS38975	43.89969721283337	1.6955383403601676	0.3155233127154814	2.358996779981533e-8	5.465046263142892e-8
SC_RS38980	88.23744124559737	0.6780926591342543	0.25480753574141346	0.005760006847825211	0.007896317251508293
SC_RS38985	127.63151076096607	0.2179923947396928	0.2137342693795137	0.2971785444793839	0.3287913858951203
SC_RS38990	93.54456606146178	1.5801418051308453	0.25443891040218036	1.778003652997749e-10	4.845158513379676e-10
SC_RS38995	299.4968555639543	1.341737812449032	0.20479103351675995	2.2924635760356934e-11	6.63186599046183e-11
SC_RS39000	153.56205267407307	-1.226677877835928	0.22957126461344513	3.7917869817959326e-8	8.624502530463667e-8
SC_RS39005	175.4193091086984	-0.9864671638261202	0.19804718388953904	3.4815492929067883e-7	7.177227980401078e-7
SC_RS39010	161.99516899006292	-0.4179097394729559	0.19151292188184502	0.02606520640450438	0.033201732946418254
SC_RS39015	112.97523953924924	-0.9206109619379202	0.20837949346199888	5.911711129966346e-6	1.0838627019485787e-5
SC_RS39020	62.26462237101493	-1.0603086092180058	0.24432353517269673	7.415459038839429e-6	1.3468373140985702e-5
SC_RS39025	69.90702771869768	0.2564937161328378	0.24658587940394786	0.2837149172800538	0.3146982250335615
SC_RS39035	352.897833284476	0.9966378566856672	0.24355338867954968	2.372817776156064e-5	4.0881210937791624e-5
SC_RS39040	84.09513444346042	0.4691222295731484	0.25133453331234423	0.0550213673530502	0.06735185306464014
SC_RS39045	53.98411463309102	0.4963745549241564	0.2755269347357776	0.060706439327711303	0.07385658911933934
SC_RS39050	58.27638382965775	-1.2804647932105957	0.3116972658468974	1.6941932535571986e-5	2.9590196711820894e-5
SC_RS39055	18.870727337922393	1.6641743130563957	0.5046593882954774	2.690276383424611e-4	4.211016355630032e-4
SC_RS39060	42.60627027112394	1.8009215021981202	0.34996376700203896	6.415143661333107e-8	1.4188743058989302e-7
SC_RS39065	18.401595568468338	1.14482493874722	0.4769908360379756	0.007589310536547202	0.010276088119078052
SC_RS39075	37.6474223252586	3.92978318927812	0.5157350867985652	4.277275931215324e-15	1.4976558744910635e-14
SC_RS39080	11.389028499943999	5.900646152751622	1.3554994106724891	6.744844296077802e-7	1.3526375262245776e-6
SC_RS39085	14.784436697628422	2.521472482003956	0.5572874455540097	1.0389338183764684e-6	2.055015551692081e-6
SC_RS39095	14.205918046260313	4.289134015056074	0.8081023744369606	3.938237518753063e-8	8.943813816841726e-8
SC_RS39105	15.8293363051597	5.207266220652598	0.9164364281259688	6.74237101473105e-9	1.6295720702270327e-8
SC_RS39115	15.070201096289319	1.960059656209365	0.6376046305902721	4.191845336838195e-4	6.422328592114035e-4
SC_RS39120	164.71427811093008	1.0551304648898663	0.2233709794791599	1.2048127737394813e-6	2.3653592634597805e-6
SC_RS39125	18.612224315469113	2.3682058908187664	0.4897721783094229	2.4232683101419327e-07	5.07935773706271e-7
SC_RS39130	10.853524810052392	2.6970469409614832	0.7074636208335552	2.850245279623552e-5	4.876498536413938e-5
SC_RS39135	19.419081543342596	8.704315881160252	2.646029320287048	1.5720519771982048e-10	4.3030108685447517e-10
SC_RS39140	12.174350780877171	3.5103746600364403	0.7495650061281609	4.2584506696805364e-7	8.722726455062299e-7
SC_RS39165	9.177210902969318	5.544747255223838	1.3294871036096023	1.6530834697477308e-6	3.197753805330474e-6
SC_RS39170	69.21153460745899	3.2513221334200293	0.42323386976634025	1.7285094130999396e-15	6.193405448104448e-15
SC_RS39180	24.104738058346538	3.547035039341498	0.5891828502231311	2.546207054290411e-10	6.862474714304639e-10
SC_RS39185	17.587745858190836	1.7358724958186873	0.5368639081222467	3.250247072315903e-4	5.045751981317361e-4
SC_RS39190	35.296357655353034	0.4766724986799069	0.32608170215264093	0.12266526448423047	0.14344016179935226
SC_RS39195	1789.038542514814	1.2089850899079646	0.2233098075602994	2.8394010250749896e-8	6.512517312255979e-8
SC_RS39200	2010.0312696997664	1.508651951302557	0.2418216984626797	1.4813073642618886e-10	4.0621645608282507e-10
SC_RS39205	1375.9989051198008	1.8589213065845271	0.22549239229824972	4.0223661666937206e-17	1.5594599428601206e-16
SC_RS39210	17.343199918584403	-0.08668188394371297	0.39267229062922476	0.809446338439733	0.8285476540331193
SC_RS39215	206.07619441680257	-1.0282324188621739	0.1882099327006066	2.5040988870731598e-8	5.784844985362619e-8
SC_RS39220	90.50464391615998	-0.8335008119963089	0.2522190721854706	6.313161813587759e-4	9.494851155087933e-4
SC_RS39225	1443.521854908843	-1.1463326576147392	0.1995612152329703	4.391264341694905e-9	1.0793727751886077e-8
SC_RS39235	31.35617242881752	3.637913205689533	0.6104755551399819	2.848903466908972e-10	7.653119914384976e-10
SC_RS39240	33.51498105721109	2.144155950818144	0.5061920277970088	3.93630473062736e-6	7.335433683003829e-6
SC_RS39245	19.583960005941023	2.1273619489922027	0.5072616770731728	6.138842524129256e-6	1.1243871031527356e-5
SC_RS39255	13.659594758133599	2.0536972378848324	0.6197503818266874	1.7152406493449053e-4	2.735334028604959e-4
SC_RS39260	36.921659828257496	0.9611257007812416	0.322560430216993	0.001673222599746156	0.002425942479458937
SC_RS39265	55.336367838996495	1.901683244615022	0.28493705486940407	6.567017450235252e-12	1.9613279334967497e-11
SC_RS39270	19.46031886039151	2.6118070493471	0.47824064905205504	9.309784243259954e-9	2.224573849961079e-8
SC_RS39280	24.20639668029972	2.861786112635902	0.5345809020236082	1.1514708230199312e-8	2.7372488230009585e-8
SC_RS39285	19.267219088348117	-0.9075605284984151	0.4481272273715025	0.02470986834843612	0.03154615117752215
SC_RS39290	121.32249633849185	-2.5548586957204944	0.24962811208768412	2.8148358555893177e-25	1.5594991975212149e-24
SC_RS39295	72.59528733818725	-1.8392346166825924	0.2613364249387177	5.428905508323696e-13	1.7181437432780657e-12
SC_RS39300	28.613018831570685	-1.6108179616996399	0.3449314017315464	8.875225867536917e-7	1.763565495748241e-6
SC_RS39305	16.276794246814326	-1.7062849063621193	0.46024452637479574	5.619596340498885e-5	9.320491096454965e-5
SC_RS39310	27.360730637212512	-2.262461983938928	0.39494299309287506	2.2675894605158167e-9	5.6991154334845366e-9
SC_RS39315	161.6213915651823	-2.714085580001299	0.21777455862479733	2.52231734974213e-36	2.2821555996317138e-35
SC_RS39320	20.721944043018848	1.7869401876590587	0.4917210509814873	7.358776715408438e-5	1.2071995439248459e-4
SC_RS39325	40.13622133611857	0.4021801767697	0.34389240717360636	0.21342402948109138	0.24160098148504267
SC_RS39330	73.4613915847568	1.7110855396391829	0.4034188986203472	6.501328611015571e-6	1.1863597420843557e-5
SC_RS39335	18.13343509713849	1.4666566116020385	0.49304309710827227	9.696997403364151e-4	0.0014361449859893
SC_RS39340	484.1247659478045	0.42002085796871025	0.21266678163711544	0.043179738239790516	0.05352284245759207
SC_RS39345	171.94366429490765	-0.41842148949328684	0.25045532522083536	0.08377651401163382	0.10043375293802435
SC_RS39350	20.345947665146127	1.2307968007693946	0.39372786560712236	7.750489456371293e-4	0.001156925288487488
SC_RS39355	111.91115909499194	-1.6974437143118528	0.21639261020744596	1.1141317674319869e-15	4.031210820924176e-15
SC_RS39360	23.384753119842664	3.249627611659361	0.5451316461682206	4.275137788584077e-10	1.1339879875186685e-9
SC_RS39365	10.405466093949693	2.862746892992771	0.7140435160355656	9.633904894399792e-6	1.7226874967000404e-5
SC_RS39370	19.863421275000178	2.181349606858178	0.4562852622553667	3.654953956945528e-7	7.517888557466199e-7
SC_RS39375	19.708713154636573	6.169661674840319	1.283314512360328	6.240167962353602e-8	1.3820679137719827e-7
SC_RS39380	24.457538554879054	3.280377158461083	0.6029655407677712	8.555586685291691e-9	2.052338848970102e-8
SC_RS39385	32.89203264349022	2.5896976388601445	0.4032746541188214	2.6842826371648667e-11	7.731992252520987e-11
SC_RS39390	22.040357668366823	2.47802185838156	0.5085765289813967	2.0496482628387982e-7	4.3306894814250143e-7
SC_RS39395	22.757094381847445	0.5637026472354434	0.39665967201897984	0.12398070416178504	0.14481763226500918
SC_RS39400	71.72711470470026	-0.10662845263372113	0.2431520708568918	0.6509153951276294	0.6791920367441828
SC_RS39405	71.59836157467294	-0.4278755569630242	0.2644858657455874	0.092919413293532	0.11067481079413743
SC_RS39410	53.99309573409897	-0.3916612304926248	0.26487878299143164	0.12557690608646718	0.1465660185947466
SC_RS39415	97.02848226827594	-0.23515179709063236	0.345307378927818	0.46584081791357196	0.4991441719405231
SC_RS39420	620.7887716138616	0.3731241719395475	0.19635239797660897	0.05268038627907361	0.06464722390112977
SC_RS39425	127.110508458353	3.405903699571244	0.3133306889838077	2.1544232323729805e-28	1.3850668627304584e-27
SC_RS39430	18.800721455211416	2.140532690134598	0.47080467168096074	1.1910623496316829e-6	2.3396094209334124e-6
SC_RS39435	36.70819012228859	0.7277374444271136	0.3207605641092597	0.016506117944825278	0.021508413805467683
SC_RS39440	25.812450782395572	-0.09096394804429073	0.3272966884125303	0.7675604151564408	0.7891788206028437
SC_RS39445	22.97095797774821	5.3286878910368936	0.8584402059685908	2.023847997385992e-10	5.494792022357992e-10
SC_RS39460	10.741402932986343	4.108054486619137	0.8687601668430587	6.254396774600488e-7	1.2601071534399998e-6
SC_RS39465	35.60413121977886	1.8867488379042798	0.3844868688161692	2.4335384508100016e-7	5.097986515986634e-7
SC_RS39470	63.05023228378189	1.9388475590830543	0.2988121654697256	2.13662458254461e-11	6.198060453062137e-11
SC_RS39475	11.030322035706973	1.3201869733956852	0.5630000772062386	0.0067544723859428914	0.009182794869827227
SC_RS39480	36.57589484210408	0.7372562834686497	0.33859387833115945	0.020634993820701154	0.026592527863308336
SC_RS39485	19.58821987657478	1.5053727618320256	0.5245627664612642	0.0012481398564542605	0.0018265098832097077
SC_RS39495	31.329360075027278	0.9635118978782213	0.3942006260219788	0.008249760932871018	0.011115245225468827
SC_RS39500	182.5142503713479	0.41751840541306856	0.24705900307837866	0.08166956139367486	0.09803538103808537
SC_RS39505	252.15617524736166	1.508719756105827	0.2552500727893813	1.1070236964453833e-9	2.852268601533283e-9
SC_RS39510	30.473357693130602	0.3358913873376113	0.3131104896952269	0.26083631548555275	0.29080843519662325
SC_RS39515	70.71510388946069	-1.247409995673647	0.2547765339718983	4.5654053315193305e-7	9.320403907703085e-7
SC_RS39520	568.9768586331827	-3.6888924927723696	0.19715796371265853	6.247261357774959e-79	2.1426653605689557e-77
SC_RS39525	171.52079481568472	-3.323408611948468	0.22537743529527038	3.6674623829370118e-50	5.741797794432595e-49
SC_RS39530	121.9153173213328	-3.3488905662800676	0.26413889973916027	1.3135369385779815e-37	1.261200701181515e-36
SC_RS39535	360.3766825923779	-3.477343799119677	0.20920648664190744	7.017056413803288e-63	1.622061880733086e-61
SC_RS39540	435.3278292581474	-0.6947252620995471	0.18351668142918315	1.1463859373209272e-4	1.8513906924670425e-4
SC_RS39545	714.4957298792319	0.45520686348224904	0.18145776404544953	0.010626730616636763	0.014160012932251446
SC_RS39550	123.59004279512094	3.299462342535485	0.33661947099187683	1.66505026550064e-23	8.574078671649245e-23
SC_RS39555	170.51671642914613	3.736007239802099	0.36419306220504144	2.8473294957099606e-25	1.5762918694718655e-24
SC_RS39560	881.6482365940071	3.631714827105416	0.2554479877665164	6.150264770588423e-47	8.57316680875596e-46
SC_RS39565	116.21793231008253	2.7044942756251937	0.35614640051289814	4.615080470630669e-15	1.6113448575014466e-14
SC_RS39570	253.31658071034158	3.0215942632961776	0.2955648804663288	1.945459197205988e-25	1.0859815382435242e-24
SC_RS39575	71.72502291167378	2.58987940135482	0.36679964754193733	2.964857610540225e-13	9.489088550400878e-13
SC_RS39580	187.17206514317655	3.0333711108703105	0.336606127717277	2.093491891394354e-20	9.482438087925041e-20
SC_RS39585	22.196699498222884	2.6069313835307666	0.5041284560247875	3.874837672770933e-8	8.802542513559106e-8
SC_RS39590	31.993268760305924	1.6687549613701005	0.4004874710773708	8.568480830963336e-6	1.5422010653532743e-5
SC_RS39595	68.91212626486416	0.3778725749654203	0.23783116300432858	0.10217390661418789	0.1210913512332082
SC_RS39600	79.60104829411642	-0.3717252510587978	0.24278303948727026	0.11430287824570959	0.13434322986672975
SC_RS39605	103.24419019878793	0.30886415928057975	0.2259397233894295	0.16079650894454642	0.18529668025583454
SC_RS39610	1926.5678918884244	1.4130999763142693	0.21058388636250291	7.252753967863764e-12	2.160008390913869e-11
SC_RS39615	9.926493755067554	1.4179399681823226	0.5714273755140306	0.004334113885170085	0.006019920095920929
SC_RS39620	27.325912688368057	0.8530167632238758	0.4523963528802667	0.03586864190610022	0.044936351582667865
SC_RS39625	32.247255310112386	0.27451811801421167	0.3126217016904	0.35763915286168874	0.3906430326177
SC_RS39630	46.43698205599872	-0.4001768385477974	0.28421922330861993	0.1422270212091643	0.16498065980751575
SC_RS39635	11.978513517332198	3.278938978402796	0.689144494116708	3.253073107024494e-7	6.725024135463588e-7
SC_RS39640	14.199140531702165	2.200955484464336	0.5523586845080797	1.3167444642541871e-5	2.3201131850442955e-5
SC_RS39645	21.878641832569926	2.6611650914317497	0.5055447301438287	2.132798921668285e-8	4.959715940833155e-8
SC_RS39650	38.108909151859365	0.17458528199078358	0.338971938107183	0.5875995421072904	0.6183757704437219
SC_RS39655	15.072525008590889	0.7676844422389268	0.45038422415812246	0.05829672424120668	0.07108980396141196
SC_RS39660	22.81879999353929	1.5635728866275602	0.48578131123724283	3.8534306438249376e-4	5.929715686052815e-4
SC_RS39665	29.560871616990458	1.364110135343049	0.3514146122406879	4.1086721819556315e-5	6.898303431179605e-5
SC_RS39670	12.855080784126244	1.0434969297812158	0.4878007135023983	0.0160188458457445	0.020914123453703956
SC_RS39680	13.944067614804702	2.459036924815143	0.5895802685792475	5.222318364170447e-6	9.608127649050118e-6
SC_RS39685	21.328421863392677	0.5963071521598208	0.4298021311488503	0.12689717182766824	0.14791965618988706
SC_RS39690	78.80169155127737	-1.8888032593720379	0.2789758500601042	3.234901910616083e-12	9.832715040759685e-12
SC_RS39700	19.646300013402506	4.324657878133977	0.6827020875422329	4.90379350775646e-11	1.3918619448112446e-10
SC_RS39705	22.629295270569198	2.8195716165930382	0.522596789445113	1.0563004674072515e-8	2.5166913236384722e-8
SC_RS39710	131.91292473605256	-0.39345315925693153	0.20364790259161764	0.048292880827498816	0.05954049543922024
SC_RS39715	18.994813226869574	2.2908185043492573	0.6125158369392669	3.0395184039872266e-5	5.1858881793155506e-5
SC_RS39720	14.216217922873003	3.9402298374765286	0.7273398270173533	1.4463215552579872e-8	3.41067321665251e-8
SC_RS39725	12.341477174377149	3.879167962621551	0.7795580513417506	1.5530075881343419e-7	3.3165010005510095e-7
SC_RS39730	37.010197518571516	0.8402680449024531	0.3716500334482194	0.015164402381466437	0.019858338334387052
SC_RS39735	73.83016658090703	-0.553136079354178	0.27946325470153804	0.039350418735078656	0.049056633601431955
SC_RS39740	15.260948381837757	1.7794510067050089	0.532744518740728	1.9752601105173402e-4	3.131706741551251e-4
SC_RS39745	83.92257041451802	-0.6448271277471278	0.2447396712294914	0.006535419878064721	0.008909629539813136
SC_RS39750	2729.877198122594	-1.2808224256992404	0.209523674098494	3.090117640393494e-10	8.279988183234603e-10
SC_RS39755	1627.5681942957826	-1.2406393510594178	0.2254127046540443	1.585665277249019e-8	3.7249747545187206e-8
SC_RS39760	29.5815948153098	0.4198050982274655	0.336912529939924	0.18745364014682053	0.2141082934390729
SC_RS39770	16.164024013329588	1.6506022957463813	0.48725020495423194	1.9788361741834685e-4	3.1367020525427554e-4
SC_RS39775	11.991338727117036	2.1599053739511955	0.5889187639146756	4.8310408316529496e-5	8.054283312821354e-5
SC_RS39780	2415.1161137734434	-0.07620369572414273	0.22292864173061655	0.7238417067864227	0.7473549070068722
SC_RS39785	437.4812667729509	0.3013254447833828	0.18616601752528317	0.09947130261399899	0.11811616513295146
SC_RS39790	64.74649616617761	-1.7076714164832665	0.2628578546963707	2.21675304972847e-11	6.420399445678609e-11
SC_RS39795	47.46950677607194	-2.5448481419973437	0.36299328806512454	5.135849718121843e-13	1.6288927235023858e-12
SC_RS39800	40.07547445875438	-0.9534105026320933	0.34824200506741065	0.00359952779304772	0.005045222951137405
SC_RS39805	42.98600322477381	-0.22876014051704854	0.31217593503442936	0.44118671089618655	0.4748665605237892
SC_RS39810	188.34019974732223	-2.0494231166642707	0.2019404586538027	8.880577699676748e-25	4.8045032984164594e-24
SC_RS39815	27.756046304187738	3.705760798620698	0.569152776360763	1.3077552216168722e-11	3.838927947532968e-11
SC_RS39825	24.68181824598957	2.6651455777361415	0.47436553298472667	3.1369264542693566e-9	7.804215814366475e-9
SC_RS39835	21.471395846928417	1.9254437554738428	0.5289141353861192	6.232133682710999e-5	1.0280929256445393e-4
SC_RS39840	14.968733883243601	1.427413794647503	0.529197872011513	0.002361568617586347	0.003374846315132117
SC_RS39845	26.24475291154711	1.5962745053963157	0.40196500340420516	2.251009846712937e-5	3.886106862689344e-5
SC_RS39850	41.980551970679144	1.6827129235747769	0.3222354062616527	5.2574225007291856e-8	1.1740833894723506e-7
SC_RS39855	13.015499129725157	3.2092981546798653	0.6904440419087159	5.355723060518342e-7	1.0870658367261837e-6
SC_RS39860	10.655396040670837	3.2366340669899367	0.7979742997737728	7.802322444831226e-6	1.4132725548559436e-5
SC_RS39865	55.01441531112171	2.343309356855783	0.3255739366372472	1.0748796191127667e-13	3.546381347354605e-13
SC_RS39870	36.738945836827014	3.5267931028320443	0.4428342565320156	3.5881752573640317e-16	1.3236220284043206e-15
SC_RS39875	14.219616472812366	2.2899567089638735	0.5577186777494157	8.452716609352519e-6	1.5232241514507692e-5
SC_RS39880	10928.374301404187	6.131582947095116	0.2104599749814788	7.58914629214907e-188	3.730824317220483e-185
SC_RS39885	58.527220080745664	2.954551679180686	0.34002474213738537	5.336807995620834e-19	2.23981913259579e-18
SC_RS39890	46.216093540380975	1.6110743674664483	0.30883298435919465	5.564604597929572e-8	1.2400542249964539e-7
SC_RS39895	119.64242186486857	0.12368319905342706	0.23215942720948265	0.5853582658511264	0.6162644627103304
SC_RS39900	252.4860478526458	0.7270521738471045	0.2136889742443967	4.883170227016868e-4	7.425963550014928e-4
SC_RS39905	73.39785425782685	2.1924804993909333	0.2874593272340692	4.575559835384442e-15	1.598303089821169e-14
SC_RS39910	54.33928859814386	1.7382162647111954	0.3258825544521571	2.9419247720096384e-8	6.74137764723402e-8
SC_RS39915	24.094636190515427	1.296968625400955	0.42149218947711564	8.604051105093556e-4	0.0012799328797450048
SC_RS39920	15.888494035597326	1.24682524718077	0.5670182344020602	0.010838653914253201	0.014418948938066589
SC_RS39925	12.630468889545934	2.310258894539584	0.617168032824014	3.595841621095876e-5	6.08509206419641e-5
SC_RS39930	17.89656596626762	1.6795492871626598	0.5131496851453893	2.8876655243188846e-4	4.5018278174053817e-4
SC_RS39935	27.51729036106875	1.5674276351763645	0.4139275679058637	4.9496938201495505e-5	8.242782798053926e-5
SC_RS39940	32.16046034021493	0.4333674986477431	0.38879381819178965	0.22940502750480482	0.25794514832984516
SC_RS39945	295.4881588863555	0.0902320156291837	0.20286264062660805	0.647576845415798	0.6761868674732504
SC_RS39950	345.97191862579547	6.010713860230977	0.6591335068369834	1.3357346686499335e-19	5.783738958675637e-19
SC_RS39960	55.42686246362027	0.6586713794357262	0.2814226453122185	0.014668644458861738	0.01925700271312915
SC_RS39965	23.21141227022939	1.27662783671605	0.38917586929712084	4.412765471112919e-4	6.738399789601711e-4
SC_RS39970	395.30365607935823	-1.7432923758840873	0.20549785719757474	5.1263276926726015e-18	2.072452873123233e-17
SC_RS39975	16.765160801439283	4.693537411548169	0.8150979765203277	2.971991810504532e-9	7.4189125289981104e-9
SC_RS39980	6.774203071392268	3.771852411673926	0.9842257102006132	3.0442319258136313e-5	5.192728711762599e-5
SC_RS39990	35.75313937212243	1.2763695953238576	0.3987400568579125	5.607117945390642e-4	8.479673447356562e-4
SC_RS39995	49.74513901561699	0.5167342794133788	0.27026684026825154	0.0472628042095717	0.058358325224611804
SC_RS40000	32.73788102303895	-0.3636449241454683	0.3079761953078945	0.21382195433066645	0.24201428875431075
SC_RS40005	66.96882890641484	0.15206067829848582	0.25116921039971574	0.5338477193122666	0.5666608726369158
SC_RS40010	68.34612382929788	-0.3609268972035273	0.23648598815442204	0.11553994422391628	0.13573228432486198
SC_RS40015	24.381549312359663	1.9799698749813708	0.47603912609516913	6.8564928089902405e-6	1.2486979000615962e-5
SC_RS40020	11.854836769623493	2.8648401554629186	0.6813534610249576	4.560294135589342e-6	8.442784071261815e-6
SC_RS40030	9.474943823870015	2.8211949878188936	0.7460668805765621	2.6467992859552927e-5	4.5442370045714384e-05
SC_RS40035	15.607230589008513	1.5983148927404138	0.5276430870073805	7.177514150230246e-4	0.0010742234492347846
SC_RS40040	68.99165613687369	0.30049755646401405	0.24305048806260313	0.20365720407299298	0.23157567044475716
SC_RS40045	18.348919595101727	1.279678432897872	0.45851757293498585	0.002067763001658925	0.002971678887981468
SC_RS40050	28.39276367270964	1.045757519706051	0.4159422832273006	0.0061626004705837845	0.008423172543111182
SC_RS40060	112.39303931736374	0.26848749036160413	0.22805206022276225	0.22822155469673858	0.25685374608268474
SC_RS40065	30.97364105103598	2.5948420426211043	0.3969350371032126	1.180077338932999e-11	3.476584217855347e-11
SC_RS40080	21.72945365694358	2.9162683108278453	0.5077713498680814	1.71231544556944e-9	4.343520500732388e-9
SC_RS40085	21.853534003461533	2.838034020476371	0.5033558278299111	3.1001736671825005e-9	7.72581298472584e-9
SC_RS40090	20.881295594618344	2.2741188477878542	0.5734200533785725	1.4414998040227698e-5	2.5332744411019793e-5
SC_RS40095	73.51221370403684	2.1512404853954874	0.2836142668041583	7.665689578307209e-15	2.6575832134667305e-14
SC_RS40100	202.27152632004297	1.6244215710408043	0.2020606931752005	2.662705110925304e-16	9.871688028136346e-16
SC_RS40105	83.03361993520699	0.09829104101160706	0.22503257688451858	0.6555107139440282	0.6836967474714658
SC_RS40110	110.6167618248971	-0.37318658960643036	0.2028166211323622	0.05985923691581647	0.07285063756679826
SC_RS40115	83.34763160581556	1.154404071533161	0.23295604229609343	3.5828113573152136e-7	7.377729949411445e-7
SC_RS40120	105.23132663241063	-0.737952128428868	0.24341088492622573	0.0016990515367106284	0.0024614550160519007
SC_RS40125	101.33549806821117	1.8728956104459875	0.310173309864113	3.6663514849964703e-10	9.784898968644217e-10
SC_RS40130	85.290041460485	1.5940616278183863	0.415543679652334	3.9001907987703655e-5	6.576722375973628e-5
SC_RS40135	129.28446248198276	-1.1291375783734383	0.1972120587908881	5.279232394812692e-9	1.287336629608095e-8
SC_RS40140	110.79845476150314	-1.5278916701673582	0.23099125791131722	1.1644644962520795e-11	3.433331145686859e-11
SC_RS40145	13.032693765823751	1.549904806448289	0.5495297911127877	0.0014245794213940698	0.0020772886401739907
SC_RS40150	43.935105210242845	1.5351601438972016	0.3125134525438346	3.08487228994227e-7	6.391640423162208e-7
SC_RS40155	31.4806075088575	0.8231842985279629	0.341424530904913	0.01050750404178614	0.014011272116479385
SC_RS40160	14.270298311592942	3.0326094347411985	0.6816219569132144	1.1924907401488337e-6	2.341791402891478e-6
SC_RS40170	21.796149278329533	0.8158068605563336	0.4361020787356563	0.039205973796648294	0.04888482427739001
SC_RS40175	34.1203920032755	1.0260720253888167	0.35342642169603405	0.002000308024708899	0.002879787460797232
SC_RS40180	43.313912693698434	1.7408346464759918	0.3228178576726926	2.1059175300825958e-8	4.900295319289701e-8
SC_RS40185	47.2704511210209	0.9622741991426765	0.27555995481755613	2.823711541370916e-4	4.407715687144186e-4
SC_RS40190	69.56757624865848	0.9842005420254499	0.3011449106398714	6.30812430747387e-4	9.491718446922573e-4
SC_RS40195	74.1867192186532	2.1523827341377677	0.3330905342443036	2.1417914441734807e-11	6.210605626950549e-11
SC_RS40200	38.45355625652586	1.2751853127638062	0.3291980781043542	4.507943991681616e-5	7.536064156576793e-5
SC_RS40205	75.84923974882825	-0.11614886825557176	0.24182310733810758	0.6206297313321534	0.6503515189488843
SC_RS40210	40.055176377054295	0.9462689420346108	0.33046212598505803	0.002478398236705151	0.0035390605339782697
SC_RS40215	165.8105540861542	0.1299138103796951	0.1960983414465207	0.5004309674026701	0.5337254778170798
SC_RS40220	104.99629873826022	3.4154902911775653	0.29737182906780946	2.9215237883884805e-31	2.1330016253046195e-30
SC_RS40225	93.75043337350361	0.3753898679571031	0.22687414973620865	0.08954007478895279	0.10694339350400678
SC_RS40230	43.887346581657134	1.1419492125882518	0.33651209196985693	3.424066372085417e-4	5.302197695875233e-4
SC_RS40235	39.091191261015425	1.8089537983380044	0.36883337944842826	2.3598428008765747e-7	4.956274797397852e-7
SC_RS40240	31.873693904586712	2.9742867053816426	0.4723331171258203	7.50288514521348e-11	2.1004660235688765e-10
SC_RS40245	20.40162621634185	1.7567286810722724	0.4634635579006549	3.9034133614911276e-5	6.580651606683945e-5
SC_RS40250	60.32258223552084	0.7280809855465262	0.34250192400874113	0.0235939053617028	0.030189390618982553
SC_RS40255	46.86570144490756	0.9527079754616173	0.33941786666630075	0.002815043373468532	0.004000410452101937
SC_RS40260	665.0197290675206	1.1500959992062634	0.2554748459057136	3.294125737545068e-6	6.193493928775454e-6
SC_RS40265	273.25831551978314	0.586117500397437	0.2639078184267099	0.021118012681993283	0.02719123895879491
SC_RS40270	324.9513029187816	-0.7286377640972431	0.20060281385475554	2.0344484630851627e-4	3.2186534128563973e-4
SC_RS40275	102.78980876855648	0.1866745337374422	0.31246142650189523	0.5292140276728801	0.5620602803137623
SC_RS40280	355.56443019196973	-0.035831105834536116	0.23038459242898435	0.870636059498151	0.8837497202241757
SC_RS40285	118.60384371824327	0.050026254134974586	0.25673313214218213	0.8411369166104313	0.8575340278010951
SC_RS40290	7.365921630000561	2.086582539684143	0.8755748378138287	0.003492104822374198	0.0049021094536811985
SC_RS40295	10.706551931653616	3.0401854252176372	0.704616316651252	3.30239347628303e-6	6.207455899594969e-6
SC_RS40300	16.165732601574486	2.170591936337833	0.5258851195857929	7.89606864289721e-6	1.4288493293920007e-5
SC_RS40305	95.33694164731396	3.0212571286120244	0.28978715991072945	4.180098763628497e-26	2.419470037911816e-25
SC_RS40310	128.95620457003488	2.5685307793165943	0.23811717828635043	6.5393844971992855e-28	4.096977169273367e-27
SC_RS40315	58.34120832774636	1.0811164263663906	0.3222631695548548	3.968022917018166e-4	6.097145444903512e-4
SC_RS40320	24.082739495570095	-0.0612700664688689	0.3725064795745737	0.8573035910197546	0.8717259625178807
SC_RS40325	85.02347314500128	-1.0086650836075701	0.22510731331216663	4.119428795919655e-6	7.655410267417223e-6
SC_RS40330	13.357916170831594	4.744859749862379	0.9140750148674732	8.937112764497627e-8	1.9497712877338907e-7
SC_RS40335	25.66686750830383	2.6082919046660065	0.4457909031832294	9.767059327393456e-10	2.525325928478238e-9
SC_RS40340	105.46501543701477	1.085261659323324	0.2603623165958516	1.5314243718672864e-5	2.6842698640716353e-5
SC_RS40345	312.65874461498424	-0.043762230537879365	0.22771052297647337	0.8420341977639841	0.8580964012066498
SC_RS40350	4316.448081861789	5.204019718766573	0.2930736593904326	1.8108906140478665e-71	5.195917271591038e-70
SC_RS40355	600.767997579399	0.5470920999549773	0.20819108128366004	0.0071252973293497975	0.009674450839003021
SC_RS40360	52.37798921679976	2.282641875885808	0.32303351505036376	2.9992888439168394e-13	9.5951218807127e-13
SC_RS40365	276.5046673100477	-0.4658389229774043	0.170555662961683	0.005483743206897451	0.0075315929237589506
SC_RS40375	54.160716072952575	-0.08655607079847526	0.2757320380419663	0.7424108328622351	0.765027596635847
SC_RS40380	27.485344969510802	0.8814111334731817	0.3422060125796603	0.006204550827438471	0.00847579803659342
SC_RS40385	105.95494467072169	-1.6443899261497115	0.23350885621993112	6.193692095716859e-13	1.9534767114549235e-12
SC_RS40390	51.52075864178431	-1.451855193522515	0.27591903111261834	5.1980425892721805e-8	1.1611743730170573e-7
SC_RS40395	29.21614855792039	0.6771757277761206	0.3810402368203095	0.05571071640669541	0.06811653503282573
SC_RS40400	28.328637979162384	1.364201246489858	0.4265957385897967	5.134067040575003e-4	7.794649033806893e-4
SC_RS40405	9.786395377678637	2.2946870648786923	0.6654050931933564	1.1070769018840176e-4	1.7906525717246646e-4
SC_RS40410	8.34562780439517	1.2242503259696027	0.607546672883509	0.017429364936506177	0.02264343499679291
SC_RS40415	36.913768868082926	2.438436109323386	0.4203550262566735	1.1350004965595874e-9	2.920269944741939e-9
SC_RS40420	55.077258234437714	0.14028044500527853	0.26850367835441546	0.5890961364954119	0.6198622874596416
SC_RS40425	53.681028661895716	1.6028138280324609	0.3872725134790942	9.874106220073172e-6	1.7638483349520245e-5
SC_RS40430	174.2970653945283	5.423283528624796	0.4515922579149687	1.327078787505318e-33	1.0683273994611588e-32
SC_RS40435	56.29571670381082	1.3522797244322318	0.2935880108617011	1.711688910713767e-6	3.3076504265207856e-6
SC_RS40440	100.34398353026121	0.9120337904616352	0.23769900301197308	7.695031887107343e-5	1.2595597144401675e-4
SC_RS40445	18.628509508562917	4.005446394527662	0.6474562202657016	1.3232246685280667e-10	3.634062832672612e-10
SC_RS40450	19.708056899461358	0.7922505244295914	0.4401784820544012	0.04704011890743932	0.0581028202384351
SC_RS40455	193.90002027667302	-1.3032058578447923	0.2133879340794382	3.961011408991843e-10	1.0529379282590429e-9
SC_RS40460	215.92181778532793	0.7035594633933843	0.2210076772359041	0.0010768345077935581	0.0015862120776008186
SC_RS40465	236.8764002000895	-0.46323129915444605	0.19423883621971982	0.014899932766759005	0.019536291646884942
SC_RS40470	280.4926900461694	-0.39517669689576396	0.20911756119411581	0.05280641699133292	0.06478032255765911
SC_RS40475	120.87816931325561	-1.0916565859693577	0.22740923862886228	8.049665220217171e-7	1.6047102280043638e-6
SC_RS40480	15928.384373328814	2.636542648785155	0.20609004085583568	2.6685289439149763e-38	2.616719738354925e-37
SC_RS40485	141.08182124021639	0.908462720711206	0.29363738977574805	0.0012069981830797373	0.0017684094182455758
SC_RS40490	10.096674670212643	0.7644864584728704	0.5235206422003854	0.09268863667014711	0.11041777169719948
SC_RS40495	13.876568734813468	2.394941685194973	0.5998421481993472	1.0588983771179903e-5	1.8869784033030595e-5
SC_RS40500	35.02650101643513	0.7357381888563596	0.3324603132095169	0.018920151067018866	0.024485712365451308
SC_RS40505	12.23067792858856	1.623119074581566	0.6292139732598802	0.0029613828383063677	0.004202701510714233
SC_RS40510	40.38242006031767	1.4867060358415864	0.3468337821189152	6.5653576359032145e-6	1.1971549754488206e-5
SC_RS40515	19.96512858500904	1.2240215451897807	0.5059783882893866	0.006203039316362041	0.008475303301621955
SC_RS40520	21.03498517630981	1.710341197394339	0.4844699958402154	1.1831900164313028e-4	1.9083209057664977e-4
SC_RS40525	10.0493083328099	2.2896003153912963	0.699806300356239	2.0186249903989635e-4	3.195650639588226e-4
SC_RS40535	9.014401506715139	4.895715848787774	1.09979116414696	4.191233823432288e-6	7.779048128363878e-6
SC_RS40545	10.838437952849423	5.95105064625897	1.3634850203887066	5.580806532181503e-7	1.1308839617561529e-6
SC_RS40550	21.360053644869453	3.04476994906215	0.5238554697693368	1.2244817803682364e-9	3.1417288268738256e-9
SC_RS40575	17.99421090685811	2.570785660647393	0.5617964363394481	7.615219417894014e-7	1.5222181617660737e-6
SC_RS40585	10.403903826231547	4.146196981316569	0.8493481376015248	2.9619769535791586e-7	6.149104182345923e-7
SC_RS40590	16.547282902712315	2.8557768584627508	0.5564841297137788	4.1412482046930154e-8	9.381740172475052e-8
SC_RS40595	26.94180779526407	2.4548586576129563	0.47922963260729606	4.7246052733860566e-8	1.061642250752933e-7
SC_RS40600	68.76704621563539	3.2066298524535846	0.44268792549159824	5.269881648167804e-14	1.7528239636260435e-13
SC_RS40605	64.99936618312188	3.246396890603424	0.404603846335788	1.199569076646236e-16	4.519990991920974e-16
SC_RS40610	11.86741195282676	4.265313444944142	0.8462653839488888	1.4090127788758613e-7	3.0177346010544876e-7
SC_RS40615	19.59847010432029	5.109770990379629	0.8512365635232754	6.135510819666827e-10	1.612375509059985e-9
SC_RS40620	14.184645932589735	3.3721897971462798	0.7217911613021696	4.276287849375743e-7	8.754399389588209e-7
SC_RS40630	11.30363983698034	2.6444645283483843	0.6725689635841204	1.391540266585107e-5	2.4495626464069176e-5
SC_RS40635	20.41466561188057	2.8489370916977808	0.5650423002989031	6.591524090818162e-8	1.4543955309902194e-7
SC_RS40640	19.7467346560905	3.800178434464425	0.6613294624199337	1.4530236605787073e-9	3.702348470320452e-9
SC_RS40645	21.32230434801157	2.1110163695203403	0.4318191666537958	2.2810672570952575e-7	4.800396676318616e-7
SC_RS40650	52.9822237715311	0.4415435836030159	0.2763979505020172	0.09695338246108975	0.1153305762652163
SC_RS40655	55.485294471120056	-0.38929382443022614	0.2580160259871546	0.11780836634616165	0.13817701502093147
SC_RS40660	39.24569031411742	-0.19529113852436802	0.29937266502360665	0.4927607026337516	0.5260775186363522
SC_RS40665	26.543004401943453	-0.10922526322083627	0.32197399808162563	0.718903123379902	0.7424638139780669
SC_RS40670	4911.411507909309	4.905554021624739	0.2541877004410062	3.1372727326930696e-84	1.2641666191736993e-82
SC_RS40675	153.52796891319088	2.718857432323538	0.3471518641246576	9.20492993578045e-16	3.3387679953981823e-15
SC_RS40680	81.22101689474734	5.1767189611625	0.5511799808206364	3.714610215931812e-21	1.745795776436022e-20
SC_RS40685	69.15182947176694	4.207246405203722	0.45587511395527475	7.746868466960261e-21	3.590534762750784e-20
SC_RS40690	76.01364702307147	4.81420968240381	0.5486333372271465	9.993511931057828e-19	4.15401110369901e-18
SC_RS40695	101.85139810743507	-0.03315657142725734	0.23874443896063793	0.8854542276702863	0.8976270930493114
SC_RS40700	87.8947644985042	0.3166627406245038	0.24441534663129147	0.18208027732210685	0.20829350992448278
SC_RS40705	82.48274779633904	-0.9475382602779887	0.2576539485595473	1.3759245457651626e-4	2.2104722441116143e-4
SC_RS40710	25.644123744248372	0.09659456930473423	0.37452110429619145	0.7844795014663445	0.8054513845464807
SC_RS40715	32.344266094581606	0.39757121540376034	0.3370267043931033	0.2123743711071618	0.24052351597975904
SC_RS40720	15.745883301039761	0.41995947241289705	0.5072088148469873	0.34167849611322376	0.3745966741508938
SC_RS40725	22.55803916655477	0.456278327138896	0.3933196374529289	0.20918285156933406	0.23730989961111834
SC_RS40730	36.57737663430781	-0.09238337078937146	0.2946624692742471	0.7419866637718475	0.7646973666881347
SC_RS40735	57.285593553136536	0.22989807790367453	0.2813966206624373	0.3953297664449762	0.4291420135087965
SC_RS40740	146.0314354719315	3.424044958839273	0.28465665657944395	3.1325745030166173e-34	2.5723390184013958e-33
SC_RS40745	89.16429650044132	0.5890864577448512	0.23324927715942187	0.009381263790335334	0.012557168123059131
SC_RS40750	36.59428006165173	2.1362393849450205	0.4110061825066171	4.182236686247745e-8	9.468779037270761e-8
SC_RS40755	67.6180711130491	1.5115624658490048	0.29507041619675223	1.0087826642977856e-7	2.1891593191677077e-7
SC_RS40760	145.12308375287054	3.2218814598139423	0.2909727334637983	3.803200413783196e-29	2.5288367764866806e-28
SC_RS40765	74.73617067333211	4.365564535424893	0.4599228163632542	3.9244168665524423e-22	1.9253925465041724e-21
SC_RS40770	437.0811388023783	6.161638144519917	0.32811977286832533	1.7540895925856185e-79	6.17200609008839e-78
SC_RS40775	55.25886435813034	-0.15688492573478133	0.28537992677459384	0.5661132702110331	0.5978117219728136
SC_RS40780	45.06858697720628	0.13611936861200635	0.27956455940040537	0.6132630210166943	0.6432017918572273
SC_RS40785	11.880043939875627	3.1618664247341295	0.7000600210849072	1.0768826090763104e-6	2.1266556934463614e-6
SC_RS40790	443.22838366263983	2.697679568051106	0.2945256450083173	8.700061665842688e-21	4.014659244300624e-20
SC_RS40795	163.5282004261691	2.127531366707113	0.3394683990608272	7.681771128611301e-11	2.1489142755075774e-10
SC_RS40800	38.94053049881932	0.17678023109292879	0.4145688147830797	0.6437658355438021	0.6727790917375278
SC_RS40805	72.62987227876803	-0.5169280434204808	0.24089809102422965	0.026994228449096158	0.03430807317884093
SC_RS40810	21.532666008618342	3.8467587219323374	0.6137090502780324	8.906745729854973e-11	2.4784280381868137e-10
SC_RS40815	88.48611386944648	4.245619951309123	0.45057924635733265	1.8166896661355232e-21	8.637182203793262e-21
SC_RS40820	152.98505300251358	-1.091271734851483	0.23440990596350747	1.565495276678856e-6	3.0410859247180935e-6
SC_RS40825	147.49604621576393	-0.5805230947194692	0.22750869408829139	0.008559719696270184	0.011513931601659309
SC_RS40830	260.62536905205087	-0.7083425594371129	0.20274764486288696	3.465528645009012e-4	5.363023762496632e-4
SC_RS40835	204.6050944215353	-1.1182721640993387	0.20713302808521702	3.1696206415978894e-8	7.254122473973569e-8
SC_RS40840	47.450578749665546	-0.9182911816590582	0.28658433870296984	8.307080667921215e-4	0.0012380891213673124
SC_RS40845	137.33377266601107	-0.6195055955892386	0.20689628715911518	0.0021431255451414897	0.0030722021325570266
SC_RS40850	417.06761110883946	-0.2360040710567002	0.17659039482123795	0.17336336340282568	0.1990318296329498
SC_RS40855	96.0326704499848	0.27220730708476637	0.22922537552925082	0.22246983168306794	0.25099335049433036
SC_RS40860	17.798546087414675	-0.506930672275315	0.42568020604618584	0.1896127368343995	0.21637330879245772
SC_RS40865	33.33507677147486	3.8735506375288744	0.5451589090864476	1.7229444473451934e-13	5.596912931596236e-13
SC_RS40880	11.52128725684319	3.2336636770365392	0.6752308585996063	2.75561248172995e-7	5.743325732130202e-7
SC_RS40885	13.029397313510188	1.1335586338686445	0.5368969317461352	0.015134723815570522	0.019822993501956845
SC_RS40890	55.09771670433225	0.06818654449688452	0.3019046218337707	0.814959357636716	0.8334965746481476
SC_RS40895	45.41024918316116	0.284417925189581	0.3325588738600771	0.3676042400038813	0.4009931458267191
SC_RS40900	14.484148279004119	1.8536449995132043	0.6174686989228412	5.881180551152318e-4	8.870489953814112e-4
SC_RS40910	40.939546125764636	1.237748296171953	0.31792675857651126	4.4354716573733994e-5	7.419956443165029e-5
SC_RS40915	167.16489896228182	0.6375228362841897	0.21163420600067617	0.0020243962467609592	0.0029127605704615243
SC_RS40920	46.18021129086205	0.971418476054036	0.3022577837643875	7.529641098426615e-4	0.0011255538913399119
SC_RS40925	14.633227602809622	0.8658828478614651	0.4620075353192481	0.036311582273314894	0.04546809435955578
SC_RS40930	22.593947106743705	0.5695353759117021	0.35907270814455317	0.09019882619689393	0.10766043126835478
SC_RS40935	33.01388972453216	-0.779540665148649	0.3261224849687715	0.011485356337307304	0.015240780570686351
SC_RS40940	46.36026958966832	-1.2259638438681024	0.2876564949569348	8.874445087736866e-6	1.5933810099092196e-5
SC_RS40945	53.02139284507779	-2.420319180571729	0.3037256202747994	2.7786004054381865e-16	1.028584306711907e-15
SC_RS40950	45.2827172932483	-1.4125333331625949	0.3071012317079179	1.5654933896189853e-6	3.0410859247180935e-6
SC_RS40960	19.28528336234977	3.7984702892433737	0.6726413679740054	2.7080336049253375e-9	6.771461445479634e-9
SC_RS40965	9.564831871999793	1.6591634015407273	0.604888357333457	0.0016451649945652528	0.002387140234144859
SC_RS40975	59.102215926051436	0.7303385713115004	0.26799335246413414	0.004686852388506914	0.006479349364988749
SC_RS40980	118.36354037376461	3.3092808791234116	0.3498594399879009	4.519386148154658e-22	2.2070167851981755e-21
SC_RS40985	156.8533624012515	0.6924223862902383	0.23786726258017682	0.002684453916939511	0.003822197950089198
SC_RS40990	123.3421880169719	-0.8236320460473592	0.20518325757685352	3.9722785238817806e-5	6.686049266173077e-5
SC_RS40995	41.86179256694086	1.7548903861295508	0.37009013576071625	6.380912707989353e-7	1.2841935127923988e-6
SC_RS41005	16.83670945841546	1.9961097818543072	0.538521441699285	4.408759050762682e-5	7.376943326599505e-5
SC_RS41010	11.224917407756566	2.0924665629671013	0.6973639317583121	5.238530867648768e-4	7.946703686081466e-4
SC_RS41015	151.32589268636627	0.03857124854062986	0.2131583491917184	0.854317650635617	0.8691691991979912
SC_RS41020	122.81868634117215	-1.2231187820740157	0.21971999345332816	1.1976964550657848e-8	2.841638886632914e-8
SC_RS41030	19.546239612217757	1.928394877330066	0.5058848402461765	3.1273164736200406e-5	5.3258271770148226e-5
SC_RS41035	15.315010001683978	2.055204298088948	0.5348406798061032	2.738393591360244e-5	4.69711894456628e-5
SC_RS41040	12.922173644373334	2.2110239744606353	0.5624341845503367	1.75386919294279e-5	3.056731606892019e-5
SC_RS41045	29.769419833975146	1.5447012904042796	0.45304957102400056	1.879437838168848e-4	2.9862043996244526e-4
SC_RS41050	99.82347860778201	1.2346310889699872	0.2551696573416661	5.656275172768354e-7	1.1455471882448183e-6
SC_RS41055	18.55212594872876	0.7518192160631754	0.41578707933831743	0.04821407515819916	0.05945327595594659
SC_RS41060	112.2224536877262	0.428635765914038	0.24498136278632873	0.07101729502034627	0.08563884439575363
SC_RS41065	45.965677317604055	1.622512674044113	0.30553776895884216	3.236032389018825e-8	7.399225685775136e-8
SC_RS41080	504.7740182054995	3.38872220556062	0.3224586438235645	8.74154037938954e-27	5.215219964208614e-26
SC_RS41085	233.4453426002388	1.3270544504101807	0.22799417119663049	2.3157970348347086e-9	5.81631040016047e-9
SC_RS41090	12.125865972036905	2.1935183634080047	0.5747650082996689	2.8258885443438784e-5	4.8381941318764245e-5
SC_RS41115	27.103392768897955	0.2030741121407228	0.35880875725484895	0.5480772353506865	0.5807618240373563
SC_RS41120	35.56912020882977	0.15699798528966422	0.3258673600921356	0.614186540581275	0.6440573876914564
SC_RS41125	17.473919871675875	-0.8527846866832127	0.4558010211730634	0.03739383781897037	0.046728039328433744
SC_RS41130	37.75212878456052	-0.9374150709986931	0.380852083749894	0.008128074040519103	0.010959301147337331
SC_RS41135	22.31022209647605	1.1937275252541726	0.4387485640806459	0.0028635659096135375	0.004066230505967693
SC_RS41140	7.4255616130845725	1.3716956812017842	0.6611637459270473	0.012614556183416463	0.016679171112876635
SC_RS41145	39.0299865473354	1.9653398923754806	0.37361617983096307	3.347391461566328e-8	7.64200143578641e-8
SC_RS41150	14.638109372978382	1.3410582028018596	0.5787897596106734	0.007594122165659146	0.010280715412074636
SC_RS41155	82.8842160670479	2.9512618192265783	0.35765773757996594	3.7238043467850434e-17	1.4452280659575216e-16
SC_RS41170	9.217273476823534	2.7869663000613123	0.7511968000748702	4.18610480894919e-5	7.020317685056022e-5
SC_RS41175	18.06006318093834	1.0812459978330213	0.4705040260299633	0.010538761237889325	0.014045332616699057
SC_RS41180	128.48244660185046	1.017193898880959	0.23225414943661782	6.513050575657124e-6	1.1879108321764936e-5
SC_RS41190	41.121972573953926	-0.2965381056368123	0.28548929117978955	0.27874194832845917	0.309321764781649
SC_RS41195	160.57205773588646	0.7908028081892617	0.2791333454410592	0.0032042536392718765	0.004526468646741536
SC_RS41205	13.446593712975737	3.529509149070332	0.7000571886495016	7.917856301923694e-8	1.7371696629094113e-7
SC_RS41210	167.31026938738452	1.4411321404221753	0.22380380221798032	4.410972189358088e-11	1.255365068480376e-10
SC_RS41220	12.409819743807576	4.214037987778541	0.8610660375338748	2.508796859902893e-7	5.249678786868312e-7
SC_RS41225	63.211820666278705	-0.8201797161799915	0.2585356556114728	9.992657875154021e-4	0.0014781516383427433
SC_RS41230	25.30657094151584	0.5826196097850459	0.41615402996282663	0.12621087448576385	0.14721274730433767
SC_RS41235	51.54883221958094	3.1379067552641757	0.4282973329976595	5.013784804243933e-14	1.6691489456656779e-13
SC_RS41240	13.08138109433714	2.8356119340789028	0.6672490689628634	3.1029707421446895e-6	5.857989311975151e-6
SC_RS41245	13.549773549966668	3.682350734365697	0.7662031972290275	2.1711621760932693e-7	4.579562324517096e-7
SC_RS41250	13.023950241410777	2.349519519601559	0.5791373736205653	8.993357675219905e-6	1.6135527858168268e-5
SC_RS41255	12.83567936545824	0.8863439072462461	0.4887901138605182	0.04003924079148032	0.04986477986765342
SC_RS41260	35.333684494200874	0.8203183205297191	0.32344987565823	0.007518997078979732	0.010188365391473086
SC_RS41265	17.602158473061852	1.3909037917231897	0.5084158537237777	0.0022014950940034534	0.0031521989947925176
SC_RS41270	43.403869143691395	0.06098253483070282	0.28371699303539355	0.824297357991671	0.8419959437360551
SC_RS41275	12.618258278675954	3.4291436122487116	0.7418677123208379	6.476699093835105e-7	1.3016947156702118e-6
SC_RS41345	11.151733052702294	4.977978954075005	2.273298055995538	7.298312455747667e-5	1.1980800545120947e-4
SC_RS41350	16.980720670088303	6.066202314874996	2.3598995673221466	2.52562248292256e-6	4.8024600796985454e-6
SC_RS01870	9.823497660306224	2.6892668287438273	0.7484538570882198	4.7229223280368225e-5	7.879373132792654e-5
